MM:DD:YYYY hh:mm:ss,Library_Version,Session_Type,Device_Number,Battery_Voltage,Motor_Turns,FR,Event,Active_Poke,Left_Poke_Count,Right_Poke_Count,Pellet_Count,Block_Pellet_Count,Retrieval_Time,InterPelletInterval,Poke_Time
2025-11-12 16:34:50,1.17.2,PR1,18,4.03,,1,Left,Left,1,0,0,0,,,0.0
2025-11-12 16:36:52,1.17.2,PR1,18,4.03,,1,LeftWithPellet,Left,2,0,0,1,,,0.49
2025-11-12 16:37:31,1.17.2,PR1,18,4.03,,1,RightWithPellet,Left,2,1,0,1,,,0.12
2025-11-12 16:39:10,1.17.2,PR1,18,4.03,,1,LeftWithPellet,Left,3,1,0,1,,,0.14
2025-11-12 16:39:34,1.17.2,PR1,18,4.03,,1,RightWithPellet,Left,3,2,0,1,,,0.2
2025-11-12 16:39:37,1.17.2,PR1,18,4.03,,1,RightWithPellet,Left,3,3,0,1,,,0.09
2025-11-12 16:44:27,1.17.2,PR1,18,4.02,,1,RightWithPellet,Left,3,4,0,1,,,0.07
2025-11-12 16:44:53,1.17.2,PR1,18,4.03,,1,LeftWithPellet,Left,4,4,0,1,,,0.03
2025-11-12 16:44:55,1.17.2,PR1,18,4.03,,1,LeftWithPellet,Left,5,4,0,1,,,0.62
2025-11-12 16:45:00,1.17.2,PR1,18,4.03,,1,LeftWithPellet,Left,6,4,0,1,,,0.29
2025-11-12 16:51:39,1.17.2,PR1,18,4.03,1.0,1,Pellet,Left,6,4,1,1,,,
2025-11-12 17:02:01,1.17.2,PR1,18,4.03,,2,Right,Left,6,5,1,1,,,0.1
2025-11-12 17:02:03,1.17.2,PR1,18,4.02,,2,Right,Left,6,6,1,1,,,0.16
2025-11-12 17:06:14,1.17.2,PR1,18,4.03,,1,Left,Left,7,6,1,0,,,0.31
2025-11-12 17:06:16,1.17.2,PR1,18,4.03,1.0,1,Pellet,Left,7,6,2,1,1.01,877.0,
2025-11-12 17:06:29,1.17.2,PR1,18,4.03,,2,Left,Left,8,6,2,1,,,0.05
2025-11-12 17:09:40,1.17.2,PR1,18,4.03,,2,Right,Left,8,7,2,1,,,0.08
2025-11-12 17:58:56,1.17.2,PR1,18,4.03,,1,Right,Left,8,8,2,0,,,0.23
2025-11-12 17:59:01,1.17.2,PR1,18,4.02,,1,Right,Left,8,9,2,0,,,0.27
2025-11-12 17:59:03,1.17.2,PR1,18,4.03,,1,Right,Left,8,10,2,0,,,0.51
2025-11-12 17:59:06,1.17.2,PR1,18,4.03,,1,Right,Left,8,11,2,0,,,0.6
2025-11-12 17:59:09,1.17.2,PR1,18,4.02,,1,Right,Left,8,12,2,0,,,0.21
2025-11-12 17:59:11,1.17.2,PR1,18,4.03,,1,Right,Left,8,13,2,0,,,0.46
2025-11-12 17:59:13,1.17.2,PR1,18,4.02,,1,Right,Left,8,14,2,0,,,0.35
2025-11-12 17:59:17,1.17.2,PR1,18,4.03,,1,Left,Left,9,14,2,0,,,0.95
2025-11-12 17:59:17,1.17.2,PR1,18,4.03,,1,LeftDuringDispense,Left,10,14,2,1,,,0.14
2025-11-12 17:59:20,1.17.2,PR1,18,4.02,,1,LeftDuringDispense,Left,11,14,2,1,,,0.2
2025-11-12 17:59:20,1.17.2,PR1,18,4.02,,1,LeftDuringDispense,Left,12,14,2,1,,,0.18
2025-11-12 17:59:22,1.17.2,PR1,18,4.02,,1,LeftDuringDispense,Left,13,14,2,1,,,1.09
2025-11-12 17:59:24,1.17.2,PR1,18,4.02,,1,LeftDuringDispense,Left,14,14,2,1,,,0.2
2025-11-12 17:59:28,1.17.2,PR1,18,4.03,4.0,1,Pellet,Left,14,14,3,1,1.13,3192.0,
2025-11-12 17:59:43,1.17.2,PR1,18,4.02,,2,Left,Left,15,14,3,1,,,0.8
2025-11-12 17:59:45,1.17.2,PR1,18,4.03,,2,Left,Left,16,14,3,1,,,0.3
2025-11-12 17:59:46,1.17.2,PR1,18,4.03,1.0,2,Pellet,Left,16,14,4,2,0.23,18.0,
2025-11-12 17:59:54,1.17.2,PR1,18,4.03,,3,Left,Left,17,14,4,2,,,0.02
2025-11-12 17:59:55,1.17.2,PR1,18,4.03,,3,Left,Left,18,14,4,2,,,0.17
2025-11-12 17:59:57,1.17.2,PR1,18,4.02,,3,Left,Left,19,14,4,2,,,0.19
2025-11-12 17:59:58,1.17.2,PR1,18,4.03,1.0,3,Pellet,Left,19,14,5,3,0.17,12.0,
2025-11-12 18:00:06,1.17.2,PR1,18,4.03,,4,Right,Left,19,15,5,3,,,0.05
2025-11-12 18:00:08,1.17.2,PR1,18,4.03,,4,Right,Left,19,16,5,3,,,0.23
2025-11-12 18:00:10,1.17.2,PR1,18,4.03,,4,Right,Left,19,17,5,3,,,0.56
2025-11-12 18:00:12,1.17.2,PR1,18,4.02,,4,Right,Left,19,18,5,3,,,0.25
2025-11-12 18:00:13,1.17.2,PR1,18,4.03,,4,Right,Left,19,19,5,3,,,0.06
2025-11-12 18:00:14,1.17.2,PR1,18,4.03,,4,Right,Left,19,20,5,3,,,0.14
2025-11-12 18:00:15,1.17.2,PR1,18,4.03,,4,Right,Left,19,21,5,3,,,0.24
2025-11-12 18:00:22,1.17.2,PR1,18,4.02,,4,Right,Left,19,22,5,3,,,0.0
2025-11-12 18:00:23,1.17.2,PR1,18,4.03,,4,Right,Left,19,23,5,3,,,0.27
2025-11-12 18:01:04,1.17.2,PR1,18,4.03,,4,Left,Left,20,23,5,3,,,0.15
2025-11-12 18:15:06,1.17.2,PR1,18,4.03,,4,Left,Left,21,23,5,3,,,0.21
2025-11-12 18:15:08,1.17.2,PR1,18,4.02,,4,Right,Left,21,24,5,3,,,0.13
2025-11-12 18:15:10,1.17.2,PR1,18,4.03,,4,Right,Left,21,25,5,3,,,0.23
2025-11-12 18:15:12,1.17.2,PR1,18,4.02,,4,Left,Left,22,25,5,3,,,0.2
2025-11-12 18:15:13,1.17.2,PR1,18,4.03,,4,Left,Left,23,25,5,3,,,0.04
2025-11-12 18:15:14,1.17.2,PR1,18,4.03,1.0,4,Pellet,Left,23,25,6,4,0.17,916.0,
2025-11-12 18:15:29,1.17.2,PR1,18,4.03,,5,Right,Left,23,26,6,4,,,0.07
2025-11-12 18:15:32,1.17.2,PR1,18,4.03,,5,Left,Left,24,26,6,4,,,0.26
2025-11-12 18:15:36,1.17.2,PR1,18,4.03,,5,Left,Left,25,26,6,4,,,0.88
2025-11-12 18:15:38,1.17.2,PR1,18,4.03,,5,Left,Left,26,26,6,4,,,0.33
2025-11-12 18:15:42,1.17.2,PR1,18,4.03,,5,Left,Left,27,26,6,4,,,0.3
2025-11-12 18:15:43,1.17.2,PR1,18,4.03,,5,Left,Left,28,26,6,4,,,0.03
2025-11-12 18:15:44,1.17.2,PR1,18,4.03,1.0,5,Pellet,Left,28,26,7,5,0.35,30.0,
2025-11-12 18:15:51,1.17.2,PR1,18,4.02,,6,Left,Left,29,26,7,5,,,0.07
2025-11-12 18:15:53,1.17.2,PR1,18,4.03,,6,Left,Left,30,26,7,5,,,0.17
2025-11-12 18:15:56,1.17.2,PR1,18,4.02,,6,Left,Left,31,26,7,5,,,0.42
2025-11-12 18:15:57,1.17.2,PR1,18,4.02,,6,Left,Left,32,26,7,5,,,0.29
2025-11-12 18:15:59,1.17.2,PR1,18,4.03,,6,Left,Left,33,26,7,5,,,0.06
2025-11-12 18:16:01,1.17.2,PR1,18,4.03,,6,Left,Left,34,26,7,5,,,0.32
2025-11-12 18:16:01,1.17.2,PR1,18,4.03,,6,LeftDuringDispense,Left,35,26,7,6,,,0.05
2025-11-12 18:16:04,1.17.2,PR1,18,4.02,2.0,6,Pellet,Left,35,26,8,6,0.17,20.0,
2025-11-12 18:16:13,1.17.2,PR1,18,4.02,,7,Left,Left,36,26,8,6,,,0.09
2025-11-12 18:16:16,1.17.2,PR1,18,4.02,,7,Left,Left,37,26,8,6,,,0.32
2025-11-12 18:16:19,1.17.2,PR1,18,4.03,,7,Left,Left,38,26,8,6,,,0.94
2025-11-12 18:16:21,1.17.2,PR1,18,4.03,,7,Left,Left,39,26,8,6,,,0.17
2025-11-12 18:16:23,1.17.2,PR1,18,4.03,,7,Left,Left,40,26,8,6,,,0.15
2025-11-12 18:16:28,1.17.2,PR1,18,4.03,,7,Left,Left,41,26,8,6,,,0.95
2025-11-12 18:16:30,1.17.2,PR1,18,4.03,,7,Left,Left,42,26,8,6,,,0.4
2025-11-12 18:16:31,1.17.2,PR1,18,4.02,1.0,7,Pellet,Left,42,26,9,7,0.35,27.0,
2025-11-12 18:16:42,1.17.2,PR1,18,4.03,,8,Left,Left,43,26,9,7,,,0.07
2025-11-12 18:16:46,1.17.2,PR1,18,4.03,,8,Right,Left,43,27,9,7,,,0.53
2025-11-12 18:16:52,1.17.2,PR1,18,4.03,,8,Right,Left,43,28,9,7,,,0.28
2025-11-12 18:16:55,1.17.2,PR1,18,4.03,,8,Right,Left,43,29,9,7,,,0.23
2025-11-12 18:23:53,1.17.2,PR1,18,4.02,,8,Left,Left,44,29,9,7,,,0.11
2025-11-12 18:23:58,1.17.2,PR1,18,4.03,,8,Right,Left,44,30,9,7,,,0.29
2025-11-12 18:24:00,1.17.2,PR1,18,4.02,,8,Right,Left,44,31,9,7,,,0.03
2025-11-12 18:24:01,1.17.2,PR1,18,4.03,,8,Right,Left,44,32,9,7,,,0.15
2025-11-12 18:24:04,1.17.2,PR1,18,4.03,,8,Right,Left,44,33,9,7,,,0.31
2025-11-12 18:24:05,1.17.2,PR1,18,4.03,,8,Right,Left,44,34,9,7,,,0.27
2025-11-12 18:24:07,1.17.2,PR1,18,4.03,,8,Right,Left,44,35,9,7,,,0.71
2025-11-12 18:24:11,1.17.2,PR1,18,4.03,,8,Left,Left,45,35,9,7,,,0.23
2025-11-12 18:24:15,1.17.2,PR1,18,4.02,,8,Right,Left,45,36,9,7,,,0.77
2025-11-12 18:24:17,1.17.2,PR1,18,4.02,,8,Right,Left,45,37,9,7,,,0.32
2025-11-12 18:24:18,1.17.2,PR1,18,4.03,,8,Right,Left,45,38,9,7,,,0.25
2025-11-12 18:24:19,1.17.2,PR1,18,4.03,,8,Right,Left,45,39,9,7,,,0.33
2025-11-12 18:24:21,1.17.2,PR1,18,4.03,,8,Right,Left,45,40,9,7,,,0.32
2025-11-12 18:24:23,1.17.2,PR1,18,4.03,,8,Right,Left,45,41,9,7,,,0.21
2025-11-12 18:36:27,1.17.2,PR1,18,4.03,,8,Left,Left,46,41,9,7,,,0.2
2025-11-12 18:46:26,1.17.2,PR1,18,4.03,,8,Right,Left,46,42,9,7,,,0.06
2025-11-12 18:50:17,1.17.2,PR1,18,4.02,,8,Left,Left,47,42,9,7,,,0.12
2025-11-12 18:50:25,1.17.2,PR1,18,4.03,,8,Left,Left,48,42,9,7,,,0.07
2025-11-12 18:50:27,1.17.2,PR1,18,4.03,,8,Right,Left,48,43,9,7,,,0.12
2025-11-12 18:56:34,1.17.2,PR1,18,4.03,,8,Right,Left,48,44,9,7,,,0.19
2025-11-12 18:56:35,1.17.2,PR1,18,4.02,,8,Right,Left,48,45,9,7,,,0.06
2025-11-12 18:56:49,1.17.2,PR1,18,4.03,,8,Left,Left,49,45,9,7,,,0.11
2025-11-12 18:56:50,1.17.2,PR1,18,4.03,,8,Left,Left,50,45,9,7,,,0.15
2025-11-12 18:56:52,1.17.2,PR1,18,4.03,1.0,8,Pellet,Left,50,45,10,8,1.55,2421.0,
2025-11-12 18:56:58,1.17.2,PR1,18,4.02,,9,Left,Left,51,45,10,8,,,0.2
2025-11-12 18:57:00,1.17.2,PR1,18,4.02,,9,Left,Left,52,45,10,8,,,0.09
2025-11-12 18:57:03,1.17.2,PR1,18,4.03,,9,Left,Left,53,45,10,8,,,0.07
2025-11-12 19:05:31,1.17.2,PR1,18,4.03,,9,Right,Left,53,46,10,8,,,0.07
2025-11-12 19:05:32,1.17.2,PR1,18,4.03,,9,Right,Left,53,47,10,8,,,0.07
2025-11-12 19:05:35,1.17.2,PR1,18,4.02,,9,Right,Left,53,48,10,8,,,0.12
2025-11-12 19:05:37,1.17.2,PR1,18,4.03,,9,Left,Left,54,48,10,8,,,0.08
2025-11-12 19:09:34,1.17.2,PR1,18,4.03,,9,Right,Left,54,49,10,8,,,0.12
2025-11-12 19:09:36,1.17.2,PR1,18,4.02,,9,Right,Left,54,50,10,8,,,0.14
2025-11-12 19:09:38,1.17.2,PR1,18,4.02,,9,Right,Left,54,51,10,8,,,0.19
2025-11-12 19:09:40,1.17.2,PR1,18,4.03,,9,Right,Left,54,52,10,8,,,0.08
2025-11-12 19:09:41,1.17.2,PR1,18,4.02,,9,Right,Left,54,53,10,8,,,0.11
2025-11-12 19:09:43,1.17.2,PR1,18,4.02,,9,Right,Left,54,54,10,8,,,0.09
2025-11-12 19:09:45,1.17.2,PR1,18,4.03,,9,Left,Left,55,54,10,8,,,0.09
2025-11-12 19:09:48,1.17.2,PR1,18,4.01,,9,Left,Left,56,54,10,8,,,0.52
2025-11-12 19:09:50,1.17.2,PR1,18,4.03,,9,Left,Left,57,54,10,8,,,0.14
2025-11-12 19:09:51,1.17.2,PR1,18,4.03,,9,Left,Left,58,54,10,8,,,0.11
2025-11-12 19:12:45,1.17.2,PR1,18,4.02,,9,Left,Left,59,54,10,8,,,0.0
2025-11-12 19:12:46,1.17.2,PR1,18,4.02,1.0,9,Pellet,Left,59,54,11,9,0.23,954.0,
2025-11-12 19:12:56,1.17.2,PR1,18,4.03,,10,Left,Left,60,54,11,9,,,0.05
2025-11-12 19:12:58,1.17.2,PR1,18,4.02,,10,Left,Left,61,54,11,9,,,0.17
2025-11-12 19:13:01,1.17.2,PR1,18,4.03,,10,Left,Left,62,54,11,9,,,0.06
2025-11-12 19:13:04,1.17.2,PR1,18,4.03,,10,Left,Left,63,54,11,9,,,0.3
2025-11-12 19:13:11,1.17.2,PR1,18,4.03,,10,Left,Left,64,54,11,9,,,0.09
2025-11-12 19:13:13,1.17.2,PR1,18,4.02,,10,Left,Left,65,54,11,9,,,0.16
2025-11-12 19:19:18,1.17.2,PR1,18,4.03,,10,Right,Left,65,55,11,9,,,0.05
2025-11-12 19:19:19,1.17.2,PR1,18,4.02,,10,Right,Left,65,56,11,9,,,0.03
2025-11-12 19:19:21,1.17.2,PR1,18,4.02,,10,Right,Left,65,57,11,9,,,0.19
2025-11-12 19:19:24,1.17.2,PR1,18,4.03,,10,Right,Left,65,58,11,9,,,0.7
2025-11-12 19:19:27,1.17.2,PR1,18,4.03,,10,Right,Left,65,59,11,9,,,1.06
2025-11-12 19:19:28,1.17.2,PR1,18,4.02,,10,Right,Left,65,60,11,9,,,0.04
2025-11-12 19:23:08,1.17.2,PR1,18,4.03,,10,Left,Left,66,60,11,9,,,0.05
2025-11-12 19:23:40,1.17.2,PR1,18,4.02,,10,Right,Left,66,61,11,9,,,0.02
2025-11-12 19:23:42,1.17.2,PR1,18,4.02,,10,Right,Left,66,62,11,9,,,0.09
2025-11-12 19:25:24,1.17.2,PR1,18,4.02,,10,Right,Left,66,63,11,9,,,0.21
2025-11-12 19:25:27,1.17.2,PR1,18,4.03,,10,Right,Left,66,64,11,9,,,0.22
2025-11-12 19:25:28,1.17.2,PR1,18,4.03,,10,Right,Left,66,65,11,9,,,0.29
2025-11-12 19:25:30,1.17.2,PR1,18,4.03,,10,Right,Left,66,66,11,9,,,0.21
2025-11-12 19:25:32,1.17.2,PR1,18,4.02,,10,Right,Left,66,67,11,9,,,0.11
2025-11-12 19:26:39,1.17.2,PR1,18,4.02,,10,Right,Left,66,68,11,9,,,0.06
2025-11-12 19:26:41,1.17.2,PR1,18,4.03,,10,Right,Left,66,69,11,9,,,0.1
2025-11-12 19:26:42,1.17.2,PR1,18,4.02,,10,Right,Left,66,70,11,9,,,0.16
2025-11-12 19:26:44,1.17.2,PR1,18,4.02,,10,Right,Left,66,71,11,9,,,0.12
2025-11-12 19:27:12,1.17.2,PR1,18,4.02,,10,Left,Left,67,71,11,9,,,0.07
2025-11-12 19:30:15,1.17.2,PR1,18,4.03,,10,Right,Left,67,72,11,9,,,0.08
2025-11-12 19:30:40,1.17.2,PR1,18,4.03,,10,Left,Left,68,72,11,9,,,0.08
2025-11-12 19:30:46,1.17.2,PR1,18,4.03,,10,Left,Left,69,72,11,9,,,0.05
2025-11-12 19:30:47,1.17.2,PR1,18,4.02,1.0,10,Pellet,Left,69,72,12,10,0.17,1081.0,
2025-11-12 19:31:01,1.17.2,PR1,18,4.02,,11,Left,Left,70,72,12,10,,,0.12
2025-11-12 19:31:02,1.17.2,PR1,18,4.03,,11,Left,Left,71,72,12,10,,,0.1
2025-11-12 19:31:03,1.17.2,PR1,18,4.02,,11,Left,Left,72,72,12,10,,,0.24
2025-11-12 19:31:07,1.17.2,PR1,18,4.02,,11,Left,Left,73,72,12,10,,,0.08
2025-11-12 19:31:08,1.17.2,PR1,18,4.03,,11,Left,Left,74,72,12,10,,,0.02
2025-11-12 19:31:10,1.17.2,PR1,18,4.02,,11,Left,Left,75,72,12,10,,,0.21
2025-11-12 19:31:11,1.17.2,PR1,18,4.03,,11,Left,Left,76,72,12,10,,,0.13
2025-11-12 19:31:12,1.17.2,PR1,18,4.02,,11,Left,Left,77,72,12,10,,,0.2
2025-11-12 19:31:13,1.17.2,PR1,18,4.02,,11,Left,Left,78,72,12,10,,,0.14
2025-11-12 19:32:01,1.17.2,PR1,18,4.03,,11,Right,Left,78,73,12,10,,,0.12
2025-11-12 19:32:02,1.17.2,PR1,18,4.03,,11,Right,Left,78,74,12,10,,,0.29
2025-11-12 19:32:04,1.17.2,PR1,18,4.03,,11,Right,Left,78,75,12,10,,,0.2
2025-11-12 19:32:06,1.17.2,PR1,18,4.02,,11,Right,Left,78,76,12,10,,,0.03
2025-11-12 19:32:07,1.17.2,PR1,18,4.02,,11,Right,Left,78,77,12,10,,,0.25
2025-11-12 19:32:09,1.17.2,PR1,18,4.02,,11,Right,Left,78,78,12,10,,,0.11
2025-11-12 19:32:18,1.17.2,PR1,18,4.03,,11,Right,Left,78,79,12,10,,,0.16
2025-11-12 19:32:41,1.17.2,PR1,18,4.02,,11,Left,Left,79,79,12,10,,,0.06
2025-11-12 19:32:42,1.17.2,PR1,18,4.02,,11,Left,Left,80,79,12,10,,,0.17
2025-11-12 19:32:43,1.17.2,PR1,18,4.02,,11,LeftWithPellet,Left,81,79,12,11,,,0.02
2025-11-12 19:32:44,1.17.2,PR1,18,4.02,1.0,11,Pellet,Left,81,79,13,11,0.98,117.0,
2025-11-12 19:32:50,1.17.2,PR1,18,4.03,,12,Left,Left,82,79,13,11,,,0.05
2025-11-12 19:32:53,1.17.2,PR1,18,4.02,,12,Left,Left,83,79,13,11,,,0.17
2025-11-12 19:32:55,1.17.2,PR1,18,4.02,,12,Left,Left,84,79,13,11,,,0.04
2025-11-12 19:32:57,1.17.2,PR1,18,4.02,,12,Right,Left,84,80,13,11,,,0.33
2025-11-12 19:40:58,1.17.2,PR1,18,4.03,,12,Right,Left,84,81,13,11,,,0.0
2025-11-12 19:41:00,1.17.2,PR1,18,4.02,,12,Right,Left,84,82,13,11,,,0.01
2025-11-12 19:41:03,1.17.2,PR1,18,4.02,,12,Right,Left,84,83,13,11,,,0.15
2025-11-12 19:41:05,1.17.2,PR1,18,4.03,,12,Right,Left,84,84,13,11,,,0.26
2025-11-12 19:54:15,1.17.2,PR1,18,4.02,,12,Right,Left,84,85,13,11,,,0.13
2025-11-12 19:54:17,1.17.2,PR1,18,4.02,,12,Right,Left,84,86,13,11,,,0.13
2025-11-12 19:59:31,1.17.2,PR1,18,4.02,,12,Right,Left,84,87,13,11,,,0.22
2025-11-12 19:59:32,1.17.2,PR1,18,4.03,,12,Right,Left,84,88,13,11,,,0.23
2025-11-12 19:59:33,1.17.2,PR1,18,4.02,,12,Right,Left,84,89,13,11,,,0.21
2025-11-12 19:59:50,1.17.2,PR1,18,4.02,,12,Left,Left,85,89,13,11,,,0.21
2025-11-12 20:32:21,1.17.2,PR1,18,4.02,,1,Right,Left,85,90,13,0,,,0.1
2025-11-12 20:32:31,1.17.2,PR1,18,4.02,,1,Right,Left,85,91,13,0,,,0.11
2025-11-12 20:32:33,1.17.2,PR1,18,4.02,,1,Right,Left,85,92,13,0,,,0.27
2025-11-12 20:32:35,1.17.2,PR1,18,4.02,,1,Right,Left,85,93,13,0,,,0.18
2025-11-12 20:32:37,1.17.2,PR1,18,4.03,,1,Left,Left,86,93,13,0,,,0.03
2025-11-12 20:32:37,1.17.2,PR1,18,4.02,1.0,1,Pellet,Left,86,93,14,1,0.17,3593.0,
2025-11-12 20:33:00,1.17.2,PR1,18,4.02,,2,Left,Left,87,93,14,1,,,0.03
2025-11-12 20:33:01,1.17.2,PR1,18,4.03,,2,Left,Left,88,93,14,1,,,0.11
2025-11-12 20:33:02,1.17.2,PR1,18,4.02,1.0,2,Pellet,Left,88,93,15,2,0.23,25.0,
2025-11-12 20:33:19,1.17.2,PR1,18,4.02,,3,Left,Left,89,93,15,2,,,0.04
2025-11-12 20:33:21,1.17.2,PR1,18,4.03,,3,Left,Left,90,93,15,2,,,0.09
2025-11-12 20:33:24,1.17.2,PR1,18,4.02,,3,Left,Left,91,93,15,2,,,0.08
2025-11-12 20:33:25,1.17.2,PR1,18,4.03,1.0,3,Pellet,Left,91,93,16,3,0.23,23.0,
2025-11-12 20:33:36,1.17.2,PR1,18,4.02,,4,Left,Left,92,93,16,3,,,0.26
2025-11-12 20:33:38,1.17.2,PR1,18,4.02,,4,Left,Left,93,93,16,3,,,0.04
2025-11-12 20:33:40,1.17.2,PR1,18,4.02,,4,Left,Left,94,93,16,3,,,0.05
2025-11-12 20:33:43,1.17.2,PR1,18,4.03,,4,Left,Left,95,93,16,3,,,0.07
2025-11-12 20:33:44,1.17.2,PR1,18,4.02,1.0,4,Pellet,Left,95,93,17,4,0.23,19.0,
2025-11-12 20:33:54,1.17.2,PR1,18,4.02,,5,Left,Left,96,93,17,4,,,0.04
2025-11-12 20:33:55,1.17.2,PR1,18,4.02,,5,Left,Left,97,93,17,4,,,0.03
2025-11-12 20:33:57,1.17.2,PR1,18,4.02,,5,Left,Left,98,93,17,4,,,0.08
2025-11-12 20:33:59,1.17.2,PR1,18,4.02,,5,Left,Left,99,93,17,4,,,0.12
2025-11-12 20:34:07,1.17.2,PR1,18,4.02,,5,Right,Left,99,94,17,4,,,0.97
2025-11-12 20:34:10,1.17.2,PR1,18,4.02,,5,Right,Left,99,95,17,4,,,0.26
2025-11-12 20:34:11,1.17.2,PR1,18,4.02,,5,Right,Left,99,96,17,4,,,0.72
2025-11-12 20:34:12,1.17.2,PR1,18,4.02,,5,Right,Left,99,97,17,4,,,0.18
2025-11-12 20:34:14,1.17.2,PR1,18,4.02,,5,Right,Left,99,98,17,4,,,0.29
2025-11-12 20:34:20,1.17.2,PR1,18,4.02,,5,Left,Left,100,98,17,4,,,0.57
2025-11-12 20:34:22,1.17.2,PR1,18,4.02,1.0,5,Pellet,Left,100,98,18,5,0.83,38.0,
2025-11-12 20:34:29,1.17.2,PR1,18,4.02,,6,Left,Left,101,98,18,5,,,0.13
2025-11-12 20:34:32,1.17.2,PR1,18,4.02,,6,Left,Left,102,98,18,5,,,0.77
2025-11-12 20:34:34,1.17.2,PR1,18,4.02,,6,Left,Left,103,98,18,5,,,0.12
2025-11-12 20:34:34,1.17.2,PR1,18,4.02,,6,Left,Left,104,98,18,5,,,0.05
2025-11-12 20:34:36,1.17.2,PR1,18,4.02,,6,Left,Left,105,98,18,5,,,0.72
2025-11-12 20:34:38,1.17.2,PR1,18,4.03,,6,Left,Left,106,98,18,5,,,0.14
2025-11-12 20:34:39,1.17.2,PR1,18,4.03,1.0,6,Pellet,Left,106,98,19,6,0.17,17.0,
2025-11-12 20:34:55,1.17.2,PR1,18,4.02,,7,Left,Left,107,98,19,6,,,0.24
2025-11-12 20:35:00,1.17.2,PR1,18,4.02,,7,Right,Left,107,99,19,6,,,0.09
2025-11-12 20:35:01,1.17.2,PR1,18,4.02,,7,Right,Left,107,100,19,6,,,0.14
2025-11-12 20:35:31,1.17.2,PR1,18,4.02,,7,Left,Left,108,100,19,6,,,0.28
2025-11-12 20:35:32,1.17.2,PR1,18,4.02,,7,Left,Left,109,100,19,6,,,0.35
2025-11-12 20:35:33,1.17.2,PR1,18,4.02,,7,Left,Left,110,100,19,6,,,0.11
2025-11-12 20:35:35,1.17.2,PR1,18,4.02,,7,Left,Left,111,100,19,6,,,0.05
2025-11-12 20:35:36,1.17.2,PR1,18,4.02,,7,Left,Left,112,100,19,6,,,0.13
2025-11-12 20:35:38,1.17.2,PR1,18,4.02,,7,Left,Left,113,100,19,6,,,0.13
2025-11-12 20:35:39,1.17.2,PR1,18,4.02,1.0,7,Pellet,Left,113,100,20,7,0.71,60.0,
2025-11-12 20:35:53,1.17.2,PR1,18,4.02,,8,Left,Left,114,100,20,7,,,0.07
2025-11-12 20:35:55,1.17.2,PR1,18,4.02,,8,Left,Left,115,100,20,7,,,0.36
2025-11-12 20:35:57,1.17.2,PR1,18,4.02,,8,Left,Left,116,100,20,7,,,0.49
2025-11-12 20:35:59,1.17.2,PR1,18,4.02,,8,Left,Left,117,100,20,7,,,0.35
2025-11-12 20:36:01,1.17.2,PR1,18,4.03,,8,Left,Left,118,100,20,7,,,0.36
2025-11-12 20:36:04,1.17.2,PR1,18,4.03,,8,Left,Left,119,100,20,7,,,0.19
2025-11-12 20:36:25,1.17.2,PR1,18,4.02,,8,Right,Left,119,101,20,7,,,0.01
2025-11-12 20:36:27,1.17.2,PR1,18,4.03,,8,Right,Left,119,102,20,7,,,0.1
2025-11-12 20:38:45,1.17.2,PR1,18,4.02,,8,Right,Left,119,103,20,7,,,0.06
2025-11-12 20:38:47,1.17.2,PR1,18,4.02,,8,Right,Left,119,104,20,7,,,0.62
2025-11-12 20:38:49,1.17.2,PR1,18,4.02,,8,Right,Left,119,105,20,7,,,0.49
2025-11-12 20:38:50,1.17.2,PR1,18,4.03,,8,Right,Left,119,106,20,7,,,0.47
2025-11-12 20:38:52,1.17.2,PR1,18,4.02,,8,Right,Left,119,107,20,7,,,0.54
2025-11-12 20:38:55,1.17.2,PR1,18,4.02,,8,Left,Left,120,107,20,7,,,0.29
2025-11-12 20:38:57,1.17.2,PR1,18,4.02,,8,Left,Left,121,107,20,7,,,0.08
2025-11-12 20:38:58,1.17.2,PR1,18,4.02,1.0,8,Pellet,Left,121,107,21,8,0.35,199.0,
2025-11-12 20:39:08,1.17.2,PR1,18,4.02,,9,Left,Left,122,107,21,8,,,0.05
2025-11-12 20:39:58,1.17.2,PR1,18,4.02,,9,Left,Left,123,107,21,8,,,0.01
2025-11-12 20:48:04,1.17.2,PR1,18,4.02,,9,Right,Left,123,108,21,8,,,0.05
2025-11-12 20:48:05,1.17.2,PR1,18,4.02,,9,Right,Left,123,109,21,8,,,0.1
2025-11-12 20:48:12,1.17.2,PR1,18,4.02,,9,Right,Left,123,110,21,8,,,0.18
2025-11-12 20:48:15,1.17.2,PR1,18,4.02,,9,Right,Left,123,111,21,8,,,0.07
2025-11-12 20:48:45,1.17.2,PR1,18,4.02,,9,Left,Left,124,111,21,8,,,0.05
2025-11-12 20:48:47,1.17.2,PR1,18,4.02,,9,Left,Left,125,111,21,8,,,0.06
2025-11-12 20:48:49,1.17.2,PR1,18,4.03,,9,Left,Left,126,111,21,8,,,0.46
2025-11-12 20:48:50,1.17.2,PR1,18,4.02,,9,Left,Left,127,111,21,8,,,0.06
2025-11-12 20:58:07,1.17.2,PR1,18,4.02,,9,Left,Left,128,111,21,8,,,0.04
2025-11-12 20:58:09,1.17.2,PR1,18,4.02,,9,Left,Left,129,111,21,8,,,0.06
2025-11-12 20:59:22,1.17.2,PR1,18,4.03,,9,Right,Left,129,112,21,8,,,0.4
2025-11-12 20:59:24,1.17.2,PR1,18,4.02,,9,Right,Left,129,113,21,8,,,0.16
2025-11-12 20:59:26,1.17.2,PR1,18,4.02,,9,Right,Left,129,114,21,8,,,0.17
2025-11-12 20:59:28,1.17.2,PR1,18,4.03,,9,Right,Left,129,115,21,8,,,0.21
2025-11-12 20:59:57,1.17.2,PR1,18,4.02,,9,Right,Left,129,116,21,8,,,0.03
2025-11-12 21:02:08,1.17.2,PR1,18,4.02,,9,Right,Left,129,117,21,8,,,0.08
2025-11-12 21:02:10,1.17.2,PR1,18,4.02,,9,Right,Left,129,118,21,8,,,0.07
2025-11-12 21:02:12,1.17.2,PR1,18,4.02,,9,Right,Left,129,119,21,8,,,0.3
2025-11-12 21:02:15,1.17.2,PR1,18,4.02,,9,Left,Left,130,119,21,8,,,0.08
2025-11-12 21:02:17,1.17.2,PR1,18,4.02,1.0,9,Pellet,Left,130,119,22,9,0.59,1399.0,
2025-11-12 21:02:29,1.17.2,PR1,18,4.02,,10,Left,Left,131,119,22,9,,,0.25
2025-11-12 21:02:35,1.17.2,PR1,18,4.02,,10,Left,Left,132,119,22,9,,,0.03
2025-11-12 21:02:44,1.17.2,PR1,18,4.02,,10,Left,Left,133,119,22,9,,,0.04
2025-11-12 21:02:45,1.17.2,PR1,18,4.02,,10,Left,Left,134,119,22,9,,,0.04
2025-11-12 21:02:46,1.17.2,PR1,18,4.02,,10,Left,Left,135,119,22,9,,,0.06
2025-11-12 21:05:58,1.17.2,PR1,18,4.03,,10,Right,Left,135,120,22,9,,,0.1
2025-11-12 21:06:01,1.17.2,PR1,18,4.03,,10,Right,Left,135,121,22,9,,,0.51
2025-11-12 21:06:03,1.17.2,PR1,18,4.03,,10,Right,Left,135,122,22,9,,,0.27
2025-11-12 21:06:05,1.17.2,PR1,18,4.02,,10,Right,Left,135,123,22,9,,,0.3
2025-11-12 21:06:06,1.17.2,PR1,18,4.02,,10,Right,Left,135,124,22,9,,,0.24
2025-11-12 21:06:12,1.17.2,PR1,18,4.02,,10,Left,Left,136,124,22,9,,,0.05
2025-11-12 21:06:16,1.17.2,PR1,18,4.02,,10,Right,Left,136,125,22,9,,,0.09
2025-11-12 21:34:33,1.17.2,PR1,18,4.03,,10,Right,Left,136,126,22,9,,,0.11
2025-11-12 21:34:36,1.17.2,PR1,18,4.02,,10,Right,Left,136,127,22,9,,,0.45
2025-11-12 21:34:41,1.17.2,PR1,18,4.02,,10,Left,Left,137,127,22,9,,,0.14
2025-11-12 21:34:42,1.17.2,PR1,18,4.02,,10,Left,Left,138,127,22,9,,,0.1
2025-11-12 21:34:44,1.17.2,PR1,18,4.03,,10,Left,Left,139,127,22,9,,,0.47
2025-11-12 21:34:47,1.17.2,PR1,18,4.02,,10,Left,Left,140,127,22,9,,,0.31
2025-11-12 21:34:48,1.17.2,PR1,18,4.02,1.0,10,Pellet,Left,140,127,23,10,0.17,1951.0,
2025-11-12 21:35:14,1.17.2,PR1,18,4.02,,11,Left,Left,141,127,23,10,,,0.06
2025-11-12 21:35:15,1.17.2,PR1,18,4.02,,11,Left,Left,142,127,23,10,,,0.37
2025-11-12 21:35:18,1.17.2,PR1,18,4.03,,11,Left,Left,143,127,23,10,,,0.72
2025-11-12 21:35:19,1.17.2,PR1,18,4.02,,11,Left,Left,144,127,23,10,,,0.03
2025-11-12 21:35:22,1.17.2,PR1,18,4.02,,11,Left,Left,145,127,23,10,,,0.24
2025-11-12 21:35:23,1.17.2,PR1,18,4.02,,11,Left,Left,146,127,23,10,,,0.2
2025-11-12 21:35:27,1.17.2,PR1,18,4.02,,11,Left,Left,147,127,23,10,,,0.67
2025-11-12 21:35:29,1.17.2,PR1,18,4.02,,11,Left,Left,148,127,23,10,,,0.5
2025-11-12 21:35:31,1.17.2,PR1,18,4.03,,11,Left,Left,149,127,23,10,,,0.1
2025-11-12 21:35:34,1.17.2,PR1,18,4.02,,11,Right,Left,149,128,23,10,,,0.33
2025-11-12 21:35:34,1.17.2,PR1,18,4.02,,11,Right,Left,149,129,23,10,,,0.1
2025-11-12 21:35:35,1.17.2,PR1,18,4.02,,11,Right,Left,149,130,23,10,,,0.0
2025-11-12 21:35:37,1.17.2,PR1,18,4.02,,11,Right,Left,149,131,23,10,,,0.2
2025-11-12 21:35:38,1.17.2,PR1,18,4.03,,11,Right,Left,149,132,23,10,,,0.12
2025-11-12 21:35:44,1.17.2,PR1,18,4.02,,11,Right,Left,149,133,23,10,,,0.0
2025-11-12 21:36:24,1.17.2,PR1,18,4.02,,11,Right,Left,149,134,23,10,,,0.06
2025-11-12 21:36:26,1.17.2,PR1,18,4.02,,11,Right,Left,149,135,23,10,,,0.66
2025-11-12 21:36:28,1.17.2,PR1,18,4.02,,11,Right,Left,149,136,23,10,,,0.7
2025-11-12 21:36:31,1.17.2,PR1,18,4.02,,11,Left,Left,150,136,23,10,,,0.4
2025-11-12 21:36:33,1.17.2,PR1,18,4.02,,11,Left,Left,151,136,23,10,,,0.55
2025-11-12 21:36:34,1.17.2,PR1,18,4.02,1.0,11,Pellet,Left,151,136,24,11,0.47,106.0,
2025-11-12 21:36:41,1.17.2,PR1,18,4.03,,12,Left,Left,152,136,24,11,,,0.23
2025-11-12 21:36:46,1.17.2,PR1,18,4.02,,12,Left,Left,153,136,24,11,,,0.07
2025-11-12 21:36:50,1.17.2,PR1,18,4.02,,12,Right,Left,153,137,24,11,,,0.1
2025-11-12 21:36:57,1.17.2,PR1,18,4.02,,12,Left,Left,154,137,24,11,,,0.04
2025-11-12 21:37:03,1.17.2,PR1,18,4.02,,12,Right,Left,154,138,24,11,,,0.17
2025-11-12 21:37:05,1.17.2,PR1,18,4.03,,12,Right,Left,154,139,24,11,,,0.32
2025-11-12 21:37:08,1.17.2,PR1,18,4.02,,12,Right,Left,154,140,24,11,,,0.19
2025-11-12 21:43:09,1.17.2,PR1,18,4.02,,12,Right,Left,154,141,24,11,,,0.34
2025-11-12 21:43:11,1.17.2,PR1,18,4.03,,12,Right,Left,154,142,24,11,,,0.37
2025-11-12 21:43:13,1.17.2,PR1,18,4.02,,12,Right,Left,154,143,24,11,,,0.06
2025-11-12 21:43:17,1.17.2,PR1,18,4.02,,12,Right,Left,154,144,24,11,,,0.21
2025-11-12 21:43:19,1.17.2,PR1,18,4.02,,12,Right,Left,154,145,24,11,,,0.27
2025-11-12 21:43:22,1.17.2,PR1,18,4.02,,12,Right,Left,154,146,24,11,,,0.19
2025-11-12 21:43:24,1.17.2,PR1,18,4.02,,12,Right,Left,154,147,24,11,,,0.22
2025-11-12 21:44:42,1.17.2,PR1,18,4.02,,12,Right,Left,154,148,24,11,,,0.07
2025-11-12 21:44:44,1.17.2,PR1,18,4.02,,12,Right,Left,154,149,24,11,,,0.24
2025-11-12 21:44:45,1.17.2,PR1,18,4.02,,12,Right,Left,154,150,24,11,,,0.2
2025-11-12 21:44:46,1.17.2,PR1,18,4.02,,12,Right,Left,154,151,24,11,,,0.11
2025-11-12 21:44:49,1.17.2,PR1,18,4.02,,12,Right,Left,154,152,24,11,,,0.05
2025-11-12 21:45:34,1.17.2,PR1,18,4.02,,12,Right,Left,154,153,24,11,,,0.1
2025-11-12 21:45:35,1.17.2,PR1,18,4.02,,12,Right,Left,154,154,24,11,,,0.75
2025-11-12 21:45:37,1.17.2,PR1,18,4.02,,12,Right,Left,154,155,24,11,,,0.22
2025-11-12 21:45:39,1.17.2,PR1,18,4.02,,12,Right,Left,154,156,24,11,,,0.19
2025-11-12 21:45:41,1.17.2,PR1,18,4.02,,12,Right,Left,154,157,24,11,,,0.63
2025-11-12 21:45:43,1.17.2,PR1,18,4.02,,12,Right,Left,154,158,24,11,,,0.27
2025-11-12 21:45:48,1.17.2,PR1,18,4.02,,12,Left,Left,155,158,24,11,,,0.09
2025-11-12 21:45:50,1.17.2,PR1,18,4.02,,12,Left,Left,156,158,24,11,,,0.14
2025-11-12 21:45:55,1.17.2,PR1,18,4.02,,12,Right,Left,156,159,24,11,,,0.08
2025-11-12 21:45:56,1.17.2,PR1,18,4.02,,12,Right,Left,156,160,24,11,,,0.0
2025-11-12 21:55:13,1.17.2,PR1,18,4.03,,12,Right,Left,156,161,24,11,,,0.03
2025-11-12 21:55:16,1.17.2,PR1,18,4.02,,12,Right,Left,156,162,24,11,,,0.08
2025-11-12 21:55:20,1.17.2,PR1,18,4.02,,12,Right,Left,156,163,24,11,,,0.15
2025-11-12 21:55:21,1.17.2,PR1,18,4.02,,12,Right,Left,156,164,24,11,,,0.0
2025-11-12 21:55:23,1.17.2,PR1,18,4.02,,12,Right,Left,156,165,24,11,,,0.13
2025-11-12 21:57:54,1.17.2,PR1,18,4.03,,12,Right,Left,156,166,24,11,,,0.02
2025-11-12 21:57:57,1.17.2,PR1,18,4.02,,12,Left,Left,157,166,24,11,,,0.2
2025-11-12 21:57:59,1.17.2,PR1,18,4.02,,12,Left,Left,158,166,24,11,,,0.13
2025-11-12 21:58:01,1.17.2,PR1,18,4.02,,12,Left,Left,159,166,24,11,,,0.26
2025-11-12 21:58:02,1.17.2,PR1,18,4.02,,12,Left,Left,160,166,24,11,,,0.1
2025-11-12 21:58:03,1.17.2,PR1,18,4.02,,12,Left,Left,161,166,24,11,,,0.08
2025-11-12 21:58:05,1.17.2,PR1,18,4.02,,12,Left,Left,162,166,24,11,,,0.5
2025-11-12 21:58:07,1.17.2,PR1,18,4.02,,12,Left,Left,163,166,24,11,,,0.28
2025-11-12 21:58:07,1.17.2,PR1,18,4.02,1.0,12,Pellet,Left,163,166,25,12,0.17,1293.0,
2025-11-12 21:58:17,1.17.2,PR1,18,4.02,,13,Right,Left,163,167,25,12,,,0.15
2025-11-12 21:58:20,1.17.2,PR1,18,4.02,,13,Right,Left,163,168,25,12,,,0.72
2025-11-12 21:58:21,1.17.2,PR1,18,4.02,,13,Right,Left,163,169,25,12,,,0.26
2025-11-12 21:58:22,1.17.2,PR1,18,4.02,,13,Right,Left,163,170,25,12,,,0.37
2025-11-12 21:58:26,1.17.2,PR1,18,4.02,,13,Right,Left,163,171,25,12,,,0.1
2025-11-12 21:58:30,1.17.2,PR1,18,4.02,,13,Right,Left,163,172,25,12,,,0.01
2025-11-12 21:58:32,1.17.2,PR1,18,4.02,,13,Right,Left,163,173,25,12,,,0.03
2025-11-12 21:58:35,1.17.2,PR1,18,4.02,,13,Right,Left,163,174,25,12,,,0.09
2025-11-12 21:58:39,1.17.2,PR1,18,4.02,,13,Left,Left,164,174,25,12,,,0.03
2025-11-12 21:58:41,1.17.2,PR1,18,4.02,,13,Left,Left,165,174,25,12,,,0.3
2025-11-12 21:58:43,1.17.2,PR1,18,4.02,,13,Left,Left,166,174,25,12,,,0.74
2025-11-12 21:58:45,1.17.2,PR1,18,4.02,,13,Left,Left,167,174,25,12,,,0.36
2025-11-12 21:58:56,1.17.2,PR1,18,4.02,,13,Right,Left,167,175,25,12,,,0.09
2025-11-12 21:58:58,1.17.2,PR1,18,4.02,,13,Right,Left,167,176,25,12,,,0.52
2025-11-12 21:58:59,1.17.2,PR1,18,4.02,,13,Right,Left,167,177,25,12,,,0.17
2025-11-12 21:59:09,1.17.2,PR1,18,4.02,,13,Right,Left,167,178,25,12,,,0.17
2025-11-12 21:59:11,1.17.2,PR1,18,4.02,,13,Right,Left,167,179,25,12,,,0.66
2025-11-12 21:59:18,1.17.2,PR1,18,4.02,,13,Right,Left,167,180,25,12,,,0.26
2025-11-12 21:59:19,1.17.2,PR1,18,4.02,,13,Right,Left,167,181,25,12,,,0.29
2025-11-12 21:59:24,1.17.2,PR1,18,4.02,,13,Left,Left,168,181,25,12,,,0.16
2025-11-12 21:59:25,1.17.2,PR1,18,4.02,,13,Left,Left,169,181,25,12,,,0.19
2025-11-12 21:59:27,1.17.2,PR1,18,4.02,,13,Left,Left,170,181,25,12,,,0.46
2025-11-12 21:59:29,1.17.2,PR1,18,4.02,,13,Left,Left,171,181,25,12,,,0.11
2025-11-12 21:59:30,1.17.2,PR1,18,4.02,,13,Left,Left,172,181,25,12,,,0.26
2025-11-12 21:59:32,1.17.2,PR1,18,4.02,,13,Left,Left,173,181,25,12,,,0.38
2025-11-12 21:59:34,1.17.2,PR1,18,4.03,,13,Left,Left,174,181,25,12,,,0.26
2025-11-12 21:59:39,1.17.2,PR1,18,4.02,,13,Left,Left,175,181,25,12,,,0.46
2025-11-12 22:07:27,1.17.2,PR1,18,4.02,,13,Left,Left,176,181,25,12,,,0.17
2025-11-12 22:07:28,1.17.2,PR1,18,4.02,1.0,13,Pellet,Left,176,181,26,13,0.29,561.0,
2025-11-12 22:07:36,1.17.2,PR1,18,4.02,,14,Left,Left,177,181,26,13,,,0.14
2025-11-12 22:07:38,1.17.2,PR1,18,4.02,,14,Left,Left,178,181,26,13,,,0.14
2025-11-12 22:23:58,1.17.2,PR1,18,4.02,,14,Right,Left,178,182,26,13,,,0.05
2025-11-12 22:24:00,1.17.2,PR1,18,4.02,,14,Right,Left,178,183,26,13,,,0.2
2025-11-12 22:24:01,1.17.2,PR1,18,4.02,,14,Right,Left,178,184,26,13,,,0.18
2025-11-12 22:32:23,1.17.2,PR1,18,4.02,,14,Left,Left,179,184,26,13,,,0.2
2025-11-12 22:32:24,1.17.2,PR1,18,4.02,,14,Left,Left,180,184,26,13,,,0.13
2025-11-12 22:32:26,1.17.2,PR1,18,4.02,,14,Left,Left,181,184,26,13,,,0.2
2025-11-12 22:32:29,1.17.2,PR1,18,4.02,,14,Left,Left,182,184,26,13,,,0.08
2025-11-12 22:40:00,1.17.2,PR1,18,4.02,,14,Left,Left,183,184,26,13,,,0.01
2025-11-12 22:40:02,1.17.2,PR1,18,4.02,,14,Left,Left,184,184,26,13,,,0.04
2025-11-12 22:40:05,1.17.2,PR1,18,4.02,,14,Left,Left,185,184,26,13,,,0.3
2025-11-12 22:40:08,1.17.2,PR1,18,4.02,,14,Left,Left,186,184,26,13,,,0.71
2025-11-12 22:40:11,1.17.2,PR1,18,4.02,,14,Left,Left,187,184,26,13,,,0.24
2025-11-12 22:40:12,1.17.2,PR1,18,4.02,,14,Left,Left,188,184,26,13,,,0.14
2025-11-12 22:40:14,1.17.2,PR1,18,4.02,,14,Left,Left,189,184,26,13,,,0.26
2025-11-12 22:40:17,1.17.2,PR1,18,4.02,,14,Left,Left,190,184,26,13,,,0.18
2025-11-12 22:40:18,1.17.2,PR1,18,4.02,1.0,14,Pellet,Left,190,184,27,14,0.53,1970.0,
2025-11-12 22:40:27,1.17.2,PR1,18,4.02,,15,Left,Left,191,184,27,14,,,0.15
2025-11-12 22:40:29,1.17.2,PR1,18,4.02,,15,Left,Left,192,184,27,14,,,0.14
2025-11-12 22:40:31,1.17.2,PR1,18,4.02,,15,Left,Left,193,184,27,14,,,0.35
2025-11-12 22:40:33,1.17.2,PR1,18,4.02,,15,Left,Left,194,184,27,14,,,0.46
2025-11-12 22:40:35,1.17.2,PR1,18,4.02,,15,Left,Left,195,184,27,14,,,0.04
2025-11-12 22:40:39,1.17.2,PR1,18,4.02,,15,Left,Left,196,184,27,14,,,0.04
2025-11-12 22:41:10,1.17.2,PR1,18,4.02,,15,Right,Left,196,185,27,14,,,0.17
2025-11-12 22:41:11,1.17.2,PR1,18,4.02,,15,Right,Left,196,186,27,14,,,0.2
2025-11-12 22:41:13,1.17.2,PR1,18,4.02,,15,Right,Left,196,187,27,14,,,0.26
2025-11-12 22:41:14,1.17.2,PR1,18,4.02,,15,Right,Left,196,188,27,14,,,0.29
2025-11-12 22:41:15,1.17.2,PR1,18,4.02,,15,Right,Left,196,189,27,14,,,0.21
2025-11-12 22:41:17,1.17.2,PR1,18,4.02,,15,Right,Left,196,190,27,14,,,0.2
2025-11-12 22:41:19,1.17.2,PR1,18,4.02,,15,Left,Left,197,190,27,14,,,0.07
2025-11-12 22:41:20,1.17.2,PR1,18,4.02,,15,Left,Left,198,190,27,14,,,0.2
2025-11-12 22:41:22,1.17.2,PR1,18,4.02,,15,Left,Left,199,190,27,14,,,0.14
2025-11-12 22:41:24,1.17.2,PR1,18,4.02,,15,Left,Left,200,190,27,14,,,0.11
2025-11-12 22:41:26,1.17.2,PR1,18,4.02,,15,Left,Left,201,190,27,14,,,0.21
2025-11-12 22:42:40,1.17.2,PR1,18,4.02,,15,Right,Left,201,191,27,14,,,0.04
2025-11-12 22:42:44,1.17.2,PR1,18,4.02,,15,Right,Left,201,192,27,14,,,0.11
2025-11-12 22:42:46,1.17.2,PR1,18,4.02,,15,Right,Left,201,193,27,14,,,0.12
2025-11-12 22:43:11,1.17.2,PR1,18,4.02,,15,Right,Left,201,194,27,14,,,0.53
2025-11-12 22:43:13,1.17.2,PR1,18,4.02,,15,Right,Left,201,195,27,14,,,0.18
2025-11-12 22:43:19,1.17.2,PR1,18,4.02,,15,Left,Left,202,195,27,14,,,0.04
2025-11-12 22:43:40,1.17.2,PR1,18,4.02,,15,Left,Left,203,195,27,14,,,0.01
2025-11-12 22:46:04,1.17.2,PR1,18,4.02,,15,Left,Left,204,195,27,14,,,0.08
2025-11-12 22:46:06,1.17.2,PR1,18,4.02,,15,Left,Left,205,195,27,14,,,0.23
2025-11-12 22:46:07,1.17.2,PR1,18,4.02,1.0,15,Pellet,Left,205,195,28,15,0.11,349.0,
2025-11-12 22:46:15,1.17.2,PR1,18,4.02,,16,Left,Left,206,195,28,15,,,0.69
2025-11-12 22:46:18,1.17.2,PR1,18,4.02,,16,Left,Left,207,195,28,15,,,0.1
2025-11-12 22:46:20,1.17.2,PR1,18,4.02,,16,Left,Left,208,195,28,15,,,0.07
2025-11-12 22:46:25,1.17.2,PR1,18,4.02,,16,Left,Left,209,195,28,15,,,0.21
2025-11-12 22:46:26,1.17.2,PR1,18,4.02,,16,Left,Left,210,195,28,15,,,0.26
2025-11-12 22:46:29,1.17.2,PR1,18,4.02,,16,Left,Left,211,195,28,15,,,0.13
2025-11-12 22:46:30,1.17.2,PR1,18,4.02,,16,Left,Left,212,195,28,15,,,0.12
2025-11-12 22:47:31,1.17.2,PR1,18,4.02,,16,Right,Left,212,196,28,15,,,0.2
2025-11-12 22:49:45,1.17.2,PR1,18,4.02,,16,Right,Left,212,197,28,15,,,0.1
2025-11-12 22:49:47,1.17.2,PR1,18,4.02,,16,Right,Left,212,198,28,15,,,0.31
2025-11-12 23:13:51,1.17.2,PR1,18,4.02,,16,Right,Left,212,199,28,15,,,0.35
2025-11-12 23:13:54,1.17.2,PR1,18,4.02,,16,Right,Left,212,200,28,15,,,0.26
2025-11-12 23:13:57,1.17.2,PR1,18,4.02,,16,Right,Left,212,201,28,15,,,0.64
2025-11-12 23:14:03,1.17.2,PR1,18,4.02,,16,Left,Left,213,201,28,15,,,0.24
2025-11-12 23:14:07,1.17.2,PR1,18,4.02,,16,Right,Left,213,202,28,15,,,0.14
2025-11-12 23:14:49,1.17.2,PR1,18,4.02,,16,Left,Left,214,202,28,15,,,0.08
2025-11-12 23:14:52,1.17.2,PR1,18,4.02,,16,Left,Left,215,202,28,15,,,0.84
2025-11-12 23:14:54,1.17.2,PR1,18,4.02,,16,Left,Left,216,202,28,15,,,0.25
2025-11-12 23:14:58,1.17.2,PR1,18,4.02,,16,Left,Left,217,202,28,15,,,0.15
2025-11-12 23:15:00,1.17.2,PR1,18,4.02,,16,Left,Left,218,202,28,15,,,0.07
2025-11-12 23:15:45,1.17.2,PR1,18,4.02,,16,Right,Left,218,203,28,15,,,0.13
2025-11-12 23:15:47,1.17.2,PR1,18,4.02,,16,Right,Left,218,204,28,15,,,1.09
2025-11-12 23:15:50,1.17.2,PR1,18,4.02,,16,Right,Left,218,205,28,15,,,0.82
2025-11-12 23:15:52,1.17.2,PR1,18,4.02,,16,Right,Left,218,206,28,15,,,0.36
2025-11-12 23:16:00,1.17.2,PR1,18,4.02,,16,Right,Left,218,207,28,15,,,1.18
2025-11-12 23:16:06,1.17.2,PR1,18,4.02,,16,Right,Left,218,208,28,15,,,0.83
2025-11-12 23:16:08,1.17.2,PR1,18,4.02,,16,Right,Left,218,209,28,15,,,0.65
2025-11-12 23:16:13,1.17.2,PR1,18,4.02,,16,Right,Left,218,210,28,15,,,1.01
2025-11-12 23:16:14,1.17.2,PR1,18,4.02,,16,Right,Left,218,211,28,15,,,0.25
2025-11-12 23:16:17,1.17.2,PR1,18,4.02,,16,Right,Left,218,212,28,15,,,0.46
2025-11-12 23:16:21,1.17.2,PR1,18,4.02,,16,Left,Left,219,212,28,15,,,0.12
2025-11-12 23:16:24,1.17.2,PR1,18,4.02,,16,Left,Left,220,212,28,15,,,0.35
2025-11-12 23:16:44,1.17.2,PR1,18,4.02,,16,Right,Left,220,213,28,15,,,0.36
2025-11-12 23:16:49,1.17.2,PR1,18,4.02,,16,Right,Left,220,214,28,15,,,0.12
2025-11-12 23:16:57,1.17.2,PR1,18,4.02,,16,Right,Left,220,215,28,15,,,0.22
2025-11-12 23:16:58,1.17.2,PR1,18,4.02,,16,Right,Left,220,216,28,15,,,0.41
2025-11-12 23:17:01,1.17.2,PR1,18,4.02,,16,Right,Left,220,217,28,15,,,0.35
2025-11-12 23:17:03,1.17.2,PR1,18,4.02,,16,Right,Left,220,218,28,15,,,0.44
2025-11-12 23:17:04,1.17.2,PR1,18,4.02,,16,Right,Left,220,219,28,15,,,0.24
2025-11-12 23:17:07,1.17.2,PR1,18,4.02,,16,Right,Left,220,220,28,15,,,0.47
2025-11-12 23:17:08,1.17.2,PR1,18,4.02,,16,Right,Left,220,221,28,15,,,0.42
2025-11-12 23:17:10,1.17.2,PR1,18,4.02,,16,Right,Left,220,222,28,15,,,0.4
2025-11-12 23:17:14,1.17.2,PR1,18,4.02,,16,Right,Left,220,223,28,15,,,0.8
2025-11-12 23:17:16,1.17.2,PR1,18,4.02,,16,Right,Left,220,224,28,15,,,0.65
2025-11-12 23:17:18,1.17.2,PR1,18,4.02,,16,Right,Left,220,225,28,15,,,0.36
2025-11-12 23:17:22,1.17.2,PR1,18,4.02,,16,Right,Left,220,226,28,15,,,0.11
2025-11-12 23:17:29,1.17.2,PR1,18,4.02,,16,Left,Left,221,226,28,15,,,0.27
2025-11-12 23:17:30,1.17.2,PR1,18,4.02,1.0,16,Pellet,Left,221,226,29,16,0.59,1883.0,
2025-11-12 23:17:50,1.17.2,PR1,18,4.02,,17,Left,Left,222,226,29,16,,,0.29
2025-11-12 23:17:52,1.17.2,PR1,18,4.02,,17,Left,Left,223,226,29,16,,,0.86
2025-11-12 23:17:54,1.17.2,PR1,18,4.02,,17,Left,Left,224,226,29,16,,,0.13
2025-11-12 23:17:56,1.17.2,PR1,18,4.02,,17,Left,Left,225,226,29,16,,,0.5
2025-11-12 23:17:59,1.17.2,PR1,18,4.02,,17,Left,Left,226,226,29,16,,,0.2
2025-11-12 23:18:01,1.17.2,PR1,18,4.02,,17,Left,Left,227,226,29,16,,,0.79
2025-11-12 23:18:04,1.17.2,PR1,18,4.02,,17,Left,Left,228,226,29,16,,,0.28
2025-11-12 23:18:05,1.17.2,PR1,18,4.02,,17,Left,Left,229,226,29,16,,,0.58
2025-11-12 23:18:07,1.17.2,PR1,18,4.02,,17,Left,Left,230,226,29,16,,,0.28
2025-11-12 23:18:11,1.17.2,PR1,18,4.02,,17,Left,Left,231,226,29,16,,,0.09
2025-11-12 23:18:14,1.17.2,PR1,18,4.02,,17,Left,Left,232,226,29,16,,,1.69
2025-11-12 23:18:16,1.17.2,PR1,18,4.02,,17,Left,Left,233,226,29,16,,,0.47
2025-11-12 23:18:17,1.17.2,PR1,18,4.02,,17,Left,Left,234,226,29,16,,,0.46
2025-11-12 23:18:19,1.17.2,PR1,18,4.02,,17,Left,Left,235,226,29,16,,,0.16
2025-11-12 23:18:20,1.17.2,PR1,18,4.02,,17,Left,Left,236,226,29,16,,,0.32
2025-11-12 23:18:22,1.17.2,PR1,18,4.02,,17,Left,Left,237,226,29,16,,,0.12
2025-11-12 23:18:30,1.17.2,PR1,18,4.02,,17,Right,Left,237,227,29,16,,,0.03
2025-11-12 23:18:32,1.17.2,PR1,18,4.02,,17,Right,Left,237,228,29,16,,,0.52
2025-11-12 23:18:33,1.17.2,PR1,18,4.02,,17,Right,Left,237,229,29,16,,,0.34
2025-11-12 23:18:35,1.17.2,PR1,18,4.02,,17,Right,Left,237,230,29,16,,,0.11
2025-11-12 23:18:36,1.17.2,PR1,18,4.02,,17,Right,Left,237,231,29,16,,,0.14
2025-11-12 23:18:37,1.17.2,PR1,18,4.03,,17,Right,Left,237,232,29,16,,,0.08
2025-11-12 23:18:39,1.17.2,PR1,18,4.02,,17,Right,Left,237,233,29,16,,,0.04
2025-11-12 23:18:41,1.17.2,PR1,18,4.02,,17,Right,Left,237,234,29,16,,,0.33
2025-11-12 23:18:46,1.17.2,PR1,18,4.02,,17,Left,Left,238,234,29,16,,,0.29
2025-11-12 23:18:47,1.17.2,PR1,18,4.02,1.0,17,Pellet,Left,238,234,30,17,0.35,77.0,
2025-11-12 23:18:59,1.17.2,PR1,18,4.02,,18,Left,Left,239,234,30,17,,,0.08
2025-11-12 23:19:02,1.17.2,PR1,18,4.02,,18,Left,Left,240,234,30,17,,,0.07
2025-11-12 23:19:03,1.17.2,PR1,18,4.02,,18,Left,Left,241,234,30,17,,,0.0
2025-11-12 23:19:08,1.17.2,PR1,18,4.02,,18,Right,Left,241,235,30,17,,,0.03
2025-11-12 23:19:10,1.17.2,PR1,18,4.02,,18,Right,Left,241,236,30,17,,,0.38
2025-11-12 23:19:15,1.17.2,PR1,18,4.02,,18,Left,Left,242,236,30,17,,,1.09
2025-11-12 23:19:17,1.17.2,PR1,18,4.02,,18,Left,Left,243,236,30,17,,,0.21
2025-11-12 23:19:19,1.17.2,PR1,18,4.02,,18,Left,Left,244,236,30,17,,,0.49
2025-11-12 23:19:21,1.17.2,PR1,18,4.02,,18,Left,Left,245,236,30,17,,,0.25
2025-11-12 23:19:23,1.17.2,PR1,18,4.02,,18,Left,Left,246,236,30,17,,,0.14
2025-11-12 23:19:25,1.17.2,PR1,18,4.02,,18,Left,Left,247,236,30,17,,,0.11
2025-11-12 23:19:27,1.17.2,PR1,18,4.02,,18,Left,Left,248,236,30,17,,,0.28
2025-11-12 23:19:29,1.17.2,PR1,18,4.02,,18,Left,Left,249,236,30,17,,,0.57
2025-11-12 23:20:57,1.17.2,PR1,18,4.02,,18,Left,Left,250,236,30,17,,,0.34
2025-11-12 23:20:59,1.17.2,PR1,18,4.02,,18,Left,Left,251,236,30,17,,,0.27
2025-11-12 23:21:01,1.17.2,PR1,18,4.02,,18,Left,Left,252,236,30,17,,,0.12
2025-11-12 23:21:03,1.17.2,PR1,18,4.02,,18,Left,Left,253,236,30,17,,,0.56
2025-11-12 23:21:06,1.17.2,PR1,18,4.02,,18,Left,Left,254,236,30,17,,,0.1
2025-11-12 23:21:08,1.17.2,PR1,18,4.02,,18,Left,Left,255,236,30,17,,,0.33
2025-11-12 23:21:09,1.17.2,PR1,18,4.02,,18,Left,Left,256,236,30,17,,,0.11
2025-11-12 23:21:09,1.17.2,PR1,18,4.02,,18,LeftDuringDispense,Left,257,236,30,18,,,0.02
2025-11-12 23:21:13,1.17.2,PR1,18,4.02,2.0,18,Pellet,Left,257,236,31,18,0.23,146.0,
2025-11-12 23:21:33,1.17.2,PR1,18,4.02,,19,Left,Left,258,236,31,18,,,0.02
2025-11-12 23:21:37,1.17.2,PR1,18,4.02,,19,Left,Left,259,236,31,18,,,0.04
2025-11-12 23:21:39,1.17.2,PR1,18,4.02,,19,Left,Left,260,236,31,18,,,0.14
2025-11-12 23:21:42,1.17.2,PR1,18,4.02,,19,Left,Left,261,236,31,18,,,0.83
2025-11-12 23:21:43,1.17.2,PR1,18,4.02,,19,Left,Left,262,236,31,18,,,0.4
2025-11-12 23:21:45,1.17.2,PR1,18,4.02,,19,Left,Left,263,236,31,18,,,0.05
2025-11-12 23:21:55,1.17.2,PR1,18,4.02,,19,Left,Left,264,236,31,18,,,0.06
2025-11-12 23:21:56,1.17.2,PR1,18,4.02,,19,Left,Left,265,236,31,18,,,0.1
2025-11-12 23:21:58,1.17.2,PR1,18,4.02,,19,Left,Left,266,236,31,18,,,0.34
2025-11-12 23:22:00,1.17.2,PR1,18,4.02,,19,Left,Left,267,236,31,18,,,0.39
2025-11-12 23:22:01,1.17.2,PR1,18,4.02,,19,Left,Left,268,236,31,18,,,0.37
2025-11-12 23:22:03,1.17.2,PR1,18,4.02,,19,Left,Left,269,236,31,18,,,0.2
2025-11-12 23:22:05,1.17.2,PR1,18,4.02,,19,Left,Left,270,236,31,18,,,0.78
2025-11-12 23:22:06,1.17.2,PR1,18,4.02,,19,Left,Left,271,236,31,18,,,0.29
2025-11-12 23:22:08,1.17.2,PR1,18,4.02,,19,Left,Left,272,236,31,18,,,0.14
2025-11-12 23:22:09,1.17.2,PR1,18,4.02,,19,Left,Left,273,236,31,18,,,0.15
2025-11-12 23:22:13,1.17.2,PR1,18,4.02,,19,Left,Left,274,236,31,18,,,0.05
2025-11-12 23:29:37,1.17.2,PR1,18,4.02,,19,Right,Left,274,237,31,18,,,0.0
2025-11-12 23:29:45,1.17.2,PR1,18,4.02,,19,Left,Left,275,237,31,18,,,0.07
2025-11-12 23:29:47,1.17.2,PR1,18,4.02,,19,Left,Left,276,237,31,18,,,0.15
2025-11-12 23:29:48,1.17.2,PR1,18,4.02,1.0,19,Pellet,Left,276,237,32,19,0.29,515.0,
2025-11-12 23:30:11,1.17.2,PR1,18,4.02,,20,Right,Left,276,238,32,19,,,0.21
2025-11-12 23:30:14,1.17.2,PR1,18,4.02,,20,Left,Left,277,238,32,19,,,0.23
2025-11-12 23:30:16,1.17.2,PR1,18,4.02,,20,Left,Left,278,238,32,19,,,0.27
2025-11-12 23:31:03,1.17.2,PR1,18,4.02,,20,Right,Left,278,239,32,19,,,0.04
2025-11-12 23:31:13,1.17.2,PR1,18,4.02,,20,Left,Left,279,239,32,19,,,0.03
2025-11-12 23:31:17,1.17.2,PR1,18,4.02,,20,Left,Left,280,239,32,19,,,0.07
2025-11-12 23:31:21,1.17.2,PR1,18,4.02,,20,Left,Left,281,239,32,19,,,0.41
2025-11-12 23:31:23,1.17.2,PR1,18,4.02,,20,Left,Left,282,239,32,19,,,0.03
2025-11-12 23:31:55,1.17.2,PR1,18,4.02,,20,Left,Left,283,239,32,19,,,0.06
2025-11-12 23:32:49,1.17.2,PR1,18,4.02,,20,Left,Left,284,239,32,19,,,0.2
2025-11-12 23:36:07,1.17.2,PR1,18,4.02,,20,Right,Left,284,240,32,19,,,0.05
2025-11-12 23:36:10,1.17.2,PR1,18,4.02,,20,Right,Left,284,241,32,19,,,0.56
2025-11-12 23:36:12,1.17.2,PR1,18,4.02,,20,Right,Left,284,242,32,19,,,0.24
2025-11-12 23:36:13,1.17.2,PR1,18,4.02,,20,Right,Left,284,243,32,19,,,0.22
2025-11-12 23:36:17,1.17.2,PR1,18,4.02,,20,Right,Left,284,244,32,19,,,0.66
2025-11-12 23:36:19,1.17.2,PR1,18,4.02,,20,Right,Left,284,245,32,19,,,0.15
2025-11-12 23:36:20,1.17.2,PR1,18,4.02,,20,Right,Left,284,246,32,19,,,0.3
2025-11-12 23:36:31,1.17.2,PR1,18,4.02,,20,Left,Left,285,246,32,19,,,0.08
2025-11-12 23:36:32,1.17.2,PR1,18,4.02,,20,Left,Left,286,246,32,19,,,0.05
2025-11-12 23:36:40,1.17.2,PR1,18,4.02,,20,Left,Left,287,246,32,19,,,0.03
2025-11-12 23:41:22,1.17.2,PR1,18,4.02,,20,Left,Left,288,246,32,19,,,0.2
2025-11-12 23:41:23,1.17.2,PR1,18,4.02,,20,Left,Left,289,246,32,19,,,0.23
2025-11-12 23:41:26,1.17.2,PR1,18,4.02,,20,Left,Left,290,246,32,19,,,0.04
2025-11-12 23:41:27,1.17.2,PR1,18,4.02,,20,Left,Left,291,246,32,19,,,0.17
2025-11-12 23:41:29,1.17.2,PR1,18,4.02,,20,Left,Left,292,246,32,19,,,0.14
2025-11-12 23:41:30,1.17.2,PR1,18,4.02,,20,Left,Left,293,246,32,19,,,0.17
2025-11-12 23:41:32,1.17.2,PR1,18,4.02,,20,Left,Left,294,246,32,19,,,0.13
2025-11-12 23:41:34,1.17.2,PR1,18,4.02,,20,Left,Left,295,246,32,19,,,0.23
2025-11-12 23:41:36,1.17.2,PR1,18,4.02,,20,Left,Left,296,246,32,19,,,0.08
2025-11-12 23:41:37,1.17.2,PR1,18,4.02,1.0,20,Pellet,Left,296,246,33,20,0.17,708.0,
2025-11-12 23:41:46,1.17.2,PR1,18,4.02,,21,Left,Left,297,246,33,20,,,0.04
2025-11-12 23:41:48,1.17.2,PR1,18,4.02,,21,Left,Left,298,246,33,20,,,0.07
2025-11-12 23:41:51,1.17.2,PR1,18,4.02,,21,Left,Left,299,246,33,20,,,0.03
2025-11-12 23:41:53,1.17.2,PR1,18,4.02,,21,Left,Left,300,246,33,20,,,0.09
2025-11-12 23:41:54,1.17.2,PR1,18,4.02,,21,Left,Left,301,246,33,20,,,0.36
2025-11-12 23:41:57,1.17.2,PR1,18,4.02,,21,Left,Left,302,246,33,20,,,0.31
2025-11-12 23:41:59,1.17.2,PR1,18,4.02,,21,Left,Left,303,246,33,20,,,0.44
2025-11-12 23:42:01,1.17.2,PR1,18,4.02,,21,Left,Left,304,246,33,20,,,0.47
2025-11-12 23:42:02,1.17.2,PR1,18,4.02,,21,Left,Left,305,246,33,20,,,0.11
2025-11-12 23:42:04,1.17.2,PR1,18,4.02,,21,Left,Left,306,246,33,20,,,0.15
2025-11-12 23:42:05,1.17.2,PR1,18,4.02,,21,Left,Left,307,246,33,20,,,0.25
2025-11-12 23:42:06,1.17.2,PR1,18,4.02,,21,Left,Left,308,246,33,20,,,0.26
2025-11-12 23:42:11,1.17.2,PR1,18,4.02,,21,Left,Left,309,246,33,20,,,0.13
2025-11-12 23:42:13,1.17.2,PR1,18,4.02,,21,Left,Left,310,246,33,20,,,0.15
2025-11-12 23:42:15,1.17.2,PR1,18,4.02,,21,Left,Left,311,246,33,20,,,0.07
2025-11-12 23:42:41,1.17.2,PR1,18,4.02,,21,Right,Left,311,247,33,20,,,0.15
2025-11-12 23:42:42,1.17.2,PR1,18,4.02,,21,Right,Left,311,248,33,20,,,0.26
2025-11-12 23:42:44,1.17.2,PR1,18,4.02,,21,Right,Left,311,249,33,20,,,0.16
2025-11-12 23:42:46,1.17.2,PR1,18,4.02,,21,Right,Left,311,250,33,20,,,0.42
2025-11-12 23:42:47,1.17.2,PR1,18,4.02,,21,Right,Left,311,251,33,20,,,0.18
2025-11-12 23:42:50,1.17.2,PR1,18,4.02,,21,Right,Left,311,252,33,20,,,0.11
2025-11-12 23:42:52,1.17.2,PR1,18,4.02,,21,Left,Left,312,252,33,20,,,0.14
2025-11-12 23:48:51,1.17.2,PR1,18,4.02,,21,Right,Left,312,253,33,20,,,0.02
2025-11-12 23:48:53,1.17.2,PR1,18,4.02,,21,Right,Left,312,254,33,20,,,0.04
2025-11-12 23:49:01,1.17.2,PR1,18,4.02,,21,Right,Left,312,255,33,20,,,2.04
2025-11-12 23:49:03,1.17.2,PR1,18,4.02,,21,Right,Left,312,256,33,20,,,0.27
2025-11-12 23:49:08,1.17.2,PR1,18,4.02,,21,Right,Left,312,257,33,20,,,1.25
2025-11-12 23:49:10,1.17.2,PR1,18,4.02,,21,Right,Left,312,258,33,20,,,0.24
2025-11-12 23:49:12,1.17.2,PR1,18,4.02,,21,Right,Left,312,259,33,20,,,0.64
2025-11-12 23:49:14,1.17.2,PR1,18,4.02,,21,Right,Left,312,260,33,20,,,0.53
2025-11-12 23:49:18,1.17.2,PR1,18,4.02,,21,Right,Left,312,261,33,20,,,0.78
2025-11-12 23:49:21,1.17.2,PR1,18,4.02,,21,Right,Left,312,262,33,20,,,0.37
2025-11-12 23:49:23,1.17.2,PR1,18,4.02,,21,Right,Left,312,263,33,20,,,0.71
2025-11-12 23:49:24,1.17.2,PR1,18,4.02,,21,Right,Left,312,264,33,20,,,0.25
2025-11-12 23:49:25,1.17.2,PR1,18,4.02,,21,Right,Left,312,265,33,20,,,0.36
2025-11-12 23:49:27,1.17.2,PR1,18,4.02,,21,Right,Left,312,266,33,20,,,0.35
2025-11-12 23:49:30,1.17.2,PR1,18,4.02,,21,Right,Left,312,267,33,20,,,0.16
2025-11-12 23:49:34,1.17.2,PR1,18,4.02,,21,Left,Left,313,267,33,20,,,0.37
2025-11-12 23:49:36,1.17.2,PR1,18,4.02,,21,Left,Left,314,267,33,20,,,0.7
2025-11-12 23:49:37,1.17.2,PR1,18,4.02,,21,Left,Left,315,267,33,20,,,0.2
2025-11-12 23:49:38,1.17.2,PR1,18,4.02,,21,Left,Left,316,267,33,20,,,0.0
2025-11-12 23:49:41,1.17.2,PR1,18,4.02,,21,Left,Left,317,267,33,20,,,0.31
2025-11-12 23:49:42,1.17.2,PR1,18,4.02,1.0,21,Pellet,Left,317,267,34,21,0.23,486.0,
2025-11-12 23:49:50,1.17.2,PR1,18,4.02,,22,Left,Left,318,267,34,21,,,0.1
2025-11-12 23:49:51,1.17.2,PR1,18,4.02,,22,Left,Left,319,267,34,21,,,0.7
2025-11-12 23:49:54,1.17.2,PR1,18,4.02,,22,Right,Left,319,268,34,21,,,0.06
2025-11-12 23:50:15,1.17.2,PR1,18,4.02,,22,Right,Left,319,269,34,21,,,0.04
2025-11-12 23:50:16,1.17.2,PR1,18,4.02,,22,Right,Left,319,270,34,21,,,0.18
2025-11-12 23:50:18,1.17.2,PR1,18,4.02,,22,Right,Left,319,271,34,21,,,0.23
2025-11-12 23:54:58,1.17.2,PR1,18,4.02,,22,Right,Left,319,272,34,21,,,0.32
2025-11-12 23:55:01,1.17.2,PR1,18,4.02,,22,Right,Left,319,273,34,21,,,0.05
2025-11-12 23:55:05,1.17.2,PR1,18,4.02,,22,Left,Left,320,273,34,21,,,0.09
2025-11-12 23:55:06,1.17.2,PR1,18,4.02,,22,Left,Left,321,273,34,21,,,0.1
2025-11-12 23:55:08,1.17.2,PR1,18,4.02,,22,Left,Left,322,273,34,21,,,0.11
2025-11-12 23:55:15,1.17.2,PR1,18,4.02,,22,Right,Left,322,274,34,21,,,0.0
2025-11-12 23:55:45,1.17.2,PR1,18,4.02,,22,Left,Left,323,274,34,21,,,0.02
2025-11-12 23:55:47,1.17.2,PR1,18,4.02,,22,Left,Left,324,274,34,21,,,0.22
2025-11-12 23:55:48,1.17.2,PR1,18,4.02,,22,Left,Left,325,274,34,21,,,0.09
2025-11-12 23:55:51,1.17.2,PR1,18,4.02,,22,Left,Left,326,274,34,21,,,0.16
2025-11-12 23:55:52,1.17.2,PR1,18,4.02,,22,Left,Left,327,274,34,21,,,0.11
2025-11-12 23:55:54,1.17.2,PR1,18,4.02,,22,Left,Left,328,274,34,21,,,0.35
2025-11-12 23:55:56,1.17.2,PR1,18,4.02,,22,Left,Left,329,274,34,21,,,0.05
2025-11-13 00:01:49,1.17.2,PR1,18,4.02,,22,Right,Left,329,275,34,21,,,0.07
2025-11-13 00:01:51,1.17.2,PR1,18,4.02,,22,Right,Left,329,276,34,21,,,0.28
2025-11-13 00:01:53,1.17.2,PR1,18,4.02,,22,Right,Left,329,277,34,21,,,0.44
2025-11-13 00:01:55,1.17.2,PR1,18,4.02,,22,Right,Left,329,278,34,21,,,0.22
2025-11-13 00:01:57,1.17.2,PR1,18,4.02,,22,Right,Left,329,279,34,21,,,0.4
2025-11-13 00:01:58,1.17.2,PR1,18,4.02,,22,Right,Left,329,280,34,21,,,0.0
2025-11-13 00:02:00,1.17.2,PR1,18,4.02,,22,Right,Left,329,281,34,21,,,0.13
2025-11-13 00:02:01,1.17.2,PR1,18,4.02,,22,Right,Left,329,282,34,21,,,0.15
2025-11-13 00:02:03,1.17.2,PR1,18,4.02,,22,Right,Left,329,283,34,21,,,0.23
2025-11-13 00:02:08,1.17.2,PR1,18,4.02,,22,Left,Left,330,283,34,21,,,0.01
2025-11-13 00:02:09,1.17.2,PR1,18,4.02,,22,Left,Left,331,283,34,21,,,0.04
2025-11-13 00:02:11,1.17.2,PR1,18,4.02,,22,Left,Left,332,283,34,21,,,0.08
2025-11-13 00:02:13,1.17.2,PR1,18,4.02,,22,Left,Left,333,283,34,21,,,0.1
2025-11-13 00:02:16,1.17.2,PR1,18,4.02,,22,Left,Left,334,283,34,21,,,0.2
2025-11-13 00:02:20,1.17.2,PR1,18,4.02,,22,Right,Left,334,284,34,21,,,0.12
2025-11-13 00:04:27,1.17.2,PR1,18,4.02,,22,Right,Left,334,285,34,21,,,0.0
2025-11-13 00:04:29,1.17.2,PR1,18,4.02,,22,Right,Left,334,286,34,21,,,0.09
2025-11-13 00:04:31,1.17.2,PR1,18,4.02,,22,Right,Left,334,287,34,21,,,0.15
2025-11-13 00:04:33,1.17.2,PR1,18,4.02,,22,Right,Left,334,288,34,21,,,0.58
2025-11-13 00:04:35,1.17.2,PR1,18,4.02,,22,Right,Left,334,289,34,21,,,0.05
2025-11-13 00:04:51,1.17.2,PR1,18,4.02,,22,Left,Left,335,289,34,21,,,0.16
2025-11-13 00:04:52,1.17.2,PR1,18,4.02,,22,Left,Left,336,289,34,21,,,0.52
2025-11-13 00:04:54,1.17.2,PR1,18,4.02,,22,Left,Left,337,289,34,21,,,0.2
2025-11-13 00:04:55,1.17.2,PR1,18,4.02,,22,Left,Left,338,289,34,21,,,0.18
2025-11-13 00:04:56,1.17.2,PR1,18,4.02,,22,Right,Left,338,290,34,21,,,0.08
2025-11-13 00:05:00,1.17.2,PR1,18,4.02,,22,Right,Left,338,291,34,21,,,0.17
2025-11-13 00:05:03,1.17.2,PR1,18,4.01,,22,Right,Left,338,292,34,21,,,0.08
2025-11-13 00:08:55,1.17.2,PR1,18,4.02,,22,Right,Left,338,293,34,21,,,0.04
2025-11-13 00:09:29,1.17.2,PR1,18,4.02,,22,Left,Left,339,293,34,21,,,0.11
2025-11-13 00:09:30,1.17.2,PR1,18,4.02,1.0,22,Pellet,Left,339,293,35,22,0.23,1188.0,
2025-11-13 00:09:41,1.17.2,PR1,18,4.02,,23,Left,Left,340,293,35,22,,,0.13
2025-11-13 00:09:46,1.17.2,PR1,18,4.02,,23,Left,Left,341,293,35,22,,,0.06
2025-11-13 00:09:48,1.17.2,PR1,18,4.02,,23,Left,Left,342,293,35,22,,,0.08
2025-11-13 00:09:53,1.17.2,PR1,18,4.02,,23,Right,Left,342,294,35,22,,,0.13
2025-11-13 00:10:43,1.17.2,PR1,18,4.02,,23,Left,Left,343,294,35,22,,,0.1
2025-11-13 00:10:44,1.17.2,PR1,18,4.02,,23,Left,Left,344,294,35,22,,,0.07
2025-11-13 00:10:50,1.17.2,PR1,18,4.02,,23,Left,Left,345,294,35,22,,,0.07
2025-11-13 00:13:58,1.17.2,PR1,18,4.02,,23,Right,Left,345,295,35,22,,,0.2
2025-11-13 00:14:04,1.17.2,PR1,18,4.02,,23,Right,Left,345,296,35,22,,,0.51
2025-11-13 00:14:07,1.17.2,PR1,18,4.02,,23,Right,Left,345,297,35,22,,,0.11
2025-11-13 00:14:08,1.17.2,PR1,18,4.02,,23,Right,Left,345,298,35,22,,,0.18
2025-11-13 00:14:10,1.17.2,PR1,18,4.02,,23,Right,Left,345,299,35,22,,,0.18
2025-11-13 00:14:15,1.17.2,PR1,18,4.02,,23,Left,Left,346,299,35,22,,,0.02
2025-11-13 00:14:17,1.17.2,PR1,18,4.02,,23,Left,Left,347,299,35,22,,,0.05
2025-11-13 00:14:22,1.17.2,PR1,18,4.02,,23,Left,Left,348,299,35,22,,,0.12
2025-11-13 00:14:39,1.17.2,PR1,18,4.02,,23,Left,Left,349,299,35,22,,,0.1
2025-11-13 00:14:40,1.17.2,PR1,18,4.02,,23,Left,Left,350,299,35,22,,,0.29
2025-11-13 00:14:48,1.17.2,PR1,18,4.02,,23,Left,Left,351,299,35,22,,,0.0
2025-11-13 00:14:49,1.17.2,PR1,18,4.02,,23,Right,Left,351,300,35,22,,,0.0
2025-11-13 00:15:27,1.17.2,PR1,18,4.02,,23,Right,Left,351,301,35,22,,,0.07
2025-11-13 00:15:28,1.17.2,PR1,18,4.02,,23,Right,Left,351,302,35,22,,,0.27
2025-11-13 00:15:29,1.17.2,PR1,18,4.02,,23,Right,Left,351,303,35,22,,,0.21
2025-11-13 00:15:33,1.17.2,PR1,18,4.02,,23,Right,Left,351,304,35,22,,,0.17
2025-11-13 00:15:35,1.17.2,PR1,18,4.02,,23,Left,Left,352,304,35,22,,,0.18
2025-11-13 00:20:33,1.17.2,PR1,18,4.02,,23,Right,Left,352,305,35,22,,,0.03
2025-11-13 00:20:53,1.17.2,PR1,18,4.02,,23,Right,Left,352,306,35,22,,,0.08
2025-11-13 00:20:56,1.17.2,PR1,18,4.02,,23,Right,Left,352,307,35,22,,,0.11
2025-11-13 00:21:00,1.17.2,PR1,18,4.02,,23,Left,Left,353,307,35,22,,,0.1
2025-11-13 00:21:02,1.17.2,PR1,18,4.02,,23,Left,Left,354,307,35,22,,,0.06
2025-11-13 00:21:07,1.17.2,PR1,18,4.02,,23,Left,Left,355,307,35,22,,,0.12
2025-11-13 00:21:09,1.17.2,PR1,18,4.02,,23,Left,Left,356,307,35,22,,,0.09
2025-11-13 00:21:12,1.17.2,PR1,18,4.02,,23,Left,Left,357,307,35,22,,,0.6
2025-11-13 00:21:14,1.17.2,PR1,18,4.02,,23,Left,Left,358,307,35,22,,,0.27
2025-11-13 00:25:51,1.17.2,PR1,18,4.02,,23,Left,Left,359,307,35,22,,,0.01
2025-11-13 00:25:52,1.17.2,PR1,18,4.02,,23,Left,Left,360,307,35,22,,,0.05
2025-11-13 00:30:31,1.17.2,PR1,18,4.02,,23,Left,Left,361,307,35,22,,,0.01
2025-11-13 00:32:42,1.17.2,PR1,18,4.02,,23,Left,Left,362,307,35,22,,,0.14
2025-11-13 00:32:44,1.17.2,PR1,18,4.02,1.0,23,Pellet,Left,362,307,36,23,0.35,1394.0,
2025-11-13 00:32:53,1.17.2,PR1,18,4.02,,24,Left,Left,363,307,36,23,,,0.02
2025-11-13 00:32:55,1.17.2,PR1,18,4.02,,24,Left,Left,364,307,36,23,,,0.47
2025-11-13 00:32:57,1.17.2,PR1,18,4.02,,24,Left,Left,365,307,36,23,,,0.08
2025-11-13 00:32:58,1.17.2,PR1,18,4.02,,24,Left,Left,366,307,36,23,,,0.37
2025-11-13 00:33:00,1.17.2,PR1,18,4.02,,24,Left,Left,367,307,36,23,,,0.02
2025-11-13 00:33:01,1.17.2,PR1,18,4.02,,24,Left,Left,368,307,36,23,,,0.22
2025-11-13 00:33:02,1.17.2,PR1,18,4.02,,24,Left,Left,369,307,36,23,,,0.09
2025-11-13 00:33:05,1.17.2,PR1,18,4.02,,24,Right,Left,369,308,36,23,,,0.19
2025-11-13 00:33:07,1.17.2,PR1,18,4.02,,24,Right,Left,369,309,36,23,,,0.14
2025-11-13 00:33:12,1.17.2,PR1,18,4.02,,24,Left,Left,370,309,36,23,,,0.1
2025-11-13 00:33:13,1.17.2,PR1,18,4.02,,24,Left,Left,371,309,36,23,,,0.11
2025-11-13 00:33:20,1.17.2,PR1,18,4.02,,24,Left,Left,372,309,36,23,,,0.1
2025-11-13 00:33:22,1.17.2,PR1,18,4.02,,24,Left,Left,373,309,36,23,,,0.11
2025-11-13 00:33:29,1.17.2,PR1,18,4.02,,24,Right,Left,373,310,36,23,,,0.04
2025-11-13 00:33:32,1.17.2,PR1,18,4.02,,24,Left,Left,374,310,36,23,,,0.03
2025-11-13 00:33:35,1.17.2,PR1,18,4.02,,24,Left,Left,375,310,36,23,,,0.03
2025-11-13 00:37:59,1.17.2,PR1,18,4.02,,24,Right,Left,375,311,36,23,,,0.15
2025-11-13 00:38:04,1.17.2,PR1,18,4.02,,24,Left,Left,376,311,36,23,,,0.04
2025-11-13 00:38:05,1.17.2,PR1,18,4.02,,24,Left,Left,377,311,36,23,,,0.26
2025-11-13 00:38:41,1.17.2,PR1,18,4.02,,24,Left,Left,378,311,36,23,,,0.15
2025-11-13 00:38:42,1.17.2,PR1,18,4.02,,24,Left,Left,379,311,36,23,,,0.25
2025-11-13 00:38:43,1.17.2,PR1,18,4.02,,24,Left,Left,380,311,36,23,,,0.03
2025-11-13 00:38:44,1.17.2,PR1,18,4.02,,24,Left,Left,381,311,36,23,,,0.27
2025-11-13 00:38:45,1.17.2,PR1,18,4.02,,24,Left,Left,382,311,36,23,,,0.09
2025-11-13 00:38:47,1.17.2,PR1,18,4.02,,24,Left,Left,383,311,36,23,,,0.23
2025-11-13 00:38:53,1.17.2,PR1,18,4.02,,24,Right,Left,383,312,36,23,,,0.02
2025-11-13 00:38:58,1.17.2,PR1,18,4.02,,24,Right,Left,383,313,36,23,,,0.0
2025-11-13 00:45:07,1.17.2,PR1,18,4.02,,24,Left,Left,384,313,36,23,,,0.13
2025-11-13 00:45:09,1.17.2,PR1,18,4.02,,24,Left,Left,385,313,36,23,,,0.25
2025-11-13 00:45:12,1.17.2,PR1,18,4.02,,24,Left,Left,386,313,36,23,,,0.34
2025-11-13 00:45:13,1.17.2,PR1,18,4.02,1.0,24,Pellet,Left,386,313,37,24,0.17,749.0,
2025-11-13 00:45:25,1.17.2,PR1,18,4.02,,25,Left,Left,387,313,37,24,,,0.06
2025-11-13 00:45:27,1.17.2,PR1,18,4.02,,25,Left,Left,388,313,37,24,,,0.1
2025-11-13 00:45:28,1.17.2,PR1,18,4.02,,25,Left,Left,389,313,37,24,,,0.05
2025-11-13 00:45:30,1.17.2,PR1,18,4.02,,25,Left,Left,390,313,37,24,,,0.46
2025-11-13 00:45:32,1.17.2,PR1,18,4.02,,25,Left,Left,391,313,37,24,,,0.06
2025-11-13 00:45:34,1.17.2,PR1,18,4.02,,25,Left,Left,392,313,37,24,,,0.1
2025-11-13 00:45:35,1.17.2,PR1,18,4.02,,25,Left,Left,393,313,37,24,,,0.1
2025-11-13 00:45:38,1.17.2,PR1,18,4.02,,25,Left,Left,394,313,37,24,,,0.08
2025-11-13 00:45:40,1.17.2,PR1,18,4.02,,25,Left,Left,395,313,37,24,,,0.04
2025-11-13 00:45:42,1.17.2,PR1,18,4.02,,25,Left,Left,396,313,37,24,,,0.07
2025-11-13 00:46:12,1.17.2,PR1,18,4.02,,25,Right,Left,396,314,37,24,,,0.07
2025-11-13 00:46:13,1.17.2,PR1,18,4.02,,25,Right,Left,396,315,37,24,,,0.22
2025-11-13 00:46:15,1.17.2,PR1,18,4.02,,25,Right,Left,396,316,37,24,,,0.29
2025-11-13 00:46:16,1.17.2,PR1,18,4.02,,25,Left,Left,397,316,37,24,,,0.03
2025-11-13 00:46:17,1.17.2,PR1,18,4.02,,25,Left,Left,398,316,37,24,,,0.1
2025-11-13 00:46:24,1.17.2,PR1,18,4.02,,25,Right,Left,398,317,37,24,,,0.0
2025-11-13 00:46:25,1.17.2,PR1,18,4.02,,25,Right,Left,398,318,37,24,,,0.06
2025-11-13 00:46:50,1.17.2,PR1,18,4.02,,25,Left,Left,399,318,37,24,,,0.03
2025-11-13 00:46:50,1.17.2,PR1,18,4.02,,25,Left,Left,400,318,37,24,,,0.22
2025-11-13 00:47:27,1.17.2,PR1,18,4.02,,25,Left,Left,401,318,37,24,,,0.14
2025-11-13 00:47:28,1.17.2,PR1,18,4.02,,25,Left,Left,402,318,37,24,,,0.13
2025-11-13 00:47:38,1.17.2,PR1,18,4.02,,25,Left,Left,403,318,37,24,,,0.24
2025-11-13 01:00:23,1.17.2,PR1,18,4.02,,25,Right,Left,403,319,37,24,,,0.2
2025-11-13 01:00:27,1.17.2,PR1,18,4.02,,25,Left,Left,404,319,37,24,,,0.05
2025-11-13 01:00:28,1.17.2,PR1,18,4.02,,25,Left,Left,405,319,37,24,,,0.13
2025-11-13 01:00:29,1.17.2,PR1,18,4.02,,25,Left,Left,406,319,37,24,,,0.09
2025-11-13 02:08:49,1.17.2,PR1,18,4.02,,1,Left,Left,407,319,37,0,,,0.41
2025-11-13 02:08:50,1.17.2,PR1,18,4.02,1.0,1,Pellet,Left,407,319,38,1,0.35,5017.0,
2025-11-13 02:09:02,1.17.2,PR1,18,4.02,,2,Left,Left,408,319,38,1,,,0.54
2025-11-13 02:09:04,1.17.2,PR1,18,4.01,,2,Left,Left,409,319,38,1,,,0.87
2025-11-13 02:09:05,1.17.2,PR1,18,4.02,1.0,2,Pellet,Left,409,319,39,2,0.41,15.0,
2025-11-13 02:09:12,1.17.2,PR1,18,4.02,,3,Left,Left,410,319,39,2,,,0.11
2025-11-13 02:09:43,1.17.2,PR1,18,4.02,,3,Right,Left,410,320,39,2,,,0.06
2025-11-13 02:09:47,1.17.2,PR1,18,4.02,,3,Left,Left,411,320,39,2,,,0.53
2025-11-13 02:09:49,1.17.2,PR1,18,4.02,,3,Left,Left,412,320,39,2,,,0.29
2025-11-13 02:09:50,1.17.2,PR1,18,4.02,1.0,3,Pellet,Left,412,320,40,3,0.17,45.0,
2025-11-13 02:10:02,1.17.2,PR1,18,4.02,,4,Left,Left,413,320,40,3,,,0.07
2025-11-13 02:10:07,1.17.2,PR1,18,4.02,,4,Left,Left,414,320,40,3,,,0.12
2025-11-13 02:10:35,1.17.2,PR1,18,4.02,,4,Left,Left,415,320,40,3,,,0.05
2025-11-13 02:10:36,1.17.2,PR1,18,4.02,,4,Left,Left,416,320,40,3,,,0.16
2025-11-13 02:10:37,1.17.2,PR1,18,4.02,1.0,4,Pellet,Left,416,320,41,4,0.35,47.0,
2025-11-13 02:10:48,1.17.2,PR1,18,4.02,,5,Left,Left,417,320,41,4,,,0.1
2025-11-13 02:10:49,1.17.2,PR1,18,4.02,,5,Left,Left,418,320,41,4,,,0.6
2025-11-13 02:10:52,1.17.2,PR1,18,4.02,,5,Left,Left,419,320,41,4,,,0.51
2025-11-13 02:10:56,1.17.2,PR1,18,4.02,,5,Left,Left,420,320,41,4,,,0.03
2025-11-13 02:10:59,1.17.2,PR1,18,4.02,,5,Left,Left,421,320,41,4,,,0.1
2025-11-13 02:11:00,1.17.2,PR1,18,4.02,1.0,5,Pellet,Left,421,320,42,5,0.12,23.0,
2025-11-13 02:11:09,1.17.2,PR1,18,4.02,,6,Left,Left,422,320,42,5,,,0.04
2025-11-13 02:11:10,1.17.2,PR1,18,4.02,,6,Left,Left,423,320,42,5,,,0.25
2025-11-13 02:11:12,1.17.2,PR1,18,4.02,,6,Left,Left,424,320,42,5,,,0.04
2025-11-13 02:11:19,1.17.2,PR1,18,4.02,,6,Left,Left,425,320,42,5,,,0.07
2025-11-13 02:14:10,1.17.2,PR1,18,4.02,,6,Right,Left,425,321,42,5,,,0.18
2025-11-13 02:14:11,1.17.2,PR1,18,4.02,,6,Right,Left,425,322,42,5,,,0.02
2025-11-13 02:14:34,1.17.2,PR1,18,4.02,,6,Left,Left,426,322,42,5,,,0.07
2025-11-13 02:14:36,1.17.2,PR1,18,4.02,,6,Left,Left,427,322,42,5,,,0.03
2025-11-13 02:14:37,1.17.2,PR1,18,4.02,1.0,6,Pellet,Left,427,322,43,6,0.17,217.0,
2025-11-13 02:14:46,1.17.2,PR1,18,4.02,,7,Left,Left,428,322,43,6,,,0.05
2025-11-13 02:14:48,1.17.2,PR1,18,4.02,,7,Left,Left,429,322,43,6,,,0.07
2025-11-13 02:14:52,1.17.2,PR1,18,4.02,,7,Left,Left,430,322,43,6,,,0.02
2025-11-13 02:14:53,1.17.2,PR1,18,4.02,,7,Left,Left,431,322,43,6,,,0.12
2025-11-13 02:14:58,1.17.2,PR1,18,4.02,,7,Left,Left,432,322,43,6,,,0.05
2025-11-13 02:14:59,1.17.2,PR1,18,4.02,,7,Left,Left,433,322,43,6,,,0.07
2025-11-13 03:00:14,1.17.2,PR1,18,4.01,,1,Left,Left,434,322,43,0,,,0.78
2025-11-13 03:00:16,1.17.2,PR1,18,4.02,1.0,1,Pellet,Left,434,322,44,1,0.53,2739.0,
2025-11-13 03:00:22,1.17.2,PR1,18,4.02,,2,Left,Left,435,322,44,1,,,0.06
2025-11-13 03:00:25,1.17.2,PR1,18,4.02,,2,Left,Left,436,322,44,1,,,0.05
2025-11-13 03:00:26,1.17.2,PR1,18,4.02,1.0,2,Pellet,Left,436,322,45,2,0.35,10.0,
2025-11-13 03:00:36,1.17.2,PR1,18,4.02,,3,Left,Left,437,322,45,2,,,0.66
2025-11-13 03:00:38,1.17.2,PR1,18,4.02,,3,Left,Left,438,322,45,2,,,0.06
2025-11-13 03:00:44,1.17.2,PR1,18,4.02,,3,Left,Left,439,322,45,2,,,0.41
2025-11-13 03:00:45,1.17.2,PR1,18,4.02,1.0,3,Pellet,Left,439,322,46,3,0.17,19.0,
2025-11-13 03:00:52,1.17.2,PR1,18,4.02,,4,Left,Left,440,322,46,3,,,0.24
2025-11-13 03:00:54,1.17.2,PR1,18,4.02,,4,Left,Left,441,322,46,3,,,0.61
2025-11-13 03:00:56,1.17.2,PR1,18,4.02,,4,Left,Left,442,322,46,3,,,0.53
2025-11-13 03:00:58,1.17.2,PR1,18,4.02,,4,Left,Left,443,322,46,3,,,0.31
2025-11-13 03:00:58,1.17.2,PR1,18,4.02,,4,LeftDuringDispense,Left,444,322,46,4,,,0.04
2025-11-13 03:01:02,1.17.2,PR1,18,4.02,2.0,4,Pellet,Left,444,322,47,4,1.07,17.0,
2025-11-13 03:01:16,1.17.2,PR1,18,4.02,,5,Left,Left,445,322,47,4,,,0.18
2025-11-13 03:01:19,1.17.2,PR1,18,4.02,,5,Left,Left,446,322,47,4,,,0.74
2025-11-13 03:01:24,1.17.2,PR1,18,4.02,,5,Left,Left,447,322,47,4,,,1.07
2025-11-13 03:01:51,1.17.2,PR1,18,4.02,,5,Left,Left,448,322,47,4,,,0.03
2025-11-13 03:01:53,1.17.2,PR1,18,4.02,,5,Left,Left,449,322,47,4,,,0.07
2025-11-13 03:01:54,1.17.2,PR1,18,4.02,1.0,5,Pellet,Left,449,322,48,5,0.17,52.0,
2025-11-13 03:01:59,1.17.2,PR1,18,4.02,,6,Left,Left,450,322,48,5,,,0.16
2025-11-13 03:02:00,1.17.2,PR1,18,4.02,,6,Left,Left,451,322,48,5,,,0.43
2025-11-13 03:02:02,1.17.2,PR1,18,4.02,,6,Left,Left,452,322,48,5,,,0.72
2025-11-13 03:02:04,1.17.2,PR1,18,4.02,,6,Left,Left,453,322,48,5,,,0.22
2025-11-13 03:02:06,1.17.2,PR1,18,4.02,,6,Left,Left,454,322,48,5,,,0.42
2025-11-13 03:02:09,1.17.2,PR1,18,4.02,,6,Left,Left,455,322,48,5,,,0.3
2025-11-13 03:02:10,1.17.2,PR1,18,4.02,1.0,6,Pellet,Left,455,322,49,6,0.11,16.0,
2025-11-13 03:02:24,1.17.2,PR1,18,4.02,,7,Left,Left,456,322,49,6,,,0.62
2025-11-13 03:02:26,1.17.2,PR1,18,4.02,,7,Left,Left,457,322,49,6,,,0.48
2025-11-13 03:02:27,1.17.2,PR1,18,4.02,,7,Left,Left,458,322,49,6,,,0.28
2025-11-13 03:02:30,1.17.2,PR1,18,4.02,,7,Left,Left,459,322,49,6,,,0.25
2025-11-13 03:02:33,1.17.2,PR1,18,4.02,,7,Left,Left,460,322,49,6,,,0.11
2025-11-13 03:02:37,1.17.2,PR1,18,4.02,,7,Right,Left,460,323,49,6,,,0.26
2025-11-13 03:02:51,1.17.2,PR1,18,4.02,,7,Left,Left,461,323,49,6,,,0.08
2025-11-13 03:02:52,1.17.2,PR1,18,4.02,,7,Left,Left,462,323,49,6,,,0.13
2025-11-13 03:02:53,1.17.2,PR1,18,4.02,1.0,7,Pellet,Left,462,323,50,7,0.23,43.0,
2025-11-13 03:03:00,1.17.2,PR1,18,4.02,,8,Left,Left,463,323,50,7,,,0.07
2025-11-13 03:03:01,1.17.2,PR1,18,4.02,,8,Left,Left,464,323,50,7,,,0.03
2025-11-13 03:03:03,1.17.2,PR1,18,4.02,,8,Left,Left,465,323,50,7,,,0.22
2025-11-13 03:03:04,1.17.2,PR1,18,4.02,,8,Left,Left,466,323,50,7,,,0.15
2025-11-13 03:03:07,1.17.2,PR1,18,4.02,,8,Left,Left,467,323,50,7,,,0.03
2025-11-13 03:40:01,1.17.2,PR1,18,4.02,,1,Left,Left,468,323,50,0,,,0.0
2025-11-13 03:40:02,1.17.2,PR1,18,4.02,1.0,1,Pellet,Left,468,323,51,1,0.11,2229.0,
2025-11-13 03:40:11,1.17.2,PR1,18,4.02,,2,Left,Left,469,323,51,1,,,0.49
2025-11-13 03:40:12,1.17.2,PR1,18,4.02,,2,Left,Left,470,323,51,1,,,0.13
2025-11-13 03:40:13,1.17.2,PR1,18,4.02,1.0,2,Pellet,Left,470,323,52,2,0.17,11.0,
2025-11-13 03:40:21,1.17.2,PR1,18,4.02,,3,Left,Left,471,323,52,2,,,0.08
2025-11-13 03:40:22,1.17.2,PR1,18,4.02,,3,Left,Left,472,323,52,2,,,0.07
2025-11-13 03:40:24,1.17.2,PR1,18,4.02,,3,Left,Left,473,323,52,2,,,0.46
2025-11-13 03:40:25,1.17.2,PR1,18,4.02,1.0,3,Pellet,Left,473,323,53,3,0.11,12.0,
2025-11-13 03:40:37,1.17.2,PR1,18,4.02,,4,Left,Left,474,323,53,3,,,0.12
2025-11-13 03:40:40,1.17.2,PR1,18,4.02,,4,Left,Left,475,323,53,3,,,0.03
2025-11-13 03:40:41,1.17.2,PR1,18,4.02,,4,Left,Left,476,323,53,3,,,0.13
2025-11-13 03:40:45,1.17.2,PR1,18,4.02,,4,Left,Left,477,323,53,3,,,0.14
2025-11-13 03:40:46,1.17.2,PR1,18,4.02,2.0,4,Pellet,Left,477,323,54,4,0.06,21.0,
2025-11-13 03:41:01,1.17.2,PR1,18,4.02,,5,Left,Left,478,323,54,4,,,0.35
2025-11-13 03:41:02,1.17.2,PR1,18,4.02,,5,Left,Left,479,323,54,4,,,0.09
2025-11-13 03:41:08,1.17.2,PR1,18,4.02,,5,Left,Left,480,323,54,4,,,0.11
2025-11-13 03:41:10,1.17.2,PR1,18,4.01,,5,Left,Left,481,323,54,4,,,0.31
2025-11-13 03:41:11,1.17.2,PR1,18,4.02,,5,Left,Left,482,323,54,4,,,0.17
2025-11-13 03:41:12,1.17.2,PR1,18,4.02,1.0,5,Pellet,Left,482,323,55,5,0.53,26.0,
2025-11-13 03:41:24,1.17.2,PR1,18,4.02,,6,Left,Left,483,323,55,5,,,0.07
2025-11-13 03:41:26,1.17.2,PR1,18,4.02,,6,Left,Left,484,323,55,5,,,0.09
2025-11-13 03:41:27,1.17.2,PR1,18,4.01,,6,Left,Left,485,323,55,5,,,0.1
2025-11-13 03:41:29,1.17.2,PR1,18,4.02,,6,Left,Left,486,323,55,5,,,0.42
2025-11-13 03:43:21,1.17.2,PR1,18,4.02,,6,Right,Left,486,324,55,5,,,0.11
2025-11-13 03:57:51,1.17.2,PR1,18,4.02,,6,Left,Left,487,324,55,5,,,0.02
2025-11-13 03:57:53,1.17.2,PR1,18,4.02,,6,Left,Left,488,324,55,5,,,0.06
2025-11-13 03:57:54,1.17.2,PR1,18,4.02,1.0,6,Pellet,Left,488,324,56,6,0.17,1002.0,
2025-11-13 03:58:02,1.17.2,PR1,18,4.02,,7,Left,Left,489,324,56,6,,,0.33
2025-11-13 03:58:03,1.17.2,PR1,18,4.01,,7,Left,Left,490,324,56,6,,,0.26
2025-11-13 03:58:05,1.17.2,PR1,18,4.01,,7,Left,Left,491,324,56,6,,,0.1
2025-11-13 03:58:07,1.17.2,PR1,18,4.02,,7,Left,Left,492,324,56,6,,,0.42
2025-11-13 03:58:08,1.17.2,PR1,18,4.02,,7,Left,Left,493,324,56,6,,,0.01
2025-11-13 03:58:09,1.17.2,PR1,18,4.02,,7,Left,Left,494,324,56,6,,,0.05
2025-11-13 03:58:11,1.17.2,PR1,18,4.02,,7,Left,Left,495,324,56,6,,,0.23
2025-11-13 03:58:12,1.17.2,PR1,18,4.02,1.0,7,Pellet,Left,495,324,57,7,0.11,18.0,
2025-11-13 03:58:17,1.17.2,PR1,18,4.02,,8,Left,Left,496,324,57,7,,,0.08
2025-11-13 03:58:18,1.17.2,PR1,18,4.01,,8,Left,Left,497,324,57,7,,,0.08
2025-11-13 03:58:21,1.17.2,PR1,18,4.02,,8,Left,Left,498,324,57,7,,,0.07
2025-11-13 03:58:22,1.17.2,PR1,18,4.02,,8,Left,Left,499,324,57,7,,,0.12
2025-11-13 04:06:08,1.17.2,PR1,18,4.01,,8,Right,Left,499,325,57,7,,,0.13
2025-11-13 04:06:09,1.17.2,PR1,18,4.02,,8,Right,Left,499,326,57,7,,,0.1
2025-11-13 04:06:11,1.17.2,PR1,18,4.02,,8,Right,Left,499,327,57,7,,,0.45
2025-11-13 04:06:13,1.17.2,PR1,18,4.02,,8,Right,Left,499,328,57,7,,,0.71
2025-11-13 04:06:15,1.17.2,PR1,18,4.02,,8,Right,Left,499,329,57,7,,,0.41
2025-11-13 04:06:17,1.17.2,PR1,18,4.02,,8,Right,Left,499,330,57,7,,,0.22
2025-11-13 04:06:20,1.17.2,PR1,18,4.02,,8,Left,Left,500,330,57,7,,,0.07
2025-11-13 04:06:22,1.17.2,PR1,18,4.02,,8,Left,Left,501,330,57,7,,,0.04
2025-11-13 04:06:24,1.17.2,PR1,18,4.02,,8,Left,Left,502,330,57,7,,,0.02
2025-11-13 04:06:26,1.17.2,PR1,18,4.02,,8,Left,Left,503,330,57,7,,,0.11
2025-11-13 04:06:27,1.17.2,PR1,18,4.02,1.0,8,Pellet,Left,503,330,58,8,0.35,495.0,
2025-11-13 04:06:33,1.17.2,PR1,18,4.02,,9,Right,Left,503,331,58,8,,,0.12
2025-11-13 04:24:00,1.17.2,PR1,18,4.02,,9,Right,Left,503,332,58,8,,,0.18
2025-11-13 04:24:30,1.17.2,PR1,18,4.02,,9,Right,Left,503,333,58,8,,,0.13
2025-11-13 04:24:31,1.17.2,PR1,18,4.02,,9,Right,Left,503,334,58,8,,,0.14
2025-11-13 04:24:32,1.17.2,PR1,18,4.02,,9,Right,Left,503,335,58,8,,,0.24
2025-11-13 04:24:34,1.17.2,PR1,18,4.02,,9,Right,Left,503,336,58,8,,,0.19
2025-11-13 04:24:36,1.17.2,PR1,18,4.02,,9,Right,Left,503,337,58,8,,,0.19
2025-11-13 04:29:14,1.17.2,PR1,18,4.02,,9,Right,Left,503,338,58,8,,,0.38
2025-11-13 04:29:22,1.17.2,PR1,18,4.02,,9,Left,Left,504,338,58,8,,,0.1
2025-11-13 04:29:23,1.17.2,PR1,18,4.02,,9,Left,Left,505,338,58,8,,,0.01
2025-11-13 04:33:26,1.17.2,PR1,18,4.02,,9,Right,Left,505,339,58,8,,,0.2
2025-11-13 04:38:47,1.17.2,PR1,18,4.02,,9,Left,Left,506,339,58,8,,,0.24
2025-11-13 04:38:50,1.17.2,PR1,18,4.02,,9,Left,Left,507,339,58,8,,,0.79
2025-11-13 04:38:52,1.17.2,PR1,18,4.01,,9,Left,Left,508,339,58,8,,,0.1
2025-11-13 04:38:53,1.17.2,PR1,18,4.02,,9,Left,Left,509,339,58,8,,,0.18
2025-11-13 04:38:55,1.17.2,PR1,18,4.02,,9,Left,Left,510,339,58,8,,,0.04
2025-11-13 04:38:56,1.17.2,PR1,18,4.01,,9,Left,Left,511,339,58,8,,,0.51
2025-11-13 04:38:57,1.17.2,PR1,18,4.01,,9,Left,Left,512,339,58,8,,,0.2
2025-11-13 04:38:58,1.17.2,PR1,18,4.02,1.0,9,Pellet,Left,512,339,59,9,0.11,1951.0,
2025-11-13 04:39:06,1.17.2,PR1,18,4.02,,10,Left,Left,513,339,59,9,,,0.27
2025-11-13 04:39:08,1.17.2,PR1,18,4.02,,10,Left,Left,514,339,59,9,,,0.52
2025-11-13 04:39:10,1.17.2,PR1,18,4.02,,10,Left,Left,515,339,59,9,,,0.07
2025-11-13 04:39:12,1.17.2,PR1,18,4.02,,10,Left,Left,516,339,59,9,,,0.08
2025-11-13 04:39:18,1.17.2,PR1,18,4.02,,10,Left,Left,517,339,59,9,,,0.03
2025-11-13 04:39:19,1.17.2,PR1,18,4.01,,10,Left,Left,518,339,59,9,,,0.0
2025-11-13 04:39:20,1.17.2,PR1,18,4.02,,10,Left,Left,519,339,59,9,,,0.05
2025-11-13 04:39:21,1.17.2,PR1,18,4.02,,10,Left,Left,520,339,59,9,,,0.2
2025-11-13 04:39:23,1.17.2,PR1,18,4.02,,10,Left,Left,521,339,59,9,,,0.1
2025-11-13 04:39:24,1.17.2,PR1,18,4.02,,10,Left,Left,522,339,59,9,,,0.05
2025-11-13 04:39:25,1.17.2,PR1,18,4.02,1.0,10,Pellet,Left,522,339,60,10,0.11,27.0,
2025-11-13 04:39:34,1.17.2,PR1,18,4.02,,11,Right,Left,522,340,60,10,,,0.54
2025-11-13 04:39:35,1.17.2,PR1,18,4.02,,11,Right,Left,522,341,60,10,,,0.07
2025-11-13 04:39:37,1.17.2,PR1,18,4.02,,11,Right,Left,522,342,60,10,,,0.34
2025-11-13 04:39:49,1.17.2,PR1,18,4.02,,11,Left,Left,523,342,60,10,,,0.07
2025-11-13 04:39:50,1.17.2,PR1,18,4.02,,11,Left,Left,524,342,60,10,,,0.05
2025-11-13 04:39:51,1.17.2,PR1,18,4.02,,11,Left,Left,525,342,60,10,,,0.0
2025-11-13 04:39:52,1.17.2,PR1,18,4.02,,11,Left,Left,526,342,60,10,,,0.17
2025-11-13 04:39:54,1.17.2,PR1,18,4.02,,11,Left,Left,527,342,60,10,,,0.05
2025-11-13 04:39:55,1.17.2,PR1,18,4.02,,11,Left,Left,528,342,60,10,,,0.23
2025-11-13 04:39:57,1.17.2,PR1,18,4.02,,11,Left,Left,529,342,60,10,,,0.35
2025-11-13 04:39:58,1.17.2,PR1,18,4.02,,11,Left,Left,530,342,60,10,,,0.22
2025-11-13 04:39:59,1.17.2,PR1,18,4.02,,11,Left,Left,531,342,60,10,,,0.0
2025-11-13 04:40:47,1.17.2,PR1,18,4.02,,11,Left,Left,532,342,60,10,,,0.2
2025-11-13 04:41:01,1.17.2,PR1,18,4.01,,11,Right,Left,532,343,60,10,,,0.12
2025-11-13 04:41:10,1.17.2,PR1,18,4.02,,11,Left,Left,533,343,60,10,,,0.11
2025-11-13 04:41:11,1.17.2,PR1,18,4.02,1.0,11,Pellet,Left,533,343,61,11,0.17,106.0,
2025-11-13 04:41:26,1.17.2,PR1,18,4.02,,12,Left,Left,534,343,61,11,,,0.06
2025-11-13 04:41:29,1.17.2,PR1,18,4.02,,12,Right,Left,534,344,61,11,,,0.39
2025-11-13 04:41:31,1.17.2,PR1,18,4.01,,12,Right,Left,534,345,61,11,,,0.18
2025-11-13 04:41:33,1.17.2,PR1,18,4.02,,12,Right,Left,534,346,61,11,,,0.18
2025-11-13 04:41:35,1.17.2,PR1,18,4.01,,12,Left,Left,535,346,61,11,,,0.08
2025-11-13 04:43:07,1.17.2,PR1,18,4.02,,12,Right,Left,535,347,61,11,,,0.05
2025-11-13 04:43:08,1.17.2,PR1,18,4.02,,12,Right,Left,535,348,61,11,,,0.13
2025-11-13 04:58:17,1.17.2,PR1,18,4.02,,12,Left,Left,536,348,61,11,,,0.14
2025-11-13 04:58:22,1.17.2,PR1,18,4.02,,12,Left,Left,537,348,61,11,,,0.22
2025-11-13 04:58:23,1.17.2,PR1,18,4.02,,12,Left,Left,538,348,61,11,,,0.08
2025-11-13 05:01:09,1.17.2,PR1,18,4.02,,12,Left,Left,539,348,61,11,,,0.22
2025-11-13 05:01:10,1.17.2,PR1,18,4.02,,12,Left,Left,540,348,61,11,,,0.13
2025-11-13 05:02:17,1.17.2,PR1,18,4.02,,12,Left,Left,541,348,61,11,,,0.14
2025-11-13 05:02:18,1.17.2,PR1,18,4.02,,12,Left,Left,542,348,61,11,,,0.14
2025-11-13 05:02:20,1.17.2,PR1,18,4.02,,12,Right,Left,542,349,61,11,,,0.04
2025-11-13 05:09:11,1.17.2,PR1,18,4.01,,12,Left,Left,543,349,61,11,,,0.03
2025-11-13 05:09:15,1.17.2,PR1,18,4.02,,12,Left,Left,544,349,61,11,,,0.15
2025-11-13 05:09:17,1.17.2,PR1,18,4.01,,12,Left,Left,545,349,61,11,,,0.05
2025-11-13 05:09:18,1.17.2,PR1,18,4.02,1.0,12,Pellet,Left,545,349,62,12,0.17,1687.0,
2025-11-13 05:09:28,1.17.2,PR1,18,4.01,,13,Left,Left,546,349,62,12,,,0.05
2025-11-13 05:09:29,1.17.2,PR1,18,4.02,,13,Left,Left,547,349,62,12,,,0.56
2025-11-13 05:09:31,1.17.2,PR1,18,4.02,,13,Left,Left,548,349,62,12,,,0.12
2025-11-13 05:09:32,1.17.2,PR1,18,4.02,,13,Left,Left,549,349,62,12,,,0.11
2025-11-13 05:09:34,1.17.2,PR1,18,4.01,,13,Left,Left,550,349,62,12,,,0.07
2025-11-13 05:09:35,1.17.2,PR1,18,4.02,,13,Left,Left,551,349,62,12,,,0.34
2025-11-13 05:09:38,1.17.2,PR1,18,4.02,,13,Left,Left,552,349,62,12,,,0.12
2025-11-13 05:09:40,1.17.2,PR1,18,4.02,,13,Left,Left,553,349,62,12,,,0.15
2025-11-13 05:09:42,1.17.2,PR1,18,4.02,,13,Left,Left,554,349,62,12,,,0.05
2025-11-13 05:09:43,1.17.2,PR1,18,4.02,,13,Left,Left,555,349,62,12,,,0.11
2025-11-13 05:11:38,1.17.2,PR1,18,4.01,,13,Right,Left,555,350,62,12,,,0.17
2025-11-13 05:11:40,1.17.2,PR1,18,4.02,,13,Right,Left,555,351,62,12,,,0.14
2025-11-13 05:11:54,1.17.2,PR1,18,4.02,,13,Right,Left,555,352,62,12,,,0.26
2025-11-13 05:11:57,1.17.2,PR1,18,4.02,,13,Left,Left,556,352,62,12,,,0.01
2025-11-13 05:12:02,1.17.2,PR1,18,4.01,,13,Left,Left,557,352,62,12,,,0.14
2025-11-13 05:21:51,1.17.2,PR1,18,4.02,,13,Right,Left,557,353,62,12,,,0.13
2025-11-13 05:21:52,1.17.2,PR1,18,4.02,,13,Right,Left,557,354,62,12,,,0.0
2025-11-13 05:21:54,1.17.2,PR1,18,4.01,,13,Right,Left,557,355,62,12,,,0.18
2025-11-13 05:21:56,1.17.2,PR1,18,4.01,,13,Right,Left,557,356,62,12,,,0.12
2025-11-13 05:21:59,1.17.2,PR1,18,4.02,,13,Left,Left,558,356,62,12,,,0.15
2025-11-13 05:22:00,1.17.2,PR1,18,4.02,1.0,13,Pellet,Left,558,356,63,13,0.11,762.0,
2025-11-13 05:22:09,1.17.2,PR1,18,4.02,,14,Left,Left,559,356,63,13,,,0.07
2025-11-13 05:22:15,1.17.2,PR1,18,4.02,,14,Left,Left,560,356,63,13,,,0.08
2025-11-13 05:22:17,1.17.2,PR1,18,4.02,,14,Left,Left,561,356,63,13,,,0.04
2025-11-13 05:22:18,1.17.2,PR1,18,4.02,,14,Left,Left,562,356,63,13,,,0.1
2025-11-13 05:22:19,1.17.2,PR1,18,4.02,,14,Left,Left,563,356,63,13,,,0.11
2025-11-13 05:22:23,1.17.2,PR1,18,4.02,,14,Left,Left,564,356,63,13,,,0.05
2025-11-13 05:27:01,1.17.2,PR1,18,4.02,,14,Right,Left,564,357,63,13,,,0.12
2025-11-13 05:27:51,1.17.2,PR1,18,4.01,,14,Left,Left,565,357,63,13,,,0.18
2025-11-13 05:28:17,1.17.2,PR1,18,4.02,,14,Right,Left,565,358,63,13,,,0.04
2025-11-13 05:28:18,1.17.2,PR1,18,4.02,,14,Right,Left,565,359,63,13,,,0.17
2025-11-13 05:28:19,1.17.2,PR1,18,4.02,,14,Right,Left,565,360,63,13,,,0.13
2025-11-13 05:28:21,1.17.2,PR1,18,4.01,,14,Left,Left,566,360,63,13,,,0.09
2025-11-13 05:30:21,1.17.2,PR1,18,4.02,,14,Right,Left,566,361,63,13,,,0.01
2025-11-13 05:30:22,1.17.2,PR1,18,4.02,,14,Right,Left,566,362,63,13,,,0.19
2025-11-13 05:40:55,1.17.2,PR1,18,4.02,,14,Right,Left,566,363,63,13,,,0.16
2025-11-13 05:41:06,1.17.2,PR1,18,4.02,,14,Left,Left,567,363,63,13,,,0.11
2025-11-13 05:41:08,1.17.2,PR1,18,4.02,,14,Left,Left,568,363,63,13,,,0.27
2025-11-13 05:41:08,1.17.2,PR1,18,4.01,,14,Left,Left,569,363,63,13,,,0.0
2025-11-13 05:46:01,1.17.2,PR1,18,4.02,,14,Right,Left,569,364,63,13,,,0.05
2025-11-13 05:46:02,1.17.2,PR1,18,4.02,,14,Right,Left,569,365,63,13,,,0.13
2025-11-13 05:46:03,1.17.2,PR1,18,4.02,,14,Right,Left,569,366,63,13,,,0.17
2025-11-13 05:46:04,1.17.2,PR1,18,4.02,,14,Right,Left,569,367,63,13,,,0.16
2025-11-13 05:46:05,1.17.2,PR1,18,4.02,,14,Right,Left,569,368,63,13,,,0.12
2025-11-13 05:46:07,1.17.2,PR1,18,4.02,,14,Right,Left,569,369,63,13,,,0.17
2025-11-13 05:46:10,1.17.2,PR1,18,4.02,,14,Left,Left,570,369,63,13,,,0.27
2025-11-13 05:46:11,1.17.2,PR1,18,4.02,,14,Left,Left,571,369,63,13,,,0.09
2025-11-13 05:46:17,1.17.2,PR1,18,4.02,,14,Left,Left,572,369,63,13,,,0.15
2025-11-13 05:46:18,1.17.2,PR1,18,4.01,,14,LeftDuringDispense,Left,573,369,63,14,,,0.01
2025-11-13 05:46:18,1.17.2,PR1,18,4.02,1.0,14,Pellet,Left,573,369,64,14,0.35,1458.0,
2025-11-13 05:46:32,1.17.2,PR1,18,4.02,,15,Left,Left,574,369,64,14,,,0.46
2025-11-13 05:46:34,1.17.2,PR1,18,4.02,,15,Left,Left,575,369,64,14,,,0.31
2025-11-13 05:46:35,1.17.2,PR1,18,4.02,,15,Left,Left,576,369,64,14,,,0.23
2025-11-13 05:46:36,1.17.2,PR1,18,4.02,,15,Left,Left,577,369,64,14,,,0.07
2025-11-13 05:46:38,1.17.2,PR1,18,4.01,,15,Left,Left,578,369,64,14,,,0.08
2025-11-13 05:52:06,1.17.2,PR1,18,4.01,,15,Right,Left,578,370,64,14,,,0.04
2025-11-13 05:55:18,1.17.2,PR1,18,4.02,,15,Left,Left,579,370,64,14,,,0.12
2025-11-13 05:55:20,1.17.2,PR1,18,4.01,,15,Left,Left,580,370,64,14,,,0.37
2025-11-13 05:55:22,1.17.2,PR1,18,4.02,,15,Left,Left,581,370,64,14,,,0.17
2025-11-13 05:55:23,1.17.2,PR1,18,4.02,,15,Left,Left,582,370,64,14,,,0.18
2025-11-13 05:55:24,1.17.2,PR1,18,4.01,,15,Left,Left,583,370,64,14,,,0.15
2025-11-13 05:55:25,1.17.2,PR1,18,4.02,,15,Left,Left,584,370,64,14,,,0.06
2025-11-13 05:55:27,1.17.2,PR1,18,4.02,,15,Left,Left,585,370,64,14,,,0.22
2025-11-13 05:55:59,1.17.2,PR1,18,4.02,,15,Left,Left,586,370,64,14,,,0.09
2025-11-13 05:56:00,1.17.2,PR1,18,4.02,,15,Left,Left,587,370,64,14,,,0.16
2025-11-13 05:56:01,1.17.2,PR1,18,4.02,,15,Left,Left,588,370,64,14,,,0.13
2025-11-13 05:56:02,1.17.2,PR1,18,4.01,2.0,15,Pellet,Left,588,370,65,15,0.06,584.0,
2025-11-13 05:56:14,1.17.2,PR1,18,4.02,,16,Left,Left,589,370,65,15,,,0.1
2025-11-13 05:56:15,1.17.2,PR1,18,4.02,,16,Left,Left,590,370,65,15,,,0.2
2025-11-13 05:56:17,1.17.2,PR1,18,4.02,,16,Left,Left,591,370,65,15,,,0.32
2025-11-13 05:56:25,1.17.2,PR1,18,4.01,,16,Right,Left,591,371,65,15,,,0.31
2025-11-13 05:56:25,1.17.2,PR1,18,4.02,,16,Right,Left,591,372,65,15,,,0.18
2025-11-13 05:56:33,1.17.2,PR1,18,4.01,,16,Left,Left,592,372,65,15,,,0.18
2025-11-13 05:56:35,1.17.2,PR1,18,4.02,,16,Left,Left,593,372,65,15,,,0.09
2025-11-13 05:56:37,1.17.2,PR1,18,4.02,,16,Right,Left,593,373,65,15,,,0.13
2025-11-13 05:56:38,1.17.2,PR1,18,4.02,,16,Right,Left,593,374,65,15,,,0.17
2025-11-13 05:56:45,1.17.2,PR1,18,4.02,,16,Left,Left,594,374,65,15,,,0.1
2025-11-13 05:58:12,1.17.2,PR1,18,4.02,,16,Right,Left,594,375,65,15,,,0.07
2025-11-13 05:58:13,1.17.2,PR1,18,4.02,,16,Right,Left,594,376,65,15,,,0.15
2025-11-13 05:58:17,1.17.2,PR1,18,4.01,,16,Right,Left,594,377,65,15,,,0.47
2025-11-13 06:00:52,1.17.2,PR1,18,4.01,,16,Right,Left,594,378,65,15,,,0.08
2025-11-13 06:06:02,1.17.2,PR1,18,4.02,,16,Left,Left,595,378,65,15,,,0.05
2025-11-13 06:06:06,1.17.2,PR1,18,4.02,,16,Left,Left,596,378,65,15,,,0.06
2025-11-13 06:06:10,1.17.2,PR1,18,4.02,,16,Right,Left,596,379,65,15,,,0.03
2025-11-13 06:06:11,1.17.2,PR1,18,4.02,,16,Right,Left,596,380,65,15,,,0.1
2025-11-13 06:11:24,1.17.2,PR1,18,4.02,,16,Right,Left,596,381,65,15,,,0.09
2025-11-13 06:11:26,1.17.2,PR1,18,4.02,,16,Left,Left,597,381,65,15,,,0.01
2025-11-13 06:11:29,1.17.2,PR1,18,4.01,,16,Left,Left,598,381,65,15,,,0.2
2025-11-13 06:11:31,1.17.2,PR1,18,4.01,,16,Left,Left,599,381,65,15,,,0.1
2025-11-13 06:17:48,1.17.2,PR1,18,4.02,,16,Left,Left,600,381,65,15,,,0.05
2025-11-13 06:17:49,1.17.2,PR1,18,4.02,,16,Left,Left,601,381,65,15,,,0.02
2025-11-13 06:17:51,1.17.2,PR1,18,4.02,,16,Left,Left,602,381,65,15,,,0.32
2025-11-13 06:17:52,1.17.2,PR1,18,4.01,,16,Left,Left,603,381,65,15,,,0.23
2025-11-13 06:17:54,1.17.2,PR1,18,4.02,,16,Left,Left,604,381,65,15,,,0.31
2025-11-13 06:17:55,1.17.2,PR1,18,4.02,2.0,16,Pellet,Left,604,381,66,16,0.17,1313.0,
2025-11-13 06:18:21,1.17.2,PR1,18,4.02,,17,Left,Left,605,381,66,16,,,0.07
2025-11-13 06:18:24,1.17.2,PR1,18,4.02,,17,Left,Left,606,381,66,16,,,0.06
2025-11-13 06:18:25,1.17.2,PR1,18,4.02,,17,Left,Left,607,381,66,16,,,0.36
2025-11-13 06:18:26,1.17.2,PR1,18,4.02,,17,Left,Left,608,381,66,16,,,0.49
2025-11-13 06:18:29,1.17.2,PR1,18,4.01,,17,Left,Left,609,381,66,16,,,0.07
2025-11-13 06:18:31,1.17.2,PR1,18,4.02,,17,Left,Left,610,381,66,16,,,0.13
2025-11-13 06:18:33,1.17.2,PR1,18,4.01,,17,Left,Left,611,381,66,16,,,0.25
2025-11-13 06:18:34,1.17.2,PR1,18,4.02,,17,Left,Left,612,381,66,16,,,0.17
2025-11-13 06:18:35,1.17.2,PR1,18,4.02,,17,Left,Left,613,381,66,16,,,0.27
2025-11-13 06:18:36,1.17.2,PR1,18,4.02,,17,Right,Left,613,382,66,16,,,0.01
2025-11-13 06:18:37,1.17.2,PR1,18,4.01,,17,Right,Left,613,383,66,16,,,0.39
2025-11-13 06:18:39,1.17.2,PR1,18,4.01,,17,Right,Left,613,384,66,16,,,0.74
2025-11-13 06:18:47,1.17.2,PR1,18,4.02,,17,Left,Left,614,384,66,16,,,0.14
2025-11-13 06:18:48,1.17.2,PR1,18,4.02,,17,Left,Left,615,384,66,16,,,0.11
2025-11-13 06:18:53,1.17.2,PR1,18,4.02,,17,Right,Left,615,385,66,16,,,0.11
2025-11-13 06:27:34,1.17.2,PR1,18,4.02,,17,Left,Left,616,385,66,16,,,0.17
2025-11-13 06:28:11,1.17.2,PR1,18,4.02,,17,Right,Left,616,386,66,16,,,0.02
2025-11-13 06:28:13,1.17.2,PR1,18,4.01,,17,Left,Left,617,386,66,16,,,0.06
2025-11-13 06:28:19,1.17.2,PR1,18,4.02,,17,Left,Left,618,386,66,16,,,0.01
2025-11-13 06:31:25,1.17.2,PR1,18,4.02,,17,Right,Left,618,387,66,16,,,0.1
2025-11-13 06:31:33,1.17.2,PR1,18,4.01,,17,Left,Left,619,387,66,16,,,0.09
2025-11-13 06:33:38,1.17.2,PR1,18,4.01,,17,Left,Left,620,387,66,16,,,0.0
2025-11-13 06:33:38,1.17.2,PR1,18,4.02,,17,Right,Left,620,388,66,16,,,0.0
2025-11-13 06:33:41,1.17.2,PR1,18,4.02,,17,Right,Left,620,389,66,16,,,0.13
2025-11-13 06:33:43,1.17.2,PR1,18,4.02,,17,Left,Left,621,389,66,16,,,0.06
2025-11-13 06:33:44,1.17.2,PR1,18,4.02,1.0,17,Pellet,Left,621,389,67,17,0.17,949.0,
2025-11-13 06:33:57,1.17.2,PR1,18,4.01,,18,Left,Left,622,389,67,17,,,0.12
2025-11-13 06:33:58,1.17.2,PR1,18,4.02,,18,Left,Left,623,389,67,17,,,0.07
2025-11-13 06:33:59,1.17.2,PR1,18,4.01,,18,Left,Left,624,389,67,17,,,0.22
2025-11-13 06:36:17,1.17.2,PR1,18,4.02,,18,Right,Left,624,390,67,17,,,0.08
2025-11-13 06:36:20,1.17.2,PR1,18,4.02,,18,Right,Left,624,391,67,17,,,0.12
2025-11-13 06:44:36,1.17.2,PR1,18,4.02,,18,Left,Left,625,391,67,17,,,0.22
2025-11-13 06:44:38,1.17.2,PR1,18,4.02,,18,Left,Left,626,391,67,17,,,0.04
2025-11-13 06:44:39,1.17.2,PR1,18,4.01,,18,Left,Left,627,391,67,17,,,0.09
2025-11-13 06:44:41,1.17.2,PR1,18,4.02,,18,Left,Left,628,391,67,17,,,0.1
2025-11-13 06:44:43,1.17.2,PR1,18,4.02,,18,Left,Left,629,391,67,17,,,0.05
2025-11-13 06:44:44,1.17.2,PR1,18,4.01,,18,Left,Left,630,391,67,17,,,0.32
2025-11-13 06:44:49,1.17.2,PR1,18,4.02,,18,Right,Left,630,392,67,17,,,0.17
2025-11-13 06:44:50,1.17.2,PR1,18,4.01,,18,Right,Left,630,393,67,17,,,0.1
2025-11-13 06:51:07,1.17.2,PR1,18,4.02,,18,Right,Left,630,394,67,17,,,0.11
2025-11-13 06:51:18,1.17.2,PR1,18,4.01,,18,Left,Left,631,394,67,17,,,0.07
2025-11-13 06:52:50,1.17.2,PR1,18,4.01,,18,Left,Left,632,394,67,17,,,0.1
2025-11-13 06:52:54,1.17.2,PR1,18,4.02,,18,Right,Left,632,395,67,17,,,0.24
2025-11-13 06:53:07,1.17.2,PR1,18,4.02,,18,Right,Left,632,396,67,17,,,0.07
2025-11-13 07:06:10,1.17.2,PR1,18,4.02,,18,Left,Left,633,396,67,17,,,0.29
2025-11-13 07:06:11,1.17.2,PR1,18,4.02,,18,Left,Left,634,396,67,17,,,0.18
2025-11-13 07:06:13,1.17.2,PR1,18,4.01,,18,Left,Left,635,396,67,17,,,0.11
2025-11-13 07:06:14,1.17.2,PR1,18,4.02,,18,Left,Left,636,396,67,17,,,0.15
2025-11-13 07:06:17,1.17.2,PR1,18,4.01,,18,Right,Left,636,397,67,17,,,0.17
2025-11-13 09:49:23,1.17.2,PR1,18,4.01,,1,Right,Left,636,398,67,0,,,0.35
2025-11-13 09:49:24,1.17.2,PR1,18,4.01,,1,Right,Left,636,399,67,0,,,0.24
2025-11-13 09:49:25,1.17.2,PR1,18,4.01,,1,Right,Left,636,400,67,0,,,0.14
2025-11-13 09:49:27,1.17.2,PR1,18,4.02,,1,Left,Left,637,400,67,0,,,0.09
2025-11-13 09:49:29,1.17.2,PR1,18,4.01,1.0,1,Pellet,Left,637,400,68,1,1.55,11745.0,
2025-11-13 09:49:34,1.17.2,PR1,18,4.01,,2,Left,Left,638,400,68,1,,,0.02
2025-11-13 09:49:35,1.17.2,PR1,18,4.02,,2,Left,Left,639,400,68,1,,,0.29
2025-11-13 09:49:36,1.17.2,PR1,18,4.02,1.0,2,Pellet,Left,639,400,69,2,0.53,7.0,
2025-11-13 09:49:43,1.17.2,PR1,18,4.01,,3,Left,Left,640,400,69,2,,,0.08
2025-11-13 09:49:43,1.17.2,PR1,18,4.01,,3,Left,Left,641,400,69,2,,,0.1
2025-11-13 09:49:45,1.17.2,PR1,18,4.01,,3,Left,Left,642,400,69,2,,,0.02
2025-11-13 09:49:47,1.17.2,PR1,18,4.01,1.0,3,Pellet,Left,642,400,70,3,1.07,11.0,
2025-11-13 09:49:51,1.17.2,PR1,18,4.01,,4,Left,Left,643,400,70,3,,,0.04
2025-11-13 09:49:52,1.17.2,PR1,18,4.01,,4,Left,Left,644,400,70,3,,,0.04
2025-11-13 09:49:53,1.17.2,PR1,18,4.01,,4,Left,Left,645,400,70,3,,,0.02
2025-11-13 09:49:55,1.17.2,PR1,18,4.01,,4,Left,Left,646,400,70,3,,,0.12
2025-11-13 09:49:55,1.17.2,PR1,18,4.02,1.0,4,Pellet,Left,646,400,71,4,0.17,8.0,
2025-11-13 09:50:01,1.17.2,PR1,18,4.01,,5,Left,Left,647,400,71,4,,,0.06
2025-11-13 09:50:02,1.17.2,PR1,18,4.01,,5,Left,Left,648,400,71,4,,,0.09
2025-11-13 09:50:04,1.17.2,PR1,18,4.02,,5,Left,Left,649,400,71,4,,,0.15
2025-11-13 09:50:06,1.17.2,PR1,18,4.01,,5,Right,Left,649,401,71,4,,,0.16
2025-11-13 09:50:13,1.17.2,PR1,18,4.01,,5,Left,Left,650,401,71,4,,,0.01
2025-11-13 09:50:14,1.17.2,PR1,18,4.01,,5,Left,Left,651,401,71,4,,,0.28
2025-11-13 09:50:15,1.17.2,PR1,18,4.01,1.0,5,Pellet,Left,651,401,72,5,0.17,20.0,
2025-11-13 09:50:21,1.17.2,PR1,18,4.02,,6,Left,Left,652,401,72,5,,,0.04
2025-11-13 09:50:28,1.17.2,PR1,18,4.01,,6,Left,Left,653,401,72,5,,,0.15
2025-11-13 09:50:29,1.17.2,PR1,18,4.01,,6,Left,Left,654,401,72,5,,,0.27
2025-11-13 09:51:04,1.17.2,PR1,18,4.01,,6,Left,Left,655,401,72,5,,,0.27
2025-11-13 09:51:10,1.17.2,PR1,18,4.02,,6,Right,Left,655,402,72,5,,,0.17
2025-11-13 09:54:35,1.17.2,PR1,18,4.01,,6,Right,Left,655,403,72,5,,,0.15
2025-11-13 10:06:56,1.17.2,PR1,18,4.01,,6,Left,Left,656,403,72,5,,,0.1
2025-11-13 10:06:57,1.17.2,PR1,18,4.0,,6,Left,Left,657,403,72,5,,,0.15
2025-11-13 10:06:59,1.17.2,PR1,18,4.01,1.0,6,Pellet,Left,657,403,73,6,0.65,1004.0,
2025-11-13 10:07:10,1.17.2,PR1,18,4.02,,7,Left,Left,658,403,73,6,,,0.37
2025-11-13 10:07:12,1.17.2,PR1,18,4.01,,7,Left,Left,659,403,73,6,,,0.03
2025-11-13 10:07:13,1.17.2,PR1,18,4.01,,7,Left,Left,660,403,73,6,,,0.11
2025-11-13 10:07:15,1.17.2,PR1,18,4.01,,7,Left,Left,661,403,73,6,,,0.51
2025-11-13 10:07:16,1.17.2,PR1,18,4.01,,7,Left,Left,662,403,73,6,,,0.25
2025-11-13 10:07:18,1.17.2,PR1,18,4.01,,7,Left,Left,663,403,73,6,,,0.12
2025-11-13 10:07:19,1.17.2,PR1,18,4.02,,7,Left,Left,664,403,73,6,,,0.09
2025-11-13 10:07:21,1.17.2,PR1,18,4.01,1.0,7,Pellet,Left,664,403,74,7,0.47,22.0,
2025-11-13 10:07:28,1.17.2,PR1,18,4.01,,8,Left,Left,665,403,74,7,,,0.56
2025-11-13 10:07:29,1.17.2,PR1,18,4.01,,8,Left,Left,666,403,74,7,,,0.49
2025-11-13 10:07:31,1.17.2,PR1,18,4.01,,8,Left,Left,667,403,74,7,,,0.12
2025-11-13 10:13:14,1.17.2,PR1,18,4.01,,8,Left,Left,668,403,74,7,,,0.24
2025-11-13 10:13:16,1.17.2,PR1,18,4.01,,8,Left,Left,669,403,74,7,,,0.02
2025-11-13 10:13:18,1.17.2,PR1,18,4.01,,8,Left,Left,670,403,74,7,,,0.5
2025-11-13 10:13:20,1.17.2,PR1,18,4.01,,8,Left,Left,671,403,74,7,,,0.21
2025-11-13 10:13:22,1.17.2,PR1,18,4.02,,8,Left,Left,672,403,74,7,,,0.06
2025-11-13 10:13:23,1.17.2,PR1,18,4.01,1.0,8,Pellet,Left,672,403,75,8,0.29,362.0,
2025-11-13 10:13:33,1.17.2,PR1,18,4.01,,9,Left,Left,673,403,75,8,,,0.04
2025-11-13 10:13:34,1.17.2,PR1,18,4.01,,9,Left,Left,674,403,75,8,,,0.1
2025-11-13 10:13:35,1.17.2,PR1,18,4.01,,9,Left,Left,675,403,75,8,,,0.09
2025-11-13 10:13:37,1.17.2,PR1,18,4.02,,9,Left,Left,676,403,75,8,,,0.03
2025-11-13 10:16:49,1.17.2,PR1,18,4.01,,9,Left,Left,677,403,75,8,,,0.09
2025-11-13 10:16:49,1.17.2,PR1,18,4.01,,9,Left,Left,678,403,75,8,,,0.09
2025-11-13 13:11:29,1.17.2,PR1,18,4.01,,1,Left,Left,679,403,75,0,,,0.17
2025-11-13 13:11:30,1.17.2,PR1,18,4.01,1.0,1,Pellet,Left,679,403,76,1,0.29,10687.0,
2025-11-13 13:11:39,1.17.2,PR1,18,4.01,,2,Left,Left,680,403,76,1,,,0.03
2025-11-13 13:11:42,1.17.2,PR1,18,4.01,,2,Left,Left,681,403,76,1,,,0.02
2025-11-13 13:11:43,1.17.2,PR1,18,4.01,1.0,2,Pellet,Left,681,403,77,2,0.11,13.0,
2025-11-13 13:11:53,1.17.2,PR1,18,4.0,,3,Left,Left,682,403,77,2,,,0.04
2025-11-13 13:11:54,1.17.2,PR1,18,4.01,,3,Left,Left,683,403,77,2,,,0.37
2025-11-13 13:11:56,1.17.2,PR1,18,4.01,,3,Left,Left,684,403,77,2,,,0.16
2025-11-13 13:11:57,1.17.2,PR1,18,4.0,1.0,3,Pellet,Left,684,403,78,3,0.23,14.0,
2025-11-13 13:12:08,1.17.2,PR1,18,4.0,,4,Left,Left,685,403,78,3,,,0.03
2025-11-13 13:12:10,1.17.2,PR1,18,4.0,,4,Left,Left,686,403,78,3,,,0.67
2025-11-13 13:12:16,1.17.2,PR1,18,4.01,,4,Right,Left,686,404,78,3,,,0.0
2025-11-13 13:13:32,1.17.2,PR1,18,4.01,,4,Left,Left,687,404,78,3,,,0.01
2025-11-13 13:20:22,1.17.2,PR1,18,4.01,,4,Right,Left,687,405,78,3,,,0.06
2025-11-13 13:26:24,1.17.2,PR1,18,4.0,,4,Left,Left,688,405,78,3,,,0.02
2025-11-13 13:26:25,1.17.2,PR1,18,4.01,1.0,4,Pellet,Left,688,405,79,4,0.29,868.0,
2025-11-13 13:26:33,1.17.2,PR1,18,4.01,,5,Left,Left,689,405,79,4,,,0.07
2025-11-13 13:26:34,1.17.2,PR1,18,4.01,,5,Left,Left,690,405,79,4,,,0.1
2025-11-13 15:46:00,1.17.2,PR1,18,4.0,,1,Right,Left,690,406,79,0,,,0.42
2025-11-13 15:46:06,1.17.2,PR1,18,4.0,,1,Right,Left,690,407,79,0,,,0.01
2025-11-13 15:46:07,1.17.2,PR1,18,4.0,,1,Right,Left,690,408,79,0,,,0.2
2025-11-13 15:46:14,1.17.2,PR1,18,4.01,,1,Left,Left,691,408,79,0,,,0.43
2025-11-13 15:46:15,1.17.2,PR1,18,4.0,1.0,1,Pellet,Left,691,408,80,1,0.23,8390.0,
2025-11-13 15:46:28,1.17.2,PR1,18,4.0,,2,Left,Left,692,408,80,1,,,0.55
2025-11-13 15:46:29,1.17.2,PR1,18,4.01,,2,Left,Left,693,408,80,1,,,0.13
2025-11-13 15:46:30,1.17.2,PR1,18,4.01,1.0,2,Pellet,Left,693,408,81,2,0.41,15.0,
2025-11-13 15:46:40,1.17.2,PR1,18,4.01,,3,Left,Left,694,408,81,2,,,0.03
2025-11-13 15:46:43,1.17.2,PR1,18,4.01,,3,Left,Left,695,408,81,2,,,0.56
2025-11-13 15:46:44,1.17.2,PR1,18,4.01,,3,Left,Left,696,408,81,2,,,0.93
2025-11-13 15:46:45,1.17.2,PR1,18,4.01,1.0,3,Pellet,Left,696,408,82,3,0.17,15.0,
2025-11-13 15:46:59,1.17.2,PR1,18,4.01,,4,Left,Left,697,408,82,3,,,0.4
2025-11-13 15:47:00,1.17.2,PR1,18,4.01,,4,Left,Left,698,408,82,3,,,0.49
2025-11-13 15:47:01,1.17.2,PR1,18,4.0,,4,Left,Left,699,408,82,3,,,0.17
2025-11-13 15:47:03,1.17.2,PR1,18,4.01,,4,Left,Left,700,408,82,3,,,0.45
2025-11-13 15:47:03,1.17.2,PR1,18,4.0,1.0,4,Pellet,Left,700,408,83,4,0.12,18.0,
2025-11-13 15:47:19,1.17.2,PR1,18,4.0,,5,Right,Left,700,409,83,4,,,0.02
2025-11-13 15:47:23,1.17.2,PR1,18,4.0,,5,Left,Left,701,409,83,4,,,0.13
2025-11-13 15:47:25,1.17.2,PR1,18,4.0,,5,Left,Left,702,409,83,4,,,0.06
2025-11-13 15:47:27,1.17.2,PR1,18,4.01,,5,Left,Left,703,409,83,4,,,0.05
2025-11-13 15:47:28,1.17.2,PR1,18,4.01,,5,Left,Left,704,409,83,4,,,0.09
2025-11-13 15:47:30,1.17.2,PR1,18,4.0,,5,Left,Left,705,409,83,4,,,0.22
2025-11-13 15:47:31,1.17.2,PR1,18,4.0,1.0,5,Pellet,Left,705,409,84,5,0.17,28.0,
2025-11-13 15:47:39,1.17.2,PR1,18,4.0,,6,Left,Left,706,409,84,5,,,0.28
2025-11-13 15:47:47,1.17.2,PR1,18,4.01,,6,Left,Left,707,409,84,5,,,0.07
2025-11-13 15:47:48,1.17.2,PR1,18,4.01,,6,Left,Left,708,409,84,5,,,0.3
2025-11-13 15:47:49,1.17.2,PR1,18,4.01,,6,Left,Left,709,409,84,5,,,0.25
2025-11-13 15:47:50,1.17.2,PR1,18,4.0,,6,Left,Left,710,409,84,5,,,0.09
2025-11-13 15:47:51,1.17.2,PR1,18,4.0,,6,Left,Left,711,409,84,5,,,0.0
2025-11-13 15:47:52,1.17.2,PR1,18,4.01,1.0,6,Pellet,Left,711,409,85,6,0.11,20.0,
2025-11-13 17:18:36,1.17.2,PR1,18,4.0,,1,Left,Left,712,409,85,0,,,0.02
2025-11-13 17:18:37,1.17.2,PR1,18,4.0,1.0,1,Pellet,Left,712,409,86,1,0.06,5446.0,
2025-11-13 17:18:52,1.17.2,PR1,18,4.0,,2,Left,Left,713,409,86,1,,,0.06
2025-11-13 17:18:55,1.17.2,PR1,18,4.0,,2,Left,Left,714,409,86,1,,,0.05
2025-11-13 17:18:56,1.17.2,PR1,18,4.0,1.0,2,Pellet,Left,714,409,87,2,0.11,18.0,
2025-11-13 17:19:09,1.17.2,PR1,18,4.0,,3,Left,Left,715,409,87,2,,,0.04
2025-11-13 17:19:11,1.17.2,PR1,18,4.0,,3,Left,Left,716,409,87,2,,,0.07
2025-11-13 17:19:12,1.17.2,PR1,18,4.01,,3,Left,Left,717,409,87,2,,,0.14
2025-11-13 17:19:14,1.17.2,PR1,18,4.01,1.0,3,Pellet,Left,717,409,88,3,0.29,18.0,
2025-11-13 17:19:25,1.17.2,PR1,18,4.0,,4,Left,Left,718,409,88,3,,,0.01
2025-11-13 17:19:27,1.17.2,PR1,18,4.0,,4,Left,Left,719,409,88,3,,,0.16
2025-11-13 17:19:29,1.17.2,PR1,18,4.01,,4,Left,Left,720,409,88,3,,,0.33
2025-11-13 17:19:30,1.17.2,PR1,18,4.0,,4,Left,Left,721,409,88,3,,,0.0
2025-11-13 17:19:31,1.17.2,PR1,18,4.01,1.0,4,Pellet,Left,721,409,89,4,0.06,18.0,
2025-11-13 17:19:57,1.17.2,PR1,18,4.0,,5,Left,Left,722,409,89,4,,,0.03
2025-11-13 17:20:02,1.17.2,PR1,18,4.01,,5,Left,Left,723,409,89,4,,,0.02
2025-11-13 17:20:02,1.17.2,PR1,18,4.01,,5,Left,Left,724,409,89,4,,,0.01
2025-11-13 17:20:55,1.17.2,PR1,18,4.0,,5,Right,Left,724,410,89,4,,,0.31
2025-11-13 17:21:00,1.17.2,PR1,18,4.0,,5,Right,Left,724,411,89,4,,,0.4
2025-11-13 17:21:02,1.17.2,PR1,18,4.0,,5,Right,Left,724,412,89,4,,,0.13
2025-11-13 17:30:06,1.17.2,PR1,18,4.0,,5,Left,Left,725,412,89,4,,,0.35
2025-11-13 17:47:57,1.17.2,PR1,18,4.0,,5,Left,Left,726,412,89,4,,,0.47
2025-11-13 17:47:58,1.17.2,PR1,18,4.01,1.0,5,Pellet,Left,726,412,90,5,0.12,1707.0,
2025-11-13 17:48:22,1.17.2,PR1,18,4.0,,6,Left,Left,727,412,90,5,,,0.3
2025-11-13 17:48:24,1.17.2,PR1,18,4.01,,6,Left,Left,728,412,90,5,,,0.06
2025-11-13 17:48:28,1.17.2,PR1,18,4.0,,6,Left,Left,729,412,90,5,,,0.08
2025-11-13 17:48:28,1.17.2,PR1,18,4.0,,6,Left,Left,730,412,90,5,,,0.0
2025-11-13 17:48:29,1.17.2,PR1,18,4.0,,6,Left,Left,731,412,90,5,,,0.02
2025-11-13 17:48:30,1.17.2,PR1,18,4.01,,6,Left,Left,732,412,90,5,,,0.07
2025-11-13 17:48:31,1.17.2,PR1,18,4.01,1.0,6,Pellet,Left,732,412,91,6,0.06,33.0,
2025-11-13 17:48:45,1.17.2,PR1,18,4.01,,7,Left,Left,733,412,91,6,,,0.02
2025-11-13 17:48:46,1.17.2,PR1,18,4.0,,7,Left,Left,734,412,91,6,,,0.02
2025-11-13 17:48:47,1.17.2,PR1,18,4.0,,7,Left,Left,735,412,91,6,,,0.05
2025-11-13 17:48:50,1.17.2,PR1,18,4.0,,7,Left,Left,736,412,91,6,,,0.03
2025-11-13 17:48:53,1.17.2,PR1,18,4.01,,7,Right,Left,736,413,91,6,,,0.24
2025-11-13 17:48:53,1.17.2,PR1,18,4.0,,7,Right,Left,736,414,91,6,,,0.0
2025-11-13 17:49:54,1.17.2,PR1,18,4.0,,7,Right,Left,736,415,91,6,,,0.1
2025-11-13 17:51:29,1.17.2,PR1,18,4.0,,7,Right,Left,736,416,91,6,,,0.16
2025-11-13 17:58:03,1.17.2,PR1,18,4.0,,7,Left,Left,737,416,91,6,,,0.03
2025-11-13 18:00:46,1.17.2,PR1,18,4.0,,7,Left,Left,738,416,91,6,,,0.17
2025-11-13 18:00:48,1.17.2,PR1,18,4.0,,7,Left,Left,739,416,91,6,,,0.18
2025-11-13 18:00:49,1.17.2,PR1,18,4.0,1.0,7,Pellet,Left,739,416,92,7,0.29,738.0,
2025-11-13 18:25:03,1.17.2,PR1,18,4.0,,8,Left,Left,740,416,92,7,,,0.27
2025-11-13 18:25:05,1.17.2,PR1,18,3.99,,8,Left,Left,741,416,92,7,,,0.2
2025-11-13 18:25:09,1.17.2,PR1,18,4.0,,8,Left,Left,742,416,92,7,,,0.32
2025-11-13 18:25:10,1.17.2,PR1,18,4.01,,8,Left,Left,743,416,92,7,,,0.05
2025-11-13 18:25:13,1.17.2,PR1,18,4.0,,8,Left,Left,744,416,92,7,,,0.9
2025-11-13 18:25:14,1.17.2,PR1,18,4.0,,8,Left,Left,745,416,92,7,,,0.42
2025-11-13 18:25:15,1.17.2,PR1,18,4.0,,8,Left,Left,746,416,92,7,,,0.03
2025-11-13 18:25:16,1.17.2,PR1,18,4.0,,8,Left,Left,747,416,92,7,,,0.0
2025-11-13 18:25:17,1.17.2,PR1,18,4.0,1.0,8,Pellet,Left,747,416,93,8,0.12,1468.0,
2025-11-13 18:25:29,1.17.2,PR1,18,4.0,,9,Left,Left,748,416,93,8,,,0.08
2025-11-13 18:25:31,1.17.2,PR1,18,4.0,,9,Left,Left,749,416,93,8,,,0.68
2025-11-13 18:25:32,1.17.2,PR1,18,4.0,,9,Left,Left,750,416,93,8,,,0.23
2025-11-13 18:25:34,1.17.2,PR1,18,4.0,,9,Left,Left,751,416,93,8,,,0.45
2025-11-13 18:25:35,1.17.2,PR1,18,4.0,,9,Left,Left,752,416,93,8,,,0.42
2025-11-13 18:25:36,1.17.2,PR1,18,4.0,,9,Left,Left,753,416,93,8,,,0.21
2025-11-13 18:25:38,1.17.2,PR1,18,4.0,,9,Left,Left,754,416,93,8,,,0.06
2025-11-13 18:25:40,1.17.2,PR1,18,4.0,,9,Left,Left,755,416,93,8,,,0.15
2025-11-13 18:25:42,1.17.2,PR1,18,4.0,,9,Left,Left,756,416,93,8,,,0.56
2025-11-13 18:25:42,1.17.2,PR1,18,4.0,,9,LeftDuringDispense,Left,757,416,93,9,,,0.02
2025-11-13 18:25:46,1.17.2,PR1,18,4.0,3.0,9,Pellet,Left,757,416,94,9,0.23,28.0,
2025-11-13 18:25:54,1.17.2,PR1,18,4.0,,10,Left,Left,758,416,94,9,,,0.04
2025-11-13 18:25:54,1.17.2,PR1,18,4.0,,10,Left,Left,759,416,94,9,,,0.0
2025-11-13 18:25:56,1.17.2,PR1,18,4.0,,10,Left,Left,760,416,94,9,,,0.1
2025-11-13 18:26:01,1.17.2,PR1,18,4.01,,10,Left,Left,761,416,94,9,,,0.54
2025-11-13 18:26:02,1.17.2,PR1,18,4.0,,10,Left,Left,762,416,94,9,,,0.15
2025-11-13 18:26:03,1.17.2,PR1,18,4.0,,10,Left,Left,763,416,94,9,,,0.0
2025-11-13 18:26:06,1.17.2,PR1,18,4.0,,10,Left,Left,764,416,94,9,,,0.56
2025-11-13 18:26:08,1.17.2,PR1,18,4.0,,10,Left,Left,765,416,94,9,,,0.1
2025-11-13 18:26:10,1.17.2,PR1,18,4.0,,10,Left,Left,766,416,94,9,,,0.13
2025-11-13 18:26:11,1.17.2,PR1,18,4.01,,10,Left,Left,767,416,94,9,,,0.26
2025-11-13 18:26:12,1.17.2,PR1,18,4.0,1.0,10,Pellet,Left,767,416,95,10,0.17,27.0,
2025-11-13 18:26:22,1.17.2,PR1,18,4.01,,11,Left,Left,768,416,95,10,,,0.57
2025-11-13 18:26:23,1.17.2,PR1,18,4.0,,11,Left,Left,769,416,95,10,,,0.11
2025-11-13 18:26:25,1.17.2,PR1,18,4.01,,11,Left,Left,770,416,95,10,,,0.07
2025-11-13 18:26:27,1.17.2,PR1,18,4.01,,11,Left,Left,771,416,95,10,,,0.48
2025-11-13 18:26:28,1.17.2,PR1,18,4.0,,11,Left,Left,772,416,95,10,,,0.15
2025-11-13 18:26:29,1.17.2,PR1,18,4.0,,11,Left,Left,773,416,95,10,,,0.0
2025-11-13 18:26:30,1.17.2,PR1,18,4.0,,11,Left,Left,774,416,95,10,,,0.13
2025-11-13 18:26:32,1.17.2,PR1,18,4.01,,11,Left,Left,775,416,95,10,,,0.25
2025-11-13 18:26:34,1.17.2,PR1,18,4.01,,11,Left,Left,776,416,95,10,,,0.04
2025-11-13 18:26:35,1.17.2,PR1,18,4.01,,11,Left,Left,777,416,95,10,,,0.03
2025-11-13 18:26:36,1.17.2,PR1,18,4.01,,11,Left,Left,778,416,95,10,,,0.59
2025-11-13 18:26:37,1.17.2,PR1,18,4.0,1.0,11,Pellet,Left,778,416,96,11,0.06,25.0,
2025-11-13 18:27:08,1.17.2,PR1,18,4.0,,12,Left,Left,779,416,96,11,,,0.08
2025-11-13 18:27:11,1.17.2,PR1,18,4.01,,12,Left,Left,780,416,96,11,,,0.74
2025-11-13 18:27:12,1.17.2,PR1,18,4.01,,12,Left,Left,781,416,96,11,,,0.38
2025-11-13 18:27:13,1.17.2,PR1,18,4.0,,12,Left,Left,782,416,96,11,,,0.15
2025-11-13 18:27:15,1.17.2,PR1,18,4.0,,12,Left,Left,783,416,96,11,,,0.32
2025-11-13 18:27:16,1.17.2,PR1,18,4.0,,12,Left,Left,784,416,96,11,,,0.3
2025-11-13 18:27:17,1.17.2,PR1,18,4.0,,12,Left,Left,785,416,96,11,,,0.1
2025-11-13 18:27:59,1.17.2,PR1,18,4.0,,12,Right,Left,785,417,96,11,,,0.25
2025-11-13 18:28:01,1.17.2,PR1,18,4.0,,12,Right,Left,785,418,96,11,,,0.79
2025-11-13 18:28:03,1.17.2,PR1,18,4.01,,12,Right,Left,785,419,96,11,,,0.11
2025-11-13 18:28:07,1.17.2,PR1,18,4.0,,12,Left,Left,786,419,96,11,,,0.14
2025-11-13 18:28:08,1.17.2,PR1,18,4.0,,12,Left,Left,787,419,96,11,,,0.06
2025-11-13 18:28:09,1.17.2,PR1,18,4.0,,12,Left,Left,788,419,96,11,,,0.08
2025-11-13 18:28:10,1.17.2,PR1,18,4.0,,12,Left,Left,789,419,96,11,,,0.19
2025-11-13 18:28:11,1.17.2,PR1,18,4.0,,12,Left,Left,790,419,96,11,,,0.13
2025-11-13 18:28:12,1.17.2,PR1,18,4.0,1.0,12,Pellet,Left,790,419,97,12,0.23,95.0,
2025-11-13 18:28:25,1.17.2,PR1,18,4.0,,13,Right,Left,790,420,97,12,,,0.05
2025-11-13 18:39:35,1.17.2,PR1,18,4.0,,13,Right,Left,790,421,97,12,,,0.15
2025-11-13 18:39:52,1.17.2,PR1,18,4.0,,13,Left,Left,791,421,97,12,,,0.12
2025-11-13 18:39:53,1.17.2,PR1,18,4.0,,13,Left,Left,792,421,97,12,,,0.32
2025-11-13 18:39:55,1.17.2,PR1,18,4.0,,13,Left,Left,793,421,97,12,,,0.11
2025-11-13 18:40:00,1.17.2,PR1,18,4.0,,13,Left,Left,794,421,97,12,,,0.05
2025-11-13 18:40:01,1.17.2,PR1,18,4.0,,13,Left,Left,795,421,97,12,,,0.12
2025-11-13 18:40:03,1.17.2,PR1,18,4.0,,13,Left,Left,796,421,97,12,,,0.24
2025-11-13 18:40:04,1.17.2,PR1,18,4.0,,13,Left,Left,797,421,97,12,,,0.36
2025-11-13 18:40:06,1.17.2,PR1,18,4.01,,13,Left,Left,798,421,97,12,,,0.23
2025-11-13 18:40:07,1.17.2,PR1,18,4.0,,13,Left,Left,799,421,97,12,,,0.34
2025-11-13 18:40:09,1.17.2,PR1,18,4.0,,13,Left,Left,800,421,97,12,,,0.61
2025-11-13 18:40:12,1.17.2,PR1,18,4.0,,13,Left,Left,801,421,97,12,,,0.22
2025-11-13 18:41:53,1.17.2,PR1,18,4.01,,13,Left,Left,802,421,97,12,,,0.06
2025-11-13 18:42:29,1.17.2,PR1,18,4.0,,13,Left,Left,803,421,97,12,,,0.16
2025-11-13 18:42:30,1.17.2,PR1,18,4.0,1.0,13,Pellet,Left,803,421,98,13,0.23,858.0,
2025-11-13 18:42:41,1.17.2,PR1,18,4.0,,14,Left,Left,804,421,98,13,,,0.05
2025-11-13 18:42:43,1.17.2,PR1,18,4.0,,14,Left,Left,805,421,98,13,,,0.21
2025-11-13 18:42:45,1.17.2,PR1,18,4.0,,14,Left,Left,806,421,98,13,,,0.33
2025-11-13 18:42:46,1.17.2,PR1,18,4.0,,14,Left,Left,807,421,98,13,,,0.09
2025-11-13 18:46:36,1.17.2,PR1,18,4.01,,14,Left,Left,808,421,98,13,,,0.08
2025-11-13 18:46:38,1.17.2,PR1,18,4.0,,14,Left,Left,809,421,98,13,,,0.0
2025-11-13 18:46:59,1.17.2,PR1,18,4.01,,14,Left,Left,810,421,98,13,,,0.09
2025-11-13 18:47:11,1.17.2,PR1,18,4.0,,14,Right,Left,810,422,98,13,,,0.08
2025-11-13 18:52:52,1.17.2,PR1,18,4.0,,14,Left,Left,811,422,98,13,,,0.06
2025-11-13 18:52:53,1.17.2,PR1,18,4.0,,14,Left,Left,812,422,98,13,,,0.09
2025-11-13 18:52:54,1.17.2,PR1,18,4.01,,14,Left,Left,813,422,98,13,,,0.2
2025-11-13 18:52:55,1.17.2,PR1,18,4.0,,14,Left,Left,814,422,98,13,,,0.11
2025-11-13 18:57:58,1.17.2,PR1,18,4.0,,14,Right,Left,814,423,98,13,,,0.17
2025-11-13 19:03:39,1.17.2,PR1,18,4.01,,14,Left,Left,815,423,98,13,,,0.12
2025-11-13 19:03:40,1.17.2,PR1,18,4.01,,14,Left,Left,816,423,98,13,,,0.06
2025-11-13 19:03:41,1.17.2,PR1,18,4.0,,14,Left,Left,817,423,98,13,,,0.05
2025-11-13 19:03:42,1.17.2,PR1,18,4.0,1.0,14,Pellet,Left,817,423,99,14,0.29,1272.0,
2025-11-13 19:03:56,1.17.2,PR1,18,4.0,,15,Left,Left,818,423,99,14,,,0.02
2025-11-13 19:03:57,1.17.2,PR1,18,4.0,,15,Left,Left,819,423,99,14,,,0.06
2025-11-13 19:03:58,1.17.2,PR1,18,4.0,,15,Left,Left,820,423,99,14,,,0.07
2025-11-13 19:04:00,1.17.2,PR1,18,4.0,,15,Left,Left,821,423,99,14,,,0.06
2025-11-13 19:05:04,1.17.2,PR1,18,4.01,,15,Left,Left,822,423,99,14,,,0.19
2025-11-13 19:05:05,1.17.2,PR1,18,4.0,,15,Left,Left,823,423,99,14,,,0.24
2025-11-13 19:05:06,1.17.2,PR1,18,4.0,,15,Left,Left,824,423,99,14,,,0.09
2025-11-13 19:05:09,1.17.2,PR1,18,4.0,,15,Left,Left,825,423,99,14,,,0.96
2025-11-13 19:05:10,1.17.2,PR1,18,4.01,,15,Left,Left,826,423,99,14,,,0.11
2025-11-13 19:08:15,1.17.2,PR1,18,4.0,,15,Left,Left,827,423,99,14,,,0.02
2025-11-13 19:08:21,1.17.2,PR1,18,4.0,,15,Left,Left,828,423,99,14,,,0.0
2025-11-13 19:10:33,1.17.2,PR1,18,4.0,,15,Right,Left,828,424,99,14,,,0.1
2025-11-13 19:10:34,1.17.2,PR1,18,4.0,,15,Right,Left,828,425,99,14,,,0.16
2025-11-13 19:10:36,1.17.2,PR1,18,4.01,,15,Left,Left,829,425,99,14,,,0.1
2025-11-13 19:11:14,1.17.2,PR1,18,4.01,,15,Right,Left,829,426,99,14,,,0.03
2025-11-13 19:11:16,1.17.2,PR1,18,4.0,,15,Right,Left,829,427,99,14,,,0.18
2025-11-13 19:11:20,1.17.2,PR1,18,4.0,,15,Left,Left,830,427,99,14,,,0.09
2025-11-13 19:11:23,1.17.2,PR1,18,4.0,,15,Left,Left,831,427,99,14,,,0.17
2025-11-13 19:17:42,1.17.2,PR1,18,4.0,,15,Left,Left,832,427,99,14,,,0.1
2025-11-13 19:17:43,1.17.2,PR1,18,4.0,1.0,15,Pellet,Left,832,427,100,15,0.41,841.0,
2025-11-13 19:17:50,1.17.2,PR1,18,4.0,,16,Left,Left,833,427,100,15,,,0.22
2025-11-13 19:17:51,1.17.2,PR1,18,4.0,,16,Left,Left,834,427,100,15,,,0.11
2025-11-13 19:17:52,1.17.2,PR1,18,4.0,,16,Left,Left,835,427,100,15,,,0.09
2025-11-13 19:17:54,1.17.2,PR1,18,4.0,,16,Left,Left,836,427,100,15,,,0.02
2025-11-13 19:17:56,1.17.2,PR1,18,4.0,,16,Left,Left,837,427,100,15,,,0.07
2025-11-13 19:17:57,1.17.2,PR1,18,4.0,,16,Left,Left,838,427,100,15,,,0.25
2025-11-13 19:17:58,1.17.2,PR1,18,4.0,,16,Left,Left,839,427,100,15,,,0.06
2025-11-13 19:26:16,1.17.2,PR1,18,4.0,,16,Left,Left,840,427,100,15,,,0.05
2025-11-13 19:26:18,1.17.2,PR1,18,4.0,,16,Left,Left,841,427,100,15,,,0.21
2025-11-13 19:26:19,1.17.2,PR1,18,4.0,,16,Left,Left,842,427,100,15,,,0.25
2025-11-13 19:26:22,1.17.2,PR1,18,4.0,,16,Left,Left,843,427,100,15,,,0.78
2025-11-13 19:26:23,1.17.2,PR1,18,4.0,,16,Left,Left,844,427,100,15,,,0.2
2025-11-13 19:26:25,1.17.2,PR1,18,4.0,,16,Left,Left,845,427,100,15,,,0.18
2025-11-13 19:26:26,1.17.2,PR1,18,4.0,,16,Left,Left,846,427,100,15,,,0.12
2025-11-13 19:41:21,1.17.2,PR1,18,4.0,,16,Left,Left,847,427,100,15,,,0.08
2025-11-13 19:41:22,1.17.2,PR1,18,4.01,,16,Left,Left,848,427,100,15,,,0.12
2025-11-13 19:41:23,1.17.2,PR1,18,4.0,1.0,16,Pellet,Left,848,427,101,16,0.17,1420.0,
2025-11-13 19:41:37,1.17.2,PR1,18,4.0,,17,Left,Left,849,427,101,16,,,0.08
2025-11-13 19:41:39,1.17.2,PR1,18,4.01,,17,Left,Left,850,427,101,16,,,0.23
2025-11-13 19:41:41,1.17.2,PR1,18,4.0,,17,Left,Left,851,427,101,16,,,0.09
2025-11-13 19:41:43,1.17.2,PR1,18,4.0,,17,Left,Left,852,427,101,16,,,0.11
2025-11-13 19:41:45,1.17.2,PR1,18,4.0,,17,Left,Left,853,427,101,16,,,0.34
2025-11-13 19:41:48,1.17.2,PR1,18,4.01,,17,Left,Left,854,427,101,16,,,0.59
2025-11-13 19:41:50,1.17.2,PR1,18,4.0,,17,Left,Left,855,427,101,16,,,0.76
2025-11-13 19:41:51,1.17.2,PR1,18,4.0,,17,Left,Left,856,427,101,16,,,0.16
2025-11-13 19:41:54,1.17.2,PR1,18,4.0,,17,Left,Left,857,427,101,16,,,0.53
2025-11-13 19:41:55,1.17.2,PR1,18,4.0,,17,Left,Left,858,427,101,16,,,0.0
2025-11-13 19:41:57,1.17.2,PR1,18,4.0,,17,Left,Left,859,427,101,16,,,0.08
2025-11-13 19:41:58,1.17.2,PR1,18,4.01,,17,Left,Left,860,427,101,16,,,0.0
2025-11-13 19:42:02,1.17.2,PR1,18,4.0,,17,Right,Left,860,428,101,16,,,0.25
2025-11-13 19:42:04,1.17.2,PR1,18,4.0,,17,Left,Left,861,428,101,16,,,0.14
2025-11-13 19:42:07,1.17.2,PR1,18,4.0,,17,Left,Left,862,428,101,16,,,0.54
2025-11-13 19:42:08,1.17.2,PR1,18,4.01,,17,Left,Left,863,428,101,16,,,0.36
2025-11-13 19:42:10,1.17.2,PR1,18,4.0,,17,Left,Left,864,428,101,16,,,0.57
2025-11-13 19:42:12,1.17.2,PR1,18,4.0,,17,Left,Left,865,428,101,16,,,0.18
2025-11-13 19:42:13,1.17.2,PR1,18,4.0,1.0,17,Pellet,Left,865,428,102,17,0.23,50.0,
2025-11-13 19:42:19,1.17.2,PR1,18,4.0,,18,Left,Left,866,428,102,17,,,0.07
2025-11-13 19:42:21,1.17.2,PR1,18,4.0,,18,Left,Left,867,428,102,17,,,0.48
2025-11-13 19:42:23,1.17.2,PR1,18,4.0,,18,Left,Left,868,428,102,17,,,0.23
2025-11-13 19:42:25,1.17.2,PR1,18,4.0,,18,Left,Left,869,428,102,17,,,0.08
2025-11-13 19:42:26,1.17.2,PR1,18,4.0,,18,Left,Left,870,428,102,17,,,0.11
2025-11-13 19:43:10,1.17.2,PR1,18,4.01,,18,Left,Left,871,428,102,17,,,0.17
2025-11-13 19:43:11,1.17.2,PR1,18,4.01,,18,Left,Left,872,428,102,17,,,0.1
2025-11-13 19:43:12,1.17.2,PR1,18,4.0,,18,Left,Left,873,428,102,17,,,0.07
2025-11-13 19:43:14,1.17.2,PR1,18,4.0,,18,Left,Left,874,428,102,17,,,0.27
2025-11-13 19:43:28,1.17.2,PR1,18,4.0,,18,Left,Left,875,428,102,17,,,0.03
2025-11-13 19:43:30,1.17.2,PR1,18,4.0,,18,Left,Left,876,428,102,17,,,0.23
2025-11-13 19:43:31,1.17.2,PR1,18,4.0,,18,Left,Left,877,428,102,17,,,0.2
2025-11-13 19:43:32,1.17.2,PR1,18,4.0,,18,Left,Left,878,428,102,17,,,0.47
2025-11-13 19:43:34,1.17.2,PR1,18,4.0,,18,Left,Left,879,428,102,17,,,0.32
2025-11-13 19:43:36,1.17.2,PR1,18,4.0,,18,Left,Left,880,428,102,17,,,0.18
2025-11-13 19:43:37,1.17.2,PR1,18,4.0,,18,Left,Left,881,428,102,17,,,0.16
2025-11-13 19:43:38,1.17.2,PR1,18,4.0,,18,Left,Left,882,428,102,17,,,0.24
2025-11-13 19:44:14,1.17.2,PR1,18,4.0,,18,Left,Left,883,428,102,17,,,0.1
2025-11-13 19:44:15,1.17.2,PR1,18,4.0,1.0,18,Pellet,Left,883,428,103,18,0.23,122.0,
2025-11-13 19:44:21,1.17.2,PR1,18,4.0,,19,Left,Left,884,428,103,18,,,0.02
2025-11-13 19:44:23,1.17.2,PR1,18,4.0,,19,Left,Left,885,428,103,18,,,0.12
2025-11-13 19:44:24,1.17.2,PR1,18,4.01,,19,Left,Left,886,428,103,18,,,0.11
2025-11-13 19:44:26,1.17.2,PR1,18,4.0,,19,Left,Left,887,428,103,18,,,0.27
2025-11-13 19:44:27,1.17.2,PR1,18,4.0,,19,Left,Left,888,428,103,18,,,0.23
2025-11-13 19:44:32,1.17.2,PR1,18,4.0,,19,Left,Left,889,428,103,18,,,0.01
2025-11-13 19:44:34,1.17.2,PR1,18,4.0,,19,Left,Left,890,428,103,18,,,0.42
2025-11-13 19:44:35,1.17.2,PR1,18,4.0,,19,Left,Left,891,428,103,18,,,0.11
2025-11-13 19:44:36,1.17.2,PR1,18,4.0,,19,Left,Left,892,428,103,18,,,0.23
2025-11-13 19:44:38,1.17.2,PR1,18,4.0,,19,Left,Left,893,428,103,18,,,0.08
2025-11-13 19:47:27,1.17.2,PR1,18,4.0,,19,Left,Left,894,428,103,18,,,0.04
2025-11-13 19:47:28,1.17.2,PR1,18,4.0,,19,Left,Left,895,428,103,18,,,0.12
2025-11-13 19:47:29,1.17.2,PR1,18,4.0,,19,Left,Left,896,428,103,18,,,0.07
2025-11-13 19:47:31,1.17.2,PR1,18,4.0,,19,Left,Left,897,428,103,18,,,0.21
2025-11-13 19:47:33,1.17.2,PR1,18,4.0,,19,Left,Left,898,428,103,18,,,0.18
2025-11-13 19:47:35,1.17.2,PR1,18,4.0,,19,Left,Left,899,428,103,18,,,0.12
2025-11-13 19:47:37,1.17.2,PR1,18,4.0,,19,Left,Left,900,428,103,18,,,0.12
2025-11-13 19:47:40,1.17.2,PR1,18,4.0,,19,Right,Left,900,429,103,18,,,0.02
2025-11-13 19:55:26,1.17.2,PR1,18,4.0,,19,Right,Left,900,430,103,18,,,0.05
2025-11-13 19:55:28,1.17.2,PR1,18,4.0,,19,Left,Left,901,430,103,18,,,0.16
2025-11-13 19:57:55,1.17.2,PR1,18,4.0,,19,Left,Left,902,430,103,18,,,0.08
2025-11-13 19:57:56,1.17.2,PR1,18,4.0,1.0,19,Pellet,Left,902,430,104,19,0.23,821.0,
2025-11-13 19:58:07,1.17.2,PR1,18,4.0,,20,Left,Left,903,430,104,19,,,0.48
2025-11-13 19:58:08,1.17.2,PR1,18,4.0,,20,Left,Left,904,430,104,19,,,0.08
2025-11-13 19:58:09,1.17.2,PR1,18,4.0,,20,Left,Left,905,430,104,19,,,0.36
2025-11-13 19:58:11,1.17.2,PR1,18,4.0,,20,Left,Left,906,430,104,19,,,0.04
2025-11-13 19:58:13,1.17.2,PR1,18,4.0,,20,Left,Left,907,430,104,19,,,0.37
2025-11-13 19:58:15,1.17.2,PR1,18,4.0,,20,Left,Left,908,430,104,19,,,0.55
2025-11-13 19:58:16,1.17.2,PR1,18,4.0,,20,Left,Left,909,430,104,19,,,0.02
2025-11-13 19:58:18,1.17.2,PR1,18,4.0,,20,Left,Left,910,430,104,19,,,0.08
2025-11-13 19:58:20,1.17.2,PR1,18,4.0,,20,Left,Left,911,430,104,19,,,0.03
2025-11-13 19:58:21,1.17.2,PR1,18,4.0,,20,Left,Left,912,430,104,19,,,0.19
2025-11-13 20:06:17,1.17.2,PR1,18,4.0,,20,Left,Left,913,430,104,19,,,0.09
2025-11-13 20:06:18,1.17.2,PR1,18,4.0,,20,Left,Left,914,430,104,19,,,0.07
2025-11-13 20:09:06,1.17.2,PR1,18,4.0,,20,Left,Left,915,430,104,19,,,0.05
2025-11-13 20:09:07,1.17.2,PR1,18,4.0,,20,Left,Left,916,430,104,19,,,0.07
2025-11-13 20:09:08,1.17.2,PR1,18,4.0,,20,Left,Left,917,430,104,19,,,0.07
2025-11-13 20:09:17,1.17.2,PR1,18,4.0,,20,Right,Left,917,431,104,19,,,0.22
2025-11-13 20:09:18,1.17.2,PR1,18,4.0,,20,Right,Left,917,432,104,19,,,0.07
2025-11-13 20:09:19,1.17.2,PR1,18,4.0,,20,Right,Left,917,433,104,19,,,0.2
2025-11-13 20:09:21,1.17.2,PR1,18,4.0,,20,Right,Left,917,434,104,19,,,0.16
2025-11-13 20:09:23,1.17.2,PR1,18,4.0,,20,Right,Left,917,435,104,19,,,0.2
2025-11-13 20:09:24,1.17.2,PR1,18,4.0,,20,Right,Left,917,436,104,19,,,0.0
2025-11-13 20:09:26,1.17.2,PR1,18,4.0,,20,Right,Left,917,437,104,19,,,0.16
2025-11-13 20:09:28,1.17.2,PR1,18,4.0,,20,Right,Left,917,438,104,19,,,0.77
2025-11-13 20:11:22,1.17.2,PR1,18,4.0,,20,Right,Left,917,439,104,19,,,0.13
2025-11-13 20:13:06,1.17.2,PR1,18,4.0,,20,Left,Left,918,439,104,19,,,0.06
2025-11-13 20:20:35,1.17.2,PR1,18,4.01,,20,Left,Left,919,439,104,19,,,0.31
2025-11-13 20:20:36,1.17.2,PR1,18,4.0,,20,Left,Left,920,439,104,19,,,0.34
2025-11-13 20:20:38,1.17.2,PR1,18,4.0,,20,Left,Left,921,439,104,19,,,0.09
2025-11-13 20:20:41,1.17.2,PR1,18,4.0,,20,Left,Left,922,439,104,19,,,0.31
2025-11-13 20:20:42,1.17.2,PR1,18,4.0,1.0,20,Pellet,Left,922,439,105,20,0.23,1366.0,
2025-11-13 20:20:57,1.17.2,PR1,18,4.0,,21,Left,Left,923,439,105,20,,,0.25
2025-11-13 20:20:58,1.17.2,PR1,18,4.0,,21,Left,Left,924,439,105,20,,,0.11
2025-11-13 20:21:00,1.17.2,PR1,18,3.99,,21,Left,Left,925,439,105,20,,,0.06
2025-11-13 20:21:02,1.17.2,PR1,18,4.0,,21,Left,Left,926,439,105,20,,,0.02
2025-11-13 20:21:02,1.17.2,PR1,18,4.0,,21,Left,Left,927,439,105,20,,,0.06
2025-11-13 20:21:42,1.17.2,PR1,18,4.0,,21,Right,Left,927,440,105,20,,,0.08
2025-11-13 20:21:45,1.17.2,PR1,18,4.0,,21,Left,Left,928,440,105,20,,,0.12
2025-11-13 20:21:46,1.17.2,PR1,18,4.0,,21,Left,Left,929,440,105,20,,,0.19
2025-11-13 20:21:47,1.17.2,PR1,18,4.0,,21,Left,Left,930,440,105,20,,,0.03
2025-11-13 20:22:09,1.17.2,PR1,18,4.0,,21,Left,Left,931,440,105,20,,,0.04
2025-11-13 20:22:11,1.17.2,PR1,18,4.0,,21,Left,Left,932,440,105,20,,,0.34
2025-11-13 20:22:13,1.17.2,PR1,18,4.0,,21,Left,Left,933,440,105,20,,,0.35
2025-11-13 20:22:14,1.17.2,PR1,18,4.0,,21,Left,Left,934,440,105,20,,,0.28
2025-11-13 20:22:15,1.17.2,PR1,18,3.99,,21,Left,Left,935,440,105,20,,,0.24
2025-11-13 20:22:17,1.17.2,PR1,18,4.0,,21,Left,Left,936,440,105,20,,,0.33
2025-11-13 20:22:17,1.17.2,PR1,18,4.0,,21,Left,Left,937,440,105,20,,,0.0
2025-11-13 20:22:19,1.17.2,PR1,18,3.99,,21,Left,Left,938,440,105,20,,,0.12
2025-11-13 20:22:20,1.17.2,PR1,18,4.0,,21,Left,Left,939,440,105,20,,,0.13
2025-11-13 20:22:44,1.17.2,PR1,18,4.0,,21,Left,Left,940,440,105,20,,,0.03
2025-11-13 20:23:30,1.17.2,PR1,18,4.0,,21,Right,Left,940,441,105,20,,,0.29
2025-11-13 20:23:32,1.17.2,PR1,18,4.0,,21,Right,Left,940,442,105,20,,,0.47
2025-11-13 20:23:33,1.17.2,PR1,18,4.0,,21,Right,Left,940,443,105,20,,,0.19
2025-11-13 20:23:36,1.17.2,PR1,18,4.0,,21,Left,Left,941,443,105,20,,,0.18
2025-11-13 20:23:39,1.17.2,PR1,18,4.0,,21,Right,Left,941,444,105,20,,,0.09
2025-11-13 20:23:45,1.17.2,PR1,18,4.0,,21,Right,Left,941,445,105,20,,,0.21
2025-11-13 20:23:47,1.17.2,PR1,18,4.0,,21,Right,Left,941,446,105,20,,,0.26
2025-11-13 20:23:48,1.17.2,PR1,18,4.0,,21,Right,Left,941,447,105,20,,,0.05
2025-11-13 20:23:53,1.17.2,PR1,18,4.0,,21,Left,Left,942,447,105,20,,,0.22
2025-11-13 20:23:55,1.17.2,PR1,18,4.0,,21,Left,Left,943,447,105,20,,,0.13
2025-11-13 20:23:56,1.17.2,PR1,18,4.0,1.0,21,Pellet,Left,943,447,106,21,0.17,194.0,
2025-11-13 20:24:06,1.17.2,PR1,18,4.01,,22,Left,Left,944,447,106,21,,,0.05
2025-11-13 20:24:13,1.17.2,PR1,18,4.0,,22,Right,Left,944,448,106,21,,,0.01
2025-11-13 20:24:15,1.17.2,PR1,18,4.0,,22,Right,Left,944,449,106,21,,,0.22
2025-11-13 20:24:20,1.17.2,PR1,18,4.0,,22,Right,Left,944,450,106,21,,,0.44
2025-11-13 20:24:21,1.17.2,PR1,18,4.0,,22,Right,Left,944,451,106,21,,,0.0
2025-11-13 20:24:22,1.17.2,PR1,18,4.0,,22,Left,Left,945,451,106,21,,,0.04
2025-11-13 20:24:24,1.17.2,PR1,18,4.0,,22,Left,Left,946,451,106,21,,,0.17
2025-11-13 20:24:42,1.17.2,PR1,18,4.0,,22,Left,Left,947,451,106,21,,,0.09
2025-11-13 20:26:01,1.17.2,PR1,18,4.0,,22,Left,Left,948,451,106,21,,,0.08
2025-11-13 20:26:02,1.17.2,PR1,18,4.01,,22,Left,Left,949,451,106,21,,,0.22
2025-11-13 20:26:04,1.17.2,PR1,18,3.99,,22,Left,Left,950,451,106,21,,,0.3
2025-11-13 20:26:05,1.17.2,PR1,18,4.0,,22,Left,Left,951,451,106,21,,,0.24
2025-11-13 20:26:09,1.17.2,PR1,18,4.0,,22,Left,Left,952,451,106,21,,,0.1
2025-11-13 20:30:12,1.17.2,PR1,18,4.0,,22,Left,Left,953,451,106,21,,,0.26
2025-11-13 20:30:14,1.17.2,PR1,18,4.0,,22,Left,Left,954,451,106,21,,,0.55
2025-11-13 20:30:15,1.17.2,PR1,18,4.0,,22,Left,Left,955,451,106,21,,,0.08
2025-11-13 20:46:59,1.17.2,PR1,18,4.0,,22,Left,Left,956,451,106,21,,,0.19
2025-11-13 20:46:59,1.17.2,PR1,18,4.0,,22,Left,Left,957,451,106,21,,,0.05
2025-11-13 21:09:56,1.17.2,PR1,18,4.0,,22,Left,Left,958,451,106,21,,,0.5
2025-11-13 21:09:58,1.17.2,PR1,18,4.0,,22,Left,Left,959,451,106,21,,,0.66
2025-11-13 21:10:00,1.17.2,PR1,18,4.0,,22,Left,Left,960,451,106,21,,,0.13
2025-11-13 21:10:02,1.17.2,PR1,18,4.0,,22,Left,Left,961,451,106,21,,,0.19
2025-11-13 21:10:04,1.17.2,PR1,18,4.0,,22,Left,Left,962,451,106,21,,,0.38
2025-11-13 21:10:06,1.17.2,PR1,18,4.0,,22,Left,Left,963,451,106,21,,,0.29
2025-11-13 21:10:07,1.17.2,PR1,18,4.0,,22,Left,Left,964,451,106,21,,,0.25
2025-11-13 21:10:09,1.17.2,PR1,18,4.0,,22,Left,Left,965,451,106,21,,,0.21
2025-11-13 21:10:10,1.17.2,PR1,18,4.0,1.0,22,Pellet,Left,965,451,107,22,0.23,2774.0,
2025-11-13 21:10:17,1.17.2,PR1,18,4.0,,23,Left,Left,966,451,107,22,,,0.69
2025-11-13 21:10:19,1.17.2,PR1,18,4.0,,23,Left,Left,967,451,107,22,,,0.12
2025-11-13 21:10:20,1.17.2,PR1,18,4.0,,23,Left,Left,968,451,107,22,,,0.28
2025-11-13 21:10:21,1.17.2,PR1,18,4.0,,23,Left,Left,969,451,107,22,,,0.47
2025-11-13 21:10:24,1.17.2,PR1,18,4.0,,23,Left,Left,970,451,107,22,,,0.11
2025-11-13 21:10:24,1.17.2,PR1,18,4.0,,23,Left,Left,971,451,107,22,,,0.1
2025-11-13 21:10:26,1.17.2,PR1,18,4.0,,23,Left,Left,972,451,107,22,,,0.24
2025-11-13 21:10:28,1.17.2,PR1,18,4.0,,23,Left,Left,973,451,107,22,,,0.08
2025-11-13 21:10:30,1.17.2,PR1,18,4.0,,23,Left,Left,974,451,107,22,,,0.29
2025-11-13 21:10:32,1.17.2,PR1,18,4.0,,23,Left,Left,975,451,107,22,,,0.34
2025-11-13 21:10:33,1.17.2,PR1,18,4.0,,23,Left,Left,976,451,107,22,,,0.11
2025-11-13 21:10:35,1.17.2,PR1,18,4.0,,23,Left,Left,977,451,107,22,,,0.17
2025-11-13 21:10:36,1.17.2,PR1,18,4.0,,23,Left,Left,978,451,107,22,,,0.07
2025-11-13 21:31:47,1.17.2,PR1,18,4.0,,23,Left,Left,979,451,107,22,,,0.29
2025-11-13 21:31:49,1.17.2,PR1,18,4.0,,23,Left,Left,980,451,107,22,,,0.02
2025-11-13 21:31:51,1.17.2,PR1,18,4.01,,23,Left,Left,981,451,107,22,,,0.7
2025-11-13 21:31:53,1.17.2,PR1,18,4.0,,23,Left,Left,982,451,107,22,,,0.1
2025-11-13 21:31:54,1.17.2,PR1,18,4.0,,23,Left,Left,983,451,107,22,,,0.49
2025-11-13 21:31:56,1.17.2,PR1,18,4.0,,23,Left,Left,984,451,107,22,,,0.33
2025-11-13 21:31:58,1.17.2,PR1,18,4.0,,23,Left,Left,985,451,107,22,,,0.21
2025-11-13 21:31:59,1.17.2,PR1,18,4.0,,23,Left,Left,986,451,107,22,,,0.3
2025-11-13 21:32:00,1.17.2,PR1,18,4.0,,23,Left,Left,987,451,107,22,,,0.36
2025-11-13 21:32:03,1.17.2,PR1,18,4.0,,23,Left,Left,988,451,107,22,,,0.48
2025-11-13 21:32:04,1.17.2,PR1,18,4.0,1.0,23,Pellet,Left,988,451,108,23,0.29,1314.0,
2025-11-13 21:32:19,1.17.2,PR1,18,4.0,,24,Left,Left,989,451,108,23,,,0.07
2025-11-13 21:32:20,1.17.2,PR1,18,4.0,,24,Left,Left,990,451,108,23,,,0.74
2025-11-13 21:32:22,1.17.2,PR1,18,4.0,,24,Left,Left,991,451,108,23,,,0.35
2025-11-13 21:32:24,1.17.2,PR1,18,4.0,,24,Left,Left,992,451,108,23,,,0.58
2025-11-13 21:32:26,1.17.2,PR1,18,4.0,,24,Left,Left,993,451,108,23,,,0.8
2025-11-13 21:32:28,1.17.2,PR1,18,4.0,,24,Left,Left,994,451,108,23,,,0.1
2025-11-13 21:32:29,1.17.2,PR1,18,4.0,,24,Left,Left,995,451,108,23,,,0.07
2025-11-13 21:32:30,1.17.2,PR1,18,4.0,,24,Left,Left,996,451,108,23,,,0.18
2025-11-13 21:32:32,1.17.2,PR1,18,4.0,,24,Left,Left,997,451,108,23,,,0.12
2025-11-13 21:32:33,1.17.2,PR1,18,4.0,,24,Left,Left,998,451,108,23,,,0.31
2025-11-13 21:32:35,1.17.2,PR1,18,4.0,,24,Left,Left,999,451,108,23,,,0.05
2025-11-13 21:32:37,1.17.2,PR1,18,4.0,,24,Left,Left,1000,451,108,23,,,0.34
2025-11-13 21:32:38,1.17.2,PR1,18,4.0,,24,Left,Left,1001,451,108,23,,,0.12
2025-11-13 21:32:41,1.17.2,PR1,18,4.0,,24,Left,Left,1002,451,108,23,,,0.3
2025-11-13 21:34:12,1.17.2,PR1,18,4.0,,24,Right,Left,1002,452,108,23,,,0.67
2025-11-13 21:34:16,1.17.2,PR1,18,4.0,,24,Right,Left,1002,453,108,23,,,0.19
2025-11-13 21:34:18,1.17.2,PR1,18,4.0,,24,Right,Left,1002,454,108,23,,,0.27
2025-11-13 21:34:42,1.17.2,PR1,18,4.0,,24,Right,Left,1002,455,108,23,,,0.0
2025-11-13 21:34:44,1.17.2,PR1,18,3.99,,24,Left,Left,1003,455,108,23,,,0.1
2025-11-13 21:34:45,1.17.2,PR1,18,4.0,,24,Left,Left,1004,455,108,23,,,0.05
2025-11-13 21:34:46,1.17.2,PR1,18,4.0,,24,Left,Left,1005,455,108,23,,,0.13
2025-11-13 21:34:47,1.17.2,PR1,18,4.0,,24,Left,Left,1006,455,108,23,,,0.06
2025-11-13 21:34:49,1.17.2,PR1,18,4.01,,24,Left,Left,1007,455,108,23,,,0.06
2025-11-13 21:34:53,1.17.2,PR1,18,4.0,,24,Right,Left,1007,456,108,23,,,0.08
2025-11-13 21:34:55,1.17.2,PR1,18,4.0,,24,Right,Left,1007,457,108,23,,,0.28
2025-11-13 21:39:02,1.17.2,PR1,18,4.0,,24,Right,Left,1007,458,108,23,,,0.0
2025-11-13 21:39:15,1.17.2,PR1,18,4.0,,24,Right,Left,1007,459,108,23,,,0.1
2025-11-13 21:39:19,1.17.2,PR1,18,4.0,,24,Left,Left,1008,459,108,23,,,0.08
2025-11-13 21:39:20,1.17.2,PR1,18,4.0,,24,Left,Left,1009,459,108,23,,,0.4
2025-11-13 21:39:23,1.17.2,PR1,18,4.0,,24,Left,Left,1010,459,108,23,,,0.12
2025-11-13 21:39:24,1.17.2,PR1,18,4.0,,24,Left,Left,1011,459,108,23,,,0.1
2025-11-13 21:40:17,1.17.2,PR1,18,4.0,,24,Left,Left,1012,459,108,23,,,0.02
2025-11-13 21:40:18,1.17.2,PR1,18,4.0,1.0,24,Pellet,Left,1012,459,109,24,0.17,494.0,
2025-11-13 21:40:25,1.17.2,PR1,18,4.0,,25,Left,Left,1013,459,109,24,,,0.09
2025-11-13 21:40:26,1.17.2,PR1,18,4.0,,25,Left,Left,1014,459,109,24,,,0.32
2025-11-13 21:40:28,1.17.2,PR1,18,4.0,,25,Left,Left,1015,459,109,24,,,0.05
2025-11-13 21:40:30,1.17.2,PR1,18,4.0,,25,Right,Left,1015,460,109,24,,,0.17
2025-11-13 21:40:35,1.17.2,PR1,18,4.01,,25,Left,Left,1016,460,109,24,,,0.2
2025-11-13 21:40:36,1.17.2,PR1,18,4.0,,25,Left,Left,1017,460,109,24,,,0.24
2025-11-13 21:40:38,1.17.2,PR1,18,4.0,,25,Right,Left,1017,461,109,24,,,0.19
2025-11-13 21:46:01,1.17.2,PR1,18,4.0,,25,Right,Left,1017,462,109,24,,,0.11
2025-11-13 21:46:04,1.17.2,PR1,18,4.0,,25,Right,Left,1017,463,109,24,,,0.16
2025-11-13 21:46:07,1.17.2,PR1,18,4.0,,25,Left,Left,1018,463,109,24,,,0.12
2025-11-13 21:46:08,1.17.2,PR1,18,4.0,,25,Left,Left,1019,463,109,24,,,0.24
2025-11-13 21:46:09,1.17.2,PR1,18,4.0,,25,Left,Left,1020,463,109,24,,,0.19
2025-11-13 21:46:10,1.17.2,PR1,18,4.0,,25,Left,Left,1021,463,109,24,,,0.07
2025-11-13 21:46:12,1.17.2,PR1,18,4.0,,25,Left,Left,1022,463,109,24,,,0.12
2025-11-13 21:49:34,1.17.2,PR1,18,4.0,,25,Right,Left,1022,464,109,24,,,0.15
2025-11-13 21:49:35,1.17.2,PR1,18,4.0,,25,Right,Left,1022,465,109,24,,,0.18
2025-11-13 21:49:36,1.17.2,PR1,18,4.0,,25,Right,Left,1022,466,109,24,,,0.12
2025-11-13 21:49:38,1.17.2,PR1,18,4.0,,25,Left,Left,1023,466,109,24,,,0.05
2025-11-13 21:49:39,1.17.2,PR1,18,4.0,,25,Left,Left,1024,466,109,24,,,0.09
2025-11-13 21:49:40,1.17.2,PR1,18,4.0,,25,Left,Left,1025,466,109,24,,,0.13
2025-11-13 21:49:41,1.17.2,PR1,18,4.0,,25,Left,Left,1026,466,109,24,,,0.0
2025-11-13 21:49:42,1.17.2,PR1,18,4.0,,25,Left,Left,1027,466,109,24,,,0.09
2025-11-13 21:49:43,1.17.2,PR1,18,3.99,,25,Left,Left,1028,466,109,24,,,0.17
2025-11-13 21:49:48,1.17.2,PR1,18,4.0,,25,Right,Left,1028,467,109,24,,,0.11
2025-11-13 21:49:49,1.17.2,PR1,18,4.0,,25,Right,Left,1028,468,109,24,,,0.17
2025-11-13 21:49:52,1.17.2,PR1,18,4.0,,25,Left,Left,1029,468,109,24,,,0.02
2025-11-13 21:56:00,1.17.2,PR1,18,4.0,,25,Left,Left,1030,468,109,24,,,0.12
2025-11-13 21:56:01,1.17.2,PR1,18,4.0,,25,Left,Left,1031,468,109,24,,,0.31
2025-11-13 21:57:49,1.17.2,PR1,18,4.0,,25,Left,Left,1032,468,109,24,,,0.22
2025-11-13 21:57:50,1.17.2,PR1,18,4.0,,25,Left,Left,1033,468,109,24,,,0.17
2025-11-13 21:57:52,1.17.2,PR1,18,4.0,,25,Left,Left,1034,468,109,24,,,0.25
2025-11-13 21:57:53,1.17.2,PR1,18,4.0,,25,Left,Left,1035,468,109,24,,,0.37
2025-11-13 21:57:55,1.17.2,PR1,18,4.0,,25,Right,Left,1035,469,109,24,,,0.1
2025-11-13 21:58:40,1.17.2,PR1,18,4.0,,25,Left,Left,1036,469,109,24,,,0.07
2025-11-13 22:05:53,1.17.2,PR1,18,4.0,,25,Right,Left,1036,470,109,24,,,0.0
2025-11-13 22:05:54,1.17.2,PR1,18,4.0,,25,Right,Left,1036,471,109,24,,,0.27
2025-11-13 22:05:55,1.17.2,PR1,18,4.0,,25,Right,Left,1036,472,109,24,,,0.1
2025-11-13 22:05:56,1.17.2,PR1,18,4.0,,25,Left,Left,1037,472,109,24,,,0.12
2025-11-13 22:05:57,1.17.2,PR1,18,4.0,1.0,25,Pellet,Left,1037,472,110,25,0.17,1539.0,
2025-11-13 22:06:07,1.17.2,PR1,18,4.0,,26,Left,Left,1038,472,110,25,,,0.09
2025-11-13 22:06:09,1.17.2,PR1,18,4.0,,26,Left,Left,1039,472,110,25,,,0.65
2025-11-13 22:06:10,1.17.2,PR1,18,4.0,,26,Left,Left,1040,472,110,25,,,0.48
2025-11-13 22:06:12,1.17.2,PR1,18,4.0,,26,Left,Left,1041,472,110,25,,,0.21
2025-11-13 22:06:13,1.17.2,PR1,18,4.0,,26,Left,Left,1042,472,110,25,,,0.14
2025-11-13 22:06:14,1.17.2,PR1,18,4.0,,26,Left,Left,1043,472,110,25,,,0.23
2025-11-13 22:06:18,1.17.2,PR1,18,4.0,,26,Left,Left,1044,472,110,25,,,0.08
2025-11-13 22:06:19,1.17.2,PR1,18,4.0,,26,Left,Left,1045,472,110,25,,,0.28
2025-11-13 22:06:20,1.17.2,PR1,18,4.0,,26,Left,Left,1046,472,110,25,,,0.09
2025-11-13 22:08:01,1.17.2,PR1,18,4.0,,26,Right,Left,1046,473,110,25,,,0.03
2025-11-13 22:09:45,1.17.2,PR1,18,4.0,,26,Right,Left,1046,474,110,25,,,0.15
2025-11-13 22:09:47,1.17.2,PR1,18,4.0,,26,Right,Left,1046,475,110,25,,,0.24
2025-11-13 22:09:48,1.17.2,PR1,18,4.0,,26,Left,Left,1047,475,110,25,,,0.04
2025-11-13 22:11:25,1.17.2,PR1,18,4.01,,26,Right,Left,1047,476,110,25,,,0.07
2025-11-13 22:11:26,1.17.2,PR1,18,4.0,,26,Right,Left,1047,477,110,25,,,0.29
2025-11-13 22:11:28,1.17.2,PR1,18,4.0,,26,Left,Left,1048,477,110,25,,,0.04
2025-11-13 22:11:29,1.17.2,PR1,18,4.0,,26,Left,Left,1049,477,110,25,,,0.17
2025-11-13 22:11:31,1.17.2,PR1,18,4.0,,26,Left,Left,1050,477,110,25,,,0.11
2025-11-13 22:11:32,1.17.2,PR1,18,4.0,,26,Left,Left,1051,477,110,25,,,0.12
2025-11-13 22:11:33,1.17.2,PR1,18,4.0,,26,Left,Left,1052,477,110,25,,,0.15
2025-11-13 22:11:34,1.17.2,PR1,18,4.0,,26,Left,Left,1053,477,110,25,,,0.0
2025-11-13 22:11:36,1.17.2,PR1,18,4.0,,26,Left,Left,1054,477,110,25,,,0.15
2025-11-13 22:11:37,1.17.2,PR1,18,4.0,,26,Left,Left,1055,477,110,25,,,0.09
2025-11-13 22:15:55,1.17.2,PR1,18,4.0,,26,Left,Left,1056,477,110,25,,,0.23
2025-11-13 22:16:07,1.17.2,PR1,18,3.99,,26,Left,Left,1057,477,110,25,,,0.06
2025-11-13 22:16:54,1.17.2,PR1,18,4.0,,26,Right,Left,1057,478,110,25,,,0.03
2025-11-13 22:16:54,1.17.2,PR1,18,4.0,,26,Right,Left,1057,479,110,25,,,0.0
2025-11-13 22:17:22,1.17.2,PR1,18,4.0,,26,Right,Left,1057,480,110,25,,,0.05
2025-11-13 22:17:24,1.17.2,PR1,18,4.0,,26,Left,Left,1058,480,110,25,,,0.05
2025-11-13 22:17:26,1.17.2,PR1,18,4.0,,26,Left,Left,1059,480,110,25,,,0.39
2025-11-13 22:17:27,1.17.2,PR1,18,4.0,,26,Left,Left,1060,480,110,25,,,0.19
2025-11-13 22:17:29,1.17.2,PR1,18,4.0,,26,Left,Left,1061,480,110,25,,,0.31
2025-11-13 22:17:30,1.17.2,PR1,18,4.0,,26,Left,Left,1062,480,110,25,,,0.4
2025-11-13 22:17:32,1.17.2,PR1,18,4.0,,26,Left,Left,1063,480,110,25,,,0.11
2025-11-13 22:17:33,1.17.2,PR1,18,4.0,1.0,26,Pellet,Left,1063,480,111,26,0.29,696.0,
2025-11-13 22:17:48,1.17.2,PR1,18,4.0,,27,Left,Left,1064,480,111,26,,,0.09
2025-11-13 22:17:49,1.17.2,PR1,18,4.0,,27,Left,Left,1065,480,111,26,,,0.27
2025-11-13 22:17:51,1.17.2,PR1,18,4.0,,27,Left,Left,1066,480,111,26,,,0.08
2025-11-13 22:17:52,1.17.2,PR1,18,4.0,,27,Left,Left,1067,480,111,26,,,0.11
2025-11-13 22:17:54,1.17.2,PR1,18,4.0,,27,Left,Left,1068,480,111,26,,,0.29
2025-11-13 22:17:56,1.17.2,PR1,18,4.0,,27,Left,Left,1069,480,111,26,,,0.71
2025-11-13 22:17:57,1.17.2,PR1,18,4.0,,27,Left,Left,1070,480,111,26,,,0.09
2025-11-13 22:17:59,1.17.2,PR1,18,4.0,,27,Left,Left,1071,480,111,26,,,0.06
2025-11-13 22:18:00,1.17.2,PR1,18,4.0,,27,Left,Left,1072,480,111,26,,,0.31
2025-11-13 22:18:02,1.17.2,PR1,18,4.0,,27,Left,Left,1073,480,111,26,,,0.07
2025-11-13 22:18:04,1.17.2,PR1,18,4.0,,27,Left,Left,1074,480,111,26,,,0.22
2025-11-13 22:18:04,1.17.2,PR1,18,4.0,,27,Left,Left,1075,480,111,26,,,0.14
2025-11-13 22:18:10,1.17.2,PR1,18,4.0,,27,Right,Left,1075,481,111,26,,,0.26
2025-11-13 22:18:11,1.17.2,PR1,18,4.0,,27,Right,Left,1075,482,111,26,,,0.36
2025-11-13 22:18:17,1.17.2,PR1,18,4.0,,27,Left,Left,1076,482,111,26,,,0.57
2025-11-13 22:18:18,1.17.2,PR1,18,3.98,,27,Left,Left,1077,482,111,26,,,0.13
2025-11-13 22:18:20,1.17.2,PR1,18,4.0,,27,Left,Left,1078,482,111,26,,,0.37
2025-11-13 22:18:21,1.17.2,PR1,18,4.0,,27,Left,Left,1079,482,111,26,,,0.3
2025-11-13 22:18:23,1.17.2,PR1,18,4.0,,27,Left,Left,1080,482,111,26,,,0.25
2025-11-13 22:18:25,1.17.2,PR1,18,4.0,,27,Left,Left,1081,482,111,26,,,0.2
2025-11-13 22:18:27,1.17.2,PR1,18,4.0,,27,Left,Left,1082,482,111,26,,,0.18
2025-11-13 22:18:29,1.17.2,PR1,18,4.0,,27,Left,Left,1083,482,111,26,,,0.34
2025-11-13 22:18:31,1.17.2,PR1,18,4.0,,27,Left,Left,1084,482,111,26,,,0.25
2025-11-13 22:18:32,1.17.2,PR1,18,4.0,,27,Left,Left,1085,482,111,26,,,0.29
2025-11-13 22:18:33,1.17.2,PR1,18,3.99,,27,Left,Left,1086,482,111,26,,,0.93
2025-11-13 22:18:38,1.17.2,PR1,18,4.0,,27,Left,Left,1087,482,111,26,,,0.07
2025-11-13 22:18:39,1.17.2,PR1,18,4.0,,27,Left,Left,1088,482,111,26,,,0.19
2025-11-13 22:18:40,1.17.2,PR1,18,4.0,,27,Left,Left,1089,482,111,26,,,0.25
2025-11-13 22:18:41,1.17.2,PR1,18,3.98,,27,Left,Left,1090,482,111,26,,,0.18
2025-11-13 22:18:42,1.17.2,PR1,18,4.0,1.0,27,Pellet,Left,1090,482,112,27,0.17,69.0,
2025-11-13 22:18:55,1.17.2,PR1,18,4.0,,28,Right,Left,1090,483,112,27,,,0.21
2025-11-13 22:18:56,1.17.2,PR1,18,4.0,,28,Right,Left,1090,484,112,27,,,0.0
2025-11-13 22:18:58,1.17.2,PR1,18,4.0,,28,Right,Left,1090,485,112,27,,,0.22
2025-11-13 22:18:59,1.17.2,PR1,18,4.0,,28,Right,Left,1090,486,112,27,,,0.18
2025-11-13 22:19:11,1.17.2,PR1,18,4.0,,28,Left,Left,1091,486,112,27,,,0.07
2025-11-13 22:19:11,1.17.2,PR1,18,4.0,,28,Left,Left,1092,486,112,27,,,0.12
2025-11-13 22:19:13,1.17.2,PR1,18,4.0,,28,Left,Left,1093,486,112,27,,,0.18
2025-11-13 22:19:13,1.17.2,PR1,18,4.0,,28,Left,Left,1094,486,112,27,,,0.02
2025-11-13 22:19:15,1.17.2,PR1,18,4.0,,28,Left,Left,1095,486,112,27,,,0.34
2025-11-13 22:19:20,1.17.2,PR1,18,3.99,,28,Right,Left,1095,487,112,27,,,0.22
2025-11-13 22:19:21,1.17.2,PR1,18,4.0,,28,Right,Left,1095,488,112,27,,,0.08
2025-11-13 22:19:31,1.17.2,PR1,18,4.0,,28,Left,Left,1096,488,112,27,,,0.02
2025-11-13 22:19:32,1.17.2,PR1,18,4.0,,28,Left,Left,1097,488,112,27,,,0.22
2025-11-13 22:19:33,1.17.2,PR1,18,4.0,,28,Left,Left,1098,488,112,27,,,0.12
2025-11-13 22:19:40,1.17.2,PR1,18,4.0,,28,Right,Left,1098,489,112,27,,,0.36
2025-11-13 22:19:42,1.17.2,PR1,18,4.0,,28,Right,Left,1098,490,112,27,,,0.21
2025-11-13 22:19:45,1.17.2,PR1,18,4.0,,28,Left,Left,1099,490,112,27,,,0.03
2025-11-13 22:19:47,1.17.2,PR1,18,4.0,,28,Left,Left,1100,490,112,27,,,0.1
2025-11-13 22:19:52,1.17.2,PR1,18,4.0,,28,Left,Left,1101,490,112,27,,,0.11
2025-11-13 22:20:02,1.17.2,PR1,18,3.99,,28,Left,Left,1102,490,112,27,,,0.03
2025-11-13 22:20:03,1.17.2,PR1,18,4.0,,28,Right,Left,1102,491,112,27,,,0.08
2025-11-13 22:23:27,1.17.2,PR1,18,4.0,,28,Right,Left,1102,492,112,27,,,0.03
2025-11-13 22:23:28,1.17.2,PR1,18,4.0,,28,Right,Left,1102,493,112,27,,,0.09
2025-11-13 22:23:31,1.17.2,PR1,18,4.0,,28,Left,Left,1103,493,112,27,,,0.11
2025-11-13 22:23:32,1.17.2,PR1,18,4.0,,28,Left,Left,1104,493,112,27,,,0.26
2025-11-13 22:23:33,1.17.2,PR1,18,4.0,,28,Left,Left,1105,493,112,27,,,0.09
2025-11-13 22:23:34,1.17.2,PR1,18,4.0,,28,Left,Left,1106,493,112,27,,,0.22
2025-11-13 22:23:36,1.17.2,PR1,18,4.0,,28,Left,Left,1107,493,112,27,,,0.17
2025-11-13 22:23:38,1.17.2,PR1,18,4.0,,28,Left,Left,1108,493,112,27,,,0.26
2025-11-13 22:28:45,1.17.2,PR1,18,4.0,,28,Left,Left,1109,493,112,27,,,0.03
2025-11-13 22:28:46,1.17.2,PR1,18,4.0,,28,Left,Left,1110,493,112,27,,,0.04
2025-11-13 22:28:47,1.17.2,PR1,18,4.0,,28,Left,Left,1111,493,112,27,,,0.25
2025-11-13 22:28:49,1.17.2,PR1,18,4.0,,28,Left,Left,1112,493,112,27,,,0.32
2025-11-13 22:28:58,1.17.2,PR1,18,4.0,,28,Right,Left,1112,494,112,27,,,0.29
2025-11-13 22:29:05,1.17.2,PR1,18,4.0,,28,Right,Left,1112,495,112,27,,,0.17
2025-11-13 22:29:10,1.17.2,PR1,18,4.0,,28,Left,Left,1113,495,112,27,,,0.06
2025-11-13 22:29:13,1.17.2,PR1,18,4.0,,28,Left,Left,1114,495,112,27,,,0.09
2025-11-13 22:29:14,1.17.2,PR1,18,4.0,,28,Left,Left,1115,495,112,27,,,0.09
2025-11-13 22:29:15,1.17.2,PR1,18,4.0,,28,Left,Left,1116,495,112,27,,,0.09
2025-11-13 22:31:48,1.17.2,PR1,18,4.0,,28,Left,Left,1117,495,112,27,,,0.09
2025-11-13 22:31:49,1.17.2,PR1,18,4.0,,28,Left,Left,1118,495,112,27,,,0.08
2025-11-13 22:31:50,1.17.2,PR1,18,4.0,1.0,28,Pellet,Left,1118,495,113,28,0.17,788.0,
2025-11-13 22:32:02,1.17.2,PR1,18,4.0,,29,Left,Left,1119,495,113,28,,,0.07
2025-11-13 22:32:03,1.17.2,PR1,18,4.0,,29,Left,Left,1120,495,113,28,,,0.11
2025-11-13 22:32:04,1.17.2,PR1,18,4.0,,29,Left,Left,1121,495,113,28,,,0.13
2025-11-13 22:32:06,1.17.2,PR1,18,4.0,,29,Left,Left,1122,495,113,28,,,0.03
2025-11-13 22:32:07,1.17.2,PR1,18,4.0,,29,Left,Left,1123,495,113,28,,,0.07
2025-11-13 22:32:12,1.17.2,PR1,18,4.0,,29,Left,Left,1124,495,113,28,,,0.08
2025-11-13 22:32:14,1.17.2,PR1,18,4.0,,29,Left,Left,1125,495,113,28,,,0.02
2025-11-13 22:32:16,1.17.2,PR1,18,4.0,,29,Left,Left,1126,495,113,28,,,0.03
2025-11-13 22:32:18,1.17.2,PR1,18,4.0,,29,Right,Left,1126,496,113,28,,,0.15
2025-11-13 22:32:21,1.17.2,PR1,18,4.0,,29,Right,Left,1126,497,113,28,,,0.2
2025-11-13 22:32:22,1.17.2,PR1,18,4.0,,29,Right,Left,1126,498,113,28,,,0.2
2025-11-13 22:37:25,1.17.2,PR1,18,4.0,,29,Left,Left,1127,498,113,28,,,0.2
2025-11-13 22:37:26,1.17.2,PR1,18,4.0,,29,Left,Left,1128,498,113,28,,,0.09
2025-11-13 22:37:28,1.17.2,PR1,18,4.0,,29,Left,Left,1129,498,113,28,,,0.22
2025-11-13 22:37:29,1.17.2,PR1,18,4.0,,29,Left,Left,1130,498,113,28,,,0.25
2025-11-13 22:39:22,1.17.2,PR1,18,4.0,,29,Right,Left,1130,499,113,28,,,0.08
2025-11-13 22:39:26,1.17.2,PR1,18,4.0,,29,Left,Left,1131,499,113,28,,,0.29
2025-11-13 22:39:28,1.17.2,PR1,18,4.0,,29,Left,Left,1132,499,113,28,,,0.25
2025-11-13 22:39:29,1.17.2,PR1,18,4.0,,29,Left,Left,1133,499,113,28,,,0.43
2025-11-13 22:39:30,1.17.2,PR1,18,4.0,,29,Left,Left,1134,499,113,28,,,0.25
2025-11-13 22:39:31,1.17.2,PR1,18,4.0,,29,Left,Left,1135,499,113,28,,,0.17
2025-11-13 22:39:34,1.17.2,PR1,18,4.0,,29,Left,Left,1136,499,113,28,,,0.27
2025-11-13 22:39:36,1.17.2,PR1,18,4.0,,29,Left,Left,1137,499,113,28,,,0.24
2025-11-13 22:39:37,1.17.2,PR1,18,4.0,,29,Left,Left,1138,499,113,28,,,0.04
2025-11-13 22:39:42,1.17.2,PR1,18,4.0,,29,Left,Left,1139,499,113,28,,,0.3
2025-11-13 22:39:44,1.17.2,PR1,18,4.0,,29,Left,Left,1140,499,113,28,,,0.56
2025-11-13 22:39:45,1.17.2,PR1,18,4.0,,29,Left,Left,1141,499,113,28,,,0.21
2025-11-13 22:39:46,1.17.2,PR1,18,4.0,,29,Left,Left,1142,499,113,28,,,0.13
2025-11-13 22:39:48,1.17.2,PR1,18,4.0,,29,Left,Left,1143,499,113,28,,,0.03
2025-11-13 22:39:49,1.17.2,PR1,18,4.0,,29,Left,Left,1144,499,113,28,,,0.06
2025-11-13 22:39:51,1.17.2,PR1,18,4.0,,29,Left,Left,1145,499,113,28,,,0.09
2025-11-13 22:46:57,1.17.2,PR1,18,4.0,,29,Right,Left,1145,500,113,28,,,0.1
2025-11-13 22:46:58,1.17.2,PR1,18,4.0,,29,Right,Left,1145,501,113,28,,,0.18
2025-11-13 22:46:59,1.17.2,PR1,18,4.0,,29,Right,Left,1145,502,113,28,,,0.01
2025-11-13 22:47:03,1.17.2,PR1,18,4.0,,29,Left,Left,1146,502,113,28,,,0.14
2025-11-13 22:47:04,1.17.2,PR1,18,4.0,,29,Left,Left,1147,502,113,28,,,0.28
2025-11-13 22:47:05,1.17.2,PR1,18,4.0,1.0,29,Pellet,Left,1147,502,114,29,0.35,915.0,
2025-11-13 22:47:31,1.17.2,PR1,18,4.0,,30,Left,Left,1148,502,114,29,,,0.78
2025-11-13 22:47:35,1.17.2,PR1,18,4.0,,30,Left,Left,1149,502,114,29,,,0.05
2025-11-13 22:47:36,1.17.2,PR1,18,4.0,,30,Left,Left,1150,502,114,29,,,0.09
2025-11-13 22:47:38,1.17.2,PR1,18,4.0,,30,Left,Left,1151,502,114,29,,,0.52
2025-11-13 22:47:40,1.17.2,PR1,18,4.0,,30,Left,Left,1152,502,114,29,,,0.18
2025-11-13 22:47:42,1.17.2,PR1,18,4.0,,30,Left,Left,1153,502,114,29,,,0.58
2025-11-13 22:47:44,1.17.2,PR1,18,4.0,,30,Left,Left,1154,502,114,29,,,0.69
2025-11-13 22:47:45,1.17.2,PR1,18,4.0,,30,Left,Left,1155,502,114,29,,,0.44
2025-11-13 22:47:49,1.17.2,PR1,18,4.0,,30,Left,Left,1156,502,114,29,,,0.05
2025-11-13 22:47:50,1.17.2,PR1,18,4.0,,30,Left,Left,1157,502,114,29,,,0.11
2025-11-13 22:47:59,1.17.2,PR1,18,4.0,,30,Right,Left,1157,503,114,29,,,0.04
2025-11-13 22:48:00,1.17.2,PR1,18,4.0,,30,Right,Left,1157,504,114,29,,,0.27
2025-11-13 22:48:02,1.17.2,PR1,18,4.0,,30,Right,Left,1157,505,114,29,,,0.22
2025-11-13 22:48:03,1.17.2,PR1,18,4.0,,30,Right,Left,1157,506,114,29,,,0.0
2025-11-13 22:48:04,1.17.2,PR1,18,4.0,,30,Right,Left,1157,507,114,29,,,0.16
2025-11-13 22:48:06,1.17.2,PR1,18,4.0,,30,Left,Left,1158,507,114,29,,,0.08
2025-11-13 22:48:07,1.17.2,PR1,18,4.0,,30,Left,Left,1159,507,114,29,,,0.03
2025-11-13 22:48:28,1.17.2,PR1,18,4.0,,30,Left,Left,1160,507,114,29,,,0.18
2025-11-13 22:48:30,1.17.2,PR1,18,4.0,,30,Left,Left,1161,507,114,29,,,0.25
2025-11-13 22:48:31,1.17.2,PR1,18,4.0,,30,Left,Left,1162,507,114,29,,,0.35
2025-11-13 22:48:32,1.17.2,PR1,18,4.0,,30,Left,Left,1163,507,114,29,,,0.1
2025-11-13 22:48:33,1.17.2,PR1,18,3.99,,30,Left,Left,1164,507,114,29,,,0.1
2025-11-13 22:50:07,1.17.2,PR1,18,4.0,,30,Right,Left,1164,508,114,29,,,0.07
2025-11-13 22:52:58,1.17.2,PR1,18,4.0,,30,Right,Left,1164,509,114,29,,,0.06
2025-11-13 22:55:19,1.17.2,PR1,18,4.0,,30,Left,Left,1165,509,114,29,,,0.08
2025-11-13 22:55:20,1.17.2,PR1,18,4.0,,30,Left,Left,1166,509,114,29,,,0.09
2025-11-13 22:55:21,1.17.2,PR1,18,4.0,,30,Left,Left,1167,509,114,29,,,0.3
2025-11-13 22:55:22,1.17.2,PR1,18,4.0,,30,Left,Left,1168,509,114,29,,,0.14
2025-11-13 22:55:23,1.17.2,PR1,18,4.0,,30,Left,Left,1169,509,114,29,,,0.07
2025-11-13 22:55:25,1.17.2,PR1,18,4.0,,30,Left,Left,1170,509,114,29,,,0.17
2025-11-13 22:55:26,1.17.2,PR1,18,4.0,,30,Left,Left,1171,509,114,29,,,0.06
2025-11-13 22:55:29,1.17.2,PR1,18,4.0,,30,Left,Left,1172,509,114,29,,,0.05
2025-11-13 23:03:25,1.17.2,PR1,18,4.0,,30,Left,Left,1173,509,114,29,,,0.05
2025-11-13 23:03:26,1.17.2,PR1,18,4.0,,30,Left,Left,1174,509,114,29,,,0.07
2025-11-13 23:03:27,1.17.2,PR1,18,4.0,,30,Left,Left,1175,509,114,29,,,0.19
2025-11-13 23:03:28,1.17.2,PR1,18,4.0,,30,Left,Left,1176,509,114,29,,,0.08
2025-11-13 23:03:30,1.17.2,PR1,18,4.0,,30,Left,Left,1177,509,114,29,,,0.39
2025-11-13 23:03:31,1.17.2,PR1,18,4.0,1.0,30,Pellet,Left,1177,509,115,30,0.17,986.0,
2025-11-13 23:03:54,1.17.2,PR1,18,4.0,,31,Left,Left,1178,509,115,30,,,0.04
2025-11-13 23:03:57,1.17.2,PR1,18,4.0,,31,Right,Left,1178,510,115,30,,,0.09
2025-11-13 23:04:03,1.17.2,PR1,18,4.0,,31,Left,Left,1179,510,115,30,,,0.76
2025-11-13 23:04:06,1.17.2,PR1,18,4.0,,31,Left,Left,1180,510,115,30,,,1.0
2025-11-13 23:04:09,1.17.2,PR1,18,4.0,,31,Left,Left,1181,510,115,30,,,0.32
2025-11-13 23:04:10,1.17.2,PR1,18,4.0,,31,Left,Left,1182,510,115,30,,,0.46
2025-11-13 23:04:13,1.17.2,PR1,18,4.0,,31,Left,Left,1183,510,115,30,,,0.64
2025-11-13 23:04:16,1.17.2,PR1,18,4.0,,31,Right,Left,1183,511,115,30,,,0.64
2025-11-13 23:04:20,1.17.2,PR1,18,4.0,,31,Left,Left,1184,511,115,30,,,0.19
2025-11-13 23:09:40,1.17.2,PR1,18,4.0,,31,Left,Left,1185,511,115,30,,,0.05
2025-11-13 23:09:41,1.17.2,PR1,18,4.0,,31,Left,Left,1186,511,115,30,,,0.05
2025-11-13 23:09:52,1.17.2,PR1,18,4.0,,31,Left,Left,1187,511,115,30,,,0.03
2025-11-13 23:10:03,1.17.2,PR1,18,4.0,,31,Left,Left,1188,511,115,30,,,0.03
2025-11-13 23:10:04,1.17.2,PR1,18,4.0,,31,Left,Left,1189,511,115,30,,,0.27
2025-11-13 23:10:05,1.17.2,PR1,18,4.0,,31,Left,Left,1190,511,115,30,,,0.19
2025-11-13 23:10:07,1.17.2,PR1,18,4.0,,31,Left,Left,1191,511,115,30,,,0.35
2025-11-13 23:10:08,1.17.2,PR1,18,3.99,,31,Left,Left,1192,511,115,30,,,0.07
2025-11-13 23:10:08,1.17.2,PR1,18,4.0,,31,Left,Left,1193,511,115,30,,,0.01
2025-11-13 23:10:12,1.17.2,PR1,18,4.0,,31,Left,Left,1194,511,115,30,,,0.34
2025-11-13 23:10:16,1.17.2,PR1,18,4.0,,31,Left,Left,1195,511,115,30,,,0.08
2025-11-13 23:10:17,1.17.2,PR1,18,4.0,,31,Left,Left,1196,511,115,30,,,0.06
2025-11-13 23:10:19,1.17.2,PR1,18,4.0,,31,Left,Left,1197,511,115,30,,,0.15
2025-11-13 23:10:20,1.17.2,PR1,18,4.0,,31,Left,Left,1198,511,115,30,,,0.12
2025-11-13 23:15:27,1.17.2,PR1,18,4.0,,31,Left,Left,1199,511,115,30,,,0.02
2025-11-13 23:16:27,1.17.2,PR1,18,4.0,,31,Right,Left,1199,512,115,30,,,0.04
2025-11-13 23:16:50,1.17.2,PR1,18,4.0,,31,Left,Left,1200,512,115,30,,,0.03
2025-11-13 23:16:52,1.17.2,PR1,18,4.0,,31,Left,Left,1201,512,115,30,,,0.5
2025-11-13 23:16:55,1.17.2,PR1,18,4.0,,31,Left,Left,1202,512,115,30,,,0.12
2025-11-13 23:16:56,1.17.2,PR1,18,4.0,,31,Left,Left,1203,512,115,30,,,0.03
2025-11-13 23:16:56,1.17.2,PR1,18,4.0,,31,Left,Left,1204,512,115,30,,,0.02
2025-11-13 23:16:58,1.17.2,PR1,18,4.0,,31,Left,Left,1205,512,115,30,,,0.32
2025-11-13 23:17:01,1.17.2,PR1,18,4.0,,31,Left,Left,1206,512,115,30,,,0.07
2025-11-13 23:17:03,1.17.2,PR1,18,4.0,,31,Left,Left,1207,512,115,30,,,0.19
2025-11-14 00:03:25,1.17.2,PR1,18,4.0,,1,Left,Left,1208,512,115,0,,,0.4
2025-11-14 00:03:26,1.17.2,PR1,18,4.0,1.0,1,Pellet,Left,1208,512,116,1,0.17,3595.0,
2025-11-14 00:03:33,1.17.2,PR1,18,4.0,,2,Left,Left,1209,512,116,1,,,0.12
2025-11-14 00:03:35,1.17.2,PR1,18,4.0,,2,Left,Left,1210,512,116,1,,,0.11
2025-11-14 00:03:36,1.17.2,PR1,18,4.0,1.0,2,Pellet,Left,1210,512,117,2,0.41,10.0,
2025-11-14 00:03:49,1.17.2,PR1,18,4.0,,3,Left,Left,1211,512,117,2,,,0.11
2025-11-14 00:03:50,1.17.2,PR1,18,4.0,,3,Left,Left,1212,512,117,2,,,0.09
2025-11-14 00:03:53,1.17.2,PR1,18,4.0,,3,Left,Left,1213,512,117,2,,,0.07
2025-11-14 00:03:54,1.17.2,PR1,18,3.98,1.0,3,Pellet,Left,1213,512,118,3,0.23,18.0,
2025-11-14 00:04:00,1.17.2,PR1,18,4.0,,4,Left,Left,1214,512,118,3,,,0.17
2025-11-14 00:04:01,1.17.2,PR1,18,4.0,,4,Left,Left,1215,512,118,3,,,0.11
2025-11-14 00:04:04,1.17.2,PR1,18,4.0,,4,Left,Left,1216,512,118,3,,,0.07
2025-11-14 00:04:08,1.17.2,PR1,18,4.0,,4,Left,Left,1217,512,118,3,,,0.71
2025-11-14 00:04:09,1.17.2,PR1,18,4.0,1.0,4,Pellet,Left,1217,512,119,4,0.12,14.0,
2025-11-14 00:04:20,1.17.2,PR1,18,4.0,,5,Left,Left,1218,512,119,4,,,0.11
2025-11-14 00:04:21,1.17.2,PR1,18,4.0,,5,Left,Left,1219,512,119,4,,,0.28
2025-11-14 00:04:24,1.17.2,PR1,18,4.0,,5,Left,Left,1220,512,119,4,,,0.06
2025-11-14 00:04:25,1.17.2,PR1,18,4.0,,5,Left,Left,1221,512,119,4,,,0.06
2025-11-14 00:04:31,1.17.2,PR1,18,4.0,,5,Left,Left,1222,512,119,4,,,0.11
2025-11-14 00:04:32,1.17.2,PR1,18,4.0,1.0,5,Pellet,Left,1222,512,120,5,0.17,24.0,
2025-11-14 00:04:41,1.17.2,PR1,18,4.0,,6,Left,Left,1223,512,120,5,,,0.04
2025-11-14 00:04:43,1.17.2,PR1,18,4.0,,6,Left,Left,1224,512,120,5,,,0.38
2025-11-14 00:04:45,1.17.2,PR1,18,4.0,,6,Left,Left,1225,512,120,5,,,0.03
2025-11-14 00:04:48,1.17.2,PR1,18,4.0,,6,Left,Left,1226,512,120,5,,,0.75
2025-11-14 00:04:56,1.17.2,PR1,18,4.0,,6,Left,Left,1227,512,120,5,,,0.08
2025-11-14 00:04:57,1.17.2,PR1,18,4.0,,6,Left,Left,1228,512,120,5,,,0.53
2025-11-14 00:04:58,1.17.2,PR1,18,4.0,1.0,6,Pellet,Left,1228,512,121,6,0.17,26.0,
2025-11-14 00:05:07,1.17.2,PR1,18,4.0,,7,Left,Left,1229,512,121,6,,,0.15
2025-11-14 00:05:11,1.17.2,PR1,18,4.0,,7,Left,Left,1230,512,121,6,,,0.14
2025-11-14 00:05:12,1.17.2,PR1,18,4.0,,7,Left,Left,1231,512,121,6,,,0.16
2025-11-14 00:05:14,1.17.2,PR1,18,4.0,,7,Left,Left,1232,512,121,6,,,0.21
2025-11-14 00:05:16,1.17.2,PR1,18,4.0,,7,Left,Left,1233,512,121,6,,,0.03
2025-11-14 00:05:19,1.17.2,PR1,18,4.0,,7,Left,Left,1234,512,121,6,,,0.51
2025-11-14 00:05:20,1.17.2,PR1,18,4.0,,7,Left,Left,1235,512,121,6,,,0.13
2025-11-14 00:05:23,1.17.2,PR1,18,4.0,1.0,7,Pellet,Left,1235,512,122,7,1.31,24.0,
2025-11-14 00:05:27,1.17.2,PR1,18,4.0,,8,Left,Left,1236,512,122,7,,,0.15
2025-11-14 00:05:28,1.17.2,PR1,18,4.0,,8,Left,Left,1237,512,122,7,,,0.15
2025-11-14 00:05:30,1.17.2,PR1,18,4.0,,8,Left,Left,1238,512,122,7,,,0.13
2025-11-14 00:05:31,1.17.2,PR1,18,3.99,,8,Left,Left,1239,512,122,7,,,0.6
2025-11-14 00:05:32,1.17.2,PR1,18,3.99,,8,Left,Left,1240,512,122,7,,,0.11
2025-11-14 00:05:33,1.17.2,PR1,18,4.0,,8,Left,Left,1241,512,122,7,,,0.08
2025-11-14 00:05:34,1.17.2,PR1,18,4.0,,8,Left,Left,1242,512,122,7,,,0.07
2025-11-14 00:05:36,1.17.2,PR1,18,4.0,,8,Left,Left,1243,512,122,7,,,0.03
2025-11-14 00:05:37,1.17.2,PR1,18,4.0,1.0,8,Pellet,Left,1243,512,123,8,0.12,15.0,
2025-11-14 00:05:45,1.17.2,PR1,18,4.0,,9,Left,Left,1244,512,123,8,,,0.33
2025-11-14 00:05:47,1.17.2,PR1,18,4.0,,9,Left,Left,1245,512,123,8,,,0.43
2025-11-14 00:05:50,1.17.2,PR1,18,4.0,,9,Left,Left,1246,512,123,8,,,0.42
2025-11-14 00:05:53,1.17.2,PR1,18,4.0,,9,Left,Left,1247,512,123,8,,,0.69
2025-11-14 00:05:54,1.17.2,PR1,18,4.0,,9,Left,Left,1248,512,123,8,,,0.24
2025-11-14 00:05:55,1.17.2,PR1,18,4.0,,9,Left,Left,1249,512,123,8,,,0.17
2025-11-14 00:05:57,1.17.2,PR1,18,4.0,,9,Left,Left,1250,512,123,8,,,0.33
2025-11-14 00:05:59,1.17.2,PR1,18,4.0,,9,Left,Left,1251,512,123,8,,,0.17
2025-11-14 00:06:02,1.17.2,PR1,18,4.0,,9,Right,Left,1251,513,123,8,,,0.48
2025-11-14 00:06:03,1.17.2,PR1,18,4.0,,9,Right,Left,1251,514,123,8,,,0.3
2025-11-14 00:06:05,1.17.2,PR1,18,4.0,,9,Right,Left,1251,515,123,8,,,0.44
2025-11-14 00:06:07,1.17.2,PR1,18,4.0,,9,Right,Left,1251,516,123,8,,,0.15
2025-11-14 00:06:12,1.17.2,PR1,18,4.0,,9,Left,Left,1252,516,123,8,,,0.08
2025-11-14 00:06:13,1.17.2,PR1,18,4.0,1.0,9,Pellet,Left,1252,516,124,9,0.29,36.0,
2025-11-14 00:06:30,1.17.2,PR1,18,4.0,,10,Left,Left,1253,516,124,9,,,0.07
2025-11-14 00:06:31,1.17.2,PR1,18,4.0,,10,Left,Left,1254,516,124,9,,,0.04
2025-11-14 00:06:33,1.17.2,PR1,18,4.0,,10,Left,Left,1255,516,124,9,,,0.09
2025-11-14 00:06:35,1.17.2,PR1,18,4.0,,10,Left,Left,1256,516,124,9,,,0.33
2025-11-14 00:06:44,1.17.2,PR1,18,4.0,,10,Left,Left,1257,516,124,9,,,0.02
2025-11-14 00:06:44,1.17.2,PR1,18,4.0,,10,Left,Left,1258,516,124,9,,,0.05
2025-11-14 00:06:47,1.17.2,PR1,18,4.0,,10,Left,Left,1259,516,124,9,,,0.02
2025-11-14 00:07:11,1.17.2,PR1,18,4.0,,10,Left,Left,1260,516,124,9,,,0.21
2025-11-14 00:07:12,1.17.2,PR1,18,4.0,,10,Left,Left,1261,516,124,9,,,0.25
2025-11-14 00:07:14,1.17.2,PR1,18,4.0,,10,Left,Left,1262,516,124,9,,,0.39
2025-11-14 00:07:15,1.17.2,PR1,18,4.0,1.0,10,Pellet,Left,1262,516,125,10,0.12,62.0,
2025-11-14 00:07:26,1.17.2,PR1,18,4.0,,11,Left,Left,1263,516,125,10,,,0.1
2025-11-14 00:07:29,1.17.2,PR1,18,4.0,,11,Left,Left,1264,516,125,10,,,0.15
2025-11-14 00:07:31,1.17.2,PR1,18,4.0,,11,Left,Left,1265,516,125,10,,,0.13
2025-11-14 00:07:36,1.17.2,PR1,18,4.0,,11,Left,Left,1266,516,125,10,,,0.47
2025-11-14 00:07:38,1.17.2,PR1,18,4.0,,11,Left,Left,1267,516,125,10,,,0.14
2025-11-14 00:07:39,1.17.2,PR1,18,4.0,,11,Left,Left,1268,516,125,10,,,0.0
2025-11-14 00:07:40,1.17.2,PR1,18,4.0,,11,Left,Left,1269,516,125,10,,,0.15
2025-11-14 00:07:41,1.17.2,PR1,18,4.0,,11,Left,Left,1270,516,125,10,,,0.42
2025-11-14 00:07:43,1.17.2,PR1,18,3.99,,11,Left,Left,1271,516,125,10,,,0.08
2025-11-14 00:07:45,1.17.2,PR1,18,4.0,,11,Left,Left,1272,516,125,10,,,0.06
2025-11-14 00:07:47,1.17.2,PR1,18,4.0,,11,Left,Left,1273,516,125,10,,,0.6
2025-11-14 00:07:48,1.17.2,PR1,18,4.0,1.0,11,Pellet,Left,1273,516,126,11,0.23,33.0,
2025-11-14 00:07:54,1.17.2,PR1,18,4.0,,12,Left,Left,1274,516,126,11,,,0.04
2025-11-14 00:07:56,1.17.2,PR1,18,4.0,,12,Left,Left,1275,516,126,11,,,0.08
2025-11-14 00:08:02,1.17.2,PR1,18,4.0,,12,Left,Left,1276,516,126,11,,,0.16
2025-11-14 00:08:04,1.17.2,PR1,18,4.0,,12,Left,Left,1277,516,126,11,,,0.68
2025-11-14 00:08:05,1.17.2,PR1,18,4.0,,12,Left,Left,1278,516,126,11,,,0.2
2025-11-14 00:08:07,1.17.2,PR1,18,4.0,,12,Left,Left,1279,516,126,11,,,0.12
2025-11-14 00:08:08,1.17.2,PR1,18,4.0,,12,Left,Left,1280,516,126,11,,,0.19
2025-11-14 00:08:09,1.17.2,PR1,18,4.0,,12,Left,Left,1281,516,126,11,,,0.16
2025-11-14 00:08:11,1.17.2,PR1,18,4.0,,12,Left,Left,1282,516,126,11,,,0.14
2025-11-14 00:36:09,1.17.2,PR1,18,4.0,,12,Left,Left,1283,516,126,11,,,0.63
2025-11-14 00:36:11,1.17.2,PR1,18,4.0,,12,Left,Left,1284,516,126,11,,,0.38
2025-11-14 00:36:13,1.17.2,PR1,18,4.0,,12,Left,Left,1285,516,126,11,,,0.25
2025-11-14 00:36:20,1.17.2,PR1,18,4.0,2.0,12,Pellet,Left,1285,516,127,12,3.89,1712.0,
2025-11-14 00:36:40,1.17.2,PR1,18,4.0,,13,Left,Left,1286,516,127,12,,,0.53
2025-11-14 00:36:41,1.17.2,PR1,18,4.0,,13,Left,Left,1287,516,127,12,,,0.1
2025-11-14 00:36:43,1.17.2,PR1,18,4.0,,13,Left,Left,1288,516,127,12,,,0.46
2025-11-14 00:36:44,1.17.2,PR1,18,4.0,,13,Left,Left,1289,516,127,12,,,0.09
2025-11-14 00:36:49,1.17.2,PR1,18,4.0,,13,Left,Left,1290,516,127,12,,,0.6
2025-11-14 00:36:50,1.17.2,PR1,18,4.0,,13,Left,Left,1291,516,127,12,,,0.09
2025-11-14 00:36:52,1.17.2,PR1,18,3.99,,13,Left,Left,1292,516,127,12,,,0.15
2025-11-14 00:36:53,1.17.2,PR1,18,4.0,,13,Left,Left,1293,516,127,12,,,0.0
2025-11-14 00:36:57,1.17.2,PR1,18,4.0,,13,Left,Left,1294,516,127,12,,,0.08
2025-11-14 00:36:59,1.17.2,PR1,18,3.99,,13,Left,Left,1295,516,127,12,,,0.87
2025-11-14 00:37:01,1.17.2,PR1,18,4.0,,13,Left,Left,1296,516,127,12,,,0.14
2025-11-14 00:37:04,1.17.2,PR1,18,4.0,,13,Left,Left,1297,516,127,12,,,0.38
2025-11-14 00:37:05,1.17.2,PR1,18,4.0,,13,Left,Left,1298,516,127,12,,,0.18
2025-11-14 00:37:06,1.17.2,PR1,18,4.0,1.0,13,Pellet,Left,1298,516,128,13,0.11,46.0,
2025-11-14 00:37:16,1.17.2,PR1,18,4.0,,14,Left,Left,1299,516,128,13,,,0.12
2025-11-14 00:37:17,1.17.2,PR1,18,4.0,,14,Left,Left,1300,516,128,13,,,0.13
2025-11-14 00:37:18,1.17.2,PR1,18,4.0,,14,Left,Left,1301,516,128,13,,,0.11
2025-11-14 00:38:00,1.17.2,PR1,18,4.0,,14,Left,Left,1302,516,128,13,,,0.04
2025-11-14 00:38:01,1.17.2,PR1,18,4.0,,14,Left,Left,1303,516,128,13,,,0.51
2025-11-14 00:38:03,1.17.2,PR1,18,4.0,,14,Left,Left,1304,516,128,13,,,0.28
2025-11-14 00:38:04,1.17.2,PR1,18,4.0,,14,Left,Left,1305,516,128,13,,,0.5
2025-11-14 00:38:06,1.17.2,PR1,18,4.0,,14,Left,Left,1306,516,128,13,,,0.22
2025-11-14 00:38:07,1.17.2,PR1,18,4.0,,14,Left,Left,1307,516,128,13,,,0.59
2025-11-14 00:38:10,1.17.2,PR1,18,4.0,,14,Left,Left,1308,516,128,13,,,0.62
2025-11-14 00:38:12,1.17.2,PR1,18,4.0,,14,Left,Left,1309,516,128,13,,,0.52
2025-11-14 00:38:14,1.17.2,PR1,18,4.0,,14,Left,Left,1310,516,128,13,,,0.13
2025-11-14 00:38:16,1.17.2,PR1,18,4.0,,14,Left,Left,1311,516,128,13,,,0.12
2025-11-14 00:38:17,1.17.2,PR1,18,3.99,,14,Left,Left,1312,516,128,13,,,0.24
2025-11-14 00:38:18,1.17.2,PR1,18,4.0,2.0,14,Pellet,Left,1312,516,129,14,0.06,72.0,
2025-11-14 00:38:26,1.17.2,PR1,18,4.0,,15,Left,Left,1313,516,129,14,,,0.68
2025-11-14 00:38:29,1.17.2,PR1,18,4.0,,15,Left,Left,1314,516,129,14,,,0.03
2025-11-14 00:38:32,1.17.2,PR1,18,3.99,,15,Left,Left,1315,516,129,14,,,0.78
2025-11-14 00:38:34,1.17.2,PR1,18,4.0,,15,Left,Left,1316,516,129,14,,,0.11
2025-11-14 00:38:36,1.17.2,PR1,18,4.0,,15,Left,Left,1317,516,129,14,,,0.0
2025-11-14 00:38:38,1.17.2,PR1,18,4.0,,15,Left,Left,1318,516,129,14,,,0.31
2025-11-14 00:38:39,1.17.2,PR1,18,4.0,,15,Left,Left,1319,516,129,14,,,0.58
2025-11-14 00:38:41,1.17.2,PR1,18,4.0,,15,Left,Left,1320,516,129,14,,,0.24
2025-11-14 00:38:53,1.17.2,PR1,18,4.0,,15,Right,Left,1320,517,129,14,,,0.42
2025-11-14 00:38:54,1.17.2,PR1,18,4.0,,15,Right,Left,1320,518,129,14,,,0.28
2025-11-14 00:38:56,1.17.2,PR1,18,4.0,,15,Left,Left,1321,518,129,14,,,0.03
2025-11-14 00:38:57,1.17.2,PR1,18,4.0,,15,Left,Left,1322,518,129,14,,,0.26
2025-11-14 00:38:59,1.17.2,PR1,18,4.0,,15,Left,Left,1323,518,129,14,,,0.08
2025-11-14 00:39:01,1.17.2,PR1,18,4.0,,15,Left,Left,1324,518,129,14,,,0.16
2025-11-14 00:39:05,1.17.2,PR1,18,4.0,,15,Left,Left,1325,518,129,14,,,0.28
2025-11-14 00:57:53,1.17.2,PR1,18,4.0,,15,Left,Left,1326,518,129,14,,,0.12
2025-11-14 00:57:54,1.17.2,PR1,18,4.0,,15,Left,Left,1327,518,129,14,,,0.12
2025-11-14 00:57:55,1.17.2,PR1,18,4.0,1.0,15,Pellet,Left,1327,518,130,15,0.17,1177.0,
2025-11-14 00:58:22,1.17.2,PR1,18,4.0,,16,Left,Left,1328,518,130,15,,,0.04
2025-11-14 00:58:25,1.17.2,PR1,18,4.0,,16,Left,Left,1329,518,130,15,,,0.11
2025-11-14 00:58:29,1.17.2,PR1,18,4.0,,16,Left,Left,1330,518,130,15,,,0.73
2025-11-14 00:58:31,1.17.2,PR1,18,4.0,,16,Left,Left,1331,518,130,15,,,0.17
2025-11-14 01:05:18,1.17.2,PR1,18,4.0,,16,Left,Left,1332,518,130,15,,,0.04
2025-11-14 01:09:46,1.17.2,PR1,18,4.0,,16,Right,Left,1332,519,130,15,,,0.17
2025-11-14 01:10:29,1.17.2,PR1,18,4.0,,16,Right,Left,1332,520,130,15,,,0.06
2025-11-14 01:10:31,1.17.2,PR1,18,4.0,,16,Right,Left,1332,521,130,15,,,0.14
2025-11-14 01:10:32,1.17.2,PR1,18,4.0,,16,Right,Left,1332,522,130,15,,,0.1
2025-11-14 01:10:34,1.17.2,PR1,18,4.0,,16,Left,Left,1333,522,130,15,,,0.09
2025-11-14 01:10:37,1.17.2,PR1,18,4.0,,16,Left,Left,1334,522,130,15,,,0.07
2025-11-14 01:13:51,1.17.2,PR1,18,4.0,,16,Right,Left,1334,523,130,15,,,0.07
2025-11-14 01:14:42,1.17.2,PR1,18,4.0,,16,Left,Left,1335,523,130,15,,,0.36
2025-11-14 01:14:44,1.17.2,PR1,18,4.0,,16,Left,Left,1336,523,130,15,,,0.22
2025-11-14 01:14:45,1.17.2,PR1,18,4.0,,16,Left,Left,1337,523,130,15,,,0.18
2025-11-14 01:14:47,1.17.2,PR1,18,4.0,,16,Left,Left,1338,523,130,15,,,0.12
2025-11-14 01:14:49,1.17.2,PR1,18,4.0,,16,Left,Left,1339,523,130,15,,,0.14
2025-11-14 01:14:51,1.17.2,PR1,18,4.0,,16,Left,Left,1340,523,130,15,,,0.19
2025-11-14 01:14:52,1.17.2,PR1,18,4.0,,16,Left,Left,1341,523,130,15,,,0.09
2025-11-14 01:21:19,1.17.2,PR1,18,4.0,,16,Right,Left,1341,524,130,15,,,0.04
2025-11-14 01:21:39,1.17.2,PR1,18,4.0,,16,Left,Left,1342,524,130,15,,,0.02
2025-11-14 01:21:41,1.17.2,PR1,18,4.0,,16,Left,Left,1343,524,130,15,,,0.07
2025-11-14 01:21:42,1.17.2,PR1,18,4.0,1.0,16,Pellet,Left,1343,524,131,16,0.23,1427.0,
2025-11-14 01:21:57,1.17.2,PR1,18,4.0,,17,Left,Left,1344,524,131,16,,,0.05
2025-11-14 01:21:59,1.17.2,PR1,18,4.0,,17,Left,Left,1345,524,131,16,,,0.03
2025-11-14 01:22:00,1.17.2,PR1,18,4.0,,17,Left,Left,1346,524,131,16,,,0.36
2025-11-14 01:22:02,1.17.2,PR1,18,4.0,,17,Left,Left,1347,524,131,16,,,0.48
2025-11-14 01:29:27,1.17.2,PR1,18,4.0,,17,Left,Left,1348,524,131,16,,,0.07
2025-11-14 01:29:28,1.17.2,PR1,18,4.0,,17,Left,Left,1349,524,131,16,,,0.25
2025-11-14 01:30:03,1.17.2,PR1,18,4.0,,17,Left,Left,1350,524,131,16,,,0.15
2025-11-14 01:38:59,1.17.2,PR1,18,4.0,,17,Left,Left,1351,524,131,16,,,0.19
2025-11-14 01:39:00,1.17.2,PR1,18,4.0,,17,Left,Left,1352,524,131,16,,,0.24
2025-11-14 01:39:01,1.17.2,PR1,18,4.0,,17,Left,Left,1353,524,131,16,,,0.08
2025-11-14 01:39:04,1.17.2,PR1,18,4.0,,17,Right,Left,1353,525,131,16,,,0.13
2025-11-14 01:47:30,1.17.2,PR1,18,3.99,,17,Left,Left,1354,525,131,16,,,0.1
2025-11-14 01:48:29,1.17.2,PR1,18,4.0,,17,Right,Left,1354,526,131,16,,,0.07
2025-11-14 01:54:48,1.17.2,PR1,18,4.0,,17,Left,Left,1355,526,131,16,,,0.04
2025-11-14 01:54:49,1.17.2,PR1,18,4.0,,17,Left,Left,1356,526,131,16,,,0.14
2025-11-14 01:54:51,1.17.2,PR1,18,4.0,,17,Left,Left,1357,526,131,16,,,0.21
2025-11-14 01:54:53,1.17.2,PR1,18,4.0,,17,Left,Left,1358,526,131,16,,,0.19
2025-11-14 01:56:38,1.17.2,PR1,18,4.0,,17,Right,Left,1358,527,131,16,,,0.19
2025-11-14 01:56:39,1.17.2,PR1,18,4.0,,17,Right,Left,1358,528,131,16,,,0.11
2025-11-14 01:56:53,1.17.2,PR1,18,4.0,,17,Right,Left,1358,529,131,16,,,0.12
2025-11-14 01:56:55,1.17.2,PR1,18,4.0,,17,Left,Left,1359,529,131,16,,,0.04
2025-11-14 01:56:56,1.17.2,PR1,18,4.0,,17,Left,Left,1360,529,131,16,,,0.08
2025-11-14 01:56:57,1.17.2,PR1,18,4.0,1.0,17,Pellet,Left,1360,529,132,17,0.53,2115.0,
2025-11-14 01:57:13,1.17.2,PR1,18,4.0,,18,Right,Left,1360,530,132,17,,,0.29
2025-11-14 01:57:14,1.17.2,PR1,18,4.0,,18,Right,Left,1360,531,132,17,,,0.16
2025-11-14 01:57:15,1.17.2,PR1,18,4.0,,18,Right,Left,1360,532,132,17,,,0.37
2025-11-14 01:57:18,1.17.2,PR1,18,4.0,,18,Left,Left,1361,532,132,17,,,0.07
2025-11-14 01:57:20,1.17.2,PR1,18,4.0,,18,Left,Left,1362,532,132,17,,,0.31
2025-11-14 01:57:23,1.17.2,PR1,18,4.0,,18,Left,Left,1363,532,132,17,,,0.16
2025-11-14 01:57:25,1.17.2,PR1,18,4.0,,18,Left,Left,1364,532,132,17,,,0.13
2025-11-14 01:57:26,1.17.2,PR1,18,4.0,,18,Left,Left,1365,532,132,17,,,0.54
2025-11-14 01:58:29,1.17.2,PR1,18,4.0,,18,Left,Left,1366,532,132,17,,,0.25
2025-11-14 01:58:30,1.17.2,PR1,18,4.0,,18,Left,Left,1367,532,132,17,,,0.16
2025-11-14 02:02:34,1.17.2,PR1,18,4.0,,18,Right,Left,1367,533,132,17,,,0.08
2025-11-14 02:02:36,1.17.2,PR1,18,4.0,,18,Right,Left,1367,534,132,17,,,0.2
2025-11-14 02:05:26,1.17.2,PR1,18,4.0,,18,Left,Left,1368,534,132,17,,,0.02
2025-11-14 02:05:29,1.17.2,PR1,18,4.0,,18,Left,Left,1369,534,132,17,,,0.05
2025-11-14 02:05:32,1.17.2,PR1,18,4.0,,18,Left,Left,1370,534,132,17,,,0.11
2025-11-14 02:05:35,1.17.2,PR1,18,4.0,,18,Left,Left,1371,534,132,17,,,0.06
2025-11-14 02:25:01,1.17.2,PR1,18,4.0,,18,Left,Left,1372,534,132,17,,,0.37
2025-11-14 03:40:54,1.17.2,PR1,18,4.0,,1,Left,Left,1373,534,132,0,,,0.24
2025-11-14 03:40:55,1.17.2,PR1,18,4.0,1.0,1,Pellet,Left,1373,534,133,1,0.11,6238.0,
2025-11-14 03:41:04,1.17.2,PR1,18,4.0,,2,Left,Left,1374,534,133,1,,,0.13
2025-11-14 03:41:06,1.17.2,PR1,18,3.99,,2,Left,Left,1375,534,133,1,,,0.05
2025-11-14 03:41:07,1.17.2,PR1,18,4.0,1.0,2,Pellet,Left,1375,534,134,2,0.17,12.0,
2025-11-14 03:41:14,1.17.2,PR1,18,4.0,,3,Left,Left,1376,534,134,2,,,0.0
2025-11-14 03:41:18,1.17.2,PR1,18,4.0,,3,Left,Left,1377,534,134,2,,,0.16
2025-11-14 03:41:20,1.17.2,PR1,18,4.0,,3,Left,Left,1378,534,134,2,,,0.44
2025-11-14 03:41:21,1.17.2,PR1,18,4.0,1.0,3,Pellet,Left,1378,534,135,3,0.06,14.0,
2025-11-14 03:41:27,1.17.2,PR1,18,4.0,,4,Left,Left,1379,534,135,3,,,0.05
2025-11-14 03:41:28,1.17.2,PR1,18,4.0,,4,Left,Left,1380,534,135,3,,,0.23
2025-11-14 03:41:31,1.17.2,PR1,18,3.99,,4,Left,Left,1381,534,135,3,,,0.33
2025-11-14 03:41:32,1.17.2,PR1,18,3.99,,4,Left,Left,1382,534,135,3,,,0.06
2025-11-14 03:41:35,1.17.2,PR1,18,4.0,2.0,4,Pellet,Left,1382,534,136,4,0.77,14.0,
2025-11-14 03:41:49,1.17.2,PR1,18,3.99,,5,Left,Left,1383,534,136,4,,,0.2
2025-11-14 03:41:51,1.17.2,PR1,18,4.0,,5,Left,Left,1384,534,136,4,,,0.09
2025-11-14 03:41:52,1.17.2,PR1,18,4.0,,5,Left,Left,1385,534,136,4,,,0.27
2025-11-14 03:41:54,1.17.2,PR1,18,4.0,,5,Left,Left,1386,534,136,4,,,0.28
2025-11-14 03:41:54,1.17.2,PR1,18,4.0,,5,Left,Left,1387,534,136,4,,,0.0
2025-11-14 03:41:56,1.17.2,PR1,18,4.0,1.0,5,Pellet,Left,1387,534,137,5,1.07,21.0,
2025-11-14 03:42:03,1.17.2,PR1,18,4.0,,6,Left,Left,1388,534,137,5,,,0.51
2025-11-14 03:42:06,1.17.2,PR1,18,4.0,,6,Left,Left,1389,534,137,5,,,0.56
2025-11-14 03:42:07,1.17.2,PR1,18,4.0,,6,Left,Left,1390,534,137,5,,,0.29
2025-11-14 03:42:09,1.17.2,PR1,18,4.0,,6,Left,Left,1391,534,137,5,,,0.38
2025-11-14 03:42:10,1.17.2,PR1,18,4.0,,6,Left,Left,1392,534,137,5,,,0.28
2025-11-14 03:42:11,1.17.2,PR1,18,4.0,,6,Left,Left,1393,534,137,5,,,0.1
2025-11-14 03:42:12,1.17.2,PR1,18,4.0,1.0,6,Pellet,Left,1393,534,138,6,0.17,16.0,
2025-11-14 03:42:17,1.17.2,PR1,18,4.0,,7,Left,Left,1394,534,138,6,,,0.03
2025-11-14 03:42:18,1.17.2,PR1,18,4.0,,7,Left,Left,1395,534,138,6,,,0.12
2025-11-14 03:42:20,1.17.2,PR1,18,4.0,,7,Left,Left,1396,534,138,6,,,0.04
2025-11-14 03:42:21,1.17.2,PR1,18,4.0,,7,Left,Left,1397,534,138,6,,,0.23
2025-11-14 03:43:02,1.17.2,PR1,18,4.0,,7,Left,Left,1398,534,138,6,,,0.09
2025-11-14 03:43:06,1.17.2,PR1,18,4.0,,7,Left,Left,1399,534,138,6,,,0.1
2025-11-14 03:43:08,1.17.2,PR1,18,4.0,,7,Left,Left,1400,534,138,6,,,0.19
2025-11-14 03:43:08,1.17.2,PR1,18,3.99,1.0,7,Pellet,Left,1400,534,139,7,0.12,56.0,
2025-11-14 03:43:23,1.17.2,PR1,18,4.0,,8,Left,Left,1401,534,139,7,,,0.64
2025-11-14 03:43:29,1.17.2,PR1,18,4.0,,8,Left,Left,1402,534,139,7,,,0.11
2025-11-14 03:43:38,1.17.2,PR1,18,4.0,,8,Right,Left,1402,535,139,7,,,0.31
2025-11-14 03:43:40,1.17.2,PR1,18,4.0,,8,Right,Left,1402,536,139,7,,,0.22
2025-11-14 03:43:41,1.17.2,PR1,18,4.0,,8,Right,Left,1402,537,139,7,,,0.14
2025-11-14 03:58:35,1.17.2,PR1,18,3.99,,8,Left,Left,1403,537,139,7,,,0.22
2025-11-14 03:58:38,1.17.2,PR1,18,4.0,,8,Left,Left,1404,537,139,7,,,0.24
2025-11-14 03:58:40,1.17.2,PR1,18,4.0,,8,Left,Left,1405,537,139,7,,,0.24
2025-11-14 03:58:41,1.17.2,PR1,18,4.0,,8,Left,Left,1406,537,139,7,,,0.08
2025-11-14 03:58:43,1.17.2,PR1,18,4.0,,8,Left,Left,1407,537,139,7,,,0.27
2025-11-14 03:58:45,1.17.2,PR1,18,4.0,,8,Left,Left,1408,537,139,7,,,0.22
2025-11-14 03:58:46,1.17.2,PR1,18,4.0,1.0,8,Pellet,Left,1408,537,140,8,0.23,938.0,
2025-11-14 03:58:58,1.17.2,PR1,18,4.0,,9,Left,Left,1409,537,140,8,,,0.58
2025-11-14 04:12:06,1.17.2,PR1,18,4.0,,9,Left,Left,1410,537,140,8,,,0.07
2025-11-14 04:12:08,1.17.2,PR1,18,4.0,,9,Left,Left,1411,537,140,8,,,0.06
2025-11-14 04:12:10,1.17.2,PR1,18,4.0,,9,Left,Left,1412,537,140,8,,,0.31
2025-11-14 04:13:35,1.17.2,PR1,18,4.0,,9,Left,Left,1413,537,140,8,,,0.64
2025-11-14 04:13:37,1.17.2,PR1,18,3.99,,9,Left,Left,1414,537,140,8,,,0.19
2025-11-14 04:13:38,1.17.2,PR1,18,4.0,,9,Left,Left,1415,537,140,8,,,0.41
2025-11-14 04:13:39,1.17.2,PR1,18,4.0,,9,Left,Left,1416,537,140,8,,,0.17
2025-11-14 04:13:40,1.17.2,PR1,18,4.0,,9,Left,Left,1417,537,140,8,,,0.16
2025-11-14 04:13:41,1.17.2,PR1,18,4.0,1.0,9,Pellet,Left,1417,537,141,9,0.23,895.0,
2025-11-14 04:13:54,1.17.2,PR1,18,4.0,,10,Left,Left,1418,537,141,9,,,0.06
2025-11-14 04:13:56,1.17.2,PR1,18,4.0,,10,Left,Left,1419,537,141,9,,,0.09
2025-11-14 04:14:06,1.17.2,PR1,18,4.0,,10,Left,Left,1420,537,141,9,,,0.09
2025-11-14 04:14:11,1.17.2,PR1,18,3.99,,10,Left,Left,1421,537,141,9,,,0.48
2025-11-14 04:14:12,1.17.2,PR1,18,4.0,,10,Left,Left,1422,537,141,9,,,0.18
2025-11-14 04:14:13,1.17.2,PR1,18,3.99,,10,Left,Left,1423,537,141,9,,,0.23
2025-11-14 04:14:14,1.17.2,PR1,18,3.99,,10,Left,Left,1424,537,141,9,,,0.29
2025-11-14 04:14:16,1.17.2,PR1,18,3.99,,10,Left,Left,1425,537,141,9,,,0.37
2025-11-14 04:14:18,1.17.2,PR1,18,4.0,,10,Left,Left,1426,537,141,9,,,0.14
2025-11-14 04:14:19,1.17.2,PR1,18,4.0,,10,Left,Left,1427,537,141,9,,,0.35
2025-11-14 04:14:20,1.17.2,PR1,18,4.0,2.0,10,Pellet,Left,1427,537,142,10,0.06,39.0,
2025-11-14 04:14:35,1.17.2,PR1,18,4.0,,11,Left,Left,1428,537,142,10,,,0.07
2025-11-14 04:14:36,1.17.2,PR1,18,4.0,,11,Left,Left,1429,537,142,10,,,0.06
2025-11-14 04:14:37,1.17.2,PR1,18,4.0,,11,Left,Left,1430,537,142,10,,,0.26
2025-11-14 04:29:59,1.17.2,PR1,18,3.99,,11,Left,Left,1431,537,142,10,,,0.08
2025-11-14 04:30:00,1.17.2,PR1,18,3.99,,11,Left,Left,1432,537,142,10,,,0.06
2025-11-14 04:30:01,1.17.2,PR1,18,3.99,,11,Left,Left,1433,537,142,10,,,0.06
2025-11-14 04:30:02,1.17.2,PR1,18,4.0,,11,Left,Left,1434,537,142,10,,,0.03
2025-11-14 04:30:03,1.17.2,PR1,18,3.99,,11,Left,Left,1435,537,142,10,,,0.03
2025-11-14 04:30:06,1.17.2,PR1,18,4.0,,11,Left,Left,1436,537,142,10,,,0.04
2025-11-14 04:30:07,1.17.2,PR1,18,4.0,,11,Left,Left,1437,537,142,10,,,0.15
2025-11-14 04:30:12,1.17.2,PR1,18,4.0,,11,Left,Left,1438,537,142,10,,,0.09
2025-11-14 04:30:13,1.17.2,PR1,18,3.99,1.0,11,Pellet,Left,1438,537,143,11,0.23,953.0,
2025-11-14 04:30:32,1.17.2,PR1,18,4.0,,12,Left,Left,1439,537,143,11,,,0.1
2025-11-14 04:30:33,1.17.2,PR1,18,4.0,,12,Left,Left,1440,537,143,11,,,0.05
2025-11-14 04:30:36,1.17.2,PR1,18,4.0,,12,Left,Left,1441,537,143,11,,,0.13
2025-11-14 04:30:39,1.17.2,PR1,18,3.99,,12,Left,Left,1442,537,143,11,,,0.08
2025-11-14 04:30:40,1.17.2,PR1,18,3.99,,12,Left,Left,1443,537,143,11,,,0.07
2025-11-14 04:35:06,1.17.2,PR1,18,4.0,,12,Left,Left,1444,537,143,11,,,0.04
2025-11-14 04:42:17,1.17.2,PR1,18,4.0,,12,Right,Left,1444,538,143,11,,,0.11
2025-11-14 04:59:25,1.17.2,PR1,18,4.0,,12,Left,Left,1445,538,143,11,,,0.1
2025-11-14 04:59:27,1.17.2,PR1,18,3.99,,12,Left,Left,1446,538,143,11,,,0.23
2025-11-14 04:59:28,1.17.2,PR1,18,4.0,,12,Left,Left,1447,538,143,11,,,0.17
2025-11-14 04:59:29,1.17.2,PR1,18,3.99,,12,Left,Left,1448,538,143,11,,,0.16
2025-11-14 04:59:32,1.17.2,PR1,18,3.99,,12,Left,Left,1449,538,143,11,,,0.21
2025-11-14 04:59:33,1.17.2,PR1,18,3.99,,12,Left,Left,1450,538,143,11,,,0.18
2025-11-14 04:59:34,1.17.2,PR1,18,4.0,1.0,12,Pellet,Left,1450,538,144,12,0.12,1761.0,
2025-11-14 04:59:45,1.17.2,PR1,18,3.99,,13,Left,Left,1451,538,144,12,,,0.06
2025-11-14 04:59:47,1.17.2,PR1,18,3.99,,13,Left,Left,1452,538,144,12,,,0.08
2025-11-14 04:59:48,1.17.2,PR1,18,3.99,,13,Left,Left,1453,538,144,12,,,0.38
2025-11-14 04:59:51,1.17.2,PR1,18,4.0,,13,Left,Left,1454,538,144,12,,,0.5
2025-11-14 04:59:52,1.17.2,PR1,18,4.0,,13,Left,Left,1455,538,144,12,,,0.1
2025-11-14 04:59:54,1.17.2,PR1,18,3.99,,13,Left,Left,1456,538,144,12,,,0.12
2025-11-14 04:59:55,1.17.2,PR1,18,4.0,,13,Left,Left,1457,538,144,12,,,0.16
2025-11-14 05:02:34,1.17.2,PR1,18,3.99,,13,Left,Left,1458,538,144,12,,,0.08
2025-11-14 05:11:00,1.17.2,PR1,18,3.99,,13,Left,Left,1459,538,144,12,,,0.26
2025-11-14 05:11:02,1.17.2,PR1,18,4.0,,13,Left,Left,1460,538,144,12,,,0.09
2025-11-14 05:23:02,1.17.2,PR1,18,3.99,,13,Left,Left,1461,538,144,12,,,0.2
2025-11-14 05:23:03,1.17.2,PR1,18,3.99,,13,Left,Left,1462,538,144,12,,,0.15
2025-11-14 05:23:05,1.17.2,PR1,18,3.99,,13,Left,Left,1463,538,144,12,,,0.05
2025-11-14 05:23:06,1.17.2,PR1,18,3.99,1.0,13,Pellet,Left,1463,538,145,13,0.06,1412.0,
2025-11-14 05:23:58,1.17.2,PR1,18,4.0,,14,Left,Left,1464,538,145,13,,,0.07
2025-11-14 05:24:00,1.17.2,PR1,18,4.0,,14,Left,Left,1465,538,145,13,,,0.09
2025-11-14 05:24:01,1.17.2,PR1,18,4.0,,14,Left,Left,1466,538,145,13,,,0.1
2025-11-14 05:24:02,1.17.2,PR1,18,4.0,,14,Left,Left,1467,538,145,13,,,0.04
2025-11-14 05:24:03,1.17.2,PR1,18,3.99,,14,Left,Left,1468,538,145,13,,,0.13
2025-11-14 05:25:25,1.17.2,PR1,18,3.99,,14,Right,Left,1468,539,145,13,,,0.14
2025-11-14 05:25:25,1.17.2,PR1,18,4.0,,14,Right,Left,1468,540,145,13,,,0.13
2025-11-14 05:25:28,1.17.2,PR1,18,3.99,,14,Left,Left,1469,540,145,13,,,0.14
2025-11-14 05:36:18,1.17.2,PR1,18,3.99,,14,Right,Left,1469,541,145,13,,,0.05
2025-11-14 05:37:15,1.17.2,PR1,18,3.99,,14,Right,Left,1469,542,145,13,,,0.01
2025-11-14 05:37:22,1.17.2,PR1,18,3.99,,14,Left,Left,1470,542,145,13,,,0.19
2025-11-14 05:37:25,1.17.2,PR1,18,4.0,,14,Left,Left,1471,542,145,13,,,1.0
2025-11-14 05:37:27,1.17.2,PR1,18,3.99,,14,Left,Left,1472,542,145,13,,,0.19
2025-11-14 05:37:29,1.17.2,PR1,18,3.99,,14,Left,Left,1473,542,145,13,,,0.18
2025-11-14 05:37:30,1.17.2,PR1,18,3.99,,14,Left,Left,1474,542,145,13,,,0.23
2025-11-14 05:37:31,1.17.2,PR1,18,3.99,,14,Left,Left,1475,542,145,13,,,0.31
2025-11-14 05:37:32,1.17.2,PR1,18,3.99,,14,Left,Left,1476,542,145,13,,,0.11
2025-11-14 05:37:34,1.17.2,PR1,18,4.0,,14,Left,Left,1477,542,145,13,,,0.25
2025-11-14 05:37:35,1.17.2,PR1,18,4.0,2.0,14,Pellet,Left,1477,542,146,14,0.06,869.0,
2025-11-14 05:37:53,1.17.2,PR1,18,4.0,,15,Right,Left,1477,543,146,14,,,0.04
2025-11-14 05:37:55,1.17.2,PR1,18,3.99,,15,Right,Left,1477,544,146,14,,,0.33
2025-11-14 05:37:57,1.17.2,PR1,18,3.99,,15,Right,Left,1477,545,146,14,,,0.31
2025-11-14 05:37:58,1.17.2,PR1,18,3.99,,15,Right,Left,1477,546,146,14,,,0.28
2025-11-14 05:40:29,1.17.2,PR1,18,4.0,,15,Left,Left,1478,546,146,14,,,0.0
2025-11-14 05:40:30,1.17.2,PR1,18,3.99,,15,Left,Left,1479,546,146,14,,,0.11
2025-11-14 05:40:32,1.17.2,PR1,18,3.99,,15,Left,Left,1480,546,146,14,,,0.26
2025-11-14 05:40:33,1.17.2,PR1,18,3.99,,15,Left,Left,1481,546,146,14,,,0.22
2025-11-14 05:40:35,1.17.2,PR1,18,3.99,,15,Left,Left,1482,546,146,14,,,0.06
2025-11-14 05:40:36,1.17.2,PR1,18,3.99,,15,Left,Left,1483,546,146,14,,,0.09
2025-11-14 05:40:40,1.17.2,PR1,18,3.99,,15,Right,Left,1483,547,146,14,,,0.02
2025-11-14 05:41:21,1.17.2,PR1,18,3.99,,15,Left,Left,1484,547,146,14,,,0.15
2025-11-14 05:46:57,1.17.2,PR1,18,3.99,,15,Left,Left,1485,547,146,14,,,0.2
2025-11-14 05:46:59,1.17.2,PR1,18,4.0,,15,Left,Left,1486,547,146,14,,,0.36
2025-11-14 05:47:00,1.17.2,PR1,18,3.99,,15,Left,Left,1487,547,146,14,,,0.05
2025-11-14 05:47:01,1.17.2,PR1,18,3.99,,15,Left,Left,1488,547,146,14,,,0.21
2025-11-14 05:47:03,1.17.2,PR1,18,3.99,,15,Left,Left,1489,547,146,14,,,0.15
2025-11-14 05:47:05,1.17.2,PR1,18,3.99,,15,Left,Left,1490,547,146,14,,,0.31
2025-11-14 05:47:07,1.17.2,PR1,18,3.99,,15,Left,Left,1491,547,146,14,,,0.51
2025-11-14 05:47:08,1.17.2,PR1,18,3.99,,15,Left,Left,1492,547,146,14,,,0.0
2025-11-14 05:47:09,1.17.2,PR1,18,4.0,1.0,15,Pellet,Left,1492,547,147,15,0.23,574.0,
2025-11-14 05:47:19,1.17.2,PR1,18,3.99,,16,Left,Left,1493,547,147,15,,,0.15
2025-11-14 05:47:22,1.17.2,PR1,18,3.99,,16,Left,Left,1494,547,147,15,,,0.33
2025-11-14 05:47:23,1.17.2,PR1,18,3.99,,16,Left,Left,1495,547,147,15,,,0.17
2025-11-14 05:47:24,1.17.2,PR1,18,4.0,,16,Left,Left,1496,547,147,15,,,0.37
2025-11-14 05:47:26,1.17.2,PR1,18,3.99,,16,Left,Left,1497,547,147,15,,,0.28
2025-11-14 05:47:27,1.17.2,PR1,18,4.0,,16,Left,Left,1498,547,147,15,,,0.0
2025-11-14 05:47:28,1.17.2,PR1,18,3.99,,16,Left,Left,1499,547,147,15,,,0.37
2025-11-14 05:47:32,1.17.2,PR1,18,3.99,,16,Left,Left,1500,547,147,15,,,0.09
2025-11-14 05:47:33,1.17.2,PR1,18,3.99,,16,Left,Left,1501,547,147,15,,,0.12
2025-11-14 05:47:35,1.17.2,PR1,18,4.0,,16,Left,Left,1502,547,147,15,,,0.2
2025-11-14 05:47:36,1.17.2,PR1,18,3.99,,16,Left,Left,1503,547,147,15,,,0.34
2025-11-14 05:53:09,1.17.2,PR1,18,4.0,,16,Left,Left,1504,547,147,15,,,0.13
2025-11-14 05:55:50,1.17.2,PR1,18,4.0,,16,Left,Left,1505,547,147,15,,,0.09
2025-11-14 05:55:52,1.17.2,PR1,18,4.0,,16,Left,Left,1506,547,147,15,,,0.09
2025-11-14 05:55:53,1.17.2,PR1,18,4.0,,16,Left,Left,1507,547,147,15,,,0.23
2025-11-14 05:55:56,1.17.2,PR1,18,3.99,,16,Left,Left,1508,547,147,15,,,0.23
2025-11-14 05:55:57,1.17.2,PR1,18,3.99,1.0,16,Pellet,Left,1508,547,148,16,0.23,528.0,
2025-11-14 05:57:24,1.17.2,PR1,18,3.99,,17,Left,Left,1509,547,148,16,,,0.28
2025-11-14 05:57:25,1.17.2,PR1,18,3.99,,17,Left,Left,1510,547,148,16,,,0.16
2025-11-14 05:57:46,1.17.2,PR1,18,3.99,,17,Left,Left,1511,547,148,16,,,0.08
2025-11-14 05:57:52,1.17.2,PR1,18,3.99,,17,Left,Left,1512,547,148,16,,,0.06
2025-11-14 05:57:53,1.17.2,PR1,18,3.99,,17,Right,Left,1512,548,148,16,,,0.12
2025-11-14 05:57:54,1.17.2,PR1,18,4.0,,17,Right,Left,1512,549,148,16,,,0.23
2025-11-14 05:57:56,1.17.2,PR1,18,4.0,,17,Right,Left,1512,550,148,16,,,0.21
2025-11-14 05:58:04,1.17.2,PR1,18,4.0,,17,Left,Left,1513,550,148,16,,,0.4
2025-11-14 05:58:07,1.17.2,PR1,18,3.99,,17,Left,Left,1514,550,148,16,,,0.02
2025-11-14 05:58:08,1.17.2,PR1,18,3.99,,17,Left,Left,1515,550,148,16,,,0.2
2025-11-14 05:58:10,1.17.2,PR1,18,3.99,,17,Left,Left,1516,550,148,16,,,0.11
2025-11-14 05:58:11,1.17.2,PR1,18,3.99,,17,Left,Left,1517,550,148,16,,,0.09
2025-11-14 05:58:12,1.17.2,PR1,18,3.99,,17,Left,Left,1518,550,148,16,,,0.21
2025-11-14 05:58:13,1.17.2,PR1,18,4.0,,17,Left,Left,1519,550,148,16,,,0.09
2025-11-14 05:58:20,1.17.2,PR1,18,3.99,,17,Left,Left,1520,550,148,16,,,0.17
2025-11-14 05:58:25,1.17.2,PR1,18,3.99,,17,Left,Left,1521,550,148,16,,,0.03
2025-11-14 05:58:26,1.17.2,PR1,18,3.99,,17,Left,Left,1522,550,148,16,,,0.16
2025-11-14 06:04:31,1.17.2,PR1,18,3.99,,17,Left,Left,1523,550,148,16,,,0.1
2025-11-14 06:04:34,1.17.2,PR1,18,3.99,,17,Right,Left,1523,551,148,16,,,0.03
2025-11-14 06:05:08,1.17.2,PR1,18,3.99,,17,Left,Left,1524,551,148,16,,,0.18
2025-11-14 06:05:08,1.17.2,PR1,18,3.99,,17,Left,Left,1525,551,148,16,,,0.15
2025-11-14 06:05:09,1.17.2,PR1,18,3.99,1.0,17,Pellet,Left,1525,551,149,17,0.12,552.0,
2025-11-14 06:05:23,1.17.2,PR1,18,4.0,,18,Left,Left,1526,551,149,17,,,0.05
2025-11-14 06:05:24,1.17.2,PR1,18,3.99,,18,Left,Left,1527,551,149,17,,,0.27
2025-11-14 06:05:25,1.17.2,PR1,18,3.99,,18,Left,Left,1528,551,149,17,,,0.07
2025-11-14 06:08:52,1.17.2,PR1,18,3.99,,18,Left,Left,1529,551,149,17,,,0.18
2025-11-14 06:11:52,1.17.2,PR1,18,3.99,,18,Left,Left,1530,551,149,17,,,0.1
2025-11-14 06:11:53,1.17.2,PR1,18,3.99,,18,Left,Left,1531,551,149,17,,,0.15
2025-11-14 06:11:55,1.17.2,PR1,18,4.0,,18,Left,Left,1532,551,149,17,,,0.07
2025-11-14 06:13:04,1.17.2,PR1,18,3.99,,18,Right,Left,1532,552,149,17,,,0.12
2025-11-14 06:13:06,1.17.2,PR1,18,3.99,,18,Right,Left,1532,553,149,17,,,0.15
2025-11-14 06:13:07,1.17.2,PR1,18,3.99,,18,Right,Left,1532,554,149,17,,,0.16
2025-11-14 06:13:08,1.17.2,PR1,18,3.99,,18,Right,Left,1532,555,149,17,,,0.13
2025-11-14 06:13:12,1.17.2,PR1,18,3.99,,18,Left,Left,1533,555,149,17,,,0.29
2025-11-14 06:13:13,1.17.2,PR1,18,3.99,,18,Left,Left,1534,555,149,17,,,0.15
2025-11-14 06:13:14,1.17.2,PR1,18,3.99,,18,Left,Left,1535,555,149,17,,,0.22
2025-11-14 06:13:27,1.17.2,PR1,18,3.99,,18,Left,Left,1536,555,149,17,,,0.09
2025-11-14 06:13:29,1.17.2,PR1,18,3.99,,18,Left,Left,1537,555,149,17,,,0.18
2025-11-14 06:13:29,1.17.2,PR1,18,3.99,,18,Left,Left,1538,555,149,17,,,0.0
2025-11-14 06:13:33,1.17.2,PR1,18,3.99,,18,Right,Left,1538,556,149,17,,,0.04
2025-11-14 06:13:35,1.17.2,PR1,18,3.99,,18,Left,Left,1539,556,149,17,,,0.08
2025-11-14 06:13:36,1.17.2,PR1,18,3.99,,18,Left,Left,1540,556,149,17,,,0.0
2025-11-14 06:13:37,1.17.2,PR1,18,3.99,,18,Left,Left,1541,556,149,17,,,0.11
2025-11-14 06:13:38,1.17.2,PR1,18,3.99,,18,Left,Left,1542,556,149,17,,,0.15
2025-11-14 06:13:44,1.17.2,PR1,18,3.99,,18,Left,Left,1543,556,149,17,,,0.05
2025-11-14 06:13:45,1.17.2,PR1,18,3.99,1.0,18,Pellet,Left,1543,556,150,18,0.17,515.0,
2025-11-14 06:18:27,1.17.2,PR1,18,3.99,,19,Left,Left,1544,556,150,18,,,0.16
2025-11-14 06:18:28,1.17.2,PR1,18,3.99,,19,Left,Left,1545,556,150,18,,,0.0
2025-11-14 06:18:29,1.17.2,PR1,18,4.0,,19,Left,Left,1546,556,150,18,,,0.06
2025-11-14 06:18:39,1.17.2,PR1,18,4.0,,19,Left,Left,1547,556,150,18,,,0.17
2025-11-14 06:18:40,1.17.2,PR1,18,3.99,,19,Left,Left,1548,556,150,18,,,0.0
2025-11-14 06:18:40,1.17.2,PR1,18,3.99,,19,Left,Left,1549,556,150,18,,,0.0
2025-11-14 06:18:41,1.17.2,PR1,18,3.99,,19,Left,Left,1550,556,150,18,,,0.21
2025-11-14 06:18:42,1.17.2,PR1,18,3.99,,19,Left,Left,1551,556,150,18,,,0.0
2025-11-14 06:18:43,1.17.2,PR1,18,3.99,,19,Left,Left,1552,556,150,18,,,0.22
2025-11-14 06:18:45,1.17.2,PR1,18,4.0,,19,Left,Left,1553,556,150,18,,,0.06
2025-11-14 06:18:46,1.17.2,PR1,18,3.99,,19,Left,Left,1554,556,150,18,,,0.02
2025-11-14 06:18:47,1.17.2,PR1,18,3.99,,19,Left,Left,1555,556,150,18,,,0.11
2025-11-14 06:18:48,1.17.2,PR1,18,4.0,,19,Left,Left,1556,556,150,18,,,0.18
2025-11-14 06:18:50,1.17.2,PR1,18,3.99,,19,Right,Left,1556,557,150,18,,,0.2
2025-11-14 06:18:52,1.17.2,PR1,18,3.99,,19,Right,Left,1556,558,150,18,,,0.68
2025-11-14 06:26:22,1.17.2,PR1,18,3.99,,19,Right,Left,1556,559,150,18,,,0.0
2025-11-14 06:30:00,1.17.2,PR1,18,3.99,,19,Right,Left,1556,560,150,18,,,0.18
2025-11-14 06:42:50,1.17.2,PR1,18,3.99,,19,Left,Left,1557,560,150,18,,,0.14
2025-11-14 06:48:30,1.17.2,PR1,18,3.99,,19,Left,Left,1558,560,150,18,,,0.07
2025-11-14 06:48:32,1.17.2,PR1,18,3.99,,19,Left,Left,1559,560,150,18,,,0.18
2025-11-14 06:48:34,1.17.2,PR1,18,3.99,,19,Left,Left,1560,560,150,18,,,0.11
2025-11-14 06:48:36,1.17.2,PR1,18,3.99,,19,Right,Left,1560,561,150,18,,,0.01
2025-11-14 06:49:25,1.17.2,PR1,18,3.99,,19,Left,Left,1561,561,150,18,,,0.25
2025-11-14 06:51:10,1.17.2,PR1,18,3.99,,19,Left,Left,1562,561,150,18,,,0.11
2025-11-14 06:51:11,1.17.2,PR1,18,3.99,1.0,19,Pellet,Left,1562,561,151,19,0.17,2247.0,
2025-11-14 06:51:24,1.17.2,PR1,18,3.99,,20,Left,Left,1563,561,151,19,,,0.3
2025-11-14 06:51:25,1.17.2,PR1,18,3.99,,20,Left,Left,1564,561,151,19,,,0.05
2025-11-14 06:51:26,1.17.2,PR1,18,3.98,,20,Left,Left,1565,561,151,19,,,0.17
2025-11-14 06:51:29,1.17.2,PR1,18,3.99,,20,Left,Left,1566,561,151,19,,,0.09
2025-11-14 06:51:31,1.17.2,PR1,18,3.99,,20,Left,Left,1567,561,151,19,,,0.34
2025-11-14 06:51:32,1.17.2,PR1,18,3.99,,20,Left,Left,1568,561,151,19,,,0.23
2025-11-14 06:51:33,1.17.2,PR1,18,3.99,,20,Left,Left,1569,561,151,19,,,0.25
2025-11-14 06:51:34,1.17.2,PR1,18,3.99,,20,Left,Left,1570,561,151,19,,,0.31
2025-11-14 06:51:37,1.17.2,PR1,18,3.99,,20,Left,Left,1571,561,151,19,,,0.07
2025-11-14 06:51:38,1.17.2,PR1,18,3.99,,20,Left,Left,1572,561,151,19,,,0.27
2025-11-14 06:51:39,1.17.2,PR1,18,3.99,,20,Left,Left,1573,561,151,19,,,0.15
2025-11-14 06:51:43,1.17.2,PR1,18,3.99,,20,Left,Left,1574,561,151,19,,,0.04
2025-11-14 06:52:17,1.17.2,PR1,18,3.99,,20,Right,Left,1574,562,151,19,,,0.16
2025-11-14 06:56:06,1.17.2,PR1,18,3.99,,20,Left,Left,1575,562,151,19,,,0.15
2025-11-14 06:56:08,1.17.2,PR1,18,3.99,,20,Left,Left,1576,562,151,19,,,0.23
2025-11-14 06:56:09,1.17.2,PR1,18,3.99,,20,Left,Left,1577,562,151,19,,,0.31
2025-11-14 06:56:14,1.17.2,PR1,18,4.0,,20,Left,Left,1578,562,151,19,,,0.41
2025-11-14 06:56:15,1.17.2,PR1,18,4.0,,20,Left,Left,1579,562,151,19,,,0.44
2025-11-14 06:56:16,1.17.2,PR1,18,3.99,,20,Left,Left,1580,562,151,19,,,0.09
2025-11-14 06:56:17,1.17.2,PR1,18,3.98,,20,Left,Left,1581,562,151,19,,,0.04
2025-11-14 06:56:18,1.17.2,PR1,18,3.99,,20,Left,Left,1582,562,151,19,,,0.14
2025-11-14 06:56:19,1.17.2,PR1,18,3.99,1.0,20,Pellet,Left,1582,562,152,20,0.23,308.0,
2025-11-14 06:56:26,1.17.2,PR1,18,4.0,,21,Left,Left,1583,562,152,20,,,0.06
2025-11-14 06:56:28,1.17.2,PR1,18,3.99,,21,Left,Left,1584,562,152,20,,,0.03
2025-11-14 06:56:29,1.17.2,PR1,18,3.99,,21,Left,Left,1585,562,152,20,,,0.07
2025-11-14 06:56:29,1.17.2,PR1,18,4.0,,21,Left,Left,1586,562,152,20,,,0.06
2025-11-14 06:56:31,1.17.2,PR1,18,3.99,,21,Left,Left,1587,562,152,20,,,0.07
2025-11-14 06:56:32,1.17.2,PR1,18,3.99,,21,Left,Left,1588,562,152,20,,,0.05
2025-11-14 06:56:33,1.17.2,PR1,18,3.99,,21,Left,Left,1589,562,152,20,,,0.06
2025-11-14 06:56:35,1.17.2,PR1,18,3.98,,21,Right,Left,1589,563,152,20,,,0.26
2025-11-14 06:56:35,1.17.2,PR1,18,3.99,,21,Right,Left,1589,564,152,20,,,0.0
2025-11-14 07:00:46,1.17.2,PR1,18,4.0,,21,Right,Left,1589,565,152,20,,,0.27
2025-11-14 07:00:48,1.17.2,PR1,18,3.99,,21,Right,Left,1589,566,152,20,,,0.17
2025-11-14 07:00:49,1.17.2,PR1,18,3.99,,21,Right,Left,1589,567,152,20,,,0.1
2025-11-14 07:00:51,1.17.2,PR1,18,4.0,,21,Right,Left,1589,568,152,20,,,0.11
2025-11-14 07:00:55,1.17.2,PR1,18,3.99,,21,Left,Left,1590,568,152,20,,,0.1
2025-11-14 07:00:56,1.17.2,PR1,18,4.0,,21,Left,Left,1591,568,152,20,,,0.08
2025-11-14 07:00:57,1.17.2,PR1,18,3.99,,21,Left,Left,1592,568,152,20,,,0.0
2025-11-14 07:01:03,1.17.2,PR1,18,3.99,,21,Left,Left,1593,568,152,20,,,0.27
2025-11-14 07:05:33,1.17.2,PR1,18,3.99,,21,Left,Left,1594,568,152,20,,,0.13
2025-11-14 07:05:34,1.17.2,PR1,18,3.99,,21,Left,Left,1595,568,152,20,,,0.09
2025-11-14 07:05:35,1.17.2,PR1,18,3.99,,21,Left,Left,1596,568,152,20,,,0.13
2025-11-14 07:05:36,1.17.2,PR1,18,3.99,,21,Left,Left,1597,568,152,20,,,0.0
2025-11-14 07:05:37,1.17.2,PR1,18,3.99,,21,Left,Left,1598,568,152,20,,,0.18
2025-11-14 07:05:39,1.17.2,PR1,18,3.99,,21,Left,Left,1599,568,152,20,,,0.3
2025-11-14 07:05:40,1.17.2,PR1,18,3.99,,21,Left,Left,1600,568,152,20,,,0.08
2025-11-14 07:05:41,1.17.2,PR1,18,3.99,,21,Left,Left,1601,568,152,20,,,0.14
2025-11-14 07:05:42,1.17.2,PR1,18,3.99,,21,Left,Left,1602,568,152,20,,,0.21
2025-11-14 07:05:44,1.17.2,PR1,18,3.99,,21,Left,Left,1603,568,152,20,,,0.3
2025-11-14 07:05:45,1.17.2,PR1,18,3.99,1.0,21,Pellet,Left,1603,568,153,21,0.23,566.0,
2025-11-14 07:06:03,1.17.2,PR1,18,3.99,,22,Right,Left,1603,569,153,21,,,0.17
2025-11-14 07:06:05,1.17.2,PR1,18,3.99,,22,Left,Left,1604,569,153,21,,,0.12
2025-11-14 07:06:06,1.17.2,PR1,18,3.98,,22,Left,Left,1605,569,153,21,,,0.06
2025-11-14 07:06:10,1.17.2,PR1,18,3.98,,22,Left,Left,1606,569,153,21,,,0.14
2025-11-14 07:06:12,1.17.2,PR1,18,3.99,,22,Left,Left,1607,569,153,21,,,0.13
2025-11-14 07:10:31,1.17.2,PR1,18,3.99,,22,Right,Left,1607,570,153,21,,,0.42
2025-11-14 07:13:26,1.17.2,PR1,18,3.99,,22,Left,Left,1608,570,153,21,,,0.17
2025-11-14 07:13:28,1.17.2,PR1,18,3.99,,22,Left,Left,1609,570,153,21,,,0.4
2025-11-14 07:13:29,1.17.2,PR1,18,4.0,,22,Left,Left,1610,570,153,21,,,0.28
2025-11-14 07:13:32,1.17.2,PR1,18,3.99,,22,Left,Left,1611,570,153,21,,,0.11
2025-11-14 07:13:33,1.17.2,PR1,18,3.99,,22,Left,Left,1612,570,153,21,,,0.14
2025-11-14 07:13:34,1.17.2,PR1,18,3.99,,22,Left,Left,1613,570,153,21,,,0.25
2025-11-14 07:13:35,1.17.2,PR1,18,3.99,,22,Left,Left,1614,570,153,21,,,0.09
2025-11-14 07:13:36,1.17.2,PR1,18,3.99,,22,Left,Left,1615,570,153,21,,,0.25
2025-11-14 07:13:37,1.17.2,PR1,18,3.99,,22,Left,Left,1616,570,153,21,,,0.08
2025-11-14 07:13:38,1.17.2,PR1,18,3.99,,22,Left,Left,1617,570,153,21,,,0.24
2025-11-14 07:13:39,1.17.2,PR1,18,3.99,,22,Left,Left,1618,570,153,21,,,0.17
2025-11-14 07:13:42,1.17.2,PR1,18,3.99,,22,Right,Left,1618,571,153,21,,,0.2
2025-11-14 07:14:10,1.17.2,PR1,18,3.99,,22,Left,Left,1619,571,153,21,,,0.12
2025-11-14 07:14:11,1.17.2,PR1,18,3.99,,22,Left,Left,1620,571,153,21,,,0.15
2025-11-14 07:14:11,1.17.2,PR1,18,3.99,,22,Left,Left,1621,571,153,21,,,0.06
2025-11-14 07:14:12,1.17.2,PR1,18,3.99,,22,Left,Left,1622,571,153,21,,,0.05
2025-11-14 07:14:13,1.17.2,PR1,18,3.99,,22,Left,Left,1623,571,153,21,,,0.03
2025-11-14 07:20:11,1.17.2,PR1,18,3.99,,22,Right,Left,1623,572,153,21,,,0.51
2025-11-14 07:20:15,1.17.2,PR1,18,3.99,,22,Right,Left,1623,573,153,21,,,0.29
2025-11-14 07:20:16,1.17.2,PR1,18,3.98,,22,Right,Left,1623,574,153,21,,,0.16
2025-11-14 07:20:17,1.17.2,PR1,18,3.99,,22,Right,Left,1623,575,153,21,,,0.0
2025-11-14 07:20:21,1.17.2,PR1,18,3.99,,22,Left,Left,1624,575,153,21,,,0.16
2025-11-14 07:20:21,1.17.2,PR1,18,3.98,,22,Left,Left,1625,575,153,21,,,0.14
2025-11-14 07:20:22,1.17.2,PR1,18,3.99,1.0,22,Pellet,Left,1625,575,154,22,0.12,877.0,
2025-11-14 07:20:31,1.17.2,PR1,18,3.99,,23,Right,Left,1625,576,154,22,,,0.07
2025-11-14 07:20:33,1.17.2,PR1,18,3.98,,23,Left,Left,1626,576,154,22,,,0.12
2025-11-14 07:20:35,1.17.2,PR1,18,3.99,,23,Left,Left,1627,576,154,22,,,0.1
2025-11-14 07:20:36,1.17.2,PR1,18,3.99,,23,Left,Left,1628,576,154,22,,,0.07
2025-11-14 07:20:38,1.17.2,PR1,18,3.99,,23,Left,Left,1629,576,154,22,,,0.07
2025-11-14 07:20:44,1.17.2,PR1,18,3.99,,23,Left,Left,1630,576,154,22,,,0.0
2025-11-14 07:23:57,1.17.2,PR1,18,3.99,,23,Left,Left,1631,576,154,22,,,0.03
2025-11-14 07:23:59,1.17.2,PR1,18,3.98,,23,Left,Left,1632,576,154,22,,,0.37
2025-11-14 07:24:00,1.17.2,PR1,18,3.98,,23,Left,Left,1633,576,154,22,,,0.08
2025-11-14 07:24:01,1.17.2,PR1,18,3.99,,23,Left,Left,1634,576,154,22,,,0.08
2025-11-14 07:24:03,1.17.2,PR1,18,4.0,,23,Left,Left,1635,576,154,22,,,0.38
2025-11-14 07:24:06,1.17.2,PR1,18,3.99,,23,Left,Left,1636,576,154,22,,,0.06
2025-11-14 07:24:17,1.17.2,PR1,18,3.99,,23,Right,Left,1636,577,154,22,,,0.01
2025-11-14 07:24:18,1.17.2,PR1,18,4.0,,23,Right,Left,1636,578,154,22,,,0.17
2025-11-14 07:24:19,1.17.2,PR1,18,3.98,,23,Left,Left,1637,578,154,22,,,0.08
2025-11-14 07:24:20,1.17.2,PR1,18,3.99,,23,Left,Left,1638,578,154,22,,,0.0
2025-11-14 07:24:21,1.17.2,PR1,18,3.99,,23,Left,Left,1639,578,154,22,,,0.07
2025-11-14 07:24:23,1.17.2,PR1,18,3.99,,23,Left,Left,1640,578,154,22,,,0.23
2025-11-14 07:24:24,1.17.2,PR1,18,3.99,,23,Left,Left,1641,578,154,22,,,0.03
2025-11-14 07:24:25,1.17.2,PR1,18,3.98,,23,Right,Left,1641,579,154,22,,,0.08
2025-11-14 07:45:17,1.17.2,PR1,18,3.99,,23,Right,Left,1641,580,154,22,,,0.01
2025-11-14 08:00:56,1.17.2,PR1,18,3.99,,1,Left,Left,1642,580,154,0,,,0.08
2025-11-14 08:00:57,1.17.2,PR1,18,3.99,1.0,1,Pellet,Left,1642,580,155,1,0.29,2435.0,
2025-11-14 08:01:09,1.17.2,PR1,18,3.99,,2,Left,Left,1643,580,155,1,,,0.11
2025-11-14 08:01:11,1.17.2,PR1,18,3.99,,2,Left,Left,1644,580,155,1,,,0.12
2025-11-14 08:01:12,1.17.2,PR1,18,3.98,1.0,2,Pellet,Left,1644,580,156,2,0.47,15.0,
2025-11-14 08:01:26,1.17.2,PR1,18,3.99,,3,Left,Left,1645,580,156,2,,,0.06
2025-11-14 08:01:28,1.17.2,PR1,18,3.98,,3,Left,Left,1646,580,156,2,,,0.07
2025-11-14 08:01:30,1.17.2,PR1,18,3.99,,3,Left,Left,1647,580,156,2,,,0.36
2025-11-14 08:01:31,1.17.2,PR1,18,3.99,1.0,3,Pellet,Left,1647,580,157,3,0.17,19.0,
2025-11-14 08:01:52,1.17.2,PR1,18,3.99,,4,Left,Left,1648,580,157,3,,,0.04
2025-11-14 08:01:52,1.17.2,PR1,18,3.99,,4,Left,Left,1649,580,157,3,,,0.0
2025-11-14 11:10:34,1.17.2,PR1,18,3.98,,1,Left,Left,1650,580,157,0,,,0.29
2025-11-14 11:10:35,1.17.2,PR1,18,3.98,1.0,1,Pellet,Left,1650,580,158,1,0.29,11344.0,
2025-11-14 11:10:49,1.17.2,PR1,18,3.98,,2,Left,Left,1651,580,158,1,,,0.09
2025-11-14 11:10:54,1.17.2,PR1,18,3.98,,2,Left,Left,1652,580,158,1,,,0.07
2025-11-14 11:10:54,1.17.2,PR1,18,3.98,1.0,2,Pellet,Left,1652,580,159,2,0.12,19.0,
2025-11-14 11:11:02,1.17.2,PR1,18,3.98,,3,Left,Left,1653,580,159,2,,,0.07
2025-11-14 11:11:03,1.17.2,PR1,18,3.98,,3,Left,Left,1654,580,159,2,,,0.07
2025-11-14 11:11:06,1.17.2,PR1,18,3.98,,3,Right,Left,1654,581,159,2,,,0.17
2025-11-14 11:16:13,1.17.2,PR1,18,3.98,,3,Right,Left,1654,582,159,2,,,0.39
2025-11-14 11:16:15,1.17.2,PR1,18,3.98,,3,Right,Left,1654,583,159,2,,,0.3
2025-11-14 11:16:16,1.17.2,PR1,18,3.98,,3,Left,Left,1655,583,159,2,,,0.03
2025-11-14 11:16:18,1.17.2,PR1,18,3.98,1.0,3,Pellet,Left,1655,583,160,3,0.41,324.0,
2025-11-14 11:16:28,1.17.2,PR1,18,3.98,,4,Left,Left,1656,583,160,3,,,0.09
2025-11-14 11:16:29,1.17.2,PR1,18,3.98,,4,Left,Left,1657,583,160,3,,,0.08
