MM:DD:YYYY hh:mm:ss,Library_Version,Session_type,Device_Number,Battery_Voltage,Motor_Turns,PelletsToSwitch,Prob_left,Prob_right,Event,High_prob_poke,Left_Poke_Count,Right_Poke_Count,Pellet_Count,Block_Pellet_Count,Retrieval_Time,InterPelletInterval,Poke_Time
11/10/2025 18:19:27,1.17.2,Bandit80,13,4.00,nan,20,20,80,Right,Right,0,1,0,0,nan,nan,0.35
11/10/2025 18:21:09,1.17.2,Bandit80,13,4.00,7,20,20,80,Pellet,Right,0,1,1,0,Timed_out,nan,nan
11/10/2025 18:22:34,1.17.2,Bandit80,13,4.00,nan,20,20,80,Left,Right,1,1,1,1,nan,nan,0.34
11/10/2025 18:22:34,1.17.2,Bandit80,13,4.00,nan,20,20,80,LeftinTimeOut,Right,1,1,1,1,nan,nan,nan
11/10/2025 18:22:47,1.17.2,Bandit80,13,4.00,nan,20,20,80,Left,Right,2,1,1,1,nan,nan,0.07
11/10/2025 18:23:05,1.17.2,Bandit80,13,4.00,nan,20,20,80,Left,Right,3,1,1,1,nan,nan,0.11
11/10/2025 18:23:07,1.17.2,Bandit80,13,4.00,nan,20,20,80,RightinTimeout,Right,3,1,1,1,nan,nan,0.00
11/10/2025 18:23:08,1.17.2,Bandit80,13,4.00,nan,20,20,80,RightinTimeout,Right,3,1,1,1,nan,nan,0.00
11/10/2025 18:32:34,1.17.2,Bandit80,13,4.00,nan,20,20,80,Left,Right,4,1,1,1,nan,nan,0.26
11/10/2025 18:32:40,1.17.2,Bandit80,13,4.00,3,20,20,80,Pellet,Right,4,1,2,1,0.89,691,nan
11/10/2025 18:33:22,1.17.2,Bandit80,13,4.00,nan,20,20,80,Right,Right,4,2,2,2,nan,nan,0.21
11/10/2025 18:35:24,1.17.2,Bandit80,13,4.00,nan,20,20,80,Right,Right,4,3,2,2,nan,nan,0.40
11/10/2025 18:35:26,1.17.2,Bandit80,13,4.00,1,20,20,80,Pellet,Right,4,3,3,2,1.43,166,nan
11/10/2025 18:36:47,1.17.2,Bandit80,13,4.00,nan,20,20,80,Left,Right,5,3,3,3,nan,nan,0.01
11/10/2025 18:37:16,1.17.2,Bandit80,13,4.00,nan,20,20,80,Left,Right,6,3,3,3,nan,nan,0.19
11/10/2025 18:37:19,1.17.2,Bandit80,13,4.00,1,20,20,80,Pellet,Right,6,3,4,3,2.15,113,nan
11/10/2025 18:37:32,1.17.2,Bandit80,13,4.00,nan,20,20,80,Left,Right,7,3,4,4,nan,nan,0.00
11/10/2025 18:38:36,1.17.2,Bandit80,13,4.00,nan,20,20,80,Left,Right,8,3,4,4,nan,nan,0.06
11/10/2025 18:38:38,1.17.2,Bandit80,13,4.00,1,20,20,80,Pellet,Right,8,3,5,4,1.25,79,nan
11/10/2025 18:43:35,1.17.2,Bandit80,13,4.00,nan,20,20,80,Left,Right,9,3,5,5,nan,nan,0.16
11/10/2025 18:43:46,1.17.2,Bandit80,13,4.00,nan,20,20,80,Right,Right,9,4,5,5,nan,nan,0.03
11/10/2025 18:43:49,1.17.2,Bandit80,13,4.00,1,20,20,80,Pellet,Right,9,4,6,5,1.67,310,nan
11/10/2025 18:45:08,1.17.2,Bandit80,13,4.00,nan,20,20,80,Left,Right,10,4,6,6,nan,nan,0.18
11/10/2025 18:53:51,1.17.2,Bandit80,13,4.00,nan,20,20,80,Left,Right,11,4,6,6,nan,nan,0.20
11/10/2025 18:54:21,1.17.2,Bandit80,13,4.00,nan,20,20,80,Left,Right,12,4,6,6,nan,nan,0.09
11/10/2025 18:54:45,1.17.2,Bandit80,13,4.00,nan,20,20,80,Left,Right,13,4,6,6,nan,nan,0.07
11/10/2025 18:56:30,1.17.2,Bandit80,13,4.00,nan,20,20,80,Left,Right,14,4,6,6,nan,nan,0.30
11/10/2025 18:56:39,1.17.2,Bandit80,13,4.00,nan,20,20,80,LeftinTimeOut,Right,14,4,6,6,nan,nan,nan
11/10/2025 19:01:19,1.17.2,Bandit80,13,4.00,nan,20,20,80,Left,Right,15,4,6,6,nan,nan,0.27
11/10/2025 19:07:16,1.17.2,Bandit80,13,4.00,nan,20,20,80,Left,Right,16,4,6,6,nan,nan,0.19
11/10/2025 19:07:19,1.17.2,Bandit80,13,4.00,1,20,20,80,Pellet,Right,16,4,7,6,1.67,1411,nan
11/10/2025 19:08:30,1.17.2,Bandit80,13,4.00,nan,20,20,80,Left,Right,17,4,7,7,nan,nan,0.15
11/10/2025 19:08:31,1.17.2,Bandit80,13,4.00,1,20,20,80,Pellet,Right,17,4,8,7,0.47,72,nan
11/10/2025 19:08:41,1.17.2,Bandit80,13,4.00,nan,20,20,80,Left,Right,18,4,8,8,nan,nan,0.23
11/10/2025 19:08:42,1.17.2,Bandit80,13,4.00,1,20,20,80,Pellet,Right,18,4,9,8,0.41,11,nan
11/10/2025 19:08:53,1.17.2,Bandit80,13,4.00,nan,20,20,80,Left,Right,19,4,9,9,nan,nan,0.13
11/10/2025 19:08:57,1.17.2,Bandit80,13,4.00,nan,20,20,80,LeftinTimeOut,Right,19,4,9,9,nan,nan,nan
11/10/2025 19:08:59,1.17.2,Bandit80,13,4.00,nan,20,20,80,LeftinTimeOut,Right,19,4,9,9,nan,nan,nan
11/10/2025 19:09:02,1.17.2,Bandit80,13,4.00,nan,20,20,80,LeftinTimeOut,Right,19,4,9,9,nan,nan,nan
11/10/2025 19:12:36,1.17.2,Bandit80,13,4.00,nan,20,20,80,Left,Right,20,4,9,9,nan,nan,0.10
11/10/2025 19:12:39,1.17.2,Bandit80,13,4.00,nan,20,20,80,LeftinTimeOut,Right,20,4,9,9,nan,nan,nan
11/10/2025 19:12:40,1.17.2,Bandit80,13,4.00,nan,20,20,80,LeftinTimeOut,Right,20,4,9,9,nan,nan,nan
11/10/2025 19:26:55,1.17.2,Bandit80,13,4.00,nan,20,20,80,Left,Right,21,4,9,9,nan,nan,0.10
11/10/2025 19:29:47,1.17.2,Bandit80,13,4.00,nan,20,20,80,Right,Right,21,5,9,9,nan,nan,0.18
11/10/2025 19:29:49,1.17.2,Bandit80,13,4.00,1,20,20,80,Pellet,Right,21,5,10,9,1.55,1267,nan
11/10/2025 19:35:49,1.17.2,Bandit80,13,4.00,nan,20,20,80,Right,Right,21,6,10,10,nan,nan,0.03
11/10/2025 19:35:51,1.17.2,Bandit80,13,4.00,1,20,20,80,Pellet,Right,21,6,11,10,1.37,362,nan
11/10/2025 19:35:57,1.17.2,Bandit80,13,4.00,nan,20,20,80,Right,Right,21,7,11,11,nan,nan,0.38
11/10/2025 19:35:59,1.17.2,Bandit80,13,4.00,1,20,20,80,Pellet,Right,21,7,12,11,1.37,8,nan
11/10/2025 19:38:54,1.17.2,Bandit80,13,4.00,nan,20,20,80,Right,Right,21,8,12,12,nan,nan,0.16
11/10/2025 19:38:58,1.17.2,Bandit80,13,4.00,1,20,20,80,Pellet,Right,21,8,13,12,3.23,179,nan
11/10/2025 19:42:23,1.17.2,Bandit80,13,4.00,nan,20,20,80,Left,Right,22,8,13,13,nan,nan,0.00
11/10/2025 19:48:00,1.17.2,Bandit80,13,4.00,nan,20,20,80,Right,Right,22,9,13,13,nan,nan,0.09
11/10/2025 19:48:02,1.17.2,Bandit80,13,4.00,1,20,20,80,Pellet,Right,22,9,14,13,0.65,544,nan
11/10/2025 19:48:10,1.17.2,Bandit80,13,4.00,nan,20,20,80,Right,Right,22,10,14,14,nan,nan,0.29
11/10/2025 19:48:13,1.17.2,Bandit80,13,4.00,1,20,20,80,Pellet,Right,22,10,15,14,1.85,11,nan
11/10/2025 19:48:21,1.17.2,Bandit80,13,3.99,nan,20,20,80,Right,Right,22,11,15,15,nan,nan,0.22
11/10/2025 19:50:40,1.17.2,Bandit80,13,4.00,nan,20,20,80,Right,Right,22,12,15,15,nan,nan,0.13
11/10/2025 19:50:44,1.17.2,Bandit80,13,3.99,1,20,20,80,Pellet,Right,22,12,16,15,2.21,150,nan
11/10/2025 19:51:04,1.17.2,Bandit80,13,4.00,nan,20,20,80,Right,Right,22,13,16,16,nan,nan,0.11
11/10/2025 19:51:05,1.17.2,Bandit80,13,4.00,1,20,20,80,Pellet,Right,22,13,17,16,0.83,22,nan
11/10/2025 19:51:17,1.17.2,Bandit80,13,4.00,nan,20,20,80,Left,Right,23,13,17,17,nan,nan,0.17
11/10/2025 19:53:04,1.17.2,Bandit80,13,4.00,nan,20,20,80,Right,Right,23,14,17,17,nan,nan,0.17
11/10/2025 19:53:07,1.17.2,Bandit80,13,4.00,2,20,20,80,Pellet,Right,23,14,18,17,1.73,122,nan
11/10/2025 20:02:02,1.17.2,Bandit80,13,4.00,nan,20,20,80,Left,Right,24,14,18,18,nan,nan,0.25
11/10/2025 20:02:04,1.17.2,Bandit80,13,3.99,1,20,20,80,Pellet,Right,24,14,19,18,0.53,537,nan
11/10/2025 20:02:13,1.17.2,Bandit80,13,4.00,nan,20,20,80,Left,Right,25,14,19,19,nan,nan,0.23
11/10/2025 20:05:19,1.17.2,Bandit80,13,4.00,nan,20,20,80,Left,Right,26,14,19,19,nan,nan,0.13
11/10/2025 20:05:20,1.17.2,Bandit80,13,4.00,1,20,20,80,Pellet,Right,26,14,20,19,0.71,196,nan
11/10/2025 20:08:05,1.17.2,Bandit80,13,4.00,nan,20,80,20,Right,Left,26,15,20,0,nan,nan,0.34
11/10/2025 20:08:06,1.17.2,Bandit80,13,3.99,nan,20,80,20,RightinTimeout,Left,26,15,20,0,nan,nan,0.00
11/10/2025 20:08:13,1.17.2,Bandit80,13,4.00,nan,20,80,20,RightinTimeout,Left,26,15,20,0,nan,nan,0.00
11/10/2025 20:19:20,1.17.2,Bandit80,13,4.00,nan,20,80,20,Left,Left,27,15,20,0,nan,nan,0.21
11/10/2025 20:19:23,1.17.2,Bandit80,13,3.99,1,20,80,20,Pellet,Left,27,15,21,0,1.31,843,nan
11/10/2025 20:19:30,1.17.2,Bandit80,13,4.00,nan,20,80,20,Left,Left,28,15,21,1,nan,nan,0.09
11/10/2025 20:19:32,1.17.2,Bandit80,13,3.99,1,20,80,20,Pellet,Left,28,15,22,1,0.77,8,nan
11/10/2025 20:19:43,1.17.2,Bandit80,13,4.00,nan,20,80,20,Left,Left,29,15,22,2,nan,nan,0.12
11/10/2025 20:19:44,1.17.2,Bandit80,13,3.99,nan,20,80,20,LeftinTimeOut,Left,29,15,22,2,nan,nan,nan
11/10/2025 20:19:45,1.17.2,Bandit80,13,4.00,nan,20,80,20,LeftinTimeOut,Left,29,15,22,2,nan,nan,nan
11/10/2025 20:21:16,1.17.2,Bandit80,13,3.99,nan,20,80,20,Right,Left,29,16,22,2,nan,nan,0.13
11/10/2025 20:21:34,1.17.2,Bandit80,13,4.00,nan,20,80,20,Right,Left,29,17,22,2,nan,nan,0.15
11/10/2025 20:21:36,1.17.2,Bandit80,13,4.00,nan,20,80,20,RightinTimeout,Left,29,17,22,2,nan,nan,0.00
11/10/2025 20:21:39,1.17.2,Bandit80,13,3.99,nan,20,80,20,LeftinTimeOut,Left,29,17,22,2,nan,nan,nan
11/10/2025 20:21:41,1.17.2,Bandit80,13,4.00,nan,20,80,20,LeftinTimeOut,Left,29,17,22,2,nan,nan,nan
11/10/2025 20:21:50,1.17.2,Bandit80,13,4.00,nan,20,80,20,RightinTimeout,Left,29,17,22,2,nan,nan,0.00
11/10/2025 20:25:34,1.17.2,Bandit80,13,4.00,nan,20,80,20,Left,Left,30,17,22,2,nan,nan,0.16
11/10/2025 20:25:44,1.17.2,Bandit80,13,3.99,nan,20,80,20,LeftinTimeOut,Left,30,17,22,2,nan,nan,nan
11/10/2025 20:26:04,1.17.2,Bandit80,13,4.00,nan,20,80,20,Right,Left,30,18,22,2,nan,nan,0.47
11/10/2025 20:26:06,1.17.2,Bandit80,13,4.00,2,20,80,20,Pellet,Left,30,18,23,2,1.67,395,nan
11/10/2025 20:29:00,1.17.2,Bandit80,13,3.99,nan,20,80,20,Left,Left,31,18,23,3,nan,nan,0.15
11/10/2025 20:29:01,1.17.2,Bandit80,13,4.00,1,20,80,20,Pellet,Left,31,18,24,3,0.53,175,nan
11/10/2025 20:30:23,1.17.2,Bandit80,13,3.99,nan,20,80,20,Right,Left,31,19,24,4,nan,nan,0.39
11/10/2025 20:30:33,1.17.2,Bandit80,13,4.00,nan,20,80,20,LeftinTimeOut,Left,31,19,24,4,nan,nan,nan
11/10/2025 20:30:37,1.17.2,Bandit80,13,4.00,nan,20,80,20,LeftinTimeOut,Left,31,19,24,4,nan,nan,nan
11/10/2025 20:30:50,1.17.2,Bandit80,13,4.00,nan,20,80,20,Right,Left,31,20,24,4,nan,nan,0.12
11/10/2025 20:30:50,1.17.2,Bandit80,13,3.99,nan,20,80,20,RightinTimeout,Left,31,20,24,4,nan,nan,0.00
11/10/2025 20:30:50,1.17.2,Bandit80,13,3.99,nan,20,80,20,RightinTimeout,Left,31,20,24,4,nan,nan,0.00
11/10/2025 20:30:51,1.17.2,Bandit80,13,4.00,nan,20,80,20,RightinTimeout,Left,31,20,24,4,nan,nan,0.00
11/10/2025 20:30:51,1.17.2,Bandit80,13,3.99,nan,20,80,20,RightinTimeout,Left,31,20,24,4,nan,nan,0.00
11/10/2025 20:30:52,1.17.2,Bandit80,13,3.99,nan,20,80,20,RightinTimeout,Left,31,20,24,4,nan,nan,0.00
11/10/2025 20:30:52,1.17.2,Bandit80,13,4.00,nan,20,80,20,RightinTimeout,Left,31,20,24,4,nan,nan,0.00
11/10/2025 20:30:52,1.17.2,Bandit80,13,3.99,nan,20,80,20,RightinTimeout,Left,31,20,24,4,nan,nan,0.00
11/10/2025 20:33:08,1.17.2,Bandit80,13,3.99,nan,20,80,20,Right,Left,31,21,24,4,nan,nan,0.19
11/10/2025 20:33:11,1.17.2,Bandit80,13,3.99,1,20,80,20,Pellet,Left,31,21,25,4,2.45,250,nan
11/10/2025 20:34:59,1.17.2,Bandit80,13,3.99,nan,20,80,20,Left,Left,32,21,25,5,nan,nan,0.08
11/10/2025 20:35:03,1.17.2,Bandit80,13,4.00,1,20,80,20,Pellet,Left,32,21,26,5,3.11,112,nan
11/10/2025 20:36:52,1.17.2,Bandit80,13,3.99,nan,20,80,20,Left,Left,33,21,26,6,nan,nan,0.17
11/10/2025 20:40:17,1.17.2,Bandit80,13,4.00,nan,20,80,20,Left,Left,34,21,26,6,nan,nan,0.12
11/10/2025 20:40:18,1.17.2,Bandit80,13,4.00,1,20,80,20,Pellet,Left,34,21,27,6,0.71,315,nan
11/10/2025 20:41:17,1.17.2,Bandit80,13,3.99,nan,20,80,20,Left,Left,35,21,27,7,nan,nan,0.13
11/10/2025 20:41:20,1.17.2,Bandit80,13,4.00,1,20,80,20,Pellet,Left,35,21,28,7,1.49,62,nan
11/10/2025 20:41:27,1.17.2,Bandit80,13,3.99,nan,20,80,20,Left,Left,36,21,28,8,nan,nan,0.09
11/10/2025 20:41:28,1.17.2,Bandit80,13,3.99,1,20,80,20,Pellet,Left,36,21,29,8,0.35,8,nan
11/10/2025 20:41:34,1.17.2,Bandit80,13,3.99,nan,20,80,20,Left,Left,37,21,29,9,nan,nan,0.06
11/10/2025 20:41:35,1.17.2,Bandit80,13,3.99,1,20,80,20,Pellet,Left,37,21,30,9,0.53,7,nan
11/10/2025 20:41:51,1.17.2,Bandit80,13,4.00,nan,20,80,20,Left,Left,38,21,30,10,nan,nan,0.05
11/10/2025 20:41:52,1.17.2,Bandit80,13,4.00,nan,20,80,20,LeftinTimeOut,Left,38,21,30,10,nan,nan,nan
11/10/2025 20:42:14,1.17.2,Bandit80,13,3.99,nan,20,80,20,Left,Left,39,21,30,10,nan,nan,0.14
11/10/2025 20:42:15,1.17.2,Bandit80,13,3.99,1,20,80,20,Pellet,Left,39,21,31,10,0.41,40,nan
11/10/2025 20:42:20,1.17.2,Bandit80,13,3.99,nan,20,80,20,Left,Left,40,21,31,11,nan,nan,0.19
11/10/2025 20:42:51,1.17.2,Bandit80,13,3.99,nan,20,80,20,Right,Left,40,22,31,11,nan,nan,0.04
11/10/2025 20:42:52,1.17.2,Bandit80,13,4.00,1,20,80,20,Pellet,Left,40,22,32,11,0.83,37,nan
11/10/2025 20:43:28,1.17.2,Bandit80,13,3.99,nan,20,80,20,Left,Left,41,22,32,12,nan,nan,0.09
11/10/2025 20:43:29,1.17.2,Bandit80,13,3.99,1,20,80,20,Pellet,Left,41,22,33,12,0.06,37,nan
11/10/2025 20:47:08,1.17.2,Bandit80,13,4.00,nan,20,80,20,Left,Left,42,22,33,13,nan,nan,0.10
11/10/2025 20:47:08,1.17.2,Bandit80,13,3.99,1,20,80,20,Pellet,Left,42,22,34,13,0.06,219,nan
11/10/2025 20:48:05,1.17.2,Bandit80,13,3.99,nan,20,80,20,Left,Left,43,22,34,14,nan,nan,0.14
11/10/2025 20:48:05,1.17.2,Bandit80,13,4.00,nan,20,80,20,LeftinTimeOut,Left,43,22,34,14,nan,nan,nan
11/10/2025 20:52:40,1.17.2,Bandit80,13,3.99,nan,20,80,20,Left,Left,44,22,34,14,nan,nan,0.12
11/10/2025 20:52:43,1.17.2,Bandit80,13,3.99,1,20,80,20,Pellet,Left,44,22,35,14,1.79,335,nan
11/10/2025 20:52:54,1.17.2,Bandit80,13,3.98,nan,20,80,20,Left,Left,45,22,35,15,nan,nan,0.03
11/10/2025 20:52:55,1.17.2,Bandit80,13,3.99,1,20,80,20,Pellet,Left,45,22,36,15,0.41,12,nan
11/10/2025 20:53:10,1.17.2,Bandit80,13,4.00,nan,20,80,20,Left,Left,46,22,36,16,nan,nan,0.11
11/10/2025 20:53:20,1.17.2,Bandit80,13,4.00,nan,20,80,20,RightWithPellet,Left,46,23,36,16,nan,nan,0.14
11/10/2025 20:53:22,1.17.2,Bandit80,13,3.99,nan,20,80,20,RightWithPellet,Left,46,24,36,16,nan,nan,0.27
11/10/2025 21:00:12,1.17.2,Bandit80,13,3.99,1,20,80,20,Pellet,Left,46,24,37,16,Timed_out,437,nan
11/10/2025 21:00:34,1.17.2,Bandit80,13,4.00,nan,20,80,20,Right,Left,46,25,37,17,nan,nan,0.31
11/10/2025 21:08:31,1.17.2,Bandit80,13,4.00,nan,20,80,20,Left,Left,47,25,37,17,nan,nan,0.24
11/10/2025 21:08:32,1.17.2,Bandit80,13,3.99,nan,20,80,20,LeftinTimeOut,Left,47,25,37,17,nan,nan,nan
11/10/2025 21:10:46,1.17.2,Bandit80,13,3.99,nan,20,80,20,Left,Left,48,25,37,17,nan,nan,0.08
11/10/2025 21:10:53,1.17.2,Bandit80,13,3.99,nan,20,80,20,LeftinTimeOut,Left,48,25,37,17,nan,nan,nan
11/10/2025 21:10:56,1.17.2,Bandit80,13,4.00,nan,20,80,20,LeftinTimeOut,Left,48,25,37,17,nan,nan,nan
11/10/2025 21:11:04,1.17.2,Bandit80,13,3.99,nan,20,80,20,LeftinTimeOut,Left,48,25,37,17,nan,nan,nan
11/10/2025 21:11:06,1.17.2,Bandit80,13,3.99,nan,20,80,20,LeftinTimeOut,Left,48,25,37,17,nan,nan,nan
11/10/2025 21:12:20,1.17.2,Bandit80,13,4.00,nan,20,80,20,Left,Left,49,25,37,17,nan,nan,0.09
11/10/2025 21:12:22,1.17.2,Bandit80,13,3.99,1,20,80,20,Pellet,Left,49,25,38,17,0.35,729,nan
11/10/2025 21:12:33,1.17.2,Bandit80,13,3.99,nan,20,80,20,Left,Left,50,25,38,18,nan,nan,0.12
11/10/2025 21:12:35,1.17.2,Bandit80,13,3.99,1,20,80,20,Pellet,Left,50,25,39,18,1.01,14,nan
11/10/2025 21:12:42,1.17.2,Bandit80,13,3.99,nan,20,80,20,Left,Left,51,25,39,19,nan,nan,0.07
11/10/2025 21:15:38,1.17.2,Bandit80,13,4.00,1,20,80,20,Pellet,Left,51,25,40,19,Timed_out,183,nan
11/10/2025 21:17:26,1.17.2,Bandit80,13,3.99,nan,20,20,80,Right,Right,51,26,40,0,nan,nan,0.31
11/10/2025 21:17:28,1.17.2,Bandit80,13,3.98,nan,20,20,80,RightWithPellet,Right,51,27,40,0,nan,nan,0.78
11/10/2025 21:17:35,1.17.2,Bandit80,13,3.99,nan,20,20,80,RightWithPellet,Right,51,28,40,0,nan,nan,0.41
11/10/2025 21:17:42,1.17.2,Bandit80,13,3.99,nan,20,20,80,RightWithPellet,Right,51,29,40,0,nan,nan,0.11
11/10/2025 21:17:48,1.17.2,Bandit80,13,3.99,nan,20,20,80,RightWithPellet,Right,51,30,40,0,nan,nan,0.22
11/10/2025 21:17:49,1.17.2,Bandit80,13,3.99,nan,20,20,80,RightWithPellet,Right,51,31,40,0,nan,nan,0.10
11/10/2025 21:18:04,1.17.2,Bandit80,13,3.99,nan,20,20,80,RightWithPellet,Right,51,32,40,0,nan,nan,0.17
11/10/2025 21:21:56,1.17.2,Bandit80,13,4.00,nan,20,20,80,RightWithPellet,Right,51,32,40,0,nan,nan,0.39
11/10/2025 21:23:20,1.17.2,Bandit80,13,3.99,nan,20,20,80,RightWithPellet,Right,51,32,40,0,nan,nan,0.04
11/10/2025 21:25:44,1.17.2,Bandit80,13,3.99,nan,20,20,80,RightWithPellet,Right,51,32,40,0,nan,nan,0.18
11/10/2025 21:25:45,1.17.2,Bandit80,13,3.98,nan,20,20,80,RightWithPellet,Right,51,32,40,0,nan,nan,0.13
11/10/2025 21:27:18,1.17.2,Bandit80,13,3.99,1,20,20,80,Pellet,Right,51,32,41,0,Timed_out,700,nan
11/10/2025 21:27:28,1.17.2,Bandit80,13,3.98,nan,20,20,80,Left,Right,52,32,41,1,nan,nan,0.10
11/10/2025 21:27:31,1.17.2,Bandit80,13,3.98,1,20,20,80,Pellet,Right,52,32,42,1,1.55,13,nan
11/10/2025 21:27:39,1.17.2,Bandit80,13,3.98,nan,20,20,80,Left,Right,53,32,42,2,nan,nan,0.08
11/10/2025 21:33:28,1.17.2,Bandit80,13,3.99,nan,20,20,80,Left,Right,54,32,42,2,nan,nan,0.08
11/10/2025 21:33:31,1.17.2,Bandit80,13,3.99,1,20,20,80,Pellet,Right,54,32,43,2,2.75,360,nan
11/10/2025 21:38:57,1.17.2,Bandit80,13,3.99,nan,20,20,80,Left,Right,55,32,43,3,nan,nan,0.12
11/10/2025 21:39:04,1.17.2,Bandit80,13,3.99,1,20,20,80,Pellet,Right,55,32,44,3,5.75,333,nan
11/10/2025 21:39:19,1.17.2,Bandit80,13,4.00,nan,20,20,80,Right,Right,55,33,44,4,nan,nan,0.19
11/10/2025 21:40:03,1.17.2,Bandit80,13,3.99,nan,20,20,80,RightWithPellet,Right,55,34,44,4,nan,nan,0.06
11/10/2025 21:40:27,1.17.2,Bandit80,13,3.99,1,20,20,80,Pellet,Right,55,34,45,4,Timed_out,83,nan
11/10/2025 21:40:36,1.17.2,Bandit80,13,3.99,nan,20,20,80,Left,Right,56,34,45,5,nan,nan,0.10
11/10/2025 21:40:41,1.17.2,Bandit80,13,3.98,nan,20,20,80,LeftWithPellet,Right,56,34,45,5,nan,nan,0.03
11/10/2025 21:46:54,1.17.2,Bandit80,13,3.99,nan,20,20,80,RightWithPellet,Right,56,34,45,5,nan,nan,0.53
11/10/2025 21:46:57,1.17.2,Bandit80,13,3.99,nan,20,20,80,RightWithPellet,Right,56,34,45,5,nan,nan,0.23
11/10/2025 21:49:09,1.17.2,Bandit80,13,3.99,nan,20,20,80,RightWithPellet,Right,56,34,45,5,nan,nan,0.08
11/10/2025 21:49:40,1.17.2,Bandit80,13,3.99,nan,20,20,80,LeftWithPellet,Right,56,34,45,5,nan,nan,0.05
11/10/2025 21:49:42,1.17.2,Bandit80,13,3.99,nan,20,20,80,LeftWithPellet,Right,56,34,45,5,nan,nan,0.20
11/10/2025 21:50:54,1.17.2,Bandit80,13,3.99,nan,20,20,80,RightWithPellet,Right,56,34,45,5,nan,nan,0.05
11/10/2025 21:56:41,1.17.2,Bandit80,13,3.98,nan,20,20,80,LeftWithPellet,Right,56,34,45,5,nan,nan,0.09
11/10/2025 22:05:59,1.17.2,Bandit80,13,3.98,nan,20,20,80,LeftWithPellet,Right,56,34,45,5,nan,nan,0.22
11/10/2025 22:07:14,1.17.2,Bandit80,13,3.99,nan,20,20,80,RightWithPellet,Right,56,34,45,5,nan,nan,0.05
11/10/2025 22:09:47,1.17.2,Bandit80,13,3.99,nan,20,20,80,RightWithPellet,Right,56,34,45,5,nan,nan,0.59
11/10/2025 22:09:50,1.17.2,Bandit80,13,3.98,1,20,20,80,Pellet,Right,56,34,46,5,Timed_out,1763,nan
11/10/2025 22:11:27,1.17.2,Bandit80,13,3.99,nan,20,20,80,Left,Right,57,34,46,6,nan,nan,0.27
11/10/2025 22:14:50,1.17.2,Bandit80,13,3.99,nan,20,20,80,Right,Right,57,35,46,6,nan,nan,0.09
11/10/2025 22:15:02,1.17.2,Bandit80,13,3.98,1,20,20,80,Pellet,Right,57,35,47,6,11.27,312,nan
11/10/2025 22:15:08,1.17.2,Bandit80,13,3.99,nan,20,20,80,Left,Right,58,35,47,7,nan,nan,0.13
11/10/2025 22:15:09,1.17.2,Bandit80,13,3.99,nan,20,20,80,LeftinTimeOut,Right,58,35,47,7,nan,nan,nan
11/10/2025 22:15:10,1.17.2,Bandit80,13,3.99,nan,20,20,80,LeftinTimeOut,Right,58,35,47,7,nan,nan,nan
11/10/2025 22:15:11,1.17.2,Bandit80,13,3.99,nan,20,20,80,LeftinTimeOut,Right,58,35,47,7,nan,nan,nan
11/10/2025 22:15:14,1.17.2,Bandit80,13,3.98,nan,20,20,80,LeftinTimeOut,Right,58,35,47,7,nan,nan,nan
11/10/2025 22:15:23,1.17.2,Bandit80,13,3.98,nan,20,20,80,RightinTimeout,Right,58,35,47,7,nan,nan,0.00
11/10/2025 22:15:47,1.17.2,Bandit80,13,3.99,nan,20,20,80,Right,Right,58,36,47,7,nan,nan,0.16
11/10/2025 22:15:50,1.17.2,Bandit80,13,3.99,1,20,20,80,Pellet,Right,58,36,48,7,1.61,48,nan
11/10/2025 22:15:54,1.17.2,Bandit80,13,3.98,nan,20,20,80,Right,Right,58,37,48,8,nan,nan,0.13
11/10/2025 22:15:57,1.17.2,Bandit80,13,3.98,nan,20,20,80,RightWithPellet,Right,58,38,48,8,nan,nan,0.03
11/10/2025 22:15:57,1.17.2,Bandit80,13,3.99,1,20,20,80,Pellet,Right,58,38,49,8,2.00,7,nan
11/10/2025 22:16:07,1.17.2,Bandit80,13,3.99,nan,20,20,80,Right,Right,58,39,49,9,nan,nan,0.15
11/10/2025 22:16:09,1.17.2,Bandit80,13,3.98,1,20,20,80,Pellet,Right,58,39,50,9,1.79,12,nan
11/10/2025 22:16:20,1.17.2,Bandit80,13,3.99,nan,20,20,80,Left,Right,59,39,50,10,nan,nan,0.05
11/10/2025 22:16:29,1.17.2,Bandit80,13,3.99,nan,20,20,80,RightinTimeout,Right,59,39,50,10,nan,nan,0.00
11/10/2025 22:16:52,1.17.2,Bandit80,13,3.98,nan,20,20,80,Right,Right,59,40,50,10,nan,nan,0.19
11/10/2025 22:16:54,1.17.2,Bandit80,13,3.98,1,20,20,80,Pellet,Right,59,40,51,10,1.85,45,nan
11/10/2025 22:17:04,1.17.2,Bandit80,13,3.99,nan,20,20,80,Right,Right,59,41,51,11,nan,nan,0.24
11/10/2025 22:17:21,1.17.2,Bandit80,13,3.99,nan,20,20,80,LeftWithPellet,Right,59,41,51,11,nan,nan,0.12
11/10/2025 22:18:32,1.17.2,Bandit80,13,3.99,1,20,20,80,Pellet,Right,59,41,52,11,Timed_out,98,nan
11/10/2025 22:25:15,1.17.2,Bandit80,13,3.98,nan,20,20,80,Left,Right,60,41,52,12,nan,nan,0.05
11/10/2025 22:25:19,1.17.2,Bandit80,13,3.98,nan,20,20,80,RightinTimeout,Right,60,41,52,12,nan,nan,0.00
11/10/2025 22:25:19,1.17.2,Bandit80,13,3.99,nan,20,20,80,RightinTimeout,Right,60,41,52,12,nan,nan,0.00
11/10/2025 22:25:20,1.17.2,Bandit80,13,3.98,nan,20,20,80,RightinTimeout,Right,60,41,52,12,nan,nan,0.00
11/10/2025 22:25:26,1.17.2,Bandit80,13,3.99,nan,20,20,80,RightinTimeout,Right,60,41,52,12,nan,nan,0.00
11/10/2025 22:25:36,1.17.2,Bandit80,13,3.98,nan,20,20,80,Left,Right,61,41,52,12,nan,nan,0.12
11/10/2025 22:25:40,1.17.2,Bandit80,13,3.99,nan,20,20,80,RightinTimeout,Right,61,41,52,12,nan,nan,0.00
11/10/2025 22:25:40,1.17.2,Bandit80,13,3.98,nan,20,20,80,RightinTimeout,Right,61,41,52,12,nan,nan,0.00
11/10/2025 22:25:41,1.17.2,Bandit80,13,3.99,nan,20,20,80,RightinTimeout,Right,61,41,52,12,nan,nan,0.00
11/10/2025 22:37:23,1.17.2,Bandit80,13,3.99,nan,20,20,80,Left,Right,62,41,52,12,nan,nan,0.17
11/10/2025 22:40:41,1.17.2,Bandit80,13,3.98,nan,20,20,80,Right,Right,62,42,52,12,nan,nan,0.03
11/10/2025 22:40:43,1.17.2,Bandit80,13,3.98,1,20,20,80,Pellet,Right,62,42,53,12,1.55,1331,nan
11/10/2025 22:41:33,1.17.2,Bandit80,13,3.98,nan,20,20,80,Right,Right,62,43,53,13,nan,nan,0.03
11/10/2025 22:41:36,1.17.2,Bandit80,13,3.99,1,20,20,80,Pellet,Right,62,43,54,13,1.61,52,nan
11/10/2025 22:41:42,1.17.2,Bandit80,13,3.99,nan,20,20,80,Right,Right,62,44,54,14,nan,nan,0.12
11/10/2025 22:41:44,1.17.2,Bandit80,13,3.98,1,20,20,80,Pellet,Right,62,44,55,14,1.73,9,nan
11/10/2025 22:41:49,1.17.2,Bandit80,13,3.99,nan,20,20,80,Right,Right,62,45,55,15,nan,nan,0.12
11/10/2025 22:41:50,1.17.2,Bandit80,13,3.99,1,20,20,80,Pellet,Right,62,45,56,15,0.06,6,nan
11/10/2025 22:41:56,1.17.2,Bandit80,13,3.99,nan,20,20,80,Right,Right,62,46,56,16,nan,nan,0.10
11/10/2025 22:41:59,1.17.2,Bandit80,13,3.99,1,20,20,80,Pellet,Right,62,46,57,16,1.85,9,nan
11/10/2025 22:42:32,1.17.2,Bandit80,13,3.98,nan,20,20,80,Right,Right,62,47,57,17,nan,nan,0.04
11/10/2025 22:42:34,1.17.2,Bandit80,13,4.00,1,20,20,80,Pellet,Right,62,47,58,17,1.49,35,nan
11/10/2025 22:42:48,1.17.2,Bandit80,13,3.99,nan,20,20,80,Right,Right,62,48,58,18,nan,nan,0.32
11/10/2025 22:42:49,1.17.2,Bandit80,13,3.98,nan,20,20,80,RightinTimeout,Right,62,48,58,18,nan,nan,0.00
11/10/2025 22:46:47,1.17.2,Bandit80,13,3.98,nan,20,20,80,Right,Right,62,49,58,18,nan,nan,0.03
11/10/2025 22:46:50,1.17.2,Bandit80,13,3.98,1,20,20,80,Pellet,Right,62,49,59,18,2.09,256,nan
11/10/2025 22:49:39,1.17.2,Bandit80,13,3.99,nan,20,20,80,Left,Right,63,49,59,19,nan,nan,0.09
11/10/2025 22:49:39,1.17.2,Bandit80,13,3.98,nan,20,20,80,LeftinTimeOut,Right,63,49,59,19,nan,nan,nan
11/10/2025 22:49:41,1.17.2,Bandit80,13,3.99,nan,20,20,80,LeftinTimeOut,Right,63,49,59,19,nan,nan,nan
11/10/2025 22:49:42,1.17.2,Bandit80,13,3.99,nan,20,20,80,LeftinTimeOut,Right,63,49,59,19,nan,nan,nan
11/10/2025 22:49:44,1.17.2,Bandit80,13,3.99,nan,20,20,80,LeftinTimeOut,Right,63,49,59,19,nan,nan,nan
11/10/2025 22:49:51,1.17.2,Bandit80,13,3.98,nan,20,20,80,LeftinTimeOut,Right,63,49,59,19,nan,nan,nan
11/10/2025 22:49:53,1.17.2,Bandit80,13,3.98,nan,20,20,80,LeftinTimeOut,Right,63,49,59,19,nan,nan,nan
11/10/2025 22:49:55,1.17.2,Bandit80,13,3.99,nan,20,20,80,LeftinTimeOut,Right,63,49,59,19,nan,nan,nan
11/10/2025 22:49:56,1.17.2,Bandit80,13,3.98,nan,20,20,80,LeftinTimeOut,Right,63,49,59,19,nan,nan,nan
11/10/2025 22:49:57,1.17.2,Bandit80,13,3.98,nan,20,20,80,LeftinTimeOut,Right,63,49,59,19,nan,nan,nan
11/10/2025 22:49:59,1.17.2,Bandit80,13,3.98,nan,20,20,80,LeftinTimeOut,Right,63,49,59,19,nan,nan,nan
11/10/2025 22:57:09,1.17.2,Bandit80,13,3.98,nan,20,20,80,Right,Right,63,50,59,19,nan,nan,0.20
11/10/2025 22:57:20,1.17.2,Bandit80,13,3.98,nan,20,20,80,RightWithPellet,Right,63,51,59,19,nan,nan,0.01
11/10/2025 22:57:25,1.17.2,Bandit80,13,3.98,1,20,20,80,Pellet,Right,63,51,60,19,14.65,635,nan
11/10/2025 22:57:33,1.17.2,Bandit80,13,3.98,nan,20,80,20,Right,Left,63,52,60,0,nan,nan,0.14
11/10/2025 22:57:34,1.17.2,Bandit80,13,3.98,nan,20,80,20,RightinTimeout,Left,63,52,60,0,nan,nan,0.00
11/10/2025 22:57:37,1.17.2,Bandit80,13,3.98,nan,20,80,20,RightinTimeout,Left,63,52,60,0,nan,nan,0.00
11/10/2025 22:57:37,1.17.2,Bandit80,13,3.98,nan,20,80,20,RightinTimeout,Left,63,52,60,0,nan,nan,0.00
11/10/2025 22:57:38,1.17.2,Bandit80,13,3.98,nan,20,80,20,RightinTimeout,Left,63,52,60,0,nan,nan,0.00
11/10/2025 22:57:39,1.17.2,Bandit80,13,3.99,nan,20,80,20,RightinTimeout,Left,63,52,60,0,nan,nan,0.00
11/10/2025 22:57:39,1.17.2,Bandit80,13,3.98,nan,20,80,20,RightinTimeout,Left,63,52,60,0,nan,nan,0.00
11/10/2025 22:57:42,1.17.2,Bandit80,13,3.98,nan,20,80,20,LeftinTimeOut,Left,63,52,60,0,nan,nan,nan
11/10/2025 22:57:44,1.17.2,Bandit80,13,3.99,nan,20,80,20,LeftinTimeOut,Left,63,52,60,0,nan,nan,nan
11/10/2025 22:57:46,1.17.2,Bandit80,13,3.98,nan,20,80,20,LeftinTimeOut,Left,63,52,60,0,nan,nan,nan
11/10/2025 22:57:47,1.17.2,Bandit80,13,3.98,nan,20,80,20,LeftinTimeOut,Left,63,52,60,0,nan,nan,nan
11/10/2025 22:57:59,1.17.2,Bandit80,13,3.98,nan,20,80,20,Right,Left,63,53,60,0,nan,nan,0.18
11/10/2025 23:01:53,1.17.2,Bandit80,13,3.98,nan,20,80,20,Right,Left,63,54,60,0,nan,nan,0.21
11/10/2025 23:01:55,1.17.2,Bandit80,13,3.98,nan,20,80,20,RightinTimeout,Left,63,54,60,0,nan,nan,0.00
11/10/2025 23:01:56,1.17.2,Bandit80,13,3.98,nan,20,80,20,RightinTimeout,Left,63,54,60,0,nan,nan,0.00
11/10/2025 23:02:00,1.17.2,Bandit80,13,3.98,nan,20,80,20,RightinTimeout,Left,63,54,60,0,nan,nan,0.00
11/10/2025 23:02:41,1.17.2,Bandit80,13,3.98,nan,20,80,20,Left,Left,64,54,60,0,nan,nan,0.08
11/10/2025 23:02:43,1.17.2,Bandit80,13,3.98,1,20,80,20,Pellet,Left,64,54,61,0,0.71,318,nan
11/10/2025 23:22:26,1.17.2,Bandit80,13,3.98,nan,20,80,20,Left,Left,65,54,61,1,nan,nan,0.05
11/10/2025 23:22:26,1.17.2,Bandit80,13,3.98,1,20,80,20,Pellet,Left,65,54,62,1,0.06,1183,nan
11/10/2025 23:22:38,1.17.2,Bandit80,13,3.98,nan,20,80,20,Right,Left,65,55,62,2,nan,nan,0.09
11/10/2025 23:23:09,1.17.2,Bandit80,13,3.98,nan,20,80,20,Left,Left,66,55,62,2,nan,nan,0.25
11/10/2025 23:26:30,1.17.2,Bandit80,13,3.98,nan,20,80,20,LeftWithPellet,Left,66,55,62,2,nan,nan,0.03
11/10/2025 23:26:34,1.17.2,Bandit80,13,3.98,nan,20,80,20,RightWithPellet,Left,66,55,62,2,nan,nan,0.06
11/10/2025 23:26:47,1.17.2,Bandit80,13,3.98,nan,20,80,20,LeftWithPellet,Left,66,55,62,2,nan,nan,0.16
11/10/2025 23:26:49,1.17.2,Bandit80,13,3.98,nan,20,80,20,LeftWithPellet,Left,66,55,62,2,nan,nan,0.17
11/10/2025 23:26:50,1.17.2,Bandit80,13,3.99,nan,20,80,20,LeftWithPellet,Left,66,55,62,2,nan,nan,0.07
11/10/2025 23:29:03,1.17.2,Bandit80,13,3.98,nan,20,80,20,RightWithPellet,Left,66,55,62,2,nan,nan,0.18
11/10/2025 23:31:52,1.17.2,Bandit80,13,3.99,2,20,80,20,Pellet,Left,66,55,63,2,Timed_out,566,nan
11/10/2025 23:31:58,1.17.2,Bandit80,13,3.98,nan,20,80,20,Right,Left,66,56,63,3,nan,nan,0.18
11/10/2025 23:32:21,1.17.2,Bandit80,13,3.98,nan,20,80,20,Right,Left,66,57,63,3,nan,nan,0.21
11/10/2025 23:32:25,1.17.2,Bandit80,13,3.98,nan,20,80,20,RightinTimeout,Left,66,57,63,3,nan,nan,0.00
11/10/2025 23:32:25,1.17.2,Bandit80,13,3.98,nan,20,80,20,RightinTimeout,Left,66,57,63,3,nan,nan,0.00
11/10/2025 23:32:26,1.17.2,Bandit80,13,3.98,nan,20,80,20,RightinTimeout,Left,66,57,63,3,nan,nan,0.00
11/10/2025 23:32:27,1.17.2,Bandit80,13,3.98,nan,20,80,20,RightinTimeout,Left,66,57,63,3,nan,nan,0.00
11/10/2025 23:36:15,1.17.2,Bandit80,13,3.99,nan,20,80,20,Right,Left,66,58,63,3,nan,nan,0.21
11/10/2025 23:36:17,1.17.2,Bandit80,13,3.98,1,20,80,20,Pellet,Left,66,58,64,3,0.77,265,nan
11/10/2025 23:36:37,1.17.2,Bandit80,13,3.99,nan,20,80,20,Left,Left,67,58,64,4,nan,nan,0.21
11/10/2025 23:36:38,1.17.2,Bandit80,13,3.98,nan,20,80,20,LeftinTimeOut,Left,67,58,64,4,nan,nan,nan
11/10/2025 23:36:40,1.17.2,Bandit80,13,3.98,nan,20,80,20,LeftinTimeOut,Left,67,58,64,4,nan,nan,nan
11/10/2025 23:36:41,1.17.2,Bandit80,13,3.98,nan,20,80,20,LeftinTimeOut,Left,67,58,64,4,nan,nan,nan
11/10/2025 23:36:44,1.17.2,Bandit80,13,3.98,nan,20,80,20,LeftinTimeOut,Left,67,58,64,4,nan,nan,nan
11/10/2025 23:36:48,1.17.2,Bandit80,13,3.98,nan,20,80,20,LeftinTimeOut,Left,67,58,64,4,nan,nan,nan
11/10/2025 23:36:48,1.17.2,Bandit80,13,3.99,nan,20,80,20,LeftinTimeOut,Left,67,58,64,4,nan,nan,nan
11/10/2025 23:36:55,1.17.2,Bandit80,13,3.98,nan,20,80,20,RightinTimeout,Left,67,58,64,4,nan,nan,0.00
11/10/2025 23:39:35,1.17.2,Bandit80,13,3.98,nan,20,80,20,Right,Left,67,59,64,4,nan,nan,0.40
11/10/2025 23:39:37,1.17.2,Bandit80,13,3.98,1,20,80,20,Pellet,Left,67,59,65,4,1.37,200,nan
11/10/2025 23:39:55,1.17.2,Bandit80,13,3.98,nan,20,80,20,Right,Left,67,60,65,5,nan,nan,0.23
11/10/2025 23:39:55,1.17.2,Bandit80,13,3.98,nan,20,80,20,RightinTimeout,Left,67,60,65,5,nan,nan,0.00
11/10/2025 23:40:02,1.17.2,Bandit80,13,3.98,nan,20,80,20,RightinTimeout,Left,67,60,65,5,nan,nan,0.00
11/10/2025 23:40:09,1.17.2,Bandit80,13,3.98,nan,20,80,20,RightinTimeout,Left,67,60,65,5,nan,nan,0.00
11/10/2025 23:40:10,1.17.2,Bandit80,13,3.98,nan,20,80,20,RightinTimeout,Left,67,60,65,5,nan,nan,0.00
11/10/2025 23:40:13,1.17.2,Bandit80,13,3.98,nan,20,80,20,RightinTimeout,Left,67,60,65,5,nan,nan,0.00
11/10/2025 23:40:14,1.17.2,Bandit80,13,3.99,nan,20,80,20,RightinTimeout,Left,67,60,65,5,nan,nan,0.00
11/10/2025 23:40:14,1.17.2,Bandit80,13,3.98,nan,20,80,20,RightinTimeout,Left,67,60,65,5,nan,nan,0.00
11/10/2025 23:40:19,1.17.2,Bandit80,13,3.98,nan,20,80,20,RightinTimeout,Left,67,60,65,5,nan,nan,0.00
11/10/2025 23:41:08,1.17.2,Bandit80,13,3.98,nan,20,80,20,Right,Left,67,61,65,5,nan,nan,0.09
11/10/2025 23:46:15,1.17.2,Bandit80,13,3.98,nan,20,80,20,Right,Left,67,62,65,5,nan,nan,0.22
11/10/2025 23:49:37,1.17.2,Bandit80,13,3.98,nan,20,80,20,Left,Left,68,62,65,5,nan,nan,0.00
11/10/2025 23:49:39,1.17.2,Bandit80,13,3.98,1,20,80,20,Pellet,Left,68,62,66,5,0.71,602,nan
11/10/2025 23:49:43,1.17.2,Bandit80,13,3.98,nan,20,80,20,Right,Left,68,63,66,6,nan,nan,0.07
11/10/2025 23:49:46,1.17.2,Bandit80,13,3.98,nan,20,80,20,RightinTimeout,Left,68,63,66,6,nan,nan,0.00
11/10/2025 23:52:05,1.17.2,Bandit80,13,3.98,nan,20,80,20,Right,Left,68,64,66,6,nan,nan,0.37
11/10/2025 23:52:07,1.17.2,Bandit80,13,3.98,1,20,80,20,Pellet,Left,68,64,67,6,0.77,148,nan
11/10/2025 23:52:15,1.17.2,Bandit80,13,3.98,nan,20,80,20,Right,Left,68,65,67,7,nan,nan,0.40
11/10/2025 23:52:19,1.17.2,Bandit80,13,3.98,1,20,80,20,Pellet,Left,68,65,68,7,2.99,12,nan
11/10/2025 23:52:34,1.17.2,Bandit80,13,3.98,nan,20,80,20,Right,Left,68,66,68,8,nan,nan,0.09
11/10/2025 23:52:38,1.17.2,Bandit80,13,3.98,nan,20,80,20,RightinTimeout,Left,68,66,68,8,nan,nan,0.00
11/10/2025 23:53:15,1.17.2,Bandit80,13,3.98,nan,20,80,20,Left,Left,69,66,68,8,nan,nan,0.08
11/10/2025 23:53:17,1.17.2,Bandit80,13,3.98,1,20,80,20,Pellet,Left,69,66,69,8,0.59,58,nan
11/10/2025 23:53:25,1.17.2,Bandit80,13,3.98,nan,20,80,20,Left,Left,70,66,69,9,nan,nan,0.16
11/10/2025 23:55:14,1.17.2,Bandit80,13,3.98,nan,20,80,20,Right,Left,70,67,69,9,nan,nan,0.17
11/10/2025 23:55:19,1.17.2,Bandit80,13,3.98,nan,20,80,20,LeftinTimeOut,Left,70,67,69,9,nan,nan,nan
11/10/2025 23:55:21,1.17.2,Bandit80,13,3.98,nan,20,80,20,LeftinTimeOut,Left,70,67,69,9,nan,nan,nan
11/10/2025 23:55:22,1.17.2,Bandit80,13,3.98,nan,20,80,20,LeftinTimeOut,Left,70,67,69,9,nan,nan,nan
11/10/2025 23:55:24,1.17.2,Bandit80,13,3.99,nan,20,80,20,LeftinTimeOut,Left,70,67,69,9,nan,nan,nan
11/10/2025 23:55:25,1.17.2,Bandit80,13,3.98,nan,20,80,20,LeftinTimeOut,Left,70,67,69,9,nan,nan,nan
11/10/2025 23:55:27,1.17.2,Bandit80,13,3.98,nan,20,80,20,LeftinTimeOut,Left,70,67,69,9,nan,nan,nan
11/10/2025 23:55:29,1.17.2,Bandit80,13,3.98,nan,20,80,20,LeftinTimeOut,Left,70,67,69,9,nan,nan,nan
11/10/2025 23:55:30,1.17.2,Bandit80,13,3.98,nan,20,80,20,LeftinTimeOut,Left,70,67,69,9,nan,nan,nan
11/10/2025 23:55:58,1.17.2,Bandit80,13,3.98,nan,20,80,20,Right,Left,70,68,69,9,nan,nan,0.25
11/10/2025 23:55:59,1.17.2,Bandit80,13,3.98,nan,20,80,20,RightinTimeout,Left,70,68,69,9,nan,nan,0.00
11/10/2025 23:55:59,1.17.2,Bandit80,13,3.98,nan,20,80,20,RightinTimeout,Left,70,68,69,9,nan,nan,0.00
11/11/2025 0:03:32,1.17.2,Bandit80,13,3.98,nan,20,80,20,Right,Left,70,69,69,9,nan,nan,0.13
11/11/2025 0:04:09,1.17.2,Bandit80,13,3.98,nan,20,80,20,Left,Left,71,69,69,9,nan,nan,0.07
11/11/2025 0:04:10,1.17.2,Bandit80,13,3.98,1,20,80,20,Pellet,Left,71,69,70,9,0.41,653,nan
11/11/2025 0:04:24,1.17.2,Bandit80,13,3.98,nan,20,80,20,Left,Left,72,69,70,10,nan,nan,0.14
11/11/2025 0:04:25,1.17.2,Bandit80,13,3.98,1,20,80,20,Pellet,Left,72,69,71,10,0.53,15,nan
11/11/2025 0:04:33,1.17.2,Bandit80,13,3.98,nan,20,80,20,Left,Left,73,69,71,11,nan,nan,0.02
11/11/2025 0:04:35,1.17.2,Bandit80,13,3.98,nan,20,80,20,LeftinTimeOut,Left,73,69,71,11,nan,nan,nan
11/11/2025 0:12:16,1.17.2,Bandit80,13,3.98,nan,20,80,20,Left,Left,74,69,71,11,nan,nan,0.08
11/11/2025 0:12:17,1.17.2,Bandit80,13,3.98,2,20,80,20,Pellet,Left,74,69,72,11,0.83,472,nan
11/11/2025 0:18:43,1.17.2,Bandit80,13,3.98,nan,20,80,20,Left,Left,75,69,72,12,nan,nan,0.30
11/11/2025 0:18:46,1.17.2,Bandit80,13,3.98,1,20,80,20,Pellet,Left,75,69,73,12,2.15,389,nan
11/11/2025 0:18:53,1.17.2,Bandit80,13,3.98,nan,20,80,20,Left,Left,76,69,73,13,nan,nan,0.12
11/11/2025 0:18:56,1.17.2,Bandit80,13,3.98,1,20,80,20,Pellet,Left,76,69,74,13,1.61,10,nan
11/11/2025 0:19:07,1.17.2,Bandit80,13,3.98,nan,20,80,20,Left,Left,77,69,74,14,nan,nan,0.06
11/11/2025 0:19:57,1.17.2,Bandit80,13,3.98,1,20,80,20,Pellet,Left,77,69,75,14,48.77,61,nan
11/11/2025 0:20:04,1.17.2,Bandit80,13,3.98,nan,20,80,20,Right,Left,77,70,75,15,nan,nan,0.38
11/11/2025 0:26:24,1.17.2,Bandit80,13,3.98,nan,20,80,20,Left,Left,78,70,75,15,nan,nan,0.09
11/11/2025 0:26:27,1.17.2,Bandit80,13,3.98,1,20,80,20,Pellet,Left,78,70,76,15,1.61,390,nan
11/11/2025 0:26:45,1.17.2,Bandit80,13,3.98,nan,20,80,20,Left,Left,79,70,76,16,nan,nan,0.00
11/11/2025 0:26:49,1.17.2,Bandit80,13,3.98,1,20,80,20,Pellet,Left,79,70,77,16,2.69,22,nan
11/11/2025 0:26:55,1.17.2,Bandit80,13,3.98,nan,20,80,20,Right,Left,79,71,77,17,nan,nan,0.11
11/11/2025 0:26:56,1.17.2,Bandit80,13,3.98,nan,20,80,20,RightinTimeout,Left,79,71,77,17,nan,nan,0.00
11/11/2025 0:26:57,1.17.2,Bandit80,13,3.98,nan,20,80,20,RightinTimeout,Left,79,71,77,17,nan,nan,0.00
11/11/2025 0:43:14,1.17.2,Bandit80,13,3.98,nan,20,80,20,Left,Left,80,71,77,17,nan,nan,0.06
11/11/2025 0:43:17,1.17.2,Bandit80,13,3.99,nan,20,80,20,LeftWithPellet,Left,80,71,77,17,nan,nan,0.21
11/11/2025 0:43:18,1.17.2,Bandit80,13,3.98,1,20,80,20,Pellet,Left,80,71,78,17,4.16,989,nan
11/11/2025 0:43:29,1.17.2,Bandit80,13,3.98,nan,20,80,20,Right,Left,80,72,78,18,nan,nan,0.10
11/11/2025 0:43:30,1.17.2,Bandit80,13,3.98,nan,20,80,20,RightinTimeout,Left,80,72,78,18,nan,nan,0.00
11/11/2025 0:43:30,1.17.2,Bandit80,13,3.98,nan,20,80,20,RightinTimeout,Left,80,72,78,18,nan,nan,0.00
11/11/2025 1:57:57,1.17.2,Bandit80,13,3.98,nan,20,80,20,Left,Left,81,72,78,18,nan,nan,0.19
11/11/2025 1:58:00,1.17.2,Bandit80,13,3.98,1,20,80,20,Pellet,Left,81,72,79,18,2.09,4482,nan
11/11/2025 1:58:21,1.17.2,Bandit80,13,3.98,nan,20,80,20,Left,Left,82,72,79,19,nan,nan,0.06
11/11/2025 1:58:22,1.17.2,Bandit80,13,3.98,1,20,80,20,Pellet,Left,82,72,80,19,0.41,22,nan
11/11/2025 1:58:47,1.17.2,Bandit80,13,3.98,nan,20,20,80,Left,Right,83,72,80,0,nan,nan,0.63
11/11/2025 1:58:50,1.17.2,Bandit80,13,3.98,nan,20,20,80,LeftinTimeOut,Right,83,72,80,0,nan,nan,nan
11/11/2025 1:58:53,1.17.2,Bandit80,13,3.98,nan,20,20,80,LeftinTimeOut,Right,83,72,80,0,nan,nan,nan
11/11/2025 1:59:01,1.17.2,Bandit80,13,3.98,nan,20,20,80,LeftinTimeOut,Right,83,72,80,0,nan,nan,nan
11/11/2025 2:07:56,1.17.2,Bandit80,13,3.98,nan,20,20,80,Left,Right,84,72,80,0,nan,nan,0.53
11/11/2025 2:07:58,1.17.2,Bandit80,13,3.98,nan,20,20,80,LeftinTimeOut,Right,84,72,80,0,nan,nan,nan
11/11/2025 2:07:59,1.17.2,Bandit80,13,3.98,nan,20,20,80,LeftinTimeOut,Right,84,72,80,0,nan,nan,nan
11/11/2025 2:19:20,1.17.2,Bandit80,13,3.98,nan,20,20,80,Left,Right,85,72,80,0,nan,nan,0.24
11/11/2025 2:19:21,1.17.2,Bandit80,13,3.98,nan,20,20,80,LeftinTimeOut,Right,85,72,80,0,nan,nan,nan
11/11/2025 2:19:24,1.17.2,Bandit80,13,3.98,nan,20,20,80,LeftinTimeOut,Right,85,72,80,0,nan,nan,nan
11/11/2025 2:19:25,1.17.2,Bandit80,13,3.98,nan,20,20,80,LeftinTimeOut,Right,85,72,80,0,nan,nan,nan
11/11/2025 2:19:33,1.17.2,Bandit80,13,3.98,nan,20,20,80,LeftinTimeOut,Right,85,72,80,0,nan,nan,nan
11/11/2025 2:19:52,1.17.2,Bandit80,13,3.98,nan,20,20,80,Right,Right,85,73,80,0,nan,nan,0.48
11/11/2025 2:20:03,1.17.2,Bandit80,13,3.98,nan,20,20,80,Left,Right,86,73,80,0,nan,nan,0.07
11/11/2025 2:20:07,1.17.2,Bandit80,13,3.98,nan,20,20,80,RightinTimeout,Right,86,73,80,0,nan,nan,0.00
11/11/2025 2:20:10,1.17.2,Bandit80,13,3.98,nan,20,20,80,LeftinTimeOut,Right,86,73,80,0,nan,nan,nan
11/11/2025 2:20:12,1.17.2,Bandit80,13,3.98,nan,20,20,80,LeftinTimeOut,Right,86,73,80,0,nan,nan,nan
11/11/2025 2:20:13,1.17.2,Bandit80,13,3.98,nan,20,20,80,LeftinTimeOut,Right,86,73,80,0,nan,nan,nan
11/11/2025 2:20:14,1.17.2,Bandit80,13,3.98,nan,20,20,80,LeftinTimeOut,Right,86,73,80,0,nan,nan,nan
11/11/2025 2:20:15,1.17.2,Bandit80,13,3.98,nan,20,20,80,LeftinTimeOut,Right,86,73,80,0,nan,nan,nan
11/11/2025 2:20:17,1.17.2,Bandit80,13,3.98,nan,20,20,80,LeftinTimeOut,Right,86,73,80,0,nan,nan,nan
11/11/2025 2:20:38,1.17.2,Bandit80,13,3.98,nan,20,20,80,Left,Right,87,73,80,0,nan,nan,0.02
11/11/2025 2:20:39,1.17.2,Bandit80,13,3.98,1,20,20,80,Pellet,Right,87,73,81,0,0.77,1337,nan
11/11/2025 2:21:38,1.17.2,Bandit80,13,3.98,nan,20,20,80,Right,Right,87,74,81,1,nan,nan,0.03
11/11/2025 2:21:41,1.17.2,Bandit80,13,3.98,1,20,20,80,Pellet,Right,87,74,82,1,1.55,62,nan
11/11/2025 2:22:13,1.17.2,Bandit80,13,3.98,nan,20,20,80,Right,Right,87,75,82,2,nan,nan,0.17
11/11/2025 2:22:15,1.17.2,Bandit80,13,3.98,1,20,20,80,Pellet,Right,87,75,83,2,1.19,34,nan
11/11/2025 2:22:31,1.17.2,Bandit80,13,3.98,nan,20,20,80,Right,Right,87,76,83,3,nan,nan,0.56
11/11/2025 2:22:32,1.17.2,Bandit80,13,3.98,1,20,20,80,Pellet,Right,87,76,84,3,0.06,17,nan
11/11/2025 2:22:42,1.17.2,Bandit80,13,3.98,nan,20,20,80,Right,Right,87,77,84,4,nan,nan,0.13
11/11/2025 2:22:43,1.17.2,Bandit80,13,3.98,1,20,20,80,Pellet,Right,87,77,85,4,0.06,11,nan
11/11/2025 2:22:57,1.17.2,Bandit80,13,3.98,nan,20,20,80,Right,Right,87,78,85,5,nan,nan,0.13
11/11/2025 2:22:59,1.17.2,Bandit80,13,3.98,2,20,20,80,Pellet,Right,87,78,86,5,1.13,16,nan
11/11/2025 2:34:09,1.17.2,Bandit80,13,3.98,nan,20,20,80,Left,Right,88,78,86,6,nan,nan,0.14
11/11/2025 2:34:10,1.17.2,Bandit80,13,3.98,1,20,20,80,Pellet,Right,88,78,87,6,0.47,671,nan
11/11/2025 2:34:40,1.17.2,Bandit80,13,3.98,nan,20,20,80,Left,Right,89,78,87,7,nan,nan,0.10
11/11/2025 2:34:43,1.17.2,Bandit80,13,3.98,nan,20,20,80,LeftinTimeOut,Right,89,78,87,7,nan,nan,nan
11/11/2025 2:36:00,1.17.2,Bandit80,13,3.98,nan,20,20,80,Right,Right,89,79,87,7,nan,nan,0.25
11/11/2025 2:36:03,1.17.2,Bandit80,13,3.98,2,20,20,80,Pellet,Right,89,79,88,7,0.06,113,nan
11/11/2025 2:36:14,1.17.2,Bandit80,13,3.98,nan,20,20,80,Right,Right,89,80,88,8,nan,nan,0.05
11/11/2025 2:36:16,1.17.2,Bandit80,13,3.98,1,20,20,80,Pellet,Right,89,80,89,8,1.13,13,nan
11/11/2025 2:36:24,1.17.2,Bandit80,13,3.98,nan,20,20,80,Right,Right,89,81,89,9,nan,nan,0.03
11/11/2025 2:36:26,1.17.2,Bandit80,13,3.98,1,20,20,80,Pellet,Right,89,81,90,9,1.07,9,nan
11/11/2025 2:36:40,1.17.2,Bandit80,13,3.98,nan,20,20,80,Right,Right,89,82,90,10,nan,nan,0.07
11/11/2025 2:36:42,1.17.2,Bandit80,13,3.98,1,20,20,80,Pellet,Right,89,82,91,10,0.77,17,nan
11/11/2025 2:38:55,1.17.2,Bandit80,13,3.98,nan,20,20,80,Right,Right,89,83,91,11,nan,nan,0.14
11/11/2025 2:38:57,1.17.2,Bandit80,13,3.98,1,20,20,80,Pellet,Right,89,83,92,11,0.95,135,nan
11/11/2025 2:39:05,1.17.2,Bandit80,13,3.98,nan,20,20,80,Right,Right,89,84,92,12,nan,nan,0.03
11/11/2025 2:39:06,1.17.2,Bandit80,13,3.97,1,20,20,80,Pellet,Right,89,84,93,12,1.01,9,nan
11/11/2025 2:44:34,1.17.2,Bandit80,13,3.98,nan,20,20,80,Right,Right,89,85,93,13,nan,nan,0.10
11/11/2025 2:44:36,1.17.2,Bandit80,13,3.98,1,20,20,80,Pellet,Right,89,85,94,13,1.49,330,nan
11/11/2025 2:49:07,1.17.2,Bandit80,13,3.98,nan,20,20,80,Left,Right,90,85,94,14,nan,nan,0.06
11/11/2025 2:49:08,1.17.2,Bandit80,13,3.98,nan,20,20,80,LeftinTimeOut,Right,90,85,94,14,nan,nan,nan
11/11/2025 2:49:10,1.17.2,Bandit80,13,3.97,nan,20,20,80,LeftinTimeOut,Right,90,85,94,14,nan,nan,nan
11/11/2025 2:51:38,1.17.2,Bandit80,13,3.98,nan,20,20,80,Right,Right,90,86,94,14,nan,nan,0.11
11/11/2025 2:51:39,1.17.2,Bandit80,13,3.97,nan,20,20,80,RightDuringDispense,Right,90,86,94,14,nan,nan,0.00
11/11/2025 2:51:42,1.17.2,Bandit80,13,3.98,2,20,20,80,Pellet,Right,90,86,95,14,0.06,426,nan
11/11/2025 2:51:58,1.17.2,Bandit80,13,3.97,nan,20,20,80,Right,Right,90,87,95,15,nan,nan,0.16
11/11/2025 2:51:59,1.17.2,Bandit80,13,3.98,1,20,20,80,Pellet,Right,90,87,96,15,0.65,17,nan
11/11/2025 2:52:23,1.17.2,Bandit80,13,3.98,nan,20,20,80,Left,Right,91,87,96,16,nan,nan,0.08
11/11/2025 2:52:30,1.17.2,Bandit80,13,3.97,nan,20,20,80,LeftinTimeOut,Right,91,87,96,16,nan,nan,nan
11/11/2025 2:52:35,1.17.2,Bandit80,13,3.98,nan,20,20,80,RightinTimeout,Right,91,87,96,16,nan,nan,0.00
11/11/2025 2:59:39,1.17.2,Bandit80,13,3.98,nan,20,20,80,Right,Right,91,88,96,16,nan,nan,0.57
11/11/2025 2:59:41,1.17.2,Bandit80,13,3.98,1,20,20,80,Pellet,Right,91,88,97,16,0.83,462,nan
11/11/2025 3:00:02,1.17.2,Bandit80,13,3.97,nan,20,20,80,Right,Right,91,89,97,17,nan,nan,0.09
11/11/2025 3:00:07,1.17.2,Bandit80,13,3.98,nan,20,20,80,RightinTimeout,Right,91,89,97,17,nan,nan,0.00
11/11/2025 3:00:09,1.17.2,Bandit80,13,3.98,nan,20,20,80,RightinTimeout,Right,91,89,97,17,nan,nan,0.00
11/11/2025 3:00:11,1.17.2,Bandit80,13,3.98,nan,20,20,80,RightinTimeout,Right,91,89,97,17,nan,nan,0.00
11/11/2025 3:07:36,1.17.2,Bandit80,13,3.98,nan,20,20,80,Left,Right,92,89,97,17,nan,nan,0.22
11/11/2025 3:07:49,1.17.2,Bandit80,13,3.98,nan,20,20,80,Right,Right,92,90,97,17,nan,nan,0.11
11/11/2025 3:13:33,1.17.2,Bandit80,13,3.98,nan,20,20,80,Right,Right,92,91,97,17,nan,nan,0.10
11/11/2025 3:13:35,1.17.2,Bandit80,13,3.98,1,20,20,80,Pellet,Right,92,91,98,17,1.01,834,nan
11/11/2025 3:15:15,1.17.2,Bandit80,13,3.98,nan,20,20,80,Right,Right,92,92,98,18,nan,nan,0.08
11/11/2025 3:15:16,1.17.2,Bandit80,13,3.98,nan,20,20,80,RightinTimeout,Right,92,92,98,18,nan,nan,0.00
11/11/2025 3:15:24,1.17.2,Bandit80,13,3.98,nan,20,20,80,RightinTimeout,Right,92,92,98,18,nan,nan,0.00
11/11/2025 3:15:40,1.17.2,Bandit80,13,3.98,nan,20,20,80,Left,Right,93,92,98,18,nan,nan,0.03
11/11/2025 3:15:42,1.17.2,Bandit80,13,3.98,nan,20,20,80,LeftinTimeOut,Right,93,92,98,18,nan,nan,nan
11/11/2025 3:15:48,1.17.2,Bandit80,13,3.97,nan,20,20,80,RightinTimeout,Right,93,92,98,18,nan,nan,0.00
11/11/2025 3:21:51,1.17.2,Bandit80,13,3.98,nan,20,20,80,Right,Right,93,93,98,18,nan,nan,0.27
11/11/2025 3:21:53,1.17.2,Bandit80,13,3.98,1,20,20,80,Pellet,Right,93,93,99,18,0.71,497,nan
11/11/2025 3:22:09,1.17.2,Bandit80,13,3.98,nan,20,20,80,Right,Right,93,94,99,19,nan,nan,0.01
11/11/2025 3:22:11,1.17.2,Bandit80,13,3.98,1,20,20,80,Pellet,Right,93,94,100,19,0.95,19,nan
11/11/2025 3:22:21,1.17.2,Bandit80,13,3.98,nan,20,80,20,Right,Left,93,95,100,0,nan,nan,0.18
11/11/2025 3:22:35,1.17.2,Bandit80,13,3.98,nan,20,80,20,Left,Left,94,95,100,0,nan,nan,0.11
11/11/2025 3:22:45,1.17.2,Bandit80,13,3.98,nan,20,80,20,RightWithPellet,Left,94,96,100,0,nan,nan,0.01
11/11/2025 3:22:47,1.17.2,Bandit80,13,3.98,nan,20,80,20,RightWithPellet,Left,94,97,100,0,nan,nan,0.10
11/11/2025 3:22:49,1.17.2,Bandit80,13,3.98,nan,20,80,20,RightWithPellet,Left,94,98,100,0,nan,nan,0.31
11/11/2025 3:22:50,1.17.2,Bandit80,13,3.98,nan,20,80,20,RightWithPellet,Left,94,99,100,0,nan,nan,0.14
11/11/2025 3:34:02,1.17.2,Bandit80,13,3.97,1,20,80,20,Pellet,Left,94,99,101,0,Timed_out,711,nan
11/11/2025 3:34:19,1.17.2,Bandit80,13,3.97,nan,20,80,20,Left,Left,95,99,101,1,nan,nan,0.05
11/11/2025 3:34:20,1.17.2,Bandit80,13,3.98,nan,20,80,20,LeftinTimeOut,Left,95,99,101,1,nan,nan,nan
11/11/2025 3:34:22,1.17.2,Bandit80,13,3.98,nan,20,80,20,LeftinTimeOut,Left,95,99,101,1,nan,nan,nan
11/11/2025 3:34:25,1.17.2,Bandit80,13,3.98,nan,20,80,20,LeftinTimeOut,Left,95,99,101,1,nan,nan,nan
11/11/2025 4:24:01,1.17.2,Bandit80,13,3.98,nan,20,80,20,Left,Left,96,99,101,1,nan,nan,0.45
11/11/2025 4:24:03,1.17.2,Bandit80,13,3.98,1,20,80,20,Pellet,Left,96,99,102,1,0.35,3000,nan
11/11/2025 4:24:20,1.17.2,Bandit80,13,3.98,nan,20,80,20,Left,Left,97,99,102,2,nan,nan,0.07
11/11/2025 4:24:21,1.17.2,Bandit80,13,3.98,1,20,80,20,Pellet,Left,97,99,103,2,0.41,19,nan
11/11/2025 4:24:39,1.17.2,Bandit80,13,3.97,nan,20,80,20,Left,Left,98,99,103,3,nan,nan,0.04
11/11/2025 4:24:40,1.17.2,Bandit80,13,3.98,2,20,80,20,Pellet,Left,98,99,104,3,0.29,19,nan
11/11/2025 4:25:07,1.17.2,Bandit80,13,3.97,nan,20,80,20,Left,Left,99,99,104,4,nan,nan,0.67
11/11/2025 4:25:08,1.17.2,Bandit80,13,3.98,1,20,80,20,Pellet,Left,99,99,105,4,0.47,28,nan
11/11/2025 4:25:41,1.17.2,Bandit80,13,3.98,nan,20,80,20,Left,Left,100,99,105,5,nan,nan,0.13
11/11/2025 4:25:42,1.17.2,Bandit80,13,3.97,1,20,80,20,Pellet,Left,100,99,106,5,0.83,34,nan
11/11/2025 4:25:56,1.17.2,Bandit80,13,3.97,nan,20,80,20,Left,Left,101,99,106,6,nan,nan,0.47
11/11/2025 4:26:00,1.17.2,Bandit80,13,3.97,nan,20,80,20,LeftinTimeOut,Left,101,99,106,6,nan,nan,nan
11/11/2025 4:26:04,1.17.2,Bandit80,13,3.98,nan,20,80,20,LeftinTimeOut,Left,101,99,106,6,nan,nan,nan
11/11/2025 4:26:07,1.17.2,Bandit80,13,3.97,nan,20,80,20,LeftinTimeOut,Left,101,99,106,6,nan,nan,nan
11/11/2025 4:26:09,1.17.2,Bandit80,13,3.97,nan,20,80,20,LeftinTimeOut,Left,101,99,106,6,nan,nan,nan
11/11/2025 4:33:13,1.17.2,Bandit80,13,3.97,nan,20,80,20,Left,Left,102,99,106,6,nan,nan,0.18
11/11/2025 4:33:15,1.17.2,Bandit80,13,3.96,1,20,80,20,Pellet,Left,102,99,107,6,0.47,452,nan
11/11/2025 4:33:23,1.17.2,Bandit80,13,3.97,nan,20,80,20,Left,Left,103,99,107,7,nan,nan,0.06
11/11/2025 4:33:25,1.17.2,Bandit80,13,3.97,1,20,80,20,Pellet,Left,103,99,108,7,1.49,11,nan
11/11/2025 4:33:50,1.17.2,Bandit80,13,3.98,nan,20,80,20,Left,Left,104,99,108,8,nan,nan,0.48
11/11/2025 4:33:51,1.17.2,Bandit80,13,3.98,nan,20,80,20,LeftinTimeOut,Left,104,99,108,8,nan,nan,nan
11/11/2025 4:37:01,1.17.2,Bandit80,13,3.97,nan,20,80,20,Right,Left,104,100,108,8,nan,nan,0.16
11/11/2025 4:37:03,1.17.2,Bandit80,13,3.97,1,20,80,20,Pellet,Left,104,100,109,8,1.01,218,nan
11/11/2025 4:38:41,1.17.2,Bandit80,13,3.97,nan,20,80,20,Left,Left,105,100,109,9,nan,nan,0.13
11/11/2025 4:38:42,1.17.2,Bandit80,13,3.98,1,20,80,20,Pellet,Left,105,100,110,9,0.59,99,nan
11/11/2025 4:41:24,1.17.2,Bandit80,13,3.97,nan,20,80,20,Right,Left,105,101,110,10,nan,nan,0.22
11/11/2025 4:41:36,1.17.2,Bandit80,13,3.98,nan,20,80,20,Right,Left,105,102,110,10,nan,nan,0.18
11/11/2025 4:41:37,1.17.2,Bandit80,13,3.97,nan,20,80,20,RightinTimeout,Left,105,102,110,10,nan,nan,0.00
11/11/2025 4:41:43,1.17.2,Bandit80,13,3.97,nan,20,80,20,RightinTimeout,Left,105,102,110,10,nan,nan,0.00
11/11/2025 4:41:55,1.17.2,Bandit80,13,3.97,nan,20,80,20,Right,Left,105,103,110,10,nan,nan,0.17
11/11/2025 4:48:08,1.17.2,Bandit80,13,3.97,nan,20,80,20,Right,Left,105,104,110,10,nan,nan,0.31
11/11/2025 4:48:14,1.17.2,Bandit80,13,3.97,nan,20,80,20,LeftinTimeOut,Left,105,104,110,10,nan,nan,nan
11/11/2025 4:48:17,1.17.2,Bandit80,13,3.97,nan,20,80,20,RightinTimeout,Left,105,104,110,10,nan,nan,0.00
11/11/2025 4:48:28,1.17.2,Bandit80,13,3.97,nan,20,80,20,Right,Left,105,105,110,10,nan,nan,0.08
11/11/2025 4:52:13,1.17.2,Bandit80,13,3.97,nan,20,80,20,Right,Left,105,106,110,10,nan,nan,0.16
11/11/2025 5:06:43,1.17.2,Bandit80,13,3.97,nan,20,80,20,Right,Left,105,107,110,10,nan,nan,0.35
11/11/2025 5:14:34,1.17.2,Bandit80,13,3.96,nan,20,80,20,Right,Left,105,108,110,10,nan,nan,0.11
11/11/2025 5:15:11,1.17.2,Bandit80,13,3.97,nan,20,80,20,Left,Left,106,108,110,10,nan,nan,0.30
11/11/2025 5:15:14,1.17.2,Bandit80,13,3.97,2,20,80,20,Pellet,Left,106,108,111,10,0.59,2192,nan
11/11/2025 5:15:32,1.17.2,Bandit80,13,3.97,nan,20,80,20,Left,Left,107,108,111,11,nan,nan,0.21
11/11/2025 5:15:34,1.17.2,Bandit80,13,3.98,1,20,80,20,Pellet,Left,107,108,112,11,0.47,20,nan
11/11/2025 5:15:49,1.17.2,Bandit80,13,3.97,nan,20,80,20,Left,Left,108,108,112,12,nan,nan,0.18
11/11/2025 5:15:50,1.17.2,Bandit80,13,3.97,1,20,80,20,Pellet,Left,108,108,113,12,0.71,16,nan
11/11/2025 5:16:05,1.17.2,Bandit80,13,3.97,nan,20,80,20,Left,Left,109,108,113,13,nan,nan,0.10
11/11/2025 5:16:06,1.17.2,Bandit80,13,3.97,nan,20,80,20,LeftinTimeOut,Left,109,108,113,13,nan,nan,nan
11/11/2025 5:16:13,1.17.2,Bandit80,13,3.97,nan,20,80,20,RightinTimeout,Left,109,108,113,13,nan,nan,0.00
11/11/2025 5:16:14,1.17.2,Bandit80,13,3.97,nan,20,80,20,RightinTimeout,Left,109,108,113,13,nan,nan,0.00
11/11/2025 5:18:22,1.17.2,Bandit80,13,3.98,nan,20,80,20,Right,Left,109,109,113,13,nan,nan,0.08
11/11/2025 5:18:25,1.17.2,Bandit80,13,3.97,nan,20,80,20,RightinTimeout,Left,109,109,113,13,nan,nan,0.00
11/11/2025 5:18:27,1.17.2,Bandit80,13,3.96,nan,20,80,20,RightinTimeout,Left,109,109,113,13,nan,nan,0.00
11/11/2025 5:21:19,1.17.2,Bandit80,13,3.97,nan,20,80,20,Right,Left,109,110,113,13,nan,nan,0.05
11/11/2025 5:21:28,1.17.2,Bandit80,13,3.97,nan,20,80,20,RightinTimeout,Left,109,110,113,13,nan,nan,0.00
11/11/2025 5:35:14,1.17.2,Bandit80,13,3.97,nan,20,80,20,Left,Left,110,110,113,13,nan,nan,0.05
11/11/2025 5:35:23,1.17.2,Bandit80,13,3.97,nan,20,80,20,RightinTimeout,Left,110,110,113,13,nan,nan,0.00
11/11/2025 5:38:16,1.17.2,Bandit80,13,3.97,nan,20,80,20,Left,Left,111,110,113,13,nan,nan,0.26
11/11/2025 5:38:18,1.17.2,Bandit80,13,3.97,1,20,80,20,Pellet,Left,111,110,114,13,0.41,1348,nan
11/11/2025 5:38:38,1.17.2,Bandit80,13,3.97,nan,20,80,20,Left,Left,112,110,114,14,nan,nan,0.12
11/11/2025 5:38:39,1.17.2,Bandit80,13,3.97,1,20,80,20,Pellet,Left,112,110,115,14,0.06,21,nan
11/11/2025 5:38:47,1.17.2,Bandit80,13,3.97,nan,20,80,20,Left,Left,113,110,115,15,nan,nan,0.06
11/11/2025 5:38:49,1.17.2,Bandit80,13,3.97,1,20,80,20,Pellet,Left,113,110,116,15,0.53,10,nan
11/11/2025 5:39:03,1.17.2,Bandit80,13,3.97,nan,20,80,20,Left,Left,114,110,116,16,nan,nan,0.08
11/11/2025 6:07:10,1.17.2,Bandit80,13,3.97,nan,20,80,20,Left,Left,115,110,116,16,nan,nan,0.04
11/11/2025 6:10:42,1.17.2,Bandit80,13,3.97,nan,20,80,20,Right,Left,115,111,116,16,nan,nan,0.30
11/11/2025 6:10:46,1.17.2,Bandit80,13,3.97,nan,20,80,20,RightinTimeout,Left,115,111,116,16,nan,nan,0.00
11/11/2025 6:50:39,1.17.2,Bandit80,13,3.97,nan,20,80,20,Left,Left,116,111,116,16,nan,nan,0.09
11/11/2025 6:50:40,1.17.2,Bandit80,13,3.97,nan,20,80,20,LeftinTimeOut,Left,116,111,116,16,nan,nan,nan
11/11/2025 6:50:42,1.17.2,Bandit80,13,3.97,nan,20,80,20,LeftinTimeOut,Left,116,111,116,16,nan,nan,nan
11/11/2025 6:50:44,1.17.2,Bandit80,13,3.97,nan,20,80,20,LeftinTimeOut,Left,116,111,116,16,nan,nan,nan
11/11/2025 6:58:33,1.17.2,Bandit80,13,3.97,nan,20,80,20,Left,Left,117,111,116,16,nan,nan,0.43
11/11/2025 6:58:39,1.17.2,Bandit80,13,3.97,3,20,80,20,Pellet,Left,117,111,117,16,0.95,4790,nan
11/11/2025 6:58:54,1.17.2,Bandit80,13,3.96,nan,20,80,20,Left,Left,118,111,117,17,nan,nan,0.10
11/11/2025 6:58:59,1.17.2,Bandit80,13,3.97,nan,20,80,20,LeftinTimeOut,Left,118,111,117,17,nan,nan,nan
11/11/2025 6:59:01,1.17.2,Bandit80,13,3.97,nan,20,80,20,LeftinTimeOut,Left,118,111,117,17,nan,nan,nan
11/11/2025 6:59:03,1.17.2,Bandit80,13,3.96,nan,20,80,20,LeftinTimeOut,Left,118,111,117,17,nan,nan,nan
11/11/2025 6:59:05,1.17.2,Bandit80,13,3.97,nan,20,80,20,LeftinTimeOut,Left,118,111,117,17,nan,nan,nan
11/11/2025 6:59:07,1.17.2,Bandit80,13,3.96,nan,20,80,20,LeftinTimeOut,Left,118,111,117,17,nan,nan,nan
11/11/2025 6:59:08,1.17.2,Bandit80,13,3.97,nan,20,80,20,LeftinTimeOut,Left,118,111,117,17,nan,nan,nan
11/11/2025 7:01:22,1.17.2,Bandit80,13,3.97,nan,20,80,20,Right,Left,118,112,117,17,nan,nan,0.38
11/11/2025 7:02:20,1.17.2,Bandit80,13,3.96,nan,20,80,20,Left,Left,119,112,117,17,nan,nan,0.03
11/11/2025 7:02:27,1.17.2,Bandit80,13,3.96,nan,20,80,20,LeftinTimeOut,Left,119,112,117,17,nan,nan,nan
11/11/2025 8:36:53,1.17.2,Bandit80,13,3.96,nan,20,80,20,Left,Left,120,112,117,17,nan,nan,0.14
11/11/2025 8:36:55,1.17.2,Bandit80,13,3.96,1,20,80,20,Pellet,Left,120,112,118,17,0.83,5895,nan
11/11/2025 8:37:14,1.17.2,Bandit80,13,3.96,nan,20,80,20,Left,Left,121,112,118,18,nan,nan,0.04
11/11/2025 8:37:15,1.17.2,Bandit80,13,3.96,2,20,80,20,Pellet,Left,121,112,119,18,0.06,21,nan
11/11/2025 8:37:32,1.17.2,Bandit80,13,3.97,nan,20,80,20,Left,Left,122,112,119,19,nan,nan,0.02
11/11/2025 8:37:34,1.17.2,Bandit80,13,3.96,1,20,80,20,Pellet,Left,122,112,120,19,0.95,19,nan
11/11/2025 8:37:50,1.17.2,Bandit80,13,3.96,nan,20,20,80,Left,Right,123,112,120,0,nan,nan,0.56
11/11/2025 8:37:52,1.17.2,Bandit80,13,3.96,nan,20,20,80,LeftinTimeOut,Right,123,112,120,0,nan,nan,nan
11/11/2025 8:37:56,1.17.2,Bandit80,13,3.97,nan,20,20,80,LeftinTimeOut,Right,123,112,120,0,nan,nan,nan
11/11/2025 8:37:59,1.17.2,Bandit80,13,3.96,nan,20,20,80,LeftinTimeOut,Right,123,112,120,0,nan,nan,nan
11/11/2025 8:38:08,1.17.2,Bandit80,13,3.96,nan,20,20,80,LeftinTimeOut,Right,123,112,120,0,nan,nan,nan
11/11/2025 8:38:09,1.17.2,Bandit80,13,3.97,nan,20,20,80,LeftinTimeOut,Right,123,112,120,0,nan,nan,nan
11/11/2025 8:38:14,1.17.2,Bandit80,13,3.96,nan,20,20,80,LeftinTimeOut,Right,123,112,120,0,nan,nan,nan
11/11/2025 8:38:19,1.17.2,Bandit80,13,3.96,nan,20,20,80,LeftinTimeOut,Right,123,112,120,0,nan,nan,nan
11/11/2025 9:19:34,1.17.2,Bandit80,13,3.96,nan,20,20,80,Left,Right,124,112,120,0,nan,nan,0.19
11/11/2025 9:19:37,1.17.2,Bandit80,13,3.96,nan,20,20,80,LeftinTimeOut,Right,124,112,120,0,nan,nan,nan
11/11/2025 9:19:39,1.17.2,Bandit80,13,3.96,nan,20,20,80,LeftinTimeOut,Right,124,112,120,0,nan,nan,nan
11/11/2025 10:02:27,1.17.2,Bandit80,13,3.96,nan,20,20,80,Left,Right,125,112,120,0,nan,nan,0.62
11/11/2025 10:02:29,1.17.2,Bandit80,13,3.96,nan,20,20,80,LeftinTimeOut,Right,125,112,120,0,nan,nan,nan
11/11/2025 10:02:30,1.17.2,Bandit80,13,3.96,nan,20,20,80,LeftinTimeOut,Right,125,112,120,0,nan,nan,nan
11/11/2025 10:02:33,1.17.2,Bandit80,13,3.97,nan,20,20,80,LeftinTimeOut,Right,125,112,120,0,nan,nan,nan
11/11/2025 10:02:48,1.17.2,Bandit80,13,3.96,nan,20,20,80,Right,Right,125,113,120,0,nan,nan,0.43
11/11/2025 10:02:50,1.17.2,Bandit80,13,3.96,1,20,20,80,Pellet,Right,125,113,121,0,0.65,5116,nan
11/11/2025 10:03:05,1.17.2,Bandit80,13,3.96,nan,20,20,80,Right,Right,125,114,121,1,nan,nan,0.35
11/11/2025 10:03:06,1.17.2,Bandit80,13,3.96,nan,20,20,80,RightDuringDispense,Right,125,114,121,1,nan,nan,0.04
11/11/2025 10:03:09,1.17.2,Bandit80,13,3.96,2,20,20,80,Pellet,Right,125,114,122,1,0.83,19,nan
11/11/2025 10:03:24,1.17.2,Bandit80,13,3.96,nan,20,20,80,Right,Right,125,115,122,2,nan,nan,0.12
11/11/2025 10:03:24,1.17.2,Bandit80,13,3.96,nan,20,20,80,RightDuringDispense,Right,125,115,122,2,nan,nan,0.11
11/11/2025 10:03:27,1.17.2,Bandit80,13,3.96,2,20,20,80,Pellet,Right,125,115,123,2,0.06,18,nan
11/11/2025 10:03:38,1.17.2,Bandit80,13,3.96,nan,20,20,80,Right,Right,125,116,123,3,nan,nan,0.97
11/11/2025 10:03:40,1.17.2,Bandit80,13,3.96,nan,20,20,80,RightinTimeout,Right,125,116,123,3,nan,nan,0.00
11/11/2025 10:03:40,1.17.2,Bandit80,13,3.96,nan,20,20,80,RightinTimeout,Right,125,116,123,3,nan,nan,0.00
11/11/2025 10:03:42,1.17.2,Bandit80,13,3.96,nan,20,20,80,RightinTimeout,Right,125,116,123,3,nan,nan,0.00
11/11/2025 10:08:05,1.17.2,Bandit80,13,3.96,nan,20,20,80,Right,Right,125,117,123,3,nan,nan,0.09
11/11/2025 10:08:07,1.17.2,Bandit80,13,3.96,1,20,20,80,Pellet,Right,125,117,124,3,0.65,279,nan
11/11/2025 10:08:33,1.17.2,Bandit80,13,3.96,nan,20,20,80,Right,Right,125,118,124,4,nan,nan,0.17
11/11/2025 11:59:05,1.17.2,Bandit80,13,3.96,nan,20,20,80,Left,Right,126,118,124,4,nan,nan,0.26
11/11/2025 11:59:07,1.17.2,Bandit80,13,3.96,nan,20,20,80,LeftinTimeOut,Right,126,118,124,4,nan,nan,nan
11/11/2025 11:59:09,1.17.2,Bandit80,13,3.95,nan,20,20,80,LeftinTimeOut,Right,126,118,124,4,nan,nan,nan
11/11/2025 11:59:12,1.17.2,Bandit80,13,3.96,nan,20,20,80,LeftinTimeOut,Right,126,118,124,4,nan,nan,nan
11/11/2025 11:59:14,1.17.2,Bandit80,13,3.96,nan,20,20,80,LeftinTimeOut,Right,126,118,124,4,nan,nan,nan
11/11/2025 12:06:15,1.17.2,Bandit80,13,3.96,nan,20,20,80,Right,Right,126,119,124,4,nan,nan,0.18
11/11/2025 12:06:17,1.17.2,Bandit80,13,3.96,1,20,20,80,Pellet,Right,126,119,125,4,1.25,7091,nan
11/11/2025 12:06:39,1.17.2,Bandit80,13,3.96,nan,20,20,80,Right,Right,126,120,125,5,nan,nan,0.05
11/11/2025 12:06:41,1.17.2,Bandit80,13,3.96,1,20,20,80,Pellet,Right,126,120,126,5,0.53,23,nan
11/11/2025 12:07:01,1.17.2,Bandit80,13,3.96,nan,20,20,80,Right,Right,126,121,126,6,nan,nan,0.40
11/11/2025 12:07:03,1.17.2,Bandit80,13,3.96,1,20,20,80,Pellet,Right,126,121,127,6,0.83,23,nan
11/11/2025 12:07:34,1.17.2,Bandit80,13,3.96,nan,20,20,80,Right,Right,126,122,127,7,nan,nan,0.11
11/11/2025 12:07:35,1.17.2,Bandit80,13,3.96,1,20,20,80,Pellet,Right,126,122,128,7,0.95,32,nan
11/11/2025 12:11:42,1.17.2,Bandit80,13,3.96,nan,20,20,80,Left,Right,127,122,128,8,nan,nan,0.08
11/11/2025 12:11:43,1.17.2,Bandit80,13,3.96,1,20,20,80,Pellet,Right,127,122,129,8,0.06,248,nan
11/11/2025 16:35:49,1.17.2,Bandit80,13,3.95,nan,20,20,80,Left,Right,128,122,129,9,nan,nan,0.47
11/11/2025 16:35:51,1.17.2,Bandit80,13,3.94,nan,20,20,80,LeftinTimeOut,Right,128,122,129,9,nan,nan,nan
11/11/2025 16:35:53,1.17.2,Bandit80,13,3.94,nan,20,20,80,LeftinTimeOut,Right,128,122,129,9,nan,nan,nan
11/11/2025 16:35:56,1.17.2,Bandit80,13,3.94,nan,20,20,80,LeftinTimeOut,Right,128,122,129,9,nan,nan,nan
11/11/2025 16:35:58,1.17.2,Bandit80,13,3.95,nan,20,20,80,LeftinTimeOut,Right,128,122,129,9,nan,nan,nan
11/11/2025 16:36:02,1.17.2,Bandit80,13,3.95,nan,20,20,80,LeftinTimeOut,Right,128,122,129,9,nan,nan,nan
11/11/2025 16:36:04,1.17.2,Bandit80,13,3.95,nan,20,20,80,LeftinTimeOut,Right,128,122,129,9,nan,nan,nan
11/11/2025 17:03:38,1.17.2,Bandit80,13,3.94,nan,20,20,80,Left,Right,129,122,129,9,nan,nan,0.31
11/11/2025 17:03:40,1.17.2,Bandit80,13,3.95,1,20,20,80,Pellet,Right,129,122,130,9,0.65,17516,nan
11/11/2025 17:03:58,1.17.2,Bandit80,13,3.94,nan,20,20,80,Left,Right,130,122,130,10,nan,nan,0.02
11/11/2025 17:03:59,1.17.2,Bandit80,13,3.95,1,20,20,80,Pellet,Right,130,122,131,10,0.41,20,nan
11/11/2025 17:04:15,1.17.2,Bandit80,13,3.95,nan,20,20,80,Left,Right,131,122,131,11,nan,nan,0.03
11/11/2025 17:04:18,1.17.2,Bandit80,13,3.94,nan,20,20,80,LeftinTimeOut,Right,131,122,131,11,nan,nan,nan
11/11/2025 17:04:21,1.17.2,Bandit80,13,3.94,nan,20,20,80,LeftinTimeOut,Right,131,122,131,11,nan,nan,nan
11/11/2025 17:04:23,1.17.2,Bandit80,13,3.94,nan,20,20,80,LeftinTimeOut,Right,131,122,131,11,nan,nan,nan
11/11/2025 17:04:24,1.17.2,Bandit80,13,3.95,nan,20,20,80,LeftinTimeOut,Right,131,122,131,11,nan,nan,nan
11/11/2025 17:04:25,1.17.2,Bandit80,13,3.94,nan,20,20,80,LeftinTimeOut,Right,131,122,131,11,nan,nan,nan
11/11/2025 17:04:31,1.17.2,Bandit80,13,3.95,nan,20,20,80,RightinTimeout,Right,131,122,131,11,nan,nan,0.00
11/11/2025 17:04:33,1.17.2,Bandit80,13,3.95,nan,20,20,80,RightinTimeout,Right,131,122,131,11,nan,nan,0.00
11/11/2025 17:05:45,1.17.2,Bandit80,13,3.94,nan,20,20,80,Right,Right,131,123,131,11,nan,nan,0.20
11/11/2025 17:05:46,1.17.2,Bandit80,13,3.95,1,20,20,80,Pellet,Right,131,123,132,11,0.41,107,nan
11/11/2025 17:06:03,1.17.2,Bandit80,13,3.95,nan,20,20,80,Right,Right,131,124,132,12,nan,nan,0.17
11/11/2025 17:06:04,1.17.2,Bandit80,13,3.95,1,20,20,80,Pellet,Right,131,124,133,12,0.53,18,nan
11/11/2025 17:08:37,1.17.2,Bandit80,13,3.95,nan,20,20,80,Right,Right,131,125,133,13,nan,nan,0.25
11/11/2025 17:12:34,1.17.2,Bandit80,13,3.94,nan,20,20,80,Left,Right,132,125,133,13,nan,nan,0.21
11/11/2025 18:04:32,1.17.2,Bandit80,13,3.95,nan,20,20,80,Left,Right,133,125,133,13,nan,nan,0.33
11/11/2025 18:04:34,1.17.2,Bandit80,13,3.94,nan,20,20,80,LeftinTimeOut,Right,133,125,133,13,nan,nan,nan
11/11/2025 18:04:37,1.17.2,Bandit80,13,3.94,nan,20,20,80,LeftinTimeOut,Right,133,125,133,13,nan,nan,nan
11/11/2025 18:07:04,1.17.2,Bandit80,13,3.95,nan,20,20,80,Left,Right,134,125,133,13,nan,nan,0.15
11/11/2025 18:07:07,1.17.2,Bandit80,13,3.94,1,20,20,80,Pellet,Right,134,125,134,13,2.09,3663,nan
11/11/2025 18:07:45,1.17.2,Bandit80,13,3.94,nan,20,20,80,Left,Right,135,125,134,14,nan,nan,0.74
11/11/2025 18:07:47,1.17.2,Bandit80,13,3.94,nan,20,20,80,LeftinTimeOut,Right,135,125,134,14,nan,nan,nan
11/11/2025 18:07:50,1.17.2,Bandit80,13,3.94,nan,20,20,80,LeftinTimeOut,Right,135,125,134,14,nan,nan,nan
11/11/2025 18:07:51,1.17.2,Bandit80,13,3.94,nan,20,20,80,LeftinTimeOut,Right,135,125,134,14,nan,nan,nan
11/11/2025 18:08:02,1.17.2,Bandit80,13,3.94,nan,20,20,80,Left,Right,136,125,134,14,nan,nan,0.08
11/11/2025 18:08:06,1.17.2,Bandit80,13,3.94,nan,20,20,80,LeftinTimeOut,Right,136,125,134,14,nan,nan,nan
11/11/2025 18:08:12,1.17.2,Bandit80,13,3.94,nan,20,20,80,LeftinTimeOut,Right,136,125,134,14,nan,nan,nan
11/11/2025 18:29:19,1.17.2,Bandit80,13,3.94,nan,20,20,80,Left,Right,137,125,134,14,nan,nan,0.94
11/11/2025 18:29:21,1.17.2,Bandit80,13,3.95,nan,20,20,80,LeftinTimeOut,Right,137,125,134,14,nan,nan,nan
11/11/2025 18:29:22,1.17.2,Bandit80,13,3.94,nan,20,20,80,LeftinTimeOut,Right,137,125,134,14,nan,nan,nan
11/11/2025 18:29:25,1.17.2,Bandit80,13,3.94,nan,20,20,80,LeftinTimeOut,Right,137,125,134,14,nan,nan,nan
11/11/2025 18:29:29,1.17.2,Bandit80,13,3.94,nan,20,20,80,LeftinTimeOut,Right,137,125,134,14,nan,nan,nan
11/11/2025 18:29:33,1.17.2,Bandit80,13,3.94,nan,20,20,80,RightinTimeout,Right,137,125,134,14,nan,nan,0.00
11/11/2025 18:29:34,1.17.2,Bandit80,13,3.94,nan,20,20,80,RightinTimeout,Right,137,125,134,14,nan,nan,0.00
11/11/2025 18:29:35,1.17.2,Bandit80,13,3.94,nan,20,20,80,RightinTimeout,Right,137,125,134,14,nan,nan,0.00
11/11/2025 18:29:39,1.17.2,Bandit80,13,3.94,nan,20,20,80,LeftinTimeOut,Right,137,125,134,14,nan,nan,nan
11/11/2025 18:37:25,1.17.2,Bandit80,13,3.95,nan,20,20,80,Right,Right,137,126,134,14,nan,nan,0.08
11/11/2025 18:37:29,1.17.2,Bandit80,13,3.94,nan,20,20,80,RightinTimeout,Right,137,126,134,14,nan,nan,0.00
11/11/2025 18:37:29,1.17.2,Bandit80,13,3.94,nan,20,20,80,RightinTimeout,Right,137,126,134,14,nan,nan,0.00
11/11/2025 18:40:08,1.17.2,Bandit80,13,3.94,nan,20,20,80,Left,Right,138,126,134,14,nan,nan,0.21
11/11/2025 18:40:10,1.17.2,Bandit80,13,3.94,1,20,20,80,Pellet,Right,138,126,135,14,0.53,1983,nan
11/11/2025 18:40:27,1.17.2,Bandit80,13,3.94,nan,20,20,80,Left,Right,139,126,135,15,nan,nan,0.31
11/11/2025 18:40:47,1.17.2,Bandit80,13,3.94,nan,20,20,80,Right,Right,139,127,135,15,nan,nan,0.15
11/11/2025 18:40:49,1.17.2,Bandit80,13,3.94,1,20,20,80,Pellet,Right,139,127,136,15,1.19,39,nan
11/11/2025 18:41:03,1.17.2,Bandit80,13,3.94,nan,20,20,80,Right,Right,139,128,136,16,nan,nan,0.23
11/11/2025 18:41:27,1.17.2,Bandit80,13,3.95,nan,20,20,80,Right,Right,139,129,136,16,nan,nan,0.33
11/11/2025 18:52:57,1.17.2,Bandit80,13,3.94,nan,20,20,80,Left,Right,140,129,136,16,nan,nan,0.03
11/11/2025 18:52:59,1.17.2,Bandit80,13,3.94,nan,20,20,80,LeftinTimeOut,Right,140,129,136,16,nan,nan,nan
11/11/2025 18:53:00,1.17.2,Bandit80,13,3.94,nan,20,20,80,LeftinTimeOut,Right,140,129,136,16,nan,nan,nan
11/11/2025 18:53:03,1.17.2,Bandit80,13,3.94,nan,20,20,80,LeftinTimeOut,Right,140,129,136,16,nan,nan,nan
11/11/2025 18:53:04,1.17.2,Bandit80,13,3.94,nan,20,20,80,LeftinTimeOut,Right,140,129,136,16,nan,nan,nan
11/11/2025 18:53:05,1.17.2,Bandit80,13,3.95,nan,20,20,80,LeftinTimeOut,Right,140,129,136,16,nan,nan,nan
11/11/2025 19:00:02,1.17.2,Bandit80,13,3.94,nan,20,20,80,Left,Right,141,129,136,16,nan,nan,0.32
11/11/2025 19:00:07,1.17.2,Bandit80,13,3.94,nan,20,20,80,LeftinTimeOut,Right,141,129,136,16,nan,nan,nan
11/11/2025 19:00:11,1.17.2,Bandit80,13,3.95,nan,20,20,80,LeftinTimeOut,Right,141,129,136,16,nan,nan,nan
11/11/2025 19:00:15,1.17.2,Bandit80,13,3.94,nan,20,20,80,LeftinTimeOut,Right,141,129,136,16,nan,nan,nan
11/11/2025 19:00:16,1.17.2,Bandit80,13,3.94,nan,20,20,80,LeftinTimeOut,Right,141,129,136,16,nan,nan,nan
11/11/2025 19:00:18,1.17.2,Bandit80,13,3.94,nan,20,20,80,LeftinTimeOut,Right,141,129,136,16,nan,nan,nan
11/11/2025 19:00:20,1.17.2,Bandit80,13,3.94,nan,20,20,80,LeftinTimeOut,Right,141,129,136,16,nan,nan,nan
11/11/2025 19:00:21,1.17.2,Bandit80,13,3.94,nan,20,20,80,LeftinTimeOut,Right,141,129,136,16,nan,nan,nan
11/11/2025 19:00:25,1.17.2,Bandit80,13,3.94,nan,20,20,80,RightinTimeout,Right,141,129,136,16,nan,nan,0.00
11/11/2025 19:00:26,1.17.2,Bandit80,13,3.94,nan,20,20,80,RightinTimeout,Right,141,129,136,16,nan,nan,0.00
11/11/2025 19:00:28,1.17.2,Bandit80,13,3.94,nan,20,20,80,RightinTimeout,Right,141,129,136,16,nan,nan,0.00
11/11/2025 19:01:24,1.17.2,Bandit80,13,3.94,nan,20,20,80,Left,Right,142,129,136,16,nan,nan,0.22
11/11/2025 19:01:29,1.17.2,Bandit80,13,3.94,nan,20,20,80,RightinTimeout,Right,142,129,136,16,nan,nan,0.00
11/11/2025 19:01:30,1.17.2,Bandit80,13,3.94,nan,20,20,80,RightinTimeout,Right,142,129,136,16,nan,nan,0.00
11/11/2025 19:01:30,1.17.2,Bandit80,13,3.94,nan,20,20,80,RightinTimeout,Right,142,129,136,16,nan,nan,0.00
11/11/2025 19:03:55,1.17.2,Bandit80,13,3.94,nan,20,20,80,Right,Right,142,130,136,16,nan,nan,0.04
11/11/2025 19:03:57,1.17.2,Bandit80,13,3.94,1,20,20,80,Pellet,Right,142,130,137,16,1.67,1388,nan
11/11/2025 19:04:16,1.17.2,Bandit80,13,3.94,nan,20,20,80,Right,Right,142,131,137,17,nan,nan,0.09
11/11/2025 19:04:17,1.17.2,Bandit80,13,3.94,1,20,20,80,Pellet,Right,142,131,138,17,0.59,20,nan
11/11/2025 19:04:28,1.17.2,Bandit80,13,3.94,nan,20,20,80,Right,Right,142,132,138,18,nan,nan,0.08
11/11/2025 19:04:30,1.17.2,Bandit80,13,3.94,1,20,20,80,Pellet,Right,142,132,139,18,0.89,13,nan
11/11/2025 19:04:46,1.17.2,Bandit80,13,3.94,nan,20,20,80,Right,Right,142,133,139,19,nan,nan,0.09
11/11/2025 19:04:47,1.17.2,Bandit80,13,3.94,1,20,20,80,Pellet,Right,142,133,140,19,0.83,17,nan
11/11/2025 19:07:43,1.17.2,Bandit80,13,3.94,nan,20,80,20,Right,Left,142,134,140,0,nan,nan,0.46
11/11/2025 19:09:23,1.17.2,Bandit80,13,3.94,nan,20,80,20,Right,Left,142,135,140,0,nan,nan,0.15
11/11/2025 19:09:25,1.17.2,Bandit80,13,3.94,1,20,80,20,Pellet,Left,142,135,141,0,1.25,278,nan
11/11/2025 19:09:35,1.17.2,Bandit80,13,3.94,nan,20,80,20,Right,Left,142,136,141,1,nan,nan,0.08
11/11/2025 19:09:47,1.17.2,Bandit80,13,3.94,nan,20,80,20,Right,Left,142,137,141,1,nan,nan,0.17
11/11/2025 19:09:49,1.17.2,Bandit80,13,3.94,nan,20,80,20,RightinTimeout,Left,142,137,141,1,nan,nan,0.00
11/11/2025 19:09:51,1.17.2,Bandit80,13,3.94,nan,20,80,20,RightinTimeout,Left,142,137,141,1,nan,nan,0.00
11/11/2025 19:14:07,1.17.2,Bandit80,13,3.95,nan,20,80,20,Right,Left,142,138,141,1,nan,nan,0.19
11/11/2025 19:14:08,1.17.2,Bandit80,13,3.94,1,20,80,20,Pellet,Left,142,138,142,1,0.53,283,nan
11/11/2025 19:14:19,1.17.2,Bandit80,13,3.94,nan,20,80,20,Right,Left,142,139,142,2,nan,nan,0.09
11/11/2025 19:14:21,1.17.2,Bandit80,13,3.94,1,20,80,20,Pellet,Left,142,139,143,2,0.83,13,nan
11/11/2025 19:14:30,1.17.2,Bandit80,13,3.94,nan,20,80,20,Right,Left,142,140,143,3,nan,nan,0.03
11/11/2025 19:15:14,1.17.2,Bandit80,13,3.94,nan,20,80,20,Right,Left,142,141,143,3,nan,nan,0.00
11/11/2025 19:15:43,1.17.2,Bandit80,13,3.94,nan,20,80,20,Left,Left,143,141,143,3,nan,nan,0.11
11/11/2025 19:15:44,1.17.2,Bandit80,13,3.94,1,20,80,20,Pellet,Left,143,141,144,3,0.53,83,nan
11/11/2025 19:17:24,1.17.2,Bandit80,13,3.94,nan,20,80,20,Right,Left,143,142,144,4,nan,nan,0.12
11/11/2025 19:17:26,1.17.2,Bandit80,13,3.94,nan,20,80,20,RightinTimeout,Left,143,142,144,4,nan,nan,0.00
11/11/2025 19:17:27,1.17.2,Bandit80,13,3.94,nan,20,80,20,RightinTimeout,Left,143,142,144,4,nan,nan,0.00
11/11/2025 19:17:28,1.17.2,Bandit80,13,3.94,nan,20,80,20,RightinTimeout,Left,143,142,144,4,nan,nan,0.00
11/11/2025 19:18:02,1.17.2,Bandit80,13,3.94,nan,20,80,20,Right,Left,143,143,144,4,nan,nan,0.09
11/11/2025 19:18:31,1.17.2,Bandit80,13,3.94,nan,20,80,20,Right,Left,143,144,144,4,nan,nan,0.10
11/11/2025 19:27:46,1.17.2,Bandit80,13,3.94,nan,20,80,20,Right,Left,143,145,144,4,nan,nan,0.03
11/11/2025 19:27:48,1.17.2,Bandit80,13,3.94,1,20,80,20,Pellet,Left,143,145,145,4,1.43,724,nan
11/11/2025 19:28:26,1.17.2,Bandit80,13,3.94,nan,20,80,20,Right,Left,143,146,145,5,nan,nan,0.10
11/11/2025 19:31:33,1.17.2,Bandit80,13,3.94,nan,20,80,20,Right,Left,143,147,145,5,nan,nan,0.20
11/11/2025 19:39:52,1.17.2,Bandit80,13,3.94,nan,20,80,20,Left,Left,144,147,145,5,nan,nan,0.13
11/11/2025 19:39:56,1.17.2,Bandit80,13,3.94,2,20,80,20,Pellet,Left,144,147,146,5,0.83,728,nan
11/11/2025 19:40:07,1.17.2,Bandit80,13,3.94,nan,20,80,20,Left,Left,145,147,146,6,nan,nan,0.07
11/11/2025 19:40:09,1.17.2,Bandit80,13,3.94,1,20,80,20,Pellet,Left,145,147,147,6,0.77,13,nan
11/11/2025 19:42:30,1.17.2,Bandit80,13,3.94,nan,20,80,20,Right,Left,145,148,147,7,nan,nan,0.01
11/11/2025 19:43:00,1.17.2,Bandit80,13,3.94,nan,20,80,20,Right,Left,145,149,147,7,nan,nan,0.46
11/11/2025 19:53:20,1.17.2,Bandit80,13,3.94,nan,20,80,20,Left,Left,146,149,147,7,nan,nan,0.15
11/11/2025 19:53:21,1.17.2,Bandit80,13,3.94,1,20,80,20,Pellet,Left,146,149,148,7,0.59,792,nan
11/11/2025 19:53:31,1.17.2,Bandit80,13,3.94,nan,20,80,20,Left,Left,147,149,148,8,nan,nan,0.07
11/11/2025 19:53:32,1.17.2,Bandit80,13,3.94,1,20,80,20,Pellet,Left,147,149,149,8,0.06,11,nan
11/11/2025 19:53:42,1.17.2,Bandit80,13,3.94,nan,20,80,20,Left,Left,148,149,149,9,nan,nan,0.02
11/11/2025 19:53:43,1.17.2,Bandit80,13,3.94,1,20,80,20,Pellet,Left,148,149,150,9,0.47,11,nan
11/11/2025 19:53:54,1.17.2,Bandit80,13,3.94,nan,20,80,20,Left,Left,149,149,150,10,nan,nan,0.08
11/11/2025 19:53:55,1.17.2,Bandit80,13,3.94,1,20,80,20,Pellet,Left,149,149,151,10,0.59,12,nan
11/11/2025 19:54:09,1.17.2,Bandit80,13,3.94,nan,20,80,20,Left,Left,150,149,151,11,nan,nan,0.06
11/11/2025 19:54:11,1.17.2,Bandit80,13,3.94,1,20,80,20,Pellet,Left,150,149,152,11,1.13,16,nan
11/11/2025 19:59:02,1.17.2,Bandit80,13,3.94,nan,20,80,20,Right,Left,150,150,152,12,nan,nan,0.50
11/11/2025 19:59:03,1.17.2,Bandit80,13,3.94,nan,20,80,20,RightinTimeout,Left,150,150,152,12,nan,nan,0.00
11/11/2025 19:59:03,1.17.2,Bandit80,13,3.94,nan,20,80,20,RightinTimeout,Left,150,150,152,12,nan,nan,0.00
11/11/2025 20:00:49,1.17.2,Bandit80,13,3.94,nan,20,80,20,Right,Left,150,151,152,12,nan,nan,0.00
11/11/2025 20:00:58,1.17.2,Bandit80,13,3.94,nan,20,80,20,RightinTimeout,Left,150,151,152,12,nan,nan,0.00
11/11/2025 20:14:53,1.17.2,Bandit80,13,3.94,nan,20,80,20,Left,Left,151,151,152,12,nan,nan,0.06
11/11/2025 20:14:54,1.17.2,Bandit80,13,3.94,1,20,80,20,Pellet,Left,151,151,153,12,0.71,1243,nan
11/11/2025 20:16:37,1.17.2,Bandit80,13,3.94,nan,20,80,20,Left,Left,152,151,153,13,nan,nan,0.05
11/11/2025 20:16:39,1.17.2,Bandit80,13,3.94,1,20,80,20,Pellet,Left,152,151,154,13,0.89,105,nan
11/11/2025 20:17:22,1.17.2,Bandit80,13,3.94,nan,20,80,20,Left,Left,153,151,154,14,nan,nan,0.11
11/11/2025 20:17:24,1.17.2,Bandit80,13,3.94,1,20,80,20,Pellet,Left,153,151,155,14,0.77,45,nan
11/11/2025 20:17:43,1.17.2,Bandit80,13,3.94,nan,20,80,20,Right,Left,153,152,155,15,nan,nan,0.01
11/11/2025 20:19:51,1.17.2,Bandit80,13,3.94,nan,20,80,20,Left,Left,154,152,155,15,nan,nan,0.13
11/11/2025 20:19:54,1.17.2,Bandit80,13,3.94,nan,20,80,20,LeftinTimeOut,Left,154,152,155,15,nan,nan,nan
11/11/2025 20:19:59,1.17.2,Bandit80,13,3.94,nan,20,80,20,LeftinTimeOut,Left,154,152,155,15,nan,nan,nan
11/11/2025 20:20:08,1.17.2,Bandit80,13,3.94,nan,20,80,20,RightinTimeout,Left,154,152,155,15,nan,nan,0.00
11/11/2025 20:21:59,1.17.2,Bandit80,13,3.94,nan,20,80,20,Left,Left,155,152,155,15,nan,nan,0.09
11/11/2025 20:22:01,1.17.2,Bandit80,13,3.94,2,20,80,20,Pellet,Left,155,152,156,15,0.53,277,nan
11/11/2025 20:23:22,1.17.2,Bandit80,13,3.94,nan,20,80,20,Right,Left,155,153,156,16,nan,nan,0.52
11/11/2025 20:23:51,1.17.2,Bandit80,13,3.94,nan,20,80,20,Left,Left,156,153,156,16,nan,nan,0.02
11/11/2025 20:23:52,1.17.2,Bandit80,13,3.94,1,20,80,20,Pellet,Left,156,153,157,16,0.47,111,nan
11/11/2025 20:24:08,1.17.2,Bandit80,13,3.94,nan,20,80,20,Right,Left,156,154,157,17,nan,nan,0.27
11/11/2025 20:24:10,1.17.2,Bandit80,13,3.94,1,20,80,20,Pellet,Left,156,154,158,17,1.49,18,nan
11/11/2025 20:34:16,1.17.2,Bandit80,13,3.94,nan,20,80,20,Left,Left,157,154,158,18,nan,nan,0.10
11/11/2025 20:34:17,1.17.2,Bandit80,13,3.94,1,20,80,20,Pellet,Left,157,154,159,18,0.35,607,nan
11/11/2025 20:34:26,1.17.2,Bandit80,13,3.94,nan,20,80,20,Left,Left,158,154,159,19,nan,nan,0.05
11/11/2025 20:34:27,1.17.2,Bandit80,13,3.94,1,20,80,20,Pellet,Left,158,154,160,19,0.35,10,nan
11/11/2025 20:34:38,1.17.2,Bandit80,13,3.94,nan,20,20,80,Left,Right,159,154,160,0,nan,nan,0.06
11/11/2025 20:36:32,1.17.2,Bandit80,13,3.94,nan,20,20,80,Right,Right,159,155,160,0,nan,nan,0.05
11/11/2025 20:36:36,1.17.2,Bandit80,13,3.94,2,20,20,80,Pellet,Right,159,155,161,0,1.43,129,nan
11/11/2025 20:36:43,1.17.2,Bandit80,13,3.94,nan,20,20,80,Right,Right,159,156,161,1,nan,nan,0.40
11/11/2025 20:36:45,1.17.2,Bandit80,13,3.94,1,20,20,80,Pellet,Right,159,156,162,1,1.25,9,nan
11/11/2025 20:37:20,1.17.2,Bandit80,13,3.94,nan,20,20,80,Right,Right,159,157,162,2,nan,nan,0.20
11/11/2025 20:37:22,1.17.2,Bandit80,13,3.94,1,20,20,80,Pellet,Right,159,157,163,2,0.95,36,nan
11/11/2025 20:37:28,1.17.2,Bandit80,13,3.94,nan,20,20,80,Right,Right,159,158,163,3,nan,nan,0.02
11/11/2025 20:37:49,1.17.2,Bandit80,13,3.94,nan,20,20,80,Right,Right,159,159,163,3,nan,nan,0.09
11/11/2025 20:45:59,1.17.2,Bandit80,13,3.94,nan,20,20,80,Left,Right,160,159,163,3,nan,nan,0.03
11/11/2025 20:46:00,1.17.2,Bandit80,13,3.94,nan,20,20,80,LeftinTimeOut,Right,160,159,163,3,nan,nan,nan
11/11/2025 20:46:02,1.17.2,Bandit80,13,3.94,nan,20,20,80,RightinTimeout,Right,160,159,163,3,nan,nan,0.00
11/11/2025 20:59:38,1.17.2,Bandit80,13,3.94,nan,20,20,80,Right,Right,160,160,163,3,nan,nan,0.06
11/11/2025 21:00:09,1.17.2,Bandit80,13,3.94,nan,20,20,80,Right,Right,160,161,163,3,nan,nan,0.11
11/11/2025 21:00:10,1.17.2,Bandit80,13,3.94,1,20,20,80,Pellet,Right,160,161,164,3,0.59,1369,nan
11/11/2025 21:03:16,1.17.2,Bandit80,13,3.94,nan,20,20,80,Left,Right,161,161,164,4,nan,nan,0.03
11/11/2025 21:15:14,1.17.2,Bandit80,13,3.94,nan,20,20,80,Right,Right,161,162,164,4,nan,nan,0.02
11/11/2025 21:15:15,1.17.2,Bandit80,13,3.94,1,20,20,80,Pellet,Right,161,162,165,4,0.06,905,nan
11/11/2025 21:15:22,1.17.2,Bandit80,13,3.94,nan,20,20,80,Right,Right,161,163,165,5,nan,nan,0.07
11/11/2025 21:15:24,1.17.2,Bandit80,13,3.94,1,20,20,80,Pellet,Right,161,163,166,5,1.31,9,nan
11/11/2025 21:16:11,1.17.2,Bandit80,13,3.94,nan,20,20,80,Right,Right,161,164,166,6,nan,nan,0.32
11/11/2025 21:16:13,1.17.2,Bandit80,13,3.94,1,20,20,80,Pellet,Right,161,164,167,6,1.07,49,nan
11/11/2025 21:16:21,1.17.2,Bandit80,13,3.94,nan,20,20,80,Right,Right,161,165,167,7,nan,nan,0.09
11/11/2025 21:16:25,1.17.2,Bandit80,13,3.94,1,20,20,80,Pellet,Right,161,165,168,7,3.41,12,nan
11/11/2025 21:17:40,1.17.2,Bandit80,13,3.94,nan,20,20,80,Right,Right,161,166,168,8,nan,nan,0.22
11/11/2025 21:17:42,1.17.2,Bandit80,13,3.94,2,20,20,80,Pellet,Right,161,166,169,8,0.65,76,nan
11/11/2025 21:17:50,1.17.2,Bandit80,13,3.94,nan,20,20,80,Right,Right,161,167,169,9,nan,nan,0.06
11/11/2025 21:17:52,1.17.2,Bandit80,13,3.94,1,20,20,80,Pellet,Right,161,167,170,9,1.13,10,nan
11/11/2025 21:18:51,1.17.2,Bandit80,13,3.94,nan,20,20,80,Right,Right,161,168,170,10,nan,nan,0.21
11/11/2025 21:19:19,1.17.2,Bandit80,13,3.93,nan,20,20,80,Left,Right,162,168,170,10,nan,nan,0.09
11/11/2025 21:21:53,1.17.2,Bandit80,13,3.94,nan,20,20,80,Right,Right,162,169,170,10,nan,nan,0.22
11/11/2025 21:21:55,1.17.2,Bandit80,13,3.94,1,20,20,80,Pellet,Right,162,169,171,10,1.13,244,nan
11/11/2025 21:22:14,1.17.2,Bandit80,13,3.94,nan,20,20,80,Right,Right,162,170,171,11,nan,nan,0.09
11/11/2025 21:24:00,1.17.2,Bandit80,13,3.94,nan,20,20,80,Right,Right,162,171,171,11,nan,nan,0.04
11/11/2025 21:24:02,1.17.2,Bandit80,13,3.93,1,20,20,80,Pellet,Right,162,171,172,11,1.37,127,nan
11/11/2025 21:27:26,1.17.2,Bandit80,13,3.94,nan,20,20,80,Right,Right,162,172,172,12,nan,nan,0.06
11/11/2025 21:32:25,1.17.2,Bandit80,13,3.94,nan,20,20,80,Right,Right,162,173,172,12,nan,nan,0.04
11/11/2025 21:32:28,1.17.2,Bandit80,13,3.94,1,20,20,80,Pellet,Right,162,173,173,12,2.87,506,nan
11/11/2025 21:32:41,1.17.2,Bandit80,13,3.94,nan,20,20,80,Right,Right,162,174,173,13,nan,nan,0.09
11/11/2025 21:32:44,1.17.2,Bandit80,13,3.94,2,20,20,80,Pellet,Right,162,174,174,13,0.06,15,nan
11/11/2025 21:32:58,1.17.2,Bandit80,13,3.94,nan,20,20,80,Left,Right,163,174,174,14,nan,nan,0.08
11/11/2025 21:33:19,1.17.2,Bandit80,13,3.94,nan,20,20,80,Right,Right,163,175,174,14,nan,nan,0.03
11/11/2025 21:33:20,1.17.2,Bandit80,13,3.93,nan,20,20,80,RightinTimeout,Right,163,175,174,14,nan,nan,0.00
11/11/2025 21:33:21,1.17.2,Bandit80,13,3.94,nan,20,20,80,RightinTimeout,Right,163,175,174,14,nan,nan,0.00
11/11/2025 21:45:32,1.17.2,Bandit80,13,3.94,nan,20,20,80,Left,Right,164,175,174,14,nan,nan,0.05
11/11/2025 21:45:33,1.17.2,Bandit80,13,3.94,nan,20,20,80,LeftinTimeOut,Right,164,175,174,14,nan,nan,nan
11/11/2025 21:45:35,1.17.2,Bandit80,13,3.94,nan,20,20,80,LeftinTimeOut,Right,164,175,174,14,nan,nan,nan
11/11/2025 21:45:55,1.17.2,Bandit80,13,3.94,nan,20,20,80,Left,Right,165,175,174,14,nan,nan,0.03
11/11/2025 21:45:56,1.17.2,Bandit80,13,3.94,nan,20,20,80,LeftinTimeOut,Right,165,175,174,14,nan,nan,nan
11/11/2025 21:45:59,1.17.2,Bandit80,13,3.93,nan,20,20,80,LeftinTimeOut,Right,165,175,174,14,nan,nan,nan
11/11/2025 21:46:07,1.17.2,Bandit80,13,3.93,nan,20,20,80,RightinTimeout,Right,165,175,174,14,nan,nan,0.00
11/11/2025 21:46:07,1.17.2,Bandit80,13,3.94,nan,20,20,80,RightinTimeout,Right,165,175,174,14,nan,nan,0.00
11/11/2025 21:46:08,1.17.2,Bandit80,13,3.94,nan,20,20,80,RightinTimeout,Right,165,175,174,14,nan,nan,0.00
11/11/2025 21:46:09,1.17.2,Bandit80,13,3.94,nan,20,20,80,RightinTimeout,Right,165,175,174,14,nan,nan,0.00
11/11/2025 21:46:10,1.17.2,Bandit80,13,3.94,nan,20,20,80,RightinTimeout,Right,165,175,174,14,nan,nan,0.00
11/11/2025 21:49:16,1.17.2,Bandit80,13,3.94,nan,20,20,80,Right,Right,165,176,174,14,nan,nan,0.21
11/11/2025 21:49:18,1.17.2,Bandit80,13,3.94,1,20,20,80,Pellet,Right,165,176,175,14,1.31,995,nan
11/11/2025 21:49:26,1.17.2,Bandit80,13,3.94,nan,20,20,80,Right,Right,165,177,175,15,nan,nan,0.03
11/11/2025 21:49:28,1.17.2,Bandit80,13,3.94,1,20,20,80,Pellet,Right,165,177,176,15,1.01,10,nan
11/11/2025 21:49:37,1.17.2,Bandit80,13,3.94,nan,20,20,80,Right,Right,165,178,176,16,nan,nan,0.11
11/11/2025 21:49:39,1.17.2,Bandit80,13,3.94,1,20,20,80,Pellet,Right,165,178,177,16,1.43,11,nan
11/11/2025 22:00:30,1.17.2,Bandit80,13,3.94,nan,20,20,80,Left,Right,166,178,177,17,nan,nan,0.05
11/11/2025 22:00:39,1.17.2,Bandit80,13,3.94,nan,20,20,80,LeftinTimeOut,Right,166,178,177,17,nan,nan,nan
11/11/2025 22:00:40,1.17.2,Bandit80,13,3.94,nan,20,20,80,LeftinTimeOut,Right,166,178,177,17,nan,nan,nan
11/11/2025 22:00:48,1.17.2,Bandit80,13,3.94,nan,20,20,80,LeftinTimeOut,Right,166,178,177,17,nan,nan,nan
11/11/2025 22:07:10,1.17.2,Bandit80,13,3.94,nan,20,20,80,Left,Right,167,178,177,17,nan,nan,0.19
11/11/2025 22:08:36,1.17.2,Bandit80,13,3.94,nan,20,20,80,Left,Right,168,178,177,17,nan,nan,0.01
11/11/2025 22:08:42,1.17.2,Bandit80,13,3.94,nan,20,20,80,RightinTimeout,Right,168,178,177,17,nan,nan,0.00
11/11/2025 22:08:42,1.17.2,Bandit80,13,3.94,nan,20,20,80,RightinTimeout,Right,168,178,177,17,nan,nan,0.00
11/11/2025 22:08:44,1.17.2,Bandit80,13,3.94,nan,20,20,80,RightinTimeout,Right,168,178,177,17,nan,nan,0.00
11/11/2025 22:15:38,1.17.2,Bandit80,13,3.94,nan,20,20,80,Left,Right,169,178,177,17,nan,nan,0.15
11/11/2025 22:24:18,1.17.2,Bandit80,13,3.94,nan,20,20,80,Right,Right,169,179,177,17,nan,nan,0.00
11/11/2025 22:24:19,1.17.2,Bandit80,13,3.93,1,20,20,80,Pellet,Right,169,179,178,17,0.06,2080,nan
11/11/2025 22:26:00,1.17.2,Bandit80,13,3.94,nan,20,20,80,Right,Right,169,180,178,18,nan,nan,0.17
11/11/2025 22:26:03,1.17.2,Bandit80,13,3.94,nan,20,20,80,RightinTimeout,Right,169,180,178,18,nan,nan,0.00
11/11/2025 22:27:34,1.17.2,Bandit80,13,3.94,nan,20,20,80,Right,Right,169,181,178,18,nan,nan,0.11
11/11/2025 22:27:35,1.17.2,Bandit80,13,3.93,1,20,20,80,Pellet,Right,169,181,179,18,0.06,196,nan
11/11/2025 22:27:46,1.17.2,Bandit80,13,3.94,nan,20,20,80,Right,Right,169,182,179,19,nan,nan,0.03
11/11/2025 22:27:47,1.17.2,Bandit80,13,3.94,1,20,20,80,Pellet,Right,169,182,180,19,1.01,12,nan
11/11/2025 22:27:57,1.17.2,Bandit80,13,3.94,nan,20,80,20,Right,Left,169,183,180,0,nan,nan,0.06
11/11/2025 22:28:05,1.17.2,Bandit80,13,3.94,nan,20,80,20,LeftinTimeOut,Left,169,183,180,0,nan,nan,nan
11/11/2025 22:28:09,1.17.2,Bandit80,13,3.94,nan,20,80,20,RightinTimeout,Left,169,183,180,0,nan,nan,0.00
11/11/2025 22:30:22,1.17.2,Bandit80,13,3.93,nan,20,80,20,Right,Left,169,184,180,0,nan,nan,0.03
11/11/2025 22:30:54,1.17.2,Bandit80,13,3.93,nan,20,80,20,Right,Left,169,185,180,0,nan,nan,0.09
11/11/2025 22:33:15,1.17.2,Bandit80,13,3.94,nan,20,80,20,Right,Left,169,186,180,0,nan,nan,0.19
11/11/2025 22:33:19,1.17.2,Bandit80,13,3.94,nan,20,80,20,RightinTimeout,Left,169,186,180,0,nan,nan,0.00
11/11/2025 22:39:48,1.17.2,Bandit80,13,3.93,nan,20,80,20,Left,Left,170,186,180,0,nan,nan,0.02
11/11/2025 22:39:49,1.17.2,Bandit80,13,3.94,1,20,80,20,Pellet,Left,170,186,181,0,0.71,722,nan
11/11/2025 22:39:58,1.17.2,Bandit80,13,3.94,nan,20,80,20,Left,Left,171,186,181,1,nan,nan,0.07
11/11/2025 22:40:01,1.17.2,Bandit80,13,3.94,nan,20,80,20,LeftinTimeOut,Left,171,186,181,1,nan,nan,nan
11/11/2025 22:40:02,1.17.2,Bandit80,13,3.94,nan,20,80,20,LeftinTimeOut,Left,171,186,181,1,nan,nan,nan
11/11/2025 22:40:50,1.17.2,Bandit80,13,3.93,nan,20,80,20,Left,Left,172,186,181,1,nan,nan,0.02
11/11/2025 22:40:51,1.17.2,Bandit80,13,3.93,1,20,80,20,Pellet,Left,172,186,182,1,0.35,62,nan
11/11/2025 22:43:13,1.17.2,Bandit80,13,3.93,nan,20,80,20,Right,Left,172,187,182,2,nan,nan,0.04
11/11/2025 22:44:34,1.17.2,Bandit80,13,3.94,nan,20,80,20,Right,Left,172,188,182,2,nan,nan,0.04
11/11/2025 22:45:20,1.17.2,Bandit80,13,3.94,nan,20,80,20,Right,Left,172,189,182,2,nan,nan,0.11
11/11/2025 22:45:22,1.17.2,Bandit80,13,3.93,1,20,80,20,Pellet,Left,172,189,183,2,1.13,270,nan
11/11/2025 22:45:31,1.17.2,Bandit80,13,3.94,nan,20,80,20,Right,Left,172,190,183,3,nan,nan,0.08
11/11/2025 22:45:46,1.17.2,Bandit80,13,3.93,nan,20,80,20,Left,Left,173,190,183,3,nan,nan,0.14
11/11/2025 22:45:48,1.17.2,Bandit80,13,3.94,1,20,80,20,Pellet,Left,173,190,184,3,0.59,27,nan
11/11/2025 22:45:54,1.17.2,Bandit80,13,3.93,nan,20,80,20,Left,Left,174,190,184,4,nan,nan,0.06
11/11/2025 22:45:55,1.17.2,Bandit80,13,3.94,1,20,80,20,Pellet,Left,174,190,185,4,0.59,7,nan
11/11/2025 22:46:07,1.17.2,Bandit80,13,3.94,nan,20,80,20,Left,Left,175,190,185,5,nan,nan,0.05
11/11/2025 22:46:08,1.17.2,Bandit80,13,3.93,1,20,80,20,Pellet,Left,175,190,186,5,0.77,13,nan
11/11/2025 22:50:45,1.17.2,Bandit80,13,3.94,nan,20,80,20,Right,Left,175,191,186,6,nan,nan,0.07
11/11/2025 23:01:23,1.17.2,Bandit80,13,3.93,nan,20,80,20,Left,Left,176,191,186,6,nan,nan,0.22
11/11/2025 23:01:24,1.17.2,Bandit80,13,3.94,nan,20,80,20,LeftinTimeOut,Left,176,191,186,6,nan,nan,nan
11/11/2025 23:01:27,1.17.2,Bandit80,13,3.93,nan,20,80,20,RightinTimeout,Left,176,191,186,6,nan,nan,0.00
11/11/2025 23:04:42,1.17.2,Bandit80,13,3.94,nan,20,80,20,Right,Left,176,192,186,6,nan,nan,0.06
11/11/2025 23:04:57,1.17.2,Bandit80,13,3.93,nan,20,80,20,Right,Left,176,193,186,6,nan,nan,0.08
11/11/2025 23:09:11,1.17.2,Bandit80,13,3.94,nan,20,80,20,Left,Left,177,193,186,6,nan,nan,0.04
11/11/2025 23:10:15,1.17.2,Bandit80,13,3.94,nan,20,80,20,Right,Left,177,194,186,6,nan,nan,0.10
11/11/2025 23:10:16,1.17.2,Bandit80,13,3.93,nan,20,80,20,RightinTimeout,Left,177,194,186,6,nan,nan,0.00
11/11/2025 23:11:45,1.17.2,Bandit80,13,3.93,nan,20,80,20,Right,Left,177,195,186,6,nan,nan,0.13
11/11/2025 23:11:47,1.17.2,Bandit80,13,3.94,1,20,80,20,Pellet,Left,177,195,187,6,1.13,1539,nan
11/11/2025 23:12:04,1.17.2,Bandit80,13,3.94,nan,20,80,20,Right,Left,177,196,187,7,nan,nan,0.04
11/11/2025 23:12:10,1.17.2,Bandit80,13,3.93,nan,20,80,20,RightinTimeout,Left,177,196,187,7,nan,nan,0.00
11/11/2025 23:12:51,1.17.2,Bandit80,13,3.94,nan,20,80,20,Left,Left,178,196,187,7,nan,nan,0.11
11/11/2025 23:12:54,1.17.2,Bandit80,13,3.93,nan,20,80,20,RightinTimeout,Left,178,196,187,7,nan,nan,0.00
11/11/2025 23:19:23,1.17.2,Bandit80,13,3.94,nan,20,80,20,Right,Left,178,197,187,7,nan,nan,0.11
11/11/2025 23:19:25,1.17.2,Bandit80,13,3.94,1,20,80,20,Pellet,Left,178,197,188,7,1.01,458,nan
11/11/2025 23:19:32,1.17.2,Bandit80,13,3.93,nan,20,80,20,Right,Left,178,198,188,8,nan,nan,0.02
11/11/2025 23:19:35,1.17.2,Bandit80,13,3.94,nan,20,80,20,RightinTimeout,Left,178,198,188,8,nan,nan,0.00
11/11/2025 23:22:35,1.17.2,Bandit80,13,3.93,nan,20,80,20,Right,Left,178,199,188,8,nan,nan,0.18
11/11/2025 23:28:02,1.17.2,Bandit80,13,3.94,nan,20,80,20,Left,Left,179,199,188,8,nan,nan,0.06
11/11/2025 23:28:03,1.17.2,Bandit80,13,3.93,1,20,80,20,Pellet,Left,179,199,189,8,0.41,518,nan
11/11/2025 23:28:27,1.17.2,Bandit80,13,3.93,nan,20,80,20,Left,Left,180,199,189,9,nan,nan,0.02
11/11/2025 23:28:27,1.17.2,Bandit80,13,3.93,nan,20,80,20,LeftDuringDispense,Left,180,199,189,9,nan,nan,0.04
11/11/2025 23:28:34,1.17.2,Bandit80,13,3.93,2,20,80,20,Pellet,Left,180,199,190,9,3.89,31,nan
11/11/2025 23:28:59,1.17.2,Bandit80,13,3.93,nan,20,80,20,Left,Left,181,199,190,10,nan,nan,0.03
11/11/2025 23:29:01,1.17.2,Bandit80,13,3.93,1,20,80,20,Pellet,Left,181,199,191,10,0.29,26,nan
11/11/2025 23:29:19,1.17.2,Bandit80,13,3.94,nan,20,80,20,Left,Left,182,199,191,11,nan,nan,0.00
11/11/2025 23:29:22,1.17.2,Bandit80,13,3.93,nan,20,80,20,LeftinTimeOut,Left,182,199,191,11,nan,nan,nan
11/11/2025 23:29:23,1.17.2,Bandit80,13,3.93,nan,20,80,20,LeftinTimeOut,Left,182,199,191,11,nan,nan,nan
11/11/2025 23:29:28,1.17.2,Bandit80,13,3.93,nan,20,80,20,RightinTimeout,Left,182,199,191,11,nan,nan,0.00
11/11/2025 23:46:50,1.17.2,Bandit80,13,3.94,nan,20,80,20,Right,Left,182,200,191,11,nan,nan,0.17
11/11/2025 23:48:11,1.17.2,Bandit80,13,3.93,nan,20,80,20,Left,Left,183,200,191,11,nan,nan,0.04
11/11/2025 23:48:12,1.17.2,Bandit80,13,3.93,1,20,80,20,Pellet,Left,183,200,192,11,0.29,1152,nan
11/11/2025 23:49:54,1.17.2,Bandit80,13,3.93,nan,20,80,20,Right,Left,183,201,192,12,nan,nan,0.20
11/11/2025 23:50:03,1.17.2,Bandit80,13,3.93,nan,20,80,20,LeftinTimeOut,Left,183,201,192,12,nan,nan,nan
11/11/2025 23:51:40,1.17.2,Bandit80,13,3.93,nan,20,80,20,Right,Left,183,202,192,12,nan,nan,0.09
11/11/2025 23:51:43,1.17.2,Bandit80,13,3.93,nan,20,80,20,RightinTimeout,Left,183,202,192,12,nan,nan,0.00
11/11/2025 23:51:44,1.17.2,Bandit80,13,3.93,nan,20,80,20,RightinTimeout,Left,183,202,192,12,nan,nan,0.00
11/12/2025 0:03:00,1.17.2,Bandit80,13,3.93,nan,20,80,20,Right,Left,183,203,192,12,nan,nan,0.16
11/12/2025 0:03:01,1.17.2,Bandit80,13,3.93,1,20,80,20,Pellet,Left,183,203,193,12,0.53,889,nan
11/12/2025 0:03:22,1.17.2,Bandit80,13,3.94,nan,20,80,20,Right,Left,183,204,193,13,nan,nan,0.36
11/12/2025 0:03:53,1.17.2,Bandit80,13,3.93,nan,20,80,20,Left,Left,184,204,193,13,nan,nan,0.10
11/12/2025 0:03:55,1.17.2,Bandit80,13,3.93,1,20,80,20,Pellet,Left,184,204,194,13,0.41,54,nan
11/12/2025 0:04:03,1.17.2,Bandit80,13,3.94,nan,20,80,20,Left,Left,185,204,194,14,nan,nan,0.06
11/12/2025 0:04:05,1.17.2,Bandit80,13,3.93,1,20,80,20,Pellet,Left,185,204,195,14,0.35,10,nan
11/12/2025 0:04:38,1.17.2,Bandit80,13,3.93,nan,20,80,20,Left,Left,186,204,195,15,nan,nan,0.03
11/12/2025 0:04:40,1.17.2,Bandit80,13,3.94,1,20,80,20,Pellet,Left,186,204,196,15,0.53,34,nan
11/12/2025 0:10:21,1.17.2,Bandit80,13,3.94,nan,20,80,20,Left,Left,187,204,196,16,nan,nan,0.09
11/12/2025 0:10:23,1.17.2,Bandit80,13,3.94,1,20,80,20,Pellet,Left,187,204,197,16,0.41,343,nan
11/12/2025 0:11:51,1.17.2,Bandit80,13,3.93,nan,20,80,20,Right,Left,187,205,197,17,nan,nan,0.14
11/12/2025 0:11:52,1.17.2,Bandit80,13,3.93,1,20,80,20,Pellet,Left,187,205,198,17,0.59,90,nan
11/12/2025 0:12:01,1.17.2,Bandit80,13,3.93,nan,20,80,20,Right,Left,187,206,198,18,nan,nan,0.01
11/12/2025 0:12:02,1.17.2,Bandit80,13,3.93,1,20,80,20,Pellet,Left,187,206,199,18,0.59,10,nan
11/12/2025 0:18:54,1.17.2,Bandit80,13,3.93,nan,20,80,20,Right,Left,187,207,199,19,nan,nan,0.10
11/12/2025 0:18:56,1.17.2,Bandit80,13,3.93,1,20,80,20,Pellet,Left,187,207,200,19,1.19,414,nan
11/12/2025 0:19:05,1.17.2,Bandit80,13,3.93,nan,20,20,80,Right,Right,187,208,200,0,nan,nan,0.08
11/12/2025 0:19:06,1.17.2,Bandit80,13,3.93,1,20,20,80,Pellet,Right,187,208,201,0,0.06,10,nan
11/12/2025 0:34:40,1.17.2,Bandit80,13,3.93,nan,20,20,80,Left,Right,188,208,201,1,nan,nan,0.03
11/12/2025 0:41:22,1.17.2,Bandit80,13,3.93,nan,20,20,80,Right,Right,188,209,201,1,nan,nan,0.09
11/12/2025 0:41:24,1.17.2,Bandit80,13,3.93,1,20,20,80,Pellet,Right,188,209,202,1,1.19,1338,nan
11/12/2025 0:43:31,1.17.2,Bandit80,13,3.93,nan,20,20,80,Right,Right,188,210,202,2,nan,nan,0.09
11/12/2025 0:43:33,1.17.2,Bandit80,13,3.93,1,20,20,80,Pellet,Right,188,210,203,2,0.71,128,nan
11/12/2025 1:04:48,1.17.2,Bandit80,13,3.93,nan,20,20,80,Right,Right,188,211,203,3,nan,nan,0.53
11/12/2025 1:08:37,1.17.2,Bandit80,13,3.93,nan,20,20,80,Right,Right,188,212,203,3,nan,nan,0.30
11/12/2025 1:08:39,1.17.2,Bandit80,13,3.93,1,20,20,80,Pellet,Right,188,212,204,3,0.77,1506,nan
11/12/2025 1:08:49,1.17.2,Bandit80,13,3.93,nan,20,20,80,Right,Right,188,213,204,4,nan,nan,0.31
11/12/2025 1:08:49,1.17.2,Bandit80,13,3.93,1,20,20,80,Pellet,Right,188,213,205,4,0.06,11,nan
11/12/2025 1:09:59,1.17.2,Bandit80,13,3.93,nan,20,20,80,Right,Right,188,214,205,5,nan,nan,0.16
11/12/2025 1:10:01,1.17.2,Bandit80,13,3.93,1,20,20,80,Pellet,Right,188,214,206,5,0.77,72,nan
11/12/2025 1:12:05,1.17.2,Bandit80,13,3.93,nan,20,20,80,Right,Right,188,215,206,6,nan,nan,0.35
11/12/2025 1:12:16,1.17.2,Bandit80,13,3.93,1,20,20,80,Pellet,Right,188,215,207,6,10.07,134,nan
11/12/2025 2:02:34,1.17.2,Bandit80,13,3.93,nan,20,20,80,Left,Right,189,215,207,7,nan,nan,0.00
11/12/2025 2:16:51,1.17.2,Bandit80,13,3.93,nan,20,20,80,Left,Right,190,215,207,7,nan,nan,0.94
11/12/2025 2:26:19,1.17.2,Bandit80,13,3.93,nan,20,20,80,Left,Right,191,215,207,7,nan,nan,0.46
11/12/2025 2:26:20,1.17.2,Bandit80,13,3.93,1,20,20,80,Pellet,Right,191,215,208,7,0.77,4445,nan
11/12/2025 2:26:34,1.17.2,Bandit80,13,3.93,nan,20,20,80,Left,Right,192,215,208,8,nan,nan,0.31
11/12/2025 2:26:36,1.17.2,Bandit80,13,3.93,nan,20,20,80,LeftinTimeOut,Right,192,215,208,8,nan,nan,nan
11/12/2025 2:26:38,1.17.2,Bandit80,13,3.93,nan,20,20,80,LeftinTimeOut,Right,192,215,208,8,nan,nan,nan
11/12/2025 2:26:40,1.17.2,Bandit80,13,3.93,nan,20,20,80,LeftinTimeOut,Right,192,215,208,8,nan,nan,nan
11/12/2025 2:27:21,1.17.2,Bandit80,13,3.93,nan,20,20,80,Right,Right,192,216,208,8,nan,nan,0.20
11/12/2025 2:27:22,1.17.2,Bandit80,13,3.93,nan,20,20,80,RightDuringDispense,Right,192,216,208,8,nan,nan,0.11
11/12/2025 2:27:25,1.17.2,Bandit80,13,3.93,nan,20,20,80,RightWithPellet,Right,192,217,208,8,nan,nan,0.08
11/12/2025 2:27:26,1.17.2,Bandit80,13,3.93,2,20,20,80,Pellet,Right,192,217,209,8,0.86,66,nan
11/12/2025 2:27:42,1.17.2,Bandit80,13,3.93,nan,20,20,80,Right,Right,192,218,209,9,nan,nan,0.18
11/12/2025 2:27:44,1.17.2,Bandit80,13,3.93,1,20,20,80,Pellet,Right,192,218,210,9,1.85,18,nan
11/12/2025 2:27:55,1.17.2,Bandit80,13,3.93,nan,20,20,80,Right,Right,192,219,210,10,nan,nan,0.14
11/12/2025 2:27:57,1.17.2,Bandit80,13,3.93,nan,20,20,80,RightinTimeout,Right,192,219,210,10,nan,nan,0.00
11/12/2025 2:27:59,1.17.2,Bandit80,13,3.93,nan,20,20,80,RightinTimeout,Right,192,219,210,10,nan,nan,0.00
11/12/2025 2:28:04,1.17.2,Bandit80,13,3.93,nan,20,20,80,LeftinTimeOut,Right,192,219,210,10,nan,nan,nan
11/12/2025 2:28:05,1.17.2,Bandit80,13,3.93,nan,20,20,80,LeftinTimeOut,Right,192,219,210,10,nan,nan,nan
11/12/2025 2:28:06,1.17.2,Bandit80,13,3.93,nan,20,20,80,LeftinTimeOut,Right,192,219,210,10,nan,nan,nan
11/12/2025 2:28:11,1.17.2,Bandit80,13,3.93,nan,20,20,80,LeftinTimeOut,Right,192,219,210,10,nan,nan,nan
11/12/2025 2:28:37,1.17.2,Bandit80,13,3.93,nan,20,20,80,Right,Right,192,220,210,10,nan,nan,0.22
11/12/2025 2:28:38,1.17.2,Bandit80,13,3.93,2,20,20,80,Pellet,Right,192,220,211,10,0.59,54,nan
11/12/2025 2:31:11,1.17.2,Bandit80,13,3.93,nan,20,20,80,Left,Right,193,220,211,11,nan,nan,0.18
11/12/2025 2:31:13,1.17.2,Bandit80,13,3.93,nan,20,20,80,LeftinTimeOut,Right,193,220,211,11,nan,nan,nan
11/12/2025 2:31:17,1.17.2,Bandit80,13,3.93,nan,20,20,80,RightinTimeout,Right,193,220,211,11,nan,nan,0.00
11/12/2025 2:35:13,1.17.2,Bandit80,13,3.93,nan,20,20,80,Right,Right,193,221,211,11,nan,nan,0.30
11/12/2025 2:35:15,1.17.2,Bandit80,13,3.93,1,20,20,80,Pellet,Right,193,221,212,11,0.89,396,nan
11/12/2025 2:35:21,1.17.2,Bandit80,13,3.93,nan,20,20,80,Right,Right,193,222,212,12,nan,nan,0.02
11/12/2025 2:35:25,1.17.2,Bandit80,13,3.93,2,20,20,80,Pellet,Right,193,222,213,12,0.89,11,nan
11/12/2025 2:35:38,1.17.2,Bandit80,13,3.93,nan,20,20,80,Right,Right,193,223,213,13,nan,nan,0.15
11/12/2025 2:35:40,1.17.2,Bandit80,13,3.93,1,20,20,80,Pellet,Right,193,223,214,13,1.01,15,nan
11/12/2025 2:35:55,1.17.2,Bandit80,13,3.93,nan,20,20,80,Right,Right,193,224,214,14,nan,nan,0.22
11/12/2025 2:35:56,1.17.2,Bandit80,13,3.93,1,20,20,80,Pellet,Right,193,224,215,14,0.95,16,nan
11/12/2025 2:36:09,1.17.2,Bandit80,13,3.93,nan,20,20,80,Left,Right,194,224,215,15,nan,nan,0.15
11/12/2025 2:36:13,1.17.2,Bandit80,13,3.93,nan,20,20,80,LeftinTimeOut,Right,194,224,215,15,nan,nan,nan
11/12/2025 2:40:51,1.17.2,Bandit80,13,3.93,nan,20,20,80,Left,Right,195,224,215,15,nan,nan,0.18
11/12/2025 2:40:53,1.17.2,Bandit80,13,3.93,nan,20,20,80,LeftinTimeOut,Right,195,224,215,15,nan,nan,nan
11/12/2025 2:41:30,1.17.2,Bandit80,13,3.93,nan,20,20,80,Left,Right,196,224,215,15,nan,nan,0.38
11/12/2025 2:41:33,1.17.2,Bandit80,13,3.93,nan,20,20,80,LeftinTimeOut,Right,196,224,215,15,nan,nan,nan
11/12/2025 2:41:36,1.17.2,Bandit80,13,3.93,nan,20,20,80,LeftinTimeOut,Right,196,224,215,15,nan,nan,nan
11/12/2025 2:41:38,1.17.2,Bandit80,13,3.93,nan,20,20,80,RightinTimeout,Right,196,224,215,15,nan,nan,0.00
11/12/2025 2:49:43,1.17.2,Bandit80,13,3.92,nan,20,20,80,Left,Right,197,224,215,15,nan,nan,0.04
11/12/2025 2:49:45,1.17.2,Bandit80,13,3.93,nan,20,20,80,LeftinTimeOut,Right,197,224,215,15,nan,nan,nan
11/12/2025 2:57:00,1.17.2,Bandit80,13,3.93,nan,20,20,80,Right,Right,197,225,215,15,nan,nan,0.06
11/12/2025 2:57:04,1.17.2,Bandit80,13,3.93,2,20,20,80,Pellet,Right,197,225,216,15,0.95,1268,nan
11/12/2025 2:59:14,1.17.2,Bandit80,13,3.93,nan,20,20,80,Left,Right,198,225,216,16,nan,nan,0.03
11/12/2025 3:04:06,1.17.2,Bandit80,13,3.93,nan,20,20,80,Right,Right,198,226,216,16,nan,nan,0.08
11/12/2025 3:04:10,1.17.2,Bandit80,13,3.93,1,20,20,80,Pellet,Right,198,226,217,16,2.45,426,nan
11/12/2025 3:04:20,1.17.2,Bandit80,13,3.93,nan,20,20,80,Right,Right,198,227,217,17,nan,nan,0.16
11/12/2025 3:04:22,1.17.2,Bandit80,13,3.93,2,20,20,80,Pellet,Right,198,227,218,17,1.07,12,nan
11/12/2025 3:04:48,1.17.2,Bandit80,13,3.93,nan,20,20,80,Right,Right,198,228,218,18,nan,nan,0.37
11/12/2025 3:05:22,1.17.2,Bandit80,13,3.93,nan,20,20,80,Right,Right,198,229,218,18,nan,nan,0.13
11/12/2025 3:05:26,1.17.2,Bandit80,13,3.93,1,20,20,80,Pellet,Right,198,229,219,18,3.05,64,nan
11/12/2025 4:02:40,1.17.2,Bandit80,13,3.92,nan,20,20,80,Left,Right,199,229,219,19,nan,nan,0.28
11/12/2025 4:02:41,1.17.2,Bandit80,13,3.93,1,20,20,80,Pellet,Right,199,229,220,19,0.41,3435,nan
11/12/2025 4:03:03,1.17.2,Bandit80,13,3.93,nan,20,80,20,Left,Left,200,229,220,0,nan,nan,0.28
11/12/2025 4:03:57,1.17.2,Bandit80,13,3.93,nan,20,80,20,Right,Left,200,230,220,0,nan,nan,0.06
11/12/2025 4:04:05,1.17.2,Bandit80,13,3.93,nan,20,80,20,LeftinTimeOut,Left,200,230,220,0,nan,nan,nan
11/12/2025 4:04:07,1.17.2,Bandit80,13,3.93,nan,20,80,20,LeftinTimeOut,Left,200,230,220,0,nan,nan,nan
11/12/2025 4:04:18,1.17.2,Bandit80,13,3.93,nan,20,80,20,Right,Left,200,231,220,0,nan,nan,0.01
11/12/2025 4:04:19,1.17.2,Bandit80,13,3.93,nan,20,80,20,RightinTimeout,Left,200,231,220,0,nan,nan,0.00
11/12/2025 4:04:19,1.17.2,Bandit80,13,3.93,nan,20,80,20,RightinTimeout,Left,200,231,220,0,nan,nan,0.00
11/12/2025 4:04:44,1.17.2,Bandit80,13,3.92,nan,20,80,20,Right,Left,200,232,220,0,nan,nan,0.24
11/12/2025 4:04:46,1.17.2,Bandit80,13,3.93,1,20,80,20,Pellet,Left,200,232,221,0,0.65,124,nan
11/12/2025 4:04:56,1.17.2,Bandit80,13,3.93,nan,20,80,20,Right,Left,200,233,221,1,nan,nan,0.32
11/12/2025 4:04:58,1.17.2,Bandit80,13,3.92,nan,20,80,20,RightinTimeout,Left,200,233,221,1,nan,nan,0.00
11/12/2025 4:05:01,1.17.2,Bandit80,13,3.93,nan,20,80,20,RightinTimeout,Left,200,233,221,1,nan,nan,0.00
11/12/2025 4:06:04,1.17.2,Bandit80,13,3.93,nan,20,80,20,Right,Left,200,234,221,1,nan,nan,0.14
11/12/2025 4:06:05,1.17.2,Bandit80,13,3.93,nan,20,80,20,RightinTimeout,Left,200,234,221,1,nan,nan,0.00
11/12/2025 4:06:09,1.17.2,Bandit80,13,3.93,nan,20,80,20,LeftinTimeOut,Left,200,234,221,1,nan,nan,nan
11/12/2025 4:06:11,1.17.2,Bandit80,13,3.93,nan,20,80,20,LeftinTimeOut,Left,200,234,221,1,nan,nan,nan
11/12/2025 4:06:13,1.17.2,Bandit80,13,3.93,nan,20,80,20,LeftinTimeOut,Left,200,234,221,1,nan,nan,nan
11/12/2025 4:09:29,1.17.2,Bandit80,13,3.93,nan,20,80,20,Right,Left,200,235,221,1,nan,nan,0.36
11/12/2025 4:09:31,1.17.2,Bandit80,13,3.93,nan,20,80,20,RightinTimeout,Left,200,235,221,1,nan,nan,0.00
11/12/2025 4:09:32,1.17.2,Bandit80,13,3.93,nan,20,80,20,RightinTimeout,Left,200,235,221,1,nan,nan,0.00
11/12/2025 4:09:39,1.17.2,Bandit80,13,3.93,nan,20,80,20,LeftinTimeOut,Left,200,235,221,1,nan,nan,nan
11/12/2025 4:09:41,1.17.2,Bandit80,13,3.93,nan,20,80,20,LeftinTimeOut,Left,200,235,221,1,nan,nan,nan
11/12/2025 4:10:06,1.17.2,Bandit80,13,3.93,nan,20,80,20,Right,Left,200,236,221,1,nan,nan,0.25
11/12/2025 4:10:15,1.17.2,Bandit80,13,3.93,nan,20,80,20,LeftinTimeOut,Left,200,236,221,1,nan,nan,nan
11/12/2025 4:10:26,1.17.2,Bandit80,13,3.93,nan,20,80,20,Left,Left,201,236,221,1,nan,nan,0.00
11/12/2025 4:11:15,1.17.2,Bandit80,13,3.93,nan,20,80,20,Right,Left,201,237,221,1,nan,nan,0.27
11/12/2025 4:11:17,1.17.2,Bandit80,13,3.93,nan,20,80,20,RightinTimeout,Left,201,237,221,1,nan,nan,0.00
11/12/2025 4:11:35,1.17.2,Bandit80,13,3.92,nan,20,80,20,Left,Left,202,237,221,1,nan,nan,0.09
11/12/2025 4:11:36,1.17.2,Bandit80,13,3.93,1,20,80,20,Pellet,Left,202,237,222,1,0.35,411,nan
11/12/2025 4:11:54,1.17.2,Bandit80,13,3.93,nan,20,80,20,Left,Left,203,237,222,2,nan,nan,0.00
11/12/2025 4:11:55,1.17.2,Bandit80,13,3.93,1,20,80,20,Pellet,Left,203,237,223,2,0.29,19,nan
11/12/2025 4:12:01,1.17.2,Bandit80,13,3.93,nan,20,80,20,Left,Left,204,237,223,3,nan,nan,0.09
11/12/2025 4:12:03,1.17.2,Bandit80,13,3.93,1,20,80,20,Pellet,Left,204,237,224,3,1.37,8,nan
11/12/2025 4:12:14,1.17.2,Bandit80,13,3.93,nan,20,80,20,Left,Left,205,237,224,4,nan,nan,0.24
11/12/2025 4:12:15,1.17.2,Bandit80,13,3.92,1,20,80,20,Pellet,Left,205,237,225,4,0.35,12,nan
11/12/2025 4:12:27,1.17.2,Bandit80,13,3.93,nan,20,80,20,Left,Left,206,237,225,5,nan,nan,0.00
11/12/2025 4:12:35,1.17.2,Bandit80,13,3.93,nan,20,80,20,LeftinTimeOut,Left,206,237,225,5,nan,nan,nan
11/12/2025 4:12:37,1.17.2,Bandit80,13,3.93,nan,20,80,20,LeftinTimeOut,Left,206,237,225,5,nan,nan,nan
11/12/2025 4:12:38,1.17.2,Bandit80,13,3.92,nan,20,80,20,LeftinTimeOut,Left,206,237,225,5,nan,nan,nan
11/12/2025 4:12:42,1.17.2,Bandit80,13,3.92,nan,20,80,20,LeftinTimeOut,Left,206,237,225,5,nan,nan,nan
11/12/2025 4:14:14,1.17.2,Bandit80,13,3.93,nan,20,80,20,Right,Left,206,238,225,5,nan,nan,0.07
11/12/2025 4:14:16,1.17.2,Bandit80,13,3.93,1,20,80,20,Pellet,Left,206,238,226,5,0.77,121,nan
11/12/2025 4:14:34,1.17.2,Bandit80,13,3.93,nan,20,80,20,Right,Left,206,239,226,6,nan,nan,0.23
11/12/2025 4:14:35,1.17.2,Bandit80,13,3.93,1,20,80,20,Pellet,Left,206,239,227,6,0.89,19,nan
11/12/2025 4:16:25,1.17.2,Bandit80,13,3.93,nan,20,80,20,Left,Left,207,239,227,7,nan,nan,0.27
11/12/2025 4:16:26,1.17.2,Bandit80,13,3.92,1,20,80,20,Pellet,Left,207,239,228,7,0.29,111,nan
11/12/2025 4:16:35,1.17.2,Bandit80,13,3.93,nan,20,80,20,Left,Left,208,239,228,8,nan,nan,0.14
11/12/2025 4:16:36,1.17.2,Bandit80,13,3.93,1,20,80,20,Pellet,Left,208,239,229,8,0.23,10,nan
11/12/2025 4:20:54,1.17.2,Bandit80,13,3.93,nan,20,80,20,Right,Left,208,240,229,9,nan,nan,0.05
11/12/2025 4:24:44,1.17.2,Bandit80,13,3.92,nan,20,80,20,Right,Left,208,241,229,9,nan,nan,0.06
11/12/2025 4:24:45,1.17.2,Bandit80,13,3.92,1,20,80,20,Pellet,Left,208,241,230,9,1.01,489,nan
11/12/2025 4:25:08,1.17.2,Bandit80,13,3.93,nan,20,80,20,Right,Left,208,242,230,10,nan,nan,0.09
11/12/2025 4:25:10,1.17.2,Bandit80,13,3.92,nan,20,80,20,RightinTimeout,Left,208,242,230,10,nan,nan,0.00
11/12/2025 4:25:11,1.17.2,Bandit80,13,3.93,nan,20,80,20,RightinTimeout,Left,208,242,230,10,nan,nan,0.00
11/12/2025 4:25:16,1.17.2,Bandit80,13,3.93,nan,20,80,20,LeftinTimeOut,Left,208,242,230,10,nan,nan,nan
11/12/2025 4:25:18,1.17.2,Bandit80,13,3.92,nan,20,80,20,LeftinTimeOut,Left,208,242,230,10,nan,nan,nan
11/12/2025 4:25:19,1.17.2,Bandit80,13,3.92,nan,20,80,20,LeftinTimeOut,Left,208,242,230,10,nan,nan,nan
11/12/2025 4:25:21,1.17.2,Bandit80,13,3.93,nan,20,80,20,LeftinTimeOut,Left,208,242,230,10,nan,nan,nan
11/12/2025 5:03:07,1.17.2,Bandit80,13,3.93,nan,20,80,20,Left,Left,209,242,230,10,nan,nan,0.16
11/12/2025 5:03:09,1.17.2,Bandit80,13,3.93,1,20,80,20,Pellet,Left,209,242,231,10,1.19,2304,nan
11/12/2025 5:03:36,1.17.2,Bandit80,13,3.93,nan,20,80,20,Left,Left,210,242,231,11,nan,nan,0.34
11/12/2025 5:03:37,1.17.2,Bandit80,13,3.93,1,20,80,20,Pellet,Left,210,242,232,11,0.95,28,nan
11/12/2025 5:03:52,1.17.2,Bandit80,13,3.93,nan,20,80,20,Left,Left,211,242,232,12,nan,nan,1.12
11/12/2025 5:03:53,1.17.2,Bandit80,13,3.92,1,20,80,20,Pellet,Left,211,242,233,12,0.47,16,nan
11/12/2025 5:04:24,1.17.2,Bandit80,13,3.93,nan,20,80,20,Right,Left,211,243,233,13,nan,nan,0.10
11/12/2025 5:04:25,1.17.2,Bandit80,13,3.92,nan,20,80,20,RightinTimeout,Left,211,243,233,13,nan,nan,0.00
11/12/2025 5:04:27,1.17.2,Bandit80,13,3.92,nan,20,80,20,RightinTimeout,Left,211,243,233,13,nan,nan,0.00
11/12/2025 5:04:27,1.17.2,Bandit80,13,3.93,nan,20,80,20,RightinTimeout,Left,211,243,233,13,nan,nan,0.00
11/12/2025 5:04:31,1.17.2,Bandit80,13,3.93,nan,20,80,20,RightinTimeout,Left,211,243,233,13,nan,nan,0.00
11/12/2025 5:04:34,1.17.2,Bandit80,13,3.93,nan,20,80,20,RightinTimeout,Left,211,243,233,13,nan,nan,0.00
11/12/2025 5:04:43,1.17.2,Bandit80,13,3.93,nan,20,80,20,LeftinTimeOut,Left,211,243,233,13,nan,nan,nan
11/12/2025 5:10:38,1.17.2,Bandit80,13,3.92,nan,20,80,20,Right,Left,211,244,233,13,nan,nan,0.15
11/12/2025 5:10:43,1.17.2,Bandit80,13,3.93,nan,20,80,20,LeftinTimeOut,Left,211,244,233,13,nan,nan,nan
11/12/2025 5:13:33,1.17.2,Bandit80,13,3.92,nan,20,80,20,Right,Left,211,245,233,13,nan,nan,0.14
11/12/2025 5:13:36,1.17.2,Bandit80,13,3.92,nan,20,80,20,RightinTimeout,Left,211,245,233,13,nan,nan,0.00
11/12/2025 5:13:37,1.17.2,Bandit80,13,3.92,nan,20,80,20,RightinTimeout,Left,211,245,233,13,nan,nan,0.00
11/12/2025 5:18:58,1.17.2,Bandit80,13,3.93,nan,20,80,20,Left,Left,212,245,233,13,nan,nan,0.12
11/12/2025 5:18:59,1.17.2,Bandit80,13,3.92,nan,20,80,20,LeftinTimeOut,Left,212,245,233,13,nan,nan,nan
11/12/2025 5:19:01,1.17.2,Bandit80,13,3.93,nan,20,80,20,LeftinTimeOut,Left,212,245,233,13,nan,nan,nan
11/12/2025 5:19:02,1.17.2,Bandit80,13,3.93,nan,20,80,20,LeftinTimeOut,Left,212,245,233,13,nan,nan,nan
11/12/2025 5:20:32,1.17.2,Bandit80,13,3.93,nan,20,80,20,Left,Left,213,245,233,13,nan,nan,0.15
11/12/2025 5:20:34,1.17.2,Bandit80,13,3.93,1,20,80,20,Pellet,Left,213,245,234,13,0.71,1001,nan
11/12/2025 5:20:50,1.17.2,Bandit80,13,3.93,nan,20,80,20,Left,Left,214,245,234,14,nan,nan,0.12
11/12/2025 5:20:55,1.17.2,Bandit80,13,3.93,nan,20,80,20,LeftinTimeOut,Left,214,245,234,14,nan,nan,nan
11/12/2025 5:20:57,1.17.2,Bandit80,13,3.92,nan,20,80,20,LeftinTimeOut,Left,214,245,234,14,nan,nan,nan
11/12/2025 5:20:59,1.17.2,Bandit80,13,3.92,nan,20,80,20,LeftinTimeOut,Left,214,245,234,14,nan,nan,nan
11/12/2025 5:25:01,1.17.2,Bandit80,13,3.93,nan,20,80,20,Right,Left,214,246,234,14,nan,nan,0.17
11/12/2025 5:25:05,1.17.2,Bandit80,13,3.92,nan,20,80,20,LeftinTimeOut,Left,214,246,234,14,nan,nan,nan
11/12/2025 5:25:06,1.17.2,Bandit80,13,3.92,nan,20,80,20,LeftinTimeOut,Left,214,246,234,14,nan,nan,nan
11/12/2025 5:31:40,1.17.2,Bandit80,13,3.93,nan,20,80,20,Left,Left,215,246,234,14,nan,nan,0.14
11/12/2025 5:31:44,1.17.2,Bandit80,13,3.92,nan,20,80,20,LeftinTimeOut,Left,215,246,234,14,nan,nan,nan
11/12/2025 5:31:49,1.17.2,Bandit80,13,3.93,nan,20,80,20,RightinTimeout,Left,215,246,234,14,nan,nan,0.00
11/12/2025 5:31:50,1.17.2,Bandit80,13,3.92,nan,20,80,20,RightinTimeout,Left,215,246,234,14,nan,nan,0.00
11/12/2025 5:31:52,1.17.2,Bandit80,13,3.93,nan,20,80,20,RightinTimeout,Left,215,246,234,14,nan,nan,0.00
11/12/2025 5:31:53,1.17.2,Bandit80,13,3.92,nan,20,80,20,RightinTimeout,Left,215,246,234,14,nan,nan,0.00
11/12/2025 5:31:55,1.17.2,Bandit80,13,3.92,nan,20,80,20,RightinTimeout,Left,215,246,234,14,nan,nan,0.00
11/12/2025 5:31:56,1.17.2,Bandit80,13,3.93,nan,20,80,20,RightinTimeout,Left,215,246,234,14,nan,nan,0.00
11/12/2025 5:31:57,1.17.2,Bandit80,13,3.92,nan,20,80,20,RightinTimeout,Left,215,246,234,14,nan,nan,0.00
11/12/2025 5:31:58,1.17.2,Bandit80,13,3.93,nan,20,80,20,RightinTimeout,Left,215,246,234,14,nan,nan,0.00
11/12/2025 5:31:58,1.17.2,Bandit80,13,3.92,nan,20,80,20,RightinTimeout,Left,215,246,234,14,nan,nan,0.00
11/12/2025 5:31:58,1.17.2,Bandit80,13,3.92,nan,20,80,20,RightinTimeout,Left,215,246,234,14,nan,nan,0.00
11/12/2025 5:31:59,1.17.2,Bandit80,13,3.92,nan,20,80,20,RightinTimeout,Left,215,246,234,14,nan,nan,0.00
11/12/2025 5:31:59,1.17.2,Bandit80,13,3.92,nan,20,80,20,RightinTimeout,Left,215,246,234,14,nan,nan,0.00
11/12/2025 5:31:59,1.17.2,Bandit80,13,3.92,nan,20,80,20,RightinTimeout,Left,215,246,234,14,nan,nan,0.00
11/12/2025 5:32:00,1.17.2,Bandit80,13,3.93,nan,20,80,20,RightinTimeout,Left,215,246,234,14,nan,nan,0.00
11/12/2025 5:32:00,1.17.2,Bandit80,13,3.92,nan,20,80,20,RightinTimeout,Left,215,246,234,14,nan,nan,0.00
11/12/2025 5:32:01,1.17.2,Bandit80,13,3.93,nan,20,80,20,RightinTimeout,Left,215,246,234,14,nan,nan,0.00
11/12/2025 5:32:01,1.17.2,Bandit80,13,3.93,nan,20,80,20,RightinTimeout,Left,215,246,234,14,nan,nan,0.00
11/12/2025 5:32:02,1.17.2,Bandit80,13,3.92,nan,20,80,20,RightinTimeout,Left,215,246,234,14,nan,nan,0.00
11/12/2025 5:32:03,1.17.2,Bandit80,13,3.93,nan,20,80,20,RightinTimeout,Left,215,246,234,14,nan,nan,0.00
11/12/2025 5:32:03,1.17.2,Bandit80,13,3.92,nan,20,80,20,RightinTimeout,Left,215,246,234,14,nan,nan,0.00
11/12/2025 5:32:04,1.17.2,Bandit80,13,3.92,nan,20,80,20,RightinTimeout,Left,215,246,234,14,nan,nan,0.00
11/12/2025 5:32:05,1.17.2,Bandit80,13,3.92,nan,20,80,20,RightinTimeout,Left,215,246,234,14,nan,nan,0.00
11/12/2025 5:32:05,1.17.2,Bandit80,13,3.93,nan,20,80,20,RightinTimeout,Left,215,246,234,14,nan,nan,0.00
11/12/2025 5:32:05,1.17.2,Bandit80,13,3.93,nan,20,80,20,RightinTimeout,Left,215,246,234,14,nan,nan,0.00
11/12/2025 5:32:07,1.17.2,Bandit80,13,3.92,nan,20,80,20,RightinTimeout,Left,215,246,234,14,nan,nan,0.00
11/12/2025 5:32:08,1.17.2,Bandit80,13,3.93,nan,20,80,20,RightinTimeout,Left,215,246,234,14,nan,nan,0.00
11/12/2025 5:32:09,1.17.2,Bandit80,13,3.93,nan,20,80,20,RightinTimeout,Left,215,246,234,14,nan,nan,0.00
11/12/2025 5:32:09,1.17.2,Bandit80,13,3.93,nan,20,80,20,RightinTimeout,Left,215,246,234,14,nan,nan,0.00
11/12/2025 5:32:09,1.17.2,Bandit80,13,3.92,nan,20,80,20,RightinTimeout,Left,215,246,234,14,nan,nan,0.00
11/12/2025 5:32:10,1.17.2,Bandit80,13,3.93,nan,20,80,20,RightinTimeout,Left,215,246,234,14,nan,nan,0.00
11/12/2025 5:32:11,1.17.2,Bandit80,13,3.93,nan,20,80,20,RightinTimeout,Left,215,246,234,14,nan,nan,0.00
11/12/2025 5:32:12,1.17.2,Bandit80,13,3.93,nan,20,80,20,RightinTimeout,Left,215,246,234,14,nan,nan,0.00
11/12/2025 5:32:12,1.17.2,Bandit80,13,3.93,nan,20,80,20,RightinTimeout,Left,215,246,234,14,nan,nan,0.00
11/12/2025 5:32:12,1.17.2,Bandit80,13,3.92,nan,20,80,20,RightinTimeout,Left,215,246,234,14,nan,nan,0.00
11/12/2025 5:32:13,1.17.2,Bandit80,13,3.93,nan,20,80,20,RightinTimeout,Left,215,246,234,14,nan,nan,0.00
11/12/2025 5:32:13,1.17.2,Bandit80,13,3.92,nan,20,80,20,RightinTimeout,Left,215,246,234,14,nan,nan,0.00
11/12/2025 5:32:14,1.17.2,Bandit80,13,3.93,nan,20,80,20,RightinTimeout,Left,215,246,234,14,nan,nan,0.00
11/12/2025 5:32:14,1.17.2,Bandit80,13,3.93,nan,20,80,20,RightinTimeout,Left,215,246,234,14,nan,nan,0.00
11/12/2025 5:32:14,1.17.2,Bandit80,13,3.92,nan,20,80,20,RightinTimeout,Left,215,246,234,14,nan,nan,0.00
11/12/2025 5:32:15,1.17.2,Bandit80,13,3.93,nan,20,80,20,RightinTimeout,Left,215,246,234,14,nan,nan,0.00
11/12/2025 5:32:15,1.17.2,Bandit80,13,3.93,nan,20,80,20,RightinTimeout,Left,215,246,234,14,nan,nan,0.00
11/12/2025 5:32:16,1.17.2,Bandit80,13,3.92,nan,20,80,20,RightinTimeout,Left,215,246,234,14,nan,nan,0.00
11/12/2025 5:32:17,1.17.2,Bandit80,13,3.92,nan,20,80,20,RightinTimeout,Left,215,246,234,14,nan,nan,0.00
11/12/2025 5:32:23,1.17.2,Bandit80,13,3.93,nan,20,80,20,RightinTimeout,Left,215,246,234,14,nan,nan,0.00
11/12/2025 5:32:24,1.17.2,Bandit80,13,3.93,nan,20,80,20,RightinTimeout,Left,215,246,234,14,nan,nan,0.00
11/12/2025 5:32:25,1.17.2,Bandit80,13,3.93,nan,20,80,20,RightinTimeout,Left,215,246,234,14,nan,nan,0.00
11/12/2025 5:32:25,1.17.2,Bandit80,13,3.92,nan,20,80,20,RightinTimeout,Left,215,246,234,14,nan,nan,0.00
11/12/2025 5:32:25,1.17.2,Bandit80,13,3.92,nan,20,80,20,RightinTimeout,Left,215,246,234,14,nan,nan,0.00
11/12/2025 5:32:30,1.17.2,Bandit80,13,3.93,nan,20,80,20,RightinTimeout,Left,215,246,234,14,nan,nan,0.00
11/12/2025 5:32:31,1.17.2,Bandit80,13,3.92,nan,20,80,20,RightinTimeout,Left,215,246,234,14,nan,nan,0.00
11/12/2025 5:32:35,1.17.2,Bandit80,13,3.93,nan,20,80,20,LeftinTimeOut,Left,215,246,234,14,nan,nan,nan
11/12/2025 5:32:36,1.17.2,Bandit80,13,3.93,nan,20,80,20,LeftinTimeOut,Left,215,246,234,14,nan,nan,nan
11/12/2025 5:32:39,1.17.2,Bandit80,13,3.92,nan,20,80,20,RightinTimeout,Left,215,246,234,14,nan,nan,0.00
11/12/2025 5:33:24,1.17.2,Bandit80,13,3.93,nan,20,80,20,Left,Left,216,246,234,14,nan,nan,0.16
11/12/2025 5:33:25,1.17.2,Bandit80,13,3.92,1,20,80,20,Pellet,Left,216,246,235,14,0.47,771,nan
11/12/2025 5:33:38,1.17.2,Bandit80,13,3.93,nan,20,80,20,Left,Left,217,246,235,15,nan,nan,0.08
11/12/2025 5:33:39,1.17.2,Bandit80,13,3.92,1,20,80,20,Pellet,Left,217,246,236,15,0.35,14,nan
11/12/2025 5:34:26,1.17.2,Bandit80,13,3.92,nan,20,80,20,Left,Left,218,246,236,16,nan,nan,0.02
11/12/2025 5:34:27,1.17.2,Bandit80,13,3.92,1,20,80,20,Pellet,Left,218,246,237,16,0.35,48,nan
11/12/2025 5:35:31,1.17.2,Bandit80,13,3.93,nan,20,80,20,Right,Left,218,247,237,17,nan,nan,0.05
11/12/2025 5:35:33,1.17.2,Bandit80,13,3.92,nan,20,80,20,RightinTimeout,Left,218,247,237,17,nan,nan,0.00
11/12/2025 5:35:35,1.17.2,Bandit80,13,3.92,nan,20,80,20,LeftinTimeOut,Left,218,247,237,17,nan,nan,nan
11/12/2025 5:48:25,1.17.2,Bandit80,13,3.93,nan,20,80,20,Left,Left,219,247,237,17,nan,nan,0.03
11/12/2025 5:48:26,1.17.2,Bandit80,13,3.93,1,20,80,20,Pellet,Left,219,247,238,17,0.35,839,nan
11/12/2025 5:49:33,1.17.2,Bandit80,13,3.93,nan,20,80,20,Left,Left,220,247,238,18,nan,nan,0.17
11/12/2025 5:49:35,1.17.2,Bandit80,13,3.92,2,20,80,20,Pellet,Left,220,247,239,18,0.41,69,nan
11/12/2025 5:59:20,1.17.2,Bandit80,13,3.92,nan,20,80,20,Right,Left,220,248,239,19,nan,nan,0.08
11/12/2025 6:02:19,1.17.2,Bandit80,13,3.92,nan,20,80,20,Left,Left,221,248,239,19,nan,nan,0.07
11/12/2025 6:02:20,1.17.2,Bandit80,13,3.92,1,20,80,20,Pellet,Left,221,248,240,19,0.47,765,nan
11/12/2025 6:02:37,1.17.2,Bandit80,13,3.92,nan,20,20,80,Left,Right,222,248,240,0,nan,nan,0.14
11/12/2025 6:02:39,1.17.2,Bandit80,13,3.93,nan,20,20,80,LeftinTimeOut,Right,222,248,240,0,nan,nan,nan
11/12/2025 6:10:32,1.17.2,Bandit80,13,3.92,nan,20,20,80,Left,Right,223,248,240,0,nan,nan,0.37
11/12/2025 6:12:07,1.17.2,Bandit80,13,3.92,nan,20,20,80,Left,Right,224,248,240,0,nan,nan,0.15
11/12/2025 6:16:11,1.17.2,Bandit80,13,3.92,nan,20,20,80,Left,Right,225,248,240,0,nan,nan,0.05
11/12/2025 7:11:57,1.17.2,Bandit80,13,3.92,nan,20,20,80,Left,Right,226,248,240,0,nan,nan,0.00
11/12/2025 7:31:32,1.17.2,Bandit80,13,3.91,nan,20,20,80,Left,Right,227,248,240,0,nan,nan,1.06
11/12/2025 7:31:35,1.17.2,Bandit80,13,3.92,nan,20,20,80,LeftinTimeOut,Right,227,248,240,0,nan,nan,nan
11/12/2025 7:31:35,1.17.2,Bandit80,13,3.92,nan,20,20,80,LeftinTimeOut,Right,227,248,240,0,nan,nan,nan
11/12/2025 7:31:36,1.17.2,Bandit80,13,3.91,nan,20,20,80,LeftinTimeOut,Right,227,248,240,0,nan,nan,nan
11/12/2025 7:31:39,1.17.2,Bandit80,13,3.92,nan,20,20,80,LeftinTimeOut,Right,227,248,240,0,nan,nan,nan
11/12/2025 7:31:42,1.17.2,Bandit80,13,3.92,nan,20,20,80,LeftinTimeOut,Right,227,248,240,0,nan,nan,nan
11/12/2025 7:32:07,1.17.2,Bandit80,13,3.92,nan,20,20,80,Right,Right,227,249,240,0,nan,nan,0.34
11/12/2025 7:32:10,1.17.2,Bandit80,13,3.91,1,20,20,80,Pellet,Right,227,249,241,0,2.27,5390,nan
11/12/2025 7:32:24,1.17.2,Bandit80,13,3.92,nan,20,20,80,Right,Right,227,250,241,1,nan,nan,0.35
11/12/2025 7:32:25,1.17.2,Bandit80,13,3.92,1,20,20,80,Pellet,Right,227,250,242,1,0.83,15,nan
11/12/2025 7:32:58,1.17.2,Bandit80,13,3.92,nan,20,20,80,Right,Right,227,251,242,2,nan,nan,0.12
11/12/2025 7:33:03,1.17.2,Bandit80,13,3.92,2,20,20,80,Pellet,Right,227,251,243,2,3.65,38,nan
11/12/2025 7:33:16,1.17.2,Bandit80,13,3.92,nan,20,20,80,Right,Right,227,252,243,3,nan,nan,0.08
11/12/2025 7:33:17,1.17.2,Bandit80,13,3.91,nan,20,20,80,RightinTimeout,Right,227,252,243,3,nan,nan,0.00
11/12/2025 7:33:18,1.17.2,Bandit80,13,3.92,nan,20,20,80,RightinTimeout,Right,227,252,243,3,nan,nan,0.00
11/12/2025 7:33:19,1.17.2,Bandit80,13,3.92,nan,20,20,80,RightinTimeout,Right,227,252,243,3,nan,nan,0.00
11/12/2025 7:33:40,1.17.2,Bandit80,13,3.92,nan,20,20,80,Left,Right,228,252,243,3,nan,nan,0.29
11/12/2025 7:33:42,1.17.2,Bandit80,13,3.92,nan,20,20,80,LeftinTimeOut,Right,228,252,243,3,nan,nan,nan
11/12/2025 7:33:51,1.17.2,Bandit80,13,3.92,nan,20,20,80,RightinTimeout,Right,228,252,243,3,nan,nan,0.00
11/12/2025 7:33:53,1.17.2,Bandit80,13,3.92,nan,20,20,80,RightinTimeout,Right,228,252,243,3,nan,nan,0.00
11/12/2025 7:37:50,1.17.2,Bandit80,13,3.92,nan,20,20,80,Right,Right,228,253,243,3,nan,nan,0.50
11/12/2025 7:38:08,1.17.2,Bandit80,13,3.92,6,20,20,80,Pellet,Right,228,253,244,3,5.99,305,nan
11/12/2025 7:40:36,1.17.2,Bandit80,13,3.92,nan,20,20,80,Right,Right,228,254,244,4,nan,nan,0.37
11/12/2025 7:40:37,1.17.2,Bandit80,13,3.92,2,20,20,80,Pellet,Right,228,254,245,4,0.41,149,nan
11/12/2025 7:41:16,1.17.2,Bandit80,13,3.92,nan,20,20,80,Right,Right,228,255,245,5,nan,nan,0.08
11/12/2025 7:41:17,1.17.2,Bandit80,13,3.92,2,20,20,80,Pellet,Right,228,255,246,5,0.29,40,nan
11/12/2025 7:41:33,1.17.2,Bandit80,13,3.91,nan,20,20,80,Right,Right,228,256,246,6,nan,nan,0.16
11/12/2025 7:41:35,1.17.2,Bandit80,13,3.91,2,20,20,80,Pellet,Right,228,256,247,6,0.35,17,nan
11/12/2025 7:41:47,1.17.2,Bandit80,13,3.92,nan,20,20,80,Right,Right,228,257,247,7,nan,nan,0.19
11/12/2025 7:41:49,1.17.2,Bandit80,13,3.92,1,20,20,80,Pellet,Right,228,257,248,7,1.25,15,nan
11/12/2025 7:42:03,1.17.2,Bandit80,13,3.92,nan,20,20,80,Right,Right,228,258,248,8,nan,nan,0.02
11/12/2025 7:42:04,1.17.2,Bandit80,13,3.92,1,20,20,80,Pellet,Right,228,258,249,8,0.77,15,nan
11/12/2025 7:42:17,1.17.2,Bandit80,13,3.92,nan,20,20,80,Right,Right,228,259,249,9,nan,nan,0.05
11/12/2025 7:42:18,1.17.2,Bandit80,13,3.92,1,20,20,80,Pellet,Right,228,259,250,9,0.41,14,nan
11/12/2025 7:42:44,1.17.2,Bandit80,13,3.92,nan,20,20,80,Right,Right,228,260,250,10,nan,nan,0.06
11/12/2025 7:48:16,1.17.2,Bandit80,13,3.92,nan,20,20,80,Left,Right,229,260,250,10,nan,nan,0.19
11/12/2025 9:14:12,1.17.2,Bandit80,13,3.91,nan,20,20,80,Left,Right,230,260,250,10,nan,nan,0.07
11/12/2025 9:28:34,1.17.2,Bandit80,13,3.91,nan,20,20,80,Left,Right,231,260,250,10,nan,nan,1.21
11/12/2025 9:28:37,1.17.2,Bandit80,13,3.91,nan,20,20,80,LeftinTimeOut,Right,231,260,250,10,nan,nan,nan
11/12/2025 9:28:38,1.17.2,Bandit80,13,3.91,nan,20,20,80,LeftinTimeOut,Right,231,260,250,10,nan,nan,nan
11/12/2025 9:33:45,1.17.2,Bandit80,13,3.91,nan,20,20,80,Left,Right,232,260,250,10,nan,nan,0.22
11/12/2025 9:34:13,1.17.2,Bandit80,13,3.92,nan,20,20,80,Right,Right,232,261,250,10,nan,nan,0.00
11/12/2025 9:37:30,1.17.2,Bandit80,13,3.91,nan,20,20,80,Right,Right,232,262,250,10,nan,nan,0.12
11/12/2025 9:37:32,1.17.2,Bandit80,13,3.91,2,20,20,80,Pellet,Right,232,262,251,10,0.83,6914,nan
11/12/2025 9:38:16,1.17.2,Bandit80,13,3.91,nan,20,20,80,Right,Right,232,263,251,11,nan,nan,0.55
11/12/2025 9:38:18,1.17.2,Bandit80,13,3.92,1,20,20,80,Pellet,Right,232,263,252,11,1.19,46,nan
11/12/2025 9:38:33,1.17.2,Bandit80,13,3.91,nan,20,20,80,Right,Right,232,264,252,12,nan,nan,0.22
11/12/2025 9:38:34,1.17.2,Bandit80,13,3.91,nan,20,20,80,RightDuringDispense,Right,232,264,252,12,nan,nan,0.36
11/12/2025 9:38:35,1.17.2,Bandit80,13,3.91,nan,20,20,80,RightDuringDispense,Right,232,264,252,12,nan,nan,0.29
11/12/2025 9:38:42,1.17.2,Bandit80,13,3.91,nan,20,20,80,RightWithPellet,Right,232,265,252,12,nan,nan,0.81
11/12/2025 9:38:45,1.17.2,Bandit80,13,3.91,nan,20,20,80,RightWithPellet,Right,232,266,252,12,nan,nan,0.49
11/12/2025 9:38:46,1.17.2,Bandit80,13,3.91,2,20,20,80,Pellet,Right,232,266,253,12,8.98,28,nan
11/12/2025 9:39:12,1.17.2,Bandit80,13,3.91,nan,20,20,80,Right,Right,232,267,253,13,nan,nan,0.16
11/12/2025 9:39:14,1.17.2,Bandit80,13,3.91,1,20,20,80,Pellet,Right,232,267,254,13,1.07,28,nan
11/12/2025 13:02:54,1.17.2,Bandit80,13,3.91,nan,20,20,80,Left,Right,233,267,254,14,nan,nan,0.28
11/12/2025 13:02:57,1.17.2,Bandit80,13,3.91,nan,20,20,80,LeftinTimeOut,Right,233,267,254,14,nan,nan,nan
11/12/2025 13:02:57,1.17.2,Bandit80,13,3.91,nan,20,20,80,LeftinTimeOut,Right,233,267,254,14,nan,nan,nan
11/12/2025 13:02:58,1.17.2,Bandit80,13,3.91,nan,20,20,80,LeftinTimeOut,Right,233,267,254,14,nan,nan,nan
11/12/2025 13:07:25,1.17.2,Bandit80,13,3.91,nan,20,20,80,Right,Right,233,268,254,14,nan,nan,0.10
11/12/2025 13:07:29,1.17.2,Bandit80,13,3.91,2,20,20,80,Pellet,Right,233,268,255,14,1.07,12494,nan
11/12/2025 13:08:14,1.17.2,Bandit80,13,3.91,nan,20,20,80,Right,Right,233,269,255,15,nan,nan,0.14
11/12/2025 13:08:15,1.17.2,Bandit80,13,3.91,1,20,20,80,Pellet,Right,233,269,256,15,0.53,47,nan
11/12/2025 13:08:24,1.17.2,Bandit80,13,3.91,nan,20,20,80,Right,Right,233,270,256,16,nan,nan,0.05
11/12/2025 13:08:25,1.17.2,Bandit80,13,3.91,1,20,20,80,Pellet,Right,233,270,257,16,0.47,10,nan
11/12/2025 13:08:54,1.17.2,Bandit80,13,3.91,nan,20,20,80,Right,Right,233,271,257,17,nan,nan,0.02
11/12/2025 13:08:57,1.17.2,Bandit80,13,3.91,nan,20,20,80,RightinTimeout,Right,233,271,257,17,nan,nan,0.00
11/12/2025 13:09:00,1.17.2,Bandit80,13,3.91,nan,20,20,80,RightinTimeout,Right,233,271,257,17,nan,nan,0.00
11/12/2025 13:15:10,1.17.2,Bandit80,13,3.90,nan,20,20,80,Left,Right,234,271,257,17,nan,nan,24.05
11/12/2025 13:15:18,1.17.2,Bandit80,13,3.91,nan,20,20,80,LeftinTimeOut,Right,234,271,257,17,nan,nan,nan
11/12/2025 13:15:23,1.17.2,Bandit80,13,3.91,nan,20,20,80,Left,Right,235,271,257,17,nan,nan,0.01
11/12/2025 13:15:26,1.17.2,Bandit80,13,3.91,nan,20,20,80,LeftinTimeOut,Right,235,271,257,17,nan,nan,nan
11/12/2025 13:15:42,1.17.2,Bandit80,13,3.91,nan,20,20,80,LeftinTimeOut,Right,235,271,257,17,nan,nan,nan
11/12/2025 13:15:43,1.17.2,Bandit80,13,3.91,nan,20,20,80,Left,Right,236,271,257,17,nan,nan,0.00
11/12/2025 13:15:43,1.17.2,Bandit80,13,3.90,nan,20,20,80,LeftinTimeOut,Right,236,271,257,17,nan,nan,nan
11/12/2025 13:15:49,1.17.2,Bandit80,13,3.91,nan,20,20,80,LeftinTimeOut,Right,236,271,257,17,nan,nan,nan
11/12/2025 13:26:48,1.17.2,Bandit80,13,3.91,nan,20,20,80,Left,Right,237,271,257,17,nan,nan,0.22
11/12/2025 13:27:08,1.17.2,Bandit80,13,3.91,nan,20,20,80,Left,Right,238,271,257,17,nan,nan,0.46
11/12/2025 15:34:27,1.17.2,Bandit80,13,3.91,nan,20,20,80,Left,Right,239,271,257,17,nan,nan,0.22
11/12/2025 15:38:52,1.17.2,Bandit80,13,3.90,nan,20,20,80,Right,Right,239,272,257,17,nan,nan,0.16
11/12/2025 15:38:53,1.17.2,Bandit80,13,3.90,1,20,20,80,Pellet,Right,239,272,258,17,0.77,9028,nan
11/12/2025 15:40:36,1.17.2,Bandit80,13,3.90,nan,20,20,80,Left,Right,240,272,258,18,nan,nan,0.37
11/12/2025 15:47:59,1.17.2,Bandit80,13,3.90,nan,20,20,80,Left,Right,241,272,258,18,nan,nan,0.03
