MM:DD:YYYY hh:mm:ss,Library_Version,Session_Type,Device_Number,Battery_Voltage,Motor_Turns,FR,Event,Active_Poke,Left_Poke_Count,Right_Poke_Count,Pellet_Count,Block_Pellet_Count,Retrieval_Time,InterPelletInterval,Poke_Time
2025-11-12 15:50:46,1.17.2,PR1,13,3.9,,1,Right,Left,0,1,0,0,,,0.16
2025-11-12 15:58:34,1.17.2,PR1,13,3.91,,1,Left,Left,1,1,0,0,,,0.07
2025-11-12 15:58:41,1.17.2,PR1,13,3.9,2.0,1,Pellet,Left,1,1,1,1,4.9,,
2025-11-12 16:04:09,1.17.2,PR1,13,3.9,,2,Right,Left,1,2,1,1,,,0.15
2025-11-12 16:11:44,1.17.2,PR1,13,3.9,,2,Right,Left,1,3,1,1,,,0.06
2025-11-12 16:14:05,1.17.2,PR1,13,3.91,,2,Left,Left,2,3,1,1,,,0.17
2025-11-12 16:14:06,1.17.2,PR1,13,3.9,,2,Left,Left,3,3,1,1,,,0.33
2025-11-12 16:14:09,1.17.2,PR1,13,3.9,1.0,2,Pellet,Left,3,3,2,2,1.37,928.0,
2025-11-12 16:16:24,1.17.2,PR1,13,3.9,,3,Right,Left,3,4,2,2,,,0.06
2025-11-12 16:16:26,1.17.2,PR1,13,3.9,,3,Right,Left,3,5,2,2,,,0.17
2025-11-12 16:16:42,1.17.2,PR1,13,3.9,,3,Left,Left,4,5,2,2,,,0.1
2025-11-12 16:16:44,1.17.2,PR1,13,3.9,,3,Left,Left,5,5,2,2,,,0.25
2025-11-12 16:16:48,1.17.2,PR1,13,3.9,,3,Right,Left,5,6,2,2,,,0.04
2025-11-12 16:16:57,1.17.2,PR1,13,3.9,,3,Left,Left,6,6,2,2,,,0.06
2025-11-12 16:16:59,1.17.2,PR1,13,3.91,1.0,3,Pellet,Left,6,6,3,3,0.53,169.0,
2025-11-12 17:19:12,1.17.2,PR1,13,3.89,,1,Right,Left,6,7,3,0,,,0.09
2025-11-12 17:19:16,1.17.2,PR1,13,3.89,,1,Right,Left,6,8,3,0,,,0.35
2025-11-12 17:19:19,1.17.2,PR1,13,3.89,,1,Right,Left,6,9,3,0,,,0.06
2025-11-12 17:25:11,1.17.2,PR1,13,3.9,,1,Left,Left,7,9,3,0,,,0.15
2025-11-12 17:25:13,1.17.2,PR1,13,3.89,1.0,1,Pellet,Left,7,9,4,1,0.89,4095.0,
2025-11-12 17:25:42,1.17.2,PR1,13,3.89,,2,Left,Left,8,9,4,1,,,0.62
2025-11-12 17:25:44,1.17.2,PR1,13,3.89,,2,Left,Left,9,9,4,1,,,0.24
2025-11-12 17:25:45,1.17.2,PR1,13,3.9,1.0,2,Pellet,Left,9,9,5,2,0.29,32.0,
2025-11-12 17:26:00,1.17.2,PR1,13,3.9,,3,Left,Left,10,9,5,2,,,0.14
2025-11-12 17:26:06,1.17.2,PR1,13,3.89,,3,Left,Left,11,9,5,2,,,0.11
2025-11-12 17:26:11,1.17.2,PR1,13,3.89,,3,Left,Left,12,9,5,2,,,0.11
2025-11-12 17:26:12,1.17.2,PR1,13,3.89,1.0,3,Pellet,Left,12,9,6,3,0.41,27.0,
2025-11-12 18:04:50,1.17.2,PR1,13,3.89,,1,Right,Left,12,10,6,0,,,0.39
2025-11-12 18:04:51,1.17.2,PR1,13,3.89,,1,Right,Left,12,11,6,0,,,0.12
2025-11-12 18:04:53,1.17.2,PR1,13,3.89,,1,Right,Left,12,12,6,0,,,0.34
2025-11-12 18:04:55,1.17.2,PR1,13,3.9,,1,Right,Left,12,13,6,0,,,0.69
2025-11-12 18:04:57,1.17.2,PR1,13,3.89,,1,Right,Left,12,14,6,0,,,0.34
2025-11-12 18:07:37,1.17.2,PR1,13,3.9,,1,Left,Left,13,14,6,0,,,0.18
2025-11-12 18:07:39,1.17.2,PR1,13,3.9,1.0,1,Pellet,Left,13,14,7,1,0.59,2486.0,
2025-11-12 18:07:51,1.17.2,PR1,13,3.9,,2,Left,Left,14,14,7,1,,,0.1
2025-11-12 18:07:53,1.17.2,PR1,13,3.9,,2,Left,Left,15,14,7,1,,,0.11
2025-11-12 18:07:55,1.17.2,PR1,13,3.89,1.0,2,Pellet,Left,15,14,8,2,0.29,16.0,
2025-11-12 18:23:20,1.17.2,PR1,13,3.89,,3,Left,Left,16,14,8,2,,,0.45
2025-11-12 18:23:22,1.17.2,PR1,13,3.9,,3,Left,Left,17,14,8,2,,,0.47
2025-11-12 18:23:23,1.17.2,PR1,13,3.89,,3,Left,Left,18,14,8,2,,,0.3
2025-11-12 18:23:25,1.17.2,PR1,13,3.89,1.0,3,Pellet,Left,18,14,9,3,0.59,931.0,
2025-11-12 18:24:46,1.17.2,PR1,13,3.9,,4,Right,Left,18,15,9,3,,,0.19
2025-11-12 18:26:56,1.17.2,PR1,13,3.89,,4,Right,Left,18,16,9,3,,,0.16
2025-11-12 18:28:00,1.17.2,PR1,13,3.89,,4,Left,Left,19,16,9,3,,,0.07
2025-11-12 18:43:12,1.17.2,PR1,13,3.89,,4,Left,Left,20,16,9,3,,,0.24
2025-11-12 18:43:14,1.17.2,PR1,13,3.89,,4,Left,Left,21,16,9,3,,,0.26
2025-11-12 18:45:41,1.17.2,PR1,13,3.89,,4,Right,Left,21,17,9,3,,,0.19
2025-11-12 18:46:32,1.17.2,PR1,13,3.89,,4,Right,Left,21,18,9,3,,,0.23
2025-11-12 18:46:34,1.17.2,PR1,13,3.89,,4,Right,Left,21,19,9,3,,,0.26
2025-11-12 18:46:42,1.17.2,PR1,13,3.89,,4,Right,Left,21,20,9,3,,,0.1
2025-11-12 18:46:58,1.17.2,PR1,13,3.89,,4,Right,Left,21,21,9,3,,,0.1
2025-11-12 18:54:16,1.17.2,PR1,13,3.9,,4,Left,Left,22,21,9,3,,,0.18
2025-11-12 18:54:17,1.17.2,PR1,13,3.9,2.0,4,Pellet,Left,22,21,10,4,0.29,1852.0,
2025-11-12 18:54:26,1.17.2,PR1,13,3.89,,5,Left,Left,23,21,10,4,,,0.07
2025-11-12 18:54:30,1.17.2,PR1,13,3.89,,5,Left,Left,24,21,10,4,,,0.13
2025-11-12 18:54:33,1.17.2,PR1,13,3.9,,5,Left,Left,25,21,10,4,,,0.27
2025-11-12 18:54:35,1.17.2,PR1,13,3.89,,5,Left,Left,26,21,10,4,,,0.13
2025-11-12 18:54:36,1.17.2,PR1,13,3.9,,5,Left,Left,27,21,10,4,,,0.08
2025-11-12 18:54:37,1.17.2,PR1,13,3.9,1.0,5,Pellet,Left,27,21,11,5,0.41,20.0,
2025-11-12 18:54:46,1.17.2,PR1,13,3.89,,6,Left,Left,28,21,11,5,,,0.07
2025-11-12 18:54:49,1.17.2,PR1,13,3.89,,6,Left,Left,29,21,11,5,,,0.03
2025-11-12 18:55:10,1.17.2,PR1,13,3.9,,6,Right,Left,29,22,11,5,,,0.08
2025-11-12 18:58:08,1.17.2,PR1,13,3.89,,6,Right,Left,29,23,11,5,,,0.05
2025-11-12 19:02:44,1.17.2,PR1,13,3.89,,6,Left,Left,30,23,11,5,,,0.01
2025-11-12 19:04:08,1.17.2,PR1,13,3.89,,6,Right,Left,30,24,11,5,,,0.09
2025-11-12 19:04:10,1.17.2,PR1,13,3.89,,6,Right,Left,30,25,11,5,,,0.13
2025-11-12 19:04:11,1.17.2,PR1,13,3.89,,6,Right,Left,30,26,11,5,,,0.44
2025-11-12 19:04:13,1.17.2,PR1,13,3.89,,6,Right,Left,30,27,11,5,,,0.27
2025-11-12 19:09:44,1.17.2,PR1,13,3.89,,6,Right,Left,30,28,11,5,,,0.1
2025-11-12 19:11:20,1.17.2,PR1,13,3.89,,6,Right,Left,30,29,11,5,,,0.1
2025-11-12 19:11:27,1.17.2,PR1,13,3.89,,6,Right,Left,30,30,11,5,,,0.04
2025-11-12 19:11:28,1.17.2,PR1,13,3.89,,6,Right,Left,30,31,11,5,,,0.08
2025-11-12 19:11:29,1.17.2,PR1,13,3.9,,6,Right,Left,30,32,11,5,,,0.14
2025-11-12 19:11:33,1.17.2,PR1,13,3.89,,6,Right,Left,30,33,11,5,,,0.18
2025-11-12 19:11:44,1.17.2,PR1,13,3.9,,6,Right,Left,30,34,11,5,,,0.19
2025-11-12 19:14:35,1.17.2,PR1,13,3.89,,6,Right,Left,30,35,11,5,,,0.04
2025-11-12 19:14:36,1.17.2,PR1,13,3.89,,6,Right,Left,30,36,11,5,,,0.09
2025-11-12 19:14:48,1.17.2,PR1,13,3.89,,6,Right,Left,30,37,11,5,,,0.07
2025-11-12 19:14:49,1.17.2,PR1,13,3.89,,6,Right,Left,30,38,11,5,,,0.09
2025-11-12 19:14:51,1.17.2,PR1,13,3.89,,6,Right,Left,30,39,11,5,,,0.1
2025-11-12 19:15:05,1.17.2,PR1,13,3.89,,6,Left,Left,31,39,11,5,,,0.13
2025-11-12 19:15:10,1.17.2,PR1,13,3.89,,6,Left,Left,32,39,11,5,,,0.02
2025-11-12 19:24:39,1.17.2,PR1,13,3.89,,6,Left,Left,33,39,11,5,,,0.04
2025-11-12 19:24:40,1.17.2,PR1,13,3.89,1.0,6,Pellet,Left,33,39,12,6,0.53,1803.0,
2025-11-12 19:24:48,1.17.2,PR1,13,3.89,,7,Left,Left,34,39,12,6,,,0.03
2025-11-12 19:24:50,1.17.2,PR1,13,3.9,,7,Left,Left,35,39,12,6,,,0.08
2025-11-12 19:24:55,1.17.2,PR1,13,3.89,,7,Left,Left,36,39,12,6,,,0.08
2025-11-12 19:24:56,1.17.2,PR1,13,3.89,,7,Left,Left,37,39,12,6,,,0.09
2025-11-12 19:27:16,1.17.2,PR1,13,3.89,,7,Left,Left,38,39,12,6,,,0.01
2025-11-12 19:27:17,1.17.2,PR1,13,3.89,,7,Left,Left,39,39,12,6,,,0.1
2025-11-12 19:27:18,1.17.2,PR1,13,3.89,,7,Left,Left,40,39,12,6,,,0.09
2025-11-12 19:27:20,1.17.2,PR1,13,3.89,1.0,7,Pellet,Left,40,39,13,7,0.71,160.0,
2025-11-12 19:27:26,1.17.2,PR1,13,3.89,,8,Left,Left,41,39,13,7,,,0.06
2025-11-12 19:27:27,1.17.2,PR1,13,3.89,,8,Left,Left,42,39,13,7,,,0.09
2025-11-12 19:27:29,1.17.2,PR1,13,3.89,,8,Left,Left,43,39,13,7,,,0.08
2025-11-12 19:27:32,1.17.2,PR1,13,3.89,,8,Left,Left,44,39,13,7,,,0.08
2025-11-12 19:28:40,1.17.2,PR1,13,3.89,,8,Left,Left,45,39,13,7,,,0.03
2025-11-12 19:28:42,1.17.2,PR1,13,3.89,,8,Left,Left,46,39,13,7,,,0.1
2025-11-12 19:28:52,1.17.2,PR1,13,3.89,,8,Right,Left,46,40,13,7,,,0.1
2025-11-12 19:41:59,1.17.2,PR1,13,3.89,,8,Left,Left,47,40,13,7,,,0.09
2025-11-12 19:48:54,1.17.2,PR1,13,3.89,,8,Right,Left,47,41,13,7,,,0.1
2025-11-12 19:48:55,1.17.2,PR1,13,3.9,,8,Right,Left,47,42,13,7,,,0.07
2025-11-12 19:51:08,1.17.2,PR1,13,3.89,,8,Right,Left,47,43,13,7,,,0.14
2025-11-12 19:51:09,1.17.2,PR1,13,3.89,,8,Right,Left,47,44,13,7,,,0.03
2025-11-12 19:51:14,1.17.2,PR1,13,3.89,,8,Right,Left,47,45,13,7,,,0.36
2025-11-12 19:51:16,1.17.2,PR1,13,3.89,,8,Right,Left,47,46,13,7,,,0.31
2025-11-12 19:51:19,1.17.2,PR1,13,3.89,,8,Right,Left,47,47,13,7,,,0.07
2025-11-12 19:51:24,1.17.2,PR1,13,3.89,,8,Right,Left,47,48,13,7,,,0.23
2025-11-12 19:51:37,1.17.2,PR1,13,3.89,,8,Left,Left,48,48,13,7,,,0.16
2025-11-12 19:51:40,1.17.2,PR1,13,3.89,1.0,8,Pellet,Left,48,48,14,8,1.85,1460.0,
2025-11-12 19:51:48,1.17.2,PR1,13,3.89,,9,Left,Left,49,48,14,8,,,0.04
2025-11-12 19:51:53,1.17.2,PR1,13,3.89,,9,Right,Left,49,49,14,8,,,0.1
2025-11-12 19:51:56,1.17.2,PR1,13,3.89,,9,Left,Left,50,49,14,8,,,0.06
2025-11-12 19:57:25,1.17.2,PR1,13,3.89,,9,Right,Left,50,50,14,8,,,0.13
2025-11-12 19:57:28,1.17.2,PR1,13,3.89,,9,Right,Left,50,51,14,8,,,0.23
2025-11-12 20:00:55,1.17.2,PR1,13,3.89,,9,Left,Left,51,51,14,8,,,0.07
2025-11-12 20:11:58,1.17.2,PR1,13,3.89,,9,Left,Left,52,51,14,8,,,0.05
2025-11-12 20:20:17,1.17.2,PR1,13,3.89,,9,Right,Left,52,52,14,8,,,0.12
2025-11-12 20:20:18,1.17.2,PR1,13,3.89,,9,Right,Left,52,53,14,8,,,0.23
2025-11-12 20:26:31,1.17.2,PR1,13,3.89,,9,Left,Left,53,53,14,8,,,0.16
2025-11-12 20:26:52,1.17.2,PR1,13,3.89,,9,Right,Left,53,54,14,8,,,0.19
2025-11-12 20:29:13,1.17.2,PR1,13,3.89,,9,Left,Left,54,54,14,8,,,0.24
2025-11-12 20:29:15,1.17.2,PR1,13,3.89,,9,Left,Left,55,54,14,8,,,0.09
2025-11-12 20:32:11,1.17.2,PR1,13,3.89,,9,Right,Left,55,55,14,8,,,0.66
2025-11-12 20:33:45,1.17.2,PR1,13,3.89,,9,Right,Left,55,56,14,8,,,0.02
2025-11-12 20:33:52,1.17.2,PR1,13,3.89,,9,Left,Left,56,56,14,8,,,0.11
2025-11-12 20:33:54,1.17.2,PR1,13,3.89,,9,Left,Left,57,56,14,8,,,0.06
2025-11-12 20:33:55,1.17.2,PR1,13,3.89,1.0,9,Pellet,Left,57,56,15,9,0.06,2534.0,
2025-11-12 20:34:01,1.17.2,PR1,13,3.89,,10,Left,Left,58,56,15,9,,,0.06
2025-11-12 20:34:03,1.17.2,PR1,13,3.89,,10,Left,Left,59,56,15,9,,,0.06
2025-11-12 20:34:03,1.17.2,PR1,13,3.89,,10,Left,Left,60,56,15,9,,,0.0
2025-11-12 20:34:05,1.17.2,PR1,13,3.89,,10,Left,Left,61,56,15,9,,,0.09
2025-11-12 20:34:07,1.17.2,PR1,13,3.89,,10,Left,Left,62,56,15,9,,,0.47
2025-11-12 20:34:10,1.17.2,PR1,13,3.89,,10,Left,Left,63,56,15,9,,,0.13
2025-11-12 20:34:12,1.17.2,PR1,13,3.89,,10,Left,Left,64,56,15,9,,,0.8
2025-11-12 20:34:19,1.17.2,PR1,13,3.89,,10,Left,Left,65,56,15,9,,,0.06
2025-11-12 20:34:21,1.17.2,PR1,13,3.89,,10,Left,Left,66,56,15,9,,,0.22
2025-11-12 20:34:31,1.17.2,PR1,13,3.89,,10,Left,Left,67,56,15,9,,,0.18
2025-11-12 20:34:33,1.17.2,PR1,13,3.89,1.0,10,Pellet,Left,67,56,16,10,0.35,38.0,
2025-11-12 20:34:42,1.17.2,PR1,13,3.89,,11,Left,Left,68,56,16,10,,,0.03
2025-11-12 20:34:44,1.17.2,PR1,13,3.89,,11,Left,Left,69,56,16,10,,,0.08
2025-11-12 20:34:46,1.17.2,PR1,13,3.89,,11,Left,Left,70,56,16,10,,,0.45
2025-11-12 20:34:50,1.17.2,PR1,13,3.89,,11,Left,Left,71,56,16,10,,,0.25
2025-11-12 20:34:52,1.17.2,PR1,13,3.89,,11,Left,Left,72,56,16,10,,,0.32
2025-11-12 20:34:58,1.17.2,PR1,13,3.89,,11,Left,Left,73,56,16,10,,,0.25
2025-11-12 20:35:31,1.17.2,PR1,13,3.89,,11,Right,Left,73,57,16,10,,,0.11
2025-11-12 20:35:32,1.17.2,PR1,13,3.89,,11,Right,Left,73,58,16,10,,,0.29
2025-11-12 20:39:23,1.17.2,PR1,13,3.89,,11,Left,Left,74,58,16,10,,,0.6
2025-11-12 20:45:26,1.17.2,PR1,13,3.89,,11,Left,Left,75,58,16,10,,,0.16
2025-11-12 20:45:28,1.17.2,PR1,13,3.89,,11,Left,Left,76,58,16,10,,,0.36
2025-11-12 20:45:29,1.17.2,PR1,13,3.89,,11,Left,Left,77,58,16,10,,,0.11
2025-11-12 20:45:30,1.17.2,PR1,13,3.89,,11,Left,Left,78,58,16,10,,,0.0
2025-11-12 20:45:31,1.17.2,PR1,13,3.89,2.0,11,Pellet,Left,78,58,17,11,0.35,659.0,
2025-11-12 20:45:43,1.17.2,PR1,13,3.89,,12,Left,Left,79,58,17,11,,,0.03
2025-11-12 20:45:46,1.17.2,PR1,13,3.89,,12,Left,Left,80,58,17,11,,,0.1
2025-11-12 20:45:50,1.17.2,PR1,13,3.89,,12,Left,Left,81,58,17,11,,,0.03
2025-11-12 20:45:58,1.17.2,PR1,13,3.89,,12,Right,Left,81,59,17,11,,,0.45
2025-11-12 20:45:59,1.17.2,PR1,13,3.89,,12,Right,Left,81,60,17,11,,,0.01
2025-11-12 20:52:46,1.17.2,PR1,13,3.89,,12,Left,Left,82,60,17,11,,,0.05
2025-11-12 20:52:47,1.17.2,PR1,13,3.89,,12,Left,Left,83,60,17,11,,,0.21
2025-11-12 20:52:51,1.17.2,PR1,13,3.89,,12,Left,Left,84,60,17,11,,,0.2
2025-11-12 20:54:24,1.17.2,PR1,13,3.89,,12,Left,Left,85,60,17,11,,,0.02
2025-11-12 20:54:27,1.17.2,PR1,13,3.89,,12,Left,Left,86,60,17,11,,,0.13
2025-11-12 20:54:36,1.17.2,PR1,13,3.89,,12,Left,Left,87,60,17,11,,,0.08
2025-11-12 20:55:58,1.17.2,PR1,13,3.89,,12,Left,Left,88,60,17,11,,,0.07
2025-11-12 20:56:00,1.17.2,PR1,13,3.89,,12,Left,Left,89,60,17,11,,,0.11
2025-11-12 20:56:02,1.17.2,PR1,13,3.89,,12,Left,Left,90,60,17,11,,,0.15
2025-11-12 20:56:03,1.17.2,PR1,13,3.89,1.0,12,Pellet,Left,90,60,18,12,0.35,632.0,
2025-11-12 20:56:19,1.17.2,PR1,13,3.9,,13,Right,Left,90,61,18,12,,,0.07
2025-11-12 20:56:21,1.17.2,PR1,13,3.89,,13,Right,Left,90,62,18,12,,,0.12
2025-11-12 20:56:24,1.17.2,PR1,13,3.89,,13,Right,Left,90,63,18,12,,,0.09
2025-11-12 20:56:29,1.17.2,PR1,13,3.89,,13,Right,Left,90,64,18,12,,,0.13
2025-11-12 20:56:31,1.17.2,PR1,13,3.89,,13,Right,Left,90,65,18,12,,,0.22
2025-11-12 20:56:33,1.17.2,PR1,13,3.89,,13,Right,Left,90,66,18,12,,,0.22
2025-11-12 20:59:01,1.17.2,PR1,13,3.89,,13,Right,Left,90,67,18,12,,,0.05
2025-11-12 20:59:04,1.17.2,PR1,13,3.89,,13,Right,Left,90,68,18,12,,,0.23
2025-11-12 20:59:11,1.17.2,PR1,13,3.89,,13,Right,Left,90,69,18,12,,,0.19
2025-11-12 20:59:14,1.17.2,PR1,13,3.89,,13,Right,Left,90,70,18,12,,,0.08
2025-11-12 20:59:17,1.17.2,PR1,13,3.89,,13,Left,Left,91,70,18,12,,,0.07
2025-11-12 20:59:18,1.17.2,PR1,13,3.89,,13,Left,Left,92,70,18,12,,,0.06
2025-11-12 20:59:19,1.17.2,PR1,13,3.89,,13,Left,Left,93,70,18,12,,,0.09
2025-11-12 20:59:23,1.17.2,PR1,13,3.89,,13,Left,Left,94,70,18,12,,,0.09
2025-11-12 21:05:42,1.17.2,PR1,13,3.89,,13,Right,Left,94,71,18,12,,,0.0
2025-11-12 21:06:05,1.17.2,PR1,13,3.89,,13,Right,Left,94,72,18,12,,,0.08
2025-11-12 21:06:06,1.17.2,PR1,13,3.89,,13,Right,Left,94,73,18,12,,,0.22
2025-11-12 21:06:07,1.17.2,PR1,13,3.89,,13,Right,Left,94,74,18,12,,,0.19
2025-11-12 21:09:26,1.17.2,PR1,13,3.89,,13,Right,Left,94,75,18,12,,,0.21
2025-11-12 21:09:27,1.17.2,PR1,13,3.89,,13,Right,Left,94,76,18,12,,,0.11
2025-11-12 21:09:32,1.17.2,PR1,13,3.89,,13,Left,Left,95,76,18,12,,,0.17
2025-11-12 21:09:33,1.17.2,PR1,13,3.89,,13,Left,Left,96,76,18,12,,,0.24
2025-11-12 21:24:12,1.17.2,PR1,13,3.89,,13,Left,Left,97,76,18,12,,,0.21
2025-11-12 21:31:10,1.17.2,PR1,13,3.89,,13,Right,Left,97,77,18,12,,,0.43
2025-11-12 21:31:11,1.17.2,PR1,13,3.89,,13,Right,Left,97,78,18,12,,,0.34
2025-11-12 21:31:15,1.17.2,PR1,13,3.89,,13,Right,Left,97,79,18,12,,,0.01
2025-11-12 21:32:02,1.17.2,PR1,13,3.89,,13,Left,Left,98,79,18,12,,,0.33
2025-11-12 21:37:25,1.17.2,PR1,13,3.89,,13,Right,Left,98,80,18,12,,,0.33
2025-11-12 21:37:26,1.17.2,PR1,13,3.89,,13,Right,Left,98,81,18,12,,,0.29
2025-11-12 21:37:29,1.17.2,PR1,13,3.89,,13,Left,Left,99,81,18,12,,,0.34
2025-11-12 21:37:49,1.17.2,PR1,13,3.89,,13,Right,Left,99,82,18,12,,,0.15
2025-11-12 21:37:50,1.17.2,PR1,13,3.89,,13,Right,Left,99,83,18,12,,,0.17
2025-11-12 21:37:53,1.17.2,PR1,13,3.89,,13,Right,Left,99,84,18,12,,,0.12
2025-11-12 21:37:57,1.17.2,PR1,13,3.89,,13,Left,Left,100,84,18,12,,,0.1
2025-11-12 21:39:24,1.17.2,PR1,13,3.89,,13,Right,Left,100,85,18,12,,,0.09
2025-11-12 21:41:19,1.17.2,PR1,13,3.89,,13,Right,Left,100,86,18,12,,,0.08
2025-11-12 21:45:35,1.17.2,PR1,13,3.89,,13,Right,Left,100,87,18,12,,,0.34
2025-11-12 21:45:37,1.17.2,PR1,13,3.89,,13,Right,Left,100,88,18,12,,,0.54
2025-11-12 21:45:39,1.17.2,PR1,13,3.89,,13,Right,Left,100,89,18,12,,,0.07
2025-11-12 21:45:42,1.17.2,PR1,13,3.89,,13,Right,Left,100,90,18,12,,,0.2
2025-11-12 21:45:43,1.17.2,PR1,13,3.89,,13,Right,Left,100,91,18,12,,,0.13
2025-11-12 21:45:52,1.17.2,PR1,13,3.89,,13,Left,Left,101,91,18,12,,,0.11
2025-11-12 21:45:55,1.17.2,PR1,13,3.89,,13,Left,Left,102,91,18,12,,,0.12
2025-11-12 21:45:59,1.17.2,PR1,13,3.89,,13,Left,Left,103,91,18,12,,,0.16
2025-11-12 21:46:00,1.17.2,PR1,13,3.89,1.0,13,Pellet,Left,103,91,19,13,0.35,2997.0,
2025-11-12 21:46:13,1.17.2,PR1,13,3.89,,14,Left,Left,104,91,19,13,,,0.05
2025-11-12 21:46:15,1.17.2,PR1,13,3.89,,14,Left,Left,105,91,19,13,,,0.1
2025-11-12 21:46:16,1.17.2,PR1,13,3.89,,14,Left,Left,106,91,19,13,,,0.22
2025-11-12 21:46:18,1.17.2,PR1,13,3.88,,14,Left,Left,107,91,19,13,,,0.08
2025-11-12 21:46:28,1.17.2,PR1,13,3.89,,14,Left,Left,108,91,19,13,,,0.14
2025-11-12 21:46:29,1.17.2,PR1,13,3.89,,14,Left,Left,109,91,19,13,,,0.05
2025-11-12 21:52:38,1.17.2,PR1,13,3.89,,14,Right,Left,109,92,19,13,,,0.2
2025-11-12 21:52:41,1.17.2,PR1,13,3.89,,14,Right,Left,109,93,19,13,,,0.22
2025-11-12 21:52:42,1.17.2,PR1,13,3.89,,14,Right,Left,109,94,19,13,,,0.24
2025-11-12 21:52:46,1.17.2,PR1,13,3.89,,14,Right,Left,109,95,19,13,,,0.02
2025-11-12 21:52:50,1.17.2,PR1,13,3.89,,14,Right,Left,109,96,19,13,,,0.09
2025-11-12 21:52:51,1.17.2,PR1,13,3.89,,14,Right,Left,109,97,19,13,,,0.19
2025-11-12 21:52:52,1.17.2,PR1,13,3.89,,14,Right,Left,109,98,19,13,,,0.11
2025-11-12 21:52:55,1.17.2,PR1,13,3.89,,14,Right,Left,109,99,19,13,,,0.11
2025-11-12 21:52:56,1.17.2,PR1,13,3.89,,14,Right,Left,109,100,19,13,,,0.17
2025-11-12 21:52:57,1.17.2,PR1,13,3.89,,14,Right,Left,109,101,19,13,,,0.38
2025-11-12 21:52:59,1.17.2,PR1,13,3.89,,14,Right,Left,109,102,19,13,,,0.11
2025-11-12 21:53:03,1.17.2,PR1,13,3.89,,14,Left,Left,110,102,19,13,,,0.13
2025-11-12 21:53:04,1.17.2,PR1,13,3.89,,14,Left,Left,111,102,19,13,,,0.19
2025-11-12 21:53:06,1.17.2,PR1,13,3.89,,14,Left,Left,112,102,19,13,,,0.13
2025-11-12 21:53:08,1.17.2,PR1,13,3.89,,14,Left,Left,113,102,19,13,,,0.2
2025-11-12 21:53:09,1.17.2,PR1,13,3.89,,14,Left,Left,114,102,19,13,,,0.03
2025-11-12 21:53:11,1.17.2,PR1,13,3.89,,14,Left,Left,115,102,19,13,,,0.29
2025-11-12 22:01:26,1.17.2,PR1,13,3.89,,14,Left,Left,116,102,19,13,,,0.23
2025-11-12 22:01:30,1.17.2,PR1,13,3.89,,14,Left,Left,117,102,19,13,,,0.1
2025-11-12 22:01:33,1.17.2,PR1,13,3.88,2.0,14,Pellet,Left,117,102,20,14,0.41,933.0,
2025-11-12 22:01:50,1.17.2,PR1,13,3.88,,15,Left,Left,118,102,20,14,,,0.1
2025-11-12 22:01:55,1.17.2,PR1,13,3.89,,15,Left,Left,119,102,20,14,,,0.25
2025-11-12 22:01:58,1.17.2,PR1,13,3.89,,15,Left,Left,120,102,20,14,,,0.11
2025-11-12 22:02:04,1.17.2,PR1,13,3.89,,15,Left,Left,121,102,20,14,,,0.24
2025-11-12 22:02:11,1.17.2,PR1,13,3.89,,15,Left,Left,122,102,20,14,,,0.05
2025-11-12 22:02:13,1.17.2,PR1,13,3.89,,15,Left,Left,123,102,20,14,,,0.21
2025-11-12 22:02:41,1.17.2,PR1,13,3.89,,15,Right,Left,123,103,20,14,,,0.06
2025-11-12 22:02:43,1.17.2,PR1,13,3.89,,15,Right,Left,123,104,20,14,,,0.3
2025-11-12 22:02:56,1.17.2,PR1,13,3.88,,15,Right,Left,123,105,20,14,,,0.0
2025-11-12 22:03:00,1.17.2,PR1,13,3.89,,15,Right,Left,123,106,20,14,,,0.8
2025-11-12 22:03:02,1.17.2,PR1,13,3.89,,15,Right,Left,123,107,20,14,,,0.77
2025-11-12 22:03:05,1.17.2,PR1,13,3.89,,15,Right,Left,123,108,20,14,,,1.0
2025-11-12 22:03:06,1.17.2,PR1,13,3.89,,15,Right,Left,123,109,20,14,,,0.58
2025-11-12 22:03:08,1.17.2,PR1,13,3.89,,15,Right,Left,123,110,20,14,,,0.22
2025-11-12 22:33:52,1.17.2,PR1,13,3.89,,1,Left,Left,124,110,20,0,,,0.09
2025-11-12 22:33:54,1.17.2,PR1,13,3.89,1.0,1,Pellet,Left,124,110,21,1,0.35,1941.0,
2025-11-12 22:34:11,1.17.2,PR1,13,3.89,,2,Left,Left,125,110,21,1,,,0.53
2025-11-12 22:34:12,1.17.2,PR1,13,3.89,,2,Left,Left,126,110,21,1,,,0.57
2025-11-12 22:34:14,1.17.2,PR1,13,3.89,1.0,2,Pellet,Left,126,110,22,2,0.83,20.0,
2025-11-12 22:34:30,1.17.2,PR1,13,3.88,,3,Left,Left,127,110,22,2,,,0.02
2025-11-12 22:34:33,1.17.2,PR1,13,3.89,,3,Left,Left,128,110,22,2,,,0.38
2025-11-12 22:34:35,1.17.2,PR1,13,3.89,,3,Left,Left,129,110,22,2,,,0.29
2025-11-12 22:34:36,1.17.2,PR1,13,3.89,1.0,3,Pellet,Left,129,110,23,3,0.17,22.0,
2025-11-12 22:34:45,1.17.2,PR1,13,3.89,,4,Left,Left,130,110,23,3,,,0.1
2025-11-12 22:34:48,1.17.2,PR1,13,3.89,,4,Left,Left,131,110,23,3,,,0.11
2025-11-12 22:34:52,1.17.2,PR1,13,3.89,,4,Left,Left,132,110,23,3,,,0.2
2025-11-12 22:34:54,1.17.2,PR1,13,3.89,,4,Left,Left,133,110,23,3,,,0.25
2025-11-12 22:34:56,1.17.2,PR1,13,3.88,1.0,4,Pellet,Left,133,110,24,4,0.77,20.0,
2025-11-12 22:35:02,1.17.2,PR1,13,3.89,,5,Left,Left,134,110,24,4,,,0.02
2025-11-12 22:35:04,1.17.2,PR1,13,3.88,,5,Left,Left,135,110,24,4,,,1.03
2025-11-12 22:35:06,1.17.2,PR1,13,3.88,,5,Left,Left,136,110,24,4,,,0.73
2025-11-12 22:35:08,1.17.2,PR1,13,3.89,,5,Left,Left,137,110,24,4,,,0.59
2025-11-12 22:35:11,1.17.2,PR1,13,3.89,,5,Left,Left,138,110,24,4,,,0.08
2025-11-12 22:35:12,1.17.2,PR1,13,3.89,1.0,5,Pellet,Left,138,110,25,5,0.29,16.0,
2025-11-12 22:35:20,1.17.2,PR1,13,3.88,,6,Left,Left,139,110,25,5,,,0.82
2025-11-12 22:35:23,1.17.2,PR1,13,3.88,,6,Left,Left,140,110,25,5,,,0.94
2025-11-12 22:35:25,1.17.2,PR1,13,3.89,,6,Left,Left,141,110,25,5,,,0.22
2025-11-12 22:35:28,1.17.2,PR1,13,3.89,,6,Left,Left,142,110,25,5,,,0.16
2025-11-12 22:35:31,1.17.2,PR1,13,3.88,,6,Right,Left,142,111,25,5,,,0.21
2025-11-12 22:35:33,1.17.2,PR1,13,3.89,,6,Right,Left,142,112,25,5,,,0.2
2025-11-12 22:36:36,1.17.2,PR1,13,3.89,,6,Right,Left,142,113,25,5,,,0.24
2025-11-12 22:36:37,1.17.2,PR1,13,3.89,,6,Right,Left,142,114,25,5,,,0.27
2025-11-12 22:36:39,1.17.2,PR1,13,3.89,,6,Right,Left,142,115,25,5,,,0.3
2025-11-12 22:36:40,1.17.2,PR1,13,3.89,,6,Right,Left,142,116,25,5,,,0.25
2025-11-12 22:38:28,1.17.2,PR1,13,3.89,,6,Left,Left,143,116,25,5,,,0.15
2025-11-12 22:38:30,1.17.2,PR1,13,3.89,,6,Left,Left,144,116,25,5,,,0.07
2025-11-12 22:38:31,1.17.2,PR1,13,3.89,1.0,6,Pellet,Left,144,116,26,6,0.29,199.0,
2025-11-12 22:38:42,1.17.2,PR1,13,3.89,,7,Left,Left,145,116,26,6,,,0.09
2025-11-12 22:38:45,1.17.2,PR1,13,3.89,,7,Left,Left,146,116,26,6,,,0.17
2025-11-12 22:40:52,1.17.2,PR1,13,3.88,,7,Left,Left,147,116,26,6,,,0.01
2025-11-12 22:40:53,1.17.2,PR1,13,3.89,,7,Left,Left,148,116,26,6,,,0.19
2025-11-12 22:47:46,1.17.2,PR1,13,3.89,,7,Left,Left,149,116,26,6,,,0.15
2025-11-12 22:47:50,1.17.2,PR1,13,3.89,,7,Left,Left,150,116,26,6,,,0.13
2025-11-12 22:47:56,1.17.2,PR1,13,3.89,,7,Left,Left,151,116,26,6,,,0.16
2025-11-12 22:47:57,1.17.2,PR1,13,3.89,1.0,7,Pellet,Left,151,116,27,7,0.41,566.0,
2025-11-12 22:48:11,1.17.2,PR1,13,3.89,,8,Left,Left,152,116,27,7,,,0.09
2025-11-12 22:48:13,1.17.2,PR1,13,3.89,,8,Left,Left,153,116,27,7,,,0.1
2025-11-12 22:48:14,1.17.2,PR1,13,3.89,,8,Left,Left,154,116,27,7,,,0.06
2025-11-12 22:48:16,1.17.2,PR1,13,3.89,,8,Left,Left,155,116,27,7,,,0.07
2025-11-12 23:03:12,1.17.2,PR1,13,3.89,,8,Left,Left,156,116,27,7,,,0.08
2025-11-12 23:03:26,1.17.2,PR1,13,3.88,,8,Left,Left,157,116,27,7,,,0.39
2025-11-12 23:03:28,1.17.2,PR1,13,3.89,,8,Left,Left,158,116,27,7,,,0.38
2025-11-12 23:03:30,1.17.2,PR1,13,3.89,,8,Left,Left,159,116,27,7,,,1.12
2025-11-12 23:03:31,1.17.2,PR1,13,3.89,1.0,8,Pellet,Left,159,116,28,8,0.23,934.0,
2025-11-12 23:03:45,1.17.2,PR1,13,3.88,,9,Left,Left,160,116,28,8,,,0.02
2025-11-12 23:03:46,1.17.2,PR1,13,3.89,,9,Left,Left,161,116,28,8,,,0.0
2025-11-12 23:03:48,1.17.2,PR1,13,3.89,,9,Left,Left,162,116,28,8,,,0.81
2025-11-12 23:03:50,1.17.2,PR1,13,3.89,,9,Left,Left,163,116,28,8,,,0.96
2025-11-12 23:03:54,1.17.2,PR1,13,3.89,,9,Left,Left,164,116,28,8,,,0.08
2025-11-12 23:03:56,1.17.2,PR1,13,3.89,,9,Left,Left,165,116,28,8,,,1.74
2025-11-12 23:03:58,1.17.2,PR1,13,3.88,,9,Left,Left,166,116,28,8,,,0.27
2025-11-12 23:03:59,1.17.2,PR1,13,3.89,,9,Left,Left,167,116,28,8,,,0.17
2025-11-12 23:04:00,1.17.2,PR1,13,3.89,,9,Left,Left,168,116,28,8,,,0.0
2025-11-12 23:04:01,1.17.2,PR1,13,3.89,1.0,9,Pellet,Left,168,116,29,9,0.29,30.0,
2025-11-12 23:04:18,1.17.2,PR1,13,3.88,,10,Left,Left,169,116,29,9,,,0.74
2025-11-12 23:04:23,1.17.2,PR1,13,3.88,,10,Left,Left,170,116,29,9,,,0.59
2025-11-12 23:04:25,1.17.2,PR1,13,3.89,,10,Left,Left,171,116,29,9,,,0.97
2025-11-12 23:04:27,1.17.2,PR1,13,3.89,,10,Left,Left,172,116,29,9,,,0.79
2025-11-12 23:04:29,1.17.2,PR1,13,3.89,,10,Left,Left,173,116,29,9,,,0.3
2025-11-12 23:04:30,1.17.2,PR1,13,3.89,,10,Left,Left,174,116,29,9,,,0.0
2025-11-12 23:04:32,1.17.2,PR1,13,3.89,,10,Left,Left,175,116,29,9,,,0.19
2025-11-12 23:05:12,1.17.2,PR1,13,3.89,,10,Left,Left,176,116,29,9,,,0.09
2025-11-12 23:05:15,1.17.2,PR1,13,3.89,,10,Left,Left,177,116,29,9,,,0.08
2025-11-12 23:05:19,1.17.2,PR1,13,3.89,,10,Right,Left,177,117,29,9,,,0.23
2025-11-12 23:05:21,1.17.2,PR1,13,3.89,,10,Right,Left,177,118,29,9,,,0.21
2025-11-12 23:18:11,1.17.2,PR1,13,3.89,,10,Left,Left,178,118,29,9,,,0.71
2025-11-12 23:18:12,1.17.2,PR1,13,3.89,2.0,10,Pellet,Left,178,118,30,10,0.23,851.0,
2025-11-12 23:18:55,1.17.2,PR1,13,3.88,,11,Left,Left,179,118,30,10,,,0.04
2025-11-12 23:19:00,1.17.2,PR1,13,3.88,,11,Left,Left,180,118,30,10,,,0.04
2025-11-12 23:19:03,1.17.2,PR1,13,3.89,,11,Left,Left,181,118,30,10,,,0.54
2025-11-12 23:19:05,1.17.2,PR1,13,3.88,,11,Left,Left,182,118,30,10,,,0.2
2025-11-12 23:19:08,1.17.2,PR1,13,3.89,,11,Left,Left,183,118,30,10,,,0.91
2025-11-12 23:19:18,1.17.2,PR1,13,3.89,,11,Left,Left,184,118,30,10,,,0.18
2025-11-12 23:19:21,1.17.2,PR1,13,3.89,,11,Left,Left,185,118,30,10,,,1.51
2025-11-12 23:19:24,1.17.2,PR1,13,3.89,,11,Left,Left,186,118,30,10,,,0.89
2025-11-12 23:19:29,1.17.2,PR1,13,3.89,,11,Left,Left,187,118,30,10,,,0.85
2025-11-12 23:31:22,1.17.2,PR1,13,3.89,,11,Left,Left,188,118,30,10,,,0.26
2025-11-12 23:31:25,1.17.2,PR1,13,3.89,,11,Left,Left,189,118,30,10,,,0.14
2025-11-12 23:31:27,1.17.2,PR1,13,3.89,1.0,11,Pellet,Left,189,118,31,11,0.29,794.0,
2025-11-12 23:31:42,1.17.2,PR1,13,3.88,,12,Left,Left,190,118,31,11,,,0.03
2025-11-12 23:33:32,1.17.2,PR1,13,3.88,,12,Right,Left,190,119,31,11,,,0.16
2025-11-12 23:33:48,1.17.2,PR1,13,3.88,,12,Left,Left,191,119,31,11,,,0.12
2025-11-12 23:33:55,1.17.2,PR1,13,3.88,,12,Right,Left,191,120,31,11,,,0.2
2025-11-12 23:33:57,1.17.2,PR1,13,3.88,,12,Right,Left,191,121,31,11,,,0.19
2025-11-12 23:34:05,1.17.2,PR1,13,3.89,,12,Left,Left,192,121,31,11,,,0.12
2025-11-12 23:34:08,1.17.2,PR1,13,3.89,,12,Left,Left,193,121,31,11,,,0.23
2025-11-12 23:34:09,1.17.2,PR1,13,3.89,,12,Left,Left,194,121,31,11,,,0.1
2025-11-12 23:34:15,1.17.2,PR1,13,3.88,,12,Right,Left,194,122,31,11,,,0.2
2025-11-12 23:34:15,1.17.2,PR1,13,3.88,,12,Right,Left,194,123,31,11,,,0.16
2025-11-12 23:37:26,1.17.2,PR1,13,3.89,,12,Left,Left,195,123,31,11,,,0.06
2025-11-12 23:37:28,1.17.2,PR1,13,3.89,,12,Left,Left,196,123,31,11,,,0.19
2025-11-12 23:37:34,1.17.2,PR1,13,3.88,,12,Left,Left,197,123,31,11,,,0.06
2025-11-12 23:37:36,1.17.2,PR1,13,3.89,,12,Left,Left,198,123,31,11,,,0.13
2025-11-12 23:37:38,1.17.2,PR1,13,3.88,,12,Left,Left,199,123,31,11,,,0.29
2025-11-12 23:37:40,1.17.2,PR1,13,3.88,,12,Left,Left,200,123,31,11,,,0.1
2025-11-12 23:40:46,1.17.2,PR1,13,3.88,,12,Right,Left,200,124,31,11,,,0.31
2025-11-12 23:40:47,1.17.2,PR1,13,3.88,,12,Right,Left,200,125,31,11,,,0.25
2025-11-12 23:40:49,1.17.2,PR1,13,3.88,,12,Right,Left,200,126,31,11,,,0.21
2025-11-12 23:48:08,1.17.2,PR1,13,3.89,,12,Left,Left,201,126,31,11,,,0.05
2025-11-12 23:48:10,1.17.2,PR1,13,3.88,1.0,12,Pellet,Left,201,126,32,12,0.35,1004.0,
2025-11-12 23:48:32,1.17.2,PR1,13,3.89,,13,Left,Left,202,126,32,12,,,0.05
2025-11-12 23:50:49,1.17.2,PR1,13,3.89,,13,Left,Left,203,126,32,12,,,0.09
2025-11-12 23:52:40,1.17.2,PR1,13,3.88,,13,Left,Left,204,126,32,12,,,0.0
2025-11-12 23:52:49,1.17.2,PR1,13,3.88,,13,Left,Left,205,126,32,12,,,0.0
2025-11-12 23:52:50,1.17.2,PR1,13,3.89,,13,Left,Left,206,126,32,12,,,0.0
2025-11-12 23:52:50,1.17.2,PR1,13,3.89,,13,Left,Left,207,126,32,12,,,0.01
2025-11-12 23:52:51,1.17.2,PR1,13,3.89,,13,Left,Left,208,126,32,12,,,0.02
2025-11-12 23:57:25,1.17.2,PR1,13,3.89,,13,Left,Left,209,126,32,12,,,0.11
2025-11-12 23:57:30,1.17.2,PR1,13,3.88,,13,Left,Left,210,126,32,12,,,0.17
2025-11-12 23:57:33,1.17.2,PR1,13,3.88,,13,Right,Left,210,127,32,12,,,0.16
2025-11-12 23:57:39,1.17.2,PR1,13,3.89,,13,Left,Left,211,127,32,12,,,0.26
2025-11-12 23:57:41,1.17.2,PR1,13,3.89,,13,Left,Left,212,127,32,12,,,0.07
2025-11-13 00:01:57,1.17.2,PR1,13,3.88,,13,Right,Left,212,128,32,12,,,0.22
2025-11-13 00:02:00,1.17.2,PR1,13,3.89,,13,Right,Left,212,129,32,12,,,0.22
2025-11-13 00:02:02,1.17.2,PR1,13,3.88,,13,Right,Left,212,130,32,12,,,0.02
2025-11-13 00:02:06,1.17.2,PR1,13,3.89,,13,Right,Left,212,131,32,12,,,0.09
2025-11-13 00:10:47,1.17.2,PR1,13,3.89,,13,Right,Left,212,132,32,12,,,0.18
2025-11-13 00:10:48,1.17.2,PR1,13,3.89,,13,Right,Left,212,133,32,12,,,0.28
2025-11-13 00:10:52,1.17.2,PR1,13,3.88,,13,Right,Left,212,134,32,12,,,0.1
2025-11-13 00:13:15,1.17.2,PR1,13,3.88,,13,Left,Left,213,134,32,12,,,0.05
2025-11-13 00:13:17,1.17.2,PR1,13,3.89,,13,Left,Left,214,134,32,12,,,0.01
2025-11-13 00:13:18,1.17.2,PR1,13,3.89,1.0,13,Pellet,Left,214,134,33,13,0.77,1508.0,
2025-11-13 00:19:03,1.17.2,PR1,13,3.88,,14,Right,Left,214,135,33,13,,,0.58
2025-11-13 00:19:04,1.17.2,PR1,13,3.88,,14,Right,Left,214,136,33,13,,,0.38
2025-11-13 00:19:10,1.17.2,PR1,13,3.88,,14,Right,Left,214,137,33,13,,,0.36
2025-11-13 00:19:11,1.17.2,PR1,13,3.88,,14,Right,Left,214,138,33,13,,,0.22
2025-11-13 00:20:32,1.17.2,PR1,13,3.88,,14,Right,Left,214,139,33,13,,,0.27
2025-11-13 00:20:33,1.17.2,PR1,13,3.88,,14,Right,Left,214,140,33,13,,,0.08
2025-11-13 00:26:18,1.17.2,PR1,13,3.89,,14,Right,Left,214,141,33,13,,,0.41
2025-11-13 00:26:21,1.17.2,PR1,13,3.88,,14,Right,Left,214,142,33,13,,,0.15
2025-11-13 00:26:26,1.17.2,PR1,13,3.88,,14,Left,Left,215,142,33,13,,,0.02
2025-11-13 00:33:27,1.17.2,PR1,13,3.88,,14,Left,Left,216,142,33,13,,,0.0
2025-11-13 00:33:42,1.17.2,PR1,13,3.89,,14,Right,Left,216,143,33,13,,,0.16
2025-11-13 00:37:30,1.17.2,PR1,13,3.89,,14,Right,Left,216,144,33,13,,,0.09
2025-11-13 00:37:39,1.17.2,PR1,13,3.88,,14,Right,Left,216,145,33,13,,,0.39
2025-11-13 00:37:48,1.17.2,PR1,13,3.89,,14,Right,Left,216,146,33,13,,,0.37
2025-11-13 00:37:57,1.17.2,PR1,13,3.89,,14,Left,Left,217,146,33,13,,,0.04
2025-11-13 00:38:00,1.17.2,PR1,13,3.88,,14,Left,Left,218,146,33,13,,,0.13
2025-11-13 00:42:45,1.17.2,PR1,13,3.89,,14,Right,Left,218,147,33,13,,,0.1
2025-11-13 00:42:51,1.17.2,PR1,13,3.89,,14,Right,Left,218,148,33,13,,,0.12
2025-11-13 00:43:25,1.17.2,PR1,13,3.88,,14,Left,Left,219,148,33,13,,,0.22
2025-11-13 00:43:26,1.17.2,PR1,13,3.88,,14,Left,Left,220,148,33,13,,,0.14
2025-11-13 00:43:28,1.17.2,PR1,13,3.88,,14,Left,Left,221,148,33,13,,,0.12
2025-11-13 00:43:30,1.17.2,PR1,13,3.89,,14,Left,Left,222,148,33,13,,,0.07
2025-11-13 00:43:33,1.17.2,PR1,13,3.88,,14,Left,Left,223,148,33,13,,,0.06
2025-11-13 00:43:36,1.17.2,PR1,13,3.88,,14,Left,Left,224,148,33,13,,,0.2
2025-11-13 00:44:33,1.17.2,PR1,13,3.89,,14,Right,Left,224,149,33,13,,,0.34
2025-11-13 00:44:43,1.17.2,PR1,13,3.89,,14,Right,Left,224,150,33,13,,,0.39
2025-11-13 00:44:44,1.17.2,PR1,13,3.88,,14,Right,Left,224,151,33,13,,,0.03
2025-11-13 00:45:04,1.17.2,PR1,13,3.88,,14,Right,Left,224,152,33,13,,,0.09
2025-11-13 00:45:05,1.17.2,PR1,13,3.89,,14,Right,Left,224,153,33,13,,,0.16
2025-11-13 00:45:12,1.17.2,PR1,13,3.88,,14,Right,Left,224,154,33,13,,,0.56
2025-11-13 00:45:14,1.17.2,PR1,13,3.88,,14,Right,Left,224,155,33,13,,,0.08
2025-11-13 00:45:16,1.17.2,PR1,13,3.88,,14,Right,Left,224,156,33,13,,,0.57
2025-11-13 00:45:17,1.17.2,PR1,13,3.88,,14,Right,Left,224,157,33,13,,,1.02
2025-11-13 00:45:21,1.17.2,PR1,13,3.88,,14,Right,Left,224,158,33,13,,,0.37
2025-11-13 00:45:22,1.17.2,PR1,13,3.88,,14,Right,Left,224,159,33,13,,,0.0
2025-11-13 00:45:23,1.17.2,PR1,13,3.88,,14,Right,Left,224,160,33,13,,,0.5
2025-11-13 00:45:24,1.17.2,PR1,13,3.88,,14,Right,Left,224,161,33,13,,,0.15
2025-11-13 00:45:27,1.17.2,PR1,13,3.89,,14,Right,Left,224,162,33,13,,,0.76
2025-11-13 00:45:30,1.17.2,PR1,13,3.89,,14,Right,Left,224,163,33,13,,,1.61
2025-11-13 00:45:36,1.17.2,PR1,13,3.89,,14,Left,Left,225,163,33,13,,,0.34
2025-11-13 00:51:08,1.17.2,PR1,13,3.88,,14,Left,Left,226,163,33,13,,,0.32
2025-11-13 00:51:10,1.17.2,PR1,13,3.89,,14,Left,Left,227,163,33,13,,,0.49
2025-11-13 00:51:12,1.17.2,PR1,13,3.88,,14,Left,Left,228,163,33,13,,,0.32
2025-11-13 00:51:13,1.17.2,PR1,13,3.88,1.0,14,Pellet,Left,228,163,34,14,0.23,2275.0,
2025-11-13 00:51:29,1.17.2,PR1,13,3.88,,15,Left,Left,229,163,34,14,,,0.08
2025-11-13 00:51:32,1.17.2,PR1,13,3.89,,15,Left,Left,230,163,34,14,,,0.09
2025-11-13 00:51:33,1.17.2,PR1,13,3.88,,15,Left,Left,231,163,34,14,,,0.0
2025-11-13 00:51:36,1.17.2,PR1,13,3.88,,15,Left,Left,232,163,34,14,,,0.17
2025-11-13 00:51:39,1.17.2,PR1,13,3.88,,15,Left,Left,233,163,34,14,,,0.58
2025-11-13 00:51:43,1.17.2,PR1,13,3.89,,15,Left,Left,234,163,34,14,,,0.12
2025-11-13 00:52:05,1.17.2,PR1,13,3.88,,15,Right,Left,234,164,34,14,,,0.03
2025-11-13 00:58:46,1.17.2,PR1,13,3.89,,15,Left,Left,235,164,34,14,,,0.11
2025-11-13 00:59:25,1.17.2,PR1,13,3.88,,15,Right,Left,235,165,34,14,,,0.33
2025-11-13 01:03:43,1.17.2,PR1,13,3.88,,15,Left,Left,236,165,34,14,,,0.34
2025-11-13 01:03:46,1.17.2,PR1,13,3.87,,15,Left,Left,237,165,34,14,,,0.09
2025-11-13 01:03:50,1.17.2,PR1,13,3.88,,15,Left,Left,238,165,34,14,,,0.06
2025-11-13 01:03:53,1.17.2,PR1,13,3.88,,15,Left,Left,239,165,34,14,,,0.14
2025-11-13 01:03:54,1.17.2,PR1,13,3.88,,15,Left,Left,240,165,34,14,,,0.13
2025-11-13 01:03:55,1.17.2,PR1,13,3.88,,15,Left,Left,241,165,34,14,,,0.2
2025-11-13 01:03:57,1.17.2,PR1,13,3.88,,15,Left,Left,242,165,34,14,,,0.38
2025-11-13 01:04:11,1.17.2,PR1,13,3.88,,15,Right,Left,242,166,34,14,,,0.11
2025-11-13 01:04:14,1.17.2,PR1,13,3.88,,15,Right,Left,242,167,34,14,,,0.15
2025-11-13 01:04:21,1.17.2,PR1,13,3.88,,15,Right,Left,242,168,34,14,,,0.0
2025-11-13 01:04:22,1.17.2,PR1,13,3.88,,15,Right,Left,242,169,34,14,,,0.48
2025-11-13 01:04:24,1.17.2,PR1,13,3.89,,15,Right,Left,242,170,34,14,,,0.09
2025-11-13 01:06:31,1.17.2,PR1,13,3.89,,15,Left,Left,243,170,34,14,,,0.39
2025-11-13 01:06:32,1.17.2,PR1,13,3.88,1.0,15,Pellet,Left,243,170,35,15,0.41,919.0,
2025-11-13 01:06:46,1.17.2,PR1,13,3.88,,16,Left,Left,244,170,35,15,,,0.12
2025-11-13 01:06:47,1.17.2,PR1,13,3.88,,16,Left,Left,245,170,35,15,,,0.26
2025-11-13 01:10:19,1.17.2,PR1,13,3.87,,16,Left,Left,246,170,35,15,,,0.15
2025-11-13 01:10:22,1.17.2,PR1,13,3.88,,16,Left,Left,247,170,35,15,,,0.08
2025-11-13 01:12:45,1.17.2,PR1,13,3.88,,16,Left,Left,248,170,35,15,,,0.04
2025-11-13 01:12:47,1.17.2,PR1,13,3.88,,16,Left,Left,249,170,35,15,,,0.1
2025-11-13 01:22:16,1.17.2,PR1,13,3.89,,16,Left,Left,250,170,35,15,,,0.03
2025-11-13 01:22:17,1.17.2,PR1,13,3.88,,16,Left,Left,251,170,35,15,,,0.06
2025-11-13 01:22:19,1.17.2,PR1,13,3.88,,16,Left,Left,252,170,35,15,,,0.02
2025-11-13 01:22:21,1.17.2,PR1,13,3.88,,16,Left,Left,253,170,35,15,,,0.24
2025-11-13 01:22:23,1.17.2,PR1,13,3.88,,16,Left,Left,254,170,35,15,,,0.04
2025-11-13 01:22:25,1.17.2,PR1,13,3.88,,16,Left,Left,255,170,35,15,,,0.09
2025-11-13 01:22:28,1.17.2,PR1,13,3.88,,16,Left,Left,256,170,35,15,,,0.18
2025-11-13 01:22:30,1.17.2,PR1,13,3.89,,16,Left,Left,257,170,35,15,,,0.11
2025-11-13 01:22:34,1.17.2,PR1,13,3.88,,16,Right,Left,257,171,35,15,,,0.26
2025-11-13 01:22:52,1.17.2,PR1,13,3.88,,16,Left,Left,258,171,35,15,,,0.05
2025-11-13 01:22:53,1.17.2,PR1,13,3.88,,16,Left,Left,259,171,35,15,,,0.1
2025-11-13 01:22:55,1.17.2,PR1,13,3.88,1.0,16,Pellet,Left,259,171,36,16,0.41,983.0,
2025-11-13 01:23:09,1.17.2,PR1,13,3.88,,17,Left,Left,260,171,36,16,,,0.03
2025-11-13 01:23:11,1.17.2,PR1,13,3.88,,17,Left,Left,261,171,36,16,,,0.11
2025-11-13 01:23:12,1.17.2,PR1,13,3.88,,17,Left,Left,262,171,36,16,,,0.02
2025-11-13 01:23:13,1.17.2,PR1,13,3.88,,17,Left,Left,263,171,36,16,,,0.12
2025-11-13 01:23:14,1.17.2,PR1,13,3.88,,17,Left,Left,264,171,36,16,,,0.1
2025-11-13 01:23:16,1.17.2,PR1,13,3.88,,17,Left,Left,265,171,36,16,,,0.03
2025-11-13 01:23:21,1.17.2,PR1,13,3.88,,17,Left,Left,266,171,36,16,,,0.09
2025-11-13 01:23:29,1.17.2,PR1,13,3.88,,17,Left,Left,267,171,36,16,,,0.1
2025-11-13 01:23:30,1.17.2,PR1,13,3.88,,17,Left,Left,268,171,36,16,,,0.29
2025-11-13 01:23:32,1.17.2,PR1,13,3.88,,17,Left,Left,269,171,36,16,,,0.27
2025-11-13 01:23:37,1.17.2,PR1,13,3.88,,17,Left,Left,270,171,36,16,,,0.07
2025-11-13 01:42:29,1.17.2,PR1,13,3.88,,17,Left,Left,271,171,36,16,,,0.22
2025-11-13 01:42:32,1.17.2,PR1,13,3.89,,17,Left,Left,272,171,36,16,,,0.12
2025-11-13 01:42:44,1.17.2,PR1,13,3.89,,17,Left,Left,273,171,36,16,,,0.2
2025-11-13 01:42:52,1.17.2,PR1,13,3.88,,17,Right,Left,273,172,36,16,,,0.23
2025-11-13 01:44:56,1.17.2,PR1,13,3.88,,17,Left,Left,274,172,36,16,,,0.06
2025-11-13 01:51:19,1.17.2,PR1,13,3.88,,17,Left,Left,275,172,36,16,,,0.08
2025-11-13 01:51:25,1.17.2,PR1,13,3.88,,17,Left,Left,276,172,36,16,,,0.06
2025-11-13 01:51:26,1.17.2,PR1,13,3.87,1.0,17,Pellet,Left,276,172,37,17,0.41,1711.0,
2025-11-13 01:53:43,1.17.2,PR1,13,3.88,,18,Right,Left,276,173,37,17,,,0.17
2025-11-13 01:55:31,1.17.2,PR1,13,3.88,,18,Left,Left,277,173,37,17,,,0.01
2025-11-13 01:55:41,1.17.2,PR1,13,3.88,,18,Right,Left,277,174,37,17,,,0.23
2025-11-13 01:55:41,1.17.2,PR1,13,3.88,,18,Right,Left,277,175,37,17,,,0.0
2025-11-13 01:55:47,1.17.2,PR1,13,3.88,,18,Right,Left,277,176,37,17,,,0.09
2025-11-13 01:55:58,1.17.2,PR1,13,3.88,,18,Left,Left,278,176,37,17,,,0.1
2025-11-13 01:55:59,1.17.2,PR1,13,3.88,,18,Left,Left,279,176,37,17,,,0.23
2025-11-13 01:56:02,1.17.2,PR1,13,3.88,,18,Right,Left,279,177,37,17,,,0.18
2025-11-13 01:59:44,1.17.2,PR1,13,3.88,,18,Left,Left,280,177,37,17,,,0.2
2025-11-13 01:59:49,1.17.2,PR1,13,3.88,,18,Right,Left,280,178,37,17,,,0.08
2025-11-13 01:59:54,1.17.2,PR1,13,3.88,,18,Right,Left,280,179,37,17,,,0.29
2025-11-13 02:03:04,1.17.2,PR1,13,3.87,,18,Right,Left,280,180,37,17,,,0.12
2025-11-13 02:06:42,1.17.2,PR1,13,3.88,,18,Right,Left,280,181,37,17,,,0.18
2025-11-13 02:07:45,1.17.2,PR1,13,3.87,,18,Left,Left,281,181,37,17,,,0.12
2025-11-13 02:07:46,1.17.2,PR1,13,3.88,,18,Left,Left,282,181,37,17,,,0.24
2025-11-13 02:07:48,1.17.2,PR1,13,3.88,,18,Left,Left,283,181,37,17,,,0.3
2025-11-13 02:07:49,1.17.2,PR1,13,3.88,,18,Left,Left,284,181,37,17,,,0.32
2025-11-13 02:07:51,1.17.2,PR1,13,3.88,,18,Left,Left,285,181,37,17,,,0.23
2025-11-13 02:07:52,1.17.2,PR1,13,3.88,,18,Left,Left,286,181,37,17,,,0.2
2025-11-13 02:10:28,1.17.2,PR1,13,3.87,,18,Left,Left,287,181,37,17,,,0.83
2025-11-13 02:10:58,1.17.2,PR1,13,3.88,,18,Left,Left,288,181,37,17,,,3.97
2025-11-13 02:11:00,1.17.2,PR1,13,3.88,,18,Left,Left,289,181,37,17,,,0.45
2025-11-13 02:14:40,1.17.2,PR1,13,3.88,,18,Left,Left,290,181,37,17,,,0.1
2025-11-13 02:14:47,1.17.2,PR1,13,3.88,,18,Left,Left,291,181,37,17,,,0.08
2025-11-13 02:16:44,1.17.2,PR1,13,3.88,,18,Left,Left,292,181,37,17,,,0.06
2025-11-13 02:16:48,1.17.2,PR1,13,3.87,,18,Left,Left,293,181,37,17,,,0.38
2025-11-13 02:16:52,1.17.2,PR1,13,3.87,,18,Left,Left,294,181,37,17,,,0.14
2025-11-13 02:16:53,1.17.2,PR1,13,3.87,1.0,18,Pellet,Left,294,181,38,18,0.59,1527.0,
2025-11-13 02:17:15,1.17.2,PR1,13,3.87,,19,Left,Left,295,181,38,18,,,0.05
2025-11-13 02:17:23,1.17.2,PR1,13,3.88,,19,Left,Left,296,181,38,18,,,0.02
2025-11-13 02:17:33,1.17.2,PR1,13,3.88,,19,Left,Left,297,181,38,18,,,0.25
2025-11-13 02:17:34,1.17.2,PR1,13,3.88,,19,Left,Left,298,181,38,18,,,0.18
2025-11-13 02:18:19,1.17.2,PR1,13,3.87,,19,Right,Left,298,182,38,18,,,0.01
2025-11-13 02:18:22,1.17.2,PR1,13,3.88,,19,Right,Left,298,183,38,18,,,0.07
2025-11-13 02:28:48,1.17.2,PR1,13,3.87,,19,Left,Left,299,183,38,18,,,0.1
2025-11-13 02:29:09,1.17.2,PR1,13,3.88,,19,Left,Left,300,183,38,18,,,0.07
2025-11-13 02:29:10,1.17.2,PR1,13,3.88,,19,Left,Left,301,183,38,18,,,0.03
2025-11-13 02:29:31,1.17.2,PR1,13,3.87,,19,Right,Left,301,184,38,18,,,0.12
2025-11-13 02:33:22,1.17.2,PR1,13,3.87,,19,Left,Left,302,184,38,18,,,0.32
2025-11-13 02:33:25,1.17.2,PR1,13,3.88,,19,Left,Left,303,184,38,18,,,0.07
2025-11-13 02:33:39,1.17.2,PR1,13,3.87,,19,Left,Left,304,184,38,18,,,0.15
2025-11-13 02:33:41,1.17.2,PR1,13,3.88,,19,Left,Left,305,184,38,18,,,0.25
2025-11-13 02:33:42,1.17.2,PR1,13,3.88,,19,Left,Left,306,184,38,18,,,0.14
2025-11-13 02:33:43,1.17.2,PR1,13,3.88,,19,Left,Left,307,184,38,18,,,0.09
2025-11-13 02:33:45,1.17.2,PR1,13,3.87,,19,Left,Left,308,184,38,18,,,0.23
2025-11-13 02:33:46,1.17.2,PR1,13,3.88,,19,Left,Left,309,184,38,18,,,0.05
2025-11-13 02:33:48,1.17.2,PR1,13,3.88,,19,Left,Left,310,184,38,18,,,0.15
2025-11-13 02:33:50,1.17.2,PR1,13,3.87,,19,Left,Left,311,184,38,18,,,0.36
2025-11-13 02:33:51,1.17.2,PR1,13,3.88,,19,Left,Left,312,184,38,18,,,0.35
2025-11-13 02:36:58,1.17.2,PR1,13,3.88,,19,Left,Left,313,184,38,18,,,0.02
2025-11-13 02:36:59,1.17.2,PR1,13,3.87,1.0,19,Pellet,Left,313,184,39,19,0.41,1206.0,
2025-11-13 02:37:14,1.17.2,PR1,13,3.88,,20,Left,Left,314,184,39,19,,,0.06
2025-11-13 02:37:16,1.17.2,PR1,13,3.87,,20,Left,Left,315,184,39,19,,,0.12
2025-11-13 02:37:20,1.17.2,PR1,13,3.88,,20,Left,Left,316,184,39,19,,,0.14
2025-11-13 02:37:29,1.17.2,PR1,13,3.87,,20,Left,Left,317,184,39,19,,,0.34
2025-11-13 02:37:35,1.17.2,PR1,13,3.88,,20,Left,Left,318,184,39,19,,,0.53
2025-11-13 02:37:46,1.17.2,PR1,13,3.88,,20,Right,Left,318,185,39,19,,,0.13
2025-11-13 03:22:34,1.17.2,PR1,13,3.88,,1,Left,Left,319,185,39,0,,,0.03
2025-11-13 03:22:36,1.17.2,PR1,13,3.88,1.0,1,Pellet,Left,319,185,40,1,0.83,2737.0,
2025-11-13 03:22:49,1.17.2,PR1,13,3.87,,2,Left,Left,320,185,40,1,,,0.0
2025-11-13 03:22:55,1.17.2,PR1,13,3.88,,2,Left,Left,321,185,40,1,,,0.12
2025-11-13 03:22:57,1.17.2,PR1,13,3.87,1.0,2,Pellet,Left,321,185,41,2,0.29,20.0,
2025-11-13 03:23:06,1.17.2,PR1,13,3.87,,3,Left,Left,322,185,41,2,,,0.15
2025-11-13 03:23:09,1.17.2,PR1,13,3.87,,3,Left,Left,323,185,41,2,,,0.13
2025-11-13 03:23:11,1.17.2,PR1,13,3.87,,3,Left,Left,324,185,41,2,,,0.8
2025-11-13 03:23:13,1.17.2,PR1,13,3.88,1.0,3,Pellet,Left,324,185,42,3,0.59,17.0,
2025-11-13 03:23:45,1.17.2,PR1,13,3.88,,4,Left,Left,325,185,42,3,,,0.14
2025-11-13 03:23:59,1.17.2,PR1,13,3.87,,4,Left,Left,326,185,42,3,,,0.08
2025-11-13 03:24:04,1.17.2,PR1,13,3.87,,4,Left,Left,327,185,42,3,,,0.06
2025-11-13 03:24:05,1.17.2,PR1,13,3.87,,4,Left,Left,328,185,42,3,,,0.08
2025-11-13 03:24:06,1.17.2,PR1,13,3.87,1.0,4,Pellet,Left,328,185,43,4,0.23,53.0,
2025-11-13 03:24:24,1.17.2,PR1,13,3.87,,5,Left,Left,329,185,43,4,,,0.13
2025-11-13 03:24:35,1.17.2,PR1,13,3.88,,5,Left,Left,330,185,43,4,,,0.1
2025-11-13 03:24:41,1.17.2,PR1,13,3.88,,5,Left,Left,331,185,43,4,,,0.13
2025-11-13 03:24:53,1.17.2,PR1,13,3.87,,5,Right,Left,331,186,43,4,,,0.44
2025-11-13 03:24:54,1.17.2,PR1,13,3.87,,5,Right,Left,331,187,43,4,,,0.36
2025-11-13 03:38:30,1.17.2,PR1,13,3.87,,5,Left,Left,332,187,43,4,,,0.71
2025-11-13 03:38:31,1.17.2,PR1,13,3.87,,5,Left,Left,333,187,43,4,,,0.31
2025-11-13 03:38:32,1.17.2,PR1,13,3.87,1.0,5,Pellet,Left,333,187,44,5,0.41,866.0,
2025-11-13 03:38:48,1.17.2,PR1,13,3.87,,6,Left,Left,334,187,44,5,,,0.02
2025-11-13 03:38:50,1.17.2,PR1,13,3.87,,6,Left,Left,335,187,44,5,,,0.19
2025-11-13 03:38:59,1.17.2,PR1,13,3.88,,6,Left,Left,336,187,44,5,,,0.09
2025-11-13 03:39:01,1.17.2,PR1,13,3.87,,6,Left,Left,337,187,44,5,,,0.88
2025-11-13 03:39:03,1.17.2,PR1,13,3.87,,6,Left,Left,338,187,44,5,,,0.14
2025-11-13 03:39:05,1.17.2,PR1,13,3.87,,6,Left,Left,339,187,44,5,,,0.64
2025-11-13 03:39:06,1.17.2,PR1,13,3.87,2.0,6,Pellet,Left,339,187,45,6,0.06,34.0,
2025-11-13 03:39:15,1.17.2,PR1,13,3.87,,7,Left,Left,340,187,45,6,,,1.04
2025-11-13 03:39:16,1.17.2,PR1,13,3.88,,7,Left,Left,341,187,45,6,,,0.1
2025-11-13 03:39:21,1.17.2,PR1,13,3.87,,7,Left,Left,342,187,45,6,,,0.02
2025-11-13 03:39:21,1.17.2,PR1,13,3.87,,7,Left,Left,343,187,45,6,,,0.0
2025-11-13 03:39:23,1.17.2,PR1,13,3.87,,7,Left,Left,344,187,45,6,,,0.86
2025-11-13 03:39:25,1.17.2,PR1,13,3.87,,7,Left,Left,345,187,45,6,,,0.1
2025-11-13 03:39:27,1.17.2,PR1,13,3.88,,7,Left,Left,346,187,45,6,,,0.41
2025-11-13 03:39:27,1.17.2,PR1,13,3.88,1.0,7,Pellet,Left,346,187,46,7,0.06,21.0,
2025-11-13 03:39:36,1.17.2,PR1,13,3.87,,8,Left,Left,347,187,46,7,,,0.2
2025-11-13 03:39:42,1.17.2,PR1,13,3.88,,8,Left,Left,348,187,46,7,,,0.08
2025-11-13 03:49:55,1.17.2,PR1,13,3.87,,8,Left,Left,349,187,46,7,,,0.66
2025-11-13 03:49:57,1.17.2,PR1,13,3.87,,8,Left,Left,350,187,46,7,,,0.29
2025-11-13 03:49:59,1.17.2,PR1,13,3.88,,8,Left,Left,351,187,46,7,,,0.1
2025-11-13 03:50:11,1.17.2,PR1,13,3.88,,8,Left,Left,352,187,46,7,,,0.47
2025-11-13 03:50:17,1.17.2,PR1,13,3.88,,8,Left,Left,353,187,46,7,,,0.75
2025-11-13 03:50:18,1.17.2,PR1,13,3.87,,8,Left,Left,354,187,46,7,,,0.3
2025-11-13 03:50:19,1.17.2,PR1,13,3.87,1.0,8,Pellet,Left,354,187,47,8,0.35,652.0,
2025-11-13 03:50:32,1.17.2,PR1,13,3.87,,9,Left,Left,355,187,47,8,,,0.03
2025-11-13 03:51:42,1.17.2,PR1,13,3.88,,9,Right,Left,355,188,47,8,,,0.4
2025-11-13 03:51:44,1.17.2,PR1,13,3.87,,9,Right,Left,355,189,47,8,,,0.24
2025-11-13 03:51:45,1.17.2,PR1,13,3.87,,9,Right,Left,355,190,47,8,,,0.09
2025-11-13 03:51:46,1.17.2,PR1,13,3.87,,9,Right,Left,355,191,47,8,,,0.27
2025-11-13 03:51:48,1.17.2,PR1,13,3.87,,9,Right,Left,355,192,47,8,,,0.03
2025-11-13 03:51:50,1.17.2,PR1,13,3.87,,9,Right,Left,355,193,47,8,,,0.09
2025-11-13 03:52:05,1.17.2,PR1,13,3.88,,9,Left,Left,356,193,47,8,,,0.13
2025-11-13 03:52:07,1.17.2,PR1,13,3.88,,9,Left,Left,357,193,47,8,,,0.17
2025-11-13 03:52:09,1.17.2,PR1,13,3.87,,9,Left,Left,358,193,47,8,,,0.09
2025-11-13 03:52:11,1.17.2,PR1,13,3.87,,9,Left,Left,359,193,47,8,,,0.13
2025-11-13 04:18:20,1.17.2,PR1,13,3.87,,9,Left,Left,360,193,47,8,,,0.3
2025-11-13 04:18:22,1.17.2,PR1,13,3.87,,9,Left,Left,361,193,47,8,,,0.9
2025-11-13 04:18:28,1.17.2,PR1,13,3.87,,9,Left,Left,362,193,47,8,,,0.29
2025-11-13 04:30:20,1.17.2,PR1,13,3.87,,9,Left,Left,363,193,47,8,,,0.01
2025-11-13 04:30:23,1.17.2,PR1,13,3.87,2.0,9,Pellet,Left,363,193,48,9,0.53,2404.0,
2025-11-13 04:30:42,1.17.2,PR1,13,3.87,,10,Left,Left,364,193,48,9,,,0.08
2025-11-13 04:30:44,1.17.2,PR1,13,3.87,,10,Left,Left,365,193,48,9,,,0.06
2025-11-13 04:30:46,1.17.2,PR1,13,3.87,,10,Left,Left,366,193,48,9,,,0.77
2025-11-13 04:30:54,1.17.2,PR1,13,3.88,,10,Left,Left,367,193,48,9,,,0.92
2025-11-13 04:31:05,1.17.2,PR1,13,3.87,,10,Right,Left,367,194,48,9,,,0.5
2025-11-13 04:31:07,1.17.2,PR1,13,3.88,,10,Right,Left,367,195,48,9,,,0.31
2025-11-13 04:36:00,1.17.2,PR1,13,3.87,,10,Right,Left,367,196,48,9,,,0.07
2025-11-13 04:36:01,1.17.2,PR1,13,3.87,,10,Right,Left,367,197,48,9,,,0.0
2025-11-13 04:36:05,1.17.2,PR1,13,3.87,,10,Right,Left,367,198,48,9,,,0.24
2025-11-13 04:36:09,1.17.2,PR1,13,3.87,,10,Right,Left,367,199,48,9,,,0.28
2025-11-13 04:37:44,1.17.2,PR1,13,3.87,,10,Left,Left,368,199,48,9,,,0.17
2025-11-13 04:37:47,1.17.2,PR1,13,3.87,,10,Left,Left,369,199,48,9,,,0.02
2025-11-13 04:37:48,1.17.2,PR1,13,3.87,,10,Left,Left,370,199,48,9,,,0.09
2025-11-13 04:37:51,1.17.2,PR1,13,3.87,,10,Left,Left,371,199,48,9,,,0.08
2025-11-13 04:42:26,1.17.2,PR1,13,3.87,,10,Right,Left,371,200,48,9,,,0.1
2025-11-13 04:42:28,1.17.2,PR1,13,3.87,,10,Right,Left,371,201,48,9,,,0.4
2025-11-13 04:42:35,1.17.2,PR1,13,3.87,,10,Right,Left,371,202,48,9,,,0.15
2025-11-13 05:02:09,1.17.2,PR1,13,3.87,,10,Left,Left,372,202,48,9,,,0.32
2025-11-13 05:04:02,1.17.2,PR1,13,3.87,,10,Right,Left,372,203,48,9,,,0.17
2025-11-13 05:04:44,1.17.2,PR1,13,3.87,,10,Left,Left,373,203,48,9,,,0.01
2025-11-13 05:04:45,1.17.2,PR1,13,3.87,1.0,10,Pellet,Left,373,203,49,10,0.47,2062.0,
2025-11-13 05:05:03,1.17.2,PR1,13,3.87,,11,Left,Left,374,203,49,10,,,0.09
2025-11-13 05:05:04,1.17.2,PR1,13,3.87,,11,Left,Left,375,203,49,10,,,0.26
2025-11-13 05:05:06,1.17.2,PR1,13,3.87,,11,Left,Left,376,203,49,10,,,0.2
2025-11-13 05:05:07,1.17.2,PR1,13,3.87,,11,Left,Left,377,203,49,10,,,0.44
2025-11-13 05:05:08,1.17.2,PR1,13,3.87,,11,Left,Left,378,203,49,10,,,0.32
2025-11-13 05:05:10,1.17.2,PR1,13,3.87,,11,Left,Left,379,203,49,10,,,0.23
2025-11-13 05:05:11,1.17.2,PR1,13,3.87,,11,Left,Left,380,203,49,10,,,0.4
2025-11-13 05:05:12,1.17.2,PR1,13,3.87,,11,Left,Left,381,203,49,10,,,0.21
2025-11-13 05:05:14,1.17.2,PR1,13,3.87,,11,Left,Left,382,203,49,10,,,0.19
2025-11-13 05:05:26,1.17.2,PR1,13,3.87,,11,Right,Left,382,204,49,10,,,0.18
2025-11-13 05:06:39,1.17.2,PR1,13,3.87,,11,Left,Left,383,204,49,10,,,0.2
2025-11-13 05:06:41,1.17.2,PR1,13,3.87,,11,Left,Left,384,204,49,10,,,0.12
2025-11-13 05:06:42,1.17.2,PR1,13,3.87,1.0,11,Pellet,Left,384,204,50,11,0.35,117.0,
2025-11-13 05:07:00,1.17.2,PR1,13,3.87,,12,Left,Left,385,204,50,11,,,0.03
2025-11-13 05:07:01,1.17.2,PR1,13,3.87,,12,Left,Left,386,204,50,11,,,0.12
2025-11-13 05:07:04,1.17.2,PR1,13,3.87,,12,Left,Left,387,204,50,11,,,0.16
2025-11-13 05:08:39,1.17.2,PR1,13,3.87,,12,Right,Left,387,205,50,11,,,0.12
2025-11-13 05:08:41,1.17.2,PR1,13,3.87,,12,Right,Left,387,206,50,11,,,0.04
2025-11-13 05:14:52,1.17.2,PR1,13,3.87,,12,Left,Left,388,206,50,11,,,0.19
2025-11-13 05:14:54,1.17.2,PR1,13,3.87,,12,Left,Left,389,206,50,11,,,0.2
2025-11-13 05:14:55,1.17.2,PR1,13,3.87,,12,Left,Left,390,206,50,11,,,0.23
2025-11-13 05:14:58,1.17.2,PR1,13,3.87,,12,Left,Left,391,206,50,11,,,0.29
2025-11-13 05:14:59,1.17.2,PR1,13,3.87,,12,Left,Left,392,206,50,11,,,0.25
2025-11-13 05:15:00,1.17.2,PR1,13,3.87,,12,Left,Left,393,206,50,11,,,0.07
2025-11-13 05:26:33,1.17.2,PR1,13,3.87,,12,Left,Left,394,206,50,11,,,0.13
2025-11-13 05:29:53,1.17.2,PR1,13,3.87,,12,Left,Left,395,206,50,11,,,0.03
2025-11-13 05:29:55,1.17.2,PR1,13,3.87,,12,Left,Left,396,206,50,11,,,0.1
2025-11-13 05:29:56,1.17.2,PR1,13,3.87,1.0,12,Pellet,Left,396,206,51,12,1.07,1394.0,
2025-11-13 05:30:10,1.17.2,PR1,13,3.87,,13,Left,Left,397,206,51,12,,,0.15
2025-11-13 05:30:14,1.17.2,PR1,13,3.87,,13,Left,Left,398,206,51,12,,,0.08
2025-11-13 05:30:16,1.17.2,PR1,13,3.87,,13,Left,Left,399,206,51,12,,,0.13
2025-11-13 05:30:19,1.17.2,PR1,13,3.87,,13,Left,Left,400,206,51,12,,,0.03
2025-11-13 05:30:20,1.17.2,PR1,13,3.87,,13,Left,Left,401,206,51,12,,,0.13
2025-11-13 05:33:22,1.17.2,PR1,13,3.87,,13,Left,Left,402,206,51,12,,,0.02
2025-11-13 05:37:28,1.17.2,PR1,13,3.87,,13,Right,Left,402,207,51,12,,,0.02
2025-11-13 05:38:28,1.17.2,PR1,13,3.87,,13,Left,Left,403,207,51,12,,,0.07
2025-11-13 05:42:20,1.17.2,PR1,13,3.87,,13,Left,Left,404,207,51,12,,,0.08
2025-11-13 05:42:21,1.17.2,PR1,13,3.87,,13,Left,Left,405,207,51,12,,,0.1
2025-11-13 05:42:25,1.17.2,PR1,13,3.87,,13,Left,Left,406,207,51,12,,,0.02
2025-11-13 05:45:42,1.17.2,PR1,13,3.87,,13,Right,Left,406,208,51,12,,,0.03
2025-11-13 05:45:43,1.17.2,PR1,13,3.87,,13,Right,Left,406,209,51,12,,,0.06
2025-11-13 05:45:44,1.17.2,PR1,13,3.87,,13,Right,Left,406,210,51,12,,,0.09
2025-11-13 05:59:09,1.17.2,PR1,13,3.87,,13,Left,Left,407,210,51,12,,,0.81
2025-11-13 06:50:24,1.17.2,PR1,13,3.87,,1,Left,Left,408,210,51,0,,,0.12
2025-11-13 06:50:29,1.17.2,PR1,13,3.87,1.0,1,Pellet,Left,408,210,52,1,4.25,4833.0,
2025-11-13 06:50:57,1.17.2,PR1,13,3.87,,2,Left,Left,409,210,52,1,,,1.0
2025-11-13 06:50:59,1.17.2,PR1,13,3.87,,2,Left,Left,410,210,52,1,,,1.15
2025-11-13 06:51:01,1.17.2,PR1,13,3.87,1.0,2,Pellet,Left,410,210,53,2,0.29,31.0,
2025-11-13 07:02:05,1.17.2,PR1,13,3.87,,3,Left,Left,411,210,53,2,,,0.9
2025-11-13 07:02:08,1.17.2,PR1,13,3.87,,3,Left,Left,412,210,53,2,,,0.19
2025-11-13 07:09:49,1.17.2,PR1,13,3.87,,3,Left,Left,413,210,53,2,,,1.37
2025-11-13 07:09:51,1.17.2,PR1,13,3.87,1.0,3,Pellet,Left,413,210,54,3,0.95,1131.0,
2025-11-13 07:19:14,1.17.2,PR1,13,3.87,,4,Left,Left,414,210,54,3,,,0.64
2025-11-13 07:19:20,1.17.2,PR1,13,3.87,,4,Left,Left,415,210,54,3,,,0.94
2025-11-13 07:19:38,1.17.2,PR1,13,3.87,,4,Left,Left,416,210,54,3,,,0.17
2025-11-13 07:19:46,1.17.2,PR1,13,3.87,,4,Left,Left,417,210,54,3,,,0.04
2025-11-13 07:19:46,1.17.2,PR1,13,3.87,,4,LeftDuringDispense,Left,418,210,54,4,,,0.03
2025-11-13 07:19:50,1.17.2,PR1,13,3.87,2.0,4,Pellet,Left,418,210,55,4,0.29,598.0,
2025-11-13 07:20:32,1.17.2,PR1,13,3.87,,5,Left,Left,419,210,55,4,,,0.85
2025-11-13 07:53:37,1.17.2,PR1,13,3.87,,1,Left,Left,420,210,55,0,,,0.13
2025-11-13 07:53:37,1.17.2,PR1,13,3.87,1.0,1,Pellet,Left,420,210,56,1,0.06,2028.0,
2025-11-13 07:54:09,1.17.2,PR1,13,3.87,,2,Left,Left,421,210,56,1,,,0.04
2025-11-13 07:54:24,1.17.2,PR1,13,3.87,,2,Left,Left,422,210,56,1,,,0.9
2025-11-13 07:54:25,1.17.2,PR1,13,3.87,1.0,2,Pellet,Left,422,210,57,2,0.12,48.0,
2025-11-13 07:54:43,1.17.2,PR1,13,3.87,,3,Left,Left,423,210,57,2,,,0.04
2025-11-13 07:54:46,1.17.2,PR1,13,3.87,,3,Left,Left,424,210,57,2,,,0.83
2025-11-13 08:11:52,1.17.2,PR1,13,3.86,,3,Left,Left,425,210,57,2,,,0.04
2025-11-13 08:11:53,1.17.2,PR1,13,3.87,1.0,3,Pellet,Left,425,210,58,3,0.41,1048.0,
2025-11-13 08:12:14,1.17.2,PR1,13,3.87,,4,Left,Left,426,210,58,3,,,0.07
2025-11-13 08:12:19,1.17.2,PR1,13,3.87,,4,Left,Left,427,210,58,3,,,0.04
2025-11-13 08:12:21,1.17.2,PR1,13,3.87,,4,Left,Left,428,210,58,3,,,0.02
2025-11-13 08:12:25,1.17.2,PR1,13,3.87,,4,Left,Left,429,210,58,3,,,1.43
2025-11-13 08:12:27,1.17.2,PR1,13,3.86,1.0,4,Pellet,Left,429,210,59,4,0.41,34.0,
2025-11-13 08:12:51,1.17.2,PR1,13,3.86,,5,Left,Left,430,210,59,4,,,0.03
2025-11-13 08:12:56,1.17.2,PR1,13,3.87,,5,Left,Left,431,210,59,4,,,0.99
2025-11-13 08:13:06,1.17.2,PR1,13,3.87,,5,Right,Left,431,211,59,4,,,0.36
2025-11-13 08:13:08,1.17.2,PR1,13,3.86,,5,Right,Left,431,212,59,4,,,0.39
2025-11-13 08:13:09,1.17.2,PR1,13,3.86,,5,Right,Left,431,213,59,4,,,0.45
2025-11-13 08:13:13,1.17.2,PR1,13,3.87,,5,Right,Left,431,214,59,4,,,0.36
2025-11-13 08:13:14,1.17.2,PR1,13,3.87,,5,Right,Left,431,215,59,4,,,0.18
2025-11-13 08:23:12,1.17.2,PR1,13,3.87,,5,Left,Left,432,215,59,4,,,0.64
2025-11-13 08:23:15,1.17.2,PR1,13,3.86,,5,Left,Left,433,215,59,4,,,0.08
2025-11-13 08:23:34,1.17.2,PR1,13,3.87,,5,Left,Left,434,215,59,4,,,0.01
2025-11-13 08:23:37,1.17.2,PR1,13,3.86,1.0,5,Pellet,Left,434,215,60,5,2.63,670.0,
2025-11-13 09:21:29,1.17.2,PR1,13,3.86,,1,Left,Left,435,215,60,0,,,0.74
2025-11-13 09:21:31,1.17.2,PR1,13,3.86,1.0,1,Pellet,Left,435,215,61,1,0.65,3473.0,
2025-11-13 09:21:59,1.17.2,PR1,13,3.86,,2,Left,Left,436,215,61,1,,,0.07
2025-11-13 09:22:03,1.17.2,PR1,13,3.86,,2,Left,Left,437,215,61,1,,,1.07
2025-11-13 09:22:04,1.17.2,PR1,13,3.86,1.0,2,Pellet,Left,437,215,62,2,0.29,34.0,
2025-11-13 09:22:47,1.17.2,PR1,13,3.87,,3,Left,Left,438,215,62,2,,,0.92
2025-11-13 09:22:53,1.17.2,PR1,13,3.86,,3,Left,Left,439,215,62,2,,,0.89
2025-11-13 09:31:01,1.17.2,PR1,13,3.86,,3,Right,Left,439,216,62,2,,,0.25
2025-11-13 09:31:02,1.17.2,PR1,13,3.86,,3,Right,Left,439,217,62,2,,,0.25
2025-11-13 09:31:05,1.17.2,PR1,13,3.87,,3,Right,Left,439,218,62,2,,,0.02
2025-11-13 09:31:07,1.17.2,PR1,13,3.86,,3,Right,Left,439,219,62,2,,,0.31
2025-11-13 09:31:08,1.17.2,PR1,13,3.86,,3,Right,Left,439,220,62,2,,,0.3
2025-11-13 09:31:11,1.17.2,PR1,13,3.86,,3,Right,Left,439,221,62,2,,,0.1
2025-11-13 10:03:09,1.17.2,PR1,13,3.86,,1,Left,Left,440,221,62,0,,,0.03
2025-11-13 10:03:11,1.17.2,PR1,13,3.86,1.0,1,Pellet,Left,440,221,63,1,1.07,2467.0,
2025-11-13 10:04:14,1.17.2,PR1,13,3.86,,2,Left,Left,441,221,63,1,,,0.42
2025-11-13 10:04:16,1.17.2,PR1,13,3.86,,2,Left,Left,442,221,63,1,,,0.05
2025-11-13 10:04:18,1.17.2,PR1,13,3.86,1.0,2,Pellet,Left,442,221,64,2,0.95,67.0,
2025-11-13 10:04:55,1.17.2,PR1,13,3.86,,3,Left,Left,443,221,64,2,,,0.57
2025-11-13 10:04:59,1.17.2,PR1,13,3.86,,3,Left,Left,444,221,64,2,,,0.54
2025-11-13 10:38:18,1.17.2,PR1,13,3.85,,1,Left,Left,445,221,64,0,,,0.17
2025-11-13 10:38:20,1.17.2,PR1,13,3.86,2.0,1,Pellet,Left,445,221,65,1,0.95,2042.0,
2025-11-13 10:38:46,1.17.2,PR1,13,3.85,,2,Left,Left,446,221,65,1,,,0.16
2025-11-13 10:38:48,1.17.2,PR1,13,3.86,,2,Left,Left,447,221,65,1,,,0.07
2025-11-13 10:38:50,1.17.2,PR1,13,3.86,1.0,2,Pellet,Left,447,221,66,2,0.41,30.0,
2025-11-13 11:15:15,1.17.2,PR1,13,3.86,,1,Left,Left,448,221,66,0,,,0.03
2025-11-13 11:15:19,1.17.2,PR1,13,3.85,1.0,1,Pellet,Left,448,221,67,1,2.75,2189.0,
2025-11-13 11:15:40,1.17.2,PR1,13,3.85,,2,Left,Left,449,221,67,1,,,0.04
2025-11-13 11:15:45,1.17.2,PR1,13,3.85,,2,Left,Left,450,221,67,1,,,0.06
2025-11-13 11:15:47,1.17.2,PR1,13,3.85,1.0,2,Pellet,Left,450,221,68,2,1.31,28.0,
2025-11-13 11:16:27,1.17.2,PR1,13,3.85,,3,Left,Left,451,221,68,2,,,0.16
2025-11-13 11:18:10,1.17.2,PR1,13,3.85,,3,Left,Left,452,221,68,2,,,0.18
2025-11-13 11:24:44,1.17.2,PR1,13,3.86,,3,Right,Left,452,222,68,2,,,0.1
2025-11-13 11:29:14,1.17.2,PR1,13,3.85,,3,Right,Left,452,223,68,2,,,0.26
2025-11-13 11:29:15,1.17.2,PR1,13,3.86,,3,Right,Left,452,224,68,2,,,0.04
2025-11-13 11:33:15,1.17.2,PR1,13,3.85,,3,Left,Left,453,224,68,2,,,0.11
2025-11-13 11:33:17,1.17.2,PR1,13,3.86,1.0,3,Pellet,Left,453,224,69,3,0.89,1049.0,
2025-11-13 11:45:50,1.17.2,PR1,13,3.85,,4,Left,Left,454,224,69,3,,,0.4
2025-11-13 11:45:53,1.17.2,PR1,13,3.85,,4,Left,Left,455,224,69,3,,,0.64
2025-11-13 12:16:18,1.17.2,PR1,13,3.85,,1,Left,Left,456,224,69,0,,,0.7
2025-11-13 12:16:20,1.17.2,PR1,13,3.85,1.0,1,Pellet,Left,456,224,70,1,1.31,2584.0,
2025-11-13 12:16:43,1.17.2,PR1,13,3.86,,2,Left,Left,457,224,70,1,,,0.85
2025-11-13 12:16:44,1.17.2,PR1,13,3.85,,2,Left,Left,458,224,70,1,,,0.09
2025-11-13 12:16:48,1.17.2,PR1,13,3.85,1.0,2,Pellet,Left,458,224,71,2,2.69,27.0,
2025-11-13 12:17:12,1.17.2,PR1,13,3.85,,3,Left,Left,459,224,71,2,,,0.24
2025-11-13 12:17:15,1.17.2,PR1,13,3.85,,3,Left,Left,460,224,71,2,,,0.49
2025-11-13 12:17:25,1.17.2,PR1,13,3.85,,3,Left,Left,461,224,71,2,,,1.0
2025-11-13 12:17:26,1.17.2,PR1,13,3.85,1.0,3,Pellet,Left,461,224,72,3,0.47,39.0,
2025-11-13 12:24:48,1.17.2,PR1,13,3.85,,4,Left,Left,462,224,72,3,,,0.46
2025-11-13 12:24:51,1.17.2,PR1,13,3.85,,4,Left,Left,463,224,72,3,,,0.52
2025-11-13 12:24:53,1.17.2,PR1,13,3.85,,4,Left,Left,464,224,72,3,,,0.77
2025-11-13 12:24:55,1.17.2,PR1,13,3.85,,4,Left,Left,465,224,72,3,,,0.81
2025-11-13 12:24:56,1.17.2,PR1,13,3.85,1.0,4,Pellet,Left,465,224,73,4,0.06,450.0,
2025-11-13 12:51:47,1.17.2,PR1,13,3.85,,5,Left,Left,466,224,73,4,,,0.57
2025-11-13 12:51:54,1.17.2,PR1,13,3.85,,5,Left,Left,467,224,73,4,,,0.64
2025-11-13 12:51:55,1.17.2,PR1,13,3.85,,5,Left,Left,468,224,73,4,,,0.2
2025-11-13 12:51:59,1.17.2,PR1,13,3.85,,5,Left,Left,469,224,73,4,,,0.7
2025-11-13 12:52:02,1.17.2,PR1,13,3.85,,5,Left,Left,470,224,73,4,,,0.93
2025-11-13 12:52:05,1.17.2,PR1,13,3.85,2.0,5,Pellet,Left,470,224,74,5,0.41,1629.0,
2025-11-13 13:56:03,1.17.2,PR1,13,3.85,,1,Left,Left,471,224,74,0,,,0.14
2025-11-13 13:56:04,1.17.2,PR1,13,3.85,1.0,1,Pellet,Left,471,224,75,1,0.06,3838.0,
2025-11-13 13:56:19,1.17.2,PR1,13,3.85,,2,Left,Left,472,224,75,1,,,0.64
2025-11-13 13:56:21,1.17.2,PR1,13,3.85,,2,Left,Left,473,224,75,1,,,0.84
2025-11-13 13:56:24,1.17.2,PR1,13,3.85,1.0,2,Pellet,Left,473,224,76,2,1.37,20.0,
2025-11-13 13:56:59,1.17.2,PR1,13,3.85,,3,Left,Left,474,224,76,2,,,0.85
2025-11-13 13:57:03,1.17.2,PR1,13,3.85,,3,Left,Left,475,224,76,2,,,0.75
2025-11-13 13:57:07,1.17.2,PR1,13,3.85,,3,Left,Left,476,224,76,2,,,0.95
2025-11-13 13:57:08,1.17.2,PR1,13,3.85,1.0,3,Pellet,Left,476,224,77,3,0.29,45.0,
2025-11-13 14:40:16,1.17.2,PR1,13,3.85,,1,Left,Left,477,224,77,0,,,0.0
2025-11-13 14:40:19,1.17.2,PR1,13,3.85,1.0,1,Pellet,Left,477,224,78,1,1.55,2591.0,
2025-11-13 15:03:22,1.17.2,PR1,13,3.85,,2,Left,Left,478,224,78,1,,,1.08
2025-11-13 15:03:25,1.17.2,PR1,13,3.85,,2,Left,Left,479,224,78,1,,,1.13
2025-11-13 15:03:27,1.17.2,PR1,13,3.85,1.0,2,Pellet,Left,479,224,79,2,1.07,1388.0,
2025-11-13 15:04:09,1.17.2,PR1,13,3.85,,3,Left,Left,480,224,79,2,,,1.19
2025-11-13 15:27:53,1.17.2,PR1,13,3.85,,3,Left,Left,481,224,79,2,,,0.91
2025-11-13 15:37:35,1.17.2,PR1,13,3.85,,3,Left,Left,482,224,79,2,,,0.12
2025-11-13 15:37:37,1.17.2,PR1,13,3.85,1.0,3,Pellet,Left,482,224,80,3,0.77,2050.0,
2025-11-13 15:37:49,1.17.2,PR1,13,3.85,,4,Left,Left,483,224,80,3,,,0.07
2025-11-13 15:37:51,1.17.2,PR1,13,3.85,,4,Left,Left,484,224,80,3,,,0.03
2025-11-13 15:38:03,1.17.2,PR1,13,3.85,,4,Left,Left,485,224,80,3,,,0.33
2025-11-13 15:38:07,1.17.2,PR1,13,3.85,,4,Left,Left,486,224,80,3,,,0.08
2025-11-13 15:38:08,1.17.2,PR1,13,3.84,1.0,4,Pellet,Left,486,224,81,4,0.06,31.0,
2025-11-13 15:38:45,1.17.2,PR1,13,3.84,,5,Left,Left,487,224,81,4,,,0.76
2025-11-13 15:38:47,1.17.2,PR1,13,3.85,,5,Left,Left,488,224,81,4,,,0.75
2025-11-13 15:50:58,1.17.2,PR1,13,3.85,,5,Left,Left,489,224,81,4,,,0.09
2025-11-13 16:26:04,1.17.2,PR1,13,3.84,,1,Left,Left,490,224,81,0,,,0.13
2025-11-13 16:26:06,1.17.2,PR1,13,3.85,1.0,1,Pellet,Left,490,224,82,1,0.83,2878.0,
2025-11-13 16:26:41,1.17.2,PR1,13,3.84,,2,Left,Left,491,224,82,1,,,0.09
2025-11-13 16:26:53,1.17.2,PR1,13,3.84,,2,Left,Left,492,224,82,1,,,0.65
2025-11-13 16:26:54,1.17.2,PR1,13,3.84,1.0,2,Pellet,Left,492,224,83,2,0.35,48.0,
2025-11-13 16:36:59,1.17.2,PR1,13,3.84,,3,Left,Left,493,224,83,2,,,0.09
2025-11-13 16:37:04,1.17.2,PR1,13,3.84,,3,Left,Left,494,224,83,2,,,0.13
2025-11-13 16:37:07,1.17.2,PR1,13,3.85,,3,Left,Left,495,224,83,2,,,0.15
2025-11-13 16:37:08,1.17.2,PR1,13,3.84,1.0,3,Pellet,Left,495,224,84,3,0.29,614.0,
2025-11-13 16:37:40,1.17.2,PR1,13,3.84,,4,Left,Left,496,224,84,3,,,0.01
2025-11-13 16:40:11,1.17.2,PR1,13,3.85,,4,Right,Left,496,225,84,3,,,0.14
2025-11-13 16:40:13,1.17.2,PR1,13,3.84,,4,Right,Left,496,226,84,3,,,0.2
2025-11-13 16:43:46,1.17.2,PR1,13,3.84,,4,Left,Left,497,226,84,3,,,0.21
2025-11-13 16:52:01,1.17.2,PR1,13,3.84,,4,Left,Left,498,226,84,3,,,0.05
2025-11-13 16:52:08,1.17.2,PR1,13,3.85,,4,Left,Left,499,226,84,3,,,0.0
2025-11-13 16:52:09,1.17.2,PR1,13,3.85,1.0,4,Pellet,Left,499,226,85,4,0.06,900.0,
2025-11-13 16:54:20,1.17.2,PR1,13,3.84,,5,Left,Left,500,226,85,4,,,0.19
2025-11-13 16:54:31,1.17.2,PR1,13,3.84,,5,Left,Left,501,226,85,4,,,0.37
2025-11-13 16:54:33,1.17.2,PR1,13,3.85,,5,Left,Left,502,226,85,4,,,0.28
2025-11-13 16:54:35,1.17.2,PR1,13,3.84,,5,Left,Left,503,226,85,4,,,0.41
2025-11-13 16:54:43,1.17.2,PR1,13,3.84,,5,Left,Left,504,226,85,4,,,0.02
2025-11-13 16:54:48,1.17.2,PR1,13,3.85,,5,LeftWithPellet,Left,505,226,85,5,,,0.34
2025-11-13 16:54:49,1.17.2,PR1,13,3.84,1.0,5,Pellet,Left,505,226,86,5,5.97,161.0,
2025-11-13 17:23:02,1.17.2,PR1,13,3.85,,6,Left,Left,506,226,86,5,,,0.74
2025-11-13 17:23:04,1.17.2,PR1,13,3.85,,6,Left,Left,507,226,86,5,,,0.8
2025-11-13 17:23:07,1.17.2,PR1,13,3.84,,6,Left,Left,508,226,86,5,,,0.82
2025-11-13 17:23:10,1.17.2,PR1,13,3.84,,6,Left,Left,509,226,86,5,,,0.32
2025-11-13 17:49:40,1.17.2,PR1,13,3.84,,6,Left,Left,510,226,86,5,,,0.84
2025-11-13 17:49:44,1.17.2,PR1,13,3.84,,6,Left,Left,511,226,86,5,,,0.58
2025-11-13 17:49:45,1.17.2,PR1,13,3.83,1.0,6,Pellet,Left,511,226,87,6,0.06,3296.0,
2025-11-13 17:49:58,1.17.2,PR1,13,3.84,,7,Left,Left,512,226,87,6,,,0.17
2025-11-13 17:50:00,1.17.2,PR1,13,3.84,,7,Left,Left,513,226,87,6,,,0.18
2025-11-13 17:50:02,1.17.2,PR1,13,3.84,,7,Left,Left,514,226,87,6,,,0.57
2025-11-13 17:50:08,1.17.2,PR1,13,3.83,,7,Left,Left,515,226,87,6,,,0.4
2025-11-13 17:50:09,1.17.2,PR1,13,3.84,,7,Left,Left,516,226,87,6,,,0.54
2025-11-13 17:50:12,1.17.2,PR1,13,3.84,,7,Left,Left,517,226,87,6,,,0.47
2025-11-13 17:50:14,1.17.2,PR1,13,3.84,,7,Left,Left,518,226,87,6,,,0.08
2025-11-13 17:50:16,1.17.2,PR1,13,3.84,1.0,7,Pellet,Left,518,226,88,7,1.85,31.0,
2025-11-13 17:50:28,1.17.2,PR1,13,3.84,,8,Left,Left,519,226,88,7,,,1.27
2025-11-13 17:50:32,1.17.2,PR1,13,3.84,,8,Left,Left,520,226,88,7,,,0.08
2025-11-13 17:50:34,1.17.2,PR1,13,3.84,,8,Left,Left,521,226,88,7,,,0.2
2025-11-13 17:50:39,1.17.2,PR1,13,3.84,,8,Left,Left,522,226,88,7,,,0.24
2025-11-13 17:50:41,1.17.2,PR1,13,3.84,,8,Left,Left,523,226,88,7,,,0.94
2025-11-13 17:50:45,1.17.2,PR1,13,3.84,,8,Left,Left,524,226,88,7,,,0.68
2025-11-13 17:50:48,1.17.2,PR1,13,3.84,,8,Left,Left,525,226,88,7,,,1.05
2025-11-13 17:50:52,1.17.2,PR1,13,3.84,,8,Left,Left,526,226,88,7,,,0.73
2025-11-13 17:50:53,1.17.2,PR1,13,3.83,1.0,8,Pellet,Left,526,226,89,8,0.23,37.0,
2025-11-13 17:51:06,1.17.2,PR1,13,3.84,,9,Left,Left,527,226,89,8,,,0.16
2025-11-13 17:51:10,1.17.2,PR1,13,3.84,,9,Left,Left,528,226,89,8,,,0.81
2025-11-13 17:51:13,1.17.2,PR1,13,3.84,,9,Left,Left,529,226,89,8,,,0.02
2025-11-13 17:51:16,1.17.2,PR1,13,3.83,,9,Left,Left,530,226,89,8,,,0.92
2025-11-13 17:51:20,1.17.2,PR1,13,3.83,,9,Left,Left,531,226,89,8,,,0.02
2025-11-13 17:51:21,1.17.2,PR1,13,3.84,,9,Left,Left,532,226,89,8,,,0.83
2025-11-13 17:51:23,1.17.2,PR1,13,3.84,,9,Left,Left,533,226,89,8,,,0.0
2025-11-13 17:51:24,1.17.2,PR1,13,3.83,,9,Left,Left,534,226,89,8,,,0.23
2025-11-13 18:02:07,1.17.2,PR1,13,3.83,,9,Left,Left,535,226,89,8,,,0.09
2025-11-13 18:02:09,1.17.2,PR1,13,3.83,1.0,9,Pellet,Left,535,226,90,9,0.65,675.0,
2025-11-13 18:02:40,1.17.2,PR1,13,3.84,,10,Left,Left,536,226,90,9,,,0.16
2025-11-13 18:02:42,1.17.2,PR1,13,3.83,,10,Left,Left,537,226,90,9,,,0.06
2025-11-13 18:03:57,1.17.2,PR1,13,3.84,,10,Right,Left,537,227,90,9,,,0.25
2025-11-13 18:07:12,1.17.2,PR1,13,3.84,,10,Left,Left,538,227,90,9,,,0.23
2025-11-13 18:07:15,1.17.2,PR1,13,3.84,,10,Right,Left,538,228,90,9,,,0.04
2025-11-13 18:07:43,1.17.2,PR1,13,3.83,,10,Right,Left,538,229,90,9,,,0.08
2025-11-13 18:13:19,1.17.2,PR1,13,3.83,,10,Left,Left,539,229,90,9,,,0.06
2025-11-13 18:13:20,1.17.2,PR1,13,3.83,,10,Left,Left,540,229,90,9,,,0.28
2025-11-13 18:13:21,1.17.2,PR1,13,3.84,,10,Left,Left,541,229,90,9,,,0.01
2025-11-13 18:13:23,1.17.2,PR1,13,3.84,,10,Left,Left,542,229,90,9,,,0.42
2025-11-13 18:13:25,1.17.2,PR1,13,3.84,,10,Left,Left,543,229,90,9,,,0.43
2025-11-13 18:15:22,1.17.2,PR1,13,3.83,,10,Left,Left,544,229,90,9,,,0.11
2025-11-13 18:21:08,1.17.2,PR1,13,3.83,,10,Left,Left,545,229,90,9,,,0.05
2025-11-13 18:21:09,1.17.2,PR1,13,3.83,1.0,10,Pellet,Left,545,229,91,10,0.17,1141.0,
2025-11-13 18:21:27,1.17.2,PR1,13,3.84,,11,Left,Left,546,229,91,10,,,0.03
2025-11-13 18:21:29,1.17.2,PR1,13,3.83,,11,Left,Left,547,229,91,10,,,0.11
2025-11-13 18:21:32,1.17.2,PR1,13,3.84,,11,Left,Left,548,229,91,10,,,0.08
2025-11-13 18:21:42,1.17.2,PR1,13,3.83,,11,Left,Left,549,229,91,10,,,0.65
2025-11-13 18:21:56,1.17.2,PR1,13,3.84,,11,Left,Left,550,229,91,10,,,0.71
2025-11-13 18:21:57,1.17.2,PR1,13,3.83,,11,Left,Left,551,229,91,10,,,0.11
2025-11-13 18:21:59,1.17.2,PR1,13,3.83,,11,Left,Left,552,229,91,10,,,0.51
2025-11-13 18:22:01,1.17.2,PR1,13,3.84,,11,Left,Left,553,229,91,10,,,0.73
2025-11-13 18:22:02,1.17.2,PR1,13,3.83,,11,Left,Left,554,229,91,10,,,0.51
2025-11-13 18:22:05,1.17.2,PR1,13,3.84,,11,Left,Left,555,229,91,10,,,0.73
2025-11-13 18:22:06,1.17.2,PR1,13,3.83,,11,Left,Left,556,229,91,10,,,0.42
2025-11-13 18:22:07,1.17.2,PR1,13,3.83,1.0,11,Pellet,Left,556,229,92,11,0.23,58.0,
2025-11-13 18:27:19,1.17.2,PR1,13,3.83,,12,Left,Left,557,229,92,11,,,0.48
2025-11-13 18:27:28,1.17.2,PR1,13,3.84,,12,Left,Left,558,229,92,11,,,0.02
2025-11-13 18:27:32,1.17.2,PR1,13,3.83,,12,Left,Left,559,229,92,11,,,0.35
2025-11-13 18:27:44,1.17.2,PR1,13,3.83,,12,Left,Left,560,229,92,11,,,0.04
2025-11-13 18:27:45,1.17.2,PR1,13,3.83,,12,Left,Left,561,229,92,11,,,0.0
2025-11-13 18:27:48,1.17.2,PR1,13,3.83,,12,Left,Left,562,229,92,11,,,0.07
2025-11-13 18:34:51,1.17.2,PR1,13,3.84,,12,Left,Left,563,229,92,11,,,0.05
2025-11-13 18:34:54,1.17.2,PR1,13,3.84,,12,Left,Left,564,229,92,11,,,0.56
2025-11-13 18:34:58,1.17.2,PR1,13,3.84,,12,Left,Left,565,229,92,11,,,0.82
2025-11-13 18:34:59,1.17.2,PR1,13,3.84,,12,Left,Left,566,229,92,11,,,0.36
2025-11-13 18:35:03,1.17.2,PR1,13,3.83,,12,Left,Left,567,229,92,11,,,0.04
2025-11-13 18:35:08,1.17.2,PR1,13,3.83,,12,Left,Left,568,229,92,11,,,0.07
2025-11-13 18:35:09,1.17.2,PR1,13,3.83,1.0,12,Pellet,Left,568,229,93,12,0.06,781.0,
2025-11-13 18:37:20,1.17.2,PR1,13,3.83,,13,Left,Left,569,229,93,12,,,0.39
2025-11-13 18:37:23,1.17.2,PR1,13,3.84,,13,Left,Left,570,229,93,12,,,0.25
2025-11-13 18:37:25,1.17.2,PR1,13,3.83,,13,Left,Left,571,229,93,12,,,0.0
2025-11-13 18:45:56,1.17.2,PR1,13,3.84,,13,Right,Left,571,230,93,12,,,0.0
2025-11-13 18:49:05,1.17.2,PR1,13,3.83,,13,Right,Left,571,231,93,12,,,0.13
2025-11-13 18:49:33,1.17.2,PR1,13,3.84,,13,Left,Left,572,231,93,12,,,0.04
2025-11-13 18:52:00,1.17.2,PR1,13,3.83,,13,Left,Left,573,231,93,12,,,0.11
2025-11-13 18:52:11,1.17.2,PR1,13,3.84,,13,Right,Left,573,232,93,12,,,0.1
2025-11-13 18:57:23,1.17.2,PR1,13,3.83,,13,Right,Left,573,233,93,12,,,0.0
2025-11-13 19:03:34,1.17.2,PR1,13,3.83,,13,Left,Left,574,233,93,12,,,0.44
2025-11-13 19:03:36,1.17.2,PR1,13,3.83,,13,Left,Left,575,233,93,12,,,0.29
2025-11-13 19:03:38,1.17.2,PR1,13,3.83,,13,Left,Left,576,233,93,12,,,0.18
2025-11-13 19:04:45,1.17.2,PR1,13,3.84,,13,Right,Left,576,234,93,12,,,0.13
2025-11-13 19:04:46,1.17.2,PR1,13,3.83,,13,Right,Left,576,235,93,12,,,0.24
2025-11-13 19:05:01,1.17.2,PR1,13,3.83,,13,Left,Left,577,235,93,12,,,0.17
2025-11-13 19:06:44,1.17.2,PR1,13,3.83,,13,Right,Left,577,236,93,12,,,0.11
2025-11-13 19:06:45,1.17.2,PR1,13,3.83,,13,Right,Left,577,237,93,12,,,0.27
2025-11-13 19:06:47,1.17.2,PR1,13,3.83,,13,Right,Left,577,238,93,12,,,0.16
2025-11-13 19:09:49,1.17.2,PR1,13,3.83,,13,Left,Left,578,238,93,12,,,0.18
2025-11-13 19:09:51,1.17.2,PR1,13,3.83,,13,Left,Left,579,238,93,12,,,0.13
2025-11-13 19:11:29,1.17.2,PR1,13,3.83,,13,Right,Left,579,239,93,12,,,0.08
2025-11-13 19:15:11,1.17.2,PR1,13,3.83,,13,Right,Left,579,240,93,12,,,0.06
2025-11-13 19:18:27,1.17.2,PR1,13,3.83,,13,Left,Left,580,240,93,12,,,0.16
2025-11-13 19:20:49,1.17.2,PR1,13,3.83,,13,Right,Left,580,241,93,12,,,0.13
2025-11-13 19:22:33,1.17.2,PR1,13,3.83,,13,Right,Left,580,242,93,12,,,0.12
2025-11-13 19:22:34,1.17.2,PR1,13,3.83,,13,Right,Left,580,243,93,12,,,0.22
2025-11-13 19:22:38,1.17.2,PR1,13,3.83,,13,Right,Left,580,244,93,12,,,0.03
2025-11-13 19:23:08,1.17.2,PR1,13,3.83,,13,Left,Left,581,244,93,12,,,0.14
2025-11-13 19:23:09,1.17.2,PR1,13,3.83,1.0,13,Pellet,Left,581,244,94,13,0.41,2881.0,
2025-11-13 19:23:21,1.17.2,PR1,13,3.83,,14,Left,Left,582,244,94,13,,,0.2
2025-11-13 19:23:22,1.17.2,PR1,13,3.83,,14,Left,Left,583,244,94,13,,,0.22
2025-11-13 19:23:24,1.17.2,PR1,13,3.83,,14,Left,Left,584,244,94,13,,,0.11
2025-11-13 19:23:25,1.17.2,PR1,13,3.83,,14,Left,Left,585,244,94,13,,,0.16
2025-11-13 19:23:27,1.17.2,PR1,13,3.83,,14,Left,Left,586,244,94,13,,,0.16
2025-11-13 19:23:32,1.17.2,PR1,13,3.83,,14,Right,Left,586,245,94,13,,,0.25
2025-11-13 19:31:22,1.17.2,PR1,13,3.83,,14,Left,Left,587,245,94,13,,,0.07
2025-11-13 19:31:24,1.17.2,PR1,13,3.84,,14,Left,Left,588,245,94,13,,,0.11
2025-11-13 19:32:22,1.17.2,PR1,13,3.83,,14,Left,Left,589,245,94,13,,,0.04
2025-11-13 19:32:24,1.17.2,PR1,13,3.83,,14,Left,Left,590,245,94,13,,,0.11
2025-11-13 19:32:32,1.17.2,PR1,13,3.83,,14,Right,Left,590,246,94,13,,,0.14
2025-11-13 19:36:35,1.17.2,PR1,13,3.83,,14,Right,Left,590,247,94,13,,,0.07
2025-11-13 19:36:36,1.17.2,PR1,13,3.83,,14,Right,Left,590,248,94,13,,,0.06
2025-11-13 19:36:47,1.17.2,PR1,13,3.83,,14,Left,Left,591,248,94,13,,,0.02
2025-11-13 19:36:50,1.17.2,PR1,13,3.83,,14,Left,Left,592,248,94,13,,,0.08
2025-11-13 19:36:51,1.17.2,PR1,13,3.83,,14,Left,Left,593,248,94,13,,,0.12
2025-11-13 19:36:52,1.17.2,PR1,13,3.83,,14,Left,Left,594,248,94,13,,,0.08
2025-11-13 19:36:54,1.17.2,PR1,13,3.83,,14,Left,Left,595,248,94,13,,,0.03
2025-11-13 19:36:55,1.17.2,PR1,13,3.83,1.0,14,Pellet,Left,595,248,95,14,0.53,826.0,
2025-11-13 19:37:11,1.17.2,PR1,13,3.83,,15,Left,Left,596,248,95,14,,,0.09
2025-11-13 19:37:13,1.17.2,PR1,13,3.83,,15,Left,Left,597,248,95,14,,,0.16
2025-11-13 19:37:18,1.17.2,PR1,13,3.83,,15,Left,Left,598,248,95,14,,,0.06
2025-11-13 19:45:32,1.17.2,PR1,13,3.83,,15,Right,Left,598,249,95,14,,,0.23
2025-11-13 19:48:09,1.17.2,PR1,13,3.83,,15,Right,Left,598,250,95,14,,,0.05
2025-11-13 19:48:27,1.17.2,PR1,13,3.83,,15,Left,Left,599,250,95,14,,,0.11
2025-11-13 19:48:29,1.17.2,PR1,13,3.83,,15,Left,Left,600,250,95,14,,,0.23
2025-11-13 19:51:30,1.17.2,PR1,13,3.83,,15,Left,Left,601,250,95,14,,,0.04
2025-11-13 19:52:09,1.17.2,PR1,13,3.83,,15,Right,Left,601,251,95,14,,,0.03
2025-11-13 19:54:05,1.17.2,PR1,13,3.83,,15,Right,Left,601,252,95,14,,,0.29
2025-11-13 19:54:06,1.17.2,PR1,13,3.83,,15,Right,Left,601,253,95,14,,,0.09
2025-11-13 19:57:30,1.17.2,PR1,13,3.83,,15,Left,Left,602,253,95,14,,,0.1
2025-11-13 19:57:31,1.17.2,PR1,13,3.83,,15,Left,Left,603,253,95,14,,,0.17
2025-11-13 19:57:32,1.17.2,PR1,13,3.83,,15,Left,Left,604,253,95,14,,,0.16
2025-11-13 19:57:34,1.17.2,PR1,13,3.83,,15,Left,Left,605,253,95,14,,,0.04
2025-11-13 19:57:36,1.17.2,PR1,13,3.83,,15,Left,Left,606,253,95,14,,,0.07
2025-11-13 20:00:08,1.17.2,PR1,13,3.83,,15,Left,Left,607,253,95,14,,,0.07
2025-11-13 20:01:41,1.17.2,PR1,13,3.83,,15,Right,Left,607,254,95,14,,,0.05
2025-11-13 20:01:44,1.17.2,PR1,13,3.83,,15,Left,Left,608,254,95,14,,,0.09
2025-11-13 20:03:46,1.17.2,PR1,13,3.83,,15,Left,Left,609,254,95,14,,,0.07
2025-11-13 20:13:23,1.17.2,PR1,13,3.83,,15,Left,Left,610,254,95,14,,,0.08
2025-11-13 20:13:26,1.17.2,PR1,13,3.83,2.0,15,Pellet,Left,610,254,96,15,0.11,2191.0,
2025-11-13 20:13:40,1.17.2,PR1,13,3.83,,16,Left,Left,611,254,96,15,,,0.1
2025-11-13 20:13:44,1.17.2,PR1,13,3.83,,16,Left,Left,612,254,96,15,,,0.16
2025-11-13 20:13:49,1.17.2,PR1,13,3.83,,16,Left,Left,613,254,96,15,,,0.53
2025-11-13 20:13:50,1.17.2,PR1,13,3.83,,16,Left,Left,614,254,96,15,,,0.25
2025-11-13 20:13:53,1.17.2,PR1,13,3.83,,16,Left,Left,615,254,96,15,,,0.22
2025-11-13 20:13:55,1.17.2,PR1,13,3.83,,16,Left,Left,616,254,96,15,,,0.37
2025-11-13 20:13:56,1.17.2,PR1,13,3.83,,16,Left,Left,617,254,96,15,,,0.35
2025-11-13 20:13:58,1.17.2,PR1,13,3.83,,16,Left,Left,618,254,96,15,,,0.19
2025-11-13 20:18:57,1.17.2,PR1,13,3.83,,16,Right,Left,618,255,96,15,,,0.15
2025-11-13 20:18:59,1.17.2,PR1,13,3.83,,16,Right,Left,618,256,96,15,,,0.35
2025-11-13 20:24:04,1.17.2,PR1,13,3.83,,16,Left,Left,619,256,96,15,,,0.07
2025-11-13 20:24:05,1.17.2,PR1,13,3.83,,16,Left,Left,620,256,96,15,,,0.13
2025-11-13 20:32:38,1.17.2,PR1,13,3.83,,16,Left,Left,621,256,96,15,,,0.09
2025-11-13 20:32:40,1.17.2,PR1,13,3.83,,16,Left,Left,622,256,96,15,,,0.05
2025-11-13 20:33:16,1.17.2,PR1,13,3.83,,16,Right,Left,622,257,96,15,,,0.11
2025-11-13 20:33:18,1.17.2,PR1,13,3.83,,16,Right,Left,622,258,96,15,,,0.15
2025-11-13 20:34:53,1.17.2,PR1,13,3.83,,16,Right,Left,622,259,96,15,,,0.13
2025-11-13 20:35:02,1.17.2,PR1,13,3.83,,16,Right,Left,622,260,96,15,,,0.11
2025-11-13 20:35:13,1.17.2,PR1,13,3.83,,16,Right,Left,622,261,96,15,,,0.1
2025-11-13 20:38:15,1.17.2,PR1,13,3.83,,16,Right,Left,622,262,96,15,,,1.09
2025-11-13 20:38:17,1.17.2,PR1,13,3.83,,16,Right,Left,622,263,96,15,,,0.63
2025-11-13 20:38:19,1.17.2,PR1,13,3.83,,16,Right,Left,622,264,96,15,,,1.15
2025-11-13 20:38:25,1.17.2,PR1,13,3.83,,16,Right,Left,622,265,96,15,,,0.29
2025-11-13 20:38:26,1.17.2,PR1,13,3.83,,16,Right,Left,622,266,96,15,,,0.0
2025-11-13 20:38:27,1.17.2,PR1,13,3.83,,16,Right,Left,622,267,96,15,,,0.0
2025-11-13 20:38:29,1.17.2,PR1,13,3.83,,16,Right,Left,622,268,96,15,,,0.5
2025-11-13 20:38:32,1.17.2,PR1,13,3.83,,16,Left,Left,623,268,96,15,,,0.56
2025-11-13 20:38:33,1.17.2,PR1,13,3.83,,16,Left,Left,624,268,96,15,,,0.2
2025-11-13 20:38:35,1.17.2,PR1,13,3.83,,16,Left,Left,625,268,96,15,,,0.24
2025-11-13 20:38:38,1.17.2,PR1,13,3.83,,16,Left,Left,626,268,96,15,,,0.17
2025-11-13 20:38:40,1.17.2,PR1,13,3.83,1.0,16,Pellet,Left,626,268,97,16,0.77,1514.0,
2025-11-13 20:39:01,1.17.2,PR1,13,3.83,,17,Left,Left,627,268,97,16,,,0.11
2025-11-13 20:39:27,1.17.2,PR1,13,3.83,,17,Left,Left,628,268,97,16,,,0.04
2025-11-13 20:39:29,1.17.2,PR1,13,3.83,,17,Left,Left,629,268,97,16,,,0.1
2025-11-13 20:39:45,1.17.2,PR1,13,3.83,,17,Left,Left,630,268,97,16,,,0.0
2025-11-13 20:40:17,1.17.2,PR1,13,3.83,,17,Right,Left,630,269,97,16,,,0.15
2025-11-13 20:40:22,1.17.2,PR1,13,3.83,,17,Right,Left,630,270,97,16,,,0.19
2025-11-13 20:40:26,1.17.2,PR1,13,3.83,,17,Right,Left,630,271,97,16,,,0.13
2025-11-13 20:40:31,1.17.2,PR1,13,3.83,,17,Right,Left,630,272,97,16,,,0.0
2025-11-13 20:40:34,1.17.2,PR1,13,3.83,,17,Left,Left,631,272,97,16,,,0.08
2025-11-13 20:40:36,1.17.2,PR1,13,3.83,,17,Left,Left,632,272,97,16,,,0.23
2025-11-13 20:40:38,1.17.2,PR1,13,3.83,,17,Left,Left,633,272,97,16,,,0.07
2025-11-13 20:45:47,1.17.2,PR1,13,3.83,,17,Right,Left,633,273,97,16,,,0.13
2025-11-13 20:45:58,1.17.2,PR1,13,3.83,,17,Left,Left,634,273,97,16,,,0.27
2025-11-13 20:46:03,1.17.2,PR1,13,3.83,,17,Right,Left,634,274,97,16,,,0.09
2025-11-13 20:46:07,1.17.2,PR1,13,3.83,,17,Left,Left,635,274,97,16,,,0.04
2025-11-13 20:46:09,1.17.2,PR1,13,3.83,,17,Left,Left,636,274,97,16,,,0.06
2025-11-13 20:50:51,1.17.2,PR1,13,3.83,,17,Left,Left,637,274,97,16,,,0.09
2025-11-13 20:50:52,1.17.2,PR1,13,3.83,,17,Left,Left,638,274,97,16,,,0.12
2025-11-13 20:50:54,1.17.2,PR1,13,3.83,,17,Left,Left,639,274,97,16,,,0.06
2025-11-13 20:50:55,1.17.2,PR1,13,3.83,,17,Left,Left,640,274,97,16,,,0.08
2025-11-13 20:51:00,1.17.2,PR1,13,3.83,,17,Right,Left,640,275,97,16,,,0.07
2025-11-13 20:51:24,1.17.2,PR1,13,3.83,,17,Right,Left,640,276,97,16,,,0.07
2025-11-13 20:54:51,1.17.2,PR1,13,3.83,,17,Left,Left,641,276,97,16,,,0.16
2025-11-13 20:54:52,1.17.2,PR1,13,3.83,,17,Left,Left,642,276,97,16,,,0.12
2025-11-13 20:55:09,1.17.2,PR1,13,3.83,,17,Right,Left,642,277,97,16,,,0.11
2025-11-13 20:55:14,1.17.2,PR1,13,3.84,,17,Left,Left,643,277,97,16,,,0.13
2025-11-13 20:55:16,1.17.2,PR1,13,3.83,1.0,17,Pellet,Left,643,277,98,17,0.53,995.0,
2025-11-13 20:55:33,1.17.2,PR1,13,3.83,,18,Right,Left,643,278,98,17,,,0.3
2025-11-13 20:55:36,1.17.2,PR1,13,3.83,,18,Right,Left,643,279,98,17,,,0.24
2025-11-13 20:55:42,1.17.2,PR1,13,3.83,,18,Left,Left,644,279,98,17,,,0.11
2025-11-13 20:55:43,1.17.2,PR1,13,3.83,,18,Left,Left,645,279,98,17,,,0.13
2025-11-13 20:55:45,1.17.2,PR1,13,3.83,,18,Left,Left,646,279,98,17,,,0.1
2025-11-13 20:55:47,1.17.2,PR1,13,3.83,,18,Left,Left,647,279,98,17,,,0.26
2025-11-13 20:55:48,1.17.2,PR1,13,3.83,,18,Left,Left,648,279,98,17,,,0.13
2025-11-13 20:55:51,1.17.2,PR1,13,3.83,,18,Left,Left,649,279,98,17,,,0.07
2025-11-13 20:56:02,1.17.2,PR1,13,3.83,,18,Right,Left,649,280,98,17,,,0.07
2025-11-13 21:01:13,1.17.2,PR1,13,3.83,,18,Right,Left,649,281,98,17,,,0.16
2025-11-13 21:04:24,1.17.2,PR1,13,3.83,,18,Left,Left,650,281,98,17,,,0.09
2025-11-13 21:04:25,1.17.2,PR1,13,3.83,,18,Left,Left,651,281,98,17,,,0.2
2025-11-13 21:04:27,1.17.2,PR1,13,3.83,,18,Left,Left,652,281,98,17,,,0.22
2025-11-13 21:04:32,1.17.2,PR1,13,3.83,,18,Left,Left,653,281,98,17,,,0.22
2025-11-13 21:04:34,1.17.2,PR1,13,3.83,,18,Left,Left,654,281,98,17,,,0.12
2025-11-13 21:07:01,1.17.2,PR1,13,3.83,,18,Left,Left,655,281,98,17,,,0.11
2025-11-13 21:07:04,1.17.2,PR1,13,3.83,,18,Right,Left,655,282,98,17,,,0.11
2025-11-13 21:07:05,1.17.2,PR1,13,3.83,,18,Right,Left,655,283,98,17,,,0.18
2025-11-13 21:07:08,1.17.2,PR1,13,3.83,,18,Left,Left,656,283,98,17,,,0.04
2025-11-13 21:07:09,1.17.2,PR1,13,3.83,,18,Left,Left,657,283,98,17,,,0.04
2025-11-13 21:07:22,1.17.2,PR1,13,3.83,,18,Left,Left,658,283,98,17,,,0.06
2025-11-13 21:07:23,1.17.2,PR1,13,3.83,,18,Left,Left,659,283,98,17,,,0.09
2025-11-13 21:07:26,1.17.2,PR1,13,3.83,,18,Left,Left,660,283,98,17,,,0.07
2025-11-13 21:08:42,1.17.2,PR1,13,3.83,,18,Left,Left,661,283,98,17,,,0.04
2025-11-13 21:08:43,1.17.2,PR1,13,3.83,1.0,18,Pellet,Left,661,283,99,18,0.53,808.0,
2025-11-13 21:09:55,1.17.2,PR1,13,3.83,,19,Left,Left,662,283,99,18,,,0.12
2025-11-13 21:09:57,1.17.2,PR1,13,3.83,,19,Left,Left,663,283,99,18,,,0.04
2025-11-13 21:09:58,1.17.2,PR1,13,3.83,,19,Left,Left,664,283,99,18,,,0.09
2025-11-13 21:09:59,1.17.2,PR1,13,3.83,,19,Left,Left,665,283,99,18,,,0.09
2025-11-13 21:10:00,1.17.2,PR1,13,3.83,,19,Left,Left,666,283,99,18,,,0.1
2025-11-13 21:10:02,1.17.2,PR1,13,3.83,,19,Left,Left,667,283,99,18,,,0.06
2025-11-13 21:10:04,1.17.2,PR1,13,3.83,,19,Left,Left,668,283,99,18,,,0.04
2025-11-13 21:10:26,1.17.2,PR1,13,3.83,,19,Left,Left,669,283,99,18,,,0.05
2025-11-13 21:12:22,1.17.2,PR1,13,3.83,,19,Left,Left,670,283,99,18,,,0.01
2025-11-13 21:14:11,1.17.2,PR1,13,3.83,,19,Right,Left,670,284,99,18,,,0.22
2025-11-13 21:15:22,1.17.2,PR1,13,3.83,,19,Right,Left,670,285,99,18,,,0.28
2025-11-13 21:15:23,1.17.2,PR1,13,3.82,,19,Right,Left,670,286,99,18,,,0.26
2025-11-13 21:17:12,1.17.2,PR1,13,3.83,,19,Left,Left,671,286,99,18,,,0.0
2025-11-13 21:17:13,1.17.2,PR1,13,3.83,,19,Left,Left,672,286,99,18,,,0.03
2025-11-13 21:17:50,1.17.2,PR1,13,3.83,,19,Right,Left,672,287,99,18,,,0.33
2025-11-13 21:17:51,1.17.2,PR1,13,3.83,,19,Right,Left,672,288,99,18,,,0.2
2025-11-13 21:17:56,1.17.2,PR1,13,3.83,,19,Right,Left,672,289,99,18,,,0.29
2025-11-13 21:17:59,1.17.2,PR1,13,3.83,,19,Right,Left,672,290,99,18,,,0.34
2025-11-13 21:18:01,1.17.2,PR1,13,3.83,,19,Right,Left,672,291,99,18,,,0.37
2025-11-13 21:18:02,1.17.2,PR1,13,3.83,,19,Right,Left,672,292,99,18,,,0.26
2025-11-13 21:18:04,1.17.2,PR1,13,3.83,,19,Right,Left,672,293,99,18,,,0.18
2025-11-13 21:18:07,1.17.2,PR1,13,3.83,,19,Right,Left,672,294,99,18,,,0.21
2025-11-13 21:18:09,1.17.2,PR1,13,3.83,,19,Right,Left,672,295,99,18,,,0.88
2025-11-13 21:18:13,1.17.2,PR1,13,3.83,,19,Right,Left,672,296,99,18,,,0.13
2025-11-13 21:18:15,1.17.2,PR1,13,3.83,,19,Right,Left,672,297,99,18,,,0.43
2025-11-13 21:18:17,1.17.2,PR1,13,3.83,,19,Left,Left,673,297,99,18,,,0.14
2025-11-13 21:18:19,1.17.2,PR1,13,3.83,,19,Left,Left,674,297,99,18,,,0.36
2025-11-13 21:18:23,1.17.2,PR1,13,3.83,,19,Left,Left,675,297,99,18,,,0.17
2025-11-13 21:18:26,1.17.2,PR1,13,3.83,,19,Left,Left,676,297,99,18,,,0.23
2025-11-13 21:24:42,1.17.2,PR1,13,3.83,,19,Right,Left,676,298,99,18,,,0.04
2025-11-13 21:24:43,1.17.2,PR1,13,3.83,,19,Right,Left,676,299,99,18,,,0.05
2025-11-13 21:24:46,1.17.2,PR1,13,3.83,,19,Right,Left,676,300,99,18,,,0.25
2025-11-13 21:24:47,1.17.2,PR1,13,3.82,,19,Right,Left,676,301,99,18,,,0.1
2025-11-13 21:31:26,1.17.2,PR1,13,3.83,,19,Left,Left,677,301,99,18,,,0.32
2025-11-13 21:31:28,1.17.2,PR1,13,3.83,,19,Left,Left,678,301,99,18,,,0.18
2025-11-13 21:31:30,1.17.2,PR1,13,3.83,,19,Left,Left,679,301,99,18,,,0.33
2025-11-13 21:31:32,1.17.2,PR1,13,3.83,,19,Left,Left,680,301,99,18,,,0.83
2025-11-13 21:31:33,1.17.2,PR1,13,3.83,1.0,19,Pellet,Left,680,301,100,19,0.12,1370.0,
2025-11-13 21:31:51,1.17.2,PR1,13,3.83,,20,Left,Left,681,301,100,19,,,0.04
2025-11-13 21:31:57,1.17.2,PR1,13,3.83,,20,Left,Left,682,301,100,19,,,0.44
2025-11-13 21:31:59,1.17.2,PR1,13,3.83,,20,Left,Left,683,301,100,19,,,0.04
2025-11-13 21:32:04,1.17.2,PR1,13,3.83,,20,Left,Left,684,301,100,19,,,0.08
2025-11-13 21:32:06,1.17.2,PR1,13,3.83,,20,Left,Left,685,301,100,19,,,0.16
2025-11-13 21:33:42,1.17.2,PR1,13,3.83,,20,Right,Left,685,302,100,19,,,0.0
2025-11-13 21:33:44,1.17.2,PR1,13,3.83,,20,Right,Left,685,303,100,19,,,0.08
2025-11-13 21:34:06,1.17.2,PR1,13,3.83,,20,Left,Left,686,303,100,19,,,0.02
2025-11-13 21:35:25,1.17.2,PR1,13,3.83,,20,Left,Left,687,303,100,19,,,0.1
2025-11-13 21:35:26,1.17.2,PR1,13,3.82,,20,Left,Left,688,303,100,19,,,0.02
2025-11-13 21:35:27,1.17.2,PR1,13,3.83,,20,Left,Left,689,303,100,19,,,0.12
2025-11-13 21:35:29,1.17.2,PR1,13,3.83,,20,Left,Left,690,303,100,19,,,0.16
2025-11-13 21:37:23,1.17.2,PR1,13,3.83,,20,Left,Left,691,303,100,19,,,0.19
2025-11-13 21:40:06,1.17.2,PR1,13,3.83,,20,Right,Left,691,304,100,19,,,0.06
2025-11-13 21:42:57,1.17.2,PR1,13,3.83,,20,Right,Left,691,305,100,19,,,0.12
2025-11-13 21:43:12,1.17.2,PR1,13,3.83,,20,Left,Left,692,305,100,19,,,0.28
2025-11-13 21:43:14,1.17.2,PR1,13,3.83,,20,Left,Left,693,305,100,19,,,0.32
2025-11-13 21:49:10,1.17.2,PR1,13,3.83,,20,Left,Left,694,305,100,19,,,0.48
2025-11-13 21:49:12,1.17.2,PR1,13,3.83,,20,Left,Left,695,305,100,19,,,0.23
2025-11-13 21:49:13,1.17.2,PR1,13,3.83,,20,Left,Left,696,305,100,19,,,0.55
2025-11-13 21:49:15,1.17.2,PR1,13,3.82,,20,Left,Left,697,305,100,19,,,0.38
2025-11-13 21:49:18,1.17.2,PR1,13,3.82,,20,Left,Left,698,305,100,19,,,0.34
2025-11-13 21:49:22,1.17.2,PR1,13,3.83,,20,Left,Left,699,305,100,19,,,0.41
2025-11-13 21:49:27,1.17.2,PR1,13,3.83,,20,Left,Left,700,305,100,19,,,0.19
2025-11-13 21:49:27,1.17.2,PR1,13,3.83,1.0,20,Pellet,Left,700,305,101,20,0.06,1074.0,
2025-11-13 21:49:38,1.17.2,PR1,13,3.82,,21,Left,Left,701,305,101,20,,,0.12
2025-11-13 21:49:42,1.17.2,PR1,13,3.83,,21,Left,Left,702,305,101,20,,,0.17
2025-11-13 21:49:44,1.17.2,PR1,13,3.82,,21,Left,Left,703,305,101,20,,,0.1
2025-11-13 21:49:46,1.17.2,PR1,13,3.83,,21,Left,Left,704,305,101,20,,,0.75
2025-11-13 21:49:47,1.17.2,PR1,13,3.82,,21,Left,Left,705,305,101,20,,,0.38
2025-11-13 21:49:51,1.17.2,PR1,13,3.83,,21,Left,Left,706,305,101,20,,,0.39
2025-11-13 21:49:52,1.17.2,PR1,13,3.82,,21,Left,Left,707,305,101,20,,,0.19
2025-11-13 21:50:09,1.17.2,PR1,13,3.82,,21,Left,Left,708,305,101,20,,,0.09
2025-11-13 21:50:10,1.17.2,PR1,13,3.83,,21,Left,Left,709,305,101,20,,,0.02
2025-11-13 21:58:22,1.17.2,PR1,13,3.83,,21,Left,Left,710,305,101,20,,,0.08
2025-11-13 21:58:46,1.17.2,PR1,13,3.82,,21,Right,Left,710,306,101,20,,,0.07
2025-11-13 22:01:47,1.17.2,PR1,13,3.83,,21,Left,Left,711,306,101,20,,,0.05
2025-11-13 22:01:48,1.17.2,PR1,13,3.83,,21,Left,Left,712,306,101,20,,,0.04
2025-11-13 22:01:50,1.17.2,PR1,13,3.83,,21,Left,Left,713,306,101,20,,,0.11
2025-11-13 22:01:52,1.17.2,PR1,13,3.83,,21,Left,Left,714,306,101,20,,,0.03
2025-11-13 22:02:21,1.17.2,PR1,13,3.83,,21,Right,Left,714,307,101,20,,,0.16
2025-11-13 22:06:37,1.17.2,PR1,13,3.83,,21,Right,Left,714,308,101,20,,,0.25
2025-11-13 22:06:38,1.17.2,PR1,13,3.83,,21,Right,Left,714,309,101,20,,,0.4
2025-11-13 22:06:42,1.17.2,PR1,13,3.82,,21,Left,Left,715,309,101,20,,,0.33
2025-11-13 22:06:44,1.17.2,PR1,13,3.83,,21,Left,Left,716,309,101,20,,,0.28
2025-11-13 22:06:50,1.17.2,PR1,13,3.83,,21,Left,Left,717,309,101,20,,,0.09
2025-11-13 22:09:13,1.17.2,PR1,13,3.82,,21,Left,Left,718,309,101,20,,,0.05
2025-11-13 22:09:14,1.17.2,PR1,13,3.82,,21,Left,Left,719,309,101,20,,,0.2
2025-11-13 22:09:24,1.17.2,PR1,13,3.83,,21,Right,Left,719,310,101,20,,,0.16
2025-11-13 22:12:43,1.17.2,PR1,13,3.83,,21,Left,Left,720,310,101,20,,,0.08
2025-11-13 22:12:44,1.17.2,PR1,13,3.83,,21,Left,Left,721,310,101,20,,,0.08
2025-11-13 22:12:45,1.17.2,PR1,13,3.82,2.0,21,Pellet,Left,721,310,102,21,0.23,1398.0,
2025-11-13 22:12:54,1.17.2,PR1,13,3.83,,22,Left,Left,722,310,102,21,,,0.15
2025-11-13 22:12:57,1.17.2,PR1,13,3.83,,22,Left,Left,723,310,102,21,,,0.13
2025-11-13 22:12:58,1.17.2,PR1,13,3.83,,22,Left,Left,724,310,102,21,,,0.11
2025-11-13 22:13:00,1.17.2,PR1,13,3.83,,22,Left,Left,725,310,102,21,,,0.05
2025-11-13 22:13:00,1.17.2,PR1,13,3.83,,22,Left,Left,726,310,102,21,,,0.0
2025-11-13 22:13:03,1.17.2,PR1,13,3.83,,22,Left,Left,727,310,102,21,,,0.18
2025-11-13 22:14:14,1.17.2,PR1,13,3.83,,22,Left,Left,728,310,102,21,,,0.16
2025-11-13 22:14:15,1.17.2,PR1,13,3.83,,22,Left,Left,729,310,102,21,,,0.27
2025-11-13 22:16:28,1.17.2,PR1,13,3.83,,22,Left,Left,730,310,102,21,,,0.05
2025-11-13 22:16:34,1.17.2,PR1,13,3.83,,22,Right,Left,730,311,102,21,,,0.1
2025-11-13 22:16:35,1.17.2,PR1,13,3.82,,22,Right,Left,730,312,102,21,,,0.25
2025-11-13 22:16:47,1.17.2,PR1,13,3.82,,22,Left,Left,731,312,102,21,,,0.15
2025-11-13 22:16:49,1.17.2,PR1,13,3.82,,22,Left,Left,732,312,102,21,,,0.14
2025-11-13 22:16:51,1.17.2,PR1,13,3.83,,22,Left,Left,733,312,102,21,,,0.08
2025-11-13 22:17:00,1.17.2,PR1,13,3.82,,22,Left,Left,734,312,102,21,,,0.13
2025-11-13 22:24:51,1.17.2,PR1,13,3.83,,22,Left,Left,735,312,102,21,,,0.16
2025-11-13 22:24:52,1.17.2,PR1,13,3.83,,22,Left,Left,736,312,102,21,,,0.13
2025-11-13 22:24:53,1.17.2,PR1,13,3.82,,22,Left,Left,737,312,102,21,,,0.03
2025-11-13 22:24:55,1.17.2,PR1,13,3.83,,22,Left,Left,738,312,102,21,,,0.25
2025-11-13 22:24:57,1.17.2,PR1,13,3.83,,22,Left,Left,739,312,102,21,,,0.29
2025-11-13 22:25:07,1.17.2,PR1,13,3.83,,22,Right,Left,739,313,102,21,,,0.11
2025-11-13 22:25:11,1.17.2,PR1,13,3.82,,22,Left,Left,740,313,102,21,,,0.22
2025-11-13 22:25:14,1.17.2,PR1,13,3.82,,22,Left,Left,741,313,102,21,,,0.24
2025-11-13 22:29:44,1.17.2,PR1,13,3.83,,22,Right,Left,741,314,102,21,,,0.0
2025-11-13 22:29:51,1.17.2,PR1,13,3.82,,22,Left,Left,742,314,102,21,,,0.08
2025-11-13 22:29:53,1.17.2,PR1,13,3.83,,22,Left,Left,743,314,102,21,,,0.28
2025-11-13 22:29:54,1.17.2,PR1,13,3.83,1.0,22,Pellet,Left,743,314,103,22,0.35,1029.0,
2025-11-13 22:30:11,1.17.2,PR1,13,3.83,,23,Left,Left,744,314,103,22,,,0.04
2025-11-13 22:30:16,1.17.2,PR1,13,3.82,,23,Left,Left,745,314,103,22,,,0.07
2025-11-13 22:30:17,1.17.2,PR1,13,3.82,,23,Left,Left,746,314,103,22,,,0.09
2025-11-13 22:30:23,1.17.2,PR1,13,3.83,,23,Left,Left,747,314,103,22,,,0.04
2025-11-13 22:30:24,1.17.2,PR1,13,3.82,,23,Left,Left,748,314,103,22,,,0.07
2025-11-13 22:30:26,1.17.2,PR1,13,3.83,,23,Left,Left,749,314,103,22,,,0.04
2025-11-13 22:30:29,1.17.2,PR1,13,3.82,,23,Left,Left,750,314,103,22,,,0.06
2025-11-13 22:34:27,1.17.2,PR1,13,3.83,,23,Left,Left,751,314,103,22,,,0.09
2025-11-13 22:34:28,1.17.2,PR1,13,3.83,,23,Left,Left,752,314,103,22,,,0.15
2025-11-13 22:34:30,1.17.2,PR1,13,3.83,,23,Left,Left,753,314,103,22,,,0.32
2025-11-13 22:34:31,1.17.2,PR1,13,3.83,,23,Left,Left,754,314,103,22,,,0.13
2025-11-13 22:34:33,1.17.2,PR1,13,3.83,,23,Left,Left,755,314,103,22,,,0.09
2025-11-13 22:34:34,1.17.2,PR1,13,3.82,,23,Left,Left,756,314,103,22,,,0.11
2025-11-13 22:34:36,1.17.2,PR1,13,3.83,,23,Left,Left,757,314,103,22,,,0.21
2025-11-13 22:35:24,1.17.2,PR1,13,3.83,,23,Left,Left,758,314,103,22,,,0.09
2025-11-13 22:35:25,1.17.2,PR1,13,3.83,,23,Left,Left,759,314,103,22,,,0.11
2025-11-13 22:35:26,1.17.2,PR1,13,3.83,,23,Left,Left,760,314,103,22,,,0.06
2025-11-13 22:35:27,1.17.2,PR1,13,3.83,,23,Left,Left,761,314,103,22,,,0.08
2025-11-13 22:35:30,1.17.2,PR1,13,3.82,,23,Left,Left,762,314,103,22,,,0.09
2025-11-13 22:36:21,1.17.2,PR1,13,3.82,,23,Left,Left,763,314,103,22,,,0.05
2025-11-13 22:36:23,1.17.2,PR1,13,3.83,,23,Left,Left,764,314,103,22,,,0.23
2025-11-13 22:36:24,1.17.2,PR1,13,3.83,,23,Left,Left,765,314,103,22,,,0.15
2025-11-13 22:36:26,1.17.2,PR1,13,3.83,,23,Left,Left,766,314,103,22,,,0.13
2025-11-13 22:36:27,1.17.2,PR1,13,3.83,1.0,23,Pellet,Left,766,314,104,23,0.47,393.0,
2025-11-13 22:36:43,1.17.2,PR1,13,3.83,,24,Left,Left,767,314,104,23,,,0.06
2025-11-13 22:36:45,1.17.2,PR1,13,3.82,,24,Left,Left,768,314,104,23,,,0.11
2025-11-13 22:36:46,1.17.2,PR1,13,3.82,,24,Left,Left,769,314,104,23,,,0.01
2025-11-13 22:36:47,1.17.2,PR1,13,3.83,,24,Left,Left,770,314,104,23,,,0.08
2025-11-13 22:36:49,1.17.2,PR1,13,3.82,,24,Left,Left,771,314,104,23,,,0.12
2025-11-13 22:36:51,1.17.2,PR1,13,3.82,,24,Left,Left,772,314,104,23,,,0.09
2025-11-13 22:44:20,1.17.2,PR1,13,3.82,,24,Left,Left,773,314,104,23,,,0.04
2025-11-13 22:44:23,1.17.2,PR1,13,3.83,,24,Left,Left,774,314,104,23,,,0.91
2025-11-13 22:44:25,1.17.2,PR1,13,3.82,,24,Left,Left,775,314,104,23,,,0.38
2025-11-13 22:44:26,1.17.2,PR1,13,3.82,,24,Left,Left,776,314,104,23,,,0.31
2025-11-13 22:44:28,1.17.2,PR1,13,3.82,,24,Left,Left,777,314,104,23,,,0.13
2025-11-13 22:44:30,1.17.2,PR1,13,3.83,,24,Left,Left,778,314,104,23,,,0.14
2025-11-13 22:44:32,1.17.2,PR1,13,3.82,,24,Left,Left,779,314,104,23,,,0.14
2025-11-13 22:47:14,1.17.2,PR1,13,3.83,,24,Left,Left,780,314,104,23,,,0.21
2025-11-13 22:47:20,1.17.2,PR1,13,3.83,,24,Left,Left,781,314,104,23,,,0.2
2025-11-13 22:50:09,1.17.2,PR1,13,3.82,,24,Left,Left,782,314,104,23,,,0.18
2025-11-13 22:50:10,1.17.2,PR1,13,3.83,,24,Left,Left,783,314,104,23,,,0.15
2025-11-13 22:53:21,1.17.2,PR1,13,3.83,,24,Left,Left,784,314,104,23,,,0.1
2025-11-13 22:53:22,1.17.2,PR1,13,3.82,,24,Left,Left,785,314,104,23,,,0.07
2025-11-13 22:53:24,1.17.2,PR1,13,3.83,,24,Right,Left,785,315,104,23,,,0.09
2025-11-13 22:54:22,1.17.2,PR1,13,3.82,,24,Left,Left,786,315,104,23,,,0.05
2025-11-13 22:54:24,1.17.2,PR1,13,3.83,,24,Left,Left,787,315,104,23,,,0.12
2025-11-13 22:54:26,1.17.2,PR1,13,3.82,,24,Left,Left,788,315,104,23,,,0.13
2025-11-13 22:54:28,1.17.2,PR1,13,3.83,,24,Left,Left,789,315,104,23,,,0.14
2025-11-13 22:54:30,1.17.2,PR1,13,3.83,,24,Left,Left,790,315,104,23,,,0.08
2025-11-13 22:54:32,1.17.2,PR1,13,3.83,1.0,24,Pellet,Left,790,315,105,24,0.47,1085.0,
2025-11-13 22:54:52,1.17.2,PR1,13,3.82,,25,Left,Left,791,315,105,24,,,0.1
2025-11-13 22:54:52,1.17.2,PR1,13,3.82,,25,Left,Left,792,315,105,24,,,0.0
2025-11-13 22:54:54,1.17.2,PR1,13,3.82,,25,Left,Left,793,315,105,24,,,0.09
2025-11-13 22:54:57,1.17.2,PR1,13,3.83,,25,Left,Left,794,315,105,24,,,0.05
2025-11-13 22:55:03,1.17.2,PR1,13,3.82,,25,Left,Left,795,315,105,24,,,0.0
2025-11-13 22:59:07,1.17.2,PR1,13,3.82,,25,Left,Left,796,315,105,24,,,0.24
2025-11-13 22:59:09,1.17.2,PR1,13,3.83,,25,Left,Left,797,315,105,24,,,0.23
2025-11-13 23:04:52,1.17.2,PR1,13,3.82,,25,Left,Left,798,315,105,24,,,0.11
2025-11-13 23:04:54,1.17.2,PR1,13,3.82,,25,Left,Left,799,315,105,24,,,0.05
2025-11-13 23:04:56,1.17.2,PR1,13,3.82,,25,Left,Left,800,315,105,24,,,0.18
2025-11-13 23:15:02,1.17.2,PR1,13,3.82,,25,Left,Left,801,315,105,24,,,0.13
2025-11-13 23:15:05,1.17.2,PR1,13,3.82,,25,Left,Left,802,315,105,24,,,0.92
2025-11-13 23:15:07,1.17.2,PR1,13,3.82,,25,Left,Left,803,315,105,24,,,0.47
2025-11-13 23:15:10,1.17.2,PR1,13,3.82,,25,Left,Left,804,315,105,24,,,0.85
2025-11-13 23:15:12,1.17.2,PR1,13,3.82,,25,Left,Left,805,315,105,24,,,0.59
2025-11-13 23:15:33,1.17.2,PR1,13,3.82,,25,Left,Left,806,315,105,24,,,0.04
2025-11-13 23:15:38,1.17.2,PR1,13,3.82,,25,Left,Left,807,315,105,24,,,1.92
2025-11-13 23:15:42,1.17.2,PR1,13,3.82,,25,Left,Left,808,315,105,24,,,1.44
2025-11-13 23:15:46,1.17.2,PR1,13,3.83,,25,Left,Left,809,315,105,24,,,1.89
2025-11-13 23:15:52,1.17.2,PR1,13,3.83,,25,Left,Left,810,315,105,24,,,3.63
2025-11-13 23:15:54,1.17.2,PR1,13,3.82,,25,Left,Left,811,315,105,24,,,0.96
2025-11-13 23:16:01,1.17.2,PR1,13,3.82,,25,Left,Left,812,315,105,24,,,4.15
2025-11-13 23:16:12,1.17.2,PR1,13,3.83,,25,Left,Left,813,315,105,24,,,0.13
2025-11-13 23:16:18,1.17.2,PR1,13,3.82,,25,Left,Left,814,315,105,24,,,1.74
2025-11-13 23:16:22,1.17.2,PR1,13,3.82,,25,Left,Left,815,315,105,24,,,0.07
2025-11-13 23:16:23,1.17.2,PR1,13,3.82,1.0,25,Pellet,Left,815,315,106,25,0.71,1311.0,
2025-11-13 23:16:41,1.17.2,PR1,13,3.82,,26,Left,Left,816,315,106,25,,,0.02
2025-11-13 23:16:43,1.17.2,PR1,13,3.82,,26,Left,Left,817,315,106,25,,,0.07
2025-11-13 23:16:44,1.17.2,PR1,13,3.82,,26,Left,Left,818,315,106,25,,,0.14
2025-11-13 23:16:47,1.17.2,PR1,13,3.82,,26,Left,Left,819,315,106,25,,,0.64
2025-11-13 23:16:49,1.17.2,PR1,13,3.82,,26,Left,Left,820,315,106,25,,,0.09
2025-11-13 23:16:50,1.17.2,PR1,13,3.82,,26,Left,Left,821,315,106,25,,,0.0
2025-11-13 23:16:52,1.17.2,PR1,13,3.82,,26,Left,Left,822,315,106,25,,,0.65
2025-11-13 23:16:54,1.17.2,PR1,13,3.83,,26,Left,Left,823,315,106,25,,,0.54
2025-11-13 23:17:02,1.17.2,PR1,13,3.82,,26,Left,Left,824,315,106,25,,,0.08
2025-11-13 23:33:20,1.17.2,PR1,13,3.82,,26,Left,Left,825,315,106,25,,,0.18
2025-11-13 23:33:22,1.17.2,PR1,13,3.82,,26,Left,Left,826,315,106,25,,,0.08
2025-11-13 23:33:22,1.17.2,PR1,13,3.83,,26,Left,Left,827,315,106,25,,,0.11
2025-11-13 23:33:27,1.17.2,PR1,13,3.82,,26,Left,Left,828,315,106,25,,,0.36
2025-11-13 23:33:31,1.17.2,PR1,13,3.82,,26,Left,Left,829,315,106,25,,,0.34
2025-11-13 23:33:34,1.17.2,PR1,13,3.82,,26,Left,Left,830,315,106,25,,,0.2
2025-11-13 23:33:40,1.17.2,PR1,13,3.82,,26,Left,Left,831,315,106,25,,,0.19
2025-11-13 23:33:44,1.17.2,PR1,13,3.82,,26,Left,Left,832,315,106,25,,,0.62
2025-11-13 23:33:51,1.17.2,PR1,13,3.82,,26,Left,Left,833,315,106,25,,,0.2
2025-11-13 23:33:59,1.17.2,PR1,13,3.82,,26,Left,Left,834,315,106,25,,,0.0
2025-11-13 23:34:10,1.17.2,PR1,13,3.83,,26,Left,Left,835,315,106,25,,,2.66
2025-11-13 23:34:16,1.17.2,PR1,13,3.82,,26,Left,Left,836,315,106,25,,,0.82
2025-11-13 23:49:24,1.17.2,PR1,13,3.82,,26,Left,Left,837,315,106,25,,,1.1
2025-11-13 23:49:27,1.17.2,PR1,13,3.82,,26,Left,Left,838,315,106,25,,,0.15
2025-11-13 23:49:28,1.17.2,PR1,13,3.82,,26,Left,Left,839,315,106,25,,,0.03
2025-11-13 23:49:34,1.17.2,PR1,13,3.82,,26,Left,Left,840,315,106,25,,,1.31
2025-11-13 23:49:38,1.17.2,PR1,13,3.82,,26,Left,Left,841,315,106,25,,,2.93
2025-11-13 23:49:39,1.17.2,PR1,13,3.82,1.0,26,Pellet,Left,841,315,107,26,0.29,1996.0,
2025-11-13 23:50:10,1.17.2,PR1,13,3.82,,27,Left,Left,842,315,107,26,,,0.09
2025-11-13 23:50:15,1.17.2,PR1,13,3.82,,27,Left,Left,843,315,107,26,,,0.06
2025-11-13 23:50:16,1.17.2,PR1,13,3.82,,27,Left,Left,844,315,107,26,,,0.0
2025-11-13 23:50:18,1.17.2,PR1,13,3.82,,27,Left,Left,845,315,107,26,,,0.99
2025-11-13 23:50:21,1.17.2,PR1,13,3.82,,27,Left,Left,846,315,107,26,,,0.81
2025-11-13 23:50:23,1.17.2,PR1,13,3.82,,27,Left,Left,847,315,107,26,,,1.06
2025-11-13 23:50:27,1.17.2,PR1,13,3.82,,27,Left,Left,848,315,107,26,,,1.53
2025-11-13 23:50:30,1.17.2,PR1,13,3.82,,27,Left,Left,849,315,107,26,,,0.64
2025-11-13 23:50:33,1.17.2,PR1,13,3.82,,27,Left,Left,850,315,107,26,,,0.63
2025-11-13 23:50:35,1.17.2,PR1,13,3.82,,27,Left,Left,851,315,107,26,,,0.85
2025-11-13 23:50:52,1.17.2,PR1,13,3.82,,27,Left,Left,852,315,107,26,,,0.62
2025-11-13 23:50:56,1.17.2,PR1,13,3.82,,27,Left,Left,853,315,107,26,,,2.22
2025-11-13 23:50:59,1.17.2,PR1,13,3.82,,27,Left,Left,854,315,107,26,,,0.09
2025-11-13 23:51:04,1.17.2,PR1,13,3.82,,27,Left,Left,855,315,107,26,,,1.01
2025-11-13 23:51:06,1.17.2,PR1,13,3.82,,27,Left,Left,856,315,107,26,,,1.2
2025-11-13 23:51:09,1.17.2,PR1,13,3.82,,27,Left,Left,857,315,107,26,,,0.0
2025-11-13 23:51:12,1.17.2,PR1,13,3.82,,27,Left,Left,858,315,107,26,,,0.28
2025-11-13 23:51:14,1.17.2,PR1,13,3.82,,27,Left,Left,859,315,107,26,,,1.04
2025-11-13 23:51:20,1.17.2,PR1,13,3.82,,27,Left,Left,860,315,107,26,,,3.62
2025-11-14 00:07:12,1.17.2,PR1,13,3.82,,27,Left,Left,861,315,107,26,,,0.16
2025-11-14 00:07:15,1.17.2,PR1,13,3.82,,27,Left,Left,862,315,107,26,,,0.08
2025-11-14 00:07:18,1.17.2,PR1,13,3.82,,27,Left,Left,863,315,107,26,,,0.21
2025-11-14 00:07:21,1.17.2,PR1,13,3.82,,27,Left,Left,864,315,107,26,,,0.05
2025-11-14 00:07:23,1.17.2,PR1,13,3.82,,27,Left,Left,865,315,107,26,,,0.03
2025-11-14 00:07:28,1.17.2,PR1,13,3.82,,27,Left,Left,866,315,107,26,,,0.88
2025-11-14 00:07:30,1.17.2,PR1,13,3.82,,27,Left,Left,867,315,107,26,,,0.03
2025-11-14 00:07:34,1.17.2,PR1,13,3.82,,27,Left,Left,868,315,107,26,,,0.85
2025-11-14 00:07:35,1.17.2,PR1,13,3.82,1.0,27,Pellet,Left,868,315,108,27,0.41,1076.0,
2025-11-14 00:07:42,1.17.2,PR1,13,3.82,,28,Left,Left,869,315,108,27,,,0.08
2025-11-14 00:07:45,1.17.2,PR1,13,3.82,,28,Left,Left,870,315,108,27,,,0.05
2025-11-14 00:07:47,1.17.2,PR1,13,3.82,,28,Left,Left,871,315,108,27,,,0.77
2025-11-14 00:07:48,1.17.2,PR1,13,3.82,,28,Left,Left,872,315,108,27,,,0.1
2025-11-14 00:07:55,1.17.2,PR1,13,3.82,,28,Left,Left,873,315,108,27,,,0.24
2025-11-14 00:07:58,1.17.2,PR1,13,3.82,,28,Left,Left,874,315,108,27,,,0.1
2025-11-14 00:07:59,1.17.2,PR1,13,3.82,,28,Left,Left,875,315,108,27,,,0.0
2025-11-14 00:08:03,1.17.2,PR1,13,3.82,,28,Left,Left,876,315,108,27,,,0.13
2025-11-14 00:08:08,1.17.2,PR1,13,3.82,,28,Left,Left,877,315,108,27,,,0.04
2025-11-14 00:08:10,1.17.2,PR1,13,3.82,,28,Left,Left,878,315,108,27,,,0.91
2025-11-14 00:08:12,1.17.2,PR1,13,3.82,,28,Left,Left,879,315,108,27,,,0.72
2025-11-14 00:08:13,1.17.2,PR1,13,3.82,,28,Left,Left,880,315,108,27,,,0.16
2025-11-14 00:08:15,1.17.2,PR1,13,3.82,,28,Left,Left,881,315,108,27,,,0.58
2025-11-14 00:13:00,1.17.2,PR1,13,3.82,,28,Left,Left,882,315,108,27,,,1.14
2025-11-14 00:13:04,1.17.2,PR1,13,3.82,,28,Left,Left,883,315,108,27,,,1.71
2025-11-14 00:13:07,1.17.2,PR1,13,3.82,,28,Left,Left,884,315,108,27,,,0.87
2025-11-14 00:13:09,1.17.2,PR1,13,3.81,,28,Left,Left,885,315,108,27,,,0.86
2025-11-14 00:13:11,1.17.2,PR1,13,3.83,,28,Left,Left,886,315,108,27,,,0.64
2025-11-14 00:21:45,1.17.2,PR1,13,3.82,,28,Left,Left,887,315,108,27,,,0.03
2025-11-14 00:21:48,1.17.2,PR1,13,3.82,,28,Left,Left,888,315,108,27,,,0.02
2025-11-14 00:21:50,1.17.2,PR1,13,3.82,,28,Left,Left,889,315,108,27,,,0.64
2025-11-14 00:21:54,1.17.2,PR1,13,3.82,,28,Left,Left,890,315,108,27,,,0.76
2025-11-14 00:21:57,1.17.2,PR1,13,3.82,,28,Left,Left,891,315,108,27,,,0.91
2025-11-14 00:21:58,1.17.2,PR1,13,3.82,,28,Left,Left,892,315,108,27,,,0.27
2025-11-14 00:22:00,1.17.2,PR1,13,3.82,,28,Left,Left,893,315,108,27,,,0.05
2025-11-14 00:22:02,1.17.2,PR1,13,3.82,,28,Left,Left,894,315,108,27,,,0.91
2025-11-14 00:22:05,1.17.2,PR1,13,3.82,,28,Left,Left,895,315,108,27,,,0.62
2025-11-14 00:22:06,1.17.2,PR1,13,3.82,,28,Left,Left,896,315,108,27,,,0.71
2025-11-14 00:22:09,1.17.2,PR1,13,3.82,1.0,28,Pellet,Left,896,315,109,28,1.25,873.0,
2025-11-14 00:22:53,1.17.2,PR1,13,3.82,,29,Right,Left,896,316,109,28,,,0.06
2025-11-14 00:33:33,1.17.2,PR1,13,3.82,,29,Left,Left,897,316,109,28,,,0.22
2025-11-14 00:33:57,1.17.2,PR1,13,3.82,,29,Right,Left,897,317,109,28,,,0.2
2025-11-14 00:33:58,1.17.2,PR1,13,3.82,,29,Right,Left,897,318,109,28,,,0.03
2025-11-14 00:35:22,1.17.2,PR1,13,3.82,,29,Left,Left,898,318,109,28,,,0.21
2025-11-14 00:35:23,1.17.2,PR1,13,3.82,,29,Left,Left,899,318,109,28,,,0.15
2025-11-14 00:35:24,1.17.2,PR1,13,3.82,,29,Left,Left,900,318,109,28,,,0.05
2025-11-14 00:35:25,1.17.2,PR1,13,3.82,,29,Left,Left,901,318,109,28,,,0.22
2025-11-14 00:35:28,1.17.2,PR1,13,3.82,,29,Left,Left,902,318,109,28,,,0.11
2025-11-14 00:35:30,1.17.2,PR1,13,3.82,,29,Left,Left,903,318,109,28,,,0.07
2025-11-14 00:38:46,1.17.2,PR1,13,3.82,,29,Left,Left,904,318,109,28,,,0.2
2025-11-14 00:38:48,1.17.2,PR1,13,3.82,,29,Left,Left,905,318,109,28,,,0.06
2025-11-14 00:38:49,1.17.2,PR1,13,3.82,,29,Left,Left,906,318,109,28,,,0.09
2025-11-14 00:41:56,1.17.2,PR1,13,3.82,,29,Right,Left,906,319,109,28,,,0.38
2025-11-14 00:42:14,1.17.2,PR1,13,3.82,,29,Right,Left,906,320,109,28,,,0.46
2025-11-14 00:42:21,1.17.2,PR1,13,3.82,,29,Left,Left,907,320,109,28,,,0.13
2025-11-14 00:42:24,1.17.2,PR1,13,3.82,,29,Left,Left,908,320,109,28,,,0.14
2025-11-14 00:42:29,1.17.2,PR1,13,3.82,,29,Left,Left,909,320,109,28,,,0.14
2025-11-14 00:42:32,1.17.2,PR1,13,3.82,,29,Left,Left,910,320,109,28,,,0.09
2025-11-14 00:46:36,1.17.2,PR1,13,3.82,,29,Left,Left,911,320,109,28,,,0.06
2025-11-14 00:48:33,1.17.2,PR1,13,3.82,,29,Left,Left,912,320,109,28,,,0.01
2025-11-14 00:48:35,1.17.2,PR1,13,3.82,,29,Left,Left,913,320,109,28,,,0.07
2025-11-14 00:48:36,1.17.2,PR1,13,3.82,,29,Left,Left,914,320,109,28,,,0.04
2025-11-14 00:55:29,1.17.2,PR1,13,3.82,,29,Left,Left,915,320,109,28,,,0.1
2025-11-14 00:55:30,1.17.2,PR1,13,3.82,,29,Left,Left,916,320,109,28,,,0.17
2025-11-14 01:00:56,1.17.2,PR1,13,3.82,,29,Left,Left,917,320,109,28,,,0.02
2025-11-14 01:09:53,1.17.2,PR1,13,3.82,,29,Right,Left,917,321,109,28,,,0.17
2025-11-14 01:09:55,1.17.2,PR1,13,3.82,,29,Right,Left,917,322,109,28,,,0.22
2025-11-14 01:09:58,1.17.2,PR1,13,3.82,,29,Left,Left,918,322,109,28,,,0.07
2025-11-14 01:10:02,1.17.2,PR1,13,3.82,,29,Right,Left,918,323,109,28,,,0.32
2025-11-14 01:10:11,1.17.2,PR1,13,3.82,,29,Left,Left,919,323,109,28,,,0.12
2025-11-14 01:10:18,1.17.2,PR1,13,3.82,,29,Left,Left,920,323,109,28,,,0.13
2025-11-14 01:11:23,1.17.2,PR1,13,3.82,,29,Left,Left,921,323,109,28,,,0.03
2025-11-14 01:11:25,1.17.2,PR1,13,3.82,,29,Left,Left,922,323,109,28,,,0.07
2025-11-14 01:11:26,1.17.2,PR1,13,3.82,,29,Left,Left,923,323,109,28,,,0.07
2025-11-14 01:11:28,1.17.2,PR1,13,3.82,,29,Left,Left,924,323,109,28,,,0.2
2025-11-14 01:16:45,1.17.2,PR1,13,3.82,,29,Left,Left,925,323,109,28,,,0.02
2025-11-14 01:16:46,1.17.2,PR1,13,3.82,1.0,29,Pellet,Left,925,323,110,29,0.23,3278.0,
2025-11-14 01:17:02,1.17.2,PR1,13,3.82,,30,Left,Left,926,323,110,29,,,0.02
2025-11-14 01:17:03,1.17.2,PR1,13,3.82,,30,Left,Left,927,323,110,29,,,0.05
2025-11-14 01:17:04,1.17.2,PR1,13,3.82,,30,Left,Left,928,323,110,29,,,0.03
2025-11-14 01:17:06,1.17.2,PR1,13,3.82,,30,Right,Left,928,324,110,29,,,0.1
2025-11-14 01:18:27,1.17.2,PR1,13,3.82,,30,Left,Left,929,324,110,29,,,0.11
2025-11-14 01:18:29,1.17.2,PR1,13,3.82,,30,Left,Left,930,324,110,29,,,0.04
2025-11-14 01:18:30,1.17.2,PR1,13,3.82,,30,Left,Left,931,324,110,29,,,0.08
2025-11-14 01:18:32,1.17.2,PR1,13,3.82,,30,Left,Left,932,324,110,29,,,0.24
2025-11-14 01:18:34,1.17.2,PR1,13,3.82,,30,Left,Left,933,324,110,29,,,0.02
2025-11-14 01:18:36,1.17.2,PR1,13,3.82,,30,Left,Left,934,324,110,29,,,0.11
2025-11-14 01:26:52,1.17.2,PR1,13,3.82,,30,Left,Left,935,324,110,29,,,0.03
2025-11-14 01:29:57,1.17.2,PR1,13,3.82,,30,Left,Left,936,324,110,29,,,0.05
2025-11-14 01:29:58,1.17.2,PR1,13,3.81,,30,Left,Left,937,324,110,29,,,0.0
2025-11-14 01:30:00,1.17.2,PR1,13,3.82,,30,Right,Left,937,325,110,29,,,0.16
2025-11-14 01:30:46,1.17.2,PR1,13,3.82,,30,Right,Left,937,326,110,29,,,0.22
2025-11-14 01:30:47,1.17.2,PR1,13,3.82,,30,Right,Left,937,327,110,29,,,0.3
2025-11-14 01:31:15,1.17.2,PR1,13,3.82,,30,Left,Left,938,327,110,29,,,0.12
2025-11-14 01:31:16,1.17.2,PR1,13,3.81,,30,Left,Left,939,327,110,29,,,0.18
2025-11-14 01:31:18,1.17.2,PR1,13,3.82,,30,Left,Left,940,327,110,29,,,0.11
2025-11-14 01:35:41,1.17.2,PR1,13,3.82,,30,Left,Left,941,327,110,29,,,0.2
2025-11-14 01:35:42,1.17.2,PR1,13,3.82,,30,Left,Left,942,327,110,29,,,0.27
2025-11-14 01:35:48,1.17.2,PR1,13,3.82,,30,Left,Left,943,327,110,29,,,0.23
2025-11-14 01:35:49,1.17.2,PR1,13,3.82,,30,Left,Left,944,327,110,29,,,0.2
2025-11-14 01:35:51,1.17.2,PR1,13,3.82,,30,Left,Left,945,327,110,29,,,0.24
2025-11-14 01:38:33,1.17.2,PR1,13,3.81,,30,Left,Left,946,327,110,29,,,0.25
2025-11-14 01:41:10,1.17.2,PR1,13,3.82,,30,Left,Left,947,327,110,29,,,0.06
2025-11-14 01:41:15,1.17.2,PR1,13,3.82,,30,Left,Left,948,327,110,29,,,0.15
2025-11-14 01:41:17,1.17.2,PR1,13,3.82,,30,Left,Left,949,327,110,29,,,0.47
2025-11-14 01:41:29,1.17.2,PR1,13,3.81,,30,Left,Left,950,327,110,29,,,0.03
2025-11-14 01:41:30,1.17.2,PR1,13,3.82,,30,Left,Left,951,327,110,29,,,0.0
2025-11-14 01:41:32,1.17.2,PR1,13,3.82,,30,Left,Left,952,327,110,29,,,0.07
2025-11-14 01:41:33,1.17.2,PR1,13,3.82,,30,Left,Left,953,327,110,29,,,0.1
2025-11-14 01:41:35,1.17.2,PR1,13,3.82,,30,Left,Left,954,327,110,29,,,0.23
2025-11-14 01:41:45,1.17.2,PR1,13,3.82,,30,Left,Left,955,327,110,29,,,0.27
2025-11-14 01:41:47,1.17.2,PR1,13,3.82,1.0,30,Pellet,Left,955,327,111,30,0.23,1500.0,
2025-11-14 01:42:02,1.17.2,PR1,13,3.82,,31,Left,Left,956,327,111,30,,,0.1
2025-11-14 01:42:04,1.17.2,PR1,13,3.82,,31,Left,Left,957,327,111,30,,,0.12
2025-11-14 01:42:06,1.17.2,PR1,13,3.82,,31,Left,Left,958,327,111,30,,,0.53
2025-11-14 01:42:08,1.17.2,PR1,13,3.82,,31,Left,Left,959,327,111,30,,,0.6
2025-11-14 01:42:10,1.17.2,PR1,13,3.82,,31,Left,Left,960,327,111,30,,,0.53
2025-11-14 01:42:11,1.17.2,PR1,13,3.82,,31,Left,Left,961,327,111,30,,,0.47
2025-11-14 01:42:13,1.17.2,PR1,13,3.82,,31,Left,Left,962,327,111,30,,,1.5
2025-11-14 01:42:16,1.17.2,PR1,13,3.82,,31,Left,Left,963,327,111,30,,,0.21
2025-11-14 01:42:19,1.17.2,PR1,13,3.82,,31,Left,Left,964,327,111,30,,,0.99
2025-11-14 01:42:20,1.17.2,PR1,13,3.81,,31,Left,Left,965,327,111,30,,,0.0
2025-11-14 01:42:21,1.17.2,PR1,13,3.82,,31,Left,Left,966,327,111,30,,,0.3
2025-11-14 01:42:24,1.17.2,PR1,13,3.82,,31,Left,Left,967,327,111,30,,,0.05
2025-11-14 01:42:26,1.17.2,PR1,13,3.82,,31,Left,Left,968,327,111,30,,,0.18
2025-11-14 01:42:32,1.17.2,PR1,13,3.82,,31,Right,Left,968,328,111,30,,,0.35
2025-11-14 01:42:34,1.17.2,PR1,13,3.81,,31,Right,Left,968,329,111,30,,,0.38
2025-11-14 01:42:35,1.17.2,PR1,13,3.81,,31,Right,Left,968,330,111,30,,,0.48
2025-11-14 01:42:39,1.17.2,PR1,13,3.82,,31,Right,Left,968,331,111,30,,,0.44
2025-11-14 01:42:48,1.17.2,PR1,13,3.82,,31,Right,Left,968,332,111,30,,,0.67
2025-11-14 01:42:54,1.17.2,PR1,13,3.82,,31,Right,Left,968,333,111,30,,,0.17
2025-11-14 01:42:57,1.17.2,PR1,13,3.82,,31,Right,Left,968,334,111,30,,,0.68
2025-11-14 01:43:05,1.17.2,PR1,13,3.82,,31,Right,Left,968,335,111,30,,,0.11
2025-11-14 01:43:07,1.17.2,PR1,13,3.82,,31,Right,Left,968,336,111,30,,,0.11
2025-11-14 01:44:44,1.17.2,PR1,13,3.82,,31,Right,Left,968,337,111,30,,,0.2
2025-11-14 01:44:46,1.17.2,PR1,13,3.81,,31,Right,Left,968,338,111,30,,,0.85
2025-11-14 01:44:48,1.17.2,PR1,13,3.82,,31,Right,Left,968,339,111,30,,,0.54
2025-11-14 01:44:49,1.17.2,PR1,13,3.82,,31,Right,Left,968,340,111,30,,,0.0
2025-11-14 01:44:52,1.17.2,PR1,13,3.82,,31,Right,Left,968,341,111,30,,,0.65
2025-11-14 01:44:54,1.17.2,PR1,13,3.82,,31,Right,Left,968,342,111,30,,,0.52
2025-11-14 01:44:57,1.17.2,PR1,13,3.81,,31,Right,Left,968,343,111,30,,,0.44
2025-11-14 01:44:59,1.17.2,PR1,13,3.82,,31,Right,Left,968,344,111,30,,,0.35
2025-11-14 01:45:08,1.17.2,PR1,13,3.81,,31,Left,Left,969,344,111,30,,,0.13
2025-11-14 01:45:17,1.17.2,PR1,13,3.82,,31,Right,Left,969,345,111,30,,,0.16
2025-11-14 01:45:19,1.17.2,PR1,13,3.82,,31,Right,Left,969,346,111,30,,,0.0
2025-11-14 01:45:20,1.17.2,PR1,13,3.82,,31,Right,Left,969,347,111,30,,,0.34
2025-11-14 01:45:21,1.17.2,PR1,13,3.82,,31,Right,Left,969,348,111,30,,,0.0
2025-11-14 01:45:22,1.17.2,PR1,13,3.82,,31,Right,Left,969,349,111,30,,,0.49
2025-11-14 01:45:24,1.17.2,PR1,13,3.82,,31,Right,Left,969,350,111,30,,,0.46
2025-11-14 01:45:26,1.17.2,PR1,13,3.82,,31,Right,Left,969,351,111,30,,,0.42
2025-11-14 01:45:28,1.17.2,PR1,13,3.82,,31,Right,Left,969,352,111,30,,,0.25
2025-11-14 01:45:28,1.17.2,PR1,13,3.82,,31,Right,Left,969,353,111,30,,,0.0
2025-11-14 01:45:29,1.17.2,PR1,13,3.82,,31,Right,Left,969,354,111,30,,,0.11
2025-11-14 01:45:31,1.17.2,PR1,13,3.82,,31,Right,Left,969,355,111,30,,,0.63
2025-11-14 01:45:33,1.17.2,PR1,13,3.82,,31,Right,Left,969,356,111,30,,,0.42
2025-11-14 01:45:36,1.17.2,PR1,13,3.82,,31,Right,Left,969,357,111,30,,,0.0
2025-11-14 01:45:38,1.17.2,PR1,13,3.82,,31,Right,Left,969,358,111,30,,,0.32
2025-11-14 01:45:38,1.17.2,PR1,13,3.82,,31,Right,Left,969,359,111,30,,,0.0
2025-11-14 01:45:40,1.17.2,PR1,13,3.82,,31,Right,Left,969,360,111,30,,,0.4
2025-11-14 01:45:43,1.17.2,PR1,13,3.82,,31,Right,Left,969,361,111,30,,,0.42
2025-11-14 01:45:45,1.17.2,PR1,13,3.82,,31,Right,Left,969,362,111,30,,,0.0
2025-11-14 01:45:48,1.17.2,PR1,13,3.82,,31,Right,Left,969,363,111,30,,,0.37
2025-11-14 01:45:49,1.17.2,PR1,13,3.82,,31,Right,Left,969,364,111,30,,,0.0
2025-11-14 01:45:54,1.17.2,PR1,13,3.81,,31,Right,Left,969,365,111,30,,,0.35
2025-11-14 01:53:05,1.17.2,PR1,13,3.82,,31,Left,Left,970,365,111,30,,,0.05
2025-11-14 01:53:07,1.17.2,PR1,13,3.82,,31,Left,Left,971,365,111,30,,,0.5
2025-11-14 01:53:09,1.17.2,PR1,13,3.81,,31,Left,Left,972,365,111,30,,,0.42
2025-11-14 01:53:11,1.17.2,PR1,13,3.82,,31,Left,Left,973,365,111,30,,,0.34
2025-11-14 01:53:13,1.17.2,PR1,13,3.82,,31,Left,Left,974,365,111,30,,,0.17
2025-11-14 01:53:16,1.17.2,PR1,13,3.82,,31,Left,Left,975,365,111,30,,,0.22
2025-11-14 01:53:17,1.17.2,PR1,13,3.82,,31,Left,Left,976,365,111,30,,,0.12
2025-11-14 01:54:19,1.17.2,PR1,13,3.81,,31,Right,Left,976,366,111,30,,,0.01
2025-11-14 01:55:45,1.17.2,PR1,13,3.82,,31,Left,Left,977,366,111,30,,,0.28
2025-11-14 01:55:47,1.17.2,PR1,13,3.81,,31,Left,Left,978,366,111,30,,,0.41
2025-11-14 01:55:48,1.17.2,PR1,13,3.82,,31,Left,Left,979,366,111,30,,,0.24
2025-11-14 01:55:50,1.17.2,PR1,13,3.81,,31,Left,Left,980,366,111,30,,,0.18
2025-11-14 01:55:54,1.17.2,PR1,13,3.82,,31,Left,Left,981,366,111,30,,,0.07
2025-11-14 01:58:42,1.17.2,PR1,13,3.82,,31,Left,Left,982,366,111,30,,,0.08
2025-11-14 01:58:44,1.17.2,PR1,13,3.82,,31,Left,Left,983,366,111,30,,,0.13
2025-11-14 01:58:46,1.17.2,PR1,13,3.82,,31,Left,Left,984,366,111,30,,,0.16
2025-11-14 01:58:49,1.17.2,PR1,13,3.82,,31,Right,Left,984,367,111,30,,,0.13
2025-11-14 02:03:06,1.17.2,PR1,13,3.82,,31,Left,Left,985,367,111,30,,,0.02
2025-11-14 02:03:08,1.17.2,PR1,13,3.81,,31,Left,Left,986,367,111,30,,,0.3
2025-11-14 02:03:09,1.17.2,PR1,13,3.81,1.0,31,Pellet,Left,986,367,112,31,0.47,1283.0,
2025-11-14 02:03:29,1.17.2,PR1,13,3.81,,32,Left,Left,987,367,112,31,,,0.04
2025-11-14 02:03:31,1.17.2,PR1,13,3.82,,32,Left,Left,988,367,112,31,,,0.18
2025-11-14 02:03:33,1.17.2,PR1,13,3.82,,32,Left,Left,989,367,112,31,,,0.29
2025-11-14 02:03:35,1.17.2,PR1,13,3.82,,32,Left,Left,990,367,112,31,,,0.23
2025-11-14 02:03:36,1.17.2,PR1,13,3.82,,32,Left,Left,991,367,112,31,,,0.13
2025-11-14 02:03:41,1.17.2,PR1,13,3.82,,32,Left,Left,992,367,112,31,,,0.19
2025-11-14 02:03:43,1.17.2,PR1,13,3.82,,32,Left,Left,993,367,112,31,,,0.14
2025-11-14 02:03:44,1.17.2,PR1,13,3.82,,32,Left,Left,994,367,112,31,,,0.22
2025-11-14 02:03:45,1.17.2,PR1,13,3.82,,32,Left,Left,995,367,112,31,,,0.19
2025-11-14 02:03:48,1.17.2,PR1,13,3.82,,32,Left,Left,996,367,112,31,,,0.1
2025-11-14 02:03:50,1.17.2,PR1,13,3.82,,32,Left,Left,997,367,112,31,,,0.23
2025-11-14 02:03:52,1.17.2,PR1,13,3.82,,32,Left,Left,998,367,112,31,,,0.2
2025-11-14 02:03:53,1.17.2,PR1,13,3.81,,32,Left,Left,999,367,112,31,,,0.19
2025-11-14 02:03:58,1.17.2,PR1,13,3.81,,32,Left,Left,1000,367,112,31,,,0.17
2025-11-14 02:04:00,1.17.2,PR1,13,3.82,,32,Left,Left,1001,367,112,31,,,0.5
2025-11-14 02:04:03,1.17.2,PR1,13,3.81,,32,Left,Left,1002,367,112,31,,,0.48
2025-11-14 02:04:07,1.17.2,PR1,13,3.82,,32,Left,Left,1003,367,112,31,,,0.65
2025-11-14 02:04:09,1.17.2,PR1,13,3.82,,32,Left,Left,1004,367,112,31,,,0.21
2025-11-14 02:04:10,1.17.2,PR1,13,3.82,,32,Left,Left,1005,367,112,31,,,0.29
2025-11-14 02:04:17,1.17.2,PR1,13,3.82,,32,Right,Left,1005,368,112,31,,,0.12
2025-11-14 02:04:20,1.17.2,PR1,13,3.81,,32,Right,Left,1005,369,112,31,,,0.07
2025-11-14 02:10:16,1.17.2,PR1,13,3.82,,32,Left,Left,1006,369,112,31,,,0.19
2025-11-14 02:16:44,1.17.2,PR1,13,3.82,,32,Left,Left,1007,369,112,31,,,0.18
2025-11-14 02:21:19,1.17.2,PR1,13,3.82,,32,Left,Left,1008,369,112,31,,,0.02
2025-11-14 02:23:48,1.17.2,PR1,13,3.81,,32,Right,Left,1008,370,112,31,,,0.08
2025-11-14 02:23:51,1.17.2,PR1,13,3.82,,32,Right,Left,1008,371,112,31,,,0.17
2025-11-14 02:24:00,1.17.2,PR1,13,3.82,,32,Right,Left,1008,372,112,31,,,0.18
2025-11-14 02:24:04,1.17.2,PR1,13,3.81,,32,Left,Left,1009,372,112,31,,,0.2
2025-11-14 02:24:05,1.17.2,PR1,13,3.81,,32,Left,Left,1010,372,112,31,,,0.0
2025-11-14 02:24:06,1.17.2,PR1,13,3.82,,32,Left,Left,1011,372,112,31,,,0.25
2025-11-14 02:24:07,1.17.2,PR1,13,3.82,,32,Left,Left,1012,372,112,31,,,0.07
2025-11-14 02:24:09,1.17.2,PR1,13,3.81,,32,Left,Left,1013,372,112,31,,,0.32
2025-11-14 02:24:10,1.17.2,PR1,13,3.81,,32,Left,Left,1014,372,112,31,,,0.13
2025-11-14 02:24:13,1.17.2,PR1,13,3.81,,32,Left,Left,1015,372,112,31,,,0.06
2025-11-14 02:26:38,1.17.2,PR1,13,3.81,,32,Right,Left,1015,373,112,31,,,0.18
2025-11-14 02:26:41,1.17.2,PR1,13,3.82,,32,Right,Left,1015,374,112,31,,,0.5
2025-11-14 02:26:45,1.17.2,PR1,13,3.82,,32,Left,Left,1016,374,112,31,,,0.07
2025-11-14 02:26:47,1.17.2,PR1,13,3.82,,32,Left,Left,1017,374,112,31,,,0.07
2025-11-14 02:27:44,1.17.2,PR1,13,3.82,,32,Left,Left,1018,374,112,31,,,0.06
2025-11-14 02:27:45,1.17.2,PR1,13,3.82,1.0,32,Pellet,Left,1018,374,113,32,1.01,1476.0,
2025-11-14 02:28:35,1.17.2,PR1,13,3.81,,33,Left,Left,1019,374,113,32,,,0.0
2025-11-14 02:28:36,1.17.2,PR1,13,3.82,,33,Left,Left,1020,374,113,32,,,0.26
2025-11-14 02:28:38,1.17.2,PR1,13,3.82,,33,Left,Left,1021,374,113,32,,,0.3
2025-11-14 02:28:40,1.17.2,PR1,13,3.81,,33,Left,Left,1022,374,113,32,,,0.16
2025-11-14 02:38:33,1.17.2,PR1,13,3.82,,33,Left,Left,1023,374,113,32,,,0.09
2025-11-14 02:38:36,1.17.2,PR1,13,3.82,,33,Left,Left,1024,374,113,32,,,0.18
2025-11-14 02:39:19,1.17.2,PR1,13,3.81,,33,Left,Left,1025,374,113,32,,,0.17
2025-11-14 02:46:04,1.17.2,PR1,13,3.8,,33,Left,Left,1026,374,113,32,,,0.01
2025-11-14 02:46:07,1.17.2,PR1,13,3.81,,33,Left,Left,1027,374,113,32,,,0.27
2025-11-14 02:46:09,1.17.2,PR1,13,3.81,,33,Left,Left,1028,374,113,32,,,0.28
2025-11-14 02:46:10,1.17.2,PR1,13,3.81,,33,Left,Left,1029,374,113,32,,,0.3
2025-11-14 02:46:14,1.17.2,PR1,13,3.81,,33,Left,Left,1030,374,113,32,,,0.54
2025-11-14 02:46:17,1.17.2,PR1,13,3.81,,33,Left,Left,1031,374,113,32,,,0.48
2025-11-14 02:46:17,1.17.2,PR1,13,3.81,,33,Left,Left,1032,374,113,32,,,0.04
2025-11-14 02:47:03,1.17.2,PR1,13,3.81,,33,Left,Left,1033,374,113,32,,,0.18
2025-11-14 02:52:34,1.17.2,PR1,13,3.81,,33,Left,Left,1034,374,113,32,,,0.03
2025-11-14 02:52:37,1.17.2,PR1,13,3.81,,33,Left,Left,1035,374,113,32,,,0.83
2025-11-14 02:52:39,1.17.2,PR1,13,3.82,,33,Left,Left,1036,374,113,32,,,0.3
2025-11-14 02:52:41,1.17.2,PR1,13,3.81,,33,Left,Left,1037,374,113,32,,,0.76
2025-11-14 02:52:44,1.17.2,PR1,13,3.81,,33,Left,Left,1038,374,113,32,,,0.23
2025-11-14 02:52:47,1.17.2,PR1,13,3.82,,33,Left,Left,1039,374,113,32,,,0.19
2025-11-14 02:52:48,1.17.2,PR1,13,3.81,,33,Left,Left,1040,374,113,32,,,0.22
2025-11-14 02:52:50,1.17.2,PR1,13,3.81,,33,Left,Left,1041,374,113,32,,,0.23
2025-11-14 02:52:52,1.17.2,PR1,13,3.81,,33,Left,Left,1042,374,113,32,,,0.2
2025-11-14 02:55:48,1.17.2,PR1,13,3.81,,33,Right,Left,1042,375,113,32,,,0.09
2025-11-14 02:55:49,1.17.2,PR1,13,3.81,,33,Right,Left,1042,376,113,32,,,0.18
2025-11-14 02:56:44,1.17.2,PR1,13,3.81,,33,Left,Left,1043,376,113,32,,,0.16
2025-11-14 02:57:47,1.17.2,PR1,13,3.82,,33,Left,Left,1044,376,113,32,,,0.07
2025-11-14 02:58:14,1.17.2,PR1,13,3.82,,33,Right,Left,1044,377,113,32,,,0.33
2025-11-14 03:49:55,1.17.2,PR1,13,3.81,,1,Left,Left,1045,377,113,0,,,0.04
2025-11-14 03:49:57,1.17.2,PR1,13,3.81,1.0,1,Pellet,Left,1045,377,114,1,0.47,4932.0,
2025-11-14 03:50:11,1.17.2,PR1,13,3.81,,2,Left,Left,1046,377,114,1,,,1.07
2025-11-14 03:50:15,1.17.2,PR1,13,3.81,,2,Left,Left,1047,377,114,1,,,1.07
2025-11-14 03:50:16,1.17.2,PR1,13,3.81,2.0,2,Pellet,Left,1047,377,115,2,0.47,19.0,
2025-11-14 03:50:29,1.17.2,PR1,13,3.81,,3,Left,Left,1048,377,115,2,,,0.15
2025-11-14 03:50:38,1.17.2,PR1,13,3.81,,3,Left,Left,1049,377,115,2,,,0.05
2025-11-14 03:50:39,1.17.2,PR1,13,3.81,,3,Left,Left,1050,377,115,2,,,0.1
2025-11-14 03:50:40,1.17.2,PR1,13,3.81,1.0,3,Pellet,Left,1050,377,116,3,0.23,24.0,
2025-11-14 03:51:13,1.17.2,PR1,13,3.81,,4,Left,Left,1051,377,116,3,,,0.15
2025-11-14 03:51:16,1.17.2,PR1,13,3.81,,4,Left,Left,1052,377,116,3,,,0.15
2025-11-14 03:51:21,1.17.2,PR1,13,3.81,,4,Left,Left,1053,377,116,3,,,0.13
2025-11-14 03:51:29,1.17.2,PR1,13,3.81,,4,Left,Left,1054,377,116,3,,,0.15
2025-11-14 03:51:30,1.17.2,PR1,13,3.81,2.0,4,Pellet,Left,1054,377,117,4,0.23,50.0,
2025-11-14 03:51:55,1.17.2,PR1,13,3.81,,5,Left,Left,1055,377,117,4,,,0.08
2025-11-14 03:51:57,1.17.2,PR1,13,3.81,,5,Left,Left,1056,377,117,4,,,0.83
2025-11-14 03:51:59,1.17.2,PR1,13,3.81,,5,Left,Left,1057,377,117,4,,,0.13
2025-11-14 03:52:02,1.17.2,PR1,13,3.81,,5,Right,Left,1057,378,117,4,,,0.03
2025-11-14 03:52:24,1.17.2,PR1,13,3.81,,5,Left,Left,1058,378,117,4,,,0.26
2025-11-14 04:02:26,1.17.2,PR1,13,3.81,,5,Left,Left,1059,378,117,4,,,0.02
2025-11-14 04:02:29,1.17.2,PR1,13,3.81,2.0,5,Pellet,Left,1059,378,118,5,0.29,659.0,
2025-11-14 04:02:41,1.17.2,PR1,13,3.8,,6,Left,Left,1060,378,118,5,,,0.05
2025-11-14 04:02:43,1.17.2,PR1,13,3.81,,6,Left,Left,1061,378,118,5,,,0.07
2025-11-14 04:02:47,1.17.2,PR1,13,3.81,,6,Left,Left,1062,378,118,5,,,0.09
2025-11-14 04:02:51,1.17.2,PR1,13,3.8,,6,Left,Left,1063,378,118,5,,,0.03
2025-11-14 04:02:52,1.17.2,PR1,13,3.81,,6,Left,Left,1064,378,118,5,,,0.07
2025-11-14 04:02:56,1.17.2,PR1,13,3.8,,6,Left,Left,1065,378,118,5,,,0.18
2025-11-14 04:02:58,1.17.2,PR1,13,3.81,2.0,6,Pellet,Left,1065,378,119,6,0.77,28.0,
2025-11-14 04:03:19,1.17.2,PR1,13,3.8,,7,Left,Left,1066,378,119,6,,,0.03
2025-11-14 04:03:26,1.17.2,PR1,13,3.81,,7,Left,Left,1067,378,119,6,,,0.09
2025-11-14 04:03:31,1.17.2,PR1,13,3.81,,7,Left,Left,1068,378,119,6,,,0.07
2025-11-14 04:03:34,1.17.2,PR1,13,3.8,,7,Left,Left,1069,378,119,6,,,0.83
2025-11-14 04:03:37,1.17.2,PR1,13,3.8,,7,Left,Left,1070,378,119,6,,,0.06
2025-11-14 04:03:40,1.17.2,PR1,13,3.8,,7,Left,Left,1071,378,119,6,,,1.2
2025-11-14 04:03:42,1.17.2,PR1,13,3.81,,7,Left,Left,1072,378,119,6,,,0.02
2025-11-14 04:03:44,1.17.2,PR1,13,3.81,1.0,7,Pellet,Left,1072,378,120,7,0.71,47.0,
2025-11-14 04:04:09,1.17.2,PR1,13,3.81,,8,Left,Left,1073,378,120,7,,,0.16
2025-11-14 04:23:43,1.17.2,PR1,13,3.81,,8,Left,Left,1074,378,120,7,,,0.09
2025-11-14 04:23:46,1.17.2,PR1,13,3.8,,8,Left,Left,1075,378,120,7,,,0.82
2025-11-14 04:23:46,1.17.2,PR1,13,3.81,,8,Left,Left,1076,378,120,7,,,0.0
2025-11-14 04:23:48,1.17.2,PR1,13,3.81,,8,Left,Left,1077,378,120,7,,,0.43
2025-11-14 04:23:51,1.17.2,PR1,13,3.8,,8,Left,Left,1078,378,120,7,,,0.38
2025-11-14 04:23:54,1.17.2,PR1,13,3.81,,8,Left,Left,1079,378,120,7,,,0.09
2025-11-14 04:23:57,1.17.2,PR1,13,3.81,,8,Left,Left,1080,378,120,7,,,0.9
2025-11-14 04:23:58,1.17.2,PR1,13,3.81,1.0,8,Pellet,Left,1080,378,121,8,0.23,1214.0,
2025-11-14 04:24:15,1.17.2,PR1,13,3.81,,9,Left,Left,1081,378,121,8,,,0.01
2025-11-14 04:24:20,1.17.2,PR1,13,3.81,,9,Left,Left,1082,378,121,8,,,0.04
2025-11-14 04:24:28,1.17.2,PR1,13,3.8,,9,Left,Left,1083,378,121,8,,,0.07
2025-11-14 04:24:31,1.17.2,PR1,13,3.81,,9,Left,Left,1084,378,121,8,,,0.23
2025-11-14 04:24:36,1.17.2,PR1,13,3.81,,9,Right,Left,1084,379,121,8,,,0.11
2025-11-14 04:40:02,1.17.2,PR1,13,3.81,,9,Left,Left,1085,379,121,8,,,0.02
2025-11-14 04:49:47,1.17.2,PR1,13,3.8,,9,Left,Left,1086,379,121,8,,,0.17
2025-11-14 04:52:09,1.17.2,PR1,13,3.8,,9,Right,Left,1086,380,121,8,,,0.13
2025-11-14 05:01:15,1.17.2,PR1,13,3.8,,9,Left,Left,1087,380,121,8,,,0.05
2025-11-14 05:01:16,1.17.2,PR1,13,3.8,,9,Left,Left,1088,380,121,8,,,0.17
2025-11-14 05:01:17,1.17.2,PR1,13,3.81,,9,Left,Left,1089,380,121,8,,,0.07
2025-11-14 05:01:18,1.17.2,PR1,13,3.8,1.0,9,Pellet,Left,1089,380,122,9,0.35,2240.0,
2025-11-14 05:01:41,1.17.2,PR1,13,3.8,,10,Left,Left,1090,380,122,9,,,0.08
2025-11-14 05:02:32,1.17.2,PR1,13,3.81,,10,Right,Left,1090,381,122,9,,,0.25
2025-11-14 05:02:33,1.17.2,PR1,13,3.81,,10,Right,Left,1090,382,122,9,,,0.31
2025-11-14 05:07:18,1.17.2,PR1,13,3.8,,10,Left,Left,1091,382,122,9,,,0.05
2025-11-14 05:07:20,1.17.2,PR1,13,3.8,,10,Left,Left,1092,382,122,9,,,0.09
2025-11-14 05:07:23,1.17.2,PR1,13,3.81,,10,Right,Left,1092,383,122,9,,,0.15
2025-11-14 05:07:29,1.17.2,PR1,13,3.8,,10,Left,Left,1093,383,122,9,,,0.13
2025-11-14 05:07:31,1.17.2,PR1,13,3.8,,10,Left,Left,1094,383,122,9,,,0.14
2025-11-14 05:07:32,1.17.2,PR1,13,3.8,,10,Left,Left,1095,383,122,9,,,0.12
2025-11-14 05:10:25,1.17.2,PR1,13,3.8,,10,Left,Left,1096,383,122,9,,,0.05
2025-11-14 05:10:26,1.17.2,PR1,13,3.81,,10,Left,Left,1097,383,122,9,,,0.05
2025-11-14 05:17:28,1.17.2,PR1,13,3.81,,10,Left,Left,1098,383,122,9,,,0.27
2025-11-14 05:17:29,1.17.2,PR1,13,3.8,,10,Left,Left,1099,383,122,9,,,0.23
2025-11-14 05:17:30,1.17.2,PR1,13,3.8,1.0,10,Pellet,Left,1099,383,123,10,0.41,972.0,
2025-11-14 05:17:49,1.17.2,PR1,13,3.8,,11,Left,Left,1100,383,123,10,,,0.04
2025-11-14 05:17:50,1.17.2,PR1,13,3.8,,11,Left,Left,1101,383,123,10,,,0.06
2025-11-14 05:17:51,1.17.2,PR1,13,3.8,,11,Left,Left,1102,383,123,10,,,0.0
2025-11-14 05:17:54,1.17.2,PR1,13,3.8,,11,Left,Left,1103,383,123,10,,,0.05
2025-11-14 05:22:33,1.17.2,PR1,13,3.8,,11,Left,Left,1104,383,123,10,,,0.1
2025-11-14 05:23:34,1.17.2,PR1,13,3.8,,11,Left,Left,1105,383,123,10,,,0.01
2025-11-14 05:23:35,1.17.2,PR1,13,3.81,,11,Left,Left,1106,383,123,10,,,0.11
2025-11-14 05:23:37,1.17.2,PR1,13,3.8,,11,Left,Left,1107,383,123,10,,,0.07
2025-11-14 05:29:59,1.17.2,PR1,13,3.8,,11,Left,Left,1108,383,123,10,,,0.12
2025-11-14 06:06:11,1.17.2,PR1,13,3.8,,1,Left,Left,1109,383,123,0,,,0.15
2025-11-14 06:06:13,1.17.2,PR1,13,3.8,1.0,1,Pellet,Left,1109,383,124,1,0.89,2923.0,
2025-11-14 06:06:34,1.17.2,PR1,13,3.8,,2,Left,Left,1110,383,124,1,,,0.77
2025-11-14 06:06:36,1.17.2,PR1,13,3.8,,2,Left,Left,1111,383,124,1,,,0.17
2025-11-14 06:06:38,1.17.2,PR1,13,3.8,1.0,2,Pellet,Left,1111,383,125,2,1.19,25.0,
2025-11-14 06:07:24,1.17.2,PR1,13,3.8,,3,Left,Left,1112,383,125,2,,,0.02
2025-11-14 06:07:32,1.17.2,PR1,13,3.8,,3,Left,Left,1113,383,125,2,,,0.05
2025-11-14 06:07:35,1.17.2,PR1,13,3.8,,3,Left,Left,1114,383,125,2,,,1.32
2025-11-14 06:07:36,1.17.2,PR1,13,3.8,1.0,3,Pellet,Left,1114,383,126,3,0.53,58.0,
2025-11-14 06:35:14,1.17.2,PR1,13,3.8,,4,Left,Left,1115,383,126,3,,,1.41
2025-11-14 06:35:19,1.17.2,PR1,13,3.8,,4,Left,Left,1116,383,126,3,,,0.07
2025-11-14 06:35:28,1.17.2,PR1,13,3.8,,4,Left,Left,1117,383,126,3,,,0.14
2025-11-14 06:35:34,1.17.2,PR1,13,3.8,,4,Left,Left,1118,383,126,3,,,0.75
2025-11-14 06:35:36,1.17.2,PR1,13,3.8,1.0,4,Pellet,Left,1118,383,127,4,0.53,1679.0,
2025-11-14 06:36:21,1.17.2,PR1,13,3.8,,5,Left,Left,1119,383,127,4,,,0.03
2025-11-14 06:53:09,1.17.2,PR1,13,3.8,,5,Left,Left,1120,383,127,4,,,0.86
2025-11-14 06:53:13,1.17.2,PR1,13,3.8,,5,Left,Left,1121,383,127,4,,,0.93
2025-11-14 06:53:17,1.17.2,PR1,13,3.8,,5,Left,Left,1122,383,127,4,,,0.92
2025-11-14 06:53:22,1.17.2,PR1,13,3.8,,5,Left,Left,1123,383,127,4,,,0.1
2025-11-14 06:53:24,1.17.2,PR1,13,3.8,1.0,5,Pellet,Left,1123,383,128,5,1.43,1069.0,
2025-11-14 07:01:17,1.17.2,PR1,13,3.8,,6,Left,Left,1124,383,128,5,,,0.62
2025-11-14 07:01:20,1.17.2,PR1,13,3.8,,6,Left,Left,1125,383,128,5,,,0.74
2025-11-14 07:01:23,1.17.2,PR1,13,3.8,,6,Left,Left,1126,383,128,5,,,0.74
2025-11-14 07:01:26,1.17.2,PR1,13,3.8,,6,Left,Left,1127,383,128,5,,,0.83
2025-11-14 07:01:28,1.17.2,PR1,13,3.8,,6,Left,Left,1128,383,128,5,,,0.04
2025-11-14 07:01:29,1.17.2,PR1,13,3.8,,6,Left,Left,1129,383,128,5,,,0.01
2025-11-14 07:01:31,1.17.2,PR1,13,3.8,1.0,6,Pellet,Left,1129,383,129,6,0.83,487.0,
2025-11-14 07:02:26,1.17.2,PR1,13,3.8,,7,Left,Left,1130,383,129,6,,,0.12
2025-11-14 07:04:01,1.17.2,PR1,13,3.8,,7,Left,Left,1131,383,129,6,,,0.7
2025-11-14 07:04:06,1.17.2,PR1,13,3.8,,7,Left,Left,1132,383,129,6,,,0.56
2025-11-14 07:04:09,1.17.2,PR1,13,3.8,,7,Left,Left,1133,383,129,6,,,0.78
2025-11-14 07:04:11,1.17.2,PR1,13,3.8,,7,Left,Left,1134,383,129,6,,,0.6
2025-11-14 07:04:15,1.17.2,PR1,13,3.8,,7,Left,Left,1135,383,129,6,,,1.02
2025-11-14 07:04:16,1.17.2,PR1,13,3.8,,7,Left,Left,1136,383,129,6,,,0.42
2025-11-14 07:04:17,1.17.2,PR1,13,3.8,1.0,7,Pellet,Left,1136,383,130,7,0.47,166.0,
2025-11-14 07:04:49,1.17.2,PR1,13,3.8,,8,Left,Left,1137,383,130,7,,,0.1
2025-11-14 07:04:57,1.17.2,PR1,13,3.8,,8,Left,Left,1138,383,130,7,,,0.04
2025-11-14 07:04:59,1.17.2,PR1,13,3.8,,8,Left,Left,1139,383,130,7,,,0.71
2025-11-14 07:39:07,1.17.2,PR1,13,3.8,,1,Left,Left,1140,383,130,0,,,0.06
2025-11-14 07:39:10,1.17.2,PR1,13,3.8,1.0,1,Pellet,Left,1140,383,131,1,2.03,2093.0,
2025-11-14 07:39:34,1.17.2,PR1,13,3.8,,2,Left,Left,1141,383,131,1,,,0.07
2025-11-14 07:39:36,1.17.2,PR1,13,3.79,,2,Left,Left,1142,383,131,1,,,0.0
2025-11-14 07:39:38,1.17.2,PR1,13,3.8,1.0,2,Pellet,Left,1142,383,132,2,1.43,28.0,
2025-11-14 07:40:12,1.17.2,PR1,13,3.8,,3,Left,Left,1143,383,132,2,,,1.03
2025-11-14 07:40:15,1.17.2,PR1,13,3.8,,3,Left,Left,1144,383,132,2,,,1.06
2025-11-14 07:40:19,1.17.2,PR1,13,3.8,,3,Left,Left,1145,383,132,2,,,0.03
2025-11-14 07:40:20,1.17.2,PR1,13,3.8,1.0,3,Pellet,Left,1145,383,133,3,0.41,42.0,
2025-11-14 07:41:12,1.17.2,PR1,13,3.8,,4,Left,Left,1146,383,133,3,,,0.11
2025-11-14 07:41:20,1.17.2,PR1,13,3.8,,4,Left,Left,1147,383,133,3,,,0.84
2025-11-14 07:41:23,1.17.2,PR1,13,3.8,,4,Left,Left,1148,383,133,3,,,1.2
2025-11-14 07:41:28,1.17.2,PR1,13,3.8,,4,Left,Left,1149,383,133,3,,,1.56
2025-11-14 07:41:29,1.17.2,PR1,13,3.8,1.0,4,Pellet,Left,1149,383,134,4,0.29,69.0,
2025-11-14 07:42:10,1.17.2,PR1,13,3.8,,5,Left,Left,1150,383,134,4,,,0.08
2025-11-14 07:42:13,1.17.2,PR1,13,3.8,,5,Left,Left,1151,383,134,4,,,0.06
2025-11-14 07:42:21,1.17.2,PR1,13,3.8,,5,Left,Left,1152,383,134,4,,,0.53
2025-11-14 07:42:23,1.17.2,PR1,13,3.8,,5,Left,Left,1153,383,134,4,,,0.41
2025-11-14 07:42:29,1.17.2,PR1,13,3.8,,5,Left,Left,1154,383,134,4,,,0.88
2025-11-14 07:42:30,1.17.2,PR1,13,3.8,,5,LeftDuringDispense,Left,1155,383,134,5,,,0.05
2025-11-14 07:42:33,1.17.2,PR1,13,3.8,2.0,5,Pellet,Left,1155,383,135,5,0.23,64.0,
2025-11-14 07:43:12,1.17.2,PR1,13,3.8,,6,Left,Left,1156,383,135,5,,,0.69
2025-11-14 07:43:13,1.17.2,PR1,13,3.8,,6,Left,Left,1157,383,135,5,,,0.6
2025-11-14 07:43:14,1.17.2,PR1,13,3.8,,6,Left,Left,1158,383,135,5,,,0.15
2025-11-14 07:43:17,1.17.2,PR1,13,3.8,,6,Left,Left,1159,383,135,5,,,0.68
2025-11-14 07:43:18,1.17.2,PR1,13,3.8,,6,Left,Left,1160,383,135,5,,,0.59
2025-11-14 07:43:20,1.17.2,PR1,13,3.8,,6,Left,Left,1161,383,135,5,,,0.61
2025-11-14 07:43:21,1.17.2,PR1,13,3.8,1.0,6,Pellet,Left,1161,383,136,6,0.35,48.0,
2025-11-14 07:43:48,1.17.2,PR1,13,3.8,,7,Left,Left,1162,383,136,6,,,0.83
2025-11-14 07:43:50,1.17.2,PR1,13,3.8,,7,Left,Left,1163,383,136,6,,,0.12
2025-11-14 07:43:52,1.17.2,PR1,13,3.8,,7,Left,Left,1164,383,136,6,,,0.12
2025-11-14 07:55:24,1.17.2,PR1,13,3.8,,7,Left,Left,1165,383,136,6,,,0.13
2025-11-14 07:55:27,1.17.2,PR1,13,3.79,,7,Left,Left,1166,383,136,6,,,0.42
2025-11-14 07:55:30,1.17.2,PR1,13,3.8,,7,Left,Left,1167,383,136,6,,,0.3
2025-11-14 07:55:35,1.17.2,PR1,13,3.8,,7,Left,Left,1168,383,136,6,,,0.23
2025-11-14 07:55:36,1.17.2,PR1,13,3.79,1.0,7,Pellet,Left,1168,383,137,7,0.29,735.0,
2025-11-14 07:57:22,1.17.2,PR1,13,3.8,,8,Right,Left,1168,384,137,7,,,0.21
2025-11-14 07:57:41,1.17.2,PR1,13,3.8,,8,Left,Left,1169,384,137,7,,,0.0
2025-11-14 07:57:48,1.17.2,PR1,13,3.8,,8,Right,Left,1169,385,137,7,,,0.01
2025-11-14 07:57:49,1.17.2,PR1,13,3.8,,8,Right,Left,1169,386,137,7,,,0.26
2025-11-14 07:57:50,1.17.2,PR1,13,3.8,,8,Right,Left,1169,387,137,7,,,0.15
2025-11-14 08:04:52,1.17.2,PR1,13,3.8,,8,Right,Left,1169,388,137,7,,,0.09
2025-11-14 08:09:10,1.17.2,PR1,13,3.8,,8,Left,Left,1170,388,137,7,,,0.04
2025-11-14 08:09:12,1.17.2,PR1,13,3.8,,8,Left,Left,1171,388,137,7,,,0.31
2025-11-14 08:09:33,1.17.2,PR1,13,3.8,,8,Left,Left,1172,388,137,7,,,0.02
2025-11-14 09:00:25,1.17.2,PR1,13,3.8,,1,Left,Left,1173,388,137,0,,,1.68
2025-11-14 09:00:27,1.17.2,PR1,13,3.79,1.0,1,Pellet,Left,1173,388,138,1,1.31,3891.0,
2025-11-14 09:11:29,1.17.2,PR1,13,3.8,,2,Left,Left,1174,388,138,1,,,1.58
2025-11-14 09:11:32,1.17.2,PR1,13,3.8,,2,Left,Left,1175,388,138,1,,,0.57
2025-11-14 09:11:34,1.17.2,PR1,13,3.79,2.0,2,Pellet,Left,1175,388,139,2,0.83,667.0,
2025-11-14 09:19:13,1.17.2,PR1,13,3.8,,3,Left,Left,1176,388,139,2,,,0.54
2025-11-14 09:19:16,1.17.2,PR1,13,3.79,,3,Left,Left,1177,388,139,2,,,0.45
2025-11-14 09:19:21,1.17.2,PR1,13,3.8,,3,Left,Left,1178,388,139,2,,,0.05
2025-11-14 09:19:22,1.17.2,PR1,13,3.79,1.0,3,Pellet,Left,1178,388,140,3,0.29,468.0,
2025-11-14 09:20:32,1.17.2,PR1,13,3.8,,4,Left,Left,1179,388,140,3,,,1.07
2025-11-14 09:20:34,1.17.2,PR1,13,3.8,,4,Left,Left,1180,388,140,3,,,0.73
2025-11-14 09:20:42,1.17.2,PR1,13,3.79,,4,Left,Left,1181,388,140,3,,,1.54
2025-11-14 09:20:47,1.17.2,PR1,13,3.8,,4,Left,Left,1182,388,140,3,,,0.92
2025-11-14 09:20:48,1.17.2,PR1,13,3.79,1.0,4,Pellet,Left,1182,388,141,4,0.23,86.0,
2025-11-14 09:45:47,1.17.2,PR1,13,3.8,,5,Left,Left,1183,388,141,4,,,0.94
2025-11-14 09:45:51,1.17.2,PR1,13,3.79,,5,Left,Left,1184,388,141,4,,,0.19
2025-11-14 09:45:54,1.17.2,PR1,13,3.79,,5,Left,Left,1185,388,141,4,,,0.86
2025-11-14 09:46:08,1.17.2,PR1,13,3.79,,5,Left,Left,1186,388,141,4,,,0.08
2025-11-14 09:46:13,1.17.2,PR1,13,3.8,,5,Left,Left,1187,388,141,4,,,2.41
2025-11-14 09:46:15,1.17.2,PR1,13,3.79,1.0,5,Pellet,Left,1187,388,142,5,0.77,1527.0,
2025-11-14 09:46:35,1.17.2,PR1,13,3.79,,6,Left,Left,1188,388,142,5,,,0.05
2025-11-14 09:46:43,1.17.2,PR1,13,3.79,,6,Left,Left,1189,388,142,5,,,0.13
2025-11-14 09:46:47,1.17.2,PR1,13,3.8,,6,Left,Left,1190,388,142,5,,,1.11
2025-11-14 09:46:50,1.17.2,PR1,13,3.79,,6,Left,Left,1191,388,142,5,,,0.05
2025-11-14 09:46:55,1.17.2,PR1,13,3.79,,6,Left,Left,1192,388,142,5,,,0.09
2025-11-14 09:47:06,1.17.2,PR1,13,3.8,,6,Left,Left,1193,388,142,5,,,0.02
2025-11-14 09:47:10,1.17.2,PR1,13,3.8,1.0,6,Pellet,Left,1193,388,143,6,2.99,55.0,
2025-11-14 10:10:52,1.17.2,PR1,13,3.79,,7,Left,Left,1194,388,143,6,,,0.15
2025-11-14 10:10:54,1.17.2,PR1,13,3.79,,7,Left,Left,1195,388,143,6,,,0.59
2025-11-14 10:10:56,1.17.2,PR1,13,3.79,,7,Left,Left,1196,388,143,6,,,0.57
2025-11-14 10:11:00,1.17.2,PR1,13,3.79,,7,Left,Left,1197,388,143,6,,,0.29
2025-11-14 10:11:28,1.17.2,PR1,13,3.79,,7,Right,Left,1197,389,143,6,,,0.03
2025-11-14 10:12:47,1.17.2,PR1,13,3.79,,7,Right,Left,1197,390,143,6,,,0.28
2025-11-14 10:12:48,1.17.2,PR1,13,3.79,,7,Right,Left,1197,391,143,6,,,0.34
2025-11-14 10:12:50,1.17.2,PR1,13,3.8,,7,Right,Left,1197,392,143,6,,,0.25
2025-11-14 10:12:51,1.17.2,PR1,13,3.79,,7,Right,Left,1197,393,143,6,,,0.3
2025-11-14 10:12:52,1.17.2,PR1,13,3.79,,7,Right,Left,1197,394,143,6,,,0.28
2025-11-14 10:27:59,1.17.2,PR1,13,3.79,,7,Left,Left,1198,394,143,6,,,0.25
2025-11-14 10:28:01,1.17.2,PR1,13,3.8,,7,Left,Left,1199,394,143,6,,,0.38
2025-11-14 10:28:03,1.17.2,PR1,13,3.79,,7,Left,Left,1200,394,143,6,,,0.29
2025-11-14 10:28:04,1.17.2,PR1,13,3.79,1.0,7,Pellet,Left,1200,394,144,7,0.06,2454.0,
2025-11-14 10:28:23,1.17.2,PR1,13,3.79,,8,Left,Left,1201,394,144,7,,,0.17
2025-11-14 10:30:18,1.17.2,PR1,13,3.78,,8,Left,Left,1202,394,144,7,,,0.2
2025-11-14 10:32:39,1.17.2,PR1,13,3.8,,8,Left,Left,1203,394,144,7,,,0.08
2025-11-14 10:32:46,1.17.2,PR1,13,3.8,,8,Left,Left,1204,394,144,7,,,0.16
2025-11-14 10:32:47,1.17.2,PR1,13,3.8,,8,Left,Left,1205,394,144,7,,,0.0
2025-11-14 10:32:48,1.17.2,PR1,13,3.8,,8,Left,Left,1206,394,144,7,,,0.05
2025-11-14 10:35:00,1.17.2,PR1,13,3.8,,8,Left,Left,1207,394,144,7,,,0.03
2025-11-14 11:15:35,1.17.2,PR1,13,3.79,,1,Left,Left,1208,394,144,0,,,0.08
2025-11-14 11:15:41,1.17.2,PR1,13,3.79,1.0,1,Pellet,Left,1208,394,145,1,5.8,2857.0,
2025-11-14 11:16:10,1.17.2,PR1,13,3.79,,2,Left,Left,1209,394,145,1,,,0.66
2025-11-14 11:16:13,1.17.2,PR1,13,3.79,,2,Left,Left,1210,394,145,1,,,0.7
2025-11-14 11:16:13,1.17.2,PR1,13,3.79,,2,LeftDuringDispense,Left,1211,394,145,2,,,0.02
2025-11-14 11:16:17,1.17.2,PR1,13,3.79,2.0,2,Pellet,Left,1211,394,146,2,0.23,35.0,
2025-11-14 11:17:18,1.17.2,PR1,13,3.78,,3,Left,Left,1212,394,146,2,,,0.46
2025-11-14 11:17:23,1.17.2,PR1,13,3.79,,3,Left,Left,1213,394,146,2,,,0.79
2025-11-14 11:17:28,1.17.2,PR1,13,3.79,,3,Left,Left,1214,394,146,2,,,0.12
2025-11-14 11:17:29,1.17.2,PR1,13,3.79,2.0,3,Pellet,Left,1214,394,147,3,0.29,73.0,
2025-11-14 11:18:44,1.17.2,PR1,13,3.79,,4,Left,Left,1215,394,147,3,,,0.8
2025-11-14 11:18:47,1.17.2,PR1,13,3.79,,4,Left,Left,1216,394,147,3,,,1.07
2025-11-14 11:18:50,1.17.2,PR1,13,3.78,,4,Left,Left,1217,394,147,3,,,0.44
2025-11-14 11:32:04,1.17.2,PR1,13,3.78,,4,Left,Left,1218,394,147,3,,,0.79
2025-11-14 11:32:05,1.17.2,PR1,13,3.79,1.0,4,Pellet,Left,1218,394,148,4,0.06,876.0,
2025-11-14 11:32:29,1.17.2,PR1,13,3.78,,5,Left,Left,1219,394,148,4,,,0.09
2025-11-14 11:32:31,1.17.2,PR1,13,3.79,,5,Left,Left,1220,394,148,4,,,0.8
2025-11-14 11:32:36,1.17.2,PR1,13,3.78,,5,Left,Left,1221,394,148,4,,,0.24
2025-11-14 11:32:43,1.17.2,PR1,13,3.79,,5,Left,Left,1222,394,148,4,,,1.49
2025-11-14 11:32:47,1.17.2,PR1,13,3.79,,5,Left,Left,1223,394,148,4,,,1.48
2025-11-14 11:32:49,1.17.2,PR1,13,3.79,1.0,5,Pellet,Left,1223,394,149,5,0.77,44.0,
2025-11-14 11:43:10,1.17.2,PR1,13,3.79,,6,Left,Left,1224,394,149,5,,,1.34
2025-11-14 12:17:57,1.17.2,PR1,13,3.79,,1,Left,Left,1225,394,149,0,,,0.06
2025-11-14 12:17:59,1.17.2,PR1,13,3.78,1.0,1,Pellet,Left,1225,394,150,1,1.13,2709.0,
2025-11-14 12:18:35,1.17.2,PR1,13,3.78,,2,Left,Left,1226,394,150,1,,,0.94
2025-11-14 12:18:36,1.17.2,PR1,13,3.78,,2,Left,Left,1227,394,150,1,,,0.06
2025-11-14 12:18:37,1.17.2,PR1,13,3.78,1.0,2,Pellet,Left,1227,394,151,2,0.06,39.0,
2025-11-14 12:19:00,1.17.2,PR1,13,3.78,,3,Left,Left,1228,394,151,2,,,0.81
2025-11-14 12:19:04,1.17.2,PR1,13,3.79,,3,Left,Left,1229,394,151,2,,,1.52
2025-11-14 12:19:07,1.17.2,PR1,13,3.78,,3,Left,Left,1230,394,151,2,,,0.92
2025-11-14 12:19:08,1.17.2,PR1,13,3.78,1.0,3,Pellet,Left,1230,394,152,3,0.29,31.0,
2025-11-14 12:29:50,1.17.2,PR1,13,3.78,,4,Left,Left,1231,394,152,3,,,0.65
2025-11-14 12:29:55,1.17.2,PR1,13,3.78,,4,Left,Left,1232,394,152,3,,,0.99
2025-11-14 12:29:59,1.17.2,PR1,13,3.78,,4,Left,Left,1233,394,152,3,,,0.86
2025-11-14 12:30:07,1.17.2,PR1,13,3.79,,4,Left,Left,1234,394,152,3,,,0.0
2025-11-14 12:30:08,1.17.2,PR1,13,3.78,1.0,4,Pellet,Left,1234,394,153,4,0.71,660.0,
2025-11-14 12:45:25,1.17.2,PR1,13,3.78,,5,Left,Left,1235,394,153,4,,,0.05
2025-11-14 12:50:42,1.17.2,PR1,13,3.78,,5,Left,Left,1236,394,153,4,,,0.02
2025-11-14 12:50:47,1.17.2,PR1,13,3.78,,5,Left,Left,1237,394,153,4,,,0.82
2025-11-14 12:50:49,1.17.2,PR1,13,3.79,,5,Left,Left,1238,394,153,4,,,0.68
2025-11-14 12:50:50,1.17.2,PR1,13,3.79,,5,Left,Left,1239,394,153,4,,,0.32
2025-11-14 12:50:51,1.17.2,PR1,13,3.78,1.0,5,Pellet,Left,1239,394,154,5,0.29,1243.0,
2025-11-14 13:29:33,1.17.2,PR1,13,3.78,,1,Left,Left,1240,394,154,0,,,0.82
2025-11-14 13:29:35,1.17.2,PR1,13,3.78,1.0,1,Pellet,Left,1240,394,155,1,1.31,2324.0,
2025-11-14 13:45:59,1.17.2,PR1,13,3.78,,2,Left,Left,1241,394,155,1,,,1.17
2025-11-14 13:46:03,1.17.2,PR1,13,3.78,,2,Left,Left,1242,394,155,1,,,1.99
2025-11-14 13:46:03,1.17.2,PR1,13,3.78,1.0,2,Pellet,Left,1242,394,156,2,0.06,988.0,
2025-11-14 13:47:44,1.17.2,PR1,13,3.78,,3,Left,Left,1243,394,156,2,,,0.9
2025-11-14 13:47:53,1.17.2,PR1,13,3.78,,3,Left,Left,1244,394,156,2,,,0.79
2025-11-14 13:49:26,1.17.2,PR1,13,3.78,,3,Left,Left,1245,394,156,2,,,0.16
2025-11-14 13:49:29,1.17.2,PR1,13,3.78,2.0,3,Pellet,Left,1245,394,157,3,0.59,206.0,
2025-11-14 13:50:21,1.17.2,PR1,13,3.78,,4,Left,Left,1246,394,157,3,,,0.1
2025-11-14 13:51:36,1.17.2,PR1,13,3.78,,4,Left,Left,1247,394,157,3,,,0.07
2025-11-14 13:55:07,1.17.2,PR1,13,3.78,,4,Left,Left,1248,394,157,3,,,0.94
2025-11-14 13:55:11,1.17.2,PR1,13,3.78,,4,Left,Left,1249,394,157,3,,,1.6
2025-11-14 13:55:12,1.17.2,PR1,13,3.78,1.0,4,Pellet,Left,1249,394,158,4,0.41,343.0,
2025-11-14 13:56:12,1.17.2,PR1,13,3.78,,5,Left,Left,1250,394,158,4,,,0.69
2025-11-14 13:56:18,1.17.2,PR1,13,3.78,,5,Left,Left,1251,394,158,4,,,0.36
