MM:DD:YYYY hh:mm:ss,Library_Version,Session_Type,Device_Number,Battery_Voltage,Motor_Turns,FR,Event,Active_Poke,Left_Poke_Count,Right_Poke_Count,Pellet_Count,Block_Pellet_Count,Retrieval_Time,InterPelletInterval,Poke_Time
2025-11-12 15:45:45,1.17.2,PR1,6,4.11,,1,Right,Left,0,1,0,0,,,0.21
2025-11-12 15:46:30,1.17.2,PR1,6,4.11,,1,Left,Left,1,1,0,0,,,0.19
2025-11-12 15:46:36,1.17.2,PR1,6,4.11,4.0,1,Pellet,Left,1,1,1,1,0.47,,
2025-11-12 15:52:09,1.17.2,PR1,6,4.11,,2,Right,Left,1,2,1,1,,,0.11
2025-11-12 15:54:29,1.17.2,PR1,6,4.11,,2,Right,Left,1,3,1,1,,,0.07
2025-11-12 15:54:47,1.17.2,PR1,6,4.11,,2,Right,Left,1,4,1,1,,,0.02
2025-11-12 15:54:53,1.17.2,PR1,6,4.1,,2,Left,Left,2,4,1,1,,,0.21
2025-11-12 16:01:23,1.17.2,PR1,6,4.11,,2,Right,Left,2,5,1,1,,,0.05
2025-11-12 16:02:39,1.17.2,PR1,6,4.11,,2,Left,Left,3,5,1,1,,,0.16
2025-11-12 16:02:41,1.17.2,PR1,6,4.11,2.0,2,Pellet,Left,3,5,2,2,0.35,965.0,
2025-11-12 16:02:46,1.17.2,PR1,6,4.1,,3,Left,Left,4,5,2,2,,,0.15
2025-11-12 16:02:48,1.17.2,PR1,6,4.11,,3,Left,Left,5,5,2,2,,,0.03
2025-11-12 16:02:50,1.17.2,PR1,6,4.11,,3,Left,Left,6,5,2,2,,,0.19
2025-11-12 16:07:09,1.17.2,PR1,6,4.11,2.0,3,Pellet,Left,6,5,3,3,,268.0,
2025-11-12 17:44:19,1.17.2,PR1,6,4.11,,1,Right,Left,6,6,3,0,,,0.48
2025-11-12 17:44:21,1.17.2,PR1,6,4.11,,1,Right,Left,6,7,3,0,,,0.87
2025-11-12 17:44:28,1.17.2,PR1,6,4.11,,1,Right,Left,6,8,3,0,,,0.51
2025-11-12 17:44:39,1.17.2,PR1,6,4.11,,1,Left,Left,7,8,3,0,,,0.11
2025-11-12 17:44:40,1.17.2,PR1,6,4.11,1.0,1,Pellet,Left,7,8,4,1,0.35,5851.0,
2025-11-12 17:44:50,1.17.2,PR1,6,4.11,,2,Left,Left,8,8,4,1,,,0.1
2025-11-12 17:44:53,1.17.2,PR1,6,4.11,,2,Left,Left,9,8,4,1,,,0.88
2025-11-12 17:44:54,1.17.2,PR1,6,4.11,1.0,2,Pellet,Left,9,8,5,2,0.12,14.0,
2025-11-12 17:45:10,1.17.2,PR1,6,4.11,,3,Left,Left,10,8,5,2,,,0.03
2025-11-12 17:45:11,1.17.2,PR1,6,4.1,,3,Left,Left,11,8,5,2,,,0.23
2025-11-12 17:45:13,1.17.2,PR1,6,4.11,,3,Left,Left,12,8,5,2,,,0.27
2025-11-12 17:45:14,1.17.2,PR1,6,4.11,2.0,3,Pellet,Left,12,8,6,3,0.11,20.0,
2025-11-12 17:45:32,1.17.2,PR1,6,4.11,,4,Left,Left,13,8,6,3,,,0.81
2025-11-12 17:45:34,1.17.2,PR1,6,4.11,,4,Left,Left,14,8,6,3,,,0.33
2025-11-12 17:45:41,1.17.2,PR1,6,4.11,,4,Left,Left,15,8,6,3,,,0.12
2025-11-12 18:04:13,1.17.2,PR1,6,4.1,,4,Right,Left,15,9,6,3,,,0.14
2025-11-12 18:04:19,1.17.2,PR1,6,4.11,,4,Right,Left,15,10,6,3,,,0.38
2025-11-12 18:04:21,1.17.2,PR1,6,4.11,,4,Right,Left,15,11,6,3,,,0.14
2025-11-12 18:04:22,1.17.2,PR1,6,4.1,,4,Right,Left,15,12,6,3,,,0.3
2025-11-12 18:06:19,1.17.2,PR1,6,4.11,,4,Left,Left,16,12,6,3,,,0.32
2025-11-12 18:06:20,1.17.2,PR1,6,4.1,1.0,4,Pellet,Left,16,12,7,4,0.29,1266.0,
2025-11-12 18:06:33,1.17.2,PR1,6,4.11,,5,Left,Left,17,12,7,4,,,0.13
2025-11-12 18:06:36,1.17.2,PR1,6,4.11,,5,Left,Left,18,12,7,4,,,0.04
2025-11-12 18:06:50,1.17.2,PR1,6,4.11,,5,Right,Left,18,13,7,4,,,0.27
2025-11-12 18:18:01,1.17.2,PR1,6,4.11,,5,Left,Left,19,13,7,4,,,0.5
2025-11-12 18:18:08,1.17.2,PR1,6,4.1,,5,Right,Left,19,14,7,4,,,0.21
2025-11-12 18:18:09,1.17.2,PR1,6,4.11,,5,Right,Left,19,15,7,4,,,0.1
2025-11-12 18:19:41,1.17.2,PR1,6,4.11,,5,Right,Left,19,16,7,4,,,0.01
2025-11-12 18:19:42,1.17.2,PR1,6,4.1,,5,Right,Left,19,17,7,4,,,0.08
2025-11-12 18:19:46,1.17.2,PR1,6,4.11,,5,Right,Left,19,18,7,4,,,0.02
2025-11-12 18:20:23,1.17.2,PR1,6,4.11,,5,Left,Left,20,18,7,4,,,0.11
2025-11-12 18:20:30,1.17.2,PR1,6,4.11,,5,Left,Left,21,18,7,4,,,0.1
2025-11-12 18:20:31,1.17.2,PR1,6,4.1,2.0,5,Pellet,Left,21,18,8,5,0.06,851.0,
2025-11-12 18:20:37,1.17.2,PR1,6,4.11,,6,Left,Left,22,18,8,5,,,0.02
2025-11-12 18:20:38,1.17.2,PR1,6,4.11,,6,Left,Left,23,18,8,5,,,0.14
2025-11-12 18:22:35,1.17.2,PR1,6,4.1,,6,Left,Left,24,18,8,5,,,0.06
2025-11-12 18:30:32,1.17.2,PR1,6,4.1,,6,Left,Left,25,18,8,5,,,0.03
2025-11-12 18:30:34,1.17.2,PR1,6,4.1,,6,Left,Left,26,18,8,5,,,0.03
2025-11-12 18:30:35,1.17.2,PR1,6,4.11,,6,Left,Left,27,18,8,5,,,0.2
2025-11-12 18:30:36,1.17.2,PR1,6,4.1,1.0,6,Pellet,Left,27,18,9,6,0.29,605.0,
2025-11-12 18:30:47,1.17.2,PR1,6,4.11,,7,Left,Left,28,18,9,6,,,0.03
2025-11-12 18:30:48,1.17.2,PR1,6,4.11,,7,Left,Left,29,18,9,6,,,0.15
2025-11-12 18:30:48,1.17.2,PR1,6,4.11,,7,Left,Left,30,18,9,6,,,0.0
2025-11-12 18:30:52,1.17.2,PR1,6,4.1,,7,Left,Left,31,18,9,6,,,0.06
2025-11-12 18:30:54,1.17.2,PR1,6,4.1,,7,Left,Left,32,18,9,6,,,0.23
2025-11-12 18:31:05,1.17.2,PR1,6,4.1,,7,Right,Left,32,19,9,6,,,0.04
2025-11-12 18:31:07,1.17.2,PR1,6,4.1,,7,Right,Left,32,20,9,6,,,0.25
2025-11-12 18:31:49,1.17.2,PR1,6,4.1,,7,Right,Left,32,21,9,6,,,0.04
2025-11-12 18:38:45,1.17.2,PR1,6,4.11,,7,Left,Left,33,21,9,6,,,0.22
2025-11-12 18:39:47,1.17.2,PR1,6,4.1,,7,Left,Left,34,21,9,6,,,0.02
2025-11-12 18:39:48,1.17.2,PR1,6,4.11,1.0,7,Pellet,Left,34,21,10,7,0.65,552.0,
2025-11-12 18:44:06,1.17.2,PR1,6,4.1,,8,Left,Left,35,21,10,7,,,0.22
2025-11-12 18:47:41,1.17.2,PR1,6,4.11,,8,Left,Left,36,21,10,7,,,0.03
2025-11-12 18:47:42,1.17.2,PR1,6,4.11,,8,Left,Left,37,21,10,7,,,0.12
2025-11-12 18:51:40,1.17.2,PR1,6,4.11,,8,Left,Left,38,21,10,7,,,0.11
2025-11-12 18:51:43,1.17.2,PR1,6,4.1,,8,Right,Left,38,22,10,7,,,0.22
2025-11-12 18:51:47,1.17.2,PR1,6,4.1,,8,Right,Left,38,23,10,7,,,0.08
2025-11-12 18:53:28,1.17.2,PR1,6,4.1,,8,Right,Left,38,24,10,7,,,0.05
2025-11-12 18:59:07,1.17.2,PR1,6,4.11,,8,Left,Left,39,24,10,7,,,0.01
2025-11-12 18:59:59,1.17.2,PR1,6,4.11,,8,Right,Left,39,25,10,7,,,0.28
2025-11-12 19:00:00,1.17.2,PR1,6,4.11,,8,Right,Left,39,26,10,7,,,0.13
2025-11-12 19:00:14,1.17.2,PR1,6,4.11,,8,Left,Left,40,26,10,7,,,0.22
2025-11-12 19:09:13,1.17.2,PR1,6,4.1,,8,Left,Left,41,26,10,7,,,0.23
2025-11-12 19:10:06,1.17.2,PR1,6,4.11,,8,Left,Left,42,26,10,7,,,0.28
2025-11-12 19:10:07,1.17.2,PR1,6,4.1,2.0,8,Pellet,Left,42,26,11,8,0.06,1819.0,
2025-11-12 19:10:20,1.17.2,PR1,6,4.1,,9,Left,Left,43,26,11,8,,,0.02
2025-11-12 19:12:14,1.17.2,PR1,6,4.11,,9,Left,Left,44,26,11,8,,,0.09
2025-11-12 19:12:22,1.17.2,PR1,6,4.1,,9,Left,Left,45,26,11,8,,,0.04
2025-11-12 19:12:23,1.17.2,PR1,6,4.11,,9,Left,Left,46,26,11,8,,,0.06
2025-11-12 19:13:16,1.17.2,PR1,6,4.1,,9,Right,Left,46,27,11,8,,,0.13
2025-11-12 19:17:16,1.17.2,PR1,6,4.11,,9,Right,Left,46,28,11,8,,,0.02
2025-11-12 19:17:20,1.17.2,PR1,6,4.1,,9,Right,Left,46,29,11,8,,,0.07
2025-11-12 19:17:22,1.17.2,PR1,6,4.1,,9,Right,Left,46,30,11,8,,,0.58
2025-11-12 19:17:23,1.17.2,PR1,6,4.1,,9,Right,Left,46,31,11,8,,,0.11
2025-11-12 19:17:25,1.17.2,PR1,6,4.11,,9,Right,Left,46,32,11,8,,,0.03
2025-11-12 19:17:26,1.17.2,PR1,6,4.11,,9,Right,Left,46,33,11,8,,,0.46
2025-11-12 19:17:29,1.17.2,PR1,6,4.1,,9,Right,Left,46,34,11,8,,,0.03
2025-11-12 19:17:32,1.17.2,PR1,6,4.11,,9,Left,Left,47,34,11,8,,,0.17
2025-11-12 19:17:36,1.17.2,PR1,6,4.1,,9,Right,Left,47,35,11,8,,,0.31
2025-11-12 19:34:20,1.17.2,PR1,6,4.1,,9,Left,Left,48,35,11,8,,,0.12
2025-11-12 19:39:12,1.17.2,PR1,6,4.11,,9,Right,Left,48,36,11,8,,,0.71
2025-11-12 19:39:14,1.17.2,PR1,6,4.11,,9,Right,Left,48,37,11,8,,,1.52
2025-11-12 19:43:52,1.17.2,PR1,6,4.1,,9,Left,Left,49,37,11,8,,,0.12
2025-11-12 19:55:23,1.17.2,PR1,6,4.11,,9,Left,Left,50,37,11,8,,,0.09
2025-11-12 19:55:27,1.17.2,PR1,6,4.1,,9,Left,Left,51,37,11,8,,,0.59
2025-11-12 19:55:28,1.17.2,PR1,6,4.1,1.0,9,Pellet,Left,51,37,12,9,0.47,2721.0,
2025-11-12 19:55:46,1.17.2,PR1,6,4.1,,10,Left,Left,52,37,12,9,,,0.19
2025-11-12 19:55:50,1.17.2,PR1,6,4.11,,10,Left,Left,53,37,12,9,,,0.49
2025-11-12 19:55:55,1.17.2,PR1,6,4.1,,10,Left,Left,54,37,12,9,,,0.21
2025-11-12 19:55:59,1.17.2,PR1,6,4.1,,10,Left,Left,55,37,12,9,,,0.15
2025-11-12 19:56:09,1.17.2,PR1,6,4.11,,10,Left,Left,56,37,12,9,,,0.17
2025-11-12 19:56:12,1.17.2,PR1,6,4.1,,10,Left,Left,57,37,12,9,,,0.08
2025-11-12 19:56:14,1.17.2,PR1,6,4.1,,10,Right,Left,57,38,12,9,,,0.54
2025-11-12 19:56:15,1.17.2,PR1,6,4.1,,10,Right,Left,57,39,12,9,,,0.19
2025-11-12 19:56:16,1.17.2,PR1,6,4.1,,10,Right,Left,57,40,12,9,,,0.37
2025-11-12 19:56:18,1.17.2,PR1,6,4.1,,10,Right,Left,57,41,12,9,,,0.32
2025-11-12 20:07:27,1.17.2,PR1,6,4.1,,10,Right,Left,57,42,12,9,,,0.07
2025-11-12 20:07:27,1.17.2,PR1,6,4.1,,10,Right,Left,57,43,12,9,,,0.0
2025-11-12 20:07:29,1.17.2,PR1,6,4.09,,10,Right,Left,57,44,12,9,,,1.11
2025-11-12 20:07:31,1.17.2,PR1,6,4.1,,10,Right,Left,57,45,12,9,,,1.0
2025-11-12 20:07:33,1.17.2,PR1,6,4.09,,10,Right,Left,57,46,12,9,,,0.5
2025-11-12 20:07:35,1.17.2,PR1,6,4.1,,10,Right,Left,57,47,12,9,,,0.33
2025-11-12 20:07:36,1.17.2,PR1,6,4.1,,10,Right,Left,57,48,12,9,,,0.24
2025-11-12 20:07:43,1.17.2,PR1,6,4.1,,10,Left,Left,58,48,12,9,,,0.16
2025-11-12 20:07:45,1.17.2,PR1,6,4.1,,10,Left,Left,59,48,12,9,,,0.3
2025-11-12 20:07:47,1.17.2,PR1,6,4.1,,10,Left,Left,60,48,12,9,,,0.02
2025-11-12 20:07:48,1.17.2,PR1,6,4.1,,10,Left,Left,61,48,12,9,,,0.24
2025-11-12 20:07:49,1.17.2,PR1,6,4.1,,10,LeftWithPellet,Left,62,48,12,10,,,0.09
2025-11-12 20:07:50,1.17.2,PR1,6,4.1,1.0,10,Pellet,Left,62,48,13,10,1.23,742.0,
2025-11-12 20:08:05,1.17.2,PR1,6,4.1,,11,Left,Left,63,48,13,10,,,0.05
2025-11-12 20:08:12,1.17.2,PR1,6,4.1,,11,Right,Left,63,49,13,10,,,0.0
2025-11-12 20:08:16,1.17.2,PR1,6,4.1,,11,Right,Left,63,50,13,10,,,0.31
2025-11-12 20:08:17,1.17.2,PR1,6,4.1,,11,Right,Left,63,51,13,10,,,0.18
2025-11-12 20:08:20,1.17.2,PR1,6,4.1,,11,Left,Left,64,51,13,10,,,0.27
2025-11-12 20:08:23,1.17.2,PR1,6,4.1,,11,Left,Left,65,51,13,10,,,0.06
2025-11-12 20:08:24,1.17.2,PR1,6,4.1,,11,Left,Left,66,51,13,10,,,0.08
2025-11-12 20:08:24,1.17.2,PR1,6,4.1,,11,Left,Left,67,51,13,10,,,0.0
2025-11-12 20:08:28,1.17.2,PR1,6,4.1,,11,Left,Left,68,51,13,10,,,0.29
2025-11-12 20:08:29,1.17.2,PR1,6,4.1,,11,Left,Left,69,51,13,10,,,0.0
2025-11-12 20:08:30,1.17.2,PR1,6,4.1,,11,Left,Left,70,51,13,10,,,0.53
2025-11-12 20:08:33,1.17.2,PR1,6,4.1,,11,Left,Left,71,51,13,10,,,0.09
2025-11-12 20:08:34,1.17.2,PR1,6,4.1,,11,Left,Left,72,51,13,10,,,0.09
2025-11-12 20:08:36,1.17.2,PR1,6,4.1,,11,Left,Left,73,51,13,10,,,0.21
2025-11-12 20:08:37,1.17.2,PR1,6,4.1,1.0,11,Pellet,Left,73,51,14,11,0.17,47.0,
2025-11-12 20:08:54,1.17.2,PR1,6,4.1,,12,Left,Left,74,51,14,11,,,0.14
2025-11-12 20:08:56,1.17.2,PR1,6,4.1,,12,Left,Left,75,51,14,11,,,0.23
2025-11-12 20:09:00,1.17.2,PR1,6,4.1,,12,Left,Left,76,51,14,11,,,0.13
2025-11-12 20:09:02,1.17.2,PR1,6,4.1,,12,Left,Left,77,51,14,11,,,0.31
2025-11-12 20:09:04,1.17.2,PR1,6,4.1,,12,Right,Left,77,52,14,11,,,0.27
2025-11-12 20:19:00,1.17.2,PR1,6,4.09,,12,Right,Left,77,53,14,11,,,0.3
2025-11-12 20:19:01,1.17.2,PR1,6,4.1,,12,Right,Left,77,54,14,11,,,0.69
2025-11-12 20:19:07,1.17.2,PR1,6,4.1,,12,Right,Left,77,55,14,11,,,0.41
2025-11-12 20:19:09,1.17.2,PR1,6,4.1,,12,Right,Left,77,56,14,11,,,0.35
2025-11-12 20:19:12,1.17.2,PR1,6,4.1,,12,Right,Left,77,57,14,11,,,0.8
2025-11-12 20:19:13,1.17.2,PR1,6,4.09,,12,Right,Left,77,58,14,11,,,0.23
2025-11-12 20:19:18,1.17.2,PR1,6,4.1,,12,Left,Left,78,58,14,11,,,0.47
2025-11-12 20:19:19,1.17.2,PR1,6,4.09,,12,Left,Left,79,58,14,11,,,0.03
2025-11-12 20:19:20,1.17.2,PR1,6,4.1,,12,Left,Left,80,58,14,11,,,0.29
2025-11-12 20:20:25,1.17.2,PR1,6,4.1,,12,Left,Left,81,58,14,11,,,0.08
2025-11-12 20:20:26,1.17.2,PR1,6,4.1,,12,Left,Left,82,58,14,11,,,0.01
2025-11-12 20:20:27,1.17.2,PR1,6,4.1,,12,Left,Left,83,58,14,11,,,0.19
2025-11-12 20:20:29,1.17.2,PR1,6,4.1,,12,Left,Left,84,58,14,11,,,0.35
2025-11-12 20:20:32,1.17.2,PR1,6,4.1,,12,Right,Left,84,59,14,11,,,0.09
2025-11-12 20:20:32,1.17.2,PR1,6,4.09,,12,Right,Left,84,60,14,11,,,0.0
2025-11-12 20:20:37,1.17.2,PR1,6,4.1,,12,Left,Left,85,60,14,11,,,0.45
2025-11-12 20:20:38,1.17.2,PR1,6,4.09,1.0,12,Pellet,Left,85,60,15,12,0.17,721.0,
2025-11-12 20:20:52,1.17.2,PR1,6,4.09,,13,Left,Left,86,60,15,12,,,0.06
2025-11-12 20:20:54,1.17.2,PR1,6,4.09,,13,Left,Left,87,60,15,12,,,0.89
2025-11-12 20:21:03,1.17.2,PR1,6,4.09,,13,Left,Left,88,60,15,12,,,0.9
2025-11-12 20:21:05,1.17.2,PR1,6,4.09,,13,Left,Left,89,60,15,12,,,0.57
2025-11-12 20:21:11,1.17.2,PR1,6,4.09,,13,Left,Left,90,60,15,12,,,0.29
2025-11-12 20:21:13,1.17.2,PR1,6,4.1,,13,Left,Left,91,60,15,12,,,0.14
2025-11-12 20:21:19,1.17.2,PR1,6,4.1,,13,Right,Left,91,61,15,12,,,0.27
2025-11-12 20:23:50,1.17.2,PR1,6,4.09,,13,Left,Left,92,61,15,12,,,0.09
2025-11-12 20:23:50,1.17.2,PR1,6,4.11,,13,Left,Left,93,61,15,12,,,0.02
2025-11-12 20:24:01,1.17.2,PR1,6,4.1,,13,Right,Left,93,62,15,12,,,0.07
2025-11-12 20:24:03,1.17.2,PR1,6,4.1,,13,Right,Left,93,63,15,12,,,0.25
2025-11-12 20:25:09,1.17.2,PR1,6,4.11,,13,Left,Left,94,63,15,12,,,0.17
2025-11-12 20:26:50,1.17.2,PR1,6,4.1,,13,Right,Left,94,64,15,12,,,0.11
2025-11-12 20:26:55,1.17.2,PR1,6,4.1,,13,Right,Left,94,65,15,12,,,0.0
2025-11-12 20:27:46,1.17.2,PR1,6,4.1,,13,Left,Left,95,65,15,12,,,0.07
2025-11-12 20:27:48,1.17.2,PR1,6,4.1,,13,Left,Left,96,65,15,12,,,0.11
2025-11-12 20:27:54,1.17.2,PR1,6,4.1,,13,Right,Left,96,66,15,12,,,0.15
2025-11-12 20:27:54,1.17.2,PR1,6,4.1,,13,Right,Left,96,67,15,12,,,0.0
2025-11-12 20:27:56,1.17.2,PR1,6,4.1,,13,Right,Left,96,68,15,12,,,0.41
2025-11-12 20:28:00,1.17.2,PR1,6,4.1,,13,Left,Left,97,68,15,12,,,0.45
2025-11-12 20:28:00,1.17.2,PR1,6,4.1,,13,Left,Left,98,68,15,12,,,0.08
2025-11-12 20:28:02,1.17.2,PR1,6,4.1,1.0,13,Pellet,Left,98,68,16,13,0.77,444.0,
2025-11-12 20:28:13,1.17.2,PR1,6,4.1,,14,Right,Left,98,69,16,13,,,0.22
2025-11-12 20:28:14,1.17.2,PR1,6,4.1,,14,Right,Left,98,70,16,13,,,0.25
2025-11-12 20:28:16,1.17.2,PR1,6,4.1,,14,Right,Left,98,71,16,13,,,0.53
2025-11-12 20:28:18,1.17.2,PR1,6,4.1,,14,Right,Left,98,72,16,13,,,0.1
2025-11-12 20:28:23,1.17.2,PR1,6,4.09,,14,Left,Left,99,72,16,13,,,0.11
2025-11-12 20:28:23,1.17.2,PR1,6,4.1,,14,Left,Left,100,72,16,13,,,0.19
2025-11-12 20:28:26,1.17.2,PR1,6,4.1,,14,Right,Left,100,73,16,13,,,0.04
2025-11-12 20:28:27,1.17.2,PR1,6,4.1,,14,Right,Left,100,74,16,13,,,0.23
2025-11-12 20:38:16,1.17.2,PR1,6,4.1,,14,Left,Left,101,74,16,13,,,0.04
2025-11-12 20:38:17,1.17.2,PR1,6,4.1,,14,Left,Left,102,74,16,13,,,0.2
2025-11-12 21:03:59,1.17.2,PR1,6,4.1,,14,Left,Left,103,74,16,13,,,0.3
2025-11-12 21:04:07,1.17.2,PR1,6,4.1,,14,Left,Left,104,74,16,13,,,0.03
2025-11-12 21:04:08,1.17.2,PR1,6,4.1,,14,Left,Left,105,74,16,13,,,0.5
2025-11-12 21:04:18,1.17.2,PR1,6,4.1,,14,Right,Left,105,75,16,13,,,0.58
2025-11-12 21:04:21,1.17.2,PR1,6,4.1,,14,Right,Left,105,76,16,13,,,0.48
2025-11-12 21:04:22,1.17.2,PR1,6,4.09,,14,Right,Left,105,77,16,13,,,0.34
2025-11-12 21:04:24,1.17.2,PR1,6,4.1,,14,Right,Left,105,78,16,13,,,0.33
2025-11-12 21:05:19,1.17.2,PR1,6,4.1,,14,Left,Left,106,78,16,13,,,0.06
2025-11-12 21:05:20,1.17.2,PR1,6,4.1,,14,Left,Left,107,78,16,13,,,0.17
2025-11-12 21:05:23,1.17.2,PR1,6,4.09,,14,Left,Left,108,78,16,13,,,0.03
2025-11-12 21:05:24,1.17.2,PR1,6,4.1,,14,Left,Left,109,78,16,13,,,0.12
2025-11-12 21:15:00,1.17.2,PR1,6,4.1,,14,Left,Left,110,78,16,13,,,0.34
2025-11-12 21:15:03,1.17.2,PR1,6,4.1,,14,Left,Left,111,78,16,13,,,0.34
2025-11-12 21:15:04,1.17.2,PR1,6,4.1,,14,Left,Left,112,78,16,13,,,0.31
2025-11-12 21:15:05,1.17.2,PR1,6,4.1,1.0,14,Pellet,Left,112,78,17,14,0.17,2823.0,
2025-11-12 21:15:13,1.17.2,PR1,6,4.1,,15,Left,Left,113,78,17,14,,,0.16
2025-11-12 21:15:14,1.17.2,PR1,6,4.1,,15,Left,Left,114,78,17,14,,,0.65
2025-11-12 21:15:20,1.17.2,PR1,6,4.09,,15,Left,Left,115,78,17,14,,,0.04
2025-11-12 21:15:22,1.17.2,PR1,6,4.09,,15,Left,Left,116,78,17,14,,,0.56
2025-11-12 21:15:23,1.17.2,PR1,6,4.1,,15,Left,Left,117,78,17,14,,,0.46
2025-11-12 21:15:26,1.17.2,PR1,6,4.09,,15,Left,Left,118,78,17,14,,,0.6
2025-11-12 21:15:28,1.17.2,PR1,6,4.1,,15,Left,Left,119,78,17,14,,,0.0
2025-11-12 21:15:29,1.17.2,PR1,6,4.09,,15,Left,Left,120,78,17,14,,,0.6
2025-11-12 21:15:32,1.17.2,PR1,6,4.1,,15,Left,Left,121,78,17,14,,,0.19
2025-11-12 21:15:35,1.17.2,PR1,6,4.1,,15,Right,Left,121,79,17,14,,,0.33
2025-11-12 21:15:36,1.17.2,PR1,6,4.09,,15,Right,Left,121,80,17,14,,,0.6
2025-11-12 21:15:37,1.17.2,PR1,6,4.1,,15,Right,Left,121,81,17,14,,,0.0
2025-11-12 21:15:38,1.17.2,PR1,6,4.1,,15,Right,Left,121,82,17,14,,,0.26
2025-11-12 21:15:39,1.17.2,PR1,6,4.09,,15,Right,Left,121,83,17,14,,,0.15
2025-11-12 21:15:45,1.17.2,PR1,6,4.1,,15,Left,Left,122,83,17,14,,,0.1
2025-11-12 21:15:46,1.17.2,PR1,6,4.1,,15,Left,Left,123,83,17,14,,,0.24
2025-11-12 21:15:48,1.17.2,PR1,6,4.1,,15,Right,Left,123,84,17,14,,,0.3
2025-11-12 21:15:49,1.17.2,PR1,6,4.1,,15,Right,Left,123,85,17,14,,,0.0
2025-11-12 21:15:50,1.17.2,PR1,6,4.1,,15,Right,Left,123,86,17,14,,,0.22
2025-11-12 21:15:52,1.17.2,PR1,6,4.1,,15,Right,Left,123,87,17,14,,,0.22
2025-11-12 21:15:53,1.17.2,PR1,6,4.1,,15,Right,Left,123,88,17,14,,,0.1
2025-11-12 21:18:13,1.17.2,PR1,6,4.1,,15,Right,Left,123,89,17,14,,,0.69
2025-11-12 21:18:14,1.17.2,PR1,6,4.09,,15,Right,Left,123,90,17,14,,,0.41
2025-11-12 21:18:19,1.17.2,PR1,6,4.1,,15,Right,Left,123,91,17,14,,,0.02
2025-11-12 21:18:22,1.17.2,PR1,6,4.1,,15,Right,Left,123,92,17,14,,,0.09
2025-11-12 21:18:24,1.17.2,PR1,6,4.09,,15,Left,Left,124,92,17,14,,,0.1
2025-11-12 21:18:25,1.17.2,PR1,6,4.09,,15,Left,Left,125,92,17,14,,,0.35
2025-11-12 21:24:39,1.17.2,PR1,6,4.1,,15,Right,Left,125,93,17,14,,,0.04
2025-11-12 21:24:40,1.17.2,PR1,6,4.09,,15,Right,Left,125,94,17,14,,,0.08
2025-11-12 21:24:43,1.17.2,PR1,6,4.1,,15,Left,Left,126,94,17,14,,,0.1
2025-11-12 21:28:44,1.17.2,PR1,6,4.1,,15,Right,Left,126,95,17,14,,,0.1
2025-11-12 21:31:54,1.17.2,PR1,6,4.09,,15,Left,Left,127,95,17,14,,,0.01
2025-11-12 21:31:55,1.17.2,PR1,6,4.1,1.0,15,Pellet,Left,127,95,18,15,0.17,1010.0,
2025-11-12 21:32:04,1.17.2,PR1,6,4.1,,16,Left,Left,128,95,18,15,,,0.28
2025-11-12 21:32:05,1.17.2,PR1,6,4.1,,16,Left,Left,129,95,18,15,,,0.16
2025-11-12 21:32:08,1.17.2,PR1,6,4.09,,16,Left,Left,130,95,18,15,,,0.06
2025-11-12 21:33:02,1.17.2,PR1,6,4.1,,16,Right,Left,130,96,18,15,,,0.01
2025-11-12 21:33:05,1.17.2,PR1,6,4.1,,16,Right,Left,130,97,18,15,,,0.37
2025-11-12 21:33:08,1.17.2,PR1,6,4.1,,16,Left,Left,131,97,18,15,,,0.03
2025-11-12 21:40:27,1.17.2,PR1,6,4.1,,16,Left,Left,132,97,18,15,,,0.33
2025-11-12 21:40:49,1.17.2,PR1,6,4.09,,16,Right,Left,132,98,18,15,,,0.02
2025-11-12 21:40:50,1.17.2,PR1,6,4.09,,16,Right,Left,132,99,18,15,,,0.39
2025-11-12 21:40:52,1.17.2,PR1,6,4.09,,16,Right,Left,132,100,18,15,,,0.31
2025-11-12 21:40:53,1.17.2,PR1,6,4.09,,16,Right,Left,132,101,18,15,,,0.05
2025-11-12 21:40:55,1.17.2,PR1,6,4.09,,16,Left,Left,133,101,18,15,,,0.01
2025-11-12 21:42:18,1.17.2,PR1,6,4.09,,16,Right,Left,133,102,18,15,,,0.23
2025-11-12 21:42:19,1.17.2,PR1,6,4.1,,16,Right,Left,133,103,18,15,,,0.22
2025-11-12 21:42:51,1.17.2,PR1,6,4.09,,16,Left,Left,134,103,18,15,,,0.08
2025-11-12 21:42:52,1.17.2,PR1,6,4.1,,16,Left,Left,135,103,18,15,,,0.08
2025-11-12 21:44:40,1.17.2,PR1,6,4.09,,16,Right,Left,135,104,18,15,,,0.09
2025-11-12 21:44:40,1.17.2,PR1,6,4.1,,16,Right,Left,135,105,18,15,,,0.06
2025-11-12 21:47:48,1.17.2,PR1,6,4.09,,16,Left,Left,136,105,18,15,,,0.11
2025-11-12 21:47:49,1.17.2,PR1,6,4.09,,16,Left,Left,137,105,18,15,,,0.34
2025-11-12 21:47:51,1.17.2,PR1,6,4.09,,16,Left,Left,138,105,18,15,,,0.11
2025-11-12 21:47:52,1.17.2,PR1,6,4.1,,16,Left,Left,139,105,18,15,,,0.17
2025-11-12 21:56:25,1.17.2,PR1,6,4.09,,16,Right,Left,139,106,18,15,,,0.06
2025-11-12 21:59:49,1.17.2,PR1,6,4.09,,16,Right,Left,139,107,18,15,,,0.05
2025-11-12 22:00:03,1.17.2,PR1,6,4.1,,16,Left,Left,140,107,18,15,,,0.17
2025-11-12 22:00:05,1.17.2,PR1,6,4.1,,16,Left,Left,141,107,18,15,,,0.18
2025-11-12 22:03:35,1.17.2,PR1,6,4.1,,16,Right,Left,141,108,18,15,,,0.11
2025-11-12 22:03:37,1.17.2,PR1,6,4.1,,16,Right,Left,141,109,18,15,,,0.14
2025-11-12 22:03:38,1.17.2,PR1,6,4.1,,16,Left,Left,142,109,18,15,,,0.07
2025-11-12 22:03:40,1.17.2,PR1,6,4.1,,16,Left,Left,143,109,18,15,,,0.08
2025-11-12 22:03:42,1.17.2,PR1,6,4.1,1.0,16,Pellet,Left,143,109,19,16,0.47,1907.0,
2025-11-12 22:03:51,1.17.2,PR1,6,4.1,,17,Left,Left,144,109,19,16,,,0.08
2025-11-12 22:03:55,1.17.2,PR1,6,4.09,,17,Left,Left,145,109,19,16,,,0.01
2025-11-12 22:03:58,1.17.2,PR1,6,4.09,,17,Left,Left,146,109,19,16,,,0.09
2025-11-12 22:03:59,1.17.2,PR1,6,4.1,,17,Left,Left,147,109,19,16,,,0.1
2025-11-12 22:04:01,1.17.2,PR1,6,4.09,,17,Left,Left,148,109,19,16,,,0.07
2025-11-12 22:05:48,1.17.2,PR1,6,4.09,,17,Right,Left,148,110,19,16,,,0.02
2025-11-12 22:05:54,1.17.2,PR1,6,4.1,,17,Right,Left,148,111,19,16,,,0.0
2025-11-12 22:26:37,1.17.2,PR1,6,4.09,,17,Right,Left,148,112,19,16,,,0.0
2025-11-12 22:35:41,1.17.2,PR1,6,4.09,,1,Left,Left,149,112,19,0,,,0.32
2025-11-12 22:35:43,1.17.2,PR1,6,4.1,1.0,1,Pellet,Left,149,112,20,1,0.41,1921.0,
2025-11-12 22:35:53,1.17.2,PR1,6,4.09,,2,Left,Left,150,112,20,1,,,0.08
2025-11-12 22:35:54,1.17.2,PR1,6,4.09,,2,Left,Left,151,112,20,1,,,0.14
2025-11-12 22:35:55,1.17.2,PR1,6,4.09,1.0,2,Pellet,Left,151,112,21,2,0.35,12.0,
2025-11-12 22:36:04,1.17.2,PR1,6,4.1,,3,Left,Left,152,112,21,2,,,0.08
2025-11-12 22:36:07,1.17.2,PR1,6,4.09,,3,Left,Left,153,112,21,2,,,0.47
2025-11-12 22:36:08,1.17.2,PR1,6,4.1,,3,Left,Left,154,112,21,2,,,0.2
2025-11-12 22:36:09,1.17.2,PR1,6,4.09,1.0,3,Pellet,Left,154,112,22,3,0.41,14.0,
2025-11-12 22:36:20,1.17.2,PR1,6,4.09,,4,Left,Left,155,112,22,3,,,0.17
2025-11-12 22:36:22,1.17.2,PR1,6,4.1,,4,Left,Left,156,112,22,3,,,0.33
2025-11-12 22:36:23,1.17.2,PR1,6,4.09,,4,Left,Left,157,112,22,3,,,0.09
2025-11-12 22:36:32,1.17.2,PR1,6,4.09,,4,Left,Left,158,112,22,3,,,0.08
2025-11-12 22:36:33,1.17.2,PR1,6,4.1,2.0,4,Pellet,Left,158,112,23,4,0.06,24.0,
2025-11-12 22:36:44,1.17.2,PR1,6,4.09,,5,Right,Left,158,113,23,4,,,0.17
2025-11-12 22:36:50,1.17.2,PR1,6,4.09,,5,Right,Left,158,114,23,4,,,0.0
2025-11-12 22:37:33,1.17.2,PR1,6,4.09,,5,Left,Left,159,114,23,4,,,0.01
2025-11-12 22:37:35,1.17.2,PR1,6,4.09,,5,Left,Left,160,114,23,4,,,0.04
2025-11-12 22:40:06,1.17.2,PR1,6,4.1,,5,Left,Left,161,114,23,4,,,0.01
2025-11-12 22:40:08,1.17.2,PR1,6,4.09,,5,Left,Left,162,114,23,4,,,0.23
2025-11-12 22:40:35,1.17.2,PR1,6,4.09,,5,Right,Left,162,115,23,4,,,0.03
2025-11-12 22:40:40,1.17.2,PR1,6,4.09,,5,Right,Left,162,116,23,4,,,0.13
2025-11-12 22:40:41,1.17.2,PR1,6,4.09,,5,Right,Left,162,117,23,4,,,0.0
2025-11-12 22:40:42,1.17.2,PR1,6,4.1,,5,Right,Left,162,118,23,4,,,0.04
2025-11-12 22:40:48,1.17.2,PR1,6,4.09,,5,Right,Left,162,119,23,4,,,0.11
2025-11-12 22:40:50,1.17.2,PR1,6,4.1,,5,Right,Left,162,120,23,4,,,0.05
2025-11-12 22:46:38,1.17.2,PR1,6,4.09,,5,Right,Left,162,121,23,4,,,0.24
2025-11-12 22:46:39,1.17.2,PR1,6,4.09,,5,Right,Left,162,122,23,4,,,0.16
2025-11-12 22:50:34,1.17.2,PR1,6,4.09,,5,Left,Left,163,122,23,4,,,0.02
2025-11-12 22:50:34,1.17.2,PR1,6,4.09,1.0,5,Pellet,Left,163,122,24,5,0.17,841.0,
2025-11-12 22:50:44,1.17.2,PR1,6,4.09,,6,Left,Left,164,122,24,5,,,0.68
2025-11-12 22:50:45,1.17.2,PR1,6,4.09,,6,Left,Left,165,122,24,5,,,0.12
2025-11-12 22:50:46,1.17.2,PR1,6,4.09,,6,Left,Left,166,122,24,5,,,0.37
2025-11-12 22:50:50,1.17.2,PR1,6,4.08,,6,Left,Left,167,122,24,5,,,0.18
2025-11-12 22:50:52,1.17.2,PR1,6,4.09,,6,Left,Left,168,122,24,5,,,0.06
2025-11-12 22:50:53,1.17.2,PR1,6,4.09,,6,Left,Left,169,122,24,5,,,0.09
2025-11-12 22:50:54,1.17.2,PR1,6,4.09,2.0,6,Pellet,Left,169,122,25,6,0.06,20.0,
2025-11-12 22:51:05,1.17.2,PR1,6,4.09,,7,Left,Left,170,122,25,6,,,0.05
2025-11-12 22:51:07,1.17.2,PR1,6,4.09,,7,Left,Left,171,122,25,6,,,0.09
2025-11-12 22:53:33,1.17.2,PR1,6,4.09,,7,Right,Left,171,123,25,6,,,0.07
2025-11-12 22:53:34,1.17.2,PR1,6,4.09,,7,Right,Left,171,124,25,6,,,0.08
2025-11-12 22:53:54,1.17.2,PR1,6,4.09,,7,Right,Left,171,125,25,6,,,0.67
2025-11-12 22:53:56,1.17.2,PR1,6,4.09,,7,Right,Left,171,126,25,6,,,0.09
2025-11-12 22:53:57,1.17.2,PR1,6,4.09,,7,Left,Left,172,126,25,6,,,0.04
2025-11-12 22:53:58,1.17.2,PR1,6,4.09,,7,Left,Left,173,126,25,6,,,0.02
2025-11-12 22:55:22,1.17.2,PR1,6,4.09,,7,Right,Left,173,127,25,6,,,0.21
2025-11-12 22:55:23,1.17.2,PR1,6,4.09,,7,Right,Left,173,128,25,6,,,0.22
2025-11-12 22:55:49,1.17.2,PR1,6,4.1,,7,Left,Left,174,128,25,6,,,0.04
2025-11-12 22:55:50,1.17.2,PR1,6,4.09,,7,Left,Left,175,128,25,6,,,0.09
2025-11-12 22:55:51,1.17.2,PR1,6,4.09,,7,Left,Left,176,128,25,6,,,0.07
2025-11-12 22:55:52,1.17.2,PR1,6,4.09,1.0,7,Pellet,Left,176,128,26,7,0.17,298.0,
2025-11-12 22:56:00,1.17.2,PR1,6,4.09,,8,Left,Left,177,128,26,7,,,0.35
2025-11-12 22:56:07,1.17.2,PR1,6,4.09,,8,Left,Left,178,128,26,7,,,0.08
2025-11-12 22:56:08,1.17.2,PR1,6,4.09,,8,Left,Left,179,128,26,7,,,0.06
2025-11-12 22:56:09,1.17.2,PR1,6,4.09,,8,Left,Left,180,128,26,7,,,0.02
2025-11-12 22:56:42,1.17.2,PR1,6,4.09,,8,Right,Left,180,129,26,7,,,0.07
2025-11-12 22:56:49,1.17.2,PR1,6,4.09,,8,Right,Left,180,130,26,7,,,0.0
2025-11-12 23:09:28,1.17.2,PR1,6,4.09,,8,Left,Left,181,130,26,7,,,0.25
2025-11-12 23:09:29,1.17.2,PR1,6,4.09,,8,Left,Left,182,130,26,7,,,0.07
2025-11-12 23:11:50,1.17.2,PR1,6,4.1,,8,Right,Left,182,131,26,7,,,0.51
2025-11-12 23:11:53,1.17.2,PR1,6,4.09,,8,Left,Left,183,131,26,7,,,0.14
2025-11-12 23:17:27,1.17.2,PR1,6,4.09,,8,Left,Left,184,131,26,7,,,0.15
2025-11-12 23:17:28,1.17.2,PR1,6,4.09,2.0,8,Pellet,Left,184,131,27,8,0.11,1296.0,
2025-11-12 23:17:37,1.17.2,PR1,6,4.09,,9,Left,Left,185,131,27,8,,,0.14
2025-11-12 23:17:41,1.17.2,PR1,6,4.09,,9,Left,Left,186,131,27,8,,,0.17
2025-11-12 23:17:42,1.17.2,PR1,6,4.09,,9,Left,Left,187,131,27,8,,,0.26
2025-11-12 23:17:45,1.17.2,PR1,6,4.09,,9,Left,Left,188,131,27,8,,,0.05
2025-11-12 23:22:20,1.17.2,PR1,6,4.09,,9,Left,Left,189,131,27,8,,,0.24
2025-11-12 23:24:09,1.17.2,PR1,6,4.09,,9,Right,Left,189,132,27,8,,,0.03
2025-11-12 23:25:39,1.17.2,PR1,6,4.09,,9,Left,Left,190,132,27,8,,,0.0
2025-11-12 23:26:46,1.17.2,PR1,6,4.09,,9,Left,Left,191,132,27,8,,,0.22
2025-11-12 23:26:58,1.17.2,PR1,6,4.09,,9,Right,Left,191,133,27,8,,,0.13
2025-11-12 23:26:59,1.17.2,PR1,6,4.09,,9,Right,Left,191,134,27,8,,,0.0
2025-11-12 23:27:01,1.17.2,PR1,6,4.09,,9,Left,Left,192,134,27,8,,,0.08
2025-11-12 23:30:51,1.17.2,PR1,6,4.09,,9,Right,Left,192,135,27,8,,,0.03
2025-11-12 23:30:52,1.17.2,PR1,6,4.09,,9,Right,Left,192,136,27,8,,,0.28
2025-11-12 23:30:54,1.17.2,PR1,6,4.09,,9,Right,Left,192,137,27,8,,,0.07
2025-11-12 23:30:55,1.17.2,PR1,6,4.09,,9,Right,Left,192,138,27,8,,,0.0
2025-11-12 23:30:56,1.17.2,PR1,6,4.09,,9,Right,Left,192,139,27,8,,,0.0
2025-11-12 23:30:59,1.17.2,PR1,6,4.09,,9,Right,Left,192,140,27,8,,,0.11
2025-11-12 23:31:01,1.17.2,PR1,6,4.09,,9,Left,Left,193,140,27,8,,,0.05
2025-11-12 23:31:02,1.17.2,PR1,6,4.09,1.0,9,Pellet,Left,193,140,28,9,0.59,814.0,
2025-11-12 23:31:07,1.17.2,PR1,6,4.09,,10,Left,Left,194,140,28,9,,,0.08
2025-11-12 23:31:08,1.17.2,PR1,6,4.09,,10,Left,Left,195,140,28,9,,,0.1
2025-11-12 23:31:09,1.17.2,PR1,6,4.09,,10,Left,Left,196,140,28,9,,,0.0
2025-11-12 23:31:11,1.17.2,PR1,6,4.09,,10,Left,Left,197,140,28,9,,,0.1
2025-11-12 23:31:12,1.17.2,PR1,6,4.09,,10,Right,Left,197,141,28,9,,,0.07
2025-11-12 23:31:13,1.17.2,PR1,6,4.1,,10,Right,Left,197,142,28,9,,,0.17
2025-11-12 23:31:14,1.17.2,PR1,6,4.09,,10,Left,Left,198,142,28,9,,,0.06
2025-11-12 23:31:53,1.17.2,PR1,6,4.09,,10,Left,Left,199,142,28,9,,,0.09
2025-11-12 23:31:54,1.17.2,PR1,6,4.09,,10,Left,Left,200,142,28,9,,,0.05
2025-11-12 23:31:56,1.17.2,PR1,6,4.09,,10,Right,Left,200,143,28,9,,,0.08
2025-11-12 23:31:57,1.17.2,PR1,6,4.09,,10,Right,Left,200,144,28,9,,,0.0
2025-11-12 23:31:59,1.17.2,PR1,6,4.09,,10,Right,Left,200,145,28,9,,,0.11
2025-11-12 23:32:27,1.17.2,PR1,6,4.09,,10,Left,Left,201,145,28,9,,,0.17
2025-11-12 23:32:28,1.17.2,PR1,6,4.09,,10,Left,Left,202,145,28,9,,,0.26
2025-11-12 23:33:26,1.17.2,PR1,6,4.09,,10,Right,Left,202,146,28,9,,,0.32
2025-11-12 23:33:28,1.17.2,PR1,6,4.09,,10,Right,Left,202,147,28,9,,,0.03
2025-11-12 23:33:28,1.17.2,PR1,6,4.09,,10,Right,Left,202,148,28,9,,,0.02
2025-11-12 23:33:55,1.17.2,PR1,6,4.09,,10,Left,Left,203,148,28,9,,,0.04
2025-11-12 23:33:57,1.17.2,PR1,6,4.09,1.0,10,Pellet,Left,203,148,29,10,1.01,175.0,
2025-11-12 23:34:05,1.17.2,PR1,6,4.09,,11,Left,Left,204,148,29,10,,,0.22
2025-11-12 23:34:06,1.17.2,PR1,6,4.09,,11,Left,Left,205,148,29,10,,,0.55
2025-11-12 23:34:08,1.17.2,PR1,6,4.08,,11,Left,Left,206,148,29,10,,,0.08
2025-11-12 23:34:09,1.17.2,PR1,6,4.09,,11,Left,Left,207,148,29,10,,,0.13
2025-11-12 23:34:44,1.17.2,PR1,6,4.09,,11,Left,Left,208,148,29,10,,,0.05
2025-11-12 23:42:23,1.17.2,PR1,6,4.09,,11,Right,Left,208,149,29,10,,,0.06
2025-11-12 23:42:29,1.17.2,PR1,6,4.09,,11,Right,Left,208,150,29,10,,,0.05
2025-11-12 23:42:29,1.17.2,PR1,6,4.09,,11,Right,Left,208,151,29,10,,,0.0
2025-11-12 23:42:45,1.17.2,PR1,6,4.09,,11,Right,Left,208,152,29,10,,,0.33
2025-11-12 23:43:00,1.17.2,PR1,6,4.09,,11,Right,Left,208,153,29,10,,,0.29
2025-11-12 23:43:37,1.17.2,PR1,6,4.08,,11,Left,Left,209,153,29,10,,,0.03
2025-11-12 23:44:56,1.17.2,PR1,6,4.1,,11,Right,Left,209,154,29,10,,,0.08
2025-11-12 23:44:59,1.17.2,PR1,6,4.09,,11,Right,Left,209,155,29,10,,,0.1
2025-11-12 23:45:01,1.17.2,PR1,6,4.09,,11,Right,Left,209,156,29,10,,,0.04
2025-11-12 23:45:04,1.17.2,PR1,6,4.09,,11,Left,Left,210,156,29,10,,,0.07
2025-11-12 23:45:11,1.17.2,PR1,6,4.1,,11,Left,Left,211,156,29,10,,,0.05
2025-11-13 00:00:26,1.17.2,PR1,6,4.09,,11,Right,Left,211,157,29,10,,,0.01
2025-11-13 00:00:27,1.17.2,PR1,6,4.08,,11,Right,Left,211,158,29,10,,,0.01
2025-11-13 00:07:56,1.17.2,PR1,6,4.09,,11,Left,Left,212,158,29,10,,,0.08
2025-11-13 00:07:57,1.17.2,PR1,6,4.09,,11,Left,Left,213,158,29,10,,,0.12
2025-11-13 00:12:10,1.17.2,PR1,6,4.09,,11,Right,Left,213,159,29,10,,,0.06
2025-11-13 00:12:16,1.17.2,PR1,6,4.09,,11,Right,Left,213,160,29,10,,,0.43
2025-11-13 00:12:17,1.17.2,PR1,6,4.09,,11,Right,Left,213,161,29,10,,,0.11
2025-11-13 00:12:18,1.17.2,PR1,6,4.09,,11,Right,Left,213,162,29,10,,,0.41
2025-11-13 00:12:20,1.17.2,PR1,6,4.09,,11,Right,Left,213,163,29,10,,,0.52
2025-11-13 00:12:24,1.17.2,PR1,6,4.08,,11,Right,Left,213,164,29,10,,,0.23
2025-11-13 00:12:25,1.17.2,PR1,6,4.09,,11,Right,Left,213,165,29,10,,,0.16
2025-11-13 00:12:26,1.17.2,PR1,6,4.09,,11,Right,Left,213,166,29,10,,,0.19
2025-11-13 00:12:28,1.17.2,PR1,6,4.09,,11,Right,Left,213,167,29,10,,,0.22
2025-11-13 00:12:30,1.17.2,PR1,6,4.09,,11,Right,Left,213,168,29,10,,,0.5
2025-11-13 00:12:31,1.17.2,PR1,6,4.09,,11,Right,Left,213,169,29,10,,,0.0
2025-11-13 00:12:33,1.17.2,PR1,6,4.09,,11,Right,Left,213,170,29,10,,,0.19
2025-11-13 00:12:37,1.17.2,PR1,6,4.09,,11,Left,Left,214,170,29,10,,,0.47
2025-11-13 00:12:39,1.17.2,PR1,6,4.09,1.0,11,Pellet,Left,214,170,30,11,1.19,2322.0,
2025-11-13 00:12:46,1.17.2,PR1,6,4.09,,12,Left,Left,215,170,30,11,,,0.03
2025-11-13 00:12:48,1.17.2,PR1,6,4.09,,12,Left,Left,216,170,30,11,,,0.26
2025-11-13 00:12:51,1.17.2,PR1,6,4.1,,12,Left,Left,217,170,30,11,,,0.06
2025-11-13 00:12:57,1.17.2,PR1,6,4.09,,12,Left,Left,218,170,30,11,,,0.0
2025-11-13 00:12:58,1.17.2,PR1,6,4.09,,12,Left,Left,219,170,30,11,,,0.06
2025-11-13 00:14:05,1.17.2,PR1,6,4.09,,12,Left,Left,220,170,30,11,,,0.13
2025-11-13 00:14:06,1.17.2,PR1,6,4.09,,12,Left,Left,221,170,30,11,,,0.42
2025-11-13 00:19:37,1.17.2,PR1,6,4.09,,12,Left,Left,222,170,30,11,,,0.43
2025-11-13 00:19:39,1.17.2,PR1,6,4.09,,12,Left,Left,223,170,30,11,,,0.13
2025-11-13 00:19:42,1.17.2,PR1,6,4.09,,12,Left,Left,224,170,30,11,,,0.09
2025-11-13 00:20:32,1.17.2,PR1,6,4.09,,12,Right,Left,224,171,30,11,,,0.48
2025-11-13 00:20:33,1.17.2,PR1,6,4.09,,12,Right,Left,224,172,30,11,,,0.38
2025-11-13 00:20:37,1.17.2,PR1,6,4.1,,12,Left,Left,225,172,30,11,,,0.02
2025-11-13 00:20:38,1.17.2,PR1,6,4.09,,12,Left,Left,226,172,30,11,,,0.36
2025-11-13 00:20:39,1.17.2,PR1,6,4.09,2.0,12,Pellet,Left,226,172,31,12,0.06,480.0,
2025-11-13 00:20:46,1.17.2,PR1,6,4.09,,13,Left,Left,227,172,31,12,,,0.13
2025-11-13 00:20:47,1.17.2,PR1,6,4.09,,13,Left,Left,228,172,31,12,,,0.37
2025-11-13 00:20:49,1.17.2,PR1,6,4.08,,13,Left,Left,229,172,31,12,,,0.03
2025-11-13 00:20:50,1.17.2,PR1,6,4.09,,13,Left,Left,230,172,31,12,,,0.09
2025-11-13 00:36:51,1.17.2,PR1,6,4.09,,13,Right,Left,230,173,31,12,,,0.07
2025-11-13 00:36:52,1.17.2,PR1,6,4.09,,13,Right,Left,230,174,31,12,,,0.39
2025-11-13 00:36:54,1.17.2,PR1,6,4.09,,13,Right,Left,230,175,31,12,,,0.26
2025-11-13 00:36:55,1.17.2,PR1,6,4.09,,13,Right,Left,230,176,31,12,,,0.22
2025-11-13 00:38:04,1.17.2,PR1,6,4.09,,13,Left,Left,231,176,31,12,,,0.12
2025-11-13 00:38:05,1.17.2,PR1,6,4.09,,13,Left,Left,232,176,31,12,,,0.13
2025-11-13 00:38:07,1.17.2,PR1,6,4.09,,13,Left,Left,233,176,31,12,,,0.07
2025-11-13 00:42:17,1.17.2,PR1,6,4.09,,13,Left,Left,234,176,31,12,,,0.4
2025-11-13 00:42:19,1.17.2,PR1,6,4.09,,13,Left,Left,235,176,31,12,,,0.14
2025-11-13 00:42:23,1.17.2,PR1,6,4.09,,13,Left,Left,236,176,31,12,,,0.05
2025-11-13 00:44:51,1.17.2,PR1,6,4.09,,13,Left,Left,237,176,31,12,,,0.12
2025-11-13 00:45:11,1.17.2,PR1,6,4.08,,13,Left,Left,238,176,31,12,,,0.07
2025-11-13 00:45:12,1.17.2,PR1,6,4.09,,13,Left,Left,239,176,31,12,,,0.21
2025-11-13 00:45:13,1.17.2,PR1,6,4.09,1.0,13,Pellet,Left,239,176,32,13,0.47,1474.0,
2025-11-13 00:48:11,1.17.2,PR1,6,4.09,,14,Left,Left,240,176,32,13,,,0.02
2025-11-13 00:48:14,1.17.2,PR1,6,4.09,,14,Left,Left,241,176,32,13,,,0.29
2025-11-13 00:48:17,1.17.2,PR1,6,4.09,,14,Left,Left,242,176,32,13,,,0.36
2025-11-13 00:48:18,1.17.2,PR1,6,4.09,,14,Left,Left,243,176,32,13,,,0.23
2025-11-13 00:49:17,1.17.2,PR1,6,4.09,,14,Left,Left,244,176,32,13,,,0.06
2025-11-13 00:57:53,1.17.2,PR1,6,4.09,,14,Right,Left,244,177,32,13,,,0.03
2025-11-13 01:34:20,1.17.2,PR1,6,4.09,,1,Left,Left,245,177,32,0,,,0.05
2025-11-13 01:34:20,1.17.2,PR1,6,4.09,,1,LeftDuringDispense,Left,246,177,32,1,,,0.02
2025-11-13 01:34:23,1.17.2,PR1,6,4.09,2.0,1,Pellet,Left,246,177,33,1,0.12,2950.0,
2025-11-13 01:34:32,1.17.2,PR1,6,4.09,,2,Left,Left,247,177,33,1,,,0.63
2025-11-13 01:34:35,1.17.2,PR1,6,4.09,,2,Left,Left,248,177,33,1,,,0.03
2025-11-13 01:34:36,1.17.2,PR1,6,4.09,1.0,2,Pellet,Left,248,177,34,2,0.23,13.0,
2025-11-13 01:34:59,1.17.2,PR1,6,4.09,,3,Left,Left,249,177,34,2,,,0.07
2025-11-13 01:35:00,1.17.2,PR1,6,4.09,,3,Left,Left,250,177,34,2,,,0.32
2025-11-13 01:35:02,1.17.2,PR1,6,4.09,,3,Left,Left,251,177,34,2,,,0.41
2025-11-13 01:35:03,1.17.2,PR1,6,4.09,2.0,3,Pellet,Left,251,177,35,3,0.12,27.0,
2025-11-13 01:35:11,1.17.2,PR1,6,4.09,,4,Left,Left,252,177,35,3,,,0.15
2025-11-13 01:35:46,1.17.2,PR1,6,4.09,,4,Left,Left,253,177,35,3,,,0.51
2025-11-13 01:36:06,1.17.2,PR1,6,4.09,,4,Right,Left,253,178,35,3,,,0.58
2025-11-13 01:36:08,1.17.2,PR1,6,4.08,,4,Right,Left,253,179,35,3,,,0.25
2025-11-13 01:36:10,1.17.2,PR1,6,4.09,,4,Left,Left,254,179,35,3,,,0.11
2025-11-13 01:36:11,1.17.2,PR1,6,4.09,,4,Left,Left,255,179,35,3,,,0.0
2025-11-13 01:36:12,1.17.2,PR1,6,4.08,1.0,4,Pellet,Left,255,179,36,4,0.89,69.0,
2025-11-13 01:36:28,1.17.2,PR1,6,4.09,,5,Right,Left,255,180,36,4,,,0.12
2025-11-13 01:36:33,1.17.2,PR1,6,4.09,,5,Left,Left,256,180,36,4,,,0.38
2025-11-13 01:36:34,1.17.2,PR1,6,4.09,,5,Left,Left,257,180,36,4,,,0.5
2025-11-13 01:37:09,1.17.2,PR1,6,4.09,,5,Left,Left,258,180,36,4,,,0.08
2025-11-13 01:37:11,1.17.2,PR1,6,4.09,,5,Left,Left,259,180,36,4,,,0.6
2025-11-13 01:37:13,1.17.2,PR1,6,4.09,,5,Left,Left,260,180,36,4,,,0.11
2025-11-13 01:37:14,1.17.2,PR1,6,4.09,1.0,5,Pellet,Left,260,180,37,5,0.35,62.0,
2025-11-13 01:37:21,1.17.2,PR1,6,4.09,,6,Left,Left,261,180,37,5,,,0.42
2025-11-13 01:37:24,1.17.2,PR1,6,4.09,,6,Left,Left,262,180,37,5,,,0.29
2025-11-13 01:37:26,1.17.2,PR1,6,4.09,,6,Left,Left,263,180,37,5,,,0.08
2025-11-13 01:37:27,1.17.2,PR1,6,4.09,,6,Left,Left,264,180,37,5,,,0.22
2025-11-13 01:37:30,1.17.2,PR1,6,4.09,,6,Left,Left,265,180,37,5,,,0.05
2025-11-13 01:40:03,1.17.2,PR1,6,4.09,,6,Right,Left,265,181,37,5,,,0.52
2025-11-13 01:55:03,1.17.2,PR1,6,4.09,,6,Left,Left,266,181,37,5,,,0.09
2025-11-13 01:55:04,1.17.2,PR1,6,4.09,1.0,6,Pellet,Left,266,181,38,6,0.53,1070.0,
2025-11-13 01:55:19,1.17.2,PR1,6,4.09,,7,Right,Left,266,182,38,6,,,0.03
2025-11-13 01:55:20,1.17.2,PR1,6,4.09,,7,Right,Left,266,183,38,6,,,0.0
2025-11-13 01:55:22,1.17.2,PR1,6,4.09,,7,Right,Left,266,184,38,6,,,0.1
2025-11-13 02:10:06,1.17.2,PR1,6,4.08,,7,Left,Left,267,184,38,6,,,0.15
2025-11-13 02:10:07,1.17.2,PR1,6,4.08,,7,Left,Left,268,184,38,6,,,0.35
2025-11-13 02:10:09,1.17.2,PR1,6,4.09,,7,Left,Left,269,184,38,6,,,0.03
2025-11-13 02:10:13,1.17.2,PR1,6,4.09,,7,Left,Left,270,184,38,6,,,0.09
2025-11-13 02:10:14,1.17.2,PR1,6,4.09,,7,Left,Left,271,184,38,6,,,0.1
2025-11-13 02:16:47,1.17.2,PR1,6,4.09,,7,Left,Left,272,184,38,6,,,0.04
2025-11-13 02:16:49,1.17.2,PR1,6,4.09,,7,Left,Left,273,184,38,6,,,0.35
2025-11-13 02:16:51,1.17.2,PR1,6,4.09,1.0,7,Pellet,Left,273,184,39,7,0.47,1307.0,
2025-11-13 02:16:58,1.17.2,PR1,6,4.09,,8,Left,Left,274,184,39,7,,,0.01
2025-11-13 02:16:59,1.17.2,PR1,6,4.09,,8,Left,Left,275,184,39,7,,,0.0
2025-11-13 02:17:01,1.17.2,PR1,6,4.09,,8,Left,Left,276,184,39,7,,,0.05
2025-11-13 02:17:02,1.17.2,PR1,6,4.09,,8,Left,Left,277,184,39,7,,,0.09
2025-11-13 02:45:56,1.17.2,PR1,6,4.09,,8,Left,Left,278,184,39,7,,,0.07
2025-11-13 02:45:57,1.17.2,PR1,6,4.09,,8,Left,Left,279,184,39,7,,,0.02
2025-11-13 02:45:59,1.17.2,PR1,6,4.09,,8,Left,Left,280,184,39,7,,,0.26
2025-11-13 02:46:04,1.17.2,PR1,6,4.09,,8,Left,Left,281,184,39,7,,,0.1
2025-11-13 02:46:05,1.17.2,PR1,6,4.09,1.0,8,Pellet,Left,281,184,40,8,0.47,1754.0,
2025-11-13 02:46:13,1.17.2,PR1,6,4.09,,9,Left,Left,282,184,40,8,,,0.0
2025-11-13 02:46:15,1.17.2,PR1,6,4.08,,9,Left,Left,283,184,40,8,,,0.47
2025-11-13 02:46:16,1.17.2,PR1,6,4.09,,9,Left,Left,284,184,40,8,,,0.12
2025-11-13 02:46:19,1.17.2,PR1,6,4.09,,9,Right,Left,284,185,40,8,,,0.04
2025-11-13 02:46:21,1.17.2,PR1,6,4.09,,9,Right,Left,284,186,40,8,,,0.36
2025-11-13 02:46:21,1.17.2,PR1,6,4.08,,9,Right,Left,284,187,40,8,,,0.0
2025-11-13 02:46:23,1.17.2,PR1,6,4.08,,9,Right,Left,284,188,40,8,,,0.1
2025-11-13 02:46:25,1.17.2,PR1,6,4.09,,9,Left,Left,285,188,40,8,,,0.03
2025-11-13 03:00:25,1.17.2,PR1,6,4.09,,9,Left,Left,286,188,40,8,,,0.14
2025-11-13 03:00:26,1.17.2,PR1,6,4.08,,9,Left,Left,287,188,40,8,,,0.09
2025-11-13 03:00:28,1.17.2,PR1,6,4.09,,9,Left,Left,288,188,40,8,,,0.14
2025-11-13 03:00:33,1.17.2,PR1,6,4.09,,9,Right,Left,288,189,40,8,,,0.28
2025-11-13 03:00:35,1.17.2,PR1,6,4.09,,9,Right,Left,288,190,40,8,,,0.27
2025-11-13 03:02:01,1.17.2,PR1,6,4.09,,9,Left,Left,289,190,40,8,,,0.11
2025-11-13 03:02:04,1.17.2,PR1,6,4.09,,9,Left,Left,290,190,40,8,,,0.12
2025-11-13 03:02:05,1.17.2,PR1,6,4.09,1.0,9,Pellet,Left,290,190,41,9,0.41,960.0,
2025-11-13 03:02:10,1.17.2,PR1,6,4.09,,10,Left,Left,291,190,41,9,,,0.19
2025-11-13 03:02:12,1.17.2,PR1,6,4.09,,10,Left,Left,292,190,41,9,,,0.76
2025-11-13 03:02:15,1.17.2,PR1,6,4.09,,10,Left,Left,293,190,41,9,,,0.14
2025-11-13 03:02:17,1.17.2,PR1,6,4.09,,10,Left,Left,294,190,41,9,,,0.16
2025-11-13 03:12:47,1.17.2,PR1,6,4.09,,10,Right,Left,294,191,41,9,,,0.03
2025-11-13 03:12:48,1.17.2,PR1,6,4.09,,10,Right,Left,294,192,41,9,,,0.0
2025-11-13 03:12:51,1.17.2,PR1,6,4.09,,10,Right,Left,294,193,41,9,,,0.68
2025-11-13 03:12:52,1.17.2,PR1,6,4.09,,10,Right,Left,294,194,41,9,,,0.02
2025-11-13 03:28:36,1.17.2,PR1,6,4.09,,10,Left,Left,295,194,41,9,,,0.21
2025-11-13 03:28:37,1.17.2,PR1,6,4.09,,10,Left,Left,296,194,41,9,,,0.25
2025-11-13 03:28:38,1.17.2,PR1,6,4.08,,10,Left,Left,297,194,41,9,,,0.25
2025-11-13 03:28:40,1.17.2,PR1,6,4.09,,10,Left,Left,298,194,41,9,,,0.15
2025-11-13 03:28:41,1.17.2,PR1,6,4.09,,10,Left,Left,299,194,41,9,,,0.27
2025-11-13 03:34:06,1.17.2,PR1,6,4.09,,10,Left,Left,300,194,41,9,,,0.32
2025-11-13 03:34:07,1.17.2,PR1,6,4.09,1.0,10,Pellet,Left,300,194,42,10,0.29,1922.0,
2025-11-13 03:34:17,1.17.2,PR1,6,4.09,,11,Right,Left,300,195,42,10,,,0.08
2025-11-13 03:34:18,1.17.2,PR1,6,4.09,,11,Right,Left,300,196,42,10,,,0.0
2025-11-13 03:34:20,1.17.2,PR1,6,4.09,,11,Right,Left,300,197,42,10,,,0.03
2025-11-13 03:34:23,1.17.2,PR1,6,4.09,,11,Left,Left,301,197,42,10,,,0.05
2025-11-13 03:34:23,1.17.2,PR1,6,4.09,,11,Left,Left,302,197,42,10,,,0.01
2025-11-13 03:34:24,1.17.2,PR1,6,4.09,,11,Left,Left,303,197,42,10,,,0.0
2025-11-13 03:34:25,1.17.2,PR1,6,4.09,,11,Left,Left,304,197,42,10,,,0.34
2025-11-13 03:34:27,1.17.2,PR1,6,4.09,,11,Left,Left,305,197,42,10,,,0.21
2025-11-13 03:34:29,1.17.2,PR1,6,4.09,,11,Left,Left,306,197,42,10,,,0.27
2025-11-13 03:34:31,1.17.2,PR1,6,4.08,,11,Left,Left,307,197,42,10,,,0.11
2025-11-13 03:34:33,1.17.2,PR1,6,4.09,,11,Right,Left,307,198,42,10,,,0.13
2025-11-13 03:34:34,1.17.2,PR1,6,4.08,,11,Right,Left,307,199,42,10,,,0.46
2025-11-13 03:49:34,1.17.2,PR1,6,4.09,,11,Left,Left,308,199,42,10,,,0.45
2025-11-13 03:49:35,1.17.2,PR1,6,4.09,,11,Left,Left,309,199,42,10,,,0.44
2025-11-13 03:49:36,1.17.2,PR1,6,4.09,,11,Left,Left,310,199,42,10,,,0.33
2025-11-13 03:49:37,1.17.2,PR1,6,4.08,,11,Left,Left,311,199,42,10,,,0.21
2025-11-13 03:49:38,1.17.2,PR1,6,4.08,1.0,11,Pellet,Left,311,199,43,11,0.29,931.0,
2025-11-13 03:49:53,1.17.2,PR1,6,4.08,,12,Left,Left,312,199,43,11,,,0.11
2025-11-13 03:50:42,1.17.2,PR1,6,4.09,,12,Right,Left,312,200,43,11,,,0.11
2025-11-13 03:50:43,1.17.2,PR1,6,4.09,,12,Right,Left,312,201,43,11,,,0.45
2025-11-13 03:50:47,1.17.2,PR1,6,4.09,,12,Left,Left,313,201,43,11,,,0.17
2025-11-13 03:50:48,1.17.2,PR1,6,4.08,,12,Left,Left,314,201,43,11,,,0.0
2025-11-13 03:50:49,1.17.2,PR1,6,4.09,,12,Left,Left,315,201,43,11,,,0.01
2025-11-13 03:54:24,1.17.2,PR1,6,4.08,,12,Left,Left,316,201,43,11,,,0.44
2025-11-13 03:56:16,1.17.2,PR1,6,4.08,,12,Left,Left,317,201,43,11,,,0.26
2025-11-13 03:58:22,1.17.2,PR1,6,4.09,,12,Left,Left,318,201,43,11,,,0.04
2025-11-13 03:58:23,1.17.2,PR1,6,4.09,,12,Left,Left,319,201,43,11,,,0.23
2025-11-13 03:58:26,1.17.2,PR1,6,4.09,,12,Right,Left,319,202,43,11,,,0.16
2025-11-13 03:58:28,1.17.2,PR1,6,4.08,,12,Right,Left,319,203,43,11,,,0.76
2025-11-13 03:58:29,1.17.2,PR1,6,4.08,,12,Right,Left,319,204,43,11,,,0.1
2025-11-13 03:58:58,1.17.2,PR1,6,4.09,,12,Left,Left,320,204,43,11,,,0.01
2025-11-13 03:59:06,1.17.2,PR1,6,4.09,,12,Left,Left,321,204,43,11,,,0.01
2025-11-13 03:59:07,1.17.2,PR1,6,4.09,,12,Left,Left,322,204,43,11,,,0.21
2025-11-13 04:00:40,1.17.2,PR1,6,4.08,,12,Left,Left,323,204,43,11,,,0.03
2025-11-13 04:00:42,1.17.2,PR1,6,4.09,1.0,12,Pellet,Left,323,204,44,12,0.71,664.0,
2025-11-13 04:00:59,1.17.2,PR1,6,4.09,,13,Left,Left,324,204,44,12,,,0.17
2025-11-13 04:01:00,1.17.2,PR1,6,4.09,,13,Left,Left,325,204,44,12,,,0.13
2025-11-13 04:01:01,1.17.2,PR1,6,4.09,,13,Left,Left,326,204,44,12,,,0.13
2025-11-13 04:01:03,1.17.2,PR1,6,4.09,,13,Left,Left,327,204,44,12,,,0.2
2025-11-13 04:01:07,1.17.2,PR1,6,4.09,,13,Right,Left,327,205,44,12,,,0.62
2025-11-13 04:01:08,1.17.2,PR1,6,4.09,,13,Right,Left,327,206,44,12,,,0.13
2025-11-13 04:01:26,1.17.2,PR1,6,4.09,,13,Left,Left,328,206,44,12,,,0.58
2025-11-13 04:01:28,1.17.2,PR1,6,4.09,,13,Left,Left,329,206,44,12,,,0.61
2025-11-13 04:01:30,1.17.2,PR1,6,4.08,,13,Right,Left,329,207,44,12,,,0.09
2025-11-13 04:02:16,1.17.2,PR1,6,4.09,,13,Left,Left,330,207,44,12,,,0.1
2025-11-13 04:02:19,1.17.2,PR1,6,4.08,,13,Left,Left,331,207,44,12,,,0.11
2025-11-13 04:02:25,1.17.2,PR1,6,4.09,,13,Left,Left,332,207,44,12,,,0.06
2025-11-13 04:05:27,1.17.2,PR1,6,4.09,,13,Left,Left,333,207,44,12,,,0.19
2025-11-13 04:05:28,1.17.2,PR1,6,4.09,,13,Left,Left,334,207,44,12,,,0.17
2025-11-13 04:05:36,1.17.2,PR1,6,4.09,,13,Left,Left,335,207,44,12,,,0.05
2025-11-13 04:05:38,1.17.2,PR1,6,4.08,,13,Left,Left,336,207,44,12,,,0.18
2025-11-13 04:05:39,1.17.2,PR1,6,4.09,1.0,13,Pellet,Left,336,207,45,13,0.23,297.0,
2025-11-13 04:05:50,1.17.2,PR1,6,4.09,,14,Left,Left,337,207,45,13,,,0.13
2025-11-13 04:05:51,1.17.2,PR1,6,4.09,,14,Left,Left,338,207,45,13,,,0.4
2025-11-13 04:05:53,1.17.2,PR1,6,4.09,,14,Left,Left,339,207,45,13,,,0.33
2025-11-13 04:05:57,1.17.2,PR1,6,4.09,,14,Left,Left,340,207,45,13,,,0.03
2025-11-13 04:06:37,1.17.2,PR1,6,4.09,,14,Right,Left,340,208,45,13,,,0.05
2025-11-13 04:07:03,1.17.2,PR1,6,4.08,,14,Left,Left,341,208,45,13,,,0.4
2025-11-13 04:08:22,1.17.2,PR1,6,4.09,,14,Right,Left,341,209,45,13,,,0.1
2025-11-13 04:16:19,1.17.2,PR1,6,4.09,,14,Left,Left,342,209,45,13,,,0.25
2025-11-13 04:26:43,1.17.2,PR1,6,4.09,,14,Left,Left,343,209,45,13,,,0.11
2025-11-13 04:33:58,1.17.2,PR1,6,4.08,,14,Right,Left,343,210,45,13,,,0.08
2025-11-13 04:59:34,1.17.2,PR1,6,4.09,,1,Left,Left,344,210,45,0,,,0.79
2025-11-13 04:59:35,1.17.2,PR1,6,4.08,1.0,1,Pellet,Left,344,210,46,1,0.23,3236.0,
2025-11-13 05:00:06,1.17.2,PR1,6,4.08,,2,Left,Left,345,210,46,1,,,0.1
2025-11-13 05:00:15,1.17.2,PR1,6,4.08,,2,Left,Left,346,210,46,1,,,0.35
2025-11-13 05:00:16,1.17.2,PR1,6,4.09,1.0,2,Pellet,Left,346,210,47,2,0.11,41.0,
2025-11-13 05:03:14,1.17.2,PR1,6,4.09,,3,Left,Left,347,210,47,2,,,0.26
2025-11-13 05:03:27,1.17.2,PR1,6,4.09,,3,Left,Left,348,210,47,2,,,0.13
2025-11-13 05:03:30,1.17.2,PR1,6,4.08,,3,Left,Left,349,210,47,2,,,0.31
2025-11-13 05:03:32,1.17.2,PR1,6,4.08,1.0,3,Pellet,Left,349,210,48,3,0.53,196.0,
2025-11-13 05:04:46,1.17.2,PR1,6,4.07,,4,Left,Left,350,210,48,3,,,0.39
2025-11-13 05:04:46,1.17.2,PR1,6,4.08,,4,Left,Left,351,210,48,3,,,0.09
2025-11-13 05:06:42,1.17.2,PR1,6,4.08,,4,Right,Left,351,211,48,3,,,0.04
2025-11-13 05:07:20,1.17.2,PR1,6,4.08,,4,Left,Left,352,211,48,3,,,0.61
2025-11-13 05:07:22,1.17.2,PR1,6,4.08,,4,Left,Left,353,211,48,3,,,0.11
2025-11-13 05:07:23,1.17.2,PR1,6,4.09,1.0,4,Pellet,Left,353,211,49,4,0.23,231.0,
2025-11-13 05:07:32,1.17.2,PR1,6,4.08,,5,Left,Left,354,211,49,4,,,0.14
2025-11-13 05:16:59,1.17.2,PR1,6,4.08,,5,Left,Left,355,211,49,4,,,0.06
2025-11-13 05:18:11,1.17.2,PR1,6,4.09,,5,Left,Left,356,211,49,4,,,0.06
2025-11-13 05:19:42,1.17.2,PR1,6,4.08,,5,Right,Left,356,212,49,4,,,0.09
2025-11-13 05:19:45,1.17.2,PR1,6,4.08,,5,Right,Left,356,213,49,4,,,0.04
2025-11-13 05:21:47,1.17.2,PR1,6,4.09,,5,Right,Left,356,214,49,4,,,0.21
2025-11-13 05:21:49,1.17.2,PR1,6,4.09,,5,Right,Left,356,215,49,4,,,0.7
2025-11-13 05:21:53,1.17.2,PR1,6,4.09,,5,Left,Left,357,215,49,4,,,0.12
2025-11-13 05:21:54,1.17.2,PR1,6,4.08,,5,Left,Left,358,215,49,4,,,0.26
2025-11-13 05:22:06,1.17.2,PR1,6,4.08,2.0,5,Pellet,Left,358,215,50,5,9.34,883.0,
2025-11-13 05:22:21,1.17.2,PR1,6,4.08,,6,Left,Left,359,215,50,5,,,0.11
2025-11-13 05:22:22,1.17.2,PR1,6,4.09,,6,Left,Left,360,215,50,5,,,0.12
2025-11-13 05:25:47,1.17.2,PR1,6,4.09,,6,Right,Left,360,216,50,5,,,0.29
2025-11-13 05:26:38,1.17.2,PR1,6,4.08,,6,Left,Left,361,216,50,5,,,0.03
2025-11-13 05:28:27,1.17.2,PR1,6,4.08,,6,Left,Left,362,216,50,5,,,0.08
2025-11-13 07:52:51,1.17.2,PR1,6,4.08,,1,Left,Left,363,216,50,0,,,0.22
2025-11-13 07:52:52,1.17.2,PR1,6,4.07,1.0,1,Pellet,Left,363,216,51,1,0.71,9046.0,
2025-11-13 07:53:06,1.17.2,PR1,6,4.08,,2,Left,Left,364,216,51,1,,,0.02
2025-11-13 07:53:08,1.17.2,PR1,6,4.07,,2,Left,Left,365,216,51,1,,,0.06
2025-11-13 07:53:08,1.17.2,PR1,6,4.08,,2,LeftDuringDispense,Left,366,216,51,2,,,0.04
2025-11-13 07:53:12,1.17.2,PR1,6,4.08,2.0,2,Pellet,Left,366,216,52,2,0.53,19.0,
2025-11-13 07:53:21,1.17.2,PR1,6,4.07,,3,Left,Left,367,216,52,2,,,0.04
2025-11-13 07:53:23,1.17.2,PR1,6,4.07,,3,Left,Left,368,216,52,2,,,0.35
2025-11-13 07:53:24,1.17.2,PR1,6,4.08,,3,Left,Left,369,216,52,2,,,0.68
2025-11-13 07:53:25,1.17.2,PR1,6,4.08,1.0,3,Pellet,Left,369,216,53,3,0.23,14.0,
2025-11-13 07:53:36,1.17.2,PR1,6,4.08,,4,Left,Left,370,216,53,3,,,0.13
2025-11-13 07:53:38,1.17.2,PR1,6,4.08,,4,Left,Left,371,216,53,3,,,0.57
2025-11-13 07:53:39,1.17.2,PR1,6,4.08,,4,Left,Left,372,216,53,3,,,0.16
2025-11-13 08:45:49,1.17.2,PR1,6,4.08,,1,Right,Left,372,217,53,0,,,0.07
2025-11-13 08:45:58,1.17.2,PR1,6,4.07,,1,Left,Left,373,217,53,0,,,0.14
2025-11-13 08:46:00,1.17.2,PR1,6,4.07,1.0,1,Pellet,Left,373,217,54,1,1.37,3155.0,
2025-11-13 08:46:16,1.17.2,PR1,6,4.07,,2,Left,Left,374,217,54,1,,,0.86
2025-11-13 08:46:18,1.17.2,PR1,6,4.08,,2,Left,Left,375,217,54,1,,,0.46
2025-11-13 08:46:19,1.17.2,PR1,6,4.08,2.0,2,Pellet,Left,375,217,55,2,0.11,19.0,
2025-11-13 08:47:35,1.17.2,PR1,6,4.07,,3,Left,Left,376,217,55,2,,,0.59
2025-11-13 08:47:38,1.17.2,PR1,6,4.08,,3,Left,Left,377,217,55,2,,,0.49
2025-11-13 08:47:39,1.17.2,PR1,6,4.08,,3,Left,Left,378,217,55,2,,,0.17
2025-11-13 08:47:41,1.17.2,PR1,6,4.07,1.0,3,Pellet,Left,378,217,56,3,0.41,81.0,
2025-11-13 10:01:33,1.17.2,PR1,6,4.07,,1,Left,Left,379,217,56,0,,,0.58
2025-11-13 10:01:34,1.17.2,PR1,6,4.07,1.0,1,Pellet,Left,379,217,57,1,0.29,4434.0,
2025-11-13 10:01:44,1.17.2,PR1,6,4.07,,2,Left,Left,380,217,57,1,,,0.04
2025-11-13 10:01:46,1.17.2,PR1,6,4.07,,2,Left,Left,381,217,57,1,,,0.5
2025-11-13 10:01:47,1.17.2,PR1,6,4.07,1.0,2,Pellet,Left,381,217,58,2,0.23,13.0,
2025-11-13 10:01:59,1.17.2,PR1,6,4.08,,3,Left,Left,382,217,58,2,,,0.02
2025-11-13 10:02:01,1.17.2,PR1,6,4.07,,3,Left,Left,383,217,58,2,,,0.51
2025-11-13 10:02:03,1.17.2,PR1,6,4.07,,3,Left,Left,384,217,58,2,,,0.31
2025-11-13 10:02:04,1.17.2,PR1,6,4.07,2.0,3,Pellet,Left,384,217,59,3,0.06,17.0,
2025-11-13 10:02:21,1.17.2,PR1,6,4.07,,4,Left,Left,385,217,59,3,,,0.11
2025-11-13 10:06:33,1.17.2,PR1,6,4.07,,4,Left,Left,386,217,59,3,,,0.21
2025-11-13 10:16:58,1.17.2,PR1,6,4.07,,4,Left,Left,387,217,59,3,,,0.25
2025-11-13 10:17:04,1.17.2,PR1,6,4.07,,4,Right,Left,387,218,59,3,,,0.27
2025-11-13 10:17:05,1.17.2,PR1,6,4.07,,4,Right,Left,387,219,59,3,,,0.12
2025-11-13 10:17:07,1.17.2,PR1,6,4.08,,4,Left,Left,388,219,59,3,,,0.19
2025-11-13 10:17:08,1.17.2,PR1,6,4.07,1.0,4,Pellet,Left,388,219,60,4,0.29,904.0,
2025-11-13 10:17:17,1.17.2,PR1,6,4.08,,5,Left,Left,389,219,60,4,,,0.04
2025-11-13 10:25:52,1.17.2,PR1,6,4.08,,5,Left,Left,390,219,60,4,,,0.04
2025-11-13 10:25:54,1.17.2,PR1,6,4.07,,5,Left,Left,391,219,60,4,,,0.19
2025-11-13 15:32:38,1.17.2,PR1,6,4.06,,1,Left,Left,392,219,60,0,,,0.22
2025-11-13 15:32:40,1.17.2,PR1,6,4.05,2.0,1,Pellet,Left,392,219,61,1,1.37,18932.0,
2025-11-13 15:32:49,1.17.2,PR1,6,4.07,,2,Left,Left,393,219,61,1,,,0.36
2025-11-13 15:32:51,1.17.2,PR1,6,4.07,,2,Left,Left,394,219,61,1,,,0.14
2025-11-13 15:32:53,1.17.2,PR1,6,4.06,2.0,2,Pellet,Left,394,219,62,2,0.59,13.0,
2025-11-13 15:33:14,1.17.2,PR1,6,4.07,,3,Left,Left,395,219,62,2,,,0.05
2025-11-13 15:33:16,1.17.2,PR1,6,4.06,,3,Left,Left,396,219,62,2,,,0.21
2025-11-13 15:33:26,1.17.2,PR1,6,4.06,,3,Left,Left,397,219,62,2,,,0.01
2025-11-13 15:33:26,1.17.2,PR1,6,4.06,,3,LeftDuringDispense,Left,398,219,62,3,,,0.04
2025-11-13 15:33:30,1.17.2,PR1,6,4.07,2.0,3,Pellet,Left,398,219,63,3,1.25,37.0,
2025-11-13 15:33:37,1.17.2,PR1,6,4.07,,4,Left,Left,399,219,63,3,,,0.18
2025-11-13 15:33:39,1.17.2,PR1,6,4.06,,4,Left,Left,400,219,63,3,,,0.21
2025-11-13 15:33:43,1.17.2,PR1,6,4.06,,4,Left,Left,401,219,63,3,,,0.1
2025-11-13 15:35:20,1.17.2,PR1,6,4.06,,4,Right,Left,401,220,63,3,,,0.15
2025-11-13 15:35:25,1.17.2,PR1,6,4.05,,4,Right,Left,401,221,63,3,,,0.04
2025-11-13 17:16:05,1.17.2,PR1,6,4.07,,1,Left,Left,402,221,63,0,,,0.27
2025-11-13 17:16:06,1.17.2,PR1,6,4.06,1.0,1,Pellet,Left,402,221,64,1,0.53,6156.0,
2025-11-13 17:16:15,1.17.2,PR1,6,4.06,,2,Left,Left,403,221,64,1,,,0.03
2025-11-13 17:16:16,1.17.2,PR1,6,4.06,,2,Left,Left,404,221,64,1,,,0.45
2025-11-13 17:16:16,1.17.2,PR1,6,4.06,,2,LeftDuringDispense,Left,405,221,64,2,,,0.03
2025-11-13 17:16:20,1.17.2,PR1,6,4.06,2.0,2,Pellet,Left,405,221,65,2,0.29,13.0,
2025-11-13 17:16:28,1.17.2,PR1,6,4.05,,3,Left,Left,406,221,65,2,,,0.18
2025-11-13 17:16:29,1.17.2,PR1,6,4.06,,3,Left,Left,407,221,65,2,,,0.0
2025-11-13 17:16:33,1.17.2,PR1,6,4.06,,3,Left,Left,408,221,65,2,,,0.01
2025-11-13 17:16:34,1.17.2,PR1,6,4.06,1.0,3,Pellet,Left,408,221,66,3,0.17,15.0,
2025-11-13 17:16:46,1.17.2,PR1,6,4.06,,4,Left,Left,409,221,66,3,,,0.05
2025-11-13 17:16:47,1.17.2,PR1,6,4.06,,4,Left,Left,410,221,66,3,,,0.37
2025-11-13 17:16:50,1.17.2,PR1,6,4.06,,4,Left,Left,411,221,66,3,,,0.19
2025-11-13 17:16:52,1.17.2,PR1,6,4.05,,4,Right,Left,411,222,66,3,,,0.28
2025-11-13 17:16:53,1.17.2,PR1,6,4.06,,4,Right,Left,411,223,66,3,,,0.01
2025-11-13 17:28:15,1.17.2,PR1,6,4.06,,4,Left,Left,412,223,66,3,,,0.13
2025-11-13 17:28:16,1.17.2,PR1,6,4.06,1.0,4,Pellet,Left,412,223,67,4,0.41,702.0,
2025-11-13 17:53:07,1.17.2,PR1,6,4.07,,5,Left,Left,413,223,67,4,,,0.27
2025-11-13 17:55:48,1.17.2,PR1,6,4.06,,5,Right,Left,413,224,67,4,,,0.22
2025-11-13 17:55:49,1.17.2,PR1,6,4.06,,5,Right,Left,413,225,67,4,,,0.14
2025-11-13 17:55:50,1.17.2,PR1,6,4.05,,5,Right,Left,413,226,67,4,,,0.32
2025-11-13 17:55:51,1.17.2,PR1,6,4.06,,5,Right,Left,413,227,67,4,,,0.32
2025-11-13 17:55:53,1.17.2,PR1,6,4.06,,5,Right,Left,413,228,67,4,,,0.12
2025-11-13 17:55:57,1.17.2,PR1,6,4.06,,5,Left,Left,414,228,67,4,,,0.31
2025-11-13 17:55:58,1.17.2,PR1,6,4.06,,5,Left,Left,415,228,67,4,,,0.08
2025-11-13 17:56:01,1.17.2,PR1,6,4.06,,5,Left,Left,416,228,67,4,,,0.08
2025-11-13 18:03:46,1.17.2,PR1,6,4.06,,5,Right,Left,416,229,67,4,,,0.13
2025-11-13 18:03:52,1.17.2,PR1,6,4.05,,5,Left,Left,417,229,67,4,,,0.01
2025-11-13 18:03:54,1.17.2,PR1,6,4.06,1.0,5,Pellet,Left,417,229,68,5,0.65,2138.0,
2025-11-13 18:04:05,1.17.2,PR1,6,4.06,,6,Left,Left,418,229,68,5,,,0.65
2025-11-13 18:04:07,1.17.2,PR1,6,4.06,,6,Left,Left,419,229,68,5,,,0.39
2025-11-13 18:04:08,1.17.2,PR1,6,4.07,,6,Left,Left,420,229,68,5,,,0.13
2025-11-13 18:06:54,1.17.2,PR1,6,4.06,,6,Left,Left,421,229,68,5,,,0.1
2025-11-13 18:06:55,1.17.2,PR1,6,4.06,,6,Left,Left,422,229,68,5,,,0.04
2025-11-13 18:06:56,1.17.2,PR1,6,4.05,,6,Left,Left,423,229,68,5,,,0.0
2025-11-13 18:06:57,1.17.2,PR1,6,4.06,1.0,6,Pellet,Left,423,229,69,6,0.17,183.0,
2025-11-13 18:07:27,1.17.2,PR1,6,4.06,,7,Left,Left,424,229,69,6,,,0.01
2025-11-13 18:08:23,1.17.2,PR1,6,4.06,,7,Right,Left,424,230,69,6,,,0.29
2025-11-13 18:08:24,1.17.2,PR1,6,4.06,,7,Right,Left,424,231,69,6,,,0.4
2025-11-13 18:08:25,1.17.2,PR1,6,4.06,,7,Right,Left,424,232,69,6,,,0.18
2025-11-13 18:08:38,1.17.2,PR1,6,4.06,,7,Left,Left,425,232,69,6,,,0.07
2025-11-13 18:08:39,1.17.2,PR1,6,4.06,,7,Left,Left,426,232,69,6,,,0.22
2025-11-13 18:09:06,1.17.2,PR1,6,4.06,,7,Right,Left,426,233,69,6,,,0.15
2025-11-13 18:10:34,1.17.2,PR1,6,4.06,,7,Left,Left,427,233,69,6,,,0.23
2025-11-13 18:10:39,1.17.2,PR1,6,4.05,,7,Left,Left,428,233,69,6,,,0.14
2025-11-13 18:10:42,1.17.2,PR1,6,4.06,,7,Left,Left,429,233,69,6,,,0.11
2025-11-13 18:19:28,1.17.2,PR1,6,4.05,,7,Left,Left,430,233,69,6,,,0.02
2025-11-13 18:19:29,1.17.2,PR1,6,4.06,1.0,7,Pellet,Left,430,233,70,7,0.59,752.0,
2025-11-13 18:19:39,1.17.2,PR1,6,4.05,,8,Left,Left,431,233,70,7,,,0.07
2025-11-13 18:19:40,1.17.2,PR1,6,4.06,,8,Left,Left,432,233,70,7,,,0.42
2025-11-13 18:19:41,1.17.2,PR1,6,4.06,,8,Left,Left,433,233,70,7,,,0.48
2025-11-13 18:19:43,1.17.2,PR1,6,4.06,,8,Left,Left,434,233,70,7,,,0.43
2025-11-13 18:19:51,1.17.2,PR1,6,4.06,,8,Right,Left,434,234,70,7,,,0.15
2025-11-13 18:24:27,1.17.2,PR1,6,4.06,,8,Right,Left,434,235,70,7,,,0.09
2025-11-13 18:31:13,1.17.2,PR1,6,4.06,,8,Right,Left,434,236,70,7,,,0.32
2025-11-13 18:31:14,1.17.2,PR1,6,4.05,,8,Right,Left,434,237,70,7,,,0.11
2025-11-13 18:31:17,1.17.2,PR1,6,4.05,,8,Left,Left,435,237,70,7,,,0.01
2025-11-13 18:31:20,1.17.2,PR1,6,4.05,,8,Left,Left,436,237,70,7,,,0.32
2025-11-13 18:31:21,1.17.2,PR1,6,4.05,,8,Left,Left,437,237,70,7,,,0.11
2025-11-13 18:31:27,1.17.2,PR1,6,4.06,,8,Left,Left,438,237,70,7,,,0.1
2025-11-13 18:31:29,1.17.2,PR1,6,4.06,1.0,8,Pellet,Left,438,237,71,8,0.41,719.0,
2025-11-13 18:31:37,1.17.2,PR1,6,4.06,,9,Left,Left,439,237,71,8,,,0.37
2025-11-13 18:31:38,1.17.2,PR1,6,4.05,,9,Left,Left,440,237,71,8,,,0.25
2025-11-13 18:31:40,1.17.2,PR1,6,4.06,,9,Left,Left,441,237,71,8,,,0.27
2025-11-13 18:36:42,1.17.2,PR1,6,4.06,,9,Left,Left,442,237,71,8,,,0.3
2025-11-13 18:38:59,1.17.2,PR1,6,4.06,,9,Left,Left,443,237,71,8,,,0.24
2025-11-13 18:39:00,1.17.2,PR1,6,4.06,,9,Left,Left,444,237,71,8,,,0.14
2025-11-13 18:40:28,1.17.2,PR1,6,4.06,,9,Left,Left,445,237,71,8,,,0.04
2025-11-13 18:43:41,1.17.2,PR1,6,4.05,,9,Left,Left,446,237,71,8,,,0.03
2025-11-13 18:43:50,1.17.2,PR1,6,4.06,,9,Left,Left,447,237,71,8,,,0.09
2025-11-13 18:43:51,1.17.2,PR1,6,4.06,1.0,9,Pellet,Left,447,237,72,9,0.23,743.0,
2025-11-13 18:44:00,1.17.2,PR1,6,4.05,,10,Left,Left,448,237,72,9,,,0.04
2025-11-13 18:44:06,1.17.2,PR1,6,4.06,,10,Left,Left,449,237,72,9,,,0.0
2025-11-13 18:45:45,1.17.2,PR1,6,4.06,,10,Left,Left,450,237,72,9,,,0.33
2025-11-13 18:45:46,1.17.2,PR1,6,4.06,,10,Left,Left,451,237,72,9,,,0.13
2025-11-13 18:54:13,1.17.2,PR1,6,4.06,,10,Right,Left,451,238,72,9,,,0.07
2025-11-13 18:54:19,1.17.2,PR1,6,4.06,,10,Left,Left,452,238,72,9,,,0.08
2025-11-13 18:58:50,1.17.2,PR1,6,4.06,,10,Left,Left,453,238,72,9,,,0.06
2025-11-13 19:00:23,1.17.2,PR1,6,4.06,,10,Left,Left,454,238,72,9,,,0.13
2025-11-13 19:00:24,1.17.2,PR1,6,4.05,,10,Left,Left,455,238,72,9,,,0.06
2025-11-13 19:01:15,1.17.2,PR1,6,4.05,,10,Right,Left,455,239,72,9,,,0.12
2025-11-13 19:01:20,1.17.2,PR1,6,4.05,,10,Left,Left,456,239,72,9,,,0.2
2025-11-13 19:01:22,1.17.2,PR1,6,4.05,,10,Left,Left,457,239,72,9,,,0.07
2025-11-13 19:01:23,1.17.2,PR1,6,4.06,1.0,10,Pellet,Left,457,239,73,10,0.23,1052.0,
2025-11-13 19:01:32,1.17.2,PR1,6,4.06,,11,Left,Left,458,239,73,10,,,0.17
2025-11-13 19:01:37,1.17.2,PR1,6,4.06,,11,Left,Left,459,239,73,10,,,0.08
2025-11-13 19:09:09,1.17.2,PR1,6,4.06,,11,Left,Left,460,239,73,10,,,0.01
2025-11-13 19:11:11,1.17.2,PR1,6,4.06,,11,Right,Left,460,240,73,10,,,0.22
2025-11-13 19:13:53,1.17.2,PR1,6,4.06,,11,Left,Left,461,240,73,10,,,0.08
2025-11-13 19:23:15,1.17.2,PR1,6,4.06,,11,Left,Left,462,240,73,10,,,0.24
2025-11-13 19:34:11,1.17.2,PR1,6,4.06,,11,Left,Left,463,240,73,10,,,0.08
2025-11-13 19:37:18,1.17.2,PR1,6,4.05,,11,Left,Left,464,240,73,10,,,0.11
2025-11-13 19:37:19,1.17.2,PR1,6,4.05,,11,Left,Left,465,240,73,10,,,0.27
2025-11-13 19:37:20,1.17.2,PR1,6,4.05,,11,Left,Left,466,240,73,10,,,0.09
2025-11-13 19:38:38,1.17.2,PR1,6,4.05,,11,Right,Left,466,241,73,10,,,0.31
2025-11-13 19:38:39,1.17.2,PR1,6,4.06,,11,Right,Left,466,242,73,10,,,0.14
2025-11-13 19:38:41,1.17.2,PR1,6,4.05,,11,Right,Left,466,243,73,10,,,0.15
2025-11-13 19:40:49,1.17.2,PR1,6,4.05,,11,Left,Left,467,243,73,10,,,0.08
2025-11-13 19:45:14,1.17.2,PR1,6,4.06,,11,Left,Left,468,243,73,10,,,0.04
2025-11-13 19:45:15,1.17.2,PR1,6,4.06,1.0,11,Pellet,Left,468,243,74,11,0.29,2632.0,
2025-11-13 19:45:23,1.17.2,PR1,6,4.06,,12,Left,Left,469,243,74,11,,,0.16
2025-11-13 19:45:25,1.17.2,PR1,6,4.06,,12,Left,Left,470,243,74,11,,,0.13
2025-11-13 19:45:26,1.17.2,PR1,6,4.06,,12,Left,Left,471,243,74,11,,,0.08
2025-11-13 19:45:27,1.17.2,PR1,6,4.05,,12,Left,Left,472,243,74,11,,,0.06
2025-11-13 19:45:43,1.17.2,PR1,6,4.05,,12,Left,Left,473,243,74,11,,,0.03
2025-11-13 19:45:46,1.17.2,PR1,6,4.06,,12,Left,Left,474,243,74,11,,,0.12
2025-11-13 19:45:47,1.17.2,PR1,6,4.06,,12,Left,Left,475,243,74,11,,,0.23
2025-11-13 19:45:48,1.17.2,PR1,6,4.06,,12,Left,Left,476,243,74,11,,,0.1
2025-11-13 19:45:49,1.17.2,PR1,6,4.07,,12,Left,Left,477,243,74,11,,,0.13
2025-11-13 19:45:51,1.17.2,PR1,6,4.06,,12,Left,Left,478,243,74,11,,,0.07
2025-11-13 19:45:53,1.17.2,PR1,6,4.05,,12,Left,Left,479,243,74,11,,,0.01
2025-11-13 19:48:40,1.17.2,PR1,6,4.06,,12,Right,Left,479,244,74,11,,,0.07
2025-11-13 19:48:55,1.17.2,PR1,6,4.06,,12,Left,Left,480,244,74,11,,,0.01
2025-11-13 19:48:56,1.17.2,PR1,6,4.06,1.0,12,Pellet,Left,480,244,75,12,0.47,221.0,
2025-11-13 19:49:10,1.17.2,PR1,6,4.06,,13,Left,Left,481,244,75,12,,,0.0
2025-11-13 19:49:11,1.17.2,PR1,6,4.06,,13,Left,Left,482,244,75,12,,,0.12
2025-11-13 19:49:15,1.17.2,PR1,6,4.06,,13,Left,Left,483,244,75,12,,,0.1
2025-11-13 19:53:45,1.17.2,PR1,6,4.05,,13,Right,Left,483,245,75,12,,,0.3
2025-11-13 19:53:46,1.17.2,PR1,6,4.06,,13,Right,Left,483,246,75,12,,,0.46
2025-11-13 19:53:47,1.17.2,PR1,6,4.06,,13,Right,Left,483,247,75,12,,,0.2
2025-11-13 19:53:57,1.17.2,PR1,6,4.05,,13,Left,Left,484,247,75,12,,,0.08
2025-11-13 19:53:59,1.17.2,PR1,6,4.06,,13,Left,Left,485,247,75,12,,,0.08
2025-11-13 19:54:00,1.17.2,PR1,6,4.05,,13,Left,Left,486,247,75,12,,,0.34
2025-11-13 19:56:06,1.17.2,PR1,6,4.06,,13,Left,Left,487,247,75,12,,,0.06
2025-11-13 19:57:27,1.17.2,PR1,6,4.05,,13,Left,Left,488,247,75,12,,,0.08
2025-11-13 19:57:29,1.17.2,PR1,6,4.06,,13,Left,Left,489,247,75,12,,,0.04
2025-11-13 19:57:30,1.17.2,PR1,6,4.06,,13,Left,Left,490,247,75,12,,,0.08
2025-11-13 19:57:34,1.17.2,PR1,6,4.06,,13,Left,Left,491,247,75,12,,,0.07
2025-11-13 19:58:24,1.17.2,PR1,6,4.06,,13,Right,Left,491,248,75,12,,,0.26
2025-11-13 19:58:26,1.17.2,PR1,6,4.05,,13,Right,Left,491,249,75,12,,,0.36
2025-11-13 19:58:27,1.17.2,PR1,6,4.06,,13,Right,Left,491,250,75,12,,,0.25
2025-11-13 20:08:50,1.17.2,PR1,6,4.05,,13,Left,Left,492,250,75,12,,,0.1
2025-11-13 20:09:01,1.17.2,PR1,6,4.06,,13,Left,Left,493,250,75,12,,,0.08
2025-11-13 20:09:02,1.17.2,PR1,6,4.06,1.0,13,Pellet,Left,493,250,76,13,0.29,1206.0,
2025-11-13 20:11:01,1.17.2,PR1,6,4.05,,14,Left,Left,494,250,76,13,,,0.09
2025-11-13 20:11:05,1.17.2,PR1,6,4.05,,14,Left,Left,495,250,76,13,,,0.13
2025-11-13 20:11:27,1.17.2,PR1,6,4.05,,14,Left,Left,496,250,76,13,,,0.05
2025-11-13 20:11:30,1.17.2,PR1,6,4.06,,14,Left,Left,497,250,76,13,,,0.12
2025-11-13 20:16:26,1.17.2,PR1,6,4.05,,14,Right,Left,497,251,76,13,,,0.03
2025-11-13 20:16:27,1.17.2,PR1,6,4.05,,14,Right,Left,497,252,76,13,,,0.27
2025-11-13 20:16:34,1.17.2,PR1,6,4.06,,14,Left,Left,498,252,76,13,,,0.31
2025-11-13 20:16:35,1.17.2,PR1,6,4.06,,14,Left,Left,499,252,76,13,,,0.09
2025-11-13 20:16:52,1.17.2,PR1,6,4.06,,14,Left,Left,500,252,76,13,,,0.19
2025-11-13 20:16:53,1.17.2,PR1,6,4.05,,14,Left,Left,501,252,76,13,,,0.24
2025-11-13 20:17:54,1.17.2,PR1,6,4.06,,14,Left,Left,502,252,76,13,,,0.64
2025-11-13 20:17:56,1.17.2,PR1,6,4.06,,14,Left,Left,503,252,76,13,,,0.91
2025-11-13 20:17:58,1.17.2,PR1,6,4.06,,14,Left,Left,504,252,76,13,,,0.16
2025-11-13 20:18:02,1.17.2,PR1,6,4.05,,14,Left,Left,505,252,76,13,,,0.11
2025-11-13 20:18:02,1.17.2,PR1,6,4.06,,14,Left,Left,506,252,76,13,,,0.09
2025-11-13 20:18:05,1.17.2,PR1,6,4.05,,14,Left,Left,507,252,76,13,,,0.07
2025-11-13 20:18:05,1.17.2,PR1,6,4.05,,14,LeftDuringDispense,Left,508,252,76,14,,,0.07
2025-11-13 20:18:08,1.17.2,PR1,6,4.06,2.0,14,Pellet,Left,508,252,77,14,0.17,546.0,
2025-11-13 20:18:21,1.17.2,PR1,6,4.06,,15,Left,Left,509,252,77,14,,,0.37
2025-11-13 20:18:23,1.17.2,PR1,6,4.06,,15,Left,Left,510,252,77,14,,,0.25
2025-11-13 20:18:24,1.17.2,PR1,6,4.06,,15,Left,Left,511,252,77,14,,,0.2
2025-11-13 20:18:25,1.17.2,PR1,6,4.07,,15,Left,Left,512,252,77,14,,,0.18
2025-11-13 20:18:27,1.17.2,PR1,6,4.05,,15,Left,Left,513,252,77,14,,,0.09
2025-11-13 20:18:28,1.17.2,PR1,6,4.06,,15,Left,Left,514,252,77,14,,,0.38
2025-11-13 20:18:30,1.17.2,PR1,6,4.05,,15,Left,Left,515,252,77,14,,,0.3
2025-11-13 20:18:32,1.17.2,PR1,6,4.06,,15,Left,Left,516,252,77,14,,,0.16
2025-11-13 20:18:34,1.17.2,PR1,6,4.06,,15,Left,Left,517,252,77,14,,,0.32
2025-11-13 20:18:51,1.17.2,PR1,6,4.05,,15,Left,Left,518,252,77,14,,,0.15
2025-11-13 20:18:53,1.17.2,PR1,6,4.05,,15,Right,Left,518,253,77,14,,,0.15
2025-11-13 20:18:54,1.17.2,PR1,6,4.05,,15,Right,Left,518,254,77,14,,,0.17
2025-11-13 20:18:55,1.17.2,PR1,6,4.06,,15,Right,Left,518,255,77,14,,,0.07
2025-11-13 20:20:47,1.17.2,PR1,6,4.06,,15,Left,Left,519,255,77,14,,,0.04
2025-11-13 20:20:48,1.17.2,PR1,6,4.06,,15,Left,Left,520,255,77,14,,,0.07
2025-11-13 20:22:45,1.17.2,PR1,6,4.05,,15,Left,Left,521,255,77,14,,,0.21
2025-11-13 20:22:46,1.17.2,PR1,6,4.06,,15,Left,Left,522,255,77,14,,,0.49
2025-11-13 20:22:49,1.17.2,PR1,6,4.06,,15,Left,Left,523,255,77,14,,,0.12
2025-11-13 20:22:50,1.17.2,PR1,6,4.05,,15,LeftDuringDispense,Left,524,255,77,15,,,0.03
2025-11-13 20:23:05,1.17.2,PR1,6,4.05,3.0,15,Pellet,Left,524,255,78,15,10.67,297.0,
2025-11-13 20:23:23,1.17.2,PR1,6,4.06,,16,Left,Left,525,255,78,15,,,0.07
2025-11-13 20:23:23,1.17.2,PR1,6,4.06,,16,Left,Left,526,255,78,15,,,0.0
2025-11-13 20:23:24,1.17.2,PR1,6,4.06,,16,Left,Left,527,255,78,15,,,0.0
2025-11-13 20:23:29,1.17.2,PR1,6,4.05,,16,Right,Left,527,256,78,15,,,0.37
2025-11-13 20:23:32,1.17.2,PR1,6,4.06,,16,Left,Left,528,256,78,15,,,0.18
2025-11-13 20:23:33,1.17.2,PR1,6,4.05,,16,Left,Left,529,256,78,15,,,0.19
2025-11-13 20:23:41,1.17.2,PR1,6,4.06,,16,Left,Left,530,256,78,15,,,0.03
2025-11-13 20:37:42,1.17.2,PR1,6,4.06,,16,Left,Left,531,256,78,15,,,0.17
2025-11-13 20:37:44,1.17.2,PR1,6,4.05,,16,Left,Left,532,256,78,15,,,0.17
2025-11-13 20:37:45,1.17.2,PR1,6,4.06,,16,Left,Left,533,256,78,15,,,0.22
2025-11-13 20:37:46,1.17.2,PR1,6,4.06,,16,Left,Left,534,256,78,15,,,0.27
2025-11-13 20:37:47,1.17.2,PR1,6,4.06,,16,Left,Left,535,256,78,15,,,0.07
2025-11-13 20:37:51,1.17.2,PR1,6,4.05,,16,Left,Left,536,256,78,15,,,0.19
2025-11-13 20:37:52,1.17.2,PR1,6,4.06,,16,Left,Left,537,256,78,15,,,0.03
2025-11-13 20:37:55,1.17.2,PR1,6,4.06,,16,Left,Left,538,256,78,15,,,0.04
2025-11-13 20:43:27,1.17.2,PR1,6,4.05,,16,Left,Left,539,256,78,15,,,0.05
2025-11-13 20:43:29,1.17.2,PR1,6,4.05,,16,Left,Left,540,256,78,15,,,0.58
2025-11-13 20:43:30,1.17.2,PR1,6,4.05,1.0,16,Pellet,Left,540,256,79,16,0.29,1225.0,
2025-11-13 20:43:38,1.17.2,PR1,6,4.05,,17,Left,Left,541,256,79,16,,,0.14
2025-11-13 20:43:42,1.17.2,PR1,6,4.05,,17,Left,Left,542,256,79,16,,,0.05
2025-11-13 20:45:53,1.17.2,PR1,6,4.06,,17,Left,Left,543,256,79,16,,,0.14
2025-11-13 20:46:01,1.17.2,PR1,6,4.05,,17,Left,Left,544,256,79,16,,,0.04
2025-11-13 20:47:01,1.17.2,PR1,6,4.06,,17,Right,Left,544,257,79,16,,,0.03
2025-11-13 20:47:05,1.17.2,PR1,6,4.06,,17,Left,Left,545,257,79,16,,,0.04
2025-11-13 20:47:07,1.17.2,PR1,6,4.06,,17,Left,Left,546,257,79,16,,,0.13
2025-11-13 20:47:13,1.17.2,PR1,6,4.06,,17,Left,Left,547,257,79,16,,,0.05
2025-11-13 20:54:48,1.17.2,PR1,6,4.06,,17,Right,Left,547,258,79,16,,,0.2
2025-11-13 20:54:49,1.17.2,PR1,6,4.06,,17,Right,Left,547,259,79,16,,,0.0
2025-11-13 20:54:50,1.17.2,PR1,6,4.06,,17,Right,Left,547,260,79,16,,,0.05
2025-11-13 20:54:52,1.17.2,PR1,6,4.05,,17,Right,Left,547,261,79,16,,,0.39
2025-11-13 20:54:53,1.17.2,PR1,6,4.06,,17,Right,Left,547,262,79,16,,,0.0
2025-11-13 20:54:57,1.17.2,PR1,6,4.05,,17,Left,Left,548,262,79,16,,,0.21
2025-11-13 20:54:58,1.17.2,PR1,6,4.06,,17,Left,Left,549,262,79,16,,,0.04
2025-11-13 20:54:59,1.17.2,PR1,6,4.06,,17,Left,Left,550,262,79,16,,,0.38
2025-11-13 20:55:01,1.17.2,PR1,6,4.05,,17,Left,Left,551,262,79,16,,,0.21
2025-11-13 20:55:02,1.17.2,PR1,6,4.06,,17,Left,Left,552,262,79,16,,,0.19
2025-11-13 20:57:24,1.17.2,PR1,6,4.06,,17,Left,Left,553,262,79,16,,,0.06
2025-11-13 20:57:25,1.17.2,PR1,6,4.05,,17,Left,Left,554,262,79,16,,,0.09
2025-11-13 20:57:27,1.17.2,PR1,6,4.05,,17,Left,Left,555,262,79,16,,,0.32
2025-11-13 20:57:28,1.17.2,PR1,6,4.05,,17,Left,Left,556,262,79,16,,,0.01
2025-11-13 20:57:33,1.17.2,PR1,6,4.06,,17,Right,Left,556,263,79,16,,,0.07
2025-11-13 20:57:33,1.17.2,PR1,6,4.05,,17,Right,Left,556,264,79,16,,,0.11
2025-11-13 20:57:42,1.17.2,PR1,6,4.05,,17,Right,Left,556,265,79,16,,,0.05
2025-11-13 20:57:43,1.17.2,PR1,6,4.05,,17,Right,Left,556,266,79,16,,,0.36
2025-11-13 20:57:44,1.17.2,PR1,6,4.05,,17,Right,Left,556,267,79,16,,,0.28
2025-11-13 20:57:45,1.17.2,PR1,6,4.06,,17,Right,Left,556,268,79,16,,,0.08
2025-11-13 20:57:47,1.17.2,PR1,6,4.05,,17,Left,Left,557,268,79,16,,,0.19
2025-11-13 20:57:48,1.17.2,PR1,6,4.06,1.0,17,Pellet,Left,557,268,80,17,0.53,858.0,
2025-11-13 20:57:55,1.17.2,PR1,6,4.05,,18,Left,Left,558,268,80,17,,,0.1
2025-11-13 20:57:56,1.17.2,PR1,6,4.06,,18,Left,Left,559,268,80,17,,,0.09
2025-11-13 20:57:58,1.17.2,PR1,6,4.05,,18,Left,Left,560,268,80,17,,,0.03
2025-11-13 21:00:50,1.17.2,PR1,6,4.05,,18,Left,Left,561,268,80,17,,,0.07
2025-11-13 21:00:58,1.17.2,PR1,6,4.06,,18,Left,Left,562,268,80,17,,,0.09
2025-11-13 21:00:59,1.17.2,PR1,6,4.05,,18,Left,Left,563,268,80,17,,,0.14
2025-11-13 21:01:00,1.17.2,PR1,6,4.06,,18,Left,Left,564,268,80,17,,,0.0
2025-11-13 21:01:01,1.17.2,PR1,6,4.05,,18,Left,Left,565,268,80,17,,,0.14
2025-11-13 21:01:03,1.17.2,PR1,6,4.05,,18,Left,Left,566,268,80,17,,,0.25
2025-11-13 21:01:04,1.17.2,PR1,6,4.05,,18,Left,Left,567,268,80,17,,,0.04
2025-11-13 21:05:36,1.17.2,PR1,6,4.06,,18,Left,Left,568,268,80,17,,,0.1
2025-11-13 21:05:37,1.17.2,PR1,6,4.05,,18,Left,Left,569,268,80,17,,,0.08
2025-11-13 21:10:50,1.17.2,PR1,6,4.05,,18,Right,Left,569,269,80,17,,,0.06
2025-11-13 21:10:53,1.17.2,PR1,6,4.06,,18,Right,Left,569,270,80,17,,,0.66
2025-11-13 21:10:55,1.17.2,PR1,6,4.05,,18,Right,Left,569,271,80,17,,,0.22
2025-11-13 21:10:59,1.17.2,PR1,6,4.05,,18,Left,Left,570,271,80,17,,,0.01
2025-11-13 21:11:00,1.17.2,PR1,6,4.06,,18,Left,Left,571,271,80,17,,,0.23
2025-11-13 21:11:03,1.17.2,PR1,6,4.05,,18,Left,Left,572,271,80,17,,,0.09
2025-11-13 21:11:05,1.17.2,PR1,6,4.06,,18,Left,Left,573,271,80,17,,,0.69
2025-11-13 21:11:06,1.17.2,PR1,6,4.05,,18,Left,Left,574,271,80,17,,,0.3
2025-11-13 21:12:15,1.17.2,PR1,6,4.06,,18,Left,Left,575,271,80,17,,,0.38
2025-11-13 21:12:17,1.17.2,PR1,6,4.05,1.0,18,Pellet,Left,575,271,81,18,0.47,869.0,
2025-11-13 21:12:36,1.17.2,PR1,6,4.05,,19,Left,Left,576,271,81,18,,,0.1
2025-11-13 21:12:37,1.17.2,PR1,6,4.05,,19,Left,Left,577,271,81,18,,,0.09
2025-11-13 21:12:46,1.17.2,PR1,6,4.05,,19,Left,Left,578,271,81,18,,,0.09
2025-11-13 21:12:47,1.17.2,PR1,6,4.05,,19,Left,Left,579,271,81,18,,,0.0
2025-11-13 21:12:48,1.17.2,PR1,6,4.05,,19,Left,Left,580,271,81,18,,,0.16
2025-11-13 21:12:50,1.17.2,PR1,6,4.06,,19,Left,Left,581,271,81,18,,,0.29
2025-11-13 21:13:33,1.17.2,PR1,6,4.05,,19,Right,Left,581,272,81,18,,,0.37
2025-11-13 21:13:34,1.17.2,PR1,6,4.05,,19,Right,Left,581,273,81,18,,,0.19
2025-11-13 21:14:23,1.17.2,PR1,6,4.06,,19,Left,Left,582,273,81,18,,,0.4
2025-11-13 21:17:13,1.17.2,PR1,6,4.05,,19,Left,Left,583,273,81,18,,,0.33
2025-11-13 21:17:14,1.17.2,PR1,6,4.06,,19,Left,Left,584,273,81,18,,,0.3
2025-11-13 21:17:33,1.17.2,PR1,6,4.05,,19,Right,Left,584,274,81,18,,,0.12
2025-11-13 21:17:35,1.17.2,PR1,6,4.05,,19,Right,Left,584,275,81,18,,,0.29
2025-11-13 21:25:15,1.17.2,PR1,6,4.05,,19,Left,Left,585,275,81,18,,,0.18
2025-11-13 21:25:16,1.17.2,PR1,6,4.06,,19,Left,Left,586,275,81,18,,,0.21
2025-11-13 21:26:19,1.17.2,PR1,6,4.05,,19,Left,Left,587,275,81,18,,,0.31
2025-11-13 21:26:22,1.17.2,PR1,6,4.05,,19,Left,Left,588,275,81,18,,,2.46
2025-11-13 21:26:24,1.17.2,PR1,6,4.05,,19,Left,Left,589,275,81,18,,,0.0
2025-11-13 21:26:25,1.17.2,PR1,6,4.06,,19,Left,Left,590,275,81,18,,,0.16
2025-11-13 21:26:26,1.17.2,PR1,6,4.05,,19,Left,Left,591,275,81,18,,,0.31
2025-11-13 21:26:29,1.17.2,PR1,6,4.06,,19,Left,Left,592,275,81,18,,,2.21
2025-11-13 21:26:31,1.17.2,PR1,6,4.05,,19,Left,Left,593,275,81,18,,,0.25
2025-11-13 21:26:33,1.17.2,PR1,6,4.06,,19,Left,Left,594,275,81,18,,,0.2
2025-11-13 21:26:43,1.17.2,PR1,6,4.06,2.0,19,Pellet,Left,594,275,82,19,7.84,866.0,
2025-11-13 21:26:54,1.17.2,PR1,6,4.05,,20,Left,Left,595,275,82,19,,,0.08
2025-11-13 21:26:55,1.17.2,PR1,6,4.05,,20,Left,Left,596,275,82,19,,,0.0
2025-11-13 21:26:56,1.17.2,PR1,6,4.06,,20,Left,Left,597,275,82,19,,,0.18
2025-11-13 21:27:01,1.17.2,PR1,6,4.06,,20,Left,Left,598,275,82,19,,,0.17
2025-11-13 21:27:03,1.17.2,PR1,6,4.05,,20,Left,Left,599,275,82,19,,,0.15
2025-11-13 21:27:05,1.17.2,PR1,6,4.06,,20,Left,Left,600,275,82,19,,,0.06
2025-11-13 21:27:09,1.17.2,PR1,6,4.05,,20,Left,Left,601,275,82,19,,,0.4
2025-11-13 21:28:37,1.17.2,PR1,6,4.05,,20,Left,Left,602,275,82,19,,,0.08
2025-11-13 21:28:39,1.17.2,PR1,6,4.05,,20,Left,Left,603,275,82,19,,,0.13
2025-11-13 21:28:42,1.17.2,PR1,6,4.05,,20,Right,Left,603,276,82,19,,,0.08
2025-11-13 21:28:43,1.17.2,PR1,6,4.05,,20,Right,Left,603,277,82,19,,,0.33
2025-11-13 21:32:08,1.17.2,PR1,6,4.05,,20,Left,Left,604,277,82,19,,,0.05
2025-11-13 21:33:47,1.17.2,PR1,6,4.05,,20,Left,Left,605,277,82,19,,,0.14
2025-11-13 21:34:23,1.17.2,PR1,6,4.05,,20,Left,Left,606,277,82,19,,,0.53
2025-11-13 21:34:24,1.17.2,PR1,6,4.05,,20,Left,Left,607,277,82,19,,,0.18
2025-11-13 21:34:26,1.17.2,PR1,6,4.06,,20,Left,Left,608,277,82,19,,,0.19
2025-11-13 21:36:14,1.17.2,PR1,6,4.05,,20,Right,Left,608,278,82,19,,,0.19
2025-11-13 21:39:21,1.17.2,PR1,6,4.05,,20,Left,Left,609,278,82,19,,,0.12
2025-11-13 21:39:21,1.17.2,PR1,6,4.05,,20,Left,Left,610,278,82,19,,,0.0
2025-11-13 21:39:22,1.17.2,PR1,6,4.05,,20,Left,Left,611,278,82,19,,,0.2
2025-11-13 21:54:37,1.17.2,PR1,6,4.05,,20,Left,Left,612,278,82,19,,,0.57
2025-11-13 21:54:40,1.17.2,PR1,6,4.05,,20,Left,Left,613,278,82,19,,,0.1
2025-11-13 21:54:46,1.17.2,PR1,6,4.05,,20,Left,Left,614,278,82,19,,,0.56
2025-11-13 21:54:47,1.17.2,PR1,6,4.05,1.0,20,Pellet,Left,614,278,83,20,0.35,1684.0,
2025-11-13 21:56:11,1.17.2,PR1,6,4.06,,21,Left,Left,615,278,83,20,,,0.07
2025-11-13 21:56:15,1.17.2,PR1,6,4.05,,21,Left,Left,616,278,83,20,,,0.18
2025-11-13 21:56:17,1.17.2,PR1,6,4.05,,21,Left,Left,617,278,83,20,,,0.19
2025-11-13 22:00:15,1.17.2,PR1,6,4.05,,21,Right,Left,617,279,83,20,,,0.05
2025-11-13 22:00:17,1.17.2,PR1,6,4.05,,21,Right,Left,617,280,83,20,,,0.02
2025-11-13 22:00:18,1.17.2,PR1,6,4.06,,21,Right,Left,617,281,83,20,,,0.0
2025-11-13 22:00:21,1.17.2,PR1,6,4.05,,21,Left,Left,618,281,83,20,,,0.19
2025-11-13 22:00:23,1.17.2,PR1,6,4.05,,21,Left,Left,619,281,83,20,,,0.08
2025-11-13 22:00:24,1.17.2,PR1,6,4.05,,21,Left,Left,620,281,83,20,,,0.12
2025-11-13 22:00:27,1.17.2,PR1,6,4.05,,21,Left,Left,621,281,83,20,,,0.12
2025-11-13 22:00:28,1.17.2,PR1,6,4.05,,21,Left,Left,622,281,83,20,,,0.37
2025-11-13 22:00:30,1.17.2,PR1,6,4.05,,21,Left,Left,623,281,83,20,,,0.05
2025-11-13 22:00:33,1.17.2,PR1,6,4.05,,21,Left,Left,624,281,83,20,,,0.11
2025-11-13 22:03:42,1.17.2,PR1,6,4.05,,21,Left,Left,625,281,83,20,,,0.11
2025-11-13 22:03:43,1.17.2,PR1,6,4.05,,21,Left,Left,626,281,83,20,,,0.23
2025-11-13 22:08:04,1.17.2,PR1,6,4.05,,21,Right,Left,626,282,83,20,,,0.11
2025-11-13 22:08:43,1.17.2,PR1,6,4.05,,21,Right,Left,626,283,83,20,,,0.47
2025-11-13 22:08:46,1.17.2,PR1,6,4.05,,21,Left,Left,627,283,83,20,,,0.68
2025-11-13 22:08:47,1.17.2,PR1,6,4.05,,21,Left,Left,628,283,83,20,,,0.0
2025-11-13 22:08:48,1.17.2,PR1,6,4.05,,21,Left,Left,629,283,83,20,,,0.23
2025-11-13 22:10:22,1.17.2,PR1,6,4.06,,21,Left,Left,630,283,83,20,,,0.02
2025-11-13 22:10:23,1.17.2,PR1,6,4.05,,21,Left,Left,631,283,83,20,,,0.24
2025-11-13 22:10:25,1.17.2,PR1,6,4.05,,21,Left,Left,632,283,83,20,,,1.27
2025-11-13 22:11:22,1.17.2,PR1,6,4.05,,21,Right,Left,632,284,83,20,,,0.15
2025-11-13 22:11:24,1.17.2,PR1,6,4.06,,21,Right,Left,632,285,83,20,,,0.39
2025-11-13 22:12:20,1.17.2,PR1,6,4.05,,21,Left,Left,633,285,83,20,,,0.31
2025-11-13 22:12:20,1.17.2,PR1,6,4.05,,21,Left,Left,634,285,83,20,,,0.0
2025-11-13 22:12:21,1.17.2,PR1,6,4.05,,21,Left,Left,635,285,83,20,,,0.0
2025-11-13 22:12:22,1.17.2,PR1,6,4.05,1.0,21,Pellet,Left,635,285,84,21,0.53,1055.0,
2025-11-13 22:12:33,1.17.2,PR1,6,4.05,,22,Left,Left,636,285,84,21,,,0.13
2025-11-13 22:12:34,1.17.2,PR1,6,4.05,,22,Left,Left,637,285,84,21,,,0.0
2025-11-13 22:12:35,1.17.2,PR1,6,4.05,,22,Left,Left,638,285,84,21,,,0.17
2025-11-13 22:12:39,1.17.2,PR1,6,4.05,,22,Left,Left,639,285,84,21,,,0.41
2025-11-13 22:12:45,1.17.2,PR1,6,4.05,,22,Left,Left,640,285,84,21,,,0.03
2025-11-13 22:12:51,1.17.2,PR1,6,4.05,,22,Left,Left,641,285,84,21,,,0.06
2025-11-13 22:14:11,1.17.2,PR1,6,4.05,,22,Left,Left,642,285,84,21,,,0.04
2025-11-13 22:17:05,1.17.2,PR1,6,4.05,,22,Left,Left,643,285,84,21,,,0.23
2025-11-13 22:17:11,1.17.2,PR1,6,4.05,,22,Left,Left,644,285,84,21,,,0.08
2025-11-13 22:17:14,1.17.2,PR1,6,4.05,,22,Left,Left,645,285,84,21,,,0.12
2025-11-13 22:25:33,1.17.2,PR1,6,4.06,,22,Left,Left,646,285,84,21,,,0.55
2025-11-13 22:25:34,1.17.2,PR1,6,4.05,,22,Left,Left,647,285,84,21,,,0.08
2025-11-13 22:25:45,1.17.2,PR1,6,4.05,,22,Right,Left,647,286,84,21,,,0.26
2025-11-13 22:26:30,1.17.2,PR1,6,4.05,,22,Left,Left,648,286,84,21,,,0.22
2025-11-13 22:26:32,1.17.2,PR1,6,4.05,,22,Left,Left,649,286,84,21,,,0.1
2025-11-13 22:27:38,1.17.2,PR1,6,4.05,,22,Left,Left,650,286,84,21,,,0.09
2025-11-13 22:27:40,1.17.2,PR1,6,4.05,,22,Left,Left,651,286,84,21,,,0.37
2025-11-13 22:27:42,1.17.2,PR1,6,4.05,,22,Left,Left,652,286,84,21,,,0.01
2025-11-13 22:27:43,1.17.2,PR1,6,4.05,,22,Left,Left,653,286,84,21,,,0.24
2025-11-13 22:27:47,1.17.2,PR1,6,4.05,,22,Left,Left,654,286,84,21,,,0.11
2025-11-13 22:31:56,1.17.2,PR1,6,4.05,,22,Left,Left,655,286,84,21,,,0.09
2025-11-13 22:31:57,1.17.2,PR1,6,4.05,,22,Left,Left,656,286,84,21,,,0.02
2025-11-13 22:32:00,1.17.2,PR1,6,4.05,,22,Left,Left,657,286,84,21,,,0.09
2025-11-13 22:32:01,1.17.2,PR1,6,4.05,1.0,22,Pellet,Left,657,286,85,22,0.29,1179.0,
2025-11-13 22:32:38,1.17.2,PR1,6,4.05,,23,Left,Left,658,286,85,22,,,0.16
2025-11-13 22:33:11,1.17.2,PR1,6,4.05,,23,Left,Left,659,286,85,22,,,0.06
2025-11-13 22:33:12,1.17.2,PR1,6,4.05,,23,Left,Left,660,286,85,22,,,0.26
2025-11-13 22:33:13,1.17.2,PR1,6,4.05,,23,Left,Left,661,286,85,22,,,0.11
2025-11-13 22:33:15,1.17.2,PR1,6,4.06,,23,Left,Left,662,286,85,22,,,0.12
2025-11-13 22:43:06,1.17.2,PR1,6,4.05,,23,Left,Left,663,286,85,22,,,0.07
2025-11-13 22:43:07,1.17.2,PR1,6,4.05,,23,Left,Left,664,286,85,22,,,0.0
2025-11-13 22:44:06,1.17.2,PR1,6,4.05,,23,Left,Left,665,286,85,22,,,0.22
2025-11-13 22:44:09,1.17.2,PR1,6,4.05,,23,Left,Left,666,286,85,22,,,0.12
2025-11-13 22:44:11,1.17.2,PR1,6,4.05,,23,Left,Left,667,286,85,22,,,0.3
2025-11-13 22:44:12,1.17.2,PR1,6,4.05,,23,Left,Left,668,286,85,22,,,0.0
2025-11-13 22:44:13,1.17.2,PR1,6,4.05,,23,Left,Left,669,286,85,22,,,0.19
2025-11-13 22:44:16,1.17.2,PR1,6,4.05,,23,Left,Left,670,286,85,22,,,0.15
2025-11-13 22:44:18,1.17.2,PR1,6,4.05,,23,Left,Left,671,286,85,22,,,0.02
2025-11-13 22:44:23,1.17.2,PR1,6,4.05,,23,Left,Left,672,286,85,22,,,0.12
2025-11-13 22:45:10,1.17.2,PR1,6,4.05,,23,Right,Left,672,287,85,22,,,0.09
2025-11-13 22:45:21,1.17.2,PR1,6,4.05,,23,Left,Left,673,287,85,22,,,0.04
2025-11-13 22:45:22,1.17.2,PR1,6,4.05,,23,Left,Left,674,287,85,22,,,0.0
2025-11-13 22:50:39,1.17.2,PR1,6,4.05,,23,Left,Left,675,287,85,22,,,0.23
2025-11-13 22:50:41,1.17.2,PR1,6,4.05,,23,Left,Left,676,287,85,22,,,0.44
2025-11-13 22:50:43,1.17.2,PR1,6,4.05,,23,Left,Left,677,287,85,22,,,0.09
2025-11-13 22:50:44,1.17.2,PR1,6,4.05,,23,Left,Left,678,287,85,22,,,0.07
2025-11-13 23:03:16,1.17.2,PR1,6,4.05,,23,Left,Left,679,287,85,22,,,0.02
2025-11-13 23:03:18,1.17.2,PR1,6,4.05,,23,Left,Left,680,287,85,22,,,0.76
2025-11-13 23:03:20,1.17.2,PR1,6,4.05,1.0,23,Pellet,Left,680,287,86,23,1.55,1879.0,
2025-11-13 23:06:19,1.17.2,PR1,6,4.05,,24,Left,Left,681,287,86,23,,,0.98
2025-11-13 23:06:20,1.17.2,PR1,6,4.05,,24,Left,Left,682,287,86,23,,,0.0
2025-11-13 23:06:21,1.17.2,PR1,6,4.05,,24,Left,Left,683,287,86,23,,,0.31
2025-11-13 23:06:23,1.17.2,PR1,6,4.05,,24,Left,Left,684,287,86,23,,,0.23
2025-11-13 23:44:56,1.17.2,PR1,6,4.05,,1,Left,Left,685,287,86,0,,,0.13
2025-11-13 23:44:57,1.17.2,PR1,6,4.05,1.0,1,Pellet,Left,685,287,87,1,0.41,2497.0,
2025-11-13 23:45:03,1.17.2,PR1,6,4.05,,2,Left,Left,686,287,87,1,,,0.03
2025-11-13 23:45:05,1.17.2,PR1,6,4.05,,2,Left,Left,687,287,87,1,,,0.66
2025-11-13 23:45:06,1.17.2,PR1,6,4.05,1.0,2,Pellet,Left,687,287,88,2,0.35,9.0,
2025-11-13 23:45:17,1.17.2,PR1,6,4.05,,3,Left,Left,688,287,88,2,,,0.04
2025-11-13 23:45:18,1.17.2,PR1,6,4.05,,3,Left,Left,689,287,88,2,,,0.44
2025-11-13 23:45:20,1.17.2,PR1,6,4.05,,3,Left,Left,690,287,88,2,,,0.03
2025-11-13 23:45:21,1.17.2,PR1,6,4.05,,3,LeftDuringDispense,Left,691,287,88,3,,,0.13
2025-11-13 23:45:24,1.17.2,PR1,6,4.05,2.0,3,Pellet,Left,691,287,89,3,0.35,18.0,
2025-11-13 23:45:39,1.17.2,PR1,6,4.05,,4,Left,Left,692,287,89,3,,,0.03
2025-11-13 23:45:41,1.17.2,PR1,6,4.05,,4,Left,Left,693,287,89,3,,,0.51
2025-11-13 23:45:43,1.17.2,PR1,6,4.05,,4,Left,Left,694,287,89,3,,,0.58
2025-11-13 23:45:44,1.17.2,PR1,6,4.05,,4,Left,Left,695,287,89,3,,,0.28
2025-11-13 23:45:45,1.17.2,PR1,6,4.05,1.0,4,Pellet,Left,695,287,90,4,0.29,21.0,
2025-11-13 23:45:52,1.17.2,PR1,6,4.05,,5,Left,Left,696,287,90,4,,,0.22
2025-11-13 23:45:53,1.17.2,PR1,6,4.05,,5,Left,Left,697,287,90,4,,,0.09
2025-11-13 23:45:55,1.17.2,PR1,6,4.05,,5,Left,Left,698,287,90,4,,,0.46
2025-11-13 23:47:16,1.17.2,PR1,6,4.05,,5,Right,Left,698,288,90,4,,,0.1
2025-11-13 23:47:17,1.17.2,PR1,6,4.05,,5,Right,Left,698,289,90,4,,,0.0
2025-11-13 23:47:19,1.17.2,PR1,6,4.05,,5,Left,Left,699,289,90,4,,,0.08
2025-11-13 23:47:21,1.17.2,PR1,6,4.05,,5,Left,Left,700,289,90,4,,,0.33
2025-11-13 23:47:22,1.17.2,PR1,6,4.05,2.0,5,Pellet,Left,700,289,91,5,0.06,97.0,
2025-11-13 23:47:32,1.17.2,PR1,6,4.05,,6,Left,Left,701,289,91,5,,,0.09
2025-11-13 23:47:33,1.17.2,PR1,6,4.05,,6,Left,Left,702,289,91,5,,,0.12
2025-11-13 23:47:35,1.17.2,PR1,6,4.05,,6,Left,Left,703,289,91,5,,,0.26
2025-11-13 23:47:41,1.17.2,PR1,6,4.05,,6,Left,Left,704,289,91,5,,,0.11
2025-11-13 23:47:43,1.17.2,PR1,6,4.05,,6,Left,Left,705,289,91,5,,,0.17
2025-11-13 23:47:58,1.17.2,PR1,6,4.05,,6,Right,Left,705,290,91,5,,,0.23
2025-11-13 23:56:38,1.17.2,PR1,6,4.05,,6,Left,Left,706,290,91,5,,,0.47
2025-11-13 23:56:39,1.17.2,PR1,6,4.05,1.0,6,Pellet,Left,706,290,92,6,0.29,557.0,
2025-11-13 23:56:50,1.17.2,PR1,6,4.05,,7,Left,Left,707,290,92,6,,,0.41
2025-11-13 23:56:52,1.17.2,PR1,6,4.05,,7,Left,Left,708,290,92,6,,,0.09
2025-11-13 23:56:54,1.17.2,PR1,6,4.05,,7,Left,Left,709,290,92,6,,,0.03
2025-11-13 23:56:58,1.17.2,PR1,6,4.05,,7,Left,Left,710,290,92,6,,,0.15
2025-11-13 23:57:02,1.17.2,PR1,6,4.05,,7,Right,Left,710,291,92,6,,,0.08
2025-11-13 23:57:03,1.17.2,PR1,6,4.05,,7,Right,Left,710,292,92,6,,,0.0
2025-11-13 23:58:21,1.17.2,PR1,6,4.06,,7,Left,Left,711,292,92,6,,,0.03
2025-11-13 23:58:22,1.17.2,PR1,6,4.05,,7,Left,Left,712,292,92,6,,,0.14
2025-11-13 23:58:23,1.17.2,PR1,6,4.05,,7,Left,Left,713,292,92,6,,,0.1
2025-11-13 23:58:24,1.17.2,PR1,6,4.05,1.0,7,Pellet,Left,713,292,93,7,0.23,105.0,
2025-11-13 23:58:32,1.17.2,PR1,6,4.05,,8,Left,Left,714,292,93,7,,,0.08
2025-11-13 23:58:33,1.17.2,PR1,6,4.05,,8,Left,Left,715,292,93,7,,,0.06
2025-11-13 23:58:35,1.17.2,PR1,6,4.05,,8,Left,Left,716,292,93,7,,,0.22
2025-11-14 00:10:40,1.17.2,PR1,6,4.05,,8,Left,Left,717,292,93,7,,,0.09
2025-11-14 00:10:41,1.17.2,PR1,6,4.05,,8,Left,Left,718,292,93,7,,,0.55
2025-11-14 00:10:44,1.17.2,PR1,6,4.05,,8,Left,Left,719,292,93,7,,,0.3
2025-11-14 00:10:48,1.17.2,PR1,6,4.05,,8,Left,Left,720,292,93,7,,,0.17
2025-11-14 00:11:21,1.17.2,PR1,6,4.05,,8,Right,Left,720,293,93,7,,,0.28
2025-11-14 00:13:22,1.17.2,PR1,6,4.05,,8,Left,Left,721,293,93,7,,,0.06
2025-11-14 00:13:23,1.17.2,PR1,6,4.05,1.0,8,Pellet,Left,721,293,94,8,0.29,899.0,
2025-11-14 00:13:43,1.17.2,PR1,6,4.05,,9,Left,Left,722,293,94,8,,,0.17
2025-11-14 00:13:44,1.17.2,PR1,6,4.05,,9,Left,Left,723,293,94,8,,,0.05
2025-11-14 00:14:17,1.17.2,PR1,6,4.05,,9,Left,Left,724,293,94,8,,,0.01
2025-11-14 00:14:18,1.17.2,PR1,6,4.05,,9,Left,Left,725,293,94,8,,,0.23
2025-11-14 00:14:19,1.17.2,PR1,6,4.05,,9,Left,Left,726,293,94,8,,,0.11
2025-11-14 00:19:42,1.17.2,PR1,6,4.05,,9,Left,Left,727,293,94,8,,,0.03
2025-11-14 00:21:31,1.17.2,PR1,6,4.05,,9,Left,Left,728,293,94,8,,,0.44
2025-11-14 00:21:34,1.17.2,PR1,6,4.05,,9,Left,Left,729,293,94,8,,,0.18
2025-11-14 00:21:36,1.17.2,PR1,6,4.05,,9,Left,Left,730,293,94,8,,,0.05
2025-11-14 00:21:38,1.17.2,PR1,6,4.05,1.0,9,Pellet,Left,730,293,95,9,1.01,495.0,
2025-11-14 00:22:30,1.17.2,PR1,6,4.05,,10,Right,Left,730,294,95,9,,,0.61
2025-11-14 00:22:53,1.17.2,PR1,6,4.05,,10,Left,Left,731,294,95,9,,,0.06
2025-11-14 00:22:54,1.17.2,PR1,6,4.05,,10,Left,Left,732,294,95,9,,,0.29
2025-11-14 00:28:08,1.17.2,PR1,6,4.05,,10,Left,Left,733,294,95,9,,,0.04
2025-11-14 00:28:22,1.17.2,PR1,6,4.05,,10,Left,Left,734,294,95,9,,,0.13
2025-11-14 00:28:26,1.17.2,PR1,6,4.05,,10,Left,Left,735,294,95,9,,,0.05
2025-11-14 00:28:29,1.17.2,PR1,6,4.05,,10,Left,Left,736,294,95,9,,,0.17
2025-11-14 00:28:56,1.17.2,PR1,6,4.05,,10,Left,Left,737,294,95,9,,,0.08
2025-11-14 00:32:09,1.17.2,PR1,6,4.05,,10,Left,Left,738,294,95,9,,,0.16
2025-11-14 00:32:10,1.17.2,PR1,6,4.05,,10,Left,Left,739,294,95,9,,,0.31
2025-11-14 00:32:11,1.17.2,PR1,6,4.05,,10,Left,Left,740,294,95,9,,,0.19
2025-11-14 00:32:12,1.17.2,PR1,6,4.05,1.0,10,Pellet,Left,740,294,96,10,0.47,634.0,
2025-11-14 00:32:19,1.17.2,PR1,6,4.05,,11,Left,Left,741,294,96,10,,,0.13
2025-11-14 00:32:20,1.17.2,PR1,6,4.05,,11,Left,Left,742,294,96,10,,,0.24
2025-11-14 00:32:21,1.17.2,PR1,6,4.05,,11,Left,Left,743,294,96,10,,,0.25
2025-11-14 00:36:00,1.17.2,PR1,6,4.05,,11,Left,Left,744,294,96,10,,,0.12
2025-11-14 00:36:02,1.17.2,PR1,6,4.05,,11,Left,Left,745,294,96,10,,,0.08
2025-11-14 00:36:21,1.17.2,PR1,6,4.05,,11,Left,Left,746,294,96,10,,,0.05
2025-11-14 00:38:17,1.17.2,PR1,6,4.05,,11,Left,Left,747,294,96,10,,,0.3
2025-11-14 00:38:19,1.17.2,PR1,6,4.05,,11,Left,Left,748,294,96,10,,,0.37
2025-11-14 00:38:21,1.17.2,PR1,6,4.05,,11,Left,Left,749,294,96,10,,,0.13
2025-11-14 00:38:23,1.17.2,PR1,6,4.05,,11,Left,Left,750,294,96,10,,,0.14
2025-11-14 00:53:20,1.17.2,PR1,6,4.05,,11,Left,Left,751,294,96,10,,,0.04
2025-11-14 00:53:22,1.17.2,PR1,6,4.05,1.0,11,Pellet,Left,751,294,97,11,0.83,1270.0,
2025-11-14 00:53:31,1.17.2,PR1,6,4.05,,12,Left,Left,752,294,97,11,,,0.14
2025-11-14 00:53:33,1.17.2,PR1,6,4.05,,12,Left,Left,753,294,97,11,,,0.72
2025-11-14 00:55:05,1.17.2,PR1,6,4.05,,12,Left,Left,754,294,97,11,,,0.19
2025-11-14 00:55:07,1.17.2,PR1,6,4.05,,12,Left,Left,755,294,97,11,,,0.24
2025-11-14 00:55:09,1.17.2,PR1,6,4.05,,12,Right,Left,755,295,97,11,,,0.02
2025-11-14 00:55:11,1.17.2,PR1,6,4.05,,12,Right,Left,755,296,97,11,,,0.31
2025-11-14 00:55:13,1.17.2,PR1,6,4.05,,12,Right,Left,755,297,97,11,,,0.07
2025-11-14 00:55:19,1.17.2,PR1,6,4.05,,12,Left,Left,756,297,97,11,,,0.06
2025-11-14 01:29:08,1.17.2,PR1,6,4.05,,1,Left,Left,757,297,97,0,,,0.28
2025-11-14 01:29:09,1.17.2,PR1,6,4.05,1.0,1,Pellet,Left,757,297,98,1,0.29,2147.0,
2025-11-14 01:29:13,1.17.2,PR1,6,4.05,,2,Left,Left,758,297,98,1,,,0.04
2025-11-14 01:29:14,1.17.2,PR1,6,4.05,,2,Left,Left,759,297,98,1,,,0.02
2025-11-14 01:29:15,1.17.2,PR1,6,4.05,,2,LeftDuringDispense,Left,760,297,98,2,,,0.05
2025-11-14 01:29:18,1.17.2,PR1,6,4.05,3.0,2,Pellet,Left,760,297,99,2,0.06,9.0,
2025-11-14 01:29:26,1.17.2,PR1,6,4.05,,3,Left,Left,761,297,99,2,,,0.0
2025-11-14 01:30:05,1.17.2,PR1,6,4.05,,3,Left,Left,762,297,99,2,,,0.77
2025-11-14 01:30:07,1.17.2,PR1,6,4.05,,3,Left,Left,763,297,99,2,,,0.28
2025-11-14 01:30:08,1.17.2,PR1,6,4.05,1.0,3,Pellet,Left,763,297,100,3,0.17,50.0,
2025-11-14 01:30:17,1.17.2,PR1,6,4.05,,4,Left,Left,764,297,100,3,,,0.47
2025-11-14 01:30:26,1.17.2,PR1,6,4.05,,4,Left,Left,765,297,100,3,,,0.06
2025-11-14 01:30:27,1.17.2,PR1,6,4.05,,4,Left,Left,766,297,100,3,,,0.0
2025-11-14 01:30:28,1.17.2,PR1,6,4.05,,4,Left,Left,767,297,100,3,,,0.21
2025-11-14 01:30:39,1.17.2,PR1,6,4.05,2.0,4,Pellet,Left,767,297,101,4,8.55,31.0,
2025-11-14 01:30:52,1.17.2,PR1,6,4.05,,5,Left,Left,768,297,101,4,,,0.38
2025-11-14 01:30:53,1.17.2,PR1,6,4.05,,5,Left,Left,769,297,101,4,,,0.34
2025-11-14 01:30:54,1.17.2,PR1,6,4.05,,5,Left,Left,770,297,101,4,,,0.18
2025-11-14 01:30:57,1.17.2,PR1,6,4.05,,5,Left,Left,771,297,101,4,,,0.07
2025-11-14 01:30:59,1.17.2,PR1,6,4.05,,5,Left,Left,772,297,101,4,,,0.12
2025-11-14 01:31:00,1.17.2,PR1,6,4.05,1.0,5,Pellet,Left,772,297,102,5,0.11,21.0,
2025-11-14 01:32:05,1.17.2,PR1,6,4.05,,6,Right,Left,772,298,102,5,,,0.03
2025-11-14 01:32:06,1.17.2,PR1,6,4.05,,6,Right,Left,772,299,102,5,,,0.0
2025-11-14 01:32:08,1.17.2,PR1,6,4.05,,6,Right,Left,772,300,102,5,,,0.2
2025-11-14 01:32:09,1.17.2,PR1,6,4.05,,6,Right,Left,772,301,102,5,,,0.14
2025-11-14 01:32:10,1.17.2,PR1,6,4.05,,6,Right,Left,772,302,102,5,,,0.15
2025-11-14 01:32:11,1.17.2,PR1,6,4.05,,6,Right,Left,772,303,102,5,,,0.16
2025-11-14 01:32:14,1.17.2,PR1,6,4.05,,6,Left,Left,773,303,102,5,,,0.07
2025-11-14 01:32:16,1.17.2,PR1,6,4.05,,6,Left,Left,774,303,102,5,,,0.05
2025-11-14 01:32:18,1.17.2,PR1,6,4.04,,6,Left,Left,775,303,102,5,,,0.57
2025-11-14 01:32:21,1.17.2,PR1,6,4.05,,6,Left,Left,776,303,102,5,,,0.07
2025-11-14 01:32:31,1.17.2,PR1,6,4.05,,6,Left,Left,777,303,102,5,,,0.42
2025-11-14 01:32:33,1.17.2,PR1,6,4.05,,6,Left,Left,778,303,102,5,,,0.05
2025-11-14 01:32:33,1.17.2,PR1,6,4.05,1.0,6,Pellet,Left,778,303,103,6,0.23,93.0,
2025-11-14 01:32:50,1.17.2,PR1,6,4.05,,7,Left,Left,779,303,103,6,,,0.09
2025-11-14 01:32:50,1.17.2,PR1,6,4.05,,7,Left,Left,780,303,103,6,,,0.0
2025-11-14 01:32:52,1.17.2,PR1,6,4.05,,7,Left,Left,781,303,103,6,,,0.21
2025-11-14 01:32:57,1.17.2,PR1,6,4.05,,7,Left,Left,782,303,103,6,,,0.06
2025-11-14 01:33:03,1.17.2,PR1,6,4.05,,7,Left,Left,783,303,103,6,,,0.0
2025-11-14 01:38:06,1.17.2,PR1,6,4.05,,7,Left,Left,784,303,103,6,,,0.08
2025-11-14 01:55:34,1.17.2,PR1,6,4.05,,7,Left,Left,785,303,103,6,,,0.05
2025-11-14 01:55:36,1.17.2,PR1,6,4.05,1.0,7,Pellet,Left,785,303,104,7,1.01,1383.0,
2025-11-14 01:55:42,1.17.2,PR1,6,4.05,,8,Left,Left,786,303,104,7,,,0.04
2025-11-14 01:55:43,1.17.2,PR1,6,4.05,,8,Left,Left,787,303,104,7,,,0.08
2025-11-14 01:55:45,1.17.2,PR1,6,4.05,,8,Left,Left,788,303,104,7,,,0.03
2025-11-14 01:55:47,1.17.2,PR1,6,4.05,,8,Left,Left,789,303,104,7,,,0.28
2025-11-14 01:55:49,1.17.2,PR1,6,4.05,,8,Left,Left,790,303,104,7,,,0.04
2025-11-14 01:55:50,1.17.2,PR1,6,4.05,,8,Left,Left,791,303,104,7,,,0.06
2025-11-14 01:55:59,1.17.2,PR1,6,4.05,,8,Right,Left,791,304,104,7,,,0.15
2025-11-14 01:56:02,1.17.2,PR1,6,4.05,,8,Left,Left,792,304,104,7,,,0.15
2025-11-14 01:56:03,1.17.2,PR1,6,4.05,,8,Left,Left,793,304,104,7,,,0.06
2025-11-14 01:56:05,1.17.2,PR1,6,4.05,1.0,8,Pellet,Left,793,304,105,8,0.35,28.0,
2025-11-14 01:56:21,1.17.2,PR1,6,4.05,,9,Left,Left,794,304,105,8,,,0.06
2025-11-14 01:56:22,1.17.2,PR1,6,4.05,,9,Left,Left,795,304,105,8,,,0.0
2025-11-14 02:07:53,1.17.2,PR1,6,4.05,,9,Left,Left,796,304,105,8,,,0.11
2025-11-14 02:07:56,1.17.2,PR1,6,4.05,,9,Left,Left,797,304,105,8,,,0.42
2025-11-14 02:07:57,1.17.2,PR1,6,4.05,,9,Left,Left,798,304,105,8,,,0.31
2025-11-14 02:08:01,1.17.2,PR1,6,4.05,,9,Right,Left,798,305,105,8,,,0.08
2025-11-14 02:10:17,1.17.2,PR1,6,4.05,,9,Right,Left,798,306,105,8,,,0.24
2025-11-14 02:10:18,1.17.2,PR1,6,4.05,,9,Right,Left,798,307,105,8,,,0.0
2025-11-14 02:10:19,1.17.2,PR1,6,4.05,,9,Right,Left,798,308,105,8,,,0.0
2025-11-14 02:10:21,1.17.2,PR1,6,4.05,,9,Right,Left,798,309,105,8,,,0.13
2025-11-14 02:10:25,1.17.2,PR1,6,4.05,,9,Left,Left,799,309,105,8,,,0.59
2025-11-14 02:22:33,1.17.2,PR1,6,4.05,,9,Left,Left,800,309,105,8,,,0.55
2025-11-14 02:22:35,1.17.2,PR1,6,4.05,,9,Left,Left,801,309,105,8,,,0.28
2025-11-14 02:22:36,1.17.2,PR1,6,4.05,,9,Left,Left,802,309,105,8,,,0.22
2025-11-14 02:22:37,1.17.2,PR1,6,4.05,1.0,9,Pellet,Left,802,309,106,9,0.17,1593.0,
2025-11-14 02:22:47,1.17.2,PR1,6,4.05,,10,Left,Left,803,309,106,9,,,0.17
2025-11-14 02:24:35,1.17.2,PR1,6,4.05,,10,Left,Left,804,309,106,9,,,0.27
2025-11-14 02:24:45,1.17.2,PR1,6,4.05,,10,Left,Left,805,309,106,9,,,0.07
2025-11-14 02:24:46,1.17.2,PR1,6,4.05,,10,Left,Left,806,309,106,9,,,0.0
2025-11-14 02:45:05,1.17.2,PR1,6,4.05,,10,Left,Left,807,309,106,9,,,0.02
2025-11-14 02:45:06,1.17.2,PR1,6,4.05,,10,Left,Left,808,309,106,9,,,0.0
2025-11-14 02:45:07,1.17.2,PR1,6,4.05,,10,Left,Left,809,309,106,9,,,0.12
2025-11-14 02:45:08,1.17.2,PR1,6,4.05,,10,Left,Left,810,309,106,9,,,0.22
2025-11-14 02:45:09,1.17.2,PR1,6,4.05,,10,Left,Left,811,309,106,9,,,0.33
2025-11-14 02:45:12,1.17.2,PR1,6,4.05,,10,Left,Left,812,309,106,9,,,0.43
2025-11-14 02:45:13,1.17.2,PR1,6,4.04,1.0,10,Pellet,Left,812,309,107,10,0.23,1356.0,
2025-11-14 02:46:10,1.17.2,PR1,6,4.05,,11,Left,Left,813,309,107,10,,,0.51
2025-11-14 02:46:11,1.17.2,PR1,6,4.05,,11,Left,Left,814,309,107,10,,,0.0
2025-11-14 02:46:14,1.17.2,PR1,6,4.05,,11,Left,Left,815,309,107,10,,,0.56
2025-11-14 02:46:16,1.17.2,PR1,6,4.05,,11,Left,Left,816,309,107,10,,,0.0
2025-11-14 02:46:19,1.17.2,PR1,6,4.05,,11,Left,Left,817,309,107,10,,,0.07
2025-11-14 03:05:35,1.17.2,PR1,6,4.05,,11,Left,Left,818,309,107,10,,,0.45
2025-11-14 03:05:52,1.17.2,PR1,6,4.04,,11,Right,Left,818,310,107,10,,,0.28
2025-11-14 03:22:32,1.17.2,PR1,6,4.05,,11,Left,Left,819,310,107,10,,,0.08
2025-11-14 03:22:33,1.17.2,PR1,6,4.05,,11,Left,Left,820,310,107,10,,,0.28
2025-11-14 03:22:36,1.17.2,PR1,6,4.05,,11,Left,Left,821,310,107,10,,,0.58
2025-11-14 03:22:37,1.17.2,PR1,6,4.05,,11,Left,Left,822,310,107,10,,,0.3
2025-11-14 03:22:51,1.17.2,PR1,6,4.05,,11,Left,Left,823,310,107,10,,,0.15
2025-11-14 03:22:53,1.17.2,PR1,6,4.05,1.0,11,Pellet,Left,823,310,108,11,0.65,2260.0,
2025-11-14 03:23:11,1.17.2,PR1,6,4.05,,12,Left,Left,824,310,108,11,,,0.1
2025-11-14 03:23:14,1.17.2,PR1,6,4.05,,12,Left,Left,825,310,108,11,,,1.37
2025-11-14 03:23:21,1.17.2,PR1,6,4.05,,12,Right,Left,825,311,108,11,,,0.02
2025-11-14 03:23:22,1.17.2,PR1,6,4.05,,12,Right,Left,825,312,108,11,,,0.12
2025-11-14 03:23:24,1.17.2,PR1,6,4.05,,12,Left,Left,826,312,108,11,,,0.17
2025-11-14 03:23:28,1.17.2,PR1,6,4.05,,12,Left,Left,827,312,108,11,,,0.45
2025-11-14 03:23:37,1.17.2,PR1,6,4.05,,12,Left,Left,828,312,108,11,,,0.21
2025-11-14 03:23:39,1.17.2,PR1,6,4.05,,12,Left,Left,829,312,108,11,,,0.37
2025-11-14 03:38:12,1.17.2,PR1,6,4.05,,12,Left,Left,830,312,108,11,,,0.09
2025-11-14 03:38:13,1.17.2,PR1,6,4.05,,12,Left,Left,831,312,108,11,,,0.39
2025-11-14 03:38:18,1.17.2,PR1,6,4.05,,12,Left,Left,832,312,108,11,,,0.34
2025-11-14 03:39:20,1.17.2,PR1,6,4.05,,12,Left,Left,833,312,108,11,,,0.4
2025-11-14 03:40:03,1.17.2,PR1,6,4.05,,12,Right,Left,833,313,108,11,,,0.12
2025-11-14 03:40:04,1.17.2,PR1,6,4.05,,12,Right,Left,833,314,108,11,,,0.0
2025-11-14 03:40:14,1.17.2,PR1,6,4.04,,12,Left,Left,834,314,108,11,,,0.05
2025-11-14 03:40:16,1.17.2,PR1,6,4.05,,12,Left,Left,835,314,108,11,,,0.04
2025-11-14 03:40:17,1.17.2,PR1,6,4.05,2.0,12,Pellet,Left,835,314,109,12,0.17,1044.0,
2025-11-14 03:40:29,1.17.2,PR1,6,4.05,,13,Left,Left,836,314,109,12,,,0.01
2025-11-14 03:44:34,1.17.2,PR1,6,4.05,,13,Left,Left,837,314,109,12,,,0.07
2025-11-14 03:44:46,1.17.2,PR1,6,4.05,,13,Right,Left,837,315,109,12,,,0.09
2025-11-14 03:44:47,1.17.2,PR1,6,4.05,,13,Left,Left,838,315,109,12,,,0.15
2025-11-14 03:44:49,1.17.2,PR1,6,4.05,,13,Left,Left,839,315,109,12,,,0.33
2025-11-14 03:44:51,1.17.2,PR1,6,4.05,,13,Left,Left,840,315,109,12,,,0.01
2025-11-14 03:45:58,1.17.2,PR1,6,4.04,,13,Right,Left,840,316,109,12,,,0.06
2025-11-14 03:46:35,1.17.2,PR1,6,4.05,,13,Left,Left,841,316,109,12,,,0.17
2025-11-14 03:46:37,1.17.2,PR1,6,4.05,,13,Left,Left,842,316,109,12,,,0.05
2025-11-14 03:52:09,1.17.2,PR1,6,4.05,,13,Left,Left,843,316,109,12,,,0.05
2025-11-14 03:52:11,1.17.2,PR1,6,4.05,,13,Left,Left,844,316,109,12,,,0.07
2025-11-14 03:52:20,1.17.2,PR1,6,4.05,,13,Left,Left,845,316,109,12,,,0.27
2025-11-14 03:52:22,1.17.2,PR1,6,4.05,,13,Left,Left,846,316,109,12,,,0.55
2025-11-14 04:14:32,1.17.2,PR1,6,4.05,,13,Left,Left,847,316,109,12,,,0.05
2025-11-14 04:14:37,1.17.2,PR1,6,4.05,,13,Left,Left,848,316,109,12,,,0.39
2025-11-14 04:14:38,1.17.2,PR1,6,4.05,1.0,13,Pellet,Left,848,316,110,13,0.23,2061.0,
2025-11-14 04:14:58,1.17.2,PR1,6,4.05,,14,Left,Left,849,316,110,13,,,0.09
2025-11-14 04:15:00,1.17.2,PR1,6,4.05,,14,Left,Left,850,316,110,13,,,0.09
2025-11-14 04:15:05,1.17.2,PR1,6,4.05,,14,Left,Left,851,316,110,13,,,0.14
2025-11-14 04:15:08,1.17.2,PR1,6,4.05,,14,Right,Left,851,317,110,13,,,0.15
2025-11-14 04:25:38,1.17.2,PR1,6,4.05,,14,Left,Left,852,317,110,13,,,0.0
2025-11-14 04:25:41,1.17.2,PR1,6,4.05,,14,Left,Left,853,317,110,13,,,0.28
2025-11-14 04:25:46,1.17.2,PR1,6,4.05,,14,Left,Left,854,317,110,13,,,0.37
2025-11-14 04:40:25,1.17.2,PR1,6,4.05,,14,Left,Left,855,317,110,13,,,0.28
2025-11-14 04:40:26,1.17.2,PR1,6,4.05,,14,Left,Left,856,317,110,13,,,0.69
2025-11-14 04:40:28,1.17.2,PR1,6,4.05,,14,Left,Left,857,317,110,13,,,0.14
2025-11-14 04:40:29,1.17.2,PR1,6,4.05,,14,Left,Left,858,317,110,13,,,0.27
2025-11-14 04:40:35,1.17.2,PR1,6,4.05,,14,Left,Left,859,317,110,13,,,0.23
2025-11-14 04:40:37,1.17.2,PR1,6,4.05,,14,Left,Left,860,317,110,13,,,0.07
2025-11-14 04:41:39,1.17.2,PR1,6,4.05,,14,Right,Left,860,318,110,13,,,0.07
2025-11-14 04:41:40,1.17.2,PR1,6,4.05,,14,Right,Left,860,319,110,13,,,0.0
2025-11-14 04:42:05,1.17.2,PR1,6,4.03,,14,Right,Left,860,320,110,13,,,0.41
2025-11-14 04:42:09,1.17.2,PR1,6,4.05,,14,Left,Left,861,320,110,13,,,0.14
2025-11-14 04:42:10,1.17.2,PR1,6,4.05,,14,Left,Left,862,320,110,13,,,0.18
2025-11-14 04:42:11,1.17.2,PR1,6,4.05,1.0,14,Pellet,Left,862,320,111,14,0.17,1653.0,
2025-11-14 04:42:23,1.17.2,PR1,6,4.05,,15,Left,Left,863,320,111,14,,,0.13
2025-11-14 04:42:24,1.17.2,PR1,6,4.05,,15,Left,Left,864,320,111,14,,,0.08
2025-11-14 04:42:27,1.17.2,PR1,6,4.05,,15,Left,Left,865,320,111,14,,,0.17
2025-11-14 04:42:28,1.17.2,PR1,6,4.04,,15,Left,Left,866,320,111,14,,,0.32
2025-11-14 04:42:29,1.17.2,PR1,6,4.05,,15,Left,Left,867,320,111,14,,,0.17
2025-11-14 04:45:39,1.17.2,PR1,6,4.05,,15,Left,Left,868,320,111,14,,,0.13
2025-11-14 04:45:40,1.17.2,PR1,6,4.05,,15,Left,Left,869,320,111,14,,,0.1
2025-11-14 04:45:41,1.17.2,PR1,6,4.05,,15,Left,Left,870,320,111,14,,,0.19
2025-11-14 04:51:25,1.17.2,PR1,6,4.05,,15,Right,Left,870,321,111,14,,,0.07
2025-11-14 04:51:31,1.17.2,PR1,6,4.05,,15,Left,Left,871,321,111,14,,,0.45
2025-11-14 04:53:06,1.17.2,PR1,6,4.04,,15,Left,Left,872,321,111,14,,,0.19
2025-11-14 04:53:07,1.17.2,PR1,6,4.05,,15,Left,Left,873,321,111,14,,,0.2
2025-11-14 04:53:10,1.17.2,PR1,6,4.05,,15,Left,Left,874,321,111,14,,,0.12
2025-11-14 04:53:11,1.17.2,PR1,6,4.05,,15,Left,Left,875,321,111,14,,,0.43
2025-11-14 04:57:13,1.17.2,PR1,6,4.05,,15,Right,Left,875,322,111,14,,,0.16
2025-11-14 04:57:17,1.17.2,PR1,6,4.05,,15,Left,Left,876,322,111,14,,,0.14
2025-11-14 04:57:19,1.17.2,PR1,6,4.05,,15,Left,Left,877,322,111,14,,,0.1
2025-11-14 04:57:19,1.17.2,PR1,6,4.03,,15,LeftDuringDispense,Left,878,322,111,15,,,0.04
2025-11-14 04:57:31,1.17.2,PR1,6,4.05,3.0,15,Pellet,Left,878,322,112,15,6.22,920.0,
2025-11-14 04:57:41,1.17.2,PR1,6,4.05,,16,Left,Left,879,322,112,15,,,0.38
2025-11-14 04:57:42,1.17.2,PR1,6,4.05,,16,Left,Left,880,322,112,15,,,0.18
2025-11-14 04:57:43,1.17.2,PR1,6,4.05,,16,Left,Left,881,322,112,15,,,0.11
2025-11-14 04:57:47,1.17.2,PR1,6,4.05,,16,Left,Left,882,322,112,15,,,0.16
2025-11-14 04:58:48,1.17.2,PR1,6,4.05,,16,Left,Left,883,322,112,15,,,0.08
2025-11-14 04:58:49,1.17.2,PR1,6,4.05,,16,Left,Left,884,322,112,15,,,0.21
2025-11-14 04:58:50,1.17.2,PR1,6,4.05,,16,Left,Left,885,322,112,15,,,0.07
2025-11-14 04:58:53,1.17.2,PR1,6,4.05,,16,Left,Left,886,322,112,15,,,0.04
2025-11-14 05:00:20,1.17.2,PR1,6,4.05,,16,Left,Left,887,322,112,15,,,0.19
2025-11-14 05:00:21,1.17.2,PR1,6,4.05,,16,Left,Left,888,322,112,15,,,0.17
2025-11-14 05:00:22,1.17.2,PR1,6,4.05,,16,Left,Left,889,322,112,15,,,0.1
2025-11-14 05:01:20,1.17.2,PR1,6,4.05,,16,Right,Left,889,323,112,15,,,0.07
2025-11-14 05:01:20,1.17.2,PR1,6,4.05,,16,Right,Left,889,324,112,15,,,0.0
2025-11-14 05:01:23,1.17.2,PR1,6,4.05,,16,Left,Left,890,324,112,15,,,0.13
2025-11-14 05:01:24,1.17.2,PR1,6,4.05,,16,Left,Left,891,324,112,15,,,0.11
2025-11-14 05:13:41,1.17.2,PR1,6,4.05,,16,Left,Left,892,324,112,15,,,0.07
2025-11-14 05:13:41,1.17.2,PR1,6,4.05,,16,Left,Left,893,324,112,15,,,0.13
2025-11-14 05:13:43,1.17.2,PR1,6,4.05,,16,Left,Left,894,324,112,15,,,0.17
2025-11-14 05:13:58,1.17.2,PR1,6,4.04,1.0,16,Pellet,Left,894,324,113,16,14.5,987.0,
2025-11-14 05:14:22,1.17.2,PR1,6,4.05,,17,Right,Left,894,325,113,16,,,0.01
2025-11-14 05:14:28,1.17.2,PR1,6,4.05,,17,Right,Left,894,326,113,16,,,0.0
2025-11-14 05:19:12,1.17.2,PR1,6,4.05,,17,Left,Left,895,326,113,16,,,0.25
2025-11-14 05:19:13,1.17.2,PR1,6,4.05,,17,Left,Left,896,326,113,16,,,0.11
2025-11-14 05:19:41,1.17.2,PR1,6,4.05,,17,Left,Left,897,326,113,16,,,0.12
2025-11-14 05:19:53,1.17.2,PR1,6,4.05,,17,Right,Left,897,327,113,16,,,0.26
2025-11-14 05:19:54,1.17.2,PR1,6,4.04,,17,Right,Left,897,328,113,16,,,0.21
2025-11-14 05:19:56,1.17.2,PR1,6,4.05,,17,Right,Left,897,329,113,16,,,0.02
2025-11-14 05:23:41,1.17.2,PR1,6,4.05,,17,Left,Left,898,329,113,16,,,0.13
2025-11-14 05:23:42,1.17.2,PR1,6,4.05,,17,Left,Left,899,329,113,16,,,0.36
2025-11-14 05:23:43,1.17.2,PR1,6,4.04,,17,Left,Left,900,329,113,16,,,0.45
2025-11-14 05:31:22,1.17.2,PR1,6,4.05,,17,Left,Left,901,329,113,16,,,0.06
2025-11-14 05:31:23,1.17.2,PR1,6,4.05,,17,Left,Left,902,329,113,16,,,0.33
2025-11-14 05:50:31,1.17.2,PR1,6,4.04,,17,Left,Left,903,329,113,16,,,0.28
2025-11-14 05:50:33,1.17.2,PR1,6,4.05,,17,Left,Left,904,329,113,16,,,0.17
2025-11-14 05:50:34,1.17.2,PR1,6,4.05,,17,Left,Left,905,329,113,16,,,0.42
2025-11-14 05:52:00,1.17.2,PR1,6,4.05,,17,Left,Left,906,329,113,16,,,0.07
2025-11-14 05:52:01,1.17.2,PR1,6,4.05,,17,Left,Left,907,329,113,16,,,0.41
2025-11-14 07:12:16,1.17.2,PR1,6,4.04,,1,Left,Left,908,329,113,0,,,0.32
2025-11-14 07:12:17,1.17.2,PR1,6,4.05,1.0,1,Pellet,Left,908,329,114,1,0.41,7099.0,
2025-11-14 07:12:25,1.17.2,PR1,6,4.04,,2,Left,Left,909,329,114,1,,,0.21
2025-11-14 07:12:26,1.17.2,PR1,6,4.05,,2,Left,Left,910,329,114,1,,,0.25
2025-11-14 07:12:27,1.17.2,PR1,6,4.05,1.0,2,Pellet,Left,910,329,115,2,0.23,10.0,
2025-11-14 07:13:02,1.17.2,PR1,6,4.04,,3,Left,Left,911,329,115,2,,,0.11
2025-11-14 07:13:03,1.17.2,PR1,6,4.04,,3,Left,Left,912,329,115,2,,,0.35
2025-11-14 07:13:05,1.17.2,PR1,6,4.05,,3,Left,Left,913,329,115,2,,,0.25
2025-11-14 07:13:06,1.17.2,PR1,6,4.04,2.0,3,Pellet,Left,913,329,116,3,0.12,38.0,
2025-11-14 07:13:14,1.17.2,PR1,6,4.04,,4,Left,Left,914,329,116,3,,,0.07
2025-11-14 07:13:16,1.17.2,PR1,6,4.05,,4,Left,Left,915,329,116,3,,,0.77
2025-11-14 07:13:17,1.17.2,PR1,6,4.04,,4,Left,Left,916,329,116,3,,,0.18
2025-11-14 07:15:54,1.17.2,PR1,6,4.05,,4,Left,Left,917,329,116,3,,,0.04
2025-11-14 07:15:56,1.17.2,PR1,6,4.04,1.0,4,Pellet,Left,917,329,117,4,1.13,171.0,
2025-11-14 07:17:14,1.17.2,PR1,6,4.05,,5,Left,Left,918,329,117,4,,,0.49
2025-11-14 07:17:16,1.17.2,PR1,6,4.05,,5,Left,Left,919,329,117,4,,,0.34
2025-11-14 07:17:19,1.17.2,PR1,6,4.04,,5,Left,Left,920,329,117,4,,,0.58
2025-11-14 07:17:26,1.17.2,PR1,6,4.05,,5,Right,Left,920,330,117,4,,,0.04
2025-11-14 09:12:25,1.17.2,PR1,6,4.03,,1,Left,Left,921,330,117,0,,,0.1
2025-11-14 09:12:26,1.17.2,PR1,6,4.05,1.0,1,Pellet,Left,921,330,118,1,0.29,6990.0,
2025-11-14 09:12:44,1.17.2,PR1,6,4.04,,2,Left,Left,922,330,118,1,,,0.13
2025-11-14 09:12:45,1.17.2,PR1,6,4.04,,2,Left,Left,923,330,118,1,,,0.26
2025-11-14 09:12:47,1.17.2,PR1,6,4.05,1.0,2,Pellet,Left,923,330,119,2,0.35,21.0,
2025-11-14 11:00:36,1.17.2,PR1,6,4.03,,1,Left,Left,924,330,119,0,,,0.06
2025-11-14 11:00:37,1.17.2,PR1,6,4.04,1.0,1,Pellet,Left,924,330,120,1,0.41,6470.0,
2025-11-14 11:00:52,1.17.2,PR1,6,4.04,,2,Left,Left,925,330,120,1,,,0.46
2025-11-14 11:01:02,1.17.2,PR1,6,4.04,,2,Left,Left,926,330,120,1,,,0.6
2025-11-14 11:01:03,1.17.2,PR1,6,4.04,1.0,2,Pellet,Left,926,330,121,2,0.23,26.0,
2025-11-14 11:01:16,1.17.2,PR1,6,4.04,,3,Left,Left,927,330,121,2,,,0.11
2025-11-14 11:01:18,1.17.2,PR1,6,4.04,,3,Left,Left,928,330,121,2,,,0.52
2025-11-14 13:29:33,1.17.2,PR1,6,4.03,,1,Left,Left,929,330,121,0,,,0.14
2025-11-14 13:29:34,1.17.2,PR1,6,4.04,1.0,1,Pellet,Left,929,330,122,1,0.23,8911.0,
2025-11-14 13:29:45,1.17.2,PR1,6,4.04,,2,Left,Left,930,330,122,1,,,0.17
2025-11-14 13:29:46,1.17.2,PR1,6,4.04,,2,Left,Left,931,330,122,1,,,0.0
2025-11-14 13:29:47,1.17.2,PR1,6,4.04,1.0,2,Pellet,Left,931,330,123,2,0.23,13.0,
2025-11-14 13:30:01,1.17.2,PR1,6,4.03,,3,Left,Left,932,330,123,2,,,0.64
2025-11-14 13:30:03,1.17.2,PR1,6,4.03,,3,Left,Left,933,330,123,2,,,0.35
2025-11-14 13:30:07,1.17.2,PR1,6,4.03,,3,Left,Left,934,330,123,2,,,0.21
2025-11-14 13:30:08,1.17.2,PR1,6,4.04,1.0,3,Pellet,Left,934,330,124,3,0.41,21.0,
2025-11-14 13:33:05,1.17.2,PR1,6,4.03,,4,Left,Left,935,330,124,3,,,0.36
2025-11-14 13:36:12,1.17.2,PR1,6,4.04,,4,Left,Left,936,330,124,3,,,0.09
