MM:DD:YYYY hh:mm:ss,Library_Version,Session_Type,Device_Number,Battery_Voltage,Motor_Turns,PelletsToSwitch,Prob_left,Prob_right,Event,High_prob_poke,Left_Poke_Count,Right_Poke_Count,Pellet_Count,Block_Pellet_Count,Retrieval_Time,InterPelletInterval,Poke_Time
2025-11-03 19:12:39,1.17.2,Bandit100,19,3.61,,20,0,100,Right,Right,0,1,0,0,,,0.34
2025-11-03 19:21:18,1.17.2,Bandit100,19,3.61,3.0,20,0,100,Pellet,Right,0,1,1,0,,,
2025-11-03 19:48:55,1.17.2,Bandit100,19,3.6,,20,0,100,Left,Right,1,1,1,1,,,0.54
2025-11-03 19:50:08,1.17.2,Bandit100,19,3.6,,20,0,100,Right,Right,1,2,1,1,,,0.26
2025-11-03 19:50:14,1.17.2,Bandit100,19,3.6,1.0,20,0,100,Pellet,Right,1,2,2,1,5.5,1736.0,
2025-11-03 19:51:08,1.17.2,Bandit100,19,3.6,,20,0,100,Right,Right,1,3,2,2,,,0.14
2025-11-03 19:51:15,1.17.2,Bandit100,19,3.6,1.0,20,0,100,Pellet,Right,1,3,3,2,6.52,61.0,
2025-11-03 19:51:39,1.17.2,Bandit100,19,3.61,,20,0,100,Right,Right,1,4,3,3,,,0.07
2025-11-03 19:52:07,1.17.2,Bandit100,19,3.61,1.0,20,0,100,Pellet,Right,1,4,4,3,27.16,52.0,
2025-11-03 19:52:47,1.17.2,Bandit100,19,3.6,,20,0,100,Left,Right,2,4,4,4,,,0.43
2025-11-03 19:54:33,1.17.2,Bandit100,19,3.6,,20,0,100,Right,Right,2,5,4,4,,,0.17
2025-11-03 19:54:37,1.17.2,Bandit100,19,3.6,1.0,20,0,100,Pellet,Right,2,5,5,4,2.75,150.0,
2025-11-03 19:55:09,1.17.2,Bandit100,19,3.61,,20,0,100,Left,Right,3,5,5,5,,,0.06
2025-11-03 19:55:09,1.17.2,Bandit100,19,3.6,,20,0,100,LeftinTimeOut,Right,3,5,5,5,,,
2025-11-03 19:55:57,1.17.2,Bandit100,19,3.6,,20,0,100,Left,Right,4,5,5,5,,,0.05
2025-11-03 19:56:55,1.17.2,Bandit100,19,3.6,,20,0,100,Right,Right,4,6,5,5,,,0.05
2025-11-03 19:56:59,1.17.2,Bandit100,19,3.6,1.0,20,0,100,Pellet,Right,4,6,6,5,2.98,142.0,
2025-11-03 19:57:35,1.17.2,Bandit100,19,3.61,,20,0,100,Left,Right,5,6,6,6,,,0.25
2025-11-03 19:58:09,1.17.2,Bandit100,19,3.6,,20,0,100,Left,Right,6,6,6,6,,,0.06
2025-11-03 19:58:34,1.17.2,Bandit100,19,3.6,,20,0,100,Right,Right,6,7,6,6,,,0.04
2025-11-03 19:58:35,1.17.2,Bandit100,19,3.6,,20,0,100,RightDuringDispense,Right,6,7,6,6,,,0.05
2025-11-03 19:58:36,1.17.2,Bandit100,19,3.6,,20,0,100,RightDuringDispense,Right,6,7,6,6,,,0.2
2025-11-03 19:58:41,1.17.2,Bandit100,19,3.6,2.0,20,0,100,Pellet,Right,6,7,7,6,3.17,102.0,
2025-11-03 19:59:02,1.17.2,Bandit100,19,3.6,,20,0,100,Left,Right,7,7,7,7,,,0.05
2025-11-03 19:59:24,1.17.2,Bandit100,19,3.6,,20,0,100,Left,Right,8,7,7,7,,,0.14
2025-11-03 20:00:34,1.17.2,Bandit100,19,3.6,,20,0,100,Left,Right,9,7,7,7,,,0.19
2025-11-03 20:00:34,1.17.2,Bandit100,19,3.6,,20,0,100,LeftinTimeOut,Right,9,7,7,7,,,
2025-11-03 20:01:13,1.17.2,Bandit100,19,3.6,,20,0,100,Right,Right,9,8,7,7,,,0.35
2025-11-03 20:01:15,1.17.2,Bandit100,19,3.6,1.0,20,0,100,Pellet,Right,9,8,8,7,1.96,154.0,
2025-11-03 20:01:31,1.17.2,Bandit100,19,3.6,,20,0,100,Left,Right,10,8,8,8,,,0.23
2025-11-03 20:02:05,1.17.2,Bandit100,19,3.6,,20,0,100,Left,Right,11,8,8,8,,,0.03
2025-11-03 20:02:41,1.17.2,Bandit100,19,3.6,,20,0,100,Right,Right,11,9,8,8,,,0.09
2025-11-03 20:02:41,1.17.2,Bandit100,19,3.6,,20,0,100,RightDuringDispense,Right,11,9,8,8,,,0.29
2025-11-03 20:02:47,1.17.2,Bandit100,19,3.6,2.0,20,0,100,Pellet,Right,11,9,9,8,2.38,92.0,
2025-11-03 20:03:20,1.17.2,Bandit100,19,3.6,,20,0,100,Right,Right,11,10,9,9,,,0.04
2025-11-03 20:03:27,1.17.2,Bandit100,19,3.6,1.0,20,0,100,Pellet,Right,11,10,10,9,6.04,40.0,
2025-11-03 20:03:50,1.17.2,Bandit100,19,3.6,,20,0,100,Left,Right,12,10,10,10,,,0.32
2025-11-03 20:09:02,1.17.2,Bandit100,19,3.6,,20,0,100,Right,Right,12,11,10,10,,,0.09
2025-11-03 20:09:05,1.17.2,Bandit100,19,3.6,1.0,20,0,100,Pellet,Right,12,11,11,10,2.09,337.0,
2025-11-03 20:09:16,1.17.2,Bandit100,19,3.6,,20,0,100,Left,Right,13,11,11,11,,,0.04
2025-11-03 20:13:03,1.17.2,Bandit100,19,3.6,,20,0,100,Right,Right,13,12,11,11,,,0.08
2025-11-03 20:13:03,1.17.2,Bandit100,19,3.6,,20,0,100,RightDuringDispense,Right,13,12,11,11,,,0.02
2025-11-03 20:13:07,1.17.2,Bandit100,19,3.6,2.0,20,0,100,Pellet,Right,13,12,12,11,1.49,243.0,
2025-11-03 20:13:22,1.17.2,Bandit100,19,3.6,,20,0,100,Right,Right,13,13,12,12,,,0.12
2025-11-03 20:13:25,1.17.2,Bandit100,19,3.6,1.0,20,0,100,Pellet,Right,13,13,13,12,2.03,18.0,
2025-11-03 20:13:33,1.17.2,Bandit100,19,3.61,,20,0,100,Left,Right,14,13,13,13,,,0.29
2025-11-03 20:13:40,1.17.2,Bandit100,19,3.6,,20,0,100,LeftinTimeOut,Right,14,13,13,13,,,
2025-11-03 20:14:19,1.17.2,Bandit100,19,3.61,,20,0,100,Right,Right,14,14,13,13,,,0.06
2025-11-03 20:14:21,1.17.2,Bandit100,19,3.6,,20,0,100,RightWithPellet,Right,14,15,13,13,,,0.17
2025-11-03 20:14:24,1.17.2,Bandit100,19,3.61,1.0,20,0,100,Pellet,Right,14,15,14,13,4.04,59.0,
2025-11-03 20:14:53,1.17.2,Bandit100,19,3.6,,20,0,100,Left,Right,15,15,14,14,,,0.52
2025-11-03 20:14:55,1.17.2,Bandit100,19,3.6,,20,0,100,RightinTimeout,Right,15,15,14,14,,,0.0
2025-11-03 20:15:04,1.17.2,Bandit100,19,3.6,,20,0,100,RightinTimeout,Right,15,15,14,14,,,0.0
2025-11-03 20:16:41,1.17.2,Bandit100,19,3.6,,20,0,100,Right,Right,15,16,14,14,,,0.06
2025-11-03 20:16:45,1.17.2,Bandit100,19,3.6,1.0,20,0,100,Pellet,Right,15,16,15,14,3.4,141.0,
2025-11-03 20:19:33,1.17.2,Bandit100,19,3.6,,20,0,100,Right,Right,15,17,15,15,,,0.04
2025-11-03 20:19:43,1.17.2,Bandit100,19,3.6,1.0,20,0,100,Pellet,Right,15,17,16,15,9.34,178.0,
2025-11-03 20:19:50,1.17.2,Bandit100,19,3.61,,20,0,100,Right,Right,15,18,16,16,,,0.23
2025-11-03 20:19:52,1.17.2,Bandit100,19,3.6,,20,0,100,RightWithPellet,Right,15,19,16,16,,,0.05
2025-11-03 20:19:53,1.17.2,Bandit100,19,3.6,1.0,20,0,100,Pellet,Right,15,19,17,16,2.66,10.0,
2025-11-03 20:22:48,1.17.2,Bandit100,19,3.6,,20,0,100,Left,Right,16,19,17,17,,,0.0
2025-11-03 20:22:54,1.17.2,Bandit100,19,3.6,,20,0,100,RightinTimeout,Right,16,19,17,17,,,0.0
2025-11-03 20:25:14,1.17.2,Bandit100,19,3.6,,20,0,100,Right,Right,16,20,17,17,,,0.5
2025-11-03 20:25:17,1.17.2,Bandit100,19,3.6,1.0,20,0,100,Pellet,Right,16,20,18,17,2.45,324.0,
2025-11-03 20:26:59,1.17.2,Bandit100,19,3.6,,20,0,100,Left,Right,17,20,18,18,,,0.27
2025-11-03 20:28:08,1.17.2,Bandit100,19,3.6,,20,0,100,Left,Right,18,20,18,18,,,0.09
2025-11-03 20:29:03,1.17.2,Bandit100,19,3.6,,20,0,100,Right,Right,18,21,18,18,,,0.33
2025-11-03 20:29:07,1.17.2,Bandit100,19,3.6,2.0,20,0,100,Pellet,Right,18,21,19,18,3.23,230.0,
2025-11-03 20:29:46,1.17.2,Bandit100,19,3.6,,20,0,100,Right,Right,18,22,19,19,,,0.04
2025-11-03 20:29:46,1.17.2,Bandit100,19,3.6,,20,0,100,RightDuringDispense,Right,18,22,19,19,,,0.04
2025-11-03 20:29:49,1.17.2,Bandit100,19,3.59,,20,0,100,RightDuringDispense,Right,18,22,19,19,,,0.09
2025-11-03 20:29:56,1.17.2,Bandit100,19,3.6,3.0,20,0,100,Pellet,Right,18,22,20,19,3.89,49.0,
2025-11-03 20:31:30,1.17.2,Bandit100,19,3.6,,20,100,0,Right,Left,18,23,20,0,,,0.03
2025-11-03 20:31:30,1.17.2,Bandit100,19,3.6,,20,100,0,RightinTimeout,Left,18,23,20,0,,,0.0
2025-11-03 20:31:31,1.17.2,Bandit100,19,3.6,,20,100,0,RightinTimeout,Left,18,23,20,0,,,0.0
2025-11-03 20:31:40,1.17.2,Bandit100,19,3.6,,20,100,0,LeftinTimeOut,Left,18,23,20,0,,,
2025-11-03 20:31:46,1.17.2,Bandit100,19,3.6,,20,100,0,LeftinTimeOut,Left,18,23,20,0,,,
2025-11-03 20:31:49,1.17.2,Bandit100,19,3.6,,20,100,0,LeftinTimeOut,Left,18,23,20,0,,,
2025-11-03 20:32:45,1.17.2,Bandit100,19,3.6,,20,100,0,Right,Left,18,24,20,0,,,0.07
2025-11-03 20:33:53,1.17.2,Bandit100,19,3.6,,20,100,0,Left,Left,19,24,20,0,,,0.11
2025-11-03 20:34:02,1.17.2,Bandit100,19,3.6,1.0,20,100,0,Pellet,Left,19,24,21,0,8.27,246.0,
2025-11-03 20:34:46,1.17.2,Bandit100,19,3.6,,20,100,0,Right,Left,19,25,21,1,,,0.13
2025-11-03 20:34:48,1.17.2,Bandit100,19,3.6,,20,100,0,RightinTimeout,Left,19,25,21,1,,,0.0
2025-11-03 20:38:19,1.17.2,Bandit100,19,3.6,,20,100,0,Left,Left,20,25,21,1,,,0.03
2025-11-03 20:38:21,1.17.2,Bandit100,19,3.6,,20,100,0,LeftWithPellet,Left,20,25,21,1,,,0.14
2025-11-03 20:38:24,1.17.2,Bandit100,19,3.6,1.0,20,100,0,Pellet,Left,20,25,22,1,4.31,262.0,
2025-11-03 20:39:15,1.17.2,Bandit100,19,3.6,,20,100,0,Right,Left,20,26,22,2,,,0.27
2025-11-03 20:39:16,1.17.2,Bandit100,19,3.6,,20,100,0,RightinTimeout,Left,20,26,22,2,,,0.0
2025-11-03 20:43:26,1.17.2,Bandit100,19,3.6,,20,100,0,Right,Left,20,27,22,2,,,0.04
2025-11-03 20:43:27,1.17.2,Bandit100,19,3.6,,20,100,0,RightinTimeout,Left,20,27,22,2,,,0.0
2025-11-03 20:43:39,1.17.2,Bandit100,19,3.6,,20,100,0,Right,Left,20,28,22,2,,,0.25
2025-11-03 20:43:40,1.17.2,Bandit100,19,3.6,,20,100,0,RightinTimeout,Left,20,28,22,2,,,0.0
2025-11-03 20:43:40,1.17.2,Bandit100,19,3.6,,20,100,0,RightinTimeout,Left,20,28,22,2,,,0.0
2025-11-03 20:43:41,1.17.2,Bandit100,19,3.6,,20,100,0,RightinTimeout,Left,20,28,22,2,,,0.0
2025-11-03 20:43:41,1.17.2,Bandit100,19,3.6,,20,100,0,RightinTimeout,Left,20,28,22,2,,,0.0
2025-11-03 20:44:17,1.17.2,Bandit100,19,3.6,,20,100,0,Left,Left,21,28,22,2,,,0.04
2025-11-03 20:44:19,1.17.2,Bandit100,19,3.6,1.0,20,100,0,Pellet,Left,21,28,23,2,2.03,355.0,
2025-11-03 20:45:00,1.17.2,Bandit100,19,3.61,,20,100,0,Right,Left,21,29,23,3,,,0.4
2025-11-03 20:45:01,1.17.2,Bandit100,19,3.6,,20,100,0,RightinTimeout,Left,21,29,23,3,,,0.0
2025-11-03 20:45:04,1.17.2,Bandit100,19,3.6,,20,100,0,LeftinTimeOut,Left,21,29,23,3,,,
2025-11-03 20:45:06,1.17.2,Bandit100,19,3.6,,20,100,0,RightinTimeout,Left,21,29,23,3,,,0.0
2025-11-03 20:45:07,1.17.2,Bandit100,19,3.59,,20,100,0,RightinTimeout,Left,21,29,23,3,,,0.0
2025-11-03 20:46:56,1.17.2,Bandit100,19,3.6,,20,100,0,Right,Left,21,30,23,3,,,0.03
2025-11-03 20:46:56,1.17.2,Bandit100,19,3.6,,20,100,0,RightinTimeout,Left,21,30,23,3,,,0.0
2025-11-03 20:46:57,1.17.2,Bandit100,19,3.6,,20,100,0,RightinTimeout,Left,21,30,23,3,,,0.0
2025-11-03 20:47:02,1.17.2,Bandit100,19,3.6,,20,100,0,RightinTimeout,Left,21,30,23,3,,,0.0
2025-11-03 20:47:02,1.17.2,Bandit100,19,3.6,,20,100,0,RightinTimeout,Left,21,30,23,3,,,0.0
2025-11-03 20:47:05,1.17.2,Bandit100,19,3.6,,20,100,0,RightinTimeout,Left,21,30,23,3,,,0.0
2025-11-03 20:47:08,1.17.2,Bandit100,19,3.6,,20,100,0,RightinTimeout,Left,21,30,23,3,,,0.0
2025-11-03 20:47:08,1.17.2,Bandit100,19,3.6,,20,100,0,RightinTimeout,Left,21,30,23,3,,,0.0
2025-11-03 20:48:52,1.17.2,Bandit100,19,3.6,,20,100,0,Right,Left,21,31,23,3,,,0.13
2025-11-03 20:51:46,1.17.2,Bandit100,19,3.6,,20,100,0,Right,Left,21,32,23,3,,,0.38
2025-11-03 20:55:40,1.17.2,Bandit100,19,3.6,,20,100,0,Right,Left,21,33,23,3,,,0.01
2025-11-03 20:55:46,1.17.2,Bandit100,19,3.6,,20,100,0,RightinTimeout,Left,21,33,23,3,,,0.0
2025-11-03 20:55:48,1.17.2,Bandit100,19,3.6,,20,100,0,RightinTimeout,Left,21,33,23,3,,,0.0
2025-11-03 20:55:48,1.17.2,Bandit100,19,3.6,,20,100,0,RightinTimeout,Left,21,33,23,3,,,0.0
2025-11-03 20:55:48,1.17.2,Bandit100,19,3.6,,20,100,0,RightinTimeout,Left,21,33,23,3,,,0.0
2025-11-03 20:56:06,1.17.2,Bandit100,19,3.6,,20,100,0,Right,Left,21,34,23,3,,,0.19
2025-11-03 20:56:10,1.17.2,Bandit100,19,3.6,,20,100,0,RightinTimeout,Left,21,34,23,3,,,0.0
2025-11-03 20:56:19,1.17.2,Bandit100,19,3.6,,20,100,0,RightinTimeout,Left,21,34,23,3,,,0.0
2025-11-03 20:56:20,1.17.2,Bandit100,19,3.6,,20,100,0,RightinTimeout,Left,21,34,23,3,,,0.0
2025-11-03 21:00:19,1.17.2,Bandit100,19,3.6,,20,100,0,Right,Left,21,35,23,3,,,0.31
2025-11-03 21:00:23,1.17.2,Bandit100,19,3.6,,20,100,0,RightinTimeout,Left,21,35,23,3,,,0.0
2025-11-03 21:03:06,1.17.2,Bandit100,19,3.6,,20,100,0,Left,Left,22,35,23,3,,,0.21
2025-11-03 21:03:06,1.17.2,Bandit100,19,3.6,,20,100,0,LeftDuringDispense,Left,22,35,23,3,,,0.03
2025-11-03 21:03:13,1.17.2,Bandit100,19,3.6,2.0,20,100,0,Pellet,Left,22,35,24,3,3.41,1134.0,
2025-11-03 21:03:34,1.17.2,Bandit100,19,3.6,,20,100,0,Right,Left,22,36,24,4,,,0.2
2025-11-03 21:07:39,1.17.2,Bandit100,19,3.6,,20,100,0,Right,Left,22,37,24,4,,,0.33
2025-11-03 21:07:39,1.17.2,Bandit100,19,3.6,,20,100,0,RightinTimeout,Left,22,37,24,4,,,0.0
2025-11-03 21:07:40,1.17.2,Bandit100,19,3.6,,20,100,0,RightinTimeout,Left,22,37,24,4,,,0.0
2025-11-03 21:07:40,1.17.2,Bandit100,19,3.59,,20,100,0,RightinTimeout,Left,22,37,24,4,,,0.0
2025-11-03 21:07:40,1.17.2,Bandit100,19,3.6,,20,100,0,RightinTimeout,Left,22,37,24,4,,,0.0
2025-11-03 21:10:18,1.17.2,Bandit100,19,3.6,,20,100,0,Right,Left,22,38,24,4,,,0.02
2025-11-03 21:10:34,1.17.2,Bandit100,19,3.6,,20,100,0,Right,Left,22,39,24,4,,,0.2
2025-11-03 21:10:35,1.17.2,Bandit100,19,3.6,,20,100,0,RightinTimeout,Left,22,39,24,4,,,0.0
2025-11-03 21:10:35,1.17.2,Bandit100,19,3.6,,20,100,0,RightinTimeout,Left,22,39,24,4,,,0.0
2025-11-03 21:12:13,1.17.2,Bandit100,19,3.6,,20,100,0,Left,Left,23,39,24,4,,,0.17
2025-11-03 21:12:16,1.17.2,Bandit100,19,3.6,1.0,20,100,0,Pellet,Left,23,39,25,4,1.85,543.0,
2025-11-03 21:13:01,1.17.2,Bandit100,19,3.6,,20,100,0,Right,Left,23,40,25,5,,,0.07
2025-11-03 21:14:15,1.17.2,Bandit100,19,3.6,,20,100,0,Left,Left,24,40,25,5,,,0.35
2025-11-03 21:14:18,1.17.2,Bandit100,19,3.6,1.0,20,100,0,Pellet,Left,24,40,26,5,2.51,122.0,
2025-11-03 21:14:31,1.17.2,Bandit100,19,3.6,,20,100,0,Right,Left,24,41,26,6,,,0.24
2025-11-03 21:14:31,1.17.2,Bandit100,19,3.59,,20,100,0,RightinTimeout,Left,24,41,26,6,,,0.0
2025-11-03 21:14:54,1.17.2,Bandit100,19,3.6,,20,100,0,Right,Left,24,42,26,6,,,0.14
2025-11-03 21:14:54,1.17.2,Bandit100,19,3.6,,20,100,0,RightinTimeout,Left,24,42,26,6,,,0.0
2025-11-03 21:14:55,1.17.2,Bandit100,19,3.6,,20,100,0,RightinTimeout,Left,24,42,26,6,,,0.0
2025-11-03 21:15:19,1.17.2,Bandit100,19,3.6,,20,100,0,Right,Left,24,43,26,6,,,0.31
2025-11-03 21:15:19,1.17.2,Bandit100,19,3.6,,20,100,0,RightinTimeout,Left,24,43,26,6,,,0.0
2025-11-03 21:15:20,1.17.2,Bandit100,19,3.6,,20,100,0,RightinTimeout,Left,24,43,26,6,,,0.0
2025-11-03 21:15:21,1.17.2,Bandit100,19,3.6,,20,100,0,RightinTimeout,Left,24,43,26,6,,,0.0
2025-11-03 21:15:21,1.17.2,Bandit100,19,3.6,,20,100,0,RightinTimeout,Left,24,43,26,6,,,0.0
2025-11-03 21:15:23,1.17.2,Bandit100,19,3.6,,20,100,0,RightinTimeout,Left,24,43,26,6,,,0.0
2025-11-03 21:15:23,1.17.2,Bandit100,19,3.6,,20,100,0,RightinTimeout,Left,24,43,26,6,,,0.0
2025-11-03 21:15:23,1.17.2,Bandit100,19,3.6,,20,100,0,RightinTimeout,Left,24,43,26,6,,,0.0
2025-11-03 21:15:24,1.17.2,Bandit100,19,3.6,,20,100,0,RightinTimeout,Left,24,43,26,6,,,0.0
2025-11-03 21:17:42,1.17.2,Bandit100,19,3.6,,20,100,0,Left,Left,25,43,26,6,,,0.04
2025-11-03 21:17:46,1.17.2,Bandit100,19,3.6,1.0,20,100,0,Pellet,Left,25,43,27,6,3.89,208.0,
2025-11-03 21:18:05,1.17.2,Bandit100,19,3.6,,20,100,0,Left,Left,26,43,27,7,,,0.48
2025-11-03 21:18:08,1.17.2,Bandit100,19,3.6,,20,100,0,LeftWithPellet,Left,26,43,27,7,,,0.26
2025-11-03 21:18:08,1.17.2,Bandit100,19,3.6,,20,100,0,LeftWithPellet,Left,26,43,27,7,,,0.18
2025-11-03 21:18:09,1.17.2,Bandit100,19,3.6,,20,100,0,LeftWithPellet,Left,26,43,27,7,,,0.12
2025-11-03 21:18:11,1.17.2,Bandit100,19,3.6,1.0,20,100,0,Pellet,Left,26,43,28,7,5.28,25.0,
2025-11-03 21:19:20,1.17.2,Bandit100,19,3.6,,20,100,0,Right,Left,26,44,28,8,,,0.16
2025-11-03 21:23:09,1.17.2,Bandit100,19,3.6,,20,100,0,Right,Left,26,45,28,8,,,0.11
2025-11-03 21:23:13,1.17.2,Bandit100,19,3.6,,20,100,0,RightinTimeout,Left,26,45,28,8,,,0.0
2025-11-03 21:23:17,1.17.2,Bandit100,19,3.6,,20,100,0,RightinTimeout,Left,26,45,28,8,,,0.0
2025-11-03 21:23:20,1.17.2,Bandit100,19,3.6,,20,100,0,RightinTimeout,Left,26,45,28,8,,,0.0
2025-11-03 21:24:22,1.17.2,Bandit100,19,3.6,,20,100,0,Right,Left,26,46,28,8,,,0.09
2025-11-03 21:26:36,1.17.2,Bandit100,19,3.6,,20,100,0,Right,Left,26,47,28,8,,,0.03
2025-11-03 21:26:41,1.17.2,Bandit100,19,3.6,,20,100,0,RightinTimeout,Left,26,47,28,8,,,0.0
2025-11-03 21:26:42,1.17.2,Bandit100,19,3.6,,20,100,0,RightinTimeout,Left,26,47,28,8,,,0.0
2025-11-03 21:26:42,1.17.2,Bandit100,19,3.6,,20,100,0,RightinTimeout,Left,26,47,28,8,,,0.0
2025-11-03 21:28:08,1.17.2,Bandit100,19,3.6,,20,100,0,Right,Left,26,48,28,8,,,0.63
2025-11-03 21:28:14,1.17.2,Bandit100,19,3.6,,20,100,0,LeftinTimeOut,Left,26,48,28,8,,,
2025-11-03 21:28:18,1.17.2,Bandit100,19,3.6,,20,100,0,RightinTimeout,Left,26,48,28,8,,,0.0
2025-11-03 21:28:26,1.17.2,Bandit100,19,3.6,,20,100,0,RightinTimeout,Left,26,48,28,8,,,0.0
2025-11-03 21:30:15,1.17.2,Bandit100,19,3.6,,20,100,0,Left,Left,27,48,28,8,,,0.03
2025-11-03 21:30:18,1.17.2,Bandit100,19,3.6,1.0,20,100,0,Pellet,Left,27,48,29,8,1.85,727.0,
2025-11-03 21:30:34,1.17.2,Bandit100,19,3.6,,20,100,0,Right,Left,27,49,29,9,,,0.02
2025-11-03 21:31:31,1.17.2,Bandit100,19,3.6,,20,100,0,Left,Left,28,49,29,9,,,0.18
2025-11-03 21:31:33,1.17.2,Bandit100,19,3.6,1.0,20,100,0,Pellet,Left,28,49,30,9,1.25,75.0,
2025-11-03 21:31:53,1.17.2,Bandit100,19,3.6,,20,100,0,Left,Left,29,49,30,10,,,0.17
2025-11-03 21:31:56,1.17.2,Bandit100,19,3.6,1.0,20,100,0,Pellet,Left,29,49,31,10,2.03,23.0,
2025-11-03 21:34:11,1.17.2,Bandit100,19,3.6,,20,100,0,Right,Left,29,50,31,11,,,0.24
2025-11-03 21:34:17,1.17.2,Bandit100,19,3.6,,20,100,0,LeftinTimeOut,Left,29,50,31,11,,,
2025-11-03 21:34:17,1.17.2,Bandit100,19,3.6,,20,100,0,LeftinTimeOut,Left,29,50,31,11,,,
2025-11-03 21:34:38,1.17.2,Bandit100,19,3.6,,20,100,0,Left,Left,30,50,31,11,,,0.05
2025-11-03 21:34:39,1.17.2,Bandit100,19,3.6,1.0,20,100,0,Pellet,Left,30,50,32,11,0.77,163.0,
2025-11-03 21:34:52,1.17.2,Bandit100,19,3.6,,20,100,0,Left,Left,31,50,32,12,,,0.07
2025-11-03 21:34:54,1.17.2,Bandit100,19,3.6,1.0,20,100,0,Pellet,Left,31,50,33,12,1.19,15.0,
2025-11-03 21:35:02,1.17.2,Bandit100,19,3.6,,20,100,0,Left,Left,32,50,33,13,,,0.04
2025-11-03 21:35:04,1.17.2,Bandit100,19,3.6,1.0,20,100,0,Pellet,Left,32,50,34,13,1.67,10.0,
2025-11-03 21:35:16,1.17.2,Bandit100,19,3.6,,20,100,0,Left,Left,33,50,34,14,,,0.47
2025-11-03 21:35:18,1.17.2,Bandit100,19,3.6,1.0,20,100,0,Pellet,Left,33,50,35,14,1.13,14.0,
2025-11-03 21:35:39,1.17.2,Bandit100,19,3.6,,20,100,0,Right,Left,33,51,35,15,,,0.07
2025-11-03 21:35:43,1.17.2,Bandit100,19,3.6,,20,100,0,LeftinTimeOut,Left,33,51,35,15,,,
2025-11-03 21:35:45,1.17.2,Bandit100,19,3.6,,20,100,0,LeftinTimeOut,Left,33,51,35,15,,,
2025-11-03 21:35:53,1.17.2,Bandit100,19,3.6,,20,100,0,RightinTimeout,Left,33,51,35,15,,,0.0
2025-11-03 21:35:53,1.17.2,Bandit100,19,3.6,,20,100,0,RightinTimeout,Left,33,51,35,15,,,0.0
2025-11-03 21:35:54,1.17.2,Bandit100,19,3.6,,20,100,0,RightinTimeout,Left,33,51,35,15,,,0.0
2025-11-03 21:35:54,1.17.2,Bandit100,19,3.6,,20,100,0,RightinTimeout,Left,33,51,35,15,,,0.0
2025-11-03 21:35:55,1.17.2,Bandit100,19,3.6,,20,100,0,RightinTimeout,Left,33,51,35,15,,,0.0
2025-11-03 21:40:17,1.17.2,Bandit100,19,3.6,,20,100,0,Left,Left,34,51,35,15,,,0.31
2025-11-03 21:40:18,1.17.2,Bandit100,19,3.6,1.0,20,100,0,Pellet,Left,34,51,36,15,1.01,300.0,
2025-11-03 21:42:23,1.17.2,Bandit100,19,3.61,,20,100,0,Left,Left,35,51,36,16,,,0.06
2025-11-03 21:42:25,1.17.2,Bandit100,19,3.6,1.0,20,100,0,Pellet,Left,35,51,37,16,2.09,127.0,
2025-11-03 21:42:37,1.17.2,Bandit100,19,3.6,,20,100,0,Left,Left,36,51,37,17,,,0.17
2025-11-03 21:42:41,1.17.2,Bandit100,19,3.6,1.0,20,100,0,Pellet,Left,36,51,38,17,3.11,16.0,
2025-11-03 21:43:30,1.17.2,Bandit100,19,3.6,,20,100,0,Left,Left,37,51,38,18,,,0.03
2025-11-03 21:43:35,1.17.2,Bandit100,19,3.6,1.0,20,100,0,Pellet,Left,37,51,39,18,4.13,54.0,
2025-11-03 21:44:38,1.17.2,Bandit100,19,3.6,,20,100,0,Left,Left,38,51,39,19,,,0.01
2025-11-03 21:44:42,1.17.2,Bandit100,19,3.6,1.0,20,100,0,Pellet,Left,38,51,40,19,2.93,67.0,
2025-11-03 21:44:52,1.17.2,Bandit100,19,3.6,,20,0,100,Left,Right,39,51,40,0,,,0.02
2025-11-03 21:45:40,1.17.2,Bandit100,19,3.6,,20,0,100,Left,Right,40,51,40,0,,,0.31
2025-11-03 21:48:45,1.17.2,Bandit100,19,3.6,,20,0,100,Right,Right,40,52,40,0,,,0.05
2025-11-03 21:48:48,1.17.2,Bandit100,19,3.6,1.0,20,0,100,Pellet,Right,40,52,41,0,2.81,246.0,
2025-11-03 21:49:01,1.17.2,Bandit100,19,3.6,,20,0,100,Left,Right,41,52,41,1,,,0.24
2025-11-03 21:49:58,1.17.2,Bandit100,19,3.6,,20,0,100,Left,Right,42,52,41,1,,,0.13
2025-11-03 21:50:35,1.17.2,Bandit100,19,3.6,,20,0,100,Left,Right,43,52,41,1,,,0.19
2025-11-03 21:51:17,1.17.2,Bandit100,19,3.6,,20,0,100,Left,Right,44,52,41,1,,,0.11
2025-11-03 21:51:20,1.17.2,Bandit100,19,3.6,,20,0,100,LeftinTimeOut,Right,44,52,41,1,,,
2025-11-03 21:51:37,1.17.2,Bandit100,19,3.6,,20,0,100,Left,Right,45,52,41,1,,,0.25
2025-11-03 21:57:25,1.17.2,Bandit100,19,3.6,,20,0,100,Left,Right,46,52,41,1,,,0.04
2025-11-03 21:57:30,1.17.2,Bandit100,19,3.6,,20,0,100,RightinTimeout,Right,46,52,41,1,,,0.0
2025-11-03 21:57:36,1.17.2,Bandit100,19,3.6,,20,0,100,LeftinTimeOut,Right,46,52,41,1,,,
2025-11-03 21:57:38,1.17.2,Bandit100,19,3.6,,20,0,100,LeftinTimeOut,Right,46,52,41,1,,,
2025-11-03 22:00:55,1.17.2,Bandit100,19,3.6,,20,0,100,Right,Right,46,53,41,1,,,0.07
2025-11-03 22:00:58,1.17.2,Bandit100,19,3.6,1.0,20,0,100,Pellet,Right,46,53,42,1,2.57,730.0,
2025-11-03 22:01:11,1.17.2,Bandit100,19,3.6,,20,0,100,Left,Right,47,53,42,2,,,0.17
2025-11-03 22:01:16,1.17.2,Bandit100,19,3.6,,20,0,100,LeftinTimeOut,Right,47,53,42,2,,,
2025-11-03 22:02:56,1.17.2,Bandit100,19,3.6,,20,0,100,Left,Right,48,53,42,2,,,0.08
2025-11-03 22:06:13,1.17.2,Bandit100,19,3.6,,20,0,100,Left,Right,49,53,42,2,,,0.03
2025-11-03 22:07:17,1.17.2,Bandit100,19,3.6,,20,0,100,Left,Right,50,53,42,2,,,0.0
2025-11-03 22:07:27,1.17.2,Bandit100,19,3.6,,20,0,100,RightinTimeout,Right,50,53,42,2,,,0.0
2025-11-03 22:07:29,1.17.2,Bandit100,19,3.6,,20,0,100,LeftinTimeOut,Right,50,53,42,2,,,
2025-11-03 22:07:31,1.17.2,Bandit100,19,3.6,,20,0,100,RightinTimeout,Right,50,53,42,2,,,0.0
2025-11-03 22:08:14,1.17.2,Bandit100,19,3.6,,20,0,100,Left,Right,51,53,42,2,,,0.09
2025-11-03 22:08:15,1.17.2,Bandit100,19,3.6,,20,0,100,LeftinTimeOut,Right,51,53,42,2,,,
2025-11-03 22:08:16,1.17.2,Bandit100,19,3.6,,20,0,100,LeftinTimeOut,Right,51,53,42,2,,,
2025-11-03 22:08:21,1.17.2,Bandit100,19,3.6,,20,0,100,LeftinTimeOut,Right,51,53,42,2,,,
2025-11-03 22:08:22,1.17.2,Bandit100,19,3.6,,20,0,100,LeftinTimeOut,Right,51,53,42,2,,,
2025-11-03 22:10:30,1.17.2,Bandit100,19,3.6,,20,0,100,Left,Right,52,53,42,2,,,0.29
2025-11-03 22:10:33,1.17.2,Bandit100,19,3.6,,20,0,100,LeftinTimeOut,Right,52,53,42,2,,,
2025-11-03 22:10:33,1.17.2,Bandit100,19,3.6,,20,0,100,LeftinTimeOut,Right,52,53,42,2,,,
2025-11-03 22:10:53,1.17.2,Bandit100,19,3.6,,20,0,100,Left,Right,53,53,42,2,,,0.32
2025-11-03 22:10:54,1.17.2,Bandit100,19,3.6,,20,0,100,LeftinTimeOut,Right,53,53,42,2,,,
2025-11-03 22:10:54,1.17.2,Bandit100,19,3.6,,20,0,100,LeftinTimeOut,Right,53,53,42,2,,,
2025-11-03 22:11:00,1.17.2,Bandit100,19,3.6,,20,0,100,LeftinTimeOut,Right,53,53,42,2,,,
2025-11-03 22:11:05,1.17.2,Bandit100,19,3.6,,20,0,100,RightinTimeout,Right,53,53,42,2,,,0.0
2025-11-03 22:11:05,1.17.2,Bandit100,19,3.6,,20,0,100,RightinTimeout,Right,53,53,42,2,,,0.0
2025-11-03 22:11:06,1.17.2,Bandit100,19,3.59,,20,0,100,RightinTimeout,Right,53,53,42,2,,,0.0
2025-11-03 22:11:08,1.17.2,Bandit100,19,3.6,,20,0,100,RightinTimeout,Right,53,53,42,2,,,0.0
2025-11-03 22:11:09,1.17.2,Bandit100,19,3.59,,20,0,100,RightinTimeout,Right,53,53,42,2,,,0.0
2025-11-03 22:11:10,1.17.2,Bandit100,19,3.6,,20,0,100,RightinTimeout,Right,53,53,42,2,,,0.0
2025-11-03 22:17:18,1.17.2,Bandit100,19,3.6,,20,0,100,Left,Right,54,53,42,2,,,0.03
2025-11-03 22:17:25,1.17.2,Bandit100,19,3.6,,20,0,100,RightinTimeout,Right,54,53,42,2,,,0.0
2025-11-03 22:18:43,1.17.2,Bandit100,19,3.58,,20,0,100,Left,Right,55,53,42,2,,,0.11
2025-11-03 22:19:57,1.17.2,Bandit100,19,3.6,,20,0,100,Left,Right,56,53,42,2,,,0.12
2025-11-03 22:21:16,1.17.2,Bandit100,19,3.58,,20,0,100,Left,Right,57,53,42,2,,,0.16
2025-11-03 22:21:20,1.17.2,Bandit100,19,3.6,,20,0,100,LeftinTimeOut,Right,57,53,42,2,,,
2025-11-03 22:25:05,1.17.2,Bandit100,19,3.58,,20,0,100,Right,Right,57,54,42,2,,,0.13
2025-11-03 22:25:06,1.17.2,Bandit100,19,3.6,1.0,20,0,100,Pellet,Right,57,54,43,2,0.95,1448.0,
2025-11-03 22:25:21,1.17.2,Bandit100,19,3.6,,20,0,100,Left,Right,58,54,43,3,,,0.22
2025-11-03 22:25:22,1.17.2,Bandit100,19,3.6,,20,0,100,LeftinTimeOut,Right,58,54,43,3,,,
2025-11-03 22:25:25,1.17.2,Bandit100,19,3.6,,20,0,100,LeftinTimeOut,Right,58,54,43,3,,,
2025-11-03 22:25:26,1.17.2,Bandit100,19,3.6,,20,0,100,LeftinTimeOut,Right,58,54,43,3,,,
2025-11-03 22:25:31,1.17.2,Bandit100,19,3.59,,20,0,100,LeftinTimeOut,Right,58,54,43,3,,,
2025-11-03 22:25:33,1.17.2,Bandit100,19,3.6,,20,0,100,LeftinTimeOut,Right,58,54,43,3,,,
2025-11-03 22:25:34,1.17.2,Bandit100,19,3.6,,20,0,100,LeftinTimeOut,Right,58,54,43,3,,,
2025-11-03 22:25:36,1.17.2,Bandit100,19,3.6,,20,0,100,LeftinTimeOut,Right,58,54,43,3,,,
2025-11-03 22:27:18,1.17.2,Bandit100,19,3.6,,20,0,100,Right,Right,58,55,43,3,,,0.13
2025-11-03 22:27:28,1.17.2,Bandit100,19,3.6,1.0,20,0,100,Pellet,Right,58,55,44,3,8.99,142.0,
2025-11-03 22:29:54,1.17.2,Bandit100,19,3.6,,20,0,100,Left,Right,59,55,44,4,,,0.16
2025-11-03 22:29:54,1.17.2,Bandit100,19,3.6,,20,0,100,LeftinTimeOut,Right,59,55,44,4,,,
2025-11-03 22:29:57,1.17.2,Bandit100,19,3.6,,20,0,100,LeftinTimeOut,Right,59,55,44,4,,,
2025-11-03 22:29:57,1.17.2,Bandit100,19,3.6,,20,0,100,LeftinTimeOut,Right,59,55,44,4,,,
2025-11-03 22:29:57,1.17.2,Bandit100,19,3.58,,20,0,100,LeftinTimeOut,Right,59,55,44,4,,,
2025-11-03 22:29:58,1.17.2,Bandit100,19,3.6,,20,0,100,LeftinTimeOut,Right,59,55,44,4,,,
2025-11-03 22:30:02,1.17.2,Bandit100,19,3.6,,20,0,100,LeftinTimeOut,Right,59,55,44,4,,,
2025-11-03 22:30:04,1.17.2,Bandit100,19,3.6,,20,0,100,LeftinTimeOut,Right,59,55,44,4,,,
2025-11-03 22:30:04,1.17.2,Bandit100,19,3.59,,20,0,100,LeftinTimeOut,Right,59,55,44,4,,,
2025-11-03 22:30:07,1.17.2,Bandit100,19,3.6,,20,0,100,LeftinTimeOut,Right,59,55,44,4,,,
2025-11-03 22:30:13,1.17.2,Bandit100,19,3.6,,20,0,100,RightinTimeout,Right,59,55,44,4,,,0.0
2025-11-03 22:30:13,1.17.2,Bandit100,19,3.6,,20,0,100,RightinTimeout,Right,59,55,44,4,,,0.0
2025-11-03 22:30:18,1.17.2,Bandit100,19,3.6,,20,0,100,RightinTimeout,Right,59,55,44,4,,,0.0
2025-11-03 22:30:19,1.17.2,Bandit100,19,3.6,,20,0,100,RightinTimeout,Right,59,55,44,4,,,0.0
2025-11-03 22:30:19,1.17.2,Bandit100,19,3.6,,20,0,100,RightinTimeout,Right,59,55,44,4,,,0.0
2025-11-03 22:30:19,1.17.2,Bandit100,19,3.6,,20,0,100,RightinTimeout,Right,59,55,44,4,,,0.0
2025-11-03 22:30:22,1.17.2,Bandit100,19,3.6,,20,0,100,LeftinTimeOut,Right,59,55,44,4,,,
2025-11-03 22:33:30,1.17.2,Bandit100,19,3.6,,20,0,100,Left,Right,60,55,44,4,,,0.06
2025-11-03 22:33:39,1.17.2,Bandit100,19,3.6,,20,0,100,RightinTimeout,Right,60,55,44,4,,,0.0
2025-11-03 22:33:39,1.17.2,Bandit100,19,3.6,,20,0,100,RightinTimeout,Right,60,55,44,4,,,0.0
2025-11-03 22:33:42,1.17.2,Bandit100,19,3.6,,20,0,100,RightinTimeout,Right,60,55,44,4,,,0.0
2025-11-03 22:33:49,1.17.2,Bandit100,19,3.6,,20,0,100,LeftinTimeOut,Right,60,55,44,4,,,
2025-11-03 22:37:34,1.17.2,Bandit100,19,3.6,,20,0,100,Left,Right,61,55,44,4,,,0.2
2025-11-03 22:37:36,1.17.2,Bandit100,19,3.6,,20,0,100,RightinTimeout,Right,61,55,44,4,,,0.0
2025-11-03 22:37:41,1.17.2,Bandit100,19,3.6,,20,0,100,LeftinTimeOut,Right,61,55,44,4,,,
2025-11-03 22:38:13,1.17.2,Bandit100,19,3.6,,20,0,100,Right,Right,61,56,44,4,,,0.05
2025-11-03 22:38:16,1.17.2,Bandit100,19,3.6,1.0,20,0,100,Pellet,Right,61,56,45,4,1.31,647.0,
2025-11-03 22:38:25,1.17.2,Bandit100,19,3.6,,20,0,100,Right,Right,61,57,45,5,,,0.06
2025-11-03 22:38:25,1.17.2,Bandit100,19,3.6,,20,0,100,RightDuringDispense,Right,61,57,45,5,,,0.02
2025-11-03 22:38:56,1.17.2,Bandit100,19,3.6,2.0,20,0,100,Pellet,Right,61,57,46,5,28.34,41.0,
2025-11-03 22:39:07,1.17.2,Bandit100,19,3.6,,20,0,100,Right,Right,61,58,46,6,,,0.04
2025-11-03 22:39:10,1.17.2,Bandit100,19,3.6,1.0,20,0,100,Pellet,Right,61,58,47,6,2.03,14.0,
2025-11-03 22:40:13,1.17.2,Bandit100,19,3.6,,20,0,100,Right,Right,61,59,47,7,,,0.25
2025-11-03 22:40:15,1.17.2,Bandit100,19,3.6,1.0,20,0,100,Pellet,Right,61,59,48,7,1.01,65.0,
2025-11-03 22:40:27,1.17.2,Bandit100,19,3.6,,20,0,100,Left,Right,62,59,48,8,,,0.01
2025-11-03 22:40:29,1.17.2,Bandit100,19,3.6,,20,0,100,LeftinTimeOut,Right,62,59,48,8,,,
2025-11-03 22:40:33,1.17.2,Bandit100,19,3.6,,20,0,100,LeftinTimeOut,Right,62,59,48,8,,,
2025-11-03 22:40:38,1.17.2,Bandit100,19,3.59,,20,0,100,RightinTimeout,Right,62,59,48,8,,,0.0
2025-11-03 22:40:39,1.17.2,Bandit100,19,3.59,,20,0,100,RightinTimeout,Right,62,59,48,8,,,0.0
2025-11-03 22:40:40,1.17.2,Bandit100,19,3.6,,20,0,100,RightinTimeout,Right,62,59,48,8,,,0.0
2025-11-03 22:40:41,1.17.2,Bandit100,19,3.6,,20,0,100,RightinTimeout,Right,62,59,48,8,,,0.0
2025-11-03 22:40:58,1.17.2,Bandit100,19,3.6,,20,0,100,Left,Right,63,59,48,8,,,0.24
2025-11-03 22:44:14,1.17.2,Bandit100,19,3.6,,20,0,100,Left,Right,64,59,48,8,,,0.04
2025-11-03 22:46:56,1.17.2,Bandit100,19,3.6,,20,0,100,Right,Right,64,60,48,8,,,0.01
2025-11-03 22:46:58,1.17.2,Bandit100,19,3.6,1.0,20,0,100,Pellet,Right,64,60,49,8,1.07,403.0,
2025-11-03 22:47:41,1.17.2,Bandit100,19,3.6,,20,0,100,Right,Right,64,61,49,9,,,0.06
2025-11-03 22:47:43,1.17.2,Bandit100,19,3.6,1.0,20,0,100,Pellet,Right,64,61,50,9,0.71,44.0,
2025-11-03 22:47:56,1.17.2,Bandit100,19,3.6,,20,0,100,Right,Right,64,62,50,10,,,0.25
2025-11-03 22:47:58,1.17.2,Bandit100,19,3.6,1.0,20,0,100,Pellet,Right,64,62,51,10,1.13,16.0,
2025-11-03 22:48:09,1.17.2,Bandit100,19,3.6,,20,0,100,Left,Right,65,62,51,11,,,0.02
2025-11-03 22:48:12,1.17.2,Bandit100,19,3.6,,20,0,100,LeftinTimeOut,Right,65,62,51,11,,,
2025-11-03 22:48:15,1.17.2,Bandit100,19,3.6,,20,0,100,RightinTimeout,Right,65,62,51,11,,,0.0
2025-11-03 22:48:15,1.17.2,Bandit100,19,3.6,,20,0,100,RightinTimeout,Right,65,62,51,11,,,0.0
2025-11-03 22:48:16,1.17.2,Bandit100,19,3.6,,20,0,100,RightinTimeout,Right,65,62,51,11,,,0.0
2025-11-03 22:48:21,1.17.2,Bandit100,19,3.6,,20,0,100,LeftinTimeOut,Right,65,62,51,11,,,
2025-11-03 22:49:03,1.17.2,Bandit100,19,3.6,,20,0,100,Left,Right,66,62,51,11,,,0.16
2025-11-03 22:49:05,1.17.2,Bandit100,19,3.6,,20,0,100,LeftinTimeOut,Right,66,62,51,11,,,
2025-11-03 22:49:06,1.17.2,Bandit100,19,3.6,,20,0,100,LeftinTimeOut,Right,66,62,51,11,,,
2025-11-03 22:49:10,1.17.2,Bandit100,19,3.6,,20,0,100,RightinTimeout,Right,66,62,51,11,,,0.0
2025-11-03 22:51:13,1.17.2,Bandit100,19,3.6,,20,0,100,Right,Right,66,63,51,11,,,0.08
2025-11-03 22:51:15,1.17.2,Bandit100,19,3.6,1.0,20,0,100,Pellet,Right,66,63,52,11,1.01,197.0,
2025-11-03 22:51:25,1.17.2,Bandit100,19,3.6,,20,0,100,Right,Right,66,64,52,12,,,0.25
2025-11-03 22:51:28,1.17.2,Bandit100,19,3.6,1.0,20,0,100,Pellet,Right,66,64,53,12,2.03,13.0,
2025-11-03 22:51:34,1.17.2,Bandit100,19,3.59,,20,0,100,Right,Right,66,65,53,13,,,0.18
2025-11-03 22:51:35,1.17.2,Bandit100,19,3.59,1.0,20,0,100,Pellet,Right,66,65,54,13,0.71,7.0,
2025-11-03 22:51:44,1.17.2,Bandit100,19,3.6,,20,0,100,Right,Right,66,66,54,14,,,0.4
2025-11-03 22:51:48,1.17.2,Bandit100,19,3.6,1.0,20,0,100,Pellet,Right,66,66,55,14,2.75,13.0,
2025-11-03 22:52:07,1.17.2,Bandit100,19,3.6,,20,0,100,Right,Right,66,67,55,15,,,0.12
2025-11-03 22:52:09,1.17.2,Bandit100,19,3.6,1.0,20,0,100,Pellet,Right,66,67,56,15,1.43,21.0,
2025-11-03 22:52:23,1.17.2,Bandit100,19,3.6,,20,0,100,Left,Right,67,67,56,16,,,0.04
2025-11-03 22:52:26,1.17.2,Bandit100,19,3.6,,20,0,100,RightinTimeout,Right,67,67,56,16,,,0.0
2025-11-03 22:52:26,1.17.2,Bandit100,19,3.6,,20,0,100,RightinTimeout,Right,67,67,56,16,,,0.0
2025-11-03 22:52:29,1.17.2,Bandit100,19,3.6,,20,0,100,RightinTimeout,Right,67,67,56,16,,,0.0
2025-11-03 22:52:53,1.17.2,Bandit100,19,3.6,,20,0,100,Right,Right,67,68,56,16,,,0.09
2025-11-03 22:52:54,1.17.2,Bandit100,19,3.6,1.0,20,0,100,Pellet,Right,67,68,57,16,0.59,45.0,
2025-11-03 22:53:06,1.17.2,Bandit100,19,3.6,,20,0,100,Right,Right,67,69,57,17,,,0.15
2025-11-03 22:53:08,1.17.2,Bandit100,19,3.6,1.0,20,0,100,Pellet,Right,67,69,58,17,0.83,14.0,
2025-11-03 22:53:23,1.17.2,Bandit100,19,3.6,,20,0,100,Right,Right,67,70,58,18,,,0.3
2025-11-03 22:53:29,1.17.2,Bandit100,19,3.6,1.0,20,0,100,Pellet,Right,67,70,59,18,5.93,21.0,
2025-11-03 22:53:37,1.17.2,Bandit100,19,3.6,,20,0,100,Left,Right,68,70,59,19,,,0.1
2025-11-03 22:53:42,1.17.2,Bandit100,19,3.6,,20,0,100,RightinTimeout,Right,68,70,59,19,,,0.0
2025-11-03 22:54:30,1.17.2,Bandit100,19,3.6,,20,0,100,Right,Right,68,71,59,19,,,0.22
2025-11-03 22:54:32,1.17.2,Bandit100,19,3.6,2.0,20,0,100,Pellet,Right,68,71,60,19,1.13,63.0,
2025-11-03 22:54:39,1.17.2,Bandit100,19,3.6,,20,100,0,Right,Left,68,72,60,0,,,0.04
2025-11-03 22:54:40,1.17.2,Bandit100,19,3.6,,20,100,0,RightinTimeout,Left,68,72,60,0,,,0.0
2025-11-03 22:56:22,1.17.2,Bandit100,19,3.6,,20,100,0,Right,Left,68,73,60,0,,,0.05
2025-11-03 22:59:23,1.17.2,Bandit100,19,3.6,,20,100,0,Left,Left,69,73,60,0,,,0.09
2025-11-03 22:59:25,1.17.2,Bandit100,19,3.6,1.0,20,100,0,Pellet,Left,69,73,61,0,1.55,293.0,
2025-11-03 22:59:37,1.17.2,Bandit100,19,3.6,,20,100,0,Right,Left,69,74,61,1,,,0.35
2025-11-03 23:00:26,1.17.2,Bandit100,19,3.6,,20,100,0,Right,Left,69,75,61,1,,,0.08
2025-11-03 23:00:59,1.17.2,Bandit100,19,3.59,,20,100,0,Right,Left,69,76,61,1,,,0.28
2025-11-03 23:01:04,1.17.2,Bandit100,19,3.6,,20,100,0,LeftinTimeOut,Left,69,76,61,1,,,
2025-11-03 23:02:49,1.17.2,Bandit100,19,3.6,,20,100,0,Left,Left,70,76,61,1,,,0.15
2025-11-03 23:02:52,1.17.2,Bandit100,19,3.6,1.0,20,100,0,Pellet,Left,70,76,62,1,1.91,207.0,
2025-11-03 23:03:02,1.17.2,Bandit100,19,3.6,,20,100,0,Left,Left,71,76,62,2,,,0.03
2025-11-03 23:03:03,1.17.2,Bandit100,19,3.59,,20,100,0,LeftWithPellet,Left,71,76,62,2,,,0.03
2025-11-03 23:03:04,1.17.2,Bandit100,19,3.59,1.0,20,100,0,Pellet,Left,71,76,63,2,1.81,12.0,
2025-11-03 23:03:24,1.17.2,Bandit100,19,3.6,,20,100,0,Left,Left,72,76,63,3,,,0.12
2025-11-03 23:03:25,1.17.2,Bandit100,19,3.6,1.0,20,100,0,Pellet,Left,72,76,64,3,0.95,21.0,
2025-11-03 23:04:27,1.17.2,Bandit100,19,3.6,,20,100,0,Right,Left,72,77,64,4,,,0.13
2025-11-03 23:08:16,1.17.2,Bandit100,19,3.6,,20,100,0,Left,Left,73,77,64,4,,,0.18
2025-11-03 23:08:19,1.17.2,Bandit100,19,3.6,1.0,20,100,0,Pellet,Left,73,77,65,4,1.97,294.0,
2025-11-03 23:08:31,1.17.2,Bandit100,19,3.6,,20,100,0,Left,Left,74,77,65,5,,,0.19
2025-11-03 23:08:34,1.17.2,Bandit100,19,3.6,2.0,20,100,0,Pellet,Left,74,77,66,5,1.91,15.0,
2025-11-03 23:10:35,1.17.2,Bandit100,19,3.59,,20,100,0,Right,Left,74,78,66,6,,,0.07
2025-11-03 23:10:41,1.17.2,Bandit100,19,3.6,,20,100,0,RightinTimeout,Left,74,78,66,6,,,0.0
2025-11-03 23:12:35,1.17.2,Bandit100,19,3.6,,20,100,0,Left,Left,75,78,66,6,,,0.16
2025-11-03 23:12:40,1.17.2,Bandit100,19,3.59,1.0,20,100,0,Pellet,Left,75,78,67,6,4.07,245.0,
2025-11-03 23:16:47,1.17.2,Bandit100,19,3.59,,20,100,0,Right,Left,75,79,67,7,,,0.06
2025-11-03 23:18:49,1.17.2,Bandit100,19,3.59,,20,100,0,Right,Left,75,80,67,7,,,0.3
2025-11-03 23:22:16,1.17.2,Bandit100,19,3.6,,20,100,0,Right,Left,75,81,67,7,,,0.09
2025-11-03 23:22:56,1.17.2,Bandit100,19,3.59,,20,100,0,Right,Left,75,82,67,7,,,0.05
2025-11-03 23:26:50,1.17.2,Bandit100,19,3.59,,20,100,0,Right,Left,75,83,67,7,,,0.0
2025-11-03 23:27:45,1.17.2,Bandit100,19,3.6,,20,100,0,Right,Left,75,84,67,7,,,0.2
2025-11-03 23:30:13,1.17.2,Bandit100,19,3.6,,20,100,0,Left,Left,76,84,67,7,,,0.0
2025-11-03 23:30:20,1.17.2,Bandit100,19,3.59,1.0,20,100,0,Pellet,Left,76,84,68,7,5.99,1061.0,
2025-11-03 23:31:55,1.17.2,Bandit100,19,3.58,,20,100,0,Left,Left,77,84,68,8,,,0.25
2025-11-03 23:31:57,1.17.2,Bandit100,19,3.58,1.0,20,100,0,Pellet,Left,77,84,69,8,1.49,97.0,
2025-11-03 23:32:13,1.17.2,Bandit100,19,3.58,,20,100,0,Left,Left,78,84,69,9,,,0.08
2025-11-03 23:32:14,1.17.2,Bandit100,19,3.6,1.0,20,100,0,Pellet,Left,78,84,70,9,0.89,17.0,
2025-11-03 23:32:40,1.17.2,Bandit100,19,3.59,,20,100,0,Right,Left,78,85,70,10,,,0.2
2025-11-03 23:32:57,1.17.2,Bandit100,19,3.59,,20,100,0,Left,Left,79,85,70,10,,,0.08
2025-11-03 23:32:59,1.17.2,Bandit100,19,3.6,1.0,20,100,0,Pellet,Left,79,85,71,10,1.07,45.0,
2025-11-03 23:33:18,1.17.2,Bandit100,19,3.6,,20,100,0,Right,Left,79,86,71,11,,,0.24
2025-11-03 23:34:05,1.17.2,Bandit100,19,3.6,,20,100,0,Left,Left,80,86,71,11,,,0.05
2025-11-03 23:34:07,1.17.2,Bandit100,19,3.6,1.0,20,100,0,Pellet,Left,80,86,72,11,1.37,68.0,
2025-11-03 23:34:20,1.17.2,Bandit100,19,3.6,,20,100,0,Left,Left,81,86,72,12,,,0.11
2025-11-03 23:34:21,1.17.2,Bandit100,19,3.58,1.0,20,100,0,Pellet,Left,81,86,73,12,0.59,14.0,
2025-11-03 23:35:02,1.17.2,Bandit100,19,3.59,,20,100,0,Left,Left,82,86,73,13,,,0.37
2025-11-03 23:35:04,1.17.2,Bandit100,19,3.59,1.0,20,100,0,Pellet,Left,82,86,74,13,0.59,42.0,
2025-11-03 23:35:22,1.17.2,Bandit100,19,3.59,,20,100,0,Left,Left,83,86,74,14,,,0.04
2025-11-03 23:35:25,1.17.2,Bandit100,19,3.6,2.0,20,100,0,Pellet,Left,83,86,75,14,2.03,22.0,
2025-11-03 23:35:36,1.17.2,Bandit100,19,3.59,,20,100,0,Left,Left,84,86,75,15,,,0.05
2025-11-03 23:35:38,1.17.2,Bandit100,19,3.58,2.0,20,100,0,Pellet,Left,84,86,76,15,0.77,13.0,
2025-11-03 23:36:03,1.17.2,Bandit100,19,3.58,,20,100,0,Right,Left,84,87,76,16,,,0.07
2025-11-03 23:37:03,1.17.2,Bandit100,19,3.58,,20,100,0,Right,Left,84,88,76,16,,,0.14
2025-11-03 23:43:00,1.17.2,Bandit100,19,3.58,,20,100,0,Left,Left,85,88,76,16,,,0.19
2025-11-03 23:43:03,1.17.2,Bandit100,19,3.59,1.0,20,100,0,Pellet,Left,85,88,77,16,1.43,445.0,
2025-11-04 00:01:53,1.17.2,Bandit100,19,3.6,,20,100,0,Right,Left,85,89,77,17,,,0.13
2025-11-04 00:10:36,1.17.2,Bandit100,19,3.59,,20,100,0,Right,Left,85,90,77,17,,,0.0
2025-11-04 00:16:31,1.17.2,Bandit100,19,3.6,,20,100,0,Left,Left,86,90,77,17,,,0.07
2025-11-04 00:16:33,1.17.2,Bandit100,19,3.6,1.0,20,100,0,Pellet,Left,86,90,78,17,1.19,2010.0,
2025-11-04 00:17:27,1.17.2,Bandit100,19,3.59,,20,100,0,Left,Left,87,90,78,18,,,0.09
2025-11-04 00:17:29,1.17.2,Bandit100,19,3.59,1.0,20,100,0,Pellet,Left,87,90,79,18,1.67,56.0,
2025-11-04 00:17:49,1.17.2,Bandit100,19,3.59,,20,100,0,Left,Left,88,90,79,19,,,0.11
2025-11-04 00:17:51,1.17.2,Bandit100,19,3.59,1.0,20,100,0,Pellet,Left,88,90,80,19,1.67,22.0,
2025-11-04 00:18:09,1.17.2,Bandit100,19,3.59,,20,0,100,Left,Right,89,90,80,0,,,0.12
2025-11-04 00:19:46,1.17.2,Bandit100,19,3.59,,20,0,100,Left,Right,90,90,80,0,,,0.19
2025-11-04 00:28:35,1.17.2,Bandit100,19,3.6,,20,0,100,Left,Right,91,90,80,0,,,0.13
2025-11-04 00:37:56,1.17.2,Bandit100,19,3.6,,20,0,100,Left,Right,92,90,80,0,,,0.08
2025-11-04 00:45:17,1.17.2,Bandit100,19,3.6,,20,0,100,Left,Right,93,90,80,0,,,0.09
2025-11-04 00:46:09,1.17.2,Bandit100,19,3.59,,20,0,100,Left,Right,94,90,80,0,,,0.04
2025-11-04 00:46:10,1.17.2,Bandit100,19,3.59,,20,0,100,LeftinTimeOut,Right,94,90,80,0,,,
2025-11-04 00:47:55,1.17.2,Bandit100,19,3.59,,20,0,100,Right,Right,94,91,80,0,,,0.04
2025-11-04 00:47:58,1.17.2,Bandit100,19,3.58,2.0,20,0,100,Pellet,Right,94,91,81,0,1.73,1806.0,
2025-11-04 00:48:52,1.17.2,Bandit100,19,3.58,,20,0,100,Left,Right,95,91,81,1,,,0.17
2025-11-04 00:48:54,1.17.2,Bandit100,19,3.58,,20,0,100,LeftinTimeOut,Right,95,91,81,1,,,
2025-11-04 00:48:56,1.17.2,Bandit100,19,3.59,,20,0,100,LeftinTimeOut,Right,95,91,81,1,,,
2025-11-04 00:48:56,1.17.2,Bandit100,19,3.59,,20,0,100,LeftinTimeOut,Right,95,91,81,1,,,
2025-11-04 00:48:58,1.17.2,Bandit100,19,3.59,,20,0,100,LeftinTimeOut,Right,95,91,81,1,,,
2025-11-04 00:51:57,1.17.2,Bandit100,19,3.58,,20,0,100,Left,Right,96,91,81,1,,,0.13
2025-11-04 00:51:58,1.17.2,Bandit100,19,3.59,,20,0,100,LeftinTimeOut,Right,96,91,81,1,,,
2025-11-04 00:57:46,1.17.2,Bandit100,19,3.59,,20,0,100,Right,Right,96,92,81,1,,,0.03
2025-11-04 00:57:48,1.17.2,Bandit100,19,3.59,1.0,20,0,100,Pellet,Right,96,92,82,1,0.89,591.0,
2025-11-04 00:57:59,1.17.2,Bandit100,19,3.6,,20,0,100,Left,Right,97,92,82,2,,,0.12
2025-11-04 00:58:05,1.17.2,Bandit100,19,3.59,,20,0,100,LeftinTimeOut,Right,97,92,82,2,,,
2025-11-04 00:58:06,1.17.2,Bandit100,19,3.6,,20,0,100,LeftinTimeOut,Right,97,92,82,2,,,
2025-11-04 00:58:07,1.17.2,Bandit100,19,3.59,,20,0,100,LeftinTimeOut,Right,97,92,82,2,,,
2025-11-04 00:58:08,1.17.2,Bandit100,19,3.6,,20,0,100,LeftinTimeOut,Right,97,92,82,2,,,
2025-11-04 00:58:12,1.17.2,Bandit100,19,3.6,,20,0,100,LeftinTimeOut,Right,97,92,82,2,,,
2025-11-04 00:58:13,1.17.2,Bandit100,19,3.58,,20,0,100,LeftinTimeOut,Right,97,92,82,2,,,
2025-11-04 00:58:16,1.17.2,Bandit100,19,3.6,,20,0,100,RightinTimeout,Right,97,92,82,2,,,0.0
2025-11-04 02:22:32,1.17.2,Bandit100,19,3.59,,20,0,100,Left,Right,98,92,82,2,,,0.2
2025-11-04 02:22:37,1.17.2,Bandit100,19,3.6,,20,0,100,LeftinTimeOut,Right,98,92,82,2,,,
2025-11-04 02:22:38,1.17.2,Bandit100,19,3.59,,20,0,100,LeftinTimeOut,Right,98,92,82,2,,,
2025-11-04 02:22:40,1.17.2,Bandit100,19,3.59,,20,0,100,RightinTimeout,Right,98,92,82,2,,,0.0
2025-11-04 02:22:41,1.17.2,Bandit100,19,3.59,,20,0,100,RightinTimeout,Right,98,92,82,2,,,0.0
2025-11-04 02:35:13,1.17.2,Bandit100,19,3.59,,20,0,100,Right,Right,98,93,82,2,,,0.17
2025-11-04 02:35:15,1.17.2,Bandit100,19,3.59,2.0,20,0,100,Pellet,Right,98,93,83,2,2.03,5847.0,
2025-11-04 02:35:33,1.17.2,Bandit100,19,3.59,,20,0,100,Left,Right,99,93,83,3,,,0.19
2025-11-04 02:35:38,1.17.2,Bandit100,19,3.59,,20,0,100,RightinTimeout,Right,99,93,83,3,,,0.0
2025-11-04 02:35:38,1.17.2,Bandit100,19,3.6,,20,0,100,RightinTimeout,Right,99,93,83,3,,,0.0
2025-11-04 02:35:41,1.17.2,Bandit100,19,3.59,,20,0,100,LeftinTimeOut,Right,99,93,83,3,,,
2025-11-04 02:35:43,1.17.2,Bandit100,19,3.59,,20,0,100,LeftinTimeOut,Right,99,93,83,3,,,
2025-11-04 02:36:18,1.17.2,Bandit100,19,3.59,,20,0,100,Right,Right,99,94,83,3,,,0.17
2025-11-04 02:36:20,1.17.2,Bandit100,19,3.59,1.0,20,0,100,Pellet,Right,99,94,84,3,0.65,64.0,
2025-11-04 02:36:39,1.17.2,Bandit100,19,3.6,,20,0,100,Right,Right,99,95,84,4,,,0.04
2025-11-04 02:36:40,1.17.2,Bandit100,19,3.58,1.0,20,0,100,Pellet,Right,99,95,85,4,0.47,21.0,
2025-11-04 02:36:57,1.17.2,Bandit100,19,3.59,,20,0,100,Right,Right,99,96,85,5,,,0.1
2025-11-04 02:36:59,1.17.2,Bandit100,19,3.58,1.0,20,0,100,Pellet,Right,99,96,86,5,1.19,19.0,
2025-11-04 02:37:08,1.17.2,Bandit100,19,3.58,,20,0,100,Right,Right,99,97,86,6,,,0.12
2025-11-04 02:37:10,1.17.2,Bandit100,19,3.6,1.0,20,0,100,Pellet,Right,99,97,87,6,0.77,11.0,
2025-11-04 02:37:32,1.17.2,Bandit100,19,3.59,,20,0,100,Right,Right,99,98,87,7,,,0.22
2025-11-04 02:37:34,1.17.2,Bandit100,19,3.59,1.0,20,0,100,Pellet,Right,99,98,88,7,0.59,24.0,
2025-11-04 02:37:53,1.17.2,Bandit100,19,3.59,,20,0,100,Right,Right,99,99,88,8,,,0.05
2025-11-04 02:37:55,1.17.2,Bandit100,19,3.58,1.0,20,0,100,Pellet,Right,99,99,89,8,0.83,21.0,
2025-11-04 02:38:23,1.17.2,Bandit100,19,3.59,,20,0,100,Right,Right,99,100,89,9,,,0.31
2025-11-04 02:38:24,1.17.2,Bandit100,19,3.59,1.0,20,0,100,Pellet,Right,99,100,90,9,0.59,29.0,
2025-11-04 02:38:41,1.17.2,Bandit100,19,3.59,,20,0,100,Right,Right,99,101,90,10,,,0.27
2025-11-04 02:38:43,1.17.2,Bandit100,19,3.59,1.0,20,0,100,Pellet,Right,99,101,91,10,0.95,19.0,
2025-11-04 02:38:57,1.17.2,Bandit100,19,3.58,,20,0,100,Right,Right,99,102,91,11,,,0.14
2025-11-04 02:38:59,1.17.2,Bandit100,19,3.59,1.0,20,0,100,Pellet,Right,99,102,92,11,1.01,16.0,
2025-11-04 03:33:17,1.17.2,Bandit100,19,3.59,,20,0,100,Right,Right,99,103,92,12,,,0.02
2025-11-04 03:33:19,1.17.2,Bandit100,19,3.59,1.0,20,0,100,Pellet,Right,99,103,93,12,1.07,3260.0,
2025-11-04 03:43:56,1.17.2,Bandit100,19,3.59,,20,0,100,Right,Right,99,104,93,13,,,0.04
2025-11-04 03:43:58,1.17.2,Bandit100,19,3.6,1.0,20,0,100,Pellet,Right,99,104,94,13,0.89,639.0,
2025-11-04 03:44:08,1.17.2,Bandit100,19,3.59,,20,0,100,Right,Right,99,105,94,14,,,0.09
2025-11-04 03:44:10,1.17.2,Bandit100,19,3.59,1.0,20,0,100,Pellet,Right,99,105,95,14,1.49,12.0,
2025-11-04 03:44:19,1.17.2,Bandit100,19,3.59,,20,0,100,Right,Right,99,106,95,15,,,0.06
2025-11-04 03:44:21,1.17.2,Bandit100,19,3.59,1.0,20,0,100,Pellet,Right,99,106,96,15,1.01,11.0,
2025-11-04 03:44:32,1.17.2,Bandit100,19,3.58,,20,0,100,Right,Right,99,107,96,16,,,0.16
2025-11-04 03:44:35,1.17.2,Bandit100,19,3.58,,20,0,100,RightWithPellet,Right,99,108,96,16,,,0.01
2025-11-04 03:44:36,1.17.2,Bandit100,19,3.59,1.0,20,0,100,Pellet,Right,99,108,97,16,2.98,15.0,
2025-11-04 03:44:56,1.17.2,Bandit100,19,3.59,,20,0,100,Right,Right,99,109,97,17,,,0.08
2025-11-04 03:44:58,1.17.2,Bandit100,19,3.59,2.0,20,0,100,Pellet,Right,99,109,98,17,0.53,22.0,
2025-11-04 03:47:13,1.17.2,Bandit100,19,3.59,,20,0,100,Right,Right,99,110,98,18,,,0.07
2025-11-04 03:47:14,1.17.2,Bandit100,19,3.59,2.0,20,0,100,Pellet,Right,99,110,99,18,0.59,136.0,
2025-11-04 03:47:22,1.17.2,Bandit100,19,3.59,,20,0,100,Right,Right,99,111,99,19,,,0.08
2025-11-04 03:47:24,1.17.2,Bandit100,19,3.59,1.0,20,0,100,Pellet,Right,99,111,100,19,1.49,10.0,
2025-11-04 03:48:03,1.17.2,Bandit100,19,3.59,,20,100,0,Right,Left,99,112,100,0,,,0.08
2025-11-04 03:48:37,1.17.2,Bandit100,19,3.59,,20,100,0,Right,Left,99,113,100,0,,,0.04
2025-11-04 04:33:21,1.17.2,Bandit100,19,3.58,,20,100,0,Right,Left,99,114,100,0,,,0.08
2025-11-04 04:46:18,1.17.2,Bandit100,19,3.59,,20,100,0,Left,Left,100,114,100,0,,,0.13
2025-11-04 04:46:20,1.17.2,Bandit100,19,3.58,1.0,20,100,0,Pellet,Left,100,114,101,0,1.31,3536.0,
2025-11-04 04:46:36,1.17.2,Bandit100,19,3.59,,20,100,0,Left,Left,101,114,101,1,,,0.02
2025-11-04 04:46:37,1.17.2,Bandit100,19,3.58,1.0,20,100,0,Pellet,Left,101,114,102,1,0.65,17.0,
2025-11-04 04:46:51,1.17.2,Bandit100,19,3.58,,20,100,0,Left,Left,102,114,102,2,,,0.18
2025-11-04 04:46:53,1.17.2,Bandit100,19,3.58,1.0,20,100,0,Pellet,Left,102,114,103,2,1.85,16.0,
2025-11-04 04:47:04,1.17.2,Bandit100,19,3.58,,20,100,0,Left,Left,103,114,103,3,,,0.11
2025-11-04 04:47:06,1.17.2,Bandit100,19,3.58,1.0,20,100,0,Pellet,Left,103,114,104,3,1.37,13.0,
2025-11-04 04:47:17,1.17.2,Bandit100,19,3.58,,20,100,0,Left,Left,104,114,104,4,,,0.19
2025-11-04 04:47:18,1.17.2,Bandit100,19,3.58,1.0,20,100,0,Pellet,Left,104,114,105,4,0.59,12.0,
2025-11-04 04:47:46,1.17.2,Bandit100,19,3.58,,20,100,0,Left,Left,105,114,105,5,,,0.02
2025-11-04 04:47:47,1.17.2,Bandit100,19,3.58,2.0,20,100,0,Pellet,Left,105,114,106,5,0.59,29.0,
2025-11-04 04:48:11,1.17.2,Bandit100,19,3.58,,20,100,0,Right,Left,105,115,106,6,,,0.02
2025-11-04 04:48:16,1.17.2,Bandit100,19,3.58,,20,100,0,LeftinTimeOut,Left,105,115,106,6,,,
2025-11-04 04:48:40,1.17.2,Bandit100,19,3.59,,20,100,0,Left,Left,106,115,106,6,,,0.04
2025-11-04 04:48:42,1.17.2,Bandit100,19,3.58,1.0,20,100,0,Pellet,Left,106,115,107,6,0.47,55.0,
2025-11-04 04:48:54,1.17.2,Bandit100,19,3.58,,20,100,0,Left,Left,107,115,107,7,,,0.1
2025-11-04 04:48:55,1.17.2,Bandit100,19,3.58,1.0,20,100,0,Pellet,Left,107,115,108,7,0.95,13.0,
2025-11-04 04:49:05,1.17.2,Bandit100,19,3.58,,20,100,0,Left,Left,108,115,108,8,,,0.04
2025-11-04 04:49:07,1.17.2,Bandit100,19,3.58,1.0,20,100,0,Pellet,Left,108,115,109,8,0.71,12.0,
2025-11-04 04:49:14,1.17.2,Bandit100,19,3.59,,20,100,0,Left,Left,109,115,109,9,,,0.08
2025-11-04 04:49:16,1.17.2,Bandit100,19,3.59,1.0,20,100,0,Pellet,Left,109,115,110,9,0.83,9.0,
2025-11-04 04:49:39,1.17.2,Bandit100,19,3.58,,20,100,0,Left,Left,110,115,110,10,,,0.07
2025-11-04 04:49:40,1.17.2,Bandit100,19,3.58,1.0,20,100,0,Pellet,Left,110,115,111,10,0.83,24.0,
2025-11-04 04:49:48,1.17.2,Bandit100,19,3.58,,20,100,0,Left,Left,111,115,111,11,,,0.11
2025-11-04 04:49:49,1.17.2,Bandit100,19,3.58,,20,100,0,LeftDuringDispense,Left,111,115,111,11,,,0.05
2025-11-04 04:49:51,1.17.2,Bandit100,19,3.58,1.0,20,100,0,Pellet,Left,111,115,112,11,1.96,11.0,
2025-11-04 04:50:04,1.17.2,Bandit100,19,3.58,,20,100,0,Left,Left,112,115,112,12,,,0.02
2025-11-04 04:50:07,1.17.2,Bandit100,19,3.58,2.0,20,100,0,Pellet,Left,112,115,113,12,2.27,16.0,
2025-11-04 04:50:20,1.17.2,Bandit100,19,3.58,,20,100,0,Left,Left,113,115,113,13,,,0.07
2025-11-04 04:50:22,1.17.2,Bandit100,19,3.58,,20,100,0,LeftWithPellet,Left,113,115,113,13,,,0.01
2025-11-04 04:50:24,1.17.2,Bandit100,19,3.58,1.0,20,100,0,Pellet,Left,113,115,114,13,3.29,17.0,
2025-11-04 04:50:37,1.17.2,Bandit100,19,3.58,,20,100,0,Left,Left,114,115,114,14,,,0.06
2025-11-04 04:50:39,1.17.2,Bandit100,19,3.58,1.0,20,100,0,Pellet,Left,114,115,115,14,0.59,15.0,
2025-11-04 08:01:20,1.17.2,Bandit100,19,3.57,,20,100,0,Right,Left,114,116,115,15,,,0.3
2025-11-04 08:01:20,1.17.2,Bandit100,19,3.58,,20,100,0,RightinTimeout,Left,114,116,115,15,,,0.0
2025-11-04 08:01:20,1.17.2,Bandit100,19,3.57,,20,100,0,RightinTimeout,Left,114,116,115,15,,,0.0
2025-11-04 08:01:21,1.17.2,Bandit100,19,3.57,,20,100,0,RightinTimeout,Left,114,116,115,15,,,0.0
2025-11-04 08:01:33,1.17.2,Bandit100,19,3.57,,20,100,0,Right,Left,114,117,115,15,,,0.03
2025-11-04 08:01:34,1.17.2,Bandit100,19,3.57,,20,100,0,RightinTimeout,Left,114,117,115,15,,,0.0
2025-11-04 08:01:35,1.17.2,Bandit100,19,3.56,,20,100,0,RightinTimeout,Left,114,117,115,15,,,0.0
2025-11-04 08:01:37,1.17.2,Bandit100,19,3.57,,20,100,0,RightinTimeout,Left,114,117,115,15,,,0.0
2025-11-04 08:07:04,1.17.2,Bandit100,19,3.58,,20,100,0,Left,Left,115,117,115,15,,,0.05
2025-11-04 08:07:04,1.17.2,Bandit100,19,3.58,,20,100,0,LeftDuringDispense,Left,115,117,115,15,,,0.01
2025-11-04 08:07:13,1.17.2,Bandit100,19,3.58,2.0,20,100,0,Pellet,Left,115,117,116,15,6.16,11794.0,
2025-11-04 08:07:34,1.17.2,Bandit100,19,3.57,,20,100,0,Right,Left,115,118,116,16,,,0.14
2025-11-04 08:07:39,1.17.2,Bandit100,19,3.58,,20,100,0,LeftinTimeOut,Left,115,118,116,16,,,
2025-11-04 08:07:39,1.17.2,Bandit100,19,3.58,,20,100,0,LeftinTimeOut,Left,115,118,116,16,,,
2025-11-04 08:07:41,1.17.2,Bandit100,19,3.57,,20,100,0,LeftinTimeOut,Left,115,118,116,16,,,
2025-11-04 08:07:41,1.17.2,Bandit100,19,3.58,,20,100,0,LeftinTimeOut,Left,115,118,116,16,,,
2025-11-04 08:07:41,1.17.2,Bandit100,19,3.58,,20,100,0,LeftinTimeOut,Left,115,118,116,16,,,
2025-11-04 08:07:42,1.17.2,Bandit100,19,3.58,,20,100,0,LeftinTimeOut,Left,115,118,116,16,,,
2025-11-04 08:12:00,1.17.2,Bandit100,19,3.58,,20,100,0,Right,Left,115,119,116,16,,,0.18
2025-11-04 09:54:13,1.17.2,Bandit100,19,3.58,,20,100,0,Left,Left,116,119,116,16,,,0.06
2025-11-04 09:54:16,1.17.2,Bandit100,19,3.58,1.0,20,100,0,Pellet,Left,116,119,117,16,2.33,6423.0,
2025-11-04 09:54:58,1.17.2,Bandit100,19,3.58,,20,100,0,Left,Left,117,119,117,17,,,0.18
2025-11-04 09:54:59,1.17.2,Bandit100,19,3.56,1.0,20,100,0,Pellet,Left,117,119,118,17,0.53,43.0,
2025-11-04 11:09:35,1.17.2,Bandit100,19,3.56,,20,100,0,Left,Left,118,119,118,18,,,0.18
2025-11-04 11:09:36,1.17.2,Bandit100,19,3.58,1.0,20,100,0,Pellet,Left,118,119,119,18,0.41,4477.0,
2025-11-04 11:10:03,1.17.2,Bandit100,19,3.58,,20,100,0,Right,Left,118,120,119,19,,,0.1
2025-11-04 11:10:07,1.17.2,Bandit100,19,3.58,,20,100,0,LeftinTimeOut,Left,118,120,119,19,,,
2025-11-04 11:10:11,1.17.2,Bandit100,19,3.57,,20,100,0,LeftinTimeOut,Left,118,120,119,19,,,
2025-11-04 11:10:11,1.17.2,Bandit100,19,3.58,,20,100,0,LeftinTimeOut,Left,118,120,119,19,,,
2025-11-04 11:10:14,1.17.2,Bandit100,19,3.58,,20,100,0,LeftinTimeOut,Left,118,120,119,19,,,
2025-11-04 11:10:14,1.17.2,Bandit100,19,3.58,,20,100,0,LeftinTimeOut,Left,118,120,119,19,,,
2025-11-04 11:10:15,1.17.2,Bandit100,19,3.58,,20,100,0,LeftinTimeOut,Left,118,120,119,19,,,
2025-11-04 11:10:16,1.17.2,Bandit100,19,3.58,,20,100,0,LeftinTimeOut,Left,118,120,119,19,,,
2025-11-04 11:10:20,1.17.2,Bandit100,19,3.58,,20,100,0,RightinTimeout,Left,118,120,119,19,,,0.0
2025-11-04 11:10:21,1.17.2,Bandit100,19,3.58,,20,100,0,RightinTimeout,Left,118,120,119,19,,,0.0
2025-11-04 11:11:19,1.17.2,Bandit100,19,3.58,,20,100,0,Left,Left,119,120,119,19,,,0.01
2025-11-04 11:11:20,1.17.2,Bandit100,19,3.58,,20,100,0,LeftDuringDispense,Left,119,120,119,19,,,0.02
2025-11-04 11:11:26,1.17.2,Bandit100,19,3.58,2.0,20,100,0,Pellet,Left,119,120,120,19,3.16,110.0,
2025-11-04 11:11:40,1.17.2,Bandit100,19,3.58,,20,0,100,Left,Right,120,120,120,0,,,0.07
2025-11-04 12:35:02,1.17.2,Bandit100,19,3.58,,20,0,100,Left,Right,121,120,120,0,,,0.08
2025-11-04 16:09:34,1.17.2,Bandit100,19,3.57,,20,0,100,Left,Right,122,120,120,0,,,0.12
2025-11-04 16:09:59,1.17.2,Bandit100,19,3.57,,20,0,100,Right,Right,122,121,120,0,,,0.14
2025-11-04 16:10:01,1.17.2,Bandit100,19,3.58,1.0,20,0,100,Pellet,Right,122,121,121,0,1.37,17915.0,
2025-11-04 16:10:21,1.17.2,Bandit100,19,3.58,,20,0,100,Right,Right,122,122,121,1,,,0.31
2025-11-04 16:10:22,1.17.2,Bandit100,19,3.57,1.0,20,0,100,Pellet,Right,122,122,122,1,0.65,21.0,
2025-11-04 16:10:47,1.17.2,Bandit100,19,3.57,,20,0,100,Left,Right,123,122,122,2,,,0.0
2025-11-04 16:10:48,1.17.2,Bandit100,19,3.57,,20,0,100,LeftinTimeOut,Right,123,122,122,2,,,
2025-11-04 16:10:48,1.17.2,Bandit100,19,3.57,,20,0,100,LeftinTimeOut,Right,123,122,122,2,,,
2025-11-04 16:10:51,1.17.2,Bandit100,19,3.57,,20,0,100,LeftinTimeOut,Right,123,122,122,2,,,
2025-11-04 16:10:51,1.17.2,Bandit100,19,3.57,,20,0,100,LeftinTimeOut,Right,123,122,122,2,,,
2025-11-04 16:10:52,1.17.2,Bandit100,19,3.58,,20,0,100,LeftinTimeOut,Right,123,122,122,2,,,
2025-11-04 16:10:54,1.17.2,Bandit100,19,3.58,,20,0,100,LeftinTimeOut,Right,123,122,122,2,,,
2025-11-04 16:10:58,1.17.2,Bandit100,19,3.56,,20,0,100,RightinTimeout,Right,123,122,122,2,,,0.0
2025-11-04 16:10:58,1.17.2,Bandit100,19,3.56,,20,0,100,RightinTimeout,Right,123,122,122,2,,,0.0
2025-11-04 16:11:00,1.17.2,Bandit100,19,3.58,,20,0,100,RightinTimeout,Right,123,122,122,2,,,0.0
2025-11-04 16:11:00,1.17.2,Bandit100,19,3.57,,20,0,100,RightinTimeout,Right,123,122,122,2,,,0.0
2025-11-04 16:11:01,1.17.2,Bandit100,19,3.58,,20,0,100,RightinTimeout,Right,123,122,122,2,,,0.0
2025-11-04 16:11:03,1.17.2,Bandit100,19,3.58,,20,0,100,RightinTimeout,Right,123,122,122,2,,,0.0
2025-11-04 16:11:03,1.17.2,Bandit100,19,3.57,,20,0,100,RightinTimeout,Right,123,122,122,2,,,0.0
2025-11-04 16:11:03,1.17.2,Bandit100,19,3.57,,20,0,100,RightinTimeout,Right,123,122,122,2,,,0.0
2025-11-04 16:11:04,1.17.2,Bandit100,19,3.57,,20,0,100,RightinTimeout,Right,123,122,122,2,,,0.0
2025-11-04 16:11:05,1.17.2,Bandit100,19,3.56,,20,0,100,RightinTimeout,Right,123,122,122,2,,,0.0
2025-11-04 16:11:05,1.17.2,Bandit100,19,3.56,,20,0,100,RightinTimeout,Right,123,122,122,2,,,0.0
2025-11-04 16:11:08,1.17.2,Bandit100,19,3.56,,20,0,100,LeftinTimeOut,Right,123,122,122,2,,,
2025-11-04 16:11:09,1.17.2,Bandit100,19,3.56,,20,0,100,LeftinTimeOut,Right,123,122,122,2,,,
2025-11-04 16:11:10,1.17.2,Bandit100,19,3.57,,20,0,100,LeftinTimeOut,Right,123,122,122,2,,,
2025-11-04 16:11:10,1.17.2,Bandit100,19,3.57,,20,0,100,LeftinTimeOut,Right,123,122,122,2,,,
2025-11-04 16:11:10,1.17.2,Bandit100,19,3.58,,20,0,100,LeftinTimeOut,Right,123,122,122,2,,,
2025-11-04 16:11:13,1.17.2,Bandit100,19,3.57,,20,0,100,LeftinTimeOut,Right,123,122,122,2,,,
2025-11-04 16:11:17,1.17.2,Bandit100,19,3.58,,20,0,100,RightinTimeout,Right,123,122,122,2,,,0.0
2025-11-04 16:11:18,1.17.2,Bandit100,19,3.57,,20,0,100,RightinTimeout,Right,123,122,122,2,,,0.0
2025-11-04 18:16:31,1.17.2,Bandit100,19,3.56,,20,0,100,Left,Right,124,122,122,2,,,0.01
2025-11-04 18:16:32,1.17.2,Bandit100,19,3.57,,20,0,100,LeftinTimeOut,Right,124,122,122,2,,,
2025-11-04 18:16:33,1.17.2,Bandit100,19,3.58,,20,0,100,LeftinTimeOut,Right,124,122,122,2,,,
2025-11-04 18:16:38,1.17.2,Bandit100,19,3.57,,20,0,100,LeftinTimeOut,Right,124,122,122,2,,,
2025-11-04 18:16:40,1.17.2,Bandit100,19,3.57,,20,0,100,LeftinTimeOut,Right,124,122,122,2,,,
2025-11-04 18:16:41,1.17.2,Bandit100,19,3.57,,20,0,100,LeftinTimeOut,Right,124,122,122,2,,,
2025-11-04 18:16:42,1.17.2,Bandit100,19,3.58,,20,0,100,LeftinTimeOut,Right,124,122,122,2,,,
2025-11-04 18:16:45,1.17.2,Bandit100,19,3.57,,20,0,100,RightinTimeout,Right,124,122,122,2,,,0.0
2025-11-04 18:16:46,1.17.2,Bandit100,19,3.57,,20,0,100,RightinTimeout,Right,124,122,122,2,,,0.0
2025-11-04 18:16:46,1.17.2,Bandit100,19,3.57,,20,0,100,RightinTimeout,Right,124,122,122,2,,,0.0
2025-11-04 18:16:48,1.17.2,Bandit100,19,3.57,,20,0,100,RightinTimeout,Right,124,122,122,2,,,0.0
2025-11-04 18:16:48,1.17.2,Bandit100,19,3.57,,20,0,100,RightinTimeout,Right,124,122,122,2,,,0.0
2025-11-04 18:16:48,1.17.2,Bandit100,19,3.56,,20,0,100,RightinTimeout,Right,124,122,122,2,,,0.0
2025-11-04 18:16:49,1.17.2,Bandit100,19,3.57,,20,0,100,RightinTimeout,Right,124,122,122,2,,,0.0
2025-11-04 18:16:53,1.17.2,Bandit100,19,3.56,,20,0,100,LeftinTimeOut,Right,124,122,122,2,,,
2025-11-04 18:16:54,1.17.2,Bandit100,19,3.57,,20,0,100,LeftinTimeOut,Right,124,122,122,2,,,
2025-11-04 18:16:58,1.17.2,Bandit100,19,3.56,,20,0,100,LeftinTimeOut,Right,124,122,122,2,,,
2025-11-04 18:22:37,1.17.2,Bandit100,19,3.57,,20,0,100,Left,Right,125,122,122,2,,,0.02
2025-11-04 18:22:46,1.17.2,Bandit100,19,3.57,,20,0,100,RightinTimeout,Right,125,122,122,2,,,0.0
2025-11-04 18:22:46,1.17.2,Bandit100,19,3.57,,20,0,100,RightinTimeout,Right,125,122,122,2,,,0.0
2025-11-04 18:22:47,1.17.2,Bandit100,19,3.57,,20,0,100,RightinTimeout,Right,125,122,122,2,,,0.0
2025-11-04 18:22:51,1.17.2,Bandit100,19,3.57,,20,0,100,LeftinTimeOut,Right,125,122,122,2,,,
2025-11-04 18:22:53,1.17.2,Bandit100,19,3.57,,20,0,100,LeftinTimeOut,Right,125,122,122,2,,,
2025-11-04 18:22:56,1.17.2,Bandit100,19,3.57,,20,0,100,LeftinTimeOut,Right,125,122,122,2,,,
2025-11-04 18:22:57,1.17.2,Bandit100,19,3.57,,20,0,100,LeftinTimeOut,Right,125,122,122,2,,,
2025-11-04 18:22:58,1.17.2,Bandit100,19,3.57,,20,0,100,LeftinTimeOut,Right,125,122,122,2,,,
2025-11-04 18:22:59,1.17.2,Bandit100,19,3.57,,20,0,100,LeftinTimeOut,Right,125,122,122,2,,,
2025-11-04 18:23:00,1.17.2,Bandit100,19,3.57,,20,0,100,RightinTimeout,Right,125,122,122,2,,,0.0
2025-11-04 18:23:01,1.17.2,Bandit100,19,3.57,,20,0,100,RightinTimeout,Right,125,122,122,2,,,0.0
2025-11-04 18:58:10,1.17.2,Bandit100,19,3.57,,20,0,100,Left,Right,126,122,122,2,,,0.28
2025-11-04 19:02:49,1.17.2,Bandit100,19,3.57,,20,0,100,Left,Right,127,122,122,2,,,0.08
2025-11-04 19:02:49,1.17.2,Bandit100,19,3.56,,20,0,100,LeftinTimeOut,Right,127,122,122,2,,,
2025-11-04 19:02:51,1.17.2,Bandit100,19,3.56,,20,0,100,LeftinTimeOut,Right,127,122,122,2,,,
2025-11-04 19:02:51,1.17.2,Bandit100,19,3.56,,20,0,100,LeftinTimeOut,Right,127,122,122,2,,,
2025-11-04 19:02:55,1.17.2,Bandit100,19,3.57,,20,0,100,LeftinTimeOut,Right,127,122,122,2,,,
2025-11-04 19:02:55,1.17.2,Bandit100,19,3.56,,20,0,100,LeftinTimeOut,Right,127,122,122,2,,,
2025-11-04 19:02:55,1.17.2,Bandit100,19,3.57,,20,0,100,LeftinTimeOut,Right,127,122,122,2,,,
2025-11-04 19:03:12,1.17.2,Bandit100,19,3.57,,20,0,100,Right,Right,127,123,122,2,,,0.04
2025-11-04 19:03:16,1.17.2,Bandit100,19,3.57,1.0,20,0,100,Pellet,Right,127,123,123,2,2.87,10374.0,
2025-11-04 19:03:25,1.17.2,Bandit100,19,3.57,,20,0,100,Right,Right,127,124,123,3,,,0.03
2025-11-04 19:03:30,1.17.2,Bandit100,19,3.57,1.0,20,0,100,Pellet,Right,127,124,124,3,4.43,14.0,
2025-11-04 19:03:45,1.17.2,Bandit100,19,3.56,,20,0,100,Right,Right,127,125,124,4,,,0.05
2025-11-04 19:03:47,1.17.2,Bandit100,19,3.57,1.0,20,0,100,Pellet,Right,127,125,125,4,1.79,17.0,
2025-11-04 19:04:00,1.17.2,Bandit100,19,3.57,,20,0,100,Right,Right,127,126,125,5,,,0.12
2025-11-04 19:04:04,1.17.2,Bandit100,19,3.57,1.0,20,0,100,Pellet,Right,127,126,126,5,2.99,17.0,
2025-11-04 19:04:21,1.17.2,Bandit100,19,3.57,,20,0,100,Right,Right,127,127,126,6,,,0.02
2025-11-04 19:04:22,1.17.2,Bandit100,19,3.57,,20,0,100,RightWithPellet,Right,127,128,126,6,,,0.12
2025-11-04 19:04:23,1.17.2,Bandit100,19,3.57,1.0,20,0,100,Pellet,Right,127,128,127,6,1.96,19.0,
2025-11-04 19:08:37,1.17.2,Bandit100,19,3.57,,20,0,100,Left,Right,128,128,127,7,,,0.04
2025-11-04 19:11:49,1.17.2,Bandit100,19,3.56,,20,0,100,Left,Right,129,128,127,7,,,0.02
2025-11-04 19:16:47,1.17.2,Bandit100,19,3.57,,20,0,100,Left,Right,130,128,127,7,,,0.0
2025-11-04 19:19:39,1.17.2,Bandit100,19,3.58,,20,0,100,Left,Right,131,128,127,7,,,0.0
2025-11-04 19:19:57,1.17.2,Bandit100,19,3.57,,20,0,100,Left,Right,132,128,127,7,,,0.09
2025-11-04 19:19:58,1.17.2,Bandit100,19,3.57,,20,0,100,LeftinTimeOut,Right,132,128,127,7,,,
2025-11-04 19:23:27,1.17.2,Bandit100,19,3.57,,20,0,100,Right,Right,132,129,127,7,,,0.05
2025-11-04 19:23:31,1.17.2,Bandit100,19,3.56,2.0,20,0,100,Pellet,Right,132,129,128,7,0.71,1148.0,
2025-11-04 19:25:08,1.17.2,Bandit100,19,3.56,,20,0,100,Left,Right,133,129,128,8,,,0.09
2025-11-04 19:26:11,1.17.2,Bandit100,19,3.56,,20,0,100,Right,Right,133,130,128,8,,,0.06
2025-11-04 19:26:12,1.17.2,Bandit100,19,3.56,1.0,20,0,100,Pellet,Right,133,130,129,8,0.95,161.0,
2025-11-04 19:32:09,1.17.2,Bandit100,19,3.57,,20,0,100,Right,Right,133,131,129,9,,,0.18
2025-11-04 19:32:11,1.17.2,Bandit100,19,3.56,1.0,20,0,100,Pellet,Right,133,131,130,9,1.07,359.0,
2025-11-04 19:33:20,1.17.2,Bandit100,19,3.56,,20,0,100,Left,Right,134,131,130,10,,,0.02
2025-11-04 19:34:34,1.17.2,Bandit100,19,3.56,,20,0,100,Right,Right,134,132,130,10,,,0.02
2025-11-04 19:34:36,1.17.2,Bandit100,19,3.57,2.0,20,0,100,Pellet,Right,134,132,131,10,0.65,145.0,
2025-11-04 19:34:50,1.17.2,Bandit100,19,3.56,,20,0,100,Right,Right,134,133,131,11,,,0.01
2025-11-04 19:34:52,1.17.2,Bandit100,19,3.56,1.0,20,0,100,Pellet,Right,134,133,132,11,0.53,16.0,
2025-11-04 19:35:04,1.17.2,Bandit100,19,3.56,,20,0,100,Right,Right,134,134,132,12,,,0.13
2025-11-04 19:35:06,1.17.2,Bandit100,19,3.56,1.0,20,0,100,Pellet,Right,134,134,133,12,0.95,14.0,
2025-11-04 19:39:54,1.17.2,Bandit100,19,3.57,,20,0,100,Left,Right,135,134,133,13,,,0.09
2025-11-04 19:41:17,1.17.2,Bandit100,19,3.57,,20,0,100,Left,Right,136,134,133,13,,,0.07
2025-11-04 19:45:52,1.17.2,Bandit100,19,3.57,,20,0,100,Left,Right,137,134,133,13,,,0.08
2025-11-04 19:45:54,1.17.2,Bandit100,19,3.57,,20,0,100,LeftinTimeOut,Right,137,134,133,13,,,
2025-11-04 19:48:13,1.17.2,Bandit100,19,3.57,,20,0,100,Left,Right,138,134,133,13,,,0.05
2025-11-04 19:48:21,1.17.2,Bandit100,19,3.57,,20,0,100,RightinTimeout,Right,138,134,133,13,,,0.0
2025-11-04 19:51:34,1.17.2,Bandit100,19,3.56,,20,0,100,Right,Right,138,135,133,13,,,0.02
2025-11-04 19:51:36,1.17.2,Bandit100,19,3.57,1.0,20,0,100,Pellet,Right,138,135,134,13,0.83,990.0,
2025-11-04 19:51:55,1.17.2,Bandit100,19,3.57,,20,0,100,Right,Right,138,136,134,14,,,0.15
2025-11-04 19:51:56,1.17.2,Bandit100,19,3.58,1.0,20,0,100,Pellet,Right,138,136,135,14,0.41,20.0,
2025-11-04 19:52:09,1.17.2,Bandit100,19,3.57,,20,0,100,Right,Right,138,137,135,15,,,0.11
2025-11-04 19:52:09,1.17.2,Bandit100,19,3.57,,20,0,100,RightDuringDispense,Right,138,137,135,15,,,0.03
2025-11-04 19:52:13,1.17.2,Bandit100,19,3.57,,20,0,100,RightWithPellet,Right,138,138,135,15,,,0.01
2025-11-04 19:52:15,1.17.2,Bandit100,19,3.58,2.0,20,0,100,Pellet,Right,138,138,136,15,2.32,19.0,
2025-11-04 19:52:23,1.17.2,Bandit100,19,3.58,,20,0,100,Right,Right,138,139,136,16,,,0.08
2025-11-04 19:52:25,1.17.2,Bandit100,19,3.56,1.0,20,0,100,Pellet,Right,138,139,137,16,1.25,10.0,
2025-11-04 19:52:32,1.17.2,Bandit100,19,3.56,,20,0,100,Right,Right,138,140,137,17,,,0.1
2025-11-04 19:52:34,1.17.2,Bandit100,19,3.56,2.0,20,0,100,Pellet,Right,138,140,138,17,0.83,9.0,
2025-11-04 19:52:54,1.17.2,Bandit100,19,3.57,,20,0,100,Right,Right,138,141,138,18,,,0.18
2025-11-04 19:52:55,1.17.2,Bandit100,19,3.57,1.0,20,0,100,Pellet,Right,138,141,139,18,0.77,21.0,
2025-11-04 19:53:08,1.17.2,Bandit100,19,3.56,,20,0,100,Right,Right,138,142,139,19,,,0.05
2025-11-04 19:53:10,1.17.2,Bandit100,19,3.57,1.0,20,0,100,Pellet,Right,138,142,140,19,1.73,15.0,
2025-11-04 19:53:30,1.17.2,Bandit100,19,3.57,,20,100,0,Right,Left,138,143,140,0,,,0.08
2025-11-04 19:54:14,1.17.2,Bandit100,19,3.57,,20,100,0,Right,Left,138,144,140,0,,,0.03
2025-11-04 19:57:02,1.17.2,Bandit100,19,3.56,,20,100,0,Left,Left,139,144,140,0,,,0.11
2025-11-04 19:57:03,1.17.2,Bandit100,19,3.57,1.0,20,100,0,Pellet,Left,139,144,141,0,0.59,233.0,
2025-11-04 19:57:59,1.17.2,Bandit100,19,3.57,,20,100,0,Left,Left,140,144,141,1,,,0.04
2025-11-04 19:58:01,1.17.2,Bandit100,19,3.57,1.0,20,100,0,Pellet,Left,140,144,142,1,0.95,58.0,
2025-11-04 20:02:50,1.17.2,Bandit100,19,3.57,,20,100,0,Right,Left,140,145,142,2,,,0.09
2025-11-04 20:02:58,1.17.2,Bandit100,19,3.56,,20,100,0,RightinTimeout,Left,140,145,142,2,,,0.0
2025-11-04 20:03:20,1.17.2,Bandit100,19,3.57,,20,100,0,Left,Left,141,145,142,2,,,0.11
2025-11-04 20:03:21,1.17.2,Bandit100,19,3.57,1.0,20,100,0,Pellet,Left,141,145,143,2,0.47,320.0,
2025-11-04 20:04:54,1.17.2,Bandit100,19,3.56,,20,100,0,Left,Left,142,145,143,3,,,0.05
2025-11-04 20:04:58,1.17.2,Bandit100,19,3.57,1.0,20,100,0,Pellet,Left,142,145,144,3,2.69,97.0,
2025-11-04 20:06:32,1.17.2,Bandit100,19,3.57,,20,100,0,Right,Left,142,146,144,4,,,0.02
2025-11-04 20:13:57,1.17.2,Bandit100,19,3.57,,20,100,0,Left,Left,143,146,144,4,,,0.08
2025-11-04 20:14:00,1.17.2,Bandit100,19,3.56,1.0,20,100,0,Pellet,Left,143,146,145,4,1.97,542.0,
2025-11-04 20:14:19,1.17.2,Bandit100,19,3.56,,20,100,0,Left,Left,144,146,145,5,,,0.01
2025-11-04 20:14:21,1.17.2,Bandit100,19,3.56,1.0,20,100,0,Pellet,Left,144,146,146,5,0.89,21.0,
2025-11-04 20:14:43,1.17.2,Bandit100,19,3.56,,20,100,0,Left,Left,145,146,146,6,,,0.17
2025-11-04 20:14:45,1.17.2,Bandit100,19,3.56,1.0,20,100,0,Pellet,Left,145,146,147,6,0.59,23.0,
2025-11-04 20:14:59,1.17.2,Bandit100,19,3.56,,20,100,0,Right,Left,145,147,147,7,,,0.08
2025-11-04 20:16:23,1.17.2,Bandit100,19,3.56,,20,100,0,Left,Left,146,147,147,7,,,0.07
2025-11-04 20:16:30,1.17.2,Bandit100,19,3.57,2.0,20,100,0,Pellet,Left,146,147,148,7,3.35,106.0,
2025-11-04 20:20:06,1.17.2,Bandit100,19,3.56,,20,100,0,Left,Left,147,147,148,8,,,0.12
2025-11-04 20:20:07,1.17.2,Bandit100,19,3.57,1.0,20,100,0,Pellet,Left,147,147,149,8,0.53,217.0,
2025-11-04 20:20:16,1.17.2,Bandit100,19,3.56,,20,100,0,Left,Left,148,147,149,9,,,0.08
2025-11-04 20:20:18,1.17.2,Bandit100,19,3.57,1.0,20,100,0,Pellet,Left,148,147,150,9,0.77,11.0,
2025-11-04 20:20:27,1.17.2,Bandit100,19,3.56,,20,100,0,Left,Left,149,147,150,10,,,0.06
2025-11-04 20:20:28,1.17.2,Bandit100,19,3.57,1.0,20,100,0,Pellet,Left,149,147,151,10,0.53,10.0,
2025-11-04 20:25:47,1.17.2,Bandit100,19,3.56,,20,100,0,Left,Left,150,147,151,11,,,0.07
2025-11-04 20:25:50,1.17.2,Bandit100,19,3.57,1.0,20,100,0,Pellet,Left,150,147,152,11,1.67,322.0,
2025-11-04 20:26:25,1.17.2,Bandit100,19,3.57,,20,100,0,Left,Left,151,147,152,12,,,0.05
2025-11-04 20:26:27,1.17.2,Bandit100,19,3.57,1.0,20,100,0,Pellet,Left,151,147,153,12,0.77,37.0,
2025-11-04 20:27:04,1.17.2,Bandit100,19,3.57,,20,100,0,Left,Left,152,147,153,13,,,0.17
2025-11-04 20:27:07,1.17.2,Bandit100,19,3.57,1.0,20,100,0,Pellet,Left,152,147,154,13,2.75,40.0,
2025-11-04 20:27:17,1.17.2,Bandit100,19,3.57,,20,100,0,Left,Left,153,147,154,14,,,0.05
2025-11-04 20:27:19,1.17.2,Bandit100,19,3.57,1.0,20,100,0,Pellet,Left,153,147,155,14,0.71,12.0,
2025-11-04 20:28:56,1.17.2,Bandit100,19,3.57,,20,100,0,Left,Left,154,147,155,15,,,0.04
2025-11-04 20:28:58,1.17.2,Bandit100,19,3.56,1.0,20,100,0,Pellet,Left,154,147,156,15,1.31,99.0,
2025-11-04 20:29:16,1.17.2,Bandit100,19,3.57,,20,100,0,Left,Left,155,147,156,16,,,0.03
2025-11-04 20:29:18,1.17.2,Bandit100,19,3.57,1.0,20,100,0,Pellet,Left,155,147,157,16,1.01,20.0,
2025-11-04 20:31:41,1.17.2,Bandit100,19,3.57,,20,100,0,Left,Left,156,147,157,17,,,0.03
2025-11-04 20:31:43,1.17.2,Bandit100,19,3.57,1.0,20,100,0,Pellet,Left,156,147,158,17,0.59,145.0,
2025-11-04 20:31:58,1.17.2,Bandit100,19,3.57,,20,100,0,Left,Left,157,147,158,18,,,0.03
2025-11-04 20:31:59,1.17.2,Bandit100,19,3.57,1.0,20,100,0,Pellet,Left,157,147,159,18,0.77,16.0,
2025-11-04 20:38:58,1.17.2,Bandit100,19,3.57,,20,100,0,Left,Left,158,147,159,19,,,0.05
2025-11-04 20:38:59,1.17.2,Bandit100,19,3.57,1.0,20,100,0,Pellet,Left,158,147,160,19,0.47,420.0,
2025-11-04 20:39:22,1.17.2,Bandit100,19,3.56,,20,0,100,Left,Right,159,147,160,0,,,0.06
2025-11-04 20:41:02,1.17.2,Bandit100,19,3.57,,20,0,100,Left,Right,160,147,160,0,,,0.0
2025-11-04 20:41:31,1.17.2,Bandit100,19,3.57,,20,0,100,Left,Right,161,147,160,0,,,0.14
2025-11-04 20:41:32,1.17.2,Bandit100,19,3.56,,20,0,100,LeftinTimeOut,Right,161,147,160,0,,,
2025-11-04 20:48:36,1.17.2,Bandit100,19,3.56,,20,0,100,Right,Right,161,148,160,0,,,0.08
2025-11-04 20:48:39,1.17.2,Bandit100,19,3.56,2.0,20,0,100,Pellet,Right,161,148,161,0,2.03,580.0,
2025-11-04 20:48:54,1.17.2,Bandit100,19,3.57,,20,0,100,Right,Right,161,149,161,1,,,0.09
2025-11-04 20:48:55,1.17.2,Bandit100,19,3.56,2.0,20,0,100,Pellet,Right,161,149,162,1,0.53,16.0,
2025-11-04 20:49:06,1.17.2,Bandit100,19,3.56,,20,0,100,Right,Right,161,150,162,2,,,0.06
2025-11-04 20:49:08,1.17.2,Bandit100,19,3.57,2.0,20,0,100,Pellet,Right,161,150,163,2,0.83,13.0,
2025-11-04 20:49:13,1.17.2,Bandit100,19,3.56,,20,0,100,Right,Right,161,151,163,3,,,0.09
2025-11-04 20:49:15,1.17.2,Bandit100,19,3.56,1.0,20,0,100,Pellet,Right,161,151,164,3,1.37,7.0,
2025-11-04 20:49:30,1.17.2,Bandit100,19,3.56,,20,0,100,Right,Right,161,152,164,4,,,0.1
2025-11-04 20:49:31,1.17.2,Bandit100,19,3.56,1.0,20,0,100,Pellet,Right,161,152,165,4,0.47,16.0,
2025-11-04 20:49:53,1.17.2,Bandit100,19,3.56,,20,0,100,Right,Right,161,153,165,5,,,0.04
2025-11-04 20:49:54,1.17.2,Bandit100,19,3.56,1.0,20,0,100,Pellet,Right,161,153,166,5,0.47,23.0,
2025-11-04 20:50:07,1.17.2,Bandit100,19,3.56,,20,0,100,Right,Right,161,154,166,6,,,0.02
2025-11-04 20:50:08,1.17.2,Bandit100,19,3.57,1.0,20,0,100,Pellet,Right,161,154,167,6,0.77,14.0,
2025-11-04 20:50:21,1.17.2,Bandit100,19,3.57,,20,0,100,Right,Right,161,155,167,7,,,0.06
2025-11-04 20:50:22,1.17.2,Bandit100,19,3.57,1.0,20,0,100,Pellet,Right,161,155,168,7,0.59,14.0,
2025-11-04 20:50:34,1.17.2,Bandit100,19,3.56,,20,0,100,Right,Right,161,156,168,8,,,0.04
2025-11-04 20:50:36,1.17.2,Bandit100,19,3.57,1.0,20,0,100,Pellet,Right,161,156,169,8,1.07,14.0,
2025-11-04 20:50:46,1.17.2,Bandit100,19,3.57,,20,0,100,Right,Right,161,157,169,9,,,0.1
2025-11-04 20:50:48,1.17.2,Bandit100,19,3.56,1.0,20,0,100,Pellet,Right,161,157,170,9,0.95,12.0,
2025-11-04 20:51:03,1.17.2,Bandit100,19,3.57,,20,0,100,Right,Right,161,158,170,10,,,0.08
2025-11-04 20:51:11,1.17.2,Bandit100,19,3.57,1.0,20,0,100,Pellet,Right,161,158,171,10,7.85,23.0,
2025-11-04 20:55:18,1.17.2,Bandit100,19,3.55,,20,0,100,Left,Right,162,158,171,11,,,0.03
2025-11-04 20:55:20,1.17.2,Bandit100,19,3.57,,20,0,100,LeftinTimeOut,Right,162,158,171,11,,,
2025-11-04 20:55:21,1.17.2,Bandit100,19,3.57,,20,0,100,RightinTimeout,Right,162,158,171,11,,,0.0
2025-11-04 20:56:07,1.17.2,Bandit100,19,3.56,,20,0,100,Right,Right,162,159,171,11,,,0.09
2025-11-04 20:56:08,1.17.2,Bandit100,19,3.57,1.0,20,0,100,Pellet,Right,162,159,172,11,0.47,297.0,
2025-11-04 20:56:31,1.17.2,Bandit100,19,3.56,,20,0,100,Right,Right,162,160,172,12,,,0.12
2025-11-04 20:56:32,1.17.2,Bandit100,19,3.57,1.0,20,0,100,Pellet,Right,162,160,173,12,0.77,24.0,
2025-11-04 20:57:02,1.17.2,Bandit100,19,3.57,,20,0,100,Left,Right,163,160,173,13,,,0.08
2025-11-04 21:06:14,1.17.2,Bandit100,19,3.56,,20,0,100,Right,Right,163,161,173,13,,,0.03
2025-11-04 21:06:15,1.17.2,Bandit100,19,3.57,1.0,20,0,100,Pellet,Right,163,161,174,13,0.65,583.0,
2025-11-04 21:09:19,1.17.2,Bandit100,19,3.57,,20,0,100,Left,Right,164,161,174,14,,,0.03
2025-11-04 21:09:20,1.17.2,Bandit100,19,3.56,,20,0,100,LeftinTimeOut,Right,164,161,174,14,,,
2025-11-04 21:18:33,1.17.2,Bandit100,19,3.57,,20,0,100,Right,Right,164,162,174,14,,,0.1
2025-11-04 21:18:34,1.17.2,Bandit100,19,3.57,1.0,20,0,100,Pellet,Right,164,162,175,14,0.53,739.0,
2025-11-04 21:19:12,1.17.2,Bandit100,19,3.57,,20,0,100,Left,Right,165,162,175,15,,,0.1
2025-11-04 21:19:13,1.17.2,Bandit100,19,3.57,,20,0,100,LeftinTimeOut,Right,165,162,175,15,,,
2025-11-04 21:20:42,1.17.2,Bandit100,19,3.57,,20,0,100,Right,Right,165,163,175,15,,,0.07
2025-11-04 21:20:43,1.17.2,Bandit100,19,3.56,1.0,20,0,100,Pellet,Right,165,163,176,15,0.65,129.0,
2025-11-04 21:21:20,1.17.2,Bandit100,19,3.57,,20,0,100,Right,Right,165,164,176,16,,,0.03
2025-11-04 21:21:22,1.17.2,Bandit100,19,3.57,1.0,20,0,100,Pellet,Right,165,164,177,16,0.77,39.0,
2025-11-04 21:21:32,1.17.2,Bandit100,19,3.57,,20,0,100,Right,Right,165,165,177,17,,,0.06
2025-11-04 21:21:33,1.17.2,Bandit100,19,3.57,,20,0,100,RightDuringDispense,Right,165,165,177,17,,,0.02
2025-11-04 21:21:37,1.17.2,Bandit100,19,3.57,2.0,20,0,100,Pellet,Right,165,165,178,17,1.07,15.0,
2025-11-04 21:21:44,1.17.2,Bandit100,19,3.57,,20,0,100,Right,Right,165,166,178,18,,,0.03
2025-11-04 21:21:45,1.17.2,Bandit100,19,3.56,1.0,20,0,100,Pellet,Right,165,166,179,18,0.53,8.0,
2025-11-04 21:21:59,1.17.2,Bandit100,19,3.57,,20,0,100,Right,Right,165,167,179,19,,,0.02
2025-11-04 21:22:01,1.17.2,Bandit100,19,3.57,1.0,20,0,100,Pellet,Right,165,167,180,19,1.01,16.0,
2025-11-04 21:22:18,1.17.2,Bandit100,19,3.56,,20,100,0,Right,Left,165,168,180,0,,,0.13
2025-11-04 21:29:50,1.17.2,Bandit100,19,3.56,,20,100,0,Left,Left,166,168,180,0,,,0.04
2025-11-04 21:29:54,1.17.2,Bandit100,19,3.56,1.0,20,100,0,Pellet,Left,166,168,181,0,3.41,473.0,
2025-11-04 21:33:42,1.17.2,Bandit100,19,3.56,,20,100,0,Left,Left,167,168,181,1,,,0.15
2025-11-04 21:33:43,1.17.2,Bandit100,19,3.56,1.0,20,100,0,Pellet,Left,167,168,182,1,0.47,229.0,
2025-11-04 21:37:15,1.17.2,Bandit100,19,3.57,,20,100,0,Left,Left,168,168,182,2,,,0.06
2025-11-04 21:37:16,1.17.2,Bandit100,19,3.57,1.0,20,100,0,Pellet,Left,168,168,183,2,0.29,213.0,
2025-11-04 21:37:33,1.17.2,Bandit100,19,3.56,,20,100,0,Left,Left,169,168,183,3,,,0.37
2025-11-04 21:37:35,1.17.2,Bandit100,19,3.57,2.0,20,100,0,Pellet,Left,169,168,184,3,0.71,19.0,
2025-11-04 21:37:57,1.17.2,Bandit100,19,3.57,,20,100,0,Left,Left,170,168,184,4,,,0.01
2025-11-04 21:37:58,1.17.2,Bandit100,19,3.57,1.0,20,100,0,Pellet,Left,170,168,185,4,0.41,23.0,
2025-11-04 21:44:37,1.17.2,Bandit100,19,3.57,,20,100,0,Left,Left,171,168,185,5,,,0.06
2025-11-04 21:44:39,1.17.2,Bandit100,19,3.56,1.0,20,100,0,Pellet,Left,171,168,186,5,0.89,401.0,
2025-11-04 21:49:13,1.17.2,Bandit100,19,3.57,,20,100,0,Left,Left,172,168,186,6,,,0.02
2025-11-04 21:49:15,1.17.2,Bandit100,19,3.57,1.0,20,100,0,Pellet,Left,172,168,187,6,0.53,276.0,
2025-11-04 21:49:34,1.17.2,Bandit100,19,3.56,,20,100,0,Left,Left,173,168,187,7,,,0.07
2025-11-04 21:49:36,1.17.2,Bandit100,19,3.56,1.0,20,100,0,Pellet,Left,173,168,188,7,1.55,21.0,
2025-11-04 21:49:47,1.17.2,Bandit100,19,3.56,,20,100,0,Left,Left,174,168,188,8,,,0.14
2025-11-04 21:49:49,1.17.2,Bandit100,19,3.57,1.0,20,100,0,Pellet,Left,174,168,189,8,1.01,13.0,
2025-11-04 21:50:01,1.17.2,Bandit100,19,3.57,,20,100,0,Left,Left,175,168,189,9,,,0.06
2025-11-04 21:50:02,1.17.2,Bandit100,19,3.57,1.0,20,100,0,Pellet,Left,175,168,190,9,0.95,13.0,
2025-11-04 21:50:24,1.17.2,Bandit100,19,3.56,,20,100,0,Left,Left,176,168,190,10,,,0.06
2025-11-04 21:50:26,1.17.2,Bandit100,19,3.57,1.0,20,100,0,Pellet,Left,176,168,191,10,0.41,24.0,
2025-11-04 21:50:53,1.17.2,Bandit100,19,3.57,,20,100,0,Left,Left,177,168,191,11,,,0.11
2025-11-04 21:50:56,1.17.2,Bandit100,19,3.57,1.0,20,100,0,Pellet,Left,177,168,192,11,1.97,30.0,
2025-11-04 21:51:07,1.17.2,Bandit100,19,3.57,,20,100,0,Left,Left,178,168,192,12,,,0.11
2025-11-04 21:51:08,1.17.2,Bandit100,19,3.56,1.0,20,100,0,Pellet,Left,178,168,193,12,0.35,12.0,
2025-11-04 21:51:20,1.17.2,Bandit100,19,3.56,,20,100,0,Left,Left,179,168,193,13,,,0.08
2025-11-04 21:51:22,1.17.2,Bandit100,19,3.57,1.0,20,100,0,Pellet,Left,179,168,194,13,0.47,14.0,
2025-11-04 22:13:20,1.17.2,Bandit100,19,3.56,,20,100,0,Left,Left,180,168,194,14,,,0.12
2025-11-04 22:13:21,1.17.2,Bandit100,19,3.57,1.0,20,100,0,Pellet,Left,180,168,195,14,0.41,1319.0,
2025-11-04 22:13:31,1.17.2,Bandit100,19,3.57,,20,100,0,Left,Left,181,168,195,15,,,0.1
2025-11-04 22:13:33,1.17.2,Bandit100,19,3.57,1.0,20,100,0,Pellet,Left,181,168,196,15,0.53,12.0,
2025-11-04 22:13:40,1.17.2,Bandit100,19,3.56,,20,100,0,Left,Left,182,168,196,16,,,0.07
2025-11-04 22:13:44,1.17.2,Bandit100,19,3.56,1.0,20,100,0,Pellet,Left,182,168,197,16,2.93,11.0,
2025-11-04 22:13:55,1.17.2,Bandit100,19,3.57,,20,100,0,Left,Left,183,168,197,17,,,0.03
2025-11-04 22:13:56,1.17.2,Bandit100,19,3.56,1.0,20,100,0,Pellet,Left,183,168,198,17,0.59,12.0,
2025-11-04 22:14:17,1.17.2,Bandit100,19,3.56,,20,100,0,Left,Left,184,168,198,18,,,0.05
2025-11-04 22:14:18,1.17.2,Bandit100,19,3.57,1.0,20,100,0,Pellet,Left,184,168,199,18,0.35,22.0,
2025-11-04 22:14:29,1.17.2,Bandit100,19,3.56,,20,100,0,Left,Left,185,168,199,19,,,0.16
2025-11-04 22:14:31,1.17.2,Bandit100,19,3.57,1.0,20,100,0,Pellet,Left,185,168,200,19,1.13,13.0,
2025-11-04 22:15:10,1.17.2,Bandit100,19,3.56,,20,0,100,Left,Right,186,168,200,0,,,0.12
2025-11-04 22:39:07,1.17.2,Bandit100,19,3.56,,20,0,100,Right,Right,186,169,200,0,,,0.19
2025-11-04 22:39:09,1.17.2,Bandit100,19,3.56,1.0,20,0,100,Pellet,Right,186,169,201,0,0.71,1478.0,
2025-11-04 22:39:16,1.17.2,Bandit100,19,3.56,,20,0,100,Right,Right,186,170,201,1,,,0.06
2025-11-04 22:39:18,1.17.2,Bandit100,19,3.56,1.0,20,0,100,Pellet,Right,186,170,202,1,1.61,9.0,
2025-11-05 00:23:44,1.17.2,Bandit100,19,3.56,,20,0,100,Right,Right,186,171,202,2,,,0.18
2025-11-05 00:23:45,1.17.2,Bandit100,19,3.56,1.0,20,0,100,Pellet,Right,186,171,203,2,0.59,6267.0,
2025-11-05 00:24:05,1.17.2,Bandit100,19,3.56,,20,0,100,Right,Right,186,172,203,3,,,0.03
2025-11-05 00:24:08,1.17.2,Bandit100,19,3.56,1.0,20,0,100,Pellet,Right,186,172,204,3,1.79,23.0,
2025-11-05 00:24:29,1.17.2,Bandit100,19,3.56,,20,0,100,Right,Right,186,173,204,4,,,0.09
2025-11-05 00:24:30,1.17.2,Bandit100,19,3.56,1.0,20,0,100,Pellet,Right,186,173,205,4,0.65,22.0,
2025-11-05 00:24:45,1.17.2,Bandit100,19,3.56,,20,0,100,Right,Right,186,174,205,5,,,0.14
2025-11-05 00:24:47,1.17.2,Bandit100,19,3.56,1.0,20,0,100,Pellet,Right,186,174,206,5,0.65,17.0,
2025-11-05 00:25:30,1.17.2,Bandit100,19,3.56,,20,0,100,Left,Right,187,174,206,6,,,0.1
2025-11-05 00:27:18,1.17.2,Bandit100,19,3.56,,20,0,100,Right,Right,187,175,206,6,,,0.03
2025-11-05 00:27:19,1.17.2,Bandit100,19,3.56,1.0,20,0,100,Pellet,Right,187,175,207,6,0.53,152.0,
2025-11-05 00:28:56,1.17.2,Bandit100,19,3.56,,20,0,100,Left,Right,188,175,207,7,,,0.11
2025-11-05 00:28:57,1.17.2,Bandit100,19,3.58,,20,0,100,LeftinTimeOut,Right,188,175,207,7,,,
2025-11-05 00:30:39,1.17.2,Bandit100,19,3.57,,20,0,100,Right,Right,188,176,207,7,,,0.03
2025-11-05 00:30:41,1.17.2,Bandit100,19,3.56,1.0,20,0,100,Pellet,Right,188,176,208,7,0.71,202.0,
2025-11-05 00:30:55,1.17.2,Bandit100,19,3.56,,20,0,100,Right,Right,188,177,208,8,,,0.05
2025-11-05 00:30:57,1.17.2,Bandit100,19,3.57,1.0,20,0,100,Pellet,Right,188,177,209,8,0.77,16.0,
2025-11-05 00:31:10,1.17.2,Bandit100,19,3.56,,20,0,100,Right,Right,188,178,209,9,,,0.23
2025-11-05 00:31:11,1.17.2,Bandit100,19,3.56,1.0,20,0,100,Pellet,Right,188,178,210,9,0.53,14.0,
2025-11-05 00:31:22,1.17.2,Bandit100,19,3.56,,20,0,100,Right,Right,188,179,210,10,,,0.09
2025-11-05 00:31:24,1.17.2,Bandit100,19,3.56,1.0,20,0,100,Pellet,Right,188,179,211,10,1.85,13.0,
2025-11-05 00:36:49,1.17.2,Bandit100,19,3.56,,20,0,100,Right,Right,188,180,211,11,,,0.02
2025-11-05 00:36:51,1.17.2,Bandit100,19,3.56,1.0,20,0,100,Pellet,Right,188,180,212,11,0.71,327.0,
2025-11-05 00:37:08,1.17.2,Bandit100,19,3.56,,20,0,100,Right,Right,188,181,212,12,,,0.07
2025-11-05 00:37:10,1.17.2,Bandit100,19,3.56,1.0,20,0,100,Pellet,Right,188,181,213,12,1.19,19.0,
2025-11-05 00:58:33,1.17.2,Bandit100,19,3.56,,20,0,100,Left,Right,189,181,213,13,,,0.02
2025-11-05 02:43:35,1.17.2,Bandit100,19,3.56,,20,0,100,Right,Right,189,182,213,13,,,0.06
2025-11-05 02:43:37,1.17.2,Bandit100,19,3.56,1.0,20,0,100,Pellet,Right,189,182,214,13,0.83,7587.0,
2025-11-05 02:44:10,1.17.2,Bandit100,19,3.56,,20,0,100,Right,Right,189,183,214,14,,,0.05
2025-11-05 02:44:11,1.17.2,Bandit100,19,3.56,1.0,20,0,100,Pellet,Right,189,183,215,14,0.47,34.0,
2025-11-05 02:44:25,1.17.2,Bandit100,19,3.56,,20,0,100,Right,Right,189,184,215,15,,,0.1
2025-11-05 02:44:26,1.17.2,Bandit100,19,3.56,1.0,20,0,100,Pellet,Right,189,184,216,15,0.77,15.0,
2025-11-05 02:44:37,1.17.2,Bandit100,19,3.56,,20,0,100,Right,Right,189,185,216,16,,,0.08
2025-11-05 02:44:39,1.17.2,Bandit100,19,3.55,2.0,20,0,100,Pellet,Right,189,185,217,16,1.55,13.0,
2025-11-05 02:44:50,1.17.2,Bandit100,19,3.56,,20,0,100,Right,Right,189,186,217,17,,,0.11
2025-11-05 02:44:51,1.17.2,Bandit100,19,3.56,1.0,20,0,100,Pellet,Right,189,186,218,17,0.83,12.0,
2025-11-05 02:45:05,1.17.2,Bandit100,19,3.56,,20,0,100,Right,Right,189,187,218,18,,,0.15
2025-11-05 02:45:06,1.17.2,Bandit100,19,3.56,1.0,20,0,100,Pellet,Right,189,187,219,18,0.41,15.0,
2025-11-05 02:45:16,1.17.2,Bandit100,19,3.56,,20,0,100,Right,Right,189,188,219,19,,,0.08
2025-11-05 02:45:20,1.17.2,Bandit100,19,3.56,2.0,20,0,100,Pellet,Right,189,188,220,19,0.89,14.0,
2025-11-05 02:49:35,1.17.2,Bandit100,19,3.56,,20,100,0,Right,Left,189,189,220,0,,,0.03
2025-11-05 03:37:22,1.17.2,Bandit100,19,3.55,,20,100,0,Right,Left,189,190,220,0,,,0.12
2025-11-05 03:40:51,1.17.2,Bandit100,19,3.55,,20,100,0,Left,Left,190,190,220,0,,,0.02
2025-11-05 03:40:53,1.17.2,Bandit100,19,3.56,1.0,20,100,0,Pellet,Left,190,190,221,0,1.31,3333.0,
2025-11-05 03:41:28,1.17.2,Bandit100,19,3.56,,20,100,0,Left,Left,191,190,221,1,,,0.05
2025-11-05 03:41:31,1.17.2,Bandit100,19,3.56,1.0,20,100,0,Pellet,Left,191,190,222,1,2.27,38.0,
2025-11-05 03:41:57,1.17.2,Bandit100,19,3.56,,20,100,0,Left,Left,192,190,222,2,,,0.13
2025-11-05 03:42:02,1.17.2,Bandit100,19,3.56,2.0,20,100,0,Pellet,Left,192,190,223,2,2.09,31.0,
2025-11-05 03:42:21,1.17.2,Bandit100,19,3.56,,20,100,0,Left,Left,193,190,223,3,,,0.19
2025-11-05 03:42:23,1.17.2,Bandit100,19,3.56,1.0,20,100,0,Pellet,Left,193,190,224,3,0.53,21.0,
2025-11-05 03:42:42,1.17.2,Bandit100,19,3.56,,20,100,0,Left,Left,194,190,224,4,,,0.09
2025-11-05 03:42:43,1.17.2,Bandit100,19,3.56,,20,100,0,LeftWithPellet,Left,194,190,224,4,,,0.02
2025-11-05 03:42:44,1.17.2,Bandit100,19,3.56,1.0,20,100,0,Pellet,Left,194,190,225,4,1.68,21.0,
2025-11-05 03:42:51,1.17.2,Bandit100,19,3.56,,20,100,0,Left,Left,195,190,225,5,,,0.15
2025-11-05 03:42:53,1.17.2,Bandit100,19,3.56,1.0,20,100,0,Pellet,Left,195,190,226,5,0.53,9.0,
2025-11-05 03:47:01,1.17.2,Bandit100,19,3.56,,20,100,0,Right,Left,195,191,226,6,,,0.05
2025-11-05 03:47:02,1.17.2,Bandit100,19,3.56,,20,100,0,RightinTimeout,Left,195,191,226,6,,,0.0
2025-11-05 03:49:21,1.17.2,Bandit100,19,3.56,,20,100,0,Right,Left,195,192,226,6,,,0.07
2025-11-05 03:49:22,1.17.2,Bandit100,19,3.56,,20,100,0,RightinTimeout,Left,195,192,226,6,,,0.0
2025-11-05 03:49:24,1.17.2,Bandit100,19,3.56,,20,100,0,RightinTimeout,Left,195,192,226,6,,,0.0
2025-11-05 03:58:34,1.17.2,Bandit100,19,3.56,,20,100,0,Right,Left,195,193,226,6,,,0.1
2025-11-05 03:58:57,1.17.2,Bandit100,19,3.56,,20,100,0,Right,Left,195,194,226,6,,,0.04
2025-11-05 04:07:40,1.17.2,Bandit100,19,3.54,,20,100,0,Left,Left,196,194,226,6,,,0.11
2025-11-05 04:07:41,1.17.2,Bandit100,19,3.56,1.0,20,100,0,Pellet,Left,196,194,227,6,0.77,1488.0,
2025-11-05 04:08:12,1.17.2,Bandit100,19,3.54,,20,100,0,Left,Left,197,194,227,7,,,0.02
2025-11-05 04:08:14,1.17.2,Bandit100,19,3.56,1.0,20,100,0,Pellet,Left,197,194,228,7,0.59,33.0,
2025-11-05 04:08:32,1.17.2,Bandit100,19,3.54,,20,100,0,Left,Left,198,194,228,8,,,0.08
2025-11-05 04:08:35,1.17.2,Bandit100,19,3.56,1.0,20,100,0,Pellet,Left,198,194,229,8,2.45,21.0,
2025-11-05 04:10:12,1.17.2,Bandit100,19,3.56,,20,100,0,Left,Left,199,194,229,9,,,0.04
2025-11-05 04:10:13,1.17.2,Bandit100,19,3.56,1.0,20,100,0,Pellet,Left,199,194,230,9,0.65,98.0,
2025-11-05 04:12:10,1.17.2,Bandit100,19,3.55,,20,100,0,Left,Left,200,194,230,10,,,0.02
2025-11-05 04:12:11,1.17.2,Bandit100,19,3.55,1.0,20,100,0,Pellet,Left,200,194,231,10,0.53,118.0,
2025-11-05 04:14:40,1.17.2,Bandit100,19,3.56,,20,100,0,Right,Left,200,195,231,11,,,0.14
2025-11-05 04:18:40,1.17.2,Bandit100,19,3.56,,20,100,0,Right,Left,200,196,231,11,,,0.1
2025-11-05 04:24:04,1.17.2,Bandit100,19,3.56,,20,100,0,Right,Left,200,197,231,11,,,0.21
2025-11-05 04:25:23,1.17.2,Bandit100,19,3.56,,20,100,0,Left,Left,201,197,231,11,,,0.04
2025-11-05 04:25:24,1.17.2,Bandit100,19,3.56,1.0,20,100,0,Pellet,Left,201,197,232,11,0.89,793.0,
2025-11-05 04:25:59,1.17.2,Bandit100,19,3.56,,20,100,0,Left,Left,202,197,232,12,,,0.08
2025-11-05 04:26:01,1.17.2,Bandit100,19,3.56,1.0,20,100,0,Pellet,Left,202,197,233,12,0.95,37.0,
2025-11-05 04:26:56,1.17.2,Bandit100,19,3.56,,20,100,0,Left,Left,203,197,233,13,,,0.04
2025-11-05 04:26:57,1.17.2,Bandit100,19,3.55,1.0,20,100,0,Pellet,Left,203,197,234,13,0.47,56.0,
2025-11-05 04:28:41,1.17.2,Bandit100,19,3.56,,20,100,0,Left,Left,204,197,234,14,,,0.02
2025-11-05 04:28:42,1.17.2,Bandit100,19,3.55,2.0,20,100,0,Pellet,Left,204,197,235,14,0.71,105.0,
2025-11-05 04:29:34,1.17.2,Bandit100,19,3.55,,20,100,0,Left,Left,205,197,235,15,,,0.06
2025-11-05 04:29:35,1.17.2,Bandit100,19,3.55,1.0,20,100,0,Pellet,Left,205,197,236,15,0.71,53.0,
2025-11-05 04:29:50,1.17.2,Bandit100,19,3.55,,20,100,0,Left,Left,206,197,236,16,,,0.11
2025-11-05 04:29:52,1.17.2,Bandit100,19,3.54,1.0,20,100,0,Pellet,Left,206,197,237,16,0.41,17.0,
2025-11-05 04:30:10,1.17.2,Bandit100,19,3.54,,20,100,0,Left,Left,207,197,237,17,,,0.16
2025-11-05 04:30:11,1.17.2,Bandit100,19,3.55,1.0,20,100,0,Pellet,Left,207,197,238,17,0.35,19.0,
2025-11-05 04:30:54,1.17.2,Bandit100,19,3.56,,20,100,0,Left,Left,208,197,238,18,,,0.09
2025-11-05 04:30:55,1.17.2,Bandit100,19,3.56,1.0,20,100,0,Pellet,Left,208,197,239,18,0.65,44.0,
2025-11-05 04:40:13,1.17.2,Bandit100,19,3.55,,20,100,0,Right,Left,208,198,239,19,,,0.38
2025-11-05 04:40:13,1.17.2,Bandit100,19,3.56,,20,100,0,RightinTimeout,Left,208,198,239,19,,,0.0
2025-11-05 04:40:14,1.17.2,Bandit100,19,3.56,,20,100,0,RightinTimeout,Left,208,198,239,19,,,0.0
2025-11-05 04:40:14,1.17.2,Bandit100,19,3.56,,20,100,0,RightinTimeout,Left,208,198,239,19,,,0.0
2025-11-05 04:40:14,1.17.2,Bandit100,19,3.55,,20,100,0,RightinTimeout,Left,208,198,239,19,,,0.0
2025-11-05 04:40:15,1.17.2,Bandit100,19,3.55,,20,100,0,RightinTimeout,Left,208,198,239,19,,,0.0
2025-11-05 04:40:15,1.17.2,Bandit100,19,3.56,,20,100,0,RightinTimeout,Left,208,198,239,19,,,0.0
2025-11-05 04:40:16,1.17.2,Bandit100,19,3.56,,20,100,0,RightinTimeout,Left,208,198,239,19,,,0.0
2025-11-05 04:40:16,1.17.2,Bandit100,19,3.55,,20,100,0,RightinTimeout,Left,208,198,239,19,,,0.0
2025-11-05 04:40:17,1.17.2,Bandit100,19,3.56,,20,100,0,RightinTimeout,Left,208,198,239,19,,,0.0
2025-11-05 04:40:17,1.17.2,Bandit100,19,3.56,,20,100,0,RightinTimeout,Left,208,198,239,19,,,0.0
2025-11-05 04:40:18,1.17.2,Bandit100,19,3.56,,20,100,0,RightinTimeout,Left,208,198,239,19,,,0.0
2025-11-05 04:40:19,1.17.2,Bandit100,19,3.56,,20,100,0,RightinTimeout,Left,208,198,239,19,,,0.0
2025-11-05 04:40:19,1.17.2,Bandit100,19,3.55,,20,100,0,RightinTimeout,Left,208,198,239,19,,,0.0
2025-11-05 04:40:20,1.17.2,Bandit100,19,3.55,,20,100,0,RightinTimeout,Left,208,198,239,19,,,0.0
2025-11-05 04:40:20,1.17.2,Bandit100,19,3.56,,20,100,0,RightinTimeout,Left,208,198,239,19,,,0.0
2025-11-05 04:40:20,1.17.2,Bandit100,19,3.54,,20,100,0,RightinTimeout,Left,208,198,239,19,,,0.0
2025-11-05 04:40:20,1.17.2,Bandit100,19,3.55,,20,100,0,RightinTimeout,Left,208,198,239,19,,,0.0
2025-11-05 04:40:26,1.17.2,Bandit100,19,3.55,,20,100,0,RightinTimeout,Left,208,198,239,19,,,0.0
2025-11-05 04:40:26,1.17.2,Bandit100,19,3.55,,20,100,0,RightinTimeout,Left,208,198,239,19,,,0.0
2025-11-05 04:40:27,1.17.2,Bandit100,19,3.56,,20,100,0,RightinTimeout,Left,208,198,239,19,,,0.0
2025-11-05 04:40:27,1.17.2,Bandit100,19,3.56,,20,100,0,RightinTimeout,Left,208,198,239,19,,,0.0
2025-11-05 04:40:28,1.17.2,Bandit100,19,3.56,,20,100,0,RightinTimeout,Left,208,198,239,19,,,0.0
2025-11-05 04:40:28,1.17.2,Bandit100,19,3.56,,20,100,0,RightinTimeout,Left,208,198,239,19,,,0.0
2025-11-05 04:40:29,1.17.2,Bandit100,19,3.56,,20,100,0,RightinTimeout,Left,208,198,239,19,,,0.0
2025-11-05 04:40:29,1.17.2,Bandit100,19,3.55,,20,100,0,RightinTimeout,Left,208,198,239,19,,,0.0
2025-11-05 04:40:29,1.17.2,Bandit100,19,3.56,,20,100,0,RightinTimeout,Left,208,198,239,19,,,0.0
2025-11-05 04:40:32,1.17.2,Bandit100,19,3.56,,20,100,0,RightinTimeout,Left,208,198,239,19,,,0.0
2025-11-05 04:40:32,1.17.2,Bandit100,19,3.55,,20,100,0,RightinTimeout,Left,208,198,239,19,,,0.0
2025-11-05 04:40:33,1.17.2,Bandit100,19,3.56,,20,100,0,RightinTimeout,Left,208,198,239,19,,,0.0
2025-11-05 04:40:33,1.17.2,Bandit100,19,3.56,,20,100,0,RightinTimeout,Left,208,198,239,19,,,0.0
2025-11-05 04:40:33,1.17.2,Bandit100,19,3.55,,20,100,0,RightinTimeout,Left,208,198,239,19,,,0.0
2025-11-05 04:40:35,1.17.2,Bandit100,19,3.54,,20,100,0,RightinTimeout,Left,208,198,239,19,,,0.0
2025-11-05 04:40:35,1.17.2,Bandit100,19,3.55,,20,100,0,RightinTimeout,Left,208,198,239,19,,,0.0
2025-11-05 04:40:35,1.17.2,Bandit100,19,3.55,,20,100,0,RightinTimeout,Left,208,198,239,19,,,0.0
2025-11-05 04:40:35,1.17.2,Bandit100,19,3.55,,20,100,0,RightinTimeout,Left,208,198,239,19,,,0.0
2025-11-05 04:40:36,1.17.2,Bandit100,19,3.56,,20,100,0,RightinTimeout,Left,208,198,239,19,,,0.0
2025-11-05 04:40:36,1.17.2,Bandit100,19,3.55,,20,100,0,RightinTimeout,Left,208,198,239,19,,,0.0
2025-11-05 04:40:36,1.17.2,Bandit100,19,3.56,,20,100,0,RightinTimeout,Left,208,198,239,19,,,0.0
2025-11-05 04:40:39,1.17.2,Bandit100,19,3.55,,20,100,0,RightinTimeout,Left,208,198,239,19,,,0.0
2025-11-05 04:40:39,1.17.2,Bandit100,19,3.56,,20,100,0,RightinTimeout,Left,208,198,239,19,,,0.0
2025-11-05 04:40:41,1.17.2,Bandit100,19,3.56,,20,100,0,RightinTimeout,Left,208,198,239,19,,,0.0
2025-11-05 04:40:41,1.17.2,Bandit100,19,3.56,,20,100,0,RightinTimeout,Left,208,198,239,19,,,0.0
2025-11-05 04:40:42,1.17.2,Bandit100,19,3.56,,20,100,0,RightinTimeout,Left,208,198,239,19,,,0.0
2025-11-05 04:40:43,1.17.2,Bandit100,19,3.56,,20,100,0,RightinTimeout,Left,208,198,239,19,,,0.0
2025-11-05 04:40:44,1.17.2,Bandit100,19,3.56,,20,100,0,RightinTimeout,Left,208,198,239,19,,,0.0
2025-11-05 04:40:45,1.17.2,Bandit100,19,3.55,,20,100,0,RightinTimeout,Left,208,198,239,19,,,0.0
2025-11-05 04:40:45,1.17.2,Bandit100,19,3.56,,20,100,0,RightinTimeout,Left,208,198,239,19,,,0.0
2025-11-05 04:40:46,1.17.2,Bandit100,19,3.56,,20,100,0,RightinTimeout,Left,208,198,239,19,,,0.0
2025-11-05 04:40:46,1.17.2,Bandit100,19,3.56,,20,100,0,RightinTimeout,Left,208,198,239,19,,,0.0
2025-11-05 04:40:46,1.17.2,Bandit100,19,3.56,,20,100,0,RightinTimeout,Left,208,198,239,19,,,0.0
2025-11-05 04:40:47,1.17.2,Bandit100,19,3.55,,20,100,0,RightinTimeout,Left,208,198,239,19,,,0.0
2025-11-05 04:40:47,1.17.2,Bandit100,19,3.56,,20,100,0,RightinTimeout,Left,208,198,239,19,,,0.0
2025-11-05 04:40:47,1.17.2,Bandit100,19,3.55,,20,100,0,RightinTimeout,Left,208,198,239,19,,,0.0
2025-11-05 04:40:47,1.17.2,Bandit100,19,3.56,,20,100,0,RightinTimeout,Left,208,198,239,19,,,0.0
2025-11-05 04:40:48,1.17.2,Bandit100,19,3.54,,20,100,0,RightinTimeout,Left,208,198,239,19,,,0.0
2025-11-05 04:40:48,1.17.2,Bandit100,19,3.56,,20,100,0,RightinTimeout,Left,208,198,239,19,,,0.0
2025-11-05 04:40:52,1.17.2,Bandit100,19,3.56,,20,100,0,RightinTimeout,Left,208,198,239,19,,,0.0
2025-11-05 04:40:52,1.17.2,Bandit100,19,3.56,,20,100,0,RightinTimeout,Left,208,198,239,19,,,0.0
2025-11-05 04:40:53,1.17.2,Bandit100,19,3.56,,20,100,0,RightinTimeout,Left,208,198,239,19,,,0.0
2025-11-05 04:40:54,1.17.2,Bandit100,19,3.56,,20,100,0,RightinTimeout,Left,208,198,239,19,,,0.0
2025-11-05 04:40:54,1.17.2,Bandit100,19,3.56,,20,100,0,RightinTimeout,Left,208,198,239,19,,,0.0
2025-11-05 04:41:02,1.17.2,Bandit100,19,3.56,,20,100,0,RightinTimeout,Left,208,198,239,19,,,0.0
2025-11-05 04:42:22,1.17.2,Bandit100,19,3.56,,20,100,0,Left,Left,209,198,239,19,,,0.08
2025-11-05 04:42:23,1.17.2,Bandit100,19,3.56,1.0,20,100,0,Pellet,Left,209,198,240,19,0.47,688.0,
2025-11-05 04:42:37,1.17.2,Bandit100,19,3.56,,20,0,100,Left,Right,210,198,240,0,,,0.02
2025-11-05 04:42:37,1.17.2,Bandit100,19,3.56,,20,0,100,LeftinTimeOut,Right,210,198,240,0,,,
2025-11-05 04:42:39,1.17.2,Bandit100,19,3.56,,20,0,100,LeftinTimeOut,Right,210,198,240,0,,,
2025-11-05 04:42:55,1.17.2,Bandit100,19,3.56,,20,0,100,Right,Right,210,199,240,0,,,0.04
2025-11-05 04:42:56,1.17.2,Bandit100,19,3.56,1.0,20,0,100,Pellet,Right,210,199,241,0,0.65,33.0,
2025-11-05 04:43:33,1.17.2,Bandit100,19,3.56,,20,0,100,Right,Right,210,200,241,1,,,0.0
2025-11-05 04:43:35,1.17.2,Bandit100,19,3.55,1.0,20,0,100,Pellet,Right,210,200,242,1,0.59,39.0,
2025-11-05 04:44:01,1.17.2,Bandit100,19,3.55,,20,0,100,Right,Right,210,201,242,2,,,0.08
2025-11-05 04:44:03,1.17.2,Bandit100,19,3.55,1.0,20,0,100,Pellet,Right,210,201,243,2,1.01,28.0,
2025-11-05 04:45:41,1.17.2,Bandit100,19,3.55,,20,0,100,Right,Right,210,202,243,3,,,0.03
2025-11-05 04:45:43,1.17.2,Bandit100,19,3.55,1.0,20,0,100,Pellet,Right,210,202,244,3,1.01,100.0,
2025-11-05 04:45:57,1.17.2,Bandit100,19,3.56,,20,0,100,Right,Right,210,203,244,4,,,0.17
2025-11-05 04:45:59,1.17.2,Bandit100,19,3.56,1.0,20,0,100,Pellet,Right,210,203,245,4,0.53,16.0,
2025-11-05 04:46:13,1.17.2,Bandit100,19,3.55,,20,0,100,Right,Right,210,204,245,5,,,0.18
2025-11-05 04:46:15,1.17.2,Bandit100,19,3.55,1.0,20,0,100,Pellet,Right,210,204,246,5,0.41,15.0,
2025-11-05 04:46:23,1.17.2,Bandit100,19,3.56,,20,0,100,Right,Right,210,205,246,6,,,0.05
2025-11-05 04:46:24,1.17.2,Bandit100,19,3.56,2.0,20,0,100,Pellet,Right,210,205,247,6,0.35,10.0,
2025-11-05 04:51:36,1.17.2,Bandit100,19,3.54,,20,0,100,Right,Right,210,206,247,7,,,0.14
2025-11-05 04:51:38,1.17.2,Bandit100,19,3.56,1.0,20,0,100,Pellet,Right,210,206,248,7,0.59,314.0,
2025-11-05 04:51:49,1.17.2,Bandit100,19,3.56,,20,0,100,Right,Right,210,207,248,8,,,0.09
2025-11-05 04:51:53,1.17.2,Bandit100,19,3.55,2.0,20,0,100,Pellet,Right,210,207,249,8,1.25,15.0,
2025-11-05 04:51:59,1.17.2,Bandit100,19,3.56,,20,0,100,Right,Right,210,208,249,9,,,0.11
2025-11-05 04:52:00,1.17.2,Bandit100,19,3.55,1.0,20,0,100,Pellet,Right,210,208,250,9,0.47,7.0,
2025-11-05 05:09:02,1.17.2,Bandit100,19,3.56,,20,0,100,Right,Right,210,209,250,10,,,0.05
2025-11-05 05:09:04,1.17.2,Bandit100,19,3.55,1.0,20,0,100,Pellet,Right,210,209,251,10,0.59,1024.0,
2025-11-05 05:15:31,1.17.2,Bandit100,19,3.55,,20,0,100,Left,Right,211,209,251,11,,,0.11
2025-11-05 05:21:55,1.17.2,Bandit100,19,3.55,,20,0,100,Left,Right,212,209,251,11,,,0.19
2025-11-05 05:21:56,1.17.2,Bandit100,19,3.55,,20,0,100,LeftinTimeOut,Right,212,209,251,11,,,
2025-11-05 05:21:56,1.17.2,Bandit100,19,3.55,,20,0,100,LeftinTimeOut,Right,212,209,251,11,,,
2025-11-05 05:21:56,1.17.2,Bandit100,19,3.55,,20,0,100,LeftinTimeOut,Right,212,209,251,11,,,
2025-11-05 07:26:19,1.17.2,Bandit100,19,3.54,,20,0,100,Left,Right,213,209,251,11,,,0.07
2025-11-05 07:26:21,1.17.2,Bandit100,19,3.55,,20,0,100,LeftinTimeOut,Right,213,209,251,11,,,
2025-11-05 07:34:55,1.17.2,Bandit100,19,3.54,,20,0,100,Right,Right,213,210,251,11,,,0.05
2025-11-05 07:34:56,1.17.2,Bandit100,19,3.55,1.0,20,0,100,Pellet,Right,213,210,252,11,0.53,8752.0,
2025-11-05 07:36:33,1.17.2,Bandit100,19,3.54,,20,0,100,Right,Right,213,211,252,12,,,0.05
2025-11-05 07:36:34,1.17.2,Bandit100,19,3.54,1.0,20,0,100,Pellet,Right,213,211,253,12,0.59,98.0,
2025-11-05 07:36:55,1.17.2,Bandit100,19,3.56,,20,0,100,Right,Right,213,212,253,13,,,0.06
2025-11-05 07:36:56,1.17.2,Bandit100,19,3.53,1.0,20,0,100,Pellet,Right,213,212,254,13,0.59,22.0,
2025-11-05 09:27:26,1.17.2,Bandit100,19,3.54,,20,0,100,Right,Right,213,213,254,14,,,0.15
2025-11-05 09:27:27,1.17.2,Bandit100,19,3.54,,20,0,100,RightWithPellet,Right,213,214,254,14,,,0.4
2025-11-05 09:27:29,1.17.2,Bandit100,19,3.54,1.0,20,0,100,Pellet,Right,213,214,255,14,2.35,6633.0,
2025-11-05 09:27:42,1.17.2,Bandit100,19,3.54,,20,0,100,Left,Right,214,214,255,15,,,0.04
2025-11-05 11:15:49,1.17.2,Bandit100,19,3.53,,20,0,100,Left,Right,215,214,255,15,,,0.25
2025-11-05 12:28:54,1.17.2,Bandit100,19,3.54,,20,0,100,Right,Right,215,215,255,15,,,0.42
2025-11-05 12:28:56,1.17.2,Bandit100,19,3.53,1.0,20,0,100,Pellet,Right,215,215,256,15,0.53,10887.0,
2025-11-05 12:29:16,1.17.2,Bandit100,19,3.53,,20,0,100,Right,Right,215,216,256,16,,,0.02
2025-11-05 12:29:18,1.17.2,Bandit100,19,3.54,1.0,20,0,100,Pellet,Right,215,216,257,16,0.53,22.0,
2025-11-05 12:36:09,1.17.2,Bandit100,19,3.53,,20,0,100,Right,Right,215,217,257,17,,,0.05
2025-11-05 12:36:10,1.17.2,Bandit100,19,3.53,,20,0,100,RightDuringDispense,Right,215,217,257,17,,,0.37
2025-11-05 12:36:13,1.17.2,Bandit100,19,3.53,,20,0,100,RightDuringDispense,Right,215,217,257,17,,,0.06
2025-11-05 12:36:14,1.17.2,Bandit100,19,3.53,2.0,20,0,100,Pellet,Right,215,217,258,17,1.19,416.0,
2025-11-05 12:48:22,1.17.2,Bandit100,19,3.54,,20,0,100,Right,Right,215,218,258,18,,,0.16
2025-11-05 12:48:24,1.17.2,Bandit100,19,3.53,2.0,20,0,100,Pellet,Right,215,218,259,18,0.89,730.0,
2025-11-05 12:49:11,1.17.2,Bandit100,19,3.54,,20,0,100,Right,Right,215,219,259,19,,,0.04
2025-11-05 12:49:13,1.17.2,Bandit100,19,3.54,1.0,20,0,100,Pellet,Right,215,219,260,19,0.89,49.0,
2025-11-05 12:49:34,1.17.2,Bandit100,19,3.53,,20,100,0,Right,Left,215,220,260,0,,,0.06
2025-11-05 15:00:58,1.17.2,Bandit100,19,3.53,,20,100,0,Right,Left,215,221,260,0,,,0.2
2025-11-05 15:00:59,1.17.2,Bandit100,19,3.53,,20,100,0,RightinTimeout,Left,215,221,260,0,,,0.0
2025-11-05 15:00:59,1.17.2,Bandit100,19,3.53,,20,100,0,RightinTimeout,Left,215,221,260,0,,,0.0
2025-11-05 15:00:59,1.17.2,Bandit100,19,3.51,,20,100,0,RightinTimeout,Left,215,221,260,0,,,0.0
2025-11-05 15:01:00,1.17.2,Bandit100,19,3.52,,20,100,0,RightinTimeout,Left,215,221,260,0,,,0.0
2025-11-05 15:01:00,1.17.2,Bandit100,19,3.52,,20,100,0,RightinTimeout,Left,215,221,260,0,,,0.0
2025-11-05 16:01:06,1.17.2,Bandit100,19,3.53,,20,100,0,Left,Left,216,221,260,0,,,0.65
2025-11-05 16:01:07,1.17.2,Bandit100,19,3.53,1.0,20,100,0,Pellet,Left,216,221,261,0,0.59,11514.0,
2025-11-05 16:03:48,1.17.2,Bandit100,19,3.52,,20,100,0,Left,Left,217,221,261,1,,,0.03
2025-11-05 16:03:49,1.17.2,Bandit100,19,3.53,2.0,20,100,0,Pellet,Left,217,221,262,1,0.71,162.0,
2025-11-05 16:05:04,1.17.2,Bandit100,19,3.53,,20,100,0,Right,Left,217,222,262,2,,,0.93
2025-11-05 16:05:06,1.17.2,Bandit100,19,3.53,,20,100,0,RightinTimeout,Left,217,222,262,2,,,0.0
2025-11-05 16:07:03,1.17.2,Bandit100,19,3.51,,20,100,0,Right,Left,217,223,262,2,,,0.12
2025-11-05 16:07:04,1.17.2,Bandit100,19,3.53,,20,100,0,RightinTimeout,Left,217,223,262,2,,,0.0
2025-11-05 16:07:05,1.17.2,Bandit100,19,3.53,,20,100,0,RightinTimeout,Left,217,223,262,2,,,0.0
2025-11-05 16:07:07,1.17.2,Bandit100,19,3.53,,20,100,0,RightinTimeout,Left,217,223,262,2,,,0.0
2025-11-05 16:07:07,1.17.2,Bandit100,19,3.53,,20,100,0,RightinTimeout,Left,217,223,262,2,,,0.0
2025-11-05 16:10:59,1.17.2,Bandit100,19,3.54,,20,100,0,Right,Left,217,224,262,2,,,0.0
2025-11-05 17:37:37,1.17.2,Bandit100,19,3.52,,20,100,0,Right,Left,217,225,262,2,,,0.23
2025-11-05 17:39:12,1.17.2,Bandit100,19,3.52,,20,100,0,Right,Left,217,226,262,2,,,0.05
2025-11-05 17:39:13,1.17.2,Bandit100,19,3.51,,20,100,0,RightinTimeout,Left,217,226,262,2,,,0.0
2025-11-05 17:39:17,1.17.2,Bandit100,19,3.52,,20,100,0,LeftinTimeOut,Left,217,226,262,2,,,
2025-11-05 17:39:18,1.17.2,Bandit100,19,3.51,,20,100,0,LeftinTimeOut,Left,217,226,262,2,,,
2025-11-05 17:39:19,1.17.2,Bandit100,19,3.52,,20,100,0,LeftinTimeOut,Left,217,226,262,2,,,
2025-11-05 17:41:23,1.17.2,Bandit100,19,3.52,,20,100,0,Right,Left,217,227,262,2,,,0.56
2025-11-05 17:41:24,1.17.2,Bandit100,19,3.52,,20,100,0,RightinTimeout,Left,217,227,262,2,,,0.0
2025-11-05 17:41:25,1.17.2,Bandit100,19,3.52,,20,100,0,RightinTimeout,Left,217,227,262,2,,,0.0
2025-11-05 17:41:25,1.17.2,Bandit100,19,3.51,,20,100,0,RightinTimeout,Left,217,227,262,2,,,0.0
2025-11-05 17:41:26,1.17.2,Bandit100,19,3.52,,20,100,0,RightinTimeout,Left,217,227,262,2,,,0.0
2025-11-05 17:41:27,1.17.2,Bandit100,19,3.52,,20,100,0,RightinTimeout,Left,217,227,262,2,,,0.0
2025-11-05 17:41:28,1.17.2,Bandit100,19,3.52,,20,100,0,RightinTimeout,Left,217,227,262,2,,,0.0
2025-11-05 17:41:28,1.17.2,Bandit100,19,3.52,,20,100,0,RightinTimeout,Left,217,227,262,2,,,0.0
2025-11-05 17:41:28,1.17.2,Bandit100,19,3.51,,20,100,0,RightinTimeout,Left,217,227,262,2,,,0.0
2025-11-05 17:41:29,1.17.2,Bandit100,19,3.52,,20,100,0,RightinTimeout,Left,217,227,262,2,,,0.0
2025-11-05 17:41:29,1.17.2,Bandit100,19,3.52,,20,100,0,RightinTimeout,Left,217,227,262,2,,,0.0
2025-11-05 17:41:29,1.17.2,Bandit100,19,3.51,,20,100,0,RightinTimeout,Left,217,227,262,2,,,0.0
2025-11-05 17:41:30,1.17.2,Bandit100,19,3.52,,20,100,0,RightinTimeout,Left,217,227,262,2,,,0.0
2025-11-05 17:41:32,1.17.2,Bandit100,19,3.52,,20,100,0,RightinTimeout,Left,217,227,262,2,,,0.0
2025-11-05 17:41:33,1.17.2,Bandit100,19,3.52,,20,100,0,RightinTimeout,Left,217,227,262,2,,,0.0
2025-11-05 17:41:33,1.17.2,Bandit100,19,3.52,,20,100,0,RightinTimeout,Left,217,227,262,2,,,0.0
2025-11-05 17:41:33,1.17.2,Bandit100,19,3.52,,20,100,0,RightinTimeout,Left,217,227,262,2,,,0.0
2025-11-05 17:41:34,1.17.2,Bandit100,19,3.52,,20,100,0,RightinTimeout,Left,217,227,262,2,,,0.0
2025-11-05 17:41:34,1.17.2,Bandit100,19,3.52,,20,100,0,RightinTimeout,Left,217,227,262,2,,,0.0
2025-11-05 17:41:34,1.17.2,Bandit100,19,3.51,,20,100,0,RightinTimeout,Left,217,227,262,2,,,0.0
2025-11-05 17:41:35,1.17.2,Bandit100,19,3.51,,20,100,0,RightinTimeout,Left,217,227,262,2,,,0.0
2025-11-05 17:41:35,1.17.2,Bandit100,19,3.51,,20,100,0,RightinTimeout,Left,217,227,262,2,,,0.0
2025-11-05 17:41:35,1.17.2,Bandit100,19,3.51,,20,100,0,RightinTimeout,Left,217,227,262,2,,,0.0
2025-11-05 17:41:39,1.17.2,Bandit100,19,3.52,,20,100,0,RightinTimeout,Left,217,227,262,2,,,0.0
2025-11-05 17:41:39,1.17.2,Bandit100,19,3.51,,20,100,0,RightinTimeout,Left,217,227,262,2,,,0.0
2025-11-05 17:41:40,1.17.2,Bandit100,19,3.52,,20,100,0,RightinTimeout,Left,217,227,262,2,,,0.0
2025-11-05 17:41:40,1.17.2,Bandit100,19,3.52,,20,100,0,RightinTimeout,Left,217,227,262,2,,,0.0
2025-11-05 17:41:40,1.17.2,Bandit100,19,3.51,,20,100,0,RightinTimeout,Left,217,227,262,2,,,0.0
2025-11-05 17:41:41,1.17.2,Bandit100,19,3.52,,20,100,0,RightinTimeout,Left,217,227,262,2,,,0.0
2025-11-05 17:41:41,1.17.2,Bandit100,19,3.52,,20,100,0,RightinTimeout,Left,217,227,262,2,,,0.0
2025-11-05 17:41:41,1.17.2,Bandit100,19,3.52,,20,100,0,RightinTimeout,Left,217,227,262,2,,,0.0
2025-11-05 17:41:42,1.17.2,Bandit100,19,3.52,,20,100,0,RightinTimeout,Left,217,227,262,2,,,0.0
2025-11-05 17:41:42,1.17.2,Bandit100,19,3.52,,20,100,0,RightinTimeout,Left,217,227,262,2,,,0.0
2025-11-05 17:41:42,1.17.2,Bandit100,19,3.52,,20,100,0,RightinTimeout,Left,217,227,262,2,,,0.0
2025-11-05 17:41:43,1.17.2,Bandit100,19,3.52,,20,100,0,RightinTimeout,Left,217,227,262,2,,,0.0
2025-11-05 17:41:44,1.17.2,Bandit100,19,3.52,,20,100,0,RightinTimeout,Left,217,227,262,2,,,0.0
2025-11-05 17:41:44,1.17.2,Bandit100,19,3.52,,20,100,0,RightinTimeout,Left,217,227,262,2,,,0.0
2025-11-05 17:41:44,1.17.2,Bandit100,19,3.53,,20,100,0,RightinTimeout,Left,217,227,262,2,,,0.0
2025-11-05 17:41:45,1.17.2,Bandit100,19,3.52,,20,100,0,RightinTimeout,Left,217,227,262,2,,,0.0
2025-11-05 17:41:45,1.17.2,Bandit100,19,3.52,,20,100,0,RightinTimeout,Left,217,227,262,2,,,0.0
2025-11-05 17:41:45,1.17.2,Bandit100,19,3.52,,20,100,0,RightinTimeout,Left,217,227,262,2,,,0.0
2025-11-05 17:41:46,1.17.2,Bandit100,19,3.51,,20,100,0,RightinTimeout,Left,217,227,262,2,,,0.0
2025-11-05 17:41:46,1.17.2,Bandit100,19,3.51,,20,100,0,RightinTimeout,Left,217,227,262,2,,,0.0
2025-11-05 17:41:47,1.17.2,Bandit100,19,3.52,,20,100,0,RightinTimeout,Left,217,227,262,2,,,0.0
2025-11-05 17:41:47,1.17.2,Bandit100,19,3.52,,20,100,0,RightinTimeout,Left,217,227,262,2,,,0.0
2025-11-05 17:41:47,1.17.2,Bandit100,19,3.53,,20,100,0,RightinTimeout,Left,217,227,262,2,,,0.0
2025-11-05 17:41:48,1.17.2,Bandit100,19,3.52,,20,100,0,RightinTimeout,Left,217,227,262,2,,,0.0
2025-11-05 17:41:48,1.17.2,Bandit100,19,3.52,,20,100,0,RightinTimeout,Left,217,227,262,2,,,0.0
2025-11-05 17:41:48,1.17.2,Bandit100,19,3.52,,20,100,0,RightinTimeout,Left,217,227,262,2,,,0.0
2025-11-05 17:41:48,1.17.2,Bandit100,19,3.52,,20,100,0,RightinTimeout,Left,217,227,262,2,,,0.0
2025-11-05 17:41:50,1.17.2,Bandit100,19,3.51,,20,100,0,RightinTimeout,Left,217,227,262,2,,,0.0
2025-11-05 17:41:50,1.17.2,Bandit100,19,3.51,,20,100,0,RightinTimeout,Left,217,227,262,2,,,0.0
2025-11-05 17:41:50,1.17.2,Bandit100,19,3.53,,20,100,0,RightinTimeout,Left,217,227,262,2,,,0.0
2025-11-05 17:41:51,1.17.2,Bandit100,19,3.51,,20,100,0,RightinTimeout,Left,217,227,262,2,,,0.0
2025-11-05 17:41:52,1.17.2,Bandit100,19,3.52,,20,100,0,RightinTimeout,Left,217,227,262,2,,,0.0
2025-11-05 17:41:52,1.17.2,Bandit100,19,3.52,,20,100,0,RightinTimeout,Left,217,227,262,2,,,0.0
2025-11-05 17:41:53,1.17.2,Bandit100,19,3.52,,20,100,0,RightinTimeout,Left,217,227,262,2,,,0.0
2025-11-05 17:41:53,1.17.2,Bandit100,19,3.52,,20,100,0,RightinTimeout,Left,217,227,262,2,,,0.0
2025-11-05 17:41:54,1.17.2,Bandit100,19,3.52,,20,100,0,RightinTimeout,Left,217,227,262,2,,,0.0
2025-11-05 17:41:54,1.17.2,Bandit100,19,3.52,,20,100,0,RightinTimeout,Left,217,227,262,2,,,0.0
2025-11-05 17:42:13,1.17.2,Bandit100,19,3.51,,20,100,0,Right,Left,217,228,262,2,,,0.34
2025-11-05 17:42:15,1.17.2,Bandit100,19,3.52,,20,100,0,RightinTimeout,Left,217,228,262,2,,,0.0
2025-11-05 17:42:19,1.17.2,Bandit100,19,3.51,,20,100,0,LeftinTimeOut,Left,217,228,262,2,,,
2025-11-05 18:09:53,1.17.2,Bandit100,19,3.51,,20,100,0,Left,Left,218,228,262,2,,,0.47
2025-11-05 18:10:03,1.17.2,Bandit100,19,3.51,3.0,20,100,0,Pellet,Left,218,228,263,2,4.61,7574.0,
2025-11-05 18:17:00,1.17.2,Bandit100,19,3.51,,20,100,0,Left,Left,219,228,263,3,,,0.42
2025-11-05 18:17:01,1.17.2,Bandit100,19,3.51,1.0,20,100,0,Pellet,Left,219,228,264,3,1.07,418.0,
2025-11-05 18:22:26,1.17.2,Bandit100,19,3.51,,20,100,0,Right,Left,219,229,264,4,,,0.29
2025-11-05 18:22:33,1.17.2,Bandit100,19,3.52,,20,100,0,LeftinTimeOut,Left,219,229,264,4,,,
2025-11-05 18:22:34,1.17.2,Bandit100,19,3.51,,20,100,0,LeftinTimeOut,Left,219,229,264,4,,,
2025-11-05 18:22:43,1.17.2,Bandit100,19,3.51,,20,100,0,LeftinTimeOut,Left,219,229,264,4,,,
2025-11-05 18:24:17,1.17.2,Bandit100,19,3.52,,20,100,0,Left,Left,220,229,264,4,,,0.01
2025-11-05 18:24:18,1.17.2,Bandit100,19,3.5,1.0,20,100,0,Pellet,Left,220,229,265,4,0.71,437.0,
2025-11-05 18:24:38,1.17.2,Bandit100,19,3.52,,20,100,0,Left,Left,221,229,265,5,,,0.19
2025-11-05 18:24:39,1.17.2,Bandit100,19,3.51,1.0,20,100,0,Pellet,Left,221,229,266,5,0.35,21.0,
2025-11-05 18:25:04,1.17.2,Bandit100,19,3.51,,20,100,0,Left,Left,222,229,266,6,,,0.04
2025-11-05 18:25:05,1.17.2,Bandit100,19,3.51,1.0,20,100,0,Pellet,Left,222,229,267,6,0.53,26.0,
2025-11-05 18:25:14,1.17.2,Bandit100,19,3.52,,20,100,0,Left,Left,223,229,267,7,,,0.02
2025-11-05 18:25:16,1.17.2,Bandit100,19,3.51,1.0,20,100,0,Pellet,Left,223,229,268,7,1.01,11.0,
2025-11-05 18:25:31,1.17.2,Bandit100,19,3.52,,20,100,0,Left,Left,224,229,268,8,,,0.29
2025-11-05 18:25:32,1.17.2,Bandit100,19,3.51,1.0,20,100,0,Pellet,Left,224,229,269,8,0.47,16.0,
2025-11-05 18:26:21,1.17.2,Bandit100,19,3.51,,20,100,0,Right,Left,224,230,269,9,,,0.3
2025-11-05 18:27:26,1.17.2,Bandit100,19,3.52,,20,100,0,Left,Left,225,230,269,9,,,0.17
2025-11-05 18:27:28,1.17.2,Bandit100,19,3.53,1.0,20,100,0,Pellet,Left,225,230,270,9,0.59,116.0,
2025-11-05 18:27:35,1.17.2,Bandit100,19,3.51,,20,100,0,Left,Left,226,230,270,10,,,0.1
2025-11-05 18:27:36,1.17.2,Bandit100,19,3.51,1.0,20,100,0,Pellet,Left,226,230,271,10,0.53,8.0,
2025-11-05 18:28:01,1.17.2,Bandit100,19,3.52,,20,100,0,Left,Left,227,230,271,11,,,0.11
2025-11-05 18:28:03,1.17.2,Bandit100,19,3.51,1.0,20,100,0,Pellet,Left,227,230,272,11,1.01,27.0,
2025-11-05 18:56:21,1.17.2,Bandit100,19,3.52,,20,100,0,Right,Left,227,231,272,12,,,0.33
2025-11-05 18:56:22,1.17.2,Bandit100,19,3.52,,20,100,0,RightinTimeout,Left,227,231,272,12,,,0.0
2025-11-05 18:56:22,1.17.2,Bandit100,19,3.51,,20,100,0,RightinTimeout,Left,227,231,272,12,,,0.0
2025-11-05 18:56:49,1.17.2,Bandit100,19,3.51,,20,100,0,Right,Left,227,232,272,12,,,0.16
2025-11-05 18:56:50,1.17.2,Bandit100,19,3.51,,20,100,0,RightinTimeout,Left,227,232,272,12,,,0.0
2025-11-05 18:56:52,1.17.2,Bandit100,19,3.51,,20,100,0,RightinTimeout,Left,227,232,272,12,,,0.0
2025-11-05 18:56:58,1.17.2,Bandit100,19,3.51,,20,100,0,LeftinTimeOut,Left,227,232,272,12,,,
2025-11-05 18:56:59,1.17.2,Bandit100,19,3.51,,20,100,0,LeftinTimeOut,Left,227,232,272,12,,,
2025-11-05 18:57:00,1.17.2,Bandit100,19,3.51,,20,100,0,LeftinTimeOut,Left,227,232,272,12,,,
2025-11-05 18:57:01,1.17.2,Bandit100,19,3.51,,20,100,0,LeftinTimeOut,Left,227,232,272,12,,,
2025-11-05 18:57:02,1.17.2,Bandit100,19,3.51,,20,100,0,LeftinTimeOut,Left,227,232,272,12,,,
2025-11-05 18:57:06,1.17.2,Bandit100,19,3.52,,20,100,0,LeftinTimeOut,Left,227,232,272,12,,,
2025-11-05 18:57:06,1.17.2,Bandit100,19,3.51,,20,100,0,LeftinTimeOut,Left,227,232,272,12,,,
2025-11-05 18:57:07,1.17.2,Bandit100,19,3.51,,20,100,0,LeftinTimeOut,Left,227,232,272,12,,,
2025-11-05 18:57:09,1.17.2,Bandit100,19,3.51,,20,100,0,LeftinTimeOut,Left,227,232,272,12,,,
2025-11-05 18:57:12,1.17.2,Bandit100,19,3.53,,20,100,0,LeftinTimeOut,Left,227,232,272,12,,,
2025-11-05 18:57:14,1.17.2,Bandit100,19,3.51,,20,100,0,LeftinTimeOut,Left,227,232,272,12,,,
2025-11-05 18:59:31,1.17.2,Bandit100,19,3.5,,20,100,0,Right,Left,227,233,272,12,,,0.32
2025-11-05 19:00:41,1.17.2,Bandit100,19,3.51,,20,100,0,Right,Left,227,234,272,12,,,0.04
2025-11-05 19:00:55,1.17.2,Bandit100,19,3.51,,20,100,0,Left,Left,228,234,272,12,,,0.16
2025-11-05 19:00:56,1.17.2,Bandit100,19,3.51,1.0,20,100,0,Pellet,Left,228,234,273,12,0.65,1973.0,
2025-11-05 19:02:30,1.17.2,Bandit100,19,3.51,,20,100,0,Right,Left,228,235,273,13,,,0.26
2025-11-05 19:08:07,1.17.2,Bandit100,19,3.52,,20,100,0,Right,Left,228,236,273,13,,,0.06
2025-11-05 19:11:33,1.17.2,Bandit100,19,3.51,,20,100,0,Left,Left,229,236,273,13,,,0.02
2025-11-05 19:11:34,1.17.2,Bandit100,19,3.51,1.0,20,100,0,Pellet,Left,229,236,274,13,0.65,638.0,
2025-11-05 19:11:48,1.17.2,Bandit100,19,3.51,,20,100,0,Left,Left,230,236,274,14,,,0.27
2025-11-05 19:11:49,1.17.2,Bandit100,19,3.52,1.0,20,100,0,Pellet,Left,230,236,275,14,0.47,15.0,
2025-11-05 19:12:03,1.17.2,Bandit100,19,3.51,,20,100,0,Left,Left,231,236,275,15,,,0.18
2025-11-05 19:12:05,1.17.2,Bandit100,19,3.51,2.0,20,100,0,Pellet,Left,231,236,276,15,1.49,16.0,
2025-11-05 19:15:36,1.17.2,Bandit100,19,3.51,,20,100,0,Left,Left,232,236,276,16,,,0.24
2025-11-05 19:15:37,1.17.2,Bandit100,19,3.52,1.0,20,100,0,Pellet,Left,232,236,277,16,0.65,212.0,
2025-11-05 19:15:53,1.17.2,Bandit100,19,3.54,,20,100,0,Left,Left,233,236,277,17,,,0.07
2025-11-05 19:15:54,1.17.2,Bandit100,19,3.5,1.0,20,100,0,Pellet,Left,233,236,278,17,1.07,17.0,
2025-11-05 19:16:04,1.17.2,Bandit100,19,3.51,,20,100,0,Left,Left,234,236,278,18,,,0.09
2025-11-05 19:16:05,1.17.2,Bandit100,19,3.51,1.0,20,100,0,Pellet,Left,234,236,279,18,0.35,11.0,
2025-11-05 19:16:25,1.17.2,Bandit100,19,3.52,,20,100,0,Left,Left,235,236,279,19,,,0.03
2025-11-05 19:16:26,1.17.2,Bandit100,19,3.52,1.0,20,100,0,Pellet,Left,235,236,280,19,0.41,21.0,
2025-11-05 19:17:48,1.17.2,Bandit100,19,3.51,,20,0,100,Left,Right,236,236,280,0,,,0.12
2025-11-05 19:29:16,1.17.2,Bandit100,19,3.52,,20,0,100,Left,Right,237,236,280,0,,,0.03
2025-11-05 19:30:34,1.17.2,Bandit100,19,3.51,,20,0,100,Right,Right,237,237,280,0,,,0.04
2025-11-05 19:30:36,1.17.2,Bandit100,19,3.51,1.0,20,0,100,Pellet,Right,237,237,281,0,0.65,850.0,
2025-11-05 19:30:44,1.17.2,Bandit100,19,3.52,,20,0,100,Right,Right,237,238,281,1,,,0.1
2025-11-05 19:30:46,1.17.2,Bandit100,19,3.51,1.0,20,0,100,Pellet,Right,237,238,282,1,1.31,10.0,
2025-11-05 19:31:11,1.17.2,Bandit100,19,3.51,,20,0,100,Right,Right,237,239,282,2,,,0.09
2025-11-05 19:31:12,1.17.2,Bandit100,19,3.51,1.0,20,0,100,Pellet,Right,237,239,283,2,0.41,26.0,
2025-11-05 19:31:25,1.17.2,Bandit100,19,3.51,,20,0,100,Right,Right,237,240,283,3,,,0.02
2025-11-05 19:31:26,1.17.2,Bandit100,19,3.51,2.0,20,0,100,Pellet,Right,237,240,284,3,0.35,14.0,
2025-11-05 19:31:58,1.17.2,Bandit100,19,3.51,,20,0,100,Right,Right,237,241,284,4,,,0.11
2025-11-05 19:31:59,1.17.2,Bandit100,19,3.52,1.0,20,0,100,Pellet,Right,237,241,285,4,0.47,33.0,
2025-11-05 19:32:22,1.17.2,Bandit100,19,3.52,,20,0,100,Left,Right,238,241,285,5,,,0.04
2025-11-05 19:34:20,1.17.2,Bandit100,19,3.51,,20,0,100,Left,Right,239,241,285,5,,,0.06
2025-11-05 19:35:42,1.17.2,Bandit100,19,3.51,,20,0,100,Right,Right,239,242,285,5,,,0.04
2025-11-05 19:35:44,1.17.2,Bandit100,19,3.51,1.0,20,0,100,Pellet,Right,239,242,286,5,0.89,225.0,
2025-11-05 19:39:31,1.17.2,Bandit100,19,3.51,,20,0,100,Left,Right,240,242,286,6,,,0.02
2025-11-05 19:39:32,1.17.2,Bandit100,19,3.51,,20,0,100,LeftinTimeOut,Right,240,242,286,6,,,
2025-11-05 19:47:23,1.17.2,Bandit100,19,3.51,,20,0,100,Right,Right,240,243,286,6,,,0.06
2025-11-05 19:47:24,1.17.2,Bandit100,19,3.5,1.0,20,0,100,Pellet,Right,240,243,287,6,0.89,700.0,
2025-11-05 19:54:59,1.17.2,Bandit100,19,3.51,,20,0,100,Right,Right,240,244,287,7,,,0.02
2025-11-05 19:55:01,1.17.2,Bandit100,19,3.51,1.0,20,0,100,Pellet,Right,240,244,288,7,0.89,457.0,
2025-11-05 19:55:15,1.17.2,Bandit100,19,3.52,,20,0,100,Right,Right,240,245,288,8,,,0.12
2025-11-05 19:55:16,1.17.2,Bandit100,19,3.51,1.0,20,0,100,Pellet,Right,240,245,289,8,0.59,15.0,
2025-11-05 19:55:30,1.17.2,Bandit100,19,3.51,,20,0,100,Right,Right,240,246,289,9,,,0.08
2025-11-05 19:55:32,1.17.2,Bandit100,19,3.51,1.0,20,0,100,Pellet,Right,240,246,290,9,0.89,16.0,
2025-11-05 19:55:46,1.17.2,Bandit100,19,3.51,,20,0,100,Right,Right,240,247,290,10,,,0.08
2025-11-05 19:55:47,1.17.2,Bandit100,19,3.51,1.0,20,0,100,Pellet,Right,240,247,291,10,0.35,15.0,
2025-11-05 19:56:08,1.17.2,Bandit100,19,3.51,,20,0,100,Right,Right,240,248,291,11,,,0.16
2025-11-05 19:56:09,1.17.2,Bandit100,19,3.51,1.0,20,0,100,Pellet,Right,240,248,292,11,0.95,22.0,
2025-11-05 19:56:30,1.17.2,Bandit100,19,3.52,,20,0,100,Right,Right,240,249,292,12,,,0.05
2025-11-05 19:56:32,1.17.2,Bandit100,19,3.5,1.0,20,0,100,Pellet,Right,240,249,293,12,1.19,23.0,
2025-11-05 19:56:39,1.17.2,Bandit100,19,3.51,,20,0,100,Right,Right,240,250,293,13,,,0.06
2025-11-05 19:56:40,1.17.2,Bandit100,19,3.51,1.0,20,0,100,Pellet,Right,240,250,294,13,0.65,8.0,
2025-11-05 19:57:27,1.17.2,Bandit100,19,3.51,,20,0,100,Left,Right,241,250,294,14,,,0.13
2025-11-05 19:57:29,1.17.2,Bandit100,19,3.51,,20,0,100,LeftinTimeOut,Right,241,250,294,14,,,
2025-11-05 19:57:29,1.17.2,Bandit100,19,3.51,,20,0,100,LeftinTimeOut,Right,241,250,294,14,,,
2025-11-05 19:57:31,1.17.2,Bandit100,19,3.51,,20,0,100,LeftinTimeOut,Right,241,250,294,14,,,
2025-11-05 20:00:52,1.17.2,Bandit100,19,3.51,,20,0,100,Right,Right,241,251,294,14,,,0.27
2025-11-05 20:00:53,1.17.2,Bandit100,19,3.51,1.0,20,0,100,Pellet,Right,241,251,295,14,0.59,253.0,
2025-11-05 20:01:54,1.17.2,Bandit100,19,3.51,,20,0,100,Right,Right,241,252,295,15,,,0.09
2025-11-05 20:01:55,1.17.2,Bandit100,19,3.51,1.0,20,0,100,Pellet,Right,241,252,296,15,0.47,62.0,
2025-11-05 20:02:13,1.17.2,Bandit100,19,3.51,,20,0,100,Right,Right,241,253,296,16,,,0.08
2025-11-05 20:02:15,1.17.2,Bandit100,19,3.51,1.0,20,0,100,Pellet,Right,241,253,297,16,0.83,20.0,
2025-11-05 20:02:21,1.17.2,Bandit100,19,3.52,,20,0,100,Right,Right,241,254,297,17,,,0.01
2025-11-05 20:02:22,1.17.2,Bandit100,19,3.51,1.0,20,0,100,Pellet,Right,241,254,298,17,0.29,7.0,
2025-11-05 20:02:30,1.17.2,Bandit100,19,3.51,,20,0,100,Right,Right,241,255,298,18,,,0.06
2025-11-05 20:02:31,1.17.2,Bandit100,19,3.51,1.0,20,0,100,Pellet,Right,241,255,299,18,0.59,9.0,
2025-11-05 20:02:42,1.17.2,Bandit100,19,3.51,,20,0,100,Right,Right,241,256,299,19,,,0.11
2025-11-05 20:02:50,1.17.2,Bandit100,19,3.5,5.0,20,0,100,Pellet,Right,241,256,300,19,0.77,19.0,
2025-11-05 20:03:02,1.17.2,Bandit100,19,3.52,,20,100,0,Right,Left,241,257,300,0,,,0.09
2025-11-05 20:03:06,1.17.2,Bandit100,19,3.51,,20,100,0,RightinTimeout,Left,241,257,300,0,,,0.0
2025-11-05 20:04:55,1.17.2,Bandit100,19,3.53,,20,100,0,Left,Left,242,257,300,0,,,0.04
2025-11-05 20:04:56,1.17.2,Bandit100,19,3.51,2.0,20,100,0,Pellet,Left,242,257,301,0,0.53,126.0,
2025-11-05 20:25:34,1.17.2,Bandit100,19,3.51,,20,100,0,Right,Left,242,258,301,1,,,0.02
2025-11-05 20:25:39,1.17.2,Bandit100,19,3.52,,20,100,0,RightinTimeout,Left,242,258,301,1,,,0.0
2025-11-05 20:25:54,1.17.2,Bandit100,19,3.51,,20,100,0,Right,Left,242,259,301,1,,,0.19
2025-11-05 20:25:55,1.17.2,Bandit100,19,3.49,,20,100,0,RightinTimeout,Left,242,259,301,1,,,0.0
2025-11-05 20:25:58,1.17.2,Bandit100,19,3.52,,20,100,0,RightinTimeout,Left,242,259,301,1,,,0.0
2025-11-05 20:29:49,1.17.2,Bandit100,19,3.52,,20,100,0,Left,Left,243,259,301,1,,,0.1
2025-11-05 20:29:51,1.17.2,Bandit100,19,3.51,2.0,20,100,0,Pellet,Left,243,259,302,1,0.71,1495.0,
2025-11-05 20:30:09,1.17.2,Bandit100,19,3.52,,20,100,0,Left,Left,244,259,302,2,,,0.04
2025-11-05 20:30:10,1.17.2,Bandit100,19,3.51,1.0,20,100,0,Pellet,Left,244,259,303,2,0.47,19.0,
2025-11-05 20:30:24,1.17.2,Bandit100,19,3.51,,20,100,0,Left,Left,245,259,303,3,,,0.01
2025-11-05 20:30:25,1.17.2,Bandit100,19,3.52,,20,100,0,LeftDuringDispense,Left,245,259,303,3,,,0.01
2025-11-05 20:30:28,1.17.2,Bandit100,19,3.51,2.0,20,100,0,Pellet,Left,245,259,304,3,0.65,18.0,
2025-11-05 20:30:40,1.17.2,Bandit100,19,3.52,,20,100,0,Left,Left,246,259,304,4,,,0.09
2025-11-05 20:30:41,1.17.2,Bandit100,19,3.51,1.0,20,100,0,Pellet,Left,246,259,305,4,0.35,13.0,
2025-11-05 20:31:00,1.17.2,Bandit100,19,3.51,,20,100,0,Left,Left,247,259,305,5,,,0.02
2025-11-05 20:31:01,1.17.2,Bandit100,19,3.51,1.0,20,100,0,Pellet,Left,247,259,306,5,0.41,20.0,
2025-11-05 20:31:11,1.17.2,Bandit100,19,3.51,,20,100,0,Left,Left,248,259,306,6,,,0.07
2025-11-05 20:31:12,1.17.2,Bandit100,19,3.51,1.0,20,100,0,Pellet,Left,248,259,307,6,0.71,11.0,
2025-11-05 20:31:47,1.17.2,Bandit100,19,3.51,,20,100,0,Left,Left,249,259,307,7,,,0.05
2025-11-05 20:31:50,1.17.2,Bandit100,19,3.54,1.0,20,100,0,Pellet,Left,249,259,308,7,1.67,37.0,
2025-11-05 20:32:34,1.17.2,Bandit100,19,3.52,,20,100,0,Left,Left,250,259,308,8,,,0.08
2025-11-05 20:32:35,1.17.2,Bandit100,19,3.51,1.0,20,100,0,Pellet,Left,250,259,309,8,0.41,46.0,
2025-11-05 20:32:54,1.17.2,Bandit100,19,3.51,,20,100,0,Left,Left,251,259,309,9,,,0.03
2025-11-05 20:32:55,1.17.2,Bandit100,19,3.51,1.0,20,100,0,Pellet,Left,251,259,310,9,0.53,20.0,
2025-11-05 20:37:21,1.17.2,Bandit100,19,3.52,,20,100,0,Left,Left,252,259,310,10,,,0.09
2025-11-05 20:37:22,1.17.2,Bandit100,19,3.51,1.0,20,100,0,Pellet,Left,252,259,311,10,0.35,267.0,
2025-11-05 20:37:35,1.17.2,Bandit100,19,3.51,,20,100,0,Left,Left,253,259,311,11,,,0.12
2025-11-05 20:37:36,1.17.2,Bandit100,19,3.51,1.0,20,100,0,Pellet,Left,253,259,312,11,0.29,14.0,
2025-11-05 20:37:59,1.17.2,Bandit100,19,3.52,,20,100,0,Left,Left,254,259,312,12,,,0.02
2025-11-05 20:38:00,1.17.2,Bandit100,19,3.51,1.0,20,100,0,Pellet,Left,254,259,313,12,0.29,24.0,
2025-11-05 20:38:10,1.17.2,Bandit100,19,3.51,,20,100,0,Left,Left,255,259,313,13,,,0.04
2025-11-05 20:38:11,1.17.2,Bandit100,19,3.51,1.0,20,100,0,Pellet,Left,255,259,314,13,0.35,11.0,
2025-11-05 20:38:24,1.17.2,Bandit100,19,3.51,,20,100,0,Left,Left,256,259,314,14,,,0.09
2025-11-05 20:38:25,1.17.2,Bandit100,19,3.52,1.0,20,100,0,Pellet,Left,256,259,315,14,0.23,14.0,
2025-11-05 20:39:07,1.17.2,Bandit100,19,3.51,,20,100,0,Left,Left,257,259,315,15,,,0.01
2025-11-05 20:39:09,1.17.2,Bandit100,19,3.51,2.0,20,100,0,Pellet,Left,257,259,316,15,0.35,44.0,
2025-11-05 20:40:56,1.17.2,Bandit100,19,3.51,,20,100,0,Right,Left,257,260,316,16,,,0.18
2025-11-05 20:43:11,1.17.2,Bandit100,19,3.51,,20,100,0,Left,Left,258,260,316,16,,,0.12
2025-11-05 20:43:14,1.17.2,Bandit100,19,3.51,2.0,20,100,0,Pellet,Left,258,260,317,16,0.65,245.0,
2025-11-05 20:46:23,1.17.2,Bandit100,19,3.51,,20,100,0,Right,Left,258,261,317,17,,,0.05
2025-11-05 20:53:15,1.17.2,Bandit100,19,3.51,,20,100,0,Right,Left,258,262,317,17,,,0.01
2025-11-05 20:53:21,1.17.2,Bandit100,19,3.51,,20,100,0,LeftinTimeOut,Left,258,262,317,17,,,
2025-11-05 20:55:52,1.17.2,Bandit100,19,3.51,,20,100,0,Right,Left,258,263,317,17,,,0.04
2025-11-05 20:55:53,1.17.2,Bandit100,19,3.51,,20,100,0,RightinTimeout,Left,258,263,317,17,,,0.0
2025-11-05 21:04:15,1.17.2,Bandit100,19,3.51,,20,100,0,Right,Left,258,264,317,17,,,0.08
2025-11-05 21:04:16,1.17.2,Bandit100,19,3.51,,20,100,0,RightinTimeout,Left,258,264,317,17,,,0.0
2025-11-05 21:05:04,1.17.2,Bandit100,19,3.51,,20,100,0,Left,Left,259,264,317,17,,,0.08
2025-11-05 21:05:05,1.17.2,Bandit100,19,3.49,1.0,20,100,0,Pellet,Left,259,264,318,17,0.47,1311.0,
2025-11-05 21:05:21,1.17.2,Bandit100,19,3.5,,20,100,0,Left,Left,260,264,318,18,,,0.05
2025-11-05 21:05:23,1.17.2,Bandit100,19,3.51,1.0,20,100,0,Pellet,Left,260,264,319,18,0.41,18.0,
2025-11-05 21:09:32,1.17.2,Bandit100,19,3.51,,20,100,0,Left,Left,261,264,319,19,,,0.19
2025-11-05 21:09:33,1.17.2,Bandit100,19,3.52,1.0,20,100,0,Pellet,Left,261,264,320,19,0.23,250.0,
2025-11-05 21:09:51,1.17.2,Bandit100,19,3.51,,20,0,100,Left,Right,262,264,320,0,,,0.19
2025-11-05 21:09:52,1.17.2,Bandit100,19,3.51,,20,0,100,LeftinTimeOut,Right,262,264,320,0,,,
2025-11-05 21:09:53,1.17.2,Bandit100,19,3.51,,20,0,100,LeftinTimeOut,Right,262,264,320,0,,,
2025-11-05 21:10:26,1.17.2,Bandit100,19,3.51,,20,0,100,Left,Right,263,264,320,0,,,0.06
2025-11-05 21:10:27,1.17.2,Bandit100,19,3.51,,20,0,100,LeftinTimeOut,Right,263,264,320,0,,,
2025-11-05 21:10:28,1.17.2,Bandit100,19,3.51,,20,0,100,LeftinTimeOut,Right,263,264,320,0,,,
2025-11-05 21:12:28,1.17.2,Bandit100,19,3.51,,20,0,100,Left,Right,264,264,320,0,,,0.18
2025-11-05 21:12:30,1.17.2,Bandit100,19,3.51,,20,0,100,LeftinTimeOut,Right,264,264,320,0,,,
2025-11-05 21:12:31,1.17.2,Bandit100,19,3.51,,20,0,100,LeftinTimeOut,Right,264,264,320,0,,,
2025-11-05 21:18:41,1.17.2,Bandit100,19,3.52,,20,0,100,Left,Right,265,264,320,0,,,0.09
2025-11-05 21:19:27,1.17.2,Bandit100,19,3.52,,20,0,100,Left,Right,266,264,320,0,,,0.09
2025-11-05 21:19:28,1.17.2,Bandit100,19,3.52,,20,0,100,LeftinTimeOut,Right,266,264,320,0,,,
2025-11-05 21:20:23,1.17.2,Bandit100,19,3.51,,20,0,100,Left,Right,267,264,320,0,,,0.09
2025-11-05 21:20:24,1.17.2,Bandit100,19,3.51,,20,0,100,LeftinTimeOut,Right,267,264,320,0,,,
2025-11-05 21:20:24,1.17.2,Bandit100,19,3.51,,20,0,100,LeftinTimeOut,Right,267,264,320,0,,,
2025-11-05 21:20:51,1.17.2,Bandit100,19,3.52,,20,0,100,Left,Right,268,264,320,0,,,0.22
2025-11-05 21:21:16,1.17.2,Bandit100,19,3.51,,20,0,100,Right,Right,268,265,320,0,,,0.22
2025-11-05 21:21:18,1.17.2,Bandit100,19,3.51,1.0,20,0,100,Pellet,Right,268,265,321,0,0.71,705.0,
2025-11-05 21:21:35,1.17.2,Bandit100,19,3.51,,20,0,100,Right,Right,268,266,321,1,,,0.11
2025-11-05 21:21:36,1.17.2,Bandit100,19,3.51,1.0,20,0,100,Pellet,Right,268,266,322,1,0.59,18.0,
2025-11-05 21:21:50,1.17.2,Bandit100,19,3.52,,20,0,100,Right,Right,268,267,322,2,,,0.29
2025-11-05 21:21:51,1.17.2,Bandit100,19,3.51,2.0,20,0,100,Pellet,Right,268,267,323,2,0.41,15.0,
2025-11-05 21:22:01,1.17.2,Bandit100,19,3.5,,20,0,100,Right,Right,268,268,323,3,,,0.03
2025-11-05 21:22:06,1.17.2,Bandit100,19,3.51,2.0,20,0,100,Pellet,Right,268,268,324,3,2.21,15.0,
2025-11-05 21:22:14,1.17.2,Bandit100,19,3.52,,20,0,100,Right,Right,268,269,324,4,,,0.16
2025-11-05 21:22:15,1.17.2,Bandit100,19,3.51,1.0,20,0,100,Pellet,Right,268,269,325,4,0.53,9.0,
2025-11-05 21:22:21,1.17.2,Bandit100,19,3.51,,20,0,100,Right,Right,268,270,325,5,,,0.16
2025-11-05 21:22:23,1.17.2,Bandit100,19,3.51,1.0,20,0,100,Pellet,Right,268,270,326,5,0.89,8.0,
2025-11-05 21:22:29,1.17.2,Bandit100,19,3.52,,20,0,100,Right,Right,268,271,326,6,,,0.1
2025-11-05 21:22:30,1.17.2,Bandit100,19,3.51,1.0,20,0,100,Pellet,Right,268,271,327,6,0.71,7.0,
2025-11-05 21:22:39,1.17.2,Bandit100,19,3.49,,20,0,100,Right,Right,268,272,327,7,,,0.17
2025-11-05 21:22:41,1.17.2,Bandit100,19,3.51,1.0,20,0,100,Pellet,Right,268,272,328,7,1.97,11.0,
2025-11-05 21:22:59,1.17.2,Bandit100,19,3.51,,20,0,100,Right,Right,268,273,328,8,,,0.17
2025-11-05 21:23:00,1.17.2,Bandit100,19,3.51,1.0,20,0,100,Pellet,Right,268,273,329,8,0.53,19.0,
2025-11-05 21:23:06,1.17.2,Bandit100,19,3.51,,20,0,100,Right,Right,268,274,329,9,,,0.14
2025-11-05 21:23:08,1.17.2,Bandit100,19,3.51,2.0,20,0,100,Pellet,Right,268,274,330,9,0.47,8.0,
2025-11-05 21:23:19,1.17.2,Bandit100,19,3.49,,20,0,100,Right,Right,268,275,330,10,,,0.13
2025-11-05 21:23:24,1.17.2,Bandit100,19,3.5,2.0,20,0,100,Pellet,Right,268,275,331,10,2.09,16.0,
2025-11-05 21:23:41,1.17.2,Bandit100,19,3.51,,20,0,100,Right,Right,268,276,331,11,,,0.38
2025-11-05 21:23:43,1.17.2,Bandit100,19,3.51,1.0,20,0,100,Pellet,Right,268,276,332,11,0.77,19.0,
2025-11-05 21:23:54,1.17.2,Bandit100,19,3.5,,20,0,100,Right,Right,268,277,332,12,,,0.05
2025-11-05 21:23:55,1.17.2,Bandit100,19,3.52,1.0,20,0,100,Pellet,Right,268,277,333,12,0.71,12.0,
2025-11-05 21:24:06,1.17.2,Bandit100,19,3.51,,20,0,100,Right,Right,268,278,333,13,,,0.06
2025-11-05 21:24:08,1.17.2,Bandit100,19,3.51,1.0,20,0,100,Pellet,Right,268,278,334,13,0.65,13.0,
2025-11-05 21:24:22,1.17.2,Bandit100,19,3.52,,20,0,100,Right,Right,268,279,334,14,,,0.16
2025-11-05 21:24:23,1.17.2,Bandit100,19,3.51,1.0,20,0,100,Pellet,Right,268,279,335,14,0.47,15.0,
2025-11-05 21:24:38,1.17.2,Bandit100,19,3.51,,20,0,100,Right,Right,268,280,335,15,,,0.04
2025-11-05 21:24:39,1.17.2,Bandit100,19,3.5,1.0,20,0,100,Pellet,Right,268,280,336,15,0.47,16.0,
2025-11-05 21:27:26,1.17.2,Bandit100,19,3.52,,20,0,100,Right,Right,268,281,336,16,,,0.18
2025-11-05 21:27:28,1.17.2,Bandit100,19,3.51,1.0,20,0,100,Pellet,Right,268,281,337,16,0.95,169.0,
2025-11-05 21:27:36,1.17.2,Bandit100,19,3.51,,20,0,100,Right,Right,268,282,337,17,,,0.13
2025-11-05 21:27:40,1.17.2,Bandit100,19,3.52,,20,0,100,RightWithPellet,Right,268,283,337,17,,,0.03
2025-11-05 21:27:42,1.17.2,Bandit100,19,3.51,2.0,20,0,100,Pellet,Right,268,283,338,17,2.23,14.0,
2025-11-05 21:27:49,1.17.2,Bandit100,19,3.51,,20,0,100,Right,Right,268,284,338,18,,,0.03
2025-11-05 21:27:50,1.17.2,Bandit100,19,3.53,1.0,20,0,100,Pellet,Right,268,284,339,18,0.53,8.0,
2025-11-05 21:33:53,1.17.2,Bandit100,19,3.51,,20,0,100,Right,Right,268,285,339,19,,,0.04
2025-11-05 21:33:54,1.17.2,Bandit100,19,3.53,1.0,20,0,100,Pellet,Right,268,285,340,19,0.35,364.0,
2025-11-05 21:36:38,1.17.2,Bandit100,19,3.51,,20,100,0,Right,Left,268,286,340,0,,,0.03
2025-11-05 21:39:12,1.17.2,Bandit100,19,3.51,,20,100,0,Left,Left,269,286,340,0,,,0.04
2025-11-05 21:39:27,1.17.2,Bandit100,19,3.51,6.0,20,100,0,Pellet,Left,269,286,341,0,3.47,333.0,
2025-11-05 21:44:22,1.17.2,Bandit100,19,3.51,,20,100,0,Left,Left,270,286,341,1,,,0.08
2025-11-05 21:44:24,1.17.2,Bandit100,19,3.52,2.0,20,100,0,Pellet,Left,270,286,342,1,0.89,297.0,
2025-11-05 21:57:16,1.17.2,Bandit100,19,3.52,,20,100,0,Left,Left,271,286,342,2,,,0.07
2025-11-05 21:57:17,1.17.2,Bandit100,19,3.51,2.0,20,100,0,Pellet,Left,271,286,343,2,0.89,773.0,
2025-11-05 21:58:47,1.17.2,Bandit100,19,3.52,,20,100,0,Left,Left,272,286,343,3,,,0.02
2025-11-05 21:58:48,1.17.2,Bandit100,19,3.51,2.0,20,100,0,Pellet,Left,272,286,344,3,0.35,91.0,
2025-11-05 22:15:23,1.17.2,Bandit100,19,3.53,,20,100,0,Right,Left,272,287,344,4,,,0.1
2025-11-05 22:15:23,1.17.2,Bandit100,19,3.5,,20,100,0,RightinTimeout,Left,272,287,344,4,,,0.0
2025-11-05 22:31:43,1.17.2,Bandit100,19,3.52,,20,100,0,Right,Left,272,288,344,4,,,0.15
2025-11-05 22:33:48,1.17.2,Bandit100,19,3.51,,20,100,0,Left,Left,273,288,344,4,,,0.3
2025-11-05 22:33:50,1.17.2,Bandit100,19,3.51,2.0,20,100,0,Pellet,Left,273,288,345,4,0.47,2102.0,
2025-11-05 22:34:04,1.17.2,Bandit100,19,3.52,,20,100,0,Left,Left,274,288,345,5,,,0.06
2025-11-05 22:34:06,1.17.2,Bandit100,19,3.5,1.0,20,100,0,Pellet,Left,274,288,346,5,1.07,16.0,
2025-11-05 22:34:23,1.17.2,Bandit100,19,3.52,,20,100,0,Left,Left,275,288,346,6,,,0.17
2025-11-05 22:34:24,1.17.2,Bandit100,19,3.51,1.0,20,100,0,Pellet,Left,275,288,347,6,0.29,18.0,
2025-11-05 22:34:49,1.17.2,Bandit100,19,3.52,,20,100,0,Left,Left,276,288,347,7,,,0.17
2025-11-05 22:34:50,1.17.2,Bandit100,19,3.52,1.0,20,100,0,Pellet,Left,276,288,348,7,0.41,26.0,
2025-11-05 22:34:55,1.17.2,Bandit100,19,3.53,,20,100,0,Left,Left,277,288,348,8,,,0.05
2025-11-05 22:34:56,1.17.2,Bandit100,19,3.51,1.0,20,100,0,Pellet,Left,277,288,349,8,0.29,6.0,
2025-11-05 22:35:03,1.17.2,Bandit100,19,3.52,,20,100,0,Left,Left,278,288,349,9,,,0.09
2025-11-05 22:35:05,1.17.2,Bandit100,19,3.51,1.0,20,100,0,Pellet,Left,278,288,350,9,0.47,9.0,
2025-11-05 22:49:21,1.17.2,Bandit100,19,3.51,,20,100,0,Left,Left,279,288,350,10,,,0.11
2025-11-05 22:49:22,1.17.2,Bandit100,19,3.51,1.0,20,100,0,Pellet,Left,279,288,351,10,0.59,857.0,
2025-11-05 22:49:27,1.17.2,Bandit100,19,3.53,,20,100,0,Left,Left,280,288,351,11,,,0.05
2025-11-05 22:49:29,1.17.2,Bandit100,19,3.51,2.0,20,100,0,Pellet,Left,280,288,352,11,0.47,7.0,
2025-11-05 22:49:41,1.17.2,Bandit100,19,3.52,,20,100,0,Left,Left,281,288,352,12,,,0.14
2025-11-05 22:49:42,1.17.2,Bandit100,19,3.52,2.0,20,100,0,Pellet,Left,281,288,353,12,0.47,13.0,
2025-11-05 22:49:50,1.17.2,Bandit100,19,3.52,,20,100,0,Left,Left,282,288,353,13,,,0.26
2025-11-05 22:49:51,1.17.2,Bandit100,19,3.51,1.0,20,100,0,Pellet,Left,282,288,354,13,0.41,9.0,
2025-11-05 22:50:08,1.17.2,Bandit100,19,3.5,,20,100,0,Left,Left,283,288,354,14,,,0.18
2025-11-05 22:50:10,1.17.2,Bandit100,19,3.49,1.0,20,100,0,Pellet,Left,283,288,355,14,1.31,19.0,
2025-11-05 22:50:19,1.17.2,Bandit100,19,3.5,,20,100,0,Left,Left,284,288,355,15,,,0.09
2025-11-05 22:50:21,1.17.2,Bandit100,19,3.5,1.0,20,100,0,Pellet,Left,284,288,356,15,0.41,11.0,
2025-11-05 22:50:42,1.17.2,Bandit100,19,3.5,,20,100,0,Left,Left,285,288,356,16,,,0.1
2025-11-05 22:50:43,1.17.2,Bandit100,19,3.51,1.0,20,100,0,Pellet,Left,285,288,357,16,0.53,22.0,
2025-11-06 00:26:55,1.17.2,Bandit100,19,3.51,,20,100,0,Left,Left,286,288,357,17,,,0.18
2025-11-06 00:26:56,1.17.2,Bandit100,19,3.49,1.0,20,100,0,Pellet,Left,286,288,358,17,0.59,5773.0,
2025-11-06 00:29:04,1.17.2,Bandit100,19,3.52,,20,100,0,Right,Left,286,289,358,18,,,0.02
2025-11-06 00:29:26,1.17.2,Bandit100,19,3.51,,20,100,0,Right,Left,286,290,358,18,,,0.23
2025-11-06 00:29:29,1.17.2,Bandit100,19,3.51,,20,100,0,RightinTimeout,Left,286,290,358,18,,,0.0
2025-11-06 00:29:29,1.17.2,Bandit100,19,3.51,,20,100,0,RightinTimeout,Left,286,290,358,18,,,0.0
2025-11-06 00:33:38,1.17.2,Bandit100,19,3.51,,20,100,0,Left,Left,287,290,358,18,,,0.17
2025-11-06 00:33:39,1.17.2,Bandit100,19,3.51,1.0,20,100,0,Pellet,Left,287,290,359,18,0.35,403.0,
2025-11-06 00:34:35,1.17.2,Bandit100,19,3.51,,20,100,0,Left,Left,288,290,359,19,,,0.0
2025-11-06 00:34:36,1.17.2,Bandit100,19,3.51,1.0,20,100,0,Pellet,Left,288,290,360,19,0.29,57.0,
2025-11-06 00:34:44,1.17.2,Bandit100,19,3.51,,20,0,100,Left,Right,289,290,360,0,,,0.07
2025-11-06 00:34:46,1.17.2,Bandit100,19,3.51,,20,0,100,LeftinTimeOut,Right,289,290,360,0,,,
2025-11-06 00:34:51,1.17.2,Bandit100,19,3.51,,20,0,100,LeftinTimeOut,Right,289,290,360,0,,,
2025-11-06 00:34:53,1.17.2,Bandit100,19,3.51,,20,0,100,LeftinTimeOut,Right,289,290,360,0,,,
2025-11-06 00:40:09,1.17.2,Bandit100,19,3.51,,20,0,100,Left,Right,290,290,360,0,,,0.03
2025-11-06 00:40:10,1.17.2,Bandit100,19,3.51,,20,0,100,LeftinTimeOut,Right,290,290,360,0,,,
2025-11-06 00:40:10,1.17.2,Bandit100,19,3.51,,20,0,100,LeftinTimeOut,Right,290,290,360,0,,,
2025-11-06 00:56:17,1.17.2,Bandit100,19,3.51,,20,0,100,Right,Right,290,291,360,0,,,0.28
2025-11-06 00:56:18,1.17.2,Bandit100,19,3.5,2.0,20,0,100,Pellet,Right,290,291,361,0,0.95,1302.0,
2025-11-06 00:56:38,1.17.2,Bandit100,19,3.51,,20,0,100,Right,Right,290,292,361,1,,,0.14
2025-11-06 00:56:39,1.17.2,Bandit100,19,3.5,1.0,20,0,100,Pellet,Right,290,292,362,1,0.77,21.0,
2025-11-06 00:56:57,1.17.2,Bandit100,19,3.51,,20,0,100,Right,Right,290,293,362,2,,,0.0
2025-11-06 00:57:01,1.17.2,Bandit100,19,3.51,1.0,20,0,100,Pellet,Right,290,293,363,2,2.69,22.0,
2025-11-06 00:57:07,1.17.2,Bandit100,19,3.51,,20,0,100,Right,Right,290,294,363,3,,,0.16
2025-11-06 00:57:08,1.17.2,Bandit100,19,3.51,1.0,20,0,100,Pellet,Right,290,294,364,3,0.35,7.0,
2025-11-06 00:57:27,1.17.2,Bandit100,19,3.51,,20,0,100,Right,Right,290,295,364,4,,,0.0
2025-11-06 00:57:28,1.17.2,Bandit100,19,3.5,2.0,20,0,100,Pellet,Right,290,295,365,4,0.65,20.0,
2025-11-06 00:57:36,1.17.2,Bandit100,19,3.51,,20,0,100,Right,Right,290,296,365,5,,,0.03
2025-11-06 00:57:37,1.17.2,Bandit100,19,3.5,1.0,20,0,100,Pellet,Right,290,296,366,5,0.41,9.0,
2025-11-06 00:57:58,1.17.2,Bandit100,19,3.51,,20,0,100,Right,Right,290,297,366,6,,,0.02
2025-11-06 00:58:00,1.17.2,Bandit100,19,3.5,1.0,20,0,100,Pellet,Right,290,297,367,6,0.59,23.0,
2025-11-06 00:58:11,1.17.2,Bandit100,19,3.51,,20,0,100,Right,Right,290,298,367,7,,,0.15
2025-11-06 00:58:12,1.17.2,Bandit100,19,3.5,1.0,20,0,100,Pellet,Right,290,298,368,7,0.35,12.0,
2025-11-06 00:58:30,1.17.2,Bandit100,19,3.51,,20,0,100,Right,Right,290,299,368,8,,,0.0
2025-11-06 00:58:32,1.17.2,Bandit100,19,3.49,1.0,20,0,100,Pellet,Right,290,299,369,8,0.41,20.0,
2025-11-06 01:00:56,1.17.2,Bandit100,19,3.51,,20,0,100,Left,Right,291,299,369,9,,,0.16
2025-11-06 02:12:18,1.17.2,Bandit100,19,3.52,,20,0,100,Left,Right,292,299,369,9,,,0.09
2025-11-06 02:13:04,1.17.2,Bandit100,19,3.49,,20,0,100,Right,Right,292,300,369,9,,,0.03
2025-11-06 02:13:06,1.17.2,Bandit100,19,3.49,1.0,20,0,100,Pellet,Right,292,300,370,9,1.07,4474.0,
2025-11-06 02:16:56,1.17.2,Bandit100,19,3.49,,20,0,100,Right,Right,292,301,370,10,,,0.08
2025-11-06 02:16:57,1.17.2,Bandit100,19,3.49,1.0,20,0,100,Pellet,Right,292,301,371,10,0.83,231.0,
2025-11-06 03:07:23,1.17.2,Bandit100,19,3.49,,20,0,100,Right,Right,292,302,371,11,,,0.17
2025-11-06 03:07:24,1.17.2,Bandit100,19,3.48,1.0,20,0,100,Pellet,Right,292,302,372,11,0.65,3027.0,
2025-11-06 03:08:05,1.17.2,Bandit100,19,3.48,,20,0,100,Right,Right,292,303,372,12,,,0.17
2025-11-06 03:08:06,1.17.2,Bandit100,19,3.49,1.0,20,0,100,Pellet,Right,292,303,373,12,0.65,42.0,
2025-11-06 03:31:28,1.17.2,Bandit100,19,3.48,,20,0,100,Left,Right,293,303,373,13,,,0.08
2025-11-06 03:31:29,1.17.2,Bandit100,19,3.49,,20,0,100,LeftinTimeOut,Right,293,303,373,13,,,
2025-11-06 03:32:24,1.17.2,Bandit100,19,3.49,,20,0,100,Left,Right,294,303,373,13,,,0.09
2025-11-06 03:53:11,1.17.2,Bandit100,19,3.48,,20,0,100,Left,Right,295,303,373,13,,,0.05
2025-11-06 04:07:30,1.17.2,Bandit100,19,3.49,,20,0,100,Left,Right,296,303,373,13,,,0.15
2025-11-06 04:14:13,1.17.2,Bandit100,19,3.48,,20,0,100,Right,Right,296,304,373,13,,,0.05
2025-11-06 04:14:14,1.17.2,Bandit100,19,3.49,1.0,20,0,100,Pellet,Right,296,304,374,13,0.59,3968.0,
2025-11-06 04:15:53,1.17.2,Bandit100,19,3.51,,20,0,100,Left,Right,297,304,374,14,,,0.09
2025-11-06 04:16:22,1.17.2,Bandit100,19,3.48,,20,0,100,Left,Right,298,304,374,14,,,0.15
2025-11-06 04:16:23,1.17.2,Bandit100,19,3.48,,20,0,100,LeftinTimeOut,Right,298,304,374,14,,,
2025-11-06 04:16:27,1.17.2,Bandit100,19,3.49,,20,0,100,LeftinTimeOut,Right,298,304,374,14,,,
2025-11-06 04:16:29,1.17.2,Bandit100,19,3.48,,20,0,100,LeftinTimeOut,Right,298,304,374,14,,,
2025-11-06 04:16:31,1.17.2,Bandit100,19,3.47,,20,0,100,LeftinTimeOut,Right,298,304,374,14,,,
2025-11-06 04:16:32,1.17.2,Bandit100,19,3.49,,20,0,100,LeftinTimeOut,Right,298,304,374,14,,,
2025-11-06 04:19:33,1.17.2,Bandit100,19,3.49,,20,0,100,Right,Right,298,305,374,14,,,0.41
2025-11-06 04:19:34,1.17.2,Bandit100,19,3.49,1.0,20,0,100,Pellet,Right,298,305,375,14,0.41,320.0,
2025-11-06 04:20:18,1.17.2,Bandit100,19,3.49,,20,0,100,Right,Right,298,306,375,15,,,0.16
2025-11-06 04:20:19,1.17.2,Bandit100,19,3.47,2.0,20,0,100,Pellet,Right,298,306,376,15,0.47,45.0,
2025-11-06 04:20:36,1.17.2,Bandit100,19,3.48,,20,0,100,Right,Right,298,307,376,16,,,0.1
2025-11-06 04:20:38,1.17.2,Bandit100,19,3.49,2.0,20,0,100,Pellet,Right,298,307,377,16,0.59,19.0,
2025-11-06 04:20:54,1.17.2,Bandit100,19,3.49,,20,0,100,Right,Right,298,308,377,17,,,0.05
2025-11-06 04:20:56,1.17.2,Bandit100,19,3.49,2.0,20,0,100,Pellet,Right,298,308,378,17,0.53,18.0,
2025-11-06 04:21:24,1.17.2,Bandit100,19,3.49,,20,0,100,Right,Right,298,309,378,18,,,0.12
2025-11-06 04:21:26,1.17.2,Bandit100,19,3.48,1.0,20,0,100,Pellet,Right,298,309,379,18,1.61,30.0,
2025-11-06 04:21:33,1.17.2,Bandit100,19,3.48,,20,0,100,Right,Right,298,310,379,19,,,0.24
2025-11-06 04:21:34,1.17.2,Bandit100,19,3.49,1.0,20,0,100,Pellet,Right,298,310,380,19,0.71,8.0,
2025-11-06 04:23:23,1.17.2,Bandit100,19,3.48,,20,100,0,Right,Left,298,311,380,0,,,0.04
2025-11-06 04:25:37,1.17.2,Bandit100,19,3.49,,20,100,0,Right,Left,298,312,380,0,,,0.12
2025-11-06 04:25:38,1.17.2,Bandit100,19,3.5,,20,100,0,RightinTimeout,Left,298,312,380,0,,,0.0
2025-11-06 04:25:38,1.17.2,Bandit100,19,3.49,,20,100,0,RightinTimeout,Left,298,312,380,0,,,0.0
2025-11-06 04:27:29,1.17.2,Bandit100,19,3.49,,20,100,0,Left,Left,299,312,380,0,,,0.03
2025-11-06 04:27:31,1.17.2,Bandit100,19,3.48,1.0,20,100,0,Pellet,Left,299,312,381,0,0.77,357.0,
2025-11-06 04:27:48,1.17.2,Bandit100,19,3.49,,20,100,0,Left,Left,300,312,381,1,,,0.1
2025-11-06 04:27:50,1.17.2,Bandit100,19,3.47,1.0,20,100,0,Pellet,Left,300,312,382,1,0.71,19.0,
2025-11-06 04:28:06,1.17.2,Bandit100,19,3.49,,20,100,0,Left,Left,301,312,382,2,,,0.16
2025-11-06 04:28:07,1.17.2,Bandit100,19,3.49,1.0,20,100,0,Pellet,Left,301,312,383,2,0.47,17.0,
2025-11-06 04:28:12,1.17.2,Bandit100,19,3.49,,20,100,0,Left,Left,302,312,383,3,,,0.1
2025-11-06 04:28:16,1.17.2,Bandit100,19,3.49,3.0,20,100,0,Pellet,Left,302,312,384,3,0.23,9.0,
2025-11-06 04:28:39,1.17.2,Bandit100,19,3.49,,20,100,0,Left,Left,303,312,384,4,,,0.27
2025-11-06 04:28:40,1.17.2,Bandit100,19,3.49,1.0,20,100,0,Pellet,Left,303,312,385,4,0.77,24.0,
2025-11-06 04:28:51,1.17.2,Bandit100,19,3.48,,20,100,0,Left,Left,304,312,385,5,,,0.17
2025-11-06 04:28:52,1.17.2,Bandit100,19,3.49,1.0,20,100,0,Pellet,Left,304,312,386,5,0.53,12.0,
2025-11-06 04:29:11,1.17.2,Bandit100,19,3.49,,20,100,0,Left,Left,305,312,386,6,,,0.14
2025-11-06 04:29:13,1.17.2,Bandit100,19,3.49,1.0,20,100,0,Pellet,Left,305,312,387,6,0.47,21.0,
2025-11-06 04:29:36,1.17.2,Bandit100,19,3.47,,20,100,0,Left,Left,306,312,387,7,,,0.04
2025-11-06 04:29:37,1.17.2,Bandit100,19,3.49,1.0,20,100,0,Pellet,Left,306,312,388,7,0.35,24.0,
2025-11-06 04:29:53,1.17.2,Bandit100,19,3.48,,20,100,0,Left,Left,307,312,388,8,,,0.16
2025-11-06 04:29:54,1.17.2,Bandit100,19,3.48,1.0,20,100,0,Pellet,Left,307,312,389,8,0.41,17.0,
2025-11-06 04:30:26,1.17.2,Bandit100,19,3.49,,20,100,0,Left,Left,308,312,389,9,,,0.18
2025-11-06 04:30:27,1.17.2,Bandit100,19,3.48,1.0,20,100,0,Pellet,Left,308,312,390,9,0.29,33.0,
2025-11-06 04:30:52,1.17.2,Bandit100,19,3.48,,20,100,0,Left,Left,309,312,390,10,,,0.06
2025-11-06 04:30:53,1.17.2,Bandit100,19,3.49,1.0,20,100,0,Pellet,Left,309,312,391,10,0.35,26.0,
2025-11-06 04:31:14,1.17.2,Bandit100,19,3.49,,20,100,0,Left,Left,310,312,391,11,,,0.27
2025-11-06 04:31:16,1.17.2,Bandit100,19,3.49,1.0,20,100,0,Pellet,Left,310,312,392,11,0.47,23.0,
2025-11-06 04:31:31,1.17.2,Bandit100,19,3.48,,20,100,0,Left,Left,311,312,392,12,,,0.15
2025-11-06 04:31:32,1.17.2,Bandit100,19,3.47,2.0,20,100,0,Pellet,Left,311,312,393,12,0.17,16.0,
2025-11-06 04:31:39,1.17.2,Bandit100,19,3.48,,20,100,0,Left,Left,312,312,393,13,,,0.1
2025-11-06 04:31:40,1.17.2,Bandit100,19,3.49,1.0,20,100,0,Pellet,Left,312,312,394,13,0.41,8.0,
2025-11-06 04:34:09,1.17.2,Bandit100,19,3.48,,20,100,0,Right,Left,312,313,394,14,,,0.26
2025-11-06 05:00:34,1.17.2,Bandit100,19,3.49,,20,100,0,Right,Left,312,314,394,14,,,0.14
2025-11-06 05:01:10,1.17.2,Bandit100,19,3.49,,20,100,0,Left,Left,313,314,394,14,,,0.05
2025-11-06 05:01:11,1.17.2,Bandit100,19,3.49,1.0,20,100,0,Pellet,Left,313,314,395,14,0.41,1771.0,
2025-11-06 05:01:25,1.17.2,Bandit100,19,3.49,,20,100,0,Left,Left,314,314,395,15,,,0.05
2025-11-06 05:01:26,1.17.2,Bandit100,19,3.49,1.0,20,100,0,Pellet,Left,314,314,396,15,0.65,15.0,
2025-11-06 05:01:33,1.17.2,Bandit100,19,3.49,,20,100,0,Left,Left,315,314,396,16,,,0.12
2025-11-06 05:01:34,1.17.2,Bandit100,19,3.49,1.0,20,100,0,Pellet,Left,315,314,397,16,0.23,8.0,
2025-11-06 05:03:05,1.17.2,Bandit100,19,3.49,,20,100,0,Left,Left,316,314,397,17,,,0.0
2025-11-06 05:03:06,1.17.2,Bandit100,19,3.49,2.0,20,100,0,Pellet,Left,316,314,398,17,0.35,92.0,
2025-11-06 05:03:58,1.17.2,Bandit100,19,3.49,,20,100,0,Left,Left,317,314,398,18,,,0.12
2025-11-06 05:04:03,1.17.2,Bandit100,19,3.49,3.0,20,100,0,Pellet,Left,317,314,399,18,0.12,57.0,
2025-11-06 05:04:22,1.17.2,Bandit100,19,3.49,,20,100,0,Left,Left,318,314,399,19,,,0.1
2025-11-06 05:04:23,1.17.2,Bandit100,19,3.47,1.0,20,100,0,Pellet,Left,318,314,400,19,0.35,20.0,
2025-11-06 05:04:48,1.17.2,Bandit100,19,3.49,,20,0,100,Right,Right,318,315,400,0,,,0.06
2025-11-06 05:04:50,1.17.2,Bandit100,19,3.49,1.0,20,0,100,Pellet,Right,318,315,401,0,1.01,27.0,
2025-11-06 05:04:58,1.17.2,Bandit100,19,3.49,,20,0,100,Right,Right,318,316,401,1,,,0.13
2025-11-06 05:04:59,1.17.2,Bandit100,19,3.49,1.0,20,0,100,Pellet,Right,318,316,402,1,0.35,9.0,
2025-11-06 05:10:25,1.17.2,Bandit100,19,3.49,,20,0,100,Right,Right,318,317,402,2,,,0.07
2025-11-06 05:10:27,1.17.2,Bandit100,19,3.49,1.0,20,0,100,Pellet,Right,318,317,403,2,0.77,327.0,
2025-11-06 05:10:45,1.17.2,Bandit100,19,3.49,,20,0,100,Right,Right,318,318,403,3,,,0.18
2025-11-06 05:10:46,1.17.2,Bandit100,19,3.49,1.0,20,0,100,Pellet,Right,318,318,404,3,1.07,20.0,
2025-11-06 05:10:56,1.17.2,Bandit100,19,3.48,,20,0,100,Right,Right,318,319,404,4,,,0.02
2025-11-06 05:10:57,1.17.2,Bandit100,19,3.49,1.0,20,0,100,Pellet,Right,318,319,405,4,0.71,11.0,
2025-11-06 05:12:29,1.17.2,Bandit100,19,3.47,,20,0,100,Left,Right,319,319,405,5,,,0.09
2025-11-06 05:20:01,1.17.2,Bandit100,19,3.49,,20,0,100,Left,Right,320,319,405,5,,,0.19
2025-11-06 05:23:08,1.17.2,Bandit100,19,3.49,,20,0,100,Left,Right,321,319,405,5,,,0.07
2025-11-06 05:31:58,1.17.2,Bandit100,19,3.47,,20,0,100,Left,Right,322,319,405,5,,,0.15
2025-11-06 05:42:28,1.17.2,Bandit100,19,3.48,,20,0,100,Left,Right,323,319,405,5,,,0.06
2025-11-06 05:45:09,1.17.2,Bandit100,19,3.47,,20,0,100,Left,Right,324,319,405,5,,,0.03
2025-11-06 05:45:09,1.17.2,Bandit100,19,3.47,,20,0,100,LeftinTimeOut,Right,324,319,405,5,,,
2025-11-06 05:49:31,1.17.2,Bandit100,19,3.47,,20,0,100,Left,Right,325,319,405,5,,,0.18
2025-11-06 05:49:35,1.17.2,Bandit100,19,3.47,,20,0,100,LeftinTimeOut,Right,325,319,405,5,,,
2025-11-06 06:46:15,1.17.2,Bandit100,19,3.47,,20,0,100,Left,Right,326,319,405,5,,,0.0
2025-11-06 06:46:15,1.17.2,Bandit100,19,3.47,,20,0,100,LeftinTimeOut,Right,326,319,405,5,,,
2025-11-06 06:46:17,1.17.2,Bandit100,19,3.47,,20,0,100,LeftinTimeOut,Right,326,319,405,5,,,
2025-11-06 06:47:23,1.17.2,Bandit100,19,3.47,,20,0,100,Left,Right,327,319,405,5,,,0.04
2025-11-06 06:48:16,1.17.2,Bandit100,19,3.47,,20,0,100,Left,Right,328,319,405,5,,,0.52
2025-11-06 06:51:35,1.17.2,Bandit100,19,3.47,,20,0,100,Left,Right,329,319,405,5,,,0.31
2025-11-06 06:51:37,1.17.2,Bandit100,19,3.47,,20,0,100,LeftinTimeOut,Right,329,319,405,5,,,
2025-11-06 06:51:37,1.17.2,Bandit100,19,3.47,,20,0,100,LeftinTimeOut,Right,329,319,405,5,,,
2025-11-06 06:51:38,1.17.2,Bandit100,19,3.47,,20,0,100,LeftinTimeOut,Right,329,319,405,5,,,
2025-11-06 06:51:39,1.17.2,Bandit100,19,3.47,,20,0,100,LeftinTimeOut,Right,329,319,405,5,,,
2025-11-06 06:56:57,1.17.2,Bandit100,19,3.47,,20,0,100,Left,Right,330,319,405,5,,,0.36
2025-11-06 06:56:58,1.17.2,Bandit100,19,3.47,,20,0,100,LeftinTimeOut,Right,330,319,405,5,,,
2025-11-06 08:42:22,1.17.2,Bandit100,19,3.47,,20,0,100,Left,Right,331,319,405,5,,,0.06
2025-11-06 08:46:54,1.17.2,Bandit100,19,3.47,,20,0,100,Left,Right,332,319,405,5,,,0.07
2025-11-06 08:48:12,1.17.2,Bandit100,19,3.47,,20,0,100,Left,Right,333,319,405,5,,,0.05
2025-11-06 08:48:12,1.17.2,Bandit100,19,3.47,,20,0,100,LeftinTimeOut,Right,333,319,405,5,,,
2025-11-06 08:48:13,1.17.2,Bandit100,19,3.47,,20,0,100,LeftinTimeOut,Right,333,319,405,5,,,
2025-11-06 08:48:17,1.17.2,Bandit100,19,3.47,,20,0,100,LeftinTimeOut,Right,333,319,405,5,,,
2025-11-06 08:48:39,1.17.2,Bandit100,19,3.47,,20,0,100,Left,Right,334,319,405,5,,,0.27
2025-11-06 08:48:40,1.17.2,Bandit100,19,3.47,,20,0,100,LeftinTimeOut,Right,334,319,405,5,,,
2025-11-06 09:48:28,1.17.2,Bandit100,19,3.47,,20,0,100,Left,Right,335,319,405,5,,,0.05
2025-11-06 10:54:48,1.17.2,Bandit100,19,3.47,,20,0,100,Left,Right,336,319,405,5,,,0.6
2025-11-06 10:54:48,1.17.2,Bandit100,19,3.47,,20,0,100,LeftinTimeOut,Right,336,319,405,5,,,
2025-11-06 10:54:49,1.17.2,Bandit100,19,3.47,,20,0,100,LeftinTimeOut,Right,336,319,405,5,,,
2025-11-06 10:55:47,1.17.2,Bandit100,19,3.47,,20,0,100,Right,Right,336,320,405,5,,,0.29
2025-11-06 10:55:48,1.17.2,Bandit100,19,3.47,1.0,20,0,100,Pellet,Right,336,320,406,5,0.65,20691.0,
2025-11-06 10:56:03,1.17.2,Bandit100,19,3.47,,20,0,100,Right,Right,336,321,406,6,,,0.42
2025-11-06 10:56:05,1.17.2,Bandit100,19,3.47,2.0,20,0,100,Pellet,Right,336,321,407,6,1.55,17.0,
2025-11-06 10:56:33,1.17.2,Bandit100,19,3.49,,20,0,100,Right,Right,336,322,407,7,,,0.28
2025-11-06 10:56:34,1.17.2,Bandit100,19,3.49,2.0,20,0,100,Pellet,Right,336,322,408,7,0.35,29.0,
2025-11-06 10:57:21,1.17.2,Bandit100,19,3.49,,20,0,100,Right,Right,336,323,408,8,,,0.2
2025-11-06 10:57:22,1.17.2,Bandit100,19,3.49,2.0,20,0,100,Pellet,Right,336,323,409,8,0.41,48.0,
2025-11-06 10:57:39,1.17.2,Bandit100,19,3.49,,20,0,100,Right,Right,336,324,409,9,,,0.03
2025-11-06 10:57:44,1.17.2,Bandit100,19,3.47,2.0,20,0,100,Pellet,Right,336,324,410,9,1.73,22.0,
2025-11-06 10:59:16,1.17.2,Bandit100,19,3.48,,20,0,100,Left,Right,337,324,410,10,,,0.19
2025-11-06 11:12:32,1.17.2,Bandit100,19,3.47,,20,0,100,Right,Right,337,325,410,10,,,0.15
2025-11-06 11:12:34,1.17.2,Bandit100,19,3.47,1.0,20,0,100,Pellet,Right,337,325,411,10,0.83,890.0,
2025-11-06 11:13:04,1.17.2,Bandit100,19,3.47,,20,0,100,Right,Right,337,326,411,11,,,0.17
2025-11-06 11:13:05,1.17.2,Bandit100,19,3.47,1.0,20,0,100,Pellet,Right,337,326,412,11,0.47,31.0,
2025-11-06 11:17:44,1.17.2,Bandit100,19,3.47,,20,0,100,Left,Right,338,326,412,12,,,0.22
2025-11-06 11:21:50,1.17.2,Bandit100,19,3.47,,20,0,100,Left,Right,339,326,412,12,,,0.15
2025-11-06 12:46:34,1.17.2,Bandit100,19,3.47,,20,0,100,Right,Right,339,327,412,12,,,0.06
2025-11-06 12:46:35,1.17.2,Bandit100,19,3.47,1.0,20,0,100,Pellet,Right,339,327,413,12,0.59,5610.0,
2025-11-06 14:36:01,1.17.2,Bandit100,19,3.47,,20,0,100,Right,Right,339,328,413,13,,,0.06
2025-11-06 14:36:02,1.17.2,Bandit100,19,3.47,2.0,20,0,100,Pellet,Right,339,328,414,13,0.89,6567.0,
2025-11-06 14:36:18,1.17.2,Bandit100,19,3.47,,20,0,100,Right,Right,339,329,414,14,,,0.27
2025-11-06 14:36:19,1.17.2,Bandit100,19,3.47,2.0,20,0,100,Pellet,Right,339,329,415,14,0.47,17.0,
2025-11-06 14:36:33,1.17.2,Bandit100,19,3.47,,20,0,100,Left,Right,340,329,415,15,,,0.14
2025-11-06 14:36:35,1.17.2,Bandit100,19,3.47,,20,0,100,RightinTimeout,Right,340,329,415,15,,,0.0
