MM:DD:YYYY hh:mm:ss,Library_Version,Session_Type,Device_Number,Battery_Voltage,Motor_Turns,PelletsToSwitch,Prob_left,Prob_right,Event,High_prob_poke,Left_Poke_Count,Right_Poke_Count,Pellet_Count,Block_Pellet_Count,Retrieval_Time,InterPelletInterval,Poke_Time
2025-11-03 18:27:21,1.17.2,Bandit100,15,4.13,,20,0,100,Right,Right,0,1,0,0,,,0.35
2025-11-03 18:37:57,1.17.2,Bandit100,15,4.13,3.0,20,0,100,Pellet,Right,0,1,1,0,,,
2025-11-03 18:38:17,1.17.2,Bandit100,15,4.13,,20,0,100,Right,Right,0,2,1,1,,,0.52
2025-11-03 18:38:40,1.17.2,Bandit100,15,4.13,2.0,20,0,100,Pellet,Right,0,2,2,1,20.91,43.0,
2025-11-03 18:38:55,1.17.2,Bandit100,15,4.13,,20,0,100,Right,Right,0,3,2,2,,,0.47
2025-11-03 18:39:08,1.17.2,Bandit100,15,4.12,1.0,20,0,100,Pellet,Right,0,3,3,2,12.21,28.0,
2025-11-03 18:39:46,1.17.2,Bandit100,15,4.13,,20,0,100,Left,Right,1,3,3,3,,,0.08
2025-11-03 18:42:04,1.17.2,Bandit100,15,4.13,,20,0,100,Right,Right,1,4,3,3,,,0.02
2025-11-03 18:42:05,1.17.2,Bandit100,15,4.12,,20,0,100,RightDuringDispense,Right,1,4,3,3,,,0.07
2025-11-03 18:42:27,1.17.2,Bandit100,15,4.13,2.0,20,0,100,Pellet,Right,1,4,4,3,19.65,199.0,
2025-11-03 18:42:48,1.17.2,Bandit100,15,4.13,,20,0,100,Right,Right,1,5,4,4,,,0.06
2025-11-03 18:43:10,1.17.2,Bandit100,15,4.13,1.0,20,0,100,Pellet,Right,1,5,5,4,21.69,43.0,
2025-11-03 18:47:55,1.17.2,Bandit100,15,4.13,,20,0,100,Right,Right,1,6,5,5,,,0.09
2025-11-03 18:47:58,1.17.2,Bandit100,15,4.13,1.0,20,0,100,Pellet,Right,1,6,6,5,1.67,288.0,
2025-11-03 18:56:29,1.17.2,Bandit100,15,4.11,,20,0,100,Right,Right,1,7,6,6,,,0.14
2025-11-03 18:56:34,1.17.2,Bandit100,15,4.12,1.0,20,0,100,Pellet,Right,1,7,7,6,4.36,516.0,
2025-11-03 18:58:15,1.17.2,Bandit100,15,4.13,,20,0,100,Left,Right,2,7,7,7,,,0.34
2025-11-03 18:59:59,1.17.2,Bandit100,15,4.13,,20,0,100,Right,Right,2,8,7,7,,,0.03
2025-11-03 19:00:00,1.17.2,Bandit100,15,4.12,1.0,20,0,100,Pellet,Right,2,8,8,7,0.06,206.0,
2025-11-03 19:00:38,1.17.2,Bandit100,15,4.13,,20,0,100,Left,Right,3,8,8,8,,,0.02
2025-11-03 19:00:45,1.17.2,Bandit100,15,4.13,,20,0,100,RightinTimeout,Right,3,8,8,8,,,0.0
2025-11-03 19:00:45,1.17.2,Bandit100,15,4.13,,20,0,100,RightinTimeout,Right,3,8,8,8,,,0.0
2025-11-03 19:05:09,1.17.2,Bandit100,15,4.13,,20,0,100,Right,Right,3,9,8,8,,,0.06
2025-11-03 19:05:17,1.17.2,Bandit100,15,4.13,1.0,20,0,100,Pellet,Right,3,9,9,8,7.78,317.0,
2025-11-03 19:05:43,1.17.2,Bandit100,15,4.12,,20,0,100,Left,Right,4,9,9,9,,,0.06
2025-11-03 19:16:02,1.17.2,Bandit100,15,4.12,,20,0,100,Left,Right,5,9,9,9,,,0.16
2025-11-03 19:28:33,1.17.2,Bandit100,15,4.12,,20,0,100,Right,Right,5,10,9,9,,,0.75
2025-11-03 19:28:35,1.17.2,Bandit100,15,4.12,1.0,20,0,100,Pellet,Right,5,10,10,9,0.77,1398.0,
2025-11-03 19:29:02,1.17.2,Bandit100,15,4.12,,20,0,100,Left,Right,6,10,10,10,,,0.22
2025-11-03 19:43:37,1.17.2,Bandit100,15,4.12,,20,0,100,Left,Right,7,10,10,10,,,0.28
2025-11-03 19:54:39,1.17.2,Bandit100,15,4.12,,20,0,100,Right,Right,7,11,10,10,,,0.11
2025-11-03 19:54:40,1.17.2,Bandit100,15,4.12,1.0,20,0,100,Pellet,Right,7,11,11,10,0.06,1565.0,
2025-11-03 19:54:41,1.17.2,Bandit100,15,4.13,,20,0,100,Right,Right,7,12,11,11,,,0.01
2025-11-03 19:54:44,1.17.2,Bandit100,15,4.12,1.0,20,0,100,Pellet,Right,7,12,12,11,1.96,4.0,
2025-11-03 19:56:09,1.17.2,Bandit100,15,4.12,,20,0,100,Left,Right,8,12,12,12,,,0.06
2025-11-03 20:17:29,1.17.2,Bandit100,15,4.12,,20,0,100,Right,Right,8,13,12,12,,,0.01
2025-11-03 20:17:30,1.17.2,Bandit100,15,4.12,1.0,20,0,100,Pellet,Right,8,13,13,12,0.06,1366.0,
2025-11-03 20:17:31,1.17.2,Bandit100,15,4.12,,20,0,100,Right,Right,8,14,13,13,,,0.58
2025-11-03 20:17:33,1.17.2,Bandit100,15,4.13,1.0,20,0,100,Pellet,Right,8,14,14,13,1.37,3.0,
2025-11-03 20:18:47,1.17.2,Bandit100,15,4.12,,20,0,100,Left,Right,9,14,14,14,,,0.03
2025-11-03 20:19:17,1.17.2,Bandit100,15,4.12,,20,0,100,Right,Right,9,15,14,14,,,0.38
2025-11-03 20:19:19,1.17.2,Bandit100,15,4.11,1.0,20,0,100,Pellet,Right,9,15,15,14,1.84,106.0,
2025-11-03 20:20:29,1.17.2,Bandit100,15,4.12,,20,0,100,Right,Right,9,16,15,15,,,0.05
2025-11-03 20:20:29,1.17.2,Bandit100,15,4.12,,20,0,100,RightDuringDispense,Right,9,16,15,15,,,0.04
2025-11-03 20:20:35,1.17.2,Bandit100,15,4.12,2.0,20,0,100,Pellet,Right,9,16,16,15,3.05,76.0,
2025-11-03 20:23:54,1.17.2,Bandit100,15,4.12,,20,0,100,Right,Right,9,17,16,16,,,0.02
2025-11-03 20:23:56,1.17.2,Bandit100,15,4.12,1.0,20,0,100,Pellet,Right,9,17,17,16,1.67,201.0,
2025-11-03 20:24:23,1.17.2,Bandit100,15,4.12,,20,0,100,Right,Right,9,18,17,17,,,0.04
2025-11-03 20:24:27,1.17.2,Bandit100,15,4.12,2.0,20,0,100,Pellet,Right,9,18,18,17,1.13,31.0,
2025-11-03 20:25:22,1.17.2,Bandit100,15,4.12,,20,0,100,Left,Right,10,18,18,18,,,0.0
2025-11-03 20:25:32,1.17.2,Bandit100,15,4.12,,20,0,100,RightinTimeout,Right,10,18,18,18,,,0.0
2025-11-03 20:25:40,1.17.2,Bandit100,15,4.12,,20,0,100,RightinTimeout,Right,10,18,18,18,,,0.0
2025-11-03 20:25:40,1.17.2,Bandit100,15,4.12,,20,0,100,RightinTimeout,Right,10,18,18,18,,,0.0
2025-11-03 20:25:41,1.17.2,Bandit100,15,4.12,,20,0,100,RightinTimeout,Right,10,18,18,18,,,0.0
2025-11-03 20:25:41,1.17.2,Bandit100,15,4.12,,20,0,100,RightinTimeout,Right,10,18,18,18,,,0.0
2025-11-03 20:25:41,1.17.2,Bandit100,15,4.12,,20,0,100,RightinTimeout,Right,10,18,18,18,,,0.0
2025-11-03 20:25:42,1.17.2,Bandit100,15,4.12,,20,0,100,RightinTimeout,Right,10,18,18,18,,,0.0
2025-11-03 20:25:43,1.17.2,Bandit100,15,4.12,,20,0,100,RightinTimeout,Right,10,18,18,18,,,0.0
2025-11-03 20:25:50,1.17.2,Bandit100,15,4.12,,20,0,100,RightinTimeout,Right,10,18,18,18,,,0.0
2025-11-03 20:25:50,1.17.2,Bandit100,15,4.12,,20,0,100,RightinTimeout,Right,10,18,18,18,,,0.0
2025-11-03 20:25:51,1.17.2,Bandit100,15,4.12,,20,0,100,RightinTimeout,Right,10,18,18,18,,,0.0
2025-11-03 20:26:57,1.17.2,Bandit100,15,4.12,,20,0,100,Left,Right,11,18,18,18,,,0.47
2025-11-03 20:26:59,1.17.2,Bandit100,15,4.12,,20,0,100,LeftinTimeOut,Right,11,18,18,18,,,
2025-11-03 20:27:00,1.17.2,Bandit100,15,4.12,,20,0,100,LeftinTimeOut,Right,11,18,18,18,,,
2025-11-03 20:27:02,1.17.2,Bandit100,15,4.12,,20,0,100,LeftinTimeOut,Right,11,18,18,18,,,
2025-11-03 20:27:13,1.17.2,Bandit100,15,4.12,,20,0,100,Right,Right,11,19,18,18,,,0.5
2025-11-03 20:27:16,1.17.2,Bandit100,15,4.12,1.0,20,0,100,Pellet,Right,11,19,19,18,1.91,169.0,
2025-11-03 20:27:40,1.17.2,Bandit100,15,4.12,,20,0,100,Left,Right,12,19,19,19,,,0.07
2025-11-03 20:27:42,1.17.2,Bandit100,15,4.12,,20,0,100,LeftinTimeOut,Right,12,19,19,19,,,
2025-11-03 20:30:23,1.17.2,Bandit100,15,4.12,,20,0,100,Left,Right,13,19,19,19,,,0.11
2025-11-03 20:30:30,1.17.2,Bandit100,15,4.12,,20,0,100,RightinTimeout,Right,13,19,19,19,,,0.0
2025-11-03 20:30:38,1.17.2,Bandit100,15,4.12,,20,0,100,LeftinTimeOut,Right,13,19,19,19,,,
2025-11-03 20:30:41,1.17.2,Bandit100,15,4.12,,20,0,100,LeftinTimeOut,Right,13,19,19,19,,,
2025-11-03 20:30:44,1.17.2,Bandit100,15,4.12,,20,0,100,RightinTimeout,Right,13,19,19,19,,,0.0
2025-11-03 20:30:50,1.17.2,Bandit100,15,4.13,,20,0,100,RightinTimeout,Right,13,19,19,19,,,0.0
2025-11-03 20:30:51,1.17.2,Bandit100,15,4.11,,20,0,100,RightinTimeout,Right,13,19,19,19,,,0.0
2025-11-03 20:30:51,1.17.2,Bandit100,15,4.12,,20,0,100,RightinTimeout,Right,13,19,19,19,,,0.0
2025-11-03 20:30:51,1.17.2,Bandit100,15,4.12,,20,0,100,RightinTimeout,Right,13,19,19,19,,,0.0
2025-11-03 20:30:55,1.17.2,Bandit100,15,4.12,,20,0,100,LeftinTimeOut,Right,13,19,19,19,,,
2025-11-03 20:35:42,1.17.2,Bandit100,15,4.11,,20,0,100,Right,Right,13,20,19,19,,,0.12
2025-11-03 20:35:42,1.17.2,Bandit100,15,4.12,,20,0,100,RightDuringDispense,Right,13,20,19,19,,,0.02
2025-11-03 20:35:46,1.17.2,Bandit100,15,4.12,2.0,20,0,100,Pellet,Right,13,20,20,19,1.01,510.0,
2025-11-03 20:36:58,1.17.2,Bandit100,15,4.12,,20,100,0,Right,Left,13,21,20,0,,,0.11
2025-11-03 20:37:02,1.17.2,Bandit100,15,4.12,,20,100,0,LeftinTimeOut,Left,13,21,20,0,,,
2025-11-03 20:37:07,1.17.2,Bandit100,15,4.12,,20,100,0,RightinTimeout,Left,13,21,20,0,,,0.0
2025-11-03 20:37:14,1.17.2,Bandit100,15,4.12,,20,100,0,RightinTimeout,Left,13,21,20,0,,,0.0
2025-11-03 20:37:14,1.17.2,Bandit100,15,4.12,,20,100,0,RightinTimeout,Left,13,21,20,0,,,0.0
2025-11-03 20:37:18,1.17.2,Bandit100,15,4.12,,20,100,0,LeftinTimeOut,Left,13,21,20,0,,,
2025-11-03 20:37:33,1.17.2,Bandit100,15,4.12,,20,100,0,Left,Left,14,21,20,0,,,0.16
2025-11-03 20:37:35,1.17.2,Bandit100,15,4.12,1.0,20,100,0,Pellet,Left,14,21,21,0,1.85,109.0,
2025-11-03 20:38:06,1.17.2,Bandit100,15,4.12,,20,100,0,Right,Left,14,22,21,1,,,0.31
2025-11-03 20:38:09,1.17.2,Bandit100,15,4.12,,20,100,0,RightinTimeout,Left,14,22,21,1,,,0.0
2025-11-03 20:38:29,1.17.2,Bandit100,15,4.12,,20,100,0,Right,Left,14,23,21,1,,,0.02
2025-11-03 20:39:30,1.17.2,Bandit100,15,4.12,,20,100,0,Right,Left,14,24,21,1,,,0.3
2025-11-03 20:39:32,1.17.2,Bandit100,15,4.12,,20,100,0,RightinTimeout,Left,14,24,21,1,,,0.0
2025-11-03 20:39:37,1.17.2,Bandit100,15,4.12,,20,100,0,RightinTimeout,Left,14,24,21,1,,,0.0
2025-11-03 20:40:09,1.17.2,Bandit100,15,4.12,,20,100,0,Left,Left,15,24,21,1,,,0.11
2025-11-03 20:40:13,1.17.2,Bandit100,15,4.12,1.0,20,100,0,Pellet,Left,15,24,22,1,3.23,158.0,
2025-11-03 20:41:33,1.17.2,Bandit100,15,4.12,,20,100,0,Right,Left,15,25,22,2,,,0.19
2025-11-03 20:43:52,1.17.2,Bandit100,15,4.12,,20,100,0,Right,Left,15,26,22,2,,,0.42
2025-11-03 20:43:54,1.17.2,Bandit100,15,4.12,,20,100,0,RightinTimeout,Left,15,26,22,2,,,0.0
2025-11-03 20:43:55,1.17.2,Bandit100,15,4.12,,20,100,0,RightinTimeout,Left,15,26,22,2,,,0.0
2025-11-03 20:43:57,1.17.2,Bandit100,15,4.12,,20,100,0,RightinTimeout,Left,15,26,22,2,,,0.0
2025-11-03 20:43:57,1.17.2,Bandit100,15,4.12,,20,100,0,RightinTimeout,Left,15,26,22,2,,,0.0
2025-11-03 20:43:57,1.17.2,Bandit100,15,4.12,,20,100,0,RightinTimeout,Left,15,26,22,2,,,0.0
2025-11-03 20:43:57,1.17.2,Bandit100,15,4.13,,20,100,0,RightinTimeout,Left,15,26,22,2,,,0.0
2025-11-03 20:44:06,1.17.2,Bandit100,15,4.12,,20,100,0,RightinTimeout,Left,15,26,22,2,,,0.0
2025-11-03 20:44:07,1.17.2,Bandit100,15,4.12,,20,100,0,RightinTimeout,Left,15,26,22,2,,,0.0
2025-11-03 20:48:17,1.17.2,Bandit100,15,4.12,,20,100,0,Right,Left,15,27,22,2,,,0.14
2025-11-03 20:48:26,1.17.2,Bandit100,15,4.12,,20,100,0,LeftinTimeOut,Left,15,27,22,2,,,
2025-11-03 20:48:28,1.17.2,Bandit100,15,4.12,,20,100,0,RightinTimeout,Left,15,27,22,2,,,0.0
2025-11-03 20:48:28,1.17.2,Bandit100,15,4.12,,20,100,0,RightinTimeout,Left,15,27,22,2,,,0.0
2025-11-03 20:48:29,1.17.2,Bandit100,15,4.12,,20,100,0,RightinTimeout,Left,15,27,22,2,,,0.0
2025-11-03 20:48:30,1.17.2,Bandit100,15,4.12,,20,100,0,RightinTimeout,Left,15,27,22,2,,,0.0
2025-11-03 20:48:35,1.17.2,Bandit100,15,4.12,,20,100,0,LeftinTimeOut,Left,15,27,22,2,,,
2025-11-03 20:51:45,1.17.2,Bandit100,15,4.12,,20,100,0,Left,Left,16,27,22,2,,,0.03
2025-11-03 20:51:46,1.17.2,Bandit100,15,4.12,1.0,20,100,0,Pellet,Left,16,27,23,2,0.06,693.0,
2025-11-03 20:52:33,1.17.2,Bandit100,15,4.12,,20,100,0,Right,Left,16,28,23,3,,,0.17
2025-11-03 20:52:33,1.17.2,Bandit100,15,4.12,,20,100,0,RightinTimeout,Left,16,28,23,3,,,0.0
2025-11-03 20:52:52,1.17.2,Bandit100,15,4.12,,20,100,0,Right,Left,16,29,23,3,,,0.43
2025-11-03 20:53:29,1.17.2,Bandit100,15,4.12,,20,100,0,Left,Left,17,29,23,3,,,0.39
2025-11-03 20:53:34,1.17.2,Bandit100,15,4.12,2.0,20,100,0,Pellet,Left,17,29,24,3,2.93,108.0,
2025-11-03 20:53:56,1.17.2,Bandit100,15,4.12,,20,100,0,Right,Left,17,30,24,4,,,0.06
2025-11-03 20:54:04,1.17.2,Bandit100,15,4.12,,20,100,0,LeftinTimeOut,Left,17,30,24,4,,,
2025-11-03 20:56:04,1.17.2,Bandit100,15,4.12,,20,100,0,Right,Left,17,31,24,4,,,0.54
2025-11-03 20:56:12,1.17.2,Bandit100,15,4.12,,20,100,0,LeftinTimeOut,Left,17,31,24,4,,,
2025-11-03 20:57:39,1.17.2,Bandit100,15,4.12,,20,100,0,Right,Left,17,32,24,4,,,0.26
2025-11-03 20:57:48,1.17.2,Bandit100,15,4.12,,20,100,0,RightinTimeout,Left,17,32,24,4,,,0.0
2025-11-03 20:57:49,1.17.2,Bandit100,15,4.12,,20,100,0,RightinTimeout,Left,17,32,24,4,,,0.0
2025-11-03 20:57:49,1.17.2,Bandit100,15,4.12,,20,100,0,RightinTimeout,Left,17,32,24,4,,,0.0
2025-11-03 20:57:49,1.17.2,Bandit100,15,4.12,,20,100,0,RightinTimeout,Left,17,32,24,4,,,0.0
2025-11-03 20:57:50,1.17.2,Bandit100,15,4.13,,20,100,0,RightinTimeout,Left,17,32,24,4,,,0.0
2025-11-03 20:57:50,1.17.2,Bandit100,15,4.12,,20,100,0,RightinTimeout,Left,17,32,24,4,,,0.0
2025-11-03 20:57:51,1.17.2,Bandit100,15,4.12,,20,100,0,RightinTimeout,Left,17,32,24,4,,,0.0
2025-11-03 21:01:35,1.17.2,Bandit100,15,4.12,,20,100,0,Right,Left,17,33,24,4,,,0.09
2025-11-03 21:01:36,1.17.2,Bandit100,15,4.12,,20,100,0,RightinTimeout,Left,17,33,24,4,,,0.0
2025-11-03 21:01:36,1.17.2,Bandit100,15,4.12,,20,100,0,RightinTimeout,Left,17,33,24,4,,,0.0
2025-11-03 21:01:37,1.17.2,Bandit100,15,4.11,,20,100,0,RightinTimeout,Left,17,33,24,4,,,0.0
2025-11-03 21:01:38,1.17.2,Bandit100,15,4.12,,20,100,0,RightinTimeout,Left,17,33,24,4,,,0.0
2025-11-03 21:01:39,1.17.2,Bandit100,15,4.12,,20,100,0,RightinTimeout,Left,17,33,24,4,,,0.0
2025-11-03 21:01:40,1.17.2,Bandit100,15,4.12,,20,100,0,RightinTimeout,Left,17,33,24,4,,,0.0
2025-11-03 21:13:21,1.17.2,Bandit100,15,4.12,,20,100,0,Right,Left,17,34,24,4,,,0.36
2025-11-03 21:18:19,1.17.2,Bandit100,15,4.12,,20,100,0,Right,Left,17,35,24,4,,,0.59
2025-11-03 21:19:53,1.17.2,Bandit100,15,4.12,,20,100,0,Right,Left,17,36,24,4,,,0.09
2025-11-03 21:19:53,1.17.2,Bandit100,15,4.12,,20,100,0,RightinTimeout,Left,17,36,24,4,,,0.0
2025-11-03 21:20:50,1.17.2,Bandit100,15,4.12,,20,100,0,Left,Left,18,36,24,4,,,0.23
2025-11-03 21:20:56,1.17.2,Bandit100,15,4.12,1.0,20,100,0,Pellet,Left,18,36,25,4,5.5,1642.0,
2025-11-03 21:21:16,1.17.2,Bandit100,15,4.12,,20,100,0,Right,Left,18,37,25,5,,,0.03
2025-11-03 21:39:15,1.17.2,Bandit100,15,4.12,,20,100,0,Right,Left,18,38,25,5,,,0.39
2025-11-03 21:39:21,1.17.2,Bandit100,15,4.12,,20,100,0,RightinTimeout,Left,18,38,25,5,,,0.0
2025-11-03 21:39:21,1.17.2,Bandit100,15,4.12,,20,100,0,RightinTimeout,Left,18,38,25,5,,,0.0
2025-11-03 21:39:26,1.17.2,Bandit100,15,4.11,,20,100,0,RightinTimeout,Left,18,38,25,5,,,0.0
2025-11-03 21:40:25,1.17.2,Bandit100,15,4.12,,20,100,0,Right,Left,18,39,25,5,,,0.15
2025-11-03 21:42:49,1.17.2,Bandit100,15,4.12,,20,100,0,Right,Left,18,40,25,5,,,0.07
2025-11-03 21:42:51,1.17.2,Bandit100,15,4.12,,20,100,0,RightinTimeout,Left,18,40,25,5,,,0.0
2025-11-03 21:42:51,1.17.2,Bandit100,15,4.12,,20,100,0,RightinTimeout,Left,18,40,25,5,,,0.0
2025-11-03 21:42:52,1.17.2,Bandit100,15,4.12,,20,100,0,RightinTimeout,Left,18,40,25,5,,,0.0
2025-11-03 21:43:06,1.17.2,Bandit100,15,4.12,,20,100,0,Left,Left,19,40,25,5,,,0.26
2025-11-03 21:43:08,1.17.2,Bandit100,15,4.12,1.0,20,100,0,Pellet,Left,19,40,26,5,1.79,1332.0,
2025-11-03 21:43:27,1.17.2,Bandit100,15,4.12,,20,100,0,Left,Left,20,40,26,6,,,0.09
2025-11-03 21:43:28,1.17.2,Bandit100,15,4.11,1.0,20,100,0,Pellet,Left,20,40,27,6,0.06,20.0,
2025-11-03 21:43:56,1.17.2,Bandit100,15,4.12,,20,100,0,Right,Left,20,41,27,7,,,0.18
2025-11-03 21:44:01,1.17.2,Bandit100,15,4.12,,20,100,0,LeftinTimeOut,Left,20,41,27,7,,,
2025-11-03 21:44:02,1.17.2,Bandit100,15,4.12,,20,100,0,LeftinTimeOut,Left,20,41,27,7,,,
2025-11-03 21:44:05,1.17.2,Bandit100,15,4.12,,20,100,0,LeftinTimeOut,Left,20,41,27,7,,,
2025-11-03 21:51:31,1.17.2,Bandit100,15,4.12,,20,100,0,Right,Left,20,42,27,7,,,0.35
2025-11-03 21:51:37,1.17.2,Bandit100,15,4.12,,20,100,0,LeftinTimeOut,Left,20,42,27,7,,,
2025-11-03 21:59:20,1.17.2,Bandit100,15,4.12,,20,100,0,Right,Left,20,43,27,7,,,0.35
2025-11-03 22:02:05,1.17.2,Bandit100,15,4.12,,20,100,0,Right,Left,20,44,27,7,,,0.17
2025-11-03 22:06:23,1.17.2,Bandit100,15,4.12,,20,100,0,Right,Left,20,45,27,7,,,0.15
2025-11-03 22:09:51,1.17.2,Bandit100,15,4.12,,20,100,0,Right,Left,20,46,27,7,,,0.0
2025-11-03 22:09:56,1.17.2,Bandit100,15,4.12,,20,100,0,RightinTimeout,Left,20,46,27,7,,,0.0
2025-11-03 22:13:29,1.17.2,Bandit100,15,4.12,,20,100,0,Right,Left,20,47,27,7,,,0.26
2025-11-03 22:15:41,1.17.2,Bandit100,15,4.12,,20,100,0,Left,Left,21,47,27,7,,,0.38
2025-11-03 22:15:44,1.17.2,Bandit100,15,4.12,1.0,20,100,0,Pellet,Left,21,47,28,7,2.45,1936.0,
2025-11-03 22:16:25,1.17.2,Bandit100,15,4.12,,20,100,0,Right,Left,21,48,28,8,,,0.58
2025-11-03 22:16:33,1.17.2,Bandit100,15,4.12,,20,100,0,LeftinTimeOut,Left,21,48,28,8,,,
2025-11-03 22:16:38,1.17.2,Bandit100,15,4.12,,20,100,0,LeftinTimeOut,Left,21,48,28,8,,,
2025-11-03 22:20:09,1.17.2,Bandit100,15,4.12,,20,100,0,Right,Left,21,49,28,8,,,0.04
2025-11-03 22:23:47,1.17.2,Bandit100,15,4.12,,20,100,0,Right,Left,21,50,28,8,,,0.28
2025-11-03 22:23:50,1.17.2,Bandit100,15,4.12,,20,100,0,RightinTimeout,Left,21,50,28,8,,,0.0
2025-11-03 22:23:51,1.17.2,Bandit100,15,4.12,,20,100,0,RightinTimeout,Left,21,50,28,8,,,0.0
2025-11-03 22:23:51,1.17.2,Bandit100,15,4.12,,20,100,0,RightinTimeout,Left,21,50,28,8,,,0.0
2025-11-03 22:28:19,1.17.2,Bandit100,15,4.12,,20,100,0,Right,Left,21,51,28,8,,,0.0
2025-11-03 22:30:16,1.17.2,Bandit100,15,4.12,,20,100,0,Left,Left,22,51,28,8,,,0.7
2025-11-03 22:30:21,1.17.2,Bandit100,15,4.12,1.0,20,100,0,Pellet,Left,22,51,29,8,3.95,877.0,
2025-11-03 22:30:44,1.17.2,Bandit100,15,4.12,,20,100,0,Left,Left,23,51,29,9,,,0.04
2025-11-03 22:30:47,1.17.2,Bandit100,15,4.11,2.0,20,100,0,Pellet,Left,23,51,30,9,0.06,26.0,
2025-11-03 22:31:11,1.17.2,Bandit100,15,4.12,,20,100,0,Right,Left,23,52,30,10,,,0.04
2025-11-03 22:31:14,1.17.2,Bandit100,15,4.12,,20,100,0,RightinTimeout,Left,23,52,30,10,,,0.0
2025-11-03 22:31:28,1.17.2,Bandit100,15,4.12,,20,100,0,Left,Left,24,52,30,10,,,0.06
2025-11-03 22:31:29,1.17.2,Bandit100,15,4.11,1.0,20,100,0,Pellet,Left,24,52,31,10,0.06,42.0,
2025-11-03 22:32:13,1.17.2,Bandit100,15,4.12,,20,100,0,Left,Left,25,52,31,11,,,0.28
2025-11-03 22:32:16,1.17.2,Bandit100,15,4.12,1.0,20,100,0,Pellet,Left,25,52,32,11,2.33,47.0,
2025-11-03 22:33:54,1.17.2,Bandit100,15,4.11,,20,100,0,Right,Left,25,53,32,12,,,0.36
2025-11-03 22:33:59,1.17.2,Bandit100,15,4.11,,20,100,0,LeftinTimeOut,Left,25,53,32,12,,,
2025-11-03 22:34:02,1.17.2,Bandit100,15,4.12,,20,100,0,LeftinTimeOut,Left,25,53,32,12,,,
2025-11-03 22:34:33,1.17.2,Bandit100,15,4.11,,20,100,0,Left,Left,26,53,32,12,,,0.13
2025-11-03 22:34:49,1.17.2,Bandit100,15,4.12,1.0,20,100,0,Pellet,Left,26,53,33,12,15.29,152.0,
2025-11-03 22:35:25,1.17.2,Bandit100,15,4.12,,20,100,0,Right,Left,26,54,33,13,,,0.33
2025-11-03 22:35:31,1.17.2,Bandit100,15,4.12,,20,100,0,LeftinTimeOut,Left,26,54,33,13,,,
2025-11-03 22:35:33,1.17.2,Bandit100,15,4.12,,20,100,0,RightinTimeout,Left,26,54,33,13,,,0.0
2025-11-03 22:39:24,1.17.2,Bandit100,15,4.12,,20,100,0,Right,Left,26,55,33,13,,,0.41
2025-11-03 22:40:08,1.17.2,Bandit100,15,4.11,,20,100,0,Left,Left,27,55,33,13,,,0.34
2025-11-03 22:40:12,1.17.2,Bandit100,15,4.12,1.0,20,100,0,Pellet,Left,27,55,34,13,3.47,324.0,
2025-11-03 22:41:21,1.17.2,Bandit100,15,4.12,,20,100,0,Left,Left,28,55,34,14,,,0.51
2025-11-03 22:41:24,1.17.2,Bandit100,15,4.11,1.0,20,100,0,Pellet,Left,28,55,35,14,1.73,72.0,
2025-11-03 22:41:39,1.17.2,Bandit100,15,4.12,,20,100,0,Left,Left,29,55,35,15,,,0.1
2025-11-03 22:41:42,1.17.2,Bandit100,15,4.12,1.0,20,100,0,Pellet,Left,29,55,36,15,2.27,18.0,
2025-11-03 22:42:51,1.17.2,Bandit100,15,4.12,,20,100,0,Left,Left,30,55,36,16,,,0.56
2025-11-03 22:42:52,1.17.2,Bandit100,15,4.12,1.0,20,100,0,Pellet,Left,30,55,37,16,0.06,70.0,
2025-11-03 22:42:55,1.17.2,Bandit100,15,4.12,,20,100,0,Right,Left,30,56,37,17,,,0.06
2025-11-03 22:43:20,1.17.2,Bandit100,15,4.12,,20,100,0,Left,Left,31,56,37,17,,,0.05
2025-11-03 22:43:21,1.17.2,Bandit100,15,4.12,1.0,20,100,0,Pellet,Left,31,56,38,17,0.06,29.0,
2025-11-03 22:43:35,1.17.2,Bandit100,15,4.12,,20,100,0,Left,Left,32,56,38,18,,,0.02
2025-11-03 22:43:38,1.17.2,Bandit100,15,4.12,1.0,20,100,0,Pellet,Left,32,56,39,18,1.43,17.0,
2025-11-03 22:43:57,1.17.2,Bandit100,15,4.12,,20,100,0,Left,Left,33,56,39,19,,,0.13
2025-11-03 22:44:01,1.17.2,Bandit100,15,4.12,1.0,20,100,0,Pellet,Left,33,56,40,19,2.69,23.0,
2025-11-03 22:44:50,1.17.2,Bandit100,15,4.12,,20,0,100,Left,Right,34,56,40,0,,,0.03
2025-11-03 22:44:53,1.17.2,Bandit100,15,4.12,,20,0,100,LeftinTimeOut,Right,34,56,40,0,,,
2025-11-03 22:45:41,1.17.2,Bandit100,15,4.12,,20,0,100,Right,Right,34,57,40,0,,,0.26
2025-11-03 22:45:43,1.17.2,Bandit100,15,4.12,1.0,20,0,100,Pellet,Right,34,57,41,0,1.01,102.0,
2025-11-03 22:46:03,1.17.2,Bandit100,15,4.12,,20,0,100,Right,Right,34,58,41,1,,,0.17
2025-11-03 22:46:06,1.17.2,Bandit100,15,4.12,1.0,20,0,100,Pellet,Right,34,58,42,1,2.39,23.0,
2025-11-03 22:46:59,1.17.2,Bandit100,15,4.12,,20,0,100,Left,Right,35,58,42,2,,,0.12
2025-11-03 22:47:04,1.17.2,Bandit100,15,4.12,,20,0,100,RightinTimeout,Right,35,58,42,2,,,0.0
2025-11-03 22:47:04,1.17.2,Bandit100,15,4.12,,20,0,100,RightinTimeout,Right,35,58,42,2,,,0.0
2025-11-03 22:47:23,1.17.2,Bandit100,15,4.12,,20,0,100,Right,Right,35,59,42,2,,,0.12
2025-11-03 22:47:25,1.17.2,Bandit100,15,4.11,1.0,20,0,100,Pellet,Right,35,59,43,2,1.25,79.0,
2025-11-03 22:48:12,1.17.2,Bandit100,15,4.12,,20,0,100,Right,Right,35,60,43,3,,,0.04
2025-11-03 22:48:14,1.17.2,Bandit100,15,4.11,1.0,20,0,100,Pellet,Right,35,60,44,3,0.77,49.0,
2025-11-03 22:48:37,1.17.2,Bandit100,15,4.12,,20,0,100,Left,Right,36,60,44,4,,,0.15
2025-11-03 22:48:39,1.17.2,Bandit100,15,4.12,,20,0,100,LeftinTimeOut,Right,36,60,44,4,,,
2025-11-03 22:48:41,1.17.2,Bandit100,15,4.12,,20,0,100,LeftinTimeOut,Right,36,60,44,4,,,
2025-11-03 22:50:08,1.17.2,Bandit100,15,4.12,,20,0,100,Left,Right,37,60,44,4,,,0.35
2025-11-03 22:52:08,1.17.2,Bandit100,15,4.12,,20,0,100,Right,Right,37,61,44,4,,,0.02
2025-11-03 22:52:10,1.17.2,Bandit100,15,4.12,1.0,20,0,100,Pellet,Right,37,61,45,4,1.07,236.0,
2025-11-03 22:52:37,1.17.2,Bandit100,15,4.12,,20,0,100,Left,Right,38,61,45,5,,,0.34
2025-11-03 22:52:38,1.17.2,Bandit100,15,4.11,,20,0,100,LeftinTimeOut,Right,38,61,45,5,,,
2025-11-03 22:52:42,1.17.2,Bandit100,15,4.11,,20,0,100,RightinTimeout,Right,38,61,45,5,,,0.0
2025-11-03 22:56:00,1.17.2,Bandit100,15,4.12,,20,0,100,Right,Right,38,62,45,5,,,0.29
2025-11-03 22:56:02,1.17.2,Bandit100,15,4.11,1.0,20,0,100,Pellet,Right,38,62,46,5,1.01,232.0,
2025-11-03 22:56:12,1.17.2,Bandit100,15,4.12,,20,0,100,Left,Right,39,62,46,6,,,0.01
2025-11-03 22:57:05,1.17.2,Bandit100,15,4.12,,20,0,100,Right,Right,39,63,46,6,,,0.17
2025-11-03 22:57:08,1.17.2,Bandit100,15,4.12,1.0,20,0,100,Pellet,Right,39,63,47,6,1.91,65.0,
2025-11-03 22:57:32,1.17.2,Bandit100,15,4.11,,20,0,100,Right,Right,39,64,47,7,,,0.27
2025-11-03 22:57:33,1.17.2,Bandit100,15,4.11,1.0,20,0,100,Pellet,Right,39,64,48,7,0.06,25.0,
2025-11-03 22:57:45,1.17.2,Bandit100,15,4.12,,20,0,100,Left,Right,40,64,48,8,,,0.27
2025-11-03 22:57:45,1.17.2,Bandit100,15,4.12,,20,0,100,LeftinTimeOut,Right,40,64,48,8,,,
2025-11-03 22:58:29,1.17.2,Bandit100,15,4.11,,20,0,100,Right,Right,40,65,48,8,,,0.11
2025-11-03 22:58:32,1.17.2,Bandit100,15,4.12,1.0,20,0,100,Pellet,Right,40,65,49,8,1.97,59.0,
2025-11-03 23:01:27,1.17.2,Bandit100,15,4.12,,20,0,100,Left,Right,41,65,49,9,,,0.4
2025-11-03 23:01:39,1.17.2,Bandit100,15,4.12,,20,0,100,Right,Right,41,66,49,9,,,0.24
2025-11-03 23:01:41,1.17.2,Bandit100,15,4.11,1.0,20,0,100,Pellet,Right,41,66,50,9,1.25,190.0,
2025-11-03 23:04:15,1.17.2,Bandit100,15,4.12,,20,0,100,Right,Right,41,67,50,10,,,0.14
2025-11-03 23:04:16,1.17.2,Bandit100,15,4.12,1.0,20,0,100,Pellet,Right,41,67,51,10,0.71,155.0,
2025-11-03 23:04:37,1.17.2,Bandit100,15,4.11,,20,0,100,Left,Right,42,67,51,11,,,0.12
2025-11-03 23:05:09,1.17.2,Bandit100,15,4.12,,20,0,100,Right,Right,42,68,51,11,,,0.2
2025-11-03 23:05:12,1.17.2,Bandit100,15,4.12,1.0,20,0,100,Pellet,Right,42,68,52,11,2.15,56.0,
2025-11-03 23:09:25,1.17.2,Bandit100,15,4.11,,20,0,100,Right,Right,42,69,52,12,,,0.06
2025-11-03 23:09:27,1.17.2,Bandit100,15,4.11,1.0,20,0,100,Pellet,Right,42,69,53,12,0.83,255.0,
2025-11-03 23:09:48,1.17.2,Bandit100,15,4.12,,20,0,100,Left,Right,43,69,53,13,,,0.18
2025-11-03 23:10:06,1.17.2,Bandit100,15,4.11,,20,0,100,Left,Right,44,69,53,13,,,0.63
2025-11-03 23:10:37,1.17.2,Bandit100,15,4.12,,20,0,100,Right,Right,44,70,53,13,,,0.14
2025-11-03 23:10:41,1.17.2,Bandit100,15,4.12,1.0,20,0,100,Pellet,Right,44,70,54,13,2.99,74.0,
2025-11-03 23:11:10,1.17.2,Bandit100,15,4.12,,20,0,100,Right,Right,44,71,54,14,,,0.42
2025-11-03 23:11:12,1.17.2,Bandit100,15,4.11,1.0,20,0,100,Pellet,Right,44,71,55,14,1.73,31.0,
2025-11-03 23:11:26,1.17.2,Bandit100,15,4.12,,20,0,100,Right,Right,44,72,55,15,,,0.03
2025-11-03 23:11:27,1.17.2,Bandit100,15,4.12,1.0,20,0,100,Pellet,Right,44,72,56,15,0.95,15.0,
2025-11-03 23:11:42,1.17.2,Bandit100,15,4.11,,20,0,100,Right,Right,44,73,56,16,,,0.14
2025-11-03 23:11:45,1.17.2,Bandit100,15,4.11,1.0,20,0,100,Pellet,Right,44,73,57,16,2.39,18.0,
2025-11-03 23:12:15,1.17.2,Bandit100,15,4.11,,20,0,100,Left,Right,45,73,57,17,,,0.45
2025-11-03 23:12:19,1.17.2,Bandit100,15,4.12,,20,0,100,RightinTimeout,Right,45,73,57,17,,,0.0
2025-11-03 23:12:19,1.17.2,Bandit100,15,4.12,,20,0,100,RightinTimeout,Right,45,73,57,17,,,0.0
2025-11-03 23:12:22,1.17.2,Bandit100,15,4.12,,20,0,100,LeftinTimeOut,Right,45,73,57,17,,,
2025-11-03 23:12:27,1.17.2,Bandit100,15,4.12,,20,0,100,RightinTimeout,Right,45,73,57,17,,,0.0
2025-11-03 23:15:31,1.17.2,Bandit100,15,4.11,,20,0,100,Right,Right,45,74,57,17,,,0.12
2025-11-03 23:15:33,1.17.2,Bandit100,15,4.12,1.0,20,0,100,Pellet,Right,45,74,58,17,0.71,228.0,
2025-11-03 23:16:47,1.17.2,Bandit100,15,4.12,,20,0,100,Left,Right,46,74,58,18,,,0.35
2025-11-03 23:16:48,1.17.2,Bandit100,15,4.12,,20,0,100,LeftinTimeOut,Right,46,74,58,18,,,
2025-11-03 23:16:50,1.17.2,Bandit100,15,4.11,,20,0,100,RightinTimeout,Right,46,74,58,18,,,0.0
2025-11-03 23:16:59,1.17.2,Bandit100,15,4.11,,20,0,100,RightinTimeout,Right,46,74,58,18,,,0.0
2025-11-03 23:17:00,1.17.2,Bandit100,15,4.12,,20,0,100,RightinTimeout,Right,46,74,58,18,,,0.0
2025-11-03 23:22:10,1.17.2,Bandit100,15,4.11,,20,0,100,Right,Right,46,75,58,18,,,0.13
2025-11-03 23:22:12,1.17.2,Bandit100,15,4.12,1.0,20,0,100,Pellet,Right,46,75,59,18,1.01,399.0,
2025-11-03 23:22:28,1.17.2,Bandit100,15,4.12,,20,0,100,Right,Right,46,76,59,19,,,0.14
2025-11-03 23:22:31,1.17.2,Bandit100,15,4.12,1.0,20,0,100,Pellet,Right,46,76,60,19,1.91,19.0,
2025-11-03 23:22:54,1.17.2,Bandit100,15,4.12,,20,100,0,Right,Left,46,77,60,0,,,0.09
2025-11-03 23:23:03,1.17.2,Bandit100,15,4.11,,20,100,0,LeftinTimeOut,Left,46,77,60,0,,,
2025-11-03 23:23:04,1.17.2,Bandit100,15,4.12,,20,100,0,LeftinTimeOut,Left,46,77,60,0,,,
2025-11-03 23:23:05,1.17.2,Bandit100,15,4.12,,20,100,0,LeftinTimeOut,Left,46,77,60,0,,,
2025-11-03 23:23:05,1.17.2,Bandit100,15,4.12,,20,100,0,LeftinTimeOut,Left,46,77,60,0,,,
2025-11-03 23:23:06,1.17.2,Bandit100,15,4.12,,20,100,0,LeftinTimeOut,Left,46,77,60,0,,,
2025-11-03 23:23:10,1.17.2,Bandit100,15,4.12,,20,100,0,RightinTimeout,Left,46,77,60,0,,,0.0
2025-11-03 23:23:10,1.17.2,Bandit100,15,4.12,,20,100,0,RightinTimeout,Left,46,77,60,0,,,0.0
2025-11-03 23:23:11,1.17.2,Bandit100,15,4.12,,20,100,0,RightinTimeout,Left,46,77,60,0,,,0.0
2025-11-03 23:23:19,1.17.2,Bandit100,15,4.11,,20,100,0,RightinTimeout,Left,46,77,60,0,,,0.0
2025-11-03 23:23:19,1.17.2,Bandit100,15,4.12,,20,100,0,RightinTimeout,Left,46,77,60,0,,,0.0
2025-11-03 23:23:19,1.17.2,Bandit100,15,4.12,,20,100,0,RightinTimeout,Left,46,77,60,0,,,0.0
2025-11-03 23:23:20,1.17.2,Bandit100,15,4.11,,20,100,0,RightinTimeout,Left,46,77,60,0,,,0.0
2025-11-03 23:23:20,1.17.2,Bandit100,15,4.11,,20,100,0,RightinTimeout,Left,46,77,60,0,,,0.0
2025-11-03 23:23:21,1.17.2,Bandit100,15,4.12,,20,100,0,RightinTimeout,Left,46,77,60,0,,,0.0
2025-11-03 23:23:22,1.17.2,Bandit100,15,4.12,,20,100,0,RightinTimeout,Left,46,77,60,0,,,0.0
2025-11-03 23:23:22,1.17.2,Bandit100,15,4.12,,20,100,0,RightinTimeout,Left,46,77,60,0,,,0.0
2025-11-03 23:23:23,1.17.2,Bandit100,15,4.12,,20,100,0,RightinTimeout,Left,46,77,60,0,,,0.0
2025-11-03 23:23:26,1.17.2,Bandit100,15,4.12,,20,100,0,RightinTimeout,Left,46,77,60,0,,,0.0
2025-11-03 23:23:28,1.17.2,Bandit100,15,4.12,,20,100,0,LeftinTimeOut,Left,46,77,60,0,,,
2025-11-03 23:23:29,1.17.2,Bandit100,15,4.11,,20,100,0,LeftinTimeOut,Left,46,77,60,0,,,
2025-11-03 23:23:46,1.17.2,Bandit100,15,4.12,,20,100,0,Left,Left,47,77,60,0,,,0.01
2025-11-03 23:23:48,1.17.2,Bandit100,15,4.11,1.0,20,100,0,Pellet,Left,47,77,61,0,1.31,77.0,
2025-11-03 23:24:04,1.17.2,Bandit100,15,4.12,,20,100,0,Left,Left,48,77,61,1,,,0.33
2025-11-03 23:24:05,1.17.2,Bandit100,15,4.11,1.0,20,100,0,Pellet,Left,48,77,62,1,0.71,17.0,
2025-11-03 23:24:56,1.17.2,Bandit100,15,4.12,,20,100,0,Right,Left,48,78,62,2,,,0.36
2025-11-03 23:28:04,1.17.2,Bandit100,15,4.12,,20,100,0,Left,Left,49,78,62,2,,,0.56
2025-11-03 23:28:07,1.17.2,Bandit100,15,4.12,2.0,20,100,0,Pellet,Left,49,78,63,2,0.06,242.0,
2025-11-03 23:29:38,1.17.2,Bandit100,15,4.12,,20,100,0,Left,Left,50,78,63,3,,,0.18
2025-11-03 23:29:41,1.17.2,Bandit100,15,4.12,1.0,20,100,0,Pellet,Left,50,78,64,3,1.85,94.0,
2025-11-03 23:30:09,1.17.2,Bandit100,15,4.12,,20,100,0,Right,Left,50,79,64,4,,,0.15
2025-11-03 23:30:30,1.17.2,Bandit100,15,4.11,,20,100,0,Right,Left,50,80,64,4,,,0.11
2025-11-03 23:30:32,1.17.2,Bandit100,15,4.12,,20,100,0,RightinTimeout,Left,50,80,64,4,,,0.0
2025-11-03 23:30:32,1.17.2,Bandit100,15,4.11,,20,100,0,RightinTimeout,Left,50,80,64,4,,,0.0
2025-11-03 23:30:34,1.17.2,Bandit100,15,4.11,,20,100,0,RightinTimeout,Left,50,80,64,4,,,0.0
2025-11-03 23:34:23,1.17.2,Bandit100,15,4.11,,20,100,0,Right,Left,50,81,64,4,,,0.25
2025-11-03 23:34:24,1.17.2,Bandit100,15,4.11,,20,100,0,RightinTimeout,Left,50,81,64,4,,,0.0
2025-11-03 23:34:24,1.17.2,Bandit100,15,4.11,,20,100,0,RightinTimeout,Left,50,81,64,4,,,0.0
2025-11-03 23:34:31,1.17.2,Bandit100,15,4.11,,20,100,0,RightinTimeout,Left,50,81,64,4,,,0.0
2025-11-03 23:34:31,1.17.2,Bandit100,15,4.11,,20,100,0,RightinTimeout,Left,50,81,64,4,,,0.0
2025-11-03 23:40:13,1.17.2,Bandit100,15,4.11,,20,100,0,Right,Left,50,82,64,4,,,0.02
2025-11-03 23:45:24,1.17.2,Bandit100,15,4.11,,20,100,0,Left,Left,51,82,64,4,,,0.12
2025-11-03 23:45:27,1.17.2,Bandit100,15,4.12,1.0,20,100,0,Pellet,Left,51,82,65,4,1.97,946.0,
2025-11-03 23:46:01,1.17.2,Bandit100,15,4.11,,20,100,0,Right,Left,51,83,65,5,,,0.14
2025-11-03 23:47:58,1.17.2,Bandit100,15,4.12,,20,100,0,Right,Left,51,84,65,5,,,0.04
2025-11-03 23:51:04,1.17.2,Bandit100,15,4.11,,20,100,0,Right,Left,51,85,65,5,,,0.29
2025-11-03 23:52:23,1.17.2,Bandit100,15,4.11,,20,100,0,Right,Left,51,86,65,5,,,0.37
2025-11-03 23:55:36,1.17.2,Bandit100,15,4.11,,20,100,0,Right,Left,51,87,65,5,,,0.18
2025-11-03 23:55:36,1.17.2,Bandit100,15,4.11,,20,100,0,RightinTimeout,Left,51,87,65,5,,,0.0
2025-11-03 23:55:57,1.17.2,Bandit100,15,4.12,,20,100,0,Right,Left,51,88,65,5,,,0.27
2025-11-03 23:57:17,1.17.2,Bandit100,15,4.12,,20,100,0,Left,Left,52,88,65,5,,,0.25
2025-11-03 23:57:18,1.17.2,Bandit100,15,4.11,1.0,20,100,0,Pellet,Left,52,88,66,5,0.83,711.0,
2025-11-03 23:57:30,1.17.2,Bandit100,15,4.12,,20,100,0,Left,Left,53,88,66,6,,,0.46
2025-11-03 23:57:34,1.17.2,Bandit100,15,4.11,1.0,20,100,0,Pellet,Left,53,88,67,6,3.17,16.0,
2025-11-03 23:57:47,1.17.2,Bandit100,15,4.11,,20,100,0,Right,Left,53,89,67,7,,,0.32
2025-11-03 23:57:50,1.17.2,Bandit100,15,4.11,,20,100,0,LeftinTimeOut,Left,53,89,67,7,,,
2025-11-03 23:57:53,1.17.2,Bandit100,15,4.11,,20,100,0,LeftinTimeOut,Left,53,89,67,7,,,
2025-11-03 23:57:59,1.17.2,Bandit100,15,4.11,,20,100,0,LeftinTimeOut,Left,53,89,67,7,,,
2025-11-04 00:00:14,1.17.2,Bandit100,15,4.11,,20,100,0,Right,Left,53,90,67,7,,,0.45
2025-11-04 00:00:22,1.17.2,Bandit100,15,4.11,,20,100,0,RightinTimeout,Left,53,90,67,7,,,0.0
2025-11-04 00:00:23,1.17.2,Bandit100,15,4.12,,20,100,0,RightinTimeout,Left,53,90,67,7,,,0.0
2025-11-04 00:04:53,1.17.2,Bandit100,15,4.11,,20,100,0,Right,Left,53,91,67,7,,,0.06
2025-11-04 00:12:58,1.17.2,Bandit100,15,4.11,,20,100,0,Right,Left,53,92,67,7,,,0.02
2025-11-04 00:13:07,1.17.2,Bandit100,15,4.12,,20,100,0,LeftinTimeOut,Left,53,92,67,7,,,
2025-11-04 00:13:23,1.17.2,Bandit100,15,4.11,,20,100,0,Right,Left,53,93,67,7,,,0.2
2025-11-04 00:14:06,1.17.2,Bandit100,15,4.11,,20,100,0,Left,Left,54,93,67,7,,,0.24
2025-11-04 00:14:07,1.17.2,Bandit100,15,4.11,1.0,20,100,0,Pellet,Left,54,93,68,7,0.71,993.0,
2025-11-04 00:15:26,1.17.2,Bandit100,15,4.11,,20,100,0,Right,Left,54,94,68,8,,,0.21
2025-11-04 00:15:30,1.17.2,Bandit100,15,4.11,,20,100,0,RightinTimeout,Left,54,94,68,8,,,0.0
2025-11-04 00:17:53,1.17.2,Bandit100,15,4.12,,20,100,0,Left,Left,55,94,68,8,,,0.56
2025-11-04 00:17:56,1.17.2,Bandit100,15,4.11,1.0,20,100,0,Pellet,Left,55,94,69,8,2.03,229.0,
2025-11-04 00:19:30,1.17.2,Bandit100,15,4.11,,20,100,0,Left,Left,56,94,69,9,,,0.39
2025-11-04 00:19:31,1.17.2,Bandit100,15,4.11,1.0,20,100,0,Pellet,Left,56,94,70,9,0.89,95.0,
2025-11-04 00:19:43,1.17.2,Bandit100,15,4.11,,20,100,0,Left,Left,57,94,70,10,,,0.51
2025-11-04 00:19:44,1.17.2,Bandit100,15,4.11,1.0,20,100,0,Pellet,Left,57,94,71,10,0.71,13.0,
2025-11-04 00:20:01,1.17.2,Bandit100,15,4.11,,20,100,0,Left,Left,58,94,71,11,,,0.18
2025-11-04 00:20:02,1.17.2,Bandit100,15,4.11,1.0,20,100,0,Pellet,Left,58,94,72,11,1.07,18.0,
2025-11-04 00:20:12,1.17.2,Bandit100,15,4.11,,20,100,0,Right,Left,58,95,72,12,,,0.23
2025-11-04 00:20:17,1.17.2,Bandit100,15,4.11,,20,100,0,RightinTimeout,Left,58,95,72,12,,,0.0
2025-11-04 00:20:19,1.17.2,Bandit100,15,4.11,,20,100,0,LeftinTimeOut,Left,58,95,72,12,,,
2025-11-04 00:20:20,1.17.2,Bandit100,15,4.11,,20,100,0,LeftinTimeOut,Left,58,95,72,12,,,
2025-11-04 00:20:37,1.17.2,Bandit100,15,4.11,,20,100,0,Left,Left,59,95,72,12,,,0.04
2025-11-04 00:20:39,1.17.2,Bandit100,15,4.12,1.0,20,100,0,Pellet,Left,59,95,73,12,1.13,37.0,
2025-11-04 00:21:15,1.17.2,Bandit100,15,4.11,,20,100,0,Right,Left,59,96,73,13,,,0.49
2025-11-04 00:21:22,1.17.2,Bandit100,15,4.11,,20,100,0,RightinTimeout,Left,59,96,73,13,,,0.0
2025-11-04 00:21:22,1.17.2,Bandit100,15,4.11,,20,100,0,RightinTimeout,Left,59,96,73,13,,,0.0
2025-11-04 00:21:22,1.17.2,Bandit100,15,4.11,,20,100,0,RightinTimeout,Left,59,96,73,13,,,0.0
2025-11-04 00:21:23,1.17.2,Bandit100,15,4.11,,20,100,0,RightinTimeout,Left,59,96,73,13,,,0.0
2025-11-04 00:21:23,1.17.2,Bandit100,15,4.12,,20,100,0,RightinTimeout,Left,59,96,73,13,,,0.0
2025-11-04 00:21:23,1.17.2,Bandit100,15,4.11,,20,100,0,RightinTimeout,Left,59,96,73,13,,,0.0
2025-11-04 00:21:44,1.17.2,Bandit100,15,4.11,,20,100,0,Left,Left,60,96,73,13,,,0.32
2025-11-04 00:21:46,1.17.2,Bandit100,15,4.11,1.0,20,100,0,Pellet,Left,60,96,74,13,0.53,67.0,
2025-11-04 00:22:05,1.17.2,Bandit100,15,4.11,,20,100,0,Left,Left,61,96,74,14,,,0.02
2025-11-04 00:22:06,1.17.2,Bandit100,15,4.11,,20,100,0,LeftWithPellet,Left,61,96,74,14,,,0.13
2025-11-04 00:22:07,1.17.2,Bandit100,15,4.11,1.0,20,100,0,Pellet,Left,61,96,75,14,1.72,21.0,
2025-11-04 00:22:16,1.17.2,Bandit100,15,4.11,,20,100,0,Left,Left,62,96,75,15,,,0.24
2025-11-04 00:22:19,1.17.2,Bandit100,15,4.11,1.0,20,100,0,Pellet,Left,62,96,76,15,1.91,12.0,
2025-11-04 00:22:30,1.17.2,Bandit100,15,4.11,,20,100,0,Left,Left,63,96,76,16,,,0.7
2025-11-04 00:22:31,1.17.2,Bandit100,15,4.11,1.0,20,100,0,Pellet,Left,63,96,77,16,0.65,12.0,
2025-11-04 00:22:42,1.17.2,Bandit100,15,4.11,,20,100,0,Left,Left,64,96,77,17,,,0.46
2025-11-04 00:22:43,1.17.2,Bandit100,15,4.11,1.0,20,100,0,Pellet,Left,64,96,78,17,0.89,12.0,
2025-11-04 00:22:52,1.17.2,Bandit100,15,4.11,,20,100,0,Left,Left,65,96,78,18,,,0.0
2025-11-04 00:22:55,1.17.2,Bandit100,15,4.11,1.0,20,100,0,Pellet,Left,65,96,79,18,1.61,12.0,
2025-11-04 00:23:28,1.17.2,Bandit100,15,4.11,,20,100,0,Left,Left,66,96,79,19,,,0.23
2025-11-04 00:23:30,1.17.2,Bandit100,15,4.11,1.0,20,100,0,Pellet,Left,66,96,80,19,1.13,35.0,
2025-11-04 00:23:40,1.17.2,Bandit100,15,4.12,,20,0,100,Left,Right,67,96,80,0,,,0.52
2025-11-04 00:23:40,1.17.2,Bandit100,15,4.11,,20,0,100,LeftinTimeOut,Right,67,96,80,0,,,
2025-11-04 00:24:17,1.17.2,Bandit100,15,4.11,,20,0,100,Left,Right,68,96,80,0,,,0.3
2025-11-04 00:24:19,1.17.2,Bandit100,15,4.12,,20,0,100,LeftinTimeOut,Right,68,96,80,0,,,
2025-11-04 00:24:27,1.17.2,Bandit100,15,4.11,,20,0,100,RightinTimeout,Right,68,96,80,0,,,0.0
2025-11-04 00:24:27,1.17.2,Bandit100,15,4.11,,20,0,100,RightinTimeout,Right,68,96,80,0,,,0.0
2025-11-04 00:24:28,1.17.2,Bandit100,15,4.11,,20,0,100,RightinTimeout,Right,68,96,80,0,,,0.0
2025-11-04 00:26:06,1.17.2,Bandit100,15,4.11,,20,0,100,Right,Right,68,97,80,0,,,0.4
2025-11-04 00:26:08,1.17.2,Bandit100,15,4.11,1.0,20,0,100,Pellet,Right,68,97,81,0,1.55,158.0,
2025-11-04 00:26:30,1.17.2,Bandit100,15,4.11,,20,0,100,Right,Right,68,98,81,1,,,0.87
2025-11-04 00:26:35,1.17.2,Bandit100,15,4.11,,20,0,100,RightWithPellet,Right,68,99,81,1,,,0.25
2025-11-04 00:26:37,1.17.2,Bandit100,15,4.11,1.0,20,0,100,Pellet,Right,68,99,82,1,6.1,29.0,
2025-11-04 00:27:02,1.17.2,Bandit100,15,4.11,,20,0,100,Left,Right,69,99,82,2,,,0.58
2025-11-04 00:27:06,1.17.2,Bandit100,15,4.11,,20,0,100,RightinTimeout,Right,69,99,82,2,,,0.0
2025-11-04 00:27:06,1.17.2,Bandit100,15,4.12,,20,0,100,RightinTimeout,Right,69,99,82,2,,,0.0
2025-11-04 00:27:07,1.17.2,Bandit100,15,4.11,,20,0,100,RightinTimeout,Right,69,99,82,2,,,0.0
2025-11-04 00:27:08,1.17.2,Bandit100,15,4.11,,20,0,100,RightinTimeout,Right,69,99,82,2,,,0.0
2025-11-04 00:27:09,1.17.2,Bandit100,15,4.11,,20,0,100,RightinTimeout,Right,69,99,82,2,,,0.0
2025-11-04 00:27:16,1.17.2,Bandit100,15,4.11,,20,0,100,RightinTimeout,Right,69,99,82,2,,,0.0
2025-11-04 00:27:24,1.17.2,Bandit100,15,4.11,,20,0,100,LeftinTimeOut,Right,69,99,82,2,,,
2025-11-04 00:27:35,1.17.2,Bandit100,15,4.11,,20,0,100,Left,Right,70,99,82,2,,,0.12
2025-11-04 00:27:35,1.17.2,Bandit100,15,4.11,,20,0,100,LeftinTimeOut,Right,70,99,82,2,,,
2025-11-04 00:31:09,1.17.2,Bandit100,15,4.11,,20,0,100,Left,Right,71,99,82,2,,,0.02
2025-11-04 00:31:10,1.17.2,Bandit100,15,4.11,,20,0,100,LeftinTimeOut,Right,71,99,82,2,,,
2025-11-04 00:33:12,1.17.2,Bandit100,15,4.11,,20,0,100,Left,Right,72,99,82,2,,,0.6
2025-11-04 00:33:13,1.17.2,Bandit100,15,4.11,,20,0,100,LeftinTimeOut,Right,72,99,82,2,,,
2025-11-04 00:35:04,1.17.2,Bandit100,15,4.11,,20,0,100,Left,Right,73,99,82,2,,,0.46
2025-11-04 00:35:08,1.17.2,Bandit100,15,4.11,,20,0,100,LeftinTimeOut,Right,73,99,82,2,,,
2025-11-04 00:35:09,1.17.2,Bandit100,15,4.11,,20,0,100,LeftinTimeOut,Right,73,99,82,2,,,
2025-11-04 00:35:11,1.17.2,Bandit100,15,4.11,,20,0,100,LeftinTimeOut,Right,73,99,82,2,,,
2025-11-04 00:40:50,1.17.2,Bandit100,15,4.11,,20,0,100,Left,Right,74,99,82,2,,,0.0
2025-11-04 00:40:52,1.17.2,Bandit100,15,4.11,,20,0,100,RightinTimeout,Right,74,99,82,2,,,0.0
2025-11-04 00:48:25,1.17.2,Bandit100,15,4.11,,20,0,100,Right,Right,74,100,82,2,,,0.36
2025-11-04 00:48:28,1.17.2,Bandit100,15,4.11,1.0,20,0,100,Pellet,Right,74,100,83,2,1.91,1311.0,
2025-11-04 00:48:54,1.17.2,Bandit100,15,4.11,,20,0,100,Right,Right,74,101,83,3,,,0.26
2025-11-04 00:48:55,1.17.2,Bandit100,15,4.11,1.0,20,0,100,Pellet,Right,74,101,84,3,0.71,27.0,
2025-11-04 00:49:04,1.17.2,Bandit100,15,4.11,,20,0,100,Left,Right,75,101,84,4,,,0.01
2025-11-04 00:49:10,1.17.2,Bandit100,15,4.11,,20,0,100,RightinTimeout,Right,75,101,84,4,,,0.0
2025-11-04 00:49:10,1.17.2,Bandit100,15,4.11,,20,0,100,RightinTimeout,Right,75,101,84,4,,,0.0
2025-11-04 00:49:11,1.17.2,Bandit100,15,4.11,,20,0,100,RightinTimeout,Right,75,101,84,4,,,0.0
2025-11-04 00:49:11,1.17.2,Bandit100,15,4.11,,20,0,100,RightinTimeout,Right,75,101,84,4,,,0.0
2025-11-04 00:49:15,1.17.2,Bandit100,15,4.11,,20,0,100,RightinTimeout,Right,75,101,84,4,,,0.0
2025-11-04 00:49:38,1.17.2,Bandit100,15,4.11,,20,0,100,Left,Right,76,101,84,4,,,0.25
2025-11-04 00:49:39,1.17.2,Bandit100,15,4.11,,20,0,100,LeftinTimeOut,Right,76,101,84,4,,,
2025-11-04 00:50:27,1.17.2,Bandit100,15,4.11,,20,0,100,Left,Right,77,101,84,4,,,0.21
2025-11-04 00:52:19,1.17.2,Bandit100,15,4.11,,20,0,100,Left,Right,78,101,84,4,,,0.31
2025-11-04 01:08:33,1.17.2,Bandit100,15,4.11,,20,0,100,Left,Right,79,101,84,4,,,0.52
2025-11-04 01:08:36,1.17.2,Bandit100,15,4.11,,20,0,100,RightinTimeout,Right,79,101,84,4,,,0.0
2025-11-04 02:31:00,1.17.2,Bandit100,15,4.11,,20,0,100,Right,Right,79,102,84,4,,,0.51
2025-11-04 02:31:03,1.17.2,Bandit100,15,4.09,1.0,20,0,100,Pellet,Right,79,102,85,4,1.97,6128.0,
2025-11-04 02:31:45,1.17.2,Bandit100,15,4.11,,20,0,100,Right,Right,79,103,85,5,,,0.32
2025-11-04 02:31:47,1.17.2,Bandit100,15,4.11,1.0,20,0,100,Pellet,Right,79,103,86,5,2.09,44.0,
2025-11-04 02:32:03,1.17.2,Bandit100,15,4.11,,20,0,100,Right,Right,79,104,86,6,,,0.15
2025-11-04 02:32:05,1.17.2,Bandit100,15,4.11,1.0,20,0,100,Pellet,Right,79,104,87,6,1.55,18.0,
2025-11-04 02:32:16,1.17.2,Bandit100,15,4.11,,20,0,100,Right,Right,79,105,87,7,,,0.36
2025-11-04 02:32:18,1.17.2,Bandit100,15,4.11,1.0,20,0,100,Pellet,Right,79,105,88,7,1.07,13.0,
2025-11-04 02:32:24,1.17.2,Bandit100,15,4.1,,20,0,100,Right,Right,79,106,88,8,,,0.47
2025-11-04 02:32:25,1.17.2,Bandit100,15,4.1,1.0,20,0,100,Pellet,Right,79,106,89,8,0.06,7.0,
2025-11-04 02:32:28,1.17.2,Bandit100,15,4.1,,20,0,100,Right,Right,79,107,89,9,,,0.0
2025-11-04 02:32:30,1.17.2,Bandit100,15,4.11,1.0,20,0,100,Pellet,Right,79,107,90,9,1.67,5.0,
2025-11-04 02:32:42,1.17.2,Bandit100,15,4.11,,20,0,100,Left,Right,80,107,90,10,,,0.0
2025-11-04 02:32:49,1.17.2,Bandit100,15,4.11,,20,0,100,RightinTimeout,Right,80,107,90,10,,,0.0
2025-11-04 02:32:50,1.17.2,Bandit100,15,4.11,,20,0,100,RightinTimeout,Right,80,107,90,10,,,0.0
2025-11-04 02:32:50,1.17.2,Bandit100,15,4.11,,20,0,100,RightinTimeout,Right,80,107,90,10,,,0.0
2025-11-04 02:32:51,1.17.2,Bandit100,15,4.1,,20,0,100,RightinTimeout,Right,80,107,90,10,,,0.0
2025-11-04 02:32:52,1.17.2,Bandit100,15,4.11,,20,0,100,RightinTimeout,Right,80,107,90,10,,,0.0
2025-11-04 02:32:53,1.17.2,Bandit100,15,4.11,,20,0,100,RightinTimeout,Right,80,107,90,10,,,0.0
2025-11-04 02:33:02,1.17.2,Bandit100,15,4.11,,20,0,100,RightinTimeout,Right,80,107,90,10,,,0.0
2025-11-04 02:33:02,1.17.2,Bandit100,15,4.1,,20,0,100,RightinTimeout,Right,80,107,90,10,,,0.0
2025-11-04 02:33:02,1.17.2,Bandit100,15,4.1,,20,0,100,RightinTimeout,Right,80,107,90,10,,,0.0
2025-11-04 02:33:06,1.17.2,Bandit100,15,4.11,,20,0,100,LeftinTimeOut,Right,80,107,90,10,,,
2025-11-04 02:33:08,1.17.2,Bandit100,15,4.11,,20,0,100,LeftinTimeOut,Right,80,107,90,10,,,
2025-11-04 02:42:59,1.17.2,Bandit100,15,4.11,,20,0,100,Left,Right,81,107,90,10,,,0.39
2025-11-04 02:43:18,1.17.2,Bandit100,15,4.1,,20,0,100,Right,Right,81,108,90,10,,,0.42
2025-11-04 02:43:20,1.17.2,Bandit100,15,4.1,1.0,20,0,100,Pellet,Right,81,108,91,10,1.37,650.0,
2025-11-04 02:46:16,1.17.2,Bandit100,15,4.11,,20,0,100,Right,Right,81,109,91,11,,,0.57
2025-11-04 02:46:16,1.17.2,Bandit100,15,4.11,1.0,20,0,100,Pellet,Right,81,109,92,11,0.06,176.0,
2025-11-04 02:46:35,1.17.2,Bandit100,15,4.11,,20,0,100,Right,Right,81,110,92,12,,,0.31
2025-11-04 02:46:37,1.17.2,Bandit100,15,4.11,2.0,20,0,100,Pellet,Right,81,110,93,12,1.13,21.0,
2025-11-04 02:47:04,1.17.2,Bandit100,15,4.11,,20,0,100,Right,Right,81,111,93,13,,,0.14
2025-11-04 02:47:05,1.17.2,Bandit100,15,4.11,1.0,20,0,100,Pellet,Right,81,111,94,13,1.25,28.0,
2025-11-04 02:47:19,1.17.2,Bandit100,15,4.11,,20,0,100,Right,Right,81,112,94,14,,,0.36
2025-11-04 02:47:21,1.17.2,Bandit100,15,4.11,2.0,20,0,100,Pellet,Right,81,112,95,14,0.95,16.0,
2025-11-04 02:47:32,1.17.2,Bandit100,15,4.11,,20,0,100,Left,Right,82,112,95,15,,,0.35
2025-11-04 02:48:09,1.17.2,Bandit100,15,4.11,,20,0,100,Right,Right,82,113,95,15,,,0.34
2025-11-04 02:48:11,1.17.2,Bandit100,15,4.11,1.0,20,0,100,Pellet,Right,82,113,96,15,1.25,50.0,
2025-11-04 02:48:29,1.17.2,Bandit100,15,4.11,,20,0,100,Right,Right,82,114,96,16,,,0.32
2025-11-04 02:48:30,1.17.2,Bandit100,15,4.11,1.0,20,0,100,Pellet,Right,82,114,97,16,0.83,19.0,
2025-11-04 02:48:42,1.17.2,Bandit100,15,4.11,,20,0,100,Right,Right,82,115,97,17,,,0.13
2025-11-04 02:48:44,1.17.2,Bandit100,15,4.11,1.0,20,0,100,Pellet,Right,82,115,98,17,1.49,14.0,
2025-11-04 02:48:57,1.17.2,Bandit100,15,4.11,,20,0,100,Left,Right,83,115,98,18,,,0.12
2025-11-04 02:49:05,1.17.2,Bandit100,15,4.11,,20,0,100,RightinTimeout,Right,83,115,98,18,,,0.0
2025-11-04 02:49:06,1.17.2,Bandit100,15,4.11,,20,0,100,RightinTimeout,Right,83,115,98,18,,,0.0
2025-11-04 02:50:40,1.17.2,Bandit100,15,4.11,,20,0,100,Right,Right,83,116,98,18,,,0.34
2025-11-04 02:50:42,1.17.2,Bandit100,15,4.11,1.0,20,0,100,Pellet,Right,83,116,99,18,0.95,118.0,
2025-11-04 02:51:06,1.17.2,Bandit100,15,4.1,,20,0,100,Right,Right,83,117,99,19,,,0.19
2025-11-04 02:51:08,1.17.2,Bandit100,15,4.1,1.0,20,0,100,Pellet,Right,83,117,100,19,0.83,26.0,
2025-11-04 02:53:20,1.17.2,Bandit100,15,4.11,,20,100,0,Left,Left,84,117,100,0,,,0.21
2025-11-04 02:53:22,1.17.2,Bandit100,15,4.11,1.0,20,100,0,Pellet,Left,84,117,101,0,1.19,134.0,
2025-11-04 02:58:44,1.17.2,Bandit100,15,4.11,,20,100,0,Right,Left,84,118,101,1,,,0.6
2025-11-04 03:02:31,1.17.2,Bandit100,15,4.11,,20,100,0,Left,Left,85,118,101,1,,,0.25
2025-11-04 03:02:33,1.17.2,Bandit100,15,4.1,1.0,20,100,0,Pellet,Left,85,118,102,1,1.31,551.0,
2025-11-04 03:02:45,1.17.2,Bandit100,15,4.11,,20,100,0,Left,Left,86,118,102,2,,,0.21
2025-11-04 03:02:46,1.17.2,Bandit100,15,4.1,,20,100,0,LeftWithPellet,Left,86,118,102,2,,,0.01
2025-11-04 03:02:47,1.17.2,Bandit100,15,4.1,1.0,20,100,0,Pellet,Left,86,118,103,2,1.43,14.0,
2025-11-04 03:06:21,1.17.2,Bandit100,15,4.11,,20,100,0,Left,Left,87,118,103,3,,,0.01
2025-11-04 03:06:23,1.17.2,Bandit100,15,4.11,1.0,20,100,0,Pellet,Left,87,118,104,3,1.43,216.0,
2025-11-04 03:06:48,1.17.2,Bandit100,15,4.11,,20,100,0,Left,Left,88,118,104,4,,,0.21
2025-11-04 03:06:49,1.17.2,Bandit100,15,4.11,1.0,20,100,0,Pellet,Left,88,118,105,4,0.06,26.0,
2025-11-04 03:06:58,1.17.2,Bandit100,15,4.11,,20,100,0,Left,Left,89,118,105,5,,,0.26
2025-11-04 03:06:59,1.17.2,Bandit100,15,4.1,1.0,20,100,0,Pellet,Left,89,118,106,5,0.83,10.0,
2025-11-04 03:07:09,1.17.2,Bandit100,15,4.11,,20,100,0,Left,Left,90,118,106,6,,,0.1
2025-11-04 03:07:10,1.17.2,Bandit100,15,4.1,,20,100,0,LeftDuringDispense,Left,90,118,106,6,,,0.06
2025-11-04 03:07:11,1.17.2,Bandit100,15,4.11,2.0,20,100,0,Pellet,Left,90,118,107,6,0.06,12.0,
2025-11-04 03:07:39,1.17.2,Bandit100,15,4.11,,20,100,0,Right,Left,90,119,107,7,,,0.33
2025-11-04 03:07:45,1.17.2,Bandit100,15,4.11,,20,100,0,LeftinTimeOut,Left,90,119,107,7,,,
2025-11-04 03:11:12,1.17.2,Bandit100,15,4.1,,20,100,0,Right,Left,90,120,107,7,,,0.19
2025-11-04 03:16:14,1.17.2,Bandit100,15,4.11,,20,100,0,Right,Left,90,121,107,7,,,0.31
2025-11-04 03:53:28,1.17.2,Bandit100,15,4.11,,20,100,0,Left,Left,91,121,107,7,,,0.22
2025-11-04 03:53:30,1.17.2,Bandit100,15,4.11,1.0,20,100,0,Pellet,Left,91,121,108,7,1.85,2779.0,
2025-11-04 03:53:43,1.17.2,Bandit100,15,4.1,,20,100,0,Right,Left,91,122,108,8,,,0.48
2025-11-04 03:53:49,1.17.2,Bandit100,15,4.11,,20,100,0,LeftinTimeOut,Left,91,122,108,8,,,
2025-11-04 03:53:52,1.17.2,Bandit100,15,4.1,,20,100,0,LeftinTimeOut,Left,91,122,108,8,,,
2025-11-04 03:54:40,1.17.2,Bandit100,15,4.1,,20,100,0,Left,Left,92,122,108,8,,,0.05
2025-11-04 03:54:41,1.17.2,Bandit100,15,4.1,1.0,20,100,0,Pellet,Left,92,122,109,8,0.77,71.0,
2025-11-04 03:55:53,1.17.2,Bandit100,15,4.11,,20,100,0,Left,Left,93,122,109,9,,,0.59
2025-11-04 03:55:55,1.17.2,Bandit100,15,4.1,1.0,20,100,0,Pellet,Left,93,122,110,9,1.31,74.0,
2025-11-04 03:56:39,1.17.2,Bandit100,15,4.11,,20,100,0,Right,Left,93,123,110,10,,,0.15
2025-11-04 03:56:47,1.17.2,Bandit100,15,4.1,,20,100,0,RightinTimeout,Left,93,123,110,10,,,0.0
2025-11-04 03:56:52,1.17.2,Bandit100,15,4.1,,20,100,0,RightinTimeout,Left,93,123,110,10,,,0.0
2025-11-04 03:56:52,1.17.2,Bandit100,15,4.1,,20,100,0,RightinTimeout,Left,93,123,110,10,,,0.0
2025-11-04 04:00:11,1.17.2,Bandit100,15,4.1,,20,100,0,Left,Left,94,123,110,10,,,0.29
2025-11-04 04:00:12,1.17.2,Bandit100,15,4.1,1.0,20,100,0,Pellet,Left,94,123,111,10,0.59,257.0,
2025-11-04 04:00:36,1.17.2,Bandit100,15,4.11,,20,100,0,Left,Left,95,123,111,11,,,0.01
2025-11-04 04:00:38,1.17.2,Bandit100,15,4.1,1.0,20,100,0,Pellet,Left,95,123,112,11,1.07,26.0,
2025-11-04 04:00:56,1.17.2,Bandit100,15,4.11,,20,100,0,Left,Left,96,123,112,12,,,0.17
2025-11-04 04:00:57,1.17.2,Bandit100,15,4.11,1.0,20,100,0,Pellet,Left,96,123,113,12,0.71,19.0,
2025-11-04 04:01:26,1.17.2,Bandit100,15,4.1,,20,100,0,Left,Left,97,123,113,13,,,0.7
2025-11-04 04:01:26,1.17.2,Bandit100,15,4.11,,20,100,0,LeftDuringDispense,Left,97,123,113,13,,,0.03
2025-11-04 04:01:30,1.17.2,Bandit100,15,4.1,2.0,20,100,0,Pellet,Left,97,123,114,13,1.07,33.0,
2025-11-04 04:02:12,1.17.2,Bandit100,15,4.11,,20,100,0,Left,Left,98,123,114,14,,,0.42
2025-11-04 04:02:13,1.17.2,Bandit100,15,4.1,1.0,20,100,0,Pellet,Left,98,123,115,14,0.41,43.0,
2025-11-04 04:02:31,1.17.2,Bandit100,15,4.11,,20,100,0,Left,Left,99,123,115,15,,,0.0
2025-11-04 04:02:32,1.17.2,Bandit100,15,4.1,1.0,20,100,0,Pellet,Left,99,123,116,15,0.65,19.0,
2025-11-04 04:02:44,1.17.2,Bandit100,15,4.11,,20,100,0,Left,Left,100,123,116,16,,,0.14
2025-11-04 04:02:45,1.17.2,Bandit100,15,4.11,1.0,20,100,0,Pellet,Left,100,123,117,16,1.13,13.0,
2025-11-04 04:03:06,1.17.2,Bandit100,15,4.1,,20,100,0,Right,Left,100,124,117,17,,,0.22
2025-11-04 04:03:11,1.17.2,Bandit100,15,4.1,,20,100,0,LeftinTimeOut,Left,100,124,117,17,,,
2025-11-04 04:04:05,1.17.2,Bandit100,15,4.1,,20,100,0,Left,Left,101,124,117,17,,,0.34
2025-11-04 04:04:06,1.17.2,Bandit100,15,4.1,1.0,20,100,0,Pellet,Left,101,124,118,17,0.77,81.0,
2025-11-04 04:04:16,1.17.2,Bandit100,15,4.1,,20,100,0,Left,Left,102,124,118,18,,,0.09
2025-11-04 04:04:18,1.17.2,Bandit100,15,4.1,1.0,20,100,0,Pellet,Left,102,124,119,18,0.89,12.0,
2025-11-04 04:04:29,1.17.2,Bandit100,15,4.11,,20,100,0,Left,Left,103,124,119,19,,,0.13
2025-11-04 04:04:30,1.17.2,Bandit100,15,4.09,1.0,20,100,0,Pellet,Left,103,124,120,19,0.71,12.0,
2025-11-04 04:04:38,1.17.2,Bandit100,15,4.1,,20,0,100,Left,Right,104,124,120,0,,,0.46
2025-11-04 04:04:41,1.17.2,Bandit100,15,4.1,,20,0,100,LeftinTimeOut,Right,104,124,120,0,,,
2025-11-04 04:04:45,1.17.2,Bandit100,15,4.11,,20,0,100,RightinTimeout,Right,104,124,120,0,,,0.0
2025-11-04 04:04:47,1.17.2,Bandit100,15,4.1,,20,0,100,RightinTimeout,Right,104,124,120,0,,,0.0
2025-11-04 04:05:16,1.17.2,Bandit100,15,4.11,,20,0,100,Left,Right,105,124,120,0,,,0.2
2025-11-04 04:05:17,1.17.2,Bandit100,15,4.11,,20,0,100,LeftinTimeOut,Right,105,124,120,0,,,
2025-11-04 04:06:04,1.17.2,Bandit100,15,4.1,,20,0,100,Right,Right,105,125,120,0,,,0.22
2025-11-04 04:06:08,1.17.2,Bandit100,15,4.11,1.0,20,0,100,Pellet,Right,105,125,121,0,2.81,98.0,
2025-11-04 04:06:24,1.17.2,Bandit100,15,4.11,,20,0,100,Right,Right,105,126,121,1,,,0.04
2025-11-04 04:06:27,1.17.2,Bandit100,15,4.1,1.0,20,0,100,Pellet,Right,105,126,122,1,2.15,19.0,
2025-11-04 04:06:41,1.17.2,Bandit100,15,4.09,,20,0,100,Right,Right,105,127,122,2,,,0.33
2025-11-04 04:06:43,1.17.2,Bandit100,15,4.11,1.0,20,0,100,Pellet,Right,105,127,123,2,0.77,16.0,
2025-11-04 04:06:55,1.17.2,Bandit100,15,4.1,,20,0,100,Right,Right,105,128,123,3,,,0.04
2025-11-04 04:06:58,1.17.2,Bandit100,15,4.1,1.0,20,0,100,Pellet,Right,105,128,124,3,2.27,15.0,
2025-11-04 04:07:15,1.17.2,Bandit100,15,4.1,,20,0,100,Left,Right,106,128,124,4,,,0.2
2025-11-04 04:08:20,1.17.2,Bandit100,15,4.1,,20,0,100,Left,Right,107,128,124,4,,,0.41
2025-11-04 04:09:36,1.17.2,Bandit100,15,4.09,,20,0,100,Left,Right,108,128,124,4,,,0.0
2025-11-04 04:17:51,1.17.2,Bandit100,15,4.1,,20,0,100,Left,Right,109,128,124,4,,,0.3
2025-11-04 04:18:04,1.17.2,Bandit100,15,4.1,,20,0,100,Left,Right,110,128,124,4,,,0.21
2025-11-04 04:18:07,1.17.2,Bandit100,15,4.1,,20,0,100,LeftinTimeOut,Right,110,128,124,4,,,
2025-11-04 04:24:04,1.17.2,Bandit100,15,4.1,,20,0,100,Left,Right,111,128,124,4,,,0.01
2025-11-04 04:24:05,1.17.2,Bandit100,15,4.1,,20,0,100,LeftinTimeOut,Right,111,128,124,4,,,
2025-11-04 04:24:06,1.17.2,Bandit100,15,4.1,,20,0,100,LeftinTimeOut,Right,111,128,124,4,,,
2025-11-04 04:24:08,1.17.2,Bandit100,15,4.1,,20,0,100,RightinTimeout,Right,111,128,124,4,,,0.0
2025-11-04 04:24:08,1.17.2,Bandit100,15,4.1,,20,0,100,RightinTimeout,Right,111,128,124,4,,,0.0
2025-11-04 04:24:09,1.17.2,Bandit100,15,4.1,,20,0,100,RightinTimeout,Right,111,128,124,4,,,0.0
2025-11-04 04:29:00,1.17.2,Bandit100,15,4.1,,20,0,100,Left,Right,112,128,124,4,,,0.38
2025-11-04 04:29:01,1.17.2,Bandit100,15,4.1,,20,0,100,LeftinTimeOut,Right,112,128,124,4,,,
2025-11-04 04:30:22,1.17.2,Bandit100,15,4.1,,20,0,100,Right,Right,112,129,124,4,,,0.69
2025-11-04 04:30:25,1.17.2,Bandit100,15,4.1,2.0,20,0,100,Pellet,Right,112,129,125,4,1.85,1407.0,
2025-11-04 04:30:36,1.17.2,Bandit100,15,4.1,,20,0,100,Right,Right,112,130,125,5,,,0.41
2025-11-04 04:30:39,1.17.2,Bandit100,15,4.1,1.0,20,0,100,Pellet,Right,112,130,126,5,1.73,14.0,
2025-11-04 04:30:57,1.17.2,Bandit100,15,4.11,,20,0,100,Right,Right,112,131,126,6,,,0.0
2025-11-04 04:30:58,1.17.2,Bandit100,15,4.1,1.0,20,0,100,Pellet,Right,112,131,127,6,0.06,19.0,
2025-11-04 04:31:07,1.17.2,Bandit100,15,4.1,,20,0,100,Right,Right,112,132,127,7,,,0.58
2025-11-04 04:31:10,1.17.2,Bandit100,15,4.09,1.0,20,0,100,Pellet,Right,112,132,128,7,2.69,12.0,
2025-11-04 04:31:30,1.17.2,Bandit100,15,4.1,,20,0,100,Left,Right,113,132,128,8,,,0.16
2025-11-04 04:35:59,1.17.2,Bandit100,15,4.1,,20,0,100,Left,Right,114,132,128,8,,,0.3
2025-11-04 04:36:02,1.17.2,Bandit100,15,4.1,,20,0,100,RightinTimeout,Right,114,132,128,8,,,0.0
2025-11-04 04:36:02,1.17.2,Bandit100,15,4.1,,20,0,100,RightinTimeout,Right,114,132,128,8,,,0.0
2025-11-04 04:36:03,1.17.2,Bandit100,15,4.1,,20,0,100,RightinTimeout,Right,114,132,128,8,,,0.0
2025-11-04 04:36:03,1.17.2,Bandit100,15,4.09,,20,0,100,RightinTimeout,Right,114,132,128,8,,,0.0
2025-11-04 04:36:04,1.17.2,Bandit100,15,4.1,,20,0,100,RightinTimeout,Right,114,132,128,8,,,0.0
2025-11-04 04:36:04,1.17.2,Bandit100,15,4.09,,20,0,100,RightinTimeout,Right,114,132,128,8,,,0.0
2025-11-04 04:36:59,1.17.2,Bandit100,15,4.1,,20,0,100,Right,Right,114,133,128,8,,,0.43
2025-11-04 04:37:00,1.17.2,Bandit100,15,4.1,,20,0,100,RightWithPellet,Right,114,134,128,8,,,0.15
2025-11-04 04:37:02,1.17.2,Bandit100,15,4.1,1.0,20,0,100,Pellet,Right,114,134,129,8,2.11,352.0,
2025-11-04 04:37:24,1.17.2,Bandit100,15,4.09,,20,0,100,Right,Right,114,135,129,9,,,0.4
2025-11-04 04:37:25,1.17.2,Bandit100,15,4.1,1.0,20,0,100,Pellet,Right,114,135,130,9,0.77,23.0,
2025-11-04 04:37:51,1.17.2,Bandit100,15,4.1,,20,0,100,Right,Right,114,136,130,10,,,0.02
2025-11-04 04:37:53,1.17.2,Bandit100,15,4.09,1.0,20,0,100,Pellet,Right,114,136,131,10,0.95,28.0,
2025-11-04 04:38:03,1.17.2,Bandit100,15,4.11,,20,0,100,Left,Right,115,136,131,11,,,0.03
2025-11-04 04:38:04,1.17.2,Bandit100,15,4.1,,20,0,100,LeftinTimeOut,Right,115,136,131,11,,,
2025-11-04 04:38:06,1.17.2,Bandit100,15,4.1,,20,0,100,LeftinTimeOut,Right,115,136,131,11,,,
2025-11-04 04:38:09,1.17.2,Bandit100,15,4.1,,20,0,100,LeftinTimeOut,Right,115,136,131,11,,,
2025-11-04 04:38:13,1.17.2,Bandit100,15,4.09,,20,0,100,RightinTimeout,Right,115,136,131,11,,,0.0
2025-11-04 04:38:16,1.17.2,Bandit100,15,4.1,,20,0,100,LeftinTimeOut,Right,115,136,131,11,,,
2025-11-04 04:38:18,1.17.2,Bandit100,15,4.11,,20,0,100,LeftinTimeOut,Right,115,136,131,11,,,
2025-11-04 04:38:18,1.17.2,Bandit100,15,4.1,,20,0,100,LeftinTimeOut,Right,115,136,131,11,,,
2025-11-04 04:39:20,1.17.2,Bandit100,15,4.1,,20,0,100,Right,Right,115,137,131,11,,,0.54
2025-11-04 04:39:21,1.17.2,Bandit100,15,4.1,1.0,20,0,100,Pellet,Right,115,137,132,11,0.59,88.0,
2025-11-04 04:39:29,1.17.2,Bandit100,15,4.1,,20,0,100,Left,Right,116,137,132,12,,,0.37
2025-11-04 04:39:29,1.17.2,Bandit100,15,4.1,,20,0,100,LeftinTimeOut,Right,116,137,132,12,,,
2025-11-04 04:39:32,1.17.2,Bandit100,15,4.1,,20,0,100,LeftinTimeOut,Right,116,137,132,12,,,
2025-11-04 04:39:34,1.17.2,Bandit100,15,4.1,,20,0,100,LeftinTimeOut,Right,116,137,132,12,,,
2025-11-04 04:39:35,1.17.2,Bandit100,15,4.11,,20,0,100,LeftinTimeOut,Right,116,137,132,12,,,
2025-11-04 04:39:35,1.17.2,Bandit100,15,4.1,,20,0,100,LeftinTimeOut,Right,116,137,132,12,,,
2025-11-04 04:41:34,1.17.2,Bandit100,15,4.1,,20,0,100,Right,Right,116,138,132,12,,,0.3
2025-11-04 04:41:38,1.17.2,Bandit100,15,4.11,2.0,20,0,100,Pellet,Right,116,138,133,12,1.19,137.0,
2025-11-04 04:41:56,1.17.2,Bandit100,15,4.1,,20,0,100,Right,Right,116,139,133,13,,,0.12
2025-11-04 04:41:56,1.17.2,Bandit100,15,4.09,,20,0,100,RightDuringDispense,Right,116,139,133,13,,,0.04
2025-11-04 04:42:00,1.17.2,Bandit100,15,4.1,2.0,20,0,100,Pellet,Right,116,139,134,13,0.53,21.0,
2025-11-04 04:42:20,1.17.2,Bandit100,15,4.1,,20,0,100,Right,Right,116,140,134,14,,,0.46
2025-11-04 04:42:21,1.17.2,Bandit100,15,4.1,,20,0,100,RightWithPellet,Right,116,141,134,14,,,0.14
2025-11-04 04:42:22,1.17.2,Bandit100,15,4.1,1.0,20,0,100,Pellet,Right,116,141,135,14,1.67,23.0,
2025-11-04 04:42:35,1.17.2,Bandit100,15,4.1,,20,0,100,Left,Right,117,141,135,15,,,0.02
2025-11-04 04:42:35,1.17.2,Bandit100,15,4.1,,20,0,100,LeftinTimeOut,Right,117,141,135,15,,,
2025-11-04 04:42:37,1.17.2,Bandit100,15,4.1,,20,0,100,LeftinTimeOut,Right,117,141,135,15,,,
2025-11-04 04:42:38,1.17.2,Bandit100,15,4.1,,20,0,100,LeftinTimeOut,Right,117,141,135,15,,,
2025-11-04 04:42:40,1.17.2,Bandit100,15,4.1,,20,0,100,LeftinTimeOut,Right,117,141,135,15,,,
2025-11-04 04:42:41,1.17.2,Bandit100,15,4.1,,20,0,100,LeftinTimeOut,Right,117,141,135,15,,,
2025-11-04 04:42:45,1.17.2,Bandit100,15,4.1,,20,0,100,LeftinTimeOut,Right,117,141,135,15,,,
2025-11-04 04:42:47,1.17.2,Bandit100,15,4.1,,20,0,100,LeftinTimeOut,Right,117,141,135,15,,,
2025-11-04 04:42:54,1.17.2,Bandit100,15,4.09,,20,0,100,RightinTimeout,Right,117,141,135,15,,,0.0
2025-11-04 04:44:11,1.17.2,Bandit100,15,4.1,,20,0,100,Left,Right,118,141,135,15,,,0.17
2025-11-04 04:46:14,1.17.2,Bandit100,15,4.09,,20,0,100,Left,Right,119,141,135,15,,,0.35
2025-11-04 04:46:15,1.17.2,Bandit100,15,4.1,,20,0,100,LeftinTimeOut,Right,119,141,135,15,,,
2025-11-04 04:50:58,1.17.2,Bandit100,15,4.1,,20,0,100,Right,Right,119,142,135,15,,,0.33
2025-11-04 04:51:00,1.17.2,Bandit100,15,4.1,1.0,20,0,100,Pellet,Right,119,142,136,15,0.53,518.0,
2025-11-04 04:51:38,1.17.2,Bandit100,15,4.1,,20,0,100,Right,Right,119,143,136,16,,,0.37
2025-11-04 04:51:38,1.17.2,Bandit100,15,4.09,,20,0,100,RightDuringDispense,Right,119,143,136,16,,,0.01
2025-11-04 04:51:42,1.17.2,Bandit100,15,4.1,2.0,20,0,100,Pellet,Right,119,143,137,16,0.89,41.0,
2025-11-04 04:51:54,1.17.2,Bandit100,15,4.1,,20,0,100,Right,Right,119,144,137,17,,,0.04
2025-11-04 04:51:55,1.17.2,Bandit100,15,4.1,1.0,20,0,100,Pellet,Right,119,144,138,17,1.01,14.0,
2025-11-04 04:52:05,1.17.2,Bandit100,15,4.11,,20,0,100,Left,Right,120,144,138,18,,,0.04
2025-11-04 04:52:06,1.17.2,Bandit100,15,4.1,,20,0,100,LeftinTimeOut,Right,120,144,138,18,,,
2025-11-04 04:52:11,1.17.2,Bandit100,15,4.1,,20,0,100,RightinTimeout,Right,120,144,138,18,,,0.0
2025-11-04 04:52:12,1.17.2,Bandit100,15,4.09,,20,0,100,RightinTimeout,Right,120,144,138,18,,,0.0
2025-11-04 04:52:13,1.17.2,Bandit100,15,4.1,,20,0,100,RightinTimeout,Right,120,144,138,18,,,0.0
2025-11-04 04:54:41,1.17.2,Bandit100,15,4.1,,20,0,100,Left,Right,121,144,138,18,,,0.06
2025-11-04 04:54:42,1.17.2,Bandit100,15,4.1,,20,0,100,LeftinTimeOut,Right,121,144,138,18,,,
2025-11-04 04:54:45,1.17.2,Bandit100,15,4.1,,20,0,100,RightinTimeout,Right,121,144,138,18,,,0.0
2025-11-04 04:54:45,1.17.2,Bandit100,15,4.1,,20,0,100,RightinTimeout,Right,121,144,138,18,,,0.0
2025-11-04 04:54:48,1.17.2,Bandit100,15,4.1,,20,0,100,RightinTimeout,Right,121,144,138,18,,,0.0
2025-11-04 04:54:48,1.17.2,Bandit100,15,4.1,,20,0,100,RightinTimeout,Right,121,144,138,18,,,0.0
2025-11-04 04:54:53,1.17.2,Bandit100,15,4.1,,20,0,100,RightinTimeout,Right,121,144,138,18,,,0.0
2025-11-04 04:57:38,1.17.2,Bandit100,15,4.1,,20,0,100,Left,Right,122,144,138,18,,,0.06
2025-11-04 04:58:26,1.17.2,Bandit100,15,4.1,,20,0,100,Right,Right,122,145,138,18,,,0.12
2025-11-04 04:58:28,1.17.2,Bandit100,15,4.1,2.0,20,0,100,Pellet,Right,122,145,139,18,0.06,393.0,
2025-11-04 04:58:53,1.17.2,Bandit100,15,4.1,,20,0,100,Right,Right,122,146,139,19,,,0.62
2025-11-04 04:58:54,1.17.2,Bandit100,15,4.09,1.0,20,0,100,Pellet,Right,122,146,140,19,0.71,26.0,
2025-11-04 05:05:20,1.17.2,Bandit100,15,4.1,,20,100,0,Right,Left,122,147,140,0,,,0.26
2025-11-04 05:08:22,1.17.2,Bandit100,15,4.1,,20,100,0,Right,Left,122,148,140,0,,,0.09
2025-11-04 05:15:30,1.17.2,Bandit100,15,4.1,,20,100,0,Left,Left,123,148,140,0,,,0.28
2025-11-04 05:15:31,1.17.2,Bandit100,15,4.1,1.0,20,100,0,Pellet,Left,123,148,141,0,1.13,997.0,
2025-11-04 05:15:42,1.17.2,Bandit100,15,4.1,,20,100,0,Left,Left,124,148,141,1,,,0.02
2025-11-04 05:15:42,1.17.2,Bandit100,15,4.09,1.0,20,100,0,Pellet,Left,124,148,142,1,0.06,11.0,
2025-11-04 05:15:50,1.17.2,Bandit100,15,4.09,,20,100,0,Left,Left,125,148,142,2,,,0.26
2025-11-04 05:15:52,1.17.2,Bandit100,15,4.09,1.0,20,100,0,Pellet,Left,125,148,143,2,0.77,10.0,
2025-11-04 05:16:20,1.17.2,Bandit100,15,4.09,,20,100,0,Left,Left,126,148,143,3,,,0.09
2025-11-04 05:16:21,1.17.2,Bandit100,15,4.09,1.0,20,100,0,Pellet,Left,126,148,144,3,0.89,29.0,
2025-11-04 05:16:30,1.17.2,Bandit100,15,4.09,,20,100,0,Left,Left,127,148,144,4,,,0.16
2025-11-04 05:16:32,1.17.2,Bandit100,15,4.1,1.0,20,100,0,Pellet,Left,127,148,145,4,1.61,11.0,
2025-11-04 05:17:01,1.17.2,Bandit100,15,4.09,,20,100,0,Left,Left,128,148,145,5,,,0.45
2025-11-04 05:17:03,1.17.2,Bandit100,15,4.09,1.0,20,100,0,Pellet,Left,128,148,146,5,0.53,31.0,
2025-11-04 05:17:36,1.17.2,Bandit100,15,4.1,,20,100,0,Left,Left,129,148,146,6,,,0.21
2025-11-04 05:17:37,1.17.2,Bandit100,15,4.1,1.0,20,100,0,Pellet,Left,129,148,147,6,0.83,34.0,
2025-11-04 05:17:54,1.17.2,Bandit100,15,4.1,,20,100,0,Left,Left,130,148,147,7,,,0.03
2025-11-04 05:17:54,1.17.2,Bandit100,15,4.1,,20,100,0,LeftWithPellet,Left,130,148,147,7,,,0.04
2025-11-04 05:17:55,1.17.2,Bandit100,15,4.1,1.0,20,100,0,Pellet,Left,130,148,148,7,0.92,18.0,
2025-11-04 05:18:14,1.17.2,Bandit100,15,4.1,,20,100,0,Left,Left,131,148,148,8,,,0.0
2025-11-04 05:18:14,1.17.2,Bandit100,15,4.09,,20,100,0,LeftDuringDispense,Left,131,148,148,8,,,0.03
2025-11-04 05:18:18,1.17.2,Bandit100,15,4.1,2.0,20,100,0,Pellet,Left,131,148,149,8,1.37,23.0,
2025-11-04 05:18:33,1.17.2,Bandit100,15,4.1,,20,100,0,Left,Left,132,148,149,9,,,0.59
2025-11-04 05:18:34,1.17.2,Bandit100,15,4.1,1.0,20,100,0,Pellet,Left,132,148,150,9,0.71,16.0,
2025-11-04 05:18:46,1.17.2,Bandit100,15,4.09,,20,100,0,Left,Left,133,148,150,10,,,0.36
2025-11-04 05:18:47,1.17.2,Bandit100,15,4.1,1.0,20,100,0,Pellet,Left,133,148,151,10,0.47,13.0,
2025-11-04 05:19:00,1.17.2,Bandit100,15,4.09,,20,100,0,Left,Left,134,148,151,11,,,0.02
2025-11-04 05:19:01,1.17.2,Bandit100,15,4.1,1.0,20,100,0,Pellet,Left,134,148,152,11,0.71,14.0,
2025-11-04 05:19:15,1.17.2,Bandit100,15,4.1,,20,100,0,Left,Left,135,148,152,12,,,0.51
2025-11-04 05:19:16,1.17.2,Bandit100,15,4.09,1.0,20,100,0,Pellet,Left,135,148,153,12,1.01,15.0,
2025-11-04 05:19:31,1.17.2,Bandit100,15,4.1,,20,100,0,Left,Left,136,148,153,13,,,0.44
2025-11-04 05:19:32,1.17.2,Bandit100,15,4.09,1.0,20,100,0,Pellet,Left,136,148,154,13,0.77,16.0,
2025-11-04 05:19:38,1.17.2,Bandit100,15,4.1,,20,100,0,Left,Left,137,148,154,14,,,0.11
2025-11-04 05:19:40,1.17.2,Bandit100,15,4.09,1.0,20,100,0,Pellet,Left,137,148,155,14,0.71,8.0,
2025-11-04 05:20:05,1.17.2,Bandit100,15,4.1,,20,100,0,Left,Left,138,148,155,15,,,0.2
2025-11-04 05:20:06,1.17.2,Bandit100,15,4.1,1.0,20,100,0,Pellet,Left,138,148,156,15,0.89,26.0,
2025-11-04 05:20:15,1.17.2,Bandit100,15,4.1,,20,100,0,Left,Left,139,148,156,16,,,0.21
2025-11-04 05:20:15,1.17.2,Bandit100,15,4.09,1.0,20,100,0,Pellet,Left,139,148,157,16,0.06,9.0,
2025-11-04 05:20:29,1.17.2,Bandit100,15,4.09,,20,100,0,Left,Left,140,148,157,17,,,0.17
2025-11-04 05:20:30,1.17.2,Bandit100,15,4.09,1.0,20,100,0,Pellet,Left,140,148,158,17,0.06,15.0,
2025-11-04 05:25:12,1.17.2,Bandit100,15,4.09,,20,100,0,Right,Left,140,149,158,18,,,0.19
2025-11-04 05:31:36,1.17.2,Bandit100,15,4.09,,20,100,0,Left,Left,141,149,158,18,,,0.01
2025-11-04 05:31:38,1.17.2,Bandit100,15,4.09,1.0,20,100,0,Pellet,Left,141,149,159,18,0.71,668.0,
2025-11-04 05:31:53,1.17.2,Bandit100,15,4.09,,20,100,0,Left,Left,142,149,159,19,,,0.2
2025-11-04 05:31:54,1.17.2,Bandit100,15,4.09,1.0,20,100,0,Pellet,Left,142,149,160,19,0.41,16.0,
2025-11-04 05:32:05,1.17.2,Bandit100,15,4.09,,20,0,100,Left,Right,143,149,160,0,,,0.13
2025-11-04 05:38:33,1.17.2,Bandit100,15,4.09,,20,0,100,Right,Right,143,150,160,0,,,0.14
2025-11-04 05:38:35,1.17.2,Bandit100,15,4.09,1.0,20,0,100,Pellet,Right,143,150,161,0,1.07,401.0,
2025-11-04 05:56:41,1.17.2,Bandit100,15,4.1,,20,0,100,Left,Right,144,150,161,1,,,0.0
2025-11-04 06:18:15,1.17.2,Bandit100,15,4.09,,20,0,100,Right,Right,144,151,161,1,,,0.21
2025-11-04 06:18:18,1.17.2,Bandit100,15,4.09,1.0,20,0,100,Pellet,Right,144,151,162,1,2.57,2383.0,
2025-11-04 06:18:31,1.17.2,Bandit100,15,4.09,,20,0,100,Right,Right,144,152,162,2,,,0.16
2025-11-04 06:18:33,1.17.2,Bandit100,15,4.09,1.0,20,0,100,Pellet,Right,144,152,163,2,0.71,15.0,
2025-11-04 06:23:00,1.17.2,Bandit100,15,4.09,,20,0,100,Right,Right,144,153,163,3,,,0.19
2025-11-04 06:23:03,1.17.2,Bandit100,15,4.09,1.0,20,0,100,Pellet,Right,144,153,164,3,1.91,270.0,
2025-11-04 06:23:48,1.17.2,Bandit100,15,4.09,,20,0,100,Right,Right,144,154,164,4,,,0.36
2025-11-04 06:23:49,1.17.2,Bandit100,15,4.09,1.0,20,0,100,Pellet,Right,144,154,165,4,0.83,46.0,
2025-11-04 06:33:06,1.17.2,Bandit100,15,4.09,,20,0,100,Left,Right,145,154,165,5,,,0.21
2025-11-04 09:18:02,1.17.2,Bandit100,15,4.08,,20,0,100,Right,Right,145,155,165,5,,,0.24
2025-11-04 09:18:15,1.17.2,Bandit100,15,4.09,1.0,20,0,100,Pellet,Right,145,155,166,5,12.65,10466.0,
2025-11-04 09:19:47,1.17.2,Bandit100,15,4.09,,20,0,100,Right,Right,145,156,166,6,,,0.18
2025-11-04 09:19:49,1.17.2,Bandit100,15,4.09,1.0,20,0,100,Pellet,Right,145,156,167,6,0.41,93.0,
2025-11-04 09:20:09,1.17.2,Bandit100,15,4.09,,20,0,100,Left,Right,146,156,167,7,,,0.28
2025-11-04 09:20:13,1.17.2,Bandit100,15,4.09,,20,0,100,LeftinTimeOut,Right,146,156,167,7,,,
2025-11-04 09:20:17,1.17.2,Bandit100,15,4.09,,20,0,100,RightinTimeout,Right,146,156,167,7,,,0.0
2025-11-04 11:01:00,1.17.2,Bandit100,15,4.08,,20,0,100,Right,Right,146,157,167,7,,,0.35
2025-11-04 11:01:03,1.17.2,Bandit100,15,4.09,1.0,20,0,100,Pellet,Right,146,157,168,7,2.33,6075.0,
2025-11-04 11:01:53,1.17.2,Bandit100,15,4.09,,20,0,100,Left,Right,147,157,168,8,,,0.24
2025-11-04 11:04:03,1.17.2,Bandit100,15,4.09,,20,0,100,Right,Right,147,158,168,8,,,0.37
2025-11-04 11:04:06,1.17.2,Bandit100,15,4.08,1.0,20,0,100,Pellet,Right,147,158,169,8,1.79,183.0,
2025-11-04 11:04:26,1.17.2,Bandit100,15,4.09,,20,0,100,Left,Right,148,158,169,9,,,0.09
2025-11-04 11:04:47,1.17.2,Bandit100,15,4.08,,20,0,100,Right,Right,148,159,169,9,,,0.34
2025-11-04 11:04:48,1.17.2,Bandit100,15,4.08,1.0,20,0,100,Pellet,Right,148,159,170,9,0.06,42.0,
2025-11-04 11:04:56,1.17.2,Bandit100,15,4.08,,20,0,100,Left,Right,149,159,170,10,,,0.16
2025-11-04 11:04:59,1.17.2,Bandit100,15,4.08,,20,0,100,LeftinTimeOut,Right,149,159,170,10,,,
2025-11-04 11:10:42,1.17.2,Bandit100,15,4.08,,20,0,100,Right,Right,149,160,170,10,,,0.24
2025-11-04 11:10:43,1.17.2,Bandit100,15,4.09,1.0,20,0,100,Pellet,Right,149,160,171,10,1.07,355.0,
2025-11-04 11:10:58,1.17.2,Bandit100,15,4.09,,20,0,100,Left,Right,150,160,171,11,,,0.05
2025-11-04 11:11:02,1.17.2,Bandit100,15,4.08,,20,0,100,RightinTimeout,Right,150,160,171,11,,,0.0
2025-11-04 11:11:02,1.17.2,Bandit100,15,4.09,,20,0,100,RightinTimeout,Right,150,160,171,11,,,0.0
2025-11-04 11:16:39,1.17.2,Bandit100,15,4.09,,20,0,100,Right,Right,150,161,171,11,,,0.14
2025-11-04 11:16:41,1.17.2,Bandit100,15,4.08,1.0,20,0,100,Pellet,Right,150,161,172,11,1.13,358.0,
2025-11-04 11:28:08,1.17.2,Bandit100,15,4.08,,20,0,100,Left,Right,151,161,172,12,,,0.24
2025-11-04 14:49:31,1.17.2,Bandit100,15,4.07,,20,0,100,Right,Right,151,162,172,12,,,0.01
2025-11-04 14:49:32,1.17.2,Bandit100,15,4.07,1.0,20,0,100,Pellet,Right,151,162,173,12,0.65,12771.0,
2025-11-04 14:49:57,1.17.2,Bandit100,15,4.07,,20,0,100,Left,Right,152,162,173,13,,,0.29
2025-11-04 16:59:25,1.17.2,Bandit100,15,4.07,,20,0,100,Right,Right,152,163,173,13,,,0.21
2025-11-04 16:59:27,1.17.2,Bandit100,15,4.07,1.0,20,0,100,Pellet,Right,152,163,174,13,1.55,7795.0,
2025-11-04 16:59:52,1.17.2,Bandit100,15,4.07,,20,0,100,Left,Right,153,163,174,14,,,0.35
2025-11-04 16:59:54,1.17.2,Bandit100,15,4.07,,20,0,100,LeftinTimeOut,Right,153,163,174,14,,,
2025-11-04 16:59:57,1.17.2,Bandit100,15,4.07,,20,0,100,LeftinTimeOut,Right,153,163,174,14,,,
2025-11-04 17:00:03,1.17.2,Bandit100,15,4.07,,20,0,100,RightinTimeout,Right,153,163,174,14,,,0.0
2025-11-04 17:00:03,1.17.2,Bandit100,15,4.07,,20,0,100,RightinTimeout,Right,153,163,174,14,,,0.0
2025-11-04 17:00:04,1.17.2,Bandit100,15,4.07,,20,0,100,RightinTimeout,Right,153,163,174,14,,,0.0
2025-11-04 17:00:04,1.17.2,Bandit100,15,4.07,,20,0,100,RightinTimeout,Right,153,163,174,14,,,0.0
2025-11-04 17:00:07,1.17.2,Bandit100,15,4.07,,20,0,100,LeftinTimeOut,Right,153,163,174,14,,,
2025-11-04 17:01:02,1.17.2,Bandit100,15,4.07,,20,0,100,Right,Right,153,164,174,14,,,0.19
2025-11-04 17:01:02,1.17.2,Bandit100,15,4.07,,20,0,100,RightDuringDispense,Right,153,164,174,14,,,0.05
2025-11-04 17:01:06,1.17.2,Bandit100,15,4.06,2.0,20,0,100,Pellet,Right,153,164,175,14,1.49,99.0,
2025-11-04 17:01:23,1.17.2,Bandit100,15,4.07,,20,0,100,Left,Right,154,164,175,15,,,0.22
2025-11-04 17:01:39,1.17.2,Bandit100,15,4.07,,20,0,100,Right,Right,154,165,175,15,,,0.25
2025-11-04 17:01:40,1.17.2,Bandit100,15,4.07,1.0,20,0,100,Pellet,Right,154,165,176,15,0.06,34.0,
2025-11-04 17:01:51,1.17.2,Bandit100,15,4.07,,20,0,100,Left,Right,155,165,176,16,,,0.01
2025-11-04 17:01:59,1.17.2,Bandit100,15,4.07,,20,0,100,LeftinTimeOut,Right,155,165,176,16,,,
2025-11-04 18:13:53,1.17.2,Bandit100,15,4.07,,20,0,100,Right,Right,155,166,176,16,,,0.16
2025-11-04 18:13:55,1.17.2,Bandit100,15,4.06,1.0,20,0,100,Pellet,Right,155,166,177,16,1.01,4335.0,
2025-11-04 18:14:19,1.17.2,Bandit100,15,4.06,,20,0,100,Right,Right,155,167,177,17,,,0.04
2025-11-04 18:14:21,1.17.2,Bandit100,15,4.07,1.0,20,0,100,Pellet,Right,155,167,178,17,1.61,26.0,
2025-11-04 18:14:44,1.17.2,Bandit100,15,4.07,,20,0,100,Right,Right,155,168,178,18,,,0.36
2025-11-04 18:14:46,1.17.2,Bandit100,15,4.07,1.0,20,0,100,Pellet,Right,155,168,179,18,1.43,25.0,
2025-11-04 18:15:25,1.17.2,Bandit100,15,4.07,,20,0,100,Right,Right,155,169,179,19,,,0.05
2025-11-04 18:15:27,1.17.2,Bandit100,15,4.07,1.0,20,0,100,Pellet,Right,155,169,180,19,1.01,41.0,
2025-11-04 18:15:44,1.17.2,Bandit100,15,4.07,,20,100,0,Left,Left,156,169,180,0,,,0.32
2025-11-04 18:15:47,1.17.2,Bandit100,15,4.07,1.0,20,100,0,Pellet,Left,156,169,181,0,1.79,20.0,
2025-11-04 18:52:25,1.17.2,Bandit100,15,4.07,,20,100,0,Left,Left,157,169,181,1,,,0.05
2025-11-04 18:52:26,1.17.2,Bandit100,15,4.07,1.0,20,100,0,Pellet,Left,157,169,182,1,0.06,2199.0,
2025-11-04 18:53:25,1.17.2,Bandit100,15,4.07,,20,100,0,Right,Left,157,170,182,2,,,0.08
2025-11-04 18:59:32,1.17.2,Bandit100,15,4.07,,20,100,0,Right,Left,157,171,182,2,,,0.33
2025-11-04 18:59:52,1.17.2,Bandit100,15,4.06,,20,100,0,Right,Left,157,172,182,2,,,0.12
2025-11-04 19:08:35,1.17.2,Bandit100,15,4.07,,20,100,0,Right,Left,157,173,182,2,,,0.18
2025-11-04 19:16:19,1.17.2,Bandit100,15,4.06,,20,100,0,Right,Left,157,174,182,2,,,0.02
2025-11-04 19:16:22,1.17.2,Bandit100,15,4.07,,20,100,0,RightinTimeout,Left,157,174,182,2,,,0.0
2025-11-04 19:16:24,1.17.2,Bandit100,15,4.06,,20,100,0,LeftinTimeOut,Left,157,174,182,2,,,
2025-11-04 19:16:55,1.17.2,Bandit100,15,4.07,,20,100,0,Left,Left,158,174,182,2,,,0.32
2025-11-04 19:16:57,1.17.2,Bandit100,15,4.06,1.0,20,100,0,Pellet,Left,158,174,183,2,0.89,1471.0,
2025-11-04 19:17:58,1.17.2,Bandit100,15,4.06,,20,100,0,Right,Left,158,175,183,3,,,0.05
2025-11-04 19:37:14,1.17.2,Bandit100,15,4.06,,20,100,0,Right,Left,158,176,183,3,,,0.0
2025-11-04 19:39:46,1.17.2,Bandit100,15,4.07,,20,100,0,Left,Left,159,176,183,3,,,0.18
2025-11-04 19:39:47,1.17.2,Bandit100,15,4.06,1.0,20,100,0,Pellet,Left,159,176,184,3,0.06,1370.0,
2025-11-04 19:40:05,1.17.2,Bandit100,15,4.06,,20,100,0,Left,Left,160,176,184,4,,,0.2
2025-11-04 19:40:06,1.17.2,Bandit100,15,4.06,1.0,20,100,0,Pellet,Left,160,176,185,4,1.01,19.0,
2025-11-04 19:40:20,1.17.2,Bandit100,15,4.06,,20,100,0,Left,Left,161,176,185,5,,,0.5
2025-11-04 19:40:21,1.17.2,Bandit100,15,4.06,1.0,20,100,0,Pellet,Left,161,176,186,5,0.47,15.0,
2025-11-04 19:40:39,1.17.2,Bandit100,15,4.06,,20,100,0,Left,Left,162,176,186,6,,,0.17
2025-11-04 19:40:41,1.17.2,Bandit100,15,4.06,1.0,20,100,0,Pellet,Left,162,176,187,6,1.13,20.0,
2025-11-04 19:44:07,1.17.2,Bandit100,15,4.06,,20,100,0,Left,Left,163,176,187,7,,,0.08
2025-11-04 19:44:09,1.17.2,Bandit100,15,4.07,1.0,20,100,0,Pellet,Left,163,176,188,7,0.65,208.0,
2025-11-04 20:02:36,1.17.2,Bandit100,15,4.06,,20,100,0,Right,Left,163,177,188,8,,,0.17
2025-11-04 20:04:50,1.17.2,Bandit100,15,4.07,,20,100,0,Right,Left,163,178,188,8,,,0.0
2025-11-04 20:05:46,1.17.2,Bandit100,15,4.07,,20,100,0,Left,Left,164,178,188,8,,,0.22
2025-11-04 20:05:47,1.17.2,Bandit100,15,4.06,,20,100,0,LeftWithPellet,Left,164,178,188,8,,,0.06
2025-11-04 20:05:49,1.17.2,Bandit100,15,4.06,1.0,20,100,0,Pellet,Left,164,178,189,8,2.25,1300.0,
2025-11-04 20:05:57,1.17.2,Bandit100,15,4.06,,20,100,0,Left,Left,165,178,189,9,,,0.05
2025-11-04 20:05:59,1.17.2,Bandit100,15,4.07,1.0,20,100,0,Pellet,Left,165,178,190,9,1.67,10.0,
2025-11-04 20:06:50,1.17.2,Bandit100,15,4.06,,20,100,0,Left,Left,166,178,190,10,,,0.04
2025-11-04 20:06:51,1.17.2,Bandit100,15,4.06,1.0,20,100,0,Pellet,Left,166,178,191,10,0.65,52.0,
2025-11-04 20:13:02,1.17.2,Bandit100,15,4.07,,20,100,0,Right,Left,166,179,191,11,,,0.19
2025-11-04 20:16:07,1.17.2,Bandit100,15,4.06,,20,100,0,Left,Left,167,179,191,11,,,0.18
2025-11-04 20:16:09,1.17.2,Bandit100,15,4.06,1.0,20,100,0,Pellet,Left,167,179,192,11,1.07,558.0,
2025-11-04 20:20:15,1.17.2,Bandit100,15,4.06,,20,100,0,Right,Left,167,180,192,12,,,0.17
2025-11-04 20:20:18,1.17.2,Bandit100,15,4.06,,20,100,0,RightinTimeout,Left,167,180,192,12,,,0.0
2025-11-04 20:20:18,1.17.2,Bandit100,15,4.06,,20,100,0,RightinTimeout,Left,167,180,192,12,,,0.0
2025-11-04 20:20:31,1.17.2,Bandit100,15,4.06,,20,100,0,Right,Left,167,181,192,12,,,0.34
2025-11-04 20:27:37,1.17.2,Bandit100,15,4.06,,20,100,0,Right,Left,167,182,192,12,,,0.02
2025-11-04 20:27:37,1.17.2,Bandit100,15,4.06,,20,100,0,RightinTimeout,Left,167,182,192,12,,,0.0
2025-11-04 21:02:00,1.17.2,Bandit100,15,4.06,,20,100,0,Left,Left,168,182,192,12,,,0.1
2025-11-04 21:02:02,1.17.2,Bandit100,15,4.06,1.0,20,100,0,Pellet,Left,168,182,193,12,0.77,2753.0,
2025-11-04 21:22:04,1.17.2,Bandit100,15,4.07,,20,100,0,Left,Left,169,182,193,13,,,0.32
2025-11-04 21:22:05,1.17.2,Bandit100,15,4.06,1.0,20,100,0,Pellet,Left,169,182,194,13,0.83,1203.0,
2025-11-04 21:22:41,1.17.2,Bandit100,15,4.05,,20,100,0,Right,Left,169,183,194,14,,,0.15
2025-11-04 21:22:52,1.17.2,Bandit100,15,4.06,,20,100,0,RightinTimeout,Left,169,183,194,14,,,0.0
2025-11-04 21:22:52,1.17.2,Bandit100,15,4.06,,20,100,0,RightinTimeout,Left,169,183,194,14,,,0.0
2025-11-04 21:23:43,1.17.2,Bandit100,15,4.06,,20,100,0,Right,Left,169,184,194,14,,,0.02
2025-11-04 21:25:07,1.17.2,Bandit100,15,4.06,,20,100,0,Left,Left,170,184,194,14,,,0.34
2025-11-04 21:25:10,1.17.2,Bandit100,15,4.06,1.0,20,100,0,Pellet,Left,170,184,195,14,2.63,185.0,
2025-11-04 21:25:18,1.17.2,Bandit100,15,4.05,,20,100,0,Left,Left,171,184,195,15,,,0.05
2025-11-04 21:25:19,1.17.2,Bandit100,15,4.06,1.0,20,100,0,Pellet,Left,171,184,196,15,0.77,9.0,
2025-11-04 21:25:30,1.17.2,Bandit100,15,4.06,,20,100,0,Left,Left,172,184,196,16,,,0.07
2025-11-04 21:25:31,1.17.2,Bandit100,15,4.06,1.0,20,100,0,Pellet,Left,172,184,197,16,0.71,12.0,
2025-11-04 21:25:42,1.17.2,Bandit100,15,4.06,,20,100,0,Left,Left,173,184,197,17,,,0.3
2025-11-04 21:25:43,1.17.2,Bandit100,15,4.06,1.0,20,100,0,Pellet,Left,173,184,198,17,0.65,12.0,
2025-11-04 21:26:05,1.17.2,Bandit100,15,4.06,,20,100,0,Left,Left,174,184,198,18,,,0.25
2025-11-04 21:26:07,1.17.2,Bandit100,15,4.04,1.0,20,100,0,Pellet,Left,174,184,199,18,0.89,24.0,
2025-11-04 21:26:42,1.17.2,Bandit100,15,4.05,,20,100,0,Right,Left,174,185,199,19,,,0.14
2025-11-04 21:26:43,1.17.2,Bandit100,15,4.05,,20,100,0,RightinTimeout,Left,174,185,199,19,,,0.0
2025-11-04 21:26:44,1.17.2,Bandit100,15,4.06,,20,100,0,RightinTimeout,Left,174,185,199,19,,,0.0
2025-11-04 21:30:51,1.17.2,Bandit100,15,4.05,,20,100,0,Left,Left,175,185,199,19,,,0.05
2025-11-04 21:30:52,1.17.2,Bandit100,15,4.05,1.0,20,100,0,Pellet,Left,175,185,200,19,0.71,285.0,
2025-11-04 21:31:05,1.17.2,Bandit100,15,4.06,,20,0,100,Left,Right,176,185,200,0,,,0.06
2025-11-04 21:36:44,1.17.2,Bandit100,15,4.05,,20,0,100,Left,Right,177,185,200,0,,,0.08
2025-11-04 21:36:47,1.17.2,Bandit100,15,4.05,,20,0,100,LeftinTimeOut,Right,177,185,200,0,,,
2025-11-04 21:37:33,1.17.2,Bandit100,15,4.06,,20,0,100,Left,Right,178,185,200,0,,,0.23
2025-11-04 21:47:19,1.17.2,Bandit100,15,4.05,,20,0,100,Left,Right,179,185,200,0,,,0.33
2025-11-04 21:47:20,1.17.2,Bandit100,15,4.05,,20,0,100,LeftinTimeOut,Right,179,185,200,0,,,
2025-11-04 21:47:23,1.17.2,Bandit100,15,4.06,,20,0,100,LeftinTimeOut,Right,179,185,200,0,,,
2025-11-04 21:47:27,1.17.2,Bandit100,15,4.06,,20,0,100,LeftinTimeOut,Right,179,185,200,0,,,
2025-11-04 21:47:30,1.17.2,Bandit100,15,4.06,,20,0,100,LeftinTimeOut,Right,179,185,200,0,,,
2025-11-04 21:47:32,1.17.2,Bandit100,15,4.05,,20,0,100,LeftinTimeOut,Right,179,185,200,0,,,
2025-11-04 21:50:04,1.17.2,Bandit100,15,4.06,,20,0,100,Right,Right,179,186,200,0,,,0.38
2025-11-04 21:50:06,1.17.2,Bandit100,15,4.06,1.0,20,0,100,Pellet,Right,179,186,201,0,1.07,1154.0,
2025-11-04 21:50:46,1.17.2,Bandit100,15,4.06,,20,0,100,Right,Right,179,187,201,1,,,0.04
2025-11-04 21:50:51,1.17.2,Bandit100,15,4.06,1.0,20,0,100,Pellet,Right,179,187,202,1,3.53,45.0,
2025-11-04 21:51:09,1.17.2,Bandit100,15,4.05,,20,0,100,Right,Right,179,188,202,2,,,0.57
2025-11-04 21:51:11,1.17.2,Bandit100,15,4.05,1.0,20,0,100,Pellet,Right,179,188,203,2,1.07,20.0,
2025-11-04 21:51:39,1.17.2,Bandit100,15,4.06,,20,0,100,Right,Right,179,189,203,3,,,0.27
2025-11-04 21:51:40,1.17.2,Bandit100,15,4.06,1.0,20,0,100,Pellet,Right,179,189,204,3,0.65,29.0,
2025-11-04 21:52:19,1.17.2,Bandit100,15,4.05,,20,0,100,Left,Right,180,189,204,4,,,0.04
2025-11-04 21:52:48,1.17.2,Bandit100,15,4.06,,20,0,100,Left,Right,181,189,204,4,,,0.11
2025-11-04 21:54:55,1.17.2,Bandit100,15,4.05,,20,0,100,Right,Right,181,190,204,4,,,0.36
2025-11-04 21:54:57,1.17.2,Bandit100,15,4.05,1.0,20,0,100,Pellet,Right,181,190,205,4,1.07,197.0,
2025-11-04 21:58:22,1.17.2,Bandit100,15,4.05,,20,0,100,Left,Right,182,190,205,5,,,0.08
2025-11-04 21:59:03,1.17.2,Bandit100,15,4.06,,20,0,100,Left,Right,183,190,205,5,,,0.41
2025-11-04 21:59:04,1.17.2,Bandit100,15,4.05,,20,0,100,LeftinTimeOut,Right,183,190,205,5,,,
2025-11-04 22:14:19,1.17.2,Bandit100,15,4.05,,20,0,100,Right,Right,183,191,205,5,,,0.01
2025-11-04 22:14:21,1.17.2,Bandit100,15,4.05,1.0,20,0,100,Pellet,Right,183,191,206,5,1.85,1164.0,
2025-11-04 22:14:37,1.17.2,Bandit100,15,4.05,,20,0,100,Left,Right,184,191,206,6,,,0.08
2025-11-04 22:16:15,1.17.2,Bandit100,15,4.05,,20,0,100,Right,Right,184,192,206,6,,,0.25
2025-11-04 22:16:17,1.17.2,Bandit100,15,4.05,1.0,20,0,100,Pellet,Right,184,192,207,6,0.59,116.0,
2025-11-04 22:16:25,1.17.2,Bandit100,15,4.05,,20,0,100,Left,Right,185,192,207,7,,,0.09
2025-11-04 22:16:27,1.17.2,Bandit100,15,4.05,,20,0,100,RightinTimeout,Right,185,192,207,7,,,0.0
2025-11-04 22:16:40,1.17.2,Bandit100,15,4.05,,20,0,100,Right,Right,185,193,207,7,,,0.09
2025-11-04 22:16:42,1.17.2,Bandit100,15,4.05,1.0,20,0,100,Pellet,Right,185,193,208,7,1.97,25.0,
2025-11-04 22:18:35,1.17.2,Bandit100,15,4.05,,20,0,100,Right,Right,185,194,208,8,,,0.3
2025-11-04 22:18:37,1.17.2,Bandit100,15,4.05,1.0,20,0,100,Pellet,Right,185,194,209,8,1.31,115.0,
2025-11-04 22:19:16,1.17.2,Bandit100,15,4.06,,20,0,100,Right,Right,185,195,209,9,,,0.01
2025-11-04 22:19:17,1.17.2,Bandit100,15,4.05,1.0,20,0,100,Pellet,Right,185,195,210,9,0.47,40.0,
2025-11-04 22:19:33,1.17.2,Bandit100,15,4.05,,20,0,100,Left,Right,186,195,210,10,,,0.11
2025-11-04 22:19:49,1.17.2,Bandit100,15,4.06,,20,0,100,Right,Right,186,196,210,10,,,0.26
2025-11-04 22:19:51,1.17.2,Bandit100,15,4.05,1.0,20,0,100,Pellet,Right,186,196,211,10,0.53,34.0,
2025-11-04 22:20:03,1.17.2,Bandit100,15,4.05,,20,0,100,Right,Right,186,197,211,11,,,0.27
2025-11-04 22:20:04,1.17.2,Bandit100,15,4.05,1.0,20,0,100,Pellet,Right,186,197,212,11,0.47,13.0,
2025-11-04 22:20:12,1.17.2,Bandit100,15,4.05,,20,0,100,Right,Right,186,198,212,12,,,0.29
2025-11-04 22:20:14,1.17.2,Bandit100,15,4.05,1.0,20,0,100,Pellet,Right,186,198,213,12,1.07,10.0,
2025-11-04 22:20:25,1.17.2,Bandit100,15,4.05,,20,0,100,Right,Right,186,199,213,13,,,0.38
2025-11-04 22:20:26,1.17.2,Bandit100,15,4.05,1.0,20,0,100,Pellet,Right,186,199,214,13,0.06,12.0,
2025-11-04 22:20:40,1.17.2,Bandit100,15,4.05,,20,0,100,Right,Right,186,200,214,14,,,0.16
2025-11-04 22:20:41,1.17.2,Bandit100,15,4.05,1.0,20,0,100,Pellet,Right,186,200,215,14,0.77,15.0,
2025-11-04 22:21:05,1.17.2,Bandit100,15,4.05,,20,0,100,Right,Right,186,201,215,15,,,0.15
2025-11-04 22:21:06,1.17.2,Bandit100,15,4.05,1.0,20,0,100,Pellet,Right,186,201,216,15,0.53,25.0,
2025-11-04 22:21:12,1.17.2,Bandit100,15,4.05,,20,0,100,Right,Right,186,202,216,16,,,0.04
2025-11-04 22:21:14,1.17.2,Bandit100,15,4.05,1.0,20,0,100,Pellet,Right,186,202,217,16,1.25,8.0,
2025-11-04 22:21:34,1.17.2,Bandit100,15,4.05,,20,0,100,Right,Right,186,203,217,17,,,0.13
2025-11-04 22:21:36,1.17.2,Bandit100,15,4.06,1.0,20,0,100,Pellet,Right,186,203,218,17,0.77,22.0,
2025-11-04 22:21:45,1.17.2,Bandit100,15,4.05,,20,0,100,Right,Right,186,204,218,18,,,0.01
2025-11-04 22:21:46,1.17.2,Bandit100,15,4.05,1.0,20,0,100,Pellet,Right,186,204,219,18,0.06,10.0,
2025-11-04 22:21:55,1.17.2,Bandit100,15,4.05,,20,0,100,Right,Right,186,205,219,19,,,0.13
2025-11-04 22:21:57,1.17.2,Bandit100,15,4.05,1.0,20,0,100,Pellet,Right,186,205,220,19,0.59,11.0,
2025-11-04 22:22:07,1.17.2,Bandit100,15,4.06,,20,100,0,Right,Left,186,206,220,0,,,0.07
2025-11-04 22:23:50,1.17.2,Bandit100,15,4.06,,20,100,0,Left,Left,187,206,220,0,,,0.19
2025-11-04 22:23:52,1.17.2,Bandit100,15,4.05,1.0,20,100,0,Pellet,Left,187,206,221,0,0.53,114.0,
2025-11-04 22:24:04,1.17.2,Bandit100,15,4.05,,20,100,0,Right,Left,187,207,221,1,,,0.06
2025-11-04 22:24:17,1.17.2,Bandit100,15,4.05,,20,100,0,Right,Left,187,208,221,1,,,0.14
2025-11-04 22:24:18,1.17.2,Bandit100,15,4.05,,20,100,0,RightinTimeout,Left,187,208,221,1,,,0.0
2025-11-04 22:24:19,1.17.2,Bandit100,15,4.05,,20,100,0,RightinTimeout,Left,187,208,221,1,,,0.0
2025-11-04 22:26:32,1.17.2,Bandit100,15,4.06,,20,100,0,Right,Left,187,209,221,1,,,0.03
2025-11-04 22:26:33,1.17.2,Bandit100,15,4.06,,20,100,0,RightinTimeout,Left,187,209,221,1,,,0.0
2025-11-04 22:26:34,1.17.2,Bandit100,15,4.05,,20,100,0,RightinTimeout,Left,187,209,221,1,,,0.0
2025-11-04 22:38:05,1.17.2,Bandit100,15,4.06,,20,100,0,Right,Left,187,210,221,1,,,0.18
2025-11-04 22:38:10,1.17.2,Bandit100,15,4.06,,20,100,0,RightinTimeout,Left,187,210,221,1,,,0.0
2025-11-04 22:54:31,1.17.2,Bandit100,15,4.05,,20,100,0,Left,Left,188,210,221,1,,,0.08
2025-11-04 22:54:32,1.17.2,Bandit100,15,4.05,1.0,20,100,0,Pellet,Left,188,210,222,1,0.59,1841.0,
2025-11-04 22:54:44,1.17.2,Bandit100,15,4.05,,20,100,0,Left,Left,189,210,222,2,,,0.08
2025-11-04 22:54:45,1.17.2,Bandit100,15,4.05,1.0,20,100,0,Pellet,Left,189,210,223,2,0.71,13.0,
2025-11-04 22:57:30,1.17.2,Bandit100,15,4.05,,20,100,0,Right,Left,189,211,223,3,,,0.02
2025-11-04 22:58:31,1.17.2,Bandit100,15,4.05,,20,100,0,Right,Left,189,212,223,3,,,0.18
2025-11-04 22:59:30,1.17.2,Bandit100,15,4.05,,20,100,0,Right,Left,189,213,223,3,,,0.14
2025-11-04 23:00:30,1.17.2,Bandit100,15,4.05,,20,100,0,Left,Left,190,213,223,3,,,0.39
2025-11-04 23:00:31,1.17.2,Bandit100,15,4.05,1.0,20,100,0,Pellet,Left,190,213,224,3,0.06,346.0,
2025-11-04 23:00:39,1.17.2,Bandit100,15,4.05,,20,100,0,Left,Left,191,213,224,4,,,0.09
2025-11-04 23:00:41,1.17.2,Bandit100,15,4.05,1.0,20,100,0,Pellet,Left,191,213,225,4,1.13,10.0,
2025-11-04 23:10:09,1.17.2,Bandit100,15,4.05,,20,100,0,Right,Left,191,214,225,5,,,0.04
2025-11-04 23:10:10,1.17.2,Bandit100,15,4.05,,20,100,0,RightinTimeout,Left,191,214,225,5,,,0.0
2025-11-04 23:10:11,1.17.2,Bandit100,15,4.05,,20,100,0,RightinTimeout,Left,191,214,225,5,,,0.0
2025-11-04 23:10:11,1.17.2,Bandit100,15,4.05,,20,100,0,RightinTimeout,Left,191,214,225,5,,,0.0
2025-11-04 23:10:11,1.17.2,Bandit100,15,4.05,,20,100,0,RightinTimeout,Left,191,214,225,5,,,0.0
2025-11-04 23:10:35,1.17.2,Bandit100,15,4.05,,20,100,0,Left,Left,192,214,225,5,,,0.23
2025-11-04 23:10:38,1.17.2,Bandit100,15,4.05,1.0,20,100,0,Pellet,Left,192,214,226,5,2.57,597.0,
2025-11-04 23:10:52,1.17.2,Bandit100,15,4.04,,20,100,0,Left,Left,193,214,226,6,,,0.63
2025-11-04 23:10:54,1.17.2,Bandit100,15,4.05,1.0,20,100,0,Pellet,Left,193,214,227,6,0.59,15.0,
2025-11-04 23:11:13,1.17.2,Bandit100,15,4.05,,20,100,0,Left,Left,194,214,227,7,,,0.17
2025-11-04 23:11:15,1.17.2,Bandit100,15,4.05,1.0,20,100,0,Pellet,Left,194,214,228,7,0.71,22.0,
2025-11-04 23:11:27,1.17.2,Bandit100,15,4.05,,20,100,0,Left,Left,195,214,228,8,,,0.11
2025-11-04 23:11:29,1.17.2,Bandit100,15,4.05,1.0,20,100,0,Pellet,Left,195,214,229,8,0.71,14.0,
2025-11-04 23:11:45,1.17.2,Bandit100,15,4.05,,20,100,0,Left,Left,196,214,229,9,,,0.02
2025-11-04 23:11:46,1.17.2,Bandit100,15,4.05,1.0,20,100,0,Pellet,Left,196,214,230,9,0.59,17.0,
2025-11-04 23:12:06,1.17.2,Bandit100,15,4.05,,20,100,0,Left,Left,197,214,230,10,,,0.07
2025-11-04 23:12:08,1.17.2,Bandit100,15,4.05,1.0,20,100,0,Pellet,Left,197,214,231,10,0.83,22.0,
2025-11-04 23:13:43,1.17.2,Bandit100,15,4.05,,20,100,0,Right,Left,197,215,231,11,,,0.16
2025-11-04 23:13:45,1.17.2,Bandit100,15,4.05,,20,100,0,RightinTimeout,Left,197,215,231,11,,,0.0
2025-11-04 23:16:47,1.17.2,Bandit100,15,4.05,,20,100,0,Left,Left,198,215,231,11,,,0.07
2025-11-04 23:16:49,1.17.2,Bandit100,15,4.04,1.0,20,100,0,Pellet,Left,198,215,232,11,1.85,281.0,
2025-11-04 23:41:53,1.17.2,Bandit100,15,4.05,,20,100,0,Right,Left,198,216,232,12,,,0.16
2025-11-04 23:41:58,1.17.2,Bandit100,15,4.05,,20,100,0,LeftinTimeOut,Left,198,216,232,12,,,
2025-11-04 23:41:58,1.17.2,Bandit100,15,4.04,,20,100,0,LeftinTimeOut,Left,198,216,232,12,,,
2025-11-04 23:41:59,1.17.2,Bandit100,15,4.05,,20,100,0,LeftinTimeOut,Left,198,216,232,12,,,
2025-11-04 23:43:28,1.17.2,Bandit100,15,4.05,,20,100,0,Left,Left,199,216,232,12,,,0.74
2025-11-04 23:43:30,1.17.2,Bandit100,15,4.05,1.0,20,100,0,Pellet,Left,199,216,233,12,0.53,1601.0,
2025-11-04 23:43:41,1.17.2,Bandit100,15,4.05,,20,100,0,Left,Left,200,216,233,13,,,0.12
2025-11-04 23:43:43,1.17.2,Bandit100,15,4.05,1.0,20,100,0,Pellet,Left,200,216,234,13,0.53,13.0,
2025-11-04 23:43:54,1.17.2,Bandit100,15,4.05,,20,100,0,Left,Left,201,216,234,14,,,0.05
2025-11-04 23:43:55,1.17.2,Bandit100,15,4.05,1.0,20,100,0,Pellet,Left,201,216,235,14,0.65,12.0,
2025-11-04 23:44:07,1.17.2,Bandit100,15,4.05,,20,100,0,Left,Left,202,216,235,15,,,0.04
2025-11-04 23:44:10,1.17.2,Bandit100,15,4.05,2.0,20,100,0,Pellet,Left,202,216,236,15,1.13,15.0,
2025-11-04 23:44:21,1.17.2,Bandit100,15,4.04,,20,100,0,Left,Left,203,216,236,16,,,0.29
2025-11-04 23:44:22,1.17.2,Bandit100,15,4.05,1.0,20,100,0,Pellet,Left,203,216,237,16,0.12,12.0,
2025-11-04 23:52:53,1.17.2,Bandit100,15,4.05,,20,100,0,Left,Left,204,216,237,17,,,0.02
2025-11-04 23:52:54,1.17.2,Bandit100,15,4.05,1.0,20,100,0,Pellet,Left,204,216,238,17,0.59,512.0,
2025-11-05 00:14:31,1.17.2,Bandit100,15,4.05,,20,100,0,Right,Left,204,217,238,18,,,0.27
2025-11-05 00:14:50,1.17.2,Bandit100,15,4.04,,20,100,0,Right,Left,204,218,238,18,,,0.05
2025-11-05 00:16:22,1.17.2,Bandit100,15,4.05,,20,100,0,Left,Left,205,218,238,18,,,0.19
2025-11-05 00:16:23,1.17.2,Bandit100,15,4.05,1.0,20,100,0,Pellet,Left,205,218,239,18,0.65,1409.0,
2025-11-05 00:16:38,1.17.2,Bandit100,15,4.05,,20,100,0,Left,Left,206,218,239,19,,,0.37
2025-11-05 00:16:40,1.17.2,Bandit100,15,4.05,1.0,20,100,0,Pellet,Left,206,218,240,19,0.95,17.0,
2025-11-05 00:17:21,1.17.2,Bandit100,15,4.04,,20,0,100,Right,Right,206,219,240,0,,,0.07
2025-11-05 00:17:22,1.17.2,Bandit100,15,4.05,1.0,20,0,100,Pellet,Right,206,219,241,0,0.65,42.0,
2025-11-05 00:17:30,1.17.2,Bandit100,15,4.04,,20,0,100,Left,Right,207,219,241,1,,,0.36
2025-11-05 00:18:16,1.17.2,Bandit100,15,4.05,,20,0,100,Right,Right,207,220,241,1,,,0.19
2025-11-05 00:18:18,1.17.2,Bandit100,15,4.05,1.0,20,0,100,Pellet,Right,207,220,242,1,1.25,56.0,
2025-11-05 00:18:25,1.17.2,Bandit100,15,4.05,,20,0,100,Right,Right,207,221,242,2,,,0.12
2025-11-05 00:18:27,1.17.2,Bandit100,15,4.05,1.0,20,0,100,Pellet,Right,207,221,243,2,0.89,9.0,
2025-11-05 00:18:36,1.17.2,Bandit100,15,4.05,,20,0,100,Right,Right,207,222,243,3,,,0.1
2025-11-05 00:18:37,1.17.2,Bandit100,15,4.05,,20,0,100,RightWithPellet,Right,207,223,243,3,,,0.01
2025-11-05 00:18:38,1.17.2,Bandit100,15,4.05,1.0,20,0,100,Pellet,Right,207,223,244,3,1.31,11.0,
2025-11-05 00:18:46,1.17.2,Bandit100,15,4.05,,20,0,100,Right,Right,207,224,244,4,,,0.11
2025-11-05 00:18:47,1.17.2,Bandit100,15,4.05,1.0,20,0,100,Pellet,Right,207,224,245,4,0.71,9.0,
2025-11-05 00:18:56,1.17.2,Bandit100,15,4.05,,20,0,100,Right,Right,207,225,245,5,,,0.09
2025-11-05 00:18:58,1.17.2,Bandit100,15,4.05,1.0,20,0,100,Pellet,Right,207,225,246,5,0.71,11.0,
2025-11-05 00:19:27,1.17.2,Bandit100,15,4.05,,20,0,100,Right,Right,207,226,246,6,,,0.15
2025-11-05 00:19:28,1.17.2,Bandit100,15,4.05,1.0,20,0,100,Pellet,Right,207,226,247,6,0.47,30.0,
2025-11-05 00:19:43,1.17.2,Bandit100,15,4.05,,20,0,100,Right,Right,207,227,247,7,,,0.08
2025-11-05 00:19:45,1.17.2,Bandit100,15,4.05,1.0,20,0,100,Pellet,Right,207,227,248,7,0.95,17.0,
2025-11-05 00:30:42,1.17.2,Bandit100,15,4.05,,20,0,100,Right,Right,207,228,248,8,,,0.3
2025-11-05 00:30:44,1.17.2,Bandit100,15,4.05,2.0,20,0,100,Pellet,Right,207,228,249,8,0.53,659.0,
2025-11-05 00:30:51,1.17.2,Bandit100,15,4.05,,20,0,100,Right,Right,207,229,249,9,,,0.13
2025-11-05 00:30:53,1.17.2,Bandit100,15,4.05,1.0,20,0,100,Pellet,Right,207,229,250,9,1.43,9.0,
2025-11-05 00:31:00,1.17.2,Bandit100,15,4.05,,20,0,100,Right,Right,207,230,250,10,,,0.05
2025-11-05 00:31:01,1.17.2,Bandit100,15,4.05,1.0,20,0,100,Pellet,Right,207,230,251,10,0.59,8.0,
2025-11-05 00:31:15,1.17.2,Bandit100,15,4.05,,20,0,100,Right,Right,207,231,251,11,,,0.09
2025-11-05 00:31:16,1.17.2,Bandit100,15,4.05,1.0,20,0,100,Pellet,Right,207,231,252,11,0.65,15.0,
2025-11-05 02:28:23,1.17.2,Bandit100,15,4.05,,20,0,100,Left,Right,208,231,252,12,,,0.03
2025-11-05 02:30:17,1.17.2,Bandit100,15,4.04,,20,0,100,Left,Right,209,231,252,12,,,0.18
2025-11-05 02:32:49,1.17.2,Bandit100,15,4.05,,20,0,100,Right,Right,209,232,252,12,,,0.21
2025-11-05 02:32:51,1.17.2,Bandit100,15,4.05,1.0,20,0,100,Pellet,Right,209,232,253,12,1.19,7295.0,
2025-11-05 02:33:04,1.17.2,Bandit100,15,4.05,,20,0,100,Right,Right,209,233,253,13,,,0.11
2025-11-05 02:33:05,1.17.2,Bandit100,15,4.05,1.0,20,0,100,Pellet,Right,209,233,254,13,0.06,14.0,
2025-11-05 02:33:22,1.17.2,Bandit100,15,4.05,,20,0,100,Right,Right,209,234,254,14,,,0.25
2025-11-05 02:33:23,1.17.2,Bandit100,15,4.05,1.0,20,0,100,Pellet,Right,209,234,255,14,0.59,18.0,
2025-11-05 02:33:32,1.17.2,Bandit100,15,4.05,,20,0,100,Right,Right,209,235,255,15,,,0.14
2025-11-05 02:33:33,1.17.2,Bandit100,15,4.04,1.0,20,0,100,Pellet,Right,209,235,256,15,0.35,10.0,
2025-11-05 02:33:48,1.17.2,Bandit100,15,4.04,,20,0,100,Right,Right,209,236,256,16,,,0.09
2025-11-05 02:33:49,1.17.2,Bandit100,15,4.04,1.0,20,0,100,Pellet,Right,209,236,257,16,0.06,16.0,
2025-11-05 02:34:06,1.17.2,Bandit100,15,4.05,,20,0,100,Left,Right,210,236,257,17,,,0.06
2025-11-05 02:34:06,1.17.2,Bandit100,15,4.05,,20,0,100,LeftinTimeOut,Right,210,236,257,17,,,
2025-11-05 02:34:08,1.17.2,Bandit100,15,4.05,,20,0,100,LeftinTimeOut,Right,210,236,257,17,,,
2025-11-05 02:44:13,1.17.2,Bandit100,15,4.04,,20,0,100,Left,Right,211,236,257,17,,,0.05
2025-11-05 02:53:18,1.17.2,Bandit100,15,4.05,,20,0,100,Right,Right,211,237,257,17,,,0.38
2025-11-05 02:53:20,1.17.2,Bandit100,15,4.05,1.0,20,0,100,Pellet,Right,211,237,258,17,1.07,1171.0,
2025-11-05 02:53:31,1.17.2,Bandit100,15,4.04,,20,0,100,Right,Right,211,238,258,18,,,0.02
2025-11-05 02:53:32,1.17.2,Bandit100,15,4.04,1.0,20,0,100,Pellet,Right,211,238,259,18,0.06,12.0,
2025-11-05 02:53:47,1.17.2,Bandit100,15,4.04,,20,0,100,Left,Right,212,238,259,19,,,0.28
2025-11-05 02:53:50,1.17.2,Bandit100,15,4.05,,20,0,100,RightinTimeout,Right,212,238,259,19,,,0.0
2025-11-05 02:53:51,1.17.2,Bandit100,15,4.05,,20,0,100,RightinTimeout,Right,212,238,259,19,,,0.0
2025-11-05 02:53:51,1.17.2,Bandit100,15,4.04,,20,0,100,RightinTimeout,Right,212,238,259,19,,,0.0
2025-11-05 02:53:51,1.17.2,Bandit100,15,4.05,,20,0,100,RightinTimeout,Right,212,238,259,19,,,0.0
2025-11-05 02:53:52,1.17.2,Bandit100,15,4.05,,20,0,100,RightinTimeout,Right,212,238,259,19,,,0.0
2025-11-05 02:53:52,1.17.2,Bandit100,15,4.04,,20,0,100,RightinTimeout,Right,212,238,259,19,,,0.0
2025-11-05 02:53:55,1.17.2,Bandit100,15,4.05,,20,0,100,LeftinTimeOut,Right,212,238,259,19,,,
2025-11-05 02:53:55,1.17.2,Bandit100,15,4.04,,20,0,100,LeftinTimeOut,Right,212,238,259,19,,,
2025-11-05 02:54:10,1.17.2,Bandit100,15,4.04,,20,0,100,Right,Right,212,239,259,19,,,0.51
2025-11-05 02:54:13,1.17.2,Bandit100,15,4.05,1.0,20,0,100,Pellet,Right,212,239,260,19,1.61,41.0,
2025-11-05 02:54:23,1.17.2,Bandit100,15,4.05,,20,100,0,Right,Left,212,240,260,0,,,0.06
2025-11-05 02:54:28,1.17.2,Bandit100,15,4.04,,20,100,0,RightinTimeout,Left,212,240,260,0,,,0.0
2025-11-05 02:54:30,1.17.2,Bandit100,15,4.05,,20,100,0,LeftinTimeOut,Left,212,240,260,0,,,
2025-11-05 02:54:39,1.17.2,Bandit100,15,4.05,,20,100,0,RightinTimeout,Left,212,240,260,0,,,0.0
2025-11-05 03:14:21,1.17.2,Bandit100,15,4.04,,20,100,0,Right,Left,212,241,260,0,,,0.49
2025-11-05 03:14:22,1.17.2,Bandit100,15,4.04,,20,100,0,RightinTimeout,Left,212,241,260,0,,,0.0
2025-11-05 03:14:23,1.17.2,Bandit100,15,4.05,,20,100,0,RightinTimeout,Left,212,241,260,0,,,0.0
2025-11-05 03:14:25,1.17.2,Bandit100,15,4.04,,20,100,0,LeftinTimeOut,Left,212,241,260,0,,,
2025-11-05 03:18:39,1.17.2,Bandit100,15,4.04,,20,100,0,Right,Left,212,242,260,0,,,0.25
2025-11-05 03:18:55,1.17.2,Bandit100,15,4.04,,20,100,0,Right,Left,212,243,260,0,,,0.2
2025-11-05 03:20:16,1.17.2,Bandit100,15,4.04,,20,100,0,Left,Left,213,243,260,0,,,0.21
2025-11-05 03:20:17,1.17.2,Bandit100,15,4.05,1.0,20,100,0,Pellet,Left,213,243,261,0,1.13,1564.0,
2025-11-05 03:20:42,1.17.2,Bandit100,15,4.03,,20,100,0,Right,Left,213,244,261,1,,,0.26
2025-11-05 03:22:11,1.17.2,Bandit100,15,4.04,,20,100,0,Right,Left,213,245,261,1,,,0.02
2025-11-05 03:38:31,1.17.2,Bandit100,15,4.04,,20,100,0,Right,Left,213,246,261,1,,,0.14
2025-11-05 03:40:46,1.17.2,Bandit100,15,4.04,,20,100,0,Left,Left,214,246,261,1,,,0.01
2025-11-05 03:40:56,1.17.2,Bandit100,15,4.04,1.0,20,100,0,Pellet,Left,214,246,262,1,9.47,1239.0,
2025-11-05 03:41:21,1.17.2,Bandit100,15,4.04,,20,100,0,Right,Left,214,247,262,2,,,0.09
2025-11-05 03:42:34,1.17.2,Bandit100,15,4.04,,20,100,0,Left,Left,215,247,262,2,,,0.01
2025-11-05 03:42:34,1.17.2,Bandit100,15,4.03,,20,100,0,LeftDuringDispense,Left,215,247,262,2,,,0.03
2025-11-05 03:42:38,1.17.2,Bandit100,15,4.04,2.0,20,100,0,Pellet,Left,215,247,263,2,1.49,102.0,
2025-11-05 03:42:54,1.17.2,Bandit100,15,4.05,,20,100,0,Left,Left,216,247,263,3,,,0.27
2025-11-05 03:42:55,1.17.2,Bandit100,15,4.05,2.0,20,100,0,Pellet,Left,216,247,264,3,0.71,17.0,
2025-11-05 03:43:10,1.17.2,Bandit100,15,4.04,,20,100,0,Left,Left,217,247,264,4,,,0.15
2025-11-05 03:43:12,1.17.2,Bandit100,15,4.04,1.0,20,100,0,Pellet,Left,217,247,265,4,0.65,17.0,
2025-11-05 03:43:24,1.17.2,Bandit100,15,4.05,,20,100,0,Left,Left,218,247,265,5,,,0.1
2025-11-05 03:43:26,1.17.2,Bandit100,15,4.04,1.0,20,100,0,Pellet,Left,218,247,266,5,1.49,14.0,
2025-11-05 03:43:54,1.17.2,Bandit100,15,4.04,,20,100,0,Left,Left,219,247,266,6,,,0.3
2025-11-05 03:43:55,1.17.2,Bandit100,15,4.04,1.0,20,100,0,Pellet,Left,219,247,267,6,0.71,29.0,
2025-11-05 03:44:16,1.17.2,Bandit100,15,4.04,,20,100,0,Right,Left,219,248,267,7,,,0.13
2025-11-05 04:11:48,1.17.2,Bandit100,15,4.04,,20,100,0,Left,Left,220,248,267,7,,,0.05
2025-11-05 04:11:49,1.17.2,Bandit100,15,4.04,,20,100,0,LeftDuringDispense,Left,220,248,267,7,,,0.03
2025-11-05 04:11:51,1.17.2,Bandit100,15,4.03,2.0,20,100,0,Pellet,Left,220,248,268,7,0.06,1676.0,
2025-11-05 04:12:07,1.17.2,Bandit100,15,4.04,,20,100,0,Right,Left,220,249,268,8,,,0.05
2025-11-05 04:12:08,1.17.2,Bandit100,15,4.04,,20,100,0,RightinTimeout,Left,220,249,268,8,,,0.0
2025-11-05 04:12:10,1.17.2,Bandit100,15,4.04,,20,100,0,LeftinTimeOut,Left,220,249,268,8,,,
2025-11-05 04:12:12,1.17.2,Bandit100,15,4.04,,20,100,0,LeftinTimeOut,Left,220,249,268,8,,,
2025-11-05 04:12:14,1.17.2,Bandit100,15,4.04,,20,100,0,LeftinTimeOut,Left,220,249,268,8,,,
2025-11-05 04:12:55,1.17.2,Bandit100,15,4.04,,20,100,0,Right,Left,220,250,268,8,,,0.17
2025-11-05 04:14:57,1.17.2,Bandit100,15,4.04,,20,100,0,Right,Left,220,251,268,8,,,0.34
2025-11-05 04:16:35,1.17.2,Bandit100,15,4.04,,20,100,0,Right,Left,220,252,268,8,,,1.04
2025-11-05 04:16:36,1.17.2,Bandit100,15,4.04,,20,100,0,LeftinTimeOut,Left,220,252,268,8,,,
2025-11-05 04:16:42,1.17.2,Bandit100,15,4.05,,20,100,0,RightinTimeout,Left,220,252,268,8,,,0.0
2025-11-05 04:19:00,1.17.2,Bandit100,15,4.04,,20,100,0,Right,Left,220,253,268,8,,,0.21
2025-11-05 04:19:02,1.17.2,Bandit100,15,4.04,,20,100,0,RightinTimeout,Left,220,253,268,8,,,0.0
2025-11-05 04:19:02,1.17.2,Bandit100,15,4.04,,20,100,0,RightinTimeout,Left,220,253,268,8,,,0.0
2025-11-05 04:19:03,1.17.2,Bandit100,15,4.04,,20,100,0,RightinTimeout,Left,220,253,268,8,,,0.0
2025-11-05 04:19:03,1.17.2,Bandit100,15,4.04,,20,100,0,RightinTimeout,Left,220,253,268,8,,,0.0
2025-11-05 04:19:04,1.17.2,Bandit100,15,4.04,,20,100,0,RightinTimeout,Left,220,253,268,8,,,0.0
2025-11-05 04:20:20,1.17.2,Bandit100,15,4.04,,20,100,0,Left,Left,221,253,268,8,,,0.02
2025-11-05 04:20:22,1.17.2,Bandit100,15,4.04,1.0,20,100,0,Pellet,Left,221,253,269,8,0.77,511.0,
2025-11-05 04:20:31,1.17.2,Bandit100,15,4.04,,20,100,0,Left,Left,222,253,269,9,,,0.33
2025-11-05 04:20:32,1.17.2,Bandit100,15,4.04,1.0,20,100,0,Pellet,Left,222,253,270,9,0.47,10.0,
2025-11-05 04:20:41,1.17.2,Bandit100,15,4.04,,20,100,0,Left,Left,223,253,270,10,,,0.15
2025-11-05 04:20:43,1.17.2,Bandit100,15,4.03,1.0,20,100,0,Pellet,Left,223,253,271,10,0.41,11.0,
2025-11-05 04:21:13,1.17.2,Bandit100,15,4.04,,20,100,0,Left,Left,224,253,271,11,,,0.39
2025-11-05 04:21:15,1.17.2,Bandit100,15,4.04,1.0,20,100,0,Pellet,Left,224,253,272,11,0.29,31.0,
2025-11-05 04:21:30,1.17.2,Bandit100,15,4.04,,20,100,0,Left,Left,225,253,272,12,,,0.45
2025-11-05 04:21:32,1.17.2,Bandit100,15,4.04,1.0,20,100,0,Pellet,Left,225,253,273,12,0.53,17.0,
2025-11-05 04:21:44,1.17.2,Bandit100,15,4.03,,20,100,0,Left,Left,226,253,273,13,,,0.15
2025-11-05 04:21:46,1.17.2,Bandit100,15,4.04,1.0,20,100,0,Pellet,Left,226,253,274,13,0.59,14.0,
2025-11-05 04:22:00,1.17.2,Bandit100,15,4.04,,20,100,0,Left,Left,227,253,274,14,,,0.31
2025-11-05 04:22:01,1.17.2,Bandit100,15,4.04,1.0,20,100,0,Pellet,Left,227,253,275,14,0.06,16.0,
2025-11-05 04:22:12,1.17.2,Bandit100,15,4.04,,20,100,0,Left,Left,228,253,275,15,,,0.11
2025-11-05 04:22:14,1.17.2,Bandit100,15,4.04,1.0,20,100,0,Pellet,Left,228,253,276,15,0.77,13.0,
2025-11-05 04:22:27,1.17.2,Bandit100,15,4.04,,20,100,0,Left,Left,229,253,276,16,,,0.48
2025-11-05 04:22:28,1.17.2,Bandit100,15,4.03,1.0,20,100,0,Pellet,Left,229,253,277,16,0.53,14.0,
2025-11-05 04:22:53,1.17.2,Bandit100,15,4.04,,20,100,0,Left,Left,230,253,277,17,,,0.31
2025-11-05 04:22:54,1.17.2,Bandit100,15,4.04,1.0,20,100,0,Pellet,Left,230,253,278,17,0.53,26.0,
2025-11-05 04:23:06,1.17.2,Bandit100,15,4.04,,20,100,0,Left,Left,231,253,278,18,,,0.13
2025-11-05 04:23:08,1.17.2,Bandit100,15,4.05,2.0,20,100,0,Pellet,Left,231,253,279,18,1.19,14.0,
2025-11-05 04:23:30,1.17.2,Bandit100,15,4.04,,20,100,0,Left,Left,232,253,279,19,,,0.03
2025-11-05 04:23:31,1.17.2,Bandit100,15,4.04,1.0,20,100,0,Pellet,Left,232,253,280,19,0.71,23.0,
2025-11-05 04:23:41,1.17.2,Bandit100,15,4.04,,20,0,100,Left,Right,233,253,280,0,,,0.1
2025-11-05 04:24:21,1.17.2,Bandit100,15,4.04,,20,0,100,Right,Right,233,254,280,0,,,0.19
2025-11-05 04:24:23,1.17.2,Bandit100,15,4.04,1.0,20,0,100,Pellet,Right,233,254,281,0,1.01,52.0,
2025-11-05 04:27:50,1.17.2,Bandit100,15,4.04,,20,0,100,Left,Right,234,254,281,1,,,0.16
2025-11-05 04:33:00,1.17.2,Bandit100,15,4.04,,20,0,100,Right,Right,234,255,281,1,,,0.17
2025-11-05 04:33:02,1.17.2,Bandit100,15,4.04,1.0,20,0,100,Pellet,Right,234,255,282,1,0.83,519.0,
2025-11-05 04:33:13,1.17.2,Bandit100,15,4.04,,20,0,100,Right,Right,234,256,282,2,,,0.13
2025-11-05 04:33:15,1.17.2,Bandit100,15,4.03,1.0,20,0,100,Pellet,Right,234,256,283,2,1.37,13.0,
2025-11-05 04:33:53,1.17.2,Bandit100,15,4.04,,20,0,100,Left,Right,235,256,283,3,,,0.04
2025-11-05 04:33:57,1.17.2,Bandit100,15,4.04,,20,0,100,LeftinTimeOut,Right,235,256,283,3,,,
2025-11-05 05:11:28,1.17.2,Bandit100,15,4.04,,20,0,100,Right,Right,235,257,283,3,,,0.08
2025-11-05 05:11:30,1.17.2,Bandit100,15,4.04,1.0,20,0,100,Pellet,Right,235,257,284,3,1.01,2295.0,
2025-11-05 05:15:47,1.17.2,Bandit100,15,4.04,,20,0,100,Right,Right,235,258,284,4,,,0.25
2025-11-05 05:15:49,1.17.2,Bandit100,15,4.03,1.0,20,0,100,Pellet,Right,235,258,285,4,1.07,259.0,
2025-11-05 05:20:36,1.17.2,Bandit100,15,4.04,,20,0,100,Right,Right,235,259,285,5,,,0.13
2025-11-05 05:20:37,1.17.2,Bandit100,15,4.04,1.0,20,0,100,Pellet,Right,235,259,286,5,0.77,288.0,
2025-11-05 05:20:50,1.17.2,Bandit100,15,4.04,,20,0,100,Right,Right,235,260,286,6,,,0.03
2025-11-05 05:20:51,1.17.2,Bandit100,15,4.04,1.0,20,0,100,Pellet,Right,235,260,287,6,0.71,14.0,
2025-11-05 05:21:03,1.17.2,Bandit100,15,4.04,,20,0,100,Right,Right,235,261,287,7,,,0.21
2025-11-05 05:21:05,1.17.2,Bandit100,15,4.04,1.0,20,0,100,Pellet,Right,235,261,288,7,0.83,14.0,
2025-11-05 05:21:14,1.17.2,Bandit100,15,4.04,,20,0,100,Right,Right,235,262,288,8,,,0.07
2025-11-05 05:21:16,1.17.2,Bandit100,15,4.04,1.0,20,0,100,Pellet,Right,235,262,289,8,0.65,11.0,
2025-11-05 05:21:55,1.17.2,Bandit100,15,4.04,,20,0,100,Left,Right,236,262,289,9,,,0.23
2025-11-05 05:26:54,1.17.2,Bandit100,15,4.03,,20,0,100,Right,Right,236,263,289,9,,,0.32
2025-11-05 05:26:55,1.17.2,Bandit100,15,4.04,1.0,20,0,100,Pellet,Right,236,263,290,9,0.59,339.0,
2025-11-05 05:30:13,1.17.2,Bandit100,15,4.04,,20,0,100,Right,Right,236,264,290,10,,,0.09
2025-11-05 05:30:14,1.17.2,Bandit100,15,4.04,1.0,20,0,100,Pellet,Right,236,264,291,10,0.47,199.0,
2025-11-05 05:45:37,1.17.2,Bandit100,15,4.04,,20,0,100,Left,Right,237,264,291,11,,,0.19
2025-11-05 05:45:38,1.17.2,Bandit100,15,4.03,,20,0,100,LeftinTimeOut,Right,237,264,291,11,,,
2025-11-05 05:45:57,1.17.2,Bandit100,15,4.04,,20,0,100,Right,Right,237,265,291,11,,,0.49
2025-11-05 05:45:59,1.17.2,Bandit100,15,4.03,1.0,20,0,100,Pellet,Right,237,265,292,11,0.53,945.0,
2025-11-05 05:46:25,1.17.2,Bandit100,15,4.04,,20,0,100,Right,Right,237,266,292,12,,,0.09
2025-11-05 05:46:43,1.17.2,Bandit100,15,4.04,1.0,20,0,100,Pellet,Right,237,266,293,12,16.98,44.0,
2025-11-05 05:46:56,1.17.2,Bandit100,15,4.03,,20,0,100,Right,Right,237,267,293,13,,,0.18
2025-11-05 05:46:58,1.17.2,Bandit100,15,4.05,1.0,20,0,100,Pellet,Right,237,267,294,13,0.95,15.0,
2025-11-05 05:47:14,1.17.2,Bandit100,15,4.03,,20,0,100,Right,Right,237,268,294,14,,,0.06
2025-11-05 05:47:15,1.17.2,Bandit100,15,4.04,1.0,20,0,100,Pellet,Right,237,268,295,14,0.41,17.0,
2025-11-05 05:47:31,1.17.2,Bandit100,15,4.03,,20,0,100,Left,Right,238,268,295,15,,,0.06
2025-11-05 05:49:39,1.17.2,Bandit100,15,4.03,,20,0,100,Right,Right,238,269,295,15,,,0.04
2025-11-05 05:49:40,1.17.2,Bandit100,15,4.04,1.0,20,0,100,Pellet,Right,238,269,296,15,0.65,145.0,
2025-11-05 05:49:48,1.17.2,Bandit100,15,4.03,,20,0,100,Right,Right,238,270,296,16,,,0.2
2025-11-05 05:49:49,1.17.2,Bandit100,15,4.04,1.0,20,0,100,Pellet,Right,238,270,297,16,0.29,9.0,
2025-11-05 05:49:57,1.17.2,Bandit100,15,4.04,,20,0,100,Right,Right,238,271,297,17,,,0.09
2025-11-05 05:50:00,1.17.2,Bandit100,15,4.03,2.0,20,0,100,Pellet,Right,238,271,298,17,0.53,11.0,
2025-11-05 05:50:08,1.17.2,Bandit100,15,4.04,,20,0,100,Right,Right,238,272,298,18,,,0.39
2025-11-05 05:50:09,1.17.2,Bandit100,15,4.04,1.0,20,0,100,Pellet,Right,238,272,299,18,0.47,9.0,
2025-11-05 05:50:29,1.17.2,Bandit100,15,4.03,,20,0,100,Right,Right,238,273,299,19,,,0.1
2025-11-05 05:50:30,1.17.2,Bandit100,15,4.03,1.0,20,0,100,Pellet,Right,238,273,300,19,0.89,21.0,
2025-11-05 06:08:40,1.17.2,Bandit100,15,4.04,,20,100,0,Right,Left,238,274,300,0,,,0.01
2025-11-05 06:10:22,1.17.2,Bandit100,15,4.03,,20,100,0,Right,Left,238,275,300,0,,,0.06
2025-11-05 06:23:02,1.17.2,Bandit100,15,4.04,,20,100,0,Left,Left,239,275,300,0,,,0.08
2025-11-05 06:23:03,1.17.2,Bandit100,15,4.04,1.0,20,100,0,Pellet,Left,239,275,301,0,0.47,1953.0,
2025-11-05 06:23:13,1.17.2,Bandit100,15,4.03,,20,100,0,Left,Left,240,275,301,1,,,0.01
2025-11-05 06:23:15,1.17.2,Bandit100,15,4.03,1.0,20,100,0,Pellet,Left,240,275,302,1,0.59,12.0,
2025-11-05 06:23:32,1.17.2,Bandit100,15,4.04,,20,100,0,Right,Left,240,276,302,2,,,0.1
2025-11-05 06:23:34,1.17.2,Bandit100,15,4.03,,20,100,0,LeftinTimeOut,Left,240,276,302,2,,,
2025-11-05 06:23:40,1.17.2,Bandit100,15,4.03,,20,100,0,LeftinTimeOut,Left,240,276,302,2,,,
2025-11-05 06:33:25,1.17.2,Bandit100,15,4.03,,20,100,0,Right,Left,240,277,302,2,,,0.14
2025-11-05 09:55:38,1.17.2,Bandit100,15,4.03,,20,100,0,Right,Left,240,278,302,2,,,0.19
2025-11-05 09:55:54,1.17.2,Bandit100,15,4.03,,20,100,0,Left,Left,241,278,302,2,,,0.12
2025-11-05 09:55:57,1.17.2,Bandit100,15,4.02,1.0,20,100,0,Pellet,Left,241,278,303,2,2.15,12762.0,
2025-11-05 09:57:49,1.17.2,Bandit100,15,4.03,,20,100,0,Left,Left,242,278,303,3,,,0.06
2025-11-05 09:57:51,1.17.2,Bandit100,15,4.03,1.0,20,100,0,Pellet,Left,242,278,304,3,1.01,114.0,
2025-11-05 09:58:10,1.17.2,Bandit100,15,4.03,,20,100,0,Left,Left,243,278,304,4,,,0.09
2025-11-05 09:58:11,1.17.2,Bandit100,15,4.03,1.0,20,100,0,Pellet,Left,243,278,305,4,0.41,20.0,
2025-11-05 09:58:26,1.17.2,Bandit100,15,4.03,,20,100,0,Left,Left,244,278,305,5,,,0.14
2025-11-05 09:58:30,1.17.2,Bandit100,15,4.03,2.0,20,100,0,Pellet,Left,244,278,306,5,1.01,19.0,
2025-11-05 09:58:45,1.17.2,Bandit100,15,4.03,,20,100,0,Left,Left,245,278,306,6,,,0.32
2025-11-05 09:58:46,1.17.2,Bandit100,15,4.03,1.0,20,100,0,Pellet,Left,245,278,307,6,0.47,16.0,
2025-11-05 09:59:01,1.17.2,Bandit100,15,4.03,,20,100,0,Left,Left,246,278,307,7,,,0.06
2025-11-05 09:59:04,1.17.2,Bandit100,15,4.03,1.0,20,100,0,Pellet,Left,246,278,308,7,2.09,18.0,
2025-11-05 09:59:17,1.17.2,Bandit100,15,4.03,,20,100,0,Left,Left,247,278,308,8,,,0.16
2025-11-05 09:59:18,1.17.2,Bandit100,15,4.03,1.0,20,100,0,Pellet,Left,247,278,309,8,0.47,14.0,
2025-11-05 09:59:34,1.17.2,Bandit100,15,4.03,,20,100,0,Right,Left,247,279,309,9,,,0.16
2025-11-05 09:59:36,1.17.2,Bandit100,15,4.02,,20,100,0,LeftinTimeOut,Left,247,279,309,9,,,
2025-11-05 09:59:36,1.17.2,Bandit100,15,4.03,,20,100,0,LeftinTimeOut,Left,247,279,309,9,,,
2025-11-05 10:02:13,1.17.2,Bandit100,15,4.03,,20,100,0,Left,Left,248,279,309,9,,,0.62
2025-11-05 10:02:15,1.17.2,Bandit100,15,4.03,1.0,20,100,0,Pellet,Left,248,279,310,9,0.71,177.0,
2025-11-05 13:54:30,1.17.2,Bandit100,15,4.02,,20,100,0,Left,Left,249,279,310,10,,,0.03
2025-11-05 13:54:30,1.17.2,Bandit100,15,4.02,,20,100,0,LeftDuringDispense,Left,249,279,310,10,,,0.04
2025-11-05 13:54:35,1.17.2,Bandit100,15,4.02,2.0,20,100,0,Pellet,Left,249,279,311,10,1.91,13940.0,
2025-11-05 13:54:52,1.17.2,Bandit100,15,4.02,,20,100,0,Left,Left,250,279,311,11,,,0.03
2025-11-05 13:54:54,1.17.2,Bandit100,15,4.02,1.0,20,100,0,Pellet,Left,250,279,312,11,0.53,19.0,
2025-11-05 13:58:25,1.17.2,Bandit100,15,4.02,,20,100,0,Right,Left,250,280,312,12,,,0.13
2025-11-05 14:08:35,1.17.2,Bandit100,15,4.02,,20,100,0,Left,Left,251,280,312,12,,,0.14
2025-11-05 14:08:40,1.17.2,Bandit100,15,4.02,1.0,20,100,0,Pellet,Left,251,280,313,12,4.91,826.0,
2025-11-05 16:32:45,1.17.2,Bandit100,15,4.02,,20,100,0,Right,Left,251,281,313,13,,,0.42
2025-11-05 16:34:37,1.17.2,Bandit100,15,4.01,,20,100,0,Right,Left,251,282,313,13,,,0.64
2025-11-05 16:34:39,1.17.2,Bandit100,15,4.02,,20,100,0,RightinTimeout,Left,251,282,313,13,,,0.0
2025-11-05 16:34:40,1.17.2,Bandit100,15,4.01,,20,100,0,RightinTimeout,Left,251,282,313,13,,,0.0
2025-11-05 16:34:40,1.17.2,Bandit100,15,4.01,,20,100,0,RightinTimeout,Left,251,282,313,13,,,0.0
2025-11-05 16:34:40,1.17.2,Bandit100,15,4.02,,20,100,0,RightinTimeout,Left,251,282,313,13,,,0.0
2025-11-05 16:34:43,1.17.2,Bandit100,15,4.02,,20,100,0,LeftinTimeOut,Left,251,282,313,13,,,
2025-11-05 16:34:44,1.17.2,Bandit100,15,4.02,,20,100,0,LeftinTimeOut,Left,251,282,313,13,,,
2025-11-05 16:34:45,1.17.2,Bandit100,15,4.02,,20,100,0,LeftinTimeOut,Left,251,282,313,13,,,
2025-11-05 16:34:45,1.17.2,Bandit100,15,4.01,,20,100,0,LeftinTimeOut,Left,251,282,313,13,,,
2025-11-05 16:34:47,1.17.2,Bandit100,15,4.02,,20,100,0,LeftinTimeOut,Left,251,282,313,13,,,
2025-11-05 16:34:51,1.17.2,Bandit100,15,4.02,,20,100,0,LeftinTimeOut,Left,251,282,313,13,,,
2025-11-05 16:34:51,1.17.2,Bandit100,15,4.02,,20,100,0,LeftinTimeOut,Left,251,282,313,13,,,
2025-11-05 16:34:57,1.17.2,Bandit100,15,4.02,,20,100,0,LeftinTimeOut,Left,251,282,313,13,,,
2025-11-05 16:37:58,1.17.2,Bandit100,15,4.01,,20,100,0,Right,Left,251,283,313,13,,,0.33
2025-11-05 16:37:58,1.17.2,Bandit100,15,4.02,,20,100,0,RightinTimeout,Left,251,283,313,13,,,0.0
2025-11-05 16:37:59,1.17.2,Bandit100,15,4.01,,20,100,0,RightinTimeout,Left,251,283,313,13,,,0.0
2025-11-05 16:37:59,1.17.2,Bandit100,15,4.02,,20,100,0,RightinTimeout,Left,251,283,313,13,,,0.0
2025-11-05 16:37:59,1.17.2,Bandit100,15,4.02,,20,100,0,RightinTimeout,Left,251,283,313,13,,,0.0
2025-11-05 16:38:02,1.17.2,Bandit100,15,4.02,,20,100,0,RightinTimeout,Left,251,283,313,13,,,0.0
2025-11-05 16:38:03,1.17.2,Bandit100,15,4.02,,20,100,0,RightinTimeout,Left,251,283,313,13,,,0.0
2025-11-05 16:38:03,1.17.2,Bandit100,15,4.02,,20,100,0,RightinTimeout,Left,251,283,313,13,,,0.0
2025-11-05 16:38:03,1.17.2,Bandit100,15,4.02,,20,100,0,RightinTimeout,Left,251,283,313,13,,,0.0
2025-11-05 16:38:06,1.17.2,Bandit100,15,4.0,,20,100,0,LeftinTimeOut,Left,251,283,313,13,,,
2025-11-05 16:38:45,1.17.2,Bandit100,15,4.02,,20,100,0,Left,Left,252,283,313,13,,,0.16
2025-11-05 16:38:49,1.17.2,Bandit100,15,4.01,1.0,20,100,0,Pellet,Left,252,283,314,13,2.81,9009.0,
2025-11-05 16:39:24,1.17.2,Bandit100,15,4.02,,20,100,0,Right,Left,252,284,314,14,,,0.18
2025-11-05 16:52:54,1.17.2,Bandit100,15,4.02,,20,100,0,Right,Left,252,285,314,14,,,0.29
2025-11-05 17:58:30,1.17.2,Bandit100,15,4.01,,20,100,0,Right,Left,252,286,314,14,,,0.12
2025-11-05 18:05:04,1.17.2,Bandit100,15,4.01,,20,100,0,Right,Left,252,287,314,14,,,0.22
2025-11-05 18:06:21,1.17.2,Bandit100,15,4.01,,20,100,0,Right,Left,252,288,314,14,,,0.17
2025-11-05 18:14:21,1.17.2,Bandit100,15,4.01,,20,100,0,Left,Left,253,288,314,14,,,0.05
2025-11-05 18:14:28,1.17.2,Bandit100,15,4.02,3.0,20,100,0,Pellet,Left,253,288,315,14,1.97,5739.0,
2025-11-05 18:54:09,1.17.2,Bandit100,15,4.01,,20,100,0,Right,Left,253,289,315,15,,,0.14
2025-11-05 18:54:09,1.17.2,Bandit100,15,4.0,,20,100,0,RightinTimeout,Left,253,289,315,15,,,0.0
2025-11-05 18:54:12,1.17.2,Bandit100,15,4.01,,20,100,0,RightinTimeout,Left,253,289,315,15,,,0.0
2025-11-05 18:54:14,1.17.2,Bandit100,15,4.0,,20,100,0,RightinTimeout,Left,253,289,315,15,,,0.0
2025-11-05 18:54:19,1.17.2,Bandit100,15,4.01,,20,100,0,RightinTimeout,Left,253,289,315,15,,,0.0
2025-11-05 18:54:22,1.17.2,Bandit100,15,4.01,,20,100,0,LeftinTimeOut,Left,253,289,315,15,,,
2025-11-05 18:54:27,1.17.2,Bandit100,15,4.02,,20,100,0,LeftinTimeOut,Left,253,289,315,15,,,
2025-11-05 18:54:29,1.17.2,Bandit100,15,4.02,,20,100,0,LeftinTimeOut,Left,253,289,315,15,,,
2025-11-05 18:54:29,1.17.2,Bandit100,15,4.01,,20,100,0,LeftinTimeOut,Left,253,289,315,15,,,
2025-11-05 19:00:20,1.17.2,Bandit100,15,4.01,,20,100,0,Right,Left,253,290,315,15,,,0.19
2025-11-05 19:01:09,1.17.2,Bandit100,15,4.0,,20,100,0,Right,Left,253,291,315,15,,,0.15
2025-11-05 19:01:24,1.17.2,Bandit100,15,4.01,,20,100,0,Right,Left,253,292,315,15,,,0.16
2025-11-05 19:01:33,1.17.2,Bandit100,15,4.0,,20,100,0,RightinTimeout,Left,253,292,315,15,,,0.0
2025-11-05 19:01:33,1.17.2,Bandit100,15,4.01,,20,100,0,RightinTimeout,Left,253,292,315,15,,,0.0
2025-11-05 19:03:33,1.17.2,Bandit100,15,4.01,,20,100,0,Right,Left,253,293,315,15,,,0.02
2025-11-05 19:08:43,1.17.2,Bandit100,15,4.0,,20,100,0,Right,Left,253,294,315,15,,,0.28
2025-11-05 19:08:44,1.17.2,Bandit100,15,4.0,,20,100,0,RightinTimeout,Left,253,294,315,15,,,0.0
2025-11-05 19:08:44,1.17.2,Bandit100,15,4.01,,20,100,0,RightinTimeout,Left,253,294,315,15,,,0.0
2025-11-05 19:08:45,1.17.2,Bandit100,15,4.01,,20,100,0,RightinTimeout,Left,253,294,315,15,,,0.0
2025-11-05 19:08:46,1.17.2,Bandit100,15,4.01,,20,100,0,LeftinTimeOut,Left,253,294,315,15,,,
2025-11-05 19:09:03,1.17.2,Bandit100,15,4.01,,20,100,0,Left,Left,254,294,315,15,,,0.0
2025-11-05 19:09:04,1.17.2,Bandit100,15,4.01,1.0,20,100,0,Pellet,Left,254,294,316,15,0.65,3276.0,
2025-11-05 19:09:18,1.17.2,Bandit100,15,4.01,,20,100,0,Left,Left,255,294,316,16,,,0.11
2025-11-05 19:09:19,1.17.2,Bandit100,15,4.0,1.0,20,100,0,Pellet,Left,255,294,317,16,0.65,15.0,
2025-11-05 19:09:28,1.17.2,Bandit100,15,4.0,,20,100,0,Left,Left,256,294,317,17,,,0.02
2025-11-05 19:09:30,1.17.2,Bandit100,15,4.01,1.0,20,100,0,Pellet,Left,256,294,318,17,0.41,11.0,
2025-11-05 19:09:49,1.17.2,Bandit100,15,4.01,,20,100,0,Left,Left,257,294,318,18,,,0.14
2025-11-05 19:09:51,1.17.2,Bandit100,15,4.01,1.0,20,100,0,Pellet,Left,257,294,319,18,0.95,21.0,
2025-11-05 19:10:14,1.17.2,Bandit100,15,4.0,,20,100,0,Left,Left,258,294,319,19,,,0.22
2025-11-05 19:10:15,1.17.2,Bandit100,15,4.0,1.0,20,100,0,Pellet,Left,258,294,320,19,0.06,24.0,
2025-11-05 19:10:23,1.17.2,Bandit100,15,4.0,,20,0,100,Left,Right,259,294,320,0,,,0.1
2025-11-05 19:11:00,1.17.2,Bandit100,15,4.01,,20,0,100,Right,Right,259,295,320,0,,,0.45
2025-11-05 19:11:02,1.17.2,Bandit100,15,4.0,1.0,20,0,100,Pellet,Right,259,295,321,0,0.65,47.0,
2025-11-05 19:11:29,1.17.2,Bandit100,15,4.01,,20,0,100,Right,Right,259,296,321,1,,,0.15
2025-11-05 19:11:31,1.17.2,Bandit100,15,4.01,1.0,20,0,100,Pellet,Right,259,296,322,1,0.59,29.0,
2025-11-05 19:11:48,1.17.2,Bandit100,15,4.0,,20,0,100,Right,Right,259,297,322,2,,,0.09
2025-11-05 19:11:49,1.17.2,Bandit100,15,4.01,1.0,20,0,100,Pellet,Right,259,297,323,2,0.53,18.0,
2025-11-05 19:15:03,1.17.2,Bandit100,15,4.0,,20,0,100,Right,Right,259,298,323,3,,,0.06
2025-11-05 19:15:04,1.17.2,Bandit100,15,4.01,1.0,20,0,100,Pellet,Right,259,298,324,3,0.06,195.0,
2025-11-05 19:21:50,1.17.2,Bandit100,15,4.01,,20,0,100,Left,Right,260,298,324,4,,,0.2
2025-11-05 19:25:53,1.17.2,Bandit100,15,4.01,,20,0,100,Right,Right,260,299,324,4,,,0.08
2025-11-05 19:25:54,1.17.2,Bandit100,15,4.0,1.0,20,0,100,Pellet,Right,260,299,325,4,0.71,650.0,
2025-11-05 19:26:33,1.17.2,Bandit100,15,4.01,,20,0,100,Right,Right,260,300,325,5,,,0.12
2025-11-05 19:26:34,1.17.2,Bandit100,15,4.0,1.0,20,0,100,Pellet,Right,260,300,326,5,0.83,40.0,
2025-11-05 19:54:05,1.17.2,Bandit100,15,4.01,,20,0,100,Right,Right,260,301,326,6,,,0.6
2025-11-05 19:54:07,1.17.2,Bandit100,15,4.01,1.0,20,0,100,Pellet,Right,260,301,327,6,1.25,1653.0,
2025-11-05 19:54:34,1.17.2,Bandit100,15,4.0,,20,0,100,Left,Right,261,301,327,7,,,0.23
2025-11-05 19:54:41,1.17.2,Bandit100,15,4.0,,20,0,100,RightinTimeout,Right,261,301,327,7,,,0.0
2025-11-05 19:54:41,1.17.2,Bandit100,15,4.0,,20,0,100,RightinTimeout,Right,261,301,327,7,,,0.0
2025-11-05 19:54:43,1.17.2,Bandit100,15,4.0,,20,0,100,RightinTimeout,Right,261,301,327,7,,,0.0
2025-11-05 19:54:43,1.17.2,Bandit100,15,4.0,,20,0,100,RightinTimeout,Right,261,301,327,7,,,0.0
2025-11-05 19:54:43,1.17.2,Bandit100,15,4.0,,20,0,100,RightinTimeout,Right,261,301,327,7,,,0.0
2025-11-05 19:54:44,1.17.2,Bandit100,15,4.01,,20,0,100,RightinTimeout,Right,261,301,327,7,,,0.0
2025-11-05 19:54:44,1.17.2,Bandit100,15,4.01,,20,0,100,RightinTimeout,Right,261,301,327,7,,,0.0
2025-11-05 19:54:44,1.17.2,Bandit100,15,4.0,,20,0,100,RightinTimeout,Right,261,301,327,7,,,0.0
2025-11-05 19:54:47,1.17.2,Bandit100,15,4.0,,20,0,100,LeftinTimeOut,Right,261,301,327,7,,,
2025-11-05 19:54:49,1.17.2,Bandit100,15,4.0,,20,0,100,LeftinTimeOut,Right,261,301,327,7,,,
2025-11-05 19:59:16,1.17.2,Bandit100,15,4.0,,20,0,100,Right,Right,261,302,327,7,,,0.19
2025-11-05 19:59:16,1.17.2,Bandit100,15,4.0,1.0,20,0,100,Pellet,Right,261,302,328,7,0.06,309.0,
2025-11-05 20:04:53,1.17.2,Bandit100,15,4.0,,20,0,100,Left,Right,262,302,328,8,,,0.29
2025-11-05 20:06:34,1.17.2,Bandit100,15,4.0,,20,0,100,Left,Right,263,302,328,8,,,0.02
2025-11-05 20:07:00,1.17.2,Bandit100,15,4.01,,20,0,100,Right,Right,263,303,328,8,,,0.4
2025-11-05 20:07:01,1.17.2,Bandit100,15,4.0,1.0,20,0,100,Pellet,Right,263,303,329,8,0.65,465.0,
2025-11-05 20:07:19,1.17.2,Bandit100,15,4.0,,20,0,100,Left,Right,264,303,329,9,,,0.16
2025-11-05 20:21:46,1.17.2,Bandit100,15,4.0,,20,0,100,Right,Right,264,304,329,9,,,0.14
2025-11-05 20:21:46,1.17.2,Bandit100,15,4.0,,20,0,100,RightDuringDispense,Right,264,304,329,9,,,0.02
2025-11-05 20:21:50,1.17.2,Bandit100,15,4.0,2.0,20,0,100,Pellet,Right,264,304,330,9,0.59,888.0,
2025-11-05 20:22:06,1.17.2,Bandit100,15,4.0,,20,0,100,Left,Right,265,304,330,10,,,0.2
2025-11-05 20:23:24,1.17.2,Bandit100,15,4.0,,20,0,100,Right,Right,265,305,330,10,,,0.1
2025-11-05 20:23:26,1.17.2,Bandit100,15,4.0,1.0,20,0,100,Pellet,Right,265,305,331,10,0.47,97.0,
2025-11-05 20:23:32,1.17.2,Bandit100,15,4.0,,20,0,100,Right,Right,265,306,331,11,,,0.03
2025-11-05 20:23:33,1.17.2,Bandit100,15,3.99,1.0,20,0,100,Pellet,Right,265,306,332,11,0.65,7.0,
2025-11-05 20:29:45,1.17.2,Bandit100,15,4.0,,20,0,100,Left,Right,266,306,332,12,,,0.0
2025-11-05 20:33:13,1.17.2,Bandit100,15,4.0,,20,0,100,Right,Right,266,307,332,12,,,0.23
2025-11-05 20:33:14,1.17.2,Bandit100,15,4.0,1.0,20,0,100,Pellet,Right,266,307,333,12,0.41,581.0,
2025-11-05 20:44:26,1.17.2,Bandit100,15,4.0,,20,0,100,Left,Right,267,307,333,13,,,0.29
2025-11-05 20:44:27,1.17.2,Bandit100,15,4.0,,20,0,100,LeftinTimeOut,Right,267,307,333,13,,,
2025-11-05 20:44:51,1.17.2,Bandit100,15,4.0,,20,0,100,Right,Right,267,308,333,13,,,0.05
2025-11-05 20:44:52,1.17.2,Bandit100,15,4.0,1.0,20,0,100,Pellet,Right,267,308,334,13,0.41,698.0,
2025-11-05 20:52:19,1.17.2,Bandit100,15,4.0,,20,0,100,Left,Right,268,308,334,14,,,0.12
2025-11-05 21:12:37,1.17.2,Bandit100,15,4.0,,20,0,100,Left,Right,269,308,334,14,,,0.5
2025-11-05 21:12:40,1.17.2,Bandit100,15,4.0,,20,0,100,LeftinTimeOut,Right,269,308,334,14,,,
2025-11-05 21:19:36,1.17.2,Bandit100,15,4.0,,20,0,100,Right,Right,269,309,334,14,,,0.17
2025-11-05 21:19:43,1.17.2,Bandit100,15,3.99,1.0,20,0,100,Pellet,Right,269,309,335,14,6.47,2091.0,
2025-11-05 21:19:59,1.17.2,Bandit100,15,3.99,,20,0,100,Right,Right,269,310,335,15,,,0.15
2025-11-05 21:20:00,1.17.2,Bandit100,15,4.0,1.0,20,0,100,Pellet,Right,269,310,336,15,0.29,17.0,
2025-11-05 21:20:20,1.17.2,Bandit100,15,4.0,,20,0,100,Right,Right,269,311,336,16,,,0.25
2025-11-05 21:20:21,1.17.2,Bandit100,15,4.0,1.0,20,0,100,Pellet,Right,269,311,337,16,0.41,21.0,
2025-11-05 21:20:30,1.17.2,Bandit100,15,4.0,,20,0,100,Right,Right,269,312,337,17,,,0.11
2025-11-05 21:20:31,1.17.2,Bandit100,15,4.0,1.0,20,0,100,Pellet,Right,269,312,338,17,0.59,10.0,
2025-11-05 21:20:45,1.17.2,Bandit100,15,3.99,,20,0,100,Right,Right,269,313,338,18,,,0.04
2025-11-05 21:20:46,1.17.2,Bandit100,15,4.0,1.0,20,0,100,Pellet,Right,269,313,339,18,0.35,15.0,
2025-11-05 21:20:59,1.17.2,Bandit100,15,4.0,,20,0,100,Right,Right,269,314,339,19,,,0.14
2025-11-05 21:21:00,1.17.2,Bandit100,15,4.0,1.0,20,0,100,Pellet,Right,269,314,340,19,0.95,14.0,
2025-11-05 21:27:55,1.17.2,Bandit100,15,4.0,,20,100,0,Left,Left,270,314,340,0,,,0.2
2025-11-05 21:27:57,1.17.2,Bandit100,15,3.99,1.0,20,100,0,Pellet,Left,270,314,341,0,0.53,417.0,
2025-11-05 21:28:09,1.17.2,Bandit100,15,4.0,,20,100,0,Left,Left,271,314,341,1,,,0.03
2025-11-05 21:28:10,1.17.2,Bandit100,15,4.0,1.0,20,100,0,Pellet,Left,271,314,342,1,0.35,13.0,
2025-11-05 21:28:40,1.17.2,Bandit100,15,4.0,,20,100,0,Right,Left,271,315,342,2,,,0.3
2025-11-05 21:30:18,1.17.2,Bandit100,15,4.0,,20,100,0,Right,Left,271,316,342,2,,,0.12
2025-11-05 21:31:05,1.17.2,Bandit100,15,4.0,,20,100,0,Left,Left,272,316,342,2,,,0.08
2025-11-05 21:31:06,1.17.2,Bandit100,15,4.0,1.0,20,100,0,Pellet,Left,272,316,343,2,0.41,176.0,
2025-11-05 21:31:17,1.17.2,Bandit100,15,4.0,,20,100,0,Left,Left,273,316,343,3,,,0.12
2025-11-05 21:31:18,1.17.2,Bandit100,15,3.99,1.0,20,100,0,Pellet,Left,273,316,344,3,0.59,12.0,
2025-11-05 21:31:29,1.17.2,Bandit100,15,3.99,,20,100,0,Left,Left,274,316,344,4,,,0.39
2025-11-05 21:31:30,1.17.2,Bandit100,15,4.0,1.0,20,100,0,Pellet,Left,274,316,345,4,0.53,12.0,
2025-11-05 21:31:52,1.17.2,Bandit100,15,4.0,,20,100,0,Left,Left,275,316,345,5,,,0.19
2025-11-05 21:31:53,1.17.2,Bandit100,15,3.98,1.0,20,100,0,Pellet,Left,275,316,346,5,0.41,23.0,
2025-11-05 21:32:02,1.17.2,Bandit100,15,4.0,,20,100,0,Left,Left,276,316,346,6,,,0.17
2025-11-05 21:32:03,1.17.2,Bandit100,15,4.0,1.0,20,100,0,Pellet,Left,276,316,347,6,0.59,10.0,
2025-11-05 21:32:22,1.17.2,Bandit100,15,4.0,,20,100,0,Left,Left,277,316,347,7,,,0.12
2025-11-05 21:32:24,1.17.2,Bandit100,15,3.99,1.0,20,100,0,Pellet,Left,277,316,348,7,0.41,21.0,
2025-11-05 21:33:27,1.17.2,Bandit100,15,4.0,,20,100,0,Right,Left,277,317,348,8,,,0.13
2025-11-05 21:33:49,1.17.2,Bandit100,15,4.0,,20,100,0,Right,Left,277,318,348,8,,,0.32
2025-11-05 21:34:16,1.17.2,Bandit100,15,4.0,,20,100,0,Right,Left,277,319,348,8,,,0.28
2025-11-05 21:37:31,1.17.2,Bandit100,15,4.0,,20,100,0,Left,Left,278,319,348,8,,,0.4
2025-11-05 21:37:32,1.17.2,Bandit100,15,4.0,1.0,20,100,0,Pellet,Left,278,319,349,8,0.41,308.0,
2025-11-05 21:38:05,1.17.2,Bandit100,15,4.0,,20,100,0,Right,Left,278,320,349,9,,,0.02
2025-11-05 21:39:18,1.17.2,Bandit100,15,3.99,,20,100,0,Left,Left,279,320,349,9,,,0.14
2025-11-05 21:39:20,1.17.2,Bandit100,15,4.0,1.0,20,100,0,Pellet,Left,279,320,350,9,0.89,108.0,
2025-11-05 21:48:01,1.17.2,Bandit100,15,4.0,,20,100,0,Left,Left,280,320,350,10,,,0.02
2025-11-05 21:48:03,1.17.2,Bandit100,15,4.0,1.0,20,100,0,Pellet,Left,280,320,351,10,0.89,523.0,
2025-11-05 21:48:11,1.17.2,Bandit100,15,3.99,,20,100,0,Left,Left,281,320,351,11,,,0.07
2025-11-05 21:48:12,1.17.2,Bandit100,15,4.0,1.0,20,100,0,Pellet,Left,281,320,352,11,0.65,9.0,
2025-11-05 21:48:42,1.17.2,Bandit100,15,3.99,,20,100,0,Right,Left,281,321,352,12,,,0.08
2025-11-05 21:56:06,1.17.2,Bandit100,15,4.0,,20,100,0,Left,Left,282,321,352,12,,,0.02
2025-11-05 21:56:07,1.17.2,Bandit100,15,4.0,,20,100,0,LeftDuringDispense,Left,282,321,352,12,,,0.03
2025-11-05 21:56:10,1.17.2,Bandit100,15,3.99,2.0,20,100,0,Pellet,Left,282,321,353,12,0.41,478.0,
2025-11-05 21:56:18,1.17.2,Bandit100,15,4.0,,20,100,0,Left,Left,283,321,353,13,,,0.13
2025-11-05 21:56:19,1.17.2,Bandit100,15,4.0,1.0,20,100,0,Pellet,Left,283,321,354,13,0.29,9.0,
2025-11-05 22:17:27,1.17.2,Bandit100,15,3.99,,20,100,0,Right,Left,283,322,354,14,,,0.19
2025-11-05 22:17:30,1.17.2,Bandit100,15,3.98,,20,100,0,RightinTimeout,Left,283,322,354,14,,,0.0
2025-11-05 22:18:35,1.17.2,Bandit100,15,4.0,,20,100,0,Right,Left,283,323,354,14,,,0.12
2025-11-05 22:24:58,1.17.2,Bandit100,15,3.99,,20,100,0,Right,Left,283,324,354,14,,,0.0
2025-11-05 22:25:00,1.17.2,Bandit100,15,3.99,,20,100,0,LeftinTimeOut,Left,283,324,354,14,,,
2025-11-05 22:25:17,1.17.2,Bandit100,15,4.0,,20,100,0,Left,Left,284,324,354,14,,,0.11
2025-11-05 22:25:19,1.17.2,Bandit100,15,4.0,1.0,20,100,0,Pellet,Left,284,324,355,14,0.59,1740.0,
2025-11-05 22:30:15,1.17.2,Bandit100,15,4.0,,20,100,0,Left,Left,285,324,355,15,,,0.3
2025-11-05 22:30:19,1.17.2,Bandit100,15,3.99,1.0,20,100,0,Pellet,Left,285,324,356,15,2.87,300.0,
2025-11-05 22:30:29,1.17.2,Bandit100,15,4.0,,20,100,0,Left,Left,286,324,356,16,,,0.08
2025-11-05 22:30:31,1.17.2,Bandit100,15,4.0,1.0,20,100,0,Pellet,Left,286,324,357,16,1.13,12.0,
2025-11-05 22:30:40,1.17.2,Bandit100,15,4.0,,20,100,0,Left,Left,287,324,357,17,,,0.15
2025-11-05 22:30:41,1.17.2,Bandit100,15,3.99,1.0,20,100,0,Pellet,Left,287,324,358,17,0.53,10.0,
2025-11-05 22:31:00,1.17.2,Bandit100,15,4.0,,20,100,0,Left,Left,288,324,358,18,,,0.13
2025-11-05 22:31:01,1.17.2,Bandit100,15,4.0,1.0,20,100,0,Pellet,Left,288,324,359,18,0.41,20.0,
2025-11-05 22:31:13,1.17.2,Bandit100,15,4.0,,20,100,0,Left,Left,289,324,359,19,,,0.14
2025-11-05 22:31:14,1.17.2,Bandit100,15,4.0,1.0,20,100,0,Pellet,Left,289,324,360,19,0.59,13.0,
2025-11-05 22:31:31,1.17.2,Bandit100,15,4.0,,20,0,100,Left,Right,290,324,360,0,,,0.06
2025-11-05 22:34:25,1.17.2,Bandit100,15,3.99,,20,0,100,Right,Right,290,325,360,0,,,0.13
2025-11-05 22:34:26,1.17.2,Bandit100,15,3.99,2.0,20,0,100,Pellet,Right,290,325,361,0,0.17,192.0,
2025-11-05 22:34:42,1.17.2,Bandit100,15,4.0,,20,0,100,Right,Right,290,326,361,1,,,0.13
2025-11-05 22:34:44,1.17.2,Bandit100,15,3.99,1.0,20,0,100,Pellet,Right,290,326,362,1,0.65,18.0,
2025-11-05 22:34:55,1.17.2,Bandit100,15,3.99,,20,0,100,Right,Right,290,327,362,2,,,0.41
2025-11-05 22:34:56,1.17.2,Bandit100,15,4.0,1.0,20,0,100,Pellet,Right,290,327,363,2,0.41,12.0,
2025-11-05 22:35:09,1.17.2,Bandit100,15,4.0,,20,0,100,Right,Right,290,328,363,3,,,0.24
2025-11-05 22:35:10,1.17.2,Bandit100,15,3.99,1.0,20,0,100,Pellet,Right,290,328,364,3,0.35,14.0,
2025-11-05 22:35:22,1.17.2,Bandit100,15,3.98,,20,0,100,Right,Right,290,329,364,4,,,0.02
2025-11-05 22:35:23,1.17.2,Bandit100,15,3.98,1.0,20,0,100,Pellet,Right,290,329,365,4,0.47,13.0,
2025-11-05 22:35:44,1.17.2,Bandit100,15,3.98,,20,0,100,Right,Right,290,330,365,5,,,0.21
2025-11-05 22:35:46,1.17.2,Bandit100,15,3.98,1.0,20,0,100,Pellet,Right,290,330,366,5,1.01,23.0,
2025-11-05 22:35:56,1.17.2,Bandit100,15,3.98,,20,0,100,Right,Right,290,331,366,6,,,0.04
2025-11-05 22:35:57,1.17.2,Bandit100,15,3.99,1.0,20,0,100,Pellet,Right,290,331,367,6,0.06,11.0,
2025-11-05 23:25:00,1.17.2,Bandit100,15,3.98,,20,0,100,Right,Right,290,332,367,7,,,0.17
2025-11-05 23:25:02,1.17.2,Bandit100,15,3.98,1.0,20,0,100,Pellet,Right,290,332,368,7,0.59,2945.0,
2025-11-05 23:25:38,1.17.2,Bandit100,15,3.99,,20,0,100,Left,Right,291,332,368,8,,,0.16
2025-11-05 23:25:54,1.17.2,Bandit100,15,3.99,,20,0,100,Right,Right,291,333,368,8,,,0.35
2025-11-05 23:25:54,1.17.2,Bandit100,15,3.97,,20,0,100,RightDuringDispense,Right,291,333,368,8,,,0.01
2025-11-05 23:25:58,1.17.2,Bandit100,15,3.98,2.0,20,0,100,Pellet,Right,291,333,369,8,0.59,56.0,
2025-11-05 23:26:08,1.17.2,Bandit100,15,3.99,,20,0,100,Right,Right,291,334,369,9,,,0.47
2025-11-05 23:26:09,1.17.2,Bandit100,15,3.98,1.0,20,0,100,Pellet,Right,291,334,370,9,0.53,11.0,
2025-11-05 23:42:36,1.17.2,Bandit100,15,3.98,,20,0,100,Right,Right,291,335,370,10,,,0.31
2025-11-05 23:42:38,1.17.2,Bandit100,15,3.99,1.0,20,0,100,Pellet,Right,291,335,371,10,0.83,989.0,
2025-11-05 23:42:52,1.17.2,Bandit100,15,3.99,,20,0,100,Right,Right,291,336,371,11,,,0.17
2025-11-05 23:42:53,1.17.2,Bandit100,15,3.99,1.0,20,0,100,Pellet,Right,291,336,372,11,0.53,15.0,
2025-11-05 23:43:07,1.17.2,Bandit100,15,3.99,,20,0,100,Right,Right,291,337,372,12,,,0.01
2025-11-05 23:43:08,1.17.2,Bandit100,15,3.99,1.0,20,0,100,Pellet,Right,291,337,373,12,0.41,15.0,
2025-11-05 23:46:22,1.17.2,Bandit100,15,3.98,,20,0,100,Right,Right,291,338,373,13,,,0.07
2025-11-05 23:46:23,1.17.2,Bandit100,15,3.98,1.0,20,0,100,Pellet,Right,291,338,374,13,0.06,195.0,
2025-11-05 23:55:20,1.17.2,Bandit100,15,3.99,,20,0,100,Left,Right,292,338,374,14,,,0.2
2025-11-06 00:02:29,1.17.2,Bandit100,15,3.98,,20,0,100,Left,Right,293,338,374,14,,,0.07
2025-11-06 00:02:30,1.17.2,Bandit100,15,3.98,,20,0,100,LeftinTimeOut,Right,293,338,374,14,,,
2025-11-06 00:02:32,1.17.2,Bandit100,15,3.98,,20,0,100,LeftinTimeOut,Right,293,338,374,14,,,
2025-11-06 00:04:18,1.17.2,Bandit100,15,3.98,,20,0,100,Right,Right,293,339,374,14,,,0.2
2025-11-06 00:04:19,1.17.2,Bandit100,15,3.96,1.0,20,0,100,Pellet,Right,293,339,375,14,0.29,1076.0,
2025-11-06 00:04:40,1.17.2,Bandit100,15,3.96,,20,0,100,Right,Right,293,340,375,15,,,0.35
2025-11-06 00:04:41,1.17.2,Bandit100,15,3.98,1.0,20,0,100,Pellet,Right,293,340,376,15,0.35,22.0,
2025-11-06 00:04:48,1.17.2,Bandit100,15,3.98,,20,0,100,Right,Right,293,341,376,16,,,0.06
2025-11-06 00:04:49,1.17.2,Bandit100,15,3.99,1.0,20,0,100,Pellet,Right,293,341,377,16,0.29,8.0,
2025-11-06 00:05:01,1.17.2,Bandit100,15,3.99,,20,0,100,Right,Right,293,342,377,17,,,0.05
2025-11-06 00:05:02,1.17.2,Bandit100,15,3.98,1.0,20,0,100,Pellet,Right,293,342,378,17,0.29,13.0,
2025-11-06 00:05:11,1.17.2,Bandit100,15,3.98,,20,0,100,Right,Right,293,343,378,18,,,0.04
2025-11-06 00:05:12,1.17.2,Bandit100,15,3.98,1.0,20,0,100,Pellet,Right,293,343,379,18,0.29,10.0,
2025-11-06 00:05:27,1.17.2,Bandit100,15,3.98,,20,0,100,Right,Right,293,344,379,19,,,0.13
2025-11-06 00:05:29,1.17.2,Bandit100,15,3.98,1.0,20,0,100,Pellet,Right,293,344,380,19,1.31,17.0,
2025-11-06 00:05:43,1.17.2,Bandit100,15,3.98,,20,100,0,Left,Left,294,344,380,0,,,0.07
2025-11-06 00:05:45,1.17.2,Bandit100,15,3.96,1.0,20,100,0,Pellet,Left,294,344,381,0,0.47,16.0,
2025-11-06 00:24:38,1.17.2,Bandit100,15,3.93,,20,100,0,Right,Left,294,345,381,1,,,0.01
2025-11-06 00:39:31,1.17.2,Bandit100,15,3.94,,20,100,0,Right,Left,294,346,381,1,,,0.16
2025-11-06 00:39:53,1.17.2,Bandit100,15,3.94,,20,100,0,Right,Left,294,347,381,1,,,0.05
2025-11-06 00:41:30,1.17.2,Bandit100,15,3.94,,20,100,0,Right,Left,294,348,381,1,,,0.11
2025-11-06 00:41:31,1.17.2,Bandit100,15,3.94,,20,100,0,RightinTimeout,Left,294,348,381,1,,,0.0
2025-11-06 00:41:32,1.17.2,Bandit100,15,3.94,,20,100,0,RightinTimeout,Left,294,348,381,1,,,0.0
2025-11-06 00:41:45,1.17.2,Bandit100,15,3.94,,20,100,0,Right,Left,294,349,381,1,,,0.42
2025-11-06 00:46:02,1.17.2,Bandit100,15,3.91,,20,100,0,Right,Left,294,350,381,1,,,0.05
2025-11-06 00:57:01,1.17.2,Bandit100,15,3.93,,20,100,0,Left,Left,295,350,381,1,,,0.03
2025-11-06 00:57:04,1.17.2,Bandit100,15,3.99,2.0,20,100,0,Pellet,Left,295,350,382,1,0.47,3079.0,
2025-11-06 00:57:51,1.17.2,Bandit100,15,3.99,,20,100,0,Right,Left,295,351,382,2,,,0.16
2025-11-06 00:59:02,1.17.2,Bandit100,15,3.99,,20,100,0,Right,Left,295,352,382,2,,,0.09
2025-11-06 00:59:10,1.17.2,Bandit100,15,4.0,,20,100,0,LeftinTimeOut,Left,295,352,382,2,,,
2025-11-06 02:45:04,1.17.2,Bandit100,15,3.98,,20,100,0,Left,Left,296,352,382,2,,,0.15
2025-11-06 02:45:06,1.17.2,Bandit100,15,3.97,1.0,20,100,0,Pellet,Left,296,352,383,2,0.53,6482.0,
2025-11-06 02:45:27,1.17.2,Bandit100,15,3.98,,20,100,0,Right,Left,296,353,383,3,,,0.22
2025-11-06 02:48:13,1.17.2,Bandit100,15,3.98,,20,100,0,Right,Left,296,354,383,3,,,0.3
2025-11-06 02:48:14,1.17.2,Bandit100,15,3.98,,20,100,0,RightinTimeout,Left,296,354,383,3,,,0.0
2025-11-06 02:48:14,1.17.2,Bandit100,15,3.98,,20,100,0,RightinTimeout,Left,296,354,383,3,,,0.0
2025-11-06 02:48:19,1.17.2,Bandit100,15,3.98,,20,100,0,RightinTimeout,Left,296,354,383,3,,,0.0
2025-11-06 02:48:19,1.17.2,Bandit100,15,3.98,,20,100,0,RightinTimeout,Left,296,354,383,3,,,0.0
2025-11-06 02:48:20,1.17.2,Bandit100,15,3.98,,20,100,0,RightinTimeout,Left,296,354,383,3,,,0.0
2025-11-06 02:48:25,1.17.2,Bandit100,15,3.98,,20,100,0,LeftinTimeOut,Left,296,354,383,3,,,
2025-11-06 02:55:18,1.17.2,Bandit100,15,3.98,,20,100,0,Right,Left,296,355,383,3,,,0.07
2025-11-06 02:55:22,1.17.2,Bandit100,15,3.98,,20,100,0,LeftinTimeOut,Left,296,355,383,3,,,
2025-11-06 02:59:36,1.17.2,Bandit100,15,3.98,,20,100,0,Right,Left,296,356,383,3,,,0.25
2025-11-06 03:02:27,1.17.2,Bandit100,15,3.98,,20,100,0,Left,Left,297,356,383,3,,,0.23
2025-11-06 03:02:28,1.17.2,Bandit100,15,3.98,1.0,20,100,0,Pellet,Left,297,356,384,3,0.65,1042.0,
2025-11-06 03:02:38,1.17.2,Bandit100,15,3.99,,20,100,0,Left,Left,298,356,384,4,,,0.04
2025-11-06 03:02:39,1.17.2,Bandit100,15,3.98,1.0,20,100,0,Pellet,Left,298,356,385,4,0.41,11.0,
2025-11-06 03:02:58,1.17.2,Bandit100,15,3.98,,20,100,0,Left,Left,299,356,385,5,,,0.09
2025-11-06 03:02:59,1.17.2,Bandit100,15,3.98,1.0,20,100,0,Pellet,Left,299,356,386,5,0.06,20.0,
2025-11-06 03:03:05,1.17.2,Bandit100,15,3.98,,20,100,0,Left,Left,300,356,386,6,,,0.04
2025-11-06 03:03:06,1.17.2,Bandit100,15,3.98,1.0,20,100,0,Pellet,Left,300,356,387,6,0.06,7.0,
2025-11-06 03:03:15,1.17.2,Bandit100,15,3.97,,20,100,0,Left,Left,301,356,387,7,,,0.12
2025-11-06 03:03:16,1.17.2,Bandit100,15,3.98,1.0,20,100,0,Pellet,Left,301,356,388,7,0.29,10.0,
2025-11-06 03:03:36,1.17.2,Bandit100,15,3.98,,20,100,0,Left,Left,302,356,388,8,,,0.11
2025-11-06 03:03:37,1.17.2,Bandit100,15,3.97,1.0,20,100,0,Pellet,Left,302,356,389,8,0.83,21.0,
2025-11-06 03:03:48,1.17.2,Bandit100,15,3.98,,20,100,0,Left,Left,303,356,389,9,,,0.06
2025-11-06 03:03:53,1.17.2,Bandit100,15,3.98,1.0,20,100,0,Pellet,Left,303,356,390,9,4.67,16.0,
2025-11-06 03:04:07,1.17.2,Bandit100,15,3.97,,20,100,0,Left,Left,304,356,390,10,,,0.05
2025-11-06 03:04:11,1.17.2,Bandit100,15,3.96,2.0,20,100,0,Pellet,Left,304,356,391,10,0.41,18.0,
2025-11-06 03:04:23,1.17.2,Bandit100,15,3.98,,20,100,0,Left,Left,305,356,391,11,,,0.22
2025-11-06 03:04:24,1.17.2,Bandit100,15,3.98,2.0,20,100,0,Pellet,Left,305,356,392,11,0.23,13.0,
2025-11-06 03:04:39,1.17.2,Bandit100,15,3.99,,20,100,0,Left,Left,306,356,392,12,,,0.02
2025-11-06 03:04:41,1.17.2,Bandit100,15,3.98,1.0,20,100,0,Pellet,Left,306,356,393,12,1.01,17.0,
2025-11-06 03:04:52,1.17.2,Bandit100,15,3.98,,20,100,0,Left,Left,307,356,393,13,,,0.11
2025-11-06 03:04:53,1.17.2,Bandit100,15,3.98,1.0,20,100,0,Pellet,Left,307,356,394,13,0.41,12.0,
2025-11-06 03:05:02,1.17.2,Bandit100,15,3.98,,20,100,0,Left,Left,308,356,394,14,,,0.05
2025-11-06 03:05:03,1.17.2,Bandit100,15,3.98,1.0,20,100,0,Pellet,Left,308,356,395,14,0.71,10.0,
2025-11-06 03:05:27,1.17.2,Bandit100,15,3.98,,20,100,0,Left,Left,309,356,395,15,,,0.19
2025-11-06 03:05:28,1.17.2,Bandit100,15,3.98,1.0,20,100,0,Pellet,Left,309,356,396,15,0.35,25.0,
2025-11-06 03:05:38,1.17.2,Bandit100,15,3.98,,20,100,0,Left,Left,310,356,396,16,,,0.07
2025-11-06 03:05:39,1.17.2,Bandit100,15,3.98,1.0,20,100,0,Pellet,Left,310,356,397,16,0.83,11.0,
2025-11-06 03:05:49,1.17.2,Bandit100,15,3.98,,20,100,0,Left,Left,311,356,397,17,,,0.11
2025-11-06 03:05:50,1.17.2,Bandit100,15,3.98,1.0,20,100,0,Pellet,Left,311,356,398,17,0.53,11.0,
2025-11-06 03:06:51,1.17.2,Bandit100,15,3.98,,20,100,0,Right,Left,311,357,398,18,,,0.09
2025-11-06 03:06:52,1.17.2,Bandit100,15,3.98,,20,100,0,RightinTimeout,Left,311,357,398,18,,,0.0
2025-11-06 03:06:53,1.17.2,Bandit100,15,3.98,,20,100,0,RightinTimeout,Left,311,357,398,18,,,0.0
2025-11-06 03:24:14,1.17.2,Bandit100,15,3.98,,20,100,0,Right,Left,311,358,398,18,,,0.43
2025-11-06 03:24:15,1.17.2,Bandit100,15,3.98,,20,100,0,RightinTimeout,Left,311,358,398,18,,,0.0
2025-11-06 03:32:01,1.17.2,Bandit100,15,3.96,,20,100,0,Right,Left,311,359,398,18,,,0.22
2025-11-06 04:00:28,1.17.2,Bandit100,15,3.97,,20,100,0,Left,Left,312,359,398,18,,,0.17
2025-11-06 04:00:30,1.17.2,Bandit100,15,3.98,1.0,20,100,0,Pellet,Left,312,359,399,18,0.41,3280.0,
2025-11-06 04:00:50,1.17.2,Bandit100,15,3.98,,20,100,0,Left,Left,313,359,399,19,,,0.28
2025-11-06 04:00:51,1.17.2,Bandit100,15,3.98,1.0,20,100,0,Pellet,Left,313,359,400,19,0.29,21.0,
2025-11-06 04:01:09,1.17.2,Bandit100,15,3.98,,20,0,100,Left,Right,314,359,400,0,,,0.0
2025-11-06 04:01:35,1.17.2,Bandit100,15,3.98,,20,0,100,Left,Right,315,359,400,0,,,0.09
2025-11-06 04:02:26,1.17.2,Bandit100,15,3.97,,20,0,100,Right,Right,315,360,400,0,,,0.11
2025-11-06 04:02:27,1.17.2,Bandit100,15,3.98,1.0,20,0,100,Pellet,Right,315,360,401,0,0.65,96.0,
2025-11-06 04:02:36,1.17.2,Bandit100,15,3.98,,20,0,100,Right,Right,315,361,401,1,,,0.02
2025-11-06 04:02:37,1.17.2,Bandit100,15,3.98,1.0,20,0,100,Pellet,Right,315,361,402,1,0.53,10.0,
2025-11-06 04:02:52,1.17.2,Bandit100,15,3.98,,20,0,100,Right,Right,315,362,402,2,,,0.14
2025-11-06 04:02:53,1.17.2,Bandit100,15,3.98,1.0,20,0,100,Pellet,Right,315,362,403,2,0.29,16.0,
2025-11-06 04:03:03,1.17.2,Bandit100,15,3.97,,20,0,100,Right,Right,315,363,403,3,,,0.02
2025-11-06 04:03:04,1.17.2,Bandit100,15,3.98,1.0,20,0,100,Pellet,Right,315,363,404,3,0.41,11.0,
2025-11-06 04:03:16,1.17.2,Bandit100,15,3.96,,20,0,100,Right,Right,315,364,404,4,,,0.06
2025-11-06 04:03:17,1.17.2,Bandit100,15,3.97,1.0,20,0,100,Pellet,Right,315,364,405,4,1.01,13.0,
2025-11-06 04:03:30,1.17.2,Bandit100,15,3.97,,20,0,100,Right,Right,315,365,405,5,,,0.11
2025-11-06 04:03:31,1.17.2,Bandit100,15,3.98,1.0,20,0,100,Pellet,Right,315,365,406,5,0.53,14.0,
2025-11-06 04:09:03,1.17.2,Bandit100,15,3.98,,20,0,100,Left,Right,316,365,406,6,,,0.07
2025-11-06 04:09:04,1.17.2,Bandit100,15,3.98,,20,0,100,LeftinTimeOut,Right,316,365,406,6,,,
2025-11-06 04:25:14,1.17.2,Bandit100,15,3.98,,20,0,100,Right,Right,316,366,406,6,,,0.1
2025-11-06 04:25:15,1.17.2,Bandit100,15,3.97,1.0,20,0,100,Pellet,Right,316,366,407,6,0.53,1304.0,
2025-11-06 04:25:30,1.17.2,Bandit100,15,3.98,,20,0,100,Right,Right,316,367,407,7,,,0.11
2025-11-06 04:25:31,1.17.2,Bandit100,15,3.98,1.0,20,0,100,Pellet,Right,316,367,408,7,0.29,16.0,
2025-11-06 04:26:55,1.17.2,Bandit100,15,3.98,,20,0,100,Right,Right,316,368,408,8,,,0.16
2025-11-06 04:26:56,1.17.2,Bandit100,15,3.98,1.0,20,0,100,Pellet,Right,316,368,409,8,0.35,85.0,
2025-11-06 04:27:14,1.17.2,Bandit100,15,3.98,,20,0,100,Left,Right,317,368,409,9,,,0.07
2025-11-06 04:29:17,1.17.2,Bandit100,15,3.98,,20,0,100,Right,Right,317,369,409,9,,,0.32
2025-11-06 04:29:20,1.17.2,Bandit100,15,3.98,2.0,20,0,100,Pellet,Right,317,369,410,9,0.53,144.0,
2025-11-06 04:29:32,1.17.2,Bandit100,15,3.98,,20,0,100,Right,Right,317,370,410,10,,,0.05
2025-11-06 04:29:33,1.17.2,Bandit100,15,3.98,1.0,20,0,100,Pellet,Right,317,370,411,10,0.47,13.0,
2025-11-06 04:29:47,1.17.2,Bandit100,15,3.98,,20,0,100,Right,Right,317,371,411,11,,,0.04
2025-11-06 04:29:48,1.17.2,Bandit100,15,3.98,1.0,20,0,100,Pellet,Right,317,371,412,11,0.35,15.0,
2025-11-06 04:30:06,1.17.2,Bandit100,15,3.98,,20,0,100,Right,Right,317,372,412,12,,,0.1
2025-11-06 04:30:07,1.17.2,Bandit100,15,3.97,1.0,20,0,100,Pellet,Right,317,372,413,12,0.65,19.0,
2025-11-06 04:54:56,1.17.2,Bandit100,15,3.98,,20,0,100,Right,Right,317,373,413,13,,,0.11
2025-11-06 04:54:57,1.17.2,Bandit100,15,3.98,1.0,20,0,100,Pellet,Right,317,373,414,13,0.29,1490.0,
2025-11-06 04:55:15,1.17.2,Bandit100,15,3.98,,20,0,100,Right,Right,317,374,414,14,,,0.1
2025-11-06 04:55:16,1.17.2,Bandit100,15,3.98,1.0,20,0,100,Pellet,Right,317,374,415,14,0.41,19.0,
2025-11-06 04:55:35,1.17.2,Bandit100,15,3.98,,20,0,100,Left,Right,318,374,415,15,,,0.07
2025-11-06 04:55:36,1.17.2,Bandit100,15,3.98,,20,0,100,LeftinTimeOut,Right,318,374,415,15,,,
2025-11-06 04:57:30,1.17.2,Bandit100,15,3.96,,20,0,100,Right,Right,318,375,415,15,,,0.01
2025-11-06 04:57:32,1.17.2,Bandit100,15,3.98,1.0,20,0,100,Pellet,Right,318,375,416,15,0.59,136.0,
2025-11-06 04:57:38,1.17.2,Bandit100,15,3.98,,20,0,100,Right,Right,318,376,416,16,,,0.05
2025-11-06 04:57:39,1.17.2,Bandit100,15,3.98,1.0,20,0,100,Pellet,Right,318,376,417,16,0.35,7.0,
2025-11-06 04:58:58,1.17.2,Bandit100,15,3.98,,20,0,100,Left,Right,319,376,417,17,,,0.03
2025-11-06 04:59:00,1.17.2,Bandit100,15,3.98,,20,0,100,LeftinTimeOut,Right,319,376,417,17,,,
2025-11-06 05:09:43,1.17.2,Bandit100,15,3.98,,20,0,100,Right,Right,319,377,417,17,,,0.21
2025-11-06 05:09:45,1.17.2,Bandit100,15,3.96,1.0,20,0,100,Pellet,Right,319,377,418,17,0.59,726.0,
2025-11-06 05:17:59,1.17.2,Bandit100,15,3.98,,20,0,100,Right,Right,319,378,418,18,,,0.2
2025-11-06 05:18:01,1.17.2,Bandit100,15,3.98,1.0,20,0,100,Pellet,Right,319,378,419,18,0.47,496.0,
2025-11-06 05:18:18,1.17.2,Bandit100,15,3.98,,20,0,100,Right,Right,319,379,419,19,,,0.14
2025-11-06 05:18:20,1.17.2,Bandit100,15,3.98,1.0,20,0,100,Pellet,Right,319,379,420,19,0.35,19.0,
2025-11-06 05:19:50,1.17.2,Bandit100,15,3.98,,20,100,0,Right,Left,319,380,420,0,,,0.0
2025-11-06 05:21:42,1.17.2,Bandit100,15,3.98,,20,100,0,Left,Left,320,380,420,0,,,0.13
2025-11-06 05:21:42,1.17.2,Bandit100,15,3.98,1.0,20,100,0,Pellet,Left,320,380,421,0,0.06,202.0,
2025-11-06 05:37:03,1.17.2,Bandit100,15,3.98,,20,100,0,Right,Left,320,381,421,1,,,0.1
2025-11-06 05:49:59,1.17.2,Bandit100,15,3.98,,20,100,0,Left,Left,321,381,421,1,,,0.17
2025-11-06 05:50:01,1.17.2,Bandit100,15,3.98,1.0,20,100,0,Pellet,Left,321,381,422,1,0.53,1699.0,
2025-11-06 05:50:18,1.17.2,Bandit100,15,3.98,,20,100,0,Left,Left,322,381,422,2,,,0.12
2025-11-06 05:50:19,1.17.2,Bandit100,15,3.98,1.0,20,100,0,Pellet,Left,322,381,423,2,0.47,18.0,
2025-11-06 05:52:23,1.17.2,Bandit100,15,3.96,,20,100,0,Left,Left,323,381,423,3,,,0.01
2025-11-06 05:52:24,1.17.2,Bandit100,15,3.98,1.0,20,100,0,Pellet,Left,323,381,424,3,0.65,125.0,
2025-11-06 05:52:36,1.17.2,Bandit100,15,3.98,,20,100,0,Left,Left,324,381,424,4,,,0.07
2025-11-06 05:52:37,1.17.2,Bandit100,15,3.98,1.0,20,100,0,Pellet,Left,324,381,425,4,0.59,13.0,
2025-11-06 05:53:15,1.17.2,Bandit100,15,3.98,,20,100,0,Left,Left,325,381,425,5,,,0.05
2025-11-06 05:53:16,1.17.2,Bandit100,15,3.98,1.0,20,100,0,Pellet,Left,325,381,426,5,0.65,39.0,
2025-11-06 05:53:42,1.17.2,Bandit100,15,3.98,,20,100,0,Left,Left,326,381,426,6,,,0.01
2025-11-06 05:53:43,1.17.2,Bandit100,15,3.97,1.0,20,100,0,Pellet,Left,326,381,427,6,0.35,27.0,
2025-11-06 05:53:58,1.17.2,Bandit100,15,3.97,,20,100,0,Left,Left,327,381,427,7,,,0.06
2025-11-06 05:53:59,1.17.2,Bandit100,15,3.98,1.0,20,100,0,Pellet,Left,327,381,428,7,0.53,16.0,
2025-11-06 06:01:35,1.17.2,Bandit100,15,3.98,,20,100,0,Right,Left,327,382,428,8,,,0.0
2025-11-06 06:13:16,1.17.2,Bandit100,15,3.97,,20,100,0,Left,Left,328,382,428,8,,,0.19
2025-11-06 06:13:18,1.17.2,Bandit100,15,3.97,1.0,20,100,0,Pellet,Left,328,382,429,8,0.71,1159.0,
2025-11-06 06:13:33,1.17.2,Bandit100,15,3.97,,20,100,0,Left,Left,329,382,429,9,,,0.1
2025-11-06 06:13:34,1.17.2,Bandit100,15,3.97,1.0,20,100,0,Pellet,Left,329,382,430,9,0.23,16.0,
2025-11-06 06:13:41,1.17.2,Bandit100,15,3.97,,20,100,0,Left,Left,330,382,430,10,,,0.06
2025-11-06 06:13:42,1.17.2,Bandit100,15,3.96,1.0,20,100,0,Pellet,Left,330,382,431,10,0.29,8.0,
2025-11-06 06:27:42,1.17.2,Bandit100,15,3.97,,20,100,0,Right,Left,330,383,431,11,,,0.1
2025-11-06 06:38:53,1.17.2,Bandit100,15,3.97,,20,100,0,Left,Left,331,383,431,11,,,0.34
2025-11-06 06:38:55,1.17.2,Bandit100,15,3.96,1.0,20,100,0,Pellet,Left,331,383,432,11,0.41,1512.0,
2025-11-06 06:56:54,1.17.2,Bandit100,15,3.96,,20,100,0,Right,Left,331,384,432,12,,,0.2
2025-11-06 06:58:42,1.17.2,Bandit100,15,3.96,,20,100,0,Right,Left,331,385,432,12,,,0.1
2025-11-06 06:58:44,1.17.2,Bandit100,15,3.96,,20,100,0,LeftinTimeOut,Left,331,385,432,12,,,
2025-11-06 07:12:25,1.17.2,Bandit100,15,3.96,,20,100,0,Right,Left,331,386,432,12,,,0.03
2025-11-06 07:12:50,1.17.2,Bandit100,15,3.96,,20,100,0,Right,Left,331,387,432,12,,,0.05
2025-11-06 07:12:50,1.17.2,Bandit100,15,3.96,,20,100,0,RightinTimeout,Left,331,387,432,12,,,0.0
2025-11-06 07:22:47,1.17.2,Bandit100,15,3.96,,20,100,0,Left,Left,332,387,432,12,,,0.08
2025-11-06 07:22:49,1.17.2,Bandit100,15,3.96,1.0,20,100,0,Pellet,Left,332,387,433,12,0.71,2635.0,
2025-11-06 08:56:53,1.17.2,Bandit100,15,3.97,,20,100,0,Right,Left,332,388,433,13,,,0.38
2025-11-06 08:56:55,1.17.2,Bandit100,15,3.97,,20,100,0,RightinTimeout,Left,332,388,433,13,,,0.0
2025-11-06 08:56:56,1.17.2,Bandit100,15,3.97,,20,100,0,RightinTimeout,Left,332,388,433,13,,,0.0
2025-11-06 08:56:57,1.17.2,Bandit100,15,3.96,,20,100,0,RightinTimeout,Left,332,388,433,13,,,0.0
2025-11-06 08:57:03,1.17.2,Bandit100,15,3.97,,20,100,0,RightinTimeout,Left,332,388,433,13,,,0.0
2025-11-06 08:57:05,1.17.2,Bandit100,15,3.96,,20,100,0,RightinTimeout,Left,332,388,433,13,,,0.0
2025-11-06 08:57:06,1.17.2,Bandit100,15,3.96,,20,100,0,RightinTimeout,Left,332,388,433,13,,,0.0
2025-11-06 08:57:06,1.17.2,Bandit100,15,3.97,,20,100,0,RightinTimeout,Left,332,388,433,13,,,0.0
2025-11-06 08:57:07,1.17.2,Bandit100,15,3.97,,20,100,0,RightinTimeout,Left,332,388,433,13,,,0.0
2025-11-06 08:57:09,1.17.2,Bandit100,15,3.96,,20,100,0,LeftinTimeOut,Left,332,388,433,13,,,
2025-11-06 08:57:09,1.17.2,Bandit100,15,3.97,,20,100,0,LeftinTimeOut,Left,332,388,433,13,,,
2025-11-06 09:03:49,1.17.2,Bandit100,15,3.96,,20,100,0,Right,Left,332,389,433,13,,,0.29
2025-11-06 09:05:39,1.17.2,Bandit100,15,3.97,,20,100,0,Right,Left,332,390,433,13,,,0.5
2025-11-06 09:05:40,1.17.2,Bandit100,15,3.97,,20,100,0,RightinTimeout,Left,332,390,433,13,,,0.0
2025-11-06 09:05:40,1.17.2,Bandit100,15,3.98,,20,100,0,RightinTimeout,Left,332,390,433,13,,,0.0
2025-11-06 09:05:41,1.17.2,Bandit100,15,3.97,,20,100,0,RightinTimeout,Left,332,390,433,13,,,0.0
2025-11-06 09:05:42,1.17.2,Bandit100,15,3.97,,20,100,0,RightinTimeout,Left,332,390,433,13,,,0.0
2025-11-06 09:05:43,1.17.2,Bandit100,15,3.97,,20,100,0,LeftinTimeOut,Left,332,390,433,13,,,
2025-11-06 09:06:03,1.17.2,Bandit100,15,3.97,,20,100,0,Right,Left,332,391,433,13,,,0.09
2025-11-06 09:06:03,1.17.2,Bandit100,15,3.96,,20,100,0,RightinTimeout,Left,332,391,433,13,,,0.0
2025-11-06 09:06:04,1.17.2,Bandit100,15,3.97,,20,100,0,RightinTimeout,Left,332,391,433,13,,,0.0
2025-11-06 09:06:30,1.17.2,Bandit100,15,3.97,,20,100,0,Left,Left,333,391,433,13,,,0.3
2025-11-06 09:06:32,1.17.2,Bandit100,15,3.98,1.0,20,100,0,Pellet,Left,333,391,434,13,0.59,6223.0,
2025-11-06 09:06:48,1.17.2,Bandit100,15,3.97,,20,100,0,Left,Left,334,391,434,14,,,0.02
2025-11-06 09:06:49,1.17.2,Bandit100,15,3.97,1.0,20,100,0,Pellet,Left,334,391,435,14,0.35,17.0,
2025-11-06 09:07:07,1.17.2,Bandit100,15,3.96,,20,100,0,Left,Left,335,391,435,15,,,0.15
2025-11-06 09:07:08,1.17.2,Bandit100,15,3.96,2.0,20,100,0,Pellet,Left,335,391,436,15,0.83,19.0,
2025-11-06 09:07:35,1.17.2,Bandit100,15,3.97,,20,100,0,Right,Left,335,392,436,16,,,0.26
2025-11-06 09:08:39,1.17.2,Bandit100,15,3.97,,20,100,0,Right,Left,335,393,436,16,,,0.1
2025-11-06 09:09:23,1.17.2,Bandit100,15,3.96,,20,100,0,Left,Left,336,393,436,16,,,0.08
2025-11-06 09:09:24,1.17.2,Bandit100,15,3.96,1.0,20,100,0,Pellet,Left,336,393,437,16,0.59,136.0,
2025-11-06 09:09:46,1.17.2,Bandit100,15,3.97,,20,100,0,Left,Left,337,393,437,17,,,0.14
2025-11-06 09:09:47,1.17.2,Bandit100,15,3.97,1.0,20,100,0,Pellet,Left,337,393,438,17,0.53,23.0,
2025-11-06 09:10:04,1.17.2,Bandit100,15,3.95,,20,100,0,Left,Left,338,393,438,18,,,0.31
2025-11-06 09:10:05,1.17.2,Bandit100,15,3.96,1.0,20,100,0,Pellet,Left,338,393,439,18,0.35,18.0,
2025-11-06 09:10:18,1.17.2,Bandit100,15,3.96,,20,100,0,Left,Left,339,393,439,19,,,0.17
2025-11-06 09:10:19,1.17.2,Bandit100,15,3.97,1.0,20,100,0,Pellet,Left,339,393,440,19,0.71,14.0,
2025-11-06 09:10:46,1.17.2,Bandit100,15,3.97,,20,0,100,Left,Right,340,393,440,0,,,0.09
2025-11-06 11:55:21,1.17.2,Bandit100,15,3.96,,20,0,100,Left,Right,341,393,440,0,,,0.02
2025-11-06 15:35:45,1.17.2,Bandit100,15,3.95,,20,0,100,Right,Right,341,394,440,0,,,0.15
2025-11-06 15:35:47,1.17.2,Bandit100,15,3.96,1.0,20,0,100,Pellet,Right,341,394,441,0,1.19,23128.0,
2025-11-06 15:36:13,1.17.2,Bandit100,15,3.96,,20,0,100,Left,Right,342,394,441,1,,,0.07
2025-11-06 15:36:17,1.17.2,Bandit100,15,3.96,,20,0,100,LeftinTimeOut,Right,342,394,441,1,,,
2025-11-06 15:40:07,1.17.2,Bandit100,15,3.96,,20,0,100,Left,Right,343,394,441,1,,,0.18
2025-11-06 15:40:08,1.17.2,Bandit100,15,3.96,,20,0,100,LeftinTimeOut,Right,343,394,441,1,,,
2025-11-06 15:45:06,1.17.2,Bandit100,15,3.96,,20,0,100,Left,Right,344,394,441,1,,,0.0
2025-11-06 15:50:51,1.17.2,Bandit100,15,3.95,,20,0,100,Right,Right,344,395,441,1,,,0.48
2025-11-06 15:50:52,1.17.2,Bandit100,15,3.96,1.0,20,0,100,Pellet,Right,344,395,442,1,0.35,905.0,
2025-11-06 15:51:09,1.17.2,Bandit100,15,3.96,,20,0,100,Right,Right,344,396,442,2,,,0.14
2025-11-06 15:51:10,1.17.2,Bandit100,15,3.96,1.0,20,0,100,Pellet,Right,344,396,443,2,0.23,18.0,
