MM:DD:YYYY hh:mm:ss,Library_Version,Session_Type,Device_Number,Battery_Voltage,Motor_Turns,PelletsToSwitch,Prob_left,Prob_right,Event,High_prob_poke,Left_Poke_Count,Right_Poke_Count,Pellet_Count,Block_Pellet_Count,Retrieval_Time,InterPelletInterval,Poke_Time
2025-11-03 17:59:25,1.17.2,Bandit100,9,4.18,,20,0,100,Right,Right,0,1,0,0,,,0.31
2025-11-03 18:05:57,1.17.2,Bandit100,9,4.18,3.0,20,0,100,Pellet,Right,0,1,1,0,,,
2025-11-03 18:06:45,1.17.2,Bandit100,9,4.18,,20,0,100,Left,Right,1,1,1,1,,,1.78
2025-11-03 18:07:49,1.17.2,Bandit100,9,4.18,,20,0,100,Left,Right,2,1,1,1,,,0.56
2025-11-03 18:23:03,1.17.2,Bandit100,9,4.18,,20,0,100,Right,Right,2,2,1,1,,,0.26
2025-11-03 18:28:54,1.17.2,Bandit100,9,4.17,2.0,20,0,100,Pellet,Right,2,2,2,1,,1377.0,
2025-11-03 18:43:55,1.17.2,Bandit100,9,4.18,,20,0,100,Right,Right,2,3,2,2,,,0.02
2025-11-03 18:47:18,1.17.2,Bandit100,9,4.17,1.0,20,0,100,Pellet,Right,2,3,3,2,,1104.0,
2025-11-03 18:57:24,1.17.2,Bandit100,9,4.18,,20,0,100,Left,Right,3,3,3,3,,,0.03
2025-11-03 20:36:17,1.17.2,Bandit100,9,4.17,,20,0,100,Right,Right,3,4,3,3,,,0.33
2025-11-03 20:36:22,1.17.2,Bandit100,9,4.17,1.0,20,0,100,Pellet,Right,3,4,4,3,4.96,6544.0,
2025-11-03 20:36:57,1.17.2,Bandit100,9,4.17,,20,0,100,Right,Right,3,5,4,4,,,0.02
2025-11-03 20:37:00,1.17.2,Bandit100,9,4.17,1.0,20,0,100,Pellet,Right,3,5,5,4,2.33,38.0,
2025-11-03 20:37:14,1.17.2,Bandit100,9,4.18,,20,0,100,Left,Right,4,5,5,5,,,0.19
2025-11-03 20:37:14,1.17.2,Bandit100,9,4.17,,20,0,100,LeftinTimeOut,Right,4,5,5,5,,,
2025-11-03 20:39:39,1.17.2,Bandit100,9,4.16,,20,0,100,Right,Right,4,6,5,5,,,0.24
2025-11-03 20:40:17,1.17.2,Bandit100,9,4.17,1.0,20,0,100,Pellet,Right,4,6,6,5,37.22,197.0,
2025-11-03 20:41:01,1.17.2,Bandit100,9,4.17,,20,0,100,Left,Right,5,6,6,6,,,0.1
2025-11-03 21:03:57,1.17.2,Bandit100,9,4.17,,20,0,100,Right,Right,5,7,6,6,,,0.11
2025-11-03 21:04:00,1.17.2,Bandit100,9,4.17,1.0,20,0,100,Pellet,Right,5,7,7,6,2.33,1423.0,
2025-11-03 21:04:26,1.17.2,Bandit100,9,4.16,,20,0,100,Right,Right,5,8,7,7,,,0.09
2025-11-03 21:04:32,1.17.2,Bandit100,9,4.16,1.0,20,0,100,Pellet,Right,5,8,8,7,5.98,32.0,
2025-11-03 21:22:34,1.17.2,Bandit100,9,4.16,,20,0,100,Right,Right,5,9,8,8,,,0.03
2025-11-03 21:22:43,1.17.2,Bandit100,9,4.16,1.0,20,0,100,Pellet,Right,5,9,9,8,7.9,1091.0,
2025-11-03 21:23:33,1.17.2,Bandit100,9,4.16,,20,0,100,Left,Right,6,9,9,9,,,0.11
2025-11-03 21:27:22,1.17.2,Bandit100,9,4.16,,20,0,100,Right,Right,6,10,9,9,,,0.1
2025-11-03 21:27:25,1.17.2,Bandit100,9,4.16,1.0,20,0,100,Pellet,Right,6,10,10,9,2.21,282.0,
2025-11-03 21:30:20,1.17.2,Bandit100,9,4.17,,20,0,100,Right,Right,6,11,10,10,,,0.02
2025-11-03 21:30:23,1.17.2,Bandit100,9,4.16,1.0,20,0,100,Pellet,Right,6,11,11,10,2.02,178.0,
2025-11-03 21:30:44,1.17.2,Bandit100,9,4.17,,20,0,100,Right,Right,6,12,11,11,,,0.27
2025-11-03 21:30:46,1.17.2,Bandit100,9,4.16,1.0,20,0,100,Pellet,Right,6,12,12,11,1.25,23.0,
2025-11-03 21:31:04,1.17.2,Bandit100,9,4.16,,20,0,100,Left,Right,7,12,12,12,,,0.3
2025-11-03 21:31:09,1.17.2,Bandit100,9,4.16,,20,0,100,RightinTimeout,Right,7,12,12,12,,,0.0
2025-11-03 21:31:10,1.17.2,Bandit100,9,4.17,,20,0,100,RightinTimeout,Right,7,12,12,12,,,0.0
2025-11-03 21:31:14,1.17.2,Bandit100,9,4.17,,20,0,100,RightinTimeout,Right,7,12,12,12,,,0.0
2025-11-03 21:31:24,1.17.2,Bandit100,9,4.16,,20,0,100,RightinTimeout,Right,7,12,12,12,,,0.0
2025-11-03 21:31:27,1.17.2,Bandit100,9,4.17,,20,0,100,RightinTimeout,Right,7,12,12,12,,,0.0
2025-11-03 21:31:27,1.17.2,Bandit100,9,4.16,,20,0,100,RightinTimeout,Right,7,12,12,12,,,0.0
2025-11-03 21:31:31,1.17.2,Bandit100,9,4.16,,20,0,100,RightinTimeout,Right,7,12,12,12,,,0.0
2025-11-03 21:31:31,1.17.2,Bandit100,9,4.17,,20,0,100,RightinTimeout,Right,7,12,12,12,,,0.0
2025-11-03 21:39:51,1.17.2,Bandit100,9,4.16,,20,0,100,Right,Right,7,13,12,12,,,0.22
2025-11-03 21:39:54,1.17.2,Bandit100,9,4.16,1.0,20,0,100,Pellet,Right,7,13,13,12,1.43,548.0,
2025-11-03 21:40:38,1.17.2,Bandit100,9,4.16,,20,0,100,Left,Right,8,13,13,13,,,0.16
2025-11-03 21:40:47,1.17.2,Bandit100,9,4.16,,20,0,100,RightinTimeout,Right,8,13,13,13,,,0.0
2025-11-03 21:40:48,1.17.2,Bandit100,9,4.16,,20,0,100,RightinTimeout,Right,8,13,13,13,,,0.0
2025-11-03 21:40:54,1.17.2,Bandit100,9,4.16,,20,0,100,RightinTimeout,Right,8,13,13,13,,,0.0
2025-11-03 21:40:54,1.17.2,Bandit100,9,4.16,,20,0,100,RightinTimeout,Right,8,13,13,13,,,0.0
2025-11-03 21:40:58,1.17.2,Bandit100,9,4.16,,20,0,100,LeftinTimeOut,Right,8,13,13,13,,,
2025-11-03 21:45:18,1.17.2,Bandit100,9,4.17,,20,0,100,Right,Right,8,14,13,13,,,0.3
2025-11-03 21:45:21,1.17.2,Bandit100,9,4.16,,20,0,100,RightWithPellet,Right,8,15,13,13,,,0.22
2025-11-03 21:45:24,1.17.2,Bandit100,9,4.16,,20,0,100,RightWithPellet,Right,8,16,13,13,,,1.05
2025-11-03 21:45:29,1.17.2,Bandit100,9,4.16,1.0,20,0,100,Pellet,Right,8,16,14,13,10.49,335.0,
2025-11-03 21:46:13,1.17.2,Bandit100,9,4.16,,20,0,100,Right,Right,8,17,14,14,,,0.06
2025-11-03 21:46:13,1.17.2,Bandit100,9,4.16,,20,0,100,RightDuringDispense,Right,8,17,14,14,,,0.02
2025-11-03 21:46:17,1.17.2,Bandit100,9,4.16,2.0,20,0,100,Pellet,Right,8,17,15,14,0.71,48.0,
2025-11-03 21:46:40,1.17.2,Bandit100,9,4.16,,20,0,100,Right,Right,8,18,15,15,,,0.02
2025-11-03 21:46:43,1.17.2,Bandit100,9,4.16,1.0,20,0,100,Pellet,Right,8,18,16,15,1.67,26.0,
2025-11-03 21:47:06,1.17.2,Bandit100,9,4.16,,20,0,100,Left,Right,9,18,16,16,,,0.22
2025-11-03 21:47:10,1.17.2,Bandit100,9,4.16,,20,0,100,RightinTimeout,Right,9,18,16,16,,,0.0
2025-11-03 21:47:10,1.17.2,Bandit100,9,4.16,,20,0,100,RightinTimeout,Right,9,18,16,16,,,0.0
2025-11-03 21:47:14,1.17.2,Bandit100,9,4.16,,20,0,100,LeftinTimeOut,Right,9,18,16,16,,,
2025-11-03 21:47:17,1.17.2,Bandit100,9,4.16,,20,0,100,LeftinTimeOut,Right,9,18,16,16,,,
2025-11-03 21:47:18,1.17.2,Bandit100,9,4.17,,20,0,100,LeftinTimeOut,Right,9,18,16,16,,,
2025-11-03 21:47:25,1.17.2,Bandit100,9,4.16,,20,0,100,RightinTimeout,Right,9,18,16,16,,,0.0
2025-11-03 21:47:25,1.17.2,Bandit100,9,4.16,,20,0,100,RightinTimeout,Right,9,18,16,16,,,0.0
2025-11-03 21:47:25,1.17.2,Bandit100,9,4.16,,20,0,100,RightinTimeout,Right,9,18,16,16,,,0.0
2025-11-03 21:47:26,1.17.2,Bandit100,9,4.16,,20,0,100,RightinTimeout,Right,9,18,16,16,,,0.0
2025-11-03 21:47:26,1.17.2,Bandit100,9,4.17,,20,0,100,RightinTimeout,Right,9,18,16,16,,,0.0
2025-11-03 21:47:26,1.17.2,Bandit100,9,4.16,,20,0,100,RightinTimeout,Right,9,18,16,16,,,0.0
2025-11-03 21:48:41,1.17.2,Bandit100,9,4.16,,20,0,100,Right,Right,9,19,16,16,,,0.35
2025-11-03 21:48:44,1.17.2,Bandit100,9,4.16,1.0,20,0,100,Pellet,Right,9,19,17,16,2.27,121.0,
2025-11-03 21:49:04,1.17.2,Bandit100,9,4.16,,20,0,100,Right,Right,9,20,17,17,,,0.45
2025-11-03 21:49:04,1.17.2,Bandit100,9,4.16,,20,0,100,RightDuringDispense,Right,9,20,17,17,,,0.04
2025-11-03 21:49:08,1.17.2,Bandit100,9,4.16,2.0,20,0,100,Pellet,Right,9,20,18,17,1.07,24.0,
2025-11-03 21:49:30,1.17.2,Bandit100,9,4.16,,20,0,100,Left,Right,10,20,18,18,,,0.28
2025-11-03 21:49:37,1.17.2,Bandit100,9,4.16,,20,0,100,RightinTimeout,Right,10,20,18,18,,,0.0
2025-11-03 21:49:37,1.17.2,Bandit100,9,4.16,,20,0,100,RightinTimeout,Right,10,20,18,18,,,0.0
2025-11-03 21:49:38,1.17.2,Bandit100,9,4.16,,20,0,100,RightinTimeout,Right,10,20,18,18,,,0.0
2025-11-03 21:49:39,1.17.2,Bandit100,9,4.16,,20,0,100,RightinTimeout,Right,10,20,18,18,,,0.0
2025-11-03 21:49:40,1.17.2,Bandit100,9,4.16,,20,0,100,RightinTimeout,Right,10,20,18,18,,,0.0
2025-11-03 21:49:40,1.17.2,Bandit100,9,4.16,,20,0,100,RightinTimeout,Right,10,20,18,18,,,0.0
2025-11-03 21:49:42,1.17.2,Bandit100,9,4.16,,20,0,100,LeftinTimeOut,Right,10,20,18,18,,,
2025-11-03 21:49:45,1.17.2,Bandit100,9,4.16,,20,0,100,LeftinTimeOut,Right,10,20,18,18,,,
2025-11-03 21:49:46,1.17.2,Bandit100,9,4.16,,20,0,100,LeftinTimeOut,Right,10,20,18,18,,,
2025-11-03 21:50:57,1.17.2,Bandit100,9,4.16,,20,0,100,Left,Right,11,20,18,18,,,0.12
2025-11-03 21:51:02,1.17.2,Bandit100,9,4.16,,20,0,100,RightinTimeout,Right,11,20,18,18,,,0.0
2025-11-03 21:51:03,1.17.2,Bandit100,9,4.16,,20,0,100,RightinTimeout,Right,11,20,18,18,,,0.0
2025-11-03 21:51:03,1.17.2,Bandit100,9,4.16,,20,0,100,RightinTimeout,Right,11,20,18,18,,,0.0
2025-11-03 21:51:07,1.17.2,Bandit100,9,4.17,,20,0,100,RightinTimeout,Right,11,20,18,18,,,0.0
2025-11-03 21:51:08,1.17.2,Bandit100,9,4.16,,20,0,100,RightinTimeout,Right,11,20,18,18,,,0.0
2025-11-03 21:51:08,1.17.2,Bandit100,9,4.16,,20,0,100,RightinTimeout,Right,11,20,18,18,,,0.0
2025-11-03 21:51:09,1.17.2,Bandit100,9,4.16,,20,0,100,RightinTimeout,Right,11,20,18,18,,,0.0
2025-11-03 21:51:09,1.17.2,Bandit100,9,4.16,,20,0,100,RightinTimeout,Right,11,20,18,18,,,0.0
2025-11-03 21:52:31,1.17.2,Bandit100,9,4.16,,20,0,100,Right,Right,11,21,18,18,,,0.03
2025-11-03 21:52:33,1.17.2,Bandit100,9,4.16,1.0,20,0,100,Pellet,Right,11,21,19,18,1.31,205.0,
2025-11-03 21:52:50,1.17.2,Bandit100,9,4.16,,20,0,100,Right,Right,11,22,19,19,,,0.09
2025-11-03 21:52:52,1.17.2,Bandit100,9,4.16,1.0,20,0,100,Pellet,Right,11,22,20,19,1.79,19.0,
2025-11-03 21:52:53,1.17.2,Bandit100,9,4.16,,20,100,0,Right,Left,11,23,20,0,,,0.0
2025-11-03 21:53:10,1.17.2,Bandit100,9,4.17,,20,100,0,Right,Left,11,24,20,0,,,0.49
2025-11-03 21:53:11,1.17.2,Bandit100,9,4.16,,20,100,0,RightinTimeout,Left,11,24,20,0,,,0.0
2025-11-03 21:53:11,1.17.2,Bandit100,9,4.16,,20,100,0,RightinTimeout,Left,11,24,20,0,,,0.0
2025-11-03 21:53:12,1.17.2,Bandit100,9,4.16,,20,100,0,RightinTimeout,Left,11,24,20,0,,,0.0
2025-11-03 21:53:12,1.17.2,Bandit100,9,4.17,,20,100,0,RightinTimeout,Left,11,24,20,0,,,0.0
2025-11-03 21:53:15,1.17.2,Bandit100,9,4.17,,20,100,0,LeftinTimeOut,Left,11,24,20,0,,,
2025-11-03 21:53:23,1.17.2,Bandit100,9,4.17,,20,100,0,RightinTimeout,Left,11,24,20,0,,,0.0
2025-11-03 21:53:23,1.17.2,Bandit100,9,4.16,,20,100,0,RightinTimeout,Left,11,24,20,0,,,0.0
2025-11-03 21:53:23,1.17.2,Bandit100,9,4.16,,20,100,0,RightinTimeout,Left,11,24,20,0,,,0.0
2025-11-03 21:53:27,1.17.2,Bandit100,9,4.16,,20,100,0,RightinTimeout,Left,11,24,20,0,,,0.0
2025-11-03 21:53:27,1.17.2,Bandit100,9,4.16,,20,100,0,RightinTimeout,Left,11,24,20,0,,,0.0
2025-11-03 21:53:27,1.17.2,Bandit100,9,4.16,,20,100,0,RightinTimeout,Left,11,24,20,0,,,0.0
2025-11-03 21:53:28,1.17.2,Bandit100,9,4.16,,20,100,0,RightinTimeout,Left,11,24,20,0,,,0.0
2025-11-03 21:53:28,1.17.2,Bandit100,9,4.16,,20,100,0,RightinTimeout,Left,11,24,20,0,,,0.0
2025-11-03 21:53:28,1.17.2,Bandit100,9,4.17,,20,100,0,RightinTimeout,Left,11,24,20,0,,,0.0
2025-11-03 21:53:28,1.17.2,Bandit100,9,4.16,,20,100,0,RightinTimeout,Left,11,24,20,0,,,0.0
2025-11-03 21:55:16,1.17.2,Bandit100,9,4.16,,20,100,0,Left,Left,12,24,20,0,,,0.33
2025-11-03 21:55:25,1.17.2,Bandit100,9,4.16,3.0,20,100,0,Pellet,Left,12,24,21,0,4.67,153.0,
2025-11-03 21:55:51,1.17.2,Bandit100,9,4.16,,20,100,0,Right,Left,12,25,21,1,,,0.22
2025-11-03 21:55:53,1.17.2,Bandit100,9,4.16,,20,100,0,RightinTimeout,Left,12,25,21,1,,,0.0
2025-11-03 21:55:56,1.17.2,Bandit100,9,4.16,,20,100,0,LeftinTimeOut,Left,12,25,21,1,,,
2025-11-03 21:55:57,1.17.2,Bandit100,9,4.16,,20,100,0,LeftinTimeOut,Left,12,25,21,1,,,
2025-11-03 21:55:57,1.17.2,Bandit100,9,4.16,,20,100,0,LeftinTimeOut,Left,12,25,21,1,,,
2025-11-03 21:55:58,1.17.2,Bandit100,9,4.16,,20,100,0,LeftinTimeOut,Left,12,25,21,1,,,
2025-11-03 21:56:02,1.17.2,Bandit100,9,4.16,,20,100,0,RightinTimeout,Left,12,25,21,1,,,0.0
2025-11-03 21:56:02,1.17.2,Bandit100,9,4.17,,20,100,0,RightinTimeout,Left,12,25,21,1,,,0.0
2025-11-03 21:56:02,1.17.2,Bandit100,9,4.16,,20,100,0,RightinTimeout,Left,12,25,21,1,,,0.0
2025-11-03 21:56:09,1.17.2,Bandit100,9,4.17,,20,100,0,LeftinTimeOut,Left,12,25,21,1,,,
2025-11-03 21:57:22,1.17.2,Bandit100,9,4.16,,20,100,0,Right,Left,12,26,21,1,,,0.21
2025-11-03 21:59:05,1.17.2,Bandit100,9,4.17,,20,100,0,Right,Left,12,27,21,1,,,0.23
2025-11-03 22:00:11,1.17.2,Bandit100,9,4.16,,20,100,0,Left,Left,13,27,21,1,,,0.22
2025-11-03 22:00:18,1.17.2,Bandit100,9,4.16,1.0,20,100,0,Pellet,Left,13,27,22,1,5.57,293.0,
2025-11-03 22:00:25,1.17.2,Bandit100,9,4.16,,20,100,0,Right,Left,13,28,22,2,,,0.14
2025-11-03 22:00:31,1.17.2,Bandit100,9,4.17,,20,100,0,RightinTimeout,Left,13,28,22,2,,,0.0
2025-11-03 22:00:31,1.17.2,Bandit100,9,4.16,,20,100,0,RightinTimeout,Left,13,28,22,2,,,0.0
2025-11-03 22:00:32,1.17.2,Bandit100,9,4.16,,20,100,0,RightinTimeout,Left,13,28,22,2,,,0.0
2025-11-03 22:00:33,1.17.2,Bandit100,9,4.16,,20,100,0,RightinTimeout,Left,13,28,22,2,,,0.0
2025-11-03 22:00:33,1.17.2,Bandit100,9,4.16,,20,100,0,RightinTimeout,Left,13,28,22,2,,,0.0
2025-11-03 22:00:36,1.17.2,Bandit100,9,4.17,,20,100,0,LeftinTimeOut,Left,13,28,22,2,,,
2025-11-03 22:03:42,1.17.2,Bandit100,9,4.16,,20,100,0,Left,Left,14,28,22,2,,,0.04
2025-11-03 22:03:51,1.17.2,Bandit100,9,4.16,1.0,20,100,0,Pellet,Left,14,28,23,2,8.51,213.0,
2025-11-03 22:04:07,1.17.2,Bandit100,9,4.16,,20,100,0,Left,Left,15,28,23,3,,,0.39
2025-11-03 22:04:16,1.17.2,Bandit100,9,4.16,2.0,20,100,0,Pellet,Left,15,28,24,3,6.65,25.0,
2025-11-03 22:04:24,1.17.2,Bandit100,9,4.16,,20,100,0,Right,Left,15,29,24,4,,,0.25
2025-11-03 22:04:26,1.17.2,Bandit100,9,4.17,,20,100,0,RightinTimeout,Left,15,29,24,4,,,0.0
2025-11-03 22:04:28,1.17.2,Bandit100,9,4.16,,20,100,0,LeftinTimeOut,Left,15,29,24,4,,,
2025-11-03 22:04:30,1.17.2,Bandit100,9,4.17,,20,100,0,LeftinTimeOut,Left,15,29,24,4,,,
2025-11-03 22:04:32,1.17.2,Bandit100,9,4.16,,20,100,0,RightinTimeout,Left,15,29,24,4,,,0.0
2025-11-03 22:04:39,1.17.2,Bandit100,9,4.16,,20,100,0,RightinTimeout,Left,15,29,24,4,,,0.0
2025-11-03 22:05:21,1.17.2,Bandit100,9,4.16,,20,100,0,Left,Left,16,29,24,4,,,0.11
2025-11-03 22:05:25,1.17.2,Bandit100,9,4.16,1.0,20,100,0,Pellet,Left,16,29,25,4,3.89,69.0,
2025-11-03 22:05:38,1.17.2,Bandit100,9,4.16,,20,100,0,Left,Left,17,29,25,5,,,0.29
2025-11-03 22:05:40,1.17.2,Bandit100,9,4.16,1.0,20,100,0,Pellet,Left,17,29,26,5,1.61,15.0,
2025-11-03 22:06:13,1.17.2,Bandit100,9,4.16,,20,100,0,Right,Left,17,30,26,6,,,0.15
2025-11-03 22:06:27,1.17.2,Bandit100,9,4.17,,20,100,0,Right,Left,17,31,26,6,,,0.07
2025-11-03 22:06:27,1.17.2,Bandit100,9,4.16,,20,100,0,RightinTimeout,Left,17,31,26,6,,,0.0
2025-11-03 22:06:28,1.17.2,Bandit100,9,4.16,,20,100,0,RightinTimeout,Left,17,31,26,6,,,0.0
2025-11-03 22:07:59,1.17.2,Bandit100,9,4.16,,20,100,0,Right,Left,17,32,26,6,,,0.29
2025-11-03 22:09:06,1.17.2,Bandit100,9,4.16,,20,100,0,Right,Left,17,33,26,6,,,0.27
2025-11-03 22:09:18,1.17.2,Bandit100,9,4.16,,20,100,0,Right,Left,17,34,26,6,,,0.07
2025-11-03 22:09:49,1.17.2,Bandit100,9,4.16,,20,100,0,Left,Left,18,34,26,6,,,0.16
2025-11-03 22:09:55,1.17.2,Bandit100,9,4.16,1.0,20,100,0,Pellet,Left,18,34,27,6,5.69,255.0,
2025-11-03 22:10:09,1.17.2,Bandit100,9,4.16,,20,100,0,Left,Left,19,34,27,7,,,0.08
2025-11-03 22:10:12,1.17.2,Bandit100,9,4.16,1.0,20,100,0,Pellet,Left,19,34,28,7,2.63,17.0,
2025-11-03 22:10:37,1.17.2,Bandit100,9,4.16,,20,100,0,Left,Left,20,34,28,8,,,0.35
2025-11-03 22:10:42,1.17.2,Bandit100,9,4.16,1.0,20,100,0,Pellet,Left,20,34,29,8,3.95,30.0,
2025-11-03 22:11:04,1.17.2,Bandit100,9,4.16,,20,100,0,Right,Left,20,35,29,9,,,0.09
2025-11-03 22:14:48,1.17.2,Bandit100,9,4.16,,20,100,0,Right,Left,20,36,29,9,,,0.06
2025-11-03 22:14:53,1.17.2,Bandit100,9,4.16,,20,100,0,LeftinTimeOut,Left,20,36,29,9,,,
2025-11-03 22:17:32,1.17.2,Bandit100,9,4.16,,20,100,0,Right,Left,20,37,29,9,,,0.25
2025-11-03 22:18:41,1.17.2,Bandit100,9,4.16,,20,100,0,Left,Left,21,37,29,9,,,0.02
2025-11-03 22:18:46,1.17.2,Bandit100,9,4.16,1.0,20,100,0,Pellet,Left,21,37,30,9,4.79,484.0,
2025-11-03 22:19:10,1.17.2,Bandit100,9,4.16,,20,100,0,Right,Left,21,38,30,10,,,0.2
2025-11-03 22:20:34,1.17.2,Bandit100,9,4.16,,20,100,0,Right,Left,21,39,30,10,,,0.03
2025-11-03 22:20:35,1.17.2,Bandit100,9,4.16,,20,100,0,RightinTimeout,Left,21,39,30,10,,,0.0
2025-11-03 22:20:36,1.17.2,Bandit100,9,4.16,,20,100,0,RightinTimeout,Left,21,39,30,10,,,0.0
2025-11-03 22:20:47,1.17.2,Bandit100,9,4.16,,20,100,0,Left,Left,22,39,30,10,,,0.1
2025-11-03 22:20:53,1.17.2,Bandit100,9,4.16,2.0,20,100,0,Pellet,Left,22,39,31,10,2.93,127.0,
2025-11-03 22:21:23,1.17.2,Bandit100,9,4.16,,20,100,0,Left,Left,23,39,31,11,,,0.22
2025-11-03 22:21:27,1.17.2,Bandit100,9,4.16,1.0,20,100,0,Pellet,Left,23,39,32,11,2.75,34.0,
2025-11-03 22:21:46,1.17.2,Bandit100,9,4.16,,20,100,0,Left,Left,24,39,32,12,,,0.15
2025-11-03 22:21:48,1.17.2,Bandit100,9,4.16,1.0,20,100,0,Pellet,Left,24,39,33,12,1.43,21.0,
2025-11-03 22:22:03,1.17.2,Bandit100,9,4.16,,20,100,0,Right,Left,24,40,33,13,,,0.28
2025-11-03 22:22:04,1.17.2,Bandit100,9,4.16,,20,100,0,RightinTimeout,Left,24,40,33,13,,,0.0
2025-11-03 22:22:05,1.17.2,Bandit100,9,4.16,,20,100,0,RightinTimeout,Left,24,40,33,13,,,0.0
2025-11-03 22:22:12,1.17.2,Bandit100,9,4.16,,20,100,0,LeftinTimeOut,Left,24,40,33,13,,,
2025-11-03 22:22:20,1.17.2,Bandit100,9,4.16,,20,100,0,RightinTimeout,Left,24,40,33,13,,,0.0
2025-11-03 22:22:23,1.17.2,Bandit100,9,4.16,,20,100,0,RightinTimeout,Left,24,40,33,13,,,0.0
2025-11-03 22:22:23,1.17.2,Bandit100,9,4.16,,20,100,0,RightinTimeout,Left,24,40,33,13,,,0.0
2025-11-03 22:22:26,1.17.2,Bandit100,9,4.16,,20,100,0,RightinTimeout,Left,24,40,33,13,,,0.0
2025-11-03 22:22:27,1.17.2,Bandit100,9,4.16,,20,100,0,RightinTimeout,Left,24,40,33,13,,,0.0
2025-11-03 22:22:27,1.17.2,Bandit100,9,4.16,,20,100,0,RightinTimeout,Left,24,40,33,13,,,0.0
2025-11-03 22:22:28,1.17.2,Bandit100,9,4.16,,20,100,0,RightinTimeout,Left,24,40,33,13,,,0.0
2025-11-03 22:22:28,1.17.2,Bandit100,9,4.16,,20,100,0,RightinTimeout,Left,24,40,33,13,,,0.0
2025-11-03 22:22:58,1.17.2,Bandit100,9,4.16,,20,100,0,Left,Left,25,40,33,13,,,0.14
2025-11-03 22:23:03,1.17.2,Bandit100,9,4.16,1.0,20,100,0,Pellet,Left,25,40,34,13,4.79,75.0,
2025-11-03 22:23:14,1.17.2,Bandit100,9,4.16,,20,100,0,Left,Left,26,40,34,14,,,0.19
2025-11-03 22:23:25,1.17.2,Bandit100,9,4.16,1.0,20,100,0,Pellet,Left,26,40,35,14,10.13,22.0,
2025-11-03 22:23:39,1.17.2,Bandit100,9,4.16,,20,100,0,Left,Left,27,40,35,15,,,0.3
2025-11-03 22:23:43,1.17.2,Bandit100,9,4.16,1.0,20,100,0,Pellet,Left,27,40,36,15,3.17,18.0,
2025-11-03 22:24:00,1.17.2,Bandit100,9,4.16,,20,100,0,Right,Left,27,41,36,16,,,0.02
2025-11-03 22:24:04,1.17.2,Bandit100,9,4.16,,20,100,0,LeftinTimeOut,Left,27,41,36,16,,,
2025-11-03 22:24:08,1.17.2,Bandit100,9,4.16,,20,100,0,LeftinTimeOut,Left,27,41,36,16,,,
2025-11-03 22:24:27,1.17.2,Bandit100,9,4.16,,20,100,0,Left,Left,28,41,36,16,,,0.53
2025-11-03 22:24:32,1.17.2,Bandit100,9,4.16,1.0,20,100,0,Pellet,Left,28,41,37,16,3.89,49.0,
2025-11-03 22:24:40,1.17.2,Bandit100,9,4.16,,20,100,0,Left,Left,29,41,37,17,,,0.19
2025-11-03 22:24:43,1.17.2,Bandit100,9,4.16,1.0,20,100,0,Pellet,Left,29,41,38,17,2.63,11.0,
2025-11-03 22:26:12,1.17.2,Bandit100,9,4.16,,20,100,0,Right,Left,29,42,38,18,,,0.05
2025-11-03 22:26:36,1.17.2,Bandit100,9,4.16,,20,100,0,Left,Left,30,42,38,18,,,0.13
2025-11-03 22:26:39,1.17.2,Bandit100,9,4.16,1.0,20,100,0,Pellet,Left,30,42,39,18,2.75,116.0,
2025-11-03 22:26:47,1.17.2,Bandit100,9,4.16,,20,100,0,Left,Left,31,42,39,19,,,0.38
2025-11-03 22:26:51,1.17.2,Bandit100,9,4.16,1.0,20,100,0,Pellet,Left,31,42,40,19,3.17,12.0,
2025-11-03 22:27:04,1.17.2,Bandit100,9,4.16,,20,0,100,Left,Right,32,42,40,0,,,0.17
2025-11-03 22:27:06,1.17.2,Bandit100,9,4.16,,20,0,100,RightinTimeout,Right,32,42,40,0,,,0.0
2025-11-03 22:27:08,1.17.2,Bandit100,9,4.16,,20,0,100,RightinTimeout,Right,32,42,40,0,,,0.0
2025-11-03 22:27:09,1.17.2,Bandit100,9,4.16,,20,0,100,RightinTimeout,Right,32,42,40,0,,,0.0
2025-11-03 22:27:13,1.17.2,Bandit100,9,4.16,,20,0,100,LeftinTimeOut,Right,32,42,40,0,,,
2025-11-03 22:27:56,1.17.2,Bandit100,9,4.16,,20,0,100,Left,Right,33,42,40,0,,,0.25
2025-11-03 22:29:06,1.17.2,Bandit100,9,4.16,,20,0,100,Left,Right,34,42,40,0,,,0.22
2025-11-03 22:29:13,1.17.2,Bandit100,9,4.16,,20,0,100,RightinTimeout,Right,34,42,40,0,,,0.0
2025-11-03 22:29:21,1.17.2,Bandit100,9,4.16,,20,0,100,RightinTimeout,Right,34,42,40,0,,,0.0
2025-11-03 22:30:29,1.17.2,Bandit100,9,4.16,,20,0,100,Right,Right,34,43,40,0,,,0.42
2025-11-03 22:30:32,1.17.2,Bandit100,9,4.16,,20,0,100,RightWithPellet,Right,34,44,40,0,,,0.2
2025-11-03 22:30:36,1.17.2,Bandit100,9,4.16,1.0,20,0,100,Pellet,Right,34,44,41,0,6.72,225.0,
2025-11-03 22:30:52,1.17.2,Bandit100,9,4.16,,20,0,100,Right,Right,34,45,41,1,,,0.22
2025-11-03 22:30:54,1.17.2,Bandit100,9,4.16,,20,0,100,RightWithPellet,Right,34,46,41,1,,,0.04
2025-11-03 22:30:56,1.17.2,Bandit100,9,4.16,1.0,20,0,100,Pellet,Right,34,46,42,1,3.93,20.0,
2025-11-03 22:31:04,1.17.2,Bandit100,9,4.17,,20,0,100,Right,Right,34,47,42,2,,,0.08
2025-11-03 22:31:14,1.17.2,Bandit100,9,4.16,1.0,20,0,100,Pellet,Right,34,47,43,2,9.16,18.0,
2025-11-03 22:31:25,1.17.2,Bandit100,9,4.16,,20,0,100,Right,Right,34,48,43,3,,,0.05
2025-11-03 22:31:30,1.17.2,Bandit100,9,4.16,1.0,20,0,100,Pellet,Right,34,48,44,3,4.13,16.0,
2025-11-03 22:31:38,1.17.2,Bandit100,9,4.16,,20,0,100,Right,Right,34,49,44,4,,,0.05
2025-11-03 22:31:40,1.17.2,Bandit100,9,4.16,1.0,20,0,100,Pellet,Right,34,49,45,4,1.37,10.0,
2025-11-03 22:32:00,1.17.2,Bandit100,9,4.16,,20,0,100,Right,Right,34,50,45,5,,,0.1
2025-11-03 22:32:05,1.17.2,Bandit100,9,4.16,1.0,20,0,100,Pellet,Right,34,50,46,5,4.07,25.0,
2025-11-03 22:32:14,1.17.2,Bandit100,9,4.16,,20,0,100,Left,Right,35,50,46,6,,,0.04
2025-11-03 22:32:16,1.17.2,Bandit100,9,4.16,,20,0,100,RightinTimeout,Right,35,50,46,6,,,0.0
2025-11-03 22:34:15,1.17.2,Bandit100,9,4.16,,20,0,100,Right,Right,35,51,46,6,,,0.1
2025-11-03 22:34:18,1.17.2,Bandit100,9,4.16,2.0,20,0,100,Pellet,Right,35,51,47,6,1.55,133.0,
2025-11-03 22:34:32,1.17.2,Bandit100,9,4.16,,20,0,100,Right,Right,35,52,47,7,,,0.19
2025-11-03 22:34:35,1.17.2,Bandit100,9,4.16,1.0,20,0,100,Pellet,Right,35,52,48,7,2.87,17.0,
2025-11-03 22:34:47,1.17.2,Bandit100,9,4.16,,20,0,100,Right,Right,35,53,48,8,,,0.03
2025-11-03 22:34:52,1.17.2,Bandit100,9,4.16,1.0,20,0,100,Pellet,Right,35,53,49,8,4.13,17.0,
2025-11-03 22:36:07,1.17.2,Bandit100,9,4.16,,20,0,100,Right,Right,35,54,49,9,,,0.09
2025-11-03 22:36:10,1.17.2,Bandit100,9,4.16,1.0,20,0,100,Pellet,Right,35,54,50,9,1.85,77.0,
2025-11-03 22:36:24,1.17.2,Bandit100,9,4.16,,20,0,100,Left,Right,36,54,50,10,,,0.15
2025-11-03 22:36:27,1.17.2,Bandit100,9,4.16,,20,0,100,RightinTimeout,Right,36,54,50,10,,,0.0
2025-11-03 22:37:17,1.17.2,Bandit100,9,4.16,,20,0,100,Left,Right,37,54,50,10,,,0.17
2025-11-03 22:38:12,1.17.2,Bandit100,9,4.16,,20,0,100,Right,Right,37,55,50,10,,,0.14
2025-11-03 22:38:20,1.17.2,Bandit100,9,4.16,1.0,20,0,100,Pellet,Right,37,55,51,10,7.31,131.0,
2025-11-03 22:40:23,1.17.2,Bandit100,9,4.16,,20,0,100,Left,Right,38,55,51,11,,,0.09
2025-11-03 22:40:27,1.17.2,Bandit100,9,4.16,,20,0,100,RightinTimeout,Right,38,55,51,11,,,0.0
2025-11-03 22:43:11,1.17.2,Bandit100,9,4.16,,20,0,100,Left,Right,39,55,51,11,,,0.21
2025-11-03 22:45:39,1.17.2,Bandit100,9,4.16,,20,0,100,Left,Right,40,55,51,11,,,0.17
2025-11-03 22:45:40,1.17.2,Bandit100,9,4.16,,20,0,100,RightinTimeout,Right,40,55,51,11,,,0.0
2025-11-03 22:45:44,1.17.2,Bandit100,9,4.16,,20,0,100,LeftinTimeOut,Right,40,55,51,11,,,
2025-11-03 22:51:34,1.17.2,Bandit100,9,4.16,,20,0,100,Left,Right,41,55,51,11,,,0.21
2025-11-03 23:00:00,1.17.2,Bandit100,9,4.16,,20,0,100,Right,Right,41,56,51,11,,,0.2
2025-11-03 23:00:03,1.17.2,Bandit100,9,4.16,1.0,20,0,100,Pellet,Right,41,56,52,11,1.79,1303.0,
2025-11-03 23:02:50,1.17.2,Bandit100,9,4.16,,20,0,100,Left,Right,42,56,52,12,,,0.26
2025-11-03 23:02:52,1.17.2,Bandit100,9,4.16,,20,0,100,LeftinTimeOut,Right,42,56,52,12,,,
2025-11-03 23:09:03,1.17.2,Bandit100,9,4.16,,20,0,100,Right,Right,42,57,52,12,,,0.19
2025-11-03 23:09:07,1.17.2,Bandit100,9,4.16,1.0,20,0,100,Pellet,Right,42,57,53,12,2.93,544.0,
2025-11-03 23:09:44,1.17.2,Bandit100,9,4.16,,20,0,100,Right,Right,42,58,53,13,,,0.09
2025-11-03 23:09:46,1.17.2,Bandit100,9,4.16,1.0,20,0,100,Pellet,Right,42,58,54,13,1.61,39.0,
2025-11-03 23:10:06,1.17.2,Bandit100,9,4.16,,20,0,100,Right,Right,42,59,54,14,,,0.16
2025-11-03 23:10:09,1.17.2,Bandit100,9,4.16,1.0,20,0,100,Pellet,Right,42,59,55,14,1.37,22.0,
2025-11-03 23:10:25,1.17.2,Bandit100,9,4.16,,20,0,100,Right,Right,42,60,55,15,,,0.3
2025-11-03 23:10:27,1.17.2,Bandit100,9,4.16,1.0,20,0,100,Pellet,Right,42,60,56,15,0.95,19.0,
2025-11-03 23:10:41,1.17.2,Bandit100,9,4.16,,20,0,100,Left,Right,43,60,56,16,,,0.22
2025-11-03 23:10:44,1.17.2,Bandit100,9,4.16,,20,0,100,RightinTimeout,Right,43,60,56,16,,,0.0
2025-11-03 23:10:45,1.17.2,Bandit100,9,4.16,,20,0,100,RightinTimeout,Right,43,60,56,16,,,0.0
2025-11-03 23:13:23,1.17.2,Bandit100,9,4.16,,20,0,100,Right,Right,43,61,56,16,,,0.13
2025-11-03 23:13:25,1.17.2,Bandit100,9,4.16,1.0,20,0,100,Pellet,Right,43,61,57,16,1.31,178.0,
2025-11-03 23:13:47,1.17.2,Bandit100,9,4.16,,20,0,100,Right,Right,43,62,57,17,,,0.15
2025-11-03 23:13:49,1.17.2,Bandit100,9,4.16,1.0,20,0,100,Pellet,Right,43,62,58,17,1.07,24.0,
2025-11-03 23:14:01,1.17.2,Bandit100,9,4.16,,20,0,100,Right,Right,43,63,58,18,,,0.1
2025-11-03 23:14:04,1.17.2,Bandit100,9,4.16,1.0,20,0,100,Pellet,Right,43,63,59,18,1.97,15.0,
2025-11-03 23:15:30,1.17.2,Bandit100,9,4.15,,20,0,100,Left,Right,44,63,59,19,,,0.18
2025-11-03 23:15:34,1.17.2,Bandit100,9,4.16,,20,0,100,LeftinTimeOut,Right,44,63,59,19,,,
2025-11-03 23:15:36,1.17.2,Bandit100,9,4.16,,20,0,100,LeftinTimeOut,Right,44,63,59,19,,,
2025-11-03 23:15:38,1.17.2,Bandit100,9,4.16,,20,0,100,RightinTimeout,Right,44,63,59,19,,,0.0
2025-11-03 23:15:40,1.17.2,Bandit100,9,4.16,,20,0,100,RightinTimeout,Right,44,63,59,19,,,0.0
2025-11-03 23:16:39,1.17.2,Bandit100,9,4.16,,20,0,100,Right,Right,44,64,59,19,,,0.19
2025-11-03 23:16:41,1.17.2,Bandit100,9,4.16,1.0,20,0,100,Pellet,Right,44,64,60,19,1.37,157.0,
2025-11-03 23:39:59,1.17.2,Bandit100,9,4.16,,20,100,0,Left,Left,45,64,60,0,,,0.15
2025-11-03 23:40:03,1.17.2,Bandit100,9,4.16,1.0,20,100,0,Pellet,Left,45,64,61,0,3.35,1402.0,
2025-11-03 23:40:18,1.17.2,Bandit100,9,4.16,,20,100,0,Left,Left,46,64,61,1,,,0.04
2025-11-03 23:40:22,1.17.2,Bandit100,9,4.16,1.0,20,100,0,Pellet,Left,46,64,62,1,3.17,19.0,
2025-11-03 23:40:36,1.17.2,Bandit100,9,4.16,,20,100,0,Left,Left,47,64,62,2,,,0.35
2025-11-03 23:40:42,1.17.2,Bandit100,9,4.16,1.0,20,100,0,Pellet,Left,47,64,63,2,4.55,20.0,
2025-11-03 23:40:51,1.17.2,Bandit100,9,4.16,,20,100,0,Left,Left,48,64,63,3,,,0.25
2025-11-03 23:40:54,1.17.2,Bandit100,9,4.15,1.0,20,100,0,Pellet,Left,48,64,64,3,2.87,12.0,
2025-11-03 23:42:28,1.17.2,Bandit100,9,4.16,,20,100,0,Left,Left,49,64,64,4,,,0.13
2025-11-03 23:42:32,1.17.2,Bandit100,9,4.16,1.0,20,100,0,Pellet,Left,49,64,65,4,2.45,98.0,
2025-11-03 23:42:44,1.17.2,Bandit100,9,4.16,,20,100,0,Right,Left,49,65,65,5,,,0.08
2025-11-03 23:42:46,1.17.2,Bandit100,9,4.16,,20,100,0,RightinTimeout,Left,49,65,65,5,,,0.0
2025-11-03 23:42:57,1.17.2,Bandit100,9,4.15,,20,100,0,Right,Left,49,66,65,5,,,0.0
2025-11-03 23:42:58,1.17.2,Bandit100,9,4.16,,20,100,0,RightinTimeout,Left,49,66,65,5,,,0.0
2025-11-03 23:43:01,1.17.2,Bandit100,9,4.16,,20,100,0,LeftinTimeOut,Left,49,66,65,5,,,
2025-11-03 23:43:03,1.17.2,Bandit100,9,4.16,,20,100,0,LeftinTimeOut,Left,49,66,65,5,,,
2025-11-03 23:43:05,1.17.2,Bandit100,9,4.16,,20,100,0,LeftinTimeOut,Left,49,66,65,5,,,
2025-11-03 23:43:06,1.17.2,Bandit100,9,4.16,,20,100,0,RightinTimeout,Left,49,66,65,5,,,0.0
2025-11-03 23:43:09,1.17.2,Bandit100,9,4.16,,20,100,0,RightinTimeout,Left,49,66,65,5,,,0.0
2025-11-03 23:45:32,1.17.2,Bandit100,9,4.16,,20,100,0,Left,Left,50,66,65,5,,,0.07
2025-11-03 23:45:38,1.17.2,Bandit100,9,4.16,1.0,20,100,0,Pellet,Left,50,66,66,5,4.43,186.0,
2025-11-03 23:45:48,1.17.2,Bandit100,9,4.16,,20,100,0,Left,Left,51,66,66,6,,,0.16
2025-11-03 23:45:55,1.17.2,Bandit100,9,4.15,1.0,20,100,0,Pellet,Left,51,66,67,6,6.35,17.0,
2025-11-03 23:46:00,1.17.2,Bandit100,9,4.16,,20,100,0,Left,Left,52,66,67,7,,,0.05
2025-11-03 23:46:07,1.17.2,Bandit100,9,4.15,,20,100,0,LeftWithPellet,Left,52,66,67,7,,,0.01
2025-11-03 23:46:09,1.17.2,Bandit100,9,4.16,1.0,20,100,0,Pellet,Left,52,66,68,7,7.86,13.0,
2025-11-03 23:46:32,1.17.2,Bandit100,9,4.16,,20,100,0,Left,Left,53,66,68,8,,,0.25
2025-11-03 23:46:35,1.17.2,Bandit100,9,4.16,1.0,20,100,0,Pellet,Left,53,66,69,8,2.33,27.0,
2025-11-03 23:46:41,1.17.2,Bandit100,9,4.16,,20,100,0,Right,Left,53,67,69,9,,,0.01
2025-11-03 23:46:44,1.17.2,Bandit100,9,4.16,,20,100,0,RightinTimeout,Left,53,67,69,9,,,0.0
2025-11-03 23:46:54,1.17.2,Bandit100,9,4.16,,20,100,0,RightinTimeout,Left,53,67,69,9,,,0.0
2025-11-03 23:46:56,1.17.2,Bandit100,9,4.16,,20,100,0,RightinTimeout,Left,53,67,69,9,,,0.0
2025-11-03 23:48:41,1.17.2,Bandit100,9,4.15,,20,100,0,Left,Left,54,67,69,9,,,0.06
2025-11-03 23:48:45,1.17.2,Bandit100,9,4.16,1.0,20,100,0,Pellet,Left,54,67,70,9,2.81,130.0,
2025-11-03 23:48:57,1.17.2,Bandit100,9,4.16,,20,100,0,Right,Left,54,68,70,10,,,0.04
2025-11-03 23:48:59,1.17.2,Bandit100,9,4.16,,20,100,0,RightinTimeout,Left,54,68,70,10,,,0.0
2025-11-03 23:49:02,1.17.2,Bandit100,9,4.16,,20,100,0,RightinTimeout,Left,54,68,70,10,,,0.0
2025-11-03 23:49:16,1.17.2,Bandit100,9,4.16,,20,100,0,Right,Left,54,69,70,10,,,0.08
2025-11-03 23:52:43,1.17.2,Bandit100,9,4.15,,20,100,0,Left,Left,55,69,70,10,,,0.0
2025-11-03 23:52:50,1.17.2,Bandit100,9,4.16,1.0,20,100,0,Pellet,Left,55,69,71,10,6.65,245.0,
2025-11-03 23:53:36,1.17.2,Bandit100,9,4.16,,20,100,0,Right,Left,55,70,71,11,,,0.15
2025-11-03 23:56:24,1.17.2,Bandit100,9,4.16,,20,100,0,Left,Left,56,70,71,11,,,0.0
2025-11-03 23:57:50,1.17.2,Bandit100,9,4.16,1.0,20,100,0,Pellet,Left,56,70,72,11,,300.0,
2025-11-03 23:59:56,1.17.2,Bandit100,9,4.16,,20,100,0,Left,Left,57,70,72,12,,,0.05
2025-11-03 23:59:58,1.17.2,Bandit100,9,4.15,1.0,20,100,0,Pellet,Left,57,70,73,12,1.43,128.0,
2025-11-04 00:14:54,1.17.2,Bandit100,9,4.15,,20,100,0,Right,Left,57,71,73,13,,,0.1
2025-11-04 00:15:52,1.17.2,Bandit100,9,4.16,,20,100,0,Right,Left,57,72,73,13,,,0.18
2025-11-04 00:15:55,1.17.2,Bandit100,9,4.16,,20,100,0,LeftinTimeOut,Left,57,72,73,13,,,
2025-11-04 00:24:04,1.17.2,Bandit100,9,4.16,,20,100,0,Right,Left,57,73,73,13,,,0.16
2025-11-04 00:49:13,1.17.2,Bandit100,9,4.16,,20,100,0,Right,Left,57,74,73,13,,,0.03
2025-11-04 00:49:15,1.17.2,Bandit100,9,4.15,,20,100,0,RightinTimeout,Left,57,74,73,13,,,0.0
2025-11-04 00:49:19,1.17.2,Bandit100,9,4.15,,20,100,0,LeftinTimeOut,Left,57,74,73,13,,,
2025-11-04 01:03:03,1.17.2,Bandit100,9,4.15,,20,100,0,Left,Left,58,74,73,13,,,0.22
2025-11-04 01:03:06,1.17.2,Bandit100,9,4.15,1.0,20,100,0,Pellet,Left,58,74,74,13,2.87,3788.0,
2025-11-04 01:03:22,1.17.2,Bandit100,9,4.15,,20,100,0,Right,Left,58,75,74,14,,,0.07
2025-11-04 01:03:23,1.17.2,Bandit100,9,4.15,,20,100,0,RightinTimeout,Left,58,75,74,14,,,0.0
2025-11-04 01:03:24,1.17.2,Bandit100,9,4.16,,20,100,0,RightinTimeout,Left,58,75,74,14,,,0.0
2025-11-04 01:03:27,1.17.2,Bandit100,9,4.15,,20,100,0,RightinTimeout,Left,58,75,74,14,,,0.0
2025-11-04 01:03:27,1.17.2,Bandit100,9,4.15,,20,100,0,RightinTimeout,Left,58,75,74,14,,,0.0
2025-11-04 01:04:58,1.17.2,Bandit100,9,4.15,,20,100,0,Left,Left,59,75,74,14,,,0.24
2025-11-04 01:05:01,1.17.2,Bandit100,9,4.15,1.0,20,100,0,Pellet,Left,59,75,75,14,2.21,115.0,
2025-11-04 01:05:12,1.17.2,Bandit100,9,4.15,,20,100,0,Left,Left,60,75,75,15,,,0.06
2025-11-04 01:05:13,1.17.2,Bandit100,9,4.15,1.0,20,100,0,Pellet,Left,60,75,76,15,0.89,12.0,
2025-11-04 01:05:51,1.17.2,Bandit100,9,4.15,,20,100,0,Left,Left,61,75,76,16,,,0.05
2025-11-04 01:05:54,1.17.2,Bandit100,9,4.15,1.0,20,100,0,Pellet,Left,61,75,77,16,2.15,41.0,
2025-11-04 01:06:05,1.17.2,Bandit100,9,4.16,,20,100,0,Left,Left,62,75,77,17,,,0.16
2025-11-04 01:06:07,1.17.2,Bandit100,9,4.15,,20,100,0,LeftWithPellet,Left,62,75,77,17,,,0.03
2025-11-04 01:06:08,1.17.2,Bandit100,9,4.15,1.0,20,100,0,Pellet,Left,62,75,78,17,2.06,14.0,
2025-11-04 01:06:16,1.17.2,Bandit100,9,4.15,,20,100,0,Left,Left,63,75,78,18,,,0.28
2025-11-04 01:06:21,1.17.2,Bandit100,9,4.15,1.0,20,100,0,Pellet,Left,63,75,79,18,4.49,13.0,
2025-11-04 01:06:30,1.17.2,Bandit100,9,4.14,,20,100,0,Left,Left,64,75,79,19,,,0.2
2025-11-04 01:06:33,1.17.2,Bandit100,9,4.16,1.0,20,100,0,Pellet,Left,64,75,80,19,2.21,12.0,
2025-11-04 01:06:40,1.17.2,Bandit100,9,4.15,,20,0,100,Left,Right,65,75,80,0,,,0.17
2025-11-04 01:06:47,1.17.2,Bandit100,9,4.15,,20,0,100,LeftinTimeOut,Right,65,75,80,0,,,
2025-11-04 01:06:49,1.17.2,Bandit100,9,4.16,,20,0,100,LeftinTimeOut,Right,65,75,80,0,,,
2025-11-04 01:06:50,1.17.2,Bandit100,9,4.16,,20,0,100,LeftinTimeOut,Right,65,75,80,0,,,
2025-11-04 01:06:52,1.17.2,Bandit100,9,4.15,,20,0,100,LeftinTimeOut,Right,65,75,80,0,,,
2025-11-04 01:06:53,1.17.2,Bandit100,9,4.15,,20,0,100,LeftinTimeOut,Right,65,75,80,0,,,
2025-11-04 01:06:55,1.17.2,Bandit100,9,4.15,,20,0,100,LeftinTimeOut,Right,65,75,80,0,,,
2025-11-04 01:06:58,1.17.2,Bandit100,9,4.15,,20,0,100,RightinTimeout,Right,65,75,80,0,,,0.0
2025-11-04 01:06:59,1.17.2,Bandit100,9,4.15,,20,0,100,RightinTimeout,Right,65,75,80,0,,,0.0
2025-11-04 01:06:59,1.17.2,Bandit100,9,4.16,,20,0,100,RightinTimeout,Right,65,75,80,0,,,0.0
2025-11-04 01:07:02,1.17.2,Bandit100,9,4.15,,20,0,100,RightinTimeout,Right,65,75,80,0,,,0.0
2025-11-04 01:07:05,1.17.2,Bandit100,9,4.15,,20,0,100,LeftinTimeOut,Right,65,75,80,0,,,
2025-11-04 01:07:07,1.17.2,Bandit100,9,4.15,,20,0,100,LeftinTimeOut,Right,65,75,80,0,,,
2025-11-04 01:07:09,1.17.2,Bandit100,9,4.15,,20,0,100,LeftinTimeOut,Right,65,75,80,0,,,
2025-11-04 01:07:11,1.17.2,Bandit100,9,4.16,,20,0,100,LeftinTimeOut,Right,65,75,80,0,,,
2025-11-04 01:09:36,1.17.2,Bandit100,9,4.15,,20,0,100,Left,Right,66,75,80,0,,,0.4
2025-11-04 01:09:38,1.17.2,Bandit100,9,4.15,,20,0,100,RightinTimeout,Right,66,75,80,0,,,0.0
2025-11-04 01:09:45,1.17.2,Bandit100,9,4.15,,20,0,100,RightinTimeout,Right,66,75,80,0,,,0.0
2025-11-04 01:09:45,1.17.2,Bandit100,9,4.15,,20,0,100,RightinTimeout,Right,66,75,80,0,,,0.0
2025-11-04 01:09:46,1.17.2,Bandit100,9,4.15,,20,0,100,RightinTimeout,Right,66,75,80,0,,,0.0
2025-11-04 01:09:47,1.17.2,Bandit100,9,4.15,,20,0,100,RightinTimeout,Right,66,75,80,0,,,0.0
2025-11-04 01:09:48,1.17.2,Bandit100,9,4.14,,20,0,100,RightinTimeout,Right,66,75,80,0,,,0.0
2025-11-04 01:09:48,1.17.2,Bandit100,9,4.16,,20,0,100,RightinTimeout,Right,66,75,80,0,,,0.0
2025-11-04 01:09:51,1.17.2,Bandit100,9,4.15,,20,0,100,RightinTimeout,Right,66,75,80,0,,,0.0
2025-11-04 01:09:51,1.17.2,Bandit100,9,4.15,,20,0,100,RightinTimeout,Right,66,75,80,0,,,0.0
2025-11-04 01:12:24,1.17.2,Bandit100,9,4.15,,20,0,100,Right,Right,66,76,80,0,,,0.19
2025-11-04 01:12:26,1.17.2,Bandit100,9,4.15,1.0,20,0,100,Pellet,Right,66,76,81,0,0.83,353.0,
2025-11-04 01:12:43,1.17.2,Bandit100,9,4.15,,20,0,100,Left,Right,67,76,81,1,,,0.01
2025-11-04 01:12:45,1.17.2,Bandit100,9,4.15,,20,0,100,LeftinTimeOut,Right,67,76,81,1,,,
2025-11-04 01:15:33,1.17.2,Bandit100,9,4.15,,20,0,100,Left,Right,68,76,81,1,,,0.31
2025-11-04 01:15:35,1.17.2,Bandit100,9,4.15,,20,0,100,RightinTimeout,Right,68,76,81,1,,,0.0
2025-11-04 01:28:10,1.17.2,Bandit100,9,4.15,,20,0,100,Left,Right,69,76,81,1,,,0.15
2025-11-04 01:29:07,1.17.2,Bandit100,9,4.15,,20,0,100,Right,Right,69,77,81,1,,,0.25
2025-11-04 01:29:09,1.17.2,Bandit100,9,4.15,1.0,20,0,100,Pellet,Right,69,77,82,1,1.25,1003.0,
2025-11-04 01:29:31,1.17.2,Bandit100,9,4.16,,20,0,100,Right,Right,69,78,82,2,,,0.16
2025-11-04 01:29:33,1.17.2,Bandit100,9,4.15,1.0,20,0,100,Pellet,Right,69,78,83,2,1.07,24.0,
2025-11-04 01:29:49,1.17.2,Bandit100,9,4.15,,20,0,100,Right,Right,69,79,83,3,,,0.17
2025-11-04 01:29:52,1.17.2,Bandit100,9,4.15,1.0,20,0,100,Pellet,Right,69,79,84,3,2.09,19.0,
2025-11-04 01:30:11,1.17.2,Bandit100,9,4.15,,20,0,100,Right,Right,69,80,84,4,,,0.16
2025-11-04 01:30:12,1.17.2,Bandit100,9,4.15,1.0,20,0,100,Pellet,Right,69,80,85,4,0.89,20.0,
2025-11-04 01:30:34,1.17.2,Bandit100,9,4.15,,20,0,100,Left,Right,70,80,85,5,,,0.16
2025-11-04 01:30:55,1.17.2,Bandit100,9,4.15,,20,0,100,Right,Right,70,81,85,5,,,0.43
2025-11-04 01:30:56,1.17.2,Bandit100,9,4.15,1.0,20,0,100,Pellet,Right,70,81,86,5,0.77,44.0,
2025-11-04 01:31:11,1.17.2,Bandit100,9,4.15,,20,0,100,Left,Right,71,81,86,6,,,0.3
2025-11-04 01:31:12,1.17.2,Bandit100,9,4.15,,20,0,100,LeftinTimeOut,Right,71,81,86,6,,,
2025-11-04 01:31:16,1.17.2,Bandit100,9,4.14,,20,0,100,RightinTimeout,Right,71,81,86,6,,,0.0
2025-11-04 01:31:18,1.17.2,Bandit100,9,4.15,,20,0,100,LeftinTimeOut,Right,71,81,86,6,,,
2025-11-04 01:31:21,1.17.2,Bandit100,9,4.15,,20,0,100,LeftinTimeOut,Right,71,81,86,6,,,
2025-11-04 01:31:23,1.17.2,Bandit100,9,4.15,,20,0,100,LeftinTimeOut,Right,71,81,86,6,,,
2025-11-04 01:57:00,1.17.2,Bandit100,9,4.15,,20,0,100,Left,Right,72,81,86,6,,,0.2
2025-11-04 03:10:50,1.17.2,Bandit100,9,4.15,,20,0,100,Left,Right,73,81,86,6,,,0.17
2025-11-04 03:11:06,1.17.2,Bandit100,9,4.15,,20,0,100,Right,Right,73,82,86,6,,,0.3
2025-11-04 03:11:08,1.17.2,Bandit100,9,4.14,1.0,20,0,100,Pellet,Right,73,82,87,6,1.31,6012.0,
2025-11-04 03:11:28,1.17.2,Bandit100,9,4.15,,20,0,100,Left,Right,74,82,87,7,,,0.13
2025-11-04 03:11:31,1.17.2,Bandit100,9,4.15,,20,0,100,LeftinTimeOut,Right,74,82,87,7,,,
2025-11-04 03:11:35,1.17.2,Bandit100,9,4.15,,20,0,100,RightinTimeout,Right,74,82,87,7,,,0.0
2025-11-04 03:11:39,1.17.2,Bandit100,9,4.14,,20,0,100,LeftinTimeOut,Right,74,82,87,7,,,
2025-11-04 03:11:40,1.17.2,Bandit100,9,4.15,,20,0,100,LeftinTimeOut,Right,74,82,87,7,,,
2025-11-04 03:11:44,1.17.2,Bandit100,9,4.14,,20,0,100,LeftinTimeOut,Right,74,82,87,7,,,
2025-11-04 03:11:48,1.17.2,Bandit100,9,4.15,,20,0,100,RightinTimeout,Right,74,82,87,7,,,0.0
2025-11-04 03:11:48,1.17.2,Bandit100,9,4.15,,20,0,100,RightinTimeout,Right,74,82,87,7,,,0.0
2025-11-04 03:11:51,1.17.2,Bandit100,9,4.14,,20,0,100,LeftinTimeOut,Right,74,82,87,7,,,
2025-11-04 03:11:54,1.17.2,Bandit100,9,4.14,,20,0,100,RightinTimeout,Right,74,82,87,7,,,0.0
2025-11-04 03:11:56,1.17.2,Bandit100,9,4.15,,20,0,100,RightinTimeout,Right,74,82,87,7,,,0.0
2025-11-04 03:11:56,1.17.2,Bandit100,9,4.14,,20,0,100,RightinTimeout,Right,74,82,87,7,,,0.0
2025-11-04 03:11:57,1.17.2,Bandit100,9,4.15,,20,0,100,RightinTimeout,Right,74,82,87,7,,,0.0
2025-11-04 03:11:57,1.17.2,Bandit100,9,4.14,,20,0,100,RightinTimeout,Right,74,82,87,7,,,0.0
2025-11-04 03:12:03,1.17.2,Bandit100,9,4.15,,20,0,100,RightinTimeout,Right,74,82,87,7,,,0.0
2025-11-04 03:12:05,1.17.2,Bandit100,9,4.14,,20,0,100,RightinTimeout,Right,74,82,87,7,,,0.0
2025-11-04 03:12:06,1.17.2,Bandit100,9,4.14,,20,0,100,RightinTimeout,Right,74,82,87,7,,,0.0
2025-11-04 03:12:07,1.17.2,Bandit100,9,4.14,,20,0,100,RightinTimeout,Right,74,82,87,7,,,0.0
2025-11-04 03:12:10,1.17.2,Bandit100,9,4.15,,20,0,100,LeftinTimeOut,Right,74,82,87,7,,,
2025-11-04 03:12:12,1.17.2,Bandit100,9,4.14,,20,0,100,LeftinTimeOut,Right,74,82,87,7,,,
2025-11-04 03:15:14,1.17.2,Bandit100,9,4.14,,20,0,100,Left,Right,75,82,87,7,,,0.01
2025-11-04 03:19:59,1.17.2,Bandit100,9,4.14,,20,0,100,Right,Right,75,83,87,7,,,0.14
2025-11-04 03:20:01,1.17.2,Bandit100,9,4.15,1.0,20,0,100,Pellet,Right,75,83,88,7,0.95,533.0,
2025-11-04 03:20:22,1.17.2,Bandit100,9,4.15,,20,0,100,Right,Right,75,84,88,8,,,0.09
2025-11-04 03:20:23,1.17.2,Bandit100,9,4.14,1.0,20,0,100,Pellet,Right,75,84,89,8,0.59,22.0,
2025-11-04 03:20:35,1.17.2,Bandit100,9,4.15,,20,0,100,Right,Right,75,85,89,9,,,0.08
2025-11-04 03:20:37,1.17.2,Bandit100,9,4.14,1.0,20,0,100,Pellet,Right,75,85,90,9,0.89,14.0,
2025-11-04 03:20:47,1.17.2,Bandit100,9,4.14,,20,0,100,Right,Right,75,86,90,10,,,0.22
2025-11-04 03:20:48,1.17.2,Bandit100,9,4.14,1.0,20,0,100,Pellet,Right,75,86,91,10,0.71,11.0,
2025-11-04 03:20:57,1.17.2,Bandit100,9,4.14,,20,0,100,Left,Right,76,86,91,11,,,0.15
2025-11-04 03:21:00,1.17.2,Bandit100,9,4.14,,20,0,100,RightinTimeout,Right,76,86,91,11,,,0.0
2025-11-04 03:21:04,1.17.2,Bandit100,9,4.14,,20,0,100,LeftinTimeOut,Right,76,86,91,11,,,
2025-11-04 03:21:07,1.17.2,Bandit100,9,4.14,,20,0,100,LeftinTimeOut,Right,76,86,91,11,,,
2025-11-04 03:21:10,1.17.2,Bandit100,9,4.14,,20,0,100,RightinTimeout,Right,76,86,91,11,,,0.0
2025-11-04 03:21:12,1.17.2,Bandit100,9,4.14,,20,0,100,RightinTimeout,Right,76,86,91,11,,,0.0
2025-11-04 03:21:12,1.17.2,Bandit100,9,4.15,,20,0,100,RightinTimeout,Right,76,86,91,11,,,0.0
2025-11-04 03:21:13,1.17.2,Bandit100,9,4.14,,20,0,100,RightinTimeout,Right,76,86,91,11,,,0.0
2025-11-04 03:21:13,1.17.2,Bandit100,9,4.14,,20,0,100,RightinTimeout,Right,76,86,91,11,,,0.0
2025-11-04 03:21:14,1.17.2,Bandit100,9,4.15,,20,0,100,RightinTimeout,Right,76,86,91,11,,,0.0
2025-11-04 03:21:15,1.17.2,Bandit100,9,4.15,,20,0,100,RightinTimeout,Right,76,86,91,11,,,0.0
2025-11-04 03:21:18,1.17.2,Bandit100,9,4.14,,20,0,100,RightinTimeout,Right,76,86,91,11,,,0.0
2025-11-04 03:21:20,1.17.2,Bandit100,9,4.14,,20,0,100,LeftinTimeOut,Right,76,86,91,11,,,
2025-11-04 03:21:23,1.17.2,Bandit100,9,4.14,,20,0,100,RightinTimeout,Right,76,86,91,11,,,0.0
2025-11-04 03:23:06,1.17.2,Bandit100,9,4.14,,20,0,100,Left,Right,77,86,91,11,,,0.24
2025-11-04 03:23:39,1.17.2,Bandit100,9,4.15,,20,0,100,Left,Right,78,86,91,11,,,0.16
2025-11-04 03:23:40,1.17.2,Bandit100,9,4.14,,20,0,100,RightinTimeout,Right,78,86,91,11,,,0.0
2025-11-04 03:23:41,1.17.2,Bandit100,9,4.15,,20,0,100,RightinTimeout,Right,78,86,91,11,,,0.0
2025-11-04 03:23:43,1.17.2,Bandit100,9,4.14,,20,0,100,RightinTimeout,Right,78,86,91,11,,,0.0
2025-11-04 03:23:43,1.17.2,Bandit100,9,4.15,,20,0,100,RightinTimeout,Right,78,86,91,11,,,0.0
2025-11-04 03:23:43,1.17.2,Bandit100,9,4.14,,20,0,100,RightinTimeout,Right,78,86,91,11,,,0.0
2025-11-04 03:25:18,1.17.2,Bandit100,9,4.15,,20,0,100,Right,Right,78,87,91,11,,,0.0
2025-11-04 03:25:19,1.17.2,Bandit100,9,4.15,1.0,20,0,100,Pellet,Right,78,87,92,11,0.59,271.0,
2025-11-04 03:25:36,1.17.2,Bandit100,9,4.14,,20,0,100,Right,Right,78,88,92,12,,,0.12
2025-11-04 03:25:38,1.17.2,Bandit100,9,4.15,1.0,20,0,100,Pellet,Right,78,88,93,12,0.89,19.0,
2025-11-04 03:25:53,1.17.2,Bandit100,9,4.14,,20,0,100,Right,Right,78,89,93,13,,,0.41
2025-11-04 03:25:55,1.17.2,Bandit100,9,4.14,1.0,20,0,100,Pellet,Right,78,89,94,13,1.01,17.0,
2025-11-04 03:26:09,1.17.2,Bandit100,9,4.14,,20,0,100,Right,Right,78,90,94,14,,,0.19
2025-11-04 03:26:11,1.17.2,Bandit100,9,4.14,1.0,20,0,100,Pellet,Right,78,90,95,14,0.89,16.0,
2025-11-04 03:26:23,1.17.2,Bandit100,9,4.15,,20,0,100,Right,Right,78,91,95,15,,,0.21
2025-11-04 03:26:31,1.17.2,Bandit100,9,4.14,1.0,20,0,100,Pellet,Right,78,91,96,15,7.12,20.0,
2025-11-04 03:26:52,1.17.2,Bandit100,9,4.14,,20,0,100,Left,Right,79,91,96,16,,,0.17
2025-11-04 03:27:03,1.17.2,Bandit100,9,4.14,,20,0,100,Right,Right,79,92,96,16,,,0.05
2025-11-04 03:27:06,1.17.2,Bandit100,9,4.15,1.0,20,0,100,Pellet,Right,79,92,97,16,2.21,35.0,
2025-11-04 03:28:47,1.17.2,Bandit100,9,4.15,,20,0,100,Right,Right,79,93,97,17,,,0.13
2025-11-04 03:28:48,1.17.2,Bandit100,9,4.14,1.0,20,0,100,Pellet,Right,79,93,98,17,0.83,102.0,
2025-11-04 03:29:20,1.17.2,Bandit100,9,4.14,,20,0,100,Right,Right,79,94,98,18,,,0.23
2025-11-04 03:29:22,1.17.2,Bandit100,9,4.14,1.0,20,0,100,Pellet,Right,79,94,99,18,1.01,34.0,
2025-11-04 03:29:34,1.17.2,Bandit100,9,4.14,,20,0,100,Left,Right,80,94,99,19,,,0.27
2025-11-04 03:29:35,1.17.2,Bandit100,9,4.14,,20,0,100,LeftinTimeOut,Right,80,94,99,19,,,
2025-11-04 03:29:37,1.17.2,Bandit100,9,4.14,,20,0,100,RightinTimeout,Right,80,94,99,19,,,0.0
2025-11-04 03:29:37,1.17.2,Bandit100,9,4.14,,20,0,100,RightinTimeout,Right,80,94,99,19,,,0.0
2025-11-04 03:29:38,1.17.2,Bandit100,9,4.14,,20,0,100,RightinTimeout,Right,80,94,99,19,,,0.0
2025-11-04 03:29:41,1.17.2,Bandit100,9,4.14,,20,0,100,LeftinTimeOut,Right,80,94,99,19,,,
2025-11-04 03:34:29,1.17.2,Bandit100,9,4.14,,20,0,100,Left,Right,81,94,99,19,,,0.15
2025-11-04 03:35:57,1.17.2,Bandit100,9,4.14,,20,0,100,Left,Right,82,94,99,19,,,0.36
2025-11-04 03:36:00,1.17.2,Bandit100,9,4.14,,20,0,100,LeftinTimeOut,Right,82,94,99,19,,,
2025-11-04 03:36:01,1.17.2,Bandit100,9,4.14,,20,0,100,RightinTimeout,Right,82,94,99,19,,,0.0
2025-11-04 03:36:03,1.17.2,Bandit100,9,4.14,,20,0,100,RightinTimeout,Right,82,94,99,19,,,0.0
2025-11-04 03:36:03,1.17.2,Bandit100,9,4.14,,20,0,100,RightinTimeout,Right,82,94,99,19,,,0.0
2025-11-04 03:36:04,1.17.2,Bandit100,9,4.15,,20,0,100,RightinTimeout,Right,82,94,99,19,,,0.0
2025-11-04 03:36:27,1.17.2,Bandit100,9,4.14,,20,0,100,Left,Right,83,94,99,19,,,0.19
2025-11-04 03:41:38,1.17.2,Bandit100,9,4.15,,20,0,100,Left,Right,84,94,99,19,,,0.05
2025-11-04 03:41:40,1.17.2,Bandit100,9,4.15,,20,0,100,RightinTimeout,Right,84,94,99,19,,,0.0
2025-11-04 03:45:24,1.17.2,Bandit100,9,4.14,,20,0,100,Right,Right,84,95,99,19,,,0.05
2025-11-04 03:45:26,1.17.2,Bandit100,9,4.15,1.0,20,0,100,Pellet,Right,84,95,100,19,0.71,964.0,
2025-11-04 03:45:39,1.17.2,Bandit100,9,4.14,,20,100,0,Right,Left,84,96,100,0,,,0.03
2025-11-04 03:45:44,1.17.2,Bandit100,9,4.14,,20,100,0,RightinTimeout,Left,84,96,100,0,,,0.0
2025-11-04 03:45:47,1.17.2,Bandit100,9,4.14,,20,100,0,RightinTimeout,Left,84,96,100,0,,,0.0
2025-11-04 03:45:47,1.17.2,Bandit100,9,4.14,,20,100,0,RightinTimeout,Left,84,96,100,0,,,0.0
2025-11-04 03:45:51,1.17.2,Bandit100,9,4.14,,20,100,0,RightinTimeout,Left,84,96,100,0,,,0.0
2025-11-04 03:45:51,1.17.2,Bandit100,9,4.14,,20,100,0,RightinTimeout,Left,84,96,100,0,,,0.0
2025-11-04 03:45:54,1.17.2,Bandit100,9,4.14,,20,100,0,RightinTimeout,Left,84,96,100,0,,,0.0
2025-11-04 03:51:44,1.17.2,Bandit100,9,4.14,,20,100,0,Left,Left,85,96,100,0,,,0.32
2025-11-04 03:51:48,1.17.2,Bandit100,9,4.14,1.0,20,100,0,Pellet,Left,85,96,101,0,3.05,382.0,
2025-11-04 03:52:15,1.17.2,Bandit100,9,4.14,,20,100,0,Left,Left,86,96,101,1,,,0.12
2025-11-04 03:52:18,1.17.2,Bandit100,9,4.14,1.0,20,100,0,Pellet,Left,86,96,102,1,2.39,30.0,
2025-11-04 03:52:37,1.17.2,Bandit100,9,4.14,,20,100,0,Right,Left,86,97,102,2,,,0.0
2025-11-04 03:52:39,1.17.2,Bandit100,9,4.14,,20,100,0,LeftinTimeOut,Left,86,97,102,2,,,
2025-11-04 03:53:05,1.17.2,Bandit100,9,4.14,,20,100,0,Right,Left,86,98,102,2,,,0.2
2025-11-04 03:53:06,1.17.2,Bandit100,9,4.14,,20,100,0,RightinTimeout,Left,86,98,102,2,,,0.0
2025-11-04 03:53:08,1.17.2,Bandit100,9,4.14,,20,100,0,RightinTimeout,Left,86,98,102,2,,,0.0
2025-11-04 03:53:08,1.17.2,Bandit100,9,4.14,,20,100,0,RightinTimeout,Left,86,98,102,2,,,0.0
2025-11-04 03:53:08,1.17.2,Bandit100,9,4.14,,20,100,0,RightinTimeout,Left,86,98,102,2,,,0.0
2025-11-04 03:53:09,1.17.2,Bandit100,9,4.14,,20,100,0,RightinTimeout,Left,86,98,102,2,,,0.0
2025-11-04 03:53:09,1.17.2,Bandit100,9,4.14,,20,100,0,RightinTimeout,Left,86,98,102,2,,,0.0
2025-11-04 03:53:10,1.17.2,Bandit100,9,4.14,,20,100,0,RightinTimeout,Left,86,98,102,2,,,0.0
2025-11-04 03:53:10,1.17.2,Bandit100,9,4.14,,20,100,0,RightinTimeout,Left,86,98,102,2,,,0.0
2025-11-04 04:03:32,1.17.2,Bandit100,9,4.14,,20,100,0,Right,Left,86,99,102,2,,,0.07
2025-11-04 05:01:55,1.17.2,Bandit100,9,4.14,,20,100,0,Left,Left,87,99,102,2,,,0.32
2025-11-04 05:01:59,1.17.2,Bandit100,9,4.14,1.0,20,100,0,Pellet,Left,87,99,103,2,2.75,4181.0,
2025-11-04 05:02:23,1.17.2,Bandit100,9,4.14,,20,100,0,Right,Left,87,100,103,3,,,0.24
2025-11-04 05:02:27,1.17.2,Bandit100,9,4.14,,20,100,0,LeftinTimeOut,Left,87,100,103,3,,,
2025-11-04 05:02:30,1.17.2,Bandit100,9,4.14,,20,100,0,RightinTimeout,Left,87,100,103,3,,,0.0
2025-11-04 05:02:30,1.17.2,Bandit100,9,4.14,,20,100,0,RightinTimeout,Left,87,100,103,3,,,0.0
2025-11-04 05:02:31,1.17.2,Bandit100,9,4.14,,20,100,0,RightinTimeout,Left,87,100,103,3,,,0.0
2025-11-04 05:02:32,1.17.2,Bandit100,9,4.14,,20,100,0,RightinTimeout,Left,87,100,103,3,,,0.0
2025-11-04 05:02:35,1.17.2,Bandit100,9,4.14,,20,100,0,RightinTimeout,Left,87,100,103,3,,,0.0
2025-11-04 05:02:36,1.17.2,Bandit100,9,4.14,,20,100,0,RightinTimeout,Left,87,100,103,3,,,0.0
2025-11-04 05:02:58,1.17.2,Bandit100,9,4.14,,20,100,0,Left,Left,88,100,103,3,,,0.29
2025-11-04 05:03:01,1.17.2,Bandit100,9,4.14,1.0,20,100,0,Pellet,Left,88,100,104,3,2.45,62.0,
2025-11-04 05:04:36,1.17.2,Bandit100,9,4.14,,20,100,0,Left,Left,89,100,104,4,,,0.31
2025-11-04 05:04:39,1.17.2,Bandit100,9,4.14,1.0,20,100,0,Pellet,Left,89,100,105,4,1.97,98.0,
2025-11-04 05:04:59,1.17.2,Bandit100,9,4.14,,20,100,0,Left,Left,90,100,105,5,,,0.12
2025-11-04 05:05:01,1.17.2,Bandit100,9,4.14,1.0,20,100,0,Pellet,Left,90,100,106,5,1.49,22.0,
2025-11-04 05:05:24,1.17.2,Bandit100,9,4.14,,20,100,0,Left,Left,91,100,106,6,,,0.09
2025-11-04 05:05:25,1.17.2,Bandit100,9,4.14,1.0,20,100,0,Pellet,Left,91,100,107,6,0.95,24.0,
2025-11-04 05:05:46,1.17.2,Bandit100,9,4.14,,20,100,0,Left,Left,92,100,107,7,,,0.09
2025-11-04 05:05:51,1.17.2,Bandit100,9,4.14,1.0,20,100,0,Pellet,Left,92,100,108,7,4.66,26.0,
2025-11-04 05:06:11,1.17.2,Bandit100,9,4.14,,20,100,0,Left,Left,93,100,108,8,,,0.14
2025-11-04 05:06:14,1.17.2,Bandit100,9,4.14,1.0,20,100,0,Pellet,Left,93,100,109,8,2.09,23.0,
2025-11-04 05:06:37,1.17.2,Bandit100,9,4.14,,20,100,0,Left,Left,94,100,109,9,,,0.51
2025-11-04 05:06:39,1.17.2,Bandit100,9,4.14,1.0,20,100,0,Pellet,Left,94,100,110,9,1.97,25.0,
2025-11-04 05:06:50,1.17.2,Bandit100,9,4.14,,20,100,0,Left,Left,95,100,110,10,,,0.4
2025-11-04 05:06:51,1.17.2,Bandit100,9,4.14,1.0,20,100,0,Pellet,Left,95,100,111,10,1.07,12.0,
2025-11-04 05:07:07,1.17.2,Bandit100,9,4.14,,20,100,0,Left,Left,96,100,111,11,,,0.37
2025-11-04 05:07:09,1.17.2,Bandit100,9,4.14,,20,100,0,LeftWithPellet,Left,96,100,111,11,,,0.15
2025-11-04 05:07:10,1.17.2,Bandit100,9,4.14,1.0,20,100,0,Pellet,Left,96,100,112,11,1.64,19.0,
2025-11-04 05:07:23,1.17.2,Bandit100,9,4.14,,20,100,0,Left,Left,97,100,112,12,,,0.0
2025-11-04 05:07:25,1.17.2,Bandit100,9,4.14,1.0,20,100,0,Pellet,Left,97,100,113,12,1.19,15.0,
2025-11-04 05:07:43,1.17.2,Bandit100,9,4.14,,20,100,0,Right,Left,97,101,113,13,,,0.16
2025-11-04 05:07:44,1.17.2,Bandit100,9,4.14,,20,100,0,RightinTimeout,Left,97,101,113,13,,,0.0
2025-11-04 05:07:49,1.17.2,Bandit100,9,4.14,,20,100,0,LeftinTimeOut,Left,97,101,113,13,,,
2025-11-04 05:07:59,1.17.2,Bandit100,9,4.14,,20,100,0,LeftinTimeOut,Left,97,101,113,13,,,
2025-11-04 05:08:00,1.17.2,Bandit100,9,4.14,,20,100,0,LeftinTimeOut,Left,97,101,113,13,,,
2025-11-04 05:08:04,1.17.2,Bandit100,9,4.14,,20,100,0,LeftinTimeOut,Left,97,101,113,13,,,
2025-11-04 05:08:07,1.17.2,Bandit100,9,4.14,,20,100,0,RightinTimeout,Left,97,101,113,13,,,0.0
2025-11-04 05:08:08,1.17.2,Bandit100,9,4.14,,20,100,0,RightinTimeout,Left,97,101,113,13,,,0.0
2025-11-04 05:08:11,1.17.2,Bandit100,9,4.14,,20,100,0,RightinTimeout,Left,97,101,113,13,,,0.0
2025-11-04 05:08:11,1.17.2,Bandit100,9,4.14,,20,100,0,RightinTimeout,Left,97,101,113,13,,,0.0
2025-11-04 05:09:46,1.17.2,Bandit100,9,4.14,,20,100,0,Left,Left,98,101,113,13,,,0.39
2025-11-04 05:09:48,1.17.2,Bandit100,9,4.14,1.0,20,100,0,Pellet,Left,98,101,114,13,1.49,143.0,
2025-11-04 05:10:05,1.17.2,Bandit100,9,4.14,,20,100,0,Left,Left,99,101,114,14,,,0.27
2025-11-04 05:10:06,1.17.2,Bandit100,9,4.14,1.0,20,100,0,Pellet,Left,99,101,115,14,0.59,18.0,
2025-11-04 05:10:29,1.17.2,Bandit100,9,4.14,,20,100,0,Left,Left,100,101,115,15,,,0.17
2025-11-04 05:10:31,1.17.2,Bandit100,9,4.14,1.0,20,100,0,Pellet,Left,100,101,116,15,1.55,25.0,
2025-11-04 05:10:48,1.17.2,Bandit100,9,4.14,,20,100,0,Left,Left,101,101,116,16,,,0.42
2025-11-04 05:10:49,1.17.2,Bandit100,9,4.14,1.0,20,100,0,Pellet,Left,101,101,117,16,0.83,18.0,
2025-11-04 05:11:06,1.17.2,Bandit100,9,4.14,,20,100,0,Left,Left,102,101,117,17,,,0.23
2025-11-04 05:11:08,1.17.2,Bandit100,9,4.14,1.0,20,100,0,Pellet,Left,102,101,118,17,1.49,19.0,
2025-11-04 05:11:24,1.17.2,Bandit100,9,4.14,,20,100,0,Left,Left,103,101,118,18,,,0.2
2025-11-04 05:11:25,1.17.2,Bandit100,9,4.14,1.0,20,100,0,Pellet,Left,103,101,119,18,0.83,17.0,
2025-11-04 05:11:38,1.17.2,Bandit100,9,4.14,,20,100,0,Left,Left,104,101,119,19,,,0.17
2025-11-04 05:11:40,1.17.2,Bandit100,9,4.14,1.0,20,100,0,Pellet,Left,104,101,120,19,1.61,15.0,
2025-11-04 05:11:53,1.17.2,Bandit100,9,4.14,,20,0,100,Left,Right,105,101,120,0,,,0.28
2025-11-04 05:11:56,1.17.2,Bandit100,9,4.14,,20,0,100,LeftinTimeOut,Right,105,101,120,0,,,
2025-11-04 05:12:00,1.17.2,Bandit100,9,4.14,,20,0,100,LeftinTimeOut,Right,105,101,120,0,,,
2025-11-04 05:12:02,1.17.2,Bandit100,9,4.14,,20,0,100,RightinTimeout,Right,105,101,120,0,,,0.0
2025-11-04 05:12:06,1.17.2,Bandit100,9,4.14,,20,0,100,LeftinTimeOut,Right,105,101,120,0,,,
2025-11-04 05:15:58,1.17.2,Bandit100,9,4.14,,20,0,100,Left,Right,106,101,120,0,,,0.17
2025-11-04 05:16:00,1.17.2,Bandit100,9,4.14,,20,0,100,LeftinTimeOut,Right,106,101,120,0,,,
2025-11-04 05:16:44,1.17.2,Bandit100,9,4.14,,20,0,100,Left,Right,107,101,120,0,,,0.01
2025-11-04 05:19:22,1.17.2,Bandit100,9,4.14,,20,0,100,Right,Right,107,102,120,0,,,0.27
2025-11-04 05:19:24,1.17.2,Bandit100,9,4.14,1.0,20,0,100,Pellet,Right,107,102,121,0,0.71,463.0,
2025-11-04 05:19:35,1.17.2,Bandit100,9,4.14,,20,0,100,Right,Right,107,103,121,1,,,0.18
2025-11-04 05:19:37,1.17.2,Bandit100,9,4.14,1.0,20,0,100,Pellet,Right,107,103,122,1,1.79,14.0,
2025-11-04 05:19:47,1.17.2,Bandit100,9,4.14,,20,0,100,Right,Right,107,104,122,2,,,0.11
2025-11-04 05:19:49,1.17.2,Bandit100,9,4.14,1.0,20,0,100,Pellet,Right,107,104,123,2,0.77,12.0,
2025-11-04 05:20:02,1.17.2,Bandit100,9,4.14,,20,0,100,Right,Right,107,105,123,3,,,0.16
2025-11-04 05:20:04,1.17.2,Bandit100,9,4.14,1.0,20,0,100,Pellet,Right,107,105,124,3,0.95,15.0,
2025-11-04 05:20:32,1.17.2,Bandit100,9,4.14,,20,0,100,Left,Right,108,105,124,4,,,0.14
2025-11-04 05:20:33,1.17.2,Bandit100,9,4.14,,20,0,100,LeftinTimeOut,Right,108,105,124,4,,,
2025-11-04 05:20:36,1.17.2,Bandit100,9,4.14,,20,0,100,RightinTimeout,Right,108,105,124,4,,,0.0
2025-11-04 05:20:37,1.17.2,Bandit100,9,4.14,,20,0,100,RightinTimeout,Right,108,105,124,4,,,0.0
2025-11-04 05:20:39,1.17.2,Bandit100,9,4.14,,20,0,100,LeftinTimeOut,Right,108,105,124,4,,,
2025-11-04 05:30:33,1.17.2,Bandit100,9,4.14,,20,0,100,Left,Right,109,105,124,4,,,0.13
2025-11-04 05:30:34,1.17.2,Bandit100,9,4.14,,20,0,100,LeftinTimeOut,Right,109,105,124,4,,,
2025-11-04 05:34:26,1.17.2,Bandit100,9,4.14,,20,0,100,Left,Right,110,105,124,4,,,0.21
2025-11-04 05:35:06,1.17.2,Bandit100,9,4.14,,20,0,100,Left,Right,111,105,124,4,,,0.23
2025-11-04 05:41:14,1.17.2,Bandit100,9,4.14,,20,0,100,Right,Right,111,106,124,4,,,0.16
2025-11-04 05:41:15,1.17.2,Bandit100,9,4.14,1.0,20,0,100,Pellet,Right,111,106,125,4,1.13,1271.0,
2025-11-04 05:41:49,1.17.2,Bandit100,9,4.14,,20,0,100,Left,Right,112,106,125,5,,,0.26
2025-11-04 05:41:50,1.17.2,Bandit100,9,4.14,,20,0,100,LeftinTimeOut,Right,112,106,125,5,,,
2025-11-04 05:41:52,1.17.2,Bandit100,9,4.14,,20,0,100,RightinTimeout,Right,112,106,125,5,,,0.0
2025-11-04 05:41:53,1.17.2,Bandit100,9,4.14,,20,0,100,RightinTimeout,Right,112,106,125,5,,,0.0
2025-11-04 05:41:53,1.17.2,Bandit100,9,4.14,,20,0,100,RightinTimeout,Right,112,106,125,5,,,0.0
2025-11-04 05:41:54,1.17.2,Bandit100,9,4.14,,20,0,100,RightinTimeout,Right,112,106,125,5,,,0.0
2025-11-04 06:26:19,1.17.2,Bandit100,9,4.14,,20,0,100,Left,Right,113,106,125,5,,,0.78
2025-11-04 06:26:56,1.17.2,Bandit100,9,4.14,,20,0,100,Left,Right,114,106,125,5,,,0.48
2025-11-04 06:26:58,1.17.2,Bandit100,9,4.14,,20,0,100,LeftinTimeOut,Right,114,106,125,5,,,
2025-11-04 06:27:03,1.17.2,Bandit100,9,4.14,,20,0,100,RightinTimeout,Right,114,106,125,5,,,0.0
2025-11-04 06:29:24,1.17.2,Bandit100,9,4.14,,20,0,100,Right,Right,114,107,125,5,,,0.29
2025-11-04 06:29:27,1.17.2,Bandit100,9,4.14,1.0,20,0,100,Pellet,Right,114,107,126,5,1.73,2892.0,
2025-11-04 06:29:44,1.17.2,Bandit100,9,4.14,,20,0,100,Right,Right,114,108,126,6,,,0.15
2025-11-04 06:29:46,1.17.2,Bandit100,9,4.14,1.0,20,0,100,Pellet,Right,114,108,127,6,0.89,19.0,
2025-11-04 06:30:12,1.17.2,Bandit100,9,4.14,,20,0,100,Left,Right,115,108,127,7,,,0.27
2025-11-04 06:32:57,1.17.2,Bandit100,9,4.14,,20,0,100,Left,Right,116,108,127,7,,,0.21
2025-11-04 06:33:02,1.17.2,Bandit100,9,4.14,,20,0,100,RightinTimeout,Right,116,108,127,7,,,0.0
2025-11-04 06:33:02,1.17.2,Bandit100,9,4.14,,20,0,100,RightinTimeout,Right,116,108,127,7,,,0.0
2025-11-04 06:33:03,1.17.2,Bandit100,9,4.14,,20,0,100,RightinTimeout,Right,116,108,127,7,,,0.0
2025-11-04 06:33:07,1.17.2,Bandit100,9,4.13,,20,0,100,LeftinTimeOut,Right,116,108,127,7,,,
2025-11-04 06:33:10,1.17.2,Bandit100,9,4.13,,20,0,100,RightinTimeout,Right,116,108,127,7,,,0.0
2025-11-04 07:53:07,1.17.2,Bandit100,9,4.13,,20,0,100,Right,Right,116,109,127,7,,,0.13
2025-11-04 07:53:08,1.17.2,Bandit100,9,4.13,1.0,20,0,100,Pellet,Right,116,109,128,7,0.83,5002.0,
2025-11-04 07:53:42,1.17.2,Bandit100,9,4.14,,20,0,100,Left,Right,117,109,128,8,,,0.33
2025-11-04 07:54:34,1.17.2,Bandit100,9,4.14,,20,0,100,Left,Right,118,109,128,8,,,0.3
2025-11-04 07:54:39,1.17.2,Bandit100,9,4.13,,20,0,100,RightinTimeout,Right,118,109,128,8,,,0.0
2025-11-04 07:54:40,1.17.2,Bandit100,9,4.14,,20,0,100,RightinTimeout,Right,118,109,128,8,,,0.0
2025-11-04 07:54:43,1.17.2,Bandit100,9,4.14,,20,0,100,RightinTimeout,Right,118,109,128,8,,,0.0
2025-11-04 07:54:44,1.17.2,Bandit100,9,4.14,,20,0,100,RightinTimeout,Right,118,109,128,8,,,0.0
2025-11-04 07:54:46,1.17.2,Bandit100,9,4.13,,20,0,100,RightinTimeout,Right,118,109,128,8,,,0.0
2025-11-04 07:57:20,1.17.2,Bandit100,9,4.13,,20,0,100,Left,Right,119,109,128,8,,,0.0
2025-11-04 07:57:23,1.17.2,Bandit100,9,4.14,,20,0,100,RightinTimeout,Right,119,109,128,8,,,0.0
2025-11-04 07:58:25,1.17.2,Bandit100,9,4.13,,20,0,100,Left,Right,120,109,128,8,,,0.39
2025-11-04 07:58:28,1.17.2,Bandit100,9,4.13,,20,0,100,RightinTimeout,Right,120,109,128,8,,,0.0
2025-11-04 07:58:30,1.17.2,Bandit100,9,4.13,,20,0,100,RightinTimeout,Right,120,109,128,8,,,0.0
2025-11-04 09:19:01,1.17.2,Bandit100,9,4.13,,20,0,100,Left,Right,121,109,128,8,,,0.35
2025-11-04 09:45:32,1.17.2,Bandit100,9,4.13,,20,0,100,Right,Right,121,110,128,8,,,2.44
2025-11-04 09:45:36,1.17.2,Bandit100,9,4.13,1.0,20,0,100,Pellet,Right,121,110,129,8,2.99,6748.0,
2025-11-04 09:45:53,1.17.2,Bandit100,9,4.12,,20,0,100,Left,Right,122,110,129,9,,,0.06
2025-11-04 09:46:33,1.17.2,Bandit100,9,4.13,,20,0,100,Right,Right,122,111,129,9,,,0.39
2025-11-04 09:46:34,1.17.2,Bandit100,9,4.12,1.0,20,0,100,Pellet,Right,122,111,130,9,0.65,58.0,
2025-11-04 09:47:11,1.17.2,Bandit100,9,4.12,,20,0,100,Left,Right,123,111,130,10,,,0.25
2025-11-04 09:47:12,1.17.2,Bandit100,9,4.13,,20,0,100,LeftinTimeOut,Right,123,111,130,10,,,
2025-11-04 09:47:15,1.17.2,Bandit100,9,4.12,,20,0,100,RightinTimeout,Right,123,111,130,10,,,0.0
2025-11-04 09:47:16,1.17.2,Bandit100,9,4.12,,20,0,100,RightinTimeout,Right,123,111,130,10,,,0.0
2025-11-04 09:47:17,1.17.2,Bandit100,9,4.12,,20,0,100,RightinTimeout,Right,123,111,130,10,,,0.0
2025-11-04 09:47:17,1.17.2,Bandit100,9,4.13,,20,0,100,RightinTimeout,Right,123,111,130,10,,,0.0
2025-11-04 09:47:17,1.17.2,Bandit100,9,4.13,,20,0,100,RightinTimeout,Right,123,111,130,10,,,0.0
2025-11-04 10:58:45,1.17.2,Bandit100,9,4.12,,20,0,100,Left,Right,124,111,130,10,,,0.28
2025-11-04 13:24:15,1.17.2,Bandit100,9,4.12,,20,0,100,Left,Right,125,111,130,10,,,0.02
2025-11-04 13:24:17,1.17.2,Bandit100,9,4.12,,20,0,100,LeftinTimeOut,Right,125,111,130,10,,,
2025-11-04 14:33:58,1.17.2,Bandit100,9,4.12,,20,0,100,Left,Right,126,111,130,10,,,0.13
2025-11-04 14:38:45,1.17.2,Bandit100,9,4.11,,20,0,100,Left,Right,127,111,130,10,,,0.04
2025-11-04 14:39:46,1.17.2,Bandit100,9,4.12,,20,0,100,Right,Right,127,112,130,10,,,0.21
2025-11-04 14:39:48,1.17.2,Bandit100,9,4.12,1.0,20,0,100,Pellet,Right,127,112,131,10,0.95,17593.0,
2025-11-04 14:40:04,1.17.2,Bandit100,9,4.11,,20,0,100,Right,Right,127,113,131,11,,,0.09
2025-11-04 14:40:06,1.17.2,Bandit100,9,4.12,1.0,20,0,100,Pellet,Right,127,113,132,11,1.31,19.0,
2025-11-04 14:40:19,1.17.2,Bandit100,9,4.12,,20,0,100,Right,Right,127,114,132,12,,,0.17
2025-11-04 14:40:22,1.17.2,Bandit100,9,4.12,1.0,20,0,100,Pellet,Right,127,114,133,12,1.9,16.0,
2025-11-04 14:41:06,1.17.2,Bandit100,9,4.11,,20,0,100,Right,Right,127,115,133,13,,,0.35
2025-11-04 14:41:07,1.17.2,Bandit100,9,4.11,1.0,20,0,100,Pellet,Right,127,115,134,13,0.71,45.0,
2025-11-04 14:41:27,1.17.2,Bandit100,9,4.12,,20,0,100,Right,Right,127,116,134,14,,,0.1
2025-11-04 14:41:28,1.17.2,Bandit100,9,4.11,1.0,20,0,100,Pellet,Right,127,116,135,14,0.83,21.0,
2025-11-04 14:41:46,1.17.2,Bandit100,9,4.11,,20,0,100,Right,Right,127,117,135,15,,,0.05
2025-11-04 14:41:50,1.17.2,Bandit100,9,4.12,1.0,20,0,100,Pellet,Right,127,117,136,15,2.62,21.0,
2025-11-04 14:45:12,1.17.2,Bandit100,9,4.11,,20,0,100,Left,Right,128,117,136,16,,,0.18
2025-11-04 14:45:14,1.17.2,Bandit100,9,4.11,,20,0,100,LeftinTimeOut,Right,128,117,136,16,,,
2025-11-04 14:45:21,1.17.2,Bandit100,9,4.11,,20,0,100,RightinTimeout,Right,128,117,136,16,,,0.0
2025-11-04 16:23:16,1.17.2,Bandit100,9,4.11,,20,0,100,Right,Right,128,118,136,16,,,0.66
2025-11-04 16:23:18,1.17.2,Bandit100,9,4.11,1.0,20,0,100,Pellet,Right,128,118,137,16,1.61,6089.0,
2025-11-04 16:24:10,1.17.2,Bandit100,9,4.11,,20,0,100,Right,Right,128,119,137,17,,,0.07
2025-11-04 16:24:13,1.17.2,Bandit100,9,4.11,1.0,20,0,100,Pellet,Right,128,119,138,17,2.15,55.0,
2025-11-04 16:24:28,1.17.2,Bandit100,9,4.11,,20,0,100,Right,Right,128,120,138,18,,,0.22
2025-11-04 16:24:29,1.17.2,Bandit100,9,4.11,1.0,20,0,100,Pellet,Right,128,120,139,18,0.71,16.0,
2025-11-04 16:24:49,1.17.2,Bandit100,9,4.11,,20,0,100,Right,Right,128,121,139,19,,,0.43
2025-11-04 16:24:51,1.17.2,Bandit100,9,4.11,1.0,20,0,100,Pellet,Right,128,121,140,19,1.01,22.0,
2025-11-04 16:25:12,1.17.2,Bandit100,9,4.11,,20,100,0,Right,Left,128,122,140,0,,,0.06
2025-11-04 16:25:21,1.17.2,Bandit100,9,4.11,,20,100,0,RightinTimeout,Left,128,122,140,0,,,0.0
2025-11-04 16:25:28,1.17.2,Bandit100,9,4.11,,20,100,0,LeftinTimeOut,Left,128,122,140,0,,,
2025-11-04 16:25:28,1.17.2,Bandit100,9,4.11,,20,100,0,LeftinTimeOut,Left,128,122,140,0,,,
2025-11-04 16:25:31,1.17.2,Bandit100,9,4.12,,20,100,0,RightinTimeout,Left,128,122,140,0,,,0.0
2025-11-04 16:25:31,1.17.2,Bandit100,9,4.11,,20,100,0,RightinTimeout,Left,128,122,140,0,,,0.0
2025-11-04 16:25:33,1.17.2,Bandit100,9,4.11,,20,100,0,RightinTimeout,Left,128,122,140,0,,,0.0
2025-11-04 16:25:35,1.17.2,Bandit100,9,4.12,,20,100,0,RightinTimeout,Left,128,122,140,0,,,0.0
2025-11-04 17:52:26,1.17.2,Bandit100,9,4.11,,20,100,0,Right,Left,128,123,140,0,,,0.21
2025-11-04 17:52:30,1.17.2,Bandit100,9,4.11,,20,100,0,LeftinTimeOut,Left,128,123,140,0,,,
2025-11-04 17:54:22,1.17.2,Bandit100,9,4.11,,20,100,0,Left,Left,129,123,140,0,,,1.27
2025-11-04 17:54:25,1.17.2,Bandit100,9,4.11,1.0,20,100,0,Pellet,Left,129,123,141,0,2.45,5374.0,
2025-11-04 17:54:44,1.17.2,Bandit100,9,4.11,,20,100,0,Right,Left,129,124,141,1,,,0.07
2025-11-04 17:54:48,1.17.2,Bandit100,9,4.11,,20,100,0,LeftinTimeOut,Left,129,124,141,1,,,
2025-11-04 17:55:53,1.17.2,Bandit100,9,4.11,,20,100,0,Right,Left,129,125,141,1,,,0.29
2025-11-04 17:55:54,1.17.2,Bandit100,9,4.1,,20,100,0,RightinTimeout,Left,129,125,141,1,,,0.0
2025-11-04 17:55:54,1.17.2,Bandit100,9,4.11,,20,100,0,RightinTimeout,Left,129,125,141,1,,,0.0
2025-11-04 17:55:54,1.17.2,Bandit100,9,4.1,,20,100,0,RightinTimeout,Left,129,125,141,1,,,0.0
2025-11-04 18:24:54,1.17.2,Bandit100,9,4.11,,20,100,0,Right,Left,129,126,141,1,,,0.32
2025-11-04 18:24:55,1.17.2,Bandit100,9,4.11,,20,100,0,RightinTimeout,Left,129,126,141,1,,,0.0
2025-11-04 18:24:56,1.17.2,Bandit100,9,4.11,,20,100,0,RightinTimeout,Left,129,126,141,1,,,0.0
2025-11-04 18:24:56,1.17.2,Bandit100,9,4.11,,20,100,0,RightinTimeout,Left,129,126,141,1,,,0.0
2025-11-04 18:24:56,1.17.2,Bandit100,9,4.1,,20,100,0,RightinTimeout,Left,129,126,141,1,,,0.0
2025-11-04 18:24:57,1.17.2,Bandit100,9,4.11,,20,100,0,RightinTimeout,Left,129,126,141,1,,,0.0
2025-11-04 18:27:20,1.17.2,Bandit100,9,4.11,,20,100,0,Right,Left,129,127,141,1,,,0.21
2025-11-04 18:27:23,1.17.2,Bandit100,9,4.11,,20,100,0,RightinTimeout,Left,129,127,141,1,,,0.0
2025-11-04 18:27:56,1.17.2,Bandit100,9,4.11,,20,100,0,Left,Left,130,127,141,1,,,0.25
2025-11-04 18:27:58,1.17.2,Bandit100,9,4.11,1.0,20,100,0,Pellet,Left,130,127,142,1,0.83,2013.0,
2025-11-04 18:28:29,1.17.2,Bandit100,9,4.11,,20,100,0,Right,Left,130,128,142,2,,,0.07
2025-11-04 18:28:46,1.17.2,Bandit100,9,4.11,,20,100,0,Right,Left,130,129,142,2,,,0.21
2025-11-04 18:28:48,1.17.2,Bandit100,9,4.1,,20,100,0,RightinTimeout,Left,130,129,142,2,,,0.0
2025-11-04 18:37:41,1.17.2,Bandit100,9,4.11,,20,100,0,Left,Left,131,129,142,2,,,0.75
2025-11-04 18:37:45,1.17.2,Bandit100,9,4.11,1.0,20,100,0,Pellet,Left,131,129,143,2,3.17,587.0,
2025-11-04 18:38:02,1.17.2,Bandit100,9,4.11,,20,100,0,Right,Left,131,130,143,3,,,0.51
2025-11-04 18:38:03,1.17.2,Bandit100,9,4.11,,20,100,0,RightinTimeout,Left,131,130,143,3,,,0.0
2025-11-04 18:38:04,1.17.2,Bandit100,9,4.11,,20,100,0,RightinTimeout,Left,131,130,143,3,,,0.0
2025-11-04 18:38:06,1.17.2,Bandit100,9,4.11,,20,100,0,RightinTimeout,Left,131,130,143,3,,,0.0
2025-11-04 18:38:11,1.17.2,Bandit100,9,4.11,,20,100,0,LeftinTimeOut,Left,131,130,143,3,,,
2025-11-04 18:38:13,1.17.2,Bandit100,9,4.11,,20,100,0,RightinTimeout,Left,131,130,143,3,,,0.0
2025-11-04 18:38:39,1.17.2,Bandit100,9,4.11,,20,100,0,Left,Left,132,130,143,3,,,0.11
2025-11-04 18:38:43,1.17.2,Bandit100,9,4.11,1.0,20,100,0,Pellet,Left,132,130,144,3,2.57,57.0,
2025-11-04 18:40:55,1.17.2,Bandit100,9,4.11,,20,100,0,Left,Left,133,130,144,4,,,0.08
2025-11-04 18:40:58,1.17.2,Bandit100,9,4.11,1.0,20,100,0,Pellet,Left,133,130,145,4,2.33,136.0,
2025-11-04 18:45:04,1.17.2,Bandit100,9,4.1,,20,100,0,Left,Left,134,130,145,5,,,0.08
2025-11-04 18:45:08,1.17.2,Bandit100,9,4.11,1.0,20,100,0,Pellet,Left,134,130,146,5,2.99,249.0,
2025-11-04 18:45:20,1.17.2,Bandit100,9,4.11,,20,100,0,Left,Left,135,130,146,6,,,0.24
2025-11-04 18:45:22,1.17.2,Bandit100,9,4.11,1.0,20,100,0,Pellet,Left,135,130,147,6,0.65,15.0,
2025-11-04 18:49:37,1.17.2,Bandit100,9,4.1,,20,100,0,Right,Left,135,131,147,7,,,0.04
2025-11-04 18:49:43,1.17.2,Bandit100,9,4.11,,20,100,0,LeftinTimeOut,Left,135,131,147,7,,,
2025-11-04 18:52:10,1.17.2,Bandit100,9,4.11,,20,100,0,Left,Left,136,131,147,7,,,0.08
2025-11-04 18:52:12,1.17.2,Bandit100,9,4.11,1.0,20,100,0,Pellet,Left,136,131,148,7,1.31,410.0,
2025-11-04 18:55:23,1.17.2,Bandit100,9,4.11,,20,100,0,Left,Left,137,131,148,8,,,0.26
2025-11-04 18:55:25,1.17.2,Bandit100,9,4.11,1.0,20,100,0,Pellet,Left,137,131,149,8,1.31,193.0,
2025-11-04 18:56:01,1.17.2,Bandit100,9,4.1,,20,100,0,Left,Left,138,131,149,9,,,0.0
2025-11-04 18:56:05,1.17.2,Bandit100,9,4.1,2.0,20,100,0,Pellet,Left,138,131,150,9,0.71,40.0,
2025-11-04 18:58:12,1.17.2,Bandit100,9,4.11,,20,100,0,Left,Left,139,131,150,10,,,0.28
2025-11-04 18:58:14,1.17.2,Bandit100,9,4.11,1.0,20,100,0,Pellet,Left,139,131,151,10,1.07,129.0,
2025-11-04 18:58:25,1.17.2,Bandit100,9,4.1,,20,100,0,Right,Left,139,132,151,11,,,0.02
2025-11-04 19:03:20,1.17.2,Bandit100,9,4.09,,20,100,0,Right,Left,139,133,151,11,,,0.04
2025-11-04 19:03:21,1.17.2,Bandit100,9,4.1,,20,100,0,RightinTimeout,Left,139,133,151,11,,,0.0
2025-11-04 19:03:42,1.17.2,Bandit100,9,4.1,,20,100,0,Left,Left,140,133,151,11,,,0.07
2025-11-04 19:03:47,1.17.2,Bandit100,9,4.11,1.0,20,100,0,Pellet,Left,140,133,152,11,4.48,333.0,
2025-11-04 19:05:12,1.17.2,Bandit100,9,4.11,,20,100,0,Left,Left,141,133,152,12,,,0.13
2025-11-04 19:05:14,1.17.2,Bandit100,9,4.11,1.0,20,100,0,Pellet,Left,141,133,153,12,1.31,87.0,
2025-11-04 19:07:35,1.17.2,Bandit100,9,4.11,,20,100,0,Right,Left,141,134,153,13,,,0.14
2025-11-04 19:07:36,1.17.2,Bandit100,9,4.11,,20,100,0,RightinTimeout,Left,141,134,153,13,,,0.0
2025-11-04 19:12:33,1.17.2,Bandit100,9,4.11,,20,100,0,Left,Left,142,134,153,13,,,0.01
2025-11-04 19:12:36,1.17.2,Bandit100,9,4.11,1.0,20,100,0,Pellet,Left,142,134,154,13,1.85,442.0,
2025-11-04 19:13:03,1.17.2,Bandit100,9,4.11,,20,100,0,Right,Left,142,135,154,14,,,0.05
2025-11-04 19:13:07,1.17.2,Bandit100,9,4.1,,20,100,0,LeftinTimeOut,Left,142,135,154,14,,,
2025-11-04 19:47:43,1.17.2,Bandit100,9,4.11,,20,100,0,Left,Left,143,135,154,14,,,0.06
2025-11-04 19:47:47,1.17.2,Bandit100,9,4.11,2.0,20,100,0,Pellet,Left,143,135,155,14,2.93,2111.0,
2025-11-04 19:48:14,1.17.2,Bandit100,9,4.1,,20,100,0,Left,Left,144,135,155,15,,,0.23
2025-11-04 19:48:18,1.17.2,Bandit100,9,4.1,1.0,20,100,0,Pellet,Left,144,135,156,15,3.05,31.0,
2025-11-04 19:48:50,1.17.2,Bandit100,9,4.11,,20,100,0,Left,Left,145,135,156,16,,,0.37
2025-11-04 19:48:52,1.17.2,Bandit100,9,4.1,1.0,20,100,0,Pellet,Left,145,135,157,16,1.31,34.0,
2025-11-04 19:49:00,1.17.2,Bandit100,9,4.1,,20,100,0,Left,Left,146,135,157,17,,,0.16
2025-11-04 19:49:02,1.17.2,Bandit100,9,4.11,1.0,20,100,0,Pellet,Left,146,135,158,17,1.07,10.0,
2025-11-04 19:49:17,1.17.2,Bandit100,9,4.1,,20,100,0,Left,Left,147,135,158,18,,,0.04
2025-11-04 19:49:21,1.17.2,Bandit100,9,4.11,1.0,20,100,0,Pellet,Left,147,135,159,18,3.41,19.0,
2025-11-04 19:49:35,1.17.2,Bandit100,9,4.11,,20,100,0,Left,Left,148,135,159,19,,,0.17
2025-11-04 19:49:37,1.17.2,Bandit100,9,4.11,1.0,20,100,0,Pellet,Left,148,135,160,19,0.95,16.0,
2025-11-04 19:49:53,1.17.2,Bandit100,9,4.1,,20,0,100,Left,Right,149,135,160,0,,,0.14
2025-11-04 19:49:55,1.17.2,Bandit100,9,4.1,,20,0,100,LeftinTimeOut,Right,149,135,160,0,,,
2025-11-04 19:50:02,1.17.2,Bandit100,9,4.1,,20,0,100,LeftinTimeOut,Right,149,135,160,0,,,
2025-11-04 19:52:18,1.17.2,Bandit100,9,4.1,,20,0,100,Left,Right,150,135,160,0,,,0.29
2025-11-04 19:52:23,1.17.2,Bandit100,9,4.1,,20,0,100,LeftinTimeOut,Right,150,135,160,0,,,
2025-11-04 19:54:20,1.17.2,Bandit100,9,4.1,,20,0,100,Left,Right,151,135,160,0,,,0.15
2025-11-04 19:54:21,1.17.2,Bandit100,9,4.1,,20,0,100,LeftinTimeOut,Right,151,135,160,0,,,
2025-11-04 19:54:31,1.17.2,Bandit100,9,4.11,,20,0,100,LeftinTimeOut,Right,151,135,160,0,,,
2025-11-04 19:56:36,1.17.2,Bandit100,9,4.11,,20,0,100,Left,Right,152,135,160,0,,,0.02
2025-11-04 19:56:37,1.17.2,Bandit100,9,4.11,,20,0,100,LeftinTimeOut,Right,152,135,160,0,,,
2025-11-04 20:00:27,1.17.2,Bandit100,9,4.1,,20,0,100,Left,Right,153,135,160,0,,,0.01
2025-11-04 20:01:59,1.17.2,Bandit100,9,4.1,,20,0,100,Left,Right,154,135,160,0,,,0.24
2025-11-04 20:02:00,1.17.2,Bandit100,9,4.11,,20,0,100,LeftinTimeOut,Right,154,135,160,0,,,
2025-11-04 20:03:58,1.17.2,Bandit100,9,4.1,,20,0,100,Left,Right,155,135,160,0,,,0.12
2025-11-04 20:03:59,1.17.2,Bandit100,9,4.1,,20,0,100,LeftinTimeOut,Right,155,135,160,0,,,
2025-11-04 20:08:21,1.17.2,Bandit100,9,4.1,,20,0,100,Right,Right,155,136,160,0,,,0.04
2025-11-04 20:08:22,1.17.2,Bandit100,9,4.1,1.0,20,0,100,Pellet,Right,155,136,161,0,0.83,1125.0,
2025-11-04 20:08:41,1.17.2,Bandit100,9,4.1,,20,0,100,Left,Right,156,136,161,1,,,0.11
2025-11-04 20:08:42,1.17.2,Bandit100,9,4.1,,20,0,100,LeftinTimeOut,Right,156,136,161,1,,,
2025-11-04 20:09:07,1.17.2,Bandit100,9,4.1,,20,0,100,Left,Right,157,136,161,1,,,0.03
2025-11-04 20:09:08,1.17.2,Bandit100,9,4.11,,20,0,100,LeftinTimeOut,Right,157,136,161,1,,,
2025-11-04 20:10:48,1.17.2,Bandit100,9,4.1,,20,0,100,Left,Right,158,136,161,1,,,0.15
2025-11-04 20:14:29,1.17.2,Bandit100,9,4.1,,20,0,100,Right,Right,158,137,161,1,,,0.02
2025-11-04 20:15:11,1.17.2,Bandit100,9,4.1,1.0,20,0,100,Pellet,Right,158,137,162,1,41.49,409.0,
2025-11-04 20:16:17,1.17.2,Bandit100,9,4.1,,20,0,100,Left,Right,159,137,162,2,,,0.08
2025-11-04 20:16:38,1.17.2,Bandit100,9,4.1,,20,0,100,Right,Right,159,138,162,2,,,0.09
2025-11-04 20:16:39,1.17.2,Bandit100,9,4.1,1.0,20,0,100,Pellet,Right,159,138,163,2,0.59,88.0,
2025-11-04 20:16:49,1.17.2,Bandit100,9,4.1,,20,0,100,Right,Right,159,139,163,3,,,0.22
2025-11-04 20:16:50,1.17.2,Bandit100,9,4.1,1.0,20,0,100,Pellet,Right,159,139,164,3,0.35,11.0,
2025-11-04 20:17:00,1.17.2,Bandit100,9,4.11,,20,0,100,Left,Right,160,139,164,4,,,0.03
2025-11-04 20:17:01,1.17.2,Bandit100,9,4.11,,20,0,100,LeftinTimeOut,Right,160,139,164,4,,,
2025-11-04 20:17:05,1.17.2,Bandit100,9,4.1,,20,0,100,RightinTimeout,Right,160,139,164,4,,,0.0
2025-11-04 20:24:21,1.17.2,Bandit100,9,4.11,,20,0,100,Left,Right,161,139,164,4,,,0.19
2025-11-04 20:24:36,1.17.2,Bandit100,9,4.11,,20,0,100,Left,Right,162,139,164,4,,,0.08
2025-11-04 20:24:38,1.17.2,Bandit100,9,4.1,,20,0,100,RightinTimeout,Right,162,139,164,4,,,0.0
2025-11-04 20:24:53,1.17.2,Bandit100,9,4.1,,20,0,100,Left,Right,163,139,164,4,,,0.12
2025-11-04 20:24:54,1.17.2,Bandit100,9,4.11,,20,0,100,LeftinTimeOut,Right,163,139,164,4,,,
2025-11-04 20:28:27,1.17.2,Bandit100,9,4.1,,20,0,100,Left,Right,164,139,164,4,,,0.13
2025-11-04 20:29:26,1.17.2,Bandit100,9,4.1,,20,0,100,Right,Right,164,140,164,4,,,0.1
2025-11-04 20:29:28,1.17.2,Bandit100,9,4.1,1.0,20,0,100,Pellet,Right,164,140,165,4,1.37,758.0,
2025-11-04 20:29:43,1.17.2,Bandit100,9,4.1,,20,0,100,Left,Right,165,140,165,5,,,0.01
2025-11-04 20:29:44,1.17.2,Bandit100,9,4.11,,20,0,100,LeftinTimeOut,Right,165,140,165,5,,,
2025-11-04 20:44:56,1.17.2,Bandit100,9,4.1,,20,0,100,Left,Right,166,140,165,5,,,0.12
2025-11-04 20:44:56,1.17.2,Bandit100,9,4.1,,20,0,100,LeftinTimeOut,Right,166,140,165,5,,,
2025-11-04 20:45:00,1.17.2,Bandit100,9,4.1,,20,0,100,LeftinTimeOut,Right,166,140,165,5,,,
2025-11-04 20:45:00,1.17.2,Bandit100,9,4.1,,20,0,100,LeftinTimeOut,Right,166,140,165,5,,,
2025-11-04 20:45:00,1.17.2,Bandit100,9,4.1,,20,0,100,LeftinTimeOut,Right,166,140,165,5,,,
2025-11-04 20:45:01,1.17.2,Bandit100,9,4.1,,20,0,100,LeftinTimeOut,Right,166,140,165,5,,,
2025-11-04 20:45:01,1.17.2,Bandit100,9,4.11,,20,0,100,LeftinTimeOut,Right,166,140,165,5,,,
2025-11-04 20:45:02,1.17.2,Bandit100,9,4.1,,20,0,100,LeftinTimeOut,Right,166,140,165,5,,,
2025-11-04 20:45:09,1.17.2,Bandit100,9,4.09,,20,0,100,LeftinTimeOut,Right,166,140,165,5,,,
2025-11-04 20:45:09,1.17.2,Bandit100,9,4.1,,20,0,100,LeftinTimeOut,Right,166,140,165,5,,,
2025-11-04 20:45:09,1.17.2,Bandit100,9,4.1,,20,0,100,LeftinTimeOut,Right,166,140,165,5,,,
2025-11-04 20:45:11,1.17.2,Bandit100,9,4.1,,20,0,100,LeftinTimeOut,Right,166,140,165,5,,,
2025-11-04 20:49:20,1.17.2,Bandit100,9,4.1,,20,0,100,Right,Right,166,141,165,5,,,0.04
2025-11-04 20:49:21,1.17.2,Bandit100,9,4.1,1.0,20,0,100,Pellet,Right,166,141,166,5,0.53,1193.0,
2025-11-04 20:49:33,1.17.2,Bandit100,9,4.1,,20,0,100,Right,Right,166,142,166,6,,,0.11
2025-11-04 20:49:34,1.17.2,Bandit100,9,4.11,1.0,20,0,100,Pellet,Right,166,142,167,6,1.07,13.0,
2025-11-04 20:49:53,1.17.2,Bandit100,9,4.1,,20,0,100,Right,Right,166,143,167,7,,,0.16
2025-11-04 20:49:54,1.17.2,Bandit100,9,4.1,1.0,20,0,100,Pellet,Right,166,143,168,7,0.41,20.0,
2025-11-04 20:55:59,1.17.2,Bandit100,9,4.1,,20,0,100,Left,Right,167,143,168,8,,,0.09
2025-11-04 20:57:36,1.17.2,Bandit100,9,4.1,,20,0,100,Left,Right,168,143,168,8,,,0.09
2025-11-04 20:57:48,1.17.2,Bandit100,9,4.1,,20,0,100,Left,Right,169,143,168,8,,,0.19
2025-11-04 20:57:54,1.17.2,Bandit100,9,4.1,,20,0,100,LeftinTimeOut,Right,169,143,168,8,,,
2025-11-04 20:57:56,1.17.2,Bandit100,9,4.11,,20,0,100,LeftinTimeOut,Right,169,143,168,8,,,
2025-11-04 20:57:58,1.17.2,Bandit100,9,4.1,,20,0,100,LeftinTimeOut,Right,169,143,168,8,,,
2025-11-04 20:57:59,1.17.2,Bandit100,9,4.1,,20,0,100,RightinTimeout,Right,169,143,168,8,,,0.0
2025-11-04 20:58:01,1.17.2,Bandit100,9,4.1,,20,0,100,RightinTimeout,Right,169,143,168,8,,,0.0
2025-11-04 20:58:13,1.17.2,Bandit100,9,4.1,,20,0,100,Right,Right,169,144,168,8,,,0.12
2025-11-04 20:58:15,1.17.2,Bandit100,9,4.1,1.0,20,0,100,Pellet,Right,169,144,169,8,1.37,501.0,
2025-11-04 20:58:24,1.17.2,Bandit100,9,4.1,,20,0,100,Right,Right,169,145,169,9,,,0.06
2025-11-04 20:58:25,1.17.2,Bandit100,9,4.1,,20,0,100,RightDuringDispense,Right,169,145,169,9,,,0.13
2025-11-04 20:58:27,1.17.2,Bandit100,9,4.1,1.0,20,0,100,Pellet,Right,169,145,170,9,1.43,12.0,
2025-11-04 20:58:38,1.17.2,Bandit100,9,4.1,,20,0,100,Right,Right,169,146,170,10,,,0.04
2025-11-04 20:58:40,1.17.2,Bandit100,9,4.1,1.0,20,0,100,Pellet,Right,169,146,171,10,1.31,13.0,
2025-11-04 20:58:56,1.17.2,Bandit100,9,4.1,,20,0,100,Right,Right,169,147,171,11,,,0.03
2025-11-04 20:58:57,1.17.2,Bandit100,9,4.1,1.0,20,0,100,Pellet,Right,169,147,172,11,0.65,17.0,
2025-11-04 20:59:16,1.17.2,Bandit100,9,4.1,,20,0,100,Right,Right,169,148,172,12,,,0.08
2025-11-04 20:59:18,1.17.2,Bandit100,9,4.1,1.0,20,0,100,Pellet,Right,169,148,173,12,0.65,21.0,
2025-11-04 21:00:54,1.17.2,Bandit100,9,4.1,,20,0,100,Left,Right,170,148,173,13,,,0.0
2025-11-04 21:05:45,1.17.2,Bandit100,9,4.1,,20,0,100,Left,Right,171,148,173,13,,,0.15
2025-11-04 21:05:46,1.17.2,Bandit100,9,4.1,,20,0,100,LeftinTimeOut,Right,171,148,173,13,,,
2025-11-04 21:05:48,1.17.2,Bandit100,9,4.1,,20,0,100,LeftinTimeOut,Right,171,148,173,13,,,
2025-11-04 21:18:58,1.17.2,Bandit100,9,4.1,,20,0,100,Right,Right,171,149,173,13,,,0.0
2025-11-04 21:18:59,1.17.2,Bandit100,9,4.1,1.0,20,0,100,Pellet,Right,171,149,174,13,0.59,1181.0,
2025-11-04 21:19:08,1.17.2,Bandit100,9,4.09,,20,0,100,Right,Right,171,150,174,14,,,0.03
2025-11-04 21:19:09,1.17.2,Bandit100,9,4.1,1.0,20,0,100,Pellet,Right,171,150,175,14,0.47,10.0,
2025-11-04 21:19:19,1.17.2,Bandit100,9,4.11,,20,0,100,Right,Right,171,151,175,15,,,0.1
2025-11-04 21:19:20,1.17.2,Bandit100,9,4.1,1.0,20,0,100,Pellet,Right,171,151,176,15,0.71,11.0,
2025-11-04 21:19:30,1.17.2,Bandit100,9,4.1,,20,0,100,Right,Right,171,152,176,16,,,0.04
2025-11-04 21:19:31,1.17.2,Bandit100,9,4.1,1.0,20,0,100,Pellet,Right,171,152,177,16,0.53,11.0,
2025-11-04 21:19:38,1.17.2,Bandit100,9,4.09,,20,0,100,Right,Right,171,153,177,17,,,0.14
2025-11-04 21:19:40,1.17.2,Bandit100,9,4.1,1.0,20,0,100,Pellet,Right,171,153,178,17,0.71,9.0,
2025-11-04 21:19:49,1.17.2,Bandit100,9,4.1,,20,0,100,Right,Right,171,154,178,18,,,0.04
2025-11-04 21:19:50,1.17.2,Bandit100,9,4.1,1.0,20,0,100,Pellet,Right,171,154,179,18,0.65,10.0,
2025-11-04 21:20:04,1.17.2,Bandit100,9,4.1,,20,0,100,Right,Right,171,155,179,19,,,0.01
2025-11-04 21:20:05,1.17.2,Bandit100,9,4.09,1.0,20,0,100,Pellet,Right,171,155,180,19,0.65,15.0,
2025-11-04 21:20:19,1.17.2,Bandit100,9,4.1,,20,100,0,Right,Left,171,156,180,0,,,0.2
2025-11-04 21:21:05,1.17.2,Bandit100,9,4.1,,20,100,0,Left,Left,172,156,180,0,,,0.13
2025-11-04 21:21:07,1.17.2,Bandit100,9,4.1,1.0,20,100,0,Pellet,Left,172,156,181,0,1.25,62.0,
2025-11-04 21:22:58,1.17.2,Bandit100,9,4.1,,20,100,0,Left,Left,173,156,181,1,,,0.14
2025-11-04 21:23:01,1.17.2,Bandit100,9,4.1,1.0,20,100,0,Pellet,Left,173,156,182,1,2.03,114.0,
2025-11-04 21:24:53,1.17.2,Bandit100,9,4.1,,20,100,0,Left,Left,174,156,182,2,,,0.09
2025-11-04 21:24:55,1.17.2,Bandit100,9,4.1,1.0,20,100,0,Pellet,Left,174,156,183,2,1.19,114.0,
2025-11-04 21:25:08,1.17.2,Bandit100,9,4.1,,20,100,0,Right,Left,174,157,183,3,,,0.09
2025-11-04 21:28:32,1.17.2,Bandit100,9,4.09,,20,100,0,Right,Left,174,158,183,3,,,0.11
2025-11-04 21:43:39,1.17.2,Bandit100,9,4.1,,20,100,0,Left,Left,175,158,183,3,,,0.17
2025-11-04 21:43:42,1.17.2,Bandit100,9,4.1,1.0,20,100,0,Pellet,Left,175,158,184,3,2.87,1127.0,
2025-11-04 21:43:55,1.17.2,Bandit100,9,4.1,,20,100,0,Left,Left,176,158,184,4,,,0.0
2025-11-04 21:43:57,1.17.2,Bandit100,9,4.1,1.0,20,100,0,Pellet,Left,176,158,185,4,0.95,15.0,
2025-11-04 21:44:12,1.17.2,Bandit100,9,4.1,,20,100,0,Left,Left,177,158,185,5,,,0.15
2025-11-04 21:44:14,1.17.2,Bandit100,9,4.09,1.0,20,100,0,Pellet,Left,177,158,186,5,1.85,17.0,
2025-11-04 21:44:27,1.17.2,Bandit100,9,4.09,,20,100,0,Left,Left,178,158,186,6,,,0.2
2025-11-04 21:44:29,1.17.2,Bandit100,9,4.1,1.0,20,100,0,Pellet,Left,178,158,187,6,0.89,15.0,
2025-11-04 21:44:39,1.17.2,Bandit100,9,4.1,,20,100,0,Left,Left,179,158,187,7,,,0.11
2025-11-04 21:44:41,1.17.2,Bandit100,9,4.09,1.0,20,100,0,Pellet,Left,179,158,188,7,0.65,12.0,
2025-11-04 21:44:55,1.17.2,Bandit100,9,4.09,,20,100,0,Left,Left,180,158,188,8,,,0.08
2025-11-04 21:44:56,1.17.2,Bandit100,9,4.1,1.0,20,100,0,Pellet,Left,180,158,189,8,0.53,15.0,
2025-11-04 21:45:12,1.17.2,Bandit100,9,4.1,,20,100,0,Left,Left,181,158,189,9,,,0.17
2025-11-04 21:45:14,1.17.2,Bandit100,9,4.1,2.0,20,100,0,Pellet,Left,181,158,190,9,0.65,18.0,
2025-11-04 21:51:43,1.17.2,Bandit100,9,4.1,,20,100,0,Left,Left,182,158,190,10,,,0.05
2025-11-04 21:51:45,1.17.2,Bandit100,9,4.1,1.0,20,100,0,Pellet,Left,182,158,191,10,1.25,391.0,
2025-11-04 21:52:10,1.17.2,Bandit100,9,4.1,,20,100,0,Left,Left,183,158,191,11,,,0.17
2025-11-04 21:52:12,1.17.2,Bandit100,9,4.1,1.0,20,100,0,Pellet,Left,183,158,192,11,1.13,27.0,
2025-11-04 21:52:26,1.17.2,Bandit100,9,4.1,,20,100,0,Left,Left,184,158,192,12,,,0.24
2025-11-04 21:52:28,1.17.2,Bandit100,9,4.1,2.0,20,100,0,Pellet,Left,184,158,193,12,1.13,16.0,
2025-11-04 21:58:51,1.17.2,Bandit100,9,4.09,,20,100,0,Left,Left,185,158,193,13,,,0.19
2025-11-04 21:58:53,1.17.2,Bandit100,9,4.1,1.0,20,100,0,Pellet,Left,185,158,194,13,1.13,385.0,
2025-11-04 22:07:42,1.17.2,Bandit100,9,4.1,,20,100,0,Right,Left,185,159,194,14,,,0.1
2025-11-04 22:08:00,1.17.2,Bandit100,9,4.1,,20,100,0,Left,Left,186,159,194,14,,,0.06
2025-11-04 22:08:02,1.17.2,Bandit100,9,4.1,1.0,20,100,0,Pellet,Left,186,159,195,14,1.31,549.0,
2025-11-04 22:12:30,1.17.2,Bandit100,9,4.1,,20,100,0,Left,Left,187,159,195,15,,,0.03
2025-11-04 22:12:32,1.17.2,Bandit100,9,4.1,1.0,20,100,0,Pellet,Left,187,159,196,15,0.83,270.0,
2025-11-04 22:12:44,1.17.2,Bandit100,9,4.1,,20,100,0,Left,Left,188,159,196,16,,,0.18
2025-11-04 22:12:45,1.17.2,Bandit100,9,4.1,1.0,20,100,0,Pellet,Left,188,159,197,16,0.41,13.0,
2025-11-04 22:13:02,1.17.2,Bandit100,9,4.1,,20,100,0,Left,Left,189,159,197,17,,,0.17
2025-11-04 22:13:04,1.17.2,Bandit100,9,4.1,1.0,20,100,0,Pellet,Left,189,159,198,17,0.71,19.0,
2025-11-04 22:15:02,1.17.2,Bandit100,9,4.1,,20,100,0,Left,Left,190,159,198,18,,,0.05
2025-11-04 22:15:05,1.17.2,Bandit100,9,4.1,1.0,20,100,0,Pellet,Left,190,159,199,18,1.91,121.0,
2025-11-04 22:21:39,1.17.2,Bandit100,9,4.1,,20,100,0,Right,Left,190,160,199,19,,,0.02
2025-11-04 22:21:43,1.17.2,Bandit100,9,4.1,,20,100,0,LeftinTimeOut,Left,190,160,199,19,,,
2025-11-04 22:36:18,1.17.2,Bandit100,9,4.1,,20,100,0,Left,Left,191,160,199,19,,,0.16
2025-11-04 22:36:19,1.17.2,Bandit100,9,4.1,1.0,20,100,0,Pellet,Left,191,160,200,19,0.77,1274.0,
2025-11-04 22:40:51,1.17.2,Bandit100,9,4.09,,20,0,100,Right,Right,191,161,200,0,,,0.14
2025-11-04 22:40:53,1.17.2,Bandit100,9,4.1,1.0,20,0,100,Pellet,Right,191,161,201,0,0.65,274.0,
2025-11-04 22:41:08,1.17.2,Bandit100,9,4.1,,20,0,100,Right,Right,191,162,201,1,,,0.02
2025-11-04 22:41:12,1.17.2,Bandit100,9,4.09,,20,0,100,RightWithPellet,Right,191,163,201,1,,,0.01
2025-11-04 22:41:15,1.17.2,Bandit100,9,4.1,1.0,20,0,100,Pellet,Right,191,163,202,1,6.23,21.0,
2025-11-04 22:42:24,1.17.2,Bandit100,9,4.1,,20,0,100,Left,Right,192,163,202,2,,,0.23
2025-11-04 22:42:26,1.17.2,Bandit100,9,4.1,,20,0,100,LeftinTimeOut,Right,192,163,202,2,,,
2025-11-04 22:42:28,1.17.2,Bandit100,9,4.1,,20,0,100,RightinTimeout,Right,192,163,202,2,,,0.0
2025-11-04 22:42:28,1.17.2,Bandit100,9,4.09,,20,0,100,RightinTimeout,Right,192,163,202,2,,,0.0
2025-11-04 22:42:29,1.17.2,Bandit100,9,4.1,,20,0,100,RightinTimeout,Right,192,163,202,2,,,0.0
2025-11-04 22:42:29,1.17.2,Bandit100,9,4.1,,20,0,100,RightinTimeout,Right,192,163,202,2,,,0.0
2025-11-04 22:42:32,1.17.2,Bandit100,9,4.09,,20,0,100,RightinTimeout,Right,192,163,202,2,,,0.0
2025-11-04 22:42:41,1.17.2,Bandit100,9,4.09,,20,0,100,LeftinTimeOut,Right,192,163,202,2,,,
2025-11-04 22:42:42,1.17.2,Bandit100,9,4.09,,20,0,100,RightinTimeout,Right,192,163,202,2,,,0.0
2025-11-04 22:44:46,1.17.2,Bandit100,9,4.09,,20,0,100,Left,Right,193,163,202,2,,,0.0
2025-11-04 22:44:50,1.17.2,Bandit100,9,4.09,,20,0,100,RightinTimeout,Right,193,163,202,2,,,0.0
2025-11-04 22:50:03,1.17.2,Bandit100,9,4.09,,20,0,100,Left,Right,194,163,202,2,,,0.1
2025-11-04 22:52:07,1.17.2,Bandit100,9,4.09,,20,0,100,Left,Right,195,163,202,2,,,0.11
2025-11-04 22:52:09,1.17.2,Bandit100,9,4.09,,20,0,100,RightinTimeout,Right,195,163,202,2,,,0.0
2025-11-04 22:57:24,1.17.2,Bandit100,9,4.1,,20,0,100,Left,Right,196,163,202,2,,,0.05
2025-11-04 22:57:25,1.17.2,Bandit100,9,4.09,,20,0,100,LeftinTimeOut,Right,196,163,202,2,,,
2025-11-04 22:57:26,1.17.2,Bandit100,9,4.1,,20,0,100,RightinTimeout,Right,196,163,202,2,,,0.0
2025-11-04 22:57:26,1.17.2,Bandit100,9,4.09,,20,0,100,RightinTimeout,Right,196,163,202,2,,,0.0
2025-11-04 22:57:28,1.17.2,Bandit100,9,4.1,,20,0,100,RightinTimeout,Right,196,163,202,2,,,0.0
2025-11-04 22:57:28,1.17.2,Bandit100,9,4.09,,20,0,100,RightinTimeout,Right,196,163,202,2,,,0.0
2025-11-04 22:57:50,1.17.2,Bandit100,9,4.09,,20,0,100,Left,Right,197,163,202,2,,,0.08
2025-11-04 23:01:18,1.17.2,Bandit100,9,4.09,,20,0,100,Left,Right,198,163,202,2,,,0.06
2025-11-04 23:01:47,1.17.2,Bandit100,9,4.09,,20,0,100,Left,Right,199,163,202,2,,,0.26
2025-11-04 23:01:48,1.17.2,Bandit100,9,4.09,,20,0,100,RightinTimeout,Right,199,163,202,2,,,0.0
2025-11-04 23:01:54,1.17.2,Bandit100,9,4.1,,20,0,100,RightinTimeout,Right,199,163,202,2,,,0.0
2025-11-04 23:01:54,1.17.2,Bandit100,9,4.09,,20,0,100,RightinTimeout,Right,199,163,202,2,,,0.0
2025-11-04 23:01:56,1.17.2,Bandit100,9,4.09,,20,0,100,LeftinTimeOut,Right,199,163,202,2,,,
2025-11-04 23:02:59,1.17.2,Bandit100,9,4.09,,20,0,100,Right,Right,199,164,202,2,,,0.06
2025-11-04 23:03:01,1.17.2,Bandit100,9,4.09,1.0,20,0,100,Pellet,Right,199,164,203,2,0.71,1307.0,
2025-11-04 23:04:45,1.17.2,Bandit100,9,4.1,,20,0,100,Left,Right,200,164,203,3,,,0.13
2025-11-04 23:04:59,1.17.2,Bandit100,9,4.09,,20,0,100,Left,Right,201,164,203,3,,,0.13
2025-11-04 23:09:05,1.17.2,Bandit100,9,4.1,,20,0,100,Left,Right,202,164,203,3,,,0.08
2025-11-04 23:14:13,1.17.2,Bandit100,9,4.1,,20,0,100,Left,Right,203,164,203,3,,,0.16
2025-11-04 23:16:38,1.17.2,Bandit100,9,4.09,,20,0,100,Right,Right,203,165,203,3,,,0.14
2025-11-04 23:16:39,1.17.2,Bandit100,9,4.1,1.0,20,0,100,Pellet,Right,203,165,204,3,0.65,818.0,
2025-11-04 23:17:08,1.17.2,Bandit100,9,4.09,,20,0,100,Left,Right,204,165,204,4,,,0.14
2025-11-04 23:21:58,1.17.2,Bandit100,9,4.09,,20,0,100,Left,Right,205,165,204,4,,,0.06
2025-11-04 23:22:11,1.17.2,Bandit100,9,4.09,,20,0,100,Right,Right,205,166,204,4,,,0.2
2025-11-04 23:22:12,1.17.2,Bandit100,9,4.09,1.0,20,0,100,Pellet,Right,205,166,205,4,0.59,333.0,
2025-11-04 23:22:32,1.17.2,Bandit100,9,4.09,,20,0,100,Right,Right,205,167,205,5,,,0.02
2025-11-04 23:22:36,1.17.2,Bandit100,9,4.09,1.0,20,0,100,Pellet,Right,205,167,206,5,2.63,24.0,
2025-11-04 23:25:33,1.17.2,Bandit100,9,4.09,,20,0,100,Left,Right,206,167,206,6,,,0.19
2025-11-04 23:29:23,1.17.2,Bandit100,9,4.09,,20,0,100,Left,Right,207,167,206,6,,,0.14
2025-11-04 23:46:52,1.17.2,Bandit100,9,4.09,,20,0,100,Left,Right,208,167,206,6,,,0.07
2025-11-04 23:53:19,1.17.2,Bandit100,9,4.09,,20,0,100,Left,Right,209,167,206,6,,,0.14
2025-11-04 23:58:05,1.17.2,Bandit100,9,4.09,,20,0,100,Right,Right,209,168,206,6,,,0.0
2025-11-04 23:58:09,1.17.2,Bandit100,9,4.09,2.0,20,0,100,Pellet,Right,209,168,207,6,0.65,2133.0,
2025-11-04 23:58:43,1.17.2,Bandit100,9,4.09,,20,0,100,Right,Right,209,169,207,7,,,0.03
2025-11-04 23:58:45,1.17.2,Bandit100,9,4.09,1.0,20,0,100,Pellet,Right,209,169,208,7,0.65,36.0,
2025-11-05 00:11:55,1.17.2,Bandit100,9,4.09,,20,0,100,Left,Right,210,169,208,8,,,0.24
2025-11-05 00:11:57,1.17.2,Bandit100,9,4.09,,20,0,100,LeftinTimeOut,Right,210,169,208,8,,,
2025-11-05 00:11:57,1.17.2,Bandit100,9,4.09,,20,0,100,LeftinTimeOut,Right,210,169,208,8,,,
2025-11-05 00:12:10,1.17.2,Bandit100,9,4.09,,20,0,100,Right,Right,210,170,208,8,,,0.04
2025-11-05 00:12:11,1.17.2,Bandit100,9,4.09,1.0,20,0,100,Pellet,Right,210,170,209,8,1.01,806.0,
2025-11-05 00:13:27,1.17.2,Bandit100,9,4.09,,20,0,100,Left,Right,211,170,209,9,,,0.16
2025-11-05 00:13:29,1.17.2,Bandit100,9,4.09,,20,0,100,LeftinTimeOut,Right,211,170,209,9,,,
2025-11-05 00:13:33,1.17.2,Bandit100,9,4.09,,20,0,100,RightinTimeout,Right,211,170,209,9,,,0.0
2025-11-05 00:13:35,1.17.2,Bandit100,9,4.09,,20,0,100,RightinTimeout,Right,211,170,209,9,,,0.0
2025-11-05 00:13:35,1.17.2,Bandit100,9,4.09,,20,0,100,RightinTimeout,Right,211,170,209,9,,,0.0
2025-11-05 00:13:35,1.17.2,Bandit100,9,4.09,,20,0,100,RightinTimeout,Right,211,170,209,9,,,0.0
2025-11-05 00:13:38,1.17.2,Bandit100,9,4.1,,20,0,100,LeftinTimeOut,Right,211,170,209,9,,,
2025-11-05 00:17:25,1.17.2,Bandit100,9,4.09,,20,0,100,Left,Right,212,170,209,9,,,0.11
2025-11-05 00:17:26,1.17.2,Bandit100,9,4.09,,20,0,100,RightinTimeout,Right,212,170,209,9,,,0.0
2025-11-05 00:24:22,1.17.2,Bandit100,9,4.09,,20,0,100,Right,Right,212,171,209,9,,,0.09
2025-11-05 00:24:24,1.17.2,Bandit100,9,4.09,1.0,20,0,100,Pellet,Right,212,171,210,9,0.53,733.0,
2025-11-05 00:24:44,1.17.2,Bandit100,9,4.09,,20,0,100,Right,Right,212,172,210,10,,,0.14
2025-11-05 00:24:46,1.17.2,Bandit100,9,4.09,1.0,20,0,100,Pellet,Right,212,172,211,10,0.77,22.0,
2025-11-05 00:25:14,1.17.2,Bandit100,9,4.09,,20,0,100,Left,Right,213,172,211,11,,,0.14
2025-11-05 00:25:15,1.17.2,Bandit100,9,4.09,,20,0,100,LeftinTimeOut,Right,213,172,211,11,,,
2025-11-05 00:25:16,1.17.2,Bandit100,9,4.1,,20,0,100,LeftinTimeOut,Right,213,172,211,11,,,
2025-11-05 00:28:55,1.17.2,Bandit100,9,4.09,,20,0,100,Right,Right,213,173,211,11,,,0.05
2025-11-05 00:28:57,1.17.2,Bandit100,9,4.09,1.0,20,0,100,Pellet,Right,213,173,212,11,1.25,251.0,
2025-11-05 00:29:09,1.17.2,Bandit100,9,4.09,,20,0,100,Right,Right,213,174,212,12,,,0.0
2025-11-05 00:29:10,1.17.2,Bandit100,9,4.09,1.0,20,0,100,Pellet,Right,213,174,213,12,0.65,13.0,
2025-11-05 00:29:28,1.17.2,Bandit100,9,4.09,,20,0,100,Right,Right,213,175,213,13,,,0.13
2025-11-05 00:29:30,1.17.2,Bandit100,9,4.09,1.0,20,0,100,Pellet,Right,213,175,214,13,0.53,19.0,
2025-11-05 00:29:47,1.17.2,Bandit100,9,4.09,,20,0,100,Right,Right,213,176,214,14,,,0.12
2025-11-05 00:29:53,1.17.2,Bandit100,9,4.09,1.0,20,0,100,Pellet,Right,213,176,215,14,4.61,24.0,
2025-11-05 00:30:07,1.17.2,Bandit100,9,4.09,,20,0,100,Left,Right,214,176,215,15,,,0.08
2025-11-05 00:30:08,1.17.2,Bandit100,9,4.09,,20,0,100,LeftinTimeOut,Right,214,176,215,15,,,
2025-11-05 00:38:53,1.17.2,Bandit100,9,4.09,,20,0,100,Right,Right,214,177,215,15,,,0.13
2025-11-05 00:38:55,1.17.2,Bandit100,9,4.09,1.0,20,0,100,Pellet,Right,214,177,216,15,1.25,542.0,
2025-11-05 00:39:05,1.17.2,Bandit100,9,4.09,,20,0,100,Left,Right,215,177,216,16,,,0.16
2025-11-05 00:39:09,1.17.2,Bandit100,9,4.09,,20,0,100,RightinTimeout,Right,215,177,216,16,,,0.0
2025-11-05 00:39:26,1.17.2,Bandit100,9,4.09,,20,0,100,Right,Right,215,178,216,16,,,0.0
2025-11-05 00:39:34,1.17.2,Bandit100,9,4.09,1.0,20,0,100,Pellet,Right,215,178,217,16,7.19,39.0,
2025-11-05 00:39:52,1.17.2,Bandit100,9,4.09,,20,0,100,Right,Right,215,179,217,17,,,0.07
2025-11-05 00:39:53,1.17.2,Bandit100,9,4.09,1.0,20,0,100,Pellet,Right,215,179,218,17,0.35,19.0,
2025-11-05 00:40:09,1.17.2,Bandit100,9,4.09,,20,0,100,Right,Right,215,180,218,18,,,0.03
2025-11-05 00:40:11,1.17.2,Bandit100,9,4.09,1.0,20,0,100,Pellet,Right,215,180,219,18,1.01,17.0,
2025-11-05 00:41:01,1.17.2,Bandit100,9,4.09,,20,0,100,Left,Right,216,180,219,19,,,0.05
2025-11-05 00:42:27,1.17.2,Bandit100,9,4.09,,20,0,100,Left,Right,217,180,219,19,,,0.11
2025-11-05 00:43:22,1.17.2,Bandit100,9,4.09,,20,0,100,Right,Right,217,181,219,19,,,0.2
2025-11-05 00:43:24,1.17.2,Bandit100,9,4.09,1.0,20,0,100,Pellet,Right,217,181,220,19,0.47,194.0,
2025-11-05 00:43:37,1.17.2,Bandit100,9,4.09,,20,100,0,Right,Left,217,182,220,0,,,0.05
2025-11-05 00:43:39,1.17.2,Bandit100,9,4.09,,20,100,0,RightinTimeout,Left,217,182,220,0,,,0.0
2025-11-05 00:43:40,1.17.2,Bandit100,9,4.09,,20,100,0,RightinTimeout,Left,217,182,220,0,,,0.0
2025-11-05 00:43:41,1.17.2,Bandit100,9,4.09,,20,100,0,RightinTimeout,Left,217,182,220,0,,,0.0
2025-11-05 00:44:23,1.17.2,Bandit100,9,4.09,,20,100,0,Right,Left,217,183,220,0,,,0.06
2025-11-05 00:44:24,1.17.2,Bandit100,9,4.1,,20,100,0,RightinTimeout,Left,217,183,220,0,,,0.0
2025-11-05 00:55:27,1.17.2,Bandit100,9,4.09,,20,100,0,Right,Left,217,184,220,0,,,0.1
2025-11-05 00:55:52,1.17.2,Bandit100,9,4.09,,20,100,0,Left,Left,218,184,220,0,,,0.11
2025-11-05 00:55:55,1.17.2,Bandit100,9,4.09,1.0,20,100,0,Pellet,Left,218,184,221,0,1.61,751.0,
2025-11-05 00:56:16,1.17.2,Bandit100,9,4.09,,20,100,0,Left,Left,219,184,221,1,,,0.04
2025-11-05 00:56:18,1.17.2,Bandit100,9,4.09,1.0,20,100,0,Pellet,Left,219,184,222,1,1.73,23.0,
2025-11-05 00:56:38,1.17.2,Bandit100,9,4.09,,20,100,0,Left,Left,220,184,222,2,,,0.08
2025-11-05 00:56:40,1.17.2,Bandit100,9,4.09,1.0,20,100,0,Pellet,Left,220,184,223,2,1.01,22.0,
2025-11-05 00:56:54,1.17.2,Bandit100,9,4.09,,20,100,0,Left,Left,221,184,223,3,,,0.16
2025-11-05 00:56:56,1.17.2,Bandit100,9,4.09,1.0,20,100,0,Pellet,Left,221,184,224,3,0.83,16.0,
2025-11-05 00:57:28,1.17.2,Bandit100,9,4.09,,20,100,0,Left,Left,222,184,224,4,,,0.09
2025-11-05 00:57:31,1.17.2,Bandit100,9,4.09,1.0,20,100,0,Pellet,Left,222,184,225,4,2.15,35.0,
2025-11-05 00:57:42,1.17.2,Bandit100,9,4.09,,20,100,0,Left,Left,223,184,225,5,,,0.09
2025-11-05 00:57:43,1.17.2,Bandit100,9,4.09,1.0,20,100,0,Pellet,Left,223,184,226,5,0.41,12.0,
2025-11-05 00:58:01,1.17.2,Bandit100,9,4.09,,20,100,0,Left,Left,224,184,226,6,,,0.34
2025-11-05 00:58:03,1.17.2,Bandit100,9,4.09,1.0,20,100,0,Pellet,Left,224,184,227,6,1.61,20.0,
2025-11-05 00:58:16,1.17.2,Bandit100,9,4.09,,20,100,0,Left,Left,225,184,227,7,,,0.07
2025-11-05 00:58:18,1.17.2,Bandit100,9,4.09,1.0,20,100,0,Pellet,Left,225,184,228,7,1.31,15.0,
2025-11-05 00:58:23,1.17.2,Bandit100,9,4.09,,20,100,0,Left,Left,226,184,228,8,,,0.05
2025-11-05 00:58:25,1.17.2,Bandit100,9,4.09,1.0,20,100,0,Pellet,Left,226,184,229,8,0.77,7.0,
2025-11-05 00:58:45,1.17.2,Bandit100,9,4.09,,20,100,0,Right,Left,226,185,229,9,,,0.33
2025-11-05 00:58:46,1.17.2,Bandit100,9,4.09,,20,100,0,RightinTimeout,Left,226,185,229,9,,,0.0
2025-11-05 01:03:09,1.17.2,Bandit100,9,4.09,,20,100,0,Left,Left,227,185,229,9,,,0.33
2025-11-05 01:03:10,1.17.2,Bandit100,9,4.09,1.0,20,100,0,Pellet,Left,227,185,230,9,1.01,285.0,
2025-11-05 01:03:35,1.17.2,Bandit100,9,4.09,,20,100,0,Left,Left,228,185,230,10,,,0.14
2025-11-05 01:03:36,1.17.2,Bandit100,9,4.09,1.0,20,100,0,Pellet,Left,228,185,231,10,0.53,26.0,
2025-11-05 01:03:59,1.17.2,Bandit100,9,4.09,,20,100,0,Left,Left,229,185,231,11,,,0.09
2025-11-05 01:04:01,1.17.2,Bandit100,9,4.09,1.0,20,100,0,Pellet,Left,229,185,232,11,1.55,25.0,
2025-11-05 01:04:16,1.17.2,Bandit100,9,4.09,,20,100,0,Left,Left,230,185,232,12,,,0.12
2025-11-05 01:04:18,1.17.2,Bandit100,9,4.09,1.0,20,100,0,Pellet,Left,230,185,233,12,0.83,16.0,
2025-11-05 01:04:34,1.17.2,Bandit100,9,4.09,,20,100,0,Left,Left,231,185,233,13,,,0.26
2025-11-05 01:04:35,1.17.2,Bandit100,9,4.09,1.0,20,100,0,Pellet,Left,231,185,234,13,0.47,18.0,
2025-11-05 01:08:36,1.17.2,Bandit100,9,4.09,,20,100,0,Left,Left,232,185,234,14,,,0.12
2025-11-05 01:08:38,1.17.2,Bandit100,9,4.09,1.0,20,100,0,Pellet,Left,232,185,235,14,1.01,243.0,
2025-11-05 01:08:55,1.17.2,Bandit100,9,4.09,,20,100,0,Left,Left,233,185,235,15,,,0.1
2025-11-05 01:08:56,1.17.2,Bandit100,9,4.09,1.0,20,100,0,Pellet,Left,233,185,236,15,0.71,18.0,
2025-11-05 01:10:33,1.17.2,Bandit100,9,4.09,,20,100,0,Right,Left,233,186,236,16,,,0.07
2025-11-05 03:05:56,1.17.2,Bandit100,9,4.09,,20,100,0,Left,Left,234,186,236,16,,,0.22
2025-11-05 03:05:57,1.17.2,Bandit100,9,4.08,1.0,20,100,0,Pellet,Left,234,186,237,16,0.77,7021.0,
2025-11-05 03:07:25,1.17.2,Bandit100,9,4.09,,20,100,0,Left,Left,235,186,237,17,,,0.13
2025-11-05 03:07:26,1.17.2,Bandit100,9,4.08,1.0,20,100,0,Pellet,Left,235,186,238,17,0.71,89.0,
2025-11-05 03:07:56,1.17.2,Bandit100,9,4.09,,20,100,0,Left,Left,236,186,238,18,,,0.01
2025-11-05 03:07:58,1.17.2,Bandit100,9,4.09,1.0,20,100,0,Pellet,Left,236,186,239,18,1.25,32.0,
2025-11-05 03:08:09,1.17.2,Bandit100,9,4.09,,20,100,0,Left,Left,237,186,239,19,,,0.08
2025-11-05 03:08:11,1.17.2,Bandit100,9,4.09,1.0,20,100,0,Pellet,Left,237,186,240,19,1.01,13.0,
2025-11-05 03:08:27,1.17.2,Bandit100,9,4.09,,20,0,100,Left,Right,238,186,240,0,,,0.08
2025-11-05 03:08:31,1.17.2,Bandit100,9,4.09,,20,0,100,LeftinTimeOut,Right,238,186,240,0,,,
2025-11-05 03:08:34,1.17.2,Bandit100,9,4.09,,20,0,100,RightinTimeout,Right,238,186,240,0,,,0.0
2025-11-05 03:11:29,1.17.2,Bandit100,9,4.09,,20,0,100,Right,Right,238,187,240,0,,,0.18
2025-11-05 03:11:32,1.17.2,Bandit100,9,4.09,1.0,20,0,100,Pellet,Right,238,187,241,0,2.39,201.0,
2025-11-05 03:11:51,1.17.2,Bandit100,9,4.09,,20,0,100,Right,Right,238,188,241,1,,,0.06
2025-11-05 03:11:54,1.17.2,Bandit100,9,4.09,1.0,20,0,100,Pellet,Right,238,188,242,1,2.69,22.0,
2025-11-05 03:12:15,1.17.2,Bandit100,9,4.09,,20,0,100,Left,Right,239,188,242,2,,,0.12
2025-11-05 03:12:16,1.17.2,Bandit100,9,4.09,,20,0,100,LeftinTimeOut,Right,239,188,242,2,,,
2025-11-05 03:12:18,1.17.2,Bandit100,9,4.09,,20,0,100,RightinTimeout,Right,239,188,242,2,,,0.0
2025-11-05 03:13:06,1.17.2,Bandit100,9,4.09,,20,0,100,Left,Right,240,188,242,2,,,0.09
2025-11-05 03:13:09,1.17.2,Bandit100,9,4.09,,20,0,100,RightinTimeout,Right,240,188,242,2,,,0.0
2025-11-05 03:13:10,1.17.2,Bandit100,9,4.09,,20,0,100,RightinTimeout,Right,240,188,242,2,,,0.0
2025-11-05 03:13:11,1.17.2,Bandit100,9,4.09,,20,0,100,RightinTimeout,Right,240,188,242,2,,,0.0
2025-11-05 03:21:08,1.17.2,Bandit100,9,4.09,,20,0,100,Right,Right,240,189,242,2,,,0.07
2025-11-05 03:21:12,1.17.2,Bandit100,9,4.09,1.0,20,0,100,Pellet,Right,240,189,243,2,3.11,558.0,
2025-11-05 03:21:23,1.17.2,Bandit100,9,4.09,,20,0,100,Left,Right,241,189,243,3,,,0.06
2025-11-05 03:23:50,1.17.2,Bandit100,9,4.09,,20,0,100,Right,Right,241,190,243,3,,,0.04
2025-11-05 03:23:55,1.17.2,Bandit100,9,4.09,1.0,20,0,100,Pellet,Right,241,190,244,3,3.59,163.0,
2025-11-05 03:24:11,1.17.2,Bandit100,9,4.09,,20,0,100,Right,Right,241,191,244,4,,,0.04
2025-11-05 03:24:14,1.17.2,Bandit100,9,4.09,1.0,20,0,100,Pellet,Right,241,191,245,4,2.39,19.0,
2025-11-05 03:24:38,1.17.2,Bandit100,9,4.08,,20,0,100,Right,Right,241,192,245,5,,,0.08
2025-11-05 03:24:40,1.17.2,Bandit100,9,4.08,1.0,20,0,100,Pellet,Right,241,192,246,5,1.19,26.0,
2025-11-05 03:24:51,1.17.2,Bandit100,9,4.08,,20,0,100,Right,Right,241,193,246,6,,,0.04
2025-11-05 03:24:52,1.17.2,Bandit100,9,4.08,1.0,20,0,100,Pellet,Right,241,193,247,6,0.77,12.0,
2025-11-05 03:25:12,1.17.2,Bandit100,9,4.08,,20,0,100,Left,Right,242,193,247,7,,,0.1
2025-11-05 03:30:38,1.17.2,Bandit100,9,4.09,,20,0,100,Right,Right,242,194,247,7,,,0.06
2025-11-05 03:30:40,1.17.2,Bandit100,9,4.09,1.0,20,0,100,Pellet,Right,242,194,248,7,1.43,348.0,
2025-11-05 03:31:01,1.17.2,Bandit100,9,4.08,,20,0,100,Left,Right,243,194,248,8,,,0.13
2025-11-05 03:31:02,1.17.2,Bandit100,9,4.08,,20,0,100,LeftinTimeOut,Right,243,194,248,8,,,
2025-11-05 03:31:33,1.17.2,Bandit100,9,4.09,,20,0,100,Right,Right,243,195,248,8,,,0.13
2025-11-05 03:31:36,1.17.2,Bandit100,9,4.09,2.0,20,0,100,Pellet,Right,243,195,249,8,0.47,56.0,
2025-11-05 03:32:05,1.17.2,Bandit100,9,4.09,,20,0,100,Right,Right,243,196,249,9,,,0.1
2025-11-05 03:32:06,1.17.2,Bandit100,9,4.09,1.0,20,0,100,Pellet,Right,243,196,250,9,0.53,30.0,
2025-11-05 03:32:24,1.17.2,Bandit100,9,4.09,,20,0,100,Right,Right,243,197,250,10,,,0.11
2025-11-05 03:32:25,1.17.2,Bandit100,9,4.09,1.0,20,0,100,Pellet,Right,243,197,251,10,0.35,19.0,
2025-11-05 03:32:39,1.17.2,Bandit100,9,4.08,,20,0,100,Right,Right,243,198,251,11,,,0.04
2025-11-05 03:32:42,1.17.2,Bandit100,9,4.09,1.0,20,0,100,Pellet,Right,243,198,252,11,1.49,16.0,
2025-11-05 03:32:57,1.17.2,Bandit100,9,4.09,,20,0,100,Right,Right,243,199,252,12,,,0.1
2025-11-05 03:32:59,1.17.2,Bandit100,9,4.08,1.0,20,0,100,Pellet,Right,243,199,253,12,1.19,18.0,
2025-11-05 03:33:10,1.17.2,Bandit100,9,4.09,,20,0,100,Right,Right,243,200,253,13,,,0.08
2025-11-05 03:33:12,1.17.2,Bandit100,9,4.09,1.0,20,0,100,Pellet,Right,243,200,254,13,0.59,13.0,
2025-11-05 03:37:23,1.17.2,Bandit100,9,4.09,,20,0,100,Left,Right,244,200,254,14,,,0.07
2025-11-05 04:39:26,1.17.2,Bandit100,9,4.09,,20,0,100,Right,Right,244,201,254,14,,,0.04
2025-11-05 04:39:28,1.17.2,Bandit100,9,4.08,1.0,20,0,100,Pellet,Right,244,201,255,14,0.47,3976.0,
2025-11-05 04:39:44,1.17.2,Bandit100,9,4.09,,20,0,100,Right,Right,244,202,255,15,,,0.17
2025-11-05 04:39:45,1.17.2,Bandit100,9,4.09,1.0,20,0,100,Pellet,Right,244,202,256,15,0.53,17.0,
2025-11-05 04:39:56,1.17.2,Bandit100,9,4.08,,20,0,100,Right,Right,244,203,256,16,,,0.12
2025-11-05 04:39:57,1.17.2,Bandit100,9,4.08,1.0,20,0,100,Pellet,Right,244,203,257,16,0.59,12.0,
2025-11-05 04:40:15,1.17.2,Bandit100,9,4.08,,20,0,100,Right,Right,244,204,257,17,,,0.09
2025-11-05 04:40:16,1.17.2,Bandit100,9,4.09,1.0,20,0,100,Pellet,Right,244,204,258,17,0.41,19.0,
2025-11-05 04:40:30,1.17.2,Bandit100,9,4.09,,20,0,100,Right,Right,244,205,258,18,,,0.1
2025-11-05 04:40:31,1.17.2,Bandit100,9,4.09,1.0,20,0,100,Pellet,Right,244,205,259,18,0.89,15.0,
2025-11-05 04:47:05,1.17.2,Bandit100,9,4.08,,20,0,100,Right,Right,244,206,259,19,,,0.01
2025-11-05 04:47:07,1.17.2,Bandit100,9,4.09,1.0,20,0,100,Pellet,Right,244,206,260,19,0.89,396.0,
2025-11-05 04:47:31,1.17.2,Bandit100,9,4.08,,20,100,0,Right,Left,244,207,260,0,,,0.0
2025-11-05 05:04:57,1.17.2,Bandit100,9,4.09,,20,100,0,Left,Left,245,207,260,0,,,0.1
2025-11-05 05:04:59,1.17.2,Bandit100,9,4.09,1.0,20,100,0,Pellet,Left,245,207,261,0,1.07,1072.0,
2025-11-05 05:18:13,1.17.2,Bandit100,9,4.08,,20,100,0,Right,Left,245,208,261,1,,,0.05
2025-11-05 05:34:20,1.17.2,Bandit100,9,4.08,,20,100,0,Right,Left,245,209,261,1,,,0.09
2025-11-05 05:34:57,1.17.2,Bandit100,9,4.08,,20,100,0,Left,Left,246,209,261,1,,,0.16
2025-11-05 05:35:01,1.17.2,Bandit100,9,4.08,2.0,20,100,0,Pellet,Left,246,209,262,1,1.37,1802.0,
2025-11-05 05:35:26,1.17.2,Bandit100,9,4.08,,20,100,0,Left,Left,247,209,262,2,,,0.18
2025-11-05 05:35:27,1.17.2,Bandit100,9,4.08,1.0,20,100,0,Pellet,Left,247,209,263,2,0.65,26.0,
2025-11-05 05:35:53,1.17.2,Bandit100,9,4.08,,20,100,0,Left,Left,248,209,263,3,,,0.12
2025-11-05 05:35:56,1.17.2,Bandit100,9,4.08,1.0,20,100,0,Pellet,Left,248,209,264,3,1.79,29.0,
2025-11-05 05:36:22,1.17.2,Bandit100,9,4.08,,20,100,0,Left,Left,249,209,264,4,,,0.14
2025-11-05 05:36:24,1.17.2,Bandit100,9,4.08,1.0,20,100,0,Pellet,Left,249,209,265,4,0.83,28.0,
2025-11-05 05:36:35,1.17.2,Bandit100,9,4.08,,20,100,0,Left,Left,250,209,265,5,,,0.04
2025-11-05 05:36:41,1.17.2,Bandit100,9,4.09,2.0,20,100,0,Pellet,Left,250,209,266,5,2.63,17.0,
2025-11-05 05:36:53,1.17.2,Bandit100,9,4.08,,20,100,0,Left,Left,251,209,266,6,,,0.06
2025-11-05 05:36:54,1.17.2,Bandit100,9,4.09,1.0,20,100,0,Pellet,Left,251,209,267,6,0.71,13.0,
2025-11-05 05:37:09,1.17.2,Bandit100,9,4.08,,20,100,0,Left,Left,252,209,267,7,,,0.17
2025-11-05 05:37:10,1.17.2,Bandit100,9,4.08,1.0,20,100,0,Pellet,Left,252,209,268,7,0.65,16.0,
2025-11-05 05:37:23,1.17.2,Bandit100,9,4.08,,20,100,0,Left,Left,253,209,268,8,,,0.07
2025-11-05 05:37:25,1.17.2,Bandit100,9,4.08,1.0,20,100,0,Pellet,Left,253,209,269,8,1.43,15.0,
2025-11-05 05:37:53,1.17.2,Bandit100,9,4.08,,20,100,0,Left,Left,254,209,269,9,,,0.12
2025-11-05 05:37:55,1.17.2,Bandit100,9,4.08,1.0,20,100,0,Pellet,Left,254,209,270,9,1.73,30.0,
2025-11-05 05:38:08,1.17.2,Bandit100,9,4.08,,20,100,0,Left,Left,255,209,270,10,,,0.09
2025-11-05 05:38:10,1.17.2,Bandit100,9,4.08,1.0,20,100,0,Pellet,Left,255,209,271,10,1.19,15.0,
2025-11-05 05:38:25,1.17.2,Bandit100,9,4.08,,20,100,0,Left,Left,256,209,271,11,,,0.11
2025-11-05 05:38:28,1.17.2,Bandit100,9,4.09,1.0,20,100,0,Pellet,Left,256,209,272,11,1.61,18.0,
2025-11-05 05:38:39,1.17.2,Bandit100,9,4.09,,20,100,0,Left,Left,257,209,272,12,,,0.06
2025-11-05 05:38:41,1.17.2,Bandit100,9,4.08,1.0,20,100,0,Pellet,Left,257,209,273,12,0.53,13.0,
2025-11-05 05:38:54,1.17.2,Bandit100,9,4.08,,20,100,0,Left,Left,258,209,273,13,,,0.08
2025-11-05 05:38:58,1.17.2,Bandit100,9,4.08,2.0,20,100,0,Pellet,Left,258,209,274,13,0.71,16.0,
2025-11-05 05:39:19,1.17.2,Bandit100,9,4.08,,20,100,0,Left,Left,259,209,274,14,,,0.06
2025-11-05 05:39:20,1.17.2,Bandit100,9,4.08,1.0,20,100,0,Pellet,Left,259,209,275,14,0.83,23.0,
2025-11-05 05:40:58,1.17.2,Bandit100,9,4.08,,20,100,0,Right,Left,259,210,275,15,,,0.01
2025-11-05 05:40:59,1.17.2,Bandit100,9,4.08,,20,100,0,RightinTimeout,Left,259,210,275,15,,,0.0
2025-11-05 05:43:14,1.17.2,Bandit100,9,4.08,,20,100,0,Right,Left,259,211,275,15,,,0.2
2025-11-05 05:43:15,1.17.2,Bandit100,9,4.09,,20,100,0,RightinTimeout,Left,259,211,275,15,,,0.0
2025-11-05 07:18:08,1.17.2,Bandit100,9,4.08,,20,100,0,Right,Left,259,212,275,15,,,0.11
2025-11-05 07:19:00,1.17.2,Bandit100,9,4.08,,20,100,0,Right,Left,259,213,275,15,,,0.07
2025-11-05 07:21:40,1.17.2,Bandit100,9,4.07,,20,100,0,Right,Left,259,214,275,15,,,0.25
2025-11-05 09:12:48,1.17.2,Bandit100,9,4.07,,20,100,0,Left,Left,260,214,275,15,,,0.11
2025-11-05 09:12:51,1.17.2,Bandit100,9,4.07,1.0,20,100,0,Pellet,Left,260,214,276,15,1.49,12811.0,
2025-11-05 09:17:36,1.17.2,Bandit100,9,4.07,,20,100,0,Left,Left,261,214,276,16,,,0.23
2025-11-05 09:17:38,1.17.2,Bandit100,9,4.07,1.0,20,100,0,Pellet,Left,261,214,277,16,0.65,287.0,
2025-11-05 09:18:26,1.17.2,Bandit100,9,4.07,,20,100,0,Left,Left,262,214,277,17,,,0.06
2025-11-05 09:18:28,1.17.2,Bandit100,9,4.07,1.0,20,100,0,Pellet,Left,262,214,278,17,1.55,50.0,
2025-11-05 11:15:19,1.17.2,Bandit100,9,4.07,,20,100,0,Right,Left,262,215,278,18,,,0.21
2025-11-05 11:15:21,1.17.2,Bandit100,9,4.07,,20,100,0,RightinTimeout,Left,262,215,278,18,,,0.0
2025-11-05 11:15:22,1.17.2,Bandit100,9,4.07,,20,100,0,RightinTimeout,Left,262,215,278,18,,,0.0
2025-11-05 11:15:51,1.17.2,Bandit100,9,4.07,,20,100,0,Right,Left,262,216,278,18,,,0.03
2025-11-05 11:15:52,1.17.2,Bandit100,9,4.07,,20,100,0,RightinTimeout,Left,262,216,278,18,,,0.0
2025-11-05 11:20:12,1.17.2,Bandit100,9,4.07,,20,100,0,Left,Left,263,216,278,18,,,0.13
2025-11-05 11:20:14,1.17.2,Bandit100,9,4.07,1.0,20,100,0,Pellet,Left,263,216,279,18,0.89,7306.0,
2025-11-05 11:20:43,1.17.2,Bandit100,9,4.07,,20,100,0,Left,Left,264,216,279,19,,,0.13
2025-11-05 11:20:45,1.17.2,Bandit100,9,4.07,1.0,20,100,0,Pellet,Left,264,216,280,19,0.47,31.0,
2025-11-05 11:21:00,1.17.2,Bandit100,9,4.07,,20,0,100,Left,Right,265,216,280,0,,,0.2
2025-11-05 11:21:04,1.17.2,Bandit100,9,4.07,,20,0,100,LeftinTimeOut,Right,265,216,280,0,,,
2025-11-05 11:21:05,1.17.2,Bandit100,9,4.07,,20,0,100,LeftinTimeOut,Right,265,216,280,0,,,
2025-11-05 12:56:19,1.17.2,Bandit100,9,4.07,,20,0,100,Left,Right,266,216,280,0,,,0.09
2025-11-05 14:33:25,1.17.2,Bandit100,9,4.07,,20,0,100,Left,Right,267,216,280,0,,,0.26
2025-11-05 14:33:29,1.17.2,Bandit100,9,4.07,,20,0,100,RightinTimeout,Right,267,216,280,0,,,0.0
2025-11-05 14:35:28,1.17.2,Bandit100,9,4.07,,20,0,100,Left,Right,268,216,280,0,,,0.21
2025-11-05 14:35:41,1.17.2,Bandit100,9,4.07,,20,0,100,Left,Right,269,216,280,0,,,0.03
2025-11-05 17:30:18,1.17.2,Bandit100,9,4.07,,20,0,100,Left,Right,270,216,280,0,,,0.58
2025-11-05 17:30:19,1.17.2,Bandit100,9,4.06,,20,0,100,LeftinTimeOut,Right,270,216,280,0,,,
2025-11-05 17:55:36,1.17.2,Bandit100,9,4.06,,20,0,100,Left,Right,271,216,280,0,,,0.04
2025-11-05 17:55:38,1.17.2,Bandit100,9,4.06,,20,0,100,LeftinTimeOut,Right,271,216,280,0,,,
2025-11-05 18:12:05,1.17.2,Bandit100,9,4.06,,20,0,100,Left,Right,272,216,280,0,,,0.24
2025-11-05 18:12:06,1.17.2,Bandit100,9,4.06,,20,0,100,LeftinTimeOut,Right,272,216,280,0,,,
2025-11-05 18:12:09,1.17.2,Bandit100,9,4.06,,20,0,100,RightinTimeout,Right,272,216,280,0,,,0.0
2025-11-05 18:12:10,1.17.2,Bandit100,9,4.06,,20,0,100,RightinTimeout,Right,272,216,280,0,,,0.0
2025-11-05 18:12:10,1.17.2,Bandit100,9,4.07,,20,0,100,RightinTimeout,Right,272,216,280,0,,,0.0
2025-11-05 18:12:11,1.17.2,Bandit100,9,4.06,,20,0,100,RightinTimeout,Right,272,216,280,0,,,0.0
2025-11-05 18:12:12,1.17.2,Bandit100,9,4.06,,20,0,100,RightinTimeout,Right,272,216,280,0,,,0.0
2025-11-05 18:12:24,1.17.2,Bandit100,9,4.06,,20,0,100,Left,Right,273,216,280,0,,,0.09
2025-11-05 18:14:03,1.17.2,Bandit100,9,4.06,,20,0,100,Right,Right,273,217,280,0,,,0.1
2025-11-05 18:14:08,1.17.2,Bandit100,9,4.06,2.0,20,0,100,Pellet,Right,273,217,281,0,2.15,24803.0,
2025-11-05 18:14:25,1.17.2,Bandit100,9,4.06,,20,0,100,Right,Right,273,218,281,1,,,0.05
2025-11-05 18:14:26,1.17.2,Bandit100,9,4.06,1.0,20,0,100,Pellet,Right,273,218,282,1,0.65,18.0,
2025-11-05 18:14:54,1.17.2,Bandit100,9,4.06,,20,0,100,Right,Right,273,219,282,2,,,0.1
2025-11-05 18:14:55,1.17.2,Bandit100,9,4.06,1.0,20,0,100,Pellet,Right,273,219,283,2,0.71,29.0,
2025-11-05 18:17:07,1.17.2,Bandit100,9,4.06,,20,0,100,Left,Right,274,219,283,3,,,0.21
2025-11-05 18:17:08,1.17.2,Bandit100,9,4.06,,20,0,100,LeftinTimeOut,Right,274,219,283,3,,,
2025-11-05 18:29:37,1.17.2,Bandit100,9,4.06,,20,0,100,Left,Right,275,219,283,3,,,0.12
2025-11-05 18:32:05,1.17.2,Bandit100,9,4.06,,20,0,100,Left,Right,276,219,283,3,,,0.12
2025-11-05 18:33:54,1.17.2,Bandit100,9,4.06,,20,0,100,Right,Right,276,220,283,3,,,0.06
2025-11-05 18:33:55,1.17.2,Bandit100,9,4.05,1.0,20,0,100,Pellet,Right,276,220,284,3,0.95,1140.0,
2025-11-05 18:34:28,1.17.2,Bandit100,9,4.06,,20,0,100,Right,Right,276,221,284,4,,,0.11
2025-11-05 18:34:29,1.17.2,Bandit100,9,4.05,1.0,20,0,100,Pellet,Right,276,221,285,4,0.65,34.0,
2025-11-05 18:35:02,1.17.2,Bandit100,9,4.06,,20,0,100,Right,Right,276,222,285,5,,,0.09
2025-11-05 18:35:03,1.17.2,Bandit100,9,4.06,1.0,20,0,100,Pellet,Right,276,222,286,5,0.59,34.0,
2025-11-05 18:42:33,1.17.2,Bandit100,9,4.06,,20,0,100,Left,Right,277,222,286,6,,,0.02
2025-11-05 18:48:09,1.17.2,Bandit100,9,4.06,,20,0,100,Left,Right,278,222,286,6,,,0.09
2025-11-05 18:48:10,1.17.2,Bandit100,9,4.05,,20,0,100,LeftinTimeOut,Right,278,222,286,6,,,
2025-11-05 18:48:13,1.17.2,Bandit100,9,4.06,,20,0,100,RightinTimeout,Right,278,222,286,6,,,0.0
2025-11-05 18:48:15,1.17.2,Bandit100,9,4.05,,20,0,100,RightinTimeout,Right,278,222,286,6,,,0.0
2025-11-05 18:49:53,1.17.2,Bandit100,9,4.06,,20,0,100,Right,Right,278,223,286,6,,,0.05
2025-11-05 18:49:54,1.17.2,Bandit100,9,4.06,1.0,20,0,100,Pellet,Right,278,223,287,6,0.59,891.0,
2025-11-05 18:50:15,1.17.2,Bandit100,9,4.06,,20,0,100,Right,Right,278,224,287,7,,,0.14
2025-11-05 18:50:17,1.17.2,Bandit100,9,4.06,1.0,20,0,100,Pellet,Right,278,224,288,7,0.77,23.0,
2025-11-05 18:50:30,1.17.2,Bandit100,9,4.06,,20,0,100,Right,Right,278,225,288,8,,,0.02
2025-11-05 18:50:31,1.17.2,Bandit100,9,4.06,1.0,20,0,100,Pellet,Right,278,225,289,8,0.77,14.0,
2025-11-05 18:50:51,1.17.2,Bandit100,9,4.06,,20,0,100,Right,Right,278,226,289,9,,,0.04
2025-11-05 18:50:55,1.17.2,Bandit100,9,4.06,1.0,20,0,100,Pellet,Right,278,226,290,9,3.29,24.0,
2025-11-05 18:51:16,1.17.2,Bandit100,9,4.06,,20,0,100,Right,Right,278,227,290,10,,,0.01
2025-11-05 18:51:18,1.17.2,Bandit100,9,4.06,1.0,20,0,100,Pellet,Right,278,227,291,10,0.95,23.0,
2025-11-05 19:06:23,1.17.2,Bandit100,9,4.06,,20,0,100,Right,Right,278,228,291,11,,,0.05
2025-11-05 19:06:24,1.17.2,Bandit100,9,4.06,1.0,20,0,100,Pellet,Right,278,228,292,11,0.41,906.0,
2025-11-05 19:06:40,1.17.2,Bandit100,9,4.05,,20,0,100,Right,Right,278,229,292,12,,,0.04
2025-11-05 19:06:43,1.17.2,Bandit100,9,4.06,1.0,20,0,100,Pellet,Right,278,229,293,12,2.09,19.0,
2025-11-05 19:07:04,1.17.2,Bandit100,9,4.06,,20,0,100,Right,Right,278,230,293,13,,,0.06
2025-11-05 19:07:06,1.17.2,Bandit100,9,4.06,1.0,20,0,100,Pellet,Right,278,230,294,13,0.47,22.0,
2025-11-05 19:07:24,1.17.2,Bandit100,9,4.06,,20,0,100,Right,Right,278,231,294,14,,,0.05
2025-11-05 19:07:26,1.17.2,Bandit100,9,4.06,2.0,20,0,100,Pellet,Right,278,231,295,14,1.13,21.0,
2025-11-05 19:07:50,1.17.2,Bandit100,9,4.05,,20,0,100,Right,Right,278,232,295,15,,,0.02
2025-11-05 19:07:51,1.17.2,Bandit100,9,4.06,1.0,20,0,100,Pellet,Right,278,232,296,15,0.65,25.0,
2025-11-05 19:08:00,1.17.2,Bandit100,9,4.05,,20,0,100,Right,Right,278,233,296,16,,,0.01
2025-11-05 19:08:03,1.17.2,Bandit100,9,4.06,1.0,20,0,100,Pellet,Right,278,233,297,16,2.15,12.0,
2025-11-05 19:08:25,1.17.2,Bandit100,9,4.06,,20,0,100,Right,Right,278,234,297,17,,,0.07
2025-11-05 19:08:26,1.17.2,Bandit100,9,4.06,1.0,20,0,100,Pellet,Right,278,234,298,17,0.47,23.0,
2025-11-05 19:12:03,1.17.2,Bandit100,9,4.06,,20,0,100,Left,Right,279,234,298,18,,,0.19
2025-11-05 19:12:07,1.17.2,Bandit100,9,4.06,,20,0,100,RightinTimeout,Right,279,234,298,18,,,0.0
2025-11-05 19:17:35,1.17.2,Bandit100,9,4.06,,20,0,100,Right,Right,279,235,298,18,,,0.08
2025-11-05 19:17:37,1.17.2,Bandit100,9,4.06,1.0,20,0,100,Pellet,Right,279,235,299,18,0.59,551.0,
2025-11-05 19:17:57,1.17.2,Bandit100,9,4.06,,20,0,100,Right,Right,279,236,299,19,,,0.01
2025-11-05 19:17:59,1.17.2,Bandit100,9,4.06,1.0,20,0,100,Pellet,Right,279,236,300,19,1.19,21.0,
2025-11-05 19:18:11,1.17.2,Bandit100,9,4.06,,20,100,0,Right,Left,279,237,300,0,,,0.04
2025-11-05 19:18:12,1.17.2,Bandit100,9,4.06,,20,100,0,RightinTimeout,Left,279,237,300,0,,,0.0
2025-11-05 19:40:33,1.17.2,Bandit100,9,4.06,,20,100,0,Left,Left,280,237,300,0,,,0.02
2025-11-05 19:40:35,1.17.2,Bandit100,9,4.05,1.0,20,100,0,Pellet,Left,280,237,301,0,1.19,1357.0,
2025-11-05 19:41:42,1.17.2,Bandit100,9,4.05,,20,100,0,Right,Left,280,238,301,1,,,0.05
2025-11-05 19:43:27,1.17.2,Bandit100,9,4.06,,20,100,0,Left,Left,281,238,301,1,,,0.23
2025-11-05 19:43:29,1.17.2,Bandit100,9,4.06,1.0,20,100,0,Pellet,Left,281,238,302,1,0.89,174.0,
2025-11-05 19:56:37,1.17.2,Bandit100,9,4.06,,20,100,0,Left,Left,282,238,302,2,,,0.12
2025-11-05 19:56:38,1.17.2,Bandit100,9,4.06,1.0,20,100,0,Pellet,Left,282,238,303,2,0.71,789.0,
2025-11-05 19:56:54,1.17.2,Bandit100,9,4.06,,20,100,0,Right,Left,282,239,303,3,,,0.03
2025-11-05 19:56:55,1.17.2,Bandit100,9,4.05,,20,100,0,RightinTimeout,Left,282,239,303,3,,,0.0
2025-11-05 20:02:03,1.17.2,Bandit100,9,4.05,,20,100,0,Right,Left,282,240,303,3,,,0.05
2025-11-05 20:04:49,1.17.2,Bandit100,9,4.05,,20,100,0,Left,Left,283,240,303,3,,,0.07
2025-11-05 20:04:50,1.17.2,Bandit100,9,4.05,1.0,20,100,0,Pellet,Left,283,240,304,3,0.71,492.0,
2025-11-05 20:24:06,1.17.2,Bandit100,9,4.05,,20,100,0,Right,Left,283,241,304,4,,,0.03
2025-11-05 20:24:07,1.17.2,Bandit100,9,4.05,,20,100,0,RightinTimeout,Left,283,241,304,4,,,0.0
2025-11-05 20:26:58,1.17.2,Bandit100,9,4.06,,20,100,0,Right,Left,283,242,304,4,,,0.02
2025-11-05 20:26:59,1.17.2,Bandit100,9,4.06,,20,100,0,RightinTimeout,Left,283,242,304,4,,,0.0
2025-11-05 20:34:16,1.17.2,Bandit100,9,4.05,,20,100,0,Left,Left,284,242,304,4,,,0.09
2025-11-05 20:34:17,1.17.2,Bandit100,9,4.06,1.0,20,100,0,Pellet,Left,284,242,305,4,0.53,1767.0,
2025-11-05 20:37:27,1.17.2,Bandit100,9,4.06,,20,100,0,Left,Left,285,242,305,5,,,0.06
2025-11-05 20:37:30,1.17.2,Bandit100,9,4.05,1.0,20,100,0,Pellet,Left,285,242,306,5,1.67,193.0,
2025-11-05 20:37:41,1.17.2,Bandit100,9,4.06,,20,100,0,Left,Left,286,242,306,6,,,0.11
2025-11-05 20:37:43,1.17.2,Bandit100,9,4.05,1.0,20,100,0,Pellet,Left,286,242,307,6,0.71,13.0,
2025-11-05 20:37:58,1.17.2,Bandit100,9,4.06,,20,100,0,Left,Left,287,242,307,7,,,0.08
2025-11-05 20:37:59,1.17.2,Bandit100,9,4.05,1.0,20,100,0,Pellet,Left,287,242,308,7,0.47,16.0,
2025-11-05 20:38:08,1.17.2,Bandit100,9,4.05,,20,100,0,Left,Left,288,242,308,8,,,0.08
2025-11-05 20:38:12,1.17.2,Bandit100,9,4.06,2.0,20,100,0,Pellet,Left,288,242,309,8,0.59,12.0,
2025-11-05 20:38:20,1.17.2,Bandit100,9,4.05,,20,100,0,Left,Left,289,242,309,9,,,0.13
2025-11-05 20:38:22,1.17.2,Bandit100,9,4.06,1.0,20,100,0,Pellet,Left,289,242,310,9,0.65,11.0,
2025-11-05 20:38:41,1.17.2,Bandit100,9,4.06,,20,100,0,Left,Left,290,242,310,10,,,0.08
2025-11-05 20:38:43,1.17.2,Bandit100,9,4.05,1.0,20,100,0,Pellet,Left,290,242,311,10,1.61,21.0,
2025-11-05 20:38:48,1.17.2,Bandit100,9,4.05,,20,100,0,Left,Left,291,242,311,11,,,0.07
2025-11-05 20:38:49,1.17.2,Bandit100,9,4.05,1.0,20,100,0,Pellet,Left,291,242,312,11,0.59,6.0,
2025-11-05 20:51:10,1.17.2,Bandit100,9,4.05,,20,100,0,Left,Left,292,242,312,12,,,0.15
2025-11-05 20:51:14,1.17.2,Bandit100,9,4.06,1.0,20,100,0,Pellet,Left,292,242,313,12,3.29,745.0,
2025-11-05 20:51:37,1.17.2,Bandit100,9,4.06,,20,100,0,Left,Left,293,242,313,13,,,0.14
2025-11-05 20:51:38,1.17.2,Bandit100,9,4.06,1.0,20,100,0,Pellet,Left,293,242,314,13,0.95,24.0,
2025-11-05 20:51:58,1.17.2,Bandit100,9,4.05,,20,100,0,Left,Left,294,242,314,14,,,0.1
2025-11-05 20:51:59,1.17.2,Bandit100,9,4.06,1.0,20,100,0,Pellet,Left,294,242,315,14,0.65,21.0,
2025-11-05 21:29:41,1.17.2,Bandit100,9,4.05,,20,100,0,Left,Left,295,242,315,15,,,0.03
2025-11-05 21:29:44,1.17.2,Bandit100,9,4.06,2.0,20,100,0,Pellet,Left,295,242,316,15,0.71,2265.0,
2025-11-05 21:39:02,1.17.2,Bandit100,9,4.05,,20,100,0,Left,Left,296,242,316,16,,,0.0
2025-11-05 21:40:52,1.17.2,Bandit100,9,4.05,,20,100,0,RightWithPellet,Left,296,242,316,16,,,0.07
2025-11-05 21:41:06,1.17.2,Bandit100,9,4.05,1.0,20,100,0,Pellet,Left,296,242,317,16,,682.0,
2025-11-05 21:54:15,1.17.2,Bandit100,9,4.05,,20,100,0,Right,Left,296,243,317,17,,,0.36
2025-11-05 21:54:17,1.17.2,Bandit100,9,4.05,,20,100,0,RightinTimeout,Left,296,243,317,17,,,0.0
2025-11-05 21:54:19,1.17.2,Bandit100,9,4.05,,20,100,0,RightinTimeout,Left,296,243,317,17,,,0.0
2025-11-05 22:17:55,1.17.2,Bandit100,9,4.06,,20,100,0,Left,Left,297,243,317,17,,,0.27
2025-11-05 22:17:56,1.17.2,Bandit100,9,4.05,2.0,20,100,0,Pellet,Left,297,243,318,17,0.53,2210.0,
2025-11-05 22:18:24,1.17.2,Bandit100,9,4.05,,20,100,0,Right,Left,297,244,318,18,,,0.27
2025-11-05 22:18:32,1.17.2,Bandit100,9,4.05,,20,100,0,LeftinTimeOut,Left,297,244,318,18,,,
2025-11-05 22:25:29,1.17.2,Bandit100,9,4.05,,20,100,0,Left,Left,298,244,318,18,,,0.09
2025-11-05 22:25:30,1.17.2,Bandit100,9,4.05,1.0,20,100,0,Pellet,Left,298,244,319,18,0.83,454.0,
2025-11-05 22:29:20,1.17.2,Bandit100,9,4.05,,20,100,0,Left,Left,299,244,319,19,,,0.19
2025-11-05 22:29:21,1.17.2,Bandit100,9,4.05,1.0,20,100,0,Pellet,Left,299,244,320,19,0.71,231.0,
2025-11-05 22:30:33,1.17.2,Bandit100,9,4.05,,20,0,100,Right,Right,299,245,320,0,,,0.11
2025-11-05 22:30:36,1.17.2,Bandit100,9,4.05,1.0,20,0,100,Pellet,Right,299,245,321,0,1.55,75.0,
2025-11-05 22:30:57,1.17.2,Bandit100,9,4.05,,20,0,100,Right,Right,299,246,321,1,,,0.07
2025-11-05 22:30:59,1.17.2,Bandit100,9,4.05,1.0,20,0,100,Pellet,Right,299,246,322,1,0.65,23.0,
2025-11-05 22:31:27,1.17.2,Bandit100,9,4.05,,20,0,100,Right,Right,299,247,322,2,,,0.09
2025-11-05 22:31:31,1.17.2,Bandit100,9,4.05,2.0,20,0,100,Pellet,Right,299,247,323,2,0.89,32.0,
2025-11-05 22:31:49,1.17.2,Bandit100,9,4.05,,20,0,100,Left,Right,300,247,323,3,,,0.0
2025-11-05 22:31:56,1.17.2,Bandit100,9,4.05,,20,0,100,LeftinTimeOut,Right,300,247,323,3,,,
2025-11-05 22:32:05,1.17.2,Bandit100,9,4.05,,20,0,100,LeftinTimeOut,Right,300,247,323,3,,,
2025-11-05 22:33:27,1.17.2,Bandit100,9,4.05,,20,0,100,Left,Right,301,247,323,3,,,0.0
2025-11-05 22:42:25,1.17.2,Bandit100,9,4.05,,20,0,100,Left,Right,302,247,323,3,,,0.0
2025-11-05 22:42:26,1.17.2,Bandit100,9,4.05,,20,0,100,LeftinTimeOut,Right,302,247,323,3,,,
2025-11-05 22:42:29,1.17.2,Bandit100,9,4.05,,20,0,100,LeftinTimeOut,Right,302,247,323,3,,,
2025-11-05 22:42:31,1.17.2,Bandit100,9,4.05,,20,0,100,LeftinTimeOut,Right,302,247,323,3,,,
2025-11-05 22:42:32,1.17.2,Bandit100,9,4.05,,20,0,100,LeftinTimeOut,Right,302,247,323,3,,,
2025-11-05 22:42:45,1.17.2,Bandit100,9,4.05,,20,0,100,Right,Right,302,248,323,3,,,0.13
2025-11-05 22:42:46,1.17.2,Bandit100,9,4.05,1.0,20,0,100,Pellet,Right,302,248,324,3,0.41,675.0,
2025-11-05 22:42:57,1.17.2,Bandit100,9,4.05,,20,0,100,Right,Right,302,249,324,4,,,0.02
2025-11-05 22:43:00,1.17.2,Bandit100,9,4.05,2.0,20,0,100,Pellet,Right,302,249,325,4,0.59,14.0,
2025-11-05 22:43:11,1.17.2,Bandit100,9,4.05,,20,0,100,Right,Right,302,250,325,5,,,0.06
2025-11-05 22:43:12,1.17.2,Bandit100,9,4.05,1.0,20,0,100,Pellet,Right,302,250,326,5,0.41,12.0,
2025-11-05 22:43:27,1.17.2,Bandit100,9,4.05,,20,0,100,Right,Right,302,251,326,6,,,0.01
2025-11-05 22:43:28,1.17.2,Bandit100,9,4.05,1.0,20,0,100,Pellet,Right,302,251,327,6,0.59,16.0,
2025-11-05 22:43:40,1.17.2,Bandit100,9,4.05,,20,0,100,Right,Right,302,252,327,7,,,0.1
2025-11-05 22:43:41,1.17.2,Bandit100,9,4.05,1.0,20,0,100,Pellet,Right,302,252,328,7,0.59,13.0,
2025-11-05 22:43:59,1.17.2,Bandit100,9,4.05,,20,0,100,Right,Right,302,253,328,8,,,0.07
2025-11-05 22:44:02,1.17.2,Bandit100,9,4.05,2.0,20,0,100,Pellet,Right,302,253,329,8,0.35,21.0,
2025-11-05 22:44:21,1.17.2,Bandit100,9,4.05,,20,0,100,Right,Right,302,254,329,9,,,0.09
2025-11-05 22:44:22,1.17.2,Bandit100,9,4.05,1.0,20,0,100,Pellet,Right,302,254,330,9,0.41,20.0,
2025-11-05 22:46:40,1.17.2,Bandit100,9,4.05,,20,0,100,Left,Right,303,254,330,10,,,0.04
2025-11-05 22:47:04,1.17.2,Bandit100,9,4.05,,20,0,100,Right,Right,303,255,330,10,,,0.06
2025-11-05 22:47:07,1.17.2,Bandit100,9,4.05,2.0,20,0,100,Pellet,Right,303,255,331,10,0.41,165.0,
2025-11-05 22:47:22,1.17.2,Bandit100,9,4.05,,20,0,100,Right,Right,303,256,331,11,,,0.05
2025-11-05 22:47:23,1.17.2,Bandit100,9,4.05,1.0,20,0,100,Pellet,Right,303,256,332,11,0.47,16.0,
2025-11-05 22:56:25,1.17.2,Bandit100,9,4.05,,20,0,100,Left,Right,304,256,332,12,,,0.09
2025-11-05 22:56:35,1.17.2,Bandit100,9,4.05,,20,0,100,LeftinTimeOut,Right,304,256,332,12,,,
2025-11-05 22:56:40,1.17.2,Bandit100,9,4.05,,20,0,100,LeftinTimeOut,Right,304,256,332,12,,,
2025-11-05 23:07:04,1.17.2,Bandit100,9,4.05,,20,0,100,Right,Right,304,257,332,12,,,0.04
2025-11-05 23:07:06,1.17.2,Bandit100,9,4.05,1.0,20,0,100,Pellet,Right,304,257,333,12,0.77,1183.0,
2025-11-05 23:07:26,1.17.2,Bandit100,9,4.05,,20,0,100,Left,Right,305,257,333,13,,,0.08
2025-11-05 23:07:27,1.17.2,Bandit100,9,4.05,,20,0,100,LeftinTimeOut,Right,305,257,333,13,,,
2025-11-05 23:07:29,1.17.2,Bandit100,9,4.05,,20,0,100,RightinTimeout,Right,305,257,333,13,,,0.0
2025-11-05 23:19:44,1.17.2,Bandit100,9,4.05,,20,0,100,Left,Right,306,257,333,13,,,0.03
2025-11-05 23:27:48,1.17.2,Bandit100,9,4.05,,20,0,100,Left,Right,307,257,333,13,,,0.0
2025-11-05 23:27:53,1.17.2,Bandit100,9,4.05,,20,0,100,LeftinTimeOut,Right,307,257,333,13,,,
2025-11-05 23:27:54,1.17.2,Bandit100,9,4.05,,20,0,100,RightinTimeout,Right,307,257,333,13,,,0.0
2025-11-05 23:32:15,1.17.2,Bandit100,9,4.05,,20,0,100,Left,Right,308,257,333,13,,,0.11
2025-11-05 23:32:18,1.17.2,Bandit100,9,4.05,,20,0,100,RightinTimeout,Right,308,257,333,13,,,0.0
2025-11-05 23:32:25,1.17.2,Bandit100,9,4.05,,20,0,100,LeftinTimeOut,Right,308,257,333,13,,,
2025-11-05 23:37:37,1.17.2,Bandit100,9,4.05,,20,0,100,Left,Right,309,257,333,13,,,0.01
2025-11-05 23:37:52,1.17.2,Bandit100,9,4.05,,20,0,100,Left,Right,310,257,333,13,,,0.11
2025-11-05 23:40:59,1.17.2,Bandit100,9,4.05,,20,0,100,Left,Right,311,257,333,13,,,0.09
2025-11-05 23:41:02,1.17.2,Bandit100,9,4.05,,20,0,100,RightinTimeout,Right,311,257,333,13,,,0.0
2025-11-05 23:41:13,1.17.2,Bandit100,9,4.05,,20,0,100,Right,Right,311,258,333,13,,,0.09
2025-11-05 23:41:15,1.17.2,Bandit100,9,4.05,1.0,20,0,100,Pellet,Right,311,258,334,13,0.95,2049.0,
2025-11-05 23:41:34,1.17.2,Bandit100,9,4.05,,20,0,100,Right,Right,311,259,334,14,,,0.13
2025-11-05 23:41:38,1.17.2,Bandit100,9,4.05,2.0,20,0,100,Pellet,Right,311,259,335,14,0.47,23.0,
2025-11-05 23:43:24,1.17.2,Bandit100,9,4.05,,20,0,100,Left,Right,312,259,335,15,,,0.05
2025-11-05 23:43:25,1.17.2,Bandit100,9,4.05,,20,0,100,LeftinTimeOut,Right,312,259,335,15,,,
2025-11-05 23:44:03,1.17.2,Bandit100,9,4.05,,20,0,100,Left,Right,313,259,335,15,,,0.06
2025-11-05 23:44:07,1.17.2,Bandit100,9,4.05,,20,0,100,RightinTimeout,Right,313,259,335,15,,,0.0
2025-11-05 23:55:16,1.17.2,Bandit100,9,4.05,,20,0,100,Left,Right,314,259,335,15,,,0.08
2025-11-06 00:04:24,1.17.2,Bandit100,9,4.05,,20,0,100,Left,Right,315,259,335,15,,,0.15
2025-11-06 00:06:52,1.17.2,Bandit100,9,4.05,,20,0,100,Left,Right,316,259,335,15,,,0.12
2025-11-06 00:12:24,1.17.2,Bandit100,9,4.05,,20,0,100,Right,Right,316,260,335,15,,,0.11
2025-11-06 00:12:26,1.17.2,Bandit100,9,4.05,1.0,20,0,100,Pellet,Right,316,260,336,15,1.07,1847.0,
2025-11-06 00:13:42,1.17.2,Bandit100,9,4.05,,20,0,100,Left,Right,317,260,336,16,,,0.09
2025-11-06 00:21:56,1.17.2,Bandit100,9,4.05,,20,0,100,Right,Right,317,261,336,16,,,0.08
2025-11-06 00:22:02,1.17.2,Bandit100,9,4.05,2.0,20,0,100,Pellet,Right,317,261,337,16,3.53,577.0,
2025-11-06 00:29:18,1.17.2,Bandit100,9,4.05,,20,0,100,Left,Right,318,261,337,17,,,0.24
2025-11-06 00:31:53,1.17.2,Bandit100,9,4.05,,20,0,100,Right,Right,318,262,337,17,,,0.16
2025-11-06 00:31:55,1.17.2,Bandit100,9,4.05,1.0,20,0,100,Pellet,Right,318,262,338,17,1.73,593.0,
2025-11-06 00:32:32,1.17.2,Bandit100,9,4.05,,20,0,100,Left,Right,319,262,338,18,,,0.12
2025-11-06 00:32:35,1.17.2,Bandit100,9,4.05,,20,0,100,RightinTimeout,Right,319,262,338,18,,,0.0
2025-11-06 00:32:37,1.17.2,Bandit100,9,4.05,,20,0,100,RightinTimeout,Right,319,262,338,18,,,0.0
2025-11-06 00:37:01,1.17.2,Bandit100,9,4.05,,20,0,100,Right,Right,319,263,338,18,,,0.1
2025-11-06 00:37:03,1.17.2,Bandit100,9,4.05,1.0,20,0,100,Pellet,Right,319,263,339,18,1.31,308.0,
2025-11-06 00:37:19,1.17.2,Bandit100,9,4.05,,20,0,100,Right,Right,319,264,339,19,,,0.09
2025-11-06 00:37:26,1.17.2,Bandit100,9,4.05,,20,0,100,RightDuringDispense,Right,319,264,339,19,,,0.2
2025-11-06 00:37:33,1.17.2,Bandit100,9,4.05,7.0,20,0,100,Pellet,Right,319,264,340,19,1.91,30.0,
2025-11-06 00:37:48,1.17.2,Bandit100,9,4.05,,20,100,0,Left,Left,320,264,340,0,,,0.03
2025-11-06 00:37:52,1.17.2,Bandit100,9,4.05,3.0,20,100,0,Pellet,Left,320,264,341,0,0.41,19.0,
2025-11-06 00:38:12,1.17.2,Bandit100,9,4.05,,20,100,0,Left,Left,321,264,341,1,,,0.1
2025-11-06 00:38:15,1.17.2,Bandit100,9,4.05,2.0,20,100,0,Pellet,Left,321,264,342,1,0.59,23.0,
2025-11-06 00:43:19,1.17.2,Bandit100,9,4.05,,20,100,0,Left,Left,322,264,342,2,,,0.15
2025-11-06 00:43:21,1.17.2,Bandit100,9,4.05,1.0,20,100,0,Pellet,Left,322,264,343,2,1.07,306.0,
2025-11-06 00:43:29,1.17.2,Bandit100,9,4.05,,20,100,0,Left,Left,323,264,343,3,,,0.11
2025-11-06 00:43:30,1.17.2,Bandit100,9,4.05,1.0,20,100,0,Pellet,Left,323,264,344,3,0.59,9.0,
2025-11-06 00:43:41,1.17.2,Bandit100,9,4.05,,20,100,0,Left,Left,324,264,344,4,,,0.13
2025-11-06 00:43:42,1.17.2,Bandit100,9,4.05,1.0,20,100,0,Pellet,Left,324,264,345,4,0.53,12.0,
2025-11-06 00:43:52,1.17.2,Bandit100,9,4.05,,20,100,0,Left,Left,325,264,345,5,,,0.27
2025-11-06 00:43:53,1.17.2,Bandit100,9,4.05,1.0,20,100,0,Pellet,Left,325,264,346,5,0.71,11.0,
2025-11-06 00:44:16,1.17.2,Bandit100,9,4.04,,20,100,0,Left,Left,326,264,346,6,,,0.1
2025-11-06 00:44:18,1.17.2,Bandit100,9,4.05,1.0,20,100,0,Pellet,Left,326,264,347,6,0.65,25.0,
2025-11-06 00:44:36,1.17.2,Bandit100,9,4.05,,20,100,0,Left,Left,327,264,347,7,,,0.04
2025-11-06 00:44:37,1.17.2,Bandit100,9,4.05,1.0,20,100,0,Pellet,Left,327,264,348,7,0.41,19.0,
2025-11-06 00:44:47,1.17.2,Bandit100,9,4.05,,20,100,0,Left,Left,328,264,348,8,,,0.04
2025-11-06 00:44:48,1.17.2,Bandit100,9,4.05,1.0,20,100,0,Pellet,Left,328,264,349,8,0.77,11.0,
2025-11-06 00:46:03,1.17.2,Bandit100,9,4.05,,20,100,0,Right,Left,328,265,349,9,,,0.11
2025-11-06 00:46:05,1.17.2,Bandit100,9,4.05,,20,100,0,RightinTimeout,Left,328,265,349,9,,,0.0
2025-11-06 00:50:42,1.17.2,Bandit100,9,4.05,,20,100,0,Right,Left,328,266,349,9,,,0.01
2025-11-06 00:52:56,1.17.2,Bandit100,9,4.05,,20,100,0,Left,Left,329,266,349,9,,,0.12
2025-11-06 00:52:58,1.17.2,Bandit100,9,4.05,1.0,20,100,0,Pellet,Left,329,266,350,9,0.71,490.0,
2025-11-06 00:53:08,1.17.2,Bandit100,9,4.05,,20,100,0,Left,Left,330,266,350,10,,,0.09
2025-11-06 00:53:10,1.17.2,Bandit100,9,4.05,1.0,20,100,0,Pellet,Left,330,266,351,10,0.95,12.0,
2025-11-06 00:53:25,1.17.2,Bandit100,9,4.05,,20,100,0,Left,Left,331,266,351,11,,,0.11
2025-11-06 00:53:26,1.17.2,Bandit100,9,4.05,1.0,20,100,0,Pellet,Left,331,266,352,11,0.35,16.0,
2025-11-06 00:59:00,1.17.2,Bandit100,9,4.05,,20,100,0,Left,Left,332,266,352,12,,,0.06
2025-11-06 00:59:02,1.17.2,Bandit100,9,4.05,1.0,20,100,0,Pellet,Left,332,266,353,12,0.95,336.0,
2025-11-06 01:11:32,1.17.2,Bandit100,9,4.05,,20,100,0,Left,Left,333,266,353,13,,,0.16
2025-11-06 01:11:35,1.17.2,Bandit100,9,4.05,1.0,20,100,0,Pellet,Left,333,266,354,13,1.67,753.0,
2025-11-06 01:11:41,1.17.2,Bandit100,9,4.05,,20,100,0,Left,Left,334,266,354,14,,,0.04
2025-11-06 01:11:43,1.17.2,Bandit100,9,4.05,1.0,20,100,0,Pellet,Left,334,266,355,14,1.43,8.0,
2025-11-06 01:11:54,1.17.2,Bandit100,9,4.05,,20,100,0,Left,Left,335,266,355,15,,,0.06
2025-11-06 01:11:56,1.17.2,Bandit100,9,4.05,1.0,20,100,0,Pellet,Left,335,266,356,15,1.31,13.0,
2025-11-06 01:12:03,1.17.2,Bandit100,9,4.05,,20,100,0,Left,Left,336,266,356,16,,,0.12
2025-11-06 01:12:07,1.17.2,Bandit100,9,4.05,2.0,20,100,0,Pellet,Left,336,266,357,16,0.89,11.0,
2025-11-06 01:12:19,1.17.2,Bandit100,9,4.05,,20,100,0,Left,Left,337,266,357,17,,,0.03
2025-11-06 01:12:22,1.17.2,Bandit100,9,4.05,2.0,20,100,0,Pellet,Left,337,266,358,17,0.77,15.0,
2025-11-06 01:12:43,1.17.2,Bandit100,9,4.05,,20,100,0,Left,Left,338,266,358,18,,,0.06
2025-11-06 01:12:44,1.17.2,Bandit100,9,4.05,1.0,20,100,0,Pellet,Left,338,266,359,18,0.47,22.0,
2025-11-06 01:12:58,1.17.2,Bandit100,9,4.05,,20,100,0,Left,Left,339,266,359,19,,,0.17
2025-11-06 01:13:00,1.17.2,Bandit100,9,4.05,1.0,20,100,0,Pellet,Left,339,266,360,19,0.47,16.0,
2025-11-06 01:13:15,1.17.2,Bandit100,9,4.05,,20,0,100,Left,Right,340,266,360,0,,,0.06
2025-11-06 01:17:37,1.17.2,Bandit100,9,4.05,,20,0,100,Left,Right,341,266,360,0,,,0.07
2025-11-06 01:17:38,1.17.2,Bandit100,9,4.05,,20,0,100,LeftinTimeOut,Right,341,266,360,0,,,
2025-11-06 01:43:40,1.17.2,Bandit100,9,4.05,,20,0,100,Right,Right,341,267,360,0,,,0.17
2025-11-06 01:43:44,1.17.2,Bandit100,9,4.05,2.0,20,0,100,Pellet,Right,341,267,361,0,1.43,1844.0,
2025-11-06 02:30:39,1.17.2,Bandit100,9,4.05,,20,0,100,Right,Right,341,268,361,1,,,0.0
2025-11-06 02:30:45,1.17.2,Bandit100,9,4.05,2.0,20,0,100,Pellet,Right,341,268,362,1,2.69,2820.0,
2025-11-06 02:31:13,1.17.2,Bandit100,9,4.05,,20,0,100,Right,Right,341,269,362,2,,,0.05
2025-11-06 02:31:18,1.17.2,Bandit100,9,4.05,2.0,20,0,100,Pellet,Right,341,269,363,2,2.57,34.0,
2025-11-06 02:32:37,1.17.2,Bandit100,9,4.05,,20,0,100,Right,Right,341,270,363,3,,,0.16
2025-11-06 02:32:40,1.17.2,Bandit100,9,4.05,1.0,20,0,100,Pellet,Right,341,270,364,3,2.39,82.0,
2025-11-06 02:32:55,1.17.2,Bandit100,9,4.05,,20,0,100,Right,Right,341,271,364,4,,,0.38
2025-11-06 02:32:58,1.17.2,Bandit100,9,4.05,1.0,20,0,100,Pellet,Right,341,271,365,4,2.03,18.0,
2025-11-06 03:15:52,1.17.2,Bandit100,9,4.04,,20,0,100,Right,Right,341,272,365,5,,,0.07
2025-11-06 03:15:56,1.17.2,Bandit100,9,4.04,2.0,20,0,100,Pellet,Right,341,272,366,5,0.77,2578.0,
2025-11-06 03:16:16,1.17.2,Bandit100,9,4.05,,20,0,100,Right,Right,341,273,366,6,,,0.17
2025-11-06 03:16:18,1.17.2,Bandit100,9,4.04,1.0,20,0,100,Pellet,Right,341,273,367,6,0.83,22.0,
2025-11-06 03:16:59,1.17.2,Bandit100,9,4.04,,20,0,100,Right,Right,341,274,367,7,,,0.25
2025-11-06 03:17:00,1.17.2,Bandit100,9,4.05,1.0,20,0,100,Pellet,Right,341,274,368,7,0.77,42.0,
2025-11-06 03:17:35,1.17.2,Bandit100,9,4.05,,20,0,100,Left,Right,342,274,368,8,,,0.17
2025-11-06 03:20:32,1.17.2,Bandit100,9,4.05,,20,0,100,Left,Right,343,274,368,8,,,0.15
2025-11-06 03:20:43,1.17.2,Bandit100,9,4.05,,20,0,100,Left,Right,344,274,368,8,,,0.14
2025-11-06 03:29:23,1.17.2,Bandit100,9,4.05,,20,0,100,Right,Right,344,275,368,8,,,0.43
2025-11-06 03:29:24,1.17.2,Bandit100,9,4.05,1.0,20,0,100,Pellet,Right,344,275,369,8,0.71,744.0,
2025-11-06 03:29:46,1.17.2,Bandit100,9,4.05,,20,0,100,Right,Right,344,276,369,9,,,0.11
2025-11-06 03:29:47,1.17.2,Bandit100,9,4.04,1.0,20,0,100,Pellet,Right,344,276,370,9,0.53,23.0,
2025-11-06 03:30:19,1.17.2,Bandit100,9,4.05,,20,0,100,Left,Right,345,276,370,10,,,0.0
2025-11-06 03:30:22,1.17.2,Bandit100,9,4.05,,20,0,100,LeftinTimeOut,Right,345,276,370,10,,,
2025-11-06 03:36:18,1.17.2,Bandit100,9,4.05,,20,0,100,Left,Right,346,276,370,10,,,0.07
2025-11-06 03:36:19,1.17.2,Bandit100,9,4.05,,20,0,100,LeftinTimeOut,Right,346,276,370,10,,,
2025-11-06 03:36:31,1.17.2,Bandit100,9,4.05,,20,0,100,Left,Right,347,276,370,10,,,0.08
2025-11-06 03:37:20,1.17.2,Bandit100,9,4.05,,20,0,100,Left,Right,348,276,370,10,,,0.11
2025-11-06 03:37:21,1.17.2,Bandit100,9,4.05,,20,0,100,LeftinTimeOut,Right,348,276,370,10,,,
2025-11-06 03:37:47,1.17.2,Bandit100,9,4.05,,20,0,100,Left,Right,349,276,370,10,,,0.04
2025-11-06 03:37:48,1.17.2,Bandit100,9,4.05,,20,0,100,LeftinTimeOut,Right,349,276,370,10,,,
2025-11-06 03:39:11,1.17.2,Bandit100,9,4.04,,20,0,100,Left,Right,350,276,370,10,,,0.07
2025-11-06 03:39:46,1.17.2,Bandit100,9,4.05,,20,0,100,Left,Right,351,276,370,10,,,0.08
2025-11-06 03:43:58,1.17.2,Bandit100,9,4.04,,20,0,100,Right,Right,351,277,370,10,,,0.13
2025-11-06 03:44:01,1.17.2,Bandit100,9,4.04,1.0,20,0,100,Pellet,Right,351,277,371,10,1.97,854.0,
2025-11-06 03:44:27,1.17.2,Bandit100,9,4.05,,20,0,100,Right,Right,351,278,371,11,,,0.09
2025-11-06 03:44:28,1.17.2,Bandit100,9,4.05,1.0,20,0,100,Pellet,Right,351,278,372,11,0.59,27.0,
2025-11-06 03:45:11,1.17.2,Bandit100,9,4.05,,20,0,100,Right,Right,351,279,372,12,,,0.06
2025-11-06 03:45:14,1.17.2,Bandit100,9,4.05,2.0,20,0,100,Pellet,Right,351,279,373,12,0.65,46.0,
2025-11-06 03:45:43,1.17.2,Bandit100,9,4.05,,20,0,100,Right,Right,351,280,373,13,,,0.12
2025-11-06 03:45:44,1.17.2,Bandit100,9,4.04,1.0,20,0,100,Pellet,Right,351,280,374,13,1.13,30.0,
2025-11-06 03:45:56,1.17.2,Bandit100,9,4.05,,20,0,100,Right,Right,351,281,374,14,,,0.03
2025-11-06 03:45:57,1.17.2,Bandit100,9,4.05,1.0,20,0,100,Pellet,Right,351,281,375,14,0.53,13.0,
2025-11-06 03:46:10,1.17.2,Bandit100,9,4.04,,20,0,100,Right,Right,351,282,375,15,,,0.02
2025-11-06 03:46:11,1.17.2,Bandit100,9,4.05,1.0,20,0,100,Pellet,Right,351,282,376,15,0.89,14.0,
2025-11-06 03:48:39,1.17.2,Bandit100,9,4.05,,20,0,100,Right,Right,351,283,376,16,,,0.09
2025-11-06 03:48:40,1.17.2,Bandit100,9,4.05,1.0,20,0,100,Pellet,Right,351,283,377,16,1.19,149.0,
2025-11-06 03:48:57,1.17.2,Bandit100,9,4.05,,20,0,100,Right,Right,351,284,377,17,,,0.17
2025-11-06 03:48:59,1.17.2,Bandit100,9,4.05,1.0,20,0,100,Pellet,Right,351,284,378,17,0.53,19.0,
2025-11-06 03:49:11,1.17.2,Bandit100,9,4.05,,20,0,100,Right,Right,351,285,378,18,,,0.0
2025-11-06 03:49:12,1.17.2,Bandit100,9,4.05,1.0,20,0,100,Pellet,Right,351,285,379,18,0.65,13.0,
2025-11-06 03:52:04,1.17.2,Bandit100,9,4.04,,20,0,100,Left,Right,352,285,379,19,,,0.06
2025-11-06 03:56:40,1.17.2,Bandit100,9,4.04,,20,0,100,Right,Right,352,286,379,19,,,0.09
2025-11-06 03:56:43,1.17.2,Bandit100,9,4.04,2.0,20,0,100,Pellet,Right,352,286,380,19,0.41,451.0,
2025-11-06 03:57:11,1.17.2,Bandit100,9,4.04,,20,100,0,Right,Left,352,287,380,0,,,0.1
2025-11-06 03:57:12,1.17.2,Bandit100,9,4.04,,20,100,0,RightinTimeout,Left,352,287,380,0,,,0.0
2025-11-06 04:05:01,1.17.2,Bandit100,9,4.05,,20,100,0,Right,Left,352,288,380,0,,,0.03
2025-11-06 04:06:48,1.17.2,Bandit100,9,4.05,,20,100,0,Left,Left,353,288,380,0,,,0.2
2025-11-06 04:06:49,1.17.2,Bandit100,9,4.05,1.0,20,100,0,Pellet,Left,353,288,381,0,0.41,606.0,
2025-11-06 04:07:06,1.17.2,Bandit100,9,4.04,,20,100,0,Left,Left,354,288,381,1,,,0.14
2025-11-06 04:07:08,1.17.2,Bandit100,9,4.05,1.0,20,100,0,Pellet,Left,354,288,382,1,1.31,19.0,
2025-11-06 04:07:48,1.17.2,Bandit100,9,4.05,,20,100,0,Right,Left,354,289,382,2,,,0.02
2025-11-06 04:07:50,1.17.2,Bandit100,9,4.04,,20,100,0,RightinTimeout,Left,354,289,382,2,,,0.0
2025-11-06 04:07:51,1.17.2,Bandit100,9,4.05,,20,100,0,RightinTimeout,Left,354,289,382,2,,,0.0
2025-11-06 04:11:38,1.17.2,Bandit100,9,4.05,,20,100,0,Left,Left,355,289,382,2,,,0.03
2025-11-06 04:11:39,1.17.2,Bandit100,9,4.04,1.0,20,100,0,Pellet,Left,355,289,383,2,0.65,271.0,
2025-11-06 04:11:52,1.17.2,Bandit100,9,4.04,,20,100,0,Left,Left,356,289,383,3,,,0.09
2025-11-06 04:11:53,1.17.2,Bandit100,9,4.05,1.0,20,100,0,Pellet,Left,356,289,384,3,0.83,14.0,
2025-11-06 04:12:15,1.17.2,Bandit100,9,4.04,,20,100,0,Left,Left,357,289,384,4,,,0.2
2025-11-06 04:12:17,1.17.2,Bandit100,9,4.04,2.0,20,100,0,Pellet,Left,357,289,385,4,0.35,23.0,
2025-11-06 04:17:45,1.17.2,Bandit100,9,4.05,,20,100,0,Right,Left,357,290,385,5,,,0.02
2025-11-06 04:23:28,1.17.2,Bandit100,9,4.05,,20,100,0,Right,Left,357,291,385,5,,,0.06
2025-11-06 04:23:29,1.17.2,Bandit100,9,4.05,,20,100,0,RightinTimeout,Left,357,291,385,5,,,0.0
2025-11-06 04:23:30,1.17.2,Bandit100,9,4.05,,20,100,0,RightinTimeout,Left,357,291,385,5,,,0.0
2025-11-06 04:27:18,1.17.2,Bandit100,9,4.05,,20,100,0,Left,Left,358,291,385,5,,,0.04
2025-11-06 04:27:20,1.17.2,Bandit100,9,4.05,1.0,20,100,0,Pellet,Left,358,291,386,5,0.59,904.0,
2025-11-06 04:27:38,1.17.2,Bandit100,9,4.04,,20,100,0,Left,Left,359,291,386,6,,,0.09
2025-11-06 04:27:39,1.17.2,Bandit100,9,4.05,1.0,20,100,0,Pellet,Left,359,291,387,6,0.83,19.0,
2025-11-06 04:27:49,1.17.2,Bandit100,9,4.04,,20,100,0,Left,Left,360,291,387,7,,,0.14
2025-11-06 04:27:50,1.17.2,Bandit100,9,4.04,1.0,20,100,0,Pellet,Left,360,291,388,7,0.53,11.0,
2025-11-06 04:28:08,1.17.2,Bandit100,9,4.05,,20,100,0,Left,Left,361,291,388,8,,,0.03
2025-11-06 04:28:09,1.17.2,Bandit100,9,4.05,1.0,20,100,0,Pellet,Left,361,291,389,8,0.53,19.0,
2025-11-06 04:28:22,1.17.2,Bandit100,9,4.05,,20,100,0,Left,Left,362,291,389,9,,,0.06
2025-11-06 04:28:23,1.17.2,Bandit100,9,4.05,1.0,20,100,0,Pellet,Left,362,291,390,9,0.65,14.0,
2025-11-06 04:28:41,1.17.2,Bandit100,9,4.04,,20,100,0,Left,Left,363,291,390,10,,,0.11
2025-11-06 04:28:42,1.17.2,Bandit100,9,4.04,1.0,20,100,0,Pellet,Left,363,291,391,10,0.83,19.0,
2025-11-06 04:29:02,1.17.2,Bandit100,9,4.05,,20,100,0,Left,Left,364,291,391,11,,,0.06
2025-11-06 04:29:03,1.17.2,Bandit100,9,4.04,1.0,20,100,0,Pellet,Left,364,291,392,11,0.41,21.0,
2025-11-06 04:29:15,1.17.2,Bandit100,9,4.04,,20,100,0,Left,Left,365,291,392,12,,,0.04
2025-11-06 04:29:16,1.17.2,Bandit100,9,4.05,1.0,20,100,0,Pellet,Left,365,291,393,12,0.77,13.0,
2025-11-06 04:33:11,1.17.2,Bandit100,9,4.05,,20,100,0,Right,Left,365,292,393,13,,,0.0
2025-11-06 04:39:47,1.17.2,Bandit100,9,4.05,,20,100,0,Right,Left,365,293,393,13,,,0.22
2025-11-06 04:55:09,1.17.2,Bandit100,9,4.05,,20,100,0,Right,Left,365,294,393,13,,,0.23
2025-11-06 05:13:58,1.17.2,Bandit100,9,4.04,,20,100,0,Right,Left,365,295,393,13,,,0.48
2025-11-06 05:14:01,1.17.2,Bandit100,9,4.04,,20,100,0,RightinTimeout,Left,365,295,393,13,,,0.0
2025-11-06 05:14:02,1.17.2,Bandit100,9,4.04,,20,100,0,RightinTimeout,Left,365,295,393,13,,,0.0
2025-11-06 05:14:02,1.17.2,Bandit100,9,4.04,,20,100,0,RightinTimeout,Left,365,295,393,13,,,0.0
2025-11-06 05:14:03,1.17.2,Bandit100,9,4.04,,20,100,0,RightinTimeout,Left,365,295,393,13,,,0.0
2025-11-06 05:14:04,1.17.2,Bandit100,9,4.04,,20,100,0,RightinTimeout,Left,365,295,393,13,,,0.0
2025-11-06 05:14:04,1.17.2,Bandit100,9,4.04,,20,100,0,RightinTimeout,Left,365,295,393,13,,,0.0
2025-11-06 05:14:05,1.17.2,Bandit100,9,4.04,,20,100,0,RightinTimeout,Left,365,295,393,13,,,0.0
2025-11-06 05:14:06,1.17.2,Bandit100,9,4.05,,20,100,0,RightinTimeout,Left,365,295,393,13,,,0.0
2025-11-06 05:25:55,1.17.2,Bandit100,9,4.05,,20,100,0,Left,Left,366,295,393,13,,,0.17
2025-11-06 05:25:56,1.17.2,Bandit100,9,4.04,1.0,20,100,0,Pellet,Left,366,295,394,13,0.47,3400.0,
2025-11-06 05:26:09,1.17.2,Bandit100,9,4.04,,20,100,0,Left,Left,367,295,394,14,,,0.14
2025-11-06 05:26:11,1.17.2,Bandit100,9,4.05,1.0,20,100,0,Pellet,Left,367,295,395,14,0.95,15.0,
2025-11-06 05:27:29,1.17.2,Bandit100,9,4.04,,20,100,0,Right,Left,367,296,395,15,,,0.15
2025-11-06 05:27:30,1.17.2,Bandit100,9,4.05,,20,100,0,RightinTimeout,Left,367,296,395,15,,,0.0
2025-11-06 05:28:25,1.17.2,Bandit100,9,4.04,,20,100,0,Left,Left,368,296,395,15,,,0.2
2025-11-06 05:28:27,1.17.2,Bandit100,9,4.04,1.0,20,100,0,Pellet,Left,368,296,396,15,1.01,136.0,
2025-11-06 05:28:34,1.17.2,Bandit100,9,4.05,,20,100,0,Left,Left,369,296,396,16,,,0.15
2025-11-06 05:28:35,1.17.2,Bandit100,9,4.05,1.0,20,100,0,Pellet,Left,369,296,397,16,0.47,8.0,
2025-11-06 05:28:53,1.17.2,Bandit100,9,4.05,,20,100,0,Left,Left,370,296,397,17,,,0.22
2025-11-06 05:28:54,1.17.2,Bandit100,9,4.04,1.0,20,100,0,Pellet,Left,370,296,398,17,0.35,19.0,
2025-11-06 05:29:05,1.17.2,Bandit100,9,4.04,,20,100,0,Left,Left,371,296,398,18,,,0.09
2025-11-06 05:29:07,1.17.2,Bandit100,9,4.04,,20,100,0,LeftWithPellet,Left,371,296,398,18,,,0.05
2025-11-06 05:29:07,1.17.2,Bandit100,9,4.05,1.0,20,100,0,Pellet,Left,371,296,399,18,0.23,13.0,
2025-11-06 05:29:20,1.17.2,Bandit100,9,4.05,,20,100,0,Left,Left,372,296,399,19,,,0.09
2025-11-06 05:29:21,1.17.2,Bandit100,9,4.04,1.0,20,100,0,Pellet,Left,372,296,400,19,0.53,14.0,
2025-11-06 05:31:40,1.17.2,Bandit100,9,4.04,,20,0,100,Left,Right,373,296,400,0,,,0.2
2025-11-06 05:32:58,1.17.2,Bandit100,9,4.04,,20,0,100,Left,Right,374,296,400,0,,,0.15
2025-11-06 05:36:23,1.17.2,Bandit100,9,4.04,,20,0,100,Right,Right,374,297,400,0,,,0.22
2025-11-06 05:36:25,1.17.2,Bandit100,9,4.04,1.0,20,0,100,Pellet,Right,374,297,401,0,1.79,424.0,
2025-11-06 05:36:52,1.17.2,Bandit100,9,4.05,,20,0,100,Right,Right,374,298,401,1,,,0.02
2025-11-06 05:36:54,1.17.2,Bandit100,9,4.04,1.0,20,0,100,Pellet,Right,374,298,402,1,1.19,29.0,
2025-11-06 05:37:10,1.17.2,Bandit100,9,4.05,,20,0,100,Right,Right,374,299,402,2,,,0.11
2025-11-06 05:37:12,1.17.2,Bandit100,9,4.04,1.0,20,0,100,Pellet,Right,374,299,403,2,0.65,18.0,
2025-11-06 05:37:44,1.17.2,Bandit100,9,4.04,,20,0,100,Right,Right,374,300,403,3,,,0.03
2025-11-06 05:37:45,1.17.2,Bandit100,9,4.05,1.0,20,0,100,Pellet,Right,374,300,404,3,0.71,33.0,
2025-11-06 05:37:56,1.17.2,Bandit100,9,4.05,,20,0,100,Right,Right,374,301,404,4,,,0.06
2025-11-06 05:37:59,1.17.2,Bandit100,9,4.04,1.0,20,0,100,Pellet,Right,374,301,405,4,2.33,14.0,
2025-11-06 05:38:19,1.17.2,Bandit100,9,4.04,,20,0,100,Right,Right,374,302,405,5,,,0.09
2025-11-06 05:38:21,1.17.2,Bandit100,9,4.05,1.0,20,0,100,Pellet,Right,374,302,406,5,1.07,22.0,
2025-11-06 05:43:29,1.17.2,Bandit100,9,4.04,,20,0,100,Left,Right,375,302,406,6,,,0.02
2025-11-06 05:52:45,1.17.2,Bandit100,9,4.05,,20,0,100,Right,Right,375,303,406,6,,,0.24
2025-11-06 05:52:47,1.17.2,Bandit100,9,4.05,,20,0,100,RightWithPellet,Right,375,304,406,6,,,0.02
2025-11-06 05:52:53,1.17.2,Bandit100,9,4.04,,20,0,100,RightWithPellet,Right,375,305,406,6,,,0.19
2025-11-06 05:52:54,1.17.2,Bandit100,9,4.04,,20,0,100,RightWithPellet,Right,375,306,406,6,,,0.17
2025-11-06 05:52:55,1.17.2,Bandit100,9,4.04,,20,0,100,RightWithPellet,Right,375,307,406,6,,,0.22
2025-11-06 05:52:58,1.17.2,Bandit100,9,4.03,1.0,20,0,100,Pellet,Right,375,307,407,6,11.65,877.0,
2025-11-06 07:00:46,1.17.2,Bandit100,9,4.03,,20,0,100,Right,Right,375,308,407,7,,,0.21
2025-11-06 07:00:48,1.17.2,Bandit100,9,4.03,1.0,20,0,100,Pellet,Right,375,308,408,7,0.89,4070.0,
2025-11-06 07:01:03,1.17.2,Bandit100,9,4.05,,20,0,100,Right,Right,375,309,408,8,,,0.24
2025-11-06 07:01:05,1.17.2,Bandit100,9,4.04,1.0,20,0,100,Pellet,Right,375,309,409,8,1.07,17.0,
2025-11-06 07:01:27,1.17.2,Bandit100,9,4.04,,20,0,100,Right,Right,375,310,409,9,,,0.2
2025-11-06 07:01:28,1.17.2,Bandit100,9,4.04,1.0,20,0,100,Pellet,Right,375,310,410,9,0.65,23.0,
2025-11-06 07:03:42,1.17.2,Bandit100,9,4.04,,20,0,100,Right,Right,375,311,410,10,,,0.07
2025-11-06 07:03:43,1.17.2,Bandit100,9,4.05,1.0,20,0,100,Pellet,Right,375,311,411,10,0.59,135.0,
2025-11-06 07:04:04,1.17.2,Bandit100,9,4.05,,20,0,100,Right,Right,375,312,411,11,,,0.08
2025-11-06 07:04:06,1.17.2,Bandit100,9,4.04,1.0,20,0,100,Pellet,Right,375,312,412,11,1.19,23.0,
2025-11-06 07:10:00,1.17.2,Bandit100,9,4.05,,20,0,100,Left,Right,376,312,412,12,,,0.05
2025-11-06 07:10:00,1.17.2,Bandit100,9,4.05,,20,0,100,LeftinTimeOut,Right,376,312,412,12,,,
2025-11-06 08:32:18,1.17.2,Bandit100,9,4.04,,20,0,100,Right,Right,376,313,412,12,,,0.0
2025-11-06 08:32:20,1.17.2,Bandit100,9,4.04,,20,0,100,RightWithPellet,Right,376,314,412,12,,,0.28
2025-11-06 08:32:22,1.17.2,Bandit100,9,4.04,,20,0,100,RightWithPellet,Right,376,315,412,12,,,0.16
2025-11-06 08:32:25,1.17.2,Bandit100,9,4.04,,20,0,100,RightWithPellet,Right,376,316,412,12,,,0.32
2025-11-06 08:32:32,1.17.2,Bandit100,9,4.04,1.0,20,0,100,Pellet,Right,376,316,413,12,14.01,5306.0,
2025-11-06 10:33:41,1.17.2,Bandit100,9,4.04,,20,0,100,Left,Right,377,316,413,13,,,0.05
2025-11-06 10:42:43,1.17.2,Bandit100,9,4.04,,20,0,100,Left,Right,378,316,413,13,,,0.01
2025-11-06 11:00:37,1.17.2,Bandit100,9,4.04,,20,0,100,Right,Right,378,317,413,13,,,1.94
2025-11-06 11:01:00,1.17.2,Bandit100,9,4.03,,20,0,100,RightWithPellet,Right,378,318,413,13,,,0.71
2025-11-06 11:01:02,1.17.2,Bandit100,9,4.03,,20,0,100,RightWithPellet,Right,378,319,413,13,,,0.47
2025-11-06 11:01:04,1.17.2,Bandit100,9,4.03,,20,0,100,RightWithPellet,Right,378,320,413,13,,,0.15
2025-11-06 11:15:22,1.17.2,Bandit100,9,4.04,,20,0,100,RightWithPellet,Right,378,320,413,13,,,3.65
2025-11-06 11:37:34,1.17.2,Bandit100,9,4.03,,20,0,100,RightWithPellet,Right,378,320,413,13,,,0.08
2025-11-06 11:45:30,1.17.2,Bandit100,9,4.03,,20,0,100,RightWithPellet,Right,378,320,413,13,,,0.82
2025-11-06 12:12:23,1.17.2,Bandit100,9,4.04,,20,0,100,RightWithPellet,Right,378,320,413,13,,,0.44
2025-11-06 12:12:25,1.17.2,Bandit100,9,4.04,,20,0,100,RightWithPellet,Right,378,320,413,13,,,1.01
2025-11-06 12:12:28,1.17.2,Bandit100,9,4.04,,20,0,100,RightWithPellet,Right,378,320,413,13,,,0.09
2025-11-06 12:12:34,1.17.2,Bandit100,9,4.03,,20,0,100,RightWithPellet,Right,378,320,413,13,,,0.18
2025-11-06 12:17:32,1.17.2,Bandit100,9,4.03,,20,0,100,RightWithPellet,Right,378,320,413,13,,,0.13
2025-11-06 12:18:08,1.17.2,Bandit100,9,4.04,,20,0,100,RightWithPellet,Right,378,320,413,13,,,3.63
2025-11-06 12:22:26,1.17.2,Bandit100,9,4.03,,20,0,100,RightWithPellet,Right,378,320,413,13,,,0.8
2025-11-06 12:22:27,1.17.2,Bandit100,9,4.03,,20,0,100,RightWithPellet,Right,378,320,413,13,,,0.28
2025-11-06 12:23:00,1.17.2,Bandit100,9,4.03,,20,0,100,RightWithPellet,Right,378,320,413,13,,,27.48
2025-11-06 12:26:25,1.17.2,Bandit100,9,4.03,,20,0,100,RightWithPellet,Right,378,320,413,13,,,0.3
2025-11-06 12:29:41,1.17.2,Bandit100,9,4.03,,20,0,100,RightWithPellet,Right,378,320,413,13,,,0.14
2025-11-06 12:32:02,1.17.2,Bandit100,9,4.03,,20,0,100,RightWithPellet,Right,378,320,413,13,,,131.28
2025-11-06 12:33:45,1.17.2,Bandit100,9,4.03,,20,0,100,RightWithPellet,Right,378,320,413,13,,,19.08
2025-11-06 12:43:52,1.17.2,Bandit100,9,4.03,,20,0,100,LeftWithPellet,Right,378,320,413,13,,,0.02
2025-11-06 12:43:54,1.17.2,Bandit100,9,4.03,,20,0,100,LeftWithPellet,Right,378,320,413,13,,,0.8
2025-11-06 12:44:33,1.17.2,Bandit100,9,4.03,1.0,20,0,100,Pellet,Right,378,320,414,13,,15121.0,
2025-11-06 12:46:53,1.17.2,Bandit100,9,4.03,,20,0,100,Right,Right,378,321,414,14,,,0.15
2025-11-06 12:46:58,1.17.2,Bandit100,9,4.03,1.0,20,0,100,Pellet,Right,378,321,415,14,3.71,145.0,
2025-11-06 12:47:30,1.17.2,Bandit100,9,4.03,,20,0,100,Right,Right,378,322,415,15,,,0.14
2025-11-06 12:47:33,1.17.2,Bandit100,9,4.03,1.0,20,0,100,Pellet,Right,378,322,416,15,1.37,35.0,
2025-11-06 13:12:06,1.17.2,Bandit100,9,4.03,,20,0,100,Left,Right,379,322,416,16,,,0.33
2025-11-06 13:15:26,1.17.2,Bandit100,9,4.03,,20,0,100,Left,Right,380,322,416,16,,,0.19
2025-11-06 15:05:31,1.17.2,Bandit100,9,4.03,,20,0,100,Right,Right,380,323,416,16,,,0.24
2025-11-06 15:05:32,1.17.2,Bandit100,9,4.04,1.0,20,0,100,Pellet,Right,380,323,417,16,0.65,8279.0,
2025-11-06 15:06:58,1.17.2,Bandit100,9,4.03,,20,0,100,Right,Right,380,324,417,17,,,0.02
2025-11-06 15:06:59,1.17.2,Bandit100,9,4.03,1.0,20,0,100,Pellet,Right,380,324,418,17,0.47,87.0,
2025-11-06 15:07:44,1.17.2,Bandit100,9,4.03,,20,0,100,Left,Right,381,324,418,18,,,0.65
