MM:DD:YYYY hh:mm:ss,Library_Version,Session_type,Device_Number,Battery_Voltage,Motor_Turns,PelletsToSwitch,Prob_left,Prob_right,Event,High_prob_poke,Left_Poke_Count,Right_Poke_Count,Pellet_Count,Block_Pellet_Count,Retrieval_Time,InterPelletInterval,Poke_Time
11/3/2025 18:21:57,1.17.2,Bandit100,14,4.07,nan,20,0,100,Right,Right,0,1,0,0,nan,nan,0.35
11/3/2025 18:24:03,1.17.2,Bandit100,14,4.07,3,20,0,100,Pellet,Right,0,1,1,0,Timed_out,nan,nan
11/3/2025 18:41:06,1.17.2,Bandit100,14,4.07,nan,20,0,100,Right,Right,0,2,1,1,nan,nan,0.02
11/3/2025 18:41:06,1.17.2,Bandit100,14,4.07,nan,20,0,100,RightDuringDispense,Right,0,2,1,1,nan,nan,0.00
11/3/2025 18:41:07,1.17.2,Bandit100,14,4.07,nan,20,0,100,RightDuringDispense,Right,0,2,1,1,nan,nan,0.12
11/3/2025 18:41:07,1.17.2,Bandit100,14,4.07,nan,20,0,100,RightDuringDispense,Right,0,2,1,1,nan,nan,0.01
11/3/2025 18:41:08,1.17.2,Bandit100,14,4.07,nan,20,0,100,RightDuringDispense,Right,0,2,1,1,nan,nan,0.56
11/3/2025 18:43:48,1.17.2,Bandit100,14,4.07,3,20,0,100,Pellet,Right,0,2,2,1,Timed_out,1185,nan
11/3/2025 18:44:12,1.17.2,Bandit100,14,4.07,nan,20,0,100,Left,Right,1,2,2,2,nan,nan,0.64
11/3/2025 18:44:12,1.17.2,Bandit100,14,4.07,nan,20,0,100,LeftinTimeOut,Right,1,2,2,2,nan,nan,nan
11/3/2025 18:45:33,1.17.2,Bandit100,14,4.07,nan,20,0,100,Right,Right,1,3,2,2,nan,nan,0.05
11/3/2025 18:45:33,1.17.2,Bandit100,14,4.07,nan,20,0,100,RightDuringDispense,Right,1,3,2,2,nan,nan,0.02
11/3/2025 18:45:39,1.17.2,Bandit100,14,4.07,2,20,0,100,Pellet,Right,1,3,3,2,3.04,111,nan
11/3/2025 19:09:07,1.17.2,Bandit100,14,4.07,nan,20,0,100,Left,Right,2,3,3,3,nan,nan,0.01
11/3/2025 19:09:07,1.17.2,Bandit100,14,4.07,nan,20,0,100,LeftinTimeOut,Right,2,3,3,3,nan,nan,nan
11/3/2025 20:43:31,1.17.2,Bandit100,14,4.07,nan,20,0,100,Left,Right,3,3,3,3,nan,nan,0.13
11/3/2025 21:31:54,1.17.2,Bandit100,14,4.07,nan,20,0,100,Left,Right,4,3,3,3,nan,nan,0.27
11/3/2025 22:07:14,1.17.2,Bandit100,14,4.07,nan,20,0,100,Right,Right,4,4,3,3,nan,nan,0.00
11/3/2025 22:07:36,1.17.2,Bandit100,14,4.07,1,20,0,100,Pellet,Right,4,4,4,3,21.21,12117,nan
11/3/2025 22:08:37,1.17.2,Bandit100,14,4.06,nan,20,0,100,Left,Right,5,4,4,4,nan,nan,0.34
11/3/2025 22:08:38,1.17.2,Bandit100,14,4.06,nan,20,0,100,LeftinTimeOut,Right,5,4,4,4,nan,nan,nan
11/3/2025 22:09:11,1.17.2,Bandit100,14,4.06,nan,20,0,100,Right,Right,5,5,4,4,nan,nan,0.03
11/3/2025 22:09:18,1.17.2,Bandit100,14,4.06,1,20,0,100,Pellet,Right,5,5,5,4,6.22,102,nan
11/3/2025 22:09:50,1.17.2,Bandit100,14,4.07,nan,20,0,100,Right,Right,5,6,5,5,nan,nan,0.01
11/3/2025 22:10:27,1.17.2,Bandit100,14,4.06,1,20,0,100,Pellet,Right,5,6,6,5,36.49,69,nan
11/3/2025 22:13:32,1.17.2,Bandit100,14,4.06,nan,20,0,100,Right,Right,5,7,6,6,nan,nan,0.70
11/3/2025 22:13:45,1.17.2,Bandit100,14,4.06,1,20,0,100,Pellet,Right,5,7,7,6,12.33,198,nan
11/3/2025 22:14:36,1.17.2,Bandit100,14,4.07,nan,20,0,100,Right,Right,5,8,7,7,nan,nan,0.02
11/3/2025 22:14:42,1.17.2,Bandit100,14,4.06,1,20,0,100,Pellet,Right,5,8,8,7,4.72,57,nan
11/3/2025 22:15:10,1.17.2,Bandit100,14,4.06,nan,20,0,100,Right,Right,5,9,8,8,nan,nan,0.08
11/3/2025 22:15:29,1.17.2,Bandit100,14,4.06,1,20,0,100,Pellet,Right,5,9,9,8,18.57,47,nan
11/3/2025 22:16:42,1.17.2,Bandit100,14,4.06,nan,20,0,100,Left,Right,6,9,9,9,nan,nan,0.10
11/3/2025 22:19:53,1.17.2,Bandit100,14,4.06,nan,20,0,100,Left,Right,7,9,9,9,nan,nan,0.00
11/3/2025 22:22:14,1.17.2,Bandit100,14,4.06,nan,20,0,100,Left,Right,8,9,9,9,nan,nan,0.18
11/3/2025 22:23:07,1.17.2,Bandit100,14,4.07,nan,20,0,100,Right,Right,8,10,9,9,nan,nan,0.00
11/3/2025 22:24:02,1.17.2,Bandit100,14,4.06,1,20,0,100,Pellet,Right,8,10,10,9,54.94,513,nan
11/3/2025 22:36:16,1.17.2,Bandit100,14,4.04,nan,20,0,100,Left,Right,9,10,10,10,nan,nan,0.73
11/3/2025 22:37:00,1.17.2,Bandit100,14,4.06,nan,20,0,100,Left,Right,10,10,10,10,nan,nan,0.57
11/3/2025 22:38:38,1.17.2,Bandit100,14,4.06,nan,20,0,100,Left,Right,11,10,10,10,nan,nan,0.14
11/3/2025 22:42:02,1.17.2,Bandit100,14,4.06,nan,20,0,100,Left,Right,12,10,10,10,nan,nan,0.06
11/3/2025 22:42:03,1.17.2,Bandit100,14,4.06,nan,20,0,100,LeftinTimeOut,Right,12,10,10,10,nan,nan,nan
11/3/2025 22:44:08,1.17.2,Bandit100,14,4.06,nan,20,0,100,Left,Right,13,10,10,10,nan,nan,0.31
11/3/2025 22:44:39,1.17.2,Bandit100,14,4.06,nan,20,0,100,Left,Right,14,10,10,10,nan,nan,0.21
11/3/2025 22:53:28,1.17.2,Bandit100,14,4.06,nan,20,0,100,Left,Right,15,10,10,10,nan,nan,0.15
11/3/2025 22:53:29,1.17.2,Bandit100,14,4.06,nan,20,0,100,LeftinTimeOut,Right,15,10,10,10,nan,nan,nan
11/3/2025 23:12:48,1.17.2,Bandit100,14,4.06,nan,20,0,100,Left,Right,16,10,10,10,nan,nan,0.03
11/3/2025 23:13:55,1.17.2,Bandit100,14,4.06,nan,20,0,100,Right,Right,16,11,10,10,nan,nan,0.81
11/3/2025 23:13:56,1.17.2,Bandit100,14,4.05,nan,20,0,100,RightDuringDispense,Right,16,11,10,10,nan,nan,0.27
11/3/2025 23:14:03,1.17.2,Bandit100,14,4.05,2,20,0,100,Pellet,Right,16,11,11,10,4.60,3001,nan
11/3/2025 23:14:31,1.17.2,Bandit100,14,4.06,nan,20,0,100,Right,Right,16,12,11,11,nan,nan,0.23
11/3/2025 23:14:39,1.17.2,Bandit100,14,4.06,1,20,0,100,Pellet,Right,16,12,12,11,6.34,35,nan
11/3/2025 23:16:22,1.17.2,Bandit100,14,4.06,nan,20,0,100,Right,Right,16,13,12,12,nan,nan,0.17
11/3/2025 23:16:26,1.17.2,Bandit100,14,4.06,1,20,0,100,Pellet,Right,16,13,13,12,2.87,108,nan
11/3/2025 23:17:08,1.17.2,Bandit100,14,4.05,nan,20,0,100,Left,Right,17,13,13,13,nan,nan,0.34
11/3/2025 23:18:50,1.17.2,Bandit100,14,4.06,nan,20,0,100,Left,Right,18,13,13,13,nan,nan,0.03
11/3/2025 23:18:50,1.17.2,Bandit100,14,4.06,nan,20,0,100,LeftinTimeOut,Right,18,13,13,13,nan,nan,nan
11/3/2025 23:21:25,1.17.2,Bandit100,14,4.06,nan,20,0,100,Right,Right,18,14,13,13,nan,nan,0.83
11/3/2025 23:21:30,1.17.2,Bandit100,14,4.06,1,20,0,100,Pellet,Right,18,14,14,13,3.64,304,nan
11/3/2025 23:22:50,1.17.2,Bandit100,14,4.06,nan,20,0,100,Right,Right,18,15,14,14,nan,nan,0.02
11/3/2025 23:22:54,1.17.2,Bandit100,14,4.06,1,20,0,100,Pellet,Right,18,15,15,14,3.23,84,nan
11/3/2025 23:41:54,1.17.2,Bandit100,14,4.06,nan,20,0,100,Right,Right,18,16,15,15,nan,nan,0.00
11/3/2025 23:41:54,1.17.2,Bandit100,14,4.06,nan,20,0,100,RightDuringDispense,Right,18,16,15,15,nan,nan,0.09
11/3/2025 23:42:02,1.17.2,Bandit100,14,4.05,2,20,0,100,Pellet,Right,18,16,16,15,4.72,1148,nan
11/3/2025 23:43:36,1.17.2,Bandit100,14,4.06,nan,20,0,100,Right,Right,18,17,16,16,nan,nan,0.02
11/3/2025 23:43:41,1.17.2,Bandit100,14,4.06,1,20,0,100,Pellet,Right,18,17,17,16,4.66,99,nan
11/3/2025 23:48:41,1.17.2,Bandit100,14,4.06,nan,20,0,100,Left,Right,19,17,17,17,nan,nan,0.34
11/3/2025 23:51:10,1.17.2,Bandit100,14,4.06,nan,20,0,100,Left,Right,20,17,17,17,nan,nan,0.26
11/3/2025 23:51:56,1.17.2,Bandit100,14,4.06,nan,20,0,100,Left,Right,21,17,17,17,nan,nan,0.05
11/3/2025 23:52:10,1.17.2,Bandit100,14,4.06,nan,20,0,100,Right,Right,21,18,17,17,nan,nan,0.40
11/3/2025 23:52:11,1.17.2,Bandit100,14,4.06,1,20,0,100,Pellet,Right,21,18,18,17,0.06,510,nan
11/3/2025 23:53:51,1.17.2,Bandit100,14,4.06,nan,20,0,100,Left,Right,22,18,18,18,nan,nan,0.22
11/4/2025 0:04:59,1.17.2,Bandit100,14,4.06,nan,20,0,100,Left,Right,23,18,18,18,nan,nan,0.42
11/4/2025 0:05:19,1.17.2,Bandit100,14,4.06,nan,20,0,100,Right,Right,23,19,18,18,nan,nan,0.06
11/4/2025 0:05:27,1.17.2,Bandit100,14,4.06,1,20,0,100,Pellet,Right,23,19,19,18,6.76,795,nan
11/4/2025 0:06:59,1.17.2,Bandit100,14,4.06,nan,20,0,100,Right,Right,23,20,19,19,nan,nan,0.16
11/4/2025 0:07:02,1.17.2,Bandit100,14,4.06,1,20,0,100,Pellet,Right,23,20,20,19,2.39,96,nan
11/4/2025 0:07:27,1.17.2,Bandit100,14,4.06,nan,20,100,0,Right,Left,23,21,20,0,nan,nan,0.00
11/4/2025 0:08:03,1.17.2,Bandit100,14,4.06,nan,20,100,0,Right,Left,23,22,20,0,nan,nan,0.28
11/4/2025 0:08:07,1.17.2,Bandit100,14,4.05,nan,20,100,0,RightinTimeout,Left,23,22,20,0,nan,nan,0.00
11/4/2025 0:08:24,1.17.2,Bandit100,14,4.05,nan,20,100,0,Left,Left,24,22,20,0,nan,nan,0.42
11/4/2025 0:08:29,1.17.2,Bandit100,14,4.06,1,20,100,0,Pellet,Left,24,22,21,0,3.35,87,nan
11/4/2025 0:09:03,1.17.2,Bandit100,14,4.05,nan,20,100,0,Left,Left,25,22,21,1,nan,nan,0.20
11/4/2025 0:09:10,1.17.2,Bandit100,14,4.05,nan,20,100,0,LeftWithPellet,Left,25,22,21,1,nan,nan,0.22
11/4/2025 0:09:12,1.17.2,Bandit100,14,4.06,1,20,100,0,Pellet,Left,25,22,22,1,8.59,43,nan
11/4/2025 0:10:22,1.17.2,Bandit100,14,4.05,nan,20,100,0,Right,Left,25,23,22,2,nan,nan,0.02
11/4/2025 0:10:54,1.17.2,Bandit100,14,4.05,nan,20,100,0,Right,Left,25,24,22,2,nan,nan,0.10
11/4/2025 0:12:35,1.17.2,Bandit100,14,4.05,nan,20,100,0,Right,Left,25,25,22,2,nan,nan,0.17
11/4/2025 0:12:38,1.17.2,Bandit100,14,4.05,nan,20,100,0,RightinTimeout,Left,25,25,22,2,nan,nan,0.00
11/4/2025 0:15:23,1.17.2,Bandit100,14,4.06,nan,20,100,0,Right,Left,25,26,22,2,nan,nan,0.07
11/4/2025 0:15:32,1.17.2,Bandit100,14,4.06,nan,20,100,0,LeftinTimeOut,Left,25,26,22,2,nan,nan,nan
11/4/2025 0:15:46,1.17.2,Bandit100,14,4.06,nan,20,100,0,Right,Left,25,27,22,2,nan,nan,0.16
11/4/2025 0:15:49,1.17.2,Bandit100,14,4.05,nan,20,100,0,RightinTimeout,Left,25,27,22,2,nan,nan,0.00
11/4/2025 0:16:25,1.17.2,Bandit100,14,4.05,nan,20,100,0,Left,Left,26,27,22,2,nan,nan,0.25
11/4/2025 0:16:29,1.17.2,Bandit100,14,4.05,1,20,100,0,Pellet,Left,26,27,23,2,2.51,437,nan
11/4/2025 0:16:36,1.17.2,Bandit100,14,4.06,nan,20,100,0,Right,Left,26,28,23,3,nan,nan,0.10
11/4/2025 0:16:37,1.17.2,Bandit100,14,4.06,nan,20,100,0,RightinTimeout,Left,26,28,23,3,nan,nan,0.00
11/4/2025 0:16:46,1.17.2,Bandit100,14,4.05,nan,20,100,0,RightinTimeout,Left,26,28,23,3,nan,nan,0.00
11/4/2025 0:16:53,1.17.2,Bandit100,14,4.05,nan,20,100,0,RightinTimeout,Left,26,28,23,3,nan,nan,0.00
11/4/2025 0:16:57,1.17.2,Bandit100,14,4.05,nan,20,100,0,RightinTimeout,Left,26,28,23,3,nan,nan,0.00
11/4/2025 0:21:10,1.17.2,Bandit100,14,4.06,nan,20,100,0,Right,Left,26,29,23,3,nan,nan,0.15
11/4/2025 0:21:10,1.17.2,Bandit100,14,4.05,nan,20,100,0,RightinTimeout,Left,26,29,23,3,nan,nan,0.00
11/4/2025 0:26:36,1.17.2,Bandit100,14,4.05,nan,20,100,0,Right,Left,26,30,23,3,nan,nan,0.15
11/4/2025 0:26:44,1.17.2,Bandit100,14,4.06,nan,20,100,0,LeftinTimeOut,Left,26,30,23,3,nan,nan,nan
11/4/2025 0:27:51,1.17.2,Bandit100,14,4.05,nan,20,100,0,Right,Left,26,31,23,3,nan,nan,0.02
11/4/2025 0:46:04,1.17.2,Bandit100,14,4.05,nan,20,100,0,Right,Left,26,32,23,3,nan,nan,0.07
11/4/2025 0:49:11,1.17.2,Bandit100,14,4.05,nan,20,100,0,Left,Left,27,32,23,3,nan,nan,0.16
11/4/2025 0:49:15,1.17.2,Bandit100,14,4.05,1,20,100,0,Pellet,Left,27,32,24,3,2.45,1966,nan
11/4/2025 0:49:24,1.17.2,Bandit100,14,4.05,nan,20,100,0,Left,Left,28,32,24,4,nan,nan,0.05
11/4/2025 0:49:28,1.17.2,Bandit100,14,4.05,1,20,100,0,Pellet,Left,28,32,25,4,4.07,13,nan
11/4/2025 0:49:41,1.17.2,Bandit100,14,4.06,nan,20,100,0,Left,Left,29,32,25,5,nan,nan,0.04
11/4/2025 0:49:42,1.17.2,Bandit100,14,4.05,1,20,100,0,Pellet,Left,29,32,26,5,0.65,14,nan
11/4/2025 0:50:21,1.17.2,Bandit100,14,4.05,nan,20,100,0,Right,Left,29,33,26,6,nan,nan,0.18
11/4/2025 0:50:24,1.17.2,Bandit100,14,4.05,nan,20,100,0,RightinTimeout,Left,29,33,26,6,nan,nan,0.00
11/4/2025 0:50:30,1.17.2,Bandit100,14,4.05,nan,20,100,0,RightinTimeout,Left,29,33,26,6,nan,nan,0.00
11/4/2025 0:50:37,1.17.2,Bandit100,14,4.06,nan,20,100,0,LeftinTimeOut,Left,29,33,26,6,nan,nan,nan
11/4/2025 0:50:37,1.17.2,Bandit100,14,4.05,nan,20,100,0,LeftinTimeOut,Left,29,33,26,6,nan,nan,nan
11/4/2025 0:50:38,1.17.2,Bandit100,14,4.05,nan,20,100,0,LeftinTimeOut,Left,29,33,26,6,nan,nan,nan
11/4/2025 0:50:53,1.17.2,Bandit100,14,4.05,nan,20,100,0,Right,Left,29,34,26,6,nan,nan,0.04
11/4/2025 0:51:17,1.17.2,Bandit100,14,4.05,nan,20,100,0,Left,Left,30,34,26,6,nan,nan,0.13
11/4/2025 0:51:17,1.17.2,Bandit100,14,4.05,nan,20,100,0,LeftDuringDispense,Left,30,34,26,6,nan,nan,0.01
11/4/2025 0:51:24,1.17.2,Bandit100,14,4.05,2,20,100,0,Pellet,Left,30,34,27,6,3.76,102,nan
11/4/2025 0:52:01,1.17.2,Bandit100,14,4.05,nan,20,100,0,Right,Left,30,35,27,7,nan,nan,0.22
11/4/2025 0:52:10,1.17.2,Bandit100,14,4.05,nan,20,100,0,LeftinTimeOut,Left,30,35,27,7,nan,nan,nan
11/4/2025 0:56:26,1.17.2,Bandit100,14,4.05,nan,20,100,0,Right,Left,30,36,27,7,nan,nan,0.02
11/4/2025 0:56:26,1.17.2,Bandit100,14,4.06,nan,20,100,0,RightinTimeout,Left,30,36,27,7,nan,nan,0.00
11/4/2025 0:56:28,1.17.2,Bandit100,14,4.05,nan,20,100,0,RightinTimeout,Left,30,36,27,7,nan,nan,0.00
11/4/2025 0:56:33,1.17.2,Bandit100,14,4.05,nan,20,100,0,LeftinTimeOut,Left,30,36,27,7,nan,nan,nan
11/4/2025 1:01:10,1.17.2,Bandit100,14,4.05,nan,20,100,0,Right,Left,30,37,27,7,nan,nan,0.19
11/4/2025 1:02:09,1.17.2,Bandit100,14,4.05,nan,20,100,0,Right,Left,30,38,27,7,nan,nan,0.09
11/4/2025 1:03:32,1.17.2,Bandit100,14,4.05,nan,20,100,0,Right,Left,30,39,27,7,nan,nan,0.09
11/4/2025 2:04:49,1.17.2,Bandit100,14,4.05,nan,20,100,0,Right,Left,30,40,27,7,nan,nan,0.00
11/4/2025 2:17:54,1.17.2,Bandit100,14,4.05,nan,20,100,0,Right,Left,30,41,27,7,nan,nan,0.03
11/4/2025 2:28:41,1.17.2,Bandit100,14,4.05,nan,20,100,0,Right,Left,30,42,27,7,nan,nan,0.04
11/4/2025 3:57:15,1.17.2,Bandit100,14,4.05,nan,20,100,0,Right,Left,30,43,27,7,nan,nan,0.06
11/4/2025 3:57:16,1.17.2,Bandit100,14,4.05,nan,20,100,0,RightinTimeout,Left,30,43,27,7,nan,nan,0.00
11/4/2025 4:17:26,1.17.2,Bandit100,14,4.05,nan,20,100,0,Right,Left,30,44,27,7,nan,nan,0.10
11/4/2025 4:17:29,1.17.2,Bandit100,14,4.05,nan,20,100,0,RightinTimeout,Left,30,44,27,7,nan,nan,0.00
11/4/2025 4:20:47,1.17.2,Bandit100,14,4.05,nan,20,100,0,Right,Left,30,45,27,7,nan,nan,0.10
11/4/2025 4:21:54,1.17.2,Bandit100,14,4.05,nan,20,100,0,Right,Left,30,46,27,7,nan,nan,0.08
11/4/2025 4:45:00,1.17.2,Bandit100,14,4.04,nan,20,100,0,Right,Left,30,47,27,7,nan,nan,0.09
11/4/2025 4:52:17,1.17.2,Bandit100,14,4.05,nan,20,100,0,Right,Left,30,48,27,7,nan,nan,0.09
11/4/2025 4:52:28,1.17.2,Bandit100,14,4.05,nan,20,100,0,Right,Left,30,49,27,7,nan,nan,0.00
11/4/2025 5:19:42,1.17.2,Bandit100,14,4.05,nan,20,100,0,Right,Left,30,50,27,7,nan,nan,0.10
11/4/2025 5:34:20,1.17.2,Bandit100,14,4.04,nan,20,100,0,Left,Left,31,50,27,7,nan,nan,0.10
11/4/2025 5:34:23,1.17.2,Bandit100,14,4.05,1,20,100,0,Pellet,Left,31,50,28,7,2.09,16979,nan
11/4/2025 5:35:24,1.17.2,Bandit100,14,4.05,nan,20,100,0,Right,Left,31,51,28,8,nan,nan,0.15
11/4/2025 5:35:42,1.17.2,Bandit100,14,4.05,nan,20,100,0,Left,Left,32,51,28,8,nan,nan,0.02
11/4/2025 5:35:43,1.17.2,Bandit100,14,4.04,nan,20,100,0,LeftDuringDispense,Left,32,51,28,8,nan,nan,0.15
11/4/2025 5:35:47,1.17.2,Bandit100,14,4.04,2,20,100,0,Pellet,Left,32,51,29,8,1.61,84,nan
11/4/2025 5:36:13,1.17.2,Bandit100,14,4.04,nan,20,100,0,Right,Left,32,52,29,9,nan,nan,0.08
11/4/2025 5:36:14,1.17.2,Bandit100,14,4.05,nan,20,100,0,RightinTimeout,Left,32,52,29,9,nan,nan,0.00
11/4/2025 5:36:16,1.17.2,Bandit100,14,4.04,nan,20,100,0,RightinTimeout,Left,32,52,29,9,nan,nan,0.00
11/4/2025 5:36:16,1.17.2,Bandit100,14,4.04,nan,20,100,0,RightinTimeout,Left,32,52,29,9,nan,nan,0.00
11/4/2025 5:36:18,1.17.2,Bandit100,14,4.05,nan,20,100,0,RightinTimeout,Left,32,52,29,9,nan,nan,0.00
11/4/2025 5:36:22,1.17.2,Bandit100,14,4.05,nan,20,100,0,LeftinTimeOut,Left,32,52,29,9,nan,nan,nan
11/4/2025 5:36:24,1.17.2,Bandit100,14,4.04,nan,20,100,0,LeftinTimeOut,Left,32,52,29,9,nan,nan,nan
11/4/2025 5:37:47,1.17.2,Bandit100,14,4.05,nan,20,100,0,Left,Left,33,52,29,9,nan,nan,0.25
11/4/2025 5:37:50,1.17.2,Bandit100,14,4.04,1,20,100,0,Pellet,Left,33,52,30,9,2.93,123,nan
11/4/2025 5:38:10,1.17.2,Bandit100,14,4.05,nan,20,100,0,Right,Left,33,53,30,10,nan,nan,0.03
11/4/2025 5:38:40,1.17.2,Bandit100,14,4.05,nan,20,100,0,Left,Left,34,53,30,10,nan,nan,0.07
11/4/2025 5:38:42,1.17.2,Bandit100,14,4.04,1,20,100,0,Pellet,Left,34,53,31,10,1.31,52,nan
11/4/2025 5:39:03,1.17.2,Bandit100,14,4.04,nan,20,100,0,Left,Left,35,53,31,11,nan,nan,0.76
11/4/2025 5:39:05,1.17.2,Bandit100,14,4.04,1,20,100,0,Pellet,Left,35,53,32,11,1.67,23,nan
11/4/2025 5:39:30,1.17.2,Bandit100,14,4.05,nan,20,100,0,Left,Left,36,53,32,12,nan,nan,0.04
11/4/2025 5:39:32,1.17.2,Bandit100,14,4.05,1,20,100,0,Pellet,Left,36,53,33,12,1.31,27,nan
11/4/2025 5:39:43,1.17.2,Bandit100,14,4.05,nan,20,100,0,Left,Left,37,53,33,13,nan,nan,0.07
11/4/2025 5:39:44,1.17.2,Bandit100,14,4.04,1,20,100,0,Pellet,Left,37,53,34,13,0.65,12,nan
11/4/2025 5:40:04,1.17.2,Bandit100,14,4.03,nan,20,100,0,Left,Left,38,53,34,14,nan,nan,0.21
11/4/2025 5:40:06,1.17.2,Bandit100,14,4.04,1,20,100,0,Pellet,Left,38,53,35,14,0.77,22,nan
11/4/2025 5:40:20,1.17.2,Bandit100,14,4.05,nan,20,100,0,Left,Left,39,53,35,15,nan,nan,0.04
11/4/2025 5:40:21,1.17.2,Bandit100,14,4.05,1,20,100,0,Pellet,Left,39,53,36,15,0.53,15,nan
11/4/2025 5:40:34,1.17.2,Bandit100,14,4.05,nan,20,100,0,Left,Left,40,53,36,16,nan,nan,0.21
11/4/2025 5:40:37,1.17.2,Bandit100,14,4.04,nan,20,100,0,LeftWithPellet,Left,40,53,36,16,nan,nan,0.15
11/4/2025 5:40:41,1.17.2,Bandit100,14,4.05,1,20,100,0,Pellet,Left,40,53,37,16,6.12,20,nan
11/4/2025 5:41:07,1.17.2,Bandit100,14,4.04,nan,20,100,0,Left,Left,41,53,37,17,nan,nan,0.17
11/4/2025 5:41:09,1.17.2,Bandit100,14,4.05,1,20,100,0,Pellet,Left,41,53,38,17,0.77,28,nan
11/4/2025 5:41:22,1.17.2,Bandit100,14,4.05,nan,20,100,0,Left,Left,42,53,38,18,nan,nan,0.03
11/4/2025 5:41:24,1.17.2,Bandit100,14,4.04,1,20,100,0,Pellet,Left,42,53,39,18,1.37,15,nan
11/4/2025 5:41:39,1.17.2,Bandit100,14,4.04,nan,20,100,0,Left,Left,43,53,39,19,nan,nan,0.28
11/4/2025 5:41:42,1.17.2,Bandit100,14,4.04,1,20,100,0,Pellet,Left,43,53,40,19,2.51,18,nan
11/4/2025 5:41:58,1.17.2,Bandit100,14,4.04,nan,20,0,100,Left,Right,44,53,40,0,nan,nan,0.04
11/4/2025 5:42:01,1.17.2,Bandit100,14,4.04,nan,20,0,100,LeftinTimeOut,Right,44,53,40,0,nan,nan,nan
11/4/2025 5:42:02,1.17.2,Bandit100,14,4.04,nan,20,0,100,LeftinTimeOut,Right,44,53,40,0,nan,nan,nan
11/4/2025 5:42:03,1.17.2,Bandit100,14,4.05,nan,20,0,100,LeftinTimeOut,Right,44,53,40,0,nan,nan,nan
11/4/2025 5:42:07,1.17.2,Bandit100,14,4.04,nan,20,0,100,LeftinTimeOut,Right,44,53,40,0,nan,nan,nan
11/4/2025 5:42:08,1.17.2,Bandit100,14,4.04,nan,20,0,100,LeftinTimeOut,Right,44,53,40,0,nan,nan,nan
11/4/2025 5:42:11,1.17.2,Bandit100,14,4.05,nan,20,0,100,LeftinTimeOut,Right,44,53,40,0,nan,nan,nan
11/4/2025 5:42:16,1.17.2,Bandit100,14,4.04,nan,20,0,100,LeftinTimeOut,Right,44,53,40,0,nan,nan,nan
11/4/2025 5:42:27,1.17.2,Bandit100,14,4.04,nan,20,0,100,Left,Right,45,53,40,0,nan,nan,0.00
11/4/2025 5:42:30,1.17.2,Bandit100,14,4.04,nan,20,0,100,LeftinTimeOut,Right,45,53,40,0,nan,nan,nan
11/4/2025 5:42:39,1.17.2,Bandit100,14,4.05,nan,20,0,100,RightinTimeout,Right,45,53,40,0,nan,nan,0.00
11/4/2025 5:42:39,1.17.2,Bandit100,14,4.05,nan,20,0,100,RightinTimeout,Right,45,53,40,0,nan,nan,0.00
11/4/2025 5:42:44,1.17.2,Bandit100,14,4.05,nan,20,0,100,RightinTimeout,Right,45,53,40,0,nan,nan,0.00
11/4/2025 5:43:32,1.17.2,Bandit100,14,4.05,nan,20,0,100,Right,Right,45,54,40,0,nan,nan,0.01
11/4/2025 5:43:34,1.17.2,Bandit100,14,4.04,1,20,0,100,Pellet,Right,45,54,41,0,1.55,112,nan
11/4/2025 5:43:45,1.17.2,Bandit100,14,4.04,nan,20,0,100,Right,Right,45,55,41,1,nan,nan,0.06
11/4/2025 5:43:46,1.17.2,Bandit100,14,4.04,nan,20,0,100,RightDuringDispense,Right,45,55,41,1,nan,nan,0.01
11/4/2025 5:43:49,1.17.2,Bandit100,14,4.04,nan,20,0,100,RightWithPellet,Right,45,56,41,1,nan,nan,0.21
11/4/2025 5:43:51,1.17.2,Bandit100,14,4.04,nan,20,0,100,RightWithPellet,Right,45,57,41,1,nan,nan,0.20
11/4/2025 5:43:52,1.17.2,Bandit100,14,4.04,2,20,0,100,Pellet,Right,45,57,42,1,3.94,18,nan
11/4/2025 5:44:10,1.17.2,Bandit100,14,4.05,nan,20,0,100,Right,Right,45,58,42,2,nan,nan,0.10
11/4/2025 5:44:20,1.17.2,Bandit100,14,4.04,1,20,0,100,Pellet,Right,45,58,43,2,9.10,28,nan
11/4/2025 5:44:37,1.17.2,Bandit100,14,4.05,nan,20,0,100,Right,Right,45,59,43,3,nan,nan,0.08
11/4/2025 5:44:37,1.17.2,Bandit100,14,4.05,nan,20,0,100,RightDuringDispense,Right,45,59,43,3,nan,nan,0.02
11/4/2025 5:44:41,1.17.2,Bandit100,14,4.04,nan,20,0,100,RightWithPellet,Right,45,60,43,3,nan,nan,0.17
11/4/2025 5:44:45,1.17.2,Bandit100,14,4.04,nan,20,0,100,RightWithPellet,Right,45,61,43,3,nan,nan,0.15
11/4/2025 5:44:47,1.17.2,Bandit100,14,4.04,2,20,0,100,Pellet,Right,45,61,44,3,6.87,27,nan
11/4/2025 5:45:00,1.17.2,Bandit100,14,4.04,nan,20,0,100,Right,Right,45,62,44,4,nan,nan,0.06
11/4/2025 5:45:01,1.17.2,Bandit100,14,4.04,nan,20,0,100,RightWithPellet,Right,45,63,44,4,nan,nan,0.10
11/4/2025 5:45:03,1.17.2,Bandit100,14,4.04,1,20,0,100,Pellet,Right,45,63,45,4,2.48,16,nan
11/4/2025 5:45:20,1.17.2,Bandit100,14,4.04,nan,20,0,100,Right,Right,45,64,45,5,nan,nan,0.24
11/4/2025 5:45:22,1.17.2,Bandit100,14,4.04,nan,20,0,100,RightWithPellet,Right,45,65,45,5,nan,nan,0.34
11/4/2025 5:45:24,1.17.2,Bandit100,14,4.04,1,20,0,100,Pellet,Right,45,65,46,5,3.49,21,nan
11/4/2025 5:45:34,1.17.2,Bandit100,14,4.04,nan,20,0,100,Right,Right,45,66,46,6,nan,nan,0.15
11/4/2025 5:45:35,1.17.2,Bandit100,14,4.04,1,20,0,100,Pellet,Right,45,66,47,6,1.07,11,nan
11/4/2025 5:45:49,1.17.2,Bandit100,14,4.04,nan,20,0,100,Right,Right,45,67,47,7,nan,nan,0.16
11/4/2025 5:45:51,1.17.2,Bandit100,14,4.04,1,20,0,100,Pellet,Right,45,67,48,7,1.19,16,nan
11/4/2025 5:46:03,1.17.2,Bandit100,14,4.04,nan,20,0,100,Right,Right,45,68,48,8,nan,nan,0.03
11/4/2025 5:46:05,1.17.2,Bandit100,14,4.05,1,20,0,100,Pellet,Right,45,68,49,8,1.61,14,nan
11/4/2025 5:46:21,1.17.2,Bandit100,14,4.04,nan,20,0,100,Right,Right,45,69,49,9,nan,nan,0.22
11/4/2025 5:46:23,1.17.2,Bandit100,14,4.04,1,20,0,100,Pellet,Right,45,69,50,9,1.61,18,nan
11/4/2025 5:46:39,1.17.2,Bandit100,14,4.04,nan,20,0,100,Left,Right,46,69,50,10,nan,nan,0.04
11/4/2025 5:46:51,1.17.2,Bandit100,14,4.04,nan,20,0,100,Right,Right,46,70,50,10,nan,nan,0.14
11/4/2025 5:46:53,1.17.2,Bandit100,14,4.04,1,20,0,100,Pellet,Right,46,70,51,10,1.49,30,nan
11/4/2025 5:47:32,1.17.2,Bandit100,14,4.05,nan,20,0,100,Right,Right,46,71,51,11,nan,nan,0.21
11/4/2025 5:47:35,1.17.2,Bandit100,14,4.04,1,20,0,100,Pellet,Right,46,71,52,11,1.49,42,nan
11/4/2025 5:47:43,1.17.2,Bandit100,14,4.05,nan,20,0,100,Right,Right,46,72,52,12,nan,nan,0.14
11/4/2025 5:47:45,1.17.2,Bandit100,14,4.04,1,20,0,100,Pellet,Right,46,72,53,12,2.03,10,nan
11/4/2025 5:47:53,1.17.2,Bandit100,14,4.05,nan,20,0,100,Right,Right,46,73,53,13,nan,nan,0.10
11/4/2025 5:47:55,1.17.2,Bandit100,14,4.04,1,20,0,100,Pellet,Right,46,73,54,13,0.59,10,nan
11/4/2025 5:48:12,1.17.2,Bandit100,14,4.05,nan,20,0,100,Right,Right,46,74,54,14,nan,nan,0.27
11/4/2025 5:48:15,1.17.2,Bandit100,14,4.04,1,20,0,100,Pellet,Right,46,74,55,14,2.09,20,nan
11/4/2025 5:48:24,1.17.2,Bandit100,14,4.05,nan,20,0,100,Right,Right,46,75,55,15,nan,nan,0.29
11/4/2025 5:48:25,1.17.2,Bandit100,14,4.04,nan,20,0,100,RightDuringDispense,Right,46,75,55,15,nan,nan,0.05
11/4/2025 5:48:28,1.17.2,Bandit100,14,4.04,nan,20,0,100,RightWithPellet,Right,46,76,55,15,nan,nan,0.18
11/4/2025 5:48:30,1.17.2,Bandit100,14,4.04,2,20,0,100,Pellet,Right,46,76,56,15,2.56,15,nan
11/4/2025 5:48:57,1.17.2,Bandit100,14,4.04,nan,20,0,100,Left,Right,47,76,56,16,nan,nan,0.83
11/4/2025 5:49:02,1.17.2,Bandit100,14,4.05,nan,20,0,100,RightinTimeout,Right,47,76,56,16,nan,nan,0.00
11/4/2025 5:49:04,1.17.2,Bandit100,14,4.03,nan,20,0,100,RightinTimeout,Right,47,76,56,16,nan,nan,0.00
11/4/2025 5:49:05,1.17.2,Bandit100,14,4.04,nan,20,0,100,RightinTimeout,Right,47,76,56,16,nan,nan,0.00
11/4/2025 5:49:35,1.17.2,Bandit100,14,4.04,nan,20,0,100,Left,Right,48,76,56,16,nan,nan,0.16
11/4/2025 5:49:42,1.17.2,Bandit100,14,4.05,nan,20,0,100,RightinTimeout,Right,48,76,56,16,nan,nan,0.00
11/4/2025 5:50:06,1.17.2,Bandit100,14,4.04,nan,20,0,100,Left,Right,49,76,56,16,nan,nan,0.18
11/4/2025 5:50:06,1.17.2,Bandit100,14,4.04,nan,20,0,100,LeftinTimeOut,Right,49,76,56,16,nan,nan,nan
11/4/2025 5:51:51,1.17.2,Bandit100,14,4.04,nan,20,0,100,Right,Right,49,77,56,16,nan,nan,0.05
11/4/2025 5:51:53,1.17.2,Bandit100,14,4.03,1,20,0,100,Pellet,Right,49,77,57,16,1.19,203,nan
11/4/2025 5:52:26,1.17.2,Bandit100,14,4.04,nan,20,0,100,Right,Right,49,78,57,17,nan,nan,0.06
11/4/2025 5:52:29,1.17.2,Bandit100,14,4.04,1,20,0,100,Pellet,Right,49,78,58,17,2.09,36,nan
11/4/2025 5:52:43,1.17.2,Bandit100,14,4.05,nan,20,0,100,Right,Right,49,79,58,18,nan,nan,0.10
11/4/2025 5:52:45,1.17.2,Bandit100,14,4.03,1,20,0,100,Pellet,Right,49,79,59,18,0.95,16,nan
11/4/2025 5:53:10,1.17.2,Bandit100,14,4.05,nan,20,0,100,Right,Right,49,80,59,19,nan,nan,0.12
11/4/2025 5:53:11,1.17.2,Bandit100,14,4.04,1,20,0,100,Pellet,Right,49,80,60,19,0.77,26,nan
11/4/2025 5:53:23,1.17.2,Bandit100,14,4.04,nan,20,100,0,Right,Left,49,81,60,0,nan,nan,0.11
11/4/2025 5:53:25,1.17.2,Bandit100,14,4.04,nan,20,100,0,RightinTimeout,Left,49,81,60,0,nan,nan,0.00
11/4/2025 5:53:25,1.17.2,Bandit100,14,4.04,nan,20,100,0,RightinTimeout,Left,49,81,60,0,nan,nan,0.00
11/4/2025 5:53:25,1.17.2,Bandit100,14,4.04,nan,20,100,0,RightinTimeout,Left,49,81,60,0,nan,nan,0.00
11/4/2025 5:53:26,1.17.2,Bandit100,14,4.04,nan,20,100,0,RightinTimeout,Left,49,81,60,0,nan,nan,0.00
11/4/2025 5:53:26,1.17.2,Bandit100,14,4.04,nan,20,100,0,RightinTimeout,Left,49,81,60,0,nan,nan,0.00
11/4/2025 5:53:27,1.17.2,Bandit100,14,4.05,nan,20,100,0,RightinTimeout,Left,49,81,60,0,nan,nan,0.00
11/4/2025 5:53:27,1.17.2,Bandit100,14,4.04,nan,20,100,0,RightinTimeout,Left,49,81,60,0,nan,nan,0.00
11/4/2025 5:53:37,1.17.2,Bandit100,14,4.04,nan,20,100,0,LeftinTimeOut,Left,49,81,60,0,nan,nan,nan
11/4/2025 5:53:37,1.17.2,Bandit100,14,4.03,nan,20,100,0,LeftinTimeOut,Left,49,81,60,0,nan,nan,nan
11/4/2025 5:53:40,1.17.2,Bandit100,14,4.04,nan,20,100,0,LeftinTimeOut,Left,49,81,60,0,nan,nan,nan
11/4/2025 5:53:42,1.17.2,Bandit100,14,4.05,nan,20,100,0,LeftinTimeOut,Left,49,81,60,0,nan,nan,nan
11/4/2025 5:53:43,1.17.2,Bandit100,14,4.05,nan,20,100,0,LeftinTimeOut,Left,49,81,60,0,nan,nan,nan
11/4/2025 5:55:23,1.17.2,Bandit100,14,4.04,nan,20,100,0,Left,Left,50,81,60,0,nan,nan,0.16
11/4/2025 5:55:26,1.17.2,Bandit100,14,4.04,1,20,100,0,Pellet,Left,50,81,61,0,2.81,135,nan
11/4/2025 5:55:36,1.17.2,Bandit100,14,4.04,nan,20,100,0,Left,Left,51,81,61,1,nan,nan,0.12
11/4/2025 5:55:38,1.17.2,Bandit100,14,4.05,1,20,100,0,Pellet,Left,51,81,62,1,2.21,12,nan
11/4/2025 5:55:55,1.17.2,Bandit100,14,4.04,nan,20,100,0,Left,Left,52,81,62,2,nan,nan,0.31
11/4/2025 5:56:01,1.17.2,Bandit100,14,4.04,1,20,100,0,Pellet,Left,52,81,63,2,5.39,23,nan
11/4/2025 5:56:28,1.17.2,Bandit100,14,4.04,nan,20,100,0,Right,Left,52,82,63,3,nan,nan,0.07
11/4/2025 6:03:31,1.17.2,Bandit100,14,4.04,nan,20,100,0,Left,Left,53,82,63,3,nan,nan,0.07
11/4/2025 6:03:33,1.17.2,Bandit100,14,4.04,1,20,100,0,Pellet,Left,53,82,64,3,1.43,452,nan
11/4/2025 6:04:44,1.17.2,Bandit100,14,4.04,nan,20,100,0,Right,Left,53,83,64,4,nan,nan,0.20
11/4/2025 6:08:25,1.17.2,Bandit100,14,4.04,nan,20,100,0,Left,Left,54,83,64,4,nan,nan,0.22
11/4/2025 6:08:29,1.17.2,Bandit100,14,4.04,1,20,100,0,Pellet,Left,54,83,65,4,3.59,296,nan
11/4/2025 6:08:57,1.17.2,Bandit100,14,4.04,nan,20,100,0,Left,Left,55,83,65,5,nan,nan,0.01
11/4/2025 6:08:58,1.17.2,Bandit100,14,4.04,1,20,100,0,Pellet,Left,55,83,66,5,0.53,29,nan
11/4/2025 6:09:19,1.17.2,Bandit100,14,4.05,nan,20,100,0,Left,Left,56,83,66,6,nan,nan,0.17
11/4/2025 6:09:20,1.17.2,Bandit100,14,4.04,1,20,100,0,Pellet,Left,56,83,67,6,0.83,22,nan
11/4/2025 6:09:42,1.17.2,Bandit100,14,4.04,nan,20,100,0,Right,Left,56,84,67,7,nan,nan,0.14
11/4/2025 6:10:57,1.17.2,Bandit100,14,4.04,nan,20,100,0,Right,Left,56,85,67,7,nan,nan,0.53
11/4/2025 6:10:59,1.17.2,Bandit100,14,4.04,nan,20,100,0,RightinTimeout,Left,56,85,67,7,nan,nan,0.00
11/4/2025 8:01:29,1.17.2,Bandit100,14,4.04,nan,20,100,0,Right,Left,56,86,67,7,nan,nan,0.11
11/4/2025 8:01:34,1.17.2,Bandit100,14,4.03,nan,20,100,0,RightinTimeout,Left,56,86,67,7,nan,nan,0.00
11/4/2025 8:01:35,1.17.2,Bandit100,14,4.03,nan,20,100,0,RightinTimeout,Left,56,86,67,7,nan,nan,0.00
11/4/2025 8:01:35,1.17.2,Bandit100,14,4.04,nan,20,100,0,RightinTimeout,Left,56,86,67,7,nan,nan,0.00
11/4/2025 8:01:35,1.17.2,Bandit100,14,4.03,nan,20,100,0,RightinTimeout,Left,56,86,67,7,nan,nan,0.00
11/4/2025 8:06:20,1.17.2,Bandit100,14,4.04,nan,20,100,0,Right,Left,56,87,67,7,nan,nan,0.04
11/4/2025 10:32:02,1.17.2,Bandit100,14,4.03,nan,20,100,0,Right,Left,56,88,67,7,nan,nan,0.01
11/4/2025 10:33:27,1.17.2,Bandit100,14,4.03,nan,20,100,0,Left,Left,57,88,67,7,nan,nan,0.10
11/4/2025 10:33:29,1.17.2,Bandit100,14,4.03,1,20,100,0,Pellet,Left,57,88,68,7,1.13,15849,nan
11/4/2025 10:37:50,1.17.2,Bandit100,14,4.03,nan,20,100,0,Right,Left,57,89,68,8,nan,nan,0.07
11/4/2025 10:50:22,1.17.2,Bandit100,14,4.03,nan,20,100,0,Right,Left,57,90,68,8,nan,nan,0.51
11/4/2025 10:50:24,1.17.2,Bandit100,14,4.03,nan,20,100,0,RightinTimeout,Left,57,90,68,8,nan,nan,0.00
11/4/2025 10:50:25,1.17.2,Bandit100,14,4.03,nan,20,100,0,RightinTimeout,Left,57,90,68,8,nan,nan,0.00
11/4/2025 13:27:46,1.17.2,Bandit100,14,4.03,nan,20,100,0,Right,Left,57,91,68,8,nan,nan,0.14
11/4/2025 16:47:31,1.17.2,Bandit100,14,4.02,nan,20,100,0,Right,Left,57,92,68,8,nan,nan,0.06
11/4/2025 16:47:35,1.17.2,Bandit100,14,4.02,nan,20,100,0,RightinTimeout,Left,57,92,68,8,nan,nan,0.00
11/4/2025 16:49:00,1.17.2,Bandit100,14,4.02,nan,20,100,0,Left,Left,58,92,68,8,nan,nan,0.31
11/4/2025 16:49:01,1.17.2,Bandit100,14,4.02,nan,20,100,0,LeftDuringDispense,Left,58,92,68,8,nan,nan,0.15
11/4/2025 16:49:05,1.17.2,Bandit100,14,4.02,2,20,100,0,Pellet,Left,58,92,69,8,1.31,22536,nan
11/4/2025 16:49:33,1.17.2,Bandit100,14,4.02,nan,20,100,0,Left,Left,59,92,69,9,nan,nan,0.26
11/4/2025 16:49:34,1.17.2,Bandit100,14,4.02,1,20,100,0,Pellet,Left,59,92,70,9,0.53,29,nan
11/4/2025 16:50:03,1.17.2,Bandit100,14,4.02,nan,20,100,0,Left,Left,60,92,70,10,nan,nan,0.32
11/4/2025 16:50:05,1.17.2,Bandit100,14,4.02,1,20,100,0,Pellet,Left,60,92,71,10,1.43,31,nan
11/4/2025 16:50:26,1.17.2,Bandit100,14,4.02,nan,20,100,0,Left,Left,61,92,71,11,nan,nan,0.11
11/4/2025 16:50:29,1.17.2,Bandit100,14,4.02,1,20,100,0,Pellet,Left,61,92,72,11,2.03,24,nan
11/4/2025 16:50:46,1.17.2,Bandit100,14,4.02,nan,20,100,0,Left,Left,62,92,72,12,nan,nan,0.16
11/4/2025 16:50:48,1.17.2,Bandit100,14,4.02,1,20,100,0,Pellet,Left,62,92,73,12,0.89,19,nan
11/4/2025 16:51:07,1.17.2,Bandit100,14,4.02,nan,20,100,0,Left,Left,63,92,73,13,nan,nan,0.00
11/4/2025 16:51:08,1.17.2,Bandit100,14,4.02,1,20,100,0,Pellet,Left,63,92,74,13,0.71,20,nan
11/4/2025 16:51:23,1.17.2,Bandit100,14,4.02,nan,20,100,0,Left,Left,64,92,74,14,nan,nan,0.07
11/4/2025 16:51:25,1.17.2,Bandit100,14,4.02,1,20,100,0,Pellet,Left,64,92,75,14,1.13,17,nan
11/4/2025 16:51:38,1.17.2,Bandit100,14,4.02,nan,20,100,0,Left,Left,65,92,75,15,nan,nan,0.00
11/4/2025 16:51:39,1.17.2,Bandit100,14,4.02,nan,20,100,0,LeftWithPellet,Left,65,92,75,15,nan,nan,0.04
11/4/2025 16:51:40,1.17.2,Bandit100,14,4.02,1,20,100,0,Pellet,Left,65,92,76,15,2.06,15,nan
11/4/2025 16:51:49,1.17.2,Bandit100,14,4.02,nan,20,100,0,Left,Left,66,92,76,16,nan,nan,0.14
11/4/2025 16:51:50,1.17.2,Bandit100,14,4.02,1,20,100,0,Pellet,Left,66,92,77,16,0.41,10,nan
11/4/2025 16:52:07,1.17.2,Bandit100,14,4.02,nan,20,100,0,Left,Left,67,92,77,17,nan,nan,0.04
11/4/2025 16:52:09,1.17.2,Bandit100,14,4.02,1,20,100,0,Pellet,Left,67,92,78,17,1.19,19,nan
11/4/2025 16:52:19,1.17.2,Bandit100,14,4.02,nan,20,100,0,Left,Left,68,92,78,18,nan,nan,0.36
11/4/2025 16:52:22,1.17.2,Bandit100,14,4.02,1,20,100,0,Pellet,Left,68,92,79,18,1.85,13,nan
11/4/2025 16:52:29,1.17.2,Bandit100,14,4.02,nan,20,100,0,Left,Left,69,92,79,19,nan,nan,0.11
11/4/2025 16:52:30,1.17.2,Bandit100,14,4.02,1,20,100,0,Pellet,Left,69,92,80,19,0.53,8,nan
11/4/2025 16:52:40,1.17.2,Bandit100,14,4.02,nan,20,0,100,Left,Right,70,92,80,0,nan,nan,0.06
11/4/2025 16:52:49,1.17.2,Bandit100,14,4.02,nan,20,0,100,LeftinTimeOut,Right,70,92,80,0,nan,nan,nan
11/4/2025 16:52:52,1.17.2,Bandit100,14,4.02,nan,20,0,100,LeftinTimeOut,Right,70,92,80,0,nan,nan,nan
11/4/2025 16:52:57,1.17.2,Bandit100,14,4.02,nan,20,0,100,LeftinTimeOut,Right,70,92,80,0,nan,nan,nan
11/4/2025 16:53:05,1.17.2,Bandit100,14,4.02,nan,20,0,100,RightinTimeout,Right,70,92,80,0,nan,nan,0.00
11/4/2025 16:53:34,1.17.2,Bandit100,14,4.02,nan,20,0,100,Right,Right,70,93,80,0,nan,nan,0.07
11/4/2025 16:53:36,1.17.2,Bandit100,14,4.02,1,20,0,100,Pellet,Right,70,93,81,0,1.43,66,nan
11/4/2025 16:53:46,1.17.2,Bandit100,14,4.02,nan,20,0,100,Right,Right,70,94,81,1,nan,nan,0.04
11/4/2025 16:53:48,1.17.2,Bandit100,14,4.02,1,20,0,100,Pellet,Right,70,94,82,1,0.95,12,nan
11/4/2025 16:53:58,1.17.2,Bandit100,14,4.02,nan,20,0,100,Right,Right,70,95,82,2,nan,nan,0.03
11/4/2025 16:53:59,1.17.2,Bandit100,14,4.02,1,20,0,100,Pellet,Right,70,95,83,2,0.47,11,nan
11/4/2025 16:54:15,1.17.2,Bandit100,14,4.02,nan,20,0,100,Left,Right,71,95,83,3,nan,nan,0.03
11/4/2025 18:36:56,1.17.2,Bandit100,14,4.02,nan,20,0,100,Left,Right,72,95,83,3,nan,nan,0.28
11/4/2025 18:37:02,1.17.2,Bandit100,14,4.02,nan,20,0,100,RightinTimeout,Right,72,95,83,3,nan,nan,0.00
11/4/2025 18:37:04,1.17.2,Bandit100,14,4.01,nan,20,0,100,RightinTimeout,Right,72,95,83,3,nan,nan,0.00
11/4/2025 18:37:05,1.17.2,Bandit100,14,4.02,nan,20,0,100,RightinTimeout,Right,72,95,83,3,nan,nan,0.00
11/4/2025 18:37:05,1.17.2,Bandit100,14,4.01,nan,20,0,100,RightinTimeout,Right,72,95,83,3,nan,nan,0.00
11/4/2025 18:37:05,1.17.2,Bandit100,14,4.02,nan,20,0,100,RightinTimeout,Right,72,95,83,3,nan,nan,0.00
11/4/2025 18:37:06,1.17.2,Bandit100,14,4.02,nan,20,0,100,RightinTimeout,Right,72,95,83,3,nan,nan,0.00
11/4/2025 18:37:07,1.17.2,Bandit100,14,4.01,nan,20,0,100,RightinTimeout,Right,72,95,83,3,nan,nan,0.00
11/4/2025 18:37:44,1.17.2,Bandit100,14,4.02,nan,20,0,100,Left,Right,73,95,83,3,nan,nan,0.20
11/4/2025 18:37:47,1.17.2,Bandit100,14,4.02,nan,20,0,100,LeftinTimeOut,Right,73,95,83,3,nan,nan,nan
11/4/2025 18:40:01,1.17.2,Bandit100,14,4.02,nan,20,0,100,Right,Right,73,96,83,3,nan,nan,0.26
11/4/2025 18:40:05,1.17.2,Bandit100,14,4.02,1,20,0,100,Pellet,Right,73,96,84,3,2.93,6365,nan
11/4/2025 18:58:12,1.17.2,Bandit100,14,4.01,nan,20,0,100,Right,Right,73,97,84,4,nan,nan,0.12
11/4/2025 18:58:14,1.17.2,Bandit100,14,4.01,1,20,0,100,Pellet,Right,73,97,85,4,1.01,1090,nan
11/4/2025 18:58:26,1.17.2,Bandit100,14,4.02,nan,20,0,100,Right,Right,73,98,85,5,nan,nan,0.11
11/4/2025 18:58:27,1.17.2,Bandit100,14,4.02,1,20,0,100,Pellet,Right,73,98,86,5,0.77,13,nan
11/4/2025 18:58:39,1.17.2,Bandit100,14,4.02,nan,20,0,100,Right,Right,73,99,86,6,nan,nan,0.05
11/4/2025 18:58:41,1.17.2,Bandit100,14,4.01,nan,20,0,100,RightWithPellet,Right,73,100,86,6,nan,nan,0.16
11/4/2025 18:58:43,1.17.2,Bandit100,14,4.02,1,20,0,100,Pellet,Right,73,100,87,6,2.42,15,nan
11/4/2025 18:58:53,1.17.2,Bandit100,14,4.00,nan,20,0,100,Right,Right,73,101,87,7,nan,nan,0.07
11/4/2025 18:58:55,1.17.2,Bandit100,14,4.02,1,20,0,100,Pellet,Right,73,101,88,7,0.95,13,nan
11/4/2025 18:59:06,1.17.2,Bandit100,14,4.02,nan,20,0,100,Right,Right,73,102,88,8,nan,nan,0.03
11/4/2025 18:59:07,1.17.2,Bandit100,14,4.02,nan,20,0,100,RightDuringDispense,Right,73,102,88,8,nan,nan,0.07
11/4/2025 18:59:10,1.17.2,Bandit100,14,4.01,nan,20,0,100,RightWithPellet,Right,73,103,88,8,nan,nan,0.25
11/4/2025 18:59:11,1.17.2,Bandit100,14,4.02,2,20,0,100,Pellet,Right,73,103,89,8,1.37,16,nan
11/4/2025 19:00:25,1.17.2,Bandit100,14,4.02,nan,20,0,100,Left,Right,74,103,89,9,nan,nan,0.06
11/4/2025 19:00:25,1.17.2,Bandit100,14,4.01,nan,20,0,100,LeftinTimeOut,Right,74,103,89,9,nan,nan,nan
11/4/2025 19:03:55,1.17.2,Bandit100,14,4.02,nan,20,0,100,Left,Right,75,103,89,9,nan,nan,0.02
11/4/2025 19:04:06,1.17.2,Bandit100,14,4.01,nan,20,0,100,Left,Right,76,103,89,9,nan,nan,0.00
11/4/2025 19:04:06,1.17.2,Bandit100,14,4.02,nan,20,0,100,LeftinTimeOut,Right,76,103,89,9,nan,nan,nan
11/4/2025 19:04:10,1.17.2,Bandit100,14,4.02,nan,20,0,100,LeftinTimeOut,Right,76,103,89,9,nan,nan,nan
11/4/2025 19:04:10,1.17.2,Bandit100,14,4.02,nan,20,0,100,LeftinTimeOut,Right,76,103,89,9,nan,nan,nan
11/4/2025 19:04:11,1.17.2,Bandit100,14,4.02,nan,20,0,100,LeftinTimeOut,Right,76,103,89,9,nan,nan,nan
11/4/2025 19:04:11,1.17.2,Bandit100,14,4.02,nan,20,0,100,LeftinTimeOut,Right,76,103,89,9,nan,nan,nan
11/4/2025 19:04:14,1.17.2,Bandit100,14,4.01,nan,20,0,100,LeftinTimeOut,Right,76,103,89,9,nan,nan,nan
11/4/2025 19:04:14,1.17.2,Bandit100,14,4.02,nan,20,0,100,LeftinTimeOut,Right,76,103,89,9,nan,nan,nan
11/4/2025 19:04:18,1.17.2,Bandit100,14,4.01,nan,20,0,100,LeftinTimeOut,Right,76,103,89,9,nan,nan,nan
11/4/2025 19:04:18,1.17.2,Bandit100,14,4.01,nan,20,0,100,LeftinTimeOut,Right,76,103,89,9,nan,nan,nan
11/4/2025 19:04:19,1.17.2,Bandit100,14,4.01,nan,20,0,100,LeftinTimeOut,Right,76,103,89,9,nan,nan,nan
11/4/2025 19:04:25,1.17.2,Bandit100,14,4.02,nan,20,0,100,RightinTimeout,Right,76,103,89,9,nan,nan,0.00
11/4/2025 19:04:26,1.17.2,Bandit100,14,4.02,nan,20,0,100,RightinTimeout,Right,76,103,89,9,nan,nan,0.00
11/4/2025 19:04:44,1.17.2,Bandit100,14,4.01,nan,20,0,100,Left,Right,77,103,89,9,nan,nan,0.33
11/4/2025 19:04:44,1.17.2,Bandit100,14,4.02,nan,20,0,100,LeftinTimeOut,Right,77,103,89,9,nan,nan,nan
11/4/2025 19:04:46,1.17.2,Bandit100,14,4.01,nan,20,0,100,LeftinTimeOut,Right,77,103,89,9,nan,nan,nan
11/4/2025 19:04:47,1.17.2,Bandit100,14,4.02,nan,20,0,100,LeftinTimeOut,Right,77,103,89,9,nan,nan,nan
11/4/2025 19:07:59,1.17.2,Bandit100,14,4.01,nan,20,0,100,Left,Right,78,103,89,9,nan,nan,0.25
11/4/2025 19:08:00,1.17.2,Bandit100,14,4.02,nan,20,0,100,LeftinTimeOut,Right,78,103,89,9,nan,nan,nan
11/4/2025 19:08:01,1.17.2,Bandit100,14,4.02,nan,20,0,100,LeftinTimeOut,Right,78,103,89,9,nan,nan,nan
11/4/2025 19:09:02,1.17.2,Bandit100,14,4.02,nan,20,0,100,Right,Right,78,104,89,9,nan,nan,0.25
11/4/2025 19:09:02,1.17.2,Bandit100,14,4.02,nan,20,0,100,RightDuringDispense,Right,78,104,89,9,nan,nan,0.00
11/4/2025 19:09:06,1.17.2,Bandit100,14,4.01,2,20,0,100,Pellet,Right,78,104,90,9,1.07,595,nan
11/4/2025 19:09:21,1.17.2,Bandit100,14,4.02,nan,20,0,100,Right,Right,78,105,90,10,nan,nan,0.07
11/4/2025 19:09:23,1.17.2,Bandit100,14,4.02,1,20,0,100,Pellet,Right,78,105,91,10,0.47,16,nan
11/4/2025 19:09:37,1.17.2,Bandit100,14,4.02,nan,20,0,100,Right,Right,78,106,91,11,nan,nan,0.07
11/4/2025 19:09:39,1.17.2,Bandit100,14,4.02,1,20,0,100,Pellet,Right,78,106,92,11,0.95,17,nan
11/4/2025 19:09:54,1.17.2,Bandit100,14,4.02,nan,20,0,100,Right,Right,78,107,92,12,nan,nan,0.06
11/4/2025 19:09:55,1.17.2,Bandit100,14,4.02,2,20,0,100,Pellet,Right,78,107,93,12,0.65,16,nan
11/4/2025 19:10:04,1.17.2,Bandit100,14,4.02,nan,20,0,100,Right,Right,78,108,93,13,nan,nan,0.01
11/4/2025 19:10:05,1.17.2,Bandit100,14,4.02,1,20,0,100,Pellet,Right,78,108,94,13,0.71,10,nan
11/4/2025 19:10:13,1.17.2,Bandit100,14,4.02,nan,20,0,100,Right,Right,78,109,94,14,nan,nan,0.14
11/4/2025 19:10:15,1.17.2,Bandit100,14,4.02,1,20,0,100,Pellet,Right,78,109,95,14,0.77,10,nan
11/4/2025 19:10:22,1.17.2,Bandit100,14,4.02,nan,20,0,100,Right,Right,78,110,95,15,nan,nan,0.02
11/4/2025 19:10:33,1.17.2,Bandit100,14,4.02,nan,20,0,100,RightDuringDispense,Right,78,110,95,15,nan,nan,0.00
11/4/2025 19:10:34,1.17.2,Bandit100,14,4.01,nan,20,0,100,RightDuringDispense,Right,78,110,95,15,nan,nan,0.23
11/4/2025 19:10:35,1.17.2,Bandit100,14,4.02,nan,20,0,100,RightDuringDispense,Right,78,110,95,15,nan,nan,0.16
11/4/2025 19:10:35,1.17.2,Bandit100,14,4.01,nan,20,0,100,RightDuringDispense,Right,78,110,95,15,nan,nan,0.08
11/4/2025 19:10:48,1.17.2,Bandit100,14,4.02,11,20,0,100,Pellet,Right,78,110,96,15,1.84,33,nan
11/4/2025 19:12:35,1.17.2,Bandit100,14,4.02,nan,20,0,100,Right,Right,78,111,96,16,nan,nan,0.05
11/4/2025 19:12:37,1.17.2,Bandit100,14,4.02,2,20,0,100,Pellet,Right,78,111,97,16,1.37,109,nan
11/4/2025 19:16:25,1.17.2,Bandit100,14,4.02,nan,20,0,100,Left,Right,79,111,97,17,nan,nan,0.03
11/4/2025 19:16:25,1.17.2,Bandit100,14,4.01,nan,20,0,100,LeftinTimeOut,Right,79,111,97,17,nan,nan,nan
11/4/2025 19:17:19,1.17.2,Bandit100,14,4.01,nan,20,0,100,Right,Right,79,112,97,17,nan,nan,0.01
11/4/2025 19:17:21,1.17.2,Bandit100,14,4.02,2,20,0,100,Pellet,Right,79,112,98,17,1.25,284,nan
11/4/2025 19:17:59,1.17.2,Bandit100,14,4.02,nan,20,0,100,Right,Right,79,113,98,18,nan,nan,0.03
11/4/2025 19:18:01,1.17.2,Bandit100,14,4.01,2,20,0,100,Pellet,Right,79,113,99,18,0.47,40,nan
11/4/2025 19:22:26,1.17.2,Bandit100,14,4.01,nan,20,0,100,Right,Right,79,114,99,19,nan,nan,0.15
11/4/2025 19:22:28,1.17.2,Bandit100,14,4.02,2,20,0,100,Pellet,Right,79,114,100,19,1.13,267,nan
11/4/2025 19:24:42,1.17.2,Bandit100,14,4.02,nan,20,100,0,Right,Left,79,115,100,0,nan,nan,0.13
11/4/2025 19:24:45,1.17.2,Bandit100,14,4.02,nan,20,100,0,RightinTimeout,Left,79,115,100,0,nan,nan,0.00
11/4/2025 19:24:49,1.17.2,Bandit100,14,4.02,nan,20,100,0,RightinTimeout,Left,79,115,100,0,nan,nan,0.00
11/4/2025 19:26:34,1.17.2,Bandit100,14,4.01,nan,20,100,0,Right,Left,79,116,100,0,nan,nan,0.04
11/4/2025 19:28:07,1.17.2,Bandit100,14,4.01,nan,20,100,0,Right,Left,79,117,100,0,nan,nan,0.02
11/4/2025 19:30:09,1.17.2,Bandit100,14,4.01,nan,20,100,0,Left,Left,80,117,100,0,nan,nan,0.01
11/4/2025 19:30:11,1.17.2,Bandit100,14,4.02,1,20,100,0,Pellet,Left,80,117,101,0,1.19,463,nan
11/4/2025 19:36:13,1.17.2,Bandit100,14,4.02,nan,20,100,0,Right,Left,80,118,101,1,nan,nan,0.10
11/4/2025 19:36:47,1.17.2,Bandit100,14,4.01,nan,20,100,0,Right,Left,80,119,101,1,nan,nan,0.17
11/4/2025 19:36:48,1.17.2,Bandit100,14,4.02,nan,20,100,0,RightinTimeout,Left,80,119,101,1,nan,nan,0.00
11/4/2025 19:38:03,1.17.2,Bandit100,14,4.01,nan,20,100,0,Left,Left,81,119,101,1,nan,nan,0.26
11/4/2025 19:38:05,1.17.2,Bandit100,14,4.01,1,20,100,0,Pellet,Left,81,119,102,1,0.95,474,nan
11/4/2025 19:38:12,1.17.2,Bandit100,14,4.01,nan,20,100,0,Left,Left,82,119,102,2,nan,nan,0.19
11/4/2025 19:38:13,1.17.2,Bandit100,14,4.01,1,20,100,0,Pellet,Left,82,119,103,2,1.19,8,nan
11/4/2025 19:41:47,1.17.2,Bandit100,14,4.02,nan,20,100,0,Left,Left,83,119,103,3,nan,nan,0.39
11/4/2025 19:41:49,1.17.2,Bandit100,14,4.02,1,20,100,0,Pellet,Left,83,119,104,3,0.71,216,nan
11/4/2025 19:45:40,1.17.2,Bandit100,14,4.02,nan,20,100,0,Right,Left,83,120,104,4,nan,nan,0.03
11/4/2025 19:45:41,1.17.2,Bandit100,14,4.02,nan,20,100,0,RightinTimeout,Left,83,120,104,4,nan,nan,0.00
11/4/2025 19:45:42,1.17.2,Bandit100,14,4.02,nan,20,100,0,RightinTimeout,Left,83,120,104,4,nan,nan,0.00
11/4/2025 19:45:43,1.17.2,Bandit100,14,4.02,nan,20,100,0,RightinTimeout,Left,83,120,104,4,nan,nan,0.00
11/4/2025 19:45:44,1.17.2,Bandit100,14,4.02,nan,20,100,0,RightinTimeout,Left,83,120,104,4,nan,nan,0.00
11/4/2025 19:45:46,1.17.2,Bandit100,14,4.01,nan,20,100,0,RightinTimeout,Left,83,120,104,4,nan,nan,0.00
11/4/2025 19:45:52,1.17.2,Bandit100,14,4.01,nan,20,100,0,LeftinTimeOut,Left,83,120,104,4,nan,nan,nan
11/4/2025 19:45:52,1.17.2,Bandit100,14,4.02,nan,20,100,0,LeftinTimeOut,Left,83,120,104,4,nan,nan,nan
11/4/2025 19:45:54,1.17.2,Bandit100,14,4.01,nan,20,100,0,LeftinTimeOut,Left,83,120,104,4,nan,nan,nan
11/4/2025 19:53:25,1.17.2,Bandit100,14,4.02,nan,20,100,0,Left,Left,84,120,104,4,nan,nan,0.02
11/4/2025 19:53:26,1.17.2,Bandit100,14,4.01,1,20,100,0,Pellet,Left,84,120,105,4,0.47,697,nan
11/4/2025 19:53:54,1.17.2,Bandit100,14,4.02,nan,20,100,0,Right,Left,84,121,105,5,nan,nan,0.02
11/4/2025 19:56:02,1.17.2,Bandit100,14,4.01,nan,20,100,0,Left,Left,85,121,105,5,nan,nan,0.23
11/4/2025 19:56:05,1.17.2,Bandit100,14,4.01,1,20,100,0,Pellet,Left,85,121,106,5,1.49,159,nan
11/4/2025 19:56:16,1.17.2,Bandit100,14,4.02,nan,20,100,0,Left,Left,86,121,106,6,nan,nan,0.42
11/4/2025 19:56:18,1.17.2,Bandit100,14,4.01,1,20,100,0,Pellet,Left,86,121,107,6,0.65,13,nan
11/4/2025 19:56:39,1.17.2,Bandit100,14,4.02,nan,20,100,0,Right,Left,86,122,107,7,nan,nan,0.13
11/4/2025 19:58:03,1.17.2,Bandit100,14,4.01,nan,20,100,0,Right,Left,86,123,107,7,nan,nan,0.16
11/4/2025 19:58:11,1.17.2,Bandit100,14,4.01,nan,20,100,0,RightinTimeout,Left,86,123,107,7,nan,nan,0.00
11/4/2025 20:00:53,1.17.2,Bandit100,14,4.02,nan,20,100,0,Right,Left,86,124,107,7,nan,nan,0.10
11/4/2025 20:00:55,1.17.2,Bandit100,14,4.02,nan,20,100,0,RightinTimeout,Left,86,124,107,7,nan,nan,0.00
11/4/2025 20:00:55,1.17.2,Bandit100,14,4.01,nan,20,100,0,RightinTimeout,Left,86,124,107,7,nan,nan,0.00
11/4/2025 20:01:00,1.17.2,Bandit100,14,4.02,nan,20,100,0,LeftinTimeOut,Left,86,124,107,7,nan,nan,nan
11/4/2025 20:01:07,1.17.2,Bandit100,14,4.02,nan,20,100,0,RightinTimeout,Left,86,124,107,7,nan,nan,0.00
11/4/2025 20:01:08,1.17.2,Bandit100,14,4.02,nan,20,100,0,RightinTimeout,Left,86,124,107,7,nan,nan,0.00
11/4/2025 20:09:37,1.17.2,Bandit100,14,4.02,nan,20,100,0,Left,Left,87,124,107,7,nan,nan,0.05
11/4/2025 20:09:38,1.17.2,Bandit100,14,4.01,1,20,100,0,Pellet,Left,87,124,108,7,0.71,800,nan
11/4/2025 20:09:53,1.17.2,Bandit100,14,4.01,nan,20,100,0,Right,Left,87,125,108,8,nan,nan,0.08
11/4/2025 20:13:49,1.17.2,Bandit100,14,4.02,nan,20,100,0,Right,Left,87,126,108,8,nan,nan,0.06
11/4/2025 20:13:49,1.17.2,Bandit100,14,4.01,nan,20,100,0,RightinTimeout,Left,87,126,108,8,nan,nan,0.00
11/4/2025 20:13:52,1.17.2,Bandit100,14,4.01,nan,20,100,0,RightinTimeout,Left,87,126,108,8,nan,nan,0.00
11/4/2025 20:13:52,1.17.2,Bandit100,14,4.02,nan,20,100,0,RightinTimeout,Left,87,126,108,8,nan,nan,0.00
11/4/2025 20:13:53,1.17.2,Bandit100,14,4.01,nan,20,100,0,RightinTimeout,Left,87,126,108,8,nan,nan,0.00
11/4/2025 20:16:29,1.17.2,Bandit100,14,4.02,nan,20,100,0,Right,Left,87,127,108,8,nan,nan,0.11
11/4/2025 20:16:57,1.17.2,Bandit100,14,4.01,nan,20,100,0,Left,Left,88,127,108,8,nan,nan,0.09
11/4/2025 20:16:59,1.17.2,Bandit100,14,4.01,1,20,100,0,Pellet,Left,88,127,109,8,0.65,441,nan
11/4/2025 20:17:16,1.17.2,Bandit100,14,4.02,nan,20,100,0,Left,Left,89,127,109,9,nan,nan,0.10
11/4/2025 20:17:17,1.17.2,Bandit100,14,4.02,1,20,100,0,Pellet,Left,89,127,110,9,0.41,18,nan
11/4/2025 20:17:29,1.17.2,Bandit100,14,4.01,nan,20,100,0,Left,Left,90,127,110,10,nan,nan,0.03
11/4/2025 20:17:29,1.17.2,Bandit100,14,4.01,nan,20,100,0,LeftDuringDispense,Left,90,127,110,10,nan,nan,0.08
11/4/2025 20:17:33,1.17.2,Bandit100,14,4.02,2,20,100,0,Pellet,Left,90,127,111,10,0.47,16,nan
11/4/2025 20:17:42,1.17.2,Bandit100,14,4.02,nan,20,100,0,Left,Left,91,127,111,11,nan,nan,0.07
11/4/2025 20:17:55,1.17.2,Bandit100,14,4.02,7,20,100,0,Pellet,Left,91,127,112,11,0.77,22,nan
11/4/2025 20:18:13,1.17.2,Bandit100,14,4.02,nan,20,100,0,Left,Left,92,127,112,12,nan,nan,0.04
11/4/2025 20:18:20,1.17.2,Bandit100,14,4.02,3,20,100,0,Pellet,Left,92,127,113,12,3.95,25,nan
11/4/2025 20:18:34,1.17.2,Bandit100,14,4.01,nan,20,100,0,Left,Left,93,127,113,13,nan,nan,0.01
11/4/2025 20:18:34,1.17.2,Bandit100,14,4.02,nan,20,100,0,LeftDuringDispense,Left,93,127,113,13,nan,nan,0.03
11/4/2025 20:18:37,1.17.2,Bandit100,14,4.01,3,20,100,0,Pellet,Left,93,127,114,13,0.59,17,nan
11/4/2025 20:20:55,1.17.2,Bandit100,14,4.01,nan,20,100,0,Left,Left,94,127,114,14,nan,nan,0.08
11/4/2025 20:20:56,1.17.2,Bandit100,14,4.01,1,20,100,0,Pellet,Left,94,127,115,14,0.29,139,nan
11/4/2025 20:22:20,1.17.2,Bandit100,14,4.01,nan,20,100,0,Right,Left,94,128,115,15,nan,nan,0.00
11/4/2025 20:22:35,1.17.2,Bandit100,14,4.02,nan,20,100,0,Left,Left,95,128,115,15,nan,nan,0.17
11/4/2025 20:22:36,1.17.2,Bandit100,14,4.01,1,20,100,0,Pellet,Left,95,128,116,15,0.53,100,nan
11/4/2025 20:24:25,1.17.2,Bandit100,14,4.01,nan,20,100,0,Right,Left,95,129,116,16,nan,nan,0.03
11/4/2025 20:25:48,1.17.2,Bandit100,14,4.01,nan,20,100,0,Right,Left,95,130,116,16,nan,nan,0.09
11/4/2025 20:25:51,1.17.2,Bandit100,14,4.02,nan,20,100,0,RightinTimeout,Left,95,130,116,16,nan,nan,0.00
11/4/2025 20:26:02,1.17.2,Bandit100,14,4.01,nan,20,100,0,Left,Left,96,130,116,16,nan,nan,0.03
11/4/2025 20:26:03,1.17.2,Bandit100,14,4.01,1,20,100,0,Pellet,Left,96,130,117,16,0.53,207,nan
11/4/2025 20:29:36,1.17.2,Bandit100,14,4.01,nan,20,100,0,Right,Left,96,131,117,17,nan,nan,0.03
11/4/2025 20:30:27,1.17.2,Bandit100,14,4.02,nan,20,100,0,Left,Left,97,131,117,17,nan,nan,0.16
11/4/2025 20:30:29,1.17.2,Bandit100,14,4.01,1,20,100,0,Pellet,Left,97,131,118,17,0.77,266,nan
11/4/2025 20:32:22,1.17.2,Bandit100,14,4.00,nan,20,100,0,Right,Left,97,132,118,18,nan,nan,0.06
11/4/2025 20:35:35,1.17.2,Bandit100,14,4.01,nan,20,100,0,Left,Left,98,132,118,18,nan,nan,0.06
11/4/2025 20:35:35,1.17.2,Bandit100,14,4.02,nan,20,100,0,LeftDuringDispense,Left,98,132,118,18,nan,nan,0.04
11/4/2025 20:35:39,1.17.2,Bandit100,14,4.01,2,20,100,0,Pellet,Left,98,132,119,18,0.89,310,nan
11/4/2025 20:35:50,1.17.2,Bandit100,14,4.01,nan,20,100,0,Left,Left,99,132,119,19,nan,nan,0.09
11/4/2025 20:35:51,1.17.2,Bandit100,14,4.01,1,20,100,0,Pellet,Left,99,132,120,19,0.65,12,nan
11/4/2025 20:36:06,1.17.2,Bandit100,14,4.01,nan,20,0,100,Left,Right,100,132,120,0,nan,nan,0.13
11/4/2025 20:44:49,1.17.2,Bandit100,14,4.01,nan,20,0,100,Left,Right,101,132,120,0,nan,nan,0.06
11/4/2025 20:48:36,1.17.2,Bandit100,14,4.01,nan,20,0,100,Left,Right,102,132,120,0,nan,nan,0.00
11/4/2025 20:48:37,1.17.2,Bandit100,14,4.01,nan,20,0,100,LeftinTimeOut,Right,102,132,120,0,nan,nan,nan
11/4/2025 21:02:46,1.17.2,Bandit100,14,4.01,nan,20,0,100,Left,Right,103,132,120,0,nan,nan,0.24
11/4/2025 21:06:14,1.17.2,Bandit100,14,4.01,nan,20,0,100,Right,Right,103,133,120,0,nan,nan,1.01
11/4/2025 21:06:15,1.17.2,Bandit100,14,4.01,1,20,0,100,Pellet,Right,103,133,121,0,0.65,1824,nan
11/4/2025 21:06:28,1.17.2,Bandit100,14,4.01,nan,20,0,100,Right,Right,103,134,121,1,nan,nan,0.05
11/4/2025 21:06:28,1.17.2,Bandit100,14,4.01,nan,20,0,100,RightDuringDispense,Right,103,134,121,1,nan,nan,0.04
11/4/2025 21:06:31,1.17.2,Bandit100,14,4.01,nan,20,0,100,RightWithPellet,Right,103,135,121,1,nan,nan,0.00
11/4/2025 21:06:33,1.17.2,Bandit100,14,4.01,2,20,0,100,Pellet,Right,103,135,122,1,2.13,18,nan
11/4/2025 21:06:49,1.17.2,Bandit100,14,4.01,nan,20,0,100,Right,Right,103,136,122,2,nan,nan,0.19
11/4/2025 21:06:50,1.17.2,Bandit100,14,4.00,nan,20,0,100,RightDuringDispense,Right,103,136,122,2,nan,nan,0.08
11/4/2025 21:06:54,1.17.2,Bandit100,14,4.01,2,20,0,100,Pellet,Right,103,136,123,2,1.67,21,nan
11/4/2025 21:07:06,1.17.2,Bandit100,14,4.01,nan,20,0,100,Right,Right,103,137,123,3,nan,nan,0.17
11/4/2025 21:07:07,1.17.2,Bandit100,14,4.01,nan,20,0,100,RightDuringDispense,Right,103,137,123,3,nan,nan,0.04
11/4/2025 21:07:10,1.17.2,Bandit100,14,4.00,2,20,0,100,Pellet,Right,103,137,124,3,0.83,16,nan
11/4/2025 21:07:19,1.17.2,Bandit100,14,4.01,nan,20,0,100,Right,Right,103,138,124,4,nan,nan,0.11
11/4/2025 21:07:20,1.17.2,Bandit100,14,4.00,1,20,0,100,Pellet,Right,103,138,125,4,0.65,10,nan
11/4/2025 21:07:28,1.17.2,Bandit100,14,4.01,nan,20,0,100,Right,Right,103,139,125,5,nan,nan,0.04
11/4/2025 21:07:29,1.17.2,Bandit100,14,4.00,1,20,0,100,Pellet,Right,103,139,126,5,0.71,9,nan
11/4/2025 21:07:39,1.17.2,Bandit100,14,4.01,nan,20,0,100,Right,Right,103,140,126,6,nan,nan,0.06
11/4/2025 21:07:41,1.17.2,Bandit100,14,4.01,1,20,0,100,Pellet,Right,103,140,127,6,0.59,12,nan
11/4/2025 21:10:38,1.17.2,Bandit100,14,4.01,nan,20,0,100,Left,Right,104,140,127,7,nan,nan,0.21
11/4/2025 21:10:40,1.17.2,Bandit100,14,4.01,nan,20,0,100,LeftinTimeOut,Right,104,140,127,7,nan,nan,nan
11/4/2025 21:10:40,1.17.2,Bandit100,14,4.01,nan,20,0,100,LeftinTimeOut,Right,104,140,127,7,nan,nan,nan
11/4/2025 21:11:58,1.17.2,Bandit100,14,4.01,nan,20,0,100,Right,Right,104,141,127,7,nan,nan,0.27
11/4/2025 21:11:59,1.17.2,Bandit100,14,4.00,1,20,0,100,Pellet,Right,104,141,128,7,0.47,258,nan
11/4/2025 21:14:38,1.17.2,Bandit100,14,4.01,nan,20,0,100,Right,Right,104,142,128,8,nan,nan,0.02
11/4/2025 21:14:39,1.17.2,Bandit100,14,4.01,1,20,0,100,Pellet,Right,104,142,129,8,0.65,160,nan
11/4/2025 21:14:53,1.17.2,Bandit100,14,4.01,nan,20,0,100,Right,Right,104,143,129,9,nan,nan,0.06
11/4/2025 21:14:55,1.17.2,Bandit100,14,4.01,1,20,0,100,Pellet,Right,104,143,130,9,1.13,16,nan
11/4/2025 21:16:12,1.17.2,Bandit100,14,4.00,nan,20,0,100,Right,Right,104,144,130,10,nan,nan,0.12
11/4/2025 21:16:12,1.17.2,Bandit100,14,4.01,nan,20,0,100,RightDuringDispense,Right,104,144,130,10,nan,nan,0.06
11/4/2025 21:16:16,1.17.2,Bandit100,14,4.01,2,20,0,100,Pellet,Right,104,144,131,10,1.37,81,nan
11/4/2025 21:16:22,1.17.2,Bandit100,14,4.00,nan,20,0,100,Right,Right,104,145,131,11,nan,nan,0.20
11/4/2025 21:16:24,1.17.2,Bandit100,14,4.01,1,20,0,100,Pellet,Right,104,145,132,11,0.53,8,nan
11/4/2025 21:16:34,1.17.2,Bandit100,14,4.01,nan,20,0,100,Right,Right,104,146,132,12,nan,nan,0.21
11/4/2025 21:16:35,1.17.2,Bandit100,14,4.01,1,20,0,100,Pellet,Right,104,146,133,12,0.71,11,nan
11/4/2025 21:16:46,1.17.2,Bandit100,14,4.01,nan,20,0,100,Right,Right,104,147,133,13,nan,nan,0.07
11/4/2025 21:16:47,1.17.2,Bandit100,14,4.01,1,20,0,100,Pellet,Right,104,147,134,13,0.41,12,nan
11/4/2025 21:16:58,1.17.2,Bandit100,14,4.01,nan,20,0,100,Right,Right,104,148,134,14,nan,nan,0.03
11/4/2025 21:17:00,1.17.2,Bandit100,14,4.01,1,20,0,100,Pellet,Right,104,148,135,14,0.71,13,nan
11/4/2025 21:18:57,1.17.2,Bandit100,14,4.01,nan,20,0,100,Right,Right,104,149,135,15,nan,nan,0.06
11/4/2025 21:18:58,1.17.2,Bandit100,14,4.01,1,20,0,100,Pellet,Right,104,149,136,15,0.47,118,nan
11/4/2025 21:22:38,1.17.2,Bandit100,14,4.00,nan,20,0,100,Right,Right,104,150,136,16,nan,nan,0.03
11/4/2025 21:22:39,1.17.2,Bandit100,14,4.01,1,20,0,100,Pellet,Right,104,150,137,16,0.65,221,nan
11/4/2025 21:24:43,1.17.2,Bandit100,14,4.01,nan,20,0,100,Right,Right,104,151,137,17,nan,nan,0.08
11/4/2025 21:24:45,1.17.2,Bandit100,14,4.00,1,20,0,100,Pellet,Right,104,151,138,17,0.77,126,nan
11/4/2025 21:24:53,1.17.2,Bandit100,14,4.00,nan,20,0,100,Right,Right,104,152,138,18,nan,nan,0.02
11/4/2025 21:24:54,1.17.2,Bandit100,14,4.01,1,20,0,100,Pellet,Right,104,152,139,18,0.77,9,nan
11/4/2025 21:25:02,1.17.2,Bandit100,14,4.01,nan,20,0,100,Right,Right,104,153,139,19,nan,nan,0.01
11/4/2025 21:25:04,1.17.2,Bandit100,14,4.01,1,20,0,100,Pellet,Right,104,153,140,19,0.65,10,nan
11/4/2025 21:25:14,1.17.2,Bandit100,14,4.01,nan,20,100,0,Right,Left,104,154,140,0,nan,nan,0.18
11/4/2025 21:25:42,1.17.2,Bandit100,14,4.01,nan,20,100,0,Left,Left,105,154,140,0,nan,nan,0.14
11/4/2025 21:25:44,1.17.2,Bandit100,14,4.01,1,20,100,0,Pellet,Left,105,154,141,0,0.47,40,nan
11/4/2025 21:27:05,1.17.2,Bandit100,14,4.01,nan,20,100,0,Right,Left,105,155,141,1,nan,nan,0.07
11/4/2025 21:27:10,1.17.2,Bandit100,14,4.01,nan,20,100,0,LeftinTimeOut,Left,105,155,141,1,nan,nan,nan
11/4/2025 21:33:28,1.17.2,Bandit100,14,4.01,nan,20,100,0,Right,Left,105,156,141,1,nan,nan,0.03
11/4/2025 21:36:48,1.17.2,Bandit100,14,4.01,nan,20,100,0,Right,Left,105,157,141,1,nan,nan,0.09
11/4/2025 21:36:50,1.17.2,Bandit100,14,4.00,nan,20,100,0,RightinTimeout,Left,105,157,141,1,nan,nan,0.00
11/4/2025 21:36:51,1.17.2,Bandit100,14,4.01,nan,20,100,0,RightinTimeout,Left,105,157,141,1,nan,nan,0.00
11/4/2025 21:36:51,1.17.2,Bandit100,14,4.01,nan,20,100,0,RightinTimeout,Left,105,157,141,1,nan,nan,0.00
11/4/2025 21:36:51,1.17.2,Bandit100,14,4.01,nan,20,100,0,RightinTimeout,Left,105,157,141,1,nan,nan,0.00
11/4/2025 21:36:53,1.17.2,Bandit100,14,4.00,nan,20,100,0,RightinTimeout,Left,105,157,141,1,nan,nan,0.00
11/4/2025 21:38:31,1.17.2,Bandit100,14,4.00,nan,20,100,0,Right,Left,105,158,141,1,nan,nan,0.05
11/4/2025 21:38:58,1.17.2,Bandit100,14,4.01,nan,20,100,0,Right,Left,105,159,141,1,nan,nan,0.57
11/4/2025 21:39:00,1.17.2,Bandit100,14,4.00,nan,20,100,0,RightinTimeout,Left,105,159,141,1,nan,nan,0.00
11/4/2025 21:39:29,1.17.2,Bandit100,14,4.01,nan,20,100,0,Left,Left,106,159,141,1,nan,nan,0.18
11/4/2025 21:39:36,1.17.2,Bandit100,14,4.01,1,20,100,0,Pellet,Left,106,159,142,1,5.87,832,nan
11/4/2025 21:39:54,1.17.2,Bandit100,14,4.00,nan,20,100,0,Left,Left,107,159,142,2,nan,nan,0.05
11/4/2025 21:39:57,1.17.2,Bandit100,14,4.02,1,20,100,0,Pellet,Left,107,159,143,2,1.73,21,nan
11/4/2025 21:41:39,1.17.2,Bandit100,14,4.01,nan,20,100,0,Right,Left,107,160,143,3,nan,nan,0.22
11/4/2025 21:41:41,1.17.2,Bandit100,14,4.01,nan,20,100,0,RightinTimeout,Left,107,160,143,3,nan,nan,0.00
11/4/2025 21:41:48,1.17.2,Bandit100,14,4.01,nan,20,100,0,RightinTimeout,Left,107,160,143,3,nan,nan,0.00
11/4/2025 21:41:48,1.17.2,Bandit100,14,4.01,nan,20,100,0,RightinTimeout,Left,107,160,143,3,nan,nan,0.00
11/4/2025 21:42:31,1.17.2,Bandit100,14,4.01,nan,20,100,0,Right,Left,107,161,143,3,nan,nan,0.25
11/4/2025 21:42:39,1.17.2,Bandit100,14,4.01,nan,20,100,0,RightinTimeout,Left,107,161,143,3,nan,nan,0.00
11/4/2025 21:43:18,1.17.2,Bandit100,14,4.01,nan,20,100,0,Right,Left,107,162,143,3,nan,nan,0.08
11/4/2025 21:52:57,1.17.2,Bandit100,14,4.01,nan,20,100,0,Right,Left,107,163,143,3,nan,nan,0.08
11/4/2025 21:52:58,1.17.2,Bandit100,14,4.01,nan,20,100,0,RightinTimeout,Left,107,163,143,3,nan,nan,0.00
11/4/2025 21:52:59,1.17.2,Bandit100,14,4.01,nan,20,100,0,RightinTimeout,Left,107,163,143,3,nan,nan,0.00
11/4/2025 21:53:35,1.17.2,Bandit100,14,4.01,nan,20,100,0,Left,Left,108,163,143,3,nan,nan,0.15
11/4/2025 21:53:35,1.17.2,Bandit100,14,4.00,nan,20,100,0,LeftDuringDispense,Left,108,163,143,3,nan,nan,0.01
11/4/2025 21:53:40,1.17.2,Bandit100,14,4.01,2,20,100,0,Pellet,Left,108,163,144,3,2.03,823,nan
11/4/2025 21:54:03,1.17.2,Bandit100,14,4.01,nan,20,100,0,Left,Left,109,163,144,4,nan,nan,0.02
11/4/2025 21:54:04,1.17.2,Bandit100,14,4.00,1,20,100,0,Pellet,Left,109,163,145,4,0.95,24,nan
11/4/2025 21:54:57,1.17.2,Bandit100,14,4.00,nan,20,100,0,Left,Left,110,163,145,5,nan,nan,0.14
11/4/2025 21:54:58,1.17.2,Bandit100,14,4.01,1,20,100,0,Pellet,Left,110,163,146,5,0.65,54,nan
11/4/2025 21:55:18,1.17.2,Bandit100,14,4.01,nan,20,100,0,Right,Left,110,164,146,6,nan,nan,0.35
11/4/2025 21:57:08,1.17.2,Bandit100,14,4.01,nan,20,100,0,Right,Left,110,165,146,6,nan,nan,0.25
11/4/2025 21:57:11,1.17.2,Bandit100,14,4.00,nan,20,100,0,RightinTimeout,Left,110,165,146,6,nan,nan,0.00
11/4/2025 21:57:20,1.17.2,Bandit100,14,4.01,nan,20,100,0,LeftinTimeOut,Left,110,165,146,6,nan,nan,nan
11/4/2025 21:57:20,1.17.2,Bandit100,14,4.01,nan,20,100,0,LeftinTimeOut,Left,110,165,146,6,nan,nan,nan
11/4/2025 21:57:23,1.17.2,Bandit100,14,4.01,nan,20,100,0,RightinTimeout,Left,110,165,146,6,nan,nan,0.00
11/4/2025 21:57:33,1.17.2,Bandit100,14,4.00,nan,20,100,0,LeftinTimeOut,Left,110,165,146,6,nan,nan,nan
11/4/2025 21:57:34,1.17.2,Bandit100,14,4.01,nan,20,100,0,LeftinTimeOut,Left,110,165,146,6,nan,nan,nan
11/4/2025 22:00:37,1.17.2,Bandit100,14,4.00,nan,20,100,0,Right,Left,110,166,146,6,nan,nan,0.05
11/4/2025 22:00:54,1.17.2,Bandit100,14,4.00,nan,20,100,0,Left,Left,111,166,146,6,nan,nan,0.12
11/4/2025 22:00:55,1.17.2,Bandit100,14,4.00,1,20,100,0,Pellet,Left,111,166,147,6,0.53,357,nan
11/4/2025 22:01:20,1.17.2,Bandit100,14,4.01,nan,20,100,0,Right,Left,111,167,147,7,nan,nan,0.05
11/4/2025 22:01:20,1.17.2,Bandit100,14,4.00,nan,20,100,0,RightinTimeout,Left,111,167,147,7,nan,nan,0.00
11/4/2025 22:01:24,1.17.2,Bandit100,14,4.00,nan,20,100,0,RightinTimeout,Left,111,167,147,7,nan,nan,0.00
11/4/2025 22:01:24,1.17.2,Bandit100,14,4.01,nan,20,100,0,RightinTimeout,Left,111,167,147,7,nan,nan,0.00
11/4/2025 22:01:24,1.17.2,Bandit100,14,4.01,nan,20,100,0,RightinTimeout,Left,111,167,147,7,nan,nan,0.00
11/4/2025 22:01:26,1.17.2,Bandit100,14,4.00,nan,20,100,0,RightinTimeout,Left,111,167,147,7,nan,nan,0.00
11/4/2025 22:01:26,1.17.2,Bandit100,14,4.01,nan,20,100,0,RightinTimeout,Left,111,167,147,7,nan,nan,0.00
11/4/2025 22:01:26,1.17.2,Bandit100,14,4.00,nan,20,100,0,RightinTimeout,Left,111,167,147,7,nan,nan,0.00
11/4/2025 22:02:26,1.17.2,Bandit100,14,4.01,nan,20,100,0,Left,Left,112,167,147,7,nan,nan,0.50
11/4/2025 22:02:26,1.17.2,Bandit100,14,4.00,nan,20,100,0,LeftDuringDispense,Left,112,167,147,7,nan,nan,0.04
11/4/2025 22:02:32,1.17.2,Bandit100,14,4.01,2,20,100,0,Pellet,Left,112,167,148,7,2.93,97,nan
11/4/2025 22:02:52,1.17.2,Bandit100,14,4.00,nan,20,100,0,Right,Left,112,168,148,8,nan,nan,0.07
11/4/2025 22:02:57,1.17.2,Bandit100,14,4.01,nan,20,100,0,LeftinTimeOut,Left,112,168,148,8,nan,nan,nan
11/4/2025 22:03:00,1.17.2,Bandit100,14,4.01,nan,20,100,0,LeftinTimeOut,Left,112,168,148,8,nan,nan,nan
11/4/2025 22:03:01,1.17.2,Bandit100,14,4.01,nan,20,100,0,LeftinTimeOut,Left,112,168,148,8,nan,nan,nan
11/4/2025 22:03:01,1.17.2,Bandit100,14,4.00,nan,20,100,0,LeftinTimeOut,Left,112,168,148,8,nan,nan,nan
11/4/2025 22:03:38,1.17.2,Bandit100,14,4.01,nan,20,100,0,Right,Left,112,169,148,8,nan,nan,0.32
11/4/2025 22:14:52,1.17.2,Bandit100,14,4.00,nan,20,100,0,Right,Left,112,170,148,8,nan,nan,0.08
11/4/2025 22:16:08,1.17.2,Bandit100,14,4.00,nan,20,100,0,Right,Left,112,171,148,8,nan,nan,0.15
11/4/2025 22:17:11,1.17.2,Bandit100,14,4.02,nan,20,100,0,Right,Left,112,172,148,8,nan,nan,0.24
11/4/2025 22:17:12,1.17.2,Bandit100,14,4.00,nan,20,100,0,RightinTimeout,Left,112,172,148,8,nan,nan,0.00
11/4/2025 22:18:45,1.17.2,Bandit100,14,4.01,nan,20,100,0,Left,Left,113,172,148,8,nan,nan,0.50
11/4/2025 22:18:47,1.17.2,Bandit100,14,4.00,1,20,100,0,Pellet,Left,113,172,149,8,1.19,975,nan
11/4/2025 22:19:39,1.17.2,Bandit100,14,4.00,nan,20,100,0,Left,Left,114,172,149,9,nan,nan,0.03
11/4/2025 22:19:41,1.17.2,Bandit100,14,4.01,1,20,100,0,Pellet,Left,114,172,150,9,0.59,54,nan
11/4/2025 22:19:56,1.17.2,Bandit100,14,4.00,nan,20,100,0,Right,Left,114,173,150,10,nan,nan,0.02
11/4/2025 22:19:58,1.17.2,Bandit100,14,4.00,nan,20,100,0,RightinTimeout,Left,114,173,150,10,nan,nan,0.00
11/4/2025 22:19:58,1.17.2,Bandit100,14,4.01,nan,20,100,0,RightinTimeout,Left,114,173,150,10,nan,nan,0.00
11/4/2025 22:20:35,1.17.2,Bandit100,14,4.01,nan,20,100,0,Right,Left,114,174,150,10,nan,nan,0.30
11/4/2025 22:21:34,1.17.2,Bandit100,14,4.01,nan,20,100,0,Left,Left,115,174,150,10,nan,nan,0.02
11/4/2025 22:21:36,1.17.2,Bandit100,14,4.00,1,20,100,0,Pellet,Left,115,174,151,10,1.25,115,nan
11/4/2025 22:23:34,1.17.2,Bandit100,14,4.00,nan,20,100,0,Right,Left,115,175,151,11,nan,nan,0.15
11/4/2025 22:24:40,1.17.2,Bandit100,14,4.01,nan,20,100,0,Right,Left,115,176,151,11,nan,nan,0.33
11/4/2025 22:24:43,1.17.2,Bandit100,14,4.00,nan,20,100,0,RightinTimeout,Left,115,176,151,11,nan,nan,0.00
11/4/2025 22:24:44,1.17.2,Bandit100,14,4.00,nan,20,100,0,RightinTimeout,Left,115,176,151,11,nan,nan,0.00
11/4/2025 22:24:46,1.17.2,Bandit100,14,4.00,nan,20,100,0,LeftinTimeOut,Left,115,176,151,11,nan,nan,nan
11/4/2025 22:25:12,1.17.2,Bandit100,14,4.00,nan,20,100,0,Right,Left,115,177,151,11,nan,nan,0.05
11/4/2025 22:27:36,1.17.2,Bandit100,14,4.00,nan,20,100,0,Right,Left,115,178,151,11,nan,nan,0.03
11/4/2025 22:32:33,1.17.2,Bandit100,14,4.00,nan,20,100,0,Right,Left,115,179,151,11,nan,nan,0.36
11/4/2025 22:35:45,1.17.2,Bandit100,14,4.00,nan,20,100,0,Left,Left,116,179,151,11,nan,nan,0.20
11/4/2025 22:35:50,1.17.2,Bandit100,14,4.00,1,20,100,0,Pellet,Left,116,179,152,11,4.13,854,nan
11/4/2025 22:36:55,1.17.2,Bandit100,14,4.00,nan,20,100,0,Right,Left,116,180,152,12,nan,nan,0.03
11/4/2025 22:40:20,1.17.2,Bandit100,14,4.00,nan,20,100,0,Right,Left,116,181,152,12,nan,nan,0.12
11/4/2025 22:42:05,1.17.2,Bandit100,14,4.00,nan,20,100,0,Left,Left,117,181,152,12,nan,nan,0.39
11/4/2025 22:42:07,1.17.2,Bandit100,14,4.01,1,20,100,0,Pellet,Left,117,181,153,12,0.65,377,nan
11/4/2025 22:42:44,1.17.2,Bandit100,14,4.01,nan,20,100,0,Left,Left,118,181,153,13,nan,nan,0.25
11/4/2025 22:42:47,1.17.2,Bandit100,14,4.00,1,20,100,0,Pellet,Left,118,181,154,13,2.33,40,nan
11/4/2025 22:44:02,1.17.2,Bandit100,14,4.00,nan,20,100,0,Right,Left,118,182,154,14,nan,nan,0.09
11/4/2025 22:44:03,1.17.2,Bandit100,14,4.01,nan,20,100,0,RightinTimeout,Left,118,182,154,14,nan,nan,0.00
11/4/2025 22:44:04,1.17.2,Bandit100,14,4.00,nan,20,100,0,RightinTimeout,Left,118,182,154,14,nan,nan,0.00
11/4/2025 22:44:04,1.17.2,Bandit100,14,4.01,nan,20,100,0,RightinTimeout,Left,118,182,154,14,nan,nan,0.00
11/4/2025 22:44:05,1.17.2,Bandit100,14,4.01,nan,20,100,0,RightinTimeout,Left,118,182,154,14,nan,nan,0.00
11/4/2025 22:45:13,1.17.2,Bandit100,14,4.01,nan,20,100,0,Left,Left,119,182,154,14,nan,nan,0.04
11/4/2025 22:45:15,1.17.2,Bandit100,14,4.00,1,20,100,0,Pellet,Left,119,182,155,14,1.61,148,nan
11/4/2025 22:45:49,1.17.2,Bandit100,14,4.00,nan,20,100,0,Left,Left,120,182,155,15,nan,nan,0.22
11/4/2025 22:45:52,1.17.2,Bandit100,14,4.01,1,20,100,0,Pellet,Left,120,182,156,15,1.85,37,nan
11/4/2025 22:47:30,1.17.2,Bandit100,14,4.01,nan,20,100,0,Left,Left,121,182,156,16,nan,nan,0.09
11/4/2025 22:47:31,1.17.2,Bandit100,14,4.00,1,20,100,0,Pellet,Left,121,182,157,16,0.95,99,nan
11/4/2025 22:47:55,1.17.2,Bandit100,14,4.00,nan,20,100,0,Left,Left,122,182,157,17,nan,nan,0.01
11/4/2025 22:47:59,1.17.2,Bandit100,14,4.01,1,20,100,0,Pellet,Left,122,182,158,17,2.39,28,nan
11/4/2025 22:48:18,1.17.2,Bandit100,14,4.00,nan,20,100,0,Right,Left,122,183,158,18,nan,nan,0.14
11/4/2025 22:48:31,1.17.2,Bandit100,14,4.00,nan,20,100,0,Right,Left,122,184,158,18,nan,nan,0.14
11/4/2025 22:57:59,1.17.2,Bandit100,14,4.01,nan,20,100,0,Left,Left,123,184,158,18,nan,nan,0.22
11/4/2025 22:57:59,1.17.2,Bandit100,14,4.01,nan,20,100,0,LeftDuringDispense,Left,123,184,158,18,nan,nan,0.06
11/4/2025 22:58:04,1.17.2,Bandit100,14,4.00,2,20,100,0,Pellet,Left,123,184,159,18,1.55,605,nan
11/4/2025 22:58:22,1.17.2,Bandit100,14,4.00,nan,20,100,0,Left,Left,124,184,159,19,nan,nan,0.02
11/4/2025 22:58:23,1.17.2,Bandit100,14,4.00,nan,20,100,0,LeftDuringDispense,Left,124,184,159,19,nan,nan,0.02
11/4/2025 22:58:27,1.17.2,Bandit100,14,4.01,nan,20,100,0,LeftWithPellet,Left,124,184,159,19,nan,nan,0.17
11/4/2025 22:58:28,1.17.2,Bandit100,14,4.00,2,20,100,0,Pellet,Left,124,184,160,19,2.04,24,nan
11/4/2025 22:59:19,1.17.2,Bandit100,14,4.00,nan,20,0,100,Left,Right,125,184,160,0,nan,nan,0.13
11/4/2025 22:59:20,1.17.2,Bandit100,14,4.00,nan,20,0,100,LeftinTimeOut,Right,125,184,160,0,nan,nan,nan
11/4/2025 22:59:20,1.17.2,Bandit100,14,4.00,nan,20,0,100,LeftinTimeOut,Right,125,184,160,0,nan,nan,nan
11/4/2025 22:59:23,1.17.2,Bandit100,14,4.00,nan,20,0,100,LeftinTimeOut,Right,125,184,160,0,nan,nan,nan
11/4/2025 22:59:41,1.17.2,Bandit100,14,4.00,nan,20,0,100,Right,Right,125,185,160,0,nan,nan,0.10
11/4/2025 22:59:43,1.17.2,Bandit100,14,4.01,1,20,0,100,Pellet,Right,125,185,161,0,0.59,75,nan
11/4/2025 23:00:10,1.17.2,Bandit100,14,4.00,nan,20,0,100,Right,Right,125,186,161,1,nan,nan,0.11
11/4/2025 23:00:11,1.17.2,Bandit100,14,4.00,nan,20,0,100,RightWithPellet,Right,125,187,161,1,nan,nan,0.09
11/4/2025 23:00:12,1.17.2,Bandit100,14,4.00,1,20,0,100,Pellet,Right,125,187,162,1,1.64,29,nan
11/4/2025 23:04:41,1.17.2,Bandit100,14,4.00,nan,20,0,100,Left,Right,126,187,162,2,nan,nan,0.02
11/4/2025 23:05:00,1.17.2,Bandit100,14,4.00,nan,20,0,100,Left,Right,127,187,162,2,nan,nan,0.06
11/4/2025 23:05:02,1.17.2,Bandit100,14,4.01,nan,20,0,100,LeftinTimeOut,Right,127,187,162,2,nan,nan,nan
11/4/2025 23:15:04,1.17.2,Bandit100,14,4.00,nan,20,0,100,Right,Right,127,188,162,2,nan,nan,0.66
11/4/2025 23:15:06,1.17.2,Bandit100,14,4.00,1,20,0,100,Pellet,Right,127,188,163,2,1.01,894,nan
11/4/2025 23:15:19,1.17.2,Bandit100,14,4.00,nan,20,0,100,Left,Right,128,188,163,3,nan,nan,0.02
11/4/2025 23:19:08,1.17.2,Bandit100,14,4.00,nan,20,0,100,Left,Right,129,188,163,3,nan,nan,0.05
11/4/2025 23:19:11,1.17.2,Bandit100,14,4.00,nan,20,0,100,RightinTimeout,Right,129,188,163,3,nan,nan,0.00
11/4/2025 23:19:14,1.17.2,Bandit100,14,4.00,nan,20,0,100,RightinTimeout,Right,129,188,163,3,nan,nan,0.00
11/4/2025 23:20:28,1.17.2,Bandit100,14,4.00,nan,20,0,100,Right,Right,129,189,163,3,nan,nan,0.11
11/4/2025 23:20:30,1.17.2,Bandit100,14,4.00,1,20,0,100,Pellet,Right,129,189,164,3,0.59,323,nan
11/4/2025 23:20:38,1.17.2,Bandit100,14,4.00,nan,20,0,100,Right,Right,129,190,164,4,nan,nan,0.20
11/4/2025 23:20:39,1.17.2,Bandit100,14,4.00,1,20,0,100,Pellet,Right,129,190,165,4,0.41,10,nan
11/4/2025 23:21:06,1.17.2,Bandit100,14,4.00,nan,20,0,100,Left,Right,130,190,165,5,nan,nan,0.18
11/4/2025 23:21:07,1.17.2,Bandit100,14,4.00,nan,20,0,100,LeftinTimeOut,Right,130,190,165,5,nan,nan,nan
11/4/2025 23:22:56,1.17.2,Bandit100,14,4.00,nan,20,0,100,Right,Right,130,191,165,5,nan,nan,0.39
11/4/2025 23:22:57,1.17.2,Bandit100,14,4.00,1,20,0,100,Pellet,Right,130,191,166,5,0.47,138,nan
11/4/2025 23:23:14,1.17.2,Bandit100,14,4.00,nan,20,0,100,Right,Right,130,192,166,6,nan,nan,0.39
11/4/2025 23:23:16,1.17.2,Bandit100,14,4.00,1,20,0,100,Pellet,Right,130,192,167,6,0.53,19,nan
11/4/2025 23:24:06,1.17.2,Bandit100,14,4.00,nan,20,0,100,Left,Right,131,192,167,7,nan,nan,0.16
11/4/2025 23:24:08,1.17.2,Bandit100,14,4.00,nan,20,0,100,RightinTimeout,Right,131,192,167,7,nan,nan,0.00
11/4/2025 23:27:53,1.17.2,Bandit100,14,4.00,nan,20,0,100,Left,Right,132,192,167,7,nan,nan,0.12
11/4/2025 23:28:10,1.17.2,Bandit100,14,4.00,nan,20,0,100,Left,Right,133,192,167,7,nan,nan,0.12
11/4/2025 23:29:39,1.17.2,Bandit100,14,4.00,nan,20,0,100,Left,Right,134,192,167,7,nan,nan,0.18
11/4/2025 23:37:45,1.17.2,Bandit100,14,4.00,nan,20,0,100,Left,Right,135,192,167,7,nan,nan,0.03
11/4/2025 23:37:45,1.17.2,Bandit100,14,4.00,nan,20,0,100,LeftinTimeOut,Right,135,192,167,7,nan,nan,nan
11/4/2025 23:37:49,1.17.2,Bandit100,14,4.00,nan,20,0,100,LeftinTimeOut,Right,135,192,167,7,nan,nan,nan
11/4/2025 23:37:49,1.17.2,Bandit100,14,4.00,nan,20,0,100,LeftinTimeOut,Right,135,192,167,7,nan,nan,nan
11/4/2025 23:37:51,1.17.2,Bandit100,14,4.00,nan,20,0,100,LeftinTimeOut,Right,135,192,167,7,nan,nan,nan
11/4/2025 23:42:04,1.17.2,Bandit100,14,4.00,nan,20,0,100,Left,Right,136,192,167,7,nan,nan,0.22
11/4/2025 23:42:06,1.17.2,Bandit100,14,4.00,nan,20,0,100,LeftinTimeOut,Right,136,192,167,7,nan,nan,nan
11/4/2025 23:42:07,1.17.2,Bandit100,14,4.00,nan,20,0,100,LeftinTimeOut,Right,136,192,167,7,nan,nan,nan
11/4/2025 23:42:09,1.17.2,Bandit100,14,4.00,nan,20,0,100,LeftinTimeOut,Right,136,192,167,7,nan,nan,nan
11/4/2025 23:46:28,1.17.2,Bandit100,14,4.00,nan,20,0,100,Left,Right,137,192,167,7,nan,nan,0.20
11/4/2025 23:46:29,1.17.2,Bandit100,14,4.00,nan,20,0,100,LeftinTimeOut,Right,137,192,167,7,nan,nan,nan
11/4/2025 23:52:06,1.17.2,Bandit100,14,4.00,nan,20,0,100,Right,Right,137,193,167,7,nan,nan,0.10
11/4/2025 23:52:07,1.17.2,Bandit100,14,4.01,1,20,0,100,Pellet,Right,137,193,168,7,0.59,1731,nan
11/4/2025 23:52:46,1.17.2,Bandit100,14,4.00,nan,20,0,100,Left,Right,138,193,168,8,nan,nan,0.03
11/4/2025 23:52:48,1.17.2,Bandit100,14,4.00,nan,20,0,100,LeftinTimeOut,Right,138,193,168,8,nan,nan,nan
11/4/2025 23:58:55,1.17.2,Bandit100,14,4.00,nan,20,0,100,Left,Right,139,193,168,8,nan,nan,0.75
11/4/2025 23:58:58,1.17.2,Bandit100,14,4.00,nan,20,0,100,LeftinTimeOut,Right,139,193,168,8,nan,nan,nan
11/4/2025 23:58:58,1.17.2,Bandit100,14,4.00,nan,20,0,100,LeftinTimeOut,Right,139,193,168,8,nan,nan,nan
11/4/2025 23:59:00,1.17.2,Bandit100,14,4.00,nan,20,0,100,LeftinTimeOut,Right,139,193,168,8,nan,nan,nan
11/5/2025 0:13:51,1.17.2,Bandit100,14,4.00,nan,20,0,100,Right,Right,139,194,168,8,nan,nan,0.09
11/5/2025 0:13:52,1.17.2,Bandit100,14,4.00,1,20,0,100,Pellet,Right,139,194,169,8,0.83,1305,nan
11/5/2025 0:14:18,1.17.2,Bandit100,14,4.00,nan,20,0,100,Left,Right,140,194,169,9,nan,nan,0.20
11/5/2025 0:31:47,1.17.2,Bandit100,14,4.00,nan,20,0,100,Left,Right,141,194,169,9,nan,nan,0.11
11/5/2025 0:31:49,1.17.2,Bandit100,14,4.00,nan,20,0,100,LeftinTimeOut,Right,141,194,169,9,nan,nan,nan
11/5/2025 0:31:52,1.17.2,Bandit100,14,4.00,nan,20,0,100,LeftinTimeOut,Right,141,194,169,9,nan,nan,nan
11/5/2025 0:31:54,1.17.2,Bandit100,14,4.00,nan,20,0,100,LeftinTimeOut,Right,141,194,169,9,nan,nan,nan
11/5/2025 1:50:20,1.17.2,Bandit100,14,4.00,nan,20,0,100,Right,Right,141,195,169,9,nan,nan,0.78
11/5/2025 1:50:21,1.17.2,Bandit100,14,4.00,2,20,0,100,Pellet,Right,141,195,170,9,0.41,5789,nan
11/5/2025 1:50:36,1.17.2,Bandit100,14,4.00,nan,20,0,100,Right,Right,141,196,170,10,nan,nan,0.08
11/5/2025 1:50:37,1.17.2,Bandit100,14,4.00,1,20,0,100,Pellet,Right,141,196,171,10,0.53,16,nan
11/5/2025 1:50:56,1.17.2,Bandit100,14,4.00,nan,20,0,100,Right,Right,141,197,171,11,nan,nan,0.19
11/5/2025 1:50:57,1.17.2,Bandit100,14,4.00,1,20,0,100,Pellet,Right,141,197,172,11,0.47,20,nan
11/5/2025 1:51:11,1.17.2,Bandit100,14,4.00,nan,20,0,100,Right,Right,141,198,172,12,nan,nan,0.10
11/5/2025 1:51:13,1.17.2,Bandit100,14,4.00,1,20,0,100,Pellet,Right,141,198,173,12,0.41,16,nan
11/5/2025 1:51:26,1.17.2,Bandit100,14,4.00,nan,20,0,100,Right,Right,141,199,173,13,nan,nan,0.00
11/5/2025 1:51:27,1.17.2,Bandit100,14,4.00,1,20,0,100,Pellet,Right,141,199,174,13,0.41,14,nan
11/5/2025 1:51:39,1.17.2,Bandit100,14,4.00,nan,20,0,100,Right,Right,141,200,174,14,nan,nan,0.14
11/5/2025 1:51:41,1.17.2,Bandit100,14,4.00,1,20,0,100,Pellet,Right,141,200,175,14,0.71,14,nan
11/5/2025 1:51:48,1.17.2,Bandit100,14,4.00,nan,20,0,100,Right,Right,141,201,175,15,nan,nan,0.07
11/5/2025 1:51:48,1.17.2,Bandit100,14,4.00,nan,20,0,100,RightDuringDispense,Right,141,201,175,15,nan,nan,0.03
11/5/2025 1:51:52,1.17.2,Bandit100,14,4.00,2,20,0,100,Pellet,Right,141,201,176,15,0.77,11,nan
11/5/2025 1:52:06,1.17.2,Bandit100,14,4.00,nan,20,0,100,Right,Right,141,202,176,16,nan,nan,0.13
11/5/2025 1:52:07,1.17.2,Bandit100,14,4.00,1,20,0,100,Pellet,Right,141,202,177,16,0.59,15,nan
11/5/2025 1:52:17,1.17.2,Bandit100,14,4.00,nan,20,0,100,Right,Right,141,203,177,17,nan,nan,0.15
11/5/2025 1:52:18,1.17.2,Bandit100,14,4.00,1,20,0,100,Pellet,Right,141,203,178,17,0.35,11,nan
11/5/2025 1:52:33,1.17.2,Bandit100,14,4.00,nan,20,0,100,Right,Right,141,204,178,18,nan,nan,0.15
11/5/2025 1:52:34,1.17.2,Bandit100,14,4.00,nan,20,0,100,RightDuringDispense,Right,141,204,178,18,nan,nan,0.02
11/5/2025 1:52:37,1.17.2,Bandit100,14,4.00,2,20,0,100,Pellet,Right,141,204,179,18,0.53,19,nan
11/5/2025 1:52:53,1.17.2,Bandit100,14,4.00,nan,20,0,100,Right,Right,141,205,179,19,nan,nan,0.09
11/5/2025 1:52:54,1.17.2,Bandit100,14,4.00,nan,20,0,100,RightDuringDispense,Right,141,205,179,19,nan,nan,0.06
11/5/2025 1:52:57,1.17.2,Bandit100,14,4.00,2,20,0,100,Pellet,Right,141,205,180,19,0.83,20,nan
11/5/2025 1:53:08,1.17.2,Bandit100,14,4.00,nan,20,100,0,Right,Left,141,206,180,0,nan,nan,0.59
11/5/2025 1:53:09,1.17.2,Bandit100,14,4.00,nan,20,100,0,RightinTimeout,Left,141,206,180,0,nan,nan,0.00
11/5/2025 1:53:10,1.17.2,Bandit100,14,4.00,nan,20,100,0,RightinTimeout,Left,141,206,180,0,nan,nan,0.00
11/5/2025 1:53:11,1.17.2,Bandit100,14,4.00,nan,20,100,0,RightinTimeout,Left,141,206,180,0,nan,nan,0.00
11/5/2025 1:53:14,1.17.2,Bandit100,14,4.00,nan,20,100,0,LeftinTimeOut,Left,141,206,180,0,nan,nan,nan
11/5/2025 1:53:21,1.17.2,Bandit100,14,4.00,nan,20,100,0,RightinTimeout,Left,141,206,180,0,nan,nan,0.00
11/5/2025 1:53:22,1.17.2,Bandit100,14,4.00,nan,20,100,0,RightinTimeout,Left,141,206,180,0,nan,nan,0.00
11/5/2025 2:15:09,1.17.2,Bandit100,14,4.00,nan,20,100,0,Left,Left,142,206,180,0,nan,nan,0.59
11/5/2025 2:15:11,1.17.2,Bandit100,14,4.00,1,20,100,0,Pellet,Left,142,206,181,0,1.19,1334,nan
11/5/2025 2:27:11,1.17.2,Bandit100,14,4.00,nan,20,100,0,Left,Left,143,206,181,1,nan,nan,0.02
11/5/2025 2:27:11,1.17.2,Bandit100,14,3.99,nan,20,100,0,LeftDuringDispense,Left,143,206,181,1,nan,nan,0.01
11/5/2025 2:27:14,1.17.2,Bandit100,14,3.99,nan,20,100,0,LeftDuringDispense,Left,143,206,181,1,nan,nan,0.02
11/5/2025 2:27:17,1.17.2,Bandit100,14,4.00,nan,20,100,0,LeftDuringDispense,Left,143,206,181,1,nan,nan,0.40
11/5/2025 2:27:20,1.17.2,Bandit100,14,4.00,4,20,100,0,Pellet,Left,143,206,182,1,1.01,729,nan
11/5/2025 2:27:37,1.17.2,Bandit100,14,4.00,nan,20,100,0,Left,Left,144,206,182,2,nan,nan,0.06
11/5/2025 2:27:40,1.17.2,Bandit100,14,4.00,1,20,100,0,Pellet,Left,144,206,183,2,2.15,20,nan
11/5/2025 2:27:59,1.17.2,Bandit100,14,4.00,nan,20,100,0,Left,Left,145,206,183,3,nan,nan,0.12
11/5/2025 2:28:01,1.17.2,Bandit100,14,4.00,1,20,100,0,Pellet,Left,145,206,184,3,1.13,21,nan
11/5/2025 2:28:08,1.17.2,Bandit100,14,4.00,nan,20,100,0,Right,Left,145,207,184,4,nan,nan,0.12
11/5/2025 2:28:11,1.17.2,Bandit100,14,4.00,nan,20,100,0,RightinTimeout,Left,145,207,184,4,nan,nan,0.00
11/5/2025 2:28:24,1.17.2,Bandit100,14,3.98,nan,20,100,0,Left,Left,146,207,184,4,nan,nan,0.13
11/5/2025 2:28:24,1.17.2,Bandit100,14,4.00,nan,20,100,0,LeftDuringDispense,Left,146,207,184,4,nan,nan,0.04
11/5/2025 2:28:29,1.17.2,Bandit100,14,4.00,2,20,100,0,Pellet,Left,146,207,185,4,1.85,28,nan
11/5/2025 2:30:09,1.17.2,Bandit100,14,4.00,nan,20,100,0,Left,Left,147,207,185,5,nan,nan,0.09
11/5/2025 2:30:09,1.17.2,Bandit100,14,4.00,nan,20,100,0,LeftDuringDispense,Left,147,207,185,5,nan,nan,0.00
11/5/2025 2:30:13,1.17.2,Bandit100,14,4.00,2,20,100,0,Pellet,Left,147,207,186,5,1.31,104,nan
11/5/2025 2:31:05,1.17.2,Bandit100,14,4.00,nan,20,100,0,Left,Left,148,207,186,6,nan,nan,0.41
11/5/2025 2:31:07,1.17.2,Bandit100,14,4.00,1,20,100,0,Pellet,Left,148,207,187,6,0.83,54,nan
11/5/2025 2:31:39,1.17.2,Bandit100,14,4.00,nan,20,100,0,Left,Left,149,207,187,7,nan,nan,0.09
11/5/2025 2:31:42,1.17.2,Bandit100,14,4.00,2,20,100,0,Pellet,Left,149,207,188,7,0.53,35,nan
11/5/2025 2:33:09,1.17.2,Bandit100,14,4.00,nan,20,100,0,Left,Left,150,207,188,8,nan,nan,0.04
11/5/2025 2:33:11,1.17.2,Bandit100,14,4.00,1,20,100,0,Pellet,Left,150,207,189,8,1.55,89,nan
11/5/2025 2:33:32,1.17.2,Bandit100,14,4.00,nan,20,100,0,Right,Left,150,208,189,9,nan,nan,0.26
11/5/2025 2:34:50,1.17.2,Bandit100,14,4.00,nan,20,100,0,Right,Left,150,209,189,9,nan,nan,0.07
11/5/2025 2:34:53,1.17.2,Bandit100,14,4.00,nan,20,100,0,RightinTimeout,Left,150,209,189,9,nan,nan,0.00
11/5/2025 2:34:56,1.17.2,Bandit100,14,4.00,nan,20,100,0,RightinTimeout,Left,150,209,189,9,nan,nan,0.00
11/5/2025 2:35:02,1.17.2,Bandit100,14,4.00,nan,20,100,0,LeftinTimeOut,Left,150,209,189,9,nan,nan,nan
11/5/2025 2:39:30,1.17.2,Bandit100,14,4.00,nan,20,100,0,Right,Left,150,210,189,9,nan,nan,0.19
11/5/2025 2:44:36,1.17.2,Bandit100,14,4.00,nan,20,100,0,Left,Left,151,210,189,9,nan,nan,0.50
11/5/2025 2:44:36,1.17.2,Bandit100,14,3.99,nan,20,100,0,LeftDuringDispense,Left,151,210,189,9,nan,nan,0.16
11/5/2025 2:44:40,1.17.2,Bandit100,14,4.00,2,20,100,0,Pellet,Left,151,210,190,9,0.59,689,nan
11/5/2025 2:44:49,1.17.2,Bandit100,14,4.00,nan,20,100,0,Left,Left,152,210,190,10,nan,nan,0.03
11/5/2025 2:44:51,1.17.2,Bandit100,14,4.00,1,20,100,0,Pellet,Left,152,210,191,10,0.65,11,nan
11/5/2025 2:45:36,1.17.2,Bandit100,14,4.00,nan,20,100,0,Right,Left,152,211,191,11,nan,nan,0.20
11/5/2025 2:45:37,1.17.2,Bandit100,14,3.99,nan,20,100,0,RightinTimeout,Left,152,211,191,11,nan,nan,0.00
11/5/2025 2:46:44,1.17.2,Bandit100,14,4.00,nan,20,100,0,Right,Left,152,212,191,11,nan,nan,0.41
11/5/2025 2:47:03,1.17.2,Bandit100,14,4.00,nan,20,100,0,Right,Left,152,213,191,11,nan,nan,0.07
11/5/2025 2:47:05,1.17.2,Bandit100,14,4.00,nan,20,100,0,RightinTimeout,Left,152,213,191,11,nan,nan,0.00
11/5/2025 2:47:05,1.17.2,Bandit100,14,4.00,nan,20,100,0,RightinTimeout,Left,152,213,191,11,nan,nan,0.00
11/5/2025 2:47:40,1.17.2,Bandit100,14,4.00,nan,20,100,0,Left,Left,153,213,191,11,nan,nan,0.48
11/5/2025 2:47:43,1.17.2,Bandit100,14,4.00,1,20,100,0,Pellet,Left,153,213,192,11,1.97,172,nan
11/5/2025 2:47:51,1.17.2,Bandit100,14,4.00,nan,20,100,0,Left,Left,154,213,192,12,nan,nan,0.85
11/5/2025 2:47:52,1.17.2,Bandit100,14,4.00,1,20,100,0,Pellet,Left,154,213,193,12,0.23,9,nan
11/5/2025 2:48:03,1.17.2,Bandit100,14,4.00,nan,20,100,0,Left,Left,155,213,193,13,nan,nan,0.04
11/5/2025 2:48:04,1.17.2,Bandit100,14,4.00,1,20,100,0,Pellet,Left,155,213,194,13,0.47,12,nan
11/5/2025 2:48:11,1.17.2,Bandit100,14,4.00,nan,20,100,0,Left,Left,156,213,194,14,nan,nan,0.38
11/5/2025 2:48:13,1.17.2,Bandit100,14,3.99,1,20,100,0,Pellet,Left,156,213,195,14,0.35,8,nan
11/5/2025 2:48:36,1.17.2,Bandit100,14,3.99,nan,20,100,0,Left,Left,157,213,195,15,nan,nan,0.37
11/5/2025 2:48:37,1.17.2,Bandit100,14,4.00,1,20,100,0,Pellet,Left,157,213,196,15,0.65,25,nan
11/5/2025 2:53:17,1.17.2,Bandit100,14,4.00,nan,20,100,0,Left,Left,158,213,196,16,nan,nan,0.13
11/5/2025 2:53:20,1.17.2,Bandit100,14,3.99,1,20,100,0,Pellet,Left,158,213,197,16,1.43,282,nan
11/5/2025 2:55:01,1.17.2,Bandit100,14,4.00,nan,20,100,0,Left,Left,159,213,197,17,nan,nan,0.05
11/5/2025 2:55:04,1.17.2,Bandit100,14,4.00,2,20,100,0,Pellet,Left,159,213,198,17,0.53,105,nan
11/5/2025 2:55:14,1.17.2,Bandit100,14,4.00,nan,20,100,0,Left,Left,160,213,198,18,nan,nan,0.15
11/5/2025 2:55:15,1.17.2,Bandit100,14,4.00,1,20,100,0,Pellet,Left,160,213,199,18,0.29,11,nan
11/5/2025 2:55:25,1.17.2,Bandit100,14,4.00,nan,20,100,0,Left,Left,161,213,199,19,nan,nan,0.16
11/5/2025 2:55:27,1.17.2,Bandit100,14,4.00,1,20,100,0,Pellet,Left,161,213,200,19,0.77,12,nan
11/5/2025 2:55:32,1.17.2,Bandit100,14,4.00,nan,20,0,100,Left,Right,162,213,200,0,nan,nan,0.08
11/5/2025 2:58:36,1.17.2,Bandit100,14,4.00,nan,20,0,100,Left,Right,163,213,200,0,nan,nan,0.37
11/5/2025 3:01:05,1.17.2,Bandit100,14,3.99,nan,20,0,100,Left,Right,164,213,200,0,nan,nan,0.18
11/5/2025 3:06:31,1.17.2,Bandit100,14,4.00,nan,20,0,100,Left,Right,165,213,200,0,nan,nan,0.26
11/5/2025 3:06:47,1.17.2,Bandit100,14,4.00,nan,20,0,100,Left,Right,166,213,200,0,nan,nan,0.22
11/5/2025 3:06:47,1.17.2,Bandit100,14,4.00,nan,20,0,100,LeftinTimeOut,Right,166,213,200,0,nan,nan,nan
11/5/2025 3:08:38,1.17.2,Bandit100,14,4.00,nan,20,0,100,Left,Right,167,213,200,0,nan,nan,0.44
11/5/2025 4:27:41,1.17.2,Bandit100,14,4.00,nan,20,0,100,Left,Right,168,213,200,0,nan,nan,0.01
11/5/2025 4:28:35,1.17.2,Bandit100,14,4.00,nan,20,0,100,Left,Right,169,213,200,0,nan,nan,0.01
11/5/2025 4:28:39,1.17.2,Bandit100,14,3.99,nan,20,0,100,LeftinTimeOut,Right,169,213,200,0,nan,nan,nan
11/5/2025 4:33:14,1.17.2,Bandit100,14,3.99,nan,20,0,100,Left,Right,170,213,200,0,nan,nan,0.04
11/5/2025 4:41:36,1.17.2,Bandit100,14,3.99,nan,20,0,100,Right,Right,170,214,200,0,nan,nan,0.07
11/5/2025 4:41:42,1.17.2,Bandit100,14,3.99,1,20,0,100,Pellet,Right,170,214,201,0,5.50,6375,nan
11/5/2025 4:42:04,1.17.2,Bandit100,14,3.99,nan,20,0,100,Right,Right,170,215,201,1,nan,nan,0.18
11/5/2025 4:42:05,1.17.2,Bandit100,14,3.99,1,20,0,100,Pellet,Right,170,215,202,1,0.53,23,nan
11/5/2025 4:42:22,1.17.2,Bandit100,14,4.00,nan,20,0,100,Left,Right,171,215,202,2,nan,nan,0.02
11/5/2025 4:44:16,1.17.2,Bandit100,14,3.99,nan,20,0,100,Left,Right,172,215,202,2,nan,nan,0.22
11/5/2025 4:44:18,1.17.2,Bandit100,14,3.99,nan,20,0,100,RightinTimeout,Right,172,215,202,2,nan,nan,0.00
11/5/2025 4:47:12,1.17.2,Bandit100,14,3.99,nan,20,0,100,Right,Right,172,216,202,2,nan,nan,0.00
11/5/2025 4:47:21,1.17.2,Bandit100,14,3.99,1,20,0,100,Pellet,Right,172,216,203,2,7.67,316,nan
11/5/2025 4:48:44,1.17.2,Bandit100,14,3.99,nan,20,0,100,Left,Right,173,216,203,3,nan,nan,0.06
11/5/2025 4:49:15,1.17.2,Bandit100,14,3.99,nan,20,0,100,Right,Right,173,217,203,3,nan,nan,0.12
11/5/2025 4:49:17,1.17.2,Bandit100,14,4.00,1,20,0,100,Pellet,Right,173,217,204,3,0.77,116,nan
11/5/2025 4:50:01,1.17.2,Bandit100,14,3.99,nan,20,0,100,Left,Right,174,217,204,4,nan,nan,0.11
11/5/2025 4:50:06,1.17.2,Bandit100,14,3.99,nan,20,0,100,LeftinTimeOut,Right,174,217,204,4,nan,nan,nan
11/5/2025 4:50:06,1.17.2,Bandit100,14,3.99,nan,20,0,100,LeftinTimeOut,Right,174,217,204,4,nan,nan,nan
11/5/2025 4:50:07,1.17.2,Bandit100,14,3.99,nan,20,0,100,LeftinTimeOut,Right,174,217,204,4,nan,nan,nan
11/5/2025 4:50:08,1.17.2,Bandit100,14,3.99,nan,20,0,100,LeftinTimeOut,Right,174,217,204,4,nan,nan,nan
11/5/2025 4:50:09,1.17.2,Bandit100,14,3.98,nan,20,0,100,LeftinTimeOut,Right,174,217,204,4,nan,nan,nan
11/5/2025 4:50:11,1.17.2,Bandit100,14,3.99,nan,20,0,100,RightinTimeout,Right,174,217,204,4,nan,nan,0.00
11/5/2025 4:50:11,1.17.2,Bandit100,14,3.99,nan,20,0,100,RightinTimeout,Right,174,217,204,4,nan,nan,0.00
11/5/2025 4:50:13,1.17.2,Bandit100,14,3.99,nan,20,0,100,RightinTimeout,Right,174,217,204,4,nan,nan,0.00
11/5/2025 4:50:13,1.17.2,Bandit100,14,3.99,nan,20,0,100,RightinTimeout,Right,174,217,204,4,nan,nan,0.00
11/5/2025 4:50:21,1.17.2,Bandit100,14,3.99,nan,20,0,100,LeftinTimeOut,Right,174,217,204,4,nan,nan,nan
11/5/2025 4:50:22,1.17.2,Bandit100,14,4.00,nan,20,0,100,LeftinTimeOut,Right,174,217,204,4,nan,nan,nan
11/5/2025 4:50:22,1.17.2,Bandit100,14,3.99,nan,20,0,100,LeftinTimeOut,Right,174,217,204,4,nan,nan,nan
11/5/2025 4:57:15,1.17.2,Bandit100,14,3.99,nan,20,0,100,Left,Right,175,217,204,4,nan,nan,0.02
11/5/2025 5:00:22,1.17.2,Bandit100,14,4.00,nan,20,0,100,Left,Right,176,217,204,4,nan,nan,0.09
11/5/2025 5:00:24,1.17.2,Bandit100,14,4.00,nan,20,0,100,LeftinTimeOut,Right,176,217,204,4,nan,nan,nan
11/5/2025 5:00:24,1.17.2,Bandit100,14,3.99,nan,20,0,100,LeftinTimeOut,Right,176,217,204,4,nan,nan,nan
11/5/2025 5:00:25,1.17.2,Bandit100,14,3.99,nan,20,0,100,LeftinTimeOut,Right,176,217,204,4,nan,nan,nan
11/5/2025 5:00:27,1.17.2,Bandit100,14,3.99,nan,20,0,100,LeftinTimeOut,Right,176,217,204,4,nan,nan,nan
11/5/2025 5:00:27,1.17.2,Bandit100,14,3.99,nan,20,0,100,LeftinTimeOut,Right,176,217,204,4,nan,nan,nan
11/5/2025 5:00:30,1.17.2,Bandit100,14,4.00,nan,20,0,100,LeftinTimeOut,Right,176,217,204,4,nan,nan,nan
11/5/2025 5:00:32,1.17.2,Bandit100,14,3.98,nan,20,0,100,LeftinTimeOut,Right,176,217,204,4,nan,nan,nan
11/5/2025 5:05:40,1.17.2,Bandit100,14,3.99,nan,20,0,100,Left,Right,177,217,204,4,nan,nan,0.05
11/5/2025 5:05:44,1.17.2,Bandit100,14,3.99,nan,20,0,100,RightinTimeout,Right,177,217,204,4,nan,nan,0.00
11/5/2025 5:10:27,1.17.2,Bandit100,14,3.99,nan,20,0,100,Left,Right,178,217,204,4,nan,nan,0.08
11/5/2025 5:11:15,1.17.2,Bandit100,14,3.99,nan,20,0,100,Left,Right,179,217,204,4,nan,nan,0.08
11/5/2025 5:11:16,1.17.2,Bandit100,14,3.99,nan,20,0,100,LeftinTimeOut,Right,179,217,204,4,nan,nan,nan
11/5/2025 5:11:18,1.17.2,Bandit100,14,3.99,nan,20,0,100,LeftinTimeOut,Right,179,217,204,4,nan,nan,nan
11/5/2025 5:11:20,1.17.2,Bandit100,14,3.98,nan,20,0,100,LeftinTimeOut,Right,179,217,204,4,nan,nan,nan
11/5/2025 5:11:22,1.17.2,Bandit100,14,3.99,nan,20,0,100,LeftinTimeOut,Right,179,217,204,4,nan,nan,nan
11/5/2025 5:11:24,1.17.2,Bandit100,14,3.99,nan,20,0,100,LeftinTimeOut,Right,179,217,204,4,nan,nan,nan
11/5/2025 5:11:26,1.17.2,Bandit100,14,3.99,nan,20,0,100,LeftinTimeOut,Right,179,217,204,4,nan,nan,nan
11/5/2025 5:11:27,1.17.2,Bandit100,14,3.98,nan,20,0,100,LeftinTimeOut,Right,179,217,204,4,nan,nan,nan
11/5/2025 5:11:27,1.17.2,Bandit100,14,3.99,nan,20,0,100,LeftinTimeOut,Right,179,217,204,4,nan,nan,nan
11/5/2025 5:11:27,1.17.2,Bandit100,14,3.99,nan,20,0,100,LeftinTimeOut,Right,179,217,204,4,nan,nan,nan
11/5/2025 5:11:31,1.17.2,Bandit100,14,3.98,nan,20,0,100,LeftinTimeOut,Right,179,217,204,4,nan,nan,nan
11/5/2025 5:12:28,1.17.2,Bandit100,14,3.99,nan,20,0,100,Left,Right,180,217,204,4,nan,nan,0.12
11/5/2025 5:13:02,1.17.2,Bandit100,14,3.99,nan,20,0,100,Left,Right,181,217,204,4,nan,nan,0.02
11/5/2025 5:13:03,1.17.2,Bandit100,14,4.00,nan,20,0,100,LeftinTimeOut,Right,181,217,204,4,nan,nan,nan
11/5/2025 5:13:15,1.17.2,Bandit100,14,3.99,nan,20,0,100,Left,Right,182,217,204,4,nan,nan,0.35
11/5/2025 5:13:15,1.17.2,Bandit100,14,3.99,nan,20,0,100,LeftinTimeOut,Right,182,217,204,4,nan,nan,nan
11/5/2025 5:13:15,1.17.2,Bandit100,14,3.99,nan,20,0,100,LeftinTimeOut,Right,182,217,204,4,nan,nan,nan
11/5/2025 5:15:16,1.17.2,Bandit100,14,4.00,nan,20,0,100,Left,Right,183,217,204,4,nan,nan,0.05
11/5/2025 5:15:33,1.17.2,Bandit100,14,3.99,nan,20,0,100,Left,Right,184,217,204,4,nan,nan,0.93
11/5/2025 5:15:36,1.17.2,Bandit100,14,3.99,nan,20,0,100,LeftinTimeOut,Right,184,217,204,4,nan,nan,nan
11/5/2025 5:15:56,1.17.2,Bandit100,14,3.98,nan,20,0,100,Left,Right,185,217,204,4,nan,nan,0.11
11/5/2025 5:15:56,1.17.2,Bandit100,14,4.00,nan,20,0,100,LeftinTimeOut,Right,185,217,204,4,nan,nan,nan
11/5/2025 5:15:57,1.17.2,Bandit100,14,3.99,nan,20,0,100,LeftinTimeOut,Right,185,217,204,4,nan,nan,nan
11/5/2025 5:23:15,1.17.2,Bandit100,14,4.00,nan,20,0,100,Left,Right,186,217,204,4,nan,nan,0.39
11/5/2025 5:23:17,1.17.2,Bandit100,14,3.99,nan,20,0,100,LeftinTimeOut,Right,186,217,204,4,nan,nan,nan
11/5/2025 5:23:17,1.17.2,Bandit100,14,3.99,nan,20,0,100,LeftinTimeOut,Right,186,217,204,4,nan,nan,nan
11/5/2025 5:23:18,1.17.2,Bandit100,14,3.99,nan,20,0,100,LeftinTimeOut,Right,186,217,204,4,nan,nan,nan
11/5/2025 5:23:19,1.17.2,Bandit100,14,3.99,nan,20,0,100,LeftinTimeOut,Right,186,217,204,4,nan,nan,nan
11/5/2025 5:25:23,1.17.2,Bandit100,14,3.99,nan,20,0,100,Left,Right,187,217,204,4,nan,nan,0.38
11/5/2025 5:25:26,1.17.2,Bandit100,14,4.00,nan,20,0,100,LeftinTimeOut,Right,187,217,204,4,nan,nan,nan
11/5/2025 5:34:06,1.17.2,Bandit100,14,3.99,nan,20,0,100,Left,Right,188,217,204,4,nan,nan,0.14
11/5/2025 5:34:29,1.17.2,Bandit100,14,3.99,nan,20,0,100,Left,Right,189,217,204,4,nan,nan,0.45
11/5/2025 5:36:40,1.17.2,Bandit100,14,3.99,nan,20,0,100,Left,Right,190,217,204,4,nan,nan,0.57
11/5/2025 5:36:41,1.17.2,Bandit100,14,3.99,nan,20,0,100,LeftinTimeOut,Right,190,217,204,4,nan,nan,nan
11/5/2025 5:36:44,1.17.2,Bandit100,14,4.00,nan,20,0,100,LeftinTimeOut,Right,190,217,204,4,nan,nan,nan
11/5/2025 5:36:47,1.17.2,Bandit100,14,3.99,nan,20,0,100,LeftinTimeOut,Right,190,217,204,4,nan,nan,nan
11/5/2025 5:36:47,1.17.2,Bandit100,14,3.99,nan,20,0,100,LeftinTimeOut,Right,190,217,204,4,nan,nan,nan
11/5/2025 5:36:47,1.17.2,Bandit100,14,3.99,nan,20,0,100,LeftinTimeOut,Right,190,217,204,4,nan,nan,nan
11/5/2025 5:42:20,1.17.2,Bandit100,14,3.98,nan,20,0,100,Left,Right,191,217,204,4,nan,nan,0.35
11/5/2025 5:42:20,1.17.2,Bandit100,14,3.99,nan,20,0,100,LeftinTimeOut,Right,191,217,204,4,nan,nan,nan
11/5/2025 5:42:21,1.17.2,Bandit100,14,4.00,nan,20,0,100,LeftinTimeOut,Right,191,217,204,4,nan,nan,nan
11/5/2025 5:44:41,1.17.2,Bandit100,14,3.99,nan,20,0,100,Left,Right,192,217,204,4,nan,nan,0.03
11/5/2025 5:47:20,1.17.2,Bandit100,14,3.99,nan,20,0,100,Left,Right,193,217,204,4,nan,nan,0.33
11/5/2025 5:47:20,1.17.2,Bandit100,14,3.99,nan,20,0,100,LeftinTimeOut,Right,193,217,204,4,nan,nan,nan
11/5/2025 5:52:08,1.17.2,Bandit100,14,3.99,nan,20,0,100,Left,Right,194,217,204,4,nan,nan,0.38
11/5/2025 5:52:10,1.17.2,Bandit100,14,3.99,nan,20,0,100,LeftinTimeOut,Right,194,217,204,4,nan,nan,nan
11/5/2025 5:52:10,1.17.2,Bandit100,14,3.99,nan,20,0,100,LeftinTimeOut,Right,194,217,204,4,nan,nan,nan
11/5/2025 5:52:11,1.17.2,Bandit100,14,3.99,nan,20,0,100,LeftinTimeOut,Right,194,217,204,4,nan,nan,nan
11/5/2025 5:52:18,1.17.2,Bandit100,14,3.99,nan,20,0,100,LeftinTimeOut,Right,194,217,204,4,nan,nan,nan
11/5/2025 5:57:55,1.17.2,Bandit100,14,3.99,nan,20,0,100,Left,Right,195,217,204,4,nan,nan,0.04
11/5/2025 6:03:19,1.17.2,Bandit100,14,3.99,nan,20,0,100,Left,Right,196,217,204,4,nan,nan,0.60
11/5/2025 6:03:20,1.17.2,Bandit100,14,3.99,nan,20,0,100,LeftinTimeOut,Right,196,217,204,4,nan,nan,nan
11/5/2025 6:05:02,1.17.2,Bandit100,14,3.99,nan,20,0,100,Left,Right,197,217,204,4,nan,nan,0.05
11/5/2025 6:05:02,1.17.2,Bandit100,14,3.99,nan,20,0,100,LeftinTimeOut,Right,197,217,204,4,nan,nan,nan
11/5/2025 6:05:04,1.17.2,Bandit100,14,3.99,nan,20,0,100,LeftinTimeOut,Right,197,217,204,4,nan,nan,nan
11/5/2025 6:06:51,1.17.2,Bandit100,14,3.99,nan,20,0,100,Left,Right,198,217,204,4,nan,nan,0.55
11/5/2025 6:06:52,1.17.2,Bandit100,14,3.99,nan,20,0,100,LeftinTimeOut,Right,198,217,204,4,nan,nan,nan
11/5/2025 6:06:52,1.17.2,Bandit100,14,3.99,nan,20,0,100,LeftinTimeOut,Right,198,217,204,4,nan,nan,nan
11/5/2025 6:06:52,1.17.2,Bandit100,14,4.00,nan,20,0,100,LeftinTimeOut,Right,198,217,204,4,nan,nan,nan
11/5/2025 6:06:53,1.17.2,Bandit100,14,3.99,nan,20,0,100,LeftinTimeOut,Right,198,217,204,4,nan,nan,nan
11/5/2025 6:11:46,1.17.2,Bandit100,14,3.99,nan,20,0,100,Left,Right,199,217,204,4,nan,nan,0.02
11/5/2025 6:11:47,1.17.2,Bandit100,14,3.99,nan,20,0,100,LeftinTimeOut,Right,199,217,204,4,nan,nan,nan
11/5/2025 6:12:07,1.17.2,Bandit100,14,3.99,nan,20,0,100,Left,Right,200,217,204,4,nan,nan,0.03
11/5/2025 6:12:08,1.17.2,Bandit100,14,3.99,nan,20,0,100,LeftinTimeOut,Right,200,217,204,4,nan,nan,nan
11/5/2025 6:23:18,1.17.2,Bandit100,14,3.99,nan,20,0,100,Left,Right,201,217,204,4,nan,nan,0.00
11/5/2025 6:23:18,1.17.2,Bandit100,14,3.99,nan,20,0,100,LeftinTimeOut,Right,201,217,204,4,nan,nan,nan
11/5/2025 6:28:11,1.17.2,Bandit100,14,3.99,nan,20,0,100,Left,Right,202,217,204,4,nan,nan,0.10
11/5/2025 8:54:32,1.17.2,Bandit100,14,3.98,nan,20,0,100,Left,Right,203,217,204,4,nan,nan,0.03
11/5/2025 8:54:32,1.17.2,Bandit100,14,3.98,nan,20,0,100,LeftinTimeOut,Right,203,217,204,4,nan,nan,nan
11/5/2025 8:54:33,1.17.2,Bandit100,14,3.99,nan,20,0,100,LeftinTimeOut,Right,203,217,204,4,nan,nan,nan
11/5/2025 8:56:29,1.17.2,Bandit100,14,3.98,nan,20,0,100,Left,Right,204,217,204,4,nan,nan,0.17
11/5/2025 9:03:17,1.17.2,Bandit100,14,3.98,nan,20,0,100,Left,Right,205,217,204,4,nan,nan,0.39
11/5/2025 9:11:10,1.17.2,Bandit100,14,3.98,nan,20,0,100,Left,Right,206,217,204,4,nan,nan,0.09
11/5/2025 12:25:40,1.17.2,Bandit100,14,3.98,nan,20,0,100,Left,Right,207,217,204,4,nan,nan,0.78
11/5/2025 12:25:43,1.17.2,Bandit100,14,3.98,nan,20,0,100,LeftinTimeOut,Right,207,217,204,4,nan,nan,nan
11/5/2025 12:25:43,1.17.2,Bandit100,14,3.98,nan,20,0,100,LeftinTimeOut,Right,207,217,204,4,nan,nan,nan
11/5/2025 14:18:37,1.17.2,Bandit100,14,3.98,nan,20,0,100,Left,Right,208,217,204,4,nan,nan,0.50
11/5/2025 14:19:13,1.17.2,Bandit100,14,3.97,nan,20,0,100,Left,Right,209,217,204,4,nan,nan,0.80
11/5/2025 14:19:15,1.17.2,Bandit100,14,3.98,nan,20,0,100,LeftinTimeOut,Right,209,217,204,4,nan,nan,nan
11/5/2025 14:19:16,1.17.2,Bandit100,14,3.97,nan,20,0,100,LeftinTimeOut,Right,209,217,204,4,nan,nan,nan
11/5/2025 14:21:44,1.17.2,Bandit100,14,3.97,nan,20,0,100,Left,Right,210,217,204,4,nan,nan,0.56
11/5/2025 14:28:16,1.17.2,Bandit100,14,3.98,nan,20,0,100,Left,Right,211,217,204,4,nan,nan,0.13
11/5/2025 16:52:02,1.17.2,Bandit100,14,3.97,nan,20,0,100,Left,Right,212,217,204,4,nan,nan,0.17
11/5/2025 16:52:03,1.17.2,Bandit100,14,3.97,nan,20,0,100,LeftinTimeOut,Right,212,217,204,4,nan,nan,nan
11/5/2025 16:52:04,1.17.2,Bandit100,14,3.97,nan,20,0,100,LeftinTimeOut,Right,212,217,204,4,nan,nan,nan
11/5/2025 16:52:05,1.17.2,Bandit100,14,3.96,nan,20,0,100,LeftinTimeOut,Right,212,217,204,4,nan,nan,nan
11/5/2025 16:52:06,1.17.2,Bandit100,14,3.97,nan,20,0,100,LeftinTimeOut,Right,212,217,204,4,nan,nan,nan
11/5/2025 16:52:07,1.17.2,Bandit100,14,3.96,nan,20,0,100,LeftinTimeOut,Right,212,217,204,4,nan,nan,nan
11/5/2025 16:52:08,1.17.2,Bandit100,14,3.96,nan,20,0,100,LeftinTimeOut,Right,212,217,204,4,nan,nan,nan
11/5/2025 16:52:09,1.17.2,Bandit100,14,3.97,nan,20,0,100,LeftinTimeOut,Right,212,217,204,4,nan,nan,nan
11/5/2025 16:52:09,1.17.2,Bandit100,14,3.97,nan,20,0,100,LeftinTimeOut,Right,212,217,204,4,nan,nan,nan
11/5/2025 16:52:10,1.17.2,Bandit100,14,3.97,nan,20,0,100,LeftinTimeOut,Right,212,217,204,4,nan,nan,nan
11/5/2025 16:52:15,1.17.2,Bandit100,14,3.97,nan,20,0,100,LeftinTimeOut,Right,212,217,204,4,nan,nan,nan
11/5/2025 16:52:15,1.17.2,Bandit100,14,3.97,nan,20,0,100,LeftinTimeOut,Right,212,217,204,4,nan,nan,nan
11/5/2025 16:52:19,1.17.2,Bandit100,14,3.97,nan,20,0,100,LeftinTimeOut,Right,212,217,204,4,nan,nan,nan
11/5/2025 16:52:21,1.17.2,Bandit100,14,3.96,nan,20,0,100,LeftinTimeOut,Right,212,217,204,4,nan,nan,nan
11/5/2025 16:52:26,1.17.2,Bandit100,14,3.96,nan,20,0,100,LeftinTimeOut,Right,212,217,204,4,nan,nan,nan
11/5/2025 16:52:27,1.17.2,Bandit100,14,3.96,nan,20,0,100,LeftinTimeOut,Right,212,217,204,4,nan,nan,nan
11/5/2025 16:52:34,1.17.2,Bandit100,14,3.97,nan,20,0,100,LeftinTimeOut,Right,212,217,204,4,nan,nan,nan
11/5/2025 16:52:34,1.17.2,Bandit100,14,3.97,nan,20,0,100,LeftinTimeOut,Right,212,217,204,4,nan,nan,nan
11/5/2025 16:52:34,1.17.2,Bandit100,14,3.96,nan,20,0,100,LeftinTimeOut,Right,212,217,204,4,nan,nan,nan
11/5/2025 16:52:35,1.17.2,Bandit100,14,3.97,nan,20,0,100,LeftinTimeOut,Right,212,217,204,4,nan,nan,nan
11/5/2025 16:54:48,1.17.2,Bandit100,14,3.97,nan,20,0,100,Left,Right,213,217,204,4,nan,nan,3.38
11/5/2025 16:55:55,1.17.2,Bandit100,14,3.96,nan,20,0,100,Left,Right,214,217,204,4,nan,nan,1.46
11/5/2025 17:03:13,1.17.2,Bandit100,14,3.96,nan,20,0,100,Left,Right,215,217,204,4,nan,nan,0.74
11/5/2025 17:03:13,1.17.2,Bandit100,14,3.97,nan,20,0,100,LeftinTimeOut,Right,215,217,204,4,nan,nan,nan
11/5/2025 17:06:59,1.17.2,Bandit100,14,3.96,nan,20,0,100,Left,Right,216,217,204,4,nan,nan,0.62
11/5/2025 17:55:54,1.17.2,Bandit100,14,3.96,nan,20,0,100,Right,Right,216,218,204,4,nan,nan,0.20
11/5/2025 17:56:00,1.17.2,Bandit100,14,3.96,1,20,0,100,Pellet,Right,216,218,205,4,5.27,47203,nan
11/5/2025 17:57:38,1.17.2,Bandit100,14,3.96,nan,20,0,100,Left,Right,217,218,205,5,nan,nan,0.02
11/5/2025 17:57:39,1.17.2,Bandit100,14,3.96,nan,20,0,100,LeftinTimeOut,Right,217,218,205,5,nan,nan,nan
11/5/2025 18:02:45,1.17.2,Bandit100,14,3.96,nan,20,0,100,Right,Right,217,219,205,5,nan,nan,0.37
11/5/2025 18:02:47,1.17.2,Bandit100,14,3.96,1,20,0,100,Pellet,Right,217,219,206,5,1.25,407,nan
11/5/2025 18:04:40,1.17.2,Bandit100,14,3.96,nan,20,0,100,Right,Right,217,220,206,6,nan,nan,0.07
11/5/2025 18:04:43,1.17.2,Bandit100,14,3.96,1,20,0,100,Pellet,Right,217,220,207,6,1.79,116,nan
11/5/2025 18:04:55,1.17.2,Bandit100,14,3.97,nan,20,0,100,Right,Right,217,221,207,7,nan,nan,0.40
11/5/2025 18:05:03,1.17.2,Bandit100,14,3.96,2,20,0,100,Pellet,Right,217,221,208,7,5.03,20,nan
11/5/2025 18:05:40,1.17.2,Bandit100,14,3.96,nan,20,0,100,Left,Right,218,221,208,8,nan,nan,0.18
11/5/2025 18:05:49,1.17.2,Bandit100,14,3.96,nan,20,0,100,RightinTimeout,Right,218,221,208,8,nan,nan,0.00
11/5/2025 18:05:49,1.17.2,Bandit100,14,3.96,nan,20,0,100,RightinTimeout,Right,218,221,208,8,nan,nan,0.00
11/5/2025 18:05:50,1.17.2,Bandit100,14,3.96,nan,20,0,100,RightinTimeout,Right,218,221,208,8,nan,nan,0.00
11/5/2025 18:05:50,1.17.2,Bandit100,14,3.97,nan,20,0,100,RightinTimeout,Right,218,221,208,8,nan,nan,0.00
11/5/2025 18:05:51,1.17.2,Bandit100,14,3.96,nan,20,0,100,RightinTimeout,Right,218,221,208,8,nan,nan,0.00
11/5/2025 18:05:52,1.17.2,Bandit100,14,3.96,nan,20,0,100,RightinTimeout,Right,218,221,208,8,nan,nan,0.00
11/5/2025 18:05:52,1.17.2,Bandit100,14,3.96,nan,20,0,100,RightinTimeout,Right,218,221,208,8,nan,nan,0.00
11/5/2025 18:07:55,1.17.2,Bandit100,14,3.96,nan,20,0,100,Right,Right,218,222,208,8,nan,nan,0.04
11/5/2025 18:07:57,1.17.2,Bandit100,14,3.96,1,20,0,100,Pellet,Right,218,222,209,8,1.07,173,nan
11/5/2025 18:08:31,1.17.2,Bandit100,14,3.96,nan,20,0,100,Left,Right,219,222,209,9,nan,nan,0.06
11/5/2025 18:08:33,1.17.2,Bandit100,14,3.96,nan,20,0,100,RightinTimeout,Right,219,222,209,9,nan,nan,0.00
11/5/2025 18:08:33,1.17.2,Bandit100,14,3.96,nan,20,0,100,RightinTimeout,Right,219,222,209,9,nan,nan,0.00
11/5/2025 18:09:23,1.17.2,Bandit100,14,3.97,nan,20,0,100,Left,Right,220,222,209,9,nan,nan,0.35
11/5/2025 18:09:26,1.17.2,Bandit100,14,3.96,nan,20,0,100,LeftinTimeOut,Right,220,222,209,9,nan,nan,nan
11/5/2025 18:11:44,1.17.2,Bandit100,14,3.96,nan,20,0,100,Right,Right,220,223,209,9,nan,nan,0.06
11/5/2025 18:11:48,1.17.2,Bandit100,14,3.96,1,20,0,100,Pellet,Right,220,223,210,9,3.05,232,nan
11/5/2025 18:11:58,1.17.2,Bandit100,14,3.96,nan,20,0,100,Right,Right,220,224,210,10,nan,nan,0.51
11/5/2025 18:12:00,1.17.2,Bandit100,14,3.96,1,20,0,100,Pellet,Right,220,224,211,10,0.59,11,nan
11/5/2025 18:12:16,1.17.2,Bandit100,14,3.96,nan,20,0,100,Right,Right,220,225,211,11,nan,nan,0.15
11/5/2025 18:12:17,1.17.2,Bandit100,14,3.96,1,20,0,100,Pellet,Right,220,225,212,11,0.65,18,nan
11/5/2025 18:12:31,1.17.2,Bandit100,14,3.96,nan,20,0,100,Right,Right,220,226,212,12,nan,nan,0.04
11/5/2025 18:12:31,1.17.2,Bandit100,14,3.96,nan,20,0,100,RightDuringDispense,Right,220,226,212,12,nan,nan,0.03
11/5/2025 18:12:34,1.17.2,Bandit100,14,3.97,nan,20,0,100,RightDuringDispense,Right,220,226,212,12,nan,nan,0.16
11/5/2025 18:12:39,1.17.2,Bandit100,14,3.96,3,20,0,100,Pellet,Right,220,226,213,12,2.09,22,nan
11/5/2025 18:12:45,1.17.2,Bandit100,14,3.96,nan,20,0,100,Right,Right,220,227,213,13,nan,nan,0.62
11/5/2025 18:12:46,1.17.2,Bandit100,14,3.96,1,20,0,100,Pellet,Right,220,227,214,13,0.53,7,nan
11/5/2025 18:12:58,1.17.2,Bandit100,14,3.97,nan,20,0,100,Right,Right,220,228,214,14,nan,nan,0.14
11/5/2025 18:12:59,1.17.2,Bandit100,14,3.96,1,20,0,100,Pellet,Right,220,228,215,14,0.23,13,nan
11/5/2025 18:13:55,1.17.2,Bandit100,14,3.97,nan,20,0,100,Right,Right,220,229,215,15,nan,nan,0.30
11/5/2025 18:13:56,1.17.2,Bandit100,14,3.96,1,20,0,100,Pellet,Right,220,229,216,15,0.47,57,nan
11/5/2025 18:17:38,1.17.2,Bandit100,14,3.96,nan,20,0,100,Left,Right,221,229,216,16,nan,nan,0.35
11/5/2025 18:19:18,1.17.2,Bandit100,14,3.96,nan,20,0,100,Left,Right,222,229,216,16,nan,nan,0.18
11/5/2025 18:19:18,1.17.2,Bandit100,14,3.96,nan,20,0,100,LeftinTimeOut,Right,222,229,216,16,nan,nan,nan
11/5/2025 18:19:20,1.17.2,Bandit100,14,3.96,nan,20,0,100,RightinTimeout,Right,222,229,216,16,nan,nan,0.00
11/5/2025 18:19:20,1.17.2,Bandit100,14,3.96,nan,20,0,100,RightinTimeout,Right,222,229,216,16,nan,nan,0.00
11/5/2025 18:31:42,1.17.2,Bandit100,14,3.96,nan,20,0,100,Right,Right,222,230,216,16,nan,nan,0.28
11/5/2025 18:31:44,1.17.2,Bandit100,14,3.96,1,20,0,100,Pellet,Right,222,230,217,16,0.65,1068,nan
11/5/2025 18:32:01,1.17.2,Bandit100,14,3.96,nan,20,0,100,Right,Right,222,231,217,17,nan,nan,0.32
11/5/2025 18:32:02,1.17.2,Bandit100,14,3.96,1,20,0,100,Pellet,Right,222,231,218,17,0.41,18,nan
11/5/2025 18:32:14,1.17.2,Bandit100,14,3.97,nan,20,0,100,Right,Right,222,232,218,18,nan,nan,0.05
11/5/2025 18:32:16,1.17.2,Bandit100,14,3.96,1,20,0,100,Pellet,Right,222,232,219,18,0.89,14,nan
11/5/2025 18:32:35,1.17.2,Bandit100,14,3.96,nan,20,0,100,Right,Right,222,233,219,19,nan,nan,0.29
11/5/2025 18:32:37,1.17.2,Bandit100,14,3.96,1,20,0,100,Pellet,Right,222,233,220,19,1.01,21,nan
11/5/2025 18:54:47,1.17.2,Bandit100,14,3.96,nan,20,100,0,Right,Left,222,234,220,0,nan,nan,0.03
11/5/2025 18:54:50,1.17.2,Bandit100,14,3.96,nan,20,100,0,RightinTimeout,Left,222,234,220,0,nan,nan,0.00
11/5/2025 18:54:50,1.17.2,Bandit100,14,3.96,nan,20,100,0,RightinTimeout,Left,222,234,220,0,nan,nan,0.00
11/5/2025 18:54:53,1.17.2,Bandit100,14,3.96,nan,20,100,0,RightinTimeout,Left,222,234,220,0,nan,nan,0.00
11/5/2025 18:54:57,1.17.2,Bandit100,14,3.96,nan,20,100,0,RightinTimeout,Left,222,234,220,0,nan,nan,0.00
11/5/2025 19:03:18,1.17.2,Bandit100,14,3.96,nan,20,100,0,Right,Left,222,235,220,0,nan,nan,0.06
11/5/2025 19:15:19,1.17.2,Bandit100,14,3.96,nan,20,100,0,Right,Left,222,236,220,0,nan,nan,0.05
11/5/2025 19:15:20,1.17.2,Bandit100,14,3.96,nan,20,100,0,RightinTimeout,Left,222,236,220,0,nan,nan,0.00
11/5/2025 19:15:21,1.17.2,Bandit100,14,3.96,nan,20,100,0,RightinTimeout,Left,222,236,220,0,nan,nan,0.00
11/5/2025 19:15:32,1.17.2,Bandit100,14,3.96,nan,20,100,0,Left,Left,223,236,220,0,nan,nan,0.00
11/5/2025 19:15:35,1.17.2,Bandit100,14,3.96,2,20,100,0,Pellet,Left,223,236,221,0,1.01,2578,nan
11/5/2025 19:16:09,1.17.2,Bandit100,14,3.96,nan,20,100,0,Left,Left,224,236,221,1,nan,nan,0.43
11/5/2025 19:16:10,1.17.2,Bandit100,14,3.96,1,20,100,0,Pellet,Left,224,236,222,1,0.41,35,nan
11/5/2025 19:16:21,1.17.2,Bandit100,14,3.95,nan,20,100,0,Right,Left,224,237,222,2,nan,nan,0.10
11/5/2025 19:16:24,1.17.2,Bandit100,14,3.96,nan,20,100,0,RightinTimeout,Left,224,237,222,2,nan,nan,0.00
11/5/2025 19:16:30,1.17.2,Bandit100,14,3.96,nan,20,100,0,LeftinTimeOut,Left,224,237,222,2,nan,nan,nan
11/5/2025 19:17:17,1.17.2,Bandit100,14,3.96,nan,20,100,0,Right,Left,224,238,222,2,nan,nan,0.00
11/5/2025 19:21:10,1.17.2,Bandit100,14,3.96,nan,20,100,0,Right,Left,224,239,222,2,nan,nan,0.05
11/5/2025 19:21:14,1.17.2,Bandit100,14,3.96,nan,20,100,0,RightinTimeout,Left,224,239,222,2,nan,nan,0.00
11/5/2025 19:21:17,1.17.2,Bandit100,14,3.96,nan,20,100,0,RightinTimeout,Left,224,239,222,2,nan,nan,0.00
11/5/2025 19:21:22,1.17.2,Bandit100,14,3.96,nan,20,100,0,LeftinTimeOut,Left,224,239,222,2,nan,nan,nan
11/5/2025 19:24:54,1.17.2,Bandit100,14,3.96,nan,20,100,0,Left,Left,225,239,222,2,nan,nan,0.29
11/5/2025 19:24:56,1.17.2,Bandit100,14,3.96,1,20,100,0,Pellet,Left,225,239,223,2,1.43,526,nan
11/5/2025 19:25:20,1.17.2,Bandit100,14,3.96,nan,20,100,0,Left,Left,226,239,223,3,nan,nan,0.23
11/5/2025 19:25:21,1.17.2,Bandit100,14,3.96,1,20,100,0,Pellet,Left,226,239,224,3,0.83,25,nan
11/5/2025 19:25:30,1.17.2,Bandit100,14,3.96,nan,20,100,0,Left,Left,227,239,224,4,nan,nan,0.17
11/5/2025 19:25:32,1.17.2,Bandit100,14,3.96,1,20,100,0,Pellet,Left,227,239,225,4,0.47,10,nan
11/5/2025 19:25:43,1.17.2,Bandit100,14,3.96,nan,20,100,0,Right,Left,227,240,225,5,nan,nan,0.15
11/5/2025 19:26:02,1.17.2,Bandit100,14,3.96,nan,20,100,0,Left,Left,228,240,225,5,nan,nan,0.22
11/5/2025 19:26:07,1.17.2,Bandit100,14,3.96,2,20,100,0,Pellet,Left,228,240,226,5,1.67,36,nan
11/5/2025 19:26:22,1.17.2,Bandit100,14,3.96,nan,20,100,0,Left,Left,229,240,226,6,nan,nan,0.06
11/5/2025 19:26:23,1.17.2,Bandit100,14,3.96,nan,20,100,0,LeftDuringDispense,Left,229,240,226,6,nan,nan,0.04
11/5/2025 19:26:26,1.17.2,Bandit100,14,3.96,2,20,100,0,Pellet,Left,229,240,227,6,0.53,19,nan
11/5/2025 19:26:36,1.17.2,Bandit100,14,3.96,nan,20,100,0,Left,Left,230,240,227,7,nan,nan,0.04
11/5/2025 19:26:36,1.17.2,Bandit100,14,3.96,nan,20,100,0,LeftDuringDispense,Left,230,240,227,7,nan,nan,0.04
11/5/2025 19:26:40,1.17.2,Bandit100,14,3.96,2,20,100,0,Pellet,Left,230,240,228,7,0.65,14,nan
11/5/2025 19:26:49,1.17.2,Bandit100,14,3.96,nan,20,100,0,Left,Left,231,240,228,8,nan,nan,0.40
11/5/2025 19:26:50,1.17.2,Bandit100,14,3.96,1,20,100,0,Pellet,Left,231,240,229,8,0.53,10,nan
11/5/2025 19:27:04,1.17.2,Bandit100,14,3.96,nan,20,100,0,Left,Left,232,240,229,9,nan,nan,0.11
11/5/2025 19:27:05,1.17.2,Bandit100,14,3.96,1,20,100,0,Pellet,Left,232,240,230,9,0.29,15,nan
11/5/2025 19:27:24,1.17.2,Bandit100,14,3.96,nan,20,100,0,Left,Left,233,240,230,10,nan,nan,0.20
11/5/2025 19:27:25,1.17.2,Bandit100,14,3.96,2,20,100,0,Pellet,Left,233,240,231,10,0.35,20,nan
11/5/2025 19:29:36,1.17.2,Bandit100,14,3.96,nan,20,100,0,Right,Left,233,241,231,11,nan,nan,0.22
11/5/2025 19:31:52,1.17.2,Bandit100,14,3.96,nan,20,100,0,Left,Left,234,241,231,11,nan,nan,0.17
11/5/2025 19:31:54,1.17.2,Bandit100,14,3.96,1,20,100,0,Pellet,Left,234,241,232,11,1.49,269,nan
11/5/2025 19:33:57,1.17.2,Bandit100,14,3.96,nan,20,100,0,Left,Left,235,241,232,12,nan,nan,0.29
11/5/2025 19:34:01,1.17.2,Bandit100,14,3.96,2,20,100,0,Pellet,Left,235,241,233,12,0.65,127,nan
11/5/2025 19:37:37,1.17.2,Bandit100,14,3.96,nan,20,100,0,Right,Left,235,242,233,13,nan,nan,0.27
11/5/2025 19:39:47,1.17.2,Bandit100,14,3.96,nan,20,100,0,Left,Left,236,242,233,13,nan,nan,0.14
11/5/2025 19:39:49,1.17.2,Bandit100,14,3.96,1,20,100,0,Pellet,Left,236,242,234,13,0.59,348,nan
11/5/2025 19:40:14,1.17.2,Bandit100,14,3.96,nan,20,100,0,Left,Left,237,242,234,14,nan,nan,0.26
11/5/2025 19:40:15,1.17.2,Bandit100,14,3.96,1,20,100,0,Pellet,Left,237,242,235,14,0.29,26,nan
11/5/2025 19:43:10,1.17.2,Bandit100,14,3.96,nan,20,100,0,Right,Left,237,243,235,15,nan,nan,0.25
11/5/2025 19:47:19,1.17.2,Bandit100,14,3.96,nan,20,100,0,Right,Left,237,244,235,15,nan,nan,0.12
11/5/2025 19:55:20,1.17.2,Bandit100,14,3.96,nan,20,100,0,Right,Left,237,245,235,15,nan,nan,0.02
11/5/2025 19:55:28,1.17.2,Bandit100,14,3.96,nan,20,100,0,LeftinTimeOut,Left,237,245,235,15,nan,nan,nan
11/5/2025 19:56:48,1.17.2,Bandit100,14,3.96,nan,20,100,0,Left,Left,238,245,235,15,nan,nan,0.33
11/5/2025 19:56:49,1.17.2,Bandit100,14,3.96,1,20,100,0,Pellet,Left,238,245,236,15,0.59,994,nan
11/5/2025 19:57:12,1.17.2,Bandit100,14,3.96,nan,20,100,0,Right,Left,238,246,236,16,nan,nan,0.32
11/5/2025 20:02:10,1.17.2,Bandit100,14,3.96,nan,20,100,0,Left,Left,239,246,236,16,nan,nan,0.16
11/5/2025 20:02:11,1.17.2,Bandit100,14,3.96,2,20,100,0,Pellet,Left,239,246,237,16,0.41,322,nan
11/5/2025 20:02:41,1.17.2,Bandit100,14,3.96,nan,20,100,0,Left,Left,240,246,237,17,nan,nan,0.34
11/5/2025 20:02:42,1.17.2,Bandit100,14,3.96,1,20,100,0,Pellet,Left,240,246,238,17,0.29,31,nan
11/5/2025 20:03:09,1.17.2,Bandit100,14,3.96,nan,20,100,0,Right,Left,240,247,238,18,nan,nan,0.25
11/5/2025 20:03:12,1.17.2,Bandit100,14,3.96,nan,20,100,0,RightinTimeout,Left,240,247,238,18,nan,nan,0.00
11/5/2025 20:03:12,1.17.2,Bandit100,14,3.96,nan,20,100,0,RightinTimeout,Left,240,247,238,18,nan,nan,0.00
11/5/2025 20:05:34,1.17.2,Bandit100,14,3.96,nan,20,100,0,Left,Left,241,247,238,18,nan,nan,0.02
11/5/2025 20:05:36,1.17.2,Bandit100,14,3.96,1,20,100,0,Pellet,Left,241,247,239,18,0.53,174,nan
11/5/2025 20:07:29,1.17.2,Bandit100,14,3.96,nan,20,100,0,Right,Left,241,248,239,19,nan,nan,0.50
11/5/2025 20:07:35,1.17.2,Bandit100,14,3.96,nan,20,100,0,RightinTimeout,Left,241,248,239,19,nan,nan,0.00
11/5/2025 20:08:09,1.17.2,Bandit100,14,3.96,nan,20,100,0,Right,Left,241,249,239,19,nan,nan,0.00
11/5/2025 20:09:29,1.17.2,Bandit100,14,3.96,nan,20,100,0,Right,Left,241,250,239,19,nan,nan,0.02
11/5/2025 20:10:01,1.17.2,Bandit100,14,3.96,nan,20,100,0,Left,Left,242,250,239,19,nan,nan,0.25
11/5/2025 20:10:04,1.17.2,Bandit100,14,3.96,2,20,100,0,Pellet,Left,242,250,240,19,0.35,268,nan
11/5/2025 20:10:25,1.17.2,Bandit100,14,3.96,nan,20,0,100,Right,Right,242,251,240,0,nan,nan,0.12
11/5/2025 20:10:26,1.17.2,Bandit100,14,3.96,1,20,0,100,Pellet,Right,242,251,241,0,0.47,22,nan
11/5/2025 20:10:35,1.17.2,Bandit100,14,3.96,nan,20,0,100,Right,Right,242,252,241,1,nan,nan,0.51
11/5/2025 20:10:36,1.17.2,Bandit100,14,3.96,1,20,0,100,Pellet,Right,242,252,242,1,0.35,10,nan
11/5/2025 20:10:49,1.17.2,Bandit100,14,3.96,nan,20,0,100,Right,Right,242,253,242,2,nan,nan,0.00
11/5/2025 20:10:50,1.17.2,Bandit100,14,3.96,2,20,0,100,Pellet,Right,242,253,243,2,0.23,14,nan
11/5/2025 20:11:07,1.17.2,Bandit100,14,3.96,nan,20,0,100,Right,Right,242,254,243,3,nan,nan,0.07
11/5/2025 20:11:08,1.17.2,Bandit100,14,3.96,1,20,0,100,Pellet,Right,242,254,244,3,0.53,18,nan
11/5/2025 20:11:20,1.17.2,Bandit100,14,3.96,nan,20,0,100,Right,Right,242,255,244,4,nan,nan,0.03
11/5/2025 20:11:21,1.17.2,Bandit100,14,3.96,1,20,0,100,Pellet,Right,242,255,245,4,0.47,13,nan
11/5/2025 20:11:38,1.17.2,Bandit100,14,3.96,nan,20,0,100,Right,Right,242,256,245,5,nan,nan,0.07
11/5/2025 20:11:40,1.17.2,Bandit100,14,3.96,1,20,0,100,Pellet,Right,242,256,246,5,0.71,19,nan
11/5/2025 20:12:03,1.17.2,Bandit100,14,3.96,nan,20,0,100,Right,Right,242,257,246,6,nan,nan,0.19
11/5/2025 20:12:06,1.17.2,Bandit100,14,3.96,2,20,0,100,Pellet,Right,242,257,247,6,0.47,26,nan
11/5/2025 20:12:23,1.17.2,Bandit100,14,3.96,nan,20,0,100,Right,Right,242,258,247,7,nan,nan,0.33
11/5/2025 20:12:24,1.17.2,Bandit100,14,3.96,1,20,0,100,Pellet,Right,242,258,248,7,0.77,18,nan
11/5/2025 20:13:08,1.17.2,Bandit100,14,3.96,nan,20,0,100,Left,Right,243,258,248,8,nan,nan,0.10
11/5/2025 20:13:09,1.17.2,Bandit100,14,3.96,nan,20,0,100,LeftinTimeOut,Right,243,258,248,8,nan,nan,nan
11/5/2025 20:13:11,1.17.2,Bandit100,14,3.96,nan,20,0,100,LeftinTimeOut,Right,243,258,248,8,nan,nan,nan
11/5/2025 20:17:23,1.17.2,Bandit100,14,3.96,nan,20,0,100,Right,Right,243,259,248,8,nan,nan,0.11
11/5/2025 20:17:24,1.17.2,Bandit100,14,3.96,1,20,0,100,Pellet,Right,243,259,249,8,0.29,300,nan
11/5/2025 20:17:41,1.17.2,Bandit100,14,3.96,nan,20,0,100,Right,Right,243,260,249,9,nan,nan,0.06
11/5/2025 20:17:42,1.17.2,Bandit100,14,3.96,1,20,0,100,Pellet,Right,243,260,250,9,0.83,18,nan
11/5/2025 20:17:50,1.17.2,Bandit100,14,3.96,nan,20,0,100,Right,Right,243,261,250,10,nan,nan,0.15
11/5/2025 20:17:51,1.17.2,Bandit100,14,3.96,1,20,0,100,Pellet,Right,243,261,251,10,0.35,9,nan
11/5/2025 20:18:11,1.17.2,Bandit100,14,3.96,nan,20,0,100,Right,Right,243,262,251,11,nan,nan,0.18
11/5/2025 20:18:12,1.17.2,Bandit100,14,3.96,1,20,0,100,Pellet,Right,243,262,252,11,0.65,21,nan
11/5/2025 20:20:12,1.17.2,Bandit100,14,3.96,nan,20,0,100,Left,Right,244,262,252,12,nan,nan,0.19
11/5/2025 20:27:20,1.17.2,Bandit100,14,3.96,nan,20,0,100,Right,Right,244,263,252,12,nan,nan,0.25
11/5/2025 20:27:22,1.17.2,Bandit100,14,3.96,1,20,0,100,Pellet,Right,244,263,253,12,0.83,550,nan
11/5/2025 20:27:42,1.17.2,Bandit100,14,3.96,nan,20,0,100,Left,Right,245,263,253,13,nan,nan,0.14
11/5/2025 20:27:43,1.17.2,Bandit100,14,3.96,nan,20,0,100,LeftinTimeOut,Right,245,263,253,13,nan,nan,nan
11/5/2025 20:28:13,1.17.2,Bandit100,14,3.96,nan,20,0,100,Left,Right,246,263,253,13,nan,nan,0.24
11/5/2025 20:30:31,1.17.2,Bandit100,14,3.96,nan,20,0,100,Right,Right,246,264,253,13,nan,nan,0.08
11/5/2025 20:30:32,1.17.2,Bandit100,14,3.96,nan,20,0,100,RightDuringDispense,Right,246,264,253,13,nan,nan,0.04
11/5/2025 20:30:36,1.17.2,Bandit100,14,3.96,2,20,0,100,Pellet,Right,246,264,254,13,1.43,194,nan
11/5/2025 20:30:50,1.17.2,Bandit100,14,3.96,nan,20,0,100,Right,Right,246,265,254,14,nan,nan,0.22
11/5/2025 20:30:51,1.17.2,Bandit100,14,3.96,1,20,0,100,Pellet,Right,246,265,255,14,0.29,15,nan
11/5/2025 20:31:02,1.17.2,Bandit100,14,3.96,nan,20,0,100,Right,Right,246,266,255,15,nan,nan,0.02
11/5/2025 20:31:04,1.17.2,Bandit100,14,3.96,1,20,0,100,Pellet,Right,246,266,256,15,0.53,13,nan
11/5/2025 20:31:39,1.17.2,Bandit100,14,3.96,nan,20,0,100,Left,Right,247,266,256,16,nan,nan,0.26
11/5/2025 20:34:32,1.17.2,Bandit100,14,3.96,nan,20,0,100,Left,Right,248,266,256,16,nan,nan,0.34
11/5/2025 20:34:46,1.17.2,Bandit100,14,3.96,nan,20,0,100,Right,Right,248,267,256,16,nan,nan,0.20
11/5/2025 20:34:47,1.17.2,Bandit100,14,3.96,1,20,0,100,Pellet,Right,248,267,257,16,0.47,223,nan
11/5/2025 20:42:29,1.17.2,Bandit100,14,3.96,nan,20,0,100,Left,Right,249,267,257,17,nan,nan,0.32
11/5/2025 20:43:57,1.17.2,Bandit100,14,3.96,nan,20,0,100,Right,Right,249,268,257,17,nan,nan,0.18
11/5/2025 20:43:59,1.17.2,Bandit100,14,3.96,1,20,0,100,Pellet,Right,249,268,258,17,1.01,552,nan
11/5/2025 20:44:16,1.17.2,Bandit100,14,3.96,nan,20,0,100,Left,Right,250,268,258,18,nan,nan,0.06
11/5/2025 20:44:20,1.17.2,Bandit100,14,3.96,nan,20,0,100,LeftinTimeOut,Right,250,268,258,18,nan,nan,nan
11/5/2025 20:46:26,1.17.2,Bandit100,14,3.96,nan,20,0,100,Right,Right,250,269,258,18,nan,nan,0.25
11/5/2025 20:46:27,1.17.2,Bandit100,14,3.96,1,20,0,100,Pellet,Right,250,269,259,18,0.47,148,nan
11/5/2025 20:46:48,1.17.2,Bandit100,14,3.96,nan,20,0,100,Right,Right,250,270,259,19,nan,nan,0.09
11/5/2025 20:46:49,1.17.2,Bandit100,14,3.96,1,20,0,100,Pellet,Right,250,270,260,19,0.35,22,nan
11/5/2025 20:46:56,1.17.2,Bandit100,14,3.96,nan,20,100,0,Right,Left,250,271,260,0,nan,nan,0.04
11/5/2025 20:50:32,1.17.2,Bandit100,14,3.96,nan,20,100,0,Right,Left,250,272,260,0,nan,nan,0.07
11/5/2025 20:51:30,1.17.2,Bandit100,14,3.96,nan,20,100,0,Right,Left,250,273,260,0,nan,nan,0.20
11/5/2025 20:55:05,1.17.2,Bandit100,14,3.96,nan,20,100,0,Right,Left,250,274,260,0,nan,nan,0.39
11/5/2025 21:02:33,1.17.2,Bandit100,14,3.96,nan,20,100,0,Right,Left,250,275,260,0,nan,nan,0.37
11/5/2025 21:02:38,1.17.2,Bandit100,14,3.96,nan,20,100,0,RightinTimeout,Left,250,275,260,0,nan,nan,0.00
11/5/2025 21:03:28,1.17.2,Bandit100,14,3.96,nan,20,100,0,Right,Left,250,276,260,0,nan,nan,0.32
11/5/2025 21:04:32,1.17.2,Bandit100,14,3.96,nan,20,100,0,Right,Left,250,277,260,0,nan,nan,0.03
11/5/2025 21:04:35,1.17.2,Bandit100,14,3.96,nan,20,100,0,RightinTimeout,Left,250,277,260,0,nan,nan,0.00
11/5/2025 21:04:36,1.17.2,Bandit100,14,3.96,nan,20,100,0,RightinTimeout,Left,250,277,260,0,nan,nan,0.00
11/5/2025 21:04:40,1.17.2,Bandit100,14,3.96,nan,20,100,0,LeftinTimeOut,Left,250,277,260,0,nan,nan,nan
11/5/2025 21:04:44,1.17.2,Bandit100,14,3.96,nan,20,100,0,LeftinTimeOut,Left,250,277,260,0,nan,nan,nan
11/5/2025 21:05:57,1.17.2,Bandit100,14,3.96,nan,20,100,0,Left,Left,251,277,260,0,nan,nan,0.07
11/5/2025 21:05:58,1.17.2,Bandit100,14,3.96,nan,20,100,0,LeftDuringDispense,Left,251,277,260,0,nan,nan,0.07
11/5/2025 21:06:01,1.17.2,Bandit100,14,3.96,3,20,100,0,Pellet,Left,251,277,261,0,0.41,1152,nan
11/5/2025 21:06:09,1.17.2,Bandit100,14,3.96,nan,20,100,0,Left,Left,252,277,261,1,nan,nan,0.31
11/5/2025 21:06:10,1.17.2,Bandit100,14,3.96,1,20,100,0,Pellet,Left,252,277,262,1,0.17,9,nan
11/5/2025 21:06:22,1.17.2,Bandit100,14,3.96,nan,20,100,0,Left,Left,253,277,262,2,nan,nan,0.00
11/5/2025 21:06:26,1.17.2,Bandit100,14,3.96,2,20,100,0,Pellet,Left,253,277,263,2,1.43,16,nan
11/5/2025 21:06:39,1.17.2,Bandit100,14,3.96,nan,20,100,0,Left,Left,254,277,263,3,nan,nan,0.02
11/5/2025 21:06:40,1.17.2,Bandit100,14,3.96,nan,20,100,0,LeftDuringDispense,Left,254,277,263,3,nan,nan,0.03
11/5/2025 21:06:51,1.17.2,Bandit100,14,3.95,3,20,100,0,Pellet,Left,254,277,264,3,6.77,25,nan
11/5/2025 21:07:04,1.17.2,Bandit100,14,3.96,nan,20,100,0,Left,Left,255,277,264,4,nan,nan,0.14
11/5/2025 21:07:05,1.17.2,Bandit100,14,3.96,1,20,100,0,Pellet,Left,255,277,265,4,0.23,14,nan
11/5/2025 21:07:19,1.17.2,Bandit100,14,3.96,nan,20,100,0,Left,Left,256,277,265,5,nan,nan,0.05
11/5/2025 21:07:20,1.17.2,Bandit100,14,3.96,1,20,100,0,Pellet,Left,256,277,266,5,0.41,15,nan
11/5/2025 21:07:28,1.17.2,Bandit100,14,3.96,nan,20,100,0,Left,Left,257,277,266,6,nan,nan,0.04
11/5/2025 21:07:29,1.17.2,Bandit100,14,3.96,1,20,100,0,Pellet,Left,257,277,267,6,0.47,9,nan
11/5/2025 21:07:41,1.17.2,Bandit100,14,3.96,nan,20,100,0,Left,Left,258,277,267,7,nan,nan,0.21
11/5/2025 21:07:42,1.17.2,Bandit100,14,3.96,1,20,100,0,Pellet,Left,258,277,268,7,0.71,13,nan
11/5/2025 21:07:56,1.17.2,Bandit100,14,3.96,nan,20,100,0,Left,Left,259,277,268,8,nan,nan,0.19
11/5/2025 21:07:57,1.17.2,Bandit100,14,3.96,1,20,100,0,Pellet,Left,259,277,269,8,0.23,15,nan
11/5/2025 21:08:09,1.17.2,Bandit100,14,3.96,nan,20,100,0,Left,Left,260,277,269,9,nan,nan,0.03
11/5/2025 21:08:10,1.17.2,Bandit100,14,3.96,1,20,100,0,Pellet,Left,260,277,270,9,0.41,13,nan
11/5/2025 21:08:17,1.17.2,Bandit100,14,3.96,nan,20,100,0,Left,Left,261,277,270,10,nan,nan,0.00
11/5/2025 21:08:18,1.17.2,Bandit100,14,3.96,1,20,100,0,Pellet,Left,261,277,271,10,0.29,8,nan
11/5/2025 21:08:33,1.17.2,Bandit100,14,3.96,nan,20,100,0,Left,Left,262,277,271,11,nan,nan,0.10
11/5/2025 21:08:34,1.17.2,Bandit100,14,3.96,1,20,100,0,Pellet,Left,262,277,272,11,0.29,16,nan
11/5/2025 21:08:48,1.17.2,Bandit100,14,3.96,nan,20,100,0,Right,Left,262,278,272,12,nan,nan,0.16
11/5/2025 21:09:39,1.17.2,Bandit100,14,3.96,nan,20,100,0,Left,Left,263,278,272,12,nan,nan,0.25
11/5/2025 21:09:40,1.17.2,Bandit100,14,3.96,1,20,100,0,Pellet,Left,263,278,273,12,0.35,66,nan
11/5/2025 21:09:54,1.17.2,Bandit100,14,3.96,nan,20,100,0,Left,Left,264,278,273,13,nan,nan,0.03
11/5/2025 21:09:54,1.17.2,Bandit100,14,3.96,nan,20,100,0,LeftDuringDispense,Left,264,278,273,13,nan,nan,0.06
11/5/2025 21:09:59,1.17.2,Bandit100,14,3.95,2,20,100,0,Pellet,Left,264,278,274,13,1.73,19,nan
11/5/2025 21:10:29,1.17.2,Bandit100,14,3.96,nan,20,100,0,Left,Left,265,278,274,14,nan,nan,0.44
11/5/2025 21:10:30,1.17.2,Bandit100,14,3.96,2,20,100,0,Pellet,Left,265,278,275,14,0.06,31,nan
11/5/2025 21:13:18,1.17.2,Bandit100,14,3.95,nan,20,100,0,Left,Left,266,278,275,15,nan,nan,0.54
11/5/2025 21:13:19,1.17.2,Bandit100,14,3.96,1,20,100,0,Pellet,Left,266,278,276,15,0.47,169,nan
11/5/2025 21:13:59,1.17.2,Bandit100,14,3.96,nan,20,100,0,Left,Left,267,278,276,16,nan,nan,0.27
11/5/2025 21:14:00,1.17.2,Bandit100,14,3.96,1,20,100,0,Pellet,Left,267,278,277,16,0.23,41,nan
11/5/2025 21:14:15,1.17.2,Bandit100,14,3.96,nan,20,100,0,Left,Left,268,278,277,17,nan,nan,0.13
11/5/2025 21:14:16,1.17.2,Bandit100,14,3.96,1,20,100,0,Pellet,Left,268,278,278,17,0.35,16,nan
11/5/2025 21:15:30,1.17.2,Bandit100,14,3.96,nan,20,100,0,Left,Left,269,278,278,18,nan,nan,0.23
11/5/2025 21:15:31,1.17.2,Bandit100,14,3.96,1,20,100,0,Pellet,Left,269,278,279,18,0.23,75,nan
11/5/2025 21:16:52,1.17.2,Bandit100,14,3.96,nan,20,100,0,Left,Left,270,278,279,19,nan,nan,0.17
11/5/2025 21:16:54,1.17.2,Bandit100,14,3.95,1,20,100,0,Pellet,Left,270,278,280,19,0.77,83,nan
11/5/2025 21:17:04,1.17.2,Bandit100,14,3.96,nan,20,0,100,Left,Right,271,278,280,0,nan,nan,0.20
11/5/2025 21:17:07,1.17.2,Bandit100,14,3.96,nan,20,0,100,LeftinTimeOut,Right,271,278,280,0,nan,nan,nan
11/5/2025 21:18:54,1.17.2,Bandit100,14,3.96,nan,20,0,100,Left,Right,272,278,280,0,nan,nan,0.36
11/5/2025 21:23:59,1.17.2,Bandit100,14,3.96,nan,20,0,100,Right,Right,272,279,280,0,nan,nan,0.00
11/5/2025 21:24:02,1.17.2,Bandit100,14,3.96,1,20,0,100,Pellet,Right,272,279,281,0,1.67,428,nan
11/5/2025 21:26:55,1.17.2,Bandit100,14,3.96,nan,20,0,100,Right,Right,272,280,281,1,nan,nan,0.15
11/5/2025 21:26:56,1.17.2,Bandit100,14,3.96,1,20,0,100,Pellet,Right,272,280,282,1,0.53,174,nan
11/5/2025 21:29:51,1.17.2,Bandit100,14,3.96,nan,20,0,100,Right,Right,272,281,282,2,nan,nan,0.00
11/5/2025 21:29:54,1.17.2,Bandit100,14,3.96,2,20,0,100,Pellet,Right,272,281,283,2,0.95,178,nan
11/5/2025 21:35:54,1.17.2,Bandit100,14,3.96,nan,20,0,100,Right,Right,272,282,283,3,nan,nan,0.02
11/5/2025 21:35:56,1.17.2,Bandit100,14,3.96,1,20,0,100,Pellet,Right,272,282,284,3,0.71,362,nan
11/5/2025 21:40:05,1.17.2,Bandit100,14,3.96,nan,20,0,100,Right,Right,272,283,284,4,nan,nan,0.01
11/5/2025 21:40:07,1.17.2,Bandit100,14,3.96,1,20,0,100,Pellet,Right,272,283,285,4,0.65,251,nan
11/5/2025 21:40:19,1.17.2,Bandit100,14,3.96,nan,20,0,100,Right,Right,272,284,285,5,nan,nan,0.09
11/5/2025 21:40:21,1.17.2,Bandit100,14,3.96,1,20,0,100,Pellet,Right,272,284,286,5,0.29,13,nan
11/5/2025 21:40:32,1.17.2,Bandit100,14,3.96,nan,20,0,100,Right,Right,272,285,286,6,nan,nan,0.12
11/5/2025 21:40:34,1.17.2,Bandit100,14,3.95,1,20,0,100,Pellet,Right,272,285,287,6,0.35,14,nan
11/5/2025 21:40:53,1.17.2,Bandit100,14,3.96,nan,20,0,100,Right,Right,272,286,287,7,nan,nan,0.11
11/5/2025 21:40:55,1.17.2,Bandit100,14,3.96,1,20,0,100,Pellet,Right,272,286,288,7,1.19,21,nan
11/5/2025 21:42:51,1.17.2,Bandit100,14,3.96,nan,20,0,100,Right,Right,272,287,288,8,nan,nan,0.07
11/5/2025 21:42:52,1.17.2,Bandit100,14,3.96,1,20,0,100,Pellet,Right,272,287,289,8,0.71,117,nan
11/5/2025 21:43:56,1.17.2,Bandit100,14,3.96,nan,20,0,100,Left,Right,273,287,289,9,nan,nan,0.06
11/5/2025 21:46:01,1.17.2,Bandit100,14,3.96,nan,20,0,100,Left,Right,274,287,289,9,nan,nan,0.11
11/5/2025 21:47:03,1.17.2,Bandit100,14,3.96,nan,20,0,100,Right,Right,274,288,289,9,nan,nan,0.14
11/5/2025 21:47:06,1.17.2,Bandit100,14,3.96,2,20,0,100,Pellet,Right,274,288,290,9,0.65,254,nan
11/5/2025 21:54:35,1.17.2,Bandit100,14,3.96,nan,20,0,100,Right,Right,274,289,290,10,nan,nan,0.22
11/5/2025 21:54:36,1.17.2,Bandit100,14,3.95,1,20,0,100,Pellet,Right,274,289,291,10,0.35,450,nan
11/5/2025 21:54:58,1.17.2,Bandit100,14,3.96,nan,20,0,100,Left,Right,275,289,291,11,nan,nan,0.12
11/5/2025 22:04:10,1.17.2,Bandit100,14,3.95,nan,20,0,100,Left,Right,276,289,291,11,nan,nan,0.04
11/5/2025 22:04:11,1.17.2,Bandit100,14,3.95,nan,20,0,100,LeftinTimeOut,Right,276,289,291,11,nan,nan,nan
11/5/2025 22:05:48,1.17.2,Bandit100,14,3.96,nan,20,0,100,Left,Right,277,289,291,11,nan,nan,0.08
11/5/2025 22:06:37,1.17.2,Bandit100,14,3.96,nan,20,0,100,Right,Right,277,290,291,11,nan,nan,0.15
11/5/2025 22:06:38,1.17.2,Bandit100,14,3.96,1,20,0,100,Pellet,Right,277,290,292,11,0.53,722,nan
11/5/2025 22:06:58,1.17.2,Bandit100,14,3.95,nan,20,0,100,Right,Right,277,291,292,12,nan,nan,0.23
11/5/2025 22:06:59,1.17.2,Bandit100,14,3.95,1,20,0,100,Pellet,Right,277,291,293,12,0.47,21,nan
11/5/2025 22:07:04,1.17.2,Bandit100,14,3.96,nan,20,0,100,Right,Right,277,292,293,13,nan,nan,0.03
11/5/2025 22:07:05,1.17.2,Bandit100,14,3.95,1,20,0,100,Pellet,Right,277,292,294,13,0.47,6,nan
11/5/2025 22:07:14,1.17.2,Bandit100,14,3.96,nan,20,0,100,Right,Right,277,293,294,14,nan,nan,0.09
11/5/2025 22:07:15,1.17.2,Bandit100,14,3.95,1,20,0,100,Pellet,Right,277,293,295,14,0.35,10,nan
11/5/2025 22:08:16,1.17.2,Bandit100,14,3.96,nan,20,0,100,Right,Right,277,294,295,15,nan,nan,0.08
11/5/2025 22:08:18,1.17.2,Bandit100,14,3.96,1,20,0,100,Pellet,Right,277,294,296,15,1.07,63,nan
11/5/2025 22:08:36,1.17.2,Bandit100,14,3.96,nan,20,0,100,Left,Right,278,294,296,16,nan,nan,0.30
11/5/2025 22:09:10,1.17.2,Bandit100,14,3.95,nan,20,0,100,Right,Right,278,295,296,16,nan,nan,0.37
11/5/2025 22:09:14,1.17.2,Bandit100,14,3.95,2,20,0,100,Pellet,Right,278,295,297,16,1.31,56,nan
11/5/2025 22:12:59,1.17.2,Bandit100,14,3.95,nan,20,0,100,Right,Right,278,296,297,17,nan,nan,0.04
11/5/2025 22:13:00,1.17.2,Bandit100,14,3.96,1,20,0,100,Pellet,Right,278,296,298,17,0.29,226,nan
11/5/2025 22:15:28,1.17.2,Bandit100,14,3.96,nan,20,0,100,Right,Right,278,297,298,18,nan,nan,0.06
11/5/2025 22:15:30,1.17.2,Bandit100,14,3.95,1,20,0,100,Pellet,Right,278,297,299,18,0.83,150,nan
11/5/2025 22:22:46,1.17.2,Bandit100,14,3.95,nan,20,0,100,Right,Right,278,298,299,19,nan,nan,0.03
11/5/2025 22:22:48,1.17.2,Bandit100,14,3.95,1,20,0,100,Pellet,Right,278,298,300,19,1.55,438,nan
11/5/2025 22:22:55,1.17.2,Bandit100,14,3.96,nan,20,100,0,Right,Left,278,299,300,0,nan,nan,0.22
11/5/2025 22:26:20,1.17.2,Bandit100,14,3.96,nan,20,100,0,Left,Left,279,299,300,0,nan,nan,0.01
11/5/2025 22:26:21,1.17.2,Bandit100,14,3.96,1,20,100,0,Pellet,Left,279,299,301,0,0.65,213,nan
11/5/2025 22:31:12,1.17.2,Bandit100,14,3.96,nan,20,100,0,Right,Left,279,300,301,1,nan,nan,0.05
11/5/2025 22:32:03,1.17.2,Bandit100,14,3.95,nan,20,100,0,Right,Left,279,301,301,1,nan,nan,0.02
11/5/2025 22:33:43,1.17.2,Bandit100,14,3.96,nan,20,100,0,Right,Left,279,302,301,1,nan,nan,0.00
11/5/2025 22:35:16,1.17.2,Bandit100,14,3.95,nan,20,100,0,Right,Left,279,303,301,1,nan,nan,0.08
11/5/2025 22:36:54,1.17.2,Bandit100,14,3.95,nan,20,100,0,Left,Left,280,303,301,1,nan,nan,0.36
11/5/2025 22:36:55,1.17.2,Bandit100,14,3.95,1,20,100,0,Pellet,Left,280,303,302,1,0.59,634,nan
11/5/2025 22:37:02,1.17.2,Bandit100,14,3.96,nan,20,100,0,Left,Left,281,303,302,2,nan,nan,0.48
11/5/2025 22:37:04,1.17.2,Bandit100,14,3.95,1,20,100,0,Pellet,Left,281,303,303,2,0.71,9,nan
11/5/2025 22:37:14,1.17.2,Bandit100,14,3.95,nan,20,100,0,Left,Left,282,303,303,3,nan,nan,0.06
11/5/2025 22:37:23,1.17.2,Bandit100,14,3.95,3,20,100,0,Pellet,Left,282,303,304,3,3.89,18,nan
11/5/2025 22:39:15,1.17.2,Bandit100,14,3.95,nan,20,100,0,Left,Left,283,303,304,4,nan,nan,0.02
11/5/2025 22:39:15,1.17.2,Bandit100,14,3.95,nan,20,100,0,LeftDuringDispense,Left,283,303,304,4,nan,nan,0.05
11/5/2025 22:39:20,1.17.2,Bandit100,14,3.95,2,20,100,0,Pellet,Left,283,303,305,4,1.37,118,nan
11/5/2025 22:39:26,1.17.2,Bandit100,14,3.96,nan,20,100,0,Left,Left,284,303,305,5,nan,nan,0.06
11/5/2025 22:39:27,1.17.2,Bandit100,14,3.95,1,20,100,0,Pellet,Left,284,303,306,5,0.65,7,nan
11/5/2025 22:39:33,1.17.2,Bandit100,14,3.95,nan,20,100,0,Left,Left,285,303,306,6,nan,nan,0.27
11/5/2025 22:39:35,1.17.2,Bandit100,14,3.96,1,20,100,0,Pellet,Left,285,303,307,6,0.77,8,nan
11/5/2025 22:41:02,1.17.2,Bandit100,14,3.96,nan,20,100,0,Left,Left,286,303,307,7,nan,nan,0.15
11/5/2025 22:41:05,1.17.2,Bandit100,14,3.96,1,20,100,0,Pellet,Left,286,303,308,7,1.91,90,nan
11/5/2025 22:54:23,1.17.2,Bandit100,14,3.95,nan,20,100,0,Right,Left,286,304,308,8,nan,nan,0.07
11/5/2025 22:55:11,1.17.2,Bandit100,14,3.95,nan,20,100,0,Left,Left,287,304,308,8,nan,nan,0.22
11/5/2025 22:55:13,1.17.2,Bandit100,14,3.96,1,20,100,0,Pellet,Left,287,304,309,8,0.95,848,nan
11/5/2025 23:01:35,1.17.2,Bandit100,14,3.95,nan,20,100,0,Right,Left,287,305,309,9,nan,nan,0.16
11/5/2025 23:01:37,1.17.2,Bandit100,14,3.95,nan,20,100,0,RightinTimeout,Left,287,305,309,9,nan,nan,0.00
11/5/2025 23:01:37,1.17.2,Bandit100,14,3.95,nan,20,100,0,RightinTimeout,Left,287,305,309,9,nan,nan,0.00
11/5/2025 23:05:16,1.17.2,Bandit100,14,3.95,nan,20,100,0,Left,Left,288,305,309,9,nan,nan,0.02
11/5/2025 23:05:18,1.17.2,Bandit100,14,3.95,1,20,100,0,Pellet,Left,288,305,310,9,0.95,605,nan
11/5/2025 23:05:33,1.17.2,Bandit100,14,3.96,nan,20,100,0,Right,Left,288,306,310,10,nan,nan,0.04
11/5/2025 23:07:14,1.17.2,Bandit100,14,3.95,nan,20,100,0,Left,Left,289,306,310,10,nan,nan,0.38
11/5/2025 23:07:19,1.17.2,Bandit100,14,3.96,2,20,100,0,Pellet,Left,289,306,311,10,2.27,121,nan
11/5/2025 23:08:02,1.17.2,Bandit100,14,3.95,nan,20,100,0,Right,Left,289,307,311,11,nan,nan,0.00
11/5/2025 23:08:25,1.17.2,Bandit100,14,3.95,nan,20,100,0,Left,Left,290,307,311,11,nan,nan,0.19
11/5/2025 23:08:27,1.17.2,Bandit100,14,3.95,1,20,100,0,Pellet,Left,290,307,312,11,1.85,68,nan
11/5/2025 23:10:37,1.17.2,Bandit100,14,3.95,nan,20,100,0,Right,Left,290,308,312,12,nan,nan,0.04
11/5/2025 23:11:22,1.17.2,Bandit100,14,3.95,nan,20,100,0,Right,Left,290,309,312,12,nan,nan,0.06
11/5/2025 23:13:59,1.17.2,Bandit100,14,3.95,nan,20,100,0,Left,Left,291,309,312,12,nan,nan,0.02
11/5/2025 23:14:01,1.17.2,Bandit100,14,3.96,1,20,100,0,Pellet,Left,291,309,313,12,0.71,334,nan
11/5/2025 23:16:28,1.17.2,Bandit100,14,3.95,nan,20,100,0,Right,Left,291,310,313,13,nan,nan,0.02
11/5/2025 23:16:28,1.17.2,Bandit100,14,3.95,nan,20,100,0,RightinTimeout,Left,291,310,313,13,nan,nan,0.00
11/5/2025 23:24:02,1.17.2,Bandit100,14,3.95,nan,20,100,0,Left,Left,292,310,313,13,nan,nan,0.20
11/5/2025 23:24:04,1.17.2,Bandit100,14,3.95,1,20,100,0,Pellet,Left,292,310,314,13,1.07,603,nan
11/5/2025 23:26:30,1.17.2,Bandit100,14,3.96,nan,20,100,0,Right,Left,292,311,314,14,nan,nan,0.51
11/5/2025 23:26:53,1.17.2,Bandit100,14,3.95,nan,20,100,0,Right,Left,292,312,314,14,nan,nan,0.21
11/5/2025 23:28:14,1.17.2,Bandit100,14,3.96,nan,20,100,0,Right,Left,292,313,314,14,nan,nan,0.10
11/5/2025 23:40:13,1.17.2,Bandit100,14,3.95,nan,20,100,0,Left,Left,293,313,314,14,nan,nan,0.25
11/5/2025 23:40:15,1.17.2,Bandit100,14,3.96,1,20,100,0,Pellet,Left,293,313,315,14,1.61,971,nan
11/5/2025 23:41:25,1.17.2,Bandit100,14,3.95,nan,20,100,0,Right,Left,293,314,315,15,nan,nan,0.23
11/5/2025 23:48:41,1.17.2,Bandit100,14,3.95,nan,20,100,0,Right,Left,293,315,315,15,nan,nan,0.19
11/5/2025 23:49:53,1.17.2,Bandit100,14,3.96,nan,20,100,0,Right,Left,293,316,315,15,nan,nan,0.22
11/5/2025 23:53:25,1.17.2,Bandit100,14,3.95,nan,20,100,0,Right,Left,293,317,315,15,nan,nan,0.05
11/5/2025 23:55:01,1.17.2,Bandit100,14,3.95,nan,20,100,0,Left,Left,294,317,315,15,nan,nan,0.41
11/5/2025 23:55:05,1.17.2,Bandit100,14,3.95,1,20,100,0,Pellet,Left,294,317,316,15,3.83,890,nan
11/5/2025 23:58:01,1.17.2,Bandit100,14,3.95,nan,20,100,0,Right,Left,294,318,316,16,nan,nan,0.46
11/5/2025 23:58:12,1.17.2,Bandit100,14,3.95,nan,20,100,0,Left,Left,295,318,316,16,nan,nan,0.15
11/5/2025 23:58:14,1.17.2,Bandit100,14,3.95,1,20,100,0,Pellet,Left,295,318,317,16,0.83,188,nan
11/5/2025 23:58:27,1.17.2,Bandit100,14,3.95,nan,20,100,0,Right,Left,295,319,317,17,nan,nan,0.20
11/5/2025 23:58:31,1.17.2,Bandit100,14,3.95,nan,20,100,0,LeftinTimeOut,Left,295,319,317,17,nan,nan,nan
11/5/2025 23:59:58,1.17.2,Bandit100,14,3.96,nan,20,100,0,Left,Left,296,319,317,17,nan,nan,0.04
11/6/2025 0:00:00,1.17.2,Bandit100,14,3.95,1,20,100,0,Pellet,Left,296,319,318,17,1.67,107,nan
11/6/2025 0:00:15,1.17.2,Bandit100,14,3.95,nan,20,100,0,Right,Left,296,320,318,18,nan,nan,0.39
11/6/2025 0:00:17,1.17.2,Bandit100,14,3.95,nan,20,100,0,RightinTimeout,Left,296,320,318,18,nan,nan,0.00
11/6/2025 0:00:35,1.17.2,Bandit100,14,3.94,nan,20,100,0,Left,Left,297,320,318,18,nan,nan,0.03
11/6/2025 0:00:37,1.17.2,Bandit100,14,3.95,1,20,100,0,Pellet,Left,297,320,319,18,0.41,36,nan
11/6/2025 0:03:24,1.17.2,Bandit100,14,3.95,nan,20,100,0,Left,Left,298,320,319,19,nan,nan,0.16
11/6/2025 0:03:26,1.17.2,Bandit100,14,3.96,1,20,100,0,Pellet,Left,298,320,320,19,0.77,170,nan
11/6/2025 0:09:57,1.17.2,Bandit100,14,3.95,nan,20,0,100,Right,Right,298,321,320,0,nan,nan,0.04
11/6/2025 0:09:59,1.17.2,Bandit100,14,3.95,1,20,0,100,Pellet,Right,298,321,321,0,0.89,393,nan
11/6/2025 0:11:55,1.17.2,Bandit100,14,3.95,nan,20,0,100,Right,Right,298,322,321,1,nan,nan,0.11
11/6/2025 0:11:57,1.17.2,Bandit100,14,3.96,1,20,0,100,Pellet,Right,298,322,322,1,0.65,118,nan
11/6/2025 0:12:10,1.17.2,Bandit100,14,3.95,nan,20,0,100,Left,Right,299,322,322,2,nan,nan,0.20
11/6/2025 0:13:16,1.17.2,Bandit100,14,3.94,nan,20,0,100,Right,Right,299,323,322,2,nan,nan,0.14
11/6/2025 0:13:18,1.17.2,Bandit100,14,3.95,1,20,0,100,Pellet,Right,299,323,323,2,0.41,81,nan
11/6/2025 0:17:12,1.17.2,Bandit100,14,3.95,nan,20,0,100,Right,Right,299,324,323,3,nan,nan,0.00
11/6/2025 0:17:14,1.17.2,Bandit100,14,3.95,1,20,0,100,Pellet,Right,299,324,324,3,0.71,236,nan
11/6/2025 0:17:32,1.17.2,Bandit100,14,3.95,nan,20,0,100,Right,Right,299,325,324,4,nan,nan,0.11
11/6/2025 0:17:34,1.17.2,Bandit100,14,3.95,1,20,0,100,Pellet,Right,299,325,325,4,1.07,20,nan
11/6/2025 0:18:05,1.17.2,Bandit100,14,3.95,nan,20,0,100,Left,Right,300,325,325,5,nan,nan,0.15
11/6/2025 0:18:21,1.17.2,Bandit100,14,3.95,nan,20,0,100,Left,Right,301,325,325,5,nan,nan,0.20
11/6/2025 0:25:30,1.17.2,Bandit100,14,3.95,nan,20,0,100,Right,Right,301,326,325,5,nan,nan,0.05
11/6/2025 0:25:34,1.17.2,Bandit100,14,3.95,2,20,0,100,Pellet,Right,301,326,326,5,0.95,480,nan
11/6/2025 0:25:50,1.17.2,Bandit100,14,3.95,nan,20,0,100,Right,Right,301,327,326,6,nan,nan,0.04
11/6/2025 0:25:53,1.17.2,Bandit100,14,3.94,1,20,0,100,Pellet,Right,301,327,327,6,1.97,19,nan
11/6/2025 1:18:48,1.17.2,Bandit100,14,3.95,nan,20,0,100,Right,Right,301,328,327,7,nan,nan,0.41
11/6/2025 1:18:51,1.17.2,Bandit100,14,3.94,1,20,0,100,Pellet,Right,301,328,328,7,1.73,3178,nan
11/6/2025 1:19:09,1.17.2,Bandit100,14,3.95,nan,20,0,100,Right,Right,301,329,328,8,nan,nan,0.22
11/6/2025 1:19:10,1.17.2,Bandit100,14,3.95,1,20,0,100,Pellet,Right,301,329,329,8,0.41,19,nan
11/6/2025 1:19:24,1.17.2,Bandit100,14,3.94,nan,20,0,100,Right,Right,301,330,329,9,nan,nan,0.26
11/6/2025 1:19:26,1.17.2,Bandit100,14,3.95,1,20,0,100,Pellet,Right,301,330,330,9,0.89,16,nan
11/6/2025 1:19:47,1.17.2,Bandit100,14,3.95,nan,20,0,100,Right,Right,301,331,330,10,nan,nan,0.17
11/6/2025 1:19:48,1.17.2,Bandit100,14,3.94,1,20,0,100,Pellet,Right,301,331,331,10,0.59,22,nan
11/6/2025 1:19:59,1.17.2,Bandit100,14,3.94,nan,20,0,100,Right,Right,301,332,331,11,nan,nan,0.20
11/6/2025 1:20:00,1.17.2,Bandit100,14,3.95,1,20,0,100,Pellet,Right,301,332,332,11,0.41,12,nan
11/6/2025 1:20:28,1.17.2,Bandit100,14,3.95,nan,20,0,100,Left,Right,302,332,332,12,nan,nan,0.31
11/6/2025 1:22:02,1.17.2,Bandit100,14,3.95,nan,20,0,100,Right,Right,302,333,332,12,nan,nan,0.24
11/6/2025 1:22:03,1.17.2,Bandit100,14,3.95,1,20,0,100,Pellet,Right,302,333,333,12,0.83,123,nan
11/6/2025 1:22:29,1.17.2,Bandit100,14,3.95,nan,20,0,100,Left,Right,303,333,333,13,nan,nan,0.13
11/6/2025 1:22:35,1.17.2,Bandit100,14,3.94,nan,20,0,100,RightinTimeout,Right,303,333,333,13,nan,nan,0.00
11/6/2025 2:04:33,1.17.2,Bandit100,14,3.95,nan,20,0,100,Right,Right,303,334,333,13,nan,nan,0.05
11/6/2025 2:04:34,1.17.2,Bandit100,14,3.95,1,20,0,100,Pellet,Right,303,334,334,13,0.65,2551,nan
11/6/2025 2:04:50,1.17.2,Bandit100,14,3.94,nan,20,0,100,Right,Right,303,335,334,14,nan,nan,0.05
11/6/2025 2:04:52,1.17.2,Bandit100,14,3.94,1,20,0,100,Pellet,Right,303,335,335,14,0.65,18,nan
11/6/2025 2:05:01,1.17.2,Bandit100,14,3.94,nan,20,0,100,Right,Right,303,336,335,15,nan,nan,0.15
11/6/2025 2:05:05,1.17.2,Bandit100,14,3.94,2,20,0,100,Pellet,Right,303,336,336,15,1.19,13,nan
11/6/2025 2:05:27,1.17.2,Bandit100,14,3.95,nan,20,0,100,Left,Right,304,336,336,16,nan,nan,0.26
11/6/2025 2:05:33,1.17.2,Bandit100,14,3.94,nan,20,0,100,LeftinTimeOut,Right,304,336,336,16,nan,nan,nan
11/6/2025 2:05:36,1.17.2,Bandit100,14,3.94,nan,20,0,100,RightinTimeout,Right,304,336,336,16,nan,nan,0.00
11/6/2025 2:08:40,1.17.2,Bandit100,14,3.94,nan,20,0,100,Left,Right,305,336,336,16,nan,nan,0.16
11/6/2025 2:10:14,1.17.2,Bandit100,14,3.94,nan,20,0,100,Right,Right,305,337,336,16,nan,nan,0.05
11/6/2025 2:10:16,1.17.2,Bandit100,14,3.94,1,20,0,100,Pellet,Right,305,337,337,16,0.53,311,nan
11/6/2025 2:10:29,1.17.2,Bandit100,14,3.95,nan,20,0,100,Right,Right,305,338,337,17,nan,nan,0.18
11/6/2025 2:10:30,1.17.2,Bandit100,14,3.95,1,20,0,100,Pellet,Right,305,338,338,17,0.53,14,nan
11/6/2025 2:11:19,1.17.2,Bandit100,14,3.95,nan,20,0,100,Right,Right,305,339,338,18,nan,nan,0.13
11/6/2025 2:11:20,1.17.2,Bandit100,14,3.95,1,20,0,100,Pellet,Right,305,339,339,18,0.59,50,nan
11/6/2025 2:13:43,1.17.2,Bandit100,14,3.94,nan,20,0,100,Left,Right,306,339,339,19,nan,nan,0.02
11/6/2025 2:15:55,1.17.2,Bandit100,14,3.95,nan,20,0,100,Right,Right,306,340,339,19,nan,nan,0.06
11/6/2025 2:15:57,1.17.2,Bandit100,14,3.94,1,20,0,100,Pellet,Right,306,340,340,19,0.47,276,nan
11/6/2025 2:16:11,1.17.2,Bandit100,14,3.94,nan,20,100,0,Right,Left,306,341,340,0,nan,nan,0.05
11/6/2025 2:20:18,1.17.2,Bandit100,14,3.95,nan,20,100,0,Right,Left,306,342,340,0,nan,nan,0.05
11/6/2025 2:21:34,1.17.2,Bandit100,14,3.95,nan,20,100,0,Left,Left,307,342,340,0,nan,nan,0.26
11/6/2025 2:21:35,1.17.2,Bandit100,14,3.94,1,20,100,0,Pellet,Left,307,342,341,0,0.77,339,nan
11/6/2025 2:22:02,1.17.2,Bandit100,14,3.94,nan,20,100,0,Left,Left,308,342,341,1,nan,nan,0.19
11/6/2025 2:22:03,1.17.2,Bandit100,14,3.94,1,20,100,0,Pellet,Left,308,342,342,1,0.41,28,nan
11/6/2025 2:22:13,1.17.2,Bandit100,14,3.94,nan,20,100,0,Right,Left,308,343,342,2,nan,nan,0.06
11/6/2025 2:22:18,1.17.2,Bandit100,14,3.95,nan,20,100,0,LeftinTimeOut,Left,308,343,342,2,nan,nan,nan
11/6/2025 2:26:42,1.17.2,Bandit100,14,3.95,nan,20,100,0,Right,Left,308,344,342,2,nan,nan,0.18
11/6/2025 2:26:45,1.17.2,Bandit100,14,3.94,nan,20,100,0,LeftinTimeOut,Left,308,344,342,2,nan,nan,nan
11/6/2025 2:27:13,1.17.2,Bandit100,14,3.94,nan,20,100,0,Right,Left,308,345,342,2,nan,nan,0.00
11/6/2025 2:29:14,1.17.2,Bandit100,14,3.94,nan,20,100,0,Left,Left,309,345,342,2,nan,nan,0.09
11/6/2025 2:29:16,1.17.2,Bandit100,14,3.94,1,20,100,0,Pellet,Left,309,345,343,2,0.59,433,nan
11/6/2025 2:34:04,1.17.2,Bandit100,14,3.94,nan,20,100,0,Right,Left,309,346,343,3,nan,nan,1.48
11/6/2025 2:34:05,1.17.2,Bandit100,14,3.94,nan,20,100,0,RightinTimeout,Left,309,346,343,3,nan,nan,0.00
11/6/2025 2:34:06,1.17.2,Bandit100,14,3.95,nan,20,100,0,RightinTimeout,Left,309,346,343,3,nan,nan,0.00
11/6/2025 2:34:06,1.17.2,Bandit100,14,3.94,nan,20,100,0,RightinTimeout,Left,309,346,343,3,nan,nan,0.00
11/6/2025 2:34:06,1.17.2,Bandit100,14,3.94,nan,20,100,0,RightinTimeout,Left,309,346,343,3,nan,nan,0.00
11/6/2025 2:34:08,1.17.2,Bandit100,14,3.94,nan,20,100,0,RightinTimeout,Left,309,346,343,3,nan,nan,0.00
11/6/2025 2:34:08,1.17.2,Bandit100,14,3.94,nan,20,100,0,RightinTimeout,Left,309,346,343,3,nan,nan,0.00
11/6/2025 2:34:08,1.17.2,Bandit100,14,3.95,nan,20,100,0,RightinTimeout,Left,309,346,343,3,nan,nan,0.00
11/6/2025 2:34:14,1.17.2,Bandit100,14,3.94,nan,20,100,0,RightinTimeout,Left,309,346,343,3,nan,nan,0.00
11/6/2025 2:34:14,1.17.2,Bandit100,14,3.95,nan,20,100,0,RightinTimeout,Left,309,346,343,3,nan,nan,0.00
11/6/2025 2:34:14,1.17.2,Bandit100,14,3.95,nan,20,100,0,RightinTimeout,Left,309,346,343,3,nan,nan,0.00
11/6/2025 2:35:21,1.17.2,Bandit100,14,3.94,nan,20,100,0,Right,Left,309,347,343,3,nan,nan,0.16
11/6/2025 2:35:22,1.17.2,Bandit100,14,3.94,nan,20,100,0,RightinTimeout,Left,309,347,343,3,nan,nan,0.00
11/6/2025 2:35:23,1.17.2,Bandit100,14,3.95,nan,20,100,0,RightinTimeout,Left,309,347,343,3,nan,nan,0.00
11/6/2025 2:42:10,1.17.2,Bandit100,14,3.95,nan,20,100,0,Left,Left,310,347,343,3,nan,nan,0.09
11/6/2025 2:42:10,1.17.2,Bandit100,14,3.94,nan,20,100,0,LeftDuringDispense,Left,310,347,343,3,nan,nan,0.02
11/6/2025 2:42:13,1.17.2,Bandit100,14,3.94,nan,20,100,0,LeftWithPellet,Left,310,347,343,3,nan,nan,0.10
11/6/2025 2:42:15,1.17.2,Bandit100,14,3.95,2,20,100,0,Pellet,Left,310,347,344,3,2.23,779,nan
11/6/2025 2:43:05,1.17.2,Bandit100,14,3.94,nan,20,100,0,Right,Left,310,348,344,4,nan,nan,0.16
11/6/2025 2:43:34,1.17.2,Bandit100,14,3.94,nan,20,100,0,Left,Left,311,348,344,4,nan,nan,0.18
11/6/2025 2:43:36,1.17.2,Bandit100,14,3.94,1,20,100,0,Pellet,Left,311,348,345,4,1.13,81,nan
11/6/2025 2:43:55,1.17.2,Bandit100,14,3.94,nan,20,100,0,Left,Left,312,348,345,5,nan,nan,0.22
11/6/2025 2:43:56,1.17.2,Bandit100,14,3.94,1,20,100,0,Pellet,Left,312,348,346,5,0.65,20,nan
11/6/2025 2:44:30,1.17.2,Bandit100,14,3.94,nan,20,100,0,Right,Left,312,349,346,6,nan,nan,0.81
11/6/2025 2:44:32,1.17.2,Bandit100,14,3.94,nan,20,100,0,RightinTimeout,Left,312,349,346,6,nan,nan,0.00
11/6/2025 2:44:36,1.17.2,Bandit100,14,3.94,nan,20,100,0,LeftinTimeOut,Left,312,349,346,6,nan,nan,nan
11/6/2025 2:44:37,1.17.2,Bandit100,14,3.94,nan,20,100,0,LeftinTimeOut,Left,312,349,346,6,nan,nan,nan
11/6/2025 3:14:11,1.17.2,Bandit100,14,3.94,nan,20,100,0,Right,Left,312,350,346,6,nan,nan,0.34
11/6/2025 3:14:19,1.17.2,Bandit100,14,3.94,nan,20,100,0,LeftinTimeOut,Left,312,350,346,6,nan,nan,nan
11/6/2025 3:14:19,1.17.2,Bandit100,14,3.94,nan,20,100,0,LeftinTimeOut,Left,312,350,346,6,nan,nan,nan
11/6/2025 3:39:26,1.17.2,Bandit100,14,3.94,nan,20,100,0,Right,Left,312,351,346,6,nan,nan,0.49
11/6/2025 3:39:32,1.17.2,Bandit100,14,3.94,nan,20,100,0,LeftinTimeOut,Left,312,351,346,6,nan,nan,nan
11/6/2025 3:40:04,1.17.2,Bandit100,14,3.94,nan,20,100,0,Left,Left,313,351,346,6,nan,nan,0.30
11/6/2025 3:40:06,1.17.2,Bandit100,14,3.94,1,20,100,0,Pellet,Left,313,351,347,6,0.77,3370,nan
11/6/2025 3:49:14,1.17.2,Bandit100,14,3.94,nan,20,100,0,Right,Left,313,352,347,7,nan,nan,0.20
11/6/2025 3:49:32,1.17.2,Bandit100,14,3.94,nan,20,100,0,Left,Left,314,352,347,7,nan,nan,0.20
11/6/2025 3:49:34,1.17.2,Bandit100,14,3.94,1,20,100,0,Pellet,Left,314,352,348,7,1.43,568,nan
11/6/2025 3:49:47,1.17.2,Bandit100,14,3.94,nan,20,100,0,Left,Left,315,352,348,8,nan,nan,0.23
11/6/2025 3:49:48,1.17.2,Bandit100,14,3.94,1,20,100,0,Pellet,Left,315,352,349,8,0.53,14,nan
11/6/2025 3:49:55,1.17.2,Bandit100,14,3.94,nan,20,100,0,Right,Left,315,353,349,9,nan,nan,0.03
11/6/2025 3:49:59,1.17.2,Bandit100,14,3.94,nan,20,100,0,RightinTimeout,Left,315,353,349,9,nan,nan,0.00
11/6/2025 3:49:59,1.17.2,Bandit100,14,3.94,nan,20,100,0,RightinTimeout,Left,315,353,349,9,nan,nan,0.00
11/6/2025 3:50:07,1.17.2,Bandit100,14,3.94,nan,20,100,0,LeftinTimeOut,Left,315,353,349,9,nan,nan,nan
11/6/2025 3:50:09,1.17.2,Bandit100,14,3.94,nan,20,100,0,LeftinTimeOut,Left,315,353,349,9,nan,nan,nan
11/6/2025 3:52:28,1.17.2,Bandit100,14,3.94,nan,20,100,0,Left,Left,316,353,349,9,nan,nan,0.19
11/6/2025 3:52:30,1.17.2,Bandit100,14,3.94,1,20,100,0,Pellet,Left,316,353,350,9,0.47,162,nan
11/6/2025 3:52:51,1.17.2,Bandit100,14,3.94,nan,20,100,0,Right,Left,316,354,350,10,nan,nan,0.23
11/6/2025 3:52:55,1.17.2,Bandit100,14,3.94,nan,20,100,0,RightinTimeout,Left,316,354,350,10,nan,nan,0.00
11/6/2025 3:54:29,1.17.2,Bandit100,14,3.94,nan,20,100,0,Left,Left,317,354,350,10,nan,nan,0.00
11/6/2025 3:54:32,1.17.2,Bandit100,14,3.94,1,20,100,0,Pellet,Left,317,354,351,10,1.67,122,nan
11/6/2025 3:54:55,1.17.2,Bandit100,14,3.94,nan,20,100,0,Left,Left,318,354,351,11,nan,nan,0.11
11/6/2025 3:54:57,1.17.2,Bandit100,14,3.94,1,20,100,0,Pellet,Left,318,354,352,11,1.25,25,nan
11/6/2025 3:55:06,1.17.2,Bandit100,14,3.94,nan,20,100,0,Right,Left,318,355,352,12,nan,nan,0.30
11/6/2025 3:55:10,1.17.2,Bandit100,14,3.94,nan,20,100,0,LeftinTimeOut,Left,318,355,352,12,nan,nan,nan
11/6/2025 3:55:16,1.17.2,Bandit100,14,3.94,nan,20,100,0,LeftinTimeOut,Left,318,355,352,12,nan,nan,nan
11/6/2025 3:55:40,1.17.2,Bandit100,14,3.94,nan,20,100,0,Left,Left,319,355,352,12,nan,nan,0.27
11/6/2025 3:55:41,1.17.2,Bandit100,14,3.94,1,20,100,0,Pellet,Left,319,355,353,12,0.53,44,nan
11/6/2025 3:56:00,1.17.2,Bandit100,14,3.94,nan,20,100,0,Left,Left,320,355,353,13,nan,nan,0.51
11/6/2025 3:56:01,1.17.2,Bandit100,14,3.94,nan,20,100,0,LeftDuringDispense,Left,320,355,353,13,nan,nan,0.02
11/6/2025 3:56:06,1.17.2,Bandit100,14,3.94,2,20,100,0,Pellet,Left,320,355,354,13,2.09,25,nan
11/6/2025 3:56:25,1.17.2,Bandit100,14,3.94,nan,20,100,0,Left,Left,321,355,354,14,nan,nan,0.20
11/6/2025 3:56:28,1.17.2,Bandit100,14,3.94,1,20,100,0,Pellet,Left,321,355,355,14,2.33,22,nan
11/6/2025 3:56:40,1.17.2,Bandit100,14,3.94,nan,20,100,0,Left,Left,322,355,355,15,nan,nan,0.19
11/6/2025 3:56:41,1.17.2,Bandit100,14,3.94,1,20,100,0,Pellet,Left,322,355,356,15,0.65,13,nan
11/6/2025 3:57:07,1.17.2,Bandit100,14,3.94,nan,20,100,0,Left,Left,323,355,356,16,nan,nan,0.66
11/6/2025 3:57:08,1.17.2,Bandit100,14,3.94,1,20,100,0,Pellet,Left,323,355,357,16,0.95,27,nan
11/6/2025 3:57:20,1.17.2,Bandit100,14,3.94,nan,20,100,0,Left,Left,324,355,357,17,nan,nan,0.36
11/6/2025 3:57:22,1.17.2,Bandit100,14,3.94,1,20,100,0,Pellet,Left,324,355,358,17,1.01,14,nan
11/6/2025 3:57:29,1.17.2,Bandit100,14,3.94,nan,20,100,0,Left,Left,325,355,358,18,nan,nan,0.06
11/6/2025 3:57:32,1.17.2,Bandit100,14,3.94,2,20,100,0,Pellet,Left,325,355,359,18,0.47,10,nan
11/6/2025 3:57:52,1.17.2,Bandit100,14,3.94,nan,20,100,0,Left,Left,326,355,359,19,nan,nan,0.03
11/6/2025 3:57:53,1.17.2,Bandit100,14,3.94,1,20,100,0,Pellet,Left,326,355,360,19,0.41,21,nan
11/6/2025 3:58:05,1.17.2,Bandit100,14,3.94,nan,20,0,100,Left,Right,327,355,360,0,nan,nan,0.10
11/6/2025 3:58:12,1.17.2,Bandit100,14,3.94,nan,20,0,100,LeftinTimeOut,Right,327,355,360,0,nan,nan,nan
11/6/2025 3:58:12,1.17.2,Bandit100,14,3.94,nan,20,0,100,LeftinTimeOut,Right,327,355,360,0,nan,nan,nan
11/6/2025 3:58:15,1.17.2,Bandit100,14,3.94,nan,20,0,100,LeftinTimeOut,Right,327,355,360,0,nan,nan,nan
11/6/2025 4:00:02,1.17.2,Bandit100,14,3.94,nan,20,0,100,Right,Right,327,356,360,0,nan,nan,0.07
11/6/2025 4:00:03,1.17.2,Bandit100,14,3.94,1,20,0,100,Pellet,Right,327,356,361,0,0.41,130,nan
11/6/2025 4:00:10,1.17.2,Bandit100,14,3.94,nan,20,0,100,Right,Right,327,357,361,1,nan,nan,0.14
11/6/2025 4:00:11,1.17.2,Bandit100,14,3.94,1,20,0,100,Pellet,Right,327,357,362,1,0.29,8,nan
11/6/2025 4:00:29,1.17.2,Bandit100,14,3.94,nan,20,0,100,Left,Right,328,357,362,2,nan,nan,0.11
11/6/2025 4:03:38,1.17.2,Bandit100,14,3.94,nan,20,0,100,Right,Right,328,358,362,2,nan,nan,0.23
11/6/2025 4:03:39,1.17.2,Bandit100,14,3.94,1,20,0,100,Pellet,Right,328,358,363,2,0.47,208,nan
11/6/2025 4:04:52,1.17.2,Bandit100,14,3.94,nan,20,0,100,Left,Right,329,358,363,3,nan,nan,0.14
11/6/2025 4:05:05,1.17.2,Bandit100,14,3.94,nan,20,0,100,Left,Right,330,358,363,3,nan,nan,0.12
11/6/2025 4:05:07,1.17.2,Bandit100,14,3.94,nan,20,0,100,LeftinTimeOut,Right,330,358,363,3,nan,nan,nan
11/6/2025 4:11:41,1.17.2,Bandit100,14,3.94,nan,20,0,100,Left,Right,331,358,363,3,nan,nan,0.18
11/6/2025 4:18:20,1.17.2,Bandit100,14,3.94,nan,20,0,100,Left,Right,332,358,363,3,nan,nan,0.22
11/6/2025 4:31:48,1.17.2,Bandit100,14,3.94,nan,20,0,100,Left,Right,333,358,363,3,nan,nan,0.18
11/6/2025 4:31:52,1.17.2,Bandit100,14,3.94,nan,20,0,100,RightinTimeout,Right,333,358,363,3,nan,nan,0.00
11/6/2025 4:31:52,1.17.2,Bandit100,14,3.94,nan,20,0,100,RightinTimeout,Right,333,358,363,3,nan,nan,0.00
11/6/2025 4:31:52,1.17.2,Bandit100,14,3.94,nan,20,0,100,RightinTimeout,Right,333,358,363,3,nan,nan,0.00
11/6/2025 4:31:53,1.17.2,Bandit100,14,3.94,nan,20,0,100,RightinTimeout,Right,333,358,363,3,nan,nan,0.00
11/6/2025 4:46:58,1.17.2,Bandit100,14,3.94,nan,20,0,100,Left,Right,334,358,363,3,nan,nan,0.33
11/6/2025 4:49:42,1.17.2,Bandit100,14,3.94,nan,20,0,100,Right,Right,334,359,363,3,nan,nan,0.06
11/6/2025 4:49:43,1.17.2,Bandit100,14,3.94,2,20,0,100,Pellet,Right,334,359,364,3,0.65,2764,nan
11/6/2025 4:49:53,1.17.2,Bandit100,14,3.94,nan,20,0,100,Right,Right,334,360,364,4,nan,nan,0.36
11/6/2025 4:49:54,1.17.2,Bandit100,14,3.94,1,20,0,100,Pellet,Right,334,360,365,4,0.53,11,nan
11/6/2025 4:50:06,1.17.2,Bandit100,14,3.94,nan,20,0,100,Right,Right,334,361,365,5,nan,nan,0.19
11/6/2025 4:50:07,1.17.2,Bandit100,14,3.94,2,20,0,100,Pellet,Right,334,361,366,5,0.23,13,nan
11/6/2025 4:50:33,1.17.2,Bandit100,14,3.94,nan,20,0,100,Right,Right,334,362,366,6,nan,nan,0.02
11/6/2025 4:50:34,1.17.2,Bandit100,14,3.94,1,20,0,100,Pellet,Right,334,362,367,6,0.35,27,nan
11/6/2025 4:51:15,1.17.2,Bandit100,14,3.94,nan,20,0,100,Right,Right,334,363,367,7,nan,nan,0.04
11/6/2025 4:51:17,1.17.2,Bandit100,14,3.94,1,20,0,100,Pellet,Right,334,363,368,7,1.67,43,nan
11/6/2025 4:53:08,1.17.2,Bandit100,14,3.94,nan,20,0,100,Left,Right,335,363,368,8,nan,nan,0.05
11/6/2025 4:55:07,1.17.2,Bandit100,14,3.93,nan,20,0,100,Right,Right,335,364,368,8,nan,nan,0.47
11/6/2025 4:55:09,1.17.2,Bandit100,14,3.94,1,20,0,100,Pellet,Right,335,364,369,8,0.47,232,nan
11/6/2025 4:55:26,1.17.2,Bandit100,14,3.94,nan,20,0,100,Right,Right,335,365,369,9,nan,nan,0.17
11/6/2025 4:55:27,1.17.2,Bandit100,14,3.94,1,20,0,100,Pellet,Right,335,365,370,9,0.47,18,nan
11/6/2025 4:56:00,1.17.2,Bandit100,14,3.94,nan,20,0,100,Right,Right,335,366,370,10,nan,nan,0.16
11/6/2025 4:56:01,1.17.2,Bandit100,14,3.94,1,20,0,100,Pellet,Right,335,366,371,10,0.29,34,nan
11/6/2025 4:57:24,1.17.2,Bandit100,14,3.94,nan,20,0,100,Left,Right,336,366,371,11,nan,nan,0.25
11/6/2025 5:00:08,1.17.2,Bandit100,14,3.94,nan,20,0,100,Right,Right,336,367,371,11,nan,nan,0.10
11/6/2025 5:00:12,1.17.2,Bandit100,14,3.94,2,20,0,100,Pellet,Right,336,367,372,11,1.79,251,nan
11/6/2025 5:03:02,1.17.2,Bandit100,14,3.94,nan,20,0,100,Right,Right,336,368,372,12,nan,nan,0.11
11/6/2025 5:03:07,1.17.2,Bandit100,14,3.94,1,20,0,100,Pellet,Right,336,368,373,12,4.43,175,nan
11/6/2025 5:03:21,1.17.2,Bandit100,14,3.94,nan,20,0,100,Right,Right,336,369,373,13,nan,nan,0.10
11/6/2025 5:03:22,1.17.2,Bandit100,14,3.94,1,20,0,100,Pellet,Right,336,369,374,13,0.71,15,nan
11/6/2025 5:04:05,1.17.2,Bandit100,14,3.94,nan,20,0,100,Left,Right,337,369,374,14,nan,nan,0.12
11/6/2025 5:06:47,1.17.2,Bandit100,14,3.94,nan,20,0,100,Right,Right,337,370,374,14,nan,nan,0.16
11/6/2025 5:06:48,1.17.2,Bandit100,14,3.94,1,20,0,100,Pellet,Right,337,370,375,14,0.41,206,nan
11/6/2025 5:19:32,1.17.2,Bandit100,14,3.93,nan,20,0,100,Right,Right,337,371,375,15,nan,nan,0.13
11/6/2025 5:19:35,1.17.2,Bandit100,14,3.94,1,20,0,100,Pellet,Right,337,371,376,15,2.09,767,nan
11/6/2025 6:09:09,1.17.2,Bandit100,14,3.94,nan,20,0,100,Right,Right,337,372,376,16,nan,nan,0.29
11/6/2025 6:09:11,1.17.2,Bandit100,14,3.94,2,20,0,100,Pellet,Right,337,372,377,16,0.53,2976,nan
11/6/2025 6:09:23,1.17.2,Bandit100,14,3.94,nan,20,0,100,Right,Right,337,373,377,17,nan,nan,0.21
11/6/2025 6:09:24,1.17.2,Bandit100,14,3.94,1,20,0,100,Pellet,Right,337,373,378,17,0.53,13,nan
11/6/2025 6:09:41,1.17.2,Bandit100,14,3.94,nan,20,0,100,Right,Right,337,374,378,18,nan,nan,0.27
11/6/2025 6:09:43,1.17.2,Bandit100,14,3.94,1,20,0,100,Pellet,Right,337,374,379,18,0.29,19,nan
11/6/2025 6:13:57,1.17.2,Bandit100,14,3.94,nan,20,0,100,Right,Right,337,375,379,19,nan,nan,0.21
11/6/2025 6:13:59,1.17.2,Bandit100,14,3.94,1,20,0,100,Pellet,Right,337,375,380,19,0.47,256,nan
11/6/2025 6:20:24,1.17.2,Bandit100,14,3.94,nan,20,100,0,Right,Left,337,376,380,0,nan,nan,0.01
11/6/2025 6:23:52,1.17.2,Bandit100,14,3.93,nan,20,100,0,Left,Left,338,376,380,0,nan,nan,0.03
11/6/2025 6:23:55,1.17.2,Bandit100,14,3.93,1,20,100,0,Pellet,Left,338,376,381,0,1.73,596,nan
11/6/2025 6:24:12,1.17.2,Bandit100,14,3.94,nan,20,100,0,Left,Left,339,376,381,1,nan,nan,0.01
11/6/2025 6:24:14,1.17.2,Bandit100,14,3.94,1,20,100,0,Pellet,Left,339,376,382,1,0.71,19,nan
11/6/2025 6:28:53,1.17.2,Bandit100,14,3.94,nan,20,100,0,Left,Left,340,376,382,2,nan,nan,0.36
11/6/2025 6:28:56,1.17.2,Bandit100,14,3.94,1,20,100,0,Pellet,Left,340,376,383,2,1.61,282,nan
11/6/2025 6:29:53,1.17.2,Bandit100,14,3.93,nan,20,100,0,Right,Left,340,377,383,3,nan,nan,0.11
11/6/2025 6:37:51,1.17.2,Bandit100,14,3.94,nan,20,100,0,Left,Left,341,377,383,3,nan,nan,0.03
11/6/2025 6:37:52,1.17.2,Bandit100,14,3.94,1,20,100,0,Pellet,Left,341,377,384,3,0.83,536,nan
11/6/2025 9:45:37,1.17.2,Bandit100,14,3.93,nan,20,100,0,Left,Left,342,377,384,4,nan,nan,0.15
11/6/2025 9:45:38,1.17.2,Bandit100,14,3.92,nan,20,100,0,LeftDuringDispense,Left,342,377,384,4,nan,nan,0.15
11/6/2025 9:45:42,1.17.2,Bandit100,14,3.93,2,20,100,0,Pellet,Left,342,377,385,4,2.03,11270,nan
11/6/2025 9:45:59,1.17.2,Bandit100,14,3.93,nan,20,100,0,Left,Left,343,377,385,5,nan,nan,0.24
11/6/2025 9:46:01,1.17.2,Bandit100,14,3.93,1,20,100,0,Pellet,Left,343,377,386,5,0.53,19,nan
11/6/2025 9:46:12,1.17.2,Bandit100,14,3.93,nan,20,100,0,Left,Left,344,377,386,6,nan,nan,0.01
11/6/2025 9:46:13,1.17.2,Bandit100,14,3.93,1,20,100,0,Pellet,Left,344,377,387,6,0.83,12,nan
11/6/2025 9:46:31,1.17.2,Bandit100,14,3.93,nan,20,100,0,Left,Left,345,377,387,7,nan,nan,0.21
11/6/2025 9:46:32,1.17.2,Bandit100,14,3.93,1,20,100,0,Pellet,Left,345,377,388,7,0.47,19,nan
11/6/2025 9:46:58,1.17.2,Bandit100,14,3.93,nan,20,100,0,Right,Left,345,378,388,8,nan,nan,0.29
11/6/2025 9:48:46,1.17.2,Bandit100,14,3.93,nan,20,100,0,Right,Left,345,379,388,8,nan,nan,0.08
11/6/2025 9:52:15,1.17.2,Bandit100,14,3.93,nan,20,100,0,Left,Left,346,379,388,8,nan,nan,0.04
11/6/2025 9:52:17,1.17.2,Bandit100,14,3.93,1,20,100,0,Pellet,Left,346,379,389,8,0.95,345,nan
11/6/2025 12:12:33,1.17.2,Bandit100,14,3.93,nan,20,100,0,Left,Left,347,379,389,9,nan,nan,0.08
11/6/2025 12:12:37,1.17.2,Bandit100,14,3.93,1,20,100,0,Pellet,Left,347,379,390,9,3.23,8420,nan
11/6/2025 12:17:44,1.17.2,Bandit100,14,3.93,nan,20,100,0,Left,Left,348,379,390,10,nan,nan,0.17
11/6/2025 12:17:50,1.17.2,Bandit100,14,3.93,2,20,100,0,Pellet,Left,348,379,391,10,3.53,313,nan
11/6/2025 12:18:19,1.17.2,Bandit100,14,3.93,nan,20,100,0,Left,Left,349,379,391,11,nan,nan,0.28
11/6/2025 12:18:21,1.17.2,Bandit100,14,3.93,1,20,100,0,Pellet,Left,349,379,392,11,1.37,31,nan
11/6/2025 12:22:55,1.17.2,Bandit100,14,3.93,nan,20,100,0,Right,Left,349,380,392,12,nan,nan,0.12
11/6/2025 14:41:25,1.17.2,Bandit100,14,3.92,nan,20,100,0,Right,Left,349,381,392,12,nan,nan,0.14
11/6/2025 14:41:49,1.17.2,Bandit100,14,3.92,nan,20,100,0,Right,Left,349,382,392,12,nan,nan,0.27
11/6/2025 14:41:55,1.17.2,Bandit100,14,3.92,nan,20,100,0,RightinTimeout,Left,349,382,392,12,nan,nan,0.00
11/6/2025 14:41:55,1.17.2,Bandit100,14,3.93,nan,20,100,0,RightinTimeout,Left,349,382,392,12,nan,nan,0.00
11/6/2025 14:41:56,1.17.2,Bandit100,14,3.93,nan,20,100,0,RightinTimeout,Left,349,382,392,12,nan,nan,0.00
11/6/2025 14:41:56,1.17.2,Bandit100,14,3.93,nan,20,100,0,RightinTimeout,Left,349,382,392,12,nan,nan,0.00
11/6/2025 14:42:19,1.17.2,Bandit100,14,3.93,nan,20,100,0,Left,Left,350,382,392,12,nan,nan,0.21
11/6/2025 14:42:20,1.17.2,Bandit100,14,3.92,1,20,100,0,Pellet,Left,350,382,393,12,0.53,8639,nan
11/6/2025 14:42:44,1.17.2,Bandit100,14,3.92,nan,20,100,0,Left,Left,351,382,393,13,nan,nan,0.02
11/6/2025 14:42:46,1.17.2,Bandit100,14,3.92,1,20,100,0,Pellet,Left,351,382,394,13,0.71,26,nan
11/6/2025 14:42:56,1.17.2,Bandit100,14,3.93,nan,20,100,0,Left,Left,352,382,394,14,nan,nan,0.13
11/6/2025 14:42:58,1.17.2,Bandit100,14,3.92,1,20,100,0,Pellet,Left,352,382,395,14,0.41,12,nan
11/6/2025 14:43:16,1.17.2,Bandit100,14,3.92,nan,20,100,0,Left,Left,353,382,395,15,nan,nan,0.09
11/6/2025 14:43:17,1.17.2,Bandit100,14,3.92,1,20,100,0,Pellet,Left,353,382,396,15,0.71,19,nan
11/6/2025 14:43:31,1.17.2,Bandit100,14,3.92,nan,20,100,0,Left,Left,354,382,396,16,nan,nan,0.03
11/6/2025 14:43:32,1.17.2,Bandit100,14,3.92,2,20,100,0,Pellet,Left,354,382,397,16,0.35,15,nan
11/6/2025 14:43:43,1.17.2,Bandit100,14,3.93,nan,20,100,0,Left,Left,355,382,397,17,nan,nan,0.24
11/6/2025 14:43:44,1.17.2,Bandit100,14,3.92,1,20,100,0,Pellet,Left,355,382,398,17,0.29,12,nan
11/6/2025 14:44:04,1.17.2,Bandit100,14,3.93,nan,20,100,0,Left,Left,356,382,398,18,nan,nan,0.11
11/6/2025 14:44:05,1.17.2,Bandit100,14,3.92,1,20,100,0,Pellet,Left,356,382,399,18,0.41,21,nan
11/6/2025 14:44:20,1.17.2,Bandit100,14,3.93,nan,20,100,0,Left,Left,357,382,399,19,nan,nan,0.06
11/6/2025 14:44:22,1.17.2,Bandit100,14,3.92,1,20,100,0,Pellet,Left,357,382,400,19,0.59,17,nan
11/6/2025 14:44:33,1.17.2,Bandit100,14,3.93,nan,20,0,100,Left,Right,358,382,400,0,nan,nan,0.21
11/6/2025 14:46:58,1.17.2,Bandit100,14,3.92,nan,20,0,100,Left,Right,359,382,400,0,nan,nan,0.48
11/6/2025 14:48:32,1.17.2,Bandit100,14,3.92,nan,20,0,100,Left,Right,360,382,400,0,nan,nan,0.22
11/6/2025 14:48:43,1.17.2,Bandit100,14,3.92,nan,20,0,100,Left,Right,361,382,400,0,nan,nan,0.00
11/6/2025 14:49:10,1.17.2,Bandit100,14,3.92,nan,20,0,100,Right,Right,361,383,400,0,nan,nan,0.32
11/6/2025 14:49:11,1.17.2,Bandit100,14,3.93,1,20,0,100,Pellet,Right,361,383,401,0,0.47,289,nan
11/6/2025 14:49:36,1.17.2,Bandit100,14,3.92,nan,20,0,100,Right,Right,361,384,401,1,nan,nan,0.15
11/6/2025 14:49:37,1.17.2,Bandit100,14,3.92,1,20,0,100,Pellet,Right,361,384,402,1,0.47,26,nan
11/6/2025 14:49:51,1.17.2,Bandit100,14,3.93,nan,20,0,100,Right,Right,361,385,402,2,nan,nan,0.11
11/6/2025 14:49:52,1.17.2,Bandit100,14,3.92,1,20,0,100,Pellet,Right,361,385,403,2,0.41,15,nan
11/6/2025 14:50:09,1.17.2,Bandit100,14,3.93,nan,20,0,100,Right,Right,361,386,403,3,nan,nan,0.07
11/6/2025 14:50:10,1.17.2,Bandit100,14,3.92,1,20,0,100,Pellet,Right,361,386,404,3,0.29,18,nan
11/6/2025 15:00:16,1.17.2,Bandit100,14,3.93,nan,20,0,100,Right,Right,361,387,404,4,nan,nan,0.10
11/6/2025 15:00:17,1.17.2,Bandit100,14,3.92,1,20,0,100,Pellet,Right,361,387,405,4,0.47,607,nan
