MM:DD:YYYY hh:mm:ss,Library_Version,Session_type,Device_Number,Battery_Voltage,Motor_Turns,PelletsToSwitch,Prob_left,Prob_right,Event,High_prob_poke,Left_Poke_Count,Right_Poke_Count,Pellet_Count,Block_Pellet_Count,Retrieval_Time,InterPelletInterval,Poke_Time
11/10/2025 18:22:34,1.17.2,Bandit80,15,4.14,nan,20,20,80,Right,Right,0,1,0,0,nan,nan,0.29
11/10/2025 18:23:21,1.17.2,Bandit80,15,4.14,3,20,20,80,Pellet,Right,0,1,1,0,41.95,nan,nan
11/10/2025 18:23:39,1.17.2,Bandit80,15,4.14,nan,20,20,80,Left,Right,1,1,1,1,nan,nan,0.01
11/10/2025 18:24:13,1.17.2,Bandit80,15,4.14,nan,20,20,80,Right,Right,1,2,1,1,nan,nan,0.30
11/10/2025 18:24:17,1.17.2,Bandit80,15,4.14,2,20,20,80,Pellet,Right,1,2,2,1,1.31,56,nan
11/10/2025 18:24:47,1.17.2,Bandit80,15,4.14,nan,20,20,80,Left,Right,2,2,2,2,nan,nan,0.33
11/10/2025 18:24:48,1.17.2,Bandit80,15,4.14,nan,20,20,80,LeftinTimeOut,Right,2,2,2,2,nan,nan,nan
11/10/2025 18:24:49,1.17.2,Bandit80,15,4.14,nan,20,20,80,LeftinTimeOut,Right,2,2,2,2,nan,nan,nan
11/10/2025 18:24:56,1.17.2,Bandit80,15,4.14,nan,20,20,80,RightinTimeout,Right,2,2,2,2,nan,nan,0.00
11/10/2025 18:24:59,1.17.2,Bandit80,15,4.14,nan,20,20,80,RightinTimeout,Right,2,2,2,2,nan,nan,0.00
11/10/2025 18:24:59,1.17.2,Bandit80,15,4.14,nan,20,20,80,RightinTimeout,Right,2,2,2,2,nan,nan,0.00
11/10/2025 18:25:03,1.17.2,Bandit80,15,4.14,nan,20,20,80,LeftinTimeOut,Right,2,2,2,2,nan,nan,nan
11/10/2025 18:25:05,1.17.2,Bandit80,15,4.14,nan,20,20,80,LeftinTimeOut,Right,2,2,2,2,nan,nan,nan
11/10/2025 18:25:07,1.17.2,Bandit80,15,4.14,nan,20,20,80,LeftinTimeOut,Right,2,2,2,2,nan,nan,nan
11/10/2025 18:25:58,1.17.2,Bandit80,15,4.14,nan,20,20,80,Left,Right,3,2,2,2,nan,nan,0.27
11/10/2025 18:26:00,1.17.2,Bandit80,15,4.14,nan,20,20,80,LeftinTimeOut,Right,3,2,2,2,nan,nan,nan
11/10/2025 18:26:00,1.17.2,Bandit80,15,4.14,nan,20,20,80,LeftinTimeOut,Right,3,2,2,2,nan,nan,nan
11/10/2025 18:26:07,1.17.2,Bandit80,15,4.14,nan,20,20,80,RightinTimeout,Right,3,2,2,2,nan,nan,0.00
11/10/2025 18:26:43,1.17.2,Bandit80,15,4.14,nan,20,20,80,Left,Right,4,2,2,2,nan,nan,0.17
11/10/2025 18:26:45,1.17.2,Bandit80,15,4.14,nan,20,20,80,LeftinTimeOut,Right,4,2,2,2,nan,nan,nan
11/10/2025 18:26:48,1.17.2,Bandit80,15,4.14,nan,20,20,80,LeftinTimeOut,Right,4,2,2,2,nan,nan,nan
11/10/2025 18:26:50,1.17.2,Bandit80,15,4.14,nan,20,20,80,LeftinTimeOut,Right,4,2,2,2,nan,nan,nan
11/10/2025 18:26:50,1.17.2,Bandit80,15,4.14,nan,20,20,80,LeftinTimeOut,Right,4,2,2,2,nan,nan,nan
11/10/2025 18:27:11,1.17.2,Bandit80,15,4.14,nan,20,20,80,Left,Right,5,2,2,2,nan,nan,0.43
11/10/2025 18:27:39,1.17.2,Bandit80,15,4.14,nan,20,20,80,Left,Right,6,2,2,2,nan,nan,0.15
11/10/2025 18:27:41,1.17.2,Bandit80,15,4.14,nan,20,20,80,LeftinTimeOut,Right,6,2,2,2,nan,nan,nan
11/10/2025 18:27:42,1.17.2,Bandit80,15,4.14,nan,20,20,80,LeftinTimeOut,Right,6,2,2,2,nan,nan,nan
11/10/2025 18:27:47,1.17.2,Bandit80,15,4.14,nan,20,20,80,LeftinTimeOut,Right,6,2,2,2,nan,nan,nan
11/10/2025 18:27:48,1.17.2,Bandit80,15,4.14,nan,20,20,80,LeftinTimeOut,Right,6,2,2,2,nan,nan,nan
11/10/2025 18:27:58,1.17.2,Bandit80,15,4.14,nan,20,20,80,RightinTimeout,Right,6,2,2,2,nan,nan,0.00
11/10/2025 18:28:13,1.17.2,Bandit80,15,4.14,nan,20,20,80,Right,Right,6,3,2,2,nan,nan,0.17
11/10/2025 18:28:14,1.17.2,Bandit80,15,4.14,1,20,20,80,Pellet,Right,6,3,3,2,0.47,237,nan
11/10/2025 18:28:48,1.17.2,Bandit80,15,4.14,nan,20,20,80,Right,Right,6,4,3,3,nan,nan,0.36
11/10/2025 18:28:52,1.17.2,Bandit80,15,4.14,nan,20,20,80,LeftinTimeOut,Right,6,4,3,3,nan,nan,nan
11/10/2025 18:28:53,1.17.2,Bandit80,15,4.14,nan,20,20,80,LeftinTimeOut,Right,6,4,3,3,nan,nan,nan
11/10/2025 18:28:55,1.17.2,Bandit80,15,4.14,nan,20,20,80,LeftinTimeOut,Right,6,4,3,3,nan,nan,nan
11/10/2025 18:28:56,1.17.2,Bandit80,15,4.14,nan,20,20,80,LeftinTimeOut,Right,6,4,3,3,nan,nan,nan
11/10/2025 18:28:58,1.17.2,Bandit80,15,4.14,nan,20,20,80,LeftinTimeOut,Right,6,4,3,3,nan,nan,nan
11/10/2025 18:29:00,1.17.2,Bandit80,15,4.14,nan,20,20,80,RightinTimeout,Right,6,4,3,3,nan,nan,0.00
11/10/2025 18:29:17,1.17.2,Bandit80,15,4.14,nan,20,20,80,Right,Right,6,5,3,3,nan,nan,0.41
11/10/2025 18:29:19,1.17.2,Bandit80,15,4.14,1,20,20,80,Pellet,Right,6,5,4,3,0.47,64,nan
11/10/2025 18:29:32,1.17.2,Bandit80,15,4.14,nan,20,20,80,Right,Right,6,6,4,4,nan,nan,0.33
11/10/2025 18:29:33,1.17.2,Bandit80,15,4.14,1,20,20,80,Pellet,Right,6,6,5,4,0.29,15,nan
11/10/2025 18:29:57,1.17.2,Bandit80,15,4.14,nan,20,20,80,Left,Right,7,6,5,5,nan,nan,0.12
11/10/2025 18:30:00,1.17.2,Bandit80,15,4.14,2,20,20,80,Pellet,Right,7,6,6,5,0.47,27,nan
11/10/2025 18:30:11,1.17.2,Bandit80,15,4.14,nan,20,20,80,Left,Right,8,6,6,6,nan,nan,0.03
11/10/2025 18:30:12,1.17.2,Bandit80,15,4.13,1,20,20,80,Pellet,Right,8,6,7,6,0.41,12,nan
11/10/2025 18:30:21,1.17.2,Bandit80,15,4.14,nan,20,20,80,Left,Right,9,6,7,7,nan,nan,0.05
11/10/2025 18:30:22,1.17.2,Bandit80,15,4.14,nan,20,20,80,LeftinTimeOut,Right,9,6,7,7,nan,nan,nan
11/10/2025 18:30:29,1.17.2,Bandit80,15,4.14,nan,20,20,80,LeftinTimeOut,Right,9,6,7,7,nan,nan,nan
11/10/2025 18:30:30,1.17.2,Bandit80,15,4.14,nan,20,20,80,LeftinTimeOut,Right,9,6,7,7,nan,nan,nan
11/10/2025 18:30:33,1.17.2,Bandit80,15,4.14,nan,20,20,80,LeftinTimeOut,Right,9,6,7,7,nan,nan,nan
11/10/2025 18:30:36,1.17.2,Bandit80,15,4.14,nan,20,20,80,LeftinTimeOut,Right,9,6,7,7,nan,nan,nan
11/10/2025 18:30:40,1.17.2,Bandit80,15,4.14,nan,20,20,80,LeftinTimeOut,Right,9,6,7,7,nan,nan,nan
11/10/2025 18:30:40,1.17.2,Bandit80,15,4.14,nan,20,20,80,LeftinTimeOut,Right,9,6,7,7,nan,nan,nan
11/10/2025 18:30:41,1.17.2,Bandit80,15,4.14,nan,20,20,80,LeftinTimeOut,Right,9,6,7,7,nan,nan,nan
11/10/2025 18:31:45,1.17.2,Bandit80,15,4.14,nan,20,20,80,Right,Right,9,7,7,7,nan,nan,0.07
11/10/2025 18:31:45,1.17.2,Bandit80,15,4.14,nan,20,20,80,RightinTimeout,Right,9,7,7,7,nan,nan,0.00
11/10/2025 18:31:46,1.17.2,Bandit80,15,4.14,nan,20,20,80,RightinTimeout,Right,9,7,7,7,nan,nan,0.00
11/10/2025 18:31:46,1.17.2,Bandit80,15,4.14,nan,20,20,80,RightinTimeout,Right,9,7,7,7,nan,nan,0.00
11/10/2025 18:31:46,1.17.2,Bandit80,15,4.14,nan,20,20,80,RightinTimeout,Right,9,7,7,7,nan,nan,0.00
11/10/2025 18:31:52,1.17.2,Bandit80,15,4.14,nan,20,20,80,LeftinTimeOut,Right,9,7,7,7,nan,nan,nan
11/10/2025 18:31:53,1.17.2,Bandit80,15,4.14,nan,20,20,80,LeftinTimeOut,Right,9,7,7,7,nan,nan,nan
11/10/2025 18:31:54,1.17.2,Bandit80,15,4.14,nan,20,20,80,LeftinTimeOut,Right,9,7,7,7,nan,nan,nan
11/10/2025 18:31:58,1.17.2,Bandit80,15,4.14,nan,20,20,80,RightinTimeout,Right,9,7,7,7,nan,nan,0.00
11/10/2025 18:31:58,1.17.2,Bandit80,15,4.14,nan,20,20,80,RightinTimeout,Right,9,7,7,7,nan,nan,0.00
11/10/2025 18:31:58,1.17.2,Bandit80,15,4.14,nan,20,20,80,RightinTimeout,Right,9,7,7,7,nan,nan,0.00
11/10/2025 18:32:01,1.17.2,Bandit80,15,4.14,nan,20,20,80,LeftinTimeOut,Right,9,7,7,7,nan,nan,nan
11/10/2025 18:32:03,1.17.2,Bandit80,15,4.14,nan,20,20,80,LeftinTimeOut,Right,9,7,7,7,nan,nan,nan
11/10/2025 18:32:06,1.17.2,Bandit80,15,4.14,nan,20,20,80,LeftinTimeOut,Right,9,7,7,7,nan,nan,nan
11/10/2025 18:32:16,1.17.2,Bandit80,15,4.14,nan,20,20,80,Left,Right,10,7,7,7,nan,nan,0.01
11/10/2025 18:32:17,1.17.2,Bandit80,15,4.14,nan,20,20,80,LeftinTimeOut,Right,10,7,7,7,nan,nan,nan
11/10/2025 18:32:18,1.17.2,Bandit80,15,4.14,nan,20,20,80,LeftinTimeOut,Right,10,7,7,7,nan,nan,nan
11/10/2025 18:32:19,1.17.2,Bandit80,15,4.14,nan,20,20,80,LeftinTimeOut,Right,10,7,7,7,nan,nan,nan
11/10/2025 18:32:22,1.17.2,Bandit80,15,4.14,nan,20,20,80,RightinTimeout,Right,10,7,7,7,nan,nan,0.00
11/10/2025 18:32:22,1.17.2,Bandit80,15,4.14,nan,20,20,80,RightinTimeout,Right,10,7,7,7,nan,nan,0.00
11/10/2025 18:32:26,1.17.2,Bandit80,15,4.14,nan,20,20,80,LeftinTimeOut,Right,10,7,7,7,nan,nan,nan
11/10/2025 18:32:28,1.17.2,Bandit80,15,4.14,nan,20,20,80,LeftinTimeOut,Right,10,7,7,7,nan,nan,nan
11/10/2025 18:32:31,1.17.2,Bandit80,15,4.14,nan,20,20,80,LeftinTimeOut,Right,10,7,7,7,nan,nan,nan
11/10/2025 18:32:33,1.17.2,Bandit80,15,4.14,nan,20,20,80,LeftinTimeOut,Right,10,7,7,7,nan,nan,nan
11/10/2025 18:32:35,1.17.2,Bandit80,15,4.14,nan,20,20,80,LeftinTimeOut,Right,10,7,7,7,nan,nan,nan
11/10/2025 18:32:42,1.17.2,Bandit80,15,4.14,nan,20,20,80,LeftinTimeOut,Right,10,7,7,7,nan,nan,nan
11/10/2025 18:32:47,1.17.2,Bandit80,15,4.14,nan,20,20,80,RightinTimeout,Right,10,7,7,7,nan,nan,0.00
11/10/2025 18:32:48,1.17.2,Bandit80,15,4.14,nan,20,20,80,RightinTimeout,Right,10,7,7,7,nan,nan,0.00
11/10/2025 18:32:48,1.17.2,Bandit80,15,4.14,nan,20,20,80,RightinTimeout,Right,10,7,7,7,nan,nan,0.00
11/10/2025 18:32:50,1.17.2,Bandit80,15,4.14,nan,20,20,80,LeftinTimeOut,Right,10,7,7,7,nan,nan,nan
11/10/2025 18:33:05,1.17.2,Bandit80,15,4.14,nan,20,20,80,Left,Right,11,7,7,7,nan,nan,0.39
11/10/2025 18:33:05,1.17.2,Bandit80,15,4.14,nan,20,20,80,LeftinTimeOut,Right,11,7,7,7,nan,nan,nan
11/10/2025 18:33:24,1.17.2,Bandit80,15,4.14,nan,20,20,80,Right,Right,11,8,7,7,nan,nan,0.79
11/10/2025 18:33:25,1.17.2,Bandit80,15,4.14,nan,20,20,80,RightDuringDispense,Right,11,8,7,7,nan,nan,0.12
11/10/2025 18:33:30,1.17.2,Bandit80,15,4.14,3,20,20,80,Pellet,Right,11,8,8,7,0.47,198,nan
11/10/2025 18:33:51,1.17.2,Bandit80,15,4.14,nan,20,20,80,Left,Right,12,8,8,8,nan,nan,0.24
11/10/2025 18:33:52,1.17.2,Bandit80,15,4.14,nan,20,20,80,LeftDuringDispense,Right,12,8,8,8,nan,nan,0.04
11/10/2025 18:33:55,1.17.2,Bandit80,15,4.14,2,20,20,80,Pellet,Right,12,8,9,8,0.41,25,nan
11/10/2025 18:34:07,1.17.2,Bandit80,15,4.14,nan,20,20,80,Left,Right,13,8,9,9,nan,nan,0.08
11/10/2025 18:34:08,1.17.2,Bandit80,15,4.14,nan,20,20,80,LeftinTimeOut,Right,13,8,9,9,nan,nan,nan
11/10/2025 18:34:12,1.17.2,Bandit80,15,4.14,nan,20,20,80,LeftinTimeOut,Right,13,8,9,9,nan,nan,nan
11/10/2025 18:34:15,1.17.2,Bandit80,15,4.14,nan,20,20,80,LeftinTimeOut,Right,13,8,9,9,nan,nan,nan
11/10/2025 18:34:17,1.17.2,Bandit80,15,4.14,nan,20,20,80,LeftinTimeOut,Right,13,8,9,9,nan,nan,nan
11/10/2025 18:34:18,1.17.2,Bandit80,15,4.14,nan,20,20,80,LeftinTimeOut,Right,13,8,9,9,nan,nan,nan
11/10/2025 18:34:19,1.17.2,Bandit80,15,4.14,nan,20,20,80,LeftinTimeOut,Right,13,8,9,9,nan,nan,nan
11/10/2025 18:34:20,1.17.2,Bandit80,15,4.14,nan,20,20,80,LeftinTimeOut,Right,13,8,9,9,nan,nan,nan
11/10/2025 18:34:21,1.17.2,Bandit80,15,4.14,nan,20,20,80,LeftinTimeOut,Right,13,8,9,9,nan,nan,nan
11/10/2025 18:34:26,1.17.2,Bandit80,15,4.14,nan,20,20,80,RightinTimeout,Right,13,8,9,9,nan,nan,0.00
11/10/2025 18:34:27,1.17.2,Bandit80,15,4.14,nan,20,20,80,RightinTimeout,Right,13,8,9,9,nan,nan,0.00
11/10/2025 18:34:27,1.17.2,Bandit80,15,4.14,nan,20,20,80,RightinTimeout,Right,13,8,9,9,nan,nan,0.00
11/10/2025 18:34:27,1.17.2,Bandit80,15,4.14,nan,20,20,80,RightinTimeout,Right,13,8,9,9,nan,nan,0.00
11/10/2025 18:34:29,1.17.2,Bandit80,15,4.14,nan,20,20,80,LeftinTimeOut,Right,13,8,9,9,nan,nan,nan
11/10/2025 18:34:29,1.17.2,Bandit80,15,4.14,nan,20,20,80,LeftinTimeOut,Right,13,8,9,9,nan,nan,nan
11/10/2025 18:34:31,1.17.2,Bandit80,15,4.14,nan,20,20,80,LeftinTimeOut,Right,13,8,9,9,nan,nan,nan
11/10/2025 18:34:32,1.17.2,Bandit80,15,4.14,nan,20,20,80,LeftinTimeOut,Right,13,8,9,9,nan,nan,nan
11/10/2025 18:34:33,1.17.2,Bandit80,15,4.14,nan,20,20,80,LeftinTimeOut,Right,13,8,9,9,nan,nan,nan
11/10/2025 18:34:50,1.17.2,Bandit80,15,4.14,nan,20,20,80,Left,Right,14,8,9,9,nan,nan,0.04
11/10/2025 18:34:51,1.17.2,Bandit80,15,4.14,nan,20,20,80,LeftDuringDispense,Right,14,8,9,9,nan,nan,0.03
11/10/2025 18:35:05,1.17.2,Bandit80,15,4.14,3,20,20,80,Pellet,Right,14,8,10,9,9.64,70,nan
11/10/2025 18:35:21,1.17.2,Bandit80,15,4.14,nan,20,20,80,Right,Right,14,9,10,10,nan,nan,0.06
11/10/2025 18:35:22,1.17.2,Bandit80,15,4.13,1,20,20,80,Pellet,Right,14,9,11,10,0.06,17,nan
11/10/2025 18:35:34,1.17.2,Bandit80,15,4.14,nan,20,20,80,Left,Right,15,9,11,11,nan,nan,0.06
11/10/2025 18:35:36,1.17.2,Bandit80,15,4.14,nan,20,20,80,LeftinTimeOut,Right,15,9,11,11,nan,nan,nan
11/10/2025 18:35:37,1.17.2,Bandit80,15,4.14,nan,20,20,80,LeftinTimeOut,Right,15,9,11,11,nan,nan,nan
11/10/2025 18:35:43,1.17.2,Bandit80,15,4.14,nan,20,20,80,LeftinTimeOut,Right,15,9,11,11,nan,nan,nan
11/10/2025 18:35:45,1.17.2,Bandit80,15,4.14,nan,20,20,80,LeftinTimeOut,Right,15,9,11,11,nan,nan,nan
11/10/2025 18:35:50,1.17.2,Bandit80,15,4.14,nan,20,20,80,LeftinTimeOut,Right,15,9,11,11,nan,nan,nan
11/10/2025 18:37:59,1.17.2,Bandit80,15,4.14,nan,20,20,80,Left,Right,16,9,11,11,nan,nan,0.06
11/10/2025 18:38:02,1.17.2,Bandit80,15,4.14,nan,20,20,80,LeftinTimeOut,Right,16,9,11,11,nan,nan,nan
11/10/2025 18:38:08,1.17.2,Bandit80,15,4.14,nan,20,20,80,LeftinTimeOut,Right,16,9,11,11,nan,nan,nan
11/10/2025 18:38:10,1.17.2,Bandit80,15,4.14,nan,20,20,80,LeftinTimeOut,Right,16,9,11,11,nan,nan,nan
11/10/2025 18:38:50,1.17.2,Bandit80,15,4.14,nan,20,20,80,Left,Right,17,9,11,11,nan,nan,0.31
11/10/2025 18:38:51,1.17.2,Bandit80,15,4.14,nan,20,20,80,LeftinTimeOut,Right,17,9,11,11,nan,nan,nan
11/10/2025 18:40:22,1.17.2,Bandit80,15,4.13,nan,20,20,80,Left,Right,18,9,11,11,nan,nan,0.48
11/10/2025 18:40:25,1.17.2,Bandit80,15,4.13,nan,20,20,80,LeftinTimeOut,Right,18,9,11,11,nan,nan,nan
11/10/2025 18:40:33,1.17.2,Bandit80,15,4.14,nan,20,20,80,RightinTimeout,Right,18,9,11,11,nan,nan,0.00
11/10/2025 18:40:33,1.17.2,Bandit80,15,4.14,nan,20,20,80,RightinTimeout,Right,18,9,11,11,nan,nan,0.00
11/10/2025 18:53:45,1.17.2,Bandit80,15,4.14,nan,20,20,80,Left,Right,19,9,11,11,nan,nan,0.95
11/10/2025 18:53:48,1.17.2,Bandit80,15,4.13,nan,20,20,80,LeftinTimeOut,Right,19,9,11,11,nan,nan,nan
11/10/2025 18:53:49,1.17.2,Bandit80,15,4.14,nan,20,20,80,LeftinTimeOut,Right,19,9,11,11,nan,nan,nan
11/10/2025 18:53:51,1.17.2,Bandit80,15,4.14,nan,20,20,80,LeftinTimeOut,Right,19,9,11,11,nan,nan,nan
11/10/2025 18:53:54,1.17.2,Bandit80,15,4.14,nan,20,20,80,RightinTimeout,Right,19,9,11,11,nan,nan,0.00
11/10/2025 18:53:55,1.17.2,Bandit80,15,4.14,nan,20,20,80,RightinTimeout,Right,19,9,11,11,nan,nan,0.00
11/10/2025 18:53:55,1.17.2,Bandit80,15,4.13,nan,20,20,80,RightinTimeout,Right,19,9,11,11,nan,nan,0.00
11/10/2025 18:53:55,1.17.2,Bandit80,15,4.14,nan,20,20,80,RightinTimeout,Right,19,9,11,11,nan,nan,0.00
11/10/2025 18:54:06,1.17.2,Bandit80,15,4.14,nan,20,20,80,Left,Right,20,9,11,11,nan,nan,0.08
11/10/2025 18:54:45,1.17.2,Bandit80,15,4.14,nan,20,20,80,Left,Right,21,9,11,11,nan,nan,0.80
11/10/2025 18:54:47,1.17.2,Bandit80,15,4.14,1,20,20,80,Pellet,Right,21,9,12,11,0.89,1165,nan
11/10/2025 18:55:00,1.17.2,Bandit80,15,4.13,nan,20,20,80,Left,Right,22,9,12,12,nan,nan,0.09
11/10/2025 18:55:01,1.17.2,Bandit80,15,4.13,1,20,20,80,Pellet,Right,22,9,13,12,0.41,14,nan
11/10/2025 18:55:10,1.17.2,Bandit80,15,4.14,nan,20,20,80,Left,Right,23,9,13,13,nan,nan,0.08
11/10/2025 18:55:12,1.17.2,Bandit80,15,4.14,nan,20,20,80,LeftinTimeOut,Right,23,9,13,13,nan,nan,nan
11/10/2025 18:55:19,1.17.2,Bandit80,15,4.14,nan,20,20,80,LeftinTimeOut,Right,23,9,13,13,nan,nan,nan
11/10/2025 18:55:20,1.17.2,Bandit80,15,4.13,nan,20,20,80,LeftinTimeOut,Right,23,9,13,13,nan,nan,nan
11/10/2025 18:55:22,1.17.2,Bandit80,15,4.14,nan,20,20,80,LeftinTimeOut,Right,23,9,13,13,nan,nan,nan
11/10/2025 18:57:16,1.17.2,Bandit80,15,4.14,nan,20,20,80,Left,Right,24,9,13,13,nan,nan,0.07
11/10/2025 18:57:16,1.17.2,Bandit80,15,4.13,1,20,20,80,Pellet,Right,24,9,14,13,0.06,135,nan
11/10/2025 18:57:30,1.17.2,Bandit80,15,4.14,nan,20,20,80,Left,Right,25,9,14,14,nan,nan,0.04
11/10/2025 18:57:32,1.17.2,Bandit80,15,4.13,nan,20,20,80,LeftinTimeOut,Right,25,9,14,14,nan,nan,nan
11/10/2025 18:57:36,1.17.2,Bandit80,15,4.14,nan,20,20,80,LeftinTimeOut,Right,25,9,14,14,nan,nan,nan
11/10/2025 18:57:36,1.17.2,Bandit80,15,4.14,nan,20,20,80,LeftinTimeOut,Right,25,9,14,14,nan,nan,nan
11/10/2025 18:57:40,1.17.2,Bandit80,15,4.14,nan,20,20,80,LeftinTimeOut,Right,25,9,14,14,nan,nan,nan
11/10/2025 18:57:53,1.17.2,Bandit80,15,4.14,nan,20,20,80,Left,Right,26,9,14,14,nan,nan,0.08
11/10/2025 18:57:53,1.17.2,Bandit80,15,4.13,nan,20,20,80,LeftinTimeOut,Right,26,9,14,14,nan,nan,nan
11/10/2025 19:07:54,1.17.2,Bandit80,15,4.13,nan,20,20,80,Left,Right,27,9,14,14,nan,nan,1.37
11/10/2025 19:07:56,1.17.2,Bandit80,15,4.13,nan,20,20,80,LeftinTimeOut,Right,27,9,14,14,nan,nan,nan
11/10/2025 19:07:59,1.17.2,Bandit80,15,4.14,nan,20,20,80,LeftinTimeOut,Right,27,9,14,14,nan,nan,nan
11/10/2025 19:08:04,1.17.2,Bandit80,15,4.13,nan,20,20,80,LeftinTimeOut,Right,27,9,14,14,nan,nan,nan
11/10/2025 19:08:07,1.17.2,Bandit80,15,4.13,nan,20,20,80,LeftinTimeOut,Right,27,9,14,14,nan,nan,nan
11/10/2025 19:08:09,1.17.2,Bandit80,15,4.14,nan,20,20,80,LeftinTimeOut,Right,27,9,14,14,nan,nan,nan
11/10/2025 19:18:15,1.17.2,Bandit80,15,4.14,nan,20,20,80,Right,Right,27,10,14,14,nan,nan,0.22
11/10/2025 19:18:16,1.17.2,Bandit80,15,4.14,nan,20,20,80,RightDuringDispense,Right,27,10,14,14,nan,nan,0.16
11/10/2025 19:18:20,1.17.2,Bandit80,15,4.14,2,20,20,80,Pellet,Right,27,10,15,14,1.31,1264,nan
11/10/2025 19:20:26,1.17.2,Bandit80,15,4.13,nan,20,20,80,Right,Right,27,11,15,15,nan,nan,1.07
11/10/2025 19:20:28,1.17.2,Bandit80,15,4.14,1,20,20,80,Pellet,Right,27,11,16,15,0.71,128,nan
11/10/2025 19:20:54,1.17.2,Bandit80,15,4.13,nan,20,20,80,Left,Right,28,11,16,16,nan,nan,0.05
11/10/2025 19:25:50,1.17.2,Bandit80,15,4.14,nan,20,20,80,Left,Right,29,11,16,16,nan,nan,0.07
11/10/2025 19:25:54,1.17.2,Bandit80,15,4.14,nan,20,20,80,LeftinTimeOut,Right,29,11,16,16,nan,nan,nan
11/10/2025 19:25:55,1.17.2,Bandit80,15,4.13,nan,20,20,80,LeftinTimeOut,Right,29,11,16,16,nan,nan,nan
11/10/2025 19:25:56,1.17.2,Bandit80,15,4.14,nan,20,20,80,LeftinTimeOut,Right,29,11,16,16,nan,nan,nan
11/10/2025 19:26:11,1.17.2,Bandit80,15,4.14,nan,20,20,80,Right,Right,29,12,16,16,nan,nan,0.54
11/10/2025 19:26:12,1.17.2,Bandit80,15,4.14,1,20,20,80,Pellet,Right,29,12,17,16,0.41,344,nan
11/10/2025 19:33:17,1.17.2,Bandit80,15,4.13,nan,20,20,80,Right,Right,29,13,17,17,nan,nan,0.11
11/10/2025 19:33:18,1.17.2,Bandit80,15,4.13,1,20,20,80,Pellet,Right,29,13,18,17,0.41,426,nan
11/10/2025 19:33:37,1.17.2,Bandit80,15,4.14,nan,20,20,80,Right,Right,29,14,18,18,nan,nan,0.01
11/10/2025 19:33:43,1.17.2,Bandit80,15,4.14,nan,20,20,80,RightinTimeout,Right,29,14,18,18,nan,nan,0.00
11/10/2025 19:37:24,1.17.2,Bandit80,15,4.14,nan,20,20,80,Left,Right,30,14,18,18,nan,nan,0.38
11/10/2025 19:37:26,1.17.2,Bandit80,15,4.14,nan,20,20,80,LeftinTimeOut,Right,30,14,18,18,nan,nan,nan
11/10/2025 19:37:28,1.17.2,Bandit80,15,4.14,nan,20,20,80,LeftinTimeOut,Right,30,14,18,18,nan,nan,nan
11/10/2025 19:37:29,1.17.2,Bandit80,15,4.13,nan,20,20,80,LeftinTimeOut,Right,30,14,18,18,nan,nan,nan
11/10/2025 19:48:11,1.17.2,Bandit80,15,4.13,nan,20,20,80,Left,Right,31,14,18,18,nan,nan,0.16
11/10/2025 19:49:02,1.17.2,Bandit80,15,4.14,nan,20,20,80,Left,Right,32,14,18,18,nan,nan,0.38
11/10/2025 19:49:04,1.17.2,Bandit80,15,4.14,nan,20,20,80,LeftinTimeOut,Right,32,14,18,18,nan,nan,nan
11/10/2025 19:49:13,1.17.2,Bandit80,15,4.13,nan,20,20,80,LeftinTimeOut,Right,32,14,18,18,nan,nan,nan
11/10/2025 19:50:19,1.17.2,Bandit80,15,4.14,nan,20,20,80,Left,Right,33,14,18,18,nan,nan,0.98
11/10/2025 19:50:21,1.17.2,Bandit80,15,4.13,nan,20,20,80,LeftinTimeOut,Right,33,14,18,18,nan,nan,nan
11/10/2025 19:51:46,1.17.2,Bandit80,15,4.13,nan,20,20,80,Right,Right,33,15,18,18,nan,nan,0.43
11/10/2025 19:51:48,1.17.2,Bandit80,15,4.13,1,20,20,80,Pellet,Right,33,15,19,18,0.83,1110,nan
11/10/2025 19:51:57,1.17.2,Bandit80,15,4.13,nan,20,20,80,Right,Right,33,16,19,19,nan,nan,0.10
11/10/2025 19:51:59,1.17.2,Bandit80,15,4.13,1,20,20,80,Pellet,Right,33,16,20,19,1.01,11,nan
11/10/2025 19:52:12,1.17.2,Bandit80,15,4.14,nan,20,80,20,Right,Left,33,17,20,0,nan,nan,0.15
11/10/2025 19:52:15,1.17.2,Bandit80,15,4.14,nan,20,80,20,RightinTimeout,Left,33,17,20,0,nan,nan,0.00
11/10/2025 19:52:20,1.17.2,Bandit80,15,4.14,nan,20,80,20,RightinTimeout,Left,33,17,20,0,nan,nan,0.00
11/10/2025 19:53:07,1.17.2,Bandit80,15,4.13,nan,20,80,20,Left,Left,34,17,20,0,nan,nan,0.54
11/10/2025 19:54:42,1.17.2,Bandit80,15,4.14,nan,20,80,20,Left,Left,35,17,20,0,nan,nan,0.09
11/10/2025 19:54:43,1.17.2,Bandit80,15,4.14,1,20,80,20,Pellet,Left,35,17,21,0,0.35,164,nan
11/10/2025 19:55:09,1.17.2,Bandit80,15,4.14,nan,20,80,20,Left,Left,36,17,21,1,nan,nan,0.12
11/10/2025 19:55:11,1.17.2,Bandit80,15,4.13,1,20,80,20,Pellet,Left,36,17,22,1,1.49,28,nan
11/10/2025 19:55:35,1.17.2,Bandit80,15,4.13,nan,20,80,20,Left,Left,37,17,22,2,nan,nan,0.95
11/10/2025 19:55:36,1.17.2,Bandit80,15,4.13,1,20,80,20,Pellet,Left,37,17,23,2,0.23,25,nan
11/10/2025 19:55:55,1.17.2,Bandit80,15,4.13,nan,20,80,20,Left,Left,38,17,23,3,nan,nan,0.01
11/10/2025 19:56:54,1.17.2,Bandit80,15,4.13,nan,20,80,20,Right,Left,38,18,23,3,nan,nan,0.59
11/10/2025 20:26:11,1.17.2,Bandit80,15,4.13,nan,20,80,20,Left,Left,39,18,23,3,nan,nan,0.04
11/10/2025 20:26:13,1.17.2,Bandit80,15,4.13,nan,20,80,20,LeftinTimeOut,Left,39,18,23,3,nan,nan,nan
11/10/2025 20:26:15,1.17.2,Bandit80,15,4.13,nan,20,80,20,LeftinTimeOut,Left,39,18,23,3,nan,nan,nan
11/10/2025 20:26:15,1.17.2,Bandit80,15,4.14,nan,20,80,20,LeftinTimeOut,Left,39,18,23,3,nan,nan,nan
11/10/2025 20:26:18,1.17.2,Bandit80,15,4.13,nan,20,80,20,LeftinTimeOut,Left,39,18,23,3,nan,nan,nan
11/10/2025 20:26:19,1.17.2,Bandit80,15,4.13,nan,20,80,20,LeftinTimeOut,Left,39,18,23,3,nan,nan,nan
11/10/2025 20:26:20,1.17.2,Bandit80,15,4.12,nan,20,80,20,LeftinTimeOut,Left,39,18,23,3,nan,nan,nan
11/10/2025 20:26:22,1.17.2,Bandit80,15,4.13,nan,20,80,20,LeftinTimeOut,Left,39,18,23,3,nan,nan,nan
11/10/2025 20:26:27,1.17.2,Bandit80,15,4.13,nan,20,80,20,LeftinTimeOut,Left,39,18,23,3,nan,nan,nan
11/10/2025 20:26:30,1.17.2,Bandit80,15,4.13,nan,20,80,20,LeftinTimeOut,Left,39,18,23,3,nan,nan,nan
11/10/2025 20:26:30,1.17.2,Bandit80,15,4.14,nan,20,80,20,LeftinTimeOut,Left,39,18,23,3,nan,nan,nan
11/10/2025 20:26:31,1.17.2,Bandit80,15,4.13,nan,20,80,20,LeftinTimeOut,Left,39,18,23,3,nan,nan,nan
11/10/2025 20:44:13,1.17.2,Bandit80,15,4.13,nan,20,80,20,Left,Left,40,18,23,3,nan,nan,2.06
11/10/2025 20:44:15,1.17.2,Bandit80,15,4.13,nan,20,80,20,LeftinTimeOut,Left,40,18,23,3,nan,nan,nan
11/10/2025 20:44:16,1.17.2,Bandit80,15,4.13,nan,20,80,20,LeftinTimeOut,Left,40,18,23,3,nan,nan,nan
11/10/2025 20:44:20,1.17.2,Bandit80,15,4.13,nan,20,80,20,LeftinTimeOut,Left,40,18,23,3,nan,nan,nan
11/10/2025 20:44:24,1.17.2,Bandit80,15,4.12,nan,20,80,20,LeftinTimeOut,Left,40,18,23,3,nan,nan,nan
11/10/2025 20:44:30,1.17.2,Bandit80,15,4.13,nan,20,80,20,LeftinTimeOut,Left,40,18,23,3,nan,nan,nan
11/10/2025 20:44:32,1.17.2,Bandit80,15,4.13,nan,20,80,20,LeftinTimeOut,Left,40,18,23,3,nan,nan,nan
11/10/2025 20:44:38,1.17.2,Bandit80,15,4.13,nan,20,80,20,RightinTimeout,Left,40,18,23,3,nan,nan,0.00
11/10/2025 20:44:38,1.17.2,Bandit80,15,4.13,nan,20,80,20,RightinTimeout,Left,40,18,23,3,nan,nan,0.00
11/10/2025 20:44:38,1.17.2,Bandit80,15,4.12,nan,20,80,20,RightinTimeout,Left,40,18,23,3,nan,nan,0.00
11/10/2025 20:44:39,1.17.2,Bandit80,15,4.13,nan,20,80,20,RightinTimeout,Left,40,18,23,3,nan,nan,0.00
11/10/2025 20:44:43,1.17.2,Bandit80,15,4.13,nan,20,80,20,LeftinTimeOut,Left,40,18,23,3,nan,nan,nan
11/10/2025 21:03:15,1.17.2,Bandit80,15,4.12,nan,20,80,20,Left,Left,41,18,23,3,nan,nan,0.17
11/10/2025 21:03:21,1.17.2,Bandit80,15,4.13,nan,20,80,20,LeftinTimeOut,Left,41,18,23,3,nan,nan,nan
11/10/2025 21:03:22,1.17.2,Bandit80,15,4.13,nan,20,80,20,LeftinTimeOut,Left,41,18,23,3,nan,nan,nan
11/10/2025 21:03:27,1.17.2,Bandit80,15,4.13,nan,20,80,20,LeftinTimeOut,Left,41,18,23,3,nan,nan,nan
11/10/2025 21:03:29,1.17.2,Bandit80,15,4.13,nan,20,80,20,LeftinTimeOut,Left,41,18,23,3,nan,nan,nan
11/10/2025 21:03:32,1.17.2,Bandit80,15,4.13,nan,20,80,20,RightinTimeout,Left,41,18,23,3,nan,nan,0.00
11/10/2025 21:03:32,1.17.2,Bandit80,15,4.13,nan,20,80,20,RightinTimeout,Left,41,18,23,3,nan,nan,0.00
11/10/2025 21:03:36,1.17.2,Bandit80,15,4.13,nan,20,80,20,RightinTimeout,Left,41,18,23,3,nan,nan,0.00
11/10/2025 21:03:36,1.17.2,Bandit80,15,4.13,nan,20,80,20,RightinTimeout,Left,41,18,23,3,nan,nan,0.00
11/10/2025 21:15:34,1.17.2,Bandit80,15,4.13,nan,20,80,20,Left,Left,42,18,23,3,nan,nan,0.82
11/10/2025 21:15:35,1.17.2,Bandit80,15,4.13,1,20,80,20,Pellet,Left,42,18,24,3,0.47,4799,nan
11/10/2025 21:15:54,1.17.2,Bandit80,15,4.13,nan,20,80,20,Left,Left,43,18,24,4,nan,nan,0.07
11/10/2025 21:15:55,1.17.2,Bandit80,15,4.12,1,20,80,20,Pellet,Left,43,18,25,4,0.59,20,nan
11/10/2025 21:16:10,1.17.2,Bandit80,15,4.13,nan,20,80,20,Left,Left,44,18,25,5,nan,nan,0.68
11/10/2025 21:16:12,1.17.2,Bandit80,15,4.12,1,20,80,20,Pellet,Left,44,18,26,5,0.47,17,nan
11/10/2025 21:16:27,1.17.2,Bandit80,15,4.13,nan,20,80,20,Left,Left,45,18,26,6,nan,nan,0.13
11/10/2025 21:16:28,1.17.2,Bandit80,15,4.13,1,20,80,20,Pellet,Left,45,18,27,6,0.35,16,nan
11/10/2025 21:16:49,1.17.2,Bandit80,15,4.12,nan,20,80,20,Left,Left,46,18,27,7,nan,nan,0.09
11/10/2025 21:16:50,1.17.2,Bandit80,15,4.12,1,20,80,20,Pellet,Left,46,18,28,7,0.41,22,nan
11/10/2025 21:17:00,1.17.2,Bandit80,15,4.13,nan,20,80,20,Left,Left,47,18,28,8,nan,nan,0.05
11/10/2025 21:17:02,1.17.2,Bandit80,15,4.12,1,20,80,20,Pellet,Left,47,18,29,8,0.47,12,nan
11/10/2025 21:17:11,1.17.2,Bandit80,15,4.13,nan,20,80,20,Left,Left,48,18,29,9,nan,nan,0.13
11/10/2025 21:17:12,1.17.2,Bandit80,15,4.12,1,20,80,20,Pellet,Left,48,18,30,9,0.35,10,nan
11/10/2025 21:17:49,1.17.2,Bandit80,15,4.12,nan,20,80,20,Left,Left,49,18,30,10,nan,nan,0.06
11/10/2025 21:17:50,1.17.2,Bandit80,15,4.12,1,20,80,20,Pellet,Left,49,18,31,10,0.23,38,nan
11/10/2025 21:17:57,1.17.2,Bandit80,15,4.13,nan,20,80,20,Left,Left,50,18,31,11,nan,nan,0.09
11/10/2025 21:17:58,1.17.2,Bandit80,15,4.13,1,20,80,20,Pellet,Left,50,18,32,11,0.23,8,nan
11/10/2025 21:18:12,1.17.2,Bandit80,15,4.13,nan,20,80,20,Left,Left,51,18,32,12,nan,nan,0.43
11/10/2025 21:18:13,1.17.2,Bandit80,15,4.12,nan,20,80,20,LeftinTimeOut,Left,51,18,32,12,nan,nan,nan
11/10/2025 21:18:16,1.17.2,Bandit80,15,4.13,nan,20,80,20,LeftinTimeOut,Left,51,18,32,12,nan,nan,nan
11/10/2025 21:18:24,1.17.2,Bandit80,15,4.13,nan,20,80,20,LeftinTimeOut,Left,51,18,32,12,nan,nan,nan
11/10/2025 21:18:43,1.17.2,Bandit80,15,4.13,nan,20,80,20,Right,Left,51,19,32,12,nan,nan,0.19
11/10/2025 21:24:24,1.17.2,Bandit80,15,4.12,nan,20,80,20,Left,Left,52,19,32,12,nan,nan,0.47
11/10/2025 21:24:29,1.17.2,Bandit80,15,4.13,nan,20,80,20,LeftinTimeOut,Left,52,19,32,12,nan,nan,nan
11/10/2025 21:24:32,1.17.2,Bandit80,15,4.13,nan,20,80,20,LeftinTimeOut,Left,52,19,32,12,nan,nan,nan
11/10/2025 21:24:33,1.17.2,Bandit80,15,4.13,nan,20,80,20,LeftinTimeOut,Left,52,19,32,12,nan,nan,nan
11/10/2025 21:24:37,1.17.2,Bandit80,15,4.12,nan,20,80,20,LeftinTimeOut,Left,52,19,32,12,nan,nan,nan
11/10/2025 21:25:02,1.17.2,Bandit80,15,4.13,nan,20,80,20,Left,Left,53,19,32,12,nan,nan,0.05
11/10/2025 21:25:02,1.17.2,Bandit80,15,4.13,nan,20,80,20,LeftinTimeOut,Left,53,19,32,12,nan,nan,nan
11/10/2025 21:26:34,1.17.2,Bandit80,15,4.13,nan,20,80,20,Right,Left,53,20,32,12,nan,nan,0.04
11/10/2025 21:26:35,1.17.2,Bandit80,15,4.12,1,20,80,20,Pellet,Left,53,20,33,12,0.95,517,nan
11/10/2025 21:26:49,1.17.2,Bandit80,15,4.13,nan,20,80,20,Left,Left,54,20,33,13,nan,nan,0.09
11/10/2025 21:26:50,1.17.2,Bandit80,15,4.12,1,20,80,20,Pellet,Left,54,20,34,13,0.35,15,nan
11/10/2025 21:27:09,1.17.2,Bandit80,15,4.13,nan,20,80,20,Left,Left,55,20,34,14,nan,nan,0.08
11/10/2025 21:27:13,1.17.2,Bandit80,15,4.13,2,20,80,20,Pellet,Left,55,20,35,14,0.83,23,nan
11/10/2025 21:27:29,1.17.2,Bandit80,15,4.13,nan,20,80,20,Left,Left,56,20,35,15,nan,nan,0.04
11/10/2025 21:27:36,1.17.2,Bandit80,15,4.13,nan,20,80,20,LeftinTimeOut,Left,56,20,35,15,nan,nan,nan
11/10/2025 21:27:38,1.17.2,Bandit80,15,4.13,nan,20,80,20,LeftinTimeOut,Left,56,20,35,15,nan,nan,nan
11/10/2025 21:27:39,1.17.2,Bandit80,15,4.13,nan,20,80,20,LeftinTimeOut,Left,56,20,35,15,nan,nan,nan
11/10/2025 21:27:39,1.17.2,Bandit80,15,4.13,nan,20,80,20,LeftinTimeOut,Left,56,20,35,15,nan,nan,nan
11/10/2025 21:27:41,1.17.2,Bandit80,15,4.12,nan,20,80,20,LeftinTimeOut,Left,56,20,35,15,nan,nan,nan
11/10/2025 21:27:45,1.17.2,Bandit80,15,4.12,nan,20,80,20,RightinTimeout,Left,56,20,35,15,nan,nan,0.00
11/10/2025 21:27:45,1.17.2,Bandit80,15,4.13,nan,20,80,20,RightinTimeout,Left,56,20,35,15,nan,nan,0.00
11/10/2025 21:27:45,1.17.2,Bandit80,15,4.12,nan,20,80,20,RightinTimeout,Left,56,20,35,15,nan,nan,0.00
11/10/2025 21:33:24,1.17.2,Bandit80,15,4.12,nan,20,80,20,Right,Left,56,21,35,15,nan,nan,0.08
11/10/2025 21:33:25,1.17.2,Bandit80,15,4.12,nan,20,80,20,RightinTimeout,Left,56,21,35,15,nan,nan,0.00
11/10/2025 21:33:25,1.17.2,Bandit80,15,4.12,nan,20,80,20,RightinTimeout,Left,56,21,35,15,nan,nan,0.00
11/10/2025 21:33:25,1.17.2,Bandit80,15,4.13,nan,20,80,20,RightinTimeout,Left,56,21,35,15,nan,nan,0.00
11/10/2025 21:33:26,1.17.2,Bandit80,15,4.13,nan,20,80,20,RightinTimeout,Left,56,21,35,15,nan,nan,0.00
11/10/2025 21:33:28,1.17.2,Bandit80,15,4.13,nan,20,80,20,RightinTimeout,Left,56,21,35,15,nan,nan,0.00
11/10/2025 21:33:28,1.17.2,Bandit80,15,4.12,nan,20,80,20,RightinTimeout,Left,56,21,35,15,nan,nan,0.00
11/10/2025 21:33:28,1.17.2,Bandit80,15,4.13,nan,20,80,20,RightinTimeout,Left,56,21,35,15,nan,nan,0.00
11/10/2025 21:33:35,1.17.2,Bandit80,15,4.13,nan,20,80,20,RightinTimeout,Left,56,21,35,15,nan,nan,0.00
11/10/2025 21:33:36,1.17.2,Bandit80,15,4.13,nan,20,80,20,RightinTimeout,Left,56,21,35,15,nan,nan,0.00
11/10/2025 21:33:36,1.17.2,Bandit80,15,4.13,nan,20,80,20,RightinTimeout,Left,56,21,35,15,nan,nan,0.00
11/10/2025 21:33:38,1.17.2,Bandit80,15,4.13,nan,20,80,20,RightinTimeout,Left,56,21,35,15,nan,nan,0.00
11/10/2025 21:36:54,1.17.2,Bandit80,15,4.12,nan,20,80,20,Right,Left,56,22,35,15,nan,nan,0.39
11/10/2025 21:36:59,1.17.2,Bandit80,15,4.12,nan,20,80,20,RightinTimeout,Left,56,22,35,15,nan,nan,0.00
11/10/2025 21:37:02,1.17.2,Bandit80,15,4.12,nan,20,80,20,RightinTimeout,Left,56,22,35,15,nan,nan,0.00
11/10/2025 21:37:02,1.17.2,Bandit80,15,4.13,nan,20,80,20,RightinTimeout,Left,56,22,35,15,nan,nan,0.00
11/10/2025 21:37:07,1.17.2,Bandit80,15,4.13,nan,20,80,20,LeftinTimeOut,Left,56,22,35,15,nan,nan,nan
11/10/2025 21:37:07,1.17.2,Bandit80,15,4.12,nan,20,80,20,LeftinTimeOut,Left,56,22,35,15,nan,nan,nan
11/10/2025 21:37:07,1.17.2,Bandit80,15,4.13,nan,20,80,20,LeftinTimeOut,Left,56,22,35,15,nan,nan,nan
11/10/2025 21:37:44,1.17.2,Bandit80,15,4.13,nan,20,80,20,Left,Left,57,22,35,15,nan,nan,0.29
11/10/2025 21:37:45,1.17.2,Bandit80,15,4.12,nan,20,80,20,LeftDuringDispense,Left,57,22,35,15,nan,nan,0.01
11/10/2025 21:37:48,1.17.2,Bandit80,15,4.12,2,20,80,20,Pellet,Left,57,22,36,15,0.53,635,nan
11/10/2025 21:38:04,1.17.2,Bandit80,15,4.13,nan,20,80,20,Left,Left,58,22,36,16,nan,nan,0.06
11/10/2025 21:38:05,1.17.2,Bandit80,15,4.12,1,20,80,20,Pellet,Left,58,22,37,16,0.77,17,nan
11/10/2025 21:38:29,1.17.2,Bandit80,15,4.12,nan,20,80,20,Left,Left,59,22,37,17,nan,nan,0.13
11/10/2025 21:38:30,1.17.2,Bandit80,15,4.12,nan,20,80,20,LeftDuringDispense,Left,59,22,37,17,nan,nan,0.01
11/10/2025 21:38:33,1.17.2,Bandit80,15,4.12,2,20,80,20,Pellet,Left,59,22,38,17,1.01,28,nan
11/10/2025 21:38:48,1.17.2,Bandit80,15,4.13,nan,20,80,20,Left,Left,60,22,38,18,nan,nan,0.16
11/10/2025 21:38:49,1.17.2,Bandit80,15,4.12,1,20,80,20,Pellet,Left,60,22,39,18,0.29,16,nan
11/10/2025 21:40:14,1.17.2,Bandit80,15,4.13,nan,20,80,20,Left,Left,61,22,39,19,nan,nan,0.00
11/10/2025 21:40:20,1.17.2,Bandit80,15,4.13,nan,20,80,20,LeftinTimeOut,Left,61,22,39,19,nan,nan,nan
11/10/2025 22:05:57,1.17.2,Bandit80,15,4.12,nan,20,80,20,Left,Left,62,22,39,19,nan,nan,0.05
11/10/2025 22:05:59,1.17.2,Bandit80,15,4.12,1,20,80,20,Pellet,Left,62,22,40,19,1.13,1630,nan
11/10/2025 22:06:23,1.17.2,Bandit80,15,4.12,nan,20,20,80,Right,Right,62,23,40,0,nan,nan,0.19
11/10/2025 22:06:24,1.17.2,Bandit80,15,4.12,1,20,20,80,Pellet,Right,62,23,41,0,0.53,25,nan
11/10/2025 22:06:46,1.17.2,Bandit80,15,4.12,nan,20,20,80,Right,Right,62,24,41,1,nan,nan,0.16
11/10/2025 22:06:47,1.17.2,Bandit80,15,4.12,1,20,20,80,Pellet,Right,62,24,42,1,0.59,23,nan
11/10/2025 22:08:00,1.17.2,Bandit80,15,4.12,nan,20,20,80,Right,Right,62,25,42,2,nan,nan,0.27
11/10/2025 22:08:01,1.17.2,Bandit80,15,4.12,1,20,20,80,Pellet,Right,62,25,43,2,0.41,74,nan
11/10/2025 22:08:15,1.17.2,Bandit80,15,4.12,nan,20,20,80,Right,Right,62,26,43,3,nan,nan,0.08
11/10/2025 22:08:17,1.17.2,Bandit80,15,4.13,1,20,20,80,Pellet,Right,62,26,44,3,0.71,16,nan
11/10/2025 22:08:32,1.17.2,Bandit80,15,4.11,nan,20,20,80,Right,Right,62,27,44,4,nan,nan,0.20
11/10/2025 22:08:33,1.17.2,Bandit80,15,4.12,1,20,20,80,Pellet,Right,62,27,45,4,0.29,16,nan
11/10/2025 22:08:49,1.17.2,Bandit80,15,4.12,nan,20,20,80,Right,Right,62,28,45,5,nan,nan,0.12
11/10/2025 22:08:50,1.17.2,Bandit80,15,4.13,1,20,20,80,Pellet,Right,62,28,46,5,0.35,17,nan
11/10/2025 22:15:05,1.17.2,Bandit80,15,4.13,nan,20,20,80,Right,Right,62,29,46,6,nan,nan,0.03
11/10/2025 22:15:07,1.17.2,Bandit80,15,4.12,1,20,20,80,Pellet,Right,62,29,47,6,0.35,376,nan
11/10/2025 22:15:46,1.17.2,Bandit80,15,4.12,nan,20,20,80,Left,Right,63,29,47,7,nan,nan,0.51
11/10/2025 22:15:47,1.17.2,Bandit80,15,4.13,1,20,20,80,Pellet,Right,63,29,48,7,0.47,41,nan
11/10/2025 22:16:14,1.17.2,Bandit80,15,4.12,nan,20,20,80,Right,Right,63,30,48,8,nan,nan,0.05
11/10/2025 22:16:15,1.17.2,Bandit80,15,4.13,1,20,20,80,Pellet,Right,63,30,49,8,0.23,28,nan
11/10/2025 22:16:27,1.17.2,Bandit80,15,4.12,nan,20,20,80,Left,Right,64,30,49,9,nan,nan,0.00
11/10/2025 22:19:02,1.17.2,Bandit80,15,4.12,nan,20,20,80,Right,Right,64,31,49,9,nan,nan,0.16
11/10/2025 22:19:03,1.17.2,Bandit80,15,4.12,1,20,20,80,Pellet,Right,64,31,50,9,0.41,168,nan
11/10/2025 22:21:45,1.17.2,Bandit80,15,4.13,nan,20,20,80,Left,Right,65,31,50,10,nan,nan,0.35
11/10/2025 22:29:23,1.17.2,Bandit80,15,4.13,nan,20,20,80,Left,Right,66,31,50,10,nan,nan,0.13
11/10/2025 22:29:28,1.17.2,Bandit80,15,4.12,nan,20,20,80,LeftinTimeOut,Right,66,31,50,10,nan,nan,nan
11/10/2025 22:29:28,1.17.2,Bandit80,15,4.12,nan,20,20,80,LeftinTimeOut,Right,66,31,50,10,nan,nan,nan
11/10/2025 22:29:30,1.17.2,Bandit80,15,4.13,nan,20,20,80,LeftinTimeOut,Right,66,31,50,10,nan,nan,nan
11/10/2025 22:29:31,1.17.2,Bandit80,15,4.12,nan,20,20,80,LeftinTimeOut,Right,66,31,50,10,nan,nan,nan
11/10/2025 22:29:31,1.17.2,Bandit80,15,4.12,nan,20,20,80,LeftinTimeOut,Right,66,31,50,10,nan,nan,nan
11/10/2025 22:29:33,1.17.2,Bandit80,15,4.12,nan,20,20,80,LeftinTimeOut,Right,66,31,50,10,nan,nan,nan
11/10/2025 22:29:36,1.17.2,Bandit80,15,4.12,nan,20,20,80,RightinTimeout,Right,66,31,50,10,nan,nan,0.00
11/10/2025 22:29:36,1.17.2,Bandit80,15,4.12,nan,20,20,80,RightinTimeout,Right,66,31,50,10,nan,nan,0.00
11/10/2025 23:00:47,1.17.2,Bandit80,15,4.12,nan,20,20,80,Left,Right,67,31,50,10,nan,nan,0.00
11/10/2025 23:00:50,1.17.2,Bandit80,15,4.12,nan,20,20,80,LeftinTimeOut,Right,67,31,50,10,nan,nan,nan
11/10/2025 23:00:54,1.17.2,Bandit80,15,4.12,nan,20,20,80,LeftinTimeOut,Right,67,31,50,10,nan,nan,nan
11/10/2025 23:00:56,1.17.2,Bandit80,15,4.12,nan,20,20,80,LeftinTimeOut,Right,67,31,50,10,nan,nan,nan
11/10/2025 23:00:57,1.17.2,Bandit80,15,4.12,nan,20,20,80,LeftinTimeOut,Right,67,31,50,10,nan,nan,nan
11/10/2025 23:00:59,1.17.2,Bandit80,15,4.12,nan,20,20,80,LeftinTimeOut,Right,67,31,50,10,nan,nan,nan
11/10/2025 23:01:02,1.17.2,Bandit80,15,4.13,nan,20,20,80,LeftinTimeOut,Right,67,31,50,10,nan,nan,nan
11/10/2025 23:01:04,1.17.2,Bandit80,15,4.12,nan,20,20,80,LeftinTimeOut,Right,67,31,50,10,nan,nan,nan
11/10/2025 23:01:11,1.17.2,Bandit80,15,4.12,nan,20,20,80,LeftinTimeOut,Right,67,31,50,10,nan,nan,nan
11/10/2025 23:01:16,1.17.2,Bandit80,15,4.12,nan,20,20,80,LeftinTimeOut,Right,67,31,50,10,nan,nan,nan
11/10/2025 23:01:17,1.17.2,Bandit80,15,4.12,nan,20,20,80,LeftinTimeOut,Right,67,31,50,10,nan,nan,nan
11/10/2025 23:01:17,1.17.2,Bandit80,15,4.12,nan,20,20,80,LeftinTimeOut,Right,67,31,50,10,nan,nan,nan
11/10/2025 23:01:21,1.17.2,Bandit80,15,4.12,nan,20,20,80,LeftinTimeOut,Right,67,31,50,10,nan,nan,nan
11/10/2025 23:01:26,1.17.2,Bandit80,15,4.12,nan,20,20,80,LeftinTimeOut,Right,67,31,50,10,nan,nan,nan
11/10/2025 23:01:30,1.17.2,Bandit80,15,4.12,nan,20,20,80,LeftinTimeOut,Right,67,31,50,10,nan,nan,nan
11/10/2025 23:01:34,1.17.2,Bandit80,15,4.12,nan,20,20,80,LeftinTimeOut,Right,67,31,50,10,nan,nan,nan
11/10/2025 23:01:35,1.17.2,Bandit80,15,4.12,nan,20,20,80,LeftinTimeOut,Right,67,31,50,10,nan,nan,nan
11/10/2025 23:01:38,1.17.2,Bandit80,15,4.12,nan,20,20,80,RightinTimeout,Right,67,31,50,10,nan,nan,0.00
11/10/2025 23:01:39,1.17.2,Bandit80,15,4.12,nan,20,20,80,RightinTimeout,Right,67,31,50,10,nan,nan,0.00
11/10/2025 23:01:39,1.17.2,Bandit80,15,4.12,nan,20,20,80,RightinTimeout,Right,67,31,50,10,nan,nan,0.00
11/10/2025 23:15:39,1.17.2,Bandit80,15,4.12,nan,20,20,80,Left,Right,68,31,50,10,nan,nan,0.72
11/10/2025 23:15:41,1.17.2,Bandit80,15,4.12,1,20,20,80,Pellet,Right,68,31,51,10,0.65,3398,nan
11/10/2025 23:16:03,1.17.2,Bandit80,15,4.12,nan,20,20,80,Left,Right,69,31,51,11,nan,nan,0.16
11/10/2025 23:17:28,1.17.2,Bandit80,15,4.12,nan,20,20,80,Left,Right,70,31,51,11,nan,nan,0.32
11/10/2025 23:17:30,1.17.2,Bandit80,15,4.12,1,20,20,80,Pellet,Right,70,31,52,11,1.13,109,nan
11/10/2025 23:17:41,1.17.2,Bandit80,15,4.12,nan,20,20,80,Left,Right,71,31,52,12,nan,nan,0.10
11/10/2025 23:18:41,1.17.2,Bandit80,15,4.12,nan,20,20,80,Left,Right,72,31,52,12,nan,nan,0.15
11/10/2025 23:18:42,1.17.2,Bandit80,15,4.12,1,20,20,80,Pellet,Right,72,31,53,12,0.41,72,nan
11/10/2025 23:18:51,1.17.2,Bandit80,15,4.12,nan,20,20,80,Left,Right,73,31,53,13,nan,nan,0.09
11/10/2025 23:18:53,1.17.2,Bandit80,15,4.12,nan,20,20,80,LeftinTimeOut,Right,73,31,53,13,nan,nan,nan
11/10/2025 23:18:55,1.17.2,Bandit80,15,4.12,nan,20,20,80,LeftinTimeOut,Right,73,31,53,13,nan,nan,nan
11/10/2025 23:18:56,1.17.2,Bandit80,15,4.12,nan,20,20,80,LeftinTimeOut,Right,73,31,53,13,nan,nan,nan
11/10/2025 23:23:02,1.17.2,Bandit80,15,4.12,nan,20,20,80,Right,Right,73,32,53,13,nan,nan,0.04
11/10/2025 23:23:03,1.17.2,Bandit80,15,4.12,1,20,20,80,Pellet,Right,73,32,54,13,0.29,261,nan
11/10/2025 23:23:19,1.17.2,Bandit80,15,4.12,nan,20,20,80,Right,Right,73,33,54,14,nan,nan,0.27
11/10/2025 23:23:20,1.17.2,Bandit80,15,4.12,2,20,20,80,Pellet,Right,73,33,55,14,0.06,17,nan
11/10/2025 23:23:55,1.17.2,Bandit80,15,4.12,nan,20,20,80,Right,Right,73,34,55,15,nan,nan,0.05
11/10/2025 23:23:56,1.17.2,Bandit80,15,4.12,1,20,20,80,Pellet,Right,73,34,56,15,0.47,36,nan
11/10/2025 23:27:14,1.17.2,Bandit80,15,4.12,nan,20,20,80,Left,Right,74,34,56,16,nan,nan,0.00
11/10/2025 23:27:18,1.17.2,Bandit80,15,4.12,nan,20,20,80,LeftinTimeOut,Right,74,34,56,16,nan,nan,nan
11/10/2025 23:32:12,1.17.2,Bandit80,15,4.12,nan,20,20,80,Left,Right,75,34,56,16,nan,nan,0.09
11/10/2025 23:32:13,1.17.2,Bandit80,15,4.12,nan,20,20,80,LeftinTimeOut,Right,75,34,56,16,nan,nan,nan
11/10/2025 23:32:25,1.17.2,Bandit80,15,4.12,nan,20,20,80,Left,Right,76,34,56,16,nan,nan,0.12
11/10/2025 23:32:33,1.17.2,Bandit80,15,4.12,nan,20,20,80,LeftinTimeOut,Right,76,34,56,16,nan,nan,nan
11/10/2025 23:43:01,1.17.2,Bandit80,15,4.12,nan,20,20,80,Left,Right,77,34,56,16,nan,nan,0.07
11/10/2025 23:44:38,1.17.2,Bandit80,15,4.12,nan,20,20,80,Right,Right,77,35,56,16,nan,nan,0.55
11/10/2025 23:44:39,1.17.2,Bandit80,15,4.12,1,20,20,80,Pellet,Right,77,35,57,16,0.29,1243,nan
11/10/2025 23:44:59,1.17.2,Bandit80,15,4.12,nan,20,20,80,Right,Right,77,36,57,17,nan,nan,0.04
11/10/2025 23:45:01,1.17.2,Bandit80,15,4.12,1,20,20,80,Pellet,Right,77,36,58,17,1.49,22,nan
11/10/2025 23:45:18,1.17.2,Bandit80,15,4.12,nan,20,20,80,Right,Right,77,37,58,18,nan,nan,0.04
11/10/2025 23:45:19,1.17.2,Bandit80,15,4.12,1,20,20,80,Pellet,Right,77,37,59,18,0.35,18,nan
11/10/2025 23:51:20,1.17.2,Bandit80,15,4.12,nan,20,20,80,Right,Right,77,38,59,19,nan,nan,0.30
11/10/2025 23:51:23,1.17.2,Bandit80,15,4.12,2,20,20,80,Pellet,Right,77,38,60,19,0.12,364,nan
11/10/2025 23:52:49,1.17.2,Bandit80,15,4.12,nan,20,80,20,Left,Left,78,38,60,0,nan,nan,0.74
11/10/2025 23:52:50,1.17.2,Bandit80,15,4.12,1,20,80,20,Pellet,Left,78,38,61,0,0.41,87,nan
11/10/2025 23:53:09,1.17.2,Bandit80,15,4.12,nan,20,80,20,Left,Left,79,38,61,1,nan,nan,0.29
11/10/2025 23:53:12,1.17.2,Bandit80,15,4.12,nan,20,80,20,LeftinTimeOut,Left,79,38,61,1,nan,nan,nan
11/10/2025 23:53:30,1.17.2,Bandit80,15,4.12,nan,20,80,20,Left,Left,80,38,61,1,nan,nan,0.02
11/10/2025 23:53:31,1.17.2,Bandit80,15,4.12,1,20,80,20,Pellet,Left,80,38,62,1,0.47,41,nan
11/10/2025 23:53:54,1.17.2,Bandit80,15,4.12,nan,20,80,20,Left,Left,81,38,62,2,nan,nan,0.02
11/10/2025 23:53:56,1.17.2,Bandit80,15,4.12,1,20,80,20,Pellet,Left,81,38,63,2,1.49,25,nan
11/10/2025 23:54:09,1.17.2,Bandit80,15,4.12,nan,20,80,20,Left,Left,82,38,63,3,nan,nan,0.09
11/10/2025 23:54:10,1.17.2,Bandit80,15,4.12,nan,20,80,20,LeftinTimeOut,Left,82,38,63,3,nan,nan,nan
11/10/2025 23:54:14,1.17.2,Bandit80,15,4.12,nan,20,80,20,LeftinTimeOut,Left,82,38,63,3,nan,nan,nan
11/11/2025 1:24:24,1.17.2,Bandit80,15,4.12,nan,20,80,20,Left,Left,83,38,63,3,nan,nan,0.17
11/11/2025 1:24:33,1.17.2,Bandit80,15,4.12,nan,20,80,20,LeftinTimeOut,Left,83,38,63,3,nan,nan,nan
11/11/2025 1:24:35,1.17.2,Bandit80,15,4.12,nan,20,80,20,LeftinTimeOut,Left,83,38,63,3,nan,nan,nan
11/11/2025 1:24:36,1.17.2,Bandit80,15,4.12,nan,20,80,20,LeftinTimeOut,Left,83,38,63,3,nan,nan,nan
11/11/2025 1:24:39,1.17.2,Bandit80,15,4.12,nan,20,80,20,LeftinTimeOut,Left,83,38,63,3,nan,nan,nan
11/11/2025 1:24:47,1.17.2,Bandit80,15,4.12,nan,20,80,20,LeftinTimeOut,Left,83,38,63,3,nan,nan,nan
11/11/2025 2:07:10,1.17.2,Bandit80,15,4.12,nan,20,80,20,Left,Left,84,38,63,3,nan,nan,0.78
11/11/2025 2:07:12,1.17.2,Bandit80,15,4.11,1,20,80,20,Pellet,Left,84,38,64,3,0.83,7996,nan
11/11/2025 2:07:31,1.17.2,Bandit80,15,4.12,nan,20,80,20,Left,Left,85,38,64,4,nan,nan,0.82
11/11/2025 2:07:32,1.17.2,Bandit80,15,4.12,1,20,80,20,Pellet,Left,85,38,65,4,0.35,20,nan
11/11/2025 2:07:47,1.17.2,Bandit80,15,4.12,nan,20,80,20,Left,Left,86,38,65,5,nan,nan,1.09
11/11/2025 2:07:48,1.17.2,Bandit80,15,4.11,1,20,80,20,Pellet,Left,86,38,66,5,0.41,16,nan
11/11/2025 2:08:01,1.17.2,Bandit80,15,4.11,nan,20,80,20,Left,Left,87,38,66,6,nan,nan,0.77
11/11/2025 2:08:02,1.17.2,Bandit80,15,4.12,1,20,80,20,Pellet,Left,87,38,67,6,0.23,14,nan
11/11/2025 2:08:33,1.17.2,Bandit80,15,4.12,nan,20,80,20,Left,Left,88,38,67,7,nan,nan,2.95
11/11/2025 2:08:34,1.17.2,Bandit80,15,4.11,1,20,80,20,Pellet,Left,88,38,68,7,0.35,32,nan
11/11/2025 2:08:50,1.17.2,Bandit80,15,4.12,nan,20,80,20,Left,Left,89,38,68,8,nan,nan,0.04
11/11/2025 2:08:50,1.17.2,Bandit80,15,4.11,nan,20,80,20,LeftinTimeOut,Left,89,38,68,8,nan,nan,nan
11/11/2025 2:08:54,1.17.2,Bandit80,15,4.11,nan,20,80,20,LeftinTimeOut,Left,89,38,68,8,nan,nan,nan
11/11/2025 2:09:06,1.17.2,Bandit80,15,4.11,nan,20,80,20,Left,Left,90,38,68,8,nan,nan,0.54
11/11/2025 2:09:07,1.17.2,Bandit80,15,4.11,1,20,80,20,Pellet,Left,90,38,69,8,0.41,33,nan
11/11/2025 2:09:34,1.17.2,Bandit80,15,4.12,nan,20,80,20,Left,Left,91,38,69,9,nan,nan,0.59
11/11/2025 2:09:35,1.17.2,Bandit80,15,4.12,1,20,80,20,Pellet,Left,91,38,70,9,0.29,28,nan
11/11/2025 2:09:53,1.17.2,Bandit80,15,4.12,nan,20,80,20,Left,Left,92,38,70,10,nan,nan,0.03
11/11/2025 2:10:17,1.17.2,Bandit80,15,4.12,nan,20,80,20,Left,Left,93,38,70,10,nan,nan,0.01
11/11/2025 2:10:18,1.17.2,Bandit80,15,4.11,1,20,80,20,Pellet,Left,93,38,71,10,0.53,43,nan
11/11/2025 2:10:33,1.17.2,Bandit80,15,4.12,nan,20,80,20,Left,Left,94,38,71,11,nan,nan,0.04
11/11/2025 2:10:33,1.17.2,Bandit80,15,4.12,nan,20,80,20,LeftDuringDispense,Left,94,38,71,11,nan,nan,0.05
11/11/2025 2:10:36,1.17.2,Bandit80,15,4.12,3,20,80,20,Pellet,Left,94,38,72,11,0.23,18,nan
11/11/2025 2:11:05,1.17.2,Bandit80,15,4.12,nan,20,80,20,Left,Left,95,38,72,12,nan,nan,0.38
11/11/2025 2:11:06,1.17.2,Bandit80,15,4.11,1,20,80,20,Pellet,Left,95,38,73,12,0.29,30,nan
11/11/2025 2:11:24,1.17.2,Bandit80,15,4.12,nan,20,80,20,Left,Left,96,38,73,13,nan,nan,0.03
11/11/2025 2:11:25,1.17.2,Bandit80,15,4.12,1,20,80,20,Pellet,Left,96,38,74,13,0.35,19,nan
11/11/2025 2:11:41,1.17.2,Bandit80,15,4.12,nan,20,80,20,Left,Left,97,38,74,14,nan,nan,0.05
11/11/2025 2:11:42,1.17.2,Bandit80,15,4.12,2,20,80,20,Pellet,Left,97,38,75,14,0.41,17,nan
11/11/2025 2:11:55,1.17.2,Bandit80,15,4.12,nan,20,80,20,Left,Left,98,38,75,15,nan,nan,0.38
11/11/2025 2:11:56,1.17.2,Bandit80,15,4.11,1,20,80,20,Pellet,Left,98,38,76,15,0.59,14,nan
11/11/2025 2:12:26,1.17.2,Bandit80,15,4.12,nan,20,80,20,Left,Left,99,38,76,16,nan,nan,0.19
11/11/2025 2:12:28,1.17.2,Bandit80,15,4.11,1,20,80,20,Pellet,Left,99,38,77,16,0.35,32,nan
11/11/2025 2:12:53,1.17.2,Bandit80,15,4.11,nan,20,80,20,Left,Left,100,38,77,17,nan,nan,0.95
11/11/2025 2:12:55,1.17.2,Bandit80,15,4.11,1,20,80,20,Pellet,Left,100,38,78,17,0.29,27,nan
11/11/2025 2:13:07,1.17.2,Bandit80,15,4.12,nan,20,80,20,Left,Left,101,38,78,18,nan,nan,0.02
11/11/2025 2:13:16,1.17.2,Bandit80,15,4.12,nan,20,80,20,LeftinTimeOut,Left,101,38,78,18,nan,nan,nan
11/11/2025 2:13:20,1.17.2,Bandit80,15,4.12,nan,20,80,20,LeftinTimeOut,Left,101,38,78,18,nan,nan,nan
11/11/2025 2:42:03,1.17.2,Bandit80,15,4.12,nan,20,80,20,Right,Left,101,39,78,18,nan,nan,0.10
11/11/2025 2:42:03,1.17.2,Bandit80,15,4.11,nan,20,80,20,RightinTimeout,Left,101,39,78,18,nan,nan,0.00
11/11/2025 2:47:25,1.17.2,Bandit80,15,4.12,nan,20,80,20,Left,Left,102,39,78,18,nan,nan,1.69
11/11/2025 2:47:26,1.17.2,Bandit80,15,4.11,1,20,80,20,Pellet,Left,102,39,79,18,0.35,2071,nan
11/11/2025 2:47:48,1.17.2,Bandit80,15,4.12,nan,20,80,20,Left,Left,103,39,79,19,nan,nan,0.56
11/11/2025 2:47:48,1.17.2,Bandit80,15,4.12,nan,20,80,20,LeftDuringDispense,Left,103,39,79,19,nan,nan,0.03
11/11/2025 2:47:52,1.17.2,Bandit80,15,4.12,2,20,80,20,Pellet,Left,103,39,80,19,1.13,26,nan
11/11/2025 2:48:07,1.17.2,Bandit80,15,4.12,nan,20,20,80,Left,Right,104,39,80,0,nan,nan,0.37
11/11/2025 2:48:12,1.17.2,Bandit80,15,4.12,nan,20,20,80,LeftinTimeOut,Right,104,39,80,0,nan,nan,nan
11/11/2025 2:48:17,1.17.2,Bandit80,15,4.12,nan,20,20,80,LeftinTimeOut,Right,104,39,80,0,nan,nan,nan
11/11/2025 2:48:20,1.17.2,Bandit80,15,4.11,nan,20,20,80,LeftinTimeOut,Right,104,39,80,0,nan,nan,nan
11/11/2025 2:48:23,1.17.2,Bandit80,15,4.12,nan,20,20,80,LeftinTimeOut,Right,104,39,80,0,nan,nan,nan
11/11/2025 2:48:24,1.17.2,Bandit80,15,4.11,nan,20,20,80,LeftinTimeOut,Right,104,39,80,0,nan,nan,nan
11/11/2025 2:48:25,1.17.2,Bandit80,15,4.11,nan,20,20,80,LeftinTimeOut,Right,104,39,80,0,nan,nan,nan
11/11/2025 3:07:16,1.17.2,Bandit80,15,4.11,nan,20,20,80,Left,Right,105,39,80,0,nan,nan,0.09
11/11/2025 3:22:16,1.17.2,Bandit80,15,4.11,nan,20,20,80,Left,Right,106,39,80,0,nan,nan,0.04
11/11/2025 3:22:17,1.17.2,Bandit80,15,4.11,1,20,20,80,Pellet,Right,106,39,81,0,0.59,2065,nan
11/11/2025 4:27:12,1.17.2,Bandit80,15,4.11,nan,20,20,80,Left,Right,107,39,81,1,nan,nan,0.04
11/11/2025 4:27:14,1.17.2,Bandit80,15,4.11,1,20,20,80,Pellet,Right,107,39,82,1,0.59,3897,nan
11/11/2025 4:27:29,1.17.2,Bandit80,15,4.11,nan,20,20,80,Left,Right,108,39,82,2,nan,nan,0.10
11/11/2025 4:27:35,1.17.2,Bandit80,15,4.11,nan,20,20,80,LeftinTimeOut,Right,108,39,82,2,nan,nan,nan
11/11/2025 4:27:39,1.17.2,Bandit80,15,4.11,nan,20,20,80,LeftinTimeOut,Right,108,39,82,2,nan,nan,nan
11/11/2025 4:27:40,1.17.2,Bandit80,15,4.11,nan,20,20,80,LeftinTimeOut,Right,108,39,82,2,nan,nan,nan
11/11/2025 4:27:54,1.17.2,Bandit80,15,4.11,nan,20,20,80,Left,Right,109,39,82,2,nan,nan,0.06
11/11/2025 4:27:55,1.17.2,Bandit80,15,4.11,nan,20,20,80,LeftinTimeOut,Right,109,39,82,2,nan,nan,nan
11/11/2025 4:27:56,1.17.2,Bandit80,15,4.11,nan,20,20,80,LeftinTimeOut,Right,109,39,82,2,nan,nan,nan
11/11/2025 4:28:00,1.17.2,Bandit80,15,4.11,nan,20,20,80,RightinTimeout,Right,109,39,82,2,nan,nan,0.00
11/11/2025 4:28:04,1.17.2,Bandit80,15,4.11,nan,20,20,80,LeftinTimeOut,Right,109,39,82,2,nan,nan,nan
11/11/2025 4:40:17,1.17.2,Bandit80,15,4.11,nan,20,20,80,Left,Right,110,39,82,2,nan,nan,0.10
11/11/2025 4:52:39,1.17.2,Bandit80,15,4.11,nan,20,20,80,Left,Right,111,39,82,2,nan,nan,0.51
11/11/2025 4:52:43,1.17.2,Bandit80,15,4.11,nan,20,20,80,LeftinTimeOut,Right,111,39,82,2,nan,nan,nan
11/11/2025 4:52:43,1.17.2,Bandit80,15,4.11,nan,20,20,80,LeftinTimeOut,Right,111,39,82,2,nan,nan,nan
11/11/2025 4:52:49,1.17.2,Bandit80,15,4.11,nan,20,20,80,LeftinTimeOut,Right,111,39,82,2,nan,nan,nan
11/11/2025 4:53:21,1.17.2,Bandit80,15,4.11,nan,20,20,80,Left,Right,112,39,82,2,nan,nan,0.03
11/11/2025 4:53:24,1.17.2,Bandit80,15,4.11,2,20,20,80,Pellet,Right,112,39,83,2,0.47,1570,nan
11/11/2025 4:53:33,1.17.2,Bandit80,15,4.11,nan,20,20,80,Left,Right,113,39,83,3,nan,nan,0.06
11/11/2025 4:53:33,1.17.2,Bandit80,15,4.11,nan,20,20,80,LeftinTimeOut,Right,113,39,83,3,nan,nan,nan
11/11/2025 4:53:34,1.17.2,Bandit80,15,4.11,nan,20,20,80,LeftinTimeOut,Right,113,39,83,3,nan,nan,nan
11/11/2025 4:53:36,1.17.2,Bandit80,15,4.11,nan,20,20,80,LeftinTimeOut,Right,113,39,83,3,nan,nan,nan
11/11/2025 4:53:39,1.17.2,Bandit80,15,4.11,nan,20,20,80,LeftinTimeOut,Right,113,39,83,3,nan,nan,nan
11/11/2025 4:53:41,1.17.2,Bandit80,15,4.11,nan,20,20,80,LeftinTimeOut,Right,113,39,83,3,nan,nan,nan
11/11/2025 4:55:18,1.17.2,Bandit80,15,4.11,nan,20,20,80,Left,Right,114,39,83,3,nan,nan,0.28
11/11/2025 4:55:42,1.17.2,Bandit80,15,4.11,nan,20,20,80,Left,Right,115,39,83,3,nan,nan,0.10
11/11/2025 4:55:45,1.17.2,Bandit80,15,4.11,nan,20,20,80,LeftinTimeOut,Right,115,39,83,3,nan,nan,nan
11/11/2025 4:56:02,1.17.2,Bandit80,15,4.11,nan,20,20,80,Left,Right,116,39,83,3,nan,nan,0.09
11/11/2025 4:57:06,1.17.2,Bandit80,15,4.11,nan,20,20,80,Left,Right,117,39,83,3,nan,nan,0.02
11/11/2025 4:57:08,1.17.2,Bandit80,15,4.11,nan,20,20,80,LeftinTimeOut,Right,117,39,83,3,nan,nan,nan
11/11/2025 4:57:10,1.17.2,Bandit80,15,4.11,nan,20,20,80,LeftinTimeOut,Right,117,39,83,3,nan,nan,nan
11/11/2025 5:00:17,1.17.2,Bandit80,15,4.11,nan,20,20,80,Left,Right,118,39,83,3,nan,nan,0.44
11/11/2025 5:00:18,1.17.2,Bandit80,15,4.11,1,20,20,80,Pellet,Right,118,39,84,3,0.35,414,nan
11/11/2025 5:00:38,1.17.2,Bandit80,15,4.11,nan,20,20,80,Left,Right,119,39,84,4,nan,nan,0.11
11/11/2025 5:00:39,1.17.2,Bandit80,15,4.11,nan,20,20,80,LeftinTimeOut,Right,119,39,84,4,nan,nan,nan
11/11/2025 5:00:39,1.17.2,Bandit80,15,4.12,nan,20,20,80,LeftinTimeOut,Right,119,39,84,4,nan,nan,nan
11/11/2025 5:00:42,1.17.2,Bandit80,15,4.11,nan,20,20,80,LeftinTimeOut,Right,119,39,84,4,nan,nan,nan
11/11/2025 5:00:44,1.17.2,Bandit80,15,4.11,nan,20,20,80,RightinTimeout,Right,119,39,84,4,nan,nan,0.00
11/11/2025 5:00:48,1.17.2,Bandit80,15,4.11,nan,20,20,80,LeftinTimeOut,Right,119,39,84,4,nan,nan,nan
11/11/2025 5:00:51,1.17.2,Bandit80,15,4.11,nan,20,20,80,LeftinTimeOut,Right,119,39,84,4,nan,nan,nan
11/11/2025 5:01:04,1.17.2,Bandit80,15,4.11,nan,20,20,80,Left,Right,120,39,84,4,nan,nan,0.06
11/11/2025 5:11:05,1.17.2,Bandit80,15,4.11,nan,20,20,80,Right,Right,120,40,84,4,nan,nan,0.37
11/11/2025 5:11:07,1.17.2,Bandit80,15,4.11,1,20,20,80,Pellet,Right,120,40,85,4,0.65,649,nan
11/11/2025 5:11:32,1.17.2,Bandit80,15,4.11,nan,20,20,80,Left,Right,121,40,85,5,nan,nan,0.11
11/11/2025 5:11:38,1.17.2,Bandit80,15,4.11,nan,20,20,80,RightinTimeout,Right,121,40,85,5,nan,nan,0.00
11/11/2025 5:11:39,1.17.2,Bandit80,15,4.11,nan,20,20,80,RightinTimeout,Right,121,40,85,5,nan,nan,0.00
11/11/2025 5:11:39,1.17.2,Bandit80,15,4.11,nan,20,20,80,RightinTimeout,Right,121,40,85,5,nan,nan,0.00
11/11/2025 5:11:39,1.17.2,Bandit80,15,4.11,nan,20,20,80,RightinTimeout,Right,121,40,85,5,nan,nan,0.00
11/11/2025 5:11:41,1.17.2,Bandit80,15,4.11,nan,20,20,80,LeftinTimeOut,Right,121,40,85,5,nan,nan,nan
11/11/2025 5:11:43,1.17.2,Bandit80,15,4.11,nan,20,20,80,LeftinTimeOut,Right,121,40,85,5,nan,nan,nan
11/11/2025 5:11:45,1.17.2,Bandit80,15,4.11,nan,20,20,80,LeftinTimeOut,Right,121,40,85,5,nan,nan,nan
11/11/2025 5:12:15,1.17.2,Bandit80,15,4.11,nan,20,20,80,Left,Right,122,40,85,5,nan,nan,0.17
11/11/2025 5:13:56,1.17.2,Bandit80,15,4.11,nan,20,20,80,Left,Right,123,40,85,5,nan,nan,0.39
11/11/2025 5:13:56,1.17.2,Bandit80,15,4.11,nan,20,20,80,LeftinTimeOut,Right,123,40,85,5,nan,nan,nan
11/11/2025 5:14:21,1.17.2,Bandit80,15,4.11,nan,20,20,80,Left,Right,124,40,85,5,nan,nan,0.11
11/11/2025 5:14:23,1.17.2,Bandit80,15,4.11,nan,20,20,80,LeftinTimeOut,Right,124,40,85,5,nan,nan,nan
11/11/2025 5:14:24,1.17.2,Bandit80,15,4.11,nan,20,20,80,LeftinTimeOut,Right,124,40,85,5,nan,nan,nan
11/11/2025 5:14:36,1.17.2,Bandit80,15,4.11,nan,20,20,80,Left,Right,125,40,85,5,nan,nan,0.16
11/11/2025 5:14:38,1.17.2,Bandit80,15,4.11,nan,20,20,80,LeftinTimeOut,Right,125,40,85,5,nan,nan,nan
11/11/2025 5:14:39,1.17.2,Bandit80,15,4.11,nan,20,20,80,LeftinTimeOut,Right,125,40,85,5,nan,nan,nan
11/11/2025 5:14:43,1.17.2,Bandit80,15,4.11,nan,20,20,80,RightinTimeout,Right,125,40,85,5,nan,nan,0.00
11/11/2025 5:15:18,1.17.2,Bandit80,15,4.11,nan,20,20,80,Right,Right,125,41,85,5,nan,nan,1.26
11/11/2025 5:15:19,1.17.2,Bandit80,15,4.11,nan,20,20,80,RightDuringDispense,Right,125,41,85,5,nan,nan,0.04
11/11/2025 5:15:22,1.17.2,Bandit80,15,4.11,2,20,20,80,Pellet,Right,125,41,86,5,0.23,255,nan
11/11/2025 5:15:44,1.17.2,Bandit80,15,4.11,nan,20,20,80,Left,Right,126,41,86,6,nan,nan,0.08
11/11/2025 5:15:45,1.17.2,Bandit80,15,4.11,1,20,20,80,Pellet,Right,126,41,87,6,0.29,23,nan
11/11/2025 5:15:55,1.17.2,Bandit80,15,4.11,nan,20,20,80,Left,Right,127,41,87,7,nan,nan,0.05
11/11/2025 5:15:55,1.17.2,Bandit80,15,4.11,nan,20,20,80,LeftinTimeOut,Right,127,41,87,7,nan,nan,nan
11/11/2025 5:16:00,1.17.2,Bandit80,15,4.11,nan,20,20,80,LeftinTimeOut,Right,127,41,87,7,nan,nan,nan
11/11/2025 5:16:00,1.17.2,Bandit80,15,4.11,nan,20,20,80,LeftinTimeOut,Right,127,41,87,7,nan,nan,nan
11/11/2025 5:16:06,1.17.2,Bandit80,15,4.11,nan,20,20,80,RightinTimeout,Right,127,41,87,7,nan,nan,0.00
11/11/2025 5:16:06,1.17.2,Bandit80,15,4.11,nan,20,20,80,RightinTimeout,Right,127,41,87,7,nan,nan,0.00
11/11/2025 5:16:06,1.17.2,Bandit80,15,4.11,nan,20,20,80,RightinTimeout,Right,127,41,87,7,nan,nan,0.00
11/11/2025 5:16:07,1.17.2,Bandit80,15,4.11,nan,20,20,80,RightinTimeout,Right,127,41,87,7,nan,nan,0.00
11/11/2025 5:16:07,1.17.2,Bandit80,15,4.11,nan,20,20,80,RightinTimeout,Right,127,41,87,7,nan,nan,0.00
11/11/2025 5:16:14,1.17.2,Bandit80,15,4.11,nan,20,20,80,LeftinTimeOut,Right,127,41,87,7,nan,nan,nan
11/11/2025 5:16:14,1.17.2,Bandit80,15,4.11,nan,20,20,80,LeftinTimeOut,Right,127,41,87,7,nan,nan,nan
11/11/2025 5:16:15,1.17.2,Bandit80,15,4.11,nan,20,20,80,LeftinTimeOut,Right,127,41,87,7,nan,nan,nan
11/11/2025 5:16:16,1.17.2,Bandit80,15,4.11,nan,20,20,80,LeftinTimeOut,Right,127,41,87,7,nan,nan,nan
11/11/2025 5:16:18,1.17.2,Bandit80,15,4.11,nan,20,20,80,LeftinTimeOut,Right,127,41,87,7,nan,nan,nan
11/11/2025 5:16:25,1.17.2,Bandit80,15,4.11,nan,20,20,80,RightinTimeout,Right,127,41,87,7,nan,nan,0.00
11/11/2025 5:16:25,1.17.2,Bandit80,15,4.11,nan,20,20,80,RightinTimeout,Right,127,41,87,7,nan,nan,0.00
11/11/2025 5:16:27,1.17.2,Bandit80,15,4.11,nan,20,20,80,RightinTimeout,Right,127,41,87,7,nan,nan,0.00
11/11/2025 5:16:27,1.17.2,Bandit80,15,4.11,nan,20,20,80,RightinTimeout,Right,127,41,87,7,nan,nan,0.00
11/11/2025 5:16:27,1.17.2,Bandit80,15,4.11,nan,20,20,80,RightinTimeout,Right,127,41,87,7,nan,nan,0.00
11/11/2025 5:16:28,1.17.2,Bandit80,15,4.11,nan,20,20,80,RightinTimeout,Right,127,41,87,7,nan,nan,0.00
11/11/2025 5:16:28,1.17.2,Bandit80,15,4.11,nan,20,20,80,RightinTimeout,Right,127,41,87,7,nan,nan,0.00
11/11/2025 5:16:28,1.17.2,Bandit80,15,4.11,nan,20,20,80,RightinTimeout,Right,127,41,87,7,nan,nan,0.00
11/11/2025 5:16:29,1.17.2,Bandit80,15,4.11,nan,20,20,80,RightinTimeout,Right,127,41,87,7,nan,nan,0.00
11/11/2025 5:16:29,1.17.2,Bandit80,15,4.11,nan,20,20,80,RightinTimeout,Right,127,41,87,7,nan,nan,0.00
11/11/2025 5:16:35,1.17.2,Bandit80,15,4.11,nan,20,20,80,RightinTimeout,Right,127,41,87,7,nan,nan,0.00
11/11/2025 5:16:35,1.17.2,Bandit80,15,4.11,nan,20,20,80,RightinTimeout,Right,127,41,87,7,nan,nan,0.00
11/11/2025 5:16:35,1.17.2,Bandit80,15,4.11,nan,20,20,80,RightinTimeout,Right,127,41,87,7,nan,nan,0.00
11/11/2025 5:16:36,1.17.2,Bandit80,15,4.11,nan,20,20,80,RightinTimeout,Right,127,41,87,7,nan,nan,0.00
11/11/2025 5:16:36,1.17.2,Bandit80,15,4.11,nan,20,20,80,RightinTimeout,Right,127,41,87,7,nan,nan,0.00
11/11/2025 5:16:36,1.17.2,Bandit80,15,4.11,nan,20,20,80,RightinTimeout,Right,127,41,87,7,nan,nan,0.00
11/11/2025 5:16:38,1.17.2,Bandit80,15,4.11,nan,20,20,80,RightinTimeout,Right,127,41,87,7,nan,nan,0.00
11/11/2025 5:16:38,1.17.2,Bandit80,15,4.11,nan,20,20,80,RightinTimeout,Right,127,41,87,7,nan,nan,0.00
11/11/2025 5:16:39,1.17.2,Bandit80,15,4.11,nan,20,20,80,RightinTimeout,Right,127,41,87,7,nan,nan,0.00
11/11/2025 5:16:53,1.17.2,Bandit80,15,4.11,nan,20,20,80,Left,Right,128,41,87,7,nan,nan,0.44
11/11/2025 5:16:55,1.17.2,Bandit80,15,4.11,1,20,20,80,Pellet,Right,128,41,88,7,0.35,70,nan
11/11/2025 5:17:05,1.17.2,Bandit80,15,4.11,nan,20,20,80,Left,Right,129,41,88,8,nan,nan,0.34
11/11/2025 5:17:06,1.17.2,Bandit80,15,4.11,1,20,20,80,Pellet,Right,129,41,89,8,0.17,11,nan
11/11/2025 5:17:16,1.17.2,Bandit80,15,4.11,nan,20,20,80,Left,Right,130,41,89,9,nan,nan,0.34
11/11/2025 5:17:19,1.17.2,Bandit80,15,4.11,nan,20,20,80,LeftinTimeOut,Right,130,41,89,9,nan,nan,nan
11/11/2025 5:17:32,1.17.2,Bandit80,15,4.11,nan,20,20,80,Right,Right,130,42,89,9,nan,nan,0.45
11/11/2025 5:17:33,1.17.2,Bandit80,15,4.11,nan,20,20,80,RightDuringDispense,Right,130,42,89,9,nan,nan,0.04
11/11/2025 5:17:36,1.17.2,Bandit80,15,4.11,2,20,20,80,Pellet,Right,130,42,90,9,0.23,30,nan
11/11/2025 5:17:55,1.17.2,Bandit80,15,4.11,nan,20,20,80,Right,Right,130,43,90,10,nan,nan,0.37
11/11/2025 5:17:56,1.17.2,Bandit80,15,4.10,nan,20,20,80,RightDuringDispense,Right,130,43,90,10,nan,nan,0.09
11/11/2025 5:17:57,1.17.2,Bandit80,15,4.11,1,20,20,80,Pellet,Right,130,43,91,10,0.77,21,nan
11/11/2025 5:18:18,1.17.2,Bandit80,15,4.11,nan,20,20,80,Right,Right,130,44,91,11,nan,nan,0.35
11/11/2025 5:18:20,1.17.2,Bandit80,15,4.11,nan,20,20,80,RightinTimeout,Right,130,44,91,11,nan,nan,0.00
11/11/2025 5:18:23,1.17.2,Bandit80,15,4.11,nan,20,20,80,LeftinTimeOut,Right,130,44,91,11,nan,nan,nan
11/11/2025 5:24:39,1.17.2,Bandit80,15,4.11,nan,20,20,80,Left,Right,131,44,91,11,nan,nan,0.02
11/11/2025 5:27:15,1.17.2,Bandit80,15,4.11,nan,20,20,80,Left,Right,132,44,91,11,nan,nan,0.06
11/11/2025 5:35:39,1.17.2,Bandit80,15,4.11,nan,20,20,80,Right,Right,132,45,91,11,nan,nan,0.09
11/11/2025 5:35:40,1.17.2,Bandit80,15,4.11,1,20,20,80,Pellet,Right,132,45,92,11,0.53,1063,nan
11/11/2025 5:36:11,1.17.2,Bandit80,15,4.11,nan,20,20,80,Left,Right,133,45,92,12,nan,nan,0.03
11/11/2025 5:36:14,1.17.2,Bandit80,15,4.11,nan,20,20,80,LeftinTimeOut,Right,133,45,92,12,nan,nan,nan
11/11/2025 5:36:18,1.17.2,Bandit80,15,4.11,nan,20,20,80,LeftinTimeOut,Right,133,45,92,12,nan,nan,nan
11/11/2025 5:36:18,1.17.2,Bandit80,15,4.11,nan,20,20,80,LeftinTimeOut,Right,133,45,92,12,nan,nan,nan
11/11/2025 5:36:21,1.17.2,Bandit80,15,4.11,nan,20,20,80,LeftinTimeOut,Right,133,45,92,12,nan,nan,nan
11/11/2025 5:36:22,1.17.2,Bandit80,15,4.11,nan,20,20,80,LeftinTimeOut,Right,133,45,92,12,nan,nan,nan
11/11/2025 5:36:26,1.17.2,Bandit80,15,4.11,nan,20,20,80,RightinTimeout,Right,133,45,92,12,nan,nan,0.00
11/11/2025 5:36:31,1.17.2,Bandit80,15,4.11,nan,20,20,80,LeftinTimeOut,Right,133,45,92,12,nan,nan,nan
11/11/2025 5:36:35,1.17.2,Bandit80,15,4.11,nan,20,20,80,LeftinTimeOut,Right,133,45,92,12,nan,nan,nan
11/11/2025 5:36:41,1.17.2,Bandit80,15,4.11,nan,20,20,80,LeftinTimeOut,Right,133,45,92,12,nan,nan,nan
11/11/2025 5:36:44,1.17.2,Bandit80,15,4.11,nan,20,20,80,LeftinTimeOut,Right,133,45,92,12,nan,nan,nan
11/11/2025 5:36:46,1.17.2,Bandit80,15,4.11,nan,20,20,80,LeftinTimeOut,Right,133,45,92,12,nan,nan,nan
11/11/2025 6:04:17,1.17.2,Bandit80,15,4.11,nan,20,20,80,Left,Right,134,45,92,12,nan,nan,0.11
11/11/2025 6:06:16,1.17.2,Bandit80,15,4.11,nan,20,20,80,Left,Right,135,45,92,12,nan,nan,0.45
11/11/2025 6:09:41,1.17.2,Bandit80,15,4.11,nan,20,20,80,Left,Right,136,45,92,12,nan,nan,0.04
11/11/2025 6:09:42,1.17.2,Bandit80,15,4.11,nan,20,20,80,LeftinTimeOut,Right,136,45,92,12,nan,nan,nan
11/11/2025 6:09:44,1.17.2,Bandit80,15,4.11,nan,20,20,80,LeftinTimeOut,Right,136,45,92,12,nan,nan,nan
11/11/2025 6:09:46,1.17.2,Bandit80,15,4.11,nan,20,20,80,LeftinTimeOut,Right,136,45,92,12,nan,nan,nan
11/11/2025 6:09:48,1.17.2,Bandit80,15,4.11,nan,20,20,80,LeftinTimeOut,Right,136,45,92,12,nan,nan,nan
11/11/2025 6:10:54,1.17.2,Bandit80,15,4.11,nan,20,20,80,Left,Right,137,45,92,12,nan,nan,0.06
11/11/2025 6:10:56,1.17.2,Bandit80,15,4.11,nan,20,20,80,LeftinTimeOut,Right,137,45,92,12,nan,nan,nan
11/11/2025 6:10:57,1.17.2,Bandit80,15,4.11,nan,20,20,80,LeftinTimeOut,Right,137,45,92,12,nan,nan,nan
11/11/2025 6:18:07,1.17.2,Bandit80,15,4.11,nan,20,20,80,Right,Right,137,46,92,12,nan,nan,0.60
11/11/2025 6:18:11,1.17.2,Bandit80,15,4.11,nan,20,20,80,RightinTimeout,Right,137,46,92,12,nan,nan,0.00
11/11/2025 6:18:11,1.17.2,Bandit80,15,4.11,nan,20,20,80,RightinTimeout,Right,137,46,92,12,nan,nan,0.00
11/11/2025 6:18:14,1.17.2,Bandit80,15,4.10,nan,20,20,80,RightinTimeout,Right,137,46,92,12,nan,nan,0.00
11/11/2025 6:18:14,1.17.2,Bandit80,15,4.11,nan,20,20,80,RightinTimeout,Right,137,46,92,12,nan,nan,0.00
11/11/2025 6:18:15,1.17.2,Bandit80,15,4.11,nan,20,20,80,RightinTimeout,Right,137,46,92,12,nan,nan,0.00
11/11/2025 6:18:17,1.17.2,Bandit80,15,4.10,nan,20,20,80,RightinTimeout,Right,137,46,92,12,nan,nan,0.00
11/11/2025 6:18:17,1.17.2,Bandit80,15,4.10,nan,20,20,80,RightinTimeout,Right,137,46,92,12,nan,nan,0.00
11/11/2025 6:18:17,1.17.2,Bandit80,15,4.11,nan,20,20,80,RightinTimeout,Right,137,46,92,12,nan,nan,0.00
11/11/2025 6:18:17,1.17.2,Bandit80,15,4.11,nan,20,20,80,RightinTimeout,Right,137,46,92,12,nan,nan,0.00
11/11/2025 6:18:27,1.17.2,Bandit80,15,4.11,nan,20,20,80,RightinTimeout,Right,137,46,92,12,nan,nan,0.00
11/11/2025 6:18:27,1.17.2,Bandit80,15,4.11,nan,20,20,80,RightinTimeout,Right,137,46,92,12,nan,nan,0.00
11/11/2025 6:32:49,1.17.2,Bandit80,15,4.11,nan,20,20,80,Left,Right,138,46,92,12,nan,nan,0.46
11/11/2025 6:32:50,1.17.2,Bandit80,15,4.11,nan,20,20,80,LeftinTimeOut,Right,138,46,92,12,nan,nan,nan
11/11/2025 6:34:35,1.17.2,Bandit80,15,4.11,nan,20,20,80,Right,Right,138,47,92,12,nan,nan,0.31
11/11/2025 6:34:36,1.17.2,Bandit80,15,4.11,1,20,20,80,Pellet,Right,138,47,93,12,0.59,3536,nan
11/11/2025 6:34:53,1.17.2,Bandit80,15,4.11,nan,20,20,80,Left,Right,139,47,93,13,nan,nan,1.07
11/11/2025 6:34:56,1.17.2,Bandit80,15,4.11,nan,20,20,80,LeftinTimeOut,Right,139,47,93,13,nan,nan,nan
11/11/2025 6:34:56,1.17.2,Bandit80,15,4.11,nan,20,20,80,LeftinTimeOut,Right,139,47,93,13,nan,nan,nan
11/11/2025 6:40:30,1.17.2,Bandit80,15,4.11,nan,20,20,80,Right,Right,139,48,93,13,nan,nan,0.04
11/11/2025 6:40:31,1.17.2,Bandit80,15,4.11,1,20,20,80,Pellet,Right,139,48,94,13,0.59,355,nan
11/11/2025 6:41:14,1.17.2,Bandit80,15,4.11,nan,20,20,80,Left,Right,140,48,94,14,nan,nan,0.05
11/11/2025 6:41:15,1.17.2,Bandit80,15,4.11,nan,20,20,80,LeftinTimeOut,Right,140,48,94,14,nan,nan,nan
11/11/2025 6:41:18,1.17.2,Bandit80,15,4.11,nan,20,20,80,RightinTimeout,Right,140,48,94,14,nan,nan,0.00
11/11/2025 6:41:19,1.17.2,Bandit80,15,4.10,nan,20,20,80,RightinTimeout,Right,140,48,94,14,nan,nan,0.00
11/11/2025 6:42:30,1.17.2,Bandit80,15,4.11,nan,20,20,80,Left,Right,141,48,94,14,nan,nan,0.29
11/11/2025 10:10:18,1.17.2,Bandit80,15,4.09,nan,20,20,80,Left,Right,142,48,94,14,nan,nan,0.00
11/11/2025 10:10:44,1.17.2,Bandit80,15,4.10,nan,20,20,80,Left,Right,143,48,94,14,nan,nan,1.27
11/11/2025 10:10:46,1.17.2,Bandit80,15,4.09,nan,20,20,80,LeftinTimeOut,Right,143,48,94,14,nan,nan,nan
11/11/2025 10:10:47,1.17.2,Bandit80,15,4.10,nan,20,20,80,LeftinTimeOut,Right,143,48,94,14,nan,nan,nan
11/11/2025 10:13:14,1.17.2,Bandit80,15,4.09,nan,20,20,80,Left,Right,144,48,94,14,nan,nan,0.28
11/11/2025 12:37:07,1.17.2,Bandit80,15,4.09,nan,20,20,80,Left,Right,145,48,94,14,nan,nan,0.00
11/11/2025 12:37:11,1.17.2,Bandit80,15,4.09,2,20,20,80,Pellet,Right,145,48,95,14,0.89,21400,nan
11/11/2025 12:37:45,1.17.2,Bandit80,15,4.09,nan,20,20,80,Left,Right,146,48,95,15,nan,nan,0.78
11/11/2025 12:37:48,1.17.2,Bandit80,15,4.09,nan,20,20,80,LeftinTimeOut,Right,146,48,95,15,nan,nan,nan
11/11/2025 12:37:49,1.17.2,Bandit80,15,4.09,nan,20,20,80,LeftinTimeOut,Right,146,48,95,15,nan,nan,nan
11/11/2025 12:37:52,1.17.2,Bandit80,15,4.09,nan,20,20,80,LeftinTimeOut,Right,146,48,95,15,nan,nan,nan
11/11/2025 12:37:54,1.17.2,Bandit80,15,4.09,nan,20,20,80,LeftinTimeOut,Right,146,48,95,15,nan,nan,nan
11/11/2025 12:37:56,1.17.2,Bandit80,15,4.09,nan,20,20,80,LeftinTimeOut,Right,146,48,95,15,nan,nan,nan
11/11/2025 12:37:57,1.17.2,Bandit80,15,4.09,nan,20,20,80,LeftinTimeOut,Right,146,48,95,15,nan,nan,nan
11/11/2025 12:38:01,1.17.2,Bandit80,15,4.09,nan,20,20,80,LeftinTimeOut,Right,146,48,95,15,nan,nan,nan
11/11/2025 17:19:28,1.17.2,Bandit80,15,4.08,nan,20,20,80,Left,Right,147,48,95,15,nan,nan,1.14
11/11/2025 17:19:30,1.17.2,Bandit80,15,4.08,nan,20,20,80,LeftinTimeOut,Right,147,48,95,15,nan,nan,nan
11/11/2025 17:19:32,1.17.2,Bandit80,15,4.08,nan,20,20,80,LeftinTimeOut,Right,147,48,95,15,nan,nan,nan
11/11/2025 17:19:49,1.17.2,Bandit80,15,4.08,nan,20,20,80,Right,Right,147,49,95,15,nan,nan,0.06
11/11/2025 17:19:51,1.17.2,Bandit80,15,4.08,1,20,20,80,Pellet,Right,147,49,96,15,0.65,16960,nan
11/11/2025 17:20:30,1.17.2,Bandit80,15,4.08,nan,20,20,80,Right,Right,147,50,96,16,nan,nan,0.08
11/11/2025 17:20:32,1.17.2,Bandit80,15,4.07,nan,20,20,80,RightinTimeout,Right,147,50,96,16,nan,nan,0.00
11/11/2025 17:20:32,1.17.2,Bandit80,15,4.09,nan,20,20,80,RightinTimeout,Right,147,50,96,16,nan,nan,0.00
11/11/2025 17:20:33,1.17.2,Bandit80,15,4.08,nan,20,20,80,RightinTimeout,Right,147,50,96,16,nan,nan,0.00
11/11/2025 17:20:33,1.17.2,Bandit80,15,4.08,nan,20,20,80,RightinTimeout,Right,147,50,96,16,nan,nan,0.00
11/11/2025 17:20:33,1.17.2,Bandit80,15,4.08,nan,20,20,80,RightinTimeout,Right,147,50,96,16,nan,nan,0.00
11/11/2025 17:20:34,1.17.2,Bandit80,15,4.08,nan,20,20,80,RightinTimeout,Right,147,50,96,16,nan,nan,0.00
11/11/2025 17:20:34,1.17.2,Bandit80,15,4.08,nan,20,20,80,RightinTimeout,Right,147,50,96,16,nan,nan,0.00
11/11/2025 17:20:34,1.17.2,Bandit80,15,4.08,nan,20,20,80,RightinTimeout,Right,147,50,96,16,nan,nan,0.00
11/11/2025 17:20:35,1.17.2,Bandit80,15,4.08,nan,20,20,80,RightinTimeout,Right,147,50,96,16,nan,nan,0.00
11/11/2025 17:20:35,1.17.2,Bandit80,15,4.07,nan,20,20,80,RightinTimeout,Right,147,50,96,16,nan,nan,0.00
11/11/2025 17:20:35,1.17.2,Bandit80,15,4.08,nan,20,20,80,RightinTimeout,Right,147,50,96,16,nan,nan,0.00
11/11/2025 17:20:35,1.17.2,Bandit80,15,4.07,nan,20,20,80,RightinTimeout,Right,147,50,96,16,nan,nan,0.00
11/11/2025 17:20:36,1.17.2,Bandit80,15,4.08,nan,20,20,80,RightinTimeout,Right,147,50,96,16,nan,nan,0.00
11/11/2025 17:20:41,1.17.2,Bandit80,15,4.08,nan,20,20,80,RightinTimeout,Right,147,50,96,16,nan,nan,0.00
11/11/2025 17:20:43,1.17.2,Bandit80,15,4.08,nan,20,20,80,RightinTimeout,Right,147,50,96,16,nan,nan,0.00
11/11/2025 17:20:43,1.17.2,Bandit80,15,4.08,nan,20,20,80,RightinTimeout,Right,147,50,96,16,nan,nan,0.00
11/11/2025 17:20:43,1.17.2,Bandit80,15,4.08,nan,20,20,80,RightinTimeout,Right,147,50,96,16,nan,nan,0.00
11/11/2025 17:20:44,1.17.2,Bandit80,15,4.07,nan,20,20,80,RightinTimeout,Right,147,50,96,16,nan,nan,0.00
11/11/2025 17:20:44,1.17.2,Bandit80,15,4.08,nan,20,20,80,RightinTimeout,Right,147,50,96,16,nan,nan,0.00
11/11/2025 17:20:44,1.17.2,Bandit80,15,4.08,nan,20,20,80,RightinTimeout,Right,147,50,96,16,nan,nan,0.00
11/11/2025 17:20:45,1.17.2,Bandit80,15,4.08,nan,20,20,80,RightinTimeout,Right,147,50,96,16,nan,nan,0.00
11/11/2025 17:20:45,1.17.2,Bandit80,15,4.09,nan,20,20,80,RightinTimeout,Right,147,50,96,16,nan,nan,0.00
11/11/2025 17:20:45,1.17.2,Bandit80,15,4.08,nan,20,20,80,RightinTimeout,Right,147,50,96,16,nan,nan,0.00
11/11/2025 17:20:46,1.17.2,Bandit80,15,4.08,nan,20,20,80,RightinTimeout,Right,147,50,96,16,nan,nan,0.00
11/11/2025 17:20:48,1.17.2,Bandit80,15,4.08,nan,20,20,80,RightinTimeout,Right,147,50,96,16,nan,nan,0.00
11/11/2025 17:20:48,1.17.2,Bandit80,15,4.08,nan,20,20,80,RightinTimeout,Right,147,50,96,16,nan,nan,0.00
11/11/2025 17:20:48,1.17.2,Bandit80,15,4.08,nan,20,20,80,RightinTimeout,Right,147,50,96,16,nan,nan,0.00
11/11/2025 17:20:49,1.17.2,Bandit80,15,4.08,nan,20,20,80,RightinTimeout,Right,147,50,96,16,nan,nan,0.00
11/11/2025 17:20:49,1.17.2,Bandit80,15,4.08,nan,20,20,80,RightinTimeout,Right,147,50,96,16,nan,nan,0.00
11/11/2025 17:20:49,1.17.2,Bandit80,15,4.08,nan,20,20,80,RightinTimeout,Right,147,50,96,16,nan,nan,0.00
11/11/2025 17:20:50,1.17.2,Bandit80,15,4.08,nan,20,20,80,RightinTimeout,Right,147,50,96,16,nan,nan,0.00
11/11/2025 17:20:50,1.17.2,Bandit80,15,4.08,nan,20,20,80,RightinTimeout,Right,147,50,96,16,nan,nan,0.00
11/11/2025 17:20:50,1.17.2,Bandit80,15,4.08,nan,20,20,80,RightinTimeout,Right,147,50,96,16,nan,nan,0.00
11/11/2025 17:20:51,1.17.2,Bandit80,15,4.08,nan,20,20,80,RightinTimeout,Right,147,50,96,16,nan,nan,0.00
11/11/2025 17:20:51,1.17.2,Bandit80,15,4.08,nan,20,20,80,RightinTimeout,Right,147,50,96,16,nan,nan,0.00
11/11/2025 17:20:51,1.17.2,Bandit80,15,4.08,nan,20,20,80,RightinTimeout,Right,147,50,96,16,nan,nan,0.00
11/11/2025 17:20:51,1.17.2,Bandit80,15,4.08,nan,20,20,80,RightinTimeout,Right,147,50,96,16,nan,nan,0.00
11/11/2025 17:20:52,1.17.2,Bandit80,15,4.08,nan,20,20,80,RightinTimeout,Right,147,50,96,16,nan,nan,0.00
11/11/2025 17:20:52,1.17.2,Bandit80,15,4.08,nan,20,20,80,RightinTimeout,Right,147,50,96,16,nan,nan,0.00
11/11/2025 17:20:52,1.17.2,Bandit80,15,4.08,nan,20,20,80,RightinTimeout,Right,147,50,96,16,nan,nan,0.00
11/11/2025 17:20:53,1.17.2,Bandit80,15,4.09,nan,20,20,80,RightinTimeout,Right,147,50,96,16,nan,nan,0.00
11/11/2025 17:20:53,1.17.2,Bandit80,15,4.08,nan,20,20,80,RightinTimeout,Right,147,50,96,16,nan,nan,0.00
11/11/2025 17:20:53,1.17.2,Bandit80,15,4.08,nan,20,20,80,RightinTimeout,Right,147,50,96,16,nan,nan,0.00
11/11/2025 17:20:54,1.17.2,Bandit80,15,4.08,nan,20,20,80,RightinTimeout,Right,147,50,96,16,nan,nan,0.00
11/11/2025 17:20:54,1.17.2,Bandit80,15,4.08,nan,20,20,80,RightinTimeout,Right,147,50,96,16,nan,nan,0.00
11/11/2025 17:20:54,1.17.2,Bandit80,15,4.08,nan,20,20,80,RightinTimeout,Right,147,50,96,16,nan,nan,0.00
11/11/2025 17:20:55,1.17.2,Bandit80,15,4.08,nan,20,20,80,RightinTimeout,Right,147,50,96,16,nan,nan,0.00
11/11/2025 17:20:55,1.17.2,Bandit80,15,4.08,nan,20,20,80,RightinTimeout,Right,147,50,96,16,nan,nan,0.00
11/11/2025 17:20:57,1.17.2,Bandit80,15,4.08,nan,20,20,80,RightinTimeout,Right,147,50,96,16,nan,nan,0.00
11/11/2025 17:20:58,1.17.2,Bandit80,15,4.07,nan,20,20,80,RightinTimeout,Right,147,50,96,16,nan,nan,0.00
11/11/2025 17:21:02,1.17.2,Bandit80,15,4.07,nan,20,20,80,RightinTimeout,Right,147,50,96,16,nan,nan,0.00
11/11/2025 17:21:02,1.17.2,Bandit80,15,4.07,nan,20,20,80,RightinTimeout,Right,147,50,96,16,nan,nan,0.00
11/11/2025 17:21:04,1.17.2,Bandit80,15,4.08,nan,20,20,80,RightinTimeout,Right,147,50,96,16,nan,nan,0.00
11/11/2025 17:21:05,1.17.2,Bandit80,15,4.08,nan,20,20,80,RightinTimeout,Right,147,50,96,16,nan,nan,0.00
11/11/2025 17:21:08,1.17.2,Bandit80,15,4.08,nan,20,20,80,RightinTimeout,Right,147,50,96,16,nan,nan,0.00
11/11/2025 17:21:08,1.17.2,Bandit80,15,4.08,nan,20,20,80,RightinTimeout,Right,147,50,96,16,nan,nan,0.00
11/11/2025 17:21:10,1.17.2,Bandit80,15,4.08,nan,20,20,80,RightinTimeout,Right,147,50,96,16,nan,nan,0.00
11/11/2025 17:21:11,1.17.2,Bandit80,15,4.08,nan,20,20,80,RightinTimeout,Right,147,50,96,16,nan,nan,0.00
11/11/2025 17:21:11,1.17.2,Bandit80,15,4.08,nan,20,20,80,RightinTimeout,Right,147,50,96,16,nan,nan,0.00
11/11/2025 17:21:11,1.17.2,Bandit80,15,4.08,nan,20,20,80,RightinTimeout,Right,147,50,96,16,nan,nan,0.00
11/11/2025 17:21:12,1.17.2,Bandit80,15,4.09,nan,20,20,80,RightinTimeout,Right,147,50,96,16,nan,nan,0.00
11/11/2025 17:21:16,1.17.2,Bandit80,15,4.08,nan,20,20,80,LeftinTimeOut,Right,147,50,96,16,nan,nan,nan
11/11/2025 17:21:20,1.17.2,Bandit80,15,4.08,nan,20,20,80,RightinTimeout,Right,147,50,96,16,nan,nan,0.00
11/11/2025 17:21:20,1.17.2,Bandit80,15,4.08,nan,20,20,80,RightinTimeout,Right,147,50,96,16,nan,nan,0.00
11/11/2025 17:21:20,1.17.2,Bandit80,15,4.08,nan,20,20,80,RightinTimeout,Right,147,50,96,16,nan,nan,0.00
11/11/2025 17:21:20,1.17.2,Bandit80,15,4.08,nan,20,20,80,RightinTimeout,Right,147,50,96,16,nan,nan,0.00
11/11/2025 17:21:21,1.17.2,Bandit80,15,4.08,nan,20,20,80,RightinTimeout,Right,147,50,96,16,nan,nan,0.00
11/11/2025 17:21:24,1.17.2,Bandit80,15,4.09,nan,20,20,80,RightinTimeout,Right,147,50,96,16,nan,nan,0.00
11/11/2025 17:21:24,1.17.2,Bandit80,15,4.07,nan,20,20,80,RightinTimeout,Right,147,50,96,16,nan,nan,0.00
11/11/2025 17:21:25,1.17.2,Bandit80,15,4.09,nan,20,20,80,RightinTimeout,Right,147,50,96,16,nan,nan,0.00
11/11/2025 17:21:25,1.17.2,Bandit80,15,4.08,nan,20,20,80,RightinTimeout,Right,147,50,96,16,nan,nan,0.00
11/11/2025 17:21:27,1.17.2,Bandit80,15,4.08,nan,20,20,80,RightinTimeout,Right,147,50,96,16,nan,nan,0.00
11/11/2025 17:21:27,1.17.2,Bandit80,15,4.08,nan,20,20,80,RightinTimeout,Right,147,50,96,16,nan,nan,0.00
11/11/2025 17:21:28,1.17.2,Bandit80,15,4.08,nan,20,20,80,RightinTimeout,Right,147,50,96,16,nan,nan,0.00
11/11/2025 17:21:31,1.17.2,Bandit80,15,4.09,nan,20,20,80,LeftinTimeOut,Right,147,50,96,16,nan,nan,nan
11/11/2025 17:22:05,1.17.2,Bandit80,15,4.08,nan,20,20,80,Left,Right,148,50,96,16,nan,nan,0.92
11/11/2025 17:22:07,1.17.2,Bandit80,15,4.08,nan,20,20,80,LeftinTimeOut,Right,148,50,96,16,nan,nan,nan
11/11/2025 17:22:11,1.17.2,Bandit80,15,4.08,nan,20,20,80,RightinTimeout,Right,148,50,96,16,nan,nan,0.00
11/11/2025 18:14:22,1.17.2,Bandit80,15,4.07,nan,20,20,80,Left,Right,149,50,96,16,nan,nan,0.44
11/11/2025 18:14:23,1.17.2,Bandit80,15,4.08,1,20,20,80,Pellet,Right,149,50,97,16,0.41,3272,nan
11/11/2025 18:14:42,1.17.2,Bandit80,15,4.08,nan,20,20,80,Left,Right,150,50,97,17,nan,nan,0.11
11/11/2025 18:14:54,1.17.2,Bandit80,15,4.07,nan,20,20,80,Right,Right,150,51,97,17,nan,nan,0.46
11/11/2025 18:14:56,1.17.2,Bandit80,15,4.08,1,20,20,80,Pellet,Right,150,51,98,17,1.61,33,nan
11/11/2025 18:15:37,1.17.2,Bandit80,15,4.07,nan,20,20,80,Left,Right,151,51,98,18,nan,nan,0.09
11/11/2025 18:15:46,1.17.2,Bandit80,15,4.07,nan,20,20,80,RightinTimeout,Right,151,51,98,18,nan,nan,0.00
11/11/2025 18:15:49,1.17.2,Bandit80,15,4.07,nan,20,20,80,RightinTimeout,Right,151,51,98,18,nan,nan,0.00
11/11/2025 18:15:53,1.17.2,Bandit80,15,4.08,nan,20,20,80,RightinTimeout,Right,151,51,98,18,nan,nan,0.00
11/11/2025 18:15:55,1.17.2,Bandit80,15,4.07,nan,20,20,80,LeftinTimeOut,Right,151,51,98,18,nan,nan,nan
11/11/2025 18:41:21,1.17.2,Bandit80,15,4.08,nan,20,20,80,Left,Right,152,51,98,18,nan,nan,0.03
11/11/2025 18:41:24,1.17.2,Bandit80,15,4.08,nan,20,20,80,LeftinTimeOut,Right,152,51,98,18,nan,nan,nan
11/11/2025 18:41:27,1.17.2,Bandit80,15,4.08,nan,20,20,80,RightinTimeout,Right,152,51,98,18,nan,nan,0.00
11/11/2025 18:41:28,1.17.2,Bandit80,15,4.08,nan,20,20,80,RightinTimeout,Right,152,51,98,18,nan,nan,0.00
11/11/2025 18:41:28,1.17.2,Bandit80,15,4.07,nan,20,20,80,RightinTimeout,Right,152,51,98,18,nan,nan,0.00
11/11/2025 18:41:28,1.17.2,Bandit80,15,4.08,nan,20,20,80,RightinTimeout,Right,152,51,98,18,nan,nan,0.00
11/11/2025 18:41:29,1.17.2,Bandit80,15,4.08,nan,20,20,80,RightinTimeout,Right,152,51,98,18,nan,nan,0.00
11/11/2025 18:41:35,1.17.2,Bandit80,15,4.08,nan,20,20,80,RightinTimeout,Right,152,51,98,18,nan,nan,0.00
11/11/2025 18:41:36,1.17.2,Bandit80,15,4.08,nan,20,20,80,RightinTimeout,Right,152,51,98,18,nan,nan,0.00
11/11/2025 18:41:37,1.17.2,Bandit80,15,4.08,nan,20,20,80,RightinTimeout,Right,152,51,98,18,nan,nan,0.00
11/11/2025 18:41:37,1.17.2,Bandit80,15,4.08,nan,20,20,80,RightinTimeout,Right,152,51,98,18,nan,nan,0.00
11/11/2025 18:41:37,1.17.2,Bandit80,15,4.07,nan,20,20,80,RightinTimeout,Right,152,51,98,18,nan,nan,0.00
11/11/2025 18:41:40,1.17.2,Bandit80,15,4.08,nan,20,20,80,RightinTimeout,Right,152,51,98,18,nan,nan,0.00
11/11/2025 18:41:41,1.17.2,Bandit80,15,4.08,nan,20,20,80,RightinTimeout,Right,152,51,98,18,nan,nan,0.00
11/11/2025 18:41:41,1.17.2,Bandit80,15,4.07,nan,20,20,80,RightinTimeout,Right,152,51,98,18,nan,nan,0.00
11/11/2025 18:41:41,1.17.2,Bandit80,15,4.07,nan,20,20,80,RightinTimeout,Right,152,51,98,18,nan,nan,0.00
11/11/2025 18:41:42,1.17.2,Bandit80,15,4.08,nan,20,20,80,RightinTimeout,Right,152,51,98,18,nan,nan,0.00
11/11/2025 18:41:42,1.17.2,Bandit80,15,4.07,nan,20,20,80,RightinTimeout,Right,152,51,98,18,nan,nan,0.00
11/11/2025 18:41:42,1.17.2,Bandit80,15,4.07,nan,20,20,80,RightinTimeout,Right,152,51,98,18,nan,nan,0.00
11/11/2025 18:41:43,1.17.2,Bandit80,15,4.08,nan,20,20,80,RightinTimeout,Right,152,51,98,18,nan,nan,0.00
11/11/2025 18:41:43,1.17.2,Bandit80,15,4.07,nan,20,20,80,RightinTimeout,Right,152,51,98,18,nan,nan,0.00
11/11/2025 18:41:43,1.17.2,Bandit80,15,4.08,nan,20,20,80,RightinTimeout,Right,152,51,98,18,nan,nan,0.00
11/11/2025 18:41:47,1.17.2,Bandit80,15,4.08,nan,20,20,80,RightinTimeout,Right,152,51,98,18,nan,nan,0.00
11/11/2025 18:42:59,1.17.2,Bandit80,15,4.07,nan,20,20,80,Left,Right,153,51,98,18,nan,nan,0.41
11/11/2025 18:43:01,1.17.2,Bandit80,15,4.07,nan,20,20,80,LeftinTimeOut,Right,153,51,98,18,nan,nan,nan
11/11/2025 18:43:02,1.17.2,Bandit80,15,4.07,nan,20,20,80,LeftinTimeOut,Right,153,51,98,18,nan,nan,nan
11/11/2025 18:44:34,1.17.2,Bandit80,15,4.07,nan,20,20,80,Left,Right,154,51,98,18,nan,nan,0.53
11/11/2025 18:44:55,1.17.2,Bandit80,15,4.08,nan,20,20,80,Left,Right,155,51,98,18,nan,nan,0.05
11/11/2025 18:44:56,1.17.2,Bandit80,15,4.07,nan,20,20,80,LeftinTimeOut,Right,155,51,98,18,nan,nan,nan
11/11/2025 18:44:59,1.17.2,Bandit80,15,4.07,nan,20,20,80,LeftinTimeOut,Right,155,51,98,18,nan,nan,nan
11/11/2025 18:45:00,1.17.2,Bandit80,15,4.07,nan,20,20,80,LeftinTimeOut,Right,155,51,98,18,nan,nan,nan
11/11/2025 18:45:11,1.17.2,Bandit80,15,4.07,nan,20,20,80,Right,Right,155,52,98,18,nan,nan,0.09
11/11/2025 18:45:12,1.17.2,Bandit80,15,4.07,1,20,20,80,Pellet,Right,155,52,99,18,0.65,1816,nan
11/11/2025 18:45:28,1.17.2,Bandit80,15,4.08,nan,20,20,80,Right,Right,155,53,99,19,nan,nan,0.41
11/11/2025 18:45:29,1.17.2,Bandit80,15,4.08,1,20,20,80,Pellet,Right,155,53,100,19,0.35,17,nan
11/11/2025 18:45:41,1.17.2,Bandit80,15,4.07,nan,20,80,20,Right,Left,155,54,100,0,nan,nan,0.85
11/11/2025 18:45:48,1.17.2,Bandit80,15,4.08,nan,20,80,20,RightinTimeout,Left,155,54,100,0,nan,nan,0.00
11/11/2025 18:45:49,1.17.2,Bandit80,15,4.08,nan,20,80,20,RightinTimeout,Left,155,54,100,0,nan,nan,0.00
11/11/2025 18:45:49,1.17.2,Bandit80,15,4.07,nan,20,80,20,RightinTimeout,Left,155,54,100,0,nan,nan,0.00
11/11/2025 18:45:50,1.17.2,Bandit80,15,4.07,nan,20,80,20,RightinTimeout,Left,155,54,100,0,nan,nan,0.00
11/11/2025 18:45:50,1.17.2,Bandit80,15,4.08,nan,20,80,20,RightinTimeout,Left,155,54,100,0,nan,nan,0.00
11/11/2025 18:45:50,1.17.2,Bandit80,15,4.07,nan,20,80,20,RightinTimeout,Left,155,54,100,0,nan,nan,0.00
11/11/2025 18:45:51,1.17.2,Bandit80,15,4.08,nan,20,80,20,RightinTimeout,Left,155,54,100,0,nan,nan,0.00
11/11/2025 18:45:51,1.17.2,Bandit80,15,4.08,nan,20,80,20,RightinTimeout,Left,155,54,100,0,nan,nan,0.00
11/11/2025 18:46:01,1.17.2,Bandit80,15,4.08,nan,20,80,20,RightinTimeout,Left,155,54,100,0,nan,nan,0.00
11/11/2025 18:47:06,1.17.2,Bandit80,15,4.07,nan,20,80,20,Right,Left,155,55,100,0,nan,nan,0.10
11/11/2025 18:47:13,1.17.2,Bandit80,15,4.08,nan,20,80,20,RightinTimeout,Left,155,55,100,0,nan,nan,0.00
11/11/2025 18:47:13,1.17.2,Bandit80,15,4.08,nan,20,80,20,RightinTimeout,Left,155,55,100,0,nan,nan,0.00
11/11/2025 18:47:15,1.17.2,Bandit80,15,4.08,nan,20,80,20,RightinTimeout,Left,155,55,100,0,nan,nan,0.00
11/11/2025 18:47:15,1.17.2,Bandit80,15,4.07,nan,20,80,20,RightinTimeout,Left,155,55,100,0,nan,nan,0.00
11/11/2025 18:48:00,1.17.2,Bandit80,15,4.08,nan,20,80,20,Left,Left,156,55,100,0,nan,nan,0.13
11/11/2025 18:48:01,1.17.2,Bandit80,15,4.07,1,20,80,20,Pellet,Left,156,55,101,0,0.35,152,nan
11/11/2025 18:48:18,1.17.2,Bandit80,15,4.08,nan,20,80,20,Left,Left,157,55,101,1,nan,nan,0.08
11/11/2025 18:48:19,1.17.2,Bandit80,15,4.07,1,20,80,20,Pellet,Left,157,55,102,1,0.23,18,nan
11/11/2025 18:48:37,1.17.2,Bandit80,15,4.08,nan,20,80,20,Left,Left,158,55,102,2,nan,nan,0.07
11/11/2025 18:48:37,1.17.2,Bandit80,15,4.08,nan,20,80,20,LeftDuringDispense,Left,158,55,102,2,nan,nan,0.04
11/11/2025 18:48:40,1.17.2,Bandit80,15,4.07,2,20,80,20,Pellet,Left,158,55,103,2,0.23,21,nan
11/11/2025 18:48:55,1.17.2,Bandit80,15,4.08,nan,20,80,20,Left,Left,159,55,103,3,nan,nan,0.57
11/11/2025 18:48:59,1.17.2,Bandit80,15,4.07,nan,20,80,20,LeftinTimeOut,Left,159,55,103,3,nan,nan,nan
11/11/2025 18:49:06,1.17.2,Bandit80,15,4.08,nan,20,80,20,LeftinTimeOut,Left,159,55,103,3,nan,nan,nan
11/11/2025 18:51:23,1.17.2,Bandit80,15,4.08,nan,20,80,20,Left,Left,160,55,103,3,nan,nan,0.00
11/11/2025 18:51:26,1.17.2,Bandit80,15,4.08,nan,20,80,20,RightinTimeout,Left,160,55,103,3,nan,nan,0.00
11/11/2025 18:51:26,1.17.2,Bandit80,15,4.07,nan,20,80,20,RightinTimeout,Left,160,55,103,3,nan,nan,0.00
11/11/2025 18:51:27,1.17.2,Bandit80,15,4.08,nan,20,80,20,RightinTimeout,Left,160,55,103,3,nan,nan,0.00
11/11/2025 18:51:27,1.17.2,Bandit80,15,4.07,nan,20,80,20,RightinTimeout,Left,160,55,103,3,nan,nan,0.00
11/11/2025 18:51:28,1.17.2,Bandit80,15,4.08,nan,20,80,20,RightinTimeout,Left,160,55,103,3,nan,nan,0.00
11/11/2025 18:51:28,1.17.2,Bandit80,15,4.08,nan,20,80,20,RightinTimeout,Left,160,55,103,3,nan,nan,0.00
11/11/2025 18:51:28,1.17.2,Bandit80,15,4.08,nan,20,80,20,RightinTimeout,Left,160,55,103,3,nan,nan,0.00
11/11/2025 18:51:28,1.17.2,Bandit80,15,4.07,nan,20,80,20,RightinTimeout,Left,160,55,103,3,nan,nan,0.00
11/11/2025 18:51:29,1.17.2,Bandit80,15,4.07,nan,20,80,20,RightinTimeout,Left,160,55,103,3,nan,nan,0.00
11/11/2025 18:52:43,1.17.2,Bandit80,15,4.07,nan,20,80,20,Right,Left,160,56,103,3,nan,nan,0.48
11/11/2025 18:56:56,1.17.2,Bandit80,15,4.07,nan,20,80,20,Left,Left,161,56,103,3,nan,nan,0.67
11/11/2025 18:56:57,1.17.2,Bandit80,15,4.07,1,20,80,20,Pellet,Left,161,56,104,3,0.41,497,nan
11/11/2025 18:57:16,1.17.2,Bandit80,15,4.07,nan,20,80,20,Left,Left,162,56,104,4,nan,nan,0.09
11/11/2025 18:57:17,1.17.2,Bandit80,15,4.08,1,20,80,20,Pellet,Left,162,56,105,4,0.29,20,nan
11/11/2025 18:57:28,1.17.2,Bandit80,15,4.08,nan,20,80,20,Left,Left,163,56,105,5,nan,nan,1.83
11/11/2025 18:57:33,1.17.2,Bandit80,15,4.08,nan,20,80,20,LeftinTimeOut,Left,163,56,105,5,nan,nan,nan
11/11/2025 18:57:36,1.17.2,Bandit80,15,4.08,nan,20,80,20,LeftinTimeOut,Left,163,56,105,5,nan,nan,nan
11/11/2025 18:58:10,1.17.2,Bandit80,15,4.07,nan,20,80,20,Left,Left,164,56,105,5,nan,nan,1.07
11/11/2025 18:58:12,1.17.2,Bandit80,15,4.07,nan,20,80,20,LeftinTimeOut,Left,164,56,105,5,nan,nan,nan
11/11/2025 18:58:25,1.17.2,Bandit80,15,4.08,nan,20,80,20,Left,Left,165,56,105,5,nan,nan,0.15
11/11/2025 18:58:26,1.17.2,Bandit80,15,4.08,1,20,80,20,Pellet,Left,165,56,106,5,0.53,69,nan
11/11/2025 18:58:51,1.17.2,Bandit80,15,4.08,nan,20,80,20,Right,Left,165,57,106,6,nan,nan,0.34
11/11/2025 19:01:58,1.17.2,Bandit80,15,4.07,nan,20,80,20,Right,Left,165,58,106,6,nan,nan,0.59
11/11/2025 19:02:00,1.17.2,Bandit80,15,4.08,1,20,80,20,Pellet,Left,165,58,107,6,0.65,213,nan
11/11/2025 19:02:13,1.17.2,Bandit80,15,4.08,nan,20,80,20,Right,Left,165,59,107,7,nan,nan,0.19
11/11/2025 19:02:16,1.17.2,Bandit80,15,4.07,nan,20,80,20,RightinTimeout,Left,165,59,107,7,nan,nan,0.00
11/11/2025 19:02:17,1.17.2,Bandit80,15,4.08,nan,20,80,20,RightinTimeout,Left,165,59,107,7,nan,nan,0.00
11/11/2025 19:03:46,1.17.2,Bandit80,15,4.07,nan,20,80,20,Left,Left,166,59,107,7,nan,nan,0.04
11/11/2025 19:03:47,1.17.2,Bandit80,15,4.07,nan,20,80,20,LeftinTimeOut,Left,166,59,107,7,nan,nan,nan
11/11/2025 19:03:48,1.17.2,Bandit80,15,4.07,nan,20,80,20,LeftinTimeOut,Left,166,59,107,7,nan,nan,nan
11/11/2025 19:04:12,1.17.2,Bandit80,15,4.07,nan,20,80,20,Left,Left,167,59,107,7,nan,nan,0.40
11/11/2025 19:05:06,1.17.2,Bandit80,15,4.07,nan,20,80,20,Left,Left,168,59,107,7,nan,nan,0.07
11/11/2025 19:05:07,1.17.2,Bandit80,15,4.07,1,20,80,20,Pellet,Left,168,59,108,7,0.47,188,nan
11/11/2025 19:05:22,1.17.2,Bandit80,15,4.07,nan,20,80,20,Left,Left,169,59,108,8,nan,nan,0.06
11/11/2025 19:05:23,1.17.2,Bandit80,15,4.07,1,20,80,20,Pellet,Left,169,59,109,8,0.41,16,nan
11/11/2025 19:05:41,1.17.2,Bandit80,15,4.08,nan,20,80,20,Left,Left,170,59,109,9,nan,nan,1.04
11/11/2025 19:05:44,1.17.2,Bandit80,15,4.07,nan,20,80,20,LeftinTimeOut,Left,170,59,109,9,nan,nan,nan
11/11/2025 19:05:53,1.17.2,Bandit80,15,4.07,nan,20,80,20,RightinTimeout,Left,170,59,109,9,nan,nan,0.00
11/11/2025 19:05:56,1.17.2,Bandit80,15,4.07,nan,20,80,20,LeftinTimeOut,Left,170,59,109,9,nan,nan,nan
11/11/2025 19:05:58,1.17.2,Bandit80,15,4.07,nan,20,80,20,LeftinTimeOut,Left,170,59,109,9,nan,nan,nan
11/11/2025 19:06:00,1.17.2,Bandit80,15,4.07,nan,20,80,20,LeftinTimeOut,Left,170,59,109,9,nan,nan,nan
11/11/2025 19:06:02,1.17.2,Bandit80,15,4.07,nan,20,80,20,RightinTimeout,Left,170,59,109,9,nan,nan,0.00
11/11/2025 19:06:03,1.17.2,Bandit80,15,4.07,nan,20,80,20,RightinTimeout,Left,170,59,109,9,nan,nan,0.00
11/11/2025 19:06:03,1.17.2,Bandit80,15,4.08,nan,20,80,20,RightinTimeout,Left,170,59,109,9,nan,nan,0.00
11/11/2025 19:06:04,1.17.2,Bandit80,15,4.08,nan,20,80,20,RightinTimeout,Left,170,59,109,9,nan,nan,0.00
11/11/2025 19:06:04,1.17.2,Bandit80,15,4.08,nan,20,80,20,RightinTimeout,Left,170,59,109,9,nan,nan,0.00
11/11/2025 19:15:15,1.17.2,Bandit80,15,4.08,nan,20,80,20,Left,Left,171,59,109,9,nan,nan,0.07
11/11/2025 19:15:16,1.17.2,Bandit80,15,4.07,2,20,80,20,Pellet,Left,171,59,110,9,0.06,593,nan
11/11/2025 19:23:34,1.17.2,Bandit80,15,4.07,nan,20,80,20,Left,Left,172,59,110,10,nan,nan,0.13
11/11/2025 19:23:35,1.17.2,Bandit80,15,4.07,1,20,80,20,Pellet,Left,172,59,111,10,0.83,499,nan
11/11/2025 19:24:07,1.17.2,Bandit80,15,4.07,nan,20,80,20,Left,Left,173,59,111,11,nan,nan,0.14
11/11/2025 19:24:08,1.17.2,Bandit80,15,4.07,1,20,80,20,Pellet,Left,173,59,112,11,0.59,33,nan
11/11/2025 19:24:27,1.17.2,Bandit80,15,4.07,nan,20,80,20,Left,Left,174,59,112,12,nan,nan,0.03
11/11/2025 19:24:28,1.17.2,Bandit80,15,4.07,1,20,80,20,Pellet,Left,174,59,113,12,0.06,20,nan
11/11/2025 19:24:45,1.17.2,Bandit80,15,4.07,nan,20,80,20,Left,Left,175,59,113,13,nan,nan,0.11
11/11/2025 19:24:46,1.17.2,Bandit80,15,4.07,1,20,80,20,Pellet,Left,175,59,114,13,0.29,18,nan
11/11/2025 19:25:20,1.17.2,Bandit80,15,4.07,nan,20,80,20,Left,Left,176,59,114,14,nan,nan,0.13
11/11/2025 19:25:21,1.17.2,Bandit80,15,4.07,1,20,80,20,Pellet,Left,176,59,115,14,0.35,35,nan
11/11/2025 19:25:51,1.17.2,Bandit80,15,4.07,nan,20,80,20,Left,Left,177,59,115,15,nan,nan,0.07
11/11/2025 19:25:53,1.17.2,Bandit80,15,4.08,1,20,80,20,Pellet,Left,177,59,116,15,1.25,32,nan
11/11/2025 19:26:18,1.17.2,Bandit80,15,4.07,nan,20,80,20,Left,Left,178,59,116,16,nan,nan,0.03
11/11/2025 19:26:19,1.17.2,Bandit80,15,4.08,1,20,80,20,Pellet,Left,178,59,117,16,0.29,26,nan
11/11/2025 19:26:43,1.17.2,Bandit80,15,4.07,nan,20,80,20,Left,Left,179,59,117,17,nan,nan,0.43
11/11/2025 19:26:44,1.17.2,Bandit80,15,4.07,2,20,80,20,Pellet,Left,179,59,118,17,0.17,25,nan
11/11/2025 19:27:05,1.17.2,Bandit80,15,4.07,nan,20,80,20,Left,Left,180,59,118,18,nan,nan,0.21
11/11/2025 19:27:06,1.17.2,Bandit80,15,4.07,2,20,80,20,Pellet,Left,180,59,119,18,0.06,22,nan
11/11/2025 19:27:20,1.17.2,Bandit80,15,4.07,nan,20,80,20,Right,Left,180,60,119,19,nan,nan,0.11
11/11/2025 19:27:24,1.17.2,Bandit80,15,4.07,nan,20,80,20,LeftinTimeOut,Left,180,60,119,19,nan,nan,nan
11/11/2025 19:27:26,1.17.2,Bandit80,15,4.07,nan,20,80,20,LeftinTimeOut,Left,180,60,119,19,nan,nan,nan
11/11/2025 19:27:29,1.17.2,Bandit80,15,4.07,nan,20,80,20,LeftinTimeOut,Left,180,60,119,19,nan,nan,nan
11/11/2025 19:43:16,1.17.2,Bandit80,15,4.07,nan,20,80,20,Left,Left,181,60,119,19,nan,nan,0.48
11/11/2025 19:43:17,1.17.2,Bandit80,15,4.07,1,20,80,20,Pellet,Left,181,60,120,19,0.47,971,nan
11/11/2025 19:43:38,1.17.2,Bandit80,15,4.07,nan,20,20,80,Left,Right,182,60,120,0,nan,nan,0.10
11/11/2025 19:43:39,1.17.2,Bandit80,15,4.07,nan,20,20,80,LeftinTimeOut,Right,182,60,120,0,nan,nan,nan
11/11/2025 19:43:42,1.17.2,Bandit80,15,4.07,nan,20,20,80,LeftinTimeOut,Right,182,60,120,0,nan,nan,nan
11/11/2025 19:43:46,1.17.2,Bandit80,15,4.07,nan,20,20,80,LeftinTimeOut,Right,182,60,120,0,nan,nan,nan
11/11/2025 19:43:48,1.17.2,Bandit80,15,4.08,nan,20,20,80,LeftinTimeOut,Right,182,60,120,0,nan,nan,nan
11/11/2025 19:44:08,1.17.2,Bandit80,15,4.07,nan,20,20,80,Right,Right,182,61,120,0,nan,nan,0.12
11/11/2025 19:44:08,1.17.2,Bandit80,15,4.08,nan,20,20,80,RightDuringDispense,Right,182,61,120,0,nan,nan,0.10
11/11/2025 19:44:12,1.17.2,Bandit80,15,4.07,2,20,20,80,Pellet,Right,182,61,121,0,1.25,55,nan
11/11/2025 19:44:24,1.17.2,Bandit80,15,4.07,nan,20,20,80,Left,Right,183,61,121,1,nan,nan,0.19
11/11/2025 19:49:36,1.17.2,Bandit80,15,4.07,nan,20,20,80,Left,Right,184,61,121,1,nan,nan,0.25
11/11/2025 19:49:57,1.17.2,Bandit80,15,4.07,nan,20,20,80,Left,Right,185,61,121,1,nan,nan,0.26
11/11/2025 19:49:58,1.17.2,Bandit80,15,4.07,1,20,20,80,Pellet,Right,185,61,122,1,0.47,346,nan
11/11/2025 19:50:13,1.17.2,Bandit80,15,4.07,nan,20,20,80,Left,Right,186,61,122,2,nan,nan,0.06
11/11/2025 19:50:28,1.17.2,Bandit80,15,4.07,nan,20,20,80,Right,Right,186,62,122,2,nan,nan,0.12
11/11/2025 19:50:29,1.17.2,Bandit80,15,4.07,1,20,20,80,Pellet,Right,186,62,123,2,0.29,31,nan
11/11/2025 19:50:42,1.17.2,Bandit80,15,4.07,nan,20,20,80,Right,Right,186,63,123,3,nan,nan,0.12
11/11/2025 19:59:36,1.17.2,Bandit80,15,4.07,nan,20,20,80,Left,Right,187,63,123,3,nan,nan,0.47
11/11/2025 20:07:23,1.17.2,Bandit80,15,4.07,nan,20,20,80,Left,Right,188,63,123,3,nan,nan,0.08
11/11/2025 20:07:26,1.17.2,Bandit80,15,4.07,nan,20,20,80,LeftinTimeOut,Right,188,63,123,3,nan,nan,nan
11/11/2025 20:08:03,1.17.2,Bandit80,15,4.07,nan,20,20,80,Right,Right,188,64,123,3,nan,nan,0.07
11/11/2025 20:08:05,1.17.2,Bandit80,15,4.07,1,20,20,80,Pellet,Right,188,64,124,3,0.95,1056,nan
11/11/2025 20:08:42,1.17.2,Bandit80,15,4.07,nan,20,20,80,Left,Right,189,64,124,4,nan,nan,0.07
11/11/2025 20:10:41,1.17.2,Bandit80,15,4.07,nan,20,20,80,Left,Right,190,64,124,4,nan,nan,0.47
11/11/2025 20:10:41,1.17.2,Bandit80,15,4.07,nan,20,20,80,LeftinTimeOut,Right,190,64,124,4,nan,nan,nan
11/11/2025 20:10:43,1.17.2,Bandit80,15,4.07,nan,20,20,80,LeftinTimeOut,Right,190,64,124,4,nan,nan,nan
11/11/2025 20:11:21,1.17.2,Bandit80,15,4.07,nan,20,20,80,Left,Right,191,64,124,4,nan,nan,0.18
11/11/2025 20:11:22,1.17.2,Bandit80,15,4.08,1,20,20,80,Pellet,Right,191,64,125,4,0.59,197,nan
11/11/2025 20:11:44,1.17.2,Bandit80,15,4.07,nan,20,20,80,Right,Right,191,65,125,5,nan,nan,0.84
11/11/2025 20:12:25,1.17.2,Bandit80,15,4.07,nan,20,20,80,Left,Right,192,65,125,5,nan,nan,0.13
11/11/2025 20:12:26,1.17.2,Bandit80,15,4.07,1,20,20,80,Pellet,Right,192,65,126,5,0.53,64,nan
11/11/2025 20:12:36,1.17.2,Bandit80,15,4.07,nan,20,20,80,Left,Right,193,65,126,6,nan,nan,0.30
11/11/2025 20:12:38,1.17.2,Bandit80,15,4.08,nan,20,20,80,LeftinTimeOut,Right,193,65,126,6,nan,nan,nan
11/11/2025 20:12:40,1.17.2,Bandit80,15,4.07,nan,20,20,80,LeftinTimeOut,Right,193,65,126,6,nan,nan,nan
11/11/2025 20:12:48,1.17.2,Bandit80,15,4.07,nan,20,20,80,LeftinTimeOut,Right,193,65,126,6,nan,nan,nan
11/11/2025 20:23:08,1.17.2,Bandit80,15,4.07,nan,20,20,80,Left,Right,194,65,126,6,nan,nan,0.07
11/11/2025 20:23:10,1.17.2,Bandit80,15,4.07,nan,20,20,80,LeftinTimeOut,Right,194,65,126,6,nan,nan,nan
11/11/2025 20:23:13,1.17.2,Bandit80,15,4.07,nan,20,20,80,LeftinTimeOut,Right,194,65,126,6,nan,nan,nan
11/11/2025 20:40:56,1.17.2,Bandit80,15,4.07,nan,20,20,80,Left,Right,195,65,126,6,nan,nan,0.03
11/11/2025 20:40:58,1.17.2,Bandit80,15,4.07,nan,20,20,80,LeftinTimeOut,Right,195,65,126,6,nan,nan,nan
11/11/2025 20:42:14,1.17.2,Bandit80,15,4.07,nan,20,20,80,Left,Right,196,65,126,6,nan,nan,0.15
11/11/2025 20:42:15,1.17.2,Bandit80,15,4.07,1,20,20,80,Pellet,Right,196,65,127,6,0.59,1789,nan
11/11/2025 20:43:36,1.17.2,Bandit80,15,4.07,nan,20,20,80,Left,Right,197,65,127,7,nan,nan,0.06
11/11/2025 20:43:38,1.17.2,Bandit80,15,4.07,nan,20,20,80,LeftinTimeOut,Right,197,65,127,7,nan,nan,nan
11/11/2025 20:44:37,1.17.2,Bandit80,15,4.07,nan,20,20,80,Right,Right,197,66,127,7,nan,nan,0.29
11/11/2025 20:44:38,1.17.2,Bandit80,15,4.07,2,20,20,80,Pellet,Right,197,66,128,7,0.29,143,nan
11/11/2025 20:46:14,1.17.2,Bandit80,15,4.07,nan,20,20,80,Right,Right,197,67,128,8,nan,nan,0.24
11/11/2025 20:46:15,1.17.2,Bandit80,15,4.07,nan,20,20,80,RightWithPellet,Right,197,68,128,8,nan,nan,0.12
11/11/2025 20:46:16,1.17.2,Bandit80,15,4.07,1,20,20,80,Pellet,Right,197,68,129,8,1.30,98,nan
11/11/2025 20:46:33,1.17.2,Bandit80,15,4.07,nan,20,20,80,Right,Right,197,69,129,9,nan,nan,0.06
11/11/2025 20:46:34,1.17.2,Bandit80,15,4.07,1,20,20,80,Pellet,Right,197,69,130,9,0.23,18,nan
11/11/2025 20:46:51,1.17.2,Bandit80,15,4.07,nan,20,20,80,Right,Right,197,70,130,10,nan,nan,0.12
11/11/2025 20:46:52,1.17.2,Bandit80,15,4.07,1,20,20,80,Pellet,Right,197,70,131,10,0.35,18,nan
11/11/2025 20:47:12,1.17.2,Bandit80,15,4.07,nan,20,20,80,Right,Right,197,71,131,11,nan,nan,0.58
11/11/2025 20:47:13,1.17.2,Bandit80,15,4.07,2,20,20,80,Pellet,Right,197,71,132,11,0.17,21,nan
11/11/2025 20:47:48,1.17.2,Bandit80,15,4.07,nan,20,20,80,Left,Right,198,71,132,12,nan,nan,0.08
11/11/2025 20:48:16,1.17.2,Bandit80,15,4.07,nan,20,20,80,Left,Right,199,71,132,12,nan,nan,0.28
11/11/2025 20:49:14,1.17.2,Bandit80,15,4.07,nan,20,20,80,Right,Right,199,72,132,12,nan,nan,0.11
11/11/2025 20:49:17,1.17.2,Bandit80,15,4.07,2,20,20,80,Pellet,Right,199,72,133,12,0.35,124,nan
11/11/2025 20:49:38,1.17.2,Bandit80,15,4.07,nan,20,20,80,Left,Right,200,72,133,13,nan,nan,0.11
11/11/2025 20:49:46,1.17.2,Bandit80,15,4.07,nan,20,20,80,RightinTimeout,Right,200,72,133,13,nan,nan,0.00
11/11/2025 20:50:12,1.17.2,Bandit80,15,4.07,nan,20,20,80,Left,Right,201,72,133,13,nan,nan,0.09
11/11/2025 20:50:13,1.17.2,Bandit80,15,4.07,nan,20,20,80,LeftinTimeOut,Right,201,72,133,13,nan,nan,nan
11/11/2025 20:51:03,1.17.2,Bandit80,15,4.07,nan,20,20,80,Right,Right,201,73,133,13,nan,nan,0.51
11/11/2025 20:51:04,1.17.2,Bandit80,15,4.07,1,20,20,80,Pellet,Right,201,73,134,13,0.29,107,nan
11/11/2025 20:51:18,1.17.2,Bandit80,15,4.07,nan,20,20,80,Left,Right,202,73,134,14,nan,nan,0.48
11/11/2025 20:51:19,1.17.2,Bandit80,15,4.07,1,20,20,80,Pellet,Right,202,73,135,14,0.17,15,nan
11/11/2025 20:52:17,1.17.2,Bandit80,15,4.07,nan,20,20,80,Left,Right,203,73,135,15,nan,nan,0.51
11/11/2025 20:52:18,1.17.2,Bandit80,15,4.07,1,20,20,80,Pellet,Right,203,73,136,15,0.23,59,nan
11/11/2025 20:52:38,1.17.2,Bandit80,15,4.07,nan,20,20,80,Left,Right,204,73,136,16,nan,nan,0.07
11/11/2025 20:52:40,1.17.2,Bandit80,15,4.07,nan,20,20,80,LeftinTimeOut,Right,204,73,136,16,nan,nan,nan
11/11/2025 20:52:42,1.17.2,Bandit80,15,4.07,nan,20,20,80,LeftinTimeOut,Right,204,73,136,16,nan,nan,nan
11/11/2025 20:52:44,1.17.2,Bandit80,15,4.07,nan,20,20,80,RightinTimeout,Right,204,73,136,16,nan,nan,0.00
11/11/2025 20:52:45,1.17.2,Bandit80,15,4.07,nan,20,20,80,RightinTimeout,Right,204,73,136,16,nan,nan,0.00
11/11/2025 20:55:13,1.17.2,Bandit80,15,4.07,nan,20,20,80,Right,Right,204,74,136,16,nan,nan,0.47
11/11/2025 20:56:10,1.17.2,Bandit80,15,4.06,nan,20,20,80,Left,Right,205,74,136,16,nan,nan,0.08
11/11/2025 21:08:54,1.17.2,Bandit80,15,4.07,nan,20,20,80,Left,Right,206,74,136,16,nan,nan,0.62
11/11/2025 21:08:54,1.17.2,Bandit80,15,4.07,nan,20,20,80,LeftinTimeOut,Right,206,74,136,16,nan,nan,nan
11/11/2025 21:18:32,1.17.2,Bandit80,15,4.07,nan,20,20,80,Left,Right,207,74,136,16,nan,nan,0.06
11/11/2025 21:18:33,1.17.2,Bandit80,15,4.07,1,20,20,80,Pellet,Right,207,74,137,16,0.41,1575,nan
11/11/2025 21:19:08,1.17.2,Bandit80,15,4.07,nan,20,20,80,Left,Right,208,74,137,17,nan,nan,1.08
11/11/2025 21:19:10,1.17.2,Bandit80,15,4.07,1,20,20,80,Pellet,Right,208,74,138,17,0.77,37,nan
11/11/2025 21:19:34,1.17.2,Bandit80,15,4.07,nan,20,20,80,Right,Right,208,75,138,18,nan,nan,0.00
11/11/2025 21:19:35,1.17.2,Bandit80,15,4.07,1,20,20,80,Pellet,Right,208,75,139,18,0.65,25,nan
11/11/2025 21:20:17,1.17.2,Bandit80,15,4.07,nan,20,20,80,Right,Right,208,76,139,19,nan,nan,0.62
11/11/2025 21:20:18,1.17.2,Bandit80,15,4.07,1,20,20,80,Pellet,Right,208,76,140,19,0.29,43,nan
11/11/2025 21:20:40,1.17.2,Bandit80,15,4.07,nan,20,80,20,Right,Left,208,77,140,0,nan,nan,0.68
11/11/2025 21:21:06,1.17.2,Bandit80,15,4.07,nan,20,80,20,Left,Left,209,77,140,0,nan,nan,0.45
11/11/2025 21:21:07,1.17.2,Bandit80,15,4.07,1,20,80,20,Pellet,Left,209,77,141,0,0.17,49,nan
11/11/2025 21:21:25,1.17.2,Bandit80,15,4.07,nan,20,80,20,Left,Left,210,77,141,1,nan,nan,0.06
11/11/2025 21:21:26,1.17.2,Bandit80,15,4.07,1,20,80,20,Pellet,Left,210,77,142,1,0.53,19,nan
11/11/2025 21:22:01,1.17.2,Bandit80,15,4.07,nan,20,80,20,Left,Left,211,77,142,2,nan,nan,0.18
11/11/2025 21:22:02,1.17.2,Bandit80,15,4.07,1,20,80,20,Pellet,Left,211,77,143,2,0.29,36,nan
11/11/2025 21:22:36,1.17.2,Bandit80,15,4.07,nan,20,80,20,Right,Left,211,78,143,3,nan,nan,0.46
11/11/2025 21:22:39,1.17.2,Bandit80,15,4.07,2,20,80,20,Pellet,Left,211,78,144,3,0.35,37,nan
11/11/2025 21:22:54,1.17.2,Bandit80,15,4.07,nan,20,80,20,Left,Left,212,78,144,4,nan,nan,0.08
11/11/2025 21:26:02,1.17.2,Bandit80,15,4.07,nan,20,80,20,Left,Left,213,78,144,4,nan,nan,0.49
11/11/2025 21:26:04,1.17.2,Bandit80,15,4.07,nan,20,80,20,LeftinTimeOut,Left,213,78,144,4,nan,nan,nan
11/11/2025 21:26:05,1.17.2,Bandit80,15,4.07,nan,20,80,20,LeftinTimeOut,Left,213,78,144,4,nan,nan,nan
11/11/2025 21:26:17,1.17.2,Bandit80,15,4.07,nan,20,80,20,Right,Left,213,79,144,4,nan,nan,0.47
11/11/2025 21:26:20,1.17.2,Bandit80,15,4.07,nan,20,80,20,RightinTimeout,Left,213,79,144,4,nan,nan,0.00
11/11/2025 21:26:21,1.17.2,Bandit80,15,4.07,nan,20,80,20,RightinTimeout,Left,213,79,144,4,nan,nan,0.00
11/11/2025 21:26:41,1.17.2,Bandit80,15,4.07,nan,20,80,20,Left,Left,214,79,144,4,nan,nan,0.30
11/11/2025 21:26:42,1.17.2,Bandit80,15,4.07,1,20,80,20,Pellet,Left,214,79,145,4,0.41,243,nan
11/11/2025 21:26:51,1.17.2,Bandit80,15,4.07,nan,20,80,20,Left,Left,215,79,145,5,nan,nan,1.04
11/11/2025 21:26:51,1.17.2,Bandit80,15,4.07,nan,20,80,20,LeftDuringDispense,Left,215,79,145,5,nan,nan,0.04
11/11/2025 21:26:54,1.17.2,Bandit80,15,4.06,2,20,80,20,Pellet,Left,215,79,146,5,0.17,12,nan
11/11/2025 21:27:08,1.17.2,Bandit80,15,4.07,nan,20,80,20,Left,Left,216,79,146,6,nan,nan,0.11
11/11/2025 21:27:09,1.17.2,Bandit80,15,4.07,1,20,80,20,Pellet,Left,216,79,147,6,0.35,15,nan
11/11/2025 21:27:27,1.17.2,Bandit80,15,4.07,nan,20,80,20,Left,Left,217,79,147,7,nan,nan,0.12
11/11/2025 21:27:28,1.17.2,Bandit80,15,4.07,1,20,80,20,Pellet,Left,217,79,148,7,0.17,19,nan
11/11/2025 21:27:48,1.17.2,Bandit80,15,4.07,nan,20,80,20,Left,Left,218,79,148,8,nan,nan,0.85
11/11/2025 21:27:49,1.17.2,Bandit80,15,4.07,1,20,80,20,Pellet,Left,218,79,149,8,0.23,21,nan
11/11/2025 21:28:23,1.17.2,Bandit80,15,4.07,nan,20,80,20,Left,Left,219,79,149,9,nan,nan,0.10
11/11/2025 21:28:24,1.17.2,Bandit80,15,4.07,1,20,80,20,Pellet,Left,219,79,150,9,0.35,35,nan
11/11/2025 21:28:52,1.17.2,Bandit80,15,4.07,nan,20,80,20,Left,Left,220,79,150,10,nan,nan,0.21
11/11/2025 21:28:54,1.17.2,Bandit80,15,4.07,1,20,80,20,Pellet,Left,220,79,151,10,0.71,30,nan
11/11/2025 21:29:09,1.17.2,Bandit80,15,4.07,nan,20,80,20,Left,Left,221,79,151,11,nan,nan,0.34
11/11/2025 21:29:10,1.17.2,Bandit80,15,4.07,1,20,80,20,Pellet,Left,221,79,152,11,0.17,16,nan
11/11/2025 21:32:11,1.17.2,Bandit80,15,4.07,nan,20,80,20,Left,Left,222,79,152,12,nan,nan,0.25
11/11/2025 21:32:12,1.17.2,Bandit80,15,4.07,1,20,80,20,Pellet,Left,222,79,153,12,0.23,182,nan
11/11/2025 21:32:31,1.17.2,Bandit80,15,4.07,nan,20,80,20,Left,Left,223,79,153,13,nan,nan,0.06
11/11/2025 21:32:32,1.17.2,Bandit80,15,4.07,2,20,80,20,Pellet,Left,223,79,154,13,0.06,20,nan
11/11/2025 21:35:37,1.17.2,Bandit80,15,4.07,nan,20,80,20,Left,Left,224,79,154,14,nan,nan,0.39
11/11/2025 21:35:38,1.17.2,Bandit80,15,4.07,1,20,80,20,Pellet,Left,224,79,155,14,0.29,186,nan
11/11/2025 21:35:50,1.17.2,Bandit80,15,4.07,nan,20,80,20,Left,Left,225,79,155,15,nan,nan,0.35
11/11/2025 21:35:51,1.17.2,Bandit80,15,4.06,1,20,80,20,Pellet,Left,225,79,156,15,0.17,13,nan
11/11/2025 21:36:27,1.17.2,Bandit80,15,4.07,nan,20,80,20,Left,Left,226,79,156,16,nan,nan,0.07
11/11/2025 21:36:28,1.17.2,Bandit80,15,4.07,1,20,80,20,Pellet,Left,226,79,157,16,0.53,37,nan
11/11/2025 21:38:18,1.17.2,Bandit80,15,4.07,nan,20,80,20,Left,Left,227,79,157,17,nan,nan,0.53
11/11/2025 21:38:19,1.17.2,Bandit80,15,4.07,nan,20,80,20,LeftinTimeOut,Left,227,79,157,17,nan,nan,nan
11/11/2025 21:38:25,1.17.2,Bandit80,15,4.07,nan,20,80,20,LeftinTimeOut,Left,227,79,157,17,nan,nan,nan
11/11/2025 21:38:26,1.17.2,Bandit80,15,4.07,nan,20,80,20,LeftinTimeOut,Left,227,79,157,17,nan,nan,nan
11/11/2025 21:38:27,1.17.2,Bandit80,15,4.07,nan,20,80,20,LeftinTimeOut,Left,227,79,157,17,nan,nan,nan
11/11/2025 21:38:29,1.17.2,Bandit80,15,4.07,nan,20,80,20,LeftinTimeOut,Left,227,79,157,17,nan,nan,nan
11/11/2025 21:38:30,1.17.2,Bandit80,15,4.07,nan,20,80,20,LeftinTimeOut,Left,227,79,157,17,nan,nan,nan
11/11/2025 21:38:31,1.17.2,Bandit80,15,4.07,nan,20,80,20,LeftinTimeOut,Left,227,79,157,17,nan,nan,nan
11/11/2025 21:38:37,1.17.2,Bandit80,15,4.07,nan,20,80,20,RightinTimeout,Left,227,79,157,17,nan,nan,0.00
11/11/2025 21:38:38,1.17.2,Bandit80,15,4.06,nan,20,80,20,RightinTimeout,Left,227,79,157,17,nan,nan,0.00
11/11/2025 21:38:38,1.17.2,Bandit80,15,4.07,nan,20,80,20,RightinTimeout,Left,227,79,157,17,nan,nan,0.00
11/11/2025 21:52:52,1.17.2,Bandit80,15,4.07,nan,20,80,20,Left,Left,228,79,157,17,nan,nan,0.30
11/11/2025 21:52:53,1.17.2,Bandit80,15,4.07,1,20,80,20,Pellet,Left,228,79,158,17,0.06,984,nan
11/11/2025 22:00:03,1.17.2,Bandit80,15,4.07,nan,20,80,20,Left,Left,229,79,158,18,nan,nan,0.28
11/11/2025 22:00:04,1.17.2,Bandit80,15,4.07,1,20,80,20,Pellet,Left,229,79,159,18,0.29,432,nan
11/11/2025 22:00:25,1.17.2,Bandit80,15,4.07,nan,20,80,20,Left,Left,230,79,159,19,nan,nan,0.12
11/11/2025 22:00:26,1.17.2,Bandit80,15,4.07,2,20,80,20,Pellet,Left,230,79,160,19,0.17,22,nan
11/11/2025 22:01:11,1.17.2,Bandit80,15,4.07,nan,20,20,80,Right,Right,230,80,160,0,nan,nan,0.30
11/11/2025 22:28:51,1.17.2,Bandit80,15,4.07,nan,20,20,80,Left,Right,231,80,160,0,nan,nan,0.80
11/11/2025 22:29:05,1.17.2,Bandit80,15,4.07,nan,20,20,80,Right,Right,231,81,160,0,nan,nan,0.59
11/11/2025 22:29:06,1.17.2,Bandit80,15,4.07,nan,20,20,80,RightDuringDispense,Right,231,81,160,0,nan,nan,0.06
11/11/2025 22:29:09,1.17.2,Bandit80,15,4.07,2,20,20,80,Pellet,Right,231,81,161,0,0.29,1723,nan
11/11/2025 22:29:37,1.17.2,Bandit80,15,4.07,nan,20,20,80,Left,Right,232,81,161,1,nan,nan,0.22
11/11/2025 22:29:44,1.17.2,Bandit80,15,4.07,nan,20,20,80,RightinTimeout,Right,232,81,161,1,nan,nan,0.00
11/11/2025 22:29:44,1.17.2,Bandit80,15,4.07,nan,20,20,80,RightinTimeout,Right,232,81,161,1,nan,nan,0.00
11/11/2025 22:40:31,1.17.2,Bandit80,15,4.07,nan,20,20,80,Right,Right,232,82,161,1,nan,nan,0.02
11/11/2025 22:40:32,1.17.2,Bandit80,15,4.07,1,20,20,80,Pellet,Right,232,82,162,1,0.29,683,nan
11/11/2025 22:42:04,1.17.2,Bandit80,15,4.07,nan,20,20,80,Left,Right,233,82,162,2,nan,nan,0.08
11/11/2025 22:42:08,1.17.2,Bandit80,15,4.06,nan,20,20,80,RightinTimeout,Right,233,82,162,2,nan,nan,0.00
11/11/2025 22:42:08,1.17.2,Bandit80,15,4.07,nan,20,20,80,RightinTimeout,Right,233,82,162,2,nan,nan,0.00
11/11/2025 22:42:09,1.17.2,Bandit80,15,4.06,nan,20,20,80,RightinTimeout,Right,233,82,162,2,nan,nan,0.00
11/11/2025 22:42:11,1.17.2,Bandit80,15,4.07,nan,20,20,80,RightinTimeout,Right,233,82,162,2,nan,nan,0.00
11/11/2025 22:42:12,1.17.2,Bandit80,15,4.06,nan,20,20,80,RightinTimeout,Right,233,82,162,2,nan,nan,0.00
11/11/2025 22:42:24,1.17.2,Bandit80,15,4.07,nan,20,20,80,Right,Right,233,83,162,2,nan,nan,0.17
11/11/2025 22:42:25,1.17.2,Bandit80,15,4.07,1,20,20,80,Pellet,Right,233,83,163,2,0.23,113,nan
11/11/2025 22:42:40,1.17.2,Bandit80,15,4.07,nan,20,20,80,Right,Right,233,84,163,3,nan,nan,0.09
11/11/2025 22:42:41,1.17.2,Bandit80,15,4.07,1,20,20,80,Pellet,Right,233,84,164,3,0.35,16,nan
11/11/2025 22:42:56,1.17.2,Bandit80,15,4.07,nan,20,20,80,Right,Right,233,85,164,4,nan,nan,0.66
11/11/2025 22:43:00,1.17.2,Bandit80,15,4.07,2,20,20,80,Pellet,Right,233,85,165,4,0.41,19,nan
11/11/2025 22:43:19,1.17.2,Bandit80,15,4.07,nan,20,20,80,Right,Right,233,86,165,5,nan,nan,0.06
11/11/2025 22:43:20,1.17.2,Bandit80,15,4.07,1,20,20,80,Pellet,Right,233,86,166,5,0.59,20,nan
11/11/2025 22:43:34,1.17.2,Bandit80,15,4.07,nan,20,20,80,Right,Right,233,87,166,6,nan,nan,0.09
11/11/2025 22:43:35,1.17.2,Bandit80,15,4.07,1,20,20,80,Pellet,Right,233,87,167,6,0.41,15,nan
11/11/2025 22:43:57,1.17.2,Bandit80,15,4.07,nan,20,20,80,Right,Right,233,88,167,7,nan,nan,0.04
11/11/2025 22:43:58,1.17.2,Bandit80,15,4.07,nan,20,20,80,RightinTimeout,Right,233,88,167,7,nan,nan,0.00
11/11/2025 23:16:02,1.17.2,Bandit80,15,4.07,nan,20,20,80,Right,Right,233,89,167,7,nan,nan,0.09
11/11/2025 23:18:18,1.17.2,Bandit80,15,4.07,nan,20,20,80,Left,Right,234,89,167,7,nan,nan,0.11
11/11/2025 23:18:20,1.17.2,Bandit80,15,4.07,nan,20,20,80,LeftinTimeOut,Right,234,89,167,7,nan,nan,nan
11/11/2025 23:18:22,1.17.2,Bandit80,15,4.07,nan,20,20,80,LeftinTimeOut,Right,234,89,167,7,nan,nan,nan
11/11/2025 23:19:55,1.17.2,Bandit80,15,4.06,nan,20,20,80,Left,Right,235,89,167,7,nan,nan,0.06
11/11/2025 23:19:58,1.17.2,Bandit80,15,4.07,nan,20,20,80,LeftinTimeOut,Right,235,89,167,7,nan,nan,nan
11/11/2025 23:20:00,1.17.2,Bandit80,15,4.06,nan,20,20,80,LeftinTimeOut,Right,235,89,167,7,nan,nan,nan
11/11/2025 23:24:00,1.17.2,Bandit80,15,4.07,nan,20,20,80,Left,Right,236,89,167,7,nan,nan,0.38
11/11/2025 23:25:27,1.17.2,Bandit80,15,4.06,nan,20,20,80,Right,Right,236,90,167,7,nan,nan,0.29
11/11/2025 23:25:28,1.17.2,Bandit80,15,4.06,1,20,20,80,Pellet,Right,236,90,168,7,0.23,2513,nan
11/11/2025 23:25:43,1.17.2,Bandit80,15,4.06,nan,20,20,80,Right,Right,236,91,168,8,nan,nan,0.38
11/11/2025 23:25:44,1.17.2,Bandit80,15,4.07,1,20,20,80,Pellet,Right,236,91,169,8,0.23,16,nan
11/11/2025 23:26:16,1.17.2,Bandit80,15,4.07,nan,20,20,80,Right,Right,236,92,169,9,nan,nan,0.46
11/11/2025 23:26:19,1.17.2,Bandit80,15,4.07,nan,20,20,80,RightinTimeout,Right,236,92,169,9,nan,nan,0.00
11/11/2025 23:27:25,1.17.2,Bandit80,15,4.07,nan,20,20,80,Left,Right,237,92,169,9,nan,nan,0.04
11/11/2025 23:27:27,1.17.2,Bandit80,15,4.07,nan,20,20,80,LeftinTimeOut,Right,237,92,169,9,nan,nan,nan
11/11/2025 23:35:35,1.17.2,Bandit80,15,4.06,nan,20,20,80,Left,Right,238,92,169,9,nan,nan,0.07
11/11/2025 23:36:05,1.17.2,Bandit80,15,4.07,nan,20,20,80,Left,Right,239,92,169,9,nan,nan,0.01
11/11/2025 23:36:05,1.17.2,Bandit80,15,4.07,nan,20,20,80,LeftinTimeOut,Right,239,92,169,9,nan,nan,nan
11/11/2025 23:36:06,1.17.2,Bandit80,15,4.07,nan,20,20,80,LeftinTimeOut,Right,239,92,169,9,nan,nan,nan
11/11/2025 23:36:06,1.17.2,Bandit80,15,4.07,nan,20,20,80,LeftinTimeOut,Right,239,92,169,9,nan,nan,nan
11/11/2025 23:36:08,1.17.2,Bandit80,15,4.07,nan,20,20,80,LeftinTimeOut,Right,239,92,169,9,nan,nan,nan
11/11/2025 23:36:27,1.17.2,Bandit80,15,4.07,nan,20,20,80,Right,Right,239,93,169,9,nan,nan,0.34
11/11/2025 23:36:28,1.17.2,Bandit80,15,4.07,1,20,20,80,Pellet,Right,239,93,170,9,0.35,644,nan
11/11/2025 23:36:44,1.17.2,Bandit80,15,4.07,nan,20,20,80,Right,Right,239,94,170,10,nan,nan,0.05
11/11/2025 23:36:44,1.17.2,Bandit80,15,4.06,nan,20,20,80,RightDuringDispense,Right,239,94,170,10,nan,nan,0.02
11/11/2025 23:36:49,1.17.2,Bandit80,15,4.07,3,20,20,80,Pellet,Right,239,94,171,10,0.35,21,nan
11/11/2025 23:37:41,1.17.2,Bandit80,15,4.06,nan,20,20,80,Left,Right,240,94,171,11,nan,nan,0.17
11/11/2025 23:37:42,1.17.2,Bandit80,15,4.06,nan,20,20,80,LeftinTimeOut,Right,240,94,171,11,nan,nan,nan
11/11/2025 23:37:57,1.17.2,Bandit80,15,4.06,nan,20,20,80,Right,Right,240,95,171,11,nan,nan,0.32
11/11/2025 23:38:01,1.17.2,Bandit80,15,4.07,2,20,20,80,Pellet,Right,240,95,172,11,0.89,71,nan
11/11/2025 23:38:16,1.17.2,Bandit80,15,4.07,nan,20,20,80,Right,Right,240,96,172,12,nan,nan,0.08
11/11/2025 23:57:41,1.17.2,Bandit80,15,4.07,nan,20,20,80,Right,Right,240,97,172,12,nan,nan,0.18
11/11/2025 23:57:43,1.17.2,Bandit80,15,4.07,1,20,20,80,Pellet,Right,240,97,173,12,0.89,1183,nan
11/11/2025 23:58:04,1.17.2,Bandit80,15,4.07,nan,20,20,80,Right,Right,240,98,173,13,nan,nan,0.03
11/11/2025 23:58:05,1.17.2,Bandit80,15,4.06,1,20,20,80,Pellet,Right,240,98,174,13,0.41,22,nan
11/12/2025 0:00:47,1.17.2,Bandit80,15,4.07,nan,20,20,80,Left,Right,241,98,174,14,nan,nan,0.36
11/12/2025 0:00:48,1.17.2,Bandit80,15,4.06,nan,20,20,80,LeftinTimeOut,Right,241,98,174,14,nan,nan,nan
11/12/2025 0:04:33,1.17.2,Bandit80,15,4.07,nan,20,20,80,Right,Right,241,99,174,14,nan,nan,0.15
11/12/2025 0:04:35,1.17.2,Bandit80,15,4.06,1,20,20,80,Pellet,Right,241,99,175,14,1.43,390,nan
11/12/2025 0:04:53,1.17.2,Bandit80,15,4.07,nan,20,20,80,Right,Right,241,100,175,15,nan,nan,0.73
11/12/2025 0:04:54,1.17.2,Bandit80,15,4.06,1,20,20,80,Pellet,Right,241,100,176,15,0.23,19,nan
11/12/2025 0:05:21,1.17.2,Bandit80,15,4.07,nan,20,20,80,Right,Right,241,101,176,16,nan,nan,0.10
11/12/2025 0:05:22,1.17.2,Bandit80,15,4.06,1,20,20,80,Pellet,Right,241,101,177,16,0.11,28,nan
11/12/2025 0:05:56,1.17.2,Bandit80,15,4.07,nan,20,20,80,Right,Right,241,102,177,17,nan,nan,0.05
11/12/2025 0:05:57,1.17.2,Bandit80,15,4.06,1,20,20,80,Pellet,Right,241,102,178,17,0.23,35,nan
11/12/2025 0:06:07,1.17.2,Bandit80,15,4.05,nan,20,20,80,Right,Right,241,103,178,18,nan,nan,0.12
11/12/2025 0:06:08,1.17.2,Bandit80,15,4.07,1,20,20,80,Pellet,Right,241,103,179,18,0.41,11,nan
11/12/2025 2:12:25,1.17.2,Bandit80,15,4.05,nan,20,20,80,Left,Right,242,103,179,19,nan,nan,0.92
11/12/2025 2:12:26,1.17.2,Bandit80,15,4.07,1,20,20,80,Pellet,Right,242,103,180,19,0.59,7578,nan
11/12/2025 2:13:23,1.17.2,Bandit80,15,4.05,nan,20,80,20,Left,Left,243,103,180,0,nan,nan,0.03
11/12/2025 2:13:23,1.17.2,Bandit80,15,4.06,1,20,80,20,Pellet,Left,243,103,181,0,0.17,57,nan
11/12/2025 2:13:50,1.17.2,Bandit80,15,4.06,nan,20,80,20,Left,Left,244,103,181,1,nan,nan,0.39
11/12/2025 2:13:51,1.17.2,Bandit80,15,4.05,1,20,80,20,Pellet,Left,244,103,182,1,0.17,27,nan
11/12/2025 2:14:11,1.17.2,Bandit80,15,4.05,nan,20,80,20,Left,Left,245,103,182,2,nan,nan,0.03
11/12/2025 2:14:16,1.17.2,Bandit80,15,4.06,nan,20,80,20,LeftinTimeOut,Left,245,103,182,2,nan,nan,nan
11/12/2025 2:14:20,1.17.2,Bandit80,15,4.05,nan,20,80,20,LeftinTimeOut,Left,245,103,182,2,nan,nan,nan
11/12/2025 2:14:26,1.17.2,Bandit80,15,4.06,nan,20,80,20,RightinTimeout,Left,245,103,182,2,nan,nan,0.00
11/12/2025 2:14:26,1.17.2,Bandit80,15,4.06,nan,20,80,20,RightinTimeout,Left,245,103,182,2,nan,nan,0.00
11/12/2025 2:15:38,1.17.2,Bandit80,15,4.06,nan,20,80,20,Right,Left,245,104,182,2,nan,nan,0.11
11/12/2025 2:15:39,1.17.2,Bandit80,15,4.06,1,20,80,20,Pellet,Left,245,104,183,2,0.47,109,nan
11/12/2025 2:15:58,1.17.2,Bandit80,15,4.06,nan,20,80,20,Right,Left,245,105,183,3,nan,nan,0.10
11/12/2025 2:15:58,1.17.2,Bandit80,15,4.06,nan,20,80,20,RightinTimeout,Left,245,105,183,3,nan,nan,0.00
11/12/2025 4:07:38,1.17.2,Bandit80,15,4.05,nan,20,80,20,Right,Left,245,106,183,3,nan,nan,0.07
11/12/2025 4:21:59,1.17.2,Bandit80,15,4.05,nan,20,80,20,Left,Left,246,106,183,3,nan,nan,0.40
11/12/2025 4:22:01,1.17.2,Bandit80,15,4.04,1,20,80,20,Pellet,Left,246,106,184,3,0.35,7582,nan
11/12/2025 4:22:30,1.17.2,Bandit80,15,4.05,nan,20,80,20,Left,Left,247,106,184,4,nan,nan,0.11
11/12/2025 4:22:32,1.17.2,Bandit80,15,4.05,2,20,80,20,Pellet,Left,247,106,185,4,0.06,31,nan
11/12/2025 4:22:52,1.17.2,Bandit80,15,4.06,nan,20,80,20,Left,Left,248,106,185,5,nan,nan,0.11
11/12/2025 4:22:53,1.17.2,Bandit80,15,4.05,1,20,80,20,Pellet,Left,248,106,186,5,0.17,21,nan
11/12/2025 4:23:13,1.17.2,Bandit80,15,4.05,nan,20,80,20,Left,Left,249,106,186,6,nan,nan,0.66
11/12/2025 4:23:15,1.17.2,Bandit80,15,4.05,nan,20,80,20,LeftinTimeOut,Left,249,106,186,6,nan,nan,nan
11/12/2025 4:23:29,1.17.2,Bandit80,15,4.05,nan,20,80,20,Left,Left,250,106,186,6,nan,nan,0.32
11/12/2025 4:23:32,1.17.2,Bandit80,15,4.05,1,20,80,20,Pellet,Left,250,106,187,6,1.91,39,nan
11/12/2025 4:23:56,1.17.2,Bandit80,15,4.05,nan,20,80,20,Right,Left,250,107,187,7,nan,nan,0.16
11/12/2025 4:24:00,1.17.2,Bandit80,15,4.05,nan,20,80,20,LeftinTimeOut,Left,250,107,187,7,nan,nan,nan
11/12/2025 4:24:02,1.17.2,Bandit80,15,4.05,nan,20,80,20,LeftinTimeOut,Left,250,107,187,7,nan,nan,nan
11/12/2025 4:24:29,1.17.2,Bandit80,15,4.05,nan,20,80,20,Right,Left,250,108,187,7,nan,nan,0.42
11/12/2025 4:24:30,1.17.2,Bandit80,15,4.05,nan,20,80,20,RightinTimeout,Left,250,108,187,7,nan,nan,0.00
11/12/2025 4:42:48,1.17.2,Bandit80,15,4.05,nan,20,80,20,Left,Left,251,108,187,7,nan,nan,0.24
11/12/2025 4:42:50,1.17.2,Bandit80,15,4.05,1,20,80,20,Pellet,Left,251,108,188,7,0.77,1158,nan
11/12/2025 4:43:09,1.17.2,Bandit80,15,4.05,nan,20,80,20,Left,Left,252,108,188,8,nan,nan,0.75
11/12/2025 4:43:10,1.17.2,Bandit80,15,4.05,1,20,80,20,Pellet,Left,252,108,189,8,0.17,20,nan
11/12/2025 4:43:25,1.17.2,Bandit80,15,4.05,nan,20,80,20,Left,Left,253,108,189,9,nan,nan,0.12
11/12/2025 4:43:27,1.17.2,Bandit80,15,4.05,1,20,80,20,Pellet,Left,253,108,190,9,0.35,17,nan
11/12/2025 4:43:44,1.17.2,Bandit80,15,4.05,nan,20,80,20,Left,Left,254,108,190,10,nan,nan,0.06
11/12/2025 4:43:45,1.17.2,Bandit80,15,4.05,1,20,80,20,Pellet,Left,254,108,191,10,0.47,18,nan
11/12/2025 4:44:00,1.17.2,Bandit80,15,4.05,nan,20,80,20,Left,Left,255,108,191,11,nan,nan,0.11
11/12/2025 4:44:01,1.17.2,Bandit80,15,4.05,1,20,80,20,Pellet,Left,255,108,192,11,0.23,16,nan
11/12/2025 4:44:23,1.17.2,Bandit80,15,4.05,nan,20,80,20,Left,Left,256,108,192,12,nan,nan,0.20
11/12/2025 4:44:24,1.17.2,Bandit80,15,4.05,1,20,80,20,Pellet,Left,256,108,193,12,0.17,23,nan
11/12/2025 4:44:42,1.17.2,Bandit80,15,4.05,nan,20,80,20,Left,Left,257,108,193,13,nan,nan,0.18
11/12/2025 4:44:43,1.17.2,Bandit80,15,4.05,1,20,80,20,Pellet,Left,257,108,194,13,0.23,19,nan
11/12/2025 4:45:08,1.17.2,Bandit80,15,4.05,nan,20,80,20,Left,Left,258,108,194,14,nan,nan,0.00
11/12/2025 5:08:02,1.17.2,Bandit80,15,4.05,nan,20,80,20,Left,Left,259,108,194,14,nan,nan,0.08
11/12/2025 5:23:29,1.17.2,Bandit80,15,4.05,nan,20,80,20,Right,Left,259,109,194,14,nan,nan,0.08
11/12/2025 5:23:30,1.17.2,Bandit80,15,4.04,1,20,80,20,Pellet,Left,259,109,195,14,0.35,2327,nan
11/12/2025 5:23:44,1.17.2,Bandit80,15,4.05,nan,20,80,20,Right,Left,259,110,195,15,nan,nan,0.11
11/12/2025 5:23:49,1.17.2,Bandit80,15,4.05,nan,20,80,20,RightinTimeout,Left,259,110,195,15,nan,nan,0.00
11/12/2025 5:24:35,1.17.2,Bandit80,15,4.05,nan,20,80,20,Left,Left,260,110,195,15,nan,nan,0.27
11/12/2025 5:24:36,1.17.2,Bandit80,15,4.05,1,20,80,20,Pellet,Left,260,110,196,15,0.35,66,nan
11/12/2025 5:25:39,1.17.2,Bandit80,15,4.05,nan,20,80,20,Left,Left,261,110,196,16,nan,nan,0.05
11/12/2025 5:25:42,1.17.2,Bandit80,15,4.05,2,20,80,20,Pellet,Left,261,110,197,16,0.53,66,nan
11/12/2025 5:25:51,1.17.2,Bandit80,15,4.05,nan,20,80,20,Left,Left,262,110,197,17,nan,nan,0.28
11/12/2025 5:25:52,1.17.2,Bandit80,15,4.05,2,20,80,20,Pellet,Left,262,110,198,17,0.06,10,nan
11/12/2025 5:26:03,1.17.2,Bandit80,15,4.05,nan,20,80,20,Left,Left,263,110,198,18,nan,nan,0.08
11/12/2025 5:26:05,1.17.2,Bandit80,15,4.05,nan,20,80,20,LeftinTimeOut,Left,263,110,198,18,nan,nan,nan
11/12/2025 5:27:23,1.17.2,Bandit80,15,4.05,nan,20,80,20,Left,Left,264,110,198,18,nan,nan,0.22
11/12/2025 5:27:25,1.17.2,Bandit80,15,4.05,1,20,80,20,Pellet,Left,264,110,199,18,0.41,93,nan
11/12/2025 5:27:44,1.17.2,Bandit80,15,4.05,nan,20,80,20,Left,Left,265,110,199,19,nan,nan,0.37
11/12/2025 5:27:45,1.17.2,Bandit80,15,4.05,1,20,80,20,Pellet,Left,265,110,200,19,0.47,20,nan
11/12/2025 5:28:04,1.17.2,Bandit80,15,4.05,nan,20,20,80,Left,Right,266,110,200,0,nan,nan,0.18
11/12/2025 5:36:24,1.17.2,Bandit80,15,4.05,nan,20,20,80,Left,Right,267,110,200,0,nan,nan,0.22
11/12/2025 5:36:27,1.17.2,Bandit80,15,4.04,nan,20,20,80,RightinTimeout,Right,267,110,200,0,nan,nan,0.00
11/12/2025 5:36:27,1.17.2,Bandit80,15,4.05,nan,20,20,80,RightinTimeout,Right,267,110,200,0,nan,nan,0.00
11/12/2025 5:36:27,1.17.2,Bandit80,15,4.05,nan,20,20,80,RightinTimeout,Right,267,110,200,0,nan,nan,0.00
11/12/2025 5:38:35,1.17.2,Bandit80,15,4.05,nan,20,20,80,Right,Right,267,111,200,0,nan,nan,0.32
11/12/2025 5:38:36,1.17.2,Bandit80,15,4.05,1,20,20,80,Pellet,Right,267,111,201,0,0.29,651,nan
11/12/2025 5:38:57,1.17.2,Bandit80,15,4.05,nan,20,20,80,Right,Right,267,112,201,1,nan,nan,0.42
11/12/2025 5:38:58,1.17.2,Bandit80,15,4.05,1,20,20,80,Pellet,Right,267,112,202,1,0.23,22,nan
11/12/2025 5:39:17,1.17.2,Bandit80,15,4.05,nan,20,20,80,Right,Right,267,113,202,2,nan,nan,0.27
11/12/2025 5:39:18,1.17.2,Bandit80,15,4.05,1,20,20,80,Pellet,Right,267,113,203,2,0.29,20,nan
11/12/2025 5:39:39,1.17.2,Bandit80,15,4.05,nan,20,20,80,Right,Right,267,114,203,3,nan,nan,0.22
11/12/2025 5:39:41,1.17.2,Bandit80,15,4.05,1,20,20,80,Pellet,Right,267,114,204,3,0.41,23,nan
11/12/2025 5:40:07,1.17.2,Bandit80,15,4.05,nan,20,20,80,Right,Right,267,115,204,4,nan,nan,0.26
11/12/2025 5:40:08,1.17.2,Bandit80,15,4.05,2,20,20,80,Pellet,Right,267,115,205,4,0.06,27,nan
11/12/2025 5:40:23,1.17.2,Bandit80,15,4.05,nan,20,20,80,Right,Right,267,116,205,5,nan,nan,0.03
11/12/2025 5:40:23,1.17.2,Bandit80,15,4.05,1,20,20,80,Pellet,Right,267,116,206,5,0.23,15,nan
11/12/2025 5:40:43,1.17.2,Bandit80,15,4.05,nan,20,20,80,Right,Right,267,117,206,6,nan,nan,0.03
11/12/2025 5:40:44,1.17.2,Bandit80,15,4.05,1,20,20,80,Pellet,Right,267,117,207,6,0.17,21,nan
11/12/2025 5:40:58,1.17.2,Bandit80,15,4.05,nan,20,20,80,Right,Right,267,118,207,7,nan,nan,0.52
11/12/2025 5:40:59,1.17.2,Bandit80,15,4.05,1,20,20,80,Pellet,Right,267,118,208,7,0.41,15,nan
11/12/2025 5:41:22,1.17.2,Bandit80,15,4.05,nan,20,20,80,Right,Right,267,119,208,8,nan,nan,0.06
11/12/2025 5:41:23,1.17.2,Bandit80,15,4.05,2,20,20,80,Pellet,Right,267,119,209,8,0.06,24,nan
11/12/2025 6:04:29,1.17.2,Bandit80,15,4.04,nan,20,20,80,Right,Right,267,120,209,9,nan,nan,0.03
11/12/2025 6:04:34,1.17.2,Bandit80,15,4.05,2,20,20,80,Pellet,Right,267,120,210,9,1.43,1391,nan
11/12/2025 6:04:42,1.17.2,Bandit80,15,4.05,nan,20,20,80,Right,Right,267,121,210,10,nan,nan,0.03
11/12/2025 6:04:43,1.17.2,Bandit80,15,4.05,1,20,20,80,Pellet,Right,267,121,211,10,0.17,9,nan
11/12/2025 6:10:47,1.17.2,Bandit80,15,4.05,nan,20,20,80,Right,Right,267,122,211,11,nan,nan,0.03
11/12/2025 6:10:48,1.17.2,Bandit80,15,4.05,1,20,20,80,Pellet,Right,267,122,212,11,0.47,365,nan
11/12/2025 6:10:58,1.17.2,Bandit80,15,4.03,nan,20,20,80,Right,Right,267,123,212,12,nan,nan,0.08
11/12/2025 6:10:59,1.17.2,Bandit80,15,4.05,1,20,20,80,Pellet,Right,267,123,213,12,0.23,11,nan
11/12/2025 6:11:13,1.17.2,Bandit80,15,4.05,nan,20,20,80,Right,Right,267,124,213,13,nan,nan,0.14
11/12/2025 6:11:14,1.17.2,Bandit80,15,4.05,2,20,20,80,Pellet,Right,267,124,214,13,0.12,15,nan
11/12/2025 6:11:30,1.17.2,Bandit80,15,4.05,nan,20,20,80,Right,Right,267,125,214,14,nan,nan,0.09
11/12/2025 6:11:31,1.17.2,Bandit80,15,4.05,1,20,20,80,Pellet,Right,267,125,215,14,0.29,17,nan
11/12/2025 6:11:51,1.17.2,Bandit80,15,4.05,nan,20,20,80,Right,Right,267,126,215,15,nan,nan,0.14
11/12/2025 6:21:30,1.17.2,Bandit80,15,4.05,nan,20,20,80,Left,Right,268,126,215,15,nan,nan,0.29
11/12/2025 6:23:18,1.17.2,Bandit80,15,4.05,nan,20,20,80,Right,Right,268,127,215,15,nan,nan,0.36
11/12/2025 6:23:19,1.17.2,Bandit80,15,4.05,1,20,20,80,Pellet,Right,268,127,216,15,0.17,708,nan
11/12/2025 6:24:01,1.17.2,Bandit80,15,4.05,nan,20,20,80,Right,Right,268,128,216,16,nan,nan,0.15
11/12/2025 6:24:07,1.17.2,Bandit80,15,4.05,4,20,20,80,Pellet,Right,268,128,217,16,0.29,48,nan
11/12/2025 6:24:26,1.17.2,Bandit80,15,4.05,nan,20,20,80,Right,Right,268,129,217,17,nan,nan,0.42
11/12/2025 6:24:26,1.17.2,Bandit80,15,4.04,nan,20,20,80,RightDuringDispense,Right,268,129,217,17,nan,nan,0.05
11/12/2025 6:24:30,1.17.2,Bandit80,15,4.05,3,20,20,80,Pellet,Right,268,129,218,17,0.71,23,nan
11/12/2025 9:45:28,1.17.2,Bandit80,15,4.03,nan,20,20,80,Right,Right,268,130,218,18,nan,nan,0.11
11/12/2025 9:45:29,1.17.2,Bandit80,15,4.04,2,20,20,80,Pellet,Right,268,130,219,18,0.23,12059,nan
11/12/2025 9:45:51,1.17.2,Bandit80,15,4.04,nan,20,20,80,Right,Right,268,131,219,19,nan,nan,0.40
11/12/2025 9:45:52,1.17.2,Bandit80,15,4.04,nan,20,20,80,RightinTimeout,Right,268,131,219,19,nan,nan,0.00
11/12/2025 9:45:53,1.17.2,Bandit80,15,4.05,nan,20,20,80,RightinTimeout,Right,268,131,219,19,nan,nan,0.00
11/12/2025 9:45:53,1.17.2,Bandit80,15,4.04,nan,20,20,80,RightinTimeout,Right,268,131,219,19,nan,nan,0.00
11/12/2025 9:45:53,1.17.2,Bandit80,15,4.04,nan,20,20,80,RightinTimeout,Right,268,131,219,19,nan,nan,0.00
11/12/2025 10:03:33,1.17.2,Bandit80,15,4.04,nan,20,20,80,Left,Right,269,131,219,19,nan,nan,0.30
11/12/2025 10:03:35,1.17.2,Bandit80,15,4.04,1,20,20,80,Pellet,Right,269,131,220,19,0.23,1086,nan
11/12/2025 10:03:48,1.17.2,Bandit80,15,4.04,nan,20,80,20,Left,Left,270,131,220,0,nan,nan,0.10
11/12/2025 13:58:43,1.17.2,Bandit80,15,4.03,nan,20,80,20,Left,Left,271,131,220,0,nan,nan,0.12
11/12/2025 13:58:46,1.17.2,Bandit80,15,4.03,2,20,80,20,Pellet,Left,271,131,221,0,0.23,14111,nan
11/12/2025 13:59:06,1.17.2,Bandit80,15,4.03,nan,20,80,20,Left,Left,272,131,221,1,nan,nan,0.24
11/12/2025 13:59:07,1.17.2,Bandit80,15,4.03,1,20,80,20,Pellet,Left,272,131,222,1,0.35,21,nan
11/12/2025 13:59:19,1.17.2,Bandit80,15,4.03,nan,20,80,20,Left,Left,273,131,222,2,nan,nan,0.00
11/12/2025 13:59:20,1.17.2,Bandit80,15,4.03,2,20,80,20,Pellet,Left,273,131,223,2,0.06,13,nan
11/12/2025 13:59:38,1.17.2,Bandit80,15,4.03,nan,20,80,20,Left,Left,274,131,223,3,nan,nan,0.04
11/12/2025 13:59:39,1.17.2,Bandit80,15,4.03,2,20,80,20,Pellet,Left,274,131,224,3,0.06,19,nan
11/12/2025 14:00:15,1.17.2,Bandit80,15,4.03,nan,20,80,20,Left,Left,275,131,224,4,nan,nan,0.01
11/12/2025 14:00:17,1.17.2,Bandit80,15,4.02,1,20,80,20,Pellet,Left,275,131,225,4,0.95,38,nan
