MM:DD:YYYY hh:mm:ss,Library_Version,Session_type,Device_Number,Battery_Voltage,Motor_Turns,PelletsToSwitch,Prob_left,Prob_right,Event,High_prob_poke,Left_Poke_Count,Right_Poke_Count,Pellet_Count,Block_Pellet_Count,Retrieval_Time,InterPelletInterval,Poke_Time
2025-11-03 17:00:54,1.17.2,Bandit100,1,3.76,,20,0,100,Right,Right,0,1,0,0,,,0.42
2025-11-03 17:03:52,1.17.2,Bandit100,1,3.76,3.0,20,0,100,Pellet,Right,0,1,1,0,Timed_out,,
2025-11-03 17:05:24,1.17.2,Bandit100,1,3.76,,20,0,100,Left,Right,1,1,1,1,,,0.41
2025-11-03 17:17:15,1.17.2,Bandit100,1,3.76,,20,0,100,Left,Right,2,1,1,1,,,0.05
2025-11-03 17:26:45,1.17.2,Bandit100,1,3.75,,20,0,100,Left,Right,3,1,1,1,,,0.2
2025-11-03 17:30:46,1.17.2,Bandit100,1,3.76,,20,0,100,Left,Right,4,1,1,1,,,0.03
2025-11-03 17:44:16,1.17.2,Bandit100,1,3.75,,20,0,100,Left,Right,5,1,1,1,,,0.08
2025-11-03 18:11:31,1.17.2,Bandit100,1,3.76,,20,0,100,Left,Right,6,1,1,1,,,0.1
2025-11-03 18:38:27,1.17.2,Bandit100,1,3.75,,20,0,100,Left,Right,7,1,1,1,,,0.11
2025-11-03 18:47:30,1.17.2,Bandit100,1,3.76,,20,0,100,Left,Right,8,1,1,1,,,0.15
2025-11-03 18:54:52,1.17.2,Bandit100,1,3.76,,20,0,100,Right,Right,8,2,1,1,,,0.05
2025-11-03 18:55:22,1.17.2,Bandit100,1,3.74,1.0,20,0,100,Pellet,Right,8,2,2,1,29.50,6690.0,
2025-11-03 19:00:54,1.17.2,Bandit100,1,3.76,,20,0,100,Left,Right,9,2,2,2,,,0.83
2025-11-03 19:18:43,1.17.2,Bandit100,1,3.76,,20,0,100,Right,Right,9,3,2,2,,,0.05
2025-11-03 19:18:43,1.17.2,Bandit100,1,3.75,,20,0,100,RightDuringDispense,Right,9,3,2,2,,,0.02
2025-11-03 19:19:00,1.17.2,Bandit100,1,3.76,2.0,20,0,100,Pellet,Right,9,3,3,2,13.77,1418.0,
2025-11-03 19:19:56,1.17.2,Bandit100,1,3.74,,20,0,100,Left,Right,10,3,3,3,,,0.04
2025-11-03 19:20:28,1.17.2,Bandit100,1,3.76,,20,0,100,Left,Right,11,3,3,3,,,0.04
2025-11-03 19:22:34,1.17.2,Bandit100,1,3.76,,20,0,100,Left,Right,12,3,3,3,,,0.03
2025-11-03 19:29:53,1.17.2,Bandit100,1,3.75,,20,0,100,Right,Right,12,4,3,3,,,0.1
2025-11-03 19:30:30,1.17.2,Bandit100,1,3.75,1.0,20,0,100,Pellet,Right,12,4,4,3,35.89,690.0,
2025-11-03 19:31:11,1.17.2,Bandit100,1,3.76,,20,0,100,Right,Right,12,5,4,4,,,0.07
2025-11-03 19:31:22,1.17.2,Bandit100,1,3.76,1.0,20,0,100,Pellet,Right,12,5,5,4,9.51,52.0,
2025-11-03 19:31:41,1.17.2,Bandit100,1,3.75,,20,0,100,Right,Right,12,6,5,5,,,0.02
2025-11-03 19:31:44,1.17.2,Bandit100,1,3.75,1.0,20,0,100,Pellet,Right,12,6,6,5,2.08,22.0,
2025-11-03 19:32:36,1.17.2,Bandit100,1,3.76,,20,0,100,Right,Right,12,7,6,6,,,0.23
2025-11-03 19:34:40,1.17.2,Bandit100,1,3.74,33.0,20,0,100,Pellet,Right,12,7,7,6,26.76,176.0,
2025-11-03 19:41:15,1.17.2,Bandit100,1,3.75,,20,0,100,Left,Right,13,7,7,7,,,0.15
2025-11-03 19:41:33,1.17.2,Bandit100,1,3.75,,20,0,100,Right,Right,13,8,7,7,,,0.02
2025-11-03 19:42:59,1.17.2,Bandit100,1,3.75,24.0,20,0,100,Pellet,Right,13,8,8,7,19.95,499.0,
2025-11-03 19:44:04,1.17.2,Bandit100,1,3.75,,20,0,100,Right,Right,13,9,8,8,,,0.06
2025-11-03 19:44:09,1.17.2,Bandit100,1,3.74,2.0,20,0,100,Pellet,Right,13,9,9,8,3.16,70.0,
2025-11-03 19:44:23,1.17.2,Bandit100,1,3.74,,20,0,100,Left,Right,14,9,9,9,,,0.03
2025-11-03 19:44:59,1.17.2,Bandit100,1,3.74,,20,0,100,Right,Right,14,10,9,9,,,0.14
2025-11-03 19:46:09,1.17.2,Bandit100,1,3.75,8.0,20,0,100,Pellet,Right,14,10,10,9,54.49,120.0,
2025-11-03 19:47:28,1.17.2,Bandit100,1,3.75,,20,0,100,Left,Right,15,10,10,10,,,0.06
2025-11-03 19:47:39,1.17.2,Bandit100,1,3.75,,20,0,100,Left,Right,16,10,10,10,,,0.05
2025-11-03 19:49:56,1.17.2,Bandit100,1,3.75,,20,0,100,Left,Right,17,10,10,10,,,0.06
2025-11-03 19:50:40,1.17.2,Bandit100,1,3.74,,20,0,100,Right,Right,17,11,10,10,,,0.06
2025-11-03 19:50:43,1.17.2,Bandit100,1,3.75,1.0,20,0,100,Pellet,Right,17,11,11,10,1.90,274.0,
2025-11-03 19:52:25,1.17.2,Bandit100,1,3.74,,20,0,100,Left,Right,18,11,11,11,,,0.0
2025-11-03 19:54:58,1.17.2,Bandit100,1,3.74,,20,0,100,Right,Right,18,12,11,11,,,0.03
2025-11-03 19:55:00,1.17.2,Bandit100,1,3.74,1.0,20,0,100,Pellet,Right,18,12,12,11,1.31,257.0,
2025-11-03 19:55:46,1.17.2,Bandit100,1,3.75,,20,0,100,Left,Right,19,12,12,12,,,0.08
2025-11-03 19:55:52,1.17.2,Bandit100,1,3.74,,20,0,100,LeftinTimeOut,Right,19,12,12,12,,,
2025-11-03 19:56:07,1.17.2,Bandit100,1,3.74,,20,0,100,Left,Right,20,12,12,12,,,0.08
2025-11-03 19:56:11,1.17.2,Bandit100,1,3.75,,20,0,100,LeftinTimeOut,Right,20,12,12,12,,,
2025-11-03 19:56:24,1.17.2,Bandit100,1,3.75,,20,0,100,Left,Right,21,12,12,12,,,0.07
2025-11-03 19:58:10,1.17.2,Bandit100,1,3.75,,20,0,100,Left,Right,22,12,12,12,,,0.05
2025-11-03 19:59:08,1.17.2,Bandit100,1,3.75,,20,0,100,Left,Right,23,12,12,12,,,0.03
2025-11-03 19:59:14,1.17.2,Bandit100,1,3.74,,20,0,100,LeftinTimeOut,Right,23,12,12,12,,,
2025-11-03 20:00:44,1.17.2,Bandit100,1,3.74,,20,0,100,Left,Right,24,12,12,12,,,0.12
2025-11-03 20:01:41,1.17.2,Bandit100,1,3.75,,20,0,100,Right,Right,24,13,12,12,,,0.21
2025-11-03 20:01:43,1.17.2,Bandit100,1,3.74,1.0,20,0,100,Pellet,Right,24,13,13,12,2.09,403.0,
2025-11-03 20:02:12,1.17.2,Bandit100,1,3.75,,20,0,100,Left,Right,25,13,13,13,,,0.04
2025-11-03 20:02:32,1.17.2,Bandit100,1,3.74,,20,0,100,Right,Right,25,14,13,13,,,0.55
2025-11-03 20:02:46,1.17.2,Bandit100,1,3.75,1.0,20,0,100,Pellet,Right,25,14,14,13,14.09,63.0,
2025-11-03 20:03:00,1.17.2,Bandit100,1,3.74,,20,0,100,Left,Right,26,14,14,14,,,0.08
2025-11-03 20:03:03,1.17.2,Bandit100,1,3.74,,20,0,100,LeftinTimeOut,Right,26,14,14,14,,,
2025-11-03 20:03:23,1.17.2,Bandit100,1,3.74,,20,0,100,Right,Right,26,15,14,14,,,0.48
2025-11-03 20:03:38,1.17.2,Bandit100,1,3.74,1.0,20,0,100,Pellet,Right,26,15,15,14,14.93,52.0,
2025-11-03 20:04:47,1.17.2,Bandit100,1,3.75,,20,0,100,Right,Right,26,16,15,15,,,0.07
2025-11-03 20:04:50,1.17.2,Bandit100,1,3.74,,20,0,100,RightWithPellet,Right,26,17,15,15,,,0.05
2025-11-03 20:05:06,1.17.2,Bandit100,1,3.75,1.0,20,0,100,Pellet,Right,26,17,16,15,18.85,88.0,
2025-11-03 20:05:37,1.17.2,Bandit100,1,3.74,,20,0,100,Left,Right,27,17,16,16,,,0.04
2025-11-03 20:05:37,1.17.2,Bandit100,1,3.74,,20,0,100,LeftinTimeOut,Right,27,17,16,16,,,
2025-11-03 20:05:58,1.17.2,Bandit100,1,3.75,,20,0,100,Left,Right,28,17,16,16,,,0.39
2025-11-03 20:06:43,1.17.2,Bandit100,1,3.75,,20,0,100,Left,Right,29,17,16,16,,,0.03
2025-11-03 20:11:47,1.17.2,Bandit100,1,3.75,,20,0,100,Right,Right,29,18,16,16,,,0.21
2025-11-03 20:11:51,1.17.2,Bandit100,1,3.74,1.0,20,0,100,Pellet,Right,29,18,17,16,3.47,405.0,
2025-11-03 20:12:06,1.17.2,Bandit100,1,3.75,,20,0,100,Right,Right,29,19,17,17,,,0.04
2025-11-03 20:12:09,1.17.2,Bandit100,1,3.74,1.0,20,0,100,Pellet,Right,29,19,18,17,1.85,18.0,
2025-11-03 20:12:32,1.17.2,Bandit100,1,3.74,,20,0,100,Right,Right,29,20,18,18,,,0.17
2025-11-03 20:12:36,1.17.2,Bandit100,1,3.75,1.0,20,0,100,Pellet,Right,29,20,19,18,3.17,27.0,
2025-11-03 20:12:53,1.17.2,Bandit100,1,3.74,,20,0,100,Right,Right,29,21,19,19,,,0.15
2025-11-03 20:12:58,1.17.2,Bandit100,1,3.74,1.0,20,0,100,Pellet,Right,29,21,20,19,3.83,22.0,
2025-11-03 20:13:25,1.17.2,Bandit100,1,3.75,,20,100,0,Left,Left,30,21,20,0,,,0.09
2025-11-03 20:13:30,1.17.2,Bandit100,1,3.74,1.0,20,100,0,Pellet,Left,30,21,21,0,3.47,32.0,
2025-11-03 20:13:45,1.17.2,Bandit100,1,3.75,,20,100,0,Right,Left,30,22,21,1,,,0.17
2025-11-03 20:13:49,1.17.2,Bandit100,1,3.75,,20,100,0,RightinTimeout,Left,30,22,21,1,,,0.0
2025-11-03 20:13:51,1.17.2,Bandit100,1,3.75,,20,100,0,RightinTimeout,Left,30,22,21,1,,,0.0
2025-11-03 20:15:07,1.17.2,Bandit100,1,3.74,,20,100,0,Left,Left,31,22,21,1,,,0.03
2025-11-03 20:15:12,1.17.2,Bandit100,1,3.74,,20,100,0,RightWithPellet,Left,31,23,21,1,,,0.15
2025-11-03 20:15:15,1.17.2,Bandit100,1,3.75,1.0,20,100,0,Pellet,Left,31,23,22,1,7.61,105.0,
2025-11-03 20:15:49,1.17.2,Bandit100,1,3.74,,20,100,0,Right,Left,31,24,22,2,,,0.16
2025-11-03 20:17:55,1.17.2,Bandit100,1,3.74,,20,100,0,Left,Left,32,24,22,2,,,0.22
2025-11-03 20:17:59,1.17.2,Bandit100,1,3.75,1.0,20,100,0,Pellet,Left,32,24,23,2,2.93,164.0,
2025-11-03 20:18:44,1.17.2,Bandit100,1,3.74,,20,100,0,Left,Left,33,24,23,3,,,0.06
2025-11-03 20:19:00,1.17.2,Bandit100,1,3.75,7.0,20,100,0,Pellet,Left,33,24,24,3,4.31,61.0,
2025-11-03 20:19:14,1.17.2,Bandit100,1,3.74,,20,100,0,Right,Left,33,25,24,4,,,0.16
2025-11-03 20:24:28,1.17.2,Bandit100,1,3.74,,20,100,0,Left,Left,34,25,24,4,,,0.23
2025-11-03 20:24:46,1.17.2,Bandit100,1,3.74,7.0,20,100,0,Pellet,Left,34,25,25,4,3.95,346.0,
2025-11-03 20:27:01,1.17.2,Bandit100,1,3.74,,20,100,0,Left,Left,35,25,25,5,,,0.08
2025-11-03 20:28:31,1.17.2,Bandit100,1,3.74,,20,100,0,RightDuringDispense,Left,35,25,25,5,,,0.13
2025-11-03 20:28:58,1.17.2,Bandit100,1,3.73,41.0,20,100,0,Pellet,Left,35,25,26,5,1.37,252.0,
2025-11-03 20:30:50,1.17.2,Bandit100,1,3.74,,20,100,0,Right,Left,35,26,26,6,,,0.06
2025-11-03 20:33:02,1.17.2,Bandit100,1,3.75,,20,100,0,Left,Left,36,26,26,6,,,0.13
2025-11-03 20:33:04,1.17.2,Bandit100,1,3.74,1.0,20,100,0,Pellet,Left,36,26,27,6,1.19,246.0,
2025-11-03 20:35:39,1.17.2,Bandit100,1,3.74,,20,100,0,Right,Left,36,27,27,7,,,0.08
2025-11-03 20:35:42,1.17.2,Bandit100,1,3.74,,20,100,0,RightinTimeout,Left,36,27,27,7,,,0.0
2025-11-03 20:38:34,1.17.2,Bandit100,1,3.74,,20,100,0,Left,Left,37,27,27,7,,,0.12
2025-11-03 20:38:37,1.17.2,Bandit100,1,3.74,1.0,20,100,0,Pellet,Left,37,27,28,7,2.03,333.0,
2025-11-03 20:41:46,1.17.2,Bandit100,1,3.74,,20,100,0,Left,Left,38,27,28,8,,,0.15
2025-11-03 20:41:49,1.17.2,Bandit100,1,3.74,1.0,20,100,0,Pellet,Left,38,27,29,8,2.33,192.0,
2025-11-03 20:43:12,1.17.2,Bandit100,1,3.74,,20,100,0,Left,Left,39,27,29,9,,,0.07
2025-11-03 20:43:13,1.17.2,Bandit100,1,3.74,2.0,20,100,0,Pellet,Left,39,27,30,9,0.47,84.0,
2025-11-03 20:43:44,1.17.2,Bandit100,1,3.74,,20,100,0,Right,Left,39,28,30,10,,,0.17
2025-11-03 20:44:44,1.17.2,Bandit100,1,3.74,,20,100,0,Right,Left,39,29,30,10,,,0.04
2025-11-03 20:45:18,1.17.2,Bandit100,1,3.74,,20,100,0,Left,Left,40,29,30,10,,,0.1
2025-11-03 20:45:23,1.17.2,Bandit100,1,3.74,3.0,20,100,0,Pellet,Left,40,29,31,10,1.55,130.0,
2025-11-03 20:45:59,1.17.2,Bandit100,1,3.74,,20,100,0,Left,Left,41,29,31,11,,,0.01
2025-11-03 20:46:07,1.17.2,Bandit100,1,3.74,2.0,20,100,0,Pellet,Left,41,29,32,11,6.76,44.0,
2025-11-03 20:46:16,1.17.2,Bandit100,1,3.74,,20,100,0,Right,Left,41,30,32,12,,,0.17
2025-11-03 20:46:46,1.17.2,Bandit100,1,3.74,,20,100,0,Right,Left,41,31,32,12,,,0.21
2025-11-03 20:47:11,1.17.2,Bandit100,1,3.74,,20,100,0,Left,Left,42,31,32,12,,,0.31
2025-11-03 20:47:27,1.17.2,Bandit100,1,3.74,8.0,20,100,0,Pellet,Left,42,31,33,12,0.53,80.0,
2025-11-03 20:49:33,1.17.2,Bandit100,1,3.74,,20,100,0,Left,Left,43,31,33,13,,,0.16
2025-11-03 20:50:33,1.17.2,Bandit100,1,3.74,,20,100,0,RightDuringDispense,Left,43,31,33,13,,,0.22
2025-11-03 20:50:42,1.17.2,Bandit100,1,3.74,,20,100,0,RightDuringDispense,Left,43,31,33,13,,,0.14
2025-11-03 20:51:32,1.17.2,Bandit100,1,3.74,41.0,20,100,0,Pellet,Left,43,31,34,13,0.35,245.0,
2025-11-03 20:51:44,1.17.2,Bandit100,1,3.74,,20,100,0,Left,Left,44,31,34,14,,,0.03
2025-11-03 20:51:57,1.17.2,Bandit100,1,3.74,7.0,20,100,0,Pellet,Left,44,31,35,14,1.73,25.0,
2025-11-03 20:52:27,1.17.2,Bandit100,1,3.74,,20,100,0,Left,Left,45,31,35,15,,,0.12
2025-11-03 20:52:32,1.17.2,Bandit100,1,3.74,2.0,20,100,0,Pellet,Left,45,31,36,15,2.39,35.0,
2025-11-03 20:56:04,1.17.2,Bandit100,1,3.74,,20,100,0,Left,Left,46,31,36,16,,,0.06
2025-11-03 20:56:06,1.17.2,Bandit100,1,3.74,1.0,20,100,0,Pellet,Left,46,31,37,16,1.01,214.0,
2025-11-03 20:56:46,1.17.2,Bandit100,1,3.74,,20,100,0,Left,Left,47,31,37,17,,,0.33
2025-11-03 20:56:47,1.17.2,Bandit100,1,3.74,1.0,20,100,0,Pellet,Left,47,31,38,17,0.59,41.0,
2025-11-03 20:57:10,1.17.2,Bandit100,1,3.74,,20,100,0,Right,Left,47,32,38,18,,,0.02
2025-11-03 20:57:51,1.17.2,Bandit100,1,3.74,,20,100,0,Left,Left,48,32,38,18,,,0.04
2025-11-03 20:57:53,1.17.2,Bandit100,1,3.74,1.0,20,100,0,Pellet,Left,48,32,39,18,1.61,66.0,
2025-11-03 21:09:58,1.17.2,Bandit100,1,3.74,,20,100,0,Left,Left,49,32,39,19,,,0.33
2025-11-03 21:10:01,1.17.2,Bandit100,1,3.74,1.0,20,100,0,Pellet,Left,49,32,40,19,1.97,728.0,
2025-11-03 21:10:29,1.17.2,Bandit100,1,3.74,,20,0,100,Right,Right,49,33,40,0,,,0.04
2025-11-03 21:10:43,1.17.2,Bandit100,1,3.74,2.0,20,0,100,Pellet,Right,49,33,41,0,12.82,42.0,
2025-11-03 21:16:12,1.17.2,Bandit100,1,3.74,,20,0,100,Right,Right,49,34,41,1,,,0.11
2025-11-03 21:16:35,1.17.2,Bandit100,1,3.74,7.0,20,0,100,Pellet,Right,49,34,42,1,11.01,352.0,
2025-11-03 21:29:48,1.17.2,Bandit100,1,3.74,,20,0,100,Right,Right,49,35,42,2,,,0.0
2025-11-03 21:30:05,1.17.2,Bandit100,1,3.74,3.0,20,0,100,Pellet,Right,49,35,43,2,14.39,810.0,
2025-11-03 21:30:23,1.17.2,Bandit100,1,3.74,,20,0,100,Left,Right,50,35,43,3,,,0.49
2025-11-03 21:30:28,1.17.2,Bandit100,1,3.74,,20,0,100,LeftinTimeOut,Right,50,35,43,3,,,
2025-11-03 21:30:28,1.17.2,Bandit100,1,3.74,,20,0,100,LeftinTimeOut,Right,50,35,43,3,,,
2025-11-03 21:30:35,1.17.2,Bandit100,1,3.74,,20,0,100,LeftinTimeOut,Right,50,35,43,3,,,
2025-11-03 21:32:06,1.17.2,Bandit100,1,3.74,,20,0,100,Left,Right,51,35,43,3,,,0.24
2025-11-03 21:35:59,1.17.2,Bandit100,1,3.74,,20,0,100,Right,Right,51,36,43,3,,,0.08
2025-11-03 21:36:06,1.17.2,Bandit100,1,3.74,,20,0,100,RightDuringDispense,Right,51,36,43,3,,,0.14
2025-11-03 21:38:30,1.17.2,Bandit100,1,3.74,11.0,20,0,100,Pellet,Right,51,36,44,3,Timed_out,505.0,
2025-11-03 21:43:40,1.17.2,Bandit100,1,3.74,,20,0,100,Left,Right,52,36,44,4,,,0.21
2025-11-03 21:49:35,1.17.2,Bandit100,1,3.74,,20,0,100,Left,Right,53,36,44,4,,,0.04
2025-11-03 21:50:21,1.17.2,Bandit100,1,3.74,,20,0,100,Left,Right,54,36,44,4,,,0.08
2025-11-03 21:50:31,1.17.2,Bandit100,1,3.74,,20,0,100,RightinTimeout,Right,54,36,44,4,,,0.0
2025-11-03 21:50:31,1.17.2,Bandit100,1,3.74,,20,0,100,RightinTimeout,Right,54,36,44,4,,,0.0
2025-11-03 21:50:33,1.17.2,Bandit100,1,3.74,,20,0,100,RightinTimeout,Right,54,36,44,4,,,0.0
2025-11-03 21:54:51,1.17.2,Bandit100,1,3.74,,20,0,100,Right,Right,54,37,44,4,,,0.02
2025-11-03 21:54:56,1.17.2,Bandit100,1,3.74,,20,0,100,RightDuringDispense,Right,54,37,44,4,,,0.05
2025-11-03 21:55:00,1.17.2,Bandit100,1,3.74,4.0,20,0,100,Pellet,Right,54,37,45,4,1.73,990.0,
2025-11-03 21:55:19,1.17.2,Bandit100,1,3.74,,20,0,100,Left,Right,55,37,45,5,,,0.39
2025-11-03 21:58:05,1.17.2,Bandit100,1,3.74,,20,0,100,Left,Right,56,37,45,5,,,0.0
2025-11-03 21:58:12,1.17.2,Bandit100,1,3.74,,20,0,100,RightinTimeout,Right,56,37,45,5,,,0.0
2025-11-03 21:58:14,1.17.2,Bandit100,1,3.74,,20,0,100,LeftinTimeOut,Right,56,37,45,5,,,
2025-11-03 21:58:29,1.17.2,Bandit100,1,3.74,,20,0,100,Right,Right,56,38,45,5,,,0.04
2025-11-03 21:58:31,1.17.2,Bandit100,1,3.74,1.0,20,0,100,Pellet,Right,56,38,46,5,1.49,211.0,
2025-11-03 21:58:50,1.17.2,Bandit100,1,3.74,,20,0,100,Right,Right,56,39,46,6,,,0.04
2025-11-03 21:58:53,1.17.2,Bandit100,1,3.74,1.0,20,0,100,Pellet,Right,56,39,47,6,2.27,22.0,
2025-11-03 21:59:03,1.17.2,Bandit100,1,3.74,,20,0,100,Left,Right,57,39,47,7,,,0.01
2025-11-03 21:59:09,1.17.2,Bandit100,1,3.74,,20,0,100,RightinTimeout,Right,57,39,47,7,,,0.0
2025-11-03 21:59:09,1.17.2,Bandit100,1,3.74,,20,0,100,RightinTimeout,Right,57,39,47,7,,,0.0
2025-11-03 21:59:56,1.17.2,Bandit100,1,3.74,,20,0,100,Left,Right,58,39,47,7,,,0.42
2025-11-03 21:59:59,1.17.2,Bandit100,1,3.74,,20,0,100,RightinTimeout,Right,58,39,47,7,,,0.0
2025-11-03 22:00:57,1.17.2,Bandit100,1,3.74,,20,0,100,Left,Right,59,39,47,7,,,0.31
2025-11-03 22:02:39,1.17.2,Bandit100,1,3.74,,20,0,100,Right,Right,59,40,47,7,,,0.15
2025-11-03 22:03:44,1.17.2,Bandit100,1,3.74,13.0,20,0,100,Pellet,Right,59,40,48,7,26.83,291.0,
2025-11-03 22:11:55,1.17.2,Bandit100,1,3.74,,20,0,100,Left,Right,60,40,48,8,,,0.15
2025-11-03 22:11:56,1.17.2,Bandit100,1,3.74,,20,0,100,LeftinTimeOut,Right,60,40,48,8,,,
2025-11-03 22:12:03,1.17.2,Bandit100,1,3.74,,20,0,100,LeftinTimeOut,Right,60,40,48,8,,,
2025-11-03 22:12:04,1.17.2,Bandit100,1,3.73,,20,0,100,LeftinTimeOut,Right,60,40,48,8,,,
2025-11-03 22:14:36,1.17.2,Bandit100,1,3.74,,20,0,100,Left,Right,61,40,48,8,,,0.0
2025-11-03 22:14:42,1.17.2,Bandit100,1,3.73,,20,0,100,LeftinTimeOut,Right,61,40,48,8,,,
2025-11-03 22:14:49,1.17.2,Bandit100,1,3.74,,20,0,100,RightinTimeout,Right,61,40,48,8,,,0.0
2025-11-03 22:15:09,1.17.2,Bandit100,1,3.74,,20,0,100,Right,Right,61,41,48,8,,,0.03
2025-11-03 22:15:12,1.17.2,Bandit100,1,3.73,,20,0,100,RightWithPellet,Right,61,42,48,8,,,0.02
2025-11-03 22:15:15,1.17.2,Bandit100,1,3.74,1.0,20,0,100,Pellet,Right,61,42,49,8,5.86,691.0,
2025-11-03 22:15:29,1.17.2,Bandit100,1,3.74,,20,0,100,Right,Right,61,43,49,9,,,0.21
2025-11-03 22:15:33,1.17.2,Bandit100,1,3.74,1.0,20,0,100,Pellet,Right,61,43,50,9,3.53,18.0,
2025-11-03 22:17:30,1.17.2,Bandit100,1,3.74,,20,0,100,Left,Right,62,43,50,10,,,0.03
2025-11-03 22:19:43,1.17.2,Bandit100,1,3.74,,20,0,100,Left,Right,63,43,50,10,,,0.06
2025-11-03 22:19:48,1.17.2,Bandit100,1,3.74,,20,0,100,LeftinTimeOut,Right,63,43,50,10,,,
2025-11-03 22:19:49,1.17.2,Bandit100,1,3.74,,20,0,100,LeftinTimeOut,Right,63,43,50,10,,,
2025-11-03 22:21:51,1.17.2,Bandit100,1,3.74,,20,0,100,Left,Right,64,43,50,10,,,0.04
2025-11-03 22:25:05,1.17.2,Bandit100,1,3.74,,20,0,100,Left,Right,65,43,50,10,,,0.17
2025-11-03 22:25:33,1.17.2,Bandit100,1,3.73,,20,0,100,Left,Right,66,43,50,10,,,0.0
2025-11-03 22:25:35,1.17.2,Bandit100,1,3.74,,20,0,100,LeftinTimeOut,Right,66,43,50,10,,,
2025-11-03 22:28:22,1.17.2,Bandit100,1,3.74,,20,0,100,Left,Right,67,43,50,10,,,0.09
2025-11-03 22:28:23,1.17.2,Bandit100,1,3.74,,20,0,100,LeftinTimeOut,Right,67,43,50,10,,,
2025-11-03 22:29:46,1.17.2,Bandit100,1,3.74,,20,0,100,Right,Right,67,44,50,10,,,0.21
2025-11-03 22:29:49,1.17.2,Bandit100,1,3.73,,20,0,100,RightWithPellet,Right,67,45,50,10,,,0.18
2025-11-03 22:29:49,1.17.2,Bandit100,1,3.74,,20,0,100,RightWithPellet,Right,67,46,50,10,,,0.13
2025-11-03 22:29:51,1.17.2,Bandit100,1,3.74,1.0,20,0,100,Pellet,Right,67,46,51,10,4.29,858.0,
2025-11-03 22:30:17,1.17.2,Bandit100,1,3.74,,20,0,100,Right,Right,67,47,51,11,,,0.07
2025-11-03 22:30:23,1.17.2,Bandit100,1,3.74,3.0,20,0,100,Pellet,Right,67,47,52,11,0.83,32.0,
2025-11-03 22:30:36,1.17.2,Bandit100,1,3.73,,20,0,100,Right,Right,67,48,52,12,,,0.12
2025-11-03 22:30:45,1.17.2,Bandit100,1,3.74,5.0,20,0,100,Pellet,Right,67,48,53,12,1.55,22.0,
2025-11-03 22:31:01,1.17.2,Bandit100,1,3.74,,20,0,100,Left,Right,68,48,53,13,,,0.33
2025-11-03 22:31:02,1.17.2,Bandit100,1,3.74,,20,0,100,LeftinTimeOut,Right,68,48,53,13,,,
2025-11-03 22:31:04,1.17.2,Bandit100,1,3.74,,20,0,100,LeftinTimeOut,Right,68,48,53,13,,,
2025-11-03 22:31:13,1.17.2,Bandit100,1,3.74,,20,0,100,LeftinTimeOut,Right,68,48,53,13,,,
2025-11-03 22:31:14,1.17.2,Bandit100,1,3.74,,20,0,100,LeftinTimeOut,Right,68,48,53,13,,,
2025-11-03 22:31:16,1.17.2,Bandit100,1,3.73,,20,0,100,RightinTimeout,Right,68,48,53,13,,,0.0
2025-11-03 22:31:17,1.17.2,Bandit100,1,3.73,,20,0,100,RightinTimeout,Right,68,48,53,13,,,0.0
2025-11-03 22:31:22,1.17.2,Bandit100,1,3.74,,20,0,100,LeftinTimeOut,Right,68,48,53,13,,,
2025-11-03 22:31:24,1.17.2,Bandit100,1,3.73,,20,0,100,RightinTimeout,Right,68,48,53,13,,,0.0
2025-11-03 22:31:27,1.17.2,Bandit100,1,3.74,,20,0,100,RightinTimeout,Right,68,48,53,13,,,0.0
2025-11-03 22:31:29,1.17.2,Bandit100,1,3.74,,20,0,100,RightinTimeout,Right,68,48,53,13,,,0.0
2025-11-03 22:31:29,1.17.2,Bandit100,1,3.74,,20,0,100,RightinTimeout,Right,68,48,53,13,,,0.0
2025-11-03 22:31:31,1.17.2,Bandit100,1,3.74,,20,0,100,LeftinTimeOut,Right,68,48,53,13,,,
2025-11-03 22:31:44,1.17.2,Bandit100,1,3.74,,20,0,100,Left,Right,69,48,53,13,,,0.16
2025-11-03 22:31:48,1.17.2,Bandit100,1,3.74,,20,0,100,LeftinTimeOut,Right,69,48,53,13,,,
2025-11-03 22:31:49,1.17.2,Bandit100,1,3.74,,20,0,100,RightinTimeout,Right,69,48,53,13,,,0.0
2025-11-03 22:32:43,1.17.2,Bandit100,1,3.74,,20,0,100,Right,Right,69,49,53,13,,,0.02
2025-11-03 22:32:50,1.17.2,Bandit100,1,3.73,,20,0,100,RightDuringDispense,Right,69,49,53,13,,,0.11
2025-11-03 22:33:28,1.17.2,Bandit100,1,3.73,13.0,20,0,100,Pellet,Right,69,49,54,13,6.11,163.0,
2025-11-03 22:33:39,1.17.2,Bandit100,1,3.74,,20,0,100,Left,Right,70,49,54,14,,,0.15
2025-11-03 22:34:49,1.17.2,Bandit100,1,3.74,,20,0,100,Right,Right,70,50,54,14,,,0.0
2025-11-03 22:34:51,1.17.2,Bandit100,1,3.73,,20,0,100,RightWithPellet,Right,70,51,54,14,,,0.01
2025-11-03 22:34:56,1.17.2,Bandit100,1,3.74,1.0,20,0,100,Pellet,Right,70,51,55,14,5.97,88.0,
2025-11-03 22:35:42,1.17.2,Bandit100,1,3.73,,20,0,100,Left,Right,71,51,55,15,,,0.39
2025-11-03 22:36:48,1.17.2,Bandit100,1,3.74,,20,0,100,Left,Right,72,51,55,15,,,0.08
2025-11-03 22:36:58,1.17.2,Bandit100,1,3.74,,20,0,100,RightinTimeout,Right,72,51,55,15,,,0.0
2025-11-03 22:36:58,1.17.2,Bandit100,1,3.74,,20,0,100,RightinTimeout,Right,72,51,55,15,,,0.0
2025-11-03 22:37:00,1.17.2,Bandit100,1,3.73,,20,0,100,RightinTimeout,Right,72,51,55,15,,,0.0
2025-11-03 22:37:01,1.17.2,Bandit100,1,3.73,,20,0,100,RightinTimeout,Right,72,51,55,15,,,0.0
2025-11-03 22:42:05,1.17.2,Bandit100,1,3.73,,20,0,100,Right,Right,72,52,55,15,,,0.22
2025-11-03 22:42:05,1.17.2,Bandit100,1,3.74,,20,0,100,RightDuringDispense,Right,72,52,55,15,,,0.05
2025-11-03 22:42:09,1.17.2,Bandit100,1,3.74,3.0,20,0,100,Pellet,Right,72,52,56,15,0.65,433.0,
2025-11-03 22:42:29,1.17.2,Bandit100,1,3.73,,20,0,100,Left,Right,73,52,56,16,,,0.34
2025-11-03 22:42:40,1.17.2,Bandit100,1,3.74,,20,0,100,Right,Right,73,53,56,16,,,0.14
2025-11-03 22:43:00,1.17.2,Bandit100,1,3.74,7.0,20,0,100,Pellet,Right,73,53,57,16,8.45,51.0,
2025-11-03 22:44:12,1.17.2,Bandit100,1,3.73,,20,0,100,Right,Right,73,54,57,17,,,0.0
2025-11-03 22:45:42,1.17.2,Bandit100,1,3.73,,20,0,100,RightDuringDispense,Right,73,54,57,17,,,0.12
2025-11-03 22:45:47,1.17.2,Bandit100,1,3.73,31.0,20,0,100,Pellet,Right,73,54,58,17,3.28,167.0,
2025-11-03 22:46:13,1.17.2,Bandit100,1,3.73,,20,0,100,Left,Right,74,54,58,18,,,0.09
2025-11-03 22:46:54,1.17.2,Bandit100,1,3.73,,20,0,100,Left,Right,75,54,58,18,,,0.2
2025-11-03 22:49:47,1.17.2,Bandit100,1,3.73,,20,0,100,Right,Right,75,55,58,18,,,0.07
2025-11-03 22:49:53,1.17.2,Bandit100,1,3.73,3.0,20,0,100,Pellet,Right,75,55,59,18,1.31,246.0,
2025-11-03 22:50:02,1.17.2,Bandit100,1,3.73,,20,0,100,Left,Right,76,55,59,19,,,0.12
2025-11-03 22:50:04,1.17.2,Bandit100,1,3.73,,20,0,100,LeftinTimeOut,Right,76,55,59,19,,,
2025-11-03 22:50:11,1.17.2,Bandit100,1,3.72,,20,0,100,LeftinTimeOut,Right,76,55,59,19,,,
2025-11-03 22:50:50,1.17.2,Bandit100,1,3.74,,20,0,100,Right,Right,76,56,59,19,,,0.09
2025-11-03 22:51:05,1.17.2,Bandit100,1,3.74,,20,0,100,RightWithPellet,Right,76,57,59,19,,,0.08
2025-11-03 22:51:05,1.17.2,Bandit100,1,3.73,,20,0,100,RightWithPellet,Right,76,58,59,19,,,0.25
2025-11-03 22:51:07,1.17.2,Bandit100,1,3.73,,20,0,100,RightWithPellet,Right,76,59,59,19,,,0.46
2025-11-03 22:51:07,1.17.2,Bandit100,1,3.73,,20,0,100,RightWithPellet,Right,76,60,59,19,,,0.09
2025-11-03 22:51:09,1.17.2,Bandit100,1,3.74,7.0,20,0,100,Pellet,Right,76,60,60,19,6.41,76.0,
2025-11-03 22:53:19,1.17.2,Bandit100,1,3.73,,20,100,0,Right,Left,76,61,60,0,,,0.01
2025-11-03 22:54:25,1.17.2,Bandit100,1,3.73,,20,100,0,Right,Left,76,62,60,0,,,0.15
2025-11-03 22:54:26,1.17.2,Bandit100,1,3.73,,20,100,0,RightinTimeout,Left,76,62,60,0,,,0.0
2025-11-03 22:54:31,1.17.2,Bandit100,1,3.73,,20,100,0,RightinTimeout,Left,76,62,60,0,,,0.0
2025-11-03 22:54:31,1.17.2,Bandit100,1,3.73,,20,100,0,RightinTimeout,Left,76,62,60,0,,,0.0
2025-11-03 22:54:33,1.17.2,Bandit100,1,3.73,,20,100,0,RightinTimeout,Left,76,62,60,0,,,0.0
2025-11-03 22:54:46,1.17.2,Bandit100,1,3.73,,20,100,0,Left,Left,77,62,60,0,,,0.17
2025-11-03 22:55:23,1.17.2,Bandit100,1,3.73,2.0,20,100,0,Pellet,Left,77,62,61,0,35.92,254.0,
2025-11-03 22:55:57,1.17.2,Bandit100,1,3.73,,20,100,0,Right,Left,77,63,61,1,,,0.16
2025-11-03 23:03:47,1.17.2,Bandit100,1,3.73,,20,100,0,Left,Left,78,63,61,1,,,0.08
2025-11-03 23:03:50,1.17.2,Bandit100,1,3.73,2.0,20,100,0,Pellet,Left,78,63,62,1,2.39,507.0,
2025-11-03 23:04:07,1.17.2,Bandit100,1,3.73,,20,100,0,Left,Left,79,63,62,2,,,0.14
2025-11-03 23:04:37,1.17.2,Bandit100,1,3.73,11.0,20,100,0,Pellet,Left,79,63,63,2,1.96,47.0,
2025-11-03 23:04:56,1.17.2,Bandit100,1,3.73,,20,100,0,Left,Left,80,63,63,3,,,0.11
2025-11-03 23:05:12,1.17.2,Bandit100,1,3.73,7.0,20,100,0,Pellet,Left,80,63,64,3,1.55,35.0,
2025-11-03 23:05:22,1.17.2,Bandit100,1,3.73,,20,100,0,Left,Left,81,63,64,4,,,0.05
2025-11-03 23:05:24,1.17.2,Bandit100,1,3.73,1.0,20,100,0,Pellet,Left,81,63,65,4,0.95,12.0,
2025-11-03 23:05:36,1.17.2,Bandit100,1,3.74,,20,100,0,Left,Left,82,63,65,5,,,0.09
2025-11-03 23:06:16,1.17.2,Bandit100,1,3.73,11.0,20,100,0,Pellet,Left,82,63,66,5,13.79,52.0,
2025-11-03 23:07:05,1.17.2,Bandit100,1,3.73,,20,100,0,Left,Left,83,63,66,6,,,0.11
2025-11-03 23:07:20,1.17.2,Bandit100,1,3.73,7.0,20,100,0,Pellet,Left,83,63,67,6,1.91,64.0,
2025-11-03 23:18:56,1.17.2,Bandit100,1,3.73,,20,100,0,Right,Left,83,64,67,7,,,0.07
2025-11-03 23:19:11,1.17.2,Bandit100,1,3.73,,20,100,0,Right,Left,83,65,67,7,,,0.03
2025-11-03 23:25:13,1.17.2,Bandit100,1,3.73,,20,100,0,Right,Left,83,66,67,7,,,0.1
2025-11-03 23:29:47,1.17.2,Bandit100,1,3.73,,20,100,0,Left,Left,84,66,67,7,,,0.22
2025-11-03 23:30:11,1.17.2,Bandit100,1,3.73,6.0,20,100,0,Pellet,Left,84,66,68,7,12.05,1371.0,
2025-11-03 23:31:40,1.17.2,Bandit100,1,3.73,,20,100,0,Right,Left,84,67,68,8,,,0.03
2025-11-03 23:31:42,1.17.2,Bandit100,1,3.73,,20,100,0,RightinTimeout,Left,84,67,68,8,,,0.0
2025-11-03 23:31:42,1.17.2,Bandit100,1,3.73,,20,100,0,RightinTimeout,Left,84,67,68,8,,,0.0
2025-11-03 23:35:51,1.17.2,Bandit100,1,3.74,,20,100,0,Right,Left,84,68,68,8,,,0.11
2025-11-03 23:38:52,1.17.2,Bandit100,1,3.73,,20,100,0,Right,Left,84,69,68,8,,,0.58
2025-11-03 23:38:53,1.17.2,Bandit100,1,3.73,,20,100,0,RightinTimeout,Left,84,69,68,8,,,0.0
2025-11-03 23:39:02,1.17.2,Bandit100,1,3.73,,20,100,0,LeftinTimeOut,Left,84,69,68,8,,,
2025-11-03 23:40:12,1.17.2,Bandit100,1,3.73,,20,100,0,Right,Left,84,70,68,8,,,0.09
2025-11-03 23:42:06,1.17.2,Bandit100,1,3.73,,20,100,0,Right,Left,84,71,68,8,,,0.1
2025-11-03 23:42:06,1.17.2,Bandit100,1,3.73,,20,100,0,RightinTimeout,Left,84,71,68,8,,,0.0
2025-11-03 23:42:10,1.17.2,Bandit100,1,3.73,,20,100,0,RightinTimeout,Left,84,71,68,8,,,0.0
2025-11-03 23:42:14,1.17.2,Bandit100,1,3.73,,20,100,0,RightinTimeout,Left,84,71,68,8,,,0.0
2025-11-03 23:43:04,1.17.2,Bandit100,1,3.73,,20,100,0,Right,Left,84,72,68,8,,,0.01
2025-11-03 23:43:07,1.17.2,Bandit100,1,3.73,,20,100,0,RightinTimeout,Left,84,72,68,8,,,0.0
2025-11-03 23:43:08,1.17.2,Bandit100,1,3.73,,20,100,0,RightinTimeout,Left,84,72,68,8,,,0.0
2025-11-03 23:43:09,1.17.2,Bandit100,1,3.73,,20,100,0,RightinTimeout,Left,84,72,68,8,,,0.0
2025-11-03 23:43:09,1.17.2,Bandit100,1,3.73,,20,100,0,RightinTimeout,Left,84,72,68,8,,,0.0
2025-11-03 23:43:09,1.17.2,Bandit100,1,3.73,,20,100,0,RightinTimeout,Left,84,72,68,8,,,0.0
2025-11-03 23:43:18,1.17.2,Bandit100,1,3.73,,20,100,0,LeftinTimeOut,Left,84,72,68,8,,,
2025-11-03 23:46:57,1.17.2,Bandit100,1,3.73,,20,100,0,Right,Left,84,73,68,8,,,0.09
2025-11-03 23:46:58,1.17.2,Bandit100,1,3.73,,20,100,0,RightinTimeout,Left,84,73,68,8,,,0.0
2025-11-03 23:47:00,1.17.2,Bandit100,1,3.73,,20,100,0,RightinTimeout,Left,84,73,68,8,,,0.0
2025-11-03 23:47:00,1.17.2,Bandit100,1,3.73,,20,100,0,RightinTimeout,Left,84,73,68,8,,,0.0
2025-11-03 23:47:00,1.17.2,Bandit100,1,3.73,,20,100,0,RightinTimeout,Left,84,73,68,8,,,0.0
2025-11-03 23:47:01,1.17.2,Bandit100,1,3.73,,20,100,0,RightinTimeout,Left,84,73,68,8,,,0.0
2025-11-03 23:47:03,1.17.2,Bandit100,1,3.73,,20,100,0,RightinTimeout,Left,84,73,68,8,,,0.0
2025-11-03 23:47:12,1.17.2,Bandit100,1,3.73,,20,100,0,RightinTimeout,Left,84,73,68,8,,,0.0
2025-11-03 23:47:25,1.17.2,Bandit100,1,3.73,,20,100,0,Right,Left,84,74,68,8,,,0.09
2025-11-03 23:47:26,1.17.2,Bandit100,1,3.73,,20,100,0,RightinTimeout,Left,84,74,68,8,,,0.0
2025-11-03 23:47:28,1.17.2,Bandit100,1,3.73,,20,100,0,LeftinTimeOut,Left,84,74,68,8,,,
2025-11-03 23:47:29,1.17.2,Bandit100,1,3.73,,20,100,0,LeftinTimeOut,Left,84,74,68,8,,,
2025-11-03 23:47:30,1.17.2,Bandit100,1,3.74,,20,100,0,RightinTimeout,Left,84,74,68,8,,,0.0
2025-11-03 23:47:31,1.17.2,Bandit100,1,3.73,,20,100,0,RightinTimeout,Left,84,74,68,8,,,0.0
2025-11-03 23:47:35,1.17.2,Bandit100,1,3.73,,20,100,0,RightinTimeout,Left,84,74,68,8,,,0.0
2025-11-03 23:47:37,1.17.2,Bandit100,1,3.73,,20,100,0,LeftinTimeOut,Left,84,74,68,8,,,
2025-11-03 23:49:10,1.17.2,Bandit100,1,3.73,,20,100,0,Left,Left,85,74,68,8,,,0.54
2025-11-03 23:49:15,1.17.2,Bandit100,1,3.73,1.0,20,100,0,Pellet,Left,85,74,69,8,3.89,1144.0,
2025-11-03 23:49:30,1.17.2,Bandit100,1,3.73,,20,100,0,Right,Left,85,75,69,9,,,0.02
2025-11-03 23:49:30,1.17.2,Bandit100,1,3.73,,20,100,0,RightinTimeout,Left,85,75,69,9,,,0.0
2025-11-03 23:49:37,1.17.2,Bandit100,1,3.73,,20,100,0,LeftinTimeOut,Left,85,75,69,9,,,
2025-11-03 23:49:41,1.17.2,Bandit100,1,3.73,,20,100,0,LeftinTimeOut,Left,85,75,69,9,,,
2025-11-03 23:49:42,1.17.2,Bandit100,1,3.73,,20,100,0,LeftinTimeOut,Left,85,75,69,9,,,
2025-11-03 23:49:48,1.17.2,Bandit100,1,3.73,,20,100,0,RightinTimeout,Left,85,75,69,9,,,0.0
2025-11-03 23:49:52,1.17.2,Bandit100,1,3.73,,20,100,0,RightinTimeout,Left,85,75,69,9,,,0.0
2025-11-03 23:49:54,1.17.2,Bandit100,1,3.73,,20,100,0,RightinTimeout,Left,85,75,69,9,,,0.0
2025-11-03 23:50:01,1.17.2,Bandit100,1,3.73,,20,100,0,LeftinTimeOut,Left,85,75,69,9,,,
2025-11-03 23:50:06,1.17.2,Bandit100,1,3.72,,20,100,0,RightinTimeout,Left,85,75,69,9,,,0.0
2025-11-03 23:51:59,1.17.2,Bandit100,1,3.73,,20,100,0,Left,Left,86,75,69,9,,,0.34
2025-11-03 23:52:00,1.17.2,Bandit100,1,3.73,,20,100,0,LeftWithPellet,Left,86,75,69,9,,,0.08
2025-11-03 23:52:02,1.17.2,Bandit100,1,3.73,1.0,20,100,0,Pellet,Left,86,75,70,9,2.27,167.0,
2025-11-03 23:52:12,1.17.2,Bandit100,1,3.73,,20,100,0,Right,Left,86,76,70,10,,,0.41
2025-11-03 23:52:17,1.17.2,Bandit100,1,3.73,,20,100,0,LeftinTimeOut,Left,86,76,70,10,,,
2025-11-03 23:52:19,1.17.2,Bandit100,1,3.73,,20,100,0,LeftinTimeOut,Left,86,76,70,10,,,
2025-11-03 23:52:19,1.17.2,Bandit100,1,3.73,,20,100,0,LeftinTimeOut,Left,86,76,70,10,,,
2025-11-03 23:52:24,1.17.2,Bandit100,1,3.73,,20,100,0,RightinTimeout,Left,86,76,70,10,,,0.0
2025-11-03 23:52:26,1.17.2,Bandit100,1,3.73,,20,100,0,RightinTimeout,Left,86,76,70,10,,,0.0
2025-11-03 23:52:26,1.17.2,Bandit100,1,3.73,,20,100,0,RightinTimeout,Left,86,76,70,10,,,0.0
2025-11-03 23:52:27,1.17.2,Bandit100,1,3.73,,20,100,0,RightinTimeout,Left,86,76,70,10,,,0.0
2025-11-03 23:52:29,1.17.2,Bandit100,1,3.73,,20,100,0,RightinTimeout,Left,86,76,70,10,,,0.0
2025-11-03 23:52:29,1.17.2,Bandit100,1,3.73,,20,100,0,RightinTimeout,Left,86,76,70,10,,,0.0
2025-11-03 23:52:33,1.17.2,Bandit100,1,3.73,,20,100,0,LeftinTimeOut,Left,86,76,70,10,,,
2025-11-03 23:52:34,1.17.2,Bandit100,1,3.73,,20,100,0,LeftinTimeOut,Left,86,76,70,10,,,
2025-11-03 23:53:48,1.17.2,Bandit100,1,3.73,,20,100,0,Left,Left,87,76,70,10,,,0.02
2025-11-03 23:53:51,1.17.2,Bandit100,1,3.72,1.0,20,100,0,Pellet,Left,87,76,71,10,2.03,109.0,
2025-11-03 23:54:07,1.17.2,Bandit100,1,3.72,,20,100,0,Left,Left,88,76,71,11,,,0.39
2025-11-03 23:54:09,1.17.2,Bandit100,1,3.73,1.0,20,100,0,Pellet,Left,88,76,72,11,1.37,18.0,
2025-11-03 23:54:40,1.17.2,Bandit100,1,3.73,,20,100,0,Right,Left,88,77,72,12,,,0.11
2025-11-03 23:54:40,1.17.2,Bandit100,1,3.73,,20,100,0,RightinTimeout,Left,88,77,72,12,,,0.0
2025-11-03 23:54:59,1.17.2,Bandit100,1,3.73,,20,100,0,Left,Left,89,77,72,12,,,0.02
2025-11-03 23:55:00,1.17.2,Bandit100,1,3.72,,20,100,0,LeftDuringDispense,Left,89,77,72,12,,,0.03
2025-11-03 23:55:21,1.17.2,Bandit100,1,3.73,6.0,20,100,0,Pellet,Left,89,77,73,12,9.83,72.0,
2025-11-03 23:56:14,1.17.2,Bandit100,1,3.73,,20,100,0,Left,Left,90,77,73,13,,,0.34
2025-11-03 23:56:20,1.17.2,Bandit100,1,3.73,,20,100,0,LeftDuringDispense,Left,90,77,73,13,,,0.01
2025-11-03 23:56:34,1.17.2,Bandit100,1,3.73,,20,100,0,LeftDuringDispense,Left,90,77,73,13,,,0.0
2025-11-03 23:56:34,1.17.2,Bandit100,1,3.73,,20,100,0,LeftDuringDispense,Left,90,77,73,13,,,0.17
2025-11-03 23:56:41,1.17.2,Bandit100,1,3.73,11.0,20,100,0,Pellet,Left,90,77,74,13,2.56,80.0,
2025-11-03 23:59:58,1.17.2,Bandit100,1,3.73,,20,100,0,Right,Left,90,78,74,14,,,0.02
2025-11-04 00:03:40,1.17.2,Bandit100,1,3.73,,20,100,0,Right,Left,90,79,74,14,,,0.17
2025-11-04 00:03:40,1.17.2,Bandit100,1,3.73,,20,100,0,RightinTimeout,Left,90,79,74,14,,,0.0
2025-11-04 00:03:41,1.17.2,Bandit100,1,3.73,,20,100,0,RightinTimeout,Left,90,79,74,14,,,0.0
2025-11-04 00:03:48,1.17.2,Bandit100,1,3.73,,20,100,0,RightinTimeout,Left,90,79,74,14,,,0.0
2025-11-04 00:03:48,1.17.2,Bandit100,1,3.73,,20,100,0,RightinTimeout,Left,90,79,74,14,,,0.0
2025-11-04 00:03:48,1.17.2,Bandit100,1,3.73,,20,100,0,RightinTimeout,Left,90,79,74,14,,,0.0
2025-11-04 00:03:49,1.17.2,Bandit100,1,3.73,,20,100,0,RightinTimeout,Left,90,79,74,14,,,0.0
2025-11-04 00:03:49,1.17.2,Bandit100,1,3.73,,20,100,0,RightinTimeout,Left,90,79,74,14,,,0.0
2025-11-04 00:03:55,1.17.2,Bandit100,1,3.73,,20,100,0,LeftinTimeOut,Left,90,79,74,14,,,
2025-11-04 00:06:08,1.17.2,Bandit100,1,3.73,,20,100,0,Left,Left,91,79,74,14,,,0.11
2025-11-04 00:06:35,1.17.2,Bandit100,1,3.73,,20,100,0,LeftWithPellet,Left,91,79,74,14,,,0.19
2025-11-04 00:06:37,1.17.2,Bandit100,1,3.73,,20,100,0,LeftWithPellet,Left,91,79,74,14,,,0.05
2025-11-04 00:06:39,1.17.2,Bandit100,1,3.73,11.0,20,100,0,Pellet,Left,91,79,75,14,4.68,598.0,
2025-11-04 00:07:51,1.17.2,Bandit100,1,3.73,,20,100,0,Left,Left,92,79,75,15,,,0.04
2025-11-04 00:07:58,1.17.2,Bandit100,1,3.73,4.0,20,100,0,Pellet,Left,92,79,76,15,2.38,79.0,
2025-11-04 00:08:06,1.17.2,Bandit100,1,3.73,,20,100,0,Right,Left,92,80,76,16,,,0.02
2025-11-04 00:08:08,1.17.2,Bandit100,1,3.73,,20,100,0,RightinTimeout,Left,92,80,76,16,,,0.0
2025-11-04 00:08:19,1.17.2,Bandit100,1,3.73,,20,100,0,Left,Left,93,80,76,16,,,0.07
2025-11-04 00:08:43,1.17.2,Bandit100,1,3.73,6.0,20,100,0,Pellet,Left,93,80,77,16,12.16,45.0,
2025-11-04 00:13:42,1.17.2,Bandit100,1,3.73,,20,100,0,Right,Left,93,81,77,17,,,0.96
2025-11-04 00:13:43,1.17.2,Bandit100,1,3.73,,20,100,0,RightinTimeout,Left,93,81,77,17,,,0.0
2025-11-04 00:19:41,1.17.2,Bandit100,1,3.73,,20,100,0,Left,Left,94,81,77,17,,,0.3
2025-11-04 00:19:50,1.17.2,Bandit100,1,3.73,,20,100,0,LeftDuringDispense,Left,94,81,77,17,,,0.12
2025-11-04 00:19:51,1.17.2,Bandit100,1,3.73,,20,100,0,LeftDuringDispense,Left,94,81,77,17,,,0.16
2025-11-04 00:19:51,1.17.2,Bandit100,1,3.73,,20,100,0,LeftDuringDispense,Left,94,81,77,17,,,0.13
2025-11-04 00:20:00,1.17.2,Bandit100,1,3.73,,20,100,0,LeftDuringDispense,Left,94,81,77,17,,,0.03
2025-11-04 00:20:09,1.17.2,Bandit100,1,3.73,,20,100,0,RightDuringDispense,Left,94,81,77,17,,,0.17
2025-11-04 00:20:12,1.17.2,Bandit100,1,3.73,11.0,20,100,0,Pellet,Left,94,81,78,17,2.44,689.0,
2025-11-04 00:22:53,1.17.2,Bandit100,1,3.73,,20,100,0,Right,Left,94,82,78,18,,,0.13
2025-11-04 00:22:55,1.17.2,Bandit100,1,3.73,,20,100,0,LeftinTimeOut,Left,94,82,78,18,,,
2025-11-04 00:25:01,1.17.2,Bandit100,1,3.73,,20,100,0,Left,Left,95,82,78,18,,,0.24
2025-11-04 00:25:16,1.17.2,Bandit100,1,3.73,7.0,20,100,0,Pellet,Left,95,82,79,18,1.01,304.0,
2025-11-04 00:32:07,1.17.2,Bandit100,1,3.73,,20,100,0,Left,Left,96,82,79,19,,,0.11
2025-11-04 00:32:08,1.17.2,Bandit100,1,3.73,1.0,20,100,0,Pellet,Left,96,82,80,19,0.77,412.0,
2025-11-04 00:36:44,1.17.2,Bandit100,1,3.73,,20,0,100,Left,Right,97,82,80,0,,,0.06
2025-11-04 00:36:45,1.17.2,Bandit100,1,3.73,,20,0,100,LeftinTimeOut,Right,97,82,80,0,,,
2025-11-04 00:37:08,1.17.2,Bandit100,1,3.73,,20,0,100,Right,Right,97,83,80,0,,,0.71
2025-11-04 00:37:10,1.17.2,Bandit100,1,3.73,1.0,20,0,100,Pellet,Right,97,83,81,0,2.03,302.0,
2025-11-04 00:37:21,1.17.2,Bandit100,1,3.73,,20,0,100,Right,Right,97,84,81,1,,,0.33
2025-11-04 00:37:24,1.17.2,Bandit100,1,3.73,2.0,20,0,100,Pellet,Right,97,84,82,1,0.59,14.0,
2025-11-04 00:37:39,1.17.2,Bandit100,1,3.73,,20,0,100,Right,Right,97,85,82,2,,,0.12
2025-11-04 00:37:40,1.17.2,Bandit100,1,3.73,1.0,20,0,100,Pellet,Right,97,85,83,2,0.65,16.0,
2025-11-04 00:37:59,1.17.2,Bandit100,1,3.73,,20,0,100,Right,Right,97,86,83,3,,,0.09
2025-11-04 00:38:02,1.17.2,Bandit100,1,3.73,1.0,20,0,100,Pellet,Right,97,86,84,3,1.91,22.0,
2025-11-04 00:38:22,1.17.2,Bandit100,1,3.73,,20,0,100,Right,Right,97,87,84,4,,,0.11
2025-11-04 00:38:24,1.17.2,Bandit100,1,3.73,1.0,20,0,100,Pellet,Right,97,87,85,4,1.85,22.0,
2025-11-04 00:38:41,1.17.2,Bandit100,1,3.73,,20,0,100,Left,Right,98,87,85,5,,,0.33
2025-11-04 00:41:33,1.17.2,Bandit100,1,3.73,,20,0,100,Left,Right,99,87,85,5,,,0.0
2025-11-04 00:41:47,1.17.2,Bandit100,1,3.73,,20,0,100,Right,Right,99,88,85,5,,,0.07
2025-11-04 00:43:36,1.17.2,Bandit100,1,3.73,6.0,20,0,100,Pellet,Right,99,88,86,5,Timed_out,312.0,
2025-11-04 00:52:52,1.17.2,Bandit100,1,3.73,,20,0,100,Left,Right,100,88,86,6,,,0.17
2025-11-04 00:52:55,1.17.2,Bandit100,1,3.73,,20,0,100,RightinTimeout,Right,100,88,86,6,,,0.0
2025-11-04 01:00:56,1.17.2,Bandit100,1,3.73,,20,0,100,Left,Right,101,88,86,6,,,0.33
2025-11-04 01:55:04,1.17.2,Bandit100,1,3.72,,20,0,100,Left,Right,102,88,86,6,,,0.02
2025-11-04 01:55:11,1.17.2,Bandit100,1,3.72,,20,0,100,LeftinTimeOut,Right,102,88,86,6,,,
2025-11-04 01:55:13,1.17.2,Bandit100,1,3.73,,20,0,100,RightinTimeout,Right,102,88,86,6,,,0.0
2025-11-04 01:59:06,1.17.2,Bandit100,1,3.73,,20,0,100,Right,Right,102,89,86,6,,,0.04
2025-11-04 01:59:51,1.17.2,Bandit100,1,3.72,,20,0,100,RightDuringDispense,Right,102,89,86,6,,,0.15
2025-11-04 01:59:54,1.17.2,Bandit100,1,3.73,,20,0,100,RightDuringDispense,Right,102,89,86,6,,,0.18
2025-11-04 02:00:18,1.17.2,Bandit100,1,3.73,,20,0,100,RightDuringDispense,Right,102,89,86,6,,,0.17
2025-11-04 02:00:29,1.17.2,Bandit100,1,3.72,,20,0,100,LeftDuringDispense,Right,102,89,86,6,,,0.1
2025-11-04 02:00:30,1.17.2,Bandit100,1,3.72,,20,0,100,LeftDuringDispense,Right,102,89,86,6,,,0.17
2025-11-04 02:02:12,1.17.2,Bandit100,1,3.72,,20,0,100,RightDuringDispense,Right,102,89,86,6,,,0.33
2025-11-04 02:02:17,1.17.2,Bandit100,1,3.72,,20,0,100,LeftDuringDispense,Right,102,89,86,6,,,0.03
2025-11-04 15:17:56,1.17.2,Bandit100,1,3.69,,20,0,100,Right,Right,102,90,86,0,,,0.32
2025-11-04 15:17:58,1.17.2,Bandit100,1,3.69,1.0,20,0,100,Pellet,Right,102,90,87,0,2.02,,
2025-11-04 15:18:00,1.17.2,Bandit100,1,3.69,,20,0,100,Right,Right,102,91,87,1,,,0.34
2025-11-04 15:18:14,1.17.2,Bandit100,1,3.7,7.0,20,0,100,Pellet,Right,102,91,88,1,0.06,16.0,
2025-11-04 15:20:33,1.17.2,Bandit100,1,3.69,,20,0,100,Left,Right,103,91,88,2,,,0.07
2025-11-04 15:20:44,1.17.2,Bandit100,1,3.69,,20,0,100,Right,Right,103,92,88,2,,,0.27
2025-11-04 15:20:46,1.17.2,Bandit100,1,3.69,2.0,20,0,100,Pellet,Right,103,92,89,2,1.19,152.0,
2025-11-04 15:20:54,1.17.2,Bandit100,1,3.69,,20,0,100,Right,Right,103,93,89,3,,,0.08
2025-11-04 15:20:56,1.17.2,Bandit100,1,3.69,2.0,20,0,100,Pellet,Right,103,93,90,3,0.95,10.0,
2025-11-04 15:21:18,1.17.2,Bandit100,1,3.69,,20,0,100,Left,Right,104,93,90,4,,,0.02
2025-11-04 15:21:21,1.17.2,Bandit100,1,3.69,,20,0,100,LeftinTimeOut,Right,104,93,90,4,,,
2025-11-04 15:21:21,1.17.2,Bandit100,1,3.67,,20,0,100,LeftinTimeOut,Right,104,93,90,4,,,
2025-11-04 15:21:32,1.17.2,Bandit100,1,3.69,,20,0,100,LeftinTimeOut,Right,104,93,90,4,,,
2025-11-04 15:22:01,1.17.2,Bandit100,1,3.69,,20,0,100,Right,Right,104,94,90,4,,,0.11
2025-11-04 15:22:04,1.17.2,Bandit100,1,3.69,1.0,20,0,100,Pellet,Right,104,94,91,4,2.44,68.0,
2025-11-04 15:22:44,1.17.2,Bandit100,1,3.69,,20,0,100,Right,Right,104,95,91,5,,,0.18
2025-11-04 15:22:46,1.17.2,Bandit100,1,3.69,1.0,20,0,100,Pellet,Right,104,95,92,5,1.37,42.0,
2025-11-04 15:23:53,1.17.2,Bandit100,1,3.69,,20,0,100,Left,Right,105,95,92,6,,,0.05
2025-11-04 15:25:23,1.17.2,Bandit100,1,3.7,,20,0,100,Left,Right,106,95,92,6,,,0.01
2025-11-04 15:25:30,1.17.2,Bandit100,1,3.69,,20,0,100,RightinTimeout,Right,106,95,92,6,,,0.0
2025-11-04 15:25:31,1.17.2,Bandit100,1,3.69,,20,0,100,RightinTimeout,Right,106,95,92,6,,,0.0
2025-11-04 15:25:39,1.17.2,Bandit100,1,3.69,,20,0,100,RightinTimeout,Right,106,95,92,6,,,0.0
2025-11-04 15:25:53,1.17.2,Bandit100,1,3.69,,20,0,100,Right,Right,106,96,92,6,,,0.23
2025-11-04 15:25:54,1.17.2,Bandit100,1,3.69,1.0,20,0,100,Pellet,Right,106,96,93,6,1.01,188.0,
2025-11-04 15:27:20,1.17.2,Bandit100,1,3.69,,20,0,100,Right,Right,106,97,93,7,,,0.21
2025-11-04 15:27:21,1.17.2,Bandit100,1,3.69,1.0,20,0,100,Pellet,Right,106,97,94,7,0.77,87.0,
2025-11-04 15:27:38,1.17.2,Bandit100,1,3.69,,20,0,100,Left,Right,107,97,94,8,,,0.26
2025-11-04 15:27:42,1.17.2,Bandit100,1,3.69,,20,0,100,LeftinTimeOut,Right,107,97,94,8,,,
2025-11-04 15:27:42,1.17.2,Bandit100,1,3.69,,20,0,100,LeftinTimeOut,Right,107,97,94,8,,,
2025-11-04 15:27:44,1.17.2,Bandit100,1,3.69,,20,0,100,LeftinTimeOut,Right,107,97,94,8,,,
2025-11-04 15:27:47,1.17.2,Bandit100,1,3.69,,20,0,100,RightinTimeout,Right,107,97,94,8,,,0.0
2025-11-04 15:27:55,1.17.2,Bandit100,1,3.69,,20,0,100,LeftinTimeOut,Right,107,97,94,8,,,
2025-11-04 15:28:25,1.17.2,Bandit100,1,3.69,,20,0,100,Left,Right,108,97,94,8,,,0.34
2025-11-04 15:28:27,1.17.2,Bandit100,1,3.69,,20,0,100,RightinTimeout,Right,108,97,94,8,,,0.0
2025-11-04 15:30:16,1.17.2,Bandit100,1,3.69,,20,0,100,Right,Right,108,98,94,8,,,0.19
2025-11-04 15:30:19,1.17.2,Bandit100,1,3.69,2.0,20,0,100,Pellet,Right,108,98,95,8,0.95,178.0,
2025-11-04 15:30:39,1.17.2,Bandit100,1,3.69,,20,0,100,Right,Right,108,99,95,9,,,0.02
2025-11-04 15:30:41,1.17.2,Bandit100,1,3.69,1.0,20,0,100,Pellet,Right,108,99,96,9,0.83,22.0,
2025-11-04 15:30:50,1.17.2,Bandit100,1,3.69,,20,0,100,Right,Right,108,100,96,10,,,0.16
2025-11-04 15:30:52,1.17.2,Bandit100,1,3.69,1.0,20,0,100,Pellet,Right,108,100,97,10,1.13,11.0,
2025-11-04 15:31:08,1.17.2,Bandit100,1,3.69,,20,0,100,Right,Right,108,101,97,11,,,0.04
2025-11-04 15:31:10,1.17.2,Bandit100,1,3.69,1.0,20,0,100,Pellet,Right,108,101,98,11,1.07,18.0,
2025-11-04 15:31:29,1.17.2,Bandit100,1,3.69,,20,0,100,Left,Right,109,101,98,12,,,0.08
2025-11-04 15:31:36,1.17.2,Bandit100,1,3.69,,20,0,100,RightinTimeout,Right,109,101,98,12,,,0.0
2025-11-04 15:31:36,1.17.2,Bandit100,1,3.69,,20,0,100,RightinTimeout,Right,109,101,98,12,,,0.0
2025-11-04 15:31:38,1.17.2,Bandit100,1,3.69,,20,0,100,RightinTimeout,Right,109,101,98,12,,,0.0
2025-11-04 15:31:38,1.17.2,Bandit100,1,3.69,,20,0,100,RightinTimeout,Right,109,101,98,12,,,0.0
2025-11-04 15:31:38,1.17.2,Bandit100,1,3.69,,20,0,100,RightinTimeout,Right,109,101,98,12,,,0.0
2025-11-04 15:31:41,1.17.2,Bandit100,1,3.69,,20,0,100,RightinTimeout,Right,109,101,98,12,,,0.0
2025-11-04 15:31:41,1.17.2,Bandit100,1,3.69,,20,0,100,RightinTimeout,Right,109,101,98,12,,,0.0
2025-11-04 15:31:48,1.17.2,Bandit100,1,3.69,,20,0,100,RightinTimeout,Right,109,101,98,12,,,0.0
2025-11-04 15:31:52,1.17.2,Bandit100,1,3.69,,20,0,100,RightinTimeout,Right,109,101,98,12,,,0.0
2025-11-04 15:32:01,1.17.2,Bandit100,1,3.69,,20,0,100,LeftinTimeOut,Right,109,101,98,12,,,
2025-11-04 15:32:04,1.17.2,Bandit100,1,3.69,,20,0,100,RightinTimeout,Right,109,101,98,12,,,0.0
2025-11-04 15:32:05,1.17.2,Bandit100,1,3.69,,20,0,100,RightinTimeout,Right,109,101,98,12,,,0.0
2025-11-04 15:32:06,1.17.2,Bandit100,1,3.69,,20,0,100,RightinTimeout,Right,109,101,98,12,,,0.0
2025-11-04 15:32:10,1.17.2,Bandit100,1,3.69,,20,0,100,RightinTimeout,Right,109,101,98,12,,,0.0
2025-11-04 15:33:04,1.17.2,Bandit100,1,3.69,,20,0,100,Left,Right,110,101,98,12,,,0.27
2025-11-04 15:37:31,1.17.2,Bandit100,1,3.69,,20,0,100,Right,Right,110,102,98,12,,,0.06
2025-11-04 15:37:33,1.17.2,Bandit100,1,3.68,1.0,20,0,100,Pellet,Right,110,102,99,12,1.25,383.0,
2025-11-04 15:39:03,1.17.2,Bandit100,1,3.69,,20,0,100,Right,Right,110,103,99,13,,,0.23
2025-11-04 15:39:05,1.17.2,Bandit100,1,3.69,1.0,20,0,100,Pellet,Right,110,103,100,13,0.95,92.0,
2025-11-04 15:39:36,1.17.2,Bandit100,1,3.69,,20,0,100,Right,Right,110,104,100,14,,,0.01
2025-11-04 15:39:38,1.17.2,Bandit100,1,3.69,1.0,20,0,100,Pellet,Right,110,104,101,14,1.25,33.0,
2025-11-04 17:00:24,1.17.2,Bandit100,1,3.69,,20,0,100,Right,Right,110,105,101,15,,,0.08
2025-11-04 17:00:31,1.17.2,Bandit100,1,3.69,2.0,20,0,100,Pellet,Right,110,105,102,15,3.94,4853.0,
2025-11-04 17:00:57,1.17.2,Bandit100,1,3.69,,20,0,100,Right,Right,110,106,102,16,,,0.03
2025-11-04 17:00:59,1.17.2,Bandit100,1,3.69,1.0,20,0,100,Pellet,Right,110,106,103,16,1.55,28.0,
2025-11-04 17:01:21,1.17.2,Bandit100,1,3.69,,20,0,100,Right,Right,110,107,103,17,,,0.17
2025-11-04 17:01:26,1.17.2,Bandit100,1,3.68,1.0,20,0,100,Pellet,Right,110,107,104,17,4.42,27.0,
2025-11-04 17:01:46,1.17.2,Bandit100,1,3.69,,20,0,100,Left,Right,111,107,104,18,,,0.31
2025-11-04 17:01:48,1.17.2,Bandit100,1,3.68,,20,0,100,LeftinTimeOut,Right,111,107,104,18,,,
2025-11-04 17:01:55,1.17.2,Bandit100,1,3.69,,20,0,100,RightinTimeout,Right,111,107,104,18,,,0.0
2025-11-04 17:01:55,1.17.2,Bandit100,1,3.68,,20,0,100,RightinTimeout,Right,111,107,104,18,,,0.0
2025-11-04 17:02:06,1.17.2,Bandit100,1,3.69,,20,0,100,Right,Right,111,108,104,18,,,0.13
2025-11-04 17:02:08,1.17.2,Bandit100,1,3.69,1.0,20,0,100,Pellet,Right,111,108,105,18,1.07,42.0,
2025-11-04 17:02:27,1.17.2,Bandit100,1,3.69,,20,0,100,Right,Right,111,109,105,19,,,0.12
2025-11-04 17:02:30,1.17.2,Bandit100,1,3.69,1.0,20,0,100,Pellet,Right,111,109,106,19,1.55,22.0,
2025-11-04 17:02:44,1.17.2,Bandit100,1,3.68,,20,100,0,Left,Left,112,109,106,0,,,0.41
2025-11-04 17:02:44,1.17.2,Bandit100,1,3.68,,20,100,0,LeftDuringDispense,Left,112,109,106,0,,,0.01
2025-11-04 17:02:50,1.17.2,Bandit100,1,3.69,2.0,20,100,0,Pellet,Left,112,109,107,0,3.58,20.0,
2025-11-04 17:03:35,1.17.2,Bandit100,1,3.68,,20,100,0,Left,Left,113,109,107,1,,,0.38
2025-11-04 17:03:40,1.17.2,Bandit100,1,3.68,1.0,20,100,0,Pellet,Left,113,109,108,1,3.58,50.0,
2025-11-04 17:04:18,1.17.2,Bandit100,1,3.68,,20,100,0,Left,Left,114,109,108,2,,,0.09
2025-11-04 17:04:21,1.17.2,Bandit100,1,3.69,2.0,20,100,0,Pellet,Left,114,109,109,2,0.77,41.0,
2025-11-04 17:04:50,1.17.2,Bandit100,1,3.69,,20,100,0,Right,Left,114,110,109,3,,,0.4
2025-11-04 17:04:58,1.17.2,Bandit100,1,3.69,,20,100,0,RightinTimeout,Left,114,110,109,3,,,0.0
2025-11-04 17:05:02,1.17.2,Bandit100,1,3.69,,20,100,0,LeftinTimeOut,Left,114,110,109,3,,,
2025-11-04 17:05:04,1.17.2,Bandit100,1,3.69,,20,100,0,RightinTimeout,Left,114,110,109,3,,,0.0
2025-11-04 17:48:49,1.17.2,Bandit100,1,3.68,,20,100,0,Right,Left,114,111,109,3,,,0.06
2025-11-04 17:49:21,1.17.2,Bandit100,1,3.68,,20,100,0,Right,Left,114,112,109,3,,,0.34
2025-11-04 18:14:48,1.17.2,Bandit100,1,3.69,,20,100,0,Right,Left,114,113,109,3,,,0.28
2025-11-04 18:14:51,1.17.2,Bandit100,1,3.68,,20,100,0,RightinTimeout,Left,114,113,109,3,,,0.0
2025-11-04 18:14:56,1.17.2,Bandit100,1,3.68,,20,100,0,LeftinTimeOut,Left,114,113,109,3,,,
2025-11-04 18:15:00,1.17.2,Bandit100,1,3.68,,20,100,0,RightinTimeout,Left,114,113,109,3,,,0.0
2025-11-04 18:15:00,1.17.2,Bandit100,1,3.68,,20,100,0,RightinTimeout,Left,114,113,109,3,,,0.0
2025-11-04 18:15:03,1.17.2,Bandit100,1,3.69,,20,100,0,RightinTimeout,Left,114,113,109,3,,,0.0
2025-11-04 18:15:03,1.17.2,Bandit100,1,3.68,,20,100,0,RightinTimeout,Left,114,113,109,3,,,0.0
2025-11-04 18:15:03,1.17.2,Bandit100,1,3.68,,20,100,0,RightinTimeout,Left,114,113,109,3,,,0.0
2025-11-04 18:15:04,1.17.2,Bandit100,1,3.68,,20,100,0,RightinTimeout,Left,114,113,109,3,,,0.0
2025-11-04 18:15:04,1.17.2,Bandit100,1,3.68,,20,100,0,RightinTimeout,Left,114,113,109,3,,,0.0
2025-11-04 18:15:05,1.17.2,Bandit100,1,3.68,,20,100,0,RightinTimeout,Left,114,113,109,3,,,0.0
2025-11-04 18:15:05,1.17.2,Bandit100,1,3.67,,20,100,0,RightinTimeout,Left,114,113,109,3,,,0.0
2025-11-04 18:15:05,1.17.2,Bandit100,1,3.69,,20,100,0,RightinTimeout,Left,114,113,109,3,,,0.0
2025-11-04 18:15:07,1.17.2,Bandit100,1,3.68,,20,100,0,RightinTimeout,Left,114,113,109,3,,,0.0
2025-11-04 18:15:20,1.17.2,Bandit100,1,3.68,,20,100,0,Right,Left,114,114,109,3,,,0.28
2025-11-04 18:15:26,1.17.2,Bandit100,1,3.68,,20,100,0,RightinTimeout,Left,114,114,109,3,,,0.0
2025-11-04 18:26:53,1.17.2,Bandit100,1,3.69,,20,100,0,Right,Left,114,115,109,3,,,0.14
2025-11-04 18:26:57,1.17.2,Bandit100,1,3.68,,20,100,0,LeftinTimeOut,Left,114,115,109,3,,,
2025-11-04 18:26:58,1.17.2,Bandit100,1,3.68,,20,100,0,RightinTimeout,Left,114,115,109,3,,,0.0
2025-11-04 18:26:59,1.17.2,Bandit100,1,3.68,,20,100,0,RightinTimeout,Left,114,115,109,3,,,0.0
2025-11-04 18:27:06,1.17.2,Bandit100,1,3.68,,20,100,0,LeftinTimeOut,Left,114,115,109,3,,,
2025-11-04 18:27:49,1.17.2,Bandit100,1,3.69,,20,100,0,Left,Left,115,115,109,3,,,0.01
2025-11-04 18:27:50,1.17.2,Bandit100,1,3.68,1.0,20,100,0,Pellet,Left,115,115,110,3,1.01,5009.0,
2025-11-04 18:28:27,1.17.2,Bandit100,1,3.68,,20,100,0,Right,Left,115,116,110,4,,,0.01
2025-11-04 18:28:31,1.17.2,Bandit100,1,3.68,,20,100,0,LeftinTimeOut,Left,115,116,110,4,,,
2025-11-04 18:28:48,1.17.2,Bandit100,1,3.68,,20,100,0,Right,Left,115,117,110,4,,,0.25
2025-11-04 18:28:49,1.17.2,Bandit100,1,3.69,,20,100,0,RightinTimeout,Left,115,117,110,4,,,0.0
2025-11-04 18:29:34,1.17.2,Bandit100,1,3.68,,20,100,0,Left,Left,116,117,110,4,,,0.01
2025-11-04 18:29:56,1.17.2,Bandit100,1,3.68,1.0,20,100,0,Pellet,Left,116,117,111,4,21.04,126.0,
2025-11-04 18:30:16,1.17.2,Bandit100,1,3.68,,20,100,0,Left,Left,117,117,111,5,,,0.02
2025-11-04 18:30:21,1.17.2,Bandit100,1,3.68,1.0,20,100,0,Pellet,Left,117,117,112,5,4.49,25.0,
2025-11-04 18:30:33,1.17.2,Bandit100,1,3.68,,20,100,0,Left,Left,118,117,112,6,,,0.44
2025-11-04 18:30:36,1.17.2,Bandit100,1,3.68,1.0,20,100,0,Pellet,Left,118,117,113,6,2.21,15.0,
2025-11-04 18:33:31,1.17.2,Bandit100,1,3.69,,20,100,0,Left,Left,119,117,113,7,,,0.05
2025-11-04 18:33:33,1.17.2,Bandit100,1,3.68,1.0,20,100,0,Pellet,Left,119,117,114,7,1.13,177.0,
2025-11-04 18:33:42,1.17.2,Bandit100,1,3.68,,20,100,0,Right,Left,119,118,114,8,,,0.27
2025-11-04 18:33:48,1.17.2,Bandit100,1,3.68,,20,100,0,RightinTimeout,Left,119,118,114,8,,,0.0
2025-11-04 18:33:50,1.17.2,Bandit100,1,3.68,,20,100,0,RightinTimeout,Left,119,118,114,8,,,0.0
2025-11-04 18:34:06,1.17.2,Bandit100,1,3.68,,20,100,0,Left,Left,120,118,114,8,,,0.43
2025-11-04 18:34:09,1.17.2,Bandit100,1,3.68,1.0,20,100,0,Pellet,Left,120,118,115,8,1.55,36.0,
2025-11-04 18:37:45,1.17.2,Bandit100,1,3.68,,20,100,0,Right,Left,120,119,115,9,,,0.18
2025-11-04 18:37:47,1.17.2,Bandit100,1,3.68,,20,100,0,RightinTimeout,Left,120,119,115,9,,,0.0
2025-11-04 18:37:50,1.17.2,Bandit100,1,3.68,,20,100,0,RightinTimeout,Left,120,119,115,9,,,0.0
2025-11-04 18:37:50,1.17.2,Bandit100,1,3.67,,20,100,0,RightinTimeout,Left,120,119,115,9,,,0.0
2025-11-04 18:44:08,1.17.2,Bandit100,1,3.68,,20,100,0,Left,Left,121,119,115,9,,,0.04
2025-11-04 18:44:12,1.17.2,Bandit100,1,3.68,2.0,20,100,0,Pellet,Left,121,119,116,9,1.31,603.0,
2025-11-04 18:44:41,1.17.2,Bandit100,1,3.68,,20,100,0,Right,Left,121,120,116,10,,,0.18
2025-11-04 18:44:56,1.17.2,Bandit100,1,3.68,,20,100,0,Right,Left,121,121,116,10,,,0.25
2025-11-04 18:45:00,1.17.2,Bandit100,1,3.68,,20,100,0,LeftinTimeOut,Left,121,121,116,10,,,
2025-11-04 18:45:02,1.17.2,Bandit100,1,3.67,,20,100,0,RightinTimeout,Left,121,121,116,10,,,0.0
2025-11-04 18:45:30,1.17.2,Bandit100,1,3.68,,20,100,0,Left,Left,122,121,116,10,,,0.37
2025-11-04 18:45:32,1.17.2,Bandit100,1,3.68,1.0,20,100,0,Pellet,Left,122,121,117,10,1.31,80.0,
2025-11-04 18:45:54,1.17.2,Bandit100,1,3.68,,20,100,0,Right,Left,122,122,117,11,,,0.14
2025-11-04 18:45:59,1.17.2,Bandit100,1,3.67,,20,100,0,LeftinTimeOut,Left,122,122,117,11,,,
2025-11-04 18:46:34,1.17.2,Bandit100,1,3.69,,20,100,0,Right,Left,122,123,117,11,,,0.05
2025-11-04 18:47:40,1.17.2,Bandit100,1,3.68,,20,100,0,Right,Left,122,124,117,11,,,0.29
2025-11-04 18:47:43,1.17.2,Bandit100,1,3.68,,20,100,0,RightinTimeout,Left,122,124,117,11,,,0.0
2025-11-04 18:47:44,1.17.2,Bandit100,1,3.68,,20,100,0,RightinTimeout,Left,122,124,117,11,,,0.0
2025-11-04 18:47:47,1.17.2,Bandit100,1,3.68,,20,100,0,RightinTimeout,Left,122,124,117,11,,,0.0
2025-11-04 18:47:47,1.17.2,Bandit100,1,3.68,,20,100,0,RightinTimeout,Left,122,124,117,11,,,0.0
2025-11-04 18:47:51,1.17.2,Bandit100,1,3.68,,20,100,0,LeftinTimeOut,Left,122,124,117,11,,,
2025-11-04 18:50:45,1.17.2,Bandit100,1,3.68,,20,100,0,Left,Left,123,124,117,11,,,0.06
2025-11-04 18:50:48,1.17.2,Bandit100,1,3.68,1.0,20,100,0,Pellet,Left,123,124,118,11,2.62,316.0,
2025-11-04 18:50:57,1.17.2,Bandit100,1,3.68,,20,100,0,Left,Left,124,124,118,12,,,0.09
2025-11-04 18:50:59,1.17.2,Bandit100,1,3.68,1.0,20,100,0,Pellet,Left,124,124,119,12,1.01,11.0,
2025-11-04 18:51:29,1.17.2,Bandit100,1,3.67,,20,100,0,Left,Left,125,124,119,13,,,0.23
2025-11-04 18:51:32,1.17.2,Bandit100,1,3.68,1.0,20,100,0,Pellet,Left,125,124,120,13,2.57,33.0,
2025-11-04 18:52:05,1.17.2,Bandit100,1,3.68,,20,100,0,Left,Left,126,124,120,14,,,0.25
2025-11-04 18:52:06,1.17.2,Bandit100,1,3.67,1.0,20,100,0,Pellet,Left,126,124,121,14,0.71,34.0,
2025-11-04 18:52:20,1.17.2,Bandit100,1,3.68,,20,100,0,Right,Left,126,125,121,15,,,0.0
2025-11-04 18:52:23,1.17.2,Bandit100,1,3.68,,20,100,0,LeftinTimeOut,Left,126,125,121,15,,,
2025-11-04 18:54:03,1.17.2,Bandit100,1,3.67,,20,100,0,Left,Left,127,125,121,15,,,0.0
2025-11-04 18:54:05,1.17.2,Bandit100,1,3.68,1.0,20,100,0,Pellet,Left,127,125,122,15,1.49,119.0,
2025-11-04 18:54:22,1.17.2,Bandit100,1,3.67,,20,100,0,Left,Left,128,125,122,16,,,0.44
2025-11-04 18:54:26,1.17.2,Bandit100,1,3.67,2.0,20,100,0,Pellet,Left,128,125,123,16,0.95,21.0,
2025-11-04 18:54:45,1.17.2,Bandit100,1,3.68,,20,100,0,Right,Left,128,126,123,17,,,0.05
2025-11-04 18:54:48,1.17.2,Bandit100,1,3.68,,20,100,0,RightinTimeout,Left,128,126,123,17,,,0.0
2025-11-04 18:56:48,1.17.2,Bandit100,1,3.68,,20,100,0,Left,Left,129,126,123,17,,,0.09
2025-11-04 18:56:50,1.17.2,Bandit100,1,3.68,1.0,20,100,0,Pellet,Left,129,126,124,17,0.83,144.0,
2025-11-04 18:57:08,1.17.2,Bandit100,1,3.68,,20,100,0,Right,Left,129,127,124,18,,,0.12
2025-11-04 19:00:46,1.17.2,Bandit100,1,3.68,,20,100,0,Left,Left,130,127,124,18,,,0.02
2025-11-04 19:00:49,1.17.2,Bandit100,1,3.68,1.0,20,100,0,Pellet,Left,130,127,125,18,2.21,239.0,
2025-11-04 19:01:38,1.17.2,Bandit100,1,3.68,,20,100,0,Right,Left,130,128,125,19,,,0.28
2025-11-04 19:01:41,1.17.2,Bandit100,1,3.68,,20,100,0,LeftinTimeOut,Left,130,128,125,19,,,
2025-11-04 19:01:56,1.17.2,Bandit100,1,3.68,,20,100,0,Right,Left,130,129,125,19,,,0.36
2025-11-04 19:06:21,1.17.2,Bandit100,1,3.67,,20,100,0,Left,Left,131,129,125,19,,,0.04
2025-11-04 19:06:23,1.17.2,Bandit100,1,3.67,1.0,20,100,0,Pellet,Left,131,129,126,19,1.07,334.0,
2025-11-04 19:06:43,1.17.2,Bandit100,1,3.68,,20,0,100,Right,Right,131,130,126,0,,,0.1
2025-11-04 19:06:45,1.17.2,Bandit100,1,3.68,1.0,20,0,100,Pellet,Right,131,130,127,0,1.61,22.0,
2025-11-04 19:07:05,1.17.2,Bandit100,1,3.68,,20,0,100,Left,Right,132,130,127,1,,,0.45
2025-11-04 19:07:25,1.17.2,Bandit100,1,3.68,,20,0,100,Left,Right,133,130,127,1,,,0.47
2025-11-04 19:07:39,1.17.2,Bandit100,1,3.68,,20,0,100,Left,Right,134,130,127,1,,,0.34
2025-11-04 19:08:18,1.17.2,Bandit100,1,3.69,,20,0,100,Left,Right,135,130,127,1,,,0.04
2025-11-04 19:19:48,1.17.2,Bandit100,1,3.68,,20,0,100,Left,Right,136,130,127,1,,,0.66
2025-11-04 19:29:22,1.17.2,Bandit100,1,3.68,,20,0,100,Right,Right,136,131,127,1,,,0.37
2025-11-04 19:29:23,1.17.2,Bandit100,1,3.67,1.0,20,0,100,Pellet,Right,136,131,128,1,0.65,1358.0,
2025-11-04 19:29:51,1.17.2,Bandit100,1,3.68,,20,0,100,Left,Right,137,131,128,2,,,0.22
2025-11-04 19:29:56,1.17.2,Bandit100,1,3.68,,20,0,100,RightinTimeout,Right,137,131,128,2,,,0.0
2025-11-04 19:30:01,1.17.2,Bandit100,1,3.68,,20,0,100,LeftinTimeOut,Right,137,131,128,2,,,
2025-11-04 19:30:03,1.17.2,Bandit100,1,3.68,,20,0,100,RightinTimeout,Right,137,131,128,2,,,0.0
2025-11-04 19:30:03,1.17.2,Bandit100,1,3.68,,20,0,100,RightinTimeout,Right,137,131,128,2,,,0.0
2025-11-04 19:30:03,1.17.2,Bandit100,1,3.68,,20,0,100,RightinTimeout,Right,137,131,128,2,,,0.0
2025-11-04 19:30:09,1.17.2,Bandit100,1,3.68,,20,0,100,RightinTimeout,Right,137,131,128,2,,,0.0
2025-11-04 19:31:00,1.17.2,Bandit100,1,3.67,,20,0,100,Left,Right,138,131,128,2,,,0.16
2025-11-04 19:31:30,1.17.2,Bandit100,1,3.68,,20,0,100,Left,Right,139,131,128,2,,,0.26
2025-11-04 19:31:31,1.17.2,Bandit100,1,3.68,,20,0,100,LeftinTimeOut,Right,139,131,128,2,,,
2025-11-04 19:31:35,1.17.2,Bandit100,1,3.68,,20,0,100,RightinTimeout,Right,139,131,128,2,,,0.0
2025-11-04 19:31:37,1.17.2,Bandit100,1,3.68,,20,0,100,LeftinTimeOut,Right,139,131,128,2,,,
2025-11-04 19:33:28,1.17.2,Bandit100,1,3.67,,20,0,100,Right,Right,139,132,128,2,,,0.22
2025-11-04 19:33:30,1.17.2,Bandit100,1,3.68,1.0,20,0,100,Pellet,Right,139,132,129,2,0.71,247.0,
2025-11-04 19:33:42,1.17.2,Bandit100,1,3.68,,20,0,100,Right,Right,139,133,129,3,,,0.1
2025-11-04 19:33:46,1.17.2,Bandit100,1,3.68,2.0,20,0,100,Pellet,Right,139,133,130,3,1.37,16.0,
2025-11-04 19:43:14,1.17.2,Bandit100,1,3.68,,20,0,100,Left,Right,140,133,130,4,,,0.32
2025-11-04 19:43:20,1.17.2,Bandit100,1,3.68,,20,0,100,LeftinTimeOut,Right,140,133,130,4,,,
2025-11-04 19:43:58,1.17.2,Bandit100,1,3.68,,20,0,100,Right,Right,140,134,130,4,,,0.27
2025-11-04 19:44:00,1.17.2,Bandit100,1,3.68,1.0,20,0,100,Pellet,Right,140,134,131,4,1.13,614.0,
2025-11-04 19:44:18,1.17.2,Bandit100,1,3.67,,20,0,100,Right,Right,140,135,131,5,,,0.0
2025-11-04 19:44:24,1.17.2,Bandit100,1,3.68,1.0,20,0,100,Pellet,Right,140,135,132,5,5.62,24.0,
2025-11-04 19:45:48,1.17.2,Bandit100,1,3.67,,20,0,100,Right,Right,140,136,132,6,,,0.1
2025-11-04 19:45:50,1.17.2,Bandit100,1,3.68,1.0,20,0,100,Pellet,Right,140,136,133,6,1.37,86.0,
2025-11-04 19:46:10,1.17.2,Bandit100,1,3.67,,20,0,100,Right,Right,140,137,133,7,,,0.02
2025-11-04 19:46:14,1.17.2,Bandit100,1,3.67,1.0,20,0,100,Pellet,Right,140,137,134,7,2.98,24.0,
2025-11-04 19:46:43,1.17.2,Bandit100,1,3.67,,20,0,100,Right,Right,140,138,134,8,,,0.07
2025-11-04 19:46:45,1.17.2,Bandit100,1,3.68,1.0,20,0,100,Pellet,Right,140,138,135,8,0.65,31.0,
2025-11-04 19:47:01,1.17.2,Bandit100,1,3.68,,20,0,100,Right,Right,140,139,135,9,,,0.19
2025-11-04 19:47:03,1.17.2,Bandit100,1,3.68,1.0,20,0,100,Pellet,Right,140,139,136,9,0.89,18.0,
2025-11-04 19:48:18,1.17.2,Bandit100,1,3.68,,20,0,100,Left,Right,141,139,136,10,,,0.14
2025-11-04 19:49:02,1.17.2,Bandit100,1,3.68,,20,0,100,Right,Right,141,140,136,10,,,0.19
2025-11-04 19:49:06,1.17.2,Bandit100,1,3.67,2.0,20,0,100,Pellet,Right,141,140,137,10,0.77,123.0,
2025-11-04 19:49:41,1.17.2,Bandit100,1,3.68,,20,0,100,Right,Right,141,141,137,11,,,0.27
2025-11-04 19:49:43,1.17.2,Bandit100,1,3.67,1.0,20,0,100,Pellet,Right,141,141,138,11,1.43,37.0,
2025-11-04 19:50:24,1.17.2,Bandit100,1,3.68,,20,0,100,Left,Right,142,141,138,12,,,0.07
2025-11-04 19:50:50,1.17.2,Bandit100,1,3.68,,20,0,100,Left,Right,143,141,138,12,,,0.06
2025-11-04 19:50:52,1.17.2,Bandit100,1,3.67,,20,0,100,RightinTimeout,Right,143,141,138,12,,,0.0
2025-11-04 19:51:11,1.17.2,Bandit100,1,3.67,,20,0,100,Left,Right,144,141,138,12,,,0.22
2025-11-04 19:51:14,1.17.2,Bandit100,1,3.68,,20,0,100,LeftinTimeOut,Right,144,141,138,12,,,
2025-11-04 19:52:21,1.17.2,Bandit100,1,3.67,,20,0,100,Right,Right,144,142,138,12,,,0.21
2025-11-04 19:52:23,1.17.2,Bandit100,1,3.68,1.0,20,0,100,Pellet,Right,144,142,139,12,1.37,160.0,
2025-11-04 19:52:42,1.17.2,Bandit100,1,3.68,,20,0,100,Right,Right,144,143,139,13,,,0.13
2025-11-04 19:52:44,1.17.2,Bandit100,1,3.68,1.0,20,0,100,Pellet,Right,144,143,140,13,1.73,21.0,
2025-11-04 19:53:00,1.17.2,Bandit100,1,3.67,,20,0,100,Right,Right,144,144,140,14,,,0.11
2025-11-04 19:53:02,1.17.2,Bandit100,1,3.67,1.0,20,0,100,Pellet,Right,144,144,141,14,0.83,17.0,
2025-11-04 19:53:35,1.17.2,Bandit100,1,3.68,,20,0,100,Left,Right,145,144,141,15,,,0.23
2025-11-04 19:54:36,1.17.2,Bandit100,1,3.68,,20,0,100,Left,Right,146,144,141,15,,,0.09
2025-11-04 19:56:33,1.17.2,Bandit100,1,3.67,,20,0,100,Left,Right,147,144,141,15,,,0.26
2025-11-04 19:57:00,1.17.2,Bandit100,1,3.67,,20,0,100,Left,Right,148,144,141,15,,,0.21
2025-11-04 19:59:52,1.17.2,Bandit100,1,3.68,,20,0,100,Right,Right,148,145,141,15,,,0.15
2025-11-04 19:59:54,1.17.2,Bandit100,1,3.67,1.0,20,0,100,Pellet,Right,148,145,142,15,1.55,413.0,
2025-11-04 20:00:19,1.17.2,Bandit100,1,3.68,,20,0,100,Right,Right,148,146,142,16,,,0.13
2025-11-04 20:00:21,1.17.2,Bandit100,1,3.67,1.0,20,0,100,Pellet,Right,148,146,143,16,0.95,27.0,
2025-11-04 20:00:33,1.17.2,Bandit100,1,3.67,,20,0,100,Right,Right,148,147,143,17,,,0.0
2025-11-04 20:00:38,1.17.2,Bandit100,1,3.67,2.0,20,0,100,Pellet,Right,148,147,144,17,1.49,17.0,
2025-11-04 20:00:50,1.17.2,Bandit100,1,3.67,,20,0,100,Right,Right,148,148,144,18,,,0.19
2025-11-04 20:00:52,1.17.2,Bandit100,1,3.68,1.0,20,0,100,Pellet,Right,148,148,145,18,0.83,14.0,
2025-11-04 20:01:46,1.17.2,Bandit100,1,3.68,,20,0,100,Right,Right,148,149,145,19,,,0.09
2025-11-04 20:01:48,1.17.2,Bandit100,1,3.68,1.0,20,0,100,Pellet,Right,148,149,146,19,0.77,56.0,
2025-11-04 20:03:28,1.17.2,Bandit100,1,3.67,,20,100,0,Right,Left,148,150,146,0,,,0.29
2025-11-04 20:03:30,1.17.2,Bandit100,1,3.67,,20,100,0,RightinTimeout,Left,148,150,146,0,,,0.0
2025-11-04 20:05:00,1.17.2,Bandit100,1,3.68,,20,100,0,Left,Left,149,150,146,0,,,0.13
2025-11-04 20:16:38,1.17.2,Bandit100,1,3.68,1.0,20,100,0,Pellet,Left,149,150,147,0,Timed_out,890.0,
2025-11-04 20:16:57,1.17.2,Bandit100,1,3.67,,20,100,0,Right,Left,149,151,147,1,,,0.22
2025-11-04 20:16:58,1.17.2,Bandit100,1,3.67,,20,100,0,RightinTimeout,Left,149,151,147,1,,,0.0
2025-11-04 20:16:58,1.17.2,Bandit100,1,3.67,,20,100,0,RightinTimeout,Left,149,151,147,1,,,0.0
2025-11-04 20:19:05,1.17.2,Bandit100,1,3.67,,20,100,0,Left,Left,150,151,147,1,,,0.16
2025-11-04 20:28:33,1.17.2,Bandit100,1,3.68,1.0,20,100,0,Pellet,Left,150,151,148,1,Timed_out,715.0,
2025-11-04 20:28:46,1.17.2,Bandit100,1,3.67,,20,100,0,Right,Left,150,152,148,2,,,0.62
2025-11-04 20:28:51,1.17.2,Bandit100,1,3.67,,20,100,0,LeftinTimeOut,Left,150,152,148,2,,,
2025-11-04 20:28:57,1.17.2,Bandit100,1,3.67,,20,100,0,RightinTimeout,Left,150,152,148,2,,,0.0
2025-11-04 20:29:05,1.17.2,Bandit100,1,3.67,,20,100,0,LeftinTimeOut,Left,150,152,148,2,,,
2025-11-04 20:29:08,1.17.2,Bandit100,1,3.67,,20,100,0,RightinTimeout,Left,150,152,148,2,,,0.0
2025-11-04 20:46:35,1.17.2,Bandit100,1,3.68,,20,100,0,Left,Left,151,152,148,2,,,0.23
2025-11-04 20:46:37,1.17.2,Bandit100,1,3.67,1.0,20,100,0,Pellet,Left,151,152,149,2,0.89,1084.0,
2025-11-04 20:46:54,1.17.2,Bandit100,1,3.67,,20,100,0,Right,Left,151,153,149,3,,,0.26
2025-11-04 20:46:59,1.17.2,Bandit100,1,3.67,,20,100,0,LeftinTimeOut,Left,151,153,149,3,,,
2025-11-04 20:47:07,1.17.2,Bandit100,1,3.67,,20,100,0,RightinTimeout,Left,151,153,149,3,,,0.0
2025-11-04 20:47:24,1.17.2,Bandit100,1,3.67,,20,100,0,Right,Left,151,154,149,3,,,0.96
2025-11-04 20:49:36,1.17.2,Bandit100,1,3.67,,20,100,0,Right,Left,151,155,149,3,,,0.29
2025-11-04 20:49:39,1.17.2,Bandit100,1,3.67,,20,100,0,LeftinTimeOut,Left,151,155,149,3,,,
2025-11-04 20:49:40,1.17.2,Bandit100,1,3.67,,20,100,0,RightinTimeout,Left,151,155,149,3,,,0.0
2025-11-04 20:49:40,1.17.2,Bandit100,1,3.67,,20,100,0,RightinTimeout,Left,151,155,149,3,,,0.0
2025-11-04 20:57:29,1.17.2,Bandit100,1,3.67,,20,100,0,Right,Left,151,156,149,3,,,0.54
2025-11-04 20:57:32,1.17.2,Bandit100,1,3.67,,20,100,0,LeftinTimeOut,Left,151,156,149,3,,,
2025-11-04 21:03:13,1.17.2,Bandit100,1,3.67,,20,100,0,Right,Left,151,157,149,3,,,0.2
2025-11-04 21:03:16,1.17.2,Bandit100,1,3.67,,20,100,0,RightinTimeout,Left,151,157,149,3,,,0.0
2025-11-04 21:03:16,1.17.2,Bandit100,1,3.67,,20,100,0,RightinTimeout,Left,151,157,149,3,,,0.0
2025-11-04 21:08:15,1.17.2,Bandit100,1,3.67,,20,100,0,Right,Left,151,158,149,3,,,0.28
2025-11-04 21:08:21,1.17.2,Bandit100,1,3.67,,20,100,0,LeftinTimeOut,Left,151,158,149,3,,,
2025-11-04 21:08:33,1.17.2,Bandit100,1,3.67,,20,100,0,Right,Left,151,159,149,3,,,0.31
2025-11-04 21:09:17,1.17.2,Bandit100,1,3.67,,20,100,0,Right,Left,151,160,149,3,,,0.16
2025-11-04 21:11:59,1.17.2,Bandit100,1,3.67,,20,100,0,Right,Left,151,161,149,3,,,0.69
2025-11-04 21:19:12,1.17.2,Bandit100,1,3.67,,20,100,0,Right,Left,151,162,149,3,,,0.09
2025-11-04 21:19:12,1.17.2,Bandit100,1,3.67,,20,100,0,RightinTimeout,Left,151,162,149,3,,,0.0
2025-11-04 21:19:15,1.17.2,Bandit100,1,3.67,,20,100,0,LeftinTimeOut,Left,151,162,149,3,,,
2025-11-04 21:19:15,1.17.2,Bandit100,1,3.67,,20,100,0,LeftinTimeOut,Left,151,162,149,3,,,
2025-11-04 21:19:19,1.17.2,Bandit100,1,3.67,,20,100,0,LeftinTimeOut,Left,151,162,149,3,,,
2025-11-04 21:19:22,1.17.2,Bandit100,1,3.67,,20,100,0,RightinTimeout,Left,151,162,149,3,,,0.0
2025-11-04 21:19:22,1.17.2,Bandit100,1,3.67,,20,100,0,RightinTimeout,Left,151,162,149,3,,,0.0
2025-11-04 21:19:29,1.17.2,Bandit100,1,3.67,,20,100,0,LeftinTimeOut,Left,151,162,149,3,,,
2025-11-04 21:19:33,1.17.2,Bandit100,1,3.67,,20,100,0,RightinTimeout,Left,151,162,149,3,,,0.0
2025-11-04 21:21:52,1.17.2,Bandit100,1,3.67,,20,100,0,Right,Left,151,163,149,3,,,0.24
2025-11-04 21:23:34,1.17.2,Bandit100,1,3.67,,20,100,0,Right,Left,151,164,149,3,,,0.11
2025-11-04 21:25:09,1.17.2,Bandit100,1,3.67,,20,100,0,Right,Left,151,165,149,3,,,0.0
2025-11-04 21:25:12,1.17.2,Bandit100,1,3.67,,20,100,0,LeftinTimeOut,Left,151,165,149,3,,,
2025-11-04 21:25:16,1.17.2,Bandit100,1,3.67,,20,100,0,RightinTimeout,Left,151,165,149,3,,,0.0
2025-11-04 21:28:23,1.17.2,Bandit100,1,3.67,,20,100,0,Left,Left,152,165,149,3,,,0.22
2025-11-04 21:28:30,1.17.2,Bandit100,1,3.67,3.0,20,100,0,Pellet,Left,152,165,150,3,1.97,2513.0,
2025-11-04 21:29:03,1.17.2,Bandit100,1,3.67,,20,100,0,Left,Left,153,165,150,4,,,0.07
2025-11-04 21:29:05,1.17.2,Bandit100,1,3.67,1.0,20,100,0,Pellet,Left,153,165,151,4,1.61,35.0,
2025-11-04 21:29:35,1.17.2,Bandit100,1,3.67,,20,100,0,Right,Left,153,166,151,5,,,0.2
2025-11-04 21:31:21,1.17.2,Bandit100,1,3.67,,20,100,0,Left,Left,154,166,151,5,,,0.33
2025-11-04 21:31:23,1.17.2,Bandit100,1,3.67,1.0,20,100,0,Pellet,Left,154,166,152,5,0.95,138.0,
2025-11-04 21:31:36,1.17.2,Bandit100,1,3.67,,20,100,0,Right,Left,154,167,152,6,,,0.19
2025-11-04 21:32:06,1.17.2,Bandit100,1,3.67,,20,100,0,Left,Left,155,167,152,6,,,0.19
2025-11-04 21:32:08,1.17.2,Bandit100,1,3.67,1.0,20,100,0,Pellet,Left,155,167,153,6,0.95,45.0,
2025-11-04 21:32:32,1.17.2,Bandit100,1,3.67,,20,100,0,Left,Left,156,167,153,7,,,0.1
2025-11-04 21:32:34,1.17.2,Bandit100,1,3.67,1.0,20,100,0,Pellet,Left,156,167,154,7,0.53,26.0,
2025-11-04 21:32:49,1.17.2,Bandit100,1,3.67,,20,100,0,Right,Left,156,168,154,8,,,0.01
2025-11-04 21:32:56,1.17.2,Bandit100,1,3.67,,20,100,0,RightinTimeout,Left,156,168,154,8,,,0.0
2025-11-04 21:33:00,1.17.2,Bandit100,1,3.67,,20,100,0,RightinTimeout,Left,156,168,154,8,,,0.0
2025-11-04 21:33:49,1.17.2,Bandit100,1,3.67,,20,100,0,Right,Left,156,169,154,8,,,0.19
2025-11-04 21:33:52,1.17.2,Bandit100,1,3.67,,20,100,0,LeftinTimeOut,Left,156,169,154,8,,,
2025-11-04 21:34:51,1.17.2,Bandit100,1,3.67,,20,100,0,Left,Left,157,169,154,8,,,0.18
2025-11-04 21:34:54,1.17.2,Bandit100,1,3.67,1.0,20,100,0,Pellet,Left,157,169,155,8,1.37,140.0,
2025-11-04 21:35:02,1.17.2,Bandit100,1,3.67,,20,100,0,Right,Left,157,170,155,9,,,0.05
2025-11-04 21:35:53,1.17.2,Bandit100,1,3.66,,20,100,0,Left,Left,158,170,155,9,,,0.07
2025-11-04 21:35:59,1.17.2,Bandit100,1,3.67,3.0,20,100,0,Pellet,Left,158,170,156,9,0.95,65.0,
2025-11-04 21:36:15,1.17.2,Bandit100,1,3.67,,20,100,0,Left,Left,159,170,156,10,,,0.33
2025-11-04 21:36:19,1.17.2,Bandit100,1,3.67,1.0,20,100,0,Pellet,Left,159,170,157,10,3.04,20.0,
2025-11-04 21:36:39,1.17.2,Bandit100,1,3.67,,20,100,0,Left,Left,160,170,157,11,,,0.12
2025-11-04 21:36:42,1.17.2,Bandit100,1,3.67,2.0,20,100,0,Pellet,Left,160,170,158,11,1.25,23.0,
2025-11-04 21:36:58,1.17.2,Bandit100,1,3.65,,20,100,0,Right,Left,160,171,158,12,,,0.17
2025-11-04 21:37:04,1.17.2,Bandit100,1,3.67,,20,100,0,LeftinTimeOut,Left,160,171,158,12,,,
2025-11-04 21:38:50,1.17.2,Bandit100,1,3.67,,20,100,0,Left,Left,161,171,158,12,,,0.15
2025-11-04 21:38:52,1.17.2,Bandit100,1,3.67,1.0,20,100,0,Pellet,Left,161,171,159,12,1.19,130.0,
2025-11-04 21:39:08,1.17.2,Bandit100,1,3.67,,20,100,0,Left,Left,162,171,159,13,,,0.09
2025-11-04 21:39:10,1.17.2,Bandit100,1,3.67,1.0,20,100,0,Pellet,Left,162,171,160,13,1.07,18.0,
2025-11-04 21:39:51,1.17.2,Bandit100,1,3.67,,20,100,0,Left,Left,163,171,160,14,,,0.01
2025-11-04 21:39:53,1.17.2,Bandit100,1,3.67,1.0,20,100,0,Pellet,Left,163,171,161,14,1.97,43.0,
2025-11-04 21:40:05,1.17.2,Bandit100,1,3.67,,20,100,0,Right,Left,163,172,161,15,,,0.13
2025-11-04 21:40:32,1.17.2,Bandit100,1,3.67,,20,100,0,Left,Left,164,172,161,15,,,0.22
2025-11-04 21:40:35,1.17.2,Bandit100,1,3.67,1.0,20,100,0,Pellet,Left,164,172,162,15,1.37,42.0,
2025-11-04 21:45:04,1.17.2,Bandit100,1,3.67,,20,100,0,Left,Left,165,172,162,16,,,0.53
2025-11-04 21:45:06,1.17.2,Bandit100,1,3.67,1.0,20,100,0,Pellet,Left,165,172,163,16,1.07,271.0,
2025-11-04 21:45:34,1.17.2,Bandit100,1,3.67,,20,100,0,Left,Left,166,172,163,17,,,0.24
2025-11-04 21:45:35,1.17.2,Bandit100,1,3.67,1.0,20,100,0,Pellet,Left,166,172,164,17,0.59,29.0,
2025-11-04 21:45:54,1.17.2,Bandit100,1,3.67,,20,100,0,Left,Left,167,172,164,18,,,0.0
2025-11-04 21:45:55,1.17.2,Bandit100,1,3.67,1.0,20,100,0,Pellet,Left,167,172,165,18,0.35,20.0,
2025-11-04 21:46:10,1.17.2,Bandit100,1,3.67,,20,100,0,Left,Left,168,172,165,19,,,0.1
2025-11-04 21:46:14,1.17.2,Bandit100,1,3.67,1.0,20,100,0,Pellet,Left,168,172,166,19,3.23,19.0,
2025-11-04 21:46:31,1.17.2,Bandit100,1,3.67,,20,0,100,Left,Right,169,172,166,0,,,0.06
2025-11-04 21:47:37,1.17.2,Bandit100,1,3.67,,20,0,100,Left,Right,170,172,166,0,,,0.1
2025-11-04 21:51:03,1.17.2,Bandit100,1,3.67,,20,0,100,Left,Right,171,172,166,0,,,0.04
2025-11-04 21:51:39,1.17.2,Bandit100,1,3.67,,20,0,100,Left,Right,172,172,166,0,,,0.31
2025-11-04 21:51:42,1.17.2,Bandit100,1,3.67,,20,0,100,LeftinTimeOut,Right,172,172,166,0,,,
2025-11-04 21:53:46,1.17.2,Bandit100,1,3.67,,20,0,100,Left,Right,173,172,166,0,,,0.01
2025-11-04 21:56:29,1.17.2,Bandit100,1,3.67,,20,0,100,Left,Right,174,172,166,0,,,0.02
2025-11-04 21:59:54,1.17.2,Bandit100,1,3.67,,20,0,100,Left,Right,175,172,166,0,,,0.12
2025-11-04 22:01:04,1.17.2,Bandit100,1,3.67,,20,0,100,Left,Right,176,172,166,0,,,0.09
2025-11-04 22:01:05,1.17.2,Bandit100,1,3.67,,20,0,100,LeftinTimeOut,Right,176,172,166,0,,,
2025-11-04 22:02:06,1.17.2,Bandit100,1,3.67,,20,0,100,Right,Right,176,173,166,0,,,0.08
2025-11-04 22:02:11,1.17.2,Bandit100,1,3.67,,20,0,100,LeftWithPellet,Right,176,173,166,0,,,0.03
2025-11-04 22:02:21,1.17.2,Bandit100,1,3.67,1.0,20,0,100,Pellet,Right,176,173,167,0,14.37,967.0,
2025-11-04 22:03:50,1.17.2,Bandit100,1,3.67,,20,0,100,Left,Right,177,173,167,1,,,0.07
2025-11-04 22:05:03,1.17.2,Bandit100,1,3.67,,20,0,100,Right,Right,177,174,167,1,,,0.16
2025-11-04 22:05:06,1.17.2,Bandit100,1,3.67,1.0,20,0,100,Pellet,Right,177,174,168,1,1.49,164.0,
2025-11-04 22:05:16,1.17.2,Bandit100,1,3.67,,20,0,100,Left,Right,178,174,168,2,,,0.3
2025-11-04 22:11:53,1.17.2,Bandit100,1,3.67,,20,0,100,Right,Right,178,175,168,2,,,0.26
2025-11-04 22:16:32,1.17.2,Bandit100,1,3.67,1.0,20,0,100,Pellet,Right,178,175,169,2,Timed_out,687.0,
2025-11-04 22:16:52,1.17.2,Bandit100,1,3.67,,20,0,100,Right,Right,178,176,169,3,,,0.02
2025-11-04 22:16:55,1.17.2,Bandit100,1,3.67,1.0,20,0,100,Pellet,Right,178,176,170,3,1.37,22.0,
2025-11-04 22:17:06,1.17.2,Bandit100,1,3.67,,20,0,100,Left,Right,179,176,170,4,,,0.01
2025-11-04 22:17:06,1.17.2,Bandit100,1,3.67,,20,0,100,LeftinTimeOut,Right,179,176,170,4,,,
2025-11-04 22:20:08,1.17.2,Bandit100,1,3.67,,20,0,100,Left,Right,180,176,170,4,,,0.14
2025-11-04 22:20:58,1.17.2,Bandit100,1,3.67,,20,0,100,Right,Right,180,177,170,4,,,0.15
2025-11-04 22:21:02,1.17.2,Bandit100,1,3.67,2.0,20,0,100,Pellet,Right,180,177,171,4,1.55,248.0,
2025-11-04 22:21:22,1.17.2,Bandit100,1,3.67,,20,0,100,Left,Right,181,177,171,5,,,0.11
2025-11-04 22:21:25,1.17.2,Bandit100,1,3.67,,20,0,100,RightinTimeout,Right,181,177,171,5,,,0.0
2025-11-04 22:21:50,1.17.2,Bandit100,1,3.67,,20,0,100,Left,Right,182,177,171,5,,,0.2
2025-11-04 22:22:14,1.17.2,Bandit100,1,3.67,,20,0,100,Left,Right,183,177,171,5,,,0.34
2025-11-04 22:22:59,1.17.2,Bandit100,1,3.67,,20,0,100,Left,Right,184,177,171,5,,,0.24
2025-11-04 22:29:26,1.17.2,Bandit100,1,3.67,,20,0,100,Left,Right,185,177,171,5,,,0.22
2025-11-04 22:36:25,1.17.2,Bandit100,1,3.67,,20,0,100,Left,Right,186,177,171,5,,,0.3
2025-11-04 23:34:21,1.17.2,Bandit100,1,3.66,,20,0,100,Right,Right,186,178,171,5,,,0.26
2025-11-04 23:34:27,1.17.2,Bandit100,1,3.67,1.0,20,0,100,Pellet,Right,186,178,172,5,4.67,4405.0,
2025-11-04 23:34:43,1.17.2,Bandit100,1,3.67,,20,0,100,Left,Right,187,178,172,6,,,0.31
2025-11-04 23:34:46,1.17.2,Bandit100,1,3.67,,20,0,100,RightinTimeout,Right,187,178,172,6,,,0.0
2025-11-04 23:34:51,1.17.2,Bandit100,1,3.66,,20,0,100,LeftinTimeOut,Right,187,178,172,6,,,
2025-11-04 23:36:43,1.17.2,Bandit100,1,3.67,,20,0,100,Right,Right,187,179,172,6,,,0.1
2025-11-04 23:36:45,1.17.2,Bandit100,1,3.67,1.0,20,0,100,Pellet,Right,187,179,173,6,1.25,138.0,
2025-11-04 23:37:12,1.17.2,Bandit100,1,3.67,,20,0,100,Left,Right,188,179,173,7,,,0.37
2025-11-04 23:37:17,1.17.2,Bandit100,1,3.67,,20,0,100,RightinTimeout,Right,188,179,173,7,,,0.0
2025-11-04 23:37:17,1.17.2,Bandit100,1,3.66,,20,0,100,RightinTimeout,Right,188,179,173,7,,,0.0
2025-11-04 23:43:12,1.17.2,Bandit100,1,3.67,,20,0,100,Right,Right,188,180,173,7,,,0.67
2025-11-04 23:43:14,1.17.2,Bandit100,1,3.67,1.0,20,0,100,Pellet,Right,188,180,174,7,0.71,389.0,
2025-11-04 23:43:32,1.17.2,Bandit100,1,3.67,,20,0,100,Left,Right,189,180,174,8,,,0.27
2025-11-04 23:43:36,1.17.2,Bandit100,1,3.67,,20,0,100,RightinTimeout,Right,189,180,174,8,,,0.0
2025-11-04 23:43:38,1.17.2,Bandit100,1,3.67,,20,0,100,RightinTimeout,Right,189,180,174,8,,,0.0
2025-11-04 23:43:38,1.17.2,Bandit100,1,3.66,,20,0,100,RightinTimeout,Right,189,180,174,8,,,0.0
2025-11-04 23:43:43,1.17.2,Bandit100,1,3.67,,20,0,100,LeftinTimeOut,Right,189,180,174,8,,,
2025-11-04 23:49:40,1.17.2,Bandit100,1,3.67,,20,0,100,Left,Right,190,180,174,8,,,0.17
2025-11-04 23:49:45,1.17.2,Bandit100,1,3.67,,20,0,100,LeftinTimeOut,Right,190,180,174,8,,,
2025-11-04 23:49:46,1.17.2,Bandit100,1,3.66,,20,0,100,RightinTimeout,Right,190,180,174,8,,,0.0
2025-11-04 23:50:50,1.17.2,Bandit100,1,3.66,,20,0,100,Right,Right,190,181,174,8,,,0.01
2025-11-04 23:50:54,1.17.2,Bandit100,1,3.67,1.0,20,0,100,Pellet,Right,190,181,175,8,2.93,460.0,
2025-11-04 23:51:22,1.17.2,Bandit100,1,3.66,,20,0,100,Right,Right,190,182,175,9,,,0.14
2025-11-04 23:51:24,1.17.2,Bandit100,1,3.67,,20,0,100,RightWithPellet,Right,190,183,175,9,,,0.15
2025-11-04 23:51:25,1.17.2,Bandit100,1,3.66,1.0,20,0,100,Pellet,Right,190,183,176,9,1.83,31.0,
2025-11-04 23:52:09,1.17.2,Bandit100,1,3.66,,20,0,100,Right,Right,190,184,176,10,,,0.11
2025-11-04 23:52:12,1.17.2,Bandit100,1,3.67,1.0,20,0,100,Pellet,Right,190,184,177,10,2.69,47.0,
2025-11-04 23:52:29,1.17.2,Bandit100,1,3.66,,20,0,100,Right,Right,190,185,177,11,,,0.16
2025-11-04 23:52:33,1.17.2,Bandit100,1,3.66,2.0,20,0,100,Pellet,Right,190,185,178,11,0.83,21.0,
2025-11-04 23:53:03,1.17.2,Bandit100,1,3.67,,20,0,100,Left,Right,191,185,178,12,,,0.22
2025-11-04 23:55:42,1.17.2,Bandit100,1,3.67,,20,0,100,Left,Right,192,185,178,12,,,0.5
2025-11-04 23:55:46,1.17.2,Bandit100,1,3.66,,20,0,100,RightinTimeout,Right,192,185,178,12,,,0.0
2025-11-04 23:56:49,1.17.2,Bandit100,1,3.67,,20,0,100,Left,Right,193,185,178,12,,,0.12
2025-11-04 23:57:32,1.17.2,Bandit100,1,3.67,,20,0,100,Left,Right,194,185,178,12,,,0.17
2025-11-04 23:57:53,1.17.2,Bandit100,1,3.67,,20,0,100,Right,Right,194,186,178,12,,,0.06
2025-11-04 23:57:55,1.17.2,Bandit100,1,3.67,1.0,20,0,100,Pellet,Right,194,186,179,12,0.83,322.0,
2025-11-04 23:58:09,1.17.2,Bandit100,1,3.67,,20,0,100,Right,Right,194,187,179,13,,,0.08
2025-11-04 23:58:10,1.17.2,Bandit100,1,3.67,1.0,20,0,100,Pellet,Right,194,187,180,13,0.53,15.0,
2025-11-04 23:58:29,1.17.2,Bandit100,1,3.67,,20,0,100,Right,Right,194,188,180,14,,,0.23
2025-11-04 23:58:31,1.17.2,Bandit100,1,3.67,1.0,20,0,100,Pellet,Right,194,188,181,14,1.01,21.0,
2025-11-04 23:58:48,1.17.2,Bandit100,1,3.67,,20,0,100,Left,Right,195,188,181,15,,,0.13
2025-11-04 23:58:52,1.17.2,Bandit100,1,3.67,,20,0,100,RightinTimeout,Right,195,188,181,15,,,0.0
2025-11-05 00:00:09,1.17.2,Bandit100,1,3.66,,20,0,100,Left,Right,196,188,181,15,,,0.3
2025-11-05 00:00:11,1.17.2,Bandit100,1,3.67,,20,0,100,RightinTimeout,Right,196,188,181,15,,,0.0
2025-11-05 00:00:16,1.17.2,Bandit100,1,3.66,,20,0,100,RightinTimeout,Right,196,188,181,15,,,0.0
2025-11-05 00:01:49,1.17.2,Bandit100,1,3.66,,20,0,100,Left,Right,197,188,181,15,,,0.24
2025-11-05 00:18:48,1.17.2,Bandit100,1,3.66,,20,0,100,Right,Right,197,189,181,15,,,0.24
2025-11-05 00:18:49,1.17.2,Bandit100,1,3.66,,20,0,100,RightDuringDispense,Right,197,189,181,15,,,0.02
2025-11-05 00:18:54,1.17.2,Bandit100,1,3.67,2.0,20,0,100,Pellet,Right,197,189,182,15,2.57,1223.0,
2025-11-05 00:19:19,1.17.2,Bandit100,1,3.66,,20,0,100,Right,Right,197,190,182,16,,,0.25
2025-11-05 00:19:21,1.17.2,Bandit100,1,3.67,1.0,20,0,100,Pellet,Right,197,190,183,16,0.71,27.0,
2025-11-05 00:21:13,1.17.2,Bandit100,1,3.67,,20,0,100,Left,Right,198,190,183,17,,,0.43
2025-11-05 00:22:14,1.17.2,Bandit100,1,3.67,,20,0,100,Right,Right,198,191,183,17,,,0.06
2025-11-05 00:22:16,1.17.2,Bandit100,1,3.66,1.0,20,0,100,Pellet,Right,198,191,184,17,1.79,175.0,
2025-11-05 00:22:51,1.17.2,Bandit100,1,3.66,,20,0,100,Right,Right,198,192,184,18,,,0.02
2025-11-05 00:22:55,1.17.2,Bandit100,1,3.67,2.0,20,0,100,Pellet,Right,198,192,185,18,0.71,39.0,
2025-11-05 00:23:06,1.17.2,Bandit100,1,3.67,,20,0,100,Right,Right,198,193,185,19,,,0.12
2025-11-05 00:23:08,1.17.2,Bandit100,1,3.66,1.0,20,0,100,Pellet,Right,198,193,186,19,0.77,12.0,
2025-11-05 00:23:30,1.17.2,Bandit100,1,3.67,,20,100,0,Right,Left,198,194,186,0,,,0.36
2025-11-05 00:23:32,1.17.2,Bandit100,1,3.67,,20,100,0,RightinTimeout,Left,198,194,186,0,,,0.0
2025-11-05 00:23:37,1.17.2,Bandit100,1,3.66,,20,100,0,RightinTimeout,Left,198,194,186,0,,,0.0
2025-11-05 00:23:37,1.17.2,Bandit100,1,3.66,,20,100,0,RightinTimeout,Left,198,194,186,0,,,0.0
2025-11-05 00:36:13,1.17.2,Bandit100,1,3.66,,20,100,0,Left,Left,199,194,186,0,,,0.18
2025-11-05 00:36:15,1.17.2,Bandit100,1,3.66,1.0,20,100,0,Pellet,Left,199,194,187,0,1.37,788.0,
2025-11-05 00:36:38,1.17.2,Bandit100,1,3.66,,20,100,0,Right,Left,199,195,187,1,,,0.07
2025-11-05 00:38:01,1.17.2,Bandit100,1,3.66,,20,100,0,Left,Left,200,195,187,1,,,0.19
2025-11-05 00:38:03,1.17.2,Bandit100,1,3.66,1.0,20,100,0,Pellet,Left,200,195,188,1,0.77,108.0,
2025-11-05 00:38:18,1.17.2,Bandit100,1,3.66,,20,100,0,Left,Left,201,195,188,2,,,0.06
2025-11-05 00:38:19,1.17.2,Bandit100,1,3.67,2.0,20,100,0,Pellet,Left,201,195,189,2,0.47,16.0,
2025-11-05 00:38:35,1.17.2,Bandit100,1,3.66,,20,100,0,Right,Left,201,196,189,3,,,0.04
2025-11-05 00:38:38,1.17.2,Bandit100,1,3.66,,20,100,0,RightinTimeout,Left,201,196,189,3,,,0.0
2025-11-05 00:40:31,1.17.2,Bandit100,1,3.66,,20,100,0,Right,Left,201,197,189,3,,,0.16
2025-11-05 00:42:52,1.17.2,Bandit100,1,3.66,,20,100,0,Left,Left,202,197,189,3,,,0.07
2025-11-05 00:42:54,1.17.2,Bandit100,1,3.66,1.0,20,100,0,Pellet,Left,202,197,190,3,1.07,275.0,
2025-11-05 00:47:33,1.17.2,Bandit100,1,3.67,,20,100,0,Left,Left,203,197,190,4,,,0.02
2025-11-05 00:47:35,1.17.2,Bandit100,1,3.66,2.0,20,100,0,Pellet,Left,203,197,191,4,0.59,281.0,
2025-11-05 00:47:51,1.17.2,Bandit100,1,3.65,,20,100,0,Left,Left,204,197,191,5,,,0.29
2025-11-05 00:47:52,1.17.2,Bandit100,1,3.65,,20,100,0,LeftDuringDispense,Left,204,197,191,5,,,0.15
2025-11-05 00:47:56,1.17.2,Bandit100,1,3.66,2.0,20,100,0,Pellet,Left,204,197,192,5,1.49,21.0,
2025-11-05 00:48:23,1.17.2,Bandit100,1,3.66,,20,100,0,Left,Left,205,197,192,6,,,0.13
2025-11-05 00:48:26,1.17.2,Bandit100,1,3.66,1.0,20,100,0,Pellet,Left,205,197,193,6,2.21,30.0,
2025-11-05 00:52:19,1.17.2,Bandit100,1,3.66,,20,100,0,Right,Left,205,198,193,7,,,0.06
2025-11-05 00:53:16,1.17.2,Bandit100,1,3.65,,20,100,0,Left,Left,206,198,193,7,,,0.05
2025-11-05 00:53:17,1.17.2,Bandit100,1,3.66,1.0,20,100,0,Pellet,Left,206,198,194,7,0.77,291.0,
2025-11-05 00:53:29,1.17.2,Bandit100,1,3.66,,20,100,0,Right,Left,206,199,194,8,,,0.05
2025-11-05 00:53:32,1.17.2,Bandit100,1,3.66,,20,100,0,LeftinTimeOut,Left,206,199,194,8,,,
2025-11-05 00:59:35,1.17.2,Bandit100,1,3.66,,20,100,0,Right,Left,206,200,194,8,,,0.21
2025-11-05 02:28:48,1.17.2,Bandit100,1,3.65,,20,100,0,Right,Left,206,201,194,8,,,0.07
2025-11-05 03:10:07,1.17.2,Bandit100,1,3.65,,20,100,0,Left,Left,207,201,194,8,,,0.04
2025-11-05 03:10:10,1.17.2,Bandit100,1,3.66,1.0,20,100,0,Pellet,Left,207,201,195,8,1.61,8213.0,
2025-11-05 03:12:39,1.17.2,Bandit100,1,3.66,,20,100,0,Right,Left,207,202,195,9,,,0.03
2025-11-05 03:46:24,1.17.2,Bandit100,1,3.65,,20,100,0,Right,Left,207,203,195,9,,,0.02
2025-11-05 03:46:33,1.17.2,Bandit100,1,3.64,,20,100,0,RightinTimeout,Left,207,203,195,9,,,0.0
2025-11-05 03:53:02,1.17.2,Bandit100,1,3.65,,20,100,0,Right,Left,207,204,195,9,,,0.18
2025-11-05 03:53:06,1.17.2,Bandit100,1,3.65,,20,100,0,RightinTimeout,Left,207,204,195,9,,,0.0
2025-11-05 03:53:06,1.17.2,Bandit100,1,3.65,,20,100,0,RightinTimeout,Left,207,204,195,9,,,0.0
2025-11-05 03:58:14,1.17.2,Bandit100,1,3.65,,20,100,0,Left,Left,208,204,195,9,,,0.22
2025-11-05 03:58:16,1.17.2,Bandit100,1,3.65,2.0,20,100,0,Pellet,Left,208,204,196,9,0.89,2885.0,
2025-11-05 03:58:33,1.17.2,Bandit100,1,3.65,,20,100,0,Right,Left,208,205,196,10,,,0.2
2025-11-05 03:58:36,1.17.2,Bandit100,1,3.65,,20,100,0,RightinTimeout,Left,208,205,196,10,,,0.0
2025-11-05 03:58:40,1.17.2,Bandit100,1,3.64,,20,100,0,RightinTimeout,Left,208,205,196,10,,,0.0
2025-11-05 03:59:38,1.17.2,Bandit100,1,3.65,,20,100,0,Right,Left,208,206,196,10,,,0.03
2025-11-05 03:59:39,1.17.2,Bandit100,1,3.65,,20,100,0,RightinTimeout,Left,208,206,196,10,,,0.0
2025-11-05 04:00:31,1.17.2,Bandit100,1,3.65,,20,100,0,Right,Left,208,207,196,10,,,0.04
2025-11-05 04:00:33,1.17.2,Bandit100,1,3.64,,20,100,0,RightinTimeout,Left,208,207,196,10,,,0.0
2025-11-05 04:02:07,1.17.2,Bandit100,1,3.65,,20,100,0,Left,Left,209,207,196,10,,,0.26
2025-11-05 04:02:09,1.17.2,Bandit100,1,3.65,1.0,20,100,0,Pellet,Left,209,207,197,10,0.95,234.0,
2025-11-05 04:02:30,1.17.2,Bandit100,1,3.65,,20,100,0,Left,Left,210,207,197,11,,,0.04
2025-11-05 04:02:31,1.17.2,Bandit100,1,3.64,1.0,20,100,0,Pellet,Left,210,207,198,11,0.65,22.0,
2025-11-05 04:05:40,1.17.2,Bandit100,1,3.65,,20,100,0,Left,Left,211,207,198,12,,,0.33
2025-11-05 04:05:44,1.17.2,Bandit100,1,3.65,2.0,20,100,0,Pellet,Left,211,207,199,12,0.95,193.0,
2025-11-05 04:06:03,1.17.2,Bandit100,1,3.65,,20,100,0,Left,Left,212,207,199,13,,,0.19
2025-11-05 04:06:04,1.17.2,Bandit100,1,3.65,1.0,20,100,0,Pellet,Left,212,207,200,13,1.25,20.0,
2025-11-05 04:06:51,1.17.2,Bandit100,1,3.65,,20,100,0,Right,Left,212,208,200,14,,,0.15
2025-11-05 04:06:54,1.17.2,Bandit100,1,3.65,,20,100,0,LeftinTimeOut,Left,212,208,200,14,,,
2025-11-05 05:22:33,1.17.2,Bandit100,1,3.65,,20,100,0,Left,Left,213,208,200,14,,,0.17
2025-11-05 05:22:35,1.17.2,Bandit100,1,3.65,1.0,20,100,0,Pellet,Left,213,208,201,14,1.25,4591.0,
2025-11-05 05:22:49,1.17.2,Bandit100,1,3.65,,20,100,0,Right,Left,213,209,201,15,,,0.19
2025-11-05 05:23:19,1.17.2,Bandit100,1,3.65,,20,100,0,Left,Left,214,209,201,15,,,0.02
2025-11-05 05:23:21,1.17.2,Bandit100,1,3.65,1.0,20,100,0,Pellet,Left,214,209,202,15,1.13,46.0,
2025-11-05 05:24:02,1.17.2,Bandit100,1,3.65,,20,100,0,Left,Left,215,209,202,16,,,0.05
2025-11-05 05:24:05,1.17.2,Bandit100,1,3.65,1.0,20,100,0,Pellet,Left,215,209,203,16,2.33,44.0,
2025-11-05 05:24:17,1.17.2,Bandit100,1,3.65,,20,100,0,Left,Left,216,209,203,17,,,0.22
2025-11-05 05:24:19,1.17.2,Bandit100,1,3.65,1.0,20,100,0,Pellet,Left,216,209,204,17,1.37,14.0,
2025-11-05 05:24:37,1.17.2,Bandit100,1,3.65,,20,100,0,Right,Left,216,210,204,18,,,0.03
2025-11-05 05:24:38,1.17.2,Bandit100,1,3.65,,20,100,0,LeftinTimeOut,Left,216,210,204,18,,,
2025-11-05 05:27:45,1.17.2,Bandit100,1,3.65,,20,100,0,Left,Left,217,210,204,18,,,0.21
2025-11-05 05:27:48,1.17.2,Bandit100,1,3.65,1.0,20,100,0,Pellet,Left,217,210,205,18,2.09,209.0,
2025-11-05 05:31:55,1.17.2,Bandit100,1,3.65,,20,100,0,Left,Left,218,210,205,19,,,0.0
2025-11-05 05:32:00,1.17.2,Bandit100,1,3.65,2.0,20,100,0,Pellet,Left,218,210,206,19,2.38,252.0,
2025-11-05 05:32:11,1.17.2,Bandit100,1,3.65,,20,0,100,Left,Right,219,210,206,0,,,0.06
2025-11-05 05:32:27,1.17.2,Bandit100,1,3.65,,20,0,100,Left,Right,220,210,206,0,,,0.06
2025-11-05 05:41:54,1.17.2,Bandit100,1,3.65,,20,0,100,Right,Right,220,211,206,0,,,0.12
2025-11-05 05:43:33,1.17.2,Bandit100,1,3.65,1.0,20,0,100,Pellet,Right,220,211,207,0,Timed_out,693.0,
2025-11-05 07:35:47,1.17.2,Bandit100,1,3.64,,20,0,100,Left,Right,221,211,207,1,,,0.29
2025-11-05 07:35:51,1.17.2,Bandit100,1,3.64,,20,0,100,LeftinTimeOut,Right,221,211,207,1,,,
2025-11-05 07:35:52,1.17.2,Bandit100,1,3.65,,20,0,100,LeftinTimeOut,Right,221,211,207,1,,,
2025-11-05 07:35:53,1.17.2,Bandit100,1,3.64,,20,0,100,RightinTimeout,Right,221,211,207,1,,,0.0
2025-11-05 07:35:55,1.17.2,Bandit100,1,3.65,,20,0,100,LeftinTimeOut,Right,221,211,207,1,,,
2025-11-05 07:35:56,1.17.2,Bandit100,1,3.64,,20,0,100,LeftinTimeOut,Right,221,211,207,1,,,
2025-11-05 07:35:58,1.17.2,Bandit100,1,3.65,,20,0,100,LeftinTimeOut,Right,221,211,207,1,,,
2025-11-05 09:13:25,1.17.2,Bandit100,1,3.64,,20,0,100,Left,Right,222,211,207,1,,,0.14
2025-11-05 09:13:29,1.17.2,Bandit100,1,3.64,,20,0,100,LeftinTimeOut,Right,222,211,207,1,,,
2025-11-05 09:13:31,1.17.2,Bandit100,1,3.64,,20,0,100,RightinTimeout,Right,222,211,207,1,,,0.0
2025-11-05 11:12:37,1.17.2,Bandit100,1,3.64,,20,0,100,Left,Right,223,211,207,1,,,0.14
2025-11-05 11:12:39,1.17.2,Bandit100,1,3.64,,20,0,100,LeftinTimeOut,Right,223,211,207,1,,,
2025-11-05 11:21:09,1.17.2,Bandit100,1,3.64,,20,0,100,Right,Right,223,212,207,1,,,0.05
2025-11-05 11:21:13,1.17.2,Bandit100,1,3.64,2.0,20,0,100,Pellet,Right,223,212,208,1,1.19,20260.0,
2025-11-05 11:21:26,1.17.2,Bandit100,1,3.64,,20,0,100,Right,Right,223,213,208,2,,,0.3
2025-11-05 11:21:29,1.17.2,Bandit100,1,3.64,1.0,20,0,100,Pellet,Right,223,213,209,2,2.27,16.0,
2025-11-05 11:21:40,1.17.2,Bandit100,1,3.64,,20,0,100,Right,Right,223,214,209,3,,,0.38
2025-11-05 11:21:41,1.17.2,Bandit100,1,3.64,1.0,20,0,100,Pellet,Right,223,214,210,3,0.59,12.0,
2025-11-05 11:21:58,1.17.2,Bandit100,1,3.64,,20,0,100,Right,Right,223,215,210,4,,,0.04
2025-11-05 11:22:01,1.17.2,Bandit100,1,3.64,1.0,20,0,100,Pellet,Right,223,215,211,4,1.55,20.0,
2025-11-05 11:22:17,1.17.2,Bandit100,1,3.64,,20,0,100,Right,Right,223,216,211,5,,,0.07
2025-11-05 11:22:21,1.17.2,Bandit100,1,3.64,2.0,20,0,100,Pellet,Right,223,216,212,5,0.83,20.0,
2025-11-05 11:22:31,1.17.2,Bandit100,1,3.64,,20,0,100,Right,Right,223,217,212,6,,,0.29
2025-11-05 11:22:33,1.17.2,Bandit100,1,3.64,1.0,20,0,100,Pellet,Right,223,217,213,6,1.19,12.0,
2025-11-05 11:22:43,1.17.2,Bandit100,1,3.64,,20,0,100,Right,Right,223,218,213,7,,,0.11
2025-11-05 11:22:45,1.17.2,Bandit100,1,3.64,1.0,20,0,100,Pellet,Right,223,218,214,7,1.49,12.0,
2025-11-05 13:15:46,1.17.2,Bandit100,1,3.64,,20,0,100,Left,Right,224,218,214,8,,,0.29
2025-11-05 13:15:48,1.17.2,Bandit100,1,3.64,,20,0,100,LeftinTimeOut,Right,224,218,214,8,,,
2025-11-05 14:27:53,1.17.2,Bandit100,1,3.62,,20,0,100,Left,Right,225,218,214,8,,,0.08
2025-11-05 14:33:54,1.17.2,Bandit100,1,3.64,,20,0,100,Left,Right,226,218,214,8,,,0.11
2025-11-05 14:33:55,1.17.2,Bandit100,1,3.64,,20,0,100,RightinTimeout,Right,226,218,214,8,,,0.0
2025-11-05 14:33:58,1.17.2,Bandit100,1,3.64,,20,0,100,RightinTimeout,Right,226,218,214,8,,,0.0
2025-11-05 15:58:31,1.17.2,Bandit100,1,3.64,,20,0,100,Right,Right,226,219,214,8,,,0.21
2025-11-05 15:58:32,1.17.2,Bandit100,1,3.63,1.0,20,0,100,Pellet,Right,226,219,215,8,1.07,16547.0,
2025-11-05 15:58:50,1.17.2,Bandit100,1,3.62,,20,0,100,Right,Right,226,220,215,9,,,0.22
2025-11-05 15:58:51,1.17.2,Bandit100,1,3.63,1.0,20,0,100,Pellet,Right,226,220,216,9,0.71,19.0,
2025-11-05 15:59:08,1.17.2,Bandit100,1,3.63,,20,0,100,Right,Right,226,221,216,10,,,0.25
2025-11-05 15:59:10,1.17.2,Bandit100,1,3.63,1.0,20,0,100,Pellet,Right,226,221,217,10,0.59,19.0,
2025-11-05 15:59:26,1.17.2,Bandit100,1,3.63,,20,0,100,Right,Right,226,222,217,11,,,0.28
2025-11-05 15:59:28,1.17.2,Bandit100,1,3.63,1.0,20,0,100,Pellet,Right,226,222,218,11,1.19,18.0,
2025-11-05 15:59:39,1.17.2,Bandit100,1,3.63,,20,0,100,Right,Right,226,223,218,12,,,0.18
2025-11-05 15:59:43,1.17.2,Bandit100,1,3.64,2.0,20,0,100,Pellet,Right,226,223,219,12,1.13,15.0,
2025-11-05 16:00:00,1.17.2,Bandit100,1,3.63,,20,0,100,Right,Right,226,224,219,13,,,0.09
2025-11-05 16:00:01,1.17.2,Bandit100,1,3.63,1.0,20,0,100,Pellet,Right,226,224,220,13,0.89,18.0,
2025-11-05 16:00:14,1.17.2,Bandit100,1,3.63,,20,0,100,Left,Right,227,224,220,14,,,0.08
2025-11-05 16:00:19,1.17.2,Bandit100,1,3.62,,20,0,100,LeftinTimeOut,Right,227,224,220,14,,,
2025-11-05 16:00:37,1.17.2,Bandit100,1,3.63,,20,0,100,Right,Right,227,225,220,14,,,0.18
2025-11-05 16:00:39,1.17.2,Bandit100,1,3.62,1.0,20,0,100,Pellet,Right,227,225,221,14,1.07,38.0,
2025-11-05 16:00:46,1.17.2,Bandit100,1,3.63,,20,0,100,Right,Right,227,226,221,15,,,0.05
2025-11-05 16:00:49,1.17.2,Bandit100,1,3.63,2.0,20,0,100,Pellet,Right,227,226,222,15,0.53,10.0,
2025-11-05 16:01:10,1.17.2,Bandit100,1,3.62,,20,0,100,Right,Right,227,227,222,16,,,0.35
2025-11-05 16:01:12,1.17.2,Bandit100,1,3.63,1.0,20,0,100,Pellet,Right,227,227,223,16,0.95,23.0,
2025-11-05 16:01:25,1.17.2,Bandit100,1,3.63,,20,0,100,Right,Right,227,228,223,17,,,0.02
2025-11-05 16:01:29,1.17.2,Bandit100,1,3.64,1.0,20,0,100,Pellet,Right,227,228,224,17,3.71,17.0,
2025-11-05 16:01:47,1.17.2,Bandit100,1,3.64,,20,0,100,Right,Right,227,229,224,18,,,0.22
2025-11-05 16:01:51,1.17.2,Bandit100,1,3.63,2.0,20,0,100,Pellet,Right,227,229,225,18,0.65,22.0,
2025-11-05 16:02:06,1.17.2,Bandit100,1,3.63,,20,0,100,Right,Right,227,230,225,19,,,0.41
2025-11-05 16:02:08,1.17.2,Bandit100,1,3.63,1.0,20,0,100,Pellet,Right,227,230,226,19,1.01,17.0,
2025-11-05 16:02:32,1.17.2,Bandit100,1,3.64,,20,100,0,Right,Left,227,231,226,0,,,0.0
2025-11-05 17:18:50,1.17.2,Bandit100,1,3.64,,20,100,0,Right,Left,227,232,226,0,,,0.2
2025-11-05 17:18:54,1.17.2,Bandit100,1,3.63,,20,100,0,RightinTimeout,Left,227,232,226,0,,,0.0
2025-11-05 17:19:00,1.17.2,Bandit100,1,3.62,,20,100,0,RightinTimeout,Left,227,232,226,0,,,0.0
2025-11-05 17:30:19,1.17.2,Bandit100,1,3.62,,20,100,0,Right,Left,227,233,226,0,,,0.15
2025-11-05 17:30:20,1.17.2,Bandit100,1,3.63,,20,100,0,LeftinTimeOut,Left,227,233,226,0,,,
2025-11-05 17:30:43,1.17.2,Bandit100,1,3.63,,20,100,0,Left,Left,228,233,226,0,,,0.17
2025-11-05 17:30:45,1.17.2,Bandit100,1,3.63,1.0,20,100,0,Pellet,Left,228,233,227,0,0.83,5317.0,
2025-11-05 17:44:13,1.17.2,Bandit100,1,3.62,,20,100,0,Right,Left,228,234,227,1,,,0.02
2025-11-05 17:44:15,1.17.2,Bandit100,1,3.63,,20,100,0,RightinTimeout,Left,228,234,227,1,,,0.0
2025-11-05 17:44:16,1.17.2,Bandit100,1,3.63,,20,100,0,LeftinTimeOut,Left,228,234,227,1,,,
2025-11-05 17:44:17,1.17.2,Bandit100,1,3.62,,20,100,0,LeftinTimeOut,Left,228,234,227,1,,,
2025-11-05 17:44:29,1.17.2,Bandit100,1,3.63,,20,100,0,Left,Left,229,234,227,1,,,0.06
2025-11-05 17:44:32,1.17.2,Bandit100,1,3.63,1.0,20,100,0,Pellet,Left,229,234,228,1,1.79,827.0,
2025-11-05 17:44:44,1.17.2,Bandit100,1,3.63,,20,100,0,Right,Left,229,235,228,2,,,0.28
2025-11-05 17:44:56,1.17.2,Bandit100,1,3.63,,20,100,0,Left,Left,230,235,228,2,,,0.22
2025-11-05 17:44:58,1.17.2,Bandit100,1,3.63,1.0,20,100,0,Pellet,Left,230,235,229,2,1.91,26.0,
2025-11-05 17:45:13,1.17.2,Bandit100,1,3.63,,20,100,0,Right,Left,230,236,229,3,,,0.02
2025-11-05 17:45:15,1.17.2,Bandit100,1,3.64,,20,100,0,RightinTimeout,Left,230,236,229,3,,,0.0
2025-11-05 17:45:15,1.17.2,Bandit100,1,3.64,,20,100,0,RightinTimeout,Left,230,236,229,3,,,0.0
2025-11-05 17:45:17,1.17.2,Bandit100,1,3.63,,20,100,0,RightinTimeout,Left,230,236,229,3,,,0.0
2025-11-05 17:45:20,1.17.2,Bandit100,1,3.63,,20,100,0,LeftinTimeOut,Left,230,236,229,3,,,
2025-11-05 17:45:21,1.17.2,Bandit100,1,3.63,,20,100,0,LeftinTimeOut,Left,230,236,229,3,,,
2025-11-05 18:06:45,1.17.2,Bandit100,1,3.63,,20,100,0,Right,Left,230,237,229,3,,,0.16
2025-11-05 18:06:47,1.17.2,Bandit100,1,3.63,,20,100,0,RightinTimeout,Left,230,237,229,3,,,0.0
2025-11-05 18:06:49,1.17.2,Bandit100,1,3.63,,20,100,0,LeftinTimeOut,Left,230,237,229,3,,,
2025-11-05 18:06:50,1.17.2,Bandit100,1,3.64,,20,100,0,LeftinTimeOut,Left,230,237,229,3,,,
2025-11-05 18:06:53,1.17.2,Bandit100,1,3.63,,20,100,0,RightinTimeout,Left,230,237,229,3,,,0.0
2025-11-05 18:10:05,1.17.2,Bandit100,1,3.63,,20,100,0,Right,Left,230,238,229,3,,,0.25
2025-11-05 18:10:08,1.17.2,Bandit100,1,3.62,,20,100,0,LeftinTimeOut,Left,230,238,229,3,,,
2025-11-05 18:14:28,1.17.2,Bandit100,1,3.63,,20,100,0,Left,Left,231,238,229,3,,,0.21
2025-11-05 18:14:29,1.17.2,Bandit100,1,3.63,1.0,20,100,0,Pellet,Left,231,238,230,3,1.07,1771.0,
2025-11-05 18:14:45,1.17.2,Bandit100,1,3.62,,20,100,0,Right,Left,231,239,230,4,,,0.23
2025-11-05 18:14:47,1.17.2,Bandit100,1,3.62,,20,100,0,LeftinTimeOut,Left,231,239,230,4,,,
2025-11-05 18:14:53,1.17.2,Bandit100,1,3.63,,20,100,0,LeftinTimeOut,Left,231,239,230,4,,,
2025-11-05 18:14:55,1.17.2,Bandit100,1,3.62,,20,100,0,LeftinTimeOut,Left,231,239,230,4,,,
2025-11-05 18:16:24,1.17.2,Bandit100,1,3.63,,20,100,0,Right,Left,231,240,230,4,,,0.38
2025-11-05 18:16:26,1.17.2,Bandit100,1,3.63,,20,100,0,LeftinTimeOut,Left,231,240,230,4,,,
2025-11-05 18:16:29,1.17.2,Bandit100,1,3.62,,20,100,0,RightinTimeout,Left,231,240,230,4,,,0.0
2025-11-05 18:16:29,1.17.2,Bandit100,1,3.63,,20,100,0,RightinTimeout,Left,231,240,230,4,,,0.0
2025-11-05 18:16:31,1.17.2,Bandit100,1,3.62,,20,100,0,RightinTimeout,Left,231,240,230,4,,,0.0
2025-11-05 18:17:53,1.17.2,Bandit100,1,3.63,,20,100,0,Left,Left,232,240,230,4,,,0.2
2025-11-05 18:17:54,1.17.2,Bandit100,1,3.63,,20,100,0,LeftDuringDispense,Left,232,240,230,4,,,0.06
2025-11-05 18:17:58,1.17.2,Bandit100,1,3.63,3.0,20,100,0,Pellet,Left,232,240,231,4,0.29,209.0,
2025-11-05 18:18:22,1.17.2,Bandit100,1,3.63,,20,100,0,Left,Left,233,240,231,5,,,0.22
2025-11-05 18:18:26,1.17.2,Bandit100,1,3.62,3.0,20,100,0,Pellet,Left,233,240,232,5,1.01,28.0,
2025-11-05 18:18:45,1.17.2,Bandit100,1,3.63,,20,100,0,Left,Left,234,240,232,6,,,0.1
2025-11-05 18:18:47,1.17.2,Bandit100,1,3.63,2.0,20,100,0,Pellet,Left,234,240,233,6,0.59,21.0,
2025-11-05 18:19:09,1.17.2,Bandit100,1,3.62,,20,100,0,Left,Left,235,240,233,7,,,0.27
2025-11-05 18:19:09,1.17.2,Bandit100,1,3.62,,20,100,0,LeftDuringDispense,Left,235,240,233,7,,,0.01
2025-11-05 18:19:13,1.17.2,Bandit100,1,3.63,3.0,20,100,0,Pellet,Left,235,240,234,7,0.35,26.0,
2025-11-05 18:19:30,1.17.2,Bandit100,1,3.63,,20,100,0,Left,Left,236,240,234,8,,,0.5
2025-11-05 18:19:31,1.17.2,Bandit100,1,3.63,2.0,20,100,0,Pellet,Left,236,240,235,8,0.95,18.0,
2025-11-05 18:19:47,1.17.2,Bandit100,1,3.63,,20,100,0,Left,Left,237,240,235,9,,,0.41
2025-11-05 18:19:49,1.17.2,Bandit100,1,3.63,1.0,20,100,0,Pellet,Left,237,240,236,9,1.01,17.0,
2025-11-05 18:20:07,1.17.2,Bandit100,1,3.63,,20,100,0,Left,Left,238,240,236,10,,,0.1
2025-11-05 18:20:08,1.17.2,Bandit100,1,3.63,,20,100,0,LeftDuringDispense,Left,238,240,236,10,,,0.18
2025-11-05 18:20:10,1.17.2,Bandit100,1,3.62,1.0,20,100,0,Pellet,Left,238,240,237,10,1.19,22.0,
2025-11-05 18:20:27,1.17.2,Bandit100,1,3.63,,20,100,0,Left,Left,239,240,237,11,,,0.08
2025-11-05 18:20:33,1.17.2,Bandit100,1,3.63,3.0,20,100,0,Pellet,Left,239,240,238,11,1.31,23.0,
2025-11-05 18:20:52,1.17.2,Bandit100,1,3.63,,20,100,0,Left,Left,240,240,238,12,,,0.59
2025-11-05 18:20:54,1.17.2,Bandit100,1,3.63,1.0,20,100,0,Pellet,Left,240,240,239,12,0.47,21.0,
2025-11-05 18:21:19,1.17.2,Bandit100,1,3.62,,20,100,0,Left,Left,241,240,239,13,,,0.01
2025-11-05 18:21:20,1.17.2,Bandit100,1,3.62,1.0,20,100,0,Pellet,Left,241,240,240,13,0.65,26.0,
2025-11-05 18:21:29,1.17.2,Bandit100,1,3.63,,20,100,0,Left,Left,242,240,240,14,,,0.08
2025-11-05 18:21:31,1.17.2,Bandit100,1,3.63,2.0,20,100,0,Pellet,Left,242,240,241,14,0.65,11.0,
2025-11-05 18:30:38,1.17.2,Bandit100,1,3.63,,20,100,0,Left,Left,243,240,241,15,,,0.37
2025-11-05 18:30:40,1.17.2,Bandit100,1,3.63,1.0,20,100,0,Pellet,Left,243,240,242,15,0.89,549.0,
2025-11-05 18:30:49,1.17.2,Bandit100,1,3.62,,20,100,0,Left,Left,244,240,242,16,,,0.11
2025-11-05 18:30:52,1.17.2,Bandit100,1,3.62,1.0,20,100,0,Pellet,Left,244,240,243,16,1.31,11.0,
2025-11-05 18:31:05,1.17.2,Bandit100,1,3.64,,20,100,0,Left,Left,245,240,243,17,,,0.2
2025-11-05 18:31:11,1.17.2,Bandit100,1,3.63,3.0,20,100,0,Pellet,Left,245,240,244,17,0.89,20.0,
2025-11-05 18:31:23,1.17.2,Bandit100,1,3.63,,20,100,0,Left,Left,246,240,244,18,,,0.03
2025-11-05 18:31:24,1.17.2,Bandit100,1,3.62,1.0,20,100,0,Pellet,Left,246,240,245,18,0.53,13.0,
2025-11-05 18:31:43,1.17.2,Bandit100,1,3.63,,20,100,0,Left,Left,247,240,245,19,,,0.18
2025-11-05 18:31:45,1.17.2,Bandit100,1,3.63,1.0,20,100,0,Pellet,Left,247,240,246,19,0.89,21.0,
2025-11-05 18:32:13,1.17.2,Bandit100,1,3.63,,20,0,100,Left,Right,248,240,246,0,,,0.09
2025-11-05 18:32:15,1.17.2,Bandit100,1,3.62,,20,0,100,LeftinTimeOut,Right,248,240,246,0,,,
2025-11-05 18:32:18,1.17.2,Bandit100,1,3.63,,20,0,100,LeftinTimeOut,Right,248,240,246,0,,,
2025-11-05 18:32:19,1.17.2,Bandit100,1,3.63,,20,0,100,LeftinTimeOut,Right,248,240,246,0,,,
2025-11-05 18:32:21,1.17.2,Bandit100,1,3.63,,20,0,100,LeftinTimeOut,Right,248,240,246,0,,,
2025-11-05 18:32:22,1.17.2,Bandit100,1,3.63,,20,0,100,LeftinTimeOut,Right,248,240,246,0,,,
2025-11-05 18:36:01,1.17.2,Bandit100,1,3.62,,20,0,100,Left,Right,249,240,246,0,,,0.07
2025-11-05 18:37:36,1.17.2,Bandit100,1,3.63,,20,0,100,Left,Right,250,240,246,0,,,0.03
2025-11-05 18:37:37,1.17.2,Bandit100,1,3.62,,20,0,100,LeftinTimeOut,Right,250,240,246,0,,,
2025-11-05 18:44:04,1.17.2,Bandit100,1,3.63,,20,0,100,Left,Right,251,240,246,0,,,0.08
2025-11-05 18:44:08,1.17.2,Bandit100,1,3.62,,20,0,100,RightinTimeout,Right,251,240,246,0,,,0.0
2025-11-05 18:45:36,1.17.2,Bandit100,1,3.62,,20,0,100,Right,Right,251,241,246,0,,,0.07
2025-11-05 18:45:39,1.17.2,Bandit100,1,3.63,1.0,20,0,100,Pellet,Right,251,241,247,0,1.79,834.0,
2025-11-05 18:45:56,1.17.2,Bandit100,1,3.63,,20,0,100,Left,Right,252,241,247,1,,,0.01
2025-11-05 18:45:58,1.17.2,Bandit100,1,3.62,,20,0,100,LeftinTimeOut,Right,252,241,247,1,,,
2025-11-05 18:50:07,1.17.2,Bandit100,1,3.63,,20,0,100,Right,Right,252,242,247,1,,,0.07
2025-11-05 18:56:06,1.17.2,Bandit100,1,3.63,2.0,20,0,100,Pellet,Right,252,242,248,1,Timed_out,627.0,
2025-11-05 19:06:30,1.17.2,Bandit100,1,3.62,,20,0,100,Left,Right,253,242,248,2,,,0.04
2025-11-05 19:10:59,1.17.2,Bandit100,1,3.62,,20,0,100,Left,Right,254,242,248,2,,,0.17
2025-11-05 19:11:00,1.17.2,Bandit100,1,3.62,,20,0,100,LeftinTimeOut,Right,254,242,248,2,,,
2025-11-05 19:28:31,1.17.2,Bandit100,1,3.62,,20,0,100,Left,Right,255,242,248,2,,,0.14
2025-11-05 19:29:38,1.17.2,Bandit100,1,3.62,,20,0,100,Left,Right,256,242,248,2,,,0.06
2025-11-05 19:30:12,1.17.2,Bandit100,1,3.63,,20,0,100,Left,Right,257,242,248,2,,,0.24
2025-11-05 19:30:13,1.17.2,Bandit100,1,3.62,,20,0,100,LeftinTimeOut,Right,257,242,248,2,,,
2025-11-05 19:32:51,1.17.2,Bandit100,1,3.63,,20,0,100,Left,Right,258,242,248,2,,,0.33
2025-11-05 19:32:52,1.17.2,Bandit100,1,3.63,,20,0,100,LeftinTimeOut,Right,258,242,248,2,,,
2025-11-05 19:32:53,1.17.2,Bandit100,1,3.63,,20,0,100,LeftinTimeOut,Right,258,242,248,2,,,
2025-11-05 19:34:19,1.17.2,Bandit100,1,3.62,,20,0,100,Left,Right,259,242,248,2,,,0.12
2025-11-05 19:34:22,1.17.2,Bandit100,1,3.62,,20,0,100,LeftinTimeOut,Right,259,242,248,2,,,
2025-11-05 19:34:23,1.17.2,Bandit100,1,3.63,,20,0,100,LeftinTimeOut,Right,259,242,248,2,,,
2025-11-05 19:34:28,1.17.2,Bandit100,1,3.63,,20,0,100,LeftinTimeOut,Right,259,242,248,2,,,
2025-11-05 19:34:30,1.17.2,Bandit100,1,3.62,,20,0,100,RightinTimeout,Right,259,242,248,2,,,0.0
2025-11-05 19:35:07,1.17.2,Bandit100,1,3.62,,20,0,100,Left,Right,260,242,248,2,,,0.15
2025-11-05 19:35:09,1.17.2,Bandit100,1,3.63,,20,0,100,LeftinTimeOut,Right,260,242,248,2,,,
2025-11-05 19:35:09,1.17.2,Bandit100,1,3.62,,20,0,100,LeftinTimeOut,Right,260,242,248,2,,,
2025-11-05 19:35:15,1.17.2,Bandit100,1,3.62,,20,0,100,LeftinTimeOut,Right,260,242,248,2,,,
2025-11-05 19:35:16,1.17.2,Bandit100,1,3.62,,20,0,100,LeftinTimeOut,Right,260,242,248,2,,,
2025-11-05 19:35:18,1.17.2,Bandit100,1,3.63,,20,0,100,LeftinTimeOut,Right,260,242,248,2,,,
2025-11-05 19:36:25,1.17.2,Bandit100,1,3.63,,20,0,100,Left,Right,261,242,248,2,,,0.02
2025-11-05 19:36:26,1.17.2,Bandit100,1,3.62,,20,0,100,LeftinTimeOut,Right,261,242,248,2,,,
2025-11-05 19:36:29,1.17.2,Bandit100,1,3.62,,20,0,100,LeftinTimeOut,Right,261,242,248,2,,,
2025-11-05 19:38:13,1.17.2,Bandit100,1,3.62,,20,0,100,Left,Right,262,242,248,2,,,0.1
2025-11-05 19:38:27,1.17.2,Bandit100,1,3.62,,20,0,100,Left,Right,263,242,248,2,,,0.45
2025-11-05 19:38:36,1.17.2,Bandit100,1,3.62,,20,0,100,RightinTimeout,Right,263,242,248,2,,,0.0
2025-11-05 19:38:36,1.17.2,Bandit100,1,3.63,,20,0,100,RightinTimeout,Right,263,242,248,2,,,0.0
2025-11-05 19:38:36,1.17.2,Bandit100,1,3.62,,20,0,100,RightinTimeout,Right,263,242,248,2,,,0.0
2025-11-05 19:39:09,1.17.2,Bandit100,1,3.63,,20,0,100,Left,Right,264,242,248,2,,,0.24
2025-11-05 19:39:10,1.17.2,Bandit100,1,3.63,,20,0,100,LeftinTimeOut,Right,264,242,248,2,,,
2025-11-05 19:39:12,1.17.2,Bandit100,1,3.63,,20,0,100,LeftinTimeOut,Right,264,242,248,2,,,
2025-11-05 19:39:12,1.17.2,Bandit100,1,3.62,,20,0,100,LeftinTimeOut,Right,264,242,248,2,,,
2025-11-05 19:45:20,1.17.2,Bandit100,1,3.62,,20,0,100,Left,Right,265,242,248,2,,,0.17
2025-11-05 19:45:23,1.17.2,Bandit100,1,3.63,,20,0,100,LeftinTimeOut,Right,265,242,248,2,,,
2025-11-05 19:45:24,1.17.2,Bandit100,1,3.63,,20,0,100,LeftinTimeOut,Right,265,242,248,2,,,
2025-11-05 19:46:49,1.17.2,Bandit100,1,3.63,,20,0,100,Right,Right,265,243,248,2,,,0.16
2025-11-05 19:46:55,1.17.2,Bandit100,1,3.62,3.0,20,0,100,Pellet,Right,265,243,249,2,1.13,3049.0,
2025-11-05 19:47:06,1.17.2,Bandit100,1,3.62,,20,0,100,Right,Right,265,244,249,3,,,0.09
2025-11-05 19:47:07,1.17.2,Bandit100,1,3.63,1.0,20,0,100,Pellet,Right,265,244,250,3,0.71,12.0,
2025-11-05 19:47:32,1.17.2,Bandit100,1,3.62,,20,0,100,Left,Right,266,244,250,4,,,0.17
2025-11-05 19:47:33,1.17.2,Bandit100,1,3.62,,20,0,100,LeftinTimeOut,Right,266,244,250,4,,,
2025-11-05 19:48:41,1.17.2,Bandit100,1,3.62,,20,0,100,Right,Right,266,245,250,4,,,0.05
2025-11-05 19:48:45,1.17.2,Bandit100,1,3.63,1.0,20,0,100,Pellet,Right,266,245,251,4,2.63,98.0,
2025-11-05 19:50:39,1.17.2,Bandit100,1,3.62,,20,0,100,Right,Right,266,246,251,5,,,0.02
2025-11-05 19:50:41,1.17.2,Bandit100,1,3.62,1.0,20,0,100,Pellet,Right,266,246,252,5,0.77,116.0,
2025-11-05 19:51:02,1.17.2,Bandit100,1,3.63,,20,0,100,Right,Right,266,247,252,6,,,0.03
2025-11-05 19:51:04,1.17.2,Bandit100,1,3.62,,20,0,100,RightWithPellet,Right,266,248,252,6,,,0.06
2025-11-05 19:51:09,1.17.2,Bandit100,1,3.62,1.0,20,0,100,Pellet,Right,266,248,253,6,6.60,28.0,
2025-11-05 19:51:40,1.17.2,Bandit100,1,3.63,,20,0,100,Right,Right,266,249,253,7,,,0.21
2025-11-05 19:51:42,1.17.2,Bandit100,1,3.63,1.0,20,0,100,Pellet,Right,266,249,254,7,1.43,33.0,
2025-11-05 19:51:58,1.17.2,Bandit100,1,3.62,,20,0,100,Left,Right,267,249,254,8,,,0.15
2025-11-05 19:55:49,1.17.2,Bandit100,1,3.63,,20,0,100,Right,Right,267,250,254,8,,,0.01
2025-11-05 19:55:55,1.17.2,Bandit100,1,3.63,4.0,20,0,100,Pellet,Right,267,250,255,8,0.59,253.0,
2025-11-05 19:56:41,1.17.2,Bandit100,1,3.63,,20,0,100,Left,Right,268,250,255,9,,,0.09
2025-11-05 19:57:08,1.17.2,Bandit100,1,3.62,,20,0,100,Left,Right,269,250,255,9,,,0.22
2025-11-05 19:57:18,1.17.2,Bandit100,1,3.62,,20,0,100,LeftinTimeOut,Right,269,250,255,9,,,
2025-11-05 20:04:40,1.17.2,Bandit100,1,3.62,,20,0,100,Left,Right,270,250,255,9,,,0.1
2025-11-05 20:05:48,1.17.2,Bandit100,1,3.63,,20,0,100,Left,Right,271,250,255,9,,,0.18
2025-11-05 20:06:26,1.17.2,Bandit100,1,3.63,,20,0,100,Right,Right,271,251,255,9,,,0.08
2025-11-05 20:06:28,1.17.2,Bandit100,1,3.62,2.0,20,0,100,Pellet,Right,271,251,256,9,1.37,633.0,
2025-11-05 20:06:40,1.17.2,Bandit100,1,3.63,,20,0,100,Right,Right,271,252,256,10,,,0.03
2025-11-05 20:06:43,1.17.2,Bandit100,1,3.62,2.0,20,0,100,Pellet,Right,271,252,257,10,1.43,15.0,
2025-11-05 20:06:56,1.17.2,Bandit100,1,3.63,,20,0,100,Right,Right,271,253,257,11,,,0.08
2025-11-05 20:06:58,1.17.2,Bandit100,1,3.63,2.0,20,0,100,Pellet,Right,271,253,258,11,0.71,15.0,
2025-11-05 20:07:39,1.17.2,Bandit100,1,3.63,,20,0,100,Right,Right,271,254,258,12,,,0.26
2025-11-05 20:07:40,1.17.2,Bandit100,1,3.62,1.0,20,0,100,Pellet,Right,271,254,259,12,0.47,42.0,
2025-11-05 20:11:19,1.17.2,Bandit100,1,3.62,,20,0,100,Left,Right,272,254,259,13,,,0.11
2025-11-05 20:11:21,1.17.2,Bandit100,1,3.63,,20,0,100,LeftinTimeOut,Right,272,254,259,13,,,
2025-11-05 20:12:39,1.17.2,Bandit100,1,3.62,,20,0,100,Right,Right,272,255,259,13,,,0.04
2025-11-05 20:12:46,1.17.2,Bandit100,1,3.63,3.0,20,0,100,Pellet,Right,272,255,260,13,1.67,306.0,
2025-11-05 20:14:43,1.17.2,Bandit100,1,3.62,,20,0,100,Right,Right,272,256,260,14,,,0.14
2025-11-05 20:14:44,1.17.2,Bandit100,1,3.62,1.0,20,0,100,Pellet,Right,272,256,261,14,0.35,118.0,
2025-11-05 20:15:02,1.17.2,Bandit100,1,3.62,,20,0,100,Right,Right,272,257,261,15,,,0.15
2025-11-05 20:15:04,1.17.2,Bandit100,1,3.62,1.0,20,0,100,Pellet,Right,272,257,262,15,0.71,20.0,
2025-11-05 20:16:13,1.17.2,Bandit100,1,3.62,,20,0,100,Left,Right,273,257,262,16,,,0.02
2025-11-05 20:16:14,1.17.2,Bandit100,1,3.62,,20,0,100,LeftinTimeOut,Right,273,257,262,16,,,
2025-11-05 20:16:17,1.17.2,Bandit100,1,3.62,,20,0,100,LeftinTimeOut,Right,273,257,262,16,,,
2025-11-05 20:16:18,1.17.2,Bandit100,1,3.62,,20,0,100,LeftinTimeOut,Right,273,257,262,16,,,
2025-11-05 20:23:36,1.17.2,Bandit100,1,3.62,,20,0,100,Left,Right,274,257,262,16,,,0.67
2025-11-05 20:23:39,1.17.2,Bandit100,1,3.63,,20,0,100,LeftinTimeOut,Right,274,257,262,16,,,
2025-11-05 20:23:39,1.17.2,Bandit100,1,3.62,,20,0,100,LeftinTimeOut,Right,274,257,262,16,,,
2025-11-05 20:24:49,1.17.2,Bandit100,1,3.63,,20,0,100,Left,Right,275,257,262,16,,,0.17
2025-11-05 20:25:26,1.17.2,Bandit100,1,3.62,,20,0,100,Left,Right,276,257,262,16,,,0.11
2025-11-05 20:32:06,1.17.2,Bandit100,1,3.62,,20,0,100,Left,Right,277,257,262,16,,,0.5
2025-11-05 20:32:28,1.17.2,Bandit100,1,3.62,,20,0,100,Right,Right,277,258,262,16,,,0.21
2025-11-05 20:32:29,1.17.2,Bandit100,1,3.62,1.0,20,0,100,Pellet,Right,277,258,263,16,0.59,1045.0,
2025-11-05 20:36:52,1.17.2,Bandit100,1,3.62,,20,0,100,Left,Right,278,258,263,17,,,0.14
2025-11-05 20:36:57,1.17.2,Bandit100,1,3.62,,20,0,100,RightinTimeout,Right,278,258,263,17,,,0.0
2025-11-05 20:38:25,1.17.2,Bandit100,1,3.62,,20,0,100,Left,Right,279,258,263,17,,,0.08
2025-11-05 20:38:57,1.17.2,Bandit100,1,3.63,,20,0,100,Right,Right,279,259,263,17,,,0.01
2025-11-05 20:38:59,1.17.2,Bandit100,1,3.62,1.0,20,0,100,Pellet,Right,279,259,264,17,0.95,390.0,
2025-11-05 20:40:58,1.17.2,Bandit100,1,3.62,,20,0,100,Right,Right,279,260,264,18,,,0.18
2025-11-05 20:41:00,1.17.2,Bandit100,1,3.62,1.0,20,0,100,Pellet,Right,279,260,265,18,1.37,121.0,
2025-11-05 20:41:19,1.17.2,Bandit100,1,3.62,,20,0,100,Right,Right,279,261,265,19,,,0.09
2025-11-05 20:41:25,1.17.2,Bandit100,1,3.62,3.0,20,0,100,Pellet,Right,279,261,266,19,0.59,25.0,
2025-11-05 20:41:33,1.17.2,Bandit100,1,3.62,,20,100,0,Right,Left,279,262,266,0,,,0.19
2025-11-05 20:41:43,1.17.2,Bandit100,1,3.62,,20,100,0,RightinTimeout,Left,279,262,266,0,,,0.0
2025-11-05 20:52:02,1.17.2,Bandit100,1,3.62,,20,100,0,Right,Left,279,263,266,0,,,0.18
2025-11-05 20:52:05,1.17.2,Bandit100,1,3.62,,20,100,0,LeftinTimeOut,Left,279,263,266,0,,,
2025-11-05 21:27:06,1.17.2,Bandit100,1,3.62,,20,100,0,Left,Left,280,263,266,0,,,0.26
2025-11-05 21:27:08,1.17.2,Bandit100,1,3.62,1.0,20,100,0,Pellet,Left,280,263,267,0,0.83,2743.0,
2025-11-05 21:27:21,1.17.2,Bandit100,1,3.62,,20,100,0,Right,Left,280,264,267,1,,,0.0
2025-11-05 21:30:37,1.17.2,Bandit100,1,3.62,,20,100,0,Left,Left,281,264,267,1,,,0.05
2025-11-05 21:30:38,1.17.2,Bandit100,1,3.62,1.0,20,100,0,Pellet,Left,281,264,268,1,0.35,210.0,
2025-11-05 21:30:49,1.17.2,Bandit100,1,3.63,,20,100,0,Right,Left,281,265,268,2,,,0.03
2025-11-05 21:30:52,1.17.2,Bandit100,1,3.62,,20,100,0,RightinTimeout,Left,281,265,268,2,,,0.0
2025-11-05 21:30:57,1.17.2,Bandit100,1,3.62,,20,100,0,LeftinTimeOut,Left,281,265,268,2,,,
2025-11-05 21:34:54,1.17.2,Bandit100,1,3.62,,20,100,0,Left,Left,282,265,268,2,,,0.07
2025-11-05 21:34:56,1.17.2,Bandit100,1,3.62,1.0,20,100,0,Pellet,Left,282,265,269,2,0.71,258.0,
2025-11-05 21:35:30,1.17.2,Bandit100,1,3.63,,20,100,0,Right,Left,282,266,269,3,,,0.04
2025-11-05 21:46:15,1.17.2,Bandit100,1,3.62,,20,100,0,Left,Left,283,266,269,3,,,0.15
2025-11-05 21:46:16,1.17.2,Bandit100,1,3.62,1.0,20,100,0,Pellet,Left,283,266,270,3,0.53,680.0,
2025-11-05 21:46:29,1.17.2,Bandit100,1,3.62,,20,100,0,Right,Left,283,267,270,4,,,0.0
2025-11-05 21:46:31,1.17.2,Bandit100,1,3.62,,20,100,0,RightinTimeout,Left,283,267,270,4,,,0.0
2025-11-05 21:46:32,1.17.2,Bandit100,1,3.62,,20,100,0,LeftinTimeOut,Left,283,267,270,4,,,
2025-11-05 21:46:33,1.17.2,Bandit100,1,3.62,,20,100,0,LeftinTimeOut,Left,283,267,270,4,,,
2025-11-05 21:46:34,1.17.2,Bandit100,1,3.62,,20,100,0,LeftinTimeOut,Left,283,267,270,4,,,
2025-11-05 21:46:36,1.17.2,Bandit100,1,3.62,,20,100,0,RightinTimeout,Left,283,267,270,4,,,0.0
2025-11-05 21:46:36,1.17.2,Bandit100,1,3.63,,20,100,0,RightinTimeout,Left,283,267,270,4,,,0.0
2025-11-05 21:55:34,1.17.2,Bandit100,1,3.62,,20,100,0,Left,Left,284,267,270,4,,,0.08
2025-11-05 21:55:35,1.17.2,Bandit100,1,3.62,1.0,20,100,0,Pellet,Left,284,267,271,4,0.41,559.0,
2025-11-05 21:55:56,1.17.2,Bandit100,1,3.62,,20,100,0,Left,Left,285,267,271,5,,,0.11
2025-11-05 21:56:02,1.17.2,Bandit100,1,3.62,4.0,20,100,0,Pellet,Left,285,267,272,5,0.59,27.0,
2025-11-05 21:56:11,1.17.2,Bandit100,1,3.62,,20,100,0,Left,Left,286,267,272,6,,,0.1
2025-11-05 21:56:13,1.17.2,Bandit100,1,3.62,2.0,20,100,0,Pellet,Left,286,267,273,6,0.89,11.0,
2025-11-05 21:56:41,1.17.2,Bandit100,1,3.62,,20,100,0,Left,Left,287,267,273,7,,,0.1
2025-11-05 21:56:43,1.17.2,Bandit100,1,3.62,2.0,20,100,0,Pellet,Left,287,267,274,7,0.89,30.0,
2025-11-05 21:56:59,1.17.2,Bandit100,1,3.62,,20,100,0,Left,Left,288,267,274,8,,,0.26
2025-11-05 21:57:01,1.17.2,Bandit100,1,3.62,1.0,20,100,0,Pellet,Left,288,267,275,8,1.01,18.0,
2025-11-05 21:57:12,1.17.2,Bandit100,1,3.62,,20,100,0,Left,Left,289,267,275,9,,,0.03
2025-11-05 21:57:14,1.17.2,Bandit100,1,3.62,1.0,20,100,0,Pellet,Left,289,267,276,9,0.65,13.0,
2025-11-05 21:57:32,1.17.2,Bandit100,1,3.62,,20,100,0,Left,Left,290,267,276,10,,,0.31
2025-11-05 21:57:38,1.17.2,Bandit100,1,3.62,4.0,20,100,0,Pellet,Left,290,267,277,10,0.77,24.0,
2025-11-05 21:58:05,1.17.2,Bandit100,1,3.62,,20,100,0,Left,Left,291,267,277,11,,,0.04
2025-11-05 21:58:07,1.17.2,Bandit100,1,3.62,2.0,20,100,0,Pellet,Left,291,267,278,11,0.65,29.0,
2025-11-05 21:58:42,1.17.2,Bandit100,1,3.62,,20,100,0,Right,Left,291,268,278,12,,,0.09
2025-11-05 21:58:55,1.17.2,Bandit100,1,3.62,,20,100,0,Left,Left,292,268,278,12,,,0.16
2025-11-05 21:58:56,1.17.2,Bandit100,1,3.62,2.0,20,100,0,Pellet,Left,292,268,279,12,0.53,49.0,
2025-11-05 21:59:10,1.17.2,Bandit100,1,3.62,,20,100,0,Left,Left,293,268,279,13,,,0.05
2025-11-05 21:59:12,1.17.2,Bandit100,1,3.62,2.0,20,100,0,Pellet,Left,293,268,280,13,0.59,16.0,
2025-11-05 21:59:54,1.17.2,Bandit100,1,3.62,,20,100,0,Left,Left,294,268,280,14,,,0.04
2025-11-05 21:59:56,1.17.2,Bandit100,1,3.62,1.0,20,100,0,Pellet,Left,294,268,281,14,0.53,44.0,
2025-11-05 22:02:48,1.17.2,Bandit100,1,3.62,,20,100,0,Left,Left,295,268,281,15,,,0.02
2025-11-05 22:02:54,1.17.2,Bandit100,1,3.62,4.0,20,100,0,Pellet,Left,295,268,282,15,0.53,178.0,
2025-11-05 22:03:04,1.17.2,Bandit100,1,3.62,,20,100,0,Left,Left,296,268,282,16,,,0.08
2025-11-05 22:03:06,1.17.2,Bandit100,1,3.62,2.0,20,100,0,Pellet,Left,296,268,283,16,0.59,12.0,
2025-11-05 22:04:03,1.17.2,Bandit100,1,3.62,,20,100,0,Left,Left,297,268,283,17,,,0.04
2025-11-05 22:04:05,1.17.2,Bandit100,1,3.62,2.0,20,100,0,Pellet,Left,297,268,284,17,0.35,59.0,
2025-11-05 22:04:18,1.17.2,Bandit100,1,3.62,,20,100,0,Left,Left,298,268,284,18,,,0.09
2025-11-05 22:04:19,1.17.2,Bandit100,1,3.62,2.0,20,100,0,Pellet,Left,298,268,285,18,0.35,14.0,
2025-11-05 22:04:39,1.17.2,Bandit100,1,3.62,,20,100,0,Left,Left,299,268,285,19,,,0.02
2025-11-05 22:04:41,1.17.2,Bandit100,1,3.62,1.0,20,100,0,Pellet,Left,299,268,286,19,0.95,22.0,
2025-11-05 22:05:03,1.17.2,Bandit100,1,3.62,,20,0,100,Left,Right,300,268,286,0,,,0.03
2025-11-05 22:09:41,1.17.2,Bandit100,1,3.62,,20,0,100,Left,Right,301,268,286,0,,,0.14
2025-11-05 22:09:43,1.17.2,Bandit100,1,3.62,,20,0,100,LeftinTimeOut,Right,301,268,286,0,,,
2025-11-05 22:09:44,1.17.2,Bandit100,1,3.62,,20,0,100,LeftinTimeOut,Right,301,268,286,0,,,
2025-11-05 22:10:20,1.17.2,Bandit100,1,3.62,,20,0,100,Right,Right,301,269,286,0,,,0.08
2025-11-05 22:10:27,1.17.2,Bandit100,1,3.62,4.0,20,0,100,Pellet,Right,301,269,287,0,0.95,346.0,
2025-11-05 22:10:36,1.17.2,Bandit100,1,3.62,,20,0,100,Right,Right,301,270,287,1,,,0.19
2025-11-05 22:10:37,1.17.2,Bandit100,1,3.62,2.0,20,0,100,Pellet,Right,301,270,288,1,0.53,10.0,
2025-11-05 22:11:10,1.17.2,Bandit100,1,3.62,,20,0,100,Left,Right,302,270,288,2,,,0.05
2025-11-05 22:12:22,1.17.2,Bandit100,1,3.62,,20,0,100,Right,Right,302,271,288,2,,,0.1
2025-11-05 22:12:24,1.17.2,Bandit100,1,3.62,2.0,20,0,100,Pellet,Right,302,271,289,2,0.95,107.0,
2025-11-05 22:12:33,1.17.2,Bandit100,1,3.62,,20,0,100,Right,Right,302,272,289,3,,,0.17
2025-11-05 22:12:35,1.17.2,Bandit100,1,3.62,2.0,20,0,100,Pellet,Right,302,272,290,3,0.65,11.0,
2025-11-05 22:12:49,1.17.2,Bandit100,1,3.62,,20,0,100,Right,Right,302,273,290,4,,,0.09
2025-11-05 22:12:50,1.17.2,Bandit100,1,3.62,1.0,20,0,100,Pellet,Right,302,273,291,4,0.59,15.0,
2025-11-05 22:13:05,1.17.2,Bandit100,1,3.62,,20,0,100,Right,Right,302,274,291,5,,,0.11
2025-11-05 22:13:11,1.17.2,Bandit100,1,3.62,4.0,20,0,100,Pellet,Right,302,274,292,5,0.47,21.0,
2025-11-05 22:13:20,1.17.2,Bandit100,1,3.62,,20,0,100,Right,Right,302,275,292,6,,,0.11
2025-11-05 22:13:22,1.17.2,Bandit100,1,3.62,2.0,20,0,100,Pellet,Right,302,275,293,6,0.95,11.0,
2025-11-05 22:13:44,1.17.2,Bandit100,1,3.62,,20,0,100,Left,Right,303,275,293,7,,,0.16
2025-11-05 22:39:57,1.17.2,Bandit100,1,3.62,,20,0,100,Left,Right,304,275,293,7,,,0.16
2025-11-05 22:49:58,1.17.2,Bandit100,1,3.62,,20,0,100,Right,Right,304,276,293,7,,,0.02
2025-11-05 22:50:00,1.17.2,Bandit100,1,3.62,2.0,20,0,100,Pellet,Right,304,276,294,7,1.19,2198.0,
2025-11-05 22:50:22,1.17.2,Bandit100,1,3.62,,20,0,100,Right,Right,304,277,294,8,,,0.12
2025-11-05 22:50:24,1.17.2,Bandit100,1,3.61,2.0,20,0,100,Pellet,Right,304,277,295,8,0.77,24.0,
2025-11-05 22:50:39,1.17.2,Bandit100,1,3.62,,20,0,100,Right,Right,304,278,295,9,,,0.16
2025-11-05 22:50:40,1.17.2,Bandit100,1,3.62,1.0,20,0,100,Pellet,Right,304,278,296,9,0.59,16.0,
2025-11-05 22:50:56,1.17.2,Bandit100,1,3.62,,20,0,100,Right,Right,304,279,296,10,,,0.08
2025-11-05 22:51:03,1.17.2,Bandit100,1,3.62,4.0,20,0,100,Pellet,Right,304,279,297,10,0.95,23.0,
2025-11-05 22:55:25,1.17.2,Bandit100,1,3.62,,20,0,100,Left,Right,305,279,297,11,,,0.13
2025-11-05 23:01:07,1.17.2,Bandit100,1,3.62,,20,0,100,Right,Right,305,280,297,11,,,0.07
2025-11-05 23:02:05,1.17.2,Bandit100,1,3.62,2.0,20,0,100,Pellet,Right,305,280,298,11,56.73,662.0,
2025-11-05 23:13:17,1.17.2,Bandit100,1,3.62,,20,0,100,Right,Right,305,281,298,12,,,0.01
2025-11-05 23:28:19,1.17.2,Bandit100,1,3.62,,20,0,100,LeftWithPellet,Right,305,281,298,12,,,0.1
2025-11-05 23:43:59,1.17.2,Bandit100,1,3.62,2.0,20,0,100,Pellet,Right,305,281,299,12,Timed_out,2514.0,
2025-11-05 23:44:17,1.17.2,Bandit100,1,3.62,,20,0,100,Left,Right,306,281,299,13,,,0.25
2025-11-05 23:54:09,1.17.2,Bandit100,1,3.62,,20,0,100,Left,Right,307,281,299,13,,,0.06
2025-11-05 23:54:10,1.17.2,Bandit100,1,3.62,,20,0,100,LeftinTimeOut,Right,307,281,299,13,,,
2025-11-05 23:54:11,1.17.2,Bandit100,1,3.62,,20,0,100,LeftinTimeOut,Right,307,281,299,13,,,
2025-11-06 00:06:09,1.17.2,Bandit100,1,3.62,,20,0,100,Left,Right,308,281,299,13,,,0.21
2025-11-06 00:22:06,1.17.2,Bandit100,1,3.62,,20,0,100,Right,Right,308,282,299,13,,,0.06
2025-11-06 00:22:10,1.17.2,Bandit100,1,3.62,2.0,20,0,100,Pellet,Right,308,282,300,13,1.43,2291.0,
2025-11-06 00:22:40,1.17.2,Bandit100,1,3.62,,20,0,100,Left,Right,309,282,300,14,,,0.15
2025-11-06 00:22:41,1.17.2,Bandit100,1,3.61,,20,0,100,LeftinTimeOut,Right,309,282,300,14,,,
2025-11-06 01:13:48,1.17.2,Bandit100,1,3.61,,20,0,100,Right,Right,309,283,300,14,,,0.04
2025-11-06 01:13:54,1.17.2,Bandit100,1,3.62,3.0,20,0,100,Pellet,Right,309,283,301,14,1.19,3104.0,
2025-11-06 01:14:02,1.17.2,Bandit100,1,3.62,,20,0,100,Left,Right,310,283,301,15,,,0.04
2025-11-06 01:14:05,1.17.2,Bandit100,1,3.62,,20,0,100,LeftinTimeOut,Right,310,283,301,15,,,
2025-11-06 01:14:08,1.17.2,Bandit100,1,3.62,,20,0,100,RightinTimeout,Right,310,283,301,15,,,0.0
2025-11-06 01:14:14,1.17.2,Bandit100,1,3.61,,20,0,100,LeftinTimeOut,Right,310,283,301,15,,,
2025-11-06 01:14:17,1.17.2,Bandit100,1,3.62,,20,0,100,LeftinTimeOut,Right,310,283,301,15,,,
2025-11-06 01:14:20,1.17.2,Bandit100,1,3.62,,20,0,100,RightinTimeout,Right,310,283,301,15,,,0.0
2025-11-06 01:14:22,1.17.2,Bandit100,1,3.62,,20,0,100,LeftinTimeOut,Right,310,283,301,15,,,
2025-11-06 01:14:23,1.17.2,Bandit100,1,3.62,,20,0,100,LeftinTimeOut,Right,310,283,301,15,,,
2025-11-06 01:14:24,1.17.2,Bandit100,1,3.62,,20,0,100,LeftinTimeOut,Right,310,283,301,15,,,
2025-11-06 01:22:05,1.17.2,Bandit100,1,3.62,,20,0,100,Left,Right,311,283,301,15,,,0.23
2025-11-06 01:22:08,1.17.2,Bandit100,1,3.62,,20,0,100,LeftinTimeOut,Right,311,283,301,15,,,
2025-11-06 01:22:09,1.17.2,Bandit100,1,3.62,,20,0,100,LeftinTimeOut,Right,311,283,301,15,,,
2025-11-06 01:22:11,1.17.2,Bandit100,1,3.62,,20,0,100,LeftinTimeOut,Right,311,283,301,15,,,
2025-11-06 01:22:13,1.17.2,Bandit100,1,3.6,,20,0,100,LeftinTimeOut,Right,311,283,301,15,,,
2025-11-06 01:22:17,1.17.2,Bandit100,1,3.62,,20,0,100,RightinTimeout,Right,311,283,301,15,,,0.0
2025-11-06 01:22:32,1.17.2,Bandit100,1,3.62,,20,0,100,Left,Right,312,283,301,15,,,0.04
2025-11-06 01:22:34,1.17.2,Bandit100,1,3.62,,20,0,100,LeftinTimeOut,Right,312,283,301,15,,,
2025-11-06 01:28:07,1.17.2,Bandit100,1,3.62,,20,0,100,Left,Right,313,283,301,15,,,0.17
2025-11-06 01:28:09,1.17.2,Bandit100,1,3.61,,20,0,100,LeftinTimeOut,Right,313,283,301,15,,,
2025-11-06 01:28:11,1.17.2,Bandit100,1,3.62,,20,0,100,LeftinTimeOut,Right,313,283,301,15,,,
2025-11-06 01:28:12,1.17.2,Bandit100,1,3.62,,20,0,100,LeftinTimeOut,Right,313,283,301,15,,,
2025-11-06 01:28:14,1.17.2,Bandit100,1,3.62,,20,0,100,LeftinTimeOut,Right,313,283,301,15,,,
2025-11-06 01:28:16,1.17.2,Bandit100,1,3.62,,20,0,100,LeftinTimeOut,Right,313,283,301,15,,,
2025-11-06 01:28:18,1.17.2,Bandit100,1,3.62,,20,0,100,LeftinTimeOut,Right,313,283,301,15,,,
2025-11-06 01:30:23,1.17.2,Bandit100,1,3.62,,20,0,100,Right,Right,313,284,301,15,,,0.02
2025-11-06 01:30:24,1.17.2,Bandit100,1,3.62,1.0,20,0,100,Pellet,Right,313,284,302,15,0.71,990.0,
2025-11-06 01:30:45,1.17.2,Bandit100,1,3.62,,20,0,100,Right,Right,313,285,302,16,,,0.05
2025-11-06 01:30:46,1.17.2,Bandit100,1,3.62,1.0,20,0,100,Pellet,Right,313,285,303,16,0.95,22.0,
2025-11-06 01:32:34,1.17.2,Bandit100,1,3.62,,20,0,100,Right,Right,313,286,303,17,,,0.01
2025-11-06 01:32:35,1.17.2,Bandit100,1,3.62,1.0,20,0,100,Pellet,Right,313,286,304,17,0.89,109.0,
2025-11-06 01:32:46,1.17.2,Bandit100,1,3.62,,20,0,100,Right,Right,313,287,304,18,,,0.17
2025-11-06 01:32:47,1.17.2,Bandit100,1,3.62,1.0,20,0,100,Pellet,Right,313,287,305,18,0.41,12.0,
2025-11-06 01:32:55,1.17.2,Bandit100,1,3.62,,20,0,100,Right,Right,313,288,305,19,,,0.29
2025-11-06 01:32:57,1.17.2,Bandit100,1,3.62,1.0,20,0,100,Pellet,Right,313,288,306,19,0.65,10.0,
2025-11-06 01:33:15,1.17.2,Bandit100,1,3.62,,20,100,0,Right,Left,313,289,306,0,,,0.05
2025-11-06 01:33:39,1.17.2,Bandit100,1,3.62,,20,100,0,Right,Left,313,290,306,0,,,0.13
2025-11-06 01:35:13,1.17.2,Bandit100,1,3.62,,20,100,0,Right,Left,313,291,306,0,,,0.13
2025-11-06 01:35:15,1.17.2,Bandit100,1,3.62,,20,100,0,RightinTimeout,Left,313,291,306,0,,,0.0
2025-11-06 01:35:16,1.17.2,Bandit100,1,3.62,,20,100,0,RightinTimeout,Left,313,291,306,0,,,0.0
2025-11-06 01:35:18,1.17.2,Bandit100,1,3.62,,20,100,0,RightinTimeout,Left,313,291,306,0,,,0.0
2025-11-06 01:35:47,1.17.2,Bandit100,1,3.62,,20,100,0,Right,Left,313,292,306,0,,,0.17
2025-11-06 01:41:54,1.17.2,Bandit100,1,3.62,,20,100,0,Right,Left,313,293,306,0,,,0.09
2025-11-06 02:45:47,1.17.2,Bandit100,1,3.62,,20,100,0,Right,Left,313,294,306,0,,,0.09
2025-11-06 02:46:44,1.17.2,Bandit100,1,3.62,,20,100,0,Right,Left,313,295,306,0,,,0.15
2025-11-06 02:46:47,1.17.2,Bandit100,1,3.62,,20,100,0,LeftinTimeOut,Left,313,295,306,0,,,
2025-11-06 02:46:48,1.17.2,Bandit100,1,3.62,,20,100,0,LeftinTimeOut,Left,313,295,306,0,,,
2025-11-06 02:46:49,1.17.2,Bandit100,1,3.61,,20,100,0,LeftinTimeOut,Left,313,295,306,0,,,
2025-11-06 02:46:50,1.17.2,Bandit100,1,3.62,,20,100,0,LeftinTimeOut,Left,313,295,306,0,,,
2025-11-06 02:46:52,1.17.2,Bandit100,1,3.6,,20,100,0,LeftinTimeOut,Left,313,295,306,0,,,
2025-11-06 02:47:10,1.17.2,Bandit100,1,3.62,,20,100,0,Right,Left,313,296,306,0,,,0.02
2025-11-06 02:47:13,1.17.2,Bandit100,1,3.62,,20,100,0,RightinTimeout,Left,313,296,306,0,,,0.0
2025-11-06 02:47:13,1.17.2,Bandit100,1,3.62,,20,100,0,RightinTimeout,Left,313,296,306,0,,,0.0
2025-11-06 02:47:14,1.17.2,Bandit100,1,3.62,,20,100,0,RightinTimeout,Left,313,296,306,0,,,0.0
2025-11-06 02:47:15,1.17.2,Bandit100,1,3.62,,20,100,0,RightinTimeout,Left,313,296,306,0,,,0.0
2025-11-06 02:47:25,1.17.2,Bandit100,1,3.61,,20,100,0,LeftinTimeOut,Left,313,296,306,0,,,
2025-11-06 02:47:28,1.17.2,Bandit100,1,3.62,,20,100,0,LeftinTimeOut,Left,313,296,306,0,,,
2025-11-06 02:48:22,1.17.2,Bandit100,1,3.61,,20,100,0,Right,Left,313,297,306,0,,,0.04
2025-11-06 02:48:22,1.17.2,Bandit100,1,3.62,,20,100,0,RightinTimeout,Left,313,297,306,0,,,0.0
2025-11-06 02:48:23,1.17.2,Bandit100,1,3.61,,20,100,0,RightinTimeout,Left,313,297,306,0,,,0.0
2025-11-06 02:48:26,1.17.2,Bandit100,1,3.62,,20,100,0,RightinTimeout,Left,313,297,306,0,,,0.0
2025-11-06 02:48:27,1.17.2,Bandit100,1,3.61,,20,100,0,RightinTimeout,Left,313,297,306,0,,,0.0
2025-11-06 02:48:27,1.17.2,Bandit100,1,3.62,,20,100,0,RightinTimeout,Left,313,297,306,0,,,0.0
2025-11-06 02:48:29,1.17.2,Bandit100,1,3.62,,20,100,0,LeftinTimeOut,Left,313,297,306,0,,,
2025-11-06 02:48:29,1.17.2,Bandit100,1,3.62,,20,100,0,LeftinTimeOut,Left,313,297,306,0,,,
2025-11-06 02:48:30,1.17.2,Bandit100,1,3.61,,20,100,0,LeftinTimeOut,Left,313,297,306,0,,,
2025-11-06 02:48:31,1.17.2,Bandit100,1,3.62,,20,100,0,RightinTimeout,Left,313,297,306,0,,,0.0
2025-11-06 02:48:32,1.17.2,Bandit100,1,3.62,,20,100,0,RightinTimeout,Left,313,297,306,0,,,0.0
2025-11-06 02:48:32,1.17.2,Bandit100,1,3.62,,20,100,0,RightinTimeout,Left,313,297,306,0,,,0.0
2025-11-06 02:51:00,1.17.2,Bandit100,1,3.62,,20,100,0,Right,Left,313,298,306,0,,,0.27
2025-11-06 02:51:31,1.17.2,Bandit100,1,3.62,,20,100,0,Right,Left,313,299,306,0,,,0.31
2025-11-06 02:51:34,1.17.2,Bandit100,1,3.62,,20,100,0,RightinTimeout,Left,313,299,306,0,,,0.0
2025-11-06 02:57:23,1.17.2,Bandit100,1,3.62,,20,100,0,Left,Left,314,299,306,0,,,0.21
2025-11-06 02:57:29,1.17.2,Bandit100,1,3.62,3.0,20,100,0,Pellet,Left,314,299,307,0,0.95,5071.0,
2025-11-06 02:57:44,1.17.2,Bandit100,1,3.62,,20,100,0,Left,Left,315,299,307,1,,,0.19
2025-11-06 02:57:45,1.17.2,Bandit100,1,3.62,1.0,20,100,0,Pellet,Left,315,299,308,1,0.47,17.0,
2025-11-06 02:58:10,1.17.2,Bandit100,1,3.61,,20,100,0,Left,Left,316,299,308,2,,,0.23
2025-11-06 02:58:11,1.17.2,Bandit100,1,3.62,1.0,20,100,0,Pellet,Left,316,299,309,2,0.83,26.0,
2025-11-06 02:58:24,1.17.2,Bandit100,1,3.61,,20,100,0,Left,Left,317,299,309,3,,,0.35
2025-11-06 02:58:25,1.17.2,Bandit100,1,3.62,1.0,20,100,0,Pellet,Left,317,299,310,3,0.71,14.0,
2025-11-06 03:00:41,1.17.2,Bandit100,1,3.62,,20,100,0,Left,Left,318,299,310,4,,,0.38
2025-11-06 03:00:42,1.17.2,Bandit100,1,3.62,1.0,20,100,0,Pellet,Left,318,299,311,4,0.29,137.0,
2025-11-06 03:00:58,1.17.2,Bandit100,1,3.62,,20,100,0,Left,Left,319,299,311,5,,,0.2
2025-11-06 03:00:59,1.17.2,Bandit100,1,3.62,2.0,20,100,0,Pellet,Left,319,299,312,5,0.23,17.0,
2025-11-06 03:01:25,1.17.2,Bandit100,1,3.62,,20,100,0,Left,Left,320,299,312,6,,,0.19
2025-11-06 03:01:30,1.17.2,Bandit100,1,3.62,4.0,20,100,0,Pellet,Left,320,299,313,6,0.41,31.0,
2025-11-06 03:01:46,1.17.2,Bandit100,1,3.62,,20,100,0,Left,Left,321,299,313,7,,,0.16
2025-11-06 03:01:48,1.17.2,Bandit100,1,3.62,2.0,20,100,0,Pellet,Left,321,299,314,7,0.53,18.0,
2025-11-06 03:02:14,1.17.2,Bandit100,1,3.61,,20,100,0,Left,Left,322,299,314,8,,,0.3
2025-11-06 03:02:14,1.17.2,Bandit100,1,3.61,,20,100,0,LeftDuringDispense,Left,322,299,314,8,,,0.04
2025-11-06 03:02:18,1.17.2,Bandit100,1,3.62,3.0,20,100,0,Pellet,Left,322,299,315,8,0.71,30.0,
2025-11-06 03:02:34,1.17.2,Bandit100,1,3.62,,20,100,0,Left,Left,323,299,315,9,,,0.22
2025-11-06 03:02:36,1.17.2,Bandit100,1,3.62,1.0,20,100,0,Pellet,Left,323,299,316,9,0.77,18.0,
2025-11-06 03:02:52,1.17.2,Bandit100,1,3.6,,20,100,0,Left,Left,324,299,316,10,,,0.16
2025-11-06 03:03:00,1.17.2,Bandit100,1,3.62,5.0,20,100,0,Pellet,Left,324,299,317,10,0.35,24.0,
2025-11-06 03:03:23,1.17.2,Bandit100,1,3.62,,20,100,0,Left,Left,325,299,317,11,,,0.2
2025-11-06 03:03:24,1.17.2,Bandit100,1,3.61,2.0,20,100,0,Pellet,Left,325,299,318,11,0.53,24.0,
2025-11-06 03:03:39,1.17.2,Bandit100,1,3.61,,20,100,0,Left,Left,326,299,318,12,,,0.1
2025-11-06 03:03:40,1.17.2,Bandit100,1,3.62,2.0,20,100,0,Pellet,Left,326,299,319,12,0.53,16.0,
2025-11-06 03:04:02,1.17.2,Bandit100,1,3.62,,20,100,0,Left,Left,327,299,319,13,,,0.1
2025-11-06 03:04:03,1.17.2,Bandit100,1,3.62,1.0,20,100,0,Pellet,Left,327,299,320,13,0.59,23.0,
2025-11-06 03:04:28,1.17.2,Bandit100,1,3.6,,20,100,0,Left,Left,328,299,320,14,,,0.12
2025-11-06 03:04:30,1.17.2,Bandit100,1,3.62,1.0,20,100,0,Pellet,Left,328,299,321,14,1.49,27.0,
2025-11-06 03:04:48,1.17.2,Bandit100,1,3.62,,20,100,0,Left,Left,329,299,321,15,,,0.05
2025-11-06 03:04:56,1.17.2,Bandit100,1,3.62,5.0,20,100,0,Pellet,Left,329,299,322,15,0.29,26.0,
2025-11-06 03:05:11,1.17.2,Bandit100,1,3.62,,20,100,0,Left,Left,330,299,322,16,,,0.16
2025-11-06 03:05:13,1.17.2,Bandit100,1,3.62,2.0,20,100,0,Pellet,Left,330,299,323,16,0.71,17.0,
2025-11-06 03:05:27,1.17.2,Bandit100,1,3.6,,20,100,0,Left,Left,331,299,323,17,,,0.12
2025-11-06 03:05:28,1.17.2,Bandit100,1,3.61,2.0,20,100,0,Pellet,Left,331,299,324,17,0.35,15.0,
2025-11-06 03:09:20,1.17.2,Bandit100,1,3.62,,20,100,0,Right,Left,331,300,324,18,,,0.09
2025-11-06 03:09:40,1.17.2,Bandit100,1,3.61,,20,100,0,Left,Left,332,300,324,18,,,0.15
2025-11-06 03:09:41,1.17.2,Bandit100,1,3.62,1.0,20,100,0,Pellet,Left,332,300,325,18,0.59,253.0,
2025-11-06 03:13:45,1.17.2,Bandit100,1,3.62,,20,100,0,Right,Left,332,301,325,19,,,0.15
2025-11-06 03:14:00,1.17.2,Bandit100,1,3.62,,20,100,0,Left,Left,333,301,325,19,,,0.28
2025-11-06 03:14:06,1.17.2,Bandit100,1,3.62,4.0,20,100,0,Pellet,Left,333,301,326,19,0.47,265.0,
2025-11-06 03:14:20,1.17.2,Bandit100,1,3.62,,20,0,100,Left,Right,334,301,326,0,,,0.24
2025-11-06 03:14:20,1.17.2,Bandit100,1,3.62,,20,0,100,LeftinTimeOut,Right,334,301,326,0,,,
2025-11-06 03:14:21,1.17.2,Bandit100,1,3.62,,20,0,100,LeftinTimeOut,Right,334,301,326,0,,,
2025-11-06 04:20:38,1.17.2,Bandit100,1,3.62,,20,0,100,Right,Right,334,302,326,0,,,0.2
2025-11-06 04:20:40,1.17.2,Bandit100,1,3.62,2.0,20,0,100,Pellet,Right,334,302,327,0,1.19,3994.0,
2025-11-06 04:20:58,1.17.2,Bandit100,1,3.62,,20,0,100,Left,Right,335,302,327,1,,,0.01
2025-11-06 04:24:14,1.17.2,Bandit100,1,3.61,,20,0,100,Left,Right,336,302,327,1,,,0.0
2025-11-06 04:24:14,1.17.2,Bandit100,1,3.61,,20,0,100,LeftinTimeOut,Right,336,302,327,1,,,
2025-11-06 04:24:16,1.17.2,Bandit100,1,3.61,,20,0,100,LeftinTimeOut,Right,336,302,327,1,,,
2025-11-06 04:24:17,1.17.2,Bandit100,1,3.61,,20,0,100,LeftinTimeOut,Right,336,302,327,1,,,
2025-11-06 04:28:48,1.17.2,Bandit100,1,3.62,,20,0,100,Left,Right,337,302,327,1,,,0.01
2025-11-06 04:37:29,1.17.2,Bandit100,1,3.62,,20,0,100,Left,Right,338,302,327,1,,,0.11
2025-11-06 05:25:29,1.17.2,Bandit100,1,3.61,,20,0,100,Right,Right,338,303,327,1,,,0.01
2025-11-06 05:25:30,1.17.2,Bandit100,1,3.61,2.0,20,0,100,Pellet,Right,338,303,328,1,0.59,3890.0,
2025-11-06 05:25:57,1.17.2,Bandit100,1,3.61,,20,0,100,Right,Right,338,304,328,2,,,0.19
2025-11-06 05:25:59,1.17.2,Bandit100,1,3.61,2.0,20,0,100,Pellet,Right,338,304,329,2,0.71,29.0,
2025-11-06 05:26:30,1.17.2,Bandit100,1,3.61,,20,0,100,Right,Right,338,305,329,3,,,0.29
2025-11-06 05:26:31,1.17.2,Bandit100,1,3.62,2.0,20,0,100,Pellet,Right,338,305,330,3,0.41,32.0,
2025-11-06 05:28:47,1.17.2,Bandit100,1,3.62,,20,0,100,Right,Right,338,306,330,4,,,0.03
2025-11-06 05:28:53,1.17.2,Bandit100,1,3.61,4.0,20,0,100,Pellet,Right,338,306,331,4,0.59,142.0,
2025-11-06 05:29:11,1.17.2,Bandit100,1,3.62,,20,0,100,Right,Right,338,307,331,5,,,0.07
2025-11-06 05:29:13,1.17.2,Bandit100,1,3.61,2.0,20,0,100,Pellet,Right,338,307,332,5,0.77,20.0,
2025-11-06 05:29:26,1.17.2,Bandit100,1,3.61,,20,0,100,Right,Right,338,308,332,6,,,0.01
2025-11-06 05:29:27,1.17.2,Bandit100,1,3.61,2.0,20,0,100,Pellet,Right,338,308,333,6,0.41,14.0,
2025-11-06 05:29:48,1.17.2,Bandit100,1,3.61,,20,0,100,Right,Right,338,309,333,7,,,0.04
2025-11-06 05:29:49,1.17.2,Bandit100,1,3.61,2.0,20,0,100,Pellet,Right,338,309,334,7,0.59,22.0,
2025-11-06 05:30:00,1.17.2,Bandit100,1,3.61,,20,0,100,Right,Right,338,310,334,8,,,0.02
2025-11-06 05:30:08,1.17.2,Bandit100,1,3.62,5.0,20,0,100,Pellet,Right,338,310,335,8,0.06,19.0,
2025-11-06 05:30:42,1.17.2,Bandit100,1,3.62,,20,0,100,Right,Right,338,311,335,9,,,0.12
2025-11-06 05:30:43,1.17.2,Bandit100,1,3.61,2.0,20,0,100,Pellet,Right,338,311,336,9,0.35,35.0,
2025-11-06 05:31:00,1.17.2,Bandit100,1,3.62,,20,0,100,Right,Right,338,312,336,10,,,0.29
2025-11-06 05:31:02,1.17.2,Bandit100,1,3.61,1.0,20,0,100,Pellet,Right,338,312,337,10,0.35,19.0,
2025-11-06 05:31:19,1.17.2,Bandit100,1,3.61,,20,0,100,Right,Right,338,313,337,11,,,0.04
2025-11-06 05:31:29,1.17.2,Bandit100,1,3.6,6.0,20,0,100,Pellet,Right,338,313,338,11,0.53,27.0,
2025-11-06 05:31:43,1.17.2,Bandit100,1,3.61,,20,0,100,Right,Right,338,314,338,12,,,0.03
2025-11-06 05:31:44,1.17.2,Bandit100,1,3.61,2.0,20,0,100,Pellet,Right,338,314,339,12,0.47,15.0,
2025-11-06 05:32:00,1.17.2,Bandit100,1,3.61,,20,0,100,Right,Right,338,315,339,13,,,0.07
2025-11-06 05:32:01,1.17.2,Bandit100,1,3.61,1.0,20,0,100,Pellet,Right,338,315,340,13,0.65,17.0,
2025-11-06 05:32:28,1.17.2,Bandit100,1,3.61,,20,0,100,Right,Right,338,316,340,14,,,0.16
2025-11-06 05:32:29,1.17.2,Bandit100,1,3.61,1.0,20,0,100,Pellet,Right,338,316,341,14,0.47,28.0,
2025-11-06 12:23:08,1.17.2,Bandit100,1,3.6,,20,0,100,Left,Right,339,316,341,15,,,0.15
2025-11-06 12:24:03,1.17.2,Bandit100,1,3.6,,20,0,100,Left,Right,340,316,341,15,,,0.07
2025-11-06 12:24:06,1.17.2,Bandit100,1,3.6,,20,0,100,LeftinTimeOut,Right,340,316,341,15,,,
2025-11-06 12:24:31,1.17.2,Bandit100,1,3.58,,20,0,100,Left,Right,341,316,341,15,,,0.0
2025-11-06 12:29:09,1.17.2,Bandit100,1,3.6,,20,0,100,Right,Right,341,317,341,15,,,0.02
2025-11-06 12:29:18,1.17.2,Bandit100,1,3.6,5.0,20,0,100,Pellet,Right,341,317,342,15,0.77,25008.0,
