MM:DD:YYYY hh:mm:ss,Library_Version,Session_type,Device_Number,Battery_Voltage,Motor_Turns,FR,Event,Active_Poke,Left_Poke_Count,Right_Poke_Count,Pellet_Count,Block_Pellet_Count,Retrieval_Time,InterPelletInterval,Poke_Time
11/12/2025 16:00:04,1.17.2,PR1,20,3.98,nan,1,Left,Left,1,0,0,0,nan,nan,0.16
11/12/2025 16:00:10,1.17.2,PR1,20,3.98,nan,1,RightDuringDispense,Left,1,1,0,1,nan,nan,0.27
11/12/2025 16:00:14,1.17.2,PR1,20,3.98,5,1,Pellet,Left,1,1,1,1,0.65,nan,nan
11/12/2025 16:02:20,1.17.2,PR1,20,3.98,nan,2,Left,Left,2,1,1,1,nan,nan,0.07
11/12/2025 16:03:15,1.17.2,PR1,20,3.98,nan,2,Left,Left,3,1,1,1,nan,nan,0.16
11/12/2025 16:03:22,1.17.2,PR1,20,3.98,1,2,Pellet,Left,3,1,2,2,5.55,188,nan
11/12/2025 16:03:56,1.17.2,PR1,20,3.98,nan,3,Right,Left,3,2,2,2,nan,nan,0.02
11/12/2025 16:06:40,1.17.2,PR1,20,3.98,nan,3,Right,Left,3,3,2,2,nan,nan,0.03
11/12/2025 16:07:39,1.17.2,PR1,20,3.98,nan,3,Left,Left,4,3,2,2,nan,nan,0.06
11/12/2025 16:08:41,1.17.2,PR1,20,3.98,nan,3,Right,Left,4,4,2,2,nan,nan,0.10
11/12/2025 16:13:55,1.17.2,PR1,20,3.98,nan,3,Right,Left,4,5,2,2,nan,nan,0.21
11/12/2025 16:14:22,1.17.2,PR1,20,3.98,nan,3,Left,Left,5,5,2,2,nan,nan,0.13
11/12/2025 16:15:37,1.17.2,PR1,20,3.98,nan,3,Right,Left,5,6,2,2,nan,nan,0.11
11/12/2025 16:19:55,1.17.2,PR1,20,3.98,nan,3,Left,Left,6,6,2,2,nan,nan,0.10
11/12/2025 16:19:57,1.17.2,PR1,20,3.98,1,3,Pellet,Left,6,6,3,3,1.01,996,nan
11/12/2025 16:26:12,1.17.2,PR1,20,3.98,nan,4,Right,Left,6,7,3,3,nan,nan,0.12
11/12/2025 16:26:20,1.17.2,PR1,20,3.98,nan,4,Right,Left,6,8,3,3,nan,nan,0.09
11/12/2025 16:32:13,1.17.2,PR1,20,3.98,nan,4,Right,Left,6,9,3,3,nan,nan,0.32
11/12/2025 16:40:12,1.17.2,PR1,20,3.98,nan,4,Right,Left,6,10,3,3,nan,nan,0.28
11/12/2025 16:40:14,1.17.2,PR1,20,3.98,nan,4,Right,Left,6,11,3,3,nan,nan,0.03
11/12/2025 17:52:12,1.17.2,PR1,20,3.98,nan,1,Left,Left,7,11,3,0,nan,nan,0.03
11/12/2025 17:52:13,1.17.2,PR1,20,3.98,1,1,Pellet,Left,7,11,4,1,0.47,5536,nan
11/12/2025 17:52:21,1.17.2,PR1,20,3.98,nan,2,Left,Left,8,11,4,1,nan,nan,0.10
11/12/2025 17:52:25,1.17.2,PR1,20,3.98,nan,2,Left,Left,9,11,4,1,nan,nan,0.52
11/12/2025 17:52:26,1.17.2,PR1,20,3.98,nan,2,LeftDuringDispense,Left,10,11,4,2,nan,nan,0.10
11/12/2025 17:52:38,1.17.2,PR1,20,3.98,2,2,Pellet,Left,10,11,5,2,8.19,24,nan
11/12/2025 17:52:45,1.17.2,PR1,20,3.98,nan,3,Left,Left,11,11,5,2,nan,nan,0.01
11/12/2025 17:52:47,1.17.2,PR1,20,3.97,nan,3,Left,Left,12,11,5,2,nan,nan,0.33
11/12/2025 17:53:03,1.17.2,PR1,20,3.98,nan,3,Right,Left,12,12,5,2,nan,nan,0.10
11/12/2025 17:53:05,1.17.2,PR1,20,3.98,nan,3,Right,Left,12,13,5,2,nan,nan,0.06
11/12/2025 17:53:07,1.17.2,PR1,20,3.97,nan,3,Right,Left,12,14,5,2,nan,nan,0.87
11/12/2025 17:53:14,1.17.2,PR1,20,3.97,nan,3,Right,Left,12,15,5,2,nan,nan,0.45
11/12/2025 17:53:17,1.17.2,PR1,20,3.98,nan,3,Right,Left,12,16,5,2,nan,nan,0.30
11/12/2025 17:53:19,1.17.2,PR1,20,3.98,nan,3,Left,Left,13,16,5,2,nan,nan,0.12
11/12/2025 17:53:23,1.17.2,PR1,20,3.98,1,3,Pellet,Left,13,16,6,3,3.40,46,nan
11/12/2025 18:12:34,1.17.2,PR1,20,3.98,nan,4,Left,Left,14,16,6,3,nan,nan,0.16
11/12/2025 18:12:36,1.17.2,PR1,20,3.98,nan,4,Left,Left,15,16,6,3,nan,nan,0.13
11/12/2025 18:12:39,1.17.2,PR1,20,3.97,nan,4,Left,Left,16,16,6,3,nan,nan,0.16
11/12/2025 18:12:42,1.17.2,PR1,20,3.97,nan,4,Left,Left,17,16,6,3,nan,nan,0.34
11/12/2025 18:12:43,1.17.2,PR1,20,3.97,1,4,Pellet,Left,17,16,7,4,0.41,1160,nan
11/12/2025 18:12:53,1.17.2,PR1,20,3.97,nan,5,Left,Left,18,16,7,4,nan,nan,0.13
11/12/2025 18:13:00,1.17.2,PR1,20,3.98,nan,5,Left,Left,19,16,7,4,nan,nan,0.04
11/12/2025 18:13:02,1.17.2,PR1,20,3.98,nan,5,Left,Left,20,16,7,4,nan,nan,0.11
11/12/2025 18:13:08,1.17.2,PR1,20,3.97,nan,5,Left,Left,21,16,7,4,nan,nan,0.28
11/12/2025 18:13:11,1.17.2,PR1,20,3.98,nan,5,Left,Left,22,16,7,4,nan,nan,0.13
11/12/2025 18:13:12,1.17.2,PR1,20,3.98,1,5,Pellet,Left,22,16,8,5,0.23,29,nan
11/12/2025 18:13:22,1.17.2,PR1,20,3.98,nan,6,Left,Left,23,16,8,5,nan,nan,0.14
11/12/2025 18:13:28,1.17.2,PR1,20,3.97,nan,6,Left,Left,24,16,8,5,nan,nan,0.11
11/12/2025 18:13:33,1.17.2,PR1,20,3.98,nan,6,Right,Left,24,17,8,5,nan,nan,0.33
11/12/2025 18:13:35,1.17.2,PR1,20,3.97,nan,6,Left,Left,25,17,8,5,nan,nan,0.39
11/12/2025 18:13:37,1.17.2,PR1,20,3.98,nan,6,Left,Left,26,17,8,5,nan,nan,0.54
11/12/2025 18:13:40,1.17.2,PR1,20,3.97,nan,6,Left,Left,27,17,8,5,nan,nan,0.20
11/12/2025 18:13:42,1.17.2,PR1,20,3.98,nan,6,Left,Left,28,17,8,5,nan,nan,0.14
11/12/2025 18:13:45,1.17.2,PR1,20,3.97,2,6,Pellet,Left,28,17,9,6,0.06,33,nan
11/12/2025 18:13:58,1.17.2,PR1,20,3.98,nan,7,Right,Left,28,18,9,6,nan,nan,0.11
11/12/2025 18:14:02,1.17.2,PR1,20,3.98,nan,7,Right,Left,28,19,9,6,nan,nan,0.05
11/12/2025 18:14:05,1.17.2,PR1,20,3.98,nan,7,Left,Left,29,19,9,6,nan,nan,0.12
11/12/2025 18:23:32,1.17.2,PR1,20,3.98,nan,7,Left,Left,30,19,9,6,nan,nan,0.18
11/12/2025 18:31:27,1.17.2,PR1,20,3.97,nan,7,Left,Left,31,19,9,6,nan,nan,0.09
11/12/2025 18:31:29,1.17.2,PR1,20,3.98,nan,7,Left,Left,32,19,9,6,nan,nan,0.06
11/12/2025 18:31:32,1.17.2,PR1,20,3.98,nan,7,Left,Left,33,19,9,6,nan,nan,0.04
11/12/2025 18:31:33,1.17.2,PR1,20,3.98,nan,7,Left,Left,34,19,9,6,nan,nan,0.07
11/12/2025 18:31:36,1.17.2,PR1,20,3.98,nan,7,Left,Left,35,19,9,6,nan,nan,0.09
11/12/2025 18:31:38,1.17.2,PR1,20,3.98,1,7,Pellet,Left,35,19,10,7,0.89,1073,nan
11/12/2025 18:34:25,1.17.2,PR1,20,3.97,nan,8,Left,Left,36,19,10,7,nan,nan,0.01
11/12/2025 18:37:20,1.17.2,PR1,20,3.98,nan,8,Right,Left,36,20,10,7,nan,nan,0.24
11/12/2025 18:37:26,1.17.2,PR1,20,3.98,nan,8,Left,Left,37,20,10,7,nan,nan,0.01
11/12/2025 18:44:12,1.17.2,PR1,20,3.97,nan,8,Right,Left,37,21,10,7,nan,nan,0.06
11/12/2025 18:45:00,1.17.2,PR1,20,3.98,nan,8,Right,Left,37,22,10,7,nan,nan,0.00
11/12/2025 18:45:06,1.17.2,PR1,20,3.97,nan,8,Left,Left,38,22,10,7,nan,nan,0.19
11/12/2025 18:46:39,1.17.2,PR1,20,3.98,nan,8,Right,Left,38,23,10,7,nan,nan,0.11
11/12/2025 18:46:41,1.17.2,PR1,20,3.98,nan,8,Right,Left,38,24,10,7,nan,nan,0.01
11/12/2025 18:47:02,1.17.2,PR1,20,3.97,nan,8,Left,Left,39,24,10,7,nan,nan,0.03
11/12/2025 18:47:09,1.17.2,PR1,20,3.97,nan,8,Right,Left,39,25,10,7,nan,nan,0.05
11/12/2025 18:47:18,1.17.2,PR1,20,3.97,nan,8,Left,Left,40,25,10,7,nan,nan,0.13
11/12/2025 18:47:19,1.17.2,PR1,20,3.97,nan,8,Left,Left,41,25,10,7,nan,nan,0.46
11/12/2025 18:47:21,1.17.2,PR1,20,3.97,nan,8,Left,Left,42,25,10,7,nan,nan,0.13
11/12/2025 18:47:35,1.17.2,PR1,20,3.97,nan,8,Right,Left,42,26,10,7,nan,nan,0.04
11/12/2025 18:47:37,1.17.2,PR1,20,3.98,nan,8,Left,Left,43,26,10,7,nan,nan,0.06
11/12/2025 18:47:39,1.17.2,PR1,20,3.97,1,8,Pellet,Left,43,26,11,8,1.13,961,nan
11/12/2025 18:47:58,1.17.2,PR1,20,3.98,nan,9,Left,Left,44,26,11,8,nan,nan,0.10
11/12/2025 18:48:00,1.17.2,PR1,20,3.97,nan,9,Left,Left,45,26,11,8,nan,nan,0.01
11/12/2025 18:48:02,1.17.2,PR1,20,3.97,nan,9,Right,Left,45,27,11,8,nan,nan,0.06
11/12/2025 18:48:04,1.17.2,PR1,20,3.98,nan,9,Left,Left,46,27,11,8,nan,nan,0.08
11/12/2025 18:48:05,1.17.2,PR1,20,3.97,nan,9,Left,Left,47,27,11,8,nan,nan,0.04
11/12/2025 18:50:27,1.17.2,PR1,20,3.98,nan,9,Right,Left,47,28,11,8,nan,nan,0.20
11/12/2025 18:50:32,1.17.2,PR1,20,3.97,nan,9,Left,Left,48,28,11,8,nan,nan,0.06
11/12/2025 18:50:34,1.17.2,PR1,20,3.98,nan,9,Left,Left,49,28,11,8,nan,nan,0.09
11/12/2025 18:53:01,1.17.2,PR1,20,3.97,nan,9,Right,Left,49,29,11,8,nan,nan,0.05
11/12/2025 18:53:03,1.17.2,PR1,20,3.97,nan,9,Right,Left,49,30,11,8,nan,nan,0.10
11/12/2025 18:53:09,1.17.2,PR1,20,3.97,nan,9,Left,Left,50,30,11,8,nan,nan,0.00
11/12/2025 18:54:29,1.17.2,PR1,20,3.98,nan,9,Left,Left,51,30,11,8,nan,nan,0.08
11/12/2025 18:54:31,1.17.2,PR1,20,3.98,nan,9,Left,Left,52,30,11,8,nan,nan,0.15
11/12/2025 18:54:32,1.17.2,PR1,20,3.97,1,9,Pellet,Left,52,30,12,9,0.41,413,nan
11/12/2025 18:54:42,1.17.2,PR1,20,3.97,nan,10,Left,Left,53,30,12,9,nan,nan,0.19
11/12/2025 18:54:44,1.17.2,PR1,20,3.97,nan,10,Left,Left,54,30,12,9,nan,nan,0.13
11/12/2025 18:54:48,1.17.2,PR1,20,3.98,nan,10,Left,Left,55,30,12,9,nan,nan,0.16
11/12/2025 18:54:51,1.17.2,PR1,20,3.97,nan,10,Right,Left,55,31,12,9,nan,nan,0.14
11/12/2025 18:56:21,1.17.2,PR1,20,3.97,nan,10,Left,Left,56,31,12,9,nan,nan,0.04
11/12/2025 18:56:25,1.17.2,PR1,20,3.97,nan,10,Left,Left,57,31,12,9,nan,nan,0.13
11/12/2025 18:58:29,1.17.2,PR1,20,3.97,nan,10,Left,Left,58,31,12,9,nan,nan,0.07
11/12/2025 18:58:30,1.17.2,PR1,20,3.97,nan,10,Left,Left,59,31,12,9,nan,nan,0.06
11/12/2025 18:58:46,1.17.2,PR1,20,3.97,nan,10,Right,Left,59,32,12,9,nan,nan,0.16
11/12/2025 19:07:48,1.17.2,PR1,20,3.97,nan,10,Left,Left,60,32,12,9,nan,nan,0.14
11/12/2025 19:10:45,1.17.2,PR1,20,3.97,nan,10,Left,Left,61,32,12,9,nan,nan,0.10
11/12/2025 19:10:49,1.17.2,PR1,20,3.97,nan,10,Left,Left,62,32,12,9,nan,nan,0.02
11/12/2025 19:10:50,1.17.2,PR1,20,3.97,1,10,Pellet,Left,62,32,13,10,0.23,978,nan
11/12/2025 19:11:06,1.17.2,PR1,20,3.97,nan,11,Left,Left,63,32,13,10,nan,nan,0.20
11/12/2025 19:11:10,1.17.2,PR1,20,3.98,nan,11,Left,Left,64,32,13,10,nan,nan,0.19
11/12/2025 19:11:12,1.17.2,PR1,20,3.98,nan,11,Left,Left,65,32,13,10,nan,nan,0.04
11/12/2025 19:11:15,1.17.2,PR1,20,3.97,nan,11,Left,Left,66,32,13,10,nan,nan,0.23
11/12/2025 19:11:37,1.17.2,PR1,20,3.97,nan,11,Right,Left,66,33,13,10,nan,nan,0.03
11/12/2025 19:16:36,1.17.2,PR1,20,3.98,nan,11,Right,Left,66,34,13,10,nan,nan,0.12
11/12/2025 19:16:38,1.17.2,PR1,20,3.97,nan,11,Right,Left,66,35,13,10,nan,nan,0.10
11/12/2025 19:16:42,1.17.2,PR1,20,3.97,nan,11,Left,Left,67,35,13,10,nan,nan,0.23
11/12/2025 19:17:11,1.17.2,PR1,20,3.98,nan,11,Left,Left,68,35,13,10,nan,nan,0.06
11/12/2025 19:17:12,1.17.2,PR1,20,3.97,nan,11,Left,Left,69,35,13,10,nan,nan,0.12
11/12/2025 19:17:14,1.17.2,PR1,20,3.97,nan,11,Left,Left,70,35,13,10,nan,nan,0.12
11/12/2025 19:32:59,1.17.2,PR1,20,3.97,nan,11,Left,Left,71,35,13,10,nan,nan,0.03
11/12/2025 19:33:01,1.17.2,PR1,20,3.97,nan,11,Left,Left,72,35,13,10,nan,nan,0.12
11/12/2025 19:34:39,1.17.2,PR1,20,3.97,nan,11,Left,Left,73,35,13,10,nan,nan,0.03
11/12/2025 19:34:40,1.17.2,PR1,20,3.97,1,11,Pellet,Left,73,35,14,11,0.47,1430,nan
11/12/2025 19:35:03,1.17.2,PR1,20,3.98,nan,12,Left,Left,74,35,14,11,nan,nan,0.09
11/12/2025 19:35:05,1.17.2,PR1,20,3.97,nan,12,Left,Left,75,35,14,11,nan,nan,0.05
11/12/2025 19:35:07,1.17.2,PR1,20,3.97,nan,12,Left,Left,76,35,14,11,nan,nan,0.06
11/12/2025 19:35:09,1.17.2,PR1,20,3.97,nan,12,Left,Left,77,35,14,11,nan,nan,0.03
11/12/2025 19:35:11,1.17.2,PR1,20,3.98,nan,12,Left,Left,78,35,14,11,nan,nan,0.09
11/12/2025 19:35:13,1.17.2,PR1,20,3.97,nan,12,Left,Left,79,35,14,11,nan,nan,0.09
11/12/2025 19:35:16,1.17.2,PR1,20,3.97,nan,12,Right,Left,79,36,14,11,nan,nan,0.11
11/12/2025 19:35:18,1.17.2,PR1,20,3.97,nan,12,Right,Left,79,37,14,11,nan,nan,0.21
11/12/2025 19:36:36,1.17.2,PR1,20,3.97,nan,12,Right,Left,79,38,14,11,nan,nan,0.12
11/12/2025 19:37:27,1.17.2,PR1,20,3.97,nan,12,Left,Left,80,38,14,11,nan,nan,0.09
11/12/2025 19:37:30,1.17.2,PR1,20,3.97,nan,12,Left,Left,81,38,14,11,nan,nan,0.09
11/12/2025 19:37:32,1.17.2,PR1,20,3.98,nan,12,Left,Left,82,38,14,11,nan,nan,0.08
11/12/2025 19:39:32,1.17.2,PR1,20,3.97,nan,12,Left,Left,83,38,14,11,nan,nan,0.12
11/12/2025 19:39:50,1.17.2,PR1,20,3.97,nan,12,Left,Left,84,38,14,11,nan,nan,0.26
11/12/2025 19:40:36,1.17.2,PR1,20,3.97,nan,12,Right,Left,84,39,14,11,nan,nan,0.20
11/12/2025 19:40:41,1.17.2,PR1,20,3.97,nan,12,Left,Left,85,39,14,11,nan,nan,0.02
11/12/2025 19:40:45,1.17.2,PR1,20,3.98,3,12,Pellet,Left,85,39,15,12,0.12,364,nan
11/12/2025 19:40:53,1.17.2,PR1,20,3.98,nan,13,Right,Left,85,40,15,12,nan,nan,0.38
11/12/2025 19:40:56,1.17.2,PR1,20,3.97,nan,13,Right,Left,85,41,15,12,nan,nan,0.24
11/12/2025 19:40:58,1.17.2,PR1,20,3.97,nan,13,Right,Left,85,42,15,12,nan,nan,0.21
11/12/2025 19:41:00,1.17.2,PR1,20,3.98,nan,13,Right,Left,85,43,15,12,nan,nan,0.16
11/12/2025 19:41:02,1.17.2,PR1,20,3.97,nan,13,Right,Left,85,44,15,12,nan,nan,0.15
11/12/2025 19:41:05,1.17.2,PR1,20,3.98,nan,13,Right,Left,85,45,15,12,nan,nan,0.16
11/12/2025 19:41:07,1.17.2,PR1,20,3.97,nan,13,Right,Left,85,46,15,12,nan,nan,0.15
11/12/2025 20:13:57,1.17.2,PR1,20,3.97,nan,1,Left,Left,86,46,15,0,nan,nan,0.20
11/12/2025 20:13:59,1.17.2,PR1,20,3.97,2,1,Pellet,Left,86,46,16,1,0.41,1994,nan
11/12/2025 20:14:09,1.17.2,PR1,20,3.97,nan,2,Left,Left,87,46,16,1,nan,nan,0.25
11/12/2025 20:14:20,1.17.2,PR1,20,3.96,nan,2,Left,Left,88,46,16,1,nan,nan,0.06
11/12/2025 20:14:22,1.17.2,PR1,20,3.97,2,2,Pellet,Left,88,46,17,2,0.71,24,nan
11/12/2025 20:14:30,1.17.2,PR1,20,3.97,nan,3,Left,Left,89,46,17,2,nan,nan,0.29
11/12/2025 20:14:31,1.17.2,PR1,20,3.97,nan,3,Left,Left,90,46,17,2,nan,nan,0.21
11/12/2025 20:14:33,1.17.2,PR1,20,3.97,nan,3,Left,Left,91,46,17,2,nan,nan,0.27
11/12/2025 20:14:35,1.17.2,PR1,20,3.96,2,3,Pellet,Left,91,46,18,3,0.17,12,nan
11/12/2025 20:14:48,1.17.2,PR1,20,3.97,nan,4,Left,Left,92,46,18,3,nan,nan,0.12
11/12/2025 20:14:50,1.17.2,PR1,20,3.97,nan,4,Left,Left,93,46,18,3,nan,nan,0.30
11/12/2025 20:14:55,1.17.2,PR1,20,3.97,nan,4,Left,Left,94,46,18,3,nan,nan,0.18
11/12/2025 20:16:13,1.17.2,PR1,20,3.97,nan,4,Right,Left,94,47,18,3,nan,nan,0.33
11/12/2025 20:16:16,1.17.2,PR1,20,3.97,nan,4,Right,Left,94,48,18,3,nan,nan,0.11
11/12/2025 20:16:23,1.17.2,PR1,20,3.97,nan,4,Right,Left,94,49,18,3,nan,nan,0.11
11/12/2025 20:18:41,1.17.2,PR1,20,3.97,nan,4,Right,Left,94,50,18,3,nan,nan,0.12
11/12/2025 20:18:44,1.17.2,PR1,20,3.97,nan,4,Right,Left,94,51,18,3,nan,nan,0.14
11/12/2025 20:18:46,1.17.2,PR1,20,3.96,nan,4,Right,Left,94,52,18,3,nan,nan,0.16
11/12/2025 20:18:50,1.17.2,PR1,20,3.97,nan,4,Left,Left,95,52,18,3,nan,nan,0.10
11/12/2025 20:18:52,1.17.2,PR1,20,3.97,2,4,Pellet,Left,95,52,19,4,0.53,258,nan
11/12/2025 20:19:00,1.17.2,PR1,20,3.97,nan,5,Right,Left,95,53,19,4,nan,nan,0.06
11/12/2025 20:23:01,1.17.2,PR1,20,3.97,nan,5,Left,Left,96,53,19,4,nan,nan,0.10
11/12/2025 20:23:35,1.17.2,PR1,20,3.97,nan,5,Left,Left,97,53,19,4,nan,nan,0.07
11/12/2025 20:23:36,1.17.2,PR1,20,3.97,nan,5,Left,Left,98,53,19,4,nan,nan,0.10
11/12/2025 20:27:55,1.17.2,PR1,20,3.97,nan,5,Left,Left,99,53,19,4,nan,nan,0.08
11/12/2025 20:27:56,1.17.2,PR1,20,3.97,nan,5,Left,Left,100,53,19,4,nan,nan,0.09
11/12/2025 20:27:58,1.17.2,PR1,20,3.97,1,5,Pellet,Left,100,53,20,5,0.65,546,nan
11/12/2025 20:28:08,1.17.2,PR1,20,3.96,nan,6,Left,Left,101,53,20,5,nan,nan,0.13
11/12/2025 20:29:18,1.17.2,PR1,20,3.97,nan,6,Right,Left,101,54,20,5,nan,nan,0.08
11/12/2025 20:32:21,1.17.2,PR1,20,3.97,nan,6,Right,Left,101,55,20,5,nan,nan,0.08
11/12/2025 20:32:22,1.17.2,PR1,20,3.97,nan,6,Right,Left,101,56,20,5,nan,nan,0.21
11/12/2025 20:32:24,1.17.2,PR1,20,3.97,nan,6,Right,Left,101,57,20,5,nan,nan,0.11
11/12/2025 20:32:26,1.17.2,PR1,20,3.97,nan,6,Right,Left,101,58,20,5,nan,nan,0.14
11/12/2025 20:32:29,1.17.2,PR1,20,3.97,nan,6,Left,Left,102,58,20,5,nan,nan,0.08
11/12/2025 20:32:31,1.17.2,PR1,20,3.97,nan,6,Left,Left,103,58,20,5,nan,nan,0.06
11/12/2025 20:40:39,1.17.2,PR1,20,3.97,nan,6,Left,Left,104,58,20,5,nan,nan,0.16
11/12/2025 20:40:40,1.17.2,PR1,20,3.97,nan,6,Left,Left,105,58,20,5,nan,nan,0.09
11/12/2025 20:40:43,1.17.2,PR1,20,3.97,nan,6,Left,Left,106,58,20,5,nan,nan,0.06
11/12/2025 20:40:44,1.17.2,PR1,20,3.96,1,6,Pellet,Left,106,58,21,6,0.29,766,nan
11/12/2025 20:40:50,1.17.2,PR1,20,3.97,nan,7,Left,Left,107,58,21,6,nan,nan,0.08
11/12/2025 20:40:51,1.17.2,PR1,20,3.97,nan,7,Left,Left,108,58,21,6,nan,nan,0.09
11/12/2025 20:40:54,1.17.2,PR1,20,3.96,nan,7,Left,Left,109,58,21,6,nan,nan,0.07
11/12/2025 20:43:56,1.17.2,PR1,20,3.97,nan,7,Right,Left,109,59,21,6,nan,nan,0.05
11/12/2025 20:43:57,1.17.2,PR1,20,3.97,nan,7,Right,Left,109,60,21,6,nan,nan,0.30
11/12/2025 20:45:14,1.17.2,PR1,20,3.97,nan,7,Right,Left,109,61,21,6,nan,nan,0.17
11/12/2025 20:45:45,1.17.2,PR1,20,3.97,nan,7,Right,Left,109,62,21,6,nan,nan,0.59
11/12/2025 20:45:48,1.17.2,PR1,20,3.97,nan,7,Right,Left,109,63,21,6,nan,nan,0.78
11/12/2025 20:45:50,1.17.2,PR1,20,3.97,nan,7,Right,Left,109,64,21,6,nan,nan,0.23
11/12/2025 20:57:27,1.17.2,PR1,20,3.97,nan,7,Right,Left,109,65,21,6,nan,nan,0.45
11/12/2025 20:57:29,1.17.2,PR1,20,3.96,nan,7,Right,Left,109,66,21,6,nan,nan,0.06
11/12/2025 20:57:44,1.17.2,PR1,20,3.97,nan,7,Left,Left,110,66,21,6,nan,nan,0.12
11/12/2025 20:57:46,1.17.2,PR1,20,3.96,nan,7,Left,Left,111,66,21,6,nan,nan,0.13
11/12/2025 20:57:47,1.17.2,PR1,20,3.97,nan,7,Left,Left,112,66,21,6,nan,nan,0.14
11/12/2025 20:57:54,1.17.2,PR1,20,3.97,nan,7,Left,Left,113,66,21,6,nan,nan,0.03
11/12/2025 20:57:56,1.17.2,PR1,20,3.97,1,7,Pellet,Left,113,66,22,7,0.83,1031,nan
11/12/2025 20:58:05,1.17.2,PR1,20,3.97,nan,8,Left,Left,114,66,22,7,nan,nan,0.07
11/12/2025 20:58:14,1.17.2,PR1,20,3.97,nan,8,Left,Left,115,66,22,7,nan,nan,0.03
11/12/2025 20:58:16,1.17.2,PR1,20,3.96,nan,8,Left,Left,116,66,22,7,nan,nan,0.12
11/12/2025 20:58:18,1.17.2,PR1,20,3.96,nan,8,Left,Left,117,66,22,7,nan,nan,0.06
11/12/2025 21:02:56,1.17.2,PR1,20,3.97,nan,8,Right,Left,117,67,22,7,nan,nan,0.04
11/12/2025 21:02:58,1.17.2,PR1,20,3.96,nan,8,Left,Left,118,67,22,7,nan,nan,0.03
11/12/2025 21:03:05,1.17.2,PR1,20,3.97,nan,8,Right,Left,118,68,22,7,nan,nan,0.30
11/12/2025 21:03:07,1.17.2,PR1,20,3.97,nan,8,Right,Left,118,69,22,7,nan,nan,0.35
11/12/2025 21:03:09,1.17.2,PR1,20,3.96,nan,8,Right,Left,118,70,22,7,nan,nan,0.64
11/12/2025 21:10:43,1.17.2,PR1,20,3.97,nan,8,Left,Left,119,70,22,7,nan,nan,0.21
11/12/2025 21:10:44,1.17.2,PR1,20,3.96,nan,8,Left,Left,120,70,22,7,nan,nan,0.05
11/12/2025 21:10:47,1.17.2,PR1,20,3.96,nan,8,Left,Left,121,70,22,7,nan,nan,0.10
11/12/2025 21:10:50,1.17.2,PR1,20,3.97,2,8,Pellet,Left,121,70,23,8,0.59,775,nan
11/12/2025 21:10:59,1.17.2,PR1,20,3.96,nan,9,Left,Left,122,70,23,8,nan,nan,0.05
11/12/2025 21:11:01,1.17.2,PR1,20,3.97,nan,9,Left,Left,123,70,23,8,nan,nan,0.10
11/12/2025 21:11:03,1.17.2,PR1,20,3.97,nan,9,Left,Left,124,70,23,8,nan,nan,0.16
11/12/2025 21:11:07,1.17.2,PR1,20,3.97,nan,9,Left,Left,125,70,23,8,nan,nan,0.40
11/12/2025 21:11:10,1.17.2,PR1,20,3.97,nan,9,Left,Left,126,70,23,8,nan,nan,0.11
11/12/2025 21:11:12,1.17.2,PR1,20,3.97,nan,9,Left,Left,127,70,23,8,nan,nan,0.23
11/12/2025 21:11:14,1.17.2,PR1,20,3.96,nan,9,Left,Left,128,70,23,8,nan,nan,0.19
11/12/2025 21:11:16,1.17.2,PR1,20,3.97,nan,9,Left,Left,129,70,23,8,nan,nan,0.10
11/12/2025 21:11:18,1.17.2,PR1,20,3.96,nan,9,Left,Left,130,70,23,8,nan,nan,0.08
11/12/2025 21:11:20,1.17.2,PR1,20,3.97,1,9,Pellet,Left,130,70,24,9,1.07,30,nan
11/12/2025 21:11:29,1.17.2,PR1,20,3.96,nan,10,Left,Left,131,70,24,9,nan,nan,0.05
11/12/2025 21:11:33,1.17.2,PR1,20,3.97,nan,10,Right,Left,131,71,24,9,nan,nan,0.12
11/12/2025 21:11:59,1.17.2,PR1,20,3.97,nan,10,Right,Left,131,72,24,9,nan,nan,0.23
11/12/2025 21:12:03,1.17.2,PR1,20,3.97,nan,10,Left,Left,132,72,24,9,nan,nan,0.07
11/12/2025 21:12:07,1.17.2,PR1,20,3.96,nan,10,Left,Left,133,72,24,9,nan,nan,0.24
11/12/2025 21:18:59,1.17.2,PR1,20,3.97,nan,10,Left,Left,134,72,24,9,nan,nan,0.12
11/12/2025 21:19:01,1.17.2,PR1,20,3.96,nan,10,Left,Left,135,72,24,9,nan,nan,0.16
11/12/2025 21:19:04,1.17.2,PR1,20,3.96,nan,10,Left,Left,136,72,24,9,nan,nan,0.11
11/12/2025 21:19:05,1.17.2,PR1,20,3.97,nan,10,Left,Left,137,72,24,9,nan,nan,0.09
11/12/2025 21:24:08,1.17.2,PR1,20,3.97,nan,10,Left,Left,138,72,24,9,nan,nan,0.09
11/12/2025 21:24:17,1.17.2,PR1,20,3.96,nan,10,Left,Left,139,72,24,9,nan,nan,0.12
11/12/2025 21:24:19,1.17.2,PR1,20,3.96,nan,10,Left,Left,140,72,24,9,nan,nan,0.24
11/12/2025 21:24:21,1.17.2,PR1,20,3.96,1,10,Pellet,Left,140,72,25,10,0.65,780,nan
11/12/2025 21:24:30,1.17.2,PR1,20,3.96,nan,11,Left,Left,141,72,25,10,nan,nan,0.08
11/12/2025 21:24:32,1.17.2,PR1,20,3.96,nan,11,Left,Left,142,72,25,10,nan,nan,0.05
11/12/2025 21:24:35,1.17.2,PR1,20,3.96,nan,11,Left,Left,143,72,25,10,nan,nan,0.06
11/12/2025 21:24:37,1.17.2,PR1,20,3.96,nan,11,Left,Left,144,72,25,10,nan,nan,0.13
11/12/2025 21:26:35,1.17.2,PR1,20,3.97,nan,11,Right,Left,144,73,25,10,nan,nan,0.09
11/12/2025 21:26:57,1.17.2,PR1,20,3.97,nan,11,Left,Left,145,73,25,10,nan,nan,0.10
11/12/2025 21:27:27,1.17.2,PR1,20,3.96,nan,11,Right,Left,145,74,25,10,nan,nan,0.10
11/12/2025 21:27:37,1.17.2,PR1,20,3.96,nan,11,Left,Left,146,74,25,10,nan,nan,0.06
11/12/2025 21:27:39,1.17.2,PR1,20,3.96,nan,11,Left,Left,147,74,25,10,nan,nan,0.32
11/12/2025 21:27:48,1.17.2,PR1,20,3.97,nan,11,Right,Left,147,75,25,10,nan,nan,0.12
11/12/2025 21:27:50,1.17.2,PR1,20,3.96,nan,11,Right,Left,147,76,25,10,nan,nan,0.42
11/12/2025 21:28:27,1.17.2,PR1,20,3.97,nan,11,Left,Left,148,76,25,10,nan,nan,0.32
11/12/2025 21:28:29,1.17.2,PR1,20,3.97,nan,11,Left,Left,149,76,25,10,nan,nan,1.04
11/12/2025 21:28:33,1.17.2,PR1,20,3.96,nan,11,Left,Left,150,76,25,10,nan,nan,0.46
11/12/2025 21:28:37,1.17.2,PR1,20,3.97,nan,11,Left,Left,151,76,25,10,nan,nan,0.52
11/12/2025 21:28:38,1.17.2,PR1,20,3.97,1,11,Pellet,Left,151,76,26,11,0.29,258,nan
11/12/2025 21:28:56,1.17.2,PR1,20,3.97,nan,12,Right,Left,151,77,26,11,nan,nan,0.37
11/12/2025 21:29:10,1.17.2,PR1,20,3.96,nan,12,Left,Left,152,77,26,11,nan,nan,0.01
11/12/2025 21:29:21,1.17.2,PR1,20,3.97,nan,12,Left,Left,153,77,26,11,nan,nan,0.02
11/12/2025 21:29:30,1.17.2,PR1,20,3.97,nan,12,Left,Left,154,77,26,11,nan,nan,0.06
11/12/2025 21:29:33,1.17.2,PR1,20,3.97,nan,12,Left,Left,155,77,26,11,nan,nan,0.14
11/12/2025 21:29:43,1.17.2,PR1,20,3.96,nan,12,Left,Left,156,77,26,11,nan,nan,0.05
11/12/2025 21:29:45,1.17.2,PR1,20,3.96,nan,12,Left,Left,157,77,26,11,nan,nan,0.19
11/12/2025 21:29:47,1.17.2,PR1,20,3.97,nan,12,Left,Left,158,77,26,11,nan,nan,0.38
11/12/2025 21:29:57,1.17.2,PR1,20,3.96,nan,12,Right,Left,158,78,26,11,nan,nan,0.20
11/12/2025 21:29:58,1.17.2,PR1,20,3.96,nan,12,Right,Left,158,79,26,11,nan,nan,0.42
11/12/2025 21:30:01,1.17.2,PR1,20,3.97,nan,12,Right,Left,158,80,26,11,nan,nan,0.11
11/12/2025 21:30:03,1.17.2,PR1,20,3.97,nan,12,Left,Left,159,80,26,11,nan,nan,0.09
11/12/2025 21:30:05,1.17.2,PR1,20,3.96,nan,12,Left,Left,160,80,26,11,nan,nan,0.28
11/12/2025 21:30:08,1.17.2,PR1,20,3.96,nan,12,Left,Left,161,80,26,11,nan,nan,0.22
11/12/2025 21:30:10,1.17.2,PR1,20,3.97,nan,12,Left,Left,162,80,26,11,nan,nan,0.12
11/12/2025 21:47:21,1.17.2,PR1,20,3.96,nan,12,Right,Left,162,81,26,11,nan,nan,0.34
11/12/2025 21:48:05,1.17.2,PR1,20,3.96,nan,12,Left,Left,163,81,26,11,nan,nan,0.17
11/12/2025 21:48:06,1.17.2,PR1,20,3.97,1,12,Pellet,Left,163,81,27,12,0.29,1168,nan
11/12/2025 21:48:34,1.17.2,PR1,20,3.96,nan,13,Left,Left,164,81,27,12,nan,nan,0.49
11/12/2025 21:49:34,1.17.2,PR1,20,3.97,nan,13,Right,Left,164,82,27,12,nan,nan,0.08
11/12/2025 21:50:02,1.17.2,PR1,20,3.96,nan,13,Right,Left,164,83,27,12,nan,nan,0.12
11/12/2025 21:50:07,1.17.2,PR1,20,3.97,nan,13,Left,Left,165,83,27,12,nan,nan,0.05
11/12/2025 21:50:17,1.17.2,PR1,20,3.97,nan,13,Left,Left,166,83,27,12,nan,nan,0.14
11/12/2025 21:50:18,1.17.2,PR1,20,3.96,nan,13,Left,Left,167,83,27,12,nan,nan,0.17
11/12/2025 21:50:23,1.17.2,PR1,20,3.96,nan,13,Left,Left,168,83,27,12,nan,nan,0.10
11/12/2025 21:50:25,1.17.2,PR1,20,3.97,nan,13,Left,Left,169,83,27,12,nan,nan,0.08
11/12/2025 21:50:28,1.17.2,PR1,20,3.96,nan,13,Left,Left,170,83,27,12,nan,nan,0.09
11/12/2025 21:50:29,1.17.2,PR1,20,3.96,nan,13,Left,Left,171,83,27,12,nan,nan,0.07
11/12/2025 21:52:39,1.17.2,PR1,20,3.97,nan,13,Left,Left,172,83,27,12,nan,nan,0.11
11/12/2025 21:52:43,1.17.2,PR1,20,3.96,nan,13,Left,Left,173,83,27,12,nan,nan,0.13
11/12/2025 21:52:46,1.17.2,PR1,20,3.97,nan,13,Left,Left,174,83,27,12,nan,nan,0.08
11/12/2025 21:53:14,1.17.2,PR1,20,3.96,nan,13,Right,Left,174,84,27,12,nan,nan,0.17
11/12/2025 21:53:16,1.17.2,PR1,20,3.96,nan,13,Right,Left,174,85,27,12,nan,nan,0.17
11/12/2025 21:53:24,1.17.2,PR1,20,3.96,nan,13,Left,Left,175,85,27,12,nan,nan,0.03
11/12/2025 21:53:26,1.17.2,PR1,20,3.96,nan,13,Left,Left,176,85,27,12,nan,nan,0.34
11/12/2025 21:53:35,1.17.2,PR1,20,3.97,nan,13,LeftWithPellet,Left,177,85,27,13,nan,nan,0.13
11/12/2025 21:53:35,1.17.2,PR1,20,3.96,1,13,Pellet,Left,177,85,28,13,7.61,329,nan
11/12/2025 21:53:38,1.17.2,PR1,20,3.96,nan,14,Left,Left,178,85,28,13,nan,nan,0.19
11/12/2025 21:53:40,1.17.2,PR1,20,3.96,nan,14,Left,Left,179,85,28,13,nan,nan,0.06
11/12/2025 21:53:42,1.17.2,PR1,20,3.96,nan,14,Left,Left,180,85,28,13,nan,nan,0.18
11/12/2025 21:53:43,1.17.2,PR1,20,3.96,nan,14,Left,Left,181,85,28,13,nan,nan,0.13
11/12/2025 21:53:45,1.17.2,PR1,20,3.96,nan,14,Left,Left,182,85,28,13,nan,nan,0.25
11/12/2025 21:53:47,1.17.2,PR1,20,3.96,nan,14,Right,Left,182,86,28,13,nan,nan,0.13
11/12/2025 21:53:48,1.17.2,PR1,20,3.96,nan,14,Right,Left,182,87,28,13,nan,nan,0.00
11/12/2025 22:03:52,1.17.2,PR1,20,3.97,nan,14,Left,Left,183,87,28,13,nan,nan,0.15
11/12/2025 22:03:56,1.17.2,PR1,20,3.96,nan,14,Left,Left,184,87,28,13,nan,nan,0.37
11/12/2025 22:03:58,1.17.2,PR1,20,3.96,nan,14,Left,Left,185,87,28,13,nan,nan,0.50
11/12/2025 22:04:00,1.17.2,PR1,20,3.96,nan,14,Left,Left,186,87,28,13,nan,nan,0.24
11/12/2025 22:04:03,1.17.2,PR1,20,3.96,nan,14,Left,Left,187,87,28,13,nan,nan,0.04
11/12/2025 22:04:04,1.17.2,PR1,20,3.96,nan,14,Left,Left,188,87,28,13,nan,nan,0.09
11/12/2025 22:04:07,1.17.2,PR1,20,3.96,nan,14,Left,Left,189,87,28,13,nan,nan,0.13
11/12/2025 22:04:08,1.17.2,PR1,20,3.96,nan,14,Left,Left,190,87,28,13,nan,nan,0.31
11/12/2025 22:04:10,1.17.2,PR1,20,3.96,nan,14,Left,Left,191,87,28,13,nan,nan,0.18
11/12/2025 22:04:15,1.17.2,PR1,20,3.96,2,14,Pellet,Left,191,87,29,14,2.03,640,nan
11/12/2025 22:04:27,1.17.2,PR1,20,3.96,nan,15,Left,Left,192,87,29,14,nan,nan,0.64
11/12/2025 22:04:29,1.17.2,PR1,20,3.97,nan,15,Left,Left,193,87,29,14,nan,nan,0.06
11/12/2025 22:04:34,1.17.2,PR1,20,3.96,nan,15,Right,Left,193,88,29,14,nan,nan,0.71
11/12/2025 22:04:39,1.17.2,PR1,20,3.97,nan,15,Right,Left,193,89,29,14,nan,nan,0.14
11/12/2025 22:04:44,1.17.2,PR1,20,3.97,nan,15,Left,Left,194,89,29,14,nan,nan,0.11
11/12/2025 22:09:41,1.17.2,PR1,20,3.96,nan,15,Left,Left,195,89,29,14,nan,nan,0.33
11/12/2025 22:09:43,1.17.2,PR1,20,3.96,nan,15,Left,Left,196,89,29,14,nan,nan,0.07
11/12/2025 22:09:44,1.17.2,PR1,20,3.96,nan,15,Left,Left,197,89,29,14,nan,nan,0.06
11/12/2025 22:10:55,1.17.2,PR1,20,3.96,nan,15,Right,Left,197,90,29,14,nan,nan,0.02
11/12/2025 22:11:02,1.17.2,PR1,20,3.97,nan,15,Left,Left,198,90,29,14,nan,nan,0.15
11/12/2025 22:11:03,1.17.2,PR1,20,3.96,nan,15,Left,Left,199,90,29,14,nan,nan,0.06
11/12/2025 22:24:13,1.17.2,PR1,20,3.96,nan,15,Left,Left,200,90,29,14,nan,nan,0.35
11/12/2025 22:24:15,1.17.2,PR1,20,3.96,nan,15,Left,Left,201,90,29,14,nan,nan,0.09
11/12/2025 22:36:31,1.17.2,PR1,20,3.96,nan,15,Left,Left,202,90,29,14,nan,nan,0.21
11/12/2025 22:36:33,1.17.2,PR1,20,3.96,nan,15,Left,Left,203,90,29,14,nan,nan,0.35
11/12/2025 22:36:36,1.17.2,PR1,20,3.96,nan,15,Left,Left,204,90,29,14,nan,nan,0.39
11/12/2025 22:36:39,1.17.2,PR1,20,3.96,nan,15,Left,Left,205,90,29,14,nan,nan,0.28
11/12/2025 22:36:41,1.17.2,PR1,20,3.96,nan,15,Left,Left,206,90,29,14,nan,nan,0.45
11/12/2025 22:36:42,1.17.2,PR1,20,3.96,1,15,Pellet,Left,206,90,30,15,0.23,1947,nan
11/12/2025 22:36:57,1.17.2,PR1,20,3.96,nan,16,Left,Left,207,90,30,15,nan,nan,0.12
11/12/2025 22:36:59,1.17.2,PR1,20,3.96,nan,16,Left,Left,208,90,30,15,nan,nan,0.84
11/12/2025 22:37:03,1.17.2,PR1,20,3.96,nan,16,Left,Left,209,90,30,15,nan,nan,0.17
11/12/2025 22:37:06,1.17.2,PR1,20,3.96,nan,16,Left,Left,210,90,30,15,nan,nan,0.63
11/12/2025 22:37:08,1.17.2,PR1,20,3.96,nan,16,Left,Left,211,90,30,15,nan,nan,0.22
11/12/2025 22:37:09,1.17.2,PR1,20,3.96,nan,16,Left,Left,212,90,30,15,nan,nan,0.20
11/12/2025 22:37:11,1.17.2,PR1,20,3.96,nan,16,Left,Left,213,90,30,15,nan,nan,0.40
11/12/2025 22:37:13,1.17.2,PR1,20,3.96,nan,16,Left,Left,214,90,30,15,nan,nan,0.21
11/12/2025 22:37:20,1.17.2,PR1,20,3.96,nan,16,Left,Left,215,90,30,15,nan,nan,0.79
11/12/2025 22:37:23,1.17.2,PR1,20,3.96,nan,16,Left,Left,216,90,30,15,nan,nan,0.29
11/12/2025 22:37:25,1.17.2,PR1,20,3.96,nan,16,Left,Left,217,90,30,15,nan,nan,0.23
11/12/2025 22:37:28,1.17.2,PR1,20,3.96,nan,16,Left,Left,218,90,30,15,nan,nan,0.60
11/12/2025 22:37:34,1.17.2,PR1,20,3.97,nan,16,Left,Left,219,90,30,15,nan,nan,0.61
11/12/2025 22:37:35,1.17.2,PR1,20,3.96,nan,16,Left,Left,220,90,30,15,nan,nan,0.39
11/12/2025 22:37:39,1.17.2,PR1,20,3.96,nan,16,Right,Left,220,91,30,15,nan,nan,0.69
11/12/2025 22:37:40,1.17.2,PR1,20,3.96,nan,16,Right,Left,220,92,30,15,nan,nan,0.59
11/12/2025 22:37:42,1.17.2,PR1,20,3.96,nan,16,Right,Left,220,93,30,15,nan,nan,0.44
11/12/2025 22:37:49,1.17.2,PR1,20,3.96,nan,16,Right,Left,220,94,30,15,nan,nan,0.07
11/12/2025 23:08:44,1.17.2,PR1,20,3.96,nan,1,Left,Left,221,94,30,0,nan,nan,0.55
11/12/2025 23:08:46,1.17.2,PR1,20,3.96,1,1,Pellet,Left,221,94,31,1,0.53,1923,nan
11/12/2025 23:08:55,1.17.2,PR1,20,3.97,nan,2,Left,Left,222,94,31,1,nan,nan,0.22
11/12/2025 23:08:59,1.17.2,PR1,20,3.96,nan,2,Left,Left,223,94,31,1,nan,nan,0.05
11/12/2025 23:09:03,1.17.2,PR1,20,3.95,1,2,Pellet,Left,223,94,32,2,2.15,17,nan
11/12/2025 23:09:11,1.17.2,PR1,20,3.96,nan,3,Left,Left,224,94,32,2,nan,nan,0.19
11/12/2025 23:09:13,1.17.2,PR1,20,3.96,nan,3,Left,Left,225,94,32,2,nan,nan,0.38
11/12/2025 23:09:16,1.17.2,PR1,20,3.96,nan,3,Left,Left,226,94,32,2,nan,nan,0.91
11/12/2025 23:09:18,1.17.2,PR1,20,3.97,1,3,Pellet,Left,226,94,33,3,0.89,16,nan
11/12/2025 23:09:23,1.17.2,PR1,20,3.96,nan,4,Left,Left,227,94,33,3,nan,nan,0.13
11/12/2025 23:09:25,1.17.2,PR1,20,3.96,nan,4,Left,Left,228,94,33,3,nan,nan,0.09
11/12/2025 23:09:30,1.17.2,PR1,20,3.96,nan,4,Left,Left,229,94,33,3,nan,nan,0.19
11/12/2025 23:09:33,1.17.2,PR1,20,3.96,nan,4,Left,Left,230,94,33,3,nan,nan,0.19
11/12/2025 23:09:34,1.17.2,PR1,20,3.96,1,4,Pellet,Left,230,94,34,4,0.29,16,nan
11/12/2025 23:10:00,1.17.2,PR1,20,3.96,nan,5,Left,Left,231,94,34,4,nan,nan,0.14
11/12/2025 23:10:02,1.17.2,PR1,20,3.96,nan,5,Left,Left,232,94,34,4,nan,nan,0.10
11/12/2025 23:10:05,1.17.2,PR1,20,3.96,nan,5,Left,Left,233,94,34,4,nan,nan,0.64
11/12/2025 23:10:08,1.17.2,PR1,20,3.96,nan,5,Left,Left,234,94,34,4,nan,nan,0.13
11/12/2025 23:10:10,1.17.2,PR1,20,3.96,nan,5,Left,Left,235,94,34,4,nan,nan,0.22
11/12/2025 23:10:11,1.17.2,PR1,20,3.96,1,5,Pellet,Left,235,94,35,5,0.23,37,nan
11/12/2025 23:10:20,1.17.2,PR1,20,3.96,nan,6,Left,Left,236,94,35,5,nan,nan,0.12
11/12/2025 23:10:28,1.17.2,PR1,20,3.96,nan,6,Left,Left,237,94,35,5,nan,nan,0.17
11/12/2025 23:10:30,1.17.2,PR1,20,3.96,nan,6,Right,Left,237,95,35,5,nan,nan,0.04
11/12/2025 23:10:31,1.17.2,PR1,20,3.96,nan,6,Right,Left,237,96,35,5,nan,nan,0.00
11/12/2025 23:10:34,1.17.2,PR1,20,3.96,nan,6,Right,Left,237,97,35,5,nan,nan,0.35
11/12/2025 23:10:36,1.17.2,PR1,20,3.96,nan,6,Right,Left,237,98,35,5,nan,nan,0.22
11/12/2025 23:11:01,1.17.2,PR1,20,3.96,nan,6,Left,Left,238,98,35,5,nan,nan,0.33
11/12/2025 23:11:02,1.17.2,PR1,20,3.96,nan,6,Left,Left,239,98,35,5,nan,nan,0.28
11/12/2025 23:11:04,1.17.2,PR1,20,3.97,nan,6,Left,Left,240,98,35,5,nan,nan,0.21
11/12/2025 23:11:08,1.17.2,PR1,20,3.96,nan,6,Left,Left,241,98,35,5,nan,nan,0.12
11/12/2025 23:11:09,1.17.2,PR1,20,3.96,1,6,Pellet,Left,241,98,36,6,0.35,58,nan
11/12/2025 23:11:17,1.17.2,PR1,20,3.96,nan,7,Left,Left,242,98,36,6,nan,nan,0.14
11/12/2025 23:11:19,1.17.2,PR1,20,3.96,nan,7,Left,Left,243,98,36,6,nan,nan,0.16
11/12/2025 23:11:22,1.17.2,PR1,20,3.96,nan,7,Left,Left,244,98,36,6,nan,nan,0.19
11/12/2025 23:11:26,1.17.2,PR1,20,3.96,nan,7,Right,Left,244,99,36,6,nan,nan,0.03
11/12/2025 23:12:27,1.17.2,PR1,20,3.96,nan,7,Right,Left,244,100,36,6,nan,nan,0.18
11/12/2025 23:12:29,1.17.2,PR1,20,3.96,nan,7,Left,Left,245,100,36,6,nan,nan,0.11
11/12/2025 23:12:30,1.17.2,PR1,20,3.96,nan,7,Left,Left,246,100,36,6,nan,nan,0.15
11/12/2025 23:12:33,1.17.2,PR1,20,3.96,nan,7,Left,Left,247,100,36,6,nan,nan,0.11
11/12/2025 23:12:35,1.17.2,PR1,20,3.96,nan,7,Left,Left,248,100,36,6,nan,nan,0.22
11/12/2025 23:12:39,1.17.2,PR1,20,3.96,2,7,Pellet,Left,248,100,37,7,0.11,89,nan
11/12/2025 23:12:51,1.17.2,PR1,20,3.96,nan,8,Right,Left,248,101,37,7,nan,nan,0.11
11/12/2025 23:12:53,1.17.2,PR1,20,3.96,nan,8,Right,Left,248,102,37,7,nan,nan,0.16
11/12/2025 23:13:13,1.17.2,PR1,20,3.96,nan,8,Right,Left,248,103,37,7,nan,nan,0.10
11/12/2025 23:13:14,1.17.2,PR1,20,3.96,nan,8,Left,Left,249,103,37,7,nan,nan,0.12
11/12/2025 23:13:17,1.17.2,PR1,20,3.96,nan,8,Left,Left,250,103,37,7,nan,nan,0.09
11/12/2025 23:13:21,1.17.2,PR1,20,3.96,nan,8,Right,Left,250,104,37,7,nan,nan,0.05
11/12/2025 23:20:56,1.17.2,PR1,20,3.96,nan,8,Left,Left,251,104,37,7,nan,nan,0.25
11/12/2025 23:20:59,1.17.2,PR1,20,3.96,nan,8,Left,Left,252,104,37,7,nan,nan,0.23
11/12/2025 23:21:02,1.17.2,PR1,20,3.96,nan,8,Left,Left,253,104,37,7,nan,nan,0.74
11/12/2025 23:21:07,1.17.2,PR1,20,3.96,nan,8,Left,Left,254,104,37,7,nan,nan,0.23
11/12/2025 23:21:11,1.17.2,PR1,20,3.96,nan,8,Left,Left,255,104,37,7,nan,nan,0.06
11/12/2025 23:21:15,1.17.2,PR1,20,3.96,nan,8,Left,Left,256,104,37,7,nan,nan,0.11
11/12/2025 23:21:16,1.17.2,PR1,20,3.96,1,8,Pellet,Left,256,104,38,8,0.41,518,nan
11/12/2025 23:21:27,1.17.2,PR1,20,3.96,nan,9,Left,Left,257,104,38,8,nan,nan,0.07
11/12/2025 23:21:29,1.17.2,PR1,20,3.96,nan,9,Left,Left,258,104,38,8,nan,nan,0.24
11/12/2025 23:22:48,1.17.2,PR1,20,3.96,nan,9,Left,Left,259,104,38,8,nan,nan,0.10
11/12/2025 23:22:52,1.17.2,PR1,20,3.96,nan,9,Left,Left,260,104,38,8,nan,nan,0.21
11/12/2025 23:27:36,1.17.2,PR1,20,3.96,nan,9,Left,Left,261,104,38,8,nan,nan,0.06
11/12/2025 23:27:45,1.17.2,PR1,20,3.96,nan,9,Left,Left,262,104,38,8,nan,nan,0.01
11/12/2025 23:27:46,1.17.2,PR1,20,3.96,nan,9,Left,Left,263,104,38,8,nan,nan,0.13
11/12/2025 23:27:48,1.17.2,PR1,20,3.96,nan,9,Left,Left,264,104,38,8,nan,nan,0.15
11/12/2025 23:29:36,1.17.2,PR1,20,3.96,nan,9,Right,Left,264,105,38,8,nan,nan,0.15
11/12/2025 23:29:38,1.17.2,PR1,20,3.96,nan,9,Right,Left,264,106,38,8,nan,nan,0.12
11/12/2025 23:29:47,1.17.2,PR1,20,3.96,nan,9,Right,Left,264,107,38,8,nan,nan,0.31
11/12/2025 23:29:51,1.17.2,PR1,20,3.96,nan,9,Right,Left,264,108,38,8,nan,nan,0.21
11/12/2025 23:29:52,1.17.2,PR1,20,3.96,nan,9,Right,Left,264,109,38,8,nan,nan,0.18
11/12/2025 23:29:57,1.17.2,PR1,20,3.96,nan,9,Right,Left,264,110,38,8,nan,nan,0.14
11/12/2025 23:30:00,1.17.2,PR1,20,3.96,nan,9,Left,Left,265,110,38,8,nan,nan,0.04
11/12/2025 23:30:02,1.17.2,PR1,20,3.96,1,9,Pellet,Left,265,110,39,9,0.71,525,nan
11/12/2025 23:31:49,1.17.2,PR1,20,3.96,nan,10,Right,Left,265,111,39,9,nan,nan,0.12
11/12/2025 23:31:57,1.17.2,PR1,20,3.96,nan,10,Left,Left,266,111,39,9,nan,nan,0.13
11/12/2025 23:31:59,1.17.2,PR1,20,3.96,nan,10,Left,Left,267,111,39,9,nan,nan,0.11
11/12/2025 23:37:08,1.17.2,PR1,20,3.96,nan,10,Left,Left,268,111,39,9,nan,nan,0.19
11/12/2025 23:38:06,1.17.2,PR1,20,3.96,nan,10,Right,Left,268,112,39,9,nan,nan,0.14
11/12/2025 23:38:12,1.17.2,PR1,20,3.96,nan,10,Right,Left,268,113,39,9,nan,nan,0.32
11/12/2025 23:38:13,1.17.2,PR1,20,3.96,nan,10,Right,Left,268,114,39,9,nan,nan,0.13
11/12/2025 23:38:17,1.17.2,PR1,20,3.96,nan,10,Left,Left,269,114,39,9,nan,nan,0.03
11/12/2025 23:41:26,1.17.2,PR1,20,3.96,nan,10,Left,Left,270,114,39,9,nan,nan,0.20
11/12/2025 23:41:28,1.17.2,PR1,20,3.96,nan,10,Left,Left,271,114,39,9,nan,nan,0.09
11/12/2025 23:41:32,1.17.2,PR1,20,3.96,nan,10,Left,Left,272,114,39,9,nan,nan,0.05
11/12/2025 23:50:12,1.17.2,PR1,20,3.96,nan,10,Left,Left,273,114,39,9,nan,nan,0.11
11/12/2025 23:50:14,1.17.2,PR1,20,3.96,nan,10,Left,Left,274,114,39,9,nan,nan,0.11
11/12/2025 23:50:16,1.17.2,PR1,20,3.96,nan,10,Left,Left,275,114,39,9,nan,nan,0.11
11/12/2025 23:50:17,1.17.2,PR1,20,3.96,1,10,Pellet,Left,275,114,40,10,0.29,1216,nan
11/12/2025 23:53:28,1.17.2,PR1,20,3.96,nan,11,Left,Left,276,114,40,10,nan,nan,0.09
11/12/2025 23:57:08,1.17.2,PR1,20,3.96,nan,11,Right,Left,276,115,40,10,nan,nan,0.10
11/12/2025 23:59:58,1.17.2,PR1,20,3.95,nan,11,Right,Left,276,116,40,10,nan,nan,0.53
11/12/2025 23:59:59,1.17.2,PR1,20,3.96,nan,11,Right,Left,276,117,40,10,nan,nan,0.22
11/13/2025 0:00:01,1.17.2,PR1,20,3.96,nan,11,Right,Left,276,118,40,10,nan,nan,0.17
11/13/2025 0:01:12,1.17.2,PR1,20,3.96,nan,11,Left,Left,277,118,40,10,nan,nan,0.14
11/13/2025 0:13:33,1.17.2,PR1,20,3.96,nan,11,Left,Left,278,118,40,10,nan,nan,0.03
11/13/2025 0:13:55,1.17.2,PR1,20,3.96,nan,11,Left,Left,279,118,40,10,nan,nan,0.07
11/13/2025 0:14:00,1.17.2,PR1,20,3.96,nan,11,Left,Left,280,118,40,10,nan,nan,0.08
11/13/2025 0:14:01,1.17.2,PR1,20,3.96,nan,11,Left,Left,281,118,40,10,nan,nan,0.16
11/13/2025 0:14:41,1.17.2,PR1,20,3.96,nan,11,Left,Left,282,118,40,10,nan,nan,0.19
11/13/2025 0:14:42,1.17.2,PR1,20,3.96,nan,11,Left,Left,283,118,40,10,nan,nan,0.22
11/13/2025 0:14:44,1.17.2,PR1,20,3.96,nan,11,Left,Left,284,118,40,10,nan,nan,0.19
11/13/2025 0:24:54,1.17.2,PR1,20,3.96,nan,11,Right,Left,284,119,40,10,nan,nan,0.19
11/13/2025 0:24:56,1.17.2,PR1,20,3.96,nan,11,Right,Left,284,120,40,10,nan,nan,0.52
11/13/2025 0:24:58,1.17.2,PR1,20,3.96,nan,11,Right,Left,284,121,40,10,nan,nan,0.26
11/13/2025 0:25:02,1.17.2,PR1,20,3.96,nan,11,Left,Left,285,121,40,10,nan,nan,0.09
11/13/2025 0:25:03,1.17.2,PR1,20,3.96,nan,11,Left,Left,286,121,40,10,nan,nan,0.08
11/13/2025 0:25:05,1.17.2,PR1,20,3.96,1,11,Pellet,Left,286,121,41,11,0.41,2087,nan
11/13/2025 0:25:20,1.17.2,PR1,20,3.96,nan,12,Left,Left,287,121,41,11,nan,nan,0.08
11/13/2025 0:34:22,1.17.2,PR1,20,3.96,nan,12,Left,Left,288,121,41,11,nan,nan,0.02
11/13/2025 0:34:23,1.17.2,PR1,20,3.96,nan,12,Left,Left,289,121,41,11,nan,nan,0.20
11/13/2025 0:34:25,1.17.2,PR1,20,3.96,nan,12,Left,Left,290,121,41,11,nan,nan,0.12
11/13/2025 0:34:27,1.17.2,PR1,20,3.96,nan,12,Left,Left,291,121,41,11,nan,nan,0.10
11/13/2025 0:34:29,1.17.2,PR1,20,3.96,nan,12,Left,Left,292,121,41,11,nan,nan,0.06
11/13/2025 0:38:42,1.17.2,PR1,20,3.96,nan,12,Right,Left,292,122,41,11,nan,nan,0.12
11/13/2025 0:40:03,1.17.2,PR1,20,3.96,nan,12,Left,Left,293,122,41,11,nan,nan,0.09
11/13/2025 0:40:04,1.17.2,PR1,20,3.96,nan,12,Left,Left,294,122,41,11,nan,nan,0.08
11/13/2025 0:40:06,1.17.2,PR1,20,3.96,nan,12,Left,Left,295,122,41,11,nan,nan,0.10
11/13/2025 0:47:29,1.17.2,PR1,20,3.96,nan,12,Left,Left,296,122,41,11,nan,nan,0.04
11/13/2025 0:47:43,1.17.2,PR1,20,3.96,nan,12,Left,Left,297,122,41,11,nan,nan,0.12
11/13/2025 0:54:01,1.17.2,PR1,20,3.96,nan,12,Right,Left,297,123,41,11,nan,nan,0.11
11/13/2025 1:05:52,1.17.2,PR1,20,3.96,nan,12,Right,Left,297,124,41,11,nan,nan,0.27
11/13/2025 2:31:30,1.17.2,PR1,20,3.96,nan,1,Left,Left,298,124,41,0,nan,nan,0.12
11/13/2025 2:31:32,1.17.2,PR1,20,3.96,1,1,Pellet,Left,298,124,42,1,0.47,7587,nan
11/13/2025 2:31:43,1.17.2,PR1,20,3.96,nan,2,Left,Left,299,124,42,1,nan,nan,0.13
11/13/2025 2:31:45,1.17.2,PR1,20,3.96,nan,2,Left,Left,300,124,42,1,nan,nan,0.06
11/13/2025 2:31:47,1.17.2,PR1,20,3.96,1,2,Pellet,Left,300,124,43,2,0.35,15,nan
11/13/2025 2:31:58,1.17.2,PR1,20,3.95,nan,3,Left,Left,301,124,43,2,nan,nan,0.06
11/13/2025 2:32:03,1.17.2,PR1,20,3.96,nan,3,Left,Left,302,124,43,2,nan,nan,0.15
11/13/2025 2:32:07,1.17.2,PR1,20,3.96,nan,3,Right,Left,302,125,43,2,nan,nan,0.12
11/13/2025 2:32:09,1.17.2,PR1,20,3.96,nan,3,Right,Left,302,126,43,2,nan,nan,0.12
11/13/2025 2:32:17,1.17.2,PR1,20,3.96,nan,3,Left,Left,303,126,43,2,nan,nan,0.21
11/13/2025 2:32:18,1.17.2,PR1,20,3.96,1,3,Pellet,Left,303,126,44,3,0.53,32,nan
11/13/2025 3:11:01,1.17.2,PR1,20,3.95,nan,1,Left,Left,304,126,44,0,nan,nan,0.14
11/13/2025 3:11:02,1.17.2,PR1,20,3.95,1,1,Pellet,Left,304,126,45,1,0.23,2324,nan
11/13/2025 3:12:14,1.17.2,PR1,20,3.96,nan,2,Right,Left,304,127,45,1,nan,nan,0.09
11/13/2025 3:13:36,1.17.2,PR1,20,3.96,nan,2,Left,Left,305,127,45,1,nan,nan,0.30
11/13/2025 3:13:38,1.17.2,PR1,20,3.96,nan,2,Left,Left,306,127,45,1,nan,nan,0.16
11/13/2025 3:13:39,1.17.2,PR1,20,3.96,1,2,Pellet,Left,306,127,46,2,0.17,157,nan
11/13/2025 3:13:47,1.17.2,PR1,20,3.96,nan,3,Left,Left,307,127,46,2,nan,nan,0.36
11/13/2025 3:13:48,1.17.2,PR1,20,3.95,nan,3,Left,Left,308,127,46,2,nan,nan,0.14
11/13/2025 3:13:51,1.17.2,PR1,20,3.95,nan,3,Left,Left,309,127,46,2,nan,nan,0.21
11/13/2025 3:13:53,1.17.2,PR1,20,3.96,1,3,Pellet,Left,309,127,47,3,1.61,14,nan
11/13/2025 3:16:15,1.17.2,PR1,20,3.96,nan,4,Right,Left,309,128,47,3,nan,nan,0.05
11/13/2025 3:17:19,1.17.2,PR1,20,3.96,nan,4,Left,Left,310,128,47,3,nan,nan,0.06
11/13/2025 3:17:21,1.17.2,PR1,20,3.95,nan,4,Left,Left,311,128,47,3,nan,nan,0.07
11/13/2025 3:17:23,1.17.2,PR1,20,3.95,nan,4,Left,Left,312,128,47,3,nan,nan,0.06
11/13/2025 3:17:25,1.17.2,PR1,20,3.95,nan,4,Left,Left,313,128,47,3,nan,nan,0.07
11/13/2025 3:17:26,1.17.2,PR1,20,3.95,1,4,Pellet,Left,313,128,48,4,0.53,213,nan
11/13/2025 3:17:40,1.17.2,PR1,20,3.96,nan,5,Right,Left,313,129,48,4,nan,nan,0.12
11/13/2025 3:22:27,1.17.2,PR1,20,3.95,nan,5,Left,Left,314,129,48,4,nan,nan,0.12
11/13/2025 3:22:29,1.17.2,PR1,20,3.96,nan,5,Left,Left,315,129,48,4,nan,nan,0.17
11/13/2025 3:22:31,1.17.2,PR1,20,3.96,nan,5,Left,Left,316,129,48,4,nan,nan,0.42
11/13/2025 3:22:33,1.17.2,PR1,20,3.95,nan,5,Left,Left,317,129,48,4,nan,nan,0.23
11/13/2025 3:23:22,1.17.2,PR1,20,3.95,nan,5,Right,Left,317,130,48,4,nan,nan,0.16
11/13/2025 3:23:29,1.17.2,PR1,20,3.95,nan,5,Right,Left,317,131,48,4,nan,nan,0.02
11/13/2025 3:23:34,1.17.2,PR1,20,3.96,nan,5,Right,Left,317,132,48,4,nan,nan,0.07
11/13/2025 3:31:05,1.17.2,PR1,20,3.95,nan,5,Right,Left,317,133,48,4,nan,nan,0.09
11/13/2025 3:31:06,1.17.2,PR1,20,3.95,nan,5,Right,Left,317,134,48,4,nan,nan,0.04
11/13/2025 3:39:02,1.17.2,PR1,20,3.95,nan,5,Right,Left,317,135,48,4,nan,nan,0.03
11/13/2025 3:39:08,1.17.2,PR1,20,3.95,nan,5,Left,Left,318,135,48,4,nan,nan,0.03
11/13/2025 3:39:10,1.17.2,PR1,20,3.96,1,5,Pellet,Left,318,135,49,5,0.41,1303,nan
11/13/2025 3:39:21,1.17.2,PR1,20,3.95,nan,6,Left,Left,319,135,49,5,nan,nan,0.06
11/13/2025 3:40:59,1.17.2,PR1,20,3.96,nan,6,Left,Left,320,135,49,5,nan,nan,0.11
11/13/2025 3:41:06,1.17.2,PR1,20,3.95,nan,6,Left,Left,321,135,49,5,nan,nan,0.05
11/13/2025 3:41:23,1.17.2,PR1,20,3.95,nan,6,Right,Left,321,136,49,5,nan,nan,0.11
11/13/2025 4:14:26,1.17.2,PR1,20,3.96,nan,1,Left,Left,322,136,49,0,nan,nan,0.12
11/13/2025 4:14:42,1.17.2,PR1,20,3.95,nan,1,LeftWithPellet,Left,323,136,49,1,nan,nan,0.01
11/13/2025 4:14:45,1.17.2,PR1,20,3.95,nan,1,LeftWithPellet,Left,324,136,49,1,nan,nan,0.31
11/13/2025 4:14:46,1.17.2,PR1,20,3.95,nan,1,LeftWithPellet,Left,325,136,49,1,nan,nan,0.14
11/13/2025 4:14:50,1.17.2,PR1,20,3.95,2,1,Pellet,Left,325,136,50,1,20.93,2141,nan
11/13/2025 4:15:03,1.17.2,PR1,20,3.95,nan,2,Left,Left,326,136,50,1,nan,nan,0.15
11/13/2025 4:15:12,1.17.2,PR1,20,3.95,nan,2,Left,Left,327,136,50,1,nan,nan,0.06
11/13/2025 4:15:13,1.17.2,PR1,20,3.95,1,2,Pellet,Left,327,136,51,2,0.65,23,nan
11/13/2025 4:15:27,1.17.2,PR1,20,3.95,nan,3,Left,Left,328,136,51,2,nan,nan,0.02
11/13/2025 4:27:00,1.17.2,PR1,20,3.94,nan,3,Left,Left,329,136,51,2,nan,nan,0.01
11/13/2025 4:27:51,1.17.2,PR1,20,3.95,nan,3,Right,Left,329,137,51,2,nan,nan,0.18
11/13/2025 4:28:28,1.17.2,PR1,20,3.95,nan,3,Left,Left,330,137,51,2,nan,nan,0.16
11/13/2025 4:28:30,1.17.2,PR1,20,3.95,1,3,Pellet,Left,330,137,52,3,0.59,797,nan
11/13/2025 4:28:44,1.17.2,PR1,20,3.95,nan,4,Left,Left,331,137,52,3,nan,nan,0.08
11/13/2025 4:28:46,1.17.2,PR1,20,3.94,nan,4,Left,Left,332,137,52,3,nan,nan,0.17
11/13/2025 4:28:49,1.17.2,PR1,20,3.96,nan,4,Left,Left,333,137,52,3,nan,nan,0.12
11/13/2025 4:28:51,1.17.2,PR1,20,3.95,nan,4,Left,Left,334,137,52,3,nan,nan,0.12
11/13/2025 4:28:52,1.17.2,PR1,20,3.95,1,4,Pellet,Left,334,137,53,4,0.35,22,nan
11/13/2025 4:29:08,1.17.2,PR1,20,3.95,nan,5,Left,Left,335,137,53,4,nan,nan,0.14
11/13/2025 4:29:10,1.17.2,PR1,20,3.95,nan,5,Left,Left,336,137,53,4,nan,nan,0.08
11/13/2025 4:29:13,1.17.2,PR1,20,3.94,nan,5,Right,Left,336,138,53,4,nan,nan,0.18
11/13/2025 4:29:15,1.17.2,PR1,20,3.95,nan,5,Right,Left,336,139,53,4,nan,nan,0.14
11/13/2025 4:29:30,1.17.2,PR1,20,3.94,nan,5,Right,Left,336,140,53,4,nan,nan,0.08
11/13/2025 4:29:33,1.17.2,PR1,20,3.95,nan,5,Left,Left,337,140,53,4,nan,nan,0.03
11/13/2025 4:29:35,1.17.2,PR1,20,3.96,nan,5,Left,Left,338,140,53,4,nan,nan,0.06
11/13/2025 4:42:59,1.17.2,PR1,20,3.95,nan,5,Left,Left,339,140,53,4,nan,nan,0.37
11/13/2025 4:43:01,1.17.2,PR1,20,3.95,1,5,Pellet,Left,339,140,54,5,0.47,848,nan
11/13/2025 4:43:18,1.17.2,PR1,20,3.96,nan,6,Left,Left,340,140,54,5,nan,nan,0.08
11/13/2025 4:43:22,1.17.2,PR1,20,3.95,nan,6,Left,Left,341,140,54,5,nan,nan,0.06
11/13/2025 4:43:24,1.17.2,PR1,20,3.95,nan,6,Left,Left,342,140,54,5,nan,nan,0.08
11/13/2025 4:43:27,1.17.2,PR1,20,3.95,nan,6,Left,Left,343,140,54,5,nan,nan,0.13
11/13/2025 5:07:02,1.17.2,PR1,20,3.95,nan,6,Right,Left,343,141,54,5,nan,nan,0.05
11/13/2025 5:07:03,1.17.2,PR1,20,3.95,nan,6,Right,Left,343,142,54,5,nan,nan,0.07
11/13/2025 5:11:50,1.17.2,PR1,20,3.95,nan,6,Left,Left,344,142,54,5,nan,nan,0.13
11/13/2025 5:11:51,1.17.2,PR1,20,3.95,nan,6,Left,Left,345,142,54,5,nan,nan,0.07
11/13/2025 5:11:54,1.17.2,PR1,20,3.94,1,6,Pellet,Left,345,142,55,6,1.97,1734,nan
11/13/2025 5:12:04,1.17.2,PR1,20,3.95,nan,7,Right,Left,345,143,55,6,nan,nan,0.12
11/13/2025 5:13:38,1.17.2,PR1,20,3.95,nan,7,Left,Left,346,143,55,6,nan,nan,0.04
11/13/2025 5:13:39,1.17.2,PR1,20,3.95,nan,7,Left,Left,347,143,55,6,nan,nan,0.12
11/13/2025 5:16:10,1.17.2,PR1,20,3.94,nan,7,Left,Left,348,143,55,6,nan,nan,0.62
11/13/2025 5:16:11,1.17.2,PR1,20,3.95,nan,7,Left,Left,349,143,55,6,nan,nan,0.31
11/13/2025 5:16:16,1.17.2,PR1,20,3.95,nan,7,Left,Left,350,143,55,6,nan,nan,0.03
11/13/2025 5:21:43,1.17.2,PR1,20,3.95,nan,7,Left,Left,351,143,55,6,nan,nan,0.13
11/13/2025 5:24:32,1.17.2,PR1,20,3.95,nan,7,Left,Left,352,143,55,6,nan,nan,0.03
11/13/2025 5:24:34,1.17.2,PR1,20,3.94,1,7,Pellet,Left,352,143,56,7,0.29,760,nan
11/13/2025 5:24:45,1.17.2,PR1,20,3.95,nan,8,Left,Left,353,143,56,7,nan,nan,0.05
11/13/2025 5:24:50,1.17.2,PR1,20,3.95,nan,8,Right,Left,353,144,56,7,nan,nan,0.12
11/13/2025 5:24:52,1.17.2,PR1,20,3.94,nan,8,Right,Left,353,145,56,7,nan,nan,0.00
11/13/2025 5:24:54,1.17.2,PR1,20,3.95,nan,8,Right,Left,353,146,56,7,nan,nan,0.06
11/13/2025 5:24:55,1.17.2,PR1,20,3.94,nan,8,Right,Left,353,147,56,7,nan,nan,0.07
11/13/2025 5:25:55,1.17.2,PR1,20,3.95,nan,8,Right,Left,353,148,56,7,nan,nan,0.11
11/13/2025 5:33:11,1.17.2,PR1,20,3.95,nan,8,Left,Left,354,148,56,7,nan,nan,0.09
11/13/2025 5:33:39,1.17.2,PR1,20,3.95,nan,8,Left,Left,355,148,56,7,nan,nan,0.06
11/13/2025 5:33:40,1.17.2,PR1,20,3.95,nan,8,Left,Left,356,148,56,7,nan,nan,0.08
11/13/2025 5:33:42,1.17.2,PR1,20,3.95,nan,8,Left,Left,357,148,56,7,nan,nan,0.06
11/13/2025 5:37:32,1.17.2,PR1,20,3.95,nan,8,Right,Left,357,149,56,7,nan,nan,0.23
11/13/2025 5:37:34,1.17.2,PR1,20,3.94,nan,8,Right,Left,357,150,56,7,nan,nan,0.12
11/13/2025 5:38:02,1.17.2,PR1,20,3.95,nan,8,Left,Left,358,150,56,7,nan,nan,0.13
11/13/2025 5:38:04,1.17.2,PR1,20,3.95,nan,8,Left,Left,359,150,56,7,nan,nan,0.06
11/13/2025 5:38:41,1.17.2,PR1,20,3.94,nan,8,Right,Left,359,151,56,7,nan,nan,0.23
11/13/2025 5:39:05,1.17.2,PR1,20,3.95,nan,8,Right,Left,359,152,56,7,nan,nan,0.18
11/13/2025 5:39:07,1.17.2,PR1,20,3.94,nan,8,Left,Left,360,152,56,7,nan,nan,0.07
11/13/2025 5:39:09,1.17.2,PR1,20,3.95,1,8,Pellet,Left,360,152,57,8,0.35,875,nan
11/13/2025 5:39:20,1.17.2,PR1,20,3.95,nan,9,Left,Left,361,152,57,8,nan,nan,0.04
11/13/2025 5:39:22,1.17.2,PR1,20,3.94,nan,9,Left,Left,362,152,57,8,nan,nan,0.16
11/13/2025 5:39:24,1.17.2,PR1,20,3.95,nan,9,Left,Left,363,152,57,8,nan,nan,0.01
11/13/2025 5:39:26,1.17.2,PR1,20,3.95,nan,9,Left,Left,364,152,57,8,nan,nan,0.24
11/13/2025 5:39:29,1.17.2,PR1,20,3.95,nan,9,Left,Left,365,152,57,8,nan,nan,0.06
11/13/2025 5:39:31,1.17.2,PR1,20,3.95,nan,9,Left,Left,366,152,57,8,nan,nan,0.41
11/13/2025 5:39:33,1.17.2,PR1,20,3.95,nan,9,Left,Left,367,152,57,8,nan,nan,0.26
11/13/2025 5:39:35,1.17.2,PR1,20,3.95,nan,9,Left,Left,368,152,57,8,nan,nan,0.09
11/13/2025 5:39:37,1.17.2,PR1,20,3.95,nan,9,Right,Left,368,153,57,8,nan,nan,0.09
11/13/2025 5:39:38,1.17.2,PR1,20,3.95,nan,9,Right,Left,368,154,57,8,nan,nan,0.22
11/13/2025 5:39:40,1.17.2,PR1,20,3.95,nan,9,Right,Left,368,155,57,8,nan,nan,0.16
11/13/2025 5:39:41,1.17.2,PR1,20,3.95,nan,9,Right,Left,368,156,57,8,nan,nan,0.15
11/13/2025 5:39:43,1.17.2,PR1,20,3.95,nan,9,Right,Left,368,157,57,8,nan,nan,0.10
11/13/2025 5:39:46,1.17.2,PR1,20,3.95,nan,9,Right,Left,368,158,57,8,nan,nan,0.13
11/13/2025 5:39:50,1.17.2,PR1,20,3.94,nan,9,Left,Left,369,158,57,8,nan,nan,0.10
11/13/2025 5:39:52,1.17.2,PR1,20,3.95,1,9,Pellet,Left,369,158,58,9,0.35,42,nan
11/13/2025 5:39:59,1.17.2,PR1,20,3.95,nan,10,Left,Left,370,158,58,9,nan,nan,0.06
11/13/2025 5:40:01,1.17.2,PR1,20,3.95,nan,10,Left,Left,371,158,58,9,nan,nan,0.13
11/13/2025 5:40:03,1.17.2,PR1,20,3.95,nan,10,Left,Left,372,158,58,9,nan,nan,0.10
11/13/2025 5:40:05,1.17.2,PR1,20,3.95,nan,10,Left,Left,373,158,58,9,nan,nan,0.06
11/13/2025 5:46:31,1.17.2,PR1,20,3.95,nan,10,Left,Left,374,158,58,9,nan,nan,0.10
11/13/2025 5:46:43,1.17.2,PR1,20,3.95,nan,10,Left,Left,375,158,58,9,nan,nan,0.08
11/13/2025 5:46:45,1.17.2,PR1,20,3.95,nan,10,Left,Left,376,158,58,9,nan,nan,0.10
11/13/2025 5:57:43,1.17.2,PR1,20,3.94,nan,10,Right,Left,376,159,58,9,nan,nan,0.31
11/13/2025 5:57:44,1.17.2,PR1,20,3.95,nan,10,Right,Left,376,160,58,9,nan,nan,0.17
11/13/2025 5:57:47,1.17.2,PR1,20,3.95,nan,10,Right,Left,376,161,58,9,nan,nan,0.07
11/13/2025 5:57:49,1.17.2,PR1,20,3.95,nan,10,Right,Left,376,162,58,9,nan,nan,0.12
11/13/2025 5:58:14,1.17.2,PR1,20,3.95,nan,10,Left,Left,377,162,58,9,nan,nan,0.11
11/13/2025 5:58:15,1.17.2,PR1,20,3.95,nan,10,Left,Left,378,162,58,9,nan,nan,0.06
11/13/2025 6:04:50,1.17.2,PR1,20,3.94,nan,10,Left,Left,379,162,58,9,nan,nan,0.06
11/13/2025 6:04:54,1.17.2,PR1,20,3.94,3,10,Pellet,Left,379,162,59,10,0.41,1503,nan
11/13/2025 6:05:05,1.17.2,PR1,20,3.95,nan,11,Left,Left,380,162,59,10,nan,nan,0.10
11/13/2025 6:05:08,1.17.2,PR1,20,3.95,nan,11,Left,Left,381,162,59,10,nan,nan,0.31
11/13/2025 6:05:10,1.17.2,PR1,20,3.94,nan,11,Left,Left,382,162,59,10,nan,nan,0.11
11/13/2025 6:05:12,1.17.2,PR1,20,3.94,nan,11,Right,Left,382,163,59,10,nan,nan,0.09
11/13/2025 6:08:01,1.17.2,PR1,20,3.95,nan,11,Left,Left,383,163,59,10,nan,nan,0.20
11/13/2025 6:08:04,1.17.2,PR1,20,3.95,nan,11,Left,Left,384,163,59,10,nan,nan,0.02
11/13/2025 6:08:06,1.17.2,PR1,20,3.94,nan,11,Left,Left,385,163,59,10,nan,nan,0.12
11/13/2025 6:15:10,1.17.2,PR1,20,3.95,nan,11,Right,Left,385,164,59,10,nan,nan,0.16
11/13/2025 6:19:36,1.17.2,PR1,20,3.94,nan,11,Right,Left,385,165,59,10,nan,nan,0.27
11/13/2025 8:15:47,1.17.2,PR1,20,3.94,nan,1,Right,Left,385,166,59,0,nan,nan,0.31
11/13/2025 8:15:49,1.17.2,PR1,20,3.94,nan,1,Right,Left,385,167,59,0,nan,nan,0.10
11/13/2025 8:19:26,1.17.2,PR1,20,3.94,nan,1,Right,Left,385,168,59,0,nan,nan,0.04
11/13/2025 8:27:27,1.17.2,PR1,20,3.94,nan,1,Left,Left,386,168,59,0,nan,nan,0.16
11/13/2025 8:27:28,1.17.2,PR1,20,3.94,1,1,Pellet,Left,386,168,60,1,0.77,8554,nan
11/13/2025 8:27:43,1.17.2,PR1,20,3.94,nan,2,Left,Left,387,168,60,1,nan,nan,0.10
11/13/2025 8:27:46,1.17.2,PR1,20,3.94,nan,2,Left,Left,388,168,60,1,nan,nan,0.02
11/13/2025 8:27:47,1.17.2,PR1,20,3.94,1,2,Pellet,Left,388,168,61,2,0.53,19,nan
11/13/2025 8:27:54,1.17.2,PR1,20,3.94,nan,3,Left,Left,389,168,61,2,nan,nan,0.13
11/13/2025 8:27:55,1.17.2,PR1,20,3.94,nan,3,Left,Left,390,168,61,2,nan,nan,0.00
11/13/2025 8:28:18,1.17.2,PR1,20,3.94,nan,3,Left,Left,391,168,61,2,nan,nan,0.31
11/13/2025 8:28:19,1.17.2,PR1,20,3.94,1,3,Pellet,Left,391,168,62,3,0.35,32,nan
11/13/2025 8:28:31,1.17.2,PR1,20,3.94,nan,4,Left,Left,392,168,62,3,nan,nan,0.03
11/13/2025 8:28:33,1.17.2,PR1,20,3.94,nan,4,Left,Left,393,168,62,3,nan,nan,1.11
11/13/2025 9:56:35,1.17.2,PR1,20,3.94,nan,1,Right,Left,393,169,62,0,nan,nan,0.42
11/13/2025 9:56:37,1.17.2,PR1,20,3.94,nan,1,Right,Left,393,170,62,0,nan,nan,0.42
11/13/2025 9:56:41,1.17.2,PR1,20,3.94,nan,1,Right,Left,393,171,62,0,nan,nan,0.03
11/13/2025 9:59:02,1.17.2,PR1,20,3.94,nan,1,Right,Left,393,172,62,0,nan,nan,0.08
11/13/2025 10:01:48,1.17.2,PR1,20,3.94,nan,1,Right,Left,393,173,62,0,nan,nan,0.40
11/13/2025 10:01:50,1.17.2,PR1,20,3.94,nan,1,Right,Left,393,174,62,0,nan,nan,0.37
11/13/2025 10:01:53,1.17.2,PR1,20,3.94,nan,1,Right,Left,393,175,62,0,nan,nan,0.04
11/13/2025 10:01:54,1.17.2,PR1,20,3.94,nan,1,Right,Left,393,176,62,0,nan,nan,0.00
11/13/2025 10:01:59,1.17.2,PR1,20,3.94,nan,1,Left,Left,394,176,62,0,nan,nan,0.01
11/13/2025 10:02:00,1.17.2,PR1,20,3.94,nan,1,LeftDuringDispense,Left,395,176,62,1,nan,nan,0.06
11/13/2025 10:02:03,1.17.2,PR1,20,3.94,3,1,Pellet,Left,395,176,63,1,0.17,5624,nan
11/13/2025 10:02:16,1.17.2,PR1,20,3.94,nan,2,Left,Left,396,176,63,1,nan,nan,0.30
11/13/2025 10:02:18,1.17.2,PR1,20,3.94,nan,2,Left,Left,397,176,63,1,nan,nan,0.08
11/13/2025 10:02:20,1.17.2,PR1,20,3.94,1,2,Pellet,Left,397,176,64,2,0.71,16,nan
11/13/2025 10:02:30,1.17.2,PR1,20,3.94,nan,3,Left,Left,398,176,64,2,nan,nan,0.11
11/13/2025 10:02:34,1.17.2,PR1,20,3.94,nan,3,Right,Left,398,177,64,2,nan,nan,0.06
11/13/2025 10:02:36,1.17.2,PR1,20,3.93,nan,3,Right,Left,398,178,64,2,nan,nan,0.02
11/13/2025 10:11:32,1.17.2,PR1,20,3.94,nan,3,Right,Left,398,179,64,2,nan,nan,0.13
11/13/2025 13:12:35,1.17.2,PR1,20,3.93,nan,1,Right,Left,398,180,64,0,nan,nan,0.18
11/13/2025 13:12:40,1.17.2,PR1,20,3.93,nan,1,Left,Left,399,180,64,0,nan,nan,0.08
11/13/2025 13:12:43,1.17.2,PR1,20,3.93,2,1,Pellet,Left,399,180,65,1,0.06,11424,nan
11/13/2025 13:13:00,1.17.2,PR1,20,3.94,nan,2,Right,Left,399,181,65,1,nan,nan,0.04
11/13/2025 13:13:51,1.17.2,PR1,20,3.93,nan,2,Right,Left,399,182,65,1,nan,nan,0.20
11/13/2025 16:55:55,1.17.2,PR1,20,3.93,nan,1,Right,Left,399,183,65,0,nan,nan,0.12
11/13/2025 16:55:57,1.17.2,PR1,20,3.93,nan,1,Right,Left,399,184,65,0,nan,nan,0.50
11/13/2025 16:56:00,1.17.2,PR1,20,3.93,nan,1,Left,Left,400,184,65,0,nan,nan,0.31
11/13/2025 16:56:01,1.17.2,PR1,20,3.93,1,1,Pellet,Left,400,184,66,1,0.53,13398,nan
11/13/2025 16:56:14,1.17.2,PR1,20,3.93,nan,2,Right,Left,400,185,66,1,nan,nan,0.01
11/13/2025 16:56:17,1.17.2,PR1,20,3.93,nan,2,Right,Left,400,186,66,1,nan,nan,0.01
11/13/2025 16:56:21,1.17.2,PR1,20,3.93,nan,2,Left,Left,401,186,66,1,nan,nan,0.23
11/13/2025 16:56:23,1.17.2,PR1,20,3.93,nan,2,Left,Left,402,186,66,1,nan,nan,0.17
11/13/2025 16:56:24,1.17.2,PR1,20,3.93,nan,2,LeftDuringDispense,Left,403,186,66,2,nan,nan,0.03
11/13/2025 16:56:24,1.17.2,PR1,20,3.93,nan,2,LeftDuringDispense,Left,404,186,66,2,nan,nan,0.03
11/13/2025 16:56:28,1.17.2,PR1,20,3.93,3,2,Pellet,Left,404,186,67,2,0.17,26,nan
11/13/2025 16:56:36,1.17.2,PR1,20,3.93,nan,3,Right,Left,404,187,67,2,nan,nan,0.08
11/13/2025 16:56:37,1.17.2,PR1,20,3.93,nan,3,Right,Left,404,188,67,2,nan,nan,0.00
11/13/2025 16:56:40,1.17.2,PR1,20,3.93,nan,3,Left,Left,405,188,67,2,nan,nan,0.36
11/13/2025 16:56:43,1.17.2,PR1,20,3.93,nan,3,Left,Left,406,188,67,2,nan,nan,0.38
11/13/2025 16:56:45,1.17.2,PR1,20,3.93,nan,3,Left,Left,407,188,67,2,nan,nan,0.71
11/13/2025 16:56:47,1.17.2,PR1,20,3.93,1,3,Pellet,Left,407,188,68,3,0.59,20,nan
11/13/2025 16:57:08,1.17.2,PR1,20,3.93,nan,4,Left,Left,408,188,68,3,nan,nan,0.30
11/13/2025 16:57:14,1.17.2,PR1,20,3.93,nan,4,Left,Left,409,188,68,3,nan,nan,0.40
11/13/2025 17:09:09,1.17.2,PR1,20,3.93,nan,4,Right,Left,409,189,68,3,nan,nan,0.12
11/13/2025 17:09:11,1.17.2,PR1,20,3.93,nan,4,Left,Left,410,189,68,3,nan,nan,0.05
11/13/2025 17:15:57,1.17.2,PR1,20,3.93,nan,4,Left,Left,411,189,68,3,nan,nan,0.25
11/13/2025 17:15:59,1.17.2,PR1,20,3.93,1,4,Pellet,Left,411,189,69,4,0.35,1152,nan
11/13/2025 17:16:14,1.17.2,PR1,20,3.93,nan,5,Left,Left,412,189,69,4,nan,nan,0.18
11/13/2025 17:16:16,1.17.2,PR1,20,3.93,nan,5,Left,Left,413,189,69,4,nan,nan,0.47
11/13/2025 17:16:18,1.17.2,PR1,20,3.93,nan,5,Left,Left,414,189,69,4,nan,nan,0.18
11/13/2025 17:16:22,1.17.2,PR1,20,3.93,nan,5,Left,Left,415,189,69,4,nan,nan,0.08
11/13/2025 18:09:11,1.17.2,PR1,20,3.93,nan,1,Left,Left,416,189,69,0,nan,nan,0.38
11/13/2025 18:09:12,1.17.2,PR1,20,3.93,1,1,Pellet,Left,416,189,70,1,0.47,3193,nan
11/13/2025 18:09:30,1.17.2,PR1,20,3.93,nan,2,Left,Left,417,189,70,1,nan,nan,0.11
11/13/2025 18:09:32,1.17.2,PR1,20,3.93,nan,2,Left,Left,418,189,70,1,nan,nan,0.11
11/13/2025 18:09:33,1.17.2,PR1,20,3.93,1,2,Pellet,Left,418,189,71,2,0.35,21,nan
11/13/2025 18:09:41,1.17.2,PR1,20,3.93,nan,3,Left,Left,419,189,71,2,nan,nan,0.10
11/13/2025 18:09:43,1.17.2,PR1,20,3.92,nan,3,Left,Left,420,189,71,2,nan,nan,0.07
11/13/2025 18:09:44,1.17.2,PR1,20,3.93,nan,3,Left,Left,421,189,71,2,nan,nan,0.22
11/13/2025 18:09:45,1.17.2,PR1,20,3.93,2,3,Pellet,Left,421,189,72,3,0.23,12,nan
11/13/2025 18:09:54,1.17.2,PR1,20,3.92,nan,4,Left,Left,422,189,72,3,nan,nan,0.22
11/13/2025 18:09:56,1.17.2,PR1,20,3.93,nan,4,Left,Left,423,189,72,3,nan,nan,0.84
11/13/2025 18:10:00,1.17.2,PR1,20,3.93,nan,4,Left,Left,424,189,72,3,nan,nan,0.16
11/13/2025 18:10:03,1.17.2,PR1,20,3.92,nan,4,Left,Left,425,189,72,3,nan,nan,0.67
11/13/2025 18:10:08,1.17.2,PR1,20,3.93,2,4,Pellet,Left,425,189,73,4,1.31,22,nan
11/13/2025 18:10:16,1.17.2,PR1,20,3.93,nan,5,Left,Left,426,189,73,4,nan,nan,0.11
11/13/2025 18:10:21,1.17.2,PR1,20,3.93,nan,5,Left,Left,427,189,73,4,nan,nan,0.14
11/13/2025 18:10:23,1.17.2,PR1,20,3.93,nan,5,Left,Left,428,189,73,4,nan,nan,0.08
11/13/2025 18:15:13,1.17.2,PR1,20,3.92,nan,5,Left,Left,429,189,73,4,nan,nan,0.05
11/13/2025 18:15:23,1.17.2,PR1,20,3.93,nan,5,Left,Left,430,189,73,4,nan,nan,0.40
11/13/2025 18:15:24,1.17.2,PR1,20,3.93,1,5,Pellet,Left,430,189,74,5,0.23,317,nan
11/13/2025 18:15:31,1.17.2,PR1,20,3.93,nan,6,Left,Left,431,189,74,5,nan,nan,0.06
11/13/2025 18:15:34,1.17.2,PR1,20,3.93,nan,6,Left,Left,432,189,74,5,nan,nan,0.14
11/13/2025 18:15:39,1.17.2,PR1,20,3.92,nan,6,Left,Left,433,189,74,5,nan,nan,0.57
11/13/2025 18:15:40,1.17.2,PR1,20,3.93,nan,6,Left,Left,434,189,74,5,nan,nan,0.49
11/13/2025 18:15:46,1.17.2,PR1,20,3.93,nan,6,Left,Left,435,189,74,5,nan,nan,0.66
11/13/2025 18:15:51,1.17.2,PR1,20,3.93,nan,6,Right,Left,435,190,74,5,nan,nan,0.30
11/13/2025 18:15:53,1.17.2,PR1,20,3.92,nan,6,Right,Left,435,191,74,5,nan,nan,0.16
11/13/2025 18:15:56,1.17.2,PR1,20,3.93,nan,6,Left,Left,436,191,74,5,nan,nan,0.15
11/13/2025 18:15:59,1.17.2,PR1,20,3.92,1,6,Pellet,Left,436,191,75,6,2.27,35,nan
11/13/2025 18:16:05,1.17.2,PR1,20,3.92,nan,7,Left,Left,437,191,75,6,nan,nan,0.03
11/13/2025 18:16:53,1.17.2,PR1,20,3.92,nan,7,Right,Left,437,192,75,6,nan,nan,0.17
11/13/2025 18:16:55,1.17.2,PR1,20,3.92,nan,7,Left,Left,438,192,75,6,nan,nan,0.26
11/13/2025 18:16:57,1.17.2,PR1,20,3.92,nan,7,Right,Left,438,193,75,6,nan,nan,0.09
11/13/2025 18:16:59,1.17.2,PR1,20,3.92,nan,7,Right,Left,438,194,75,6,nan,nan,0.07
11/13/2025 18:17:34,1.17.2,PR1,20,3.92,nan,7,Left,Left,439,194,75,6,nan,nan,0.13
11/13/2025 18:17:36,1.17.2,PR1,20,3.92,nan,7,Left,Left,440,194,75,6,nan,nan,0.13
11/13/2025 18:17:37,1.17.2,PR1,20,3.92,nan,7,Left,Left,441,194,75,6,nan,nan,0.08
11/13/2025 18:17:39,1.17.2,PR1,20,3.93,nan,7,Left,Left,442,194,75,6,nan,nan,0.00
11/13/2025 18:17:53,1.17.2,PR1,20,3.92,nan,7,Left,Left,443,194,75,6,nan,nan,0.38
11/13/2025 18:17:54,1.17.2,PR1,20,3.93,1,7,Pellet,Left,443,194,76,7,0.11,114,nan
11/13/2025 18:18:07,1.17.2,PR1,20,3.93,nan,8,Left,Left,444,194,76,7,nan,nan,0.08
11/13/2025 18:18:10,1.17.2,PR1,20,3.92,nan,8,Left,Left,445,194,76,7,nan,nan,0.35
11/13/2025 18:18:53,1.17.2,PR1,20,3.93,nan,8,Right,Left,445,195,76,7,nan,nan,0.06
11/13/2025 18:25:28,1.17.2,PR1,20,3.93,nan,8,Left,Left,446,195,76,7,nan,nan,0.72
11/13/2025 18:25:32,1.17.2,PR1,20,3.93,nan,8,Left,Left,447,195,76,7,nan,nan,0.59
11/13/2025 18:25:36,1.17.2,PR1,20,3.92,nan,8,Left,Left,448,195,76,7,nan,nan,0.28
11/13/2025 18:26:27,1.17.2,PR1,20,3.93,nan,8,Right,Left,448,196,76,7,nan,nan,0.03
11/13/2025 18:27:33,1.17.2,PR1,20,3.93,nan,8,Right,Left,448,197,76,7,nan,nan,0.00
11/13/2025 18:27:34,1.17.2,PR1,20,3.93,nan,8,Right,Left,448,198,76,7,nan,nan,0.23
11/13/2025 18:27:36,1.17.2,PR1,20,3.93,nan,8,Right,Left,448,199,76,7,nan,nan,0.21
11/13/2025 18:27:38,1.17.2,PR1,20,3.93,nan,8,Left,Left,449,199,76,7,nan,nan,0.16
11/13/2025 18:30:52,1.17.2,PR1,20,3.92,nan,8,Right,Left,449,200,76,7,nan,nan,0.12
11/13/2025 18:31:17,1.17.2,PR1,20,3.93,nan,8,Right,Left,449,201,76,7,nan,nan,0.08
11/13/2025 18:31:52,1.17.2,PR1,20,3.93,nan,8,Right,Left,449,202,76,7,nan,nan,0.29
11/13/2025 18:31:53,1.17.2,PR1,20,3.92,nan,8,Right,Left,449,203,76,7,nan,nan,0.25
11/13/2025 18:32:04,1.17.2,PR1,20,3.93,nan,8,Left,Left,450,203,76,7,nan,nan,0.10
11/13/2025 18:32:05,1.17.2,PR1,20,3.92,nan,8,Left,Left,451,203,76,7,nan,nan,0.09
11/13/2025 18:32:07,1.17.2,PR1,20,3.93,1,8,Pellet,Left,451,203,77,8,0.17,853,nan
11/13/2025 18:32:16,1.17.2,PR1,20,3.92,nan,9,Left,Left,452,203,77,8,nan,nan,0.07
11/13/2025 18:32:18,1.17.2,PR1,20,3.93,nan,9,Left,Left,453,203,77,8,nan,nan,0.55
11/13/2025 18:32:20,1.17.2,PR1,20,3.93,nan,9,Left,Left,454,203,77,8,nan,nan,0.09
11/13/2025 18:32:30,1.17.2,PR1,20,3.93,nan,9,Right,Left,454,204,77,8,nan,nan,0.09
11/13/2025 18:32:35,1.17.2,PR1,20,3.93,nan,9,Left,Left,455,204,77,8,nan,nan,0.05
11/13/2025 18:32:36,1.17.2,PR1,20,3.92,nan,9,Left,Left,456,204,77,8,nan,nan,0.07
11/13/2025 18:32:43,1.17.2,PR1,20,3.93,nan,9,Right,Left,456,205,77,8,nan,nan,0.09
11/13/2025 18:32:44,1.17.2,PR1,20,3.93,nan,9,Right,Left,456,206,77,8,nan,nan,0.10
11/13/2025 18:33:18,1.17.2,PR1,20,3.92,nan,9,Left,Left,457,206,77,8,nan,nan,0.18
11/13/2025 18:33:19,1.17.2,PR1,20,3.93,nan,9,Left,Left,458,206,77,8,nan,nan,0.03
11/13/2025 18:33:21,1.17.2,PR1,20,3.92,nan,9,Left,Left,459,206,77,8,nan,nan,0.25
11/13/2025 18:33:24,1.17.2,PR1,20,3.93,nan,9,Left,Left,460,206,77,8,nan,nan,0.07
11/13/2025 18:33:25,1.17.2,PR1,20,3.92,1,9,Pellet,Left,460,206,78,9,0.23,79,nan
11/13/2025 18:33:35,1.17.2,PR1,20,3.93,nan,10,Left,Left,461,206,78,9,nan,nan,0.01
11/13/2025 18:35:29,1.17.2,PR1,20,3.92,nan,10,Left,Left,462,206,78,9,nan,nan,0.05
11/13/2025 18:35:34,1.17.2,PR1,20,3.92,nan,10,Left,Left,463,206,78,9,nan,nan,0.21
11/13/2025 18:35:38,1.17.2,PR1,20,3.92,nan,10,Left,Left,464,206,78,9,nan,nan,0.42
11/13/2025 18:35:45,1.17.2,PR1,20,3.92,nan,10,Left,Left,465,206,78,9,nan,nan,0.39
11/13/2025 18:35:46,1.17.2,PR1,20,3.92,nan,10,Left,Left,466,206,78,9,nan,nan,0.00
11/13/2025 18:35:56,1.17.2,PR1,20,3.93,nan,10,Left,Left,467,206,78,9,nan,nan,0.48
11/13/2025 18:45:14,1.17.2,PR1,20,3.92,nan,10,Right,Left,467,207,78,9,nan,nan,0.08
11/13/2025 18:45:15,1.17.2,PR1,20,3.93,nan,10,Right,Left,467,208,78,9,nan,nan,0.14
11/13/2025 18:45:20,1.17.2,PR1,20,3.91,nan,10,Left,Left,468,208,78,9,nan,nan,0.41
11/13/2025 18:45:21,1.17.2,PR1,20,3.92,nan,10,Left,Left,469,208,78,9,nan,nan,0.25
11/13/2025 18:45:24,1.17.2,PR1,20,3.93,nan,10,Left,Left,470,208,78,9,nan,nan,0.33
11/13/2025 18:45:27,1.17.2,PR1,20,3.92,2,10,Pellet,Left,470,208,79,10,0.06,722,nan
11/13/2025 18:45:34,1.17.2,PR1,20,3.93,nan,11,Right,Left,470,209,79,10,nan,nan,0.06
11/13/2025 18:45:36,1.17.2,PR1,20,3.93,nan,11,Left,Left,471,209,79,10,nan,nan,0.12
11/13/2025 18:47:45,1.17.2,PR1,20,3.92,nan,11,Right,Left,471,210,79,10,nan,nan,0.04
11/13/2025 18:53:36,1.17.2,PR1,20,3.93,nan,11,Right,Left,471,211,79,10,nan,nan,0.11
11/13/2025 18:53:37,1.17.2,PR1,20,3.92,nan,11,Right,Left,471,212,79,10,nan,nan,0.16
11/13/2025 18:53:39,1.17.2,PR1,20,3.92,nan,11,Right,Left,471,213,79,10,nan,nan,0.21
11/13/2025 18:53:40,1.17.2,PR1,20,3.93,nan,11,Right,Left,471,214,79,10,nan,nan,0.20
11/13/2025 18:54:52,1.17.2,PR1,20,3.92,nan,11,Left,Left,472,214,79,10,nan,nan,0.12
11/13/2025 18:54:53,1.17.2,PR1,20,3.92,nan,11,Left,Left,473,214,79,10,nan,nan,0.13
11/13/2025 18:54:55,1.17.2,PR1,20,3.92,nan,11,Left,Left,474,214,79,10,nan,nan,0.58
11/13/2025 18:54:58,1.17.2,PR1,20,3.92,nan,11,Left,Left,475,214,79,10,nan,nan,0.15
11/13/2025 18:54:59,1.17.2,PR1,20,3.92,nan,11,Left,Left,476,214,79,10,nan,nan,0.13
11/13/2025 18:59:42,1.17.2,PR1,20,3.92,nan,11,Right,Left,476,215,79,10,nan,nan,0.00
11/13/2025 18:59:43,1.17.2,PR1,20,3.92,nan,11,Right,Left,476,216,79,10,nan,nan,0.04
11/13/2025 19:00:34,1.17.2,PR1,20,3.92,nan,11,Right,Left,476,217,79,10,nan,nan,0.07
11/13/2025 19:00:36,1.17.2,PR1,20,3.92,nan,11,Left,Left,477,217,79,10,nan,nan,0.05
11/13/2025 19:00:37,1.17.2,PR1,20,3.92,nan,11,Left,Left,478,217,79,10,nan,nan,0.24
11/13/2025 19:05:34,1.17.2,PR1,20,3.93,nan,11,Right,Left,478,218,79,10,nan,nan,0.18
11/13/2025 19:05:35,1.17.2,PR1,20,3.92,nan,11,Right,Left,478,219,79,10,nan,nan,0.01
11/13/2025 19:05:38,1.17.2,PR1,20,3.92,nan,11,Right,Left,478,220,79,10,nan,nan,0.20
11/13/2025 19:05:39,1.17.2,PR1,20,3.92,nan,11,Right,Left,478,221,79,10,nan,nan,0.15
11/13/2025 19:05:43,1.17.2,PR1,20,3.92,nan,11,Left,Left,479,221,79,10,nan,nan,0.05
11/13/2025 19:05:47,1.17.2,PR1,20,3.93,nan,11,Left,Left,480,221,79,10,nan,nan,0.36
11/13/2025 19:05:48,1.17.2,PR1,20,3.92,nan,11,Left,Left,481,221,79,10,nan,nan,0.17
11/13/2025 19:05:50,1.17.2,PR1,20,3.93,1,11,Pellet,Left,481,221,80,11,0.41,1222,nan
11/13/2025 19:06:05,1.17.2,PR1,20,3.92,nan,12,Left,Left,482,221,80,11,nan,nan,0.02
11/13/2025 19:06:06,1.17.2,PR1,20,3.92,nan,12,Left,Left,483,221,80,11,nan,nan,0.45
11/13/2025 19:06:14,1.17.2,PR1,20,3.92,nan,12,Right,Left,483,222,80,11,nan,nan,0.31
11/13/2025 19:06:39,1.17.2,PR1,20,3.92,nan,12,Right,Left,483,223,80,11,nan,nan,0.18
11/13/2025 19:06:40,1.17.2,PR1,20,3.93,nan,12,Right,Left,483,224,80,11,nan,nan,0.00
11/13/2025 19:06:42,1.17.2,PR1,20,3.92,nan,12,Right,Left,483,225,80,11,nan,nan,0.47
11/13/2025 19:06:44,1.17.2,PR1,20,3.92,nan,12,Right,Left,483,226,80,11,nan,nan,0.14
11/13/2025 19:06:47,1.17.2,PR1,20,3.92,nan,12,Right,Left,483,227,80,11,nan,nan,0.14
11/13/2025 19:06:49,1.17.2,PR1,20,3.92,nan,12,Right,Left,483,228,80,11,nan,nan,0.22
11/13/2025 19:06:54,1.17.2,PR1,20,3.93,nan,12,Left,Left,484,228,80,11,nan,nan,0.08
11/13/2025 19:13:14,1.17.2,PR1,20,3.92,nan,12,Left,Left,485,228,80,11,nan,nan,0.12
11/13/2025 19:13:16,1.17.2,PR1,20,3.92,nan,12,Left,Left,486,228,80,11,nan,nan,0.06
11/13/2025 19:13:18,1.17.2,PR1,20,3.92,nan,12,Left,Left,487,228,80,11,nan,nan,0.16
11/13/2025 19:13:20,1.17.2,PR1,20,3.92,nan,12,Left,Left,488,228,80,11,nan,nan,0.08
11/13/2025 19:13:21,1.17.2,PR1,20,3.92,nan,12,Left,Left,489,228,80,11,nan,nan,0.07
11/13/2025 19:15:41,1.17.2,PR1,20,3.93,nan,12,Left,Left,490,228,80,11,nan,nan,0.15
11/13/2025 19:15:45,1.17.2,PR1,20,3.92,nan,12,Left,Left,491,228,80,11,nan,nan,0.17
11/13/2025 19:15:47,1.17.2,PR1,20,3.92,nan,12,Left,Left,492,228,80,11,nan,nan,0.63
11/13/2025 19:15:48,1.17.2,PR1,20,3.92,nan,12,Left,Left,493,228,80,11,nan,nan,0.12
11/13/2025 19:15:49,1.17.2,PR1,20,3.92,1,12,Pellet,Left,493,228,81,12,0.17,600,nan
11/13/2025 19:15:58,1.17.2,PR1,20,3.92,nan,13,Left,Left,494,228,81,12,nan,nan,0.13
11/13/2025 19:15:59,1.17.2,PR1,20,3.92,nan,13,Left,Left,495,228,81,12,nan,nan,0.00
11/13/2025 19:16:01,1.17.2,PR1,20,3.92,nan,13,Left,Left,496,228,81,12,nan,nan,0.11
11/13/2025 19:16:04,1.17.2,PR1,20,3.93,nan,13,Left,Left,497,228,81,12,nan,nan,0.07
11/13/2025 19:17:15,1.17.2,PR1,20,3.93,nan,13,Right,Left,497,229,81,12,nan,nan,0.25
11/13/2025 19:17:22,1.17.2,PR1,20,3.92,nan,13,Right,Left,497,230,81,12,nan,nan,0.16
11/13/2025 19:17:26,1.17.2,PR1,20,3.92,nan,13,Left,Left,498,230,81,12,nan,nan,0.04
11/13/2025 19:17:57,1.17.2,PR1,20,3.92,nan,13,Right,Left,498,231,81,12,nan,nan,0.12
11/13/2025 19:17:58,1.17.2,PR1,20,3.92,nan,13,Right,Left,498,232,81,12,nan,nan,0.00
11/13/2025 19:18:00,1.17.2,PR1,20,3.92,nan,13,Right,Left,498,233,81,12,nan,nan,0.20
11/13/2025 19:20:15,1.17.2,PR1,20,3.93,nan,13,Left,Left,499,233,81,12,nan,nan,0.05
11/13/2025 19:20:19,1.17.2,PR1,20,3.92,nan,13,Left,Left,500,233,81,12,nan,nan,0.27
11/13/2025 19:20:21,1.17.2,PR1,20,3.92,nan,13,Left,Left,501,233,81,12,nan,nan,0.22
11/13/2025 19:23:03,1.17.2,PR1,20,3.92,nan,13,Left,Left,502,233,81,12,nan,nan,0.03
11/13/2025 19:23:06,1.17.2,PR1,20,3.92,nan,13,Left,Left,503,233,81,12,nan,nan,0.43
11/13/2025 19:23:07,1.17.2,PR1,20,3.92,nan,13,Left,Left,504,233,81,12,nan,nan,0.09
11/13/2025 19:23:09,1.17.2,PR1,20,3.92,nan,13,Left,Left,505,233,81,12,nan,nan,0.07
11/13/2025 19:23:21,1.17.2,PR1,20,3.92,nan,13,Left,Left,506,233,81,12,nan,nan,0.06
11/13/2025 19:23:22,1.17.2,PR1,20,3.92,1,13,Pellet,Left,506,233,82,13,0.17,452,nan
11/13/2025 19:23:42,1.17.2,PR1,20,3.92,nan,14,Left,Left,507,233,82,13,nan,nan,0.04
11/13/2025 19:23:48,1.17.2,PR1,20,3.92,nan,14,Left,Left,508,233,82,13,nan,nan,0.14
11/13/2025 19:23:49,1.17.2,PR1,20,3.93,nan,14,Left,Left,509,233,82,13,nan,nan,0.15
11/13/2025 19:26:27,1.17.2,PR1,20,3.92,nan,14,Left,Left,510,233,82,13,nan,nan,0.04
11/13/2025 19:26:31,1.17.2,PR1,20,3.93,nan,14,Left,Left,511,233,82,13,nan,nan,0.08
11/13/2025 19:26:33,1.17.2,PR1,20,3.92,nan,14,Left,Left,512,233,82,13,nan,nan,0.14
11/13/2025 19:26:33,1.17.2,PR1,20,3.92,nan,14,Left,Left,513,233,82,13,nan,nan,0.00
11/13/2025 19:26:35,1.17.2,PR1,20,3.92,nan,14,Left,Left,514,233,82,13,nan,nan,0.06
11/13/2025 19:26:53,1.17.2,PR1,20,3.92,nan,14,Left,Left,515,233,82,13,nan,nan,0.09
11/13/2025 19:26:55,1.17.2,PR1,20,3.92,nan,14,Left,Left,516,233,82,13,nan,nan,0.23
11/13/2025 19:26:57,1.17.2,PR1,20,3.92,nan,14,Left,Left,517,233,82,13,nan,nan,0.07
11/13/2025 19:26:59,1.17.2,PR1,20,3.92,nan,14,Left,Left,518,233,82,13,nan,nan,0.13
11/13/2025 19:28:41,1.17.2,PR1,20,3.93,nan,14,Right,Left,518,234,82,13,nan,nan,0.22
11/13/2025 19:28:42,1.17.2,PR1,20,3.92,nan,14,Right,Left,518,235,82,13,nan,nan,0.13
11/13/2025 19:28:43,1.17.2,PR1,20,3.92,nan,14,Right,Left,518,236,82,13,nan,nan,0.13
11/13/2025 19:28:49,1.17.2,PR1,20,3.92,nan,14,Left,Left,519,236,82,13,nan,nan,0.13
11/13/2025 19:28:50,1.17.2,PR1,20,3.92,nan,14,Left,Left,520,236,82,13,nan,nan,0.23
11/13/2025 19:28:52,1.17.2,PR1,20,3.92,1,14,Pellet,Left,520,236,83,14,0.35,330,nan
11/13/2025 19:29:30,1.17.2,PR1,20,3.92,nan,15,Left,Left,521,236,83,14,nan,nan,0.08
11/13/2025 19:29:32,1.17.2,PR1,20,3.93,nan,15,Left,Left,522,236,83,14,nan,nan,0.08
11/13/2025 19:32:52,1.17.2,PR1,20,3.92,nan,15,Right,Left,522,237,83,14,nan,nan,0.27
11/13/2025 19:32:54,1.17.2,PR1,20,3.92,nan,15,Right,Left,522,238,83,14,nan,nan,0.16
11/13/2025 19:32:55,1.17.2,PR1,20,3.92,nan,15,Right,Left,522,239,83,14,nan,nan,0.51
11/13/2025 19:33:00,1.17.2,PR1,20,3.92,nan,15,Right,Left,522,240,83,14,nan,nan,0.54
11/13/2025 19:33:02,1.17.2,PR1,20,3.92,nan,15,Right,Left,522,241,83,14,nan,nan,0.23
11/13/2025 19:33:06,1.17.2,PR1,20,3.91,nan,15,Left,Left,523,241,83,14,nan,nan,0.05
11/13/2025 19:33:09,1.17.2,PR1,20,3.92,nan,15,Left,Left,524,241,83,14,nan,nan,0.31
11/13/2025 19:33:11,1.17.2,PR1,20,3.92,nan,15,Left,Left,525,241,83,14,nan,nan,0.06
11/13/2025 19:33:13,1.17.2,PR1,20,3.92,nan,15,Left,Left,526,241,83,14,nan,nan,0.12
11/13/2025 19:33:15,1.17.2,PR1,20,3.93,nan,15,Left,Left,527,241,83,14,nan,nan,0.13
11/13/2025 19:33:20,1.17.2,PR1,20,3.92,nan,15,Left,Left,528,241,83,14,nan,nan,0.50
11/13/2025 19:33:21,1.17.2,PR1,20,3.93,nan,15,Left,Left,529,241,83,14,nan,nan,0.37
11/13/2025 19:34:34,1.17.2,PR1,20,3.92,nan,15,Left,Left,530,241,83,14,nan,nan,0.11
11/13/2025 19:34:35,1.17.2,PR1,20,3.92,nan,15,Left,Left,531,241,83,14,nan,nan,0.15
11/13/2025 19:34:37,1.17.2,PR1,20,3.92,nan,15,Left,Left,532,241,83,14,nan,nan,0.21
11/13/2025 19:34:52,1.17.2,PR1,20,3.92,nan,15,Left,Left,533,241,83,14,nan,nan,0.05
11/13/2025 19:42:57,1.17.2,PR1,20,3.93,nan,15,Left,Left,534,241,83,14,nan,nan,0.17
11/13/2025 19:42:59,1.17.2,PR1,20,3.92,nan,15,Left,Left,535,241,83,14,nan,nan,0.27
11/13/2025 19:43:00,1.17.2,PR1,20,3.92,1,15,Pellet,Left,535,241,84,15,0.23,849,nan
11/13/2025 19:43:12,1.17.2,PR1,20,3.92,nan,16,Left,Left,536,241,84,15,nan,nan,0.37
11/13/2025 19:43:18,1.17.2,PR1,20,3.92,nan,16,Left,Left,537,241,84,15,nan,nan,0.07
11/13/2025 19:43:20,1.17.2,PR1,20,3.92,nan,16,Left,Left,538,241,84,15,nan,nan,0.06
11/13/2025 19:43:21,1.17.2,PR1,20,3.92,nan,16,Left,Left,539,241,84,15,nan,nan,0.07
11/13/2025 19:43:23,1.17.2,PR1,20,3.92,nan,16,Left,Left,540,241,84,15,nan,nan,0.08
11/13/2025 19:44:37,1.17.2,PR1,20,3.92,nan,16,Right,Left,540,242,84,15,nan,nan,0.10
11/13/2025 19:44:42,1.17.2,PR1,20,3.92,nan,16,Left,Left,541,242,84,15,nan,nan,0.04
11/13/2025 19:44:43,1.17.2,PR1,20,3.92,nan,16,Left,Left,542,242,84,15,nan,nan,0.06
11/13/2025 19:45:06,1.17.2,PR1,20,3.92,nan,16,Left,Left,543,242,84,15,nan,nan,0.05
11/13/2025 19:45:08,1.17.2,PR1,20,3.93,nan,16,Left,Left,544,242,84,15,nan,nan,0.18
11/13/2025 19:45:24,1.17.2,PR1,20,3.91,nan,16,Left,Left,545,242,84,15,nan,nan,0.08
11/13/2025 19:48:18,1.17.2,PR1,20,3.92,nan,16,Right,Left,545,243,84,15,nan,nan,0.19
11/13/2025 19:48:20,1.17.2,PR1,20,3.92,nan,16,Right,Left,545,244,84,15,nan,nan,0.14
11/13/2025 19:51:11,1.17.2,PR1,20,3.92,nan,16,Left,Left,546,244,84,15,nan,nan,0.05
11/13/2025 19:51:13,1.17.2,PR1,20,3.92,nan,16,Left,Left,547,244,84,15,nan,nan,0.15
11/13/2025 19:52:29,1.17.2,PR1,20,3.92,nan,16,Left,Left,548,244,84,15,nan,nan,0.07
11/13/2025 19:52:29,1.17.2,PR1,20,3.92,nan,16,Left,Left,549,244,84,15,nan,nan,0.00
11/13/2025 19:52:31,1.17.2,PR1,20,3.92,nan,16,Left,Left,550,244,84,15,nan,nan,0.09
11/13/2025 19:52:33,1.17.2,PR1,20,3.92,nan,16,Left,Left,551,244,84,15,nan,nan,0.10
11/13/2025 19:52:59,1.17.2,PR1,20,3.92,nan,16,LeftWithPellet,Left,552,244,84,16,nan,nan,0.12
11/13/2025 19:53:00,1.17.2,PR1,20,3.91,nan,16,LeftWithPellet,Left,553,244,84,16,nan,nan,0.05
11/13/2025 19:53:02,1.17.2,PR1,20,3.91,nan,16,LeftWithPellet,Left,554,244,84,16,nan,nan,0.04
11/13/2025 19:53:04,1.17.2,PR1,20,3.92,nan,16,LeftWithPellet,Left,555,244,84,16,nan,nan,0.03
11/13/2025 19:57:55,1.17.2,PR1,20,3.92,nan,16,RightWithPellet,Left,555,245,84,16,nan,nan,0.34
11/13/2025 19:57:57,1.17.2,PR1,20,3.92,nan,16,RightWithPellet,Left,555,246,84,16,nan,nan,0.21
11/13/2025 19:59:07,1.17.2,PR1,20,3.92,2,16,Pellet,Left,555,246,85,16,Timed_out,967,nan
11/13/2025 19:59:09,1.17.2,PR1,20,3.92,nan,17,Right,Left,555,247,85,16,nan,nan,0.11
11/13/2025 19:59:11,1.17.2,PR1,20,3.92,nan,17,Right,Left,555,248,85,16,nan,nan,0.28
11/13/2025 19:59:13,1.17.2,PR1,20,3.92,nan,17,Right,Left,555,249,85,16,nan,nan,0.14
11/13/2025 19:59:15,1.17.2,PR1,20,3.92,nan,17,Right,Left,555,250,85,16,nan,nan,0.15
11/13/2025 19:59:21,1.17.2,PR1,20,3.92,nan,17,Left,Left,556,250,85,16,nan,nan,0.01
11/13/2025 19:59:23,1.17.2,PR1,20,3.92,nan,17,Left,Left,557,250,85,16,nan,nan,0.23
11/13/2025 19:59:25,1.17.2,PR1,20,3.92,nan,17,Left,Left,558,250,85,16,nan,nan,0.11
11/13/2025 19:59:29,1.17.2,PR1,20,3.91,nan,17,Right,Left,558,251,85,16,nan,nan,0.14
11/13/2025 19:59:31,1.17.2,PR1,20,3.91,nan,17,Right,Left,558,252,85,16,nan,nan,0.05
11/13/2025 19:59:37,1.17.2,PR1,20,3.92,nan,17,Left,Left,559,252,85,16,nan,nan,0.41
11/13/2025 19:59:38,1.17.2,PR1,20,3.92,nan,17,Left,Left,560,252,85,16,nan,nan,0.23
11/13/2025 19:59:41,1.17.2,PR1,20,3.92,nan,17,Left,Left,561,252,85,16,nan,nan,0.48
11/13/2025 19:59:42,1.17.2,PR1,20,3.92,nan,17,Left,Left,562,252,85,16,nan,nan,0.15
11/13/2025 19:59:45,1.17.2,PR1,20,3.92,nan,17,Left,Left,563,252,85,16,nan,nan,0.16
11/13/2025 20:02:28,1.17.2,PR1,20,3.92,nan,17,Left,Left,564,252,85,16,nan,nan,0.14
11/13/2025 20:02:30,1.17.2,PR1,20,3.92,nan,17,Left,Left,565,252,85,16,nan,nan,0.17
11/13/2025 20:02:31,1.17.2,PR1,20,3.92,nan,17,Left,Left,566,252,85,16,nan,nan,0.10
11/13/2025 20:02:38,1.17.2,PR1,20,3.92,nan,17,Left,Left,567,252,85,16,nan,nan,0.00
11/13/2025 20:02:42,1.17.2,PR1,20,3.91,nan,17,Left,Left,568,252,85,16,nan,nan,0.48
11/13/2025 20:14:33,1.17.2,PR1,20,3.92,nan,17,Left,Left,569,252,85,16,nan,nan,0.15
11/13/2025 20:14:35,1.17.2,PR1,20,3.92,nan,17,Left,Left,570,252,85,16,nan,nan,0.10
11/13/2025 20:14:37,1.17.2,PR1,20,3.92,nan,17,Left,Left,571,252,85,16,nan,nan,0.27
11/13/2025 20:14:42,1.17.2,PR1,20,3.91,nan,17,Left,Left,572,252,85,16,nan,nan,0.08
11/13/2025 20:14:45,1.17.2,PR1,20,3.92,2,17,Pellet,Left,572,252,86,17,0.17,938,nan
11/13/2025 20:15:04,1.17.2,PR1,20,3.92,nan,18,Left,Left,573,252,86,17,nan,nan,0.12
11/13/2025 20:15:06,1.17.2,PR1,20,3.92,nan,18,Left,Left,574,252,86,17,nan,nan,0.08
11/13/2025 20:15:07,1.17.2,PR1,20,3.91,nan,18,Left,Left,575,252,86,17,nan,nan,0.16
11/13/2025 20:15:09,1.17.2,PR1,20,3.92,nan,18,Left,Left,576,252,86,17,nan,nan,0.06
11/13/2025 20:16:17,1.17.2,PR1,20,3.92,nan,18,Right,Left,576,253,86,17,nan,nan,0.10
11/13/2025 20:16:19,1.17.2,PR1,20,3.92,nan,18,Right,Left,576,254,86,17,nan,nan,0.13
11/13/2025 20:16:23,1.17.2,PR1,20,3.92,nan,18,Left,Left,577,254,86,17,nan,nan,0.08
11/13/2025 20:16:25,1.17.2,PR1,20,3.92,nan,18,Left,Left,578,254,86,17,nan,nan,0.27
11/13/2025 20:16:28,1.17.2,PR1,20,3.91,nan,18,Left,Left,579,254,86,17,nan,nan,0.15
11/13/2025 20:16:31,1.17.2,PR1,20,3.91,nan,18,Left,Left,580,254,86,17,nan,nan,0.21
11/13/2025 20:16:33,1.17.2,PR1,20,3.92,nan,18,Left,Left,581,254,86,17,nan,nan,0.12
11/13/2025 20:16:35,1.17.2,PR1,20,3.92,nan,18,Left,Left,582,254,86,17,nan,nan,0.09
11/13/2025 20:16:45,1.17.2,PR1,20,3.92,nan,18,Left,Left,583,254,86,17,nan,nan,0.03
11/13/2025 20:16:48,1.17.2,PR1,20,3.92,nan,18,Left,Left,584,254,86,17,nan,nan,0.00
11/13/2025 20:16:53,1.17.2,PR1,20,3.91,nan,18,Left,Left,585,254,86,17,nan,nan,0.05
11/13/2025 20:16:55,1.17.2,PR1,20,3.92,nan,18,Left,Left,586,254,86,17,nan,nan,0.24
11/13/2025 20:17:00,1.17.2,PR1,20,3.91,nan,18,Left,Left,587,254,86,17,nan,nan,0.17
11/13/2025 20:17:01,1.17.2,PR1,20,3.92,nan,18,Left,Left,588,254,86,17,nan,nan,0.17
11/13/2025 20:17:03,1.17.2,PR1,20,3.92,nan,18,Left,Left,589,254,86,17,nan,nan,0.28
11/13/2025 20:17:05,1.17.2,PR1,20,3.92,nan,18,Left,Left,590,254,86,17,nan,nan,0.63
11/13/2025 20:17:07,1.17.2,PR1,20,3.91,1,18,Pellet,Left,590,254,87,18,0.65,141,nan
11/13/2025 20:17:23,1.17.2,PR1,20,3.92,nan,19,Left,Left,591,254,87,18,nan,nan,0.13
11/13/2025 20:17:29,1.17.2,PR1,20,3.92,nan,19,Left,Left,592,254,87,18,nan,nan,0.40
11/13/2025 20:18:25,1.17.2,PR1,20,3.93,nan,19,Left,Left,593,254,87,18,nan,nan,0.07
11/13/2025 20:19:04,1.17.2,PR1,20,3.92,nan,19,Right,Left,593,255,87,18,nan,nan,0.30
11/13/2025 20:19:05,1.17.2,PR1,20,3.92,nan,19,Right,Left,593,256,87,18,nan,nan,0.00
11/13/2025 20:19:07,1.17.2,PR1,20,3.92,nan,19,Right,Left,593,257,87,18,nan,nan,0.35
11/13/2025 20:19:09,1.17.2,PR1,20,3.92,nan,19,Right,Left,593,258,87,18,nan,nan,0.00
11/13/2025 20:19:11,1.17.2,PR1,20,3.93,nan,19,Left,Left,594,258,87,18,nan,nan,0.06
11/13/2025 20:35:16,1.17.2,PR1,20,3.92,nan,19,Right,Left,594,259,87,18,nan,nan,0.10
11/13/2025 20:35:17,1.17.2,PR1,20,3.92,nan,19,Right,Left,594,260,87,18,nan,nan,0.19
11/13/2025 20:35:21,1.17.2,PR1,20,3.92,nan,19,Left,Left,595,260,87,18,nan,nan,0.24
11/13/2025 20:35:24,1.17.2,PR1,20,3.92,nan,19,Left,Left,596,260,87,18,nan,nan,0.10
11/13/2025 20:37:19,1.17.2,PR1,20,3.92,nan,19,Left,Left,597,260,87,18,nan,nan,0.13
11/13/2025 20:37:23,1.17.2,PR1,20,3.92,nan,19,Left,Left,598,260,87,18,nan,nan,0.02
11/13/2025 20:37:25,1.17.2,PR1,20,3.93,nan,19,Left,Left,599,260,87,18,nan,nan,0.04
11/13/2025 20:37:29,1.17.2,PR1,20,3.92,nan,19,Left,Left,600,260,87,18,nan,nan,0.05
11/13/2025 20:38:29,1.17.2,PR1,20,3.92,nan,19,Left,Left,601,260,87,18,nan,nan,0.01
11/13/2025 20:38:33,1.17.2,PR1,20,3.91,nan,19,Left,Left,602,260,87,18,nan,nan,0.05
11/13/2025 20:38:35,1.17.2,PR1,20,3.92,nan,19,Left,Left,603,260,87,18,nan,nan,0.12
11/13/2025 20:44:29,1.17.2,PR1,20,3.92,nan,19,Right,Left,603,261,87,18,nan,nan,0.06
11/13/2025 20:44:36,1.17.2,PR1,20,3.92,nan,19,Left,Left,604,261,87,18,nan,nan,0.10
11/13/2025 20:45:05,1.17.2,PR1,20,3.92,nan,19,Left,Left,605,261,87,18,nan,nan,0.10
11/13/2025 20:45:54,1.17.2,PR1,20,3.91,nan,19,Left,Left,606,261,87,18,nan,nan,0.10
11/13/2025 20:45:58,1.17.2,PR1,20,3.91,nan,19,Left,Left,607,261,87,18,nan,nan,0.11
11/13/2025 20:45:59,1.17.2,PR1,20,3.92,nan,19,Left,Left,608,261,87,18,nan,nan,0.11
11/13/2025 20:46:02,1.17.2,PR1,20,3.92,nan,19,Left,Left,609,261,87,18,nan,nan,0.08
11/13/2025 20:46:03,1.17.2,PR1,20,3.92,1,19,Pellet,Left,609,261,88,19,0.35,1737,nan
11/13/2025 20:46:19,1.17.2,PR1,20,3.92,nan,20,Left,Left,610,261,88,19,nan,nan,0.09
11/13/2025 20:46:20,1.17.2,PR1,20,3.92,nan,20,Left,Left,611,261,88,19,nan,nan,0.15
11/13/2025 20:47:16,1.17.2,PR1,20,3.91,nan,20,Right,Left,611,262,88,19,nan,nan,0.11
11/13/2025 20:47:17,1.17.2,PR1,20,3.92,nan,20,Right,Left,611,263,88,19,nan,nan,0.06
11/13/2025 20:48:16,1.17.2,PR1,20,3.91,nan,20,Right,Left,611,264,88,19,nan,nan,0.04
11/13/2025 20:48:23,1.17.2,PR1,20,3.92,nan,20,Left,Left,612,264,88,19,nan,nan,0.00
11/13/2025 20:48:24,1.17.2,PR1,20,3.92,nan,20,Left,Left,613,264,88,19,nan,nan,0.26
11/13/2025 20:48:32,1.17.2,PR1,20,3.91,nan,20,Right,Left,613,265,88,19,nan,nan,0.15
11/13/2025 20:48:35,1.17.2,PR1,20,3.92,nan,20,Right,Left,613,266,88,19,nan,nan,0.62
11/13/2025 20:48:37,1.17.2,PR1,20,3.92,nan,20,Right,Left,613,267,88,19,nan,nan,0.60
11/13/2025 20:48:39,1.17.2,PR1,20,3.91,nan,20,Right,Left,613,268,88,19,nan,nan,0.43
11/13/2025 20:48:41,1.17.2,PR1,20,3.92,nan,20,Right,Left,613,269,88,19,nan,nan,0.17
11/13/2025 20:48:43,1.17.2,PR1,20,3.92,nan,20,Right,Left,613,270,88,19,nan,nan,0.17
11/13/2025 20:48:45,1.17.2,PR1,20,3.92,nan,20,Right,Left,613,271,88,19,nan,nan,0.27
11/13/2025 20:48:46,1.17.2,PR1,20,3.91,nan,20,Right,Left,613,272,88,19,nan,nan,0.00
11/13/2025 20:48:48,1.17.2,PR1,20,3.92,nan,20,Right,Left,613,273,88,19,nan,nan,0.00
11/13/2025 20:48:56,1.17.2,PR1,20,3.91,nan,20,Left,Left,614,273,88,19,nan,nan,0.28
11/13/2025 20:48:57,1.17.2,PR1,20,3.92,nan,20,Left,Left,615,273,88,19,nan,nan,0.52
11/13/2025 20:48:59,1.17.2,PR1,20,3.92,nan,20,Left,Left,616,273,88,19,nan,nan,0.35
11/13/2025 20:49:00,1.17.2,PR1,20,3.91,nan,20,Left,Left,617,273,88,19,nan,nan,0.02
11/13/2025 20:49:03,1.17.2,PR1,20,3.92,nan,20,Left,Left,618,273,88,19,nan,nan,0.47
11/13/2025 20:49:05,1.17.2,PR1,20,3.92,nan,20,Left,Left,619,273,88,19,nan,nan,0.23
11/13/2025 20:49:16,1.17.2,PR1,20,3.92,nan,20,Left,Left,620,273,88,19,nan,nan,0.07
11/13/2025 20:49:17,1.17.2,PR1,20,3.92,nan,20,Left,Left,621,273,88,19,nan,nan,0.13
11/13/2025 20:49:18,1.17.2,PR1,20,3.91,nan,20,Left,Left,622,273,88,19,nan,nan,0.15
11/13/2025 20:49:25,1.17.2,PR1,20,3.92,nan,20,Left,Left,623,273,88,19,nan,nan,0.42
11/13/2025 20:49:27,1.17.2,PR1,20,3.92,nan,20,Left,Left,624,273,88,19,nan,nan,0.02
11/13/2025 20:49:29,1.17.2,PR1,20,3.92,nan,20,Right,Left,624,274,88,19,nan,nan,0.35
11/13/2025 20:49:33,1.17.2,PR1,20,3.92,nan,20,Right,Left,624,275,88,19,nan,nan,0.67
11/13/2025 20:49:34,1.17.2,PR1,20,3.91,nan,20,Right,Left,624,276,88,19,nan,nan,0.00
11/13/2025 20:49:36,1.17.2,PR1,20,3.93,nan,20,Right,Left,624,277,88,19,nan,nan,0.40
11/13/2025 20:49:39,1.17.2,PR1,20,3.92,nan,20,Right,Left,624,278,88,19,nan,nan,0.19
11/13/2025 20:49:42,1.17.2,PR1,20,3.92,nan,20,Right,Left,624,279,88,19,nan,nan,0.19
11/13/2025 20:49:43,1.17.2,PR1,20,3.91,nan,20,Left,Left,625,279,88,19,nan,nan,0.14
11/13/2025 20:49:51,1.17.2,PR1,20,3.92,nan,20,Left,Left,626,279,88,19,nan,nan,0.06
11/13/2025 20:49:54,1.17.2,PR1,20,3.91,nan,20,Left,Left,627,279,88,19,nan,nan,0.26
11/13/2025 20:55:35,1.17.2,PR1,20,3.92,nan,20,Left,Left,628,279,88,19,nan,nan,0.13
11/13/2025 20:55:37,1.17.2,PR1,20,3.92,nan,20,Left,Left,629,279,88,19,nan,nan,0.13
11/13/2025 20:55:51,1.17.2,PR1,20,3.92,nan,20,LeftWithPellet,Left,630,279,88,20,nan,nan,0.07
11/13/2025 20:55:56,1.17.2,PR1,20,3.91,nan,20,LeftWithPellet,Left,631,279,88,20,nan,nan,0.05
11/13/2025 20:56:13,1.17.2,PR1,20,3.91,nan,20,LeftWithPellet,Left,632,279,88,20,nan,nan,0.04
11/13/2025 20:56:13,1.17.2,PR1,20,3.91,1,20,Pellet,Left,632,279,89,20,35.13,610,nan
11/13/2025 20:56:17,1.17.2,PR1,20,3.92,nan,21,Left,Left,633,279,89,20,nan,nan,0.13
11/13/2025 20:56:19,1.17.2,PR1,20,3.92,nan,21,Left,Left,634,279,89,20,nan,nan,0.42
11/13/2025 20:56:24,1.17.2,PR1,20,3.92,nan,21,Left,Left,635,279,89,20,nan,nan,0.16
11/13/2025 20:56:26,1.17.2,PR1,20,3.92,nan,21,Left,Left,636,279,89,20,nan,nan,0.13
11/13/2025 21:05:43,1.17.2,PR1,20,3.92,nan,21,Right,Left,636,280,89,20,nan,nan,0.13
11/13/2025 21:06:08,1.17.2,PR1,20,3.92,nan,21,Left,Left,637,280,89,20,nan,nan,0.07
11/13/2025 21:06:09,1.17.2,PR1,20,3.92,nan,21,Left,Left,638,280,89,20,nan,nan,0.19
11/13/2025 21:06:10,1.17.2,PR1,20,3.92,nan,21,Left,Left,639,280,89,20,nan,nan,0.04
11/13/2025 21:06:12,1.17.2,PR1,20,3.91,nan,21,Left,Left,640,280,89,20,nan,nan,0.11
11/13/2025 21:07:24,1.17.2,PR1,20,3.92,nan,21,Left,Left,641,280,89,20,nan,nan,0.37
11/13/2025 21:07:49,1.17.2,PR1,20,3.91,nan,21,Left,Left,642,280,89,20,nan,nan,0.11
11/13/2025 21:07:51,1.17.2,PR1,20,3.91,nan,21,Left,Left,643,280,89,20,nan,nan,0.18
11/13/2025 21:07:52,1.17.2,PR1,20,3.92,nan,21,Left,Left,644,280,89,20,nan,nan,0.10
11/13/2025 21:07:55,1.17.2,PR1,20,3.92,nan,21,Left,Left,645,280,89,20,nan,nan,0.16
11/13/2025 21:07:56,1.17.2,PR1,20,3.92,nan,21,Left,Left,646,280,89,20,nan,nan,0.29
11/13/2025 21:07:57,1.17.2,PR1,20,3.92,nan,21,Left,Left,647,280,89,20,nan,nan,0.00
11/13/2025 21:07:59,1.17.2,PR1,20,3.92,nan,21,Left,Left,648,280,89,20,nan,nan,0.19
11/13/2025 21:08:01,1.17.2,PR1,20,3.91,nan,21,Left,Left,649,280,89,20,nan,nan,0.19
11/13/2025 21:09:51,1.17.2,PR1,20,3.92,nan,21,Left,Left,650,280,89,20,nan,nan,0.57
11/13/2025 21:09:52,1.17.2,PR1,20,3.92,nan,21,Left,Left,651,280,89,20,nan,nan,0.19
11/13/2025 21:10:14,1.17.2,PR1,20,3.92,nan,21,Right,Left,651,281,89,20,nan,nan,0.08
11/13/2025 21:10:21,1.17.2,PR1,20,3.91,nan,21,Left,Left,652,281,89,20,nan,nan,0.11
11/13/2025 21:10:22,1.17.2,PR1,20,3.92,nan,21,Left,Left,653,281,89,20,nan,nan,0.26
11/13/2025 21:10:39,1.17.2,PR1,20,3.92,nan,21,RightWithPellet,Left,653,282,89,21,nan,nan,0.02
11/13/2025 21:11:27,1.17.2,PR1,20,3.92,3,21,Pellet,Left,653,282,90,21,Timed_out,914,nan
11/13/2025 21:15:16,1.17.2,PR1,20,3.91,nan,22,Right,Left,653,283,90,21,nan,nan,0.08
11/13/2025 21:15:19,1.17.2,PR1,20,3.91,nan,22,Right,Left,653,284,90,21,nan,nan,0.84
11/13/2025 21:15:21,1.17.2,PR1,20,3.92,nan,22,Right,Left,653,285,90,21,nan,nan,0.28
11/13/2025 21:15:23,1.17.2,PR1,20,3.91,nan,22,Left,Left,654,285,90,21,nan,nan,0.16
11/13/2025 21:15:25,1.17.2,PR1,20,3.91,nan,22,Left,Left,655,285,90,21,nan,nan,0.08
11/13/2025 21:15:27,1.17.2,PR1,20,3.92,nan,22,Left,Left,656,285,90,21,nan,nan,0.22
11/13/2025 21:17:17,1.17.2,PR1,20,3.91,nan,22,Right,Left,656,286,90,21,nan,nan,0.15
11/13/2025 21:17:43,1.17.2,PR1,20,3.92,nan,22,Left,Left,657,286,90,21,nan,nan,0.11
11/13/2025 21:17:44,1.17.2,PR1,20,3.91,nan,22,Left,Left,658,286,90,21,nan,nan,0.12
11/13/2025 21:17:45,1.17.2,PR1,20,3.91,nan,22,Left,Left,659,286,90,21,nan,nan,0.09
11/13/2025 21:27:44,1.17.2,PR1,20,3.91,nan,22,Left,Left,660,286,90,21,nan,nan,0.07
11/13/2025 21:27:48,1.17.2,PR1,20,3.91,nan,22,Left,Left,661,286,90,21,nan,nan,0.05
11/13/2025 21:27:49,1.17.2,PR1,20,3.92,nan,22,Left,Left,662,286,90,21,nan,nan,0.08
11/13/2025 21:28:13,1.17.2,PR1,20,3.91,nan,22,Left,Left,663,286,90,21,nan,nan,0.34
11/13/2025 21:28:15,1.17.2,PR1,20,3.92,nan,22,Left,Left,664,286,90,21,nan,nan,0.14
11/13/2025 21:28:16,1.17.2,PR1,20,3.92,nan,22,Left,Left,665,286,90,21,nan,nan,0.07
11/13/2025 21:28:18,1.17.2,PR1,20,3.91,nan,22,Left,Left,666,286,90,21,nan,nan,0.10
11/13/2025 21:28:27,1.17.2,PR1,20,3.91,nan,22,Right,Left,666,287,90,21,nan,nan,0.18
11/13/2025 21:30:33,1.17.2,PR1,20,3.91,nan,22,Right,Left,666,288,90,21,nan,nan,0.00
11/13/2025 21:33:56,1.17.2,PR1,20,3.92,nan,22,Left,Left,667,288,90,21,nan,nan,0.11
11/13/2025 21:33:58,1.17.2,PR1,20,3.91,nan,22,Left,Left,668,288,90,21,nan,nan,0.26
11/13/2025 21:34:04,1.17.2,PR1,20,3.92,nan,22,Left,Left,669,288,90,21,nan,nan,0.06
11/13/2025 21:34:05,1.17.2,PR1,20,3.91,nan,22,Left,Left,670,288,90,21,nan,nan,0.13
11/13/2025 21:34:20,1.17.2,PR1,20,3.91,nan,22,Right,Left,670,289,90,21,nan,nan,0.34
11/13/2025 21:35:53,1.17.2,PR1,20,3.91,nan,22,Left,Left,671,289,90,21,nan,nan,0.16
11/13/2025 21:35:55,1.17.2,PR1,20,3.91,nan,22,Left,Left,672,289,90,21,nan,nan,0.18
11/13/2025 21:36:03,1.17.2,PR1,20,3.91,nan,22,Left,Left,673,289,90,21,nan,nan,0.16
11/13/2025 21:36:05,1.17.2,PR1,20,3.91,nan,22,Left,Left,674,289,90,21,nan,nan,0.32
11/13/2025 21:36:07,1.17.2,PR1,20,3.91,nan,22,Left,Left,675,289,90,21,nan,nan,0.12
11/13/2025 21:36:12,1.17.2,PR1,20,3.91,2,22,Pellet,Left,675,289,91,22,1.19,1484,nan
11/13/2025 21:36:26,1.17.2,PR1,20,3.92,nan,23,Left,Left,676,289,91,22,nan,nan,0.14
11/13/2025 21:36:27,1.17.2,PR1,20,3.92,nan,23,Left,Left,677,289,91,22,nan,nan,0.11
11/13/2025 21:36:33,1.17.2,PR1,20,3.92,nan,23,Right,Left,677,290,91,22,nan,nan,0.38
11/13/2025 21:36:35,1.17.2,PR1,20,3.92,nan,23,Left,Left,678,290,91,22,nan,nan,0.09
11/13/2025 21:36:36,1.17.2,PR1,20,3.91,nan,23,Left,Left,679,290,91,22,nan,nan,0.11
11/13/2025 21:36:38,1.17.2,PR1,20,3.91,nan,23,Left,Left,680,290,91,22,nan,nan,0.54
11/13/2025 21:36:49,1.17.2,PR1,20,3.91,nan,23,Left,Left,681,290,91,22,nan,nan,0.17
11/13/2025 21:36:51,1.17.2,PR1,20,3.92,nan,23,Left,Left,682,290,91,22,nan,nan,0.16
11/13/2025 21:37:53,1.17.2,PR1,20,3.91,nan,23,Right,Left,682,291,91,22,nan,nan,0.01
11/13/2025 21:38:17,1.17.2,PR1,20,3.91,nan,23,Left,Left,683,291,91,22,nan,nan,0.12
11/13/2025 21:38:19,1.17.2,PR1,20,3.91,nan,23,Left,Left,684,291,91,22,nan,nan,0.15
11/13/2025 21:38:20,1.17.2,PR1,20,3.92,nan,23,Left,Left,685,291,91,22,nan,nan,0.11
11/13/2025 21:38:23,1.17.2,PR1,20,3.91,nan,23,Left,Left,686,291,91,22,nan,nan,0.23
11/13/2025 21:38:25,1.17.2,PR1,20,3.92,nan,23,Right,Left,686,292,91,22,nan,nan,0.13
11/13/2025 21:38:28,1.17.2,PR1,20,3.91,nan,23,Left,Left,687,292,91,22,nan,nan,0.08
11/13/2025 21:38:31,1.17.2,PR1,20,3.91,nan,23,Left,Left,688,292,91,22,nan,nan,0.13
11/13/2025 21:38:46,1.17.2,PR1,20,3.92,nan,23,Right,Left,688,293,91,22,nan,nan,0.04
11/13/2025 21:44:22,1.17.2,PR1,20,3.91,nan,23,Left,Left,689,293,91,22,nan,nan,0.16
11/13/2025 21:44:24,1.17.2,PR1,20,3.91,nan,23,Left,Left,690,293,91,22,nan,nan,0.05
11/13/2025 21:44:26,1.17.2,PR1,20,3.92,nan,23,Left,Left,691,293,91,22,nan,nan,0.09
11/13/2025 21:44:28,1.17.2,PR1,20,3.91,nan,23,Left,Left,692,293,91,22,nan,nan,0.44
11/13/2025 21:44:29,1.17.2,PR1,20,3.91,nan,23,Left,Left,693,293,91,22,nan,nan,0.44
11/13/2025 21:44:32,1.17.2,PR1,20,3.91,nan,23,Left,Left,694,293,91,22,nan,nan,0.14
11/13/2025 21:44:35,1.17.2,PR1,20,3.91,nan,23,Left,Left,695,293,91,22,nan,nan,0.04
11/13/2025 21:44:36,1.17.2,PR1,20,3.91,nan,23,Left,Left,696,293,91,22,nan,nan,0.10
11/13/2025 21:51:07,1.17.2,PR1,20,3.91,nan,23,Left,Left,697,293,91,22,nan,nan,0.11
11/13/2025 21:51:08,1.17.2,PR1,20,3.91,nan,23,Left,Left,698,293,91,22,nan,nan,0.14
11/13/2025 21:51:10,1.17.2,PR1,20,3.91,1,23,Pellet,Left,698,293,92,23,1.01,899,nan
11/13/2025 21:53:07,1.17.2,PR1,20,3.92,nan,24,Left,Left,699,293,92,23,nan,nan,0.02
11/13/2025 21:53:08,1.17.2,PR1,20,3.92,nan,24,Left,Left,700,293,92,23,nan,nan,0.22
11/13/2025 21:53:28,1.17.2,PR1,20,3.91,nan,24,Left,Left,701,293,92,23,nan,nan,0.09
11/13/2025 21:53:34,1.17.2,PR1,20,3.92,nan,24,Right,Left,701,294,92,23,nan,nan,0.03
11/13/2025 21:53:38,1.17.2,PR1,20,3.91,nan,24,Right,Left,701,295,92,23,nan,nan,0.03
11/13/2025 21:53:39,1.17.2,PR1,20,3.92,nan,24,Right,Left,701,296,92,23,nan,nan,0.00
11/13/2025 21:53:47,1.17.2,PR1,20,3.91,nan,24,Right,Left,701,297,92,23,nan,nan,0.04
11/13/2025 21:54:07,1.17.2,PR1,20,3.91,nan,24,Left,Left,702,297,92,23,nan,nan,0.10
11/13/2025 21:54:09,1.17.2,PR1,20,3.92,nan,24,Left,Left,703,297,92,23,nan,nan,0.31
11/13/2025 21:54:11,1.17.2,PR1,20,3.91,nan,24,Left,Left,704,297,92,23,nan,nan,0.18
11/13/2025 21:54:13,1.17.2,PR1,20,3.92,nan,24,Left,Left,705,297,92,23,nan,nan,0.07
11/13/2025 21:54:14,1.17.2,PR1,20,3.91,nan,24,Left,Left,706,297,92,23,nan,nan,0.10
11/13/2025 21:54:18,1.17.2,PR1,20,3.91,nan,24,Left,Left,707,297,92,23,nan,nan,0.11
11/13/2025 21:54:19,1.17.2,PR1,20,3.91,nan,24,Left,Left,708,297,92,23,nan,nan,0.12
11/13/2025 21:54:23,1.17.2,PR1,20,3.92,nan,24,Right,Left,708,298,92,23,nan,nan,0.20
11/13/2025 21:57:49,1.17.2,PR1,20,3.91,nan,24,Left,Left,709,298,92,23,nan,nan,0.18
11/13/2025 21:57:50,1.17.2,PR1,20,3.91,nan,24,Left,Left,710,298,92,23,nan,nan,0.09
11/13/2025 21:58:17,1.17.2,PR1,20,3.91,nan,24,Left,Left,711,298,92,23,nan,nan,0.11
11/13/2025 21:58:18,1.17.2,PR1,20,3.91,nan,24,Left,Left,712,298,92,23,nan,nan,0.12
11/13/2025 21:58:20,1.17.2,PR1,20,3.91,nan,24,Left,Left,713,298,92,23,nan,nan,0.20
11/13/2025 21:58:22,1.17.2,PR1,20,3.92,nan,24,Left,Left,714,298,92,23,nan,nan,0.23
11/13/2025 22:00:32,1.17.2,PR1,20,3.91,nan,24,Right,Left,714,299,92,23,nan,nan,0.04
11/13/2025 22:00:35,1.17.2,PR1,20,3.91,nan,24,Left,Left,715,299,92,23,nan,nan,0.09
11/13/2025 22:00:48,1.17.2,PR1,20,3.91,nan,24,Left,Left,716,299,92,23,nan,nan,0.10
11/13/2025 22:02:03,1.17.2,PR1,20,3.91,nan,24,Left,Left,717,299,92,23,nan,nan,0.02
11/13/2025 22:04:52,1.17.2,PR1,20,3.91,nan,24,Left,Left,718,299,92,23,nan,nan,0.09
11/13/2025 22:04:53,1.17.2,PR1,20,3.91,nan,24,Left,Left,719,299,92,23,nan,nan,0.31
11/13/2025 22:04:55,1.17.2,PR1,20,3.91,nan,24,Left,Left,720,299,92,23,nan,nan,0.15
11/13/2025 22:04:58,1.17.2,PR1,20,3.91,nan,24,Left,Left,721,299,92,23,nan,nan,0.12
11/13/2025 22:05:00,1.17.2,PR1,20,3.91,nan,24,Left,Left,722,299,92,23,nan,nan,0.16
11/13/2025 22:05:05,1.17.2,PR1,20,3.91,1,24,Pellet,Left,722,299,93,24,4.67,835,nan
11/13/2025 22:05:13,1.17.2,PR1,20,3.91,nan,25,Left,Left,723,299,93,24,nan,nan,0.59
11/13/2025 22:05:16,1.17.2,PR1,20,3.91,nan,25,Left,Left,724,299,93,24,nan,nan,0.09
11/13/2025 22:05:19,1.17.2,PR1,20,3.91,nan,25,Left,Left,725,299,93,24,nan,nan,0.08
11/13/2025 22:05:40,1.17.2,PR1,20,3.91,nan,25,Right,Left,725,300,93,24,nan,nan,0.36
11/13/2025 22:05:41,1.17.2,PR1,20,3.91,nan,25,Right,Left,725,301,93,24,nan,nan,0.11
11/13/2025 22:05:42,1.17.2,PR1,20,3.91,nan,25,Left,Left,726,301,93,24,nan,nan,0.08
11/13/2025 22:05:44,1.17.2,PR1,20,3.91,nan,25,Left,Left,727,301,93,24,nan,nan,0.19
11/13/2025 22:05:46,1.17.2,PR1,20,3.91,nan,25,Left,Left,728,301,93,24,nan,nan,0.07
11/13/2025 22:05:56,1.17.2,PR1,20,3.91,nan,25,Left,Left,729,301,93,24,nan,nan,0.40
11/13/2025 22:08:53,1.17.2,PR1,20,3.91,nan,25,Left,Left,730,301,93,24,nan,nan,0.06
11/13/2025 22:08:58,1.17.2,PR1,20,3.92,nan,25,Right,Left,730,302,93,24,nan,nan,0.14
11/13/2025 22:08:59,1.17.2,PR1,20,3.92,nan,25,Right,Left,730,303,93,24,nan,nan,0.35
11/13/2025 22:09:25,1.17.2,PR1,20,3.91,nan,25,Right,Left,730,304,93,24,nan,nan,0.17
11/13/2025 22:09:28,1.17.2,PR1,20,3.91,nan,25,Left,Left,731,304,93,24,nan,nan,0.03
11/13/2025 22:10:13,1.17.2,PR1,20,3.91,nan,25,Left,Left,732,304,93,24,nan,nan,0.07
11/13/2025 22:10:15,1.17.2,PR1,20,3.91,nan,25,Left,Left,733,304,93,24,nan,nan,0.23
11/13/2025 22:10:17,1.17.2,PR1,20,3.91,nan,25,Left,Left,734,304,93,24,nan,nan,0.06
11/13/2025 22:10:19,1.17.2,PR1,20,3.91,nan,25,Left,Left,735,304,93,24,nan,nan,0.18
11/13/2025 22:10:21,1.17.2,PR1,20,3.91,nan,25,Left,Left,736,304,93,24,nan,nan,0.09
11/13/2025 22:10:24,1.17.2,PR1,20,3.91,nan,25,Left,Left,737,304,93,24,nan,nan,0.11
11/13/2025 22:10:26,1.17.2,PR1,20,3.92,nan,25,Left,Left,738,304,93,24,nan,nan,0.14
11/13/2025 22:10:27,1.17.2,PR1,20,3.91,nan,25,Left,Left,739,304,93,24,nan,nan,0.25
11/13/2025 22:10:29,1.17.2,PR1,20,3.91,nan,25,Left,Left,740,304,93,24,nan,nan,0.17
11/13/2025 22:10:32,1.17.2,PR1,20,3.91,nan,25,Left,Left,741,304,93,24,nan,nan,0.05
11/13/2025 22:10:34,1.17.2,PR1,20,3.91,nan,25,Left,Left,742,304,93,24,nan,nan,0.43
11/13/2025 22:10:37,1.17.2,PR1,20,3.91,nan,25,Left,Left,743,304,93,24,nan,nan,0.15
11/13/2025 22:18:46,1.17.2,PR1,20,3.91,nan,25,Right,Left,743,305,93,24,nan,nan,0.17
11/13/2025 22:18:47,1.17.2,PR1,20,3.91,nan,25,Right,Left,743,306,93,24,nan,nan,0.07
11/13/2025 22:18:49,1.17.2,PR1,20,3.91,nan,25,Right,Left,743,307,93,24,nan,nan,0.31
11/13/2025 22:18:51,1.17.2,PR1,20,3.91,nan,25,Right,Left,743,308,93,24,nan,nan,0.13
11/13/2025 22:18:52,1.17.2,PR1,20,3.92,nan,25,Left,Left,744,308,93,24,nan,nan,0.04
11/13/2025 22:18:53,1.17.2,PR1,20,3.91,nan,25,Left,Left,745,308,93,24,nan,nan,0.05
11/13/2025 22:27:58,1.17.2,PR1,20,3.91,nan,25,Left,Left,746,308,93,24,nan,nan,0.12
11/13/2025 22:27:59,1.17.2,PR1,20,3.92,nan,25,Left,Left,747,308,93,24,nan,nan,0.00
11/13/2025 22:28:00,1.17.2,PR1,20,3.92,1,25,Pellet,Left,747,308,94,25,0.23,1375,nan
11/13/2025 22:28:10,1.17.2,PR1,20,3.91,nan,26,Left,Left,748,308,94,25,nan,nan,0.06
11/13/2025 22:28:17,1.17.2,PR1,20,3.91,nan,26,Left,Left,749,308,94,25,nan,nan,0.10
11/13/2025 22:28:21,1.17.2,PR1,20,3.91,nan,26,Left,Left,750,308,94,25,nan,nan,0.43
11/13/2025 22:28:22,1.17.2,PR1,20,3.91,nan,26,Left,Left,751,308,94,25,nan,nan,0.55
11/13/2025 22:30:16,1.17.2,PR1,20,3.91,nan,26,Left,Left,752,308,94,25,nan,nan,0.27
11/13/2025 22:30:18,1.17.2,PR1,20,3.91,nan,26,Left,Left,753,308,94,25,nan,nan,0.53
11/13/2025 22:30:51,1.17.2,PR1,20,3.91,nan,26,Right,Left,753,309,94,25,nan,nan,0.16
11/13/2025 22:30:52,1.17.2,PR1,20,3.92,nan,26,Right,Left,753,310,94,25,nan,nan,0.31
11/13/2025 22:31:05,1.17.2,PR1,20,3.91,nan,26,Left,Left,754,310,94,25,nan,nan,0.53
11/13/2025 22:31:06,1.17.2,PR1,20,3.91,nan,26,Left,Left,755,310,94,25,nan,nan,0.32
11/13/2025 22:31:12,1.17.2,PR1,20,3.91,nan,26,Left,Left,756,310,94,25,nan,nan,0.08
11/13/2025 22:31:16,1.17.2,PR1,20,3.91,nan,26,Right,Left,756,311,94,25,nan,nan,0.22
11/13/2025 22:33:01,1.17.2,PR1,20,3.91,nan,26,Right,Left,756,312,94,25,nan,nan,0.06
11/13/2025 22:33:06,1.17.2,PR1,20,3.91,nan,26,Left,Left,757,312,94,25,nan,nan,0.06
11/13/2025 22:33:08,1.17.2,PR1,20,3.91,nan,26,Left,Left,758,312,94,25,nan,nan,0.47
11/13/2025 22:33:13,1.17.2,PR1,20,3.91,nan,26,Left,Left,759,312,94,25,nan,nan,0.02
11/13/2025 22:33:15,1.17.2,PR1,20,3.91,nan,26,Left,Left,760,312,94,25,nan,nan,0.19
11/13/2025 22:33:19,1.17.2,PR1,20,3.91,nan,26,Right,Left,760,313,94,25,nan,nan,0.10
11/13/2025 22:33:21,1.17.2,PR1,20,3.91,nan,26,Right,Left,760,314,94,25,nan,nan,0.00
11/13/2025 22:33:24,1.17.2,PR1,20,3.91,nan,26,Left,Left,761,314,94,25,nan,nan,0.13
11/13/2025 22:33:25,1.17.2,PR1,20,3.91,nan,26,Left,Left,762,314,94,25,nan,nan,0.19
11/13/2025 22:33:34,1.17.2,PR1,20,3.91,nan,26,Right,Left,762,315,94,25,nan,nan,0.06
11/13/2025 22:33:35,1.17.2,PR1,20,3.92,nan,26,Left,Left,763,315,94,25,nan,nan,0.02
11/13/2025 22:33:53,1.17.2,PR1,20,3.92,nan,26,Left,Left,764,315,94,25,nan,nan,0.02
11/13/2025 22:36:01,1.17.2,PR1,20,3.91,nan,26,Right,Left,764,316,94,25,nan,nan,0.25
11/13/2025 22:36:03,1.17.2,PR1,20,3.92,nan,26,Right,Left,764,317,94,25,nan,nan,0.36
11/13/2025 22:37:16,1.17.2,PR1,20,3.91,nan,26,Left,Left,765,317,94,25,nan,nan,0.04
11/13/2025 22:37:17,1.17.2,PR1,20,3.91,nan,26,Left,Left,766,317,94,25,nan,nan,0.36
11/13/2025 22:37:19,1.17.2,PR1,20,3.91,nan,26,Left,Left,767,317,94,25,nan,nan,0.04
11/13/2025 22:37:22,1.17.2,PR1,20,3.91,nan,26,Left,Left,768,317,94,25,nan,nan,0.10
11/13/2025 22:37:26,1.17.2,PR1,20,3.91,nan,26,Right,Left,768,318,94,25,nan,nan,0.16
11/13/2025 22:51:51,1.17.2,PR1,20,3.91,nan,26,Right,Left,768,319,94,25,nan,nan,0.14
11/13/2025 22:53:54,1.17.2,PR1,20,3.91,nan,26,Left,Left,769,319,94,25,nan,nan,0.02
11/13/2025 22:53:55,1.17.2,PR1,20,3.91,nan,26,Left,Left,770,319,94,25,nan,nan,0.06
11/13/2025 22:53:57,1.17.2,PR1,20,3.91,nan,26,Left,Left,771,319,94,25,nan,nan,0.08
11/13/2025 22:54:00,1.17.2,PR1,20,3.91,nan,26,Left,Left,772,319,94,25,nan,nan,0.14
11/13/2025 22:54:21,1.17.2,PR1,20,3.91,nan,26,Left,Left,773,319,94,25,nan,nan,0.05
11/13/2025 22:54:23,1.17.2,PR1,20,3.91,1,26,Pellet,Left,773,319,95,26,1.07,1583,nan
11/13/2025 22:54:34,1.17.2,PR1,20,3.91,nan,27,Left,Left,774,319,95,26,nan,nan,0.05
11/13/2025 22:54:37,1.17.2,PR1,20,3.91,nan,27,Left,Left,775,319,95,26,nan,nan,0.13
11/13/2025 22:54:38,1.17.2,PR1,20,3.91,nan,27,Left,Left,776,319,95,26,nan,nan,0.12
11/13/2025 22:54:44,1.17.2,PR1,20,3.91,nan,27,Left,Left,777,319,95,26,nan,nan,0.33
11/13/2025 22:55:38,1.17.2,PR1,20,3.91,nan,27,Left,Left,778,319,95,26,nan,nan,0.08
11/13/2025 22:55:40,1.17.2,PR1,20,3.91,nan,27,Left,Left,779,319,95,26,nan,nan,0.06
11/13/2025 22:59:27,1.17.2,PR1,20,3.91,nan,27,Left,Left,780,319,95,26,nan,nan,0.07
11/13/2025 23:00:08,1.17.2,PR1,20,3.91,nan,27,Right,Left,780,320,95,26,nan,nan,0.11
11/13/2025 23:00:11,1.17.2,PR1,20,3.91,nan,27,Left,Left,781,320,95,26,nan,nan,0.08
11/13/2025 23:02:42,1.17.2,PR1,20,3.91,nan,27,Left,Left,782,320,95,26,nan,nan,0.00
11/13/2025 23:02:43,1.17.2,PR1,20,3.91,nan,27,Left,Left,783,320,95,26,nan,nan,0.01
11/13/2025 23:02:46,1.17.2,PR1,20,3.91,nan,27,Left,Left,784,320,95,26,nan,nan,0.05
11/13/2025 23:02:48,1.17.2,PR1,20,3.91,nan,27,Left,Left,785,320,95,26,nan,nan,0.28
11/13/2025 23:02:50,1.17.2,PR1,20,3.91,nan,27,Left,Left,786,320,95,26,nan,nan,0.15
11/13/2025 23:02:53,1.17.2,PR1,20,3.91,nan,27,Left,Left,787,320,95,26,nan,nan,0.10
11/13/2025 23:09:01,1.17.2,PR1,20,3.91,nan,27,Left,Left,788,320,95,26,nan,nan,0.22
11/13/2025 23:09:34,1.17.2,PR1,20,3.91,nan,27,Left,Left,789,320,95,26,nan,nan,0.27
11/13/2025 23:09:37,1.17.2,PR1,20,3.91,nan,27,Left,Left,790,320,95,26,nan,nan,0.12
11/13/2025 23:09:39,1.17.2,PR1,20,3.91,nan,27,Left,Left,791,320,95,26,nan,nan,0.11
11/13/2025 23:12:00,1.17.2,PR1,20,3.91,nan,27,Left,Left,792,320,95,26,nan,nan,0.12
11/13/2025 23:12:01,1.17.2,PR1,20,3.90,nan,27,Left,Left,793,320,95,26,nan,nan,0.04
11/13/2025 23:12:03,1.17.2,PR1,20,3.91,nan,27,Left,Left,794,320,95,26,nan,nan,0.06
11/13/2025 23:12:07,1.17.2,PR1,20,3.91,nan,27,Left,Left,795,320,95,26,nan,nan,0.20
11/13/2025 23:12:08,1.17.2,PR1,20,3.91,nan,27,Left,Left,796,320,95,26,nan,nan,0.27
11/13/2025 23:19:22,1.17.2,PR1,20,3.91,nan,27,Left,Left,797,320,95,26,nan,nan,0.26
11/13/2025 23:19:24,1.17.2,PR1,20,3.91,nan,27,Left,Left,798,320,95,26,nan,nan,0.78
11/13/2025 23:19:46,1.17.2,PR1,20,3.91,nan,27,Left,Left,799,320,95,26,nan,nan,0.08
11/13/2025 23:20:18,1.17.2,PR1,20,3.91,nan,27,Right,Left,799,321,95,26,nan,nan,0.11
11/13/2025 23:20:20,1.17.2,PR1,20,3.91,nan,27,Right,Left,799,322,95,26,nan,nan,0.56
11/13/2025 23:20:22,1.17.2,PR1,20,3.91,nan,27,Right,Left,799,323,95,26,nan,nan,0.25
11/13/2025 23:20:34,1.17.2,PR1,20,3.91,nan,27,Left,Left,800,323,95,26,nan,nan,0.15
11/13/2025 23:20:35,1.17.2,PR1,20,3.91,1,27,Pellet,Left,800,323,96,27,0.23,1572,nan
11/13/2025 23:20:54,1.17.2,PR1,20,3.91,nan,28,Right,Left,800,324,96,27,nan,nan,0.16
11/13/2025 23:20:55,1.17.2,PR1,20,3.91,nan,28,Right,Left,800,325,96,27,nan,nan,0.22
11/13/2025 23:20:57,1.17.2,PR1,20,3.91,nan,28,Left,Left,801,325,96,27,nan,nan,0.12
11/13/2025 23:20:59,1.17.2,PR1,20,3.91,nan,28,Left,Left,802,325,96,27,nan,nan,0.13
11/13/2025 23:26:47,1.17.2,PR1,20,3.91,nan,28,Left,Left,803,325,96,27,nan,nan,0.06
11/13/2025 23:26:49,1.17.2,PR1,20,3.91,nan,28,Left,Left,804,325,96,27,nan,nan,0.14
11/13/2025 23:33:34,1.17.2,PR1,20,3.91,nan,28,Left,Left,805,325,96,27,nan,nan,0.04
11/13/2025 23:33:35,1.17.2,PR1,20,3.91,nan,28,Left,Left,806,325,96,27,nan,nan,0.11
11/13/2025 23:33:37,1.17.2,PR1,20,3.91,nan,28,Left,Left,807,325,96,27,nan,nan,0.22
11/13/2025 23:33:39,1.17.2,PR1,20,3.91,nan,28,Left,Left,808,325,96,27,nan,nan,0.13
11/13/2025 23:33:41,1.17.2,PR1,20,3.91,nan,28,Left,Left,809,325,96,27,nan,nan,0.18
11/14/2025 0:59:41,1.17.2,PR1,20,3.91,nan,1,Left,Left,810,325,96,0,nan,nan,0.02
11/14/2025 0:59:43,1.17.2,PR1,20,3.91,2,1,Pellet,Left,810,325,97,1,0.95,5948,nan
11/14/2025 1:00:00,1.17.2,PR1,20,3.91,nan,2,Right,Left,810,326,97,1,nan,nan,0.12
11/14/2025 1:00:02,1.17.2,PR1,20,3.91,nan,2,Left,Left,811,326,97,1,nan,nan,0.55
11/14/2025 1:00:04,1.17.2,PR1,20,3.91,nan,2,Left,Left,812,326,97,1,nan,nan,0.21
11/14/2025 1:00:05,1.17.2,PR1,20,3.91,1,2,Pellet,Left,812,326,98,2,0.35,22,nan
11/14/2025 1:00:19,1.17.2,PR1,20,3.91,nan,3,Left,Left,813,326,98,2,nan,nan,0.00
11/14/2025 1:00:21,1.17.2,PR1,20,3.91,nan,3,Left,Left,814,326,98,2,nan,nan,0.13
11/14/2025 1:00:25,1.17.2,PR1,20,3.91,nan,3,Left,Left,815,326,98,2,nan,nan,0.52
11/14/2025 1:00:27,1.17.2,PR1,20,3.91,1,3,Pellet,Left,815,326,99,3,0.47,22,nan
11/14/2025 1:11:36,1.17.2,PR1,20,3.91,nan,4,Right,Left,815,327,99,3,nan,nan,0.44
11/14/2025 1:11:37,1.17.2,PR1,20,3.91,nan,4,Right,Left,815,328,99,3,nan,nan,0.17
11/14/2025 1:11:42,1.17.2,PR1,20,3.91,nan,4,Left,Left,816,328,99,3,nan,nan,0.03
11/14/2025 1:12:26,1.17.2,PR1,20,3.91,nan,4,Left,Left,817,328,99,3,nan,nan,0.57
11/14/2025 1:12:38,1.17.2,PR1,20,3.91,nan,4,Left,Left,818,328,99,3,nan,nan,0.53
11/14/2025 1:13:46,1.17.2,PR1,20,3.91,nan,4,Left,Left,819,328,99,3,nan,nan,0.17
11/14/2025 1:13:48,1.17.2,PR1,20,3.91,1,4,Pellet,Left,819,328,100,4,0.47,801,nan
11/14/2025 1:13:59,1.17.2,PR1,20,3.91,nan,5,Left,Left,820,328,100,4,nan,nan,0.11
11/14/2025 1:14:05,1.17.2,PR1,20,3.91,nan,5,Left,Left,821,328,100,4,nan,nan,0.07
11/14/2025 1:14:07,1.17.2,PR1,20,3.91,nan,5,Left,Left,822,328,100,4,nan,nan,0.12
11/14/2025 1:14:10,1.17.2,PR1,20,3.91,nan,5,Right,Left,822,329,100,4,nan,nan,0.07
11/14/2025 1:14:13,1.17.2,PR1,20,3.91,nan,5,Right,Left,822,330,100,4,nan,nan,0.09
11/14/2025 1:17:21,1.17.2,PR1,20,3.91,nan,5,Left,Left,823,330,100,4,nan,nan,0.06
11/14/2025 1:17:22,1.17.2,PR1,20,3.91,nan,5,Left,Left,824,330,100,4,nan,nan,0.05
11/14/2025 1:17:24,1.17.2,PR1,20,3.90,1,5,Pellet,Left,824,330,101,5,0.47,216,nan
11/14/2025 1:18:32,1.17.2,PR1,20,3.91,nan,6,Right,Left,824,331,101,5,nan,nan,0.39
11/14/2025 1:18:34,1.17.2,PR1,20,3.91,nan,6,Left,Left,825,331,101,5,nan,nan,0.04
11/14/2025 1:19:31,1.17.2,PR1,20,3.91,nan,6,Left,Left,826,331,101,5,nan,nan,0.05
11/14/2025 1:19:33,1.17.2,PR1,20,3.91,nan,6,Left,Left,827,331,101,5,nan,nan,0.07
11/14/2025 1:19:34,1.17.2,PR1,20,3.91,nan,6,Left,Left,828,331,101,5,nan,nan,0.02
11/14/2025 1:19:37,1.17.2,PR1,20,3.91,nan,6,Left,Left,829,331,101,5,nan,nan,0.17
11/14/2025 1:19:38,1.17.2,PR1,20,3.90,nan,6,Left,Left,830,331,101,5,nan,nan,0.16
11/14/2025 1:19:40,1.17.2,PR1,20,3.91,1,6,Pellet,Left,830,331,102,6,0.41,135,nan
11/14/2025 1:19:54,1.17.2,PR1,20,3.91,nan,7,Left,Left,831,331,102,6,nan,nan,0.01
11/14/2025 1:21:23,1.17.2,PR1,20,3.91,nan,7,Right,Left,831,332,102,6,nan,nan,0.24
11/14/2025 1:21:24,1.17.2,PR1,20,3.91,nan,7,Right,Left,831,333,102,6,nan,nan,0.18
11/14/2025 1:27:58,1.17.2,PR1,20,3.91,nan,7,Left,Left,832,333,102,6,nan,nan,0.14
11/14/2025 1:28:07,1.17.2,PR1,20,3.90,nan,7,Left,Left,833,333,102,6,nan,nan,0.07
11/14/2025 1:30:54,1.17.2,PR1,20,3.91,nan,7,Left,Left,834,333,102,6,nan,nan,0.02
11/14/2025 1:30:56,1.17.2,PR1,20,3.91,nan,7,Left,Left,835,333,102,6,nan,nan,0.12
11/14/2025 1:30:58,1.17.2,PR1,20,3.91,nan,7,Left,Left,836,333,102,6,nan,nan,0.05
11/14/2025 1:30:59,1.17.2,PR1,20,3.91,nan,7,Left,Left,837,333,102,6,nan,nan,0.00
11/14/2025 1:31:01,1.17.2,PR1,20,3.91,1,7,Pellet,Left,837,333,103,7,0.89,682,nan
11/14/2025 1:31:58,1.17.2,PR1,20,3.91,nan,8,Right,Left,837,334,103,7,nan,nan,0.54
11/14/2025 1:32:01,1.17.2,PR1,20,3.91,nan,8,Left,Left,838,334,103,7,nan,nan,0.04
11/14/2025 1:32:07,1.17.2,PR1,20,3.91,nan,8,Left,Left,839,334,103,7,nan,nan,0.07
11/14/2025 1:35:07,1.17.2,PR1,20,3.91,nan,8,Left,Left,840,334,103,7,nan,nan,0.04
11/14/2025 1:35:08,1.17.2,PR1,20,3.91,nan,8,Left,Left,841,334,103,7,nan,nan,0.15
11/14/2025 1:37:46,1.17.2,PR1,20,3.91,nan,8,Left,Left,842,334,103,7,nan,nan,0.11
11/14/2025 1:37:47,1.17.2,PR1,20,3.91,nan,8,Left,Left,843,334,103,7,nan,nan,0.11
11/14/2025 1:37:49,1.17.2,PR1,20,3.90,nan,8,Left,Left,844,334,103,7,nan,nan,0.12
11/14/2025 1:37:57,1.17.2,PR1,20,3.91,nan,8,Left,Left,845,334,103,7,nan,nan,0.01
11/14/2025 1:37:59,1.17.2,PR1,20,3.91,2,8,Pellet,Left,845,334,104,8,0.35,417,nan
11/14/2025 1:38:11,1.17.2,PR1,20,3.90,nan,9,Left,Left,846,334,104,8,nan,nan,0.17
11/14/2025 1:38:28,1.17.2,PR1,20,3.91,nan,9,Right,Left,846,335,104,8,nan,nan,0.13
11/14/2025 1:38:29,1.17.2,PR1,20,3.91,nan,9,Right,Left,846,336,104,8,nan,nan,0.00
11/14/2025 1:38:58,1.17.2,PR1,20,3.91,nan,9,Left,Left,847,336,104,8,nan,nan,0.51
11/14/2025 1:38:59,1.17.2,PR1,20,3.91,nan,9,Left,Left,848,336,104,8,nan,nan,0.18
11/14/2025 1:39:00,1.17.2,PR1,20,3.90,nan,9,Left,Left,849,336,104,8,nan,nan,0.04
11/14/2025 1:39:02,1.17.2,PR1,20,3.91,nan,9,Left,Left,850,336,104,8,nan,nan,0.37
11/14/2025 1:39:04,1.17.2,PR1,20,3.91,nan,9,Left,Left,851,336,104,8,nan,nan,0.21
11/14/2025 1:39:08,1.17.2,PR1,20,3.91,nan,9,Left,Left,852,336,104,8,nan,nan,0.06
11/14/2025 1:39:29,1.17.2,PR1,20,3.91,nan,9,Right,Left,852,337,104,8,nan,nan,0.19
11/14/2025 1:46:25,1.17.2,PR1,20,3.91,nan,9,Left,Left,853,337,104,8,nan,nan,0.06
11/14/2025 1:50:37,1.17.2,PR1,20,3.91,nan,9,Right,Left,853,338,104,8,nan,nan,0.22
11/14/2025 3:19:27,1.17.2,PR1,20,3.90,nan,1,Left,Left,854,338,104,0,nan,nan,0.27
11/14/2025 3:19:31,1.17.2,PR1,20,3.90,2,1,Pellet,Left,854,338,105,1,0.77,6092,nan
11/14/2025 3:19:41,1.17.2,PR1,20,3.90,nan,2,Left,Left,855,338,105,1,nan,nan,0.74
11/14/2025 3:27:34,1.17.2,PR1,20,3.91,nan,2,Left,Left,856,338,105,1,nan,nan,0.50
11/14/2025 3:27:36,1.17.2,PR1,20,3.90,1,2,Pellet,Left,856,338,106,2,0.95,486,nan
11/14/2025 3:27:49,1.17.2,PR1,20,3.90,nan,3,Left,Left,857,338,106,2,nan,nan,0.06
11/14/2025 3:27:51,1.17.2,PR1,20,3.91,nan,3,Left,Left,858,338,106,2,nan,nan,0.22
11/14/2025 3:27:53,1.17.2,PR1,20,3.90,nan,3,Left,Left,859,338,106,2,nan,nan,0.02
11/14/2025 3:27:54,1.17.2,PR1,20,3.90,1,3,Pellet,Left,859,338,107,3,0.35,18,nan
11/14/2025 3:28:08,1.17.2,PR1,20,3.90,nan,4,Left,Left,860,338,107,3,nan,nan,0.03
11/14/2025 4:14:05,1.17.2,PR1,20,3.90,nan,1,Left,Left,861,338,107,0,nan,nan,0.66
11/14/2025 4:14:07,1.17.2,PR1,20,3.90,1,1,Pellet,Left,861,338,108,1,0.41,2773,nan
11/14/2025 4:14:16,1.17.2,PR1,20,3.90,nan,2,Left,Left,862,338,108,1,nan,nan,0.02
11/14/2025 4:14:18,1.17.2,PR1,20,3.90,nan,2,Left,Left,863,338,108,1,nan,nan,0.65
11/14/2025 4:14:20,1.17.2,PR1,20,3.91,1,2,Pellet,Left,863,338,109,2,0.71,13,nan
11/14/2025 4:19:46,1.17.2,PR1,20,3.90,nan,3,Left,Left,864,338,109,2,nan,nan,0.40
11/14/2025 4:20:36,1.17.2,PR1,20,3.91,nan,3,Right,Left,864,339,109,2,nan,nan,0.19
11/14/2025 4:20:38,1.17.2,PR1,20,3.90,nan,3,Right,Left,864,340,109,2,nan,nan,0.16
11/14/2025 4:20:40,1.17.2,PR1,20,3.90,nan,3,Left,Left,865,340,109,2,nan,nan,0.28
11/14/2025 4:20:42,1.17.2,PR1,20,3.91,nan,3,Left,Left,866,340,109,2,nan,nan,0.32
11/14/2025 4:20:44,1.17.2,PR1,20,3.90,1,3,Pellet,Left,866,340,110,3,0.29,383,nan
11/14/2025 4:20:54,1.17.2,PR1,20,3.91,nan,4,Right,Left,866,341,110,3,nan,nan,0.02
11/14/2025 4:20:57,1.17.2,PR1,20,3.90,nan,4,Left,Left,867,341,110,3,nan,nan,0.12
11/14/2025 4:20:59,1.17.2,PR1,20,3.91,nan,4,Left,Left,868,341,110,3,nan,nan,0.51
11/14/2025 4:24:21,1.17.2,PR1,20,3.91,nan,4,Left,Left,869,341,110,3,nan,nan,0.13
11/14/2025 4:24:25,1.17.2,PR1,20,3.90,nan,4,Left,Left,870,341,110,3,nan,nan,0.12
11/14/2025 4:24:26,1.17.2,PR1,20,3.90,1,4,Pellet,Left,870,341,111,4,0.23,223,nan
11/14/2025 4:24:37,1.17.2,PR1,20,3.90,nan,5,Left,Left,871,341,111,4,nan,nan,0.06
11/14/2025 4:38:08,1.17.2,PR1,20,3.91,nan,5,Left,Left,872,341,111,4,nan,nan,0.06
11/14/2025 4:38:10,1.17.2,PR1,20,3.90,nan,5,Left,Left,873,341,111,4,nan,nan,0.22
11/14/2025 4:38:12,1.17.2,PR1,20,3.90,nan,5,Left,Left,874,341,111,4,nan,nan,0.09
11/14/2025 4:40:26,1.17.2,PR1,20,3.90,nan,5,Right,Left,874,342,111,4,nan,nan,0.02
11/14/2025 4:40:30,1.17.2,PR1,20,3.90,nan,5,Left,Left,875,342,111,4,nan,nan,0.03
11/14/2025 4:40:31,1.17.2,PR1,20,3.90,1,5,Pellet,Left,875,342,112,5,0.17,965,nan
11/14/2025 4:41:52,1.17.2,PR1,20,3.90,nan,6,Right,Left,875,343,112,5,nan,nan,0.21
11/14/2025 4:43:24,1.17.2,PR1,20,3.90,nan,6,Left,Left,876,343,112,5,nan,nan,0.10
11/14/2025 4:44:37,1.17.2,PR1,20,3.90,nan,6,Left,Left,877,343,112,5,nan,nan,0.13
11/14/2025 4:44:38,1.17.2,PR1,20,3.90,nan,6,Left,Left,878,343,112,5,nan,nan,0.14
11/14/2025 4:44:40,1.17.2,PR1,20,3.90,nan,6,Left,Left,879,343,112,5,nan,nan,0.15
11/14/2025 4:44:44,1.17.2,PR1,20,3.90,nan,6,Right,Left,879,344,112,5,nan,nan,0.25
11/14/2025 4:44:45,1.17.2,PR1,20,3.90,nan,6,Right,Left,879,345,112,5,nan,nan,0.10
11/14/2025 4:47:50,1.17.2,PR1,20,3.90,nan,6,Left,Left,880,345,112,5,nan,nan,0.02
11/14/2025 4:48:49,1.17.2,PR1,20,3.90,nan,6,Left,Left,881,345,112,5,nan,nan,0.07
11/14/2025 4:48:53,1.17.2,PR1,20,3.90,3,6,Pellet,Left,881,345,113,6,0.41,501,nan
11/14/2025 4:49:35,1.17.2,PR1,20,3.90,nan,7,Right,Left,881,346,113,6,nan,nan,0.19
11/14/2025 4:49:37,1.17.2,PR1,20,3.91,nan,7,Left,Left,882,346,113,6,nan,nan,0.01
11/14/2025 4:49:39,1.17.2,PR1,20,3.90,nan,7,Left,Left,883,346,113,6,nan,nan,0.22
11/14/2025 4:49:41,1.17.2,PR1,20,3.90,nan,7,Left,Left,884,346,113,6,nan,nan,0.10
11/14/2025 4:49:43,1.17.2,PR1,20,3.90,nan,7,Left,Left,885,346,113,6,nan,nan,0.76
11/14/2025 4:49:47,1.17.2,PR1,20,3.89,nan,7,Left,Left,886,346,113,6,nan,nan,0.04
11/14/2025 4:49:49,1.17.2,PR1,20,3.90,nan,7,Left,Left,887,346,113,6,nan,nan,0.05
11/14/2025 4:49:51,1.17.2,PR1,20,3.89,nan,7,Left,Left,888,346,113,6,nan,nan,0.25
11/14/2025 4:49:53,1.17.2,PR1,20,3.90,1,7,Pellet,Left,888,346,114,7,0.41,60,nan
11/14/2025 4:50:30,1.17.2,PR1,20,3.90,nan,8,Left,Left,889,346,114,7,nan,nan,0.16
11/14/2025 4:50:37,1.17.2,PR1,20,3.90,nan,8,Right,Left,889,347,114,7,nan,nan,0.29
11/14/2025 4:50:38,1.17.2,PR1,20,3.90,nan,8,Right,Left,889,348,114,7,nan,nan,0.09
11/14/2025 4:51:34,1.17.2,PR1,20,3.90,nan,8,Right,Left,889,349,114,7,nan,nan,0.43
11/14/2025 4:51:35,1.17.2,PR1,20,3.90,nan,8,Right,Left,889,350,114,7,nan,nan,0.00
11/14/2025 4:51:38,1.17.2,PR1,20,3.91,nan,8,Left,Left,890,350,114,7,nan,nan,0.33
11/14/2025 4:51:44,1.17.2,PR1,20,3.90,nan,8,Left,Left,891,350,114,7,nan,nan,0.05
11/14/2025 4:51:45,1.17.2,PR1,20,3.90,nan,8,Left,Left,892,350,114,7,nan,nan,0.42
11/14/2025 4:51:47,1.17.2,PR1,20,3.90,nan,8,Left,Left,893,350,114,7,nan,nan,0.57
11/14/2025 4:52:00,1.17.2,PR1,20,3.90,nan,8,Left,Left,894,350,114,7,nan,nan,0.17
11/14/2025 4:52:02,1.17.2,PR1,20,3.90,nan,8,Left,Left,895,350,114,7,nan,nan,0.16
11/14/2025 4:59:34,1.17.2,PR1,20,3.90,nan,8,Left,Left,896,350,114,7,nan,nan,0.02
11/14/2025 4:59:35,1.17.2,PR1,20,3.89,1,8,Pellet,Left,896,350,115,8,0.17,583,nan
11/14/2025 4:59:44,1.17.2,PR1,20,3.90,nan,9,Left,Left,897,350,115,8,nan,nan,0.11
11/14/2025 5:09:49,1.17.2,PR1,20,3.89,nan,9,Right,Left,897,351,115,8,nan,nan,0.13
11/14/2025 5:09:50,1.17.2,PR1,20,3.90,nan,9,Right,Left,897,352,115,8,nan,nan,0.15
11/14/2025 5:09:52,1.17.2,PR1,20,3.90,nan,9,Left,Left,898,352,115,8,nan,nan,0.12
11/14/2025 5:09:53,1.17.2,PR1,20,3.90,nan,9,Left,Left,899,352,115,8,nan,nan,0.13
11/14/2025 5:09:57,1.17.2,PR1,20,3.90,nan,9,Left,Left,900,352,115,8,nan,nan,0.10
11/14/2025 5:14:24,1.17.2,PR1,20,3.90,nan,9,Right,Left,900,353,115,8,nan,nan,0.17
11/14/2025 5:14:26,1.17.2,PR1,20,3.90,nan,9,Right,Left,900,354,115,8,nan,nan,0.09
11/14/2025 5:14:27,1.17.2,PR1,20,3.90,nan,9,Left,Left,901,354,115,8,nan,nan,0.30
11/14/2025 5:14:29,1.17.2,PR1,20,3.90,nan,9,Left,Left,902,354,115,8,nan,nan,0.00
11/14/2025 5:16:18,1.17.2,PR1,20,3.90,nan,9,Left,Left,903,354,115,8,nan,nan,0.49
11/14/2025 5:16:20,1.17.2,PR1,20,3.90,nan,9,Left,Left,904,354,115,8,nan,nan,0.13
11/14/2025 5:16:22,1.17.2,PR1,20,3.89,nan,9,Left,Left,905,354,115,8,nan,nan,0.14
11/14/2025 5:16:23,1.17.2,PR1,20,3.90,1,9,Pellet,Left,905,354,116,9,0.11,1007,nan
11/14/2025 5:16:38,1.17.2,PR1,20,3.90,nan,10,Left,Left,906,354,116,9,nan,nan,0.14
11/14/2025 5:17:22,1.17.2,PR1,20,3.90,nan,10,Left,Left,907,354,116,9,nan,nan,0.34
11/14/2025 5:17:29,1.17.2,PR1,20,3.91,nan,10,Right,Left,907,355,116,9,nan,nan,0.12
11/14/2025 5:17:30,1.17.2,PR1,20,3.90,nan,10,Right,Left,907,356,116,9,nan,nan,0.00
11/14/2025 5:17:34,1.17.2,PR1,20,3.90,nan,10,Left,Left,908,356,116,9,nan,nan,0.04
11/14/2025 5:17:35,1.17.2,PR1,20,3.90,nan,10,Left,Left,909,356,116,9,nan,nan,0.18
11/14/2025 5:17:37,1.17.2,PR1,20,3.90,nan,10,Left,Left,910,356,116,9,nan,nan,0.09
11/14/2025 5:17:39,1.17.2,PR1,20,3.90,nan,10,Left,Left,911,356,116,9,nan,nan,0.12
11/14/2025 5:17:41,1.17.2,PR1,20,3.89,nan,10,Left,Left,912,356,116,9,nan,nan,0.36
11/14/2025 5:17:52,1.17.2,PR1,20,3.90,nan,10,Left,Left,913,356,116,9,nan,nan,0.09
11/14/2025 5:17:53,1.17.2,PR1,20,3.90,nan,10,Right,Left,913,357,116,9,nan,nan,0.00
11/14/2025 5:17:54,1.17.2,PR1,20,3.91,nan,10,Left,Left,914,357,116,9,nan,nan,0.11
11/14/2025 5:22:44,1.17.2,PR1,20,3.90,nan,10,Right,Left,914,358,116,9,nan,nan,0.09
11/14/2025 5:22:46,1.17.2,PR1,20,3.90,nan,10,Left,Left,915,358,116,9,nan,nan,0.04
11/14/2025 5:22:48,1.17.2,PR1,20,3.90,1,10,Pellet,Left,915,358,117,10,0.59,385,nan
11/14/2025 5:23:09,1.17.2,PR1,20,3.91,nan,11,Left,Left,916,358,117,10,nan,nan,0.18
11/14/2025 5:23:11,1.17.2,PR1,20,3.90,nan,11,Left,Left,917,358,117,10,nan,nan,0.50
11/14/2025 5:29:24,1.17.2,PR1,20,3.90,nan,11,Left,Left,918,358,117,10,nan,nan,0.13
11/14/2025 5:29:29,1.17.2,PR1,20,3.90,nan,11,Left,Left,919,358,117,10,nan,nan,0.23
11/14/2025 5:40:07,1.17.2,PR1,20,3.89,nan,11,Right,Left,919,359,117,10,nan,nan,0.05
11/14/2025 5:40:08,1.17.2,PR1,20,3.90,nan,11,Right,Left,919,360,117,10,nan,nan,0.00
11/14/2025 5:40:09,1.17.2,PR1,20,3.90,nan,11,Right,Left,919,361,117,10,nan,nan,0.03
11/14/2025 5:40:11,1.17.2,PR1,20,3.90,nan,11,Left,Left,920,361,117,10,nan,nan,0.13
11/14/2025 5:40:13,1.17.2,PR1,20,3.90,nan,11,Left,Left,921,361,117,10,nan,nan,0.27
11/14/2025 5:40:14,1.17.2,PR1,20,3.90,nan,11,Left,Left,922,361,117,10,nan,nan,0.13
11/14/2025 5:54:46,1.17.2,PR1,20,3.89,nan,11,Right,Left,922,362,117,10,nan,nan,0.08
11/14/2025 5:54:53,1.17.2,PR1,20,3.90,nan,11,Left,Left,923,362,117,10,nan,nan,0.09
11/14/2025 6:00:34,1.17.2,PR1,20,3.90,nan,11,Left,Left,924,362,117,10,nan,nan,0.03
11/14/2025 6:02:21,1.17.2,PR1,20,3.90,nan,11,Left,Left,925,362,117,10,nan,nan,0.07
11/14/2025 6:04:29,1.17.2,PR1,20,3.90,nan,11,Left,Left,926,362,117,10,nan,nan,0.12
11/14/2025 6:04:31,1.17.2,PR1,20,3.89,1,11,Pellet,Left,926,362,118,11,0.53,2503,nan
11/14/2025 6:04:47,1.17.2,PR1,20,3.90,nan,12,Left,Left,927,362,118,11,nan,nan,0.06
11/14/2025 6:06:26,1.17.2,PR1,20,3.90,nan,12,Left,Left,928,362,118,11,nan,nan,0.10
11/14/2025 6:06:28,1.17.2,PR1,20,3.90,nan,12,Left,Left,929,362,118,11,nan,nan,0.05
11/14/2025 6:23:55,1.17.2,PR1,20,3.90,nan,12,Left,Left,930,362,118,11,nan,nan,0.15
11/14/2025 6:23:58,1.17.2,PR1,20,3.90,nan,12,Left,Left,931,362,118,11,nan,nan,0.23
11/14/2025 6:24:01,1.17.2,PR1,20,3.90,nan,12,Left,Left,932,362,118,11,nan,nan,0.29
11/14/2025 6:24:04,1.17.2,PR1,20,3.90,nan,12,Left,Left,933,362,118,11,nan,nan,0.19
11/14/2025 6:24:06,1.17.2,PR1,20,3.89,nan,12,Left,Left,934,362,118,11,nan,nan,0.35
11/14/2025 6:24:08,1.17.2,PR1,20,3.90,nan,12,Left,Left,935,362,118,11,nan,nan,0.00
11/14/2025 6:45:04,1.17.2,PR1,20,3.90,nan,12,Left,Left,936,362,118,11,nan,nan,0.03
11/14/2025 6:45:44,1.17.2,PR1,20,3.89,nan,12,Left,Left,937,362,118,11,nan,nan,0.28
11/14/2025 6:45:45,1.17.2,PR1,20,3.89,nan,12,Left,Left,938,362,118,11,nan,nan,0.00
11/14/2025 6:45:46,1.17.2,PR1,20,3.89,1,12,Pellet,Left,938,362,119,12,0.47,2476,nan
11/14/2025 6:46:08,1.17.2,PR1,20,3.90,nan,13,Left,Left,939,362,119,12,nan,nan,0.15
11/14/2025 6:46:09,1.17.2,PR1,20,3.90,nan,13,Left,Left,940,362,119,12,nan,nan,0.00
11/14/2025 6:46:23,1.17.2,PR1,20,3.90,nan,13,Left,Left,941,362,119,12,nan,nan,0.44
11/14/2025 6:46:34,1.17.2,PR1,20,3.89,nan,13,Left,Left,942,362,119,12,nan,nan,1.31
11/14/2025 6:46:38,1.17.2,PR1,20,3.89,nan,13,Left,Left,943,362,119,12,nan,nan,1.11
11/14/2025 6:46:40,1.17.2,PR1,20,3.89,nan,13,Left,Left,944,362,119,12,nan,nan,0.01
11/14/2025 6:46:44,1.17.2,PR1,20,3.89,nan,13,Left,Left,945,362,119,12,nan,nan,0.25
11/14/2025 6:47:02,1.17.2,PR1,20,3.89,nan,13,Right,Left,945,363,119,12,nan,nan,0.12
11/14/2025 6:47:03,1.17.2,PR1,20,3.90,nan,13,Right,Left,945,364,119,12,nan,nan,0.00
11/14/2025 6:47:04,1.17.2,PR1,20,3.90,nan,13,Right,Left,945,365,119,12,nan,nan,0.00
11/14/2025 6:47:05,1.17.2,PR1,20,3.89,nan,13,Right,Left,945,366,119,12,nan,nan,0.00
11/14/2025 6:47:51,1.17.2,PR1,20,3.89,nan,13,Left,Left,946,366,119,12,nan,nan,0.15
11/14/2025 6:47:56,1.17.2,PR1,20,3.90,nan,13,Left,Left,947,366,119,12,nan,nan,0.26
11/14/2025 6:47:58,1.17.2,PR1,20,3.89,nan,13,Left,Left,948,366,119,12,nan,nan,0.59
11/14/2025 6:48:00,1.17.2,PR1,20,3.90,nan,13,Left,Left,949,366,119,12,nan,nan,0.60
11/14/2025 6:48:42,1.17.2,PR1,20,3.89,nan,13,Right,Left,949,367,119,12,nan,nan,0.30
11/14/2025 6:48:46,1.17.2,PR1,20,3.90,nan,13,Left,Left,950,367,119,12,nan,nan,0.19
11/14/2025 6:48:48,1.17.2,PR1,20,3.90,nan,13,Left,Left,951,367,119,12,nan,nan,0.31
11/14/2025 6:48:49,1.17.2,PR1,20,3.89,1,13,Pellet,Left,951,367,120,13,0.41,183,nan
11/14/2025 6:49:14,1.17.2,PR1,20,3.89,nan,14,Right,Left,951,368,120,13,nan,nan,0.13
11/14/2025 6:49:16,1.17.2,PR1,20,3.90,nan,14,Left,Left,952,368,120,13,nan,nan,0.28
11/14/2025 9:58:24,1.17.2,PR1,20,3.89,nan,1,Left,Left,953,368,120,0,nan,nan,0.33
11/14/2025 9:58:27,1.17.2,PR1,20,3.88,2,1,Pellet,Left,953,368,121,1,0.17,11378,nan
11/14/2025 9:58:42,1.17.2,PR1,20,3.89,nan,2,Left,Left,954,368,121,1,nan,nan,0.16
11/14/2025 9:58:43,1.17.2,PR1,20,3.89,nan,2,Left,Left,955,368,121,1,nan,nan,0.17
11/14/2025 9:58:44,1.17.2,PR1,20,3.89,1,2,Pellet,Left,955,368,122,2,0.65,17,nan
11/14/2025 9:59:12,1.17.2,PR1,20,3.89,nan,3,Left,Left,956,368,122,2,nan,nan,0.12
11/14/2025 9:59:14,1.17.2,PR1,20,3.89,nan,3,Left,Left,957,368,122,2,nan,nan,0.22
11/14/2025 9:59:19,1.17.2,PR1,20,3.89,nan,3,Right,Left,957,369,122,2,nan,nan,0.17
11/14/2025 9:59:24,1.17.2,PR1,20,3.89,nan,3,Left,Left,958,369,122,2,nan,nan,0.03
11/14/2025 9:59:25,1.17.2,PR1,20,3.89,1,3,Pellet,Left,958,369,123,3,0.29,41,nan
11/14/2025 9:59:34,1.17.2,PR1,20,3.89,nan,4,Left,Left,959,369,123,3,nan,nan,0.13
11/14/2025 9:59:36,1.17.2,PR1,20,3.89,nan,4,Left,Left,960,369,123,3,nan,nan,0.23
11/14/2025 10:00:13,1.17.2,PR1,20,3.89,nan,4,Right,Left,960,370,123,3,nan,nan,0.11
11/14/2025 10:02:17,1.17.2,PR1,20,3.89,nan,4,Right,Left,960,371,123,3,nan,nan,0.18
11/14/2025 10:02:33,1.17.2,PR1,20,3.89,nan,4,Left,Left,961,371,123,3,nan,nan,0.18
11/14/2025 10:02:34,1.17.2,PR1,20,3.89,nan,4,Left,Left,962,371,123,3,nan,nan,0.15
11/14/2025 10:02:36,1.17.2,PR1,20,3.89,1,4,Pellet,Left,962,371,124,4,0.35,190,nan
11/14/2025 10:03:04,1.17.2,PR1,20,3.89,nan,5,Left,Left,963,371,124,4,nan,nan,0.18
11/14/2025 10:03:05,1.17.2,PR1,20,3.89,nan,5,Left,Left,964,371,124,4,nan,nan,0.11
11/14/2025 10:03:07,1.17.2,PR1,20,3.89,nan,5,Left,Left,965,371,124,4,nan,nan,0.11
11/14/2025 10:04:21,1.17.2,PR1,20,3.89,nan,5,Right,Left,965,372,124,4,nan,nan,0.11
11/14/2025 10:04:34,1.17.2,PR1,20,3.89,nan,5,Right,Left,965,373,124,4,nan,nan,0.04
11/14/2025 10:13:08,1.17.2,PR1,20,3.89,nan,5,Left,Left,966,373,124,4,nan,nan,0.10
11/14/2025 10:23:45,1.17.2,PR1,20,3.89,nan,5,Right,Left,966,374,124,4,nan,nan,0.17
11/14/2025 13:33:53,1.17.2,PR1,20,3.89,nan,1,Right,Left,966,375,124,0,nan,nan,0.14
11/14/2025 13:33:55,1.17.2,PR1,20,3.88,nan,1,Left,Left,967,375,124,0,nan,nan,0.20
11/14/2025 13:33:59,1.17.2,PR1,20,3.88,2,1,Pellet,Left,967,375,125,1,0.71,12684,nan
11/14/2025 13:34:24,1.17.2,PR1,20,3.89,nan,2,Left,Left,968,375,125,1,nan,nan,0.09
11/14/2025 13:55:33,1.17.2,PR1,20,3.88,nan,2,Left,Left,969,375,125,1,nan,nan,0.13
11/14/2025 13:55:37,1.17.2,PR1,20,3.88,2,2,Pellet,Left,969,375,126,2,0.06,1297,nan
11/14/2025 13:56:08,1.17.2,PR1,20,3.88,nan,3,Left,Left,970,375,126,2,nan,nan,0.04
11/14/2025 13:56:10,1.17.2,PR1,20,3.89,nan,3,Left,Left,971,375,126,2,nan,nan,0.10
11/14/2025 13:56:20,1.17.2,PR1,20,3.88,nan,3,Left,Left,972,375,126,2,nan,nan,0.13
11/14/2025 13:56:22,1.17.2,PR1,20,3.88,1,3,Pellet,Left,972,375,127,3,1.31,46,nan
11/14/2025 13:56:45,1.17.2,PR1,20,3.88,nan,4,Left,Left,973,375,127,3,nan,nan,0.61
11/14/2025 13:56:48,1.17.2,PR1,20,3.88,nan,4,Left,Left,974,375,127,3,nan,nan,0.40
11/14/2025 13:56:49,1.17.2,PR1,20,3.89,nan,4,Left,Left,975,375,127,3,nan,nan,0.00
11/14/2025 13:56:54,1.17.2,PR1,20,3.88,nan,4,Left,Left,976,375,127,3,nan,nan,0.36
11/14/2025 13:56:55,1.17.2,PR1,20,3.88,2,4,Pellet,Left,976,375,128,4,0.11,32,nan
11/14/2025 13:57:11,1.17.2,PR1,20,3.88,nan,5,Left,Left,977,375,128,4,nan,nan,0.07
11/14/2025 13:57:48,1.17.2,PR1,20,3.88,nan,5,Right,Left,977,376,128,4,nan,nan,0.23
11/14/2025 13:57:49,1.17.2,PR1,20,3.88,nan,5,Right,Left,977,377,128,4,nan,nan,0.05
11/14/2025 13:57:52,1.17.2,PR1,20,3.89,nan,5,Left,Left,978,377,128,4,nan,nan,0.13
11/14/2025 14:00:37,1.17.2,PR1,20,3.88,nan,5,Left,Left,979,377,128,4,nan,nan,0.06
11/14/2025 14:00:38,1.17.2,PR1,20,3.88,nan,5,Left,Left,980,377,128,4,nan,nan,0.15
