MM:DD:YYYY hh:mm:ss,Library_Version,Session_type,Device_Number,Battery_Voltage,Motor_Turns,PelletsToSwitch,Prob_left,Prob_right,Event,High_prob_poke,Left_Poke_Count,Right_Poke_Count,Pellet_Count,Block_Pellet_Count,Retrieval_Time,InterPelletInterval,Poke_Time
11/10/2025 18:16:50,1.17.2,Bandit80,10,4.01,nan,20,20,80,Right,Right,0,1,0,0,nan,nan,0.37
11/10/2025 18:18:02,1.17.2,Bandit80,10,4.02,3,20,20,80,Pellet,Right,0,1,1,0,Timed_out,nan,nan
11/10/2025 18:19:57,1.17.2,Bandit80,10,4.01,nan,20,20,80,Right,Right,0,2,1,1,nan,nan,0.24
11/10/2025 18:19:59,1.17.2,Bandit80,10,4.01,1,20,20,80,Pellet,Right,0,2,2,1,1.73,117,nan
11/10/2025 18:22:00,1.17.2,Bandit80,10,4.01,nan,20,20,80,Left,Right,1,2,2,2,nan,nan,0.23
11/10/2025 18:23:18,1.17.2,Bandit80,10,4.01,nan,20,20,80,Left,Right,2,2,2,2,nan,nan,0.01
11/10/2025 18:23:26,1.17.2,Bandit80,10,4.02,nan,20,20,80,LeftinTimeOut,Right,2,2,2,2,nan,nan,nan
11/10/2025 18:24:24,1.17.2,Bandit80,10,4.01,nan,20,20,80,Left,Right,3,2,2,2,nan,nan,0.01
11/10/2025 18:26:52,1.17.2,Bandit80,10,4.01,nan,20,20,80,Right,Right,3,3,2,2,nan,nan,0.14
11/10/2025 18:27:30,1.17.2,Bandit80,10,4.01,nan,20,20,80,Left,Right,4,3,2,2,nan,nan,0.17
11/10/2025 18:27:32,1.17.2,Bandit80,10,4.00,nan,20,20,80,RightinTimeout,Right,4,3,2,2,nan,nan,0.00
11/10/2025 18:27:33,1.17.2,Bandit80,10,4.00,nan,20,20,80,RightinTimeout,Right,4,3,2,2,nan,nan,0.00
11/10/2025 18:27:33,1.17.2,Bandit80,10,4.00,nan,20,20,80,RightinTimeout,Right,4,3,2,2,nan,nan,0.00
11/10/2025 18:27:33,1.17.2,Bandit80,10,4.00,nan,20,20,80,RightinTimeout,Right,4,3,2,2,nan,nan,0.00
11/10/2025 18:35:29,1.17.2,Bandit80,10,4.02,nan,20,20,80,Right,Right,4,4,2,2,nan,nan,0.12
11/10/2025 18:35:33,1.17.2,Bandit80,10,4.01,2,20,20,80,Pellet,Right,4,4,3,2,0.47,933,nan
11/10/2025 18:35:57,1.17.2,Bandit80,10,4.01,nan,20,20,80,Right,Right,4,5,3,3,nan,nan,0.21
11/10/2025 18:36:00,1.17.2,Bandit80,10,4.02,1,20,20,80,Pellet,Right,4,5,4,3,2.45,28,nan
11/10/2025 18:36:29,1.17.2,Bandit80,10,4.02,nan,20,20,80,Right,Right,4,6,4,4,nan,nan,0.01
11/10/2025 18:36:30,1.17.2,Bandit80,10,4.01,1,20,20,80,Pellet,Right,4,6,5,4,0.47,30,nan
11/10/2025 18:36:41,1.17.2,Bandit80,10,4.01,nan,20,20,80,Right,Right,4,7,5,5,nan,nan,0.19
11/10/2025 18:37:44,1.17.2,Bandit80,10,4.02,nan,20,20,80,Right,Right,4,8,5,5,nan,nan,0.18
11/10/2025 18:37:46,1.17.2,Bandit80,10,4.01,nan,20,20,80,RightinTimeout,Right,4,8,5,5,nan,nan,0.00
11/10/2025 18:39:05,1.17.2,Bandit80,10,4.01,nan,20,20,80,Left,Right,5,8,5,5,nan,nan,0.27
11/10/2025 18:46:55,1.17.2,Bandit80,10,4.01,nan,20,20,80,Right,Right,5,9,5,5,nan,nan,0.38
11/10/2025 18:46:56,1.17.2,Bandit80,10,4.01,1,20,20,80,Pellet,Right,5,9,6,5,0.83,626,nan
11/10/2025 18:47:08,1.17.2,Bandit80,10,4.01,nan,20,20,80,Right,Right,5,10,6,6,nan,nan,0.09
11/10/2025 18:47:10,1.17.2,Bandit80,10,4.01,2,20,20,80,Pellet,Right,5,10,7,6,0.95,14,nan
11/10/2025 18:47:22,1.17.2,Bandit80,10,4.01,nan,20,20,80,Right,Right,5,11,7,7,nan,nan,0.13
11/10/2025 18:47:23,1.17.2,Bandit80,10,4.01,1,20,20,80,Pellet,Right,5,11,8,7,0.41,13,nan
11/10/2025 18:47:34,1.17.2,Bandit80,10,4.01,nan,20,20,80,Right,Right,5,12,8,8,nan,nan,0.18
11/10/2025 18:47:36,1.17.2,Bandit80,10,4.01,1,20,20,80,Pellet,Right,5,12,9,8,1.37,13,nan
11/10/2025 18:47:52,1.17.2,Bandit80,10,4.00,nan,20,20,80,Right,Right,5,13,9,9,nan,nan,0.25
11/10/2025 18:47:55,1.17.2,Bandit80,10,4.01,2,20,20,80,Pellet,Right,5,13,10,9,0.83,19,nan
11/10/2025 18:48:08,1.17.2,Bandit80,10,4.01,nan,20,20,80,Right,Right,5,14,10,10,nan,nan,0.22
11/10/2025 18:48:09,1.17.2,Bandit80,10,4.01,1,20,20,80,Pellet,Right,5,14,11,10,0.59,14,nan
11/10/2025 18:57:45,1.17.2,Bandit80,10,4.01,nan,20,20,80,Right,Right,5,15,11,11,nan,nan,0.22
11/10/2025 18:57:48,1.17.2,Bandit80,10,4.02,2,20,20,80,Pellet,Right,5,15,12,11,0.47,579,nan
11/10/2025 18:58:13,1.17.2,Bandit80,10,4.00,nan,20,20,80,Right,Right,5,16,12,12,nan,nan,0.20
11/10/2025 18:58:14,1.17.2,Bandit80,10,4.01,1,20,20,80,Pellet,Right,5,16,13,12,0.47,26,nan
11/10/2025 18:58:21,1.17.2,Bandit80,10,4.01,nan,20,20,80,Right,Right,5,17,13,13,nan,nan,0.20
11/10/2025 18:58:22,1.17.2,Bandit80,10,4.01,nan,20,20,80,RightinTimeout,Right,5,17,13,13,nan,nan,0.00
11/10/2025 18:58:24,1.17.2,Bandit80,10,4.01,nan,20,20,80,RightinTimeout,Right,5,17,13,13,nan,nan,0.00
11/10/2025 18:58:24,1.17.2,Bandit80,10,4.01,nan,20,20,80,RightinTimeout,Right,5,17,13,13,nan,nan,0.00
11/10/2025 18:59:06,1.17.2,Bandit80,10,4.01,nan,20,20,80,Left,Right,6,17,13,13,nan,nan,0.02
11/10/2025 18:59:06,1.17.2,Bandit80,10,4.01,nan,20,20,80,LeftinTimeOut,Right,6,17,13,13,nan,nan,nan
11/10/2025 18:59:08,1.17.2,Bandit80,10,4.01,nan,20,20,80,LeftinTimeOut,Right,6,17,13,13,nan,nan,nan
11/10/2025 18:59:08,1.17.2,Bandit80,10,4.01,nan,20,20,80,LeftinTimeOut,Right,6,17,13,13,nan,nan,nan
11/10/2025 19:04:07,1.17.2,Bandit80,10,4.01,nan,20,20,80,Left,Right,7,17,13,13,nan,nan,0.02
11/10/2025 19:06:20,1.17.2,Bandit80,10,4.01,nan,20,20,80,Left,Right,8,17,13,13,nan,nan,0.02
11/10/2025 19:09:39,1.17.2,Bandit80,10,4.01,nan,20,20,80,Left,Right,9,17,13,13,nan,nan,0.05
11/10/2025 19:10:14,1.17.2,Bandit80,10,4.01,nan,20,20,80,Right,Right,9,18,13,13,nan,nan,0.60
11/10/2025 19:10:16,1.17.2,Bandit80,10,4.01,nan,20,20,80,RightinTimeout,Right,9,18,13,13,nan,nan,0.00
11/10/2025 19:13:40,1.17.2,Bandit80,10,4.00,nan,20,20,80,Left,Right,10,18,13,13,nan,nan,0.28
11/10/2025 19:25:08,1.17.2,Bandit80,10,4.00,nan,20,20,80,Right,Right,10,19,13,13,nan,nan,0.14
11/10/2025 19:25:10,1.17.2,Bandit80,10,4.00,1,20,20,80,Pellet,Right,10,19,14,13,1.49,1616,nan
11/10/2025 19:25:35,1.17.2,Bandit80,10,4.00,nan,20,20,80,Right,Right,10,20,14,14,nan,nan,0.00
11/10/2025 19:26:14,1.17.2,Bandit80,10,4.01,1,20,20,80,Pellet,Right,10,20,15,14,38.07,64,nan
11/10/2025 19:26:51,1.17.2,Bandit80,10,4.01,nan,20,20,80,Left,Right,11,20,15,15,nan,nan,0.00
11/10/2025 19:27:08,1.17.2,Bandit80,10,4.01,nan,20,20,80,Left,Right,12,20,15,15,nan,nan,0.11
11/10/2025 19:27:08,1.17.2,Bandit80,10,4.01,nan,20,20,80,LeftinTimeOut,Right,12,20,15,15,nan,nan,nan
11/10/2025 19:32:04,1.17.2,Bandit80,10,4.01,nan,20,20,80,Right,Right,12,21,15,15,nan,nan,0.35
11/10/2025 19:36:59,1.17.2,Bandit80,10,4.01,nan,20,20,80,Right,Right,12,22,15,15,nan,nan,0.14
11/10/2025 19:37:03,1.17.2,Bandit80,10,4.01,2,20,20,80,Pellet,Right,12,22,16,15,0.41,649,nan
11/10/2025 19:37:45,1.17.2,Bandit80,10,4.00,nan,20,20,80,Right,Right,12,23,16,16,nan,nan,0.00
11/10/2025 19:37:48,1.17.2,Bandit80,10,4.01,nan,20,20,80,RightinTimeout,Right,12,23,16,16,nan,nan,0.00
11/10/2025 19:41:23,1.17.2,Bandit80,10,4.00,nan,20,20,80,Left,Right,13,23,16,16,nan,nan,0.17
11/10/2025 19:47:38,1.17.2,Bandit80,10,4.01,nan,20,20,80,Left,Right,14,23,16,16,nan,nan,0.17
11/10/2025 19:55:08,1.17.2,Bandit80,10,4.01,nan,20,20,80,Right,Right,14,24,16,16,nan,nan,0.21
11/10/2025 19:55:11,1.17.2,Bandit80,10,4.00,1,20,20,80,Pellet,Right,14,24,17,16,2.33,1088,nan
11/10/2025 19:55:49,1.17.2,Bandit80,10,4.01,nan,20,20,80,Right,Right,14,25,17,17,nan,nan,0.02
11/10/2025 19:55:49,1.17.2,Bandit80,10,4.01,nan,20,20,80,RightDuringDispense,Right,14,25,17,17,nan,nan,0.09
11/10/2025 19:55:53,1.17.2,Bandit80,10,4.01,2,20,20,80,Pellet,Right,14,25,18,17,0.89,42,nan
11/10/2025 19:56:03,1.17.2,Bandit80,10,4.00,nan,20,20,80,Right,Right,14,26,18,18,nan,nan,0.11
11/10/2025 19:56:04,1.17.2,Bandit80,10,4.00,1,20,20,80,Pellet,Right,14,26,19,18,0.71,11,nan
11/10/2025 19:56:12,1.17.2,Bandit80,10,4.00,nan,20,20,80,Right,Right,14,27,19,19,nan,nan,0.12
11/10/2025 19:56:13,1.17.2,Bandit80,10,4.01,2,20,20,80,Pellet,Right,14,27,20,19,0.41,9,nan
11/10/2025 19:56:20,1.17.2,Bandit80,10,4.01,nan,20,80,20,Right,Left,14,28,20,0,nan,nan,0.01
11/10/2025 19:56:22,1.17.2,Bandit80,10,4.00,nan,20,80,20,RightinTimeout,Left,14,28,20,0,nan,nan,0.00
11/10/2025 19:56:54,1.17.2,Bandit80,10,4.01,nan,20,80,20,Left,Left,15,28,20,0,nan,nan,0.29
11/10/2025 19:59:00,1.17.2,Bandit80,10,4.01,nan,20,80,20,Left,Left,16,28,20,0,nan,nan,0.02
11/10/2025 20:07:30,1.17.2,Bandit80,10,4.00,nan,20,80,20,Right,Left,16,29,20,0,nan,nan,0.19
11/10/2025 20:07:35,1.17.2,Bandit80,10,4.01,nan,20,80,20,RightinTimeout,Left,16,29,20,0,nan,nan,0.00
11/10/2025 20:07:36,1.17.2,Bandit80,10,4.01,nan,20,80,20,RightinTimeout,Left,16,29,20,0,nan,nan,0.00
11/10/2025 20:10:31,1.17.2,Bandit80,10,4.00,nan,20,80,20,Right,Left,16,30,20,0,nan,nan,0.12
11/10/2025 20:12:41,1.17.2,Bandit80,10,4.01,nan,20,80,20,Left,Left,17,30,20,0,nan,nan,0.19
11/10/2025 20:12:43,1.17.2,Bandit80,10,4.01,1,20,80,20,Pellet,Left,17,30,21,0,0.41,990,nan
11/10/2025 20:13:57,1.17.2,Bandit80,10,4.01,nan,20,80,20,Right,Left,17,31,21,1,nan,nan,0.45
11/10/2025 20:17:45,1.17.2,Bandit80,10,4.00,nan,20,80,20,Right,Left,17,32,21,1,nan,nan,0.04
11/10/2025 20:17:46,1.17.2,Bandit80,10,4.01,nan,20,80,20,RightinTimeout,Left,17,32,21,1,nan,nan,0.00
11/10/2025 20:17:46,1.17.2,Bandit80,10,4.01,nan,20,80,20,RightinTimeout,Left,17,32,21,1,nan,nan,0.00
11/10/2025 20:23:09,1.17.2,Bandit80,10,4.01,nan,20,80,20,Right,Left,17,33,21,1,nan,nan,0.07
11/10/2025 20:23:10,1.17.2,Bandit80,10,4.01,1,20,80,20,Pellet,Left,17,33,22,1,0.53,627,nan
11/10/2025 20:23:56,1.17.2,Bandit80,10,4.00,nan,20,80,20,Left,Left,18,33,22,2,nan,nan,0.18
11/10/2025 20:23:58,1.17.2,Bandit80,10,4.00,1,20,80,20,Pellet,Left,18,33,23,2,0.35,47,nan
11/10/2025 20:29:28,1.17.2,Bandit80,10,4.00,nan,20,80,20,Left,Left,19,33,23,3,nan,nan,0.03
11/10/2025 20:36:15,1.17.2,Bandit80,10,4.01,nan,20,80,20,Left,Left,20,33,23,3,nan,nan,0.32
11/10/2025 20:36:18,1.17.2,Bandit80,10,4.00,1,20,80,20,Pellet,Left,20,33,24,3,1.79,741,nan
11/10/2025 20:36:28,1.17.2,Bandit80,10,4.01,nan,20,80,20,Left,Left,21,33,24,4,nan,nan,0.17
11/10/2025 20:36:30,1.17.2,Bandit80,10,4.00,1,20,80,20,Pellet,Left,21,33,25,4,1.25,12,nan
11/10/2025 20:42:22,1.17.2,Bandit80,10,4.00,nan,20,80,20,Left,Left,22,33,25,5,nan,nan,0.40
11/10/2025 20:42:24,1.17.2,Bandit80,10,4.00,nan,20,80,20,LeftinTimeOut,Left,22,33,25,5,nan,nan,nan
11/10/2025 20:42:25,1.17.2,Bandit80,10,4.00,nan,20,80,20,LeftinTimeOut,Left,22,33,25,5,nan,nan,nan
11/10/2025 20:45:12,1.17.2,Bandit80,10,4.01,nan,20,80,20,Right,Left,22,34,25,5,nan,nan,0.41
11/10/2025 20:45:14,1.17.2,Bandit80,10,4.00,nan,20,80,20,RightinTimeout,Left,22,34,25,5,nan,nan,0.00
11/10/2025 20:56:43,1.17.2,Bandit80,10,4.00,nan,20,80,20,Right,Left,22,35,25,5,nan,nan,0.09
11/10/2025 20:56:43,1.17.2,Bandit80,10,4.00,nan,20,80,20,RightinTimeout,Left,22,35,25,5,nan,nan,0.00
11/10/2025 20:56:43,1.17.2,Bandit80,10,4.00,nan,20,80,20,RightinTimeout,Left,22,35,25,5,nan,nan,0.00
11/10/2025 20:56:44,1.17.2,Bandit80,10,4.00,nan,20,80,20,RightinTimeout,Left,22,35,25,5,nan,nan,0.00
11/10/2025 20:56:44,1.17.2,Bandit80,10,4.01,nan,20,80,20,RightinTimeout,Left,22,35,25,5,nan,nan,0.00
11/10/2025 20:56:45,1.17.2,Bandit80,10,4.00,nan,20,80,20,RightinTimeout,Left,22,35,25,5,nan,nan,0.00
11/10/2025 20:56:48,1.17.2,Bandit80,10,4.00,nan,20,80,20,RightinTimeout,Left,22,35,25,5,nan,nan,0.00
11/10/2025 20:56:49,1.17.2,Bandit80,10,4.01,nan,20,80,20,RightinTimeout,Left,22,35,25,5,nan,nan,0.00
11/10/2025 20:56:49,1.17.2,Bandit80,10,4.00,nan,20,80,20,RightinTimeout,Left,22,35,25,5,nan,nan,0.00
11/10/2025 20:56:50,1.17.2,Bandit80,10,4.00,nan,20,80,20,RightinTimeout,Left,22,35,25,5,nan,nan,0.00
11/10/2025 20:56:50,1.17.2,Bandit80,10,4.01,nan,20,80,20,RightinTimeout,Left,22,35,25,5,nan,nan,0.00
11/10/2025 20:56:52,1.17.2,Bandit80,10,4.01,nan,20,80,20,RightinTimeout,Left,22,35,25,5,nan,nan,0.00
11/10/2025 20:56:52,1.17.2,Bandit80,10,4.00,nan,20,80,20,RightinTimeout,Left,22,35,25,5,nan,nan,0.00
11/10/2025 20:56:53,1.17.2,Bandit80,10,4.00,nan,20,80,20,RightinTimeout,Left,22,35,25,5,nan,nan,0.00
11/10/2025 20:56:53,1.17.2,Bandit80,10,4.00,nan,20,80,20,RightinTimeout,Left,22,35,25,5,nan,nan,0.00
11/10/2025 21:00:49,1.17.2,Bandit80,10,4.00,nan,20,80,20,Right,Left,22,36,25,5,nan,nan,0.62
11/10/2025 21:23:31,1.17.2,Bandit80,10,4.00,nan,20,80,20,Right,Left,22,37,25,5,nan,nan,0.16
11/10/2025 21:23:34,1.17.2,Bandit80,10,4.00,nan,20,80,20,RightinTimeout,Left,22,37,25,5,nan,nan,0.00
11/10/2025 21:23:37,1.17.2,Bandit80,10,4.00,nan,20,80,20,RightinTimeout,Left,22,37,25,5,nan,nan,0.00
11/10/2025 21:23:37,1.17.2,Bandit80,10,4.00,nan,20,80,20,RightinTimeout,Left,22,37,25,5,nan,nan,0.00
11/10/2025 21:23:38,1.17.2,Bandit80,10,4.00,nan,20,80,20,RightinTimeout,Left,22,37,25,5,nan,nan,0.00
11/10/2025 21:23:38,1.17.2,Bandit80,10,4.00,nan,20,80,20,RightinTimeout,Left,22,37,25,5,nan,nan,0.00
11/10/2025 21:23:40,1.17.2,Bandit80,10,4.01,nan,20,80,20,RightinTimeout,Left,22,37,25,5,nan,nan,0.00
11/10/2025 21:23:44,1.17.2,Bandit80,10,4.00,nan,20,80,20,LeftinTimeOut,Left,22,37,25,5,nan,nan,nan
11/10/2025 21:23:44,1.17.2,Bandit80,10,4.00,nan,20,80,20,LeftinTimeOut,Left,22,37,25,5,nan,nan,nan
11/10/2025 21:23:45,1.17.2,Bandit80,10,4.00,nan,20,80,20,LeftinTimeOut,Left,22,37,25,5,nan,nan,nan
11/10/2025 21:23:46,1.17.2,Bandit80,10,3.99,nan,20,80,20,LeftinTimeOut,Left,22,37,25,5,nan,nan,nan
11/10/2025 21:23:47,1.17.2,Bandit80,10,4.00,nan,20,80,20,LeftinTimeOut,Left,22,37,25,5,nan,nan,nan
11/10/2025 21:23:50,1.17.2,Bandit80,10,4.00,nan,20,80,20,RightinTimeout,Left,22,37,25,5,nan,nan,0.00
11/10/2025 21:23:50,1.17.2,Bandit80,10,4.00,nan,20,80,20,RightinTimeout,Left,22,37,25,5,nan,nan,0.00
11/10/2025 21:23:56,1.17.2,Bandit80,10,4.00,nan,20,80,20,LeftinTimeOut,Left,22,37,25,5,nan,nan,nan
11/10/2025 21:23:56,1.17.2,Bandit80,10,4.01,nan,20,80,20,LeftinTimeOut,Left,22,37,25,5,nan,nan,nan
11/10/2025 21:24:17,1.17.2,Bandit80,10,4.01,nan,20,80,20,Right,Left,22,38,25,5,nan,nan,0.06
11/10/2025 21:24:20,1.17.2,Bandit80,10,4.00,nan,20,80,20,RightinTimeout,Left,22,38,25,5,nan,nan,0.00
11/10/2025 21:24:27,1.17.2,Bandit80,10,4.00,nan,20,80,20,RightinTimeout,Left,22,38,25,5,nan,nan,0.00
11/10/2025 21:24:28,1.17.2,Bandit80,10,4.00,nan,20,80,20,RightinTimeout,Left,22,38,25,5,nan,nan,0.00
11/10/2025 21:24:28,1.17.2,Bandit80,10,4.00,nan,20,80,20,RightinTimeout,Left,22,38,25,5,nan,nan,0.00
11/10/2025 21:24:30,1.17.2,Bandit80,10,4.01,nan,20,80,20,RightinTimeout,Left,22,38,25,5,nan,nan,0.00
11/10/2025 21:24:30,1.17.2,Bandit80,10,4.00,nan,20,80,20,RightinTimeout,Left,22,38,25,5,nan,nan,0.00
11/10/2025 21:24:31,1.17.2,Bandit80,10,4.00,nan,20,80,20,RightinTimeout,Left,22,38,25,5,nan,nan,0.00
11/10/2025 21:24:34,1.17.2,Bandit80,10,4.00,nan,20,80,20,RightinTimeout,Left,22,38,25,5,nan,nan,0.00
11/10/2025 21:24:35,1.17.2,Bandit80,10,4.00,nan,20,80,20,RightinTimeout,Left,22,38,25,5,nan,nan,0.00
11/10/2025 21:24:51,1.17.2,Bandit80,10,4.00,nan,20,80,20,Left,Left,23,38,25,5,nan,nan,0.93
11/10/2025 21:24:52,1.17.2,Bandit80,10,4.00,nan,20,80,20,LeftWithPellet,Left,23,38,25,5,nan,nan,0.13
11/10/2025 21:24:53,1.17.2,Bandit80,10,4.00,1,20,80,20,Pellet,Left,23,38,26,5,1.15,2903,nan
11/10/2025 21:25:00,1.17.2,Bandit80,10,4.00,nan,20,80,20,Left,Left,24,38,26,6,nan,nan,0.05
11/10/2025 21:25:02,1.17.2,Bandit80,10,4.00,1,20,80,20,Pellet,Left,24,38,27,6,0.77,9,nan
11/10/2025 21:25:15,1.17.2,Bandit80,10,4.00,nan,20,80,20,Right,Left,24,39,27,7,nan,nan,0.10
11/10/2025 21:25:21,1.17.2,Bandit80,10,4.00,nan,20,80,20,LeftinTimeOut,Left,24,39,27,7,nan,nan,nan
11/10/2025 21:25:25,1.17.2,Bandit80,10,4.00,nan,20,80,20,RightinTimeout,Left,24,39,27,7,nan,nan,0.00
11/10/2025 21:25:27,1.17.2,Bandit80,10,4.00,nan,20,80,20,RightinTimeout,Left,24,39,27,7,nan,nan,0.00
11/10/2025 21:25:27,1.17.2,Bandit80,10,4.00,nan,20,80,20,RightinTimeout,Left,24,39,27,7,nan,nan,0.00
11/10/2025 21:25:28,1.17.2,Bandit80,10,3.99,nan,20,80,20,RightinTimeout,Left,24,39,27,7,nan,nan,0.00
11/10/2025 21:25:31,1.17.2,Bandit80,10,4.00,nan,20,80,20,LeftinTimeOut,Left,24,39,27,7,nan,nan,nan
11/10/2025 21:25:32,1.17.2,Bandit80,10,4.01,nan,20,80,20,LeftinTimeOut,Left,24,39,27,7,nan,nan,nan
11/10/2025 21:25:34,1.17.2,Bandit80,10,4.01,nan,20,80,20,LeftinTimeOut,Left,24,39,27,7,nan,nan,nan
11/10/2025 21:25:35,1.17.2,Bandit80,10,4.01,nan,20,80,20,LeftinTimeOut,Left,24,39,27,7,nan,nan,nan
11/10/2025 21:25:37,1.17.2,Bandit80,10,4.01,nan,20,80,20,LeftinTimeOut,Left,24,39,27,7,nan,nan,nan
11/10/2025 21:25:38,1.17.2,Bandit80,10,4.00,nan,20,80,20,LeftinTimeOut,Left,24,39,27,7,nan,nan,nan
11/10/2025 21:25:39,1.17.2,Bandit80,10,4.00,nan,20,80,20,LeftinTimeOut,Left,24,39,27,7,nan,nan,nan
11/10/2025 21:25:41,1.17.2,Bandit80,10,4.00,nan,20,80,20,LeftinTimeOut,Left,24,39,27,7,nan,nan,nan
11/10/2025 21:25:45,1.17.2,Bandit80,10,4.00,nan,20,80,20,LeftinTimeOut,Left,24,39,27,7,nan,nan,nan
11/10/2025 21:25:45,1.17.2,Bandit80,10,4.01,nan,20,80,20,LeftinTimeOut,Left,24,39,27,7,nan,nan,nan
11/10/2025 21:25:46,1.17.2,Bandit80,10,4.00,nan,20,80,20,LeftinTimeOut,Left,24,39,27,7,nan,nan,nan
11/10/2025 21:25:46,1.17.2,Bandit80,10,4.01,nan,20,80,20,LeftinTimeOut,Left,24,39,27,7,nan,nan,nan
11/10/2025 21:25:47,1.17.2,Bandit80,10,4.00,nan,20,80,20,LeftinTimeOut,Left,24,39,27,7,nan,nan,nan
11/10/2025 21:25:50,1.17.2,Bandit80,10,3.99,nan,20,80,20,LeftinTimeOut,Left,24,39,27,7,nan,nan,nan
11/10/2025 21:25:51,1.17.2,Bandit80,10,4.00,nan,20,80,20,LeftinTimeOut,Left,24,39,27,7,nan,nan,nan
11/10/2025 21:25:51,1.17.2,Bandit80,10,4.01,nan,20,80,20,LeftinTimeOut,Left,24,39,27,7,nan,nan,nan
11/10/2025 21:25:53,1.17.2,Bandit80,10,4.00,nan,20,80,20,LeftinTimeOut,Left,24,39,27,7,nan,nan,nan
11/10/2025 21:25:55,1.17.2,Bandit80,10,4.01,nan,20,80,20,LeftinTimeOut,Left,24,39,27,7,nan,nan,nan
11/10/2025 21:25:55,1.17.2,Bandit80,10,4.00,nan,20,80,20,LeftinTimeOut,Left,24,39,27,7,nan,nan,nan
11/10/2025 21:25:59,1.17.2,Bandit80,10,4.00,nan,20,80,20,LeftinTimeOut,Left,24,39,27,7,nan,nan,nan
11/10/2025 21:26:00,1.17.2,Bandit80,10,4.01,nan,20,80,20,LeftinTimeOut,Left,24,39,27,7,nan,nan,nan
11/10/2025 21:26:31,1.17.2,Bandit80,10,4.00,nan,20,80,20,Right,Left,24,40,27,7,nan,nan,0.01
11/10/2025 21:26:31,1.17.2,Bandit80,10,4.00,nan,20,80,20,RightinTimeout,Left,24,40,27,7,nan,nan,0.00
11/10/2025 21:26:32,1.17.2,Bandit80,10,4.00,nan,20,80,20,RightinTimeout,Left,24,40,27,7,nan,nan,0.00
11/10/2025 21:26:32,1.17.2,Bandit80,10,4.00,nan,20,80,20,RightinTimeout,Left,24,40,27,7,nan,nan,0.00
11/10/2025 21:26:32,1.17.2,Bandit80,10,4.00,nan,20,80,20,RightinTimeout,Left,24,40,27,7,nan,nan,0.00
11/10/2025 21:26:33,1.17.2,Bandit80,10,4.00,nan,20,80,20,RightinTimeout,Left,24,40,27,7,nan,nan,0.00
11/10/2025 21:26:33,1.17.2,Bandit80,10,4.01,nan,20,80,20,RightinTimeout,Left,24,40,27,7,nan,nan,0.00
11/10/2025 21:26:35,1.17.2,Bandit80,10,4.01,nan,20,80,20,RightinTimeout,Left,24,40,27,7,nan,nan,0.00
11/10/2025 21:26:35,1.17.2,Bandit80,10,4.00,nan,20,80,20,RightinTimeout,Left,24,40,27,7,nan,nan,0.00
11/10/2025 21:26:35,1.17.2,Bandit80,10,4.00,nan,20,80,20,RightinTimeout,Left,24,40,27,7,nan,nan,0.00
11/10/2025 21:26:36,1.17.2,Bandit80,10,4.00,nan,20,80,20,RightinTimeout,Left,24,40,27,7,nan,nan,0.00
11/10/2025 21:26:39,1.17.2,Bandit80,10,4.00,nan,20,80,20,RightinTimeout,Left,24,40,27,7,nan,nan,0.00
11/10/2025 21:26:41,1.17.2,Bandit80,10,4.00,nan,20,80,20,RightinTimeout,Left,24,40,27,7,nan,nan,0.00
11/10/2025 21:26:41,1.17.2,Bandit80,10,4.00,nan,20,80,20,RightinTimeout,Left,24,40,27,7,nan,nan,0.00
11/10/2025 21:26:42,1.17.2,Bandit80,10,4.01,nan,20,80,20,RightinTimeout,Left,24,40,27,7,nan,nan,0.00
11/10/2025 21:26:43,1.17.2,Bandit80,10,4.00,nan,20,80,20,RightinTimeout,Left,24,40,27,7,nan,nan,0.00
11/10/2025 21:26:43,1.17.2,Bandit80,10,4.01,nan,20,80,20,RightinTimeout,Left,24,40,27,7,nan,nan,0.00
11/10/2025 21:26:43,1.17.2,Bandit80,10,4.00,nan,20,80,20,RightinTimeout,Left,24,40,27,7,nan,nan,0.00
11/10/2025 21:26:44,1.17.2,Bandit80,10,4.00,nan,20,80,20,RightinTimeout,Left,24,40,27,7,nan,nan,0.00
11/10/2025 21:27:06,1.17.2,Bandit80,10,4.00,nan,20,80,20,Left,Left,25,40,27,7,nan,nan,0.19
11/10/2025 21:28:01,1.17.2,Bandit80,10,4.00,nan,20,80,20,Left,Left,26,40,27,7,nan,nan,0.01
11/10/2025 21:28:49,1.17.2,Bandit80,10,4.00,nan,20,80,20,Left,Left,27,40,27,7,nan,nan,0.05
11/10/2025 21:28:50,1.17.2,Bandit80,10,4.00,1,20,80,20,Pellet,Left,27,40,28,7,0.41,228,nan
11/10/2025 21:29:02,1.17.2,Bandit80,10,4.00,nan,20,80,20,Left,Left,28,40,28,8,nan,nan,0.11
11/10/2025 21:29:03,1.17.2,Bandit80,10,4.00,1,20,80,20,Pellet,Left,28,40,29,8,0.59,13,nan
11/10/2025 21:29:09,1.17.2,Bandit80,10,4.00,nan,20,80,20,Left,Left,29,40,29,9,nan,nan,0.12
11/10/2025 21:29:11,1.17.2,Bandit80,10,4.00,1,20,80,20,Pellet,Left,29,40,30,9,0.77,7,nan
11/10/2025 21:29:16,1.17.2,Bandit80,10,4.00,nan,20,80,20,Left,Left,30,40,30,10,nan,nan,0.13
11/10/2025 21:29:18,1.17.2,Bandit80,10,4.00,nan,20,80,20,LeftinTimeOut,Left,30,40,30,10,nan,nan,nan
11/10/2025 21:29:18,1.17.2,Bandit80,10,4.00,nan,20,80,20,LeftinTimeOut,Left,30,40,30,10,nan,nan,nan
11/10/2025 21:29:20,1.17.2,Bandit80,10,4.00,nan,20,80,20,LeftinTimeOut,Left,30,40,30,10,nan,nan,nan
11/10/2025 21:29:23,1.17.2,Bandit80,10,4.00,nan,20,80,20,LeftinTimeOut,Left,30,40,30,10,nan,nan,nan
11/10/2025 21:29:24,1.17.2,Bandit80,10,4.00,nan,20,80,20,LeftinTimeOut,Left,30,40,30,10,nan,nan,nan
11/10/2025 21:29:26,1.17.2,Bandit80,10,4.00,nan,20,80,20,LeftinTimeOut,Left,30,40,30,10,nan,nan,nan
11/10/2025 21:29:30,1.17.2,Bandit80,10,4.01,nan,20,80,20,LeftinTimeOut,Left,30,40,30,10,nan,nan,nan
11/10/2025 21:29:31,1.17.2,Bandit80,10,4.01,nan,20,80,20,LeftinTimeOut,Left,30,40,30,10,nan,nan,nan
11/10/2025 21:29:32,1.17.2,Bandit80,10,4.00,nan,20,80,20,LeftinTimeOut,Left,30,40,30,10,nan,nan,nan
11/10/2025 21:29:38,1.17.2,Bandit80,10,4.00,nan,20,80,20,LeftinTimeOut,Left,30,40,30,10,nan,nan,nan
11/10/2025 21:29:50,1.17.2,Bandit80,10,4.01,nan,20,80,20,Right,Left,30,41,30,10,nan,nan,0.32
11/10/2025 21:30:25,1.17.2,Bandit80,10,4.00,nan,20,80,20,Right,Left,30,42,30,10,nan,nan,0.09
11/10/2025 21:30:26,1.17.2,Bandit80,10,4.00,nan,20,80,20,RightinTimeout,Left,30,42,30,10,nan,nan,0.00
11/10/2025 21:30:28,1.17.2,Bandit80,10,4.00,nan,20,80,20,RightinTimeout,Left,30,42,30,10,nan,nan,0.00
11/10/2025 21:30:31,1.17.2,Bandit80,10,4.01,nan,20,80,20,LeftinTimeOut,Left,30,42,30,10,nan,nan,nan
11/10/2025 21:31:27,1.17.2,Bandit80,10,4.00,nan,20,80,20,Right,Left,30,43,30,10,nan,nan,0.09
11/10/2025 21:31:51,1.17.2,Bandit80,10,4.00,nan,20,80,20,Left,Left,31,43,30,10,nan,nan,0.11
11/10/2025 21:31:52,1.17.2,Bandit80,10,4.01,1,20,80,20,Pellet,Left,31,43,31,10,0.47,162,nan
11/10/2025 21:32:02,1.17.2,Bandit80,10,4.00,nan,20,80,20,Right,Left,31,44,31,11,nan,nan,0.08
11/10/2025 21:32:04,1.17.2,Bandit80,10,4.00,nan,20,80,20,LeftinTimeOut,Left,31,44,31,11,nan,nan,nan
11/10/2025 21:32:05,1.17.2,Bandit80,10,4.01,nan,20,80,20,LeftinTimeOut,Left,31,44,31,11,nan,nan,nan
11/10/2025 21:32:07,1.17.2,Bandit80,10,4.00,nan,20,80,20,LeftinTimeOut,Left,31,44,31,11,nan,nan,nan
11/10/2025 21:32:07,1.17.2,Bandit80,10,4.00,nan,20,80,20,LeftinTimeOut,Left,31,44,31,11,nan,nan,nan
11/10/2025 21:32:08,1.17.2,Bandit80,10,4.00,nan,20,80,20,LeftinTimeOut,Left,31,44,31,11,nan,nan,nan
11/10/2025 21:32:09,1.17.2,Bandit80,10,4.01,nan,20,80,20,LeftinTimeOut,Left,31,44,31,11,nan,nan,nan
11/10/2025 21:33:08,1.17.2,Bandit80,10,4.00,nan,20,80,20,Right,Left,31,45,31,11,nan,nan,0.05
11/10/2025 21:37:07,1.17.2,Bandit80,10,4.00,nan,20,80,20,Right,Left,31,46,31,11,nan,nan,0.16
11/10/2025 21:37:09,1.17.2,Bandit80,10,4.00,nan,20,80,20,RightinTimeout,Left,31,46,31,11,nan,nan,0.00
11/10/2025 21:37:10,1.17.2,Bandit80,10,4.00,nan,20,80,20,RightinTimeout,Left,31,46,31,11,nan,nan,0.00
11/10/2025 21:37:11,1.17.2,Bandit80,10,4.00,nan,20,80,20,RightinTimeout,Left,31,46,31,11,nan,nan,0.00
11/10/2025 21:37:14,1.17.2,Bandit80,10,4.00,nan,20,80,20,RightinTimeout,Left,31,46,31,11,nan,nan,0.00
11/10/2025 21:40:39,1.17.2,Bandit80,10,4.00,nan,20,80,20,Left,Left,32,46,31,11,nan,nan,0.21
11/10/2025 21:40:42,1.17.2,Bandit80,10,4.00,nan,20,80,20,LeftinTimeOut,Left,32,46,31,11,nan,nan,nan
11/10/2025 21:40:43,1.17.2,Bandit80,10,4.00,nan,20,80,20,LeftinTimeOut,Left,32,46,31,11,nan,nan,nan
11/10/2025 21:41:38,1.17.2,Bandit80,10,4.00,nan,20,80,20,Right,Left,32,47,31,11,nan,nan,0.04
11/10/2025 21:41:41,1.17.2,Bandit80,10,4.00,1,20,80,20,Pellet,Left,32,47,32,11,2.15,589,nan
11/10/2025 21:41:48,1.17.2,Bandit80,10,4.00,nan,20,80,20,Right,Left,32,48,32,12,nan,nan,0.01
11/10/2025 21:41:51,1.17.2,Bandit80,10,4.00,nan,20,80,20,RightinTimeout,Left,32,48,32,12,nan,nan,0.00
11/10/2025 21:41:53,1.17.2,Bandit80,10,4.00,nan,20,80,20,RightinTimeout,Left,32,48,32,12,nan,nan,0.00
11/10/2025 21:41:53,1.17.2,Bandit80,10,4.00,nan,20,80,20,RightinTimeout,Left,32,48,32,12,nan,nan,0.00
11/10/2025 21:41:55,1.17.2,Bandit80,10,4.00,nan,20,80,20,RightinTimeout,Left,32,48,32,12,nan,nan,0.00
11/10/2025 21:49:20,1.17.2,Bandit80,10,4.00,nan,20,80,20,Right,Left,32,49,32,12,nan,nan,0.06
11/10/2025 21:49:21,1.17.2,Bandit80,10,4.00,nan,20,80,20,RightinTimeout,Left,32,49,32,12,nan,nan,0.00
11/10/2025 21:49:21,1.17.2,Bandit80,10,4.00,nan,20,80,20,RightinTimeout,Left,32,49,32,12,nan,nan,0.00
11/10/2025 21:49:22,1.17.2,Bandit80,10,4.00,nan,20,80,20,RightinTimeout,Left,32,49,32,12,nan,nan,0.00
11/10/2025 21:49:23,1.17.2,Bandit80,10,4.00,nan,20,80,20,RightinTimeout,Left,32,49,32,12,nan,nan,0.00
11/10/2025 21:49:23,1.17.2,Bandit80,10,4.00,nan,20,80,20,RightinTimeout,Left,32,49,32,12,nan,nan,0.00
11/10/2025 21:49:31,1.17.2,Bandit80,10,4.00,nan,20,80,20,LeftinTimeOut,Left,32,49,32,12,nan,nan,nan
11/10/2025 21:49:31,1.17.2,Bandit80,10,4.00,nan,20,80,20,LeftinTimeOut,Left,32,49,32,12,nan,nan,nan
11/10/2025 21:49:32,1.17.2,Bandit80,10,4.00,nan,20,80,20,LeftinTimeOut,Left,32,49,32,12,nan,nan,nan
11/10/2025 21:49:42,1.17.2,Bandit80,10,4.00,nan,20,80,20,RightinTimeout,Left,32,49,32,12,nan,nan,0.00
11/10/2025 21:52:45,1.17.2,Bandit80,10,4.00,nan,20,80,20,Right,Left,32,50,32,12,nan,nan,0.12
11/10/2025 21:52:47,1.17.2,Bandit80,10,4.00,nan,20,80,20,RightinTimeout,Left,32,50,32,12,nan,nan,0.00
11/10/2025 21:52:47,1.17.2,Bandit80,10,4.00,nan,20,80,20,RightinTimeout,Left,32,50,32,12,nan,nan,0.00
11/10/2025 21:52:51,1.17.2,Bandit80,10,4.00,nan,20,80,20,LeftinTimeOut,Left,32,50,32,12,nan,nan,nan
11/10/2025 21:52:51,1.17.2,Bandit80,10,4.00,nan,20,80,20,LeftinTimeOut,Left,32,50,32,12,nan,nan,nan
11/10/2025 21:52:53,1.17.2,Bandit80,10,4.00,nan,20,80,20,LeftinTimeOut,Left,32,50,32,12,nan,nan,nan
11/10/2025 21:52:54,1.17.2,Bandit80,10,4.00,nan,20,80,20,LeftinTimeOut,Left,32,50,32,12,nan,nan,nan
11/10/2025 21:52:56,1.17.2,Bandit80,10,4.01,nan,20,80,20,LeftinTimeOut,Left,32,50,32,12,nan,nan,nan
11/10/2025 21:58:23,1.17.2,Bandit80,10,4.00,nan,20,80,20,Left,Left,33,50,32,12,nan,nan,0.06
11/10/2025 21:58:25,1.17.2,Bandit80,10,4.00,1,20,80,20,Pellet,Left,33,50,33,12,0.53,1004,nan
11/10/2025 21:58:34,1.17.2,Bandit80,10,4.00,nan,20,80,20,Left,Left,34,50,33,13,nan,nan,0.04
11/10/2025 21:58:35,1.17.2,Bandit80,10,4.00,1,20,80,20,Pellet,Left,34,50,34,13,0.41,10,nan
11/10/2025 21:58:42,1.17.2,Bandit80,10,4.00,nan,20,80,20,Left,Left,35,50,34,14,nan,nan,0.02
11/10/2025 21:58:43,1.17.2,Bandit80,10,4.00,nan,20,80,20,LeftinTimeOut,Left,35,50,34,14,nan,nan,nan
11/10/2025 21:58:45,1.17.2,Bandit80,10,4.00,nan,20,80,20,LeftinTimeOut,Left,35,50,34,14,nan,nan,nan
11/10/2025 21:58:48,1.17.2,Bandit80,10,4.00,nan,20,80,20,LeftinTimeOut,Left,35,50,34,14,nan,nan,nan
11/10/2025 21:58:48,1.17.2,Bandit80,10,4.00,nan,20,80,20,LeftinTimeOut,Left,35,50,34,14,nan,nan,nan
11/10/2025 21:58:51,1.17.2,Bandit80,10,4.00,nan,20,80,20,LeftinTimeOut,Left,35,50,34,14,nan,nan,nan
11/10/2025 21:58:51,1.17.2,Bandit80,10,4.00,nan,20,80,20,LeftinTimeOut,Left,35,50,34,14,nan,nan,nan
11/10/2025 21:58:53,1.17.2,Bandit80,10,4.00,nan,20,80,20,LeftinTimeOut,Left,35,50,34,14,nan,nan,nan
11/10/2025 21:58:54,1.17.2,Bandit80,10,4.00,nan,20,80,20,LeftinTimeOut,Left,35,50,34,14,nan,nan,nan
11/10/2025 21:58:54,1.17.2,Bandit80,10,4.00,nan,20,80,20,LeftinTimeOut,Left,35,50,34,14,nan,nan,nan
11/10/2025 21:58:57,1.17.2,Bandit80,10,4.00,nan,20,80,20,LeftinTimeOut,Left,35,50,34,14,nan,nan,nan
11/10/2025 21:59:01,1.17.2,Bandit80,10,4.00,nan,20,80,20,RightinTimeout,Left,35,50,34,14,nan,nan,0.00
11/10/2025 21:59:02,1.17.2,Bandit80,10,4.00,nan,20,80,20,RightinTimeout,Left,35,50,34,14,nan,nan,0.00
11/10/2025 21:59:03,1.17.2,Bandit80,10,4.00,nan,20,80,20,RightinTimeout,Left,35,50,34,14,nan,nan,0.00
11/10/2025 21:59:09,1.17.2,Bandit80,10,4.00,nan,20,80,20,RightinTimeout,Left,35,50,34,14,nan,nan,0.00
11/10/2025 21:59:13,1.17.2,Bandit80,10,4.00,nan,20,80,20,LeftinTimeOut,Left,35,50,34,14,nan,nan,nan
11/10/2025 21:59:15,1.17.2,Bandit80,10,4.00,nan,20,80,20,RightinTimeout,Left,35,50,34,14,nan,nan,0.00
11/10/2025 22:17:00,1.17.2,Bandit80,10,4.00,nan,20,80,20,Right,Left,35,51,34,14,nan,nan,0.12
11/10/2025 22:17:01,1.17.2,Bandit80,10,4.00,1,20,80,20,Pellet,Left,35,51,35,14,0.29,1106,nan
11/10/2025 22:17:11,1.17.2,Bandit80,10,4.00,nan,20,80,20,Right,Left,35,52,35,15,nan,nan,0.40
11/10/2025 22:17:12,1.17.2,Bandit80,10,4.00,nan,20,80,20,RightinTimeout,Left,35,52,35,15,nan,nan,0.00
11/10/2025 22:17:13,1.17.2,Bandit80,10,4.00,nan,20,80,20,RightinTimeout,Left,35,52,35,15,nan,nan,0.00
11/10/2025 22:17:15,1.17.2,Bandit80,10,4.00,nan,20,80,20,RightinTimeout,Left,35,52,35,15,nan,nan,0.00
11/10/2025 22:17:17,1.17.2,Bandit80,10,4.00,nan,20,80,20,LeftinTimeOut,Left,35,52,35,15,nan,nan,nan
11/10/2025 22:17:17,1.17.2,Bandit80,10,4.00,nan,20,80,20,LeftinTimeOut,Left,35,52,35,15,nan,nan,nan
11/10/2025 22:17:19,1.17.2,Bandit80,10,4.00,nan,20,80,20,LeftinTimeOut,Left,35,52,35,15,nan,nan,nan
11/10/2025 22:17:20,1.17.2,Bandit80,10,4.00,nan,20,80,20,LeftinTimeOut,Left,35,52,35,15,nan,nan,nan
11/10/2025 22:17:20,1.17.2,Bandit80,10,4.00,nan,20,80,20,LeftinTimeOut,Left,35,52,35,15,nan,nan,nan
11/10/2025 22:17:22,1.17.2,Bandit80,10,4.00,nan,20,80,20,LeftinTimeOut,Left,35,52,35,15,nan,nan,nan
11/10/2025 22:17:24,1.17.2,Bandit80,10,4.00,nan,20,80,20,LeftinTimeOut,Left,35,52,35,15,nan,nan,nan
11/10/2025 22:17:25,1.17.2,Bandit80,10,4.00,nan,20,80,20,LeftinTimeOut,Left,35,52,35,15,nan,nan,nan
11/10/2025 22:17:25,1.17.2,Bandit80,10,4.00,nan,20,80,20,LeftinTimeOut,Left,35,52,35,15,nan,nan,nan
11/10/2025 22:17:27,1.17.2,Bandit80,10,4.00,nan,20,80,20,RightinTimeout,Left,35,52,35,15,nan,nan,0.00
11/10/2025 22:17:28,1.17.2,Bandit80,10,4.00,nan,20,80,20,RightinTimeout,Left,35,52,35,15,nan,nan,0.00
11/10/2025 22:17:28,1.17.2,Bandit80,10,4.00,nan,20,80,20,RightinTimeout,Left,35,52,35,15,nan,nan,0.00
11/10/2025 22:17:29,1.17.2,Bandit80,10,4.00,nan,20,80,20,RightinTimeout,Left,35,52,35,15,nan,nan,0.00
11/10/2025 22:17:52,1.17.2,Bandit80,10,4.00,nan,20,80,20,Right,Left,35,53,35,15,nan,nan,0.42
11/10/2025 22:17:52,1.17.2,Bandit80,10,4.00,nan,20,80,20,RightinTimeout,Left,35,53,35,15,nan,nan,0.00
11/10/2025 22:17:55,1.17.2,Bandit80,10,4.00,nan,20,80,20,RightinTimeout,Left,35,53,35,15,nan,nan,0.00
11/10/2025 22:17:56,1.17.2,Bandit80,10,4.00,nan,20,80,20,RightinTimeout,Left,35,53,35,15,nan,nan,0.00
11/10/2025 22:17:58,1.17.2,Bandit80,10,4.00,nan,20,80,20,RightinTimeout,Left,35,53,35,15,nan,nan,0.00
11/10/2025 22:17:58,1.17.2,Bandit80,10,4.00,nan,20,80,20,RightinTimeout,Left,35,53,35,15,nan,nan,0.00
11/10/2025 22:18:01,1.17.2,Bandit80,10,4.00,nan,20,80,20,LeftinTimeOut,Left,35,53,35,15,nan,nan,nan
11/10/2025 22:18:01,1.17.2,Bandit80,10,4.00,nan,20,80,20,LeftinTimeOut,Left,35,53,35,15,nan,nan,nan
11/10/2025 22:18:02,1.17.2,Bandit80,10,4.00,nan,20,80,20,LeftinTimeOut,Left,35,53,35,15,nan,nan,nan
11/10/2025 22:18:03,1.17.2,Bandit80,10,4.00,nan,20,80,20,LeftinTimeOut,Left,35,53,35,15,nan,nan,nan
11/10/2025 22:18:03,1.17.2,Bandit80,10,4.00,nan,20,80,20,LeftinTimeOut,Left,35,53,35,15,nan,nan,nan
11/10/2025 22:18:06,1.17.2,Bandit80,10,4.00,nan,20,80,20,RightinTimeout,Left,35,53,35,15,nan,nan,0.00
11/10/2025 22:18:06,1.17.2,Bandit80,10,4.00,nan,20,80,20,RightinTimeout,Left,35,53,35,15,nan,nan,0.00
11/10/2025 22:20:53,1.17.2,Bandit80,10,3.99,nan,20,80,20,Right,Left,35,54,35,15,nan,nan,0.11
11/10/2025 22:20:54,1.17.2,Bandit80,10,4.00,nan,20,80,20,RightinTimeout,Left,35,54,35,15,nan,nan,0.00
11/10/2025 22:20:57,1.17.2,Bandit80,10,4.00,nan,20,80,20,RightinTimeout,Left,35,54,35,15,nan,nan,0.00
11/10/2025 22:25:58,1.17.2,Bandit80,10,4.00,nan,20,80,20,Right,Left,35,55,35,15,nan,nan,0.00
11/10/2025 22:27:53,1.17.2,Bandit80,10,4.00,1,20,80,20,Pellet,Left,35,55,36,15,Timed_out,652,nan
11/10/2025 22:28:01,1.17.2,Bandit80,10,4.00,nan,20,80,20,Left,Left,36,55,36,16,nan,nan,0.01
11/10/2025 22:28:02,1.17.2,Bandit80,10,4.00,1,20,80,20,Pellet,Left,36,55,37,16,0.29,9,nan
11/10/2025 22:28:55,1.17.2,Bandit80,10,4.00,nan,20,80,20,Right,Left,36,56,37,17,nan,nan,0.10
11/10/2025 22:28:59,1.17.2,Bandit80,10,4.01,nan,20,80,20,LeftinTimeOut,Left,36,56,37,17,nan,nan,nan
11/10/2025 22:29:01,1.17.2,Bandit80,10,4.00,nan,20,80,20,LeftinTimeOut,Left,36,56,37,17,nan,nan,nan
11/10/2025 22:29:01,1.17.2,Bandit80,10,4.00,nan,20,80,20,LeftinTimeOut,Left,36,56,37,17,nan,nan,nan
11/10/2025 22:30:26,1.17.2,Bandit80,10,4.00,nan,20,80,20,Right,Left,36,57,37,17,nan,nan,0.08
11/10/2025 22:30:27,1.17.2,Bandit80,10,4.00,1,20,80,20,Pellet,Left,36,57,38,17,0.29,145,nan
11/10/2025 22:30:32,1.17.2,Bandit80,10,4.00,nan,20,80,20,Right,Left,36,58,38,18,nan,nan,0.04
11/10/2025 22:30:33,1.17.2,Bandit80,10,4.00,nan,20,80,20,RightinTimeout,Left,36,58,38,18,nan,nan,0.00
11/10/2025 22:30:36,1.17.2,Bandit80,10,4.00,nan,20,80,20,RightinTimeout,Left,36,58,38,18,nan,nan,0.00
11/10/2025 22:31:49,1.17.2,Bandit80,10,4.00,nan,20,80,20,Left,Left,37,58,38,18,nan,nan,0.12
11/10/2025 22:31:50,1.17.2,Bandit80,10,4.00,1,20,80,20,Pellet,Left,37,58,39,18,0.29,83,nan
11/10/2025 22:31:55,1.17.2,Bandit80,10,3.98,nan,20,80,20,Left,Left,38,58,39,19,nan,nan,0.09
11/10/2025 22:31:57,1.17.2,Bandit80,10,4.00,1,20,80,20,Pellet,Left,38,58,40,19,0.95,7,nan
11/10/2025 22:32:08,1.17.2,Bandit80,10,4.00,nan,20,20,80,Left,Right,39,58,40,0,nan,nan,0.09
11/10/2025 22:32:12,1.17.2,Bandit80,10,4.00,nan,20,20,80,LeftinTimeOut,Right,39,58,40,0,nan,nan,nan
11/10/2025 22:32:15,1.17.2,Bandit80,10,4.00,nan,20,20,80,LeftinTimeOut,Right,39,58,40,0,nan,nan,nan
11/10/2025 22:32:16,1.17.2,Bandit80,10,4.00,nan,20,20,80,LeftinTimeOut,Right,39,58,40,0,nan,nan,nan
11/10/2025 22:34:48,1.17.2,Bandit80,10,4.00,nan,20,20,80,Right,Right,39,59,40,0,nan,nan,0.29
11/10/2025 22:42:03,1.17.2,Bandit80,10,4.00,nan,20,20,80,Right,Right,39,60,40,0,nan,nan,0.01
11/10/2025 22:42:04,1.17.2,Bandit80,10,4.00,1,20,20,80,Pellet,Right,39,60,41,0,0.77,607,nan
11/10/2025 22:42:14,1.17.2,Bandit80,10,4.00,nan,20,20,80,Right,Right,39,61,41,1,nan,nan,0.07
11/10/2025 22:42:15,1.17.2,Bandit80,10,4.00,1,20,20,80,Pellet,Right,39,61,42,1,0.35,11,nan
11/10/2025 22:42:22,1.17.2,Bandit80,10,4.00,nan,20,20,80,Right,Right,39,62,42,2,nan,nan,0.07
11/10/2025 22:42:24,1.17.2,Bandit80,10,4.00,nan,20,20,80,RightinTimeout,Right,39,62,42,2,nan,nan,0.00
11/10/2025 22:42:25,1.17.2,Bandit80,10,4.00,nan,20,20,80,RightinTimeout,Right,39,62,42,2,nan,nan,0.00
11/10/2025 22:42:27,1.17.2,Bandit80,10,4.00,nan,20,20,80,RightinTimeout,Right,39,62,42,2,nan,nan,0.00
11/10/2025 22:43:38,1.17.2,Bandit80,10,4.00,nan,20,20,80,Right,Right,39,63,42,2,nan,nan,0.00
11/10/2025 22:43:38,1.17.2,Bandit80,10,4.00,1,20,20,80,Pellet,Right,39,63,43,2,0.29,83,nan
11/10/2025 22:43:48,1.17.2,Bandit80,10,4.00,nan,20,20,80,Right,Right,39,64,43,3,nan,nan,0.15
11/10/2025 22:43:49,1.17.2,Bandit80,10,4.00,1,20,20,80,Pellet,Right,39,64,44,3,0.29,11,nan
11/10/2025 22:44:04,1.17.2,Bandit80,10,4.00,nan,20,20,80,Right,Right,39,65,44,4,nan,nan,0.12
11/10/2025 22:44:05,1.17.2,Bandit80,10,4.00,1,20,20,80,Pellet,Right,39,65,45,4,0.53,16,nan
11/10/2025 22:44:19,1.17.2,Bandit80,10,4.00,nan,20,20,80,Right,Right,39,66,45,5,nan,nan,0.02
11/10/2025 22:44:20,1.17.2,Bandit80,10,4.00,1,20,20,80,Pellet,Right,39,66,46,5,0.29,15,nan
11/10/2025 22:44:37,1.17.2,Bandit80,10,4.00,nan,20,20,80,Right,Right,39,67,46,6,nan,nan,0.05
11/10/2025 22:44:39,1.17.2,Bandit80,10,4.00,1,20,20,80,Pellet,Right,39,67,47,6,0.41,19,nan
11/10/2025 23:03:10,1.17.2,Bandit80,10,4.00,nan,20,20,80,Right,Right,39,68,47,7,nan,nan,0.36
11/10/2025 23:03:11,1.17.2,Bandit80,10,4.00,1,20,20,80,Pellet,Right,39,68,48,7,0.29,1112,nan
11/10/2025 23:03:18,1.17.2,Bandit80,10,4.00,nan,20,20,80,Right,Right,39,69,48,8,nan,nan,0.15
11/10/2025 23:03:19,1.17.2,Bandit80,10,4.00,1,20,20,80,Pellet,Right,39,69,49,8,0.65,8,nan
11/10/2025 23:03:23,1.17.2,Bandit80,10,4.00,nan,20,20,80,Right,Right,39,70,49,9,nan,nan,0.12
11/10/2025 23:03:24,1.17.2,Bandit80,10,4.00,1,20,20,80,Pellet,Right,39,70,50,9,0.29,5,nan
11/10/2025 23:03:33,1.17.2,Bandit80,10,4.00,nan,20,20,80,Right,Right,39,71,50,10,nan,nan,0.10
11/10/2025 23:03:34,1.17.2,Bandit80,10,4.00,nan,20,20,80,RightinTimeout,Right,39,71,50,10,nan,nan,0.00
11/10/2025 23:03:34,1.17.2,Bandit80,10,4.00,nan,20,20,80,RightinTimeout,Right,39,71,50,10,nan,nan,0.00
11/10/2025 23:03:35,1.17.2,Bandit80,10,4.00,nan,20,20,80,RightinTimeout,Right,39,71,50,10,nan,nan,0.00
11/10/2025 23:03:36,1.17.2,Bandit80,10,4.00,nan,20,20,80,RightinTimeout,Right,39,71,50,10,nan,nan,0.00
11/10/2025 23:03:36,1.17.2,Bandit80,10,4.00,nan,20,20,80,RightinTimeout,Right,39,71,50,10,nan,nan,0.00
11/10/2025 23:03:37,1.17.2,Bandit80,10,4.00,nan,20,20,80,RightinTimeout,Right,39,71,50,10,nan,nan,0.00
11/10/2025 23:03:37,1.17.2,Bandit80,10,4.00,nan,20,20,80,RightinTimeout,Right,39,71,50,10,nan,nan,0.00
11/10/2025 23:03:40,1.17.2,Bandit80,10,4.00,nan,20,20,80,RightinTimeout,Right,39,71,50,10,nan,nan,0.00
11/10/2025 23:03:42,1.17.2,Bandit80,10,4.00,nan,20,20,80,RightinTimeout,Right,39,71,50,10,nan,nan,0.00
11/10/2025 23:03:46,1.17.2,Bandit80,10,4.00,nan,20,20,80,LeftinTimeOut,Right,39,71,50,10,nan,nan,nan
11/10/2025 23:03:47,1.17.2,Bandit80,10,4.00,nan,20,20,80,LeftinTimeOut,Right,39,71,50,10,nan,nan,nan
11/10/2025 23:03:48,1.17.2,Bandit80,10,4.00,nan,20,20,80,LeftinTimeOut,Right,39,71,50,10,nan,nan,nan
11/10/2025 23:03:49,1.17.2,Bandit80,10,4.00,nan,20,20,80,LeftinTimeOut,Right,39,71,50,10,nan,nan,nan
11/10/2025 23:03:49,1.17.2,Bandit80,10,4.00,nan,20,20,80,LeftinTimeOut,Right,39,71,50,10,nan,nan,nan
11/10/2025 23:03:50,1.17.2,Bandit80,10,4.00,nan,20,20,80,LeftinTimeOut,Right,39,71,50,10,nan,nan,nan
11/10/2025 23:03:55,1.17.2,Bandit80,10,4.00,nan,20,20,80,RightinTimeout,Right,39,71,50,10,nan,nan,0.00
11/10/2025 23:03:55,1.17.2,Bandit80,10,3.99,nan,20,20,80,RightinTimeout,Right,39,71,50,10,nan,nan,0.00
11/10/2025 23:03:56,1.17.2,Bandit80,10,4.00,nan,20,20,80,RightinTimeout,Right,39,71,50,10,nan,nan,0.00
11/10/2025 23:05:51,1.17.2,Bandit80,10,4.00,nan,20,20,80,Left,Right,40,71,50,10,nan,nan,0.24
11/10/2025 23:05:53,1.17.2,Bandit80,10,4.00,nan,20,20,80,LeftinTimeOut,Right,40,71,50,10,nan,nan,nan
11/10/2025 23:09:41,1.17.2,Bandit80,10,4.00,nan,20,20,80,Left,Right,41,71,50,10,nan,nan,0.18
11/10/2025 23:09:42,1.17.2,Bandit80,10,4.00,1,20,20,80,Pellet,Right,41,71,51,10,0.29,378,nan
11/10/2025 23:22:59,1.17.2,Bandit80,10,4.00,nan,20,20,80,Right,Right,41,72,51,11,nan,nan,0.14
11/10/2025 23:24:46,1.17.2,Bandit80,10,4.00,nan,20,20,80,Left,Right,42,72,51,11,nan,nan,0.08
11/10/2025 23:24:47,1.17.2,Bandit80,10,4.00,nan,20,20,80,RightinTimeout,Right,42,72,51,11,nan,nan,0.00
11/10/2025 23:27:30,1.17.2,Bandit80,10,4.00,nan,20,20,80,Left,Right,43,72,51,11,nan,nan,0.06
11/10/2025 23:30:54,1.17.2,Bandit80,10,4.00,nan,20,20,80,Right,Right,43,73,51,11,nan,nan,0.05
11/10/2025 23:30:55,1.17.2,Bandit80,10,4.00,1,20,20,80,Pellet,Right,43,73,52,11,0.53,1273,nan
11/10/2025 23:31:04,1.17.2,Bandit80,10,4.00,nan,20,20,80,Right,Right,43,74,52,12,nan,nan,0.17
11/10/2025 23:31:05,1.17.2,Bandit80,10,3.99,nan,20,20,80,RightinTimeout,Right,43,74,52,12,nan,nan,0.00
11/10/2025 23:33:55,1.17.2,Bandit80,10,4.00,nan,20,20,80,Right,Right,43,75,52,12,nan,nan,0.19
11/10/2025 23:33:56,1.17.2,Bandit80,10,4.00,nan,20,20,80,RightinTimeout,Right,43,75,52,12,nan,nan,0.00
11/10/2025 23:38:24,1.17.2,Bandit80,10,3.99,nan,20,20,80,Left,Right,44,75,52,12,nan,nan,0.14
11/10/2025 23:38:25,1.17.2,Bandit80,10,4.00,nan,20,20,80,LeftinTimeOut,Right,44,75,52,12,nan,nan,nan
11/10/2025 23:45:52,1.17.2,Bandit80,10,4.00,nan,20,20,80,Right,Right,44,76,52,12,nan,nan,0.09
11/10/2025 23:45:53,1.17.2,Bandit80,10,4.00,1,20,20,80,Pellet,Right,44,76,53,12,0.71,898,nan
11/10/2025 23:46:01,1.17.2,Bandit80,10,4.00,nan,20,20,80,Right,Right,44,77,53,13,nan,nan,0.12
11/10/2025 23:46:02,1.17.2,Bandit80,10,4.00,1,20,20,80,Pellet,Right,44,77,54,13,0.41,9,nan
11/10/2025 23:46:10,1.17.2,Bandit80,10,4.00,nan,20,20,80,Right,Right,44,78,54,14,nan,nan,0.03
11/10/2025 23:46:11,1.17.2,Bandit80,10,4.00,1,20,20,80,Pellet,Right,44,78,55,14,1.01,9,nan
11/10/2025 23:46:19,1.17.2,Bandit80,10,4.00,nan,20,20,80,Right,Right,44,79,55,15,nan,nan,0.01
11/10/2025 23:46:21,1.17.2,Bandit80,10,4.00,1,20,20,80,Pellet,Right,44,79,56,15,0.95,10,nan
11/10/2025 23:46:30,1.17.2,Bandit80,10,4.00,nan,20,20,80,Right,Right,44,80,56,16,nan,nan,0.04
11/10/2025 23:53:01,1.17.2,Bandit80,10,4.00,nan,20,20,80,Left,Right,45,80,56,16,nan,nan,0.11
11/10/2025 23:53:03,1.17.2,Bandit80,10,4.00,1,20,20,80,Pellet,Right,45,80,57,16,1.31,402,nan
11/10/2025 23:53:07,1.17.2,Bandit80,10,4.00,nan,20,20,80,Right,Right,45,81,57,17,nan,nan,0.02
11/10/2025 23:53:08,1.17.2,Bandit80,10,4.00,1,20,20,80,Pellet,Right,45,81,58,17,0.35,5,nan
11/11/2025 0:00:50,1.17.2,Bandit80,10,4.00,nan,20,20,80,Left,Right,46,81,58,18,nan,nan,0.03
11/11/2025 0:02:04,1.17.2,Bandit80,10,4.00,nan,20,20,80,Right,Right,46,82,58,18,nan,nan,0.06
11/11/2025 0:02:06,1.17.2,Bandit80,10,4.00,1,20,20,80,Pellet,Right,46,82,59,18,0.71,538,nan
11/11/2025 0:02:14,1.17.2,Bandit80,10,4.00,nan,20,20,80,Right,Right,46,83,59,19,nan,nan,0.16
11/11/2025 0:02:15,1.17.2,Bandit80,10,4.00,1,20,20,80,Pellet,Right,46,83,60,19,0.77,9,nan
11/11/2025 0:02:28,1.17.2,Bandit80,10,4.00,nan,20,80,20,Right,Left,46,84,60,0,nan,nan,0.19
11/11/2025 0:02:29,1.17.2,Bandit80,10,4.00,1,20,80,20,Pellet,Left,46,84,61,0,0.41,14,nan
11/11/2025 0:02:38,1.17.2,Bandit80,10,4.00,nan,20,80,20,Right,Left,46,85,61,1,nan,nan,0.07
11/11/2025 0:02:40,1.17.2,Bandit80,10,4.00,nan,20,80,20,RightinTimeout,Left,46,85,61,1,nan,nan,0.00
11/11/2025 0:21:42,1.17.2,Bandit80,10,4.00,nan,20,80,20,Left,Left,47,85,61,1,nan,nan,0.06
11/11/2025 0:21:44,1.17.2,Bandit80,10,4.00,1,20,80,20,Pellet,Left,47,85,62,1,1.01,1155,nan
11/11/2025 0:21:54,1.17.2,Bandit80,10,4.00,nan,20,80,20,Left,Left,48,85,62,2,nan,nan,0.11
11/11/2025 0:21:55,1.17.2,Bandit80,10,4.00,2,20,80,20,Pellet,Left,48,85,63,2,0.29,11,nan
11/11/2025 0:22:11,1.17.2,Bandit80,10,4.00,nan,20,80,20,Left,Left,49,85,63,3,nan,nan,0.03
11/11/2025 0:22:12,1.17.2,Bandit80,10,4.00,1,20,80,20,Pellet,Left,49,85,64,3,0.71,17,nan
11/11/2025 0:22:20,1.17.2,Bandit80,10,4.00,nan,20,80,20,Left,Left,50,85,64,4,nan,nan,0.07
11/11/2025 0:22:22,1.17.2,Bandit80,10,4.00,1,20,80,20,Pellet,Left,50,85,65,4,0.35,10,nan
11/11/2025 0:22:35,1.17.2,Bandit80,10,4.00,nan,20,80,20,Left,Left,51,85,65,5,nan,nan,0.00
11/11/2025 0:22:36,1.17.2,Bandit80,10,3.99,1,20,80,20,Pellet,Left,51,85,66,5,0.53,14,nan
11/11/2025 0:22:46,1.17.2,Bandit80,10,4.00,nan,20,80,20,Left,Left,52,85,66,6,nan,nan,0.20
11/11/2025 0:22:47,1.17.2,Bandit80,10,4.00,1,20,80,20,Pellet,Left,52,85,67,6,0.29,11,nan
11/11/2025 0:23:00,1.17.2,Bandit80,10,4.00,nan,20,80,20,Left,Left,53,85,67,7,nan,nan,0.00
11/11/2025 0:23:01,1.17.2,Bandit80,10,4.00,1,20,80,20,Pellet,Left,53,85,68,7,0.29,14,nan
11/11/2025 0:23:15,1.17.2,Bandit80,10,4.00,nan,20,80,20,Left,Left,54,85,68,8,nan,nan,0.05
11/11/2025 0:23:16,1.17.2,Bandit80,10,4.00,1,20,80,20,Pellet,Left,54,85,69,8,0.35,15,nan
11/11/2025 0:23:25,1.17.2,Bandit80,10,4.00,nan,20,80,20,Left,Left,55,85,69,9,nan,nan,0.08
11/11/2025 0:23:26,1.17.2,Bandit80,10,4.00,1,20,80,20,Pellet,Left,55,85,70,9,0.23,10,nan
11/11/2025 0:23:53,1.17.2,Bandit80,10,4.00,nan,20,80,20,Left,Left,56,85,70,10,nan,nan,0.16
11/11/2025 0:23:53,1.17.2,Bandit80,10,4.00,nan,20,80,20,LeftDuringDispense,Left,56,85,70,10,nan,nan,0.00
11/11/2025 0:23:56,1.17.2,Bandit80,10,4.00,2,20,80,20,Pellet,Left,56,85,71,10,0.41,30,nan
11/11/2025 1:16:34,1.17.2,Bandit80,10,4.00,nan,20,80,20,Left,Left,57,85,71,11,nan,nan,0.11
11/11/2025 1:16:35,1.17.2,Bandit80,10,4.00,1,20,80,20,Pellet,Left,57,85,72,11,0.71,3159,nan
11/11/2025 1:16:45,1.17.2,Bandit80,10,4.00,nan,20,80,20,Left,Left,58,85,72,12,nan,nan,0.21
11/11/2025 1:16:46,1.17.2,Bandit80,10,4.00,1,20,80,20,Pellet,Left,58,85,73,12,0.41,11,nan
11/11/2025 1:16:51,1.17.2,Bandit80,10,4.00,nan,20,80,20,Left,Left,59,85,73,13,nan,nan,0.07
11/11/2025 1:16:52,1.17.2,Bandit80,10,4.00,1,20,80,20,Pellet,Left,59,85,74,13,0.47,6,nan
11/11/2025 1:17:00,1.17.2,Bandit80,10,4.00,nan,20,80,20,Left,Left,60,85,74,14,nan,nan,0.13
11/11/2025 1:17:01,1.17.2,Bandit80,10,4.00,nan,20,80,20,LeftinTimeOut,Left,60,85,74,14,nan,nan,nan
11/11/2025 1:17:02,1.17.2,Bandit80,10,4.00,nan,20,80,20,LeftinTimeOut,Left,60,85,74,14,nan,nan,nan
11/11/2025 1:17:03,1.17.2,Bandit80,10,4.00,nan,20,80,20,LeftinTimeOut,Left,60,85,74,14,nan,nan,nan
11/11/2025 1:17:05,1.17.2,Bandit80,10,4.00,nan,20,80,20,LeftinTimeOut,Left,60,85,74,14,nan,nan,nan
11/11/2025 1:17:07,1.17.2,Bandit80,10,4.00,nan,20,80,20,LeftinTimeOut,Left,60,85,74,14,nan,nan,nan
11/11/2025 1:17:07,1.17.2,Bandit80,10,3.99,nan,20,80,20,LeftinTimeOut,Left,60,85,74,14,nan,nan,nan
11/11/2025 1:17:08,1.17.2,Bandit80,10,4.00,nan,20,80,20,LeftinTimeOut,Left,60,85,74,14,nan,nan,nan
11/11/2025 1:17:34,1.17.2,Bandit80,10,3.99,nan,20,80,20,Left,Left,61,85,74,14,nan,nan,0.14
11/11/2025 1:17:36,1.17.2,Bandit80,10,4.00,nan,20,80,20,RightinTimeout,Left,61,85,74,14,nan,nan,0.00
11/11/2025 1:17:37,1.17.2,Bandit80,10,4.00,nan,20,80,20,RightinTimeout,Left,61,85,74,14,nan,nan,0.00
11/11/2025 1:17:38,1.17.2,Bandit80,10,4.00,nan,20,80,20,RightinTimeout,Left,61,85,74,14,nan,nan,0.00
11/11/2025 1:17:43,1.17.2,Bandit80,10,4.00,nan,20,80,20,LeftinTimeOut,Left,61,85,74,14,nan,nan,nan
11/11/2025 1:17:44,1.17.2,Bandit80,10,4.00,nan,20,80,20,LeftinTimeOut,Left,61,85,74,14,nan,nan,nan
11/11/2025 1:21:51,1.17.2,Bandit80,10,4.00,nan,20,80,20,Left,Left,62,85,74,14,nan,nan,0.10
11/11/2025 1:21:54,1.17.2,Bandit80,10,4.00,2,20,80,20,Pellet,Left,62,85,75,14,0.59,302,nan
11/11/2025 1:22:06,1.17.2,Bandit80,10,4.00,nan,20,80,20,Left,Left,63,85,75,15,nan,nan,0.15
11/11/2025 1:22:07,1.17.2,Bandit80,10,4.00,1,20,80,20,Pellet,Left,63,85,76,15,0.35,13,nan
11/11/2025 1:22:14,1.17.2,Bandit80,10,4.00,nan,20,80,20,Left,Left,64,85,76,16,nan,nan,0.09
11/11/2025 1:22:15,1.17.2,Bandit80,10,4.00,1,20,80,20,Pellet,Left,64,85,77,16,0.29,8,nan
11/11/2025 1:22:22,1.17.2,Bandit80,10,4.00,nan,20,80,20,Left,Left,65,85,77,17,nan,nan,0.05
11/11/2025 1:22:24,1.17.2,Bandit80,10,4.00,1,20,80,20,Pellet,Left,65,85,78,17,0.41,9,nan
11/11/2025 1:32:48,1.17.2,Bandit80,10,4.00,nan,20,80,20,Left,Left,66,85,78,18,nan,nan,0.08
11/11/2025 1:32:50,1.17.2,Bandit80,10,4.00,1,20,80,20,Pellet,Left,66,85,79,18,0.89,626,nan
11/11/2025 1:32:57,1.17.2,Bandit80,10,4.00,nan,20,80,20,Left,Left,67,85,79,19,nan,nan,0.03
11/11/2025 1:32:59,1.17.2,Bandit80,10,4.00,1,20,80,20,Pellet,Left,67,85,80,19,0.35,9,nan
11/11/2025 1:33:06,1.17.2,Bandit80,10,4.00,nan,20,20,80,Left,Right,68,85,80,0,nan,nan,0.30
11/11/2025 1:33:07,1.17.2,Bandit80,10,3.99,1,20,20,80,Pellet,Right,68,85,81,0,0.41,8,nan
11/11/2025 1:33:17,1.17.2,Bandit80,10,4.00,nan,20,20,80,Left,Right,69,85,81,1,nan,nan,0.23
11/11/2025 1:33:18,1.17.2,Bandit80,10,4.00,nan,20,20,80,LeftinTimeOut,Right,69,85,81,1,nan,nan,nan
11/11/2025 1:33:19,1.17.2,Bandit80,10,4.00,nan,20,20,80,LeftinTimeOut,Right,69,85,81,1,nan,nan,nan
11/11/2025 1:33:22,1.17.2,Bandit80,10,4.00,nan,20,20,80,LeftinTimeOut,Right,69,85,81,1,nan,nan,nan
11/11/2025 1:58:10,1.17.2,Bandit80,10,4.00,nan,20,20,80,Left,Right,70,85,81,1,nan,nan,0.16
11/11/2025 1:58:11,1.17.2,Bandit80,10,4.00,nan,20,20,80,LeftinTimeOut,Right,70,85,81,1,nan,nan,nan
11/11/2025 1:58:13,1.17.2,Bandit80,10,4.00,nan,20,20,80,LeftinTimeOut,Right,70,85,81,1,nan,nan,nan
11/11/2025 2:15:20,1.17.2,Bandit80,10,3.99,nan,20,20,80,Left,Right,71,85,81,1,nan,nan,0.15
11/11/2025 2:15:21,1.17.2,Bandit80,10,4.00,1,20,20,80,Pellet,Right,71,85,82,1,0.65,2534,nan
11/11/2025 2:22:40,1.17.2,Bandit80,10,4.00,nan,20,20,80,Right,Right,71,86,82,2,nan,nan,0.47
11/11/2025 2:24:18,1.17.2,Bandit80,10,4.00,nan,20,20,80,Right,Right,71,87,82,2,nan,nan,0.34
11/11/2025 2:24:20,1.17.2,Bandit80,10,3.99,1,20,20,80,Pellet,Right,71,87,83,2,0.47,538,nan
11/11/2025 2:24:34,1.17.2,Bandit80,10,3.99,nan,20,20,80,Right,Right,71,88,83,3,nan,nan,0.15
11/11/2025 2:33:06,1.17.2,Bandit80,10,4.00,nan,20,20,80,Right,Right,71,89,83,3,nan,nan,0.17
11/11/2025 2:33:07,1.17.2,Bandit80,10,3.99,1,20,20,80,Pellet,Right,71,89,84,3,0.47,528,nan
11/11/2025 2:33:17,1.17.2,Bandit80,10,3.99,nan,20,20,80,Right,Right,71,90,84,4,nan,nan,0.16
11/11/2025 2:33:18,1.17.2,Bandit80,10,4.00,1,20,20,80,Pellet,Right,71,90,85,4,0.59,11,nan
11/11/2025 2:33:25,1.17.2,Bandit80,10,3.99,nan,20,20,80,Right,Right,71,91,85,5,nan,nan,0.10
11/11/2025 2:34:37,1.17.2,Bandit80,10,3.99,nan,20,20,80,Right,Right,71,92,85,5,nan,nan,0.01
11/11/2025 2:34:38,1.17.2,Bandit80,10,4.00,1,20,20,80,Pellet,Right,71,92,86,5,0.47,80,nan
11/11/2025 2:34:43,1.17.2,Bandit80,10,4.00,nan,20,20,80,Right,Right,71,93,86,6,nan,nan,0.12
11/11/2025 2:34:44,1.17.2,Bandit80,10,3.99,1,20,20,80,Pellet,Right,71,93,87,6,0.35,6,nan
11/11/2025 2:34:50,1.17.2,Bandit80,10,3.99,nan,20,20,80,Right,Right,71,94,87,7,nan,nan,0.04
11/11/2025 2:34:51,1.17.2,Bandit80,10,3.99,1,20,20,80,Pellet,Right,71,94,88,7,0.35,7,nan
11/11/2025 2:40:49,1.17.2,Bandit80,10,3.99,nan,20,20,80,Right,Right,71,95,88,8,nan,nan,0.11
11/11/2025 2:40:50,1.17.2,Bandit80,10,3.99,1,20,20,80,Pellet,Right,71,95,89,8,0.77,359,nan
11/11/2025 3:05:02,1.17.2,Bandit80,10,3.99,nan,20,20,80,Left,Right,72,95,89,9,nan,nan,0.14
11/11/2025 3:05:04,1.17.2,Bandit80,10,3.99,1,20,20,80,Pellet,Right,72,95,90,9,0.95,1454,nan
11/11/2025 3:20:40,1.17.2,Bandit80,10,4.00,nan,20,20,80,Left,Right,73,95,90,10,nan,nan,0.20
11/11/2025 3:31:55,1.17.2,Bandit80,10,3.99,nan,20,20,80,Right,Right,73,96,90,10,nan,nan,0.53
11/11/2025 3:31:56,1.17.2,Bandit80,10,3.99,1,20,20,80,Pellet,Right,73,96,91,10,0.35,1612,nan
11/11/2025 3:32:09,1.17.2,Bandit80,10,4.00,nan,20,20,80,Right,Right,73,97,91,11,nan,nan,0.10
11/11/2025 3:32:11,1.17.2,Bandit80,10,3.99,1,20,20,80,Pellet,Right,73,97,92,11,0.53,15,nan
11/11/2025 3:32:19,1.17.2,Bandit80,10,3.98,nan,20,20,80,Right,Right,73,98,92,12,nan,nan,0.10
11/11/2025 3:32:20,1.17.2,Bandit80,10,3.99,1,20,20,80,Pellet,Right,73,98,93,12,0.65,9,nan
11/11/2025 3:32:29,1.17.2,Bandit80,10,3.99,nan,20,20,80,Right,Right,73,99,93,13,nan,nan,0.10
11/11/2025 3:32:31,1.17.2,Bandit80,10,3.99,1,20,20,80,Pellet,Right,73,99,94,13,0.41,10,nan
11/11/2025 3:33:42,1.17.2,Bandit80,10,4.00,nan,20,20,80,Right,Right,73,100,94,14,nan,nan,0.03
11/11/2025 3:33:43,1.17.2,Bandit80,10,3.98,1,20,20,80,Pellet,Right,73,100,95,14,0.71,73,nan
11/11/2025 3:33:50,1.17.2,Bandit80,10,4.00,nan,20,20,80,Right,Right,73,101,95,15,nan,nan,0.11
11/11/2025 3:33:52,1.17.2,Bandit80,10,3.99,1,20,20,80,Pellet,Right,73,101,96,15,0.83,9,nan
11/11/2025 3:34:23,1.17.2,Bandit80,10,3.99,nan,20,20,80,Right,Right,73,102,96,16,nan,nan,0.04
11/11/2025 3:34:25,1.17.2,Bandit80,10,3.99,1,20,20,80,Pellet,Right,73,102,97,16,1.01,33,nan
11/11/2025 3:34:34,1.17.2,Bandit80,10,3.99,nan,20,20,80,Right,Right,73,103,97,17,nan,nan,0.04
11/11/2025 3:37:49,1.17.2,Bandit80,10,4.00,1,20,20,80,Pellet,Right,73,103,98,17,Timed_out,204,nan
11/11/2025 3:37:55,1.17.2,Bandit80,10,3.99,nan,20,20,80,Left,Right,74,103,98,18,nan,nan,0.13
11/11/2025 4:34:50,1.17.2,Bandit80,10,3.98,nan,20,20,80,Right,Right,74,104,98,18,nan,nan,0.21
11/11/2025 4:34:51,1.17.2,Bandit80,10,3.99,1,20,20,80,Pellet,Right,74,104,99,18,0.41,3422,nan
11/11/2025 4:35:03,1.17.2,Bandit80,10,3.98,nan,20,20,80,Right,Right,74,105,99,19,nan,nan,0.04
11/11/2025 4:35:04,1.17.2,Bandit80,10,3.99,1,20,20,80,Pellet,Right,74,105,100,19,0.41,13,nan
11/11/2025 4:35:16,1.17.2,Bandit80,10,3.99,nan,20,80,20,Right,Left,74,106,100,0,nan,nan,0.06
11/11/2025 4:35:17,1.17.2,Bandit80,10,3.99,nan,20,80,20,RightinTimeout,Left,74,106,100,0,nan,nan,0.00
11/11/2025 4:35:18,1.17.2,Bandit80,10,3.98,nan,20,80,20,RightinTimeout,Left,74,106,100,0,nan,nan,0.00
11/11/2025 4:35:18,1.17.2,Bandit80,10,3.99,nan,20,80,20,RightinTimeout,Left,74,106,100,0,nan,nan,0.00
11/11/2025 4:35:18,1.17.2,Bandit80,10,4.00,nan,20,80,20,RightinTimeout,Left,74,106,100,0,nan,nan,0.00
11/11/2025 4:35:40,1.17.2,Bandit80,10,3.99,nan,20,80,20,Left,Left,75,106,100,0,nan,nan,0.32
11/11/2025 4:35:42,1.17.2,Bandit80,10,4.00,1,20,80,20,Pellet,Left,75,106,101,0,0.89,38,nan
11/11/2025 4:52:44,1.17.2,Bandit80,10,4.00,nan,20,80,20,Right,Left,75,107,101,1,nan,nan,0.03
11/11/2025 4:52:45,1.17.2,Bandit80,10,3.99,nan,20,80,20,RightinTimeout,Left,75,107,101,1,nan,nan,0.00
11/11/2025 4:52:46,1.17.2,Bandit80,10,3.99,nan,20,80,20,RightinTimeout,Left,75,107,101,1,nan,nan,0.00
11/11/2025 4:52:47,1.17.2,Bandit80,10,3.98,nan,20,80,20,RightinTimeout,Left,75,107,101,1,nan,nan,0.00
11/11/2025 4:52:48,1.17.2,Bandit80,10,3.99,nan,20,80,20,RightinTimeout,Left,75,107,101,1,nan,nan,0.00
11/11/2025 4:52:49,1.17.2,Bandit80,10,3.99,nan,20,80,20,RightinTimeout,Left,75,107,101,1,nan,nan,0.00
11/11/2025 4:53:04,1.17.2,Bandit80,10,3.99,nan,20,80,20,Left,Left,76,107,101,1,nan,nan,0.14
11/11/2025 4:53:05,1.17.2,Bandit80,10,3.99,1,20,80,20,Pellet,Left,76,107,102,1,1.01,1043,nan
11/11/2025 4:53:32,1.17.2,Bandit80,10,3.99,nan,20,80,20,Left,Left,77,107,102,2,nan,nan,0.21
11/11/2025 4:53:33,1.17.2,Bandit80,10,3.99,1,20,80,20,Pellet,Left,77,107,103,2,0.47,28,nan
11/11/2025 4:53:43,1.17.2,Bandit80,10,4.00,nan,20,80,20,Left,Left,78,107,103,3,nan,nan,0.18
11/11/2025 4:53:44,1.17.2,Bandit80,10,3.99,1,20,80,20,Pellet,Left,78,107,104,3,0.29,11,nan
11/11/2025 4:53:55,1.17.2,Bandit80,10,3.99,nan,20,80,20,Left,Left,79,107,104,4,nan,nan,0.13
11/11/2025 4:53:56,1.17.2,Bandit80,10,3.99,1,20,80,20,Pellet,Left,79,107,105,4,0.35,12,nan
11/11/2025 4:54:04,1.17.2,Bandit80,10,3.99,nan,20,80,20,Left,Left,80,107,105,5,nan,nan,0.01
11/11/2025 4:54:05,1.17.2,Bandit80,10,3.99,1,20,80,20,Pellet,Left,80,107,106,5,0.41,9,nan
11/11/2025 5:09:54,1.17.2,Bandit80,10,3.99,nan,20,80,20,Left,Left,81,107,106,6,nan,nan,0.02
11/11/2025 5:11:48,1.17.2,Bandit80,10,3.99,nan,20,80,20,Right,Left,81,108,106,6,nan,nan,0.04
11/11/2025 5:17:40,1.17.2,Bandit80,10,3.99,nan,20,80,20,Right,Left,81,109,106,6,nan,nan,0.05
11/11/2025 5:17:41,1.17.2,Bandit80,10,3.99,nan,20,80,20,RightinTimeout,Left,81,109,106,6,nan,nan,0.00
11/11/2025 5:17:46,1.17.2,Bandit80,10,3.99,nan,20,80,20,LeftinTimeOut,Left,81,109,106,6,nan,nan,nan
11/11/2025 5:17:46,1.17.2,Bandit80,10,3.99,nan,20,80,20,LeftinTimeOut,Left,81,109,106,6,nan,nan,nan
11/11/2025 5:17:48,1.17.2,Bandit80,10,3.98,nan,20,80,20,LeftinTimeOut,Left,81,109,106,6,nan,nan,nan
11/11/2025 5:23:53,1.17.2,Bandit80,10,3.99,nan,20,80,20,Left,Left,82,109,106,6,nan,nan,0.00
11/11/2025 5:23:54,1.17.2,Bandit80,10,3.98,1,20,80,20,Pellet,Left,82,109,107,6,0.47,1789,nan
11/11/2025 5:26:07,1.17.2,Bandit80,10,3.99,nan,20,80,20,Right,Left,82,110,107,7,nan,nan,0.00
11/11/2025 5:26:08,1.17.2,Bandit80,10,3.98,nan,20,80,20,RightinTimeout,Left,82,110,107,7,nan,nan,0.00
11/11/2025 5:32:37,1.17.2,Bandit80,10,3.99,nan,20,80,20,Right,Left,82,111,107,7,nan,nan,0.17
11/11/2025 5:33:59,1.17.2,Bandit80,10,3.98,nan,20,80,20,Right,Left,82,112,107,7,nan,nan,0.02
11/11/2025 5:44:52,1.17.2,Bandit80,10,3.98,nan,20,80,20,Left,Left,83,112,107,7,nan,nan,0.11
11/11/2025 5:44:54,1.17.2,Bandit80,10,3.99,1,20,80,20,Pellet,Left,83,112,108,7,0.77,1260,nan
11/11/2025 5:45:02,1.17.2,Bandit80,10,3.98,nan,20,80,20,Left,Left,84,112,108,8,nan,nan,0.07
11/11/2025 5:45:06,1.17.2,Bandit80,10,3.98,nan,20,80,20,LeftinTimeOut,Left,84,112,108,8,nan,nan,nan
11/11/2025 5:46:12,1.17.2,Bandit80,10,3.99,nan,20,80,20,Right,Left,84,113,108,8,nan,nan,0.18
11/11/2025 5:46:12,1.17.2,Bandit80,10,3.99,nan,20,80,20,RightinTimeout,Left,84,113,108,8,nan,nan,0.00
11/11/2025 5:50:15,1.17.2,Bandit80,10,3.98,nan,20,80,20,Right,Left,84,114,108,8,nan,nan,0.04
11/11/2025 5:52:16,1.17.2,Bandit80,10,3.99,nan,20,80,20,Right,Left,84,115,108,8,nan,nan,0.16
11/11/2025 5:52:17,1.17.2,Bandit80,10,3.98,1,20,80,20,Pellet,Left,84,115,109,8,0.83,443,nan
11/11/2025 5:52:28,1.17.2,Bandit80,10,3.99,nan,20,80,20,Right,Left,84,116,109,9,nan,nan,0.09
11/11/2025 5:52:29,1.17.2,Bandit80,10,3.98,1,20,80,20,Pellet,Left,84,116,110,9,0.29,12,nan
11/11/2025 5:54:03,1.17.2,Bandit80,10,3.98,nan,20,80,20,Right,Left,84,117,110,10,nan,nan,0.06
11/11/2025 5:54:04,1.17.2,Bandit80,10,3.99,1,20,80,20,Pellet,Left,84,117,111,10,0.23,95,nan
11/11/2025 5:54:15,1.17.2,Bandit80,10,3.99,nan,20,80,20,Right,Left,84,118,111,11,nan,nan,0.21
11/11/2025 5:54:16,1.17.2,Bandit80,10,3.98,nan,20,80,20,RightinTimeout,Left,84,118,111,11,nan,nan,0.00
11/11/2025 6:19:10,1.17.2,Bandit80,10,3.98,nan,20,80,20,Right,Left,84,119,111,11,nan,nan,0.42
11/11/2025 6:19:10,1.17.2,Bandit80,10,3.98,nan,20,80,20,RightinTimeout,Left,84,119,111,11,nan,nan,0.00
11/11/2025 6:19:11,1.17.2,Bandit80,10,3.98,nan,20,80,20,RightinTimeout,Left,84,119,111,11,nan,nan,0.00
11/11/2025 6:19:12,1.17.2,Bandit80,10,3.98,nan,20,80,20,RightinTimeout,Left,84,119,111,11,nan,nan,0.00
11/11/2025 6:19:12,1.17.2,Bandit80,10,3.98,nan,20,80,20,RightinTimeout,Left,84,119,111,11,nan,nan,0.00
11/11/2025 6:19:12,1.17.2,Bandit80,10,3.98,nan,20,80,20,RightinTimeout,Left,84,119,111,11,nan,nan,0.00
11/11/2025 6:19:53,1.17.2,Bandit80,10,3.99,nan,20,80,20,Right,Left,84,120,111,11,nan,nan,0.01
11/11/2025 6:19:54,1.17.2,Bandit80,10,3.98,nan,20,80,20,RightinTimeout,Left,84,120,111,11,nan,nan,0.00
11/11/2025 6:20:00,1.17.2,Bandit80,10,3.99,nan,20,80,20,RightinTimeout,Left,84,120,111,11,nan,nan,0.00
11/11/2025 6:20:00,1.17.2,Bandit80,10,3.98,nan,20,80,20,RightinTimeout,Left,84,120,111,11,nan,nan,0.00
11/11/2025 6:20:01,1.17.2,Bandit80,10,3.98,nan,20,80,20,RightinTimeout,Left,84,120,111,11,nan,nan,0.00
11/11/2025 6:20:02,1.17.2,Bandit80,10,3.98,nan,20,80,20,RightinTimeout,Left,84,120,111,11,nan,nan,0.00
11/11/2025 6:20:04,1.17.2,Bandit80,10,3.98,nan,20,80,20,RightinTimeout,Left,84,120,111,11,nan,nan,0.00
11/11/2025 6:20:05,1.17.2,Bandit80,10,3.98,nan,20,80,20,RightinTimeout,Left,84,120,111,11,nan,nan,0.00
11/11/2025 6:29:05,1.17.2,Bandit80,10,3.98,nan,20,80,20,Left,Left,85,120,111,11,nan,nan,0.28
11/11/2025 6:29:06,1.17.2,Bandit80,10,3.99,1,20,80,20,Pellet,Left,85,120,112,11,0.29,2102,nan
11/11/2025 6:29:13,1.17.2,Bandit80,10,3.98,nan,20,80,20,Left,Left,86,120,112,12,nan,nan,0.07
11/11/2025 6:29:14,1.17.2,Bandit80,10,3.98,nan,20,80,20,LeftinTimeOut,Left,86,120,112,12,nan,nan,nan
11/11/2025 9:17:15,1.17.2,Bandit80,10,3.98,nan,20,80,20,Right,Left,86,121,112,12,nan,nan,0.13
11/11/2025 9:17:18,1.17.2,Bandit80,10,3.98,nan,20,80,20,RightinTimeout,Left,86,121,112,12,nan,nan,0.00
11/11/2025 9:17:18,1.17.2,Bandit80,10,3.98,nan,20,80,20,RightinTimeout,Left,86,121,112,12,nan,nan,0.00
11/11/2025 9:17:56,1.17.2,Bandit80,10,3.98,nan,20,80,20,Left,Left,87,121,112,12,nan,nan,0.23
11/11/2025 9:17:57,1.17.2,Bandit80,10,3.98,nan,20,80,20,LeftDuringDispense,Left,87,121,112,12,nan,nan,0.05
11/11/2025 9:18:00,1.17.2,Bandit80,10,3.98,2,20,80,20,Pellet,Left,87,121,113,12,0.41,10134,nan
11/11/2025 9:18:07,1.17.2,Bandit80,10,3.98,nan,20,80,20,Left,Left,88,121,113,13,nan,nan,0.20
11/11/2025 9:18:09,1.17.2,Bandit80,10,3.98,1,20,80,20,Pellet,Left,88,121,114,13,0.83,9,nan
11/11/2025 9:18:26,1.17.2,Bandit80,10,3.98,nan,20,80,20,Left,Left,89,121,114,14,nan,nan,0.24
11/11/2025 9:18:27,1.17.2,Bandit80,10,3.98,1,20,80,20,Pellet,Left,89,121,115,14,0.23,18,nan
11/11/2025 9:18:40,1.17.2,Bandit80,10,3.98,nan,20,80,20,Left,Left,90,121,115,15,nan,nan,0.31
11/11/2025 9:18:41,1.17.2,Bandit80,10,3.98,nan,20,80,20,LeftinTimeOut,Left,90,121,115,15,nan,nan,nan
11/11/2025 9:18:43,1.17.2,Bandit80,10,3.98,nan,20,80,20,LeftinTimeOut,Left,90,121,115,15,nan,nan,nan
11/11/2025 9:18:43,1.17.2,Bandit80,10,3.98,nan,20,80,20,LeftinTimeOut,Left,90,121,115,15,nan,nan,nan
11/11/2025 9:18:46,1.17.2,Bandit80,10,3.98,nan,20,80,20,LeftinTimeOut,Left,90,121,115,15,nan,nan,nan
11/11/2025 9:18:51,1.17.2,Bandit80,10,3.98,nan,20,80,20,LeftinTimeOut,Left,90,121,115,15,nan,nan,nan
11/11/2025 9:18:52,1.17.2,Bandit80,10,3.98,nan,20,80,20,LeftinTimeOut,Left,90,121,115,15,nan,nan,nan
11/11/2025 9:19:01,1.17.2,Bandit80,10,3.98,nan,20,80,20,RightinTimeout,Left,90,121,115,15,nan,nan,0.00
11/11/2025 10:40:16,1.17.2,Bandit80,10,3.96,nan,20,80,20,Left,Left,91,121,115,15,nan,nan,0.01
11/11/2025 10:40:17,1.17.2,Bandit80,10,3.98,1,20,80,20,Pellet,Left,91,121,116,15,0.35,4910,nan
11/11/2025 10:40:29,1.17.2,Bandit80,10,3.98,nan,20,80,20,Left,Left,92,121,116,16,nan,nan,0.48
11/11/2025 10:40:39,1.17.2,Bandit80,10,3.97,nan,20,80,20,LeftinTimeOut,Left,92,121,116,16,nan,nan,nan
11/11/2025 10:50:51,1.17.2,Bandit80,10,3.98,nan,20,80,20,Right,Left,92,122,116,16,nan,nan,0.08
11/11/2025 10:50:52,1.17.2,Bandit80,10,3.98,nan,20,80,20,RightinTimeout,Left,92,122,116,16,nan,nan,0.00
11/11/2025 10:50:54,1.17.2,Bandit80,10,3.98,nan,20,80,20,RightinTimeout,Left,92,122,116,16,nan,nan,0.00
11/11/2025 10:50:58,1.17.2,Bandit80,10,3.96,nan,20,80,20,LeftinTimeOut,Left,92,122,116,16,nan,nan,nan
11/11/2025 10:50:59,1.17.2,Bandit80,10,3.98,nan,20,80,20,LeftinTimeOut,Left,92,122,116,16,nan,nan,nan
11/11/2025 10:51:00,1.17.2,Bandit80,10,3.98,nan,20,80,20,LeftinTimeOut,Left,92,122,116,16,nan,nan,nan
11/11/2025 11:03:05,1.17.2,Bandit80,10,3.98,nan,20,80,20,Right,Left,92,123,116,16,nan,nan,0.16
11/11/2025 12:55:54,1.17.2,Bandit80,10,3.98,nan,20,80,20,Right,Left,92,124,116,16,nan,nan,0.14
11/11/2025 12:55:56,1.17.2,Bandit80,10,3.97,nan,20,80,20,RightinTimeout,Left,92,124,116,16,nan,nan,0.00
11/11/2025 12:55:59,1.17.2,Bandit80,10,3.97,nan,20,80,20,RightinTimeout,Left,92,124,116,16,nan,nan,0.00
11/11/2025 12:56:02,1.17.2,Bandit80,10,3.97,nan,20,80,20,LeftinTimeOut,Left,92,124,116,16,nan,nan,nan
11/11/2025 12:56:03,1.17.2,Bandit80,10,3.98,nan,20,80,20,LeftinTimeOut,Left,92,124,116,16,nan,nan,nan
11/11/2025 12:56:04,1.17.2,Bandit80,10,3.98,nan,20,80,20,LeftinTimeOut,Left,92,124,116,16,nan,nan,nan
11/11/2025 12:56:35,1.17.2,Bandit80,10,3.98,nan,20,80,20,Right,Left,92,125,116,16,nan,nan,0.15
11/11/2025 15:39:19,1.17.2,Bandit80,10,3.97,nan,20,80,20,Right,Left,92,126,116,16,nan,nan,0.09
11/11/2025 15:39:21,1.17.2,Bandit80,10,3.97,nan,20,80,20,LeftinTimeOut,Left,92,126,116,16,nan,nan,nan
11/11/2025 15:39:22,1.17.2,Bandit80,10,3.97,nan,20,80,20,LeftinTimeOut,Left,92,126,116,16,nan,nan,nan
11/11/2025 15:39:52,1.17.2,Bandit80,10,3.97,nan,20,80,20,Left,Left,93,126,116,16,nan,nan,0.07
11/11/2025 15:39:53,1.17.2,Bandit80,10,3.97,1,20,80,20,Pellet,Left,93,126,117,16,0.77,17976,nan
11/11/2025 15:40:07,1.17.2,Bandit80,10,3.97,nan,20,80,20,Left,Left,94,126,117,17,nan,nan,0.14
11/11/2025 15:40:08,1.17.2,Bandit80,10,3.97,2,20,80,20,Pellet,Left,94,126,118,17,0.35,15,nan
11/11/2025 15:41:26,1.17.2,Bandit80,10,3.96,nan,20,80,20,Right,Left,94,127,118,18,nan,nan,0.18
11/11/2025 15:41:28,1.17.2,Bandit80,10,3.97,nan,20,80,20,RightinTimeout,Left,94,127,118,18,nan,nan,0.00
11/11/2025 15:41:30,1.17.2,Bandit80,10,3.96,nan,20,80,20,RightinTimeout,Left,94,127,118,18,nan,nan,0.00
11/11/2025 15:41:33,1.17.2,Bandit80,10,3.96,nan,20,80,20,LeftinTimeOut,Left,94,127,118,18,nan,nan,nan
11/11/2025 15:41:34,1.17.2,Bandit80,10,3.97,nan,20,80,20,LeftinTimeOut,Left,94,127,118,18,nan,nan,nan
11/11/2025 15:41:34,1.17.2,Bandit80,10,3.97,nan,20,80,20,LeftinTimeOut,Left,94,127,118,18,nan,nan,nan
11/11/2025 15:41:36,1.17.2,Bandit80,10,3.97,nan,20,80,20,LeftinTimeOut,Left,94,127,118,18,nan,nan,nan
11/11/2025 17:05:33,1.17.2,Bandit80,10,3.96,nan,20,80,20,Right,Left,94,128,118,18,nan,nan,0.14
11/11/2025 17:05:35,1.17.2,Bandit80,10,3.96,nan,20,80,20,RightinTimeout,Left,94,128,118,18,nan,nan,0.00
11/11/2025 17:06:11,1.17.2,Bandit80,10,3.96,nan,20,80,20,Left,Left,95,128,118,18,nan,nan,0.15
11/11/2025 17:06:12,1.17.2,Bandit80,10,3.97,1,20,80,20,Pellet,Left,95,128,119,18,0.35,5164,nan
11/11/2025 17:06:30,1.17.2,Bandit80,10,3.96,nan,20,80,20,Left,Left,96,128,119,19,nan,nan,0.06
11/11/2025 17:06:31,1.17.2,Bandit80,10,3.96,1,20,80,20,Pellet,Left,96,128,120,19,0.35,19,nan
11/11/2025 17:06:37,1.17.2,Bandit80,10,3.96,nan,20,20,80,Left,Right,97,128,120,0,nan,nan,0.08
11/11/2025 17:06:38,1.17.2,Bandit80,10,3.96,nan,20,20,80,LeftinTimeOut,Right,97,128,120,0,nan,nan,nan
11/11/2025 17:06:39,1.17.2,Bandit80,10,3.97,nan,20,20,80,LeftinTimeOut,Right,97,128,120,0,nan,nan,nan
11/11/2025 17:06:40,1.17.2,Bandit80,10,3.96,nan,20,20,80,LeftinTimeOut,Right,97,128,120,0,nan,nan,nan
11/11/2025 17:06:41,1.17.2,Bandit80,10,3.96,nan,20,20,80,LeftinTimeOut,Right,97,128,120,0,nan,nan,nan
11/11/2025 17:06:41,1.17.2,Bandit80,10,3.97,nan,20,20,80,LeftinTimeOut,Right,97,128,120,0,nan,nan,nan
11/11/2025 17:06:44,1.17.2,Bandit80,10,3.96,nan,20,20,80,LeftinTimeOut,Right,97,128,120,0,nan,nan,nan
11/11/2025 17:06:51,1.17.2,Bandit80,10,3.96,nan,20,20,80,RightinTimeout,Right,97,128,120,0,nan,nan,0.00
11/11/2025 17:06:55,1.17.2,Bandit80,10,3.96,nan,20,20,80,LeftinTimeOut,Right,97,128,120,0,nan,nan,nan
11/11/2025 17:06:56,1.17.2,Bandit80,10,3.96,nan,20,20,80,LeftinTimeOut,Right,97,128,120,0,nan,nan,nan
11/11/2025 17:06:56,1.17.2,Bandit80,10,3.96,nan,20,20,80,LeftinTimeOut,Right,97,128,120,0,nan,nan,nan
11/11/2025 17:06:56,1.17.2,Bandit80,10,3.96,nan,20,20,80,LeftinTimeOut,Right,97,128,120,0,nan,nan,nan
11/11/2025 17:06:57,1.17.2,Bandit80,10,3.96,nan,20,20,80,LeftinTimeOut,Right,97,128,120,0,nan,nan,nan
11/11/2025 17:07:09,1.17.2,Bandit80,10,3.96,nan,20,20,80,Left,Right,98,128,120,0,nan,nan,0.08
11/11/2025 17:07:10,1.17.2,Bandit80,10,3.96,nan,20,20,80,LeftinTimeOut,Right,98,128,120,0,nan,nan,nan
11/11/2025 17:07:11,1.17.2,Bandit80,10,3.97,nan,20,20,80,LeftinTimeOut,Right,98,128,120,0,nan,nan,nan
11/11/2025 17:50:10,1.17.2,Bandit80,10,3.96,nan,20,20,80,Right,Right,98,129,120,0,nan,nan,0.03
11/11/2025 17:50:12,1.17.2,Bandit80,10,3.96,1,20,20,80,Pellet,Right,98,129,121,0,0.41,2621,nan
11/11/2025 17:50:20,1.17.2,Bandit80,10,3.96,nan,20,20,80,Right,Right,98,130,121,1,nan,nan,0.54
11/11/2025 17:50:21,1.17.2,Bandit80,10,3.96,1,20,20,80,Pellet,Right,98,130,122,1,0.41,9,nan
11/11/2025 17:50:29,1.17.2,Bandit80,10,3.96,nan,20,20,80,Right,Right,98,131,122,2,nan,nan,0.02
11/11/2025 17:50:30,1.17.2,Bandit80,10,3.96,1,20,20,80,Pellet,Right,98,131,123,2,0.41,9,nan
11/11/2025 17:50:38,1.17.2,Bandit80,10,3.96,nan,20,20,80,Right,Right,98,132,123,3,nan,nan,0.04
11/11/2025 17:50:39,1.17.2,Bandit80,10,3.96,1,20,20,80,Pellet,Right,98,132,124,3,0.41,9,nan
11/11/2025 17:50:54,1.17.2,Bandit80,10,3.96,nan,20,20,80,Right,Right,98,133,124,4,nan,nan,0.23
11/11/2025 17:50:55,1.17.2,Bandit80,10,3.96,1,20,20,80,Pellet,Right,98,133,125,4,0.41,16,nan
11/11/2025 17:51:19,1.17.2,Bandit80,10,3.96,nan,20,20,80,Right,Right,98,134,125,5,nan,nan,0.07
11/11/2025 17:51:20,1.17.2,Bandit80,10,3.96,1,20,20,80,Pellet,Right,98,134,126,5,0.35,25,nan
11/11/2025 17:51:37,1.17.2,Bandit80,10,3.96,nan,20,20,80,Left,Right,99,134,126,6,nan,nan,0.04
11/11/2025 17:51:37,1.17.2,Bandit80,10,3.96,nan,20,20,80,LeftDuringDispense,Right,99,134,126,6,nan,nan,0.03
11/11/2025 17:51:40,1.17.2,Bandit80,10,3.96,2,20,20,80,Pellet,Right,99,134,127,6,0.35,20,nan
11/11/2025 17:52:15,1.17.2,Bandit80,10,3.96,nan,20,20,80,Left,Right,100,134,127,7,nan,nan,0.06
11/11/2025 17:52:15,1.17.2,Bandit80,10,3.96,nan,20,20,80,LeftinTimeOut,Right,100,134,127,7,nan,nan,nan
11/11/2025 17:52:16,1.17.2,Bandit80,10,3.96,nan,20,20,80,LeftinTimeOut,Right,100,134,127,7,nan,nan,nan
11/11/2025 17:52:16,1.17.2,Bandit80,10,3.96,nan,20,20,80,LeftinTimeOut,Right,100,134,127,7,nan,nan,nan
11/11/2025 17:52:18,1.17.2,Bandit80,10,3.96,nan,20,20,80,LeftinTimeOut,Right,100,134,127,7,nan,nan,nan
11/11/2025 17:52:18,1.17.2,Bandit80,10,3.96,nan,20,20,80,LeftinTimeOut,Right,100,134,127,7,nan,nan,nan
11/11/2025 17:52:19,1.17.2,Bandit80,10,3.96,nan,20,20,80,LeftinTimeOut,Right,100,134,127,7,nan,nan,nan
11/11/2025 17:52:22,1.17.2,Bandit80,10,3.96,nan,20,20,80,RightinTimeout,Right,100,134,127,7,nan,nan,0.00
11/11/2025 17:52:22,1.17.2,Bandit80,10,3.96,nan,20,20,80,RightinTimeout,Right,100,134,127,7,nan,nan,0.00
11/11/2025 17:52:23,1.17.2,Bandit80,10,3.96,nan,20,20,80,RightinTimeout,Right,100,134,127,7,nan,nan,0.00
11/11/2025 17:52:25,1.17.2,Bandit80,10,3.96,nan,20,20,80,RightinTimeout,Right,100,134,127,7,nan,nan,0.00
11/11/2025 18:30:31,1.17.2,Bandit80,10,3.96,nan,20,20,80,Right,Right,100,135,127,7,nan,nan,0.26
11/11/2025 18:30:32,1.17.2,Bandit80,10,3.96,1,20,20,80,Pellet,Right,100,135,128,7,0.29,2332,nan
11/11/2025 18:30:40,1.17.2,Bandit80,10,3.96,nan,20,20,80,Right,Right,100,136,128,8,nan,nan,0.12
11/11/2025 18:30:41,1.17.2,Bandit80,10,3.96,1,20,20,80,Pellet,Right,100,136,129,8,0.35,9,nan
11/11/2025 18:30:47,1.17.2,Bandit80,10,3.96,nan,20,20,80,Right,Right,100,137,129,9,nan,nan,0.40
11/11/2025 18:30:49,1.17.2,Bandit80,10,3.96,nan,20,20,80,RightinTimeout,Right,100,137,129,9,nan,nan,0.00
11/11/2025 18:30:51,1.17.2,Bandit80,10,3.96,nan,20,20,80,RightinTimeout,Right,100,137,129,9,nan,nan,0.00
11/11/2025 18:30:54,1.17.2,Bandit80,10,3.96,nan,20,20,80,RightinTimeout,Right,100,137,129,9,nan,nan,0.00
11/11/2025 18:30:57,1.17.2,Bandit80,10,3.96,nan,20,20,80,RightinTimeout,Right,100,137,129,9,nan,nan,0.00
11/11/2025 18:30:59,1.17.2,Bandit80,10,3.96,nan,20,20,80,RightinTimeout,Right,100,137,129,9,nan,nan,0.00
11/11/2025 18:31:02,1.17.2,Bandit80,10,3.96,nan,20,20,80,LeftinTimeOut,Right,100,137,129,9,nan,nan,nan
11/11/2025 18:31:03,1.17.2,Bandit80,10,3.96,nan,20,20,80,LeftinTimeOut,Right,100,137,129,9,nan,nan,nan
11/11/2025 18:31:23,1.17.2,Bandit80,10,3.96,nan,20,20,80,Right,Right,100,138,129,9,nan,nan,0.06
11/11/2025 18:32:40,1.17.2,Bandit80,10,3.96,nan,20,20,80,Right,Right,100,139,129,9,nan,nan,0.08
11/11/2025 18:32:40,1.17.2,Bandit80,10,3.96,nan,20,20,80,RightinTimeout,Right,100,139,129,9,nan,nan,0.00
11/11/2025 18:32:41,1.17.2,Bandit80,10,3.96,nan,20,20,80,RightinTimeout,Right,100,139,129,9,nan,nan,0.00
11/11/2025 18:32:43,1.17.2,Bandit80,10,3.96,nan,20,20,80,RightinTimeout,Right,100,139,129,9,nan,nan,0.00
11/11/2025 18:37:02,1.17.2,Bandit80,10,3.96,nan,20,20,80,Right,Right,100,140,129,9,nan,nan,0.23
11/11/2025 18:37:04,1.17.2,Bandit80,10,3.96,nan,20,20,80,LeftinTimeOut,Right,100,140,129,9,nan,nan,nan
11/11/2025 18:38:43,1.17.2,Bandit80,10,3.96,nan,20,20,80,Right,Right,100,141,129,9,nan,nan,0.12
11/11/2025 18:38:44,1.17.2,Bandit80,10,3.96,1,20,20,80,Pellet,Right,100,141,130,9,0.35,483,nan
11/11/2025 18:38:59,1.17.2,Bandit80,10,3.96,nan,20,20,80,Right,Right,100,142,130,10,nan,nan,0.02
11/11/2025 18:39:03,1.17.2,Bandit80,10,3.96,2,20,20,80,Pellet,Right,100,142,131,10,1.01,19,nan
11/11/2025 18:39:15,1.17.2,Bandit80,10,3.96,nan,20,20,80,Right,Right,100,143,131,11,nan,nan,0.11
11/11/2025 18:39:17,1.17.2,Bandit80,10,3.96,nan,20,20,80,RightinTimeout,Right,100,143,131,11,nan,nan,0.00
11/11/2025 18:39:19,1.17.2,Bandit80,10,3.96,nan,20,20,80,RightinTimeout,Right,100,143,131,11,nan,nan,0.00
11/11/2025 18:40:24,1.17.2,Bandit80,10,3.96,nan,20,20,80,Right,Right,100,144,131,11,nan,nan,0.16
11/11/2025 18:40:25,1.17.2,Bandit80,10,3.96,1,20,20,80,Pellet,Right,100,144,132,11,0.41,82,nan
11/11/2025 18:40:30,1.17.2,Bandit80,10,3.96,nan,20,20,80,Right,Right,100,145,132,12,nan,nan,0.16
11/11/2025 18:40:31,1.17.2,Bandit80,10,3.96,1,20,20,80,Pellet,Right,100,145,133,12,0.23,6,nan
11/11/2025 18:40:42,1.17.2,Bandit80,10,3.96,nan,20,20,80,Right,Right,100,146,133,13,nan,nan,0.16
11/11/2025 18:40:44,1.17.2,Bandit80,10,3.96,1,20,20,80,Pellet,Right,100,146,134,13,0.89,13,nan
11/11/2025 18:40:59,1.17.2,Bandit80,10,3.96,nan,20,20,80,Right,Right,100,147,134,14,nan,nan,0.07
11/11/2025 18:41:01,1.17.2,Bandit80,10,3.96,1,20,20,80,Pellet,Right,100,147,135,14,1.19,17,nan
11/11/2025 18:41:20,1.17.2,Bandit80,10,3.96,nan,20,20,80,Left,Right,101,147,135,15,nan,nan,0.00
11/11/2025 18:48:35,1.17.2,Bandit80,10,3.96,nan,20,20,80,Right,Right,101,148,135,15,nan,nan,0.03
11/11/2025 18:48:37,1.17.2,Bandit80,10,3.96,1,20,20,80,Pellet,Right,101,148,136,15,0.53,456,nan
11/11/2025 18:54:32,1.17.2,Bandit80,10,3.96,nan,20,20,80,Left,Right,102,148,136,16,nan,nan,0.03
11/11/2025 19:00:59,1.17.2,Bandit80,10,3.96,nan,20,20,80,Right,Right,102,149,136,16,nan,nan,0.11
11/11/2025 19:00:59,1.17.2,Bandit80,10,3.96,nan,20,20,80,RightDuringDispense,Right,102,149,136,16,nan,nan,0.14
11/11/2025 19:01:02,1.17.2,Bandit80,10,3.96,2,20,20,80,Pellet,Right,102,149,137,16,0.41,745,nan
11/11/2025 19:01:14,1.17.2,Bandit80,10,3.96,nan,20,20,80,Right,Right,102,150,137,17,nan,nan,0.27
11/11/2025 19:01:17,1.17.2,Bandit80,10,3.96,2,20,20,80,Pellet,Right,102,150,138,17,0.47,15,nan
11/11/2025 19:01:29,1.17.2,Bandit80,10,3.96,nan,20,20,80,Right,Right,102,151,138,18,nan,nan,0.06
11/11/2025 19:01:31,1.17.2,Bandit80,10,3.96,1,20,20,80,Pellet,Right,102,151,139,18,0.35,14,nan
11/11/2025 19:01:47,1.17.2,Bandit80,10,3.96,nan,20,20,80,Right,Right,102,152,139,19,nan,nan,0.26
11/11/2025 19:01:48,1.17.2,Bandit80,10,3.96,1,20,20,80,Pellet,Right,102,152,140,19,0.53,17,nan
11/11/2025 19:01:58,1.17.2,Bandit80,10,3.96,nan,20,80,20,Right,Left,102,153,140,0,nan,nan,0.06
11/11/2025 19:04:03,1.17.2,Bandit80,10,3.96,nan,20,80,20,Left,Left,103,153,140,0,nan,nan,0.19
11/11/2025 19:04:05,1.17.2,Bandit80,10,3.96,1,20,80,20,Pellet,Left,103,153,141,0,0.83,137,nan
11/11/2025 19:04:16,1.17.2,Bandit80,10,3.96,nan,20,80,20,Right,Left,103,154,141,1,nan,nan,0.12
11/11/2025 19:04:30,1.17.2,Bandit80,10,3.96,nan,20,80,20,Right,Left,103,155,141,1,nan,nan,0.16
11/11/2025 19:12:43,1.17.2,Bandit80,10,3.96,nan,20,80,20,Right,Left,103,156,141,1,nan,nan,0.30
11/11/2025 19:12:46,1.17.2,Bandit80,10,3.96,nan,20,80,20,RightinTimeout,Left,103,156,141,1,nan,nan,0.00
11/11/2025 19:19:16,1.17.2,Bandit80,10,3.96,nan,20,80,20,Right,Left,103,157,141,1,nan,nan,0.67
11/11/2025 19:19:18,1.17.2,Bandit80,10,3.96,1,20,80,20,Pellet,Left,103,157,142,1,0.41,912,nan
11/11/2025 19:20:43,1.17.2,Bandit80,10,3.96,nan,20,80,20,Right,Left,103,158,142,2,nan,nan,0.19
11/11/2025 19:33:11,1.17.2,Bandit80,10,3.96,nan,20,80,20,Right,Left,103,159,142,2,nan,nan,0.01
11/11/2025 19:33:14,1.17.2,Bandit80,10,3.96,nan,20,80,20,RightinTimeout,Left,103,159,142,2,nan,nan,0.00
11/11/2025 19:35:43,1.17.2,Bandit80,10,3.96,nan,20,80,20,Right,Left,103,160,142,2,nan,nan,0.30
11/11/2025 19:35:44,1.17.2,Bandit80,10,3.96,nan,20,80,20,RightinTimeout,Left,103,160,142,2,nan,nan,0.00
11/11/2025 19:38:23,1.17.2,Bandit80,10,3.96,nan,20,80,20,Right,Left,103,161,142,2,nan,nan,0.04
11/11/2025 19:40:23,1.17.2,Bandit80,10,3.95,nan,20,80,20,Right,Left,103,162,142,2,nan,nan,0.00
11/11/2025 19:45:56,1.17.2,Bandit80,10,3.96,nan,20,80,20,Right,Left,103,163,142,2,nan,nan,0.06
11/11/2025 19:45:56,1.17.2,Bandit80,10,3.96,nan,20,80,20,RightinTimeout,Left,103,163,142,2,nan,nan,0.00
11/11/2025 19:45:58,1.17.2,Bandit80,10,3.96,nan,20,80,20,RightinTimeout,Left,103,163,142,2,nan,nan,0.00
11/11/2025 19:46:00,1.17.2,Bandit80,10,3.96,nan,20,80,20,LeftinTimeOut,Left,103,163,142,2,nan,nan,nan
11/11/2025 19:46:00,1.17.2,Bandit80,10,3.96,nan,20,80,20,LeftinTimeOut,Left,103,163,142,2,nan,nan,nan
11/11/2025 19:46:01,1.17.2,Bandit80,10,3.96,nan,20,80,20,LeftinTimeOut,Left,103,163,142,2,nan,nan,nan
11/11/2025 19:46:03,1.17.2,Bandit80,10,3.96,nan,20,80,20,LeftinTimeOut,Left,103,163,142,2,nan,nan,nan
11/11/2025 19:51:57,1.17.2,Bandit80,10,3.96,nan,20,80,20,Right,Left,103,164,142,2,nan,nan,0.08
11/11/2025 19:51:58,1.17.2,Bandit80,10,3.96,nan,20,80,20,RightinTimeout,Left,103,164,142,2,nan,nan,0.00
11/11/2025 19:51:59,1.17.2,Bandit80,10,3.96,nan,20,80,20,RightinTimeout,Left,103,164,142,2,nan,nan,0.00
11/11/2025 19:52:00,1.17.2,Bandit80,10,3.96,nan,20,80,20,RightinTimeout,Left,103,164,142,2,nan,nan,0.00
11/11/2025 19:52:00,1.17.2,Bandit80,10,3.96,nan,20,80,20,RightinTimeout,Left,103,164,142,2,nan,nan,0.00
11/11/2025 19:52:01,1.17.2,Bandit80,10,3.96,nan,20,80,20,RightinTimeout,Left,103,164,142,2,nan,nan,0.00
11/11/2025 19:52:01,1.17.2,Bandit80,10,3.96,nan,20,80,20,RightinTimeout,Left,103,164,142,2,nan,nan,0.00
11/11/2025 19:53:10,1.17.2,Bandit80,10,3.96,nan,20,80,20,Left,Left,104,164,142,2,nan,nan,0.30
11/11/2025 19:53:11,1.17.2,Bandit80,10,3.96,1,20,80,20,Pellet,Left,104,164,143,2,0.71,2034,nan
11/11/2025 19:53:19,1.17.2,Bandit80,10,3.96,nan,20,80,20,Left,Left,105,164,143,3,nan,nan,0.04
11/11/2025 19:56:22,1.17.2,Bandit80,10,3.96,nan,20,80,20,Left,Left,106,164,143,3,nan,nan,0.02
11/11/2025 19:56:25,1.17.2,Bandit80,10,3.96,nan,20,80,20,LeftinTimeOut,Left,106,164,143,3,nan,nan,nan
11/11/2025 19:56:28,1.17.2,Bandit80,10,3.96,nan,20,80,20,LeftinTimeOut,Left,106,164,143,3,nan,nan,nan
11/11/2025 19:56:56,1.17.2,Bandit80,10,3.96,nan,20,80,20,Right,Left,106,165,143,3,nan,nan,0.24
11/11/2025 19:59:20,1.17.2,Bandit80,10,3.96,nan,20,80,20,Left,Left,107,165,143,3,nan,nan,0.13
11/11/2025 19:59:22,1.17.2,Bandit80,10,3.96,1,20,80,20,Pellet,Left,107,165,144,3,1.73,371,nan
11/11/2025 19:59:31,1.17.2,Bandit80,10,3.96,nan,20,80,20,Left,Left,108,165,144,4,nan,nan,0.10
11/11/2025 19:59:34,1.17.2,Bandit80,10,3.96,2,20,80,20,Pellet,Left,108,165,145,4,0.29,12,nan
11/11/2025 20:02:14,1.17.2,Bandit80,10,3.96,nan,20,80,20,Left,Left,109,165,145,5,nan,nan,0.05
11/11/2025 20:02:15,1.17.2,Bandit80,10,3.95,1,20,80,20,Pellet,Left,109,165,146,5,0.59,161,nan
11/11/2025 20:02:34,1.17.2,Bandit80,10,3.96,nan,20,80,20,Left,Left,110,165,146,6,nan,nan,0.00
11/11/2025 20:02:47,1.17.2,Bandit80,10,3.96,1,20,80,20,Pellet,Left,110,165,147,6,12.53,32,nan
11/11/2025 20:03:00,1.17.2,Bandit80,10,3.96,nan,20,80,20,Left,Left,111,165,147,7,nan,nan,0.14
11/11/2025 20:05:04,1.17.2,Bandit80,10,3.96,nan,20,80,20,Right,Left,111,166,147,7,nan,nan,0.00
11/11/2025 20:05:06,1.17.2,Bandit80,10,3.95,1,20,80,20,Pellet,Left,111,166,148,7,0.23,138,nan
11/11/2025 20:05:14,1.17.2,Bandit80,10,3.96,nan,20,80,20,Right,Left,111,167,148,8,nan,nan,0.19
11/11/2025 20:06:51,1.17.2,Bandit80,10,3.96,nan,20,80,20,Left,Left,112,167,148,8,nan,nan,0.01
11/11/2025 20:06:53,1.17.2,Bandit80,10,3.96,1,20,80,20,Pellet,Left,112,167,149,8,0.95,108,nan
11/11/2025 20:10:47,1.17.2,Bandit80,10,3.96,nan,20,80,20,Right,Left,112,168,149,9,nan,nan,0.42
11/11/2025 20:10:48,1.17.2,Bandit80,10,3.96,nan,20,80,20,RightinTimeout,Left,112,168,149,9,nan,nan,0.00
11/11/2025 20:22:56,1.17.2,Bandit80,10,3.96,nan,20,80,20,Right,Left,112,169,149,9,nan,nan,0.12
11/11/2025 20:28:45,1.17.2,Bandit80,10,3.95,nan,20,80,20,Right,Left,112,170,149,9,nan,nan,0.03
11/11/2025 20:28:46,1.17.2,Bandit80,10,3.96,nan,20,80,20,RightinTimeout,Left,112,170,149,9,nan,nan,0.00
11/11/2025 20:34:46,1.17.2,Bandit80,10,3.96,nan,20,80,20,Left,Left,113,170,149,9,nan,nan,0.29
11/11/2025 20:34:48,1.17.2,Bandit80,10,3.96,1,20,80,20,Pellet,Left,113,170,150,9,1.01,1675,nan
11/11/2025 20:34:53,1.17.2,Bandit80,10,3.96,nan,20,80,20,Left,Left,114,170,150,10,nan,nan,0.14
11/11/2025 20:34:56,1.17.2,Bandit80,10,3.96,nan,20,80,20,LeftinTimeOut,Left,114,170,150,10,nan,nan,nan
11/11/2025 20:35:52,1.17.2,Bandit80,10,3.96,nan,20,80,20,Right,Left,114,171,150,10,nan,nan,0.22
11/11/2025 20:39:17,1.17.2,Bandit80,10,3.96,nan,20,80,20,Right,Left,114,172,150,10,nan,nan,0.11
11/11/2025 20:39:18,1.17.2,Bandit80,10,3.96,1,20,80,20,Pellet,Left,114,172,151,10,0.71,270,nan
11/11/2025 20:39:27,1.17.2,Bandit80,10,3.96,nan,20,80,20,Right,Left,114,173,151,11,nan,nan,0.01
11/11/2025 20:39:31,1.17.2,Bandit80,10,3.95,2,20,80,20,Pellet,Left,114,173,152,11,1.61,13,nan
11/11/2025 20:39:37,1.17.2,Bandit80,10,3.96,nan,20,80,20,Right,Left,114,174,152,12,nan,nan,0.13
11/11/2025 20:39:38,1.17.2,Bandit80,10,3.96,1,20,80,20,Pellet,Left,114,174,153,12,0.41,7,nan
11/11/2025 20:39:45,1.17.2,Bandit80,10,3.95,nan,20,80,20,Right,Left,114,175,153,13,nan,nan,0.21
11/11/2025 20:39:46,1.17.2,Bandit80,10,3.96,nan,20,80,20,RightinTimeout,Left,114,175,153,13,nan,nan,0.00
11/11/2025 20:39:47,1.17.2,Bandit80,10,3.96,nan,20,80,20,RightinTimeout,Left,114,175,153,13,nan,nan,0.00
11/11/2025 20:39:50,1.17.2,Bandit80,10,3.96,nan,20,80,20,RightinTimeout,Left,114,175,153,13,nan,nan,0.00
11/11/2025 20:41:36,1.17.2,Bandit80,10,3.96,nan,20,80,20,Left,Left,115,175,153,13,nan,nan,0.11
11/11/2025 20:41:38,1.17.2,Bandit80,10,3.96,1,20,80,20,Pellet,Left,115,175,154,13,0.89,120,nan
11/11/2025 20:43:16,1.17.2,Bandit80,10,3.96,nan,20,80,20,Left,Left,116,175,154,14,nan,nan,0.08
11/11/2025 20:47:55,1.17.2,Bandit80,10,3.95,nan,20,80,20,Right,Left,116,176,154,14,nan,nan,0.06
11/11/2025 20:47:56,1.17.2,Bandit80,10,3.96,nan,20,80,20,RightinTimeout,Left,116,176,154,14,nan,nan,0.00
11/11/2025 20:47:58,1.17.2,Bandit80,10,3.96,nan,20,80,20,RightinTimeout,Left,116,176,154,14,nan,nan,0.00
11/11/2025 20:47:59,1.17.2,Bandit80,10,3.96,nan,20,80,20,RightinTimeout,Left,116,176,154,14,nan,nan,0.00
11/11/2025 20:47:59,1.17.2,Bandit80,10,3.96,nan,20,80,20,RightinTimeout,Left,116,176,154,14,nan,nan,0.00
11/11/2025 20:51:02,1.17.2,Bandit80,10,3.96,nan,20,80,20,Right,Left,116,177,154,14,nan,nan,0.05
11/11/2025 20:51:02,1.17.2,Bandit80,10,3.95,nan,20,80,20,RightDuringDispense,Left,116,177,154,14,nan,nan,0.00
11/11/2025 20:51:03,1.17.2,Bandit80,10,3.96,1,20,80,20,Pellet,Left,116,177,155,14,0.53,565,nan
11/11/2025 20:51:11,1.17.2,Bandit80,10,3.96,nan,20,80,20,Right,Left,116,178,155,15,nan,nan,0.74
11/11/2025 20:57:46,1.17.2,Bandit80,10,3.96,nan,20,80,20,Left,Left,117,178,155,15,nan,nan,0.08
11/11/2025 20:57:48,1.17.2,Bandit80,10,3.96,2,20,80,20,Pellet,Left,117,178,156,15,0.12,405,nan
11/11/2025 20:58:05,1.17.2,Bandit80,10,3.96,nan,20,80,20,Left,Left,118,178,156,16,nan,nan,0.04
11/11/2025 20:58:06,1.17.2,Bandit80,10,3.96,1,20,80,20,Pellet,Left,118,178,157,16,0.35,18,nan
11/11/2025 20:58:19,1.17.2,Bandit80,10,3.95,nan,20,80,20,Right,Left,118,179,157,17,nan,nan,0.02
11/11/2025 21:07:08,1.17.2,Bandit80,10,3.96,nan,20,80,20,Left,Left,119,179,157,17,nan,nan,0.16
11/11/2025 21:07:10,1.17.2,Bandit80,10,3.96,1,20,80,20,Pellet,Left,119,179,158,17,0.35,544,nan
11/11/2025 21:07:17,1.17.2,Bandit80,10,3.95,nan,20,80,20,Right,Left,119,180,158,18,nan,nan,0.01
11/11/2025 21:07:20,1.17.2,Bandit80,10,3.96,2,20,80,20,Pellet,Left,119,180,159,18,0.35,10,nan
11/11/2025 21:12:17,1.17.2,Bandit80,10,3.95,nan,20,80,20,Right,Left,119,181,159,19,nan,nan,0.04
11/11/2025 21:12:19,1.17.2,Bandit80,10,3.96,nan,20,80,20,RightinTimeout,Left,119,181,159,19,nan,nan,0.00
11/11/2025 21:12:19,1.17.2,Bandit80,10,3.96,nan,20,80,20,RightinTimeout,Left,119,181,159,19,nan,nan,0.00
11/11/2025 21:15:09,1.17.2,Bandit80,10,3.96,nan,20,80,20,Right,Left,119,182,159,19,nan,nan,0.12
11/11/2025 21:15:11,1.17.2,Bandit80,10,3.95,nan,20,80,20,RightinTimeout,Left,119,182,159,19,nan,nan,0.00
11/11/2025 21:16:05,1.17.2,Bandit80,10,3.96,nan,20,80,20,Left,Left,120,182,159,19,nan,nan,0.09
11/11/2025 21:19:45,1.17.2,Bandit80,10,3.96,nan,20,80,20,Left,Left,121,182,159,19,nan,nan,0.17
11/11/2025 21:19:46,1.17.2,Bandit80,10,3.95,1,20,80,20,Pellet,Left,121,182,160,19,0.41,746,nan
11/11/2025 21:19:55,1.17.2,Bandit80,10,3.96,nan,20,20,80,Right,Right,121,183,160,0,nan,nan,0.15
11/11/2025 21:19:57,1.17.2,Bandit80,10,3.95,1,20,20,80,Pellet,Right,121,183,161,0,0.59,11,nan
11/11/2025 21:20:12,1.17.2,Bandit80,10,3.96,nan,20,20,80,Right,Right,121,184,161,1,nan,nan,0.14
11/11/2025 21:20:13,1.17.2,Bandit80,10,3.95,1,20,20,80,Pellet,Right,121,184,162,1,0.83,16,nan
11/11/2025 21:22:51,1.17.2,Bandit80,10,3.96,nan,20,20,80,Right,Right,121,185,162,2,nan,nan,0.13
11/11/2025 21:22:52,1.17.2,Bandit80,10,3.96,1,20,20,80,Pellet,Right,121,185,163,2,0.35,159,nan
11/11/2025 21:22:59,1.17.2,Bandit80,10,3.95,nan,20,20,80,Right,Right,121,186,163,3,nan,nan,0.05
11/11/2025 21:23:01,1.17.2,Bandit80,10,3.95,1,20,20,80,Pellet,Right,121,186,164,3,0.53,9,nan
11/11/2025 21:23:44,1.17.2,Bandit80,10,3.96,nan,20,20,80,Right,Right,121,187,164,4,nan,nan,0.13
11/11/2025 21:26:00,1.17.2,Bandit80,10,3.96,nan,20,20,80,Left,Right,122,187,164,4,nan,nan,0.06
11/11/2025 21:28:59,1.17.2,Bandit80,10,3.96,nan,20,20,80,Right,Right,122,188,164,4,nan,nan,0.20
11/11/2025 21:29:00,1.17.2,Bandit80,10,3.96,nan,20,20,80,RightinTimeout,Right,122,188,164,4,nan,nan,0.00
11/11/2025 21:35:18,1.17.2,Bandit80,10,3.95,nan,20,20,80,Right,Right,122,189,164,4,nan,nan,0.08
11/11/2025 21:37:27,1.17.2,Bandit80,10,3.95,nan,20,20,80,Right,Right,122,190,164,4,nan,nan,0.03
11/11/2025 21:37:28,1.17.2,Bandit80,10,3.96,1,20,20,80,Pellet,Right,122,190,165,4,0.29,867,nan
11/11/2025 21:41:54,1.17.2,Bandit80,10,3.96,nan,20,20,80,Right,Right,122,191,165,5,nan,nan,0.02
11/11/2025 21:41:57,1.17.2,Bandit80,10,3.96,2,20,20,80,Pellet,Right,122,191,166,5,0.29,269,nan
11/11/2025 21:42:04,1.17.2,Bandit80,10,3.95,nan,20,20,80,Right,Right,122,192,166,6,nan,nan,0.01
11/11/2025 21:42:05,1.17.2,Bandit80,10,3.96,1,20,20,80,Pellet,Right,122,192,167,6,0.41,8,nan
11/11/2025 21:42:12,1.17.2,Bandit80,10,3.95,nan,20,20,80,Right,Right,122,193,167,7,nan,nan,0.00
11/11/2025 21:42:13,1.17.2,Bandit80,10,3.95,1,20,20,80,Pellet,Right,122,193,168,7,0.47,8,nan
11/11/2025 21:42:24,1.17.2,Bandit80,10,3.96,nan,20,20,80,Right,Right,122,194,168,8,nan,nan,0.08
11/11/2025 21:42:25,1.17.2,Bandit80,10,3.96,1,20,20,80,Pellet,Right,122,194,169,8,0.29,12,nan
11/11/2025 21:45:04,1.17.2,Bandit80,10,3.95,nan,20,20,80,Right,Right,122,195,169,9,nan,nan,0.16
11/11/2025 21:45:05,1.17.2,Bandit80,10,3.95,1,20,20,80,Pellet,Right,122,195,170,9,0.71,160,nan
11/11/2025 21:56:11,1.17.2,Bandit80,10,3.96,nan,20,20,80,Right,Right,122,196,170,10,nan,nan,0.07
11/11/2025 22:00:08,1.17.2,Bandit80,10,3.95,1,20,20,80,Pellet,Right,122,196,171,10,Timed_out,902,nan
11/11/2025 22:08:46,1.17.2,Bandit80,10,3.96,nan,20,20,80,Right,Right,122,197,171,11,nan,nan,0.16
11/11/2025 22:08:49,1.17.2,Bandit80,10,3.95,1,20,20,80,Pellet,Right,122,197,172,11,1.67,522,nan
11/11/2025 22:17:55,1.17.2,Bandit80,10,3.95,nan,20,20,80,Left,Right,123,197,172,12,nan,nan,0.00
11/11/2025 22:27:31,1.17.2,Bandit80,10,3.96,nan,20,20,80,Right,Right,123,198,172,12,nan,nan,0.49
11/11/2025 22:27:35,1.17.2,Bandit80,10,3.95,2,20,20,80,Pellet,Right,123,198,173,12,1.37,1126,nan
11/11/2025 22:27:40,1.17.2,Bandit80,10,3.95,nan,20,20,80,Right,Right,123,199,173,13,nan,nan,0.04
11/11/2025 22:27:42,1.17.2,Bandit80,10,3.94,1,20,20,80,Pellet,Right,123,199,174,13,1.13,7,nan
11/11/2025 22:27:51,1.17.2,Bandit80,10,3.95,nan,20,20,80,Right,Right,123,200,174,14,nan,nan,0.12
11/11/2025 22:27:54,1.17.2,Bandit80,10,3.96,2,20,20,80,Pellet,Right,123,200,175,14,0.23,12,nan
11/11/2025 22:28:02,1.17.2,Bandit80,10,3.95,nan,20,20,80,Right,Right,123,201,175,15,nan,nan,0.08
11/11/2025 22:28:05,1.17.2,Bandit80,10,3.95,1,20,20,80,Pellet,Right,123,201,176,15,1.79,11,nan
11/11/2025 22:30:11,1.17.2,Bandit80,10,3.95,nan,20,20,80,Right,Right,123,202,176,16,nan,nan,0.01
11/11/2025 22:34:54,1.17.2,Bandit80,10,3.96,nan,20,20,80,Left,Right,124,202,176,16,nan,nan,0.27
11/11/2025 22:50:24,1.17.2,Bandit80,10,3.95,nan,20,20,80,Right,Right,124,203,176,16,nan,nan,0.04
11/11/2025 22:50:26,1.17.2,Bandit80,10,3.95,1,20,20,80,Pellet,Right,124,203,177,16,1.73,1341,nan
11/11/2025 22:51:29,1.17.2,Bandit80,10,3.95,nan,20,20,80,Left,Right,125,203,177,17,nan,nan,0.04
11/11/2025 22:58:22,1.17.2,Bandit80,10,3.95,nan,20,20,80,Right,Right,125,204,177,17,nan,nan,0.26
11/11/2025 22:58:24,1.17.2,Bandit80,10,3.96,1,20,20,80,Pellet,Right,125,204,178,17,0.53,478,nan
11/11/2025 23:11:35,1.17.2,Bandit80,10,3.95,nan,20,20,80,Right,Right,125,205,178,18,nan,nan,0.15
11/11/2025 23:11:39,1.17.2,Bandit80,10,3.95,2,20,20,80,Pellet,Right,125,205,179,18,1.01,795,nan
11/11/2025 23:55:46,1.17.2,Bandit80,10,3.95,nan,20,20,80,Right,Right,125,206,179,19,nan,nan,0.03
11/11/2025 23:55:47,1.17.2,Bandit80,10,3.95,1,20,20,80,Pellet,Right,125,206,180,19,0.53,2648,nan
11/11/2025 23:55:51,1.17.2,Bandit80,10,3.94,nan,20,80,20,Right,Left,125,207,180,0,nan,nan,0.06
11/11/2025 23:55:52,1.17.2,Bandit80,10,3.94,nan,20,80,20,RightinTimeout,Left,125,207,180,0,nan,nan,0.00
11/11/2025 23:55:52,1.17.2,Bandit80,10,3.94,nan,20,80,20,RightinTimeout,Left,125,207,180,0,nan,nan,0.00
11/11/2025 23:55:57,1.17.2,Bandit80,10,3.95,nan,20,80,20,RightinTimeout,Left,125,207,180,0,nan,nan,0.00
11/11/2025 23:55:59,1.17.2,Bandit80,10,3.94,nan,20,80,20,RightinTimeout,Left,125,207,180,0,nan,nan,0.00
11/11/2025 23:56:33,1.17.2,Bandit80,10,3.96,nan,20,80,20,Left,Left,126,207,180,0,nan,nan,0.11
11/11/2025 23:56:37,1.17.2,Bandit80,10,3.95,2,20,80,20,Pellet,Left,126,207,181,0,0.65,50,nan
11/11/2025 23:56:42,1.17.2,Bandit80,10,3.95,nan,20,80,20,Left,Left,127,207,181,1,nan,nan,0.11
11/11/2025 23:56:50,1.17.2,Bandit80,10,3.95,nan,20,80,20,RightinTimeout,Left,127,207,181,1,nan,nan,0.00
11/11/2025 23:56:53,1.17.2,Bandit80,10,3.95,nan,20,80,20,LeftinTimeOut,Left,127,207,181,1,nan,nan,nan
11/11/2025 23:56:56,1.17.2,Bandit80,10,3.94,nan,20,80,20,LeftinTimeOut,Left,127,207,181,1,nan,nan,nan
11/12/2025 0:07:36,1.17.2,Bandit80,10,3.94,nan,20,80,20,Right,Left,127,208,181,1,nan,nan,0.05
11/12/2025 0:08:41,1.17.2,Bandit80,10,3.94,nan,20,80,20,Left,Left,128,208,181,1,nan,nan,0.53
11/12/2025 0:08:43,1.17.2,Bandit80,10,3.94,1,20,80,20,Pellet,Left,128,208,182,1,0.53,725,nan
11/12/2025 0:09:01,1.17.2,Bandit80,10,3.95,nan,20,80,20,Left,Left,129,208,182,2,nan,nan,0.00
11/12/2025 0:09:05,1.17.2,Bandit80,10,3.95,nan,20,80,20,LeftinTimeOut,Left,129,208,182,2,nan,nan,nan
11/12/2025 0:09:05,1.17.2,Bandit80,10,3.95,nan,20,80,20,LeftinTimeOut,Left,129,208,182,2,nan,nan,nan
11/12/2025 0:09:08,1.17.2,Bandit80,10,3.95,nan,20,80,20,RightinTimeout,Left,129,208,182,2,nan,nan,0.00
11/12/2025 0:09:10,1.17.2,Bandit80,10,3.95,nan,20,80,20,RightinTimeout,Left,129,208,182,2,nan,nan,0.00
11/12/2025 0:10:52,1.17.2,Bandit80,10,3.95,nan,20,80,20,Right,Left,129,209,182,2,nan,nan,0.04
11/12/2025 0:10:53,1.17.2,Bandit80,10,3.95,nan,20,80,20,RightinTimeout,Left,129,209,182,2,nan,nan,0.00
11/12/2025 0:10:54,1.17.2,Bandit80,10,3.95,nan,20,80,20,RightinTimeout,Left,129,209,182,2,nan,nan,0.00
11/12/2025 0:10:54,1.17.2,Bandit80,10,3.94,nan,20,80,20,RightinTimeout,Left,129,209,182,2,nan,nan,0.00
11/12/2025 0:13:09,1.17.2,Bandit80,10,3.94,nan,20,80,20,Left,Left,130,209,182,2,nan,nan,0.10
11/12/2025 0:13:10,1.17.2,Bandit80,10,3.95,1,20,80,20,Pellet,Left,130,209,183,2,0.65,268,nan
11/12/2025 0:13:18,1.17.2,Bandit80,10,3.95,nan,20,80,20,Left,Left,131,209,183,3,nan,nan,0.12
11/12/2025 0:13:19,1.17.2,Bandit80,10,3.95,1,20,80,20,Pellet,Left,131,209,184,3,0.35,9,nan
11/12/2025 0:13:27,1.17.2,Bandit80,10,3.94,nan,20,80,20,Left,Left,132,209,184,4,nan,nan,0.17
11/12/2025 0:13:28,1.17.2,Bandit80,10,3.95,1,20,80,20,Pellet,Left,132,209,185,4,0.23,9,nan
11/12/2025 0:13:42,1.17.2,Bandit80,10,3.94,nan,20,80,20,Left,Left,133,209,185,5,nan,nan,0.06
11/12/2025 0:13:43,1.17.2,Bandit80,10,3.95,1,20,80,20,Pellet,Left,133,209,186,5,0.35,15,nan
11/12/2025 0:14:01,1.17.2,Bandit80,10,3.95,nan,20,80,20,Left,Left,134,209,186,6,nan,nan,0.10
11/12/2025 0:14:02,1.17.2,Bandit80,10,3.95,1,20,80,20,Pellet,Left,134,209,187,6,0.23,18,nan
11/12/2025 0:16:11,1.17.2,Bandit80,10,3.94,nan,20,80,20,Left,Left,135,209,187,7,nan,nan,0.04
11/12/2025 0:16:14,1.17.2,Bandit80,10,3.94,2,20,80,20,Pellet,Left,135,209,188,7,0.23,133,nan
11/12/2025 0:16:34,1.17.2,Bandit80,10,3.95,nan,20,80,20,Left,Left,136,209,188,8,nan,nan,0.19
11/12/2025 0:17:32,1.17.2,Bandit80,10,3.95,nan,20,80,20,Right,Left,136,210,188,8,nan,nan,0.23
11/12/2025 0:17:34,1.17.2,Bandit80,10,3.95,1,20,80,20,Pellet,Left,136,210,189,8,0.77,79,nan
11/12/2025 0:17:40,1.17.2,Bandit80,10,3.94,nan,20,80,20,Right,Left,136,211,189,9,nan,nan,0.12
11/12/2025 0:17:56,1.17.2,Bandit80,10,3.95,nan,20,80,20,Right,Left,136,212,189,9,nan,nan,0.07
11/12/2025 0:26:50,1.17.2,Bandit80,10,3.95,nan,20,80,20,Right,Left,136,213,189,9,nan,nan,0.04
11/12/2025 0:30:22,1.17.2,Bandit80,10,3.94,nan,20,80,20,Left,Left,137,213,189,9,nan,nan,0.04
11/12/2025 0:30:24,1.17.2,Bandit80,10,3.94,1,20,80,20,Pellet,Left,137,213,190,9,0.53,771,nan
11/12/2025 0:30:31,1.17.2,Bandit80,10,3.94,nan,20,80,20,Left,Left,138,213,190,10,nan,nan,0.05
11/12/2025 0:30:32,1.17.2,Bandit80,10,3.94,1,20,80,20,Pellet,Left,138,213,191,10,0.59,8,nan
11/12/2025 0:39:57,1.17.2,Bandit80,10,3.94,nan,20,80,20,Right,Left,138,214,191,11,nan,nan,0.27
11/12/2025 0:40:00,1.17.2,Bandit80,10,3.95,1,20,80,20,Pellet,Left,138,214,192,11,1.97,567,nan
11/12/2025 0:41:32,1.17.2,Bandit80,10,3.95,nan,20,80,20,Left,Left,139,214,192,12,nan,nan,0.07
11/12/2025 0:41:35,1.17.2,Bandit80,10,3.94,1,20,80,20,Pellet,Left,139,214,193,12,1.67,96,nan
11/12/2025 0:46:00,1.17.2,Bandit80,10,3.95,nan,20,80,20,Right,Left,139,215,193,13,nan,nan,0.25
11/12/2025 0:51:14,1.17.2,Bandit80,10,3.95,nan,20,80,20,Right,Left,139,216,193,13,nan,nan,0.16
11/12/2025 0:51:16,1.17.2,Bandit80,10,3.94,nan,20,80,20,RightinTimeout,Left,139,216,193,13,nan,nan,0.00
11/12/2025 1:00:30,1.17.2,Bandit80,10,3.94,nan,20,80,20,Left,Left,140,216,193,13,nan,nan,0.08
11/12/2025 1:00:31,1.17.2,Bandit80,10,3.95,1,20,80,20,Pellet,Left,140,216,194,13,0.59,1136,nan
11/12/2025 1:03:05,1.17.2,Bandit80,10,3.94,nan,20,80,20,Left,Left,141,216,194,14,nan,nan,0.12
11/12/2025 1:03:09,1.17.2,Bandit80,10,3.94,2,20,80,20,Pellet,Left,141,216,195,14,1.25,158,nan
11/12/2025 1:05:37,1.17.2,Bandit80,10,3.95,nan,20,80,20,Left,Left,142,216,195,15,nan,nan,0.01
11/12/2025 1:06:46,1.17.2,Bandit80,10,3.94,1,20,80,20,Pellet,Left,142,216,196,15,Timed_out,217,nan
11/12/2025 1:07:37,1.17.2,Bandit80,10,3.95,nan,20,80,20,Right,Left,142,217,196,16,nan,nan,0.09
11/12/2025 1:07:38,1.17.2,Bandit80,10,3.94,1,20,80,20,Pellet,Left,142,217,197,16,0.71,52,nan
11/12/2025 1:13:29,1.17.2,Bandit80,10,3.95,nan,20,80,20,Right,Left,142,218,197,17,nan,nan,0.07
11/12/2025 1:55:20,1.17.2,Bandit80,10,3.94,nan,20,80,20,Right,Left,142,219,197,17,nan,nan,0.05
11/12/2025 1:56:09,1.17.2,Bandit80,10,3.94,nan,20,80,20,Right,Left,142,220,197,17,nan,nan,0.17
11/12/2025 1:56:11,1.17.2,Bandit80,10,3.94,nan,20,80,20,RightinTimeout,Left,142,220,197,17,nan,nan,0.00
11/12/2025 1:56:11,1.17.2,Bandit80,10,3.94,nan,20,80,20,RightinTimeout,Left,142,220,197,17,nan,nan,0.00
11/12/2025 1:56:25,1.17.2,Bandit80,10,3.94,nan,20,80,20,Left,Left,143,220,197,17,nan,nan,0.04
11/12/2025 1:56:27,1.17.2,Bandit80,10,3.94,1,20,80,20,Pellet,Left,143,220,198,17,1.67,2929,nan
11/12/2025 1:56:37,1.17.2,Bandit80,10,3.95,nan,20,80,20,Left,Left,144,220,198,18,nan,nan,0.18
11/12/2025 1:56:38,1.17.2,Bandit80,10,3.94,1,20,80,20,Pellet,Left,144,220,199,18,0.71,11,nan
11/12/2025 1:56:52,1.17.2,Bandit80,10,3.94,nan,20,80,20,Left,Left,145,220,199,19,nan,nan,0.15
11/12/2025 1:56:53,1.17.2,Bandit80,10,3.94,1,20,80,20,Pellet,Left,145,220,200,19,0.35,15,nan
11/12/2025 1:56:57,1.17.2,Bandit80,10,3.94,nan,20,20,80,Left,Right,146,220,200,0,nan,nan,0.08
11/12/2025 1:57:00,1.17.2,Bandit80,10,3.94,nan,20,20,80,LeftinTimeOut,Right,146,220,200,0,nan,nan,nan
11/12/2025 1:57:01,1.17.2,Bandit80,10,3.94,nan,20,20,80,LeftinTimeOut,Right,146,220,200,0,nan,nan,nan
11/12/2025 2:18:02,1.17.2,Bandit80,10,3.94,nan,20,20,80,Right,Right,146,221,200,0,nan,nan,0.02
11/12/2025 2:18:03,1.17.2,Bandit80,10,3.94,1,20,20,80,Pellet,Right,146,221,201,0,0.53,1270,nan
11/12/2025 2:18:20,1.17.2,Bandit80,10,3.94,nan,20,20,80,Right,Right,146,222,201,1,nan,nan,0.13
11/12/2025 2:18:23,1.17.2,Bandit80,10,3.94,2,20,20,80,Pellet,Right,146,222,202,1,0.29,20,nan
11/12/2025 2:18:33,1.17.2,Bandit80,10,3.94,nan,20,20,80,Right,Right,146,223,202,2,nan,nan,0.02
11/12/2025 2:18:34,1.17.2,Bandit80,10,3.95,1,20,20,80,Pellet,Right,146,223,203,2,0.35,11,nan
11/12/2025 2:18:44,1.17.2,Bandit80,10,3.94,nan,20,20,80,Right,Right,146,224,203,3,nan,nan,0.10
11/12/2025 2:18:45,1.17.2,Bandit80,10,3.94,1,20,20,80,Pellet,Right,146,224,204,3,0.29,11,nan
11/12/2025 2:18:55,1.17.2,Bandit80,10,3.94,nan,20,20,80,Right,Right,146,225,204,4,nan,nan,0.07
11/12/2025 2:18:57,1.17.2,Bandit80,10,3.94,1,20,20,80,Pellet,Right,146,225,205,4,0.47,12,nan
11/12/2025 2:19:08,1.17.2,Bandit80,10,3.94,nan,20,20,80,Right,Right,146,226,205,5,nan,nan,0.07
11/12/2025 2:19:09,1.17.2,Bandit80,10,3.94,1,20,20,80,Pellet,Right,146,226,206,5,0.35,12,nan
11/12/2025 2:19:22,1.17.2,Bandit80,10,3.94,nan,20,20,80,Right,Right,146,227,206,6,nan,nan,0.08
11/12/2025 2:19:23,1.17.2,Bandit80,10,3.95,1,20,20,80,Pellet,Right,146,227,207,6,0.23,14,nan
11/12/2025 2:19:55,1.17.2,Bandit80,10,3.95,nan,20,20,80,Right,Right,146,228,207,7,nan,nan,0.07
11/12/2025 2:19:56,1.17.2,Bandit80,10,3.94,1,20,20,80,Pellet,Right,146,228,208,7,0.29,33,nan
11/12/2025 2:29:50,1.17.2,Bandit80,10,3.94,nan,20,20,80,Left,Right,147,228,208,8,nan,nan,0.34
11/12/2025 2:43:12,1.17.2,Bandit80,10,3.94,nan,20,20,80,Left,Right,148,228,208,8,nan,nan,0.04
11/12/2025 2:49:01,1.17.2,Bandit80,10,3.94,nan,20,20,80,Right,Right,148,229,208,8,nan,nan,0.31
11/12/2025 2:55:01,1.17.2,Bandit80,10,3.94,2,20,20,80,Pellet,Right,148,229,209,8,Timed_out,2105,nan
11/12/2025 2:55:16,1.17.2,Bandit80,10,3.94,nan,20,20,80,Left,Right,149,229,209,9,nan,nan,0.04
11/12/2025 2:55:19,1.17.2,Bandit80,10,3.94,1,20,20,80,Pellet,Right,149,229,210,9,1.85,18,nan
11/12/2025 2:59:44,1.17.2,Bandit80,10,3.94,nan,20,20,80,Right,Right,149,230,210,10,nan,nan,0.32
11/12/2025 2:59:46,1.17.2,Bandit80,10,3.94,1,20,20,80,Pellet,Right,149,230,211,10,1.55,267,nan
11/12/2025 3:02:03,1.17.2,Bandit80,10,3.94,nan,20,20,80,Right,Right,149,231,211,11,nan,nan,0.01
11/12/2025 3:02:19,1.17.2,Bandit80,10,3.94,1,20,20,80,Pellet,Right,149,231,212,11,15.35,153,nan
11/12/2025 3:05:23,1.17.2,Bandit80,10,3.95,nan,20,20,80,Right,Right,149,232,212,12,nan,nan,0.44
11/12/2025 3:05:25,1.17.2,Bandit80,10,3.94,1,20,20,80,Pellet,Right,149,232,213,12,1.73,186,nan
11/12/2025 3:08:33,1.17.2,Bandit80,10,3.94,nan,20,20,80,Right,Right,149,233,213,13,nan,nan,0.04
11/12/2025 3:08:35,1.17.2,Bandit80,10,3.94,1,20,20,80,Pellet,Right,149,233,214,13,0.71,190,nan
11/12/2025 3:59:09,1.17.2,Bandit80,10,3.94,nan,20,20,80,Right,Right,149,234,214,14,nan,nan,0.03
11/12/2025 3:59:10,1.17.2,Bandit80,10,3.94,nan,20,20,80,RightinTimeout,Right,149,234,214,14,nan,nan,0.00
11/12/2025 3:59:13,1.17.2,Bandit80,10,3.94,nan,20,20,80,LeftinTimeOut,Right,149,234,214,14,nan,nan,nan
11/12/2025 4:17:42,1.17.2,Bandit80,10,3.94,nan,20,20,80,Left,Right,150,234,214,14,nan,nan,0.28
11/12/2025 4:17:43,1.17.2,Bandit80,10,3.94,nan,20,20,80,LeftinTimeOut,Right,150,234,214,14,nan,nan,nan
11/12/2025 4:17:59,1.17.2,Bandit80,10,3.94,nan,20,20,80,Right,Right,150,235,214,14,nan,nan,0.00
11/12/2025 4:18:00,1.17.2,Bandit80,10,3.94,1,20,20,80,Pellet,Right,150,235,215,14,0.29,4165,nan
11/12/2025 4:18:19,1.17.2,Bandit80,10,3.94,nan,20,20,80,Right,Right,150,236,215,15,nan,nan,0.11
11/12/2025 4:18:23,1.17.2,Bandit80,10,3.94,2,20,20,80,Pellet,Right,150,236,216,15,0.47,23,nan
11/12/2025 4:18:42,1.17.2,Bandit80,10,3.94,nan,20,20,80,Left,Right,151,236,216,16,nan,nan,0.05
11/12/2025 4:18:42,1.17.2,Bandit80,10,3.94,nan,20,20,80,LeftinTimeOut,Right,151,236,216,16,nan,nan,nan
11/12/2025 4:30:45,1.17.2,Bandit80,10,3.94,nan,20,20,80,Left,Right,152,236,216,16,nan,nan,0.35
11/12/2025 4:30:47,1.17.2,Bandit80,10,3.94,nan,20,20,80,LeftinTimeOut,Right,152,236,216,16,nan,nan,nan
11/12/2025 4:50:17,1.17.2,Bandit80,10,3.94,nan,20,20,80,Right,Right,152,237,216,16,nan,nan,0.07
11/12/2025 4:50:57,1.17.2,Bandit80,10,3.94,nan,20,20,80,Left,Right,153,237,216,16,nan,nan,0.22
11/12/2025 4:51:54,1.17.2,Bandit80,10,3.94,nan,20,20,80,Right,Right,153,238,216,16,nan,nan,0.23
11/12/2025 4:51:56,1.17.2,Bandit80,10,3.94,1,20,20,80,Pellet,Right,153,238,217,16,1.19,2013,nan
11/12/2025 4:52:01,1.17.2,Bandit80,10,3.94,nan,20,20,80,Right,Right,153,239,217,17,nan,nan,0.02
11/12/2025 4:52:03,1.17.2,Bandit80,10,3.94,1,20,20,80,Pellet,Right,153,239,218,17,0.41,7,nan
11/12/2025 4:52:09,1.17.2,Bandit80,10,3.94,nan,20,20,80,Right,Right,153,240,218,18,nan,nan,0.07
11/12/2025 4:52:11,1.17.2,Bandit80,10,3.94,2,20,20,80,Pellet,Right,153,240,219,18,0.65,8,nan
11/12/2025 4:52:27,1.17.2,Bandit80,10,3.94,nan,20,20,80,Right,Right,153,241,219,19,nan,nan,0.21
11/12/2025 4:52:28,1.17.2,Bandit80,10,3.94,1,20,20,80,Pellet,Right,153,241,220,19,0.47,17,nan
11/12/2025 4:52:37,1.17.2,Bandit80,10,3.94,nan,20,80,20,Right,Left,153,242,220,0,nan,nan,0.08
11/12/2025 4:53:10,1.17.2,Bandit80,10,3.94,nan,20,80,20,Right,Left,153,243,220,0,nan,nan,0.08
11/12/2025 4:53:12,1.17.2,Bandit80,10,3.94,1,20,80,20,Pellet,Left,153,243,221,0,0.89,43,nan
11/12/2025 4:55:07,1.17.2,Bandit80,10,3.94,nan,20,80,20,Right,Left,153,244,221,1,nan,nan,0.02
11/12/2025 4:57:38,1.17.2,Bandit80,10,3.94,nan,20,80,20,Right,Left,153,245,221,1,nan,nan,0.27
11/12/2025 5:05:31,1.17.2,Bandit80,10,3.94,nan,20,80,20,Right,Left,153,246,221,1,nan,nan,0.01
11/12/2025 5:06:47,1.17.2,Bandit80,10,3.94,nan,20,80,20,Left,Left,154,246,221,1,nan,nan,0.24
11/12/2025 5:06:53,1.17.2,Bandit80,10,3.94,3,20,80,20,Pellet,Left,154,246,222,1,0.41,821,nan
11/12/2025 5:06:57,1.17.2,Bandit80,10,3.94,nan,20,80,20,Left,Left,155,246,222,2,nan,nan,0.08
11/12/2025 5:06:58,1.17.2,Bandit80,10,3.94,1,20,80,20,Pellet,Left,155,246,223,2,0.47,6,nan
11/12/2025 5:11:26,1.17.2,Bandit80,10,3.94,nan,20,80,20,Right,Left,155,247,223,3,nan,nan,0.02
11/12/2025 5:16:01,1.17.2,Bandit80,10,3.94,nan,20,80,20,Left,Left,156,247,223,3,nan,nan,0.09
11/12/2025 5:17:47,1.17.2,Bandit80,10,3.94,nan,20,80,20,RightWithPellet,Left,156,247,223,3,nan,nan,0.09
11/12/2025 5:18:13,1.17.2,Bandit80,10,3.94,1,20,80,20,Pellet,Left,156,247,224,3,Timed_out,675,nan
11/12/2025 5:18:26,1.17.2,Bandit80,10,3.94,nan,20,80,20,Right,Left,156,248,224,4,nan,nan,0.05
11/12/2025 5:18:27,1.17.2,Bandit80,10,3.94,nan,20,80,20,RightinTimeout,Left,156,248,224,4,nan,nan,0.00
11/12/2025 5:19:47,1.17.2,Bandit80,10,3.94,nan,20,80,20,Right,Left,156,249,224,4,nan,nan,0.19
11/12/2025 5:19:48,1.17.2,Bandit80,10,3.94,nan,20,80,20,RightinTimeout,Left,156,249,224,4,nan,nan,0.00
11/12/2025 5:19:51,1.17.2,Bandit80,10,3.94,nan,20,80,20,RightinTimeout,Left,156,249,224,4,nan,nan,0.00
11/12/2025 5:19:52,1.17.2,Bandit80,10,3.94,nan,20,80,20,RightinTimeout,Left,156,249,224,4,nan,nan,0.00
11/12/2025 5:19:52,1.17.2,Bandit80,10,3.94,nan,20,80,20,RightinTimeout,Left,156,249,224,4,nan,nan,0.00
11/12/2025 5:19:53,1.17.2,Bandit80,10,3.94,nan,20,80,20,RightinTimeout,Left,156,249,224,4,nan,nan,0.00
11/12/2025 5:19:53,1.17.2,Bandit80,10,3.94,nan,20,80,20,RightinTimeout,Left,156,249,224,4,nan,nan,0.00
11/12/2025 5:19:53,1.17.2,Bandit80,10,3.94,nan,20,80,20,RightinTimeout,Left,156,249,224,4,nan,nan,0.00
11/12/2025 5:19:54,1.17.2,Bandit80,10,3.94,nan,20,80,20,RightinTimeout,Left,156,249,224,4,nan,nan,0.00
11/12/2025 5:19:55,1.17.2,Bandit80,10,3.94,nan,20,80,20,RightinTimeout,Left,156,249,224,4,nan,nan,0.00
11/12/2025 5:20:38,1.17.2,Bandit80,10,3.94,nan,20,80,20,Right,Left,156,250,224,4,nan,nan,0.19
11/12/2025 5:26:04,1.17.2,Bandit80,10,3.94,nan,20,80,20,Right,Left,156,251,224,4,nan,nan,0.03
11/12/2025 5:26:05,1.17.2,Bandit80,10,3.94,nan,20,80,20,RightinTimeout,Left,156,251,224,4,nan,nan,0.00
11/12/2025 5:26:05,1.17.2,Bandit80,10,3.94,nan,20,80,20,RightinTimeout,Left,156,251,224,4,nan,nan,0.00
11/12/2025 5:26:08,1.17.2,Bandit80,10,3.94,nan,20,80,20,RightinTimeout,Left,156,251,224,4,nan,nan,0.00
11/12/2025 5:28:23,1.17.2,Bandit80,10,3.94,nan,20,80,20,Right,Left,156,252,224,4,nan,nan,0.03
11/12/2025 5:28:41,1.17.2,Bandit80,10,3.94,nan,20,80,20,Right,Left,156,253,224,4,nan,nan,0.18
11/12/2025 5:36:35,1.17.2,Bandit80,10,3.94,nan,20,80,20,Right,Left,156,254,224,4,nan,nan,0.07
11/12/2025 5:36:36,1.17.2,Bandit80,10,3.94,nan,20,80,20,RightinTimeout,Left,156,254,224,4,nan,nan,0.00
11/12/2025 5:37:28,1.17.2,Bandit80,10,3.94,nan,20,80,20,Left,Left,157,254,224,4,nan,nan,0.10
11/12/2025 5:37:30,1.17.2,Bandit80,10,3.94,1,20,80,20,Pellet,Left,157,254,225,4,0.35,1157,nan
11/12/2025 5:37:42,1.17.2,Bandit80,10,3.94,nan,20,80,20,Left,Left,158,254,225,5,nan,nan,0.14
11/12/2025 5:37:43,1.17.2,Bandit80,10,3.94,1,20,80,20,Pellet,Left,158,254,226,5,0.23,13,nan
11/12/2025 5:37:53,1.17.2,Bandit80,10,3.94,nan,20,80,20,Left,Left,159,254,226,6,nan,nan,0.05
11/12/2025 5:37:56,1.17.2,Bandit80,10,3.94,nan,20,80,20,LeftinTimeOut,Left,159,254,226,6,nan,nan,nan
11/12/2025 5:43:54,1.17.2,Bandit80,10,3.94,nan,20,80,20,Left,Left,160,254,226,6,nan,nan,0.01
11/12/2025 5:55:29,1.17.2,Bandit80,10,3.93,1,20,80,20,Pellet,Left,160,254,227,6,Timed_out,1066,nan
11/12/2025 5:55:44,1.17.2,Bandit80,10,3.94,nan,20,80,20,Right,Left,160,255,227,7,nan,nan,0.10
11/12/2025 5:55:47,1.17.2,Bandit80,10,3.94,nan,20,80,20,RightinTimeout,Left,160,255,227,7,nan,nan,0.00
11/12/2025 5:56:16,1.17.2,Bandit80,10,3.93,nan,20,80,20,Left,Left,161,255,227,7,nan,nan,0.04
11/12/2025 5:56:17,1.17.2,Bandit80,10,3.94,1,20,80,20,Pellet,Left,161,255,228,7,0.35,48,nan
11/12/2025 6:00:40,1.17.2,Bandit80,10,3.94,nan,20,80,20,Left,Left,162,255,228,8,nan,nan,0.09
11/12/2025 6:00:43,1.17.2,Bandit80,10,3.94,2,20,80,20,Pellet,Left,162,255,229,8,0.29,266,nan
11/12/2025 6:35:37,1.17.2,Bandit80,10,3.94,nan,20,80,20,Right,Left,162,256,229,9,nan,nan,0.34
11/12/2025 6:35:39,1.17.2,Bandit80,10,3.94,nan,20,80,20,RightinTimeout,Left,162,256,229,9,nan,nan,0.00
11/12/2025 10:01:47,1.17.2,Bandit80,10,3.93,nan,20,80,20,Right,Left,162,257,229,9,nan,nan,0.10
11/12/2025 10:01:49,1.17.2,Bandit80,10,3.93,1,20,80,20,Pellet,Left,162,257,230,9,0.53,14466,nan
11/12/2025 10:03:10,1.17.2,Bandit80,10,3.93,nan,20,80,20,Right,Left,162,258,230,10,nan,nan,0.29
11/12/2025 10:03:10,1.17.2,Bandit80,10,3.93,nan,20,80,20,RightinTimeout,Left,162,258,230,10,nan,nan,0.00
11/12/2025 10:03:10,1.17.2,Bandit80,10,3.93,nan,20,80,20,RightinTimeout,Left,162,258,230,10,nan,nan,0.00
11/12/2025 10:03:11,1.17.2,Bandit80,10,3.93,nan,20,80,20,RightinTimeout,Left,162,258,230,10,nan,nan,0.00
11/12/2025 10:03:11,1.17.2,Bandit80,10,3.93,nan,20,80,20,RightinTimeout,Left,162,258,230,10,nan,nan,0.00
11/12/2025 10:03:15,1.17.2,Bandit80,10,3.92,nan,20,80,20,LeftinTimeOut,Left,162,258,230,10,nan,nan,nan
11/12/2025 10:03:15,1.17.2,Bandit80,10,3.93,nan,20,80,20,LeftinTimeOut,Left,162,258,230,10,nan,nan,nan
11/12/2025 10:03:16,1.17.2,Bandit80,10,3.93,nan,20,80,20,LeftinTimeOut,Left,162,258,230,10,nan,nan,nan
11/12/2025 11:58:16,1.17.2,Bandit80,10,3.93,nan,20,80,20,Right,Left,162,259,230,10,nan,nan,0.39
11/12/2025 11:58:19,1.17.2,Bandit80,10,3.93,1,20,80,20,Pellet,Left,162,259,231,10,1.55,6989,nan
11/12/2025 11:58:35,1.17.2,Bandit80,10,3.93,nan,20,80,20,Right,Left,162,260,231,11,nan,nan,0.04
11/12/2025 11:58:38,1.17.2,Bandit80,10,3.93,nan,20,80,20,RightinTimeout,Left,162,260,231,11,nan,nan,0.00
11/12/2025 11:58:40,1.17.2,Bandit80,10,3.93,nan,20,80,20,RightinTimeout,Left,162,260,231,11,nan,nan,0.00
11/12/2025 11:58:41,1.17.2,Bandit80,10,3.92,nan,20,80,20,RightinTimeout,Left,162,260,231,11,nan,nan,0.00
11/12/2025 12:14:16,1.17.2,Bandit80,10,3.93,nan,20,80,20,Left,Left,163,260,231,11,nan,nan,0.10
11/12/2025 12:14:17,1.17.2,Bandit80,10,3.93,1,20,80,20,Pellet,Left,163,260,232,11,0.53,959,nan
11/12/2025 12:14:26,1.17.2,Bandit80,10,3.93,nan,20,80,20,Left,Left,164,260,232,12,nan,nan,0.16
11/12/2025 12:14:27,1.17.2,Bandit80,10,3.92,nan,20,80,20,LeftinTimeOut,Left,164,260,232,12,nan,nan,nan
11/12/2025 14:18:51,1.17.2,Bandit80,10,3.92,nan,20,80,20,Right,Left,164,261,232,12,nan,nan,0.04
11/12/2025 14:18:53,1.17.2,Bandit80,10,3.92,nan,20,80,20,RightinTimeout,Left,164,261,232,12,nan,nan,0.00
11/12/2025 14:18:54,1.17.2,Bandit80,10,3.93,nan,20,80,20,RightinTimeout,Left,164,261,232,12,nan,nan,0.00
11/12/2025 14:18:55,1.17.2,Bandit80,10,3.93,nan,20,80,20,RightinTimeout,Left,164,261,232,12,nan,nan,0.00
11/12/2025 14:18:57,1.17.2,Bandit80,10,3.93,nan,20,80,20,LeftinTimeOut,Left,164,261,232,12,nan,nan,nan
11/12/2025 14:18:58,1.17.2,Bandit80,10,3.92,nan,20,80,20,LeftinTimeOut,Left,164,261,232,12,nan,nan,nan
11/12/2025 14:29:15,1.17.2,Bandit80,10,3.92,nan,20,80,20,Left,Left,165,261,232,12,nan,nan,0.07
11/12/2025 14:29:17,1.17.2,Bandit80,10,3.92,1,20,80,20,Pellet,Left,165,261,233,12,0.53,8100,nan
11/12/2025 14:29:25,1.17.2,Bandit80,10,3.93,nan,20,80,20,Left,Left,166,261,233,13,nan,nan,0.04
11/12/2025 14:29:26,1.17.2,Bandit80,10,3.93,1,20,80,20,Pellet,Left,166,261,234,13,0.53,9,nan
11/12/2025 14:29:39,1.17.2,Bandit80,10,3.93,nan,20,80,20,Left,Left,167,261,234,14,nan,nan,0.12
11/12/2025 14:29:40,1.17.2,Bandit80,10,3.93,1,20,80,20,Pellet,Left,167,261,235,14,0.77,14,nan
11/12/2025 14:29:55,1.17.2,Bandit80,10,3.93,nan,20,80,20,Left,Left,168,261,235,15,nan,nan,0.24
11/12/2025 14:29:58,1.17.2,Bandit80,10,3.93,2,20,80,20,Pellet,Left,168,261,236,15,0.89,18,nan
11/12/2025 14:30:12,1.17.2,Bandit80,10,3.92,nan,20,80,20,Right,Left,168,262,236,16,nan,nan,0.08
11/12/2025 15:58:19,1.17.2,Bandit80,10,3.92,nan,20,80,20,Left,Left,169,262,236,16,nan,nan,0.25
11/12/2025 15:58:20,1.17.2,Bandit80,10,3.92,1,20,80,20,Pellet,Left,169,262,237,16,0.47,5302,nan
