MM:DD:YYYY hh:mm:ss,Library_Version,Session_type,Device_Number,Battery_Voltage,Motor_Turns,PelletsToSwitch,Prob_left,Prob_right,Event,High_prob_poke,Left_Poke_Count,Right_Poke_Count,Pellet_Count,Block_Pellet_Count,Retrieval_Time,InterPelletInterval,Poke_Time
11/10/2025 18:29:28,1.17.2,Bandit80,20,4.09,nan,20,20,80,Right,Right,0,1,0,0,nan,nan,0.24
11/10/2025 18:29:53,1.17.2,Bandit80,20,4.09,nan,20,20,80,RightWithPellet,Right,0,2,0,0,nan,nan,0.09
11/10/2025 18:30:00,1.17.2,Bandit80,20,4.09,3,20,20,80,Pellet,Right,0,2,1,0,29.07,nan,nan
11/10/2025 18:30:55,1.17.2,Bandit80,20,4.09,nan,20,20,80,Right,Right,0,3,1,1,nan,nan,0.02
11/10/2025 18:30:58,1.17.2,Bandit80,20,4.09,2,20,20,80,Pellet,Right,0,3,2,1,1.61,58,nan
11/10/2025 18:31:38,1.17.2,Bandit80,20,4.09,nan,20,20,80,Left,Right,1,3,2,2,nan,nan,0.37
11/10/2025 18:32:12,1.17.2,Bandit80,20,4.09,nan,20,20,80,Right,Right,1,4,2,2,nan,nan,0.09
11/10/2025 18:32:13,1.17.2,Bandit80,20,4.09,1,20,20,80,Pellet,Right,1,4,3,2,0.41,75,nan
11/10/2025 18:32:48,1.17.2,Bandit80,20,4.09,nan,20,20,80,Right,Right,1,5,3,3,nan,nan,0.11
11/10/2025 18:32:49,1.17.2,Bandit80,20,4.09,1,20,20,80,Pellet,Right,1,5,4,3,0.35,36,nan
11/10/2025 18:33:49,1.17.2,Bandit80,20,4.10,nan,20,20,80,Right,Right,1,6,4,4,nan,nan,0.37
11/10/2025 18:33:50,1.17.2,Bandit80,20,4.09,1,20,20,80,Pellet,Right,1,6,5,4,0.23,61,nan
11/10/2025 18:34:24,1.17.2,Bandit80,20,4.10,nan,20,20,80,Left,Right,2,6,5,5,nan,nan,0.08
11/10/2025 18:35:11,1.17.2,Bandit80,20,4.09,nan,20,20,80,Right,Right,2,7,5,5,nan,nan,0.17
11/10/2025 18:35:12,1.17.2,Bandit80,20,4.09,1,20,20,80,Pellet,Right,2,7,6,5,0.35,82,nan
11/10/2025 18:35:27,1.17.2,Bandit80,20,4.09,nan,20,20,80,Left,Right,3,7,6,6,nan,nan,0.02
11/10/2025 18:35:31,1.17.2,Bandit80,20,4.09,2,20,20,80,Pellet,Right,3,7,7,6,0.41,18,nan
11/10/2025 18:37:24,1.17.2,Bandit80,20,4.09,nan,20,20,80,Left,Right,4,7,7,7,nan,nan,0.25
11/10/2025 18:37:26,1.17.2,Bandit80,20,4.09,nan,20,20,80,LeftinTimeOut,Right,4,7,7,7,nan,nan,nan
11/10/2025 18:39:57,1.17.2,Bandit80,20,4.09,nan,20,20,80,Right,Right,4,8,7,7,nan,nan,0.21
11/10/2025 18:39:59,1.17.2,Bandit80,20,4.09,1,20,20,80,Pellet,Right,4,8,8,7,1.13,269,nan
11/10/2025 18:40:55,1.17.2,Bandit80,20,4.09,nan,20,20,80,Left,Right,5,8,8,8,nan,nan,0.15
11/10/2025 18:40:59,1.17.2,Bandit80,20,4.09,nan,20,20,80,RightinTimeout,Right,5,8,8,8,nan,nan,0.00
11/10/2025 18:41:27,1.17.2,Bandit80,20,4.09,nan,20,20,80,Left,Right,6,8,8,8,nan,nan,0.37
11/10/2025 18:41:30,1.17.2,Bandit80,20,4.10,nan,20,20,80,LeftinTimeOut,Right,6,8,8,8,nan,nan,nan
11/10/2025 18:41:41,1.17.2,Bandit80,20,4.09,nan,20,20,80,Left,Right,7,8,8,8,nan,nan,0.15
11/10/2025 18:41:43,1.17.2,Bandit80,20,4.09,1,20,20,80,Pellet,Right,7,8,9,8,0.83,104,nan
11/10/2025 18:41:50,1.17.2,Bandit80,20,4.09,nan,20,20,80,Left,Right,8,8,9,9,nan,nan,0.59
11/10/2025 18:41:56,1.17.2,Bandit80,20,4.09,nan,20,20,80,RightinTimeout,Right,8,8,9,9,nan,nan,0.00
11/10/2025 18:42:01,1.17.2,Bandit80,20,4.09,nan,20,20,80,LeftinTimeOut,Right,8,8,9,9,nan,nan,nan
11/10/2025 18:42:41,1.17.2,Bandit80,20,4.09,nan,20,20,80,Left,Right,9,8,9,9,nan,nan,0.00
11/10/2025 18:42:50,1.17.2,Bandit80,20,4.09,nan,20,20,80,LeftinTimeOut,Right,9,8,9,9,nan,nan,nan
11/10/2025 18:43:08,1.17.2,Bandit80,20,4.09,nan,20,20,80,Left,Right,10,8,9,9,nan,nan,0.22
11/10/2025 18:43:38,1.17.2,Bandit80,20,4.09,nan,20,20,80,Right,Right,10,9,9,9,nan,nan,0.19
11/10/2025 18:43:39,1.17.2,Bandit80,20,4.09,1,20,20,80,Pellet,Right,10,9,10,9,0.23,115,nan
11/10/2025 18:44:07,1.17.2,Bandit80,20,4.09,nan,20,20,80,Left,Right,11,9,10,10,nan,nan,0.03
11/10/2025 18:44:09,1.17.2,Bandit80,20,4.09,1,20,20,80,Pellet,Right,11,9,11,10,0.77,31,nan
11/10/2025 18:44:18,1.17.2,Bandit80,20,4.09,nan,20,20,80,Left,Right,12,9,11,11,nan,nan,0.09
11/10/2025 18:44:20,1.17.2,Bandit80,20,4.09,1,20,20,80,Pellet,Right,12,9,12,11,0.71,11,nan
11/10/2025 18:44:28,1.17.2,Bandit80,20,4.09,nan,20,20,80,Left,Right,13,9,12,12,nan,nan,0.09
11/10/2025 18:44:35,1.17.2,Bandit80,20,4.09,nan,20,20,80,RightinTimeout,Right,13,9,12,12,nan,nan,0.00
11/10/2025 18:44:37,1.17.2,Bandit80,20,4.09,nan,20,20,80,LeftinTimeOut,Right,13,9,12,12,nan,nan,nan
11/10/2025 18:44:39,1.17.2,Bandit80,20,4.09,nan,20,20,80,LeftinTimeOut,Right,13,9,12,12,nan,nan,nan
11/10/2025 18:44:59,1.17.2,Bandit80,20,4.09,nan,20,20,80,Left,Right,14,9,12,12,nan,nan,0.11
11/10/2025 18:45:02,1.17.2,Bandit80,20,4.09,nan,20,20,80,LeftinTimeOut,Right,14,9,12,12,nan,nan,nan
11/10/2025 18:45:04,1.17.2,Bandit80,20,4.09,nan,20,20,80,LeftinTimeOut,Right,14,9,12,12,nan,nan,nan
11/10/2025 18:45:13,1.17.2,Bandit80,20,4.09,nan,20,20,80,RightinTimeout,Right,14,9,12,12,nan,nan,0.00
11/10/2025 18:45:16,1.17.2,Bandit80,20,4.09,nan,20,20,80,LeftinTimeOut,Right,14,9,12,12,nan,nan,nan
11/10/2025 18:45:24,1.17.2,Bandit80,20,4.09,nan,20,20,80,LeftinTimeOut,Right,14,9,12,12,nan,nan,nan
11/10/2025 18:45:50,1.17.2,Bandit80,20,4.09,nan,20,20,80,Left,Right,15,9,12,12,nan,nan,0.13
11/10/2025 18:45:51,1.17.2,Bandit80,20,4.09,1,20,20,80,Pellet,Right,15,9,13,12,0.35,91,nan
11/10/2025 18:45:59,1.17.2,Bandit80,20,4.09,nan,20,20,80,Left,Right,16,9,13,13,nan,nan,0.10
11/10/2025 18:46:02,1.17.2,Bandit80,20,4.09,nan,20,20,80,LeftinTimeOut,Right,16,9,13,13,nan,nan,nan
11/10/2025 18:47:47,1.17.2,Bandit80,20,4.09,nan,20,20,80,Left,Right,17,9,13,13,nan,nan,0.06
11/10/2025 18:49:54,1.17.2,Bandit80,20,4.09,nan,20,20,80,Left,Right,18,9,13,13,nan,nan,0.25
11/10/2025 18:49:56,1.17.2,Bandit80,20,4.09,nan,20,20,80,LeftinTimeOut,Right,18,9,13,13,nan,nan,nan
11/10/2025 18:49:57,1.17.2,Bandit80,20,4.09,nan,20,20,80,LeftinTimeOut,Right,18,9,13,13,nan,nan,nan
11/10/2025 18:50:02,1.17.2,Bandit80,20,4.09,nan,20,20,80,LeftinTimeOut,Right,18,9,13,13,nan,nan,nan
11/10/2025 18:50:31,1.17.2,Bandit80,20,4.09,nan,20,20,80,Right,Right,18,10,13,13,nan,nan,0.22
11/10/2025 18:50:34,1.17.2,Bandit80,20,4.09,3,20,20,80,Pellet,Right,18,10,14,13,0.06,283,nan
11/10/2025 18:50:48,1.17.2,Bandit80,20,4.09,nan,20,20,80,Left,Right,19,10,14,14,nan,nan,0.58
11/10/2025 18:50:53,1.17.2,Bandit80,20,4.09,nan,20,20,80,LeftinTimeOut,Right,19,10,14,14,nan,nan,nan
11/10/2025 18:50:59,1.17.2,Bandit80,20,4.09,nan,20,20,80,RightinTimeout,Right,19,10,14,14,nan,nan,0.00
11/10/2025 18:53:59,1.17.2,Bandit80,20,4.09,nan,20,20,80,Left,Right,20,10,14,14,nan,nan,0.18
11/10/2025 18:54:02,1.17.2,Bandit80,20,4.09,nan,20,20,80,LeftinTimeOut,Right,20,10,14,14,nan,nan,nan
11/10/2025 18:54:53,1.17.2,Bandit80,20,4.09,nan,20,20,80,Left,Right,21,10,14,14,nan,nan,0.18
11/10/2025 18:56:14,1.17.2,Bandit80,20,4.09,nan,20,20,80,Left,Right,22,10,14,14,nan,nan,0.25
11/10/2025 18:56:17,1.17.2,Bandit80,20,4.09,nan,20,20,80,LeftinTimeOut,Right,22,10,14,14,nan,nan,nan
11/10/2025 18:56:52,1.17.2,Bandit80,20,4.09,nan,20,20,80,Right,Right,22,11,14,14,nan,nan,0.15
11/10/2025 18:57:01,1.17.2,Bandit80,20,4.09,nan,20,20,80,RightinTimeout,Right,22,11,14,14,nan,nan,0.00
11/10/2025 18:57:35,1.17.2,Bandit80,20,4.09,nan,20,20,80,Left,Right,23,11,14,14,nan,nan,0.14
11/10/2025 18:57:37,1.17.2,Bandit80,20,4.09,1,20,20,80,Pellet,Right,23,11,15,14,0.71,423,nan
11/10/2025 18:57:59,1.17.2,Bandit80,20,4.09,nan,20,20,80,Left,Right,24,11,15,15,nan,nan,0.02
11/10/2025 18:58:04,1.17.2,Bandit80,20,4.08,nan,20,20,80,LeftinTimeOut,Right,24,11,15,15,nan,nan,nan
11/10/2025 18:58:06,1.17.2,Bandit80,20,4.09,nan,20,20,80,LeftinTimeOut,Right,24,11,15,15,nan,nan,nan
11/10/2025 18:58:17,1.17.2,Bandit80,20,4.09,nan,20,20,80,Left,Right,25,11,15,15,nan,nan,0.14
11/10/2025 18:58:19,1.17.2,Bandit80,20,4.09,nan,20,20,80,LeftinTimeOut,Right,25,11,15,15,nan,nan,nan
11/10/2025 18:58:33,1.17.2,Bandit80,20,4.09,nan,20,20,80,Right,Right,25,12,15,15,nan,nan,0.14
11/10/2025 18:58:35,1.17.2,Bandit80,20,4.09,1,20,20,80,Pellet,Right,25,12,16,15,0.65,57,nan
11/10/2025 18:59:05,1.17.2,Bandit80,20,4.09,nan,20,20,80,Left,Right,26,12,16,16,nan,nan,0.41
11/10/2025 18:59:08,1.17.2,Bandit80,20,4.09,nan,20,20,80,LeftinTimeOut,Right,26,12,16,16,nan,nan,nan
11/10/2025 18:59:12,1.17.2,Bandit80,20,4.09,nan,20,20,80,RightinTimeout,Right,26,12,16,16,nan,nan,0.00
11/10/2025 18:59:14,1.17.2,Bandit80,20,4.09,nan,20,20,80,RightinTimeout,Right,26,12,16,16,nan,nan,0.00
11/10/2025 19:00:17,1.17.2,Bandit80,20,4.09,nan,20,20,80,Left,Right,27,12,16,16,nan,nan,0.08
11/10/2025 19:00:18,1.17.2,Bandit80,20,4.09,1,20,20,80,Pellet,Right,27,12,17,16,0.29,104,nan
11/10/2025 19:00:27,1.17.2,Bandit80,20,4.09,nan,20,20,80,Left,Right,28,12,17,17,nan,nan,0.02
11/10/2025 19:00:29,1.17.2,Bandit80,20,4.09,nan,20,20,80,LeftinTimeOut,Right,28,12,17,17,nan,nan,nan
11/10/2025 19:00:49,1.17.2,Bandit80,20,4.09,nan,20,20,80,Left,Right,29,12,17,17,nan,nan,0.09
11/10/2025 19:00:52,1.17.2,Bandit80,20,4.09,nan,20,20,80,LeftinTimeOut,Right,29,12,17,17,nan,nan,nan
11/10/2025 19:01:16,1.17.2,Bandit80,20,4.09,nan,20,20,80,Left,Right,30,12,17,17,nan,nan,0.15
11/10/2025 19:01:38,1.17.2,Bandit80,20,4.09,nan,20,20,80,Right,Right,30,13,17,17,nan,nan,0.12
11/10/2025 19:01:40,1.17.2,Bandit80,20,4.09,2,20,20,80,Pellet,Right,30,13,18,17,0.29,81,nan
11/10/2025 19:01:50,1.17.2,Bandit80,20,4.09,nan,20,20,80,Left,Right,31,13,18,18,nan,nan,0.24
11/10/2025 19:01:50,1.17.2,Bandit80,20,4.09,nan,20,20,80,LeftDuringDispense,Right,31,13,18,18,nan,nan,0.06
11/10/2025 19:01:54,1.17.2,Bandit80,20,4.09,2,20,20,80,Pellet,Right,31,13,19,18,0.47,15,nan
11/10/2025 19:02:05,1.17.2,Bandit80,20,4.09,nan,20,20,80,Left,Right,32,13,19,19,nan,nan,0.02
11/10/2025 19:02:07,1.17.2,Bandit80,20,4.09,nan,20,20,80,LeftWithPellet,Right,32,13,19,19,nan,nan,0.02
11/10/2025 19:02:08,1.17.2,Bandit80,20,4.09,1,20,20,80,Pellet,Right,32,13,20,19,1.35,13,nan
11/10/2025 19:02:19,1.17.2,Bandit80,20,4.09,nan,20,80,20,Left,Left,33,13,20,0,nan,nan,0.83
11/10/2025 19:02:22,1.17.2,Bandit80,20,4.09,2,20,80,20,Pellet,Left,33,13,21,0,0.12,15,nan
11/10/2025 19:02:34,1.17.2,Bandit80,20,4.09,nan,20,80,20,Left,Left,34,13,21,1,nan,nan,0.13
11/10/2025 19:02:37,1.17.2,Bandit80,20,4.09,nan,20,80,20,LeftinTimeOut,Left,34,13,21,1,nan,nan,nan
11/10/2025 19:02:38,1.17.2,Bandit80,20,4.09,nan,20,80,20,LeftinTimeOut,Left,34,13,21,1,nan,nan,nan
11/10/2025 19:02:42,1.17.2,Bandit80,20,4.09,nan,20,80,20,RightinTimeout,Left,34,13,21,1,nan,nan,0.00
11/10/2025 19:02:44,1.17.2,Bandit80,20,4.09,nan,20,80,20,LeftinTimeOut,Left,34,13,21,1,nan,nan,nan
11/10/2025 19:02:45,1.17.2,Bandit80,20,4.09,nan,20,80,20,LeftinTimeOut,Left,34,13,21,1,nan,nan,nan
11/10/2025 19:03:05,1.17.2,Bandit80,20,4.09,nan,20,80,20,Right,Left,34,14,21,1,nan,nan,0.33
11/10/2025 19:03:19,1.17.2,Bandit80,20,4.09,nan,20,80,20,Left,Left,35,14,21,1,nan,nan,0.17
11/10/2025 19:03:20,1.17.2,Bandit80,20,4.09,nan,20,80,20,LeftinTimeOut,Left,35,14,21,1,nan,nan,nan
11/10/2025 19:04:04,1.17.2,Bandit80,20,4.09,nan,20,80,20,Right,Left,35,15,21,1,nan,nan,0.08
11/10/2025 19:04:07,1.17.2,Bandit80,20,4.09,nan,20,80,20,LeftinTimeOut,Left,35,15,21,1,nan,nan,nan
11/10/2025 19:05:07,1.17.2,Bandit80,20,4.09,nan,20,80,20,Left,Left,36,15,21,1,nan,nan,0.34
11/10/2025 19:05:08,1.17.2,Bandit80,20,4.09,1,20,80,20,Pellet,Left,36,15,22,1,0.29,166,nan
11/10/2025 19:05:14,1.17.2,Bandit80,20,4.09,nan,20,80,20,Left,Left,37,15,22,2,nan,nan,0.08
11/10/2025 19:05:15,1.17.2,Bandit80,20,4.09,1,20,80,20,Pellet,Left,37,15,23,2,0.17,7,nan
11/10/2025 19:05:25,1.17.2,Bandit80,20,4.09,nan,20,80,20,Left,Left,38,15,23,3,nan,nan,0.15
11/10/2025 19:05:26,1.17.2,Bandit80,20,4.09,1,20,80,20,Pellet,Left,38,15,24,3,0.29,11,nan
11/10/2025 19:05:39,1.17.2,Bandit80,20,4.09,nan,20,80,20,Left,Left,39,15,24,4,nan,nan,0.11
11/10/2025 19:05:41,1.17.2,Bandit80,20,4.09,1,20,80,20,Pellet,Left,39,15,25,4,0.71,15,nan
11/10/2025 19:05:51,1.17.2,Bandit80,20,4.09,nan,20,80,20,Left,Left,40,15,25,5,nan,nan,0.06
11/10/2025 19:05:53,1.17.2,Bandit80,20,4.09,1,20,80,20,Pellet,Left,40,15,26,5,0.41,11,nan
11/10/2025 19:06:03,1.17.2,Bandit80,20,4.09,nan,20,80,20,Left,Left,41,15,26,6,nan,nan,0.30
11/10/2025 19:06:07,1.17.2,Bandit80,20,4.09,1,20,80,20,Pellet,Left,41,15,27,6,2.69,14,nan
11/10/2025 19:06:19,1.17.2,Bandit80,20,4.09,nan,20,80,20,Left,Left,42,15,27,7,nan,nan,0.16
11/10/2025 19:06:23,1.17.2,Bandit80,20,4.09,2,20,80,20,Pellet,Left,42,15,28,7,0.71,17,nan
11/10/2025 19:06:32,1.17.2,Bandit80,20,4.09,nan,20,80,20,Left,Left,43,15,28,8,nan,nan,0.05
11/10/2025 19:06:34,1.17.2,Bandit80,20,4.09,1,20,80,20,Pellet,Left,43,15,29,8,0.29,11,nan
11/10/2025 19:06:41,1.17.2,Bandit80,20,4.09,nan,20,80,20,Left,Left,44,15,29,9,nan,nan,0.39
11/10/2025 19:06:42,1.17.2,Bandit80,20,4.09,1,20,80,20,Pellet,Left,44,15,30,9,0.29,8,nan
11/10/2025 19:06:57,1.17.2,Bandit80,20,4.09,nan,20,80,20,Left,Left,45,15,30,10,nan,nan,0.04
11/10/2025 19:07:00,1.17.2,Bandit80,20,4.09,1,20,80,20,Pellet,Left,45,15,31,10,1.73,18,nan
11/10/2025 19:07:08,1.17.2,Bandit80,20,4.09,nan,20,80,20,Left,Left,46,15,31,11,nan,nan,0.08
11/10/2025 19:07:10,1.17.2,Bandit80,20,4.09,nan,20,80,20,LeftinTimeOut,Left,46,15,31,11,nan,nan,nan
11/10/2025 19:07:52,1.17.2,Bandit80,20,4.09,nan,20,80,20,Right,Left,46,16,31,11,nan,nan,0.04
11/10/2025 19:08:56,1.17.2,Bandit80,20,4.09,nan,20,80,20,Left,Left,47,16,31,11,nan,nan,0.10
11/10/2025 19:08:58,1.17.2,Bandit80,20,4.09,1,20,80,20,Pellet,Left,47,16,32,11,0.65,117,nan
11/10/2025 19:09:09,1.17.2,Bandit80,20,4.09,nan,20,80,20,Left,Left,48,16,32,12,nan,nan,0.09
11/10/2025 19:09:11,1.17.2,Bandit80,20,4.09,1,20,80,20,Pellet,Left,48,16,33,12,0.53,13,nan
11/10/2025 19:09:17,1.17.2,Bandit80,20,4.09,nan,20,80,20,Left,Left,49,16,33,13,nan,nan,0.07
11/10/2025 19:09:19,1.17.2,Bandit80,20,4.09,1,20,80,20,Pellet,Left,49,16,34,13,0.35,8,nan
11/10/2025 19:09:30,1.17.2,Bandit80,20,4.09,nan,20,80,20,Left,Left,50,16,34,14,nan,nan,0.07
11/10/2025 19:09:34,1.17.2,Bandit80,20,4.09,2,20,80,20,Pellet,Left,50,16,35,14,0.35,15,nan
11/10/2025 19:09:43,1.17.2,Bandit80,20,4.09,nan,20,80,20,Left,Left,51,16,35,15,nan,nan,0.12
11/10/2025 19:09:44,1.17.2,Bandit80,20,4.09,1,20,80,20,Pellet,Left,51,16,36,15,0.23,11,nan
11/10/2025 19:09:55,1.17.2,Bandit80,20,4.09,nan,20,80,20,Left,Left,52,16,36,16,nan,nan,0.13
11/10/2025 19:09:57,1.17.2,Bandit80,20,4.09,1,20,80,20,Pellet,Left,52,16,37,16,0.29,12,nan
11/10/2025 19:10:11,1.17.2,Bandit80,20,4.09,nan,20,80,20,Left,Left,53,16,37,17,nan,nan,0.11
11/10/2025 19:10:13,1.17.2,Bandit80,20,4.09,1,20,80,20,Pellet,Left,53,16,38,17,0.35,16,nan
11/10/2025 19:10:23,1.17.2,Bandit80,20,4.09,nan,20,80,20,Left,Left,54,16,38,18,nan,nan,0.09
11/10/2025 19:10:24,1.17.2,Bandit80,20,4.09,1,20,80,20,Pellet,Left,54,16,39,18,0.41,12,nan
11/10/2025 19:10:42,1.17.2,Bandit80,20,4.09,nan,20,80,20,Left,Left,55,16,39,19,nan,nan,0.20
11/10/2025 19:10:44,1.17.2,Bandit80,20,4.09,1,20,80,20,Pellet,Left,55,16,40,19,0.71,19,nan
11/10/2025 19:10:55,1.17.2,Bandit80,20,4.09,nan,20,20,80,Left,Right,56,16,40,0,nan,nan,0.10
11/10/2025 19:18:06,1.17.2,Bandit80,20,4.09,nan,20,20,80,Right,Right,56,17,40,0,nan,nan,0.14
11/10/2025 19:18:09,1.17.2,Bandit80,20,4.09,1,20,20,80,Pellet,Right,56,17,41,0,0.95,445,nan
11/10/2025 19:20:11,1.17.2,Bandit80,20,4.09,nan,20,20,80,Right,Right,56,18,41,1,nan,nan,0.21
11/10/2025 19:28:53,1.17.2,Bandit80,20,4.09,nan,20,20,80,Left,Right,57,18,41,1,nan,nan,0.12
11/10/2025 19:33:12,1.17.2,Bandit80,20,4.08,nan,20,20,80,Right,Right,57,19,41,1,nan,nan,0.38
11/10/2025 19:33:15,1.17.2,Bandit80,20,4.09,2,20,20,80,Pellet,Right,57,19,42,1,0.23,907,nan
11/10/2025 19:33:24,1.17.2,Bandit80,20,4.09,nan,20,20,80,Left,Right,58,19,42,2,nan,nan,0.08
11/10/2025 19:33:25,1.17.2,Bandit80,20,4.09,nan,20,20,80,LeftinTimeOut,Right,58,19,42,2,nan,nan,nan
11/10/2025 19:33:26,1.17.2,Bandit80,20,4.09,nan,20,20,80,LeftinTimeOut,Right,58,19,42,2,nan,nan,nan
11/10/2025 19:33:29,1.17.2,Bandit80,20,4.09,nan,20,20,80,LeftinTimeOut,Right,58,19,42,2,nan,nan,nan
11/10/2025 19:40:29,1.17.2,Bandit80,20,4.09,nan,20,20,80,Left,Right,59,19,42,2,nan,nan,0.12
11/10/2025 19:40:43,1.17.2,Bandit80,20,4.09,nan,20,20,80,Left,Right,60,19,42,2,nan,nan,0.08
11/10/2025 19:40:45,1.17.2,Bandit80,20,4.09,1,20,20,80,Pellet,Right,60,19,43,2,0.53,450,nan
11/10/2025 19:41:29,1.17.2,Bandit80,20,4.09,nan,20,20,80,Left,Right,61,19,43,3,nan,nan,0.15
11/10/2025 19:42:39,1.17.2,Bandit80,20,4.09,nan,20,20,80,Left,Right,62,19,43,3,nan,nan,0.11
11/10/2025 19:42:41,1.17.2,Bandit80,20,4.09,nan,20,20,80,LeftinTimeOut,Right,62,19,43,3,nan,nan,nan
11/10/2025 19:42:41,1.17.2,Bandit80,20,4.09,nan,20,20,80,LeftinTimeOut,Right,62,19,43,3,nan,nan,nan
11/10/2025 19:42:43,1.17.2,Bandit80,20,4.09,nan,20,20,80,LeftinTimeOut,Right,62,19,43,3,nan,nan,nan
11/10/2025 19:43:26,1.17.2,Bandit80,20,4.09,nan,20,20,80,Right,Right,62,20,43,3,nan,nan,0.41
11/10/2025 19:43:28,1.17.2,Bandit80,20,4.09,1,20,20,80,Pellet,Right,62,20,44,3,1.25,163,nan
11/10/2025 19:43:34,1.17.2,Bandit80,20,4.09,nan,20,20,80,Left,Right,63,20,44,4,nan,nan,0.11
11/10/2025 19:43:36,1.17.2,Bandit80,20,4.09,nan,20,20,80,LeftinTimeOut,Right,63,20,44,4,nan,nan,nan
11/10/2025 19:43:41,1.17.2,Bandit80,20,4.09,nan,20,20,80,LeftinTimeOut,Right,63,20,44,4,nan,nan,nan
11/10/2025 19:48:32,1.17.2,Bandit80,20,4.09,nan,20,20,80,Left,Right,64,20,44,4,nan,nan,0.12
11/10/2025 19:48:34,1.17.2,Bandit80,20,4.09,nan,20,20,80,LeftinTimeOut,Right,64,20,44,4,nan,nan,nan
11/10/2025 19:50:05,1.17.2,Bandit80,20,4.09,nan,20,20,80,Right,Right,64,21,44,4,nan,nan,0.34
11/10/2025 19:50:06,1.17.2,Bandit80,20,4.09,1,20,20,80,Pellet,Right,64,21,45,4,0.35,398,nan
11/10/2025 19:50:15,1.17.2,Bandit80,20,4.09,nan,20,20,80,Right,Right,64,22,45,5,nan,nan,0.21
11/10/2025 19:50:16,1.17.2,Bandit80,20,4.09,1,20,20,80,Pellet,Right,64,22,46,5,0.29,10,nan
11/10/2025 19:50:27,1.17.2,Bandit80,20,4.09,nan,20,20,80,Right,Right,64,23,46,6,nan,nan,0.27
11/10/2025 19:50:28,1.17.2,Bandit80,20,4.09,2,20,20,80,Pellet,Right,64,23,47,6,0.06,12,nan
11/10/2025 19:50:34,1.17.2,Bandit80,20,4.09,nan,20,20,80,Right,Right,64,24,47,7,nan,nan,0.26
11/10/2025 19:50:35,1.17.2,Bandit80,20,4.09,2,20,20,80,Pellet,Right,64,24,48,7,0.23,7,nan
11/10/2025 19:50:53,1.17.2,Bandit80,20,4.09,nan,20,20,80,Left,Right,65,24,48,8,nan,nan,0.12
11/10/2025 19:50:53,1.17.2,Bandit80,20,4.09,nan,20,20,80,LeftinTimeOut,Right,65,24,48,8,nan,nan,nan
11/10/2025 19:50:55,1.17.2,Bandit80,20,4.09,nan,20,20,80,LeftinTimeOut,Right,65,24,48,8,nan,nan,nan
11/10/2025 19:50:57,1.17.2,Bandit80,20,4.09,nan,20,20,80,RightinTimeout,Right,65,24,48,8,nan,nan,0.00
11/10/2025 19:51:00,1.17.2,Bandit80,20,4.09,nan,20,20,80,LeftinTimeOut,Right,65,24,48,8,nan,nan,nan
11/10/2025 19:51:02,1.17.2,Bandit80,20,4.09,nan,20,20,80,LeftinTimeOut,Right,65,24,48,8,nan,nan,nan
11/10/2025 19:51:04,1.17.2,Bandit80,20,4.09,nan,20,20,80,LeftinTimeOut,Right,65,24,48,8,nan,nan,nan
11/10/2025 19:51:47,1.17.2,Bandit80,20,4.09,nan,20,20,80,Left,Right,66,24,48,8,nan,nan,0.15
11/10/2025 19:51:49,1.17.2,Bandit80,20,4.09,nan,20,20,80,LeftinTimeOut,Right,66,24,48,8,nan,nan,nan
11/10/2025 19:53:20,1.17.2,Bandit80,20,4.09,nan,20,20,80,Right,Right,66,25,48,8,nan,nan,0.29
11/10/2025 19:53:23,1.17.2,Bandit80,20,4.09,2,20,20,80,Pellet,Right,66,25,49,8,0.06,168,nan
11/10/2025 19:53:32,1.17.2,Bandit80,20,4.09,nan,20,20,80,Left,Right,67,25,49,9,nan,nan,0.06
11/10/2025 19:53:34,1.17.2,Bandit80,20,4.09,nan,20,20,80,LeftinTimeOut,Right,67,25,49,9,nan,nan,nan
11/10/2025 19:55:19,1.17.2,Bandit80,20,4.09,nan,20,20,80,Left,Right,68,25,49,9,nan,nan,0.07
11/10/2025 19:56:05,1.17.2,Bandit80,20,4.09,nan,20,20,80,Left,Right,69,25,49,9,nan,nan,0.15
11/10/2025 19:56:07,1.17.2,Bandit80,20,4.09,1,20,20,80,Pellet,Right,69,25,50,9,0.83,163,nan
11/10/2025 19:56:18,1.17.2,Bandit80,20,4.09,nan,20,20,80,Left,Right,70,25,50,10,nan,nan,0.09
11/10/2025 19:56:20,1.17.2,Bandit80,20,4.09,nan,20,20,80,LeftinTimeOut,Right,70,25,50,10,nan,nan,nan
11/10/2025 19:56:23,1.17.2,Bandit80,20,4.09,nan,20,20,80,LeftinTimeOut,Right,70,25,50,10,nan,nan,nan
11/10/2025 19:56:25,1.17.2,Bandit80,20,4.09,nan,20,20,80,LeftinTimeOut,Right,70,25,50,10,nan,nan,nan
11/10/2025 19:56:27,1.17.2,Bandit80,20,4.09,nan,20,20,80,LeftinTimeOut,Right,70,25,50,10,nan,nan,nan
11/10/2025 19:56:39,1.17.2,Bandit80,20,4.09,nan,20,20,80,Right,Right,70,26,50,10,nan,nan,0.16
11/10/2025 19:56:41,1.17.2,Bandit80,20,4.09,1,20,20,80,Pellet,Right,70,26,51,10,0.12,34,nan
11/10/2025 19:56:47,1.17.2,Bandit80,20,4.09,nan,20,20,80,Left,Right,71,26,51,11,nan,nan,0.20
11/10/2025 19:56:49,1.17.2,Bandit80,20,4.09,1,20,20,80,Pellet,Right,71,26,52,11,0.71,8,nan
11/10/2025 19:57:00,1.17.2,Bandit80,20,4.09,nan,20,20,80,Left,Right,72,26,52,12,nan,nan,0.15
11/10/2025 19:57:04,1.17.2,Bandit80,20,4.09,nan,20,20,80,RightinTimeout,Right,72,26,52,12,nan,nan,0.00
11/10/2025 19:57:06,1.17.2,Bandit80,20,4.09,nan,20,20,80,LeftinTimeOut,Right,72,26,52,12,nan,nan,nan
11/10/2025 19:58:52,1.17.2,Bandit80,20,4.09,nan,20,20,80,Left,Right,73,26,52,12,nan,nan,0.24
11/10/2025 20:00:07,1.17.2,Bandit80,20,4.09,nan,20,20,80,Left,Right,74,26,52,12,nan,nan,0.12
11/10/2025 20:00:08,1.17.2,Bandit80,20,4.09,nan,20,20,80,LeftinTimeOut,Right,74,26,52,12,nan,nan,nan
11/10/2025 20:06:29,1.17.2,Bandit80,20,4.09,nan,20,20,80,Right,Right,74,27,52,12,nan,nan,0.18
11/10/2025 20:06:38,1.17.2,Bandit80,20,4.09,nan,20,20,80,LeftinTimeOut,Right,74,27,52,12,nan,nan,nan
11/10/2025 20:06:41,1.17.2,Bandit80,20,4.09,nan,20,20,80,RightinTimeout,Right,74,27,52,12,nan,nan,0.00
11/10/2025 20:08:00,1.17.2,Bandit80,20,4.09,nan,20,20,80,Left,Right,75,27,52,12,nan,nan,0.16
11/10/2025 20:08:01,1.17.2,Bandit80,20,4.09,1,20,20,80,Pellet,Right,75,27,53,12,0.29,673,nan
11/10/2025 20:08:16,1.17.2,Bandit80,20,4.09,nan,20,20,80,Left,Right,76,27,53,13,nan,nan,0.13
11/10/2025 20:08:20,1.17.2,Bandit80,20,4.09,nan,20,20,80,LeftinTimeOut,Right,76,27,53,13,nan,nan,nan
11/10/2025 20:08:25,1.17.2,Bandit80,20,4.09,nan,20,20,80,RightinTimeout,Right,76,27,53,13,nan,nan,0.00
11/10/2025 20:08:30,1.17.2,Bandit80,20,4.09,nan,20,20,80,RightinTimeout,Right,76,27,53,13,nan,nan,0.00
11/10/2025 20:08:30,1.17.2,Bandit80,20,4.09,nan,20,20,80,RightinTimeout,Right,76,27,53,13,nan,nan,0.00
11/10/2025 20:08:34,1.17.2,Bandit80,20,4.09,nan,20,20,80,LeftinTimeOut,Right,76,27,53,13,nan,nan,nan
11/10/2025 20:09:29,1.17.2,Bandit80,20,4.08,nan,20,20,80,Left,Right,77,27,53,13,nan,nan,0.18
11/10/2025 20:09:37,1.17.2,Bandit80,20,4.09,nan,20,20,80,LeftinTimeOut,Right,77,27,53,13,nan,nan,nan
11/10/2025 20:15:26,1.17.2,Bandit80,20,4.08,nan,20,20,80,Left,Right,78,27,53,13,nan,nan,0.14
11/10/2025 20:20:34,1.17.2,Bandit80,20,4.09,nan,20,20,80,Left,Right,79,27,53,13,nan,nan,0.13
11/10/2025 20:21:32,1.17.2,Bandit80,20,4.09,nan,20,20,80,Left,Right,80,27,53,13,nan,nan,0.07
11/10/2025 20:21:50,1.17.2,Bandit80,20,4.09,nan,20,20,80,Left,Right,81,27,53,13,nan,nan,0.20
11/10/2025 20:22:18,1.17.2,Bandit80,20,4.09,nan,20,20,80,Right,Right,81,28,53,13,nan,nan,0.56
11/10/2025 20:22:22,1.17.2,Bandit80,20,4.09,3,20,20,80,Pellet,Right,81,28,54,13,0.06,861,nan
11/10/2025 20:22:40,1.17.2,Bandit80,20,4.09,nan,20,20,80,Left,Right,82,28,54,14,nan,nan,0.42
11/10/2025 20:22:43,1.17.2,Bandit80,20,4.08,nan,20,20,80,LeftinTimeOut,Right,82,28,54,14,nan,nan,nan
11/10/2025 20:22:46,1.17.2,Bandit80,20,4.09,nan,20,20,80,LeftinTimeOut,Right,82,28,54,14,nan,nan,nan
11/10/2025 20:25:59,1.17.2,Bandit80,20,4.09,nan,20,20,80,Left,Right,83,28,54,14,nan,nan,0.08
11/10/2025 20:26:00,1.17.2,Bandit80,20,4.09,nan,20,20,80,LeftinTimeOut,Right,83,28,54,14,nan,nan,nan
11/10/2025 20:27:16,1.17.2,Bandit80,20,4.09,nan,20,20,80,Right,Right,83,29,54,14,nan,nan,0.18
11/10/2025 20:27:17,1.17.2,Bandit80,20,4.09,1,20,20,80,Pellet,Right,83,29,55,14,0.47,295,nan
11/10/2025 20:27:23,1.17.2,Bandit80,20,4.09,nan,20,20,80,Right,Right,83,30,55,15,nan,nan,0.06
11/10/2025 20:27:27,1.17.2,Bandit80,20,4.09,nan,20,20,80,RightinTimeout,Right,83,30,55,15,nan,nan,0.00
11/10/2025 20:27:55,1.17.2,Bandit80,20,4.09,nan,20,20,80,Right,Right,83,31,55,15,nan,nan,0.11
11/10/2025 20:27:56,1.17.2,Bandit80,20,4.09,1,20,20,80,Pellet,Right,83,31,56,15,0.23,39,nan
11/10/2025 20:28:01,1.17.2,Bandit80,20,4.09,nan,20,20,80,Right,Right,83,32,56,16,nan,nan,0.14
11/10/2025 20:28:03,1.17.2,Bandit80,20,4.09,1,20,20,80,Pellet,Right,83,32,57,16,1.01,7,nan
11/10/2025 20:28:08,1.17.2,Bandit80,20,4.09,nan,20,20,80,Right,Right,83,33,57,17,nan,nan,0.15
11/10/2025 20:28:10,1.17.2,Bandit80,20,4.09,nan,20,20,80,RightinTimeout,Right,83,33,57,17,nan,nan,0.00
11/10/2025 20:28:14,1.17.2,Bandit80,20,4.08,nan,20,20,80,LeftinTimeOut,Right,83,33,57,17,nan,nan,nan
11/10/2025 20:28:15,1.17.2,Bandit80,20,4.09,nan,20,20,80,LeftinTimeOut,Right,83,33,57,17,nan,nan,nan
11/10/2025 20:28:17,1.17.2,Bandit80,20,4.09,nan,20,20,80,LeftinTimeOut,Right,83,33,57,17,nan,nan,nan
11/10/2025 20:28:18,1.17.2,Bandit80,20,4.09,nan,20,20,80,LeftinTimeOut,Right,83,33,57,17,nan,nan,nan
11/10/2025 20:28:20,1.17.2,Bandit80,20,4.09,nan,20,20,80,LeftinTimeOut,Right,83,33,57,17,nan,nan,nan
11/10/2025 20:28:22,1.17.2,Bandit80,20,4.09,nan,20,20,80,RightinTimeout,Right,83,33,57,17,nan,nan,0.00
11/10/2025 20:28:26,1.17.2,Bandit80,20,4.09,nan,20,20,80,RightinTimeout,Right,83,33,57,17,nan,nan,0.00
11/10/2025 20:31:08,1.17.2,Bandit80,20,4.09,nan,20,20,80,Left,Right,84,33,57,17,nan,nan,0.27
11/10/2025 20:31:14,1.17.2,Bandit80,20,4.09,nan,20,20,80,LeftinTimeOut,Right,84,33,57,17,nan,nan,nan
11/10/2025 20:31:15,1.17.2,Bandit80,20,4.09,nan,20,20,80,LeftinTimeOut,Right,84,33,57,17,nan,nan,nan
11/10/2025 20:33:34,1.17.2,Bandit80,20,4.09,nan,20,20,80,Right,Right,84,34,57,17,nan,nan,0.12
11/10/2025 20:33:44,1.17.2,Bandit80,20,4.08,nan,20,20,80,RightinTimeout,Right,84,34,57,17,nan,nan,0.00
11/10/2025 20:33:44,1.17.2,Bandit80,20,4.09,nan,20,20,80,RightinTimeout,Right,84,34,57,17,nan,nan,0.00
11/10/2025 20:33:46,1.17.2,Bandit80,20,4.09,nan,20,20,80,LeftinTimeOut,Right,84,34,57,17,nan,nan,nan
11/10/2025 20:35:03,1.17.2,Bandit80,20,4.09,nan,20,20,80,Left,Right,85,34,57,17,nan,nan,0.33
11/10/2025 20:39:46,1.17.2,Bandit80,20,4.09,nan,20,20,80,Left,Right,86,34,57,17,nan,nan,0.08
11/10/2025 20:39:47,1.17.2,Bandit80,20,4.09,nan,20,20,80,LeftinTimeOut,Right,86,34,57,17,nan,nan,nan
11/10/2025 20:39:49,1.17.2,Bandit80,20,4.09,nan,20,20,80,LeftinTimeOut,Right,86,34,57,17,nan,nan,nan
11/10/2025 20:39:51,1.17.2,Bandit80,20,4.09,nan,20,20,80,LeftinTimeOut,Right,86,34,57,17,nan,nan,nan
11/10/2025 20:41:05,1.17.2,Bandit80,20,4.09,nan,20,20,80,Left,Right,87,34,57,17,nan,nan,0.01
11/10/2025 20:41:06,1.17.2,Bandit80,20,4.09,nan,20,20,80,LeftinTimeOut,Right,87,34,57,17,nan,nan,nan
11/10/2025 20:41:09,1.17.2,Bandit80,20,4.09,nan,20,20,80,RightinTimeout,Right,87,34,57,17,nan,nan,0.00
11/10/2025 20:45:03,1.17.2,Bandit80,20,4.08,nan,20,20,80,Left,Right,88,34,57,17,nan,nan,0.29
11/10/2025 20:46:06,1.17.2,Bandit80,20,4.09,nan,20,20,80,Left,Right,89,34,57,17,nan,nan,0.04
11/10/2025 20:46:08,1.17.2,Bandit80,20,4.09,nan,20,20,80,LeftinTimeOut,Right,89,34,57,17,nan,nan,nan
11/10/2025 20:46:47,1.17.2,Bandit80,20,4.09,nan,20,20,80,Left,Right,90,34,57,17,nan,nan,0.25
11/10/2025 20:46:56,1.17.2,Bandit80,20,4.09,nan,20,20,80,LeftinTimeOut,Right,90,34,57,17,nan,nan,nan
11/10/2025 20:49:07,1.17.2,Bandit80,20,4.09,nan,20,20,80,Right,Right,90,35,57,17,nan,nan,0.15
11/10/2025 20:49:09,1.17.2,Bandit80,20,4.09,1,20,20,80,Pellet,Right,90,35,58,17,0.23,1265,nan
11/10/2025 20:49:19,1.17.2,Bandit80,20,4.09,nan,20,20,80,Right,Right,90,36,58,18,nan,nan,0.02
11/10/2025 20:49:20,1.17.2,Bandit80,20,4.09,1,20,20,80,Pellet,Right,90,36,59,18,0.71,12,nan
11/10/2025 20:49:44,1.17.2,Bandit80,20,4.09,nan,20,20,80,Left,Right,91,36,59,19,nan,nan,0.27
11/10/2025 20:49:48,1.17.2,Bandit80,20,4.09,nan,20,20,80,RightinTimeout,Right,91,36,59,19,nan,nan,0.00
11/10/2025 20:49:50,1.17.2,Bandit80,20,4.09,nan,20,20,80,RightinTimeout,Right,91,36,59,19,nan,nan,0.00
11/10/2025 20:49:51,1.17.2,Bandit80,20,4.08,nan,20,20,80,RightinTimeout,Right,91,36,59,19,nan,nan,0.00
11/10/2025 20:49:58,1.17.2,Bandit80,20,4.08,nan,20,20,80,LeftinTimeOut,Right,91,36,59,19,nan,nan,nan
11/10/2025 20:50:06,1.17.2,Bandit80,20,4.09,nan,20,20,80,LeftinTimeOut,Right,91,36,59,19,nan,nan,nan
11/10/2025 20:50:40,1.17.2,Bandit80,20,4.09,nan,20,20,80,Left,Right,92,36,59,19,nan,nan,0.02
11/10/2025 20:50:42,1.17.2,Bandit80,20,4.08,nan,20,20,80,RightinTimeout,Right,92,36,59,19,nan,nan,0.00
11/10/2025 20:50:44,1.17.2,Bandit80,20,4.08,nan,20,20,80,RightinTimeout,Right,92,36,59,19,nan,nan,0.00
11/10/2025 20:50:45,1.17.2,Bandit80,20,4.08,nan,20,20,80,RightinTimeout,Right,92,36,59,19,nan,nan,0.00
11/10/2025 20:51:33,1.17.2,Bandit80,20,4.09,nan,20,20,80,Right,Right,92,37,59,19,nan,nan,0.17
11/10/2025 20:51:49,1.17.2,Bandit80,20,4.08,nan,20,20,80,Left,Right,93,37,59,19,nan,nan,0.55
11/10/2025 20:51:51,1.17.2,Bandit80,20,4.08,nan,20,20,80,LeftinTimeOut,Right,93,37,59,19,nan,nan,nan
11/10/2025 20:52:05,1.17.2,Bandit80,20,4.09,nan,20,20,80,Left,Right,94,37,59,19,nan,nan,0.01
11/10/2025 21:02:17,1.17.2,Bandit80,20,4.09,nan,20,20,80,Right,Right,94,38,59,19,nan,nan,0.06
11/10/2025 21:02:20,1.17.2,Bandit80,20,4.08,2,20,20,80,Pellet,Right,94,38,60,19,0.17,780,nan
11/10/2025 21:02:28,1.17.2,Bandit80,20,4.09,nan,20,80,20,Right,Left,94,39,60,0,nan,nan,0.07
11/10/2025 21:02:33,1.17.2,Bandit80,20,4.09,nan,20,80,20,LeftinTimeOut,Left,94,39,60,0,nan,nan,nan
11/10/2025 21:02:35,1.17.2,Bandit80,20,4.08,nan,20,80,20,LeftinTimeOut,Left,94,39,60,0,nan,nan,nan
11/10/2025 21:04:16,1.17.2,Bandit80,20,4.08,nan,20,80,20,Right,Left,94,40,60,0,nan,nan,0.16
11/10/2025 21:04:20,1.17.2,Bandit80,20,4.09,3,20,80,20,Pellet,Left,94,40,61,0,0.11,119,nan
11/10/2025 21:04:43,1.17.2,Bandit80,20,4.09,nan,20,80,20,Right,Left,94,41,61,1,nan,nan,0.19
11/10/2025 21:04:49,1.17.2,Bandit80,20,4.09,nan,20,80,20,RightinTimeout,Left,94,41,61,1,nan,nan,0.00
11/10/2025 21:04:55,1.17.2,Bandit80,20,4.08,nan,20,80,20,LeftinTimeOut,Left,94,41,61,1,nan,nan,nan
11/10/2025 21:06:15,1.17.2,Bandit80,20,4.09,nan,20,80,20,Left,Left,95,41,61,1,nan,nan,0.15
11/10/2025 21:06:17,1.17.2,Bandit80,20,4.09,2,20,80,20,Pellet,Left,95,41,62,1,0.41,117,nan
11/10/2025 21:06:33,1.17.2,Bandit80,20,4.09,nan,20,80,20,Left,Left,96,41,62,2,nan,nan,0.11
11/10/2025 21:06:35,1.17.2,Bandit80,20,4.09,2,20,80,20,Pellet,Left,96,41,63,2,0.77,19,nan
11/10/2025 21:06:49,1.17.2,Bandit80,20,4.09,nan,20,80,20,Left,Left,97,41,63,3,nan,nan,0.07
11/10/2025 21:06:51,1.17.2,Bandit80,20,4.08,2,20,80,20,Pellet,Left,97,41,64,3,0.71,15,nan
11/10/2025 21:07:08,1.17.2,Bandit80,20,4.09,nan,20,80,20,Left,Left,98,41,64,4,nan,nan,0.09
11/10/2025 21:07:09,1.17.2,Bandit80,20,4.08,1,20,80,20,Pellet,Left,98,41,65,4,0.35,19,nan
11/10/2025 21:07:23,1.17.2,Bandit80,20,4.09,nan,20,80,20,Left,Left,99,41,65,5,nan,nan,0.07
11/10/2025 21:07:24,1.17.2,Bandit80,20,4.09,1,20,80,20,Pellet,Left,99,41,66,5,0.29,15,nan
11/10/2025 21:07:31,1.17.2,Bandit80,20,4.08,nan,20,80,20,Left,Left,100,41,66,6,nan,nan,0.05
11/10/2025 21:07:32,1.17.2,Bandit80,20,4.08,1,20,80,20,Pellet,Left,100,41,67,6,0.29,7,nan
11/10/2025 21:07:53,1.17.2,Bandit80,20,4.08,nan,20,80,20,Left,Left,101,41,67,7,nan,nan,0.04
11/10/2025 21:10:29,1.17.2,Bandit80,20,4.08,nan,20,80,20,Left,Left,102,41,67,7,nan,nan,0.15
11/10/2025 21:10:33,1.17.2,Bandit80,20,4.08,2,20,80,20,Pellet,Left,102,41,68,7,0.83,181,nan
11/10/2025 21:10:44,1.17.2,Bandit80,20,4.08,nan,20,80,20,Left,Left,103,41,68,8,nan,nan,0.09
11/10/2025 21:10:47,1.17.2,Bandit80,20,4.08,nan,20,80,20,LeftinTimeOut,Left,103,41,68,8,nan,nan,nan
11/10/2025 21:11:41,1.17.2,Bandit80,20,4.09,nan,20,80,20,Left,Left,104,41,68,8,nan,nan,0.06
11/10/2025 21:11:43,1.17.2,Bandit80,20,4.09,1,20,80,20,Pellet,Left,104,41,69,8,1.31,71,nan
11/10/2025 21:11:56,1.17.2,Bandit80,20,4.09,nan,20,80,20,Left,Left,105,41,69,9,nan,nan,0.08
11/10/2025 21:11:58,1.17.2,Bandit80,20,4.08,1,20,80,20,Pellet,Left,105,41,70,9,0.77,14,nan
11/10/2025 21:12:08,1.17.2,Bandit80,20,4.09,nan,20,80,20,Left,Left,106,41,70,10,nan,nan,0.07
11/10/2025 21:12:10,1.17.2,Bandit80,20,4.09,nan,20,80,20,LeftinTimeOut,Left,106,41,70,10,nan,nan,nan
11/10/2025 21:14:49,1.17.2,Bandit80,20,4.08,nan,20,80,20,Right,Left,106,42,70,10,nan,nan,0.11
11/10/2025 21:14:57,1.17.2,Bandit80,20,4.09,nan,20,80,20,LeftinTimeOut,Left,106,42,70,10,nan,nan,nan
11/10/2025 21:22:02,1.17.2,Bandit80,20,4.09,nan,20,80,20,Right,Left,106,43,70,10,nan,nan,0.17
11/10/2025 21:23:37,1.17.2,Bandit80,20,4.09,nan,20,80,20,Left,Left,107,43,70,10,nan,nan,0.06
11/10/2025 21:23:39,1.17.2,Bandit80,20,4.08,nan,20,80,20,LeftinTimeOut,Left,107,43,70,10,nan,nan,nan
11/10/2025 21:26:11,1.17.2,Bandit80,20,4.08,nan,20,80,20,Left,Left,108,43,70,10,nan,nan,0.15
11/10/2025 21:26:29,1.17.2,Bandit80,20,4.09,nan,20,80,20,Right,Left,108,44,70,10,nan,nan,0.10
11/10/2025 21:28:50,1.17.2,Bandit80,20,4.09,nan,20,80,20,Right,Left,108,45,70,10,nan,nan,0.02
11/10/2025 21:29:59,1.17.2,Bandit80,20,4.08,nan,20,80,20,Left,Left,109,45,70,10,nan,nan,0.04
11/10/2025 21:30:01,1.17.2,Bandit80,20,4.09,1,20,80,20,Pellet,Left,109,45,71,10,0.53,1083,nan
11/10/2025 21:30:08,1.17.2,Bandit80,20,4.08,nan,20,80,20,Left,Left,110,45,71,11,nan,nan,0.07
11/10/2025 21:30:10,1.17.2,Bandit80,20,4.08,nan,20,80,20,LeftinTimeOut,Left,110,45,71,11,nan,nan,nan
11/10/2025 21:30:12,1.17.2,Bandit80,20,4.09,nan,20,80,20,LeftinTimeOut,Left,110,45,71,11,nan,nan,nan
11/10/2025 21:30:13,1.17.2,Bandit80,20,4.09,nan,20,80,20,LeftinTimeOut,Left,110,45,71,11,nan,nan,nan
11/10/2025 21:36:32,1.17.2,Bandit80,20,4.09,nan,20,80,20,Left,Left,111,45,71,11,nan,nan,0.03
11/10/2025 21:36:35,1.17.2,Bandit80,20,4.09,1,20,80,20,Pellet,Left,111,45,72,11,1.91,395,nan
11/10/2025 21:36:50,1.17.2,Bandit80,20,4.09,nan,20,80,20,Left,Left,112,45,72,12,nan,nan,0.16
11/10/2025 21:36:51,1.17.2,Bandit80,20,4.08,1,20,80,20,Pellet,Left,112,45,73,12,0.23,16,nan
11/10/2025 21:37:00,1.17.2,Bandit80,20,4.08,nan,20,80,20,Left,Left,113,45,73,13,nan,nan,0.04
11/10/2025 21:37:01,1.17.2,Bandit80,20,4.09,1,20,80,20,Pellet,Left,113,45,74,13,0.35,10,nan
11/10/2025 21:37:15,1.17.2,Bandit80,20,4.09,nan,20,80,20,Left,Left,114,45,74,14,nan,nan,0.04
11/10/2025 21:37:18,1.17.2,Bandit80,20,4.08,2,20,80,20,Pellet,Left,114,45,75,14,0.47,17,nan
11/10/2025 21:37:36,1.17.2,Bandit80,20,4.08,nan,20,80,20,Left,Left,115,45,75,15,nan,nan,0.02
11/10/2025 21:37:38,1.17.2,Bandit80,20,4.08,1,20,80,20,Pellet,Left,115,45,76,15,0.47,20,nan
11/10/2025 21:37:56,1.17.2,Bandit80,20,4.08,nan,20,80,20,Left,Left,116,45,76,16,nan,nan,0.22
11/10/2025 21:37:58,1.17.2,Bandit80,20,4.08,1,20,80,20,Pellet,Left,116,45,77,16,0.53,19,nan
11/10/2025 21:38:08,1.17.2,Bandit80,20,4.08,nan,20,80,20,Left,Left,117,45,77,17,nan,nan,0.09
11/10/2025 21:38:09,1.17.2,Bandit80,20,4.08,1,20,80,20,Pellet,Left,117,45,78,17,0.23,12,nan
11/10/2025 21:38:23,1.17.2,Bandit80,20,4.08,nan,20,80,20,Left,Left,118,45,78,18,nan,nan,0.06
11/10/2025 21:38:25,1.17.2,Bandit80,20,4.08,1,20,80,20,Pellet,Left,118,45,79,18,0.29,15,nan
11/10/2025 21:42:23,1.17.2,Bandit80,20,4.08,nan,20,80,20,Left,Left,119,45,79,19,nan,nan,0.08
11/10/2025 21:42:25,1.17.2,Bandit80,20,4.08,1,20,80,20,Pellet,Left,119,45,80,19,1.19,241,nan
11/10/2025 21:44:16,1.17.2,Bandit80,20,4.08,nan,20,20,80,Left,Right,120,45,80,0,nan,nan,0.02
11/10/2025 21:44:20,1.17.2,Bandit80,20,4.08,2,20,20,80,Pellet,Right,120,45,81,0,0.47,115,nan
11/10/2025 21:44:37,1.17.2,Bandit80,20,4.09,nan,20,20,80,Left,Right,121,45,81,1,nan,nan,0.03
11/10/2025 21:47:41,1.17.2,Bandit80,20,4.09,nan,20,20,80,Right,Right,121,46,81,1,nan,nan,0.17
11/10/2025 21:47:43,1.17.2,Bandit80,20,4.08,1,20,20,80,Pellet,Right,121,46,82,1,0.35,202,nan
11/10/2025 21:47:52,1.17.2,Bandit80,20,4.08,nan,20,20,80,Left,Right,122,46,82,2,nan,nan,0.06
11/10/2025 21:48:18,1.17.2,Bandit80,20,4.08,nan,20,20,80,Right,Right,122,47,82,2,nan,nan,0.09
11/10/2025 21:48:21,1.17.2,Bandit80,20,4.08,1,20,20,80,Pellet,Right,122,47,83,2,1.67,39,nan
11/10/2025 22:07:25,1.17.2,Bandit80,20,4.08,nan,20,20,80,Right,Right,122,48,83,3,nan,nan,0.19
11/10/2025 22:07:28,1.17.2,Bandit80,20,4.08,1,20,20,80,Pellet,Right,122,48,84,3,1.37,1146,nan
11/10/2025 22:39:12,1.17.2,Bandit80,20,4.08,nan,20,20,80,Left,Right,123,48,84,4,nan,nan,0.06
11/10/2025 22:39:14,1.17.2,Bandit80,20,4.08,nan,20,20,80,LeftinTimeOut,Right,123,48,84,4,nan,nan,nan
11/10/2025 22:39:23,1.17.2,Bandit80,20,4.08,nan,20,20,80,LeftinTimeOut,Right,123,48,84,4,nan,nan,nan
11/10/2025 22:42:43,1.17.2,Bandit80,20,4.08,nan,20,20,80,Right,Right,123,49,84,4,nan,nan,0.05
11/10/2025 22:42:45,1.17.2,Bandit80,20,4.08,1,20,20,80,Pellet,Right,123,49,85,4,0.41,2117,nan
11/10/2025 22:42:56,1.17.2,Bandit80,20,4.08,nan,20,20,80,Right,Right,123,50,85,5,nan,nan,0.13
11/10/2025 22:42:57,1.17.2,Bandit80,20,4.07,1,20,20,80,Pellet,Right,123,50,86,5,0.53,13,nan
11/10/2025 22:43:06,1.17.2,Bandit80,20,4.08,nan,20,20,80,Right,Right,123,51,86,6,nan,nan,0.04
11/10/2025 22:43:07,1.17.2,Bandit80,20,4.07,2,20,20,80,Pellet,Right,123,51,87,6,0.06,10,nan
11/10/2025 22:43:22,1.17.2,Bandit80,20,4.08,nan,20,20,80,Right,Right,123,52,87,7,nan,nan,0.04
11/10/2025 22:43:24,1.17.2,Bandit80,20,4.09,1,20,20,80,Pellet,Right,123,52,88,7,0.17,16,nan
11/10/2025 22:48:51,1.17.2,Bandit80,20,4.07,nan,20,20,80,Left,Right,124,52,88,8,nan,nan,0.04
11/10/2025 22:53:47,1.17.2,Bandit80,20,4.07,nan,20,20,80,Left,Right,125,52,88,8,nan,nan,0.07
11/10/2025 22:57:05,1.17.2,Bandit80,20,4.08,nan,20,20,80,Right,Right,125,53,88,8,nan,nan,0.21
11/10/2025 22:57:09,1.17.2,Bandit80,20,4.08,2,20,20,80,Pellet,Right,125,53,89,8,0.65,825,nan
11/10/2025 22:57:21,1.17.2,Bandit80,20,4.08,nan,20,20,80,Right,Right,125,54,89,9,nan,nan,0.26
11/10/2025 22:57:22,1.17.2,Bandit80,20,4.08,1,20,20,80,Pellet,Right,125,54,90,9,0.35,14,nan
11/10/2025 22:57:27,1.17.2,Bandit80,20,4.08,nan,20,20,80,Right,Right,125,55,90,10,nan,nan,0.09
11/10/2025 22:57:29,1.17.2,Bandit80,20,4.08,1,20,20,80,Pellet,Right,125,55,91,10,0.65,6,nan
11/10/2025 22:59:29,1.17.2,Bandit80,20,4.08,nan,20,20,80,Right,Right,125,56,91,11,nan,nan,0.20
11/10/2025 23:05:00,1.17.2,Bandit80,20,4.08,nan,20,20,80,Left,Right,126,56,91,11,nan,nan,0.12
11/10/2025 23:15:20,1.17.2,Bandit80,20,4.08,nan,20,20,80,Left,Right,127,56,91,11,nan,nan,0.20
11/10/2025 23:23:52,1.17.2,Bandit80,20,4.08,nan,20,20,80,Left,Right,128,56,91,11,nan,nan,0.03
11/10/2025 23:23:55,1.17.2,Bandit80,20,4.08,nan,20,20,80,RightinTimeout,Right,128,56,91,11,nan,nan,0.00
11/10/2025 23:33:52,1.17.2,Bandit80,20,4.07,nan,20,20,80,Left,Right,129,56,91,11,nan,nan,0.07
11/10/2025 23:34:41,1.17.2,Bandit80,20,4.08,nan,20,20,80,Left,Right,130,56,91,11,nan,nan,0.18
11/10/2025 23:59:01,1.17.2,Bandit80,20,4.08,nan,20,20,80,Right,Right,130,57,91,11,nan,nan,0.39
11/10/2025 23:59:04,1.17.2,Bandit80,20,4.07,nan,20,20,80,LeftinTimeOut,Right,130,57,91,11,nan,nan,nan
11/11/2025 0:05:15,1.17.2,Bandit80,20,4.07,nan,20,20,80,Right,Right,130,58,91,11,nan,nan,0.11
11/11/2025 1:05:28,1.17.2,Bandit80,20,4.07,nan,20,20,80,Right,Right,130,59,91,11,nan,nan,0.18
11/11/2025 1:05:30,1.17.2,Bandit80,20,4.07,1,20,20,80,Pellet,Right,130,59,92,11,0.35,7681,nan
11/11/2025 1:05:40,1.17.2,Bandit80,20,4.07,nan,20,20,80,Right,Right,130,60,92,12,nan,nan,0.07
11/11/2025 1:05:41,1.17.2,Bandit80,20,4.07,1,20,20,80,Pellet,Right,130,60,93,12,0.17,12,nan
11/11/2025 1:06:05,1.17.2,Bandit80,20,4.07,nan,20,20,80,Right,Right,130,61,93,13,nan,nan,0.42
11/11/2025 1:06:07,1.17.2,Bandit80,20,4.07,2,20,20,80,Pellet,Right,130,61,94,13,0.06,25,nan
11/11/2025 1:06:20,1.17.2,Bandit80,20,4.07,nan,20,20,80,Right,Right,130,62,94,14,nan,nan,0.06
11/11/2025 1:06:22,1.17.2,Bandit80,20,4.07,1,20,20,80,Pellet,Right,130,62,95,14,0.59,15,nan
11/11/2025 1:06:28,1.17.2,Bandit80,20,4.07,nan,20,20,80,Right,Right,130,63,95,15,nan,nan,0.04
11/11/2025 1:06:29,1.17.2,Bandit80,20,4.07,2,20,20,80,Pellet,Right,130,63,96,15,0.06,8,nan
11/11/2025 1:06:43,1.17.2,Bandit80,20,4.07,nan,20,20,80,Right,Right,130,64,96,16,nan,nan,0.12
11/11/2025 1:06:45,1.17.2,Bandit80,20,4.07,1,20,20,80,Pellet,Right,130,64,97,16,1.19,15,nan
11/11/2025 1:06:58,1.17.2,Bandit80,20,4.07,nan,20,20,80,Right,Right,130,65,97,17,nan,nan,0.14
11/11/2025 1:07:04,1.17.2,Bandit80,20,4.07,nan,20,20,80,RightWithPellet,Right,130,66,97,17,nan,nan,0.06
11/11/2025 1:07:06,1.17.2,Bandit80,20,4.07,1,20,20,80,Pellet,Right,130,66,98,17,6.54,21,nan
11/11/2025 1:07:10,1.17.2,Bandit80,20,4.07,nan,20,20,80,Right,Right,130,67,98,18,nan,nan,0.04
11/11/2025 1:07:16,1.17.2,Bandit80,20,4.07,1,20,20,80,Pellet,Right,130,67,99,18,4.49,11,nan
11/11/2025 1:10:32,1.17.2,Bandit80,20,4.07,nan,20,20,80,Right,Right,130,68,99,19,nan,nan,0.04
11/11/2025 1:10:33,1.17.2,Bandit80,20,4.07,1,20,20,80,Pellet,Right,130,68,100,19,0.47,197,nan
11/11/2025 1:10:43,1.17.2,Bandit80,20,4.07,nan,20,80,20,Right,Left,130,69,100,0,nan,nan,0.07
11/11/2025 1:10:44,1.17.2,Bandit80,20,4.07,nan,20,80,20,RightinTimeout,Left,130,69,100,0,nan,nan,0.00
11/11/2025 1:10:49,1.17.2,Bandit80,20,4.07,nan,20,80,20,RightinTimeout,Left,130,69,100,0,nan,nan,0.00
11/11/2025 1:10:52,1.17.2,Bandit80,20,4.07,nan,20,80,20,LeftinTimeOut,Left,130,69,100,0,nan,nan,nan
11/11/2025 1:10:53,1.17.2,Bandit80,20,4.07,nan,20,80,20,LeftinTimeOut,Left,130,69,100,0,nan,nan,nan
11/11/2025 1:11:43,1.17.2,Bandit80,20,4.07,nan,20,80,20,Right,Left,130,70,100,0,nan,nan,0.33
11/11/2025 1:13:50,1.17.2,Bandit80,20,4.07,nan,20,80,20,Left,Left,131,70,100,0,nan,nan,0.09
11/11/2025 1:13:53,1.17.2,Bandit80,20,4.07,1,20,80,20,Pellet,Left,131,70,101,0,1.31,199,nan
11/11/2025 1:14:02,1.17.2,Bandit80,20,4.07,nan,20,80,20,Right,Left,131,71,101,1,nan,nan,0.04
11/11/2025 1:14:38,1.17.2,Bandit80,20,4.07,nan,20,80,20,Left,Left,132,71,101,1,nan,nan,0.12
11/11/2025 1:14:40,1.17.2,Bandit80,20,4.07,1,20,80,20,Pellet,Left,132,71,102,1,0.71,47,nan
11/11/2025 1:14:51,1.17.2,Bandit80,20,4.07,nan,20,80,20,Left,Left,133,71,102,2,nan,nan,0.04
11/11/2025 1:14:52,1.17.2,Bandit80,20,4.07,1,20,80,20,Pellet,Left,133,71,103,2,0.29,13,nan
11/11/2025 1:15:04,1.17.2,Bandit80,20,4.07,nan,20,80,20,Left,Left,134,71,103,3,nan,nan,0.26
11/11/2025 1:15:08,1.17.2,Bandit80,20,4.07,2,20,80,20,Pellet,Left,134,71,104,3,0.95,16,nan
11/11/2025 1:15:16,1.17.2,Bandit80,20,4.07,nan,20,80,20,Left,Left,135,71,104,4,nan,nan,0.50
11/11/2025 1:15:18,1.17.2,Bandit80,20,4.07,1,20,80,20,Pellet,Left,135,71,105,4,0.17,9,nan
11/11/2025 1:15:32,1.17.2,Bandit80,20,4.07,nan,20,80,20,Left,Left,136,71,105,5,nan,nan,0.11
11/11/2025 1:15:33,1.17.2,Bandit80,20,4.07,1,20,80,20,Pellet,Left,136,71,106,5,0.23,16,nan
11/11/2025 1:29:43,1.17.2,Bandit80,20,4.07,nan,20,80,20,Right,Left,136,72,106,6,nan,nan,0.17
11/11/2025 1:29:44,1.17.2,Bandit80,20,4.07,1,20,80,20,Pellet,Left,136,72,107,6,0.29,851,nan
11/11/2025 1:29:51,1.17.2,Bandit80,20,4.07,nan,20,80,20,Right,Left,136,73,107,7,nan,nan,0.11
11/11/2025 1:34:43,1.17.2,Bandit80,20,4.07,nan,20,80,20,Left,Left,137,73,107,7,nan,nan,0.08
11/11/2025 1:34:45,1.17.2,Bandit80,20,4.07,nan,20,80,20,LeftinTimeOut,Left,137,73,107,7,nan,nan,nan
11/11/2025 1:48:42,1.17.2,Bandit80,20,4.07,nan,20,80,20,Right,Left,137,74,107,7,nan,nan,0.12
11/11/2025 3:15:30,1.17.2,Bandit80,20,4.07,nan,20,80,20,Left,Left,138,74,107,7,nan,nan,0.09
11/11/2025 3:15:32,1.17.2,Bandit80,20,4.07,1,20,80,20,Pellet,Left,138,74,108,7,0.53,6348,nan
11/11/2025 3:15:41,1.17.2,Bandit80,20,4.07,nan,20,80,20,Left,Left,139,74,108,8,nan,nan,0.04
11/11/2025 3:15:44,1.17.2,Bandit80,20,4.07,nan,20,80,20,LeftinTimeOut,Left,139,74,108,8,nan,nan,nan
11/11/2025 3:16:06,1.17.2,Bandit80,20,4.07,nan,20,80,20,Right,Left,139,75,108,8,nan,nan,0.11
11/11/2025 3:16:52,1.17.2,Bandit80,20,4.07,nan,20,80,20,Right,Left,139,76,108,8,nan,nan,0.21
11/11/2025 3:16:53,1.17.2,Bandit80,20,4.07,nan,20,80,20,RightinTimeout,Left,139,76,108,8,nan,nan,0.00
11/11/2025 3:16:55,1.17.2,Bandit80,20,4.07,nan,20,80,20,LeftinTimeOut,Left,139,76,108,8,nan,nan,nan
11/11/2025 3:16:56,1.17.2,Bandit80,20,4.07,nan,20,80,20,LeftinTimeOut,Left,139,76,108,8,nan,nan,nan
11/11/2025 4:00:33,1.17.2,Bandit80,20,4.07,nan,20,80,20,Right,Left,139,77,108,8,nan,nan,0.13
11/11/2025 4:00:36,1.17.2,Bandit80,20,4.07,2,20,80,20,Pellet,Left,139,77,109,8,0.29,2704,nan
11/11/2025 4:00:52,1.17.2,Bandit80,20,4.06,nan,20,80,20,Left,Left,140,77,109,9,nan,nan,0.09
11/11/2025 4:00:55,1.17.2,Bandit80,20,4.06,1,20,80,20,Pellet,Left,140,77,110,9,1.79,19,nan
11/11/2025 4:01:11,1.17.2,Bandit80,20,4.07,nan,20,80,20,Left,Left,141,77,110,10,nan,nan,0.44
11/11/2025 4:01:13,1.17.2,Bandit80,20,4.07,1,20,80,20,Pellet,Left,141,77,111,10,1.49,18,nan
11/11/2025 4:01:26,1.17.2,Bandit80,20,4.07,nan,20,80,20,Left,Left,142,77,111,11,nan,nan,0.07
11/11/2025 4:01:34,1.17.2,Bandit80,20,4.07,nan,20,80,20,RightinTimeout,Left,142,77,111,11,nan,nan,0.00
11/11/2025 4:15:17,1.17.2,Bandit80,20,4.07,nan,20,80,20,Right,Left,142,78,111,11,nan,nan,0.39
11/11/2025 4:15:19,1.17.2,Bandit80,20,4.07,nan,20,80,20,LeftinTimeOut,Left,142,78,111,11,nan,nan,nan
11/11/2025 4:15:56,1.17.2,Bandit80,20,4.07,nan,20,80,20,Right,Left,142,79,111,11,nan,nan,0.11
11/11/2025 4:15:57,1.17.2,Bandit80,20,4.07,nan,20,80,20,RightinTimeout,Left,142,79,111,11,nan,nan,0.00
11/11/2025 4:27:54,1.17.2,Bandit80,20,4.07,nan,20,80,20,Right,Left,142,80,111,11,nan,nan,0.04
11/11/2025 4:30:37,1.17.2,Bandit80,20,4.06,nan,20,80,20,Right,Left,142,81,111,11,nan,nan,0.09
11/11/2025 4:30:39,1.17.2,Bandit80,20,4.07,1,20,80,20,Pellet,Left,142,81,112,11,0.53,1765,nan
11/11/2025 4:30:47,1.17.2,Bandit80,20,4.07,nan,20,80,20,Right,Left,142,82,112,12,nan,nan,0.04
11/11/2025 4:30:48,1.17.2,Bandit80,20,4.07,1,20,80,20,Pellet,Left,142,82,113,12,0.29,10,nan
11/11/2025 4:31:05,1.17.2,Bandit80,20,4.06,nan,20,80,20,Right,Left,142,83,113,13,nan,nan,0.42
11/11/2025 4:31:25,1.17.2,Bandit80,20,4.07,nan,20,80,20,Right,Left,142,84,113,13,nan,nan,0.08
11/11/2025 4:31:27,1.17.2,Bandit80,20,4.07,nan,20,80,20,RightinTimeout,Left,142,84,113,13,nan,nan,0.00
11/11/2025 4:31:53,1.17.2,Bandit80,20,4.06,nan,20,80,20,Right,Left,142,85,113,13,nan,nan,0.16
11/11/2025 4:31:54,1.17.2,Bandit80,20,4.07,nan,20,80,20,RightinTimeout,Left,142,85,113,13,nan,nan,0.00
11/11/2025 4:31:55,1.17.2,Bandit80,20,4.06,nan,20,80,20,RightinTimeout,Left,142,85,113,13,nan,nan,0.00
11/11/2025 4:35:44,1.17.2,Bandit80,20,4.07,nan,20,80,20,Right,Left,142,86,113,13,nan,nan,0.04
11/11/2025 4:35:46,1.17.2,Bandit80,20,4.07,1,20,80,20,Pellet,Left,142,86,114,13,0.23,297,nan
11/11/2025 4:35:54,1.17.2,Bandit80,20,4.07,nan,20,80,20,Right,Left,142,87,114,14,nan,nan,0.11
11/11/2025 4:35:56,1.17.2,Bandit80,20,4.06,nan,20,80,20,RightinTimeout,Left,142,87,114,14,nan,nan,0.00
11/11/2025 4:39:32,1.17.2,Bandit80,20,4.06,nan,20,80,20,Right,Left,142,88,114,14,nan,nan,0.06
11/11/2025 4:39:36,1.17.2,Bandit80,20,4.07,1,20,80,20,Pellet,Left,142,88,115,14,2.27,230,nan
11/11/2025 4:39:44,1.17.2,Bandit80,20,4.06,nan,20,80,20,Right,Left,142,89,115,15,nan,nan,0.33
11/11/2025 4:39:48,1.17.2,Bandit80,20,4.06,2,20,80,20,Pellet,Left,142,89,116,15,0.17,12,nan
11/11/2025 4:40:01,1.17.2,Bandit80,20,4.06,nan,20,80,20,Right,Left,142,90,116,16,nan,nan,0.24
11/11/2025 4:40:04,1.17.2,Bandit80,20,4.07,nan,20,80,20,RightinTimeout,Left,142,90,116,16,nan,nan,0.00
11/11/2025 4:40:06,1.17.2,Bandit80,20,4.06,nan,20,80,20,RightinTimeout,Left,142,90,116,16,nan,nan,0.00
11/11/2025 4:41:06,1.17.2,Bandit80,20,4.06,nan,20,80,20,Right,Left,142,91,116,16,nan,nan,0.10
11/11/2025 4:41:08,1.17.2,Bandit80,20,4.06,nan,20,80,20,RightinTimeout,Left,142,91,116,16,nan,nan,0.00
11/11/2025 4:45:26,1.17.2,Bandit80,20,4.07,nan,20,80,20,Left,Left,143,91,116,16,nan,nan,0.04
11/11/2025 4:45:30,1.17.2,Bandit80,20,4.06,2,20,80,20,Pellet,Left,143,91,117,16,0.06,342,nan
11/11/2025 4:45:44,1.17.2,Bandit80,20,4.06,nan,20,80,20,Right,Left,143,92,117,17,nan,nan,0.18
11/11/2025 4:45:47,1.17.2,Bandit80,20,4.06,nan,20,80,20,RightinTimeout,Left,143,92,117,17,nan,nan,0.00
11/11/2025 4:45:49,1.17.2,Bandit80,20,4.07,nan,20,80,20,LeftinTimeOut,Left,143,92,117,17,nan,nan,nan
11/11/2025 4:52:57,1.17.2,Bandit80,20,4.07,nan,20,80,20,Right,Left,143,93,117,17,nan,nan,0.39
11/11/2025 4:54:28,1.17.2,Bandit80,20,4.07,nan,20,80,20,Right,Left,143,94,117,17,nan,nan,0.10
11/11/2025 4:58:11,1.17.2,Bandit80,20,4.07,nan,20,80,20,Right,Left,143,95,117,17,nan,nan,0.50
11/11/2025 4:58:31,1.17.2,Bandit80,20,4.06,nan,20,80,20,Left,Left,144,95,117,17,nan,nan,0.11
11/11/2025 4:58:33,1.17.2,Bandit80,20,4.07,2,20,80,20,Pellet,Left,144,95,118,17,0.23,783,nan
11/11/2025 4:58:46,1.17.2,Bandit80,20,4.06,nan,20,80,20,Right,Left,144,96,118,18,nan,nan,0.30
11/11/2025 4:58:48,1.17.2,Bandit80,20,4.06,nan,20,80,20,LeftinTimeOut,Left,144,96,118,18,nan,nan,nan
11/11/2025 4:58:50,1.17.2,Bandit80,20,4.06,nan,20,80,20,LeftinTimeOut,Left,144,96,118,18,nan,nan,nan
11/11/2025 4:58:52,1.17.2,Bandit80,20,4.07,nan,20,80,20,LeftinTimeOut,Left,144,96,118,18,nan,nan,nan
11/11/2025 5:16:21,1.17.2,Bandit80,20,4.07,nan,20,80,20,Left,Left,145,96,118,18,nan,nan,0.11
11/11/2025 5:16:24,1.17.2,Bandit80,20,4.06,2,20,80,20,Pellet,Left,145,96,119,18,2.39,1072,nan
11/11/2025 5:16:33,1.17.2,Bandit80,20,4.06,nan,20,80,20,Left,Left,146,96,119,19,nan,nan,0.01
11/11/2025 5:16:34,1.17.2,Bandit80,20,4.06,2,20,80,20,Pellet,Left,146,96,120,19,0.11,10,nan
11/11/2025 5:16:56,1.17.2,Bandit80,20,4.06,nan,20,20,80,Left,Right,147,96,120,0,nan,nan,0.21
11/11/2025 5:17:00,1.17.2,Bandit80,20,4.07,nan,20,20,80,LeftinTimeOut,Right,147,96,120,0,nan,nan,nan
11/11/2025 5:17:01,1.17.2,Bandit80,20,4.06,nan,20,20,80,LeftinTimeOut,Right,147,96,120,0,nan,nan,nan
11/11/2025 5:19:31,1.17.2,Bandit80,20,4.06,nan,20,20,80,Left,Right,148,96,120,0,nan,nan,0.16
11/11/2025 5:23:40,1.17.2,Bandit80,20,4.06,nan,20,20,80,Right,Right,148,97,120,0,nan,nan,0.07
11/11/2025 5:23:47,1.17.2,Bandit80,20,4.06,2,20,20,80,Pellet,Right,148,97,121,0,3.59,433,nan
11/11/2025 5:24:02,1.17.2,Bandit80,20,4.06,nan,20,20,80,Right,Right,148,98,121,1,nan,nan,0.05
11/11/2025 5:24:07,1.17.2,Bandit80,20,4.06,1,20,20,80,Pellet,Right,148,98,122,1,3.65,20,nan
11/11/2025 5:24:14,1.17.2,Bandit80,20,4.06,nan,20,20,80,Right,Right,148,99,122,2,nan,nan,0.04
11/11/2025 5:24:16,1.17.2,Bandit80,20,4.05,nan,20,20,80,RightWithPellet,Right,148,100,122,2,nan,nan,0.00
11/11/2025 5:24:18,1.17.2,Bandit80,20,4.07,1,20,20,80,Pellet,Right,148,100,123,2,2.23,10,nan
11/11/2025 5:24:29,1.17.2,Bandit80,20,4.07,nan,20,20,80,Right,Right,148,101,123,3,nan,nan,0.42
11/11/2025 5:24:30,1.17.2,Bandit80,20,4.06,2,20,20,80,Pellet,Right,148,101,124,3,0.17,13,nan
11/11/2025 5:24:59,1.17.2,Bandit80,20,4.06,nan,20,20,80,Right,Right,148,102,124,4,nan,nan,0.14
11/11/2025 5:25:00,1.17.2,Bandit80,20,4.06,1,20,20,80,Pellet,Right,148,102,125,4,0.06,29,nan
11/11/2025 5:25:18,1.17.2,Bandit80,20,4.06,nan,20,20,80,Right,Right,148,103,125,5,nan,nan,0.08
11/11/2025 5:27:42,1.17.2,Bandit80,20,4.06,nan,20,20,80,Right,Right,148,104,125,5,nan,nan,0.20
11/11/2025 5:29:28,1.17.2,Bandit80,20,4.06,nan,20,20,80,Left,Right,149,104,125,5,nan,nan,0.04
11/11/2025 5:29:29,1.17.2,Bandit80,20,4.06,1,20,20,80,Pellet,Right,149,104,126,5,0.83,270,nan
11/11/2025 5:29:42,1.17.2,Bandit80,20,4.06,nan,20,20,80,Left,Right,150,104,126,6,nan,nan,0.06
11/11/2025 5:29:44,1.17.2,Bandit80,20,4.06,1,20,20,80,Pellet,Right,150,104,127,6,1.13,15,nan
11/11/2025 5:36:18,1.17.2,Bandit80,20,4.06,nan,20,20,80,Right,Right,150,105,127,7,nan,nan,0.02
11/11/2025 5:36:23,1.17.2,Bandit80,20,4.06,2,20,20,80,Pellet,Right,150,105,128,7,1.85,398,nan
11/11/2025 5:36:31,1.17.2,Bandit80,20,4.06,nan,20,20,80,Right,Right,150,106,128,8,nan,nan,0.30
11/11/2025 5:36:45,1.17.2,Bandit80,20,4.06,nan,20,20,80,RightWithPellet,Right,150,107,128,8,nan,nan,0.02
11/11/2025 5:36:55,1.17.2,Bandit80,20,4.06,2,20,20,80,Pellet,Right,150,107,129,8,21.28,33,nan
11/11/2025 5:37:00,1.17.2,Bandit80,20,4.06,nan,20,20,80,Right,Right,150,108,129,9,nan,nan,0.10
11/11/2025 5:37:01,1.17.2,Bandit80,20,4.06,1,20,20,80,Pellet,Right,150,108,130,9,0.23,6,nan
11/11/2025 5:37:16,1.17.2,Bandit80,20,4.06,nan,20,20,80,Right,Right,150,109,130,10,nan,nan,0.13
11/11/2025 5:37:17,1.17.2,Bandit80,20,4.06,1,20,20,80,Pellet,Right,150,109,131,10,0.29,16,nan
11/11/2025 5:37:29,1.17.2,Bandit80,20,4.06,nan,20,20,80,Right,Right,150,110,131,11,nan,nan,0.12
11/11/2025 5:37:31,1.17.2,Bandit80,20,4.06,nan,20,20,80,RightinTimeout,Right,150,110,131,11,nan,nan,0.00
11/11/2025 5:40:55,1.17.2,Bandit80,20,4.06,nan,20,20,80,Left,Right,151,110,131,11,nan,nan,0.07
11/11/2025 5:40:56,1.17.2,Bandit80,20,4.06,1,20,20,80,Pellet,Right,151,110,132,11,0.17,219,nan
11/11/2025 5:41:02,1.17.2,Bandit80,20,4.06,nan,20,20,80,Left,Right,152,110,132,12,nan,nan,0.03
11/11/2025 5:41:04,1.17.2,Bandit80,20,4.06,1,20,20,80,Pellet,Right,152,110,133,12,0.77,7,nan
11/11/2025 5:41:16,1.17.2,Bandit80,20,4.06,nan,20,20,80,Left,Right,153,110,133,13,nan,nan,0.11
11/11/2025 5:41:19,1.17.2,Bandit80,20,4.06,nan,20,20,80,LeftinTimeOut,Right,153,110,133,13,nan,nan,nan
11/11/2025 7:45:59,1.17.2,Bandit80,20,4.05,nan,20,20,80,Right,Right,153,111,133,13,nan,nan,0.04
11/11/2025 7:46:10,1.17.2,Bandit80,20,4.05,nan,20,20,80,RightWithPellet,Right,153,112,133,13,nan,nan,0.11
11/11/2025 7:46:12,1.17.2,Bandit80,20,4.05,4,20,20,80,Pellet,Right,153,112,134,13,6.89,7508,nan
11/11/2025 7:46:37,1.17.2,Bandit80,20,4.05,nan,20,20,80,Right,Right,153,113,134,14,nan,nan,0.19
11/11/2025 7:46:51,1.17.2,Bandit80,20,4.05,nan,20,20,80,Left,Right,154,113,134,14,nan,nan,0.18
11/11/2025 7:46:55,1.17.2,Bandit80,20,4.05,nan,20,20,80,LeftinTimeOut,Right,154,113,134,14,nan,nan,nan
11/11/2025 7:49:29,1.17.2,Bandit80,20,4.05,nan,20,20,80,Right,Right,154,114,134,14,nan,nan,0.10
11/11/2025 7:49:30,1.17.2,Bandit80,20,4.05,nan,20,20,80,RightDuringDispense,Right,154,114,134,14,nan,nan,0.02
11/11/2025 7:49:34,1.17.2,Bandit80,20,4.05,3,20,20,80,Pellet,Right,154,114,135,14,0.06,203,nan
11/11/2025 7:49:53,1.17.2,Bandit80,20,4.05,nan,20,20,80,Right,Right,154,115,135,15,nan,nan,0.10
11/11/2025 7:49:55,1.17.2,Bandit80,20,4.06,2,20,20,80,Pellet,Right,154,115,136,15,0.06,21,nan
11/11/2025 7:50:03,1.17.2,Bandit80,20,4.05,nan,20,20,80,Right,Right,154,116,136,16,nan,nan,0.08
11/11/2025 7:50:08,1.17.2,Bandit80,20,4.05,2,20,20,80,Pellet,Right,154,116,137,16,1.61,12,nan
11/11/2025 7:50:17,1.17.2,Bandit80,20,4.05,nan,20,20,80,Right,Right,154,117,137,17,nan,nan,0.05
11/11/2025 7:50:18,1.17.2,Bandit80,20,4.05,1,20,20,80,Pellet,Right,154,117,138,17,0.59,11,nan
11/11/2025 7:50:36,1.17.2,Bandit80,20,4.05,nan,20,20,80,Right,Right,154,118,138,18,nan,nan,0.22
11/11/2025 7:50:40,1.17.2,Bandit80,20,4.05,2,20,20,80,Pellet,Right,154,118,139,18,0.23,21,nan
11/11/2025 7:50:47,1.17.2,Bandit80,20,4.05,nan,20,20,80,Right,Right,154,119,139,19,nan,nan,0.03
11/11/2025 7:50:48,1.17.2,Bandit80,20,4.05,1,20,20,80,Pellet,Right,154,119,140,19,0.59,9,nan
11/11/2025 7:51:03,1.17.2,Bandit80,20,4.05,nan,20,80,20,Right,Left,154,120,140,0,nan,nan,0.07
11/11/2025 7:53:35,1.17.2,Bandit80,20,4.05,nan,20,80,20,Right,Left,154,121,140,0,nan,nan,0.14
11/11/2025 7:53:36,1.17.2,Bandit80,20,4.05,1,20,80,20,Pellet,Left,154,121,141,0,0.29,168,nan
11/11/2025 7:53:46,1.17.2,Bandit80,20,4.05,nan,20,80,20,Right,Left,154,122,141,1,nan,nan,0.05
11/11/2025 7:53:54,1.17.2,Bandit80,20,4.06,nan,20,80,20,RightinTimeout,Left,154,122,141,1,nan,nan,0.00
11/11/2025 10:13:25,1.17.2,Bandit80,20,4.05,nan,20,80,20,Right,Left,154,123,141,1,nan,nan,0.09
11/11/2025 10:13:46,1.17.2,Bandit80,20,4.05,nan,20,80,20,Right,Left,154,124,141,1,nan,nan,0.06
11/11/2025 10:14:39,1.17.2,Bandit80,20,4.05,nan,20,80,20,Right,Left,154,125,141,1,nan,nan,0.15
11/11/2025 10:20:53,1.17.2,Bandit80,20,4.05,nan,20,80,20,Right,Left,154,126,141,1,nan,nan,0.37
11/11/2025 10:20:54,1.17.2,Bandit80,20,4.05,1,20,80,20,Pellet,Left,154,126,142,1,0.23,8838,nan
11/11/2025 10:21:06,1.17.2,Bandit80,20,4.05,nan,20,80,20,Right,Left,154,127,142,2,nan,nan,0.12
11/11/2025 10:21:08,1.17.2,Bandit80,20,4.05,nan,20,80,20,RightinTimeout,Left,154,127,142,2,nan,nan,0.00
11/11/2025 10:21:12,1.17.2,Bandit80,20,4.05,nan,20,80,20,RightinTimeout,Left,154,127,142,2,nan,nan,0.00
11/11/2025 10:21:14,1.17.2,Bandit80,20,4.05,nan,20,80,20,LeftinTimeOut,Left,154,127,142,2,nan,nan,nan
11/11/2025 10:21:22,1.17.2,Bandit80,20,4.05,nan,20,80,20,LeftinTimeOut,Left,154,127,142,2,nan,nan,nan
11/11/2025 15:02:04,1.17.2,Bandit80,20,4.03,nan,20,80,20,Right,Left,154,128,142,2,nan,nan,0.05
11/11/2025 15:02:05,1.17.2,Bandit80,20,4.03,1,20,80,20,Pellet,Left,154,128,143,2,0.35,16871,nan
11/11/2025 15:02:22,1.17.2,Bandit80,20,4.04,nan,20,80,20,Right,Left,154,129,143,3,nan,nan,0.06
11/11/2025 15:02:26,1.17.2,Bandit80,20,4.04,nan,20,80,20,RightinTimeout,Left,154,129,143,3,nan,nan,0.00
11/11/2025 15:39:17,1.17.2,Bandit80,20,4.03,nan,20,80,20,Left,Left,155,129,143,3,nan,nan,0.20
11/11/2025 15:39:18,1.17.2,Bandit80,20,4.03,1,20,80,20,Pellet,Left,155,129,144,3,0.47,2233,nan
11/11/2025 15:39:30,1.17.2,Bandit80,20,4.04,nan,20,80,20,Left,Left,156,129,144,4,nan,nan,0.38
11/11/2025 15:40:55,1.17.2,Bandit80,20,4.03,nan,20,80,20,Right,Left,156,130,144,4,nan,nan,0.19
11/11/2025 15:40:58,1.17.2,Bandit80,20,4.04,1,20,80,20,Pellet,Left,156,130,145,4,2.45,100,nan
11/11/2025 15:41:07,1.17.2,Bandit80,20,4.03,nan,20,80,20,Right,Left,156,131,145,5,nan,nan,0.52
11/11/2025 15:41:11,1.17.2,Bandit80,20,4.03,nan,20,80,20,RightinTimeout,Left,156,131,145,5,nan,nan,0.00
11/11/2025 15:41:13,1.17.2,Bandit80,20,4.03,nan,20,80,20,RightinTimeout,Left,156,131,145,5,nan,nan,0.00
11/11/2025 15:41:14,1.17.2,Bandit80,20,4.04,nan,20,80,20,RightinTimeout,Left,156,131,145,5,nan,nan,0.00
11/11/2025 16:56:35,1.17.2,Bandit80,20,4.03,nan,20,80,20,Left,Left,157,131,145,5,nan,nan,0.35
11/11/2025 16:56:41,1.17.2,Bandit80,20,4.04,3,20,80,20,Pellet,Left,157,131,146,5,0.12,4542,nan
11/11/2025 16:56:59,1.17.2,Bandit80,20,4.03,nan,20,80,20,Left,Left,158,131,146,6,nan,nan,0.13
11/11/2025 16:57:02,1.17.2,Bandit80,20,4.03,nan,20,80,20,LeftinTimeOut,Left,158,131,146,6,nan,nan,nan
11/11/2025 16:57:05,1.17.2,Bandit80,20,4.03,nan,20,80,20,RightinTimeout,Left,158,131,146,6,nan,nan,0.00
11/11/2025 16:57:06,1.17.2,Bandit80,20,4.03,nan,20,80,20,RightinTimeout,Left,158,131,146,6,nan,nan,0.00
11/11/2025 16:57:07,1.17.2,Bandit80,20,4.03,nan,20,80,20,RightinTimeout,Left,158,131,146,6,nan,nan,0.00
11/11/2025 16:57:09,1.17.2,Bandit80,20,4.03,nan,20,80,20,RightinTimeout,Left,158,131,146,6,nan,nan,0.00
11/11/2025 16:57:10,1.17.2,Bandit80,20,4.03,nan,20,80,20,RightinTimeout,Left,158,131,146,6,nan,nan,0.00
11/11/2025 16:57:11,1.17.2,Bandit80,20,4.03,nan,20,80,20,LeftinTimeOut,Left,158,131,146,6,nan,nan,nan
11/11/2025 16:57:13,1.17.2,Bandit80,20,4.03,nan,20,80,20,LeftinTimeOut,Left,158,131,146,6,nan,nan,nan
11/11/2025 16:57:14,1.17.2,Bandit80,20,4.03,nan,20,80,20,LeftinTimeOut,Left,158,131,146,6,nan,nan,nan
11/11/2025 16:57:15,1.17.2,Bandit80,20,4.03,nan,20,80,20,LeftinTimeOut,Left,158,131,146,6,nan,nan,nan
11/11/2025 16:57:17,1.17.2,Bandit80,20,4.03,nan,20,80,20,LeftinTimeOut,Left,158,131,146,6,nan,nan,nan
11/11/2025 16:57:22,1.17.2,Bandit80,20,4.03,nan,20,80,20,RightinTimeout,Left,158,131,146,6,nan,nan,0.00
11/11/2025 17:24:49,1.17.2,Bandit80,20,4.03,nan,20,80,20,Right,Left,158,132,146,6,nan,nan,0.04
11/11/2025 17:24:52,1.17.2,Bandit80,20,4.03,nan,20,80,20,LeftinTimeOut,Left,158,132,146,6,nan,nan,nan
11/11/2025 17:24:59,1.17.2,Bandit80,20,4.03,nan,20,80,20,RightinTimeout,Left,158,132,146,6,nan,nan,0.00
11/11/2025 17:37:06,1.17.2,Bandit80,20,4.03,nan,20,80,20,Right,Left,158,133,146,6,nan,nan,0.10
11/11/2025 17:58:07,1.17.2,Bandit80,20,4.03,nan,20,80,20,Left,Left,159,133,146,6,nan,nan,0.46
11/11/2025 17:58:09,1.17.2,Bandit80,20,4.03,1,20,80,20,Pellet,Left,159,133,147,6,0.41,3688,nan
11/11/2025 17:58:17,1.17.2,Bandit80,20,4.03,nan,20,80,20,Left,Left,160,133,147,7,nan,nan,0.08
11/11/2025 17:58:19,1.17.2,Bandit80,20,4.03,1,20,80,20,Pellet,Left,160,133,148,7,0.47,11,nan
11/11/2025 17:58:40,1.17.2,Bandit80,20,4.03,nan,20,80,20,Left,Left,161,133,148,8,nan,nan,0.05
11/11/2025 17:58:41,1.17.2,Bandit80,20,4.03,1,20,80,20,Pellet,Left,161,133,149,8,0.41,22,nan
11/11/2025 17:58:49,1.17.2,Bandit80,20,4.03,nan,20,80,20,Left,Left,162,133,149,9,nan,nan,0.05
11/11/2025 17:59:05,1.17.2,Bandit80,20,4.03,nan,20,80,20,Left,Left,163,133,149,9,nan,nan,0.20
11/11/2025 17:59:07,1.17.2,Bandit80,20,4.03,1,20,80,20,Pellet,Left,163,133,150,9,0.89,25,nan
11/11/2025 17:59:20,1.17.2,Bandit80,20,4.03,nan,20,80,20,Left,Left,164,133,150,10,nan,nan,0.07
11/11/2025 17:59:23,1.17.2,Bandit80,20,4.03,3,20,80,20,Pellet,Left,164,133,151,10,0.35,17,nan
11/11/2025 17:59:34,1.17.2,Bandit80,20,4.03,nan,20,80,20,Left,Left,165,133,151,11,nan,nan,0.09
11/11/2025 17:59:36,1.17.2,Bandit80,20,4.03,1,20,80,20,Pellet,Left,165,133,152,11,0.59,12,nan
11/11/2025 17:59:52,1.17.2,Bandit80,20,4.03,nan,20,80,20,Right,Left,165,134,152,12,nan,nan,0.03
11/11/2025 18:00:05,1.17.2,Bandit80,20,4.03,nan,20,80,20,Left,Left,166,134,152,12,nan,nan,0.18
11/11/2025 18:00:06,1.17.2,Bandit80,20,4.03,1,20,80,20,Pellet,Left,166,134,153,12,0.41,31,nan
11/11/2025 18:02:53,1.17.2,Bandit80,20,4.03,nan,20,80,20,Right,Left,166,135,153,13,nan,nan,0.08
11/11/2025 18:02:54,1.17.2,Bandit80,20,4.03,nan,20,80,20,RightinTimeout,Left,166,135,153,13,nan,nan,0.00
11/11/2025 18:03:59,1.17.2,Bandit80,20,4.03,nan,20,80,20,Right,Left,166,136,153,13,nan,nan,0.29
11/11/2025 18:04:00,1.17.2,Bandit80,20,4.03,1,20,80,20,Pellet,Left,166,136,154,13,0.29,234,nan
11/11/2025 18:04:13,1.17.2,Bandit80,20,4.03,nan,20,80,20,Right,Left,166,137,154,14,nan,nan,0.03
11/11/2025 18:04:21,1.17.2,Bandit80,20,4.03,nan,20,80,20,RightinTimeout,Left,166,137,154,14,nan,nan,0.00
11/11/2025 18:12:24,1.17.2,Bandit80,20,4.03,nan,20,80,20,Left,Left,167,137,154,14,nan,nan,0.07
11/11/2025 18:12:25,1.17.2,Bandit80,20,4.03,1,20,80,20,Pellet,Left,167,137,155,14,0.29,505,nan
11/11/2025 18:13:15,1.17.2,Bandit80,20,4.03,nan,20,80,20,Right,Left,167,138,155,15,nan,nan,0.17
11/11/2025 18:14:30,1.17.2,Bandit80,20,4.03,nan,20,80,20,Right,Left,167,139,155,15,nan,nan,0.02
11/11/2025 18:26:55,1.17.2,Bandit80,20,4.03,nan,20,80,20,Left,Left,168,139,155,15,nan,nan,0.10
11/11/2025 18:26:57,1.17.2,Bandit80,20,4.03,1,20,80,20,Pellet,Left,168,139,156,15,0.53,872,nan
11/11/2025 18:27:21,1.17.2,Bandit80,20,4.03,nan,20,80,20,Right,Left,168,140,156,16,nan,nan,0.06
11/11/2025 18:27:23,1.17.2,Bandit80,20,4.03,1,20,80,20,Pellet,Left,168,140,157,16,0.17,25,nan
11/11/2025 18:27:42,1.17.2,Bandit80,20,4.03,nan,20,80,20,Right,Left,168,141,157,17,nan,nan,0.16
11/11/2025 18:27:44,1.17.2,Bandit80,20,4.03,nan,20,80,20,RightinTimeout,Left,168,141,157,17,nan,nan,0.00
11/11/2025 18:27:44,1.17.2,Bandit80,20,4.03,nan,20,80,20,RightinTimeout,Left,168,141,157,17,nan,nan,0.00
11/11/2025 18:27:48,1.17.2,Bandit80,20,4.03,nan,20,80,20,LeftinTimeOut,Left,168,141,157,17,nan,nan,nan
11/11/2025 18:27:50,1.17.2,Bandit80,20,4.03,nan,20,80,20,LeftinTimeOut,Left,168,141,157,17,nan,nan,nan
11/11/2025 18:27:51,1.17.2,Bandit80,20,4.03,nan,20,80,20,LeftinTimeOut,Left,168,141,157,17,nan,nan,nan
11/11/2025 18:27:52,1.17.2,Bandit80,20,4.03,nan,20,80,20,LeftinTimeOut,Left,168,141,157,17,nan,nan,nan
11/11/2025 18:27:55,1.17.2,Bandit80,20,4.03,nan,20,80,20,LeftinTimeOut,Left,168,141,157,17,nan,nan,nan
11/11/2025 18:27:57,1.17.2,Bandit80,20,4.02,nan,20,80,20,RightinTimeout,Left,168,141,157,17,nan,nan,0.00
11/11/2025 18:27:58,1.17.2,Bandit80,20,4.03,nan,20,80,20,RightinTimeout,Left,168,141,157,17,nan,nan,0.00
11/11/2025 18:27:59,1.17.2,Bandit80,20,4.03,nan,20,80,20,RightinTimeout,Left,168,141,157,17,nan,nan,0.00
11/11/2025 18:35:31,1.17.2,Bandit80,20,4.03,nan,20,80,20,Left,Left,169,141,157,17,nan,nan,0.18
11/11/2025 18:35:34,1.17.2,Bandit80,20,4.03,2,20,80,20,Pellet,Left,169,141,158,17,0.23,492,nan
11/11/2025 18:36:04,1.17.2,Bandit80,20,4.03,nan,20,80,20,Left,Left,170,141,158,18,nan,nan,0.10
11/11/2025 18:37:55,1.17.2,Bandit80,20,4.03,nan,20,80,20,Right,Left,170,142,158,18,nan,nan,0.13
11/11/2025 18:39:14,1.17.2,Bandit80,20,4.03,nan,20,80,20,Right,Left,170,143,158,18,nan,nan,0.18
11/11/2025 18:39:37,1.17.2,Bandit80,20,4.03,2,20,80,20,Pellet,Left,170,143,159,18,20.15,243,nan
11/11/2025 18:39:46,1.17.2,Bandit80,20,4.03,nan,20,80,20,Right,Left,170,144,159,19,nan,nan,0.03
11/11/2025 18:44:37,1.17.2,Bandit80,20,4.03,nan,20,80,20,Left,Left,171,144,159,19,nan,nan,0.03
11/11/2025 18:44:38,1.17.2,Bandit80,20,4.03,1,20,80,20,Pellet,Left,171,144,160,19,0.23,301,nan
11/11/2025 18:44:49,1.17.2,Bandit80,20,4.03,nan,20,20,80,Left,Right,172,144,160,0,nan,nan,0.05
11/11/2025 18:45:51,1.17.2,Bandit80,20,4.02,nan,20,20,80,Right,Right,172,145,160,0,nan,nan,0.16
11/11/2025 18:45:52,1.17.2,Bandit80,20,4.03,1,20,20,80,Pellet,Right,172,145,161,0,0.53,74,nan
11/11/2025 18:48:14,1.17.2,Bandit80,20,4.03,nan,20,20,80,Right,Right,172,146,161,1,nan,nan,0.05
11/11/2025 18:57:34,1.17.2,Bandit80,20,4.03,nan,20,20,80,Left,Right,173,146,161,1,nan,nan,0.09
11/11/2025 18:57:57,1.17.2,Bandit80,20,4.03,nan,20,20,80,Right,Right,173,147,161,1,nan,nan,0.10
11/11/2025 18:57:59,1.17.2,Bandit80,20,4.03,1,20,20,80,Pellet,Right,173,147,162,1,0.71,726,nan
11/11/2025 18:58:12,1.17.2,Bandit80,20,4.03,nan,20,20,80,Left,Right,174,147,162,2,nan,nan,0.04
11/11/2025 18:58:57,1.17.2,Bandit80,20,4.03,nan,20,20,80,Left,Right,175,147,162,2,nan,nan,0.13
11/11/2025 18:58:59,1.17.2,Bandit80,20,4.03,nan,20,20,80,LeftinTimeOut,Right,175,147,162,2,nan,nan,nan
11/11/2025 18:59:03,1.17.2,Bandit80,20,4.03,nan,20,20,80,LeftinTimeOut,Right,175,147,162,2,nan,nan,nan
11/11/2025 19:00:53,1.17.2,Bandit80,20,4.03,nan,20,20,80,Right,Right,175,148,162,2,nan,nan,0.32
11/11/2025 19:00:54,1.17.2,Bandit80,20,4.03,1,20,20,80,Pellet,Right,175,148,163,2,0.17,176,nan
11/11/2025 19:01:01,1.17.2,Bandit80,20,4.03,nan,20,20,80,Right,Right,175,149,163,3,nan,nan,0.33
11/11/2025 19:01:02,1.17.2,Bandit80,20,4.02,1,20,20,80,Pellet,Right,175,149,164,3,0.17,8,nan
11/11/2025 19:01:09,1.17.2,Bandit80,20,4.03,nan,20,20,80,Right,Right,175,150,164,4,nan,nan,0.28
11/11/2025 19:01:11,1.17.2,Bandit80,20,4.03,1,20,20,80,Pellet,Right,175,150,165,4,0.17,8,nan
11/11/2025 19:01:19,1.17.2,Bandit80,20,4.03,nan,20,20,80,Right,Right,175,151,165,5,nan,nan,0.67
11/11/2025 19:01:22,1.17.2,Bandit80,20,4.03,2,20,20,80,Pellet,Right,175,151,166,5,0.17,12,nan
11/11/2025 19:01:48,1.17.2,Bandit80,20,4.03,nan,20,20,80,Right,Right,175,152,166,6,nan,nan,0.35
11/11/2025 19:01:56,1.17.2,Bandit80,20,4.03,nan,20,20,80,RightWithPellet,Right,175,153,166,6,nan,nan,0.06
11/11/2025 19:01:56,1.17.2,Bandit80,20,4.03,2,20,20,80,Pellet,Right,175,153,167,6,5.82,34,nan
11/11/2025 19:02:08,1.17.2,Bandit80,20,4.02,nan,20,20,80,Right,Right,175,154,167,7,nan,nan,0.48
11/11/2025 19:02:23,1.17.2,Bandit80,20,4.03,nan,20,20,80,Left,Right,176,154,167,7,nan,nan,0.23
11/11/2025 19:02:24,1.17.2,Bandit80,20,4.03,1,20,20,80,Pellet,Right,176,154,168,7,0.29,28,nan
11/11/2025 19:02:32,1.17.2,Bandit80,20,4.03,nan,20,20,80,Left,Right,177,154,168,8,nan,nan,0.08
11/11/2025 19:02:35,1.17.2,Bandit80,20,4.02,nan,20,20,80,LeftinTimeOut,Right,177,154,168,8,nan,nan,nan
11/11/2025 19:02:37,1.17.2,Bandit80,20,4.03,nan,20,20,80,LeftinTimeOut,Right,177,154,168,8,nan,nan,nan
11/11/2025 19:19:24,1.17.2,Bandit80,20,4.03,nan,20,20,80,Left,Right,178,154,168,8,nan,nan,0.14
11/11/2025 19:19:26,1.17.2,Bandit80,20,4.03,1,20,20,80,Pellet,Right,178,154,169,8,0.77,1022,nan
11/11/2025 19:24:18,1.17.2,Bandit80,20,4.03,nan,20,20,80,Left,Right,179,154,169,9,nan,nan,0.10
11/11/2025 19:31:57,1.17.2,Bandit80,20,4.03,nan,20,20,80,Left,Right,180,154,169,9,nan,nan,0.02
11/11/2025 19:31:58,1.17.2,Bandit80,20,4.03,nan,20,20,80,LeftinTimeOut,Right,180,154,169,9,nan,nan,nan
11/11/2025 19:31:59,1.17.2,Bandit80,20,4.03,nan,20,20,80,LeftinTimeOut,Right,180,154,169,9,nan,nan,nan
11/11/2025 19:35:21,1.17.2,Bandit80,20,4.02,nan,20,20,80,Right,Right,180,155,169,9,nan,nan,0.12
11/11/2025 19:35:24,1.17.2,Bandit80,20,4.02,2,20,20,80,Pellet,Right,180,155,170,9,0.29,958,nan
11/11/2025 19:35:43,1.17.2,Bandit80,20,4.03,nan,20,20,80,Right,Right,180,156,170,10,nan,nan,0.17
11/11/2025 19:35:44,1.17.2,Bandit80,20,4.02,nan,20,20,80,RightinTimeout,Right,180,156,170,10,nan,nan,0.00
11/11/2025 19:35:45,1.17.2,Bandit80,20,4.03,nan,20,20,80,RightinTimeout,Right,180,156,170,10,nan,nan,0.00
11/11/2025 19:35:50,1.17.2,Bandit80,20,4.03,nan,20,20,80,LeftinTimeOut,Right,180,156,170,10,nan,nan,nan
11/11/2025 19:35:53,1.17.2,Bandit80,20,4.03,nan,20,20,80,LeftinTimeOut,Right,180,156,170,10,nan,nan,nan
11/11/2025 19:38:10,1.17.2,Bandit80,20,4.03,nan,20,20,80,Right,Right,180,157,170,10,nan,nan,0.24
11/11/2025 19:38:13,1.17.2,Bandit80,20,4.02,2,20,20,80,Pellet,Right,180,157,171,10,0.06,169,nan
11/11/2025 19:38:21,1.17.2,Bandit80,20,4.03,nan,20,20,80,Right,Right,180,158,171,11,nan,nan,0.12
11/11/2025 19:38:22,1.17.2,Bandit80,20,4.03,1,20,20,80,Pellet,Right,180,158,172,11,0.29,9,nan
11/11/2025 19:38:31,1.17.2,Bandit80,20,4.03,nan,20,20,80,Right,Right,180,159,172,12,nan,nan,0.06
11/11/2025 19:38:33,1.17.2,Bandit80,20,4.02,1,20,20,80,Pellet,Right,180,159,173,12,0.47,11,nan
11/11/2025 19:38:56,1.17.2,Bandit80,20,4.03,nan,20,20,80,Left,Right,181,159,173,13,nan,nan,0.06
11/11/2025 19:38:56,1.17.2,Bandit80,20,4.02,nan,20,20,80,LeftinTimeOut,Right,181,159,173,13,nan,nan,nan
11/11/2025 19:38:58,1.17.2,Bandit80,20,4.03,nan,20,20,80,LeftinTimeOut,Right,181,159,173,13,nan,nan,nan
11/11/2025 19:41:56,1.17.2,Bandit80,20,4.03,nan,20,20,80,Right,Right,181,160,173,13,nan,nan,0.07
11/11/2025 19:44:58,1.17.2,Bandit80,20,4.03,nan,20,20,80,Left,Right,182,160,173,13,nan,nan,0.05
11/11/2025 19:45:18,1.17.2,Bandit80,20,4.03,nan,20,20,80,Right,Right,182,161,173,13,nan,nan,0.18
11/11/2025 19:45:20,1.17.2,Bandit80,20,4.03,1,20,20,80,Pellet,Right,182,161,174,13,0.53,406,nan
11/11/2025 19:50:15,1.17.2,Bandit80,20,4.03,nan,20,20,80,Right,Right,182,162,174,14,nan,nan,0.31
11/11/2025 19:50:16,1.17.2,Bandit80,20,4.03,nan,20,20,80,RightinTimeout,Right,182,162,174,14,nan,nan,0.00
11/11/2025 19:50:18,1.17.2,Bandit80,20,4.02,nan,20,20,80,RightinTimeout,Right,182,162,174,14,nan,nan,0.00
11/11/2025 19:50:19,1.17.2,Bandit80,20,4.02,nan,20,20,80,RightinTimeout,Right,182,162,174,14,nan,nan,0.00
11/11/2025 19:51:08,1.17.2,Bandit80,20,4.02,nan,20,20,80,Left,Right,183,162,174,14,nan,nan,0.00
11/11/2025 19:51:58,1.17.2,Bandit80,20,4.03,nan,20,20,80,Right,Right,183,163,174,14,nan,nan,0.04
11/11/2025 19:52:00,1.17.2,Bandit80,20,4.03,nan,20,20,80,RightinTimeout,Right,183,163,174,14,nan,nan,0.00
11/11/2025 19:54:09,1.17.2,Bandit80,20,4.03,nan,20,20,80,Left,Right,184,163,174,14,nan,nan,0.08
11/11/2025 19:54:11,1.17.2,Bandit80,20,4.02,nan,20,20,80,LeftinTimeOut,Right,184,163,174,14,nan,nan,nan
11/11/2025 19:54:12,1.17.2,Bandit80,20,4.03,nan,20,20,80,LeftinTimeOut,Right,184,163,174,14,nan,nan,nan
11/11/2025 19:54:17,1.17.2,Bandit80,20,4.03,nan,20,20,80,RightinTimeout,Right,184,163,174,14,nan,nan,0.00
11/11/2025 19:54:20,1.17.2,Bandit80,20,4.03,nan,20,20,80,LeftinTimeOut,Right,184,163,174,14,nan,nan,nan
11/11/2025 20:05:01,1.17.2,Bandit80,20,4.02,nan,20,20,80,Right,Right,184,164,174,14,nan,nan,0.11
11/11/2025 20:05:05,1.17.2,Bandit80,20,4.03,3,20,20,80,Pellet,Right,184,164,175,14,0.23,1186,nan
11/11/2025 20:05:25,1.17.2,Bandit80,20,4.03,nan,20,20,80,Left,Right,185,164,175,15,nan,nan,0.06
11/11/2025 20:06:24,1.17.2,Bandit80,20,4.02,nan,20,20,80,Left,Right,186,164,175,15,nan,nan,0.01
11/11/2025 20:06:28,1.17.2,Bandit80,20,4.02,nan,20,20,80,LeftinTimeOut,Right,186,164,175,15,nan,nan,nan
11/11/2025 20:09:24,1.17.2,Bandit80,20,4.03,nan,20,20,80,Right,Right,186,165,175,15,nan,nan,0.19
11/11/2025 20:09:27,1.17.2,Bandit80,20,4.02,2,20,20,80,Pellet,Right,186,165,176,15,0.06,261,nan
11/11/2025 20:09:34,1.17.2,Bandit80,20,4.02,nan,20,20,80,Left,Right,187,165,176,16,nan,nan,0.04
11/11/2025 20:09:36,1.17.2,Bandit80,20,4.03,nan,20,20,80,LeftinTimeOut,Right,187,165,176,16,nan,nan,nan
11/11/2025 20:14:39,1.17.2,Bandit80,20,4.03,nan,20,20,80,Right,Right,187,166,176,16,nan,nan,0.22
11/11/2025 20:14:40,1.17.2,Bandit80,20,4.03,1,20,20,80,Pellet,Right,187,166,177,16,0.65,314,nan
11/11/2025 20:14:50,1.17.2,Bandit80,20,4.02,nan,20,20,80,Right,Right,187,167,177,17,nan,nan,0.09
11/11/2025 20:14:51,1.17.2,Bandit80,20,4.02,2,20,20,80,Pellet,Right,187,167,178,17,0.06,11,nan
11/11/2025 20:15:08,1.17.2,Bandit80,20,4.03,nan,20,20,80,Right,Right,187,168,178,18,nan,nan,0.05
11/11/2025 20:15:10,1.17.2,Bandit80,20,4.02,1,20,20,80,Pellet,Right,187,168,179,18,0.47,19,nan
11/11/2025 20:15:17,1.17.2,Bandit80,20,4.02,nan,20,20,80,Right,Right,187,169,179,19,nan,nan,0.07
11/11/2025 20:15:24,1.17.2,Bandit80,20,4.02,nan,20,20,80,RightinTimeout,Right,187,169,179,19,nan,nan,0.00
11/11/2025 20:15:25,1.17.2,Bandit80,20,4.03,nan,20,20,80,RightinTimeout,Right,187,169,179,19,nan,nan,0.00
11/11/2025 20:15:28,1.17.2,Bandit80,20,4.02,nan,20,20,80,RightinTimeout,Right,187,169,179,19,nan,nan,0.00
11/11/2025 20:22:47,1.17.2,Bandit80,20,4.02,nan,20,20,80,Right,Right,187,170,179,19,nan,nan,0.05
11/11/2025 20:22:48,1.17.2,Bandit80,20,4.02,1,20,20,80,Pellet,Right,187,170,180,19,0.29,458,nan
11/11/2025 20:22:59,1.17.2,Bandit80,20,4.03,nan,20,80,20,Right,Left,187,171,180,0,nan,nan,0.13
11/11/2025 20:23:02,1.17.2,Bandit80,20,4.02,nan,20,80,20,RightinTimeout,Left,187,171,180,0,nan,nan,0.00
11/11/2025 20:23:35,1.17.2,Bandit80,20,4.02,nan,20,80,20,Right,Left,187,172,180,0,nan,nan,0.06
11/11/2025 20:23:52,1.17.2,Bandit80,20,4.03,nan,20,80,20,Left,Left,188,172,180,0,nan,nan,0.20
11/11/2025 20:23:53,1.17.2,Bandit80,20,4.03,1,20,80,20,Pellet,Left,188,172,181,0,0.23,65,nan
11/11/2025 20:24:01,1.17.2,Bandit80,20,4.02,nan,20,80,20,Left,Left,189,172,181,1,nan,nan,0.10
11/11/2025 20:24:03,1.17.2,Bandit80,20,4.02,1,20,80,20,Pellet,Left,189,172,182,1,0.65,9,nan
11/11/2025 20:24:18,1.17.2,Bandit80,20,4.03,nan,20,80,20,Left,Left,190,172,182,2,nan,nan,0.01
11/11/2025 20:24:19,1.17.2,Bandit80,20,4.02,1,20,80,20,Pellet,Left,190,172,183,2,0.47,17,nan
11/11/2025 20:24:25,1.17.2,Bandit80,20,4.03,nan,20,80,20,Left,Left,191,172,183,3,nan,nan,0.15
11/11/2025 20:24:29,1.17.2,Bandit80,20,4.03,2,20,80,20,Pellet,Left,191,172,184,3,0.11,9,nan
11/11/2025 20:24:37,1.17.2,Bandit80,20,4.02,nan,20,80,20,Right,Left,191,173,184,4,nan,nan,0.05
11/11/2025 20:25:23,1.17.2,Bandit80,20,4.02,nan,20,80,20,Left,Left,192,173,184,4,nan,nan,0.02
11/11/2025 20:25:27,1.17.2,Bandit80,20,4.03,1,20,80,20,Pellet,Left,192,173,185,4,2.87,59,nan
11/11/2025 20:30:45,1.17.2,Bandit80,20,4.02,nan,20,80,20,Left,Left,193,173,185,5,nan,nan,0.02
11/11/2025 20:31:18,1.17.2,Bandit80,20,4.02,nan,20,80,20,Right,Left,193,174,185,5,nan,nan,0.19
11/11/2025 20:31:32,1.17.2,Bandit80,20,4.03,nan,20,80,20,Left,Left,194,174,185,5,nan,nan,0.03
11/11/2025 20:31:33,1.17.2,Bandit80,20,4.02,2,20,80,20,Pellet,Left,194,174,186,5,0.06,366,nan
11/11/2025 20:32:00,1.17.2,Bandit80,20,4.03,nan,20,80,20,Left,Left,195,174,186,6,nan,nan,0.05
11/11/2025 20:32:02,1.17.2,Bandit80,20,4.03,1,20,80,20,Pellet,Left,195,174,187,6,0.59,28,nan
11/11/2025 20:32:14,1.17.2,Bandit80,20,4.02,nan,20,80,20,Left,Left,196,174,187,7,nan,nan,0.07
11/11/2025 20:32:16,1.17.2,Bandit80,20,4.02,2,20,80,20,Pellet,Left,196,174,188,7,0.29,14,nan
11/11/2025 20:32:56,1.17.2,Bandit80,20,4.02,nan,20,80,20,Right,Left,196,175,188,8,nan,nan,0.12
11/11/2025 20:32:57,1.17.2,Bandit80,20,4.03,nan,20,80,20,RightinTimeout,Left,196,175,188,8,nan,nan,0.00
11/11/2025 20:37:20,1.17.2,Bandit80,20,4.02,nan,20,80,20,Right,Left,196,176,188,8,nan,nan,0.00
11/11/2025 20:37:23,1.17.2,Bandit80,20,4.02,2,20,80,20,Pellet,Left,196,176,189,8,0.23,308,nan
11/11/2025 20:37:27,1.17.2,Bandit80,20,4.03,nan,20,80,20,Right,Left,196,177,189,9,nan,nan,0.13
11/11/2025 20:39:04,1.17.2,Bandit80,20,4.03,nan,20,80,20,Right,Left,196,178,189,9,nan,nan,0.15
11/11/2025 20:39:22,1.17.2,Bandit80,20,4.02,nan,20,80,20,Right,Left,196,179,189,9,nan,nan,0.10
11/11/2025 20:39:27,1.17.2,Bandit80,20,4.02,2,20,80,20,Pellet,Left,196,179,190,9,1.07,123,nan
11/11/2025 20:40:53,1.17.2,Bandit80,20,4.02,nan,20,80,20,Left,Left,197,179,190,10,nan,nan,0.10
11/11/2025 20:40:56,1.17.2,Bandit80,20,4.02,1,20,80,20,Pellet,Left,197,179,191,10,2.45,90,nan
11/11/2025 20:41:00,1.17.2,Bandit80,20,4.02,nan,20,80,20,Left,Left,198,179,191,11,nan,nan,0.14
11/11/2025 20:41:04,1.17.2,Bandit80,20,4.02,1,20,80,20,Pellet,Left,198,179,192,11,2.39,7,nan
11/11/2025 20:41:35,1.17.2,Bandit80,20,4.02,nan,20,80,20,Left,Left,199,179,192,12,nan,nan,0.08
11/11/2025 20:45:38,1.17.2,Bandit80,20,4.02,nan,20,80,20,Left,Left,200,179,192,12,nan,nan,0.08
11/11/2025 20:45:40,1.17.2,Bandit80,20,4.03,1,20,80,20,Pellet,Left,200,179,193,12,0.65,276,nan
11/11/2025 20:46:01,1.17.2,Bandit80,20,4.02,nan,20,80,20,Left,Left,201,179,193,13,nan,nan,0.04
11/11/2025 20:46:02,1.17.2,Bandit80,20,4.03,1,20,80,20,Pellet,Left,201,179,194,13,0.59,23,nan
11/11/2025 20:46:12,1.17.2,Bandit80,20,4.02,nan,20,80,20,Left,Left,202,179,194,14,nan,nan,0.02
11/11/2025 20:46:14,1.17.2,Bandit80,20,4.02,1,20,80,20,Pellet,Left,202,179,195,14,0.65,12,nan
11/11/2025 20:47:06,1.17.2,Bandit80,20,4.02,nan,20,80,20,Right,Left,202,180,195,15,nan,nan,0.10
11/11/2025 20:55:19,1.17.2,Bandit80,20,4.02,nan,20,80,20,Right,Left,202,181,195,15,nan,nan,0.05
11/11/2025 20:56:13,1.17.2,Bandit80,20,4.03,nan,20,80,20,Left,Left,203,181,195,15,nan,nan,0.14
11/11/2025 20:56:17,1.17.2,Bandit80,20,4.02,2,20,80,20,Pellet,Left,203,181,196,15,0.41,603,nan
11/11/2025 20:56:31,1.17.2,Bandit80,20,4.02,nan,20,80,20,Left,Left,204,181,196,16,nan,nan,0.06
11/11/2025 20:56:35,1.17.2,Bandit80,20,4.02,1,20,80,20,Pellet,Left,204,181,197,16,2.63,17,nan
11/11/2025 20:56:45,1.17.2,Bandit80,20,4.02,nan,20,80,20,Left,Left,205,181,197,17,nan,nan,0.09
11/11/2025 20:56:46,1.17.2,Bandit80,20,4.02,1,20,80,20,Pellet,Left,205,181,198,17,0.23,12,nan
11/11/2025 21:00:57,1.17.2,Bandit80,20,4.02,nan,20,80,20,Right,Left,205,182,198,18,nan,nan,0.05
11/11/2025 21:05:05,1.17.2,Bandit80,20,4.03,nan,20,80,20,Right,Left,205,183,198,18,nan,nan,0.18
11/11/2025 21:05:59,1.17.2,Bandit80,20,4.02,nan,20,80,20,Left,Left,206,183,198,18,nan,nan,0.02
11/11/2025 21:06:01,1.17.2,Bandit80,20,4.02,1,20,80,20,Pellet,Left,206,183,199,18,0.83,555,nan
11/11/2025 21:06:09,1.17.2,Bandit80,20,4.02,nan,20,80,20,Right,Left,206,184,199,19,nan,nan,0.06
11/11/2025 21:06:10,1.17.2,Bandit80,20,4.02,nan,20,80,20,RightinTimeout,Left,206,184,199,19,nan,nan,0.00
11/11/2025 21:06:14,1.17.2,Bandit80,20,4.02,nan,20,80,20,LeftinTimeOut,Left,206,184,199,19,nan,nan,nan
11/11/2025 21:15:32,1.17.2,Bandit80,20,4.02,nan,20,80,20,Left,Left,207,184,199,19,nan,nan,0.05
11/11/2025 21:15:35,1.17.2,Bandit80,20,4.02,1,20,80,20,Pellet,Left,207,184,200,19,1.43,574,nan
11/11/2025 21:15:50,1.17.2,Bandit80,20,4.02,nan,20,20,80,Right,Right,207,185,200,0,nan,nan,0.16
11/11/2025 21:15:52,1.17.2,Bandit80,20,4.03,1,20,20,80,Pellet,Right,207,185,201,0,0.77,17,nan
11/11/2025 21:16:02,1.17.2,Bandit80,20,4.02,nan,20,20,80,Left,Right,208,185,201,1,nan,nan,0.08
11/11/2025 21:19:31,1.17.2,Bandit80,20,4.02,nan,20,20,80,Left,Right,209,185,201,1,nan,nan,0.08
11/11/2025 21:19:33,1.17.2,Bandit80,20,4.02,nan,20,20,80,LeftinTimeOut,Right,209,185,201,1,nan,nan,nan
11/11/2025 21:19:35,1.17.2,Bandit80,20,4.02,nan,20,20,80,LeftinTimeOut,Right,209,185,201,1,nan,nan,nan
11/11/2025 21:21:13,1.17.2,Bandit80,20,4.02,nan,20,20,80,Left,Right,210,185,201,1,nan,nan,0.04
11/11/2025 21:21:15,1.17.2,Bandit80,20,4.03,1,20,20,80,Pellet,Right,210,185,202,1,1.55,323,nan
11/11/2025 21:21:32,1.17.2,Bandit80,20,4.02,nan,20,20,80,Left,Right,211,185,202,2,nan,nan,0.01
11/11/2025 21:22:16,1.17.2,Bandit80,20,4.02,nan,20,20,80,Right,Right,211,186,202,2,nan,nan,0.08
11/11/2025 21:24:19,1.17.2,Bandit80,20,4.02,nan,20,20,80,Right,Right,211,187,202,2,nan,nan,0.21
11/11/2025 21:24:23,1.17.2,Bandit80,20,4.02,2,20,20,80,Pellet,Right,211,187,203,2,0.41,187,nan
11/11/2025 21:24:39,1.17.2,Bandit80,20,4.02,nan,20,20,80,Right,Right,211,188,203,3,nan,nan,0.18
11/11/2025 21:24:40,1.17.2,Bandit80,20,4.02,1,20,20,80,Pellet,Right,211,188,204,3,0.23,18,nan
11/11/2025 21:35:34,1.17.2,Bandit80,20,4.02,nan,20,20,80,Left,Right,212,188,204,4,nan,nan,0.06
11/11/2025 21:39:36,1.17.2,Bandit80,20,4.02,nan,20,20,80,Right,Right,212,189,204,4,nan,nan,0.26
11/11/2025 21:39:37,1.17.2,Bandit80,20,4.02,2,20,20,80,Pellet,Right,212,189,205,4,0.06,897,nan
11/11/2025 21:39:47,1.17.2,Bandit80,20,4.02,nan,20,20,80,Right,Right,212,190,205,5,nan,nan,0.08
11/11/2025 21:39:49,1.17.2,Bandit80,20,4.02,nan,20,20,80,RightinTimeout,Right,212,190,205,5,nan,nan,0.00
11/11/2025 21:39:53,1.17.2,Bandit80,20,4.02,nan,20,20,80,RightinTimeout,Right,212,190,205,5,nan,nan,0.00
11/11/2025 21:41:54,1.17.2,Bandit80,20,4.02,nan,20,20,80,Right,Right,212,191,205,5,nan,nan,0.00
11/11/2025 21:41:59,1.17.2,Bandit80,20,4.02,1,20,20,80,Pellet,Right,212,191,206,5,4.85,142,nan
11/11/2025 21:42:06,1.17.2,Bandit80,20,4.02,nan,20,20,80,Right,Right,212,192,206,6,nan,nan,0.04
11/11/2025 21:42:08,1.17.2,Bandit80,20,4.02,1,20,20,80,Pellet,Right,212,192,207,6,0.83,9,nan
11/11/2025 21:42:17,1.17.2,Bandit80,20,4.02,nan,20,20,80,Right,Right,212,193,207,7,nan,nan,0.04
11/11/2025 21:42:18,1.17.2,Bandit80,20,4.02,2,20,20,80,Pellet,Right,212,193,208,7,0.12,10,nan
11/11/2025 21:42:44,1.17.2,Bandit80,20,4.02,nan,20,20,80,Right,Right,212,194,208,8,nan,nan,0.03
11/11/2025 21:42:45,1.17.2,Bandit80,20,4.02,1,20,20,80,Pellet,Right,212,194,209,8,0.23,27,nan
11/11/2025 21:42:55,1.17.2,Bandit80,20,4.02,nan,20,20,80,Right,Right,212,195,209,9,nan,nan,0.03
11/11/2025 21:44:22,1.17.2,Bandit80,20,4.02,nan,20,20,80,Left,Right,213,195,209,9,nan,nan,0.14
11/11/2025 21:44:36,1.17.2,Bandit80,20,4.02,nan,20,20,80,Right,Right,213,196,209,9,nan,nan,0.03
11/11/2025 21:45:25,1.17.2,Bandit80,20,4.02,nan,20,20,80,Right,Right,213,197,209,9,nan,nan,0.02
11/11/2025 21:45:29,1.17.2,Bandit80,20,4.02,2,20,20,80,Pellet,Right,213,197,210,9,0.59,164,nan
11/11/2025 21:45:40,1.17.2,Bandit80,20,4.02,nan,20,20,80,Right,Right,213,198,210,10,nan,nan,0.11
11/11/2025 21:45:41,1.17.2,Bandit80,20,4.02,2,20,20,80,Pellet,Right,213,198,211,10,0.06,12,nan
11/11/2025 21:45:49,1.17.2,Bandit80,20,4.02,nan,20,20,80,Right,Right,213,199,211,11,nan,nan,0.08
11/11/2025 21:45:50,1.17.2,Bandit80,20,4.02,1,20,20,80,Pellet,Right,213,199,212,11,0.35,9,nan
11/11/2025 21:46:11,1.17.2,Bandit80,20,4.03,nan,20,20,80,Right,Right,213,200,212,12,nan,nan,0.02
11/11/2025 21:46:12,1.17.2,Bandit80,20,4.02,2,20,20,80,Pellet,Right,213,200,213,12,0.11,22,nan
11/11/2025 21:48:29,1.17.2,Bandit80,20,4.02,nan,20,20,80,Left,Right,214,200,213,13,nan,nan,0.07
11/11/2025 21:48:31,1.17.2,Bandit80,20,4.02,1,20,20,80,Pellet,Right,214,200,214,13,1.31,139,nan
11/11/2025 21:49:18,1.17.2,Bandit80,20,4.03,nan,20,20,80,Left,Right,215,200,214,14,nan,nan,0.07
11/11/2025 21:49:20,1.17.2,Bandit80,20,4.02,1,20,20,80,Pellet,Right,215,200,215,14,0.53,48,nan
11/11/2025 21:51:11,1.17.2,Bandit80,20,4.02,nan,20,20,80,Right,Right,215,201,215,15,nan,nan,0.05
11/11/2025 21:51:14,1.17.2,Bandit80,20,4.02,1,20,20,80,Pellet,Right,215,201,216,15,1.67,114,nan
11/11/2025 21:52:21,1.17.2,Bandit80,20,4.02,nan,20,20,80,Left,Right,216,201,216,16,nan,nan,0.08
11/11/2025 22:11:49,1.17.2,Bandit80,20,4.02,nan,20,20,80,Left,Right,217,201,216,16,nan,nan,0.06
11/11/2025 22:11:54,1.17.2,Bandit80,20,4.02,2,20,20,80,Pellet,Right,217,201,217,16,1.01,1240,nan
11/11/2025 22:12:07,1.17.2,Bandit80,20,4.02,nan,20,20,80,Left,Right,218,201,217,17,nan,nan,0.13
11/11/2025 22:12:12,1.17.2,Bandit80,20,4.02,nan,20,20,80,LeftinTimeOut,Right,218,201,217,17,nan,nan,nan
11/11/2025 22:12:21,1.17.2,Bandit80,20,4.02,nan,20,20,80,LeftinTimeOut,Right,218,201,217,17,nan,nan,nan
11/11/2025 22:13:29,1.17.2,Bandit80,20,4.02,nan,20,20,80,Right,Right,218,202,217,17,nan,nan,0.02
11/11/2025 22:19:05,1.17.2,Bandit80,20,4.02,nan,20,20,80,Right,Right,218,203,217,17,nan,nan,0.33
11/11/2025 22:23:30,1.17.2,Bandit80,20,4.02,nan,20,20,80,Right,Right,218,204,217,17,nan,nan,0.11
11/11/2025 22:23:32,1.17.2,Bandit80,20,4.02,nan,20,20,80,LeftinTimeOut,Right,218,204,217,17,nan,nan,nan
11/11/2025 22:24:32,1.17.2,Bandit80,20,4.02,nan,20,20,80,Right,Right,218,205,217,17,nan,nan,0.28
11/11/2025 22:24:34,1.17.2,Bandit80,20,4.02,1,20,20,80,Pellet,Right,218,205,218,17,1.13,761,nan
11/11/2025 22:24:44,1.17.2,Bandit80,20,4.02,nan,20,20,80,Right,Right,218,206,218,18,nan,nan,0.08
11/11/2025 22:24:45,1.17.2,Bandit80,20,4.02,2,20,20,80,Pellet,Right,218,206,219,18,0.12,11,nan
11/11/2025 22:40:16,1.17.2,Bandit80,20,4.02,nan,20,20,80,Right,Right,218,207,219,19,nan,nan,0.12
11/11/2025 22:40:17,1.17.2,Bandit80,20,4.02,1,20,20,80,Pellet,Right,218,207,220,19,0.35,932,nan
11/11/2025 22:40:30,1.17.2,Bandit80,20,4.02,nan,20,80,20,Right,Left,218,208,220,0,nan,nan,0.05
11/11/2025 22:42:08,1.17.2,Bandit80,20,4.02,nan,20,80,20,Right,Left,218,209,220,0,nan,nan,0.05
11/11/2025 22:43:14,1.17.2,Bandit80,20,4.02,nan,20,80,20,Right,Left,218,210,220,0,nan,nan,0.08
11/11/2025 22:54:03,1.17.2,Bandit80,20,4.02,nan,20,80,20,Right,Left,218,211,220,0,nan,nan,0.01
11/11/2025 22:54:05,1.17.2,Bandit80,20,4.02,1,20,80,20,Pellet,Left,218,211,221,0,0.35,828,nan
11/11/2025 22:54:16,1.17.2,Bandit80,20,4.02,nan,20,80,20,Right,Left,218,212,221,1,nan,nan,0.14
11/11/2025 23:07:32,1.17.2,Bandit80,20,4.02,nan,20,80,20,Right,Left,218,213,221,1,nan,nan,0.05
11/11/2025 23:14:37,1.17.2,Bandit80,20,4.02,nan,20,80,20,Right,Left,218,214,221,1,nan,nan,0.06
11/11/2025 23:15:24,1.17.2,Bandit80,20,4.02,nan,20,80,20,Right,Left,218,215,221,1,nan,nan,0.12
11/11/2025 23:16:46,1.17.2,Bandit80,20,4.02,nan,20,80,20,Right,Left,218,216,221,1,nan,nan,0.11
11/11/2025 23:18:43,1.17.2,Bandit80,20,4.02,nan,20,80,20,Left,Left,219,216,221,1,nan,nan,0.47
11/11/2025 23:18:45,1.17.2,Bandit80,20,4.02,nan,20,80,20,LeftinTimeOut,Left,219,216,221,1,nan,nan,nan
11/11/2025 23:18:50,1.17.2,Bandit80,20,4.02,nan,20,80,20,LeftinTimeOut,Left,219,216,221,1,nan,nan,nan
11/11/2025 23:23:33,1.17.2,Bandit80,20,4.02,nan,20,80,20,Left,Left,220,216,221,1,nan,nan,0.02
11/11/2025 23:23:34,1.17.2,Bandit80,20,4.02,1,20,80,20,Pellet,Left,220,216,222,1,0.71,1769,nan
11/11/2025 23:23:45,1.17.2,Bandit80,20,4.02,nan,20,80,20,Left,Left,221,216,222,2,nan,nan,0.04
11/11/2025 23:23:48,1.17.2,Bandit80,20,4.01,2,20,80,20,Pellet,Left,221,216,223,2,0.29,14,nan
11/11/2025 23:24:12,1.17.2,Bandit80,20,4.02,nan,20,80,20,Left,Left,222,216,223,3,nan,nan,0.08
11/11/2025 23:24:15,1.17.2,Bandit80,20,4.02,2,20,80,20,Pellet,Left,222,216,224,3,0.47,27,nan
11/11/2025 23:24:25,1.17.2,Bandit80,20,4.02,nan,20,80,20,Right,Left,222,217,224,4,nan,nan,0.03
11/11/2025 23:27:37,1.17.2,Bandit80,20,4.02,nan,20,80,20,Right,Left,222,218,224,4,nan,nan,0.07
11/11/2025 23:27:39,1.17.2,Bandit80,20,4.02,1,20,80,20,Pellet,Left,222,218,225,4,0.23,203,nan
11/11/2025 23:35:05,1.17.2,Bandit80,20,4.02,nan,20,80,20,Left,Left,223,218,225,5,nan,nan,0.15
11/11/2025 23:35:07,1.17.2,Bandit80,20,4.01,1,20,80,20,Pellet,Left,223,218,226,5,1.49,449,nan
11/11/2025 23:35:18,1.17.2,Bandit80,20,4.02,nan,20,80,20,Left,Left,224,218,226,6,nan,nan,0.05
11/11/2025 23:35:20,1.17.2,Bandit80,20,4.02,1,20,80,20,Pellet,Left,224,218,227,6,0.59,12,nan
11/11/2025 23:36:23,1.17.2,Bandit80,20,4.02,nan,20,80,20,Right,Left,224,219,227,7,nan,nan,0.04
11/11/2025 23:41:54,1.17.2,Bandit80,20,4.02,nan,20,80,20,Right,Left,224,220,227,7,nan,nan,0.20
11/11/2025 23:43:50,1.17.2,Bandit80,20,4.02,nan,20,80,20,Right,Left,224,221,227,7,nan,nan,0.15
11/11/2025 23:44:21,1.17.2,Bandit80,20,4.02,nan,20,80,20,Left,Left,225,221,227,7,nan,nan,0.11
11/11/2025 23:44:22,1.17.2,Bandit80,20,4.02,1,20,80,20,Pellet,Left,225,221,228,7,0.17,543,nan
11/11/2025 23:44:35,1.17.2,Bandit80,20,4.02,nan,20,80,20,Left,Left,226,221,228,8,nan,nan,0.08
11/11/2025 23:44:37,1.17.2,Bandit80,20,4.01,1,20,80,20,Pellet,Left,226,221,229,8,0.77,14,nan
11/11/2025 23:44:46,1.17.2,Bandit80,20,4.01,nan,20,80,20,Left,Left,227,221,229,9,nan,nan,0.08
11/11/2025 23:44:48,1.17.2,Bandit80,20,4.02,1,20,80,20,Pellet,Left,227,221,230,9,0.83,12,nan
11/11/2025 23:44:57,1.17.2,Bandit80,20,4.02,nan,20,80,20,Left,Left,228,221,230,10,nan,nan,0.02
11/11/2025 23:45:02,1.17.2,Bandit80,20,4.02,nan,20,80,20,LeftinTimeOut,Left,228,221,230,10,nan,nan,nan
11/11/2025 23:45:04,1.17.2,Bandit80,20,4.02,nan,20,80,20,LeftinTimeOut,Left,228,221,230,10,nan,nan,nan
11/11/2025 23:48:45,1.17.2,Bandit80,20,4.02,nan,20,80,20,Left,Left,229,221,230,10,nan,nan,0.08
11/11/2025 23:48:48,1.17.2,Bandit80,20,4.02,2,20,80,20,Pellet,Left,229,221,231,10,0.11,240,nan
11/11/2025 23:49:00,1.17.2,Bandit80,20,4.02,nan,20,80,20,Left,Left,230,221,231,11,nan,nan,0.04
11/11/2025 23:49:01,1.17.2,Bandit80,20,4.02,1,20,80,20,Pellet,Left,230,221,232,11,0.47,13,nan
11/11/2025 23:49:12,1.17.2,Bandit80,20,4.01,nan,20,80,20,Left,Left,231,221,232,12,nan,nan,0.01
11/11/2025 23:49:13,1.17.2,Bandit80,20,4.02,1,20,80,20,Pellet,Left,231,221,233,12,0.41,12,nan
11/11/2025 23:52:28,1.17.2,Bandit80,20,4.01,nan,20,80,20,Left,Left,232,221,233,13,nan,nan,0.14
11/12/2025 0:03:35,1.17.2,Bandit80,20,4.02,nan,20,80,20,Left,Left,233,221,233,13,nan,nan,0.07
11/12/2025 0:04:51,1.17.2,Bandit80,20,4.02,nan,20,80,20,Left,Left,234,221,233,13,nan,nan,0.20
11/12/2025 0:04:52,1.17.2,Bandit80,20,4.02,nan,20,80,20,LeftinTimeOut,Left,234,221,233,13,nan,nan,nan
11/12/2025 0:14:20,1.17.2,Bandit80,20,4.01,nan,20,80,20,Left,Left,235,221,233,13,nan,nan,0.06
11/12/2025 0:14:24,1.17.2,Bandit80,20,4.01,2,20,80,20,Pellet,Left,235,221,234,13,0.35,1510,nan
11/12/2025 0:14:30,1.17.2,Bandit80,20,4.01,nan,20,80,20,Left,Left,236,221,234,14,nan,nan,0.14
11/12/2025 0:14:31,1.17.2,Bandit80,20,4.02,1,20,80,20,Pellet,Left,236,221,235,14,0.29,8,nan
11/12/2025 0:14:36,1.17.2,Bandit80,20,4.02,nan,20,80,20,Left,Left,237,221,235,15,nan,nan,0.06
11/12/2025 0:14:38,1.17.2,Bandit80,20,4.02,2,20,80,20,Pellet,Left,237,221,236,15,0.06,7,nan
11/12/2025 0:14:49,1.17.2,Bandit80,20,4.02,nan,20,80,20,Left,Left,238,221,236,16,nan,nan,0.06
11/12/2025 0:14:50,1.17.2,Bandit80,20,4.02,1,20,80,20,Pellet,Left,238,221,237,16,0.06,12,nan
11/12/2025 0:14:57,1.17.2,Bandit80,20,4.02,nan,20,80,20,Left,Left,239,221,237,17,nan,nan,0.23
11/12/2025 0:14:58,1.17.2,Bandit80,20,4.02,1,20,80,20,Pellet,Left,239,221,238,17,0.17,8,nan
11/12/2025 0:15:09,1.17.2,Bandit80,20,4.02,nan,20,80,20,Left,Left,240,221,238,18,nan,nan,0.06
11/12/2025 0:15:11,1.17.2,Bandit80,20,4.02,1,20,80,20,Pellet,Left,240,221,239,18,0.29,12,nan
11/12/2025 1:12:55,1.17.2,Bandit80,20,4.02,nan,20,80,20,Left,Left,241,221,239,19,nan,nan,0.12
11/12/2025 1:12:57,1.17.2,Bandit80,20,4.02,1,20,80,20,Pellet,Left,241,221,240,19,0.35,3466,nan
11/12/2025 1:13:08,1.17.2,Bandit80,20,4.02,nan,20,20,80,Left,Right,242,221,240,0,nan,nan,0.05
11/12/2025 1:14:16,1.17.2,Bandit80,20,4.02,nan,20,20,80,Right,Right,242,222,240,0,nan,nan,0.43
11/12/2025 1:14:17,1.17.2,Bandit80,20,4.02,2,20,20,80,Pellet,Right,242,222,241,0,0.29,81,nan
11/12/2025 1:14:25,1.17.2,Bandit80,20,4.02,nan,20,20,80,Right,Right,242,223,241,1,nan,nan,0.11
11/12/2025 1:14:27,1.17.2,Bandit80,20,4.01,1,20,20,80,Pellet,Right,242,223,242,1,0.65,9,nan
11/12/2025 1:14:42,1.17.2,Bandit80,20,4.01,nan,20,20,80,Right,Right,242,224,242,2,nan,nan,0.13
11/12/2025 1:14:43,1.17.2,Bandit80,20,4.02,1,20,20,80,Pellet,Right,242,224,243,2,0.06,16,nan
11/12/2025 1:14:56,1.17.2,Bandit80,20,4.02,nan,20,20,80,Right,Right,242,225,243,3,nan,nan,0.09
11/12/2025 1:14:58,1.17.2,Bandit80,20,4.02,nan,20,20,80,LeftinTimeOut,Right,242,225,243,3,nan,nan,nan
11/12/2025 1:15:33,1.17.2,Bandit80,20,4.02,nan,20,20,80,Left,Right,243,225,243,3,nan,nan,0.07
11/12/2025 1:17:33,1.17.2,Bandit80,20,4.01,nan,20,20,80,Left,Right,244,225,243,3,nan,nan,0.12
11/12/2025 1:17:35,1.17.2,Bandit80,20,4.01,2,20,20,80,Pellet,Right,244,225,244,3,0.35,172,nan
11/12/2025 1:18:07,1.17.2,Bandit80,20,4.02,nan,20,20,80,Right,Right,244,226,244,4,nan,nan,0.29
11/12/2025 1:18:11,1.17.2,Bandit80,20,4.02,3,20,20,80,Pellet,Right,244,226,245,4,0.71,37,nan
11/12/2025 1:18:28,1.17.2,Bandit80,20,4.01,nan,20,20,80,Right,Right,244,227,245,5,nan,nan,0.15
11/12/2025 1:18:29,1.17.2,Bandit80,20,4.01,2,20,20,80,Pellet,Right,244,227,246,5,0.35,18,nan
11/12/2025 1:19:09,1.17.2,Bandit80,20,4.01,nan,20,20,80,Right,Right,244,228,246,6,nan,nan,0.06
11/12/2025 1:19:11,1.17.2,Bandit80,20,4.02,1,20,20,80,Pellet,Right,244,228,247,6,0.17,41,nan
11/12/2025 1:19:18,1.17.2,Bandit80,20,4.01,nan,20,20,80,Right,Right,244,229,247,7,nan,nan,0.06
11/12/2025 1:19:20,1.17.2,Bandit80,20,4.01,1,20,20,80,Pellet,Right,244,229,248,7,0.23,9,nan
11/12/2025 1:20:10,1.17.2,Bandit80,20,4.02,nan,20,20,80,Right,Right,244,230,248,8,nan,nan,0.02
11/12/2025 1:20:13,1.17.2,Bandit80,20,4.01,2,20,20,80,Pellet,Right,244,230,249,8,0.17,54,nan
11/12/2025 1:20:20,1.17.2,Bandit80,20,4.02,nan,20,20,80,Right,Right,244,231,249,9,nan,nan,0.13
11/12/2025 1:20:21,1.17.2,Bandit80,20,4.01,1,20,20,80,Pellet,Right,244,231,250,9,0.11,8,nan
11/12/2025 1:23:43,1.17.2,Bandit80,20,4.02,nan,20,20,80,Right,Right,244,232,250,10,nan,nan,0.16
11/12/2025 1:23:44,1.17.2,Bandit80,20,4.01,1,20,20,80,Pellet,Right,244,232,251,10,0.29,203,nan
11/12/2025 1:24:07,1.17.2,Bandit80,20,4.01,nan,20,20,80,Right,Right,244,233,251,11,nan,nan,0.03
11/12/2025 1:24:09,1.17.2,Bandit80,20,4.02,2,20,20,80,Pellet,Right,244,233,252,11,0.06,24,nan
11/12/2025 1:24:20,1.17.2,Bandit80,20,4.01,nan,20,20,80,Right,Right,244,234,252,12,nan,nan,0.07
11/12/2025 1:24:22,1.17.2,Bandit80,20,4.01,1,20,20,80,Pellet,Right,244,234,253,12,0.35,13,nan
11/12/2025 1:27:40,1.17.2,Bandit80,20,4.02,nan,20,20,80,Right,Right,244,235,253,13,nan,nan,0.30
11/12/2025 1:27:42,1.17.2,Bandit80,20,4.01,1,20,20,80,Pellet,Right,244,235,254,13,1.13,201,nan
11/12/2025 1:29:00,1.17.2,Bandit80,20,4.01,nan,20,20,80,Right,Right,244,236,254,14,nan,nan,0.09
11/12/2025 1:29:02,1.17.2,Bandit80,20,4.01,1,20,20,80,Pellet,Right,244,236,255,14,0.41,79,nan
11/12/2025 2:17:34,1.17.2,Bandit80,20,4.01,nan,20,20,80,Right,Right,244,237,255,15,nan,nan,0.12
11/12/2025 2:17:37,1.17.2,Bandit80,20,4.02,2,20,20,80,Pellet,Right,244,237,256,15,0.06,2916,nan
11/12/2025 2:58:26,1.17.2,Bandit80,20,4.01,nan,20,20,80,Right,Right,244,238,256,16,nan,nan,0.44
11/12/2025 2:58:30,1.17.2,Bandit80,20,4.01,nan,20,20,80,RightinTimeout,Right,244,238,256,16,nan,nan,0.00
11/12/2025 3:00:01,1.17.2,Bandit80,20,4.01,nan,20,20,80,Right,Right,244,239,256,16,nan,nan,0.08
11/12/2025 3:00:03,1.17.2,Bandit80,20,4.00,1,20,20,80,Pellet,Right,244,239,257,16,0.53,2545,nan
11/12/2025 3:00:15,1.17.2,Bandit80,20,4.01,nan,20,20,80,Left,Right,245,239,257,17,nan,nan,0.00
11/12/2025 3:00:19,1.17.2,Bandit80,20,4.01,3,20,20,80,Pellet,Right,245,239,258,17,0.17,17,nan
11/12/2025 3:01:35,1.17.2,Bandit80,20,4.01,nan,20,20,80,Right,Right,245,240,258,18,nan,nan,0.17
11/12/2025 3:01:36,1.17.2,Bandit80,20,4.01,1,20,20,80,Pellet,Right,245,240,259,18,0.65,77,nan
11/12/2025 3:01:47,1.17.2,Bandit80,20,4.01,nan,20,20,80,Right,Right,245,241,259,19,nan,nan,0.01
11/12/2025 3:01:49,1.17.2,Bandit80,20,4.00,2,20,20,80,Pellet,Right,245,241,260,19,0.23,12,nan
11/12/2025 3:01:58,1.17.2,Bandit80,20,4.01,nan,20,80,20,Right,Left,245,242,260,0,nan,nan,0.07
11/12/2025 3:02:00,1.17.2,Bandit80,20,4.01,1,20,80,20,Pellet,Left,245,242,261,0,0.53,12,nan
11/12/2025 3:02:23,1.17.2,Bandit80,20,4.01,nan,20,80,20,Right,Left,245,243,261,1,nan,nan,0.13
11/12/2025 3:02:24,1.17.2,Bandit80,20,4.01,1,20,80,20,Pellet,Left,245,243,262,1,0.23,24,nan
11/12/2025 3:02:38,1.17.2,Bandit80,20,4.00,nan,20,80,20,Right,Left,245,244,262,2,nan,nan,0.04
11/12/2025 3:02:41,1.17.2,Bandit80,20,4.01,2,20,80,20,Pellet,Left,245,244,263,2,0.12,17,nan
11/12/2025 3:03:24,1.17.2,Bandit80,20,4.00,nan,20,80,20,Right,Left,245,245,263,3,nan,nan,0.07
11/12/2025 3:06:10,1.17.2,Bandit80,20,4.01,nan,20,80,20,Right,Left,245,246,263,3,nan,nan,0.45
11/12/2025 3:06:12,1.17.2,Bandit80,20,4.02,nan,20,80,20,LeftinTimeOut,Left,245,246,263,3,nan,nan,nan
11/12/2025 3:53:53,1.17.2,Bandit80,20,4.00,nan,20,80,20,Left,Left,246,246,263,3,nan,nan,0.50
11/12/2025 3:53:55,1.17.2,Bandit80,20,4.00,1,20,80,20,Pellet,Left,246,246,264,3,0.89,3074,nan
11/12/2025 3:54:04,1.17.2,Bandit80,20,4.00,nan,20,80,20,Left,Left,247,246,264,4,nan,nan,0.03
11/12/2025 3:54:06,1.17.2,Bandit80,20,4.00,1,20,80,20,Pellet,Left,247,246,265,4,0.71,11,nan
11/12/2025 3:54:25,1.17.2,Bandit80,20,4.00,nan,20,80,20,Right,Left,247,247,265,5,nan,nan,0.18
11/12/2025 3:55:32,1.17.2,Bandit80,20,4.00,nan,20,80,20,Right,Left,247,248,265,5,nan,nan,0.20
11/12/2025 3:55:33,1.17.2,Bandit80,20,4.01,1,20,80,20,Pellet,Left,247,248,266,5,0.47,87,nan
11/12/2025 3:56:48,1.17.2,Bandit80,20,4.00,nan,20,80,20,Right,Left,247,249,266,6,nan,nan,0.22
11/12/2025 3:56:49,1.17.2,Bandit80,20,4.00,1,20,80,20,Pellet,Left,247,249,267,6,0.29,76,nan
11/12/2025 4:23:42,1.17.2,Bandit80,20,4.01,nan,20,80,20,Right,Left,247,250,267,7,nan,nan,0.19
11/12/2025 4:42:23,1.17.2,Bandit80,20,4.00,nan,20,80,20,Right,Left,247,251,267,7,nan,nan,0.12
11/12/2025 4:42:24,1.17.2,Bandit80,20,4.01,1,20,80,20,Pellet,Left,247,251,268,7,0.35,2735,nan
11/12/2025 4:42:40,1.17.2,Bandit80,20,4.00,nan,20,80,20,Right,Left,247,252,268,8,nan,nan,0.14
11/12/2025 5:00:05,1.17.2,Bandit80,20,4.00,nan,20,80,20,Right,Left,247,253,268,8,nan,nan,0.00
11/12/2025 5:00:29,1.17.2,Bandit80,20,4.00,nan,20,80,20,Right,Left,247,254,268,8,nan,nan,0.33
11/12/2025 5:00:31,1.17.2,Bandit80,20,4.00,nan,20,80,20,RightinTimeout,Left,247,254,268,8,nan,nan,0.00
11/12/2025 5:00:32,1.17.2,Bandit80,20,4.00,nan,20,80,20,RightinTimeout,Left,247,254,268,8,nan,nan,0.00
11/12/2025 5:02:22,1.17.2,Bandit80,20,4.00,nan,20,80,20,Left,Left,248,254,268,8,nan,nan,0.14
11/12/2025 5:02:54,1.17.2,Bandit80,20,4.00,nan,20,80,20,Right,Left,248,255,268,8,nan,nan,0.13
11/12/2025 5:02:56,1.17.2,Bandit80,20,4.00,nan,20,80,20,LeftinTimeOut,Left,248,255,268,8,nan,nan,nan
11/12/2025 5:06:31,1.17.2,Bandit80,20,4.00,nan,20,80,20,Right,Left,248,256,268,8,nan,nan,0.09
11/12/2025 5:06:34,1.17.2,Bandit80,20,4.00,nan,20,80,20,RightinTimeout,Left,248,256,268,8,nan,nan,0.00
11/12/2025 5:08:58,1.17.2,Bandit80,20,4.00,nan,20,80,20,Left,Left,249,256,268,8,nan,nan,0.08
11/12/2025 5:09:04,1.17.2,Bandit80,20,4.00,3,20,80,20,Pellet,Left,249,256,269,8,0.65,1599,nan
11/12/2025 5:09:11,1.17.2,Bandit80,20,4.00,nan,20,80,20,Right,Left,249,257,269,9,nan,nan,0.02
11/12/2025 5:09:16,1.17.2,Bandit80,20,4.00,nan,20,80,20,RightinTimeout,Left,249,257,269,9,nan,nan,0.00
11/12/2025 5:09:21,1.17.2,Bandit80,20,4.00,nan,20,80,20,LeftinTimeOut,Left,249,257,269,9,nan,nan,nan
11/12/2025 5:09:22,1.17.2,Bandit80,20,4.00,nan,20,80,20,LeftinTimeOut,Left,249,257,269,9,nan,nan,nan
11/12/2025 5:09:33,1.17.2,Bandit80,20,4.01,nan,20,80,20,Right,Left,249,258,269,9,nan,nan,0.10
11/12/2025 5:09:34,1.17.2,Bandit80,20,4.00,nan,20,80,20,RightinTimeout,Left,249,258,269,9,nan,nan,0.00
11/12/2025 5:09:43,1.17.2,Bandit80,20,4.00,nan,20,80,20,RightinTimeout,Left,249,258,269,9,nan,nan,0.00
11/12/2025 5:10:03,1.17.2,Bandit80,20,4.00,nan,20,80,20,Right,Left,249,259,269,9,nan,nan,0.40
11/12/2025 5:10:05,1.17.2,Bandit80,20,4.01,1,20,80,20,Pellet,Left,249,259,270,9,0.65,61,nan
11/12/2025 5:10:10,1.17.2,Bandit80,20,4.00,nan,20,80,20,Right,Left,249,260,270,10,nan,nan,0.12
11/12/2025 5:10:13,1.17.2,Bandit80,20,4.00,nan,20,80,20,RightinTimeout,Left,249,260,270,10,nan,nan,0.00
11/12/2025 5:10:14,1.17.2,Bandit80,20,4.00,nan,20,80,20,RightinTimeout,Left,249,260,270,10,nan,nan,0.00
11/12/2025 5:10:15,1.17.2,Bandit80,20,4.01,nan,20,80,20,RightinTimeout,Left,249,260,270,10,nan,nan,0.00
11/12/2025 5:10:17,1.17.2,Bandit80,20,4.00,nan,20,80,20,RightinTimeout,Left,249,260,270,10,nan,nan,0.00
11/12/2025 5:10:18,1.17.2,Bandit80,20,4.00,nan,20,80,20,RightinTimeout,Left,249,260,270,10,nan,nan,0.00
11/12/2025 5:10:19,1.17.2,Bandit80,20,4.00,nan,20,80,20,RightinTimeout,Left,249,260,270,10,nan,nan,0.00
11/12/2025 5:10:21,1.17.2,Bandit80,20,4.00,nan,20,80,20,RightinTimeout,Left,249,260,270,10,nan,nan,0.00
11/12/2025 5:10:30,1.17.2,Bandit80,20,4.00,nan,20,80,20,RightinTimeout,Left,249,260,270,10,nan,nan,0.00
11/12/2025 5:10:45,1.17.2,Bandit80,20,4.00,nan,20,80,20,Right,Left,249,261,270,10,nan,nan,0.13
11/12/2025 5:12:06,1.17.2,Bandit80,20,4.00,nan,20,80,20,Right,Left,249,262,270,10,nan,nan,0.22
11/12/2025 5:13:49,1.17.2,Bandit80,20,4.00,nan,20,80,20,Right,Left,249,263,270,10,nan,nan,0.11
11/12/2025 5:27:15,1.17.2,Bandit80,20,4.00,nan,20,80,20,Left,Left,250,263,270,10,nan,nan,0.08
11/12/2025 5:27:16,1.17.2,Bandit80,20,4.00,1,20,80,20,Pellet,Left,250,263,271,10,0.23,1032,nan
11/12/2025 5:28:31,1.17.2,Bandit80,20,4.00,nan,20,80,20,Left,Left,251,263,271,11,nan,nan,0.02
11/12/2025 5:28:33,1.17.2,Bandit80,20,4.00,1,20,80,20,Pellet,Left,251,263,272,11,0.35,76,nan
11/12/2025 5:28:47,1.17.2,Bandit80,20,4.00,nan,20,80,20,Left,Left,252,263,272,12,nan,nan,0.14
11/12/2025 5:47:41,1.17.2,Bandit80,20,4.00,nan,20,80,20,Left,Left,253,263,272,12,nan,nan,0.09
11/12/2025 5:47:43,1.17.2,Bandit80,20,4.00,1,20,80,20,Pellet,Left,253,263,273,12,0.29,1150,nan
11/12/2025 5:48:15,1.17.2,Bandit80,20,4.00,nan,20,80,20,Right,Left,253,264,273,13,nan,nan,0.18
11/12/2025 6:01:24,1.17.2,Bandit80,20,4.00,nan,20,80,20,Left,Left,254,264,273,13,nan,nan,0.06
11/12/2025 6:01:25,1.17.2,Bandit80,20,4.00,nan,20,80,20,LeftinTimeOut,Left,254,264,273,13,nan,nan,nan
11/12/2025 6:01:42,1.17.2,Bandit80,20,4.00,nan,20,80,20,Right,Left,254,265,273,13,nan,nan,0.33
11/12/2025 6:36:10,1.17.2,Bandit80,20,4.00,nan,20,80,20,Left,Left,255,265,273,13,nan,nan,0.28
11/12/2025 6:36:12,1.17.2,Bandit80,20,4.00,1,20,80,20,Pellet,Left,255,265,274,13,0.71,2910,nan
11/12/2025 6:36:33,1.17.2,Bandit80,20,4.00,nan,20,80,20,Left,Left,256,265,274,14,nan,nan,0.14
11/12/2025 6:36:34,1.17.2,Bandit80,20,4.00,nan,20,80,20,LeftinTimeOut,Left,256,265,274,14,nan,nan,nan
11/12/2025 6:38:58,1.17.2,Bandit80,20,4.00,nan,20,80,20,Left,Left,257,265,274,14,nan,nan,0.11
11/12/2025 6:39:02,1.17.2,Bandit80,20,4.00,2,20,80,20,Pellet,Left,257,265,275,14,1.01,170,nan
11/12/2025 6:39:23,1.17.2,Bandit80,20,4.00,nan,20,80,20,Left,Left,258,265,275,15,nan,nan,0.08
11/12/2025 6:39:25,1.17.2,Bandit80,20,4.00,1,20,80,20,Pellet,Left,258,265,276,15,0.71,23,nan
11/12/2025 6:39:39,1.17.2,Bandit80,20,4.00,nan,20,80,20,Left,Left,259,265,276,16,nan,nan,0.03
11/12/2025 6:39:40,1.17.2,Bandit80,20,4.00,1,20,80,20,Pellet,Left,259,265,277,16,0.53,15,nan
11/12/2025 6:39:52,1.17.2,Bandit80,20,4.00,nan,20,80,20,Left,Left,260,265,277,17,nan,nan,0.05
11/12/2025 6:39:54,1.17.2,Bandit80,20,4.00,1,20,80,20,Pellet,Left,260,265,278,17,0.77,14,nan
11/12/2025 8:39:53,1.17.2,Bandit80,20,3.99,nan,20,80,20,Left,Left,261,265,278,18,nan,nan,0.05
11/12/2025 8:39:56,1.17.2,Bandit80,20,4.00,1,20,80,20,Pellet,Left,261,265,279,18,1.61,7202,nan
11/12/2025 8:43:38,1.17.2,Bandit80,20,4.00,nan,20,80,20,Left,Left,262,265,279,19,nan,nan,0.17
11/12/2025 8:43:40,1.17.2,Bandit80,20,4.00,1,20,80,20,Pellet,Left,262,265,280,19,0.83,223,nan
11/12/2025 9:05:18,1.17.2,Bandit80,20,4.00,nan,20,20,80,Right,Right,262,266,280,0,nan,nan,0.13
11/12/2025 9:05:22,1.17.2,Bandit80,20,4.00,1,20,20,80,Pellet,Right,262,266,281,0,2.57,1302,nan
11/12/2025 9:05:37,1.17.2,Bandit80,20,4.00,nan,20,20,80,Right,Right,262,267,281,1,nan,nan,0.23
11/12/2025 9:05:40,1.17.2,Bandit80,20,3.99,2,20,20,80,Pellet,Right,262,267,282,1,0.17,19,nan
11/12/2025 9:05:44,1.17.2,Bandit80,20,4.00,nan,20,20,80,Right,Right,262,268,282,2,nan,nan,0.07
11/12/2025 9:05:46,1.17.2,Bandit80,20,4.00,1,20,20,80,Pellet,Right,262,268,283,2,0.29,5,nan
11/12/2025 9:14:06,1.17.2,Bandit80,20,4.00,nan,20,20,80,Left,Right,263,268,283,3,nan,nan,0.06
11/12/2025 9:14:09,1.17.2,Bandit80,20,3.99,2,20,20,80,Pellet,Right,263,268,284,3,0.29,504,nan
11/12/2025 12:00:43,1.17.2,Bandit80,20,4.00,nan,20,20,80,Left,Right,264,268,284,4,nan,nan,0.04
11/12/2025 12:01:22,1.17.2,Bandit80,20,3.99,nan,20,20,80,Right,Right,264,269,284,4,nan,nan,0.06
11/12/2025 12:01:24,1.17.2,Bandit80,20,3.99,1,20,20,80,Pellet,Right,264,269,285,4,1.01,10034,nan
