MM:DD:YYYY hh:mm:ss,Library_Version,Session_type,Device_Number,Battery_Voltage,Motor_Turns,FR,Event,Active_Poke,Left_Poke_Count,Right_Poke_Count,Pellet_Count,Block_Pellet_Count,Retrieval_Time,InterPelletInterval,Poke_Time
4/22/2026 12:07:10,1.17.3,FR5,75,4.02,nan,5,Right,Left,0,1,0,0,nan,nan,0.41
4/22/2026 12:07:12,1.17.3,FR5,75,4.02,nan,5,Right,Left,0,2,0,0,nan,nan,0.29
4/22/2026 12:08:17,1.17.3,FR5,75,4.02,nan,5,Left,Left,1,2,0,0,nan,nan,0.28
4/22/2026 12:08:19,1.17.3,FR5,75,4.02,nan,5,Left,Left,2,2,0,0,nan,nan,0.33
4/22/2026 12:08:21,1.17.3,FR5,75,4.02,nan,5,Left,Left,3,2,0,0,nan,nan,0.24
4/22/2026 12:08:23,1.17.3,FR5,75,4.02,nan,5,Left,Left,4,2,0,0,nan,nan,0.24
4/22/2026 12:08:27,1.17.3,FR5,75,4.02,nan,5,Left,Left,5,2,0,0,nan,nan,0.19
4/22/2026 12:08:31,1.17.3,FR5,75,4.02,2,5,Pellet,Left,5,2,1,0,0.95,nan,nan
4/22/2026 12:08:45,1.17.3,FR5,75,4.02,nan,5,Left,Left,6,2,1,0,nan,nan,0.34
4/22/2026 12:08:50,1.17.3,FR5,75,4.02,nan,5,Left,Left,7,2,1,0,nan,nan,0.18
4/22/2026 12:08:53,1.17.3,FR5,75,4.02,nan,5,Left,Left,8,2,1,0,nan,nan,0.09
4/22/2026 12:08:54,1.17.3,FR5,75,4.02,nan,5,Left,Left,9,2,1,0,nan,nan,0.05
4/22/2026 12:08:57,1.17.3,FR5,75,4.02,nan,5,Left,Left,10,2,1,0,nan,nan,0.04
4/22/2026 12:08:58,1.17.3,FR5,75,4.02,1,5,Pellet,Left,10,2,2,0,0.41,27,nan
4/22/2026 12:09:07,1.17.3,FR5,75,4.02,nan,5,Left,Left,11,2,2,0,nan,nan,0.13
4/22/2026 12:09:07,1.17.3,FR5,75,4.02,nan,5,Left,Left,12,2,2,0,nan,nan,0.12
4/22/2026 12:09:41,1.17.3,FR5,75,4.02,nan,5,Left,Left,13,2,2,0,nan,nan,0.05
4/22/2026 12:09:42,1.17.3,FR5,75,4.02,nan,5,Left,Left,14,2,2,0,nan,nan,0.31
4/22/2026 12:09:43,1.17.3,FR5,75,4.02,nan,5,Left,Left,15,2,2,0,nan,nan,0.17
4/22/2026 12:09:44,1.17.3,FR5,75,4.02,1,5,Pellet,Left,15,2,3,0,0.41,46,nan
4/22/2026 13:24:47,1.17.3,FR5,75,4.02,nan,5,Left,Left,16,2,3,0,nan,nan,0.02
4/22/2026 13:24:49,1.17.3,FR5,75,4.02,nan,5,Left,Left,17,2,3,0,nan,nan,0.26
4/22/2026 13:24:50,1.17.3,FR5,75,4.02,nan,5,Left,Left,18,2,3,0,nan,nan,0.09
4/22/2026 13:24:52,1.17.3,FR5,75,4.02,nan,5,Left,Left,19,2,3,0,nan,nan,0.27
4/22/2026 13:24:53,1.17.3,FR5,75,4.02,nan,5,Left,Left,20,2,3,0,nan,nan,0.29
4/22/2026 13:24:55,1.17.3,FR5,75,4.02,nan,5,LeftWithPellet,Left,21,2,3,0,nan,nan,0.31
4/22/2026 13:24:56,1.17.3,FR5,75,4.02,1,5,Pellet,Left,21,2,4,0,2.44,4512,nan
4/22/2026 13:25:07,1.17.3,FR5,75,4.02,nan,5,Left,Left,22,2,4,0,nan,nan,0.02
4/22/2026 13:25:08,1.17.3,FR5,75,4.02,nan,5,Left,Left,23,2,4,0,nan,nan,0.09
4/22/2026 13:25:12,1.17.3,FR5,75,4.02,nan,5,Left,Left,24,2,4,0,nan,nan,0.13
4/22/2026 13:25:14,1.17.3,FR5,75,4.02,nan,5,Left,Left,25,2,4,0,nan,nan,0.31
4/22/2026 13:25:15,1.17.3,FR5,75,4.02,nan,5,LeftDuringDispense,Left,26,2,4,0,nan,nan,0.02
4/22/2026 13:25:15,1.17.3,FR5,75,4.02,nan,5,LeftDuringDispense,Left,27,2,4,0,nan,nan,0.22
4/22/2026 13:25:18,1.17.3,FR5,75,4.02,2,5,Pellet,Left,27,2,5,0,0.35,22,nan
4/22/2026 13:25:26,1.17.3,FR5,75,4.02,nan,5,Left,Left,28,2,5,0,nan,nan,0.02
4/22/2026 13:25:27,1.17.3,FR5,75,4.02,nan,5,Left,Left,29,2,5,0,nan,nan,0.03
4/22/2026 13:25:28,1.17.3,FR5,75,4.02,nan,5,Left,Left,30,2,5,0,nan,nan,0.82
4/22/2026 13:25:29,1.17.3,FR5,75,4.02,1,5,Pellet,Left,30,2,6,0,0.23,11,nan
4/22/2026 13:25:47,1.17.3,FR5,75,4.02,nan,5,Left,Left,31,2,6,0,nan,nan,0.13
4/22/2026 13:25:51,1.17.3,FR5,75,4.02,nan,5,Left,Left,32,2,6,0,nan,nan,0.52
4/22/2026 13:25:53,1.17.3,FR5,75,4.02,nan,5,Left,Left,33,2,6,0,nan,nan,0.48
4/22/2026 13:26:00,1.17.3,FR5,75,4.02,nan,5,Left,Left,34,2,6,0,nan,nan,2.43
4/22/2026 13:26:06,1.17.3,FR5,75,4.02,nan,5,Left,Left,35,2,6,0,nan,nan,0.02
4/22/2026 13:26:07,1.17.3,FR5,75,4.02,nan,5,LeftDuringDispense,Left,36,2,6,0,nan,nan,0.49
4/22/2026 13:26:10,1.17.3,FR5,75,4.02,2,5,Pellet,Left,36,2,7,0,0.06,41,nan
4/22/2026 13:26:24,1.17.3,FR5,75,4.02,nan,5,Left,Left,37,2,7,0,nan,nan,0.18
4/22/2026 13:26:25,1.17.3,FR5,75,4.02,nan,5,Left,Left,38,2,7,0,nan,nan,0.00
4/22/2026 13:26:29,1.17.3,FR5,75,4.02,nan,5,Left,Left,39,2,7,0,nan,nan,0.14
4/22/2026 13:26:30,1.17.3,FR5,75,4.02,nan,5,Left,Left,40,2,7,0,nan,nan,0.23
4/22/2026 13:26:32,1.17.3,FR5,75,4.02,nan,5,LeftWithPellet,Left,41,2,7,0,nan,nan,0.09
4/22/2026 13:26:33,1.17.3,FR5,75,4.02,1,5,Pellet,Left,41,2,8,0,2.76,23,nan
4/22/2026 13:26:46,1.17.3,FR5,75,4.02,nan,5,Left,Left,42,2,8,0,nan,nan,0.17
4/22/2026 13:26:48,1.17.3,FR5,75,4.02,nan,5,Left,Left,43,2,8,0,nan,nan,0.00
4/22/2026 13:26:50,1.17.3,FR5,75,4.02,nan,5,Left,Left,44,2,8,0,nan,nan,0.05
4/22/2026 13:26:53,1.17.3,FR5,75,4.02,nan,5,Left,Left,45,2,8,0,nan,nan,0.19
4/22/2026 13:26:54,1.17.3,FR5,75,4.02,nan,5,LeftDuringDispense,Left,46,2,8,0,nan,nan,0.41
4/22/2026 13:26:55,1.17.3,FR5,75,4.02,nan,5,LeftDuringDispense,Left,47,2,8,0,nan,nan,0.55
4/22/2026 13:26:58,1.17.3,FR5,75,4.02,2,5,Pellet,Left,47,2,9,0,1.07,25,nan
4/22/2026 13:27:15,1.17.3,FR5,75,4.02,nan,5,Left,Left,48,2,9,0,nan,nan,0.16
4/22/2026 13:27:22,1.17.3,FR5,75,4.02,nan,5,Left,Left,49,2,9,0,nan,nan,0.00
4/22/2026 13:27:27,1.17.3,FR5,75,4.02,nan,5,Left,Left,50,2,9,0,nan,nan,0.46
4/22/2026 13:27:28,1.17.3,FR5,75,4.02,nan,5,LeftWithPellet,Left,51,2,9,0,nan,nan,0.22
4/22/2026 13:27:29,1.17.3,FR5,75,4.02,1,5,Pellet,Left,51,2,10,0,1.26,31,nan
4/22/2026 13:27:44,1.17.3,FR5,75,4.02,nan,5,Left,Left,52,2,10,0,nan,nan,0.02
4/22/2026 13:27:45,1.17.3,FR5,75,4.02,nan,5,Left,Left,53,2,10,0,nan,nan,0.36
4/22/2026 13:27:49,1.17.3,FR5,75,4.02,nan,5,Left,Left,54,2,10,0,nan,nan,0.02
4/22/2026 13:27:51,1.17.3,FR5,75,4.02,nan,5,Left,Left,55,2,10,0,nan,nan,0.06
4/22/2026 13:27:52,1.17.3,FR5,75,4.02,nan,5,LeftWithPellet,Left,56,2,10,0,nan,nan,0.15
4/22/2026 13:27:52,1.17.3,FR5,75,4.02,nan,5,LeftWithPellet,Left,57,2,10,0,nan,nan,0.01
4/22/2026 13:27:53,1.17.3,FR5,75,4.02,1,5,Pellet,Left,57,2,11,0,1.85,24,nan
4/22/2026 15:05:19,1.17.3,FR5,75,4.02,nan,5,Left,Left,58,2,11,0,nan,nan,0.06
4/22/2026 15:05:21,1.17.3,FR5,75,4.02,nan,5,Left,Left,59,2,11,0,nan,nan,0.00
4/22/2026 16:46:02,1.17.3,FR5,75,4.02,nan,5,Left,Left,60,2,11,0,nan,nan,0.08
4/22/2026 16:46:03,1.17.3,FR5,75,4.02,1,5,Pellet,Left,60,2,12,0,0.83,11890,nan
4/22/2026 16:46:13,1.17.3,FR5,75,4.02,nan,5,Left,Left,61,2,12,0,nan,nan,0.13
4/22/2026 16:46:14,1.17.3,FR5,75,4.02,nan,5,Left,Left,62,2,12,0,nan,nan,0.00
4/22/2026 16:46:16,1.17.3,FR5,75,4.02,nan,5,Left,Left,63,2,12,0,nan,nan,0.35
4/22/2026 16:46:19,1.17.3,FR5,75,4.02,nan,5,Left,Left,64,2,12,0,nan,nan,0.20
4/22/2026 16:46:23,1.17.3,FR5,75,4.02,nan,5,Left,Left,65,2,12,0,nan,nan,0.54
4/22/2026 16:46:24,1.17.3,FR5,75,4.02,1,5,Pellet,Left,65,2,13,0,0.35,21,nan
4/22/2026 16:46:39,1.17.3,FR5,75,4.02,nan,5,Left,Left,66,2,13,0,nan,nan,0.02
4/22/2026 16:46:45,1.17.3,FR5,75,4.02,nan,5,Left,Left,67,2,13,0,nan,nan,0.00
4/22/2026 16:47:00,1.17.3,FR5,75,4.02,nan,5,Left,Left,68,2,13,0,nan,nan,0.51
4/22/2026 16:47:07,1.17.3,FR5,75,4.02,nan,5,Left,Left,69,2,13,0,nan,nan,0.01
4/22/2026 16:47:07,1.17.3,FR5,75,4.02,nan,5,Left,Left,70,2,13,0,nan,nan,0.03
4/22/2026 16:47:08,1.17.3,FR5,75,4.02,1,5,Pellet,Left,70,2,14,0,0.35,44,nan
4/22/2026 16:47:18,1.17.3,FR5,75,4.02,nan,5,Left,Left,71,2,14,0,nan,nan,0.30
4/22/2026 16:47:22,1.17.3,FR5,75,4.02,nan,5,Left,Left,72,2,14,0,nan,nan,0.33
4/22/2026 16:47:27,1.17.3,FR5,75,4.02,nan,5,Left,Left,73,2,14,0,nan,nan,0.54
4/22/2026 16:47:28,1.17.3,FR5,75,4.02,nan,5,Left,Left,74,2,14,0,nan,nan,0.00
4/22/2026 16:47:31,1.17.3,FR5,75,4.02,nan,5,Left,Left,75,2,14,0,nan,nan,0.41
4/22/2026 16:47:32,1.17.3,FR5,75,4.02,1,5,Pellet,Left,75,2,15,0,0.47,24,nan
4/22/2026 16:47:44,1.17.3,FR5,75,4.02,nan,5,Left,Left,76,2,15,0,nan,nan,0.14
4/22/2026 16:47:46,1.17.3,FR5,75,4.02,nan,5,Left,Left,77,2,15,0,nan,nan,0.02
4/22/2026 16:47:49,1.17.3,FR5,75,4.02,nan,5,Left,Left,78,2,15,0,nan,nan,0.42
4/22/2026 16:47:53,1.17.3,FR5,75,4.02,nan,5,Left,Left,79,2,15,0,nan,nan,0.14
4/22/2026 16:47:54,1.17.3,FR5,75,4.02,nan,5,Left,Left,80,2,15,0,nan,nan,0.00
4/22/2026 16:47:55,1.17.3,FR5,75,4.01,1,5,Pellet,Left,80,2,16,0,0.41,23,nan
4/22/2026 16:48:21,1.17.3,FR5,75,4.02,nan,5,Left,Left,81,2,16,0,nan,nan,0.28
4/22/2026 16:48:25,1.17.3,FR5,75,4.02,nan,5,Left,Left,82,2,16,0,nan,nan,0.01
4/22/2026 16:48:30,1.17.3,FR5,75,4.02,nan,5,Left,Left,83,2,16,0,nan,nan,0.15
4/22/2026 16:48:30,1.17.3,FR5,75,4.02,nan,5,Left,Left,84,2,16,0,nan,nan,0.13
4/22/2026 16:48:33,1.17.3,FR5,75,4.02,nan,5,Left,Left,85,2,16,0,nan,nan,0.02
4/22/2026 16:48:34,1.17.3,FR5,75,4.02,nan,5,LeftDuringDispense,Left,86,2,16,0,nan,nan,0.09
4/22/2026 16:48:37,1.17.3,FR5,75,4.02,2,5,Pellet,Left,86,2,17,0,0.71,42,nan
4/22/2026 16:48:50,1.17.3,FR5,75,4.02,nan,5,Left,Left,87,2,17,0,nan,nan,0.07
4/22/2026 16:48:51,1.17.3,FR5,75,4.02,nan,5,Left,Left,88,2,17,0,nan,nan,0.20
4/22/2026 16:48:53,1.17.3,FR5,75,4.02,nan,5,Left,Left,89,2,17,0,nan,nan,0.23
4/22/2026 16:48:55,1.17.3,FR5,75,4.02,nan,5,Left,Left,90,2,17,0,nan,nan,0.24
4/22/2026 16:48:56,1.17.3,FR5,75,4.02,1,5,Pellet,Left,90,2,18,0,0.83,19,nan
4/22/2026 16:49:26,1.17.3,FR5,75,4.02,nan,5,Left,Left,91,2,18,0,nan,nan,0.02
4/22/2026 16:49:27,1.17.3,FR5,75,4.02,nan,5,Left,Left,92,2,18,0,nan,nan,0.21
4/22/2026 16:49:29,1.17.3,FR5,75,4.02,nan,5,Left,Left,93,2,18,0,nan,nan,0.07
4/22/2026 16:49:30,1.17.3,FR5,75,4.02,nan,5,Left,Left,94,2,18,0,nan,nan,0.39
4/22/2026 16:49:31,1.17.3,FR5,75,4.02,nan,5,Left,Left,95,2,18,0,nan,nan,0.00
4/22/2026 16:49:32,1.17.3,FR5,75,4.02,1,5,Pellet,Left,95,2,19,0,0.23,36,nan
4/22/2026 16:49:43,1.17.3,FR5,75,4.02,nan,5,Left,Left,96,2,19,0,nan,nan,0.20
4/22/2026 16:49:47,1.17.3,FR5,75,4.02,nan,5,Left,Left,97,2,19,0,nan,nan,0.11
4/22/2026 16:49:48,1.17.3,FR5,75,4.02,nan,5,Left,Left,98,2,19,0,nan,nan,0.33
4/22/2026 16:49:52,1.17.3,FR5,75,4.02,nan,5,Left,Left,99,2,19,0,nan,nan,0.18
4/22/2026 16:49:53,1.17.3,FR5,75,4.02,nan,5,Left,Left,100,2,19,0,nan,nan,0.21
4/22/2026 16:49:55,1.17.3,FR5,75,4.02,1,5,Pellet,Left,100,2,20,0,0.41,23,nan
4/22/2026 16:50:02,1.17.3,FR5,75,4.02,nan,5,Left,Left,101,2,20,0,nan,nan,0.07
4/22/2026 16:50:08,1.17.3,FR5,75,4.02,nan,5,Left,Left,102,2,20,0,nan,nan,0.60
4/22/2026 16:52:09,1.17.3,FR5,75,4.02,nan,5,Right,Left,102,3,20,0,nan,nan,0.00
4/22/2026 16:52:10,1.17.3,FR5,75,4.02,nan,5,Right,Left,102,4,20,0,nan,nan,0.00
4/22/2026 16:52:34,1.17.3,FR5,75,4.02,nan,5,Right,Left,102,5,20,0,nan,nan,0.48
4/22/2026 18:26:09,1.17.3,FR5,75,4.02,nan,5,Left,Left,103,5,20,0,nan,nan,0.35
4/22/2026 18:26:11,1.17.3,FR5,75,4.02,nan,5,Left,Left,104,5,20,0,nan,nan,0.37
4/22/2026 18:26:14,1.17.3,FR5,75,4.02,nan,5,Left,Left,105,5,20,0,nan,nan,0.59
4/22/2026 18:26:16,1.17.3,FR5,75,4.02,1,5,Pellet,Left,105,5,21,0,1.07,5781,nan
4/22/2026 18:26:28,1.17.3,FR5,75,4.02,nan,5,Left,Left,106,5,21,0,nan,nan,0.31
4/22/2026 18:26:31,1.17.3,FR5,75,4.02,nan,5,Left,Left,107,5,21,0,nan,nan,0.94
4/22/2026 18:26:34,1.17.3,FR5,75,4.02,nan,5,Left,Left,108,5,21,0,nan,nan,0.49
4/22/2026 18:26:36,1.17.3,FR5,75,4.02,nan,5,Left,Left,109,5,21,0,nan,nan,0.23
4/22/2026 18:26:38,1.17.3,FR5,75,4.02,nan,5,Left,Left,110,5,21,0,nan,nan,0.46
4/22/2026 18:26:39,1.17.3,FR5,75,4.02,1,5,Pellet,Left,110,5,22,0,0.41,23,nan
4/22/2026 18:26:48,1.17.3,FR5,75,4.01,nan,5,Left,Left,111,5,22,0,nan,nan,0.35
4/22/2026 18:26:48,1.17.3,FR5,75,4.02,nan,5,Left,Left,112,5,22,0,nan,nan,0.00
4/22/2026 18:26:51,1.17.3,FR5,75,4.02,nan,5,Left,Left,113,5,22,0,nan,nan,0.27
4/22/2026 18:26:54,1.17.3,FR5,75,4.02,nan,5,Left,Left,114,5,22,0,nan,nan,0.08
4/22/2026 18:26:56,1.17.3,FR5,75,4.02,nan,5,Left,Left,115,5,22,0,nan,nan,0.50
4/22/2026 18:26:58,1.17.3,FR5,75,4.02,1,5,Pellet,Left,115,5,23,0,1.13,19,nan
4/22/2026 18:27:11,1.17.3,FR5,75,4.02,nan,5,Left,Left,116,5,23,0,nan,nan,0.33
4/22/2026 18:27:12,1.17.3,FR5,75,4.02,nan,5,Left,Left,117,5,23,0,nan,nan,0.00
4/22/2026 18:27:15,1.17.3,FR5,75,4.02,nan,5,Left,Left,118,5,23,0,nan,nan,0.59
4/22/2026 18:27:20,1.17.3,FR5,75,4.02,nan,5,Left,Left,119,5,23,0,nan,nan,0.54
4/22/2026 18:27:22,1.17.3,FR5,75,4.02,nan,5,Left,Left,120,5,23,0,nan,nan,1.28
4/22/2026 18:27:22,1.17.3,FR5,75,4.02,nan,5,LeftDuringDispense,Left,121,5,23,0,nan,nan,0.03
4/22/2026 18:27:25,1.17.3,FR5,75,4.02,2,5,Pellet,Left,121,5,24,0,0.17,27,nan
4/22/2026 18:27:33,1.17.3,FR5,75,4.02,nan,5,Left,Left,122,5,24,0,nan,nan,0.09
4/22/2026 18:27:34,1.17.3,FR5,75,4.02,nan,5,Left,Left,123,5,24,0,nan,nan,0.00
4/22/2026 18:27:37,1.17.3,FR5,75,4.02,nan,5,Left,Left,124,5,24,0,nan,nan,0.23
4/22/2026 18:27:39,1.17.3,FR5,75,4.02,nan,5,Left,Left,125,5,24,0,nan,nan,0.60
4/22/2026 18:27:40,1.17.3,FR5,75,4.02,nan,5,LeftDuringDispense,Left,126,5,24,0,nan,nan,0.26
4/22/2026 18:27:43,1.17.3,FR5,75,4.02,2,5,Pellet,Left,126,5,25,0,0.71,18,nan
4/22/2026 18:27:54,1.17.3,FR5,75,4.02,nan,5,Left,Left,127,5,25,0,nan,nan,0.95
4/22/2026 18:27:58,1.17.3,FR5,75,4.02,nan,5,Left,Left,128,5,25,0,nan,nan,0.03
4/22/2026 18:28:00,1.17.3,FR5,75,4.02,nan,5,Left,Left,129,5,25,0,nan,nan,0.33
4/22/2026 18:28:04,1.17.3,FR5,75,4.02,nan,5,Left,Left,130,5,25,0,nan,nan,0.83
4/22/2026 18:28:05,1.17.3,FR5,75,4.02,1,5,Pellet,Left,130,5,26,0,0.29,22,nan
4/22/2026 18:28:20,1.17.3,FR5,75,4.02,nan,5,Left,Left,131,5,26,0,nan,nan,0.02
4/22/2026 18:28:49,1.17.3,FR5,75,4.02,nan,5,Left,Left,132,5,26,0,nan,nan,0.39
4/22/2026 18:28:51,1.17.3,FR5,75,4.02,nan,5,Left,Left,133,5,26,0,nan,nan,0.90
4/22/2026 18:28:53,1.17.3,FR5,75,4.02,nan,5,Left,Left,134,5,26,0,nan,nan,0.42
4/22/2026 18:28:56,1.17.3,FR5,75,4.02,nan,5,Left,Left,135,5,26,0,nan,nan,0.26
4/22/2026 18:28:57,1.17.3,FR5,75,4.02,1,5,Pellet,Left,135,5,27,0,0.41,52,nan
4/22/2026 18:29:07,1.17.3,FR5,75,4.02,nan,5,Left,Left,136,5,27,0,nan,nan,0.20
4/22/2026 18:29:10,1.17.3,FR5,75,4.02,nan,5,Left,Left,137,5,27,0,nan,nan,0.25
4/22/2026 18:29:14,1.17.3,FR5,75,4.02,nan,5,Left,Left,138,5,27,0,nan,nan,0.35
4/22/2026 18:29:16,1.17.3,FR5,75,4.02,nan,5,Left,Left,139,5,27,0,nan,nan,0.08
4/22/2026 18:29:19,1.17.3,FR5,75,4.02,nan,5,Left,Left,140,5,27,0,nan,nan,0.12
4/22/2026 18:29:21,1.17.3,FR5,75,4.02,1,5,Pellet,Left,140,5,28,0,2.27,24,nan
4/22/2026 18:29:32,1.17.3,FR5,75,4.02,nan,5,Left,Left,141,5,28,0,nan,nan,0.07
4/22/2026 18:29:33,1.17.3,FR5,75,4.02,nan,5,Left,Left,142,5,28,0,nan,nan,0.06
4/22/2026 18:29:41,1.17.3,FR5,75,4.02,nan,5,Left,Left,143,5,28,0,nan,nan,0.41
4/22/2026 18:29:42,1.17.3,FR5,75,4.02,nan,5,Left,Left,144,5,28,0,nan,nan,0.00
4/22/2026 18:29:48,1.17.3,FR5,75,4.02,nan,5,Left,Left,145,5,28,0,nan,nan,0.40
4/22/2026 18:29:49,1.17.3,FR5,75,4.02,nan,5,LeftDuringDispense,Left,146,5,28,0,nan,nan,0.41
4/22/2026 18:29:52,1.17.3,FR5,75,4.02,3,5,Pellet,Left,146,5,29,0,0.17,31,nan
4/22/2026 18:30:19,1.17.3,FR5,75,4.02,nan,5,Left,Left,147,5,29,0,nan,nan,0.67
4/22/2026 18:30:23,1.17.3,FR5,75,4.02,nan,5,Left,Left,148,5,29,0,nan,nan,0.07
4/22/2026 18:30:26,1.17.3,FR5,75,4.02,nan,5,Left,Left,149,5,29,0,nan,nan,0.03
4/22/2026 19:39:32,1.17.3,FR5,75,4.02,nan,5,Left,Left,150,5,29,0,nan,nan,0.03
4/22/2026 19:39:34,1.17.3,FR5,75,4.02,1,5,Pellet,Left,150,5,30,0,1.85,4182,nan
4/22/2026 19:45:50,1.17.3,FR5,75,4.02,nan,5,Right,Left,150,6,30,0,nan,nan,0.25
4/22/2026 20:18:34,1.17.3,FR5,75,4.02,nan,5,Left,Left,151,6,30,0,nan,nan,0.21
4/22/2026 20:18:36,1.17.3,FR5,75,4.02,nan,5,Left,Left,152,6,30,0,nan,nan,0.30
4/22/2026 20:18:37,1.17.3,FR5,75,4.02,nan,5,Left,Left,153,6,30,0,nan,nan,0.00
4/22/2026 20:18:39,1.17.3,FR5,75,4.02,nan,5,Left,Left,154,6,30,0,nan,nan,0.29
4/22/2026 20:18:41,1.17.3,FR5,75,4.02,nan,5,Left,Left,155,6,30,0,nan,nan,0.31
4/22/2026 20:18:41,1.17.3,FR5,75,4.02,1,5,Pellet,Left,155,6,31,0,0.06,2347,nan
4/22/2026 20:18:49,1.17.3,FR5,75,4.02,nan,5,Left,Left,156,6,31,0,nan,nan,0.01
4/22/2026 20:18:51,1.17.3,FR5,75,4.02,nan,5,Left,Left,157,6,31,0,nan,nan,0.50
4/22/2026 20:18:52,1.17.3,FR5,75,4.02,nan,5,Left,Left,158,6,31,0,nan,nan,0.16
4/22/2026 20:18:53,1.17.3,FR5,75,4.02,nan,5,Left,Left,159,6,31,0,nan,nan,0.00
4/22/2026 20:18:56,1.17.3,FR5,75,4.02,nan,5,Left,Left,160,6,31,0,nan,nan,0.18
4/22/2026 20:18:57,1.17.3,FR5,75,4.02,nan,5,LeftDuringDispense,Left,161,6,31,0,nan,nan,0.25
4/22/2026 20:19:00,1.17.3,FR5,75,4.02,2,5,Pellet,Left,161,6,32,0,0.47,19,nan
4/22/2026 20:19:14,1.17.3,FR5,75,4.02,nan,5,Left,Left,162,6,32,0,nan,nan,0.20
4/22/2026 20:19:16,1.17.3,FR5,75,4.02,nan,5,Left,Left,163,6,32,0,nan,nan,0.59
4/22/2026 20:19:17,1.17.3,FR5,75,4.02,nan,5,Left,Left,164,6,32,0,nan,nan,0.12
4/22/2026 20:19:18,1.17.3,FR5,75,4.02,nan,5,Left,Left,165,6,32,0,nan,nan,0.00
4/22/2026 20:19:19,1.17.3,FR5,75,4.02,1,5,Pellet,Left,165,6,33,0,0.35,19,nan
4/22/2026 20:19:36,1.17.3,FR5,75,4.02,nan,5,Left,Left,166,6,33,0,nan,nan,0.06
4/22/2026 20:19:38,1.17.3,FR5,75,4.02,nan,5,Left,Left,167,6,33,0,nan,nan,0.34
4/22/2026 20:19:45,1.17.3,FR5,75,4.02,nan,5,Left,Left,168,6,33,0,nan,nan,0.42
4/22/2026 20:19:46,1.17.3,FR5,75,4.02,nan,5,Left,Left,169,6,33,0,nan,nan,0.32
4/22/2026 20:19:49,1.17.3,FR5,75,4.02,nan,5,Left,Left,170,6,33,0,nan,nan,0.35
4/22/2026 20:19:50,1.17.3,FR5,75,4.02,1,5,Pellet,Left,170,6,34,0,0.35,31,nan
4/22/2026 20:19:59,1.17.3,FR5,75,4.02,nan,5,Left,Left,171,6,34,0,nan,nan,0.50
4/22/2026 20:20:08,1.17.3,FR5,75,4.02,nan,5,Left,Left,172,6,34,0,nan,nan,0.55
4/22/2026 20:20:11,1.17.3,FR5,75,4.02,nan,5,Left,Left,173,6,34,0,nan,nan,0.17
4/22/2026 20:20:12,1.17.3,FR5,75,4.02,nan,5,Left,Left,174,6,34,0,nan,nan,0.23
4/22/2026 20:20:14,1.17.3,FR5,75,4.02,nan,5,Left,Left,175,6,34,0,nan,nan,0.31
4/22/2026 20:20:15,1.17.3,FR5,75,4.02,2,5,Pellet,Left,175,6,35,0,0.06,25,nan
4/22/2026 20:20:21,1.17.3,FR5,75,4.02,nan,5,Left,Left,176,6,35,0,nan,nan,0.09
4/22/2026 20:20:23,1.17.3,FR5,75,4.02,nan,5,Left,Left,177,6,35,0,nan,nan,0.31
4/22/2026 20:20:25,1.17.3,FR5,75,4.02,nan,5,Left,Left,178,6,35,0,nan,nan,0.10
4/22/2026 20:20:26,1.17.3,FR5,75,4.02,nan,5,Left,Left,179,6,35,0,nan,nan,0.14
4/22/2026 20:27:27,1.17.3,FR5,75,4.02,nan,5,Right,Left,179,7,35,0,nan,nan,0.95
4/22/2026 20:29:15,1.17.3,FR5,75,4.02,nan,5,Right,Left,179,8,35,0,nan,nan,0.11
4/22/2026 20:30:01,1.17.3,FR5,75,4.02,nan,5,Left,Left,180,8,35,0,nan,nan,0.14
4/22/2026 20:30:03,1.17.3,FR5,75,4.02,1,5,Pellet,Left,180,8,36,0,0.47,588,nan
4/22/2026 20:44:13,1.17.3,FR5,75,4.02,nan,5,Right,Left,180,9,36,0,nan,nan,0.25
4/22/2026 20:44:15,1.17.3,FR5,75,4.02,nan,5,Right,Left,180,10,36,0,nan,nan,0.37
4/22/2026 21:03:14,1.17.3,FR5,75,4.02,nan,5,Right,Left,180,11,36,0,nan,nan,0.15
4/22/2026 21:03:15,1.17.3,FR5,75,4.02,nan,5,Right,Left,180,12,36,0,nan,nan,0.00
4/22/2026 21:03:17,1.17.3,FR5,75,4.02,nan,5,Right,Left,180,13,36,0,nan,nan,0.21
4/22/2026 21:07:05,1.17.3,FR5,75,4.02,nan,5,Right,Left,180,14,36,0,nan,nan,0.19
4/22/2026 21:30:27,1.17.3,FR5,75,4.02,nan,5,Right,Left,180,15,36,0,nan,nan,0.09
4/22/2026 21:31:00,1.17.3,FR5,75,4.02,nan,5,Left,Left,181,15,36,0,nan,nan,0.12
4/22/2026 21:31:09,1.17.3,FR5,75,4.02,nan,5,Right,Left,181,16,36,0,nan,nan,0.75
4/22/2026 21:31:10,1.17.3,FR5,75,4.02,nan,5,Right,Left,181,17,36,0,nan,nan,0.18
4/22/2026 21:40:00,1.17.3,FR5,75,4.02,nan,5,Right,Left,181,18,36,0,nan,nan,0.01
4/22/2026 21:43:25,1.17.3,FR5,75,4.02,nan,5,Left,Left,182,18,36,0,nan,nan,0.34
4/22/2026 21:45:26,1.17.3,FR5,75,4.02,nan,5,Left,Left,183,18,36,0,nan,nan,0.15
4/22/2026 21:45:29,1.17.3,FR5,75,4.02,nan,5,Left,Left,184,18,36,0,nan,nan,0.11
4/22/2026 21:48:33,1.17.3,FR5,75,4.02,nan,5,Left,Left,185,18,36,0,nan,nan,0.02
4/22/2026 21:48:34,1.17.3,FR5,75,4.02,nan,5,LeftWithPellet,Left,186,18,36,0,nan,nan,0.03
4/22/2026 21:48:35,1.17.3,FR5,75,4.02,1,5,Pellet,Left,186,18,37,0,1.74,4712,nan
4/22/2026 21:50:08,1.17.3,FR5,75,4.02,nan,5,Right,Left,186,19,37,0,nan,nan,0.01
4/22/2026 21:50:09,1.17.3,FR5,75,4.02,nan,5,Right,Left,186,20,37,0,nan,nan,0.08
4/22/2026 21:50:10,1.17.3,FR5,75,4.02,nan,5,Right,Left,186,21,37,0,nan,nan,0.17
4/22/2026 21:50:13,1.17.3,FR5,75,4.02,nan,5,Right,Left,186,22,37,0,nan,nan,0.22
4/22/2026 21:50:15,1.17.3,FR5,75,4.02,nan,5,Right,Left,186,23,37,0,nan,nan,0.34
4/22/2026 21:52:08,1.17.3,FR5,75,4.02,nan,5,Right,Left,186,24,37,0,nan,nan,0.05
4/22/2026 21:52:09,1.17.3,FR5,75,4.02,nan,5,Right,Left,186,25,37,0,nan,nan,0.22
4/22/2026 21:52:11,1.17.3,FR5,75,4.02,nan,5,Right,Left,186,26,37,0,nan,nan,0.01
4/22/2026 21:53:13,1.17.3,FR5,75,4.02,nan,5,Left,Left,187,26,37,0,nan,nan,0.32
4/22/2026 21:54:10,1.17.3,FR5,75,4.02,nan,5,Left,Left,188,26,37,0,nan,nan,0.24
4/22/2026 21:56:04,1.17.3,FR5,75,4.02,nan,5,Left,Left,189,26,37,0,nan,nan,0.16
4/22/2026 22:17:22,1.17.3,FR5,75,4.02,nan,5,Right,Left,189,27,37,0,nan,nan,0.10
4/22/2026 22:17:24,1.17.3,FR5,75,4.02,nan,5,Left,Left,190,27,37,0,nan,nan,0.36
4/22/2026 22:17:25,1.17.3,FR5,75,4.02,nan,5,LeftDuringDispense,Left,191,27,37,0,nan,nan,0.33
4/22/2026 22:17:30,1.17.3,FR5,75,4.02,2,5,Pellet,Left,191,27,38,0,1.73,1735,nan
4/22/2026 22:17:50,1.17.3,FR5,75,4.01,nan,5,Left,Left,192,27,38,0,nan,nan,0.02
4/22/2026 22:48:42,1.17.3,FR5,75,4.02,nan,5,Right,Left,192,28,38,0,nan,nan,0.46
4/22/2026 22:49:59,1.17.3,FR5,75,4.02,nan,5,Left,Left,193,28,38,0,nan,nan,0.21
4/22/2026 22:50:00,1.17.3,FR5,75,4.02,nan,5,Left,Left,194,28,38,0,nan,nan,0.19
4/22/2026 23:28:23,1.17.3,FR5,75,4.02,nan,5,Left,Left,195,28,38,0,nan,nan,0.07
4/22/2026 23:28:25,1.17.3,FR5,75,4.02,1,5,Pellet,Left,195,28,39,0,0.83,4255,nan
4/22/2026 23:37:29,1.17.3,FR5,75,4.02,nan,5,Right,Left,195,29,39,0,nan,nan,0.13
4/22/2026 23:52:11,1.17.3,FR5,75,4.02,nan,5,Left,Left,196,29,39,0,nan,nan,0.12
4/22/2026 23:52:12,1.17.3,FR5,75,4.02,nan,5,Left,Left,197,29,39,0,nan,nan,0.13
4/22/2026 23:52:14,1.17.3,FR5,75,4.02,nan,5,Left,Left,198,29,39,0,nan,nan,0.25
4/22/2026 23:52:26,1.17.3,FR5,75,4.02,nan,5,Left,Left,199,29,39,0,nan,nan,0.23
4/22/2026 23:52:28,1.17.3,FR5,75,4.02,nan,5,Left,Left,200,29,39,0,nan,nan,0.44
4/22/2026 23:52:29,1.17.3,FR5,75,4.02,1,5,Pellet,Left,200,29,40,0,0.41,1444,nan
4/22/2026 23:52:52,1.17.3,FR5,75,4.02,nan,5,Left,Left,201,29,40,0,nan,nan,0.02
4/22/2026 23:53:03,1.17.3,FR5,75,4.02,nan,5,Left,Left,202,29,40,0,nan,nan,0.12
4/22/2026 23:53:04,1.17.3,FR5,75,4.02,nan,5,Right,Left,202,30,40,0,nan,nan,0.19
4/22/2026 23:53:05,1.17.3,FR5,75,4.02,nan,5,Right,Left,202,31,40,0,nan,nan,0.02
4/22/2026 23:53:07,1.17.3,FR5,75,4.02,nan,5,Right,Left,202,32,40,0,nan,nan,0.00
4/22/2026 23:53:08,1.17.3,FR5,75,4.01,nan,5,Right,Left,202,33,40,0,nan,nan,0.00
4/22/2026 23:53:59,1.17.3,FR5,75,4.02,nan,5,Left,Left,203,33,40,0,nan,nan,0.05
4/22/2026 23:54:52,1.17.3,FR5,75,4.02,nan,5,Right,Left,203,34,40,0,nan,nan,1.53
4/22/2026 23:55:21,1.17.3,FR5,75,4.02,nan,5,Left,Left,204,34,40,0,nan,nan,0.34
4/22/2026 23:55:22,1.17.3,FR5,75,4.02,nan,5,Left,Left,205,34,40,0,nan,nan,0.14
4/22/2026 23:55:23,1.17.3,FR5,75,4.02,1,5,Pellet,Left,205,34,41,0,0.59,174,nan
4/22/2026 23:57:08,1.17.3,FR5,75,4.02,nan,5,Right,Left,205,35,41,0,nan,nan,0.14
4/22/2026 23:57:10,1.17.3,FR5,75,4.02,nan,5,Left,Left,206,35,41,0,nan,nan,0.20
4/23/2026 0:03:13,1.17.3,FR5,75,4.02,nan,5,Right,Left,206,36,41,0,nan,nan,0.08
4/23/2026 0:03:18,1.17.3,FR5,75,4.02,nan,5,Left,Left,207,36,41,0,nan,nan,0.14
4/23/2026 0:13:17,1.17.3,FR5,75,4.02,nan,5,Left,Left,208,36,41,0,nan,nan,0.15
4/23/2026 0:13:21,1.17.3,FR5,75,4.02,nan,5,Left,Left,209,36,41,0,nan,nan,0.24
4/23/2026 0:13:22,1.17.3,FR5,75,4.02,nan,5,Left,Left,210,36,41,0,nan,nan,0.21
4/23/2026 0:13:24,1.17.3,FR5,75,4.02,1,5,Pellet,Left,210,36,42,0,0.47,1081,nan
4/23/2026 0:13:33,1.17.3,FR5,75,4.02,nan,5,Left,Left,211,36,42,0,nan,nan,0.16
4/23/2026 0:13:35,1.17.3,FR5,75,4.02,nan,5,Left,Left,212,36,42,0,nan,nan,0.48
4/23/2026 0:13:39,1.17.3,FR5,75,4.02,nan,5,Left,Left,213,36,42,0,nan,nan,0.18
4/23/2026 0:13:40,1.17.3,FR5,75,4.02,nan,5,Left,Left,214,36,42,0,nan,nan,0.43
4/23/2026 0:13:49,1.17.3,FR5,75,4.02,nan,5,Left,Left,215,36,42,0,nan,nan,0.18
4/23/2026 0:13:50,1.17.3,FR5,75,4.02,2,5,Pellet,Left,215,36,43,0,0.06,26,nan
4/23/2026 0:14:12,1.17.3,FR5,75,4.02,nan,5,Left,Left,216,36,43,0,nan,nan,0.15
4/23/2026 0:14:13,1.17.3,FR5,75,4.02,nan,5,Left,Left,217,36,43,0,nan,nan,0.00
4/23/2026 0:14:16,1.17.3,FR5,75,4.02,nan,5,Left,Left,218,36,43,0,nan,nan,0.22
4/23/2026 0:14:18,1.17.3,FR5,75,4.02,nan,5,Left,Left,219,36,43,0,nan,nan,0.35
4/23/2026 0:14:20,1.17.3,FR5,75,4.02,nan,5,Left,Left,220,36,43,0,nan,nan,0.21
4/23/2026 0:14:20,1.17.3,FR5,75,4.02,nan,5,LeftDuringDispense,Left,221,36,43,0,nan,nan,0.35
4/23/2026 0:14:24,1.17.3,FR5,75,4.02,2,5,Pellet,Left,221,36,44,0,0.17,34,nan
4/23/2026 0:15:06,1.17.3,FR5,75,4.02,nan,5,Left,Left,222,36,44,0,nan,nan,0.43
4/23/2026 0:15:23,1.17.3,FR5,75,4.02,nan,5,Left,Left,223,36,44,0,nan,nan,0.19
4/23/2026 0:15:25,1.17.3,FR5,75,4.02,nan,5,Right,Left,223,37,44,0,nan,nan,0.16
4/23/2026 0:19:02,1.17.3,FR5,75,4.02,nan,5,Left,Left,224,37,44,0,nan,nan,0.46
4/23/2026 0:19:04,1.17.3,FR5,75,4.02,nan,5,Left,Left,225,37,44,0,nan,nan,0.33
4/23/2026 0:19:05,1.17.3,FR5,75,4.02,1,5,Pellet,Left,225,37,45,0,0.35,281,nan
4/23/2026 0:19:37,1.17.3,FR5,75,4.02,nan,5,Left,Left,226,37,45,0,nan,nan,0.19
4/23/2026 0:19:38,1.17.3,FR5,75,4.02,nan,5,Left,Left,227,37,45,0,nan,nan,0.21
4/23/2026 0:19:40,1.17.3,FR5,75,4.02,nan,5,Left,Left,228,37,45,0,nan,nan,0.26
4/23/2026 0:19:43,1.17.3,FR5,75,4.02,nan,5,Left,Left,229,37,45,0,nan,nan,0.13
4/23/2026 0:19:46,1.17.3,FR5,75,4.02,nan,5,Left,Left,230,37,45,0,nan,nan,0.14
4/23/2026 0:19:47,1.17.3,FR5,75,4.02,1,5,Pellet,Left,230,37,46,0,0.29,42,nan
4/23/2026 0:20:08,1.17.3,FR5,75,4.02,nan,5,Right,Left,230,38,46,0,nan,nan,0.23
4/23/2026 0:20:09,1.17.3,FR5,75,4.02,nan,5,Right,Left,230,39,46,0,nan,nan,0.39
4/23/2026 0:20:12,1.17.3,FR5,75,4.02,nan,5,Right,Left,230,40,46,0,nan,nan,0.24
4/23/2026 0:20:16,1.17.3,FR5,75,4.02,nan,5,Left,Left,231,40,46,0,nan,nan,0.75
4/23/2026 0:58:55,1.17.3,FR5,75,4.02,nan,5,Left,Left,232,40,46,0,nan,nan,0.51
4/23/2026 1:06:14,1.17.3,FR5,75,4.02,nan,5,Left,Left,233,40,46,0,nan,nan,0.05
4/23/2026 1:07:55,1.17.3,FR5,75,4.02,nan,5,Left,Left,234,40,46,0,nan,nan,0.53
4/23/2026 1:07:56,1.17.3,FR5,75,4.02,nan,5,Left,Left,235,40,46,0,nan,nan,0.20
4/23/2026 1:07:58,1.17.3,FR5,75,4.02,1,5,Pellet,Left,235,40,47,0,0.35,2891,nan
4/23/2026 1:08:21,1.17.3,FR5,75,4.02,nan,5,Left,Left,236,40,47,0,nan,nan,0.08
4/23/2026 1:10:30,1.17.3,FR5,75,4.02,nan,5,Left,Left,237,40,47,0,nan,nan,0.06
4/23/2026 1:17:18,1.17.3,FR5,75,4.02,nan,5,Left,Left,238,40,47,0,nan,nan,0.47
4/23/2026 1:17:20,1.17.3,FR5,75,4.02,nan,5,Left,Left,239,40,47,0,nan,nan,0.31
4/23/2026 1:18:24,1.17.3,FR5,75,4.02,nan,5,Left,Left,240,40,47,0,nan,nan,0.22
4/23/2026 1:18:25,1.17.3,FR5,75,4.02,1,5,Pellet,Left,240,40,48,0,0.53,627,nan
4/23/2026 1:19:02,1.17.3,FR5,75,4.02,nan,5,Right,Left,240,41,48,0,nan,nan,0.02
4/23/2026 1:19:07,1.17.3,FR5,75,4.01,nan,5,Right,Left,240,42,48,0,nan,nan,0.12
4/23/2026 1:29:20,1.17.3,FR5,75,4.02,nan,5,Right,Left,240,43,48,0,nan,nan,0.07
4/23/2026 2:10:24,1.17.3,FR5,75,4.02,nan,5,Right,Left,240,44,48,0,nan,nan,0.07
4/23/2026 2:32:38,1.17.3,FR5,75,4.02,nan,5,Left,Left,241,44,48,0,nan,nan,0.19
4/23/2026 2:46:17,1.17.3,FR5,75,4.02,nan,5,Left,Left,242,44,48,0,nan,nan,0.05
4/23/2026 2:46:18,1.17.3,FR5,75,4.02,nan,5,Left,Left,243,44,48,0,nan,nan,0.12
4/23/2026 2:46:23,1.17.3,FR5,75,4.02,nan,5,Right,Left,243,45,48,0,nan,nan,0.04
4/23/2026 3:14:57,1.17.3,FR5,75,4.02,nan,5,Left,Left,244,45,48,0,nan,nan,0.09
4/23/2026 3:14:59,1.17.3,FR5,75,4.02,nan,5,Left,Left,245,45,48,0,nan,nan,0.12
4/23/2026 3:15:01,1.17.3,FR5,75,4.02,1,5,Pellet,Left,245,45,49,0,0.47,6996,nan
4/23/2026 3:15:30,1.17.3,FR5,75,4.02,nan,5,Left,Left,246,45,49,0,nan,nan,0.15
4/23/2026 3:15:32,1.17.3,FR5,75,4.02,nan,5,Left,Left,247,45,49,0,nan,nan,0.04
4/23/2026 3:15:34,1.17.3,FR5,75,4.02,nan,5,Left,Left,248,45,49,0,nan,nan,0.18
4/23/2026 3:15:35,1.17.3,FR5,75,4.02,nan,5,Left,Left,249,45,49,0,nan,nan,0.02
4/23/2026 3:15:38,1.17.3,FR5,75,4.02,nan,5,Left,Left,250,45,49,0,nan,nan,0.11
4/23/2026 3:15:38,1.17.3,FR5,75,4.02,1,5,Pellet,Left,250,45,50,0,0.06,37,nan
4/23/2026 3:15:45,1.17.3,FR5,75,4.02,nan,5,Left,Left,251,45,50,0,nan,nan,0.03
4/23/2026 3:15:49,1.17.3,FR5,75,4.02,nan,5,Left,Left,252,45,50,0,nan,nan,0.06
4/23/2026 3:15:51,1.17.3,FR5,75,4.02,nan,5,Left,Left,253,45,50,0,nan,nan,0.08
4/23/2026 3:15:53,1.17.3,FR5,75,4.02,nan,5,Left,Left,254,45,50,0,nan,nan,0.49
4/23/2026 3:43:19,1.17.3,FR5,75,4.02,nan,5,Right,Left,254,46,50,0,nan,nan,0.17
4/23/2026 3:55:44,1.17.3,FR5,75,4.02,nan,5,Left,Left,255,46,50,0,nan,nan,0.06
4/23/2026 3:55:45,1.17.3,FR5,75,4.02,1,5,Pellet,Left,255,46,51,0,0.71,2407,nan
4/23/2026 3:56:26,1.17.3,FR5,75,4.02,nan,5,Left,Left,256,46,51,0,nan,nan,0.74
4/23/2026 3:57:11,1.17.3,FR5,75,4.02,nan,5,Right,Left,256,47,51,0,nan,nan,0.08
4/23/2026 3:57:14,1.17.3,FR5,75,4.02,nan,5,Right,Left,256,48,51,0,nan,nan,0.22
4/23/2026 3:57:20,1.17.3,FR5,75,4.02,nan,5,Left,Left,257,48,51,0,nan,nan,0.00
4/23/2026 3:57:25,1.17.3,FR5,75,4.02,nan,5,Right,Left,257,49,51,0,nan,nan,0.08
4/23/2026 3:57:30,1.17.3,FR5,75,4.02,nan,5,Left,Left,258,49,51,0,nan,nan,0.09
4/23/2026 4:17:03,1.17.3,FR5,75,4.01,nan,5,Right,Left,258,50,51,0,nan,nan,1.04
4/23/2026 4:17:34,1.17.3,FR5,75,4.01,nan,5,Right,Left,258,51,51,0,nan,nan,0.29
4/23/2026 4:17:36,1.17.3,FR5,75,4.02,nan,5,Left,Left,259,51,51,0,nan,nan,0.11
4/23/2026 4:34:29,1.17.3,FR5,75,4.02,nan,5,Left,Left,260,51,51,0,nan,nan,0.31
4/23/2026 4:34:30,1.17.3,FR5,75,4.02,1,5,Pellet,Left,260,51,52,0,0.77,2325,nan
4/23/2026 4:35:45,1.17.3,FR5,75,4.02,nan,5,Right,Left,260,52,52,0,nan,nan,0.22
4/23/2026 4:42:16,1.17.3,FR5,75,4.02,nan,5,Left,Left,261,52,52,0,nan,nan,0.29
4/23/2026 4:49:05,1.17.3,FR5,75,4.01,nan,5,Left,Left,262,52,52,0,nan,nan,0.53
4/23/2026 4:49:14,1.17.3,FR5,75,4.02,nan,5,Left,Left,263,52,52,0,nan,nan,0.02
4/23/2026 5:00:07,1.17.3,FR5,75,4.02,nan,5,Left,Left,264,52,52,0,nan,nan,0.11
4/23/2026 5:01:02,1.17.3,FR5,75,4.02,nan,5,Left,Left,265,52,52,0,nan,nan,0.13
4/23/2026 5:01:03,1.17.3,FR5,75,4.02,1,5,Pellet,Left,265,52,53,0,0.89,1593,nan
4/23/2026 5:02:23,1.17.3,FR5,75,4.02,nan,5,Right,Left,265,53,53,0,nan,nan,0.38
4/23/2026 5:02:28,1.17.3,FR5,75,4.02,nan,5,Left,Left,266,53,53,0,nan,nan,0.08
4/23/2026 5:17:21,1.17.3,FR5,75,4.02,nan,5,Left,Left,267,53,53,0,nan,nan,0.41
4/23/2026 5:17:25,1.17.3,FR5,75,4.02,nan,5,Left,Left,268,53,53,0,nan,nan,0.04
4/23/2026 5:17:29,1.17.3,FR5,75,4.02,nan,5,Left,Left,269,53,53,0,nan,nan,0.27
4/23/2026 5:40:40,1.17.3,FR5,75,4.02,nan,5,Right,Left,269,54,53,0,nan,nan,0.26
4/23/2026 5:40:41,1.17.3,FR5,75,4.02,nan,5,Left,Left,270,54,53,0,nan,nan,0.05
4/23/2026 5:40:43,1.17.3,FR5,75,4.02,1,5,Pellet,Left,270,54,54,0,1.01,2380,nan
4/23/2026 5:40:59,1.17.3,FR5,75,4.02,nan,5,Left,Left,271,54,54,0,nan,nan,0.17
4/23/2026 5:41:01,1.17.3,FR5,75,4.02,nan,5,Left,Left,272,54,54,0,nan,nan,0.23
4/23/2026 5:41:02,1.17.3,FR5,75,4.01,nan,5,Left,Left,273,54,54,0,nan,nan,0.25
4/23/2026 5:41:20,1.17.3,FR5,75,4.02,nan,5,Right,Left,273,55,54,0,nan,nan,0.53
4/23/2026 6:00:43,1.17.3,FR5,75,4.02,nan,5,Left,Left,274,55,54,0,nan,nan,0.23
4/23/2026 6:00:44,1.17.3,FR5,75,4.02,nan,5,Left,Left,275,55,54,0,nan,nan,0.22
4/23/2026 6:00:45,1.17.3,FR5,75,4.01,1,5,Pellet,Left,275,55,55,0,0.41,1202,nan
4/23/2026 6:01:01,1.17.3,FR5,75,4.02,nan,5,Left,Left,276,55,55,0,nan,nan,0.09
4/23/2026 6:01:05,1.17.3,FR5,75,4.01,nan,5,Right,Left,276,56,55,0,nan,nan,1.00
4/23/2026 6:01:10,1.17.3,FR5,75,4.01,nan,5,Left,Left,277,56,55,0,nan,nan,0.13
4/23/2026 6:01:11,1.17.3,FR5,75,4.02,nan,5,Left,Left,278,56,55,0,nan,nan,0.47
4/23/2026 6:01:14,1.17.3,FR5,75,4.02,nan,5,Left,Left,279,56,55,0,nan,nan,0.24
4/23/2026 6:01:15,1.17.3,FR5,75,4.02,nan,5,Left,Left,280,56,55,0,nan,nan,0.22
4/23/2026 6:01:16,1.17.3,FR5,75,4.02,1,5,Pellet,Left,280,56,56,0,0.23,31,nan
4/23/2026 6:01:39,1.17.3,FR5,75,4.02,nan,5,Left,Left,281,56,56,0,nan,nan,0.03
4/23/2026 6:03:40,1.17.3,FR5,75,4.02,nan,5,Left,Left,282,56,56,0,nan,nan,0.03
4/23/2026 6:06:01,1.17.3,FR5,75,4.02,nan,5,Left,Left,283,56,56,0,nan,nan,0.38
4/23/2026 6:06:09,1.17.3,FR5,75,4.02,nan,5,Right,Left,283,57,56,0,nan,nan,0.44
4/23/2026 6:27:41,1.17.3,FR5,75,4.02,nan,5,Left,Left,284,57,56,0,nan,nan,0.26
4/23/2026 6:27:48,1.17.3,FR5,75,4.01,nan,5,Left,Left,285,57,56,0,nan,nan,0.07
4/23/2026 6:27:49,1.17.3,FR5,75,4.02,2,5,Pellet,Left,285,57,57,0,0.59,1593,nan
4/23/2026 6:42:14,1.17.3,FR5,75,4.02,nan,5,Left,Left,286,57,57,0,nan,nan,0.04
4/23/2026 7:01:11,1.17.3,FR5,75,4.02,nan,5,Left,Left,287,57,57,0,nan,nan,0.19
4/23/2026 7:01:13,1.17.3,FR5,75,4.02,nan,5,Left,Left,288,57,57,0,nan,nan,0.25
4/23/2026 7:01:14,1.17.3,FR5,75,4.02,nan,5,Left,Left,289,57,57,0,nan,nan,0.26
4/23/2026 7:01:18,1.17.3,FR5,75,4.02,nan,5,Left,Left,290,57,57,0,nan,nan,0.12
4/23/2026 7:01:19,1.17.3,FR5,75,4.02,1,5,Pellet,Left,290,57,58,0,0.41,2010,nan
4/23/2026 7:01:42,1.17.3,FR5,75,4.02,nan,5,Left,Left,291,57,58,0,nan,nan,0.34
4/23/2026 7:01:45,1.17.3,FR5,75,4.02,nan,5,Left,Left,292,57,58,0,nan,nan,0.02
4/23/2026 7:04:24,1.17.3,FR5,75,4.02,nan,5,Right,Left,292,58,58,0,nan,nan,0.21
4/23/2026 7:29:36,1.17.3,FR5,75,4.02,nan,5,Left,Left,293,58,58,0,nan,nan,0.67
4/23/2026 7:29:36,1.17.3,FR5,75,4.02,nan,5,Left,Left,294,58,58,0,nan,nan,0.15
4/23/2026 8:01:39,1.17.3,FR5,75,4.01,nan,5,Left,Left,295,58,58,0,nan,nan,0.05
4/23/2026 8:01:40,1.17.3,FR5,75,4.02,nan,5,LeftDuringDispense,Left,296,58,58,0,nan,nan,0.03
4/23/2026 8:01:43,1.17.3,FR5,75,4.02,2,5,Pellet,Left,296,58,59,0,0.77,3624,nan
4/23/2026 8:02:09,1.17.3,FR5,75,4.01,nan,5,Left,Left,297,58,59,0,nan,nan,0.09
4/23/2026 8:02:11,1.17.3,FR5,75,4.01,nan,5,Left,Left,298,58,59,0,nan,nan,0.27
4/23/2026 8:02:12,1.17.3,FR5,75,4.02,nan,5,Left,Left,299,58,59,0,nan,nan,0.58
4/23/2026 8:02:13,1.17.3,FR5,75,4.02,nan,5,Left,Left,300,58,59,0,nan,nan,0.36
4/23/2026 8:02:15,1.17.3,FR5,75,4.02,1,5,Pellet,Left,300,58,60,0,0.59,32,nan
4/23/2026 8:02:37,1.17.3,FR5,75,4.02,nan,5,Left,Left,301,58,60,0,nan,nan,0.17
4/23/2026 8:24:20,1.17.3,FR5,75,4.02,nan,5,Left,Left,302,58,60,0,nan,nan,0.05
4/23/2026 8:41:30,1.17.3,FR5,75,4.01,nan,5,Left,Left,303,58,60,0,nan,nan,0.12
4/23/2026 8:41:33,1.17.3,FR5,75,4.02,nan,5,Left,Left,304,58,60,0,nan,nan,0.23
4/23/2026 8:41:34,1.17.3,FR5,75,4.01,nan,5,Left,Left,305,58,60,0,nan,nan,0.33
4/23/2026 8:41:35,1.17.3,FR5,75,4.02,1,5,Pellet,Left,305,58,61,0,0.29,2360,nan
4/23/2026 8:41:49,1.17.3,FR5,75,4.02,nan,5,Left,Left,306,58,61,0,nan,nan,0.06
4/23/2026 8:41:52,1.17.3,FR5,75,4.02,nan,5,Left,Left,307,58,61,0,nan,nan,0.57
4/23/2026 8:41:53,1.17.3,FR5,75,4.02,nan,5,Left,Left,308,58,61,0,nan,nan,0.20
4/23/2026 8:41:55,1.17.3,FR5,75,4.02,nan,5,Left,Left,309,58,61,0,nan,nan,0.01
4/23/2026 8:41:59,1.17.3,FR5,75,4.01,nan,5,Left,Left,310,58,61,0,nan,nan,0.04
4/23/2026 8:42:01,1.17.3,FR5,75,4.01,nan,5,LeftWithPellet,Left,311,58,61,0,nan,nan,0.04
4/23/2026 8:42:01,1.17.3,FR5,75,4.01,1,5,Pellet,Left,311,58,62,0,1.41,26,nan
4/23/2026 9:46:26,1.17.3,FR5,75,4.02,nan,5,Left,Left,312,58,62,0,nan,nan,0.27
4/23/2026 9:46:28,1.17.3,FR5,75,4.02,nan,5,Left,Left,313,58,62,0,nan,nan,0.29
4/23/2026 9:46:31,1.17.3,FR5,75,4.02,nan,5,Left,Left,314,58,62,0,nan,nan,0.15
4/23/2026 9:46:35,1.17.3,FR5,75,4.02,nan,5,Left,Left,315,58,62,0,nan,nan,0.76
4/23/2026 9:46:36,1.17.3,FR5,75,4.02,1,5,Pellet,Left,315,58,63,0,0.41,3875,nan
4/23/2026 9:46:53,1.17.3,FR5,75,4.01,nan,5,Left,Left,316,58,63,0,nan,nan,0.02
4/23/2026 10:16:00,1.17.3,FR5,75,4.01,nan,5,Right,Left,316,59,63,0,nan,nan,0.23
4/23/2026 10:16:06,1.17.3,FR5,75,4.01,nan,5,Left,Left,317,59,63,0,nan,nan,0.06
4/23/2026 10:30:32,1.17.3,FR5,75,4.01,nan,5,Left,Left,318,59,63,0,nan,nan,0.17
4/23/2026 11:17:31,1.17.3,FR5,75,4.01,nan,5,Left,Left,319,59,63,0,nan,nan,0.03
4/23/2026 11:17:32,1.17.3,FR5,75,4.01,nan,5,Left,Left,320,59,63,0,nan,nan,0.29
4/23/2026 11:17:33,1.17.3,FR5,75,4.01,1,5,Pellet,Left,320,59,64,0,0.41,5457,nan
4/23/2026 11:17:51,1.17.3,FR5,75,4.02,nan,5,Left,Left,321,59,64,0,nan,nan,0.08
4/23/2026 11:17:54,1.17.3,FR5,75,4.01,nan,5,Left,Left,322,59,64,0,nan,nan,0.62
4/23/2026 11:17:56,1.17.3,FR5,75,4.01,nan,5,Left,Left,323,59,64,0,nan,nan,0.25
4/23/2026 11:17:57,1.17.3,FR5,75,4.02,nan,5,Left,Left,324,59,64,0,nan,nan,0.11
4/23/2026 11:18:02,1.17.3,FR5,75,4.02,nan,5,Left,Left,325,59,64,0,nan,nan,0.31
4/23/2026 11:18:03,1.17.3,FR5,75,4.02,2,5,Pellet,Left,325,59,65,0,0.23,30,nan
4/23/2026 11:18:23,1.17.3,FR5,75,4.01,nan,5,Left,Left,326,59,65,0,nan,nan,0.17
4/23/2026 11:18:24,1.17.3,FR5,75,4.02,nan,5,Left,Left,327,59,65,0,nan,nan,0.00
4/23/2026 11:18:26,1.17.3,FR5,75,4.02,nan,5,Left,Left,328,59,65,0,nan,nan,0.30
4/23/2026 11:18:29,1.17.3,FR5,75,4.02,nan,5,Left,Left,329,59,65,0,nan,nan,0.24
4/23/2026 11:18:51,1.17.3,FR5,75,4.01,nan,5,Left,Left,330,59,65,0,nan,nan,0.35
4/23/2026 11:18:52,1.17.3,FR5,75,4.02,1,5,Pellet,Left,330,59,66,0,0.53,49,nan
4/23/2026 11:19:06,1.17.3,FR5,75,4.01,nan,5,Left,Left,331,59,66,0,nan,nan,0.07
4/23/2026 11:19:08,1.17.3,FR5,75,4.02,nan,5,Left,Left,332,59,66,0,nan,nan,0.47
4/23/2026 11:19:10,1.17.3,FR5,75,4.02,nan,5,Left,Left,333,59,66,0,nan,nan,0.08
4/23/2026 11:19:12,1.17.3,FR5,75,4.01,nan,5,Left,Left,334,59,66,0,nan,nan,0.66
4/23/2026 11:19:15,1.17.3,FR5,75,4.02,nan,5,Left,Left,335,59,66,0,nan,nan,0.38
4/23/2026 11:19:16,1.17.3,FR5,75,4.01,1,5,Pellet,Left,335,59,67,0,0.29,24,nan
4/23/2026 11:19:40,1.17.3,FR5,75,4.02,nan,5,Left,Left,336,59,67,0,nan,nan,0.28
4/23/2026 11:19:42,1.17.3,FR5,75,4.01,nan,5,Left,Left,337,59,67,0,nan,nan,1.35
4/23/2026 11:19:45,1.17.3,FR5,75,4.01,nan,5,Left,Left,338,59,67,0,nan,nan,0.46
4/23/2026 11:19:46,1.17.3,FR5,75,4.02,nan,5,Left,Left,339,59,67,0,nan,nan,0.44
4/23/2026 11:19:48,1.17.3,FR5,75,4.01,nan,5,Left,Left,340,59,67,0,nan,nan,0.14
4/23/2026 11:19:50,1.17.3,FR5,75,4.01,1,5,Pellet,Left,340,59,68,0,0.41,34,nan
4/23/2026 11:20:25,1.17.3,FR5,75,4.01,nan,5,Left,Left,341,59,68,0,nan,nan,0.07
4/23/2026 11:20:26,1.17.3,FR5,75,4.01,nan,5,Left,Left,342,59,68,0,nan,nan,0.16
4/23/2026 13:40:55,1.17.3,FR5,75,4.01,nan,5,Left,Left,343,59,68,0,nan,nan,0.24
4/23/2026 13:40:57,1.17.3,FR5,75,4.01,nan,5,Left,Left,344,59,68,0,nan,nan,0.39
4/23/2026 13:40:59,1.17.3,FR5,75,4.01,nan,5,Left,Left,345,59,68,0,nan,nan,0.90
4/23/2026 13:41:00,1.17.3,FR5,75,4.00,nan,5,LeftWithPellet,Left,346,59,68,0,nan,nan,0.18
4/23/2026 13:41:01,1.17.3,FR5,75,4.01,1,5,Pellet,Left,346,59,69,0,1.29,8471,nan
4/23/2026 13:41:20,1.17.3,FR5,75,4.00,nan,5,Left,Left,347,59,69,0,nan,nan,0.06
4/23/2026 13:41:21,1.17.3,FR5,75,4.01,nan,5,Left,Left,348,59,69,0,nan,nan,0.14
4/23/2026 13:41:23,1.17.3,FR5,75,4.01,nan,5,Left,Left,349,59,69,0,nan,nan,0.10
4/23/2026 13:41:24,1.17.3,FR5,75,4.01,nan,5,Left,Left,350,59,69,0,nan,nan,0.00
4/23/2026 13:41:24,1.17.3,FR5,75,4.01,nan,5,LeftDuringDispense,Left,351,59,69,0,nan,nan,0.03
4/23/2026 13:41:25,1.17.3,FR5,75,4.01,nan,5,LeftDuringDispense,Left,352,59,69,0,nan,nan,0.01
4/23/2026 13:41:28,1.17.3,FR5,75,4.01,2,5,Pellet,Left,352,59,70,0,1.01,27,nan
4/23/2026 13:41:44,1.17.3,FR5,75,4.01,nan,5,Left,Left,353,59,70,0,nan,nan,0.21
4/23/2026 13:41:47,1.17.3,FR5,75,4.01,nan,5,Left,Left,354,59,70,0,nan,nan,0.10
4/23/2026 13:41:49,1.17.3,FR5,75,4.01,nan,5,Left,Left,355,59,70,0,nan,nan,0.79
4/23/2026 13:41:49,1.17.3,FR5,75,4.01,nan,5,LeftDuringDispense,Left,356,59,70,0,nan,nan,0.37
4/23/2026 13:41:53,1.17.3,FR5,75,4.01,2,5,Pellet,Left,356,59,71,0,0.41,25,nan
4/23/2026 13:42:07,1.17.3,FR5,75,4.01,nan,5,Left,Left,357,59,71,0,nan,nan,0.04
4/23/2026 13:42:08,1.17.3,FR5,75,4.01,nan,5,Left,Left,358,59,71,0,nan,nan,0.95
4/23/2026 13:42:10,1.17.3,FR5,75,4.02,nan,5,Left,Left,359,59,71,0,nan,nan,0.43
4/23/2026 13:42:12,1.17.3,FR5,75,4.01,nan,5,Left,Left,360,59,71,0,nan,nan,0.52
4/23/2026 13:42:13,1.17.3,FR5,75,4.01,nan,5,LeftDuringDispense,Left,361,59,71,0,nan,nan,0.43
4/23/2026 13:42:16,1.17.3,FR5,75,4.01,2,5,Pellet,Left,361,59,72,0,0.23,23,nan
4/23/2026 13:42:41,1.17.3,FR5,75,4.01,nan,5,Left,Left,362,59,72,0,nan,nan,0.05
4/23/2026 13:42:55,1.17.3,FR5,75,4.01,nan,5,Left,Left,363,59,72,0,nan,nan,0.65
4/23/2026 14:31:40,1.17.3,FR5,75,4.01,nan,5,Left,Left,364,59,72,0,nan,nan,0.21
4/23/2026 14:32:35,1.17.3,FR5,75,4.01,nan,5,Right,Left,364,60,72,0,nan,nan,0.23
4/23/2026 14:36:00,1.17.3,FR5,75,4.01,nan,5,Right,Left,364,61,72,0,nan,nan,0.03
4/23/2026 14:36:11,1.17.3,FR5,75,4.01,nan,5,Left,Left,365,61,72,0,nan,nan,0.01
4/23/2026 14:36:12,1.17.3,FR5,75,4.01,nan,5,LeftDuringDispense,Left,366,61,72,0,nan,nan,0.29
4/23/2026 14:36:14,1.17.3,FR5,75,4.01,nan,5,LeftDuringDispense,Left,367,61,72,0,nan,nan,0.04
4/23/2026 14:36:20,1.17.3,FR5,75,4.01,4,5,Pellet,Left,367,61,73,0,0.83,3244,nan
4/23/2026 14:37:48,1.17.3,FR5,75,4.01,nan,5,Right,Left,367,62,73,0,nan,nan,0.05
4/23/2026 14:44:27,1.17.3,FR5,75,4.01,nan,5,Right,Left,367,63,73,0,nan,nan,0.28
4/23/2026 14:44:28,1.17.3,FR5,75,4.01,nan,5,Right,Left,367,64,73,0,nan,nan,0.00
4/23/2026 14:44:50,1.17.3,FR5,75,4.01,nan,5,Left,Left,368,64,73,0,nan,nan,0.70
4/23/2026 16:24:34,1.17.3,FR5,75,4.00,nan,5,Left,Left,369,64,73,0,nan,nan,0.33
4/23/2026 16:24:36,1.17.3,FR5,75,4.01,nan,5,Left,Left,370,64,73,0,nan,nan,0.31
4/23/2026 16:24:37,1.17.3,FR5,75,4.00,2,5,Pellet,Left,370,64,74,0,0.53,6497,nan
4/23/2026 16:24:55,1.17.3,FR5,75,4.00,nan,5,Left,Left,371,64,74,0,nan,nan,0.03
4/23/2026 16:24:57,1.17.3,FR5,75,4.00,nan,5,Left,Left,372,64,74,0,nan,nan,0.25
4/23/2026 16:25:00,1.17.3,FR5,75,4.01,nan,5,Left,Left,373,64,74,0,nan,nan,0.10
4/23/2026 16:25:04,1.17.3,FR5,75,4.01,nan,5,Left,Left,374,64,74,0,nan,nan,0.79
4/23/2026 16:25:06,1.17.3,FR5,75,4.00,nan,5,Left,Left,375,64,74,0,nan,nan,0.77
4/23/2026 16:25:07,1.17.3,FR5,75,4.01,1,5,Pellet,Left,375,64,75,0,0.29,30,nan
4/23/2026 16:25:18,1.17.3,FR5,75,4.00,nan,5,Left,Left,376,64,75,0,nan,nan,0.02
4/23/2026 17:32:30,1.17.3,FR5,75,4.00,nan,5,Left,Left,377,64,75,0,nan,nan,0.23
4/23/2026 17:32:32,1.17.3,FR5,75,4.01,nan,5,Left,Left,378,64,75,0,nan,nan,0.52
4/23/2026 17:32:35,1.17.3,FR5,75,4.01,nan,5,Left,Left,379,64,75,0,nan,nan,0.27
4/23/2026 17:32:38,1.17.3,FR5,75,4.01,nan,5,Left,Left,380,64,75,0,nan,nan,0.26
4/23/2026 17:32:41,1.17.3,FR5,75,4.00,2,5,Pellet,Left,380,64,76,0,0.53,4054,nan
4/23/2026 17:32:52,1.17.3,FR5,75,4.01,nan,5,Left,Left,381,64,76,0,nan,nan,0.02
4/23/2026 17:32:54,1.17.3,FR5,75,4.00,nan,5,Left,Left,382,64,76,0,nan,nan,0.39
4/23/2026 17:32:55,1.17.3,FR5,75,4.00,nan,5,Left,Left,383,64,76,0,nan,nan,0.12
4/23/2026 17:32:56,1.17.3,FR5,75,4.01,nan,5,Left,Left,384,64,76,0,nan,nan,0.05
4/23/2026 17:32:57,1.17.3,FR5,75,4.00,nan,5,Left,Left,385,64,76,0,nan,nan,0.00
4/23/2026 17:32:58,1.17.3,FR5,75,4.00,1,5,Pellet,Left,385,64,77,0,0.29,17,nan
4/23/2026 17:33:09,1.17.3,FR5,75,4.01,nan,5,Left,Left,386,64,77,0,nan,nan,1.17
4/23/2026 17:33:11,1.17.3,FR5,75,4.01,nan,5,Left,Left,387,64,77,0,nan,nan,0.10
4/23/2026 17:33:14,1.17.3,FR5,75,4.00,nan,5,Left,Left,388,64,77,0,nan,nan,0.33
4/23/2026 17:33:15,1.17.3,FR5,75,4.00,nan,5,Left,Left,389,64,77,0,nan,nan,0.00
4/23/2026 17:33:16,1.17.3,FR5,75,4.01,nan,5,Left,Left,390,64,77,0,nan,nan,0.02
4/23/2026 17:33:17,1.17.3,FR5,75,4.00,1,5,Pellet,Left,390,64,78,0,0.29,19,nan
4/23/2026 17:33:45,1.17.3,FR5,75,4.01,nan,5,Left,Left,391,64,78,0,nan,nan,0.08
4/23/2026 17:33:46,1.17.3,FR5,75,4.01,nan,5,Left,Left,392,64,78,0,nan,nan,0.03
4/23/2026 17:33:48,1.17.3,FR5,75,4.00,nan,5,Left,Left,393,64,78,0,nan,nan,1.20
4/23/2026 17:33:50,1.17.3,FR5,75,4.01,nan,5,Left,Left,394,64,78,0,nan,nan,0.25
4/23/2026 17:33:52,1.17.3,FR5,75,4.00,nan,5,Left,Left,395,64,78,0,nan,nan,1.01
4/23/2026 17:33:53,1.17.3,FR5,75,4.00,1,5,Pellet,Left,395,64,79,0,0.35,36,nan
4/23/2026 17:34:06,1.17.3,FR5,75,4.01,nan,5,Left,Left,396,64,79,0,nan,nan,0.49
4/23/2026 17:34:07,1.17.3,FR5,75,4.00,nan,5,Left,Left,397,64,79,0,nan,nan,0.40
4/23/2026 17:34:10,1.17.3,FR5,75,4.00,nan,5,Left,Left,398,64,79,0,nan,nan,0.22
4/23/2026 17:34:12,1.17.3,FR5,75,4.00,nan,5,Left,Left,399,64,79,0,nan,nan,0.29
4/23/2026 17:34:13,1.17.3,FR5,75,4.00,nan,5,Left,Left,400,64,79,0,nan,nan,0.27
4/23/2026 17:34:14,1.17.3,FR5,75,4.00,nan,5,LeftDuringDispense,Left,401,64,79,0,nan,nan,0.78
4/23/2026 17:34:17,1.17.3,FR5,75,4.00,3,5,Pellet,Left,401,64,80,0,0.06,24,nan
4/23/2026 17:34:35,1.17.3,FR5,75,4.01,nan,5,Left,Left,402,64,80,0,nan,nan,0.01
4/23/2026 17:34:36,1.17.3,FR5,75,4.00,nan,5,Left,Left,403,64,80,0,nan,nan,0.00
4/23/2026 17:34:36,1.17.3,FR5,75,4.00,nan,5,Left,Left,404,64,80,0,nan,nan,0.00
4/23/2026 17:34:38,1.17.3,FR5,75,4.00,nan,5,Left,Left,405,64,80,0,nan,nan,0.02
4/23/2026 17:34:38,1.17.3,FR5,75,4.00,nan,5,LeftDuringDispense,Left,406,64,80,0,nan,nan,0.03
4/23/2026 17:34:39,1.17.3,FR5,75,4.00,nan,5,LeftDuringDispense,Left,407,64,80,0,nan,nan,0.89
4/23/2026 17:34:40,1.17.3,FR5,75,4.00,nan,5,LeftDuringDispense,Left,408,64,80,0,nan,nan,0.45
4/23/2026 17:34:43,1.17.3,FR5,75,4.00,nan,5,LeftDuringDispense,Left,409,64,80,0,nan,nan,0.55
4/23/2026 17:34:44,1.17.3,FR5,75,4.00,2,5,Pellet,Left,409,64,81,0,0.71,27,nan
4/23/2026 17:35:04,1.17.3,FR5,75,4.00,nan,5,Left,Left,410,64,81,0,nan,nan,1.54
4/23/2026 17:35:05,1.17.3,FR5,75,4.00,nan,5,LeftDuringDispense,Left,411,64,81,0,nan,nan,0.52
4/23/2026 17:35:08,1.17.3,FR5,75,4.00,3,5,Pellet,Left,411,64,82,0,0.06,24,nan
4/23/2026 17:35:17,1.17.3,FR5,75,4.01,nan,5,Left,Left,412,64,82,0,nan,nan,0.12
4/23/2026 17:35:26,1.17.3,FR5,75,4.00,nan,5,Left,Left,413,64,82,0,nan,nan,1.34
4/23/2026 17:35:28,1.17.3,FR5,75,4.00,nan,5,Left,Left,414,64,82,0,nan,nan,0.44
4/23/2026 17:35:29,1.17.3,FR5,75,4.00,nan,5,Left,Left,415,64,82,0,nan,nan,0.00
4/23/2026 17:35:30,1.17.3,FR5,75,4.00,2,5,Pellet,Left,415,64,83,0,0.17,22,nan
4/23/2026 17:35:47,1.17.3,FR5,75,4.00,nan,5,Left,Left,416,64,83,0,nan,nan,0.05
4/23/2026 17:35:48,1.17.3,FR5,75,4.00,nan,5,Left,Left,417,64,83,0,nan,nan,0.00
4/23/2026 17:35:49,1.17.3,FR5,75,4.01,nan,5,Left,Left,418,64,83,0,nan,nan,0.00
4/23/2026 17:35:55,1.17.3,FR5,75,4.00,nan,5,Left,Left,419,64,83,0,nan,nan,0.23
4/23/2026 17:36:01,1.17.3,FR5,75,4.00,nan,5,Left,Left,420,64,83,0,nan,nan,0.13
4/23/2026 17:36:03,1.17.3,FR5,75,4.01,1,5,Pellet,Left,420,64,84,0,0.29,32,nan
4/23/2026 17:36:16,1.17.3,FR5,75,4.00,nan,5,Left,Left,421,64,84,0,nan,nan,0.15
4/23/2026 17:36:17,1.17.3,FR5,75,4.00,nan,5,Left,Left,422,64,84,0,nan,nan,0.04
4/23/2026 17:36:20,1.17.3,FR5,75,4.00,nan,5,Left,Left,423,64,84,0,nan,nan,0.11
4/23/2026 17:36:22,1.17.3,FR5,75,4.00,nan,5,Left,Left,424,64,84,0,nan,nan,0.35
4/23/2026 17:36:24,1.17.3,FR5,75,4.00,nan,5,Left,Left,425,64,84,0,nan,nan,0.77
4/23/2026 17:36:25,1.17.3,FR5,75,4.01,1,5,Pellet,Left,425,64,85,0,0.35,23,nan
4/23/2026 17:53:08,1.17.3,FR5,75,4.00,nan,5,Left,Left,426,64,85,0,nan,nan,0.25
4/23/2026 17:53:10,1.17.3,FR5,75,4.00,nan,5,Left,Left,427,64,85,0,nan,nan,0.28
4/23/2026 18:03:29,1.17.3,FR5,75,4.00,nan,5,Left,Left,428,64,85,0,nan,nan,0.38
4/23/2026 18:03:31,1.17.3,FR5,75,4.00,nan,5,Left,Left,429,64,85,0,nan,nan,0.11
4/23/2026 18:03:44,1.17.3,FR5,75,4.00,nan,5,Right,Left,429,65,85,0,nan,nan,0.00
4/23/2026 18:04:19,1.17.3,FR5,75,4.00,nan,5,Left,Left,430,65,85,0,nan,nan,0.09
4/23/2026 18:04:20,1.17.3,FR5,75,4.00,1,5,Pellet,Left,430,65,86,0,0.65,1675,nan
4/23/2026 18:04:30,1.17.3,FR5,75,4.01,nan,5,Left,Left,431,65,86,0,nan,nan,0.23
4/23/2026 18:04:33,1.17.3,FR5,75,4.01,nan,5,Left,Left,432,65,86,0,nan,nan,0.18
4/23/2026 18:04:34,1.17.3,FR5,75,4.00,nan,5,Left,Left,433,65,86,0,nan,nan,0.19
4/23/2026 18:04:36,1.17.3,FR5,75,4.00,nan,5,Left,Left,434,65,86,0,nan,nan,0.71
4/23/2026 19:06:25,1.17.3,FR5,75,4.00,nan,5,Left,Left,435,65,86,0,nan,nan,0.08
4/23/2026 19:06:27,1.17.3,FR5,75,4.00,nan,5,LeftWithPellet,Left,436,65,86,0,nan,nan,0.08
4/23/2026 19:06:27,1.17.3,FR5,75,4.00,1,5,Pellet,Left,436,65,87,0,1.49,3727,nan
4/23/2026 19:06:43,1.17.3,FR5,75,4.00,nan,5,Left,Left,437,65,87,0,nan,nan,0.45
4/23/2026 19:06:45,1.17.3,FR5,75,4.00,nan,5,Left,Left,438,65,87,0,nan,nan,0.15
4/23/2026 19:06:46,1.17.3,FR5,75,4.00,nan,5,Left,Left,439,65,87,0,nan,nan,0.35
4/23/2026 19:06:47,1.17.3,FR5,75,4.00,nan,5,Left,Left,440,65,87,0,nan,nan,0.08
4/23/2026 19:06:49,1.17.3,FR5,75,4.00,1,5,Pellet,Left,440,65,88,0,0.89,22,nan
4/23/2026 19:06:58,1.17.3,FR5,75,4.00,nan,5,Left,Left,441,65,88,0,nan,nan,0.04
4/23/2026 19:07:03,1.17.3,FR5,75,4.00,nan,5,Left,Left,442,65,88,0,nan,nan,0.56
4/23/2026 19:09:07,1.17.3,FR5,75,4.00,nan,5,Left,Left,443,65,88,0,nan,nan,0.10
4/23/2026 19:09:14,1.17.3,FR5,75,4.00,nan,5,Left,Left,444,65,88,0,nan,nan,0.05
4/23/2026 19:09:18,1.17.3,FR5,75,4.00,nan,5,Right,Left,444,66,88,0,nan,nan,0.39
4/23/2026 19:22:13,1.17.3,FR5,75,4.00,nan,5,Left,Left,445,66,88,0,nan,nan,0.14
4/23/2026 19:22:13,1.17.3,FR5,75,4.00,nan,5,LeftDuringDispense,Left,446,66,88,0,nan,nan,0.51
4/23/2026 19:22:17,1.17.3,FR5,75,4.00,2,5,Pellet,Left,446,66,89,0,0.35,928,nan
4/23/2026 19:22:31,1.17.3,FR5,75,4.00,nan,5,Left,Left,447,66,89,0,nan,nan,0.36
4/23/2026 19:22:32,1.17.3,FR5,75,4.00,nan,5,Left,Left,448,66,89,0,nan,nan,0.00
4/23/2026 19:22:33,1.17.3,FR5,75,4.00,nan,5,Left,Left,449,66,89,0,nan,nan,0.15
4/23/2026 19:22:36,1.17.3,FR5,75,4.00,nan,5,Left,Left,450,66,89,0,nan,nan,1.53
4/23/2026 19:22:37,1.17.3,FR5,75,4.00,1,5,Pellet,Left,450,66,90,0,0.53,20,nan
4/23/2026 19:22:57,1.17.3,FR5,75,4.00,nan,5,Left,Left,451,66,90,0,nan,nan,0.03
4/23/2026 19:22:58,1.17.3,FR5,75,4.00,nan,5,Left,Left,452,66,90,0,nan,nan,0.06
4/23/2026 19:23:00,1.17.3,FR5,75,4.00,nan,5,Left,Left,453,66,90,0,nan,nan,0.50
4/23/2026 19:23:02,1.17.3,FR5,75,4.00,nan,5,Left,Left,454,66,90,0,nan,nan,0.99
4/23/2026 19:23:04,1.17.3,FR5,75,4.00,nan,5,Left,Left,455,66,90,0,nan,nan,1.62
4/23/2026 19:23:05,1.17.3,FR5,75,4.00,nan,5,LeftDuringDispense,Left,456,66,90,0,nan,nan,0.34
4/23/2026 19:23:09,1.17.3,FR5,75,4.00,2,5,Pellet,Left,456,66,91,0,1.13,32,nan
4/23/2026 19:23:22,1.17.3,FR5,75,4.00,nan,5,Left,Left,457,66,91,0,nan,nan,0.15
4/23/2026 19:23:23,1.17.3,FR5,75,4.00,nan,5,Left,Left,458,66,91,0,nan,nan,0.00
4/23/2026 19:23:24,1.17.3,FR5,75,4.00,nan,5,Left,Left,459,66,91,0,nan,nan,0.02
4/23/2026 19:23:28,1.17.3,FR5,75,4.00,nan,5,Left,Left,460,66,91,0,nan,nan,0.70
4/23/2026 19:23:29,1.17.3,FR5,75,4.00,1,5,Pellet,Left,460,66,92,0,0.29,20,nan
4/23/2026 19:23:47,1.17.3,FR5,75,4.00,nan,5,Left,Left,461,66,92,0,nan,nan,0.34
4/23/2026 19:23:50,1.17.3,FR5,75,4.00,nan,5,Left,Left,462,66,92,0,nan,nan,0.10
4/23/2026 19:23:52,1.17.3,FR5,75,4.00,nan,5,Left,Left,463,66,92,0,nan,nan,0.18
4/23/2026 19:23:53,1.17.3,FR5,75,4.00,nan,5,Left,Left,464,66,92,0,nan,nan,0.00
4/23/2026 19:23:55,1.17.3,FR5,75,4.00,nan,5,Left,Left,465,66,92,0,nan,nan,0.01
4/23/2026 19:23:56,1.17.3,FR5,75,4.00,1,5,Pellet,Left,465,66,93,0,0.35,27,nan
4/23/2026 19:24:07,1.17.3,FR5,75,4.00,nan,5,Left,Left,466,66,93,0,nan,nan,0.07
4/23/2026 19:24:08,1.17.3,FR5,75,4.00,nan,5,Left,Left,467,66,93,0,nan,nan,0.32
4/23/2026 19:24:10,1.17.3,FR5,75,4.00,nan,5,Left,Left,468,66,93,0,nan,nan,0.32
4/23/2026 19:24:11,1.17.3,FR5,75,4.00,nan,5,Left,Left,469,66,93,0,nan,nan,0.16
4/23/2026 19:24:12,1.17.3,FR5,75,4.00,nan,5,Left,Left,470,66,93,0,nan,nan,0.04
4/23/2026 19:24:14,1.17.3,FR5,75,4.00,1,5,Pellet,Left,470,66,94,0,0.47,18,nan
4/23/2026 19:50:24,1.17.3,FR5,75,4.00,nan,5,Left,Left,471,66,94,0,nan,nan,0.11
4/23/2026 19:50:25,1.17.3,FR5,75,4.00,nan,5,Left,Left,472,66,94,0,nan,nan,0.30
4/23/2026 19:50:27,1.17.3,FR5,75,4.00,nan,5,Left,Left,473,66,94,0,nan,nan,0.22
4/23/2026 19:50:36,1.17.3,FR5,75,4.00,nan,5,Left,Left,474,66,94,0,nan,nan,0.33
4/23/2026 19:50:40,1.17.3,FR5,75,4.00,nan,5,Left,Left,475,66,94,0,nan,nan,0.12
4/23/2026 19:50:41,1.17.3,FR5,75,4.00,nan,5,LeftDuringDispense,Left,476,66,94,0,nan,nan,0.50
4/23/2026 19:50:44,1.17.3,FR5,75,4.00,3,5,Pellet,Left,476,66,95,0,0.11,1590,nan
4/23/2026 19:50:56,1.17.3,FR5,75,4.00,nan,5,Left,Left,477,66,95,0,nan,nan,0.24
4/23/2026 19:50:58,1.17.3,FR5,75,4.00,nan,5,Left,Left,478,66,95,0,nan,nan,0.83
4/23/2026 19:50:59,1.17.3,FR5,75,4.00,nan,5,Left,Left,479,66,95,0,nan,nan,0.16
4/23/2026 19:51:00,1.17.3,FR5,75,4.00,nan,5,Left,Left,480,66,95,0,nan,nan,0.16
4/23/2026 19:51:01,1.17.3,FR5,75,4.00,1,5,Pellet,Left,480,66,96,0,0.29,17,nan
4/23/2026 19:51:18,1.17.3,FR5,75,4.00,nan,5,Left,Left,481,66,96,0,nan,nan,0.56
4/23/2026 19:51:20,1.17.3,FR5,75,4.00,nan,5,Left,Left,482,66,96,0,nan,nan,0.12
4/23/2026 19:51:21,1.17.3,FR5,75,4.00,nan,5,Left,Left,483,66,96,0,nan,nan,0.34
4/23/2026 19:51:23,1.17.3,FR5,75,4.01,nan,5,Left,Left,484,66,96,0,nan,nan,0.08
4/23/2026 19:51:24,1.17.3,FR5,75,4.00,nan,5,Left,Left,485,66,96,0,nan,nan,0.24
4/23/2026 19:51:25,1.17.3,FR5,75,4.00,nan,5,LeftDuringDispense,Left,486,66,96,0,nan,nan,0.13
4/23/2026 19:51:28,1.17.3,FR5,75,4.00,2,5,Pellet,Left,486,66,97,0,0.29,27,nan
4/23/2026 19:51:40,1.17.3,FR5,75,4.00,nan,5,Left,Left,487,66,97,0,nan,nan,0.29
4/23/2026 19:51:42,1.17.3,FR5,75,4.00,nan,5,Left,Left,488,66,97,0,nan,nan,0.64
4/23/2026 19:51:45,1.17.3,FR5,75,4.00,nan,5,Left,Left,489,66,97,0,nan,nan,0.01
4/23/2026 19:51:46,1.17.3,FR5,75,4.00,nan,5,Left,Left,490,66,97,0,nan,nan,0.19
4/23/2026 19:51:47,1.17.3,FR5,75,4.00,1,5,Pellet,Left,490,66,98,0,0.23,19,nan
4/23/2026 19:52:00,1.17.3,FR5,75,4.00,nan,5,Left,Left,491,66,98,0,nan,nan,0.08
4/23/2026 19:52:02,1.17.3,FR5,75,4.00,nan,5,Left,Left,492,66,98,0,nan,nan,0.72
4/23/2026 19:52:05,1.17.3,FR5,75,4.00,nan,5,Left,Left,493,66,98,0,nan,nan,0.13
4/23/2026 19:52:07,1.17.3,FR5,75,4.00,nan,5,Left,Left,494,66,98,0,nan,nan,0.73
4/23/2026 19:52:10,1.17.3,FR5,75,4.00,nan,5,Left,Left,495,66,98,0,nan,nan,0.01
4/23/2026 19:52:10,1.17.3,FR5,75,4.00,nan,5,LeftDuringDispense,Left,496,66,98,0,nan,nan,0.12
4/23/2026 19:52:13,1.17.3,FR5,75,4.01,2,5,Pellet,Left,496,66,99,0,0.29,26,nan
4/23/2026 19:52:21,1.17.3,FR5,75,4.00,nan,5,Left,Left,497,66,99,0,nan,nan,0.05
4/23/2026 19:52:24,1.17.3,FR5,75,4.00,nan,5,Left,Left,498,66,99,0,nan,nan,0.02
4/23/2026 19:52:27,1.17.3,FR5,75,4.00,nan,5,Left,Left,499,66,99,0,nan,nan,0.47
4/23/2026 19:52:29,1.17.3,FR5,75,4.00,nan,5,Left,Left,500,66,99,0,nan,nan,0.12
4/23/2026 19:52:31,1.17.3,FR5,75,4.00,1,5,Pellet,Left,500,66,100,0,0.29,18,nan
4/23/2026 19:52:42,1.17.3,FR5,75,4.00,nan,5,Left,Left,501,66,100,0,nan,nan,0.14
4/23/2026 19:52:43,1.17.3,FR5,75,4.00,nan,5,Left,Left,502,66,100,0,nan,nan,0.58
4/23/2026 19:52:46,1.17.3,FR5,75,4.00,nan,5,Left,Left,503,66,100,0,nan,nan,0.36
4/23/2026 19:52:48,1.17.3,FR5,75,4.00,nan,5,Left,Left,504,66,100,0,nan,nan,0.23
4/23/2026 19:52:49,1.17.3,FR5,75,4.00,nan,5,Left,Left,505,66,100,0,nan,nan,0.10
4/23/2026 19:52:51,1.17.3,FR5,75,4.00,1,5,Pellet,Left,505,66,101,0,0.59,20,nan
4/23/2026 19:53:08,1.17.3,FR5,75,4.00,nan,5,Left,Left,506,66,101,0,nan,nan,0.06
4/23/2026 19:53:09,1.17.3,FR5,75,4.00,nan,5,Left,Left,507,66,101,0,nan,nan,0.09
4/23/2026 19:53:10,1.17.3,FR5,75,4.00,nan,5,Left,Left,508,66,101,0,nan,nan,0.00
4/23/2026 19:53:16,1.17.3,FR5,75,4.00,nan,5,Left,Left,509,66,101,0,nan,nan,0.16
4/23/2026 19:53:23,1.17.3,FR5,75,4.00,nan,5,Left,Left,510,66,101,0,nan,nan,0.30
4/23/2026 19:53:23,1.17.3,FR5,75,4.00,nan,5,LeftDuringDispense,Left,511,66,101,0,nan,nan,0.30
4/23/2026 19:53:27,1.17.3,FR5,75,4.00,2,5,Pellet,Left,511,66,102,0,0.53,36,nan
4/23/2026 19:53:35,1.17.3,FR5,75,4.00,nan,5,Left,Left,512,66,102,0,nan,nan,0.05
4/23/2026 19:53:37,1.17.3,FR5,75,4.00,nan,5,Left,Left,513,66,102,0,nan,nan,0.33
4/23/2026 19:53:38,1.17.3,FR5,75,4.00,nan,5,Left,Left,514,66,102,0,nan,nan,0.15
4/23/2026 19:53:41,1.17.3,FR5,75,4.00,nan,5,Left,Left,515,66,102,0,nan,nan,0.30
4/23/2026 19:53:42,1.17.3,FR5,75,4.00,nan,5,LeftDuringDispense,Left,516,66,102,0,nan,nan,0.38
4/23/2026 19:53:45,1.17.3,FR5,75,4.00,2,5,Pellet,Left,516,66,103,0,0.77,18,nan
4/23/2026 19:54:00,1.17.3,FR5,75,4.00,nan,5,Left,Left,517,66,103,0,nan,nan,0.54
4/23/2026 19:54:01,1.17.3,FR5,75,4.00,nan,5,Left,Left,518,66,103,0,nan,nan,0.19
4/23/2026 19:54:03,1.17.3,FR5,75,4.00,nan,5,Left,Left,519,66,103,0,nan,nan,0.13
4/23/2026 19:54:04,1.17.3,FR5,75,4.00,nan,5,Left,Left,520,66,103,0,nan,nan,0.42
4/23/2026 19:54:05,1.17.3,FR5,75,4.00,1,5,Pellet,Left,520,66,104,0,0.23,20,nan
4/23/2026 20:06:51,1.17.3,FR5,75,4.00,nan,5,Left,Left,521,66,104,0,nan,nan,0.19
4/23/2026 20:34:20,1.17.3,FR5,75,4.00,nan,5,Left,Left,522,66,104,0,nan,nan,0.13
4/23/2026 20:34:21,1.17.3,FR5,75,4.00,nan,5,Left,Left,523,66,104,0,nan,nan,0.36
4/23/2026 20:34:23,1.17.3,FR5,75,4.00,nan,5,Left,Left,524,66,104,0,nan,nan,0.19
4/23/2026 20:34:24,1.17.3,FR5,75,4.00,nan,5,Left,Left,525,66,104,0,nan,nan,0.35
4/23/2026 20:34:25,1.17.3,FR5,75,4.00,nan,5,LeftWithPellet,Left,526,66,104,0,nan,nan,0.21
4/23/2026 20:34:26,1.17.3,FR5,75,4.00,1,5,Pellet,Left,526,66,105,0,1.02,2420,nan
4/23/2026 20:34:39,1.17.3,FR5,75,4.00,nan,5,Left,Left,527,66,105,0,nan,nan,0.06
4/23/2026 20:34:41,1.17.3,FR5,75,4.00,nan,5,Left,Left,528,66,105,0,nan,nan,0.22
4/23/2026 20:34:43,1.17.3,FR5,75,4.00,nan,5,Left,Left,529,66,105,0,nan,nan,0.65
4/23/2026 20:34:46,1.17.3,FR5,75,4.00,nan,5,Left,Left,530,66,105,0,nan,nan,0.38
4/23/2026 20:34:47,1.17.3,FR5,75,4.00,1,5,Pellet,Left,530,66,106,0,0.47,22,nan
4/23/2026 20:35:01,1.17.3,FR5,75,4.00,nan,5,Left,Left,531,66,106,0,nan,nan,0.09
4/23/2026 20:35:04,1.17.3,FR5,75,4.00,nan,5,Left,Left,532,66,106,0,nan,nan,0.19
4/23/2026 20:35:05,1.17.3,FR5,75,4.00,nan,5,Left,Left,533,66,106,0,nan,nan,0.12
4/23/2026 20:35:08,1.17.3,FR5,75,4.00,nan,5,Left,Left,534,66,106,0,nan,nan,0.29
4/23/2026 20:35:09,1.17.3,FR5,75,4.00,nan,5,Left,Left,535,66,106,0,nan,nan,0.01
4/23/2026 20:35:10,1.17.3,FR5,75,4.00,nan,5,LeftDuringDispense,Left,536,66,106,0,nan,nan,0.59
4/23/2026 20:35:13,1.17.3,FR5,75,4.00,3,5,Pellet,Left,536,66,107,0,0.06,26,nan
4/23/2026 20:35:30,1.17.3,FR5,75,4.00,nan,5,Left,Left,537,66,107,0,nan,nan,0.12
4/23/2026 20:35:30,1.17.3,FR5,75,4.00,nan,5,Left,Left,538,66,107,0,nan,nan,0.00
4/23/2026 20:35:32,1.17.3,FR5,75,4.00,nan,5,Left,Left,539,66,107,0,nan,nan,0.08
4/23/2026 20:35:33,1.17.3,FR5,75,4.00,nan,5,Left,Left,540,66,107,0,nan,nan,0.01
4/23/2026 20:35:34,1.17.3,FR5,75,4.00,1,5,Pellet,Left,540,66,108,0,0.35,21,nan
4/23/2026 20:35:43,1.17.3,FR5,75,4.00,nan,5,Left,Left,541,66,108,0,nan,nan,0.04
4/23/2026 20:35:45,1.17.3,FR5,75,4.00,nan,5,Left,Left,542,66,108,0,nan,nan,0.08
4/23/2026 20:35:49,1.17.3,FR5,75,4.00,nan,5,Left,Left,543,66,108,0,nan,nan,0.74
4/23/2026 20:36:02,1.17.3,FR5,75,4.00,nan,5,Left,Left,544,66,108,0,nan,nan,0.38
4/23/2026 20:36:05,1.17.3,FR5,75,4.00,nan,5,Left,Left,545,66,108,0,nan,nan,0.05
4/23/2026 20:36:06,1.17.3,FR5,75,4.00,1,5,Pellet,Left,545,66,109,0,0.35,32,nan
4/23/2026 20:36:16,1.17.3,FR5,75,4.00,nan,5,Left,Left,546,66,109,0,nan,nan,0.50
4/23/2026 20:36:18,1.17.3,FR5,75,4.00,nan,5,Left,Left,547,66,109,0,nan,nan,0.38
4/23/2026 20:36:19,1.17.3,FR5,75,4.00,nan,5,Left,Left,548,66,109,0,nan,nan,0.12
4/23/2026 20:36:21,1.17.3,FR5,75,4.00,nan,5,Left,Left,549,66,109,0,nan,nan,0.05
4/23/2026 20:36:22,1.17.3,FR5,75,4.01,nan,5,Left,Left,550,66,109,0,nan,nan,0.58
4/23/2026 20:36:23,1.17.3,FR5,75,4.00,1,5,Pellet,Left,550,66,110,0,0.47,17,nan
4/23/2026 20:36:29,1.17.3,FR5,75,4.00,nan,5,Left,Left,551,66,110,0,nan,nan,0.16
4/23/2026 20:36:30,1.17.3,FR5,75,4.00,nan,5,Left,Left,552,66,110,0,nan,nan,0.49
4/23/2026 20:36:31,1.17.3,FR5,75,4.00,nan,5,Left,Left,553,66,110,0,nan,nan,0.00
4/23/2026 20:36:34,1.17.3,FR5,75,4.00,nan,5,Left,Left,554,66,110,0,nan,nan,0.72
4/23/2026 20:36:35,1.17.3,FR5,75,4.00,nan,5,Left,Left,555,66,110,0,nan,nan,0.22
4/23/2026 20:36:36,1.17.3,FR5,75,4.00,1,5,Pellet,Left,555,66,111,0,0.41,13,nan
4/23/2026 20:36:50,1.17.3,FR5,75,4.00,nan,5,Left,Left,556,66,111,0,nan,nan,0.07
4/23/2026 20:36:52,1.17.3,FR5,75,4.00,nan,5,Left,Left,557,66,111,0,nan,nan,0.26
4/23/2026 20:41:49,1.17.3,FR5,75,4.00,nan,5,Right,Left,557,67,111,0,nan,nan,0.16
4/23/2026 20:47:15,1.17.3,FR5,75,4.00,nan,5,Right,Left,557,68,111,0,nan,nan,0.23
4/23/2026 20:49:12,1.17.3,FR5,75,4.00,nan,5,Right,Left,557,69,111,0,nan,nan,1.13
4/23/2026 20:49:29,1.17.3,FR5,75,4.00,nan,5,Right,Left,557,70,111,0,nan,nan,0.04
4/23/2026 20:51:43,1.17.3,FR5,75,4.00,nan,5,Right,Left,557,71,111,0,nan,nan,0.22
4/23/2026 20:57:47,1.17.3,FR5,75,4.00,nan,5,Left,Left,558,71,111,0,nan,nan,0.24
4/23/2026 20:57:55,1.17.3,FR5,75,4.00,nan,5,Right,Left,558,72,111,0,nan,nan,0.26
4/23/2026 21:00:55,1.17.3,FR5,75,4.00,nan,5,Right,Left,558,73,111,0,nan,nan,0.42
4/23/2026 21:00:56,1.17.3,FR5,75,4.00,nan,5,Right,Left,558,74,111,0,nan,nan,0.08
4/23/2026 21:06:47,1.17.3,FR5,75,4.00,nan,5,Left,Left,559,74,111,0,nan,nan,0.40
4/23/2026 21:06:55,1.17.3,FR5,75,4.00,nan,5,Right,Left,559,75,111,0,nan,nan,0.00
4/23/2026 21:12:58,1.17.3,FR5,75,4.00,nan,5,Right,Left,559,76,111,0,nan,nan,0.28
4/23/2026 21:18:09,1.17.3,FR5,75,4.00,nan,5,Right,Left,559,77,111,0,nan,nan,0.09
4/23/2026 21:18:12,1.17.3,FR5,75,4.00,nan,5,Right,Left,559,78,111,0,nan,nan,0.37
4/23/2026 21:32:33,1.17.3,FR5,75,4.00,nan,5,Right,Left,559,79,111,0,nan,nan,0.17
4/23/2026 21:40:10,1.17.3,FR5,75,4.00,nan,5,Right,Left,559,80,111,0,nan,nan,0.11
4/23/2026 21:40:36,1.17.3,FR5,75,4.00,nan,5,Right,Left,559,81,111,0,nan,nan,0.16
4/23/2026 21:42:50,1.17.3,FR5,75,4.00,nan,5,Right,Left,559,82,111,0,nan,nan,0.12
4/23/2026 21:42:53,1.17.3,FR5,75,4.00,nan,5,Right,Left,559,83,111,0,nan,nan,0.47
4/23/2026 21:43:06,1.17.3,FR5,75,4.00,nan,5,Left,Left,560,83,111,0,nan,nan,0.10
4/23/2026 21:43:07,1.17.3,FR5,75,4.00,1,5,Pellet,Left,560,83,112,0,0.41,3991,nan
4/23/2026 21:43:16,1.17.3,FR5,75,4.00,nan,5,Left,Left,561,83,112,0,nan,nan,0.32
4/23/2026 21:43:17,1.17.3,FR5,75,4.00,nan,5,Left,Left,562,83,112,0,nan,nan,0.09
4/23/2026 21:43:18,1.17.3,FR5,75,4.00,nan,5,Left,Left,563,83,112,0,nan,nan,0.15
4/23/2026 21:43:27,1.17.3,FR5,75,4.00,nan,5,Right,Left,563,84,112,0,nan,nan,0.06
4/23/2026 21:43:29,1.17.3,FR5,75,4.00,nan,5,Right,Left,563,85,112,0,nan,nan,0.03
4/23/2026 21:43:32,1.17.3,FR5,75,4.00,nan,5,Right,Left,563,86,112,0,nan,nan,1.55
4/23/2026 21:43:35,1.17.3,FR5,75,4.00,nan,5,Right,Left,563,87,112,0,nan,nan,0.02
4/23/2026 21:43:36,1.17.3,FR5,75,4.00,nan,5,Right,Left,563,88,112,0,nan,nan,0.09
4/23/2026 21:43:38,1.17.3,FR5,75,4.00,nan,5,Right,Left,563,89,112,0,nan,nan,1.01
4/23/2026 21:43:39,1.17.3,FR5,75,4.00,nan,5,Right,Left,563,90,112,0,nan,nan,0.04
4/23/2026 21:43:42,1.17.3,FR5,75,4.00,nan,5,Right,Left,563,91,112,0,nan,nan,1.11
4/23/2026 22:31:43,1.17.3,FR5,75,4.00,nan,5,Left,Left,564,91,112,0,nan,nan,0.27
4/23/2026 22:33:57,1.17.3,FR5,75,4.00,nan,5,Right,Left,564,92,112,0,nan,nan,0.26
4/23/2026 22:33:59,1.17.3,FR5,75,4.00,nan,5,Right,Left,564,93,112,0,nan,nan,0.44
4/23/2026 22:39:22,1.17.3,FR5,75,4.00,nan,5,Left,Left,565,93,112,0,nan,nan,0.45
4/23/2026 22:39:23,1.17.3,FR5,75,4.00,2,5,Pellet,Left,565,93,113,0,0.06,3376,nan
4/23/2026 22:39:37,1.17.3,FR5,75,4.00,nan,5,Left,Left,566,93,113,0,nan,nan,0.02
4/23/2026 22:39:41,1.17.3,FR5,75,4.00,nan,5,Left,Left,567,93,113,0,nan,nan,0.42
4/23/2026 22:39:53,1.17.3,FR5,75,4.00,nan,5,Left,Left,568,93,113,0,nan,nan,0.58
4/23/2026 22:39:55,1.17.3,FR5,75,4.00,nan,5,Left,Left,569,93,113,0,nan,nan,0.54
4/23/2026 22:39:58,1.17.3,FR5,75,4.00,nan,5,Left,Left,570,93,113,0,nan,nan,0.07
4/23/2026 22:39:59,1.17.3,FR5,75,4.00,1,5,Pellet,Left,570,93,114,0,0.59,36,nan
4/23/2026 22:40:07,1.17.3,FR5,75,4.00,nan,5,Left,Left,571,93,114,0,nan,nan,0.44
4/23/2026 22:40:09,1.17.3,FR5,75,4.00,nan,5,Left,Left,572,93,114,0,nan,nan,0.07
4/23/2026 22:40:10,1.17.3,FR5,75,4.00,nan,5,Left,Left,573,93,114,0,nan,nan,0.54
4/23/2026 22:40:11,1.17.3,FR5,75,4.00,nan,5,Left,Left,574,93,114,0,nan,nan,0.00
4/23/2026 22:40:12,1.17.3,FR5,75,4.00,nan,5,Left,Left,575,93,114,0,nan,nan,0.08
4/23/2026 22:40:13,1.17.3,FR5,75,4.00,1,5,Pellet,Left,575,93,115,0,0.12,14,nan
4/23/2026 22:40:34,1.17.3,FR5,75,4.00,nan,5,Left,Left,576,93,115,0,nan,nan,0.10
4/23/2026 22:40:36,1.17.3,FR5,75,4.00,nan,5,Left,Left,577,93,115,0,nan,nan,0.74
4/23/2026 22:40:39,1.17.3,FR5,75,4.00,nan,5,Left,Left,578,93,115,0,nan,nan,0.01
4/23/2026 22:40:40,1.17.3,FR5,75,4.00,nan,5,Left,Left,579,93,115,0,nan,nan,0.19
4/23/2026 22:40:41,1.17.3,FR5,75,4.00,nan,5,Left,Left,580,93,115,0,nan,nan,0.15
4/23/2026 22:40:43,1.17.3,FR5,75,4.00,1,5,Pellet,Left,580,93,116,0,0.35,30,nan
4/23/2026 22:40:57,1.17.3,FR5,75,4.00,nan,5,Left,Left,581,93,116,0,nan,nan,1.06
4/23/2026 22:40:57,1.17.3,FR5,75,4.00,nan,5,Left,Left,582,93,116,0,nan,nan,0.00
4/23/2026 22:41:00,1.17.3,FR5,75,4.00,nan,5,Left,Left,583,93,116,0,nan,nan,0.25
4/23/2026 22:41:00,1.17.3,FR5,75,4.00,nan,5,Left,Left,584,93,116,0,nan,nan,0.00
4/23/2026 22:41:02,1.17.3,FR5,75,4.00,nan,5,Left,Left,585,93,116,0,nan,nan,0.44
4/23/2026 22:41:03,1.17.3,FR5,75,4.00,1,5,Pellet,Left,585,93,117,0,0.53,20,nan
4/23/2026 22:41:20,1.17.3,FR5,75,4.00,nan,5,Left,Left,586,93,117,0,nan,nan,0.49
4/23/2026 22:41:21,1.17.3,FR5,75,4.00,nan,5,Left,Left,587,93,117,0,nan,nan,0.00
4/23/2026 22:41:22,1.17.3,FR5,75,4.00,nan,5,Left,Left,588,93,117,0,nan,nan,0.82
4/23/2026 22:41:23,1.17.3,FR5,75,4.00,nan,5,Left,Left,589,93,117,0,nan,nan,0.12
4/23/2026 22:41:25,1.17.3,FR5,75,4.00,nan,5,Left,Left,590,93,117,0,nan,nan,0.78
4/23/2026 22:41:26,1.17.3,FR5,75,4.00,1,5,Pellet,Left,590,93,118,0,0.29,23,nan
4/23/2026 22:41:42,1.17.3,FR5,75,4.00,nan,5,Left,Left,591,93,118,0,nan,nan,0.15
4/23/2026 22:41:46,1.17.3,FR5,75,4.00,nan,5,Left,Left,592,93,118,0,nan,nan,0.15
4/23/2026 22:44:07,1.17.3,FR5,75,4.00,nan,5,Left,Left,593,93,118,0,nan,nan,0.02
4/23/2026 22:46:00,1.17.3,FR5,75,4.00,nan,5,Right,Left,593,94,118,0,nan,nan,0.22
4/23/2026 22:53:30,1.17.3,FR5,75,4.00,nan,5,Left,Left,594,94,118,0,nan,nan,0.00
4/23/2026 22:54:09,1.17.3,FR5,75,4.00,nan,5,Left,Left,595,94,118,0,nan,nan,0.63
4/23/2026 22:54:11,1.17.3,FR5,75,4.00,1,5,Pellet,Left,595,94,119,0,1.07,765,nan
4/23/2026 22:54:56,1.17.3,FR5,75,4.00,nan,5,Left,Left,596,94,119,0,nan,nan,0.11
4/23/2026 22:55:32,1.17.3,FR5,75,4.00,nan,5,Right,Left,596,95,119,0,nan,nan,0.25
4/23/2026 22:55:42,1.17.3,FR5,75,4.00,nan,5,Right,Left,596,96,119,0,nan,nan,0.17
4/23/2026 22:57:16,1.17.3,FR5,75,4.00,nan,5,Left,Left,597,96,119,0,nan,nan,0.26
4/23/2026 22:57:22,1.17.3,FR5,75,4.00,nan,5,Left,Left,598,96,119,0,nan,nan,0.07
4/23/2026 22:57:22,1.17.3,FR5,75,4.00,nan,5,Left,Left,599,96,119,0,nan,nan,0.06
4/23/2026 22:57:25,1.17.3,FR5,75,4.00,nan,5,Left,Left,600,96,119,0,nan,nan,0.22
4/23/2026 22:57:28,1.17.3,FR5,75,4.00,nan,5,LeftWithPellet,Left,601,96,119,0,nan,nan,0.13
4/23/2026 22:57:29,1.17.3,FR5,75,4.00,1,5,Pellet,Left,601,96,120,0,3.64,198,nan
4/23/2026 22:57:55,1.17.3,FR5,75,4.00,nan,5,Left,Left,602,96,120,0,nan,nan,0.09
4/23/2026 22:58:01,1.17.3,FR5,75,4.00,nan,5,Left,Left,603,96,120,0,nan,nan,0.06
4/23/2026 22:58:05,1.17.3,FR5,75,4.00,nan,5,Left,Left,604,96,120,0,nan,nan,0.17
4/23/2026 22:58:06,1.17.3,FR5,75,4.00,nan,5,Right,Left,604,97,120,0,nan,nan,0.33
4/23/2026 23:02:22,1.17.3,FR5,75,4.00,nan,5,Left,Left,605,97,120,0,nan,nan,0.03
4/23/2026 23:03:17,1.17.3,FR5,75,4.00,1,5,Pellet,Left,605,97,121,0,54.81,348,nan
4/23/2026 23:06:42,1.17.3,FR5,75,4.00,nan,5,Right,Left,605,98,121,0,nan,nan,0.04
4/23/2026 23:18:13,1.17.3,FR5,75,4.00,nan,5,Left,Left,606,98,121,0,nan,nan,0.03
4/23/2026 23:20:52,1.17.3,FR5,75,4.00,nan,5,Left,Left,607,98,121,0,nan,nan,0.06
4/23/2026 23:25:30,1.17.3,FR5,75,4.00,nan,5,Left,Left,608,98,121,0,nan,nan,0.11
4/23/2026 23:40:35,1.17.3,FR5,75,4.00,nan,5,Right,Left,608,99,121,0,nan,nan,0.09
4/23/2026 23:40:46,1.17.3,FR5,75,4.00,nan,5,Left,Left,609,99,121,0,nan,nan,0.10
4/23/2026 23:40:52,1.17.3,FR5,75,4.00,nan,5,Left,Left,610,99,121,0,nan,nan,0.00
4/23/2026 23:43:01,1.17.3,FR5,75,4.00,1,5,Pellet,Left,610,99,122,0,Timed_out,2384,nan
4/23/2026 23:44:46,1.17.3,FR5,75,4.00,nan,5,Left,Left,611,99,122,0,nan,nan,0.12
4/23/2026 23:44:53,1.17.3,FR5,75,4.00,nan,5,Left,Left,612,99,122,0,nan,nan,0.33
4/24/2026 1:36:13,1.17.3,FR5,75,4.00,nan,5,Left,Left,613,99,122,0,nan,nan,0.14
4/24/2026 1:36:15,1.17.3,FR5,75,3.99,nan,5,Left,Left,614,99,122,0,nan,nan,0.78
4/24/2026 1:36:16,1.17.3,FR5,75,4.00,nan,5,Left,Left,615,99,122,0,nan,nan,0.25
4/24/2026 1:36:17,1.17.3,FR5,75,4.00,1,5,Pellet,Left,615,99,123,0,0.35,6796,nan
4/24/2026 1:36:47,1.17.3,FR5,75,4.00,nan,5,Right,Left,615,100,123,0,nan,nan,0.56
4/24/2026 1:36:53,1.17.3,FR5,75,4.00,nan,5,Left,Left,616,100,123,0,nan,nan,0.81
4/24/2026 1:36:55,1.17.3,FR5,75,3.99,nan,5,Left,Left,617,100,123,0,nan,nan,0.23
4/24/2026 1:36:57,1.17.3,FR5,75,3.99,nan,5,Left,Left,618,100,123,0,nan,nan,0.15
4/24/2026 1:37:03,1.17.3,FR5,75,3.99,nan,5,Left,Left,619,100,123,0,nan,nan,0.28
4/24/2026 1:37:05,1.17.3,FR5,75,4.00,nan,5,Left,Left,620,100,123,0,nan,nan,0.16
4/24/2026 1:37:06,1.17.3,FR5,75,3.99,2,5,Pellet,Left,620,100,124,0,0.06,49,nan
4/24/2026 1:37:18,1.17.3,FR5,75,4.00,nan,5,Left,Left,621,100,124,0,nan,nan,0.00
4/24/2026 1:37:19,1.17.3,FR5,75,3.99,nan,5,Left,Left,622,100,124,0,nan,nan,0.08
4/24/2026 1:37:20,1.17.3,FR5,75,4.00,nan,5,Left,Left,623,100,124,0,nan,nan,0.05
4/24/2026 1:37:21,1.17.3,FR5,75,3.99,nan,5,Left,Left,624,100,124,0,nan,nan,0.26
4/24/2026 1:37:23,1.17.3,FR5,75,4.00,nan,5,Left,Left,625,100,124,0,nan,nan,0.02
4/24/2026 1:37:24,1.17.3,FR5,75,4.00,1,5,Pellet,Left,625,100,125,0,0.41,18,nan
4/24/2026 1:37:34,1.17.3,FR5,75,3.99,nan,5,Left,Left,626,100,125,0,nan,nan,0.06
4/24/2026 1:37:46,1.17.3,FR5,75,4.00,nan,5,Left,Left,627,100,125,0,nan,nan,0.15
4/24/2026 1:37:48,1.17.3,FR5,75,3.99,nan,5,Left,Left,628,100,125,0,nan,nan,0.69
4/24/2026 1:37:50,1.17.3,FR5,75,4.00,nan,5,Left,Left,629,100,125,0,nan,nan,0.28
4/24/2026 1:37:51,1.17.3,FR5,75,4.00,nan,5,Left,Left,630,100,125,0,nan,nan,0.37
4/24/2026 1:37:51,1.17.3,FR5,75,3.99,nan,5,LeftDuringDispense,Left,631,100,125,0,nan,nan,0.21
4/24/2026 1:37:55,1.17.3,FR5,75,3.99,2,5,Pellet,Left,631,100,126,0,0.29,31,nan
4/24/2026 1:38:10,1.17.3,FR5,75,3.99,nan,5,Left,Left,632,100,126,0,nan,nan,0.40
4/24/2026 1:38:12,1.17.3,FR5,75,3.99,nan,5,Left,Left,633,100,126,0,nan,nan,0.27
4/24/2026 1:38:13,1.17.3,FR5,75,4.00,nan,5,Left,Left,634,100,126,0,nan,nan,0.10
4/24/2026 1:38:15,1.17.3,FR5,75,3.99,nan,5,Left,Left,635,100,126,0,nan,nan,0.27
4/24/2026 1:38:16,1.17.3,FR5,75,3.99,1,5,Pellet,Left,635,100,127,0,0.29,21,nan
4/24/2026 1:38:34,1.17.3,FR5,75,4.00,nan,5,Left,Left,636,100,127,0,nan,nan,0.36
4/24/2026 1:38:36,1.17.3,FR5,75,3.99,nan,5,Left,Left,637,100,127,0,nan,nan,0.08
4/24/2026 1:38:38,1.17.3,FR5,75,3.99,nan,5,Left,Left,638,100,127,0,nan,nan,0.17
4/24/2026 1:38:42,1.17.3,FR5,75,4.00,nan,5,Left,Left,639,100,127,0,nan,nan,0.11
4/24/2026 1:38:43,1.17.3,FR5,75,4.00,nan,5,Left,Left,640,100,127,0,nan,nan,0.07
4/24/2026 1:38:44,1.17.3,FR5,75,4.00,2,5,Pellet,Left,640,100,128,0,0.23,28,nan
4/24/2026 1:44:20,1.17.3,FR5,75,3.99,nan,5,Right,Left,640,101,128,0,nan,nan,0.25
4/24/2026 1:54:20,1.17.3,FR5,75,4.00,nan,5,Right,Left,640,102,128,0,nan,nan,0.67
4/24/2026 1:54:28,1.17.3,FR5,75,4.00,nan,5,Right,Left,640,103,128,0,nan,nan,0.79
4/24/2026 1:54:33,1.17.3,FR5,75,4.00,nan,5,Right,Left,640,104,128,0,nan,nan,1.06
4/24/2026 1:54:37,1.17.3,FR5,75,3.99,nan,5,Right,Left,640,105,128,0,nan,nan,1.53
4/24/2026 1:54:40,1.17.3,FR5,75,4.00,nan,5,Right,Left,640,106,128,0,nan,nan,1.03
4/24/2026 1:54:43,1.17.3,FR5,75,4.00,nan,5,Right,Left,640,107,128,0,nan,nan,1.83
4/24/2026 1:54:45,1.17.3,FR5,75,3.99,nan,5,Right,Left,640,108,128,0,nan,nan,0.84
4/24/2026 1:54:46,1.17.3,FR5,75,3.99,nan,5,Right,Left,640,109,128,0,nan,nan,0.13
4/24/2026 1:54:47,1.17.3,FR5,75,3.99,nan,5,Right,Left,640,110,128,0,nan,nan,0.00
4/24/2026 1:54:48,1.17.3,FR5,75,3.99,nan,5,Right,Left,640,111,128,0,nan,nan,0.06
4/24/2026 1:54:53,1.17.3,FR5,75,4.00,nan,5,Right,Left,640,112,128,0,nan,nan,0.07
4/24/2026 1:54:55,1.17.3,FR5,75,4.00,nan,5,Right,Left,640,113,128,0,nan,nan,0.00
4/24/2026 1:54:56,1.17.3,FR5,75,4.00,nan,5,Right,Left,640,114,128,0,nan,nan,0.00
4/24/2026 1:54:59,1.17.3,FR5,75,4.00,nan,5,Right,Left,640,115,128,0,nan,nan,0.07
4/24/2026 1:55:07,1.17.3,FR5,75,3.99,nan,5,Right,Left,640,116,128,0,nan,nan,0.16
4/24/2026 1:55:08,1.17.3,FR5,75,3.99,nan,5,Right,Left,640,117,128,0,nan,nan,0.11
4/24/2026 1:55:13,1.17.3,FR5,75,4.00,nan,5,Right,Left,640,118,128,0,nan,nan,2.47
4/24/2026 1:55:16,1.17.3,FR5,75,3.99,nan,5,Right,Left,640,119,128,0,nan,nan,1.41
4/24/2026 1:55:21,1.17.3,FR5,75,3.99,nan,5,Right,Left,640,120,128,0,nan,nan,2.06
4/24/2026 1:55:23,1.17.3,FR5,75,4.00,nan,5,Right,Left,640,121,128,0,nan,nan,0.85
4/24/2026 1:55:26,1.17.3,FR5,75,3.99,nan,5,Right,Left,640,122,128,0,nan,nan,1.30
4/24/2026 1:55:29,1.17.3,FR5,75,4.00,nan,5,Right,Left,640,123,128,0,nan,nan,0.63
4/24/2026 1:55:33,1.17.3,FR5,75,3.99,nan,5,Right,Left,640,124,128,0,nan,nan,1.14
4/24/2026 1:55:35,1.17.3,FR5,75,4.00,nan,5,Right,Left,640,125,128,0,nan,nan,0.55
4/24/2026 1:55:42,1.17.3,FR5,75,4.00,nan,5,Left,Left,641,125,128,0,nan,nan,0.14
4/24/2026 1:55:49,1.17.3,FR5,75,4.00,nan,5,Right,Left,641,126,128,0,nan,nan,0.02
4/24/2026 1:55:51,1.17.3,FR5,75,3.99,nan,5,Right,Left,641,127,128,0,nan,nan,1.36
4/24/2026 1:55:55,1.17.3,FR5,75,3.99,nan,5,Right,Left,641,128,128,0,nan,nan,1.53
4/24/2026 1:55:59,1.17.3,FR5,75,3.99,nan,5,Right,Left,641,129,128,0,nan,nan,0.77
4/24/2026 1:56:02,1.17.3,FR5,75,4.00,nan,5,Right,Left,641,130,128,0,nan,nan,0.11
4/24/2026 1:56:04,1.17.3,FR5,75,3.99,nan,5,Right,Left,641,131,128,0,nan,nan,1.02
4/24/2026 1:56:06,1.17.3,FR5,75,4.00,nan,5,Right,Left,641,132,128,0,nan,nan,0.44
4/24/2026 1:56:11,1.17.3,FR5,75,3.99,nan,5,Right,Left,641,133,128,0,nan,nan,1.30
4/24/2026 2:04:12,1.17.3,FR5,75,3.99,nan,5,Left,Left,642,133,128,0,nan,nan,0.14
4/24/2026 2:04:15,1.17.3,FR5,75,3.99,nan,5,Right,Left,642,134,128,0,nan,nan,0.95
4/24/2026 2:04:16,1.17.3,FR5,75,3.99,nan,5,Right,Left,642,135,128,0,nan,nan,0.00
4/24/2026 2:05:34,1.17.3,FR5,75,3.99,nan,5,Left,Left,643,135,128,0,nan,nan,0.27
4/24/2026 2:09:23,1.17.3,FR5,75,3.99,nan,5,Right,Left,643,136,128,0,nan,nan,0.11
4/24/2026 2:09:24,1.17.3,FR5,75,3.99,nan,5,Right,Left,643,137,128,0,nan,nan,0.44
4/24/2026 2:09:27,1.17.3,FR5,75,3.99,nan,5,Right,Left,643,138,128,0,nan,nan,0.39
4/24/2026 2:09:31,1.17.3,FR5,75,4.00,nan,5,Right,Left,643,139,128,0,nan,nan,0.27
4/24/2026 2:09:32,1.17.3,FR5,75,3.99,nan,5,Right,Left,643,140,128,0,nan,nan,0.00
4/24/2026 2:52:36,1.17.3,FR5,75,3.99,nan,5,Left,Left,644,140,128,0,nan,nan,0.02
4/24/2026 2:52:37,1.17.3,FR5,75,3.99,nan,5,Left,Left,645,140,128,0,nan,nan,0.29
4/24/2026 2:52:38,1.17.3,FR5,75,4.00,1,5,Pellet,Left,645,140,129,0,0.53,4434,nan
4/24/2026 2:52:54,1.17.3,FR5,75,3.99,nan,5,Left,Left,646,140,129,0,nan,nan,0.18
4/24/2026 2:52:56,1.17.3,FR5,75,3.99,nan,5,Left,Left,647,140,129,0,nan,nan,0.10
4/24/2026 2:52:57,1.17.3,FR5,75,3.99,nan,5,Left,Left,648,140,129,0,nan,nan,0.10
4/24/2026 2:52:59,1.17.3,FR5,75,3.99,nan,5,Left,Left,649,140,129,0,nan,nan,0.03
4/24/2026 2:53:01,1.17.3,FR5,75,3.99,nan,5,Left,Left,650,140,129,0,nan,nan,0.21
4/24/2026 2:53:02,1.17.3,FR5,75,3.99,1,5,Pellet,Left,650,140,130,0,0.71,24,nan
4/24/2026 2:53:16,1.17.3,FR5,75,3.99,nan,5,Left,Left,651,140,130,0,nan,nan,0.43
4/24/2026 2:53:17,1.17.3,FR5,75,4.00,nan,5,Left,Left,652,140,130,0,nan,nan,0.20
4/24/2026 2:53:23,1.17.3,FR5,75,4.00,nan,5,Left,Left,653,140,130,0,nan,nan,0.27
4/24/2026 2:53:24,1.17.3,FR5,75,3.99,nan,5,Left,Left,654,140,130,0,nan,nan,0.31
4/24/2026 2:53:25,1.17.3,FR5,75,3.99,nan,5,Left,Left,655,140,130,0,nan,nan,0.03
4/24/2026 2:53:27,1.17.3,FR5,75,3.99,1,5,Pellet,Left,655,140,131,0,0.89,25,nan
4/24/2026 4:20:36,1.17.3,FR5,75,3.98,nan,5,Left,Left,656,140,131,0,nan,nan,0.22
4/24/2026 4:21:18,1.17.3,FR5,75,3.99,nan,5,Right,Left,656,141,131,0,nan,nan,0.08
4/24/2026 4:21:19,1.17.3,FR5,75,3.99,nan,5,Right,Left,656,142,131,0,nan,nan,0.77
4/24/2026 4:21:22,1.17.3,FR5,75,3.99,nan,5,Right,Left,656,143,131,0,nan,nan,0.10
4/24/2026 4:22:30,1.17.3,FR5,75,3.99,nan,5,Right,Left,656,144,131,0,nan,nan,0.18
4/24/2026 4:26:43,1.17.3,FR5,75,3.99,nan,5,Left,Left,657,144,131,0,nan,nan,0.01
4/24/2026 4:33:02,1.17.3,FR5,75,3.99,nan,5,Left,Left,658,144,131,0,nan,nan,0.06
4/24/2026 4:39:13,1.17.3,FR5,75,3.98,nan,5,Left,Left,659,144,131,0,nan,nan,0.52
4/24/2026 4:39:15,1.17.3,FR5,75,3.99,nan,5,Left,Left,660,144,131,0,nan,nan,0.88
4/24/2026 4:39:18,1.17.3,FR5,75,3.99,2,5,Pellet,Left,660,144,132,0,0.23,6351,nan
4/24/2026 4:39:37,1.17.3,FR5,75,3.99,nan,5,Left,Left,661,144,132,0,nan,nan,0.26
4/24/2026 4:39:40,1.17.3,FR5,75,3.99,nan,5,Left,Left,662,144,132,0,nan,nan,1.01
4/24/2026 4:39:42,1.17.3,FR5,75,3.99,nan,5,Left,Left,663,144,132,0,nan,nan,1.11
4/24/2026 4:39:45,1.17.3,FR5,75,3.99,nan,5,Left,Left,664,144,132,0,nan,nan,0.29
4/24/2026 4:39:53,1.17.3,FR5,75,3.98,nan,5,Left,Left,665,144,132,0,nan,nan,0.32
4/24/2026 4:39:54,1.17.3,FR5,75,3.99,nan,5,LeftDuringDispense,Left,666,144,132,0,nan,nan,0.23
4/24/2026 4:39:57,1.17.3,FR5,75,3.99,2,5,Pellet,Left,666,144,133,0,0.35,39,nan
4/24/2026 4:40:12,1.17.3,FR5,75,3.99,nan,5,Left,Left,667,144,133,0,nan,nan,0.14
4/24/2026 4:40:17,1.17.3,FR5,75,3.99,nan,5,Right,Left,667,145,133,0,nan,nan,0.32
4/24/2026 4:40:19,1.17.3,FR5,75,3.99,nan,5,Right,Left,667,146,133,0,nan,nan,0.81
4/24/2026 4:40:52,1.17.3,FR5,75,3.98,nan,5,Right,Left,667,147,133,0,nan,nan,0.11
4/24/2026 4:54:24,1.17.3,FR5,75,3.99,nan,5,Right,Left,667,148,133,0,nan,nan,0.09
4/24/2026 4:55:14,1.17.3,FR5,75,3.99,nan,5,Right,Left,667,149,133,0,nan,nan,0.02
4/24/2026 4:55:16,1.17.3,FR5,75,3.99,nan,5,Right,Left,667,150,133,0,nan,nan,0.63
4/24/2026 4:56:36,1.17.3,FR5,75,3.99,nan,5,Left,Left,668,150,133,0,nan,nan,0.01
4/24/2026 4:56:37,1.17.3,FR5,75,3.99,nan,5,Right,Left,668,151,133,0,nan,nan,0.06
4/24/2026 4:56:46,1.17.3,FR5,75,3.99,nan,5,Left,Left,669,151,133,0,nan,nan,0.28
4/24/2026 4:57:46,1.17.3,FR5,75,3.99,nan,5,Left,Left,670,151,133,0,nan,nan,0.15
4/24/2026 4:57:47,1.17.3,FR5,75,3.98,1,5,Pellet,Left,670,151,134,0,0.29,1070,nan
4/24/2026 4:58:00,1.17.3,FR5,75,3.99,nan,5,Left,Left,671,151,134,0,nan,nan,0.29
4/24/2026 5:02:37,1.17.3,FR5,75,3.99,nan,5,Left,Left,672,151,134,0,nan,nan,0.18
4/24/2026 5:02:41,1.17.3,FR5,75,3.99,nan,5,Left,Left,673,151,134,0,nan,nan,0.05
4/24/2026 5:24:52,1.17.3,FR5,75,3.98,nan,5,Left,Left,674,151,134,0,nan,nan,0.07
4/24/2026 5:25:05,1.17.3,FR5,75,3.98,nan,5,Right,Left,674,152,134,0,nan,nan,0.10
4/24/2026 5:28:39,1.17.3,FR5,75,3.98,nan,5,Left,Left,675,152,134,0,nan,nan,0.02
4/24/2026 5:28:40,1.17.3,FR5,75,3.99,1,5,Pellet,Left,675,152,135,0,0.41,1853,nan
4/24/2026 5:28:55,1.17.3,FR5,75,3.99,nan,5,Left,Left,676,152,135,0,nan,nan,0.85
4/24/2026 5:28:58,1.17.3,FR5,75,4.00,nan,5,Left,Left,677,152,135,0,nan,nan,0.85
4/24/2026 5:29:00,1.17.3,FR5,75,3.98,nan,5,Left,Left,678,152,135,0,nan,nan,0.43
4/24/2026 5:29:01,1.17.3,FR5,75,3.98,nan,5,Left,Left,679,152,135,0,nan,nan,0.66
4/24/2026 5:29:55,1.17.3,FR5,75,3.98,nan,5,Right,Left,679,153,135,0,nan,nan,0.07
4/24/2026 5:30:18,1.17.3,FR5,75,3.99,nan,5,Right,Left,679,154,135,0,nan,nan,0.54
4/24/2026 5:31:34,1.17.3,FR5,75,3.98,nan,5,Right,Left,679,155,135,0,nan,nan,0.46
4/24/2026 5:31:37,1.17.3,FR5,75,3.98,nan,5,Left,Left,680,155,135,0,nan,nan,0.20
4/24/2026 5:31:38,1.17.3,FR5,75,3.99,1,5,Pellet,Left,680,155,136,0,0.65,178,nan
4/24/2026 5:33:22,1.17.3,FR5,75,3.98,nan,5,Left,Left,681,155,136,0,nan,nan,0.15
4/24/2026 5:33:29,1.17.3,FR5,75,3.98,nan,5,Right,Left,681,156,136,0,nan,nan,0.27
4/24/2026 5:33:36,1.17.3,FR5,75,3.99,nan,5,Left,Left,682,156,136,0,nan,nan,0.11
4/24/2026 5:43:15,1.17.3,FR5,75,3.98,nan,5,Left,Left,683,156,136,0,nan,nan,0.07
4/24/2026 5:44:28,1.17.3,FR5,75,3.98,nan,5,Left,Left,684,156,136,0,nan,nan,0.08
4/24/2026 5:57:53,1.17.3,FR5,75,3.98,nan,5,Right,Left,684,157,136,0,nan,nan,0.05
4/24/2026 5:59:35,1.17.3,FR5,75,3.98,nan,5,Left,Left,685,157,136,0,nan,nan,0.33
4/24/2026 5:59:36,1.17.3,FR5,75,3.98,2,5,Pellet,Left,685,157,137,0,0.29,1678,nan
4/24/2026 5:59:50,1.17.3,FR5,75,3.99,nan,5,Left,Left,686,157,137,0,nan,nan,0.15
4/24/2026 5:59:55,1.17.3,FR5,75,3.98,nan,5,Left,Left,687,157,137,0,nan,nan,0.16
4/24/2026 5:59:56,1.17.3,FR5,75,3.99,nan,5,Left,Left,688,157,137,0,nan,nan,0.29
4/24/2026 5:59:58,1.17.3,FR5,75,3.99,nan,5,Right,Left,688,158,137,0,nan,nan,0.12
4/24/2026 5:59:59,1.17.3,FR5,75,3.99,nan,5,Right,Left,688,159,137,0,nan,nan,0.00
4/24/2026 6:00:02,1.17.3,FR5,75,3.98,nan,5,Right,Left,688,160,137,0,nan,nan,0.19
4/24/2026 6:00:03,1.17.3,FR5,75,3.98,nan,5,Left,Left,689,160,137,0,nan,nan,0.10
4/24/2026 6:00:05,1.17.3,FR5,75,3.99,nan,5,Left,Left,690,160,137,0,nan,nan,0.06
4/24/2026 6:00:08,1.17.3,FR5,75,3.98,1,5,Pellet,Left,690,160,138,0,2.21,32,nan
4/24/2026 6:00:42,1.17.3,FR5,75,3.99,nan,5,Left,Left,691,160,138,0,nan,nan,0.05
4/24/2026 6:22:08,1.17.3,FR5,75,3.99,nan,5,Left,Left,692,160,138,0,nan,nan,0.10
4/24/2026 6:46:58,1.17.3,FR5,75,3.98,nan,5,Right,Left,692,161,138,0,nan,nan,0.22
4/24/2026 6:46:59,1.17.3,FR5,75,3.98,nan,5,Right,Left,692,162,138,0,nan,nan,0.25
4/24/2026 8:32:33,1.17.3,FR5,75,3.98,nan,5,Left,Left,693,162,138,0,nan,nan,0.23
4/24/2026 8:32:34,1.17.3,FR5,75,3.98,nan,5,Left,Left,694,162,138,0,nan,nan,0.05
4/24/2026 8:32:36,1.17.3,FR5,75,3.98,nan,5,Left,Left,695,162,138,0,nan,nan,0.44
4/24/2026 8:32:39,1.17.3,FR5,75,3.98,2,5,Pellet,Left,695,162,139,0,0.29,9151,nan
4/24/2026 8:32:55,1.17.3,FR5,75,3.98,nan,5,Left,Left,696,162,139,0,nan,nan,0.16
4/24/2026 8:32:56,1.17.3,FR5,75,3.98,nan,5,Left,Left,697,162,139,0,nan,nan,0.55
4/24/2026 8:32:58,1.17.3,FR5,75,3.98,nan,5,Left,Left,698,162,139,0,nan,nan,0.14
4/24/2026 8:32:59,1.17.3,FR5,75,3.98,nan,5,Left,Left,699,162,139,0,nan,nan,0.18
4/24/2026 8:33:00,1.17.3,FR5,75,3.98,nan,5,Left,Left,700,162,139,0,nan,nan,0.30
4/24/2026 8:33:01,1.17.3,FR5,75,3.98,1,5,Pellet,Left,700,162,140,0,0.53,22,nan
4/24/2026 8:33:27,1.17.3,FR5,75,3.98,nan,5,Left,Left,701,162,140,0,nan,nan,0.57
4/24/2026 8:33:30,1.17.3,FR5,75,3.98,nan,5,Left,Left,702,162,140,0,nan,nan,0.18
4/24/2026 8:33:31,1.17.3,FR5,75,3.98,nan,5,Left,Left,703,162,140,0,nan,nan,0.43
4/24/2026 8:33:32,1.17.3,FR5,75,3.98,nan,5,Left,Left,704,162,140,0,nan,nan,0.13
4/24/2026 8:33:34,1.17.3,FR5,75,3.98,nan,5,Left,Left,705,162,140,0,nan,nan,1.15
4/24/2026 8:33:35,1.17.3,FR5,75,3.98,1,5,Pellet,Left,705,162,141,0,0.35,34,nan
4/24/2026 8:33:49,1.17.3,FR5,75,3.98,nan,5,Left,Left,706,162,141,0,nan,nan,0.10
4/24/2026 8:33:51,1.17.3,FR5,75,3.98,nan,5,Left,Left,707,162,141,0,nan,nan,0.17
4/24/2026 8:33:53,1.17.3,FR5,75,3.98,nan,5,Left,Left,708,162,141,0,nan,nan,0.42
4/24/2026 8:33:55,1.17.3,FR5,75,3.98,nan,5,Left,Left,709,162,141,0,nan,nan,0.53
4/24/2026 8:33:59,1.17.3,FR5,75,3.98,nan,5,Left,Left,710,162,141,0,nan,nan,0.12
4/24/2026 8:34:00,1.17.3,FR5,75,3.98,1,5,Pellet,Left,710,162,142,0,0.47,25,nan
4/24/2026 8:34:16,1.17.3,FR5,75,3.98,nan,5,Left,Left,711,162,142,0,nan,nan,0.15
4/24/2026 8:35:06,1.17.3,FR5,75,3.98,nan,5,Left,Left,712,162,142,0,nan,nan,0.48
4/24/2026 8:35:08,1.17.3,FR5,75,3.98,nan,5,Left,Left,713,162,142,0,nan,nan,0.51
4/24/2026 8:35:10,1.17.3,FR5,75,3.98,nan,5,Left,Left,714,162,142,0,nan,nan,0.48
4/24/2026 8:35:12,1.17.3,FR5,75,3.98,nan,5,Left,Left,715,162,142,0,nan,nan,0.10
4/24/2026 8:35:14,1.17.3,FR5,75,3.98,1,5,Pellet,Left,715,162,143,0,0.65,73,nan
4/24/2026 8:35:30,1.17.3,FR5,75,3.98,nan,5,Left,Left,716,162,143,0,nan,nan,0.20
4/24/2026 9:48:32,1.17.3,FR5,75,3.98,nan,5,Left,Left,717,162,143,0,nan,nan,0.66
4/24/2026 9:48:34,1.17.3,FR5,75,3.98,nan,5,Left,Left,718,162,143,0,nan,nan,0.34
4/24/2026 9:48:37,1.17.3,FR5,75,3.98,nan,5,Left,Left,719,162,143,0,nan,nan,0.12
4/24/2026 9:48:39,1.17.3,FR5,75,3.98,nan,5,Left,Left,720,162,143,0,nan,nan,0.16
4/24/2026 9:48:40,1.17.3,FR5,75,3.98,1,5,Pellet,Left,720,162,144,0,0.89,4407,nan
4/24/2026 9:48:57,1.17.3,FR5,75,3.98,nan,5,Left,Left,721,162,144,0,nan,nan,0.15
4/24/2026 9:48:58,1.17.3,FR5,75,3.98,nan,5,Left,Left,722,162,144,0,nan,nan,0.28
4/24/2026 9:49:00,1.17.3,FR5,75,3.98,nan,5,Left,Left,723,162,144,0,nan,nan,0.30
4/24/2026 9:49:04,1.17.3,FR5,75,3.98,nan,5,Left,Left,724,162,144,0,nan,nan,0.20
4/24/2026 9:49:06,1.17.3,FR5,75,3.98,nan,5,Left,Left,725,162,144,0,nan,nan,0.71
4/24/2026 9:49:07,1.17.3,FR5,75,3.98,1,5,Pellet,Left,725,162,145,0,0.35,27,nan
4/24/2026 9:49:43,1.17.3,FR5,75,3.98,nan,5,Left,Left,726,162,145,0,nan,nan,0.34
4/24/2026 9:49:46,1.17.3,FR5,75,3.98,nan,5,Left,Left,727,162,145,0,nan,nan,0.08
4/24/2026 9:49:48,1.17.3,FR5,75,3.98,nan,5,Left,Left,728,162,145,0,nan,nan,0.45
4/24/2026 9:49:49,1.17.3,FR5,75,3.98,nan,5,Left,Left,729,162,145,0,nan,nan,0.02
4/24/2026 9:49:52,1.17.3,FR5,75,3.98,nan,5,Left,Left,730,162,145,0,nan,nan,0.21
4/24/2026 9:49:55,1.17.3,FR5,75,3.98,2,5,Pellet,Left,730,162,146,0,0.47,48,nan
4/24/2026 9:50:15,1.17.3,FR5,75,3.98,nan,5,Left,Left,731,162,146,0,nan,nan,0.14
4/24/2026 9:50:17,1.17.3,FR5,75,3.98,nan,5,Left,Left,732,162,146,0,nan,nan,0.67
4/24/2026 9:50:20,1.17.3,FR5,75,3.98,nan,5,Left,Left,733,162,146,0,nan,nan,0.08
4/24/2026 9:50:23,1.17.3,FR5,75,3.98,nan,5,Left,Left,734,162,146,0,nan,nan,0.39
4/24/2026 9:50:25,1.17.3,FR5,75,3.98,nan,5,Left,Left,735,162,146,0,nan,nan,0.10
4/24/2026 9:50:26,1.17.3,FR5,75,3.98,1,5,Pellet,Left,735,162,147,0,0.47,31,nan
4/24/2026 9:50:46,1.17.3,FR5,75,3.98,nan,5,Left,Left,736,162,147,0,nan,nan,0.20
4/24/2026 9:50:48,1.17.3,FR5,75,3.98,nan,5,Left,Left,737,162,147,0,nan,nan,0.09
4/24/2026 9:51:04,1.17.3,FR5,75,3.98,nan,5,Left,Left,738,162,147,0,nan,nan,0.13
4/24/2026 9:51:07,1.17.3,FR5,75,3.98,nan,5,Left,Left,739,162,147,0,nan,nan,0.02
4/24/2026 9:51:08,1.17.3,FR5,75,3.98,nan,5,Left,Left,740,162,147,0,nan,nan,0.36
4/24/2026 9:51:09,1.17.3,FR5,75,3.98,1,5,Pellet,Left,740,162,148,0,0.35,43,nan
4/24/2026 9:51:23,1.17.3,FR5,75,3.98,nan,5,Left,Left,741,162,148,0,nan,nan,0.09
4/24/2026 9:51:25,1.17.3,FR5,75,3.98,nan,5,Left,Left,742,162,148,0,nan,nan,0.05
4/24/2026 9:51:27,1.17.3,FR5,75,3.98,nan,5,Left,Left,743,162,148,0,nan,nan,0.22
4/24/2026 9:51:35,1.17.3,FR5,75,3.98,nan,5,Left,Left,744,162,148,0,nan,nan,0.14
4/24/2026 9:51:37,1.17.3,FR5,75,3.98,nan,5,Left,Left,745,162,148,0,nan,nan,0.29
4/24/2026 9:51:38,1.17.3,FR5,75,3.98,1,5,Pellet,Left,745,162,149,0,0.47,29,nan
4/24/2026 9:52:06,1.17.3,FR5,75,3.98,nan,5,Left,Left,746,162,149,0,nan,nan,0.45
4/24/2026 9:52:09,1.17.3,FR5,75,3.98,nan,5,Left,Left,747,162,149,0,nan,nan,0.13
4/24/2026 9:52:10,1.17.3,FR5,75,3.98,nan,5,Left,Left,748,162,149,0,nan,nan,0.47
4/24/2026 9:52:13,1.17.3,FR5,75,3.98,nan,5,Left,Left,749,162,149,0,nan,nan,0.17
4/24/2026 9:52:14,1.17.3,FR5,75,3.98,nan,5,Left,Left,750,162,149,0,nan,nan,0.08
4/24/2026 9:52:15,1.17.3,FR5,75,3.98,2,5,Pellet,Left,750,162,150,0,0.06,37,nan
4/24/2026 9:52:50,1.17.3,FR5,75,3.98,nan,5,Left,Left,751,162,150,0,nan,nan,0.03
4/24/2026 9:52:51,1.17.3,FR5,75,3.98,nan,5,Left,Left,752,162,150,0,nan,nan,0.14
4/24/2026 9:52:53,1.17.3,FR5,75,3.98,nan,5,Left,Left,753,162,150,0,nan,nan,0.27
4/24/2026 9:52:56,1.17.3,FR5,75,3.98,nan,5,Left,Left,754,162,150,0,nan,nan,0.22
4/24/2026 9:52:58,1.17.3,FR5,75,3.98,nan,5,Left,Left,755,162,150,0,nan,nan,0.02
4/24/2026 9:52:59,1.17.3,FR5,75,3.98,1,5,Pellet,Left,755,162,151,0,0.83,44,nan
4/24/2026 9:53:17,1.17.3,FR5,75,3.98,nan,5,Left,Left,756,162,151,0,nan,nan,0.04
4/24/2026 9:53:18,1.17.3,FR5,75,3.98,nan,5,Left,Left,757,162,151,0,nan,nan,0.36
4/24/2026 9:53:19,1.17.3,FR5,75,3.98,nan,5,Left,Left,758,162,151,0,nan,nan,0.92
4/24/2026 9:53:21,1.17.3,FR5,75,3.98,nan,5,Left,Left,759,162,151,0,nan,nan,0.18
4/24/2026 9:53:23,1.17.3,FR5,75,3.98,nan,5,Left,Left,760,162,151,0,nan,nan,0.40
4/24/2026 9:53:24,1.17.3,FR5,75,3.98,1,5,Pellet,Left,760,162,152,0,0.41,25,nan
4/24/2026 9:53:48,1.17.3,FR5,75,3.98,nan,5,Left,Left,761,162,152,0,nan,nan,0.09
4/24/2026 9:53:49,1.17.3,FR5,75,3.98,nan,5,Left,Left,762,162,152,0,nan,nan,0.11
4/24/2026 9:53:49,1.17.3,FR5,75,3.98,nan,5,Left,Left,763,162,152,0,nan,nan,0.07
4/24/2026 9:53:54,1.17.3,FR5,75,3.98,nan,5,Left,Left,764,162,152,0,nan,nan,0.34
4/24/2026 9:53:55,1.17.3,FR5,75,3.98,nan,5,Left,Left,765,162,152,0,nan,nan,0.02
4/24/2026 9:53:58,1.17.3,FR5,75,3.98,2,5,Pellet,Left,765,162,153,0,0.71,34,nan
4/24/2026 9:54:10,1.17.3,FR5,75,3.98,nan,5,Left,Left,766,162,153,0,nan,nan,0.02
4/24/2026 9:54:11,1.17.3,FR5,75,3.98,nan,5,Left,Left,767,162,153,0,nan,nan,0.28
4/24/2026 9:54:13,1.17.3,FR5,75,3.98,nan,5,Left,Left,768,162,153,0,nan,nan,0.02
4/24/2026 9:54:15,1.17.3,FR5,75,3.98,nan,5,Left,Left,769,162,153,0,nan,nan,0.16
4/24/2026 10:58:04,1.17.3,FR5,75,3.98,nan,5,Left,Left,770,162,153,0,nan,nan,0.11
4/24/2026 10:58:05,1.17.3,FR5,75,3.98,1,5,Pellet,Left,770,162,154,0,0.06,3847,nan
4/24/2026 10:58:14,1.17.3,FR5,75,3.98,nan,5,Left,Left,771,162,154,0,nan,nan,0.12
4/24/2026 10:58:15,1.17.3,FR5,75,3.98,nan,5,Left,Left,772,162,154,0,nan,nan,0.40
4/24/2026 10:58:16,1.17.3,FR5,75,3.98,nan,5,Left,Left,773,162,154,0,nan,nan,0.00
4/24/2026 10:58:18,1.17.3,FR5,75,3.98,nan,5,Left,Left,774,162,154,0,nan,nan,0.11
4/24/2026 10:58:19,1.17.3,FR5,75,3.98,nan,5,Left,Left,775,162,154,0,nan,nan,0.37
4/24/2026 10:58:21,1.17.3,FR5,75,3.98,1,5,Pellet,Left,775,162,155,0,0.53,16,nan
4/24/2026 10:59:11,1.17.3,FR5,75,3.98,nan,5,Left,Left,776,162,155,0,nan,nan,0.09
4/24/2026 10:59:14,1.17.3,FR5,75,3.98,nan,5,Left,Left,777,162,155,0,nan,nan,0.02
4/24/2026 10:59:19,1.17.3,FR5,75,3.98,nan,5,Left,Left,778,162,155,0,nan,nan,0.03
4/24/2026 10:59:21,1.17.3,FR5,75,3.98,nan,5,Left,Left,779,162,155,0,nan,nan,0.30
4/24/2026 10:59:23,1.17.3,FR5,75,3.98,nan,5,Left,Left,780,162,155,0,nan,nan,0.11
4/24/2026 10:59:24,1.17.3,FR5,75,3.98,1,5,Pellet,Left,780,162,156,0,0.35,63,nan
4/24/2026 11:00:26,1.17.3,FR5,75,3.98,nan,5,Right,Left,780,163,156,0,nan,nan,0.20
4/24/2026 11:00:28,1.17.3,FR5,75,3.98,nan,5,Left,Left,781,163,156,0,nan,nan,0.28
4/24/2026 11:00:31,1.17.3,FR5,75,3.97,nan,5,Left,Left,782,163,156,0,nan,nan,0.45
4/24/2026 11:00:32,1.17.3,FR5,75,3.97,nan,5,Left,Left,783,163,156,0,nan,nan,0.04
4/24/2026 11:00:35,1.17.3,FR5,75,3.98,nan,5,Left,Left,784,163,156,0,nan,nan,0.09
4/24/2026 11:00:36,1.17.3,FR5,75,3.98,nan,5,Left,Left,785,163,156,0,nan,nan,0.18
4/24/2026 11:00:37,1.17.3,FR5,75,3.97,1,5,Pellet,Left,785,163,157,0,0.41,73,nan
4/24/2026 12:10:09,1.17.3,FR5,75,3.98,nan,5,Left,Left,786,163,157,0,nan,nan,0.06
4/24/2026 12:15:42,1.17.3,FR5,75,3.98,nan,5,Left,Left,787,163,157,0,nan,nan,0.26
4/24/2026 12:18:48,1.17.3,FR5,75,3.98,nan,5,Left,Left,788,163,157,0,nan,nan,0.42
4/24/2026 13:20:57,1.17.3,FR5,75,3.98,nan,5,Left,Left,789,163,157,0,nan,nan,0.31
4/24/2026 13:20:59,1.17.3,FR5,75,3.97,nan,5,Left,Left,790,163,157,0,nan,nan,0.12
4/24/2026 13:21:02,1.17.3,FR5,75,3.96,2,5,Pellet,Left,790,163,158,0,0.17,8425,nan
4/24/2026 13:21:27,1.17.3,FR5,75,3.96,nan,5,Left,Left,791,163,158,0,nan,nan,0.02
4/24/2026 13:21:29,1.17.3,FR5,75,3.97,nan,5,Left,Left,792,163,158,0,nan,nan,0.29
4/24/2026 13:21:30,1.17.3,FR5,75,3.97,nan,5,Left,Left,793,163,158,0,nan,nan,0.54
4/24/2026 13:21:32,1.17.3,FR5,75,3.97,nan,5,Left,Left,794,163,158,0,nan,nan,0.40
4/24/2026 13:21:33,1.17.3,FR5,75,3.97,nan,5,Left,Left,795,163,158,0,nan,nan,0.11
4/24/2026 13:21:36,1.17.3,FR5,75,3.97,2,5,Pellet,Left,795,163,159,0,0.29,34,nan
4/24/2026 13:21:43,1.17.3,FR5,75,3.97,nan,5,Left,Left,796,163,159,0,nan,nan,0.00
4/24/2026 13:21:44,1.17.3,FR5,75,3.97,nan,5,Left,Left,797,163,159,0,nan,nan,0.23
4/24/2026 13:21:45,1.17.3,FR5,75,3.97,nan,5,Left,Left,798,163,159,0,nan,nan,0.00
4/24/2026 13:21:47,1.17.3,FR5,75,3.98,nan,5,Left,Left,799,163,159,0,nan,nan,0.08
4/24/2026 13:21:48,1.17.3,FR5,75,3.97,nan,5,Left,Left,800,163,159,0,nan,nan,0.63
4/24/2026 13:21:49,1.17.3,FR5,75,3.97,1,5,Pellet,Left,800,163,160,0,0.23,13,nan
4/24/2026 13:21:57,1.17.3,FR5,75,3.98,nan,5,Left,Left,801,163,160,0,nan,nan,0.15
4/24/2026 13:21:59,1.17.3,FR5,75,3.97,nan,5,Left,Left,802,163,160,0,nan,nan,0.02
4/24/2026 13:22:03,1.17.3,FR5,75,3.97,nan,5,Left,Left,803,163,160,0,nan,nan,0.58
4/24/2026 13:22:04,1.17.3,FR5,75,3.98,nan,5,Left,Left,804,163,160,0,nan,nan,0.51
4/24/2026 13:22:05,1.17.3,FR5,75,3.97,nan,5,Left,Left,805,163,160,0,nan,nan,0.11
4/24/2026 13:22:07,1.17.3,FR5,75,3.97,1,5,Pellet,Left,805,163,161,0,0.65,18,nan
4/24/2026 13:22:26,1.17.3,FR5,75,3.97,nan,5,Left,Left,806,163,161,0,nan,nan,0.26
4/24/2026 13:22:27,1.17.3,FR5,75,3.98,nan,5,Left,Left,807,163,161,0,nan,nan,0.26
4/24/2026 13:22:29,1.17.3,FR5,75,3.98,nan,5,Left,Left,808,163,161,0,nan,nan,0.56
4/24/2026 13:22:31,1.17.3,FR5,75,3.97,nan,5,Left,Left,809,163,161,0,nan,nan,0.03
4/24/2026 13:22:32,1.17.3,FR5,75,3.97,nan,5,Left,Left,810,163,161,0,nan,nan,0.21
4/24/2026 13:22:33,1.17.3,FR5,75,3.97,1,5,Pellet,Left,810,163,162,0,0.29,26,nan
4/24/2026 13:22:42,1.17.3,FR5,75,3.97,nan,5,Left,Left,811,163,162,0,nan,nan,0.05
4/24/2026 13:22:43,1.17.3,FR5,75,3.97,nan,5,Left,Left,812,163,162,0,nan,nan,0.00
4/24/2026 13:22:44,1.17.3,FR5,75,3.98,nan,5,Left,Left,813,163,162,0,nan,nan,0.25
4/24/2026 13:22:46,1.17.3,FR5,75,3.97,nan,5,Left,Left,814,163,162,0,nan,nan,0.74
4/24/2026 13:22:47,1.17.3,FR5,75,3.97,nan,5,Left,Left,815,163,162,0,nan,nan,0.40
4/24/2026 13:22:48,1.17.3,FR5,75,3.98,1,5,Pellet,Left,815,163,163,0,0.06,15,nan
4/24/2026 13:22:55,1.17.3,FR5,75,3.97,nan,5,Left,Left,816,163,163,0,nan,nan,0.04
4/24/2026 13:22:57,1.17.3,FR5,75,3.97,nan,5,Left,Left,817,163,163,0,nan,nan,0.04
4/24/2026 13:22:57,1.17.3,FR5,75,3.97,nan,5,Left,Left,818,163,163,0,nan,nan,0.00
4/24/2026 13:22:58,1.17.3,FR5,75,3.97,nan,5,Left,Left,819,163,163,0,nan,nan,0.00
4/24/2026 13:23:03,1.17.3,FR5,75,3.98,nan,5,Left,Left,820,163,163,0,nan,nan,0.09
4/24/2026 13:23:04,1.17.3,FR5,75,3.97,1,5,Pellet,Left,820,163,164,0,0.53,16,nan
4/24/2026 13:23:19,1.17.3,FR5,75,3.96,nan,5,Left,Left,821,163,164,0,nan,nan,0.04
4/24/2026 13:23:21,1.17.3,FR5,75,3.98,nan,5,Left,Left,822,163,164,0,nan,nan,0.93
4/24/2026 13:23:22,1.17.3,FR5,75,3.98,nan,5,Left,Left,823,163,164,0,nan,nan,0.09
4/24/2026 13:23:26,1.17.3,FR5,75,3.97,nan,5,Left,Left,824,163,164,0,nan,nan,0.02
4/24/2026 13:23:28,1.17.3,FR5,75,3.98,nan,5,Left,Left,825,163,164,0,nan,nan,0.18
4/24/2026 13:23:29,1.17.3,FR5,75,3.97,1,5,Pellet,Left,825,163,165,0,0.23,25,nan
4/24/2026 14:36:43,1.17.3,FR5,75,3.97,nan,5,Left,Left,826,163,165,0,nan,nan,0.74
4/24/2026 14:36:44,1.17.3,FR5,75,3.97,nan,5,Left,Left,827,163,165,0,nan,nan,0.14
4/24/2026 14:36:46,1.17.3,FR5,75,3.97,nan,5,Left,Left,828,163,165,0,nan,nan,0.25
4/24/2026 14:36:48,1.17.3,FR5,75,3.97,nan,5,Left,Left,829,163,165,0,nan,nan,0.44
4/24/2026 14:36:48,1.17.3,FR5,75,3.97,nan,5,Left,Left,830,163,165,0,nan,nan,0.00
4/24/2026 14:36:52,1.17.3,FR5,75,3.97,2,5,Pellet,Left,830,163,166,0,0.65,4403,nan
4/24/2026 14:37:02,1.17.3,FR5,75,3.97,nan,5,Left,Left,831,163,166,0,nan,nan,0.02
4/24/2026 14:37:04,1.17.3,FR5,75,3.96,nan,5,Left,Left,832,163,166,0,nan,nan,0.10
4/24/2026 14:37:06,1.17.3,FR5,75,3.97,nan,5,Left,Left,833,163,166,0,nan,nan,0.08
4/24/2026 14:37:10,1.17.3,FR5,75,3.98,nan,5,Left,Left,834,163,166,0,nan,nan,0.06
4/24/2026 14:37:16,1.17.3,FR5,75,3.97,nan,5,Left,Left,835,163,166,0,nan,nan,0.46
4/24/2026 14:37:18,1.17.3,FR5,75,3.97,1,5,Pellet,Left,835,163,167,0,0.41,26,nan
4/24/2026 14:37:32,1.17.3,FR5,75,3.97,nan,5,Left,Left,836,163,167,0,nan,nan,0.29
4/24/2026 14:37:33,1.17.3,FR5,75,3.97,nan,5,Left,Left,837,163,167,0,nan,nan,0.60
4/24/2026 14:37:35,1.17.3,FR5,75,3.96,nan,5,Left,Left,838,163,167,0,nan,nan,0.02
4/24/2026 15:34:04,1.17.3,FR5,75,3.97,nan,5,Left,Left,839,163,167,0,nan,nan,0.15
4/24/2026 15:34:05,1.17.3,FR5,75,3.97,nan,5,Left,Left,840,163,167,0,nan,nan,0.15
4/24/2026 15:34:07,1.17.3,FR5,75,3.97,1,5,Pellet,Left,840,163,168,0,0.71,3409,nan
4/24/2026 15:34:19,1.17.3,FR5,75,3.96,nan,5,Left,Left,841,163,168,0,nan,nan,0.02
4/24/2026 15:34:19,1.17.3,FR5,75,3.96,nan,5,Left,Left,842,163,168,0,nan,nan,0.21
4/24/2026 15:34:22,1.17.3,FR5,75,3.97,nan,5,Left,Left,843,163,168,0,nan,nan,0.44
4/24/2026 15:34:25,1.17.3,FR5,75,3.97,nan,5,Left,Left,844,163,168,0,nan,nan,0.09
4/24/2026 15:34:27,1.17.3,FR5,75,3.96,nan,5,Left,Left,845,163,168,0,nan,nan,0.10
4/24/2026 15:34:28,1.17.3,FR5,75,3.97,1,5,Pellet,Left,845,163,169,0,0.35,21,nan
4/24/2026 15:34:38,1.17.3,FR5,75,3.96,nan,5,Left,Left,846,163,169,0,nan,nan,0.16
4/24/2026 15:34:38,1.17.3,FR5,75,3.96,nan,5,Left,Left,847,163,169,0,nan,nan,0.00
4/24/2026 15:34:39,1.17.3,FR5,75,3.96,nan,5,Left,Left,848,163,169,0,nan,nan,0.06
4/24/2026 15:34:43,1.17.3,FR5,75,3.97,nan,5,Left,Left,849,163,169,0,nan,nan,0.36
4/24/2026 15:34:45,1.17.3,FR5,75,3.97,nan,5,Left,Left,850,163,169,0,nan,nan,0.04
4/24/2026 15:34:47,1.17.3,FR5,75,3.97,1,5,Pellet,Left,850,163,170,0,0.47,19,nan
4/24/2026 15:35:10,1.17.3,FR5,75,3.97,nan,5,Left,Left,851,163,170,0,nan,nan,0.48
4/24/2026 15:35:12,1.17.3,FR5,75,3.96,nan,5,Left,Left,852,163,170,0,nan,nan,0.04
4/24/2026 15:35:14,1.17.3,FR5,75,3.97,nan,5,Left,Left,853,163,170,0,nan,nan,0.44
4/24/2026 15:35:17,1.17.3,FR5,75,3.97,nan,5,Left,Left,854,163,170,0,nan,nan,0.12
4/24/2026 15:35:23,1.17.3,FR5,75,3.97,nan,5,Left,Left,855,163,170,0,nan,nan,0.49
4/24/2026 15:35:24,1.17.3,FR5,75,3.97,1,5,Pellet,Left,855,163,171,0,0.47,37,nan
4/24/2026 15:35:41,1.17.3,FR5,75,3.97,nan,5,Left,Left,856,163,171,0,nan,nan,0.03
4/24/2026 15:35:41,1.17.3,FR5,75,3.96,nan,5,Left,Left,857,163,171,0,nan,nan,0.00
4/24/2026 15:35:43,1.17.3,FR5,75,3.96,nan,5,Left,Left,858,163,171,0,nan,nan,0.85
4/24/2026 15:35:45,1.17.3,FR5,75,3.97,nan,5,Left,Left,859,163,171,0,nan,nan,0.10
4/24/2026 15:35:47,1.17.3,FR5,75,3.97,nan,5,Left,Left,860,163,171,0,nan,nan,0.54
4/24/2026 15:35:49,1.17.3,FR5,75,3.97,1,5,Pellet,Left,860,163,172,0,0.83,25,nan
4/24/2026 15:36:01,1.17.3,FR5,75,3.96,nan,5,Left,Left,861,163,172,0,nan,nan,0.00
4/24/2026 15:36:03,1.17.3,FR5,75,3.97,nan,5,Left,Left,862,163,172,0,nan,nan,0.57
4/24/2026 15:36:21,1.17.3,FR5,75,3.96,nan,5,Left,Left,863,163,172,0,nan,nan,0.71
4/24/2026 15:36:22,1.17.3,FR5,75,3.97,nan,5,Left,Left,864,163,172,0,nan,nan,0.60
4/24/2026 15:36:25,1.17.3,FR5,75,3.97,nan,5,Left,Left,865,163,172,0,nan,nan,0.16
4/24/2026 15:36:28,1.17.3,FR5,75,3.97,2,5,Pellet,Left,865,163,173,0,0.17,39,nan
4/24/2026 15:36:37,1.17.3,FR5,75,3.96,nan,5,Left,Left,866,163,173,0,nan,nan,0.19
4/24/2026 15:36:39,1.17.3,FR5,75,3.96,nan,5,Left,Left,867,163,173,0,nan,nan,0.19
4/24/2026 15:36:53,1.17.3,FR5,75,3.96,nan,5,Left,Left,868,163,173,0,nan,nan,0.06
4/24/2026 15:37:00,1.17.3,FR5,75,3.97,nan,5,Left,Left,869,163,173,0,nan,nan,0.37
4/24/2026 15:37:03,1.17.3,FR5,75,3.97,nan,5,Left,Left,870,163,173,0,nan,nan,0.15
4/24/2026 15:37:04,1.17.3,FR5,75,3.96,1,5,Pellet,Left,870,163,174,0,0.17,36,nan
4/24/2026 15:37:27,1.17.3,FR5,75,3.96,nan,5,Left,Left,871,163,174,0,nan,nan,0.39
4/24/2026 15:37:28,1.17.3,FR5,75,3.97,nan,5,Left,Left,872,163,174,0,nan,nan,0.45
4/24/2026 15:37:35,1.17.3,FR5,75,3.97,nan,5,Left,Left,873,163,174,0,nan,nan,0.07
4/24/2026 16:19:47,1.17.3,FR5,75,3.97,nan,5,Left,Left,874,163,174,0,nan,nan,0.00
4/24/2026 16:19:49,1.17.3,FR5,75,3.96,nan,5,Left,Left,875,163,174,0,nan,nan,0.52
4/24/2026 16:19:50,1.17.3,FR5,75,3.96,nan,5,LeftDuringDispense,Left,876,163,174,0,nan,nan,0.03
4/24/2026 16:19:53,1.17.3,FR5,75,3.96,2,5,Pellet,Left,876,163,175,0,1.13,2569,nan
4/24/2026 16:20:19,1.17.3,FR5,75,3.97,nan,5,Left,Left,877,163,175,0,nan,nan,0.17
4/24/2026 16:20:21,1.17.3,FR5,75,3.96,nan,5,Left,Left,878,163,175,0,nan,nan,0.68
4/24/2026 16:20:22,1.17.3,FR5,75,3.97,nan,5,Left,Left,879,163,175,0,nan,nan,0.17
4/24/2026 16:20:24,1.17.3,FR5,75,3.96,nan,5,Left,Left,880,163,175,0,nan,nan,0.67
4/24/2026 16:20:25,1.17.3,FR5,75,3.96,1,5,Pellet,Left,880,163,176,0,0.47,32,nan
4/24/2026 16:20:45,1.17.3,FR5,75,3.96,nan,5,Left,Left,881,163,176,0,nan,nan,0.12
4/24/2026 16:20:48,1.17.3,FR5,75,3.97,nan,5,Left,Left,882,163,176,0,nan,nan,0.10
4/24/2026 16:20:51,1.17.3,FR5,75,3.96,nan,5,Left,Left,883,163,176,0,nan,nan,0.09
4/24/2026 16:20:59,1.17.3,FR5,75,3.96,nan,5,Left,Left,884,163,176,0,nan,nan,0.55
4/24/2026 16:21:03,1.17.3,FR5,75,3.96,nan,5,Left,Left,885,163,176,0,nan,nan,0.06
4/24/2026 16:21:04,1.17.3,FR5,75,3.96,nan,5,LeftDuringDispense,Left,886,163,176,0,nan,nan,0.40
4/24/2026 16:21:07,1.17.3,FR5,75,3.96,2,5,Pellet,Left,886,163,177,0,0.35,42,nan
4/24/2026 16:21:41,1.17.3,FR5,75,3.96,nan,5,Left,Left,887,163,177,0,nan,nan,0.13
4/24/2026 16:21:43,1.17.3,FR5,75,3.97,nan,5,Left,Left,888,163,177,0,nan,nan,0.83
4/24/2026 16:21:58,1.17.3,FR5,75,3.96,nan,5,Left,Left,889,163,177,0,nan,nan,0.25
4/24/2026 16:22:00,1.17.3,FR5,75,3.96,nan,5,Left,Left,890,163,177,0,nan,nan,0.70
4/24/2026 16:22:01,1.17.3,FR5,75,3.96,1,5,Pellet,Left,890,163,178,0,0.77,54,nan
4/24/2026 16:22:13,1.17.3,FR5,75,3.97,nan,5,Left,Left,891,163,178,0,nan,nan,0.27
4/24/2026 16:22:15,1.17.3,FR5,75,3.96,nan,5,Left,Left,892,163,178,0,nan,nan,0.65
4/24/2026 16:22:15,1.17.3,FR5,75,3.96,nan,5,Left,Left,893,163,178,0,nan,nan,0.26
4/24/2026 16:22:17,1.17.3,FR5,75,3.97,nan,5,Left,Left,894,163,178,0,nan,nan,0.02
4/24/2026 16:22:18,1.17.3,FR5,75,3.96,nan,5,Left,Left,895,163,178,0,nan,nan,0.24
4/24/2026 16:22:19,1.17.3,FR5,75,3.96,1,5,Pellet,Left,895,163,179,0,0.35,18,nan
4/24/2026 16:22:43,1.17.3,FR5,75,3.96,nan,5,Left,Left,896,163,179,0,nan,nan,0.18
4/24/2026 16:22:45,1.17.3,FR5,75,3.96,nan,5,Left,Left,897,163,179,0,nan,nan,0.62
4/24/2026 16:22:47,1.17.3,FR5,75,3.96,nan,5,Left,Left,898,163,179,0,nan,nan,0.37
4/24/2026 16:22:51,1.17.3,FR5,75,3.96,nan,5,Left,Left,899,163,179,0,nan,nan,0.42
4/24/2026 17:38:50,1.17.3,FR5,75,3.96,nan,5,Left,Left,900,163,179,0,nan,nan,0.24
4/24/2026 17:38:54,1.17.3,FR5,75,3.96,2,5,Pellet,Left,900,163,180,0,0.83,4595,nan
4/24/2026 17:39:15,1.17.3,FR5,75,3.96,nan,5,Left,Left,901,163,180,0,nan,nan,0.68
4/24/2026 17:39:17,1.17.3,FR5,75,3.96,nan,5,Left,Left,902,163,180,0,nan,nan,0.75
4/24/2026 17:39:22,1.17.3,FR5,75,3.96,nan,5,Left,Left,903,163,180,0,nan,nan,0.32
4/24/2026 17:39:23,1.17.3,FR5,75,3.96,nan,5,Left,Left,904,163,180,0,nan,nan,0.27
4/24/2026 17:39:25,1.17.3,FR5,75,3.96,nan,5,Left,Left,905,163,180,0,nan,nan,0.58
4/24/2026 17:39:26,1.17.3,FR5,75,3.96,1,5,Pellet,Left,905,163,181,0,0.29,32,nan
4/24/2026 17:39:50,1.17.3,FR5,75,3.96,nan,5,Left,Left,906,163,181,0,nan,nan,0.27
4/24/2026 17:39:51,1.17.3,FR5,75,3.96,nan,5,Left,Left,907,163,181,0,nan,nan,0.09
4/24/2026 17:39:54,1.17.3,FR5,75,3.96,nan,5,Left,Left,908,163,181,0,nan,nan,0.77
4/24/2026 17:39:59,1.17.3,FR5,75,3.96,nan,5,Left,Left,909,163,181,0,nan,nan,0.29
4/24/2026 17:40:00,1.17.3,FR5,75,3.96,nan,5,Left,Left,910,163,181,0,nan,nan,0.27
4/24/2026 17:40:01,1.17.3,FR5,75,3.96,1,5,Pellet,Left,910,163,182,0,0.23,35,nan
4/24/2026 17:40:28,1.17.3,FR5,75,3.96,nan,5,Left,Left,911,163,182,0,nan,nan,0.06
4/24/2026 17:40:39,1.17.3,FR5,75,3.96,nan,5,Left,Left,912,163,182,0,nan,nan,0.24
4/24/2026 17:40:42,1.17.3,FR5,75,3.96,nan,5,Left,Left,913,163,182,0,nan,nan,0.58
4/24/2026 17:41:11,1.17.3,FR5,75,3.97,nan,5,Right,Left,913,164,182,0,nan,nan,0.02
4/24/2026 17:41:19,1.17.3,FR5,75,3.96,nan,5,Left,Left,914,164,182,0,nan,nan,0.58
4/24/2026 17:41:20,1.17.3,FR5,75,3.96,nan,5,Left,Left,915,164,182,0,nan,nan,0.00
4/24/2026 17:41:21,1.17.3,FR5,75,3.96,1,5,Pellet,Left,915,164,183,0,0.65,80,nan
4/24/2026 17:41:35,1.17.3,FR5,75,3.96,nan,5,Left,Left,916,164,183,0,nan,nan,0.22
4/24/2026 17:41:37,1.17.3,FR5,75,3.96,nan,5,Left,Left,917,164,183,0,nan,nan,0.54
4/24/2026 17:41:38,1.17.3,FR5,75,3.96,nan,5,Left,Left,918,164,183,0,nan,nan,0.26
4/24/2026 17:41:42,1.17.3,FR5,75,3.96,nan,5,Left,Left,919,164,183,0,nan,nan,0.60
4/24/2026 17:41:44,1.17.3,FR5,75,3.96,nan,5,Left,Left,920,164,183,0,nan,nan,0.10
4/24/2026 17:41:45,1.17.3,FR5,75,3.96,1,5,Pellet,Left,920,164,184,0,0.47,24,nan
4/24/2026 17:42:05,1.17.3,FR5,75,3.96,nan,5,Left,Left,921,164,184,0,nan,nan,0.12
4/24/2026 17:42:06,1.17.3,FR5,75,3.96,nan,5,Left,Left,922,164,184,0,nan,nan,0.02
4/24/2026 17:42:07,1.17.3,FR5,75,3.97,nan,5,Left,Left,923,164,184,0,nan,nan,0.00
4/24/2026 17:42:09,1.17.3,FR5,75,3.96,nan,5,Left,Left,924,164,184,0,nan,nan,0.38
4/24/2026 17:42:10,1.17.3,FR5,75,3.96,nan,5,Left,Left,925,164,184,0,nan,nan,0.03
4/24/2026 17:42:11,1.17.3,FR5,75,3.96,1,5,Pellet,Left,925,164,185,0,0.23,26,nan
4/24/2026 17:42:36,1.17.3,FR5,75,3.96,nan,5,Left,Left,926,164,185,0,nan,nan,0.12
4/24/2026 17:42:37,1.17.3,FR5,75,3.96,nan,5,Left,Left,927,164,185,0,nan,nan,0.00
4/24/2026 17:42:39,1.17.3,FR5,75,3.96,nan,5,Left,Left,928,164,185,0,nan,nan,0.42
4/24/2026 17:42:42,1.17.3,FR5,75,3.96,nan,5,Left,Left,929,164,185,0,nan,nan,0.12
4/24/2026 17:42:43,1.17.3,FR5,75,3.96,nan,5,Left,Left,930,164,185,0,nan,nan,0.04
4/24/2026 17:42:45,1.17.3,FR5,75,3.96,1,5,Pellet,Left,930,164,186,0,0.59,34,nan
4/24/2026 17:43:05,1.17.3,FR5,75,3.96,nan,5,Left,Left,931,164,186,0,nan,nan,0.13
4/24/2026 17:43:13,1.17.3,FR5,75,3.96,nan,5,Left,Left,932,164,186,0,nan,nan,0.05
4/24/2026 17:43:31,1.17.3,FR5,75,3.96,nan,5,Left,Left,933,164,186,0,nan,nan,0.16
4/24/2026 17:43:32,1.17.3,FR5,75,3.96,nan,5,Left,Left,934,164,186,0,nan,nan,0.00
4/24/2026 17:43:33,1.17.3,FR5,75,3.96,nan,5,Left,Left,935,164,186,0,nan,nan,0.27
4/24/2026 17:43:36,1.17.3,FR5,75,3.96,2,5,Pellet,Left,935,164,187,0,0.29,51,nan
4/24/2026 17:43:58,1.17.3,FR5,75,3.96,nan,5,Left,Left,936,164,187,0,nan,nan,0.42
4/24/2026 17:44:00,1.17.3,FR5,75,3.96,nan,5,Left,Left,937,164,187,0,nan,nan,0.19
4/24/2026 17:44:05,1.17.3,FR5,75,3.96,nan,5,Left,Left,938,164,187,0,nan,nan,0.39
4/24/2026 17:44:10,1.17.3,FR5,75,3.96,nan,5,Left,Left,939,164,187,0,nan,nan,0.53
4/24/2026 17:48:49,1.17.3,FR5,75,3.96,nan,5,Left,Left,940,164,187,0,nan,nan,0.24
4/24/2026 17:48:51,1.17.3,FR5,75,3.96,1,5,Pellet,Left,940,164,188,0,0.77,315,nan
4/24/2026 17:55:16,1.17.3,FR5,75,3.96,nan,5,Left,Left,941,164,188,0,nan,nan,0.21
4/24/2026 17:58:18,1.17.3,FR5,75,3.96,nan,5,Right,Left,941,165,188,0,nan,nan,0.32
4/24/2026 18:02:33,1.17.3,FR5,75,3.96,nan,5,Left,Left,942,165,188,0,nan,nan,0.05
4/24/2026 18:57:57,1.17.3,FR5,75,3.96,nan,5,Left,Left,943,165,188,0,nan,nan,0.34
4/24/2026 18:57:58,1.17.3,FR5,75,3.96,nan,5,Left,Left,944,165,188,0,nan,nan,0.04
4/24/2026 18:58:00,1.17.3,FR5,75,3.96,nan,5,Left,Left,945,165,188,0,nan,nan,0.12
4/24/2026 18:58:01,1.17.3,FR5,75,3.96,1,5,Pellet,Left,945,165,189,0,0.65,4150,nan
4/24/2026 18:58:11,1.17.3,FR5,75,3.96,nan,5,Left,Left,946,165,189,0,nan,nan,0.04
4/24/2026 18:58:14,1.17.3,FR5,75,3.96,nan,5,Left,Left,947,165,189,0,nan,nan,0.06
4/24/2026 18:58:15,1.17.3,FR5,75,3.96,nan,5,Left,Left,948,165,189,0,nan,nan,0.07
4/24/2026 18:58:18,1.17.3,FR5,75,3.96,nan,5,Left,Left,949,165,189,0,nan,nan,0.03
4/24/2026 18:58:20,1.17.3,FR5,75,3.96,nan,5,Left,Left,950,165,189,0,nan,nan,0.27
4/24/2026 18:58:22,1.17.3,FR5,75,3.96,1,5,Pellet,Left,950,165,190,0,0.29,21,nan
4/24/2026 18:58:32,1.17.3,FR5,75,3.96,nan,5,Left,Left,951,165,190,0,nan,nan,0.15
4/24/2026 18:58:35,1.17.3,FR5,75,3.96,nan,5,Left,Left,952,165,190,0,nan,nan,0.07
4/24/2026 18:58:36,1.17.3,FR5,75,3.96,nan,5,Left,Left,953,165,190,0,nan,nan,0.40
4/24/2026 18:58:37,1.17.3,FR5,75,3.96,nan,5,Left,Left,954,165,190,0,nan,nan,0.19
4/24/2026 18:58:39,1.17.3,FR5,75,3.96,nan,5,Left,Left,955,165,190,0,nan,nan,0.03
4/24/2026 18:58:40,1.17.3,FR5,75,3.96,1,5,Pellet,Left,955,165,191,0,0.47,18,nan
4/24/2026 18:59:01,1.17.3,FR5,75,3.96,nan,5,Left,Left,956,165,191,0,nan,nan,0.01
4/24/2026 18:59:03,1.17.3,FR5,75,3.96,nan,5,Left,Left,957,165,191,0,nan,nan,0.17
4/24/2026 18:59:04,1.17.3,FR5,75,3.96,nan,5,Left,Left,958,165,191,0,nan,nan,0.02
4/24/2026 18:59:06,1.17.3,FR5,75,3.96,nan,5,Left,Left,959,165,191,0,nan,nan,0.31
4/24/2026 18:59:11,1.17.3,FR5,75,3.96,nan,5,Left,Left,960,165,191,0,nan,nan,0.23
4/24/2026 18:59:12,1.17.3,FR5,75,3.96,1,5,Pellet,Left,960,165,192,0,0.47,32,nan
4/24/2026 18:59:21,1.17.3,FR5,75,3.96,nan,5,Left,Left,961,165,192,0,nan,nan,0.21
4/24/2026 18:59:22,1.17.3,FR5,75,3.96,nan,5,Left,Left,962,165,192,0,nan,nan,0.06
4/24/2026 18:59:24,1.17.3,FR5,75,3.96,nan,5,Left,Left,963,165,192,0,nan,nan,0.37
4/24/2026 18:59:27,1.17.3,FR5,75,3.96,nan,5,Left,Left,964,165,192,0,nan,nan,0.22
4/24/2026 18:59:29,1.17.3,FR5,75,3.96,nan,5,Left,Left,965,165,192,0,nan,nan,0.10
4/24/2026 18:59:30,1.17.3,FR5,75,3.96,1,5,Pellet,Left,965,165,193,0,0.77,18,nan
4/24/2026 18:59:45,1.17.3,FR5,75,3.96,nan,5,Left,Left,966,165,193,0,nan,nan,0.16
4/24/2026 18:59:46,1.17.3,FR5,75,3.96,nan,5,Left,Left,967,165,193,0,nan,nan,0.62
4/24/2026 18:59:47,1.17.3,FR5,75,3.96,nan,5,Left,Left,968,165,193,0,nan,nan,0.13
4/24/2026 18:59:50,1.17.3,FR5,75,3.96,nan,5,Left,Left,969,165,193,0,nan,nan,0.18
4/24/2026 18:59:54,1.17.3,FR5,75,3.96,nan,5,Left,Left,970,165,193,0,nan,nan,0.06
4/24/2026 18:59:58,1.17.3,FR5,75,3.96,2,5,Pellet,Left,970,165,194,0,0.47,28,nan
4/24/2026 19:00:09,1.17.3,FR5,75,3.96,nan,5,Left,Left,971,165,194,0,nan,nan,0.02
4/24/2026 19:00:10,1.17.3,FR5,75,3.96,nan,5,Left,Left,972,165,194,0,nan,nan,0.29
4/24/2026 19:00:12,1.17.3,FR5,75,3.96,nan,5,Left,Left,973,165,194,0,nan,nan,0.83
4/24/2026 19:00:15,1.17.3,FR5,75,3.96,nan,5,Left,Left,974,165,194,0,nan,nan,0.24
4/24/2026 19:00:18,1.17.3,FR5,75,3.96,nan,5,Left,Left,975,165,194,0,nan,nan,0.11
4/24/2026 19:00:20,1.17.3,FR5,75,3.96,1,5,Pellet,Left,975,165,195,0,0.65,21,nan
4/24/2026 19:00:31,1.17.3,FR5,75,3.96,nan,5,Left,Left,976,165,195,0,nan,nan,0.26
4/24/2026 19:00:34,1.17.3,FR5,75,3.96,nan,5,Left,Left,977,165,195,0,nan,nan,0.29
4/24/2026 19:00:37,1.17.3,FR5,75,3.96,nan,5,Left,Left,978,165,195,0,nan,nan,0.15
4/24/2026 19:00:40,1.17.3,FR5,75,3.96,nan,5,Left,Left,979,165,195,0,nan,nan,0.42
4/24/2026 19:39:52,1.17.3,FR5,75,3.96,nan,5,Left,Left,980,165,195,0,nan,nan,0.16
4/24/2026 19:39:53,1.17.3,FR5,75,3.96,1,5,Pellet,Left,980,165,196,0,0.41,2374,nan
4/24/2026 19:40:02,1.17.3,FR5,75,3.96,nan,5,Left,Left,981,165,196,0,nan,nan,0.01
4/24/2026 19:40:05,1.17.3,FR5,75,3.96,nan,5,Left,Left,982,165,196,0,nan,nan,0.29
4/24/2026 19:40:08,1.17.3,FR5,75,3.96,nan,5,Left,Left,983,165,196,0,nan,nan,0.31
4/24/2026 19:40:10,1.17.3,FR5,75,3.96,nan,5,Left,Left,984,165,196,0,nan,nan,0.81
4/24/2026 19:40:15,1.17.3,FR5,75,3.96,nan,5,Left,Left,985,165,196,0,nan,nan,0.19
4/24/2026 19:40:16,1.17.3,FR5,75,3.96,1,5,Pellet,Left,985,165,197,0,0.35,23,nan
4/24/2026 19:40:26,1.17.3,FR5,75,3.96,nan,5,Left,Left,986,165,197,0,nan,nan,0.03
4/24/2026 19:40:30,1.17.3,FR5,75,3.96,nan,5,Right,Left,986,166,197,0,nan,nan,0.45
4/24/2026 19:51:57,1.17.3,FR5,75,3.96,nan,5,Left,Left,987,166,197,0,nan,nan,0.09
4/24/2026 19:51:59,1.17.3,FR5,75,3.96,nan,5,Left,Left,988,166,197,0,nan,nan,0.51
4/24/2026 19:52:09,1.17.3,FR5,75,3.96,nan,5,Left,Left,989,166,197,0,nan,nan,0.29
4/24/2026 19:52:10,1.17.3,FR5,75,3.96,nan,5,Left,Left,990,166,197,0,nan,nan,0.33
4/24/2026 19:52:11,1.17.3,FR5,75,3.96,1,5,Pellet,Left,990,166,198,0,0.29,715,nan
4/24/2026 19:52:27,1.17.3,FR5,75,3.96,nan,5,Left,Left,991,166,198,0,nan,nan,0.03
4/24/2026 19:52:28,1.17.3,FR5,75,3.96,nan,5,Left,Left,992,166,198,0,nan,nan,0.17
4/24/2026 19:52:31,1.17.3,FR5,75,3.96,nan,5,Left,Left,993,166,198,0,nan,nan,0.40
4/24/2026 19:52:35,1.17.3,FR5,75,3.96,nan,5,Left,Left,994,166,198,0,nan,nan,0.50
4/24/2026 19:52:37,1.17.3,FR5,75,3.96,nan,5,Left,Left,995,166,198,0,nan,nan,0.17
4/24/2026 19:52:38,1.17.3,FR5,75,3.96,1,5,Pellet,Left,995,166,199,0,0.23,27,nan
4/24/2026 19:52:49,1.17.3,FR5,75,3.96,nan,5,Left,Left,996,166,199,0,nan,nan,0.25
4/24/2026 19:52:53,1.17.3,FR5,75,3.96,nan,5,Left,Left,997,166,199,0,nan,nan,0.03
4/24/2026 19:52:54,1.17.3,FR5,75,3.96,nan,5,Left,Left,998,166,199,0,nan,nan,0.45
4/24/2026 19:52:56,1.17.3,FR5,75,3.96,nan,5,Left,Left,999,166,199,0,nan,nan,0.27
4/24/2026 19:53:07,1.17.3,FR5,75,3.96,nan,5,Left,Left,1000,166,199,0,nan,nan,0.25
4/24/2026 19:53:08,1.17.3,FR5,75,3.96,1,5,Pellet,Left,1000,166,200,0,0.35,30,nan
4/24/2026 19:53:30,1.17.3,FR5,75,3.96,nan,5,Left,Left,1001,166,200,0,nan,nan,0.26
4/24/2026 19:53:32,1.17.3,FR5,75,3.96,nan,5,Left,Left,1002,166,200,0,nan,nan,0.35
4/24/2026 19:53:32,1.17.3,FR5,75,3.96,nan,5,Left,Left,1003,166,200,0,nan,nan,0.02
4/24/2026 19:53:33,1.17.3,FR5,75,3.96,nan,5,Left,Left,1004,166,200,0,nan,nan,0.22
4/24/2026 19:53:36,1.17.3,FR5,75,3.96,nan,5,Left,Left,1005,166,200,0,nan,nan,0.50
4/24/2026 19:53:37,1.17.3,FR5,75,3.96,1,5,Pellet,Left,1005,166,201,0,0.17,29,nan
4/24/2026 19:53:47,1.17.3,FR5,75,3.96,nan,5,Left,Left,1006,166,201,0,nan,nan,0.16
4/24/2026 19:53:53,1.17.3,FR5,75,3.96,nan,5,Left,Left,1007,166,201,0,nan,nan,0.03
4/24/2026 19:53:54,1.17.3,FR5,75,3.96,nan,5,Left,Left,1008,166,201,0,nan,nan,0.31
4/24/2026 19:53:56,1.17.3,FR5,75,3.96,nan,5,Left,Left,1009,166,201,0,nan,nan,0.40
4/24/2026 19:53:57,1.17.3,FR5,75,3.96,nan,5,Left,Left,1010,166,201,0,nan,nan,0.23
4/24/2026 19:53:58,1.17.3,FR5,75,3.96,1,5,Pellet,Left,1010,166,202,0,0.23,21,nan
4/24/2026 19:54:20,1.17.3,FR5,75,3.96,nan,5,Left,Left,1011,166,202,0,nan,nan,0.09
4/24/2026 19:54:22,1.17.3,FR5,75,3.96,nan,5,Left,Left,1012,166,202,0,nan,nan,0.73
4/24/2026 20:00:01,1.17.3,FR5,75,3.96,nan,5,Left,Left,1013,166,202,0,nan,nan,0.17
4/24/2026 20:02:16,1.17.3,FR5,75,3.96,nan,5,Left,Left,1014,166,202,0,nan,nan,0.25
4/24/2026 20:02:17,1.17.3,FR5,75,3.96,nan,5,Left,Left,1015,166,202,0,nan,nan,0.08
4/24/2026 20:02:19,1.17.3,FR5,75,3.96,1,5,Pellet,Left,1015,166,203,0,2.09,501,nan
4/24/2026 20:02:32,1.17.3,FR5,75,3.95,nan,5,Left,Left,1016,166,203,0,nan,nan,0.05
4/24/2026 20:02:36,1.17.3,FR5,75,3.96,nan,5,Left,Left,1017,166,203,0,nan,nan,0.06
4/24/2026 20:02:37,1.17.3,FR5,75,3.96,nan,5,Left,Left,1018,166,203,0,nan,nan,0.19
4/24/2026 20:02:41,1.17.3,FR5,75,3.96,nan,5,Left,Left,1019,166,203,0,nan,nan,0.12
4/24/2026 20:02:48,1.17.3,FR5,75,3.96,nan,5,Left,Left,1020,166,203,0,nan,nan,0.03
4/24/2026 20:02:49,1.17.3,FR5,75,3.96,2,5,Pellet,Left,1020,166,204,0,0.06,30,nan
4/24/2026 20:12:52,1.17.3,FR5,75,3.96,nan,5,Left,Left,1021,166,204,0,nan,nan,0.11
4/24/2026 20:12:56,1.17.3,FR5,75,3.96,nan,5,Right,Left,1021,167,204,0,nan,nan,0.43
4/24/2026 20:15:14,1.17.3,FR5,75,3.96,nan,5,Left,Left,1022,167,204,0,nan,nan,0.08
4/24/2026 20:15:20,1.17.3,FR5,75,3.96,nan,5,Right,Left,1022,168,204,0,nan,nan,0.22
4/24/2026 20:28:01,1.17.3,FR5,75,3.96,nan,5,Left,Left,1023,168,204,0,nan,nan,0.05
4/24/2026 20:28:03,1.17.3,FR5,75,3.96,nan,5,Left,Left,1024,168,204,0,nan,nan,0.03
4/24/2026 20:28:05,1.17.3,FR5,75,3.96,nan,5,Left,Left,1025,168,204,0,nan,nan,0.19
4/24/2026 20:28:06,1.17.3,FR5,75,3.96,1,5,Pellet,Left,1025,168,205,0,0.29,1517,nan
4/24/2026 20:28:21,1.17.3,FR5,75,3.96,nan,5,Left,Left,1026,168,205,0,nan,nan,0.01
4/24/2026 20:28:22,1.17.3,FR5,75,3.96,nan,5,Left,Left,1027,168,205,0,nan,nan,0.09
4/24/2026 20:28:23,1.17.3,FR5,75,3.96,nan,5,Left,Left,1028,168,205,0,nan,nan,0.11
4/24/2026 20:28:26,1.17.3,FR5,75,3.96,nan,5,Left,Left,1029,168,205,0,nan,nan,0.09
4/24/2026 20:28:47,1.17.3,FR5,75,3.95,nan,5,Right,Left,1029,169,205,0,nan,nan,0.14
4/24/2026 20:32:00,1.17.3,FR5,75,3.96,nan,5,Left,Left,1030,169,205,0,nan,nan,0.08
4/24/2026 20:32:02,1.17.3,FR5,75,3.96,1,5,Pellet,Left,1030,169,206,0,0.35,236,nan
4/24/2026 20:32:16,1.17.3,FR5,75,3.96,nan,5,Left,Left,1031,169,206,0,nan,nan,0.10
4/24/2026 20:32:17,1.17.3,FR5,75,3.96,nan,5,Left,Left,1032,169,206,0,nan,nan,0.11
4/24/2026 20:32:18,1.17.3,FR5,75,3.96,nan,5,Left,Left,1033,169,206,0,nan,nan,0.20
4/24/2026 20:32:20,1.17.3,FR5,75,3.96,nan,5,Left,Left,1034,169,206,0,nan,nan,0.05
4/24/2026 20:32:24,1.17.3,FR5,75,3.96,nan,5,Left,Left,1035,169,206,0,nan,nan,0.26
4/24/2026 20:32:25,1.17.3,FR5,75,3.95,1,5,Pellet,Left,1035,169,207,0,0.65,23,nan
4/24/2026 20:32:37,1.17.3,FR5,75,3.96,nan,5,Left,Left,1036,169,207,0,nan,nan,0.08
4/24/2026 20:32:38,1.17.3,FR5,75,3.96,nan,5,Left,Left,1037,169,207,0,nan,nan,0.40
4/24/2026 20:32:43,1.17.3,FR5,75,3.96,nan,5,Left,Left,1038,169,207,0,nan,nan,0.18
4/24/2026 20:32:44,1.17.3,FR5,75,3.96,nan,5,Left,Left,1039,169,207,0,nan,nan,0.22
4/24/2026 20:32:47,1.17.3,FR5,75,3.96,nan,5,Left,Left,1040,169,207,0,nan,nan,0.09
4/24/2026 20:33:26,1.17.3,FR5,75,3.96,1,5,Pellet,Left,1040,169,208,0,37.58,61,nan
4/24/2026 20:34:24,1.17.3,FR5,75,3.96,nan,5,Left,Left,1041,169,208,0,nan,nan,0.40
4/24/2026 20:35:57,1.17.3,FR5,75,3.96,nan,5,Left,Left,1042,169,208,0,nan,nan,0.04
4/24/2026 20:39:38,1.17.3,FR5,75,3.96,nan,5,Right,Left,1042,170,208,0,nan,nan,0.05
4/24/2026 20:39:44,1.17.3,FR5,75,3.96,nan,5,Right,Left,1042,171,208,0,nan,nan,0.20
4/24/2026 20:42:13,1.17.3,FR5,75,3.96,nan,5,Left,Left,1043,171,208,0,nan,nan,0.12
4/24/2026 20:54:43,1.17.3,FR5,75,3.96,nan,5,Left,Left,1044,171,208,0,nan,nan,0.23
4/24/2026 20:54:47,1.17.3,FR5,75,3.96,nan,5,Left,Left,1045,171,208,0,nan,nan,0.23
4/24/2026 20:54:48,1.17.3,FR5,75,3.96,2,5,Pellet,Left,1045,171,209,0,0.12,1282,nan
4/24/2026 20:55:02,1.17.3,FR5,75,3.96,nan,5,Left,Left,1046,171,209,0,nan,nan,0.02
4/24/2026 20:55:03,1.17.3,FR5,75,3.96,nan,5,Left,Left,1047,171,209,0,nan,nan,0.10
4/24/2026 20:55:05,1.17.3,FR5,75,3.96,nan,5,Left,Left,1048,171,209,0,nan,nan,0.06
4/24/2026 20:55:07,1.17.3,FR5,75,3.96,nan,5,Left,Left,1049,171,209,0,nan,nan,0.05
4/24/2026 20:55:09,1.17.3,FR5,75,3.96,nan,5,Left,Left,1050,171,209,0,nan,nan,0.07
4/24/2026 20:55:09,1.17.3,FR5,75,3.96,1,5,Pellet,Left,1050,171,210,0,0.17,21,nan
4/24/2026 20:55:19,1.17.3,FR5,75,3.96,nan,5,Left,Left,1051,171,210,0,nan,nan,0.04
4/24/2026 20:55:22,1.17.3,FR5,75,3.96,nan,5,Left,Left,1052,171,210,0,nan,nan,0.02
4/24/2026 20:55:24,1.17.3,FR5,75,3.96,nan,5,Left,Left,1053,171,210,0,nan,nan,0.02
4/24/2026 20:55:26,1.17.3,FR5,75,3.96,nan,5,Left,Left,1054,171,210,0,nan,nan,0.16
4/24/2026 20:55:38,1.17.3,FR5,75,3.96,nan,5,Left,Left,1055,171,210,0,nan,nan,0.04
4/24/2026 20:55:39,1.17.3,FR5,75,3.95,1,5,Pellet,Left,1055,171,211,0,0.06,30,nan
4/24/2026 20:55:51,1.17.3,FR5,75,3.96,nan,5,Left,Left,1056,171,211,0,nan,nan,0.13
4/24/2026 20:55:55,1.17.3,FR5,75,3.96,nan,5,Left,Left,1057,171,211,0,nan,nan,0.02
4/24/2026 20:55:56,1.17.3,FR5,75,3.96,nan,5,Left,Left,1058,171,211,0,nan,nan,0.44
4/24/2026 20:55:58,1.17.3,FR5,75,3.96,nan,5,Left,Left,1059,171,211,0,nan,nan,0.05
4/24/2026 20:55:59,1.17.3,FR5,75,3.96,nan,5,Left,Left,1060,171,211,0,nan,nan,0.03
4/24/2026 20:56:00,1.17.3,FR5,75,3.96,1,5,Pellet,Left,1060,171,212,0,0.17,21,nan
4/24/2026 20:56:21,1.17.3,FR5,75,3.96,nan,5,Left,Left,1061,171,212,0,nan,nan,0.34
4/24/2026 20:58:09,1.17.3,FR5,75,3.96,nan,5,Right,Left,1061,172,212,0,nan,nan,0.06
4/24/2026 20:58:11,1.17.3,FR5,75,3.96,nan,5,Right,Left,1061,173,212,0,nan,nan,0.14
4/24/2026 21:13:14,1.17.3,FR5,75,3.96,nan,5,Right,Left,1061,174,212,0,nan,nan,0.31
4/24/2026 21:13:24,1.17.3,FR5,75,3.96,nan,5,Left,Left,1062,174,212,0,nan,nan,0.10
4/24/2026 21:15:19,1.17.3,FR5,75,3.96,nan,5,Left,Left,1063,174,212,0,nan,nan,0.02
4/24/2026 21:15:21,1.17.3,FR5,75,3.96,nan,5,Left,Left,1064,174,212,0,nan,nan,0.08
4/24/2026 21:15:22,1.17.3,FR5,75,3.95,nan,5,Left,Left,1065,174,212,0,nan,nan,0.37
4/24/2026 21:15:23,1.17.3,FR5,75,3.96,1,5,Pellet,Left,1065,174,213,0,0.23,1163,nan
4/24/2026 21:15:32,1.17.3,FR5,75,3.95,nan,5,Left,Left,1066,174,213,0,nan,nan,0.04
4/24/2026 21:16:04,1.17.3,FR5,75,3.96,nan,5,Right,Left,1066,175,213,0,nan,nan,0.58
4/24/2026 21:16:05,1.17.3,FR5,75,3.96,nan,5,Right,Left,1066,176,213,0,nan,nan,0.00
4/24/2026 21:16:08,1.17.3,FR5,75,3.96,nan,5,Right,Left,1066,177,213,0,nan,nan,0.19
4/24/2026 21:16:36,1.17.3,FR5,75,3.96,nan,5,Left,Left,1067,177,213,0,nan,nan,0.23
4/24/2026 21:16:36,1.17.3,FR5,75,3.96,nan,5,Left,Left,1068,177,213,0,nan,nan,0.25
4/24/2026 21:16:38,1.17.3,FR5,75,3.96,nan,5,Left,Left,1069,177,213,0,nan,nan,0.03
4/24/2026 21:16:42,1.17.3,FR5,75,3.96,nan,5,Left,Left,1070,177,213,0,nan,nan,0.34
4/24/2026 21:16:43,1.17.3,FR5,75,3.96,2,5,Pellet,Left,1070,177,214,0,0.06,80,nan
4/24/2026 21:17:02,1.17.3,FR5,75,3.96,nan,5,Left,Left,1071,177,214,0,nan,nan,0.08
4/24/2026 21:17:04,1.17.3,FR5,75,3.96,nan,5,Left,Left,1072,177,214,0,nan,nan,0.45
4/24/2026 21:17:25,1.17.3,FR5,75,3.96,nan,5,Left,Left,1073,177,214,0,nan,nan,0.62
4/24/2026 21:17:28,1.17.3,FR5,75,3.96,nan,5,Left,Left,1074,177,214,0,nan,nan,0.92
4/24/2026 21:17:30,1.17.3,FR5,75,3.96,nan,5,Left,Left,1075,177,214,0,nan,nan,0.57
4/24/2026 21:17:31,1.17.3,FR5,75,3.96,1,5,Pellet,Left,1075,177,215,0,0.12,48,nan
4/24/2026 21:18:17,1.17.3,FR5,75,3.96,nan,5,Left,Left,1076,177,215,0,nan,nan,0.27
4/24/2026 21:18:18,1.17.3,FR5,75,3.96,nan,5,Left,Left,1077,177,215,0,nan,nan,0.13
4/24/2026 21:18:19,1.17.3,FR5,75,3.95,nan,5,Left,Left,1078,177,215,0,nan,nan,0.29
4/24/2026 21:18:21,1.17.3,FR5,75,3.96,nan,5,Left,Left,1079,177,215,0,nan,nan,0.16
4/24/2026 21:18:25,1.17.3,FR5,75,3.96,nan,5,Left,Left,1080,177,215,0,nan,nan,0.28
4/24/2026 21:18:26,1.17.3,FR5,75,3.95,1,5,Pellet,Left,1080,177,216,0,0.29,55,nan
4/24/2026 21:19:25,1.17.3,FR5,75,3.96,nan,5,Left,Left,1081,177,216,0,nan,nan,0.10
4/24/2026 21:19:26,1.17.3,FR5,75,3.96,nan,5,Left,Left,1082,177,216,0,nan,nan,0.31
4/24/2026 21:19:27,1.17.3,FR5,75,3.96,nan,5,Left,Left,1083,177,216,0,nan,nan,0.07
4/24/2026 21:19:28,1.17.3,FR5,75,3.96,nan,5,Left,Left,1084,177,216,0,nan,nan,0.14
4/24/2026 21:19:30,1.17.3,FR5,75,3.96,nan,5,Left,Left,1085,177,216,0,nan,nan,0.26
4/24/2026 21:19:31,1.17.3,FR5,75,3.96,1,5,Pellet,Left,1085,177,217,0,0.35,65,nan
4/24/2026 21:19:47,1.17.3,FR5,75,3.96,nan,5,Left,Left,1086,177,217,0,nan,nan,0.09
4/24/2026 21:19:48,1.17.3,FR5,75,3.96,nan,5,Left,Left,1087,177,217,0,nan,nan,0.18
4/24/2026 21:20:18,1.17.3,FR5,75,3.96,nan,5,Right,Left,1087,178,217,0,nan,nan,0.84
4/24/2026 21:20:23,1.17.3,FR5,75,3.96,nan,5,Left,Left,1088,178,217,0,nan,nan,0.01
4/24/2026 21:20:28,1.17.3,FR5,75,3.96,nan,5,Left,Left,1089,178,217,0,nan,nan,0.01
4/24/2026 21:20:30,1.17.3,FR5,75,3.96,nan,5,Left,Left,1090,178,217,0,nan,nan,0.02
4/24/2026 21:20:31,1.17.3,FR5,75,3.96,1,5,Pellet,Left,1090,178,218,0,0.41,60,nan
4/24/2026 21:20:59,1.17.3,FR5,75,3.96,nan,5,Left,Left,1091,178,218,0,nan,nan,0.04
4/24/2026 21:21:00,1.17.3,FR5,75,3.95,nan,5,Left,Left,1092,178,218,0,nan,nan,0.15
4/24/2026 21:21:02,1.17.3,FR5,75,3.96,nan,5,Left,Left,1093,178,218,0,nan,nan,0.06
4/24/2026 21:21:03,1.17.3,FR5,75,3.96,nan,5,Left,Left,1094,178,218,0,nan,nan,0.04
4/24/2026 21:21:07,1.17.3,FR5,75,3.96,nan,5,Left,Left,1095,178,218,0,nan,nan,0.22
4/24/2026 21:21:08,1.17.3,FR5,75,3.96,1,5,Pellet,Left,1095,178,219,0,0.17,37,nan
4/24/2026 21:21:31,1.17.3,FR5,75,3.96,nan,5,Left,Left,1096,178,219,0,nan,nan,0.42
4/24/2026 21:21:34,1.17.3,FR5,75,3.96,nan,5,Left,Left,1097,178,219,0,nan,nan,0.04
4/24/2026 21:21:37,1.17.3,FR5,75,3.96,nan,5,Left,Left,1098,178,219,0,nan,nan,0.09
4/24/2026 21:23:32,1.17.3,FR5,75,3.95,nan,5,Left,Left,1099,178,219,0,nan,nan,0.14
4/24/2026 21:27:06,1.17.3,FR5,75,3.96,nan,5,Right,Left,1099,179,219,0,nan,nan,0.62
4/24/2026 21:27:12,1.17.3,FR5,75,3.96,nan,5,Right,Left,1099,180,219,0,nan,nan,0.03
4/24/2026 21:30:10,1.17.3,FR5,75,3.96,nan,5,Right,Left,1099,181,219,0,nan,nan,0.58
4/24/2026 21:30:59,1.17.3,FR5,75,3.95,nan,5,Left,Left,1100,181,219,0,nan,nan,0.62
4/24/2026 21:30:59,1.17.3,FR5,75,3.96,nan,5,LeftDuringDispense,Left,1101,181,219,0,nan,nan,0.21
4/24/2026 21:31:02,1.17.3,FR5,75,3.95,2,5,Pellet,Left,1101,181,220,0,0.23,594,nan
4/24/2026 21:31:30,1.17.3,FR5,75,3.96,nan,5,Left,Left,1102,181,220,0,nan,nan,0.09
4/24/2026 21:31:32,1.17.3,FR5,75,3.96,nan,5,Left,Left,1103,181,220,0,nan,nan,0.41
4/24/2026 21:31:35,1.17.3,FR5,75,3.96,nan,5,Left,Left,1104,181,220,0,nan,nan,0.04
4/24/2026 21:31:39,1.17.3,FR5,75,3.96,nan,5,Left,Left,1105,181,220,0,nan,nan,0.21
4/24/2026 21:31:40,1.17.3,FR5,75,3.96,1,5,Pellet,Left,1105,181,221,0,0.35,38,nan
4/24/2026 21:35:32,1.17.3,FR5,75,3.95,nan,5,Right,Left,1105,182,221,0,nan,nan,0.34
4/24/2026 21:51:47,1.17.3,FR5,75,3.96,nan,5,Left,Left,1106,182,221,0,nan,nan,0.16
4/24/2026 21:55:34,1.17.3,FR5,75,3.95,nan,5,Left,Left,1107,182,221,0,nan,nan,0.00
4/24/2026 22:05:28,1.17.3,FR5,75,3.96,nan,5,Right,Left,1107,183,221,0,nan,nan,0.18
4/24/2026 22:05:33,1.17.3,FR5,75,3.95,nan,5,Right,Left,1107,184,221,0,nan,nan,0.00
4/24/2026 22:06:32,1.17.3,FR5,75,3.96,nan,5,Right,Left,1107,185,221,0,nan,nan,0.74
4/24/2026 22:51:18,1.17.3,FR5,75,3.96,nan,5,Left,Left,1108,185,221,0,nan,nan,0.19
4/24/2026 22:51:21,1.17.3,FR5,75,3.95,nan,5,Left,Left,1109,185,221,0,nan,nan,0.68
4/24/2026 22:51:27,1.17.3,FR5,75,3.95,nan,5,Left,Left,1110,185,221,0,nan,nan,0.14
4/24/2026 22:51:29,1.17.3,FR5,75,3.95,1,5,Pellet,Left,1110,185,222,0,0.29,4789,nan
4/24/2026 22:51:41,1.17.3,FR5,75,3.96,nan,5,Left,Left,1111,185,222,0,nan,nan,0.00
4/24/2026 22:51:42,1.17.3,FR5,75,3.95,nan,5,Left,Left,1112,185,222,0,nan,nan,0.41
4/24/2026 22:51:44,1.17.3,FR5,75,3.95,nan,5,Left,Left,1113,185,222,0,nan,nan,0.23
4/24/2026 22:51:47,1.17.3,FR5,75,3.96,nan,5,Left,Left,1114,185,222,0,nan,nan,0.09
4/24/2026 22:51:48,1.17.3,FR5,75,3.95,nan,5,Left,Left,1115,185,222,0,nan,nan,0.07
4/24/2026 22:51:49,1.17.3,FR5,75,3.95,1,5,Pellet,Left,1115,185,223,0,0.35,20,nan
4/24/2026 22:52:06,1.17.3,FR5,75,3.95,nan,5,Left,Left,1116,185,223,0,nan,nan,0.21
4/24/2026 22:52:07,1.17.3,FR5,75,3.95,nan,5,Left,Left,1117,185,223,0,nan,nan,0.00
4/24/2026 22:52:09,1.17.3,FR5,75,3.95,nan,5,Left,Left,1118,185,223,0,nan,nan,0.45
4/24/2026 22:52:10,1.17.3,FR5,75,3.96,nan,5,Left,Left,1119,185,223,0,nan,nan,0.65
4/24/2026 22:52:12,1.17.3,FR5,75,3.95,nan,5,Left,Left,1120,185,223,0,nan,nan,0.39
4/24/2026 22:52:13,1.17.3,FR5,75,3.95,1,5,Pellet,Left,1120,185,224,0,0.17,24,nan
4/24/2026 22:52:30,1.17.3,FR5,75,3.95,nan,5,Left,Left,1121,185,224,0,nan,nan,0.65
4/24/2026 22:52:32,1.17.3,FR5,75,3.95,nan,5,Left,Left,1122,185,224,0,nan,nan,0.04
4/24/2026 22:52:33,1.17.3,FR5,75,3.96,nan,5,Left,Left,1123,185,224,0,nan,nan,0.46
4/24/2026 22:52:34,1.17.3,FR5,75,3.96,nan,5,Left,Left,1124,185,224,0,nan,nan,0.02
4/24/2026 22:52:37,1.17.3,FR5,75,3.96,nan,5,Left,Left,1125,185,224,0,nan,nan,0.10
4/24/2026 22:52:38,1.17.3,FR5,75,3.95,1,5,Pellet,Left,1125,185,225,0,0.41,25,nan
4/24/2026 22:52:52,1.17.3,FR5,75,3.96,nan,5,Left,Left,1126,185,225,0,nan,nan,0.16
4/24/2026 22:52:53,1.17.3,FR5,75,3.95,nan,5,Left,Left,1127,185,225,0,nan,nan,0.16
4/24/2026 22:52:56,1.17.3,FR5,75,3.96,nan,5,Left,Left,1128,185,225,0,nan,nan,0.02
4/24/2026 22:52:57,1.17.3,FR5,75,3.95,nan,5,Left,Left,1129,185,225,0,nan,nan,0.12
4/24/2026 22:52:58,1.17.3,FR5,75,3.95,nan,5,Left,Left,1130,185,225,0,nan,nan,0.24
4/24/2026 22:53:00,1.17.3,FR5,75,3.95,1,5,Pellet,Left,1130,185,226,0,0.47,21,nan
4/24/2026 22:53:11,1.17.3,FR5,75,3.95,nan,5,Left,Left,1131,185,226,0,nan,nan,0.15
4/24/2026 22:53:14,1.17.3,FR5,75,3.95,nan,5,Left,Left,1132,185,226,0,nan,nan,0.50
4/24/2026 22:53:16,1.17.3,FR5,75,3.95,nan,5,Left,Left,1133,185,226,0,nan,nan,0.33
4/24/2026 22:53:17,1.17.3,FR5,75,3.95,nan,5,Left,Left,1134,185,226,0,nan,nan,0.20
4/24/2026 22:53:19,1.17.3,FR5,75,3.95,nan,5,Left,Left,1135,185,226,0,nan,nan,0.17
4/24/2026 22:53:20,1.17.3,FR5,75,3.95,1,5,Pellet,Left,1135,185,227,0,0.29,21,nan
4/24/2026 22:53:55,1.17.3,FR5,75,3.95,nan,5,Left,Left,1136,185,227,0,nan,nan,0.14
4/24/2026 22:53:57,1.17.3,FR5,75,3.96,nan,5,Left,Left,1137,185,227,0,nan,nan,0.11
4/24/2026 22:53:58,1.17.3,FR5,75,3.95,nan,5,Left,Left,1138,185,227,0,nan,nan,0.06
4/24/2026 22:54:00,1.17.3,FR5,75,3.95,nan,5,Left,Left,1139,185,227,0,nan,nan,0.27
4/24/2026 22:54:02,1.17.3,FR5,75,3.95,nan,5,Left,Left,1140,185,227,0,nan,nan,0.13
4/24/2026 22:54:05,1.17.3,FR5,75,3.96,1,5,Pellet,Left,1140,185,228,0,1.73,45,nan
4/24/2026 22:54:13,1.17.3,FR5,75,3.95,nan,5,Left,Left,1141,185,228,0,nan,nan,0.01
4/24/2026 22:54:16,1.17.3,FR5,75,3.95,nan,5,Left,Left,1142,185,228,0,nan,nan,0.51
4/24/2026 22:54:17,1.17.3,FR5,75,3.95,nan,5,Left,Left,1143,185,228,0,nan,nan,0.29
4/24/2026 22:54:19,1.17.3,FR5,75,3.95,nan,5,Left,Left,1144,185,228,0,nan,nan,0.12
4/24/2026 22:54:20,1.17.3,FR5,75,3.95,nan,5,Left,Left,1145,185,228,0,nan,nan,0.31
4/24/2026 22:54:21,1.17.3,FR5,75,3.95,1,5,Pellet,Left,1145,185,229,0,0.17,16,nan
4/24/2026 22:54:32,1.17.3,FR5,75,3.95,nan,5,Left,Left,1146,185,229,0,nan,nan,0.12
4/24/2026 22:54:32,1.17.3,FR5,75,3.95,nan,5,Left,Left,1147,185,229,0,nan,nan,0.23
4/24/2026 22:54:34,1.17.3,FR5,75,3.95,nan,5,Left,Left,1148,185,229,0,nan,nan,0.44
4/24/2026 22:54:36,1.17.3,FR5,75,3.95,nan,5,Left,Left,1149,185,229,0,nan,nan,0.07
4/24/2026 22:54:37,1.17.3,FR5,75,3.95,nan,5,Left,Left,1150,185,229,0,nan,nan,0.15
4/24/2026 22:54:39,1.17.3,FR5,75,3.95,1,5,Pellet,Left,1150,185,230,0,0.47,18,nan
4/24/2026 22:54:45,1.17.3,FR5,75,3.95,nan,5,Left,Left,1151,185,230,0,nan,nan,0.23
4/24/2026 22:54:47,1.17.3,FR5,75,3.95,nan,5,Left,Left,1152,185,230,0,nan,nan,0.70
4/24/2026 22:54:49,1.17.3,FR5,75,3.96,nan,5,Left,Left,1153,185,230,0,nan,nan,0.36
4/24/2026 22:54:50,1.17.3,FR5,75,3.96,nan,5,Left,Left,1154,185,230,0,nan,nan,0.06
4/24/2026 22:54:52,1.17.3,FR5,75,3.95,nan,5,Left,Left,1155,185,230,0,nan,nan,0.58
4/24/2026 22:54:53,1.17.3,FR5,75,3.95,1,5,Pellet,Left,1155,185,231,0,0.35,14,nan
4/24/2026 22:56:44,1.17.3,FR5,75,3.95,nan,5,Left,Left,1156,185,231,0,nan,nan,0.03
4/24/2026 22:56:46,1.17.3,FR5,75,3.95,nan,5,Left,Left,1157,185,231,0,nan,nan,0.16
4/24/2026 22:56:49,1.17.3,FR5,75,3.95,nan,5,Left,Left,1158,185,231,0,nan,nan,0.19
4/24/2026 22:57:33,1.17.3,FR5,75,3.95,nan,5,Right,Left,1158,186,231,0,nan,nan,0.18
4/24/2026 23:12:52,1.17.3,FR5,75,3.95,nan,5,Right,Left,1158,187,231,0,nan,nan,0.85
4/24/2026 23:13:34,1.17.3,FR5,75,3.95,nan,5,Right,Left,1158,188,231,0,nan,nan,0.00
4/24/2026 23:13:36,1.17.3,FR5,75,3.95,nan,5,Right,Left,1158,189,231,0,nan,nan,0.11
4/24/2026 23:13:39,1.17.3,FR5,75,3.96,nan,5,Right,Left,1158,190,231,0,nan,nan,0.26
4/24/2026 23:13:58,1.17.3,FR5,75,3.95,nan,5,Left,Left,1159,190,231,0,nan,nan,0.04
4/24/2026 23:14:00,1.17.3,FR5,75,3.95,nan,5,Left,Left,1160,190,231,0,nan,nan,0.49
4/24/2026 23:14:01,1.17.3,FR5,75,3.95,1,5,Pellet,Left,1160,190,232,0,0.35,1148,nan
4/24/2026 23:14:32,1.17.3,FR5,75,3.95,nan,5,Right,Left,1160,191,232,0,nan,nan,0.29
4/24/2026 23:29:16,1.17.3,FR5,75,3.95,nan,5,Left,Left,1161,191,232,0,nan,nan,0.16
4/24/2026 23:29:17,1.17.3,FR5,75,3.95,nan,5,Left,Left,1162,191,232,0,nan,nan,0.03
4/24/2026 23:43:20,1.17.3,FR5,75,3.95,nan,5,Left,Left,1163,191,232,0,nan,nan,0.01
4/24/2026 23:47:47,1.17.3,FR5,75,3.96,nan,5,Left,Left,1164,191,232,0,nan,nan,0.00
4/24/2026 23:51:19,1.17.3,FR5,75,3.95,nan,5,Left,Left,1165,191,232,0,nan,nan,0.35
4/24/2026 23:51:19,1.17.3,FR5,75,3.95,nan,5,LeftDuringDispense,Left,1166,191,232,0,nan,nan,0.17
4/24/2026 23:51:20,1.17.3,FR5,75,3.95,nan,5,LeftDuringDispense,Left,1167,191,232,0,nan,nan,0.23
4/24/2026 23:51:22,1.17.3,FR5,75,3.95,nan,5,LeftDuringDispense,Left,1168,191,232,0,nan,nan,0.13
4/24/2026 23:51:23,1.17.3,FR5,75,3.95,nan,5,LeftDuringDispense,Left,1169,191,232,0,nan,nan,0.14
4/24/2026 23:51:26,1.17.3,FR5,75,3.95,3,5,Pellet,Left,1169,191,233,0,0.29,2245,nan
4/24/2026 23:51:45,1.17.3,FR5,75,3.95,nan,5,Left,Left,1170,191,233,0,nan,nan,0.09
4/24/2026 23:51:46,1.17.3,FR5,75,3.95,1,5,Pellet,Left,1170,191,234,0,0.59,20,nan
4/24/2026 23:57:56,1.17.3,FR5,75,3.95,nan,5,Right,Left,1170,192,234,0,nan,nan,0.12
4/24/2026 23:59:15,1.17.3,FR5,75,3.95,nan,5,Left,Left,1171,192,234,0,nan,nan,0.13
4/24/2026 23:59:18,1.17.3,FR5,75,3.95,nan,5,Right,Left,1171,193,234,0,nan,nan,0.25
4/25/2026 0:03:08,1.17.3,FR5,75,3.95,nan,5,Right,Left,1171,194,234,0,nan,nan,0.04
4/25/2026 1:51:13,1.17.3,FR5,75,3.94,nan,5,Left,Left,1172,194,234,0,nan,nan,0.21
4/25/2026 1:51:15,1.17.3,FR5,75,3.95,nan,5,Left,Left,1173,194,234,0,nan,nan,0.13
4/25/2026 1:51:17,1.17.3,FR5,75,3.94,nan,5,Left,Left,1174,194,234,0,nan,nan,0.21
4/25/2026 1:51:18,1.17.3,FR5,75,3.94,nan,5,Left,Left,1175,194,234,0,nan,nan,0.19
4/25/2026 1:51:19,1.17.3,FR5,75,3.95,1,5,Pellet,Left,1175,194,235,0,0.29,7173,nan
4/25/2026 1:51:34,1.17.3,FR5,75,3.95,nan,5,Left,Left,1176,194,235,0,nan,nan,0.07
4/25/2026 1:51:34,1.17.3,FR5,75,3.94,nan,5,Left,Left,1177,194,235,0,nan,nan,0.00
4/25/2026 1:51:35,1.17.3,FR5,75,3.94,nan,5,Left,Left,1178,194,235,0,nan,nan,0.03
4/25/2026 1:51:40,1.17.3,FR5,75,3.95,nan,5,Left,Left,1179,194,235,0,nan,nan,1.60
4/25/2026 1:51:40,1.17.3,FR5,75,3.94,nan,5,Left,Left,1180,194,235,0,nan,nan,0.00
4/25/2026 1:51:41,1.17.3,FR5,75,3.94,nan,5,LeftDuringDispense,Left,1181,194,235,0,nan,nan,0.60
4/25/2026 1:51:45,1.17.3,FR5,75,3.95,2,5,Pellet,Left,1181,194,236,0,1.13,26,nan
4/25/2026 1:51:53,1.17.3,FR5,75,3.94,nan,5,Left,Left,1182,194,236,0,nan,nan,0.02
4/25/2026 1:51:54,1.17.3,FR5,75,3.95,nan,5,Left,Left,1183,194,236,0,nan,nan,0.10
4/25/2026 1:51:55,1.17.3,FR5,75,3.95,nan,5,Left,Left,1184,194,236,0,nan,nan,0.00
4/25/2026 1:51:56,1.17.3,FR5,75,3.94,nan,5,Left,Left,1185,194,236,0,nan,nan,0.02
4/25/2026 1:51:56,1.17.3,FR5,75,3.94,nan,5,LeftDuringDispense,Left,1186,194,236,0,nan,nan,0.23
4/25/2026 1:52:00,1.17.3,FR5,75,3.94,2,5,Pellet,Left,1186,194,237,0,0.47,15,nan
4/25/2026 1:52:27,1.17.3,FR5,75,3.94,nan,5,Left,Left,1187,194,237,0,nan,nan,0.15
4/25/2026 1:52:29,1.17.3,FR5,75,3.95,nan,5,Left,Left,1188,194,237,0,nan,nan,0.43
4/25/2026 1:52:30,1.17.3,FR5,75,3.94,nan,5,Left,Left,1189,194,237,0,nan,nan,0.21
4/25/2026 1:52:34,1.17.3,FR5,75,3.94,nan,5,Left,Left,1190,194,237,0,nan,nan,0.19
4/25/2026 1:52:35,1.17.3,FR5,75,3.94,1,5,Pellet,Left,1190,194,238,0,0.35,35,nan
4/25/2026 1:52:53,1.17.3,FR5,75,3.94,nan,5,Left,Left,1191,194,238,0,nan,nan,0.18
4/25/2026 1:52:54,1.17.3,FR5,75,3.95,nan,5,Left,Left,1192,194,238,0,nan,nan,0.01
4/25/2026 1:52:58,1.17.3,FR5,75,3.95,nan,5,Left,Left,1193,194,238,0,nan,nan,1.57
4/25/2026 1:53:03,1.17.3,FR5,75,3.94,nan,5,Left,Left,1194,194,238,0,nan,nan,0.33
4/25/2026 1:53:04,1.17.3,FR5,75,3.94,nan,5,Left,Left,1195,194,238,0,nan,nan,0.16
4/25/2026 1:53:04,1.17.3,FR5,75,3.94,nan,5,LeftDuringDispense,Left,1196,194,238,0,nan,nan,0.30
4/25/2026 1:53:07,1.17.3,FR5,75,3.94,2,5,Pellet,Left,1196,194,239,0,0.35,32,nan
4/25/2026 1:53:19,1.17.3,FR5,75,3.95,nan,5,Left,Left,1197,194,239,0,nan,nan,0.15
4/25/2026 1:53:20,1.17.3,FR5,75,3.95,nan,5,Left,Left,1198,194,239,0,nan,nan,0.27
4/25/2026 1:53:21,1.17.3,FR5,75,3.94,nan,5,Left,Left,1199,194,239,0,nan,nan,0.18
4/25/2026 1:53:22,1.17.3,FR5,75,3.94,nan,5,Left,Left,1200,194,239,0,nan,nan,0.41
4/25/2026 1:53:23,1.17.3,FR5,75,3.94,nan,5,LeftDuringDispense,Left,1201,194,239,0,nan,nan,0.37
4/25/2026 1:53:26,1.17.3,FR5,75,3.95,2,5,Pellet,Left,1201,194,240,0,0.71,19,nan
4/25/2026 1:53:47,1.17.3,FR5,75,3.94,nan,5,Left,Left,1202,194,240,0,nan,nan,0.23
4/25/2026 1:54:22,1.17.3,FR5,75,3.95,nan,5,Left,Left,1203,194,240,0,nan,nan,0.06
4/25/2026 1:54:22,1.17.3,FR5,75,3.94,nan,5,Left,Left,1204,194,240,0,nan,nan,0.15
4/25/2026 1:54:23,1.17.3,FR5,75,3.95,nan,5,Left,Left,1205,194,240,0,nan,nan,0.08
4/25/2026 1:54:25,1.17.3,FR5,75,3.95,1,5,Pellet,Left,1205,194,241,0,0.53,59,nan
4/25/2026 1:54:40,1.17.3,FR5,75,3.94,nan,5,Left,Left,1206,194,241,0,nan,nan,0.07
4/25/2026 1:54:41,1.17.3,FR5,75,3.94,nan,5,Left,Left,1207,194,241,0,nan,nan,0.14
4/25/2026 1:54:43,1.17.3,FR5,75,3.94,nan,5,Left,Left,1208,194,241,0,nan,nan,0.24
4/25/2026 1:54:45,1.17.3,FR5,75,3.94,nan,5,Left,Left,1209,194,241,0,nan,nan,0.27
4/25/2026 1:54:47,1.17.3,FR5,75,3.94,nan,5,Left,Left,1210,194,241,0,nan,nan,0.15
4/25/2026 1:54:48,1.17.3,FR5,75,3.95,1,5,Pellet,Left,1210,194,242,0,0.41,23,nan
4/25/2026 1:54:56,1.17.3,FR5,75,3.95,nan,5,Left,Left,1211,194,242,0,nan,nan,0.12
4/25/2026 1:54:58,1.17.3,FR5,75,3.95,nan,5,Left,Left,1212,194,242,0,nan,nan,0.29
4/25/2026 1:54:59,1.17.3,FR5,75,3.95,nan,5,Left,Left,1213,194,242,0,nan,nan,0.15
4/25/2026 1:55:00,1.17.3,FR5,75,3.95,nan,5,Left,Left,1214,194,242,0,nan,nan,0.17
4/25/2026 1:55:01,1.17.3,FR5,75,3.94,nan,5,Left,Left,1215,194,242,0,nan,nan,0.07
4/25/2026 1:55:02,1.17.3,FR5,75,3.94,nan,5,LeftDuringDispense,Left,1216,194,242,0,nan,nan,0.14
4/25/2026 1:55:05,1.17.3,FR5,75,3.95,3,5,Pellet,Left,1216,194,243,0,0.35,17,nan
4/25/2026 1:55:20,1.17.3,FR5,75,3.94,nan,5,Left,Left,1217,194,243,0,nan,nan,0.15
4/25/2026 1:55:23,1.17.3,FR5,75,3.94,nan,5,Left,Left,1218,194,243,0,nan,nan,0.17
4/25/2026 1:55:24,1.17.3,FR5,75,3.94,nan,5,Left,Left,1219,194,243,0,nan,nan,0.49
4/25/2026 1:55:26,1.17.3,FR5,75,3.95,nan,5,Left,Left,1220,194,243,0,nan,nan,0.37
4/25/2026 1:55:27,1.17.3,FR5,75,3.94,1,5,Pellet,Left,1220,194,244,0,0.41,22,nan
4/25/2026 1:55:43,1.17.3,FR5,75,3.95,nan,5,Left,Left,1221,194,244,0,nan,nan,0.03
4/25/2026 1:55:45,1.17.3,FR5,75,3.95,nan,5,Left,Left,1222,194,244,0,nan,nan,0.53
4/25/2026 1:55:46,1.17.3,FR5,75,3.94,nan,5,Left,Left,1223,194,244,0,nan,nan,0.83
4/25/2026 1:55:47,1.17.3,FR5,75,3.94,nan,5,Left,Left,1224,194,244,0,nan,nan,0.00
4/25/2026 1:55:48,1.17.3,FR5,75,3.94,nan,5,Left,Left,1225,194,244,0,nan,nan,0.32
4/25/2026 1:55:49,1.17.3,FR5,75,3.94,1,5,Pellet,Left,1225,194,245,0,0.35,22,nan
4/25/2026 1:56:19,1.17.3,FR5,75,3.95,nan,5,Left,Left,1226,194,245,0,nan,nan,0.16
4/25/2026 1:56:22,1.17.3,FR5,75,3.95,nan,5,Left,Left,1227,194,245,0,nan,nan,0.32
4/25/2026 1:56:25,1.17.3,FR5,75,3.95,nan,5,Left,Left,1228,194,245,0,nan,nan,0.10
4/25/2026 1:56:27,1.17.3,FR5,75,3.95,nan,5,Left,Left,1229,194,245,0,nan,nan,0.11
4/25/2026 2:12:52,1.17.3,FR5,75,3.94,nan,5,Right,Left,1229,195,245,0,nan,nan,0.25
4/25/2026 2:16:36,1.17.3,FR5,75,3.94,nan,5,Left,Left,1230,195,245,0,nan,nan,0.13
4/25/2026 2:16:37,1.17.3,FR5,75,3.94,1,5,Pellet,Left,1230,195,246,0,0.35,1248,nan
4/25/2026 2:17:05,1.17.3,FR5,75,3.95,nan,5,Left,Left,1231,195,246,0,nan,nan,0.10
4/25/2026 2:18:09,1.17.3,FR5,75,3.94,nan,5,Right,Left,1231,196,246,0,nan,nan,0.34
4/25/2026 2:21:04,1.17.3,FR5,75,3.94,nan,5,Left,Left,1232,196,246,0,nan,nan,0.12
4/25/2026 2:21:09,1.17.3,FR5,75,3.94,nan,5,Right,Left,1232,197,246,0,nan,nan,0.25
4/25/2026 2:21:10,1.17.3,FR5,75,3.95,nan,5,Right,Left,1232,198,246,0,nan,nan,0.00
4/25/2026 2:21:11,1.17.3,FR5,75,3.94,nan,5,Right,Left,1232,199,246,0,nan,nan,0.23
4/25/2026 2:21:12,1.17.3,FR5,75,3.94,nan,5,Right,Left,1232,200,246,0,nan,nan,0.11
4/25/2026 2:21:14,1.17.3,FR5,75,3.95,nan,5,Left,Left,1233,200,246,0,nan,nan,0.08
4/25/2026 2:21:17,1.17.3,FR5,75,3.94,nan,5,Left,Left,1234,200,246,0,nan,nan,0.03
4/25/2026 2:25:23,1.17.3,FR5,75,3.94,nan,5,Left,Left,1235,200,246,0,nan,nan,0.00
4/25/2026 2:25:24,1.17.3,FR5,75,3.94,1,5,Pellet,Left,1235,200,247,0,0.23,527,nan
4/25/2026 2:25:52,1.17.3,FR5,75,3.94,nan,5,Left,Left,1236,200,247,0,nan,nan,0.44
4/25/2026 2:25:57,1.17.3,FR5,75,3.94,nan,5,Left,Left,1237,200,247,0,nan,nan,0.04
4/25/2026 4:04:05,1.17.3,FR5,75,3.94,nan,5,Left,Left,1238,200,247,0,nan,nan,0.13
4/25/2026 4:04:06,1.17.3,FR5,75,3.94,nan,5,Left,Left,1239,200,247,0,nan,nan,0.27
4/25/2026 4:04:23,1.17.3,FR5,75,3.94,nan,5,Left,Left,1240,200,247,0,nan,nan,0.28
4/25/2026 4:04:24,1.17.3,FR5,75,3.94,1,5,Pellet,Left,1240,200,248,0,0.65,5940,nan
4/25/2026 4:04:38,1.17.3,FR5,75,3.94,nan,5,Left,Left,1241,200,248,0,nan,nan,0.26
4/25/2026 4:04:41,1.17.3,FR5,75,3.94,nan,5,Left,Left,1242,200,248,0,nan,nan,0.84
4/25/2026 4:04:43,1.17.3,FR5,75,3.94,nan,5,Left,Left,1243,200,248,0,nan,nan,0.82
4/25/2026 4:04:45,1.17.3,FR5,75,3.94,nan,5,Left,Left,1244,200,248,0,nan,nan,0.43
4/25/2026 4:04:45,1.17.3,FR5,75,3.94,nan,5,Left,Left,1245,200,248,0,nan,nan,0.00
4/25/2026 4:04:46,1.17.3,FR5,75,3.94,1,5,Pellet,Left,1245,200,249,0,0.23,22,nan
4/25/2026 4:05:00,1.17.3,FR5,75,3.94,nan,5,Left,Left,1246,200,249,0,nan,nan,0.11
4/25/2026 4:05:03,1.17.3,FR5,75,3.94,nan,5,Left,Left,1247,200,249,0,nan,nan,0.41
4/25/2026 4:05:13,1.17.3,FR5,75,3.94,nan,5,Left,Left,1248,200,249,0,nan,nan,0.01
4/25/2026 4:05:14,1.17.3,FR5,75,3.94,nan,5,Left,Left,1249,200,249,0,nan,nan,0.37
4/25/2026 4:05:16,1.17.3,FR5,75,3.94,nan,5,Left,Left,1250,200,249,0,nan,nan,0.03
4/25/2026 4:05:16,1.17.3,FR5,75,3.94,nan,5,LeftDuringDispense,Left,1251,200,249,0,nan,nan,0.02
4/25/2026 4:05:21,1.17.3,FR5,75,3.94,2,5,Pellet,Left,1251,200,250,0,2.27,35,nan
4/25/2026 4:06:19,1.17.3,FR5,75,3.94,nan,5,Left,Left,1252,200,250,0,nan,nan,0.21
4/25/2026 4:06:21,1.17.3,FR5,75,3.94,nan,5,Left,Left,1253,200,250,0,nan,nan,0.11
4/25/2026 4:06:24,1.17.3,FR5,75,3.94,nan,5,Left,Left,1254,200,250,0,nan,nan,0.09
4/25/2026 4:06:25,1.17.3,FR5,75,3.94,nan,5,Left,Left,1255,200,250,0,nan,nan,0.07
4/25/2026 4:06:26,1.17.3,FR5,75,3.94,1,5,Pellet,Left,1255,200,251,0,0.35,65,nan
4/25/2026 4:06:43,1.17.3,FR5,75,3.94,nan,5,Left,Left,1256,200,251,0,nan,nan,0.39
4/25/2026 4:06:50,1.17.3,FR5,75,3.94,nan,5,Left,Left,1257,200,251,0,nan,nan,0.04
4/25/2026 4:06:52,1.17.3,FR5,75,3.94,nan,5,Left,Left,1258,200,251,0,nan,nan,0.23
4/25/2026 4:06:57,1.17.3,FR5,75,3.94,nan,5,Left,Left,1259,200,251,0,nan,nan,0.01
4/25/2026 4:07:00,1.17.3,FR5,75,3.94,nan,5,Left,Left,1260,200,251,0,nan,nan,0.05
4/25/2026 4:07:01,1.17.3,FR5,75,3.94,1,5,Pellet,Left,1260,200,252,0,0.35,35,nan
4/25/2026 4:07:10,1.17.3,FR5,75,3.94,nan,5,Left,Left,1261,200,252,0,nan,nan,0.10
4/25/2026 4:07:12,1.17.3,FR5,75,3.94,nan,5,Left,Left,1262,200,252,0,nan,nan,0.12
4/25/2026 4:57:56,1.17.3,FR5,75,3.94,nan,5,Left,Left,1263,200,252,0,nan,nan,0.10
4/25/2026 4:57:57,1.17.3,FR5,75,3.94,nan,5,Left,Left,1264,200,252,0,nan,nan,0.06
4/25/2026 4:58:02,1.17.3,FR5,75,3.94,nan,5,Left,Left,1265,200,252,0,nan,nan,0.74
4/25/2026 4:58:05,1.17.3,FR5,75,3.94,2,5,Pellet,Left,1265,200,253,0,0.23,3064,nan
4/25/2026 4:58:28,1.17.3,FR5,75,3.94,nan,5,Left,Left,1266,200,253,0,nan,nan,0.10
4/25/2026 4:58:29,1.17.3,FR5,75,3.94,nan,5,Left,Left,1267,200,253,0,nan,nan,0.00
4/25/2026 4:58:30,1.17.3,FR5,75,3.94,nan,5,Left,Left,1268,200,253,0,nan,nan,0.07
4/25/2026 4:58:31,1.17.3,FR5,75,3.94,nan,5,Left,Left,1269,200,253,0,nan,nan,0.12
4/25/2026 4:58:34,1.17.3,FR5,75,3.94,nan,5,Left,Left,1270,200,253,0,nan,nan,0.83
4/25/2026 4:58:34,1.17.3,FR5,75,3.94,nan,5,LeftDuringDispense,Left,1271,200,253,0,nan,nan,0.21
4/25/2026 4:58:38,1.17.3,FR5,75,3.94,2,5,Pellet,Left,1271,200,254,0,0.71,33,nan
4/25/2026 4:58:53,1.17.3,FR5,75,3.94,nan,5,Left,Left,1272,200,254,0,nan,nan,0.07
4/25/2026 4:58:56,1.17.3,FR5,75,3.94,nan,5,Left,Left,1273,200,254,0,nan,nan,0.34
4/25/2026 4:58:57,1.17.3,FR5,75,3.94,nan,5,Left,Left,1274,200,254,0,nan,nan,0.56
4/25/2026 4:59:00,1.17.3,FR5,75,3.94,nan,5,Left,Left,1275,200,254,0,nan,nan,0.08
4/25/2026 4:59:01,1.17.3,FR5,75,3.94,1,5,Pellet,Left,1275,200,255,0,0.47,23,nan
4/25/2026 4:59:15,1.17.3,FR5,75,3.94,nan,5,Left,Left,1276,200,255,0,nan,nan,0.02
4/25/2026 4:59:17,1.17.3,FR5,75,3.94,nan,5,Left,Left,1277,200,255,0,nan,nan,0.05
4/25/2026 4:59:20,1.17.3,FR5,75,3.94,nan,5,Left,Left,1278,200,255,0,nan,nan,0.32
4/25/2026 4:59:24,1.17.3,FR5,75,3.94,nan,5,Left,Left,1279,200,255,0,nan,nan,0.22
4/25/2026 4:59:35,1.17.3,FR5,75,3.94,nan,5,Left,Left,1280,200,255,0,nan,nan,0.07
4/25/2026 4:59:36,1.17.3,FR5,75,3.94,1,5,Pellet,Left,1280,200,256,0,0.23,35,nan
4/25/2026 4:59:59,1.17.3,FR5,75,3.94,nan,5,Left,Left,1281,200,256,0,nan,nan,0.03
4/25/2026 5:00:00,1.17.3,FR5,75,3.94,nan,5,Left,Left,1282,200,256,0,nan,nan,0.46
4/25/2026 5:00:01,1.17.3,FR5,75,3.94,nan,5,Left,Left,1283,200,256,0,nan,nan,0.47
4/25/2026 5:00:03,1.17.3,FR5,75,3.94,nan,5,Left,Left,1284,200,256,0,nan,nan,0.84
4/25/2026 5:00:15,1.17.3,FR5,75,3.94,nan,5,Left,Left,1285,200,256,0,nan,nan,0.34
4/25/2026 5:00:16,1.17.3,FR5,75,3.94,2,5,Pellet,Left,1285,200,257,0,0.12,40,nan
4/25/2026 5:00:41,1.17.3,FR5,75,3.94,nan,5,Left,Left,1286,200,257,0,nan,nan,0.05
4/25/2026 5:00:44,1.17.3,FR5,75,3.94,nan,5,Left,Left,1287,200,257,0,nan,nan,0.38
4/25/2026 5:00:45,1.17.3,FR5,75,3.94,nan,5,Left,Left,1288,200,257,0,nan,nan,0.26
4/25/2026 5:00:55,1.17.3,FR5,75,3.94,nan,5,Left,Left,1289,200,257,0,nan,nan,0.17
4/25/2026 5:01:06,1.17.3,FR5,75,3.94,nan,5,Right,Left,1289,201,257,0,nan,nan,0.85
4/25/2026 5:01:07,1.17.3,FR5,75,3.94,nan,5,Right,Left,1289,202,257,0,nan,nan,0.26
4/25/2026 5:13:20,1.17.3,FR5,75,3.94,nan,5,Left,Left,1290,202,257,0,nan,nan,0.10
4/25/2026 5:13:21,1.17.3,FR5,75,3.94,1,5,Pellet,Left,1290,202,258,0,0.47,785,nan
4/25/2026 5:13:49,1.17.3,FR5,75,3.94,nan,5,Left,Left,1291,202,258,0,nan,nan,0.78
4/25/2026 5:13:53,1.17.3,FR5,75,3.94,nan,5,Left,Left,1292,202,258,0,nan,nan,0.43
4/25/2026 5:13:54,1.17.3,FR5,75,3.94,nan,5,Left,Left,1293,202,258,0,nan,nan,0.19
4/25/2026 5:13:57,1.17.3,FR5,75,3.94,nan,5,Left,Left,1294,202,258,0,nan,nan,0.11
4/25/2026 5:13:58,1.17.3,FR5,75,3.94,nan,5,Left,Left,1295,202,258,0,nan,nan,0.02
4/25/2026 5:13:59,1.17.3,FR5,75,3.94,1,5,Pellet,Left,1295,202,259,0,0.17,38,nan
4/25/2026 5:14:13,1.17.3,FR5,75,3.94,nan,5,Left,Left,1296,202,259,0,nan,nan,0.63
4/25/2026 5:14:16,1.17.3,FR5,75,3.94,nan,5,Left,Left,1297,202,259,0,nan,nan,0.01
4/25/2026 5:31:59,1.17.3,FR5,75,3.94,nan,5,Left,Left,1298,202,259,0,nan,nan,0.09
4/25/2026 5:38:18,1.17.3,FR5,75,3.94,nan,5,Left,Left,1299,202,259,0,nan,nan,0.13
4/25/2026 5:46:14,1.17.3,FR5,75,3.94,nan,5,Left,Left,1300,202,259,0,nan,nan,0.07
4/25/2026 5:46:16,1.17.3,FR5,75,3.94,2,5,Pellet,Left,1300,202,260,0,0.35,1937,nan
4/25/2026 5:48:38,1.17.3,FR5,75,3.94,nan,5,Right,Left,1300,203,260,0,nan,nan,0.13
4/25/2026 5:48:40,1.17.3,FR5,75,3.94,nan,5,Right,Left,1300,204,260,0,nan,nan,1.35
4/25/2026 5:48:43,1.17.3,FR5,75,3.94,nan,5,Right,Left,1300,205,260,0,nan,nan,0.23
4/25/2026 5:48:45,1.17.3,FR5,75,3.94,nan,5,Right,Left,1300,206,260,0,nan,nan,0.15
4/25/2026 5:48:46,1.17.3,FR5,75,3.94,nan,5,Right,Left,1300,207,260,0,nan,nan,0.00
4/25/2026 5:48:47,1.17.3,FR5,75,3.94,nan,5,Right,Left,1300,208,260,0,nan,nan,0.09
4/25/2026 5:48:50,1.17.3,FR5,75,3.94,nan,5,Left,Left,1301,208,260,0,nan,nan,0.12
4/25/2026 6:01:40,1.17.3,FR5,75,3.94,nan,5,Left,Left,1302,208,260,0,nan,nan,0.06
4/25/2026 6:01:58,1.17.3,FR5,75,3.94,nan,5,Left,Left,1303,208,260,0,nan,nan,0.03
4/25/2026 6:02:01,1.17.3,FR5,75,3.94,nan,5,Left,Left,1304,208,260,0,nan,nan,0.08
4/25/2026 6:07:10,1.17.3,FR5,75,3.94,nan,5,Left,Left,1305,208,260,0,nan,nan,0.25
4/25/2026 6:07:11,1.17.3,FR5,75,3.94,1,5,Pellet,Left,1305,208,261,0,0.59,1255,nan
4/25/2026 6:07:39,1.17.3,FR5,75,3.94,nan,5,Left,Left,1306,208,261,0,nan,nan,0.18
4/25/2026 6:07:40,1.17.3,FR5,75,3.94,nan,5,Left,Left,1307,208,261,0,nan,nan,0.06
4/25/2026 6:07:41,1.17.3,FR5,75,3.94,nan,5,Left,Left,1308,208,261,0,nan,nan,0.18
4/25/2026 6:08:03,1.17.3,FR5,75,3.94,nan,5,Right,Left,1308,209,261,0,nan,nan,0.28
4/25/2026 6:08:15,1.17.3,FR5,75,3.94,nan,5,Left,Left,1309,209,261,0,nan,nan,0.18
4/25/2026 7:18:57,1.17.3,FR5,75,3.94,nan,5,Left,Left,1310,209,261,0,nan,nan,0.14
4/25/2026 7:19:00,1.17.3,FR5,75,3.93,2,5,Pellet,Left,1310,209,262,0,0.06,4309,nan
4/25/2026 7:23:58,1.17.3,FR5,75,3.94,nan,5,Right,Left,1310,210,262,0,nan,nan,0.07
4/25/2026 7:24:01,1.17.3,FR5,75,3.93,nan,5,Right,Left,1310,211,262,0,nan,nan,0.12
4/25/2026 7:28:27,1.17.3,FR5,75,3.94,nan,5,Left,Left,1311,211,262,0,nan,nan,0.10
4/25/2026 8:22:22,1.17.3,FR5,75,3.93,nan,5,Left,Left,1312,211,262,0,nan,nan,0.07
4/25/2026 8:22:23,1.17.3,FR5,75,3.93,nan,5,Left,Left,1313,211,262,0,nan,nan,0.36
4/25/2026 8:22:25,1.17.3,FR5,75,3.94,nan,5,Left,Left,1314,211,262,0,nan,nan,0.78
4/25/2026 8:22:26,1.17.3,FR5,75,3.94,nan,5,Left,Left,1315,211,262,0,nan,nan,0.13
4/25/2026 8:22:27,1.17.3,FR5,75,3.93,1,5,Pellet,Left,1315,211,263,0,0.35,3807,nan
4/25/2026 8:22:35,1.17.3,FR5,75,3.94,nan,5,Left,Left,1316,211,263,0,nan,nan,0.17
4/25/2026 8:22:36,1.17.3,FR5,75,3.94,nan,5,Left,Left,1317,211,263,0,nan,nan,0.10
4/25/2026 8:22:45,1.17.3,FR5,75,3.94,nan,5,Left,Left,1318,211,263,0,nan,nan,0.38
4/25/2026 8:22:48,1.17.3,FR5,75,3.94,nan,5,Left,Left,1319,211,263,0,nan,nan,0.22
4/25/2026 8:22:50,1.17.3,FR5,75,3.94,nan,5,Left,Left,1320,211,263,0,nan,nan,0.17
4/25/2026 8:22:50,1.17.3,FR5,75,3.93,nan,5,LeftDuringDispense,Left,1321,211,263,0,nan,nan,0.14
4/25/2026 8:22:50,1.17.3,FR5,75,3.93,nan,5,LeftDuringDispense,Left,1322,211,263,0,nan,nan,0.01
4/25/2026 8:22:55,1.17.3,FR5,75,3.94,3,5,Pellet,Left,1322,211,264,0,0.23,28,nan
4/25/2026 8:23:10,1.17.3,FR5,75,3.94,nan,5,Left,Left,1323,211,264,0,nan,nan,0.08
4/25/2026 8:23:17,1.17.3,FR5,75,3.94,nan,5,Left,Left,1324,211,264,0,nan,nan,1.62
4/25/2026 8:23:18,1.17.3,FR5,75,3.94,nan,5,Left,Left,1325,211,264,0,nan,nan,0.95
4/25/2026 8:23:19,1.17.3,FR5,75,3.94,2,5,Pellet,Left,1325,211,265,0,0.17,24,nan
4/25/2026 8:23:38,1.17.3,FR5,75,3.93,nan,5,Left,Left,1326,211,265,0,nan,nan,0.02
4/25/2026 8:23:41,1.17.3,FR5,75,3.94,nan,5,Left,Left,1327,211,265,0,nan,nan,0.82
4/25/2026 8:23:42,1.17.3,FR5,75,3.94,nan,5,Left,Left,1328,211,265,0,nan,nan,0.25
4/25/2026 8:23:42,1.17.3,FR5,75,3.93,nan,5,Left,Left,1329,211,265,0,nan,nan,0.00
4/25/2026 8:23:45,1.17.3,FR5,75,3.93,nan,5,Left,Left,1330,211,265,0,nan,nan,0.15
4/25/2026 8:23:46,1.17.3,FR5,75,3.93,1,5,Pellet,Left,1330,211,266,0,0.41,27,nan
4/25/2026 8:24:00,1.17.3,FR5,75,3.94,nan,5,Left,Left,1331,211,266,0,nan,nan,0.14
4/25/2026 8:24:01,1.17.3,FR5,75,3.93,nan,5,Left,Left,1332,211,266,0,nan,nan,0.35
4/25/2026 8:24:03,1.17.3,FR5,75,3.94,nan,5,Left,Left,1333,211,266,0,nan,nan,0.12
4/25/2026 8:24:04,1.17.3,FR5,75,3.93,nan,5,Left,Left,1334,211,266,0,nan,nan,0.02
4/25/2026 8:24:06,1.17.3,FR5,75,3.93,nan,5,Left,Left,1335,211,266,0,nan,nan,0.10
4/25/2026 8:24:06,1.17.3,FR5,75,3.94,nan,5,LeftDuringDispense,Left,1336,211,266,0,nan,nan,0.28
4/25/2026 8:24:09,1.17.3,FR5,75,3.94,3,5,Pellet,Left,1336,211,267,0,0.23,23,nan
4/25/2026 8:24:25,1.17.3,FR5,75,3.94,nan,5,Left,Left,1337,211,267,0,nan,nan,0.12
4/25/2026 8:24:26,1.17.3,FR5,75,3.94,nan,5,Left,Left,1338,211,267,0,nan,nan,0.02
4/25/2026 8:24:27,1.17.3,FR5,75,3.94,nan,5,Left,Left,1339,211,267,0,nan,nan,0.00
4/25/2026 8:24:30,1.17.3,FR5,75,3.93,nan,5,Left,Left,1340,211,267,0,nan,nan,0.06
4/25/2026 8:24:31,1.17.3,FR5,75,3.94,1,5,Pellet,Left,1340,211,268,0,0.17,22,nan
4/25/2026 8:24:46,1.17.3,FR5,75,3.93,nan,5,Left,Left,1341,211,268,0,nan,nan,0.11
4/25/2026 8:24:48,1.17.3,FR5,75,3.93,nan,5,Left,Left,1342,211,268,0,nan,nan,1.00
4/25/2026 8:24:50,1.17.3,FR5,75,3.93,nan,5,Left,Left,1343,211,268,0,nan,nan,0.32
4/25/2026 8:24:52,1.17.3,FR5,75,3.94,nan,5,Left,Left,1344,211,268,0,nan,nan,0.97
4/25/2026 8:24:55,1.17.3,FR5,75,3.93,nan,5,Left,Left,1345,211,268,0,nan,nan,0.03
4/25/2026 8:24:56,1.17.3,FR5,75,3.93,1,5,Pellet,Left,1345,211,269,0,0.29,25,nan
4/25/2026 8:25:07,1.17.3,FR5,75,3.94,nan,5,Left,Left,1346,211,269,0,nan,nan,0.03
4/25/2026 8:25:09,1.17.3,FR5,75,3.94,nan,5,Left,Left,1347,211,269,0,nan,nan,0.95
4/25/2026 8:25:10,1.17.3,FR5,75,3.94,nan,5,Left,Left,1348,211,269,0,nan,nan,0.00
4/25/2026 8:25:14,1.17.3,FR5,75,3.93,nan,5,Left,Left,1349,211,269,0,nan,nan,0.17
4/25/2026 8:25:15,1.17.3,FR5,75,3.94,nan,5,Left,Left,1350,211,269,0,nan,nan,0.16
4/25/2026 8:25:16,1.17.3,FR5,75,3.94,1,5,Pellet,Left,1350,211,270,0,0.23,20,nan
4/25/2026 8:25:42,1.17.3,FR5,75,3.94,nan,5,Left,Left,1351,211,270,0,nan,nan,0.07
4/25/2026 8:25:44,1.17.3,FR5,75,3.93,nan,5,Left,Left,1352,211,270,0,nan,nan,0.65
4/25/2026 8:25:46,1.17.3,FR5,75,3.94,nan,5,Left,Left,1353,211,270,0,nan,nan,0.03
4/25/2026 8:25:49,1.17.3,FR5,75,3.93,nan,5,Left,Left,1354,211,270,0,nan,nan,0.67
4/25/2026 8:25:55,1.17.3,FR5,75,3.93,nan,5,Left,Left,1355,211,270,0,nan,nan,0.22
4/25/2026 8:25:55,1.17.3,FR5,75,3.93,nan,5,LeftDuringDispense,Left,1356,211,270,0,nan,nan,0.12
4/25/2026 8:25:56,1.17.3,FR5,75,3.93,nan,5,LeftDuringDispense,Left,1357,211,270,0,nan,nan,0.12
4/25/2026 8:26:00,1.17.3,FR5,75,3.94,3,5,Pellet,Left,1357,211,271,0,0.06,44,nan
4/25/2026 8:26:09,1.17.3,FR5,75,3.93,nan,5,Left,Left,1358,211,271,0,nan,nan,0.29
4/25/2026 8:26:10,1.17.3,FR5,75,3.94,nan,5,Left,Left,1359,211,271,0,nan,nan,0.16
4/25/2026 8:26:12,1.17.3,FR5,75,3.93,nan,5,Left,Left,1360,211,271,0,nan,nan,0.29
4/25/2026 8:26:13,1.17.3,FR5,75,3.93,nan,5,LeftDuringDispense,Left,1361,211,271,0,nan,nan,0.36
4/25/2026 8:26:13,1.17.3,FR5,75,3.93,1,5,Pellet,Left,1361,211,272,0,0.47,13,nan
4/25/2026 8:26:27,1.17.3,FR5,75,3.94,nan,5,Left,Left,1362,211,272,0,nan,nan,0.23
4/25/2026 8:26:29,1.17.3,FR5,75,3.94,nan,5,Left,Left,1363,211,272,0,nan,nan,0.69
4/25/2026 8:26:32,1.17.3,FR5,75,3.94,nan,5,Left,Left,1364,211,272,0,nan,nan,0.24
4/25/2026 8:26:34,1.17.3,FR5,75,3.94,nan,5,Left,Left,1365,211,272,0,nan,nan,0.80
4/25/2026 8:26:34,1.17.3,FR5,75,3.93,nan,5,LeftDuringDispense,Left,1366,211,272,0,nan,nan,0.01
4/25/2026 8:26:48,1.17.3,FR5,75,3.94,3,5,Pellet,Left,1366,211,273,0,10.97,35,nan
4/25/2026 8:27:06,1.17.3,FR5,75,3.94,nan,5,Left,Left,1367,211,273,0,nan,nan,0.04
4/25/2026 8:27:07,1.17.3,FR5,75,3.94,nan,5,Left,Left,1368,211,273,0,nan,nan,0.00
4/25/2026 8:27:08,1.17.3,FR5,75,3.94,nan,5,Left,Left,1369,211,273,0,nan,nan,0.18
4/25/2026 8:27:11,1.17.3,FR5,75,3.94,nan,5,Left,Left,1370,211,273,0,nan,nan,0.59
4/25/2026 8:27:12,1.17.3,FR5,75,3.93,nan,5,LeftDuringDispense,Left,1371,211,273,0,nan,nan,0.34
4/25/2026 8:27:15,1.17.3,FR5,75,3.93,3,5,Pellet,Left,1371,211,274,0,0.23,27,nan
4/25/2026 8:27:30,1.17.3,FR5,75,3.93,nan,5,Left,Left,1372,211,274,0,nan,nan,0.10
4/25/2026 8:27:31,1.17.3,FR5,75,3.94,nan,5,Left,Left,1373,211,274,0,nan,nan,0.05
4/25/2026 8:27:32,1.17.3,FR5,75,3.94,nan,5,Left,Left,1374,211,274,0,nan,nan,0.02
4/25/2026 8:27:35,1.17.3,FR5,75,3.93,nan,5,Left,Left,1375,211,274,0,nan,nan,0.35
4/25/2026 8:27:36,1.17.3,FR5,75,3.94,2,5,Pellet,Left,1375,211,275,0,0.17,21,nan
4/25/2026 8:27:54,1.17.3,FR5,75,3.94,nan,5,Left,Left,1376,211,275,0,nan,nan,0.29
4/25/2026 8:27:55,1.17.3,FR5,75,3.94,nan,5,Left,Left,1377,211,275,0,nan,nan,0.24
4/25/2026 8:27:57,1.17.3,FR5,75,3.93,nan,5,Left,Left,1378,211,275,0,nan,nan,0.16
4/25/2026 8:27:59,1.17.3,FR5,75,3.93,nan,5,Left,Left,1379,211,275,0,nan,nan,0.76
4/25/2026 8:28:04,1.17.3,FR5,75,3.93,nan,5,Left,Left,1380,211,275,0,nan,nan,0.13
4/25/2026 8:28:05,1.17.3,FR5,75,3.93,1,5,Pellet,Left,1380,211,276,0,0.35,29,nan
4/25/2026 8:28:35,1.17.3,FR5,75,3.93,nan,5,Left,Left,1381,211,276,0,nan,nan,0.11
4/25/2026 8:28:41,1.17.3,FR5,75,3.94,nan,5,Left,Left,1382,211,276,0,nan,nan,0.05
4/25/2026 8:28:47,1.17.3,FR5,75,3.94,nan,5,Left,Left,1383,211,276,0,nan,nan,0.39
4/25/2026 8:28:50,1.17.3,FR5,75,3.94,nan,5,Left,Left,1384,211,276,0,nan,nan,0.07
4/25/2026 8:28:51,1.17.3,FR5,75,3.93,nan,5,Left,Left,1385,211,276,0,nan,nan,0.28
4/25/2026 8:28:52,1.17.3,FR5,75,3.94,1,5,Pellet,Left,1385,211,277,0,0.23,47,nan
4/25/2026 8:29:02,1.17.3,FR5,75,3.93,nan,5,Left,Left,1386,211,277,0,nan,nan,0.04
4/25/2026 8:29:04,1.17.3,FR5,75,3.94,nan,5,Left,Left,1387,211,277,0,nan,nan,0.26
4/25/2026 8:29:05,1.17.3,FR5,75,3.93,nan,5,Left,Left,1388,211,277,0,nan,nan,0.05
4/25/2026 8:29:06,1.17.3,FR5,75,3.93,nan,5,Left,Left,1389,211,277,0,nan,nan,0.51
4/25/2026 8:30:11,1.17.3,FR5,75,3.94,nan,5,Right,Left,1389,212,277,0,nan,nan,0.02
4/25/2026 9:37:01,1.17.3,FR5,75,3.93,nan,5,Left,Left,1390,212,277,0,nan,nan,0.34
4/25/2026 9:37:02,1.17.3,FR5,75,3.93,1,5,Pellet,Left,1390,212,278,0,0.41,4090,nan
4/25/2026 9:37:30,1.17.3,FR5,75,3.93,nan,5,Left,Left,1391,212,278,0,nan,nan,0.11
4/25/2026 9:37:33,1.17.3,FR5,75,3.93,nan,5,Left,Left,1392,212,278,0,nan,nan,0.67
4/25/2026 9:37:40,1.17.3,FR5,75,3.93,nan,5,Left,Left,1393,212,278,0,nan,nan,0.02
4/25/2026 9:37:41,1.17.3,FR5,75,3.93,nan,5,Left,Left,1394,212,278,0,nan,nan,0.87
4/25/2026 9:37:44,1.17.3,FR5,75,3.93,nan,5,Left,Left,1395,212,278,0,nan,nan,0.07
4/25/2026 9:37:45,1.17.3,FR5,75,3.93,1,5,Pellet,Left,1395,212,279,0,0.47,43,nan
4/25/2026 9:38:00,1.17.3,FR5,75,3.93,nan,5,Left,Left,1396,212,279,0,nan,nan,0.14
4/25/2026 9:38:02,1.17.3,FR5,75,3.94,nan,5,Left,Left,1397,212,279,0,nan,nan,0.03
4/25/2026 9:38:04,1.17.3,FR5,75,3.93,nan,5,Left,Left,1398,212,279,0,nan,nan,0.33
4/25/2026 9:38:07,1.17.3,FR5,75,3.93,nan,5,Left,Left,1399,212,279,0,nan,nan,0.11
4/25/2026 9:38:12,1.17.3,FR5,75,3.93,nan,5,Left,Left,1400,212,279,0,nan,nan,0.04
4/25/2026 9:38:13,1.17.3,FR5,75,3.93,1,5,Pellet,Left,1400,212,280,0,0.47,28,nan
4/25/2026 9:38:26,1.17.3,FR5,75,3.93,nan,5,Left,Left,1401,212,280,0,nan,nan,0.22
4/25/2026 9:38:27,1.17.3,FR5,75,3.93,nan,5,Left,Left,1402,212,280,0,nan,nan,0.71
4/25/2026 9:38:29,1.17.3,FR5,75,3.93,nan,5,Left,Left,1403,212,280,0,nan,nan,0.37
4/25/2026 9:38:31,1.17.3,FR5,75,3.93,nan,5,Left,Left,1404,212,280,0,nan,nan,0.48
4/25/2026 9:38:33,1.17.3,FR5,75,3.93,nan,5,Left,Left,1405,212,280,0,nan,nan,0.11
4/25/2026 9:38:34,1.17.3,FR5,75,3.93,1,5,Pellet,Left,1405,212,281,0,0.23,21,nan
4/25/2026 9:38:48,1.17.3,FR5,75,3.93,nan,5,Left,Left,1406,212,281,0,nan,nan,0.13
4/25/2026 9:38:50,1.17.3,FR5,75,3.93,nan,5,Left,Left,1407,212,281,0,nan,nan,0.44
4/25/2026 9:38:51,1.17.3,FR5,75,3.93,nan,5,Left,Left,1408,212,281,0,nan,nan,0.07
4/25/2026 9:38:53,1.17.3,FR5,75,3.93,nan,5,Left,Left,1409,212,281,0,nan,nan,0.13
4/25/2026 9:38:54,1.17.3,FR5,75,3.93,nan,5,Left,Left,1410,212,281,0,nan,nan,0.15
4/25/2026 9:38:55,1.17.3,FR5,75,3.93,1,5,Pellet,Left,1410,212,282,0,0.41,21,nan
4/25/2026 9:39:10,1.17.3,FR5,75,3.93,nan,5,Left,Left,1411,212,282,0,nan,nan,0.13
4/25/2026 9:39:12,1.17.3,FR5,75,3.93,nan,5,Left,Left,1412,212,282,0,nan,nan,0.34
4/25/2026 9:39:16,1.17.3,FR5,75,3.93,nan,5,Left,Left,1413,212,282,0,nan,nan,0.14
4/25/2026 9:39:18,1.17.3,FR5,75,3.93,nan,5,Left,Left,1414,212,282,0,nan,nan,0.03
4/25/2026 9:39:25,1.17.3,FR5,75,3.93,nan,5,Left,Left,1415,212,282,0,nan,nan,0.26
4/25/2026 9:39:26,1.17.3,FR5,75,3.94,1,5,Pellet,Left,1415,212,283,0,0.35,31,nan
4/25/2026 9:39:37,1.17.3,FR5,75,3.93,nan,5,Left,Left,1416,212,283,0,nan,nan,0.22
4/25/2026 9:39:39,1.17.3,FR5,75,3.94,nan,5,Left,Left,1417,212,283,0,nan,nan,0.74
4/25/2026 9:39:41,1.17.3,FR5,75,3.93,nan,5,Left,Left,1418,212,283,0,nan,nan,0.10
4/25/2026 9:39:42,1.17.3,FR5,75,3.93,nan,5,Left,Left,1419,212,283,0,nan,nan,0.35
4/25/2026 9:39:44,1.17.3,FR5,75,3.93,nan,5,Left,Left,1420,212,283,0,nan,nan,0.51
4/25/2026 9:39:45,1.17.3,FR5,75,3.93,nan,5,LeftDuringDispense,Left,1421,212,283,0,nan,nan,0.57
4/25/2026 9:39:48,1.17.3,FR5,75,3.93,2,5,Pellet,Left,1421,212,284,0,0.29,22,nan
4/25/2026 9:40:11,1.17.3,FR5,75,3.93,nan,5,Left,Left,1422,212,284,0,nan,nan,0.10
4/25/2026 9:40:16,1.17.3,FR5,75,3.93,nan,5,Left,Left,1423,212,284,0,nan,nan,2.10
4/25/2026 9:40:18,1.17.3,FR5,75,3.93,nan,5,Left,Left,1424,212,284,0,nan,nan,0.62
4/25/2026 9:40:20,1.17.3,FR5,75,3.93,nan,5,Left,Left,1425,212,284,0,nan,nan,0.40
4/25/2026 9:40:21,1.17.3,FR5,75,3.93,1,5,Pellet,Left,1425,212,285,0,0.41,33,nan
4/25/2026 10:27:14,1.17.3,FR5,75,3.93,nan,5,Left,Left,1426,212,285,0,nan,nan,0.01
4/25/2026 10:27:16,1.17.3,FR5,75,3.93,nan,5,Left,Left,1427,212,285,0,nan,nan,0.54
4/25/2026 10:52:50,1.17.3,FR5,75,3.93,nan,5,Left,Left,1428,212,285,0,nan,nan,0.03
4/25/2026 10:52:51,1.17.3,FR5,75,3.93,nan,5,Left,Left,1429,212,285,0,nan,nan,0.13
4/25/2026 10:52:53,1.17.3,FR5,75,3.93,nan,5,Left,Left,1430,212,285,0,nan,nan,0.36
4/25/2026 10:52:54,1.17.3,FR5,75,3.93,1,5,Pellet,Left,1430,212,286,0,0.23,4353,nan
4/25/2026 10:53:13,1.17.3,FR5,75,3.93,nan,5,Left,Left,1431,212,286,0,nan,nan,0.31
4/25/2026 10:54:19,1.17.3,FR5,75,3.93,nan,5,Left,Left,1432,212,286,0,nan,nan,0.39
4/25/2026 10:54:22,1.17.3,FR5,75,3.93,nan,5,Left,Left,1433,212,286,0,nan,nan,0.43
4/25/2026 10:54:26,1.17.3,FR5,75,3.93,nan,5,Left,Left,1434,212,286,0,nan,nan,0.22
4/25/2026 12:04:49,1.17.3,FR5,75,3.93,nan,5,Left,Left,1435,212,286,0,nan,nan,0.19
4/25/2026 12:04:51,1.17.3,FR5,75,3.93,1,5,Pellet,Left,1435,212,287,0,0.89,4317,nan
4/25/2026 12:05:02,1.17.3,FR5,75,3.93,nan,5,Left,Left,1436,212,287,0,nan,nan,0.15
4/25/2026 12:05:02,1.17.3,FR5,75,3.93,nan,5,Left,Left,1437,212,287,0,nan,nan,0.02
4/25/2026 12:05:04,1.17.3,FR5,75,3.93,nan,5,Left,Left,1438,212,287,0,nan,nan,0.14
4/25/2026 12:05:05,1.17.3,FR5,75,3.93,nan,5,Left,Left,1439,212,287,0,nan,nan,0.00
4/25/2026 12:05:06,1.17.3,FR5,75,3.93,nan,5,Left,Left,1440,212,287,0,nan,nan,0.34
4/25/2026 12:05:07,1.17.3,FR5,75,3.93,1,5,Pellet,Left,1440,212,288,0,0.35,16,nan
4/25/2026 12:05:41,1.17.3,FR5,75,3.93,nan,5,Left,Left,1441,212,288,0,nan,nan,0.01
4/25/2026 12:05:45,1.17.3,FR5,75,3.93,nan,5,Left,Left,1442,212,288,0,nan,nan,0.06
4/25/2026 12:05:46,1.17.3,FR5,75,3.93,nan,5,Left,Left,1443,212,288,0,nan,nan,0.00
4/25/2026 12:05:48,1.17.3,FR5,75,3.93,nan,5,Left,Left,1444,212,288,0,nan,nan,0.09
4/25/2026 12:05:52,1.17.3,FR5,75,3.93,nan,5,Left,Left,1445,212,288,0,nan,nan,1.29
4/25/2026 12:05:52,1.17.3,FR5,75,3.93,nan,5,LeftDuringDispense,Left,1446,212,288,0,nan,nan,0.21
4/25/2026 12:05:55,1.17.3,FR5,75,3.93,2,5,Pellet,Left,1446,212,289,0,0.17,48,nan
4/25/2026 12:06:26,1.17.3,FR5,75,3.93,nan,5,Left,Left,1447,212,289,0,nan,nan,1.17
4/25/2026 12:06:27,1.17.3,FR5,75,3.93,nan,5,Left,Left,1448,212,289,0,nan,nan,0.07
4/25/2026 12:06:29,1.17.3,FR5,75,3.93,nan,5,Left,Left,1449,212,289,0,nan,nan,0.39
4/25/2026 12:06:29,1.17.3,FR5,75,3.93,nan,5,Left,Left,1450,212,289,0,nan,nan,0.01
4/25/2026 12:06:30,1.17.3,FR5,75,3.93,1,5,Pellet,Left,1450,212,290,0,0.35,35,nan
4/25/2026 12:06:47,1.17.3,FR5,75,3.93,nan,5,Left,Left,1451,212,290,0,nan,nan,0.07
4/25/2026 12:06:47,1.17.3,FR5,75,3.93,nan,5,Left,Left,1452,212,290,0,nan,nan,0.26
4/25/2026 12:06:53,1.17.3,FR5,75,3.93,nan,5,Left,Left,1453,212,290,0,nan,nan,0.50
4/25/2026 12:06:53,1.17.3,FR5,75,3.93,nan,5,Left,Left,1454,212,290,0,nan,nan,0.01
4/25/2026 12:06:55,1.17.3,FR5,75,3.93,nan,5,Left,Left,1455,212,290,0,nan,nan,0.27
4/25/2026 12:06:56,1.17.3,FR5,75,3.93,1,5,Pellet,Left,1455,212,291,0,0.29,26,nan
4/25/2026 12:07:24,1.17.3,FR5,75,3.93,nan,5,Left,Left,1456,212,291,0,nan,nan,0.07
4/25/2026 12:07:25,1.17.3,FR5,75,3.93,nan,5,Left,Left,1457,212,291,0,nan,nan,0.02
4/25/2026 12:07:29,1.17.3,FR5,75,3.93,nan,5,Left,Left,1458,212,291,0,nan,nan,0.68
4/25/2026 12:07:35,1.17.3,FR5,75,3.93,nan,5,Left,Left,1459,212,291,0,nan,nan,0.36
4/25/2026 12:07:39,1.17.3,FR5,75,3.93,nan,5,Left,Left,1460,212,291,0,nan,nan,0.25
4/25/2026 12:07:40,1.17.3,FR5,75,3.93,1,5,Pellet,Left,1460,212,292,0,0.65,44,nan
4/25/2026 12:07:48,1.17.3,FR5,75,3.93,nan,5,Left,Left,1461,212,292,0,nan,nan,0.01
4/25/2026 12:57:38,1.17.3,FR5,75,3.93,nan,5,Left,Left,1462,212,292,0,nan,nan,0.07
4/25/2026 12:57:41,1.17.3,FR5,75,3.93,nan,5,Left,Left,1463,212,292,0,nan,nan,0.02
4/25/2026 12:57:41,1.17.3,FR5,75,3.93,nan,5,Left,Left,1464,212,292,0,nan,nan,0.02
4/25/2026 12:57:44,1.17.3,FR5,75,3.93,nan,5,Left,Left,1465,212,292,0,nan,nan,0.08
4/25/2026 12:57:45,1.17.3,FR5,75,3.92,1,5,Pellet,Left,1465,212,293,0,0.35,3005,nan
4/25/2026 12:58:03,1.17.3,FR5,75,3.93,nan,5,Left,Left,1466,212,293,0,nan,nan,0.02
4/25/2026 12:58:05,1.17.3,FR5,75,3.93,nan,5,Left,Left,1467,212,293,0,nan,nan,0.70
4/25/2026 12:58:07,1.17.3,FR5,75,3.93,nan,5,Left,Left,1468,212,293,0,nan,nan,0.12
4/25/2026 12:58:08,1.17.3,FR5,75,3.93,nan,5,Left,Left,1469,212,293,0,nan,nan,0.02
4/25/2026 12:58:09,1.17.3,FR5,75,3.93,nan,5,Left,Left,1470,212,293,0,nan,nan,0.25
4/25/2026 12:58:11,1.17.3,FR5,75,3.93,1,5,Pellet,Left,1470,212,294,0,0.41,25,nan
4/25/2026 12:58:21,1.17.3,FR5,75,3.93,nan,5,Left,Left,1471,212,294,0,nan,nan,0.27
4/25/2026 12:58:23,1.17.3,FR5,75,3.93,nan,5,Left,Left,1472,212,294,0,nan,nan,0.01
4/25/2026 12:58:24,1.17.3,FR5,75,3.93,nan,5,Left,Left,1473,212,294,0,nan,nan,0.00
4/25/2026 12:58:25,1.17.3,FR5,75,3.93,nan,5,Left,Left,1474,212,294,0,nan,nan,0.58
4/25/2026 12:58:27,1.17.3,FR5,75,3.93,nan,5,Left,Left,1475,212,294,0,nan,nan,0.09
4/25/2026 12:58:28,1.17.3,FR5,75,3.93,1,5,Pellet,Left,1475,212,295,0,0.35,18,nan
4/25/2026 12:58:46,1.17.3,FR5,75,3.93,nan,5,Left,Left,1476,212,295,0,nan,nan,0.16
4/25/2026 12:58:48,1.17.3,FR5,75,3.93,nan,5,Left,Left,1477,212,295,0,nan,nan,0.27
4/25/2026 12:58:50,1.17.3,FR5,75,3.93,nan,5,Left,Left,1478,212,295,0,nan,nan,0.56
4/25/2026 12:58:53,1.17.3,FR5,75,3.93,nan,5,Left,Left,1479,212,295,0,nan,nan,0.04
4/25/2026 12:58:54,1.17.3,FR5,75,3.93,nan,5,Left,Left,1480,212,295,0,nan,nan,0.26
4/25/2026 12:58:56,1.17.3,FR5,75,3.93,1,5,Pellet,Left,1480,212,296,0,0.65,28,nan
4/25/2026 12:59:08,1.17.3,FR5,75,3.93,nan,5,Left,Left,1481,212,296,0,nan,nan,0.03
4/25/2026 12:59:09,1.17.3,FR5,75,3.93,nan,5,Left,Left,1482,212,296,0,nan,nan,0.14
4/25/2026 12:59:11,1.17.3,FR5,75,3.93,nan,5,Left,Left,1483,212,296,0,nan,nan,0.16
4/25/2026 12:59:12,1.17.3,FR5,75,3.93,nan,5,Left,Left,1484,212,296,0,nan,nan,0.33
4/25/2026 12:59:15,1.17.3,FR5,75,3.93,nan,5,Left,Left,1485,212,296,0,nan,nan,0.05
4/25/2026 12:59:16,1.17.3,FR5,75,3.93,1,5,Pellet,Left,1485,212,297,0,0.41,20,nan
4/25/2026 12:59:30,1.17.3,FR5,75,3.93,nan,5,Left,Left,1486,212,297,0,nan,nan,0.12
4/25/2026 12:59:33,1.17.3,FR5,75,3.93,nan,5,Left,Left,1487,212,297,0,nan,nan,0.65
4/25/2026 12:59:34,1.17.3,FR5,75,3.93,nan,5,Left,Left,1488,212,297,0,nan,nan,0.00
4/25/2026 12:59:38,1.17.3,FR5,75,3.93,nan,5,Left,Left,1489,212,297,0,nan,nan,0.65
4/25/2026 12:59:45,1.17.3,FR5,75,3.93,nan,5,Left,Left,1490,212,297,0,nan,nan,0.15
4/25/2026 12:59:46,1.17.3,FR5,75,3.93,1,5,Pellet,Left,1490,212,298,0,0.23,30,nan
4/25/2026 14:57:01,1.17.3,FR5,75,3.93,nan,5,Left,Left,1491,212,298,0,nan,nan,0.29
4/25/2026 14:57:06,1.17.3,FR5,75,3.92,nan,5,Left,Left,1492,212,298,0,nan,nan,0.37
4/25/2026 15:04:42,1.17.3,FR5,75,3.93,nan,5,Left,Left,1493,212,298,0,nan,nan,0.12
4/25/2026 15:04:43,1.17.3,FR5,75,3.92,nan,5,Left,Left,1494,212,298,0,nan,nan,0.15
4/25/2026 15:04:45,1.17.3,FR5,75,3.92,nan,5,Left,Left,1495,212,298,0,nan,nan,0.07
4/25/2026 15:04:46,1.17.3,FR5,75,3.92,nan,5,LeftDuringDispense,Left,1496,212,298,0,nan,nan,0.34
4/25/2026 15:04:49,1.17.3,FR5,75,3.93,2,5,Pellet,Left,1496,212,299,0,0.41,7503,nan
4/25/2026 15:05:11,1.17.3,FR5,75,3.92,nan,5,Left,Left,1497,212,299,0,nan,nan,0.10
4/25/2026 15:05:13,1.17.3,FR5,75,3.93,nan,5,Left,Left,1498,212,299,0,nan,nan,0.24
4/25/2026 15:05:15,1.17.3,FR5,75,3.93,nan,5,Left,Left,1499,212,299,0,nan,nan,0.49
4/25/2026 15:05:15,1.17.3,FR5,75,3.93,nan,5,Left,Left,1500,212,299,0,nan,nan,0.08
4/25/2026 15:05:16,1.17.3,FR5,75,3.93,1,5,Pellet,Left,1500,212,300,0,0.17,27,nan
4/25/2026 15:05:28,1.17.3,FR5,75,3.93,nan,5,Left,Left,1501,212,300,0,nan,nan,0.12
4/25/2026 15:05:30,1.17.3,FR5,75,3.93,nan,5,Left,Left,1502,212,300,0,nan,nan,0.24
4/25/2026 15:05:32,1.17.3,FR5,75,3.93,nan,5,Left,Left,1503,212,300,0,nan,nan,0.90
4/25/2026 15:05:34,1.17.3,FR5,75,3.93,nan,5,Left,Left,1504,212,300,0,nan,nan,0.02
4/25/2026 15:06:08,1.17.3,FR5,75,3.92,nan,5,Left,Left,1505,212,300,0,nan,nan,0.44
4/25/2026 15:06:09,1.17.3,FR5,75,3.93,nan,5,LeftDuringDispense,Left,1506,212,300,0,nan,nan,0.17
4/25/2026 15:06:12,1.17.3,FR5,75,3.93,2,5,Pellet,Left,1506,212,301,0,0.06,56,nan
4/25/2026 15:06:22,1.17.3,FR5,75,3.92,nan,5,Left,Left,1507,212,301,0,nan,nan,0.07
4/25/2026 15:06:24,1.17.3,FR5,75,3.92,nan,5,Left,Left,1508,212,301,0,nan,nan,0.17
4/25/2026 15:06:25,1.17.3,FR5,75,3.93,nan,5,Left,Left,1509,212,301,0,nan,nan,0.03
4/25/2026 15:06:26,1.17.3,FR5,75,3.92,nan,5,Left,Left,1510,212,301,0,nan,nan,0.15
4/25/2026 15:06:28,1.17.3,FR5,75,3.92,1,5,Pellet,Left,1510,212,302,0,0.41,16,nan
4/25/2026 15:06:45,1.17.3,FR5,75,3.92,nan,5,Left,Left,1511,212,302,0,nan,nan,0.12
4/25/2026 15:06:46,1.17.3,FR5,75,3.92,nan,5,Left,Left,1512,212,302,0,nan,nan,0.03
4/25/2026 15:06:47,1.17.3,FR5,75,3.93,nan,5,Left,Left,1513,212,302,0,nan,nan,0.02
4/25/2026 15:06:48,1.17.3,FR5,75,3.93,nan,5,Left,Left,1514,212,302,0,nan,nan,0.03
4/25/2026 15:06:50,1.17.3,FR5,75,3.93,nan,5,Left,Left,1515,212,302,0,nan,nan,0.09
4/25/2026 15:06:51,1.17.3,FR5,75,3.92,nan,5,LeftDuringDispense,Left,1516,212,302,0,nan,nan,0.53
4/25/2026 15:06:54,1.17.3,FR5,75,3.92,2,5,Pellet,Left,1516,212,303,0,0.23,26,nan
4/25/2026 15:07:12,1.17.3,FR5,75,3.93,nan,5,Left,Left,1517,212,303,0,nan,nan,0.22
4/25/2026 15:07:12,1.17.3,FR5,75,3.92,nan,5,Left,Left,1518,212,303,0,nan,nan,0.09
4/25/2026 15:07:13,1.17.3,FR5,75,3.93,nan,5,Left,Left,1519,212,303,0,nan,nan,0.03
4/25/2026 15:07:16,1.17.3,FR5,75,3.92,nan,5,Left,Left,1520,212,303,0,nan,nan,0.06
4/25/2026 15:07:17,1.17.3,FR5,75,3.92,1,5,Pellet,Left,1520,212,304,0,0.47,23,nan
4/25/2026 15:07:37,1.17.3,FR5,75,3.93,nan,5,Left,Left,1521,212,304,0,nan,nan,0.09
4/25/2026 15:07:37,1.17.3,FR5,75,3.92,nan,5,Left,Left,1522,212,304,0,nan,nan,0.00
4/25/2026 15:07:39,1.17.3,FR5,75,3.92,nan,5,Left,Left,1523,212,304,0,nan,nan,0.10
4/25/2026 15:07:41,1.17.3,FR5,75,3.92,nan,5,Left,Left,1524,212,304,0,nan,nan,0.03
4/25/2026 15:07:42,1.17.3,FR5,75,3.92,nan,5,Left,Left,1525,212,304,0,nan,nan,0.08
4/25/2026 15:07:42,1.17.3,FR5,75,3.92,nan,5,LeftDuringDispense,Left,1526,212,304,0,nan,nan,0.04
4/25/2026 15:07:45,1.17.3,FR5,75,3.93,nan,5,LeftDuringDispense,Left,1527,212,304,0,nan,nan,0.07
4/25/2026 15:07:47,1.17.3,FR5,75,3.92,nan,5,LeftWithPellet,Left,1528,212,304,0,nan,nan,0.57
4/25/2026 15:07:48,1.17.3,FR5,75,3.92,2,5,Pellet,Left,1528,212,305,0,2.53,31,nan
4/25/2026 15:08:00,1.17.3,FR5,75,3.93,nan,5,Left,Left,1529,212,305,0,nan,nan,0.05
4/25/2026 15:08:01,1.17.3,FR5,75,3.93,nan,5,Left,Left,1530,212,305,0,nan,nan,0.61
4/25/2026 15:08:01,1.17.3,FR5,75,3.93,nan,5,LeftDuringDispense,Left,1531,212,305,0,nan,nan,0.06
4/25/2026 15:08:02,1.17.3,FR5,75,3.92,nan,5,LeftDuringDispense,Left,1532,212,305,0,nan,nan,0.33
4/25/2026 15:08:05,1.17.3,FR5,75,3.92,2,5,Pellet,Left,1532,212,306,0,0.41,17,nan
4/25/2026 15:09:02,1.17.3,FR5,75,3.92,nan,5,Left,Left,1533,212,306,0,nan,nan,0.09
4/25/2026 16:26:20,1.17.3,FR5,75,3.93,nan,5,Left,Left,1534,212,306,0,nan,nan,0.19
4/25/2026 16:26:21,1.17.3,FR5,75,3.92,nan,5,Left,Left,1535,212,306,0,nan,nan,0.00
4/25/2026 16:26:22,1.17.3,FR5,75,3.92,1,5,Pellet,Left,1535,212,307,0,0.35,4697,nan
4/25/2026 16:26:34,1.17.3,FR5,75,3.92,nan,5,Left,Left,1536,212,307,0,nan,nan,0.07
4/25/2026 16:26:35,1.17.3,FR5,75,3.92,nan,5,Left,Left,1537,212,307,0,nan,nan,0.37
4/25/2026 16:26:43,1.17.3,FR5,75,3.92,nan,5,Left,Left,1538,212,307,0,nan,nan,0.12
4/25/2026 16:26:49,1.17.3,FR5,75,3.92,nan,5,Left,Left,1539,212,307,0,nan,nan,0.43
4/25/2026 16:26:52,1.17.3,FR5,75,3.92,nan,5,Left,Left,1540,212,307,0,nan,nan,0.08
4/25/2026 16:26:53,1.17.3,FR5,75,3.92,nan,5,LeftDuringDispense,Left,1541,212,307,0,nan,nan,0.20
4/25/2026 16:26:56,1.17.3,FR5,75,3.92,3,5,Pellet,Left,1541,212,308,0,0.06,34,nan
4/25/2026 16:27:05,1.17.3,FR5,75,3.92,nan,5,Left,Left,1542,212,308,0,nan,nan,0.31
4/25/2026 16:27:07,1.17.3,FR5,75,3.92,nan,5,Left,Left,1543,212,308,0,nan,nan,0.56
4/25/2026 16:27:09,1.17.3,FR5,75,3.92,nan,5,Left,Left,1544,212,308,0,nan,nan,0.41
4/25/2026 16:27:10,1.17.3,FR5,75,3.93,nan,5,Left,Left,1545,212,308,0,nan,nan,0.50
4/25/2026 16:27:11,1.17.3,FR5,75,3.92,nan,5,LeftDuringDispense,Left,1546,212,308,0,nan,nan,0.15
4/25/2026 16:27:14,1.17.3,FR5,75,3.93,3,5,Pellet,Left,1546,212,309,0,0.06,18,nan
4/25/2026 16:27:27,1.17.3,FR5,75,3.92,nan,5,Left,Left,1547,212,309,0,nan,nan,0.12
4/25/2026 16:27:28,1.17.3,FR5,75,3.92,nan,5,Left,Left,1548,212,309,0,nan,nan,0.09
4/25/2026 16:27:30,1.17.3,FR5,75,3.92,nan,5,Left,Left,1549,212,309,0,nan,nan,0.40
4/25/2026 16:27:33,1.17.3,FR5,75,3.92,nan,5,Left,Left,1550,212,309,0,nan,nan,0.53
4/25/2026 16:27:34,1.17.3,FR5,75,3.93,nan,5,LeftDuringDispense,Left,1551,212,309,0,nan,nan,0.32
4/25/2026 16:27:37,1.17.3,FR5,75,3.92,2,5,Pellet,Left,1551,212,310,0,0.35,23,nan
4/25/2026 16:27:46,1.17.3,FR5,75,3.92,nan,5,Left,Left,1552,212,310,0,nan,nan,0.03
4/25/2026 16:27:49,1.17.3,FR5,75,3.92,nan,5,Left,Left,1553,212,310,0,nan,nan,1.26
4/25/2026 16:27:50,1.17.3,FR5,75,3.92,nan,5,Left,Left,1554,212,310,0,nan,nan,0.17
4/25/2026 16:27:52,1.17.3,FR5,75,3.92,nan,5,Left,Left,1555,212,310,0,nan,nan,0.07
4/25/2026 16:27:54,1.17.3,FR5,75,3.92,1,5,Pellet,Left,1555,212,311,0,0.59,17,nan
4/25/2026 16:28:19,1.17.3,FR5,75,3.93,nan,5,Left,Left,1556,212,311,0,nan,nan,0.72
4/25/2026 16:28:21,1.17.3,FR5,75,3.92,nan,5,Left,Left,1557,212,311,0,nan,nan,0.00
4/25/2026 16:28:25,1.17.3,FR5,75,3.92,nan,5,Left,Left,1558,212,311,0,nan,nan,0.67
4/25/2026 16:28:29,1.17.3,FR5,75,3.92,nan,5,Left,Left,1559,212,311,0,nan,nan,0.57
4/25/2026 16:28:31,1.17.3,FR5,75,3.92,nan,5,Left,Left,1560,212,311,0,nan,nan,0.01
4/25/2026 16:28:31,1.17.3,FR5,75,3.92,nan,5,LeftDuringDispense,Left,1561,212,311,0,nan,nan,0.31
4/25/2026 16:28:34,1.17.3,FR5,75,3.93,2,5,Pellet,Left,1561,212,312,0,0.17,40,nan
4/25/2026 16:28:44,1.17.3,FR5,75,3.92,nan,5,Left,Left,1562,212,312,0,nan,nan,0.16
4/25/2026 16:28:46,1.17.3,FR5,75,3.93,nan,5,Left,Left,1563,212,312,0,nan,nan,0.26
4/25/2026 16:28:50,1.17.3,FR5,75,3.92,nan,5,Left,Left,1564,212,312,0,nan,nan,0.01
4/25/2026 16:28:52,1.17.3,FR5,75,3.92,nan,5,Left,Left,1565,212,312,0,nan,nan,0.28
4/25/2026 16:28:53,1.17.3,FR5,75,3.92,1,5,Pellet,Left,1565,212,313,0,0.35,19,nan
4/25/2026 16:29:04,1.17.3,FR5,75,3.92,nan,5,Left,Left,1566,212,313,0,nan,nan,0.48
4/25/2026 16:29:06,1.17.3,FR5,75,3.92,nan,5,Left,Left,1567,212,313,0,nan,nan,0.57
4/25/2026 16:29:08,1.17.3,FR5,75,3.92,nan,5,Left,Left,1568,212,313,0,nan,nan,0.57
4/25/2026 16:29:12,1.17.3,FR5,75,3.92,nan,5,Left,Left,1569,212,313,0,nan,nan,0.05
4/25/2026 16:29:13,1.17.3,FR5,75,3.92,nan,5,Left,Left,1570,212,313,0,nan,nan,0.16
4/25/2026 16:29:14,1.17.3,FR5,75,3.92,2,5,Pellet,Left,1570,212,314,0,0.12,21,nan
4/25/2026 16:29:27,1.17.3,FR5,75,3.92,nan,5,Left,Left,1571,212,314,0,nan,nan,0.22
4/25/2026 16:29:29,1.17.3,FR5,75,3.92,nan,5,Left,Left,1572,212,314,0,nan,nan,0.30
4/25/2026 16:29:37,1.17.3,FR5,75,3.92,nan,5,Left,Left,1573,212,314,0,nan,nan,0.08
4/25/2026 16:29:40,1.17.3,FR5,75,3.92,nan,5,Left,Left,1574,212,314,0,nan,nan,0.54
4/25/2026 16:29:42,1.17.3,FR5,75,3.93,nan,5,Left,Left,1575,212,314,0,nan,nan,0.07
4/25/2026 16:29:43,1.17.3,FR5,75,3.92,1,5,Pellet,Left,1575,212,315,0,0.29,29,nan
4/25/2026 16:29:54,1.17.3,FR5,75,3.92,nan,5,Left,Left,1576,212,315,0,nan,nan,0.32
4/25/2026 16:29:55,1.17.3,FR5,75,3.92,nan,5,Left,Left,1577,212,315,0,nan,nan,0.21
4/25/2026 16:29:56,1.17.3,FR5,75,3.92,nan,5,Left,Left,1578,212,315,0,nan,nan,0.22
4/25/2026 16:29:57,1.17.3,FR5,75,3.92,nan,5,Left,Left,1579,212,315,0,nan,nan,0.00
4/25/2026 16:29:58,1.17.3,FR5,75,3.91,nan,5,Left,Left,1580,212,315,0,nan,nan,0.40
4/25/2026 16:29:59,1.17.3,FR5,75,3.92,nan,5,LeftDuringDispense,Left,1581,212,315,0,nan,nan,0.62
4/25/2026 16:30:02,1.17.3,FR5,75,3.91,nan,5,LeftDuringDispense,Left,1582,212,315,0,nan,nan,0.46
4/25/2026 16:30:05,1.17.3,FR5,75,3.93,3,5,Pellet,Left,1582,212,316,0,0.29,22,nan
4/25/2026 16:30:42,1.17.3,FR5,75,3.92,nan,5,Left,Left,1583,212,316,0,nan,nan,0.39
4/25/2026 16:30:43,1.17.3,FR5,75,3.92,nan,5,Left,Left,1584,212,316,0,nan,nan,0.00
4/25/2026 16:30:45,1.17.3,FR5,75,3.92,nan,5,Left,Left,1585,212,316,0,nan,nan,0.02
4/25/2026 16:30:45,1.17.3,FR5,75,3.93,nan,5,LeftDuringDispense,Left,1586,212,316,0,nan,nan,0.19
4/25/2026 16:30:49,1.17.3,FR5,75,3.92,3,5,Pellet,Left,1586,212,317,0,0.23,44,nan
4/25/2026 16:31:03,1.17.3,FR5,75,3.92,nan,5,Left,Left,1587,212,317,0,nan,nan,0.14
4/25/2026 16:31:07,1.17.3,FR5,75,3.93,nan,5,Left,Left,1588,212,317,0,nan,nan,0.02
4/25/2026 16:31:10,1.17.3,FR5,75,3.92,nan,5,Left,Left,1589,212,317,0,nan,nan,0.17
4/25/2026 16:31:12,1.17.3,FR5,75,3.91,nan,5,Left,Left,1590,212,317,0,nan,nan,0.24
4/25/2026 16:31:13,1.17.3,FR5,75,3.92,1,5,Pellet,Left,1590,212,318,0,0.29,24,nan
4/25/2026 17:54:05,1.17.3,FR5,75,3.92,nan,5,Left,Left,1591,212,318,0,nan,nan,0.38
4/25/2026 17:54:06,1.17.3,FR5,75,3.92,nan,5,Left,Left,1592,212,318,0,nan,nan,0.11
4/25/2026 17:54:07,1.17.3,FR5,75,3.92,nan,5,Left,Left,1593,212,318,0,nan,nan,0.58
4/25/2026 17:54:13,1.17.3,FR5,75,3.92,nan,5,Left,Left,1594,212,318,0,nan,nan,0.34
4/25/2026 17:54:19,1.17.3,FR5,75,3.92,nan,5,Left,Left,1595,212,318,0,nan,nan,0.32
4/25/2026 17:54:20,1.17.3,FR5,75,3.92,1,5,Pellet,Left,1595,212,319,0,0.29,4987,nan
4/25/2026 17:54:41,1.17.3,FR5,75,3.92,nan,5,Left,Left,1596,212,319,0,nan,nan,0.25
4/25/2026 17:54:43,1.17.3,FR5,75,3.92,nan,5,Left,Left,1597,212,319,0,nan,nan,0.81
4/25/2026 17:54:49,1.17.3,FR5,75,3.92,nan,5,Left,Left,1598,212,319,0,nan,nan,0.37
4/25/2026 17:54:52,1.17.3,FR5,75,3.92,nan,5,Left,Left,1599,212,319,0,nan,nan,0.39
4/25/2026 17:54:57,1.17.3,FR5,75,3.92,nan,5,Left,Left,1600,212,319,0,nan,nan,0.59
4/25/2026 17:54:58,1.17.3,FR5,75,3.91,1,5,Pellet,Left,1600,212,320,0,0.17,38,nan
4/25/2026 17:55:14,1.17.3,FR5,75,3.92,nan,5,Left,Left,1601,212,320,0,nan,nan,0.08
4/25/2026 17:55:15,1.17.3,FR5,75,3.92,nan,5,Left,Left,1602,212,320,0,nan,nan,0.32
4/25/2026 17:55:17,1.17.3,FR5,75,3.92,nan,5,Left,Left,1603,212,320,0,nan,nan,0.00
4/25/2026 17:55:20,1.17.3,FR5,75,3.92,nan,5,Left,Left,1604,212,320,0,nan,nan,0.41
4/25/2026 17:55:23,1.17.3,FR5,75,3.92,nan,5,Left,Left,1605,212,320,0,nan,nan,0.03
4/25/2026 17:55:23,1.17.3,FR5,75,3.91,nan,5,LeftDuringDispense,Left,1606,212,320,0,nan,nan,0.12
4/25/2026 17:55:26,1.17.3,FR5,75,3.92,2,5,Pellet,Left,1606,212,321,0,0.23,28,nan
4/25/2026 17:55:36,1.17.3,FR5,75,3.91,nan,5,Left,Left,1607,212,321,0,nan,nan,0.02
4/25/2026 17:55:38,1.17.3,FR5,75,3.92,nan,5,Left,Left,1608,212,321,0,nan,nan,0.50
4/25/2026 17:55:42,1.17.3,FR5,75,3.92,nan,5,Left,Left,1609,212,321,0,nan,nan,0.65
4/25/2026 17:55:43,1.17.3,FR5,75,3.92,nan,5,Left,Left,1610,212,321,0,nan,nan,0.02
4/25/2026 17:55:44,1.17.3,FR5,75,3.92,1,5,Pellet,Left,1610,212,322,0,0.23,18,nan
4/25/2026 17:56:03,1.17.3,FR5,75,3.91,nan,5,Left,Left,1611,212,322,0,nan,nan,0.12
4/25/2026 17:56:04,1.17.3,FR5,75,3.91,nan,5,Left,Left,1612,212,322,0,nan,nan,0.05
4/25/2026 17:56:05,1.17.3,FR5,75,3.92,nan,5,Left,Left,1613,212,322,0,nan,nan,0.58
4/25/2026 17:56:08,1.17.3,FR5,75,3.91,nan,5,Left,Left,1614,212,322,0,nan,nan,0.48
4/25/2026 17:56:11,1.17.3,FR5,75,3.92,nan,5,Left,Left,1615,212,322,0,nan,nan,0.07
4/25/2026 17:56:12,1.17.3,FR5,75,3.92,1,5,Pellet,Left,1615,212,323,0,0.23,28,nan
4/25/2026 17:56:28,1.17.3,FR5,75,3.92,nan,5,Left,Left,1616,212,323,0,nan,nan,0.05
4/25/2026 17:56:29,1.17.3,FR5,75,3.92,nan,5,Left,Left,1617,212,323,0,nan,nan,0.08
4/25/2026 17:56:30,1.17.3,FR5,75,3.92,nan,5,Left,Left,1618,212,323,0,nan,nan,0.00
4/25/2026 17:56:31,1.17.3,FR5,75,3.92,nan,5,Left,Left,1619,212,323,0,nan,nan,0.02
4/25/2026 17:56:33,1.17.3,FR5,75,3.92,nan,5,Left,Left,1620,212,323,0,nan,nan,0.59
4/25/2026 17:56:34,1.17.3,FR5,75,3.92,1,5,Pellet,Left,1620,212,324,0,0.29,22,nan
4/25/2026 17:56:50,1.17.3,FR5,75,3.91,nan,5,Left,Left,1621,212,324,0,nan,nan,1.10
4/25/2026 17:56:51,1.17.3,FR5,75,3.92,nan,5,Left,Left,1622,212,324,0,nan,nan,0.00
4/25/2026 17:56:52,1.17.3,FR5,75,3.92,nan,5,Left,Left,1623,212,324,0,nan,nan,0.19
4/25/2026 17:56:54,1.17.3,FR5,75,3.92,nan,5,Left,Left,1624,212,324,0,nan,nan,0.64
4/25/2026 17:56:55,1.17.3,FR5,75,3.92,nan,5,Left,Left,1625,212,324,0,nan,nan,0.01
4/25/2026 17:56:56,1.17.3,FR5,75,3.92,1,5,Pellet,Left,1625,212,325,0,0.17,22,nan
4/25/2026 17:57:07,1.17.3,FR5,75,3.91,nan,5,Left,Left,1626,212,325,0,nan,nan,0.06
4/25/2026 17:57:09,1.17.3,FR5,75,3.92,nan,5,Left,Left,1627,212,325,0,nan,nan,0.76
4/25/2026 17:57:11,1.17.3,FR5,75,3.92,nan,5,Left,Left,1628,212,325,0,nan,nan,0.31
4/25/2026 17:57:13,1.17.3,FR5,75,3.91,nan,5,Left,Left,1629,212,325,0,nan,nan,0.02
4/25/2026 17:57:15,1.17.3,FR5,75,3.92,nan,5,Left,Left,1630,212,325,0,nan,nan,0.24
4/25/2026 17:57:16,1.17.3,FR5,75,3.92,nan,5,LeftDuringDispense,Left,1631,212,325,0,nan,nan,0.19
4/25/2026 17:57:19,1.17.3,FR5,75,3.92,3,5,Pellet,Left,1631,212,326,0,0.29,23,nan
4/25/2026 17:57:32,1.17.3,FR5,75,3.91,nan,5,Left,Left,1632,212,326,0,nan,nan,0.00
4/25/2026 17:57:32,1.17.3,FR5,75,3.91,nan,5,Left,Left,1633,212,326,0,nan,nan,0.14
4/25/2026 17:57:33,1.17.3,FR5,75,3.92,nan,5,Left,Left,1634,212,326,0,nan,nan,0.24
4/25/2026 17:57:42,1.17.3,FR5,75,3.92,nan,5,Left,Left,1635,212,326,0,nan,nan,0.15
4/25/2026 17:57:43,1.17.3,FR5,75,3.91,nan,5,LeftDuringDispense,Left,1636,212,326,0,nan,nan,0.28
4/25/2026 17:57:46,1.17.3,FR5,75,3.92,nan,5,LeftDuringDispense,Left,1637,212,326,0,nan,nan,0.49
4/25/2026 17:57:49,1.17.3,FR5,75,3.92,3,5,Pellet,Left,1637,212,327,0,0.47,30,nan
4/25/2026 17:58:00,1.17.3,FR5,75,3.92,nan,5,Left,Left,1638,212,327,0,nan,nan,0.04
4/25/2026 17:58:02,1.17.3,FR5,75,3.92,nan,5,Left,Left,1639,212,327,0,nan,nan,0.61
4/25/2026 17:58:05,1.17.3,FR5,75,3.91,nan,5,Left,Left,1640,212,327,0,nan,nan,0.17
4/25/2026 17:58:06,1.17.3,FR5,75,3.91,1,5,Pellet,Left,1640,212,328,0,0.29,17,nan
4/25/2026 17:58:34,1.17.3,FR5,75,3.92,nan,5,Left,Left,1641,212,328,0,nan,nan,0.02
4/25/2026 17:58:36,1.17.3,FR5,75,3.92,nan,5,Left,Left,1642,212,328,0,nan,nan,0.00
4/25/2026 17:58:37,1.17.3,FR5,75,3.91,nan,5,Left,Left,1643,212,328,0,nan,nan,0.47
4/25/2026 17:58:38,1.17.3,FR5,75,3.92,nan,5,Left,Left,1644,212,328,0,nan,nan,0.09
4/25/2026 17:58:40,1.17.3,FR5,75,3.92,nan,5,Left,Left,1645,212,328,0,nan,nan,0.26
4/25/2026 17:58:41,1.17.3,FR5,75,3.92,1,5,Pellet,Left,1645,212,329,0,0.29,35,nan
4/25/2026 17:58:47,1.17.3,FR5,75,3.91,nan,5,Left,Left,1646,212,329,0,nan,nan,0.23
4/25/2026 17:58:47,1.17.3,FR5,75,3.91,nan,5,Left,Left,1647,212,329,0,nan,nan,0.14
4/25/2026 17:58:50,1.17.3,FR5,75,3.92,nan,5,Left,Left,1648,212,329,0,nan,nan,0.02
4/25/2026 17:58:51,1.17.3,FR5,75,3.92,nan,5,Left,Left,1649,212,329,0,nan,nan,0.18
4/25/2026 17:58:55,1.17.3,FR5,75,3.92,nan,5,Left,Left,1650,212,329,0,nan,nan,0.09
4/25/2026 17:59:08,1.17.3,FR5,75,3.92,1,5,Pellet,Left,1650,212,330,0,11.93,27,nan
4/25/2026 17:59:21,1.17.3,FR5,75,3.91,nan,5,Left,Left,1651,212,330,0,nan,nan,0.04
4/25/2026 17:59:22,1.17.3,FR5,75,3.91,nan,5,Left,Left,1652,212,330,0,nan,nan,0.04
4/25/2026 17:59:23,1.17.3,FR5,75,3.92,nan,5,Left,Left,1653,212,330,0,nan,nan,0.04
4/25/2026 17:59:27,1.17.3,FR5,75,3.91,nan,5,Left,Left,1654,212,330,0,nan,nan,0.69
4/25/2026 17:59:29,1.17.3,FR5,75,3.93,nan,5,Left,Left,1655,212,330,0,nan,nan,0.34
4/25/2026 17:59:30,1.17.3,FR5,75,3.92,2,5,Pellet,Left,1655,212,331,0,0.35,22,nan
4/25/2026 17:59:36,1.17.3,FR5,75,3.92,nan,5,Left,Left,1656,212,331,0,nan,nan,0.33
4/25/2026 17:59:37,1.17.3,FR5,75,3.92,nan,5,Left,Left,1657,212,331,0,nan,nan,0.00
4/25/2026 17:59:41,1.17.3,FR5,75,3.91,nan,5,Left,Left,1658,212,331,0,nan,nan,0.45
4/25/2026 17:59:41,1.17.3,FR5,75,3.92,nan,5,Left,Left,1659,212,331,0,nan,nan,0.01
4/25/2026 17:59:44,1.17.3,FR5,75,3.92,nan,5,Left,Left,1660,212,331,0,nan,nan,0.10
4/25/2026 17:59:45,1.17.3,FR5,75,3.91,1,5,Pellet,Left,1660,212,332,0,0.47,15,nan
4/25/2026 17:59:53,1.17.3,FR5,75,3.91,nan,5,Left,Left,1661,212,332,0,nan,nan,0.04
4/25/2026 17:59:54,1.17.3,FR5,75,3.92,nan,5,Left,Left,1662,212,332,0,nan,nan,0.00
4/25/2026 17:59:56,1.17.3,FR5,75,3.91,nan,5,Left,Left,1663,212,332,0,nan,nan,0.49
4/25/2026 17:59:59,1.17.3,FR5,75,3.92,nan,5,Left,Left,1664,212,332,0,nan,nan,0.02
4/25/2026 18:00:00,1.17.3,FR5,75,3.91,nan,5,Left,Left,1665,212,332,0,nan,nan,0.01
4/25/2026 18:00:01,1.17.3,FR5,75,3.92,1,5,Pellet,Left,1665,212,333,0,0.23,16,nan
4/25/2026 18:00:10,1.17.3,FR5,75,3.92,nan,5,Left,Left,1666,212,333,0,nan,nan,0.01
4/25/2026 18:00:11,1.17.3,FR5,75,3.92,nan,5,Left,Left,1667,212,333,0,nan,nan,0.13
4/25/2026 19:18:45,1.17.3,FR5,75,3.92,nan,5,Left,Left,1668,212,333,0,nan,nan,0.25
4/25/2026 19:19:59,1.17.3,FR5,75,3.91,nan,5,Right,Left,1668,213,333,0,nan,nan,0.92
4/25/2026 19:20:01,1.17.3,FR5,75,3.91,nan,5,Left,Left,1669,213,333,0,nan,nan,0.17
4/25/2026 19:25:40,1.17.3,FR5,75,3.91,nan,5,Left,Left,1670,213,333,0,nan,nan,0.15
4/25/2026 19:25:40,1.17.3,FR5,75,3.91,1,5,Pellet,Left,1670,213,334,0,0.06,5139,nan
4/25/2026 19:25:53,1.17.3,FR5,75,3.92,nan,5,Left,Left,1671,213,334,0,nan,nan,0.00
4/25/2026 19:34:08,1.17.3,FR5,75,3.91,nan,5,Right,Left,1671,214,334,0,nan,nan,0.08
4/25/2026 19:45:47,1.17.3,FR5,75,3.91,nan,5,Left,Left,1672,214,334,0,nan,nan,0.17
4/25/2026 19:45:51,1.17.3,FR5,75,3.91,nan,5,Left,Left,1673,214,334,0,nan,nan,0.02
4/25/2026 19:45:55,1.17.3,FR5,75,3.91,nan,5,Left,Left,1674,214,334,0,nan,nan,0.07
4/25/2026 19:45:57,1.17.3,FR5,75,3.91,nan,5,Left,Left,1675,214,334,0,nan,nan,0.03
4/25/2026 19:45:58,1.17.3,FR5,75,3.91,1,5,Pellet,Left,1675,214,335,0,0.06,1218,nan
4/25/2026 19:46:06,1.17.3,FR5,75,3.92,nan,5,Left,Left,1676,214,335,0,nan,nan,0.03
4/25/2026 19:46:08,1.17.3,FR5,75,3.91,nan,5,Left,Left,1677,214,335,0,nan,nan,0.04
4/25/2026 19:46:20,1.17.3,FR5,75,3.91,nan,5,Left,Left,1678,214,335,0,nan,nan,0.00
4/25/2026 19:46:46,1.17.3,FR5,75,3.92,nan,5,Left,Left,1679,214,335,0,nan,nan,0.05
4/25/2026 19:50:06,1.17.3,FR5,75,3.91,nan,5,Left,Left,1680,214,335,0,nan,nan,0.04
4/25/2026 19:50:08,1.17.3,FR5,75,3.91,2,5,Pellet,Left,1680,214,336,0,1.43,250,nan
4/25/2026 19:50:23,1.17.3,FR5,75,3.91,nan,5,Left,Left,1681,214,336,0,nan,nan,0.27
4/25/2026 19:51:28,1.17.3,FR5,75,3.91,nan,5,Right,Left,1681,215,336,0,nan,nan,0.03
4/25/2026 20:09:06,1.17.3,FR5,75,3.91,nan,5,Right,Left,1681,216,336,0,nan,nan,0.04
4/25/2026 20:09:06,1.17.3,FR5,75,3.91,nan,5,Right,Left,1681,217,336,0,nan,nan,0.37
4/25/2026 20:11:59,1.17.3,FR5,75,3.91,nan,5,Right,Left,1681,218,336,0,nan,nan,0.15
4/25/2026 20:23:05,1.17.3,FR5,75,3.91,nan,5,Left,Left,1682,218,336,0,nan,nan,0.48
4/25/2026 20:23:11,1.17.3,FR5,75,3.91,nan,5,Left,Left,1683,218,336,0,nan,nan,0.16
4/25/2026 20:23:13,1.17.3,FR5,75,3.91,nan,5,Left,Left,1684,218,336,0,nan,nan,0.22
4/25/2026 20:23:16,1.17.3,FR5,75,3.91,nan,5,Left,Left,1685,218,336,0,nan,nan,0.41
4/25/2026 20:23:17,1.17.3,FR5,75,3.91,1,5,Pellet,Left,1685,218,337,0,0.12,1989,nan
4/25/2026 20:23:27,1.17.3,FR5,75,3.91,nan,5,Left,Left,1686,218,337,0,nan,nan,0.10
4/25/2026 20:23:28,1.17.3,FR5,75,3.92,nan,5,Left,Left,1687,218,337,0,nan,nan,0.02
4/25/2026 20:23:30,1.17.3,FR5,75,3.91,nan,5,Left,Left,1688,218,337,0,nan,nan,0.49
4/25/2026 20:23:31,1.17.3,FR5,75,3.91,nan,5,Left,Left,1689,218,337,0,nan,nan,0.34
4/25/2026 20:23:33,1.17.3,FR5,75,3.91,nan,5,Left,Left,1690,218,337,0,nan,nan,0.27
4/25/2026 20:23:34,1.17.3,FR5,75,3.91,1,5,Pellet,Left,1690,218,338,0,0.41,17,nan
4/25/2026 20:23:47,1.17.3,FR5,75,3.91,nan,5,Left,Left,1691,218,338,0,nan,nan,0.23
4/25/2026 20:23:48,1.17.3,FR5,75,3.92,nan,5,Left,Left,1692,218,338,0,nan,nan,0.06
4/25/2026 20:23:49,1.17.3,FR5,75,3.91,nan,5,Left,Left,1693,218,338,0,nan,nan,0.18
4/25/2026 20:23:51,1.17.3,FR5,75,3.91,nan,5,Left,Left,1694,218,338,0,nan,nan,0.69
4/25/2026 20:23:53,1.17.3,FR5,75,3.91,nan,5,Left,Left,1695,218,338,0,nan,nan,0.01
4/25/2026 20:23:53,1.17.3,FR5,75,3.91,nan,5,LeftDuringDispense,Left,1696,218,338,0,nan,nan,0.36
4/25/2026 20:23:56,1.17.3,FR5,75,3.91,2,5,Pellet,Left,1696,218,339,0,0.12,22,nan
4/25/2026 20:24:05,1.17.3,FR5,75,3.91,nan,5,Left,Left,1697,218,339,0,nan,nan,0.37
4/25/2026 20:24:05,1.17.3,FR5,75,3.91,nan,5,Left,Left,1698,218,339,0,nan,nan,0.00
4/25/2026 20:24:08,1.17.3,FR5,75,3.91,nan,5,Left,Left,1699,218,339,0,nan,nan,0.18
4/25/2026 20:24:09,1.17.3,FR5,75,3.91,nan,5,Left,Left,1700,218,339,0,nan,nan,0.31
4/25/2026 20:24:11,1.17.3,FR5,75,3.91,1,5,Pellet,Left,1700,218,340,0,1.37,15,nan
4/25/2026 20:24:24,1.17.3,FR5,75,3.91,nan,5,Left,Left,1701,218,340,0,nan,nan,0.14
4/25/2026 20:24:26,1.17.3,FR5,75,3.92,nan,5,Left,Left,1702,218,340,0,nan,nan,0.87
4/25/2026 20:24:27,1.17.3,FR5,75,3.91,nan,5,Left,Left,1703,218,340,0,nan,nan,0.06
4/25/2026 20:24:28,1.17.3,FR5,75,3.91,nan,5,Left,Left,1704,218,340,0,nan,nan,0.00
4/25/2026 20:24:32,1.17.3,FR5,75,3.91,nan,5,Left,Left,1705,218,340,0,nan,nan,0.60
4/25/2026 20:24:33,1.17.3,FR5,75,3.91,1,5,Pellet,Left,1705,218,341,0,0.23,22,nan
4/25/2026 20:24:38,1.17.3,FR5,75,3.91,nan,5,Left,Left,1706,218,341,0,nan,nan,0.03
4/25/2026 20:24:39,1.17.3,FR5,75,3.92,nan,5,Left,Left,1707,218,341,0,nan,nan,0.15
4/25/2026 20:24:41,1.17.3,FR5,75,3.91,nan,5,Left,Left,1708,218,341,0,nan,nan,0.23
4/25/2026 20:24:43,1.17.3,FR5,75,3.91,nan,5,Left,Left,1709,218,341,0,nan,nan,0.06
4/25/2026 20:24:44,1.17.3,FR5,75,3.91,nan,5,Left,Left,1710,218,341,0,nan,nan,0.11
4/25/2026 20:24:46,1.17.3,FR5,75,3.91,1,5,Pellet,Left,1710,218,342,0,0.41,12,nan
4/25/2026 20:24:58,1.17.3,FR5,75,3.91,nan,5,Left,Left,1711,218,342,0,nan,nan,0.03
4/25/2026 20:24:58,1.17.3,FR5,75,3.91,nan,5,Left,Left,1712,218,342,0,nan,nan,0.01
4/25/2026 20:25:00,1.17.3,FR5,75,3.91,nan,5,Left,Left,1713,218,342,0,nan,nan,0.40
4/25/2026 20:25:06,1.17.3,FR5,75,3.91,nan,5,Left,Left,1714,218,342,0,nan,nan,0.07
4/25/2026 20:25:12,1.17.3,FR5,75,3.91,nan,5,Left,Left,1715,218,342,0,nan,nan,0.00
4/25/2026 20:25:13,1.17.3,FR5,75,3.91,2,5,Pellet,Left,1715,218,343,0,0.23,28,nan
4/25/2026 20:25:22,1.17.3,FR5,75,3.91,nan,5,Left,Left,1716,218,343,0,nan,nan,0.04
4/25/2026 20:25:23,1.17.3,FR5,75,3.91,nan,5,Left,Left,1717,218,343,0,nan,nan,0.03
4/25/2026 20:26:13,1.17.3,FR5,75,3.91,nan,5,Left,Left,1718,218,343,0,nan,nan,0.06
4/25/2026 20:26:15,1.17.3,FR5,75,3.91,nan,5,Left,Left,1719,218,343,0,nan,nan,0.49
4/25/2026 20:26:20,1.17.3,FR5,75,3.91,nan,5,Left,Left,1720,218,343,0,nan,nan,0.04
4/25/2026 20:26:20,1.17.3,FR5,75,3.91,nan,5,LeftDuringDispense,Left,1721,218,343,0,nan,nan,0.05
4/25/2026 20:26:24,1.17.3,FR5,75,3.91,2,5,Pellet,Left,1721,218,344,0,0.35,71,nan
4/25/2026 20:26:34,1.17.3,FR5,75,3.91,nan,5,Left,Left,1722,218,344,0,nan,nan,0.20
4/25/2026 20:26:35,1.17.3,FR5,75,3.91,nan,5,Left,Left,1723,218,344,0,nan,nan,0.06
4/25/2026 20:26:37,1.17.3,FR5,75,3.91,nan,5,Left,Left,1724,218,344,0,nan,nan,0.64
4/25/2026 20:26:40,1.17.3,FR5,75,3.91,nan,5,Left,Left,1725,218,344,0,nan,nan,0.41
4/25/2026 20:26:41,1.17.3,FR5,75,3.91,1,5,Pellet,Left,1725,218,345,0,0.17,17,nan
4/25/2026 20:26:59,1.17.3,FR5,75,3.91,nan,5,Left,Left,1726,218,345,0,nan,nan,0.06
4/25/2026 20:27:00,1.17.3,FR5,75,3.91,nan,5,Left,Left,1727,218,345,0,nan,nan,0.37
4/25/2026 20:27:02,1.17.3,FR5,75,3.91,nan,5,Left,Left,1728,218,345,0,nan,nan,0.66
4/25/2026 20:27:05,1.17.3,FR5,75,3.91,nan,5,Left,Left,1729,218,345,0,nan,nan,0.03
4/25/2026 20:41:00,1.17.3,FR5,75,3.91,nan,5,Left,Left,1730,218,345,0,nan,nan,0.39
4/25/2026 20:41:01,1.17.3,FR5,75,3.91,1,5,Pellet,Left,1730,218,346,0,0.41,860,nan
4/25/2026 20:41:19,1.17.3,FR5,75,3.91,nan,5,Left,Left,1731,218,346,0,nan,nan,0.12
4/25/2026 20:41:20,1.17.3,FR5,75,3.91,nan,5,Left,Left,1732,218,346,0,nan,nan,0.47
4/25/2026 20:41:21,1.17.3,FR5,75,3.91,nan,5,Left,Left,1733,218,346,0,nan,nan,0.49
4/25/2026 20:41:24,1.17.3,FR5,75,3.91,nan,5,Left,Left,1734,218,346,0,nan,nan,0.63
4/25/2026 20:41:26,1.17.3,FR5,75,3.91,nan,5,Left,Left,1735,218,346,0,nan,nan,0.11
4/25/2026 20:41:27,1.17.3,FR5,75,3.91,1,5,Pellet,Left,1735,218,347,0,0.12,26,nan
4/25/2026 20:41:40,1.17.3,FR5,75,3.91,nan,5,Left,Left,1736,218,347,0,nan,nan,0.13
4/25/2026 20:41:42,1.17.3,FR5,75,3.91,nan,5,Left,Left,1737,218,347,0,nan,nan,0.03
4/25/2026 20:41:45,1.17.3,FR5,75,3.91,nan,5,Left,Left,1738,218,347,0,nan,nan,0.01
4/25/2026 20:41:46,1.17.3,FR5,75,3.91,nan,5,Left,Left,1739,218,347,0,nan,nan,0.33
4/25/2026 20:41:48,1.17.3,FR5,75,3.91,nan,5,Left,Left,1740,218,347,0,nan,nan,0.02
4/25/2026 20:41:49,1.17.3,FR5,75,3.91,1,5,Pellet,Left,1740,218,348,0,0.29,22,nan
4/25/2026 20:41:58,1.17.3,FR5,75,3.91,nan,5,Left,Left,1741,218,348,0,nan,nan,0.07
4/25/2026 20:42:00,1.17.3,FR5,75,3.91,nan,5,Left,Left,1742,218,348,0,nan,nan,0.51
4/25/2026 20:42:03,1.17.3,FR5,75,3.91,nan,5,Left,Left,1743,218,348,0,nan,nan,0.08
4/25/2026 20:42:04,1.17.3,FR5,75,3.91,nan,5,Left,Left,1744,218,348,0,nan,nan,0.04
4/25/2026 20:42:05,1.17.3,FR5,75,3.91,nan,5,Left,Left,1745,218,348,0,nan,nan,0.15
4/25/2026 20:42:06,1.17.3,FR5,75,3.91,nan,5,LeftDuringDispense,Left,1746,218,348,0,nan,nan,0.15
4/25/2026 20:42:09,1.17.3,FR5,75,3.91,2,5,Pellet,Left,1746,218,349,0,0.17,20,nan
4/25/2026 20:42:27,1.17.3,FR5,75,3.91,nan,5,Left,Left,1747,218,349,0,nan,nan,0.14
4/25/2026 20:42:28,1.17.3,FR5,75,3.91,nan,5,Left,Left,1748,218,349,0,nan,nan,0.18
4/25/2026 20:42:29,1.17.3,FR5,75,3.91,nan,5,Left,Left,1749,218,349,0,nan,nan,0.16
4/25/2026 20:42:31,1.17.3,FR5,75,3.91,nan,5,Left,Left,1750,218,349,0,nan,nan,0.34
4/25/2026 20:42:32,1.17.3,FR5,75,3.91,1,5,Pellet,Left,1750,218,350,0,0.12,23,nan
4/25/2026 20:42:39,1.17.3,FR5,75,3.91,nan,5,Left,Left,1751,218,350,0,nan,nan,0.28
4/25/2026 20:42:39,1.17.3,FR5,75,3.91,nan,5,Left,Left,1752,218,350,0,nan,nan,0.28
4/25/2026 20:42:41,1.17.3,FR5,75,3.91,nan,5,Left,Left,1753,218,350,0,nan,nan,0.21
4/25/2026 20:42:43,1.17.3,FR5,75,3.91,nan,5,Left,Left,1754,218,350,0,nan,nan,0.76
4/25/2026 20:42:45,1.17.3,FR5,75,3.91,nan,5,Left,Left,1755,218,350,0,nan,nan,0.03
4/25/2026 20:42:46,1.17.3,FR5,75,3.91,1,5,Pellet,Left,1755,218,351,0,0.12,14,nan
4/25/2026 20:43:06,1.17.3,FR5,75,3.91,nan,5,Left,Left,1756,218,351,0,nan,nan,0.06
4/25/2026 20:43:08,1.17.3,FR5,75,3.91,nan,5,Left,Left,1757,218,351,0,nan,nan,0.54
4/25/2026 20:43:09,1.17.3,FR5,75,3.91,nan,5,Left,Left,1758,218,351,0,nan,nan,0.15
4/25/2026 20:43:11,1.17.3,FR5,75,3.91,nan,5,Left,Left,1759,218,351,0,nan,nan,0.56
4/25/2026 20:43:13,1.17.3,FR5,75,3.91,nan,5,Left,Left,1760,218,351,0,nan,nan,0.52
4/25/2026 20:43:13,1.17.3,FR5,75,3.91,nan,5,LeftDuringDispense,Left,1761,218,351,0,nan,nan,0.16
4/25/2026 20:43:16,1.17.3,FR5,75,3.91,2,5,Pellet,Left,1761,218,352,0,0.35,30,nan
4/25/2026 20:43:28,1.17.3,FR5,75,3.92,nan,5,Left,Left,1762,218,352,0,nan,nan,0.14
4/25/2026 20:43:29,1.17.3,FR5,75,3.91,nan,5,Left,Left,1763,218,352,0,nan,nan,0.00
4/25/2026 20:43:31,1.17.3,FR5,75,3.91,nan,5,Left,Left,1764,218,352,0,nan,nan,0.81
4/25/2026 20:43:33,1.17.3,FR5,75,3.91,nan,5,Left,Left,1765,218,352,0,nan,nan,0.13
4/25/2026 20:43:34,1.17.3,FR5,75,3.91,1,5,Pellet,Left,1765,218,353,0,0.23,18,nan
4/25/2026 20:44:02,1.17.3,FR5,75,3.91,nan,5,Left,Left,1766,218,353,0,nan,nan,0.06
4/25/2026 20:44:20,1.17.3,FR5,75,3.91,nan,5,Left,Left,1767,218,353,0,nan,nan,0.18
4/25/2026 20:44:23,1.17.3,FR5,75,3.91,nan,5,Left,Left,1768,218,353,0,nan,nan,0.15
4/25/2026 20:50:01,1.17.3,FR5,75,3.91,nan,5,Left,Left,1769,218,353,0,nan,nan,0.15
4/25/2026 20:54:32,1.17.3,FR5,75,3.91,nan,5,Right,Left,1769,219,353,0,nan,nan,0.62
4/25/2026 21:01:51,1.17.3,FR5,75,3.91,nan,5,Left,Left,1770,219,353,0,nan,nan,0.15
4/25/2026 21:01:52,1.17.3,FR5,75,3.91,1,5,Pellet,Left,1770,219,354,0,0.77,1098,nan
4/25/2026 21:07:41,1.17.3,FR5,75,3.91,nan,5,Left,Left,1771,219,354,0,nan,nan,0.16
4/25/2026 21:17:50,1.17.3,FR5,75,3.91,nan,5,Right,Left,1771,220,354,0,nan,nan,0.06
4/25/2026 21:19:06,1.17.3,FR5,75,3.91,nan,5,Left,Left,1772,220,354,0,nan,nan,0.18
4/25/2026 21:19:23,1.17.3,FR5,75,3.91,nan,5,Left,Left,1773,220,354,0,nan,nan,0.08
4/25/2026 21:19:27,1.17.3,FR5,75,3.91,nan,5,Left,Left,1774,220,354,0,nan,nan,0.15
4/25/2026 21:19:31,1.17.3,FR5,75,3.91,nan,5,Left,Left,1775,220,354,0,nan,nan,0.04
4/25/2026 21:19:32,1.17.3,FR5,75,3.91,1,5,Pellet,Left,1775,220,355,0,0.29,1060,nan
4/25/2026 21:29:32,1.17.3,FR5,75,3.91,nan,5,Left,Left,1776,220,355,0,nan,nan,0.28
4/25/2026 21:29:35,1.17.3,FR5,75,3.91,nan,5,Left,Left,1777,220,355,0,nan,nan,0.06
4/25/2026 21:29:37,1.17.3,FR5,75,3.91,nan,5,Left,Left,1778,220,355,0,nan,nan,0.09
4/25/2026 21:36:26,1.17.3,FR5,75,3.91,nan,5,Left,Left,1779,220,355,0,nan,nan,0.30
4/25/2026 21:36:38,1.17.3,FR5,75,3.91,nan,5,Left,Left,1780,220,355,0,nan,nan,0.14
4/25/2026 21:36:39,1.17.3,FR5,75,3.91,1,5,Pellet,Left,1780,220,356,0,0.17,1027,nan
4/25/2026 21:36:57,1.17.3,FR5,75,3.91,nan,5,Left,Left,1781,220,356,0,nan,nan,0.08
4/25/2026 21:38:45,1.17.3,FR5,75,3.91,nan,5,Left,Left,1782,220,356,0,nan,nan,0.10
4/25/2026 21:38:47,1.17.3,FR5,75,3.91,nan,5,Left,Left,1783,220,356,0,nan,nan,0.04
4/25/2026 22:13:41,1.17.3,FR5,75,3.91,nan,5,Right,Left,1783,221,356,0,nan,nan,0.34
4/25/2026 22:13:44,1.17.3,FR5,75,3.91,nan,5,Left,Left,1784,221,356,0,nan,nan,0.02
4/25/2026 22:23:30,1.17.3,FR5,75,3.91,nan,5,Left,Left,1785,221,356,0,nan,nan,0.08
4/25/2026 22:23:32,1.17.3,FR5,75,3.91,1,5,Pellet,Left,1785,221,357,0,0.53,2813,nan
4/25/2026 22:23:45,1.17.3,FR5,75,3.91,nan,5,Left,Left,1786,221,357,0,nan,nan,0.06
4/25/2026 22:23:47,1.17.3,FR5,75,3.91,nan,5,Left,Left,1787,221,357,0,nan,nan,0.44
4/25/2026 22:23:48,1.17.3,FR5,75,3.91,nan,5,Left,Left,1788,221,357,0,nan,nan,0.00
4/25/2026 22:23:50,1.17.3,FR5,75,3.91,nan,5,Left,Left,1789,221,357,0,nan,nan,0.11
4/25/2026 22:23:51,1.17.3,FR5,75,3.91,nan,5,Left,Left,1790,221,357,0,nan,nan,0.03
4/25/2026 22:23:52,1.17.3,FR5,75,3.91,1,5,Pellet,Left,1790,221,358,0,0.17,20,nan
4/25/2026 23:47:11,1.17.3,FR5,75,3.91,nan,5,Left,Left,1791,221,358,0,nan,nan,0.26
4/25/2026 23:47:14,1.17.3,FR5,75,3.91,nan,5,Left,Left,1792,221,358,0,nan,nan,0.39
4/25/2026 23:47:18,1.17.3,FR5,75,3.91,nan,5,Left,Left,1793,221,358,0,nan,nan,0.19
4/25/2026 23:47:20,1.17.3,FR5,75,3.90,nan,5,Left,Left,1794,221,358,0,nan,nan,0.28
4/25/2026 23:47:22,1.17.3,FR5,75,3.91,nan,5,Left,Left,1795,221,358,0,nan,nan,0.29
4/25/2026 23:47:23,1.17.3,FR5,75,3.90,1,5,Pellet,Left,1795,221,359,0,0.23,5010,nan
4/25/2026 23:47:43,1.17.3,FR5,75,3.91,nan,5,Left,Left,1796,221,359,0,nan,nan,0.02
4/25/2026 23:47:43,1.17.3,FR5,75,3.91,nan,5,Left,Left,1797,221,359,0,nan,nan,0.00
4/25/2026 23:47:44,1.17.3,FR5,75,3.91,nan,5,Left,Left,1798,221,359,0,nan,nan,0.04
4/25/2026 23:47:48,1.17.3,FR5,75,3.91,nan,5,Left,Left,1799,221,359,0,nan,nan,0.03
4/25/2026 23:47:53,1.17.3,FR5,75,3.91,nan,5,Left,Left,1800,221,359,0,nan,nan,0.02
4/25/2026 23:47:54,1.17.3,FR5,75,3.90,1,5,Pellet,Left,1800,221,360,0,0.29,32,nan
4/25/2026 23:48:05,1.17.3,FR5,75,3.91,nan,5,Left,Left,1801,221,360,0,nan,nan,0.10
4/25/2026 23:48:06,1.17.3,FR5,75,3.91,nan,5,Left,Left,1802,221,360,0,nan,nan,0.00
4/25/2026 23:48:08,1.17.3,FR5,75,3.91,nan,5,Left,Left,1803,221,360,0,nan,nan,0.43
4/25/2026 23:48:09,1.17.3,FR5,75,3.90,nan,5,Left,Left,1804,221,360,0,nan,nan,0.22
4/25/2026 23:48:10,1.17.3,FR5,75,3.91,nan,5,Left,Left,1805,221,360,0,nan,nan,0.13
4/25/2026 23:48:11,1.17.3,FR5,75,3.91,1,5,Pellet,Left,1805,221,361,0,0.29,17,nan
4/25/2026 23:48:26,1.17.3,FR5,75,3.91,nan,5,Left,Left,1806,221,361,0,nan,nan,0.07
4/25/2026 23:48:32,1.17.3,FR5,75,3.91,nan,5,Left,Left,1807,221,361,0,nan,nan,0.05
4/25/2026 23:48:35,1.17.3,FR5,75,3.91,nan,5,Left,Left,1808,221,361,0,nan,nan,0.04
4/25/2026 23:48:36,1.17.3,FR5,75,3.91,nan,5,Left,Left,1809,221,361,0,nan,nan,0.00
4/25/2026 23:48:38,1.17.3,FR5,75,3.91,nan,5,Left,Left,1810,221,361,0,nan,nan,0.08
4/25/2026 23:48:39,1.17.3,FR5,75,3.91,2,5,Pellet,Left,1810,221,362,0,0.12,28,nan
4/25/2026 23:48:58,1.17.3,FR5,75,3.91,nan,5,Left,Left,1811,221,362,0,nan,nan,0.27
4/25/2026 23:48:58,1.17.3,FR5,75,3.90,nan,5,Left,Left,1812,221,362,0,nan,nan,0.04
4/25/2026 23:49:00,1.17.3,FR5,75,3.91,nan,5,Left,Left,1813,221,362,0,nan,nan,0.56
4/25/2026 23:49:02,1.17.3,FR5,75,3.90,nan,5,Left,Left,1814,221,362,0,nan,nan,0.82
4/25/2026 23:49:04,1.17.3,FR5,75,3.91,nan,5,Left,Left,1815,221,362,0,nan,nan,0.06
4/25/2026 23:49:05,1.17.3,FR5,75,3.91,1,5,Pellet,Left,1815,221,363,0,0.17,26,nan
4/25/2026 23:49:19,1.17.3,FR5,75,3.91,nan,5,Left,Left,1816,221,363,0,nan,nan,0.69
4/25/2026 23:49:20,1.17.3,FR5,75,3.91,nan,5,Left,Left,1817,221,363,0,nan,nan,0.05
4/25/2026 23:49:22,1.17.3,FR5,75,3.91,nan,5,Left,Left,1818,221,363,0,nan,nan,0.11
4/25/2026 23:49:24,1.17.3,FR5,75,3.91,nan,5,Left,Left,1819,221,363,0,nan,nan,0.03
4/25/2026 23:49:26,1.17.3,FR5,75,3.91,nan,5,Left,Left,1820,221,363,0,nan,nan,0.06
4/25/2026 23:49:27,1.17.3,FR5,75,3.91,1,5,Pellet,Left,1820,221,364,0,0.17,22,nan
4/25/2026 23:49:38,1.17.3,FR5,75,3.91,nan,5,Left,Left,1821,221,364,0,nan,nan,0.09
4/25/2026 23:49:39,1.17.3,FR5,75,3.91,nan,5,Left,Left,1822,221,364,0,nan,nan,0.74
4/25/2026 23:49:41,1.17.3,FR5,75,3.91,nan,5,Left,Left,1823,221,364,0,nan,nan,0.58
4/25/2026 23:49:44,1.17.3,FR5,75,3.91,nan,5,Left,Left,1824,221,364,0,nan,nan,1.02
4/25/2026 23:49:46,1.17.3,FR5,75,3.91,nan,5,Left,Left,1825,221,364,0,nan,nan,0.81
4/25/2026 23:49:47,1.17.3,FR5,75,3.91,1,5,Pellet,Left,1825,221,365,0,0.23,20,nan
4/25/2026 23:50:06,1.17.3,FR5,75,3.91,nan,5,Left,Left,1826,221,365,0,nan,nan,0.04
4/25/2026 23:50:07,1.17.3,FR5,75,3.91,nan,5,Left,Left,1827,221,365,0,nan,nan,0.26
4/25/2026 23:50:08,1.17.3,FR5,75,3.91,nan,5,Left,Left,1828,221,365,0,nan,nan,0.00
4/25/2026 23:50:10,1.17.3,FR5,75,3.90,nan,5,Left,Left,1829,221,365,0,nan,nan,0.87
4/25/2026 23:50:12,1.17.3,FR5,75,3.91,nan,5,Left,Left,1830,221,365,0,nan,nan,0.08
4/25/2026 23:50:13,1.17.3,FR5,75,3.91,1,5,Pellet,Left,1830,221,366,0,0.29,26,nan
4/25/2026 23:50:30,1.17.3,FR5,75,3.91,nan,5,Left,Left,1831,221,366,0,nan,nan,0.43
4/25/2026 23:50:32,1.17.3,FR5,75,3.91,nan,5,Left,Left,1832,221,366,0,nan,nan,0.17
4/25/2026 23:50:33,1.17.3,FR5,75,3.90,nan,5,Left,Left,1833,221,366,0,nan,nan,0.55
4/25/2026 23:50:35,1.17.3,FR5,75,3.91,nan,5,Left,Left,1834,221,366,0,nan,nan,0.32
4/25/2026 23:50:37,1.17.3,FR5,75,3.91,nan,5,Left,Left,1835,221,366,0,nan,nan,0.44
4/25/2026 23:50:38,1.17.3,FR5,75,3.91,2,5,Pellet,Left,1835,221,367,0,0.12,25,nan
4/25/2026 23:50:49,1.17.3,FR5,75,3.91,nan,5,Left,Left,1836,221,367,0,nan,nan,0.03
4/25/2026 23:50:50,1.17.3,FR5,75,3.90,nan,5,Left,Left,1837,221,367,0,nan,nan,0.04
4/25/2026 23:50:51,1.17.3,FR5,75,3.91,nan,5,Left,Left,1838,221,367,0,nan,nan,0.04
4/25/2026 23:50:53,1.17.3,FR5,75,3.90,nan,5,Left,Left,1839,221,367,0,nan,nan,1.39
4/25/2026 23:50:54,1.17.3,FR5,75,3.91,nan,5,Left,Left,1840,221,367,0,nan,nan,0.37
4/25/2026 23:50:55,1.17.3,FR5,75,3.91,1,5,Pellet,Left,1840,221,368,0,0.53,17,nan
4/25/2026 23:51:10,1.17.3,FR5,75,3.90,nan,5,Left,Left,1841,221,368,0,nan,nan,0.33
4/25/2026 23:51:12,1.17.3,FR5,75,3.91,nan,5,Left,Left,1842,221,368,0,nan,nan,0.88
4/25/2026 23:51:14,1.17.3,FR5,75,3.91,nan,5,Left,Left,1843,221,368,0,nan,nan,0.63
4/25/2026 23:51:16,1.17.3,FR5,75,3.91,nan,5,Left,Left,1844,221,368,0,nan,nan,0.06
4/25/2026 23:51:17,1.17.3,FR5,75,3.91,nan,5,Left,Left,1845,221,368,0,nan,nan,0.04
4/25/2026 23:51:18,1.17.3,FR5,75,3.90,1,5,Pellet,Left,1845,221,369,0,0.12,23,nan
4/25/2026 23:51:40,1.17.3,FR5,75,3.91,nan,5,Left,Left,1846,221,369,0,nan,nan,0.17
4/25/2026 23:51:41,1.17.3,FR5,75,3.91,nan,5,Left,Left,1847,221,369,0,nan,nan,0.10
4/25/2026 23:51:43,1.17.3,FR5,75,3.91,nan,5,Left,Left,1848,221,369,0,nan,nan,0.11
4/25/2026 23:51:46,1.17.3,FR5,75,3.91,nan,5,Left,Left,1849,221,369,0,nan,nan,0.02
4/25/2026 23:51:48,1.17.3,FR5,75,3.91,nan,5,Left,Left,1850,221,369,0,nan,nan,0.09
4/25/2026 23:51:49,1.17.3,FR5,75,3.91,1,5,Pellet,Left,1850,221,370,0,0.17,31,nan
4/25/2026 23:52:07,1.17.3,FR5,75,3.91,nan,5,Left,Left,1851,221,370,0,nan,nan,0.04
4/25/2026 23:52:09,1.17.3,FR5,75,3.91,nan,5,Left,Left,1852,221,370,0,nan,nan,0.00
4/25/2026 23:52:11,1.17.3,FR5,75,3.91,nan,5,Left,Left,1853,221,370,0,nan,nan,0.60
4/25/2026 23:52:13,1.17.3,FR5,75,3.91,nan,5,Left,Left,1854,221,370,0,nan,nan,0.29
4/25/2026 23:52:15,1.17.3,FR5,75,3.90,nan,5,Left,Left,1855,221,370,0,nan,nan,0.56
4/25/2026 23:52:16,1.17.3,FR5,75,3.91,1,5,Pellet,Left,1855,221,371,0,0.17,27,nan
4/25/2026 23:52:32,1.17.3,FR5,75,3.91,nan,5,Left,Left,1856,221,371,0,nan,nan,0.49
4/25/2026 23:52:34,1.17.3,FR5,75,3.90,nan,5,Left,Left,1857,221,371,0,nan,nan,0.91
4/25/2026 23:52:36,1.17.3,FR5,75,3.90,nan,5,Left,Left,1858,221,371,0,nan,nan,0.55
4/25/2026 23:52:42,1.17.3,FR5,75,3.91,nan,5,Left,Left,1859,221,371,0,nan,nan,0.06
4/25/2026 23:52:48,1.17.3,FR5,75,3.91,nan,5,Left,Left,1860,221,371,0,nan,nan,0.51
4/25/2026 23:52:49,1.17.3,FR5,75,3.91,1,5,Pellet,Left,1860,221,372,0,0.17,33,nan
4/25/2026 23:52:57,1.17.3,FR5,75,3.91,nan,5,Left,Left,1861,221,372,0,nan,nan,0.10
4/25/2026 23:52:58,1.17.3,FR5,75,3.90,nan,5,Left,Left,1862,221,372,0,nan,nan,0.42
4/25/2026 23:53:00,1.17.3,FR5,75,3.91,nan,5,Left,Left,1863,221,372,0,nan,nan,0.18
4/25/2026 23:53:02,1.17.3,FR5,75,3.91,nan,5,Left,Left,1864,221,372,0,nan,nan,0.11
4/25/2026 23:53:05,1.17.3,FR5,75,3.90,nan,5,Left,Left,1865,221,372,0,nan,nan,0.01
4/25/2026 23:53:05,1.17.3,FR5,75,3.91,1,5,Pellet,Left,1865,221,373,0,0.17,16,nan
4/25/2026 23:53:23,1.17.3,FR5,75,3.91,nan,5,Left,Left,1866,221,373,0,nan,nan,0.07
4/25/2026 23:53:29,1.17.3,FR5,75,3.91,nan,5,Left,Left,1867,221,373,0,nan,nan,0.06
4/25/2026 23:53:31,1.17.3,FR5,75,3.91,nan,5,Left,Left,1868,221,373,0,nan,nan,0.46
4/25/2026 23:53:33,1.17.3,FR5,75,3.91,nan,5,Left,Left,1869,221,373,0,nan,nan,0.25
4/25/2026 23:53:34,1.17.3,FR5,75,3.91,nan,5,Left,Left,1870,221,373,0,nan,nan,0.05
4/25/2026 23:53:35,1.17.3,FR5,75,3.91,2,5,Pellet,Left,1870,221,374,0,0.06,30,nan
4/25/2026 23:53:56,1.17.3,FR5,75,3.91,nan,5,Left,Left,1871,221,374,0,nan,nan,0.15
4/25/2026 23:53:57,1.17.3,FR5,75,3.91,nan,5,Left,Left,1872,221,374,0,nan,nan,0.84
4/25/2026 23:53:59,1.17.3,FR5,75,3.91,nan,5,Left,Left,1873,221,374,0,nan,nan,0.50
4/25/2026 23:54:00,1.17.3,FR5,75,3.91,nan,5,Left,Left,1874,221,374,0,nan,nan,0.09
4/25/2026 23:54:03,1.17.3,FR5,75,3.91,nan,5,Left,Left,1875,221,374,0,nan,nan,0.79
4/25/2026 23:54:04,1.17.3,FR5,75,3.90,1,5,Pellet,Left,1875,221,375,0,0.23,29,nan
4/25/2026 23:54:17,1.17.3,FR5,75,3.91,nan,5,Left,Left,1876,221,375,0,nan,nan,0.01
4/25/2026 23:54:18,1.17.3,FR5,75,3.91,nan,5,Left,Left,1877,221,375,0,nan,nan,0.08
4/25/2026 23:54:20,1.17.3,FR5,75,3.91,nan,5,Left,Left,1878,221,375,0,nan,nan,0.00
4/25/2026 23:54:21,1.17.3,FR5,75,3.90,nan,5,Left,Left,1879,221,375,0,nan,nan,0.31
4/25/2026 23:54:22,1.17.3,FR5,75,3.91,nan,5,Left,Left,1880,221,375,0,nan,nan,0.00
4/25/2026 23:54:23,1.17.3,FR5,75,3.91,1,5,Pellet,Left,1880,221,376,0,0.29,19,nan
4/25/2026 23:54:47,1.17.3,FR5,75,3.91,nan,5,Left,Left,1881,221,376,0,nan,nan,0.00
4/25/2026 23:54:50,1.17.3,FR5,75,3.91,nan,5,Left,Left,1882,221,376,0,nan,nan,0.59
4/25/2026 23:54:54,1.17.3,FR5,75,3.91,nan,5,Left,Left,1883,221,376,0,nan,nan,0.09
4/25/2026 23:54:57,1.17.3,FR5,75,3.91,nan,5,Left,Left,1884,221,376,0,nan,nan,0.07
4/25/2026 23:55:06,1.17.3,FR5,75,3.91,nan,5,Left,Left,1885,221,376,0,nan,nan,0.38
4/25/2026 23:55:07,1.17.3,FR5,75,3.91,1,5,Pellet,Left,1885,221,377,0,0.29,44,nan
4/25/2026 23:55:14,1.17.3,FR5,75,3.91,nan,5,Left,Left,1886,221,377,0,nan,nan,0.33
4/25/2026 23:55:16,1.17.3,FR5,75,3.90,nan,5,Left,Left,1887,221,377,0,nan,nan,0.17
4/25/2026 23:55:17,1.17.3,FR5,75,3.90,nan,5,Left,Left,1888,221,377,0,nan,nan,0.40
4/25/2026 23:55:20,1.17.3,FR5,75,3.90,nan,5,Left,Left,1889,221,377,0,nan,nan,0.08
4/25/2026 23:55:21,1.17.3,FR5,75,3.91,nan,5,Left,Left,1890,221,377,0,nan,nan,0.26
4/25/2026 23:55:22,1.17.3,FR5,75,3.90,1,5,Pellet,Left,1890,221,378,0,0.17,15,nan
4/25/2026 23:56:19,1.17.3,FR5,75,3.91,nan,5,Left,Left,1891,221,378,0,nan,nan,0.11
4/26/2026 0:00:27,1.17.3,FR5,75,3.91,nan,5,Left,Left,1892,221,378,0,nan,nan,0.19
4/26/2026 0:06:48,1.17.3,FR5,75,3.90,nan,5,Right,Left,1892,222,378,0,nan,nan,0.17
4/26/2026 0:06:51,1.17.3,FR5,75,3.91,nan,5,Right,Left,1892,223,378,0,nan,nan,0.50
4/26/2026 0:06:52,1.17.3,FR5,75,3.91,nan,5,Right,Left,1892,224,378,0,nan,nan,0.17
4/26/2026 0:06:53,1.17.3,FR5,75,3.91,nan,5,Right,Left,1892,225,378,0,nan,nan,0.00
4/26/2026 0:06:53,1.17.3,FR5,75,3.91,nan,5,Right,Left,1892,226,378,0,nan,nan,0.02
4/26/2026 0:06:54,1.17.3,FR5,75,3.91,nan,5,Right,Left,1892,227,378,0,nan,nan,0.04
4/26/2026 0:06:55,1.17.3,FR5,75,3.90,nan,5,Right,Left,1892,228,378,0,nan,nan,0.23
4/26/2026 0:06:56,1.17.3,FR5,75,3.91,nan,5,Right,Left,1892,229,378,0,nan,nan,0.00
4/26/2026 0:06:58,1.17.3,FR5,75,3.91,nan,5,Right,Left,1892,230,378,0,nan,nan,0.70
4/26/2026 0:07:00,1.17.3,FR5,75,3.90,nan,5,Right,Left,1892,231,378,0,nan,nan,0.26
4/26/2026 0:07:03,1.17.3,FR5,75,3.91,nan,5,Right,Left,1892,232,378,0,nan,nan,0.04
4/26/2026 0:07:06,1.17.3,FR5,75,3.91,nan,5,Right,Left,1892,233,378,0,nan,nan,0.89
4/26/2026 0:07:08,1.17.3,FR5,75,3.91,nan,5,Right,Left,1892,234,378,0,nan,nan,0.27
4/26/2026 0:07:08,1.17.3,FR5,75,3.91,nan,5,Right,Left,1892,235,378,0,nan,nan,0.00
4/26/2026 0:07:19,1.17.3,FR5,75,3.90,nan,5,Right,Left,1892,236,378,0,nan,nan,0.12
4/26/2026 0:07:19,1.17.3,FR5,75,3.91,nan,5,Right,Left,1892,237,378,0,nan,nan,0.00
4/26/2026 0:07:21,1.17.3,FR5,75,3.90,nan,5,Right,Left,1892,238,378,0,nan,nan,0.00
4/26/2026 0:07:27,1.17.3,FR5,75,3.91,nan,5,Left,Left,1893,238,378,0,nan,nan,0.03
4/26/2026 0:08:21,1.17.3,FR5,75,3.90,nan,5,Right,Left,1893,239,378,0,nan,nan,0.28
4/26/2026 0:08:22,1.17.3,FR5,75,3.90,nan,5,Right,Left,1893,240,378,0,nan,nan,0.30
4/26/2026 0:08:24,1.17.3,FR5,75,3.91,nan,5,Right,Left,1893,241,378,0,nan,nan,0.04
4/26/2026 0:08:26,1.17.3,FR5,75,3.91,nan,5,Right,Left,1893,242,378,0,nan,nan,1.13
4/26/2026 0:08:29,1.17.3,FR5,75,3.91,nan,5,Right,Left,1893,243,378,0,nan,nan,1.42
4/26/2026 0:08:31,1.17.3,FR5,75,3.91,nan,5,Right,Left,1893,244,378,0,nan,nan,1.33
4/26/2026 0:08:33,1.17.3,FR5,75,3.91,nan,5,Right,Left,1893,245,378,0,nan,nan,0.13
4/26/2026 0:08:34,1.17.3,FR5,75,3.90,nan,5,Right,Left,1893,246,378,0,nan,nan,0.00
4/26/2026 0:09:30,1.17.3,FR5,75,3.91,nan,5,Left,Left,1894,246,378,0,nan,nan,0.03
4/26/2026 0:09:32,1.17.3,FR5,75,3.90,nan,5,Left,Left,1895,246,378,0,nan,nan,0.11
4/26/2026 0:09:33,1.17.3,FR5,75,3.91,1,5,Pellet,Left,1895,246,379,0,0.41,851,nan
4/26/2026 0:09:42,1.17.3,FR5,75,3.91,nan,5,Right,Left,1895,247,379,0,nan,nan,0.18
4/26/2026 0:09:43,1.17.3,FR5,75,3.91,nan,5,Right,Left,1895,248,379,0,nan,nan,0.36
4/26/2026 0:09:46,1.17.3,FR5,75,3.90,nan,5,Right,Left,1895,249,379,0,nan,nan,0.79
4/26/2026 0:09:48,1.17.3,FR5,75,3.91,nan,5,Right,Left,1895,250,379,0,nan,nan,0.49
4/26/2026 0:09:49,1.17.3,FR5,75,3.91,nan,5,Right,Left,1895,251,379,0,nan,nan,0.76
4/26/2026 0:09:57,1.17.3,FR5,75,3.90,nan,5,Right,Left,1895,252,379,0,nan,nan,0.10
4/26/2026 0:09:58,1.17.3,FR5,75,3.91,nan,5,Right,Left,1895,253,379,0,nan,nan,0.43
4/26/2026 0:10:02,1.17.3,FR5,75,3.90,nan,5,Right,Left,1895,254,379,0,nan,nan,0.80
4/26/2026 0:10:03,1.17.3,FR5,75,3.91,nan,5,Right,Left,1895,255,379,0,nan,nan,0.01
4/26/2026 0:36:15,1.17.3,FR5,75,3.91,nan,5,Left,Left,1896,255,379,0,nan,nan,0.16
4/26/2026 1:03:46,1.17.3,FR5,75,3.90,nan,5,Left,Left,1897,255,379,0,nan,nan,0.06
4/26/2026 2:51:28,1.17.3,FR5,75,3.90,nan,5,Right,Left,1897,256,379,0,nan,nan,0.38
4/26/2026 2:52:12,1.17.3,FR5,75,3.90,nan,5,Left,Left,1898,256,379,0,nan,nan,0.49
4/26/2026 3:14:25,1.17.3,FR5,75,3.90,nan,5,Right,Left,1898,257,379,0,nan,nan,0.22
4/26/2026 4:48:43,1.17.3,FR5,75,3.89,nan,5,Left,Left,1899,257,379,0,nan,nan,0.13
4/26/2026 4:48:44,1.17.3,FR5,75,3.89,nan,5,Left,Left,1900,257,379,0,nan,nan,0.16
4/26/2026 4:48:46,1.17.3,FR5,75,3.89,nan,5,LeftWithPellet,Left,1901,257,379,0,nan,nan,0.25
4/26/2026 4:48:47,1.17.3,FR5,75,3.89,1,5,Pellet,Left,1901,257,380,0,1.49,16754,nan
4/26/2026 4:49:03,1.17.3,FR5,75,3.89,nan,5,Left,Left,1902,257,380,0,nan,nan,0.10
4/26/2026 4:49:04,1.17.3,FR5,75,3.89,nan,5,Left,Left,1903,257,380,0,nan,nan,0.03
4/26/2026 4:49:04,1.17.3,FR5,75,3.89,nan,5,Left,Left,1904,257,380,0,nan,nan,0.06
4/26/2026 4:49:05,1.17.3,FR5,75,3.89,nan,5,Left,Left,1905,257,380,0,nan,nan,0.04
4/26/2026 4:49:07,1.17.3,FR5,75,3.89,1,5,Pellet,Left,1905,257,381,0,1.37,20,nan
4/26/2026 4:49:30,1.17.3,FR5,75,3.90,nan,5,Left,Left,1906,257,381,0,nan,nan,0.01
4/26/2026 4:49:34,1.17.3,FR5,75,3.90,nan,5,Left,Left,1907,257,381,0,nan,nan,0.15
4/26/2026 4:49:38,1.17.3,FR5,75,3.89,nan,5,Left,Left,1908,257,381,0,nan,nan,0.71
4/26/2026 4:49:41,1.17.3,FR5,75,3.89,nan,5,Left,Left,1909,257,381,0,nan,nan,0.01
4/26/2026 4:49:43,1.17.3,FR5,75,3.89,nan,5,Left,Left,1910,257,381,0,nan,nan,0.09
4/26/2026 4:49:44,1.17.3,FR5,75,3.89,1,5,Pellet,Left,1910,257,382,0,0.23,37,nan
4/26/2026 4:50:00,1.17.3,FR5,75,3.89,nan,5,Left,Left,1911,257,382,0,nan,nan,0.10
4/26/2026 4:50:01,1.17.3,FR5,75,3.89,nan,5,Left,Left,1912,257,382,0,nan,nan,0.12
4/26/2026 4:50:02,1.17.3,FR5,75,3.89,nan,5,Left,Left,1913,257,382,0,nan,nan,0.14
4/26/2026 4:50:03,1.17.3,FR5,75,3.90,nan,5,Left,Left,1914,257,382,0,nan,nan,0.16
4/26/2026 4:50:04,1.17.3,FR5,75,3.89,nan,5,Left,Left,1915,257,382,0,nan,nan,0.01
4/26/2026 4:50:05,1.17.3,FR5,75,3.90,nan,5,LeftDuringDispense,Left,1916,257,382,0,nan,nan,0.21
4/26/2026 4:50:08,1.17.3,FR5,75,3.89,2,5,Pellet,Left,1916,257,383,0,0.23,24,nan
4/26/2026 4:50:28,1.17.3,FR5,75,3.90,nan,5,Left,Left,1917,257,383,0,nan,nan,0.10
4/26/2026 4:50:29,1.17.3,FR5,75,3.89,nan,5,Left,Left,1918,257,383,0,nan,nan,0.11
4/26/2026 4:50:35,1.17.3,FR5,75,3.89,nan,5,Left,Left,1919,257,383,0,nan,nan,0.00
4/26/2026 4:53:23,1.17.3,FR5,75,3.89,nan,5,Left,Left,1920,257,383,0,nan,nan,0.54
4/26/2026 4:53:24,1.17.3,FR5,75,3.90,1,5,Pellet,Left,1920,257,384,0,1.01,196,nan
4/26/2026 4:54:01,1.17.3,FR5,75,3.89,nan,5,Right,Left,1920,258,384,0,nan,nan,0.27
4/26/2026 4:59:11,1.17.3,FR5,75,3.89,nan,5,Left,Left,1921,258,384,0,nan,nan,0.10
4/26/2026 4:59:13,1.17.3,FR5,75,3.89,nan,5,Left,Left,1922,258,384,0,nan,nan,0.25
4/26/2026 4:59:27,1.17.3,FR5,75,3.89,nan,5,Right,Left,1922,259,384,0,nan,nan,0.66
4/26/2026 5:01:45,1.17.3,FR5,75,3.90,nan,5,Right,Left,1922,260,384,0,nan,nan,0.08
4/26/2026 5:01:47,1.17.3,FR5,75,3.89,nan,5,Right,Left,1922,261,384,0,nan,nan,0.62
4/26/2026 5:25:54,1.17.3,FR5,75,3.89,nan,5,Left,Left,1923,261,384,0,nan,nan,0.17
4/26/2026 5:36:41,1.17.3,FR5,75,3.89,nan,5,Right,Left,1923,262,384,0,nan,nan,0.20
4/26/2026 5:42:16,1.17.3,FR5,75,3.89,nan,5,Left,Left,1924,262,384,0,nan,nan,0.09
4/26/2026 5:42:17,1.17.3,FR5,75,3.89,nan,5,Left,Left,1925,262,384,0,nan,nan,0.14
4/26/2026 5:42:18,1.17.3,FR5,75,3.89,2,5,Pellet,Left,1925,262,385,0,0.23,2934,nan
4/26/2026 8:16:33,1.17.3,FR5,75,3.88,nan,5,Left,Left,1926,262,385,0,nan,nan,0.53
4/26/2026 8:16:38,1.17.3,FR5,75,3.89,nan,5,Left,Left,1927,262,385,0,nan,nan,0.31
4/26/2026 8:16:49,1.17.3,FR5,75,3.89,nan,5,Left,Left,1928,262,385,0,nan,nan,0.20
4/26/2026 8:16:52,1.17.3,FR5,75,3.89,nan,5,Left,Left,1929,262,385,0,nan,nan,0.13
4/26/2026 8:16:53,1.17.3,FR5,75,3.89,nan,5,Left,Left,1930,262,385,0,nan,nan,0.59
4/26/2026 8:16:54,1.17.3,FR5,75,3.89,nan,5,LeftDuringDispense,Left,1931,262,385,0,nan,nan,0.52
4/26/2026 8:16:57,1.17.3,FR5,75,3.88,nan,5,LeftDuringDispense,Left,1932,262,385,0,nan,nan,0.01
4/26/2026 8:16:58,1.17.3,FR5,75,3.89,nan,5,LeftDuringDispense,Left,1933,262,385,0,nan,nan,0.76
4/26/2026 8:17:01,1.17.3,FR5,75,3.89,3,5,Pellet,Left,1933,262,386,0,0.59,9283,nan
4/26/2026 8:17:33,1.17.3,FR5,75,3.89,nan,5,Left,Left,1934,262,386,0,nan,nan,0.11
4/26/2026 8:17:38,1.17.3,FR5,75,3.88,nan,5,Left,Left,1935,262,386,0,nan,nan,0.53
4/26/2026 8:17:39,1.17.3,FR5,75,3.88,1,5,Pellet,Left,1935,262,387,0,0.23,38,nan
4/26/2026 8:19:05,1.17.3,FR5,75,3.89,nan,5,Left,Left,1936,262,387,0,nan,nan,0.01
4/26/2026 8:19:08,1.17.3,FR5,75,3.89,nan,5,Left,Left,1937,262,387,0,nan,nan,0.24
4/26/2026 8:19:15,1.17.3,FR5,75,3.88,nan,5,Left,Left,1938,262,387,0,nan,nan,0.45
4/26/2026 8:19:17,1.17.3,FR5,75,3.88,nan,5,Left,Left,1939,262,387,0,nan,nan,0.71
4/26/2026 8:19:26,1.17.3,FR5,75,3.89,nan,5,Left,Left,1940,262,387,0,nan,nan,0.31
4/26/2026 8:19:27,1.17.3,FR5,75,3.89,1,5,Pellet,Left,1940,262,388,0,0.29,108,nan
4/26/2026 8:19:46,1.17.3,FR5,75,3.89,nan,5,Left,Left,1941,262,388,0,nan,nan,0.01
4/26/2026 9:22:37,1.17.3,FR5,75,3.88,nan,5,Left,Left,1942,262,388,0,nan,nan,0.15
4/26/2026 9:22:52,1.17.3,FR5,75,3.88,nan,5,Left,Left,1943,262,388,0,nan,nan,0.23
4/26/2026 9:22:56,1.17.3,FR5,75,3.88,nan,5,Left,Left,1944,262,388,0,nan,nan,0.30
4/26/2026 9:22:57,1.17.3,FR5,75,3.88,nan,5,Left,Left,1945,262,388,0,nan,nan,0.30
4/26/2026 9:22:57,1.17.3,FR5,75,3.89,nan,5,LeftDuringDispense,Left,1946,262,388,0,nan,nan,0.18
4/26/2026 9:23:01,1.17.3,FR5,75,3.88,3,5,Pellet,Left,1946,262,389,0,0.11,3814,nan
4/26/2026 9:23:27,1.17.3,FR5,75,3.88,nan,5,Left,Left,1947,262,389,0,nan,nan,0.60
4/26/2026 9:23:29,1.17.3,FR5,75,3.89,nan,5,Left,Left,1948,262,389,0,nan,nan,0.01
4/26/2026 9:23:30,1.17.3,FR5,75,3.88,nan,5,Left,Left,1949,262,389,0,nan,nan,0.00
4/26/2026 9:23:32,1.17.3,FR5,75,3.88,nan,5,Left,Left,1950,262,389,0,nan,nan,0.64
4/26/2026 9:23:33,1.17.3,FR5,75,3.88,1,5,Pellet,Left,1950,262,390,0,0.23,32,nan
4/26/2026 9:24:02,1.17.3,FR5,75,3.88,nan,5,Left,Left,1951,262,390,0,nan,nan,0.22
4/26/2026 9:24:04,1.17.3,FR5,75,3.88,nan,5,Left,Left,1952,262,390,0,nan,nan,0.02
4/26/2026 9:24:06,1.17.3,FR5,75,3.88,nan,5,Left,Left,1953,262,390,0,nan,nan,0.15
4/26/2026 9:24:11,1.17.3,FR5,75,3.88,nan,5,Left,Left,1954,262,390,0,nan,nan,0.14
4/26/2026 9:24:16,1.17.3,FR5,75,3.88,nan,5,Left,Left,1955,262,390,0,nan,nan,0.46
4/26/2026 9:24:17,1.17.3,FR5,75,3.88,1,5,Pellet,Left,1955,262,391,0,0.23,44,nan
4/26/2026 9:24:35,1.17.3,FR5,75,3.88,nan,5,Left,Left,1956,262,391,0,nan,nan,0.23
4/26/2026 9:24:36,1.17.3,FR5,75,3.88,nan,5,Left,Left,1957,262,391,0,nan,nan,0.35
4/26/2026 9:24:39,1.17.3,FR5,75,3.88,nan,5,Left,Left,1958,262,391,0,nan,nan,1.28
4/26/2026 9:24:43,1.17.3,FR5,75,3.88,nan,5,Left,Left,1959,262,391,0,nan,nan,0.53
4/26/2026 9:24:44,1.17.3,FR5,75,3.88,nan,5,Left,Left,1960,262,391,0,nan,nan,0.37
4/26/2026 9:24:45,1.17.3,FR5,75,3.88,1,5,Pellet,Left,1960,262,392,0,0.23,28,nan
4/26/2026 9:25:35,1.17.3,FR5,75,3.88,nan,5,Left,Left,1961,262,392,0,nan,nan,0.16
4/26/2026 9:25:38,1.17.3,FR5,75,3.89,nan,5,Left,Left,1962,262,392,0,nan,nan,0.90
4/26/2026 9:25:39,1.17.3,FR5,75,3.88,nan,5,Left,Left,1963,262,392,0,nan,nan,0.00
4/26/2026 9:25:40,1.17.3,FR5,75,3.89,nan,5,Left,Left,1964,262,392,0,nan,nan,0.29
4/26/2026 9:25:43,1.17.3,FR5,75,3.88,nan,5,Left,Left,1965,262,392,0,nan,nan,0.03
4/26/2026 9:25:44,1.17.3,FR5,75,3.88,1,5,Pellet,Left,1965,262,393,0,0.17,58,nan
4/26/2026 9:26:02,1.17.3,FR5,75,3.87,nan,5,Left,Left,1966,262,393,0,nan,nan,0.06
4/26/2026 9:26:03,1.17.3,FR5,75,3.88,nan,5,Left,Left,1967,262,393,0,nan,nan,0.00
4/26/2026 9:26:05,1.17.3,FR5,75,3.88,nan,5,Left,Left,1968,262,393,0,nan,nan,0.17
4/26/2026 9:26:06,1.17.3,FR5,75,3.89,nan,5,Left,Left,1969,262,393,0,nan,nan,0.00
4/26/2026 9:26:08,1.17.3,FR5,75,3.88,nan,5,Left,Left,1970,262,393,0,nan,nan,0.48
4/26/2026 9:26:09,1.17.3,FR5,75,3.88,1,5,Pellet,Left,1970,262,394,0,0.12,26,nan
4/26/2026 9:26:25,1.17.3,FR5,75,3.87,nan,5,Left,Left,1971,262,394,0,nan,nan,0.35
4/26/2026 9:26:27,1.17.3,FR5,75,3.88,nan,5,Left,Left,1972,262,394,0,nan,nan,0.20
4/26/2026 11:36:59,1.17.3,FR5,75,3.87,nan,5,Left,Left,1973,262,394,0,nan,nan,0.05
4/26/2026 11:37:02,1.17.3,FR5,75,3.88,nan,5,Left,Left,1974,262,394,0,nan,nan,0.08
4/26/2026 11:37:09,1.17.3,FR5,75,3.87,nan,5,Left,Left,1975,262,394,0,nan,nan,0.33
4/26/2026 11:37:11,1.17.3,FR5,75,3.87,1,5,Pellet,Left,1975,262,395,0,0.77,7862,nan
4/26/2026 12:10:39,1.17.3,FR5,75,3.87,nan,5,Left,Left,1976,262,395,0,nan,nan,0.15
4/26/2026 12:16:27,1.17.3,FR5,75,3.87,nan,5,Left,Left,1977,262,395,0,nan,nan,0.26
4/26/2026 12:16:29,1.17.3,FR5,75,3.87,nan,5,Left,Left,1978,262,395,0,nan,nan,0.03
4/26/2026 12:16:31,1.17.3,FR5,75,3.87,nan,5,Left,Left,1979,262,395,0,nan,nan,0.22
4/26/2026 12:18:22,1.17.3,FR5,75,3.87,nan,5,Right,Left,1979,263,395,0,nan,nan,0.04
4/26/2026 14:01:59,1.17.3,FR5,75,3.87,nan,5,Left,Left,1980,263,395,0,nan,nan,0.00
4/26/2026 14:02:00,1.17.3,FR5,75,3.87,1,5,Pellet,Left,1980,263,396,0,0.47,8689,nan
4/26/2026 14:02:18,1.17.3,FR5,75,3.87,nan,5,Left,Left,1981,263,396,0,nan,nan,0.54
4/26/2026 14:02:20,1.17.3,FR5,75,3.87,nan,5,Left,Left,1982,263,396,0,nan,nan,0.46
4/26/2026 14:02:22,1.17.3,FR5,75,3.87,nan,5,Left,Left,1983,263,396,0,nan,nan,0.63
4/26/2026 14:02:24,1.17.3,FR5,75,3.87,nan,5,Left,Left,1984,263,396,0,nan,nan,0.02
4/26/2026 14:02:26,1.17.3,FR5,75,3.87,nan,5,Left,Left,1985,263,396,0,nan,nan,0.46
4/26/2026 14:02:26,1.17.3,FR5,75,3.87,nan,5,LeftDuringDispense,Left,1986,263,396,0,nan,nan,0.17
4/26/2026 14:02:29,1.17.3,FR5,75,3.87,3,5,Pellet,Left,1986,263,397,0,0.12,29,nan
4/26/2026 14:02:47,1.17.3,FR5,75,3.87,nan,5,Left,Left,1987,263,397,0,nan,nan,1.13
4/26/2026 14:02:48,1.17.3,FR5,75,3.87,nan,5,Left,Left,1988,263,397,0,nan,nan,0.86
4/26/2026 14:02:51,1.17.3,FR5,75,3.87,nan,5,Left,Left,1989,263,397,0,nan,nan,1.17
4/26/2026 14:02:56,1.17.3,FR5,75,3.87,nan,5,Left,Left,1990,263,397,0,nan,nan,0.12
4/26/2026 14:02:57,1.17.3,FR5,75,3.87,nan,5,LeftWithPellet,Left,1991,263,397,0,nan,nan,0.34
4/26/2026 14:02:58,1.17.3,FR5,75,3.87,1,5,Pellet,Left,1991,263,398,0,1.70,29,nan
4/26/2026 14:03:12,1.17.3,FR5,75,3.87,nan,5,Left,Left,1992,263,398,0,nan,nan,0.36
4/26/2026 14:03:14,1.17.3,FR5,75,3.87,nan,5,Left,Left,1993,263,398,0,nan,nan,1.22
4/26/2026 14:03:18,1.17.3,FR5,75,3.87,nan,5,Left,Left,1994,263,398,0,nan,nan,0.72
4/26/2026 14:03:19,1.17.3,FR5,75,3.87,nan,5,Left,Left,1995,263,398,0,nan,nan,0.37
4/26/2026 14:03:20,1.17.3,FR5,75,3.87,1,5,Pellet,Left,1995,263,399,0,0.23,22,nan
4/26/2026 14:03:35,1.17.3,FR5,75,3.87,nan,5,Left,Left,1996,263,399,0,nan,nan,0.23
4/26/2026 14:03:38,1.17.3,FR5,75,3.87,nan,5,Left,Left,1997,263,399,0,nan,nan,1.19
4/26/2026 14:03:47,1.17.3,FR5,75,3.87,nan,5,Left,Left,1998,263,399,0,nan,nan,0.98
4/26/2026 14:03:49,1.17.3,FR5,75,3.87,nan,5,Left,Left,1999,263,399,0,nan,nan,0.26
4/26/2026 14:03:51,1.17.3,FR5,75,3.87,nan,5,Left,Left,2000,263,399,0,nan,nan,0.36
4/26/2026 14:03:52,1.17.3,FR5,75,3.87,1,5,Pellet,Left,2000,263,400,0,0.23,32,nan
4/26/2026 14:04:15,1.17.3,FR5,75,3.87,nan,5,Left,Left,2001,263,400,0,nan,nan,0.06
4/26/2026 14:04:19,1.17.3,FR5,75,3.87,nan,5,Left,Left,2002,263,400,0,nan,nan,0.41
4/26/2026 14:04:20,1.17.3,FR5,75,3.87,nan,5,Left,Left,2003,263,400,0,nan,nan,0.39
4/26/2026 14:04:24,1.17.3,FR5,75,3.87,nan,5,Left,Left,2004,263,400,0,nan,nan,0.02
4/26/2026 14:04:26,1.17.3,FR5,75,3.87,nan,5,Left,Left,2005,263,400,0,nan,nan,0.28
4/26/2026 14:04:27,1.17.3,FR5,75,3.87,1,5,Pellet,Left,2005,263,401,0,0.35,35,nan
4/26/2026 14:04:48,1.17.3,FR5,75,3.87,nan,5,Left,Left,2006,263,401,0,nan,nan,0.99
4/26/2026 14:04:50,1.17.3,FR5,75,3.87,nan,5,Left,Left,2007,263,401,0,nan,nan,0.00
4/26/2026 14:04:52,1.17.3,FR5,75,3.87,nan,5,Left,Left,2008,263,401,0,nan,nan,0.27
4/26/2026 14:04:56,1.17.3,FR5,75,3.87,nan,5,Left,Left,2009,263,401,0,nan,nan,0.31
4/26/2026 14:04:58,1.17.3,FR5,75,3.87,nan,5,Left,Left,2010,263,401,0,nan,nan,0.70
4/26/2026 14:04:59,1.17.3,FR5,75,3.87,1,5,Pellet,Left,2010,263,402,0,0.17,32,nan
4/26/2026 14:13:24,1.17.3,FR5,75,3.87,nan,5,Left,Left,2011,263,402,0,nan,nan,0.16
4/26/2026 15:22:53,1.17.3,FR5,75,3.87,nan,5,Left,Left,2012,263,402,0,nan,nan,0.04
4/26/2026 15:22:58,1.17.3,FR5,75,3.87,nan,5,Left,Left,2013,263,402,0,nan,nan,0.34
4/26/2026 15:23:00,1.17.3,FR5,75,3.87,nan,5,Left,Left,2014,263,402,0,nan,nan,0.27
4/26/2026 15:23:02,1.17.3,FR5,75,3.87,nan,5,Left,Left,2015,263,402,0,nan,nan,0.10
4/26/2026 15:23:03,1.17.3,FR5,75,3.87,1,5,Pellet,Left,2015,263,403,0,0.59,4684,nan
4/26/2026 15:23:18,1.17.3,FR5,75,3.87,nan,5,Left,Left,2016,263,403,0,nan,nan,0.06
4/26/2026 15:23:20,1.17.3,FR5,75,3.87,nan,5,Left,Left,2017,263,403,0,nan,nan,0.41
4/26/2026 15:23:22,1.17.3,FR5,75,3.87,nan,5,Left,Left,2018,263,403,0,nan,nan,0.07
4/26/2026 15:23:24,1.17.3,FR5,75,3.87,nan,5,Left,Left,2019,263,403,0,nan,nan,0.28
4/26/2026 15:23:25,1.17.3,FR5,75,3.87,nan,5,Left,Left,2020,263,403,0,nan,nan,0.05
4/26/2026 15:23:26,1.17.3,FR5,75,3.87,2,5,Pellet,Left,2020,263,404,0,0.06,23,nan
4/26/2026 15:23:35,1.17.3,FR5,75,3.87,nan,5,Left,Left,2021,263,404,0,nan,nan,0.13
4/26/2026 15:23:37,1.17.3,FR5,75,3.87,nan,5,Left,Left,2022,263,404,0,nan,nan,0.28
4/26/2026 15:23:39,1.17.3,FR5,75,3.87,nan,5,Left,Left,2023,263,404,0,nan,nan,0.19
4/26/2026 15:23:43,1.17.3,FR5,75,3.87,nan,5,Left,Left,2024,263,404,0,nan,nan,0.37
4/26/2026 16:08:05,1.17.3,FR5,75,3.86,nan,5,Left,Left,2025,263,404,0,nan,nan,0.13
4/26/2026 16:08:06,1.17.3,FR5,75,3.87,1,5,Pellet,Left,2025,263,405,0,0.47,2680,nan
4/26/2026 16:08:16,1.17.3,FR5,75,3.87,nan,5,Left,Left,2026,263,405,0,nan,nan,0.18
4/26/2026 16:08:18,1.17.3,FR5,75,3.87,nan,5,Left,Left,2027,263,405,0,nan,nan,0.21
4/26/2026 16:08:20,1.17.3,FR5,75,3.86,nan,5,Left,Left,2028,263,405,0,nan,nan,0.20
4/26/2026 16:08:24,1.17.3,FR5,75,3.86,nan,5,Left,Left,2029,263,405,0,nan,nan,0.05
4/26/2026 16:08:25,1.17.3,FR5,75,3.87,nan,5,Left,Left,2030,263,405,0,nan,nan,0.18
4/26/2026 16:08:26,1.17.3,FR5,75,3.86,1,5,Pellet,Left,2030,263,406,0,0.23,20,nan
4/26/2026 16:08:42,1.17.3,FR5,75,3.86,nan,5,Left,Left,2031,263,406,0,nan,nan,0.05
4/26/2026 16:08:44,1.17.3,FR5,75,3.87,nan,5,Left,Left,2032,263,406,0,nan,nan,0.10
4/26/2026 16:08:46,1.17.3,FR5,75,3.87,nan,5,Left,Left,2033,263,406,0,nan,nan,0.06
4/26/2026 16:08:47,1.17.3,FR5,75,3.87,nan,5,Left,Left,2034,263,406,0,nan,nan,0.05
4/26/2026 16:08:48,1.17.3,FR5,75,3.87,nan,5,Left,Left,2035,263,406,0,nan,nan,0.08
4/26/2026 16:08:48,1.17.3,FR5,75,3.87,nan,5,LeftDuringDispense,Left,2036,263,406,0,nan,nan,0.15
4/26/2026 16:08:53,1.17.3,FR5,75,3.87,2,5,Pellet,Left,2036,263,407,0,1.73,27,nan
4/26/2026 16:09:16,1.17.3,FR5,75,3.86,nan,5,Left,Left,2037,263,407,0,nan,nan,0.05
4/26/2026 16:09:18,1.17.3,FR5,75,3.86,nan,5,Left,Left,2038,263,407,0,nan,nan,0.12
4/26/2026 16:09:20,1.17.3,FR5,75,3.87,nan,5,Left,Left,2039,263,407,0,nan,nan,0.51
4/26/2026 16:09:33,1.17.3,FR5,75,3.87,nan,5,Left,Left,2040,263,407,0,nan,nan,0.09
4/26/2026 16:09:35,1.17.3,FR5,75,3.86,1,5,Pellet,Left,2040,263,408,0,0.77,42,nan
4/26/2026 16:09:41,1.17.3,FR5,75,3.86,nan,5,Left,Left,2041,263,408,0,nan,nan,0.08
4/26/2026 16:09:42,1.17.3,FR5,75,3.87,nan,5,Left,Left,2042,263,408,0,nan,nan,0.09
4/26/2026 16:10:37,1.17.3,FR5,75,3.87,nan,5,Left,Left,2043,263,408,0,nan,nan,0.13
4/26/2026 16:10:39,1.17.3,FR5,75,3.87,nan,5,Left,Left,2044,263,408,0,nan,nan,0.55
4/26/2026 16:10:41,1.17.3,FR5,75,3.87,nan,5,Left,Left,2045,263,408,0,nan,nan,0.38
4/26/2026 16:10:42,1.17.3,FR5,75,3.87,1,5,Pellet,Left,2045,263,409,0,0.35,67,nan
4/26/2026 16:10:52,1.17.3,FR5,75,3.87,nan,5,Left,Left,2046,263,409,0,nan,nan,0.08
4/26/2026 16:10:54,1.17.3,FR5,75,3.86,nan,5,Left,Left,2047,263,409,0,nan,nan,0.06
4/26/2026 16:10:56,1.17.3,FR5,75,3.87,nan,5,Left,Left,2048,263,409,0,nan,nan,0.06
4/26/2026 16:11:09,1.17.3,FR5,75,3.87,nan,5,Left,Left,2049,263,409,0,nan,nan,0.37
4/26/2026 16:11:11,1.17.3,FR5,75,3.87,nan,5,Left,Left,2050,263,409,0,nan,nan,0.38
4/26/2026 16:11:12,1.17.3,FR5,75,3.86,2,5,Pellet,Left,2050,263,410,0,0.06,30,nan
4/26/2026 16:11:36,1.17.3,FR5,75,3.87,nan,5,Left,Left,2051,263,410,0,nan,nan,0.48
4/26/2026 16:11:36,1.17.3,FR5,75,3.87,nan,5,Left,Left,2052,263,410,0,nan,nan,0.04
4/26/2026 16:11:41,1.17.3,FR5,75,3.87,nan,5,Left,Left,2053,263,410,0,nan,nan,0.32
4/26/2026 16:11:43,1.17.3,FR5,75,3.86,nan,5,Left,Left,2054,263,410,0,nan,nan,0.30
4/26/2026 16:11:44,1.17.3,FR5,75,3.87,nan,5,Left,Left,2055,263,410,0,nan,nan,0.34
4/26/2026 16:11:44,1.17.3,FR5,75,3.86,1,5,Pellet,Left,2055,263,411,0,0.17,32,nan
4/26/2026 16:12:06,1.17.3,FR5,75,3.86,nan,5,Left,Left,2056,263,411,0,nan,nan,0.18
4/26/2026 16:12:08,1.17.3,FR5,75,3.86,nan,5,Left,Left,2057,263,411,0,nan,nan,0.02
4/26/2026 16:12:09,1.17.3,FR5,75,3.87,nan,5,Left,Left,2058,263,411,0,nan,nan,0.19
4/26/2026 16:12:14,1.17.3,FR5,75,3.87,nan,5,Left,Left,2059,263,411,0,nan,nan,0.01
4/26/2026 16:12:16,1.17.3,FR5,75,3.87,nan,5,Left,Left,2060,263,411,0,nan,nan,0.08
4/26/2026 16:12:17,1.17.3,FR5,75,3.86,1,5,Pellet,Left,2060,263,412,0,0.23,33,nan
4/26/2026 16:12:46,1.17.3,FR5,75,3.87,nan,5,Left,Left,2061,263,412,0,nan,nan,0.06
4/26/2026 16:12:48,1.17.3,FR5,75,3.87,nan,5,Left,Left,2062,263,412,0,nan,nan,0.02
4/26/2026 16:12:49,1.17.3,FR5,75,3.87,nan,5,Left,Left,2063,263,412,0,nan,nan,0.26
4/26/2026 16:12:53,1.17.3,FR5,75,3.87,nan,5,Left,Left,2064,263,412,0,nan,nan,0.05
4/26/2026 17:29:50,1.17.3,FR5,75,3.87,nan,5,Left,Left,2065,263,412,0,nan,nan,0.22
4/26/2026 17:29:52,1.17.3,FR5,75,3.87,1,5,Pellet,Left,2065,263,413,0,1.19,4654,nan
4/26/2026 17:30:07,1.17.3,FR5,75,3.87,nan,5,Left,Left,2066,263,413,0,nan,nan,0.32
4/26/2026 17:30:10,1.17.3,FR5,75,3.87,nan,5,Left,Left,2067,263,413,0,nan,nan,0.63
4/26/2026 17:30:14,1.17.3,FR5,75,3.87,nan,5,Left,Left,2068,263,413,0,nan,nan,0.19
4/26/2026 17:30:19,1.17.3,FR5,75,3.86,nan,5,Left,Left,2069,263,413,0,nan,nan,0.65
4/26/2026 17:30:24,1.17.3,FR5,75,3.87,nan,5,Left,Left,2070,263,413,0,nan,nan,0.38
4/26/2026 17:30:25,1.17.3,FR5,75,3.86,1,5,Pellet,Left,2070,263,414,0,0.23,34,nan
4/26/2026 17:30:39,1.17.3,FR5,75,3.86,nan,5,Left,Left,2071,263,414,0,nan,nan,0.05
4/26/2026 17:30:41,1.17.3,FR5,75,3.86,nan,5,Left,Left,2072,263,414,0,nan,nan,0.02
4/26/2026 17:30:42,1.17.3,FR5,75,3.87,nan,5,Left,Left,2073,263,414,0,nan,nan,0.13
4/26/2026 17:30:43,1.17.3,FR5,75,3.87,nan,5,Left,Left,2074,263,414,0,nan,nan,0.06
4/26/2026 17:30:45,1.17.3,FR5,75,3.87,nan,5,Left,Left,2075,263,414,0,nan,nan,0.45
4/26/2026 17:30:46,1.17.3,FR5,75,3.87,1,5,Pellet,Left,2075,263,415,0,0.23,21,nan
4/26/2026 17:31:05,1.17.3,FR5,75,3.87,nan,5,Left,Left,2076,263,415,0,nan,nan,0.16
4/26/2026 17:31:08,1.17.3,FR5,75,3.87,nan,5,Left,Left,2077,263,415,0,nan,nan,0.44
4/26/2026 18:08:42,1.17.3,FR5,75,3.87,nan,5,Left,Left,2078,263,415,0,nan,nan,0.16
4/26/2026 18:08:43,1.17.3,FR5,75,3.87,nan,5,Left,Left,2079,263,415,0,nan,nan,0.39
4/26/2026 18:08:46,1.17.3,FR5,75,3.87,nan,5,Left,Left,2080,263,415,0,nan,nan,0.08
4/26/2026 18:08:47,1.17.3,FR5,75,3.86,1,5,Pellet,Left,2080,263,416,0,0.29,2281,nan
4/26/2026 18:08:57,1.17.3,FR5,75,3.87,nan,5,Left,Left,2081,263,416,0,nan,nan,0.17
4/26/2026 18:08:58,1.17.3,FR5,75,3.86,nan,5,Left,Left,2082,263,416,0,nan,nan,0.00
4/26/2026 18:09:00,1.17.3,FR5,75,3.86,nan,5,Left,Left,2083,263,416,0,nan,nan,0.38
4/26/2026 18:09:01,1.17.3,FR5,75,3.87,nan,5,Left,Left,2084,263,416,0,nan,nan,0.24
4/26/2026 18:09:02,1.17.3,FR5,75,3.86,nan,5,Left,Left,2085,263,416,0,nan,nan,0.07
4/26/2026 18:09:04,1.17.3,FR5,75,3.87,2,5,Pellet,Left,2085,263,417,0,0.35,17,nan
4/26/2026 18:09:16,1.17.3,FR5,75,3.86,nan,5,Left,Left,2086,263,417,0,nan,nan,0.06
4/26/2026 18:09:18,1.17.3,FR5,75,3.86,nan,5,Left,Left,2087,263,417,0,nan,nan,0.62
4/26/2026 18:09:21,1.17.3,FR5,75,3.87,nan,5,Left,Left,2088,263,417,0,nan,nan,0.98
4/26/2026 18:09:25,1.17.3,FR5,75,3.86,nan,5,Left,Left,2089,263,417,0,nan,nan,0.11
4/26/2026 18:09:27,1.17.3,FR5,75,3.86,nan,5,Left,Left,2090,263,417,0,nan,nan,0.43
4/26/2026 18:09:28,1.17.3,FR5,75,3.86,1,5,Pellet,Left,2090,263,418,0,0.17,24,nan
4/26/2026 18:10:01,1.17.3,FR5,75,3.87,nan,5,Left,Left,2091,263,418,0,nan,nan,0.52
4/26/2026 18:10:02,1.17.3,FR5,75,3.86,nan,5,Left,Left,2092,263,418,0,nan,nan,0.57
4/26/2026 18:10:03,1.17.3,FR5,75,3.86,nan,5,Left,Left,2093,263,418,0,nan,nan,0.14
4/26/2026 18:10:06,1.17.3,FR5,75,3.86,nan,5,Left,Left,2094,263,418,0,nan,nan,0.03
4/26/2026 18:10:07,1.17.3,FR5,75,3.87,nan,5,Left,Left,2095,263,418,0,nan,nan,0.60
4/26/2026 18:10:08,1.17.3,FR5,75,3.86,1,5,Pellet,Left,2095,263,419,0,0.35,40,nan
4/26/2026 18:10:22,1.17.3,FR5,75,3.87,nan,5,Left,Left,2096,263,419,0,nan,nan,0.21
4/26/2026 18:10:24,1.17.3,FR5,75,3.86,nan,5,Left,Left,2097,263,419,0,nan,nan,0.35
4/26/2026 18:10:25,1.17.3,FR5,75,3.87,nan,5,Left,Left,2098,263,419,0,nan,nan,0.51
4/26/2026 18:10:26,1.17.3,FR5,75,3.86,nan,5,Left,Left,2099,263,419,0,nan,nan,0.51
4/26/2026 18:10:43,1.17.3,FR5,75,3.86,nan,5,Left,Left,2100,263,419,0,nan,nan,0.10
4/26/2026 18:10:44,1.17.3,FR5,75,3.86,1,5,Pellet,Left,2100,263,420,0,0.12,36,nan
4/26/2026 18:11:04,1.17.3,FR5,75,3.86,nan,5,Left,Left,2101,263,420,0,nan,nan,0.25
4/26/2026 18:11:05,1.17.3,FR5,75,3.86,nan,5,Left,Left,2102,263,420,0,nan,nan,0.11
4/26/2026 18:11:06,1.17.3,FR5,75,3.87,nan,5,Left,Left,2103,263,420,0,nan,nan,0.05
4/26/2026 18:11:07,1.17.3,FR5,75,3.86,nan,5,Left,Left,2104,263,420,0,nan,nan,0.02
4/26/2026 18:11:09,1.17.3,FR5,75,3.86,nan,5,Left,Left,2105,263,420,0,nan,nan,0.10
4/26/2026 18:11:09,1.17.3,FR5,75,3.86,1,5,Pellet,Left,2105,263,421,0,0.23,25,nan
4/26/2026 18:45:03,1.17.3,FR5,75,3.86,nan,5,Left,Left,2106,263,421,0,nan,nan,0.06
4/26/2026 18:45:04,1.17.3,FR5,75,3.86,nan,5,Left,Left,2107,263,421,0,nan,nan,0.01
4/26/2026 18:45:06,1.17.3,FR5,75,3.86,nan,5,Left,Left,2108,263,421,0,nan,nan,0.11
4/26/2026 18:45:07,1.17.3,FR5,75,3.86,nan,5,Left,Left,2109,263,421,0,nan,nan,0.60
4/26/2026 18:45:10,1.17.3,FR5,75,3.87,nan,5,Left,Left,2110,263,421,0,nan,nan,0.56
4/26/2026 18:45:11,1.17.3,FR5,75,3.87,1,5,Pellet,Left,2110,263,422,0,0.53,2042,nan
4/26/2026 18:45:36,1.17.3,FR5,75,3.86,nan,5,Left,Left,2111,263,422,0,nan,nan,0.00
4/26/2026 18:45:38,1.17.3,FR5,75,3.86,nan,5,Left,Left,2112,263,422,0,nan,nan,0.65
4/26/2026 18:45:43,1.17.3,FR5,75,3.87,nan,5,Left,Left,2113,263,422,0,nan,nan,0.83
4/26/2026 18:45:44,1.17.3,FR5,75,3.86,nan,5,Left,Left,2114,263,422,0,nan,nan,0.54
4/26/2026 18:45:46,1.17.3,FR5,75,3.86,nan,5,Left,Left,2115,263,422,0,nan,nan,0.11
4/26/2026 18:45:46,1.17.3,FR5,75,3.86,nan,5,LeftDuringDispense,Left,2116,263,422,0,nan,nan,0.16
4/26/2026 18:45:49,1.17.3,FR5,75,3.86,2,5,Pellet,Left,2116,263,423,0,0.47,38,nan
4/26/2026 18:46:14,1.17.3,FR5,75,3.86,nan,5,Left,Left,2117,263,423,0,nan,nan,0.00
4/26/2026 18:46:15,1.17.3,FR5,75,3.86,nan,5,Left,Left,2118,263,423,0,nan,nan,0.10
4/26/2026 18:46:16,1.17.3,FR5,75,3.86,nan,5,Left,Left,2119,263,423,0,nan,nan,0.08
4/26/2026 18:46:18,1.17.3,FR5,75,3.87,nan,5,Left,Left,2120,263,423,0,nan,nan,0.24
4/26/2026 18:46:18,1.17.3,FR5,75,3.86,1,5,Pellet,Left,2120,263,424,0,0.17,29,nan
4/26/2026 18:46:31,1.17.3,FR5,75,3.86,nan,5,Left,Left,2121,263,424,0,nan,nan,0.35
4/26/2026 18:46:32,1.17.3,FR5,75,3.86,nan,5,Left,Left,2122,263,424,0,nan,nan,0.55
4/26/2026 18:46:34,1.17.3,FR5,75,3.86,nan,5,Left,Left,2123,263,424,0,nan,nan,0.07
4/26/2026 18:46:35,1.17.3,FR5,75,3.86,nan,5,Left,Left,2124,263,424,0,nan,nan,0.23
4/26/2026 18:46:39,1.17.3,FR5,75,3.86,nan,5,Left,Left,2125,263,424,0,nan,nan,0.05
4/26/2026 18:46:43,1.17.3,FR5,75,3.86,2,5,Pellet,Left,2125,263,425,0,0.41,25,nan
4/26/2026 18:46:49,1.17.3,FR5,75,3.86,nan,5,Left,Left,2126,263,425,0,nan,nan,0.00
4/26/2026 18:46:50,1.17.3,FR5,75,3.87,nan,5,Left,Left,2127,263,425,0,nan,nan,0.60
4/26/2026 18:46:51,1.17.3,FR5,75,3.86,nan,5,Left,Left,2128,263,425,0,nan,nan,0.01
4/26/2026 18:46:56,1.17.3,FR5,75,3.86,nan,5,Left,Left,2129,263,425,0,nan,nan,0.25
4/26/2026 18:47:00,1.17.3,FR5,75,3.86,nan,5,Left,Left,2130,263,425,0,nan,nan,0.01
4/26/2026 18:47:01,1.17.3,FR5,75,3.86,1,5,Pellet,Left,2130,263,426,0,0.17,18,nan
4/26/2026 18:47:19,1.17.3,FR5,75,3.87,nan,5,Left,Left,2131,263,426,0,nan,nan,0.14
4/26/2026 18:47:19,1.17.3,FR5,75,3.86,nan,5,Left,Left,2132,263,426,0,nan,nan,0.05
4/26/2026 18:47:21,1.17.3,FR5,75,3.86,nan,5,Left,Left,2133,263,426,0,nan,nan,0.00
4/26/2026 18:47:24,1.17.3,FR5,75,3.86,nan,5,Left,Left,2134,263,426,0,nan,nan,0.09
4/26/2026 18:47:27,1.17.3,FR5,75,3.86,nan,5,Left,Left,2135,263,426,0,nan,nan,0.52
4/26/2026 18:47:28,1.17.3,FR5,75,3.86,1,5,Pellet,Left,2135,263,427,0,0.23,27,nan
4/26/2026 18:47:45,1.17.3,FR5,75,3.86,nan,5,Left,Left,2136,263,427,0,nan,nan,0.67
4/26/2026 18:47:47,1.17.3,FR5,75,3.86,nan,5,Left,Left,2137,263,427,0,nan,nan,0.77
4/26/2026 18:47:52,1.17.3,FR5,75,3.86,nan,5,Left,Left,2138,263,427,0,nan,nan,0.95
4/26/2026 18:47:53,1.17.3,FR5,75,3.86,nan,5,Left,Left,2139,263,427,0,nan,nan,0.29
4/26/2026 18:47:56,1.17.3,FR5,75,3.87,nan,5,Left,Left,2140,263,427,0,nan,nan,0.12
4/26/2026 18:47:57,1.17.3,FR5,75,3.86,1,5,Pellet,Left,2140,263,428,0,0.29,29,nan
4/26/2026 18:48:13,1.17.3,FR5,75,3.86,nan,5,Left,Left,2141,263,428,0,nan,nan,0.08
4/26/2026 18:48:14,1.17.3,FR5,75,3.86,nan,5,Left,Left,2142,263,428,0,nan,nan,0.08
4/26/2026 18:48:15,1.17.3,FR5,75,3.87,nan,5,Left,Left,2143,263,428,0,nan,nan,0.00
4/26/2026 18:48:16,1.17.3,FR5,75,3.86,nan,5,Left,Left,2144,263,428,0,nan,nan,0.21
4/26/2026 18:48:22,1.17.3,FR5,75,3.86,nan,5,Left,Left,2145,263,428,0,nan,nan,0.21
4/26/2026 18:48:23,1.17.3,FR5,75,3.87,1,5,Pellet,Left,2145,263,429,0,0.06,26,nan
4/26/2026 18:48:35,1.17.3,FR5,75,3.86,nan,5,Left,Left,2146,263,429,0,nan,nan,0.81
4/26/2026 18:48:36,1.17.3,FR5,75,3.86,nan,5,Left,Left,2147,263,429,0,nan,nan,0.07
4/26/2026 18:48:37,1.17.3,FR5,75,3.86,nan,5,Left,Left,2148,263,429,0,nan,nan,0.00
4/26/2026 18:48:38,1.17.3,FR5,75,3.86,nan,5,Left,Left,2149,263,429,0,nan,nan,0.00
4/26/2026 18:48:42,1.17.3,FR5,75,3.86,nan,5,Left,Left,2150,263,429,0,nan,nan,0.01
4/26/2026 18:48:42,1.17.3,FR5,75,3.86,1,5,Pellet,Left,2150,263,430,0,0.06,19,nan
4/26/2026 18:48:58,1.17.3,FR5,75,3.86,nan,5,Left,Left,2151,263,430,0,nan,nan,0.03
4/26/2026 18:49:00,1.17.3,FR5,75,3.86,nan,5,Left,Left,2152,263,430,0,nan,nan,0.53
4/26/2026 18:49:01,1.17.3,FR5,75,3.86,nan,5,Left,Left,2153,263,430,0,nan,nan,0.31
4/26/2026 18:49:05,1.17.3,FR5,75,3.85,nan,5,Left,Left,2154,263,430,0,nan,nan,0.09
4/26/2026 18:49:07,1.17.3,FR5,75,3.86,nan,5,Left,Left,2155,263,430,0,nan,nan,0.31
4/26/2026 18:49:08,1.17.3,FR5,75,3.86,2,5,Pellet,Left,2155,263,431,0,0.06,26,nan
4/26/2026 19:38:02,1.17.3,FR5,75,3.86,nan,5,Right,Left,2155,264,431,0,nan,nan,0.04
4/26/2026 19:45:33,1.17.3,FR5,75,3.86,nan,5,Left,Left,2156,264,431,0,nan,nan,0.03
4/26/2026 19:53:07,1.17.3,FR5,75,3.87,nan,5,Left,Left,2157,264,431,0,nan,nan,0.80
4/26/2026 19:54:38,1.17.3,FR5,75,3.86,nan,5,Right,Left,2157,265,431,0,nan,nan,1.39
4/26/2026 19:54:42,1.17.3,FR5,75,3.86,nan,5,Right,Left,2157,266,431,0,nan,nan,1.09
4/26/2026 19:54:43,1.17.3,FR5,75,3.86,nan,5,Right,Left,2157,267,431,0,nan,nan,0.20
4/26/2026 19:59:51,1.17.3,FR5,75,3.86,nan,5,Left,Left,2158,267,431,0,nan,nan,0.27
4/26/2026 20:00:04,1.17.3,FR5,75,3.86,nan,5,Right,Left,2158,268,431,0,nan,nan,0.12
4/26/2026 20:07:26,1.17.3,FR5,75,3.86,nan,5,Left,Left,2159,268,431,0,nan,nan,0.03
4/26/2026 20:07:27,1.17.3,FR5,75,3.86,nan,5,Left,Left,2160,268,431,0,nan,nan,0.07
4/26/2026 20:07:27,1.17.3,FR5,75,3.86,nan,5,LeftDuringDispense,Left,2161,268,431,0,nan,nan,0.13
4/26/2026 20:07:33,1.17.3,FR5,75,3.86,3,5,Pellet,Left,2161,268,432,0,0.77,4705,nan
4/26/2026 20:07:51,1.17.3,FR5,75,3.86,nan,5,Left,Left,2162,268,432,0,nan,nan,0.13
4/26/2026 20:07:53,1.17.3,FR5,75,3.86,nan,5,Left,Left,2163,268,432,0,nan,nan,0.14
4/26/2026 20:07:54,1.17.3,FR5,75,3.85,nan,5,Left,Left,2164,268,432,0,nan,nan,0.05
4/26/2026 20:07:55,1.17.3,FR5,75,3.87,nan,5,Left,Left,2165,268,432,0,nan,nan,0.47
4/26/2026 20:07:55,1.17.3,FR5,75,3.86,nan,5,LeftDuringDispense,Left,2166,268,432,0,nan,nan,0.17
4/26/2026 20:07:59,1.17.3,FR5,75,3.86,2,5,Pellet,Left,2166,268,433,0,0.29,25,nan
4/26/2026 20:08:10,1.17.3,FR5,75,3.86,nan,5,Left,Left,2167,268,433,0,nan,nan,0.01
4/26/2026 20:08:12,1.17.3,FR5,75,3.86,nan,5,Left,Left,2168,268,433,0,nan,nan,0.06
4/26/2026 20:08:13,1.17.3,FR5,75,3.86,nan,5,Left,Left,2169,268,433,0,nan,nan,0.35
4/26/2026 20:08:15,1.17.3,FR5,75,3.86,nan,5,Left,Left,2170,268,433,0,nan,nan,0.09
4/26/2026 20:08:16,1.17.3,FR5,75,3.86,1,5,Pellet,Left,2170,268,434,0,0.17,18,nan
4/26/2026 20:08:33,1.17.3,FR5,75,3.86,nan,5,Left,Left,2171,268,434,0,nan,nan,0.10
4/26/2026 20:08:36,1.17.3,FR5,75,3.86,nan,5,Left,Left,2172,268,434,0,nan,nan,0.03
4/26/2026 20:08:40,1.17.3,FR5,75,3.87,nan,5,Left,Left,2173,268,434,0,nan,nan,0.11
4/26/2026 20:08:41,1.17.3,FR5,75,3.86,nan,5,Left,Left,2174,268,434,0,nan,nan,0.03
4/26/2026 20:08:51,1.17.3,FR5,75,3.86,nan,5,Left,Left,2175,268,434,0,nan,nan,0.25
4/26/2026 20:08:52,1.17.3,FR5,75,3.86,1,5,Pellet,Left,2175,268,435,0,0.11,36,nan
4/26/2026 20:09:06,1.17.3,FR5,75,3.86,nan,5,Left,Left,2176,268,435,0,nan,nan,0.06
4/26/2026 20:09:07,1.17.3,FR5,75,3.86,nan,5,Left,Left,2177,268,435,0,nan,nan,0.06
4/26/2026 20:09:08,1.17.3,FR5,75,3.85,nan,5,Left,Left,2178,268,435,0,nan,nan,0.44
4/26/2026 20:09:15,1.17.3,FR5,75,3.86,nan,5,Left,Left,2179,268,435,0,nan,nan,0.10
4/26/2026 20:09:16,1.17.3,FR5,75,3.86,nan,5,Left,Left,2180,268,435,0,nan,nan,0.00
4/26/2026 20:09:17,1.17.3,FR5,75,3.86,1,5,Pellet,Left,2180,268,436,0,0.11,25,nan
4/26/2026 20:09:30,1.17.3,FR5,75,3.85,nan,5,Left,Left,2181,268,436,0,nan,nan,0.22
4/26/2026 20:09:32,1.17.3,FR5,75,3.86,nan,5,Left,Left,2182,268,436,0,nan,nan,0.05
4/26/2026 20:09:37,1.17.3,FR5,75,3.86,nan,5,Left,Left,2183,268,436,0,nan,nan,0.06
4/26/2026 20:09:42,1.17.3,FR5,75,3.86,nan,5,Left,Left,2184,268,436,0,nan,nan,0.11
4/26/2026 20:09:50,1.17.3,FR5,75,3.86,nan,5,Right,Left,2184,269,436,0,nan,nan,0.04
4/26/2026 20:09:52,1.17.3,FR5,75,3.86,nan,5,Right,Left,2184,270,436,0,nan,nan,0.86
4/26/2026 20:22:59,1.17.3,FR5,75,3.86,nan,5,Left,Left,2185,270,436,0,nan,nan,0.22
4/26/2026 20:23:00,1.17.3,FR5,75,3.86,1,5,Pellet,Left,2185,270,437,0,0.35,823,nan
4/26/2026 20:23:20,1.17.3,FR5,75,3.86,nan,5,Left,Left,2186,270,437,0,nan,nan,0.04
4/26/2026 20:23:22,1.17.3,FR5,75,3.86,nan,5,Left,Left,2187,270,437,0,nan,nan,0.58
4/26/2026 20:23:24,1.17.3,FR5,75,3.86,nan,5,Left,Left,2188,270,437,0,nan,nan,0.00
4/26/2026 20:23:25,1.17.3,FR5,75,3.86,nan,5,Left,Left,2189,270,437,0,nan,nan,0.10
4/26/2026 20:23:33,1.17.3,FR5,75,3.86,nan,5,Left,Left,2190,270,437,0,nan,nan,0.28
4/26/2026 20:23:33,1.17.3,FR5,75,3.86,1,5,Pellet,Left,2190,270,438,0,0.17,33,nan
4/26/2026 20:23:47,1.17.3,FR5,75,3.86,nan,5,Left,Left,2191,270,438,0,nan,nan,0.27
4/26/2026 20:23:49,1.17.3,FR5,75,3.86,nan,5,Left,Left,2192,270,438,0,nan,nan,0.24
4/26/2026 20:23:53,1.17.3,FR5,75,3.86,nan,5,Left,Left,2193,270,438,0,nan,nan,0.40
4/26/2026 20:23:56,1.17.3,FR5,75,3.86,nan,5,Left,Left,2194,270,438,0,nan,nan,0.09
4/26/2026 20:24:12,1.17.3,FR5,75,3.87,nan,5,Left,Left,2195,270,438,0,nan,nan,0.13
4/26/2026 20:24:15,1.17.3,FR5,75,3.86,2,5,Pellet,Left,2195,270,439,0,0.23,42,nan
4/26/2026 20:25:43,1.17.3,FR5,75,3.86,nan,5,Right,Left,2195,271,439,0,nan,nan,0.19
