MM:DD:YYYY hh:mm:ss,Library_Version,Session_type,Device_Number,Battery_Voltage,Motor_Turns,FR,Event,Active_Poke,Left_Poke_Count,Right_Poke_Count,Pellet_Count,Block_Pellet_Count,Retrieval_Time,InterPelletInterval,Poke_Time
7/29/2026 12:37:28,1.17.3,FR5,64,4.05,nan,5,Left,Left,1,0,0,0,nan,nan,0.05
7/29/2026 12:38:12,1.17.3,FR5,64,4.05,nan,5,Left,Left,2,0,0,0,nan,nan,0.82
7/29/2026 14:13:41,1.17.3,FR5,64,4.05,nan,5,Left,Left,3,0,0,0,nan,nan,0.11
7/29/2026 14:13:42,1.17.3,FR5,64,4.05,nan,5,Left,Left,4,0,0,0,nan,nan,0.12
7/29/2026 14:13:43,1.17.3,FR5,64,4.05,nan,5,Left,Left,5,0,0,0,nan,nan,0.32
7/29/2026 14:13:47,1.17.3,FR5,64,4.04,2,5,Pellet,Left,5,0,1,0,1.01,nan,nan
7/29/2026 14:14:20,1.17.3,FR5,64,4.05,nan,5,Left,Left,6,0,1,0,nan,nan,0.05
7/29/2026 14:14:24,1.17.3,FR5,64,4.05,nan,5,Left,Left,7,0,1,0,nan,nan,0.14
7/29/2026 14:14:31,1.17.3,FR5,64,4.04,nan,5,Left,Left,8,0,1,0,nan,nan,0.52
7/29/2026 14:14:36,1.17.3,FR5,64,4.04,nan,5,Left,Left,9,0,1,0,nan,nan,0.25
7/29/2026 14:14:38,1.17.3,FR5,64,4.04,nan,5,Left,Left,10,0,1,0,nan,nan,0.33
7/29/2026 14:14:40,1.17.3,FR5,64,4.05,1,5,Pellet,Left,10,0,2,0,0.95,53,nan
7/29/2026 14:15:03,1.17.3,FR5,64,4.05,nan,5,Left,Left,11,0,2,0,nan,nan,0.25
7/29/2026 14:15:05,1.17.3,FR5,64,4.04,nan,5,Left,Left,12,0,2,0,nan,nan,0.23
7/29/2026 14:15:07,1.17.3,FR5,64,4.05,nan,5,Left,Left,13,0,2,0,nan,nan,0.23
7/29/2026 15:02:45,1.17.3,FR5,64,4.04,nan,5,Right,Left,13,1,2,0,nan,nan,0.09
7/29/2026 15:18:27,1.17.3,FR5,64,4.04,nan,5,Left,Left,14,1,2,0,nan,nan,0.29
7/29/2026 15:25:03,1.17.3,FR5,64,4.04,nan,5,Left,Left,15,1,2,0,nan,nan,0.25
7/29/2026 15:25:05,1.17.3,FR5,64,4.04,2,5,Pellet,Left,15,1,3,0,0.47,4225,nan
7/29/2026 15:25:46,1.17.3,FR5,64,4.04,nan,5,Left,Left,16,1,3,0,nan,nan,0.15
7/29/2026 15:25:51,1.17.3,FR5,64,4.04,nan,5,Left,Left,17,1,3,0,nan,nan,0.22
7/29/2026 15:25:53,1.17.3,FR5,64,4.04,nan,5,Left,Left,18,1,3,0,nan,nan,0.51
7/29/2026 15:25:56,1.17.3,FR5,64,4.04,nan,5,Left,Left,19,1,3,0,nan,nan,0.03
7/29/2026 15:26:18,1.17.3,FR5,64,4.05,nan,5,Right,Left,19,2,3,0,nan,nan,0.39
7/29/2026 15:38:53,1.17.3,FR5,64,4.04,nan,5,Left,Left,20,2,3,0,nan,nan,0.14
7/29/2026 15:38:54,1.17.3,FR5,64,4.03,1,5,Pellet,Left,20,2,4,0,0.65,829,nan
7/29/2026 15:39:29,1.17.3,FR5,64,4.04,nan,5,Left,Left,21,2,4,0,nan,nan,0.08
7/29/2026 15:39:30,1.17.3,FR5,64,4.05,nan,5,Left,Left,22,2,4,0,nan,nan,0.32
7/29/2026 15:39:33,1.17.3,FR5,64,4.05,nan,5,Left,Left,23,2,4,0,nan,nan,0.33
7/29/2026 15:39:36,1.17.3,FR5,64,4.04,nan,5,Left,Left,24,2,4,0,nan,nan,0.38
7/29/2026 15:39:42,1.17.3,FR5,64,4.04,nan,5,Left,Left,25,2,4,0,nan,nan,0.28
7/29/2026 15:39:43,1.17.3,FR5,64,4.04,1,5,Pellet,Left,25,2,5,0,0.23,49,nan
7/29/2026 15:40:18,1.17.3,FR5,64,4.04,nan,5,Left,Left,26,2,5,0,nan,nan,0.13
7/29/2026 15:40:23,1.17.3,FR5,64,4.04,nan,5,Left,Left,27,2,5,0,nan,nan,0.10
7/29/2026 15:41:26,1.17.3,FR5,64,4.05,nan,5,Left,Left,28,2,5,0,nan,nan,0.54
7/29/2026 16:25:24,1.17.3,FR5,64,4.04,nan,5,Left,Left,29,2,5,0,nan,nan,0.12
7/29/2026 16:25:25,1.17.3,FR5,64,4.04,nan,5,Left,Left,30,2,5,0,nan,nan,0.04
7/29/2026 16:25:27,1.17.3,FR5,64,4.03,1,5,Pellet,Left,30,2,6,0,0.59,2744,nan
7/29/2026 16:25:44,1.17.3,FR5,64,4.04,nan,5,Left,Left,31,2,6,0,nan,nan,0.06
7/29/2026 16:25:54,1.17.3,FR5,64,4.04,nan,5,Left,Left,32,2,6,0,nan,nan,0.28
7/29/2026 16:25:56,1.17.3,FR5,64,4.03,nan,5,Left,Left,33,2,6,0,nan,nan,0.39
7/29/2026 16:26:06,1.17.3,FR5,64,4.04,nan,5,Left,Left,34,2,6,0,nan,nan,0.89
7/29/2026 16:26:10,1.17.3,FR5,64,4.04,nan,5,Left,Left,35,2,6,0,nan,nan,0.11
7/29/2026 16:26:11,1.17.3,FR5,64,4.03,1,5,Pellet,Left,35,2,7,0,0.23,44,nan
7/29/2026 16:26:54,1.17.3,FR5,64,4.03,nan,5,Left,Left,36,2,7,0,nan,nan,0.35
7/29/2026 16:27:02,1.17.3,FR5,64,4.04,nan,5,Left,Left,37,2,7,0,nan,nan,0.02
7/29/2026 16:27:03,1.17.3,FR5,64,4.04,nan,5,Left,Left,38,2,7,0,nan,nan,0.19
7/29/2026 16:27:05,1.17.3,FR5,64,4.04,nan,5,Left,Left,39,2,7,0,nan,nan,0.19
7/29/2026 16:27:08,1.17.3,FR5,64,4.04,nan,5,Left,Left,40,2,7,0,nan,nan,0.44
7/29/2026 16:27:08,1.17.3,FR5,64,4.04,nan,5,LeftDuringDispense,Left,41,2,7,0,nan,nan,0.14
7/29/2026 16:27:12,1.17.3,FR5,64,4.04,2,5,Pellet,Left,41,2,8,0,0.59,61,nan
7/29/2026 16:52:44,1.17.3,FR5,64,4.04,nan,5,Left,Left,42,2,8,0,nan,nan,0.18
7/29/2026 16:52:46,1.17.3,FR5,64,4.04,nan,5,Left,Left,43,2,8,0,nan,nan,0.02
7/29/2026 17:13:36,1.17.3,FR5,64,4.03,nan,5,Left,Left,44,2,8,0,nan,nan,0.19
7/29/2026 17:13:37,1.17.3,FR5,64,4.03,nan,5,Left,Left,45,2,8,0,nan,nan,0.55
7/29/2026 17:13:41,1.17.3,FR5,64,4.03,2,5,Pellet,Left,45,2,9,0,0.35,2789,nan
7/29/2026 17:13:56,1.17.3,FR5,64,4.04,nan,5,Left,Left,46,2,9,0,nan,nan,0.07
7/29/2026 17:13:58,1.17.3,FR5,64,4.04,nan,5,Left,Left,47,2,9,0,nan,nan,0.08
7/29/2026 17:14:01,1.17.3,FR5,64,4.04,nan,5,Left,Left,48,2,9,0,nan,nan,0.12
7/29/2026 17:14:06,1.17.3,FR5,64,4.04,nan,5,Left,Left,49,2,9,0,nan,nan,0.72
7/29/2026 17:14:09,1.17.3,FR5,64,4.03,nan,5,Left,Left,50,2,9,0,nan,nan,0.29
7/29/2026 17:14:09,1.17.3,FR5,64,4.03,nan,5,LeftDuringDispense,Left,51,2,9,0,nan,nan,0.15
7/29/2026 17:14:13,1.17.3,FR5,64,4.04,2,5,Pellet,Left,51,2,10,0,1.19,32,nan
7/29/2026 17:14:46,1.17.3,FR5,64,4.03,nan,5,Left,Left,52,2,10,0,nan,nan,0.03
7/29/2026 17:14:50,1.17.3,FR5,64,4.03,nan,5,Left,Left,53,2,10,0,nan,nan,0.02
7/29/2026 17:14:51,1.17.3,FR5,64,4.04,nan,5,Left,Left,54,2,10,0,nan,nan,0.00
7/29/2026 17:14:56,1.17.3,FR5,64,4.04,nan,5,Left,Left,55,2,10,0,nan,nan,0.05
7/29/2026 17:14:56,1.17.3,FR5,64,4.04,nan,5,LeftDuringDispense,Left,56,2,10,0,nan,nan,0.17
7/29/2026 17:15:00,1.17.3,FR5,64,4.03,2,5,Pellet,Left,56,2,11,0,0.59,46,nan
7/29/2026 17:15:20,1.17.3,FR5,64,4.03,nan,5,Left,Left,57,2,11,0,nan,nan,0.16
7/29/2026 17:15:29,1.17.3,FR5,64,4.03,nan,5,Left,Left,58,2,11,0,nan,nan,0.43
7/29/2026 17:15:35,1.17.3,FR5,64,4.04,nan,5,Left,Left,59,2,11,0,nan,nan,0.70
7/29/2026 17:15:42,1.17.3,FR5,64,4.03,nan,5,Left,Left,60,2,11,0,nan,nan,0.00
7/29/2026 17:15:42,1.17.3,FR5,64,4.04,nan,5,LeftDuringDispense,Left,61,2,11,0,nan,nan,0.15
7/29/2026 17:15:46,1.17.3,FR5,64,4.03,3,5,Pellet,Left,61,2,12,0,0.41,47,nan
7/29/2026 17:16:03,1.17.3,FR5,64,4.04,nan,5,Left,Left,62,2,12,0,nan,nan,0.16
7/29/2026 17:16:07,1.17.3,FR5,64,4.03,nan,5,Left,Left,63,2,12,0,nan,nan,0.15
7/29/2026 17:16:08,1.17.3,FR5,64,4.04,nan,5,Left,Left,64,2,12,0,nan,nan,0.18
7/29/2026 17:55:26,1.17.3,FR5,64,4.04,nan,5,Left,Left,65,2,12,0,nan,nan,0.35
7/29/2026 17:55:27,1.17.3,FR5,64,4.04,1,5,Pellet,Left,65,2,13,0,0.41,2381,nan
7/29/2026 17:56:02,1.17.3,FR5,64,4.03,nan,5,Left,Left,66,2,13,0,nan,nan,0.52
7/29/2026 17:56:07,1.17.3,FR5,64,4.03,nan,5,Left,Left,67,2,13,0,nan,nan,1.54
7/29/2026 17:56:09,1.17.3,FR5,64,4.03,nan,5,Left,Left,68,2,13,0,nan,nan,0.38
7/29/2026 17:58:58,1.17.3,FR5,64,4.03,nan,5,Right,Left,68,3,13,0,nan,nan,0.37
7/29/2026 17:59:05,1.17.3,FR5,64,4.04,nan,5,Right,Left,68,4,13,0,nan,nan,0.10
7/29/2026 18:01:04,1.17.3,FR5,64,4.04,nan,5,Left,Left,69,4,13,0,nan,nan,0.10
7/29/2026 18:12:58,1.17.3,FR5,64,4.04,nan,5,Left,Left,70,4,13,0,nan,nan,0.40
7/29/2026 18:12:59,1.17.3,FR5,64,4.03,1,5,Pellet,Left,70,4,14,0,0.47,1052,nan
7/29/2026 18:13:14,1.17.3,FR5,64,4.03,nan,5,Left,Left,71,4,14,0,nan,nan,0.13
7/29/2026 18:13:16,1.17.3,FR5,64,4.03,nan,5,Left,Left,72,4,14,0,nan,nan,0.64
7/29/2026 18:13:25,1.17.3,FR5,64,4.03,nan,5,Left,Left,73,4,14,0,nan,nan,0.06
7/29/2026 18:13:26,1.17.3,FR5,64,4.04,nan,5,Left,Left,74,4,14,0,nan,nan,0.28
7/29/2026 18:13:34,1.17.3,FR5,64,4.03,nan,5,Left,Left,75,4,14,0,nan,nan,0.34
7/29/2026 18:13:35,1.17.3,FR5,64,4.03,1,5,Pellet,Left,75,4,15,0,0.11,36,nan
7/29/2026 18:13:52,1.17.3,FR5,64,4.03,nan,5,Left,Left,76,4,15,0,nan,nan,0.10
7/29/2026 18:13:58,1.17.3,FR5,64,4.03,nan,5,Left,Left,77,4,15,0,nan,nan,0.50
7/29/2026 18:14:03,1.17.3,FR5,64,4.03,nan,5,Left,Left,78,4,15,0,nan,nan,0.46
7/29/2026 18:14:05,1.17.3,FR5,64,4.03,nan,5,Left,Left,79,4,15,0,nan,nan,0.42
7/29/2026 18:14:06,1.17.3,FR5,64,4.03,nan,5,Left,Left,80,4,15,0,nan,nan,0.00
7/29/2026 18:14:18,1.17.3,FR5,64,4.03,2,5,Pellet,Left,80,4,16,0,9.58,43,nan
7/29/2026 18:14:41,1.17.3,FR5,64,4.03,nan,5,Left,Left,81,4,16,0,nan,nan,0.25
7/29/2026 18:14:47,1.17.3,FR5,64,4.03,nan,5,Left,Left,82,4,16,0,nan,nan,0.02
7/29/2026 18:24:43,1.17.3,FR5,64,4.03,nan,5,Left,Left,83,4,16,0,nan,nan,0.30
7/29/2026 18:24:59,1.17.3,FR5,64,4.03,nan,5,Right,Left,83,5,16,0,nan,nan,0.14
7/29/2026 18:25:15,1.17.3,FR5,64,4.03,nan,5,Left,Left,84,5,16,0,nan,nan,0.35
7/29/2026 18:25:16,1.17.3,FR5,64,4.03,nan,5,Left,Left,85,5,16,0,nan,nan,0.68
7/29/2026 18:25:18,1.17.3,FR5,64,4.03,2,5,Pellet,Left,85,5,17,0,0.47,660,nan
7/29/2026 18:25:40,1.17.3,FR5,64,4.03,nan,5,Left,Left,86,5,17,0,nan,nan,0.18
7/29/2026 18:25:42,1.17.3,FR5,64,4.03,nan,5,Left,Left,87,5,17,0,nan,nan,0.53
7/29/2026 18:25:44,1.17.3,FR5,64,4.03,nan,5,Left,Left,88,5,17,0,nan,nan,0.16
7/29/2026 18:25:49,1.17.3,FR5,64,4.03,nan,5,Left,Left,89,5,17,0,nan,nan,0.26
7/29/2026 18:25:52,1.17.3,FR5,64,4.03,nan,5,Left,Left,90,5,17,0,nan,nan,0.04
7/29/2026 18:25:53,1.17.3,FR5,64,4.03,2,5,Pellet,Left,90,5,18,0,0.17,35,nan
7/29/2026 18:26:28,1.17.3,FR5,64,4.03,nan,5,Left,Left,91,5,18,0,nan,nan,0.07
7/29/2026 19:03:50,1.17.3,FR5,64,4.03,nan,5,Left,Left,92,5,18,0,nan,nan,0.49
7/29/2026 19:03:51,1.17.3,FR5,64,4.03,nan,5,Left,Left,93,5,18,0,nan,nan,0.00
7/29/2026 19:12:35,1.17.3,FR5,64,4.03,nan,5,Right,Left,93,6,18,0,nan,nan,0.46
7/29/2026 19:13:48,1.17.3,FR5,64,4.03,nan,5,Left,Left,94,6,18,0,nan,nan,0.00
7/29/2026 19:16:45,1.17.3,FR5,64,4.03,nan,5,Left,Left,95,6,18,0,nan,nan,0.33
7/29/2026 19:16:46,1.17.3,FR5,64,4.03,1,5,Pellet,Left,95,6,19,0,0.47,3053,nan
7/29/2026 19:17:13,1.17.3,FR5,64,4.03,nan,5,Left,Left,96,6,19,0,nan,nan,0.90
7/29/2026 19:17:15,1.17.3,FR5,64,4.03,nan,5,Left,Left,97,6,19,0,nan,nan,0.34
7/29/2026 19:17:18,1.17.3,FR5,64,4.03,nan,5,Left,Left,98,6,19,0,nan,nan,0.41
7/29/2026 19:17:20,1.17.3,FR5,64,4.03,nan,5,Left,Left,99,6,19,0,nan,nan,0.50
7/29/2026 19:17:22,1.17.3,FR5,64,4.03,nan,5,Left,Left,100,6,19,0,nan,nan,0.41
7/29/2026 19:17:23,1.17.3,FR5,64,4.03,2,5,Pellet,Left,100,6,20,0,0.06,37,nan
7/29/2026 19:17:53,1.17.3,FR5,64,4.03,nan,5,Left,Left,101,6,20,0,nan,nan,0.23
7/29/2026 19:17:55,1.17.3,FR5,64,4.03,nan,5,Left,Left,102,6,20,0,nan,nan,0.29
7/29/2026 19:17:57,1.17.3,FR5,64,4.03,nan,5,Left,Left,103,6,20,0,nan,nan,0.23
7/29/2026 19:19:11,1.17.3,FR5,64,4.03,nan,5,Left,Left,104,6,20,0,nan,nan,0.22
7/29/2026 19:19:14,1.17.3,FR5,64,4.03,nan,5,Left,Left,105,6,20,0,nan,nan,0.17
7/29/2026 19:19:16,1.17.3,FR5,64,4.03,1,5,Pellet,Left,105,6,21,0,1.31,113,nan
7/29/2026 19:19:44,1.17.3,FR5,64,4.03,nan,5,Left,Left,106,6,21,0,nan,nan,0.10
7/29/2026 19:19:47,1.17.3,FR5,64,4.03,nan,5,Left,Left,107,6,21,0,nan,nan,0.09
7/29/2026 19:19:57,1.17.3,FR5,64,4.03,nan,5,Left,Left,108,6,21,0,nan,nan,0.16
7/29/2026 19:19:58,1.17.3,FR5,64,4.03,nan,5,Left,Left,109,6,21,0,nan,nan,0.02
7/29/2026 19:27:18,1.17.3,FR5,64,4.03,nan,5,Left,Left,110,6,21,0,nan,nan,0.17
7/29/2026 19:27:20,1.17.3,FR5,64,4.03,1,5,Pellet,Left,110,6,22,0,1.07,484,nan
7/29/2026 19:27:45,1.17.3,FR5,64,4.03,nan,5,Left,Left,111,6,22,0,nan,nan,0.78
7/29/2026 19:27:50,1.17.3,FR5,64,4.03,nan,5,Left,Left,112,6,22,0,nan,nan,0.15
7/29/2026 19:27:52,1.17.3,FR5,64,4.03,nan,5,Left,Left,113,6,22,0,nan,nan,0.09
7/29/2026 19:28:04,1.17.3,FR5,64,4.03,nan,5,Left,Left,114,6,22,0,nan,nan,0.03
7/29/2026 19:37:34,1.17.3,FR5,64,4.03,nan,5,Left,Left,115,6,22,0,nan,nan,0.53
7/29/2026 19:37:35,1.17.3,FR5,64,4.03,1,5,Pellet,Left,115,6,23,0,0.47,615,nan
7/29/2026 19:38:10,1.17.3,FR5,64,4.03,nan,5,Left,Left,116,6,23,0,nan,nan,0.23
7/29/2026 19:38:14,1.17.3,FR5,64,4.03,nan,5,Left,Left,117,6,23,0,nan,nan,0.11
7/29/2026 19:38:17,1.17.3,FR5,64,4.03,nan,5,Left,Left,118,6,23,0,nan,nan,0.31
7/29/2026 19:38:19,1.17.3,FR5,64,4.04,nan,5,Left,Left,119,6,23,0,nan,nan,0.77
7/29/2026 19:38:22,1.17.3,FR5,64,4.03,nan,5,Left,Left,120,6,23,0,nan,nan,0.24
7/29/2026 19:38:23,1.17.3,FR5,64,4.03,nan,5,LeftDuringDispense,Left,121,6,23,0,nan,nan,0.01
7/29/2026 19:38:26,1.17.3,FR5,64,4.03,2,5,Pellet,Left,121,6,24,0,0.65,51,nan
7/29/2026 19:47:51,1.17.3,FR5,64,4.03,nan,5,Left,Left,122,6,24,0,nan,nan,0.46
7/29/2026 19:52:14,1.17.3,FR5,64,4.03,nan,5,Right,Left,122,7,24,0,nan,nan,0.20
7/29/2026 19:54:56,1.17.3,FR5,64,4.03,nan,5,Left,Left,123,7,24,0,nan,nan,0.16
7/29/2026 19:55:00,1.17.3,FR5,64,4.03,nan,5,Left,Left,124,7,24,0,nan,nan,0.21
7/29/2026 19:59:10,1.17.3,FR5,64,4.03,nan,5,Left,Left,125,7,24,0,nan,nan,0.05
7/29/2026 19:59:11,1.17.3,FR5,64,4.03,1,5,Pellet,Left,125,7,25,0,0.53,1245,nan
7/29/2026 20:00:08,1.17.3,FR5,64,4.03,nan,5,Left,Left,126,7,25,0,nan,nan,0.08
7/29/2026 20:01:20,1.17.3,FR5,64,4.03,nan,5,Left,Left,127,7,25,0,nan,nan,0.13
7/29/2026 20:01:22,1.17.3,FR5,64,4.03,nan,5,Left,Left,128,7,25,0,nan,nan,0.04
7/29/2026 20:01:37,1.17.3,FR5,64,4.03,nan,5,Left,Left,129,7,25,0,nan,nan,0.08
7/29/2026 20:11:11,1.17.3,FR5,64,4.03,nan,5,Right,Left,129,8,25,0,nan,nan,0.42
7/29/2026 20:11:13,1.17.3,FR5,64,4.03,nan,5,Left,Left,130,8,25,0,nan,nan,0.29
7/29/2026 20:11:14,1.17.3,FR5,64,4.03,2,5,Pellet,Left,130,8,26,0,0.06,723,nan
7/29/2026 20:11:29,1.17.3,FR5,64,4.03,nan,5,Left,Left,131,8,26,0,nan,nan,0.03
7/29/2026 20:11:37,1.17.3,FR5,64,4.03,nan,5,Left,Left,132,8,26,0,nan,nan,0.03
7/29/2026 20:11:40,1.17.3,FR5,64,4.03,nan,5,Left,Left,133,8,26,0,nan,nan,0.26
7/29/2026 20:11:44,1.17.3,FR5,64,4.03,nan,5,Left,Left,134,8,26,0,nan,nan,0.32
7/29/2026 20:11:50,1.17.3,FR5,64,4.03,nan,5,Left,Left,135,8,26,0,nan,nan,0.40
7/29/2026 20:12:05,1.17.3,FR5,64,4.03,3,5,Pellet,Left,135,8,27,0,11.69,51,nan
7/29/2026 20:12:19,1.17.3,FR5,64,4.03,nan,5,Left,Left,136,8,27,0,nan,nan,0.16
7/29/2026 20:12:21,1.17.3,FR5,64,4.03,nan,5,Left,Left,137,8,27,0,nan,nan,0.03
7/29/2026 20:12:42,1.17.3,FR5,64,4.03,nan,5,Right,Left,137,9,27,0,nan,nan,0.34
7/29/2026 20:12:44,1.17.3,FR5,64,4.03,nan,5,Left,Left,138,9,27,0,nan,nan,0.20
7/29/2026 20:12:47,1.17.3,FR5,64,4.03,nan,5,Left,Left,139,9,27,0,nan,nan,0.16
7/29/2026 20:12:51,1.17.3,FR5,64,4.03,nan,5,Right,Left,139,10,27,0,nan,nan,0.15
7/29/2026 20:12:53,1.17.3,FR5,64,4.03,nan,5,Left,Left,140,10,27,0,nan,nan,0.28
7/29/2026 20:12:55,1.17.3,FR5,64,4.03,2,5,Pellet,Left,140,10,28,0,0.06,50,nan
7/29/2026 20:13:10,1.17.3,FR5,64,4.03,nan,5,Left,Left,141,10,28,0,nan,nan,0.29
7/29/2026 20:13:12,1.17.3,FR5,64,4.03,nan,5,Left,Left,142,10,28,0,nan,nan,0.31
7/29/2026 20:13:13,1.17.3,FR5,64,4.03,nan,5,Left,Left,143,10,28,0,nan,nan,0.01
7/29/2026 20:22:49,1.17.3,FR5,64,4.03,nan,5,Left,Left,144,10,28,0,nan,nan,0.02
7/29/2026 20:22:50,1.17.3,FR5,64,4.03,nan,5,Left,Left,145,10,28,0,nan,nan,0.02
7/29/2026 20:22:52,1.17.3,FR5,64,4.03,2,5,Pellet,Left,145,10,29,0,0.35,596,nan
7/29/2026 20:23:24,1.17.3,FR5,64,4.03,nan,5,Left,Left,146,10,29,0,nan,nan,0.76
7/29/2026 20:23:27,1.17.3,FR5,64,4.03,nan,5,Left,Left,147,10,29,0,nan,nan,0.62
7/29/2026 20:23:29,1.17.3,FR5,64,4.03,nan,5,Left,Left,148,10,29,0,nan,nan,0.27
7/29/2026 20:23:31,1.17.3,FR5,64,4.03,nan,5,Left,Left,149,10,29,0,nan,nan,0.37
7/29/2026 20:23:33,1.17.3,FR5,64,4.03,nan,5,Left,Left,150,10,29,0,nan,nan,0.67
7/29/2026 20:23:34,1.17.3,FR5,64,4.03,2,5,Pellet,Left,150,10,30,0,0.12,43,nan
7/29/2026 20:24:06,1.17.3,FR5,64,4.03,nan,5,Left,Left,151,10,30,0,nan,nan,0.07
7/29/2026 20:24:07,1.17.3,FR5,64,4.03,nan,5,Left,Left,152,10,30,0,nan,nan,0.04
7/29/2026 20:24:10,1.17.3,FR5,64,4.03,nan,5,Left,Left,153,10,30,0,nan,nan,0.02
7/29/2026 20:24:12,1.17.3,FR5,64,4.03,nan,5,Left,Left,154,10,30,0,nan,nan,0.14
7/29/2026 20:24:13,1.17.3,FR5,64,4.03,nan,5,Left,Left,155,10,30,0,nan,nan,0.01
7/29/2026 20:24:14,1.17.3,FR5,64,4.03,1,5,Pellet,Left,155,10,31,0,0.12,40,nan
7/29/2026 20:28:40,1.17.3,FR5,64,4.03,nan,5,Left,Left,156,10,31,0,nan,nan,0.33
7/29/2026 20:31:02,1.17.3,FR5,64,4.03,nan,5,Left,Left,157,10,31,0,nan,nan,0.19
7/29/2026 20:43:53,1.17.3,FR5,64,4.03,nan,5,Left,Left,158,10,31,0,nan,nan,0.18
7/29/2026 20:43:54,1.17.3,FR5,64,4.02,nan,5,Left,Left,159,10,31,0,nan,nan,0.08
7/29/2026 20:43:57,1.17.3,FR5,64,4.03,nan,5,Left,Left,160,10,31,0,nan,nan,0.25
7/29/2026 20:43:57,1.17.3,FR5,64,4.03,1,5,Pellet,Left,160,10,32,0,0.11,1183,nan
7/29/2026 20:44:10,1.17.3,FR5,64,4.03,nan,5,Left,Left,161,10,32,0,nan,nan,0.13
7/29/2026 20:44:12,1.17.3,FR5,64,4.03,nan,5,Left,Left,162,10,32,0,nan,nan,0.21
7/29/2026 20:44:16,1.17.3,FR5,64,4.03,nan,5,Left,Left,163,10,32,0,nan,nan,0.13
7/29/2026 20:46:42,1.17.3,FR5,64,4.03,nan,5,Left,Left,164,10,32,0,nan,nan,0.14
7/29/2026 20:47:27,1.17.3,FR5,64,4.03,nan,5,Left,Left,165,10,32,0,nan,nan,0.22
7/29/2026 20:47:28,1.17.3,FR5,64,4.03,2,5,Pellet,Left,165,10,33,0,0.11,211,nan
7/29/2026 20:47:50,1.17.3,FR5,64,4.03,nan,5,Left,Left,166,10,33,0,nan,nan,0.17
7/29/2026 20:47:51,1.17.3,FR5,64,4.03,nan,5,Left,Left,167,10,33,0,nan,nan,0.16
7/29/2026 20:48:01,1.17.3,FR5,64,4.03,nan,5,Left,Left,168,10,33,0,nan,nan,0.16
7/29/2026 20:48:02,1.17.3,FR5,64,4.03,nan,5,Left,Left,169,10,33,0,nan,nan,0.15
7/29/2026 20:48:03,1.17.3,FR5,64,4.03,nan,5,Left,Left,170,10,33,0,nan,nan,0.20
7/29/2026 20:48:04,1.17.3,FR5,64,4.03,1,5,Pellet,Left,170,10,34,0,0.23,36,nan
7/29/2026 20:48:17,1.17.3,FR5,64,4.03,nan,5,Left,Left,171,10,34,0,nan,nan,0.26
7/29/2026 20:48:20,1.17.3,FR5,64,4.03,nan,5,Left,Left,172,10,34,0,nan,nan,0.28
7/29/2026 20:48:22,1.17.3,FR5,64,4.03,nan,5,Left,Left,173,10,34,0,nan,nan,0.18
7/29/2026 20:48:25,1.17.3,FR5,64,4.03,nan,5,Left,Left,174,10,34,0,nan,nan,0.26
7/29/2026 20:48:29,1.17.3,FR5,64,4.03,nan,5,Left,Left,175,10,34,0,nan,nan,0.52
7/29/2026 20:48:30,1.17.3,FR5,64,4.03,1,5,Pellet,Left,175,10,35,0,0.12,26,nan
7/29/2026 20:48:48,1.17.3,FR5,64,4.03,nan,5,Left,Left,176,10,35,0,nan,nan,0.37
7/29/2026 20:48:50,1.17.3,FR5,64,4.03,nan,5,Left,Left,177,10,35,0,nan,nan,0.27
7/29/2026 20:49:02,1.17.3,FR5,64,4.03,nan,5,Left,Left,178,10,35,0,nan,nan,0.18
7/29/2026 20:49:02,1.17.3,FR5,64,4.03,nan,5,Left,Left,179,10,35,0,nan,nan,0.06
7/29/2026 20:49:12,1.17.3,FR5,64,4.03,nan,5,Left,Left,180,10,35,0,nan,nan,0.21
7/29/2026 20:49:14,1.17.3,FR5,64,4.03,1,5,Pellet,Left,180,10,36,0,0.83,44,nan
7/29/2026 21:01:53,1.17.3,FR5,64,4.03,nan,5,Left,Left,181,10,36,0,nan,nan,0.05
7/29/2026 21:01:55,1.17.3,FR5,64,4.03,nan,5,Left,Left,182,10,36,0,nan,nan,0.65
7/29/2026 21:02:57,1.17.3,FR5,64,4.03,nan,5,Left,Left,183,10,36,0,nan,nan,0.24
7/29/2026 21:03:38,1.17.3,FR5,64,4.03,nan,5,Left,Left,184,10,36,0,nan,nan,0.13
7/29/2026 21:03:43,1.17.3,FR5,64,4.03,nan,5,Left,Left,185,10,36,0,nan,nan,0.24
7/29/2026 21:03:44,1.17.3,FR5,64,4.03,1,5,Pellet,Left,185,10,37,0,0.23,870,nan
7/29/2026 21:06:51,1.17.3,FR5,64,4.03,nan,5,Left,Left,186,10,37,0,nan,nan,0.26
7/29/2026 21:06:59,1.17.3,FR5,64,4.03,nan,5,Left,Left,187,10,37,0,nan,nan,0.17
7/29/2026 21:13:38,1.17.3,FR5,64,4.03,nan,5,Left,Left,188,10,37,0,nan,nan,0.65
7/29/2026 21:13:46,1.17.3,FR5,64,4.03,nan,5,Left,Left,189,10,37,0,nan,nan,0.32
7/29/2026 21:13:51,1.17.3,FR5,64,4.03,nan,5,Left,Left,190,10,37,0,nan,nan,0.25
7/29/2026 21:13:52,1.17.3,FR5,64,4.03,2,5,Pellet,Left,190,10,38,0,0.06,608,nan
7/29/2026 21:14:11,1.17.3,FR5,64,4.02,nan,5,Left,Left,191,10,38,0,nan,nan,0.03
7/29/2026 21:14:13,1.17.3,FR5,64,4.03,nan,5,Left,Left,192,10,38,0,nan,nan,0.28
7/29/2026 21:14:15,1.17.3,FR5,64,4.03,nan,5,Left,Left,193,10,38,0,nan,nan,0.46
7/29/2026 21:14:17,1.17.3,FR5,64,4.03,nan,5,Left,Left,194,10,38,0,nan,nan,0.47
7/29/2026 21:14:21,1.17.3,FR5,64,4.03,nan,5,Left,Left,195,10,38,0,nan,nan,0.29
7/29/2026 21:14:23,1.17.3,FR5,64,4.03,1,5,Pellet,Left,195,10,39,0,0.35,30,nan
7/29/2026 21:14:35,1.17.3,FR5,64,4.03,nan,5,Left,Left,196,10,39,0,nan,nan,0.15
7/29/2026 21:14:52,1.17.3,FR5,64,4.03,nan,5,Left,Left,197,10,39,0,nan,nan,0.37
7/29/2026 21:14:59,1.17.3,FR5,64,4.03,nan,5,Left,Left,198,10,39,0,nan,nan,0.21
7/29/2026 21:17:36,1.17.3,FR5,64,4.03,nan,5,Left,Left,199,10,39,0,nan,nan,0.39
7/29/2026 21:17:44,1.17.3,FR5,64,4.03,nan,5,Left,Left,200,10,39,0,nan,nan,0.09
7/29/2026 21:17:45,1.17.3,FR5,64,4.03,2,5,Pellet,Left,200,10,40,0,0.23,203,nan
7/29/2026 21:18:10,1.17.3,FR5,64,4.03,nan,5,Left,Left,201,10,40,0,nan,nan,0.15
7/29/2026 21:18:12,1.17.3,FR5,64,4.03,nan,5,Left,Left,202,10,40,0,nan,nan,0.53
7/29/2026 21:18:14,1.17.3,FR5,64,4.03,nan,5,Left,Left,203,10,40,0,nan,nan,0.25
7/29/2026 21:18:15,1.17.3,FR5,64,4.03,nan,5,Left,Left,204,10,40,0,nan,nan,0.23
7/29/2026 21:18:16,1.17.3,FR5,64,4.03,nan,5,Left,Left,205,10,40,0,nan,nan,0.21
7/29/2026 21:18:17,1.17.3,FR5,64,4.03,1,5,Pellet,Left,205,10,41,0,0.35,32,nan
7/29/2026 21:35:57,1.17.3,FR5,64,4.03,nan,5,Left,Left,206,10,41,0,nan,nan,0.25
7/29/2026 21:35:58,1.17.3,FR5,64,4.03,nan,5,Left,Left,207,10,41,0,nan,nan,0.10
7/29/2026 21:36:03,1.17.3,FR5,64,4.03,nan,5,Left,Left,208,10,41,0,nan,nan,0.37
7/29/2026 21:36:10,1.17.3,FR5,64,4.03,nan,5,Left,Left,209,10,41,0,nan,nan,0.35
7/29/2026 21:36:12,1.17.3,FR5,64,4.03,nan,5,Left,Left,210,10,41,0,nan,nan,0.98
7/29/2026 21:36:13,1.17.3,FR5,64,4.03,1,5,Pellet,Left,210,10,42,0,0.17,1076,nan
7/29/2026 21:36:33,1.17.3,FR5,64,4.03,nan,5,Left,Left,211,10,42,0,nan,nan,0.08
7/29/2026 21:57:16,1.17.3,FR5,64,4.03,nan,5,Left,Left,212,10,42,0,nan,nan,0.04
7/29/2026 22:00:19,1.17.3,FR5,64,4.03,nan,5,Left,Left,213,10,42,0,nan,nan,0.13
7/29/2026 22:00:25,1.17.3,FR5,64,4.03,nan,5,Left,Left,214,10,42,0,nan,nan,0.21
7/29/2026 22:00:29,1.17.3,FR5,64,4.03,nan,5,Left,Left,215,10,42,0,nan,nan,0.23
7/29/2026 22:00:30,1.17.3,FR5,64,4.02,1,5,Pellet,Left,215,10,43,0,0.59,1457,nan
7/29/2026 22:00:47,1.17.3,FR5,64,4.03,nan,5,Left,Left,216,10,43,0,nan,nan,0.22
7/29/2026 22:00:49,1.17.3,FR5,64,4.03,nan,5,Left,Left,217,10,43,0,nan,nan,0.17
7/29/2026 22:01:58,1.17.3,FR5,64,4.03,nan,5,Left,Left,218,10,43,0,nan,nan,0.07
7/29/2026 22:03:23,1.17.3,FR5,64,4.03,nan,5,Left,Left,219,10,43,0,nan,nan,0.08
7/29/2026 22:03:24,1.17.3,FR5,64,4.03,nan,5,Left,Left,220,10,43,0,nan,nan,0.37
7/29/2026 22:03:26,1.17.3,FR5,64,4.02,1,5,Pellet,Left,220,10,44,0,0.35,176,nan
7/29/2026 22:03:43,1.17.3,FR5,64,4.02,nan,5,Left,Left,221,10,44,0,nan,nan,0.46
7/29/2026 22:03:45,1.17.3,FR5,64,4.02,nan,5,Left,Left,222,10,44,0,nan,nan,0.29
7/29/2026 22:03:47,1.17.3,FR5,64,4.02,nan,5,Left,Left,223,10,44,0,nan,nan,0.45
7/29/2026 22:03:49,1.17.3,FR5,64,4.02,nan,5,Left,Left,224,10,44,0,nan,nan,0.12
7/29/2026 22:03:53,1.17.3,FR5,64,4.03,nan,5,Left,Left,225,10,44,0,nan,nan,0.42
7/29/2026 22:03:54,1.17.3,FR5,64,4.03,2,5,Pellet,Left,225,10,45,0,0.17,28,nan
7/29/2026 22:04:09,1.17.3,FR5,64,4.03,nan,5,Left,Left,226,10,45,0,nan,nan,0.31
7/29/2026 22:04:29,1.17.3,FR5,64,4.03,nan,5,Right,Left,226,11,45,0,nan,nan,0.33
7/29/2026 22:04:32,1.17.3,FR5,64,4.03,nan,5,Left,Left,227,11,45,0,nan,nan,0.13
7/29/2026 22:04:40,1.17.3,FR5,64,4.02,nan,5,Right,Left,227,12,45,0,nan,nan,0.05
7/29/2026 22:04:43,1.17.3,FR5,64,4.03,nan,5,Left,Left,228,12,45,0,nan,nan,0.37
7/29/2026 22:04:47,1.17.3,FR5,64,4.03,nan,5,Left,Left,229,12,45,0,nan,nan,0.30
7/29/2026 22:04:48,1.17.3,FR5,64,4.02,nan,5,Left,Left,230,12,45,0,nan,nan,0.18
7/29/2026 22:04:49,1.17.3,FR5,64,4.03,2,5,Pellet,Left,230,12,46,0,0.12,54,nan
7/29/2026 22:05:08,1.17.3,FR5,64,4.03,nan,5,Left,Left,231,12,46,0,nan,nan,0.08
7/29/2026 22:05:14,1.17.3,FR5,64,4.02,nan,5,Left,Left,232,12,46,0,nan,nan,0.48
7/29/2026 22:05:36,1.17.3,FR5,64,4.02,nan,5,Left,Left,233,12,46,0,nan,nan,0.14
7/29/2026 22:05:45,1.17.3,FR5,64,4.03,nan,5,Left,Left,234,12,46,0,nan,nan,0.24
7/29/2026 22:05:48,1.17.3,FR5,64,4.03,nan,5,Left,Left,235,12,46,0,nan,nan,0.05
7/29/2026 22:05:49,1.17.3,FR5,64,4.02,1,5,Pellet,Left,235,12,47,0,1.07,61,nan
7/29/2026 22:13:12,1.17.3,FR5,64,4.02,nan,5,Right,Left,235,13,47,0,nan,nan,0.07
7/29/2026 22:13:17,1.17.3,FR5,64,4.02,nan,5,Left,Left,236,13,47,0,nan,nan,0.26
7/29/2026 22:13:21,1.17.3,FR5,64,4.03,nan,5,Right,Left,236,14,47,0,nan,nan,0.27
7/29/2026 22:18:50,1.17.3,FR5,64,4.03,nan,5,Right,Left,236,15,47,0,nan,nan,0.10
7/29/2026 22:18:55,1.17.3,FR5,64,4.03,nan,5,Left,Left,237,15,47,0,nan,nan,0.02
7/29/2026 22:18:59,1.17.3,FR5,64,4.03,nan,5,Left,Left,238,15,47,0,nan,nan,0.28
7/29/2026 22:19:01,1.17.3,FR5,64,4.03,nan,5,Left,Left,239,15,47,0,nan,nan,0.10
7/29/2026 22:19:08,1.17.3,FR5,64,4.03,nan,5,Left,Left,240,15,47,0,nan,nan,0.00
7/29/2026 22:19:09,1.17.3,FR5,64,4.02,1,5,Pellet,Left,240,15,48,0,0.23,800,nan
7/29/2026 22:21:32,1.17.3,FR5,64,4.03,nan,5,Left,Left,241,15,48,0,nan,nan,0.07
7/29/2026 22:21:39,1.17.3,FR5,64,4.02,nan,5,Left,Left,242,15,48,0,nan,nan,0.23
7/29/2026 22:23:44,1.17.3,FR5,64,4.03,nan,5,Left,Left,243,15,48,0,nan,nan,0.29
7/29/2026 22:36:44,1.17.3,FR5,64,4.03,nan,5,Right,Left,243,16,48,0,nan,nan,0.67
7/29/2026 22:36:48,1.17.3,FR5,64,4.03,nan,5,Left,Left,244,16,48,0,nan,nan,0.04
7/29/2026 22:37:13,1.17.3,FR5,64,4.02,nan,5,Left,Left,245,16,48,0,nan,nan,0.16
7/29/2026 22:37:14,1.17.3,FR5,64,4.03,2,5,Pellet,Left,245,16,49,0,0.06,1085,nan
7/29/2026 22:37:39,1.17.3,FR5,64,4.02,nan,5,Left,Left,246,16,49,0,nan,nan,0.15
7/29/2026 22:37:41,1.17.3,FR5,64,4.02,nan,5,Left,Left,247,16,49,0,nan,nan,0.18
7/29/2026 22:37:49,1.17.3,FR5,64,4.02,nan,5,Left,Left,248,16,49,0,nan,nan,0.43
7/29/2026 22:37:50,1.17.3,FR5,64,4.03,nan,5,Left,Left,249,16,49,0,nan,nan,0.37
7/29/2026 22:37:54,1.17.3,FR5,64,4.02,nan,5,Left,Left,250,16,49,0,nan,nan,0.39
7/29/2026 22:37:55,1.17.3,FR5,64,4.02,1,5,Pellet,Left,250,16,50,0,0.41,41,nan
7/29/2026 22:38:17,1.17.3,FR5,64,4.02,nan,5,Left,Left,251,16,50,0,nan,nan,0.08
7/29/2026 22:40:42,1.17.3,FR5,64,4.02,nan,5,Left,Left,252,16,50,0,nan,nan,0.04
7/29/2026 22:42:46,1.17.3,FR5,64,4.03,nan,5,Left,Left,253,16,50,0,nan,nan,0.14
7/29/2026 22:46:24,1.17.3,FR5,64,4.03,nan,5,Left,Left,254,16,50,0,nan,nan,0.09
7/29/2026 22:47:55,1.17.3,FR5,64,4.02,nan,5,Left,Left,255,16,50,0,nan,nan,0.16
7/29/2026 22:47:57,1.17.3,FR5,64,4.02,2,5,Pellet,Left,255,16,51,0,0.06,601,nan
7/29/2026 22:48:20,1.17.3,FR5,64,4.02,nan,5,Left,Left,256,16,51,0,nan,nan,0.40
7/29/2026 22:48:25,1.17.3,FR5,64,4.02,nan,5,Left,Left,257,16,51,0,nan,nan,0.42
7/29/2026 22:48:30,1.17.3,FR5,64,4.02,nan,5,Right,Left,257,17,51,0,nan,nan,0.09
7/29/2026 22:48:32,1.17.3,FR5,64,4.02,nan,5,Left,Left,258,17,51,0,nan,nan,0.21
7/29/2026 22:48:36,1.17.3,FR5,64,4.02,nan,5,Left,Left,259,17,51,0,nan,nan,0.17
7/29/2026 22:48:46,1.17.3,FR5,64,4.02,nan,5,Left,Left,260,17,51,0,nan,nan,0.21
7/29/2026 22:48:47,1.17.3,FR5,64,4.02,1,5,Pellet,Left,260,17,52,0,0.06,51,nan
7/29/2026 22:50:24,1.17.3,FR5,64,4.03,nan,5,Left,Left,261,17,52,0,nan,nan,0.09
7/29/2026 22:50:27,1.17.3,FR5,64,4.02,nan,5,Left,Left,262,17,52,0,nan,nan,0.26
7/29/2026 22:50:30,1.17.3,FR5,64,4.02,nan,5,Right,Left,262,18,52,0,nan,nan,0.08
7/29/2026 22:50:31,1.17.3,FR5,64,4.03,nan,5,Left,Left,263,18,52,0,nan,nan,0.20
7/29/2026 22:50:32,1.17.3,FR5,64,4.02,nan,5,Left,Left,264,18,52,0,nan,nan,0.03
7/29/2026 22:50:33,1.17.3,FR5,64,4.03,nan,5,Left,Left,265,18,52,0,nan,nan,0.14
7/29/2026 22:50:34,1.17.3,FR5,64,4.03,1,5,Pellet,Left,265,18,53,0,0.06,107,nan
7/29/2026 22:51:06,1.17.3,FR5,64,4.02,nan,5,Left,Left,266,18,53,0,nan,nan,0.05
7/29/2026 22:51:08,1.17.3,FR5,64,4.03,nan,5,Left,Left,267,18,53,0,nan,nan,0.11
7/29/2026 22:51:14,1.17.3,FR5,64,4.03,nan,5,Left,Left,268,18,53,0,nan,nan,0.39
7/29/2026 22:51:18,1.17.3,FR5,64,4.02,nan,5,Left,Left,269,18,53,0,nan,nan,0.15
7/29/2026 23:09:10,1.17.3,FR5,64,4.02,nan,5,Left,Left,270,18,53,0,nan,nan,0.30
7/29/2026 23:09:11,1.17.3,FR5,64,4.03,1,5,Pellet,Left,270,18,54,0,0.35,1116,nan
7/29/2026 23:09:27,1.17.3,FR5,64,4.02,nan,5,Left,Left,271,18,54,0,nan,nan,0.03
7/29/2026 23:09:28,1.17.3,FR5,64,4.02,nan,5,Left,Left,272,18,54,0,nan,nan,0.24
7/29/2026 23:09:31,1.17.3,FR5,64,4.02,nan,5,Left,Left,273,18,54,0,nan,nan,0.32
7/29/2026 23:11:42,1.17.3,FR5,64,4.02,nan,5,Left,Left,274,18,54,0,nan,nan,0.19
7/29/2026 23:11:44,1.17.3,FR5,64,4.02,nan,5,Left,Left,275,18,54,0,nan,nan,0.09
7/29/2026 23:11:45,1.17.3,FR5,64,4.02,1,5,Pellet,Left,275,18,55,0,0.23,155,nan
7/29/2026 23:12:18,1.17.3,FR5,64,4.02,nan,5,Left,Left,276,18,55,0,nan,nan,0.45
7/29/2026 23:12:20,1.17.3,FR5,64,4.02,nan,5,Left,Left,277,18,55,0,nan,nan,0.33
7/29/2026 23:12:23,1.17.3,FR5,64,4.02,nan,5,Right,Left,277,19,55,0,nan,nan,0.43
7/29/2026 23:12:25,1.17.3,FR5,64,4.02,nan,5,Right,Left,277,20,55,0,nan,nan,0.93
7/29/2026 23:12:30,1.17.3,FR5,64,4.02,nan,5,Right,Left,277,21,55,0,nan,nan,0.36
7/29/2026 23:12:34,1.17.3,FR5,64,4.03,nan,5,Left,Left,278,21,55,0,nan,nan,0.23
7/29/2026 23:12:35,1.17.3,FR5,64,4.02,nan,5,Left,Left,279,21,55,0,nan,nan,0.21
7/29/2026 23:12:39,1.17.3,FR5,64,4.03,nan,5,Right,Left,279,22,55,0,nan,nan,0.17
7/29/2026 23:12:42,1.17.3,FR5,64,4.02,nan,5,Left,Left,280,22,55,0,nan,nan,0.35
7/29/2026 23:12:43,1.17.3,FR5,64,4.02,1,5,Pellet,Left,280,22,56,0,0.41,58,nan
7/29/2026 23:13:42,1.17.3,FR5,64,4.02,nan,5,Left,Left,281,22,56,0,nan,nan,0.20
7/29/2026 23:13:58,1.17.3,FR5,64,4.02,nan,5,Left,Left,282,22,56,0,nan,nan,0.06
7/29/2026 23:13:59,1.17.3,FR5,64,4.02,nan,5,Left,Left,283,22,56,0,nan,nan,0.23
7/29/2026 23:14:00,1.17.3,FR5,64,4.02,nan,5,Left,Left,284,22,56,0,nan,nan,0.36
7/29/2026 23:16:59,1.17.3,FR5,64,4.02,nan,5,Left,Left,285,22,56,0,nan,nan,0.20
7/29/2026 23:17:00,1.17.3,FR5,64,4.02,1,5,Pellet,Left,285,22,57,0,0.12,257,nan
7/29/2026 23:17:27,1.17.3,FR5,64,4.02,nan,5,Left,Left,286,22,57,0,nan,nan,0.19
7/29/2026 23:17:28,1.17.3,FR5,64,4.03,nan,5,Left,Left,287,22,57,0,nan,nan,0.09
7/29/2026 23:18:26,1.17.3,FR5,64,4.03,nan,5,Left,Left,288,22,57,0,nan,nan,0.40
7/29/2026 23:18:28,1.17.3,FR5,64,4.02,nan,5,Left,Left,289,22,57,0,nan,nan,0.33
7/29/2026 23:18:38,1.17.3,FR5,64,4.03,nan,5,Left,Left,290,22,57,0,nan,nan,0.20
7/29/2026 23:18:39,1.17.3,FR5,64,4.02,2,5,Pellet,Left,290,22,58,0,0.23,99,nan
7/29/2026 23:20:44,1.17.3,FR5,64,4.02,nan,5,Left,Left,291,22,58,0,nan,nan,0.16
7/29/2026 23:20:56,1.17.3,FR5,64,4.02,nan,5,Right,Left,291,23,58,0,nan,nan,0.13
7/29/2026 23:21:00,1.17.3,FR5,64,4.02,nan,5,Left,Left,292,23,58,0,nan,nan,0.36
7/29/2026 23:21:05,1.17.3,FR5,64,4.02,nan,5,Left,Left,293,23,58,0,nan,nan,0.25
7/29/2026 23:21:08,1.17.3,FR5,64,4.02,nan,5,Left,Left,294,23,58,0,nan,nan,0.16
7/29/2026 23:28:42,1.17.3,FR5,64,4.02,nan,5,Right,Left,294,24,58,0,nan,nan,0.03
7/29/2026 23:37:13,1.17.3,FR5,64,4.02,nan,5,Left,Left,295,24,58,0,nan,nan,0.34
7/29/2026 23:37:14,1.17.3,FR5,64,4.02,1,5,Pellet,Left,295,24,59,0,0.06,1115,nan
7/29/2026 23:37:34,1.17.3,FR5,64,4.02,nan,5,Left,Left,296,24,59,0,nan,nan,0.02
7/29/2026 23:41:46,1.17.3,FR5,64,4.02,nan,5,Left,Left,297,24,59,0,nan,nan,0.10
7/29/2026 23:41:47,1.17.3,FR5,64,4.02,nan,5,Left,Left,298,24,59,0,nan,nan,0.26
7/29/2026 23:41:49,1.17.3,FR5,64,4.02,nan,5,Left,Left,299,24,59,0,nan,nan,0.23
7/29/2026 23:41:51,1.17.3,FR5,64,4.02,nan,5,Left,Left,300,24,59,0,nan,nan,0.10
7/29/2026 23:41:52,1.17.3,FR5,64,4.02,1,5,Pellet,Left,300,24,60,0,0.41,278,nan
7/29/2026 23:42:08,1.17.3,FR5,64,4.02,nan,5,Left,Left,301,24,60,0,nan,nan,0.10
7/29/2026 23:42:29,1.17.3,FR5,64,4.02,nan,5,Left,Left,302,24,60,0,nan,nan,0.19
7/29/2026 23:42:31,1.17.3,FR5,64,4.02,nan,5,Left,Left,303,24,60,0,nan,nan,0.07
7/29/2026 23:42:35,1.17.3,FR5,64,4.02,nan,5,Right,Left,303,25,60,0,nan,nan,0.29
7/29/2026 23:42:42,1.17.3,FR5,64,4.02,nan,5,Left,Left,304,25,60,0,nan,nan,0.23
7/29/2026 23:42:46,1.17.3,FR5,64,4.02,nan,5,Right,Left,304,26,60,0,nan,nan,0.10
7/29/2026 23:42:48,1.17.3,FR5,64,4.02,nan,5,Left,Left,305,26,60,0,nan,nan,0.30
7/29/2026 23:43:00,1.17.3,FR5,64,4.02,2,5,Pellet,Left,305,26,61,0,8.93,68,nan
7/29/2026 23:43:35,1.17.3,FR5,64,4.02,nan,5,Right,Left,305,27,61,0,nan,nan,0.96
7/29/2026 23:43:38,1.17.3,FR5,64,4.02,nan,5,Left,Left,306,27,61,0,nan,nan,0.29
7/29/2026 23:43:40,1.17.3,FR5,64,4.02,nan,5,Right,Left,306,28,61,0,nan,nan,0.20
7/29/2026 23:47:13,1.17.3,FR5,64,4.02,nan,5,Left,Left,307,28,61,0,nan,nan,0.23
7/29/2026 23:47:23,1.17.3,FR5,64,4.02,nan,5,Left,Left,308,28,61,0,nan,nan,0.10
7/29/2026 23:47:26,1.17.3,FR5,64,4.02,nan,5,Left,Left,309,28,61,0,nan,nan,0.16
7/29/2026 23:47:28,1.17.3,FR5,64,4.02,nan,5,Left,Left,310,28,61,0,nan,nan,0.20
7/29/2026 23:47:29,1.17.3,FR5,64,4.02,1,5,Pellet,Left,310,28,62,0,0.17,269,nan
7/29/2026 23:47:46,1.17.3,FR5,64,4.02,nan,5,Left,Left,311,28,62,0,nan,nan,0.20
7/29/2026 23:49:28,1.17.3,FR5,64,4.02,nan,5,Left,Left,312,28,62,0,nan,nan,0.09
7/29/2026 23:53:38,1.17.3,FR5,64,4.02,nan,5,Right,Left,312,29,62,0,nan,nan,0.01
7/29/2026 23:53:46,1.17.3,FR5,64,4.02,nan,5,Left,Left,313,29,62,0,nan,nan,0.10
7/29/2026 23:53:54,1.17.3,FR5,64,4.02,nan,5,Left,Left,314,29,62,0,nan,nan,0.23
7/29/2026 23:53:59,1.17.3,FR5,64,4.02,nan,5,Left,Left,315,29,62,0,nan,nan,0.33
7/29/2026 23:54:00,1.17.3,FR5,64,4.02,2,5,Pellet,Left,315,29,63,0,0.06,391,nan
7/29/2026 23:54:20,1.17.3,FR5,64,4.02,nan,5,Left,Left,316,29,63,0,nan,nan,0.12
7/29/2026 23:54:23,1.17.3,FR5,64,4.02,nan,5,Left,Left,317,29,63,0,nan,nan,0.20
7/30/2026 0:13:34,1.17.3,FR5,64,4.02,nan,5,Left,Left,318,29,63,0,nan,nan,0.11
7/30/2026 0:13:43,1.17.3,FR5,64,4.02,nan,5,Left,Left,319,29,63,0,nan,nan,0.02
7/30/2026 0:20:59,1.17.3,FR5,64,4.02,nan,5,Left,Left,320,29,63,0,nan,nan,0.20
7/30/2026 0:21:00,1.17.3,FR5,64,4.02,1,5,Pellet,Left,320,29,64,0,0.29,1620,nan
7/30/2026 0:21:18,1.17.3,FR5,64,4.02,nan,5,Left,Left,321,29,64,0,nan,nan,0.25
7/30/2026 0:21:20,1.17.3,FR5,64,4.02,nan,5,Left,Left,322,29,64,0,nan,nan,0.19
7/30/2026 0:21:24,1.17.3,FR5,64,4.02,nan,5,Left,Left,323,29,64,0,nan,nan,0.23
7/30/2026 0:21:30,1.17.3,FR5,64,4.02,nan,5,Left,Left,324,29,64,0,nan,nan,0.08
7/30/2026 0:21:33,1.17.3,FR5,64,4.02,nan,5,Left,Left,325,29,64,0,nan,nan,0.26
7/30/2026 0:21:34,1.17.3,FR5,64,4.02,1,5,Pellet,Left,325,29,65,0,0.53,34,nan
7/30/2026 0:21:57,1.17.3,FR5,64,4.02,nan,5,Left,Left,326,29,65,0,nan,nan,0.08
7/30/2026 0:22:10,1.17.3,FR5,64,4.02,nan,5,Left,Left,327,29,65,0,nan,nan,0.06
7/30/2026 0:22:19,1.17.3,FR5,64,4.02,nan,5,Left,Left,328,29,65,0,nan,nan,0.03
7/30/2026 0:22:24,1.17.3,FR5,64,4.02,nan,5,Left,Left,329,29,65,0,nan,nan,0.32
7/30/2026 0:22:26,1.17.3,FR5,64,4.02,nan,5,Left,Left,330,29,65,0,nan,nan,0.26
7/30/2026 0:22:28,1.17.3,FR5,64,4.02,1,5,Pellet,Left,330,29,66,0,0.59,53,nan
7/30/2026 0:26:39,1.17.3,FR5,64,4.02,nan,5,Left,Left,331,29,66,0,nan,nan,0.21
7/30/2026 2:09:08,1.17.3,FR5,64,4.02,nan,5,Left,Left,332,29,66,0,nan,nan,0.05
7/30/2026 2:09:10,1.17.3,FR5,64,4.02,nan,5,Left,Left,333,29,66,0,nan,nan,0.16
7/30/2026 2:09:11,1.17.3,FR5,64,4.02,nan,5,Left,Left,334,29,66,0,nan,nan,0.33
7/30/2026 2:09:21,1.17.3,FR5,64,4.02,nan,5,Left,Left,335,29,66,0,nan,nan,0.47
7/30/2026 2:09:23,1.17.3,FR5,64,4.02,1,5,Pellet,Left,335,29,67,0,1.01,6416,nan
7/30/2026 2:09:59,1.17.3,FR5,64,4.02,nan,5,Left,Left,336,29,67,0,nan,nan,0.02
7/30/2026 2:10:03,1.17.3,FR5,64,4.02,nan,5,Left,Left,337,29,67,0,nan,nan,0.25
7/30/2026 2:10:05,1.17.3,FR5,64,4.02,nan,5,Left,Left,338,29,67,0,nan,nan,0.20
7/30/2026 2:10:05,1.17.3,FR5,64,4.02,nan,5,Left,Left,339,29,67,0,nan,nan,0.00
7/30/2026 2:10:13,1.17.3,FR5,64,4.02,nan,5,Left,Left,340,29,67,0,nan,nan,0.03
7/30/2026 2:10:14,1.17.3,FR5,64,4.02,1,5,Pellet,Left,340,29,68,0,0.29,51,nan
7/30/2026 2:10:49,1.17.3,FR5,64,4.01,nan,5,Left,Left,341,29,68,0,nan,nan,0.35
7/30/2026 2:10:51,1.17.3,FR5,64,4.02,nan,5,Left,Left,342,29,68,0,nan,nan,0.46
7/30/2026 2:10:52,1.17.3,FR5,64,4.02,nan,5,Left,Left,343,29,68,0,nan,nan,0.12
7/30/2026 2:12:53,1.17.3,FR5,64,4.02,nan,5,Left,Left,344,29,68,0,nan,nan,0.19
7/30/2026 2:12:57,1.17.3,FR5,64,4.02,nan,5,Left,Left,345,29,68,0,nan,nan,0.28
7/30/2026 2:12:58,1.17.3,FR5,64,4.02,2,5,Pellet,Left,345,29,69,0,0.23,164,nan
7/30/2026 2:13:34,1.17.3,FR5,64,4.02,nan,5,Left,Left,346,29,69,0,nan,nan,0.03
7/30/2026 2:13:36,1.17.3,FR5,64,4.02,nan,5,Left,Left,347,29,69,0,nan,nan,0.40
7/30/2026 2:13:38,1.17.3,FR5,64,4.01,nan,5,Left,Left,348,29,69,0,nan,nan,0.24
7/30/2026 2:13:40,1.17.3,FR5,64,4.01,nan,5,Left,Left,349,29,69,0,nan,nan,0.44
7/30/2026 2:13:41,1.17.3,FR5,64,4.01,nan,5,Left,Left,350,29,69,0,nan,nan,0.57
7/30/2026 2:13:43,1.17.3,FR5,64,4.02,1,5,Pellet,Left,350,29,70,0,0.35,44,nan
7/30/2026 2:14:09,1.17.3,FR5,64,4.02,nan,5,Left,Left,351,29,70,0,nan,nan,0.04
7/30/2026 2:14:11,1.17.3,FR5,64,4.02,nan,5,Left,Left,352,29,70,0,nan,nan,0.57
7/30/2026 2:14:13,1.17.3,FR5,64,4.02,nan,5,Left,Left,353,29,70,0,nan,nan,0.39
7/30/2026 2:14:13,1.17.3,FR5,64,4.02,nan,5,Left,Left,354,29,70,0,nan,nan,0.00
7/30/2026 2:14:16,1.17.3,FR5,64,4.02,nan,5,Left,Left,355,29,70,0,nan,nan,0.27
7/30/2026 2:14:17,1.17.3,FR5,64,4.02,1,5,Pellet,Left,355,29,71,0,0.17,34,nan
7/30/2026 2:15:17,1.17.3,FR5,64,4.02,nan,5,Left,Left,356,29,71,0,nan,nan,0.04
7/30/2026 2:15:19,1.17.3,FR5,64,4.02,nan,5,Left,Left,357,29,71,0,nan,nan,0.08
7/30/2026 2:15:38,1.17.3,FR5,64,4.02,nan,5,Right,Left,357,30,71,0,nan,nan,0.21
7/30/2026 2:15:43,1.17.3,FR5,64,4.02,nan,5,Left,Left,358,30,71,0,nan,nan,0.29
7/30/2026 2:15:59,1.17.3,FR5,64,4.02,nan,5,Left,Left,359,30,71,0,nan,nan,0.23
7/30/2026 2:16:41,1.17.3,FR5,64,4.02,nan,5,Left,Left,360,30,71,0,nan,nan,4.46
7/30/2026 2:16:43,1.17.3,FR5,64,4.02,1,5,Pellet,Left,360,30,72,0,1.01,147,nan
7/30/2026 2:16:54,1.17.3,FR5,64,4.02,nan,5,Left,Left,361,30,72,0,nan,nan,10.44
7/30/2026 2:18:39,1.17.3,FR5,64,4.01,nan,5,Left,Left,362,30,72,0,nan,nan,0.27
7/30/2026 2:18:43,1.17.3,FR5,64,4.02,nan,5,Left,Left,363,30,72,0,nan,nan,0.01
7/30/2026 2:22:57,1.17.3,FR5,64,4.02,nan,5,Right,Left,363,31,72,0,nan,nan,0.02
7/30/2026 2:23:03,1.17.3,FR5,64,4.02,nan,5,Left,Left,364,31,72,0,nan,nan,0.03
7/30/2026 2:23:04,1.17.3,FR5,64,4.02,nan,5,Left,Left,365,31,72,0,nan,nan,0.17
7/30/2026 2:23:06,1.17.3,FR5,64,4.02,1,5,Pellet,Left,365,31,73,0,0.29,382,nan
7/30/2026 2:23:29,1.17.3,FR5,64,4.02,nan,5,Right,Left,365,32,73,0,nan,nan,0.07
7/30/2026 2:36:45,1.17.3,FR5,64,4.02,nan,5,Right,Left,365,33,73,0,nan,nan,0.06
7/30/2026 2:36:47,1.17.3,FR5,64,4.02,nan,5,Right,Left,365,34,73,0,nan,nan,0.02
7/30/2026 2:38:53,1.17.3,FR5,64,4.02,nan,5,Left,Left,366,34,73,0,nan,nan,0.24
7/30/2026 2:39:13,1.17.3,FR5,64,4.02,nan,5,Right,Left,366,35,73,0,nan,nan,0.11
7/30/2026 2:46:06,1.17.3,FR5,64,4.02,nan,5,Left,Left,367,35,73,0,nan,nan,0.01
7/30/2026 2:46:09,1.17.3,FR5,64,4.02,nan,5,Left,Left,368,35,73,0,nan,nan,0.33
7/30/2026 2:46:12,1.17.3,FR5,64,4.02,nan,5,Left,Left,369,35,73,0,nan,nan,0.48
7/30/2026 2:46:13,1.17.3,FR5,64,4.02,nan,5,Left,Left,370,35,73,0,nan,nan,0.00
7/30/2026 2:46:14,1.17.3,FR5,64,4.02,1,5,Pellet,Left,370,35,74,0,0.35,1389,nan
7/30/2026 2:46:37,1.17.3,FR5,64,4.02,nan,5,Left,Left,371,35,74,0,nan,nan,0.36
7/30/2026 2:46:38,1.17.3,FR5,64,4.02,nan,5,Left,Left,372,35,74,0,nan,nan,0.00
7/30/2026 2:46:40,1.17.3,FR5,64,4.02,nan,5,Left,Left,373,35,74,0,nan,nan,0.34
7/30/2026 2:46:41,1.17.3,FR5,64,4.02,nan,5,Left,Left,374,35,74,0,nan,nan,0.34
7/30/2026 2:46:44,1.17.3,FR5,64,4.02,nan,5,Left,Left,375,35,74,0,nan,nan,0.19
7/30/2026 2:46:45,1.17.3,FR5,64,4.02,1,5,Pellet,Left,375,35,75,0,0.23,31,nan
7/30/2026 2:47:09,1.17.3,FR5,64,4.02,nan,5,Left,Left,376,35,75,0,nan,nan,0.01
7/30/2026 2:47:11,1.17.3,FR5,64,4.01,nan,5,Left,Left,377,35,75,0,nan,nan,0.05
7/30/2026 2:49:03,1.17.3,FR5,64,4.02,nan,5,Left,Left,378,35,75,0,nan,nan,0.33
7/30/2026 3:23:44,1.17.3,FR5,64,4.01,nan,5,Left,Left,379,35,75,0,nan,nan,0.56
7/30/2026 3:23:48,1.17.3,FR5,64,4.02,nan,5,Left,Left,380,35,75,0,nan,nan,0.66
7/30/2026 3:23:50,1.17.3,FR5,64,4.02,1,5,Pellet,Left,380,35,76,0,0.47,2225,nan
7/30/2026 3:24:13,1.17.3,FR5,64,4.01,nan,5,Left,Left,381,35,76,0,nan,nan,0.39
7/30/2026 3:24:15,1.17.3,FR5,64,4.01,nan,5,Left,Left,382,35,76,0,nan,nan,0.41
7/30/2026 3:24:18,1.17.3,FR5,64,4.01,nan,5,Left,Left,383,35,76,0,nan,nan,0.41
7/30/2026 3:24:22,1.17.3,FR5,64,4.02,nan,5,Left,Left,384,35,76,0,nan,nan,0.33
7/30/2026 3:24:24,1.17.3,FR5,64,4.02,nan,5,Left,Left,385,35,76,0,nan,nan,0.24
7/30/2026 3:24:28,1.17.3,FR5,64,4.02,2,5,Pellet,Left,385,35,77,0,0.83,38,nan
7/30/2026 3:24:41,1.17.3,FR5,64,4.01,nan,5,Left,Left,386,35,77,0,nan,nan,0.04
7/30/2026 3:24:43,1.17.3,FR5,64,4.01,nan,5,Left,Left,387,35,77,0,nan,nan,0.05
7/30/2026 3:24:44,1.17.3,FR5,64,4.02,nan,5,Left,Left,388,35,77,0,nan,nan,0.48
7/30/2026 3:24:47,1.17.3,FR5,64,4.02,nan,5,Left,Left,389,35,77,0,nan,nan,0.24
7/30/2026 3:24:48,1.17.3,FR5,64,4.01,nan,5,Left,Left,390,35,77,0,nan,nan,0.29
7/30/2026 3:24:49,1.17.3,FR5,64,4.02,1,5,Pellet,Left,390,35,78,0,0.35,21,nan
7/30/2026 3:25:20,1.17.3,FR5,64,4.01,nan,5,Left,Left,391,35,78,0,nan,nan,0.02
7/30/2026 3:25:20,1.17.3,FR5,64,4.01,nan,5,Left,Left,392,35,78,0,nan,nan,0.16
7/30/2026 3:25:22,1.17.3,FR5,64,4.02,nan,5,Left,Left,393,35,78,0,nan,nan,0.48
7/30/2026 3:25:24,1.17.3,FR5,64,4.02,nan,5,Left,Left,394,35,78,0,nan,nan,0.11
7/30/2026 3:25:26,1.17.3,FR5,64,4.01,nan,5,Left,Left,395,35,78,0,nan,nan,0.37
7/30/2026 3:25:27,1.17.3,FR5,64,4.02,2,5,Pellet,Left,395,35,79,0,0.12,38,nan
7/30/2026 3:29:48,1.17.3,FR5,64,4.02,nan,5,Right,Left,395,36,79,0,nan,nan,0.04
7/30/2026 3:29:50,1.17.3,FR5,64,4.01,nan,5,Right,Left,395,37,79,0,nan,nan,0.13
7/30/2026 3:29:55,1.17.3,FR5,64,4.01,nan,5,Left,Left,396,37,79,0,nan,nan,0.23
7/30/2026 3:30:00,1.17.3,FR5,64,4.01,nan,5,Left,Left,397,37,79,0,nan,nan,0.31
7/30/2026 3:30:10,1.17.3,FR5,64,4.01,nan,5,Right,Left,397,38,79,0,nan,nan,0.27
7/30/2026 3:32:58,1.17.3,FR5,64,4.01,nan,5,Left,Left,398,38,79,0,nan,nan,0.07
7/30/2026 3:36:25,1.17.3,FR5,64,4.01,nan,5,Left,Left,399,38,79,0,nan,nan,0.16
7/30/2026 3:36:27,1.17.3,FR5,64,4.01,nan,5,Left,Left,400,38,79,0,nan,nan,0.21
7/30/2026 3:36:28,1.17.3,FR5,64,4.02,1,5,Pellet,Left,400,38,80,0,0.53,661,nan
7/30/2026 3:37:00,1.17.3,FR5,64,4.01,nan,5,Left,Left,401,38,80,0,nan,nan,0.11
7/30/2026 3:38:23,1.17.3,FR5,64,4.02,nan,5,Left,Left,402,38,80,0,nan,nan,0.08
7/30/2026 3:38:25,1.17.3,FR5,64,4.02,nan,5,Left,Left,403,38,80,0,nan,nan,0.16
7/30/2026 3:49:13,1.17.3,FR5,64,4.01,nan,5,Right,Left,403,39,80,0,nan,nan,0.13
7/30/2026 3:53:53,1.17.3,FR5,64,4.02,nan,5,Left,Left,404,39,80,0,nan,nan,0.08
7/30/2026 3:53:55,1.17.3,FR5,64,4.01,nan,5,Left,Left,405,39,80,0,nan,nan,0.01
7/30/2026 3:53:56,1.17.3,FR5,64,4.01,1,5,Pellet,Left,405,39,81,0,0.89,1048,nan
7/30/2026 3:54:16,1.17.3,FR5,64,4.02,nan,5,Left,Left,406,39,81,0,nan,nan,0.03
7/30/2026 3:54:17,1.17.3,FR5,64,4.02,nan,5,Left,Left,407,39,81,0,nan,nan,0.00
7/30/2026 3:54:18,1.17.3,FR5,64,4.02,nan,5,Left,Left,408,39,81,0,nan,nan,0.14
7/30/2026 3:54:19,1.17.3,FR5,64,4.01,nan,5,Left,Left,409,39,81,0,nan,nan,0.35
7/30/2026 3:54:20,1.17.3,FR5,64,4.02,nan,5,Left,Left,410,39,81,0,nan,nan,0.33
7/30/2026 3:54:21,1.17.3,FR5,64,4.01,1,5,Pellet,Left,410,39,82,0,0.17,25,nan
7/30/2026 3:54:37,1.17.3,FR5,64,4.02,nan,5,Left,Left,411,39,82,0,nan,nan,0.24
7/30/2026 3:54:39,1.17.3,FR5,64,4.01,nan,5,Left,Left,412,39,82,0,nan,nan,0.23
7/30/2026 3:54:40,1.17.3,FR5,64,4.01,nan,5,Left,Left,413,39,82,0,nan,nan,0.32
7/30/2026 3:54:43,1.17.3,FR5,64,4.01,nan,5,Left,Left,414,39,82,0,nan,nan,0.30
7/30/2026 3:54:45,1.17.3,FR5,64,4.02,nan,5,Left,Left,415,39,82,0,nan,nan,0.20
7/30/2026 3:54:46,1.17.3,FR5,64,4.01,1,5,Pellet,Left,415,39,83,0,0.12,24,nan
7/30/2026 3:55:06,1.17.3,FR5,64,4.02,nan,5,Left,Left,416,39,83,0,nan,nan,0.72
7/30/2026 4:11:31,1.17.3,FR5,64,4.01,nan,5,Left,Left,417,39,83,0,nan,nan,0.17
7/30/2026 4:11:33,1.17.3,FR5,64,4.01,nan,5,Left,Left,418,39,83,0,nan,nan,0.13
7/30/2026 4:11:36,1.17.3,FR5,64,4.02,nan,5,Right,Left,418,40,83,0,nan,nan,0.06
7/30/2026 4:13:21,1.17.3,FR5,64,4.02,nan,5,Left,Left,419,40,83,0,nan,nan,0.42
7/30/2026 4:13:26,1.17.3,FR5,64,4.01,nan,5,Left,Left,420,40,83,0,nan,nan,0.42
7/30/2026 4:13:29,1.17.3,FR5,64,4.01,2,5,Pellet,Left,420,40,84,0,0.53,1124,nan
7/30/2026 4:21:25,1.17.3,FR5,64,4.02,nan,5,Left,Left,421,40,84,0,nan,nan,0.33
7/30/2026 4:21:29,1.17.3,FR5,64,4.02,nan,5,Left,Left,422,40,84,0,nan,nan,0.38
7/30/2026 4:21:30,1.17.3,FR5,64,4.01,nan,5,Left,Left,423,40,84,0,nan,nan,0.02
7/30/2026 4:21:34,1.17.3,FR5,64,4.02,nan,5,Left,Left,424,40,84,0,nan,nan,0.29
7/30/2026 4:21:41,1.17.3,FR5,64,4.02,nan,5,Left,Left,425,40,84,0,nan,nan,0.49
7/30/2026 4:21:42,1.17.3,FR5,64,4.01,2,5,Pellet,Left,425,40,85,0,0.12,493,nan
7/30/2026 4:21:58,1.17.3,FR5,64,4.01,nan,5,Left,Left,426,40,85,0,nan,nan,0.39
7/30/2026 4:22:01,1.17.3,FR5,64,4.01,nan,5,Left,Left,427,40,85,0,nan,nan,0.38
7/30/2026 4:23:35,1.17.3,FR5,64,4.01,nan,5,Right,Left,427,41,85,0,nan,nan,0.02
7/30/2026 4:25:17,1.17.3,FR5,64,4.01,nan,5,Right,Left,427,42,85,0,nan,nan,0.06
7/30/2026 4:25:20,1.17.3,FR5,64,4.01,nan,5,Left,Left,428,42,85,0,nan,nan,0.50
7/30/2026 4:30:27,1.17.3,FR5,64,4.01,nan,5,Left,Left,429,42,85,0,nan,nan,0.20
7/30/2026 4:30:32,1.17.3,FR5,64,4.01,nan,5,Left,Left,430,42,85,0,nan,nan,0.25
7/30/2026 4:30:32,1.17.3,FR5,64,4.01,1,5,Pellet,Left,430,42,86,0,0.12,530,nan
7/30/2026 4:31:15,1.17.3,FR5,64,4.01,nan,5,Left,Left,431,42,86,0,nan,nan,0.37
7/30/2026 4:31:18,1.17.3,FR5,64,4.01,nan,5,Left,Left,432,42,86,0,nan,nan,0.02
7/30/2026 4:31:20,1.17.3,FR5,64,4.01,nan,5,Left,Left,433,42,86,0,nan,nan,0.33
7/30/2026 4:31:23,1.17.3,FR5,64,4.01,nan,5,Left,Left,434,42,86,0,nan,nan,0.26
7/30/2026 4:31:28,1.17.3,FR5,64,4.01,nan,5,Left,Left,435,42,86,0,nan,nan,0.30
7/30/2026 4:31:29,1.17.3,FR5,64,4.01,1,5,Pellet,Left,435,42,87,0,0.23,57,nan
7/30/2026 4:31:47,1.17.3,FR5,64,4.01,nan,5,Left,Left,436,42,87,0,nan,nan,0.17
7/30/2026 4:31:59,1.17.3,FR5,64,4.01,nan,5,Right,Left,436,43,87,0,nan,nan,0.00
7/30/2026 4:32:01,1.17.3,FR5,64,4.01,nan,5,Left,Left,437,43,87,0,nan,nan,0.21
7/30/2026 4:32:03,1.17.3,FR5,64,4.01,nan,5,Left,Left,438,43,87,0,nan,nan,0.47
7/30/2026 4:32:06,1.17.3,FR5,64,4.01,nan,5,Left,Left,439,43,87,0,nan,nan,0.40
7/30/2026 4:32:09,1.17.3,FR5,64,4.01,nan,5,Left,Left,440,43,87,0,nan,nan,0.27
7/30/2026 4:32:10,1.17.3,FR5,64,4.01,1,5,Pellet,Left,440,43,88,0,0.29,41,nan
7/30/2026 4:42:34,1.17.3,FR5,64,4.01,nan,5,Left,Left,441,43,88,0,nan,nan,0.20
7/30/2026 4:42:37,1.17.3,FR5,64,4.01,nan,5,Left,Left,442,43,88,0,nan,nan,0.32
7/30/2026 4:42:41,1.17.3,FR5,64,4.02,nan,5,Left,Left,443,43,88,0,nan,nan,0.17
7/30/2026 5:53:38,1.17.3,FR5,64,4.00,nan,5,Left,Left,444,43,88,0,nan,nan,0.51
7/30/2026 5:53:45,1.17.3,FR5,64,4.00,nan,5,Left,Left,445,43,88,0,nan,nan,0.77
7/30/2026 5:53:47,1.17.3,FR5,64,4.01,1,5,Pellet,Left,445,43,89,0,1.25,4897,nan
7/30/2026 6:12:52,1.17.3,FR5,64,4.00,nan,5,Left,Left,446,43,89,0,nan,nan,0.82
7/30/2026 6:12:55,1.17.3,FR5,64,4.00,nan,5,Left,Left,447,43,89,0,nan,nan,0.73
7/30/2026 6:13:02,1.17.3,FR5,64,4.01,nan,5,Left,Left,448,43,89,0,nan,nan,0.55
7/30/2026 6:13:05,1.17.3,FR5,64,4.01,nan,5,Left,Left,449,43,89,0,nan,nan,0.49
7/30/2026 6:13:07,1.17.3,FR5,64,4.01,nan,5,Left,Left,450,43,89,0,nan,nan,0.41
7/30/2026 6:13:08,1.17.3,FR5,64,4.01,1,5,Pellet,Left,450,43,90,0,0.47,1161,nan
7/30/2026 6:13:36,1.17.3,FR5,64,4.00,nan,5,Left,Left,451,43,90,0,nan,nan,0.43
7/30/2026 6:13:39,1.17.3,FR5,64,4.01,nan,5,Left,Left,452,43,90,0,nan,nan,0.31
7/30/2026 6:13:42,1.17.3,FR5,64,4.00,nan,5,Left,Left,453,43,90,0,nan,nan,0.33
7/30/2026 6:13:46,1.17.3,FR5,64,4.00,nan,5,Left,Left,454,43,90,0,nan,nan,0.31
7/30/2026 6:13:48,1.17.3,FR5,64,4.01,nan,5,Left,Left,455,43,90,0,nan,nan,0.59
7/30/2026 6:13:50,1.17.3,FR5,64,4.01,1,5,Pellet,Left,455,43,91,0,0.77,42,nan
7/30/2026 6:14:24,1.17.3,FR5,64,4.00,nan,5,Left,Left,456,43,91,0,nan,nan,0.09
7/30/2026 6:14:29,1.17.3,FR5,64,4.01,nan,5,Left,Left,457,43,91,0,nan,nan,0.67
7/30/2026 6:14:31,1.17.3,FR5,64,4.01,nan,5,Left,Left,458,43,91,0,nan,nan,0.26
7/30/2026 6:14:34,1.17.3,FR5,64,4.01,nan,5,Left,Left,459,43,91,0,nan,nan,0.34
7/30/2026 6:14:39,1.17.3,FR5,64,4.01,nan,5,Left,Left,460,43,91,0,nan,nan,0.22
7/30/2026 6:14:40,1.17.3,FR5,64,4.01,1,5,Pellet,Left,460,43,92,0,0.47,50,nan
7/30/2026 6:15:10,1.17.3,FR5,64,4.01,nan,5,Left,Left,461,43,92,0,nan,nan,0.00
7/30/2026 6:15:12,1.17.3,FR5,64,4.00,nan,5,Left,Left,462,43,92,0,nan,nan,0.55
7/30/2026 6:15:16,1.17.3,FR5,64,4.01,nan,5,Left,Left,463,43,92,0,nan,nan,0.38
7/30/2026 6:15:18,1.17.3,FR5,64,4.00,nan,5,Left,Left,464,43,92,0,nan,nan,0.04
7/30/2026 6:15:22,1.17.3,FR5,64,4.00,nan,5,Left,Left,465,43,92,0,nan,nan,0.35
7/30/2026 6:15:24,1.17.3,FR5,64,4.01,2,5,Pellet,Left,465,43,93,0,0.17,44,nan
7/30/2026 7:05:45,1.17.3,FR5,64,4.00,nan,5,Left,Left,466,43,93,0,nan,nan,0.39
7/30/2026 7:05:52,1.17.3,FR5,64,4.00,nan,5,Left,Left,467,43,93,0,nan,nan,1.35
7/30/2026 7:05:55,1.17.3,FR5,64,4.00,nan,5,Left,Left,468,43,93,0,nan,nan,1.33
7/30/2026 7:05:57,1.17.3,FR5,64,4.00,nan,5,Left,Left,469,43,93,0,nan,nan,1.26
7/30/2026 7:06:02,1.17.3,FR5,64,4.01,nan,5,Left,Left,470,43,93,0,nan,nan,0.88
7/30/2026 7:06:06,1.17.3,FR5,64,4.00,1,5,Pellet,Left,470,43,94,0,2.93,3041,nan
7/30/2026 7:06:32,1.17.3,FR5,64,4.00,nan,5,Left,Left,471,43,94,0,nan,nan,0.03
7/30/2026 7:06:33,1.17.3,FR5,64,4.00,nan,5,Left,Left,472,43,94,0,nan,nan,0.01
7/30/2026 7:06:38,1.17.3,FR5,64,4.00,nan,5,Left,Left,473,43,94,0,nan,nan,1.61
7/30/2026 7:06:44,1.17.3,FR5,64,4.00,nan,5,Left,Left,474,43,94,0,nan,nan,0.47
7/30/2026 7:06:48,1.17.3,FR5,64,4.00,nan,5,Left,Left,475,43,94,0,nan,nan,0.05
7/30/2026 7:06:50,1.17.3,FR5,64,4.00,1,5,Pellet,Left,475,43,95,0,0.35,44,nan
7/30/2026 7:07:31,1.17.3,FR5,64,4.01,nan,5,Left,Left,476,43,95,0,nan,nan,0.05
7/30/2026 7:07:32,1.17.3,FR5,64,4.00,nan,5,Left,Left,477,43,95,0,nan,nan,0.00
7/30/2026 7:07:36,1.17.3,FR5,64,4.00,nan,5,Left,Left,478,43,95,0,nan,nan,1.18
7/30/2026 7:07:51,1.17.3,FR5,64,4.00,nan,5,Left,Left,479,43,95,0,nan,nan,0.22
7/30/2026 7:07:54,1.17.3,FR5,64,4.00,nan,5,Left,Left,480,43,95,0,nan,nan,0.01
7/30/2026 7:07:56,1.17.3,FR5,64,4.00,1,5,Pellet,Left,480,43,96,0,0.77,67,nan
7/30/2026 7:08:39,1.17.3,FR5,64,4.00,nan,5,Left,Left,481,43,96,0,nan,nan,0.05
7/30/2026 7:08:41,1.17.3,FR5,64,4.00,nan,5,Left,Left,482,43,96,0,nan,nan,0.08
7/30/2026 7:09:12,1.17.3,FR5,64,4.00,nan,5,Left,Left,483,43,96,0,nan,nan,0.02
7/30/2026 7:20:19,1.17.3,FR5,64,4.00,nan,5,Left,Left,484,43,96,0,nan,nan,0.41
7/30/2026 7:31:12,1.17.3,FR5,64,4.00,nan,5,Right,Left,484,44,96,0,nan,nan,0.09
7/30/2026 7:36:17,1.17.3,FR5,64,4.00,nan,5,Right,Left,484,45,96,0,nan,nan,0.06
7/30/2026 7:36:27,1.17.3,FR5,64,4.00,nan,5,Left,Left,485,45,96,0,nan,nan,0.31
7/30/2026 7:36:28,1.17.3,FR5,64,4.00,1,5,Pellet,Left,485,45,97,0,0.29,1712,nan
7/30/2026 7:37:03,1.17.3,FR5,64,4.01,nan,5,Left,Left,486,45,97,0,nan,nan,0.33
7/30/2026 7:37:04,1.17.3,FR5,64,4.00,nan,5,Left,Left,487,45,97,0,nan,nan,0.29
7/30/2026 7:37:06,1.17.3,FR5,64,4.00,nan,5,Left,Left,488,45,97,0,nan,nan,0.27
7/30/2026 7:37:08,1.17.3,FR5,64,4.00,nan,5,Left,Left,489,45,97,0,nan,nan,0.34
7/30/2026 7:37:11,1.17.3,FR5,64,4.00,nan,5,Left,Left,490,45,97,0,nan,nan,0.28
7/30/2026 7:37:12,1.17.3,FR5,64,4.00,2,5,Pellet,Left,490,45,98,0,0.06,44,nan
7/30/2026 9:26:05,1.17.3,FR5,64,4.00,nan,5,Left,Left,491,45,98,0,nan,nan,0.41
7/30/2026 9:26:08,1.17.3,FR5,64,4.00,nan,5,Left,Left,492,45,98,0,nan,nan,0.13
7/30/2026 9:26:13,1.17.3,FR5,64,4.00,nan,5,Left,Left,493,45,98,0,nan,nan,0.67
7/30/2026 9:26:16,1.17.3,FR5,64,4.00,nan,5,Left,Left,494,45,98,0,nan,nan,0.04
7/30/2026 9:26:20,1.17.3,FR5,64,4.00,nan,5,Left,Left,495,45,98,0,nan,nan,0.28
7/30/2026 9:26:21,1.17.3,FR5,64,4.00,1,5,Pellet,Left,495,45,99,0,0.12,6549,nan
7/30/2026 9:33:48,1.17.3,FR5,64,4.00,nan,5,Left,Left,496,45,99,0,nan,nan,0.01
7/30/2026 9:33:51,1.17.3,FR5,64,4.00,nan,5,Left,Left,497,45,99,0,nan,nan,0.40
7/30/2026 9:33:53,1.17.3,FR5,64,4.00,nan,5,Left,Left,498,45,99,0,nan,nan,0.59
7/30/2026 9:33:56,1.17.3,FR5,64,4.00,nan,5,Left,Left,499,45,99,0,nan,nan,0.74
7/30/2026 9:34:02,1.17.3,FR5,64,4.00,nan,5,Left,Left,500,45,99,0,nan,nan,0.75
7/30/2026 9:34:02,1.17.3,FR5,64,4.00,nan,5,LeftDuringDispense,Left,501,45,99,0,nan,nan,0.08
7/30/2026 9:34:06,1.17.3,FR5,64,4.00,2,5,Pellet,Left,501,45,100,0,0.29,464,nan
7/30/2026 9:34:34,1.17.3,FR5,64,4.00,nan,5,Left,Left,502,45,100,0,nan,nan,0.04
7/30/2026 9:34:39,1.17.3,FR5,64,4.00,nan,5,Left,Left,503,45,100,0,nan,nan,0.41
7/30/2026 9:34:41,1.17.3,FR5,64,4.00,nan,5,Left,Left,504,45,100,0,nan,nan,0.13
7/30/2026 9:34:44,1.17.3,FR5,64,4.00,nan,5,Left,Left,505,45,100,0,nan,nan,0.85
7/30/2026 9:34:44,1.17.3,FR5,64,4.00,nan,5,LeftDuringDispense,Left,506,45,100,0,nan,nan,0.07
7/30/2026 9:34:48,1.17.3,FR5,64,4.00,2,5,Pellet,Left,506,45,101,0,0.29,43,nan
7/30/2026 9:35:25,1.17.3,FR5,64,4.00,nan,5,Left,Left,507,45,101,0,nan,nan,0.32
7/30/2026 9:35:27,1.17.3,FR5,64,4.00,nan,5,Left,Left,508,45,101,0,nan,nan,0.58
7/30/2026 9:35:29,1.17.3,FR5,64,4.00,nan,5,Left,Left,509,45,101,0,nan,nan,0.26
7/30/2026 9:35:30,1.17.3,FR5,64,4.00,nan,5,Left,Left,510,45,101,0,nan,nan,0.54
7/30/2026 9:35:31,1.17.3,FR5,64,4.00,1,5,Pellet,Left,510,45,102,0,0.29,43,nan
7/30/2026 9:35:52,1.17.3,FR5,64,4.00,nan,5,Left,Left,511,45,102,0,nan,nan,1.06
7/30/2026 9:35:57,1.17.3,FR5,64,4.00,nan,5,Left,Left,512,45,102,0,nan,nan,1.46
7/30/2026 10:50:39,1.17.3,FR5,64,4.00,nan,5,Left,Left,513,45,102,0,nan,nan,0.67
7/30/2026 10:50:42,1.17.3,FR5,64,4.00,nan,5,Left,Left,514,45,102,0,nan,nan,0.33
7/30/2026 10:50:46,1.17.3,FR5,64,3.99,nan,5,Left,Left,515,45,102,0,nan,nan,0.37
7/30/2026 10:50:47,1.17.3,FR5,64,4.00,1,5,Pellet,Left,515,45,103,0,0.17,4516,nan
7/30/2026 10:52:06,1.17.3,FR5,64,3.99,nan,5,Right,Left,515,46,103,0,nan,nan,0.00
7/30/2026 10:54:02,1.17.3,FR5,64,4.00,nan,5,Left,Left,516,46,103,0,nan,nan,0.24
7/30/2026 10:54:12,1.17.3,FR5,64,4.00,nan,5,Left,Left,517,46,103,0,nan,nan,0.10
7/30/2026 10:58:38,1.17.3,FR5,64,3.99,nan,5,Left,Left,518,46,103,0,nan,nan,0.23
7/30/2026 11:10:55,1.17.3,FR5,64,4.00,nan,5,Left,Left,519,46,103,0,nan,nan,0.20
7/30/2026 11:12:50,1.17.3,FR5,64,4.00,nan,5,Left,Left,520,46,103,0,nan,nan,0.04
7/30/2026 11:12:51,1.17.3,FR5,64,4.00,1,5,Pellet,Left,520,46,104,0,0.53,1324,nan
7/30/2026 11:17:03,1.17.3,FR5,64,4.00,nan,5,Left,Left,521,46,104,0,nan,nan,0.21
7/30/2026 11:17:09,1.17.3,FR5,64,4.00,nan,5,Left,Left,522,46,104,0,nan,nan,0.17
7/30/2026 11:17:31,1.17.3,FR5,64,4.00,nan,5,Left,Left,523,46,104,0,nan,nan,0.02
7/30/2026 11:17:31,1.17.3,FR5,64,4.00,nan,5,Left,Left,524,46,104,0,nan,nan,0.02
7/30/2026 11:17:35,1.17.3,FR5,64,4.00,nan,5,Right,Left,524,47,104,0,nan,nan,0.47
7/30/2026 11:17:38,1.17.3,FR5,64,4.00,nan,5,Right,Left,524,48,104,0,nan,nan,0.27
7/30/2026 11:17:48,1.17.3,FR5,64,3.99,nan,5,Left,Left,525,48,104,0,nan,nan,0.25
7/30/2026 11:17:49,1.17.3,FR5,64,4.00,1,5,Pellet,Left,525,48,105,0,0.77,298,nan
7/30/2026 11:31:45,1.17.3,FR5,64,4.00,nan,5,Left,Left,526,48,105,0,nan,nan,0.99
7/30/2026 11:31:59,1.17.3,FR5,64,4.00,nan,5,Left,Left,527,48,105,0,nan,nan,0.38
7/30/2026 11:32:01,1.17.3,FR5,64,4.00,nan,5,Left,Left,528,48,105,0,nan,nan,0.02
7/30/2026 11:32:02,1.17.3,FR5,64,3.99,nan,5,Left,Left,529,48,105,0,nan,nan,0.24
7/30/2026 11:32:05,1.17.3,FR5,64,3.99,nan,5,Left,Left,530,48,105,0,nan,nan,0.55
7/30/2026 11:32:05,1.17.3,FR5,64,4.00,nan,5,LeftDuringDispense,Left,531,48,105,0,nan,nan,0.09
7/30/2026 11:32:09,1.17.3,FR5,64,4.00,2,5,Pellet,Left,531,48,106,0,0.23,859,nan
7/30/2026 11:32:46,1.17.3,FR5,64,4.00,nan,5,Left,Left,532,48,106,0,nan,nan,0.07
7/30/2026 11:32:50,1.17.3,FR5,64,4.00,nan,5,Left,Left,533,48,106,0,nan,nan,0.53
7/30/2026 11:32:51,1.17.3,FR5,64,4.00,nan,5,Left,Left,534,48,106,0,nan,nan,0.46
7/30/2026 11:32:54,1.17.3,FR5,64,4.00,nan,5,Left,Left,535,48,106,0,nan,nan,0.34
7/30/2026 11:32:56,1.17.3,FR5,64,3.99,1,5,Pellet,Left,535,48,107,0,0.29,48,nan
7/30/2026 11:33:26,1.17.3,FR5,64,3.99,nan,5,Left,Left,536,48,107,0,nan,nan,0.70
7/30/2026 11:33:34,1.17.3,FR5,64,3.99,nan,5,Left,Left,537,48,107,0,nan,nan,0.02
7/30/2026 11:33:41,1.17.3,FR5,64,3.99,nan,5,Left,Left,538,48,107,0,nan,nan,0.27
7/30/2026 12:17:01,1.17.3,FR5,64,4.00,nan,5,Left,Left,539,48,107,0,nan,nan,0.62
7/30/2026 12:17:08,1.17.3,FR5,64,4.00,nan,5,Left,Left,540,48,107,0,nan,nan,0.91
7/30/2026 12:17:10,1.17.3,FR5,64,3.99,1,5,Pellet,Left,540,48,108,0,0.29,2653,nan
7/30/2026 12:17:47,1.17.3,FR5,64,4.00,nan,5,Left,Left,541,48,108,0,nan,nan,0.03
7/30/2026 12:17:51,1.17.3,FR5,64,3.99,nan,5,Left,Left,542,48,108,0,nan,nan,0.03
7/30/2026 12:17:53,1.17.3,FR5,64,3.99,nan,5,Left,Left,543,48,108,0,nan,nan,0.04
7/30/2026 12:17:55,1.17.3,FR5,64,4.00,nan,5,Left,Left,544,48,108,0,nan,nan,0.02
7/30/2026 13:03:06,1.17.3,FR5,64,3.99,nan,5,Left,Left,545,48,108,0,nan,nan,2.04
7/30/2026 13:03:09,1.17.3,FR5,64,3.99,1,5,Pellet,Left,545,48,109,0,2.33,2760,nan
7/30/2026 13:03:39,1.17.3,FR5,64,3.99,nan,5,Left,Left,546,48,109,0,nan,nan,0.06
7/30/2026 13:03:44,1.17.3,FR5,64,4.00,nan,5,Left,Left,547,48,109,0,nan,nan,0.28
7/30/2026 13:03:46,1.17.3,FR5,64,3.99,nan,5,Left,Left,548,48,109,0,nan,nan,0.02
7/30/2026 13:03:53,1.17.3,FR5,64,3.99,nan,5,Left,Left,549,48,109,0,nan,nan,0.49
7/30/2026 13:03:58,1.17.3,FR5,64,3.99,nan,5,Left,Left,550,48,109,0,nan,nan,0.32
7/30/2026 13:03:59,1.17.3,FR5,64,3.99,1,5,Pellet,Left,550,48,110,0,0.65,50,nan
7/30/2026 13:07:49,1.17.3,FR5,64,3.99,nan,5,Left,Left,551,48,110,0,nan,nan,0.41
7/30/2026 13:08:02,1.17.3,FR5,64,3.99,nan,5,Left,Left,552,48,110,0,nan,nan,0.00
7/30/2026 13:11:11,1.17.3,FR5,64,3.99,nan,5,Left,Left,553,48,110,0,nan,nan,0.27
7/30/2026 13:11:28,1.17.3,FR5,64,3.99,nan,5,Left,Left,554,48,110,0,nan,nan,1.45
7/30/2026 13:17:22,1.17.3,FR5,64,4.00,nan,5,Left,Left,555,48,110,0,nan,nan,0.40
7/30/2026 13:17:24,1.17.3,FR5,64,3.99,1,5,Pellet,Left,555,48,111,0,0.89,805,nan
7/30/2026 13:27:14,1.17.3,FR5,64,3.99,nan,5,Left,Left,556,48,111,0,nan,nan,0.39
7/30/2026 13:27:17,1.17.3,FR5,64,3.99,nan,5,Left,Left,557,48,111,0,nan,nan,0.30
7/30/2026 13:27:20,1.17.3,FR5,64,3.99,nan,5,Left,Left,558,48,111,0,nan,nan,0.06
7/30/2026 14:20:12,1.17.3,FR5,64,3.99,nan,5,Left,Left,559,48,111,0,nan,nan,0.26
7/30/2026 14:20:23,1.17.3,FR5,64,3.99,nan,5,Left,Left,560,48,111,0,nan,nan,0.34
7/30/2026 14:20:26,1.17.3,FR5,64,3.99,1,5,Pellet,Left,560,48,112,0,1.97,3782,nan
7/30/2026 14:20:53,1.17.3,FR5,64,3.99,nan,5,Left,Left,561,48,112,0,nan,nan,0.64
7/30/2026 14:20:57,1.17.3,FR5,64,3.98,nan,5,Left,Left,562,48,112,0,nan,nan,0.88
7/30/2026 14:21:00,1.17.3,FR5,64,3.99,nan,5,Left,Left,563,48,112,0,nan,nan,0.43
7/30/2026 14:21:02,1.17.3,FR5,64,3.98,nan,5,Left,Left,564,48,112,0,nan,nan,0.53
7/30/2026 14:21:05,1.17.3,FR5,64,3.99,nan,5,Left,Left,565,48,112,0,nan,nan,0.53
7/30/2026 14:21:06,1.17.3,FR5,64,3.99,1,5,Pellet,Left,565,48,113,0,0.23,40,nan
7/30/2026 14:21:44,1.17.3,FR5,64,3.99,nan,5,Left,Left,566,48,113,0,nan,nan,0.20
7/30/2026 14:22:01,1.17.3,FR5,64,3.99,nan,5,Left,Left,567,48,113,0,nan,nan,1.42
7/30/2026 14:26:03,1.17.3,FR5,64,3.99,nan,5,Left,Left,568,48,113,0,nan,nan,0.46
7/30/2026 14:32:39,1.17.3,FR5,64,3.99,nan,5,Left,Left,569,48,113,0,nan,nan,0.17
7/30/2026 14:32:43,1.17.3,FR5,64,3.98,nan,5,Left,Left,570,48,113,0,nan,nan,0.54
7/30/2026 14:32:46,1.17.3,FR5,64,3.99,1,5,Pellet,Left,570,48,114,0,1.97,700,nan
7/30/2026 14:33:03,1.17.3,FR5,64,3.98,nan,5,Left,Left,571,48,114,0,nan,nan,0.13
7/30/2026 14:33:06,1.17.3,FR5,64,3.98,nan,5,Left,Left,572,48,114,0,nan,nan,0.31
7/30/2026 14:33:09,1.17.3,FR5,64,3.98,nan,5,Left,Left,573,48,114,0,nan,nan,0.15
7/30/2026 14:33:15,1.17.3,FR5,64,3.99,nan,5,Left,Left,574,48,114,0,nan,nan,1.98
7/30/2026 14:33:17,1.17.3,FR5,64,3.98,nan,5,Left,Left,575,48,114,0,nan,nan,0.39
7/30/2026 14:33:18,1.17.3,FR5,64,3.99,1,5,Pellet,Left,575,48,115,0,0.47,32,nan
7/30/2026 14:33:42,1.17.3,FR5,64,3.98,nan,5,Left,Left,576,48,115,0,nan,nan,0.56
7/30/2026 14:33:48,1.17.3,FR5,64,3.99,nan,5,Left,Left,577,48,115,0,nan,nan,1.39
7/30/2026 14:33:53,1.17.3,FR5,64,3.98,nan,5,Left,Left,578,48,115,0,nan,nan,3.47
7/30/2026 14:33:55,1.17.3,FR5,64,3.98,nan,5,Left,Left,579,48,115,0,nan,nan,0.54
7/30/2026 14:34:40,1.17.3,FR5,64,3.99,nan,5,Left,Left,580,48,115,0,nan,nan,0.67
7/30/2026 14:34:40,1.17.3,FR5,64,3.98,nan,5,LeftDuringDispense,Left,581,48,115,0,nan,nan,0.03
7/30/2026 14:34:43,1.17.3,FR5,64,3.99,2,5,Pellet,Left,581,48,116,0,0.29,85,nan
7/30/2026 14:35:14,1.17.3,FR5,64,3.99,nan,5,Left,Left,582,48,116,0,nan,nan,0.00
7/30/2026 14:35:21,1.17.3,FR5,64,3.98,nan,5,Left,Left,583,48,116,0,nan,nan,1.09
7/30/2026 14:35:27,1.17.3,FR5,64,3.99,nan,5,Left,Left,584,48,116,0,nan,nan,2.61
7/30/2026 14:36:39,1.17.3,FR5,64,3.98,nan,5,Left,Left,585,48,116,0,nan,nan,0.88
7/30/2026 14:36:40,1.17.3,FR5,64,3.99,1,5,Pellet,Left,585,48,117,0,0.89,117,nan
7/30/2026 14:45:59,1.17.3,FR5,64,3.99,nan,5,Left,Left,586,48,117,0,nan,nan,1.04
7/30/2026 14:46:00,1.17.3,FR5,64,3.99,nan,5,Left,Left,587,48,117,0,nan,nan,0.02
7/30/2026 14:46:04,1.17.3,FR5,64,3.99,nan,5,Left,Left,588,48,117,0,nan,nan,0.60
7/30/2026 14:55:38,1.17.3,FR5,64,3.98,nan,5,Right,Left,588,49,117,0,nan,nan,0.60
7/30/2026 14:59:36,1.17.3,FR5,64,3.98,nan,5,Left,Left,589,49,117,0,nan,nan,0.14
7/30/2026 15:02:23,1.17.3,FR5,64,3.98,nan,5,Right,Left,589,50,117,0,nan,nan,0.09
7/30/2026 15:02:27,1.17.3,FR5,64,3.99,nan,5,Right,Left,589,51,117,0,nan,nan,0.16
7/30/2026 15:04:51,1.17.3,FR5,64,3.98,nan,5,Left,Left,590,51,117,0,nan,nan,0.00
7/30/2026 15:04:53,1.17.3,FR5,64,3.98,1,5,Pellet,Left,590,51,118,0,0.47,1692,nan
7/30/2026 15:15:56,1.17.3,FR5,64,3.98,nan,5,Left,Left,591,51,118,0,nan,nan,0.21
7/30/2026 15:16:17,1.17.3,FR5,64,3.99,nan,5,Left,Left,592,51,118,0,nan,nan,0.05
7/30/2026 15:16:18,1.17.3,FR5,64,3.98,nan,5,Left,Left,593,51,118,0,nan,nan,0.00
7/30/2026 15:16:19,1.17.3,FR5,64,3.98,nan,5,Left,Left,594,51,118,0,nan,nan,0.32
7/30/2026 15:16:23,1.17.3,FR5,64,3.98,nan,5,Left,Left,595,51,118,0,nan,nan,0.49
7/30/2026 15:16:24,1.17.3,FR5,64,3.98,nan,5,LeftDuringDispense,Left,596,51,118,0,nan,nan,0.03
7/30/2026 15:16:27,1.17.3,FR5,64,3.98,3,5,Pellet,Left,596,51,119,0,0.29,695,nan
7/30/2026 15:18:13,1.17.3,FR5,64,3.99,nan,5,Left,Left,597,51,119,0,nan,nan,0.02
7/30/2026 15:25:44,1.17.3,FR5,64,3.99,nan,5,Left,Left,598,51,119,0,nan,nan,0.00
7/30/2026 15:25:47,1.17.3,FR5,64,3.99,nan,5,Left,Left,599,51,119,0,nan,nan,0.99
7/30/2026 15:26:09,1.17.3,FR5,64,3.98,nan,5,Left,Left,600,51,119,0,nan,nan,1.24
7/30/2026 15:26:11,1.17.3,FR5,64,3.98,1,5,Pellet,Left,600,51,120,0,1.07,583,nan
7/30/2026 15:36:53,1.17.3,FR5,64,3.98,nan,5,Left,Left,601,51,120,0,nan,nan,0.57
7/30/2026 15:36:55,1.17.3,FR5,64,3.99,nan,5,Left,Left,602,51,120,0,nan,nan,0.84
7/30/2026 15:36:59,1.17.3,FR5,64,3.99,nan,5,Left,Left,603,51,120,0,nan,nan,0.67
7/30/2026 15:37:01,1.17.3,FR5,64,3.98,nan,5,Left,Left,604,51,120,0,nan,nan,0.85
7/30/2026 15:37:09,1.17.3,FR5,64,3.98,nan,5,Left,Left,605,51,120,0,nan,nan,2.36
7/30/2026 15:37:10,1.17.3,FR5,64,3.98,1,5,Pellet,Left,605,51,121,0,0.47,660,nan
7/30/2026 15:37:30,1.17.3,FR5,64,3.98,nan,5,Left,Left,606,51,121,0,nan,nan,0.39
7/30/2026 15:37:53,1.17.3,FR5,64,3.98,nan,5,Left,Left,607,51,121,0,nan,nan,0.77
7/30/2026 15:37:56,1.17.3,FR5,64,3.98,nan,5,Left,Left,608,51,121,0,nan,nan,0.46
7/30/2026 15:38:00,1.17.3,FR5,64,3.98,nan,5,Left,Left,609,51,121,0,nan,nan,0.01
7/30/2026 15:38:07,1.17.3,FR5,64,3.98,nan,5,Left,Left,610,51,121,0,nan,nan,0.10
7/30/2026 15:38:08,1.17.3,FR5,64,3.98,1,5,Pellet,Left,610,51,122,0,0.23,58,nan
7/30/2026 15:38:54,1.17.3,FR5,64,3.98,nan,5,Left,Left,611,51,122,0,nan,nan,1.34
7/30/2026 15:39:22,1.17.3,FR5,64,3.98,nan,5,Left,Left,612,51,122,0,nan,nan,3.03
7/30/2026 15:39:24,1.17.3,FR5,64,3.98,nan,5,Left,Left,613,51,122,0,nan,nan,0.01
7/30/2026 15:39:32,1.17.3,FR5,64,3.98,nan,5,Left,Left,614,51,122,0,nan,nan,0.22
7/30/2026 15:39:34,1.17.3,FR5,64,3.98,nan,5,Left,Left,615,51,122,0,nan,nan,0.60
7/30/2026 15:39:35,1.17.3,FR5,64,3.98,1,5,Pellet,Left,615,51,123,0,0.35,87,nan
7/30/2026 16:07:37,1.17.3,FR5,64,3.98,nan,5,Left,Left,616,51,123,0,nan,nan,0.04
7/30/2026 16:07:51,1.17.3,FR5,64,3.98,nan,5,Left,Left,617,51,123,0,nan,nan,0.08
7/30/2026 16:08:02,1.17.3,FR5,64,3.98,nan,5,Left,Left,618,51,123,0,nan,nan,0.21
7/30/2026 16:08:04,1.17.3,FR5,64,3.98,nan,5,Left,Left,619,51,123,0,nan,nan,0.31
7/30/2026 16:08:05,1.17.3,FR5,64,3.99,nan,5,Left,Left,620,51,123,0,nan,nan,0.47
7/30/2026 16:08:07,1.17.3,FR5,64,3.98,1,5,Pellet,Left,620,51,124,0,0.83,1712,nan
7/30/2026 16:08:27,1.17.3,FR5,64,3.98,nan,5,Left,Left,621,51,124,0,nan,nan,0.07
7/30/2026 16:08:47,1.17.3,FR5,64,3.98,nan,5,Left,Left,622,51,124,0,nan,nan,0.20
7/30/2026 16:08:53,1.17.3,FR5,64,3.98,nan,5,Left,Left,623,51,124,0,nan,nan,2.16
7/30/2026 16:08:57,1.17.3,FR5,64,3.98,nan,5,Left,Left,624,51,124,0,nan,nan,1.61
7/30/2026 16:09:00,1.17.3,FR5,64,3.98,nan,5,Left,Left,625,51,124,0,nan,nan,0.03
7/30/2026 16:09:00,1.17.3,FR5,64,3.98,nan,5,LeftDuringDispense,Left,626,51,124,0,nan,nan,0.10
7/30/2026 16:09:04,1.17.3,FR5,64,3.98,2,5,Pellet,Left,626,51,125,0,1.25,57,nan
7/30/2026 16:10:00,1.17.3,FR5,64,3.98,nan,5,Left,Left,627,51,125,0,nan,nan,4.70
7/30/2026 16:21:06,1.17.3,FR5,64,3.98,nan,5,Left,Left,628,51,125,0,nan,nan,10.11
7/30/2026 16:21:20,1.17.3,FR5,64,3.98,nan,5,Left,Left,629,51,125,0,nan,nan,0.27
7/30/2026 16:21:21,1.17.3,FR5,64,3.98,nan,5,Left,Left,630,51,125,0,nan,nan,0.00
7/30/2026 16:21:23,1.17.3,FR5,64,3.99,1,5,Pellet,Left,630,51,126,0,1.55,739,nan
7/30/2026 16:21:42,1.17.3,FR5,64,3.98,nan,5,Left,Left,631,51,126,0,nan,nan,0.13
7/30/2026 16:21:44,1.17.3,FR5,64,3.98,nan,5,Left,Left,632,51,126,0,nan,nan,0.85
7/30/2026 16:21:50,1.17.3,FR5,64,3.98,nan,5,Left,Left,633,51,126,0,nan,nan,1.02
7/30/2026 16:21:59,1.17.3,FR5,64,3.98,nan,5,Left,Left,634,51,126,0,nan,nan,0.00
7/30/2026 16:23:13,1.17.3,FR5,64,3.98,nan,5,Left,Left,635,51,126,0,nan,nan,37.42
7/30/2026 16:23:16,1.17.3,FR5,64,3.98,nan,5,LeftWithPellet,Left,636,51,126,0,nan,nan,1.27
7/30/2026 16:23:23,1.17.3,FR5,64,3.98,nan,5,LeftWithPellet,Left,637,51,126,0,nan,nan,0.00
7/30/2026 16:23:25,1.17.3,FR5,64,3.98,nan,5,LeftWithPellet,Left,638,51,126,0,nan,nan,1.53
7/30/2026 16:24:10,1.17.3,FR5,64,3.98,nan,5,LeftWithPellet,Left,639,51,126,0,nan,nan,18.37
7/30/2026 16:24:11,1.17.3,FR5,64,3.98,nan,5,LeftWithPellet,Left,640,51,126,0,nan,nan,0.00
7/30/2026 16:24:14,1.17.3,FR5,64,3.98,nan,5,LeftWithPellet,Left,641,51,126,0,nan,nan,3.20
7/30/2026 16:24:18,1.17.3,FR5,64,3.98,nan,5,LeftWithPellet,Left,642,51,126,0,nan,nan,0.65
7/30/2026 16:25:13,1.17.3,FR5,64,3.98,nan,5,LeftWithPellet,Left,643,51,126,0,nan,nan,0.03
7/30/2026 16:25:17,1.17.3,FR5,64,3.98,nan,5,LeftWithPellet,Left,644,51,126,0,nan,nan,0.68
7/30/2026 16:25:23,1.17.3,FR5,64,3.98,nan,5,LeftWithPellet,Left,645,51,126,0,nan,nan,2.83
7/30/2026 16:25:24,1.17.3,FR5,64,3.98,1,5,Pellet,Left,645,51,127,0,Timed_out,241,nan
7/30/2026 16:27:20,1.17.3,FR5,64,3.98,nan,5,Left,Left,646,51,127,0,nan,nan,0.57
7/30/2026 16:27:23,1.17.3,FR5,64,3.98,nan,5,Left,Left,647,51,127,0,nan,nan,1.99
7/30/2026 16:27:29,1.17.3,FR5,64,3.99,nan,5,Left,Left,648,51,127,0,nan,nan,0.04
7/30/2026 16:27:30,1.17.3,FR5,64,3.98,nan,5,Left,Left,649,51,127,0,nan,nan,0.00
7/30/2026 16:27:47,1.17.3,FR5,64,3.98,nan,5,Left,Left,650,51,127,0,nan,nan,15.75
7/30/2026 16:27:48,1.17.3,FR5,64,3.98,1,5,Pellet,Left,650,51,128,0,0.53,144,nan
7/30/2026 16:30:34,1.17.3,FR5,64,3.98,nan,5,Left,Left,651,51,128,0,nan,nan,0.01
7/30/2026 16:33:34,1.17.3,FR5,64,3.98,nan,5,Left,Left,652,51,128,0,nan,nan,1.77
7/30/2026 16:33:59,1.17.3,FR5,64,3.98,nan,5,Left,Left,653,51,128,0,nan,nan,0.55
7/30/2026 16:34:46,1.17.3,FR5,64,3.98,nan,5,Left,Left,654,51,128,0,nan,nan,0.63
7/30/2026 16:34:51,1.17.3,FR5,64,3.98,nan,5,Left,Left,655,51,128,0,nan,nan,0.57
7/30/2026 16:34:51,1.17.3,FR5,64,3.98,nan,5,LeftDuringDispense,Left,656,51,128,0,nan,nan,0.01
7/30/2026 16:34:53,1.17.3,FR5,64,3.98,1,5,Pellet,Left,656,51,129,0,1.67,425,nan
7/30/2026 16:36:05,1.17.3,FR5,64,3.98,nan,5,Left,Left,657,51,129,0,nan,nan,1.00
7/30/2026 16:36:30,1.17.3,FR5,64,3.98,nan,5,Left,Left,658,51,129,0,nan,nan,0.02
7/30/2026 16:36:30,1.17.3,FR5,64,3.98,nan,5,Left,Left,659,51,129,0,nan,nan,0.01
7/30/2026 16:36:39,1.17.3,FR5,64,3.98,nan,5,Left,Left,660,51,129,0,nan,nan,3.11
7/30/2026 16:36:39,1.17.3,FR5,64,3.98,nan,5,LeftDuringDispense,Left,661,51,129,0,nan,nan,0.04
7/30/2026 16:36:43,1.17.3,FR5,64,3.98,2,5,Pellet,Left,661,51,130,0,0.23,110,nan
7/30/2026 16:37:37,1.17.3,FR5,64,3.98,nan,5,Left,Left,662,51,130,0,nan,nan,0.38
7/30/2026 16:41:21,1.17.3,FR5,64,3.98,nan,5,Left,Left,663,51,130,0,nan,nan,0.17
7/30/2026 16:41:21,1.17.3,FR5,64,3.98,nan,5,Left,Left,664,51,130,0,nan,nan,0.20
7/30/2026 16:43:14,1.17.3,FR5,64,3.98,nan,5,Left,Left,665,51,130,0,nan,nan,3.64
7/30/2026 16:43:16,1.17.3,FR5,64,3.98,1,5,Pellet,Left,665,51,131,0,0.77,393,nan
7/30/2026 16:43:49,1.17.3,FR5,64,3.98,nan,5,Left,Left,666,51,131,0,nan,nan,0.12
7/30/2026 16:43:55,1.17.3,FR5,64,3.98,nan,5,Left,Left,667,51,131,0,nan,nan,2.95
7/30/2026 16:43:58,1.17.3,FR5,64,3.98,nan,5,Left,Left,668,51,131,0,nan,nan,0.12
7/30/2026 16:44:01,1.17.3,FR5,64,3.98,nan,5,Left,Left,669,51,131,0,nan,nan,0.81
7/30/2026 16:44:08,1.17.3,FR5,64,3.98,nan,5,Left,Left,670,51,131,0,nan,nan,0.34
7/30/2026 16:44:09,1.17.3,FR5,64,3.98,1,5,Pellet,Left,670,51,132,0,0.29,53,nan
7/30/2026 16:44:50,1.17.3,FR5,64,3.98,nan,5,Left,Left,671,51,132,0,nan,nan,0.60
7/30/2026 16:44:56,1.17.3,FR5,64,3.98,nan,5,Right,Left,671,52,132,0,nan,nan,0.53
7/30/2026 17:16:33,1.17.3,FR5,64,3.98,nan,5,Left,Left,672,52,132,0,nan,nan,0.11
7/30/2026 17:16:36,1.17.3,FR5,64,3.98,nan,5,Left,Left,673,52,132,0,nan,nan,0.53
7/30/2026 17:16:37,1.17.3,FR5,64,3.98,nan,5,Left,Left,674,52,132,0,nan,nan,0.22
7/30/2026 17:16:39,1.17.3,FR5,64,3.98,nan,5,Left,Left,675,52,132,0,nan,nan,0.23
7/30/2026 17:16:42,1.17.3,FR5,64,3.98,1,5,Pellet,Left,675,52,133,0,1.43,1952,nan
7/30/2026 17:23:22,1.17.3,FR5,64,3.98,nan,5,Left,Left,676,52,133,0,nan,nan,0.92
7/30/2026 17:23:23,1.17.3,FR5,64,3.98,nan,5,Left,Left,677,52,133,0,nan,nan,0.00
7/30/2026 17:23:26,1.17.3,FR5,64,3.98,nan,5,Left,Left,678,52,133,0,nan,nan,1.02
7/30/2026 17:23:29,1.17.3,FR5,64,3.98,nan,5,Left,Left,679,52,133,0,nan,nan,1.12
7/30/2026 17:23:35,1.17.3,FR5,64,3.98,nan,5,Left,Left,680,52,133,0,nan,nan,1.53
7/30/2026 17:23:37,1.17.3,FR5,64,3.98,1,5,Pellet,Left,680,52,134,0,0.47,416,nan
7/30/2026 17:23:59,1.17.3,FR5,64,3.98,nan,5,Left,Left,681,52,134,0,nan,nan,0.18
7/30/2026 17:24:03,1.17.3,FR5,64,3.98,nan,5,Left,Left,682,52,134,0,nan,nan,0.05
7/30/2026 17:24:06,1.17.3,FR5,64,3.98,nan,5,Left,Left,683,52,134,0,nan,nan,0.07
7/30/2026 17:24:08,1.17.3,FR5,64,3.98,nan,5,Left,Left,684,52,134,0,nan,nan,0.27
7/30/2026 17:24:18,1.17.3,FR5,64,3.98,nan,5,Left,Left,685,52,134,0,nan,nan,1.21
7/30/2026 17:24:20,1.17.3,FR5,64,3.98,1,5,Pellet,Left,685,52,135,0,0.35,42,nan
7/30/2026 17:24:46,1.17.3,FR5,64,3.98,nan,5,Left,Left,686,52,135,0,nan,nan,0.02
7/30/2026 17:49:27,1.17.3,FR5,64,3.98,nan,5,Left,Left,687,52,135,0,nan,nan,0.03
7/30/2026 17:49:28,1.17.3,FR5,64,3.98,nan,5,Left,Left,688,52,135,0,nan,nan,0.00
7/30/2026 18:01:38,1.17.3,FR5,64,3.98,nan,5,Left,Left,689,52,135,0,nan,nan,0.47
7/30/2026 18:01:41,1.17.3,FR5,64,3.98,nan,5,Left,Left,690,52,135,0,nan,nan,0.58
7/30/2026 18:01:42,1.17.3,FR5,64,3.98,1,5,Pellet,Left,690,52,136,0,0.17,2243,nan
7/30/2026 18:02:05,1.17.3,FR5,64,3.98,nan,5,Left,Left,691,52,136,0,nan,nan,0.84
7/30/2026 18:02:07,1.17.3,FR5,64,3.98,nan,5,Left,Left,692,52,136,0,nan,nan,0.13
7/30/2026 18:02:10,1.17.3,FR5,64,3.98,nan,5,Left,Left,693,52,136,0,nan,nan,0.54
7/30/2026 18:02:13,1.17.3,FR5,64,3.98,nan,5,Left,Left,694,52,136,0,nan,nan,0.47
7/30/2026 18:02:16,1.17.3,FR5,64,3.98,nan,5,Left,Left,695,52,136,0,nan,nan,0.27
7/30/2026 18:02:17,1.17.3,FR5,64,3.97,1,5,Pellet,Left,695,52,137,0,0.12,35,nan
7/30/2026 18:09:50,1.17.3,FR5,64,3.98,nan,5,Left,Left,696,52,137,0,nan,nan,0.87
7/30/2026 18:09:54,1.17.3,FR5,64,3.98,nan,5,Left,Left,697,52,137,0,nan,nan,0.76
7/30/2026 18:09:57,1.17.3,FR5,64,3.98,nan,5,Left,Left,698,52,137,0,nan,nan,0.01
7/30/2026 18:10:00,1.17.3,FR5,64,3.98,nan,5,Left,Left,699,52,137,0,nan,nan,0.41
7/30/2026 18:10:04,1.17.3,FR5,64,3.98,nan,5,Left,Left,700,52,137,0,nan,nan,0.40
7/30/2026 18:10:05,1.17.3,FR5,64,3.98,1,5,Pellet,Left,700,52,138,0,0.29,468,nan
7/30/2026 18:10:46,1.17.3,FR5,64,3.98,nan,5,Left,Left,701,52,138,0,nan,nan,0.74
7/30/2026 18:10:49,1.17.3,FR5,64,3.98,nan,5,Left,Left,702,52,138,0,nan,nan,0.03
7/30/2026 18:10:52,1.17.3,FR5,64,3.98,nan,5,Left,Left,703,52,138,0,nan,nan,0.68
7/30/2026 18:11:02,1.17.3,FR5,64,3.97,nan,5,Left,Left,704,52,138,0,nan,nan,1.47
7/30/2026 18:11:08,1.17.3,FR5,64,3.98,nan,5,Left,Left,705,52,138,0,nan,nan,0.99
7/30/2026 18:11:09,1.17.3,FR5,64,3.98,1,5,Pellet,Left,705,52,139,0,0.35,64,nan
7/30/2026 18:11:34,1.17.3,FR5,64,3.98,nan,5,Left,Left,706,52,139,0,nan,nan,0.27
7/30/2026 18:11:37,1.17.3,FR5,64,3.98,nan,5,Left,Left,707,52,139,0,nan,nan,0.20
7/30/2026 18:11:41,1.17.3,FR5,64,3.98,nan,5,Left,Left,708,52,139,0,nan,nan,0.15
7/30/2026 18:11:46,1.17.3,FR5,64,3.98,nan,5,Left,Left,709,52,139,0,nan,nan,0.63
7/30/2026 18:11:49,1.17.3,FR5,64,3.98,nan,5,Left,Left,710,52,139,0,nan,nan,0.29
7/30/2026 18:11:50,1.17.3,FR5,64,3.98,1,5,Pellet,Left,710,52,140,0,0.35,41,nan
7/30/2026 18:33:35,1.17.3,FR5,64,3.98,nan,5,Left,Left,711,52,140,0,nan,nan,0.03
7/30/2026 18:33:38,1.17.3,FR5,64,3.98,nan,5,Left,Left,712,52,140,0,nan,nan,0.70
7/30/2026 18:33:41,1.17.3,FR5,64,3.98,nan,5,Left,Left,713,52,140,0,nan,nan,0.70
7/30/2026 18:33:43,1.17.3,FR5,64,3.98,nan,5,Left,Left,714,52,140,0,nan,nan,0.66
7/30/2026 18:33:46,1.17.3,FR5,64,3.98,nan,5,Left,Left,715,52,140,0,nan,nan,0.50
7/30/2026 18:33:47,1.17.3,FR5,64,3.98,1,5,Pellet,Left,715,52,141,0,0.47,1317,nan
7/30/2026 18:34:09,1.17.3,FR5,64,3.98,nan,5,Left,Left,716,52,141,0,nan,nan,0.16
7/30/2026 18:34:14,1.17.3,FR5,64,3.98,nan,5,Left,Left,717,52,141,0,nan,nan,0.08
7/30/2026 18:34:19,1.17.3,FR5,64,3.98,nan,5,Left,Left,718,52,141,0,nan,nan,1.87
7/30/2026 18:34:26,1.17.3,FR5,64,3.98,nan,5,Left,Left,719,52,141,0,nan,nan,0.26
7/30/2026 18:34:29,1.17.3,FR5,64,3.98,nan,5,Left,Left,720,52,141,0,nan,nan,0.05
7/30/2026 18:34:31,1.17.3,FR5,64,3.98,1,5,Pellet,Left,720,52,142,0,0.59,44,nan
7/30/2026 18:34:58,1.17.3,FR5,64,3.98,nan,5,Left,Left,721,52,142,0,nan,nan,0.37
7/30/2026 18:46:49,1.17.3,FR5,64,3.98,nan,5,Left,Left,722,52,142,0,nan,nan,0.07
7/30/2026 18:48:03,1.17.3,FR5,64,3.98,nan,5,Left,Left,723,52,142,0,nan,nan,0.27
7/30/2026 18:48:04,1.17.3,FR5,64,3.98,nan,5,Left,Left,724,52,142,0,nan,nan,0.07
7/30/2026 18:48:19,1.17.3,FR5,64,3.98,nan,5,Right,Left,724,53,142,0,nan,nan,0.10
7/30/2026 18:53:49,1.17.3,FR5,64,3.98,nan,5,Right,Left,724,54,142,0,nan,nan,0.45
7/30/2026 18:53:51,1.17.3,FR5,64,3.98,nan,5,Right,Left,724,55,142,0,nan,nan,0.45
7/30/2026 18:53:56,1.17.3,FR5,64,3.98,nan,5,Left,Left,725,55,142,0,nan,nan,0.31
7/30/2026 18:53:57,1.17.3,FR5,64,3.98,1,5,Pellet,Left,725,55,143,0,0.29,1166,nan
7/30/2026 18:54:26,1.17.3,FR5,64,3.98,nan,5,Left,Left,726,55,143,0,nan,nan,0.46
7/30/2026 18:54:28,1.17.3,FR5,64,3.98,nan,5,Left,Left,727,55,143,0,nan,nan,0.54
7/30/2026 18:54:32,1.17.3,FR5,64,3.98,nan,5,Left,Left,728,55,143,0,nan,nan,0.25
7/30/2026 18:54:35,1.17.3,FR5,64,3.98,nan,5,Left,Left,729,55,143,0,nan,nan,0.22
7/30/2026 18:54:38,1.17.3,FR5,64,3.98,nan,5,Right,Left,729,56,143,0,nan,nan,0.32
7/30/2026 18:54:52,1.17.3,FR5,64,3.98,nan,5,Left,Left,730,56,143,0,nan,nan,0.24
7/30/2026 18:54:54,1.17.3,FR5,64,3.98,1,5,Pellet,Left,730,56,144,0,1.07,57,nan
7/30/2026 18:59:54,1.17.3,FR5,64,3.98,nan,5,Left,Left,731,56,144,0,nan,nan,0.06
7/30/2026 19:00:06,1.17.3,FR5,64,3.98,nan,5,Right,Left,731,57,144,0,nan,nan,0.07
7/30/2026 19:04:17,1.17.3,FR5,64,3.98,nan,5,Left,Left,732,57,144,0,nan,nan,0.29
7/30/2026 19:04:33,1.17.3,FR5,64,3.98,nan,5,Left,Left,733,57,144,0,nan,nan,0.12
7/30/2026 19:12:25,1.17.3,FR5,64,3.98,nan,5,Left,Left,734,57,144,0,nan,nan,0.18
7/30/2026 19:12:27,1.17.3,FR5,64,3.97,nan,5,Left,Left,735,57,144,0,nan,nan,0.17
7/30/2026 19:12:28,1.17.3,FR5,64,3.98,2,5,Pellet,Left,735,57,145,0,0.11,1054,nan
7/30/2026 19:14:48,1.17.3,FR5,64,3.98,nan,5,Left,Left,736,57,145,0,nan,nan,0.31
7/30/2026 19:14:50,1.17.3,FR5,64,3.98,nan,5,Left,Left,737,57,145,0,nan,nan,0.51
7/30/2026 19:14:54,1.17.3,FR5,64,3.98,nan,5,Left,Left,738,57,145,0,nan,nan,0.56
7/30/2026 19:15:00,1.17.3,FR5,64,3.98,nan,5,Left,Left,739,57,145,0,nan,nan,0.36
7/30/2026 19:15:08,1.17.3,FR5,64,3.98,nan,5,Right,Left,739,58,145,0,nan,nan,0.39
7/30/2026 19:17:06,1.17.3,FR5,64,3.98,nan,5,Left,Left,740,58,145,0,nan,nan,0.66
7/30/2026 19:17:10,1.17.3,FR5,64,3.98,2,5,Pellet,Left,740,58,146,0,1.55,282,nan
7/30/2026 19:17:57,1.17.3,FR5,64,3.98,nan,5,Left,Left,741,58,146,0,nan,nan,0.09
7/30/2026 19:18:28,1.17.3,FR5,64,3.98,nan,5,Left,Left,742,58,146,0,nan,nan,0.13
7/30/2026 19:18:36,1.17.3,FR5,64,3.98,nan,5,Left,Left,743,58,146,0,nan,nan,0.25
7/30/2026 19:18:39,1.17.3,FR5,64,3.98,nan,5,Left,Left,744,58,146,0,nan,nan,0.03
7/30/2026 19:18:43,1.17.3,FR5,64,3.98,nan,5,Right,Left,744,59,146,0,nan,nan,0.13
7/30/2026 19:18:44,1.17.3,FR5,64,3.98,nan,5,Left,Left,745,59,146,0,nan,nan,0.08
7/30/2026 19:18:45,1.17.3,FR5,64,3.98,2,5,Pellet,Left,745,59,147,0,0.23,95,nan
7/30/2026 19:19:57,1.17.3,FR5,64,3.98,nan,5,Left,Left,746,59,147,0,nan,nan,0.04
7/30/2026 19:21:40,1.17.3,FR5,64,3.98,nan,5,Left,Left,747,59,147,0,nan,nan,0.12
7/30/2026 19:21:44,1.17.3,FR5,64,3.98,nan,5,Left,Left,748,59,147,0,nan,nan,0.10
7/30/2026 19:21:46,1.17.3,FR5,64,3.98,nan,5,Left,Left,749,59,147,0,nan,nan,0.07
7/30/2026 19:30:28,1.17.3,FR5,64,3.98,nan,5,Left,Left,750,59,147,0,nan,nan,0.34
7/30/2026 19:30:29,1.17.3,FR5,64,3.98,1,5,Pellet,Left,750,59,148,0,0.29,704,nan
7/30/2026 19:30:45,1.17.3,FR5,64,3.97,nan,5,Left,Left,751,59,148,0,nan,nan,0.50
7/30/2026 19:30:50,1.17.3,FR5,64,3.97,nan,5,Left,Left,752,59,148,0,nan,nan,0.08
7/30/2026 19:30:55,1.17.3,FR5,64,3.98,nan,5,Left,Left,753,59,148,0,nan,nan,0.36
7/30/2026 19:32:01,1.17.3,FR5,64,3.97,nan,5,Left,Left,754,59,148,0,nan,nan,0.02
7/30/2026 19:32:38,1.17.3,FR5,64,3.98,nan,5,Left,Left,755,59,148,0,nan,nan,0.03
7/30/2026 19:32:39,1.17.3,FR5,64,3.97,1,5,Pellet,Left,755,59,149,0,0.41,130,nan
7/30/2026 19:33:10,1.17.3,FR5,64,3.98,nan,5,Left,Left,756,59,149,0,nan,nan,0.31
7/30/2026 19:33:15,1.17.3,FR5,64,3.98,nan,5,Left,Left,757,59,149,0,nan,nan,0.23
7/30/2026 19:33:19,1.17.3,FR5,64,3.98,nan,5,Left,Left,758,59,149,0,nan,nan,0.09
7/30/2026 19:33:22,1.17.3,FR5,64,3.98,nan,5,Right,Left,758,60,149,0,nan,nan,0.21
7/30/2026 19:33:25,1.17.3,FR5,64,3.98,nan,5,Left,Left,759,60,149,0,nan,nan,0.28
7/30/2026 19:33:34,1.17.3,FR5,64,3.98,nan,5,Left,Left,760,60,149,0,nan,nan,0.08
7/30/2026 19:33:35,1.17.3,FR5,64,3.98,2,5,Pellet,Left,760,60,150,0,0.12,56,nan
7/30/2026 19:37:00,1.17.3,FR5,64,3.98,nan,5,Left,Left,761,60,150,0,nan,nan,0.93
7/30/2026 19:37:05,1.17.3,FR5,64,3.97,nan,5,Left,Left,762,60,150,0,nan,nan,0.82
7/30/2026 19:37:08,1.17.3,FR5,64,3.98,nan,5,Left,Left,763,60,150,0,nan,nan,0.10
7/30/2026 19:37:19,1.17.3,FR5,64,3.98,nan,5,Left,Left,764,60,150,0,nan,nan,0.97
7/30/2026 19:37:24,1.17.3,FR5,64,3.98,nan,5,Left,Left,765,60,150,0,nan,nan,0.08
7/30/2026 19:37:25,1.17.3,FR5,64,3.98,1,5,Pellet,Left,765,60,151,0,0.29,230,nan
7/30/2026 19:38:08,1.17.3,FR5,64,3.98,nan,5,Left,Left,766,60,151,0,nan,nan,0.00
7/30/2026 19:38:15,1.17.3,FR5,64,3.98,nan,5,Left,Left,767,60,151,0,nan,nan,0.00
7/30/2026 19:38:20,1.17.3,FR5,64,3.98,nan,5,Left,Left,768,60,151,0,nan,nan,0.76
7/30/2026 19:38:25,1.17.3,FR5,64,3.98,nan,5,Left,Left,769,60,151,0,nan,nan,0.91
7/30/2026 19:38:28,1.17.3,FR5,64,3.98,nan,5,Left,Left,770,60,151,0,nan,nan,0.41
7/30/2026 19:38:29,1.17.3,FR5,64,3.98,nan,5,LeftDuringDispense,Left,771,60,151,0,nan,nan,0.03
7/30/2026 19:38:32,1.17.3,FR5,64,3.97,2,5,Pellet,Left,771,60,152,0,0.23,67,nan
7/30/2026 19:42:45,1.17.3,FR5,64,3.98,nan,5,Left,Left,772,60,152,0,nan,nan,0.39
7/30/2026 19:42:48,1.17.3,FR5,64,3.97,nan,5,Left,Left,773,60,152,0,nan,nan,0.77
7/30/2026 19:43:08,1.17.3,FR5,64,3.98,nan,5,Left,Left,774,60,152,0,nan,nan,0.81
7/30/2026 19:46:05,1.17.3,FR5,64,3.97,nan,5,Left,Left,775,60,152,0,nan,nan,0.13
7/30/2026 19:46:05,1.17.3,FR5,64,3.97,nan,5,LeftDuringDispense,Left,776,60,152,0,nan,nan,0.09
7/30/2026 19:46:08,1.17.3,FR5,64,3.97,nan,5,LeftDuringDispense,Left,777,60,152,0,nan,nan,0.01
7/30/2026 19:46:09,1.17.3,FR5,64,3.98,2,5,Pellet,Left,777,60,153,0,0.71,457,nan
7/30/2026 19:46:43,1.17.3,FR5,64,3.97,nan,5,Left,Left,778,60,153,0,nan,nan,0.25
7/30/2026 19:46:56,1.17.3,FR5,64,3.98,nan,5,Left,Left,779,60,153,0,nan,nan,0.36
7/30/2026 19:46:58,1.17.3,FR5,64,3.98,nan,5,Left,Left,780,60,153,0,nan,nan,0.66
7/30/2026 19:46:59,1.17.3,FR5,64,3.98,1,5,Pellet,Left,780,60,154,0,0.23,50,nan
7/30/2026 19:47:43,1.17.3,FR5,64,3.98,nan,5,Left,Left,781,60,154,0,nan,nan,0.86
7/30/2026 19:55:01,1.17.3,FR5,64,3.98,nan,5,Left,Left,782,60,154,0,nan,nan,0.00
7/30/2026 19:55:04,1.17.3,FR5,64,3.98,nan,5,Left,Left,783,60,154,0,nan,nan,0.31
7/30/2026 19:55:13,1.17.3,FR5,64,3.97,nan,5,Left,Left,784,60,154,0,nan,nan,0.83
7/30/2026 19:55:16,1.17.3,FR5,64,3.98,nan,5,Left,Left,785,60,154,0,nan,nan,0.01
7/30/2026 19:55:18,1.17.3,FR5,64,3.98,1,5,Pellet,Left,785,60,155,0,0.41,499,nan
7/30/2026 19:55:49,1.17.3,FR5,64,3.98,nan,5,Left,Left,786,60,155,0,nan,nan,0.07
7/30/2026 19:59:02,1.17.3,FR5,64,3.98,nan,5,Left,Left,787,60,155,0,nan,nan,0.32
7/30/2026 20:05:27,1.17.3,FR5,64,3.98,nan,5,Left,Left,788,60,155,0,nan,nan,0.09
7/30/2026 20:09:52,1.17.3,FR5,64,3.98,nan,5,Left,Left,789,60,155,0,nan,nan,0.15
7/30/2026 20:10:55,1.17.3,FR5,64,3.98,nan,5,Left,Left,790,60,155,0,nan,nan,0.31
7/30/2026 20:10:57,1.17.3,FR5,64,3.97,1,5,Pellet,Left,790,60,156,0,1.07,939,nan
7/30/2026 20:11:27,1.17.3,FR5,64,3.98,nan,5,Left,Left,791,60,156,0,nan,nan,0.04
7/30/2026 20:13:25,1.17.3,FR5,64,3.98,nan,5,Right,Left,791,61,156,0,nan,nan,0.10
7/30/2026 20:13:28,1.17.3,FR5,64,3.98,nan,5,Left,Left,792,61,156,0,nan,nan,0.03
7/30/2026 20:18:52,1.17.3,FR5,64,3.98,nan,5,Left,Left,793,61,156,0,nan,nan,0.17
7/30/2026 20:25:21,1.17.3,FR5,64,3.98,nan,5,Left,Left,794,61,156,0,nan,nan,0.20
7/30/2026 20:34:04,1.17.3,FR5,64,3.98,nan,5,Left,Left,795,61,156,0,nan,nan,0.04
7/30/2026 20:34:06,1.17.3,FR5,64,3.97,1,5,Pellet,Left,795,61,157,0,0.65,1389,nan
7/30/2026 20:35:28,1.17.3,FR5,64,3.97,nan,5,Left,Left,796,61,157,0,nan,nan,0.09
7/30/2026 20:35:28,1.17.3,FR5,64,3.97,nan,5,Left,Left,797,61,157,0,nan,nan,0.11
7/30/2026 20:35:32,1.17.3,FR5,64,3.97,nan,5,Left,Left,798,61,157,0,nan,nan,0.19
7/30/2026 20:35:37,1.17.3,FR5,64,3.98,nan,5,Left,Left,799,61,157,0,nan,nan,0.13
7/30/2026 20:35:42,1.17.3,FR5,64,3.98,nan,5,Left,Left,800,61,157,0,nan,nan,0.04
7/30/2026 20:35:46,1.17.3,FR5,64,3.97,2,5,Pellet,Left,800,61,158,0,0.95,100,nan
7/30/2026 20:36:10,1.17.3,FR5,64,3.98,nan,5,Left,Left,801,61,158,0,nan,nan,0.12
7/30/2026 20:40:04,1.17.3,FR5,64,3.98,nan,5,Left,Left,802,61,158,0,nan,nan,0.41
7/30/2026 20:40:13,1.17.3,FR5,64,3.98,nan,5,Left,Left,803,61,158,0,nan,nan,0.25
7/30/2026 20:40:14,1.17.3,FR5,64,3.98,nan,5,Left,Left,804,61,158,0,nan,nan,0.15
7/30/2026 20:40:15,1.17.3,FR5,64,3.97,nan,5,Left,Left,805,61,158,0,nan,nan,0.01
7/30/2026 20:40:16,1.17.3,FR5,64,3.98,1,5,Pellet,Left,805,61,159,0,0.71,270,nan
7/30/2026 20:40:38,1.17.3,FR5,64,3.98,nan,5,Left,Left,806,61,159,0,nan,nan,0.14
7/30/2026 20:42:19,1.17.3,FR5,64,3.97,nan,5,Left,Left,807,61,159,0,nan,nan,0.64
7/30/2026 20:42:20,1.17.3,FR5,64,3.97,nan,5,Left,Left,808,61,159,0,nan,nan,0.24
7/30/2026 20:42:25,1.17.3,FR5,64,3.97,nan,5,Right,Left,808,62,159,0,nan,nan,0.10
7/30/2026 20:42:27,1.17.3,FR5,64,3.98,nan,5,Left,Left,809,62,159,0,nan,nan,0.22
7/30/2026 20:42:28,1.17.3,FR5,64,3.97,nan,5,Left,Left,810,62,159,0,nan,nan,0.18
7/30/2026 20:42:30,1.17.3,FR5,64,3.98,2,5,Pellet,Left,810,62,160,0,0.95,134,nan
7/30/2026 20:42:46,1.17.3,FR5,64,3.97,nan,5,Left,Left,811,62,160,0,nan,nan,0.11
7/30/2026 20:42:48,1.17.3,FR5,64,3.97,nan,5,Right,Left,811,63,160,0,nan,nan,0.22
7/30/2026 20:42:50,1.17.3,FR5,64,3.98,nan,5,Left,Left,812,63,160,0,nan,nan,0.54
7/30/2026 20:42:55,1.17.3,FR5,64,3.97,nan,5,Left,Left,813,63,160,0,nan,nan,0.17
7/30/2026 20:46:02,1.17.3,FR5,64,3.98,nan,5,Left,Left,814,63,160,0,nan,nan,0.38
7/30/2026 20:47:27,1.17.3,FR5,64,3.98,nan,5,Left,Left,815,63,160,0,nan,nan,0.22
7/30/2026 20:47:29,1.17.3,FR5,64,3.98,1,5,Pellet,Left,815,63,161,0,1.55,299,nan
7/30/2026 20:49:13,1.17.3,FR5,64,3.97,nan,5,Left,Left,816,63,161,0,nan,nan,0.32
7/30/2026 20:54:57,1.17.3,FR5,64,3.97,nan,5,Left,Left,817,63,161,0,nan,nan,0.08
7/30/2026 21:01:20,1.17.3,FR5,64,3.97,nan,5,Left,Left,818,63,161,0,nan,nan,0.43
7/30/2026 21:04:17,1.17.3,FR5,64,3.97,nan,5,Left,Left,819,63,161,0,nan,nan,0.35
7/30/2026 21:04:23,1.17.3,FR5,64,3.97,nan,5,Left,Left,820,63,161,0,nan,nan,0.54
7/30/2026 21:04:25,1.17.3,FR5,64,3.97,1,5,Pellet,Left,820,63,162,0,1.49,1016,nan
7/30/2026 21:04:46,1.17.3,FR5,64,3.97,nan,5,Left,Left,821,63,162,0,nan,nan,0.90
7/30/2026 21:04:48,1.17.3,FR5,64,3.97,nan,5,Left,Left,822,63,162,0,nan,nan,0.48
7/30/2026 21:05:05,1.17.3,FR5,64,3.97,nan,5,Left,Left,823,63,162,0,nan,nan,1.12
7/30/2026 21:15:02,1.17.3,FR5,64,3.97,nan,5,Left,Left,824,63,162,0,nan,nan,0.67
7/30/2026 21:15:07,1.17.3,FR5,64,3.97,nan,5,Left,Left,825,63,162,0,nan,nan,1.07
7/30/2026 21:15:07,1.17.3,FR5,64,3.97,nan,5,LeftDuringDispense,Left,826,63,162,0,nan,nan,0.02
7/30/2026 21:15:10,1.17.3,FR5,64,3.97,2,5,Pellet,Left,826,63,163,0,0.47,645,nan
7/30/2026 21:16:42,1.17.3,FR5,64,3.98,nan,5,Left,Left,827,63,163,0,nan,nan,0.13
7/30/2026 21:16:45,1.17.3,FR5,64,3.97,nan,5,Left,Left,828,63,163,0,nan,nan,0.39
7/30/2026 21:16:53,1.17.3,FR5,64,3.98,nan,5,Left,Left,829,63,163,0,nan,nan,0.07
7/30/2026 21:26:42,1.17.3,FR5,64,3.97,nan,5,Left,Left,830,63,163,0,nan,nan,0.48
7/30/2026 21:26:43,1.17.3,FR5,64,3.97,1,5,Pellet,Left,830,63,164,0,0.41,693,nan
7/30/2026 21:27:09,1.17.3,FR5,64,3.97,nan,5,Left,Left,831,63,164,0,nan,nan,0.43
7/30/2026 21:28:22,1.17.3,FR5,64,3.97,nan,5,Left,Left,832,63,164,0,nan,nan,0.08
7/30/2026 21:33:15,1.17.3,FR5,64,3.98,nan,5,Left,Left,833,63,164,0,nan,nan,1.02
7/30/2026 21:33:21,1.17.3,FR5,64,3.97,nan,5,Left,Left,834,63,164,0,nan,nan,2.28
7/30/2026 21:33:22,1.17.3,FR5,64,3.97,nan,5,Left,Left,835,63,164,0,nan,nan,0.12
7/30/2026 21:33:22,1.17.3,FR5,64,3.97,nan,5,LeftDuringDispense,Left,836,63,164,0,nan,nan,0.07
7/30/2026 21:33:27,1.17.3,FR5,64,3.97,2,5,Pellet,Left,836,63,165,0,1.61,404,nan
7/30/2026 21:37:06,1.17.3,FR5,64,3.97,nan,5,Right,Left,836,64,165,0,nan,nan,0.13
7/30/2026 21:37:07,1.17.3,FR5,64,3.98,nan,5,Left,Left,837,64,165,0,nan,nan,0.02
7/30/2026 21:37:09,1.17.3,FR5,64,3.97,nan,5,Left,Left,838,64,165,0,nan,nan,0.25
7/30/2026 21:40:06,1.17.3,FR5,64,3.97,nan,5,Left,Left,839,64,165,0,nan,nan,0.04
7/30/2026 21:40:07,1.17.3,FR5,64,3.97,nan,5,Left,Left,840,64,165,0,nan,nan,0.46
7/30/2026 21:40:11,1.17.3,FR5,64,3.97,1,5,Pellet,Left,840,64,166,0,2.33,403,nan
7/30/2026 21:40:48,1.17.3,FR5,64,3.97,nan,5,Left,Left,841,64,166,0,nan,nan,0.06
7/30/2026 21:40:53,1.17.3,FR5,64,3.97,nan,5,Left,Left,842,64,166,0,nan,nan,0.11
7/30/2026 21:41:03,1.17.3,FR5,64,3.97,nan,5,Left,Left,843,64,166,0,nan,nan,0.07
7/30/2026 21:43:30,1.17.3,FR5,64,3.97,nan,5,Left,Left,844,64,166,0,nan,nan,0.14
7/30/2026 21:45:27,1.17.3,FR5,64,3.97,nan,5,Right,Left,844,65,166,0,nan,nan,0.01
7/30/2026 21:49:42,1.17.3,FR5,64,3.98,nan,5,Left,Left,845,65,166,0,nan,nan,0.31
7/30/2026 21:49:43,1.17.3,FR5,64,3.97,1,5,Pellet,Left,845,65,167,0,0.35,573,nan
7/30/2026 21:50:07,1.17.3,FR5,64,3.97,nan,5,Left,Left,846,65,167,0,nan,nan,0.22
7/30/2026 21:50:12,1.17.3,FR5,64,3.97,nan,5,Left,Left,847,65,167,0,nan,nan,0.17
7/30/2026 21:50:19,1.17.3,FR5,64,3.97,nan,5,Left,Left,848,65,167,0,nan,nan,0.00
7/30/2026 21:50:23,1.17.3,FR5,64,3.98,nan,5,Left,Left,849,65,167,0,nan,nan,0.22
7/30/2026 21:50:27,1.17.3,FR5,64,3.97,nan,5,Left,Left,850,65,167,0,nan,nan,0.14
7/30/2026 21:50:29,1.17.3,FR5,64,3.97,1,5,Pellet,Left,850,65,168,0,1.13,46,nan
7/30/2026 21:53:16,1.17.3,FR5,64,3.96,nan,5,Left,Left,851,65,168,0,nan,nan,0.07
7/30/2026 21:53:40,1.17.3,FR5,64,3.97,nan,5,Right,Left,851,66,168,0,nan,nan,0.21
7/30/2026 21:55:31,1.17.3,FR5,64,3.97,nan,5,Left,Left,852,66,168,0,nan,nan,0.12
7/30/2026 22:00:20,1.17.3,FR5,64,3.97,nan,5,Left,Left,853,66,168,0,nan,nan,0.11
7/30/2026 22:04:09,1.17.3,FR5,64,3.97,nan,5,Right,Left,853,67,168,0,nan,nan,0.00
7/30/2026 22:04:12,1.17.3,FR5,64,3.97,nan,5,Right,Left,853,68,168,0,nan,nan,0.42
7/30/2026 22:04:14,1.17.3,FR5,64,3.97,nan,5,Right,Left,853,69,168,0,nan,nan,0.30
7/30/2026 22:04:16,1.17.3,FR5,64,3.97,nan,5,Left,Left,854,69,168,0,nan,nan,0.23
7/30/2026 22:11:53,1.17.3,FR5,64,3.97,nan,5,Left,Left,855,69,168,0,nan,nan,0.02
7/30/2026 22:11:54,1.17.3,FR5,64,3.97,1,5,Pellet,Left,855,69,169,0,0.47,1285,nan
7/30/2026 22:23:21,1.17.3,FR5,64,3.97,nan,5,Left,Left,856,69,169,0,nan,nan,0.12
7/30/2026 22:23:22,1.17.3,FR5,64,3.97,nan,5,Left,Left,857,69,169,0,nan,nan,0.12
7/30/2026 22:23:30,1.17.3,FR5,64,3.97,nan,5,Left,Left,858,69,169,0,nan,nan,0.05
7/30/2026 22:23:33,1.17.3,FR5,64,3.97,nan,5,Right,Left,858,70,169,0,nan,nan,0.20
7/30/2026 22:26:01,1.17.3,FR5,64,3.96,nan,5,Right,Left,858,71,169,0,nan,nan,0.07
7/30/2026 22:26:10,1.17.3,FR5,64,3.97,nan,5,Left,Left,859,71,169,0,nan,nan,0.27
7/30/2026 22:26:12,1.17.3,FR5,64,3.97,nan,5,Left,Left,860,71,169,0,nan,nan,0.34
7/30/2026 22:26:15,1.17.3,FR5,64,3.97,1,5,Pellet,Left,860,71,170,0,1.43,861,nan
7/30/2026 22:28:00,1.17.3,FR5,64,3.97,nan,5,Left,Left,861,71,170,0,nan,nan,0.06
7/30/2026 22:28:02,1.17.3,FR5,64,3.98,nan,5,Left,Left,862,71,170,0,nan,nan,0.04
7/30/2026 22:28:07,1.17.3,FR5,64,3.97,nan,5,Left,Left,863,71,170,0,nan,nan,0.18
7/30/2026 22:28:09,1.17.3,FR5,64,3.97,nan,5,Left,Left,864,71,170,0,nan,nan,0.13
7/30/2026 22:28:10,1.17.3,FR5,64,3.97,nan,5,Left,Left,865,71,170,0,nan,nan,0.15
7/30/2026 22:28:12,1.17.3,FR5,64,3.97,1,5,Pellet,Left,865,71,171,0,1.19,117,nan
7/30/2026 22:30:37,1.17.3,FR5,64,3.97,nan,5,Left,Left,866,71,171,0,nan,nan,0.09
7/30/2026 22:30:41,1.17.3,FR5,64,3.97,nan,5,Right,Left,866,72,171,0,nan,nan,0.11
7/30/2026 22:38:19,1.17.3,FR5,64,3.96,nan,5,Left,Left,867,72,171,0,nan,nan,0.25
7/30/2026 22:38:24,1.17.3,FR5,64,3.97,nan,5,Right,Left,867,73,171,0,nan,nan,0.20
7/30/2026 22:40:00,1.17.3,FR5,64,3.96,nan,5,Left,Left,868,73,171,0,nan,nan,0.01
7/30/2026 22:40:04,1.17.3,FR5,64,3.96,nan,5,Left,Left,869,73,171,0,nan,nan,0.25
7/30/2026 22:40:12,1.17.3,FR5,64,3.97,nan,5,Left,Left,870,73,171,0,nan,nan,0.30
7/30/2026 22:40:14,1.17.3,FR5,64,3.96,1,5,Pellet,Left,870,73,172,0,1.25,722,nan
7/30/2026 22:47:39,1.17.3,FR5,64,3.96,nan,5,Right,Left,870,74,172,0,nan,nan,0.14
7/30/2026 22:48:54,1.17.3,FR5,64,3.97,nan,5,Right,Left,870,75,172,0,nan,nan,0.26
7/30/2026 22:49:32,1.17.3,FR5,64,3.97,nan,5,Right,Left,870,76,172,0,nan,nan,0.02
7/30/2026 22:49:37,1.17.3,FR5,64,3.96,nan,5,Left,Left,871,76,172,0,nan,nan,0.15
7/30/2026 22:49:42,1.17.3,FR5,64,3.96,nan,5,Left,Left,872,76,172,0,nan,nan,0.04
7/30/2026 22:53:12,1.17.3,FR5,64,3.97,nan,5,Left,Left,873,76,172,0,nan,nan,0.06
7/30/2026 22:53:22,1.17.3,FR5,64,3.97,nan,5,Left,Left,874,76,172,0,nan,nan,0.08
7/30/2026 22:53:27,1.17.3,FR5,64,3.97,nan,5,Left,Left,875,76,172,0,nan,nan,0.37
7/30/2026 22:53:29,1.17.3,FR5,64,3.97,2,5,Pellet,Left,875,76,173,0,0.12,794,nan
7/30/2026 22:53:46,1.17.3,FR5,64,3.96,nan,5,Right,Left,875,77,173,0,nan,nan,0.05
7/30/2026 22:53:48,1.17.3,FR5,64,3.97,nan,5,Left,Left,876,77,173,0,nan,nan,0.18
7/30/2026 22:53:49,1.17.3,FR5,64,3.97,nan,5,Left,Left,877,77,173,0,nan,nan,0.04
7/30/2026 22:56:21,1.17.3,FR5,64,3.97,nan,5,Left,Left,878,77,173,0,nan,nan,0.29
7/30/2026 22:57:59,1.17.3,FR5,64,3.97,nan,5,Left,Left,879,77,173,0,nan,nan,0.02
7/30/2026 23:05:04,1.17.3,FR5,64,3.96,nan,5,Left,Left,880,77,173,0,nan,nan,0.04
7/30/2026 23:05:06,1.17.3,FR5,64,3.96,1,5,Pellet,Left,880,77,174,0,0.41,697,nan
7/30/2026 23:05:29,1.17.3,FR5,64,3.97,nan,5,Left,Left,881,77,174,0,nan,nan,0.10
7/30/2026 23:05:32,1.17.3,FR5,64,3.96,nan,5,Left,Left,882,77,174,0,nan,nan,0.24
7/30/2026 23:05:34,1.17.3,FR5,64,3.96,nan,5,Left,Left,883,77,174,0,nan,nan,0.15
7/30/2026 23:08:45,1.17.3,FR5,64,3.96,nan,5,Right,Left,883,78,174,0,nan,nan,0.19
7/30/2026 23:08:46,1.17.3,FR5,64,3.97,nan,5,Left,Left,884,78,174,0,nan,nan,0.14
7/30/2026 23:08:57,1.17.3,FR5,64,3.97,nan,5,Left,Left,885,78,174,0,nan,nan,0.04
7/30/2026 23:08:57,1.17.3,FR5,64,3.96,nan,5,LeftDuringDispense,Left,886,78,174,0,nan,nan,0.08
7/30/2026 23:09:00,1.17.3,FR5,64,3.96,2,5,Pellet,Left,886,78,175,0,0.53,235,nan
7/30/2026 23:15:51,1.17.3,FR5,64,3.96,nan,5,Left,Left,887,78,175,0,nan,nan,0.04
7/30/2026 23:16:01,1.17.3,FR5,64,3.96,nan,5,Left,Left,888,78,175,0,nan,nan,0.36
7/30/2026 23:16:04,1.17.3,FR5,64,3.97,nan,5,Left,Left,889,78,175,0,nan,nan,0.16
7/30/2026 23:16:06,1.17.3,FR5,64,3.97,nan,5,Left,Left,890,78,175,0,nan,nan,0.40
7/30/2026 23:16:08,1.17.3,FR5,64,3.96,2,5,Pellet,Left,890,78,176,0,0.23,428,nan
7/30/2026 23:17:53,1.17.3,FR5,64,3.96,nan,5,Left,Left,891,78,176,0,nan,nan,0.01
7/30/2026 23:18:31,1.17.3,FR5,64,3.97,nan,5,Right,Left,891,79,176,0,nan,nan,0.06
7/30/2026 23:18:34,1.17.3,FR5,64,3.97,nan,5,Right,Left,891,80,176,0,nan,nan,0.13
7/30/2026 23:22:48,1.17.3,FR5,64,3.97,nan,5,Right,Left,891,81,176,0,nan,nan,0.03
7/30/2026 23:22:50,1.17.3,FR5,64,3.96,nan,5,Left,Left,892,81,176,0,nan,nan,0.07
7/30/2026 23:22:51,1.17.3,FR5,64,3.97,nan,5,Left,Left,893,81,176,0,nan,nan,0.20
7/30/2026 23:22:53,1.17.3,FR5,64,3.96,nan,5,Left,Left,894,81,176,0,nan,nan,0.22
7/30/2026 23:22:54,1.17.3,FR5,64,3.97,nan,5,Left,Left,895,81,176,0,nan,nan,0.00
7/30/2026 23:22:55,1.17.3,FR5,64,3.96,1,5,Pellet,Left,895,81,177,0,0.35,407,nan
7/30/2026 23:23:20,1.17.3,FR5,64,3.96,nan,5,Left,Left,896,81,177,0,nan,nan,0.14
7/30/2026 23:23:59,1.17.3,FR5,64,3.97,nan,5,Right,Left,896,82,177,0,nan,nan,0.06
7/30/2026 23:28:01,1.17.3,FR5,64,3.96,nan,5,Left,Left,897,82,177,0,nan,nan,0.17
7/30/2026 23:35:21,1.17.3,FR5,64,3.97,nan,5,Left,Left,898,82,177,0,nan,nan,0.53
7/30/2026 23:35:24,1.17.3,FR5,64,3.97,nan,5,Left,Left,899,82,177,0,nan,nan,0.07
7/30/2026 23:35:31,1.17.3,FR5,64,3.96,nan,5,Left,Left,900,82,177,0,nan,nan,0.20
7/30/2026 23:35:35,1.17.3,FR5,64,3.97,2,5,Pellet,Left,900,82,178,0,0.65,760,nan
7/30/2026 23:36:04,1.17.3,FR5,64,3.96,nan,5,Left,Left,901,82,178,0,nan,nan,0.23
7/30/2026 23:36:17,1.17.3,FR5,64,3.97,nan,5,Right,Left,901,83,178,0,nan,nan,0.04
7/30/2026 23:36:19,1.17.3,FR5,64,3.96,nan,5,Right,Left,901,84,178,0,nan,nan,0.28
7/30/2026 23:36:25,1.17.3,FR5,64,3.97,nan,5,Left,Left,902,84,178,0,nan,nan,0.13
7/30/2026 23:36:27,1.17.3,FR5,64,3.97,nan,5,Left,Left,903,84,178,0,nan,nan,0.17
7/30/2026 23:36:31,1.17.3,FR5,64,3.96,nan,5,Left,Left,904,84,178,0,nan,nan,0.20
7/30/2026 23:36:35,1.17.3,FR5,64,3.97,nan,5,Left,Left,905,84,178,0,nan,nan,0.15
7/30/2026 23:36:37,1.17.3,FR5,64,3.96,2,5,Pellet,Left,905,84,179,0,0.06,62,nan
7/30/2026 23:36:59,1.17.3,FR5,64,3.96,nan,5,Left,Left,906,84,179,0,nan,nan,0.13
7/30/2026 23:37:02,1.17.3,FR5,64,3.96,nan,5,Left,Left,907,84,179,0,nan,nan,0.10
7/30/2026 23:37:06,1.17.3,FR5,64,3.96,nan,5,Left,Left,908,84,179,0,nan,nan,0.49
7/30/2026 23:37:08,1.17.3,FR5,64,3.96,nan,5,Left,Left,909,84,179,0,nan,nan,0.07
7/30/2026 23:40:34,1.17.3,FR5,64,3.96,nan,5,Right,Left,909,85,179,0,nan,nan,0.28
7/30/2026 23:40:40,1.17.3,FR5,64,3.97,nan,5,Left,Left,910,85,179,0,nan,nan,0.14
7/30/2026 23:40:42,1.17.3,FR5,64,3.97,1,5,Pellet,Left,910,85,180,0,0.65,245,nan
7/30/2026 23:40:57,1.17.3,FR5,64,3.97,nan,5,Left,Left,911,85,180,0,nan,nan,0.21
7/30/2026 23:41:54,1.17.3,FR5,64,3.97,nan,5,Left,Left,912,85,180,0,nan,nan,0.15
7/30/2026 23:41:57,1.17.3,FR5,64,3.97,nan,5,Right,Left,912,86,180,0,nan,nan,0.21
7/30/2026 23:41:59,1.17.3,FR5,64,3.96,nan,5,Left,Left,913,86,180,0,nan,nan,0.22
7/30/2026 23:54:41,1.17.3,FR5,64,3.96,nan,5,Left,Left,914,86,180,0,nan,nan,0.04
7/30/2026 23:54:45,1.17.3,FR5,64,3.96,nan,5,Left,Left,915,86,180,0,nan,nan,0.22
7/30/2026 23:54:47,1.17.3,FR5,64,3.96,1,5,Pellet,Left,915,86,181,0,0.71,845,nan
7/30/2026 23:55:08,1.17.3,FR5,64,3.97,nan,5,Left,Left,916,86,181,0,nan,nan,0.22
7/31/2026 0:09:35,1.17.3,FR5,64,3.96,nan,5,Left,Left,917,86,181,0,nan,nan,0.27
7/31/2026 0:09:38,1.17.3,FR5,64,3.96,nan,5,Left,Left,918,86,181,0,nan,nan,0.08
7/31/2026 0:16:10,1.17.3,FR5,64,3.96,nan,5,Left,Left,919,86,181,0,nan,nan,0.34
7/31/2026 0:16:15,1.17.3,FR5,64,3.97,nan,5,Left,Left,920,86,181,0,nan,nan,0.33
7/31/2026 0:16:17,1.17.3,FR5,64,3.96,2,5,Pellet,Left,920,86,182,0,1.49,1290,nan
7/31/2026 0:26:49,1.17.3,FR5,64,3.96,nan,5,Left,Left,921,86,182,0,nan,nan,0.17
7/31/2026 0:29:06,1.17.3,FR5,64,3.96,nan,5,Left,Left,922,86,182,0,nan,nan,0.08
7/31/2026 0:29:10,1.17.3,FR5,64,3.96,nan,5,Left,Left,923,86,182,0,nan,nan,0.19
7/31/2026 0:29:14,1.17.3,FR5,64,3.97,nan,5,Right,Left,923,87,182,0,nan,nan,0.46
7/31/2026 0:29:18,1.17.3,FR5,64,3.96,nan,5,Right,Left,923,88,182,0,nan,nan,0.39
7/31/2026 0:29:20,1.17.3,FR5,64,3.97,nan,5,Left,Left,924,88,182,0,nan,nan,0.03
7/31/2026 0:29:23,1.17.3,FR5,64,3.96,nan,5,Left,Left,925,88,182,0,nan,nan,0.16
7/31/2026 0:29:24,1.17.3,FR5,64,3.96,1,5,Pellet,Left,925,88,183,0,0.35,787,nan
7/31/2026 0:37:34,1.17.3,FR5,64,3.97,nan,5,Left,Left,926,88,183,0,nan,nan,0.22
7/31/2026 0:38:31,1.17.3,FR5,64,3.96,nan,5,Right,Left,926,89,183,0,nan,nan,0.31
7/31/2026 0:38:35,1.17.3,FR5,64,3.96,nan,5,Right,Left,926,90,183,0,nan,nan,0.14
7/31/2026 0:38:37,1.17.3,FR5,64,3.96,nan,5,Left,Left,927,90,183,0,nan,nan,0.19
7/31/2026 0:38:39,1.17.3,FR5,64,3.96,nan,5,Left,Left,928,90,183,0,nan,nan,0.22
7/31/2026 0:38:44,1.17.3,FR5,64,3.96,nan,5,Left,Left,929,90,183,0,nan,nan,0.20
7/31/2026 0:38:49,1.17.3,FR5,64,3.96,nan,5,Left,Left,930,90,183,0,nan,nan,0.25
7/31/2026 0:38:50,1.17.3,FR5,64,3.96,1,5,Pellet,Left,930,90,184,0,0.17,565,nan
7/31/2026 0:39:11,1.17.3,FR5,64,3.97,nan,5,Left,Left,931,90,184,0,nan,nan,0.17
7/31/2026 0:43:33,1.17.3,FR5,64,3.97,nan,5,Left,Left,932,90,184,0,nan,nan,0.44
7/31/2026 0:43:37,1.17.3,FR5,64,3.96,nan,5,Left,Left,933,90,184,0,nan,nan,0.35
7/31/2026 0:46:30,1.17.3,FR5,64,3.96,nan,5,Left,Left,934,90,184,0,nan,nan,0.10
7/31/2026 0:46:36,1.17.3,FR5,64,3.96,nan,5,Left,Left,935,90,184,0,nan,nan,0.24
7/31/2026 0:46:40,1.17.3,FR5,64,3.96,3,5,Pellet,Left,935,90,185,0,0.77,471,nan
7/31/2026 0:47:15,1.17.3,FR5,64,3.96,nan,5,Left,Left,936,90,185,0,nan,nan,0.40
7/31/2026 0:47:20,1.17.3,FR5,64,3.96,nan,5,Right,Left,936,91,185,0,nan,nan,0.22
7/31/2026 0:49:20,1.17.3,FR5,64,3.96,nan,5,Left,Left,937,91,185,0,nan,nan,0.27
7/31/2026 0:49:24,1.17.3,FR5,64,3.96,nan,5,Left,Left,938,91,185,0,nan,nan,0.13
7/31/2026 0:49:26,1.17.3,FR5,64,3.96,nan,5,Left,Left,939,91,185,0,nan,nan,0.17
7/31/2026 1:01:03,1.17.3,FR5,64,3.96,nan,5,Left,Left,940,91,185,0,nan,nan,0.43
7/31/2026 1:01:04,1.17.3,FR5,64,3.96,2,5,Pellet,Left,940,91,186,0,0.17,864,nan
7/31/2026 1:01:35,1.17.3,FR5,64,3.96,nan,5,Left,Left,941,91,186,0,nan,nan,0.27
7/31/2026 1:01:58,1.17.3,FR5,64,3.96,nan,5,Left,Left,942,91,186,0,nan,nan,0.25
7/31/2026 1:02:46,1.17.3,FR5,64,3.96,nan,5,Left,Left,943,91,186,0,nan,nan,0.00
7/31/2026 1:24:28,1.17.3,FR5,64,3.96,nan,5,Right,Left,943,92,186,0,nan,nan,0.14
7/31/2026 1:37:58,1.17.3,FR5,64,3.96,nan,5,Left,Left,944,92,186,0,nan,nan,0.24
7/31/2026 1:37:59,1.17.3,FR5,64,3.96,nan,5,Left,Left,945,92,186,0,nan,nan,0.34
7/31/2026 1:38:00,1.17.3,FR5,64,3.96,2,5,Pellet,Left,945,92,187,0,0.23,2216,nan
7/31/2026 1:38:13,1.17.3,FR5,64,3.96,nan,5,Left,Left,946,92,187,0,nan,nan,0.07
7/31/2026 1:38:17,1.17.3,FR5,64,3.96,nan,5,Right,Left,946,93,187,0,nan,nan,0.23
7/31/2026 1:38:23,1.17.3,FR5,64,3.96,nan,5,Left,Left,947,93,187,0,nan,nan,0.26
7/31/2026 1:38:25,1.17.3,FR5,64,3.96,nan,5,Left,Left,948,93,187,0,nan,nan,0.21
7/31/2026 1:38:26,1.17.3,FR5,64,3.96,nan,5,Left,Left,949,93,187,0,nan,nan,0.15
7/31/2026 1:38:34,1.17.3,FR5,64,3.96,nan,5,Right,Left,949,94,187,0,nan,nan,0.13
7/31/2026 1:38:37,1.17.3,FR5,64,3.96,nan,5,Left,Left,950,94,187,0,nan,nan,0.22
7/31/2026 1:38:38,1.17.3,FR5,64,3.96,1,5,Pellet,Left,950,94,188,0,0.35,38,nan
7/31/2026 1:38:54,1.17.3,FR5,64,3.96,nan,5,Left,Left,951,94,188,0,nan,nan,0.11
7/31/2026 1:38:57,1.17.3,FR5,64,3.96,nan,5,Left,Left,952,94,188,0,nan,nan,0.30
7/31/2026 1:38:58,1.17.3,FR5,64,3.96,nan,5,Left,Left,953,94,188,0,nan,nan,0.35
7/31/2026 1:39:02,1.17.3,FR5,64,3.96,nan,5,Left,Left,954,94,188,0,nan,nan,0.52
7/31/2026 1:39:04,1.17.3,FR5,64,3.96,nan,5,Left,Left,955,94,188,0,nan,nan,0.29
7/31/2026 1:39:05,1.17.3,FR5,64,3.96,2,5,Pellet,Left,955,94,189,0,0.11,27,nan
7/31/2026 1:41:26,1.17.3,FR5,64,3.96,nan,5,Left,Left,956,94,189,0,nan,nan,0.06
7/31/2026 1:41:32,1.17.3,FR5,64,3.96,nan,5,Left,Left,957,94,189,0,nan,nan,0.00
7/31/2026 1:42:43,1.17.3,FR5,64,3.96,nan,5,Left,Left,958,94,189,0,nan,nan,0.55
7/31/2026 1:43:57,1.17.3,FR5,64,3.96,nan,5,Left,Left,959,94,189,0,nan,nan,1.18
7/31/2026 1:44:00,1.17.3,FR5,64,3.96,nan,5,Left,Left,960,94,189,0,nan,nan,0.44
7/31/2026 1:44:01,1.17.3,FR5,64,3.96,1,5,Pellet,Left,960,94,190,0,0.71,296,nan
7/31/2026 1:45:59,1.17.3,FR5,64,3.96,nan,5,Left,Left,961,94,190,0,nan,nan,0.36
7/31/2026 1:46:36,1.17.3,FR5,64,3.96,nan,5,Right,Left,961,95,190,0,nan,nan,0.17
7/31/2026 1:47:49,1.17.3,FR5,64,3.96,nan,5,Left,Left,962,95,190,0,nan,nan,0.30
7/31/2026 1:47:54,1.17.3,FR5,64,3.96,nan,5,Left,Left,963,95,190,0,nan,nan,0.14
7/31/2026 1:47:59,1.17.3,FR5,64,3.96,nan,5,Left,Left,964,95,190,0,nan,nan,0.56
7/31/2026 1:49:32,1.17.3,FR5,64,3.96,nan,5,Left,Left,965,95,190,0,nan,nan,0.97
7/31/2026 1:49:35,1.17.3,FR5,64,3.96,2,5,Pellet,Left,965,95,191,0,0.65,334,nan
7/31/2026 1:50:02,1.17.3,FR5,64,3.96,nan,5,Left,Left,966,95,191,0,nan,nan,0.01
7/31/2026 1:50:04,1.17.3,FR5,64,3.96,nan,5,Left,Left,967,95,191,0,nan,nan,0.16
7/31/2026 1:50:10,1.17.3,FR5,64,3.96,nan,5,Left,Left,968,95,191,0,nan,nan,0.17
7/31/2026 1:50:16,1.17.3,FR5,64,3.96,nan,5,Left,Left,969,95,191,0,nan,nan,0.13
7/31/2026 1:50:21,1.17.3,FR5,64,3.96,nan,5,Left,Left,970,95,191,0,nan,nan,0.32
7/31/2026 1:50:24,1.17.3,FR5,64,3.96,2,5,Pellet,Left,970,95,192,0,0.23,49,nan
7/31/2026 1:56:01,1.17.3,FR5,64,3.96,nan,5,Left,Left,971,95,192,0,nan,nan,0.03
7/31/2026 1:59:49,1.17.3,FR5,64,3.96,nan,5,Left,Left,972,95,192,0,nan,nan,0.12
7/31/2026 1:59:50,1.17.3,FR5,64,3.96,nan,5,Left,Left,973,95,192,0,nan,nan,0.03
7/31/2026 1:59:51,1.17.3,FR5,64,3.96,nan,5,Left,Left,974,95,192,0,nan,nan,0.00
7/31/2026 1:59:56,1.17.3,FR5,64,3.96,nan,5,Left,Left,975,95,192,0,nan,nan,0.84
7/31/2026 1:59:57,1.17.3,FR5,64,3.96,1,5,Pellet,Left,975,95,193,0,0.59,573,nan
7/31/2026 2:00:37,1.17.3,FR5,64,3.96,nan,5,Left,Left,976,95,193,0,nan,nan,0.26
7/31/2026 2:00:48,1.17.3,FR5,64,3.96,nan,5,Left,Left,977,95,193,0,nan,nan,0.44
7/31/2026 2:00:52,1.17.3,FR5,64,3.96,nan,5,Left,Left,978,95,193,0,nan,nan,0.37
7/31/2026 2:00:54,1.17.3,FR5,64,3.96,nan,5,Left,Left,979,95,193,0,nan,nan,0.65
7/31/2026 2:00:59,1.17.3,FR5,64,3.96,nan,5,Left,Left,980,95,193,0,nan,nan,0.39
7/31/2026 2:01:00,1.17.3,FR5,64,3.96,1,5,Pellet,Left,980,95,194,0,0.23,63,nan
7/31/2026 2:02:18,1.17.3,FR5,64,3.96,nan,5,Left,Left,981,95,194,0,nan,nan,4.12
7/31/2026 2:02:27,1.17.3,FR5,64,3.96,nan,5,Left,Left,982,95,194,0,nan,nan,0.41
7/31/2026 2:02:48,1.17.3,FR5,64,3.96,nan,5,Left,Left,983,95,194,0,nan,nan,1.30
7/31/2026 2:03:14,1.17.3,FR5,64,3.96,nan,5,Left,Left,984,95,194,0,nan,nan,2.29
7/31/2026 2:03:18,1.17.3,FR5,64,3.96,nan,5,Left,Left,985,95,194,0,nan,nan,0.03
7/31/2026 2:03:18,1.17.3,FR5,64,3.96,nan,5,LeftDuringDispense,Left,986,95,194,0,nan,nan,0.09
7/31/2026 2:03:24,1.17.3,FR5,64,3.96,3,5,Pellet,Left,986,95,195,0,0.53,144,nan
7/31/2026 2:04:07,1.17.3,FR5,64,3.96,nan,5,Left,Left,987,95,195,0,nan,nan,0.31
7/31/2026 2:04:12,1.17.3,FR5,64,3.96,nan,5,Left,Left,988,95,195,0,nan,nan,0.37
7/31/2026 2:04:20,1.17.3,FR5,64,3.96,nan,5,Left,Left,989,95,195,0,nan,nan,0.40
7/31/2026 2:04:24,1.17.3,FR5,64,3.96,nan,5,Left,Left,990,95,195,0,nan,nan,0.37
7/31/2026 2:04:26,1.17.3,FR5,64,3.96,1,5,Pellet,Left,990,95,196,0,0.83,62,nan
7/31/2026 2:04:57,1.17.3,FR5,64,3.96,nan,5,Left,Left,991,95,196,0,nan,nan,0.63
7/31/2026 2:05:25,1.17.3,FR5,64,3.96,nan,5,Left,Left,992,95,196,0,nan,nan,2.65
7/31/2026 2:05:50,1.17.3,FR5,64,3.96,nan,5,Left,Left,993,95,196,0,nan,nan,3.62
7/31/2026 2:05:56,1.17.3,FR5,64,3.96,nan,5,Left,Left,994,95,196,0,nan,nan,0.79
7/31/2026 2:06:09,1.17.3,FR5,64,3.96,nan,5,Left,Left,995,95,196,0,nan,nan,0.59
7/31/2026 2:06:10,1.17.3,FR5,64,3.96,nan,5,LeftDuringDispense,Left,996,95,196,0,nan,nan,0.11
7/31/2026 2:06:14,1.17.3,FR5,64,3.96,2,5,Pellet,Left,996,95,197,0,1.19,108,nan
7/31/2026 2:13:54,1.17.3,FR5,64,3.96,nan,5,Left,Left,997,95,197,0,nan,nan,0.27
7/31/2026 2:13:55,1.17.3,FR5,64,3.96,nan,5,Left,Left,998,95,197,0,nan,nan,0.00
7/31/2026 2:13:57,1.17.3,FR5,64,3.96,nan,5,Left,Left,999,95,197,0,nan,nan,0.45
7/31/2026 2:14:02,1.17.3,FR5,64,3.96,nan,5,Left,Left,1000,95,197,0,nan,nan,0.72
7/31/2026 2:14:04,1.17.3,FR5,64,3.96,1,5,Pellet,Left,1000,95,198,0,0.71,470,nan
7/31/2026 2:14:32,1.17.3,FR5,64,3.96,nan,5,Left,Left,1001,95,198,0,nan,nan,0.29
7/31/2026 2:14:36,1.17.3,FR5,64,3.96,nan,5,Left,Left,1002,95,198,0,nan,nan,0.27
7/31/2026 2:14:37,1.17.3,FR5,64,3.96,nan,5,Left,Left,1003,95,198,0,nan,nan,0.14
7/31/2026 2:14:43,1.17.3,FR5,64,3.96,nan,5,Left,Left,1004,95,198,0,nan,nan,1.43
7/31/2026 2:14:53,1.17.3,FR5,64,3.96,nan,5,Left,Left,1005,95,198,0,nan,nan,0.01
7/31/2026 2:14:53,1.17.3,FR5,64,3.96,nan,5,LeftDuringDispense,Left,1006,95,198,0,nan,nan,0.07
7/31/2026 2:14:57,1.17.3,FR5,64,3.96,2,5,Pellet,Left,1006,95,199,0,0.95,53,nan
7/31/2026 2:16:19,1.17.3,FR5,64,3.96,nan,5,Left,Left,1007,95,199,0,nan,nan,3.29
7/31/2026 2:16:35,1.17.3,FR5,64,3.96,nan,5,Left,Left,1008,95,199,0,nan,nan,0.44
7/31/2026 2:19:59,1.17.3,FR5,64,3.96,nan,5,Left,Left,1009,95,199,0,nan,nan,3.38
7/31/2026 2:23:11,1.17.3,FR5,64,3.96,nan,5,Left,Left,1010,95,199,0,nan,nan,3.10
7/31/2026 2:23:15,1.17.3,FR5,64,3.96,1,5,Pellet,Left,1010,95,200,0,2.57,497,nan
7/31/2026 2:23:59,1.17.3,FR5,64,3.96,nan,5,Left,Left,1011,95,200,0,nan,nan,0.18
7/31/2026 2:24:00,1.17.3,FR5,64,3.96,nan,5,Left,Left,1012,95,200,0,nan,nan,0.00
7/31/2026 2:24:04,1.17.3,FR5,64,3.96,nan,5,Left,Left,1013,95,200,0,nan,nan,0.45
7/31/2026 2:24:08,1.17.3,FR5,64,3.96,nan,5,Left,Left,1014,95,200,0,nan,nan,0.71
7/31/2026 2:24:13,1.17.3,FR5,64,3.96,nan,5,Left,Left,1015,95,200,0,nan,nan,0.77
7/31/2026 2:24:14,1.17.3,FR5,64,3.96,1,5,Pellet,Left,1015,95,201,0,0.47,60,nan
7/31/2026 2:24:44,1.17.3,FR5,64,3.96,nan,5,Left,Left,1016,95,201,0,nan,nan,0.89
7/31/2026 2:24:47,1.17.3,FR5,64,3.96,nan,5,Left,Left,1017,95,201,0,nan,nan,0.13
7/31/2026 2:24:51,1.17.3,FR5,64,3.96,nan,5,Left,Left,1018,95,201,0,nan,nan,0.02
7/31/2026 2:24:52,1.17.3,FR5,64,3.96,nan,5,Left,Left,1019,95,201,0,nan,nan,0.04
7/31/2026 2:24:54,1.17.3,FR5,64,3.96,nan,5,Left,Left,1020,95,201,0,nan,nan,0.39
7/31/2026 2:24:57,1.17.3,FR5,64,3.96,2,5,Pellet,Left,1020,95,202,0,0.23,43,nan
7/31/2026 2:25:35,1.17.3,FR5,64,3.96,nan,5,Left,Left,1021,95,202,0,nan,nan,0.10
7/31/2026 2:29:51,1.17.3,FR5,64,3.96,nan,5,Left,Left,1022,95,202,0,nan,nan,0.53
7/31/2026 2:29:54,1.17.3,FR5,64,3.96,nan,5,Left,Left,1023,95,202,0,nan,nan,0.20
7/31/2026 2:29:58,1.17.3,FR5,64,3.96,nan,5,Left,Left,1024,95,202,0,nan,nan,0.95
7/31/2026 2:29:59,1.17.3,FR5,64,3.96,nan,5,Left,Left,1025,95,202,0,nan,nan,0.47
7/31/2026 2:30:01,1.17.3,FR5,64,3.96,1,5,Pellet,Left,1025,95,203,0,0.71,304,nan
7/31/2026 2:30:41,1.17.3,FR5,64,3.96,nan,5,Left,Left,1026,95,203,0,nan,nan,0.04
7/31/2026 2:30:48,1.17.3,FR5,64,3.96,nan,5,Left,Left,1027,95,203,0,nan,nan,0.00
7/31/2026 2:30:50,1.17.3,FR5,64,3.96,nan,5,Left,Left,1028,95,203,0,nan,nan,0.29
7/31/2026 2:30:54,1.17.3,FR5,64,3.95,nan,5,Left,Left,1029,95,203,0,nan,nan,0.75
7/31/2026 2:30:58,1.17.3,FR5,64,3.96,nan,5,Left,Left,1030,95,203,0,nan,nan,0.02
7/31/2026 2:30:58,1.17.3,FR5,64,3.96,nan,5,LeftDuringDispense,Left,1031,95,203,0,nan,nan,0.09
7/31/2026 2:31:01,1.17.3,FR5,64,3.96,2,5,Pellet,Left,1031,95,204,0,0.53,60,nan
7/31/2026 2:45:23,1.17.3,FR5,64,3.96,nan,5,Left,Left,1032,95,204,0,nan,nan,0.50
7/31/2026 2:45:26,1.17.3,FR5,64,3.96,nan,5,Left,Left,1033,95,204,0,nan,nan,0.51
7/31/2026 2:45:27,1.17.3,FR5,64,3.96,nan,5,Left,Left,1034,95,204,0,nan,nan,0.43
7/31/2026 2:45:31,1.17.3,FR5,64,3.96,nan,5,Left,Left,1035,95,204,0,nan,nan,1.62
7/31/2026 2:45:33,1.17.3,FR5,64,3.96,1,5,Pellet,Left,1035,95,205,0,0.71,872,nan
7/31/2026 2:45:55,1.17.3,FR5,64,3.96,nan,5,Left,Left,1036,95,205,0,nan,nan,0.52
7/31/2026 2:45:58,1.17.3,FR5,64,3.96,nan,5,Left,Left,1037,95,205,0,nan,nan,0.81
7/31/2026 2:46:03,1.17.3,FR5,64,3.96,nan,5,Left,Left,1038,95,205,0,nan,nan,2.32
7/31/2026 2:46:09,1.17.3,FR5,64,3.96,nan,5,Left,Left,1039,95,205,0,nan,nan,3.85
7/31/2026 2:46:19,1.17.3,FR5,64,3.96,nan,5,Left,Left,1040,95,205,0,nan,nan,3.97
7/31/2026 2:46:20,1.17.3,FR5,64,3.96,1,5,Pellet,Left,1040,95,206,0,0.41,47,nan
7/31/2026 2:49:37,1.17.3,FR5,64,3.96,nan,5,Left,Left,1041,95,206,0,nan,nan,1.24
7/31/2026 2:49:40,1.17.3,FR5,64,3.96,nan,5,Left,Left,1042,95,206,0,nan,nan,1.75
7/31/2026 2:49:43,1.17.3,FR5,64,3.96,nan,5,Left,Left,1043,95,206,0,nan,nan,1.70
7/31/2026 2:49:46,1.17.3,FR5,64,3.96,nan,5,Left,Left,1044,95,206,0,nan,nan,0.25
7/31/2026 2:49:50,1.17.3,FR5,64,3.96,nan,5,Left,Left,1045,95,206,0,nan,nan,0.87
7/31/2026 2:49:51,1.17.3,FR5,64,3.96,1,5,Pellet,Left,1045,95,207,0,0.29,211,nan
7/31/2026 2:50:10,1.17.3,FR5,64,3.96,nan,5,Left,Left,1046,95,207,0,nan,nan,0.48
7/31/2026 2:50:12,1.17.3,FR5,64,3.96,nan,5,Left,Left,1047,95,207,0,nan,nan,0.06
7/31/2026 2:50:12,1.17.3,FR5,64,3.96,nan,5,Left,Left,1048,95,207,0,nan,nan,0.00
7/31/2026 2:50:13,1.17.3,FR5,64,3.96,nan,5,Left,Left,1049,95,207,0,nan,nan,0.10
7/31/2026 2:50:14,1.17.3,FR5,64,3.96,nan,5,Left,Left,1050,95,207,0,nan,nan,0.05
7/31/2026 2:50:16,1.17.3,FR5,64,3.96,1,5,Pellet,Left,1050,95,208,0,1.01,25,nan
7/31/2026 2:50:48,1.17.3,FR5,64,3.96,nan,5,Left,Left,1051,95,208,0,nan,nan,0.02
7/31/2026 2:50:49,1.17.3,FR5,64,3.96,nan,5,Left,Left,1052,95,208,0,nan,nan,0.00
7/31/2026 2:50:51,1.17.3,FR5,64,3.96,nan,5,Left,Left,1053,95,208,0,nan,nan,0.03
7/31/2026 2:50:58,1.17.3,FR5,64,3.96,nan,5,Left,Left,1054,95,208,0,nan,nan,0.22
7/31/2026 2:51:02,1.17.3,FR5,64,3.96,nan,5,Left,Left,1055,95,208,0,nan,nan,3.16
7/31/2026 2:51:03,1.17.3,FR5,64,3.96,1,5,Pellet,Left,1055,95,209,0,0.59,47,nan
7/31/2026 3:01:11,1.17.3,FR5,64,3.96,nan,5,Left,Left,1056,95,209,0,nan,nan,1.09
7/31/2026 3:01:13,1.17.3,FR5,64,3.96,nan,5,Left,Left,1057,95,209,0,nan,nan,0.24
7/31/2026 3:03:50,1.17.3,FR5,64,3.96,nan,5,Right,Left,1057,96,209,0,nan,nan,0.33
7/31/2026 3:04:33,1.17.3,FR5,64,3.96,nan,5,Right,Left,1057,97,209,0,nan,nan,0.21
7/31/2026 3:21:42,1.17.3,FR5,64,3.96,nan,5,Right,Left,1057,98,209,0,nan,nan,0.18
7/31/2026 3:31:38,1.17.3,FR5,64,3.96,nan,5,Left,Left,1058,98,209,0,nan,nan,0.15
7/31/2026 3:31:43,1.17.3,FR5,64,3.96,nan,5,Left,Left,1059,98,209,0,nan,nan,0.11
7/31/2026 3:34:04,1.17.3,FR5,64,3.96,nan,5,Left,Left,1060,98,209,0,nan,nan,0.16
7/31/2026 3:34:06,1.17.3,FR5,64,3.96,1,5,Pellet,Left,1060,98,210,0,1.55,2583,nan
7/31/2026 3:38:03,1.17.3,FR5,64,3.96,nan,5,Left,Left,1061,98,210,0,nan,nan,0.19
7/31/2026 3:40:35,1.17.3,FR5,64,3.95,nan,5,Left,Left,1062,98,210,0,nan,nan,0.27
7/31/2026 3:40:54,1.17.3,FR5,64,3.96,nan,5,Left,Left,1063,98,210,0,nan,nan,0.15
7/31/2026 3:40:56,1.17.3,FR5,64,3.95,nan,5,Left,Left,1064,98,210,0,nan,nan,0.23
7/31/2026 3:40:58,1.17.3,FR5,64,3.96,nan,5,Left,Left,1065,98,210,0,nan,nan,0.30
7/31/2026 3:40:59,1.17.3,FR5,64,3.96,2,5,Pellet,Left,1065,98,211,0,0.23,413,nan
7/31/2026 3:41:26,1.17.3,FR5,64,3.96,nan,5,Left,Left,1066,98,211,0,nan,nan,0.13
7/31/2026 3:41:34,1.17.3,FR5,64,3.96,nan,5,Left,Left,1067,98,211,0,nan,nan,0.06
7/31/2026 3:41:39,1.17.3,FR5,64,3.96,nan,5,Left,Left,1068,98,211,0,nan,nan,0.22
7/31/2026 3:41:43,1.17.3,FR5,64,3.96,nan,5,Left,Left,1069,98,211,0,nan,nan,0.12
7/31/2026 3:41:49,1.17.3,FR5,64,3.96,nan,5,Left,Left,1070,98,211,0,nan,nan,0.10
7/31/2026 3:41:53,1.17.3,FR5,64,3.96,2,5,Pellet,Left,1070,98,212,0,1.37,54,nan
7/31/2026 3:43:58,1.17.3,FR5,64,3.96,nan,5,Left,Left,1071,98,212,0,nan,nan,0.16
7/31/2026 3:59:59,1.17.3,FR5,64,3.96,nan,5,Left,Left,1072,98,212,0,nan,nan,0.22
7/31/2026 4:00:37,1.17.3,FR5,64,3.95,nan,5,Left,Left,1073,98,212,0,nan,nan,0.10
7/31/2026 4:00:50,1.17.3,FR5,64,3.95,nan,5,Left,Left,1074,98,212,0,nan,nan,0.06
7/31/2026 4:00:52,1.17.3,FR5,64,3.96,nan,5,Left,Left,1075,98,212,0,nan,nan,0.27
7/31/2026 4:00:54,1.17.3,FR5,64,3.96,2,5,Pellet,Left,1075,98,213,0,1.07,1141,nan
7/31/2026 4:14:32,1.17.3,FR5,64,3.96,nan,5,Left,Left,1076,98,213,0,nan,nan,0.23
7/31/2026 4:14:34,1.17.3,FR5,64,3.96,nan,5,Left,Left,1077,98,213,0,nan,nan,0.27
7/31/2026 4:15:39,1.17.3,FR5,64,3.96,nan,5,Left,Left,1078,98,213,0,nan,nan,0.23
7/31/2026 4:19:38,1.17.3,FR5,64,3.96,nan,5,Left,Left,1079,98,213,0,nan,nan,0.14
7/31/2026 4:19:42,1.17.3,FR5,64,3.96,nan,5,Left,Left,1080,98,213,0,nan,nan,0.36
7/31/2026 4:19:43,1.17.3,FR5,64,3.95,1,5,Pellet,Left,1080,98,214,0,0.65,1129,nan
7/31/2026 4:20:37,1.17.3,FR5,64,3.95,nan,5,Left,Left,1081,98,214,0,nan,nan,0.39
7/31/2026 4:20:40,1.17.3,FR5,64,3.96,nan,5,Left,Left,1082,98,214,0,nan,nan,0.58
7/31/2026 4:20:42,1.17.3,FR5,64,3.96,nan,5,Left,Left,1083,98,214,0,nan,nan,0.26
7/31/2026 4:20:45,1.17.3,FR5,64,3.96,nan,5,Left,Left,1084,98,214,0,nan,nan,0.11
7/31/2026 4:31:01,1.17.3,FR5,64,3.96,nan,5,Left,Left,1085,98,214,0,nan,nan,0.44
7/31/2026 4:31:02,1.17.3,FR5,64,3.95,1,5,Pellet,Left,1085,98,215,0,0.35,679,nan
7/31/2026 4:31:32,1.17.3,FR5,64,3.96,nan,5,Left,Left,1086,98,215,0,nan,nan,0.27
7/31/2026 4:31:35,1.17.3,FR5,64,3.96,nan,5,Left,Left,1087,98,215,0,nan,nan,0.66
7/31/2026 4:31:38,1.17.3,FR5,64,3.96,nan,5,Left,Left,1088,98,215,0,nan,nan,0.67
7/31/2026 4:31:40,1.17.3,FR5,64,3.95,nan,5,Left,Left,1089,98,215,0,nan,nan,0.86
7/31/2026 4:31:44,1.17.3,FR5,64,3.96,nan,5,Left,Left,1090,98,215,0,nan,nan,0.44
7/31/2026 4:31:45,1.17.3,FR5,64,3.95,1,5,Pellet,Left,1090,98,216,0,0.59,43,nan
7/31/2026 4:36:03,1.17.3,FR5,64,3.95,nan,5,Left,Left,1091,98,216,0,nan,nan,0.19
7/31/2026 4:36:07,1.17.3,FR5,64,3.96,nan,5,Left,Left,1092,98,216,0,nan,nan,0.37
7/31/2026 4:36:10,1.17.3,FR5,64,3.96,nan,5,Left,Left,1093,98,216,0,nan,nan,0.33
7/31/2026 4:36:12,1.17.3,FR5,64,3.96,nan,5,Left,Left,1094,98,216,0,nan,nan,0.47
7/31/2026 4:36:15,1.17.3,FR5,64,3.96,nan,5,Left,Left,1095,98,216,0,nan,nan,0.34
7/31/2026 4:36:16,1.17.3,FR5,64,3.95,1,5,Pellet,Left,1095,98,217,0,0.41,271,nan
7/31/2026 4:37:00,1.17.3,FR5,64,3.96,nan,5,Left,Left,1096,98,217,0,nan,nan,0.91
7/31/2026 4:37:04,1.17.3,FR5,64,3.95,nan,5,Left,Left,1097,98,217,0,nan,nan,1.00
7/31/2026 4:37:09,1.17.3,FR5,64,3.96,nan,5,Left,Left,1098,98,217,0,nan,nan,0.31
7/31/2026 4:37:10,1.17.3,FR5,64,3.95,nan,5,Left,Left,1099,98,217,0,nan,nan,0.00
7/31/2026 4:37:12,1.17.3,FR5,64,3.96,nan,5,Left,Left,1100,98,217,0,nan,nan,0.28
7/31/2026 4:37:14,1.17.3,FR5,64,3.96,1,5,Pellet,Left,1100,98,218,0,0.35,58,nan
7/31/2026 4:42:38,1.17.3,FR5,64,3.96,nan,5,Left,Left,1101,98,218,0,nan,nan,0.03
7/31/2026 4:42:52,1.17.3,FR5,64,3.95,nan,5,Left,Left,1102,98,218,0,nan,nan,0.47
7/31/2026 4:42:55,1.17.3,FR5,64,3.95,nan,5,Left,Left,1103,98,218,0,nan,nan,0.56
7/31/2026 4:42:57,1.17.3,FR5,64,3.96,nan,5,Left,Left,1104,98,218,0,nan,nan,0.98
7/31/2026 4:43:00,1.17.3,FR5,64,3.95,nan,5,Left,Left,1105,98,218,0,nan,nan,0.47
7/31/2026 4:43:04,1.17.3,FR5,64,3.95,2,5,Pellet,Left,1105,98,219,0,0.47,350,nan
7/31/2026 4:48:39,1.17.3,FR5,64,3.96,nan,5,Left,Left,1106,98,219,0,nan,nan,1.03
7/31/2026 4:48:56,1.17.3,FR5,64,3.96,nan,5,Left,Left,1107,98,219,0,nan,nan,0.45
7/31/2026 4:49:02,1.17.3,FR5,64,3.95,nan,5,Left,Left,1108,98,219,0,nan,nan,0.45
7/31/2026 4:49:07,1.17.3,FR5,64,3.96,nan,5,Left,Left,1109,98,219,0,nan,nan,1.36
7/31/2026 4:49:21,1.17.3,FR5,64,3.96,nan,5,Left,Left,1110,98,219,0,nan,nan,0.65
7/31/2026 4:49:22,1.17.3,FR5,64,3.96,1,5,Pellet,Left,1110,98,220,0,0.53,378,nan
7/31/2026 4:50:08,1.17.3,FR5,64,3.96,nan,5,Left,Left,1111,98,220,0,nan,nan,1.29
7/31/2026 4:50:14,1.17.3,FR5,64,3.96,nan,5,Left,Left,1112,98,220,0,nan,nan,1.30
7/31/2026 4:50:19,1.17.3,FR5,64,3.96,nan,5,Left,Left,1113,98,220,0,nan,nan,0.36
7/31/2026 4:50:22,1.17.3,FR5,64,3.96,nan,5,Left,Left,1114,98,220,0,nan,nan,0.32
7/31/2026 4:59:03,1.17.3,FR5,64,3.96,nan,5,Left,Left,1115,98,220,0,nan,nan,0.30
7/31/2026 4:59:04,1.17.3,FR5,64,3.95,1,5,Pellet,Left,1115,98,221,0,0.35,582,nan
7/31/2026 5:04:14,1.17.3,FR5,64,3.95,nan,5,Left,Left,1116,98,221,0,nan,nan,0.71
7/31/2026 5:04:22,1.17.3,FR5,64,3.96,nan,5,Left,Left,1117,98,221,0,nan,nan,1.23
7/31/2026 5:04:37,1.17.3,FR5,64,3.96,nan,5,Left,Left,1118,98,221,0,nan,nan,0.94
7/31/2026 5:04:47,1.17.3,FR5,64,3.95,nan,5,Left,Left,1119,98,221,0,nan,nan,0.14
7/31/2026 5:04:48,1.17.3,FR5,64,3.96,nan,5,Left,Left,1120,98,221,0,nan,nan,0.00
7/31/2026 5:04:49,1.17.3,FR5,64,3.95,1,5,Pellet,Left,1120,98,222,0,0.53,345,nan
7/31/2026 5:07:09,1.17.3,FR5,64,3.96,nan,5,Left,Left,1121,98,222,0,nan,nan,0.02
7/31/2026 5:09:09,1.17.3,FR5,64,3.96,nan,5,Left,Left,1122,98,222,0,nan,nan,0.05
7/31/2026 5:09:20,1.17.3,FR5,64,3.96,nan,5,Left,Left,1123,98,222,0,nan,nan,0.29
7/31/2026 5:09:23,1.17.3,FR5,64,3.96,nan,5,Left,Left,1124,98,222,0,nan,nan,0.24
7/31/2026 5:09:27,1.17.3,FR5,64,3.96,nan,5,Left,Left,1125,98,222,0,nan,nan,0.41
7/31/2026 5:09:29,1.17.3,FR5,64,3.95,1,5,Pellet,Left,1125,98,223,0,0.35,280,nan
7/31/2026 5:09:54,1.17.3,FR5,64,3.95,nan,5,Left,Left,1126,98,223,0,nan,nan,0.02
7/31/2026 5:09:56,1.17.3,FR5,64,3.95,nan,5,Left,Left,1127,98,223,0,nan,nan,0.21
7/31/2026 5:25:41,1.17.3,FR5,64,3.95,nan,5,Left,Left,1128,98,223,0,nan,nan,0.05
7/31/2026 5:25:42,1.17.3,FR5,64,3.95,nan,5,Left,Left,1129,98,223,0,nan,nan,0.48
7/31/2026 5:25:45,1.17.3,FR5,64,3.96,nan,5,Left,Left,1130,98,223,0,nan,nan,0.62
7/31/2026 5:25:46,1.17.3,FR5,64,3.95,1,5,Pellet,Left,1130,98,224,0,0.23,977,nan
7/31/2026 5:26:27,1.17.3,FR5,64,3.96,nan,5,Left,Left,1131,98,224,0,nan,nan,0.02
7/31/2026 5:26:31,1.17.3,FR5,64,3.95,nan,5,Left,Left,1132,98,224,0,nan,nan,0.38
7/31/2026 5:27:17,1.17.3,FR5,64,3.96,nan,5,Left,Left,1133,98,224,0,nan,nan,0.08
7/31/2026 5:35:42,1.17.3,FR5,64,3.96,nan,5,Right,Left,1133,99,224,0,nan,nan,0.60
7/31/2026 5:58:33,1.17.3,FR5,64,3.95,nan,5,Left,Left,1134,99,224,0,nan,nan,0.64
7/31/2026 5:58:34,1.17.3,FR5,64,3.95,nan,5,Left,Left,1135,99,224,0,nan,nan,0.00
7/31/2026 5:58:37,1.17.3,FR5,64,3.95,1,5,Pellet,Left,1135,99,225,0,2.15,1971,nan
7/31/2026 5:59:16,1.17.3,FR5,64,3.95,nan,5,Left,Left,1136,99,225,0,nan,nan,0.04
7/31/2026 5:59:26,1.17.3,FR5,64,3.95,nan,5,Left,Left,1137,99,225,0,nan,nan,0.94
7/31/2026 5:59:28,1.17.3,FR5,64,3.95,nan,5,Left,Left,1138,99,225,0,nan,nan,1.37
7/31/2026 5:59:32,1.17.3,FR5,64,3.95,nan,5,Left,Left,1139,99,225,0,nan,nan,0.06
7/31/2026 5:59:35,1.17.3,FR5,64,3.95,nan,5,Left,Left,1140,99,225,0,nan,nan,0.45
7/31/2026 5:59:38,1.17.3,FR5,64,3.95,2,5,Pellet,Left,1140,99,226,0,0.35,61,nan
7/31/2026 6:00:01,1.17.3,FR5,64,3.94,nan,5,Left,Left,1141,99,226,0,nan,nan,0.24
7/31/2026 6:00:03,1.17.3,FR5,64,3.95,nan,5,Left,Left,1142,99,226,0,nan,nan,0.02
7/31/2026 6:00:04,1.17.3,FR5,64,3.95,nan,5,Left,Left,1143,99,226,0,nan,nan,0.04
7/31/2026 6:00:05,1.17.3,FR5,64,3.96,nan,5,Left,Left,1144,99,226,0,nan,nan,0.22
7/31/2026 6:00:07,1.17.3,FR5,64,3.95,nan,5,Left,Left,1145,99,226,0,nan,nan,0.13
7/31/2026 6:00:10,1.17.3,FR5,64,3.95,2,5,Pellet,Left,1145,99,227,0,0.47,32,nan
7/31/2026 6:02:39,1.17.3,FR5,64,3.95,nan,5,Left,Left,1146,99,227,0,nan,nan,0.52
7/31/2026 6:02:43,1.17.3,FR5,64,3.95,nan,5,Left,Left,1147,99,227,0,nan,nan,0.99
7/31/2026 6:17:40,1.17.3,FR5,64,3.95,nan,5,Left,Left,1148,99,227,0,nan,nan,0.50
7/31/2026 6:17:53,1.17.3,FR5,64,3.95,nan,5,Left,Left,1149,99,227,0,nan,nan,1.33
7/31/2026 6:17:57,1.17.3,FR5,64,3.95,nan,5,Left,Left,1150,99,227,0,nan,nan,0.71
7/31/2026 6:18:01,1.17.3,FR5,64,3.95,1,5,Pellet,Left,1150,99,228,0,3.41,1071,nan
7/31/2026 6:18:33,1.17.3,FR5,64,3.95,nan,5,Left,Left,1151,99,228,0,nan,nan,1.19
7/31/2026 6:18:34,1.17.3,FR5,64,3.95,nan,5,Left,Left,1152,99,228,0,nan,nan,0.00
7/31/2026 6:18:39,1.17.3,FR5,64,3.95,nan,5,Left,Left,1153,99,228,0,nan,nan,2.97
7/31/2026 6:18:42,1.17.3,FR5,64,3.95,nan,5,Left,Left,1154,99,228,0,nan,nan,0.56
7/31/2026 6:19:34,1.17.3,FR5,64,3.95,nan,5,Left,Left,1155,99,228,0,nan,nan,2.71
7/31/2026 6:19:38,1.17.3,FR5,64,3.95,2,5,Pellet,Left,1155,99,229,0,0.77,97,nan
7/31/2026 6:21:51,1.17.3,FR5,64,3.95,nan,5,Left,Left,1156,99,229,0,nan,nan,0.00
7/31/2026 6:21:54,1.17.3,FR5,64,3.95,nan,5,Left,Left,1157,99,229,0,nan,nan,1.59
7/31/2026 6:21:55,1.17.3,FR5,64,3.95,nan,5,Left,Left,1158,99,229,0,nan,nan,0.06
7/31/2026 6:29:51,1.17.3,FR5,64,3.95,nan,5,Left,Left,1159,99,229,0,nan,nan,17.59
7/31/2026 6:30:02,1.17.3,FR5,64,3.95,nan,5,Left,Left,1160,99,229,0,nan,nan,0.03
7/31/2026 6:30:05,1.17.3,FR5,64,3.95,nan,5,LeftDuringDispense,Left,1161,99,229,0,nan,nan,2.24
7/31/2026 6:33:44,1.17.3,FR5,64,3.95,nan,5,LeftDuringDispense,Left,1162,99,229,0,nan,nan,219.43
7/31/2026 6:33:52,1.17.3,FR5,64,3.95,nan,5,LeftDuringDispense,Left,1163,99,229,0,nan,nan,4.87
7/31/2026 6:33:58,1.17.3,FR5,64,3.95,3,5,Pellet,Left,1163,99,230,0,3.41,860,nan
7/31/2026 6:34:30,1.17.3,FR5,64,3.95,nan,5,Left,Left,1164,99,230,0,nan,nan,0.32
7/31/2026 6:34:30,1.17.3,FR5,64,3.94,nan,5,Left,Left,1165,99,230,0,nan,nan,0.02
7/31/2026 6:34:32,1.17.3,FR5,64,3.95,nan,5,LeftDuringDispense,Left,1166,99,230,0,nan,nan,0.96
7/31/2026 6:34:37,1.17.3,FR5,64,3.95,2,5,Pellet,Left,1166,99,231,0,1.91,38,nan
7/31/2026 6:37:50,1.17.3,FR5,64,3.94,nan,5,Left,Left,1167,99,231,0,nan,nan,0.45
7/31/2026 6:37:54,1.17.3,FR5,64,3.95,nan,5,Left,Left,1168,99,231,0,nan,nan,0.97
7/31/2026 6:38:12,1.17.3,FR5,64,3.95,nan,5,Left,Left,1169,99,231,0,nan,nan,0.23
7/31/2026 6:38:18,1.17.3,FR5,64,3.94,nan,5,Left,Left,1170,99,231,0,nan,nan,0.41
7/31/2026 6:38:20,1.17.3,FR5,64,3.95,1,5,Pellet,Left,1170,99,232,0,0.89,224,nan
7/31/2026 6:38:50,1.17.3,FR5,64,3.95,nan,5,Left,Left,1171,99,232,0,nan,nan,0.02
7/31/2026 6:38:51,1.17.3,FR5,64,3.94,nan,5,Left,Left,1172,99,232,0,nan,nan,0.09
7/31/2026 6:42:14,1.17.3,FR5,64,3.95,nan,5,Left,Left,1173,99,232,0,nan,nan,0.12
7/31/2026 6:42:25,1.17.3,FR5,64,3.95,nan,5,Left,Left,1174,99,232,0,nan,nan,10.20
7/31/2026 6:43:41,1.17.3,FR5,64,3.95,nan,5,Left,Left,1175,99,232,0,nan,nan,0.22
7/31/2026 6:43:43,1.17.3,FR5,64,3.94,nan,5,LeftDuringDispense,Left,1176,99,232,0,nan,nan,1.74
7/31/2026 6:43:48,1.17.3,FR5,64,3.95,2,5,Pellet,Left,1176,99,233,0,2.57,328,nan
7/31/2026 6:44:07,1.17.3,FR5,64,3.95,nan,5,Left,Left,1177,99,233,0,nan,nan,0.02
7/31/2026 6:44:08,1.17.3,FR5,64,3.95,nan,5,Left,Left,1178,99,233,0,nan,nan,0.00
7/31/2026 6:44:09,1.17.3,FR5,64,3.95,nan,5,Left,Left,1179,99,233,0,nan,nan,0.41
7/31/2026 6:44:12,1.17.3,FR5,64,3.95,nan,5,Left,Left,1180,99,233,0,nan,nan,0.41
7/31/2026 6:44:13,1.17.3,FR5,64,3.95,nan,5,LeftDuringDispense,Left,1181,99,233,0,nan,nan,0.58
7/31/2026 6:44:14,1.17.3,FR5,64,3.94,nan,5,LeftDuringDispense,Left,1182,99,233,0,nan,nan,0.32
7/31/2026 6:44:15,1.17.3,FR5,64,3.95,nan,5,LeftDuringDispense,Left,1183,99,233,0,nan,nan,0.07
7/31/2026 6:44:16,1.17.3,FR5,64,3.95,nan,5,LeftDuringDispense,Left,1184,99,233,0,nan,nan,0.65
7/31/2026 6:44:17,1.17.3,FR5,64,3.95,nan,5,LeftDuringDispense,Left,1185,99,233,0,nan,nan,0.87
7/31/2026 6:44:18,1.17.3,FR5,64,3.94,nan,5,LeftDuringDispense,Left,1186,99,233,0,nan,nan,0.43
7/31/2026 6:44:20,1.17.3,FR5,64,3.95,nan,5,LeftDuringDispense,Left,1187,99,233,0,nan,nan,0.07
7/31/2026 6:44:20,1.17.3,FR5,64,3.95,nan,5,LeftDuringDispense,Left,1188,99,233,0,nan,nan,0.09
7/31/2026 6:44:21,1.17.3,FR5,64,3.95,nan,5,LeftDuringDispense,Left,1189,99,233,0,nan,nan,0.69
7/31/2026 6:44:22,1.17.3,FR5,64,3.95,nan,5,LeftDuringDispense,Left,1190,99,233,0,nan,nan,0.47
7/31/2026 6:44:23,1.17.3,FR5,64,3.95,nan,5,LeftDuringDispense,Left,1191,99,233,0,nan,nan,0.05
7/31/2026 6:44:28,1.17.3,FR5,64,3.94,3,5,Pellet,Left,1191,99,234,0,2.63,40,nan
7/31/2026 6:45:04,1.17.3,FR5,64,3.95,nan,5,Left,Left,1192,99,234,0,nan,nan,11.25
7/31/2026 6:45:33,1.17.3,FR5,64,3.95,nan,5,Left,Left,1193,99,234,0,nan,nan,5.76
7/31/2026 6:45:37,1.17.3,FR5,64,3.96,nan,5,Left,Left,1194,99,234,0,nan,nan,1.07
7/31/2026 6:45:40,1.17.3,FR5,64,3.94,nan,5,Left,Left,1195,99,234,0,nan,nan,0.42
7/31/2026 6:45:41,1.17.3,FR5,64,3.95,1,5,Pellet,Left,1195,99,235,0,0.83,73,nan
7/31/2026 7:07:03,1.17.3,FR5,64,3.95,nan,5,Left,Left,1196,99,235,0,nan,nan,0.52
7/31/2026 7:09:27,1.17.3,FR5,64,3.95,nan,5,Left,Left,1197,99,235,0,nan,nan,0.69
7/31/2026 7:09:30,1.17.3,FR5,64,3.94,nan,5,Left,Left,1198,99,235,0,nan,nan,0.82
7/31/2026 7:09:34,1.17.3,FR5,64,3.94,nan,5,Left,Left,1199,99,235,0,nan,nan,0.00
7/31/2026 7:12:48,1.17.3,FR5,64,3.95,nan,5,Left,Left,1200,99,235,0,nan,nan,191.46
7/31/2026 7:13:09,1.17.3,FR5,64,3.95,nan,5,LeftWithPellet,Left,1201,99,235,0,nan,nan,2.06
7/31/2026 7:14:31,1.17.3,FR5,64,3.94,nan,5,LeftWithPellet,Left,1202,99,235,0,nan,nan,0.15
7/31/2026 7:14:45,1.17.3,FR5,64,3.95,nan,5,LeftWithPellet,Left,1203,99,235,0,nan,nan,5.48
7/31/2026 7:15:02,1.17.3,FR5,64,3.94,nan,5,LeftWithPellet,Left,1204,99,235,0,nan,nan,14.28
7/31/2026 7:15:06,1.17.3,FR5,64,3.95,nan,5,LeftWithPellet,Left,1205,99,235,0,nan,nan,2.57
7/31/2026 7:15:06,1.17.3,FR5,64,3.95,nan,5,LeftWithPellet,Left,1206,99,235,0,nan,nan,0.36
7/31/2026 7:15:07,1.17.3,FR5,64,3.95,nan,5,LeftWithPellet,Left,1207,99,235,0,nan,nan,0.17
7/31/2026 7:15:08,1.17.3,FR5,64,3.95,nan,5,LeftWithPellet,Left,1208,99,235,0,nan,nan,0.04
7/31/2026 7:15:13,1.17.3,FR5,64,3.95,1,5,Pellet,Left,1208,99,236,0,Timed_out,1772,nan
7/31/2026 7:18:24,1.17.3,FR5,64,3.94,nan,5,Left,Left,1209,99,236,0,nan,nan,0.02
7/31/2026 7:24:33,1.17.3,FR5,64,3.95,nan,5,Left,Left,1210,99,236,0,nan,nan,0.84
7/31/2026 7:24:37,1.17.3,FR5,64,3.95,nan,5,LeftWithPellet,Left,1211,99,236,0,nan,nan,0.49
7/31/2026 7:24:39,1.17.3,FR5,64,3.95,1,5,Pellet,Left,1211,99,237,0,5.14,566,nan
7/31/2026 7:26:40,1.17.3,FR5,64,3.94,nan,5,Left,Left,1212,99,237,0,nan,nan,1.33
7/31/2026 7:26:41,1.17.3,FR5,64,3.94,nan,5,Left,Left,1213,99,237,0,nan,nan,0.12
7/31/2026 7:26:42,1.17.3,FR5,64,3.95,nan,5,Left,Left,1214,99,237,0,nan,nan,0.00
7/31/2026 7:27:13,1.17.3,FR5,64,3.94,nan,5,Left,Left,1215,99,237,0,nan,nan,24.17
7/31/2026 7:27:14,1.17.3,FR5,64,3.94,nan,5,LeftDuringDispense,Left,1216,99,237,0,nan,nan,0.17
7/31/2026 7:27:20,1.17.3,FR5,64,3.94,2,5,Pellet,Left,1216,99,238,0,3.71,161,nan
7/31/2026 7:32:40,1.17.3,FR5,64,3.94,nan,5,Left,Left,1217,99,238,0,nan,nan,0.54
7/31/2026 7:48:22,1.17.3,FR5,64,3.95,nan,5,Left,Left,1218,99,238,0,nan,nan,0.75
7/31/2026 7:51:58,1.17.3,FR5,64,3.94,nan,5,Left,Left,1219,99,238,0,nan,nan,0.17
7/31/2026 7:53:25,1.17.3,FR5,64,3.94,nan,5,Right,Left,1219,100,238,0,nan,nan,0.57
7/31/2026 8:02:59,1.17.3,FR5,64,3.94,nan,5,Left,Left,1220,100,238,0,nan,nan,0.96
7/31/2026 8:03:00,1.17.3,FR5,64,3.94,nan,5,LeftDuringDispense,Left,1221,100,238,0,nan,nan,0.05
7/31/2026 8:03:06,1.17.3,FR5,64,3.94,2,5,Pellet,Left,1221,100,239,0,2.93,2145,nan
7/31/2026 8:07:27,1.17.3,FR5,64,3.94,nan,5,Left,Left,1222,100,239,0,nan,nan,0.59
7/31/2026 8:07:28,1.17.3,FR5,64,3.94,nan,5,Left,Left,1223,100,239,0,nan,nan,0.61
7/31/2026 8:07:31,1.17.3,FR5,64,3.94,nan,5,Left,Left,1224,100,239,0,nan,nan,1.40
7/31/2026 8:07:38,1.17.3,FR5,64,3.94,nan,5,Left,Left,1225,100,239,0,nan,nan,0.87
7/31/2026 8:07:39,1.17.3,FR5,64,3.95,1,5,Pellet,Left,1225,100,240,0,0.35,274,nan
7/31/2026 8:08:36,1.17.3,FR5,64,3.94,nan,5,Left,Left,1226,100,240,0,nan,nan,0.53
7/31/2026 8:12:08,1.17.3,FR5,64,3.95,nan,5,Left,Left,1227,100,240,0,nan,nan,17.13
7/31/2026 8:12:15,1.17.3,FR5,64,3.94,nan,5,Left,Left,1228,100,240,0,nan,nan,0.25
7/31/2026 8:12:17,1.17.3,FR5,64,3.95,nan,5,Left,Left,1229,100,240,0,nan,nan,0.52
7/31/2026 8:15:09,1.17.3,FR5,64,3.94,nan,5,Left,Left,1230,100,240,0,nan,nan,1.58
7/31/2026 8:15:13,1.17.3,FR5,64,3.94,2,5,Pellet,Left,1230,100,241,0,0.83,453,nan
7/31/2026 8:18:31,1.17.3,FR5,64,3.94,nan,5,Left,Left,1231,100,241,0,nan,nan,0.96
7/31/2026 8:26:52,1.17.3,FR5,64,3.94,nan,5,Left,Left,1232,100,241,0,nan,nan,0.55
7/31/2026 8:44:13,1.17.3,FR5,64,3.94,nan,5,Left,Left,1233,100,241,0,nan,nan,0.69
7/31/2026 8:44:15,1.17.3,FR5,64,3.94,nan,5,Left,Left,1234,100,241,0,nan,nan,0.55
7/31/2026 8:45:24,1.17.3,FR5,64,3.94,nan,5,Left,Left,1235,100,241,0,nan,nan,6.10
7/31/2026 8:45:25,1.17.3,FR5,64,3.95,nan,5,LeftDuringDispense,Left,1236,100,241,0,nan,nan,0.10
7/31/2026 8:45:26,1.17.3,FR5,64,3.94,nan,5,LeftDuringDispense,Left,1237,100,241,0,nan,nan,0.02
7/31/2026 8:49:48,1.17.3,FR5,64,3.94,4,5,Pellet,Left,1237,100,242,0,Timed_out,2076,nan
7/31/2026 8:50:09,1.17.3,FR5,64,3.94,nan,5,Left,Left,1238,100,242,0,nan,nan,0.57
7/31/2026 8:50:10,1.17.3,FR5,64,3.94,nan,5,Left,Left,1239,100,242,0,nan,nan,0.00
7/31/2026 8:50:13,1.17.3,FR5,64,3.94,nan,5,Left,Left,1240,100,242,0,nan,nan,0.00
7/31/2026 8:50:14,1.17.3,FR5,64,3.94,1,5,Pellet,Left,1240,100,243,0,0.89,26,nan
7/31/2026 8:55:50,1.17.3,FR5,64,3.94,nan,5,Left,Left,1241,100,243,0,nan,nan,2.15
7/31/2026 8:55:58,1.17.3,FR5,64,3.94,nan,5,Left,Left,1242,100,243,0,nan,nan,2.91
7/31/2026 8:56:02,1.17.3,FR5,64,3.94,nan,5,Left,Left,1243,100,243,0,nan,nan,1.73
7/31/2026 8:56:08,1.17.3,FR5,64,3.94,nan,5,Left,Left,1244,100,243,0,nan,nan,3.54
7/31/2026 8:56:12,1.17.3,FR5,64,3.94,nan,5,Left,Left,1245,100,243,0,nan,nan,0.63
7/31/2026 8:56:14,1.17.3,FR5,64,3.94,1,5,Pellet,Left,1245,100,244,0,0.71,360,nan
7/31/2026 8:56:56,1.17.3,FR5,64,3.94,nan,5,Left,Left,1246,100,244,0,nan,nan,0.11
7/31/2026 8:57:38,1.17.3,FR5,64,3.94,nan,5,Left,Left,1247,100,244,0,nan,nan,0.07
7/31/2026 9:12:03,1.17.3,FR5,64,3.94,nan,5,Left,Left,1248,100,244,0,nan,nan,1.30
7/31/2026 9:12:10,1.17.3,FR5,64,3.94,nan,5,Left,Left,1249,100,244,0,nan,nan,0.62
7/31/2026 9:12:26,1.17.3,FR5,64,3.94,nan,5,Left,Left,1250,100,244,0,nan,nan,0.18
7/31/2026 9:12:28,1.17.3,FR5,64,3.94,1,5,Pellet,Left,1250,100,245,0,0.89,974,nan
7/31/2026 9:24:23,1.17.3,FR5,64,3.94,nan,5,Left,Left,1251,100,245,0,nan,nan,0.00
7/31/2026 9:24:29,1.17.3,FR5,64,3.94,nan,5,Left,Left,1252,100,245,0,nan,nan,2.39
7/31/2026 9:24:36,1.17.3,FR5,64,3.94,nan,5,Left,Left,1253,100,245,0,nan,nan,0.37
7/31/2026 9:24:41,1.17.3,FR5,64,3.94,nan,5,Left,Left,1254,100,245,0,nan,nan,1.99
7/31/2026 9:24:44,1.17.3,FR5,64,3.94,nan,5,Left,Left,1255,100,245,0,nan,nan,0.19
7/31/2026 9:24:46,1.17.3,FR5,64,3.94,1,5,Pellet,Left,1255,100,246,0,0.89,738,nan
7/31/2026 9:25:57,1.17.3,FR5,64,3.94,nan,5,Left,Left,1256,100,246,0,nan,nan,0.99
7/31/2026 9:26:11,1.17.3,FR5,64,3.94,nan,5,Left,Left,1257,100,246,0,nan,nan,13.50
7/31/2026 9:26:12,1.17.3,FR5,64,3.94,nan,5,Left,Left,1258,100,246,0,nan,nan,0.14
7/31/2026 9:26:14,1.17.3,FR5,64,3.94,nan,5,Left,Left,1259,100,246,0,nan,nan,0.52
7/31/2026 9:26:23,1.17.3,FR5,64,3.94,nan,5,Left,Left,1260,100,246,0,nan,nan,3.45
7/31/2026 9:26:23,1.17.3,FR5,64,3.94,nan,5,LeftDuringDispense,Left,1261,100,246,0,nan,nan,0.07
7/31/2026 9:26:26,1.17.3,FR5,64,3.94,2,5,Pellet,Left,1261,100,247,0,0.41,100,nan
7/31/2026 9:26:51,1.17.3,FR5,64,3.94,nan,5,Left,Left,1262,100,247,0,nan,nan,0.34
7/31/2026 9:26:51,1.17.3,FR5,64,3.94,nan,5,Left,Left,1263,100,247,0,nan,nan,0.00
7/31/2026 9:26:57,1.17.3,FR5,64,3.94,nan,5,Left,Left,1264,100,247,0,nan,nan,0.06
7/31/2026 9:26:58,1.17.3,FR5,64,3.94,nan,5,Left,Left,1265,100,247,0,nan,nan,0.01
7/31/2026 9:26:58,1.17.3,FR5,64,3.94,nan,5,LeftDuringDispense,Left,1266,100,247,0,nan,nan,0.07
7/31/2026 9:27:03,1.17.3,FR5,64,3.94,2,5,Pellet,Left,1266,100,248,0,1.37,36,nan
7/31/2026 9:36:03,1.17.3,FR5,64,3.94,nan,5,Left,Left,1267,100,248,0,nan,nan,0.27
7/31/2026 9:36:04,1.17.3,FR5,64,3.94,nan,5,Left,Left,1268,100,248,0,nan,nan,0.00
7/31/2026 9:36:08,1.17.3,FR5,64,3.94,nan,5,Left,Left,1269,100,248,0,nan,nan,0.09
7/31/2026 9:36:12,1.17.3,FR5,64,3.94,nan,5,Left,Left,1270,100,248,0,nan,nan,1.45
7/31/2026 9:36:12,1.17.3,FR5,64,3.94,nan,5,LeftDuringDispense,Left,1271,100,248,0,nan,nan,0.05
7/31/2026 9:36:15,1.17.3,FR5,64,3.94,nan,5,LeftDuringDispense,Left,1272,100,248,0,nan,nan,0.48
7/31/2026 9:36:19,1.17.3,FR5,64,3.94,3,5,Pellet,Left,1272,100,249,0,1.31,557,nan
7/31/2026 9:36:39,1.17.3,FR5,64,3.94,nan,5,Left,Left,1273,100,249,0,nan,nan,0.39
7/31/2026 9:36:43,1.17.3,FR5,64,3.94,nan,5,Left,Left,1274,100,249,0,nan,nan,0.17
7/31/2026 9:36:52,1.17.3,FR5,64,3.94,nan,5,Left,Left,1275,100,249,0,nan,nan,2.60
7/31/2026 9:36:53,1.17.3,FR5,64,3.94,nan,5,LeftDuringDispense,Left,1276,100,249,0,nan,nan,0.08
7/31/2026 9:36:56,1.17.3,FR5,64,3.94,2,5,Pellet,Left,1276,100,250,0,0.35,37,nan
7/31/2026 9:37:14,1.17.3,FR5,64,3.94,nan,5,Left,Left,1277,100,250,0,nan,nan,0.10
7/31/2026 9:52:44,1.17.3,FR5,64,3.94,nan,5,Left,Left,1278,100,250,0,nan,nan,0.55
7/31/2026 9:52:51,1.17.3,FR5,64,3.94,nan,5,Left,Left,1279,100,250,0,nan,nan,0.98
7/31/2026 9:55:46,1.17.3,FR5,64,3.94,nan,5,Left,Left,1280,100,250,0,nan,nan,0.88
7/31/2026 9:55:49,1.17.3,FR5,64,3.94,nan,5,LeftDuringDispense,Left,1281,100,250,0,nan,nan,3.11
7/31/2026 9:55:56,1.17.3,FR5,64,3.94,nan,5,LeftDuringDispense,Left,1282,100,250,0,nan,nan,5.85
7/31/2026 9:55:58,1.17.3,FR5,64,3.94,nan,5,LeftDuringDispense,Left,1283,100,250,0,nan,nan,1.94
7/31/2026 9:56:02,1.17.3,FR5,64,3.94,2,5,Pellet,Left,1283,100,251,0,1.37,1146,nan
7/31/2026 9:56:49,1.17.3,FR5,64,3.94,nan,5,Left,Left,1284,100,251,0,nan,nan,3.56
7/31/2026 9:56:53,1.17.3,FR5,64,3.94,nan,5,Left,Left,1285,100,251,0,nan,nan,0.10
7/31/2026 9:56:54,1.17.3,FR5,64,3.94,1,5,Pellet,Left,1285,100,252,0,0.71,52,nan
7/31/2026 9:57:30,1.17.3,FR5,64,3.94,nan,5,Left,Left,1286,100,252,0,nan,nan,0.27
7/31/2026 9:57:31,1.17.3,FR5,64,3.94,nan,5,Left,Left,1287,100,252,0,nan,nan,0.03
7/31/2026 9:57:35,1.17.3,FR5,64,3.94,nan,5,Left,Left,1288,100,252,0,nan,nan,0.00
7/31/2026 9:57:39,1.17.3,FR5,64,3.94,nan,5,Left,Left,1289,100,252,0,nan,nan,0.17
7/31/2026 9:57:40,1.17.3,FR5,64,3.94,nan,5,Left,Left,1290,100,252,0,nan,nan,0.05
7/31/2026 9:57:42,1.17.3,FR5,64,3.94,1,5,Pellet,Left,1290,100,253,0,0.53,48,nan
7/31/2026 10:09:35,1.17.3,FR5,64,3.94,nan,5,Left,Left,1291,100,253,0,nan,nan,0.09
7/31/2026 10:27:48,1.17.3,FR5,64,3.94,nan,5,Left,Left,1292,100,253,0,nan,nan,1.14
7/31/2026 10:27:55,1.17.3,FR5,64,3.94,nan,5,Left,Left,1293,100,253,0,nan,nan,0.04
7/31/2026 10:28:12,1.17.3,FR5,64,3.94,nan,5,Left,Left,1294,100,253,0,nan,nan,0.42
7/31/2026 10:28:16,1.17.3,FR5,64,3.94,nan,5,Left,Left,1295,100,253,0,nan,nan,1.36
7/31/2026 10:28:17,1.17.3,FR5,64,3.94,nan,5,LeftWithPellet,Left,1296,100,253,0,nan,nan,0.00
7/31/2026 10:28:17,1.17.3,FR5,64,3.94,nan,5,LeftWithPellet,Left,1297,100,253,0,nan,nan,0.10
7/31/2026 10:28:20,1.17.3,FR5,64,3.94,1,5,Pellet,Left,1297,100,254,0,3.41,1838,nan
7/31/2026 10:28:44,1.17.3,FR5,64,3.94,nan,5,Left,Left,1298,100,254,0,nan,nan,0.03
7/31/2026 10:29:10,1.17.3,FR5,64,3.94,nan,5,Left,Left,1299,100,254,0,nan,nan,0.05
7/31/2026 10:29:15,1.17.3,FR5,64,3.94,nan,5,Left,Left,1300,100,254,0,nan,nan,0.02
7/31/2026 10:29:16,1.17.3,FR5,64,3.94,1,5,Pellet,Left,1300,100,255,0,1.01,56,nan
7/31/2026 10:37:31,1.17.3,FR5,64,3.94,nan,5,Left,Left,1301,100,255,0,nan,nan,0.84
7/31/2026 10:41:38,1.17.3,FR5,64,3.94,nan,5,Left,Left,1302,100,255,0,nan,nan,3.87
7/31/2026 10:41:47,1.17.3,FR5,64,3.94,nan,5,Left,Left,1303,100,255,0,nan,nan,1.39
7/31/2026 10:41:48,1.17.3,FR5,64,3.94,nan,5,Left,Left,1304,100,255,0,nan,nan,0.33
7/31/2026 10:41:59,1.17.3,FR5,64,3.94,nan,5,Left,Left,1305,100,255,0,nan,nan,0.03
7/31/2026 10:42:00,1.17.3,FR5,64,3.94,1,5,Pellet,Left,1305,100,256,0,0.83,764,nan
7/31/2026 10:42:17,1.17.3,FR5,64,3.94,nan,5,Left,Left,1306,100,256,0,nan,nan,0.08
7/31/2026 10:42:18,1.17.3,FR5,64,3.94,nan,5,Left,Left,1307,100,256,0,nan,nan,0.09
7/31/2026 10:42:19,1.17.3,FR5,64,3.94,nan,5,Left,Left,1308,100,256,0,nan,nan,0.14
7/31/2026 10:42:22,1.17.3,FR5,64,3.94,nan,5,Left,Left,1309,100,256,0,nan,nan,0.15
7/31/2026 10:58:30,1.17.3,FR5,64,3.94,nan,5,Left,Left,1310,100,256,0,nan,nan,0.03
7/31/2026 10:58:36,1.17.3,FR5,64,3.94,1,5,Pellet,Left,1310,100,257,0,5.33,996,nan
7/31/2026 11:03:33,1.17.3,FR5,64,3.94,nan,5,Left,Left,1311,100,257,0,nan,nan,0.15
7/31/2026 11:03:34,1.17.3,FR5,64,3.94,nan,5,Left,Left,1312,100,257,0,nan,nan,0.69
7/31/2026 11:04:42,1.17.3,FR5,64,3.94,nan,5,Left,Left,1313,100,257,0,nan,nan,1.31
7/31/2026 11:06:12,1.17.3,FR5,64,3.94,nan,5,Left,Left,1314,100,257,0,nan,nan,0.72
7/31/2026 11:07:59,1.17.3,FR5,64,3.94,nan,5,Left,Left,1315,100,257,0,nan,nan,0.35
7/31/2026 11:08:02,1.17.3,FR5,64,3.94,1,5,Pellet,Left,1315,100,258,0,1.31,566,nan
7/31/2026 11:08:36,1.17.3,FR5,64,3.94,nan,5,Left,Left,1316,100,258,0,nan,nan,0.08
7/31/2026 11:08:39,1.17.3,FR5,64,3.94,nan,5,Left,Left,1317,100,258,0,nan,nan,0.06
7/31/2026 11:08:41,1.17.3,FR5,64,3.94,nan,5,Left,Left,1318,100,258,0,nan,nan,0.75
7/31/2026 11:08:44,1.17.3,FR5,64,3.94,nan,5,Left,Left,1319,100,258,0,nan,nan,0.27
7/31/2026 11:08:52,1.17.3,FR5,64,3.94,nan,5,Left,Left,1320,100,258,0,nan,nan,0.02
7/31/2026 11:08:53,1.17.3,FR5,64,3.94,1,5,Pellet,Left,1320,100,259,0,1.01,51,nan
7/31/2026 11:09:19,1.17.3,FR5,64,3.94,nan,5,Left,Left,1321,100,259,0,nan,nan,0.05
7/31/2026 11:14:42,1.17.3,FR5,64,3.94,nan,5,Left,Left,1322,100,259,0,nan,nan,0.09
7/31/2026 11:16:48,1.17.3,FR5,64,3.94,nan,5,Left,Left,1323,100,259,0,nan,nan,0.02
7/31/2026 11:17:08,1.17.3,FR5,64,3.94,nan,5,Left,Left,1324,100,259,0,nan,nan,0.00
7/31/2026 11:24:35,1.17.3,FR5,64,3.94,nan,5,Left,Left,1325,100,259,0,nan,nan,0.14
7/31/2026 11:24:41,1.17.3,FR5,64,3.94,1,5,Pellet,Left,1325,100,260,0,5.75,948,nan
7/31/2026 11:56:07,1.17.3,FR5,64,3.94,nan,5,Left,Left,1326,100,260,0,nan,nan,0.60
7/31/2026 11:56:10,1.17.3,FR5,64,3.94,nan,5,Left,Left,1327,100,260,0,nan,nan,0.55
7/31/2026 11:56:13,1.17.3,FR5,64,3.94,nan,5,Left,Left,1328,100,260,0,nan,nan,0.70
7/31/2026 11:56:17,1.17.3,FR5,64,3.94,nan,5,Left,Left,1329,100,260,0,nan,nan,0.91
7/31/2026 11:56:18,1.17.3,FR5,64,3.94,nan,5,Left,Left,1330,100,260,0,nan,nan,0.35
7/31/2026 11:56:19,1.17.3,FR5,64,3.94,1,5,Pellet,Left,1330,100,261,0,0.53,1898,nan
7/31/2026 11:56:58,1.17.3,FR5,64,3.94,nan,5,Left,Left,1331,100,261,0,nan,nan,0.73
7/31/2026 11:56:59,1.17.3,FR5,64,3.93,nan,5,Left,Left,1332,100,261,0,nan,nan,0.23
7/31/2026 11:57:06,1.17.3,FR5,64,3.94,nan,5,Left,Left,1333,100,261,0,nan,nan,6.24
7/31/2026 11:57:07,1.17.3,FR5,64,3.94,nan,5,Left,Left,1334,100,261,0,nan,nan,0.04
7/31/2026 11:57:11,1.17.3,FR5,64,3.94,nan,5,Left,Left,1335,100,261,0,nan,nan,1.04
7/31/2026 11:57:12,1.17.3,FR5,64,3.94,nan,5,LeftDuringDispense,Left,1336,100,261,0,nan,nan,0.19
7/31/2026 11:57:16,1.17.3,FR5,64,3.94,2,5,Pellet,Left,1336,100,262,0,1.07,57,nan
7/31/2026 12:08:42,1.17.3,FR5,64,3.94,nan,5,Left,Left,1337,100,262,0,nan,nan,0.08
7/31/2026 12:33:52,1.17.3,FR5,64,3.94,nan,5,Left,Left,1338,100,262,0,nan,nan,1.02
7/31/2026 12:33:54,1.17.3,FR5,64,3.94,nan,5,Left,Left,1339,100,262,0,nan,nan,0.13
7/31/2026 12:39:00,1.17.3,FR5,64,3.94,nan,5,Left,Left,1340,100,262,0,nan,nan,0.23
7/31/2026 12:39:08,1.17.3,FR5,64,3.94,2,5,Pellet,Left,1340,100,263,0,5.69,2512,nan
7/31/2026 12:49:18,1.17.3,FR5,64,3.94,nan,5,Left,Left,1341,100,263,0,nan,nan,0.31
