MM:DD:YYYY hh:mm:ss,Library_Version,Session_type,Device_Number,Battery_Voltage,Motor_Turns,FR,Event,Active_Poke,Left_Poke_Count,Right_Poke_Count,Pellet_Count,Block_Pellet_Count,Retrieval_Time,InterPelletInterval,Poke_Time
4/22/2026 12:08:31,1.17.3,FR5,67,4.12,nan,5,Right,Left,0,1,0,0,nan,nan,0.07
4/22/2026 13:05:39,1.17.3,FR5,67,4.12,nan,5,Right,Left,0,2,0,0,nan,nan,0.06
4/22/2026 13:05:49,1.17.3,FR5,67,4.12,nan,5,Right,Left,0,3,0,0,nan,nan,0.28
4/22/2026 13:05:51,1.17.3,FR5,67,4.12,nan,5,Left,Left,1,3,0,0,nan,nan,0.20
4/22/2026 13:05:53,1.17.3,FR5,67,4.12,nan,5,Left,Left,2,3,0,0,nan,nan,0.10
4/22/2026 13:05:56,1.17.3,FR5,67,4.12,nan,5,Left,Left,3,3,0,0,nan,nan,0.28
4/22/2026 13:05:58,1.17.3,FR5,67,4.12,nan,5,Left,Left,4,3,0,0,nan,nan,0.31
4/22/2026 13:05:59,1.17.3,FR5,67,4.12,nan,5,Left,Left,5,3,0,0,nan,nan,0.31
4/22/2026 13:06:03,1.17.3,FR5,67,4.12,2,5,Pellet,Left,5,3,1,0,0.89,nan,nan
4/22/2026 13:06:11,1.17.3,FR5,67,4.12,nan,5,Left,Left,6,3,1,0,nan,nan,0.32
4/22/2026 13:06:12,1.17.3,FR5,67,4.12,nan,5,Left,Left,7,3,1,0,nan,nan,0.16
4/22/2026 13:06:13,1.17.3,FR5,67,4.12,nan,5,Left,Left,8,3,1,0,nan,nan,0.24
4/22/2026 13:06:18,1.17.3,FR5,67,4.12,nan,5,Left,Left,9,3,1,0,nan,nan,0.07
4/22/2026 13:06:22,1.17.3,FR5,67,4.12,nan,5,Left,Left,10,3,1,0,nan,nan,0.04
4/22/2026 13:06:23,1.17.3,FR5,67,4.12,1,5,Pellet,Left,10,3,2,0,0.17,20,nan
4/22/2026 13:06:28,1.17.3,FR5,67,4.12,nan,5,Left,Left,11,3,2,0,nan,nan,0.28
4/22/2026 13:06:29,1.17.3,FR5,67,4.12,nan,5,Left,Left,12,3,2,0,nan,nan,0.25
4/22/2026 13:06:31,1.17.3,FR5,67,4.12,nan,5,Left,Left,13,3,2,0,nan,nan,0.18
4/22/2026 13:06:32,1.17.3,FR5,67,4.12,nan,5,Left,Left,14,3,2,0,nan,nan,0.23
4/22/2026 13:06:33,1.17.3,FR5,67,4.13,nan,5,Left,Left,15,3,2,0,nan,nan,0.26
4/22/2026 13:06:34,1.17.3,FR5,67,4.12,1,5,Pellet,Left,15,3,3,0,0.41,11,nan
4/22/2026 13:06:41,1.17.3,FR5,67,4.12,nan,5,Left,Left,16,3,3,0,nan,nan,0.02
4/22/2026 13:06:42,1.17.3,FR5,67,4.12,nan,5,Left,Left,17,3,3,0,nan,nan,0.14
4/22/2026 13:06:46,1.17.3,FR5,67,4.12,nan,5,Left,Left,18,3,3,0,nan,nan,0.27
4/22/2026 13:06:48,1.17.3,FR5,67,4.12,nan,5,Left,Left,19,3,3,0,nan,nan,0.31
4/22/2026 13:06:56,1.17.3,FR5,67,4.12,nan,5,Left,Left,20,3,3,0,nan,nan,0.28
4/22/2026 13:06:56,1.17.3,FR5,67,4.12,nan,5,LeftDuringDispense,Left,21,3,3,0,nan,nan,0.02
4/22/2026 13:06:59,1.17.3,FR5,67,4.12,2,5,Pellet,Left,21,3,4,0,0.29,25,nan
4/22/2026 13:07:05,1.17.3,FR5,67,4.12,nan,5,Left,Left,22,3,4,0,nan,nan,0.02
4/22/2026 13:07:06,1.17.3,FR5,67,4.12,nan,5,Left,Left,23,3,4,0,nan,nan,0.32
4/22/2026 13:07:08,1.17.3,FR5,67,4.12,nan,5,Left,Left,24,3,4,0,nan,nan,0.13
4/22/2026 13:07:10,1.17.3,FR5,67,4.12,nan,5,Left,Left,25,3,4,0,nan,nan,0.17
4/22/2026 13:07:11,1.17.3,FR5,67,4.12,nan,5,LeftDuringDispense,Left,26,3,4,0,nan,nan,0.75
4/22/2026 13:07:14,1.17.3,FR5,67,4.12,2,5,Pellet,Left,26,3,5,0,0.17,15,nan
4/22/2026 14:52:26,1.17.3,FR5,67,4.12,nan,5,Right,Left,26,4,5,0,nan,nan,1.40
4/22/2026 14:52:27,1.17.3,FR5,67,4.12,nan,5,Right,Left,26,5,5,0,nan,nan,0.14
4/22/2026 14:52:27,1.17.3,FR5,67,4.12,nan,5,Right,Left,26,6,5,0,nan,nan,0.11
4/22/2026 14:54:10,1.17.3,FR5,67,4.12,nan,5,Right,Left,26,7,5,0,nan,nan,0.06
4/22/2026 14:54:23,1.17.3,FR5,67,4.12,nan,5,Left,Left,27,7,5,0,nan,nan,1.09
4/22/2026 14:55:25,1.17.3,FR5,67,4.12,nan,5,Right,Left,27,8,5,0,nan,nan,0.01
4/22/2026 14:57:55,1.17.3,FR5,67,4.12,nan,5,Left,Left,28,8,5,0,nan,nan,0.34
4/22/2026 15:05:32,1.17.3,FR5,67,4.12,nan,5,Right,Left,28,9,5,0,nan,nan,0.08
4/22/2026 15:58:01,1.17.3,FR5,67,4.12,nan,5,Left,Left,29,9,5,0,nan,nan,0.38
4/22/2026 15:58:02,1.17.3,FR5,67,4.12,nan,5,Left,Left,30,9,5,0,nan,nan,0.16
4/22/2026 15:58:03,1.17.3,FR5,67,4.12,1,5,Pellet,Left,30,9,6,0,0.53,10249,nan
4/22/2026 15:58:13,1.17.3,FR5,67,4.12,nan,5,Left,Left,31,9,6,0,nan,nan,0.02
4/22/2026 15:58:15,1.17.3,FR5,67,4.12,nan,5,Left,Left,32,9,6,0,nan,nan,0.21
4/22/2026 15:58:17,1.17.3,FR5,67,4.12,nan,5,Left,Left,33,9,6,0,nan,nan,0.14
4/22/2026 15:58:21,1.17.3,FR5,67,4.12,nan,5,Left,Left,34,9,6,0,nan,nan,0.24
4/22/2026 15:58:25,1.17.3,FR5,67,4.12,nan,5,Left,Left,35,9,6,0,nan,nan,0.18
4/22/2026 15:58:26,1.17.3,FR5,67,4.12,1,5,Pellet,Left,35,9,7,0,0.53,23,nan
4/22/2026 15:58:34,1.17.3,FR5,67,4.11,nan,5,Left,Left,36,9,7,0,nan,nan,0.17
4/22/2026 15:58:45,1.17.3,FR5,67,4.12,nan,5,Left,Left,37,9,7,0,nan,nan,0.14
4/22/2026 15:58:50,1.17.3,FR5,67,4.11,nan,5,Left,Left,38,9,7,0,nan,nan,0.32
4/22/2026 15:58:51,1.17.3,FR5,67,4.12,nan,5,Left,Left,39,9,7,0,nan,nan,0.15
4/22/2026 15:58:56,1.17.3,FR5,67,4.12,nan,5,Left,Left,40,9,7,0,nan,nan,0.14
4/22/2026 15:58:57,1.17.3,FR5,67,4.12,2,5,Pellet,Left,40,9,8,0,0.12,31,nan
4/22/2026 15:59:08,1.17.3,FR5,67,4.12,nan,5,Left,Left,41,9,8,0,nan,nan,0.12
4/22/2026 15:59:09,1.17.3,FR5,67,4.12,nan,5,Left,Left,42,9,8,0,nan,nan,0.23
4/22/2026 15:59:10,1.17.3,FR5,67,4.12,nan,5,Left,Left,43,9,8,0,nan,nan,0.24
4/22/2026 15:59:19,1.17.3,FR5,67,4.12,nan,5,Left,Left,44,9,8,0,nan,nan,0.17
4/22/2026 17:56:32,1.17.3,FR5,67,4.11,nan,5,Left,Left,45,9,8,0,nan,nan,0.35
4/22/2026 17:56:32,1.17.3,FR5,67,4.11,nan,5,LeftDuringDispense,Left,46,9,8,0,nan,nan,0.01
4/22/2026 17:56:33,1.17.3,FR5,67,4.11,nan,5,LeftWithPellet,Left,47,9,8,0,nan,nan,0.08
4/22/2026 17:56:34,1.17.3,FR5,67,4.11,1,5,Pellet,Left,47,9,9,0,2.15,7057,nan
4/22/2026 17:56:44,1.17.3,FR5,67,4.11,nan,5,Left,Left,48,9,9,0,nan,nan,0.28
4/22/2026 17:56:49,1.17.3,FR5,67,4.11,nan,5,Left,Left,49,9,9,0,nan,nan,0.02
4/22/2026 17:56:51,1.17.3,FR5,67,4.11,nan,5,Left,Left,50,9,9,0,nan,nan,0.22
4/22/2026 17:56:52,1.17.3,FR5,67,4.11,2,5,Pellet,Left,50,9,10,0,0.23,18,nan
4/22/2026 17:57:08,1.17.3,FR5,67,4.12,nan,5,Left,Left,51,9,10,0,nan,nan,0.10
4/22/2026 18:43:43,1.17.3,FR5,67,4.11,nan,5,Left,Left,52,9,10,0,nan,nan,0.37
4/22/2026 18:43:44,1.17.3,FR5,67,4.11,nan,5,Left,Left,53,9,10,0,nan,nan,0.41
4/22/2026 18:43:45,1.17.3,FR5,67,4.11,nan,5,Left,Left,54,9,10,0,nan,nan,0.00
4/22/2026 18:43:48,1.17.3,FR5,67,4.11,nan,5,Left,Left,55,9,10,0,nan,nan,0.23
4/22/2026 18:43:49,1.17.3,FR5,67,4.11,2,5,Pellet,Left,55,9,11,0,0.23,2817,nan
4/22/2026 18:44:05,1.17.3,FR5,67,4.11,nan,5,Left,Left,56,9,11,0,nan,nan,0.17
4/22/2026 18:44:09,1.17.3,FR5,67,4.11,nan,5,Left,Left,57,9,11,0,nan,nan,0.14
4/22/2026 18:44:12,1.17.3,FR5,67,4.11,nan,5,Left,Left,58,9,11,0,nan,nan,0.14
4/22/2026 18:44:13,1.17.3,FR5,67,4.11,nan,5,Left,Left,59,9,11,0,nan,nan,0.19
4/22/2026 18:44:23,1.17.3,FR5,67,4.11,nan,5,Left,Left,60,9,11,0,nan,nan,0.32
4/22/2026 18:44:24,1.17.3,FR5,67,4.11,2,5,Pellet,Left,60,9,12,0,0.41,35,nan
4/22/2026 18:44:30,1.17.3,FR5,67,4.12,nan,5,Left,Left,61,9,12,0,nan,nan,0.02
4/22/2026 18:44:31,1.17.3,FR5,67,4.11,nan,5,Left,Left,62,9,12,0,nan,nan,0.00
4/22/2026 18:44:34,1.17.3,FR5,67,4.11,nan,5,Left,Left,63,9,12,0,nan,nan,0.14
4/22/2026 18:44:35,1.17.3,FR5,67,4.11,nan,5,Left,Left,64,9,12,0,nan,nan,0.17
4/22/2026 18:44:36,1.17.3,FR5,67,4.11,nan,5,Left,Left,65,9,12,0,nan,nan,0.23
4/22/2026 18:44:36,1.17.3,FR5,67,4.11,nan,5,LeftDuringDispense,Left,66,9,12,0,nan,nan,0.05
4/22/2026 18:44:36,1.17.3,FR5,67,4.11,nan,5,LeftDuringDispense,Left,67,9,12,0,nan,nan,0.27
4/22/2026 18:44:39,1.17.3,FR5,67,4.11,nan,5,LeftDuringDispense,Left,68,9,12,0,nan,nan,0.14
4/22/2026 18:44:40,1.17.3,FR5,67,4.11,nan,5,LeftWithPellet,Left,69,9,12,0,nan,nan,0.21
4/22/2026 18:44:42,1.17.3,FR5,67,4.11,nan,5,LeftWithPellet,Left,70,9,12,0,nan,nan,0.04
4/22/2026 18:44:42,1.17.3,FR5,67,4.11,nan,5,LeftWithPellet,Left,71,9,12,0,nan,nan,0.17
4/22/2026 18:44:43,1.17.3,FR5,67,4.11,nan,5,LeftWithPellet,Left,72,9,12,0,nan,nan,0.12
4/22/2026 18:44:44,1.17.3,FR5,67,4.11,nan,5,LeftWithPellet,Left,73,9,12,0,nan,nan,0.30
4/22/2026 18:44:46,1.17.3,FR5,67,4.11,nan,5,LeftWithPellet,Left,74,9,12,0,nan,nan,0.86
4/22/2026 18:44:48,1.17.3,FR5,67,4.11,2,5,Pellet,Left,74,9,13,0,8.08,24,nan
4/22/2026 18:44:56,1.17.3,FR5,67,4.11,nan,5,Left,Left,75,9,13,0,nan,nan,0.06
4/22/2026 18:44:57,1.17.3,FR5,67,4.11,2,5,Pellet,Left,75,9,14,0,0.35,9,nan
4/22/2026 18:45:05,1.17.3,FR5,67,4.11,nan,5,Left,Left,76,9,14,0,nan,nan,0.18
4/22/2026 18:45:11,1.17.3,FR5,67,4.11,nan,5,Left,Left,77,9,14,0,nan,nan,0.03
4/22/2026 18:45:15,1.17.3,FR5,67,4.11,nan,5,Left,Left,78,9,14,0,nan,nan,0.32
4/22/2026 18:45:20,1.17.3,FR5,67,4.11,nan,5,Left,Left,79,9,14,0,nan,nan,0.12
4/22/2026 18:45:20,1.17.3,FR5,67,4.11,nan,5,Left,Left,80,9,14,0,nan,nan,0.00
4/22/2026 18:45:22,1.17.3,FR5,67,4.11,nan,5,LeftWithPellet,Left,81,9,14,0,nan,nan,0.11
4/22/2026 18:45:23,1.17.3,FR5,67,4.11,2,5,Pellet,Left,81,9,15,0,1.63,26,nan
4/22/2026 18:45:29,1.17.3,FR5,67,4.11,nan,5,Left,Left,82,9,15,0,nan,nan,0.32
4/22/2026 18:45:31,1.17.3,FR5,67,4.11,nan,5,Left,Left,83,9,15,0,nan,nan,0.28
4/22/2026 18:45:32,1.17.3,FR5,67,4.11,nan,5,Left,Left,84,9,15,0,nan,nan,0.25
4/22/2026 18:45:36,1.17.3,FR5,67,4.11,nan,5,Left,Left,85,9,15,0,nan,nan,0.28
4/22/2026 18:45:37,1.17.3,FR5,67,4.11,nan,5,LeftDuringDispense,Left,86,9,15,0,nan,nan,0.19
4/22/2026 18:45:41,1.17.3,FR5,67,4.11,2,5,Pellet,Left,86,9,16,0,1.25,18,nan
4/22/2026 18:45:53,1.17.3,FR5,67,4.11,nan,5,Left,Left,87,9,16,0,nan,nan,0.21
4/22/2026 18:45:55,1.17.3,FR5,67,4.11,nan,5,Left,Left,88,9,16,0,nan,nan,0.26
4/22/2026 18:45:56,1.17.3,FR5,67,4.11,nan,5,Left,Left,89,9,16,0,nan,nan,0.00
4/22/2026 18:46:01,1.17.3,FR5,67,4.11,nan,5,Left,Left,90,9,16,0,nan,nan,0.02
4/22/2026 18:46:02,1.17.3,FR5,67,4.11,nan,5,LeftDuringDispense,Left,91,9,16,0,nan,nan,0.31
4/22/2026 18:46:03,1.17.3,FR5,67,4.11,1,5,Pellet,Left,91,9,17,0,0.77,22,nan
4/22/2026 18:46:15,1.17.3,FR5,67,4.11,nan,5,Left,Left,92,9,17,0,nan,nan,0.25
4/22/2026 18:46:19,1.17.3,FR5,67,4.11,nan,5,Left,Left,93,9,17,0,nan,nan,0.26
4/22/2026 18:46:23,1.17.3,FR5,67,4.11,nan,5,Left,Left,94,9,17,0,nan,nan,0.40
4/22/2026 18:46:30,1.17.3,FR5,67,4.11,nan,5,Right,Left,94,10,17,0,nan,nan,0.26
4/22/2026 18:46:38,1.17.3,FR5,67,4.11,nan,5,Left,Left,95,10,17,0,nan,nan,0.13
4/22/2026 18:46:39,1.17.3,FR5,67,4.11,nan,5,LeftDuringDispense,Left,96,10,17,0,nan,nan,0.11
4/22/2026 18:46:40,1.17.3,FR5,67,4.11,1,5,Pellet,Left,96,10,18,0,0.59,37,nan
4/22/2026 18:46:49,1.17.3,FR5,67,4.11,nan,5,Left,Left,97,10,18,0,nan,nan,0.08
4/22/2026 18:46:50,1.17.3,FR5,67,4.11,nan,5,Left,Left,98,10,18,0,nan,nan,0.14
4/22/2026 19:24:41,1.17.3,FR5,67,4.11,nan,5,Right,Left,98,11,18,0,nan,nan,0.02
4/22/2026 19:26:59,1.17.3,FR5,67,4.11,nan,5,Right,Left,98,12,18,0,nan,nan,0.00
4/22/2026 19:32:12,1.17.3,FR5,67,4.11,nan,5,Left,Left,99,12,18,0,nan,nan,0.21
4/22/2026 19:32:15,1.17.3,FR5,67,4.11,nan,5,Left,Left,100,12,18,0,nan,nan,0.03
4/22/2026 19:32:16,1.17.3,FR5,67,4.11,2,5,Pellet,Left,100,12,19,0,0.29,2736,nan
4/22/2026 19:36:11,1.17.3,FR5,67,4.11,nan,5,Left,Left,101,12,19,0,nan,nan,0.29
4/22/2026 19:39:30,1.17.3,FR5,67,4.11,nan,5,Right,Left,101,13,19,0,nan,nan,0.00
4/22/2026 19:54:37,1.17.3,FR5,67,4.11,nan,5,Left,Left,102,13,19,0,nan,nan,0.27
4/22/2026 19:56:31,1.17.3,FR5,67,4.11,nan,5,Right,Left,102,14,19,0,nan,nan,0.02
4/22/2026 19:57:18,1.17.3,FR5,67,4.11,nan,5,Right,Left,102,15,19,0,nan,nan,0.01
4/22/2026 20:02:29,1.17.3,FR5,67,4.11,nan,5,Right,Left,102,16,19,0,nan,nan,0.13
4/22/2026 20:02:43,1.17.3,FR5,67,4.11,nan,5,Left,Left,103,16,19,0,nan,nan,0.13
4/22/2026 20:13:12,1.17.3,FR5,67,4.11,nan,5,Left,Left,104,16,19,0,nan,nan,0.10
4/22/2026 20:19:15,1.17.3,FR5,67,4.11,nan,5,Right,Left,104,17,19,0,nan,nan,0.09
4/22/2026 20:19:25,1.17.3,FR5,67,4.11,nan,5,Right,Left,104,18,19,0,nan,nan,0.14
4/22/2026 20:19:25,1.17.3,FR5,67,4.11,nan,5,Right,Left,104,19,19,0,nan,nan,0.01
4/22/2026 20:19:42,1.17.3,FR5,67,4.11,nan,5,Right,Left,104,20,19,0,nan,nan,1.41
4/22/2026 20:19:49,1.17.3,FR5,67,4.11,nan,5,Left,Left,105,20,19,0,nan,nan,0.24
4/22/2026 20:19:51,1.17.3,FR5,67,4.11,2,5,Pellet,Left,105,20,20,0,0.41,2854,nan
4/22/2026 20:20:12,1.17.3,FR5,67,4.11,nan,5,Left,Left,106,20,20,0,nan,nan,0.02
4/22/2026 20:31:08,1.17.3,FR5,67,4.11,nan,5,Left,Left,107,20,20,0,nan,nan,0.04
4/22/2026 20:31:10,1.17.3,FR5,67,4.11,nan,5,Left,Left,108,20,20,0,nan,nan,0.27
4/22/2026 20:31:16,1.17.3,FR5,67,4.11,nan,5,Left,Left,109,20,20,0,nan,nan,0.07
4/22/2026 20:31:19,1.17.3,FR5,67,4.11,nan,5,Left,Left,110,20,20,0,nan,nan,0.18
4/22/2026 20:31:20,1.17.3,FR5,67,4.11,1,5,Pellet,Left,110,20,21,0,0.41,690,nan
4/22/2026 20:31:30,1.17.3,FR5,67,4.11,nan,5,Left,Left,111,20,21,0,nan,nan,0.05
4/22/2026 20:31:37,1.17.3,FR5,67,4.11,nan,5,Left,Left,112,20,21,0,nan,nan,0.04
4/22/2026 20:31:44,1.17.3,FR5,67,4.11,nan,5,Left,Left,113,20,21,0,nan,nan,0.10
4/22/2026 20:32:52,1.17.3,FR5,67,4.11,nan,5,Left,Left,114,20,21,0,nan,nan,0.02
4/22/2026 20:34:01,1.17.3,FR5,67,4.11,nan,5,Right,Left,114,21,21,0,nan,nan,0.26
4/22/2026 20:34:56,1.17.3,FR5,67,4.11,nan,5,Left,Left,115,21,21,0,nan,nan,0.17
4/22/2026 20:34:57,1.17.3,FR5,67,4.11,1,5,Pellet,Left,115,21,22,0,0.59,217,nan
4/22/2026 20:45:22,1.17.3,FR5,67,4.11,nan,5,Right,Left,115,22,22,0,nan,nan,0.28
4/22/2026 20:45:23,1.17.3,FR5,67,4.11,nan,5,Right,Left,115,23,22,0,nan,nan,0.13
4/22/2026 20:53:16,1.17.3,FR5,67,4.11,nan,5,Left,Left,116,23,22,0,nan,nan,0.21
4/22/2026 20:58:00,1.17.3,FR5,67,4.11,nan,5,Right,Left,116,24,22,0,nan,nan,0.20
4/22/2026 21:05:08,1.17.3,FR5,67,4.11,nan,5,Left,Left,117,24,22,0,nan,nan,0.11
4/22/2026 21:05:52,1.17.3,FR5,67,4.11,nan,5,Right,Left,117,25,22,0,nan,nan,0.03
4/22/2026 21:05:54,1.17.3,FR5,67,4.11,nan,5,Right,Left,117,26,22,0,nan,nan,1.05
4/22/2026 21:08:23,1.17.3,FR5,67,4.11,nan,5,Left,Left,118,26,22,0,nan,nan,0.31
4/22/2026 21:15:18,1.17.3,FR5,67,4.11,nan,5,Left,Left,119,26,22,0,nan,nan,0.35
4/22/2026 21:16:02,1.17.3,FR5,67,4.11,nan,5,Right,Left,119,27,22,0,nan,nan,0.43
4/22/2026 21:18:49,1.17.3,FR5,67,4.11,nan,5,Right,Left,119,28,22,0,nan,nan,0.03
4/22/2026 21:18:50,1.17.3,FR5,67,4.11,nan,5,Right,Left,119,29,22,0,nan,nan,0.05
4/22/2026 21:18:51,1.17.3,FR5,67,4.11,nan,5,Right,Left,119,30,22,0,nan,nan,0.47
4/22/2026 21:25:46,1.17.3,FR5,67,4.11,nan,5,Left,Left,120,30,22,0,nan,nan,0.34
4/22/2026 21:25:47,1.17.3,FR5,67,4.11,1,5,Pellet,Left,120,30,23,0,0.65,3050,nan
4/22/2026 21:26:06,1.17.3,FR5,67,4.11,nan,5,Left,Left,121,30,23,0,nan,nan,0.13
4/22/2026 21:30:55,1.17.3,FR5,67,4.11,nan,5,Left,Left,122,30,23,0,nan,nan,0.15
4/22/2026 21:31:01,1.17.3,FR5,67,4.10,nan,5,Right,Left,122,31,23,0,nan,nan,0.03
4/22/2026 21:31:51,1.17.3,FR5,67,4.11,nan,5,Left,Left,123,31,23,0,nan,nan,0.06
4/22/2026 21:32:07,1.17.3,FR5,67,4.11,nan,5,Left,Left,124,31,23,0,nan,nan,0.14
4/22/2026 21:33:00,1.17.3,FR5,67,4.11,nan,5,Right,Left,124,32,23,0,nan,nan,0.10
4/22/2026 21:34:49,1.17.3,FR5,67,4.10,nan,5,Left,Left,125,32,23,0,nan,nan,0.03
4/22/2026 21:34:50,1.17.3,FR5,67,4.11,nan,5,LeftDuringDispense,Left,126,32,23,0,nan,nan,0.03
4/22/2026 21:34:53,1.17.3,FR5,67,4.11,2,5,Pellet,Left,126,32,24,0,0.35,546,nan
4/22/2026 21:36:27,1.17.3,FR5,67,4.11,nan,5,Right,Left,126,33,24,0,nan,nan,0.03
4/22/2026 21:36:31,1.17.3,FR5,67,4.11,nan,5,Right,Left,126,34,24,0,nan,nan,0.01
4/22/2026 21:36:45,1.17.3,FR5,67,4.11,nan,5,Right,Left,126,35,24,0,nan,nan,0.06
4/22/2026 21:36:46,1.17.3,FR5,67,4.11,nan,5,Right,Left,126,36,24,0,nan,nan,0.37
4/22/2026 21:36:49,1.17.3,FR5,67,4.10,nan,5,Right,Left,126,37,24,0,nan,nan,0.45
4/22/2026 21:36:52,1.17.3,FR5,67,4.10,nan,5,Left,Left,127,37,24,0,nan,nan,0.27
4/22/2026 21:36:56,1.17.3,FR5,67,4.10,nan,5,Left,Left,128,37,24,0,nan,nan,0.10
4/22/2026 21:36:58,1.17.3,FR5,67,4.11,nan,5,Left,Left,129,37,24,0,nan,nan,0.08
4/22/2026 22:01:38,1.17.3,FR5,67,4.10,nan,5,Left,Left,130,37,24,0,nan,nan,0.55
4/22/2026 22:01:39,1.17.3,FR5,67,4.11,1,5,Pellet,Left,130,37,25,0,0.29,1606,nan
4/22/2026 22:01:43,1.17.3,FR5,67,4.10,nan,5,Left,Left,131,37,25,0,nan,nan,0.02
4/22/2026 22:01:44,1.17.3,FR5,67,4.11,nan,5,Left,Left,132,37,25,0,nan,nan,0.22
4/22/2026 22:01:46,1.17.3,FR5,67,4.10,nan,5,Left,Left,133,37,25,0,nan,nan,0.07
4/22/2026 22:01:46,1.17.3,FR5,67,4.10,nan,5,Left,Left,134,37,25,0,nan,nan,0.00
4/22/2026 22:01:48,1.17.3,FR5,67,4.11,nan,5,Left,Left,135,37,25,0,nan,nan,0.11
4/22/2026 22:01:49,1.17.3,FR5,67,4.11,1,5,Pellet,Left,135,37,26,0,0.29,10,nan
4/22/2026 22:01:58,1.17.3,FR5,67,4.11,nan,5,Left,Left,136,37,26,0,nan,nan,0.17
4/22/2026 22:02:00,1.17.3,FR5,67,4.11,nan,5,Left,Left,137,37,26,0,nan,nan,0.28
4/22/2026 22:02:02,1.17.3,FR5,67,4.11,nan,5,Left,Left,138,37,26,0,nan,nan,0.18
4/22/2026 22:02:03,1.17.3,FR5,67,4.11,nan,5,Left,Left,139,37,26,0,nan,nan,0.04
4/22/2026 22:02:04,1.17.3,FR5,67,4.11,nan,5,Left,Left,140,37,26,0,nan,nan,0.23
4/22/2026 22:02:05,1.17.3,FR5,67,4.09,1,5,Pellet,Left,140,37,27,0,0.53,16,nan
4/22/2026 22:02:11,1.17.3,FR5,67,4.10,nan,5,Left,Left,141,37,27,0,nan,nan,0.10
4/22/2026 22:02:12,1.17.3,FR5,67,4.11,nan,5,Left,Left,142,37,27,0,nan,nan,0.16
4/22/2026 22:02:14,1.17.3,FR5,67,4.10,nan,5,Left,Left,143,37,27,0,nan,nan,0.15
4/22/2026 22:02:16,1.17.3,FR5,67,4.10,nan,5,Left,Left,144,37,27,0,nan,nan,0.20
4/22/2026 22:02:21,1.17.3,FR5,67,4.11,nan,5,Left,Left,145,37,27,0,nan,nan,0.85
4/22/2026 22:02:22,1.17.3,FR5,67,4.10,1,5,Pellet,Left,145,37,28,0,0.11,17,nan
4/22/2026 22:02:39,1.17.3,FR5,67,4.10,nan,5,Left,Left,146,37,28,0,nan,nan,0.09
4/22/2026 22:02:41,1.17.3,FR5,67,4.10,nan,5,Left,Left,147,37,28,0,nan,nan,0.20
4/22/2026 22:02:46,1.17.3,FR5,67,4.11,nan,5,Left,Left,148,37,28,0,nan,nan,0.30
4/22/2026 22:02:59,1.17.3,FR5,67,4.10,nan,5,Left,Left,149,37,28,0,nan,nan,0.29
4/22/2026 22:03:00,1.17.3,FR5,67,4.11,nan,5,Left,Left,150,37,28,0,nan,nan,0.15
4/22/2026 22:03:01,1.17.3,FR5,67,4.10,1,5,Pellet,Left,150,37,29,0,0.17,39,nan
4/22/2026 22:03:11,1.17.3,FR5,67,4.10,nan,5,Left,Left,151,37,29,0,nan,nan,0.25
4/22/2026 22:03:12,1.17.3,FR5,67,4.10,nan,5,Left,Left,152,37,29,0,nan,nan,0.15
4/22/2026 22:03:16,1.17.3,FR5,67,4.11,nan,5,Left,Left,153,37,29,0,nan,nan,0.19
4/22/2026 22:03:20,1.17.3,FR5,67,4.10,nan,5,Left,Left,154,37,29,0,nan,nan,0.16
4/22/2026 22:03:27,1.17.3,FR5,67,4.11,nan,5,Left,Left,155,37,29,0,nan,nan,0.20
4/22/2026 22:03:27,1.17.3,FR5,67,4.11,nan,5,LeftDuringDispense,Left,156,37,29,0,nan,nan,0.11
4/22/2026 22:03:30,1.17.3,FR5,67,4.10,nan,5,LeftDuringDispense,Left,157,37,29,0,nan,nan,0.12
4/22/2026 22:03:33,1.17.3,FR5,67,4.11,4,5,Pellet,Left,157,37,30,0,0.06,32,nan
4/22/2026 22:03:40,1.17.3,FR5,67,4.10,nan,5,Left,Left,158,37,30,0,nan,nan,0.30
4/22/2026 22:03:47,1.17.3,FR5,67,4.10,nan,5,Left,Left,159,37,30,0,nan,nan,0.28
4/22/2026 22:03:49,1.17.3,FR5,67,4.11,nan,5,Left,Left,160,37,30,0,nan,nan,0.21
4/22/2026 22:03:50,1.17.3,FR5,67,4.11,1,5,Pellet,Left,160,37,31,0,0.35,17,nan
4/22/2026 22:03:56,1.17.3,FR5,67,4.10,nan,5,Left,Left,161,37,31,0,nan,nan,0.26
4/22/2026 22:04:00,1.17.3,FR5,67,4.11,nan,5,Left,Left,162,37,31,0,nan,nan,0.27
4/22/2026 22:04:01,1.17.3,FR5,67,4.11,nan,5,Left,Left,163,37,31,0,nan,nan,0.00
4/22/2026 22:04:05,1.17.3,FR5,67,4.10,nan,5,Left,Left,164,37,31,0,nan,nan,0.03
4/22/2026 22:05:09,1.17.3,FR5,67,4.11,nan,5,Right,Left,164,38,31,0,nan,nan,0.62
4/22/2026 22:05:11,1.17.3,FR5,67,4.11,nan,5,Right,Left,164,39,31,0,nan,nan,0.37
4/22/2026 22:05:22,1.17.3,FR5,67,4.10,nan,5,Left,Left,165,39,31,0,nan,nan,0.06
4/22/2026 22:05:23,1.17.3,FR5,67,4.11,1,5,Pellet,Left,165,39,32,0,0.95,93,nan
4/22/2026 22:07:56,1.17.3,FR5,67,4.11,nan,5,Right,Left,165,40,32,0,nan,nan,0.09
4/22/2026 22:11:23,1.17.3,FR5,67,4.11,nan,5,Left,Left,166,40,32,0,nan,nan,0.01
4/22/2026 22:14:34,1.17.3,FR5,67,4.10,nan,5,Left,Left,167,40,32,0,nan,nan,0.14
4/22/2026 22:14:44,1.17.3,FR5,67,4.10,nan,5,Left,Left,168,40,32,0,nan,nan,0.11
4/22/2026 22:15:13,1.17.3,FR5,67,4.10,nan,5,Right,Left,168,41,32,0,nan,nan,0.13
4/22/2026 22:15:45,1.17.3,FR5,67,4.11,nan,5,Right,Left,168,42,32,0,nan,nan,0.74
4/22/2026 22:15:48,1.17.3,FR5,67,4.10,nan,5,Right,Left,168,43,32,0,nan,nan,0.05
4/22/2026 22:15:48,1.17.3,FR5,67,4.10,nan,5,Right,Left,168,44,32,0,nan,nan,0.00
4/22/2026 22:15:51,1.17.3,FR5,67,4.11,nan,5,Right,Left,168,45,32,0,nan,nan,0.14
4/22/2026 22:17:28,1.17.3,FR5,67,4.11,nan,5,Left,Left,169,45,32,0,nan,nan,0.09
4/22/2026 22:17:36,1.17.3,FR5,67,4.11,nan,5,Right,Left,169,46,32,0,nan,nan,0.09
4/22/2026 22:19:33,1.17.3,FR5,67,4.10,nan,5,Left,Left,170,46,32,0,nan,nan,0.35
4/22/2026 22:19:34,1.17.3,FR5,67,4.10,1,5,Pellet,Left,170,46,33,0,0.06,851,nan
4/22/2026 22:19:46,1.17.3,FR5,67,4.11,nan,5,Left,Left,171,46,33,0,nan,nan,0.18
4/22/2026 22:19:47,1.17.3,FR5,67,4.10,nan,5,Right,Left,171,47,33,0,nan,nan,0.07
4/22/2026 22:19:52,1.17.3,FR5,67,4.11,nan,5,Right,Left,171,48,33,0,nan,nan,0.01
4/22/2026 22:19:53,1.17.3,FR5,67,4.10,nan,5,Right,Left,171,49,33,0,nan,nan,0.00
4/22/2026 22:19:53,1.17.3,FR5,67,4.11,nan,5,Right,Left,171,50,33,0,nan,nan,0.00
4/22/2026 22:19:54,1.17.3,FR5,67,4.11,nan,5,Right,Left,171,51,33,0,nan,nan,0.02
4/22/2026 22:19:57,1.17.3,FR5,67,4.10,nan,5,Right,Left,171,52,33,0,nan,nan,0.12
4/22/2026 22:19:58,1.17.3,FR5,67,4.10,nan,5,Right,Left,171,53,33,0,nan,nan,0.01
4/22/2026 22:20:00,1.17.3,FR5,67,4.11,nan,5,Right,Left,171,54,33,0,nan,nan,0.46
4/22/2026 22:20:04,1.17.3,FR5,67,4.11,nan,5,Left,Left,172,54,33,0,nan,nan,0.13
4/22/2026 22:21:20,1.17.3,FR5,67,4.11,nan,5,Left,Left,173,54,33,0,nan,nan,0.77
4/22/2026 22:21:31,1.17.3,FR5,67,4.11,nan,5,Left,Left,174,54,33,0,nan,nan,0.03
4/22/2026 22:21:42,1.17.3,FR5,67,4.11,nan,5,Left,Left,175,54,33,0,nan,nan,0.11
4/22/2026 22:21:43,1.17.3,FR5,67,4.11,1,5,Pellet,Left,175,54,34,0,0.23,129,nan
4/22/2026 22:22:10,1.17.3,FR5,67,4.10,nan,5,Left,Left,176,54,34,0,nan,nan,0.34
4/22/2026 22:22:54,1.17.3,FR5,67,4.11,nan,5,Right,Left,176,55,34,0,nan,nan,0.15
4/22/2026 22:23:32,1.17.3,FR5,67,4.10,nan,5,Left,Left,177,55,34,0,nan,nan,0.04
4/22/2026 22:23:39,1.17.3,FR5,67,4.11,nan,5,Left,Left,178,55,34,0,nan,nan,0.23
4/22/2026 22:24:44,1.17.3,FR5,67,4.10,nan,5,Right,Left,178,56,34,0,nan,nan,0.09
4/22/2026 22:24:45,1.17.3,FR5,67,4.10,nan,5,Right,Left,178,57,34,0,nan,nan,0.70
4/22/2026 22:24:48,1.17.3,FR5,67,4.10,nan,5,Left,Left,179,57,34,0,nan,nan,0.13
4/22/2026 22:31:33,1.17.3,FR5,67,4.10,nan,5,Left,Left,180,57,34,0,nan,nan,0.21
4/22/2026 22:31:34,1.17.3,FR5,67,4.10,1,5,Pellet,Left,180,57,35,0,0.47,591,nan
4/22/2026 22:34:31,1.17.3,FR5,67,4.11,nan,5,Left,Left,181,57,35,0,nan,nan,0.19
4/22/2026 22:34:38,1.17.3,FR5,67,4.10,nan,5,Left,Left,182,57,35,0,nan,nan,0.16
4/22/2026 22:41:21,1.17.3,FR5,67,4.11,nan,5,Right,Left,182,58,35,0,nan,nan,0.10
4/22/2026 22:43:32,1.17.3,FR5,67,4.10,nan,5,Right,Left,182,59,35,0,nan,nan,0.16
4/22/2026 22:47:50,1.17.3,FR5,67,4.10,nan,5,Left,Left,183,59,35,0,nan,nan,0.10
4/22/2026 22:50:01,1.17.3,FR5,67,4.11,nan,5,Right,Left,183,60,35,0,nan,nan,0.02
4/22/2026 22:50:06,1.17.3,FR5,67,4.10,nan,5,Right,Left,183,61,35,0,nan,nan,0.00
4/22/2026 22:56:17,1.17.3,FR5,67,4.10,nan,5,Right,Left,183,62,35,0,nan,nan,0.03
4/22/2026 22:56:18,1.17.3,FR5,67,4.10,nan,5,Right,Left,183,63,35,0,nan,nan,0.00
4/22/2026 22:56:23,1.17.3,FR5,67,4.10,nan,5,Right,Left,183,64,35,0,nan,nan,0.10
4/22/2026 22:56:25,1.17.3,FR5,67,4.10,nan,5,Right,Left,183,65,35,0,nan,nan,0.31
4/22/2026 22:57:20,1.17.3,FR5,67,4.10,nan,5,Right,Left,183,66,35,0,nan,nan,0.18
4/22/2026 22:57:25,1.17.3,FR5,67,4.11,nan,5,Left,Left,184,66,35,0,nan,nan,0.31
4/22/2026 22:57:26,1.17.3,FR5,67,4.10,nan,5,Left,Left,185,66,35,0,nan,nan,0.07
4/22/2026 22:57:27,1.17.3,FR5,67,4.11,1,5,Pellet,Left,185,66,36,0,0.29,1553,nan
4/22/2026 22:59:49,1.17.3,FR5,67,4.11,nan,5,Right,Left,185,67,36,0,nan,nan,0.09
4/22/2026 23:05:00,1.17.3,FR5,67,4.10,nan,5,Left,Left,186,67,36,0,nan,nan,0.06
4/22/2026 23:05:17,1.17.3,FR5,67,4.10,nan,5,Right,Left,186,68,36,0,nan,nan,0.12
4/22/2026 23:05:59,1.17.3,FR5,67,4.10,nan,5,Right,Left,186,69,36,0,nan,nan,1.52
4/22/2026 23:06:01,1.17.3,FR5,67,4.10,nan,5,Right,Left,186,70,36,0,nan,nan,0.83
4/22/2026 23:06:07,1.17.3,FR5,67,4.10,nan,5,Right,Left,186,71,36,0,nan,nan,1.09
4/22/2026 23:06:09,1.17.3,FR5,67,4.10,nan,5,Right,Left,186,72,36,0,nan,nan,0.03
4/22/2026 23:06:10,1.17.3,FR5,67,4.10,nan,5,Right,Left,186,73,36,0,nan,nan,0.00
4/22/2026 23:06:14,1.17.3,FR5,67,4.10,nan,5,Left,Left,187,73,36,0,nan,nan,0.14
4/22/2026 23:06:18,1.17.3,FR5,67,4.11,nan,5,Right,Left,187,74,36,0,nan,nan,0.21
4/22/2026 23:06:23,1.17.3,FR5,67,4.10,nan,5,Left,Left,188,74,36,0,nan,nan,0.16
4/22/2026 23:06:23,1.17.3,FR5,67,4.10,nan,5,Right,Left,188,75,36,0,nan,nan,0.00
4/22/2026 23:06:27,1.17.3,FR5,67,4.10,nan,5,Left,Left,189,75,36,0,nan,nan,0.09
4/22/2026 23:06:32,1.17.3,FR5,67,4.10,nan,5,Left,Left,190,75,36,0,nan,nan,0.23
4/22/2026 23:06:34,1.17.3,FR5,67,4.10,1,5,Pellet,Left,190,75,37,0,0.59,547,nan
4/22/2026 23:17:42,1.17.3,FR5,67,4.10,nan,5,Right,Left,190,76,37,0,nan,nan,0.43
4/22/2026 23:18:57,1.17.3,FR5,67,4.10,nan,5,Left,Left,191,76,37,0,nan,nan,0.63
4/22/2026 23:19:00,1.17.3,FR5,67,4.11,nan,5,Left,Left,192,76,37,0,nan,nan,0.59
4/22/2026 23:19:08,1.17.3,FR5,67,4.10,nan,5,Left,Left,193,76,37,0,nan,nan,0.48
4/22/2026 23:19:09,1.17.3,FR5,67,4.10,nan,5,Left,Left,194,76,37,0,nan,nan,0.24
4/22/2026 23:19:13,1.17.3,FR5,67,4.10,nan,5,Left,Left,195,76,37,0,nan,nan,0.50
4/22/2026 23:19:13,1.17.3,FR5,67,4.10,nan,5,LeftDuringDispense,Left,196,76,37,0,nan,nan,0.02
4/22/2026 23:19:16,1.17.3,FR5,67,4.10,2,5,Pellet,Left,196,76,38,0,0.47,762,nan
4/22/2026 23:19:33,1.17.3,FR5,67,4.10,nan,5,Left,Left,197,76,38,0,nan,nan,0.02
4/22/2026 23:26:04,1.17.3,FR5,67,4.10,nan,5,Left,Left,198,76,38,0,nan,nan,0.21
4/22/2026 23:26:10,1.17.3,FR5,67,4.10,nan,5,Left,Left,199,76,38,0,nan,nan,0.07
4/22/2026 23:47:10,1.17.3,FR5,67,4.10,nan,5,Left,Left,200,76,38,0,nan,nan,0.17
4/22/2026 23:47:10,1.17.3,FR5,67,4.10,1,5,Pellet,Left,200,76,39,0,0.17,1674,nan
4/22/2026 23:47:19,1.17.3,FR5,67,4.10,nan,5,Left,Left,201,76,39,0,nan,nan,0.21
4/22/2026 23:48:09,1.17.3,FR5,67,4.10,nan,5,Right,Left,201,77,39,0,nan,nan,0.60
4/22/2026 23:48:10,1.17.3,FR5,67,4.10,nan,5,Right,Left,201,78,39,0,nan,nan,0.73
4/22/2026 23:48:12,1.17.3,FR5,67,4.10,nan,5,Left,Left,202,78,39,0,nan,nan,0.62
4/22/2026 23:48:14,1.17.3,FR5,67,4.10,nan,5,Left,Left,203,78,39,0,nan,nan,0.14
4/22/2026 23:52:12,1.17.3,FR5,67,4.10,nan,5,Left,Left,204,78,39,0,nan,nan,0.12
4/22/2026 23:52:16,1.17.3,FR5,67,4.09,nan,5,Left,Left,205,78,39,0,nan,nan,0.17
4/22/2026 23:52:18,1.17.3,FR5,67,4.10,1,5,Pellet,Left,205,78,40,0,0.65,308,nan
4/22/2026 23:52:29,1.17.3,FR5,67,4.10,nan,5,Left,Left,206,78,40,0,nan,nan,0.15
4/22/2026 23:58:59,1.17.3,FR5,67,4.10,nan,5,Right,Left,206,79,40,0,nan,nan,0.07
4/22/2026 23:59:01,1.17.3,FR5,67,4.10,nan,5,Right,Left,206,80,40,0,nan,nan,0.36
4/23/2026 0:06:39,1.17.3,FR5,67,4.10,nan,5,Right,Left,206,81,40,0,nan,nan,0.05
4/23/2026 0:07:20,1.17.3,FR5,67,4.10,nan,5,Left,Left,207,81,40,0,nan,nan,0.37
4/23/2026 0:08:54,1.17.3,FR5,67,4.10,nan,5,Right,Left,207,82,40,0,nan,nan,0.03
4/23/2026 0:09:22,1.17.3,FR5,67,4.10,nan,5,Right,Left,207,83,40,0,nan,nan,0.02
4/23/2026 0:09:23,1.17.3,FR5,67,4.10,nan,5,Right,Left,207,84,40,0,nan,nan,0.57
4/23/2026 0:09:25,1.17.3,FR5,67,4.10,nan,5,Right,Left,207,85,40,0,nan,nan,0.07
4/23/2026 0:09:25,1.17.3,FR5,67,4.10,nan,5,Right,Left,207,86,40,0,nan,nan,0.01
4/23/2026 0:09:29,1.17.3,FR5,67,4.10,nan,5,Right,Left,207,87,40,0,nan,nan,0.04
4/23/2026 0:09:31,1.17.3,FR5,67,4.10,nan,5,Right,Left,207,88,40,0,nan,nan,0.04
4/23/2026 0:11:09,1.17.3,FR5,67,4.10,nan,5,Right,Left,207,89,40,0,nan,nan,0.06
4/23/2026 0:34:58,1.17.3,FR5,67,4.10,nan,5,Left,Left,208,89,40,0,nan,nan,0.35
4/23/2026 0:35:00,1.17.3,FR5,67,4.10,nan,5,Left,Left,209,89,40,0,nan,nan,0.15
4/23/2026 0:35:02,1.17.3,FR5,67,4.09,nan,5,Left,Left,210,89,40,0,nan,nan,0.31
4/23/2026 0:35:03,1.17.3,FR5,67,4.10,2,5,Pellet,Left,210,89,41,0,0.12,2565,nan
4/23/2026 0:35:11,1.17.3,FR5,67,4.10,nan,5,Left,Left,211,89,41,0,nan,nan,0.32
4/23/2026 0:35:14,1.17.3,FR5,67,4.10,nan,5,Left,Left,212,89,41,0,nan,nan,0.32
4/23/2026 0:35:16,1.17.3,FR5,67,4.10,nan,5,Left,Left,213,89,41,0,nan,nan,0.41
4/23/2026 0:35:19,1.17.3,FR5,67,4.10,nan,5,Left,Left,214,89,41,0,nan,nan,0.33
4/23/2026 0:35:29,1.17.3,FR5,67,4.10,nan,5,Left,Left,215,89,41,0,nan,nan,0.27
4/23/2026 0:35:29,1.17.3,FR5,67,4.10,nan,5,LeftDuringDispense,Left,216,89,41,0,nan,nan,0.06
4/23/2026 0:35:33,1.17.3,FR5,67,4.10,2,5,Pellet,Left,216,89,42,0,1.61,30,nan
4/23/2026 0:36:54,1.17.3,FR5,67,4.09,nan,5,Left,Left,217,89,42,0,nan,nan,0.11
4/23/2026 0:36:54,1.17.3,FR5,67,4.10,nan,5,Left,Left,218,89,42,0,nan,nan,0.00
4/23/2026 0:36:56,1.17.3,FR5,67,4.10,nan,5,Left,Left,219,89,42,0,nan,nan,0.14
4/23/2026 1:21:56,1.17.3,FR5,67,4.10,nan,5,Left,Left,220,89,42,0,nan,nan,0.00
4/23/2026 1:21:57,1.17.3,FR5,67,4.09,1,5,Pellet,Left,220,89,43,0,0.17,2784,nan
4/23/2026 1:22:09,1.17.3,FR5,67,4.10,nan,5,Left,Left,221,89,43,0,nan,nan,0.48
4/23/2026 1:22:11,1.17.3,FR5,67,4.10,nan,5,Left,Left,222,89,43,0,nan,nan,0.05
4/23/2026 1:22:12,1.17.3,FR5,67,4.10,nan,5,Left,Left,223,89,43,0,nan,nan,0.00
4/23/2026 1:22:19,1.17.3,FR5,67,4.10,nan,5,Left,Left,224,89,43,0,nan,nan,0.03
4/23/2026 1:22:25,1.17.3,FR5,67,4.09,nan,5,Left,Left,225,89,43,0,nan,nan,0.48
4/23/2026 1:22:26,1.17.3,FR5,67,4.10,1,5,Pellet,Left,225,89,44,0,0.71,29,nan
4/23/2026 1:22:32,1.17.3,FR5,67,4.09,nan,5,Left,Left,226,89,44,0,nan,nan,0.15
4/23/2026 1:22:35,1.17.3,FR5,67,4.09,nan,5,Left,Left,227,89,44,0,nan,nan,0.38
4/23/2026 1:22:40,1.17.3,FR5,67,4.10,nan,5,Left,Left,228,89,44,0,nan,nan,0.12
4/23/2026 1:22:47,1.17.3,FR5,67,4.09,nan,5,Left,Left,229,89,44,0,nan,nan,0.14
4/23/2026 1:22:50,1.17.3,FR5,67,4.10,nan,5,Left,Left,230,89,44,0,nan,nan,0.17
4/23/2026 1:22:51,1.17.3,FR5,67,4.09,nan,5,LeftDuringDispense,Left,231,89,44,0,nan,nan,0.32
4/23/2026 1:22:54,1.17.3,FR5,67,4.10,2,5,Pellet,Left,231,89,45,0,0.53,28,nan
4/23/2026 1:22:58,1.17.3,FR5,67,4.09,nan,5,Left,Left,232,89,45,0,nan,nan,0.16
4/23/2026 1:23:00,1.17.3,FR5,67,4.09,nan,5,Left,Left,233,89,45,0,nan,nan,0.30
4/23/2026 1:23:01,1.17.3,FR5,67,4.09,nan,5,Left,Left,234,89,45,0,nan,nan,0.00
4/23/2026 1:23:03,1.17.3,FR5,67,4.10,nan,5,Left,Left,235,89,45,0,nan,nan,0.22
4/23/2026 1:23:04,1.17.3,FR5,67,4.09,1,5,Pellet,Left,235,89,46,0,0.71,10,nan
4/23/2026 1:23:13,1.17.3,FR5,67,4.10,nan,5,Left,Left,236,89,46,0,nan,nan,0.04
4/23/2026 1:23:15,1.17.3,FR5,67,4.10,nan,5,Left,Left,237,89,46,0,nan,nan,0.09
4/23/2026 1:23:17,1.17.3,FR5,67,4.09,nan,5,Left,Left,238,89,46,0,nan,nan,0.37
4/23/2026 1:23:19,1.17.3,FR5,67,4.09,nan,5,Left,Left,239,89,46,0,nan,nan,0.33
4/23/2026 1:23:22,1.17.3,FR5,67,4.10,nan,5,Left,Left,240,89,46,0,nan,nan,0.41
4/23/2026 1:23:22,1.17.3,FR5,67,4.09,nan,5,LeftDuringDispense,Left,241,89,46,0,nan,nan,0.26
4/23/2026 1:23:27,1.17.3,FR5,67,4.10,2,5,Pellet,Left,241,89,47,0,2.09,23,nan
4/23/2026 1:23:46,1.17.3,FR5,67,4.10,nan,5,Left,Left,242,89,47,0,nan,nan,0.08
4/23/2026 1:23:49,1.17.3,FR5,67,4.10,nan,5,Left,Left,243,89,47,0,nan,nan,0.59
4/23/2026 1:23:53,1.17.3,FR5,67,4.10,nan,5,Left,Left,244,89,47,0,nan,nan,0.08
4/23/2026 1:23:54,1.17.3,FR5,67,4.09,nan,5,Left,Left,245,89,47,0,nan,nan,0.13
4/23/2026 1:23:56,1.17.3,FR5,67,4.09,1,5,Pellet,Left,245,89,48,0,1.79,29,nan
4/23/2026 1:24:02,1.17.3,FR5,67,4.09,nan,5,Left,Left,246,89,48,0,nan,nan,0.35
4/23/2026 1:24:06,1.17.3,FR5,67,4.10,nan,5,Left,Left,247,89,48,0,nan,nan,0.16
4/23/2026 1:24:08,1.17.3,FR5,67,4.10,nan,5,Left,Left,248,89,48,0,nan,nan,0.40
4/23/2026 1:24:11,1.17.3,FR5,67,4.10,nan,5,Left,Left,249,89,48,0,nan,nan,0.20
4/23/2026 1:24:12,1.17.3,FR5,67,4.09,nan,5,Left,Left,250,89,48,0,nan,nan,0.00
4/23/2026 1:24:13,1.17.3,FR5,67,4.09,nan,5,LeftDuringDispense,Left,251,89,48,0,nan,nan,0.16
4/23/2026 1:24:14,1.17.3,FR5,67,4.10,1,5,Pellet,Left,251,89,49,0,0.83,18,nan
4/23/2026 1:24:17,1.17.3,FR5,67,4.10,nan,5,Left,Left,252,89,49,0,nan,nan,0.16
4/23/2026 1:24:21,1.17.3,FR5,67,4.09,nan,5,Left,Left,253,89,49,0,nan,nan,0.39
4/23/2026 1:24:23,1.17.3,FR5,67,4.10,nan,5,Left,Left,254,89,49,0,nan,nan,0.29
4/23/2026 1:24:24,1.17.3,FR5,67,4.09,nan,5,Left,Left,255,89,49,0,nan,nan,0.12
4/23/2026 1:24:26,1.17.3,FR5,67,4.09,2,5,Pellet,Left,255,89,50,0,0.12,12,nan
4/23/2026 1:24:33,1.17.3,FR5,67,4.09,nan,5,Left,Left,256,89,50,0,nan,nan,0.32
4/23/2026 1:24:35,1.17.3,FR5,67,4.09,nan,5,Left,Left,257,89,50,0,nan,nan,0.29
4/23/2026 1:24:36,1.17.3,FR5,67,4.09,nan,5,Left,Left,258,89,50,0,nan,nan,0.24
4/23/2026 1:24:37,1.17.3,FR5,67,4.09,nan,5,Left,Left,259,89,50,0,nan,nan,0.25
4/23/2026 1:24:51,1.17.3,FR5,67,4.10,nan,5,Left,Left,260,89,50,0,nan,nan,0.01
4/23/2026 1:24:52,1.17.3,FR5,67,4.10,2,5,Pellet,Left,260,89,51,0,0.12,26,nan
4/23/2026 1:24:59,1.17.3,FR5,67,4.09,nan,5,Left,Left,261,89,51,0,nan,nan,0.73
4/23/2026 1:25:01,1.17.3,FR5,67,4.09,nan,5,Left,Left,262,89,51,0,nan,nan,0.21
4/23/2026 1:25:02,1.17.3,FR5,67,4.10,nan,5,Left,Left,263,89,51,0,nan,nan,0.00
4/23/2026 1:25:04,1.17.3,FR5,67,4.10,nan,5,Left,Left,264,89,51,0,nan,nan,0.34
4/23/2026 1:25:05,1.17.3,FR5,67,4.10,nan,5,Left,Left,265,89,51,0,nan,nan,0.17
4/23/2026 1:25:07,1.17.3,FR5,67,4.09,1,5,Pellet,Left,265,89,52,0,1.07,15,nan
4/23/2026 1:25:15,1.17.3,FR5,67,4.09,nan,5,Left,Left,266,89,52,0,nan,nan,0.14
4/23/2026 1:25:19,1.17.3,FR5,67,4.09,nan,5,Left,Left,267,89,52,0,nan,nan,0.33
4/23/2026 1:25:20,1.17.3,FR5,67,4.10,nan,5,Left,Left,268,89,52,0,nan,nan,0.32
4/23/2026 1:25:24,1.17.3,FR5,67,4.10,nan,5,Left,Left,269,89,52,0,nan,nan,0.33
4/23/2026 1:25:27,1.17.3,FR5,67,4.09,nan,5,Left,Left,270,89,52,0,nan,nan,0.18
4/23/2026 1:25:28,1.17.3,FR5,67,4.09,nan,5,LeftDuringDispense,Left,271,89,52,0,nan,nan,0.08
4/23/2026 1:25:31,1.17.3,FR5,67,4.10,3,5,Pellet,Left,271,89,53,0,0.06,24,nan
4/23/2026 1:25:35,1.17.3,FR5,67,4.09,nan,5,Left,Left,272,89,53,0,nan,nan,0.40
4/23/2026 1:25:36,1.17.3,FR5,67,4.10,nan,5,Left,Left,273,89,53,0,nan,nan,0.13
4/23/2026 1:25:38,1.17.3,FR5,67,4.09,nan,5,Left,Left,274,89,53,0,nan,nan,0.25
4/23/2026 1:25:40,1.17.3,FR5,67,4.10,nan,5,Left,Left,275,89,53,0,nan,nan,0.31
4/23/2026 1:25:40,1.17.3,FR5,67,4.09,nan,5,LeftDuringDispense,Left,276,89,53,0,nan,nan,0.05
4/23/2026 1:25:41,1.17.3,FR5,67,4.09,nan,5,LeftDuringDispense,Left,277,89,53,0,nan,nan,0.36
4/23/2026 1:25:44,1.17.3,FR5,67,4.09,3,5,Pellet,Left,277,89,54,0,0.29,13,nan
4/23/2026 1:25:52,1.17.3,FR5,67,4.10,nan,5,Left,Left,278,89,54,0,nan,nan,0.02
4/23/2026 1:26:09,1.17.3,FR5,67,4.10,nan,5,Left,Left,279,89,54,0,nan,nan,0.09
4/23/2026 1:26:15,1.17.3,FR5,67,4.10,nan,5,Left,Left,280,89,54,0,nan,nan,0.14
4/23/2026 1:26:16,1.17.3,FR5,67,4.10,1,5,Pellet,Left,280,89,55,0,0.29,32,nan
4/23/2026 1:31:09,1.17.3,FR5,67,4.09,nan,5,Right,Left,280,90,55,0,nan,nan,0.53
4/23/2026 1:35:27,1.17.3,FR5,67,4.09,nan,5,Left,Left,281,90,55,0,nan,nan,0.00
4/23/2026 1:37:22,1.17.3,FR5,67,4.09,nan,5,Right,Left,281,91,55,0,nan,nan,0.11
4/23/2026 1:50:24,1.17.3,FR5,67,4.09,nan,5,Left,Left,282,91,55,0,nan,nan,0.34
4/23/2026 1:56:29,1.17.3,FR5,67,4.09,nan,5,Left,Left,283,91,55,0,nan,nan,0.23
4/23/2026 1:57:58,1.17.3,FR5,67,4.10,nan,5,Left,Left,284,91,55,0,nan,nan,0.07
4/23/2026 1:57:59,1.17.3,FR5,67,4.10,nan,5,Left,Left,285,91,55,0,nan,nan,0.17
4/23/2026 1:58:02,1.17.3,FR5,67,4.09,1,5,Pellet,Left,285,91,56,0,1.55,1906,nan
4/23/2026 1:58:32,1.17.3,FR5,67,4.10,nan,5,Right,Left,285,92,56,0,nan,nan,0.07
4/23/2026 2:00:21,1.17.3,FR5,67,4.09,nan,5,Right,Left,285,93,56,0,nan,nan,0.02
4/23/2026 2:02:12,1.17.3,FR5,67,4.09,nan,5,Left,Left,286,93,56,0,nan,nan,0.11
4/23/2026 2:04:30,1.17.3,FR5,67,4.10,nan,5,Right,Left,286,94,56,0,nan,nan,0.24
4/23/2026 2:12:59,1.17.3,FR5,67,4.09,nan,5,Right,Left,286,95,56,0,nan,nan,0.12
4/23/2026 2:15:56,1.17.3,FR5,67,4.09,nan,5,Left,Left,287,95,56,0,nan,nan,0.19
4/23/2026 2:26:32,1.17.3,FR5,67,4.09,nan,5,Left,Left,288,95,56,0,nan,nan,0.15
4/23/2026 2:26:51,1.17.3,FR5,67,4.10,nan,5,Right,Left,288,96,56,0,nan,nan,0.19
4/23/2026 3:50:41,1.17.3,FR5,67,4.09,nan,5,Left,Left,289,96,56,0,nan,nan,0.23
4/23/2026 3:50:46,1.17.3,FR5,67,4.09,nan,5,Left,Left,290,96,56,0,nan,nan,0.24
4/23/2026 3:50:47,1.17.3,FR5,67,4.09,1,5,Pellet,Left,290,96,57,0,0.47,6765,nan
4/23/2026 3:51:02,1.17.3,FR5,67,4.09,nan,5,Left,Left,291,96,57,0,nan,nan,0.19
4/23/2026 3:51:07,1.17.3,FR5,67,4.09,nan,5,Left,Left,292,96,57,0,nan,nan,0.28
4/23/2026 3:51:21,1.17.3,FR5,67,4.09,nan,5,Left,Left,293,96,57,0,nan,nan,0.18
4/23/2026 3:51:22,1.17.3,FR5,67,4.09,nan,5,Left,Left,294,96,57,0,nan,nan,0.46
4/23/2026 3:51:26,1.17.3,FR5,67,4.09,nan,5,Left,Left,295,96,57,0,nan,nan,0.12
4/23/2026 3:51:27,1.17.3,FR5,67,4.09,1,5,Pellet,Left,295,96,58,0,0.47,40,nan
4/23/2026 3:51:40,1.17.3,FR5,67,4.09,nan,5,Left,Left,296,96,58,0,nan,nan,0.25
4/23/2026 3:52:21,1.17.3,FR5,67,4.09,nan,5,Left,Left,297,96,58,0,nan,nan,0.08
4/23/2026 3:52:22,1.17.3,FR5,67,4.09,nan,5,Left,Left,298,96,58,0,nan,nan,0.05
4/23/2026 3:52:25,1.17.3,FR5,67,4.09,nan,5,Left,Left,299,96,58,0,nan,nan,0.28
4/23/2026 3:57:43,1.17.3,FR5,67,4.09,nan,5,Left,Left,300,96,58,0,nan,nan,0.20
4/23/2026 3:57:44,1.17.3,FR5,67,4.09,2,5,Pellet,Left,300,96,59,0,0.06,377,nan
4/23/2026 4:00:29,1.17.3,FR5,67,4.09,nan,5,Right,Left,300,97,59,0,nan,nan,0.04
4/23/2026 4:12:49,1.17.3,FR5,67,4.09,nan,5,Left,Left,301,97,59,0,nan,nan,0.30
4/23/2026 4:16:35,1.17.3,FR5,67,4.09,nan,5,Left,Left,302,97,59,0,nan,nan,0.05
4/23/2026 4:16:45,1.17.3,FR5,67,4.09,nan,5,Right,Left,302,98,59,0,nan,nan,0.58
4/23/2026 4:16:51,1.17.3,FR5,67,4.09,nan,5,Left,Left,303,98,59,0,nan,nan,0.00
4/23/2026 4:16:52,1.17.3,FR5,67,4.09,nan,5,Left,Left,304,98,59,0,nan,nan,0.17
4/23/2026 4:16:53,1.17.3,FR5,67,4.09,nan,5,Left,Left,305,98,59,0,nan,nan,0.16
4/23/2026 4:16:54,1.17.3,FR5,67,4.09,1,5,Pellet,Left,305,98,60,0,0.06,1150,nan
4/23/2026 4:17:02,1.17.3,FR5,67,4.09,nan,5,Left,Left,306,98,60,0,nan,nan,0.96
4/23/2026 4:17:09,1.17.3,FR5,67,4.09,nan,5,Left,Left,307,98,60,0,nan,nan,0.33
4/23/2026 4:21:07,1.17.3,FR5,67,4.09,nan,5,Right,Left,307,99,60,0,nan,nan,0.29
4/23/2026 4:21:08,1.17.3,FR5,67,4.09,nan,5,Right,Left,307,100,60,0,nan,nan,0.00
4/23/2026 4:21:11,1.17.3,FR5,67,4.09,nan,5,Right,Left,307,101,60,0,nan,nan,0.35
4/23/2026 4:21:24,1.17.3,FR5,67,4.09,nan,5,Right,Left,307,102,60,0,nan,nan,0.40
4/23/2026 4:32:53,1.17.3,FR5,67,4.09,nan,5,Left,Left,308,102,60,0,nan,nan,0.58
4/23/2026 4:32:57,1.17.3,FR5,67,4.09,nan,5,Left,Left,309,102,60,0,nan,nan,0.42
4/23/2026 4:33:00,1.17.3,FR5,67,4.09,nan,5,Left,Left,310,102,60,0,nan,nan,0.55
4/23/2026 4:33:00,1.17.3,FR5,67,4.09,1,5,Pellet,Left,310,102,61,0,0.06,966,nan
4/23/2026 4:33:19,1.17.3,FR5,67,4.09,nan,5,Left,Left,311,102,61,0,nan,nan,0.22
4/23/2026 4:33:29,1.17.3,FR5,67,4.09,nan,5,Left,Left,312,102,61,0,nan,nan,0.09
4/23/2026 4:33:33,1.17.3,FR5,67,4.09,nan,5,Left,Left,313,102,61,0,nan,nan,1.90
4/23/2026 4:33:36,1.17.3,FR5,67,4.09,nan,5,Left,Left,314,102,61,0,nan,nan,0.69
4/23/2026 4:33:39,1.17.3,FR5,67,4.09,nan,5,Left,Left,315,102,61,0,nan,nan,0.40
4/23/2026 4:33:40,1.17.3,FR5,67,4.09,1,5,Pellet,Left,315,102,62,0,0.95,40,nan
4/23/2026 4:34:51,1.17.3,FR5,67,4.09,nan,5,Left,Left,316,102,62,0,nan,nan,0.61
4/23/2026 4:41:50,1.17.3,FR5,67,4.09,nan,5,Left,Left,317,102,62,0,nan,nan,0.29
4/23/2026 4:41:52,1.17.3,FR5,67,4.09,nan,5,Left,Left,318,102,62,0,nan,nan,0.14
4/23/2026 4:41:53,1.17.3,FR5,67,4.09,nan,5,Left,Left,319,102,62,0,nan,nan,0.22
4/23/2026 4:47:28,1.17.3,FR5,67,4.09,nan,5,Right,Left,319,103,62,0,nan,nan,0.11
4/23/2026 4:47:34,1.17.3,FR5,67,4.09,nan,5,Right,Left,319,104,62,0,nan,nan,0.99
4/23/2026 5:26:41,1.17.3,FR5,67,4.09,nan,5,Left,Left,320,104,62,0,nan,nan,0.40
4/23/2026 5:26:43,1.17.3,FR5,67,4.09,1,5,Pellet,Left,320,104,63,0,0.41,3183,nan
4/23/2026 5:26:54,1.17.3,FR5,67,4.09,nan,5,Left,Left,321,104,63,0,nan,nan,0.30
4/23/2026 5:26:56,1.17.3,FR5,67,4.09,nan,5,Left,Left,322,104,63,0,nan,nan,0.39
4/23/2026 5:26:57,1.17.3,FR5,67,4.09,nan,5,Left,Left,323,104,63,0,nan,nan,0.26
4/23/2026 5:27:01,1.17.3,FR5,67,4.09,nan,5,Left,Left,324,104,63,0,nan,nan,0.21
4/23/2026 5:27:02,1.17.3,FR5,67,4.09,nan,5,Left,Left,325,104,63,0,nan,nan,0.00
4/23/2026 5:27:03,1.17.3,FR5,67,4.09,1,5,Pellet,Left,325,104,64,0,0.17,20,nan
4/23/2026 5:27:16,1.17.3,FR5,67,4.09,nan,5,Left,Left,326,104,64,0,nan,nan,0.15
4/23/2026 5:27:17,1.17.3,FR5,67,4.09,nan,5,Left,Left,327,104,64,0,nan,nan,0.00
4/23/2026 5:27:18,1.17.3,FR5,67,4.09,nan,5,Left,Left,328,104,64,0,nan,nan,0.34
4/23/2026 5:27:31,1.17.3,FR5,67,4.09,nan,5,Left,Left,329,104,64,0,nan,nan,0.06
4/23/2026 5:27:32,1.17.3,FR5,67,4.09,nan,5,Left,Left,330,104,64,0,nan,nan,0.19
4/23/2026 5:27:33,1.17.3,FR5,67,4.09,1,5,Pellet,Left,330,104,65,0,0.23,30,nan
4/23/2026 5:27:41,1.17.3,FR5,67,4.08,nan,5,Left,Left,331,104,65,0,nan,nan,0.40
4/23/2026 5:27:43,1.17.3,FR5,67,4.09,nan,5,Left,Left,332,104,65,0,nan,nan,0.55
4/23/2026 5:27:45,1.17.3,FR5,67,4.09,nan,5,Left,Left,333,104,65,0,nan,nan,0.58
4/23/2026 5:27:46,1.17.3,FR5,67,4.09,nan,5,Left,Left,334,104,65,0,nan,nan,0.38
4/23/2026 5:27:48,1.17.3,FR5,67,4.09,nan,5,Left,Left,335,104,65,0,nan,nan,0.35
4/23/2026 5:27:48,1.17.3,FR5,67,4.09,nan,5,LeftDuringDispense,Left,336,104,65,0,nan,nan,0.12
4/23/2026 5:27:49,1.17.3,FR5,67,4.09,1,5,Pellet,Left,336,104,66,0,0.53,16,nan
4/23/2026 5:27:56,1.17.3,FR5,67,4.09,nan,5,Left,Left,337,104,66,0,nan,nan,0.05
4/23/2026 5:27:57,1.17.3,FR5,67,4.09,nan,5,Left,Left,338,104,66,0,nan,nan,0.42
4/23/2026 5:28:04,1.17.3,FR5,67,4.09,nan,5,Left,Left,339,104,66,0,nan,nan,0.49
4/23/2026 5:28:06,1.17.3,FR5,67,4.09,nan,5,Left,Left,340,104,66,0,nan,nan,0.35
4/23/2026 5:28:07,1.17.3,FR5,67,4.09,2,5,Pellet,Left,340,104,67,0,0.12,18,nan
4/23/2026 5:28:26,1.17.3,FR5,67,4.09,nan,5,Left,Left,341,104,67,0,nan,nan,0.35
4/23/2026 5:28:29,1.17.3,FR5,67,4.09,nan,5,Left,Left,342,104,67,0,nan,nan,0.27
4/23/2026 5:28:37,1.17.3,FR5,67,4.09,nan,5,Left,Left,343,104,67,0,nan,nan,0.18
4/23/2026 5:28:43,1.17.3,FR5,67,4.09,nan,5,Left,Left,344,104,67,0,nan,nan,0.47
4/23/2026 5:28:51,1.17.3,FR5,67,4.09,nan,5,Left,Left,345,104,67,0,nan,nan,0.24
4/23/2026 5:28:52,1.17.3,FR5,67,4.09,2,5,Pellet,Left,345,104,68,0,0.59,45,nan
4/23/2026 5:29:02,1.17.3,FR5,67,4.09,nan,5,Left,Left,346,104,68,0,nan,nan,0.07
4/23/2026 5:29:03,1.17.3,FR5,67,4.09,nan,5,Left,Left,347,104,68,0,nan,nan,0.25
4/23/2026 5:29:09,1.17.3,FR5,67,4.09,nan,5,Left,Left,348,104,68,0,nan,nan,0.28
4/23/2026 5:32:19,1.17.3,FR5,67,4.09,nan,5,Right,Left,348,105,68,0,nan,nan,0.32
4/23/2026 5:32:25,1.17.3,FR5,67,4.09,nan,5,Left,Left,349,105,68,0,nan,nan,0.12
4/23/2026 5:32:27,1.17.3,FR5,67,4.09,nan,5,Left,Left,350,105,68,0,nan,nan,0.18
4/23/2026 5:32:28,1.17.3,FR5,67,4.09,2,5,Pellet,Left,350,105,69,0,0.35,216,nan
4/23/2026 5:50:12,1.17.3,FR5,67,4.09,nan,5,Left,Left,351,105,69,0,nan,nan,0.04
4/23/2026 5:50:13,1.17.3,FR5,67,4.09,nan,5,Left,Left,352,105,69,0,nan,nan,0.07
4/23/2026 5:50:31,1.17.3,FR5,67,4.09,nan,5,Left,Left,353,105,69,0,nan,nan,0.07
4/23/2026 5:50:38,1.17.3,FR5,67,4.09,nan,5,Left,Left,354,105,69,0,nan,nan,0.02
4/23/2026 5:53:56,1.17.3,FR5,67,4.09,nan,5,Right,Left,354,106,69,0,nan,nan,0.15
4/23/2026 5:55:32,1.17.3,FR5,67,4.09,nan,5,Left,Left,355,106,69,0,nan,nan,0.00
4/23/2026 5:55:33,1.17.3,FR5,67,4.09,1,5,Pellet,Left,355,106,70,0,0.11,1385,nan
4/23/2026 5:56:26,1.17.3,FR5,67,4.09,nan,5,Right,Left,355,107,70,0,nan,nan,0.17
4/23/2026 5:58:27,1.17.3,FR5,67,4.09,nan,5,Right,Left,355,108,70,0,nan,nan,0.12
4/23/2026 5:58:28,1.17.3,FR5,67,4.09,nan,5,Right,Left,355,109,70,0,nan,nan,0.00
4/23/2026 5:58:29,1.17.3,FR5,67,4.09,nan,5,Right,Left,355,110,70,0,nan,nan,0.03
4/23/2026 5:58:30,1.17.3,FR5,67,4.09,nan,5,Right,Left,355,111,70,0,nan,nan,0.14
4/23/2026 5:58:33,1.17.3,FR5,67,4.09,nan,5,Left,Left,356,111,70,0,nan,nan,0.17
4/23/2026 6:15:16,1.17.3,FR5,67,4.09,nan,5,Left,Left,357,111,70,0,nan,nan,0.23
4/23/2026 6:15:18,1.17.3,FR5,67,4.09,nan,5,Left,Left,358,111,70,0,nan,nan,0.21
4/23/2026 6:26:47,1.17.3,FR5,67,4.09,nan,5,Right,Left,358,112,70,0,nan,nan,0.02
4/23/2026 6:26:48,1.17.3,FR5,67,4.09,nan,5,Right,Left,358,113,70,0,nan,nan,0.11
4/23/2026 6:26:49,1.17.3,FR5,67,4.09,nan,5,Right,Left,358,114,70,0,nan,nan,0.64
4/23/2026 6:26:56,1.17.3,FR5,67,4.09,nan,5,Left,Left,359,114,70,0,nan,nan,0.57
4/23/2026 6:27:02,1.17.3,FR5,67,4.09,nan,5,Left,Left,360,114,70,0,nan,nan,0.10
4/23/2026 6:27:05,1.17.3,FR5,67,4.09,1,5,Pellet,Left,360,114,71,0,2.39,1892,nan
4/23/2026 6:28:15,1.17.3,FR5,67,4.09,nan,5,Left,Left,361,114,71,0,nan,nan,0.04
4/23/2026 6:33:46,1.17.3,FR5,67,4.08,nan,5,Right,Left,361,115,71,0,nan,nan,0.04
4/23/2026 6:33:47,1.17.3,FR5,67,4.09,nan,5,Right,Left,361,116,71,0,nan,nan,0.25
4/23/2026 6:35:47,1.17.3,FR5,67,4.08,nan,5,Left,Left,362,116,71,0,nan,nan,0.35
4/23/2026 6:35:48,1.17.3,FR5,67,4.08,nan,5,Left,Left,363,116,71,0,nan,nan,0.73
4/23/2026 6:35:52,1.17.3,FR5,67,4.08,nan,5,Left,Left,364,116,71,0,nan,nan,0.11
4/23/2026 6:35:53,1.17.3,FR5,67,4.08,nan,5,Left,Left,365,116,71,0,nan,nan,0.17
4/23/2026 6:35:54,1.17.3,FR5,67,4.09,2,5,Pellet,Left,365,116,72,0,0.23,529,nan
4/23/2026 6:43:35,1.17.3,FR5,67,4.08,nan,5,Right,Left,365,117,72,0,nan,nan,0.02
4/23/2026 6:43:51,1.17.3,FR5,67,4.08,nan,5,Right,Left,365,118,72,0,nan,nan,0.20
4/23/2026 6:44:05,1.17.3,FR5,67,4.09,nan,5,Left,Left,366,118,72,0,nan,nan,0.38
4/23/2026 6:57:06,1.17.3,FR5,67,4.08,nan,5,Right,Left,366,119,72,0,nan,nan,0.02
4/23/2026 6:57:08,1.17.3,FR5,67,4.09,nan,5,Right,Left,366,120,72,0,nan,nan,0.62
4/23/2026 6:57:08,1.17.3,FR5,67,4.09,nan,5,Right,Left,366,121,72,0,nan,nan,0.00
4/23/2026 8:23:29,1.17.3,FR5,67,4.08,nan,5,Right,Left,366,122,72,0,nan,nan,0.02
4/23/2026 8:23:37,1.17.3,FR5,67,4.09,nan,5,Left,Left,367,122,72,0,nan,nan,0.26
4/23/2026 8:23:39,1.17.3,FR5,67,4.08,nan,5,Left,Left,368,122,72,0,nan,nan,0.16
4/23/2026 8:23:40,1.17.3,FR5,67,4.08,nan,5,Left,Left,369,122,72,0,nan,nan,0.22
4/23/2026 8:23:44,1.17.3,FR5,67,4.09,nan,5,Left,Left,370,122,72,0,nan,nan,0.17
4/23/2026 8:23:44,1.17.3,FR5,67,4.08,nan,5,LeftDuringDispense,Left,371,122,72,0,nan,nan,0.06
4/23/2026 8:23:47,1.17.3,FR5,67,4.07,2,5,Pellet,Left,371,122,73,0,0.77,6473,nan
4/23/2026 8:24:58,1.17.3,FR5,67,4.08,nan,5,Left,Left,372,122,73,0,nan,nan,0.20
4/23/2026 8:25:00,1.17.3,FR5,67,4.08,nan,5,Left,Left,373,122,73,0,nan,nan,0.58
4/23/2026 9:35:21,1.17.3,FR5,67,4.08,nan,5,Left,Left,374,122,73,0,nan,nan,0.29
4/23/2026 9:35:21,1.17.3,FR5,67,4.08,nan,5,Left,Left,375,122,73,0,nan,nan,0.00
4/23/2026 9:35:23,1.17.3,FR5,67,4.08,1,5,Pellet,Left,375,122,74,0,0.65,4296,nan
4/23/2026 9:35:35,1.17.3,FR5,67,4.08,nan,5,Left,Left,376,122,74,0,nan,nan,0.48
4/23/2026 9:35:36,1.17.3,FR5,67,4.08,nan,5,Left,Left,377,122,74,0,nan,nan,0.23
4/23/2026 9:35:43,1.17.3,FR5,67,4.08,nan,5,Left,Left,378,122,74,0,nan,nan,0.11
4/23/2026 9:35:49,1.17.3,FR5,67,4.08,nan,5,Left,Left,379,122,74,0,nan,nan,0.16
4/23/2026 9:36:15,1.17.3,FR5,67,4.07,nan,5,Left,Left,380,122,74,0,nan,nan,0.03
4/23/2026 9:36:17,1.17.3,FR5,67,4.07,1,5,Pellet,Left,380,122,75,0,0.65,54,nan
4/23/2026 9:36:29,1.17.3,FR5,67,4.08,nan,5,Left,Left,381,122,75,0,nan,nan,0.14
4/23/2026 9:36:30,1.17.3,FR5,67,4.08,nan,5,Left,Left,382,122,75,0,nan,nan,0.03
4/23/2026 9:36:32,1.17.3,FR5,67,4.07,nan,5,Left,Left,383,122,75,0,nan,nan,0.21
4/23/2026 9:36:34,1.17.3,FR5,67,4.08,nan,5,Left,Left,384,122,75,0,nan,nan,0.52
4/23/2026 9:36:34,1.17.3,FR5,67,4.07,nan,5,Left,Left,385,122,75,0,nan,nan,0.02
4/23/2026 9:36:36,1.17.3,FR5,67,4.08,1,5,Pellet,Left,385,122,76,0,0.77,19,nan
4/23/2026 9:36:56,1.17.3,FR5,67,4.08,nan,5,Left,Left,386,122,76,0,nan,nan,0.25
4/23/2026 9:37:03,1.17.3,FR5,67,4.08,nan,5,Left,Left,387,122,76,0,nan,nan,0.21
4/23/2026 9:37:06,1.17.3,FR5,67,4.08,nan,5,Left,Left,388,122,76,0,nan,nan,0.76
4/23/2026 9:37:08,1.17.3,FR5,67,4.08,nan,5,Left,Left,389,122,76,0,nan,nan,0.23
4/23/2026 9:37:10,1.17.3,FR5,67,4.08,nan,5,Left,Left,390,122,76,0,nan,nan,0.41
4/23/2026 9:37:11,1.17.3,FR5,67,4.08,1,5,Pellet,Left,390,122,77,0,0.23,35,nan
4/23/2026 9:37:22,1.17.3,FR5,67,4.08,nan,5,Left,Left,391,122,77,0,nan,nan,0.12
4/23/2026 9:37:32,1.17.3,FR5,67,4.08,nan,5,Left,Left,392,122,77,0,nan,nan,0.33
4/23/2026 9:37:38,1.17.3,FR5,67,4.08,nan,5,Left,Left,393,122,77,0,nan,nan,0.26
4/23/2026 9:37:39,1.17.3,FR5,67,4.08,nan,5,Left,Left,394,122,77,0,nan,nan,0.28
4/23/2026 9:37:41,1.17.3,FR5,67,4.08,nan,5,Left,Left,395,122,77,0,nan,nan,0.37
4/23/2026 9:37:42,1.17.3,FR5,67,4.08,1,5,Pellet,Left,395,122,78,0,0.53,31,nan
4/23/2026 9:37:57,1.17.3,FR5,67,4.09,nan,5,Left,Left,396,122,78,0,nan,nan,0.17
4/23/2026 10:31:02,1.17.3,FR5,67,4.08,nan,5,Right,Left,396,123,78,0,nan,nan,0.01
4/23/2026 10:46:07,1.17.3,FR5,67,4.07,nan,5,Right,Left,396,124,78,0,nan,nan,0.04
4/23/2026 10:46:09,1.17.3,FR5,67,4.08,nan,5,Right,Left,396,125,78,0,nan,nan,0.56
4/23/2026 11:54:46,1.17.3,FR5,67,4.07,nan,5,Left,Left,397,125,78,0,nan,nan,0.38
4/23/2026 11:54:49,1.17.3,FR5,67,4.07,nan,5,Left,Left,398,125,78,0,nan,nan,0.33
4/23/2026 11:54:51,1.17.3,FR5,67,4.08,nan,5,Left,Left,399,125,78,0,nan,nan,0.31
4/23/2026 11:54:53,1.17.3,FR5,67,4.08,nan,5,Left,Left,400,125,78,0,nan,nan,0.29
4/23/2026 11:54:54,1.17.3,FR5,67,4.07,1,5,Pellet,Left,400,125,79,0,0.06,8232,nan
4/23/2026 11:56:07,1.17.3,FR5,67,4.08,nan,5,Left,Left,401,125,79,0,nan,nan,0.00
4/23/2026 11:56:09,1.17.3,FR5,67,4.07,nan,5,Left,Left,402,125,79,0,nan,nan,0.35
4/23/2026 11:56:13,1.17.3,FR5,67,4.07,nan,5,Left,Left,403,125,79,0,nan,nan,0.37
4/23/2026 11:56:15,1.17.3,FR5,67,4.07,nan,5,Left,Left,404,125,79,0,nan,nan,0.25
4/23/2026 11:56:17,1.17.3,FR5,67,4.07,nan,5,Left,Left,405,125,79,0,nan,nan,0.29
4/23/2026 11:56:18,1.17.3,FR5,67,4.07,nan,5,LeftDuringDispense,Left,406,125,79,0,nan,nan,0.14
4/23/2026 11:56:20,1.17.3,FR5,67,4.07,2,5,Pellet,Left,406,125,80,0,0.23,86,nan
4/23/2026 11:56:38,1.17.3,FR5,67,4.07,nan,5,Left,Left,407,125,80,0,nan,nan,0.73
4/23/2026 11:56:39,1.17.3,FR5,67,4.07,nan,5,Left,Left,408,125,80,0,nan,nan,0.27
4/23/2026 11:56:40,1.17.3,FR5,67,4.08,nan,5,Left,Left,409,125,80,0,nan,nan,0.00
4/23/2026 11:56:44,1.17.3,FR5,67,4.07,nan,5,Left,Left,410,125,80,0,nan,nan,0.48
4/23/2026 11:56:45,1.17.3,FR5,67,4.08,1,5,Pellet,Left,410,125,81,0,0.12,25,nan
4/23/2026 11:57:03,1.17.3,FR5,67,4.08,nan,5,Left,Left,411,125,81,0,nan,nan,0.15
4/23/2026 11:57:07,1.17.3,FR5,67,4.07,nan,5,Left,Left,412,125,81,0,nan,nan,0.39
4/23/2026 11:57:16,1.17.3,FR5,67,4.08,nan,5,Left,Left,413,125,81,0,nan,nan,0.28
4/23/2026 11:57:18,1.17.3,FR5,67,4.07,nan,5,Left,Left,414,125,81,0,nan,nan,0.73
4/23/2026 11:57:19,1.17.3,FR5,67,4.07,nan,5,Left,Left,415,125,81,0,nan,nan,0.00
4/23/2026 11:57:20,1.17.3,FR5,67,4.07,2,5,Pellet,Left,415,125,82,0,0.17,35,nan
4/23/2026 11:57:33,1.17.3,FR5,67,4.07,nan,5,Left,Left,416,125,82,0,nan,nan,0.33
4/23/2026 11:57:35,1.17.3,FR5,67,4.07,nan,5,Left,Left,417,125,82,0,nan,nan,0.36
4/23/2026 11:57:37,1.17.3,FR5,67,4.07,nan,5,Left,Left,418,125,82,0,nan,nan,0.35
4/23/2026 11:57:40,1.17.3,FR5,67,4.07,nan,5,Left,Left,419,125,82,0,nan,nan,0.31
4/23/2026 12:00:59,1.17.3,FR5,67,4.07,nan,5,Right,Left,419,126,82,0,nan,nan,0.17
4/23/2026 12:01:01,1.17.3,FR5,67,4.07,nan,5,Right,Left,419,127,82,0,nan,nan,0.03
4/23/2026 12:01:01,1.17.3,FR5,67,4.07,nan,5,Right,Left,419,128,82,0,nan,nan,0.09
4/23/2026 12:01:02,1.17.3,FR5,67,4.08,nan,5,Right,Left,419,129,82,0,nan,nan,0.10
4/23/2026 12:01:04,1.17.3,FR5,67,4.07,nan,5,Right,Left,419,130,82,0,nan,nan,0.05
4/23/2026 12:01:05,1.17.3,FR5,67,4.07,nan,5,Right,Left,419,131,82,0,nan,nan,0.00
4/23/2026 13:27:07,1.17.3,FR5,67,4.07,nan,5,Left,Left,420,131,82,0,nan,nan,0.44
4/23/2026 13:27:08,1.17.3,FR5,67,4.07,nan,5,LeftDuringDispense,Left,421,131,82,0,nan,nan,0.12
4/23/2026 13:27:09,1.17.3,FR5,67,4.07,1,5,Pellet,Left,421,131,83,0,0.83,5389,nan
4/23/2026 13:27:17,1.17.3,FR5,67,4.07,nan,5,Left,Left,422,131,83,0,nan,nan,0.11
4/23/2026 14:29:32,1.17.3,FR5,67,4.07,nan,5,Right,Left,422,132,83,0,nan,nan,0.55
4/23/2026 14:30:25,1.17.3,FR5,67,4.07,nan,5,Right,Left,422,133,83,0,nan,nan,0.21
4/23/2026 16:43:00,1.17.3,FR5,67,4.07,nan,5,Right,Left,422,134,83,0,nan,nan,0.07
4/23/2026 16:43:01,1.17.3,FR5,67,4.07,nan,5,Right,Left,422,135,83,0,nan,nan,0.11
4/23/2026 16:43:10,1.17.3,FR5,67,4.07,nan,5,Left,Left,423,135,83,0,nan,nan,0.13
4/23/2026 16:43:11,1.17.3,FR5,67,4.07,nan,5,Left,Left,424,135,83,0,nan,nan,0.33
4/23/2026 16:43:13,1.17.3,FR5,67,4.07,nan,5,Left,Left,425,135,83,0,nan,nan,0.05
4/23/2026 16:43:14,1.17.3,FR5,67,4.07,nan,5,LeftDuringDispense,Left,426,135,83,0,nan,nan,0.18
4/23/2026 16:43:15,1.17.3,FR5,67,4.07,1,5,Pellet,Left,426,135,84,0,0.83,11766,nan
4/23/2026 16:43:24,1.17.3,FR5,67,4.07,nan,5,Left,Left,427,135,84,0,nan,nan,0.08
4/23/2026 16:43:29,1.17.3,FR5,67,4.07,nan,5,Left,Left,428,135,84,0,nan,nan,0.23
4/23/2026 16:43:29,1.17.3,FR5,67,4.07,nan,5,Left,Left,429,135,84,0,nan,nan,0.08
4/23/2026 16:43:31,1.17.3,FR5,67,4.06,nan,5,Left,Left,430,135,84,0,nan,nan,0.10
4/23/2026 16:43:31,1.17.3,FR5,67,4.07,nan,5,LeftDuringDispense,Left,431,135,84,0,nan,nan,0.02
4/23/2026 16:43:34,1.17.3,FR5,67,4.07,3,5,Pellet,Left,431,135,85,0,0.11,19,nan
4/23/2026 16:43:41,1.17.3,FR5,67,4.07,nan,5,Left,Left,432,135,85,0,nan,nan,0.34
4/23/2026 16:43:43,1.17.3,FR5,67,4.07,nan,5,Left,Left,433,135,85,0,nan,nan,0.27
4/23/2026 16:43:47,1.17.3,FR5,67,4.07,nan,5,Left,Left,434,135,85,0,nan,nan,1.28
4/23/2026 16:43:49,1.17.3,FR5,67,4.07,nan,5,Left,Left,435,135,85,0,nan,nan,0.48
4/23/2026 16:43:50,1.17.3,FR5,67,4.07,1,5,Pellet,Left,435,135,86,0,0.17,16,nan
4/23/2026 16:44:01,1.17.3,FR5,67,4.07,nan,5,Left,Left,436,135,86,0,nan,nan,0.79
4/23/2026 16:44:04,1.17.3,FR5,67,4.07,nan,5,Left,Left,437,135,86,0,nan,nan,0.03
4/23/2026 16:44:08,1.17.3,FR5,67,4.07,nan,5,Left,Left,438,135,86,0,nan,nan,0.05
4/23/2026 16:44:11,1.17.3,FR5,67,4.07,nan,5,Left,Left,439,135,86,0,nan,nan,0.37
4/23/2026 16:44:13,1.17.3,FR5,67,4.07,nan,5,Left,Left,440,135,86,0,nan,nan,0.20
4/23/2026 16:44:14,1.17.3,FR5,67,4.07,1,5,Pellet,Left,440,135,87,0,0.29,24,nan
4/23/2026 16:44:29,1.17.3,FR5,67,4.07,nan,5,Left,Left,441,135,87,0,nan,nan,0.37
4/23/2026 16:44:31,1.17.3,FR5,67,4.07,nan,5,Left,Left,442,135,87,0,nan,nan,0.67
4/23/2026 16:44:34,1.17.3,FR5,67,4.07,nan,5,Left,Left,443,135,87,0,nan,nan,0.21
4/23/2026 18:10:33,1.17.3,FR5,67,4.07,nan,5,Left,Left,444,135,87,0,nan,nan,0.22
4/23/2026 18:10:34,1.17.3,FR5,67,4.07,nan,5,Left,Left,445,135,87,0,nan,nan,0.30
4/23/2026 18:10:35,1.17.3,FR5,67,4.07,1,5,Pellet,Left,445,135,88,0,0.35,5181,nan
4/23/2026 18:10:48,1.17.3,FR5,67,4.07,nan,5,Left,Left,446,135,88,0,nan,nan,0.48
4/23/2026 18:10:49,1.17.3,FR5,67,4.07,nan,5,Left,Left,447,135,88,0,nan,nan,0.00
4/23/2026 18:10:51,1.17.3,FR5,67,4.06,nan,5,Left,Left,448,135,88,0,nan,nan,0.19
4/23/2026 18:11:27,1.17.3,FR5,67,4.06,nan,5,Left,Left,449,135,88,0,nan,nan,0.26
4/23/2026 18:11:29,1.17.3,FR5,67,4.06,nan,5,Left,Left,450,135,88,0,nan,nan,0.43
4/23/2026 18:11:30,1.17.3,FR5,67,4.07,1,5,Pellet,Left,450,135,89,0,0.06,55,nan
4/23/2026 18:11:36,1.17.3,FR5,67,4.07,nan,5,Left,Left,451,135,89,0,nan,nan,0.27
4/23/2026 18:11:37,1.17.3,FR5,67,4.07,nan,5,Left,Left,452,135,89,0,nan,nan,0.19
4/23/2026 18:11:38,1.17.3,FR5,67,4.06,nan,5,Left,Left,453,135,89,0,nan,nan,0.33
4/23/2026 18:11:47,1.17.3,FR5,67,4.06,nan,5,Left,Left,454,135,89,0,nan,nan,0.19
4/23/2026 18:12:03,1.17.3,FR5,67,4.06,nan,5,Left,Left,455,135,89,0,nan,nan,0.15
4/23/2026 18:12:04,1.17.3,FR5,67,4.07,2,5,Pellet,Left,455,135,90,0,0.23,34,nan
4/23/2026 18:12:13,1.17.3,FR5,67,4.07,nan,5,Left,Left,456,135,90,0,nan,nan,0.05
4/23/2026 18:12:16,1.17.3,FR5,67,4.06,nan,5,Left,Left,457,135,90,0,nan,nan,0.46
4/23/2026 18:12:18,1.17.3,FR5,67,4.07,nan,5,Left,Left,458,135,90,0,nan,nan,0.53
4/23/2026 18:12:26,1.17.3,FR5,67,4.07,nan,5,Left,Left,459,135,90,0,nan,nan,0.23
4/23/2026 18:12:27,1.17.3,FR5,67,4.06,nan,5,Left,Left,460,135,90,0,nan,nan,0.00
4/23/2026 18:12:28,1.17.3,FR5,67,4.07,1,5,Pellet,Left,460,135,91,0,0.29,24,nan
4/23/2026 18:12:38,1.17.3,FR5,67,4.06,nan,5,Left,Left,461,135,91,0,nan,nan,0.73
4/23/2026 18:12:39,1.17.3,FR5,67,4.06,nan,5,Left,Left,462,135,91,0,nan,nan,0.00
4/23/2026 18:12:43,1.17.3,FR5,67,4.07,nan,5,Left,Left,463,135,91,0,nan,nan,0.56
4/23/2026 18:12:45,1.17.3,FR5,67,4.06,nan,5,Left,Left,464,135,91,0,nan,nan,0.19
4/23/2026 18:12:45,1.17.3,FR5,67,4.07,nan,5,Left,Left,465,135,91,0,nan,nan,0.00
4/23/2026 18:12:48,1.17.3,FR5,67,4.06,1,5,Pellet,Left,465,135,92,0,1.85,20,nan
4/23/2026 18:12:59,1.17.3,FR5,67,4.06,nan,5,Left,Left,466,135,92,0,nan,nan,0.27
4/23/2026 18:13:02,1.17.3,FR5,67,4.07,nan,5,Left,Left,467,135,92,0,nan,nan,0.43
4/23/2026 18:13:21,1.17.3,FR5,67,4.07,nan,5,Left,Left,468,135,92,0,nan,nan,0.19
4/23/2026 18:13:22,1.17.3,FR5,67,4.07,nan,5,Left,Left,469,135,92,0,nan,nan,0.27
4/23/2026 18:13:24,1.17.3,FR5,67,4.06,nan,5,Left,Left,470,135,92,0,nan,nan,0.14
4/23/2026 18:13:25,1.17.3,FR5,67,4.07,1,5,Pellet,Left,470,135,93,0,0.71,37,nan
4/23/2026 18:13:32,1.17.3,FR5,67,4.07,nan,5,Left,Left,471,135,93,0,nan,nan,0.10
4/23/2026 18:13:33,1.17.3,FR5,67,4.07,nan,5,Left,Left,472,135,93,0,nan,nan,0.25
4/23/2026 18:13:34,1.17.3,FR5,67,4.07,nan,5,Left,Left,473,135,93,0,nan,nan,0.26
4/23/2026 18:13:35,1.17.3,FR5,67,4.07,nan,5,Left,Left,474,135,93,0,nan,nan,0.19
4/23/2026 18:13:36,1.17.3,FR5,67,4.07,nan,5,Left,Left,475,135,93,0,nan,nan,0.45
4/23/2026 18:13:38,1.17.3,FR5,67,4.07,1,5,Pellet,Left,475,135,94,0,0.35,13,nan
4/23/2026 18:13:45,1.17.3,FR5,67,4.07,nan,5,Left,Left,476,135,94,0,nan,nan,0.38
4/23/2026 18:13:47,1.17.3,FR5,67,4.06,nan,5,Left,Left,477,135,94,0,nan,nan,0.26
4/23/2026 18:13:49,1.17.3,FR5,67,4.07,nan,5,Left,Left,478,135,94,0,nan,nan,0.95
4/23/2026 18:13:52,1.17.3,FR5,67,4.07,nan,5,Left,Left,479,135,94,0,nan,nan,0.55
4/23/2026 18:13:53,1.17.3,FR5,67,4.07,nan,5,Left,Left,480,135,94,0,nan,nan,0.39
4/23/2026 18:13:55,1.17.3,FR5,67,4.07,1,5,Pellet,Left,480,135,95,0,0.59,17,nan
4/23/2026 18:14:00,1.17.3,FR5,67,4.06,nan,5,Left,Left,481,135,95,0,nan,nan,0.40
4/23/2026 18:14:02,1.17.3,FR5,67,4.07,nan,5,Left,Left,482,135,95,0,nan,nan,0.47
4/23/2026 18:14:03,1.17.3,FR5,67,4.07,nan,5,Left,Left,483,135,95,0,nan,nan,0.33
4/23/2026 18:14:04,1.17.3,FR5,67,4.07,nan,5,Left,Left,484,135,95,0,nan,nan,0.18
4/23/2026 18:14:05,1.17.3,FR5,67,4.06,nan,5,Left,Left,485,135,95,0,nan,nan,0.06
4/23/2026 18:14:06,1.17.3,FR5,67,4.06,nan,5,LeftDuringDispense,Left,486,135,95,0,nan,nan,0.27
4/23/2026 18:14:08,1.17.3,FR5,67,4.07,1,5,Pellet,Left,486,135,96,0,2.15,13,nan
4/23/2026 18:14:20,1.17.3,FR5,67,4.06,nan,5,Left,Left,487,135,96,0,nan,nan,0.14
4/23/2026 18:14:26,1.17.3,FR5,67,4.06,nan,5,Left,Left,488,135,96,0,nan,nan,0.00
4/23/2026 18:16:19,1.17.3,FR5,67,4.06,nan,5,Right,Left,488,136,96,0,nan,nan,0.14
4/23/2026 18:17:03,1.17.3,FR5,67,4.07,nan,5,Right,Left,488,137,96,0,nan,nan,0.13
4/23/2026 18:17:04,1.17.3,FR5,67,4.06,nan,5,Right,Left,488,138,96,0,nan,nan,0.06
4/23/2026 19:03:26,1.17.3,FR5,67,4.07,nan,5,Left,Left,489,138,96,0,nan,nan,0.52
4/23/2026 19:03:28,1.17.3,FR5,67,4.06,nan,5,Left,Left,490,138,96,0,nan,nan,0.08
4/23/2026 19:03:30,1.17.3,FR5,67,4.06,2,5,Pellet,Left,490,138,97,0,0.17,2962,nan
4/23/2026 19:03:40,1.17.3,FR5,67,4.06,nan,5,Left,Left,491,138,97,0,nan,nan,0.18
4/23/2026 19:03:43,1.17.3,FR5,67,4.06,nan,5,Left,Left,492,138,97,0,nan,nan,0.19
4/23/2026 19:03:45,1.17.3,FR5,67,4.07,nan,5,Left,Left,493,138,97,0,nan,nan,0.25
4/23/2026 19:03:50,1.17.3,FR5,67,4.06,nan,5,Left,Left,494,138,97,0,nan,nan,0.14
4/23/2026 19:03:54,1.17.3,FR5,67,4.06,nan,5,Left,Left,495,138,97,0,nan,nan,0.12
4/23/2026 19:03:56,1.17.3,FR5,67,4.07,2,5,Pellet,Left,495,138,98,0,0.17,26,nan
4/23/2026 19:05:47,1.17.3,FR5,67,4.07,nan,5,Right,Left,495,139,98,0,nan,nan,0.05
4/23/2026 19:07:41,1.17.3,FR5,67,4.07,nan,5,Right,Left,495,140,98,0,nan,nan,0.05
4/23/2026 19:07:42,1.17.3,FR5,67,4.06,nan,5,Right,Left,495,141,98,0,nan,nan,0.52
4/23/2026 19:07:45,1.17.3,FR5,67,4.06,nan,5,Left,Left,496,141,98,0,nan,nan,0.13
4/23/2026 19:10:01,1.17.3,FR5,67,4.06,nan,5,Left,Left,497,141,98,0,nan,nan,0.11
4/23/2026 19:10:07,1.17.3,FR5,67,4.07,nan,5,Left,Left,498,141,98,0,nan,nan,0.21
4/23/2026 19:16:46,1.17.3,FR5,67,4.06,nan,5,Left,Left,499,141,98,0,nan,nan,0.27
4/23/2026 19:16:49,1.17.3,FR5,67,4.07,nan,5,Left,Left,500,141,98,0,nan,nan,0.09
4/23/2026 19:16:50,1.17.3,FR5,67,4.06,2,5,Pellet,Left,500,141,99,0,0.12,774,nan
4/23/2026 19:17:11,1.17.3,FR5,67,4.06,nan,5,Left,Left,501,141,99,0,nan,nan,0.16
4/23/2026 19:17:18,1.17.3,FR5,67,4.06,nan,5,Left,Left,502,141,99,0,nan,nan,0.09
4/23/2026 19:17:23,1.17.3,FR5,67,4.06,nan,5,Left,Left,503,141,99,0,nan,nan,0.20
4/23/2026 19:17:31,1.17.3,FR5,67,4.06,nan,5,Left,Left,504,141,99,0,nan,nan,0.03
4/23/2026 19:17:35,1.17.3,FR5,67,4.06,nan,5,Left,Left,505,141,99,0,nan,nan,0.18
4/23/2026 19:17:36,1.17.3,FR5,67,4.07,1,5,Pellet,Left,505,141,100,0,0.12,46,nan
4/23/2026 19:17:47,1.17.3,FR5,67,4.07,nan,5,Left,Left,506,141,100,0,nan,nan,0.13
4/23/2026 19:20:03,1.17.3,FR5,67,4.06,nan,5,Left,Left,507,141,100,0,nan,nan,0.02
4/23/2026 19:25:38,1.17.3,FR5,67,4.06,nan,5,Right,Left,507,142,100,0,nan,nan,0.08
4/23/2026 19:31:02,1.17.3,FR5,67,4.06,nan,5,Left,Left,508,142,100,0,nan,nan,0.17
4/23/2026 19:31:06,1.17.3,FR5,67,4.06,nan,5,Left,Left,509,142,100,0,nan,nan,0.08
4/23/2026 19:32:01,1.17.3,FR5,67,4.06,nan,5,Right,Left,509,143,100,0,nan,nan,0.10
4/23/2026 19:34:17,1.17.3,FR5,67,4.06,nan,5,Left,Left,510,143,100,0,nan,nan,0.33
4/23/2026 19:34:18,1.17.3,FR5,67,4.06,1,5,Pellet,Left,510,143,101,0,0.11,1001,nan
4/23/2026 19:35:04,1.17.3,FR5,67,4.07,nan,5,Left,Left,511,143,101,0,nan,nan,0.22
4/23/2026 19:35:07,1.17.3,FR5,67,4.06,nan,5,Left,Left,512,143,101,0,nan,nan,0.21
4/23/2026 19:35:09,1.17.3,FR5,67,4.07,nan,5,Left,Left,513,143,101,0,nan,nan,0.15
4/23/2026 19:35:12,1.17.3,FR5,67,4.06,nan,5,Left,Left,514,143,101,0,nan,nan,0.09
4/23/2026 19:49:47,1.17.3,FR5,67,4.06,nan,5,Left,Left,515,143,101,0,nan,nan,0.15
4/23/2026 19:49:48,1.17.3,FR5,67,4.07,1,5,Pellet,Left,515,143,102,0,0.53,931,nan
4/23/2026 19:49:54,1.17.3,FR5,67,4.06,nan,5,Left,Left,516,143,102,0,nan,nan,0.32
4/23/2026 19:49:55,1.17.3,FR5,67,4.07,nan,5,Left,Left,517,143,102,0,nan,nan,0.01
4/23/2026 19:49:56,1.17.3,FR5,67,4.06,nan,5,Left,Left,518,143,102,0,nan,nan,0.13
4/23/2026 19:50:00,1.17.3,FR5,67,4.06,nan,5,Left,Left,519,143,102,0,nan,nan,0.04
4/23/2026 19:50:01,1.17.3,FR5,67,4.06,nan,5,Left,Left,520,143,102,0,nan,nan,0.23
4/23/2026 19:50:02,1.17.3,FR5,67,4.06,1,5,Pellet,Left,520,143,103,0,0.17,14,nan
4/23/2026 19:50:10,1.17.3,FR5,67,4.07,nan,5,Left,Left,521,143,103,0,nan,nan,0.52
4/23/2026 19:50:12,1.17.3,FR5,67,4.07,nan,5,Left,Left,522,143,103,0,nan,nan,0.40
4/23/2026 19:50:16,1.17.3,FR5,67,4.06,nan,5,Left,Left,523,143,103,0,nan,nan,0.02
4/23/2026 19:50:17,1.17.3,FR5,67,4.06,nan,5,Left,Left,524,143,103,0,nan,nan,0.26
4/23/2026 19:50:20,1.17.3,FR5,67,4.06,nan,5,Left,Left,525,143,103,0,nan,nan,0.45
4/23/2026 19:50:21,1.17.3,FR5,67,4.07,1,5,Pellet,Left,525,143,104,0,0.23,19,nan
4/23/2026 19:50:26,1.17.3,FR5,67,4.06,nan,5,Left,Left,526,143,104,0,nan,nan,0.56
4/23/2026 19:50:28,1.17.3,FR5,67,4.06,nan,5,Left,Left,527,143,104,0,nan,nan,0.46
4/23/2026 19:50:30,1.17.3,FR5,67,4.06,nan,5,Left,Left,528,143,104,0,nan,nan,0.30
4/23/2026 19:50:32,1.17.3,FR5,67,4.06,nan,5,Left,Left,529,143,104,0,nan,nan,0.24
4/23/2026 19:50:34,1.17.3,FR5,67,4.06,nan,5,Left,Left,530,143,104,0,nan,nan,0.25
4/23/2026 19:50:35,1.17.3,FR5,67,4.06,1,5,Pellet,Left,530,143,105,0,0.47,14,nan
4/23/2026 19:50:57,1.17.3,FR5,67,4.06,nan,5,Left,Left,531,143,105,0,nan,nan,0.38
4/23/2026 19:51:02,1.17.3,FR5,67,4.06,nan,5,Right,Left,531,144,105,0,nan,nan,0.26
4/23/2026 19:51:03,1.17.3,FR5,67,4.06,nan,5,Right,Left,531,145,105,0,nan,nan,0.00
4/23/2026 19:51:04,1.17.3,FR5,67,4.06,nan,5,Right,Left,531,146,105,0,nan,nan,0.07
4/23/2026 19:51:07,1.17.3,FR5,67,4.06,nan,5,Left,Left,532,146,105,0,nan,nan,0.21
4/23/2026 19:51:08,1.17.3,FR5,67,4.06,nan,5,Left,Left,533,146,105,0,nan,nan,0.22
4/23/2026 19:51:10,1.17.3,FR5,67,4.06,nan,5,Left,Left,534,146,105,0,nan,nan,0.18
4/23/2026 19:51:13,1.17.3,FR5,67,4.06,nan,5,Left,Left,535,146,105,0,nan,nan,0.07
4/23/2026 19:51:14,1.17.3,FR5,67,4.06,1,5,Pellet,Left,535,146,106,0,0.17,39,nan
4/23/2026 19:51:34,1.17.3,FR5,67,4.07,nan,5,Left,Left,536,146,106,0,nan,nan,0.13
4/23/2026 20:00:23,1.17.3,FR5,67,4.06,nan,5,Left,Left,537,146,106,0,nan,nan,0.15
4/23/2026 20:02:30,1.17.3,FR5,67,4.06,nan,5,Left,Left,538,146,106,0,nan,nan,0.18
4/23/2026 20:02:31,1.17.3,FR5,67,4.07,nan,5,Left,Left,539,146,106,0,nan,nan,0.09
4/23/2026 20:06:00,1.17.3,FR5,67,4.06,nan,5,Left,Left,540,146,106,0,nan,nan,0.18
4/23/2026 20:06:03,1.17.3,FR5,67,4.06,2,5,Pellet,Left,540,146,107,0,0.06,889,nan
4/23/2026 20:06:18,1.17.3,FR5,67,4.07,nan,5,Left,Left,541,146,107,0,nan,nan,0.17
4/23/2026 20:08:02,1.17.3,FR5,67,4.06,nan,5,Left,Left,542,146,107,0,nan,nan,0.10
4/23/2026 20:10:16,1.17.3,FR5,67,4.06,nan,5,Left,Left,543,146,107,0,nan,nan,0.21
4/23/2026 20:11:01,1.17.3,FR5,67,4.07,nan,5,Left,Left,544,146,107,0,nan,nan,0.08
4/23/2026 20:13:30,1.17.3,FR5,67,4.07,nan,5,Left,Left,545,146,107,0,nan,nan,0.08
4/23/2026 20:13:31,1.17.3,FR5,67,4.06,2,5,Pellet,Left,545,146,108,0,0.23,448,nan
4/23/2026 20:13:37,1.17.3,FR5,67,4.06,nan,5,Left,Left,546,146,108,0,nan,nan,0.03
4/23/2026 20:13:39,1.17.3,FR5,67,4.06,nan,5,Left,Left,547,146,108,0,nan,nan,0.28
4/23/2026 20:19:42,1.17.3,FR5,67,4.06,nan,5,Right,Left,547,147,108,0,nan,nan,0.05
4/23/2026 20:19:44,1.17.3,FR5,67,4.07,nan,5,Left,Left,548,147,108,0,nan,nan,0.14
4/23/2026 20:19:47,1.17.3,FR5,67,4.06,nan,5,Left,Left,549,147,108,0,nan,nan,0.23
4/23/2026 20:19:49,1.17.3,FR5,67,4.06,nan,5,Left,Left,550,147,108,0,nan,nan,0.31
4/23/2026 20:19:50,1.17.3,FR5,67,4.07,1,5,Pellet,Left,550,147,109,0,0.29,379,nan
4/23/2026 20:20:01,1.17.3,FR5,67,4.06,nan,5,Left,Left,551,147,109,0,nan,nan,0.23
4/23/2026 20:20:05,1.17.3,FR5,67,4.06,nan,5,Left,Left,552,147,109,0,nan,nan,0.21
4/23/2026 20:20:07,1.17.3,FR5,67,4.06,nan,5,Left,Left,553,147,109,0,nan,nan,0.11
4/23/2026 20:20:10,1.17.3,FR5,67,4.06,nan,5,Left,Left,554,147,109,0,nan,nan,0.10
4/23/2026 20:20:13,1.17.3,FR5,67,4.06,nan,5,Left,Left,555,147,109,0,nan,nan,0.20
4/23/2026 20:20:14,1.17.3,FR5,67,4.06,1,5,Pellet,Left,555,147,110,0,0.41,24,nan
4/23/2026 20:20:57,1.17.3,FR5,67,4.07,nan,5,Left,Left,556,147,110,0,nan,nan,0.10
4/23/2026 20:20:59,1.17.3,FR5,67,4.06,nan,5,Left,Left,557,147,110,0,nan,nan,0.09
4/23/2026 20:21:00,1.17.3,FR5,67,4.06,nan,5,Left,Left,558,147,110,0,nan,nan,0.16
4/23/2026 20:21:04,1.17.3,FR5,67,4.06,nan,5,Left,Left,559,147,110,0,nan,nan,0.03
4/23/2026 20:21:05,1.17.3,FR5,67,4.05,nan,5,Left,Left,560,147,110,0,nan,nan,0.22
4/23/2026 20:21:06,1.17.3,FR5,67,4.07,2,5,Pellet,Left,560,147,111,0,0.29,52,nan
4/23/2026 20:21:12,1.17.3,FR5,67,4.06,nan,5,Left,Left,561,147,111,0,nan,nan,0.21
4/23/2026 20:21:13,1.17.3,FR5,67,4.06,nan,5,Left,Left,562,147,111,0,nan,nan,0.36
4/23/2026 20:21:18,1.17.3,FR5,67,4.06,nan,5,Left,Left,563,147,111,0,nan,nan,0.22
4/23/2026 20:21:24,1.17.3,FR5,67,4.06,nan,5,Left,Left,564,147,111,0,nan,nan,0.23
4/23/2026 20:21:26,1.17.3,FR5,67,4.06,nan,5,Left,Left,565,147,111,0,nan,nan,0.18
4/23/2026 20:21:27,1.17.3,FR5,67,4.06,1,5,Pellet,Left,565,147,112,0,0.12,21,nan
4/23/2026 20:23:06,1.17.3,FR5,67,4.06,nan,5,Left,Left,566,147,112,0,nan,nan,0.14
4/23/2026 20:30:00,1.17.3,FR5,67,4.06,nan,5,Left,Left,567,147,112,0,nan,nan,0.10
4/23/2026 20:30:02,1.17.3,FR5,67,4.06,nan,5,Left,Left,568,147,112,0,nan,nan,0.14
4/23/2026 20:32:07,1.17.3,FR5,67,4.06,nan,5,Right,Left,568,148,112,0,nan,nan,0.02
4/23/2026 20:32:08,1.17.3,FR5,67,4.06,nan,5,Right,Left,568,149,112,0,nan,nan,0.00
4/23/2026 20:34:39,1.17.3,FR5,67,4.06,nan,5,Right,Left,568,150,112,0,nan,nan,0.24
4/23/2026 20:37:54,1.17.3,FR5,67,4.06,nan,5,Right,Left,568,151,112,0,nan,nan,0.03
4/23/2026 20:37:57,1.17.3,FR5,67,4.06,nan,5,Right,Left,568,152,112,0,nan,nan,0.53
4/23/2026 20:37:59,1.17.3,FR5,67,4.06,nan,5,Right,Left,568,153,112,0,nan,nan,0.17
4/23/2026 20:38:06,1.17.3,FR5,67,4.07,nan,5,Left,Left,569,153,112,0,nan,nan,0.08
4/23/2026 20:38:11,1.17.3,FR5,67,4.07,nan,5,Left,Left,570,153,112,0,nan,nan,0.00
4/23/2026 20:38:14,1.17.3,FR5,67,4.06,1,5,Pellet,Left,570,153,113,0,2.15,1007,nan
4/23/2026 20:38:32,1.17.3,FR5,67,4.06,nan,5,Left,Left,571,153,113,0,nan,nan,0.08
4/23/2026 20:49:04,1.17.3,FR5,67,4.06,nan,5,Left,Left,572,153,113,0,nan,nan,0.07
4/23/2026 20:49:05,1.17.3,FR5,67,4.06,nan,5,Left,Left,573,153,113,0,nan,nan,0.14
4/23/2026 20:53:46,1.17.3,FR5,67,4.06,nan,5,Left,Left,574,153,113,0,nan,nan,0.09
4/23/2026 20:55:14,1.17.3,FR5,67,4.06,nan,5,Right,Left,574,154,113,0,nan,nan,0.23
4/23/2026 20:56:26,1.17.3,FR5,67,4.06,nan,5,Left,Left,575,154,113,0,nan,nan,0.09
4/23/2026 20:56:27,1.17.3,FR5,67,4.06,1,5,Pellet,Left,575,154,114,0,0.41,1093,nan
4/23/2026 20:56:34,1.17.3,FR5,67,4.06,nan,5,Left,Left,576,154,114,0,nan,nan,0.05
4/23/2026 20:56:35,1.17.3,FR5,67,4.06,nan,5,Left,Left,577,154,114,0,nan,nan,0.05
4/23/2026 21:00:35,1.17.3,FR5,67,4.06,nan,5,Left,Left,578,154,114,0,nan,nan,0.01
4/23/2026 21:04:22,1.17.3,FR5,67,4.06,nan,5,Left,Left,579,154,114,0,nan,nan,0.16
4/23/2026 21:14:09,1.17.3,FR5,67,4.06,nan,5,Left,Left,580,154,114,0,nan,nan,0.15
4/23/2026 21:14:10,1.17.3,FR5,67,4.06,2,5,Pellet,Left,580,154,115,0,0.29,1063,nan
4/23/2026 21:14:35,1.17.3,FR5,67,4.06,nan,5,Right,Left,580,155,115,0,nan,nan,0.09
4/23/2026 21:14:38,1.17.3,FR5,67,4.06,nan,5,Left,Left,581,155,115,0,nan,nan,0.05
4/23/2026 21:14:41,1.17.3,FR5,67,4.06,nan,5,Left,Left,582,155,115,0,nan,nan,0.08
4/23/2026 21:14:45,1.17.3,FR5,67,4.06,nan,5,Left,Left,583,155,115,0,nan,nan,0.17
4/23/2026 21:18:05,1.17.3,FR5,67,4.06,nan,5,Right,Left,583,156,115,0,nan,nan,0.16
4/23/2026 21:18:39,1.17.3,FR5,67,4.06,nan,5,Right,Left,583,157,115,0,nan,nan,0.02
4/23/2026 21:18:58,1.17.3,FR5,67,4.06,nan,5,Left,Left,584,157,115,0,nan,nan,0.12
4/23/2026 21:28:12,1.17.3,FR5,67,4.06,nan,5,Left,Left,585,157,115,0,nan,nan,0.10
4/23/2026 21:28:14,1.17.3,FR5,67,4.05,1,5,Pellet,Left,585,157,116,0,0.59,844,nan
4/23/2026 21:28:24,1.17.3,FR5,67,4.06,nan,5,Left,Left,586,157,116,0,nan,nan,0.04
4/23/2026 21:28:24,1.17.3,FR5,67,4.06,nan,5,Left,Left,587,157,116,0,nan,nan,0.11
4/23/2026 21:28:26,1.17.3,FR5,67,4.06,nan,5,Left,Left,588,157,116,0,nan,nan,0.14
4/23/2026 21:28:35,1.17.3,FR5,67,4.06,nan,5,Left,Left,589,157,116,0,nan,nan,0.22
4/23/2026 21:28:40,1.17.3,FR5,67,4.05,nan,5,Left,Left,590,157,116,0,nan,nan,0.18
4/23/2026 21:28:41,1.17.3,FR5,67,4.05,1,5,Pellet,Left,590,157,117,0,0.12,27,nan
4/23/2026 21:28:48,1.17.3,FR5,67,4.06,nan,5,Left,Left,591,157,117,0,nan,nan,0.07
4/23/2026 21:28:49,1.17.3,FR5,67,4.06,nan,5,Left,Left,592,157,117,0,nan,nan,0.20
4/23/2026 21:28:57,1.17.3,FR5,67,4.06,nan,5,Left,Left,593,157,117,0,nan,nan,0.11
4/23/2026 21:28:58,1.17.3,FR5,67,4.06,nan,5,Left,Left,594,157,117,0,nan,nan,0.00
4/23/2026 21:29:01,1.17.3,FR5,67,4.06,nan,5,Left,Left,595,157,117,0,nan,nan,0.27
4/23/2026 21:29:02,1.17.3,FR5,67,4.06,2,5,Pellet,Left,595,157,118,0,0.06,21,nan
4/23/2026 21:34:18,1.17.3,FR5,67,4.06,nan,5,Left,Left,596,157,118,0,nan,nan,0.03
4/23/2026 21:34:20,1.17.3,FR5,67,4.06,nan,5,Left,Left,597,157,118,0,nan,nan,0.12
4/23/2026 21:34:32,1.17.3,FR5,67,4.05,nan,5,Left,Left,598,157,118,0,nan,nan,0.10
4/23/2026 21:35:03,1.17.3,FR5,67,4.06,nan,5,Right,Left,598,158,118,0,nan,nan,0.04
4/23/2026 21:35:03,1.17.3,FR5,67,4.06,nan,5,Right,Left,598,159,118,0,nan,nan,0.00
4/23/2026 21:35:04,1.17.3,FR5,67,4.06,nan,5,Right,Left,598,160,118,0,nan,nan,0.11
4/23/2026 21:35:40,1.17.3,FR5,67,4.06,nan,5,Left,Left,599,160,118,0,nan,nan,0.12
4/23/2026 21:36:28,1.17.3,FR5,67,4.06,nan,5,Left,Left,600,160,118,0,nan,nan,0.15
4/23/2026 21:36:29,1.17.3,FR5,67,4.06,1,5,Pellet,Left,600,160,119,0,0.06,447,nan
4/23/2026 21:36:44,1.17.3,FR5,67,4.05,nan,5,Left,Left,601,160,119,0,nan,nan,0.34
4/23/2026 21:36:46,1.17.3,FR5,67,4.05,nan,5,Left,Left,602,160,119,0,nan,nan,0.15
4/23/2026 21:36:47,1.17.3,FR5,67,4.06,nan,5,Left,Left,603,160,119,0,nan,nan,0.17
4/23/2026 21:41:50,1.17.3,FR5,67,4.06,nan,5,Right,Left,603,161,119,0,nan,nan,0.11
4/23/2026 21:41:55,1.17.3,FR5,67,4.06,nan,5,Left,Left,604,161,119,0,nan,nan,0.26
4/23/2026 21:41:56,1.17.3,FR5,67,4.06,nan,5,Left,Left,605,161,119,0,nan,nan,0.15
4/23/2026 21:41:58,1.17.3,FR5,67,4.06,1,5,Pellet,Left,605,161,120,0,0.47,328,nan
4/23/2026 21:42:04,1.17.3,FR5,67,4.05,nan,5,Left,Left,606,161,120,0,nan,nan,0.08
4/23/2026 21:42:05,1.17.3,FR5,67,4.06,nan,5,Left,Left,607,161,120,0,nan,nan,0.02
4/23/2026 21:45:39,1.17.3,FR5,67,4.06,nan,5,Left,Left,608,161,120,0,nan,nan,0.09
4/23/2026 21:45:43,1.17.3,FR5,67,4.06,nan,5,Left,Left,609,161,120,0,nan,nan,0.09
4/23/2026 21:45:46,1.17.3,FR5,67,4.06,nan,5,Left,Left,610,161,120,0,nan,nan,0.15
4/23/2026 21:45:46,1.17.3,FR5,67,4.06,1,5,Pellet,Left,610,161,121,0,0.17,229,nan
4/23/2026 21:46:00,1.17.3,FR5,67,4.06,nan,5,Left,Left,611,161,121,0,nan,nan,0.23
4/23/2026 21:46:00,1.17.3,FR5,67,4.06,nan,5,Left,Left,612,161,121,0,nan,nan,0.00
4/23/2026 21:46:01,1.17.3,FR5,67,4.06,nan,5,Left,Left,613,161,121,0,nan,nan,0.00
4/23/2026 21:46:02,1.17.3,FR5,67,4.06,nan,5,Left,Left,614,161,121,0,nan,nan,0.00
4/23/2026 21:46:04,1.17.3,FR5,67,4.06,nan,5,Left,Left,615,161,121,0,nan,nan,0.03
4/23/2026 21:46:06,1.17.3,FR5,67,4.05,1,5,Pellet,Left,615,161,122,0,0.59,20,nan
4/23/2026 21:48:50,1.17.3,FR5,67,4.06,nan,5,Left,Left,616,161,122,0,nan,nan,0.10
4/23/2026 21:48:54,1.17.3,FR5,67,4.06,nan,5,Left,Left,617,161,122,0,nan,nan,0.07
4/23/2026 21:49:00,1.17.3,FR5,67,4.06,nan,5,Left,Left,618,161,122,0,nan,nan,0.07
4/23/2026 21:49:04,1.17.3,FR5,67,4.06,nan,5,Left,Left,619,161,122,0,nan,nan,0.06
4/23/2026 21:49:10,1.17.3,FR5,67,4.06,nan,5,Left,Left,620,161,122,0,nan,nan,0.17
4/23/2026 21:49:11,1.17.3,FR5,67,4.06,1,5,Pellet,Left,620,161,123,0,0.12,185,nan
4/23/2026 21:49:33,1.17.3,FR5,67,4.06,nan,5,Right,Left,620,162,123,0,nan,nan,0.02
4/23/2026 21:49:34,1.17.3,FR5,67,4.06,nan,5,Right,Left,620,163,123,0,nan,nan,0.23
4/23/2026 21:49:40,1.17.3,FR5,67,4.06,nan,5,Right,Left,620,164,123,0,nan,nan,0.05
4/23/2026 21:49:42,1.17.3,FR5,67,4.05,nan,5,Right,Left,620,165,123,0,nan,nan,0.17
4/23/2026 21:49:44,1.17.3,FR5,67,4.05,nan,5,Left,Left,621,165,123,0,nan,nan,0.05
4/23/2026 21:49:46,1.17.3,FR5,67,4.06,nan,5,Left,Left,622,165,123,0,nan,nan,0.06
4/23/2026 21:49:55,1.17.3,FR5,67,4.06,nan,5,Right,Left,622,166,123,0,nan,nan,0.13
4/23/2026 21:56:06,1.17.3,FR5,67,4.06,nan,5,Left,Left,623,166,123,0,nan,nan,0.10
4/23/2026 21:56:07,1.17.3,FR5,67,4.06,nan,5,Left,Left,624,166,123,0,nan,nan,0.10
4/23/2026 21:56:08,1.17.3,FR5,67,4.06,nan,5,Left,Left,625,166,123,0,nan,nan,0.24
4/23/2026 21:56:10,1.17.3,FR5,67,4.06,1,5,Pellet,Left,625,166,124,0,0.41,419,nan
4/23/2026 21:56:19,1.17.3,FR5,67,4.06,nan,5,Left,Left,626,166,124,0,nan,nan,0.20
4/23/2026 21:56:21,1.17.3,FR5,67,4.06,nan,5,Left,Left,627,166,124,0,nan,nan,0.07
4/23/2026 21:56:25,1.17.3,FR5,67,4.06,nan,5,Left,Left,628,166,124,0,nan,nan,0.12
4/23/2026 21:56:27,1.17.3,FR5,67,4.06,nan,5,Left,Left,629,166,124,0,nan,nan,0.08
4/23/2026 22:01:09,1.17.3,FR5,67,4.05,nan,5,Left,Left,630,166,124,0,nan,nan,0.18
4/23/2026 22:01:11,1.17.3,FR5,67,4.06,1,5,Pellet,Left,630,166,125,0,0.83,301,nan
4/23/2026 22:01:33,1.17.3,FR5,67,4.06,nan,5,Left,Left,631,166,125,0,nan,nan,0.04
4/23/2026 22:01:34,1.17.3,FR5,67,4.06,nan,5,Left,Left,632,166,125,0,nan,nan,0.24
4/23/2026 22:01:36,1.17.3,FR5,67,4.06,nan,5,Left,Left,633,166,125,0,nan,nan,0.10
4/23/2026 22:01:41,1.17.3,FR5,67,4.05,nan,5,Left,Left,634,166,125,0,nan,nan,0.09
4/23/2026 22:01:47,1.17.3,FR5,67,4.05,nan,5,Left,Left,635,166,125,0,nan,nan,0.17
4/23/2026 22:01:48,1.17.3,FR5,67,4.06,1,5,Pellet,Left,635,166,126,0,0.06,37,nan
4/23/2026 22:02:05,1.17.3,FR5,67,4.06,nan,5,Left,Left,636,166,126,0,nan,nan,0.11
4/23/2026 22:05:35,1.17.3,FR5,67,4.05,nan,5,Right,Left,636,167,126,0,nan,nan,0.13
4/23/2026 22:05:39,1.17.3,FR5,67,4.06,nan,5,Left,Left,637,167,126,0,nan,nan,0.06
4/23/2026 22:11:14,1.17.3,FR5,67,4.05,nan,5,Left,Left,638,167,126,0,nan,nan,0.06
4/23/2026 22:17:43,1.17.3,FR5,67,4.06,nan,5,Left,Left,639,167,126,0,nan,nan,0.04
4/23/2026 22:17:54,1.17.3,FR5,67,4.06,nan,5,Left,Left,640,167,126,0,nan,nan,0.07
4/23/2026 22:17:55,1.17.3,FR5,67,4.05,1,5,Pellet,Left,640,167,127,0,0.23,967,nan
4/23/2026 22:18:22,1.17.3,FR5,67,4.06,nan,5,Left,Left,641,167,127,0,nan,nan,0.32
4/23/2026 22:18:24,1.17.3,FR5,67,4.05,nan,5,Left,Left,642,167,127,0,nan,nan,0.23
4/23/2026 22:18:26,1.17.3,FR5,67,4.05,nan,5,Left,Left,643,167,127,0,nan,nan,0.23
4/23/2026 22:18:29,1.17.3,FR5,67,4.05,nan,5,Left,Left,644,167,127,0,nan,nan,0.14
4/23/2026 22:24:49,1.17.3,FR5,67,4.06,nan,5,Left,Left,645,167,127,0,nan,nan,0.17
4/23/2026 22:24:50,1.17.3,FR5,67,4.06,1,5,Pellet,Left,645,167,128,0,0.95,415,nan
4/23/2026 22:25:36,1.17.3,FR5,67,4.06,nan,5,Left,Left,646,167,128,0,nan,nan,0.13
4/23/2026 22:25:40,1.17.3,FR5,67,4.06,nan,5,Left,Left,647,167,128,0,nan,nan,0.61
4/23/2026 22:25:46,1.17.3,FR5,67,4.06,nan,5,Left,Left,648,167,128,0,nan,nan,0.10
4/23/2026 22:30:45,1.17.3,FR5,67,4.06,nan,5,Left,Left,649,167,128,0,nan,nan,0.21
4/23/2026 22:35:57,1.17.3,FR5,67,4.05,nan,5,Left,Left,650,167,128,0,nan,nan,0.14
4/23/2026 22:35:58,1.17.3,FR5,67,4.06,1,5,Pellet,Left,650,167,129,0,0.23,668,nan
4/23/2026 22:39:24,1.17.3,FR5,67,4.06,nan,5,Left,Left,651,167,129,0,nan,nan,0.05
4/23/2026 22:39:26,1.17.3,FR5,67,4.06,nan,5,Left,Left,652,167,129,0,nan,nan,0.09
4/23/2026 22:43:45,1.17.3,FR5,67,4.06,nan,5,Left,Left,653,167,129,0,nan,nan,0.21
4/23/2026 22:43:47,1.17.3,FR5,67,4.05,nan,5,Left,Left,654,167,129,0,nan,nan,0.04
4/23/2026 22:43:54,1.17.3,FR5,67,4.05,nan,5,Left,Left,655,167,129,0,nan,nan,0.13
4/23/2026 22:43:54,1.17.3,FR5,67,4.05,1,5,Pellet,Left,655,167,130,0,0.06,476,nan
4/23/2026 23:06:24,1.17.3,FR5,67,4.05,nan,5,Left,Left,656,167,130,0,nan,nan,0.13
4/23/2026 23:06:29,1.17.3,FR5,67,4.05,nan,5,Left,Left,657,167,130,0,nan,nan,0.01
4/23/2026 23:06:30,1.17.3,FR5,67,4.05,nan,5,Left,Left,658,167,130,0,nan,nan,0.06
4/23/2026 23:07:06,1.17.3,FR5,67,4.05,nan,5,Right,Left,658,168,130,0,nan,nan,0.04
4/23/2026 23:07:54,1.17.3,FR5,67,4.06,nan,5,Left,Left,659,168,130,0,nan,nan,0.03
4/23/2026 23:07:57,1.17.3,FR5,67,4.05,nan,5,Left,Left,660,168,130,0,nan,nan,0.58
4/23/2026 23:07:58,1.17.3,FR5,67,4.06,1,5,Pellet,Left,660,168,131,0,0.35,1444,nan
4/23/2026 23:09:26,1.17.3,FR5,67,4.06,nan,5,Left,Left,661,168,131,0,nan,nan,0.10
4/23/2026 23:10:55,1.17.3,FR5,67,4.06,nan,5,Left,Left,662,168,131,0,nan,nan,0.02
4/23/2026 23:11:23,1.17.3,FR5,67,4.05,nan,5,Left,Left,663,168,131,0,nan,nan,0.00
4/23/2026 23:11:42,1.17.3,FR5,67,4.06,nan,5,Left,Left,664,168,131,0,nan,nan,0.11
4/23/2026 23:11:47,1.17.3,FR5,67,4.06,nan,5,Left,Left,665,168,131,0,nan,nan,0.28
4/23/2026 23:11:48,1.17.3,FR5,67,4.05,1,5,Pellet,Left,665,168,132,0,0.41,230,nan
4/23/2026 23:26:17,1.17.3,FR5,67,4.06,nan,5,Left,Left,666,168,132,0,nan,nan,0.18
4/23/2026 23:34:41,1.17.3,FR5,67,4.05,nan,5,Left,Left,667,168,132,0,nan,nan,0.20
4/23/2026 23:34:44,1.17.3,FR5,67,4.05,nan,5,Left,Left,668,168,132,0,nan,nan,0.33
4/23/2026 23:34:46,1.17.3,FR5,67,4.05,nan,5,Left,Left,669,168,132,0,nan,nan,0.45
4/23/2026 23:34:52,1.17.3,FR5,67,4.06,nan,5,Left,Left,670,168,132,0,nan,nan,0.26
4/23/2026 23:34:53,1.17.3,FR5,67,4.06,1,5,Pellet,Left,670,168,133,0,0.17,1385,nan
4/23/2026 23:35:38,1.17.3,FR5,67,4.06,nan,5,Left,Left,671,168,133,0,nan,nan,0.04
4/23/2026 23:35:39,1.17.3,FR5,67,4.06,nan,5,Left,Left,672,168,133,0,nan,nan,0.21
4/23/2026 23:35:40,1.17.3,FR5,67,4.05,nan,5,Left,Left,673,168,133,0,nan,nan,0.13
4/23/2026 23:35:41,1.17.3,FR5,67,4.05,nan,5,Left,Left,674,168,133,0,nan,nan,0.00
4/23/2026 23:35:53,1.17.3,FR5,67,4.06,nan,5,Left,Left,675,168,133,0,nan,nan,0.00
4/23/2026 23:35:54,1.17.3,FR5,67,4.06,1,5,Pellet,Left,675,168,134,0,0.17,61,nan
4/23/2026 23:36:06,1.17.3,FR5,67,4.05,nan,5,Left,Left,676,168,134,0,nan,nan,0.10
4/23/2026 23:36:07,1.17.3,FR5,67,4.05,nan,5,Left,Left,677,168,134,0,nan,nan,0.22
4/23/2026 23:36:16,1.17.3,FR5,67,4.05,nan,5,Left,Left,678,168,134,0,nan,nan,0.14
4/23/2026 23:36:17,1.17.3,FR5,67,4.05,nan,5,Left,Left,679,168,134,0,nan,nan,0.02
4/23/2026 23:36:17,1.17.3,FR5,67,4.06,nan,5,Left,Left,680,168,134,0,nan,nan,0.01
4/23/2026 23:36:18,1.17.3,FR5,67,4.06,1,5,Pellet,Left,680,168,135,0,0.35,24,nan
4/23/2026 23:36:28,1.17.3,FR5,67,4.05,nan,5,Left,Left,681,168,135,0,nan,nan,0.10
4/23/2026 23:36:29,1.17.3,FR5,67,4.05,nan,5,Left,Left,682,168,135,0,nan,nan,0.23
4/23/2026 23:36:39,1.17.3,FR5,67,4.05,nan,5,Left,Left,683,168,135,0,nan,nan,0.06
4/23/2026 23:36:40,1.17.3,FR5,67,4.05,nan,5,Left,Left,684,168,135,0,nan,nan,0.21
4/23/2026 23:36:40,1.17.3,FR5,67,4.05,nan,5,Left,Left,685,168,135,0,nan,nan,0.16
4/23/2026 23:36:41,1.17.3,FR5,67,4.05,2,5,Pellet,Left,685,168,136,0,0.06,23,nan
4/23/2026 23:37:04,1.17.3,FR5,67,4.06,nan,5,Left,Left,686,168,136,0,nan,nan,0.09
4/23/2026 23:55:48,1.17.3,FR5,67,4.05,nan,5,Left,Left,687,168,136,0,nan,nan,0.08
4/24/2026 0:08:51,1.17.3,FR5,67,4.05,nan,5,Left,Left,688,168,136,0,nan,nan,0.21
4/24/2026 0:08:53,1.17.3,FR5,67,4.05,nan,5,Left,Left,689,168,136,0,nan,nan,0.26
4/24/2026 0:09:03,1.17.3,FR5,67,4.05,nan,5,Right,Left,689,169,136,0,nan,nan,0.31
4/24/2026 0:09:05,1.17.3,FR5,67,4.06,nan,5,Left,Left,690,169,136,0,nan,nan,0.08
4/24/2026 0:09:06,1.17.3,FR5,67,4.05,1,5,Pellet,Left,690,169,137,0,0.29,1945,nan
4/24/2026 0:19:15,1.17.3,FR5,67,4.06,nan,5,Left,Left,691,169,137,0,nan,nan,0.10
4/24/2026 0:19:17,1.17.3,FR5,67,4.06,nan,5,Left,Left,692,169,137,0,nan,nan,0.10
4/24/2026 0:19:21,1.17.3,FR5,67,4.05,nan,5,Left,Left,693,169,137,0,nan,nan,0.06
4/24/2026 0:34:20,1.17.3,FR5,67,4.05,nan,5,Left,Left,694,169,137,0,nan,nan,0.19
4/24/2026 0:35:33,1.17.3,FR5,67,4.06,nan,5,Left,Left,695,169,137,0,nan,nan,0.11
4/24/2026 0:35:35,1.17.3,FR5,67,4.05,1,5,Pellet,Left,695,169,138,0,0.59,1589,nan
4/24/2026 0:35:43,1.17.3,FR5,67,4.05,nan,5,Left,Left,696,169,138,0,nan,nan,0.03
4/24/2026 0:36:52,1.17.3,FR5,67,4.05,nan,5,Right,Left,696,170,138,0,nan,nan,0.59
4/24/2026 1:23:49,1.17.3,FR5,67,4.05,nan,5,Left,Left,697,170,138,0,nan,nan,0.15
4/24/2026 1:23:50,1.17.3,FR5,67,4.05,nan,5,Left,Left,698,170,138,0,nan,nan,0.27
4/24/2026 1:23:52,1.17.3,FR5,67,4.05,nan,5,Left,Left,699,170,138,0,nan,nan,0.26
4/24/2026 1:23:53,1.17.3,FR5,67,4.05,nan,5,Left,Left,700,170,138,0,nan,nan,0.18
4/24/2026 1:23:54,1.17.3,FR5,67,4.05,1,5,Pellet,Left,700,170,139,0,0.35,2899,nan
4/24/2026 1:23:58,1.17.3,FR5,67,4.05,nan,5,Left,Left,701,170,139,0,nan,nan,0.39
4/24/2026 1:24:00,1.17.3,FR5,67,4.05,nan,5,Left,Left,702,170,139,0,nan,nan,0.26
4/24/2026 1:24:02,1.17.3,FR5,67,4.05,nan,5,Left,Left,703,170,139,0,nan,nan,0.10
4/24/2026 1:24:04,1.17.3,FR5,67,4.05,nan,5,Left,Left,704,170,139,0,nan,nan,0.23
4/24/2026 1:24:05,1.17.3,FR5,67,4.05,nan,5,Left,Left,705,170,139,0,nan,nan,0.35
4/24/2026 1:24:06,1.17.3,FR5,67,4.05,1,5,Pellet,Left,705,170,140,0,0.71,12,nan
4/24/2026 1:24:11,1.17.3,FR5,67,4.05,nan,5,Left,Left,706,170,140,0,nan,nan,0.11
4/24/2026 1:24:14,1.17.3,FR5,67,4.05,nan,5,Left,Left,707,170,140,0,nan,nan,0.22
4/24/2026 1:24:15,1.17.3,FR5,67,4.05,nan,5,Left,Left,708,170,140,0,nan,nan,0.50
4/24/2026 1:24:16,1.17.3,FR5,67,4.05,nan,5,Left,Left,709,170,140,0,nan,nan,0.26
4/24/2026 1:24:18,1.17.3,FR5,67,4.05,nan,5,Left,Left,710,170,140,0,nan,nan,0.22
4/24/2026 1:24:19,1.17.3,FR5,67,4.05,1,5,Pellet,Left,710,170,141,0,0.17,13,nan
4/24/2026 1:24:25,1.17.3,FR5,67,4.06,nan,5,Left,Left,711,170,141,0,nan,nan,0.22
4/24/2026 1:24:27,1.17.3,FR5,67,4.05,nan,5,Left,Left,712,170,141,0,nan,nan,0.28
4/24/2026 1:24:29,1.17.3,FR5,67,4.05,nan,5,Left,Left,713,170,141,0,nan,nan,0.31
4/24/2026 1:24:30,1.17.3,FR5,67,4.05,nan,5,Left,Left,714,170,141,0,nan,nan,0.91
4/24/2026 1:24:32,1.17.3,FR5,67,4.05,nan,5,Left,Left,715,170,141,0,nan,nan,0.23
4/24/2026 1:24:33,1.17.3,FR5,67,4.05,1,5,Pellet,Left,715,170,142,0,0.41,14,nan
4/24/2026 1:24:49,1.17.3,FR5,67,4.05,nan,5,Left,Left,716,170,142,0,nan,nan,0.13
4/24/2026 1:24:50,1.17.3,FR5,67,4.05,nan,5,Left,Left,717,170,142,0,nan,nan,0.00
4/24/2026 1:24:51,1.17.3,FR5,67,4.05,nan,5,Left,Left,718,170,142,0,nan,nan,0.36
4/24/2026 1:24:52,1.17.3,FR5,67,4.05,nan,5,Left,Left,719,170,142,0,nan,nan,0.49
4/24/2026 1:24:53,1.17.3,FR5,67,4.05,nan,5,Left,Left,720,170,142,0,nan,nan,0.29
4/24/2026 1:24:55,1.17.3,FR5,67,4.05,2,5,Pellet,Left,720,170,143,0,0.35,22,nan
4/24/2026 1:25:14,1.17.3,FR5,67,4.05,nan,5,Left,Left,721,170,143,0,nan,nan,0.19
4/24/2026 1:25:15,1.17.3,FR5,67,4.05,nan,5,Left,Left,722,170,143,0,nan,nan,0.04
4/24/2026 1:25:16,1.17.3,FR5,67,4.05,nan,5,Left,Left,723,170,143,0,nan,nan,0.19
4/24/2026 1:25:30,1.17.3,FR5,67,4.05,nan,5,Left,Left,724,170,143,0,nan,nan,0.17
4/24/2026 1:25:31,1.17.3,FR5,67,4.05,nan,5,Left,Left,725,170,143,0,nan,nan,0.17
4/24/2026 1:25:32,1.17.3,FR5,67,4.05,1,5,Pellet,Left,725,170,144,0,0.12,37,nan
4/24/2026 1:25:40,1.17.3,FR5,67,4.05,nan,5,Left,Left,726,170,144,0,nan,nan,0.08
4/24/2026 1:25:42,1.17.3,FR5,67,4.05,nan,5,Left,Left,727,170,144,0,nan,nan,0.10
4/24/2026 1:25:42,1.17.3,FR5,67,4.05,nan,5,Left,Left,728,170,144,0,nan,nan,0.24
4/24/2026 1:25:45,1.17.3,FR5,67,4.05,nan,5,Left,Left,729,170,144,0,nan,nan,0.13
4/24/2026 1:25:51,1.17.3,FR5,67,4.05,nan,5,Left,Left,730,170,144,0,nan,nan,0.05
4/24/2026 1:25:52,1.17.3,FR5,67,4.05,nan,5,LeftDuringDispense,Left,731,170,144,0,nan,nan,0.31
4/24/2026 1:25:55,1.17.3,FR5,67,4.05,3,5,Pellet,Left,731,170,145,0,0.17,23,nan
4/24/2026 1:26:06,1.17.3,FR5,67,4.05,nan,5,Left,Left,732,170,145,0,nan,nan,0.03
4/24/2026 1:26:07,1.17.3,FR5,67,4.05,nan,5,Left,Left,733,170,145,0,nan,nan,0.25
4/24/2026 1:26:09,1.17.3,FR5,67,4.05,nan,5,Left,Left,734,170,145,0,nan,nan,0.30
4/24/2026 1:26:10,1.17.3,FR5,67,4.05,nan,5,Left,Left,735,170,145,0,nan,nan,0.33
4/24/2026 1:26:11,1.17.3,FR5,67,4.05,1,5,Pellet,Left,735,170,146,0,0.77,16,nan
4/24/2026 1:44:08,1.17.3,FR5,67,4.05,nan,5,Right,Left,735,171,146,0,nan,nan,0.05
4/24/2026 1:44:10,1.17.3,FR5,67,4.05,nan,5,Left,Left,736,171,146,0,nan,nan,0.09
4/24/2026 1:47:28,1.17.3,FR5,67,4.05,nan,5,Left,Left,737,171,146,0,nan,nan,0.13
4/24/2026 1:51:42,1.17.3,FR5,67,4.05,nan,5,Right,Left,737,172,146,0,nan,nan,0.33
4/24/2026 1:51:46,1.17.3,FR5,67,4.05,nan,5,Left,Left,738,172,146,0,nan,nan,0.21
4/24/2026 1:55:31,1.17.3,FR5,67,4.05,nan,5,Left,Left,739,172,146,0,nan,nan,0.14
4/24/2026 1:55:32,1.17.3,FR5,67,4.05,nan,5,Left,Left,740,172,146,0,nan,nan,0.14
4/24/2026 1:55:35,1.17.3,FR5,67,4.05,1,5,Pellet,Left,740,172,147,0,2.21,1764,nan
4/24/2026 1:56:00,1.17.3,FR5,67,4.05,nan,5,Left,Left,741,172,147,0,nan,nan,0.20
4/24/2026 1:56:01,1.17.3,FR5,67,4.05,nan,5,Left,Left,742,172,147,0,nan,nan,0.20
4/24/2026 1:56:02,1.17.3,FR5,67,4.05,nan,5,Left,Left,743,172,147,0,nan,nan,0.16
4/24/2026 1:56:04,1.17.3,FR5,67,4.05,nan,5,Left,Left,744,172,147,0,nan,nan,0.17
4/24/2026 1:58:43,1.17.3,FR5,67,4.05,nan,5,Left,Left,745,172,147,0,nan,nan,0.18
4/24/2026 1:58:44,1.17.3,FR5,67,4.05,1,5,Pellet,Left,745,172,148,0,0.29,189,nan
4/24/2026 2:26:16,1.17.3,FR5,67,4.05,nan,5,Left,Left,746,172,148,0,nan,nan,0.26
4/24/2026 2:26:19,1.17.3,FR5,67,4.05,nan,5,Left,Left,747,172,148,0,nan,nan,0.16
4/24/2026 2:26:21,1.17.3,FR5,67,4.05,nan,5,Left,Left,748,172,148,0,nan,nan,0.50
4/24/2026 2:26:29,1.17.3,FR5,67,4.05,nan,5,Left,Left,749,172,148,0,nan,nan,0.16
4/24/2026 2:26:29,1.17.3,FR5,67,4.05,nan,5,Left,Left,750,172,148,0,nan,nan,0.00
4/24/2026 2:26:30,1.17.3,FR5,67,4.05,1,5,Pellet,Left,750,172,149,0,0.17,1666,nan
4/24/2026 2:26:46,1.17.3,FR5,67,4.05,nan,5,Left,Left,751,172,149,0,nan,nan,0.09
4/24/2026 3:05:04,1.17.3,FR5,67,4.05,nan,5,Left,Left,752,172,149,0,nan,nan,0.13
4/24/2026 3:05:06,1.17.3,FR5,67,4.05,nan,5,Left,Left,753,172,149,0,nan,nan,0.14
4/24/2026 3:05:08,1.17.3,FR5,67,4.05,nan,5,Left,Left,754,172,149,0,nan,nan,0.25
4/24/2026 3:05:14,1.17.3,FR5,67,4.05,nan,5,Left,Left,755,172,149,0,nan,nan,0.14
4/24/2026 3:05:15,1.17.3,FR5,67,4.05,nan,5,LeftDuringDispense,Left,756,172,149,0,nan,nan,0.12
4/24/2026 3:05:21,1.17.3,FR5,67,4.05,3,5,Pellet,Left,756,172,150,0,2.69,2331,nan
4/24/2026 3:05:32,1.17.3,FR5,67,4.05,nan,5,Left,Left,757,172,150,0,nan,nan,0.11
4/24/2026 3:05:33,1.17.3,FR5,67,4.05,nan,5,Left,Left,758,172,150,0,nan,nan,0.23
4/24/2026 3:05:34,1.17.3,FR5,67,4.05,nan,5,Left,Left,759,172,150,0,nan,nan,0.24
4/24/2026 3:05:41,1.17.3,FR5,67,4.05,nan,5,Left,Left,760,172,150,0,nan,nan,0.04
4/24/2026 3:05:42,1.17.3,FR5,67,4.05,2,5,Pellet,Left,760,172,151,0,0.12,21,nan
4/24/2026 3:05:47,1.17.3,FR5,67,4.05,nan,5,Left,Left,761,172,151,0,nan,nan,0.06
4/24/2026 3:05:49,1.17.3,FR5,67,4.05,nan,5,Left,Left,762,172,151,0,nan,nan,0.57
4/24/2026 3:23:46,1.17.3,FR5,67,4.05,nan,5,Left,Left,763,172,151,0,nan,nan,0.15
4/24/2026 3:29:26,1.17.3,FR5,67,4.05,nan,5,Right,Left,763,173,151,0,nan,nan,0.10
4/24/2026 3:29:32,1.17.3,FR5,67,4.05,nan,5,Left,Left,764,173,151,0,nan,nan,0.04
4/24/2026 3:29:52,1.17.3,FR5,67,4.05,nan,5,Left,Left,765,173,151,0,nan,nan,0.31
4/24/2026 3:29:53,1.17.3,FR5,67,4.05,2,5,Pellet,Left,765,173,152,0,0.29,1451,nan
4/24/2026 3:30:29,1.17.3,FR5,67,4.05,nan,5,Left,Left,766,173,152,0,nan,nan,0.24
4/24/2026 3:30:34,1.17.3,FR5,67,4.05,nan,5,Left,Left,767,173,152,0,nan,nan,0.17
4/24/2026 3:30:36,1.17.3,FR5,67,4.05,nan,5,Left,Left,768,173,152,0,nan,nan,0.16
4/24/2026 3:30:38,1.17.3,FR5,67,4.05,nan,5,Left,Left,769,173,152,0,nan,nan,0.01
4/24/2026 3:30:39,1.17.3,FR5,67,4.05,nan,5,Left,Left,770,173,152,0,nan,nan,0.16
4/24/2026 3:30:40,1.17.3,FR5,67,4.05,1,5,Pellet,Left,770,173,153,0,0.23,47,nan
4/24/2026 3:32:43,1.17.3,FR5,67,4.05,nan,5,Left,Left,771,173,153,0,nan,nan,0.11
4/24/2026 3:38:54,1.17.3,FR5,67,4.05,nan,5,Left,Left,772,173,153,0,nan,nan,0.05
4/24/2026 3:38:56,1.17.3,FR5,67,4.05,nan,5,Left,Left,773,173,153,0,nan,nan,0.02
4/24/2026 3:38:57,1.17.3,FR5,67,4.05,nan,5,Left,Left,774,173,153,0,nan,nan,0.12
4/24/2026 3:38:59,1.17.3,FR5,67,4.05,nan,5,Left,Left,775,173,153,0,nan,nan,0.11
4/24/2026 3:39:00,1.17.3,FR5,67,4.05,1,5,Pellet,Left,775,173,154,0,0.17,500,nan
4/24/2026 3:40:51,1.17.3,FR5,67,4.05,nan,5,Left,Left,776,173,154,0,nan,nan,0.10
4/24/2026 3:44:46,1.17.3,FR5,67,4.05,nan,5,Right,Left,776,174,154,0,nan,nan,0.13
4/24/2026 3:44:50,1.17.3,FR5,67,4.05,nan,5,Left,Left,777,174,154,0,nan,nan,0.18
4/24/2026 3:44:51,1.17.3,FR5,67,4.05,nan,5,Left,Left,778,174,154,0,nan,nan,0.00
4/24/2026 3:44:52,1.17.3,FR5,67,4.05,nan,5,Left,Left,779,174,154,0,nan,nan,0.07
4/24/2026 4:26:21,1.17.3,FR5,67,4.04,nan,5,Left,Left,780,174,154,0,nan,nan,0.24
4/24/2026 4:26:22,1.17.3,FR5,67,4.05,1,5,Pellet,Left,780,174,155,0,0.35,2842,nan
4/24/2026 4:26:27,1.17.3,FR5,67,4.05,nan,5,Left,Left,781,174,155,0,nan,nan,0.22
4/24/2026 4:26:29,1.17.3,FR5,67,4.05,nan,5,Left,Left,782,174,155,0,nan,nan,0.22
4/24/2026 4:26:30,1.17.3,FR5,67,4.05,nan,5,Left,Left,783,174,155,0,nan,nan,0.35
4/24/2026 4:26:32,1.17.3,FR5,67,4.05,nan,5,Left,Left,784,174,155,0,nan,nan,0.16
4/24/2026 4:26:33,1.17.3,FR5,67,4.05,nan,5,Left,Left,785,174,155,0,nan,nan,0.23
4/24/2026 4:26:35,1.17.3,FR5,67,4.05,1,5,Pellet,Left,785,174,156,0,0.89,13,nan
4/24/2026 4:26:48,1.17.3,FR5,67,4.05,nan,5,Left,Left,786,174,156,0,nan,nan,0.12
4/24/2026 4:26:49,1.17.3,FR5,67,4.05,nan,5,Left,Left,787,174,156,0,nan,nan,0.20
4/24/2026 4:27:00,1.17.3,FR5,67,4.05,nan,5,Left,Left,788,174,156,0,nan,nan,0.60
4/24/2026 4:27:01,1.17.3,FR5,67,4.05,nan,5,Left,Left,789,174,156,0,nan,nan,0.23
4/24/2026 4:27:04,1.17.3,FR5,67,4.05,nan,5,Left,Left,790,174,156,0,nan,nan,0.23
4/24/2026 4:27:05,1.17.3,FR5,67,4.05,1,5,Pellet,Left,790,174,157,0,0.53,30,nan
4/24/2026 4:30:38,1.17.3,FR5,67,4.05,nan,5,Left,Left,791,174,157,0,nan,nan,0.17
4/24/2026 4:30:42,1.17.3,FR5,67,4.05,nan,5,Right,Left,791,175,157,0,nan,nan,0.09
4/24/2026 4:35:57,1.17.3,FR5,67,4.05,nan,5,Right,Left,791,176,157,0,nan,nan,0.06
4/24/2026 4:35:59,1.17.3,FR5,67,4.05,nan,5,Left,Left,792,176,157,0,nan,nan,0.08
4/24/2026 4:36:02,1.17.3,FR5,67,4.05,nan,5,Left,Left,793,176,157,0,nan,nan,0.16
4/24/2026 4:39:57,1.17.3,FR5,67,4.05,nan,5,Left,Left,794,176,157,0,nan,nan,0.32
4/24/2026 4:40:05,1.17.3,FR5,67,4.05,nan,5,Left,Left,795,176,157,0,nan,nan,0.21
4/24/2026 4:40:06,1.17.3,FR5,67,4.05,1,5,Pellet,Left,795,176,158,0,0.17,781,nan
4/24/2026 4:45:24,1.17.3,FR5,67,4.05,nan,5,Right,Left,795,177,158,0,nan,nan,0.11
4/24/2026 4:48:22,1.17.3,FR5,67,4.05,nan,5,Left,Left,796,177,158,0,nan,nan,0.01
4/24/2026 4:50:00,1.17.3,FR5,67,4.05,nan,5,Left,Left,797,177,158,0,nan,nan,0.20
4/24/2026 4:50:01,1.17.3,FR5,67,4.05,nan,5,Left,Left,798,177,158,0,nan,nan,0.16
4/24/2026 4:50:03,1.17.3,FR5,67,4.05,nan,5,Left,Left,799,177,158,0,nan,nan,0.05
4/24/2026 4:50:04,1.17.3,FR5,67,4.05,nan,5,Left,Left,800,177,158,0,nan,nan,0.00
4/24/2026 4:50:05,1.17.3,FR5,67,4.05,1,5,Pellet,Left,800,177,159,0,0.35,599,nan
4/24/2026 4:50:11,1.17.3,FR5,67,4.05,nan,5,Left,Left,801,177,159,0,nan,nan,0.03
4/24/2026 4:50:12,1.17.3,FR5,67,4.05,nan,5,Left,Left,802,177,159,0,nan,nan,0.01
4/24/2026 4:50:13,1.17.3,FR5,67,4.05,nan,5,Left,Left,803,177,159,0,nan,nan,0.02
4/24/2026 4:50:14,1.17.3,FR5,67,4.05,nan,5,Left,Left,804,177,159,0,nan,nan,0.09
4/24/2026 4:50:16,1.17.3,FR5,67,4.05,nan,5,Left,Left,805,177,159,0,nan,nan,0.14
4/24/2026 4:50:17,1.17.3,FR5,67,4.05,1,5,Pellet,Left,805,177,160,0,0.23,12,nan
4/24/2026 4:50:34,1.17.3,FR5,67,4.05,nan,5,Left,Left,806,177,160,0,nan,nan,0.09
4/24/2026 4:50:38,1.17.3,FR5,67,4.05,nan,5,Left,Left,807,177,160,0,nan,nan,0.15
4/24/2026 4:50:40,1.17.3,FR5,67,4.05,nan,5,Left,Left,808,177,160,0,nan,nan,0.10
4/24/2026 4:50:41,1.17.3,FR5,67,4.05,nan,5,Left,Left,809,177,160,0,nan,nan,0.06
4/24/2026 4:50:42,1.17.3,FR5,67,4.05,nan,5,Left,Left,810,177,160,0,nan,nan,0.39
4/24/2026 4:50:43,1.17.3,FR5,67,4.05,1,5,Pellet,Left,810,177,161,0,0.17,26,nan
4/24/2026 4:56:31,1.17.3,FR5,67,4.05,nan,5,Left,Left,811,177,161,0,nan,nan,0.02
4/24/2026 5:01:33,1.17.3,FR5,67,4.05,nan,5,Right,Left,811,178,161,0,nan,nan,0.64
4/24/2026 5:01:33,1.17.3,FR5,67,4.05,nan,5,Right,Left,811,179,161,0,nan,nan,0.06
4/24/2026 5:01:36,1.17.3,FR5,67,4.05,nan,5,Right,Left,811,180,161,0,nan,nan,0.94
4/24/2026 5:01:38,1.17.3,FR5,67,4.05,nan,5,Right,Left,811,181,161,0,nan,nan,0.50
4/24/2026 5:01:40,1.17.3,FR5,67,4.05,nan,5,Right,Left,811,182,161,0,nan,nan,0.41
4/24/2026 5:01:41,1.17.3,FR5,67,4.05,nan,5,Right,Left,811,183,161,0,nan,nan,0.00
4/24/2026 5:01:43,1.17.3,FR5,67,4.04,nan,5,Right,Left,811,184,161,0,nan,nan,0.28
4/24/2026 5:01:44,1.17.3,FR5,67,4.05,nan,5,Right,Left,811,185,161,0,nan,nan,0.16
4/24/2026 5:01:46,1.17.3,FR5,67,4.05,nan,5,Left,Left,812,185,161,0,nan,nan,0.13
4/24/2026 5:01:48,1.17.3,FR5,67,4.05,nan,5,Left,Left,813,185,161,0,nan,nan,0.06
4/24/2026 5:01:49,1.17.3,FR5,67,4.05,nan,5,Left,Left,814,185,161,0,nan,nan,0.13
4/24/2026 5:01:55,1.17.3,FR5,67,4.05,nan,5,Left,Left,815,185,161,0,nan,nan,0.00
4/24/2026 5:01:56,1.17.3,FR5,67,4.05,1,5,Pellet,Left,815,185,162,0,0.35,673,nan
4/24/2026 5:07:15,1.17.3,FR5,67,4.05,nan,5,Right,Left,815,186,162,0,nan,nan,0.02
4/24/2026 5:07:16,1.17.3,FR5,67,4.05,nan,5,Right,Left,815,187,162,0,nan,nan,0.04
4/24/2026 5:10:08,1.17.3,FR5,67,4.05,nan,5,Left,Left,816,187,162,0,nan,nan,0.04
4/24/2026 5:14:06,1.17.3,FR5,67,4.05,nan,5,Left,Left,817,187,162,0,nan,nan,0.19
4/24/2026 5:42:02,1.17.3,FR5,67,4.05,nan,5,Right,Left,817,188,162,0,nan,nan,0.47
4/24/2026 5:42:06,1.17.3,FR5,67,4.05,nan,5,Right,Left,817,189,162,0,nan,nan,0.81
4/24/2026 5:42:10,1.17.3,FR5,67,4.05,nan,5,Left,Left,818,189,162,0,nan,nan,0.18
4/24/2026 5:42:12,1.17.3,FR5,67,4.05,nan,5,Left,Left,819,189,162,0,nan,nan,0.13
4/24/2026 5:42:13,1.17.3,FR5,67,4.05,nan,5,Left,Left,820,189,162,0,nan,nan,0.32
4/24/2026 5:42:14,1.17.3,FR5,67,4.05,1,5,Pellet,Left,820,189,163,0,0.35,2418,nan
4/24/2026 5:42:22,1.17.3,FR5,67,4.05,nan,5,Left,Left,821,189,163,0,nan,nan,0.29
4/24/2026 5:42:37,1.17.3,FR5,67,4.04,nan,5,Left,Left,822,189,163,0,nan,nan,0.18
4/24/2026 5:46:57,1.17.3,FR5,67,4.05,nan,5,Right,Left,822,190,163,0,nan,nan,0.46
4/24/2026 5:48:28,1.17.3,FR5,67,4.05,nan,5,Left,Left,823,190,163,0,nan,nan,0.25
4/24/2026 5:48:32,1.17.3,FR5,67,4.05,nan,5,Left,Left,824,190,163,0,nan,nan,0.03
4/24/2026 5:48:34,1.17.3,FR5,67,4.05,nan,5,Left,Left,825,190,163,0,nan,nan,0.18
4/24/2026 5:48:35,1.17.3,FR5,67,4.05,1,5,Pellet,Left,825,190,164,0,0.23,381,nan
4/24/2026 5:51:25,1.17.3,FR5,67,4.05,nan,5,Left,Left,826,190,164,0,nan,nan,0.12
4/24/2026 5:58:58,1.17.3,FR5,67,4.05,nan,5,Left,Left,827,190,164,0,nan,nan,0.21
4/24/2026 5:59:02,1.17.3,FR5,67,4.05,nan,5,Left,Left,828,190,164,0,nan,nan,0.29
4/24/2026 6:06:00,1.17.3,FR5,67,4.05,nan,5,Left,Left,829,190,164,0,nan,nan,0.08
4/24/2026 6:06:02,1.17.3,FR5,67,4.05,nan,5,Left,Left,830,190,164,0,nan,nan,0.12
4/24/2026 6:06:03,1.17.3,FR5,67,4.05,1,5,Pellet,Left,830,190,165,0,0.12,1048,nan
4/24/2026 6:33:37,1.17.3,FR5,67,4.05,nan,5,Left,Left,831,190,165,0,nan,nan,0.13
4/24/2026 6:33:38,1.17.3,FR5,67,4.05,nan,5,Left,Left,832,190,165,0,nan,nan,0.13
4/24/2026 6:33:40,1.17.3,FR5,67,4.05,nan,5,Left,Left,833,190,165,0,nan,nan,0.27
4/24/2026 6:34:00,1.17.3,FR5,67,4.05,nan,5,Left,Left,834,190,165,0,nan,nan,0.25
4/24/2026 6:34:02,1.17.3,FR5,67,4.05,nan,5,Left,Left,835,190,165,0,nan,nan,0.19
4/24/2026 6:34:03,1.17.3,FR5,67,4.05,1,5,Pellet,Left,835,190,166,0,0.53,1680,nan
4/24/2026 6:34:10,1.17.3,FR5,67,4.05,nan,5,Left,Left,836,190,166,0,nan,nan,0.10
4/24/2026 6:34:13,1.17.3,FR5,67,4.05,nan,5,Left,Left,837,190,166,0,nan,nan,0.24
4/24/2026 6:34:14,1.17.3,FR5,67,4.05,nan,5,Left,Left,838,190,166,0,nan,nan,0.16
4/24/2026 6:34:16,1.17.3,FR5,67,4.04,nan,5,Left,Left,839,190,166,0,nan,nan,0.52
4/24/2026 6:34:18,1.17.3,FR5,67,4.05,nan,5,Left,Left,840,190,166,0,nan,nan,0.26
4/24/2026 6:34:19,1.17.3,FR5,67,4.05,1,5,Pellet,Left,840,190,167,0,0.12,16,nan
4/24/2026 6:41:35,1.17.3,FR5,67,4.05,nan,5,Left,Left,841,190,167,0,nan,nan,0.03
4/24/2026 6:42:51,1.17.3,FR5,67,4.05,nan,5,Left,Left,842,190,167,0,nan,nan,0.17
4/24/2026 6:44:24,1.17.3,FR5,67,4.05,nan,5,Left,Left,843,190,167,0,nan,nan,0.28
4/24/2026 6:44:25,1.17.3,FR5,67,4.05,nan,5,Left,Left,844,190,167,0,nan,nan,0.03
4/24/2026 6:44:31,1.17.3,FR5,67,4.04,nan,5,Left,Left,845,190,167,0,nan,nan,0.01
4/24/2026 6:44:32,1.17.3,FR5,67,4.05,1,5,Pellet,Left,845,190,168,0,0.23,613,nan
4/24/2026 6:55:38,1.17.3,FR5,67,4.05,nan,5,Right,Left,845,191,168,0,nan,nan,0.09
4/24/2026 6:57:04,1.17.3,FR5,67,4.05,nan,5,Right,Left,845,192,168,0,nan,nan,0.09
4/24/2026 6:57:04,1.17.3,FR5,67,4.05,nan,5,Right,Left,845,193,168,0,nan,nan,0.00
4/24/2026 6:57:14,1.17.3,FR5,67,4.04,nan,5,Right,Left,845,194,168,0,nan,nan,0.93
4/24/2026 6:57:24,1.17.3,FR5,67,4.05,nan,5,Right,Left,845,195,168,0,nan,nan,0.04
4/24/2026 6:59:08,1.17.3,FR5,67,4.05,nan,5,Left,Left,846,195,168,0,nan,nan,0.21
4/24/2026 6:59:10,1.17.3,FR5,67,4.05,nan,5,Left,Left,847,195,168,0,nan,nan,0.03
4/24/2026 6:59:18,1.17.3,FR5,67,4.05,nan,5,Left,Left,848,195,168,0,nan,nan,0.04
4/24/2026 8:09:52,1.17.3,FR5,67,4.05,nan,5,Left,Left,849,195,168,0,nan,nan,0.06
4/24/2026 8:09:53,1.17.3,FR5,67,4.05,nan,5,Left,Left,850,195,168,0,nan,nan,0.18
4/24/2026 8:09:54,1.17.3,FR5,67,4.04,1,5,Pellet,Left,850,195,169,0,0.53,5122,nan
4/24/2026 8:10:03,1.17.3,FR5,67,4.04,nan,5,Left,Left,851,195,169,0,nan,nan,0.44
4/24/2026 8:10:04,1.17.3,FR5,67,4.05,nan,5,Left,Left,852,195,169,0,nan,nan,0.42
4/24/2026 8:10:05,1.17.3,FR5,67,4.05,nan,5,Left,Left,853,195,169,0,nan,nan,0.00
4/24/2026 8:10:06,1.17.3,FR5,67,4.04,nan,5,Left,Left,854,195,169,0,nan,nan,0.30
4/24/2026 8:10:08,1.17.3,FR5,67,4.05,nan,5,Left,Left,855,195,169,0,nan,nan,0.03
4/24/2026 8:10:08,1.17.3,FR5,67,4.04,nan,5,LeftDuringDispense,Left,856,195,169,0,nan,nan,0.09
4/24/2026 8:10:11,1.17.3,FR5,67,4.04,2,5,Pellet,Left,856,195,170,0,0.35,17,nan
4/24/2026 8:10:28,1.17.3,FR5,67,4.05,nan,5,Left,Left,857,195,170,0,nan,nan,0.55
4/24/2026 8:10:36,1.17.3,FR5,67,4.04,nan,5,Left,Left,858,195,170,0,nan,nan,0.43
4/24/2026 8:10:39,1.17.3,FR5,67,4.05,nan,5,Left,Left,859,195,170,0,nan,nan,0.46
4/24/2026 8:10:43,1.17.3,FR5,67,4.04,nan,5,Left,Left,860,195,170,0,nan,nan,0.12
4/24/2026 8:10:44,1.17.3,FR5,67,4.05,2,5,Pellet,Left,860,195,171,0,0.23,33,nan
4/24/2026 8:10:49,1.17.3,FR5,67,4.05,nan,5,Left,Left,861,195,171,0,nan,nan,0.16
4/24/2026 8:10:51,1.17.3,FR5,67,4.05,nan,5,Left,Left,862,195,171,0,nan,nan,0.42
4/24/2026 8:10:54,1.17.3,FR5,67,4.04,nan,5,Left,Left,863,195,171,0,nan,nan,0.09
4/24/2026 8:11:34,1.17.3,FR5,67,4.05,nan,5,Left,Left,864,195,171,0,nan,nan,0.45
4/24/2026 8:11:38,1.17.3,FR5,67,4.04,nan,5,Left,Left,865,195,171,0,nan,nan,0.19
4/24/2026 8:11:39,1.17.3,FR5,67,4.04,1,5,Pellet,Left,865,195,172,0,0.29,55,nan
4/24/2026 9:22:40,1.17.3,FR5,67,4.05,nan,5,Left,Left,866,195,172,0,nan,nan,0.12
4/24/2026 9:22:45,1.17.3,FR5,67,4.04,nan,5,Left,Left,867,195,172,0,nan,nan,0.30
4/24/2026 9:22:48,1.17.3,FR5,67,4.05,nan,5,Left,Left,868,195,172,0,nan,nan,0.16
4/24/2026 9:22:49,1.17.3,FR5,67,4.04,nan,5,Left,Left,869,195,172,0,nan,nan,0.25
4/24/2026 9:22:52,1.17.3,FR5,67,4.05,nan,5,Left,Left,870,195,172,0,nan,nan,0.14
4/24/2026 9:22:52,1.17.3,FR5,67,4.04,nan,5,LeftDuringDispense,Left,871,195,172,0,nan,nan,0.18
4/24/2026 9:22:56,1.17.3,FR5,67,4.04,2,5,Pellet,Left,871,195,173,0,0.53,4277,nan
4/24/2026 9:23:59,1.17.3,FR5,67,4.04,nan,5,Left,Left,872,195,173,0,nan,nan,0.28
4/24/2026 9:24:01,1.17.3,FR5,67,4.04,nan,5,Left,Left,873,195,173,0,nan,nan,0.29
4/24/2026 9:24:10,1.17.3,FR5,67,4.04,nan,5,Left,Left,874,195,173,0,nan,nan,1.47
4/24/2026 10:41:30,1.17.3,FR5,67,4.04,nan,5,Left,Left,875,195,173,0,nan,nan,0.15
4/24/2026 10:41:31,1.17.3,FR5,67,4.05,1,5,Pellet,Left,875,195,174,0,0.23,4715,nan
4/24/2026 10:41:40,1.17.3,FR5,67,4.04,nan,5,Left,Left,876,195,174,0,nan,nan,0.13
4/24/2026 10:41:43,1.17.3,FR5,67,4.03,nan,5,Left,Left,877,195,174,0,nan,nan,0.33
4/24/2026 10:41:43,1.17.3,FR5,67,4.04,nan,5,Left,Left,878,195,174,0,nan,nan,0.20
4/24/2026 10:41:45,1.17.3,FR5,67,4.04,nan,5,Left,Left,879,195,174,0,nan,nan,0.16
4/24/2026 10:41:47,1.17.3,FR5,67,4.05,nan,5,Left,Left,880,195,174,0,nan,nan,0.20
4/24/2026 10:41:48,1.17.3,FR5,67,4.05,1,5,Pellet,Left,880,195,175,0,0.53,17,nan
4/24/2026 10:41:58,1.17.3,FR5,67,4.04,nan,5,Left,Left,881,195,175,0,nan,nan,0.35
4/24/2026 10:42:07,1.17.3,FR5,67,4.04,nan,5,Left,Left,882,195,175,0,nan,nan,0.43
4/24/2026 10:42:16,1.17.3,FR5,67,4.05,nan,5,Left,Left,883,195,175,0,nan,nan,0.25
4/24/2026 10:42:20,1.17.3,FR5,67,4.04,nan,5,Left,Left,884,195,175,0,nan,nan,0.49
4/24/2026 10:42:21,1.17.3,FR5,67,4.05,nan,5,Left,Left,885,195,175,0,nan,nan,0.29
4/24/2026 10:42:22,1.17.3,FR5,67,4.04,1,5,Pellet,Left,885,195,176,0,0.23,34,nan
4/24/2026 10:42:27,1.17.3,FR5,67,4.04,nan,5,Left,Left,886,195,176,0,nan,nan,0.03
4/24/2026 10:42:29,1.17.3,FR5,67,4.04,nan,5,Left,Left,887,195,176,0,nan,nan,0.97
4/24/2026 10:42:31,1.17.3,FR5,67,4.04,nan,5,Left,Left,888,195,176,0,nan,nan,0.14
4/24/2026 10:42:33,1.17.3,FR5,67,4.04,nan,5,Left,Left,889,195,176,0,nan,nan,0.17
4/24/2026 10:42:33,1.17.3,FR5,67,4.04,nan,5,Left,Left,890,195,176,0,nan,nan,0.02
4/24/2026 10:42:34,1.17.3,FR5,67,4.03,nan,5,LeftDuringDispense,Left,891,195,176,0,nan,nan,0.01
4/24/2026 10:42:34,1.17.3,FR5,67,4.05,nan,5,LeftDuringDispense,Left,892,195,176,0,nan,nan,0.14
4/24/2026 10:42:37,1.17.3,FR5,67,4.04,2,5,Pellet,Left,892,195,177,0,0.17,15,nan
4/24/2026 10:43:06,1.17.3,FR5,67,4.04,nan,5,Left,Left,893,195,177,0,nan,nan,0.25
4/24/2026 10:43:08,1.17.3,FR5,67,4.04,nan,5,Left,Left,894,195,177,0,nan,nan,0.49
4/24/2026 12:06:53,1.17.3,FR5,67,4.04,nan,5,Right,Left,894,196,177,0,nan,nan,0.12
4/24/2026 12:08:33,1.17.3,FR5,67,4.04,nan,5,Left,Left,895,196,177,0,nan,nan,0.09
4/24/2026 12:08:34,1.17.3,FR5,67,4.05,nan,5,LeftDuringDispense,Left,896,196,177,0,nan,nan,0.47
4/24/2026 12:08:37,1.17.3,FR5,67,4.04,2,5,Pellet,Left,896,196,178,0,0.06,5160,nan
4/24/2026 12:16:50,1.17.3,FR5,67,4.04,nan,5,Right,Left,896,197,178,0,nan,nan,3.40
4/24/2026 12:16:59,1.17.3,FR5,67,4.04,nan,5,Right,Left,896,198,178,0,nan,nan,0.04
4/24/2026 14:15:02,1.17.3,FR5,67,4.04,nan,5,Left,Left,897,198,178,0,nan,nan,0.19
4/24/2026 14:15:06,1.17.3,FR5,67,4.04,nan,5,Left,Left,898,198,178,0,nan,nan,0.31
4/24/2026 14:15:07,1.17.3,FR5,67,4.04,nan,5,Left,Left,899,198,178,0,nan,nan,0.20
4/24/2026 14:15:13,1.17.3,FR5,67,4.03,nan,5,Left,Left,900,198,178,0,nan,nan,0.19
4/24/2026 14:15:14,1.17.3,FR5,67,4.04,1,5,Pellet,Left,900,198,179,0,0.35,7597,nan
4/24/2026 14:15:37,1.17.3,FR5,67,4.03,nan,5,Left,Left,901,198,179,0,nan,nan,0.42
4/24/2026 14:15:39,1.17.3,FR5,67,4.03,nan,5,Left,Left,902,198,179,0,nan,nan,0.42
4/24/2026 14:15:40,1.17.3,FR5,67,4.04,nan,5,Left,Left,903,198,179,0,nan,nan,0.18
4/24/2026 14:15:46,1.17.3,FR5,67,4.03,nan,5,Left,Left,904,198,179,0,nan,nan,0.07
4/24/2026 15:37:28,1.17.3,FR5,67,4.03,nan,5,Left,Left,905,198,179,0,nan,nan,0.24
4/24/2026 15:37:28,1.17.3,FR5,67,4.03,nan,5,LeftDuringDispense,Left,906,198,179,0,nan,nan,0.04
4/24/2026 15:37:31,1.17.3,FR5,67,4.03,nan,5,LeftWithPellet,Left,907,198,179,0,nan,nan,0.05
4/24/2026 15:37:33,1.17.3,FR5,67,4.03,2,5,Pellet,Left,907,198,180,0,1.76,4939,nan
4/24/2026 15:37:45,1.17.3,FR5,67,4.03,nan,5,Left,Left,908,198,180,0,nan,nan,0.34
4/24/2026 15:37:45,1.17.3,FR5,67,4.03,nan,5,Left,Left,909,198,180,0,nan,nan,0.00
4/24/2026 15:37:46,1.17.3,FR5,67,4.03,nan,5,Left,Left,910,198,180,0,nan,nan,0.08
4/24/2026 15:37:48,1.17.3,FR5,67,4.03,1,5,Pellet,Left,910,198,181,0,0.65,15,nan
4/24/2026 15:37:57,1.17.3,FR5,67,4.03,nan,5,Left,Left,911,198,181,0,nan,nan,0.13
4/24/2026 15:37:58,1.17.3,FR5,67,4.03,nan,5,Left,Left,912,198,181,0,nan,nan,0.00
4/24/2026 15:38:00,1.17.3,FR5,67,4.03,nan,5,Left,Left,913,198,181,0,nan,nan,0.35
4/24/2026 15:38:04,1.17.3,FR5,67,4.03,nan,5,Left,Left,914,198,181,0,nan,nan,0.50
4/24/2026 15:38:05,1.17.3,FR5,67,4.03,nan,5,Left,Left,915,198,181,0,nan,nan,0.16
4/24/2026 15:38:05,1.17.3,FR5,67,4.04,nan,5,LeftDuringDispense,Left,916,198,181,0,nan,nan,0.05
4/24/2026 15:38:09,1.17.3,FR5,67,4.03,2,5,Pellet,Left,916,198,182,0,0.77,21,nan
4/24/2026 15:38:22,1.17.3,FR5,67,4.03,nan,5,Left,Left,917,198,182,0,nan,nan,0.64
4/24/2026 15:38:23,1.17.3,FR5,67,4.03,nan,5,Left,Left,918,198,182,0,nan,nan,0.01
4/24/2026 15:38:29,1.17.3,FR5,67,4.03,nan,5,Left,Left,919,198,182,0,nan,nan,0.00
4/24/2026 15:38:44,1.17.3,FR5,67,4.03,nan,5,Left,Left,920,198,182,0,nan,nan,0.42
4/24/2026 15:38:46,1.17.3,FR5,67,4.03,1,5,Pellet,Left,920,198,183,0,0.29,36,nan
4/24/2026 15:38:57,1.17.3,FR5,67,4.04,nan,5,Left,Left,921,198,183,0,nan,nan,0.01
4/24/2026 15:38:59,1.17.3,FR5,67,4.03,nan,5,Left,Left,922,198,183,0,nan,nan,0.26
4/24/2026 15:39:01,1.17.3,FR5,67,4.04,nan,5,Left,Left,923,198,183,0,nan,nan,0.70
4/24/2026 15:39:06,1.17.3,FR5,67,4.04,nan,5,Left,Left,924,198,183,0,nan,nan,0.25
4/24/2026 15:39:08,1.17.3,FR5,67,4.03,nan,5,Left,Left,925,198,183,0,nan,nan,0.11
4/24/2026 15:39:10,1.17.3,FR5,67,4.03,2,5,Pellet,Left,925,198,184,0,0.23,25,nan
4/24/2026 15:39:16,1.17.3,FR5,67,4.03,nan,5,Left,Left,926,198,184,0,nan,nan,0.09
4/24/2026 18:24:32,1.17.3,FR5,67,4.03,nan,5,Left,Left,927,198,184,0,nan,nan,0.02
4/24/2026 18:24:33,1.17.3,FR5,67,4.03,nan,5,Left,Left,928,198,184,0,nan,nan,0.13
4/24/2026 18:24:36,1.17.3,FR5,67,4.03,nan,5,Left,Left,929,198,184,0,nan,nan,0.08
4/24/2026 18:24:37,1.17.3,FR5,67,4.03,nan,5,Left,Left,930,198,184,0,nan,nan,0.00
4/24/2026 18:24:39,1.17.3,FR5,67,4.03,1,5,Pellet,Left,930,198,185,0,0.77,9928,nan
4/24/2026 18:24:51,1.17.3,FR5,67,4.03,nan,5,Left,Left,931,198,185,0,nan,nan,0.07
4/24/2026 18:24:52,1.17.3,FR5,67,4.03,nan,5,Left,Left,932,198,185,0,nan,nan,0.07
4/24/2026 18:24:53,1.17.3,FR5,67,4.03,nan,5,Left,Left,933,198,185,0,nan,nan,0.10
4/24/2026 18:24:55,1.17.3,FR5,67,4.03,nan,5,Left,Left,934,198,185,0,nan,nan,0.16
4/24/2026 18:24:56,1.17.3,FR5,67,4.03,nan,5,Left,Left,935,198,185,0,nan,nan,0.11
4/24/2026 18:24:57,1.17.3,FR5,67,4.03,1,5,Pellet,Left,935,198,186,0,0.71,19,nan
4/24/2026 18:25:32,1.17.3,FR5,67,4.03,nan,5,Left,Left,936,198,186,0,nan,nan,0.38
4/24/2026 18:26:00,1.17.3,FR5,67,4.03,nan,5,Left,Left,937,198,186,0,nan,nan,0.14
4/24/2026 18:26:02,1.17.3,FR5,67,4.03,nan,5,Left,Left,938,198,186,0,nan,nan,0.45
4/24/2026 18:26:04,1.17.3,FR5,67,4.03,nan,5,Left,Left,939,198,186,0,nan,nan,0.62
4/24/2026 18:26:22,1.17.3,FR5,67,4.03,nan,5,Left,Left,940,198,186,0,nan,nan,0.01
4/24/2026 18:26:23,1.17.3,FR5,67,4.03,nan,5,LeftWithPellet,Left,941,198,186,0,nan,nan,0.09
4/24/2026 18:26:24,1.17.3,FR5,67,4.03,1,5,Pellet,Left,941,198,187,0,1.09,87,nan
4/24/2026 18:26:34,1.17.3,FR5,67,4.03,nan,5,Left,Left,942,198,187,0,nan,nan,0.13
4/24/2026 18:26:35,1.17.3,FR5,67,4.03,nan,5,Left,Left,943,198,187,0,nan,nan,0.43
4/24/2026 18:26:38,1.17.3,FR5,67,4.03,nan,5,Left,Left,944,198,187,0,nan,nan,0.49
4/24/2026 18:26:41,1.17.3,FR5,67,4.03,nan,5,Left,Left,945,198,187,0,nan,nan,0.41
4/24/2026 18:26:42,1.17.3,FR5,67,4.03,1,5,Pellet,Left,945,198,188,0,0.29,18,nan
4/24/2026 18:26:56,1.17.3,FR5,67,4.03,nan,5,Left,Left,946,198,188,0,nan,nan,0.33
4/24/2026 18:26:58,1.17.3,FR5,67,4.03,nan,5,Left,Left,947,198,188,0,nan,nan,0.16
4/24/2026 18:27:00,1.17.3,FR5,67,4.03,nan,5,Left,Left,948,198,188,0,nan,nan,0.41
4/24/2026 18:27:01,1.17.3,FR5,67,4.03,nan,5,Left,Left,949,198,188,0,nan,nan,0.15
4/24/2026 18:27:02,1.17.3,FR5,67,4.03,nan,5,Left,Left,950,198,188,0,nan,nan,0.21
4/24/2026 18:27:03,1.17.3,FR5,67,4.03,1,5,Pellet,Left,950,198,189,0,0.12,21,nan
4/24/2026 18:27:11,1.17.3,FR5,67,4.03,nan,5,Left,Left,951,198,189,0,nan,nan,0.25
4/24/2026 18:27:12,1.17.3,FR5,67,4.03,nan,5,Left,Left,952,198,189,0,nan,nan,0.06
4/24/2026 18:27:16,1.17.3,FR5,67,4.03,nan,5,Left,Left,953,198,189,0,nan,nan,0.13
4/24/2026 18:27:17,1.17.3,FR5,67,4.03,nan,5,Left,Left,954,198,189,0,nan,nan,0.07
4/24/2026 18:27:20,1.17.3,FR5,67,4.03,nan,5,Left,Left,955,198,189,0,nan,nan,0.02
4/24/2026 18:27:21,1.17.3,FR5,67,4.03,1,5,Pellet,Left,955,198,190,0,0.35,18,nan
4/24/2026 18:27:31,1.17.3,FR5,67,4.03,nan,5,Left,Left,956,198,190,0,nan,nan,0.10
4/24/2026 18:27:32,1.17.3,FR5,67,4.03,nan,5,Left,Left,957,198,190,0,nan,nan,0.00
4/24/2026 18:27:33,1.17.3,FR5,67,4.03,nan,5,Left,Left,958,198,190,0,nan,nan,0.13
4/24/2026 18:27:34,1.17.3,FR5,67,4.03,nan,5,Left,Left,959,198,190,0,nan,nan,0.21
4/24/2026 18:27:35,1.17.3,FR5,67,4.03,nan,5,Left,Left,960,198,190,0,nan,nan,0.00
4/24/2026 18:27:36,1.17.3,FR5,67,4.03,1,5,Pellet,Left,960,198,191,0,0.59,15,nan
4/24/2026 18:27:49,1.17.3,FR5,67,4.03,nan,5,Left,Left,961,198,191,0,nan,nan,0.26
4/24/2026 18:27:50,1.17.3,FR5,67,4.03,nan,5,Left,Left,962,198,191,0,nan,nan,0.00
4/24/2026 18:27:52,1.17.3,FR5,67,4.03,nan,5,Left,Left,963,198,191,0,nan,nan,0.55
4/24/2026 18:27:59,1.17.3,FR5,67,4.03,nan,5,Left,Left,964,198,191,0,nan,nan,0.09
4/24/2026 18:28:00,1.17.3,FR5,67,4.03,nan,5,Left,Left,965,198,191,0,nan,nan,0.05
4/24/2026 18:28:01,1.17.3,FR5,67,4.03,nan,5,LeftDuringDispense,Left,966,198,191,0,nan,nan,0.02
4/24/2026 18:28:04,1.17.3,FR5,67,4.03,2,5,Pellet,Left,966,198,192,0,0.53,28,nan
4/24/2026 18:28:11,1.17.3,FR5,67,4.03,nan,5,Left,Left,967,198,192,0,nan,nan,0.03
4/24/2026 18:28:12,1.17.3,FR5,67,4.03,nan,5,Left,Left,968,198,192,0,nan,nan,0.05
4/24/2026 18:28:13,1.17.3,FR5,67,4.03,nan,5,Left,Left,969,198,192,0,nan,nan,0.52
4/24/2026 18:28:15,1.17.3,FR5,67,4.03,nan,5,Left,Left,970,198,192,0,nan,nan,0.28
4/24/2026 18:28:15,1.17.3,FR5,67,4.03,1,5,Pellet,Left,970,198,193,0,0.06,11,nan
4/24/2026 18:28:23,1.17.3,FR5,67,4.03,nan,5,Left,Left,971,198,193,0,nan,nan,0.25
4/24/2026 18:28:24,1.17.3,FR5,67,4.03,nan,5,Left,Left,972,198,193,0,nan,nan,0.48
4/24/2026 18:29:44,1.17.3,FR5,67,4.03,nan,5,Right,Left,972,199,193,0,nan,nan,2.76
4/24/2026 18:29:48,1.17.3,FR5,67,4.03,nan,5,Right,Left,972,200,193,0,nan,nan,1.12
4/24/2026 19:09:13,1.17.3,FR5,67,4.03,nan,5,Left,Left,973,200,193,0,nan,nan,0.25
4/24/2026 19:09:17,1.17.3,FR5,67,4.03,nan,5,Left,Left,974,200,193,0,nan,nan,0.02
4/24/2026 19:09:19,1.17.3,FR5,67,4.03,nan,5,Left,Left,975,200,193,0,nan,nan,0.17
4/24/2026 19:09:20,1.17.3,FR5,67,4.03,1,5,Pellet,Left,975,200,194,0,0.47,2465,nan
4/24/2026 19:09:29,1.17.3,FR5,67,4.03,nan,5,Left,Left,976,200,194,0,nan,nan,0.38
4/24/2026 19:09:30,1.17.3,FR5,67,4.03,nan,5,Left,Left,977,200,194,0,nan,nan,0.08
4/24/2026 19:09:31,1.17.3,FR5,67,4.03,nan,5,Left,Left,978,200,194,0,nan,nan,0.17
4/24/2026 19:09:32,1.17.3,FR5,67,4.03,nan,5,Left,Left,979,200,194,0,nan,nan,0.15
4/24/2026 19:09:34,1.17.3,FR5,67,4.03,nan,5,Left,Left,980,200,194,0,nan,nan,0.17
4/24/2026 19:09:35,1.17.3,FR5,67,4.03,1,5,Pellet,Left,980,200,195,0,0.35,15,nan
4/24/2026 19:09:54,1.17.3,FR5,67,4.03,nan,5,Left,Left,981,200,195,0,nan,nan,0.23
4/24/2026 19:09:56,1.17.3,FR5,67,4.03,nan,5,Left,Left,982,200,195,0,nan,nan,0.71
4/24/2026 19:10:08,1.17.3,FR5,67,4.03,nan,5,Left,Left,983,200,195,0,nan,nan,0.68
4/24/2026 19:10:11,1.17.3,FR5,67,4.03,nan,5,Left,Left,984,200,195,0,nan,nan,0.28
4/24/2026 19:10:12,1.17.3,FR5,67,4.03,nan,5,Left,Left,985,200,195,0,nan,nan,0.36
4/24/2026 19:10:13,1.17.3,FR5,67,4.03,1,5,Pellet,Left,985,200,196,0,0.17,38,nan
4/24/2026 19:10:20,1.17.3,FR5,67,4.03,nan,5,Left,Left,986,200,196,0,nan,nan,0.42
4/24/2026 19:10:23,1.17.3,FR5,67,4.03,nan,5,Left,Left,987,200,196,0,nan,nan,0.48
4/24/2026 19:10:24,1.17.3,FR5,67,4.03,nan,5,Left,Left,988,200,196,0,nan,nan,0.48
4/24/2026 19:10:26,1.17.3,FR5,67,4.03,nan,5,Left,Left,989,200,196,0,nan,nan,0.09
4/24/2026 19:10:28,1.17.3,FR5,67,4.03,nan,5,Left,Left,990,200,196,0,nan,nan,0.32
4/24/2026 19:10:30,1.17.3,FR5,67,4.03,1,5,Pellet,Left,990,200,197,0,0.53,17,nan
4/24/2026 19:12:49,1.17.3,FR5,67,4.03,nan,5,Right,Left,990,201,197,0,nan,nan,0.04
4/24/2026 19:13:10,1.17.3,FR5,67,4.03,nan,5,Right,Left,990,202,197,0,nan,nan,0.09
4/24/2026 19:24:08,1.17.3,FR5,67,4.03,nan,5,Right,Left,990,203,197,0,nan,nan,0.28
4/24/2026 19:24:17,1.17.3,FR5,67,4.03,nan,5,Left,Left,991,203,197,0,nan,nan,0.05
4/24/2026 19:24:28,1.17.3,FR5,67,4.03,nan,5,Left,Left,992,203,197,0,nan,nan,0.17
4/24/2026 19:24:29,1.17.3,FR5,67,4.03,nan,5,Left,Left,993,203,197,0,nan,nan,0.12
4/24/2026 19:24:39,1.17.3,FR5,67,4.03,nan,5,Left,Left,994,203,197,0,nan,nan,0.02
4/24/2026 19:24:45,1.17.3,FR5,67,4.03,nan,5,Left,Left,995,203,197,0,nan,nan,0.18
4/24/2026 19:24:46,1.17.3,FR5,67,4.03,1,5,Pellet,Left,995,203,198,0,0.53,856,nan
4/24/2026 19:25:56,1.17.3,FR5,67,4.03,nan,5,Left,Left,996,203,198,0,nan,nan,0.08
4/24/2026 19:26:00,1.17.3,FR5,67,4.03,nan,5,Left,Left,997,203,198,0,nan,nan,0.19
4/24/2026 19:26:04,1.17.3,FR5,67,4.03,nan,5,Left,Left,998,203,198,0,nan,nan,0.08
4/24/2026 19:31:57,1.17.3,FR5,67,4.03,nan,5,Right,Left,998,204,198,0,nan,nan,0.15
4/24/2026 19:32:00,1.17.3,FR5,67,4.03,nan,5,Left,Left,999,204,198,0,nan,nan,0.08
4/24/2026 19:36:08,1.17.3,FR5,67,4.03,nan,5,Left,Left,1000,204,198,0,nan,nan,0.36
4/24/2026 19:36:09,1.17.3,FR5,67,4.03,1,5,Pellet,Left,1000,204,199,0,0.59,683,nan
4/24/2026 19:36:16,1.17.3,FR5,67,4.03,nan,5,Left,Left,1001,204,199,0,nan,nan,0.15
4/24/2026 19:36:16,1.17.3,FR5,67,4.03,nan,5,Left,Left,1002,204,199,0,nan,nan,0.11
4/24/2026 19:45:36,1.17.3,FR5,67,4.03,nan,5,Right,Left,1002,205,199,0,nan,nan,0.02
4/24/2026 19:45:39,1.17.3,FR5,67,4.03,nan,5,Left,Left,1003,205,199,0,nan,nan,0.06
4/24/2026 19:54:54,1.17.3,FR5,67,4.03,nan,5,Left,Left,1004,205,199,0,nan,nan,0.34
4/24/2026 19:54:56,1.17.3,FR5,67,4.03,nan,5,Left,Left,1005,205,199,0,nan,nan,0.15
4/24/2026 19:54:57,1.17.3,FR5,67,4.03,1,5,Pellet,Left,1005,205,200,0,0.89,1128,nan
4/24/2026 19:55:07,1.17.3,FR5,67,4.03,nan,5,Left,Left,1006,205,200,0,nan,nan,0.09
4/24/2026 19:55:09,1.17.3,FR5,67,4.03,nan,5,Left,Left,1007,205,200,0,nan,nan,0.19
4/24/2026 19:55:10,1.17.3,FR5,67,4.03,nan,5,Left,Left,1008,205,200,0,nan,nan,0.16
4/24/2026 19:55:11,1.17.3,FR5,67,4.03,nan,5,Left,Left,1009,205,200,0,nan,nan,0.17
4/24/2026 19:55:13,1.17.3,FR5,67,4.03,nan,5,Left,Left,1010,205,200,0,nan,nan,0.28
4/24/2026 19:55:14,1.17.3,FR5,67,4.03,1,5,Pellet,Left,1010,205,201,0,0.12,17,nan
4/24/2026 19:55:26,1.17.3,FR5,67,4.03,nan,5,Left,Left,1011,205,201,0,nan,nan,0.13
4/24/2026 19:55:29,1.17.3,FR5,67,4.03,nan,5,Left,Left,1012,205,201,0,nan,nan,0.45
4/24/2026 19:55:30,1.17.3,FR5,67,4.03,nan,5,Left,Left,1013,205,201,0,nan,nan,0.28
4/24/2026 19:55:35,1.17.3,FR5,67,4.03,nan,5,Left,Left,1014,205,201,0,nan,nan,0.13
4/24/2026 19:55:36,1.17.3,FR5,67,4.03,nan,5,Left,Left,1015,205,201,0,nan,nan,0.09
4/24/2026 19:55:37,1.17.3,FR5,67,4.03,1,5,Pellet,Left,1015,205,202,0,0.35,23,nan
4/24/2026 19:55:46,1.17.3,FR5,67,4.03,nan,5,Left,Left,1016,205,202,0,nan,nan,0.13
4/24/2026 19:55:47,1.17.3,FR5,67,4.03,nan,5,Left,Left,1017,205,202,0,nan,nan,0.17
4/24/2026 19:55:48,1.17.3,FR5,67,4.03,nan,5,Left,Left,1018,205,202,0,nan,nan,0.31
4/24/2026 19:55:49,1.17.3,FR5,67,4.03,nan,5,Left,Left,1019,205,202,0,nan,nan,0.00
4/24/2026 19:55:50,1.17.3,FR5,67,4.03,nan,5,Left,Left,1020,205,202,0,nan,nan,0.05
4/24/2026 19:55:50,1.17.3,FR5,67,4.03,nan,5,LeftDuringDispense,Left,1021,205,202,0,nan,nan,0.04
4/24/2026 19:55:54,1.17.3,FR5,67,4.03,2,5,Pellet,Left,1021,205,203,0,0.47,16,nan
4/24/2026 19:56:14,1.17.3,FR5,67,4.03,nan,5,Left,Left,1022,205,203,0,nan,nan,0.23
4/24/2026 19:56:15,1.17.3,FR5,67,4.03,nan,5,Left,Left,1023,205,203,0,nan,nan,0.06
4/24/2026 19:56:17,1.17.3,FR5,67,4.03,nan,5,Left,Left,1024,205,203,0,nan,nan,0.30
4/24/2026 19:59:54,1.17.3,FR5,67,4.03,nan,5,Left,Left,1025,205,203,0,nan,nan,0.23
4/24/2026 19:59:55,1.17.3,FR5,67,4.03,1,5,Pellet,Left,1025,205,204,0,0.12,242,nan
4/24/2026 20:02:18,1.17.3,FR5,67,4.03,nan,5,Right,Left,1025,206,204,0,nan,nan,0.11
4/24/2026 20:02:19,1.17.3,FR5,67,4.03,nan,5,Right,Left,1025,207,204,0,nan,nan,0.21
4/24/2026 20:02:21,1.17.3,FR5,67,4.03,nan,5,Left,Left,1026,207,204,0,nan,nan,0.12
4/24/2026 20:02:23,1.17.3,FR5,67,4.03,nan,5,Left,Left,1027,207,204,0,nan,nan,0.10
4/24/2026 20:02:24,1.17.3,FR5,67,4.03,nan,5,Left,Left,1028,207,204,0,nan,nan,0.07
4/24/2026 20:14:16,1.17.3,FR5,67,4.03,nan,5,Left,Left,1029,207,204,0,nan,nan,0.50
4/24/2026 20:14:17,1.17.3,FR5,67,4.03,nan,5,Left,Left,1030,207,204,0,nan,nan,0.34
4/24/2026 20:14:18,1.17.3,FR5,67,4.03,1,5,Pellet,Left,1030,207,205,0,0.53,863,nan
4/24/2026 20:14:26,1.17.3,FR5,67,4.03,nan,5,Left,Left,1031,207,205,0,nan,nan,0.10
4/24/2026 20:14:27,1.17.3,FR5,67,4.03,nan,5,Left,Left,1032,207,205,0,nan,nan,0.18
4/24/2026 20:14:28,1.17.3,FR5,67,4.03,nan,5,Left,Left,1033,207,205,0,nan,nan,0.13
4/24/2026 20:14:30,1.17.3,FR5,67,4.03,nan,5,Left,Left,1034,207,205,0,nan,nan,0.25
4/24/2026 20:14:33,1.17.3,FR5,67,4.03,nan,5,Left,Left,1035,207,205,0,nan,nan,0.12
4/24/2026 20:14:34,1.17.3,FR5,67,4.03,1,5,Pellet,Left,1035,207,206,0,0.47,16,nan
4/24/2026 20:14:39,1.17.3,FR5,67,4.03,nan,5,Left,Left,1036,207,206,0,nan,nan,0.43
4/24/2026 20:14:40,1.17.3,FR5,67,4.03,nan,5,Left,Left,1037,207,206,0,nan,nan,0.44
4/24/2026 20:14:42,1.17.3,FR5,67,4.03,nan,5,Left,Left,1038,207,206,0,nan,nan,0.24
4/24/2026 20:14:43,1.17.3,FR5,67,4.03,nan,5,Left,Left,1039,207,206,0,nan,nan,0.24
4/24/2026 20:14:44,1.17.3,FR5,67,4.03,nan,5,Left,Left,1040,207,206,0,nan,nan,0.46
4/24/2026 20:14:46,1.17.3,FR5,67,4.03,1,5,Pellet,Left,1040,207,207,0,0.65,12,nan
4/24/2026 20:15:03,1.17.3,FR5,67,4.03,nan,5,Left,Left,1041,207,207,0,nan,nan,0.36
4/24/2026 20:15:04,1.17.3,FR5,67,4.03,nan,5,Left,Left,1042,207,207,0,nan,nan,0.31
4/24/2026 20:15:06,1.17.3,FR5,67,4.03,nan,5,Left,Left,1043,207,207,0,nan,nan,0.25
4/24/2026 20:15:07,1.17.3,FR5,67,4.03,nan,5,Left,Left,1044,207,207,0,nan,nan,0.21
4/24/2026 20:15:08,1.17.3,FR5,67,4.03,nan,5,Left,Left,1045,207,207,0,nan,nan,0.31
4/24/2026 20:15:10,1.17.3,FR5,67,4.03,1,5,Pellet,Left,1045,207,208,0,0.59,24,nan
4/24/2026 20:15:22,1.17.3,FR5,67,4.03,nan,5,Left,Left,1046,207,208,0,nan,nan,0.54
4/24/2026 20:15:23,1.17.3,FR5,67,4.03,nan,5,Left,Left,1047,207,208,0,nan,nan,0.22
4/24/2026 20:15:24,1.17.3,FR5,67,4.03,nan,5,Left,Left,1048,207,208,0,nan,nan,0.33
4/24/2026 20:15:26,1.17.3,FR5,67,4.03,nan,5,Left,Left,1049,207,208,0,nan,nan,0.30
4/24/2026 20:15:30,1.17.3,FR5,67,4.03,nan,5,Left,Left,1050,207,208,0,nan,nan,0.54
4/24/2026 20:15:31,1.17.3,FR5,67,4.03,1,5,Pellet,Left,1050,207,209,0,0.23,21,nan
4/24/2026 20:15:46,1.17.3,FR5,67,4.03,nan,5,Left,Left,1051,207,209,0,nan,nan,0.03
4/24/2026 20:15:47,1.17.3,FR5,67,4.03,nan,5,Left,Left,1052,207,209,0,nan,nan,0.42
4/24/2026 20:15:49,1.17.3,FR5,67,4.03,nan,5,Left,Left,1053,207,209,0,nan,nan,0.53
4/24/2026 20:15:49,1.17.3,FR5,67,4.03,nan,5,Left,Left,1054,207,209,0,nan,nan,0.25
4/24/2026 20:15:51,1.17.3,FR5,67,4.03,nan,5,Left,Left,1055,207,209,0,nan,nan,0.23
4/24/2026 20:15:51,1.17.3,FR5,67,4.03,1,5,Pellet,Left,1055,207,210,0,0.17,20,nan
4/24/2026 20:16:17,1.17.3,FR5,67,4.03,nan,5,Left,Left,1056,207,210,0,nan,nan,0.41
4/24/2026 20:16:19,1.17.3,FR5,67,4.03,nan,5,Left,Left,1057,207,210,0,nan,nan,0.46
4/24/2026 20:16:20,1.17.3,FR5,67,4.03,nan,5,Left,Left,1058,207,210,0,nan,nan,0.40
4/24/2026 20:16:26,1.17.3,FR5,67,4.03,nan,5,Left,Left,1059,207,210,0,nan,nan,0.12
4/24/2026 20:16:27,1.17.3,FR5,67,4.03,nan,5,Left,Left,1060,207,210,0,nan,nan,0.31
4/24/2026 20:16:28,1.17.3,FR5,67,4.03,2,5,Pellet,Left,1060,207,211,0,0.23,37,nan
4/24/2026 20:29:30,1.17.3,FR5,67,4.03,nan,5,Right,Left,1060,208,211,0,nan,nan,0.36
4/24/2026 20:29:33,1.17.3,FR5,67,4.03,nan,5,Left,Left,1061,208,211,0,nan,nan,0.09
4/24/2026 20:29:34,1.17.3,FR5,67,4.03,nan,5,Left,Left,1062,208,211,0,nan,nan,0.00
4/24/2026 20:29:35,1.17.3,FR5,67,4.03,nan,5,Left,Left,1063,208,211,0,nan,nan,0.11
4/24/2026 20:29:36,1.17.3,FR5,67,4.03,nan,5,Left,Left,1064,208,211,0,nan,nan,0.14
4/24/2026 20:29:37,1.17.3,FR5,67,4.03,nan,5,Left,Left,1065,208,211,0,nan,nan,0.00
4/24/2026 20:29:38,1.17.3,FR5,67,4.03,1,5,Pellet,Left,1065,208,212,0,0.41,790,nan
4/24/2026 20:29:49,1.17.3,FR5,67,4.03,nan,5,Left,Left,1066,208,212,0,nan,nan,0.49
4/24/2026 20:29:50,1.17.3,FR5,67,4.03,nan,5,Left,Left,1067,208,212,0,nan,nan,0.46
4/24/2026 20:29:55,1.17.3,FR5,67,4.02,nan,5,Left,Left,1068,208,212,0,nan,nan,0.22
4/24/2026 20:29:58,1.17.3,FR5,67,4.03,nan,5,Left,Left,1069,208,212,0,nan,nan,0.35
4/24/2026 20:30:02,1.17.3,FR5,67,4.03,nan,5,Left,Left,1070,208,212,0,nan,nan,0.40
4/24/2026 20:30:03,1.17.3,FR5,67,4.03,1,5,Pellet,Left,1070,208,213,0,0.35,25,nan
4/24/2026 20:30:10,1.17.3,FR5,67,4.03,nan,5,Left,Left,1071,208,213,0,nan,nan,0.52
4/24/2026 20:30:11,1.17.3,FR5,67,4.03,nan,5,Left,Left,1072,208,213,0,nan,nan,0.21
4/24/2026 20:40:08,1.17.3,FR5,67,4.03,nan,5,Right,Left,1072,209,213,0,nan,nan,0.13
4/24/2026 20:40:10,1.17.3,FR5,67,4.03,nan,5,Right,Left,1072,210,213,0,nan,nan,0.33
4/24/2026 20:40:14,1.17.3,FR5,67,4.03,nan,5,Left,Left,1073,210,213,0,nan,nan,0.15
4/24/2026 20:40:16,1.17.3,FR5,67,4.03,nan,5,Left,Left,1074,210,213,0,nan,nan,0.25
4/24/2026 20:40:17,1.17.3,FR5,67,4.03,nan,5,Left,Left,1075,210,213,0,nan,nan,0.22
4/24/2026 20:40:18,1.17.3,FR5,67,4.03,1,5,Pellet,Left,1075,210,214,0,0.29,615,nan
4/24/2026 20:40:23,1.17.3,FR5,67,4.03,nan,5,Left,Left,1076,210,214,0,nan,nan,0.06
4/24/2026 20:40:25,1.17.3,FR5,67,4.03,nan,5,Left,Left,1077,210,214,0,nan,nan,0.37
4/24/2026 20:40:27,1.17.3,FR5,67,4.03,nan,5,Left,Left,1078,210,214,0,nan,nan,0.16
4/24/2026 20:40:28,1.17.3,FR5,67,4.03,nan,5,Left,Left,1079,210,214,0,nan,nan,0.14
4/24/2026 20:40:33,1.17.3,FR5,67,4.03,nan,5,Left,Left,1080,210,214,0,nan,nan,0.14
4/24/2026 20:40:34,1.17.3,FR5,67,4.02,1,5,Pellet,Left,1080,210,215,0,0.23,16,nan
4/24/2026 20:40:42,1.17.3,FR5,67,4.03,nan,5,Left,Left,1081,210,215,0,nan,nan,0.34
4/24/2026 20:40:43,1.17.3,FR5,67,4.03,nan,5,Left,Left,1082,210,215,0,nan,nan,0.20
4/24/2026 20:40:44,1.17.3,FR5,67,4.03,nan,5,Left,Left,1083,210,215,0,nan,nan,0.26
4/24/2026 20:40:45,1.17.3,FR5,67,4.03,nan,5,Left,Left,1084,210,215,0,nan,nan,0.07
4/24/2026 20:40:47,1.17.3,FR5,67,4.03,nan,5,Left,Left,1085,210,215,0,nan,nan,0.35
4/24/2026 20:40:48,1.17.3,FR5,67,4.02,1,5,Pellet,Left,1085,210,216,0,0.17,14,nan
4/24/2026 20:43:10,1.17.3,FR5,67,4.03,nan,5,Right,Left,1085,211,216,0,nan,nan,0.48
4/24/2026 20:43:11,1.17.3,FR5,67,4.03,nan,5,Right,Left,1085,212,216,0,nan,nan,0.34
4/24/2026 20:53:12,1.17.3,FR5,67,4.03,nan,5,Right,Left,1085,213,216,0,nan,nan,0.32
4/24/2026 21:03:00,1.17.3,FR5,67,4.03,nan,5,Right,Left,1085,214,216,0,nan,nan,0.16
4/24/2026 21:06:37,1.17.3,FR5,67,4.03,nan,5,Left,Left,1086,214,216,0,nan,nan,0.10
4/24/2026 21:08:21,1.17.3,FR5,67,4.03,nan,5,Left,Left,1087,214,216,0,nan,nan,0.36
4/24/2026 21:08:35,1.17.3,FR5,67,4.03,nan,5,Left,Left,1088,214,216,0,nan,nan,0.17
4/24/2026 21:09:41,1.17.3,FR5,67,4.03,nan,5,Right,Left,1088,215,216,0,nan,nan,0.00
4/24/2026 21:17:53,1.17.3,FR5,67,4.03,nan,5,Left,Left,1089,215,216,0,nan,nan,0.34
4/24/2026 21:17:57,1.17.3,FR5,67,4.03,nan,5,Left,Left,1090,215,216,0,nan,nan,0.29
4/24/2026 21:17:58,1.17.3,FR5,67,4.03,1,5,Pellet,Left,1090,215,217,0,0.12,2230,nan
4/24/2026 21:20:27,1.17.3,FR5,67,4.03,nan,5,Right,Left,1090,216,217,0,nan,nan,0.07
4/24/2026 21:21:31,1.17.3,FR5,67,4.02,nan,5,Left,Left,1091,216,217,0,nan,nan,0.02
4/24/2026 21:25:45,1.17.3,FR5,67,4.03,nan,5,Left,Left,1092,216,217,0,nan,nan,0.15
4/24/2026 21:25:46,1.17.3,FR5,67,4.03,nan,5,Left,Left,1093,216,217,0,nan,nan,0.04
4/24/2026 21:25:48,1.17.3,FR5,67,4.03,nan,5,Left,Left,1094,216,217,0,nan,nan,0.13
4/24/2026 21:34:47,1.17.3,FR5,67,4.03,nan,5,Left,Left,1095,216,217,0,nan,nan,0.17
4/24/2026 21:34:48,1.17.3,FR5,67,4.03,1,5,Pellet,Left,1095,216,218,0,0.35,1010,nan
4/24/2026 21:37:14,1.17.3,FR5,67,4.03,nan,5,Right,Left,1095,217,218,0,nan,nan,0.06
4/24/2026 21:41:01,1.17.3,FR5,67,4.03,nan,5,Left,Left,1096,217,218,0,nan,nan,0.14
4/24/2026 21:53:18,1.17.3,FR5,67,4.02,nan,5,Left,Left,1097,217,218,0,nan,nan,0.01
4/24/2026 21:53:25,1.17.3,FR5,67,4.03,nan,5,Left,Left,1098,217,218,0,nan,nan,0.02
4/24/2026 21:56:19,1.17.3,FR5,67,4.03,nan,5,Left,Left,1099,217,218,0,nan,nan,0.07
4/24/2026 21:56:20,1.17.3,FR5,67,4.03,nan,5,Left,Left,1100,217,218,0,nan,nan,0.13
4/24/2026 21:56:21,1.17.3,FR5,67,4.03,1,5,Pellet,Left,1100,217,219,0,0.17,1293,nan
4/24/2026 21:56:47,1.17.3,FR5,67,4.03,nan,5,Left,Left,1101,217,219,0,nan,nan,0.08
4/24/2026 21:56:48,1.17.3,FR5,67,4.02,nan,5,Left,Left,1102,217,219,0,nan,nan,0.10
4/24/2026 21:56:50,1.17.3,FR5,67,4.03,nan,5,Left,Left,1103,217,219,0,nan,nan,0.16
4/24/2026 21:56:51,1.17.3,FR5,67,4.03,nan,5,Left,Left,1104,217,219,0,nan,nan,0.17
4/24/2026 21:56:52,1.17.3,FR5,67,4.02,nan,5,Left,Left,1105,217,219,0,nan,nan,0.04
4/24/2026 21:56:54,1.17.3,FR5,67,4.02,1,5,Pellet,Left,1105,217,220,0,0.53,33,nan
4/24/2026 21:57:02,1.17.3,FR5,67,4.03,nan,5,Right,Left,1105,218,220,0,nan,nan,0.35
4/24/2026 21:59:22,1.17.3,FR5,67,4.03,nan,5,Left,Left,1106,218,220,0,nan,nan,0.09
4/24/2026 21:59:23,1.17.3,FR5,67,4.03,nan,5,Left,Left,1107,218,220,0,nan,nan,0.09
4/24/2026 21:59:24,1.17.3,FR5,67,4.03,nan,5,Left,Left,1108,218,220,0,nan,nan,0.02
4/24/2026 22:08:49,1.17.3,FR5,67,4.03,nan,5,Left,Left,1109,218,220,0,nan,nan,0.01
4/24/2026 22:11:09,1.17.3,FR5,67,4.02,nan,5,Left,Left,1110,218,220,0,nan,nan,0.19
4/24/2026 22:11:09,1.17.3,FR5,67,4.03,nan,5,LeftDuringDispense,Left,1111,218,220,0,nan,nan,0.08
4/24/2026 22:11:12,1.17.3,FR5,67,4.02,2,5,Pellet,Left,1111,218,221,0,0.53,858,nan
4/24/2026 22:17:59,1.17.3,FR5,67,4.03,nan,5,Left,Left,1112,218,221,0,nan,nan,0.14
4/24/2026 22:21:44,1.17.3,FR5,67,4.02,nan,5,Left,Left,1113,218,221,0,nan,nan,0.02
4/24/2026 22:24:48,1.17.3,FR5,67,4.02,nan,5,Right,Left,1113,219,221,0,nan,nan,0.00
4/24/2026 22:26:34,1.17.3,FR5,67,4.03,nan,5,Left,Left,1114,219,221,0,nan,nan,0.16
4/24/2026 22:26:35,1.17.3,FR5,67,4.03,nan,5,Left,Left,1115,219,221,0,nan,nan,0.09
4/24/2026 22:26:36,1.17.3,FR5,67,4.03,1,5,Pellet,Left,1115,219,222,0,0.65,924,nan
4/24/2026 22:26:51,1.17.3,FR5,67,4.02,nan,5,Left,Left,1116,219,222,0,nan,nan,0.30
4/24/2026 22:26:53,1.17.3,FR5,67,4.03,nan,5,Left,Left,1117,219,222,0,nan,nan,0.04
4/24/2026 22:26:54,1.17.3,FR5,67,4.02,nan,5,Left,Left,1118,219,222,0,nan,nan,0.00
4/24/2026 22:37:58,1.17.3,FR5,67,4.02,nan,5,Left,Left,1119,219,222,0,nan,nan,0.18
4/24/2026 22:37:59,1.17.3,FR5,67,4.03,nan,5,Left,Left,1120,219,222,0,nan,nan,0.11
4/24/2026 22:38:01,1.17.3,FR5,67,4.02,1,5,Pellet,Left,1120,219,223,0,0.59,685,nan
4/24/2026 22:38:20,1.17.3,FR5,67,4.02,nan,5,Left,Left,1121,219,223,0,nan,nan,0.24
4/24/2026 22:38:21,1.17.3,FR5,67,4.03,nan,5,Left,Left,1122,219,223,0,nan,nan,0.23
4/24/2026 22:38:24,1.17.3,FR5,67,4.02,nan,5,Left,Left,1123,219,223,0,nan,nan,1.30
4/24/2026 22:38:33,1.17.3,FR5,67,4.03,nan,5,Left,Left,1124,219,223,0,nan,nan,0.23
4/24/2026 22:38:37,1.17.3,FR5,67,4.02,nan,5,Left,Left,1125,219,223,0,nan,nan,0.03
4/24/2026 22:38:37,1.17.3,FR5,67,4.03,1,5,Pellet,Left,1125,219,224,0,0.17,36,nan
4/24/2026 22:39:03,1.17.3,FR5,67,4.02,nan,5,Left,Left,1126,219,224,0,nan,nan,0.42
4/24/2026 22:39:04,1.17.3,FR5,67,4.02,nan,5,Left,Left,1127,219,224,0,nan,nan,0.37
4/24/2026 23:14:01,1.17.3,FR5,67,4.02,nan,5,Left,Left,1128,219,224,0,nan,nan,0.03
4/24/2026 23:14:02,1.17.3,FR5,67,4.03,nan,5,Left,Left,1129,219,224,0,nan,nan,0.36
4/24/2026 23:14:02,1.17.3,FR5,67,4.03,nan,5,Left,Left,1130,219,224,0,nan,nan,0.00
4/24/2026 23:14:04,1.17.3,FR5,67,4.02,1,5,Pellet,Left,1130,219,225,0,0.53,2127,nan
4/24/2026 23:14:20,1.17.3,FR5,67,4.02,nan,5,Left,Left,1131,219,225,0,nan,nan,0.42
4/24/2026 23:14:33,1.17.3,FR5,67,4.02,nan,5,Left,Left,1132,219,225,0,nan,nan,0.00
4/24/2026 23:14:35,1.17.3,FR5,67,4.03,nan,5,Left,Left,1133,219,225,0,nan,nan,0.18
4/24/2026 23:14:48,1.17.3,FR5,67,4.03,nan,5,Left,Left,1134,219,225,0,nan,nan,0.21
4/24/2026 23:14:50,1.17.3,FR5,67,4.03,nan,5,Left,Left,1135,219,225,0,nan,nan,0.09
4/24/2026 23:14:51,1.17.3,FR5,67,4.02,2,5,Pellet,Left,1135,219,226,0,0.35,47,nan
4/24/2026 23:15:00,1.17.3,FR5,67,4.02,nan,5,Left,Left,1136,219,226,0,nan,nan,0.46
4/24/2026 23:15:01,1.17.3,FR5,67,4.02,nan,5,Left,Left,1137,219,226,0,nan,nan,0.57
4/24/2026 23:15:04,1.17.3,FR5,67,4.03,nan,5,Left,Left,1138,219,226,0,nan,nan,0.34
4/24/2026 23:15:05,1.17.3,FR5,67,4.02,nan,5,Left,Left,1139,219,226,0,nan,nan,0.45
4/24/2026 23:15:06,1.17.3,FR5,67,4.02,nan,5,Left,Left,1140,219,226,0,nan,nan,0.18
4/24/2026 23:15:07,1.17.3,FR5,67,4.03,1,5,Pellet,Left,1140,219,227,0,0.53,16,nan
4/24/2026 23:15:14,1.17.3,FR5,67,4.02,nan,5,Left,Left,1141,219,227,0,nan,nan,0.56
4/24/2026 23:15:15,1.17.3,FR5,67,4.03,nan,5,Left,Left,1142,219,227,0,nan,nan,0.00
4/24/2026 23:15:16,1.17.3,FR5,67,4.02,nan,5,Left,Left,1143,219,227,0,nan,nan,0.35
4/24/2026 23:15:18,1.17.3,FR5,67,4.03,nan,5,Left,Left,1144,219,227,0,nan,nan,0.16
4/24/2026 23:15:18,1.17.3,FR5,67,4.02,nan,5,Left,Left,1145,219,227,0,nan,nan,0.13
4/24/2026 23:15:19,1.17.3,FR5,67,4.02,1,5,Pellet,Left,1145,219,228,0,0.23,12,nan
4/24/2026 23:15:35,1.17.3,FR5,67,4.02,nan,5,Left,Left,1146,219,228,0,nan,nan,0.32
4/24/2026 23:15:40,1.17.3,FR5,67,4.03,nan,5,Left,Left,1147,219,228,0,nan,nan,0.38
4/24/2026 23:15:42,1.17.3,FR5,67,4.03,nan,5,Left,Left,1148,219,228,0,nan,nan,0.28
4/24/2026 23:15:46,1.17.3,FR5,67,4.02,nan,5,Left,Left,1149,219,228,0,nan,nan,0.24
4/24/2026 23:15:54,1.17.3,FR5,67,4.02,nan,5,Left,Left,1150,219,228,0,nan,nan,0.29
4/24/2026 23:15:55,1.17.3,FR5,67,4.03,1,5,Pellet,Left,1150,219,229,0,0.17,36,nan
4/24/2026 23:18:53,1.17.3,FR5,67,4.03,nan,5,Right,Left,1150,220,229,0,nan,nan,0.13
4/24/2026 23:18:57,1.17.3,FR5,67,4.02,nan,5,Right,Left,1150,221,229,0,nan,nan,0.10
4/24/2026 23:19:05,1.17.3,FR5,67,4.02,nan,5,Left,Left,1151,221,229,0,nan,nan,0.21
4/24/2026 23:19:10,1.17.3,FR5,67,4.03,nan,5,Left,Left,1152,221,229,0,nan,nan,0.21
4/24/2026 23:21:14,1.17.3,FR5,67,4.02,nan,5,Right,Left,1152,222,229,0,nan,nan,0.23
4/24/2026 23:21:14,1.17.3,FR5,67,4.03,nan,5,Right,Left,1152,223,229,0,nan,nan,0.00
4/24/2026 23:21:16,1.17.3,FR5,67,4.03,nan,5,Right,Left,1152,224,229,0,nan,nan,0.14
4/24/2026 23:28:22,1.17.3,FR5,67,4.03,nan,5,Left,Left,1153,224,229,0,nan,nan,0.09
4/24/2026 23:35:15,1.17.3,FR5,67,4.03,nan,5,Left,Left,1154,224,229,0,nan,nan,0.12
4/24/2026 23:35:16,1.17.3,FR5,67,4.03,nan,5,Left,Left,1155,224,229,0,nan,nan,0.19
4/24/2026 23:35:18,1.17.3,FR5,67,4.02,1,5,Pellet,Left,1155,224,230,0,1.13,1163,nan
4/24/2026 23:35:31,1.17.3,FR5,67,4.02,nan,5,Left,Left,1156,224,230,0,nan,nan,0.03
4/24/2026 23:47:54,1.17.3,FR5,67,4.02,nan,5,Right,Left,1156,225,230,0,nan,nan,0.01
4/24/2026 23:48:38,1.17.3,FR5,67,4.02,nan,5,Right,Left,1156,226,230,0,nan,nan,0.33
4/24/2026 23:48:40,1.17.3,FR5,67,4.02,nan,5,Right,Left,1156,227,230,0,nan,nan,0.07
4/24/2026 23:48:41,1.17.3,FR5,67,4.03,nan,5,Right,Left,1156,228,230,0,nan,nan,0.18
4/24/2026 23:48:45,1.17.3,FR5,67,4.02,nan,5,Right,Left,1156,229,230,0,nan,nan,0.18
4/24/2026 23:48:49,1.17.3,FR5,67,4.03,nan,5,Left,Left,1157,229,230,0,nan,nan,0.03
4/24/2026 23:48:52,1.17.3,FR5,67,4.02,nan,5,Left,Left,1158,229,230,0,nan,nan,0.20
4/24/2026 23:48:56,1.17.3,FR5,67,4.03,nan,5,Left,Left,1159,229,230,0,nan,nan,0.20
4/24/2026 23:55:30,1.17.3,FR5,67,4.03,nan,5,Left,Left,1160,229,230,0,nan,nan,0.09
4/24/2026 23:55:31,1.17.3,FR5,67,4.02,1,5,Pellet,Left,1160,229,231,0,0.23,1213,nan
4/24/2026 23:55:52,1.17.3,FR5,67,4.02,nan,5,Left,Left,1161,229,231,0,nan,nan,0.14
4/24/2026 23:55:53,1.17.3,FR5,67,4.02,nan,5,Left,Left,1162,229,231,0,nan,nan,0.02
4/24/2026 23:56:46,1.17.3,FR5,67,4.03,nan,5,Right,Left,1162,230,231,0,nan,nan,0.35
4/24/2026 23:56:47,1.17.3,FR5,67,4.03,nan,5,Left,Left,1163,230,231,0,nan,nan,0.07
4/24/2026 23:59:47,1.17.3,FR5,67,4.02,nan,5,Left,Left,1164,230,231,0,nan,nan,0.05
4/25/2026 0:08:34,1.17.3,FR5,67,4.02,nan,5,Left,Left,1165,230,231,0,nan,nan,0.05
4/25/2026 0:09:00,1.17.3,FR5,67,4.02,1,5,Pellet,Left,1165,230,232,0,25.71,809,nan
4/25/2026 0:14:09,1.17.3,FR5,67,4.02,nan,5,Right,Left,1165,231,232,0,nan,nan,0.03
4/25/2026 0:21:36,1.17.3,FR5,67,4.02,nan,5,Left,Left,1166,231,232,0,nan,nan,0.05
4/25/2026 0:21:38,1.17.3,FR5,67,4.02,nan,5,Left,Left,1167,231,232,0,nan,nan,0.26
4/25/2026 0:30:20,1.17.3,FR5,67,4.03,nan,5,Left,Left,1168,231,232,0,nan,nan,0.09
4/25/2026 0:34:59,1.17.3,FR5,67,4.02,nan,5,Right,Left,1168,232,232,0,nan,nan,0.09
4/25/2026 0:36:24,1.17.3,FR5,67,4.02,nan,5,Left,Left,1169,232,232,0,nan,nan,0.06
4/25/2026 0:40:46,1.17.3,FR5,67,4.02,nan,5,Left,Left,1170,232,232,0,nan,nan,0.00
4/25/2026 0:41:07,1.17.3,FR5,67,4.02,1,5,Pellet,Left,1170,232,233,0,20.35,1927,nan
4/25/2026 0:41:15,1.17.3,FR5,67,4.02,nan,5,Left,Left,1171,232,233,0,nan,nan,0.06
4/25/2026 0:41:16,1.17.3,FR5,67,4.02,nan,5,Left,Left,1172,232,233,0,nan,nan,0.17
4/25/2026 0:41:20,1.17.3,FR5,67,4.02,nan,5,Left,Left,1173,232,233,0,nan,nan,0.11
4/25/2026 0:41:21,1.17.3,FR5,67,4.02,nan,5,Left,Left,1174,232,233,0,nan,nan,0.17
4/25/2026 0:58:17,1.17.3,FR5,67,4.02,nan,5,Left,Left,1175,232,233,0,nan,nan,0.04
4/25/2026 0:59:03,1.17.3,FR5,67,4.02,1,5,Pellet,Left,1175,232,234,0,44.65,1076,nan
4/25/2026 0:59:57,1.17.3,FR5,67,4.02,nan,5,Left,Left,1176,232,234,0,nan,nan,0.30
4/25/2026 0:59:58,1.17.3,FR5,67,4.02,nan,5,Left,Left,1177,232,234,0,nan,nan,0.07
4/25/2026 1:23:15,1.17.3,FR5,67,4.02,nan,5,Left,Left,1178,232,234,0,nan,nan,0.14
4/25/2026 1:25:47,1.17.3,FR5,67,4.02,nan,5,Left,Left,1179,232,234,0,nan,nan,0.23
4/25/2026 1:25:49,1.17.3,FR5,67,4.02,nan,5,Left,Left,1180,232,234,0,nan,nan,0.15
4/25/2026 1:25:51,1.17.3,FR5,67,4.02,1,5,Pellet,Left,1180,232,235,0,0.65,1608,nan
4/25/2026 1:31:06,1.17.3,FR5,67,4.02,nan,5,Right,Left,1180,233,235,0,nan,nan,0.08
4/25/2026 1:44:25,1.17.3,FR5,67,4.02,nan,5,Left,Left,1181,233,235,0,nan,nan,0.05
4/25/2026 1:44:35,1.17.3,FR5,67,4.02,nan,5,Left,Left,1182,233,235,0,nan,nan,0.10
4/25/2026 1:46:06,1.17.3,FR5,67,4.02,nan,5,Left,Left,1183,233,235,0,nan,nan,0.09
4/25/2026 1:46:07,1.17.3,FR5,67,4.02,nan,5,Left,Left,1184,233,235,0,nan,nan,0.09
4/25/2026 1:52:58,1.17.3,FR5,67,4.02,nan,5,Left,Left,1185,233,235,0,nan,nan,0.01
4/25/2026 1:52:59,1.17.3,FR5,67,4.02,nan,5,LeftDuringDispense,Left,1186,233,235,0,nan,nan,0.24
4/25/2026 1:53:01,1.17.3,FR5,67,4.02,2,5,Pellet,Left,1186,233,236,0,0.23,1630,nan
4/25/2026 1:53:09,1.17.3,FR5,67,4.02,nan,5,Left,Left,1187,233,236,0,nan,nan,0.79
4/25/2026 1:53:12,1.17.3,FR5,67,4.02,nan,5,Left,Left,1188,233,236,0,nan,nan,0.23
4/25/2026 1:53:14,1.17.3,FR5,67,4.02,nan,5,Left,Left,1189,233,236,0,nan,nan,0.13
4/25/2026 1:53:37,1.17.3,FR5,67,4.02,nan,5,Left,Left,1190,233,236,0,nan,nan,0.03
4/25/2026 1:53:38,1.17.3,FR5,67,4.02,nan,5,LeftWithPellet,Left,1191,233,236,0,nan,nan,0.07
4/25/2026 1:53:40,1.17.3,FR5,67,4.02,1,5,Pellet,Left,1191,233,237,0,1.78,39,nan
4/25/2026 1:53:49,1.17.3,FR5,67,4.02,nan,5,Left,Left,1192,233,237,0,nan,nan,0.14
4/25/2026 3:20:45,1.17.3,FR5,67,4.02,nan,5,Right,Left,1192,234,237,0,nan,nan,0.23
4/25/2026 3:20:47,1.17.3,FR5,67,4.02,nan,5,Left,Left,1193,234,237,0,nan,nan,0.11
4/25/2026 3:22:59,1.17.3,FR5,67,4.02,nan,5,Left,Left,1194,234,237,0,nan,nan,0.09
4/25/2026 3:23:00,1.17.3,FR5,67,4.02,nan,5,Left,Left,1195,234,237,0,nan,nan,0.00
4/25/2026 3:23:01,1.17.3,FR5,67,4.02,1,5,Pellet,Left,1195,234,238,0,0.17,5361,nan
4/25/2026 3:23:17,1.17.3,FR5,67,4.02,nan,5,Left,Left,1196,234,238,0,nan,nan,0.07
4/25/2026 3:23:19,1.17.3,FR5,67,4.02,nan,5,Left,Left,1197,234,238,0,nan,nan,1.10
4/25/2026 3:23:23,1.17.3,FR5,67,4.02,nan,5,Left,Left,1198,234,238,0,nan,nan,0.28
4/25/2026 3:23:25,1.17.3,FR5,67,4.02,nan,5,Left,Left,1199,234,238,0,nan,nan,0.16
4/25/2026 3:23:26,1.17.3,FR5,67,4.02,nan,5,Left,Left,1200,234,238,0,nan,nan,0.00
4/25/2026 3:23:26,1.17.3,FR5,67,4.02,nan,5,LeftDuringDispense,Left,1201,234,238,0,nan,nan,0.12
4/25/2026 3:23:29,1.17.3,FR5,67,4.02,2,5,Pellet,Left,1201,234,239,0,0.41,28,nan
4/25/2026 3:23:39,1.17.3,FR5,67,4.02,nan,5,Left,Left,1202,234,239,0,nan,nan,0.29
4/25/2026 3:23:40,1.17.3,FR5,67,4.02,nan,5,Left,Left,1203,234,239,0,nan,nan,0.40
4/25/2026 3:23:42,1.17.3,FR5,67,4.02,nan,5,Left,Left,1204,234,239,0,nan,nan,0.14
4/25/2026 3:23:46,1.17.3,FR5,67,4.02,nan,5,Left,Left,1205,234,239,0,nan,nan,0.48
4/25/2026 3:23:46,1.17.3,FR5,67,4.02,1,5,Pellet,Left,1205,234,240,0,0.06,17,nan
4/25/2026 3:23:54,1.17.3,FR5,67,4.01,nan,5,Left,Left,1206,234,240,0,nan,nan,0.66
4/25/2026 3:23:56,1.17.3,FR5,67,4.02,nan,5,Left,Left,1207,234,240,0,nan,nan,0.45
4/25/2026 3:24:00,1.17.3,FR5,67,4.02,nan,5,Left,Left,1208,234,240,0,nan,nan,0.12
4/25/2026 3:24:03,1.17.3,FR5,67,4.02,nan,5,Left,Left,1209,234,240,0,nan,nan,0.15
4/25/2026 3:24:04,1.17.3,FR5,67,4.02,nan,5,Left,Left,1210,234,240,0,nan,nan,0.00
4/25/2026 3:24:05,1.17.3,FR5,67,4.02,1,5,Pellet,Left,1210,234,241,0,0.35,19,nan
4/25/2026 3:24:11,1.17.3,FR5,67,4.02,nan,5,Left,Left,1211,234,241,0,nan,nan,0.22
4/25/2026 3:24:12,1.17.3,FR5,67,4.02,nan,5,Left,Left,1212,234,241,0,nan,nan,0.70
4/25/2026 3:24:14,1.17.3,FR5,67,4.02,nan,5,Left,Left,1213,234,241,0,nan,nan,0.00
4/25/2026 3:24:16,1.17.3,FR5,67,4.01,nan,5,Left,Left,1214,234,241,0,nan,nan,0.11
4/25/2026 3:24:19,1.17.3,FR5,67,4.02,nan,5,Left,Left,1215,234,241,0,nan,nan,0.21
4/25/2026 3:24:21,1.17.3,FR5,67,4.02,2,5,Pellet,Left,1215,234,242,0,0.77,16,nan
4/25/2026 3:24:31,1.17.3,FR5,67,4.02,nan,5,Left,Left,1216,234,242,0,nan,nan,0.16
4/25/2026 3:24:34,1.17.3,FR5,67,4.02,nan,5,Left,Left,1217,234,242,0,nan,nan,0.44
4/25/2026 3:24:36,1.17.3,FR5,67,4.02,nan,5,Left,Left,1218,234,242,0,nan,nan,0.70
4/25/2026 3:24:37,1.17.3,FR5,67,4.02,nan,5,Left,Left,1219,234,242,0,nan,nan,0.21
4/25/2026 3:24:38,1.17.3,FR5,67,4.02,nan,5,Left,Left,1220,234,242,0,nan,nan,0.00
4/25/2026 3:24:39,1.17.3,FR5,67,4.02,1,5,Pellet,Left,1220,234,243,0,0.23,18,nan
4/25/2026 3:24:51,1.17.3,FR5,67,4.02,nan,5,Left,Left,1221,234,243,0,nan,nan,0.26
4/25/2026 3:24:52,1.17.3,FR5,67,4.02,nan,5,Left,Left,1222,234,243,0,nan,nan,0.19
4/25/2026 3:24:54,1.17.3,FR5,67,4.02,nan,5,Left,Left,1223,234,243,0,nan,nan,0.32
4/25/2026 3:24:56,1.17.3,FR5,67,4.02,nan,5,Left,Left,1224,234,243,0,nan,nan,0.27
4/25/2026 3:25:00,1.17.3,FR5,67,4.02,nan,5,Left,Left,1225,234,243,0,nan,nan,0.54
4/25/2026 3:25:01,1.17.3,FR5,67,4.02,2,5,Pellet,Left,1225,234,244,0,0.12,22,nan
4/25/2026 3:25:15,1.17.3,FR5,67,4.02,nan,5,Left,Left,1226,234,244,0,nan,nan,0.46
4/25/2026 3:25:17,1.17.3,FR5,67,4.02,nan,5,Left,Left,1227,234,244,0,nan,nan,0.80
4/25/2026 3:25:18,1.17.3,FR5,67,4.02,nan,5,Left,Left,1228,234,244,0,nan,nan,0.48
4/25/2026 3:25:20,1.17.3,FR5,67,4.02,nan,5,Left,Left,1229,234,244,0,nan,nan,0.49
4/25/2026 3:25:20,1.17.3,FR5,67,4.02,nan,5,Left,Left,1230,234,244,0,nan,nan,0.36
4/25/2026 3:25:22,1.17.3,FR5,67,4.02,1,5,Pellet,Left,1230,234,245,0,0.53,21,nan
4/25/2026 3:25:30,1.17.3,FR5,67,4.02,nan,5,Left,Left,1231,234,245,0,nan,nan,0.19
4/25/2026 3:30:49,1.17.3,FR5,67,4.02,nan,5,Left,Left,1232,234,245,0,nan,nan,0.12
4/25/2026 3:33:05,1.17.3,FR5,67,4.02,nan,5,Left,Left,1233,234,245,0,nan,nan,0.03
4/25/2026 3:40:51,1.17.3,FR5,67,4.02,nan,5,Left,Left,1234,234,245,0,nan,nan,0.19
4/25/2026 3:40:52,1.17.3,FR5,67,4.02,nan,5,Left,Left,1235,234,245,0,nan,nan,0.02
4/25/2026 3:40:53,1.17.3,FR5,67,4.02,1,5,Pellet,Left,1235,234,246,0,0.12,931,nan
4/25/2026 3:42:42,1.17.3,FR5,67,4.02,nan,5,Right,Left,1235,235,246,0,nan,nan,0.00
4/25/2026 3:48:51,1.17.3,FR5,67,4.02,nan,5,Left,Left,1236,235,246,0,nan,nan,0.10
4/25/2026 3:52:55,1.17.3,FR5,67,4.02,nan,5,Left,Left,1237,235,246,0,nan,nan,0.00
4/25/2026 5:12:12,1.17.3,FR5,67,4.02,nan,5,Left,Left,1238,235,246,0,nan,nan,0.10
4/25/2026 5:12:13,1.17.3,FR5,67,4.02,nan,5,Left,Left,1239,235,246,0,nan,nan,0.27
4/25/2026 5:12:15,1.17.3,FR5,67,4.02,nan,5,Left,Left,1240,235,246,0,nan,nan,0.06
4/25/2026 5:12:17,1.17.3,FR5,67,4.02,1,5,Pellet,Left,1240,235,247,0,0.83,5484,nan
4/25/2026 5:12:28,1.17.3,FR5,67,4.02,nan,5,Left,Left,1241,235,247,0,nan,nan,0.32
4/25/2026 5:12:29,1.17.3,FR5,67,4.02,nan,5,Left,Left,1242,235,247,0,nan,nan,0.24
4/25/2026 5:12:33,1.17.3,FR5,67,4.02,nan,5,Left,Left,1243,235,247,0,nan,nan,0.23
4/25/2026 5:12:35,1.17.3,FR5,67,4.02,nan,5,Left,Left,1244,235,247,0,nan,nan,0.02
4/25/2026 5:12:38,1.17.3,FR5,67,4.02,nan,5,Left,Left,1245,235,247,0,nan,nan,0.19
4/25/2026 5:12:38,1.17.3,FR5,67,4.02,nan,5,LeftDuringDispense,Left,1246,235,247,0,nan,nan,0.08
4/25/2026 5:12:39,1.17.3,FR5,67,4.02,nan,5,LeftWithPellet,Left,1247,235,247,0,nan,nan,0.21
4/25/2026 5:12:41,1.17.3,FR5,67,4.02,1,5,Pellet,Left,1247,235,248,0,2.64,24,nan
4/25/2026 5:13:03,1.17.3,FR5,67,4.02,nan,5,Left,Left,1248,235,248,0,nan,nan,0.12
4/25/2026 5:13:04,1.17.3,FR5,67,4.01,nan,5,Left,Left,1249,235,248,0,nan,nan,0.00
4/25/2026 5:13:06,1.17.3,FR5,67,4.01,nan,5,Left,Left,1250,235,248,0,nan,nan,0.16
4/25/2026 5:13:08,1.17.3,FR5,67,4.02,2,5,Pellet,Left,1250,235,249,0,1.01,27,nan
4/25/2026 5:13:17,1.17.3,FR5,67,4.02,nan,5,Left,Left,1251,235,249,0,nan,nan,0.03
4/25/2026 5:13:24,1.17.3,FR5,67,4.02,nan,5,Left,Left,1252,235,249,0,nan,nan,0.23
4/25/2026 5:13:38,1.17.3,FR5,67,4.02,nan,5,Left,Left,1253,235,249,0,nan,nan,0.04
4/25/2026 5:13:40,1.17.3,FR5,67,4.01,nan,5,Left,Left,1254,235,249,0,nan,nan,0.11
4/25/2026 5:13:43,1.17.3,FR5,67,4.02,nan,5,Left,Left,1255,235,249,0,nan,nan,0.08
4/25/2026 5:13:44,1.17.3,FR5,67,4.02,2,5,Pellet,Left,1255,235,250,0,0.12,36,nan
4/25/2026 5:14:25,1.17.3,FR5,67,4.02,nan,5,Left,Left,1256,235,250,0,nan,nan,0.16
4/25/2026 5:14:31,1.17.3,FR5,67,4.01,nan,5,Left,Left,1257,235,250,0,nan,nan,0.27
4/25/2026 5:14:32,1.17.3,FR5,67,4.02,nan,5,Left,Left,1258,235,250,0,nan,nan,0.39
4/25/2026 5:14:34,1.17.3,FR5,67,4.01,nan,5,Left,Left,1259,235,250,0,nan,nan,0.12
4/25/2026 5:14:35,1.17.3,FR5,67,4.02,nan,5,Left,Left,1260,235,250,0,nan,nan,0.07
4/25/2026 5:14:36,1.17.3,FR5,67,4.01,1,5,Pellet,Left,1260,235,251,0,0.29,52,nan
4/25/2026 5:18:03,1.17.3,FR5,67,4.02,nan,5,Right,Left,1260,236,251,0,nan,nan,0.13
4/25/2026 5:23:59,1.17.3,FR5,67,4.01,nan,5,Left,Left,1261,236,251,0,nan,nan,0.02
4/25/2026 5:39:10,1.17.3,FR5,67,4.02,nan,5,Right,Left,1261,237,251,0,nan,nan,0.50
4/25/2026 5:39:26,1.17.3,FR5,67,4.02,nan,5,Left,Left,1262,237,251,0,nan,nan,0.28
4/25/2026 5:39:32,1.17.3,FR5,67,4.02,nan,5,Left,Left,1263,237,251,0,nan,nan,0.00
4/25/2026 5:39:39,1.17.3,FR5,67,4.02,nan,5,Right,Left,1263,238,251,0,nan,nan,0.36
4/25/2026 5:39:39,1.17.3,FR5,67,4.01,nan,5,Right,Left,1263,239,251,0,nan,nan,0.03
4/25/2026 5:39:46,1.17.3,FR5,67,4.02,nan,5,Right,Left,1263,240,251,0,nan,nan,0.00
4/25/2026 5:39:49,1.17.3,FR5,67,4.02,nan,5,Left,Left,1264,240,251,0,nan,nan,0.06
4/25/2026 5:45:08,1.17.3,FR5,67,4.01,nan,5,Left,Left,1265,240,251,0,nan,nan,0.14
4/25/2026 5:45:09,1.17.3,FR5,67,4.02,1,5,Pellet,Left,1265,240,252,0,0.11,1833,nan
4/25/2026 6:30:56,1.17.3,FR5,67,4.01,nan,5,Left,Left,1266,240,252,0,nan,nan,0.13
4/25/2026 6:30:59,1.17.3,FR5,67,4.01,nan,5,Left,Left,1267,240,252,0,nan,nan,0.11
4/25/2026 6:31:08,1.17.3,FR5,67,4.02,nan,5,Left,Left,1268,240,252,0,nan,nan,0.19
4/25/2026 6:31:13,1.17.3,FR5,67,4.01,nan,5,Left,Left,1269,240,252,0,nan,nan,0.27
4/25/2026 6:31:14,1.17.3,FR5,67,4.01,nan,5,Left,Left,1270,240,252,0,nan,nan,0.17
4/25/2026 6:31:15,1.17.3,FR5,67,4.02,1,5,Pellet,Left,1270,240,253,0,0.71,2766,nan
4/25/2026 6:33:35,1.17.3,FR5,67,4.02,nan,5,Left,Left,1271,240,253,0,nan,nan,0.11
4/25/2026 6:33:37,1.17.3,FR5,67,4.02,nan,5,Left,Left,1272,240,253,0,nan,nan,0.21
4/25/2026 6:33:39,1.17.3,FR5,67,4.01,nan,5,Left,Left,1273,240,253,0,nan,nan,0.16
4/25/2026 6:33:41,1.17.3,FR5,67,4.02,nan,5,Left,Left,1274,240,253,0,nan,nan,0.27
4/25/2026 6:33:42,1.17.3,FR5,67,4.01,nan,5,Left,Left,1275,240,253,0,nan,nan,0.23
4/25/2026 6:33:44,1.17.3,FR5,67,4.01,1,5,Pellet,Left,1275,240,254,0,1.19,149,nan
4/25/2026 6:34:39,1.17.3,FR5,67,4.02,nan,5,Left,Left,1276,240,254,0,nan,nan,0.43
4/25/2026 6:35:01,1.17.3,FR5,67,4.02,nan,5,Left,Left,1277,240,254,0,nan,nan,0.14
4/25/2026 6:35:03,1.17.3,FR5,67,4.02,nan,5,Left,Left,1278,240,254,0,nan,nan,0.41
4/25/2026 6:35:04,1.17.3,FR5,67,4.02,nan,5,Left,Left,1279,240,254,0,nan,nan,0.25
4/25/2026 6:35:05,1.17.3,FR5,67,4.01,nan,5,Left,Left,1280,240,254,0,nan,nan,0.16
4/25/2026 6:35:06,1.17.3,FR5,67,4.01,1,5,Pellet,Left,1280,240,255,0,0.29,82,nan
4/25/2026 6:35:35,1.17.3,FR5,67,4.02,nan,5,Left,Left,1281,240,255,0,nan,nan,0.16
4/25/2026 6:35:36,1.17.3,FR5,67,4.01,nan,5,Left,Left,1282,240,255,0,nan,nan,0.12
4/25/2026 6:35:39,1.17.3,FR5,67,4.01,nan,5,Left,Left,1283,240,255,0,nan,nan,0.04
4/25/2026 6:37:20,1.17.3,FR5,67,4.01,nan,5,Left,Left,1284,240,255,0,nan,nan,0.09
4/25/2026 6:37:21,1.17.3,FR5,67,4.01,nan,5,Left,Left,1285,240,255,0,nan,nan,0.16
4/25/2026 6:37:22,1.17.3,FR5,67,4.01,1,5,Pellet,Left,1285,240,256,0,0.23,136,nan
4/25/2026 6:53:26,1.17.3,FR5,67,4.01,nan,5,Left,Left,1286,240,256,0,nan,nan,0.25
4/25/2026 6:54:46,1.17.3,FR5,67,4.01,nan,5,Right,Left,1286,241,256,0,nan,nan,0.22
4/25/2026 7:04:27,1.17.3,FR5,67,4.01,nan,5,Right,Left,1286,242,256,0,nan,nan,0.37
4/25/2026 7:18:09,1.17.3,FR5,67,4.01,nan,5,Right,Left,1286,243,256,0,nan,nan,0.05
4/25/2026 7:18:15,1.17.3,FR5,67,4.01,nan,5,Right,Left,1286,244,256,0,nan,nan,0.00
4/25/2026 7:20:07,1.17.3,FR5,67,4.01,nan,5,Right,Left,1286,245,256,0,nan,nan,0.19
4/25/2026 7:22:17,1.17.3,FR5,67,4.01,nan,5,Left,Left,1287,245,256,0,nan,nan,0.27
4/25/2026 7:29:09,1.17.3,FR5,67,4.01,nan,5,Right,Left,1287,246,256,0,nan,nan,0.21
4/25/2026 7:34:37,1.17.3,FR5,67,4.01,nan,5,Right,Left,1287,247,256,0,nan,nan,0.09
4/25/2026 7:34:55,1.17.3,FR5,67,4.01,nan,5,Right,Left,1287,248,256,0,nan,nan,0.05
4/25/2026 8:46:08,1.17.3,FR5,67,4.01,nan,5,Left,Left,1288,248,256,0,nan,nan,0.39
4/25/2026 8:46:11,1.17.3,FR5,67,4.01,nan,5,Left,Left,1289,248,256,0,nan,nan,0.02
4/25/2026 8:46:15,1.17.3,FR5,67,4.01,nan,5,Left,Left,1290,248,256,0,nan,nan,0.21
4/25/2026 8:46:16,1.17.3,FR5,67,4.01,1,5,Pellet,Left,1290,248,257,0,0.59,7734,nan
4/25/2026 8:46:26,1.17.3,FR5,67,4.01,nan,5,Left,Left,1291,248,257,0,nan,nan,0.30
4/25/2026 8:46:49,1.17.3,FR5,67,4.00,nan,5,Left,Left,1292,248,257,0,nan,nan,0.58
4/25/2026 8:46:53,1.17.3,FR5,67,4.01,nan,5,Left,Left,1293,248,257,0,nan,nan,0.31
4/25/2026 9:43:55,1.17.3,FR5,67,4.01,nan,5,Right,Left,1293,249,257,0,nan,nan,2.30
4/25/2026 9:44:03,1.17.3,FR5,67,4.00,nan,5,Left,Left,1294,249,257,0,nan,nan,0.57
4/25/2026 9:44:05,1.17.3,FR5,67,4.00,nan,5,Left,Left,1295,249,257,0,nan,nan,0.01
4/25/2026 9:44:06,1.17.3,FR5,67,4.00,nan,5,LeftWithPellet,Left,1296,249,257,0,nan,nan,0.26
4/25/2026 9:44:08,1.17.3,FR5,67,4.00,1,5,Pellet,Left,1296,249,258,0,2.51,3472,nan
4/25/2026 9:44:22,1.17.3,FR5,67,4.01,nan,5,Left,Left,1297,249,258,0,nan,nan,0.31
4/25/2026 9:44:23,1.17.3,FR5,67,4.01,nan,5,Left,Left,1298,249,258,0,nan,nan,0.03
4/25/2026 9:44:28,1.17.3,FR5,67,4.00,nan,5,Left,Left,1299,249,258,0,nan,nan,0.04
4/25/2026 9:44:30,1.17.3,FR5,67,4.00,nan,5,Left,Left,1300,249,258,0,nan,nan,0.02
4/25/2026 9:44:33,1.17.3,FR5,67,4.00,1,5,Pellet,Left,1300,249,259,0,1.31,25,nan
4/25/2026 9:44:58,1.17.3,FR5,67,4.00,nan,5,Left,Left,1301,249,259,0,nan,nan,0.43
4/25/2026 9:45:02,1.17.3,FR5,67,4.00,nan,5,Left,Left,1302,249,259,0,nan,nan,0.04
4/25/2026 9:45:07,1.17.3,FR5,67,4.00,nan,5,Left,Left,1303,249,259,0,nan,nan,0.29
4/25/2026 9:45:09,1.17.3,FR5,67,4.00,nan,5,Left,Left,1304,249,259,0,nan,nan,0.12
4/25/2026 9:45:29,1.17.3,FR5,67,4.00,nan,5,Left,Left,1305,249,259,0,nan,nan,0.37
4/25/2026 9:45:31,1.17.3,FR5,67,4.00,1,5,Pellet,Left,1305,249,260,0,1.79,58,nan
4/25/2026 9:46:00,1.17.3,FR5,67,4.00,nan,5,Left,Left,1306,249,260,0,nan,nan,0.18
4/25/2026 9:46:01,1.17.3,FR5,67,4.00,nan,5,Left,Left,1307,249,260,0,nan,nan,0.25
4/25/2026 9:46:02,1.17.3,FR5,67,4.01,nan,5,Left,Left,1308,249,260,0,nan,nan,0.04
4/25/2026 9:46:04,1.17.3,FR5,67,4.00,nan,5,Left,Left,1309,249,260,0,nan,nan,0.10
4/25/2026 9:46:05,1.17.3,FR5,67,4.01,nan,5,Left,Left,1310,249,260,0,nan,nan,0.00
4/25/2026 9:46:06,1.17.3,FR5,67,4.00,1,5,Pellet,Left,1310,249,261,0,0.17,35,nan
4/25/2026 9:46:16,1.17.3,FR5,67,4.00,nan,5,Left,Left,1311,249,261,0,nan,nan,0.33
4/25/2026 9:46:18,1.17.3,FR5,67,4.00,nan,5,Left,Left,1312,249,261,0,nan,nan,0.55
4/25/2026 9:46:20,1.17.3,FR5,67,4.00,nan,5,Left,Left,1313,249,261,0,nan,nan,0.53
4/25/2026 9:46:21,1.17.3,FR5,67,4.00,nan,5,Left,Left,1314,249,261,0,nan,nan,0.18
4/25/2026 9:46:22,1.17.3,FR5,67,4.00,nan,5,Left,Left,1315,249,261,0,nan,nan,0.41
4/25/2026 9:46:23,1.17.3,FR5,67,4.00,1,5,Pellet,Left,1315,249,262,0,0.29,17,nan
4/25/2026 10:48:41,1.17.3,FR5,67,4.00,nan,5,Right,Left,1315,250,262,0,nan,nan,0.30
4/25/2026 10:48:47,1.17.3,FR5,67,4.00,nan,5,Left,Left,1316,250,262,0,nan,nan,0.00
4/25/2026 10:48:49,1.17.3,FR5,67,4.00,nan,5,Left,Left,1317,250,262,0,nan,nan,0.21
4/25/2026 10:48:50,1.17.3,FR5,67,4.01,nan,5,Left,Left,1318,250,262,0,nan,nan,0.12
4/25/2026 10:48:53,1.17.3,FR5,67,4.00,nan,5,Left,Left,1319,250,262,0,nan,nan,0.70
4/25/2026 10:48:54,1.17.3,FR5,67,4.00,nan,5,Left,Left,1320,250,262,0,nan,nan,0.21
4/25/2026 10:48:55,1.17.3,FR5,67,4.00,1,5,Pellet,Left,1320,250,263,0,0.65,3752,nan
4/25/2026 10:49:04,1.17.3,FR5,67,4.00,nan,5,Left,Left,1321,250,263,0,nan,nan,0.16
4/25/2026 10:49:05,1.17.3,FR5,67,4.00,nan,5,Left,Left,1322,250,263,0,nan,nan,0.40
4/25/2026 10:49:07,1.17.3,FR5,67,4.00,nan,5,Left,Left,1323,250,263,0,nan,nan,0.12
4/25/2026 10:49:09,1.17.3,FR5,67,4.00,nan,5,Left,Left,1324,250,263,0,nan,nan,0.19
4/25/2026 10:49:11,1.17.3,FR5,67,4.00,nan,5,Left,Left,1325,250,263,0,nan,nan,0.39
4/25/2026 10:49:14,1.17.3,FR5,67,4.00,2,5,Pellet,Left,1325,250,264,0,0.83,19,nan
4/25/2026 10:49:21,1.17.3,FR5,67,4.00,nan,5,Left,Left,1326,250,264,0,nan,nan,0.79
4/25/2026 10:49:23,1.17.3,FR5,67,4.00,nan,5,Left,Left,1327,250,264,0,nan,nan,0.18
4/25/2026 10:49:26,1.17.3,FR5,67,4.00,nan,5,Left,Left,1328,250,264,0,nan,nan,0.08
4/25/2026 13:03:05,1.17.3,FR5,67,4.00,nan,5,Right,Left,1328,251,264,0,nan,nan,0.12
4/25/2026 13:03:09,1.17.3,FR5,67,4.00,nan,5,Left,Left,1329,251,264,0,nan,nan,0.20
4/25/2026 14:45:07,1.17.3,FR5,67,3.99,nan,5,Left,Left,1330,251,264,0,nan,nan,0.14
4/25/2026 14:45:08,1.17.3,FR5,67,3.99,nan,5,LeftDuringDispense,Left,1331,251,264,0,nan,nan,0.07
4/25/2026 14:45:10,1.17.3,FR5,67,4.00,nan,5,LeftDuringDispense,Left,1332,251,264,0,nan,nan,0.03
4/25/2026 14:45:12,1.17.3,FR5,67,3.99,nan,5,LeftDuringDispense,Left,1333,251,264,0,nan,nan,0.21
4/25/2026 14:45:13,1.17.3,FR5,67,4.00,nan,5,LeftDuringDispense,Left,1334,251,264,0,nan,nan,0.44
4/25/2026 14:45:16,1.17.3,FR5,67,4.00,4,5,Pellet,Left,1334,251,265,0,0.41,14162,nan
4/25/2026 14:45:27,1.17.3,FR5,67,3.99,nan,5,Left,Left,1335,251,265,0,nan,nan,0.21
4/25/2026 14:45:32,1.17.3,FR5,67,4.00,1,5,Pellet,Left,1335,251,266,0,4.79,16,nan
4/25/2026 14:45:58,1.17.3,FR5,67,4.00,nan,5,Left,Left,1336,251,266,0,nan,nan,0.27
4/25/2026 14:46:00,1.17.3,FR5,67,3.99,nan,5,Left,Left,1337,251,266,0,nan,nan,0.14
4/25/2026 14:46:01,1.17.3,FR5,67,4.00,nan,5,Left,Left,1338,251,266,0,nan,nan,0.20
4/25/2026 14:46:02,1.17.3,FR5,67,4.00,nan,5,Left,Left,1339,251,266,0,nan,nan,0.24
4/25/2026 14:46:05,1.17.3,FR5,67,3.99,nan,5,Left,Left,1340,251,266,0,nan,nan,0.12
4/25/2026 14:46:06,1.17.3,FR5,67,4.00,1,5,Pellet,Left,1340,251,267,0,0.17,34,nan
4/25/2026 14:46:14,1.17.3,FR5,67,3.99,nan,5,Left,Left,1341,251,267,0,nan,nan,0.22
4/25/2026 14:46:15,1.17.3,FR5,67,4.00,nan,5,Left,Left,1342,251,267,0,nan,nan,0.25
4/25/2026 14:46:16,1.17.3,FR5,67,4.00,nan,5,Left,Left,1343,251,267,0,nan,nan,0.26
4/25/2026 14:46:17,1.17.3,FR5,67,4.00,nan,5,Left,Left,1344,251,267,0,nan,nan,0.10
4/25/2026 14:46:31,1.17.3,FR5,67,3.99,nan,5,Left,Left,1345,251,267,0,nan,nan,0.01
4/25/2026 14:46:32,1.17.3,FR5,67,3.99,nan,5,LeftDuringDispense,Left,1346,251,267,0,nan,nan,0.16
4/25/2026 14:46:35,1.17.3,FR5,67,3.99,3,5,Pellet,Left,1346,251,268,0,0.06,29,nan
4/25/2026 14:46:46,1.17.3,FR5,67,3.99,nan,5,Left,Left,1347,251,268,0,nan,nan,0.38
4/25/2026 14:46:47,1.17.3,FR5,67,4.00,nan,5,Left,Left,1348,251,268,0,nan,nan,0.24
4/25/2026 14:46:48,1.17.3,FR5,67,3.99,nan,5,Left,Left,1349,251,268,0,nan,nan,0.00
4/25/2026 14:47:04,1.17.3,FR5,67,3.99,nan,5,Left,Left,1350,251,268,0,nan,nan,0.18
4/25/2026 14:47:04,1.17.3,FR5,67,4.00,1,5,Pellet,Left,1350,251,269,0,0.11,29,nan
4/25/2026 14:47:12,1.17.3,FR5,67,4.00,nan,5,Left,Left,1351,251,269,0,nan,nan,0.31
4/25/2026 14:47:13,1.17.3,FR5,67,4.00,nan,5,Left,Left,1352,251,269,0,nan,nan,0.00
4/25/2026 14:47:14,1.17.3,FR5,67,3.99,nan,5,Left,Left,1353,251,269,0,nan,nan,0.19
4/25/2026 15:49:34,1.17.3,FR5,67,3.99,nan,5,Left,Left,1354,251,269,0,nan,nan,0.28
4/25/2026 15:49:34,1.17.3,FR5,67,3.99,nan,5,Left,Left,1355,251,269,0,nan,nan,0.01
4/25/2026 15:49:36,1.17.3,FR5,67,4.00,1,5,Pellet,Left,1355,251,270,0,1.25,3752,nan
4/25/2026 15:49:51,1.17.3,FR5,67,3.99,nan,5,Left,Left,1356,251,270,0,nan,nan,0.17
4/25/2026 15:49:53,1.17.3,FR5,67,3.99,nan,5,Left,Left,1357,251,270,0,nan,nan,0.46
4/25/2026 15:50:06,1.17.3,FR5,67,3.99,nan,5,Left,Left,1358,251,270,0,nan,nan,0.02
4/25/2026 15:50:07,1.17.3,FR5,67,3.99,nan,5,Left,Left,1359,251,270,0,nan,nan,0.15
4/25/2026 15:50:08,1.17.3,FR5,67,3.99,nan,5,Left,Left,1360,251,270,0,nan,nan,0.42
4/25/2026 15:50:10,1.17.3,FR5,67,3.99,1,5,Pellet,Left,1360,251,271,0,0.29,34,nan
4/25/2026 15:50:17,1.17.3,FR5,67,4.00,nan,5,Left,Left,1361,251,271,0,nan,nan,0.19
4/25/2026 15:50:19,1.17.3,FR5,67,3.99,nan,5,Left,Left,1362,251,271,0,nan,nan,0.44
4/25/2026 15:50:20,1.17.3,FR5,67,3.99,nan,5,Left,Left,1363,251,271,0,nan,nan,0.08
4/25/2026 15:50:22,1.17.3,FR5,67,3.99,nan,5,Left,Left,1364,251,271,0,nan,nan,0.32
4/25/2026 15:50:25,1.17.3,FR5,67,4.00,nan,5,Left,Left,1365,251,271,0,nan,nan,0.02
4/25/2026 15:50:27,1.17.3,FR5,67,3.99,1,5,Pellet,Left,1365,251,272,0,0.47,17,nan
4/25/2026 17:36:35,1.17.3,FR5,67,3.99,nan,5,Left,Left,1366,251,272,0,nan,nan,0.31
4/25/2026 17:36:40,1.17.3,FR5,67,3.99,nan,5,Left,Left,1367,251,272,0,nan,nan,0.14
4/25/2026 17:36:43,1.17.3,FR5,67,3.98,nan,5,Left,Left,1368,251,272,0,nan,nan,0.47
4/25/2026 17:36:45,1.17.3,FR5,67,3.98,nan,5,Left,Left,1369,251,272,0,nan,nan,0.16
4/25/2026 17:36:49,1.17.3,FR5,67,3.98,nan,5,Left,Left,1370,251,272,0,nan,nan,0.33
4/25/2026 17:36:50,1.17.3,FR5,67,3.98,1,5,Pellet,Left,1370,251,273,0,0.17,6383,nan
4/25/2026 17:37:06,1.17.3,FR5,67,3.99,nan,5,Left,Left,1371,251,273,0,nan,nan,0.12
4/25/2026 17:37:10,1.17.3,FR5,67,3.99,nan,5,Left,Left,1372,251,273,0,nan,nan,0.02
4/25/2026 17:37:11,1.17.3,FR5,67,3.98,nan,5,Left,Left,1373,251,273,0,nan,nan,0.22
4/25/2026 17:37:14,1.17.3,FR5,67,3.98,nan,5,Left,Left,1374,251,273,0,nan,nan,0.21
4/25/2026 17:37:14,1.17.3,FR5,67,3.98,nan,5,Left,Left,1375,251,273,0,nan,nan,0.14
4/25/2026 17:37:15,1.17.3,FR5,67,3.99,1,5,Pellet,Left,1375,251,274,0,0.29,25,nan
4/25/2026 17:37:21,1.17.3,FR5,67,3.99,nan,5,Left,Left,1376,251,274,0,nan,nan,0.01
4/25/2026 17:37:28,1.17.3,FR5,67,3.99,nan,5,Left,Left,1377,251,274,0,nan,nan,0.44
4/25/2026 17:37:29,1.17.3,FR5,67,3.98,nan,5,Left,Left,1378,251,274,0,nan,nan,0.27
4/25/2026 17:37:32,1.17.3,FR5,67,3.98,nan,5,Left,Left,1379,251,274,0,nan,nan,0.04
4/25/2026 17:37:34,1.17.3,FR5,67,3.98,nan,5,Left,Left,1380,251,274,0,nan,nan,0.23
4/25/2026 17:37:35,1.17.3,FR5,67,3.99,2,5,Pellet,Left,1380,251,275,0,0.11,20,nan
4/25/2026 17:37:46,1.17.3,FR5,67,3.99,nan,5,Left,Left,1381,251,275,0,nan,nan,0.32
4/25/2026 17:37:47,1.17.3,FR5,67,3.98,nan,5,Left,Left,1382,251,275,0,nan,nan,0.11
4/25/2026 17:37:48,1.17.3,FR5,67,3.98,nan,5,Left,Left,1383,251,275,0,nan,nan,0.02
4/25/2026 17:37:49,1.17.3,FR5,67,3.98,nan,5,Left,Left,1384,251,275,0,nan,nan,0.00
4/25/2026 17:37:50,1.17.3,FR5,67,3.99,nan,5,Left,Left,1385,251,275,0,nan,nan,0.50
4/25/2026 17:37:51,1.17.3,FR5,67,3.98,1,5,Pellet,Left,1385,251,276,0,0.53,16,nan
4/25/2026 17:39:42,1.17.3,FR5,67,3.99,nan,5,Right,Left,1385,252,276,0,nan,nan,0.67
4/25/2026 18:31:54,1.17.3,FR5,67,3.98,nan,5,Right,Left,1385,253,276,0,nan,nan,2010.02
4/25/2026 18:31:58,1.17.3,FR5,67,3.98,nan,5,Left,Left,1386,253,276,0,nan,nan,0.08
4/25/2026 18:31:59,1.17.3,FR5,67,3.98,nan,5,Left,Left,1387,253,276,0,nan,nan,0.23
4/25/2026 18:32:00,1.17.3,FR5,67,3.98,nan,5,Left,Left,1388,253,276,0,nan,nan,0.09
4/25/2026 18:32:02,1.17.3,FR5,67,3.98,nan,5,Left,Left,1389,253,276,0,nan,nan,0.09
4/25/2026 18:32:03,1.17.3,FR5,67,3.98,nan,5,Left,Left,1390,253,276,0,nan,nan,0.40
4/25/2026 18:32:04,1.17.3,FR5,67,3.98,1,5,Pellet,Left,1390,253,277,0,0.17,3253,nan
4/25/2026 18:32:21,1.17.3,FR5,67,3.98,nan,5,Left,Left,1391,253,277,0,nan,nan,0.42
4/25/2026 18:32:21,1.17.3,FR5,67,3.98,nan,5,Left,Left,1392,253,277,0,nan,nan,0.00
4/25/2026 18:32:22,1.17.3,FR5,67,3.98,nan,5,Left,Left,1393,253,277,0,nan,nan,0.00
4/25/2026 18:32:24,1.17.3,FR5,67,3.98,nan,5,Left,Left,1394,253,277,0,nan,nan,0.35
4/25/2026 18:32:25,1.17.3,FR5,67,3.98,nan,5,Left,Left,1395,253,277,0,nan,nan,0.41
4/25/2026 18:32:26,1.17.3,FR5,67,3.98,1,5,Pellet,Left,1395,253,278,0,0.71,22,nan
4/25/2026 18:32:36,1.17.3,FR5,67,3.98,nan,5,Left,Left,1396,253,278,0,nan,nan,0.10
4/25/2026 18:32:37,1.17.3,FR5,67,3.98,nan,5,Left,Left,1397,253,278,0,nan,nan,0.25
4/25/2026 18:32:38,1.17.3,FR5,67,3.98,nan,5,Left,Left,1398,253,278,0,nan,nan,0.29
4/25/2026 18:32:39,1.17.3,FR5,67,3.98,nan,5,Left,Left,1399,253,278,0,nan,nan,0.47
4/25/2026 18:32:40,1.17.3,FR5,67,3.98,nan,5,Left,Left,1400,253,278,0,nan,nan,0.12
4/25/2026 18:32:41,1.17.3,FR5,67,3.98,1,5,Pellet,Left,1400,253,279,0,0.29,15,nan
4/25/2026 18:32:59,1.17.3,FR5,67,3.98,nan,5,Left,Left,1401,253,279,0,nan,nan,0.03
4/25/2026 18:33:00,1.17.3,FR5,67,3.98,nan,5,Left,Left,1402,253,279,0,nan,nan,0.44
4/25/2026 18:33:01,1.17.3,FR5,67,3.98,nan,5,Left,Left,1403,253,279,0,nan,nan,0.42
4/25/2026 18:33:03,1.17.3,FR5,67,3.98,nan,5,Left,Left,1404,253,279,0,nan,nan,0.18
4/25/2026 18:33:04,1.17.3,FR5,67,3.98,nan,5,Left,Left,1405,253,279,0,nan,nan,0.28
4/25/2026 18:33:06,1.17.3,FR5,67,3.98,1,5,Pellet,Left,1405,253,280,0,0.47,25,nan
4/25/2026 18:33:17,1.17.3,FR5,67,3.99,nan,5,Left,Left,1406,253,280,0,nan,nan,0.03
4/25/2026 18:33:18,1.17.3,FR5,67,3.98,nan,5,Left,Left,1407,253,280,0,nan,nan,0.00
4/25/2026 18:33:19,1.17.3,FR5,67,3.98,nan,5,Left,Left,1408,253,280,0,nan,nan,0.25
4/25/2026 18:33:20,1.17.3,FR5,67,3.98,nan,5,Left,Left,1409,253,280,0,nan,nan,0.14
4/25/2026 18:33:21,1.17.3,FR5,67,3.98,nan,5,Left,Left,1410,253,280,0,nan,nan,0.18
4/25/2026 18:33:22,1.17.3,FR5,67,3.98,1,5,Pellet,Left,1410,253,281,0,0.23,16,nan
4/25/2026 18:33:34,1.17.3,FR5,67,3.98,nan,5,Left,Left,1411,253,281,0,nan,nan,0.25
4/25/2026 18:33:35,1.17.3,FR5,67,3.98,nan,5,Left,Left,1412,253,281,0,nan,nan,0.27
4/25/2026 18:33:37,1.17.3,FR5,67,3.98,nan,5,Left,Left,1413,253,281,0,nan,nan,0.21
4/25/2026 18:33:38,1.17.3,FR5,67,3.98,nan,5,Left,Left,1414,253,281,0,nan,nan,0.14
4/25/2026 18:33:39,1.17.3,FR5,67,3.98,nan,5,Left,Left,1415,253,281,0,nan,nan,0.00
4/25/2026 18:33:40,1.17.3,FR5,67,3.98,2,5,Pellet,Left,1415,253,282,0,0.12,18,nan
4/25/2026 18:33:50,1.17.3,FR5,67,3.98,nan,5,Left,Left,1416,253,282,0,nan,nan,0.05
4/25/2026 18:33:51,1.17.3,FR5,67,3.98,nan,5,Left,Left,1417,253,282,0,nan,nan,0.36
4/25/2026 18:33:53,1.17.3,FR5,67,3.98,nan,5,Left,Left,1418,253,282,0,nan,nan,0.13
4/25/2026 18:33:54,1.17.3,FR5,67,3.98,nan,5,Left,Left,1419,253,282,0,nan,nan,0.41
4/25/2026 18:33:55,1.17.3,FR5,67,3.98,nan,5,Left,Left,1420,253,282,0,nan,nan,0.09
4/25/2026 18:33:56,1.17.3,FR5,67,3.98,1,5,Pellet,Left,1420,253,283,0,0.17,16,nan
4/25/2026 18:34:24,1.17.3,FR5,67,3.99,nan,5,Left,Left,1421,253,283,0,nan,nan,0.88
4/25/2026 18:34:25,1.17.3,FR5,67,3.98,nan,5,Left,Left,1422,253,283,0,nan,nan,0.97
4/25/2026 18:34:27,1.17.3,FR5,67,3.98,nan,5,Left,Left,1423,253,283,0,nan,nan,0.68
4/25/2026 18:34:27,1.17.3,FR5,67,3.98,nan,5,Left,Left,1424,253,283,0,nan,nan,0.01
4/25/2026 18:34:29,1.17.3,FR5,67,3.98,nan,5,Left,Left,1425,253,283,0,nan,nan,0.12
4/25/2026 18:34:29,1.17.3,FR5,67,3.98,nan,5,LeftDuringDispense,Left,1426,253,283,0,nan,nan,0.02
4/25/2026 18:34:32,1.17.3,FR5,67,3.98,2,5,Pellet,Left,1426,253,284,0,0.17,36,nan
4/25/2026 18:34:44,1.17.3,FR5,67,3.98,nan,5,Left,Left,1427,253,284,0,nan,nan,0.19
4/25/2026 18:34:45,1.17.3,FR5,67,3.98,nan,5,Left,Left,1428,253,284,0,nan,nan,0.36
4/25/2026 18:34:46,1.17.3,FR5,67,3.98,nan,5,Left,Left,1429,253,284,0,nan,nan,0.04
4/25/2026 18:34:47,1.17.3,FR5,67,3.98,nan,5,Left,Left,1430,253,284,0,nan,nan,0.38
4/25/2026 18:34:48,1.17.3,FR5,67,3.98,nan,5,LeftDuringDispense,Left,1431,253,284,0,nan,nan,0.29
4/25/2026 18:34:51,1.17.3,FR5,67,3.98,nan,5,LeftWithPellet,Left,1432,253,284,0,nan,nan,0.19
4/25/2026 18:34:54,1.17.3,FR5,67,3.98,nan,5,LeftWithPellet,Left,1433,253,284,0,nan,nan,0.60
4/25/2026 18:34:56,1.17.3,FR5,67,3.98,2,5,Pellet,Left,1433,253,285,0,5.83,24,nan
4/25/2026 18:35:06,1.17.3,FR5,67,3.98,nan,5,Left,Left,1434,253,285,0,nan,nan,0.06
4/25/2026 18:35:07,1.17.3,FR5,67,3.98,nan,5,Left,Left,1435,253,285,0,nan,nan,0.03
4/25/2026 18:35:08,1.17.3,FR5,67,3.98,nan,5,LeftDuringDispense,Left,1436,253,285,0,nan,nan,0.04
4/25/2026 18:35:10,1.17.3,FR5,67,3.98,nan,5,LeftDuringDispense,Left,1437,253,285,0,nan,nan,0.05
4/25/2026 18:35:11,1.17.3,FR5,67,3.98,nan,5,LeftWithPellet,Left,1438,253,285,0,nan,nan,0.42
4/25/2026 18:35:14,1.17.3,FR5,67,3.98,nan,5,LeftWithPellet,Left,1439,253,285,0,nan,nan,0.02
4/25/2026 18:35:23,1.17.3,FR5,67,3.98,nan,5,LeftWithPellet,Left,1440,253,285,0,nan,nan,0.55
4/25/2026 18:35:25,1.17.3,FR5,67,3.98,nan,5,LeftWithPellet,Left,1441,253,285,0,nan,nan,0.03
4/25/2026 18:35:25,1.17.3,FR5,67,3.98,nan,5,LeftWithPellet,Left,1442,253,285,0,nan,nan,0.14
4/25/2026 18:35:27,1.17.3,FR5,67,3.98,2,5,Pellet,Left,1442,253,286,0,16.48,31,nan
4/25/2026 18:35:45,1.17.3,FR5,67,3.98,nan,5,Left,Left,1443,253,286,0,nan,nan,0.13
4/25/2026 19:04:59,1.17.3,FR5,67,3.98,nan,5,Right,Left,1443,254,286,0,nan,nan,0.03
4/25/2026 19:05:01,1.17.3,FR5,67,3.98,nan,5,Right,Left,1443,255,286,0,nan,nan,0.08
4/25/2026 19:08:47,1.17.3,FR5,67,3.98,nan,5,Left,Left,1444,255,286,0,nan,nan,0.18
4/25/2026 19:12:43,1.17.3,FR5,67,3.98,nan,5,Right,Left,1444,256,286,0,nan,nan,0.13
4/25/2026 19:14:28,1.17.3,FR5,67,3.98,nan,5,Left,Left,1445,256,286,0,nan,nan,0.11
4/25/2026 19:14:29,1.17.3,FR5,67,3.98,2,5,Pellet,Left,1445,256,287,0,0.12,2342,nan
4/25/2026 19:15:12,1.17.3,FR5,67,3.98,nan,5,Right,Left,1445,257,287,0,nan,nan,0.15
4/25/2026 19:24:02,1.17.3,FR5,67,3.98,nan,5,Left,Left,1446,257,287,0,nan,nan,0.07
4/25/2026 19:24:03,1.17.3,FR5,67,3.98,nan,5,Left,Left,1447,257,287,0,nan,nan,0.09
4/25/2026 19:24:04,1.17.3,FR5,67,3.98,nan,5,Left,Left,1448,257,287,0,nan,nan,0.13
4/25/2026 19:24:07,1.17.3,FR5,67,3.98,nan,5,Left,Left,1449,257,287,0,nan,nan,0.13
4/25/2026 19:24:09,1.17.3,FR5,67,3.98,nan,5,Left,Left,1450,257,287,0,nan,nan,0.01
4/25/2026 19:24:11,1.17.3,FR5,67,3.98,2,5,Pellet,Left,1450,257,288,0,0.35,582,nan
4/25/2026 19:24:35,1.17.3,FR5,67,3.98,nan,5,Left,Left,1451,257,288,0,nan,nan,0.02
4/25/2026 19:24:37,1.17.3,FR5,67,3.98,nan,5,Left,Left,1452,257,288,0,nan,nan,0.15
4/25/2026 19:26:11,1.17.3,FR5,67,3.98,nan,5,Right,Left,1452,258,288,0,nan,nan,0.13
4/25/2026 19:26:14,1.17.3,FR5,67,3.98,nan,5,Right,Left,1452,259,288,0,nan,nan,0.10
4/25/2026 19:31:43,1.17.3,FR5,67,3.98,nan,5,Left,Left,1453,259,288,0,nan,nan,0.21
4/25/2026 19:31:45,1.17.3,FR5,67,3.98,nan,5,Left,Left,1454,259,288,0,nan,nan,0.05
4/25/2026 19:32:00,1.17.3,FR5,67,3.98,nan,5,Left,Left,1455,259,288,0,nan,nan,0.26
4/25/2026 19:32:01,1.17.3,FR5,67,3.98,2,5,Pellet,Left,1455,259,289,0,0.23,470,nan
4/25/2026 19:32:18,1.17.3,FR5,67,3.98,nan,5,Left,Left,1456,259,289,0,nan,nan,0.17
4/25/2026 19:32:21,1.17.3,FR5,67,3.98,nan,5,Left,Left,1457,259,289,0,nan,nan,0.22
4/25/2026 19:32:24,1.17.3,FR5,67,3.98,nan,5,Left,Left,1458,259,289,0,nan,nan,0.31
4/25/2026 19:32:28,1.17.3,FR5,67,3.98,nan,5,Left,Left,1459,259,289,0,nan,nan,0.14
4/25/2026 19:32:35,1.17.3,FR5,67,3.98,nan,5,Left,Left,1460,259,289,0,nan,nan,0.50
4/25/2026 19:32:36,1.17.3,FR5,67,3.98,2,5,Pellet,Left,1460,259,290,0,0.06,35,nan
4/25/2026 19:37:41,1.17.3,FR5,67,3.98,nan,5,Right,Left,1460,260,290,0,nan,nan,1.29
4/25/2026 19:50:12,1.17.3,FR5,67,3.98,nan,5,Left,Left,1461,260,290,0,nan,nan,0.16
4/25/2026 19:50:14,1.17.3,FR5,67,3.98,nan,5,Left,Left,1462,260,290,0,nan,nan,0.22
4/25/2026 19:50:15,1.17.3,FR5,67,3.98,nan,5,Left,Left,1463,260,290,0,nan,nan,0.08
4/25/2026 19:50:16,1.17.3,FR5,67,3.98,nan,5,Left,Left,1464,260,290,0,nan,nan,0.23
4/25/2026 19:50:30,1.17.3,FR5,67,3.98,nan,5,Left,Left,1465,260,290,0,nan,nan,0.11
4/25/2026 19:50:31,1.17.3,FR5,67,3.98,1,5,Pellet,Left,1465,260,291,0,0.89,1075,nan
4/25/2026 19:50:41,1.17.3,FR5,67,3.98,nan,5,Left,Left,1466,260,291,0,nan,nan,0.09
4/25/2026 19:50:43,1.17.3,FR5,67,3.98,nan,5,Left,Left,1467,260,291,0,nan,nan,0.17
4/25/2026 19:50:45,1.17.3,FR5,67,3.98,nan,5,Left,Left,1468,260,291,0,nan,nan,0.33
4/25/2026 19:50:49,1.17.3,FR5,67,3.98,nan,5,Left,Left,1469,260,291,0,nan,nan,0.31
4/25/2026 19:50:51,1.17.3,FR5,67,3.98,nan,5,Left,Left,1470,260,291,0,nan,nan,0.09
4/25/2026 19:50:52,1.17.3,FR5,67,3.98,2,5,Pellet,Left,1470,260,292,0,0.17,21,nan
4/25/2026 19:51:01,1.17.3,FR5,67,3.98,nan,5,Left,Left,1471,260,292,0,nan,nan,0.17
4/25/2026 20:12:35,1.17.3,FR5,67,3.98,nan,5,Left,Left,1472,260,292,0,nan,nan,0.04
4/25/2026 20:12:40,1.17.3,FR5,67,3.98,nan,5,Left,Left,1473,260,292,0,nan,nan,0.14
4/25/2026 20:25:28,1.17.3,FR5,67,3.98,nan,5,Left,Left,1474,260,292,0,nan,nan,0.04
4/25/2026 20:25:31,1.17.3,FR5,67,3.98,nan,5,Left,Left,1475,260,292,0,nan,nan,0.13
4/25/2026 20:25:32,1.17.3,FR5,67,3.98,1,5,Pellet,Left,1475,260,293,0,0.41,2080,nan
4/25/2026 20:25:42,1.17.3,FR5,67,3.98,nan,5,Left,Left,1476,260,293,0,nan,nan,0.02
4/25/2026 20:25:43,1.17.3,FR5,67,3.98,nan,5,Left,Left,1477,260,293,0,nan,nan,0.13
4/25/2026 20:25:45,1.17.3,FR5,67,3.98,nan,5,Left,Left,1478,260,293,0,nan,nan,0.08
4/25/2026 20:26:11,1.17.3,FR5,67,3.98,nan,5,Left,Left,1479,260,293,0,nan,nan,0.29
4/25/2026 20:26:17,1.17.3,FR5,67,3.98,nan,5,Left,Left,1480,260,293,0,nan,nan,0.93
4/25/2026 20:26:18,1.17.3,FR5,67,3.97,1,5,Pellet,Left,1480,260,294,0,0.12,46,nan
4/25/2026 20:26:30,1.17.3,FR5,67,3.98,nan,5,Left,Left,1481,260,294,0,nan,nan,0.39
4/25/2026 20:26:30,1.17.3,FR5,67,3.98,nan,5,Left,Left,1482,260,294,0,nan,nan,0.00
4/25/2026 20:26:33,1.17.3,FR5,67,3.98,nan,5,Left,Left,1483,260,294,0,nan,nan,0.20
4/25/2026 20:26:34,1.17.3,FR5,67,3.98,nan,5,Left,Left,1484,260,294,0,nan,nan,0.34
4/25/2026 20:26:39,1.17.3,FR5,67,3.98,nan,5,Left,Left,1485,260,294,0,nan,nan,0.22
4/25/2026 20:26:41,1.17.3,FR5,67,3.98,1,5,Pellet,Left,1485,260,295,0,0.59,23,nan
4/25/2026 20:26:47,1.17.3,FR5,67,3.98,nan,5,Left,Left,1486,260,295,0,nan,nan,0.13
4/25/2026 20:26:59,1.17.3,FR5,67,3.98,nan,5,Left,Left,1487,260,295,0,nan,nan,0.06
4/25/2026 20:27:01,1.17.3,FR5,67,3.98,nan,5,Left,Left,1488,260,295,0,nan,nan,0.30
4/25/2026 20:27:01,1.17.3,FR5,67,3.98,nan,5,Left,Left,1489,260,295,0,nan,nan,0.00
4/25/2026 20:27:02,1.17.3,FR5,67,3.98,nan,5,Left,Left,1490,260,295,0,nan,nan,0.37
4/25/2026 20:27:03,1.17.3,FR5,67,3.98,1,5,Pellet,Left,1490,260,296,0,0.06,22,nan
4/25/2026 20:35:53,1.17.3,FR5,67,3.98,nan,5,Left,Left,1491,260,296,0,nan,nan,0.06
4/25/2026 20:42:07,1.17.3,FR5,67,3.98,nan,5,Right,Left,1491,261,296,0,nan,nan,0.62
4/25/2026 20:42:09,1.17.3,FR5,67,3.98,nan,5,Right,Left,1491,262,296,0,nan,nan,0.11
4/25/2026 20:42:10,1.17.3,FR5,67,3.98,nan,5,Right,Left,1491,263,296,0,nan,nan,0.00
4/25/2026 20:42:13,1.17.3,FR5,67,3.98,nan,5,Right,Left,1491,264,296,0,nan,nan,0.11
4/25/2026 20:42:19,1.17.3,FR5,67,3.98,nan,5,Left,Left,1492,264,296,0,nan,nan,0.22
4/25/2026 20:42:31,1.17.3,FR5,67,3.98,nan,5,Left,Left,1493,264,296,0,nan,nan,0.00
4/25/2026 20:51:13,1.17.3,FR5,67,3.98,nan,5,Left,Left,1494,264,296,0,nan,nan,0.09
4/25/2026 20:51:26,1.17.3,FR5,67,3.98,nan,5,Left,Left,1495,264,296,0,nan,nan,0.15
4/25/2026 20:51:27,1.17.3,FR5,67,3.98,1,5,Pellet,Left,1495,264,297,0,0.23,1464,nan
4/25/2026 20:55:26,1.17.3,FR5,67,3.98,nan,5,Right,Left,1495,265,297,0,nan,nan,0.08
4/25/2026 21:05:05,1.17.3,FR5,67,3.98,nan,5,Left,Left,1496,265,297,0,nan,nan,0.10
4/25/2026 21:06:38,1.17.3,FR5,67,3.98,nan,5,Right,Left,1496,266,297,0,nan,nan,0.16
4/25/2026 21:06:48,1.17.3,FR5,67,3.98,nan,5,Left,Left,1497,266,297,0,nan,nan,0.31
4/25/2026 21:06:49,1.17.3,FR5,67,3.98,nan,5,Left,Left,1498,266,297,0,nan,nan,0.24
4/25/2026 21:09:35,1.17.3,FR5,67,3.98,nan,5,Right,Left,1498,267,297,0,nan,nan,0.19
4/25/2026 21:09:42,1.17.3,FR5,67,3.97,nan,5,Left,Left,1499,267,297,0,nan,nan,0.28
4/25/2026 21:09:44,1.17.3,FR5,67,3.98,nan,5,Left,Left,1500,267,297,0,nan,nan,0.10
4/25/2026 21:09:44,1.17.3,FR5,67,3.98,nan,5,LeftDuringDispense,Left,1501,267,297,0,nan,nan,0.01
4/25/2026 21:09:48,1.17.3,FR5,67,3.98,3,5,Pellet,Left,1501,267,298,0,0.12,1101,nan
4/25/2026 21:13:41,1.17.3,FR5,67,3.98,nan,5,Left,Left,1502,267,298,0,nan,nan,0.13
4/25/2026 21:13:43,1.17.3,FR5,67,3.98,nan,5,Left,Left,1503,267,298,0,nan,nan,0.14
4/25/2026 21:16:11,1.17.3,FR5,67,3.98,nan,5,Right,Left,1503,268,298,0,nan,nan,0.03
4/25/2026 21:21:10,1.17.3,FR5,67,3.97,nan,5,Right,Left,1503,269,298,0,nan,nan,0.04
4/25/2026 21:21:13,1.17.3,FR5,67,3.98,nan,5,Right,Left,1503,270,298,0,nan,nan,0.30
4/25/2026 21:21:20,1.17.3,FR5,67,3.97,nan,5,Left,Left,1504,270,298,0,nan,nan,0.25
4/25/2026 21:21:25,1.17.3,FR5,67,3.98,nan,5,Left,Left,1505,270,298,0,nan,nan,0.03
4/25/2026 21:21:26,1.17.3,FR5,67,3.97,1,5,Pellet,Left,1505,270,299,0,0.71,698,nan
4/25/2026 21:21:33,1.17.3,FR5,67,3.98,nan,5,Left,Left,1506,270,299,0,nan,nan,0.30
4/25/2026 21:21:34,1.17.3,FR5,67,3.98,nan,5,Left,Left,1507,270,299,0,nan,nan,0.31
4/25/2026 21:21:39,1.17.3,FR5,67,3.97,nan,5,Left,Left,1508,270,299,0,nan,nan,0.03
4/25/2026 21:21:41,1.17.3,FR5,67,3.97,nan,5,Left,Left,1509,270,299,0,nan,nan,0.21
4/25/2026 21:21:42,1.17.3,FR5,67,3.98,nan,5,Left,Left,1510,270,299,0,nan,nan,0.12
4/25/2026 21:21:43,1.17.3,FR5,67,3.98,1,5,Pellet,Left,1510,270,300,0,0.12,17,nan
4/25/2026 21:21:54,1.17.3,FR5,67,3.98,nan,5,Left,Left,1511,270,300,0,nan,nan,0.41
4/25/2026 21:22:03,1.17.3,FR5,67,3.98,nan,5,Left,Left,1512,270,300,0,nan,nan,0.02
4/25/2026 21:22:03,1.17.3,FR5,67,3.98,nan,5,Left,Left,1513,270,300,0,nan,nan,0.00
4/25/2026 21:22:07,1.17.3,FR5,67,3.98,nan,5,Left,Left,1514,270,300,0,nan,nan,0.36
4/25/2026 21:22:09,1.17.3,FR5,67,3.97,nan,5,Left,Left,1515,270,300,0,nan,nan,0.32
4/25/2026 21:22:10,1.17.3,FR5,67,3.97,2,5,Pellet,Left,1515,270,301,0,0.06,27,nan
4/25/2026 21:24:06,1.17.3,FR5,67,3.98,nan,5,Right,Left,1515,271,301,0,nan,nan,0.21
4/25/2026 21:27:38,1.17.3,FR5,67,3.98,nan,5,Right,Left,1515,272,301,0,nan,nan,0.02
4/25/2026 21:28:00,1.17.3,FR5,67,3.97,nan,5,Right,Left,1515,273,301,0,nan,nan,0.21
4/25/2026 21:28:06,1.17.3,FR5,67,3.98,nan,5,Left,Left,1516,273,301,0,nan,nan,0.14
4/25/2026 21:28:08,1.17.3,FR5,67,3.98,nan,5,Left,Left,1517,273,301,0,nan,nan,0.34
4/25/2026 21:31:00,1.17.3,FR5,67,3.98,nan,5,Right,Left,1517,274,301,0,nan,nan,0.15
4/25/2026 21:33:14,1.17.3,FR5,67,3.97,nan,5,Left,Left,1518,274,301,0,nan,nan,0.26
4/25/2026 21:33:17,1.17.3,FR5,67,3.97,nan,5,Left,Left,1519,274,301,0,nan,nan,0.06
4/25/2026 21:33:18,1.17.3,FR5,67,3.98,nan,5,Left,Left,1520,274,301,0,nan,nan,0.16
4/25/2026 21:33:19,1.17.3,FR5,67,3.98,1,5,Pellet,Left,1520,274,302,0,0.41,669,nan
4/25/2026 21:34:03,1.17.3,FR5,67,3.98,nan,5,Left,Left,1521,274,302,0,nan,nan,0.38
4/25/2026 21:34:36,1.17.3,FR5,67,3.98,nan,5,Left,Left,1522,274,302,0,nan,nan,0.24
4/25/2026 21:34:37,1.17.3,FR5,67,3.98,nan,5,Left,Left,1523,274,302,0,nan,nan,0.09
4/25/2026 21:34:40,1.17.3,FR5,67,3.98,nan,5,Left,Left,1524,274,302,0,nan,nan,0.05
4/25/2026 21:34:46,1.17.3,FR5,67,3.98,nan,5,Left,Left,1525,274,302,0,nan,nan,0.10
4/25/2026 21:34:49,1.17.3,FR5,67,3.98,1,5,Pellet,Left,1525,274,303,0,1.49,90,nan
4/25/2026 21:37:20,1.17.3,FR5,67,3.98,nan,5,Left,Left,1526,274,303,0,nan,nan,0.17
4/25/2026 21:41:36,1.17.3,FR5,67,3.98,nan,5,Left,Left,1527,274,303,0,nan,nan,0.08
4/25/2026 21:42:31,1.17.3,FR5,67,3.97,nan,5,Right,Left,1527,275,303,0,nan,nan,0.03
4/25/2026 21:42:34,1.17.3,FR5,67,3.98,nan,5,Right,Left,1527,276,303,0,nan,nan,0.09
4/25/2026 21:42:37,1.17.3,FR5,67,3.97,nan,5,Right,Left,1527,277,303,0,nan,nan,0.31
4/25/2026 21:42:38,1.17.3,FR5,67,3.98,nan,5,Right,Left,1527,278,303,0,nan,nan,0.07
4/25/2026 21:42:39,1.17.3,FR5,67,3.97,nan,5,Right,Left,1527,279,303,0,nan,nan,0.00
4/25/2026 21:42:41,1.17.3,FR5,67,3.98,nan,5,Right,Left,1527,280,303,0,nan,nan,0.51
4/25/2026 21:42:48,1.17.3,FR5,67,3.97,nan,5,Left,Left,1528,280,303,0,nan,nan,0.05
4/25/2026 21:42:54,1.17.3,FR5,67,3.98,nan,5,Left,Left,1529,280,303,0,nan,nan,0.12
4/25/2026 21:42:56,1.17.3,FR5,67,3.97,nan,5,Left,Left,1530,280,303,0,nan,nan,0.13
4/25/2026 21:42:57,1.17.3,FR5,67,3.98,1,5,Pellet,Left,1530,280,304,0,0.12,488,nan
4/25/2026 21:43:11,1.17.3,FR5,67,3.98,nan,5,Left,Left,1531,280,304,0,nan,nan,0.15
4/25/2026 21:43:14,1.17.3,FR5,67,3.97,nan,5,Left,Left,1532,280,304,0,nan,nan,0.20
4/25/2026 21:45:25,1.17.3,FR5,67,3.98,nan,5,Right,Left,1532,281,304,0,nan,nan,0.11
4/25/2026 21:48:52,1.17.3,FR5,67,3.98,nan,5,Left,Left,1533,281,304,0,nan,nan,0.19
4/25/2026 21:52:11,1.17.3,FR5,67,3.97,nan,5,Left,Left,1534,281,304,0,nan,nan,0.14
4/25/2026 21:53:07,1.17.3,FR5,67,3.97,nan,5,Left,Left,1535,281,304,0,nan,nan,0.18
4/25/2026 21:53:08,1.17.3,FR5,67,3.98,2,5,Pellet,Left,1535,281,305,0,0.17,611,nan
4/25/2026 21:53:39,1.17.3,FR5,67,3.97,nan,5,Left,Left,1536,281,305,0,nan,nan,0.00
4/25/2026 21:54:40,1.17.3,FR5,67,3.97,nan,5,Right,Left,1536,282,305,0,nan,nan,0.09
4/25/2026 21:54:46,1.17.3,FR5,67,3.98,nan,5,Right,Left,1536,283,305,0,nan,nan,0.07
4/25/2026 21:55:09,1.17.3,FR5,67,3.98,nan,5,Left,Left,1537,283,305,0,nan,nan,0.05
4/25/2026 22:32:02,1.17.3,FR5,67,3.97,nan,5,Right,Left,1537,284,305,0,nan,nan,0.26
4/25/2026 22:32:07,1.17.3,FR5,67,3.97,nan,5,Left,Left,1538,284,305,0,nan,nan,0.04
4/25/2026 22:32:11,1.17.3,FR5,67,3.97,nan,5,Left,Left,1539,284,305,0,nan,nan,0.14
4/25/2026 22:32:14,1.17.3,FR5,67,3.97,nan,5,Left,Left,1540,284,305,0,nan,nan,0.38
4/25/2026 22:32:15,1.17.3,FR5,67,3.97,1,5,Pellet,Left,1540,284,306,0,0.59,2347,nan
4/25/2026 22:32:24,1.17.3,FR5,67,3.97,nan,5,Left,Left,1541,284,306,0,nan,nan,0.39
4/25/2026 22:32:25,1.17.3,FR5,67,3.98,nan,5,Left,Left,1542,284,306,0,nan,nan,0.21
4/25/2026 22:32:25,1.17.3,FR5,67,3.97,nan,5,Left,Left,1543,284,306,0,nan,nan,0.00
4/25/2026 22:32:35,1.17.3,FR5,67,3.97,nan,5,Left,Left,1544,284,306,0,nan,nan,0.39
4/25/2026 22:32:35,1.17.3,FR5,67,3.97,nan,5,Left,Left,1545,284,306,0,nan,nan,0.23
4/25/2026 22:32:36,1.17.3,FR5,67,3.98,1,5,Pellet,Left,1545,284,307,0,0.12,21,nan
4/25/2026 22:32:49,1.17.3,FR5,67,3.97,nan,5,Left,Left,1546,284,307,0,nan,nan,0.48
4/25/2026 22:32:50,1.17.3,FR5,67,3.97,nan,5,Left,Left,1547,284,307,0,nan,nan,0.25
4/25/2026 22:32:51,1.17.3,FR5,67,3.97,nan,5,Left,Left,1548,284,307,0,nan,nan,0.21
4/25/2026 22:32:52,1.17.3,FR5,67,3.97,nan,5,Left,Left,1549,284,307,0,nan,nan,0.26
4/25/2026 22:32:56,1.17.3,FR5,67,3.97,nan,5,Left,Left,1550,284,307,0,nan,nan,0.05
4/25/2026 22:32:57,1.17.3,FR5,67,3.97,2,5,Pellet,Left,1550,284,308,0,0.06,21,nan
4/25/2026 22:33:12,1.17.3,FR5,67,3.97,nan,5,Left,Left,1551,284,308,0,nan,nan,0.27
4/25/2026 22:33:13,1.17.3,FR5,67,3.98,nan,5,Left,Left,1552,284,308,0,nan,nan,0.33
4/25/2026 22:33:15,1.17.3,FR5,67,3.98,nan,5,Left,Left,1553,284,308,0,nan,nan,0.04
4/25/2026 22:33:22,1.17.3,FR5,67,3.97,nan,5,Left,Left,1554,284,308,0,nan,nan,0.12
4/25/2026 22:33:23,1.17.3,FR5,67,3.97,nan,5,Left,Left,1555,284,308,0,nan,nan,0.21
4/25/2026 22:33:24,1.17.3,FR5,67,3.97,1,5,Pellet,Left,1555,284,309,0,0.23,27,nan
4/25/2026 22:33:45,1.17.3,FR5,67,3.97,nan,5,Left,Left,1556,284,309,0,nan,nan,0.06
4/25/2026 22:33:46,1.17.3,FR5,67,3.97,nan,5,Left,Left,1557,284,309,0,nan,nan,0.35
4/25/2026 22:33:47,1.17.3,FR5,67,3.98,nan,5,Left,Left,1558,284,309,0,nan,nan,0.00
4/25/2026 22:33:52,1.17.3,FR5,67,3.98,nan,5,Left,Left,1559,284,309,0,nan,nan,0.09
4/25/2026 22:33:59,1.17.3,FR5,67,3.98,nan,5,Left,Left,1560,284,309,0,nan,nan,0.23
4/25/2026 22:34:00,1.17.3,FR5,67,3.97,2,5,Pellet,Left,1560,284,310,0,0.12,36,nan
4/25/2026 22:34:08,1.17.3,FR5,67,3.97,nan,5,Left,Left,1561,284,310,0,nan,nan,0.38
4/25/2026 22:34:12,1.17.3,FR5,67,3.97,nan,5,Left,Left,1562,284,310,0,nan,nan,0.22
4/25/2026 22:34:13,1.17.3,FR5,67,3.97,nan,5,Left,Left,1563,284,310,0,nan,nan,0.45
4/25/2026 22:34:15,1.17.3,FR5,67,3.97,nan,5,Left,Left,1564,284,310,0,nan,nan,0.26
4/25/2026 22:34:16,1.17.3,FR5,67,3.97,nan,5,Left,Left,1565,284,310,0,nan,nan,0.17
4/25/2026 22:34:17,1.17.3,FR5,67,3.97,1,5,Pellet,Left,1565,284,311,0,0.23,17,nan
4/25/2026 22:40:40,1.17.3,FR5,67,3.97,nan,5,Right,Left,1565,285,311,0,nan,nan,0.03
4/25/2026 22:45:27,1.17.3,FR5,67,3.97,nan,5,Left,Left,1566,285,311,0,nan,nan,0.22
4/25/2026 22:45:55,1.17.3,FR5,67,3.97,nan,5,Left,Left,1567,285,311,0,nan,nan,0.11
4/25/2026 22:46:00,1.17.3,FR5,67,3.97,nan,5,Left,Left,1568,285,311,0,nan,nan,0.08
4/25/2026 22:46:02,1.17.3,FR5,67,3.97,nan,5,Left,Left,1569,285,311,0,nan,nan,0.22
4/25/2026 22:53:18,1.17.3,FR5,67,3.97,nan,5,Left,Left,1570,285,311,0,nan,nan,0.09
4/25/2026 22:53:19,1.17.3,FR5,67,3.97,1,5,Pellet,Left,1570,285,312,0,0.17,1142,nan
4/25/2026 22:53:29,1.17.3,FR5,67,3.98,nan,5,Left,Left,1571,285,312,0,nan,nan,0.06
4/25/2026 22:53:31,1.17.3,FR5,67,3.97,nan,5,Left,Left,1572,285,312,0,nan,nan,0.01
4/25/2026 22:53:44,1.17.3,FR5,67,3.97,nan,5,Right,Left,1572,286,312,0,nan,nan,0.19
4/25/2026 22:53:48,1.17.3,FR5,67,3.98,nan,5,Right,Left,1572,287,312,0,nan,nan,0.67
4/25/2026 22:55:06,1.17.3,FR5,67,3.97,nan,5,Left,Left,1573,287,312,0,nan,nan,0.14
4/25/2026 22:56:06,1.17.3,FR5,67,3.97,nan,5,Left,Left,1574,287,312,0,nan,nan,0.03
4/25/2026 23:07:33,1.17.3,FR5,67,3.97,nan,5,Left,Left,1575,287,312,0,nan,nan,0.10
4/25/2026 23:07:34,1.17.3,FR5,67,3.97,1,5,Pellet,Left,1575,287,313,0,0.41,855,nan
4/25/2026 23:07:48,1.17.3,FR5,67,3.97,nan,5,Left,Left,1576,287,313,0,nan,nan,0.26
4/25/2026 23:13:10,1.17.3,FR5,67,3.97,nan,5,Left,Left,1577,287,313,0,nan,nan,0.35
4/25/2026 23:13:13,1.17.3,FR5,67,3.98,nan,5,Left,Left,1578,287,313,0,nan,nan,0.03
4/25/2026 23:22:06,1.17.3,FR5,67,3.97,nan,5,Left,Left,1579,287,313,0,nan,nan,0.20
4/25/2026 23:25:35,1.17.3,FR5,67,3.97,nan,5,Left,Left,1580,287,313,0,nan,nan,0.23
4/25/2026 23:25:36,1.17.3,FR5,67,3.97,2,5,Pellet,Left,1580,287,314,0,0.06,1082,nan
4/25/2026 23:25:51,1.17.3,FR5,67,3.97,nan,5,Left,Left,1581,287,314,0,nan,nan,0.42
4/25/2026 23:26:19,1.17.3,FR5,67,3.97,nan,5,Right,Left,1581,288,314,0,nan,nan,0.89
4/25/2026 23:26:20,1.17.3,FR5,67,3.97,nan,5,Right,Left,1581,289,314,0,nan,nan,0.00
4/25/2026 23:26:23,1.17.3,FR5,67,3.98,nan,5,Right,Left,1581,290,314,0,nan,nan,0.33
4/25/2026 23:26:28,1.17.3,FR5,67,3.97,nan,5,Right,Left,1581,291,314,0,nan,nan,2.14
4/25/2026 23:26:33,1.17.3,FR5,67,3.97,nan,5,Left,Left,1582,291,314,0,nan,nan,0.88
4/25/2026 23:26:34,1.17.3,FR5,67,3.97,nan,5,Right,Left,1582,292,314,0,nan,nan,0.00
4/25/2026 23:26:38,1.17.3,FR5,67,3.97,nan,5,Left,Left,1583,292,314,0,nan,nan,0.19
4/25/2026 23:26:39,1.17.3,FR5,67,3.97,nan,5,Left,Left,1584,292,314,0,nan,nan,0.17
4/25/2026 23:26:41,1.17.3,FR5,67,3.97,nan,5,Left,Left,1585,292,314,0,nan,nan,0.14
4/25/2026 23:26:42,1.17.3,FR5,67,3.97,1,5,Pellet,Left,1585,292,315,0,0.53,66,nan
4/25/2026 23:26:47,1.17.3,FR5,67,3.97,nan,5,Left,Left,1586,292,315,0,nan,nan,0.02
4/25/2026 23:26:48,1.17.3,FR5,67,3.97,nan,5,Left,Left,1587,292,315,0,nan,nan,0.00
4/25/2026 23:27:08,1.17.3,FR5,67,3.97,nan,5,Left,Left,1588,292,315,0,nan,nan,0.16
4/25/2026 23:30:16,1.17.3,FR5,67,3.97,nan,5,Right,Left,1588,293,315,0,nan,nan,0.02
4/25/2026 23:32:09,1.17.3,FR5,67,3.96,nan,5,Left,Left,1589,293,315,0,nan,nan,0.02
4/25/2026 23:39:14,1.17.3,FR5,67,3.97,nan,5,Left,Left,1590,293,315,0,nan,nan,0.11
4/25/2026 23:39:15,1.17.3,FR5,67,3.97,1,5,Pellet,Left,1590,293,316,0,0.41,753,nan
4/25/2026 23:39:45,1.17.3,FR5,67,3.96,nan,5,Left,Left,1591,293,316,0,nan,nan,0.27
4/25/2026 23:39:52,1.17.3,FR5,67,3.97,nan,5,Left,Left,1592,293,316,0,nan,nan,0.12
4/25/2026 23:41:31,1.17.3,FR5,67,3.97,nan,5,Left,Left,1593,293,316,0,nan,nan,0.17
4/25/2026 23:41:34,1.17.3,FR5,67,3.97,nan,5,Left,Left,1594,293,316,0,nan,nan,0.08
4/26/2026 0:49:43,1.17.3,FR5,67,3.96,nan,5,Left,Left,1595,293,316,0,nan,nan,0.11
4/26/2026 0:49:43,1.17.3,FR5,67,3.96,nan,5,LeftDuringDispense,Left,1596,293,316,0,nan,nan,0.01
4/26/2026 0:49:47,1.17.3,FR5,67,3.96,2,5,Pellet,Left,1596,293,317,0,0.71,4232,nan
4/26/2026 0:49:54,1.17.3,FR5,67,3.97,nan,5,Left,Left,1597,293,317,0,nan,nan,0.16
4/26/2026 0:49:54,1.17.3,FR5,67,3.97,nan,5,Left,Left,1598,293,317,0,nan,nan,0.08
4/26/2026 0:49:55,1.17.3,FR5,67,3.97,nan,5,Left,Left,1599,293,317,0,nan,nan,0.00
4/26/2026 0:49:56,1.17.3,FR5,67,3.97,nan,5,Left,Left,1600,293,317,0,nan,nan,0.14
4/26/2026 0:49:58,1.17.3,FR5,67,3.96,2,5,Pellet,Left,1600,293,318,0,0.47,11,nan
4/26/2026 0:50:08,1.17.3,FR5,67,3.96,nan,5,Left,Left,1601,293,318,0,nan,nan,0.30
4/26/2026 0:50:09,1.17.3,FR5,67,3.96,nan,5,Left,Left,1602,293,318,0,nan,nan,0.33
4/26/2026 0:50:14,1.17.3,FR5,67,3.96,nan,5,Left,Left,1603,293,318,0,nan,nan,0.34
4/26/2026 0:50:25,1.17.3,FR5,67,3.97,nan,5,Left,Left,1604,293,318,0,nan,nan,0.18
4/26/2026 0:50:28,1.17.3,FR5,67,3.97,nan,5,Left,Left,1605,293,318,0,nan,nan,0.15
4/26/2026 0:50:29,1.17.3,FR5,67,3.96,nan,5,LeftDuringDispense,Left,1606,293,318,0,nan,nan,0.12
4/26/2026 0:50:32,1.17.3,FR5,67,3.96,nan,5,LeftDuringDispense,Left,1607,293,318,0,nan,nan,0.31
4/26/2026 0:50:33,1.17.3,FR5,67,3.96,2,5,Pellet,Left,1607,293,319,0,0.89,35,nan
4/26/2026 0:50:38,1.17.3,FR5,67,3.97,nan,5,Left,Left,1608,293,319,0,nan,nan,0.18
4/26/2026 0:50:39,1.17.3,FR5,67,3.97,nan,5,Left,Left,1609,293,319,0,nan,nan,0.00
4/26/2026 0:50:44,1.17.3,FR5,67,3.96,nan,5,Left,Left,1610,293,319,0,nan,nan,0.21
4/26/2026 0:50:46,1.17.3,FR5,67,3.97,2,5,Pellet,Left,1610,293,320,0,0.12,12,nan
4/26/2026 0:50:56,1.17.3,FR5,67,3.97,nan,5,Left,Left,1611,293,320,0,nan,nan,0.80
4/26/2026 0:50:57,1.17.3,FR5,67,3.97,nan,5,Left,Left,1612,293,320,0,nan,nan,0.18
4/26/2026 0:50:59,1.17.3,FR5,67,3.97,nan,5,Left,Left,1613,293,320,0,nan,nan,0.16
4/26/2026 0:51:00,1.17.3,FR5,67,3.97,nan,5,Left,Left,1614,293,320,0,nan,nan,0.00
4/26/2026 0:51:03,1.17.3,FR5,67,3.97,nan,5,Left,Left,1615,293,320,0,nan,nan,0.54
4/26/2026 0:51:04,1.17.3,FR5,67,3.97,1,5,Pellet,Left,1615,293,321,0,0.23,19,nan
4/26/2026 0:51:14,1.17.3,FR5,67,3.96,nan,5,Left,Left,1616,293,321,0,nan,nan,0.11
4/26/2026 0:51:14,1.17.3,FR5,67,3.96,nan,5,Left,Left,1617,293,321,0,nan,nan,0.00
4/26/2026 0:51:15,1.17.3,FR5,67,3.97,nan,5,Left,Left,1618,293,321,0,nan,nan,0.17
4/26/2026 0:51:18,1.17.3,FR5,67,3.96,nan,5,Left,Left,1619,293,321,0,nan,nan,0.18
4/26/2026 0:51:19,1.17.3,FR5,67,3.97,nan,5,Left,Left,1620,293,321,0,nan,nan,0.18
4/26/2026 0:51:21,1.17.3,FR5,67,3.96,2,5,Pellet,Left,1620,293,322,0,1.19,17,nan
4/26/2026 0:58:20,1.17.3,FR5,67,3.97,nan,5,Left,Left,1621,293,322,0,nan,nan,0.12
4/26/2026 0:58:30,1.17.3,FR5,67,3.96,nan,5,Left,Left,1622,293,322,0,nan,nan,0.06
4/26/2026 0:58:31,1.17.3,FR5,67,3.97,nan,5,Left,Left,1623,293,322,0,nan,nan,0.08
4/26/2026 0:58:34,1.17.3,FR5,67,3.98,nan,5,Left,Left,1624,293,322,0,nan,nan,0.14
4/26/2026 0:58:51,1.17.3,FR5,67,3.97,nan,5,Left,Left,1625,293,322,0,nan,nan,0.13
4/26/2026 0:58:52,1.17.3,FR5,67,3.97,1,5,Pellet,Left,1625,293,323,0,0.23,451,nan
4/26/2026 1:06:20,1.17.3,FR5,67,3.96,nan,5,Left,Left,1626,293,323,0,nan,nan,0.11
4/26/2026 1:06:21,1.17.3,FR5,67,3.96,nan,5,Left,Left,1627,293,323,0,nan,nan,0.02
4/26/2026 1:09:31,1.17.3,FR5,67,3.96,nan,5,Right,Left,1627,294,323,0,nan,nan,0.03
4/26/2026 1:09:32,1.17.3,FR5,67,3.97,nan,5,Right,Left,1627,295,323,0,nan,nan,0.07
4/26/2026 1:12:14,1.17.3,FR5,67,3.97,nan,5,Left,Left,1628,295,323,0,nan,nan,0.00
4/26/2026 1:30:57,1.17.3,FR5,67,3.96,nan,5,Left,Left,1629,295,323,0,nan,nan,0.14
4/26/2026 1:30:59,1.17.3,FR5,67,3.96,nan,5,Left,Left,1630,295,323,0,nan,nan,0.03
4/26/2026 1:30:59,1.17.3,FR5,67,3.96,nan,5,LeftDuringDispense,Left,1631,295,323,0,nan,nan,0.13
4/26/2026 1:31:02,1.17.3,FR5,67,3.96,2,5,Pellet,Left,1631,295,324,0,0.17,1930,nan
4/26/2026 1:31:38,1.17.3,FR5,67,3.96,nan,5,Left,Left,1632,295,324,0,nan,nan,0.01
4/26/2026 1:37:26,1.17.3,FR5,67,3.96,nan,5,Right,Left,1632,296,324,0,nan,nan,1.49
4/26/2026 1:37:29,1.17.3,FR5,67,3.97,nan,5,Right,Left,1632,297,324,0,nan,nan,0.42
4/26/2026 1:37:55,1.17.3,FR5,67,3.96,nan,5,Left,Left,1633,297,324,0,nan,nan,0.13
4/26/2026 1:47:41,1.17.3,FR5,67,3.96,nan,5,Right,Left,1633,298,324,0,nan,nan,21.40
4/26/2026 1:47:54,1.17.3,FR5,67,3.97,nan,5,Left,Left,1634,298,324,0,nan,nan,0.11
4/26/2026 1:53:33,1.17.3,FR5,67,3.96,nan,5,Right,Left,1634,299,324,0,nan,nan,0.03
4/26/2026 1:53:52,1.17.3,FR5,67,3.96,nan,5,Right,Left,1634,300,324,0,nan,nan,14.75
4/26/2026 1:53:54,1.17.3,FR5,67,3.96,nan,5,Right,Left,1634,301,324,0,nan,nan,0.61
4/26/2026 1:56:31,1.17.3,FR5,67,3.96,nan,5,Right,Left,1634,302,324,0,nan,nan,0.13
4/26/2026 2:00:30,1.17.3,FR5,67,3.96,nan,5,Right,Left,1634,303,324,0,nan,nan,0.29
4/26/2026 2:11:44,1.17.3,FR5,67,3.97,nan,5,Right,Left,1634,304,324,0,nan,nan,0.18
4/26/2026 2:44:07,1.17.3,FR5,67,3.96,nan,5,Left,Left,1635,304,324,0,nan,nan,0.07
4/26/2026 2:44:11,1.17.3,FR5,67,3.96,1,5,Pellet,Left,1635,304,325,0,3.05,4389,nan
4/26/2026 2:46:49,1.17.3,FR5,67,3.96,nan,5,Left,Left,1636,304,325,0,nan,nan,0.06
4/26/2026 2:46:51,1.17.3,FR5,67,3.96,nan,5,Left,Left,1637,304,325,0,nan,nan,0.11
4/26/2026 2:46:52,1.17.3,FR5,67,3.96,nan,5,Left,Left,1638,304,325,0,nan,nan,0.03
4/26/2026 2:50:36,1.17.3,FR5,67,3.96,nan,5,Right,Left,1638,305,325,0,nan,nan,0.04
4/26/2026 2:52:31,1.17.3,FR5,67,3.96,nan,5,Left,Left,1639,305,325,0,nan,nan,0.44
4/26/2026 2:52:40,1.17.3,FR5,67,3.96,nan,5,Left,Left,1640,305,325,0,nan,nan,0.01
4/26/2026 2:52:41,1.17.3,FR5,67,3.96,2,5,Pellet,Left,1640,305,326,0,0.12,510,nan
4/26/2026 3:57:23,1.17.3,FR5,67,3.96,nan,5,Left,Left,1641,305,326,0,nan,nan,0.15
4/26/2026 3:57:24,1.17.3,FR5,67,3.96,nan,5,Left,Left,1642,305,326,0,nan,nan,0.22
4/26/2026 3:57:28,1.17.3,FR5,67,3.96,nan,5,Left,Left,1643,305,326,0,nan,nan,0.15
4/26/2026 3:57:34,1.17.3,FR5,67,3.96,nan,5,Left,Left,1644,305,326,0,nan,nan,0.02
4/26/2026 3:57:35,1.17.3,FR5,67,3.96,nan,5,Left,Left,1645,305,326,0,nan,nan,0.04
4/26/2026 3:57:36,1.17.3,FR5,67,3.96,1,5,Pellet,Left,1645,305,327,0,0.53,3895,nan
4/26/2026 3:57:45,1.17.3,FR5,67,3.96,nan,5,Left,Left,1646,305,327,0,nan,nan,0.07
4/26/2026 3:57:46,1.17.3,FR5,67,3.96,nan,5,Left,Left,1647,305,327,0,nan,nan,0.13
4/26/2026 3:57:48,1.17.3,FR5,67,3.96,nan,5,Left,Left,1648,305,327,0,nan,nan,0.06
4/26/2026 3:57:49,1.17.3,FR5,67,3.96,nan,5,Left,Left,1649,305,327,0,nan,nan,0.09
4/26/2026 3:58:14,1.17.3,FR5,67,3.96,nan,5,Left,Left,1650,305,327,0,nan,nan,0.00
4/26/2026 3:58:18,1.17.3,FR5,67,3.96,1,5,Pellet,Left,1650,305,328,0,3.35,42,nan
4/26/2026 3:58:48,1.17.3,FR5,67,3.96,nan,5,Left,Left,1651,305,328,0,nan,nan,0.18
4/26/2026 3:58:50,1.17.3,FR5,67,3.96,nan,5,Left,Left,1652,305,328,0,nan,nan,0.03
4/26/2026 3:58:52,1.17.3,FR5,67,3.96,nan,5,Left,Left,1653,305,328,0,nan,nan,0.11
4/26/2026 3:58:54,1.17.3,FR5,67,3.96,nan,5,Left,Left,1654,305,328,0,nan,nan,0.09
4/26/2026 3:58:55,1.17.3,FR5,67,3.96,nan,5,Left,Left,1655,305,328,0,nan,nan,0.34
4/26/2026 3:58:56,1.17.3,FR5,67,3.96,1,5,Pellet,Left,1655,305,329,0,0.12,38,nan
4/26/2026 3:59:08,1.17.3,FR5,67,3.96,nan,5,Left,Left,1656,305,329,0,nan,nan,0.20
4/26/2026 3:59:09,1.17.3,FR5,67,3.96,nan,5,Left,Left,1657,305,329,0,nan,nan,0.04
4/26/2026 3:59:10,1.17.3,FR5,67,3.96,nan,5,Left,Left,1658,305,329,0,nan,nan,0.10
4/26/2026 3:59:13,1.17.3,FR5,67,3.96,nan,5,Left,Left,1659,305,329,0,nan,nan,0.12
4/26/2026 3:59:14,1.17.3,FR5,67,3.96,nan,5,Left,Left,1660,305,329,0,nan,nan,0.22
4/26/2026 3:59:15,1.17.3,FR5,67,3.96,1,5,Pellet,Left,1660,305,330,0,0.17,19,nan
4/26/2026 3:59:21,1.17.3,FR5,67,3.96,nan,5,Left,Left,1661,305,330,0,nan,nan,0.17
4/26/2026 3:59:22,1.17.3,FR5,67,3.96,nan,5,Left,Left,1662,305,330,0,nan,nan,0.15
4/26/2026 3:59:24,1.17.3,FR5,67,3.96,nan,5,Left,Left,1663,305,330,0,nan,nan,0.13
4/26/2026 3:59:27,1.17.3,FR5,67,3.96,nan,5,Left,Left,1664,305,330,0,nan,nan,0.36
4/26/2026 3:59:30,1.17.3,FR5,67,3.96,nan,5,Left,Left,1665,305,330,0,nan,nan,0.10
4/26/2026 3:59:31,1.17.3,FR5,67,3.96,2,5,Pellet,Left,1665,305,331,0,0.06,16,nan
4/26/2026 4:22:11,1.17.3,FR5,67,3.96,nan,5,Left,Left,1666,305,331,0,nan,nan,0.09
4/26/2026 4:22:15,1.17.3,FR5,67,3.96,nan,5,Left,Left,1667,305,331,0,nan,nan,0.05
4/26/2026 4:27:52,1.17.3,FR5,67,3.96,nan,5,Left,Left,1668,305,331,0,nan,nan,0.13
4/26/2026 4:35:28,1.17.3,FR5,67,3.96,nan,5,Left,Left,1669,305,331,0,nan,nan,0.18
4/26/2026 4:40:11,1.17.3,FR5,67,3.96,nan,5,Left,Left,1670,305,331,0,nan,nan,0.07
4/26/2026 4:40:13,1.17.3,FR5,67,3.96,1,5,Pellet,Left,1670,305,332,0,0.71,2442,nan
4/26/2026 4:41:47,1.17.3,FR5,67,3.96,nan,5,Left,Left,1671,305,332,0,nan,nan,0.06
4/26/2026 4:41:51,1.17.3,FR5,67,3.96,nan,5,Left,Left,1672,305,332,0,nan,nan,0.13
4/26/2026 4:42:14,1.17.3,FR5,67,3.96,nan,5,Right,Left,1672,306,332,0,nan,nan,0.08
4/26/2026 4:49:26,1.17.3,FR5,67,3.96,nan,5,Right,Left,1672,307,332,0,nan,nan,0.01
4/26/2026 5:35:42,1.17.3,FR5,67,3.96,nan,5,Right,Left,1672,308,332,0,nan,nan,0.49
4/26/2026 5:35:46,1.17.3,FR5,67,3.96,nan,5,Left,Left,1673,308,332,0,nan,nan,0.15
4/26/2026 5:35:47,1.17.3,FR5,67,3.96,nan,5,Left,Left,1674,308,332,0,nan,nan,0.26
4/26/2026 5:35:51,1.17.3,FR5,67,3.96,nan,5,Left,Left,1675,308,332,0,nan,nan,0.04
4/26/2026 5:35:52,1.17.3,FR5,67,3.96,1,5,Pellet,Left,1675,308,333,0,0.23,3339,nan
4/26/2026 5:36:06,1.17.3,FR5,67,3.96,nan,5,Left,Left,1676,308,333,0,nan,nan,0.02
4/26/2026 5:36:21,1.17.3,FR5,67,3.96,nan,5,Left,Left,1677,308,333,0,nan,nan,0.20
4/26/2026 5:36:24,1.17.3,FR5,67,3.96,nan,5,Left,Left,1678,308,333,0,nan,nan,0.09
4/26/2026 5:36:25,1.17.3,FR5,67,3.96,nan,5,Left,Left,1679,308,333,0,nan,nan,0.10
4/26/2026 5:36:30,1.17.3,FR5,67,3.96,nan,5,Left,Left,1680,308,333,0,nan,nan,0.03
4/26/2026 5:36:31,1.17.3,FR5,67,3.96,1,5,Pellet,Left,1680,308,334,0,0.65,39,nan
4/26/2026 5:36:59,1.17.3,FR5,67,3.96,nan,5,Left,Left,1681,308,334,0,nan,nan,0.29
4/26/2026 5:36:59,1.17.3,FR5,67,3.95,nan,5,Left,Left,1682,308,334,0,nan,nan,0.19
4/26/2026 5:37:02,1.17.3,FR5,67,3.96,nan,5,Left,Left,1683,308,334,0,nan,nan,0.01
4/26/2026 5:37:03,1.17.3,FR5,67,3.95,nan,5,Left,Left,1684,308,334,0,nan,nan,0.00
4/26/2026 5:37:15,1.17.3,FR5,67,3.96,nan,5,Left,Left,1685,308,334,0,nan,nan,0.01
4/26/2026 5:37:15,1.17.3,FR5,67,3.96,nan,5,LeftDuringDispense,Left,1686,308,334,0,nan,nan,0.07
4/26/2026 5:37:18,1.17.3,FR5,67,3.96,3,5,Pellet,Left,1686,308,335,0,0.17,47,nan
4/26/2026 5:37:24,1.17.3,FR5,67,3.96,nan,5,Left,Left,1687,308,335,0,nan,nan,0.36
4/26/2026 5:37:25,1.17.3,FR5,67,3.96,nan,5,Left,Left,1688,308,335,0,nan,nan,0.24
4/26/2026 5:37:26,1.17.3,FR5,67,3.96,nan,5,Left,Left,1689,308,335,0,nan,nan,0.10
4/26/2026 5:37:27,1.17.3,FR5,67,3.96,nan,5,Left,Left,1690,308,335,0,nan,nan,0.16
4/26/2026 5:37:29,1.17.3,FR5,67,3.96,1,5,Pellet,Left,1690,308,336,0,1.61,11,nan
4/26/2026 5:37:42,1.17.3,FR5,67,3.96,nan,5,Left,Left,1691,308,336,0,nan,nan,0.43
4/26/2026 5:37:43,1.17.3,FR5,67,3.96,nan,5,Left,Left,1692,308,336,0,nan,nan,0.14
4/26/2026 5:37:46,1.17.3,FR5,67,3.96,nan,5,Left,Left,1693,308,336,0,nan,nan,0.07
4/26/2026 5:37:52,1.17.3,FR5,67,3.96,nan,5,Left,Left,1694,308,336,0,nan,nan,0.03
4/26/2026 5:38:01,1.17.3,FR5,67,3.96,nan,5,Left,Left,1695,308,336,0,nan,nan,0.07
4/26/2026 5:38:02,1.17.3,FR5,67,3.96,1,5,Pellet,Left,1695,308,337,0,0.41,33,nan
4/26/2026 5:38:11,1.17.3,FR5,67,3.96,nan,5,Left,Left,1696,308,337,0,nan,nan,0.30
4/26/2026 5:38:12,1.17.3,FR5,67,3.96,nan,5,Left,Left,1697,308,337,0,nan,nan,0.21
4/26/2026 5:38:14,1.17.3,FR5,67,3.96,nan,5,Left,Left,1698,308,337,0,nan,nan,0.21
4/26/2026 5:38:16,1.17.3,FR5,67,3.96,nan,5,Left,Left,1699,308,337,0,nan,nan,0.28
4/26/2026 5:38:19,1.17.3,FR5,67,3.96,nan,5,Left,Left,1700,308,337,0,nan,nan,0.11
4/26/2026 5:38:20,1.17.3,FR5,67,3.96,1,5,Pellet,Left,1700,308,338,0,0.29,18,nan
4/26/2026 5:41:15,1.17.3,FR5,67,3.96,nan,5,Right,Left,1700,309,338,0,nan,nan,0.23
4/26/2026 5:46:18,1.17.3,FR5,67,3.96,nan,5,Left,Left,1701,309,338,0,nan,nan,0.09
4/26/2026 5:54:31,1.17.3,FR5,67,3.96,nan,5,Right,Left,1701,310,338,0,nan,nan,0.06
4/26/2026 5:56:26,1.17.3,FR5,67,3.96,nan,5,Left,Left,1702,310,338,0,nan,nan,0.06
4/26/2026 6:07:32,1.17.3,FR5,67,3.96,nan,5,Right,Left,1702,311,338,0,nan,nan,0.00
4/26/2026 6:07:34,1.17.3,FR5,67,3.96,nan,5,Right,Left,1702,312,338,0,nan,nan,0.09
4/26/2026 6:11:28,1.17.3,FR5,67,3.96,nan,5,Left,Left,1703,312,338,0,nan,nan,0.24
4/26/2026 6:18:43,1.17.3,FR5,67,3.95,nan,5,Right,Left,1703,313,338,0,nan,nan,0.04
4/26/2026 6:20:16,1.17.3,FR5,67,3.96,nan,5,Right,Left,1703,314,338,0,nan,nan,0.12
4/26/2026 6:20:39,1.17.3,FR5,67,3.95,nan,5,Right,Left,1703,315,338,0,nan,nan,0.22
4/26/2026 9:22:30,1.17.3,FR5,67,3.95,nan,5,Right,Left,1703,316,338,0,nan,nan,0.09
4/26/2026 9:23:06,1.17.3,FR5,67,3.95,nan,5,Right,Left,1703,317,338,0,nan,nan,33.71
4/26/2026 9:23:12,1.17.3,FR5,67,3.95,nan,5,Left,Left,1704,317,338,0,nan,nan,0.00
4/26/2026 10:12:43,1.17.3,FR5,67,3.94,nan,5,Right,Left,1704,318,338,0,nan,nan,0.14
4/26/2026 12:10:00,1.17.3,FR5,67,3.94,nan,5,Right,Left,1704,319,338,0,nan,nan,0.03
4/26/2026 12:10:06,1.17.3,FR5,67,3.94,nan,5,Right,Left,1704,320,338,0,nan,nan,0.00
4/26/2026 12:13:32,1.17.3,FR5,67,3.94,nan,5,Right,Left,1704,321,338,0,nan,nan,0.05
4/26/2026 12:17:18,1.17.3,FR5,67,3.94,nan,5,Left,Left,1705,321,338,0,nan,nan,0.22
4/26/2026 12:17:21,1.17.3,FR5,67,3.94,2,5,Pellet,Left,1705,321,339,0,0.17,23941,nan
4/26/2026 12:20:56,1.17.3,FR5,67,3.94,nan,5,Left,Left,1706,321,339,0,nan,nan,0.38
4/26/2026 12:22:42,1.17.3,FR5,67,3.94,nan,5,Left,Left,1707,321,339,0,nan,nan,0.14
4/26/2026 12:24:16,1.17.3,FR5,67,3.94,nan,5,Right,Left,1707,322,339,0,nan,nan,0.19
4/26/2026 13:25:38,1.17.3,FR5,67,3.94,nan,5,Left,Left,1708,322,339,0,nan,nan,0.03
4/26/2026 13:25:39,1.17.3,FR5,67,3.94,nan,5,Left,Left,1709,322,339,0,nan,nan,0.18
4/26/2026 13:25:42,1.17.3,FR5,67,3.94,nan,5,Left,Left,1710,322,339,0,nan,nan,0.17
4/26/2026 13:25:43,1.17.3,FR5,67,3.94,1,5,Pellet,Left,1710,322,340,0,0.23,4102,nan
4/26/2026 13:26:08,1.17.3,FR5,67,3.94,nan,5,Left,Left,1711,322,340,0,nan,nan,0.15
4/26/2026 13:26:10,1.17.3,FR5,67,3.94,nan,5,Left,Left,1712,322,340,0,nan,nan,0.32
4/26/2026 13:26:16,1.17.3,FR5,67,3.94,nan,5,Left,Left,1713,322,340,0,nan,nan,0.11
4/26/2026 13:26:17,1.17.3,FR5,67,3.94,nan,5,Left,Left,1714,322,340,0,nan,nan,0.15
4/26/2026 13:26:18,1.17.3,FR5,67,3.94,nan,5,Left,Left,1715,322,340,0,nan,nan,0.11
4/26/2026 13:26:19,1.17.3,FR5,67,3.94,1,5,Pellet,Left,1715,322,341,0,0.29,36,nan
4/26/2026 13:28:21,1.17.3,FR5,67,3.94,nan,5,Right,Left,1715,323,341,0,nan,nan,0.27
4/26/2026 15:30:11,1.17.3,FR5,67,3.94,nan,5,Left,Left,1716,323,341,0,nan,nan,0.04
4/26/2026 17:32:15,1.17.3,FR5,67,3.93,nan,5,Right,Left,1716,324,341,0,nan,nan,0.83
4/26/2026 17:32:17,1.17.3,FR5,67,3.94,nan,5,Right,Left,1716,325,341,0,nan,nan,0.25
4/26/2026 17:32:35,1.17.3,FR5,67,3.93,nan,5,Left,Left,1717,325,341,0,nan,nan,0.53
4/26/2026 17:32:44,1.17.3,FR5,67,3.94,nan,5,Left,Left,1718,325,341,0,nan,nan,0.22
4/26/2026 18:13:41,1.17.3,FR5,67,3.94,nan,5,Left,Left,1719,325,341,0,nan,nan,0.29
4/26/2026 18:13:43,1.17.3,FR5,67,3.93,nan,5,Left,Left,1720,325,341,0,nan,nan,0.34
4/26/2026 18:13:45,1.17.3,FR5,67,3.93,1,5,Pellet,Left,1720,325,342,0,1.25,17246,nan
4/26/2026 18:13:54,1.17.3,FR5,67,3.93,nan,5,Left,Left,1721,325,342,0,nan,nan,0.10
4/26/2026 18:13:55,1.17.3,FR5,67,3.93,nan,5,Left,Left,1722,325,342,0,nan,nan,0.27
4/26/2026 18:13:56,1.17.3,FR5,67,3.93,nan,5,Left,Left,1723,325,342,0,nan,nan,0.12
4/26/2026 18:13:57,1.17.3,FR5,67,3.93,nan,5,Left,Left,1724,325,342,0,nan,nan,0.28
4/26/2026 18:13:59,1.17.3,FR5,67,3.93,nan,5,Left,Left,1725,325,342,0,nan,nan,0.30
4/26/2026 18:14:00,1.17.3,FR5,67,3.93,1,5,Pellet,Left,1725,325,343,0,0.35,15,nan
4/26/2026 18:14:10,1.17.3,FR5,67,3.93,nan,5,Left,Left,1726,325,343,0,nan,nan,0.19
4/26/2026 18:14:12,1.17.3,FR5,67,3.93,nan,5,Left,Left,1727,325,343,0,nan,nan,0.20
4/26/2026 18:14:14,1.17.3,FR5,67,3.94,nan,5,Left,Left,1728,325,343,0,nan,nan,0.18
4/26/2026 18:14:15,1.17.3,FR5,67,3.93,nan,5,Left,Left,1729,325,343,0,nan,nan,0.06
4/26/2026 18:14:17,1.17.3,FR5,67,3.93,nan,5,Left,Left,1730,325,343,0,nan,nan,0.29
4/26/2026 18:14:18,1.17.3,FR5,67,3.93,1,5,Pellet,Left,1730,325,344,0,0.41,18,nan
4/26/2026 18:14:51,1.17.3,FR5,67,3.93,nan,5,Left,Left,1731,325,344,0,nan,nan,0.23
4/26/2026 18:14:52,1.17.3,FR5,67,3.93,nan,5,Left,Left,1732,325,344,0,nan,nan,0.02
4/26/2026 18:14:54,1.17.3,FR5,67,3.93,nan,5,Left,Left,1733,325,344,0,nan,nan,0.43
4/26/2026 18:14:57,1.17.3,FR5,67,3.93,nan,5,Left,Left,1734,325,344,0,nan,nan,0.02
4/26/2026 18:14:58,1.17.3,FR5,67,3.93,nan,5,Left,Left,1735,325,344,0,nan,nan,0.22
4/26/2026 18:14:59,1.17.3,FR5,67,3.93,1,5,Pellet,Left,1735,325,345,0,0.65,41,nan
4/26/2026 18:15:23,1.17.3,FR5,67,3.93,nan,5,Left,Left,1736,325,345,0,nan,nan,0.15
4/26/2026 18:15:25,1.17.3,FR5,67,3.93,nan,5,Left,Left,1737,325,345,0,nan,nan,0.18
4/26/2026 18:15:26,1.17.3,FR5,67,3.93,nan,5,Left,Left,1738,325,345,0,nan,nan,0.21
4/26/2026 18:15:28,1.17.3,FR5,67,3.93,nan,5,Left,Left,1739,325,345,0,nan,nan,0.13
4/26/2026 18:15:29,1.17.3,FR5,67,3.93,nan,5,Left,Left,1740,325,345,0,nan,nan,0.19
4/26/2026 18:15:30,1.17.3,FR5,67,3.93,1,5,Pellet,Left,1740,325,346,0,0.23,31,nan
4/26/2026 18:15:44,1.17.3,FR5,67,3.93,nan,5,Left,Left,1741,325,346,0,nan,nan,0.25
4/26/2026 18:15:44,1.17.3,FR5,67,3.93,nan,5,Left,Left,1742,325,346,0,nan,nan,0.02
4/26/2026 18:15:46,1.17.3,FR5,67,3.93,nan,5,Left,Left,1743,325,346,0,nan,nan,0.02
4/26/2026 18:15:48,1.17.3,FR5,67,3.93,nan,5,Left,Left,1744,325,346,0,nan,nan,0.30
4/26/2026 18:15:49,1.17.3,FR5,67,3.93,nan,5,Left,Left,1745,325,346,0,nan,nan,0.35
4/26/2026 18:15:50,1.17.3,FR5,67,3.93,1,5,Pellet,Left,1745,325,347,0,0.17,20,nan
4/26/2026 18:16:14,1.17.3,FR5,67,3.93,nan,5,Left,Left,1746,325,347,0,nan,nan,0.11
4/26/2026 18:16:15,1.17.3,FR5,67,3.93,nan,5,Left,Left,1747,325,347,0,nan,nan,0.62
4/26/2026 18:16:17,1.17.3,FR5,67,3.93,nan,5,Left,Left,1748,325,347,0,nan,nan,0.07
4/26/2026 18:16:18,1.17.3,FR5,67,3.93,nan,5,Left,Left,1749,325,347,0,nan,nan,0.41
4/26/2026 18:16:19,1.17.3,FR5,67,3.93,nan,5,Left,Left,1750,325,347,0,nan,nan,0.21
4/26/2026 18:16:20,1.17.3,FR5,67,3.93,1,5,Pellet,Left,1750,325,348,0,0.23,30,nan
4/26/2026 18:16:30,1.17.3,FR5,67,3.93,nan,5,Left,Left,1751,325,348,0,nan,nan,0.02
4/26/2026 18:16:32,1.17.3,FR5,67,3.93,nan,5,Left,Left,1752,325,348,0,nan,nan,0.33
4/26/2026 18:16:33,1.17.3,FR5,67,3.93,nan,5,Left,Left,1753,325,348,0,nan,nan,0.20
4/26/2026 18:16:35,1.17.3,FR5,67,3.93,nan,5,Left,Left,1754,325,348,0,nan,nan,0.32
4/26/2026 18:16:37,1.17.3,FR5,67,3.93,nan,5,Left,Left,1755,325,348,0,nan,nan,0.54
4/26/2026 18:16:38,1.17.3,FR5,67,3.93,1,5,Pellet,Left,1755,325,349,0,0.23,18,nan
4/26/2026 18:16:52,1.17.3,FR5,67,3.93,nan,5,Left,Left,1756,325,349,0,nan,nan,0.52
4/26/2026 18:16:53,1.17.3,FR5,67,3.94,nan,5,Left,Left,1757,325,349,0,nan,nan,0.29
4/26/2026 18:16:54,1.17.3,FR5,67,3.93,nan,5,Left,Left,1758,325,349,0,nan,nan,0.01
4/26/2026 18:16:57,1.17.3,FR5,67,3.93,nan,5,Left,Left,1759,325,349,0,nan,nan,0.14
4/26/2026 18:16:59,1.17.3,FR5,67,3.93,nan,5,Left,Left,1760,325,349,0,nan,nan,0.34
4/26/2026 18:17:00,1.17.3,FR5,67,3.93,1,5,Pellet,Left,1760,325,350,0,0.35,22,nan
4/26/2026 18:17:25,1.17.3,FR5,67,3.94,nan,5,Left,Left,1761,325,350,0,nan,nan,0.22
4/26/2026 18:17:26,1.17.3,FR5,67,3.93,nan,5,Left,Left,1762,325,350,0,nan,nan,0.40
4/26/2026 18:17:27,1.17.3,FR5,67,3.93,nan,5,Left,Left,1763,325,350,0,nan,nan,0.14
4/26/2026 18:17:28,1.17.3,FR5,67,3.93,nan,5,Left,Left,1764,325,350,0,nan,nan,0.29
4/26/2026 18:17:32,1.17.3,FR5,67,3.93,nan,5,Left,Left,1765,325,350,0,nan,nan,0.22
4/26/2026 18:17:33,1.17.3,FR5,67,3.94,1,5,Pellet,Left,1765,325,351,0,0.17,33,nan
4/26/2026 19:03:03,1.17.3,FR5,67,3.93,nan,5,Right,Left,1765,326,351,0,nan,nan,0.03
4/26/2026 19:03:06,1.17.3,FR5,67,3.93,nan,5,Right,Left,1765,327,351,0,nan,nan,0.05
4/26/2026 19:03:14,1.17.3,FR5,67,3.93,nan,5,Left,Left,1766,327,351,0,nan,nan,0.24
4/26/2026 19:03:16,1.17.3,FR5,67,3.93,nan,5,Left,Left,1767,327,351,0,nan,nan,0.26
4/26/2026 19:03:22,1.17.3,FR5,67,3.93,nan,5,Left,Left,1768,327,351,0,nan,nan,0.14
4/26/2026 19:03:23,1.17.3,FR5,67,3.93,nan,5,Left,Left,1769,327,351,0,nan,nan,0.19
4/26/2026 19:03:26,1.17.3,FR5,67,3.93,nan,5,Left,Left,1770,327,351,0,nan,nan,0.14
4/26/2026 19:03:27,1.17.3,FR5,67,3.93,1,5,Pellet,Left,1770,327,352,0,0.17,2754,nan
4/26/2026 19:06:13,1.17.3,FR5,67,3.93,nan,5,Left,Left,1771,327,352,0,nan,nan,0.19
4/26/2026 19:06:37,1.17.3,FR5,67,3.93,nan,5,Left,Left,1772,327,352,0,nan,nan,0.16
4/26/2026 19:16:42,1.17.3,FR5,67,3.93,nan,5,Right,Left,1772,328,352,0,nan,nan,0.16
4/26/2026 19:16:46,1.17.3,FR5,67,3.93,nan,5,Left,Left,1773,328,352,0,nan,nan,0.21
4/26/2026 19:16:48,1.17.3,FR5,67,3.93,nan,5,Left,Left,1774,328,352,0,nan,nan,0.06
4/26/2026 19:16:51,1.17.3,FR5,67,3.93,nan,5,Left,Left,1775,328,352,0,nan,nan,0.07
4/26/2026 19:16:52,1.17.3,FR5,67,3.93,nan,5,LeftDuringDispense,Left,1776,328,352,0,nan,nan,0.14
4/26/2026 19:16:55,1.17.3,FR5,67,3.93,2,5,Pellet,Left,1776,328,353,0,0.17,808,nan
4/26/2026 19:17:05,1.17.3,FR5,67,3.93,nan,5,Left,Left,1777,328,353,0,nan,nan,0.14
4/26/2026 19:17:05,1.17.3,FR5,67,3.93,nan,5,Left,Left,1778,328,353,0,nan,nan,0.00
4/26/2026 19:17:06,1.17.3,FR5,67,3.93,nan,5,Left,Left,1779,328,353,0,nan,nan,0.00
4/26/2026 19:17:17,1.17.3,FR5,67,3.93,nan,5,Left,Left,1780,328,353,0,nan,nan,0.03
4/26/2026 19:17:18,1.17.3,FR5,67,3.93,1,5,Pellet,Left,1780,328,354,0,0.23,23,nan
4/26/2026 19:17:25,1.17.3,FR5,67,3.93,nan,5,Left,Left,1781,328,354,0,nan,nan,0.22
4/26/2026 19:17:26,1.17.3,FR5,67,3.93,nan,5,Left,Left,1782,328,354,0,nan,nan,0.04
4/26/2026 19:17:27,1.17.3,FR5,67,3.93,nan,5,Left,Left,1783,328,354,0,nan,nan,0.22
4/26/2026 19:17:28,1.17.3,FR5,67,3.93,nan,5,Left,Left,1784,328,354,0,nan,nan,0.11
4/26/2026 19:17:29,1.17.3,FR5,67,3.93,nan,5,Left,Left,1785,328,354,0,nan,nan,0.26
4/26/2026 19:17:30,1.17.3,FR5,67,3.93,1,5,Pellet,Left,1785,328,355,0,0.17,12,nan
4/26/2026 19:17:40,1.17.3,FR5,67,3.93,nan,5,Left,Left,1786,328,355,0,nan,nan,0.11
4/26/2026 19:17:40,1.17.3,FR5,67,3.93,nan,5,Left,Left,1787,328,355,0,nan,nan,0.25
4/26/2026 19:17:41,1.17.3,FR5,67,3.93,nan,5,Left,Left,1788,328,355,0,nan,nan,0.13
4/26/2026 19:17:43,1.17.3,FR5,67,3.93,nan,5,Left,Left,1789,328,355,0,nan,nan,0.18
4/26/2026 19:17:44,1.17.3,FR5,67,3.93,nan,5,Left,Left,1790,328,355,0,nan,nan,0.25
4/26/2026 19:17:45,1.17.3,FR5,67,3.93,1,5,Pellet,Left,1790,328,356,0,0.12,15,nan
4/26/2026 19:18:05,1.17.3,FR5,67,3.93,nan,5,Left,Left,1791,328,356,0,nan,nan,0.11
4/26/2026 19:18:06,1.17.3,FR5,67,3.93,nan,5,Left,Left,1792,328,356,0,nan,nan,0.17
4/26/2026 19:18:07,1.17.3,FR5,67,3.93,nan,5,Left,Left,1793,328,356,0,nan,nan,0.20
4/26/2026 19:18:09,1.17.3,FR5,67,3.93,nan,5,Left,Left,1794,328,356,0,nan,nan,0.05
4/26/2026 19:18:15,1.17.3,FR5,67,3.93,nan,5,Left,Left,1795,328,356,0,nan,nan,0.22
4/26/2026 19:18:17,1.17.3,FR5,67,3.93,1,5,Pellet,Left,1795,328,357,0,0.41,32,nan
4/26/2026 19:18:27,1.17.3,FR5,67,3.93,nan,5,Left,Left,1796,328,357,0,nan,nan,0.02
4/26/2026 19:18:28,1.17.3,FR5,67,3.93,nan,5,Left,Left,1797,328,357,0,nan,nan,0.21
4/26/2026 19:18:29,1.17.3,FR5,67,3.93,nan,5,Left,Left,1798,328,357,0,nan,nan,0.00
4/26/2026 19:18:30,1.17.3,FR5,67,3.93,nan,5,Left,Left,1799,328,357,0,nan,nan,0.19
4/26/2026 19:18:31,1.17.3,FR5,67,3.93,nan,5,Left,Left,1800,328,357,0,nan,nan,0.29
4/26/2026 19:18:32,1.17.3,FR5,67,3.93,1,5,Pellet,Left,1800,328,358,0,0.29,15,nan
4/26/2026 19:23:28,1.17.3,FR5,67,3.93,nan,5,Right,Left,1800,329,358,0,nan,nan,0.05
4/26/2026 19:23:48,1.17.3,FR5,67,3.93,nan,5,Left,Left,1801,329,358,0,nan,nan,0.11
4/26/2026 19:23:54,1.17.3,FR5,67,3.93,nan,5,Left,Left,1802,329,358,0,nan,nan,0.19
4/26/2026 19:35:10,1.17.3,FR5,67,3.93,nan,5,Right,Left,1802,330,358,0,nan,nan,0.39
4/26/2026 19:35:12,1.17.3,FR5,67,3.93,nan,5,Right,Left,1802,331,358,0,nan,nan,0.22
4/26/2026 19:35:18,1.17.3,FR5,67,3.93,nan,5,Left,Left,1803,331,358,0,nan,nan,0.00
4/26/2026 19:35:19,1.17.3,FR5,67,3.93,nan,5,Left,Left,1804,331,358,0,nan,nan,0.14
4/26/2026 19:35:20,1.17.3,FR5,67,3.93,nan,5,Left,Left,1805,331,358,0,nan,nan,0.19
4/26/2026 19:35:22,1.17.3,FR5,67,3.93,1,5,Pellet,Left,1805,331,359,0,0.95,1010,nan
4/26/2026 19:35:29,1.17.3,FR5,67,3.93,nan,5,Left,Left,1806,331,359,0,nan,nan,0.09
4/26/2026 19:35:30,1.17.3,FR5,67,3.93,nan,5,Left,Left,1807,331,359,0,nan,nan,0.09
4/26/2026 19:35:32,1.17.3,FR5,67,3.93,nan,5,Left,Left,1808,331,359,0,nan,nan,0.10
4/26/2026 19:35:36,1.17.3,FR5,67,3.93,nan,5,Left,Left,1809,331,359,0,nan,nan,0.02
4/26/2026 19:35:38,1.17.3,FR5,67,3.93,nan,5,Left,Left,1810,331,359,0,nan,nan,0.13
4/26/2026 19:35:39,1.17.3,FR5,67,3.93,1,5,Pellet,Left,1810,331,360,0,0.11,17,nan
4/26/2026 19:35:46,1.17.3,FR5,67,3.93,nan,5,Left,Left,1811,331,360,0,nan,nan,0.29
4/26/2026 19:35:47,1.17.3,FR5,67,3.93,nan,5,Left,Left,1812,331,360,0,nan,nan,0.29
4/26/2026 19:35:50,1.17.3,FR5,67,3.93,nan,5,Left,Left,1813,331,360,0,nan,nan,0.13
4/26/2026 19:35:52,1.17.3,FR5,67,3.93,nan,5,Left,Left,1814,331,360,0,nan,nan,0.12
4/26/2026 19:35:55,1.17.3,FR5,67,3.93,nan,5,Left,Left,1815,331,360,0,nan,nan,0.13
4/26/2026 19:35:56,1.17.3,FR5,67,3.93,1,5,Pellet,Left,1815,331,361,0,0.06,17,nan
4/26/2026 19:54:13,1.17.3,FR5,67,3.93,nan,5,Left,Left,1816,331,361,0,nan,nan,0.31
4/26/2026 19:54:15,1.17.3,FR5,67,3.93,nan,5,Left,Left,1817,331,361,0,nan,nan,0.10
4/26/2026 19:54:18,1.17.3,FR5,67,3.93,nan,5,Left,Left,1818,331,361,0,nan,nan,0.10
4/26/2026 19:54:30,1.17.3,FR5,67,3.93,nan,5,Left,Left,1819,331,361,0,nan,nan,0.00
4/26/2026 19:54:34,1.17.3,FR5,67,3.93,nan,5,Left,Left,1820,331,361,0,nan,nan,0.25
4/26/2026 19:54:36,1.17.3,FR5,67,3.93,1,5,Pellet,Left,1820,331,362,0,0.71,1120,nan
4/26/2026 19:54:44,1.17.3,FR5,67,3.93,nan,5,Left,Left,1821,331,362,0,nan,nan,0.13
4/26/2026 19:54:56,1.17.3,FR5,67,3.93,nan,5,Left,Left,1822,331,362,0,nan,nan,0.12
4/26/2026 19:54:58,1.17.3,FR5,67,3.93,nan,5,Left,Left,1823,331,362,0,nan,nan,0.01
4/26/2026 19:54:59,1.17.3,FR5,67,3.93,nan,5,Left,Left,1824,331,362,0,nan,nan,0.19
4/26/2026 19:55:01,1.17.3,FR5,67,3.93,nan,5,Left,Left,1825,331,362,0,nan,nan,0.26
4/26/2026 19:55:01,1.17.3,FR5,67,3.93,1,5,Pellet,Left,1825,331,363,0,0.17,25,nan
4/26/2026 19:55:10,1.17.3,FR5,67,3.93,nan,5,Left,Left,1826,331,363,0,nan,nan,0.09
4/26/2026 19:55:10,1.17.3,FR5,67,3.93,nan,5,Left,Left,1827,331,363,0,nan,nan,0.02
4/26/2026 19:55:12,1.17.3,FR5,67,3.93,nan,5,Left,Left,1828,331,363,0,nan,nan,0.09
4/26/2026 19:55:14,1.17.3,FR5,67,3.93,nan,5,Left,Left,1829,331,363,0,nan,nan,0.25
4/26/2026 19:55:15,1.17.3,FR5,67,3.93,nan,5,Left,Left,1830,331,363,0,nan,nan,0.40
4/26/2026 19:55:16,1.17.3,FR5,67,3.93,nan,5,LeftDuringDispense,Left,1831,331,363,0,nan,nan,0.19
4/26/2026 19:55:19,1.17.3,FR5,67,3.93,2,5,Pellet,Left,1831,331,364,0,0.53,18,nan
4/26/2026 19:55:28,1.17.3,FR5,67,3.93,nan,5,Left,Left,1832,331,364,0,nan,nan,0.25
4/26/2026 19:55:30,1.17.3,FR5,67,3.93,nan,5,Left,Left,1833,331,364,0,nan,nan,0.26
4/26/2026 19:55:31,1.17.3,FR5,67,3.93,nan,5,Left,Left,1834,331,364,0,nan,nan,0.22
4/26/2026 19:55:33,1.17.3,FR5,67,3.93,nan,5,Left,Left,1835,331,364,0,nan,nan,0.11
4/26/2026 19:55:34,1.17.3,FR5,67,3.93,1,5,Pellet,Left,1835,331,365,0,0.12,15,nan
4/26/2026 19:55:41,1.17.3,FR5,67,3.93,nan,5,Left,Left,1836,331,365,0,nan,nan,0.42
4/26/2026 19:55:45,1.17.3,FR5,67,3.93,nan,5,Left,Left,1837,331,365,0,nan,nan,0.21
4/26/2026 19:55:45,1.17.3,FR5,67,3.93,nan,5,Left,Left,1838,331,365,0,nan,nan,0.15
4/26/2026 19:55:48,1.17.3,FR5,67,3.93,nan,5,Left,Left,1839,331,365,0,nan,nan,0.02
4/26/2026 19:55:49,1.17.3,FR5,67,3.93,nan,5,Left,Left,1840,331,365,0,nan,nan,0.12
4/26/2026 19:55:53,1.17.3,FR5,67,3.93,1,5,Pellet,Left,1840,331,366,0,3.17,19,nan
4/26/2026 19:56:03,1.17.3,FR5,67,3.93,nan,5,Left,Left,1841,331,366,0,nan,nan,0.02
4/26/2026 19:56:05,1.17.3,FR5,67,3.93,nan,5,Left,Left,1842,331,366,0,nan,nan,0.13
4/26/2026 19:56:06,1.17.3,FR5,67,3.93,nan,5,Left,Left,1843,331,366,0,nan,nan,0.10
4/26/2026 19:56:07,1.17.3,FR5,67,3.93,nan,5,Left,Left,1844,331,366,0,nan,nan,0.33
4/26/2026 19:56:08,1.17.3,FR5,67,3.93,nan,5,Left,Left,1845,331,366,0,nan,nan,0.25
4/26/2026 19:56:09,1.17.3,FR5,67,3.93,1,5,Pellet,Left,1845,331,367,0,0.17,16,nan
4/26/2026 19:56:47,1.17.3,FR5,67,3.93,nan,5,Right,Left,1845,332,367,0,nan,nan,0.37
4/26/2026 19:56:49,1.17.3,FR5,67,3.93,nan,5,Right,Left,1845,333,367,0,nan,nan,0.49
4/26/2026 19:56:54,1.17.3,FR5,67,3.93,nan,5,Left,Left,1846,333,367,0,nan,nan,0.17
4/26/2026 19:56:55,1.17.3,FR5,67,3.93,nan,5,Left,Left,1847,333,367,0,nan,nan,0.10
4/26/2026 19:57:04,1.17.3,FR5,67,3.93,nan,5,Left,Left,1848,333,367,0,nan,nan,0.30
4/26/2026 19:57:10,1.17.3,FR5,67,3.93,nan,5,Left,Left,1849,333,367,0,nan,nan,0.00
4/26/2026 19:57:12,1.17.3,FR5,67,3.93,nan,5,Left,Left,1850,333,367,0,nan,nan,0.28
4/26/2026 19:57:13,1.17.3,FR5,67,3.93,1,5,Pellet,Left,1850,333,368,0,0.77,64,nan
4/26/2026 20:08:31,1.17.3,FR5,67,3.93,nan,5,Left,Left,1851,333,368,0,nan,nan,0.31
4/26/2026 20:08:32,1.17.3,FR5,67,3.93,nan,5,Left,Left,1852,333,368,0,nan,nan,0.23
4/26/2026 20:08:34,1.17.3,FR5,67,3.93,nan,5,Left,Left,1853,333,368,0,nan,nan,0.26
4/26/2026 20:08:35,1.17.3,FR5,67,3.93,nan,5,Left,Left,1854,333,368,0,nan,nan,0.17
4/26/2026 20:08:36,1.17.3,FR5,67,3.93,nan,5,Left,Left,1855,333,368,0,nan,nan,0.07
4/26/2026 20:08:37,1.17.3,FR5,67,3.93,1,5,Pellet,Left,1855,333,369,0,0.41,684,nan
4/26/2026 20:08:51,1.17.3,FR5,67,3.93,nan,5,Left,Left,1856,333,369,0,nan,nan,0.01
4/26/2026 20:08:51,1.17.3,FR5,67,3.93,nan,5,Left,Left,1857,333,369,0,nan,nan,0.00
4/26/2026 20:08:54,1.17.3,FR5,67,3.93,nan,5,Left,Left,1858,333,369,0,nan,nan,0.06
4/26/2026 20:08:56,1.17.3,FR5,67,3.93,nan,5,Left,Left,1859,333,369,0,nan,nan,0.11
4/26/2026 20:08:57,1.17.3,FR5,67,3.93,nan,5,Left,Left,1860,333,369,0,nan,nan,0.24
4/26/2026 20:08:58,1.17.3,FR5,67,3.93,1,5,Pellet,Left,1860,333,370,0,0.06,21,nan
4/26/2026 20:09:07,1.17.3,FR5,67,3.93,nan,5,Left,Left,1861,333,370,0,nan,nan,0.08
4/26/2026 20:09:08,1.17.3,FR5,67,3.93,nan,5,Left,Left,1862,333,370,0,nan,nan,0.17
4/26/2026 20:09:09,1.17.3,FR5,67,3.93,nan,5,Left,Left,1863,333,370,0,nan,nan,0.18
4/26/2026 20:09:11,1.17.3,FR5,67,3.93,nan,5,Left,Left,1864,333,370,0,nan,nan,0.13
4/26/2026 20:09:17,1.17.3,FR5,67,3.93,nan,5,Left,Left,1865,333,370,0,nan,nan,0.00
4/26/2026 20:09:19,1.17.3,FR5,67,3.93,1,5,Pellet,Left,1865,333,371,0,1.13,21,nan
4/26/2026 20:09:46,1.17.3,FR5,67,3.93,nan,5,Left,Left,1866,333,371,0,nan,nan,0.06
4/26/2026 20:09:48,1.17.3,FR5,67,3.93,nan,5,Left,Left,1867,333,371,0,nan,nan,0.48
4/26/2026 20:09:50,1.17.3,FR5,67,3.93,nan,5,Left,Left,1868,333,371,0,nan,nan,0.19
4/26/2026 20:09:51,1.17.3,FR5,67,3.93,nan,5,Left,Left,1869,333,371,0,nan,nan,0.21
4/26/2026 20:09:57,1.17.3,FR5,67,3.93,nan,5,Left,Left,1870,333,371,0,nan,nan,0.00
4/26/2026 20:09:58,1.17.3,FR5,67,3.93,1,5,Pellet,Left,1870,333,372,0,0.12,39,nan
4/26/2026 20:10:03,1.17.3,FR5,67,3.93,nan,5,Left,Left,1871,333,372,0,nan,nan,0.07
4/26/2026 20:10:05,1.17.3,FR5,67,3.93,nan,5,Left,Left,1872,333,372,0,nan,nan,0.26
4/26/2026 20:10:06,1.17.3,FR5,67,3.93,nan,5,Left,Left,1873,333,372,0,nan,nan,0.18
4/26/2026 20:10:09,1.17.3,FR5,67,3.93,nan,5,Left,Left,1874,333,372,0,nan,nan,0.05
4/26/2026 20:10:10,1.17.3,FR5,67,3.93,nan,5,Left,Left,1875,333,372,0,nan,nan,0.23
4/26/2026 20:10:11,1.17.3,FR5,67,3.93,1,5,Pellet,Left,1875,333,373,0,0.35,13,nan
4/26/2026 20:10:21,1.17.3,FR5,67,3.93,nan,5,Left,Left,1876,333,373,0,nan,nan,0.31
4/26/2026 20:10:22,1.17.3,FR5,67,3.93,nan,5,Left,Left,1877,333,373,0,nan,nan,0.00
4/26/2026 20:10:23,1.17.3,FR5,67,3.93,nan,5,Left,Left,1878,333,373,0,nan,nan,0.23
4/26/2026 20:10:27,1.17.3,FR5,67,3.93,nan,5,Left,Left,1879,333,373,0,nan,nan,0.08
4/26/2026 20:10:29,1.17.3,FR5,67,3.93,nan,5,Left,Left,1880,333,373,0,nan,nan,0.04
4/26/2026 20:10:29,1.17.3,FR5,67,3.93,1,5,Pellet,Left,1880,333,374,0,0.12,18,nan
4/26/2026 20:25:38,1.17.3,FR5,67,3.93,nan,5,Left,Left,1881,333,374,0,nan,nan,0.18
4/26/2026 20:26:11,1.17.3,FR5,67,3.93,nan,5,Left,Left,1882,333,374,0,nan,nan,0.12
4/26/2026 20:26:15,1.17.3,FR5,67,3.93,nan,5,Left,Left,1883,333,374,0,nan,nan,0.22
4/26/2026 20:26:19,1.17.3,FR5,67,3.93,nan,5,Left,Left,1884,333,374,0,nan,nan,0.05
4/26/2026 20:26:20,1.17.3,FR5,67,3.93,nan,5,Left,Left,1885,333,374,0,nan,nan,0.06
4/26/2026 20:26:21,1.17.3,FR5,67,3.93,1,5,Pellet,Left,1885,333,375,0,0.35,952,nan
4/26/2026 20:26:28,1.17.3,FR5,67,3.93,nan,5,Left,Left,1886,333,375,0,nan,nan,0.12
4/26/2026 20:26:30,1.17.3,FR5,67,3.93,nan,5,Left,Left,1887,333,375,0,nan,nan,0.16
4/26/2026 20:26:31,1.17.3,FR5,67,3.93,nan,5,Left,Left,1888,333,375,0,nan,nan,0.26
4/26/2026 20:26:36,1.17.3,FR5,67,3.93,nan,5,Left,Left,1889,333,375,0,nan,nan,0.14
4/26/2026 20:26:37,1.17.3,FR5,67,3.93,nan,5,Left,Left,1890,333,375,0,nan,nan,0.29
4/26/2026 20:26:38,1.17.3,FR5,67,3.93,1,5,Pellet,Left,1890,333,376,0,0.29,17,nan
4/26/2026 20:26:46,1.17.3,FR5,67,3.93,nan,5,Left,Left,1891,333,376,0,nan,nan,0.13
4/26/2026 20:26:47,1.17.3,FR5,67,3.93,nan,5,Left,Left,1892,333,376,0,nan,nan,0.01
4/26/2026 20:26:55,1.17.3,FR5,67,3.93,nan,5,Left,Left,1893,333,376,0,nan,nan,0.12
