MM:DD:YYYY hh:mm:ss,Library_Version,Session_type,Device_Number,Battery_Voltage,Motor_Turns,FR,Event,Active_Poke,Left_Poke_Count,Right_Poke_Count,Pellet_Count,Block_Pellet_Count,Retrieval_Time,InterPelletInterval,Poke_Time
7/22/2026 16:26:14,1.17.3,FR5,2,4.05,nan,5,Left,Left,1,0,0,0,nan,nan,0.17
7/22/2026 16:31:36,1.17.3,FR5,2,4.05,nan,5,Left,Left,2,0,0,0,nan,nan,0.18
7/22/2026 16:32:19,1.17.3,FR5,2,4.05,nan,5,Left,Left,3,0,0,0,nan,nan,1.11
7/22/2026 16:48:32,1.17.3,FR5,2,4.05,nan,5,Left,Left,4,0,0,0,nan,nan,0.56
7/22/2026 16:48:39,1.17.3,FR5,2,4.05,nan,5,Left,Left,5,0,0,0,nan,nan,0.15
7/22/2026 16:48:46,1.17.3,FR5,2,4.05,4,5,Pellet,Left,5,0,1,0,1.13,nan,nan
7/22/2026 16:49:20,1.17.3,FR5,2,4.05,nan,5,Left,Left,6,0,1,0,nan,nan,0.04
7/22/2026 17:44:18,1.17.3,FR5,2,4.05,nan,5,Left,Left,7,0,1,0,nan,nan,0.25
7/22/2026 17:44:22,1.17.3,FR5,2,4.05,nan,5,Left,Left,8,0,1,0,nan,nan,0.43
7/22/2026 17:44:24,1.17.3,FR5,2,4.05,nan,5,Left,Left,9,0,1,0,nan,nan,0.16
7/22/2026 17:44:25,1.17.3,FR5,2,4.05,nan,5,Left,Left,10,0,1,0,nan,nan,0.14
7/22/2026 17:44:27,1.17.3,FR5,2,4.05,2,5,Pellet,Left,10,0,2,0,0.83,3341,nan
7/22/2026 17:44:46,1.17.3,FR5,2,4.05,nan,5,Left,Left,11,0,2,0,nan,nan,0.43
7/22/2026 17:44:49,1.17.3,FR5,2,4.05,nan,5,Left,Left,12,0,2,0,nan,nan,0.31
7/22/2026 17:44:50,1.17.3,FR5,2,4.05,nan,5,Left,Left,13,0,2,0,nan,nan,0.00
7/22/2026 17:44:52,1.17.3,FR5,2,4.05,nan,5,Left,Left,14,0,2,0,nan,nan,0.90
7/22/2026 17:44:53,1.17.3,FR5,2,4.05,nan,5,Left,Left,15,0,2,0,nan,nan,0.00
7/22/2026 17:44:54,1.17.3,FR5,2,4.04,2,5,Pellet,Left,15,0,3,0,0.35,27,nan
7/22/2026 17:45:00,1.17.3,FR5,2,4.05,nan,5,Left,Left,16,0,3,0,nan,nan,0.11
7/22/2026 17:45:02,1.17.3,FR5,2,4.05,nan,5,Left,Left,17,0,3,0,nan,nan,0.05
7/22/2026 17:45:06,1.17.3,FR5,2,4.05,nan,5,Left,Left,18,0,3,0,nan,nan,0.07
7/22/2026 17:45:09,1.17.3,FR5,2,4.05,nan,5,Left,Left,19,0,3,0,nan,nan,0.43
7/22/2026 17:45:10,1.17.3,FR5,2,4.05,nan,5,Left,Left,20,0,3,0,nan,nan,0.14
7/22/2026 17:45:11,1.17.3,FR5,2,4.04,1,5,Pellet,Left,20,0,4,0,0.29,17,nan
7/22/2026 17:46:13,1.17.3,FR5,2,4.05,nan,5,Left,Left,21,0,4,0,nan,nan,0.02
7/22/2026 17:56:04,1.17.3,FR5,2,4.05,nan,5,Left,Left,22,0,4,0,nan,nan,0.33
7/22/2026 17:57:09,1.17.3,FR5,2,4.05,nan,5,Right,Left,22,1,4,0,nan,nan,0.33
7/22/2026 17:57:13,1.17.3,FR5,2,4.04,nan,5,Right,Left,22,2,4,0,nan,nan,0.29
7/22/2026 17:58:34,1.17.3,FR5,2,4.05,nan,5,Left,Left,23,2,4,0,nan,nan,0.35
7/22/2026 17:58:37,1.17.3,FR5,2,4.05,nan,5,Left,Left,24,2,4,0,nan,nan,1.17
7/22/2026 17:58:42,1.17.3,FR5,2,4.04,nan,5,Left,Left,25,2,4,0,nan,nan,0.27
7/22/2026 17:58:42,1.17.3,FR5,2,4.05,nan,5,LeftDuringDispense,Left,26,2,4,0,nan,nan,0.06
7/22/2026 17:58:46,1.17.3,FR5,2,4.05,2,5,Pellet,Left,26,2,5,0,1.07,815,nan
7/22/2026 17:59:02,1.17.3,FR5,2,4.04,nan,5,Left,Left,27,2,5,0,nan,nan,0.12
7/22/2026 17:59:04,1.17.3,FR5,2,4.05,nan,5,Left,Left,28,2,5,0,nan,nan,0.77
7/22/2026 17:59:06,1.17.3,FR5,2,4.05,nan,5,Left,Left,29,2,5,0,nan,nan,0.46
7/22/2026 17:59:09,1.17.3,FR5,2,4.05,nan,5,Left,Left,30,2,5,0,nan,nan,0.55
7/22/2026 17:59:10,1.17.3,FR5,2,4.05,2,5,Pellet,Left,30,2,6,0,0.06,24,nan
7/22/2026 17:59:24,1.17.3,FR5,2,4.05,nan,5,Left,Left,31,2,6,0,nan,nan,0.03
7/22/2026 17:59:30,1.17.3,FR5,2,4.05,nan,5,Left,Left,32,2,6,0,nan,nan,0.44
7/22/2026 17:59:31,1.17.3,FR5,2,4.05,nan,5,Left,Left,33,2,6,0,nan,nan,0.28
7/22/2026 17:59:32,1.17.3,FR5,2,4.04,nan,5,Left,Left,34,2,6,0,nan,nan,0.37
7/22/2026 17:59:34,1.17.3,FR5,2,4.05,nan,5,Left,Left,35,2,6,0,nan,nan,0.02
7/22/2026 17:59:34,1.17.3,FR5,2,4.05,nan,5,LeftDuringDispense,Left,36,2,6,0,nan,nan,0.07
7/22/2026 17:59:35,1.17.3,FR5,2,4.05,nan,5,LeftDuringDispense,Left,37,2,6,0,nan,nan,0.14
7/22/2026 17:59:39,1.17.3,FR5,2,4.05,2,5,Pellet,Left,37,2,7,0,1.37,29,nan
7/22/2026 17:59:52,1.17.3,FR5,2,4.04,nan,5,Left,Left,38,2,7,0,nan,nan,0.37
7/22/2026 17:59:54,1.17.3,FR5,2,4.05,nan,5,Left,Left,39,2,7,0,nan,nan,0.34
7/22/2026 17:59:56,1.17.3,FR5,2,4.05,nan,5,Left,Left,40,2,7,0,nan,nan,0.71
7/22/2026 18:00:00,1.17.3,FR5,2,4.04,2,5,Pellet,Left,40,2,8,0,1.55,21,nan
7/22/2026 18:00:20,1.17.3,FR5,2,4.05,nan,5,Left,Left,41,2,8,0,nan,nan,0.37
7/22/2026 18:00:22,1.17.3,FR5,2,4.05,nan,5,Left,Left,42,2,8,0,nan,nan,0.11
7/22/2026 18:00:25,1.17.3,FR5,2,4.05,nan,5,Left,Left,43,2,8,0,nan,nan,0.26
7/22/2026 18:00:27,1.17.3,FR5,2,4.05,nan,5,Left,Left,44,2,8,0,nan,nan,0.34
7/22/2026 18:00:29,1.17.3,FR5,2,4.05,nan,5,Left,Left,45,2,8,0,nan,nan,0.73
7/22/2026 18:00:30,1.17.3,FR5,2,4.05,1,5,Pellet,Left,45,2,9,0,0.29,30,nan
7/22/2026 18:00:54,1.17.3,FR5,2,4.05,nan,5,Left,Left,46,2,9,0,nan,nan,0.09
7/22/2026 18:08:10,1.17.3,FR5,2,4.05,nan,5,Left,Left,47,2,9,0,nan,nan,0.26
7/22/2026 18:08:11,1.17.3,FR5,2,4.04,nan,5,Left,Left,48,2,9,0,nan,nan,0.00
7/22/2026 18:08:13,1.17.3,FR5,2,4.05,nan,5,Left,Left,49,2,9,0,nan,nan,0.71
7/22/2026 18:08:15,1.17.3,FR5,2,4.05,nan,5,Left,Left,50,2,9,0,nan,nan,0.11
7/22/2026 18:08:17,1.17.3,FR5,2,4.05,1,5,Pellet,Left,50,2,10,0,1.01,467,nan
7/22/2026 18:08:32,1.17.3,FR5,2,4.04,nan,5,Left,Left,51,2,10,0,nan,nan,0.32
7/22/2026 18:08:36,1.17.3,FR5,2,4.05,nan,5,Left,Left,52,2,10,0,nan,nan,0.50
7/22/2026 18:08:43,1.17.3,FR5,2,4.04,nan,5,Left,Left,53,2,10,0,nan,nan,0.47
7/22/2026 18:08:45,1.17.3,FR5,2,4.05,nan,5,Left,Left,54,2,10,0,nan,nan,0.25
7/22/2026 18:25:22,1.17.3,FR5,2,4.05,nan,5,Left,Left,55,2,10,0,nan,nan,0.32
7/22/2026 18:25:24,1.17.3,FR5,2,4.05,1,5,Pellet,Left,55,2,11,0,0.95,1027,nan
7/22/2026 18:25:41,1.17.3,FR5,2,4.04,nan,5,Left,Left,56,2,11,0,nan,nan,0.01
7/22/2026 18:25:44,1.17.3,FR5,2,4.04,nan,5,Left,Left,57,2,11,0,nan,nan,0.61
7/22/2026 18:25:47,1.17.3,FR5,2,4.04,nan,5,Left,Left,58,2,11,0,nan,nan,0.43
7/22/2026 18:25:48,1.17.3,FR5,2,4.05,nan,5,Left,Left,59,2,11,0,nan,nan,0.37
7/22/2026 18:25:51,1.17.3,FR5,2,4.04,nan,5,Left,Left,60,2,11,0,nan,nan,0.41
7/22/2026 18:25:53,1.17.3,FR5,2,4.04,1,5,Pellet,Left,60,2,12,0,1.19,29,nan
7/22/2026 18:26:07,1.17.3,FR5,2,4.04,nan,5,Left,Left,61,2,12,0,nan,nan,0.28
7/22/2026 18:26:17,1.17.3,FR5,2,4.04,nan,5,Left,Left,62,2,12,0,nan,nan,0.04
7/22/2026 18:26:18,1.17.3,FR5,2,4.04,nan,5,Left,Left,63,2,12,0,nan,nan,0.00
7/22/2026 18:26:19,1.17.3,FR5,2,4.05,nan,5,Left,Left,64,2,12,0,nan,nan,0.37
7/22/2026 18:26:22,1.17.3,FR5,2,4.05,nan,5,Left,Left,65,2,12,0,nan,nan,0.07
7/22/2026 18:26:26,1.17.3,FR5,2,4.04,2,5,Pellet,Left,65,2,13,0,0.71,33,nan
7/22/2026 18:26:37,1.17.3,FR5,2,4.05,nan,5,Left,Left,66,2,13,0,nan,nan,0.10
7/22/2026 18:26:38,1.17.3,FR5,2,4.04,nan,5,Left,Left,67,2,13,0,nan,nan,0.08
7/22/2026 18:26:45,1.17.3,FR5,2,4.04,nan,5,Left,Left,68,2,13,0,nan,nan,0.61
7/22/2026 18:26:46,1.17.3,FR5,2,4.04,nan,5,Left,Left,69,2,13,0,nan,nan,0.00
7/22/2026 18:26:48,1.17.3,FR5,2,4.05,nan,5,Left,Left,70,2,13,0,nan,nan,0.50
7/22/2026 18:26:52,1.17.3,FR5,2,4.04,2,5,Pellet,Left,70,2,14,0,0.71,26,nan
7/22/2026 18:27:03,1.17.3,FR5,2,4.05,nan,5,Left,Left,71,2,14,0,nan,nan,0.28
7/22/2026 18:27:07,1.17.3,FR5,2,4.04,nan,5,Right,Left,71,3,14,0,nan,nan,0.61
7/22/2026 18:27:10,1.17.3,FR5,2,4.04,nan,5,Left,Left,72,3,14,0,nan,nan,0.01
7/22/2026 18:27:11,1.17.3,FR5,2,4.05,nan,5,Left,Left,73,3,14,0,nan,nan,0.12
7/22/2026 18:27:14,1.17.3,FR5,2,4.05,nan,5,Left,Left,74,3,14,0,nan,nan,0.42
7/22/2026 18:27:17,1.17.3,FR5,2,4.05,nan,5,Left,Left,75,3,14,0,nan,nan,0.07
7/22/2026 18:27:19,1.17.3,FR5,2,4.05,1,5,Pellet,Left,75,3,15,0,0.29,27,nan
7/22/2026 18:27:26,1.17.3,FR5,2,4.04,nan,5,Left,Left,76,3,15,0,nan,nan,0.14
7/22/2026 18:27:28,1.17.3,FR5,2,4.05,nan,5,Left,Left,77,3,15,0,nan,nan,0.56
7/22/2026 18:27:30,1.17.3,FR5,2,4.04,nan,5,Left,Left,78,3,15,0,nan,nan,0.34
7/22/2026 18:27:32,1.17.3,FR5,2,4.04,nan,5,Left,Left,79,3,15,0,nan,nan,0.13
7/22/2026 18:27:33,1.17.3,FR5,2,4.04,nan,5,Left,Left,80,3,15,0,nan,nan,0.21
7/22/2026 18:27:35,1.17.3,FR5,2,4.04,1,5,Pellet,Left,80,3,16,0,0.65,16,nan
7/22/2026 18:27:48,1.17.3,FR5,2,4.04,nan,5,Left,Left,81,3,16,0,nan,nan,0.05
7/22/2026 18:27:49,1.17.3,FR5,2,4.04,nan,5,Left,Left,82,3,16,0,nan,nan,0.00
7/22/2026 18:27:52,1.17.3,FR5,2,4.04,nan,5,Left,Left,83,3,16,0,nan,nan,0.84
7/22/2026 18:27:53,1.17.3,FR5,2,4.04,nan,5,Left,Left,84,3,16,0,nan,nan,0.00
7/22/2026 18:28:01,1.17.3,FR5,2,4.05,nan,5,Left,Left,85,3,16,0,nan,nan,0.31
7/22/2026 18:28:02,1.17.3,FR5,2,4.04,1,5,Pellet,Left,85,3,17,0,0.29,27,nan
7/22/2026 18:28:16,1.17.3,FR5,2,4.04,nan,5,Left,Left,86,3,17,0,nan,nan,0.28
7/22/2026 18:28:17,1.17.3,FR5,2,4.05,nan,5,Left,Left,87,3,17,0,nan,nan,0.17
7/22/2026 18:28:22,1.17.3,FR5,2,4.04,nan,5,Left,Left,88,3,17,0,nan,nan,0.76
7/22/2026 18:28:23,1.17.3,FR5,2,4.04,nan,5,Left,Left,89,3,17,0,nan,nan,0.00
7/22/2026 18:28:27,1.17.3,FR5,2,4.05,nan,5,Left,Left,90,3,17,0,nan,nan,0.33
7/22/2026 18:28:32,1.17.3,FR5,2,4.05,3,5,Pellet,Left,90,3,18,0,0.23,30,nan
7/22/2026 18:28:57,1.17.3,FR5,2,4.05,nan,5,Left,Left,91,3,18,0,nan,nan,0.07
7/22/2026 18:29:00,1.17.3,FR5,2,4.04,nan,5,Left,Left,92,3,18,0,nan,nan,0.09
7/22/2026 18:29:05,1.17.3,FR5,2,4.05,nan,5,Left,Left,93,3,18,0,nan,nan,0.24
7/22/2026 18:29:06,1.17.3,FR5,2,4.04,nan,5,Left,Left,94,3,18,0,nan,nan,0.28
7/22/2026 18:29:07,1.17.3,FR5,2,4.04,nan,5,Left,Left,95,3,18,0,nan,nan,0.00
7/22/2026 18:29:11,1.17.3,FR5,2,4.04,2,5,Pellet,Left,95,3,19,0,0.89,39,nan
7/22/2026 18:30:09,1.17.3,FR5,2,4.04,nan,5,Right,Left,95,4,19,0,nan,nan,0.77
7/22/2026 18:30:10,1.17.3,FR5,2,4.05,nan,5,Right,Left,95,5,19,0,nan,nan,0.08
7/22/2026 18:30:14,1.17.3,FR5,2,4.05,nan,5,Left,Left,96,5,19,0,nan,nan,0.17
7/22/2026 18:30:16,1.17.3,FR5,2,4.05,nan,5,Left,Left,97,5,19,0,nan,nan,0.05
7/22/2026 18:30:20,1.17.3,FR5,2,4.04,nan,5,Left,Left,98,5,19,0,nan,nan,0.08
7/22/2026 18:30:23,1.17.3,FR5,2,4.04,nan,5,Left,Left,99,5,19,0,nan,nan,0.13
7/22/2026 18:30:26,1.17.3,FR5,2,4.05,nan,5,Left,Left,100,5,19,0,nan,nan,0.43
7/22/2026 18:30:27,1.17.3,FR5,2,4.04,1,5,Pellet,Left,100,5,20,0,0.35,76,nan
7/22/2026 18:30:45,1.17.3,FR5,2,4.04,nan,5,Right,Left,100,6,20,0,nan,nan,0.50
7/22/2026 18:30:53,1.17.3,FR5,2,4.04,nan,5,Left,Left,101,6,20,0,nan,nan,0.24
7/22/2026 18:30:54,1.17.3,FR5,2,4.05,nan,5,Left,Left,102,6,20,0,nan,nan,0.13
7/22/2026 18:30:55,1.17.3,FR5,2,4.05,nan,5,Left,Left,103,6,20,0,nan,nan,0.01
7/22/2026 18:30:56,1.17.3,FR5,2,4.04,nan,5,Left,Left,104,6,20,0,nan,nan,0.00
7/22/2026 18:31:00,1.17.3,FR5,2,4.04,nan,5,Left,Left,105,6,20,0,nan,nan,0.40
7/22/2026 18:31:01,1.17.3,FR5,2,4.04,1,5,Pellet,Left,105,6,21,0,0.17,34,nan
7/22/2026 18:31:27,1.17.3,FR5,2,4.05,nan,5,Right,Left,105,7,21,0,nan,nan,0.35
7/22/2026 18:31:29,1.17.3,FR5,2,4.04,nan,5,Right,Left,105,8,21,0,nan,nan,0.52
7/22/2026 18:31:34,1.17.3,FR5,2,4.04,nan,5,Right,Left,105,9,21,0,nan,nan,0.03
7/22/2026 18:31:35,1.17.3,FR5,2,4.05,nan,5,Right,Left,105,10,21,0,nan,nan,0.67
7/22/2026 18:32:47,1.17.3,FR5,2,4.04,nan,5,Left,Left,106,10,21,0,nan,nan,0.19
7/22/2026 18:33:26,1.17.3,FR5,2,4.05,nan,5,Left,Left,107,10,21,0,nan,nan,0.02
7/22/2026 18:42:17,1.17.3,FR5,2,4.05,nan,5,Left,Left,108,10,21,0,nan,nan,0.01
7/22/2026 18:42:19,1.17.3,FR5,2,4.04,nan,5,Left,Left,109,10,21,0,nan,nan,0.02
7/22/2026 18:42:29,1.17.3,FR5,2,4.04,nan,5,Left,Left,110,10,21,0,nan,nan,0.10
7/22/2026 18:42:30,1.17.3,FR5,2,4.04,1,5,Pellet,Left,110,10,22,0,0.29,689,nan
7/22/2026 18:42:43,1.17.3,FR5,2,4.04,nan,5,Left,Left,111,10,22,0,nan,nan,0.09
7/22/2026 18:42:45,1.17.3,FR5,2,4.04,nan,5,Left,Left,112,10,22,0,nan,nan,0.48
7/22/2026 18:42:46,1.17.3,FR5,2,4.04,nan,5,Left,Left,113,10,22,0,nan,nan,0.23
7/22/2026 18:42:48,1.17.3,FR5,2,4.04,nan,5,Left,Left,114,10,22,0,nan,nan,0.01
7/22/2026 19:09:32,1.17.3,FR5,2,4.04,nan,5,Left,Left,115,10,22,0,nan,nan,0.14
7/22/2026 19:09:34,1.17.3,FR5,2,4.04,1,5,Pellet,Left,115,10,23,0,0.89,1624,nan
7/22/2026 19:09:47,1.17.3,FR5,2,4.04,nan,5,Left,Left,116,10,23,0,nan,nan,0.02
7/22/2026 19:09:49,1.17.3,FR5,2,4.04,nan,5,Left,Left,117,10,23,0,nan,nan,0.02
7/22/2026 19:09:52,1.17.3,FR5,2,4.04,nan,5,Left,Left,118,10,23,0,nan,nan,0.42
7/22/2026 19:09:58,1.17.3,FR5,2,4.04,nan,5,Left,Left,119,10,23,0,nan,nan,0.17
7/22/2026 19:11:22,1.17.3,FR5,2,4.04,nan,5,Right,Left,119,11,23,0,nan,nan,0.08
7/22/2026 19:11:53,1.17.3,FR5,2,4.04,nan,5,Left,Left,120,11,23,0,nan,nan,0.24
7/22/2026 19:11:57,1.17.3,FR5,2,4.04,1,5,Pellet,Left,120,11,24,0,3.47,143,nan
7/22/2026 19:12:12,1.17.3,FR5,2,4.05,nan,5,Left,Left,121,11,24,0,nan,nan,0.30
7/22/2026 19:12:14,1.17.3,FR5,2,4.04,nan,5,Left,Left,122,11,24,0,nan,nan,0.35
7/22/2026 19:12:16,1.17.3,FR5,2,4.04,nan,5,Left,Left,123,11,24,0,nan,nan,0.55
7/22/2026 19:12:18,1.17.3,FR5,2,4.04,nan,5,Left,Left,124,11,24,0,nan,nan,0.00
7/22/2026 19:12:20,1.17.3,FR5,2,4.04,nan,5,Left,Left,125,11,24,0,nan,nan,0.01
7/22/2026 19:12:23,1.17.3,FR5,2,4.04,2,5,Pellet,Left,125,11,25,0,0.47,26,nan
7/22/2026 19:12:36,1.17.3,FR5,2,4.04,nan,5,Right,Left,125,12,25,0,nan,nan,0.36
7/22/2026 19:13:12,1.17.3,FR5,2,4.05,nan,5,Left,Left,126,12,25,0,nan,nan,0.31
7/22/2026 19:19:59,1.17.3,FR5,2,4.04,nan,5,Left,Left,127,12,25,0,nan,nan,0.02
7/22/2026 19:20:02,1.17.3,FR5,2,4.04,nan,5,Left,Left,128,12,25,0,nan,nan,0.04
7/22/2026 19:20:07,1.17.3,FR5,2,4.05,nan,5,Left,Left,129,12,25,0,nan,nan,0.05
7/22/2026 19:20:10,1.17.3,FR5,2,4.05,nan,5,Left,Left,130,12,25,0,nan,nan,0.02
7/22/2026 19:20:13,1.17.3,FR5,2,4.04,2,5,Pellet,Left,130,12,26,0,0.47,470,nan
7/22/2026 19:20:51,1.17.3,FR5,2,4.04,nan,5,Right,Left,130,13,26,0,nan,nan,0.38
7/22/2026 19:20:53,1.17.3,FR5,2,4.04,nan,5,Right,Left,130,14,26,0,nan,nan,0.10
7/22/2026 19:21:07,1.17.3,FR5,2,4.04,nan,5,Left,Left,131,14,26,0,nan,nan,0.06
7/22/2026 19:21:10,1.17.3,FR5,2,4.04,nan,5,Left,Left,132,14,26,0,nan,nan,0.07
7/22/2026 19:21:13,1.17.3,FR5,2,4.04,nan,5,Left,Left,133,14,26,0,nan,nan,0.05
7/22/2026 19:21:15,1.17.3,FR5,2,4.04,nan,5,Left,Left,134,14,26,0,nan,nan,0.00
7/22/2026 19:21:17,1.17.3,FR5,2,4.04,nan,5,Left,Left,135,14,26,0,nan,nan,0.18
7/22/2026 19:21:18,1.17.3,FR5,2,4.04,1,5,Pellet,Left,135,14,27,0,0.23,65,nan
7/22/2026 19:21:40,1.17.3,FR5,2,4.04,nan,5,Left,Left,136,14,27,0,nan,nan,0.01
7/22/2026 19:21:40,1.17.3,FR5,2,4.05,nan,5,Left,Left,137,14,27,0,nan,nan,0.04
7/22/2026 19:21:44,1.17.3,FR5,2,4.04,nan,5,Left,Left,138,14,27,0,nan,nan,0.05
7/22/2026 19:21:47,1.17.3,FR5,2,4.04,nan,5,Left,Left,139,14,27,0,nan,nan,0.06
7/22/2026 19:21:48,1.17.3,FR5,2,4.04,nan,5,Left,Left,140,14,27,0,nan,nan,0.01
7/22/2026 19:21:49,1.17.3,FR5,2,4.04,2,5,Pellet,Left,140,14,28,0,0.06,31,nan
7/22/2026 19:21:58,1.17.3,FR5,2,4.05,nan,5,Left,Left,141,14,28,0,nan,nan,0.03
7/22/2026 19:22:00,1.17.3,FR5,2,4.04,nan,5,Left,Left,142,14,28,0,nan,nan,0.23
7/22/2026 19:22:01,1.17.3,FR5,2,4.04,nan,5,Left,Left,143,14,28,0,nan,nan,0.46
7/22/2026 19:22:04,1.17.3,FR5,2,4.04,nan,5,Left,Left,144,14,28,0,nan,nan,0.03
7/22/2026 19:22:04,1.17.3,FR5,2,4.04,nan,5,Left,Left,145,14,28,0,nan,nan,0.33
7/22/2026 19:22:05,1.17.3,FR5,2,4.04,1,5,Pellet,Left,145,14,29,0,0.17,16,nan
7/22/2026 19:22:52,1.17.3,FR5,2,4.03,nan,5,Left,Left,146,14,29,0,nan,nan,0.06
7/22/2026 19:22:57,1.17.3,FR5,2,4.04,nan,5,Left,Left,147,14,29,0,nan,nan,0.02
7/22/2026 19:22:58,1.17.3,FR5,2,4.05,nan,5,Left,Left,148,14,29,0,nan,nan,0.00
7/22/2026 19:23:02,1.17.3,FR5,2,4.05,nan,5,Left,Left,149,14,29,0,nan,nan,0.34
7/22/2026 19:23:04,1.17.3,FR5,2,4.04,nan,5,Left,Left,150,14,29,0,nan,nan,1.25
7/22/2026 19:23:05,1.17.3,FR5,2,4.04,1,5,Pellet,Left,150,14,30,0,0.35,60,nan
7/22/2026 19:23:17,1.17.3,FR5,2,4.05,nan,5,Left,Left,151,14,30,0,nan,nan,0.00
7/22/2026 19:23:20,1.17.3,FR5,2,4.04,nan,5,Left,Left,152,14,30,0,nan,nan,0.02
7/22/2026 19:23:23,1.17.3,FR5,2,4.04,nan,5,Left,Left,153,14,30,0,nan,nan,0.07
7/22/2026 19:23:24,1.17.3,FR5,2,4.04,nan,5,Left,Left,154,14,30,0,nan,nan,0.00
7/22/2026 19:23:29,1.17.3,FR5,2,4.04,nan,5,Left,Left,155,14,30,0,nan,nan,0.11
7/22/2026 19:23:30,1.17.3,FR5,2,4.04,nan,5,LeftDuringDispense,Left,156,14,30,0,nan,nan,0.17
7/22/2026 19:23:31,1.17.3,FR5,2,4.04,1,5,Pellet,Left,156,14,31,0,1.01,26,nan
7/22/2026 19:23:45,1.17.3,FR5,2,4.03,nan,5,Left,Left,157,14,31,0,nan,nan,0.01
7/22/2026 19:29:07,1.17.3,FR5,2,4.04,nan,5,Left,Left,158,14,31,0,nan,nan,0.36
7/22/2026 19:29:13,1.17.3,FR5,2,4.04,nan,5,Left,Left,159,14,31,0,nan,nan,0.37
7/22/2026 19:29:14,1.17.3,FR5,2,4.04,nan,5,Left,Left,160,14,31,0,nan,nan,0.58
7/22/2026 19:29:18,1.17.3,FR5,2,4.04,3,5,Pellet,Left,160,14,32,0,0.06,347,nan
7/22/2026 19:31:42,1.17.3,FR5,2,4.04,nan,5,Left,Left,161,14,32,0,nan,nan,0.04
7/22/2026 19:39:45,1.17.3,FR5,2,4.04,nan,5,Left,Left,162,14,32,0,nan,nan,0.92
7/22/2026 19:39:56,1.17.3,FR5,2,4.05,nan,5,Left,Left,163,14,32,0,nan,nan,0.06
7/22/2026 19:40:00,1.17.3,FR5,2,4.04,nan,5,Left,Left,164,14,32,0,nan,nan,2.21
7/22/2026 19:40:02,1.17.3,FR5,2,4.04,nan,5,Left,Left,165,14,32,0,nan,nan,0.08
7/22/2026 19:40:03,1.17.3,FR5,2,4.04,2,5,Pellet,Left,165,14,33,0,0.29,645,nan
7/22/2026 19:40:19,1.17.3,FR5,2,4.04,nan,5,Left,Left,166,14,33,0,nan,nan,0.01
7/22/2026 19:40:19,1.17.3,FR5,2,4.04,nan,5,Left,Left,167,14,33,0,nan,nan,0.27
7/22/2026 19:40:21,1.17.3,FR5,2,4.04,nan,5,Left,Left,168,14,33,0,nan,nan,0.40
7/22/2026 19:40:23,1.17.3,FR5,2,4.04,nan,5,Left,Left,169,14,33,0,nan,nan,0.79
7/22/2026 19:40:24,1.17.3,FR5,2,4.04,nan,5,Left,Left,170,14,33,0,nan,nan,0.42
7/22/2026 19:40:25,1.17.3,FR5,2,4.03,1,5,Pellet,Left,170,14,34,0,0.12,22,nan
7/22/2026 19:40:42,1.17.3,FR5,2,4.04,nan,5,Right,Left,170,15,34,0,nan,nan,0.44
7/22/2026 19:40:55,1.17.3,FR5,2,4.04,nan,5,Left,Left,171,15,34,0,nan,nan,0.01
7/22/2026 19:40:55,1.17.3,FR5,2,4.05,nan,5,Left,Left,172,15,34,0,nan,nan,0.17
7/22/2026 19:41:04,1.17.3,FR5,2,4.04,nan,5,Left,Left,173,15,34,0,nan,nan,0.38
7/22/2026 19:41:08,1.17.3,FR5,2,4.04,nan,5,Left,Left,174,15,34,0,nan,nan,0.11
7/22/2026 19:41:14,1.17.3,FR5,2,4.04,nan,5,Left,Left,175,15,34,0,nan,nan,0.02
7/22/2026 19:41:15,1.17.3,FR5,2,4.04,1,5,Pellet,Left,175,15,35,0,0.35,50,nan
7/22/2026 19:42:44,1.17.3,FR5,2,4.04,nan,5,Left,Left,176,15,35,0,nan,nan,0.27
7/22/2026 19:42:46,1.17.3,FR5,2,4.04,nan,5,Left,Left,177,15,35,0,nan,nan,0.21
7/22/2026 19:42:47,1.17.3,FR5,2,4.04,nan,5,Left,Left,178,15,35,0,nan,nan,0.48
7/22/2026 19:42:52,1.17.3,FR5,2,4.04,nan,5,Left,Left,179,15,35,0,nan,nan,0.01
7/22/2026 19:42:58,1.17.3,FR5,2,4.04,nan,5,Left,Left,180,15,35,0,nan,nan,0.16
7/22/2026 19:42:59,1.17.3,FR5,2,4.04,1,5,Pellet,Left,180,15,36,0,0.29,104,nan
7/22/2026 19:43:13,1.17.3,FR5,2,4.04,nan,5,Left,Left,181,15,36,0,nan,nan,0.06
7/22/2026 19:43:21,1.17.3,FR5,2,4.04,nan,5,Right,Left,181,16,36,0,nan,nan,0.11
7/22/2026 19:44:39,1.17.3,FR5,2,4.04,nan,5,Left,Left,182,16,36,0,nan,nan,0.01
7/22/2026 19:44:53,1.17.3,FR5,2,4.04,nan,5,Right,Left,182,17,36,0,nan,nan,0.22
7/22/2026 19:47:53,1.17.3,FR5,2,4.04,nan,5,Left,Left,183,17,36,0,nan,nan,0.26
7/22/2026 19:57:37,1.17.3,FR5,2,4.04,nan,5,Left,Left,184,17,36,0,nan,nan,1.22
7/22/2026 19:57:40,1.17.3,FR5,2,4.04,nan,5,Left,Left,185,17,36,0,nan,nan,0.34
7/22/2026 19:57:43,1.17.3,FR5,2,4.04,2,5,Pellet,Left,185,17,37,0,0.77,884,nan
7/22/2026 19:58:10,1.17.3,FR5,2,4.04,nan,5,Left,Left,186,17,37,0,nan,nan,0.27
7/22/2026 19:58:13,1.17.3,FR5,2,4.04,nan,5,Left,Left,187,17,37,0,nan,nan,0.03
7/22/2026 19:58:18,1.17.3,FR5,2,4.04,nan,5,Left,Left,188,17,37,0,nan,nan,0.00
7/22/2026 19:58:21,1.17.3,FR5,2,4.04,nan,5,Left,Left,189,17,37,0,nan,nan,0.03
7/22/2026 19:58:23,1.17.3,FR5,2,4.03,nan,5,Left,Left,190,17,37,0,nan,nan,0.01
7/22/2026 19:58:26,1.17.3,FR5,2,4.04,2,5,Pellet,Left,190,17,38,0,0.35,43,nan
7/22/2026 19:58:48,1.17.3,FR5,2,4.04,nan,5,Left,Left,191,17,38,0,nan,nan,0.02
7/22/2026 19:58:52,1.17.3,FR5,2,4.04,nan,5,Left,Left,192,17,38,0,nan,nan,0.54
7/22/2026 19:58:54,1.17.3,FR5,2,4.04,nan,5,Left,Left,193,17,38,0,nan,nan,0.08
7/22/2026 19:58:57,1.17.3,FR5,2,4.04,nan,5,Left,Left,194,17,38,0,nan,nan,0.52
7/22/2026 19:59:00,1.17.3,FR5,2,4.04,nan,5,Left,Left,195,17,38,0,nan,nan,0.36
7/22/2026 19:59:01,1.17.3,FR5,2,4.04,1,5,Pellet,Left,195,17,39,0,0.35,35,nan
7/22/2026 19:59:37,1.17.3,FR5,2,4.04,nan,5,Left,Left,196,17,39,0,nan,nan,0.00
7/22/2026 20:08:06,1.17.3,FR5,2,4.04,nan,5,Left,Left,197,17,39,0,nan,nan,0.02
7/22/2026 20:08:08,1.17.3,FR5,2,4.05,nan,5,Left,Left,198,17,39,0,nan,nan,0.27
7/22/2026 20:08:13,1.17.3,FR5,2,4.03,nan,5,Left,Left,199,17,39,0,nan,nan,0.41
7/22/2026 20:18:16,1.17.3,FR5,2,4.04,nan,5,Left,Left,200,17,39,0,nan,nan,0.97
7/22/2026 20:18:17,1.17.3,FR5,2,4.03,1,5,Pellet,Left,200,17,40,0,0.47,1156,nan
7/22/2026 20:21:43,1.17.3,FR5,2,4.04,nan,5,Right,Left,200,18,40,0,nan,nan,0.57
7/22/2026 20:31:30,1.17.3,FR5,2,4.03,nan,5,Left,Left,201,18,40,0,nan,nan,0.02
7/22/2026 20:34:25,1.17.3,FR5,2,4.04,nan,5,Right,Left,201,19,40,0,nan,nan,1.20
7/22/2026 20:34:40,1.17.3,FR5,2,4.04,nan,5,Right,Left,201,20,40,0,nan,nan,0.07
7/22/2026 20:35:17,1.17.3,FR5,2,4.04,nan,5,Left,Left,202,20,40,0,nan,nan,0.19
7/22/2026 20:37:30,1.17.3,FR5,2,4.04,nan,5,Right,Left,202,21,40,0,nan,nan,0.10
7/22/2026 20:37:31,1.17.3,FR5,2,4.03,nan,5,Right,Left,202,22,40,0,nan,nan,0.05
7/22/2026 20:37:33,1.17.3,FR5,2,4.04,nan,5,Right,Left,202,23,40,0,nan,nan,0.68
7/22/2026 20:37:37,1.17.3,FR5,2,4.04,nan,5,Right,Left,202,24,40,0,nan,nan,0.04
7/22/2026 20:37:51,1.17.3,FR5,2,4.03,nan,5,Right,Left,202,25,40,0,nan,nan,0.11
7/22/2026 20:37:52,1.17.3,FR5,2,4.04,nan,5,Right,Left,202,26,40,0,nan,nan,0.00
7/22/2026 20:37:54,1.17.3,FR5,2,4.03,nan,5,Right,Left,202,27,40,0,nan,nan,0.04
7/22/2026 20:38:00,1.17.3,FR5,2,4.04,nan,5,Right,Left,202,28,40,0,nan,nan,0.86
7/22/2026 20:38:04,1.17.3,FR5,2,4.04,nan,5,Right,Left,202,29,40,0,nan,nan,1.20
7/22/2026 20:38:08,1.17.3,FR5,2,4.04,nan,5,Left,Left,203,29,40,0,nan,nan,0.30
7/22/2026 20:38:10,1.17.3,FR5,2,4.04,nan,5,Left,Left,204,29,40,0,nan,nan,0.34
7/22/2026 20:38:11,1.17.3,FR5,2,4.04,nan,5,Left,Left,205,29,40,0,nan,nan,0.43
7/22/2026 20:38:12,1.17.3,FR5,2,4.03,2,5,Pellet,Left,205,29,41,0,0.12,1195,nan
7/22/2026 20:39:06,1.17.3,FR5,2,4.04,nan,5,Right,Left,205,30,41,0,nan,nan,0.18
7/22/2026 20:39:08,1.17.3,FR5,2,4.03,nan,5,Right,Left,205,31,41,0,nan,nan,0.00
7/22/2026 20:39:20,1.17.3,FR5,2,4.03,nan,5,Right,Left,205,32,41,0,nan,nan,1.14
7/22/2026 20:39:20,1.17.3,FR5,2,4.03,nan,5,Right,Left,205,33,41,0,nan,nan,0.02
7/22/2026 20:39:26,1.17.3,FR5,2,4.04,nan,5,Right,Left,205,34,41,0,nan,nan,0.07
7/22/2026 20:39:27,1.17.3,FR5,2,4.04,nan,5,Right,Left,205,35,41,0,nan,nan,0.00
7/22/2026 20:39:28,1.17.3,FR5,2,4.04,nan,5,Right,Left,205,36,41,0,nan,nan,0.00
7/22/2026 20:39:29,1.17.3,FR5,2,4.03,nan,5,Right,Left,205,37,41,0,nan,nan,0.15
7/22/2026 20:39:31,1.17.3,FR5,2,4.03,nan,5,Right,Left,205,38,41,0,nan,nan,0.01
7/22/2026 20:39:32,1.17.3,FR5,2,4.04,nan,5,Right,Left,205,39,41,0,nan,nan,1.00
7/22/2026 20:39:35,1.17.3,FR5,2,4.04,nan,5,Left,Left,206,39,41,0,nan,nan,0.16
7/22/2026 20:39:38,1.17.3,FR5,2,4.04,nan,5,Right,Left,206,40,41,0,nan,nan,0.59
7/22/2026 20:39:40,1.17.3,FR5,2,4.04,nan,5,Right,Left,206,41,41,0,nan,nan,0.46
7/22/2026 20:39:46,1.17.3,FR5,2,4.03,nan,5,Right,Left,206,42,41,0,nan,nan,0.66
7/22/2026 20:39:48,1.17.3,FR5,2,4.03,nan,5,Right,Left,206,43,41,0,nan,nan,0.00
7/22/2026 20:39:49,1.17.3,FR5,2,4.03,nan,5,Right,Left,206,44,41,0,nan,nan,0.03
7/22/2026 20:39:50,1.17.3,FR5,2,4.04,nan,5,Right,Left,206,45,41,0,nan,nan,0.92
7/22/2026 20:39:51,1.17.3,FR5,2,4.03,nan,5,Right,Left,206,46,41,0,nan,nan,0.03
7/22/2026 20:39:53,1.17.3,FR5,2,4.03,nan,5,Right,Left,206,47,41,0,nan,nan,0.00
7/22/2026 20:39:55,1.17.3,FR5,2,4.04,nan,5,Right,Left,206,48,41,0,nan,nan,0.44
7/22/2026 20:40:00,1.17.3,FR5,2,4.03,nan,5,Left,Left,207,48,41,0,nan,nan,0.37
7/22/2026 20:40:02,1.17.3,FR5,2,4.04,nan,5,Right,Left,207,49,41,0,nan,nan,0.42
7/22/2026 20:41:32,1.17.3,FR5,2,4.03,nan,5,Right,Left,207,50,41,0,nan,nan,0.47
7/22/2026 20:41:39,1.17.3,FR5,2,4.04,nan,5,Right,Left,207,51,41,0,nan,nan,0.01
7/22/2026 20:41:40,1.17.3,FR5,2,4.04,nan,5,Right,Left,207,52,41,0,nan,nan,0.02
7/22/2026 20:41:44,1.17.3,FR5,2,4.03,nan,5,Right,Left,207,53,41,0,nan,nan,0.65
7/22/2026 20:41:46,1.17.3,FR5,2,4.04,nan,5,Right,Left,207,54,41,0,nan,nan,0.46
7/22/2026 20:44:13,1.17.3,FR5,2,4.04,nan,5,Left,Left,208,54,41,0,nan,nan,0.21
7/22/2026 20:52:19,1.17.3,FR5,2,4.03,nan,5,Left,Left,209,54,41,0,nan,nan,0.11
7/22/2026 20:57:31,1.17.3,FR5,2,4.04,nan,5,Left,Left,210,54,41,0,nan,nan,0.05
7/22/2026 20:57:32,1.17.3,FR5,2,4.03,1,5,Pellet,Left,210,54,42,0,0.17,1160,nan
7/22/2026 20:57:45,1.17.3,FR5,2,4.03,nan,5,Left,Left,211,54,42,0,nan,nan,0.06
7/22/2026 20:57:48,1.17.3,FR5,2,4.04,nan,5,Left,Left,212,54,42,0,nan,nan,0.04
7/22/2026 20:57:51,1.17.3,FR5,2,4.04,nan,5,Left,Left,213,54,42,0,nan,nan,0.11
7/22/2026 20:57:57,1.17.3,FR5,2,4.03,nan,5,Left,Left,214,54,42,0,nan,nan,0.00
7/22/2026 20:57:58,1.17.3,FR5,2,4.03,nan,5,Left,Left,215,54,42,0,nan,nan,0.00
7/22/2026 20:57:58,1.17.3,FR5,2,4.04,1,5,Pellet,Left,215,54,43,0,0.17,26,nan
7/22/2026 20:58:06,1.17.3,FR5,2,4.03,nan,5,Left,Left,216,54,43,0,nan,nan,0.25
7/22/2026 20:58:07,1.17.3,FR5,2,4.04,nan,5,Left,Left,217,54,43,0,nan,nan,0.00
7/22/2026 20:58:09,1.17.3,FR5,2,4.03,nan,5,Left,Left,218,54,43,0,nan,nan,0.07
7/22/2026 20:58:10,1.17.3,FR5,2,4.04,nan,5,Left,Left,219,54,43,0,nan,nan,0.12
7/22/2026 20:58:13,1.17.3,FR5,2,4.03,nan,5,Left,Left,220,54,43,0,nan,nan,0.05
7/22/2026 20:58:14,1.17.3,FR5,2,4.04,1,5,Pellet,Left,220,54,44,0,0.41,16,nan
7/22/2026 20:58:31,1.17.3,FR5,2,4.03,nan,5,Left,Left,221,54,44,0,nan,nan,0.07
7/22/2026 20:58:35,1.17.3,FR5,2,4.04,nan,5,Right,Left,221,55,44,0,nan,nan,0.05
7/22/2026 20:58:36,1.17.3,FR5,2,4.03,nan,5,Right,Left,221,56,44,0,nan,nan,0.27
7/22/2026 20:58:50,1.17.3,FR5,2,4.03,nan,5,Left,Left,222,56,44,0,nan,nan,0.15
7/22/2026 21:04:15,1.17.3,FR5,2,4.03,nan,5,Left,Left,223,56,44,0,nan,nan,0.07
7/22/2026 21:04:16,1.17.3,FR5,2,4.03,nan,5,Left,Left,224,56,44,0,nan,nan,0.01
7/22/2026 21:04:44,1.17.3,FR5,2,4.04,nan,5,Left,Left,225,56,44,0,nan,nan,0.49
7/22/2026 21:04:50,1.17.3,FR5,2,4.03,3,5,Pellet,Left,225,56,45,0,1.07,396,nan
7/22/2026 21:05:00,1.17.3,FR5,2,4.04,nan,5,Left,Left,226,56,45,0,nan,nan,0.03
7/22/2026 21:05:05,1.17.3,FR5,2,4.04,nan,5,Left,Left,227,56,45,0,nan,nan,0.31
7/22/2026 21:05:12,1.17.3,FR5,2,4.04,nan,5,Right,Left,227,57,45,0,nan,nan,0.95
7/22/2026 21:05:15,1.17.3,FR5,2,4.03,nan,5,Right,Left,227,58,45,0,nan,nan,0.99
7/22/2026 21:05:56,1.17.3,FR5,2,4.04,nan,5,Left,Left,228,58,45,0,nan,nan,0.07
7/22/2026 21:05:59,1.17.3,FR5,2,4.03,nan,5,Left,Left,229,58,45,0,nan,nan,0.24
7/22/2026 21:05:59,1.17.3,FR5,2,4.03,nan,5,Left,Left,230,58,45,0,nan,nan,0.00
7/22/2026 21:06:00,1.17.3,FR5,2,4.03,1,5,Pellet,Left,230,58,46,0,0.29,70,nan
7/22/2026 21:06:23,1.17.3,FR5,2,4.04,nan,5,Left,Left,231,58,46,0,nan,nan,0.08
7/22/2026 21:06:24,1.17.3,FR5,2,4.03,nan,5,Left,Left,232,58,46,0,nan,nan,0.09
7/22/2026 21:07:01,1.17.3,FR5,2,4.03,nan,5,Right,Left,232,59,46,0,nan,nan,0.03
7/22/2026 21:07:31,1.17.3,FR5,2,4.03,nan,5,Right,Left,232,60,46,0,nan,nan,0.82
7/22/2026 21:07:36,1.17.3,FR5,2,4.04,nan,5,Right,Left,232,61,46,0,nan,nan,0.94
7/22/2026 21:07:47,1.17.3,FR5,2,4.03,nan,5,Right,Left,232,62,46,0,nan,nan,0.02
7/22/2026 21:07:48,1.17.3,FR5,2,4.04,nan,5,Right,Left,232,63,46,0,nan,nan,0.00
7/22/2026 21:08:46,1.17.3,FR5,2,4.03,nan,5,Left,Left,233,63,46,0,nan,nan,0.10
7/22/2026 21:08:53,1.17.3,FR5,2,4.04,nan,5,Right,Left,233,64,46,0,nan,nan,0.47
7/22/2026 21:08:56,1.17.3,FR5,2,4.03,nan,5,Left,Left,234,64,46,0,nan,nan,0.09
7/22/2026 21:08:59,1.17.3,FR5,2,4.03,nan,5,Left,Left,235,64,46,0,nan,nan,0.19
7/22/2026 21:08:59,1.17.3,FR5,2,4.04,nan,5,LeftDuringDispense,Left,236,64,46,0,nan,nan,0.00
7/22/2026 21:09:03,1.17.3,FR5,2,4.04,3,5,Pellet,Left,236,64,47,0,0.11,183,nan
7/22/2026 21:09:17,1.17.3,FR5,2,4.03,nan,5,Left,Left,237,64,47,0,nan,nan,0.17
7/22/2026 21:09:18,1.17.3,FR5,2,4.04,nan,5,Left,Left,238,64,47,0,nan,nan,0.06
7/22/2026 21:09:19,1.17.3,FR5,2,4.03,nan,5,Left,Left,239,64,47,0,nan,nan,0.07
7/22/2026 21:09:22,1.17.3,FR5,2,4.03,nan,5,Right,Left,239,65,47,0,nan,nan,0.07
7/22/2026 21:14:17,1.17.3,FR5,2,4.03,nan,5,Left,Left,240,65,47,0,nan,nan,0.29
7/22/2026 21:14:18,1.17.3,FR5,2,4.04,1,5,Pellet,Left,240,65,48,0,0.53,315,nan
7/22/2026 21:15:29,1.17.3,FR5,2,4.04,nan,5,Left,Left,241,65,48,0,nan,nan,0.02
7/22/2026 21:29:40,1.17.3,FR5,2,4.04,nan,5,Left,Left,242,65,48,0,nan,nan,0.08
7/22/2026 21:29:46,1.17.3,FR5,2,4.04,nan,5,Left,Left,243,65,48,0,nan,nan,0.00
7/22/2026 21:29:58,1.17.3,FR5,2,4.03,nan,5,Left,Left,244,65,48,0,nan,nan,0.26
7/22/2026 21:30:00,1.17.3,FR5,2,4.03,nan,5,Left,Left,245,65,48,0,nan,nan,0.59
7/22/2026 21:30:03,1.17.3,FR5,2,4.03,2,5,Pellet,Left,245,65,49,0,0.12,945,nan
7/22/2026 21:30:17,1.17.3,FR5,2,4.03,nan,5,Left,Left,246,65,49,0,nan,nan,0.02
7/22/2026 21:30:25,1.17.3,FR5,2,4.03,nan,5,Left,Left,247,65,49,0,nan,nan,0.14
7/22/2026 21:30:33,1.17.3,FR5,2,4.04,nan,5,Left,Left,248,65,49,0,nan,nan,0.14
7/22/2026 21:30:34,1.17.3,FR5,2,4.03,nan,5,Left,Left,249,65,49,0,nan,nan,0.00
7/22/2026 21:30:43,1.17.3,FR5,2,4.04,nan,5,Left,Left,250,65,49,0,nan,nan,0.02
7/22/2026 21:30:46,1.17.3,FR5,2,4.03,2,5,Pellet,Left,250,65,50,0,0.23,43,nan
7/22/2026 21:31:03,1.17.3,FR5,2,4.04,nan,5,Right,Left,250,66,50,0,nan,nan,0.57
7/22/2026 21:31:27,1.17.3,FR5,2,4.03,nan,5,Left,Left,251,66,50,0,nan,nan,0.27
7/22/2026 22:22:59,1.17.3,FR5,2,4.03,nan,5,Left,Left,252,66,50,0,nan,nan,0.49
7/22/2026 22:23:02,1.17.3,FR5,2,4.03,nan,5,Left,Left,253,66,50,0,nan,nan,0.20
7/22/2026 22:23:05,1.17.3,FR5,2,4.03,nan,5,Left,Left,254,66,50,0,nan,nan,0.40
7/22/2026 22:23:07,1.17.3,FR5,2,4.03,nan,5,Left,Left,255,66,50,0,nan,nan,0.00
7/22/2026 22:23:08,1.17.3,FR5,2,4.03,1,5,Pellet,Left,255,66,51,0,0.41,3142,nan
7/22/2026 22:23:20,1.17.3,FR5,2,4.03,nan,5,Left,Left,256,66,51,0,nan,nan,0.05
7/22/2026 22:23:23,1.17.3,FR5,2,4.03,nan,5,Left,Left,257,66,51,0,nan,nan,0.05
7/22/2026 22:23:25,1.17.3,FR5,2,4.03,nan,5,Left,Left,258,66,51,0,nan,nan,0.17
7/22/2026 22:23:25,1.17.3,FR5,2,4.03,nan,5,Left,Left,259,66,51,0,nan,nan,0.00
7/22/2026 22:23:26,1.17.3,FR5,2,4.03,nan,5,Left,Left,260,66,51,0,nan,nan,0.00
7/22/2026 22:23:27,1.17.3,FR5,2,4.03,2,5,Pellet,Left,260,66,52,0,0.11,19,nan
7/22/2026 22:23:35,1.17.3,FR5,2,4.03,nan,5,Left,Left,261,66,52,0,nan,nan,0.06
7/22/2026 22:23:38,1.17.3,FR5,2,4.03,nan,5,Left,Left,262,66,52,0,nan,nan,0.13
7/22/2026 22:23:45,1.17.3,FR5,2,4.03,nan,5,Left,Left,263,66,52,0,nan,nan,0.02
7/22/2026 22:23:47,1.17.3,FR5,2,4.03,nan,5,Left,Left,264,66,52,0,nan,nan,0.35
7/22/2026 22:23:49,1.17.3,FR5,2,4.03,nan,5,Left,Left,265,66,52,0,nan,nan,0.12
7/22/2026 22:23:50,1.17.3,FR5,2,4.03,1,5,Pellet,Left,265,66,53,0,0.23,23,nan
7/22/2026 22:24:09,1.17.3,FR5,2,4.03,nan,5,Left,Left,266,66,53,0,nan,nan,0.05
7/22/2026 22:24:18,1.17.3,FR5,2,4.03,nan,5,Left,Left,267,66,53,0,nan,nan,0.61
7/22/2026 22:24:19,1.17.3,FR5,2,4.03,nan,5,Left,Left,268,66,53,0,nan,nan,0.00
7/22/2026 22:24:21,1.17.3,FR5,2,4.03,nan,5,Left,Left,269,66,53,0,nan,nan,0.73
7/22/2026 22:24:36,1.17.3,FR5,2,4.03,nan,5,Left,Left,270,66,53,0,nan,nan,0.51
7/22/2026 22:24:37,1.17.3,FR5,2,4.03,2,5,Pellet,Left,270,66,54,0,0.17,47,nan
7/22/2026 22:24:53,1.17.3,FR5,2,4.03,nan,5,Left,Left,271,66,54,0,nan,nan,0.03
7/22/2026 22:24:54,1.17.3,FR5,2,4.03,nan,5,Left,Left,272,66,54,0,nan,nan,0.43
7/22/2026 22:24:55,1.17.3,FR5,2,4.03,nan,5,Left,Left,273,66,54,0,nan,nan,0.00
7/22/2026 22:25:03,1.17.3,FR5,2,4.03,nan,5,Left,Left,274,66,54,0,nan,nan,1.01
7/22/2026 22:25:05,1.17.3,FR5,2,4.03,nan,5,Left,Left,275,66,54,0,nan,nan,0.14
7/22/2026 22:25:06,1.17.3,FR5,2,4.03,1,5,Pellet,Left,275,66,55,0,0.41,29,nan
7/22/2026 22:25:47,1.17.3,FR5,2,4.03,nan,5,Left,Left,276,66,55,0,nan,nan,0.05
7/22/2026 22:25:47,1.17.3,FR5,2,4.03,nan,5,Left,Left,277,66,55,0,nan,nan,0.09
7/22/2026 22:25:48,1.17.3,FR5,2,4.03,nan,5,Left,Left,278,66,55,0,nan,nan,0.06
7/22/2026 22:25:54,1.17.3,FR5,2,4.03,nan,5,Left,Left,279,66,55,0,nan,nan,0.00
7/22/2026 22:25:55,1.17.3,FR5,2,4.04,nan,5,Right,Left,279,67,55,0,nan,nan,0.32
7/22/2026 22:34:51,1.17.3,FR5,2,4.03,nan,5,Left,Left,280,67,55,0,nan,nan,0.29
7/22/2026 22:34:56,1.17.3,FR5,2,4.03,3,5,Pellet,Left,280,67,56,0,0.17,590,nan
7/22/2026 22:35:07,1.17.3,FR5,2,4.03,nan,5,Left,Left,281,67,56,0,nan,nan,0.02
7/22/2026 22:35:09,1.17.3,FR5,2,4.03,nan,5,Left,Left,282,67,56,0,nan,nan,0.28
7/22/2026 22:35:10,1.17.3,FR5,2,4.03,nan,5,Left,Left,283,67,56,0,nan,nan,0.04
7/22/2026 22:35:10,1.17.3,FR5,2,4.03,nan,5,Left,Left,284,67,56,0,nan,nan,0.02
7/22/2026 22:35:12,1.17.3,FR5,2,4.03,nan,5,Left,Left,285,67,56,0,nan,nan,0.07
7/22/2026 22:35:13,1.17.3,FR5,2,4.03,1,5,Pellet,Left,285,67,57,0,0.23,17,nan
7/22/2026 22:35:28,1.17.3,FR5,2,4.03,nan,5,Left,Left,286,67,57,0,nan,nan,0.08
7/22/2026 22:35:32,1.17.3,FR5,2,4.03,nan,5,Left,Left,287,67,57,0,nan,nan,0.04
7/22/2026 22:35:39,1.17.3,FR5,2,4.03,nan,5,Left,Left,288,67,57,0,nan,nan,0.03
7/22/2026 22:35:45,1.17.3,FR5,2,4.03,nan,5,Left,Left,289,67,57,0,nan,nan,0.26
7/22/2026 22:35:46,1.17.3,FR5,2,4.03,nan,5,Left,Left,290,67,57,0,nan,nan,0.01
7/22/2026 22:35:47,1.17.3,FR5,2,4.03,1,5,Pellet,Left,290,67,58,0,0.23,34,nan
7/22/2026 22:37:19,1.17.3,FR5,2,4.03,nan,5,Left,Left,291,67,58,0,nan,nan,0.32
7/22/2026 22:37:19,1.17.3,FR5,2,4.03,nan,5,Left,Left,292,67,58,0,nan,nan,0.00
7/22/2026 22:37:21,1.17.3,FR5,2,4.03,nan,5,Left,Left,293,67,58,0,nan,nan,0.29
7/22/2026 22:37:28,1.17.3,FR5,2,4.03,nan,5,Left,Left,294,67,58,0,nan,nan,0.00
7/22/2026 22:37:49,1.17.3,FR5,2,4.03,nan,5,Left,Left,295,67,58,0,nan,nan,0.32
7/22/2026 22:37:50,1.17.3,FR5,2,4.04,2,5,Pellet,Left,295,67,59,0,0.12,123,nan
7/22/2026 22:38:17,1.17.3,FR5,2,4.03,nan,5,Right,Left,295,68,59,0,nan,nan,2.01
7/22/2026 22:38:19,1.17.3,FR5,2,4.03,nan,5,Right,Left,295,69,59,0,nan,nan,1.05
7/22/2026 22:38:21,1.17.3,FR5,2,4.03,nan,5,Right,Left,295,70,59,0,nan,nan,0.71
7/22/2026 22:38:26,1.17.3,FR5,2,4.03,nan,5,Right,Left,295,71,59,0,nan,nan,0.38
7/22/2026 22:38:30,1.17.3,FR5,2,4.03,nan,5,Right,Left,295,72,59,0,nan,nan,0.43
7/22/2026 22:38:58,1.17.3,FR5,2,4.03,nan,5,Left,Left,296,72,59,0,nan,nan,0.16
7/22/2026 22:38:59,1.17.3,FR5,2,4.03,nan,5,Left,Left,297,72,59,0,nan,nan,0.10
7/22/2026 22:39:00,1.17.3,FR5,2,4.03,nan,5,Left,Left,298,72,59,0,nan,nan,0.16
7/22/2026 22:39:02,1.17.3,FR5,2,4.03,nan,5,Left,Left,299,72,59,0,nan,nan,0.21
7/22/2026 22:39:12,1.17.3,FR5,2,4.03,nan,5,Right,Left,299,73,59,0,nan,nan,0.19
7/22/2026 22:39:14,1.17.3,FR5,2,4.03,nan,5,Left,Left,300,73,59,0,nan,nan,0.06
7/22/2026 22:39:15,1.17.3,FR5,2,4.03,1,5,Pellet,Left,300,73,60,0,0.29,85,nan
7/22/2026 22:40:01,1.17.3,FR5,2,4.03,nan,5,Right,Left,300,74,60,0,nan,nan,0.01
7/22/2026 22:40:03,1.17.3,FR5,2,4.03,nan,5,Right,Left,300,75,60,0,nan,nan,0.87
7/22/2026 22:40:08,1.17.3,FR5,2,4.03,nan,5,Right,Left,300,76,60,0,nan,nan,0.66
7/22/2026 22:40:11,1.17.3,FR5,2,4.03,nan,5,Right,Left,300,77,60,0,nan,nan,0.60
7/22/2026 22:42:24,1.17.3,FR5,2,4.03,nan,5,Left,Left,301,77,60,0,nan,nan,0.06
7/22/2026 22:46:23,1.17.3,FR5,2,4.03,nan,5,Right,Left,301,78,60,0,nan,nan,0.02
7/22/2026 22:46:24,1.17.3,FR5,2,4.03,nan,5,Right,Left,301,79,60,0,nan,nan,0.04
7/22/2026 22:46:26,1.17.3,FR5,2,4.03,nan,5,Right,Left,301,80,60,0,nan,nan,0.00
7/22/2026 22:49:50,1.17.3,FR5,2,4.03,nan,5,Left,Left,302,80,60,0,nan,nan,0.10
7/22/2026 22:49:51,1.17.3,FR5,2,4.04,nan,5,Left,Left,303,80,60,0,nan,nan,0.17
7/22/2026 22:49:53,1.17.3,FR5,2,4.03,nan,5,Left,Left,304,80,60,0,nan,nan,0.19
7/22/2026 22:55:49,1.17.3,FR5,2,4.03,nan,5,Left,Left,305,80,60,0,nan,nan,0.33
7/22/2026 22:55:52,1.17.3,FR5,2,4.03,2,5,Pellet,Left,305,80,61,0,0.41,997,nan
7/22/2026 22:59:06,1.17.3,FR5,2,4.03,nan,5,Left,Left,306,80,61,0,nan,nan,0.17
7/22/2026 22:59:09,1.17.3,FR5,2,4.03,nan,5,Left,Left,307,80,61,0,nan,nan,0.45
7/22/2026 22:59:10,1.17.3,FR5,2,4.03,nan,5,Left,Left,308,80,61,0,nan,nan,0.00
7/22/2026 23:00:45,1.17.3,FR5,2,4.03,nan,5,Right,Left,308,81,61,0,nan,nan,0.57
7/22/2026 23:01:37,1.17.3,FR5,2,4.03,nan,5,Right,Left,308,82,61,0,nan,nan,0.23
7/22/2026 23:02:04,1.17.3,FR5,2,4.03,nan,5,Right,Left,308,83,61,0,nan,nan,0.36
7/22/2026 23:07:05,1.17.3,FR5,2,4.03,nan,5,Right,Left,308,84,61,0,nan,nan,0.00
7/22/2026 23:09:15,1.17.3,FR5,2,4.03,nan,5,Left,Left,309,84,61,0,nan,nan,0.18
7/22/2026 23:09:27,1.17.3,FR5,2,4.03,nan,5,Left,Left,310,84,61,0,nan,nan,0.07
7/22/2026 23:09:30,1.17.3,FR5,2,4.03,2,5,Pellet,Left,310,84,62,0,0.35,818,nan
7/22/2026 23:09:43,1.17.3,FR5,2,4.03,nan,5,Left,Left,311,84,62,0,nan,nan,0.10
7/22/2026 23:09:47,1.17.3,FR5,2,4.03,nan,5,Left,Left,312,84,62,0,nan,nan,0.02
7/22/2026 23:09:50,1.17.3,FR5,2,4.03,nan,5,Left,Left,313,84,62,0,nan,nan,0.08
7/22/2026 23:12:58,1.17.3,FR5,2,4.03,nan,5,Right,Left,313,85,62,0,nan,nan,0.24
7/22/2026 23:14:32,1.17.3,FR5,2,4.03,nan,5,Right,Left,313,86,62,0,nan,nan,0.06
7/22/2026 23:15:38,1.17.3,FR5,2,4.03,nan,5,Left,Left,314,86,62,0,nan,nan,0.00
7/22/2026 23:15:44,1.17.3,FR5,2,4.03,nan,5,Right,Left,314,87,62,0,nan,nan,0.24
7/22/2026 23:20:17,1.17.3,FR5,2,4.03,nan,5,Left,Left,315,87,62,0,nan,nan,0.04
7/22/2026 23:20:19,1.17.3,FR5,2,4.03,1,5,Pellet,Left,315,87,63,0,0.35,649,nan
7/22/2026 23:24:51,1.17.3,FR5,2,4.03,nan,5,Right,Left,315,88,63,0,nan,nan,0.26
7/22/2026 23:25:50,1.17.3,FR5,2,4.03,nan,5,Left,Left,316,88,63,0,nan,nan,0.18
7/22/2026 23:26:29,1.17.3,FR5,2,4.03,nan,5,Right,Left,316,89,63,0,nan,nan,0.70
7/22/2026 23:26:30,1.17.3,FR5,2,4.03,nan,5,Right,Left,316,90,63,0,nan,nan,0.00
7/22/2026 23:26:48,1.17.3,FR5,2,4.03,nan,5,Right,Left,316,91,63,0,nan,nan,0.50
7/22/2026 23:27:00,1.17.3,FR5,2,4.03,nan,5,Right,Left,316,92,63,0,nan,nan,0.16
7/22/2026 23:28:34,1.17.3,FR5,2,4.03,nan,5,Left,Left,317,92,63,0,nan,nan,0.07
7/22/2026 23:29:57,1.17.3,FR5,2,4.03,nan,5,Right,Left,317,93,63,0,nan,nan,0.16
7/22/2026 23:29:58,1.17.3,FR5,2,4.03,nan,5,Right,Left,317,94,63,0,nan,nan,0.00
7/22/2026 23:30:00,1.17.3,FR5,2,4.03,nan,5,Right,Left,317,95,63,0,nan,nan,0.41
7/22/2026 23:30:02,1.17.3,FR5,2,4.03,nan,5,Left,Left,318,95,63,0,nan,nan,0.06
7/22/2026 23:32:07,1.17.3,FR5,2,4.03,nan,5,Right,Left,318,96,63,0,nan,nan,0.33
7/22/2026 23:36:17,1.17.3,FR5,2,4.03,nan,5,Right,Left,318,97,63,0,nan,nan,0.38
7/22/2026 23:39:06,1.17.3,FR5,2,4.03,nan,5,Right,Left,318,98,63,0,nan,nan,0.00
7/22/2026 23:39:51,1.17.3,FR5,2,4.03,nan,5,Left,Left,319,98,63,0,nan,nan,0.07
7/22/2026 23:39:58,1.17.3,FR5,2,4.03,nan,5,Right,Left,319,99,63,0,nan,nan,0.16
7/22/2026 23:39:58,1.17.3,FR5,2,4.03,nan,5,Right,Left,319,100,63,0,nan,nan,0.12
7/22/2026 23:40:27,1.17.3,FR5,2,4.03,nan,5,Right,Left,319,101,63,0,nan,nan,0.59
7/22/2026 23:40:28,1.17.3,FR5,2,4.03,nan,5,Right,Left,319,102,63,0,nan,nan,0.00
7/22/2026 23:40:30,1.17.3,FR5,2,4.03,nan,5,Right,Left,319,103,63,0,nan,nan,0.01
7/22/2026 23:42:11,1.17.3,FR5,2,4.03,nan,5,Right,Left,319,104,63,0,nan,nan,0.00
7/22/2026 23:42:14,1.17.3,FR5,2,4.03,nan,5,Right,Left,319,105,63,0,nan,nan,0.09
7/22/2026 23:42:16,1.17.3,FR5,2,4.03,nan,5,Right,Left,319,106,63,0,nan,nan,0.52
7/22/2026 23:42:17,1.17.3,FR5,2,4.03,nan,5,Right,Left,319,107,63,0,nan,nan,0.39
7/22/2026 23:42:39,1.17.3,FR5,2,4.03,nan,5,Left,Left,320,107,63,0,nan,nan,0.94
7/22/2026 23:42:40,1.17.3,FR5,2,4.03,2,5,Pellet,Left,320,107,64,0,0.17,1341,nan
7/22/2026 23:43:07,1.17.3,FR5,2,4.03,nan,5,Right,Left,320,108,64,0,nan,nan,0.03
7/22/2026 23:43:08,1.17.3,FR5,2,4.03,nan,5,Right,Left,320,109,64,0,nan,nan,0.00
7/22/2026 23:43:21,1.17.3,FR5,2,4.03,nan,5,Right,Left,320,110,64,0,nan,nan,0.61
7/22/2026 23:43:22,1.17.3,FR5,2,4.03,nan,5,Right,Left,320,111,64,0,nan,nan,0.03
7/22/2026 23:43:23,1.17.3,FR5,2,4.03,nan,5,Right,Left,320,112,64,0,nan,nan,0.57
7/22/2026 23:43:26,1.17.3,FR5,2,4.03,nan,5,Right,Left,320,113,64,0,nan,nan,0.08
7/22/2026 23:43:27,1.17.3,FR5,2,4.03,nan,5,Right,Left,320,114,64,0,nan,nan,0.61
7/22/2026 23:43:29,1.17.3,FR5,2,4.03,nan,5,Right,Left,320,115,64,0,nan,nan,0.77
7/22/2026 23:43:31,1.17.3,FR5,2,4.03,nan,5,Right,Left,320,116,64,0,nan,nan,0.62
7/22/2026 23:43:37,1.17.3,FR5,2,4.03,nan,5,Right,Left,320,117,64,0,nan,nan,0.11
7/22/2026 23:43:38,1.17.3,FR5,2,4.03,nan,5,Right,Left,320,118,64,0,nan,nan,0.65
7/22/2026 23:43:39,1.17.3,FR5,2,4.03,nan,5,Right,Left,320,119,64,0,nan,nan,0.09
7/22/2026 23:43:41,1.17.3,FR5,2,4.03,nan,5,Right,Left,320,120,64,0,nan,nan,0.06
7/22/2026 23:43:50,1.17.3,FR5,2,4.03,nan,5,Right,Left,320,121,64,0,nan,nan,0.03
7/22/2026 23:43:51,1.17.3,FR5,2,4.03,nan,5,Right,Left,320,122,64,0,nan,nan,0.92
7/22/2026 23:45:33,1.17.3,FR5,2,4.03,nan,5,Left,Left,321,122,64,0,nan,nan,0.27
7/22/2026 23:45:40,1.17.3,FR5,2,4.03,nan,5,Left,Left,322,122,64,0,nan,nan,0.21
7/22/2026 23:45:48,1.17.3,FR5,2,4.03,nan,5,Right,Left,322,123,64,0,nan,nan,0.07
7/22/2026 23:45:50,1.17.3,FR5,2,4.03,nan,5,Right,Left,322,124,64,0,nan,nan,0.34
7/22/2026 23:45:51,1.17.3,FR5,2,4.03,nan,5,Right,Left,322,125,64,0,nan,nan,0.60
7/22/2026 23:45:52,1.17.3,FR5,2,4.03,nan,5,Right,Left,322,126,64,0,nan,nan,0.32
7/22/2026 23:47:31,1.17.3,FR5,2,4.03,nan,5,Left,Left,323,126,64,0,nan,nan,0.97
7/22/2026 23:47:34,1.17.3,FR5,2,4.03,nan,5,Left,Left,324,126,64,0,nan,nan,1.11
7/22/2026 23:47:35,1.17.3,FR5,2,4.03,nan,5,Left,Left,325,126,64,0,nan,nan,0.29
7/22/2026 23:47:37,1.17.3,FR5,2,4.03,1,5,Pellet,Left,325,126,65,0,0.41,297,nan
7/22/2026 23:47:50,1.17.3,FR5,2,4.03,nan,5,Left,Left,326,126,65,0,nan,nan,0.02
7/22/2026 23:50:54,1.17.3,FR5,2,4.03,nan,5,Right,Left,326,127,65,0,nan,nan,0.02
7/22/2026 23:54:44,1.17.3,FR5,2,4.03,nan,5,Left,Left,327,127,65,0,nan,nan,0.31
7/23/2026 0:02:40,1.17.3,FR5,2,4.03,nan,5,Left,Left,328,127,65,0,nan,nan,0.12
7/23/2026 0:02:52,1.17.3,FR5,2,4.03,nan,5,Left,Left,329,127,65,0,nan,nan,0.08
7/23/2026 0:06:13,1.17.3,FR5,2,4.03,nan,5,Left,Left,330,127,65,0,nan,nan,0.11
7/23/2026 0:06:15,1.17.3,FR5,2,4.03,1,5,Pellet,Left,330,127,66,0,0.71,1118,nan
7/23/2026 0:06:36,1.17.3,FR5,2,4.03,nan,5,Left,Left,331,127,66,0,nan,nan,0.07
7/23/2026 0:06:45,1.17.3,FR5,2,4.03,nan,5,Left,Left,332,127,66,0,nan,nan,0.40
7/23/2026 0:06:46,1.17.3,FR5,2,4.03,nan,5,Left,Left,333,127,66,0,nan,nan,0.32
7/23/2026 0:06:50,1.17.3,FR5,2,4.03,nan,5,Left,Left,334,127,66,0,nan,nan,0.24
7/23/2026 0:07:08,1.17.3,FR5,2,4.03,nan,5,Left,Left,335,127,66,0,nan,nan,0.02
7/23/2026 0:07:11,1.17.3,FR5,2,4.03,3,5,Pellet,Left,335,127,67,0,0.06,56,nan
7/23/2026 0:07:22,1.17.3,FR5,2,4.03,nan,5,Left,Left,336,127,67,0,nan,nan,0.04
7/23/2026 0:07:23,1.17.3,FR5,2,4.03,nan,5,Left,Left,337,127,67,0,nan,nan,0.10
7/23/2026 0:07:24,1.17.3,FR5,2,4.03,nan,5,Left,Left,338,127,67,0,nan,nan,0.27
7/23/2026 0:07:29,1.17.3,FR5,2,4.03,nan,5,Left,Left,339,127,67,0,nan,nan,0.45
7/23/2026 0:07:32,1.17.3,FR5,2,4.03,nan,5,Left,Left,340,127,67,0,nan,nan,0.12
7/23/2026 0:07:33,1.17.3,FR5,2,4.03,nan,5,LeftDuringDispense,Left,341,127,67,0,nan,nan,0.06
7/23/2026 0:07:41,1.17.3,FR5,2,4.03,5,5,Pellet,Left,341,127,68,0,0.47,30,nan
7/23/2026 0:09:14,1.17.3,FR5,2,4.03,nan,5,Left,Left,342,127,68,0,nan,nan,0.90
7/23/2026 0:09:17,1.17.3,FR5,2,4.03,nan,5,Left,Left,343,127,68,0,nan,nan,0.28
7/23/2026 0:09:18,1.17.3,FR5,2,4.03,nan,5,Left,Left,344,127,68,0,nan,nan,0.00
7/23/2026 0:14:28,1.17.3,FR5,2,4.03,nan,5,Right,Left,344,128,68,0,nan,nan,0.11
7/23/2026 0:17:28,1.17.3,FR5,2,4.03,nan,5,Right,Left,344,129,68,0,nan,nan,0.22
7/23/2026 0:17:34,1.17.3,FR5,2,4.03,nan,5,Right,Left,344,130,68,0,nan,nan,0.00
7/23/2026 0:21:45,1.17.3,FR5,2,4.03,nan,5,Left,Left,345,130,68,0,nan,nan,0.21
7/23/2026 0:21:46,1.17.3,FR5,2,4.03,nan,5,LeftDuringDispense,Left,346,130,68,0,nan,nan,0.16
7/23/2026 0:21:49,1.17.3,FR5,2,4.03,3,5,Pellet,Left,346,130,69,0,0.06,848,nan
7/23/2026 0:22:27,1.17.3,FR5,2,4.03,nan,5,Left,Left,347,130,69,0,nan,nan,0.05
7/23/2026 0:22:29,1.17.3,FR5,2,4.03,nan,5,Left,Left,348,130,69,0,nan,nan,0.15
7/23/2026 0:22:31,1.17.3,FR5,2,4.03,nan,5,Left,Left,349,130,69,0,nan,nan,0.70
7/23/2026 0:22:32,1.17.3,FR5,2,4.03,nan,5,Left,Left,350,130,69,0,nan,nan,0.27
7/23/2026 0:22:36,1.17.3,FR5,2,4.03,2,5,Pellet,Left,350,130,70,0,0.47,47,nan
7/23/2026 0:22:42,1.17.3,FR5,2,4.03,nan,5,Left,Left,351,130,70,0,nan,nan,0.02
7/23/2026 0:23:23,1.17.3,FR5,2,4.03,nan,5,Left,Left,352,130,70,0,nan,nan,0.15
7/23/2026 0:23:32,1.17.3,FR5,2,4.03,nan,5,Right,Left,352,131,70,0,nan,nan,0.19
7/23/2026 0:23:33,1.17.3,FR5,2,4.03,nan,5,Right,Left,352,132,70,0,nan,nan,0.58
7/23/2026 0:24:36,1.17.3,FR5,2,4.03,nan,5,Right,Left,352,133,70,0,nan,nan,1.65
7/23/2026 0:24:36,1.17.3,FR5,2,4.03,nan,5,Right,Left,352,134,70,0,nan,nan,0.05
7/23/2026 0:24:39,1.17.3,FR5,2,4.03,nan,5,Right,Left,352,135,70,0,nan,nan,0.94
7/23/2026 0:24:41,1.17.3,FR5,2,4.03,nan,5,Right,Left,352,136,70,0,nan,nan,0.57
7/23/2026 0:24:43,1.17.3,FR5,2,4.03,nan,5,Right,Left,352,137,70,0,nan,nan,0.12
7/23/2026 0:24:47,1.17.3,FR5,2,4.03,nan,5,Left,Left,353,137,70,0,nan,nan,0.31
7/23/2026 0:25:03,1.17.3,FR5,2,4.03,nan,5,Right,Left,353,138,70,0,nan,nan,0.05
7/23/2026 0:25:03,1.17.3,FR5,2,4.03,nan,5,Right,Left,353,139,70,0,nan,nan,0.02
7/23/2026 0:25:12,1.17.3,FR5,2,4.03,nan,5,Right,Left,353,140,70,0,nan,nan,0.01
7/23/2026 0:25:15,1.17.3,FR5,2,4.03,nan,5,Right,Left,353,141,70,0,nan,nan,1.87
7/23/2026 0:25:17,1.17.3,FR5,2,4.03,nan,5,Right,Left,353,142,70,0,nan,nan,0.50
7/23/2026 0:26:20,1.17.3,FR5,2,4.03,nan,5,Right,Left,353,143,70,0,nan,nan,0.05
7/23/2026 0:26:24,1.17.3,FR5,2,4.03,nan,5,Right,Left,353,144,70,0,nan,nan,0.35
7/23/2026 0:26:25,1.17.3,FR5,2,4.03,nan,5,Right,Left,353,145,70,0,nan,nan,0.02
7/23/2026 0:26:26,1.17.3,FR5,2,4.03,nan,5,Right,Left,353,146,70,0,nan,nan,0.10
7/23/2026 0:26:28,1.17.3,FR5,2,4.03,nan,5,Right,Left,353,147,70,0,nan,nan,0.07
7/23/2026 0:26:53,1.17.3,FR5,2,4.03,nan,5,Left,Left,354,147,70,0,nan,nan,0.00
7/23/2026 0:26:56,1.17.3,FR5,2,4.03,nan,5,Left,Left,355,147,70,0,nan,nan,0.34
7/23/2026 0:26:56,1.17.3,FR5,2,4.03,1,5,Pellet,Left,355,147,71,0,0.17,260,nan
7/23/2026 0:27:10,1.17.3,FR5,2,4.03,nan,5,Left,Left,356,147,71,0,nan,nan,0.65
7/23/2026 0:27:11,1.17.3,FR5,2,4.03,nan,5,Left,Left,357,147,71,0,nan,nan,0.49
7/23/2026 0:27:14,1.17.3,FR5,2,4.03,nan,5,Left,Left,358,147,71,0,nan,nan,0.15
7/23/2026 0:27:15,1.17.3,FR5,2,4.03,nan,5,Left,Left,359,147,71,0,nan,nan,0.50
7/23/2026 0:27:18,1.17.3,FR5,2,4.03,nan,5,Left,Left,360,147,71,0,nan,nan,0.53
7/23/2026 0:27:21,1.17.3,FR5,2,4.03,2,5,Pellet,Left,360,147,72,0,0.17,25,nan
7/23/2026 0:27:36,1.17.3,FR5,2,4.03,nan,5,Left,Left,361,147,72,0,nan,nan,0.56
7/23/2026 0:27:38,1.17.3,FR5,2,4.02,nan,5,Left,Left,362,147,72,0,nan,nan,0.65
7/23/2026 0:27:41,1.17.3,FR5,2,4.03,nan,5,Left,Left,363,147,72,0,nan,nan,0.02
7/23/2026 0:27:43,1.17.3,FR5,2,4.03,nan,5,Left,Left,364,147,72,0,nan,nan,0.90
7/23/2026 1:06:28,1.17.3,FR5,2,4.02,nan,5,Right,Left,364,148,72,0,nan,nan,0.92
7/23/2026 1:09:14,1.17.3,FR5,2,4.02,nan,5,Left,Left,365,148,72,0,nan,nan,0.03
7/23/2026 1:09:17,1.17.3,FR5,2,4.03,2,5,Pellet,Left,365,148,73,0,0.47,2516,nan
7/23/2026 3:07:08,1.17.3,FR5,2,4.03,nan,5,Left,Left,366,148,73,0,nan,nan,0.21
7/23/2026 3:07:10,1.17.3,FR5,2,4.03,nan,5,Left,Left,367,148,73,0,nan,nan,0.27
7/23/2026 3:08:31,1.17.3,FR5,2,4.03,nan,5,Right,Left,367,149,73,0,nan,nan,0.25
7/23/2026 3:09:14,1.17.3,FR5,2,4.02,nan,5,Right,Left,367,150,73,0,nan,nan,0.10
7/23/2026 3:17:31,1.17.3,FR5,2,4.02,nan,5,Left,Left,368,150,73,0,nan,nan,0.12
7/23/2026 3:17:33,1.17.3,FR5,2,4.02,nan,5,Left,Left,369,150,73,0,nan,nan,0.26
7/23/2026 3:17:36,1.17.3,FR5,2,4.03,nan,5,Left,Left,370,150,73,0,nan,nan,0.56
7/23/2026 3:17:37,1.17.3,FR5,2,4.02,2,5,Pellet,Left,370,150,74,0,0.29,7700,nan
7/23/2026 3:17:51,1.17.3,FR5,2,4.02,nan,5,Right,Left,370,151,74,0,nan,nan,0.76
7/23/2026 3:19:03,1.17.3,FR5,2,4.02,nan,5,Right,Left,370,152,74,0,nan,nan,0.00
7/23/2026 3:24:19,1.17.3,FR5,2,4.02,nan,5,Right,Left,370,153,74,0,nan,nan,0.16
7/23/2026 3:24:25,1.17.3,FR5,2,4.03,nan,5,Right,Left,370,154,74,0,nan,nan,0.00
7/23/2026 3:28:43,1.17.3,FR5,2,4.02,nan,5,Right,Left,370,155,74,0,nan,nan,0.56
7/23/2026 3:28:47,1.17.3,FR5,2,4.03,nan,5,Right,Left,370,156,74,0,nan,nan,0.33
7/23/2026 3:28:56,1.17.3,FR5,2,4.02,nan,5,Right,Left,370,157,74,0,nan,nan,0.48
7/23/2026 3:29:17,1.17.3,FR5,2,4.02,nan,5,Left,Left,371,157,74,0,nan,nan,0.05
7/23/2026 3:29:18,1.17.3,FR5,2,4.02,nan,5,Left,Left,372,157,74,0,nan,nan,0.04
7/23/2026 3:29:20,1.17.3,FR5,2,4.03,nan,5,Left,Left,373,157,74,0,nan,nan,0.41
7/23/2026 3:37:11,1.17.3,FR5,2,4.02,nan,5,Left,Left,374,157,74,0,nan,nan,0.24
7/23/2026 3:37:14,1.17.3,FR5,2,4.02,nan,5,Left,Left,375,157,74,0,nan,nan,0.24
7/23/2026 3:37:17,1.17.3,FR5,2,4.03,2,5,Pellet,Left,375,157,75,0,0.71,1180,nan
7/23/2026 3:37:48,1.17.3,FR5,2,4.02,nan,5,Left,Left,376,157,75,0,nan,nan,0.24
7/23/2026 3:37:50,1.17.3,FR5,2,4.02,nan,5,Left,Left,377,157,75,0,nan,nan,0.41
7/23/2026 3:37:58,1.17.3,FR5,2,4.02,nan,5,Left,Left,378,157,75,0,nan,nan,0.45
7/23/2026 3:37:59,1.17.3,FR5,2,4.02,nan,5,Left,Left,379,157,75,0,nan,nan,0.39
7/23/2026 3:38:00,1.17.3,FR5,2,4.02,nan,5,Left,Left,380,157,75,0,nan,nan,0.40
7/23/2026 3:38:01,1.17.3,FR5,2,4.02,1,5,Pellet,Left,380,157,76,0,0.29,44,nan
7/23/2026 3:38:17,1.17.3,FR5,2,4.02,nan,5,Left,Left,381,157,76,0,nan,nan,0.43
7/23/2026 3:38:19,1.17.3,FR5,2,4.02,nan,5,Left,Left,382,157,76,0,nan,nan,0.85
7/23/2026 3:38:21,1.17.3,FR5,2,4.02,nan,5,Left,Left,383,157,76,0,nan,nan,0.41
7/23/2026 3:38:22,1.17.3,FR5,2,4.02,nan,5,Left,Left,384,157,76,0,nan,nan,0.49
7/23/2026 3:38:23,1.17.3,FR5,2,4.02,nan,5,Left,Left,385,157,76,0,nan,nan,0.42
7/23/2026 3:38:29,1.17.3,FR5,2,4.02,3,5,Pellet,Left,385,157,77,0,2.57,28,nan
7/23/2026 3:38:40,1.17.3,FR5,2,4.02,nan,5,Right,Left,385,158,77,0,nan,nan,0.44
7/23/2026 3:39:00,1.17.3,FR5,2,4.02,nan,5,Right,Left,385,159,77,0,nan,nan,0.20
7/23/2026 3:39:15,1.17.3,FR5,2,4.02,nan,5,Right,Left,385,160,77,0,nan,nan,0.64
7/23/2026 3:39:18,1.17.3,FR5,2,4.02,nan,5,Left,Left,386,160,77,0,nan,nan,0.62
7/23/2026 3:39:21,1.17.3,FR5,2,4.02,nan,5,Left,Left,387,160,77,0,nan,nan,0.59
7/23/2026 3:45:24,1.17.3,FR5,2,4.02,nan,5,Left,Left,388,160,77,0,nan,nan,0.06
7/23/2026 3:45:25,1.17.3,FR5,2,4.02,nan,5,Left,Left,389,160,77,0,nan,nan,0.00
7/23/2026 3:48:42,1.17.3,FR5,2,4.02,nan,5,Right,Left,389,161,77,0,nan,nan,0.50
7/23/2026 3:48:43,1.17.3,FR5,2,4.02,nan,5,Right,Left,389,162,77,0,nan,nan,0.73
7/23/2026 3:51:01,1.17.3,FR5,2,4.02,nan,5,Left,Left,390,162,77,0,nan,nan,0.39
7/23/2026 3:51:03,1.17.3,FR5,2,4.02,2,5,Pellet,Left,390,162,78,0,0.59,754,nan
7/23/2026 3:52:22,1.17.3,FR5,2,4.02,nan,5,Right,Left,390,163,78,0,nan,nan,0.18
7/23/2026 3:52:30,1.17.3,FR5,2,4.02,nan,5,Right,Left,390,164,78,0,nan,nan,0.07
7/23/2026 3:52:31,1.17.3,FR5,2,4.02,nan,5,Right,Left,390,165,78,0,nan,nan,0.03
7/23/2026 3:52:32,1.17.3,FR5,2,4.02,nan,5,Right,Left,390,166,78,0,nan,nan,0.03
7/23/2026 3:52:36,1.17.3,FR5,2,4.02,nan,5,Right,Left,390,167,78,0,nan,nan,0.59
7/23/2026 3:52:39,1.17.3,FR5,2,4.02,nan,5,Right,Left,390,168,78,0,nan,nan,0.03
7/23/2026 3:52:43,1.17.3,FR5,2,4.02,nan,5,Right,Left,390,169,78,0,nan,nan,0.54
7/23/2026 3:52:44,1.17.3,FR5,2,4.03,nan,5,Right,Left,390,170,78,0,nan,nan,0.01
7/23/2026 3:52:45,1.17.3,FR5,2,4.02,nan,5,Right,Left,390,171,78,0,nan,nan,0.59
7/23/2026 3:53:07,1.17.3,FR5,2,4.02,nan,5,Right,Left,390,172,78,0,nan,nan,0.01
7/23/2026 3:53:14,1.17.3,FR5,2,4.02,nan,5,Right,Left,390,173,78,0,nan,nan,0.43
7/23/2026 3:53:15,1.17.3,FR5,2,4.02,nan,5,Right,Left,390,174,78,0,nan,nan,0.56
7/23/2026 3:53:17,1.17.3,FR5,2,4.02,nan,5,Right,Left,390,175,78,0,nan,nan,0.20
7/23/2026 3:53:19,1.17.3,FR5,2,4.02,nan,5,Right,Left,390,176,78,0,nan,nan,0.66
7/23/2026 3:53:27,1.17.3,FR5,2,4.02,nan,5,Right,Left,390,177,78,0,nan,nan,0.52
7/23/2026 3:53:31,1.17.3,FR5,2,4.02,nan,5,Left,Left,391,177,78,0,nan,nan,0.14
7/23/2026 3:54:41,1.17.3,FR5,2,4.02,nan,5,Left,Left,392,177,78,0,nan,nan,0.11
7/23/2026 4:02:03,1.17.3,FR5,2,4.02,nan,5,Left,Left,393,177,78,0,nan,nan,0.47
7/23/2026 4:02:04,1.17.3,FR5,2,4.02,nan,5,Left,Left,394,177,78,0,nan,nan,0.00
7/23/2026 4:04:35,1.17.3,FR5,2,4.02,nan,5,Left,Left,395,177,78,0,nan,nan,0.29
7/23/2026 4:04:48,1.17.3,FR5,2,4.02,nan,5,LeftWithPellet,Left,396,177,78,0,nan,nan,0.37
7/23/2026 4:04:49,1.17.3,FR5,2,4.02,nan,5,LeftWithPellet,Left,397,177,78,0,nan,nan,0.42
7/23/2026 4:04:50,1.17.3,FR5,2,4.02,2,5,Pellet,Left,397,177,79,0,13.64,827,nan
7/23/2026 4:06:07,1.17.3,FR5,2,4.02,nan,5,Left,Left,398,177,79,0,nan,nan,0.03
7/23/2026 4:44:04,1.17.3,FR5,2,4.02,nan,5,Left,Left,399,177,79,0,nan,nan,0.62
7/23/2026 4:44:06,1.17.3,FR5,2,4.02,nan,5,Left,Left,400,177,79,0,nan,nan,0.31
7/23/2026 4:44:09,1.17.3,FR5,2,4.02,1,5,Pellet,Left,400,177,80,0,1.49,2359,nan
7/23/2026 4:44:21,1.17.3,FR5,2,4.02,nan,5,Left,Left,401,177,80,0,nan,nan,0.00
7/23/2026 4:44:22,1.17.3,FR5,2,4.02,nan,5,Left,Left,402,177,80,0,nan,nan,0.26
7/23/2026 4:44:24,1.17.3,FR5,2,4.02,nan,5,Left,Left,403,177,80,0,nan,nan,0.60
7/23/2026 4:44:26,1.17.3,FR5,2,4.02,nan,5,Left,Left,404,177,80,0,nan,nan,0.21
7/23/2026 4:44:28,1.17.3,FR5,2,4.02,nan,5,Left,Left,405,177,80,0,nan,nan,0.46
7/23/2026 4:44:31,1.17.3,FR5,2,4.02,1,5,Pellet,Left,405,177,81,0,2.15,22,nan
7/23/2026 4:44:40,1.17.3,FR5,2,4.02,nan,5,Left,Left,406,177,81,0,nan,nan,0.24
7/23/2026 4:44:43,1.17.3,FR5,2,4.02,nan,5,Left,Left,407,177,81,0,nan,nan,0.05
7/23/2026 4:44:44,1.17.3,FR5,2,4.02,nan,5,Left,Left,408,177,81,0,nan,nan,0.46
7/23/2026 4:44:45,1.17.3,FR5,2,4.02,nan,5,Left,Left,409,177,81,0,nan,nan,0.00
7/23/2026 4:44:46,1.17.3,FR5,2,4.02,nan,5,Left,Left,410,177,81,0,nan,nan,0.43
7/23/2026 4:44:47,1.17.3,FR5,2,4.02,nan,5,LeftDuringDispense,Left,411,177,81,0,nan,nan,0.09
7/23/2026 4:44:50,1.17.3,FR5,2,4.02,2,5,Pellet,Left,411,177,82,0,0.29,19,nan
7/23/2026 4:45:06,1.17.3,FR5,2,4.02,nan,5,Left,Left,412,177,82,0,nan,nan,0.02
7/23/2026 4:45:07,1.17.3,FR5,2,4.02,nan,5,Left,Left,413,177,82,0,nan,nan,0.03
7/23/2026 4:45:10,1.17.3,FR5,2,4.02,nan,5,Left,Left,414,177,82,0,nan,nan,0.12
7/23/2026 4:45:11,1.17.3,FR5,2,4.02,nan,5,Left,Left,415,177,82,0,nan,nan,0.16
7/23/2026 4:45:12,1.17.3,FR5,2,4.02,nan,5,LeftDuringDispense,Left,416,177,82,0,nan,nan,0.11
7/23/2026 4:45:17,1.17.3,FR5,2,4.02,3,5,Pellet,Left,416,177,83,0,0.53,27,nan
7/23/2026 4:45:25,1.17.3,FR5,2,4.02,nan,5,Left,Left,417,177,83,0,nan,nan,0.85
7/23/2026 4:45:27,1.17.3,FR5,2,4.02,nan,5,Left,Left,418,177,83,0,nan,nan,0.05
7/23/2026 4:45:32,1.17.3,FR5,2,4.02,nan,5,Left,Left,419,177,83,0,nan,nan,0.27
7/23/2026 4:45:34,1.17.3,FR5,2,4.02,nan,5,Left,Left,420,177,83,0,nan,nan,0.00
7/23/2026 4:45:37,1.17.3,FR5,2,4.02,3,5,Pellet,Left,420,177,84,0,0.12,20,nan
7/23/2026 4:45:52,1.17.3,FR5,2,4.02,nan,5,Left,Left,421,177,84,0,nan,nan,0.20
7/23/2026 4:45:55,1.17.3,FR5,2,4.02,nan,5,Left,Left,422,177,84,0,nan,nan,0.60
7/23/2026 4:45:55,1.17.3,FR5,2,4.02,nan,5,Left,Left,423,177,84,0,nan,nan,0.00
7/23/2026 4:45:58,1.17.3,FR5,2,4.02,nan,5,Left,Left,424,177,84,0,nan,nan,0.25
7/23/2026 4:46:00,1.17.3,FR5,2,4.02,nan,5,Left,Left,425,177,84,0,nan,nan,0.04
7/23/2026 4:46:01,1.17.3,FR5,2,4.02,nan,5,LeftWithPellet,Left,426,177,84,0,nan,nan,0.01
7/23/2026 4:46:02,1.17.3,FR5,2,4.02,1,5,Pellet,Left,426,177,85,0,2.09,25,nan
7/23/2026 4:47:34,1.17.3,FR5,2,4.02,nan,5,Left,Left,427,177,85,0,nan,nan,0.04
7/23/2026 4:47:39,1.17.3,FR5,2,4.02,nan,5,Left,Left,428,177,85,0,nan,nan,0.37
7/23/2026 4:47:42,1.17.3,FR5,2,4.02,nan,5,Left,Left,429,177,85,0,nan,nan,0.31
7/23/2026 4:48:36,1.17.3,FR5,2,4.02,nan,5,Left,Left,430,177,85,0,nan,nan,0.14
7/23/2026 4:48:38,1.17.3,FR5,2,4.02,1,5,Pellet,Left,430,177,86,0,0.53,156,nan
7/23/2026 4:48:57,1.17.3,FR5,2,4.02,nan,5,Left,Left,431,177,86,0,nan,nan,0.00
7/23/2026 4:48:58,1.17.3,FR5,2,4.02,nan,5,Left,Left,432,177,86,0,nan,nan,0.28
7/23/2026 4:49:00,1.17.3,FR5,2,4.02,nan,5,Left,Left,433,177,86,0,nan,nan,0.41
7/23/2026 4:49:02,1.17.3,FR5,2,4.02,nan,5,Left,Left,434,177,86,0,nan,nan,0.43
7/23/2026 4:49:05,1.17.3,FR5,2,4.02,nan,5,Left,Left,435,177,86,0,nan,nan,0.40
7/23/2026 4:49:08,1.17.3,FR5,2,4.02,3,5,Pellet,Left,435,177,87,0,0.06,30,nan
7/23/2026 4:51:26,1.17.3,FR5,2,4.02,nan,5,Left,Left,436,177,87,0,nan,nan,0.02
7/23/2026 5:18:11,1.17.3,FR5,2,4.02,nan,5,Left,Left,437,177,87,0,nan,nan,0.73
7/23/2026 5:18:14,1.17.3,FR5,2,4.02,nan,5,Left,Left,438,177,87,0,nan,nan,0.49
7/23/2026 5:18:17,1.17.3,FR5,2,4.02,nan,5,Left,Left,439,177,87,0,nan,nan,0.60
7/23/2026 5:18:19,1.17.3,FR5,2,4.02,nan,5,Left,Left,440,177,87,0,nan,nan,0.64
7/23/2026 5:18:20,1.17.3,FR5,2,4.02,2,5,Pellet,Left,440,177,88,0,0.23,1752,nan
7/23/2026 5:18:44,1.17.3,FR5,2,4.02,nan,5,Left,Left,441,177,88,0,nan,nan,0.03
7/23/2026 5:18:45,1.17.3,FR5,2,4.02,nan,5,Left,Left,442,177,88,0,nan,nan,0.27
7/23/2026 5:18:53,1.17.3,FR5,2,4.02,nan,5,Left,Left,443,177,88,0,nan,nan,0.23
7/23/2026 5:18:57,1.17.3,FR5,2,4.02,nan,5,Left,Left,444,177,88,0,nan,nan,0.24
7/23/2026 5:19:00,1.17.3,FR5,2,4.02,nan,5,Left,Left,445,177,88,0,nan,nan,0.03
7/23/2026 5:19:01,1.17.3,FR5,2,4.02,2,5,Pellet,Left,445,177,89,0,0.29,41,nan
7/23/2026 5:19:19,1.17.3,FR5,2,4.02,nan,5,Left,Left,446,177,89,0,nan,nan,0.00
7/23/2026 5:19:19,1.17.3,FR5,2,4.02,nan,5,Left,Left,447,177,89,0,nan,nan,0.04
7/23/2026 5:19:20,1.17.3,FR5,2,4.02,nan,5,Left,Left,448,177,89,0,nan,nan,0.00
7/23/2026 5:19:21,1.17.3,FR5,2,4.02,nan,5,Left,Left,449,177,89,0,nan,nan,0.26
7/23/2026 5:19:22,1.17.3,FR5,2,4.02,nan,5,Left,Left,450,177,89,0,nan,nan,0.09
7/23/2026 5:19:23,1.17.3,FR5,2,4.02,2,5,Pellet,Left,450,177,90,0,0.23,22,nan
7/23/2026 5:19:49,1.17.3,FR5,2,4.02,nan,5,Left,Left,451,177,90,0,nan,nan,0.14
7/23/2026 6:02:20,1.17.3,FR5,2,4.02,nan,5,Left,Left,452,177,90,0,nan,nan,0.39
7/23/2026 6:02:22,1.17.3,FR5,2,4.02,nan,5,Left,Left,453,177,90,0,nan,nan,0.77
7/23/2026 6:02:28,1.17.3,FR5,2,4.02,nan,5,Left,Left,454,177,90,0,nan,nan,0.56
7/23/2026 6:02:31,1.17.3,FR5,2,4.02,nan,5,Left,Left,455,177,90,0,nan,nan,0.09
7/23/2026 6:02:33,1.17.3,FR5,2,4.02,1,5,Pellet,Left,455,177,91,0,1.19,2590,nan
7/23/2026 6:36:58,1.17.3,FR5,2,4.02,nan,5,Left,Left,456,177,91,0,nan,nan,0.51
7/23/2026 6:37:02,1.17.3,FR5,2,4.01,nan,5,Left,Left,457,177,91,0,nan,nan,0.71
7/23/2026 7:38:35,1.17.3,FR5,2,4.02,nan,5,Left,Left,458,177,91,0,nan,nan,0.17
7/23/2026 7:55:19,1.17.3,FR5,2,4.02,nan,5,Left,Left,459,177,91,0,nan,nan,0.03
7/23/2026 8:32:15,1.17.3,FR5,2,4.01,nan,5,Left,Left,460,177,91,0,nan,nan,0.06
7/23/2026 8:32:16,1.17.3,FR5,2,4.02,nan,5,LeftDuringDispense,Left,461,177,91,0,nan,nan,0.12
7/23/2026 8:36:50,1.17.3,FR5,2,4.01,2,5,Pellet,Left,461,177,92,0,Timed_out,9257,nan
7/23/2026 9:23:58,1.17.3,FR5,2,4.01,nan,5,Left,Left,462,177,92,0,nan,nan,0.16
7/23/2026 9:24:04,1.17.3,FR5,2,4.01,nan,5,Left,Left,463,177,92,0,nan,nan,0.27
7/23/2026 9:24:15,1.17.3,FR5,2,4.01,nan,5,Left,Left,464,177,92,0,nan,nan,0.30
7/23/2026 9:50:30,1.17.3,FR5,2,4.01,nan,5,Left,Left,465,177,92,0,nan,nan,0.50
7/23/2026 9:50:33,1.17.3,FR5,2,4.01,1,5,Pellet,Left,465,177,93,0,2.09,4423,nan
7/23/2026 10:31:59,1.17.3,FR5,2,4.01,nan,5,Left,Left,466,177,93,0,nan,nan,0.35
7/23/2026 10:32:06,1.17.3,FR5,2,4.01,nan,5,Left,Left,467,177,93,0,nan,nan,0.13
7/23/2026 10:32:09,1.17.3,FR5,2,4.00,nan,5,Left,Left,468,177,93,0,nan,nan,0.39
7/23/2026 10:32:14,1.17.3,FR5,2,4.01,nan,5,Left,Left,469,177,93,0,nan,nan,0.35
7/23/2026 11:04:31,1.17.3,FR5,2,4.00,nan,5,Left,Left,470,177,93,0,nan,nan,0.43
7/23/2026 11:04:34,1.17.3,FR5,2,4.00,2,5,Pellet,Left,470,177,94,0,0.29,4441,nan
7/23/2026 11:05:19,1.17.3,FR5,2,4.00,nan,5,Left,Left,471,177,94,0,nan,nan,0.03
7/23/2026 11:05:22,1.17.3,FR5,2,4.00,nan,5,Left,Left,472,177,94,0,nan,nan,0.64
7/23/2026 11:05:23,1.17.3,FR5,2,4.00,nan,5,Left,Left,473,177,94,0,nan,nan,0.00
7/23/2026 11:05:25,1.17.3,FR5,2,4.00,nan,5,Left,Left,474,177,94,0,nan,nan,0.03
7/23/2026 11:05:25,1.17.3,FR5,2,4.01,nan,5,Left,Left,475,177,94,0,nan,nan,0.02
7/23/2026 11:05:29,1.17.3,FR5,2,4.01,2,5,Pellet,Left,475,177,95,0,0.59,55,nan
7/23/2026 11:05:53,1.17.3,FR5,2,4.01,nan,5,Left,Left,476,177,95,0,nan,nan,0.22
7/23/2026 11:06:17,1.17.3,FR5,2,4.00,nan,5,Left,Left,477,177,95,0,nan,nan,0.36
7/23/2026 11:06:19,1.17.3,FR5,2,4.00,nan,5,Left,Left,478,177,95,0,nan,nan,0.29
7/23/2026 11:06:36,1.17.3,FR5,2,4.00,nan,5,Left,Left,479,177,95,0,nan,nan,0.01
7/23/2026 11:06:37,1.17.3,FR5,2,4.00,nan,5,Left,Left,480,177,95,0,nan,nan,0.26
7/23/2026 11:06:40,1.17.3,FR5,2,4.00,1,5,Pellet,Left,480,177,96,0,2.03,71,nan
7/23/2026 11:06:57,1.17.3,FR5,2,4.00,nan,5,Left,Left,481,177,96,0,nan,nan,0.17
7/23/2026 11:07:02,1.17.3,FR5,2,4.00,nan,5,Left,Left,482,177,96,0,nan,nan,0.04
7/23/2026 11:07:04,1.17.3,FR5,2,4.01,nan,5,Left,Left,483,177,96,0,nan,nan,0.47
7/23/2026 11:07:05,1.17.3,FR5,2,4.01,nan,5,Left,Left,484,177,96,0,nan,nan,0.11
7/23/2026 11:07:07,1.17.3,FR5,2,4.01,nan,5,Left,Left,485,177,96,0,nan,nan,0.24
7/23/2026 11:07:08,1.17.3,FR5,2,4.01,1,5,Pellet,Left,485,177,97,0,0.23,28,nan
7/23/2026 11:07:38,1.17.3,FR5,2,4.01,nan,5,Left,Left,486,177,97,0,nan,nan,0.14
7/23/2026 11:07:42,1.17.3,FR5,2,4.01,nan,5,Left,Left,487,177,97,0,nan,nan,2.48
7/23/2026 11:07:43,1.17.3,FR5,2,4.00,nan,5,Left,Left,488,177,97,0,nan,nan,0.73
7/23/2026 11:07:48,1.17.3,FR5,2,4.01,nan,5,Left,Left,489,177,97,0,nan,nan,0.10
7/23/2026 11:07:49,1.17.3,FR5,2,4.00,nan,5,Left,Left,490,177,97,0,nan,nan,0.87
7/23/2026 11:07:51,1.17.3,FR5,2,4.01,1,5,Pellet,Left,490,177,98,0,0.35,43,nan
7/23/2026 11:08:33,1.17.3,FR5,2,4.00,nan,5,Left,Left,491,177,98,0,nan,nan,0.07
7/23/2026 11:09:46,1.17.3,FR5,2,4.00,nan,5,Left,Left,492,177,98,0,nan,nan,0.02
7/23/2026 11:10:18,1.17.3,FR5,2,4.01,nan,5,Left,Left,493,177,98,0,nan,nan,0.10
7/23/2026 11:10:21,1.17.3,FR5,2,4.01,nan,5,Left,Left,494,177,98,0,nan,nan,0.25
7/23/2026 11:11:26,1.17.3,FR5,2,4.01,nan,5,Right,Left,494,178,98,0,nan,nan,0.07
7/23/2026 11:11:29,1.17.3,FR5,2,4.00,nan,5,Right,Left,494,179,98,0,nan,nan,1.26
7/23/2026 11:12:48,1.17.3,FR5,2,4.01,nan,5,Left,Left,495,179,98,0,nan,nan,0.06
7/23/2026 11:12:49,1.17.3,FR5,2,4.00,1,5,Pellet,Left,495,179,99,0,0.53,298,nan
7/23/2026 11:13:55,1.17.3,FR5,2,4.00,nan,5,Left,Left,496,179,99,0,nan,nan,0.35
7/23/2026 11:14:00,1.17.3,FR5,2,4.00,nan,5,Left,Left,497,179,99,0,nan,nan,0.15
7/23/2026 11:14:10,1.17.3,FR5,2,4.00,nan,5,Left,Left,498,179,99,0,nan,nan,0.13
7/23/2026 11:17:11,1.17.3,FR5,2,4.01,nan,5,Left,Left,499,179,99,0,nan,nan,0.03
7/23/2026 11:28:53,1.17.3,FR5,2,4.00,nan,5,Left,Left,500,179,99,0,nan,nan,0.00
7/23/2026 11:54:17,1.17.3,FR5,2,4.00,1,5,Pellet,Left,500,179,100,0,Timed_out,2488,nan
7/23/2026 11:55:35,1.17.3,FR5,2,4.00,nan,5,Left,Left,501,179,100,0,nan,nan,0.32
7/23/2026 11:56:09,1.17.3,FR5,2,4.00,nan,5,Left,Left,502,179,100,0,nan,nan,0.22
7/23/2026 11:56:10,1.17.3,FR5,2,4.00,nan,5,Left,Left,503,179,100,0,nan,nan,0.38
7/23/2026 12:04:17,1.17.3,FR5,2,4.00,nan,5,Left,Left,504,179,100,0,nan,nan,0.19
7/23/2026 12:04:19,1.17.3,FR5,2,4.00,nan,5,Left,Left,505,179,100,0,nan,nan,0.14
7/23/2026 12:04:20,1.17.3,FR5,2,4.00,1,5,Pellet,Left,505,179,101,0,0.29,603,nan
7/23/2026 12:30:34,1.17.3,FR5,2,4.00,nan,5,Left,Left,506,179,101,0,nan,nan,0.08
7/23/2026 12:30:37,1.17.3,FR5,2,4.00,nan,5,Left,Left,507,179,101,0,nan,nan,0.44
7/23/2026 12:30:39,1.17.3,FR5,2,4.00,nan,5,Left,Left,508,179,101,0,nan,nan,0.33
7/23/2026 12:30:42,1.17.3,FR5,2,4.00,nan,5,Left,Left,509,179,101,0,nan,nan,0.56
7/23/2026 12:30:43,1.17.3,FR5,2,4.00,nan,5,Left,Left,510,179,101,0,nan,nan,0.01
7/23/2026 12:30:44,1.17.3,FR5,2,4.00,1,5,Pellet,Left,510,179,102,0,0.95,1584,nan
7/23/2026 12:31:17,1.17.3,FR5,2,4.01,nan,5,Left,Left,511,179,102,0,nan,nan,0.02
7/23/2026 12:31:19,1.17.3,FR5,2,4.00,nan,5,Left,Left,512,179,102,0,nan,nan,0.46
7/23/2026 12:31:22,1.17.3,FR5,2,4.00,nan,5,Left,Left,513,179,102,0,nan,nan,0.02
7/23/2026 12:31:26,1.17.3,FR5,2,4.00,nan,5,Left,Left,514,179,102,0,nan,nan,0.60
7/23/2026 12:31:29,1.17.3,FR5,2,4.00,nan,5,Left,Left,515,179,102,0,nan,nan,1.18
7/23/2026 12:31:30,1.17.3,FR5,2,4.00,1,5,Pellet,Left,515,179,103,0,0.53,46,nan
7/23/2026 13:01:33,1.17.3,FR5,2,4.00,nan,5,Left,Left,516,179,103,0,nan,nan,0.55
7/23/2026 13:01:34,1.17.3,FR5,2,4.00,nan,5,Left,Left,517,179,103,0,nan,nan,0.03
7/23/2026 13:01:36,1.17.3,FR5,2,4.00,nan,5,Left,Left,518,179,103,0,nan,nan,0.35
7/23/2026 13:01:37,1.17.3,FR5,2,4.00,nan,5,Left,Left,519,179,103,0,nan,nan,0.02
7/23/2026 13:01:39,1.17.3,FR5,2,4.00,nan,5,Left,Left,520,179,103,0,nan,nan,0.38
7/23/2026 13:01:41,1.17.3,FR5,2,4.00,1,5,Pellet,Left,520,179,104,0,0.35,1810,nan
7/23/2026 13:01:55,1.17.3,FR5,2,4.00,nan,5,Left,Left,521,179,104,0,nan,nan,0.67
7/23/2026 13:01:57,1.17.3,FR5,2,4.00,nan,5,Left,Left,522,179,104,0,nan,nan,0.09
7/23/2026 13:01:59,1.17.3,FR5,2,4.00,nan,5,Left,Left,523,179,104,0,nan,nan,0.21
7/23/2026 13:02:00,1.17.3,FR5,2,4.00,nan,5,Left,Left,524,179,104,0,nan,nan,0.03
7/23/2026 13:02:01,1.17.3,FR5,2,4.00,nan,5,Left,Left,525,179,104,0,nan,nan,0.09
7/23/2026 13:02:02,1.17.3,FR5,2,4.00,1,5,Pellet,Left,525,179,105,0,0.47,22,nan
7/23/2026 13:02:31,1.17.3,FR5,2,4.00,nan,5,Left,Left,526,179,105,0,nan,nan,0.19
7/23/2026 13:02:34,1.17.3,FR5,2,4.00,nan,5,Left,Left,527,179,105,0,nan,nan,0.03
7/23/2026 13:02:35,1.17.3,FR5,2,4.00,nan,5,Left,Left,528,179,105,0,nan,nan,0.44
7/23/2026 13:02:36,1.17.3,FR5,2,4.00,nan,5,Left,Left,529,179,105,0,nan,nan,0.12
7/23/2026 13:02:38,1.17.3,FR5,2,4.00,nan,5,Left,Left,530,179,105,0,nan,nan,0.73
7/23/2026 13:02:39,1.17.3,FR5,2,4.00,1,5,Pellet,Left,530,179,106,0,0.23,37,nan
7/23/2026 13:02:51,1.17.3,FR5,2,4.00,nan,5,Left,Left,531,179,106,0,nan,nan,0.09
7/23/2026 13:02:53,1.17.3,FR5,2,4.00,nan,5,Left,Left,532,179,106,0,nan,nan,0.59
7/23/2026 13:02:54,1.17.3,FR5,2,4.00,nan,5,Left,Left,533,179,106,0,nan,nan,0.25
7/23/2026 13:03:10,1.17.3,FR5,2,4.00,nan,5,Left,Left,534,179,106,0,nan,nan,0.06
7/23/2026 13:03:11,1.17.3,FR5,2,4.00,nan,5,Left,Left,535,179,106,0,nan,nan,0.00
7/23/2026 13:03:14,1.17.3,FR5,2,4.00,2,5,Pellet,Left,535,179,107,0,0.41,35,nan
7/23/2026 13:03:48,1.17.3,FR5,2,4.00,nan,5,Left,Left,536,179,107,0,nan,nan,0.10
7/23/2026 13:03:51,1.17.3,FR5,2,4.00,nan,5,Left,Left,537,179,107,0,nan,nan,0.58
7/23/2026 13:03:57,1.17.3,FR5,2,4.00,nan,5,Left,Left,538,179,107,0,nan,nan,0.28
7/23/2026 13:04:02,1.17.3,FR5,2,4.00,nan,5,Left,Left,539,179,107,0,nan,nan,0.33
7/23/2026 13:04:07,1.17.3,FR5,2,4.00,nan,5,Left,Left,540,179,107,0,nan,nan,0.04
7/23/2026 13:04:08,1.17.3,FR5,2,4.00,1,5,Pellet,Left,540,179,108,0,0.47,54,nan
7/23/2026 13:09:35,1.17.3,FR5,2,4.00,nan,5,Right,Left,540,180,108,0,nan,nan,0.02
7/23/2026 13:10:35,1.17.3,FR5,2,4.00,nan,5,Right,Left,540,181,108,0,nan,nan,0.36
7/23/2026 13:11:14,1.17.3,FR5,2,4.00,nan,5,Left,Left,541,181,108,0,nan,nan,0.04
7/23/2026 13:39:14,1.17.3,FR5,2,4.00,nan,5,Left,Left,542,181,108,0,nan,nan,0.06
7/23/2026 13:56:29,1.17.3,FR5,2,4.00,nan,5,Left,Left,543,181,108,0,nan,nan,1.16
7/23/2026 13:56:43,1.17.3,FR5,2,4.00,nan,5,Left,Left,544,181,108,0,nan,nan,0.45
7/23/2026 14:32:38,1.17.3,FR5,2,4.00,nan,5,Left,Left,545,181,108,0,nan,nan,0.41
7/23/2026 14:32:43,1.17.3,FR5,2,4.00,3,5,Pellet,Left,545,181,109,0,0.35,5315,nan
7/23/2026 14:33:10,1.17.3,FR5,2,4.00,nan,5,Left,Left,546,181,109,0,nan,nan,0.09
7/23/2026 14:33:14,1.17.3,FR5,2,4.00,nan,5,Left,Left,547,181,109,0,nan,nan,0.06
7/23/2026 14:33:17,1.17.3,FR5,2,4.00,nan,5,Left,Left,548,181,109,0,nan,nan,0.05
7/23/2026 14:33:31,1.17.3,FR5,2,4.00,nan,5,Left,Left,549,181,109,0,nan,nan,0.44
7/23/2026 14:33:37,1.17.3,FR5,2,4.00,nan,5,Left,Left,550,181,109,0,nan,nan,0.65
7/23/2026 14:33:38,1.17.3,FR5,2,4.00,1,5,Pellet,Left,550,181,110,0,0.41,55,nan
7/23/2026 14:34:08,1.17.3,FR5,2,4.00,nan,5,Left,Left,551,181,110,0,nan,nan,0.47
7/23/2026 14:34:19,1.17.3,FR5,2,4.00,nan,5,Left,Left,552,181,110,0,nan,nan,0.87
7/23/2026 14:34:22,1.17.3,FR5,2,4.00,nan,5,Left,Left,553,181,110,0,nan,nan,0.03
7/23/2026 14:34:23,1.17.3,FR5,2,4.00,nan,5,Left,Left,554,181,110,0,nan,nan,0.00
7/23/2026 14:42:30,1.17.3,FR5,2,4.00,nan,5,Left,Left,555,181,110,0,nan,nan,0.36
7/23/2026 14:42:31,1.17.3,FR5,2,4.00,1,5,Pellet,Left,555,181,111,0,1.13,533,nan
7/23/2026 15:33:34,1.17.3,FR5,2,4.00,nan,5,Left,Left,556,181,111,0,nan,nan,0.37
7/23/2026 15:48:41,1.17.3,FR5,2,4.00,nan,5,Left,Left,557,181,111,0,nan,nan,2.01
7/23/2026 15:48:43,1.17.3,FR5,2,3.99,nan,5,Left,Left,558,181,111,0,nan,nan,0.07
7/23/2026 15:48:51,1.17.3,FR5,2,4.00,nan,5,Left,Left,559,181,111,0,nan,nan,0.44
7/23/2026 15:48:56,1.17.3,FR5,2,4.00,nan,5,Left,Left,560,181,111,0,nan,nan,0.75
7/23/2026 15:49:01,1.17.3,FR5,2,4.00,4,5,Pellet,Left,560,181,112,0,0.06,3990,nan
7/23/2026 15:49:30,1.17.3,FR5,2,4.00,nan,5,Left,Left,561,181,112,0,nan,nan,0.08
7/23/2026 15:49:34,1.17.3,FR5,2,4.00,nan,5,Left,Left,562,181,112,0,nan,nan,0.01
7/23/2026 15:49:36,1.17.3,FR5,2,4.00,nan,5,Left,Left,563,181,112,0,nan,nan,0.00
7/23/2026 15:49:37,1.17.3,FR5,2,3.99,nan,5,Left,Left,564,181,112,0,nan,nan,0.08
7/23/2026 15:49:49,1.17.3,FR5,2,4.00,nan,5,Left,Left,565,181,112,0,nan,nan,0.89
7/23/2026 15:49:50,1.17.3,FR5,2,4.00,2,5,Pellet,Left,565,181,113,0,0.29,49,nan
7/23/2026 15:52:25,1.17.3,FR5,2,4.00,nan,5,Left,Left,566,181,113,0,nan,nan,0.02
7/23/2026 15:52:27,1.17.3,FR5,2,4.00,nan,5,Left,Left,567,181,113,0,nan,nan,0.10
7/23/2026 15:52:29,1.17.3,FR5,2,3.99,nan,5,Left,Left,568,181,113,0,nan,nan,0.07
7/23/2026 15:52:40,1.17.3,FR5,2,3.99,nan,5,Left,Left,569,181,113,0,nan,nan,0.71
7/23/2026 15:52:43,1.17.3,FR5,2,4.00,nan,5,Left,Left,570,181,113,0,nan,nan,0.64
7/23/2026 15:52:45,1.17.3,FR5,2,4.00,2,5,Pellet,Left,570,181,114,0,0.35,175,nan
7/23/2026 15:57:17,1.17.3,FR5,2,4.00,nan,5,Left,Left,571,181,114,0,nan,nan,0.02
7/23/2026 15:57:20,1.17.3,FR5,2,4.00,nan,5,Left,Left,572,181,114,0,nan,nan,1.21
7/23/2026 15:59:57,1.17.3,FR5,2,4.00,nan,5,Left,Left,573,181,114,0,nan,nan,0.03
7/23/2026 16:05:07,1.17.3,FR5,2,3.99,nan,5,Left,Left,574,181,114,0,nan,nan,0.13
7/23/2026 16:05:09,1.17.3,FR5,2,3.99,nan,5,Left,Left,575,181,114,0,nan,nan,0.75
7/23/2026 16:05:12,1.17.3,FR5,2,3.99,2,5,Pellet,Left,575,181,115,0,2.21,747,nan
7/23/2026 16:11:56,1.17.3,FR5,2,4.00,nan,5,Left,Left,576,181,115,0,nan,nan,0.40
7/23/2026 16:12:03,1.17.3,FR5,2,4.00,nan,5,Left,Left,577,181,115,0,nan,nan,0.00
7/23/2026 16:12:07,1.17.3,FR5,2,3.99,nan,5,Left,Left,578,181,115,0,nan,nan,0.37
7/23/2026 16:12:16,1.17.3,FR5,2,4.00,nan,5,Left,Left,579,181,115,0,nan,nan,0.03
7/23/2026 16:12:26,1.17.3,FR5,2,4.00,nan,5,Left,Left,580,181,115,0,nan,nan,1.01
7/23/2026 16:12:28,1.17.3,FR5,2,3.99,1,5,Pellet,Left,580,181,116,0,1.07,436,nan
7/23/2026 16:24:40,1.17.3,FR5,2,4.00,nan,5,Left,Left,581,181,116,0,nan,nan,0.39
7/23/2026 16:29:06,1.17.3,FR5,2,3.99,nan,5,Left,Left,582,181,116,0,nan,nan,0.25
7/23/2026 16:38:48,1.17.3,FR5,2,3.99,nan,5,Left,Left,583,181,116,0,nan,nan,0.81
7/23/2026 16:38:50,1.17.3,FR5,2,3.99,nan,5,Left,Left,584,181,116,0,nan,nan,0.55
7/23/2026 16:38:54,1.17.3,FR5,2,3.99,nan,5,Left,Left,585,181,116,0,nan,nan,0.95
7/23/2026 16:38:56,1.17.3,FR5,2,3.99,1,5,Pellet,Left,585,181,117,0,0.59,1588,nan
7/23/2026 16:39:13,1.17.3,FR5,2,3.99,nan,5,Left,Left,586,181,117,0,nan,nan,0.05
7/23/2026 16:39:15,1.17.3,FR5,2,3.99,nan,5,Left,Left,587,181,117,0,nan,nan,0.02
7/23/2026 16:39:24,1.17.3,FR5,2,4.00,nan,5,Left,Left,588,181,117,0,nan,nan,0.07
7/23/2026 16:39:25,1.17.3,FR5,2,3.99,nan,5,Left,Left,589,181,117,0,nan,nan,0.03
7/23/2026 16:39:27,1.17.3,FR5,2,3.99,nan,5,Left,Left,590,181,117,0,nan,nan,0.24
7/23/2026 16:39:30,1.17.3,FR5,2,3.99,3,5,Pellet,Left,590,181,118,0,0.06,34,nan
7/23/2026 16:39:57,1.17.3,FR5,2,3.99,nan,5,Left,Left,591,181,118,0,nan,nan,0.53
7/23/2026 16:40:02,1.17.3,FR5,2,4.00,nan,5,Left,Left,592,181,118,0,nan,nan,0.51
7/23/2026 16:40:08,1.17.3,FR5,2,4.00,nan,5,Left,Left,593,181,118,0,nan,nan,1.11
7/23/2026 16:40:10,1.17.3,FR5,2,3.99,nan,5,Left,Left,594,181,118,0,nan,nan,0.16
7/23/2026 16:40:11,1.17.3,FR5,2,4.00,nan,5,Left,Left,595,181,118,0,nan,nan,0.25
7/23/2026 16:40:12,1.17.3,FR5,2,3.99,1,5,Pellet,Left,595,181,119,0,0.53,42,nan
7/23/2026 16:40:35,1.17.3,FR5,2,4.00,nan,5,Right,Left,595,182,119,0,nan,nan,0.79
7/23/2026 17:18:07,1.17.3,FR5,2,3.99,nan,5,Left,Left,596,182,119,0,nan,nan,0.08
7/23/2026 17:18:08,1.17.3,FR5,2,3.99,nan,5,Left,Left,597,182,119,0,nan,nan,0.31
7/23/2026 17:18:14,1.17.3,FR5,2,3.99,nan,5,Left,Left,598,182,119,0,nan,nan,0.03
7/23/2026 17:18:15,1.17.3,FR5,2,3.99,nan,5,Left,Left,599,182,119,0,nan,nan,0.07
7/23/2026 17:18:19,1.17.3,FR5,2,3.99,nan,5,Left,Left,600,182,119,0,nan,nan,0.01
7/23/2026 17:18:23,1.17.3,FR5,2,3.99,2,5,Pellet,Left,600,182,120,0,0.41,2291,nan
7/23/2026 17:18:51,1.17.3,FR5,2,3.99,nan,5,Left,Left,601,182,120,0,nan,nan,0.02
7/23/2026 17:18:56,1.17.3,FR5,2,3.99,nan,5,Left,Left,602,182,120,0,nan,nan,0.65
7/23/2026 17:19:26,1.17.3,FR5,2,3.99,nan,5,Left,Left,603,182,120,0,nan,nan,0.06
7/23/2026 17:19:27,1.17.3,FR5,2,3.99,nan,5,Left,Left,604,182,120,0,nan,nan,0.47
7/23/2026 17:19:32,1.17.3,FR5,2,3.99,nan,5,Left,Left,605,182,120,0,nan,nan,0.24
7/23/2026 17:19:33,1.17.3,FR5,2,3.99,1,5,Pellet,Left,605,182,121,0,0.47,70,nan
7/23/2026 17:39:17,1.17.3,FR5,2,3.99,nan,5,Left,Left,606,182,121,0,nan,nan,0.40
7/23/2026 17:39:19,1.17.3,FR5,2,3.99,nan,5,Left,Left,607,182,121,0,nan,nan,0.45
7/23/2026 17:39:20,1.17.3,FR5,2,3.99,nan,5,Left,Left,608,182,121,0,nan,nan,0.67
7/23/2026 17:39:26,1.17.3,FR5,2,3.99,nan,5,Left,Left,609,182,121,0,nan,nan,0.65
7/23/2026 17:39:30,1.17.3,FR5,2,3.99,nan,5,Left,Left,610,182,121,0,nan,nan,0.40
7/23/2026 17:39:31,1.17.3,FR5,2,3.99,1,5,Pellet,Left,610,182,122,0,0.23,1198,nan
7/23/2026 17:43:45,1.17.3,FR5,2,4.00,nan,5,Left,Left,611,182,122,0,nan,nan,0.26
7/23/2026 17:45:29,1.17.3,FR5,2,4.00,nan,5,Left,Left,612,182,122,0,nan,nan,0.19
7/23/2026 17:45:49,1.17.3,FR5,2,3.99,nan,5,Right,Left,612,183,122,0,nan,nan,0.07
7/23/2026 17:45:50,1.17.3,FR5,2,3.99,nan,5,Right,Left,612,184,122,0,nan,nan,0.36
7/23/2026 17:45:58,1.17.3,FR5,2,3.99,nan,5,Left,Left,613,184,122,0,nan,nan,0.19
7/23/2026 17:51:26,1.17.3,FR5,2,3.99,nan,5,Right,Left,613,185,122,0,nan,nan,0.41
7/23/2026 17:52:17,1.17.3,FR5,2,3.99,nan,5,Left,Left,614,185,122,0,nan,nan,0.38
7/23/2026 17:52:50,1.17.3,FR5,2,3.99,nan,5,Left,Left,615,185,122,0,nan,nan,0.08
7/23/2026 17:52:51,1.17.3,FR5,2,3.99,1,5,Pellet,Left,615,185,123,0,0.41,800,nan
7/23/2026 17:53:03,1.17.3,FR5,2,3.99,nan,5,Left,Left,616,185,123,0,nan,nan,0.16
7/23/2026 18:31:02,1.17.3,FR5,2,3.98,nan,5,Left,Left,617,185,123,0,nan,nan,0.07
7/23/2026 18:31:03,1.17.3,FR5,2,3.99,nan,5,Left,Left,618,185,123,0,nan,nan,0.28
7/23/2026 18:31:05,1.17.3,FR5,2,3.99,nan,5,Left,Left,619,185,123,0,nan,nan,0.57
7/23/2026 18:31:07,1.17.3,FR5,2,3.99,nan,5,Left,Left,620,185,123,0,nan,nan,0.53
7/23/2026 18:31:09,1.17.3,FR5,2,3.98,1,5,Pellet,Left,620,185,124,0,1.01,2298,nan
7/23/2026 18:31:23,1.17.3,FR5,2,3.99,nan,5,Left,Left,621,185,124,0,nan,nan,0.05
7/23/2026 18:31:29,1.17.3,FR5,2,3.99,nan,5,Left,Left,622,185,124,0,nan,nan,0.13
7/23/2026 18:31:30,1.17.3,FR5,2,3.98,nan,5,Left,Left,623,185,124,0,nan,nan,0.03
7/23/2026 18:31:31,1.17.3,FR5,2,3.98,nan,5,Left,Left,624,185,124,0,nan,nan,0.29
7/23/2026 18:31:33,1.17.3,FR5,2,3.99,nan,5,Left,Left,625,185,124,0,nan,nan,0.86
7/23/2026 18:31:34,1.17.3,FR5,2,3.99,1,5,Pellet,Left,625,185,125,0,0.83,25,nan
7/23/2026 18:31:49,1.17.3,FR5,2,3.98,nan,5,Left,Left,626,185,125,0,nan,nan,0.98
7/23/2026 18:31:50,1.17.3,FR5,2,3.98,nan,5,Left,Left,627,185,125,0,nan,nan,0.00
7/23/2026 18:31:57,1.17.3,FR5,2,3.99,nan,5,Left,Left,628,185,125,0,nan,nan,0.30
7/23/2026 18:31:59,1.17.3,FR5,2,3.99,nan,5,Left,Left,629,185,125,0,nan,nan,0.09
7/23/2026 18:32:00,1.17.3,FR5,2,3.99,nan,5,Left,Left,630,185,125,0,nan,nan,0.00
7/23/2026 18:32:01,1.17.3,FR5,2,3.99,1,5,Pellet,Left,630,185,126,0,0.35,27,nan
7/23/2026 18:32:17,1.17.3,FR5,2,3.99,nan,5,Left,Left,631,185,126,0,nan,nan,0.10
7/23/2026 18:32:20,1.17.3,FR5,2,3.99,nan,5,Left,Left,632,185,126,0,nan,nan,0.79
7/23/2026 18:32:29,1.17.3,FR5,2,3.99,nan,5,Left,Left,633,185,126,0,nan,nan,0.68
7/23/2026 18:32:31,1.17.3,FR5,2,3.99,nan,5,Left,Left,634,185,126,0,nan,nan,0.55
7/23/2026 18:32:33,1.17.3,FR5,2,3.99,nan,5,Left,Left,635,185,126,0,nan,nan,0.34
7/23/2026 18:32:35,1.17.3,FR5,2,3.99,1,5,Pellet,Left,635,185,127,0,0.71,34,nan
7/23/2026 18:32:46,1.17.3,FR5,2,3.99,nan,5,Left,Left,636,185,127,0,nan,nan,0.04
7/23/2026 18:32:48,1.17.3,FR5,2,3.98,nan,5,Left,Left,637,185,127,0,nan,nan,0.00
7/23/2026 18:32:50,1.17.3,FR5,2,3.99,nan,5,Left,Left,638,185,127,0,nan,nan,0.56
7/23/2026 18:32:52,1.17.3,FR5,2,3.99,nan,5,Left,Left,639,185,127,0,nan,nan,0.30
7/23/2026 18:32:55,1.17.3,FR5,2,3.99,nan,5,Left,Left,640,185,127,0,nan,nan,0.46
7/23/2026 18:32:56,1.17.3,FR5,2,3.99,1,5,Pellet,Left,640,185,128,0,0.41,21,nan
7/23/2026 18:33:06,1.17.3,FR5,2,3.98,nan,5,Left,Left,641,185,128,0,nan,nan,0.06
7/23/2026 18:33:08,1.17.3,FR5,2,3.99,nan,5,Left,Left,642,185,128,0,nan,nan,0.50
7/23/2026 18:33:10,1.17.3,FR5,2,3.99,nan,5,Left,Left,643,185,128,0,nan,nan,0.27
7/23/2026 18:33:11,1.17.3,FR5,2,3.99,nan,5,Left,Left,644,185,128,0,nan,nan,0.63
7/23/2026 18:33:15,1.17.3,FR5,2,3.99,nan,5,Left,Left,645,185,128,0,nan,nan,0.37
7/23/2026 18:33:17,1.17.3,FR5,2,3.99,1,5,Pellet,Left,645,185,129,0,0.83,21,nan
7/23/2026 18:33:34,1.17.3,FR5,2,3.99,nan,5,Left,Left,646,185,129,0,nan,nan,0.32
7/23/2026 18:33:35,1.17.3,FR5,2,3.98,nan,5,Left,Left,647,185,129,0,nan,nan,0.66
7/23/2026 18:33:37,1.17.3,FR5,2,3.99,nan,5,Left,Left,648,185,129,0,nan,nan,0.75
7/23/2026 18:33:38,1.17.3,FR5,2,3.99,nan,5,Left,Left,649,185,129,0,nan,nan,0.00
7/23/2026 18:33:39,1.17.3,FR5,2,3.99,nan,5,Left,Left,650,185,129,0,nan,nan,0.05
7/23/2026 18:33:40,1.17.3,FR5,2,3.98,1,5,Pellet,Left,650,185,130,0,0.95,23,nan
7/23/2026 18:38:25,1.17.3,FR5,2,3.98,nan,5,Left,Left,651,185,130,0,nan,nan,0.03
7/23/2026 18:38:25,1.17.3,FR5,2,3.99,nan,5,Left,Left,652,185,130,0,nan,nan,0.00
7/23/2026 18:38:36,1.17.3,FR5,2,3.99,nan,5,Left,Left,653,185,130,0,nan,nan,4.41
7/23/2026 18:38:42,1.17.3,FR5,2,3.99,nan,5,Left,Left,654,185,130,0,nan,nan,0.85
7/23/2026 18:38:42,1.17.3,FR5,2,3.99,nan,5,Left,Left,655,185,130,0,nan,nan,0.00
7/23/2026 18:38:44,1.17.3,FR5,2,3.98,2,5,Pellet,Left,655,185,131,0,0.23,304,nan
7/23/2026 18:39:19,1.17.3,FR5,2,3.99,nan,5,Left,Left,656,185,131,0,nan,nan,0.45
7/23/2026 18:39:24,1.17.3,FR5,2,3.99,nan,5,Left,Left,657,185,131,0,nan,nan,0.36
7/23/2026 18:39:27,1.17.3,FR5,2,3.98,nan,5,Left,Left,658,185,131,0,nan,nan,0.52
7/23/2026 18:39:29,1.17.3,FR5,2,3.99,nan,5,Left,Left,659,185,131,0,nan,nan,0.89
7/23/2026 18:39:31,1.17.3,FR5,2,3.98,nan,5,Left,Left,660,185,131,0,nan,nan,0.37
7/23/2026 18:39:31,1.17.3,FR5,2,3.99,nan,5,LeftDuringDispense,Left,661,185,131,0,nan,nan,0.02
7/23/2026 18:39:36,1.17.3,FR5,2,3.99,4,5,Pellet,Left,661,185,132,0,0.06,52,nan
7/23/2026 18:40:27,1.17.3,FR5,2,3.98,nan,5,Left,Left,662,185,132,0,nan,nan,0.15
7/23/2026 18:40:29,1.17.3,FR5,2,3.99,nan,5,Left,Left,663,185,132,0,nan,nan,0.03
7/23/2026 18:40:30,1.17.3,FR5,2,3.99,nan,5,Left,Left,664,185,132,0,nan,nan,0.53
7/23/2026 18:40:33,1.17.3,FR5,2,3.98,nan,5,Left,Left,665,185,132,0,nan,nan,0.68
7/23/2026 18:40:34,1.17.3,FR5,2,3.99,2,5,Pellet,Left,665,185,133,0,0.23,58,nan
7/23/2026 18:40:58,1.17.3,FR5,2,3.99,nan,5,Left,Left,666,185,133,0,nan,nan,0.01
7/23/2026 18:40:59,1.17.3,FR5,2,3.99,nan,5,Left,Left,667,185,133,0,nan,nan,0.22
7/23/2026 18:41:01,1.17.3,FR5,2,3.98,nan,5,Left,Left,668,185,133,0,nan,nan,0.22
7/23/2026 18:41:02,1.17.3,FR5,2,3.99,nan,5,Left,Left,669,185,133,0,nan,nan,0.00
7/23/2026 18:41:03,1.17.3,FR5,2,3.99,nan,5,Left,Left,670,185,133,0,nan,nan,0.00
7/23/2026 18:41:04,1.17.3,FR5,2,3.99,2,5,Pellet,Left,670,185,134,0,0.11,30,nan
7/23/2026 18:41:46,1.17.3,FR5,2,4.00,nan,5,Left,Left,671,185,134,0,nan,nan,0.09
7/23/2026 18:41:48,1.17.3,FR5,2,3.99,nan,5,Left,Left,672,185,134,0,nan,nan,0.10
7/23/2026 18:41:49,1.17.3,FR5,2,3.98,nan,5,Left,Left,673,185,134,0,nan,nan,0.24
7/23/2026 18:41:51,1.17.3,FR5,2,3.99,nan,5,Left,Left,674,185,134,0,nan,nan,0.76
7/23/2026 18:41:54,1.17.3,FR5,2,3.99,nan,5,Left,Left,675,185,134,0,nan,nan,0.44
7/23/2026 18:41:57,1.17.3,FR5,2,3.99,3,5,Pellet,Left,675,185,135,0,0.06,53,nan
7/23/2026 18:42:21,1.17.3,FR5,2,3.99,nan,5,Left,Left,676,185,135,0,nan,nan,0.02
7/23/2026 18:42:22,1.17.3,FR5,2,3.98,nan,5,Left,Left,677,185,135,0,nan,nan,0.01
7/23/2026 18:42:23,1.17.3,FR5,2,3.98,nan,5,Left,Left,678,185,135,0,nan,nan,0.38
7/23/2026 18:42:26,1.17.3,FR5,2,3.99,nan,5,Left,Left,679,185,135,0,nan,nan,0.23
7/23/2026 18:42:27,1.17.3,FR5,2,3.99,nan,5,Left,Left,680,185,135,0,nan,nan,0.00
7/23/2026 18:42:27,1.17.3,FR5,2,3.99,nan,5,LeftDuringDispense,Left,681,185,135,0,nan,nan,0.11
7/23/2026 18:42:30,1.17.3,FR5,2,3.99,3,5,Pellet,Left,681,185,136,0,0.17,33,nan
7/23/2026 18:42:59,1.17.3,FR5,2,3.99,nan,5,Left,Left,682,185,136,0,nan,nan,0.01
7/23/2026 18:43:01,1.17.3,FR5,2,3.98,nan,5,Left,Left,683,185,136,0,nan,nan,0.01
7/23/2026 18:43:04,1.17.3,FR5,2,3.99,nan,5,Left,Left,684,185,136,0,nan,nan,0.08
7/23/2026 18:43:05,1.17.3,FR5,2,3.98,nan,5,Left,Left,685,185,136,0,nan,nan,0.36
7/23/2026 18:43:06,1.17.3,FR5,2,3.98,1,5,Pellet,Left,685,185,137,0,0.59,36,nan
7/23/2026 19:13:01,1.17.3,FR5,2,3.98,nan,5,Left,Left,686,185,137,0,nan,nan,0.62
7/23/2026 19:13:05,1.17.3,FR5,2,3.99,nan,5,Left,Left,687,185,137,0,nan,nan,0.93
7/23/2026 19:13:07,1.17.3,FR5,2,3.98,nan,5,Left,Left,688,185,137,0,nan,nan,0.51
7/23/2026 19:13:10,1.17.3,FR5,2,3.98,nan,5,Left,Left,689,185,137,0,nan,nan,0.74
7/23/2026 19:13:13,1.17.3,FR5,2,3.98,nan,5,Left,Left,690,185,137,0,nan,nan,0.89
7/23/2026 19:13:14,1.17.3,FR5,2,3.99,1,5,Pellet,Left,690,185,138,0,0.47,1808,nan
7/23/2026 19:13:36,1.17.3,FR5,2,3.99,nan,5,Left,Left,691,185,138,0,nan,nan,0.67
7/23/2026 19:13:39,1.17.3,FR5,2,3.99,nan,5,Left,Left,692,185,138,0,nan,nan,0.35
7/23/2026 19:13:43,1.17.3,FR5,2,3.98,nan,5,Left,Left,693,185,138,0,nan,nan,1.06
7/23/2026 19:13:44,1.17.3,FR5,2,3.98,nan,5,Left,Left,694,185,138,0,nan,nan,0.02
7/23/2026 19:13:57,1.17.3,FR5,2,3.99,nan,5,Left,Left,695,185,138,0,nan,nan,0.09
7/23/2026 19:14:00,1.17.3,FR5,2,3.99,3,5,Pellet,Left,695,185,139,0,0.17,46,nan
7/23/2026 19:14:26,1.17.3,FR5,2,3.99,nan,5,Left,Left,696,185,139,0,nan,nan,1.17
7/23/2026 19:14:27,1.17.3,FR5,2,3.98,nan,5,Left,Left,697,185,139,0,nan,nan,0.01
7/23/2026 19:14:29,1.17.3,FR5,2,3.99,nan,5,Left,Left,698,185,139,0,nan,nan,0.53
7/23/2026 19:14:32,1.17.3,FR5,2,3.98,nan,5,Left,Left,699,185,139,0,nan,nan,0.03
7/23/2026 19:14:35,1.17.3,FR5,2,3.99,nan,5,Left,Left,700,185,139,0,nan,nan,0.13
7/23/2026 19:14:35,1.17.3,FR5,2,3.98,nan,5,LeftDuringDispense,Left,701,185,139,0,nan,nan,0.05
7/23/2026 19:14:39,1.17.3,FR5,2,3.98,3,5,Pellet,Left,701,185,140,0,0.29,39,nan
7/23/2026 19:15:21,1.17.3,FR5,2,3.99,nan,5,Left,Left,702,185,140,0,nan,nan,0.04
7/23/2026 19:15:22,1.17.3,FR5,2,3.98,nan,5,Left,Left,703,185,140,0,nan,nan,0.20
7/23/2026 19:15:23,1.17.3,FR5,2,3.99,nan,5,Left,Left,704,185,140,0,nan,nan,0.01
7/23/2026 19:15:24,1.17.3,FR5,2,3.98,nan,5,Left,Left,705,185,140,0,nan,nan,0.57
7/23/2026 19:15:26,1.17.3,FR5,2,3.99,2,5,Pellet,Left,705,185,141,0,0.41,47,nan
7/23/2026 19:41:39,1.17.3,FR5,2,3.99,nan,5,Left,Left,706,185,141,0,nan,nan,0.15
7/23/2026 19:41:40,1.17.3,FR5,2,3.99,nan,5,Left,Left,707,185,141,0,nan,nan,0.01
7/23/2026 19:41:48,1.17.3,FR5,2,3.98,nan,5,Left,Left,708,185,141,0,nan,nan,0.37
7/23/2026 19:41:51,1.17.3,FR5,2,3.98,nan,5,Left,Left,709,185,141,0,nan,nan,0.75
7/23/2026 19:41:54,1.17.3,FR5,2,3.99,nan,5,Left,Left,710,185,141,0,nan,nan,0.03
7/23/2026 19:41:55,1.17.3,FR5,2,3.98,2,5,Pellet,Left,710,185,142,0,0.23,1589,nan
7/23/2026 19:42:24,1.17.3,FR5,2,3.98,nan,5,Left,Left,711,185,142,0,nan,nan,0.09
7/23/2026 19:42:27,1.17.3,FR5,2,3.99,nan,5,Left,Left,712,185,142,0,nan,nan,1.21
7/23/2026 19:49:09,1.17.3,FR5,2,3.98,nan,5,Left,Left,713,185,142,0,nan,nan,0.03
7/23/2026 19:49:11,1.17.3,FR5,2,3.98,nan,5,Left,Left,714,185,142,0,nan,nan,0.02
7/23/2026 19:49:13,1.17.3,FR5,2,3.99,nan,5,Left,Left,715,185,142,0,nan,nan,0.32
7/23/2026 19:49:16,1.17.3,FR5,2,3.98,3,5,Pellet,Left,715,185,143,0,0.06,441,nan
7/23/2026 19:49:33,1.17.3,FR5,2,3.98,nan,5,Left,Left,716,185,143,0,nan,nan,0.06
7/23/2026 19:49:38,1.17.3,FR5,2,3.98,nan,5,Left,Left,717,185,143,0,nan,nan,0.05
7/23/2026 19:49:40,1.17.3,FR5,2,3.98,nan,5,Left,Left,718,185,143,0,nan,nan,0.05
7/23/2026 19:49:41,1.17.3,FR5,2,3.99,nan,5,Left,Left,719,185,143,0,nan,nan,0.21
7/23/2026 19:49:55,1.17.3,FR5,2,3.98,nan,5,Left,Left,720,185,143,0,nan,nan,0.13
7/23/2026 19:50:01,1.17.3,FR5,2,3.98,3,5,Pellet,Left,720,185,144,0,0.35,44,nan
7/23/2026 19:50:10,1.17.3,FR5,2,3.98,nan,5,Left,Left,721,185,144,0,nan,nan,0.23
7/23/2026 19:50:11,1.17.3,FR5,2,3.98,nan,5,Left,Left,722,185,144,0,nan,nan,0.55
7/23/2026 19:50:15,1.17.3,FR5,2,3.98,nan,5,Left,Left,723,185,144,0,nan,nan,0.09
7/23/2026 19:50:17,1.17.3,FR5,2,3.98,nan,5,Left,Left,724,185,144,0,nan,nan,0.04
7/23/2026 19:50:18,1.17.3,FR5,2,3.98,nan,5,Left,Left,725,185,144,0,nan,nan,0.34
7/23/2026 19:50:19,1.17.3,FR5,2,3.99,1,5,Pellet,Left,725,185,145,0,0.23,19,nan
7/23/2026 19:51:09,1.17.3,FR5,2,3.98,nan,5,Left,Left,726,185,145,0,nan,nan,0.09
7/23/2026 19:51:10,1.17.3,FR5,2,3.98,nan,5,Left,Left,727,185,145,0,nan,nan,0.02
7/23/2026 19:51:16,1.17.3,FR5,2,3.98,nan,5,Left,Left,728,185,145,0,nan,nan,0.54
7/23/2026 19:51:19,1.17.3,FR5,2,3.98,nan,5,Left,Left,729,185,145,0,nan,nan,0.66
7/23/2026 19:51:23,1.17.3,FR5,2,3.98,nan,5,Left,Left,730,185,145,0,nan,nan,0.05
7/23/2026 19:51:23,1.17.3,FR5,2,3.99,nan,5,LeftDuringDispense,Left,731,185,145,0,nan,nan,0.11
7/23/2026 19:51:26,1.17.3,FR5,2,3.99,3,5,Pellet,Left,731,185,146,0,0.12,67,nan
7/23/2026 19:52:40,1.17.3,FR5,2,3.99,nan,5,Left,Left,732,185,146,0,nan,nan,0.08
7/23/2026 20:07:50,1.17.3,FR5,2,3.98,nan,5,Left,Left,733,185,146,0,nan,nan,0.04
7/23/2026 20:08:00,1.17.3,FR5,2,3.98,nan,5,Left,Left,734,185,146,0,nan,nan,0.03
7/23/2026 20:14:31,1.17.3,FR5,2,3.98,nan,5,Left,Left,735,185,146,0,nan,nan,0.52
7/23/2026 20:14:35,1.17.3,FR5,2,3.98,2,5,Pellet,Left,735,185,147,0,0.53,1388,nan
7/23/2026 20:14:59,1.17.3,FR5,2,3.98,nan,5,Left,Left,736,185,147,0,nan,nan,0.03
7/23/2026 20:15:02,1.17.3,FR5,2,3.98,nan,5,Left,Left,737,185,147,0,nan,nan,0.01
7/23/2026 20:15:04,1.17.3,FR5,2,3.98,nan,5,Left,Left,738,185,147,0,nan,nan,0.72
7/23/2026 20:15:06,1.17.3,FR5,2,3.98,nan,5,Left,Left,739,185,147,0,nan,nan,0.38
7/23/2026 20:15:08,1.17.3,FR5,2,3.98,nan,5,Left,Left,740,185,147,0,nan,nan,0.80
7/23/2026 20:15:08,1.17.3,FR5,2,3.98,nan,5,LeftDuringDispense,Left,741,185,147,0,nan,nan,0.03
7/23/2026 20:15:17,1.17.3,FR5,2,3.99,4,5,Pellet,Left,741,185,148,0,1.79,43,nan
7/23/2026 20:15:47,1.17.3,FR5,2,3.98,nan,5,Left,Left,742,185,148,0,nan,nan,0.04
7/23/2026 20:15:50,1.17.3,FR5,2,3.98,nan,5,Left,Left,743,185,148,0,nan,nan,0.49
7/23/2026 20:15:54,1.17.3,FR5,2,3.98,nan,5,Left,Left,744,185,148,0,nan,nan,0.53
7/23/2026 20:15:56,1.17.3,FR5,2,3.98,nan,5,Left,Left,745,185,148,0,nan,nan,0.38
7/23/2026 20:16:00,1.17.3,FR5,2,3.98,2,5,Pellet,Left,745,185,149,0,0.77,43,nan
7/23/2026 20:16:11,1.17.3,FR5,2,3.98,nan,5,Left,Left,746,185,149,0,nan,nan,0.05
7/23/2026 20:16:20,1.17.3,FR5,2,3.98,nan,5,Left,Left,747,185,149,0,nan,nan,0.05
7/23/2026 20:16:24,1.17.3,FR5,2,3.99,nan,5,Left,Left,748,185,149,0,nan,nan,0.17
7/23/2026 20:16:31,1.17.3,FR5,2,3.98,nan,5,Left,Left,749,185,149,0,nan,nan,0.24
7/23/2026 20:17:41,1.17.3,FR5,2,3.98,nan,5,Left,Left,750,185,149,0,nan,nan,2.14
7/23/2026 20:17:42,1.17.3,FR5,2,3.98,1,5,Pellet,Left,750,185,150,0,0.47,102,nan
7/23/2026 20:45:01,1.17.3,FR5,2,3.98,nan,5,Left,Left,751,185,150,0,nan,nan,0.67
7/23/2026 20:45:02,1.17.3,FR5,2,3.98,nan,5,Left,Left,752,185,150,0,nan,nan,0.01
7/23/2026 20:45:05,1.17.3,FR5,2,3.98,nan,5,Left,Left,753,185,150,0,nan,nan,0.96
7/23/2026 20:45:06,1.17.3,FR5,2,3.98,nan,5,Left,Left,754,185,150,0,nan,nan,0.50
7/23/2026 20:45:07,1.17.3,FR5,2,3.98,nan,5,Left,Left,755,185,150,0,nan,nan,0.02
7/23/2026 20:45:10,1.17.3,FR5,2,3.98,3,5,Pellet,Left,755,185,151,0,0.06,1648,nan
7/23/2026 20:45:27,1.17.3,FR5,2,3.98,nan,5,Left,Left,756,185,151,0,nan,nan,0.54
7/23/2026 20:45:28,1.17.3,FR5,2,3.98,nan,5,Left,Left,757,185,151,0,nan,nan,0.05
7/23/2026 20:45:34,1.17.3,FR5,2,3.98,nan,5,Left,Left,758,185,151,0,nan,nan,0.21
7/23/2026 20:45:39,1.17.3,FR5,2,3.98,nan,5,Left,Left,759,185,151,0,nan,nan,0.03
7/23/2026 20:45:45,1.17.3,FR5,2,3.98,nan,5,Left,Left,760,185,151,0,nan,nan,1.13
7/23/2026 20:45:48,1.17.3,FR5,2,3.98,1,5,Pellet,Left,760,185,152,0,1.85,38,nan
7/23/2026 20:45:59,1.17.3,FR5,2,3.98,nan,5,Left,Left,761,185,152,0,nan,nan,0.02
7/23/2026 20:46:03,1.17.3,FR5,2,3.99,nan,5,Left,Left,762,185,152,0,nan,nan,0.70
7/23/2026 20:46:05,1.17.3,FR5,2,3.99,nan,5,Left,Left,763,185,152,0,nan,nan,0.08
7/23/2026 20:46:07,1.17.3,FR5,2,3.98,nan,5,Left,Left,764,185,152,0,nan,nan,0.10
7/23/2026 20:46:08,1.17.3,FR5,2,3.98,nan,5,Left,Left,765,185,152,0,nan,nan,0.41
7/23/2026 20:46:13,1.17.3,FR5,2,3.98,3,5,Pellet,Left,765,185,153,0,0.06,25,nan
7/23/2026 20:46:36,1.17.3,FR5,2,3.98,nan,5,Left,Left,766,185,153,0,nan,nan,0.04
7/23/2026 20:46:41,1.17.3,FR5,2,3.98,nan,5,Left,Left,767,185,153,0,nan,nan,0.80
7/23/2026 20:46:43,1.17.3,FR5,2,3.98,nan,5,Left,Left,768,185,153,0,nan,nan,0.91
7/23/2026 20:46:46,1.17.3,FR5,2,3.98,nan,5,Left,Left,769,185,153,0,nan,nan,1.22
7/23/2026 20:46:47,1.17.3,FR5,2,3.98,nan,5,Left,Left,770,185,153,0,nan,nan,0.05
7/23/2026 20:46:48,1.17.3,FR5,2,3.98,1,5,Pellet,Left,770,185,154,0,0.35,35,nan
7/23/2026 20:47:18,1.17.3,FR5,2,3.98,nan,5,Left,Left,771,185,154,0,nan,nan,0.95
7/23/2026 20:47:20,1.17.3,FR5,2,3.98,nan,5,Left,Left,772,185,154,0,nan,nan,0.72
7/23/2026 20:47:25,1.17.3,FR5,2,3.98,nan,5,Left,Left,773,185,154,0,nan,nan,1.30
7/23/2026 20:47:26,1.17.3,FR5,2,3.98,nan,5,Left,Left,774,185,154,0,nan,nan,0.02
7/23/2026 20:47:29,1.17.3,FR5,2,3.98,nan,5,Left,Left,775,185,154,0,nan,nan,0.51
7/23/2026 20:47:30,1.17.3,FR5,2,3.98,1,5,Pellet,Left,775,185,155,0,0.35,42,nan
7/23/2026 20:48:06,1.17.3,FR5,2,3.98,nan,5,Left,Left,776,185,155,0,nan,nan,0.02
7/23/2026 20:48:09,1.17.3,FR5,2,3.98,nan,5,Left,Left,777,185,155,0,nan,nan,0.31
7/23/2026 20:48:17,1.17.3,FR5,2,3.98,nan,5,Left,Left,778,185,155,0,nan,nan,0.10
7/23/2026 20:48:20,1.17.3,FR5,2,3.99,nan,5,Left,Left,779,185,155,0,nan,nan,0.69
7/23/2026 20:48:21,1.17.3,FR5,2,3.99,nan,5,Left,Left,780,185,155,0,nan,nan,0.00
7/23/2026 20:48:22,1.17.3,FR5,2,3.98,2,5,Pellet,Left,780,185,156,0,0.29,52,nan
7/23/2026 20:49:02,1.17.3,FR5,2,3.98,nan,5,Right,Left,780,186,156,0,nan,nan,0.47
7/23/2026 21:06:58,1.17.3,FR5,2,3.98,nan,5,Left,Left,781,186,156,0,nan,nan,0.78
7/23/2026 21:07:00,1.17.3,FR5,2,3.98,nan,5,Left,Left,782,186,156,0,nan,nan,0.00
7/23/2026 21:07:03,1.17.3,FR5,2,3.98,nan,5,Left,Left,783,186,156,0,nan,nan,0.99
7/23/2026 21:07:07,1.17.3,FR5,2,3.98,nan,5,Left,Left,784,186,156,0,nan,nan,0.05
7/23/2026 21:07:12,1.17.3,FR5,2,3.98,nan,5,Left,Left,785,186,156,0,nan,nan,0.53
7/23/2026 21:07:15,1.17.3,FR5,2,3.98,2,5,Pellet,Left,785,186,157,0,0.41,1133,nan
7/23/2026 21:07:37,1.17.3,FR5,2,3.98,nan,5,Left,Left,786,186,157,0,nan,nan,0.45
7/23/2026 21:07:41,1.17.3,FR5,2,3.98,nan,5,Left,Left,787,186,157,0,nan,nan,0.14
7/23/2026 21:07:43,1.17.3,FR5,2,3.98,nan,5,Left,Left,788,186,157,0,nan,nan,0.72
7/23/2026 21:07:46,1.17.3,FR5,2,3.98,nan,5,Left,Left,789,186,157,0,nan,nan,0.26
7/23/2026 21:07:50,1.17.3,FR5,2,3.98,nan,5,Left,Left,790,186,157,0,nan,nan,0.10
7/23/2026 21:07:53,1.17.3,FR5,2,3.98,2,5,Pellet,Left,790,186,158,0,0.35,38,nan
7/23/2026 21:08:13,1.17.3,FR5,2,3.98,nan,5,Left,Left,791,186,158,0,nan,nan,0.09
7/23/2026 21:08:14,1.17.3,FR5,2,3.98,nan,5,Left,Left,792,186,158,0,nan,nan,0.15
7/23/2026 21:08:18,1.17.3,FR5,2,3.98,nan,5,Left,Left,793,186,158,0,nan,nan,0.68
7/23/2026 21:08:21,1.17.3,FR5,2,3.98,nan,5,Left,Left,794,186,158,0,nan,nan,0.62
7/23/2026 21:08:24,1.17.3,FR5,2,3.98,nan,5,Left,Left,795,186,158,0,nan,nan,0.02
7/23/2026 21:08:25,1.17.3,FR5,2,3.98,1,5,Pellet,Left,795,186,159,0,0.35,32,nan
7/23/2026 21:08:45,1.17.3,FR5,2,3.98,nan,5,Left,Left,796,186,159,0,nan,nan,0.96
7/23/2026 21:08:45,1.17.3,FR5,2,3.98,nan,5,Left,Left,797,186,159,0,nan,nan,0.00
7/23/2026 21:08:46,1.17.3,FR5,2,3.98,nan,5,Left,Left,798,186,159,0,nan,nan,0.05
7/23/2026 21:08:49,1.17.3,FR5,2,3.98,nan,5,Left,Left,799,186,159,0,nan,nan,0.12
7/23/2026 21:08:51,1.17.3,FR5,2,3.98,nan,5,Left,Left,800,186,159,0,nan,nan,0.27
7/23/2026 21:09:24,1.17.3,FR5,2,3.98,3,5,Pellet,Left,800,186,160,0,27.51,59,nan
7/23/2026 21:10:14,1.17.3,FR5,2,3.98,nan,5,Left,Left,801,186,160,0,nan,nan,0.00
7/23/2026 21:10:27,1.17.3,FR5,2,3.98,nan,5,Left,Left,802,186,160,0,nan,nan,0.00
7/23/2026 21:10:29,1.17.3,FR5,2,3.98,nan,5,Left,Left,803,186,160,0,nan,nan,0.42
7/23/2026 21:10:30,1.17.3,FR5,2,3.98,nan,5,Left,Left,804,186,160,0,nan,nan,0.00
7/23/2026 21:10:31,1.17.3,FR5,2,3.98,nan,5,Left,Left,805,186,160,0,nan,nan,0.02
7/23/2026 21:10:32,1.17.3,FR5,2,3.98,2,5,Pellet,Left,805,186,161,0,0.06,68,nan
7/23/2026 21:10:49,1.17.3,FR5,2,3.98,nan,5,Left,Left,806,186,161,0,nan,nan,0.05
7/23/2026 21:10:52,1.17.3,FR5,2,3.98,nan,5,Left,Left,807,186,161,0,nan,nan,0.17
7/23/2026 21:10:55,1.17.3,FR5,2,3.98,nan,5,Left,Left,808,186,161,0,nan,nan,0.02
7/23/2026 21:23:35,1.17.3,FR5,2,3.98,nan,5,Left,Left,809,186,161,0,nan,nan,0.33
7/23/2026 21:23:37,1.17.3,FR5,2,3.98,nan,5,Left,Left,810,186,161,0,nan,nan,0.09
7/23/2026 21:23:38,1.17.3,FR5,2,3.98,1,5,Pellet,Left,810,186,162,0,0.17,786,nan
7/23/2026 21:24:04,1.17.3,FR5,2,3.98,nan,5,Left,Left,811,186,162,0,nan,nan,0.35
7/23/2026 21:31:12,1.17.3,FR5,2,3.98,nan,5,Left,Left,812,186,162,0,nan,nan,0.11
7/23/2026 21:31:25,1.17.3,FR5,2,3.98,nan,5,Left,Left,813,186,162,0,nan,nan,0.39
7/23/2026 21:31:28,1.17.3,FR5,2,3.98,nan,5,Left,Left,814,186,162,0,nan,nan,0.02
7/23/2026 21:31:34,1.17.3,FR5,2,3.98,nan,5,Left,Left,815,186,162,0,nan,nan,0.94
7/23/2026 21:31:37,1.17.3,FR5,2,3.98,2,5,Pellet,Left,815,186,163,0,0.59,479,nan
7/23/2026 21:32:00,1.17.3,FR5,2,3.98,nan,5,Left,Left,816,186,163,0,nan,nan,1.68
7/23/2026 21:32:03,1.17.3,FR5,2,3.98,nan,5,Left,Left,817,186,163,0,nan,nan,0.35
7/23/2026 21:32:07,1.17.3,FR5,2,3.98,nan,5,Left,Left,818,186,163,0,nan,nan,1.50
7/23/2026 21:32:08,1.17.3,FR5,2,3.98,nan,5,Left,Left,819,186,163,0,nan,nan,0.05
7/23/2026 21:32:09,1.17.3,FR5,2,3.98,nan,5,Left,Left,820,186,163,0,nan,nan,0.02
7/23/2026 21:32:10,1.17.3,FR5,2,3.98,1,5,Pellet,Left,820,186,164,0,0.35,33,nan
7/23/2026 21:40:26,1.17.3,FR5,2,3.98,nan,5,Left,Left,821,186,164,0,nan,nan,0.24
7/23/2026 21:48:51,1.17.3,FR5,2,3.98,nan,5,Left,Left,822,186,164,0,nan,nan,0.10
7/23/2026 21:49:02,1.17.3,FR5,2,3.98,nan,5,Left,Left,823,186,164,0,nan,nan,1.50
7/23/2026 21:49:04,1.17.3,FR5,2,3.98,nan,5,Left,Left,824,186,164,0,nan,nan,0.41
7/23/2026 21:49:13,1.17.3,FR5,2,3.98,nan,5,Left,Left,825,186,164,0,nan,nan,0.59
7/23/2026 21:49:16,1.17.3,FR5,2,3.98,2,5,Pellet,Left,825,186,165,0,0.23,1026,nan
7/23/2026 21:49:30,1.17.3,FR5,2,3.98,nan,5,Left,Left,826,186,165,0,nan,nan,0.05
7/23/2026 21:49:35,1.17.3,FR5,2,3.98,nan,5,Left,Left,827,186,165,0,nan,nan,0.05
7/23/2026 21:49:36,1.17.3,FR5,2,3.98,nan,5,Left,Left,828,186,165,0,nan,nan,0.05
7/23/2026 21:49:47,1.17.3,FR5,2,3.98,nan,5,Left,Left,829,186,165,0,nan,nan,0.27
7/23/2026 21:49:48,1.17.3,FR5,2,3.98,nan,5,Left,Left,830,186,165,0,nan,nan,0.26
7/23/2026 21:49:49,1.17.3,FR5,2,3.98,1,5,Pellet,Left,830,186,166,0,0.41,33,nan
7/23/2026 21:50:11,1.17.3,FR5,2,3.98,nan,5,Left,Left,831,186,166,0,nan,nan,0.03
7/23/2026 21:50:16,1.17.3,FR5,2,3.98,nan,5,Left,Left,832,186,166,0,nan,nan,0.39
7/23/2026 21:50:18,1.17.3,FR5,2,3.98,nan,5,Left,Left,833,186,166,0,nan,nan,0.31
7/23/2026 21:50:18,1.17.3,FR5,2,3.98,nan,5,Left,Left,834,186,166,0,nan,nan,0.02
7/23/2026 21:50:19,1.17.3,FR5,2,3.98,nan,5,Left,Left,835,186,166,0,nan,nan,0.00
7/23/2026 21:50:20,1.17.3,FR5,2,3.98,1,5,Pellet,Left,835,186,167,0,0.17,31,nan
7/23/2026 21:50:55,1.17.3,FR5,2,3.98,nan,5,Left,Left,836,186,167,0,nan,nan,0.02
7/23/2026 21:50:58,1.17.3,FR5,2,3.98,nan,5,Left,Left,837,186,167,0,nan,nan,0.35
7/23/2026 21:50:59,1.17.3,FR5,2,3.98,nan,5,Left,Left,838,186,167,0,nan,nan,0.63
7/23/2026 21:51:07,1.17.3,FR5,2,3.98,nan,5,Left,Left,839,186,167,0,nan,nan,0.19
7/23/2026 21:51:09,1.17.3,FR5,2,3.98,nan,5,Left,Left,840,186,167,0,nan,nan,0.44
7/23/2026 21:51:10,1.17.3,FR5,2,3.98,1,5,Pellet,Left,840,186,168,0,0.23,50,nan
7/23/2026 21:51:29,1.17.3,FR5,2,3.98,nan,5,Right,Left,840,187,168,0,nan,nan,0.52
7/23/2026 22:07:22,1.17.3,FR5,2,3.98,nan,5,Left,Left,841,187,168,0,nan,nan,0.54
7/23/2026 22:07:24,1.17.3,FR5,2,3.98,nan,5,Left,Left,842,187,168,0,nan,nan,1.03
7/23/2026 22:07:29,1.17.3,FR5,2,3.98,nan,5,Left,Left,843,187,168,0,nan,nan,0.74
7/23/2026 22:07:30,1.17.3,FR5,2,3.98,nan,5,Left,Left,844,187,168,0,nan,nan,0.53
7/23/2026 22:07:32,1.17.3,FR5,2,3.98,nan,5,Left,Left,845,187,168,0,nan,nan,0.00
7/23/2026 22:07:32,1.17.3,FR5,2,3.98,nan,5,LeftDuringDispense,Left,846,187,168,0,nan,nan,0.03
7/23/2026 22:07:38,1.17.3,FR5,2,3.98,4,5,Pellet,Left,846,187,169,0,0.06,988,nan
7/23/2026 22:07:58,1.17.3,FR5,2,3.98,nan,5,Left,Left,847,187,169,0,nan,nan,1.00
7/23/2026 22:08:00,1.17.3,FR5,2,3.98,nan,5,Left,Left,848,187,169,0,nan,nan,0.43
7/23/2026 22:08:02,1.17.3,FR5,2,3.98,nan,5,Left,Left,849,187,169,0,nan,nan,0.08
7/23/2026 22:08:05,1.17.3,FR5,2,3.98,nan,5,Left,Left,850,187,169,0,nan,nan,0.36
7/23/2026 22:08:06,1.17.3,FR5,2,3.98,1,5,Pellet,Left,850,187,170,0,0.23,28,nan
7/23/2026 22:08:25,1.17.3,FR5,2,3.98,nan,5,Left,Left,851,187,170,0,nan,nan,0.06
7/23/2026 22:08:28,1.17.3,FR5,2,3.98,nan,5,Left,Left,852,187,170,0,nan,nan,1.28
7/23/2026 22:08:30,1.17.3,FR5,2,3.98,nan,5,Left,Left,853,187,170,0,nan,nan,0.31
7/23/2026 22:08:38,1.17.3,FR5,2,3.98,nan,5,Left,Left,854,187,170,0,nan,nan,0.58
7/23/2026 22:08:40,1.17.3,FR5,2,3.98,nan,5,Left,Left,855,187,170,0,nan,nan,0.94
7/23/2026 22:08:41,1.17.3,FR5,2,3.98,1,5,Pellet,Left,855,187,171,0,0.23,35,nan
7/23/2026 22:08:55,1.17.3,FR5,2,3.98,nan,5,Left,Left,856,187,171,0,nan,nan,0.05
7/23/2026 22:09:49,1.17.3,FR5,2,3.98,nan,5,Left,Left,857,187,171,0,nan,nan,0.00
7/23/2026 22:09:51,1.17.3,FR5,2,3.98,nan,5,Left,Left,858,187,171,0,nan,nan,0.47
7/23/2026 22:09:58,1.17.3,FR5,2,3.98,nan,5,Left,Left,859,187,171,0,nan,nan,0.29
7/23/2026 22:09:59,1.17.3,FR5,2,3.98,nan,5,Left,Left,860,187,171,0,nan,nan,0.10
7/23/2026 22:10:00,1.17.3,FR5,2,3.98,1,5,Pellet,Left,860,187,172,0,0.12,79,nan
7/23/2026 22:33:19,1.17.3,FR5,2,3.98,nan,5,Left,Left,861,187,172,0,nan,nan,0.79
7/23/2026 22:33:23,1.17.3,FR5,2,3.98,nan,5,Left,Left,862,187,172,0,nan,nan,1.84
7/23/2026 22:33:35,1.17.3,FR5,2,3.98,nan,5,Left,Left,863,187,172,0,nan,nan,0.89
7/23/2026 22:33:39,1.17.3,FR5,2,3.98,nan,5,Left,Left,864,187,172,0,nan,nan,1.54
7/23/2026 22:33:40,1.17.3,FR5,2,3.98,nan,5,Left,Left,865,187,172,0,nan,nan,0.01
7/23/2026 22:33:41,1.17.3,FR5,2,3.98,nan,5,LeftDuringDispense,Left,866,187,172,0,nan,nan,0.06
7/23/2026 22:33:48,1.17.3,FR5,2,3.98,5,5,Pellet,Left,866,187,173,0,0.06,1428,nan
7/23/2026 22:33:54,1.17.3,FR5,2,3.98,nan,5,Left,Left,867,187,173,0,nan,nan,0.07
7/23/2026 22:33:57,1.17.3,FR5,2,3.98,nan,5,Left,Left,868,187,173,0,nan,nan,0.07
7/23/2026 22:33:59,1.17.3,FR5,2,3.98,nan,5,Left,Left,869,187,173,0,nan,nan,0.23
7/23/2026 22:34:02,1.17.3,FR5,2,3.98,nan,5,Left,Left,870,187,173,0,nan,nan,0.09
7/23/2026 22:34:02,1.17.3,FR5,2,3.98,nan,5,LeftDuringDispense,Left,871,187,173,0,nan,nan,0.01
7/23/2026 22:34:06,1.17.3,FR5,2,3.98,3,5,Pellet,Left,871,187,174,0,0.35,18,nan
7/23/2026 22:34:28,1.17.3,FR5,2,3.98,nan,5,Left,Left,872,187,174,0,nan,nan,0.53
7/23/2026 22:34:31,1.17.3,FR5,2,3.98,nan,5,Left,Left,873,187,174,0,nan,nan,0.54
7/23/2026 22:34:34,1.17.3,FR5,2,3.98,nan,5,Left,Left,874,187,174,0,nan,nan,1.03
7/23/2026 22:34:36,1.17.3,FR5,2,3.98,nan,5,Left,Left,875,187,174,0,nan,nan,0.47
7/23/2026 22:34:37,1.17.3,FR5,2,3.98,nan,5,LeftDuringDispense,Left,876,187,174,0,nan,nan,0.13
7/23/2026 22:34:40,1.17.3,FR5,2,3.98,3,5,Pellet,Left,876,187,175,0,0.06,34,nan
7/23/2026 22:35:07,1.17.3,FR5,2,3.98,nan,5,Left,Left,877,187,175,0,nan,nan,0.08
7/23/2026 22:35:09,1.17.3,FR5,2,3.98,nan,5,Left,Left,878,187,175,0,nan,nan,0.03
7/23/2026 22:35:12,1.17.3,FR5,2,3.98,nan,5,Left,Left,879,187,175,0,nan,nan,0.42
7/23/2026 22:35:13,1.17.3,FR5,2,3.98,nan,5,Left,Left,880,187,175,0,nan,nan,0.32
7/23/2026 22:35:14,1.17.3,FR5,2,3.98,2,5,Pellet,Left,880,187,176,0,0.29,34,nan
7/23/2026 22:35:35,1.17.3,FR5,2,3.98,nan,5,Left,Left,881,187,176,0,nan,nan,0.07
7/23/2026 22:35:35,1.17.3,FR5,2,3.98,nan,5,Left,Left,882,187,176,0,nan,nan,0.00
7/23/2026 22:35:39,1.17.3,FR5,2,3.98,nan,5,Left,Left,883,187,176,0,nan,nan,0.85
7/23/2026 22:35:44,1.17.3,FR5,2,3.98,nan,5,Left,Left,884,187,176,0,nan,nan,0.86
7/23/2026 22:35:53,1.17.3,FR5,2,3.98,nan,5,Left,Left,885,187,176,0,nan,nan,0.44
7/23/2026 22:35:54,1.17.3,FR5,2,3.98,1,5,Pellet,Left,885,187,177,0,0.23,40,nan
7/23/2026 22:36:08,1.17.3,FR5,2,3.98,nan,5,Left,Left,886,187,177,0,nan,nan,0.19
7/23/2026 22:36:19,1.17.3,FR5,2,3.98,nan,5,Left,Left,887,187,177,0,nan,nan,0.09
7/23/2026 22:36:20,1.17.3,FR5,2,3.98,nan,5,Left,Left,888,187,177,0,nan,nan,0.00
7/23/2026 22:36:21,1.17.3,FR5,2,3.98,nan,5,Left,Left,889,187,177,0,nan,nan,0.10
7/23/2026 22:36:35,1.17.3,FR5,2,3.98,nan,5,Left,Left,890,187,177,0,nan,nan,0.06
7/23/2026 22:36:36,1.17.3,FR5,2,3.98,nan,5,LeftDuringDispense,Left,891,187,177,0,nan,nan,0.04
7/23/2026 22:36:39,1.17.3,FR5,2,3.98,2,5,Pellet,Left,891,187,178,0,0.17,45,nan
7/23/2026 22:37:10,1.17.3,FR5,2,3.98,nan,5,Left,Left,892,187,178,0,nan,nan,0.17
7/23/2026 22:37:23,1.17.3,FR5,2,3.98,nan,5,Left,Left,893,187,178,0,nan,nan,0.02
7/23/2026 22:37:29,1.17.3,FR5,2,3.98,nan,5,Left,Left,894,187,178,0,nan,nan,0.13
7/23/2026 22:37:32,1.17.3,FR5,2,3.98,nan,5,Left,Left,895,187,178,0,nan,nan,0.72
7/23/2026 22:37:42,1.17.3,FR5,2,3.98,4,5,Pellet,Left,895,187,179,0,4.73,63,nan
7/23/2026 22:44:36,1.17.3,FR5,2,3.98,nan,5,Right,Left,895,188,179,0,nan,nan,0.40
7/23/2026 22:57:21,1.17.3,FR5,2,3.98,nan,5,Left,Left,896,188,179,0,nan,nan,0.06
7/23/2026 22:59:57,1.17.3,FR5,2,3.98,nan,5,Left,Left,897,188,179,0,nan,nan,0.12
7/23/2026 23:02:35,1.17.3,FR5,2,3.98,nan,5,Right,Left,897,189,179,0,nan,nan,0.42
7/23/2026 23:04:01,1.17.3,FR5,2,3.98,nan,5,Right,Left,897,190,179,0,nan,nan,0.03
7/23/2026 23:04:07,1.17.3,FR5,2,3.98,nan,5,Right,Left,897,191,179,0,nan,nan,0.65
7/23/2026 23:04:08,1.17.3,FR5,2,3.98,nan,5,Right,Left,897,192,179,0,nan,nan,0.80
7/23/2026 23:05:33,1.17.3,FR5,2,3.98,nan,5,Left,Left,898,192,179,0,nan,nan,0.69
7/23/2026 23:09:52,1.17.3,FR5,2,3.98,nan,5,Left,Left,899,192,179,0,nan,nan,0.32
7/23/2026 23:09:58,1.17.3,FR5,2,3.98,nan,5,Left,Left,900,192,179,0,nan,nan,0.40
7/23/2026 23:10:02,1.17.3,FR5,2,3.98,3,5,Pellet,Left,900,192,180,0,0.77,1940,nan
7/23/2026 23:10:34,1.17.3,FR5,2,3.98,nan,5,Left,Left,901,192,180,0,nan,nan,0.01
7/23/2026 23:10:44,1.17.3,FR5,2,3.98,nan,5,Left,Left,902,192,180,0,nan,nan,0.43
7/23/2026 23:10:47,1.17.3,FR5,2,3.98,nan,5,Left,Left,903,192,180,0,nan,nan,0.71
7/23/2026 23:10:51,1.17.3,FR5,2,3.98,nan,5,Left,Left,904,192,180,0,nan,nan,0.20
7/23/2026 23:10:57,1.17.3,FR5,2,3.98,nan,5,Left,Left,905,192,180,0,nan,nan,0.79
7/23/2026 23:10:59,1.17.3,FR5,2,3.98,2,5,Pellet,Left,905,192,181,0,0.29,57,nan
7/23/2026 23:11:09,1.17.3,FR5,2,3.98,nan,5,Right,Left,905,193,181,0,nan,nan,0.50
7/23/2026 23:11:11,1.17.3,FR5,2,3.97,nan,5,Right,Left,905,194,181,0,nan,nan,1.21
7/23/2026 23:11:26,1.17.3,FR5,2,3.98,nan,5,Right,Left,905,195,181,0,nan,nan,0.44
7/23/2026 23:11:28,1.17.3,FR5,2,3.98,nan,5,Right,Left,905,196,181,0,nan,nan,0.37
7/23/2026 23:11:28,1.17.3,FR5,2,3.98,nan,5,Right,Left,905,197,181,0,nan,nan,0.00
7/23/2026 23:11:30,1.17.3,FR5,2,3.98,nan,5,Right,Left,905,198,181,0,nan,nan,0.66
7/23/2026 23:11:31,1.17.3,FR5,2,3.98,nan,5,Right,Left,905,199,181,0,nan,nan,0.01
7/23/2026 23:11:32,1.17.3,FR5,2,3.98,nan,5,Right,Left,905,200,181,0,nan,nan,0.00
7/23/2026 23:11:33,1.17.3,FR5,2,3.98,nan,5,Right,Left,905,201,181,0,nan,nan,0.55
7/23/2026 23:11:34,1.17.3,FR5,2,3.98,nan,5,Right,Left,905,202,181,0,nan,nan,0.02
7/23/2026 23:11:36,1.17.3,FR5,2,3.98,nan,5,Right,Left,905,203,181,0,nan,nan,0.59
7/23/2026 23:11:36,1.17.3,FR5,2,3.98,nan,5,Right,Left,905,204,181,0,nan,nan,0.01
7/23/2026 23:16:00,1.17.3,FR5,2,3.98,nan,5,Left,Left,906,204,181,0,nan,nan,0.13
7/23/2026 23:16:08,1.17.3,FR5,2,3.98,nan,5,Left,Left,907,204,181,0,nan,nan,0.04
7/23/2026 23:16:14,1.17.3,FR5,2,3.98,nan,5,Left,Left,908,204,181,0,nan,nan,0.15
7/23/2026 23:16:41,1.17.3,FR5,2,3.98,nan,5,Left,Left,909,204,181,0,nan,nan,0.04
7/23/2026 23:16:41,1.17.3,FR5,2,3.98,nan,5,Left,Left,910,204,181,0,nan,nan,0.00
7/23/2026 23:16:44,1.17.3,FR5,2,3.98,3,5,Pellet,Left,910,204,182,0,0.06,345,nan
7/23/2026 23:17:13,1.17.3,FR5,2,3.98,nan,5,Right,Left,910,205,182,0,nan,nan,0.13
7/23/2026 23:18:06,1.17.3,FR5,2,3.98,nan,5,Right,Left,910,206,182,0,nan,nan,0.03
7/23/2026 23:21:30,1.17.3,FR5,2,3.98,nan,5,Right,Left,910,207,182,0,nan,nan,0.02
7/23/2026 23:21:33,1.17.3,FR5,2,3.98,nan,5,Right,Left,910,208,182,0,nan,nan,0.41
7/23/2026 23:21:40,1.17.3,FR5,2,3.98,nan,5,Right,Left,910,209,182,0,nan,nan,0.63
7/23/2026 23:21:41,1.17.3,FR5,2,3.98,nan,5,Right,Left,910,210,182,0,nan,nan,0.09
7/23/2026 23:21:43,1.17.3,FR5,2,3.98,nan,5,Right,Left,910,211,182,0,nan,nan,0.48
7/23/2026 23:22:46,1.17.3,FR5,2,3.98,nan,5,Left,Left,911,211,182,0,nan,nan,0.62
7/23/2026 23:22:59,1.17.3,FR5,2,3.98,nan,5,Left,Left,912,211,182,0,nan,nan,0.01
7/23/2026 23:22:59,1.17.3,FR5,2,3.98,nan,5,Left,Left,913,211,182,0,nan,nan,0.00
7/23/2026 23:24:01,1.17.3,FR5,2,3.98,nan,5,Left,Left,914,211,182,0,nan,nan,0.49
7/23/2026 23:38:17,1.17.3,FR5,2,3.98,nan,5,Right,Left,914,212,182,0,nan,nan,0.28
7/23/2026 23:44:35,1.17.3,FR5,2,3.98,nan,5,Right,Left,914,213,182,0,nan,nan,0.20
7/23/2026 23:46:14,1.17.3,FR5,2,3.98,nan,5,Left,Left,915,213,182,0,nan,nan,0.34
7/23/2026 23:46:16,1.17.3,FR5,2,3.98,1,5,Pellet,Left,915,213,183,0,1.79,1772,nan
7/23/2026 23:46:27,1.17.3,FR5,2,3.98,nan,5,Right,Left,915,214,183,0,nan,nan,0.13
7/23/2026 23:46:40,1.17.3,FR5,2,3.98,nan,5,Right,Left,915,215,183,0,nan,nan,0.38
7/23/2026 23:47:05,1.17.3,FR5,2,3.98,nan,5,Left,Left,916,215,183,0,nan,nan,0.13
7/23/2026 23:47:12,1.17.3,FR5,2,3.97,nan,5,Right,Left,916,216,183,0,nan,nan,0.35
7/23/2026 23:48:02,1.17.3,FR5,2,3.97,nan,5,Left,Left,917,216,183,0,nan,nan,1.25
7/23/2026 23:48:05,1.17.3,FR5,2,3.98,nan,5,Left,Left,918,216,183,0,nan,nan,0.48
7/23/2026 23:48:07,1.17.3,FR5,2,3.98,nan,5,Left,Left,919,216,183,0,nan,nan,0.29
7/23/2026 23:50:50,1.17.3,FR5,2,3.98,nan,5,Left,Left,920,216,183,0,nan,nan,0.02
7/23/2026 23:50:53,1.17.3,FR5,2,3.98,3,5,Pellet,Left,920,216,184,0,0.06,277,nan
7/23/2026 23:52:54,1.17.3,FR5,2,3.98,nan,5,Left,Left,921,216,184,0,nan,nan,0.31
7/23/2026 23:52:56,1.17.3,FR5,2,3.98,nan,5,Left,Left,922,216,184,0,nan,nan,0.18
7/23/2026 23:52:59,1.17.3,FR5,2,3.98,nan,5,Left,Left,923,216,184,0,nan,nan,0.15
7/23/2026 23:53:01,1.17.3,FR5,2,3.98,nan,5,Left,Left,924,216,184,0,nan,nan,0.19
7/23/2026 23:55:31,1.17.3,FR5,2,3.98,nan,5,Left,Left,925,216,184,0,nan,nan,0.38
7/23/2026 23:55:31,1.17.3,FR5,2,3.97,nan,5,LeftDuringDispense,Left,926,216,184,0,nan,nan,0.02
7/23/2026 23:55:34,1.17.3,FR5,2,3.98,2,5,Pellet,Left,926,216,185,0,0.35,281,nan
7/23/2026 23:55:50,1.17.3,FR5,2,3.98,nan,5,Left,Left,927,216,185,0,nan,nan,0.18
7/23/2026 23:55:56,1.17.3,FR5,2,3.98,nan,5,Left,Left,928,216,185,0,nan,nan,0.76
7/23/2026 23:55:59,1.17.3,FR5,2,3.97,nan,5,Left,Left,929,216,185,0,nan,nan,0.28
7/23/2026 23:56:00,1.17.3,FR5,2,3.98,nan,5,Left,Left,930,216,185,0,nan,nan,0.37
7/23/2026 23:56:01,1.17.3,FR5,2,3.97,2,5,Pellet,Left,930,216,186,0,0.17,27,nan
7/24/2026 0:07:14,1.17.3,FR5,2,3.98,nan,5,Left,Left,931,216,186,0,nan,nan,0.01
7/24/2026 0:13:33,1.17.3,FR5,2,3.97,nan,5,Left,Left,932,216,186,0,nan,nan,0.88
7/24/2026 0:17:23,1.17.3,FR5,2,3.97,nan,5,Left,Left,933,216,186,0,nan,nan,0.05
7/24/2026 0:18:34,1.17.3,FR5,2,3.98,nan,5,Right,Left,933,217,186,0,nan,nan,0.20
7/24/2026 0:18:47,1.17.3,FR5,2,3.98,nan,5,Right,Left,933,218,186,0,nan,nan,0.00
7/24/2026 0:18:48,1.17.3,FR5,2,3.98,nan,5,Right,Left,933,219,186,0,nan,nan,0.02
7/24/2026 0:24:13,1.17.3,FR5,2,3.97,nan,5,Right,Left,933,220,186,0,nan,nan,0.58
7/24/2026 0:24:23,1.17.3,FR5,2,3.97,nan,5,Right,Left,933,221,186,0,nan,nan,0.54
7/24/2026 0:24:40,1.17.3,FR5,2,3.97,nan,5,Right,Left,933,222,186,0,nan,nan,0.60
7/24/2026 0:35:05,1.17.3,FR5,2,3.98,nan,5,Left,Left,934,222,186,0,nan,nan,0.00
7/24/2026 0:35:10,1.17.3,FR5,2,3.97,nan,5,Left,Left,935,222,186,0,nan,nan,0.25
7/24/2026 0:35:15,1.17.3,FR5,2,3.97,1,5,Pellet,Left,935,222,187,0,4.49,2354,nan
7/24/2026 0:36:05,1.17.3,FR5,2,3.98,nan,5,Left,Left,936,222,187,0,nan,nan,0.23
7/24/2026 0:36:07,1.17.3,FR5,2,3.98,nan,5,Left,Left,937,222,187,0,nan,nan,0.26
7/24/2026 0:36:19,1.17.3,FR5,2,3.98,nan,5,Left,Left,938,222,187,0,nan,nan,0.05
7/24/2026 0:36:27,1.17.3,FR5,2,3.98,nan,5,Left,Left,939,222,187,0,nan,nan,0.11
7/24/2026 0:49:09,1.17.3,FR5,2,3.97,nan,5,Left,Left,940,222,187,0,nan,nan,0.33
7/24/2026 0:49:12,1.17.3,FR5,2,3.98,2,5,Pellet,Left,940,222,188,0,0.35,837,nan
7/24/2026 0:49:37,1.17.3,FR5,2,3.98,nan,5,Left,Left,941,222,188,0,nan,nan,0.02
7/24/2026 1:04:21,1.17.3,FR5,2,3.97,nan,5,Left,Left,942,222,188,0,nan,nan,0.19
7/24/2026 1:10:59,1.17.3,FR5,2,3.98,nan,5,Left,Left,943,222,188,0,nan,nan,0.29
7/24/2026 1:11:02,1.17.3,FR5,2,3.97,nan,5,Left,Left,944,222,188,0,nan,nan,0.84
7/24/2026 1:11:03,1.17.3,FR5,2,3.98,nan,5,Left,Left,945,222,188,0,nan,nan,0.00
7/24/2026 1:11:09,1.17.3,FR5,2,3.97,4,5,Pellet,Left,945,222,189,0,0.23,1317,nan
7/24/2026 1:11:17,1.17.3,FR5,2,3.97,nan,5,Left,Left,946,222,189,0,nan,nan,0.20
7/24/2026 1:11:24,1.17.3,FR5,2,3.98,nan,5,Left,Left,947,222,189,0,nan,nan,0.26
7/24/2026 1:11:25,1.17.3,FR5,2,3.97,nan,5,Left,Left,948,222,189,0,nan,nan,0.04
7/24/2026 1:11:27,1.17.3,FR5,2,3.98,nan,5,Left,Left,949,222,189,0,nan,nan,0.01
7/24/2026 1:11:30,1.17.3,FR5,2,3.97,nan,5,Left,Left,950,222,189,0,nan,nan,0.32
7/24/2026 1:11:32,1.17.3,FR5,2,3.97,2,5,Pellet,Left,950,222,190,0,0.06,23,nan
7/24/2026 1:11:44,1.17.3,FR5,2,3.98,nan,5,Left,Left,951,222,190,0,nan,nan,0.22
7/24/2026 1:11:46,1.17.3,FR5,2,3.98,nan,5,Left,Left,952,222,190,0,nan,nan,0.15
7/24/2026 1:11:49,1.17.3,FR5,2,3.98,nan,5,Left,Left,953,222,190,0,nan,nan,0.03
7/24/2026 1:11:52,1.17.3,FR5,2,3.98,nan,5,Left,Left,954,222,190,0,nan,nan,0.16
7/24/2026 1:11:54,1.17.3,FR5,2,3.98,nan,5,Left,Left,955,222,190,0,nan,nan,0.04
7/24/2026 1:11:56,1.17.3,FR5,2,3.98,2,5,Pellet,Left,955,222,191,0,0.06,24,nan
7/24/2026 1:12:30,1.17.3,FR5,2,3.97,nan,5,Right,Left,955,223,191,0,nan,nan,0.04
7/24/2026 1:12:55,1.17.3,FR5,2,3.98,nan,5,Right,Left,955,224,191,0,nan,nan,0.35
7/24/2026 1:13:01,1.17.3,FR5,2,3.97,nan,5,Left,Left,956,224,191,0,nan,nan,0.04
7/24/2026 1:13:02,1.17.3,FR5,2,3.97,nan,5,Left,Left,957,224,191,0,nan,nan,0.33
7/24/2026 1:13:06,1.17.3,FR5,2,3.98,nan,5,Left,Left,958,224,191,0,nan,nan,0.14
7/24/2026 1:13:09,1.17.3,FR5,2,3.97,nan,5,Left,Left,959,224,191,0,nan,nan,0.26
7/24/2026 1:13:11,1.17.3,FR5,2,3.97,nan,5,Left,Left,960,224,191,0,nan,nan,0.12
7/24/2026 1:13:12,1.17.3,FR5,2,3.97,2,5,Pellet,Left,960,224,192,0,0.12,76,nan
7/24/2026 1:13:25,1.17.3,FR5,2,3.98,nan,5,Left,Left,961,224,192,0,nan,nan,0.00
7/24/2026 1:13:27,1.17.3,FR5,2,3.97,nan,5,Left,Left,962,224,192,0,nan,nan,0.04
7/24/2026 1:14:47,1.17.3,FR5,2,3.97,nan,5,Left,Left,963,224,192,0,nan,nan,0.68
7/24/2026 1:17:09,1.17.3,FR5,2,3.97,nan,5,Right,Left,963,225,192,0,nan,nan,0.35
7/24/2026 1:17:14,1.17.3,FR5,2,3.97,nan,5,Right,Left,963,226,192,0,nan,nan,0.00
7/24/2026 1:22:45,1.17.3,FR5,2,3.97,nan,5,Left,Left,964,226,192,0,nan,nan,0.12
7/24/2026 1:32:43,1.17.3,FR5,2,3.97,nan,5,Left,Left,965,226,192,0,nan,nan,0.10
7/24/2026 1:32:46,1.17.3,FR5,2,3.98,2,5,Pellet,Left,965,226,193,0,0.41,1174,nan
7/24/2026 1:32:55,1.17.3,FR5,2,3.98,nan,5,Left,Left,966,226,193,0,nan,nan,0.03
7/24/2026 1:32:56,1.17.3,FR5,2,3.97,nan,5,Left,Left,967,226,193,0,nan,nan,0.51
7/24/2026 1:33:00,1.17.3,FR5,2,3.97,nan,5,Left,Left,968,226,193,0,nan,nan,0.02
7/24/2026 1:33:08,1.17.3,FR5,2,3.97,nan,5,Left,Left,969,226,193,0,nan,nan,0.04
7/24/2026 1:33:08,1.17.3,FR5,2,3.97,nan,5,Left,Left,970,226,193,0,nan,nan,0.09
7/24/2026 1:33:14,1.17.3,FR5,2,3.97,4,5,Pellet,Left,970,226,194,0,0.12,28,nan
7/24/2026 1:33:48,1.17.3,FR5,2,3.97,nan,5,Right,Left,970,227,194,0,nan,nan,0.64
7/24/2026 1:33:55,1.17.3,FR5,2,3.98,nan,5,Right,Left,970,228,194,0,nan,nan,0.14
7/24/2026 1:35:01,1.17.3,FR5,2,3.98,nan,5,Left,Left,971,228,194,0,nan,nan,0.30
7/24/2026 1:36:31,1.17.3,FR5,2,3.97,nan,5,Left,Left,972,228,194,0,nan,nan,0.00
7/24/2026 2:01:51,1.17.3,FR5,2,3.97,nan,5,Left,Left,973,228,194,0,nan,nan,0.09
7/24/2026 3:00:37,1.17.3,FR5,2,3.97,nan,5,Left,Left,974,228,194,0,nan,nan,0.61
7/24/2026 3:00:42,1.17.3,FR5,2,3.97,nan,5,Left,Left,975,228,194,0,nan,nan,0.53
7/24/2026 3:00:45,1.17.3,FR5,2,3.96,2,5,Pellet,Left,975,228,195,0,2.57,5251,nan
7/24/2026 3:01:13,1.17.3,FR5,2,3.97,nan,5,Left,Left,976,228,195,0,nan,nan,0.34
7/24/2026 3:01:30,1.17.3,FR5,2,3.97,nan,5,Left,Left,977,228,195,0,nan,nan,0.09
7/24/2026 3:01:32,1.17.3,FR5,2,3.97,nan,5,Left,Left,978,228,195,0,nan,nan,0.49
7/24/2026 3:01:34,1.17.3,FR5,2,3.96,nan,5,Left,Left,979,228,195,0,nan,nan,0.07
7/24/2026 3:01:36,1.17.3,FR5,2,3.97,nan,5,Left,Left,980,228,195,0,nan,nan,0.20
7/24/2026 3:01:39,1.17.3,FR5,2,3.96,3,5,Pellet,Left,980,228,196,0,0.06,54,nan
7/24/2026 3:01:49,1.17.3,FR5,2,3.97,nan,5,Left,Left,981,228,196,0,nan,nan,0.22
7/24/2026 3:01:51,1.17.3,FR5,2,3.97,nan,5,Left,Left,982,228,196,0,nan,nan,0.17
7/24/2026 3:01:52,1.17.3,FR5,2,3.97,nan,5,Left,Left,983,228,196,0,nan,nan,0.15
7/24/2026 3:01:54,1.17.3,FR5,2,3.97,nan,5,Left,Left,984,228,196,0,nan,nan,0.49
7/24/2026 3:01:56,1.17.3,FR5,2,3.97,nan,5,Left,Left,985,228,196,0,nan,nan,0.22
7/24/2026 3:01:57,1.17.3,FR5,2,3.97,1,5,Pellet,Left,985,228,197,0,0.41,18,nan
7/24/2026 3:03:09,1.17.3,FR5,2,3.97,nan,5,Left,Left,986,228,197,0,nan,nan,0.05
7/24/2026 3:03:11,1.17.3,FR5,2,3.97,nan,5,Left,Left,987,228,197,0,nan,nan,0.29
7/24/2026 3:03:15,1.17.3,FR5,2,3.97,nan,5,Left,Left,988,228,197,0,nan,nan,0.86
7/24/2026 3:03:16,1.17.3,FR5,2,3.97,nan,5,Left,Left,989,228,197,0,nan,nan,0.02
7/24/2026 3:03:17,1.17.3,FR5,2,3.97,nan,5,Left,Left,990,228,197,0,nan,nan,0.04
7/24/2026 3:03:20,1.17.3,FR5,2,3.97,3,5,Pellet,Left,990,228,198,0,0.06,83,nan
7/24/2026 3:04:10,1.17.3,FR5,2,3.97,nan,5,Left,Left,991,228,198,0,nan,nan,0.15
7/24/2026 3:04:13,1.17.3,FR5,2,3.97,nan,5,Left,Left,992,228,198,0,nan,nan,0.35
7/24/2026 3:04:15,1.17.3,FR5,2,3.97,nan,5,Left,Left,993,228,198,0,nan,nan,0.31
7/24/2026 3:04:15,1.17.3,FR5,2,3.97,nan,5,Left,Left,994,228,198,0,nan,nan,0.00
7/24/2026 3:06:34,1.17.3,FR5,2,3.97,nan,5,Left,Left,995,228,198,0,nan,nan,0.35
7/24/2026 3:06:34,1.17.3,FR5,2,3.97,nan,5,LeftDuringDispense,Left,996,228,198,0,nan,nan,0.14
7/24/2026 3:06:37,1.17.3,FR5,2,3.96,2,5,Pellet,Left,996,228,199,0,0.23,197,nan
7/24/2026 3:06:54,1.17.3,FR5,2,3.97,nan,5,Left,Left,997,228,199,0,nan,nan,0.23
7/24/2026 3:06:55,1.17.3,FR5,2,3.97,nan,5,Left,Left,998,228,199,0,nan,nan,0.31
7/24/2026 3:06:59,1.17.3,FR5,2,3.97,nan,5,Left,Left,999,228,199,0,nan,nan,0.22
7/24/2026 3:07:01,1.17.3,FR5,2,3.97,nan,5,Left,Left,1000,228,199,0,nan,nan,0.28
7/24/2026 3:07:02,1.17.3,FR5,2,3.97,1,5,Pellet,Left,1000,228,200,0,0.11,25,nan
7/24/2026 3:07:27,1.17.3,FR5,2,3.96,nan,5,Right,Left,1000,229,200,0,nan,nan,0.44
7/24/2026 3:07:31,1.17.3,FR5,2,3.97,nan,5,Right,Left,1000,230,200,0,nan,nan,1.11
7/24/2026 3:07:39,1.17.3,FR5,2,3.97,nan,5,Right,Left,1000,231,200,0,nan,nan,0.19
7/24/2026 3:07:40,1.17.3,FR5,2,3.97,nan,5,Right,Left,1000,232,200,0,nan,nan,0.00
7/24/2026 3:14:06,1.17.3,FR5,2,3.97,nan,5,Left,Left,1001,232,200,0,nan,nan,0.21
7/24/2026 3:14:09,1.17.3,FR5,2,3.96,nan,5,Left,Left,1002,232,200,0,nan,nan,1.12
7/24/2026 3:14:12,1.17.3,FR5,2,3.97,nan,5,Left,Left,1003,232,200,0,nan,nan,0.30
7/24/2026 3:14:14,1.17.3,FR5,2,3.97,nan,5,Left,Left,1004,232,200,0,nan,nan,0.44
7/24/2026 3:14:16,1.17.3,FR5,2,3.97,nan,5,Left,Left,1005,232,200,0,nan,nan,0.43
7/24/2026 3:14:18,1.17.3,FR5,2,3.97,1,5,Pellet,Left,1005,232,201,0,0.35,436,nan
7/24/2026 3:14:39,1.17.3,FR5,2,3.96,nan,5,Left,Left,1006,232,201,0,nan,nan,0.02
7/24/2026 3:18:57,1.17.3,FR5,2,3.96,nan,5,Left,Left,1007,232,201,0,nan,nan,0.00
7/24/2026 3:43:21,1.17.3,FR5,2,3.96,nan,5,Left,Left,1008,232,201,0,nan,nan,0.35
7/24/2026 3:43:23,1.17.3,FR5,2,3.97,nan,5,Left,Left,1009,232,201,0,nan,nan,0.56
7/24/2026 3:43:45,1.17.3,FR5,2,3.97,nan,5,Left,Left,1010,232,201,0,nan,nan,0.58
7/24/2026 3:43:48,1.17.3,FR5,2,3.97,2,5,Pellet,Left,1010,232,202,0,0.53,1770,nan
7/24/2026 3:44:01,1.17.3,FR5,2,3.97,nan,5,Left,Left,1011,232,202,0,nan,nan,0.55
7/24/2026 3:44:05,1.17.3,FR5,2,3.97,nan,5,Left,Left,1012,232,202,0,nan,nan,0.93
7/24/2026 3:44:09,1.17.3,FR5,2,3.97,nan,5,Left,Left,1013,232,202,0,nan,nan,0.28
7/24/2026 3:44:12,1.17.3,FR5,2,3.97,nan,5,Left,Left,1014,232,202,0,nan,nan,0.12
7/24/2026 3:44:13,1.17.3,FR5,2,3.96,nan,5,Left,Left,1015,232,202,0,nan,nan,0.00
7/24/2026 3:44:15,1.17.3,FR5,2,3.96,1,5,Pellet,Left,1015,232,203,0,0.95,27,nan
7/24/2026 3:44:35,1.17.3,FR5,2,3.96,nan,5,Left,Left,1016,232,203,0,nan,nan,0.04
7/24/2026 3:44:36,1.17.3,FR5,2,3.97,nan,5,Left,Left,1017,232,203,0,nan,nan,0.00
7/24/2026 3:44:38,1.17.3,FR5,2,3.97,nan,5,Left,Left,1018,232,203,0,nan,nan,0.38
7/24/2026 3:45:02,1.17.3,FR5,2,3.96,nan,5,Left,Left,1019,232,203,0,nan,nan,0.83
7/24/2026 3:45:06,1.17.3,FR5,2,3.96,nan,5,Left,Left,1020,232,203,0,nan,nan,0.01
7/24/2026 3:45:09,1.17.3,FR5,2,3.97,3,5,Pellet,Left,1020,232,204,0,0.06,54,nan
7/24/2026 3:45:37,1.17.3,FR5,2,3.97,nan,5,Left,Left,1021,232,204,0,nan,nan,0.05
7/24/2026 3:45:39,1.17.3,FR5,2,3.96,nan,5,Left,Left,1022,232,204,0,nan,nan,0.32
7/24/2026 3:45:40,1.17.3,FR5,2,3.96,nan,5,Left,Left,1023,232,204,0,nan,nan,0.73
7/24/2026 3:45:42,1.17.3,FR5,2,3.97,nan,5,Left,Left,1024,232,204,0,nan,nan,0.62
7/24/2026 3:45:52,1.17.3,FR5,2,3.96,nan,5,Left,Left,1025,232,204,0,nan,nan,0.17
7/24/2026 3:45:52,1.17.3,FR5,2,3.96,nan,5,LeftDuringDispense,Left,1026,232,204,0,nan,nan,0.04
7/24/2026 3:45:55,1.17.3,FR5,2,3.96,2,5,Pellet,Left,1026,232,205,0,0.47,46,nan
7/24/2026 3:51:44,1.17.3,FR5,2,3.96,nan,5,Left,Left,1027,232,205,0,nan,nan,0.20
7/24/2026 3:51:48,1.17.3,FR5,2,3.96,nan,5,Right,Left,1027,233,205,0,nan,nan,0.17
7/24/2026 3:52:17,1.17.3,FR5,2,3.97,nan,5,Left,Left,1028,233,205,0,nan,nan,0.42
7/24/2026 3:52:20,1.17.3,FR5,2,3.97,nan,5,Left,Left,1029,233,205,0,nan,nan,0.25
7/24/2026 3:59:21,1.17.3,FR5,2,3.97,nan,5,Right,Left,1029,234,205,0,nan,nan,1.16
7/24/2026 4:03:12,1.17.3,FR5,2,3.97,nan,5,Left,Left,1030,234,205,0,nan,nan,0.09
7/24/2026 4:03:15,1.17.3,FR5,2,3.97,1,5,Pellet,Left,1030,234,206,0,2.21,1039,nan
7/24/2026 4:03:29,1.17.3,FR5,2,3.97,nan,5,Left,Left,1031,234,206,0,nan,nan,0.16
7/24/2026 4:03:30,1.17.3,FR5,2,3.96,nan,5,Left,Left,1032,234,206,0,nan,nan,0.30
7/24/2026 4:03:31,1.17.3,FR5,2,3.97,nan,5,Left,Left,1033,234,206,0,nan,nan,0.37
7/24/2026 4:03:33,1.17.3,FR5,2,3.96,nan,5,Left,Left,1034,234,206,0,nan,nan,0.32
7/24/2026 4:03:35,1.17.3,FR5,2,3.96,nan,5,Left,Left,1035,234,206,0,nan,nan,0.35
7/24/2026 4:03:36,1.17.3,FR5,2,3.96,1,5,Pellet,Left,1035,234,207,0,0.23,22,nan
7/24/2026 5:29:43,1.17.3,FR5,2,3.96,nan,5,Left,Left,1036,234,207,0,nan,nan,0.00
7/24/2026 5:29:55,1.17.3,FR5,2,3.96,nan,5,Left,Left,1037,234,207,0,nan,nan,0.08
7/24/2026 5:29:58,1.17.3,FR5,2,3.97,nan,5,Left,Left,1038,234,207,0,nan,nan,0.73
7/24/2026 5:30:01,1.17.3,FR5,2,3.96,nan,5,Left,Left,1039,234,207,0,nan,nan,0.78
7/24/2026 5:30:09,1.17.3,FR5,2,3.96,nan,5,Left,Left,1040,234,207,0,nan,nan,0.04
7/24/2026 5:30:12,1.17.3,FR5,2,3.96,2,5,Pellet,Left,1040,234,208,0,0.06,5196,nan
7/24/2026 5:30:43,1.17.3,FR5,2,3.96,nan,5,Left,Left,1041,234,208,0,nan,nan,1.01
7/24/2026 5:30:46,1.17.3,FR5,2,3.96,nan,5,Left,Left,1042,234,208,0,nan,nan,1.25
7/24/2026 5:30:47,1.17.3,FR5,2,3.96,nan,5,Left,Left,1043,234,208,0,nan,nan,0.01
7/24/2026 5:30:51,1.17.3,FR5,2,3.96,nan,5,Left,Left,1044,234,208,0,nan,nan,0.27
7/24/2026 5:30:54,1.17.3,FR5,2,3.96,nan,5,Left,Left,1045,234,208,0,nan,nan,0.29
7/24/2026 5:30:57,1.17.3,FR5,2,3.96,1,5,Pellet,Left,1045,234,209,0,2.63,45,nan
7/24/2026 5:31:14,1.17.3,FR5,2,3.96,nan,5,Left,Left,1046,234,209,0,nan,nan,0.02
7/24/2026 5:31:18,1.17.3,FR5,2,3.96,nan,5,Left,Left,1047,234,209,0,nan,nan,0.02
7/24/2026 5:38:40,1.17.3,FR5,2,3.97,nan,5,Left,Left,1048,234,209,0,nan,nan,0.03
7/24/2026 5:38:43,1.17.3,FR5,2,3.96,nan,5,Left,Left,1049,234,209,0,nan,nan,0.07
7/24/2026 5:38:45,1.17.3,FR5,2,3.96,nan,5,Left,Left,1050,234,209,0,nan,nan,1.00
7/24/2026 5:38:46,1.17.3,FR5,2,3.96,nan,5,LeftDuringDispense,Left,1051,234,209,0,nan,nan,0.04
7/24/2026 5:38:51,1.17.3,FR5,2,3.96,3,5,Pellet,Left,1051,234,210,0,0.41,474,nan
7/24/2026 5:39:03,1.17.3,FR5,2,3.96,nan,5,Left,Left,1052,234,210,0,nan,nan,0.04
7/24/2026 5:39:10,1.17.3,FR5,2,3.96,nan,5,Left,Left,1053,234,210,0,nan,nan,1.00
7/24/2026 5:39:11,1.17.3,FR5,2,3.96,nan,5,Left,Left,1054,234,210,0,nan,nan,0.00
7/24/2026 5:39:15,1.17.3,FR5,2,3.96,nan,5,Left,Left,1055,234,210,0,nan,nan,1.48
7/24/2026 5:39:16,1.17.3,FR5,2,3.96,1,5,Pellet,Left,1055,234,211,0,0.29,25,nan
7/24/2026 5:40:02,1.17.3,FR5,2,3.96,nan,5,Left,Left,1056,234,211,0,nan,nan,0.07
7/24/2026 5:40:06,1.17.3,FR5,2,3.96,nan,5,Left,Left,1057,234,211,0,nan,nan,0.90
7/24/2026 5:40:07,1.17.3,FR5,2,3.96,nan,5,Left,Left,1058,234,211,0,nan,nan,0.04
7/24/2026 5:40:09,1.17.3,FR5,2,3.96,nan,5,Left,Left,1059,234,211,0,nan,nan,0.00
7/24/2026 5:40:14,1.17.3,FR5,2,3.96,nan,5,Left,Left,1060,234,211,0,nan,nan,1.31
7/24/2026 5:40:15,1.17.3,FR5,2,3.96,1,5,Pellet,Left,1060,234,212,0,0.47,59,nan
7/24/2026 5:56:18,1.17.3,FR5,2,3.96,nan,5,Left,Left,1061,234,212,0,nan,nan,0.08
7/24/2026 5:56:20,1.17.3,FR5,2,3.96,nan,5,Left,Left,1062,234,212,0,nan,nan,0.17
7/24/2026 5:56:23,1.17.3,FR5,2,3.96,nan,5,Left,Left,1063,234,212,0,nan,nan,0.64
7/24/2026 5:56:29,1.17.3,FR5,2,3.96,nan,5,Left,Left,1064,234,212,0,nan,nan,0.50
7/24/2026 6:12:57,1.17.3,FR5,2,3.96,nan,5,Left,Left,1065,234,212,0,nan,nan,0.14
7/24/2026 6:12:59,1.17.3,FR5,2,3.96,1,5,Pellet,Left,1065,234,213,0,2.09,1964,nan
7/24/2026 6:13:35,1.17.3,FR5,2,3.97,nan,5,Left,Left,1066,234,213,0,nan,nan,0.03
7/24/2026 6:13:47,1.17.3,FR5,2,3.96,nan,5,Left,Left,1067,234,213,0,nan,nan,0.29
7/24/2026 6:13:48,1.17.3,FR5,2,3.96,nan,5,Left,Left,1068,234,213,0,nan,nan,0.00
7/24/2026 6:13:50,1.17.3,FR5,2,3.96,nan,5,Left,Left,1069,234,213,0,nan,nan,0.12
7/24/2026 6:22:27,1.17.3,FR5,2,3.96,nan,5,Left,Left,1070,234,213,0,nan,nan,0.00
7/24/2026 6:22:33,1.17.3,FR5,2,3.96,3,5,Pellet,Left,1070,234,214,0,0.95,574,nan
7/24/2026 6:22:59,1.17.3,FR5,2,3.96,nan,5,Left,Left,1071,234,214,0,nan,nan,0.06
7/24/2026 6:23:01,1.17.3,FR5,2,3.96,nan,5,Left,Left,1072,234,214,0,nan,nan,0.15
7/24/2026 6:23:05,1.17.3,FR5,2,3.96,nan,5,Left,Left,1073,234,214,0,nan,nan,1.81
7/24/2026 6:23:08,1.17.3,FR5,2,3.96,nan,5,Left,Left,1074,234,214,0,nan,nan,1.06
7/24/2026 6:23:12,1.17.3,FR5,2,3.96,nan,5,Left,Left,1075,234,214,0,nan,nan,0.02
7/24/2026 6:23:13,1.17.3,FR5,2,3.96,1,5,Pellet,Left,1075,234,215,0,0.29,40,nan
7/24/2026 6:44:43,1.17.3,FR5,2,3.96,nan,5,Left,Left,1076,234,215,0,nan,nan,0.33
7/24/2026 6:44:44,1.17.3,FR5,2,3.96,nan,5,Left,Left,1077,234,215,0,nan,nan,0.49
7/24/2026 6:44:52,1.17.3,FR5,2,3.96,nan,5,Left,Left,1078,234,215,0,nan,nan,0.42
7/24/2026 6:44:54,1.17.3,FR5,2,3.96,nan,5,Left,Left,1079,234,215,0,nan,nan,0.38
7/24/2026 6:45:04,1.17.3,FR5,2,3.96,nan,5,Left,Left,1080,234,215,0,nan,nan,1.07
7/24/2026 6:45:07,1.17.3,FR5,2,3.96,2,5,Pellet,Left,1080,234,216,0,0.59,1314,nan
7/24/2026 6:45:29,1.17.3,FR5,2,3.96,nan,5,Left,Left,1081,234,216,0,nan,nan,0.71
7/24/2026 6:45:32,1.17.3,FR5,2,3.96,nan,5,Left,Left,1082,234,216,0,nan,nan,0.02
7/24/2026 6:47:22,1.17.3,FR5,2,3.96,nan,5,Left,Left,1083,234,216,0,nan,nan,0.20
7/24/2026 6:55:59,1.17.3,FR5,2,3.96,nan,5,Left,Left,1084,234,216,0,nan,nan,0.43
7/24/2026 7:01:31,1.17.3,FR5,2,3.96,nan,5,Right,Left,1084,235,216,0,nan,nan,0.32
7/24/2026 7:28:36,1.17.3,FR5,2,3.96,nan,5,Left,Left,1085,235,216,0,nan,nan,0.78
7/24/2026 7:28:40,1.17.3,FR5,2,3.96,2,5,Pellet,Left,1085,235,217,0,0.71,2613,nan
7/24/2026 7:29:12,1.17.3,FR5,2,3.96,nan,5,Left,Left,1086,235,217,0,nan,nan,0.03
7/24/2026 7:29:24,1.17.3,FR5,2,3.96,nan,5,Left,Left,1087,235,217,0,nan,nan,0.31
7/24/2026 7:29:27,1.17.3,FR5,2,3.96,nan,5,Left,Left,1088,235,217,0,nan,nan,0.99
7/24/2026 7:29:46,1.17.3,FR5,2,3.96,nan,5,Left,Left,1089,235,217,0,nan,nan,0.27
7/24/2026 7:29:51,1.17.3,FR5,2,3.96,nan,5,Left,Left,1090,235,217,0,nan,nan,1.39
7/24/2026 7:29:53,1.17.3,FR5,2,3.96,1,5,Pellet,Left,1090,235,218,0,0.95,73,nan
7/24/2026 7:30:48,1.17.3,FR5,2,3.96,nan,5,Left,Left,1091,235,218,0,nan,nan,0.41
7/24/2026 7:30:52,1.17.3,FR5,2,3.96,nan,5,Left,Left,1092,235,218,0,nan,nan,0.81
7/24/2026 7:30:59,1.17.3,FR5,2,3.96,nan,5,Left,Left,1093,235,218,0,nan,nan,0.93
7/24/2026 7:31:03,1.17.3,FR5,2,3.96,nan,5,Left,Left,1094,235,218,0,nan,nan,0.92
7/24/2026 7:36:17,1.17.3,FR5,2,3.96,nan,5,Left,Left,1095,235,218,0,nan,nan,0.04
7/24/2026 7:36:21,1.17.3,FR5,2,3.96,2,5,Pellet,Left,1095,235,219,0,0.17,387,nan
7/24/2026 7:36:48,1.17.3,FR5,2,3.96,nan,5,Left,Left,1096,235,219,0,nan,nan,0.09
7/24/2026 7:36:56,1.17.3,FR5,2,3.96,nan,5,Left,Left,1097,235,219,0,nan,nan,1.45
7/24/2026 7:37:00,1.17.3,FR5,2,3.96,nan,5,Left,Left,1098,235,219,0,nan,nan,0.81
7/24/2026 7:37:07,1.17.3,FR5,2,3.96,nan,5,Left,Left,1099,235,219,0,nan,nan,1.14
7/24/2026 7:37:09,1.17.3,FR5,2,3.96,nan,5,Left,Left,1100,235,219,0,nan,nan,1.10
7/24/2026 7:37:24,1.17.3,FR5,2,3.96,6,5,Pellet,Left,1100,235,220,0,5.39,64,nan
7/24/2026 7:37:53,1.17.3,FR5,2,3.96,nan,5,Left,Left,1101,235,220,0,nan,nan,0.02
7/24/2026 7:37:54,1.17.3,FR5,2,3.96,nan,5,Left,Left,1102,235,220,0,nan,nan,0.05
7/24/2026 7:37:56,1.17.3,FR5,2,3.96,nan,5,Left,Left,1103,235,220,0,nan,nan,0.00
7/24/2026 7:38:01,1.17.3,FR5,2,3.96,nan,5,Left,Left,1104,235,220,0,nan,nan,0.36
7/24/2026 7:38:05,1.17.3,FR5,2,3.96,nan,5,Left,Left,1105,235,220,0,nan,nan,0.58
7/24/2026 7:38:06,1.17.3,FR5,2,3.96,1,5,Pellet,Left,1105,235,221,0,0.53,42,nan
7/24/2026 8:01:11,1.17.3,FR5,2,3.96,nan,5,Left,Left,1106,235,221,0,nan,nan,0.57
7/24/2026 8:01:15,1.17.3,FR5,2,3.96,nan,5,Left,Left,1107,235,221,0,nan,nan,1.49
7/24/2026 8:01:17,1.17.3,FR5,2,3.96,nan,5,Left,Left,1108,235,221,0,nan,nan,0.34
7/24/2026 8:01:18,1.17.3,FR5,2,3.96,nan,5,Left,Left,1109,235,221,0,nan,nan,0.18
7/24/2026 8:01:27,1.17.3,FR5,2,3.96,nan,5,Left,Left,1110,235,221,0,nan,nan,0.60
7/24/2026 8:01:34,1.17.3,FR5,2,3.96,4,5,Pellet,Left,1110,235,222,0,0.77,1408,nan
7/24/2026 8:02:44,1.17.3,FR5,2,3.96,nan,5,Left,Left,1111,235,222,0,nan,nan,0.02
7/24/2026 8:02:49,1.17.3,FR5,2,3.96,nan,5,Left,Left,1112,235,222,0,nan,nan,1.03
7/24/2026 8:02:50,1.17.3,FR5,2,3.96,nan,5,Left,Left,1113,235,222,0,nan,nan,0.00
7/24/2026 8:02:53,1.17.3,FR5,2,3.96,nan,5,Left,Left,1114,235,222,0,nan,nan,0.03
7/24/2026 8:03:04,1.17.3,FR5,2,3.96,nan,5,Left,Left,1115,235,222,0,nan,nan,0.34
7/24/2026 8:03:06,1.17.3,FR5,2,3.96,1,5,Pellet,Left,1115,235,223,0,1.07,92,nan
7/24/2026 8:36:45,1.17.3,FR5,2,3.96,nan,5,Left,Left,1116,235,223,0,nan,nan,0.76
7/24/2026 8:36:47,1.17.3,FR5,2,3.96,nan,5,Left,Left,1117,235,223,0,nan,nan,1.10
7/24/2026 8:36:51,1.17.3,FR5,2,3.96,nan,5,Left,Left,1118,235,223,0,nan,nan,0.21
7/24/2026 8:36:54,1.17.3,FR5,2,3.96,nan,5,Left,Left,1119,235,223,0,nan,nan,0.25
7/24/2026 8:36:59,1.17.3,FR5,2,3.96,nan,5,Left,Left,1120,235,223,0,nan,nan,1.08
7/24/2026 8:37:00,1.17.3,FR5,2,3.96,1,5,Pellet,Left,1120,235,224,0,0.65,2034,nan
7/24/2026 8:37:31,1.17.3,FR5,2,3.96,nan,5,Left,Left,1121,235,224,0,nan,nan,0.07
7/24/2026 8:37:33,1.17.3,FR5,2,3.96,nan,5,Left,Left,1122,235,224,0,nan,nan,0.18
7/24/2026 9:28:26,1.17.3,FR5,2,3.95,nan,5,Left,Left,1123,235,224,0,nan,nan,0.39
7/24/2026 9:38:53,1.17.3,FR5,2,3.96,nan,5,Left,Left,1124,235,224,0,nan,nan,1.13
7/24/2026 9:38:56,1.17.3,FR5,2,3.96,nan,5,Left,Left,1125,235,224,0,nan,nan,0.31
7/24/2026 9:38:56,1.17.3,FR5,2,3.96,nan,5,LeftDuringDispense,Left,1126,235,224,0,nan,nan,0.05
7/24/2026 9:39:01,1.17.3,FR5,2,3.95,3,5,Pellet,Left,1126,235,225,0,0.23,3721,nan
7/24/2026 9:39:14,1.17.3,FR5,2,3.96,nan,5,Left,Left,1127,235,225,0,nan,nan,0.01
7/24/2026 9:39:15,1.17.3,FR5,2,3.95,nan,5,Left,Left,1128,235,225,0,nan,nan,0.02
7/24/2026 9:39:17,1.17.3,FR5,2,3.96,nan,5,Left,Left,1129,235,225,0,nan,nan,0.06
7/24/2026 9:39:18,1.17.3,FR5,2,3.96,nan,5,Left,Left,1130,235,225,0,nan,nan,0.03
7/24/2026 9:39:20,1.17.3,FR5,2,3.96,1,5,Pellet,Left,1130,235,226,0,0.53,19,nan
7/24/2026 9:42:05,1.17.3,FR5,2,3.96,nan,5,Right,Left,1130,236,226,0,nan,nan,0.12
7/24/2026 11:24:28,1.17.3,FR5,2,3.96,nan,5,Left,Left,1131,236,226,0,nan,nan,0.62
7/24/2026 11:24:30,1.17.3,FR5,2,3.94,nan,5,Left,Left,1132,236,226,0,nan,nan,0.71
7/24/2026 11:24:32,1.17.3,FR5,2,3.95,nan,5,Left,Left,1133,236,226,0,nan,nan,0.53
7/24/2026 11:24:33,1.17.3,FR5,2,3.95,nan,5,Left,Left,1134,236,226,0,nan,nan,0.58
7/24/2026 11:24:36,1.17.3,FR5,2,3.95,nan,5,Left,Left,1135,236,226,0,nan,nan,0.74
7/24/2026 11:24:45,1.17.3,FR5,2,3.95,2,5,Pellet,Left,1135,236,227,0,5.51,6325,nan
7/24/2026 11:56:23,1.17.3,FR5,2,3.95,nan,5,Left,Left,1136,236,227,0,nan,nan,0.01
7/24/2026 11:56:37,1.17.3,FR5,2,3.95,nan,5,Left,Left,1137,236,227,0,nan,nan,0.65
7/24/2026 11:56:40,1.17.3,FR5,2,3.95,nan,5,Left,Left,1138,236,227,0,nan,nan,0.29
7/24/2026 11:56:51,1.17.3,FR5,2,3.95,nan,5,Left,Left,1139,236,227,0,nan,nan,5.15
7/24/2026 11:57:02,1.17.3,FR5,2,3.95,nan,5,Left,Left,1140,236,227,0,nan,nan,1.51
7/24/2026 11:57:04,1.17.3,FR5,2,3.94,1,5,Pellet,Left,1140,236,228,0,1.55,1939,nan
7/24/2026 11:58:03,1.17.3,FR5,2,3.95,nan,5,Left,Left,1141,236,228,0,nan,nan,0.79
7/24/2026 11:58:11,1.17.3,FR5,2,3.95,nan,5,Left,Left,1142,236,228,0,nan,nan,0.75
7/24/2026 11:58:14,1.17.3,FR5,2,3.95,nan,5,Left,Left,1143,236,228,0,nan,nan,1.28
7/24/2026 11:58:16,1.17.3,FR5,2,3.94,nan,5,Left,Left,1144,236,228,0,nan,nan,0.03
7/24/2026 12:30:27,1.17.3,FR5,2,3.94,nan,5,Left,Left,1145,236,228,0,nan,nan,0.01
7/24/2026 12:30:29,1.17.3,FR5,2,3.95,1,5,Pellet,Left,1145,236,229,0,0.77,2005,nan
7/24/2026 12:31:04,1.17.3,FR5,2,3.95,nan,5,Left,Left,1146,236,229,0,nan,nan,0.27
