MM:DD:YYYY hh:mm:ss,Library_Version,Session_type,Device_Number,Battery_Voltage,Motor_Turns,FR,Event,Active_Poke,Left_Poke_Count,Right_Poke_Count,Pellet_Count,Block_Pellet_Count,Retrieval_Time,InterPelletInterval,Poke_Time
7/22/2026 17:10:12,1.17.3,FR5,67,4.00,nan,5,Left,Left,1,0,0,0,nan,nan,0.36
7/22/2026 17:10:19,1.17.3,FR5,67,4.00,nan,5,Left,Left,2,0,0,0,nan,nan,0.37
7/22/2026 17:10:25,1.17.3,FR5,67,4.00,nan,5,Left,Left,3,0,0,0,nan,nan,0.28
7/22/2026 17:12:16,1.17.3,FR5,67,4.00,nan,5,Right,Left,3,1,0,0,nan,nan,0.39
7/22/2026 17:12:18,1.17.3,FR5,67,4.00,nan,5,Right,Left,3,2,0,0,nan,nan,0.03
7/22/2026 17:12:25,1.17.3,FR5,67,4.00,nan,5,Left,Left,4,2,0,0,nan,nan,0.81
7/22/2026 17:12:29,1.17.3,FR5,67,4.00,nan,5,Left,Left,5,2,0,0,nan,nan,0.14
7/22/2026 17:12:30,1.17.3,FR5,67,4.00,nan,5,LeftDuringDispense,Left,6,2,0,0,nan,nan,0.37
7/22/2026 17:12:36,1.17.3,FR5,67,4.00,3,5,Pellet,Left,6,2,1,0,0.95,nan,nan
7/22/2026 17:14:35,1.17.3,FR5,67,4.00,nan,5,Right,Left,6,3,1,0,nan,nan,0.94
7/22/2026 17:14:36,1.17.3,FR5,67,4.00,nan,5,Right,Left,6,4,1,0,nan,nan,0.27
7/22/2026 17:14:38,1.17.3,FR5,67,4.00,nan,5,Right,Left,6,5,1,0,nan,nan,0.14
7/22/2026 17:14:38,1.17.3,FR5,67,4.00,nan,5,Right,Left,6,6,1,0,nan,nan,0.11
7/22/2026 17:14:40,1.17.3,FR5,67,4.00,nan,5,Right,Left,6,7,1,0,nan,nan,0.00
7/22/2026 17:14:46,1.17.3,FR5,67,4.00,nan,5,Left,Left,7,7,1,0,nan,nan,0.15
7/22/2026 17:14:47,1.17.3,FR5,67,4.00,nan,5,Left,Left,8,7,1,0,nan,nan,0.00
7/22/2026 17:15:10,1.17.3,FR5,67,4.00,nan,5,Right,Left,8,8,1,0,nan,nan,0.13
7/22/2026 17:15:12,1.17.3,FR5,67,4.00,nan,5,Right,Left,8,9,1,0,nan,nan,0.15
7/22/2026 17:15:16,1.17.3,FR5,67,4.00,nan,5,Right,Left,8,10,1,0,nan,nan,1.32
7/22/2026 17:15:17,1.17.3,FR5,67,4.00,nan,5,Right,Left,8,11,1,0,nan,nan,0.00
7/22/2026 17:15:24,1.17.3,FR5,67,4.00,nan,5,Left,Left,9,11,1,0,nan,nan,0.08
7/22/2026 17:15:24,1.17.3,FR5,67,4.00,nan,5,Left,Left,10,11,1,0,nan,nan,0.00
7/22/2026 17:15:25,1.17.3,FR5,67,4.00,nan,5,LeftDuringDispense,Left,11,11,1,0,nan,nan,0.18
7/22/2026 17:15:30,1.17.3,FR5,67,4.00,2,5,Pellet,Left,11,11,2,0,1.73,174,nan
7/22/2026 17:15:46,1.17.3,FR5,67,4.00,nan,5,Left,Left,12,11,2,0,nan,nan,0.16
7/22/2026 17:15:47,1.17.3,FR5,67,4.00,nan,5,Left,Left,13,11,2,0,nan,nan,0.21
7/22/2026 17:15:50,1.17.3,FR5,67,4.00,nan,5,Left,Left,14,11,2,0,nan,nan,0.13
7/22/2026 17:15:51,1.17.3,FR5,67,4.00,nan,5,Left,Left,15,11,2,0,nan,nan,0.05
7/22/2026 17:15:52,1.17.3,FR5,67,4.00,nan,5,LeftDuringDispense,Left,16,11,2,0,nan,nan,0.72
7/22/2026 17:15:52,1.17.3,FR5,67,4.00,nan,5,LeftWithPellet,Left,17,11,2,0,nan,nan,0.10
7/22/2026 17:15:55,1.17.3,FR5,67,4.00,1,5,Pellet,Left,17,11,3,0,3.19,25,nan
7/22/2026 17:16:07,1.17.3,FR5,67,4.00,nan,5,Left,Left,18,11,3,0,nan,nan,0.08
7/22/2026 17:16:08,1.17.3,FR5,67,4.00,nan,5,Left,Left,19,11,3,0,nan,nan,0.00
7/22/2026 17:16:10,1.17.3,FR5,67,4.00,nan,5,Left,Left,20,11,3,0,nan,nan,0.62
7/22/2026 17:16:13,1.17.3,FR5,67,4.00,2,5,Pellet,Left,20,11,4,0,1.97,18,nan
7/22/2026 17:16:25,1.17.3,FR5,67,4.00,nan,5,Left,Left,21,11,4,0,nan,nan,0.07
7/22/2026 17:16:27,1.17.3,FR5,67,4.00,nan,5,Left,Left,22,11,4,0,nan,nan,0.04
7/22/2026 17:16:29,1.17.3,FR5,67,4.00,nan,5,Left,Left,23,11,4,0,nan,nan,0.44
7/22/2026 17:16:49,1.17.3,FR5,67,4.00,nan,5,Left,Left,24,11,4,0,nan,nan,0.14
7/22/2026 17:16:51,1.17.3,FR5,67,4.00,nan,5,Left,Left,25,11,4,0,nan,nan,0.21
7/22/2026 17:16:51,1.17.3,FR5,67,4.00,nan,5,LeftDuringDispense,Left,26,11,4,0,nan,nan,0.32
7/22/2026 17:17:04,1.17.3,FR5,67,4.00,3,5,Pellet,Left,26,11,5,0,9.58,51,nan
7/22/2026 17:17:36,1.17.3,FR5,67,4.00,nan,5,Right,Left,26,12,5,0,nan,nan,0.83
7/22/2026 17:17:43,1.17.3,FR5,67,4.00,nan,5,Left,Left,27,12,5,0,nan,nan,0.06
7/22/2026 17:17:48,1.17.3,FR5,67,4.00,nan,5,Left,Left,28,12,5,0,nan,nan,0.08
7/22/2026 17:17:50,1.17.3,FR5,67,4.00,nan,5,Left,Left,29,12,5,0,nan,nan,0.16
7/22/2026 17:17:59,1.17.3,FR5,67,4.00,nan,5,Right,Left,29,13,5,0,nan,nan,0.24
7/22/2026 17:18:12,1.17.3,FR5,67,4.00,nan,5,Right,Left,29,14,5,0,nan,nan,0.00
7/22/2026 17:18:27,1.17.3,FR5,67,4.00,nan,5,Left,Left,30,14,5,0,nan,nan,0.12
7/22/2026 17:18:29,1.17.3,FR5,67,4.00,1,5,Pellet,Left,30,14,6,0,1.49,85,nan
7/22/2026 17:18:45,1.17.3,FR5,67,4.00,nan,5,Left,Left,31,14,6,0,nan,nan,0.51
7/22/2026 17:18:49,1.17.3,FR5,67,4.00,nan,5,Left,Left,32,14,6,0,nan,nan,0.17
7/22/2026 17:18:55,1.17.3,FR5,67,4.00,nan,5,Left,Left,33,14,6,0,nan,nan,0.20
7/22/2026 18:23:46,1.17.3,FR5,67,4.00,nan,5,Right,Left,33,15,6,0,nan,nan,0.04
7/22/2026 18:23:48,1.17.3,FR5,67,4.00,nan,5,Left,Left,34,15,6,0,nan,nan,0.15
7/22/2026 18:24:38,1.17.3,FR5,67,4.00,nan,5,Left,Left,35,15,6,0,nan,nan,0.22
7/22/2026 18:24:39,1.17.3,FR5,67,3.99,1,5,Pellet,Left,35,15,7,0,0.53,3970,nan
7/22/2026 18:27:46,1.17.3,FR5,67,3.99,nan,5,Left,Left,36,15,7,0,nan,nan,0.25
7/22/2026 18:27:53,1.17.3,FR5,67,4.00,nan,5,Right,Left,36,16,7,0,nan,nan,0.24
7/22/2026 18:28:54,1.17.3,FR5,67,4.00,nan,5,Left,Left,37,16,7,0,nan,nan,0.07
7/22/2026 18:29:36,1.17.3,FR5,67,4.00,nan,5,Left,Left,38,16,7,0,nan,nan,1.20
7/22/2026 18:39:28,1.17.3,FR5,67,4.00,nan,5,Left,Left,39,16,7,0,nan,nan,0.05
7/22/2026 19:09:57,1.17.3,FR5,67,4.00,nan,5,Right,Left,39,17,7,0,nan,nan,0.19
7/22/2026 19:10:09,1.17.3,FR5,67,3.99,nan,5,Left,Left,40,17,7,0,nan,nan,0.75
7/22/2026 19:10:11,1.17.3,FR5,67,4.00,1,5,Pellet,Left,40,17,8,0,0.65,2732,nan
7/22/2026 19:10:27,1.17.3,FR5,67,4.00,nan,5,Left,Left,41,17,8,0,nan,nan,0.16
7/22/2026 19:10:32,1.17.3,FR5,67,4.00,nan,5,Left,Left,42,17,8,0,nan,nan,0.40
7/22/2026 19:10:34,1.17.3,FR5,67,4.00,nan,5,Left,Left,43,17,8,0,nan,nan,0.26
7/22/2026 19:10:53,1.17.3,FR5,67,4.00,nan,5,Left,Left,44,17,8,0,nan,nan,0.20
7/22/2026 19:10:56,1.17.3,FR5,67,4.00,nan,5,Left,Left,45,17,8,0,nan,nan,0.12
7/22/2026 19:10:57,1.17.3,FR5,67,4.00,1,5,Pellet,Left,45,17,9,0,0.41,46,nan
7/22/2026 19:11:09,1.17.3,FR5,67,3.99,nan,5,Right,Left,45,18,9,0,nan,nan,0.02
7/22/2026 19:11:19,1.17.3,FR5,67,3.99,nan,5,Left,Left,46,18,9,0,nan,nan,0.05
7/22/2026 19:11:22,1.17.3,FR5,67,4.00,nan,5,Left,Left,47,18,9,0,nan,nan,0.56
7/22/2026 19:11:23,1.17.3,FR5,67,4.00,nan,5,Left,Left,48,18,9,0,nan,nan,0.29
7/22/2026 19:11:24,1.17.3,FR5,67,4.00,nan,5,Left,Left,49,18,9,0,nan,nan,0.06
7/22/2026 19:13:50,1.17.3,FR5,67,3.99,nan,5,Left,Left,50,18,9,0,nan,nan,0.34
7/22/2026 19:13:51,1.17.3,FR5,67,4.00,1,5,Pellet,Left,50,18,10,0,0.53,174,nan
7/22/2026 19:14:09,1.17.3,FR5,67,4.00,nan,5,Left,Left,51,18,10,0,nan,nan,0.04
7/22/2026 19:20:22,1.17.3,FR5,67,4.00,nan,5,Right,Left,51,19,10,0,nan,nan,0.13
7/22/2026 19:20:27,1.17.3,FR5,67,3.99,nan,5,Left,Left,52,19,10,0,nan,nan,0.24
7/22/2026 19:24:26,1.17.3,FR5,67,4.00,nan,5,Left,Left,53,19,10,0,nan,nan,0.18
7/22/2026 19:24:28,1.17.3,FR5,67,4.00,nan,5,Left,Left,54,19,10,0,nan,nan,0.23
7/22/2026 19:37:31,1.17.3,FR5,67,3.99,nan,5,Left,Left,55,19,10,0,nan,nan,0.21
7/22/2026 19:37:33,1.17.3,FR5,67,3.99,1,5,Pellet,Left,55,19,11,0,0.71,1422,nan
7/22/2026 19:37:54,1.17.3,FR5,67,4.00,nan,5,Left,Left,56,19,11,0,nan,nan,0.04
7/22/2026 19:38:04,1.17.3,FR5,67,3.99,nan,5,Left,Left,57,19,11,0,nan,nan,0.28
7/22/2026 19:38:05,1.17.3,FR5,67,3.99,nan,5,Left,Left,58,19,11,0,nan,nan,0.20
7/22/2026 19:38:14,1.17.3,FR5,67,3.99,nan,5,Left,Left,59,19,11,0,nan,nan,0.14
7/22/2026 19:38:32,1.17.3,FR5,67,3.99,nan,5,Left,Left,60,19,11,0,nan,nan,0.10
7/22/2026 19:38:33,1.17.3,FR5,67,3.99,1,5,Pellet,Left,60,19,12,0,0.06,60,nan
7/22/2026 19:38:52,1.17.3,FR5,67,4.00,nan,5,Left,Left,61,19,12,0,nan,nan,0.46
7/22/2026 19:42:17,1.17.3,FR5,67,4.00,nan,5,Right,Left,61,20,12,0,nan,nan,0.47
7/22/2026 19:42:22,1.17.3,FR5,67,3.99,nan,5,Left,Left,62,20,12,0,nan,nan,0.22
7/22/2026 19:42:26,1.17.3,FR5,67,4.00,nan,5,Left,Left,63,20,12,0,nan,nan,0.32
7/22/2026 19:42:29,1.17.3,FR5,67,3.99,nan,5,Left,Left,64,20,12,0,nan,nan,0.36
7/22/2026 19:42:31,1.17.3,FR5,67,4.00,nan,5,Left,Left,65,20,12,0,nan,nan,0.23
7/22/2026 19:42:33,1.17.3,FR5,67,3.99,1,5,Pellet,Left,65,20,13,0,1.37,240,nan
7/22/2026 19:42:46,1.17.3,FR5,67,3.99,nan,5,Left,Left,66,20,13,0,nan,nan,0.08
7/22/2026 19:42:48,1.17.3,FR5,67,3.99,nan,5,Left,Left,67,20,13,0,nan,nan,0.16
7/22/2026 19:42:52,1.17.3,FR5,67,3.99,nan,5,Left,Left,68,20,13,0,nan,nan,0.08
7/22/2026 19:42:53,1.17.3,FR5,67,3.99,nan,5,Left,Left,69,20,13,0,nan,nan,0.39
7/22/2026 19:52:15,1.17.3,FR5,67,3.99,nan,5,Right,Left,69,21,13,0,nan,nan,0.17
7/22/2026 19:52:16,1.17.3,FR5,67,3.99,nan,5,Left,Left,70,21,13,0,nan,nan,0.35
7/22/2026 19:52:18,1.17.3,FR5,67,4.00,1,5,Pellet,Left,70,21,14,0,0.89,585,nan
7/22/2026 19:52:35,1.17.3,FR5,67,3.99,nan,5,Left,Left,71,21,14,0,nan,nan,0.10
7/22/2026 19:52:40,1.17.3,FR5,67,3.99,nan,5,Left,Left,72,21,14,0,nan,nan,0.05
7/22/2026 19:52:44,1.17.3,FR5,67,3.99,nan,5,Left,Left,73,21,14,0,nan,nan,0.08
7/22/2026 19:54:12,1.17.3,FR5,67,4.00,nan,5,Right,Left,73,22,14,0,nan,nan,0.56
7/22/2026 20:13:39,1.17.3,FR5,67,3.99,nan,5,Left,Left,74,22,14,0,nan,nan,0.08
7/22/2026 20:13:40,1.17.3,FR5,67,4.00,nan,5,Left,Left,75,22,14,0,nan,nan,0.21
7/22/2026 20:13:42,1.17.3,FR5,67,3.99,1,5,Pellet,Left,75,22,15,0,0.65,1284,nan
7/22/2026 20:14:02,1.17.3,FR5,67,4.00,nan,5,Left,Left,76,22,15,0,nan,nan,0.01
7/22/2026 20:14:04,1.17.3,FR5,67,3.99,nan,5,Left,Left,77,22,15,0,nan,nan,0.07
7/22/2026 20:14:05,1.17.3,FR5,67,3.99,nan,5,Left,Left,78,22,15,0,nan,nan,0.21
7/22/2026 20:14:07,1.17.3,FR5,67,4.00,nan,5,Left,Left,79,22,15,0,nan,nan,0.17
7/22/2026 20:14:20,1.17.3,FR5,67,3.99,nan,5,Left,Left,80,22,15,0,nan,nan,0.09
7/22/2026 20:14:22,1.17.3,FR5,67,4.00,1,5,Pellet,Left,80,22,16,0,0.65,40,nan
7/22/2026 20:14:43,1.17.3,FR5,67,3.99,nan,5,Left,Left,81,22,16,0,nan,nan,0.28
7/22/2026 20:14:45,1.17.3,FR5,67,3.99,nan,5,Left,Left,82,22,16,0,nan,nan,0.73
7/22/2026 20:14:49,1.17.3,FR5,67,3.99,nan,5,Left,Left,83,22,16,0,nan,nan,0.05
7/22/2026 20:14:51,1.17.3,FR5,67,3.99,nan,5,Left,Left,84,22,16,0,nan,nan,0.08
7/22/2026 20:15:12,1.17.3,FR5,67,3.99,nan,5,Left,Left,85,22,16,0,nan,nan,0.05
7/22/2026 20:15:13,1.17.3,FR5,67,3.99,1,5,Pellet,Left,85,22,17,0,0.41,51,nan
7/22/2026 20:23:10,1.17.3,FR5,67,3.99,nan,5,Left,Left,86,22,17,0,nan,nan,0.20
7/22/2026 20:23:26,1.17.3,FR5,67,3.99,nan,5,Left,Left,87,22,17,0,nan,nan,0.06
7/22/2026 20:23:33,1.17.3,FR5,67,3.99,nan,5,Right,Left,87,23,17,0,nan,nan,0.01
7/22/2026 20:23:36,1.17.3,FR5,67,3.99,nan,5,Left,Left,88,23,17,0,nan,nan,0.01
7/22/2026 20:23:38,1.17.3,FR5,67,3.99,nan,5,Left,Left,89,23,17,0,nan,nan,0.20
7/22/2026 20:23:44,1.17.3,FR5,67,3.99,nan,5,Left,Left,90,23,17,0,nan,nan,0.02
7/22/2026 20:23:45,1.17.3,FR5,67,3.99,1,5,Pellet,Left,90,23,18,0,0.41,512,nan
7/22/2026 20:23:57,1.17.3,FR5,67,3.99,nan,5,Right,Left,90,24,18,0,nan,nan,0.03
7/22/2026 20:24:00,1.17.3,FR5,67,3.99,nan,5,Right,Left,90,25,18,0,nan,nan,0.04
7/22/2026 20:24:03,1.17.3,FR5,67,3.99,nan,5,Right,Left,90,26,18,0,nan,nan,0.17
7/22/2026 20:24:04,1.17.3,FR5,67,3.99,nan,5,Right,Left,90,27,18,0,nan,nan,0.00
7/22/2026 20:24:07,1.17.3,FR5,67,3.99,nan,5,Right,Left,90,28,18,0,nan,nan,0.08
7/22/2026 20:24:09,1.17.3,FR5,67,3.99,nan,5,Right,Left,90,29,18,0,nan,nan,0.19
7/22/2026 20:26:11,1.17.3,FR5,67,3.99,nan,5,Left,Left,91,29,18,0,nan,nan,0.07
7/22/2026 20:26:12,1.17.3,FR5,67,3.99,nan,5,Left,Left,92,29,18,0,nan,nan,0.27
7/22/2026 20:26:30,1.17.3,FR5,67,3.99,nan,5,Left,Left,93,29,18,0,nan,nan,0.20
7/22/2026 20:26:33,1.17.3,FR5,67,3.99,nan,5,Left,Left,94,29,18,0,nan,nan,0.02
7/22/2026 20:26:34,1.17.3,FR5,67,3.99,nan,5,Left,Left,95,29,18,0,nan,nan,0.16
7/22/2026 20:26:37,1.17.3,FR5,67,3.99,1,5,Pellet,Left,95,29,19,0,2.33,172,nan
7/22/2026 20:26:47,1.17.3,FR5,67,3.99,nan,5,Left,Left,96,29,19,0,nan,nan,0.15
7/22/2026 20:26:49,1.17.3,FR5,67,3.99,nan,5,Left,Left,97,29,19,0,nan,nan,0.41
7/22/2026 20:26:55,1.17.3,FR5,67,3.99,nan,5,Right,Left,97,30,19,0,nan,nan,0.16
7/22/2026 20:26:57,1.17.3,FR5,67,3.99,nan,5,Left,Left,98,30,19,0,nan,nan,0.18
7/22/2026 20:26:58,1.17.3,FR5,67,3.99,nan,5,Left,Left,99,30,19,0,nan,nan,0.00
7/22/2026 20:26:59,1.17.3,FR5,67,4.00,nan,5,Left,Left,100,30,19,0,nan,nan,0.29
7/22/2026 20:27:01,1.17.3,FR5,67,3.99,1,5,Pellet,Left,100,30,20,0,0.29,23,nan
7/22/2026 20:27:16,1.17.3,FR5,67,3.99,nan,5,Right,Left,100,31,20,0,nan,nan,0.15
7/22/2026 20:27:18,1.17.3,FR5,67,3.99,nan,5,Left,Left,101,31,20,0,nan,nan,0.05
7/22/2026 20:27:19,1.17.3,FR5,67,3.99,nan,5,Left,Left,102,31,20,0,nan,nan,0.12
7/22/2026 20:29:00,1.17.3,FR5,67,3.99,nan,5,Left,Left,103,31,20,0,nan,nan,0.16
7/22/2026 20:29:06,1.17.3,FR5,67,3.99,nan,5,Left,Left,104,31,20,0,nan,nan,0.59
7/22/2026 20:29:09,1.17.3,FR5,67,3.99,nan,5,Left,Left,105,31,20,0,nan,nan,0.02
7/22/2026 20:29:20,1.17.3,FR5,67,4.00,1,5,Pellet,Left,105,31,21,0,9.59,140,nan
7/22/2026 20:29:34,1.17.3,FR5,67,3.98,nan,5,Left,Left,106,31,21,0,nan,nan,0.81
7/22/2026 20:29:37,1.17.3,FR5,67,3.99,nan,5,Left,Left,107,31,21,0,nan,nan,0.58
7/22/2026 20:31:02,1.17.3,FR5,67,3.99,nan,5,Left,Left,108,31,21,0,nan,nan,0.41
7/22/2026 20:31:13,1.17.3,FR5,67,3.99,nan,5,Left,Left,109,31,21,0,nan,nan,0.44
7/22/2026 20:31:13,1.17.3,FR5,67,3.99,nan,5,Left,Left,110,31,21,0,nan,nan,0.16
7/22/2026 20:31:15,1.17.3,FR5,67,3.99,1,5,Pellet,Left,110,31,22,0,0.71,115,nan
7/22/2026 20:31:39,1.17.3,FR5,67,3.99,nan,5,Left,Left,111,31,22,0,nan,nan,0.12
7/22/2026 20:31:42,1.17.3,FR5,67,3.99,nan,5,Left,Left,112,31,22,0,nan,nan,0.21
7/22/2026 20:31:51,1.17.3,FR5,67,3.99,nan,5,Left,Left,113,31,22,0,nan,nan,0.39
7/22/2026 20:32:03,1.17.3,FR5,67,3.99,nan,5,Left,Left,114,31,22,0,nan,nan,0.28
7/22/2026 20:34:23,1.17.3,FR5,67,3.99,nan,5,Left,Left,115,31,22,0,nan,nan,0.03
7/22/2026 20:34:24,1.17.3,FR5,67,3.99,1,5,Pellet,Left,115,31,23,0,0.59,189,nan
7/22/2026 20:34:36,1.17.3,FR5,67,3.99,nan,5,Left,Left,116,31,23,0,nan,nan,0.21
7/22/2026 20:34:38,1.17.3,FR5,67,4.00,nan,5,Left,Left,117,31,23,0,nan,nan,0.02
7/22/2026 20:38:19,1.17.3,FR5,67,3.99,nan,5,Right,Left,117,32,23,0,nan,nan,0.05
7/22/2026 20:38:20,1.17.3,FR5,67,3.98,nan,5,Left,Left,118,32,23,0,nan,nan,0.16
7/22/2026 20:38:25,1.17.3,FR5,67,3.99,nan,5,Left,Left,119,32,23,0,nan,nan,0.04
7/22/2026 20:42:11,1.17.3,FR5,67,3.99,nan,5,Left,Left,120,32,23,0,nan,nan,0.23
7/22/2026 20:42:12,1.17.3,FR5,67,3.99,1,5,Pellet,Left,120,32,24,0,0.23,468,nan
7/22/2026 20:42:25,1.17.3,FR5,67,3.99,nan,5,Left,Left,121,32,24,0,nan,nan,0.06
7/22/2026 20:45:00,1.17.3,FR5,67,3.99,nan,5,Left,Left,122,32,24,0,nan,nan,0.03
7/22/2026 20:45:10,1.17.3,FR5,67,3.99,nan,5,Left,Left,123,32,24,0,nan,nan,0.08
7/22/2026 20:48:58,1.17.3,FR5,67,3.99,nan,5,Left,Left,124,32,24,0,nan,nan,0.16
7/22/2026 20:49:51,1.17.3,FR5,67,3.98,nan,5,Left,Left,125,32,24,0,nan,nan,0.30
7/22/2026 20:49:52,1.17.3,FR5,67,3.99,2,5,Pellet,Left,125,32,25,0,0.23,460,nan
7/22/2026 20:50:44,1.17.3,FR5,67,3.99,nan,5,Right,Left,125,33,25,0,nan,nan,0.02
7/22/2026 20:50:48,1.17.3,FR5,67,3.99,nan,5,Left,Left,126,33,25,0,nan,nan,0.03
7/22/2026 20:50:49,1.17.3,FR5,67,3.99,nan,5,Left,Left,127,33,25,0,nan,nan,0.00
7/22/2026 20:51:08,1.17.3,FR5,67,3.99,nan,5,Right,Left,127,34,25,0,nan,nan,0.00
7/22/2026 20:51:10,1.17.3,FR5,67,4.00,nan,5,Right,Left,127,35,25,0,nan,nan,0.13
7/22/2026 20:54:19,1.17.3,FR5,67,3.99,nan,5,Left,Left,128,35,25,0,nan,nan,0.10
7/22/2026 20:56:57,1.17.3,FR5,67,3.99,nan,5,Left,Left,129,35,25,0,nan,nan,0.24
7/22/2026 20:58:53,1.17.3,FR5,67,3.99,nan,5,Left,Left,130,35,25,0,nan,nan,0.26
7/22/2026 20:58:54,1.17.3,FR5,67,3.99,1,5,Pellet,Left,130,35,26,0,0.41,542,nan
7/22/2026 20:59:09,1.17.3,FR5,67,3.99,nan,5,Left,Left,131,35,26,0,nan,nan,0.11
7/22/2026 21:01:41,1.17.3,FR5,67,3.99,nan,5,Left,Left,132,35,26,0,nan,nan,0.07
7/22/2026 21:14:09,1.17.3,FR5,67,3.99,nan,5,Left,Left,133,35,26,0,nan,nan,0.20
7/22/2026 21:18:00,1.17.3,FR5,67,3.99,nan,5,Right,Left,133,36,26,0,nan,nan,0.07
7/22/2026 21:18:20,1.17.3,FR5,67,3.99,nan,5,Left,Left,134,36,26,0,nan,nan,0.02
7/22/2026 21:22:06,1.17.3,FR5,67,3.99,nan,5,Left,Left,135,36,26,0,nan,nan,0.14
7/22/2026 21:22:07,1.17.3,FR5,67,3.99,1,5,Pellet,Left,135,36,27,0,0.29,1393,nan
7/22/2026 21:22:24,1.17.3,FR5,67,3.98,nan,5,Left,Left,136,36,27,0,nan,nan,0.77
7/22/2026 21:22:26,1.17.3,FR5,67,3.98,nan,5,Left,Left,137,36,27,0,nan,nan,0.48
7/22/2026 21:22:29,1.17.3,FR5,67,3.99,nan,5,Left,Left,138,36,27,0,nan,nan,0.20
7/22/2026 21:22:31,1.17.3,FR5,67,3.98,nan,5,Left,Left,139,36,27,0,nan,nan,0.44
7/22/2026 21:22:57,1.17.3,FR5,67,3.99,nan,5,Left,Left,140,36,27,0,nan,nan,0.35
7/22/2026 21:22:59,1.17.3,FR5,67,3.98,1,5,Pellet,Left,140,36,28,0,1.25,52,nan
7/22/2026 21:23:10,1.17.3,FR5,67,3.99,nan,5,Left,Left,141,36,28,0,nan,nan,0.12
7/22/2026 21:23:15,1.17.3,FR5,67,3.99,nan,5,Left,Left,142,36,28,0,nan,nan,0.03
7/22/2026 21:23:27,1.17.3,FR5,67,3.99,nan,5,Left,Left,143,36,28,0,nan,nan,0.03
7/22/2026 21:23:35,1.17.3,FR5,67,3.99,nan,5,Left,Left,144,36,28,0,nan,nan,0.20
7/22/2026 21:24:57,1.17.3,FR5,67,3.99,nan,5,Left,Left,145,36,28,0,nan,nan,0.17
7/22/2026 21:24:58,1.17.3,FR5,67,3.99,1,5,Pellet,Left,145,36,29,0,0.71,119,nan
7/22/2026 21:25:21,1.17.3,FR5,67,3.99,nan,5,Right,Left,145,37,29,0,nan,nan,0.06
7/22/2026 21:25:28,1.17.3,FR5,67,3.99,nan,5,Left,Left,146,37,29,0,nan,nan,0.14
7/22/2026 21:25:31,1.17.3,FR5,67,3.98,nan,5,Left,Left,147,37,29,0,nan,nan,0.03
7/22/2026 21:25:33,1.17.3,FR5,67,3.98,nan,5,Left,Left,148,37,29,0,nan,nan,0.11
7/22/2026 21:25:40,1.17.3,FR5,67,3.99,nan,5,Right,Left,148,38,29,0,nan,nan,0.16
7/22/2026 21:25:41,1.17.3,FR5,67,3.99,nan,5,Right,Left,148,39,29,0,nan,nan,0.50
7/22/2026 21:25:43,1.17.3,FR5,67,3.99,nan,5,Right,Left,148,40,29,0,nan,nan,0.74
7/22/2026 21:26:31,1.17.3,FR5,67,3.98,nan,5,Left,Left,149,40,29,0,nan,nan,0.23
7/22/2026 21:28:15,1.17.3,FR5,67,3.99,nan,5,Left,Left,150,40,29,0,nan,nan,0.09
7/22/2026 21:28:16,1.17.3,FR5,67,3.99,1,5,Pellet,Left,150,40,30,0,0.35,198,nan
7/22/2026 21:28:27,1.17.3,FR5,67,3.99,nan,5,Left,Left,151,40,30,0,nan,nan,0.33
7/22/2026 21:28:49,1.17.3,FR5,67,3.99,nan,5,Left,Left,152,40,30,0,nan,nan,0.17
7/22/2026 21:28:54,1.17.3,FR5,67,4.00,nan,5,Left,Left,153,40,30,0,nan,nan,0.17
7/22/2026 21:28:55,1.17.3,FR5,67,3.99,nan,5,Left,Left,154,40,30,0,nan,nan,0.27
7/22/2026 21:28:56,1.17.3,FR5,67,3.99,nan,5,Left,Left,155,40,30,0,nan,nan,0.12
7/22/2026 21:28:57,1.17.3,FR5,67,3.98,1,5,Pellet,Left,155,40,31,0,0.23,41,nan
7/22/2026 21:29:15,1.17.3,FR5,67,3.99,nan,5,Left,Left,156,40,31,0,nan,nan,0.10
7/22/2026 21:30:04,1.17.3,FR5,67,3.99,nan,5,Left,Left,157,40,31,0,nan,nan,0.11
7/22/2026 21:30:14,1.17.3,FR5,67,3.99,nan,5,Left,Left,158,40,31,0,nan,nan,0.16
7/22/2026 21:30:17,1.17.3,FR5,67,3.99,nan,5,Left,Left,159,40,31,0,nan,nan,0.14
7/22/2026 21:30:24,1.17.3,FR5,67,3.99,nan,5,Right,Left,159,41,31,0,nan,nan,0.26
7/22/2026 21:30:26,1.17.3,FR5,67,3.99,nan,5,Left,Left,160,41,31,0,nan,nan,0.14
7/22/2026 21:30:27,1.17.3,FR5,67,3.99,1,5,Pellet,Left,160,41,32,0,1.01,90,nan
7/22/2026 21:33:43,1.17.3,FR5,67,3.99,nan,5,Left,Left,161,41,32,0,nan,nan,0.00
7/22/2026 21:36:24,1.17.3,FR5,67,3.98,nan,5,Left,Left,162,41,32,0,nan,nan,0.06
7/22/2026 21:39:42,1.17.3,FR5,67,3.98,nan,5,Left,Left,163,41,32,0,nan,nan,0.14
7/22/2026 21:39:43,1.17.3,FR5,67,3.99,nan,5,Left,Left,164,41,32,0,nan,nan,0.09
7/22/2026 21:39:54,1.17.3,FR5,67,3.99,nan,5,Left,Left,165,41,32,0,nan,nan,0.13
7/22/2026 21:39:56,1.17.3,FR5,67,3.99,1,5,Pellet,Left,165,41,33,0,0.89,569,nan
7/22/2026 21:41:24,1.17.3,FR5,67,3.98,nan,5,Left,Left,166,41,33,0,nan,nan,0.04
7/22/2026 21:42:17,1.17.3,FR5,67,3.99,nan,5,Left,Left,167,41,33,0,nan,nan,0.55
7/22/2026 21:42:24,1.17.3,FR5,67,3.98,nan,5,Left,Left,168,41,33,0,nan,nan,0.21
7/22/2026 21:42:40,1.17.3,FR5,67,3.99,nan,5,Left,Left,169,41,33,0,nan,nan,0.06
7/22/2026 21:42:41,1.17.3,FR5,67,3.99,nan,5,Left,Left,170,41,33,0,nan,nan,0.20
7/22/2026 21:42:42,1.17.3,FR5,67,3.99,1,5,Pellet,Left,170,41,34,0,0.17,165,nan
7/22/2026 21:45:16,1.17.3,FR5,67,3.99,nan,5,Left,Left,171,41,34,0,nan,nan,0.20
7/22/2026 21:45:19,1.17.3,FR5,67,3.98,nan,5,Right,Left,171,42,34,0,nan,nan,0.18
7/22/2026 21:45:23,1.17.3,FR5,67,3.99,nan,5,Left,Left,172,42,34,0,nan,nan,0.27
7/22/2026 21:45:27,1.17.3,FR5,67,3.99,nan,5,Left,Left,173,42,34,0,nan,nan,0.05
7/22/2026 21:45:49,1.17.3,FR5,67,3.99,nan,5,Left,Left,174,42,34,0,nan,nan,0.35
7/22/2026 21:47:01,1.17.3,FR5,67,3.99,nan,5,Left,Left,175,42,34,0,nan,nan,0.07
7/22/2026 21:47:02,1.17.3,FR5,67,3.98,1,5,Pellet,Left,175,42,35,0,0.29,261,nan
7/22/2026 21:48:02,1.17.3,FR5,67,3.99,nan,5,Left,Left,176,42,35,0,nan,nan,0.10
7/22/2026 21:48:05,1.17.3,FR5,67,3.99,nan,5,Left,Left,177,42,35,0,nan,nan,0.19
7/22/2026 21:48:06,1.17.3,FR5,67,3.99,nan,5,Left,Left,178,42,35,0,nan,nan,0.21
7/22/2026 21:48:09,1.17.3,FR5,67,3.98,nan,5,Left,Left,179,42,35,0,nan,nan,0.28
7/22/2026 21:48:11,1.17.3,FR5,67,3.99,nan,5,Left,Left,180,42,35,0,nan,nan,0.30
7/22/2026 21:48:12,1.17.3,FR5,67,3.98,1,5,Pellet,Left,180,42,36,0,0.23,70,nan
7/22/2026 21:50:01,1.17.3,FR5,67,3.98,nan,5,Left,Left,181,42,36,0,nan,nan,0.19
7/22/2026 21:57:35,1.17.3,FR5,67,3.99,nan,5,Left,Left,182,42,36,0,nan,nan,0.06
7/22/2026 21:57:39,1.17.3,FR5,67,3.99,nan,5,Left,Left,183,42,36,0,nan,nan,0.09
7/22/2026 21:57:42,1.17.3,FR5,67,3.98,nan,5,Left,Left,184,42,36,0,nan,nan,0.05
7/22/2026 22:14:03,1.17.3,FR5,67,3.99,nan,5,Left,Left,185,42,36,0,nan,nan,0.22
7/22/2026 22:14:04,1.17.3,FR5,67,3.98,1,5,Pellet,Left,185,42,37,0,0.17,1552,nan
7/22/2026 22:14:20,1.17.3,FR5,67,3.99,nan,5,Left,Left,186,42,37,0,nan,nan,0.12
7/22/2026 22:14:25,1.17.3,FR5,67,3.98,nan,5,Left,Left,187,42,37,0,nan,nan,0.02
7/22/2026 22:14:26,1.17.3,FR5,67,3.98,nan,5,Left,Left,188,42,37,0,nan,nan,0.31
7/22/2026 22:14:28,1.17.3,FR5,67,3.98,nan,5,Left,Left,189,42,37,0,nan,nan,0.08
7/22/2026 22:14:29,1.17.3,FR5,67,3.98,nan,5,Left,Left,190,42,37,0,nan,nan,0.14
7/22/2026 22:14:31,1.17.3,FR5,67,3.98,1,5,Pellet,Left,190,42,38,0,0.95,27,nan
7/22/2026 22:14:43,1.17.3,FR5,67,3.98,nan,5,Left,Left,191,42,38,0,nan,nan,0.03
7/22/2026 22:14:51,1.17.3,FR5,67,3.99,nan,5,Left,Left,192,42,38,0,nan,nan,0.02
7/22/2026 22:14:52,1.17.3,FR5,67,3.98,nan,5,Left,Left,193,42,38,0,nan,nan,0.05
7/22/2026 22:14:56,1.17.3,FR5,67,3.98,nan,5,Left,Left,194,42,38,0,nan,nan,0.22
7/22/2026 22:14:57,1.17.3,FR5,67,3.98,nan,5,Left,Left,195,42,38,0,nan,nan,0.00
7/22/2026 22:14:59,1.17.3,FR5,67,3.99,1,5,Pellet,Left,195,42,39,0,0.59,28,nan
7/22/2026 22:15:08,1.17.3,FR5,67,3.98,nan,5,Left,Left,196,42,39,0,nan,nan,0.40
7/22/2026 22:15:09,1.17.3,FR5,67,3.98,nan,5,Left,Left,197,42,39,0,nan,nan,0.02
7/22/2026 22:15:23,1.17.3,FR5,67,3.98,nan,5,Left,Left,198,42,39,0,nan,nan,0.38
7/22/2026 22:15:25,1.17.3,FR5,67,3.98,nan,5,Left,Left,199,42,39,0,nan,nan,0.02
7/22/2026 22:15:28,1.17.3,FR5,67,3.99,nan,5,Left,Left,200,42,39,0,nan,nan,0.37
7/22/2026 22:15:29,1.17.3,FR5,67,3.99,1,5,Pellet,Left,200,42,40,0,0.23,30,nan
7/22/2026 22:15:41,1.17.3,FR5,67,3.99,nan,5,Left,Left,201,42,40,0,nan,nan,0.15
7/22/2026 22:15:42,1.17.3,FR5,67,3.99,nan,5,Left,Left,202,42,40,0,nan,nan,0.25
7/22/2026 22:15:50,1.17.3,FR5,67,3.99,nan,5,Left,Left,203,42,40,0,nan,nan,1.17
7/22/2026 22:15:54,1.17.3,FR5,67,3.98,nan,5,Left,Left,204,42,40,0,nan,nan,0.14
7/22/2026 22:15:58,1.17.3,FR5,67,3.99,nan,5,Left,Left,205,42,40,0,nan,nan,0.26
7/22/2026 22:15:59,1.17.3,FR5,67,3.98,nan,5,LeftDuringDispense,Left,206,42,40,0,nan,nan,0.09
7/22/2026 22:15:59,1.17.3,FR5,67,3.98,nan,5,LeftDuringDispense,Left,207,42,40,0,nan,nan,0.40
7/22/2026 22:16:02,1.17.3,FR5,67,3.98,2,5,Pellet,Left,207,42,41,0,0.17,33,nan
7/22/2026 22:16:16,1.17.3,FR5,67,3.98,nan,5,Left,Left,208,42,41,0,nan,nan,0.11
7/22/2026 22:16:18,1.17.3,FR5,67,3.99,nan,5,Left,Left,209,42,41,0,nan,nan,0.76
7/22/2026 22:16:20,1.17.3,FR5,67,3.99,nan,5,Left,Left,210,42,41,0,nan,nan,0.17
7/22/2026 22:16:21,1.17.3,FR5,67,3.98,1,5,Pellet,Left,210,42,42,0,0.29,19,nan
7/22/2026 22:17:19,1.17.3,FR5,67,3.99,nan,5,Left,Left,211,42,42,0,nan,nan,0.33
7/22/2026 22:18:24,1.17.3,FR5,67,3.98,nan,5,Left,Left,212,42,42,0,nan,nan,0.02
7/22/2026 22:18:28,1.17.3,FR5,67,3.99,nan,5,Left,Left,213,42,42,0,nan,nan,0.14
7/22/2026 22:18:31,1.17.3,FR5,67,3.98,nan,5,Left,Left,214,42,42,0,nan,nan,0.21
7/22/2026 22:18:40,1.17.3,FR5,67,3.98,nan,5,Left,Left,215,42,42,0,nan,nan,0.22
7/22/2026 22:18:41,1.17.3,FR5,67,3.98,1,5,Pellet,Left,215,42,43,0,0.47,140,nan
7/22/2026 22:22:56,1.17.3,FR5,67,3.98,nan,5,Right,Left,215,43,43,0,nan,nan,0.18
7/22/2026 22:22:58,1.17.3,FR5,67,3.99,nan,5,Left,Left,216,43,43,0,nan,nan,0.03
7/22/2026 22:22:59,1.17.3,FR5,67,3.99,nan,5,Left,Left,217,43,43,0,nan,nan,0.33
7/22/2026 22:23:05,1.17.3,FR5,67,3.99,nan,5,Left,Left,218,43,43,0,nan,nan,0.43
7/22/2026 22:23:08,1.17.3,FR5,67,3.98,nan,5,Left,Left,219,43,43,0,nan,nan,0.13
7/22/2026 22:25:59,1.17.3,FR5,67,3.98,nan,5,Left,Left,220,43,43,0,nan,nan,0.07
7/22/2026 22:26:00,1.17.3,FR5,67,3.98,1,5,Pellet,Left,220,43,44,0,0.35,439,nan
7/22/2026 22:26:15,1.17.3,FR5,67,3.98,nan,5,Left,Left,221,43,44,0,nan,nan,0.13
7/22/2026 22:26:17,1.17.3,FR5,67,3.98,nan,5,Left,Left,222,43,44,0,nan,nan,0.11
7/22/2026 22:26:23,1.17.3,FR5,67,3.99,nan,5,Right,Left,222,44,44,0,nan,nan,0.11
7/22/2026 22:26:26,1.17.3,FR5,67,3.98,nan,5,Left,Left,223,44,44,0,nan,nan,0.15
7/22/2026 22:31:27,1.17.3,FR5,67,3.99,nan,5,Left,Left,224,44,44,0,nan,nan,0.22
7/22/2026 22:31:32,1.17.3,FR5,67,3.99,nan,5,Left,Left,225,44,44,0,nan,nan,0.49
7/22/2026 22:31:34,1.17.3,FR5,67,3.98,1,5,Pellet,Left,225,44,45,0,0.95,333,nan
7/22/2026 22:33:16,1.17.3,FR5,67,3.99,nan,5,Left,Left,226,44,45,0,nan,nan,0.02
7/22/2026 22:33:25,1.17.3,FR5,67,3.98,nan,5,Left,Left,227,44,45,0,nan,nan,0.17
7/22/2026 22:33:29,1.17.3,FR5,67,3.98,nan,5,Left,Left,228,44,45,0,nan,nan,0.58
7/22/2026 22:33:32,1.17.3,FR5,67,3.98,nan,5,Left,Left,229,44,45,0,nan,nan,0.09
7/22/2026 22:33:33,1.17.3,FR5,67,3.99,nan,5,Left,Left,230,44,45,0,nan,nan,0.12
7/22/2026 22:33:34,1.17.3,FR5,67,3.98,1,5,Pellet,Left,230,44,46,0,0.12,121,nan
7/22/2026 22:42:31,1.17.3,FR5,67,3.98,nan,5,Left,Left,231,44,46,0,nan,nan,0.21
7/22/2026 22:44:15,1.17.3,FR5,67,3.98,nan,5,Left,Left,232,44,46,0,nan,nan,0.91
7/22/2026 22:44:20,1.17.3,FR5,67,3.98,nan,5,Left,Left,233,44,46,0,nan,nan,0.01
7/22/2026 22:44:24,1.17.3,FR5,67,3.99,nan,5,Left,Left,234,44,46,0,nan,nan,0.06
7/22/2026 22:44:27,1.17.3,FR5,67,3.98,nan,5,Right,Left,234,45,46,0,nan,nan,0.05
7/22/2026 22:44:36,1.17.3,FR5,67,3.99,nan,5,Left,Left,235,45,46,0,nan,nan,0.11
7/22/2026 22:44:37,1.17.3,FR5,67,3.98,1,5,Pellet,Left,235,45,47,0,1.07,663,nan
7/22/2026 22:46:38,1.17.3,FR5,67,3.98,nan,5,Left,Left,236,45,47,0,nan,nan,0.04
7/22/2026 22:51:49,1.17.3,FR5,67,3.98,nan,5,Left,Left,237,45,47,0,nan,nan,0.02
7/22/2026 22:59:48,1.17.3,FR5,67,3.99,nan,5,Left,Left,238,45,47,0,nan,nan,0.09
7/22/2026 23:01:33,1.17.3,FR5,67,3.98,nan,5,Left,Left,239,45,47,0,nan,nan,0.09
7/22/2026 23:01:39,1.17.3,FR5,67,3.98,nan,5,Left,Left,240,45,47,0,nan,nan,0.00
7/22/2026 23:01:50,1.17.3,FR5,67,3.98,1,5,Pellet,Left,240,45,48,0,10.25,1033,nan
7/22/2026 23:08:09,1.17.3,FR5,67,3.98,nan,5,Right,Left,240,46,48,0,nan,nan,0.50
7/22/2026 23:08:34,1.17.3,FR5,67,3.98,nan,5,Left,Left,241,46,48,0,nan,nan,0.09
7/22/2026 23:08:47,1.17.3,FR5,67,3.98,nan,5,Left,Left,242,46,48,0,nan,nan,0.08
7/22/2026 23:15:51,1.17.3,FR5,67,3.98,nan,5,Right,Left,242,47,48,0,nan,nan,0.08
7/22/2026 23:16:02,1.17.3,FR5,67,3.98,nan,5,Left,Left,243,47,48,0,nan,nan,0.29
7/22/2026 23:16:04,1.17.3,FR5,67,3.98,nan,5,Left,Left,244,47,48,0,nan,nan,1.58
7/22/2026 23:16:08,1.17.3,FR5,67,3.99,nan,5,Left,Left,245,47,48,0,nan,nan,0.14
7/22/2026 23:16:10,1.17.3,FR5,67,3.98,1,5,Pellet,Left,245,47,49,0,1.73,860,nan
7/22/2026 23:18:42,1.17.3,FR5,67,3.98,nan,5,Left,Left,246,47,49,0,nan,nan,0.23
7/22/2026 23:19:31,1.17.3,FR5,67,3.99,nan,5,Left,Left,247,47,49,0,nan,nan,0.07
7/22/2026 23:19:35,1.17.3,FR5,67,3.98,nan,5,Left,Left,248,47,49,0,nan,nan,0.36
7/22/2026 23:19:41,1.17.3,FR5,67,3.98,nan,5,Left,Left,249,47,49,0,nan,nan,0.17
7/22/2026 23:57:36,1.17.3,FR5,67,3.98,nan,5,Left,Left,250,47,49,0,nan,nan,0.50
7/22/2026 23:57:37,1.17.3,FR5,67,3.98,1,5,Pellet,Left,250,47,50,0,0.47,2487,nan
7/22/2026 23:57:57,1.17.3,FR5,67,3.98,nan,5,Left,Left,251,47,50,0,nan,nan,0.28
7/22/2026 23:59:04,1.17.3,FR5,67,3.98,nan,5,Left,Left,252,47,50,0,nan,nan,0.10
7/22/2026 23:59:05,1.17.3,FR5,67,3.98,nan,5,Left,Left,253,47,50,0,nan,nan,0.13
7/22/2026 23:59:09,1.17.3,FR5,67,3.98,nan,5,Left,Left,254,47,50,0,nan,nan,0.12
7/22/2026 23:59:10,1.17.3,FR5,67,3.98,nan,5,Left,Left,255,47,50,0,nan,nan,0.26
7/22/2026 23:59:12,1.17.3,FR5,67,3.98,1,5,Pellet,Left,255,47,51,0,0.65,95,nan
7/23/2026 0:03:18,1.17.3,FR5,67,3.98,nan,5,Left,Left,256,47,51,0,nan,nan,0.08
7/23/2026 0:03:25,1.17.3,FR5,67,3.98,nan,5,Left,Left,257,47,51,0,nan,nan,0.09
7/23/2026 0:03:26,1.17.3,FR5,67,3.98,nan,5,Left,Left,258,47,51,0,nan,nan,0.03
7/23/2026 0:03:28,1.17.3,FR5,67,3.98,nan,5,Left,Left,259,47,51,0,nan,nan,0.57
7/23/2026 0:05:45,1.17.3,FR5,67,3.98,nan,5,Left,Left,260,47,51,0,nan,nan,0.08
7/23/2026 0:05:47,1.17.3,FR5,67,3.98,1,5,Pellet,Left,260,47,52,0,1.31,395,nan
7/23/2026 0:06:57,1.17.3,FR5,67,3.98,nan,5,Left,Left,261,47,52,0,nan,nan,0.15
7/23/2026 0:06:58,1.17.3,FR5,67,3.98,nan,5,Left,Left,262,47,52,0,nan,nan,0.19
7/23/2026 0:07:00,1.17.3,FR5,67,3.98,nan,5,Left,Left,263,47,52,0,nan,nan,0.66
7/23/2026 0:07:08,1.17.3,FR5,67,3.98,nan,5,Left,Left,264,47,52,0,nan,nan,0.18
7/23/2026 0:07:11,1.17.3,FR5,67,3.98,nan,5,Left,Left,265,47,52,0,nan,nan,0.53
7/23/2026 0:07:12,1.17.3,FR5,67,3.98,1,5,Pellet,Left,265,47,53,0,0.23,85,nan
7/23/2026 0:08:20,1.17.3,FR5,67,3.98,nan,5,Left,Left,266,47,53,0,nan,nan,0.17
7/23/2026 0:09:18,1.17.3,FR5,67,3.98,nan,5,Left,Left,267,47,53,0,nan,nan,0.07
7/23/2026 0:09:20,1.17.3,FR5,67,3.98,nan,5,Left,Left,268,47,53,0,nan,nan,0.02
7/23/2026 0:13:45,1.17.3,FR5,67,3.98,nan,5,Left,Left,269,47,53,0,nan,nan,0.19
7/23/2026 0:13:50,1.17.3,FR5,67,3.98,nan,5,Right,Left,269,48,53,0,nan,nan,0.18
7/23/2026 0:13:51,1.17.3,FR5,67,3.98,nan,5,Left,Left,270,48,53,0,nan,nan,0.11
7/23/2026 0:13:52,1.17.3,FR5,67,3.98,1,5,Pellet,Left,270,48,54,0,0.23,400,nan
7/23/2026 0:14:02,1.17.3,FR5,67,3.98,nan,5,Right,Left,270,49,54,0,nan,nan,0.17
7/23/2026 0:16:25,1.17.3,FR5,67,3.98,nan,5,Left,Left,271,49,54,0,nan,nan,0.04
7/23/2026 0:17:27,1.17.3,FR5,67,3.98,nan,5,Right,Left,271,50,54,0,nan,nan,0.15
7/23/2026 0:20:05,1.17.3,FR5,67,3.98,nan,5,Left,Left,272,50,54,0,nan,nan,0.34
7/23/2026 0:22:13,1.17.3,FR5,67,3.98,nan,5,Right,Left,272,51,54,0,nan,nan,0.26
7/23/2026 0:22:17,1.17.3,FR5,67,3.98,nan,5,Left,Left,273,51,54,0,nan,nan,0.01
7/23/2026 0:22:27,1.17.3,FR5,67,3.98,nan,5,Left,Left,274,51,54,0,nan,nan,0.12
7/23/2026 0:22:31,1.17.3,FR5,67,3.98,nan,5,Left,Left,275,51,54,0,nan,nan,0.24
7/23/2026 0:22:32,1.17.3,FR5,67,3.98,1,5,Pellet,Left,275,51,55,0,0.47,520,nan
7/23/2026 0:22:40,1.17.3,FR5,67,3.98,nan,5,Left,Left,276,51,55,0,nan,nan,0.08
7/23/2026 0:22:53,1.17.3,FR5,67,3.98,nan,5,Left,Left,277,51,55,0,nan,nan,0.29
7/23/2026 0:25:53,1.17.3,FR5,67,3.98,nan,5,Left,Left,278,51,55,0,nan,nan,0.08
7/23/2026 0:25:54,1.17.3,FR5,67,3.98,nan,5,Left,Left,279,51,55,0,nan,nan,0.00
7/23/2026 0:29:34,1.17.3,FR5,67,3.98,nan,5,Left,Left,280,51,55,0,nan,nan,0.19
7/23/2026 0:29:35,1.17.3,FR5,67,3.98,1,5,Pellet,Left,280,51,56,0,0.71,423,nan
7/23/2026 0:29:48,1.17.3,FR5,67,3.98,nan,5,Left,Left,281,51,56,0,nan,nan,0.24
7/23/2026 0:29:59,1.17.3,FR5,67,3.98,nan,5,Left,Left,282,51,56,0,nan,nan,0.04
7/23/2026 0:30:10,1.17.3,FR5,67,3.98,nan,5,Right,Left,282,52,56,0,nan,nan,0.24
7/23/2026 0:30:13,1.17.3,FR5,67,3.98,nan,5,Right,Left,282,53,56,0,nan,nan,1.49
7/23/2026 0:30:15,1.17.3,FR5,67,3.98,nan,5,Right,Left,282,54,56,0,nan,nan,0.63
7/23/2026 0:30:16,1.17.3,FR5,67,3.98,nan,5,Right,Left,282,55,56,0,nan,nan,0.09
7/23/2026 0:30:17,1.17.3,FR5,67,3.98,nan,5,Right,Left,282,56,56,0,nan,nan,0.00
7/23/2026 0:30:24,1.17.3,FR5,67,3.98,nan,5,Right,Left,282,57,56,0,nan,nan,0.52
7/23/2026 0:30:25,1.17.3,FR5,67,3.98,nan,5,Right,Left,282,58,56,0,nan,nan,0.00
7/23/2026 0:30:29,1.17.3,FR5,67,3.98,nan,5,Right,Left,282,59,56,0,nan,nan,2.32
7/23/2026 0:30:40,1.17.3,FR5,67,3.98,nan,5,Right,Left,282,60,56,0,nan,nan,0.37
7/23/2026 0:30:43,1.17.3,FR5,67,3.98,nan,5,Right,Left,282,61,56,0,nan,nan,0.93
7/23/2026 0:30:44,1.17.3,FR5,67,3.98,nan,5,Right,Left,282,62,56,0,nan,nan,0.00
7/23/2026 0:30:47,1.17.3,FR5,67,3.98,nan,5,Right,Left,282,63,56,0,nan,nan,0.62
7/23/2026 0:30:48,1.17.3,FR5,67,3.98,nan,5,Right,Left,282,64,56,0,nan,nan,0.00
7/23/2026 0:30:53,1.17.3,FR5,67,3.98,nan,5,Right,Left,282,65,56,0,nan,nan,0.54
7/23/2026 0:30:57,1.17.3,FR5,67,3.98,nan,5,Right,Left,282,66,56,0,nan,nan,0.48
7/23/2026 0:31:04,1.17.3,FR5,67,3.98,nan,5,Right,Left,282,67,56,0,nan,nan,0.04
7/23/2026 0:31:08,1.17.3,FR5,67,3.98,nan,5,Left,Left,283,67,56,0,nan,nan,0.30
7/23/2026 0:31:10,1.17.3,FR5,67,3.98,nan,5,Left,Left,284,67,56,0,nan,nan,0.12
7/23/2026 0:31:11,1.17.3,FR5,67,3.98,nan,5,Left,Left,285,67,56,0,nan,nan,0.00
7/23/2026 0:31:12,1.17.3,FR5,67,3.98,1,5,Pellet,Left,285,67,57,0,0.29,97,nan
7/23/2026 0:32:13,1.17.3,FR5,67,3.98,nan,5,Right,Left,285,68,57,0,nan,nan,0.09
7/23/2026 0:32:14,1.17.3,FR5,67,3.98,nan,5,Right,Left,285,69,57,0,nan,nan,0.00
7/23/2026 0:35:25,1.17.3,FR5,67,3.98,nan,5,Left,Left,286,69,57,0,nan,nan,0.01
7/23/2026 0:35:31,1.17.3,FR5,67,3.98,nan,5,Left,Left,287,69,57,0,nan,nan,0.23
7/23/2026 0:35:36,1.17.3,FR5,67,3.98,nan,5,Left,Left,288,69,57,0,nan,nan,1.00
7/23/2026 0:35:38,1.17.3,FR5,67,3.98,nan,5,Left,Left,289,69,57,0,nan,nan,0.05
7/23/2026 0:35:49,1.17.3,FR5,67,3.98,nan,5,Left,Left,290,69,57,0,nan,nan,0.11
7/23/2026 0:35:50,1.17.3,FR5,67,3.98,2,5,Pellet,Left,290,69,58,0,0.12,278,nan
7/23/2026 0:35:58,1.17.3,FR5,67,3.98,nan,5,Left,Left,291,69,58,0,nan,nan,0.11
7/23/2026 0:37:48,1.17.3,FR5,67,3.98,nan,5,Left,Left,292,69,58,0,nan,nan,0.54
7/23/2026 0:42:38,1.17.3,FR5,67,3.98,nan,5,Left,Left,293,69,58,0,nan,nan,0.23
7/23/2026 0:42:46,1.17.3,FR5,67,3.98,nan,5,Right,Left,293,70,58,0,nan,nan,0.40
7/23/2026 0:42:47,1.17.3,FR5,67,3.98,nan,5,Left,Left,294,70,58,0,nan,nan,0.09
7/23/2026 0:42:48,1.17.3,FR5,67,3.98,nan,5,Left,Left,295,70,58,0,nan,nan,0.00
7/23/2026 0:42:49,1.17.3,FR5,67,3.98,1,5,Pellet,Left,295,70,59,0,0.65,419,nan
7/23/2026 0:48:07,1.17.3,FR5,67,3.98,nan,5,Left,Left,296,70,59,0,nan,nan,0.19
7/23/2026 0:48:12,1.17.3,FR5,67,3.98,nan,5,Left,Left,297,70,59,0,nan,nan,0.15
7/23/2026 0:48:14,1.17.3,FR5,67,3.98,nan,5,Left,Left,298,70,59,0,nan,nan,0.74
7/23/2026 0:48:22,1.17.3,FR5,67,3.98,nan,5,Left,Left,299,70,59,0,nan,nan,0.52
7/23/2026 0:48:24,1.17.3,FR5,67,3.98,nan,5,Left,Left,300,70,59,0,nan,nan,0.27
7/23/2026 0:48:25,1.17.3,FR5,67,3.98,1,5,Pellet,Left,300,70,60,0,0.29,336,nan
7/23/2026 0:48:38,1.17.3,FR5,67,3.98,nan,5,Right,Left,300,71,60,0,nan,nan,0.08
7/23/2026 0:52:22,1.17.3,FR5,67,3.98,nan,5,Left,Left,301,71,60,0,nan,nan,0.44
7/23/2026 0:52:24,1.17.3,FR5,67,3.98,nan,5,Left,Left,302,71,60,0,nan,nan,1.25
7/23/2026 0:52:26,1.17.3,FR5,67,3.98,nan,5,Left,Left,303,71,60,0,nan,nan,0.63
7/23/2026 1:15:59,1.17.3,FR5,67,3.98,nan,5,Left,Left,304,71,60,0,nan,nan,0.04
7/23/2026 1:16:03,1.17.3,FR5,67,3.98,nan,5,Left,Left,305,71,60,0,nan,nan,0.87
7/23/2026 1:16:04,1.17.3,FR5,67,3.98,1,5,Pellet,Left,305,71,61,0,0.29,1659,nan
7/23/2026 1:16:29,1.17.3,FR5,67,3.98,nan,5,Left,Left,306,71,61,0,nan,nan,0.00
7/23/2026 1:16:40,1.17.3,FR5,67,3.98,nan,5,Left,Left,307,71,61,0,nan,nan,0.23
7/23/2026 1:18:13,1.17.3,FR5,67,3.98,nan,5,Right,Left,307,72,61,0,nan,nan,0.37
7/23/2026 1:18:16,1.17.3,FR5,67,3.98,nan,5,Left,Left,308,72,61,0,nan,nan,0.68
7/23/2026 1:18:19,1.17.3,FR5,67,3.98,nan,5,Left,Left,309,72,61,0,nan,nan,0.16
7/23/2026 1:20:00,1.17.3,FR5,67,3.98,nan,5,Right,Left,309,73,61,0,nan,nan,0.02
7/23/2026 1:20:02,1.17.3,FR5,67,3.98,nan,5,Left,Left,310,73,61,0,nan,nan,0.09
7/23/2026 1:20:03,1.17.3,FR5,67,3.98,1,5,Pellet,Left,310,73,62,0,0.35,239,nan
7/23/2026 1:20:22,1.17.3,FR5,67,3.98,nan,5,Left,Left,311,73,62,0,nan,nan,0.06
7/23/2026 1:20:24,1.17.3,FR5,67,3.98,nan,5,Left,Left,312,73,62,0,nan,nan,0.02
7/23/2026 1:28:28,1.17.3,FR5,67,3.98,nan,5,Left,Left,313,73,62,0,nan,nan,0.11
7/23/2026 1:28:29,1.17.3,FR5,67,3.98,nan,5,Left,Left,314,73,62,0,nan,nan,0.20
7/23/2026 1:28:37,1.17.3,FR5,67,3.98,nan,5,Right,Left,314,74,62,0,nan,nan,0.11
7/23/2026 1:28:38,1.17.3,FR5,67,3.98,nan,5,Left,Left,315,74,62,0,nan,nan,0.11
7/23/2026 1:28:40,1.17.3,FR5,67,3.98,1,5,Pellet,Left,315,74,63,0,0.77,517,nan
7/23/2026 1:42:17,1.17.3,FR5,67,3.98,nan,5,Left,Left,316,74,63,0,nan,nan,0.31
7/23/2026 1:42:20,1.17.3,FR5,67,3.98,nan,5,Left,Left,317,74,63,0,nan,nan,0.61
7/23/2026 1:42:22,1.17.3,FR5,67,3.98,nan,5,Left,Left,318,74,63,0,nan,nan,0.02
7/23/2026 1:42:24,1.17.3,FR5,67,3.98,nan,5,Left,Left,319,74,63,0,nan,nan,0.09
7/23/2026 1:42:30,1.17.3,FR5,67,3.98,nan,5,Left,Left,320,74,63,0,nan,nan,0.12
7/23/2026 1:42:31,1.17.3,FR5,67,3.98,1,5,Pellet,Left,320,74,64,0,0.35,831,nan
7/23/2026 1:43:35,1.17.3,FR5,67,3.98,nan,5,Left,Left,321,74,64,0,nan,nan,0.36
7/23/2026 1:48:52,1.17.3,FR5,67,3.98,nan,5,Right,Left,321,75,64,0,nan,nan,0.11
7/23/2026 1:48:55,1.17.3,FR5,67,3.98,nan,5,Left,Left,322,75,64,0,nan,nan,0.09
7/23/2026 1:48:57,1.17.3,FR5,67,3.98,nan,5,Left,Left,323,75,64,0,nan,nan,0.10
7/23/2026 1:49:00,1.17.3,FR5,67,3.98,nan,5,Left,Left,324,75,64,0,nan,nan,0.09
7/23/2026 2:32:33,1.17.3,FR5,67,3.98,nan,5,Left,Left,325,75,64,0,nan,nan,0.16
7/23/2026 2:32:35,1.17.3,FR5,67,3.98,1,5,Pellet,Left,325,75,65,0,0.47,3004,nan
7/23/2026 2:33:16,1.17.3,FR5,67,3.98,nan,5,Left,Left,326,75,65,0,nan,nan,0.29
7/23/2026 2:33:18,1.17.3,FR5,67,3.98,nan,5,Left,Left,327,75,65,0,nan,nan,0.23
7/23/2026 2:33:27,1.17.3,FR5,67,3.98,nan,5,Left,Left,328,75,65,0,nan,nan,0.40
7/23/2026 2:33:30,1.17.3,FR5,67,3.97,nan,5,Left,Left,329,75,65,0,nan,nan,1.99
7/23/2026 2:33:37,1.17.3,FR5,67,3.98,nan,5,Left,Left,330,75,65,0,nan,nan,0.35
7/23/2026 2:33:38,1.17.3,FR5,67,3.98,1,5,Pellet,Left,330,75,66,0,0.29,63,nan
7/23/2026 2:33:46,1.17.3,FR5,67,3.97,nan,5,Right,Left,330,76,66,0,nan,nan,0.30
7/23/2026 2:35:50,1.17.3,FR5,67,3.98,nan,5,Left,Left,331,76,66,0,nan,nan,0.02
7/23/2026 2:35:51,1.17.3,FR5,67,3.98,nan,5,Left,Left,332,76,66,0,nan,nan,0.49
7/23/2026 2:35:53,1.17.3,FR5,67,3.98,nan,5,Left,Left,333,76,66,0,nan,nan,0.30
7/23/2026 2:36:45,1.17.3,FR5,67,3.98,nan,5,Left,Left,334,76,66,0,nan,nan,0.15
7/23/2026 2:39:36,1.17.3,FR5,67,3.98,nan,5,Left,Left,335,76,66,0,nan,nan,0.47
7/23/2026 2:39:37,1.17.3,FR5,67,3.98,1,5,Pellet,Left,335,76,67,0,0.53,359,nan
7/23/2026 2:40:08,1.17.3,FR5,67,3.98,nan,5,Right,Left,335,77,67,0,nan,nan,0.02
7/23/2026 2:40:16,1.17.3,FR5,67,3.98,nan,5,Right,Left,335,78,67,0,nan,nan,0.01
7/23/2026 2:40:32,1.17.3,FR5,67,3.98,nan,5,Left,Left,336,78,67,0,nan,nan,0.04
7/23/2026 2:40:36,1.17.3,FR5,67,3.98,nan,5,Right,Left,336,79,67,0,nan,nan,0.58
7/23/2026 2:40:37,1.17.3,FR5,67,3.97,nan,5,Right,Left,336,80,67,0,nan,nan,0.21
7/23/2026 2:40:43,1.17.3,FR5,67,3.98,nan,5,Right,Left,336,81,67,0,nan,nan,0.00
7/23/2026 2:40:45,1.17.3,FR5,67,3.98,nan,5,Right,Left,336,82,67,0,nan,nan,1.21
7/23/2026 2:40:47,1.17.3,FR5,67,3.97,nan,5,Right,Left,336,83,67,0,nan,nan,0.23
7/23/2026 2:40:51,1.17.3,FR5,67,3.98,nan,5,Left,Left,337,83,67,0,nan,nan,0.66
7/23/2026 2:40:52,1.17.3,FR5,67,3.98,nan,5,Left,Left,338,83,67,0,nan,nan,0.28
7/23/2026 2:40:53,1.17.3,FR5,67,3.98,nan,5,Left,Left,339,83,67,0,nan,nan,0.12
7/23/2026 2:43:02,1.17.3,FR5,67,3.98,nan,5,Left,Left,340,83,67,0,nan,nan,0.07
7/23/2026 2:43:05,1.17.3,FR5,67,3.98,2,5,Pellet,Left,340,83,68,0,2.39,208,nan
7/23/2026 2:43:16,1.17.3,FR5,67,3.98,nan,5,Left,Left,341,83,68,0,nan,nan,0.09
7/23/2026 2:46:38,1.17.3,FR5,67,3.98,nan,5,Left,Left,342,83,68,0,nan,nan,0.84
7/23/2026 2:46:40,1.17.3,FR5,67,3.98,nan,5,Left,Left,343,83,68,0,nan,nan,0.08
7/23/2026 2:46:41,1.17.3,FR5,67,3.98,nan,5,Left,Left,344,83,68,0,nan,nan,0.00
7/23/2026 2:46:43,1.17.3,FR5,67,3.98,nan,5,Left,Left,345,83,68,0,nan,nan,0.46
7/23/2026 2:46:44,1.17.3,FR5,67,3.98,1,5,Pellet,Left,345,83,69,0,0.53,219,nan
7/23/2026 2:46:59,1.17.3,FR5,67,3.98,nan,5,Left,Left,346,83,69,0,nan,nan,0.21
7/23/2026 2:47:02,1.17.3,FR5,67,3.98,nan,5,Left,Left,347,83,69,0,nan,nan,0.24
7/23/2026 2:47:03,1.17.3,FR5,67,3.98,nan,5,Left,Left,348,83,69,0,nan,nan,0.18
7/23/2026 2:49:43,1.17.3,FR5,67,3.98,nan,5,Left,Left,349,83,69,0,nan,nan,0.20
7/23/2026 2:49:45,1.17.3,FR5,67,3.98,nan,5,Left,Left,350,83,69,0,nan,nan,0.21
7/23/2026 2:49:46,1.17.3,FR5,67,3.98,1,5,Pellet,Left,350,83,70,0,0.29,182,nan
7/23/2026 2:59:28,1.17.3,FR5,67,3.98,nan,5,Right,Left,350,84,70,0,nan,nan,0.08
7/23/2026 2:59:30,1.17.3,FR5,67,3.98,nan,5,Left,Left,351,84,70,0,nan,nan,0.02
7/23/2026 3:23:17,1.17.3,FR5,67,3.97,nan,5,Left,Left,352,84,70,0,nan,nan,0.14
7/23/2026 3:23:22,1.17.3,FR5,67,3.97,nan,5,Left,Left,353,84,70,0,nan,nan,0.26
7/23/2026 3:23:23,1.17.3,FR5,67,3.97,nan,5,Left,Left,354,84,70,0,nan,nan,0.12
7/23/2026 3:23:51,1.17.3,FR5,67,3.98,nan,5,Left,Left,355,84,70,0,nan,nan,0.07
7/23/2026 3:23:53,1.17.3,FR5,67,3.98,1,5,Pellet,Left,355,84,71,0,0.59,2047,nan
7/23/2026 3:39:58,1.17.3,FR5,67,3.97,nan,5,Left,Left,356,84,71,0,nan,nan,0.03
7/23/2026 3:40:03,1.17.3,FR5,67,3.97,nan,5,Right,Left,356,85,71,0,nan,nan,0.21
7/23/2026 3:40:06,1.17.3,FR5,67,3.97,nan,5,Left,Left,357,85,71,0,nan,nan,0.32
7/23/2026 3:40:07,1.17.3,FR5,67,3.97,nan,5,Left,Left,358,85,71,0,nan,nan,0.07
7/23/2026 3:40:09,1.17.3,FR5,67,3.98,nan,5,Left,Left,359,85,71,0,nan,nan,0.31
7/23/2026 3:40:12,1.17.3,FR5,67,3.98,nan,5,Left,Left,360,85,71,0,nan,nan,0.08
7/23/2026 3:40:13,1.17.3,FR5,67,3.97,2,5,Pellet,Left,360,85,72,0,0.06,980,nan
7/23/2026 3:43:22,1.17.3,FR5,67,3.97,nan,5,Left,Left,361,85,72,0,nan,nan,0.30
7/23/2026 3:44:04,1.17.3,FR5,67,3.98,nan,5,Left,Left,362,85,72,0,nan,nan,0.71
7/23/2026 3:48:18,1.17.3,FR5,67,3.98,nan,5,Left,Left,363,85,72,0,nan,nan,0.08
7/23/2026 3:49:55,1.17.3,FR5,67,3.98,nan,5,Left,Left,364,85,72,0,nan,nan,0.01
7/23/2026 3:49:58,1.17.3,FR5,67,3.98,nan,5,Right,Left,364,86,72,0,nan,nan,0.17
7/23/2026 3:50:01,1.17.3,FR5,67,3.98,nan,5,Left,Left,365,86,72,0,nan,nan,0.10
7/23/2026 3:50:02,1.17.3,FR5,67,3.97,1,5,Pellet,Left,365,86,73,0,0.35,589,nan
7/23/2026 3:52:27,1.17.3,FR5,67,3.97,nan,5,Left,Left,366,86,73,0,nan,nan,0.01
7/23/2026 3:52:28,1.17.3,FR5,67,3.97,nan,5,Left,Left,367,86,73,0,nan,nan,0.22
7/23/2026 3:52:29,1.17.3,FR5,67,3.98,nan,5,Left,Left,368,86,73,0,nan,nan,0.06
7/23/2026 3:52:30,1.17.3,FR5,67,3.97,nan,5,Left,Left,369,86,73,0,nan,nan,0.67
7/23/2026 3:52:34,1.17.3,FR5,67,3.97,nan,5,Left,Left,370,86,73,0,nan,nan,0.14
7/23/2026 3:52:42,1.17.3,FR5,67,3.97,2,5,Pellet,Left,370,86,74,0,5.03,160,nan
7/23/2026 3:52:58,1.17.3,FR5,67,3.97,nan,5,Left,Left,371,86,74,0,nan,nan,0.13
7/23/2026 3:53:00,1.17.3,FR5,67,3.97,nan,5,Left,Left,372,86,74,0,nan,nan,0.11
7/23/2026 3:53:07,1.17.3,FR5,67,3.98,nan,5,Left,Left,373,86,74,0,nan,nan,0.13
7/23/2026 3:53:57,1.17.3,FR5,67,3.97,nan,5,Right,Left,373,87,74,0,nan,nan,0.19
7/23/2026 4:22:50,1.17.3,FR5,67,3.97,nan,5,Left,Left,374,87,74,0,nan,nan,0.02
7/23/2026 4:22:55,1.17.3,FR5,67,3.98,nan,5,Left,Left,375,87,74,0,nan,nan,0.19
7/23/2026 4:22:57,1.17.3,FR5,67,3.97,1,5,Pellet,Left,375,87,75,0,0.89,1815,nan
7/23/2026 4:25:46,1.17.3,FR5,67,3.97,nan,5,Left,Left,376,87,75,0,nan,nan,0.06
7/23/2026 4:26:38,1.17.3,FR5,67,3.97,nan,5,Right,Left,376,88,75,0,nan,nan,0.01
7/23/2026 4:26:41,1.17.3,FR5,67,3.97,nan,5,Right,Left,376,89,75,0,nan,nan,2.12
7/23/2026 4:26:44,1.17.3,FR5,67,3.97,nan,5,Left,Left,377,89,75,0,nan,nan,0.21
7/23/2026 4:26:46,1.17.3,FR5,67,3.97,nan,5,Left,Left,378,89,75,0,nan,nan,0.79
7/23/2026 4:26:48,1.17.3,FR5,67,3.97,nan,5,Left,Left,379,89,75,0,nan,nan,0.10
7/23/2026 4:26:49,1.17.3,FR5,67,3.98,nan,5,Left,Left,380,89,75,0,nan,nan,0.55
7/23/2026 4:26:50,1.17.3,FR5,67,3.97,1,5,Pellet,Left,380,89,76,0,0.35,233,nan
7/23/2026 4:27:13,1.17.3,FR5,67,3.97,nan,5,Right,Left,380,90,76,0,nan,nan,0.28
7/23/2026 4:27:14,1.17.3,FR5,67,3.97,nan,5,Right,Left,380,91,76,0,nan,nan,0.08
7/23/2026 4:27:22,1.17.3,FR5,67,3.97,nan,5,Left,Left,381,91,76,0,nan,nan,0.09
7/23/2026 4:27:49,1.17.3,FR5,67,3.98,nan,5,Left,Left,382,91,76,0,nan,nan,0.11
7/23/2026 4:27:50,1.17.3,FR5,67,3.97,nan,5,Left,Left,383,91,76,0,nan,nan,0.47
7/23/2026 4:28:02,1.17.3,FR5,67,3.98,nan,5,Right,Left,383,92,76,0,nan,nan,0.00
7/23/2026 4:32:07,1.17.3,FR5,67,3.97,nan,5,Left,Left,384,92,76,0,nan,nan,0.11
7/23/2026 4:37:28,1.17.3,FR5,67,3.97,nan,5,Left,Left,385,92,76,0,nan,nan,0.36
7/23/2026 4:37:29,1.17.3,FR5,67,3.97,1,5,Pellet,Left,385,92,77,0,0.35,639,nan
7/23/2026 4:38:22,1.17.3,FR5,67,3.97,nan,5,Left,Left,386,92,77,0,nan,nan,0.06
7/23/2026 4:39:04,1.17.3,FR5,67,3.97,nan,5,Left,Left,387,92,77,0,nan,nan,0.26
7/23/2026 4:39:05,1.17.3,FR5,67,3.97,nan,5,Left,Left,388,92,77,0,nan,nan,0.13
7/23/2026 4:43:05,1.17.3,FR5,67,3.97,nan,5,Right,Left,388,93,77,0,nan,nan,0.90
7/23/2026 4:43:12,1.17.3,FR5,67,3.97,nan,5,Left,Left,389,93,77,0,nan,nan,0.01
7/23/2026 4:43:17,1.17.3,FR5,67,3.97,nan,5,Left,Left,390,93,77,0,nan,nan,0.13
7/23/2026 4:43:19,1.17.3,FR5,67,3.97,1,5,Pellet,Left,390,93,78,0,0.77,350,nan
7/23/2026 4:43:32,1.17.3,FR5,67,3.97,nan,5,Left,Left,391,93,78,0,nan,nan,0.08
7/23/2026 4:43:35,1.17.3,FR5,67,3.97,nan,5,Left,Left,392,93,78,0,nan,nan,0.15
7/23/2026 4:43:37,1.17.3,FR5,67,3.97,nan,5,Left,Left,393,93,78,0,nan,nan,0.85
7/23/2026 4:43:38,1.17.3,FR5,67,3.97,nan,5,Left,Left,394,93,78,0,nan,nan,0.38
7/23/2026 4:43:40,1.17.3,FR5,67,3.97,nan,5,Left,Left,395,93,78,0,nan,nan,0.08
7/23/2026 4:43:42,1.17.3,FR5,67,3.97,1,5,Pellet,Left,395,93,79,0,0.47,23,nan
7/23/2026 4:43:51,1.17.3,FR5,67,3.97,nan,5,Left,Left,396,93,79,0,nan,nan,0.08
7/23/2026 4:52:05,1.17.3,FR5,67,3.98,nan,5,Left,Left,397,93,79,0,nan,nan,0.08
7/23/2026 5:13:29,1.17.3,FR5,67,3.97,nan,5,Left,Left,398,93,79,0,nan,nan,0.20
7/23/2026 5:15:20,1.17.3,FR5,67,3.96,nan,5,Left,Left,399,93,79,0,nan,nan,0.23
7/23/2026 5:15:26,1.17.3,FR5,67,3.97,nan,5,Left,Left,400,93,79,0,nan,nan,0.16
7/23/2026 5:15:28,1.17.3,FR5,67,3.97,1,5,Pellet,Left,400,93,80,0,0.59,1906,nan
7/23/2026 5:16:02,1.17.3,FR5,67,3.97,nan,5,Right,Left,400,94,80,0,nan,nan,0.34
7/23/2026 5:16:03,1.17.3,FR5,67,3.96,nan,5,Right,Left,400,95,80,0,nan,nan,0.00
7/23/2026 5:16:07,1.17.3,FR5,67,3.97,nan,5,Left,Left,401,95,80,0,nan,nan,0.18
7/23/2026 5:16:09,1.17.3,FR5,67,3.97,nan,5,Left,Left,402,95,80,0,nan,nan,0.85
7/23/2026 5:16:11,1.17.3,FR5,67,3.97,nan,5,Right,Left,402,96,80,0,nan,nan,0.19
7/23/2026 5:16:14,1.17.3,FR5,67,3.96,nan,5,Left,Left,403,96,80,0,nan,nan,0.40
7/23/2026 5:16:20,1.17.3,FR5,67,3.97,nan,5,Right,Left,403,97,80,0,nan,nan,0.00
7/23/2026 5:23:07,1.17.3,FR5,67,3.97,nan,5,Left,Left,404,97,80,0,nan,nan,0.18
7/23/2026 5:24:54,1.17.3,FR5,67,3.97,nan,5,Left,Left,405,97,80,0,nan,nan,0.01
7/23/2026 5:24:54,1.17.3,FR5,67,3.97,nan,5,LeftDuringDispense,Left,406,97,80,0,nan,nan,0.13
7/23/2026 5:24:58,1.17.3,FR5,67,3.97,2,5,Pellet,Left,406,97,81,0,0.77,570,nan
7/23/2026 5:31:58,1.17.3,FR5,67,3.97,nan,5,Left,Left,407,97,81,0,nan,nan,0.15
7/23/2026 5:32:10,1.17.3,FR5,67,3.97,nan,5,Left,Left,408,97,81,0,nan,nan,0.00
7/23/2026 5:32:19,1.17.3,FR5,67,3.97,nan,5,Left,Left,409,97,81,0,nan,nan,0.04
7/23/2026 5:32:22,1.17.3,FR5,67,3.97,nan,5,Left,Left,410,97,81,0,nan,nan,0.14
7/23/2026 5:32:23,1.17.3,FR5,67,3.97,1,5,Pellet,Left,410,97,82,0,0.41,445,nan
7/23/2026 5:34:52,1.17.3,FR5,67,3.97,nan,5,Left,Left,411,97,82,0,nan,nan,0.00
7/23/2026 5:36:54,1.17.3,FR5,67,3.96,nan,5,Left,Left,412,97,82,0,nan,nan,0.20
7/23/2026 5:40:20,1.17.3,FR5,67,3.96,nan,5,Left,Left,413,97,82,0,nan,nan,0.06
7/23/2026 5:40:23,1.17.3,FR5,67,3.96,nan,5,Left,Left,414,97,82,0,nan,nan,0.23
7/23/2026 5:45:32,1.17.3,FR5,67,3.97,nan,5,Left,Left,415,97,82,0,nan,nan,0.31
7/23/2026 5:45:33,1.17.3,FR5,67,3.97,1,5,Pellet,Left,415,97,83,0,0.47,790,nan
7/23/2026 5:45:57,1.17.3,FR5,67,3.96,nan,5,Right,Left,415,98,83,0,nan,nan,0.32
7/23/2026 5:46:05,1.17.3,FR5,67,3.97,nan,5,Left,Left,416,98,83,0,nan,nan,0.01
7/23/2026 5:46:05,1.17.3,FR5,67,3.96,nan,5,Left,Left,417,98,83,0,nan,nan,0.00
7/23/2026 5:52:49,1.17.3,FR5,67,3.97,nan,5,Left,Left,418,98,83,0,nan,nan,0.04
7/23/2026 5:53:13,1.17.3,FR5,67,3.97,nan,5,Left,Left,419,98,83,0,nan,nan,0.06
7/23/2026 5:53:15,1.17.3,FR5,67,3.97,nan,5,Left,Left,420,98,83,0,nan,nan,0.15
7/23/2026 5:53:16,1.17.3,FR5,67,3.97,1,5,Pellet,Left,420,98,84,0,0.89,463,nan
7/23/2026 5:57:44,1.17.3,FR5,67,3.96,nan,5,Right,Left,420,99,84,0,nan,nan,0.03
7/23/2026 6:04:13,1.17.3,FR5,67,3.96,nan,5,Right,Left,420,100,84,0,nan,nan,0.12
7/23/2026 6:04:39,1.17.3,FR5,67,3.96,nan,5,Right,Left,420,101,84,0,nan,nan,0.10
7/23/2026 6:04:39,1.17.3,FR5,67,3.97,nan,5,Right,Left,420,102,84,0,nan,nan,0.00
7/23/2026 6:04:42,1.17.3,FR5,67,3.96,nan,5,Left,Left,421,102,84,0,nan,nan,0.63
7/23/2026 6:04:44,1.17.3,FR5,67,3.97,nan,5,Left,Left,422,102,84,0,nan,nan,0.22
7/23/2026 6:11:48,1.17.3,FR5,67,3.97,nan,5,Right,Left,422,103,84,0,nan,nan,0.18
7/23/2026 6:11:51,1.17.3,FR5,67,3.97,nan,5,Left,Left,423,103,84,0,nan,nan,0.12
7/23/2026 6:15:11,1.17.3,FR5,67,3.97,nan,5,Right,Left,423,104,84,0,nan,nan,0.09
7/23/2026 6:15:13,1.17.3,FR5,67,3.96,nan,5,Right,Left,423,105,84,0,nan,nan,0.73
7/23/2026 6:15:16,1.17.3,FR5,67,3.97,nan,5,Right,Left,423,106,84,0,nan,nan,0.30
7/23/2026 6:15:18,1.17.3,FR5,67,3.97,nan,5,Right,Left,423,107,84,0,nan,nan,0.06
7/23/2026 6:15:22,1.17.3,FR5,67,3.97,nan,5,Right,Left,423,108,84,0,nan,nan,0.87
7/23/2026 6:15:24,1.17.3,FR5,67,3.96,nan,5,Right,Left,423,109,84,0,nan,nan,0.35
7/23/2026 6:15:31,1.17.3,FR5,67,3.97,nan,5,Right,Left,423,110,84,0,nan,nan,0.11
7/23/2026 6:15:32,1.17.3,FR5,67,3.97,nan,5,Right,Left,423,111,84,0,nan,nan,0.00
7/23/2026 6:15:35,1.17.3,FR5,67,3.97,nan,5,Right,Left,423,112,84,0,nan,nan,0.80
7/23/2026 6:15:36,1.17.3,FR5,67,3.97,nan,5,Right,Left,423,113,84,0,nan,nan,0.57
7/23/2026 6:15:40,1.17.3,FR5,67,3.97,nan,5,Left,Left,424,113,84,0,nan,nan,0.15
7/23/2026 6:15:46,1.17.3,FR5,67,3.97,nan,5,Left,Left,425,113,84,0,nan,nan,0.00
7/23/2026 6:15:48,1.17.3,FR5,67,3.97,1,5,Pellet,Left,425,113,85,0,1.13,1352,nan
7/23/2026 6:21:03,1.17.3,FR5,67,3.96,nan,5,Left,Left,426,113,85,0,nan,nan,0.13
7/23/2026 6:28:22,1.17.3,FR5,67,3.96,nan,5,Right,Left,426,114,85,0,nan,nan,0.06
7/23/2026 6:31:41,1.17.3,FR5,67,3.97,nan,5,Right,Left,426,115,85,0,nan,nan,0.26
7/23/2026 6:32:00,1.17.3,FR5,67,3.96,nan,5,Left,Left,427,115,85,0,nan,nan,0.03
7/23/2026 7:12:58,1.17.3,FR5,67,3.97,nan,5,Left,Left,428,115,85,0,nan,nan,0.28
7/23/2026 7:13:20,1.17.3,FR5,67,3.96,nan,5,Left,Left,429,115,85,0,nan,nan,0.20
7/23/2026 9:15:42,1.17.3,FR5,67,3.96,nan,5,Left,Left,430,115,85,0,nan,nan,0.06
7/23/2026 9:15:43,1.17.3,FR5,67,3.96,1,5,Pellet,Left,430,115,86,0,0.06,10795,nan
7/23/2026 9:16:14,1.17.3,FR5,67,3.96,nan,5,Left,Left,431,115,86,0,nan,nan,0.32
7/23/2026 9:16:17,1.17.3,FR5,67,3.96,nan,5,Left,Left,432,115,86,0,nan,nan,0.18
7/23/2026 9:16:20,1.17.3,FR5,67,3.96,nan,5,Left,Left,433,115,86,0,nan,nan,0.11
7/23/2026 9:16:21,1.17.3,FR5,67,3.96,nan,5,Left,Left,434,115,86,0,nan,nan,0.25
7/23/2026 9:16:25,1.17.3,FR5,67,3.96,nan,5,Left,Left,435,115,86,0,nan,nan,0.14
7/23/2026 9:16:25,1.17.3,FR5,67,3.96,1,5,Pellet,Left,435,115,87,0,0.06,42,nan
7/23/2026 9:16:41,1.17.3,FR5,67,3.96,nan,5,Left,Left,436,115,87,0,nan,nan,0.10
7/23/2026 9:16:44,1.17.3,FR5,67,3.96,nan,5,Left,Left,437,115,87,0,nan,nan,0.11
7/23/2026 9:16:45,1.17.3,FR5,67,3.96,nan,5,Left,Left,438,115,87,0,nan,nan,0.03
7/23/2026 9:16:46,1.17.3,FR5,67,3.96,nan,5,Left,Left,439,115,87,0,nan,nan,0.13
7/23/2026 9:16:47,1.17.3,FR5,67,3.96,nan,5,Left,Left,440,115,87,0,nan,nan,0.59
7/23/2026 9:16:48,1.17.3,FR5,67,3.96,1,5,Pellet,Left,440,115,88,0,0.41,23,nan
7/23/2026 9:19:15,1.17.3,FR5,67,3.96,nan,5,Right,Left,440,116,88,0,nan,nan,0.58
7/23/2026 9:19:20,1.17.3,FR5,67,3.96,nan,5,Right,Left,440,117,88,0,nan,nan,0.55
7/23/2026 9:19:29,1.17.3,FR5,67,3.96,nan,5,Left,Left,441,117,88,0,nan,nan,0.10
7/23/2026 9:19:31,1.17.3,FR5,67,3.96,nan,5,Left,Left,442,117,88,0,nan,nan,0.35
7/23/2026 9:19:38,1.17.3,FR5,67,3.96,nan,5,Left,Left,443,117,88,0,nan,nan,0.31
7/23/2026 9:19:41,1.17.3,FR5,67,3.96,nan,5,Left,Left,444,117,88,0,nan,nan,0.20
7/23/2026 9:19:42,1.17.3,FR5,67,3.96,nan,5,Left,Left,445,117,88,0,nan,nan,0.32
7/23/2026 9:19:43,1.17.3,FR5,67,3.96,1,5,Pellet,Left,445,117,89,0,0.06,175,nan
7/23/2026 9:19:54,1.17.3,FR5,67,3.96,nan,5,Left,Left,446,117,89,0,nan,nan,0.18
7/23/2026 9:19:56,1.17.3,FR5,67,3.96,nan,5,Left,Left,447,117,89,0,nan,nan,0.34
7/23/2026 9:19:57,1.17.3,FR5,67,3.96,nan,5,Left,Left,448,117,89,0,nan,nan,0.26
7/23/2026 9:23:30,1.17.3,FR5,67,3.96,nan,5,Left,Left,449,117,89,0,nan,nan,0.11
7/23/2026 9:23:32,1.17.3,FR5,67,3.96,nan,5,Left,Left,450,117,89,0,nan,nan,0.00
7/23/2026 9:23:34,1.17.3,FR5,67,3.96,1,5,Pellet,Left,450,117,90,0,1.25,231,nan
7/23/2026 9:24:13,1.17.3,FR5,67,3.96,nan,5,Left,Left,451,117,90,0,nan,nan,0.08
7/23/2026 9:24:15,1.17.3,FR5,67,3.96,nan,5,Left,Left,452,117,90,0,nan,nan,0.06
7/23/2026 9:24:17,1.17.3,FR5,67,3.96,nan,5,Left,Left,453,117,90,0,nan,nan,0.20
7/23/2026 9:24:19,1.17.3,FR5,67,3.96,nan,5,Left,Left,454,117,90,0,nan,nan,0.12
7/23/2026 9:37:20,1.17.3,FR5,67,3.96,nan,5,Left,Left,455,117,90,0,nan,nan,0.25
7/23/2026 9:37:21,1.17.3,FR5,67,3.96,1,5,Pellet,Left,455,117,91,0,0.47,827,nan
7/23/2026 10:25:00,1.17.3,FR5,67,3.96,nan,5,Left,Left,456,117,91,0,nan,nan,0.39
7/23/2026 10:25:03,1.17.3,FR5,67,3.96,nan,5,Left,Left,457,117,91,0,nan,nan,0.27
7/23/2026 10:25:05,1.17.3,FR5,67,3.96,nan,5,Left,Left,458,117,91,0,nan,nan,0.57
7/23/2026 10:25:08,1.17.3,FR5,67,3.96,nan,5,Left,Left,459,117,91,0,nan,nan,0.14
7/23/2026 10:59:50,1.17.3,FR5,67,3.96,nan,5,Left,Left,460,117,91,0,nan,nan,0.10
7/23/2026 10:59:51,1.17.3,FR5,67,3.96,1,5,Pellet,Left,460,117,92,0,0.53,4950,nan
7/23/2026 11:00:19,1.17.3,FR5,67,3.96,nan,5,Left,Left,461,117,92,0,nan,nan,0.09
7/23/2026 11:00:20,1.17.3,FR5,67,3.96,nan,5,Left,Left,462,117,92,0,nan,nan,0.02
7/23/2026 11:00:23,1.17.3,FR5,67,3.96,nan,5,Left,Left,463,117,92,0,nan,nan,0.11
7/23/2026 11:00:25,1.17.3,FR5,67,3.96,nan,5,Left,Left,464,117,92,0,nan,nan,0.10
7/23/2026 11:00:27,1.17.3,FR5,67,3.96,nan,5,Left,Left,465,117,92,0,nan,nan,0.12
7/23/2026 11:00:28,1.17.3,FR5,67,3.96,1,5,Pellet,Left,465,117,93,0,0.65,37,nan
7/23/2026 11:43:02,1.17.3,FR5,67,3.96,nan,5,Left,Left,466,117,93,0,nan,nan,0.24
7/23/2026 11:43:05,1.17.3,FR5,67,3.96,nan,5,Left,Left,467,117,93,0,nan,nan,0.39
7/23/2026 11:43:06,1.17.3,FR5,67,3.96,nan,5,Left,Left,468,117,93,0,nan,nan,0.45
7/23/2026 11:43:08,1.17.3,FR5,67,3.95,nan,5,Left,Left,469,117,93,0,nan,nan,0.21
7/23/2026 11:43:09,1.17.3,FR5,67,3.96,nan,5,Left,Left,470,117,93,0,nan,nan,0.00
7/23/2026 11:43:10,1.17.3,FR5,67,3.96,1,5,Pellet,Left,470,117,94,0,0.41,2562,nan
7/23/2026 11:44:00,1.17.3,FR5,67,3.96,nan,5,Left,Left,471,117,94,0,nan,nan,0.29
7/23/2026 11:44:04,1.17.3,FR5,67,3.96,nan,5,Left,Left,472,117,94,0,nan,nan,0.23
7/23/2026 11:44:06,1.17.3,FR5,67,3.95,nan,5,Left,Left,473,117,94,0,nan,nan,0.20
7/23/2026 11:44:12,1.17.3,FR5,67,3.95,nan,5,Left,Left,474,117,94,0,nan,nan,0.11
7/23/2026 12:15:34,1.17.3,FR5,67,3.96,nan,5,Left,Left,475,117,94,0,nan,nan,0.02
7/23/2026 12:15:34,1.17.3,FR5,67,3.96,1,5,Pellet,Left,475,117,95,0,0.06,1944,nan
7/23/2026 12:27:00,1.17.3,FR5,67,3.96,nan,5,Left,Left,476,117,95,0,nan,nan,0.31
7/23/2026 12:27:01,1.17.3,FR5,67,3.95,nan,5,Left,Left,477,117,95,0,nan,nan,0.25
7/23/2026 12:27:02,1.17.3,FR5,67,3.96,nan,5,Left,Left,478,117,95,0,nan,nan,0.10
7/23/2026 12:53:04,1.17.3,FR5,67,3.96,nan,5,Left,Left,479,117,95,0,nan,nan,0.11
7/23/2026 12:53:13,1.17.3,FR5,67,3.96,nan,5,Left,Left,480,117,95,0,nan,nan,0.14
7/23/2026 12:53:14,1.17.3,FR5,67,3.95,1,5,Pellet,Left,480,117,96,0,0.06,2260,nan
7/23/2026 12:53:32,1.17.3,FR5,67,3.95,nan,5,Left,Left,481,117,96,0,nan,nan,0.04
7/23/2026 12:53:33,1.17.3,FR5,67,3.95,nan,5,Left,Left,482,117,96,0,nan,nan,0.12
7/23/2026 12:53:35,1.17.3,FR5,67,3.95,nan,5,Left,Left,483,117,96,0,nan,nan,0.34
7/23/2026 12:53:38,1.17.3,FR5,67,3.96,nan,5,Left,Left,484,117,96,0,nan,nan,0.03
7/23/2026 12:53:42,1.17.3,FR5,67,3.95,nan,5,Left,Left,485,117,96,0,nan,nan,0.09
7/23/2026 12:53:43,1.17.3,FR5,67,3.95,1,5,Pellet,Left,485,117,97,0,0.47,29,nan
7/23/2026 12:53:54,1.17.3,FR5,67,3.95,nan,5,Left,Left,486,117,97,0,nan,nan,0.16
7/23/2026 12:53:55,1.17.3,FR5,67,3.95,nan,5,Left,Left,487,117,97,0,nan,nan,0.16
7/23/2026 12:53:56,1.17.3,FR5,67,3.96,nan,5,Left,Left,488,117,97,0,nan,nan,0.00
7/23/2026 12:53:58,1.17.3,FR5,67,3.96,nan,5,Left,Left,489,117,97,0,nan,nan,0.13
7/23/2026 12:53:59,1.17.3,FR5,67,3.96,nan,5,Left,Left,490,117,97,0,nan,nan,0.15
7/23/2026 12:54:00,1.17.3,FR5,67,3.95,1,5,Pellet,Left,490,117,98,0,0.41,17,nan
7/23/2026 12:54:20,1.17.3,FR5,67,3.96,nan,5,Left,Left,491,117,98,0,nan,nan,0.04
7/23/2026 12:54:23,1.17.3,FR5,67,3.95,nan,5,Left,Left,492,117,98,0,nan,nan,0.09
7/23/2026 12:54:25,1.17.3,FR5,67,3.96,nan,5,Left,Left,493,117,98,0,nan,nan,0.06
7/23/2026 12:54:29,1.17.3,FR5,67,3.95,nan,5,Left,Left,494,117,98,0,nan,nan,0.02
7/23/2026 12:54:32,1.17.3,FR5,67,3.96,nan,5,Left,Left,495,117,98,0,nan,nan,0.20
7/23/2026 12:54:33,1.17.3,FR5,67,3.96,1,5,Pellet,Left,495,117,99,0,0.23,33,nan
7/23/2026 13:10:49,1.17.3,FR5,67,3.95,nan,5,Left,Left,496,117,99,0,nan,nan,0.92
7/23/2026 13:10:52,1.17.3,FR5,67,3.95,nan,5,Left,Left,497,117,99,0,nan,nan,0.41
7/23/2026 13:29:59,1.17.3,FR5,67,3.95,nan,5,Left,Left,498,117,99,0,nan,nan,0.03
7/23/2026 13:30:04,1.17.3,FR5,67,3.95,nan,5,Left,Left,499,117,99,0,nan,nan,0.42
7/23/2026 13:30:17,1.17.3,FR5,67,3.95,nan,5,Left,Left,500,117,99,0,nan,nan,0.11
7/23/2026 13:30:19,1.17.3,FR5,67,3.96,1,5,Pellet,Left,500,117,100,0,0.53,2146,nan
7/23/2026 13:30:46,1.17.3,FR5,67,3.95,nan,5,Left,Left,501,117,100,0,nan,nan,0.05
7/23/2026 13:30:47,1.17.3,FR5,67,3.95,nan,5,Left,Left,502,117,100,0,nan,nan,0.04
7/23/2026 13:30:49,1.17.3,FR5,67,3.95,nan,5,Left,Left,503,117,100,0,nan,nan,0.03
7/23/2026 13:30:51,1.17.3,FR5,67,3.95,nan,5,Left,Left,504,117,100,0,nan,nan,0.10
7/23/2026 13:30:51,1.17.3,FR5,67,3.95,nan,5,Left,Left,505,117,100,0,nan,nan,0.00
7/23/2026 13:30:52,1.17.3,FR5,67,3.94,1,5,Pellet,Left,505,117,101,0,0.23,33,nan
7/23/2026 14:08:44,1.17.3,FR5,67,3.95,nan,5,Left,Left,506,117,101,0,nan,nan,0.07
7/23/2026 14:08:46,1.17.3,FR5,67,3.95,nan,5,Left,Left,507,117,101,0,nan,nan,0.15
7/23/2026 14:08:48,1.17.3,FR5,67,3.95,nan,5,Left,Left,508,117,101,0,nan,nan,0.12
7/23/2026 14:08:49,1.17.3,FR5,67,3.94,nan,5,Left,Left,509,117,101,0,nan,nan,0.19
7/23/2026 14:08:51,1.17.3,FR5,67,3.95,nan,5,Left,Left,510,117,101,0,nan,nan,0.02
7/23/2026 14:08:53,1.17.3,FR5,67,3.94,1,5,Pellet,Left,510,117,102,0,0.95,2281,nan
7/23/2026 14:09:03,1.17.3,FR5,67,3.95,nan,5,Left,Left,511,117,102,0,nan,nan,0.24
7/23/2026 14:09:04,1.17.3,FR5,67,3.95,nan,5,Left,Left,512,117,102,0,nan,nan,0.00
7/23/2026 14:09:05,1.17.3,FR5,67,3.95,nan,5,Left,Left,513,117,102,0,nan,nan,0.27
7/23/2026 14:09:06,1.17.3,FR5,67,3.95,nan,5,Left,Left,514,117,102,0,nan,nan,0.15
7/23/2026 14:09:07,1.17.3,FR5,67,3.95,nan,5,Left,Left,515,117,102,0,nan,nan,0.11
7/23/2026 14:09:09,1.17.3,FR5,67,3.95,1,5,Pellet,Left,515,117,103,0,0.77,16,nan
7/23/2026 14:09:46,1.17.3,FR5,67,3.95,nan,5,Left,Left,516,117,103,0,nan,nan,0.04
7/23/2026 14:09:47,1.17.3,FR5,67,3.95,nan,5,Left,Left,517,117,103,0,nan,nan,0.06
7/23/2026 14:09:50,1.17.3,FR5,67,3.95,nan,5,Left,Left,518,117,103,0,nan,nan,0.12
7/23/2026 14:09:54,1.17.3,FR5,67,3.95,nan,5,Left,Left,519,117,103,0,nan,nan,0.07
7/23/2026 14:14:34,1.17.3,FR5,67,3.95,nan,5,Right,Left,519,118,103,0,nan,nan,0.72
7/23/2026 14:17:57,1.17.3,FR5,67,3.95,nan,5,Right,Left,519,119,103,0,nan,nan,1.05
7/23/2026 14:18:04,1.17.3,FR5,67,3.95,nan,5,Right,Left,519,120,103,0,nan,nan,0.06
7/23/2026 14:18:07,1.17.3,FR5,67,3.94,nan,5,Right,Left,519,121,103,0,nan,nan,0.31
7/23/2026 14:20:49,1.17.3,FR5,67,3.95,nan,5,Left,Left,520,121,103,0,nan,nan,1.01
7/23/2026 14:20:50,1.17.3,FR5,67,3.95,1,5,Pellet,Left,520,121,104,0,0.47,701,nan
7/23/2026 15:20:34,1.17.3,FR5,67,3.95,nan,5,Left,Left,521,121,104,0,nan,nan,0.18
7/23/2026 15:20:36,1.17.3,FR5,67,3.94,nan,5,Left,Left,522,121,104,0,nan,nan,0.33
7/23/2026 15:20:37,1.17.3,FR5,67,3.94,nan,5,Left,Left,523,121,104,0,nan,nan,0.33
7/23/2026 15:20:38,1.17.3,FR5,67,3.95,nan,5,Left,Left,524,121,104,0,nan,nan,0.08
7/23/2026 15:20:39,1.17.3,FR5,67,3.94,nan,5,Left,Left,525,121,104,0,nan,nan,0.00
7/23/2026 15:20:40,1.17.3,FR5,67,3.94,1,5,Pellet,Left,525,121,105,0,0.59,3590,nan
7/23/2026 15:21:03,1.17.3,FR5,67,3.95,nan,5,Left,Left,526,121,105,0,nan,nan,0.12
7/23/2026 15:21:04,1.17.3,FR5,67,3.95,nan,5,Left,Left,527,121,105,0,nan,nan,0.19
7/23/2026 15:21:08,1.17.3,FR5,67,3.94,nan,5,Left,Left,528,121,105,0,nan,nan,0.10
7/23/2026 15:21:10,1.17.3,FR5,67,3.94,nan,5,Left,Left,529,121,105,0,nan,nan,0.35
7/23/2026 15:21:11,1.17.3,FR5,67,3.94,nan,5,Left,Left,530,121,105,0,nan,nan,0.17
7/23/2026 15:21:13,1.17.3,FR5,67,3.94,1,5,Pellet,Left,530,121,106,0,0.47,33,nan
7/23/2026 15:21:28,1.17.3,FR5,67,3.94,nan,5,Left,Left,531,121,106,0,nan,nan,0.03
7/23/2026 15:21:29,1.17.3,FR5,67,3.94,nan,5,Left,Left,532,121,106,0,nan,nan,0.01
7/23/2026 15:21:31,1.17.3,FR5,67,3.95,nan,5,Left,Left,533,121,106,0,nan,nan,0.04
7/23/2026 15:21:32,1.17.3,FR5,67,3.95,nan,5,Left,Left,534,121,106,0,nan,nan,0.13
7/23/2026 15:21:34,1.17.3,FR5,67,3.95,nan,5,Left,Left,535,121,106,0,nan,nan,0.31
7/23/2026 15:21:34,1.17.3,FR5,67,3.95,1,5,Pellet,Left,535,121,107,0,0.06,21,nan
7/23/2026 15:21:53,1.17.3,FR5,67,3.95,nan,5,Left,Left,536,121,107,0,nan,nan,0.04
7/23/2026 15:21:54,1.17.3,FR5,67,3.94,nan,5,Left,Left,537,121,107,0,nan,nan,0.44
7/23/2026 15:21:59,1.17.3,FR5,67,3.94,nan,5,Left,Left,538,121,107,0,nan,nan,0.04
7/23/2026 15:21:59,1.17.3,FR5,67,3.94,nan,5,Left,Left,539,121,107,0,nan,nan,0.00
7/23/2026 15:22:00,1.17.3,FR5,67,3.94,nan,5,Left,Left,540,121,107,0,nan,nan,0.03
7/23/2026 15:22:00,1.17.3,FR5,67,3.94,nan,5,LeftDuringDispense,Left,541,121,107,0,nan,nan,0.01
7/23/2026 15:22:07,1.17.3,FR5,67,3.94,2,5,Pellet,Left,541,121,108,0,3.59,33,nan
7/23/2026 15:22:25,1.17.3,FR5,67,3.95,nan,5,Left,Left,542,121,108,0,nan,nan,0.65
7/23/2026 15:22:26,1.17.3,FR5,67,3.94,nan,5,Left,Left,543,121,108,0,nan,nan,0.14
7/23/2026 15:22:28,1.17.3,FR5,67,3.95,nan,5,Left,Left,544,121,108,0,nan,nan,0.28
7/23/2026 15:22:31,1.17.3,FR5,67,3.94,nan,5,Left,Left,545,121,108,0,nan,nan,0.77
7/23/2026 15:22:32,1.17.3,FR5,67,3.94,1,5,Pellet,Left,545,121,109,0,0.89,25,nan
7/23/2026 15:22:53,1.17.3,FR5,67,3.94,nan,5,Left,Left,546,121,109,0,nan,nan,0.07
7/23/2026 15:22:55,1.17.3,FR5,67,3.94,nan,5,Left,Left,547,121,109,0,nan,nan,0.02
7/23/2026 15:22:56,1.17.3,FR5,67,3.95,nan,5,Left,Left,548,121,109,0,nan,nan,0.13
7/23/2026 15:22:57,1.17.3,FR5,67,3.94,nan,5,Left,Left,549,121,109,0,nan,nan,0.08
7/23/2026 15:23:01,1.17.3,FR5,67,3.94,nan,5,Left,Left,550,121,109,0,nan,nan,0.09
7/23/2026 15:23:02,1.17.3,FR5,67,3.94,1,5,Pellet,Left,550,121,110,0,0.47,30,nan
7/23/2026 16:21:44,1.17.3,FR5,67,3.94,nan,5,Left,Left,551,121,110,0,nan,nan,0.21
7/23/2026 16:21:45,1.17.3,FR5,67,3.94,nan,5,Left,Left,552,121,110,0,nan,nan,0.25
7/23/2026 16:21:46,1.17.3,FR5,67,3.94,nan,5,Left,Left,553,121,110,0,nan,nan,0.40
7/23/2026 16:21:47,1.17.3,FR5,67,3.94,nan,5,Left,Left,554,121,110,0,nan,nan,0.00
7/23/2026 16:21:50,1.17.3,FR5,67,3.94,nan,5,Left,Left,555,121,110,0,nan,nan,0.33
7/23/2026 16:21:50,1.17.3,FR5,67,3.94,nan,5,LeftDuringDispense,Left,556,121,110,0,nan,nan,0.02
7/23/2026 16:21:54,1.17.3,FR5,67,3.94,2,5,Pellet,Left,556,121,111,0,1.25,3532,nan
7/23/2026 16:22:09,1.17.3,FR5,67,3.94,nan,5,Left,Left,557,121,111,0,nan,nan,0.15
7/23/2026 16:22:11,1.17.3,FR5,67,3.95,nan,5,Left,Left,558,121,111,0,nan,nan,0.61
7/23/2026 16:22:12,1.17.3,FR5,67,3.94,nan,5,Left,Left,559,121,111,0,nan,nan,0.13
7/23/2026 16:22:14,1.17.3,FR5,67,3.94,nan,5,Left,Left,560,121,111,0,nan,nan,0.15
7/23/2026 16:22:15,1.17.3,FR5,67,3.94,1,5,Pellet,Left,560,121,112,0,0.71,21,nan
7/23/2026 16:22:38,1.17.3,FR5,67,3.94,nan,5,Left,Left,561,121,112,0,nan,nan,0.17
7/23/2026 16:22:39,1.17.3,FR5,67,3.94,nan,5,Left,Left,562,121,112,0,nan,nan,0.03
7/23/2026 16:22:39,1.17.3,FR5,67,3.94,nan,5,Left,Left,563,121,112,0,nan,nan,0.16
7/23/2026 16:22:40,1.17.3,FR5,67,3.94,nan,5,Left,Left,564,121,112,0,nan,nan,0.19
7/23/2026 16:22:41,1.17.3,FR5,67,3.94,nan,5,Left,Left,565,121,112,0,nan,nan,0.12
7/23/2026 16:22:42,1.17.3,FR5,67,3.94,1,5,Pellet,Left,565,121,113,0,0.47,27,nan
7/23/2026 16:23:02,1.17.3,FR5,67,3.94,nan,5,Left,Left,566,121,113,0,nan,nan,0.05
7/23/2026 16:23:03,1.17.3,FR5,67,3.95,nan,5,Left,Left,567,121,113,0,nan,nan,0.06
7/23/2026 16:23:05,1.17.3,FR5,67,3.94,nan,5,Left,Left,568,121,113,0,nan,nan,0.10
7/23/2026 16:23:06,1.17.3,FR5,67,3.94,nan,5,Left,Left,569,121,113,0,nan,nan,0.19
7/23/2026 16:23:07,1.17.3,FR5,67,3.94,nan,5,Left,Left,570,121,113,0,nan,nan,0.10
7/23/2026 16:23:08,1.17.3,FR5,67,3.94,1,5,Pellet,Left,570,121,114,0,0.47,26,nan
7/23/2026 16:23:42,1.17.3,FR5,67,3.94,nan,5,Left,Left,571,121,114,0,nan,nan,0.01
7/23/2026 16:23:43,1.17.3,FR5,67,3.94,nan,5,Left,Left,572,121,114,0,nan,nan,0.06
7/23/2026 16:23:50,1.17.3,FR5,67,3.94,nan,5,Left,Left,573,121,114,0,nan,nan,0.06
7/23/2026 16:23:52,1.17.3,FR5,67,3.94,nan,5,Left,Left,574,121,114,0,nan,nan,0.07
7/23/2026 16:23:54,1.17.3,FR5,67,3.95,nan,5,Left,Left,575,121,114,0,nan,nan,0.30
7/23/2026 16:23:55,1.17.3,FR5,67,3.94,1,5,Pellet,Left,575,121,115,0,0.29,47,nan
7/23/2026 16:24:34,1.17.3,FR5,67,3.95,nan,5,Right,Left,575,122,115,0,nan,nan,0.10
7/23/2026 17:15:21,1.17.3,FR5,67,3.94,nan,5,Left,Left,576,122,115,0,nan,nan,0.05
7/23/2026 17:15:23,1.17.3,FR5,67,3.94,nan,5,Left,Left,577,122,115,0,nan,nan,0.37
7/23/2026 17:15:25,1.17.3,FR5,67,3.94,nan,5,Left,Left,578,122,115,0,nan,nan,0.08
7/23/2026 17:15:25,1.17.3,FR5,67,3.94,nan,5,Left,Left,579,122,115,0,nan,nan,0.08
7/23/2026 17:15:26,1.17.3,FR5,67,3.94,nan,5,Left,Left,580,122,115,0,nan,nan,0.15
7/23/2026 17:15:28,1.17.3,FR5,67,3.94,1,5,Pellet,Left,580,122,116,0,0.83,3093,nan
7/23/2026 17:15:46,1.17.3,FR5,67,3.94,nan,5,Left,Left,581,122,116,0,nan,nan,0.11
7/23/2026 17:15:49,1.17.3,FR5,67,3.94,nan,5,Left,Left,582,122,116,0,nan,nan,0.23
7/23/2026 17:15:50,1.17.3,FR5,67,3.94,nan,5,Left,Left,583,122,116,0,nan,nan,0.69
7/23/2026 17:15:52,1.17.3,FR5,67,3.94,nan,5,Left,Left,584,122,116,0,nan,nan,0.26
7/23/2026 17:15:56,1.17.3,FR5,67,3.94,nan,5,Left,Left,585,122,116,0,nan,nan,0.15
7/23/2026 17:15:58,1.17.3,FR5,67,3.94,1,5,Pellet,Left,585,122,117,0,0.59,30,nan
7/23/2026 17:26:06,1.17.3,FR5,67,3.94,nan,5,Left,Left,586,122,117,0,nan,nan,0.10
7/23/2026 17:26:07,1.17.3,FR5,67,3.94,nan,5,Left,Left,587,122,117,0,nan,nan,0.13
7/23/2026 17:26:09,1.17.3,FR5,67,3.95,nan,5,Left,Left,588,122,117,0,nan,nan,0.79
7/23/2026 17:26:10,1.17.3,FR5,67,3.94,nan,5,Left,Left,589,122,117,0,nan,nan,0.20
7/23/2026 17:26:12,1.17.3,FR5,67,3.94,nan,5,Left,Left,590,122,117,0,nan,nan,0.67
7/23/2026 17:26:14,1.17.3,FR5,67,3.94,1,5,Pellet,Left,590,122,118,0,0.29,615,nan
7/23/2026 17:26:40,1.17.3,FR5,67,3.94,nan,5,Left,Left,591,122,118,0,nan,nan,0.02
7/23/2026 17:26:41,1.17.3,FR5,67,3.94,nan,5,Left,Left,592,122,118,0,nan,nan,0.02
7/23/2026 17:26:42,1.17.3,FR5,67,3.94,nan,5,Left,Left,593,122,118,0,nan,nan,0.08
7/23/2026 17:26:45,1.17.3,FR5,67,3.94,nan,5,Left,Left,594,122,118,0,nan,nan,0.49
7/23/2026 17:26:46,1.17.3,FR5,67,3.94,nan,5,Left,Left,595,122,118,0,nan,nan,0.02
7/23/2026 17:26:48,1.17.3,FR5,67,3.94,1,5,Pellet,Left,595,122,119,0,0.47,34,nan
7/23/2026 17:27:19,1.17.3,FR5,67,3.94,nan,5,Left,Left,596,122,119,0,nan,nan,0.13
7/23/2026 17:27:21,1.17.3,FR5,67,3.94,nan,5,Left,Left,597,122,119,0,nan,nan,0.06
7/23/2026 17:47:36,1.17.3,FR5,67,3.94,nan,5,Left,Left,598,122,119,0,nan,nan,0.73
7/23/2026 17:47:39,1.17.3,FR5,67,3.94,nan,5,Left,Left,599,122,119,0,nan,nan,0.67
7/23/2026 17:47:40,1.17.3,FR5,67,3.94,nan,5,Left,Left,600,122,119,0,nan,nan,0.34
7/23/2026 17:47:41,1.17.3,FR5,67,3.94,1,5,Pellet,Left,600,122,120,0,0.47,1254,nan
7/23/2026 17:48:00,1.17.3,FR5,67,3.94,nan,5,Left,Left,601,122,120,0,nan,nan,0.00
7/23/2026 17:48:02,1.17.3,FR5,67,3.94,nan,5,Left,Left,602,122,120,0,nan,nan,0.69
7/23/2026 17:48:04,1.17.3,FR5,67,3.94,nan,5,Left,Left,603,122,120,0,nan,nan,0.93
7/23/2026 17:48:05,1.17.3,FR5,67,3.94,nan,5,Left,Left,604,122,120,0,nan,nan,0.27
7/23/2026 17:48:06,1.17.3,FR5,67,3.94,nan,5,Left,Left,605,122,120,0,nan,nan,0.12
7/23/2026 17:48:07,1.17.3,FR5,67,3.94,1,5,Pellet,Left,605,122,121,0,0.23,26,nan
7/23/2026 17:48:23,1.17.3,FR5,67,3.94,nan,5,Left,Left,606,122,121,0,nan,nan,0.08
7/23/2026 17:48:24,1.17.3,FR5,67,3.94,nan,5,Left,Left,607,122,121,0,nan,nan,0.00
7/23/2026 17:48:28,1.17.3,FR5,67,3.94,nan,5,Left,Left,608,122,121,0,nan,nan,0.04
7/23/2026 17:48:29,1.17.3,FR5,67,3.94,nan,5,Left,Left,609,122,121,0,nan,nan,0.16
7/23/2026 17:48:31,1.17.3,FR5,67,3.94,nan,5,Left,Left,610,122,121,0,nan,nan,0.37
7/23/2026 17:48:32,1.17.3,FR5,67,3.94,1,5,Pellet,Left,610,122,122,0,0.35,25,nan
7/23/2026 17:48:50,1.17.3,FR5,67,3.94,nan,5,Left,Left,611,122,122,0,nan,nan,0.11
7/23/2026 17:48:52,1.17.3,FR5,67,3.94,nan,5,Left,Left,612,122,122,0,nan,nan,0.70
7/23/2026 17:48:54,1.17.3,FR5,67,3.94,nan,5,Left,Left,613,122,122,0,nan,nan,0.39
7/23/2026 17:48:57,1.17.3,FR5,67,3.94,nan,5,Left,Left,614,122,122,0,nan,nan,0.45
7/23/2026 17:48:58,1.17.3,FR5,67,3.94,nan,5,Left,Left,615,122,122,0,nan,nan,0.02
7/23/2026 17:49:00,1.17.3,FR5,67,3.94,1,5,Pellet,Left,615,122,123,0,0.59,28,nan
7/23/2026 17:56:16,1.17.3,FR5,67,3.94,nan,5,Left,Left,616,122,123,0,nan,nan,0.17
7/23/2026 18:13:13,1.17.3,FR5,67,3.94,nan,5,Left,Left,617,122,123,0,nan,nan,0.05
7/23/2026 18:13:59,1.17.3,FR5,67,3.94,nan,5,Right,Left,617,123,123,0,nan,nan,0.17
7/23/2026 18:15:32,1.17.3,FR5,67,3.94,nan,5,Left,Left,618,123,123,0,nan,nan,0.11
7/23/2026 18:16:47,1.17.3,FR5,67,3.94,nan,5,Left,Left,619,123,123,0,nan,nan,0.09
7/23/2026 18:16:50,1.17.3,FR5,67,3.94,nan,5,Left,Left,620,123,123,0,nan,nan,0.07
7/23/2026 18:16:51,1.17.3,FR5,67,3.94,1,5,Pellet,Left,620,123,124,0,0.23,1671,nan
7/23/2026 18:17:25,1.17.3,FR5,67,3.94,nan,5,Left,Left,621,123,124,0,nan,nan,0.23
7/23/2026 18:19:38,1.17.3,FR5,67,3.94,nan,5,Left,Left,622,123,124,0,nan,nan,0.75
7/23/2026 18:27:05,1.17.3,FR5,67,3.94,nan,5,Left,Left,623,123,124,0,nan,nan,0.33
7/23/2026 18:27:44,1.17.3,FR5,67,3.94,nan,5,Left,Left,624,123,124,0,nan,nan,0.23
7/23/2026 18:27:48,1.17.3,FR5,67,3.94,nan,5,Left,Left,625,123,124,0,nan,nan,0.05
7/23/2026 18:27:50,1.17.3,FR5,67,3.94,1,5,Pellet,Left,625,123,125,0,0.47,659,nan
7/23/2026 18:28:09,1.17.3,FR5,67,3.94,nan,5,Right,Left,625,124,125,0,nan,nan,0.42
7/23/2026 18:35:27,1.17.3,FR5,67,3.94,nan,5,Left,Left,626,124,125,0,nan,nan,0.04
7/23/2026 18:35:28,1.17.3,FR5,67,3.94,nan,5,Left,Left,627,124,125,0,nan,nan,0.10
7/23/2026 18:35:51,1.17.3,FR5,67,3.94,nan,5,Left,Left,628,124,125,0,nan,nan,0.12
7/23/2026 18:35:53,1.17.3,FR5,67,3.94,nan,5,Left,Left,629,124,125,0,nan,nan,0.21
7/23/2026 18:35:55,1.17.3,FR5,67,3.94,nan,5,Left,Left,630,124,125,0,nan,nan,0.86
7/23/2026 18:35:56,1.17.3,FR5,67,3.94,1,5,Pellet,Left,630,124,126,0,0.47,486,nan
7/23/2026 18:36:50,1.17.3,FR5,67,3.94,nan,5,Left,Left,631,124,126,0,nan,nan,0.04
7/23/2026 18:36:52,1.17.3,FR5,67,3.94,nan,5,Left,Left,632,124,126,0,nan,nan,0.33
7/23/2026 18:36:55,1.17.3,FR5,67,3.94,nan,5,Left,Left,633,124,126,0,nan,nan,0.20
7/23/2026 18:36:56,1.17.3,FR5,67,3.94,nan,5,Left,Left,634,124,126,0,nan,nan,0.06
7/23/2026 18:36:59,1.17.3,FR5,67,3.94,nan,5,Left,Left,635,124,126,0,nan,nan,0.10
7/23/2026 18:37:00,1.17.3,FR5,67,3.94,1,5,Pellet,Left,635,124,127,0,0.41,64,nan
7/23/2026 19:16:14,1.17.3,FR5,67,3.94,nan,5,Left,Left,636,124,127,0,nan,nan,0.06
7/23/2026 19:16:16,1.17.3,FR5,67,3.94,nan,5,Left,Left,637,124,127,0,nan,nan,0.36
7/23/2026 19:16:21,1.17.3,FR5,67,3.94,nan,5,Left,Left,638,124,127,0,nan,nan,0.66
7/23/2026 19:16:22,1.17.3,FR5,67,3.94,nan,5,Left,Left,639,124,127,0,nan,nan,0.01
7/23/2026 19:26:56,1.17.3,FR5,67,3.93,nan,5,Left,Left,640,124,127,0,nan,nan,0.73
7/23/2026 19:26:58,1.17.3,FR5,67,3.93,1,5,Pellet,Left,640,124,128,0,1.55,2998,nan
7/23/2026 19:27:09,1.17.3,FR5,67,3.94,nan,5,Left,Left,641,124,128,0,nan,nan,0.02
7/23/2026 19:27:10,1.17.3,FR5,67,3.94,nan,5,Left,Left,642,124,128,0,nan,nan,0.17
7/23/2026 19:27:11,1.17.3,FR5,67,3.94,nan,5,Left,Left,643,124,128,0,nan,nan,0.09
7/23/2026 19:27:13,1.17.3,FR5,67,3.94,nan,5,Left,Left,644,124,128,0,nan,nan,0.13
7/23/2026 19:27:14,1.17.3,FR5,67,3.94,nan,5,Left,Left,645,124,128,0,nan,nan,0.20
7/23/2026 19:27:16,1.17.3,FR5,67,3.94,1,5,Pellet,Left,645,124,129,0,0.95,18,nan
7/23/2026 19:27:37,1.17.3,FR5,67,3.94,nan,5,Left,Left,646,124,129,0,nan,nan,0.04
7/23/2026 19:27:38,1.17.3,FR5,67,3.94,nan,5,Left,Left,647,124,129,0,nan,nan,0.49
7/23/2026 19:27:41,1.17.3,FR5,67,3.94,nan,5,Left,Left,648,124,129,0,nan,nan,0.11
7/23/2026 19:27:42,1.17.3,FR5,67,3.94,nan,5,Left,Left,649,124,129,0,nan,nan,0.19
7/23/2026 19:27:44,1.17.3,FR5,67,3.94,nan,5,Left,Left,650,124,129,0,nan,nan,0.39
7/23/2026 19:27:46,1.17.3,FR5,67,3.94,1,5,Pellet,Left,650,124,130,0,1.19,30,nan
7/23/2026 19:28:03,1.17.3,FR5,67,3.93,nan,5,Left,Left,651,124,130,0,nan,nan,0.05
7/23/2026 19:28:04,1.17.3,FR5,67,3.94,nan,5,Left,Left,652,124,130,0,nan,nan,0.14
7/23/2026 19:28:05,1.17.3,FR5,67,3.94,nan,5,Left,Left,653,124,130,0,nan,nan,0.36
7/23/2026 19:28:11,1.17.3,FR5,67,3.94,nan,5,Left,Left,654,124,130,0,nan,nan,0.22
7/23/2026 19:28:13,1.17.3,FR5,67,3.94,nan,5,Left,Left,655,124,130,0,nan,nan,0.41
7/23/2026 19:28:14,1.17.3,FR5,67,3.94,1,5,Pellet,Left,655,124,131,0,0.53,28,nan
7/23/2026 19:28:35,1.17.3,FR5,67,3.94,nan,5,Left,Left,656,124,131,0,nan,nan,0.13
7/23/2026 19:28:37,1.17.3,FR5,67,3.94,nan,5,Left,Left,657,124,131,0,nan,nan,0.08
7/23/2026 19:28:38,1.17.3,FR5,67,3.94,nan,5,Left,Left,658,124,131,0,nan,nan,0.21
7/23/2026 19:28:39,1.17.3,FR5,67,3.94,nan,5,Left,Left,659,124,131,0,nan,nan,0.52
7/23/2026 19:28:42,1.17.3,FR5,67,3.94,nan,5,Left,Left,660,124,131,0,nan,nan,0.11
7/23/2026 19:28:43,1.17.3,FR5,67,3.93,1,5,Pellet,Left,660,124,132,0,0.41,29,nan
7/23/2026 19:29:11,1.17.3,FR5,67,3.94,nan,5,Left,Left,661,124,132,0,nan,nan,0.84
7/23/2026 19:29:12,1.17.3,FR5,67,3.94,nan,5,Left,Left,662,124,132,0,nan,nan,0.14
7/23/2026 19:29:14,1.17.3,FR5,67,3.94,nan,5,Left,Left,663,124,132,0,nan,nan,0.08
7/23/2026 19:29:17,1.17.3,FR5,67,3.94,nan,5,Left,Left,664,124,132,0,nan,nan,0.15
7/23/2026 19:29:19,1.17.3,FR5,67,3.94,nan,5,Left,Left,665,124,132,0,nan,nan,0.10
7/23/2026 19:29:19,1.17.3,FR5,67,3.94,nan,5,LeftDuringDispense,Left,666,124,132,0,nan,nan,0.13
7/23/2026 19:29:22,1.17.3,FR5,67,3.94,2,5,Pellet,Left,666,124,133,0,0.41,39,nan
7/23/2026 19:29:36,1.17.3,FR5,67,3.94,nan,5,Left,Left,667,124,133,0,nan,nan,0.87
7/23/2026 19:29:37,1.17.3,FR5,67,3.94,nan,5,Left,Left,668,124,133,0,nan,nan,0.00
7/23/2026 19:29:38,1.17.3,FR5,67,3.94,nan,5,Left,Left,669,124,133,0,nan,nan,0.33
7/23/2026 19:29:39,1.17.3,FR5,67,3.94,nan,5,Left,Left,670,124,133,0,nan,nan,0.14
7/23/2026 19:29:41,1.17.3,FR5,67,3.94,1,5,Pellet,Left,670,124,134,0,0.65,18,nan
7/23/2026 19:56:23,1.17.3,FR5,67,3.94,nan,5,Left,Left,671,124,134,0,nan,nan,0.16
7/23/2026 19:56:23,1.17.3,FR5,67,3.94,nan,5,Left,Left,672,124,134,0,nan,nan,0.15
7/23/2026 19:56:25,1.17.3,FR5,67,3.94,nan,5,Left,Left,673,124,134,0,nan,nan,0.29
7/23/2026 19:56:26,1.17.3,FR5,67,3.94,nan,5,Left,Left,674,124,134,0,nan,nan,0.74
7/23/2026 19:56:27,1.17.3,FR5,67,3.94,nan,5,Left,Left,675,124,134,0,nan,nan,0.00
7/23/2026 19:56:28,1.17.3,FR5,67,3.94,1,5,Pellet,Left,675,124,135,0,0.71,1608,nan
7/23/2026 19:56:53,1.17.3,FR5,67,3.94,nan,5,Left,Left,676,124,135,0,nan,nan,0.07
7/23/2026 19:56:53,1.17.3,FR5,67,3.93,nan,5,Left,Left,677,124,135,0,nan,nan,0.11
7/23/2026 19:56:56,1.17.3,FR5,67,3.93,nan,5,Left,Left,678,124,135,0,nan,nan,0.07
7/23/2026 19:56:56,1.17.3,FR5,67,3.94,nan,5,Left,Left,679,124,135,0,nan,nan,0.08
7/23/2026 19:56:58,1.17.3,FR5,67,3.94,nan,5,Left,Left,680,124,135,0,nan,nan,0.14
7/23/2026 19:57:00,1.17.3,FR5,67,3.94,1,5,Pellet,Left,680,124,136,0,0.47,32,nan
7/23/2026 19:57:33,1.17.3,FR5,67,3.93,nan,5,Left,Left,681,124,136,0,nan,nan,0.13
7/23/2026 19:57:35,1.17.3,FR5,67,3.94,nan,5,Left,Left,682,124,136,0,nan,nan,0.16
7/23/2026 19:57:36,1.17.3,FR5,67,3.94,nan,5,Left,Left,683,124,136,0,nan,nan,0.01
7/23/2026 19:57:38,1.17.3,FR5,67,3.94,nan,5,Left,Left,684,124,136,0,nan,nan,0.77
7/23/2026 19:57:39,1.17.3,FR5,67,3.94,nan,5,Left,Left,685,124,136,0,nan,nan,0.19
7/23/2026 19:57:40,1.17.3,FR5,67,3.94,2,5,Pellet,Left,685,124,137,0,0.35,40,nan
7/23/2026 19:58:03,1.17.3,FR5,67,3.94,nan,5,Left,Left,686,124,137,0,nan,nan,0.04
7/23/2026 19:58:05,1.17.3,FR5,67,3.94,nan,5,Left,Left,687,124,137,0,nan,nan,0.11
7/23/2026 19:58:41,1.17.3,FR5,67,3.94,nan,5,Left,Left,688,124,137,0,nan,nan,0.28
7/23/2026 19:58:42,1.17.3,FR5,67,3.94,nan,5,Left,Left,689,124,137,0,nan,nan,0.81
7/23/2026 19:58:44,1.17.3,FR5,67,3.93,nan,5,Left,Left,690,124,137,0,nan,nan,0.12
7/23/2026 19:58:45,1.17.3,FR5,67,3.94,1,5,Pellet,Left,690,124,138,0,0.59,65,nan
7/23/2026 20:19:43,1.17.3,FR5,67,3.94,nan,5,Left,Left,691,124,138,0,nan,nan,0.33
7/23/2026 20:19:45,1.17.3,FR5,67,3.94,nan,5,Left,Left,692,124,138,0,nan,nan,0.74
7/23/2026 20:19:47,1.17.3,FR5,67,3.94,nan,5,Left,Left,693,124,138,0,nan,nan,0.29
7/23/2026 20:19:48,1.17.3,FR5,67,3.94,nan,5,Left,Left,694,124,138,0,nan,nan,0.09
7/23/2026 20:31:41,1.17.3,FR5,67,3.94,nan,5,Left,Left,695,124,138,0,nan,nan,0.02
7/23/2026 20:31:42,1.17.3,FR5,67,3.94,nan,5,LeftDuringDispense,Left,696,124,138,0,nan,nan,0.01
7/23/2026 20:31:45,1.17.3,FR5,67,3.94,2,5,Pellet,Left,696,124,139,0,0.83,1980,nan
7/23/2026 20:32:00,1.17.3,FR5,67,3.94,nan,5,Left,Left,697,124,139,0,nan,nan,0.15
7/23/2026 20:32:03,1.17.3,FR5,67,3.93,nan,5,Left,Left,698,124,139,0,nan,nan,0.52
7/23/2026 20:32:04,1.17.3,FR5,67,3.94,nan,5,Left,Left,699,124,139,0,nan,nan,0.11
7/23/2026 20:32:06,1.17.3,FR5,67,3.94,nan,5,Left,Left,700,124,139,0,nan,nan,0.06
7/23/2026 20:32:07,1.17.3,FR5,67,3.94,1,5,Pellet,Left,700,124,140,0,0.35,22,nan
7/23/2026 20:32:32,1.17.3,FR5,67,3.94,nan,5,Left,Left,701,124,140,0,nan,nan,0.03
7/23/2026 20:32:34,1.17.3,FR5,67,3.94,nan,5,Left,Left,702,124,140,0,nan,nan,0.04
7/23/2026 20:32:46,1.17.3,FR5,67,3.93,nan,5,Left,Left,703,124,140,0,nan,nan,0.02
7/23/2026 20:32:49,1.17.3,FR5,67,3.94,nan,5,Left,Left,704,124,140,0,nan,nan,0.08
7/23/2026 20:32:50,1.17.3,FR5,67,3.94,nan,5,Left,Left,705,124,140,0,nan,nan,0.11
7/23/2026 20:32:51,1.17.3,FR5,67,3.93,nan,5,LeftDuringDispense,Left,706,124,140,0,nan,nan,0.01
7/23/2026 20:32:54,1.17.3,FR5,67,3.93,2,5,Pellet,Left,706,124,141,0,0.47,47,nan
7/23/2026 20:33:17,1.17.3,FR5,67,3.94,nan,5,Left,Left,707,124,141,0,nan,nan,0.49
7/23/2026 20:33:19,1.17.3,FR5,67,3.93,nan,5,Left,Left,708,124,141,0,nan,nan,0.05
7/23/2026 20:33:21,1.17.3,FR5,67,3.94,nan,5,Left,Left,709,124,141,0,nan,nan,0.01
7/23/2026 20:33:23,1.17.3,FR5,67,3.94,nan,5,Left,Left,710,124,141,0,nan,nan,0.40
7/23/2026 20:33:24,1.17.3,FR5,67,3.93,1,5,Pellet,Left,710,124,142,0,0.41,30,nan
7/23/2026 20:35:46,1.17.3,FR5,67,3.94,nan,5,Left,Left,711,124,142,0,nan,nan,0.03
7/23/2026 20:51:30,1.17.3,FR5,67,3.94,nan,5,Left,Left,712,124,142,0,nan,nan,0.05
7/23/2026 20:51:32,1.17.3,FR5,67,3.94,nan,5,Left,Left,713,124,142,0,nan,nan,0.01
7/23/2026 21:01:41,1.17.3,FR5,67,3.94,nan,5,Left,Left,714,124,142,0,nan,nan,0.07
7/23/2026 21:01:43,1.17.3,FR5,67,3.93,nan,5,Left,Left,715,124,142,0,nan,nan,0.06
7/23/2026 21:01:45,1.17.3,FR5,67,3.93,1,5,Pellet,Left,715,124,143,0,0.47,1701,nan
7/23/2026 21:02:08,1.17.3,FR5,67,3.93,nan,5,Left,Left,716,124,143,0,nan,nan,0.06
7/23/2026 21:02:09,1.17.3,FR5,67,3.94,nan,5,Left,Left,717,124,143,0,nan,nan,0.05
7/23/2026 21:02:12,1.17.3,FR5,67,3.93,nan,5,Left,Left,718,124,143,0,nan,nan,0.06
7/23/2026 21:02:13,1.17.3,FR5,67,3.93,nan,5,Left,Left,719,124,143,0,nan,nan,0.06
7/23/2026 21:02:14,1.17.3,FR5,67,3.94,nan,5,Left,Left,720,124,143,0,nan,nan,0.29
7/23/2026 21:02:15,1.17.3,FR5,67,3.93,1,5,Pellet,Left,720,124,144,0,0.29,30,nan
7/23/2026 21:02:53,1.17.3,FR5,67,3.93,nan,5,Left,Left,721,124,144,0,nan,nan,0.12
7/23/2026 21:02:54,1.17.3,FR5,67,3.93,nan,5,Left,Left,722,124,144,0,nan,nan,0.04
7/23/2026 21:02:58,1.17.3,FR5,67,3.94,nan,5,Left,Left,723,124,144,0,nan,nan,0.52
7/23/2026 21:03:00,1.17.3,FR5,67,3.93,nan,5,Left,Left,724,124,144,0,nan,nan,0.13
7/23/2026 21:03:59,1.17.3,FR5,67,3.93,nan,5,Right,Left,724,125,144,0,nan,nan,0.71
7/23/2026 21:04:03,1.17.3,FR5,67,3.93,nan,5,Right,Left,724,126,144,0,nan,nan,0.25
7/23/2026 21:38:52,1.17.3,FR5,67,3.94,nan,5,Left,Left,725,126,144,0,nan,nan,0.10
7/23/2026 21:38:53,1.17.3,FR5,67,3.93,1,5,Pellet,Left,725,126,145,0,0.41,2198,nan
7/23/2026 21:39:11,1.17.3,FR5,67,3.93,nan,5,Left,Left,726,126,145,0,nan,nan,0.07
7/23/2026 21:39:11,1.17.3,FR5,67,3.93,nan,5,Left,Left,727,126,145,0,nan,nan,0.00
7/23/2026 21:39:13,1.17.3,FR5,67,3.94,nan,5,Left,Left,728,126,145,0,nan,nan,0.13
7/23/2026 21:39:16,1.17.3,FR5,67,3.93,nan,5,Left,Left,729,126,145,0,nan,nan,0.13
7/23/2026 21:39:17,1.17.3,FR5,67,3.93,nan,5,Left,Left,730,126,145,0,nan,nan,0.10
7/23/2026 21:39:19,1.17.3,FR5,67,3.93,1,5,Pellet,Left,730,126,146,0,0.83,26,nan
7/23/2026 21:39:47,1.17.3,FR5,67,3.94,nan,5,Left,Left,731,126,146,0,nan,nan,0.04
7/23/2026 21:39:48,1.17.3,FR5,67,3.93,nan,5,Left,Left,732,126,146,0,nan,nan,0.05
7/23/2026 21:39:51,1.17.3,FR5,67,3.93,nan,5,Left,Left,733,126,146,0,nan,nan,0.08
7/23/2026 21:39:54,1.17.3,FR5,67,3.93,nan,5,Left,Left,734,126,146,0,nan,nan,0.08
7/23/2026 21:39:56,1.17.3,FR5,67,3.93,nan,5,Left,Left,735,126,146,0,nan,nan,0.20
7/23/2026 21:39:57,1.17.3,FR5,67,3.93,1,5,Pellet,Left,735,126,147,0,0.06,38,nan
7/23/2026 21:40:10,1.17.3,FR5,67,3.93,nan,5,Left,Left,736,126,147,0,nan,nan,0.12
7/23/2026 21:40:11,1.17.3,FR5,67,3.93,nan,5,Left,Left,737,126,147,0,nan,nan,0.12
7/23/2026 21:40:12,1.17.3,FR5,67,3.93,nan,5,Left,Left,738,126,147,0,nan,nan,0.07
7/23/2026 21:40:13,1.17.3,FR5,67,3.93,nan,5,Left,Left,739,126,147,0,nan,nan,0.52
7/23/2026 21:40:14,1.17.3,FR5,67,3.93,nan,5,Left,Left,740,126,147,0,nan,nan,0.14
7/23/2026 21:40:16,1.17.3,FR5,67,3.93,1,5,Pellet,Left,740,126,148,0,0.35,19,nan
7/23/2026 21:40:36,1.17.3,FR5,67,3.93,nan,5,Left,Left,741,126,148,0,nan,nan,0.09
7/23/2026 21:40:38,1.17.3,FR5,67,3.93,nan,5,Left,Left,742,126,148,0,nan,nan,0.50
7/23/2026 21:40:39,1.17.3,FR5,67,3.93,nan,5,Left,Left,743,126,148,0,nan,nan,0.11
7/23/2026 21:40:40,1.17.3,FR5,67,3.93,nan,5,Left,Left,744,126,148,0,nan,nan,0.09
7/23/2026 21:40:42,1.17.3,FR5,67,3.93,nan,5,Left,Left,745,126,148,0,nan,nan,0.26
7/23/2026 21:40:42,1.17.3,FR5,67,3.93,nan,5,LeftDuringDispense,Left,746,126,148,0,nan,nan,0.14
7/23/2026 21:40:45,1.17.3,FR5,67,3.93,2,5,Pellet,Left,746,126,149,0,0.41,29,nan
7/23/2026 21:53:20,1.17.3,FR5,67,3.93,nan,5,Left,Left,747,126,149,0,nan,nan,0.29
7/23/2026 21:53:22,1.17.3,FR5,67,3.93,nan,5,Left,Left,748,126,149,0,nan,nan,0.58
7/23/2026 21:53:24,1.17.3,FR5,67,3.93,nan,5,Left,Left,749,126,149,0,nan,nan,0.04
7/23/2026 21:53:24,1.17.3,FR5,67,3.93,nan,5,Left,Left,750,126,149,0,nan,nan,0.02
7/23/2026 21:53:26,1.17.3,FR5,67,3.93,1,5,Pellet,Left,750,126,150,0,0.59,761,nan
7/23/2026 21:53:43,1.17.3,FR5,67,3.93,nan,5,Left,Left,751,126,150,0,nan,nan,0.06
7/23/2026 21:53:44,1.17.3,FR5,67,3.93,nan,5,Left,Left,752,126,150,0,nan,nan,0.05
7/23/2026 21:53:49,1.17.3,FR5,67,3.93,nan,5,Left,Left,753,126,150,0,nan,nan,0.05
7/23/2026 21:53:50,1.17.3,FR5,67,3.93,nan,5,Left,Left,754,126,150,0,nan,nan,0.11
7/23/2026 21:53:52,1.17.3,FR5,67,3.93,nan,5,Left,Left,755,126,150,0,nan,nan,0.04
7/23/2026 21:53:52,1.17.3,FR5,67,3.93,nan,5,LeftDuringDispense,Left,756,126,150,0,nan,nan,0.06
7/23/2026 21:53:56,1.17.3,FR5,67,3.93,2,5,Pellet,Left,756,126,151,0,0.77,30,nan
7/23/2026 21:54:31,1.17.3,FR5,67,3.93,nan,5,Left,Left,757,126,151,0,nan,nan,0.02
7/23/2026 21:54:32,1.17.3,FR5,67,3.93,nan,5,Left,Left,758,126,151,0,nan,nan,0.03
7/23/2026 21:54:33,1.17.3,FR5,67,3.93,nan,5,Left,Left,759,126,151,0,nan,nan,0.06
7/23/2026 21:54:35,1.17.3,FR5,67,3.93,nan,5,Left,Left,760,126,151,0,nan,nan,0.03
7/23/2026 21:54:36,1.17.3,FR5,67,3.93,nan,5,LeftDuringDispense,Left,761,126,151,0,nan,nan,0.07
7/23/2026 21:54:39,1.17.3,FR5,67,3.93,2,5,Pellet,Left,761,126,152,0,0.47,43,nan
7/23/2026 21:54:58,1.17.3,FR5,67,3.94,nan,5,Left,Left,762,126,152,0,nan,nan,0.03
7/23/2026 21:54:58,1.17.3,FR5,67,3.93,nan,5,Left,Left,763,126,152,0,nan,nan,0.06
7/23/2026 21:55:01,1.17.3,FR5,67,3.93,nan,5,Left,Left,764,126,152,0,nan,nan,0.79
7/23/2026 21:55:02,1.17.3,FR5,67,3.93,nan,5,Left,Left,765,126,152,0,nan,nan,0.10
7/23/2026 21:55:03,1.17.3,FR5,67,3.93,nan,5,LeftDuringDispense,Left,766,126,152,0,nan,nan,0.08
7/23/2026 21:55:06,1.17.3,FR5,67,3.93,2,5,Pellet,Left,766,126,153,0,0.53,27,nan
7/23/2026 22:08:20,1.17.3,FR5,67,3.93,nan,5,Left,Left,767,126,153,0,nan,nan,1.56
7/23/2026 22:08:22,1.17.3,FR5,67,3.93,nan,5,Left,Left,768,126,153,0,nan,nan,0.13
7/23/2026 22:08:24,1.17.3,FR5,67,3.93,nan,5,Left,Left,769,126,153,0,nan,nan,0.69
7/23/2026 22:08:26,1.17.3,FR5,67,3.93,nan,5,Left,Left,770,126,153,0,nan,nan,0.16
7/23/2026 22:08:27,1.17.3,FR5,67,3.93,1,5,Pellet,Left,770,126,154,0,0.47,801,nan
7/23/2026 22:08:48,1.17.3,FR5,67,3.93,nan,5,Left,Left,771,126,154,0,nan,nan,0.16
7/23/2026 22:08:48,1.17.3,FR5,67,3.94,nan,5,Left,Left,772,126,154,0,nan,nan,0.03
7/23/2026 22:08:49,1.17.3,FR5,67,3.93,nan,5,Left,Left,773,126,154,0,nan,nan,0.01
7/23/2026 22:08:50,1.17.3,FR5,67,3.94,nan,5,Left,Left,774,126,154,0,nan,nan,0.02
7/23/2026 22:08:55,1.17.3,FR5,67,3.93,nan,5,Left,Left,775,126,154,0,nan,nan,0.66
7/23/2026 22:08:56,1.17.3,FR5,67,3.93,1,5,Pellet,Left,775,126,155,0,0.35,29,nan
7/23/2026 22:09:15,1.17.3,FR5,67,3.93,nan,5,Left,Left,776,126,155,0,nan,nan,0.00
7/23/2026 22:09:16,1.17.3,FR5,67,3.93,nan,5,Left,Left,777,126,155,0,nan,nan,0.00
7/23/2026 22:09:16,1.17.3,FR5,67,3.93,nan,5,Left,Left,778,126,155,0,nan,nan,0.00
7/23/2026 22:09:17,1.17.3,FR5,67,3.93,nan,5,Left,Left,779,126,155,0,nan,nan,0.14
7/23/2026 22:09:20,1.17.3,FR5,67,3.93,nan,5,Left,Left,780,126,155,0,nan,nan,0.01
7/23/2026 22:09:21,1.17.3,FR5,67,3.93,nan,5,LeftDuringDispense,Left,781,126,155,0,nan,nan,0.06
7/23/2026 22:09:24,1.17.3,FR5,67,3.93,2,5,Pellet,Left,781,126,156,0,0.23,28,nan
7/23/2026 22:09:41,1.17.3,FR5,67,3.93,nan,5,Left,Left,782,126,156,0,nan,nan,0.23
7/23/2026 22:09:43,1.17.3,FR5,67,3.93,nan,5,Left,Left,783,126,156,0,nan,nan,0.60
7/23/2026 22:09:45,1.17.3,FR5,67,3.93,nan,5,Left,Left,784,126,156,0,nan,nan,0.31
7/23/2026 22:09:45,1.17.3,FR5,67,3.93,nan,5,Left,Left,785,126,156,0,nan,nan,0.19
7/23/2026 22:09:46,1.17.3,FR5,67,3.94,nan,5,LeftDuringDispense,Left,786,126,156,0,nan,nan,0.56
7/23/2026 22:09:49,1.17.3,FR5,67,3.93,2,5,Pellet,Left,786,126,157,0,0.23,25,nan
7/23/2026 22:21:50,1.17.3,FR5,67,3.93,nan,5,Left,Left,787,126,157,0,nan,nan,0.00
7/23/2026 22:21:54,1.17.3,FR5,67,3.93,nan,5,Left,Left,788,126,157,0,nan,nan,0.44
7/23/2026 22:21:56,1.17.3,FR5,67,3.93,nan,5,Left,Left,789,126,157,0,nan,nan,0.22
7/23/2026 22:21:57,1.17.3,FR5,67,3.93,nan,5,Left,Left,790,126,157,0,nan,nan,0.17
7/23/2026 22:21:58,1.17.3,FR5,67,3.93,1,5,Pellet,Left,790,126,158,0,0.23,729,nan
7/23/2026 22:22:27,1.17.3,FR5,67,3.93,nan,5,Left,Left,791,126,158,0,nan,nan,0.06
7/23/2026 22:22:28,1.17.3,FR5,67,3.93,nan,5,Left,Left,792,126,158,0,nan,nan,0.09
7/23/2026 22:22:29,1.17.3,FR5,67,3.93,nan,5,Left,Left,793,126,158,0,nan,nan,0.29
7/23/2026 22:22:31,1.17.3,FR5,67,3.93,nan,5,Left,Left,794,126,158,0,nan,nan,0.72
7/23/2026 22:22:32,1.17.3,FR5,67,3.93,nan,5,Left,Left,795,126,158,0,nan,nan,0.15
7/23/2026 22:22:33,1.17.3,FR5,67,3.93,1,5,Pellet,Left,795,126,159,0,0.53,35,nan
7/23/2026 22:23:03,1.17.3,FR5,67,3.93,nan,5,Left,Left,796,126,159,0,nan,nan,0.08
7/23/2026 22:23:04,1.17.3,FR5,67,3.93,nan,5,Left,Left,797,126,159,0,nan,nan,0.00
7/23/2026 22:23:05,1.17.3,FR5,67,3.93,nan,5,Left,Left,798,126,159,0,nan,nan,0.15
7/23/2026 22:23:08,1.17.3,FR5,67,3.93,nan,5,Left,Left,799,126,159,0,nan,nan,0.16
7/23/2026 22:23:09,1.17.3,FR5,67,3.93,nan,5,Left,Left,800,126,159,0,nan,nan,0.08
7/23/2026 22:23:10,1.17.3,FR5,67,3.93,1,5,Pellet,Left,800,126,160,0,0.47,37,nan
7/23/2026 22:23:39,1.17.3,FR5,67,3.93,nan,5,Left,Left,801,126,160,0,nan,nan,0.05
7/23/2026 22:23:41,1.17.3,FR5,67,3.93,nan,5,Left,Left,802,126,160,0,nan,nan,0.00
7/23/2026 22:23:41,1.17.3,FR5,67,3.93,nan,5,Left,Left,803,126,160,0,nan,nan,0.02
7/23/2026 22:23:43,1.17.3,FR5,67,3.93,nan,5,Left,Left,804,126,160,0,nan,nan,0.00
7/23/2026 22:23:44,1.17.3,FR5,67,3.93,nan,5,Left,Left,805,126,160,0,nan,nan,0.39
7/23/2026 22:23:46,1.17.3,FR5,67,3.93,1,5,Pellet,Left,805,126,161,0,1.79,36,nan
7/23/2026 22:24:06,1.17.3,FR5,67,3.93,nan,5,Left,Left,806,126,161,0,nan,nan,0.04
7/23/2026 22:24:07,1.17.3,FR5,67,3.93,nan,5,Left,Left,807,126,161,0,nan,nan,0.05
7/23/2026 22:24:09,1.17.3,FR5,67,3.93,nan,5,Left,Left,808,126,161,0,nan,nan,0.03
7/23/2026 22:24:09,1.17.3,FR5,67,3.93,nan,5,Left,Left,809,126,161,0,nan,nan,0.03
7/23/2026 22:24:10,1.17.3,FR5,67,3.93,nan,5,Left,Left,810,126,161,0,nan,nan,0.26
7/23/2026 22:24:12,1.17.3,FR5,67,3.93,1,5,Pellet,Left,810,126,162,0,0.77,26,nan
7/23/2026 22:25:17,1.17.3,FR5,67,3.93,nan,5,Right,Left,810,127,162,0,nan,nan,0.57
7/23/2026 22:27:03,1.17.3,FR5,67,3.93,nan,5,Right,Left,810,128,162,0,nan,nan,1.93
7/23/2026 22:27:06,1.17.3,FR5,67,3.93,nan,5,Right,Left,810,129,162,0,nan,nan,0.01
7/23/2026 22:27:11,1.17.3,FR5,67,3.93,nan,5,Right,Left,810,130,162,0,nan,nan,0.59
7/23/2026 22:27:14,1.17.3,FR5,67,3.93,nan,5,Right,Left,810,131,162,0,nan,nan,0.75
7/23/2026 22:27:59,1.17.3,FR5,67,3.93,nan,5,Right,Left,810,132,162,0,nan,nan,0.10
7/23/2026 22:28:36,1.17.3,FR5,67,3.93,nan,5,Left,Left,811,132,162,0,nan,nan,0.19
7/23/2026 22:28:42,1.17.3,FR5,67,3.93,nan,5,Left,Left,812,132,162,0,nan,nan,0.78
7/23/2026 22:28:44,1.17.3,FR5,67,3.93,nan,5,Left,Left,813,132,162,0,nan,nan,0.10
7/23/2026 22:28:49,1.17.3,FR5,67,3.93,nan,5,Left,Left,814,132,162,0,nan,nan,0.16
7/23/2026 22:28:50,1.17.3,FR5,67,3.93,nan,5,Left,Left,815,132,162,0,nan,nan,0.17
7/23/2026 22:28:52,1.17.3,FR5,67,3.93,1,5,Pellet,Left,815,132,163,0,0.53,280,nan
7/23/2026 22:29:53,1.17.3,FR5,67,3.93,nan,5,Left,Left,816,132,163,0,nan,nan,0.27
7/23/2026 22:29:55,1.17.3,FR5,67,3.93,nan,5,Left,Left,817,132,163,0,nan,nan,0.29
7/23/2026 22:29:56,1.17.3,FR5,67,3.93,nan,5,Left,Left,818,132,163,0,nan,nan,0.36
7/23/2026 22:32:55,1.17.3,FR5,67,3.93,nan,5,Left,Left,819,132,163,0,nan,nan,0.13
7/23/2026 22:34:30,1.17.3,FR5,67,3.93,nan,5,Left,Left,820,132,163,0,nan,nan,0.19
7/23/2026 22:34:31,1.17.3,FR5,67,3.93,2,5,Pellet,Left,820,132,164,0,0.17,339,nan
7/23/2026 22:37:45,1.17.3,FR5,67,3.93,nan,5,Right,Left,820,133,164,0,nan,nan,0.44
7/23/2026 22:51:58,1.17.3,FR5,67,3.93,nan,5,Left,Left,821,133,164,0,nan,nan,0.27
7/23/2026 22:52:53,1.17.3,FR5,67,3.93,nan,5,Right,Left,821,134,164,0,nan,nan,0.00
7/23/2026 22:53:03,1.17.3,FR5,67,3.93,nan,5,Right,Left,821,135,164,0,nan,nan,0.59
7/23/2026 22:53:24,1.17.3,FR5,67,3.93,nan,5,Right,Left,821,136,164,0,nan,nan,0.62
7/23/2026 22:53:29,1.17.3,FR5,67,3.93,nan,5,Right,Left,821,137,164,0,nan,nan,1.05
7/23/2026 22:53:30,1.17.3,FR5,67,3.93,nan,5,Right,Left,821,138,164,0,nan,nan,0.13
7/23/2026 22:53:32,1.17.3,FR5,67,3.93,nan,5,Right,Left,821,139,164,0,nan,nan,0.14
7/23/2026 22:53:32,1.17.3,FR5,67,3.93,nan,5,Right,Left,821,140,164,0,nan,nan,0.04
7/23/2026 22:53:34,1.17.3,FR5,67,3.93,nan,5,Right,Left,821,141,164,0,nan,nan,0.35
7/23/2026 22:53:36,1.17.3,FR5,67,3.93,nan,5,Right,Left,821,142,164,0,nan,nan,0.02
7/23/2026 22:53:39,1.17.3,FR5,67,3.93,nan,5,Right,Left,821,143,164,0,nan,nan,0.07
7/23/2026 22:53:41,1.17.3,FR5,67,3.94,nan,5,Right,Left,821,144,164,0,nan,nan,0.05
7/23/2026 22:53:53,1.17.3,FR5,67,3.93,nan,5,Right,Left,821,145,164,0,nan,nan,2.73
7/23/2026 22:53:55,1.17.3,FR5,67,3.93,nan,5,Right,Left,821,146,164,0,nan,nan,0.52
7/23/2026 22:53:57,1.17.3,FR5,67,3.93,nan,5,Right,Left,821,147,164,0,nan,nan,0.43
7/23/2026 22:53:59,1.17.3,FR5,67,3.93,nan,5,Right,Left,821,148,164,0,nan,nan,0.00
7/23/2026 22:54:00,1.17.3,FR5,67,3.93,nan,5,Right,Left,821,149,164,0,nan,nan,0.05
7/23/2026 22:54:03,1.17.3,FR5,67,3.93,nan,5,Right,Left,821,150,164,0,nan,nan,0.00
7/23/2026 22:54:04,1.17.3,FR5,67,3.93,nan,5,Right,Left,821,151,164,0,nan,nan,0.04
7/23/2026 22:54:05,1.17.3,FR5,67,3.93,nan,5,Right,Left,821,152,164,0,nan,nan,0.00
7/23/2026 22:54:06,1.17.3,FR5,67,3.93,nan,5,Right,Left,821,153,164,0,nan,nan,0.13
7/23/2026 22:54:08,1.17.3,FR5,67,3.93,nan,5,Right,Left,821,154,164,0,nan,nan,0.00
7/23/2026 22:54:18,1.17.3,FR5,67,3.93,nan,5,Left,Left,822,154,164,0,nan,nan,0.42
7/23/2026 22:54:22,1.17.3,FR5,67,3.93,nan,5,Right,Left,822,155,164,0,nan,nan,0.78
7/23/2026 22:54:23,1.17.3,FR5,67,3.93,nan,5,Right,Left,822,156,164,0,nan,nan,0.14
7/23/2026 22:54:25,1.17.3,FR5,67,3.93,nan,5,Right,Left,822,157,164,0,nan,nan,1.21
7/23/2026 22:54:27,1.17.3,FR5,67,3.93,nan,5,Right,Left,822,158,164,0,nan,nan,1.12
7/23/2026 22:54:29,1.17.3,FR5,67,3.93,nan,5,Right,Left,822,159,164,0,nan,nan,0.14
7/23/2026 22:54:33,1.17.3,FR5,67,3.93,nan,5,Right,Left,822,160,164,0,nan,nan,0.00
7/23/2026 22:54:34,1.17.3,FR5,67,3.93,nan,5,Right,Left,822,161,164,0,nan,nan,0.00
7/23/2026 22:55:06,1.17.3,FR5,67,3.93,nan,5,Right,Left,822,162,164,0,nan,nan,0.30
7/23/2026 22:55:12,1.17.3,FR5,67,3.93,nan,5,Right,Left,822,163,164,0,nan,nan,0.67
7/23/2026 22:55:13,1.17.3,FR5,67,3.93,nan,5,Right,Left,822,164,164,0,nan,nan,0.37
7/23/2026 22:55:15,1.17.3,FR5,67,3.93,nan,5,Right,Left,822,165,164,0,nan,nan,0.86
7/23/2026 22:55:16,1.17.3,FR5,67,3.93,nan,5,Right,Left,822,166,164,0,nan,nan,0.00
7/23/2026 22:55:18,1.17.3,FR5,67,3.93,nan,5,Right,Left,822,167,164,0,nan,nan,0.00
7/23/2026 22:55:23,1.17.3,FR5,67,3.93,nan,5,Right,Left,822,168,164,0,nan,nan,0.44
7/23/2026 22:55:24,1.17.3,FR5,67,3.93,nan,5,Right,Left,822,169,164,0,nan,nan,0.00
7/23/2026 22:55:34,1.17.3,FR5,67,3.93,nan,5,Right,Left,822,170,164,0,nan,nan,0.05
7/23/2026 22:55:36,1.17.3,FR5,67,3.93,nan,5,Right,Left,822,171,164,0,nan,nan,1.17
7/23/2026 22:55:38,1.17.3,FR5,67,3.93,nan,5,Right,Left,822,172,164,0,nan,nan,0.57
7/23/2026 22:55:40,1.17.3,FR5,67,3.93,nan,5,Right,Left,822,173,164,0,nan,nan,0.23
7/23/2026 23:00:07,1.17.3,FR5,67,3.93,nan,5,Left,Left,823,173,164,0,nan,nan,0.07
7/23/2026 23:00:08,1.17.3,FR5,67,3.93,nan,5,Left,Left,824,173,164,0,nan,nan,0.03
7/23/2026 23:00:10,1.17.3,FR5,67,3.93,nan,5,Left,Left,825,173,164,0,nan,nan,0.36
7/23/2026 23:00:11,1.17.3,FR5,67,3.93,1,5,Pellet,Left,825,173,165,0,0.47,1540,nan
7/23/2026 23:00:32,1.17.3,FR5,67,3.93,nan,5,Left,Left,826,173,165,0,nan,nan,0.02
7/23/2026 23:00:32,1.17.3,FR5,67,3.93,nan,5,Left,Left,827,173,165,0,nan,nan,0.00
7/23/2026 23:00:33,1.17.3,FR5,67,3.93,nan,5,Left,Left,828,173,165,0,nan,nan,0.15
7/23/2026 23:00:41,1.17.3,FR5,67,3.93,nan,5,Right,Left,828,174,165,0,nan,nan,0.53
7/23/2026 23:10:45,1.17.3,FR5,67,3.93,nan,5,Left,Left,829,174,165,0,nan,nan,0.21
7/23/2026 23:10:47,1.17.3,FR5,67,3.93,nan,5,Left,Left,830,174,165,0,nan,nan,0.39
7/23/2026 23:10:48,1.17.3,FR5,67,3.93,1,5,Pellet,Left,830,174,166,0,0.41,637,nan
7/23/2026 23:11:29,1.17.3,FR5,67,3.93,nan,5,Left,Left,831,174,166,0,nan,nan,0.10
7/23/2026 23:11:30,1.17.3,FR5,67,3.93,nan,5,Left,Left,832,174,166,0,nan,nan,0.25
7/23/2026 23:59:04,1.17.3,FR5,67,3.93,nan,5,Left,Left,833,174,166,0,nan,nan,0.02
7/23/2026 23:59:06,1.17.3,FR5,67,3.93,nan,5,Left,Left,834,174,166,0,nan,nan,0.51
7/23/2026 23:59:08,1.17.3,FR5,67,3.93,nan,5,Left,Left,835,174,166,0,nan,nan,0.87
7/23/2026 23:59:09,1.17.3,FR5,67,3.93,1,5,Pellet,Left,835,174,167,0,0.47,2901,nan
7/23/2026 23:59:33,1.17.3,FR5,67,3.93,nan,5,Left,Left,836,174,167,0,nan,nan,0.42
7/23/2026 23:59:37,1.17.3,FR5,67,3.93,nan,5,Left,Left,837,174,167,0,nan,nan,0.09
7/23/2026 23:59:39,1.17.3,FR5,67,3.93,nan,5,Left,Left,838,174,167,0,nan,nan,0.14
7/23/2026 23:59:43,1.17.3,FR5,67,3.93,nan,5,Left,Left,839,174,167,0,nan,nan,0.08
7/23/2026 23:59:44,1.17.3,FR5,67,3.93,nan,5,Left,Left,840,174,167,0,nan,nan,0.02
7/23/2026 23:59:44,1.17.3,FR5,67,3.93,nan,5,LeftDuringDispense,Left,841,174,167,0,nan,nan,0.17
7/23/2026 23:59:47,1.17.3,FR5,67,3.93,2,5,Pellet,Left,841,174,168,0,0.17,38,nan
7/24/2026 0:00:10,1.17.3,FR5,67,3.93,nan,5,Left,Left,842,174,168,0,nan,nan,1.12
7/24/2026 0:00:11,1.17.3,FR5,67,3.93,nan,5,Left,Left,843,174,168,0,nan,nan,0.09
7/24/2026 0:00:13,1.17.3,FR5,67,3.93,nan,5,Left,Left,844,174,168,0,nan,nan,0.22
7/24/2026 0:00:15,1.17.3,FR5,67,3.93,nan,5,Left,Left,845,174,168,0,nan,nan,0.20
7/24/2026 0:00:16,1.17.3,FR5,67,3.93,1,5,Pellet,Left,845,174,169,0,0.65,29,nan
7/24/2026 0:00:40,1.17.3,FR5,67,3.93,nan,5,Left,Left,846,174,169,0,nan,nan,0.06
7/24/2026 0:01:04,1.17.3,FR5,67,3.93,nan,5,Left,Left,847,174,169,0,nan,nan,0.08
7/24/2026 0:01:05,1.17.3,FR5,67,3.93,nan,5,Left,Left,848,174,169,0,nan,nan,0.22
7/24/2026 0:01:06,1.17.3,FR5,67,3.93,nan,5,Left,Left,849,174,169,0,nan,nan,0.31
7/24/2026 0:01:09,1.17.3,FR5,67,3.93,nan,5,Left,Left,850,174,169,0,nan,nan,0.09
7/24/2026 0:01:10,1.17.3,FR5,67,3.93,1,5,Pellet,Left,850,174,170,0,0.23,54,nan
7/24/2026 0:01:31,1.17.3,FR5,67,3.93,nan,5,Left,Left,851,174,170,0,nan,nan,0.01
7/24/2026 0:01:32,1.17.3,FR5,67,3.93,nan,5,Left,Left,852,174,170,0,nan,nan,0.03
7/24/2026 0:01:35,1.17.3,FR5,67,3.93,nan,5,Left,Left,853,174,170,0,nan,nan,0.09
7/24/2026 0:01:37,1.17.3,FR5,67,3.93,nan,5,Left,Left,854,174,170,0,nan,nan,0.43
7/24/2026 0:01:38,1.17.3,FR5,67,3.93,nan,5,Left,Left,855,174,170,0,nan,nan,0.41
7/24/2026 0:01:39,1.17.3,FR5,67,3.93,1,5,Pellet,Left,855,174,171,0,0.41,29,nan
7/24/2026 0:02:15,1.17.3,FR5,67,3.93,nan,5,Right,Left,855,175,171,0,nan,nan,0.53
7/24/2026 0:02:18,1.17.3,FR5,67,3.93,nan,5,Right,Left,855,176,171,0,nan,nan,0.31
7/24/2026 0:02:20,1.17.3,FR5,67,3.93,nan,5,Right,Left,855,177,171,0,nan,nan,0.04
7/24/2026 0:02:22,1.17.3,FR5,67,3.93,nan,5,Right,Left,855,178,171,0,nan,nan,0.24
7/24/2026 0:11:28,1.17.3,FR5,67,3.93,nan,5,Left,Left,856,178,171,0,nan,nan,0.09
7/24/2026 0:11:29,1.17.3,FR5,67,3.93,nan,5,Left,Left,857,178,171,0,nan,nan,0.74
7/24/2026 0:11:30,1.17.3,FR5,67,3.93,nan,5,Left,Left,858,178,171,0,nan,nan,0.00
7/24/2026 0:11:32,1.17.3,FR5,67,3.93,nan,5,Left,Left,859,178,171,0,nan,nan,0.04
7/24/2026 0:11:35,1.17.3,FR5,67,3.93,nan,5,Left,Left,860,178,171,0,nan,nan,0.10
7/24/2026 0:11:36,1.17.3,FR5,67,3.93,1,5,Pellet,Left,860,178,172,0,0.59,597,nan
7/24/2026 0:11:57,1.17.3,FR5,67,3.93,nan,5,Left,Left,861,178,172,0,nan,nan,0.01
7/24/2026 0:11:59,1.17.3,FR5,67,3.93,nan,5,Left,Left,862,178,172,0,nan,nan,0.02
7/24/2026 0:12:05,1.17.3,FR5,67,3.94,nan,5,Left,Left,863,178,172,0,nan,nan,0.00
7/24/2026 0:12:07,1.17.3,FR5,67,3.93,nan,5,Left,Left,864,178,172,0,nan,nan,0.03
7/24/2026 0:12:10,1.17.3,FR5,67,3.93,nan,5,Left,Left,865,178,172,0,nan,nan,0.09
7/24/2026 0:12:11,1.17.3,FR5,67,3.93,1,5,Pellet,Left,865,178,173,0,0.23,35,nan
7/24/2026 0:12:40,1.17.3,FR5,67,3.93,nan,5,Left,Left,866,178,173,0,nan,nan,0.02
7/24/2026 0:12:45,1.17.3,FR5,67,3.93,nan,5,Left,Left,867,178,173,0,nan,nan,0.06
7/24/2026 0:12:46,1.17.3,FR5,67,3.93,nan,5,Left,Left,868,178,173,0,nan,nan,0.02
7/24/2026 0:12:50,1.17.3,FR5,67,3.93,nan,5,Left,Left,869,178,173,0,nan,nan,0.55
7/24/2026 0:27:28,1.17.3,FR5,67,3.93,nan,5,Left,Left,870,178,173,0,nan,nan,0.44
7/24/2026 0:27:29,1.17.3,FR5,67,3.93,1,5,Pellet,Left,870,178,174,0,0.29,918,nan
7/24/2026 0:37:11,1.17.3,FR5,67,3.93,nan,5,Right,Left,870,179,174,0,nan,nan,0.04
7/24/2026 0:42:10,1.17.3,FR5,67,3.93,nan,5,Right,Left,870,180,174,0,nan,nan,0.28
7/24/2026 0:42:11,1.17.3,FR5,67,3.93,nan,5,Right,Left,870,181,174,0,nan,nan,0.48
7/24/2026 0:42:15,1.17.3,FR5,67,3.93,nan,5,Right,Left,870,182,174,0,nan,nan,0.47
7/24/2026 0:42:16,1.17.3,FR5,67,3.93,nan,5,Right,Left,870,183,174,0,nan,nan,0.61
7/24/2026 0:42:23,1.17.3,FR5,67,3.93,nan,5,Right,Left,870,184,174,0,nan,nan,0.39
7/24/2026 0:42:27,1.17.3,FR5,67,3.93,nan,5,Left,Left,871,184,174,0,nan,nan,0.23
7/24/2026 0:42:29,1.17.3,FR5,67,3.93,nan,5,Left,Left,872,184,174,0,nan,nan,0.11
7/24/2026 0:42:30,1.17.3,FR5,67,3.93,nan,5,Left,Left,873,184,174,0,nan,nan,0.09
7/24/2026 0:42:37,1.17.3,FR5,67,3.93,nan,5,Right,Left,873,185,174,0,nan,nan,0.00
7/24/2026 0:51:20,1.17.3,FR5,67,3.93,nan,5,Right,Left,873,186,174,0,nan,nan,0.96
7/24/2026 0:51:21,1.17.3,FR5,67,3.93,nan,5,Right,Left,873,187,174,0,nan,nan,0.09
7/24/2026 0:51:26,1.17.3,FR5,67,3.93,nan,5,Right,Left,873,188,174,0,nan,nan,0.08
7/24/2026 0:51:27,1.17.3,FR5,67,3.93,nan,5,Right,Left,873,189,174,0,nan,nan,0.51
7/24/2026 0:51:31,1.17.3,FR5,67,3.93,nan,5,Right,Left,873,190,174,0,nan,nan,0.18
7/24/2026 0:51:32,1.17.3,FR5,67,3.93,nan,5,Right,Left,873,191,174,0,nan,nan,0.13
7/24/2026 0:51:33,1.17.3,FR5,67,3.93,nan,5,Right,Left,873,192,174,0,nan,nan,0.11
7/24/2026 0:51:35,1.17.3,FR5,67,3.93,nan,5,Left,Left,874,192,174,0,nan,nan,0.14
7/24/2026 0:51:39,1.17.3,FR5,67,3.93,nan,5,Right,Left,874,193,174,0,nan,nan,0.71
7/24/2026 0:52:51,1.17.3,FR5,67,3.93,nan,5,Left,Left,875,193,174,0,nan,nan,1.47
7/24/2026 0:52:53,1.17.3,FR5,67,3.93,1,5,Pellet,Left,875,193,175,0,0.71,1524,nan
7/24/2026 0:53:39,1.17.3,FR5,67,3.93,nan,5,Left,Left,876,193,175,0,nan,nan,0.45
7/24/2026 0:53:41,1.17.3,FR5,67,3.93,nan,5,Left,Left,877,193,175,0,nan,nan,0.59
7/24/2026 1:00:36,1.17.3,FR5,67,3.93,nan,5,Left,Left,878,193,175,0,nan,nan,0.12
7/24/2026 1:10:15,1.17.3,FR5,67,3.93,nan,5,Right,Left,878,194,175,0,nan,nan,0.04
7/24/2026 1:10:31,1.17.3,FR5,67,3.93,nan,5,Right,Left,878,195,175,0,nan,nan,0.19
7/24/2026 1:10:34,1.17.3,FR5,67,3.92,nan,5,Right,Left,878,196,175,0,nan,nan,0.45
7/24/2026 1:12:24,1.17.3,FR5,67,3.93,nan,5,Right,Left,878,197,175,0,nan,nan,0.16
7/24/2026 1:27:54,1.17.3,FR5,67,3.93,nan,5,Right,Left,878,198,175,0,nan,nan,0.61
7/24/2026 1:27:55,1.17.3,FR5,67,3.93,nan,5,Right,Left,878,199,175,0,nan,nan,0.25
7/24/2026 1:27:58,1.17.3,FR5,67,3.93,nan,5,Right,Left,878,200,175,0,nan,nan,1.34
7/24/2026 1:28:00,1.17.3,FR5,67,3.93,nan,5,Right,Left,878,201,175,0,nan,nan,0.04
7/24/2026 1:28:03,1.17.3,FR5,67,3.93,nan,5,Right,Left,878,202,175,0,nan,nan,0.05
7/24/2026 1:28:10,1.17.3,FR5,67,3.93,nan,5,Right,Left,878,203,175,0,nan,nan,0.58
7/24/2026 1:28:23,1.17.3,FR5,67,3.93,nan,5,Right,Left,878,204,175,0,nan,nan,0.04
7/24/2026 2:28:26,1.17.3,FR5,67,3.93,nan,5,Right,Left,878,205,175,0,nan,nan,0.00
7/24/2026 2:30:14,1.17.3,FR5,67,3.93,nan,5,Right,Left,878,206,175,0,nan,nan,0.19
7/24/2026 2:31:26,1.17.3,FR5,67,3.93,nan,5,Right,Left,878,207,175,0,nan,nan,0.31
7/24/2026 2:31:27,1.17.3,FR5,67,3.93,nan,5,Right,Left,878,208,175,0,nan,nan,0.00
7/24/2026 2:31:28,1.17.3,FR5,67,3.92,nan,5,Right,Left,878,209,175,0,nan,nan,0.05
7/24/2026 2:31:31,1.17.3,FR5,67,3.93,nan,5,Right,Left,878,210,175,0,nan,nan,0.48
7/24/2026 2:31:33,1.17.3,FR5,67,3.92,nan,5,Right,Left,878,211,175,0,nan,nan,1.04
7/24/2026 2:31:50,1.17.3,FR5,67,3.93,nan,5,Left,Left,879,211,175,0,nan,nan,0.32
7/24/2026 2:31:52,1.17.3,FR5,67,3.92,nan,5,Left,Left,880,211,175,0,nan,nan,0.80
7/24/2026 2:31:54,1.17.3,FR5,67,3.93,1,5,Pellet,Left,880,211,176,0,1.19,5941,nan
7/24/2026 2:32:08,1.17.3,FR5,67,3.93,nan,5,Left,Left,881,211,176,0,nan,nan,0.25
7/24/2026 2:32:11,1.17.3,FR5,67,3.91,nan,5,Left,Left,882,211,176,0,nan,nan,0.21
7/24/2026 2:32:13,1.17.3,FR5,67,3.92,nan,5,Left,Left,883,211,176,0,nan,nan,0.40
7/24/2026 2:32:14,1.17.3,FR5,67,3.92,nan,5,Left,Left,884,211,176,0,nan,nan,0.17
7/24/2026 2:32:15,1.17.3,FR5,67,3.93,nan,5,Left,Left,885,211,176,0,nan,nan,0.04
7/24/2026 2:32:16,1.17.3,FR5,67,3.93,nan,5,LeftDuringDispense,Left,886,211,176,0,nan,nan,0.11
7/24/2026 2:32:19,1.17.3,FR5,67,3.92,2,5,Pellet,Left,886,211,177,0,0.77,25,nan
7/24/2026 2:32:34,1.17.3,FR5,67,3.92,nan,5,Right,Left,886,212,177,0,nan,nan,0.19
7/24/2026 2:32:42,1.17.3,FR5,67,3.92,nan,5,Left,Left,887,212,177,0,nan,nan,0.13
7/24/2026 2:32:47,1.17.3,FR5,67,3.93,nan,5,Left,Left,888,212,177,0,nan,nan,0.28
7/24/2026 2:32:48,1.17.3,FR5,67,3.93,nan,5,Left,Left,889,212,177,0,nan,nan,0.07
7/24/2026 2:32:49,1.17.3,FR5,67,3.93,nan,5,Left,Left,890,212,177,0,nan,nan,0.00
7/24/2026 2:32:53,1.17.3,FR5,67,3.93,2,5,Pellet,Left,890,212,178,0,0.71,34,nan
7/24/2026 2:33:06,1.17.3,FR5,67,3.92,nan,5,Left,Left,891,212,178,0,nan,nan,0.14
7/24/2026 2:33:08,1.17.3,FR5,67,3.93,nan,5,Left,Left,892,212,178,0,nan,nan,0.30
7/24/2026 2:33:13,1.17.3,FR5,67,3.93,nan,5,Left,Left,893,212,178,0,nan,nan,0.58
7/24/2026 2:33:14,1.17.3,FR5,67,3.92,nan,5,Left,Left,894,212,178,0,nan,nan,0.28
7/24/2026 2:33:16,1.17.3,FR5,67,3.92,nan,5,Left,Left,895,212,178,0,nan,nan,0.57
7/24/2026 2:33:18,1.17.3,FR5,67,3.93,1,5,Pellet,Left,895,212,179,0,1.31,25,nan
7/24/2026 2:33:47,1.17.3,FR5,67,3.93,nan,5,Left,Left,896,212,179,0,nan,nan,0.15
7/24/2026 2:34:15,1.17.3,FR5,67,3.93,nan,5,Right,Left,896,213,179,0,nan,nan,0.01
7/24/2026 2:34:16,1.17.3,FR5,67,3.92,nan,5,Right,Left,896,214,179,0,nan,nan,0.11
7/24/2026 2:34:17,1.17.3,FR5,67,3.92,nan,5,Right,Left,896,215,179,0,nan,nan,0.00
7/24/2026 2:34:18,1.17.3,FR5,67,3.92,nan,5,Right,Left,896,216,179,0,nan,nan,0.09
7/24/2026 2:34:20,1.17.3,FR5,67,3.92,nan,5,Right,Left,896,217,179,0,nan,nan,0.83
7/24/2026 2:34:24,1.17.3,FR5,67,3.92,nan,5,Left,Left,897,217,179,0,nan,nan,0.17
7/24/2026 2:34:25,1.17.3,FR5,67,3.93,nan,5,Left,Left,898,217,179,0,nan,nan,0.27
7/24/2026 2:34:27,1.17.3,FR5,67,3.92,nan,5,Left,Left,899,217,179,0,nan,nan,0.24
7/24/2026 2:34:29,1.17.3,FR5,67,3.92,nan,5,Left,Left,900,217,179,0,nan,nan,0.30
7/24/2026 2:34:31,1.17.3,FR5,67,3.92,1,5,Pellet,Left,900,217,180,0,0.59,73,nan
7/24/2026 2:34:47,1.17.3,FR5,67,3.93,nan,5,Left,Left,901,217,180,0,nan,nan,0.09
7/24/2026 2:34:49,1.17.3,FR5,67,3.92,nan,5,Left,Left,902,217,180,0,nan,nan,0.23
7/24/2026 2:34:50,1.17.3,FR5,67,3.92,nan,5,Left,Left,903,217,180,0,nan,nan,0.49
7/24/2026 2:34:52,1.17.3,FR5,67,3.93,nan,5,Left,Left,904,217,180,0,nan,nan,0.63
7/24/2026 2:34:53,1.17.3,FR5,67,3.93,nan,5,Left,Left,905,217,180,0,nan,nan,0.06
7/24/2026 2:34:54,1.17.3,FR5,67,3.93,1,5,Pellet,Left,905,217,181,0,1.01,23,nan
7/24/2026 2:35:06,1.17.3,FR5,67,3.93,nan,5,Left,Left,906,217,181,0,nan,nan,0.04
7/24/2026 2:35:07,1.17.3,FR5,67,3.92,nan,5,Left,Left,907,217,181,0,nan,nan,0.51
7/24/2026 2:35:08,1.17.3,FR5,67,3.92,nan,5,Left,Left,908,217,181,0,nan,nan,0.19
7/24/2026 2:35:09,1.17.3,FR5,67,3.92,nan,5,Left,Left,909,217,181,0,nan,nan,0.10
7/24/2026 2:35:10,1.17.3,FR5,67,3.93,nan,5,Left,Left,910,217,181,0,nan,nan,0.32
7/24/2026 2:35:11,1.17.3,FR5,67,3.92,1,5,Pellet,Left,910,217,182,0,0.71,17,nan
7/24/2026 2:35:27,1.17.3,FR5,67,3.93,nan,5,Left,Left,911,217,182,0,nan,nan,0.12
7/24/2026 2:35:28,1.17.3,FR5,67,3.92,nan,5,Left,Left,912,217,182,0,nan,nan,0.28
7/24/2026 2:35:30,1.17.3,FR5,67,3.93,nan,5,Left,Left,913,217,182,0,nan,nan,0.50
7/24/2026 2:35:31,1.17.3,FR5,67,3.93,nan,5,Left,Left,914,217,182,0,nan,nan,0.12
7/24/2026 2:35:38,1.17.3,FR5,67,3.92,nan,5,Left,Left,915,217,182,0,nan,nan,0.18
7/24/2026 2:35:39,1.17.3,FR5,67,3.92,1,5,Pellet,Left,915,217,183,0,0.06,28,nan
7/24/2026 2:35:45,1.17.3,FR5,67,3.92,nan,5,Left,Left,916,217,183,0,nan,nan,0.17
7/24/2026 2:35:46,1.17.3,FR5,67,3.93,nan,5,Left,Left,917,217,183,0,nan,nan,0.32
7/24/2026 2:35:50,1.17.3,FR5,67,3.93,nan,5,Left,Left,918,217,183,0,nan,nan,0.73
7/24/2026 2:35:51,1.17.3,FR5,67,3.93,nan,5,Left,Left,919,217,183,0,nan,nan,0.38
7/24/2026 2:35:52,1.17.3,FR5,67,3.93,nan,5,Left,Left,920,217,183,0,nan,nan,0.32
7/24/2026 2:35:53,1.17.3,FR5,67,3.92,1,5,Pellet,Left,920,217,184,0,0.59,14,nan
7/24/2026 2:38:00,1.17.3,FR5,67,3.93,nan,5,Left,Left,921,217,184,0,nan,nan,0.19
7/24/2026 2:38:03,1.17.3,FR5,67,3.93,nan,5,Left,Left,922,217,184,0,nan,nan,0.15
7/24/2026 2:38:04,1.17.3,FR5,67,3.92,nan,5,Left,Left,923,217,184,0,nan,nan,0.03
7/24/2026 2:38:05,1.17.3,FR5,67,3.93,nan,5,Left,Left,924,217,184,0,nan,nan,0.09
7/24/2026 2:38:22,1.17.3,FR5,67,3.93,nan,5,Right,Left,924,218,184,0,nan,nan,0.10
7/24/2026 2:38:25,1.17.3,FR5,67,3.92,nan,5,Right,Left,924,219,184,0,nan,nan,0.02
7/24/2026 2:38:27,1.17.3,FR5,67,3.93,nan,5,Right,Left,924,220,184,0,nan,nan,0.77
7/24/2026 2:38:29,1.17.3,FR5,67,3.92,nan,5,Left,Left,925,220,184,0,nan,nan,0.24
7/24/2026 2:38:31,1.17.3,FR5,67,3.92,1,5,Pellet,Left,925,220,185,0,0.59,158,nan
7/24/2026 2:38:44,1.17.3,FR5,67,3.93,nan,5,Left,Left,926,220,185,0,nan,nan,0.13
7/24/2026 2:49:06,1.17.3,FR5,67,3.92,nan,5,Right,Left,926,221,185,0,nan,nan,0.08
7/24/2026 2:57:52,1.17.3,FR5,67,3.92,nan,5,Left,Left,927,221,185,0,nan,nan,0.22
7/24/2026 2:57:54,1.17.3,FR5,67,3.92,nan,5,Left,Left,928,221,185,0,nan,nan,0.10
7/24/2026 2:57:55,1.17.3,FR5,67,3.92,nan,5,Left,Left,929,221,185,0,nan,nan,0.02
7/24/2026 3:18:24,1.17.3,FR5,67,3.92,nan,5,Left,Left,930,221,185,0,nan,nan,0.47
7/24/2026 3:18:25,1.17.3,FR5,67,3.92,1,5,Pellet,Left,930,221,186,0,0.95,2394,nan
7/24/2026 3:18:41,1.17.3,FR5,67,3.92,nan,5,Left,Left,931,221,186,0,nan,nan,0.11
7/24/2026 3:18:42,1.17.3,FR5,67,3.92,nan,5,Left,Left,932,221,186,0,nan,nan,0.04
7/24/2026 3:18:43,1.17.3,FR5,67,3.92,nan,5,Left,Left,933,221,186,0,nan,nan,0.26
7/24/2026 3:18:49,1.17.3,FR5,67,3.92,nan,5,Left,Left,934,221,186,0,nan,nan,0.04
7/24/2026 3:18:52,1.17.3,FR5,67,3.92,nan,5,Left,Left,935,221,186,0,nan,nan,0.10
7/24/2026 3:18:57,1.17.3,FR5,67,3.92,2,5,Pellet,Left,935,221,187,0,1.73,32,nan
7/24/2026 3:19:31,1.17.3,FR5,67,3.92,nan,5,Left,Left,936,221,187,0,nan,nan,0.07
7/24/2026 3:19:34,1.17.3,FR5,67,3.92,nan,5,Left,Left,937,221,187,0,nan,nan,0.38
7/24/2026 3:19:37,1.17.3,FR5,67,3.92,nan,5,Left,Left,938,221,187,0,nan,nan,0.19
7/24/2026 3:19:38,1.17.3,FR5,67,3.92,nan,5,Left,Left,939,221,187,0,nan,nan,0.30
7/24/2026 3:19:39,1.17.3,FR5,67,3.93,nan,5,Left,Left,940,221,187,0,nan,nan,0.09
7/24/2026 3:19:41,1.17.3,FR5,67,3.92,1,5,Pellet,Left,940,221,188,0,1.01,44,nan
7/24/2026 3:20:00,1.17.3,FR5,67,3.92,nan,5,Left,Left,941,221,188,0,nan,nan,0.66
7/24/2026 3:20:02,1.17.3,FR5,67,3.92,nan,5,Left,Left,942,221,188,0,nan,nan,0.08
7/24/2026 3:20:03,1.17.3,FR5,67,3.93,nan,5,Left,Left,943,221,188,0,nan,nan,0.03
7/24/2026 3:20:05,1.17.3,FR5,67,3.92,nan,5,Left,Left,944,221,188,0,nan,nan,0.05
7/24/2026 3:20:18,1.17.3,FR5,67,3.92,nan,5,Left,Left,945,221,188,0,nan,nan,0.06
7/24/2026 3:20:19,1.17.3,FR5,67,3.92,1,5,Pellet,Left,945,221,189,0,0.47,38,nan
7/24/2026 3:21:05,1.17.3,FR5,67,3.92,nan,5,Left,Left,946,221,189,0,nan,nan,0.08
7/24/2026 3:21:06,1.17.3,FR5,67,3.92,nan,5,Left,Left,947,221,189,0,nan,nan,0.30
7/24/2026 3:49:27,1.17.3,FR5,67,3.91,nan,5,Left,Left,948,221,189,0,nan,nan,0.15
7/24/2026 3:49:35,1.17.3,FR5,67,3.92,nan,5,Left,Left,949,221,189,0,nan,nan,0.07
7/24/2026 3:49:41,1.17.3,FR5,67,3.92,nan,5,Left,Left,950,221,189,0,nan,nan,0.02
7/24/2026 3:49:42,1.17.3,FR5,67,3.92,1,5,Pellet,Left,950,221,190,0,0.53,1763,nan
7/24/2026 3:50:03,1.17.3,FR5,67,3.92,nan,5,Left,Left,951,221,190,0,nan,nan,0.11
7/24/2026 3:50:03,1.17.3,FR5,67,3.93,nan,5,Left,Left,952,221,190,0,nan,nan,0.00
7/24/2026 3:50:05,1.17.3,FR5,67,3.92,nan,5,Left,Left,953,221,190,0,nan,nan,0.08
7/24/2026 3:50:06,1.17.3,FR5,67,3.92,nan,5,Left,Left,954,221,190,0,nan,nan,0.30
7/24/2026 3:50:09,1.17.3,FR5,67,3.93,nan,5,Left,Left,955,221,190,0,nan,nan,0.02
7/24/2026 3:50:11,1.17.3,FR5,67,3.92,1,5,Pellet,Left,955,221,191,0,1.19,29,nan
7/24/2026 3:50:25,1.17.3,FR5,67,3.92,nan,5,Left,Left,956,221,191,0,nan,nan,0.08
7/24/2026 3:50:26,1.17.3,FR5,67,3.92,nan,5,Left,Left,957,221,191,0,nan,nan,0.07
7/24/2026 3:50:27,1.17.3,FR5,67,3.93,nan,5,Left,Left,958,221,191,0,nan,nan,0.14
7/24/2026 3:50:28,1.17.3,FR5,67,3.92,nan,5,Left,Left,959,221,191,0,nan,nan,0.10
7/24/2026 3:50:30,1.17.3,FR5,67,3.92,nan,5,Left,Left,960,221,191,0,nan,nan,0.11
7/24/2026 3:50:31,1.17.3,FR5,67,3.92,1,5,Pellet,Left,960,221,192,0,0.41,20,nan
7/24/2026 3:50:43,1.17.3,FR5,67,3.92,nan,5,Left,Left,961,221,192,0,nan,nan,0.23
7/24/2026 3:50:44,1.17.3,FR5,67,3.93,nan,5,Left,Left,962,221,192,0,nan,nan,0.08
7/24/2026 3:50:45,1.17.3,FR5,67,3.92,nan,5,Left,Left,963,221,192,0,nan,nan,0.22
7/24/2026 3:50:46,1.17.3,FR5,67,3.92,nan,5,Left,Left,964,221,192,0,nan,nan,0.02
7/24/2026 3:50:50,1.17.3,FR5,67,3.92,nan,5,Left,Left,965,221,192,0,nan,nan,0.08
7/24/2026 3:50:52,1.17.3,FR5,67,3.92,1,5,Pellet,Left,965,221,193,0,0.77,21,nan
7/24/2026 3:51:09,1.17.3,FR5,67,3.92,nan,5,Left,Left,966,221,193,0,nan,nan,0.27
7/24/2026 3:51:12,1.17.3,FR5,67,3.92,nan,5,Left,Left,967,221,193,0,nan,nan,0.25
7/24/2026 3:51:13,1.17.3,FR5,67,3.91,nan,5,Left,Left,968,221,193,0,nan,nan,0.20
7/24/2026 3:51:15,1.17.3,FR5,67,3.92,nan,5,Left,Left,969,221,193,0,nan,nan,0.31
7/24/2026 3:51:20,1.17.3,FR5,67,3.93,nan,5,Left,Left,970,221,193,0,nan,nan,0.04
7/24/2026 3:51:22,1.17.3,FR5,67,3.92,1,5,Pellet,Left,970,221,194,0,0.71,30,nan
7/24/2026 3:51:41,1.17.3,FR5,67,3.92,nan,5,Left,Left,971,221,194,0,nan,nan,0.33
7/24/2026 3:51:43,1.17.3,FR5,67,3.92,nan,5,Left,Left,972,221,194,0,nan,nan,0.01
7/24/2026 3:51:44,1.17.3,FR5,67,3.92,nan,5,Left,Left,973,221,194,0,nan,nan,0.05
7/24/2026 3:51:45,1.17.3,FR5,67,3.93,nan,5,Left,Left,974,221,194,0,nan,nan,0.27
7/24/2026 3:51:46,1.17.3,FR5,67,3.92,nan,5,Left,Left,975,221,194,0,nan,nan,0.03
7/24/2026 3:51:47,1.17.3,FR5,67,3.92,1,5,Pellet,Left,975,221,195,0,0.71,25,nan
7/24/2026 3:56:55,1.17.3,FR5,67,3.92,nan,5,Left,Left,976,221,195,0,nan,nan,0.72
7/24/2026 3:57:15,1.17.3,FR5,67,3.92,nan,5,Right,Left,976,222,195,0,nan,nan,0.55
7/24/2026 4:04:41,1.17.3,FR5,67,3.93,nan,5,Right,Left,976,223,195,0,nan,nan,0.53
7/24/2026 4:10:52,1.17.3,FR5,67,3.92,nan,5,Left,Left,977,223,195,0,nan,nan,0.05
7/24/2026 4:18:36,1.17.3,FR5,67,3.92,nan,5,Right,Left,977,224,195,0,nan,nan,0.58
7/24/2026 4:18:37,1.17.3,FR5,67,3.92,nan,5,Right,Left,977,225,195,0,nan,nan,0.05
7/24/2026 4:25:39,1.17.3,FR5,67,3.91,nan,5,Left,Left,978,225,195,0,nan,nan,0.80
7/24/2026 4:25:49,1.17.3,FR5,67,3.92,nan,5,Right,Left,978,226,195,0,nan,nan,0.17
7/24/2026 4:32:33,1.17.3,FR5,67,3.92,nan,5,Right,Left,978,227,195,0,nan,nan,0.01
7/24/2026 4:35:42,1.17.3,FR5,67,3.92,nan,5,Right,Left,978,228,195,0,nan,nan,0.04
7/24/2026 4:50:11,1.17.3,FR5,67,3.92,nan,5,Right,Left,978,229,195,0,nan,nan,0.45
7/24/2026 4:50:23,1.17.3,FR5,67,3.92,nan,5,Right,Left,978,230,195,0,nan,nan,0.03
7/24/2026 4:50:31,1.17.3,FR5,67,3.92,nan,5,Right,Left,978,231,195,0,nan,nan,0.01
7/24/2026 4:52:43,1.17.3,FR5,67,3.92,nan,5,Left,Left,979,231,195,0,nan,nan,0.59
7/24/2026 6:17:43,1.17.3,FR5,67,3.91,nan,5,Left,Left,980,231,195,0,nan,nan,0.07
7/24/2026 6:17:45,1.17.3,FR5,67,3.92,1,5,Pellet,Left,980,231,196,0,0.89,8757,nan
7/24/2026 6:18:00,1.17.3,FR5,67,3.91,nan,5,Left,Left,981,231,196,0,nan,nan,0.05
7/24/2026 6:18:03,1.17.3,FR5,67,3.91,nan,5,Left,Left,982,231,196,0,nan,nan,0.05
7/24/2026 6:18:07,1.17.3,FR5,67,3.91,nan,5,Left,Left,983,231,196,0,nan,nan,0.06
7/24/2026 6:18:08,1.17.3,FR5,67,3.91,nan,5,Left,Left,984,231,196,0,nan,nan,0.00
7/24/2026 6:18:19,1.17.3,FR5,67,3.91,nan,5,Left,Left,985,231,196,0,nan,nan,0.03
7/24/2026 6:18:20,1.17.3,FR5,67,3.91,1,5,Pellet,Left,985,231,197,0,0.35,36,nan
7/24/2026 6:18:32,1.17.3,FR5,67,3.91,nan,5,Left,Left,986,231,197,0,nan,nan,0.05
7/24/2026 6:18:35,1.17.3,FR5,67,3.92,nan,5,Left,Left,987,231,197,0,nan,nan,0.32
7/24/2026 6:18:36,1.17.3,FR5,67,3.91,nan,5,Left,Left,988,231,197,0,nan,nan,0.10
7/24/2026 6:18:39,1.17.3,FR5,67,3.91,nan,5,Left,Left,989,231,197,0,nan,nan,0.04
7/24/2026 6:18:49,1.17.3,FR5,67,3.91,nan,5,Left,Left,990,231,197,0,nan,nan,0.33
7/24/2026 6:18:49,1.17.3,FR5,67,3.92,nan,5,LeftDuringDispense,Left,991,231,197,0,nan,nan,0.04
7/24/2026 6:18:52,1.17.3,FR5,67,3.91,2,5,Pellet,Left,991,231,198,0,0.35,32,nan
7/24/2026 6:19:13,1.17.3,FR5,67,3.92,nan,5,Left,Left,992,231,198,0,nan,nan,0.00
7/24/2026 6:19:15,1.17.3,FR5,67,3.91,nan,5,Left,Left,993,231,198,0,nan,nan,0.01
7/24/2026 6:19:19,1.17.3,FR5,67,3.91,nan,5,Left,Left,994,231,198,0,nan,nan,0.12
7/24/2026 6:19:51,1.17.3,FR5,67,3.91,nan,5,Right,Left,994,232,198,0,nan,nan,0.40
7/24/2026 6:20:05,1.17.3,FR5,67,3.91,nan,5,Right,Left,994,233,198,0,nan,nan,0.14
7/24/2026 6:20:12,1.17.3,FR5,67,3.91,nan,5,Left,Left,995,233,198,0,nan,nan,0.64
7/24/2026 6:20:13,1.17.3,FR5,67,3.92,1,5,Pellet,Left,995,233,199,0,0.83,81,nan
7/24/2026 6:22:26,1.17.3,FR5,67,3.91,nan,5,Left,Left,996,233,199,0,nan,nan,0.03
7/24/2026 6:34:56,1.17.3,FR5,67,3.91,nan,5,Left,Left,997,233,199,0,nan,nan,0.11
7/24/2026 6:34:57,1.17.3,FR5,67,3.92,nan,5,Left,Left,998,233,199,0,nan,nan,0.07
7/24/2026 6:34:58,1.17.3,FR5,67,3.91,nan,5,Left,Left,999,233,199,0,nan,nan,0.08
7/24/2026 6:35:00,1.17.3,FR5,67,3.91,nan,5,Left,Left,1000,233,199,0,nan,nan,0.34
7/24/2026 6:35:02,1.17.3,FR5,67,3.91,1,5,Pellet,Left,1000,233,200,0,0.89,889,nan
7/24/2026 6:35:23,1.17.3,FR5,67,3.91,nan,5,Right,Left,1000,234,200,0,nan,nan,0.40
7/24/2026 7:32:46,1.17.3,FR5,67,3.91,nan,5,Left,Left,1001,234,200,0,nan,nan,0.10
7/24/2026 7:32:48,1.17.3,FR5,67,3.91,nan,5,Left,Left,1002,234,200,0,nan,nan,0.32
7/24/2026 7:32:50,1.17.3,FR5,67,3.91,nan,5,Left,Left,1003,234,200,0,nan,nan,0.24
7/24/2026 7:32:51,1.17.3,FR5,67,3.91,nan,5,Left,Left,1004,234,200,0,nan,nan,0.09
7/24/2026 7:32:52,1.17.3,FR5,67,3.91,nan,5,Left,Left,1005,234,200,0,nan,nan,0.02
7/24/2026 7:32:54,1.17.3,FR5,67,3.91,1,5,Pellet,Left,1005,234,201,0,0.53,3471,nan
7/24/2026 7:33:09,1.17.3,FR5,67,3.91,nan,5,Left,Left,1006,234,201,0,nan,nan,0.11
7/24/2026 7:33:12,1.17.3,FR5,67,3.91,nan,5,Left,Left,1007,234,201,0,nan,nan,0.04
7/24/2026 7:33:13,1.17.3,FR5,67,3.91,nan,5,Left,Left,1008,234,201,0,nan,nan,0.12
7/24/2026 7:33:14,1.17.3,FR5,67,3.91,nan,5,Left,Left,1009,234,201,0,nan,nan,0.33
7/24/2026 7:33:16,1.17.3,FR5,67,3.91,nan,5,Left,Left,1010,234,201,0,nan,nan,0.34
7/24/2026 7:33:18,1.17.3,FR5,67,3.91,1,5,Pellet,Left,1010,234,202,0,0.89,25,nan
7/24/2026 7:33:32,1.17.3,FR5,67,3.91,nan,5,Left,Left,1011,234,202,0,nan,nan,0.13
7/24/2026 7:33:34,1.17.3,FR5,67,3.91,nan,5,Left,Left,1012,234,202,0,nan,nan,0.08
7/24/2026 7:33:34,1.17.3,FR5,67,3.91,nan,5,Left,Left,1013,234,202,0,nan,nan,0.14
7/24/2026 7:33:39,1.17.3,FR5,67,3.91,nan,5,Left,Left,1014,234,202,0,nan,nan,0.11
7/24/2026 7:33:40,1.17.3,FR5,67,3.91,nan,5,Left,Left,1015,234,202,0,nan,nan,0.13
7/24/2026 7:33:41,1.17.3,FR5,67,3.91,1,5,Pellet,Left,1015,234,203,0,0.29,23,nan
7/24/2026 7:33:52,1.17.3,FR5,67,3.91,nan,5,Left,Left,1016,234,203,0,nan,nan,0.13
7/24/2026 7:33:53,1.17.3,FR5,67,3.91,nan,5,Left,Left,1017,234,203,0,nan,nan,0.11
7/24/2026 7:33:55,1.17.3,FR5,67,3.91,nan,5,Left,Left,1018,234,203,0,nan,nan,0.91
7/24/2026 7:33:57,1.17.3,FR5,67,3.91,nan,5,Left,Left,1019,234,203,0,nan,nan,0.30
7/24/2026 7:33:58,1.17.3,FR5,67,3.91,nan,5,Left,Left,1020,234,203,0,nan,nan,0.04
7/24/2026 7:33:59,1.17.3,FR5,67,3.91,1,5,Pellet,Left,1020,234,204,0,0.47,18,nan
7/24/2026 7:34:17,1.17.3,FR5,67,3.91,nan,5,Left,Left,1021,234,204,0,nan,nan,0.08
7/24/2026 7:34:18,1.17.3,FR5,67,3.91,nan,5,Left,Left,1022,234,204,0,nan,nan,0.13
7/24/2026 7:34:25,1.17.3,FR5,67,3.91,nan,5,Left,Left,1023,234,204,0,nan,nan,0.11
7/24/2026 7:34:27,1.17.3,FR5,67,3.91,nan,5,Left,Left,1024,234,204,0,nan,nan,0.10
7/24/2026 7:34:29,1.17.3,FR5,67,3.91,nan,5,Left,Left,1025,234,204,0,nan,nan,0.05
7/24/2026 7:34:30,1.17.3,FR5,67,3.91,1,5,Pellet,Left,1025,234,205,0,0.29,31,nan
7/24/2026 7:37:05,1.17.3,FR5,67,3.91,nan,5,Right,Left,1025,235,205,0,nan,nan,0.02
7/24/2026 7:37:06,1.17.3,FR5,67,3.91,nan,5,Right,Left,1025,236,205,0,nan,nan,0.00
7/24/2026 7:39:28,1.17.3,FR5,67,3.91,nan,5,Right,Left,1025,237,205,0,nan,nan,0.04
7/24/2026 8:33:16,1.17.3,FR5,67,3.91,nan,5,Left,Left,1026,237,205,0,nan,nan,0.11
7/24/2026 8:33:18,1.17.3,FR5,67,3.91,nan,5,Left,Left,1027,237,205,0,nan,nan,0.02
7/24/2026 8:33:19,1.17.3,FR5,67,3.91,nan,5,Left,Left,1028,237,205,0,nan,nan,0.13
7/24/2026 8:33:20,1.17.3,FR5,67,3.91,nan,5,Left,Left,1029,237,205,0,nan,nan,0.14
7/24/2026 8:33:21,1.17.3,FR5,67,3.91,nan,5,Left,Left,1030,237,205,0,nan,nan,0.22
7/24/2026 8:33:23,1.17.3,FR5,67,3.91,1,5,Pellet,Left,1030,237,206,0,0.77,3533,nan
7/24/2026 8:33:44,1.17.3,FR5,67,3.91,nan,5,Left,Left,1031,237,206,0,nan,nan,0.09
7/24/2026 8:33:44,1.17.3,FR5,67,3.91,nan,5,Left,Left,1032,237,206,0,nan,nan,0.10
7/24/2026 8:33:46,1.17.3,FR5,67,3.91,nan,5,Left,Left,1033,237,206,0,nan,nan,0.04
7/24/2026 8:33:48,1.17.3,FR5,67,3.91,nan,5,Left,Left,1034,237,206,0,nan,nan,0.05
7/24/2026 8:33:49,1.17.3,FR5,67,3.91,nan,5,Left,Left,1035,237,206,0,nan,nan,0.10
7/24/2026 8:33:50,1.17.3,FR5,67,3.91,1,5,Pellet,Left,1035,237,207,0,0.77,27,nan
7/24/2026 8:34:14,1.17.3,FR5,67,3.91,nan,5,Left,Left,1036,237,207,0,nan,nan,0.06
7/24/2026 8:34:16,1.17.3,FR5,67,3.91,nan,5,Left,Left,1037,237,207,0,nan,nan,0.12
7/24/2026 8:34:17,1.17.3,FR5,67,3.91,nan,5,Left,Left,1038,237,207,0,nan,nan,0.35
7/24/2026 8:34:25,1.17.3,FR5,67,3.91,nan,5,Left,Left,1039,237,207,0,nan,nan,0.15
7/24/2026 8:34:26,1.17.3,FR5,67,3.91,nan,5,Left,Left,1040,237,207,0,nan,nan,0.00
7/24/2026 8:34:27,1.17.3,FR5,67,3.91,1,5,Pellet,Left,1040,237,208,0,0.35,37,nan
7/24/2026 8:34:51,1.17.3,FR5,67,3.91,nan,5,Left,Left,1041,237,208,0,nan,nan,0.00
7/24/2026 8:34:53,1.17.3,FR5,67,3.91,nan,5,Left,Left,1042,237,208,0,nan,nan,0.09
7/24/2026 8:34:55,1.17.3,FR5,67,3.91,nan,5,Left,Left,1043,237,208,0,nan,nan,0.01
7/24/2026 8:34:57,1.17.3,FR5,67,3.91,nan,5,Left,Left,1044,237,208,0,nan,nan,0.06
7/24/2026 8:34:58,1.17.3,FR5,67,3.91,nan,5,Left,Left,1045,237,208,0,nan,nan,0.00
7/24/2026 8:34:59,1.17.3,FR5,67,3.91,1,5,Pellet,Left,1045,237,209,0,0.35,32,nan
7/24/2026 8:35:17,1.17.3,FR5,67,3.91,nan,5,Left,Left,1046,237,209,0,nan,nan,0.10
7/24/2026 8:35:19,1.17.3,FR5,67,3.91,nan,5,Left,Left,1047,237,209,0,nan,nan,0.02
7/24/2026 8:35:20,1.17.3,FR5,67,3.91,nan,5,Left,Left,1048,237,209,0,nan,nan,0.20
7/24/2026 8:35:23,1.17.3,FR5,67,3.91,nan,5,Left,Left,1049,237,209,0,nan,nan,0.42
7/24/2026 8:35:24,1.17.3,FR5,67,3.91,nan,5,Left,Left,1050,237,209,0,nan,nan,0.08
7/24/2026 8:35:24,1.17.3,FR5,67,3.91,nan,5,LeftDuringDispense,Left,1051,237,209,0,nan,nan,0.01
7/24/2026 8:35:28,1.17.3,FR5,67,3.91,2,5,Pellet,Left,1051,237,210,0,0.47,29,nan
7/24/2026 8:35:38,1.17.3,FR5,67,3.91,nan,5,Left,Left,1052,237,210,0,nan,nan,0.03
7/24/2026 8:35:40,1.17.3,FR5,67,3.91,nan,5,Left,Left,1053,237,210,0,nan,nan,0.05
7/24/2026 8:35:42,1.17.3,FR5,67,3.91,nan,5,Left,Left,1054,237,210,0,nan,nan,0.12
7/24/2026 8:35:44,1.17.3,FR5,67,3.91,nan,5,Left,Left,1055,237,210,0,nan,nan,0.14
7/24/2026 8:35:45,1.17.3,FR5,67,3.91,1,5,Pellet,Left,1055,237,211,0,0.59,17,nan
7/24/2026 8:47:55,1.17.3,FR5,67,3.91,nan,5,Right,Left,1055,238,211,0,nan,nan,0.10
7/24/2026 9:58:18,1.17.3,FR5,67,3.91,nan,5,Left,Left,1056,238,211,0,nan,nan,0.17
7/24/2026 9:58:35,1.17.3,FR5,67,3.91,nan,5,Left,Left,1057,238,211,0,nan,nan,0.02
7/24/2026 9:58:35,1.17.3,FR5,67,3.91,nan,5,Left,Left,1058,238,211,0,nan,nan,0.00
7/24/2026 9:58:40,1.17.3,FR5,67,3.91,nan,5,Left,Left,1059,238,211,0,nan,nan,0.07
7/24/2026 9:58:41,1.17.3,FR5,67,3.91,nan,5,Left,Left,1060,238,211,0,nan,nan,0.32
7/24/2026 9:58:43,1.17.3,FR5,67,3.91,1,5,Pellet,Left,1060,238,212,0,1.01,4978,nan
7/24/2026 10:00:21,1.17.3,FR5,67,3.91,nan,5,Left,Left,1061,238,212,0,nan,nan,0.61
7/24/2026 10:00:23,1.17.3,FR5,67,3.91,nan,5,Left,Left,1062,238,212,0,nan,nan,0.35
7/24/2026 10:02:25,1.17.3,FR5,67,3.91,nan,5,Left,Left,1063,238,212,0,nan,nan,0.03
7/24/2026 10:02:38,1.17.3,FR5,67,3.91,nan,5,Right,Left,1063,239,212,0,nan,nan,0.00
7/24/2026 10:14:44,1.17.3,FR5,67,3.91,nan,5,Left,Left,1064,239,212,0,nan,nan,0.01
7/24/2026 10:29:24,1.17.3,FR5,67,3.90,nan,5,Right,Left,1064,240,212,0,nan,nan,0.09
7/24/2026 10:46:43,1.17.3,FR5,67,3.91,nan,5,Left,Left,1065,240,212,0,nan,nan,0.11
7/24/2026 10:46:45,1.17.3,FR5,67,3.91,1,5,Pellet,Left,1065,240,213,0,1.37,2882,nan
7/24/2026 11:54:36,1.17.3,FR5,67,3.90,nan,5,Left,Left,1066,240,213,0,nan,nan,0.03
7/24/2026 11:54:39,1.17.3,FR5,67,3.90,nan,5,Left,Left,1067,240,213,0,nan,nan,0.11
7/24/2026 11:54:44,1.17.3,FR5,67,3.90,nan,5,Left,Left,1068,240,213,0,nan,nan,0.04
7/24/2026 13:04:48,1.17.3,FR5,67,3.90,nan,5,Right,Left,1068,241,213,0,nan,nan,0.35
7/24/2026 13:05:03,1.17.3,FR5,67,3.90,nan,5,Left,Left,1069,241,213,0,nan,nan,0.12
7/24/2026 13:05:07,1.17.3,FR5,67,3.90,nan,5,Left,Left,1070,241,213,0,nan,nan,0.42
7/24/2026 13:05:09,1.17.3,FR5,67,3.89,1,5,Pellet,Left,1070,241,214,0,1.31,8304,nan
7/24/2026 13:05:37,1.17.3,FR5,67,3.90,nan,5,Left,Left,1071,241,214,0,nan,nan,0.09
7/24/2026 13:05:39,1.17.3,FR5,67,3.90,nan,5,Left,Left,1072,241,214,0,nan,nan,0.12
7/24/2026 13:05:42,1.17.3,FR5,67,3.90,nan,5,Left,Left,1073,241,214,0,nan,nan,0.04
