MM:DD:YYYY hh:mm:ss,Library_Version,Session_type,Device_Number,Battery_Voltage,Motor_Turns,FR,Event,Active_Poke,Left_Poke_Count,Right_Poke_Count,Pellet_Count,Block_Pellet_Count,Retrieval_Time,InterPelletInterval,Poke_Time
4/27/2026 13:25:39,1.17.3,FR5,62,4.15,nan,5,Right,Left,0,1,0,0,nan,nan,0.58
4/27/2026 13:26:00,1.17.3,FR5,62,4.16,nan,5,Right,Left,0,2,0,0,nan,nan,0.02
4/27/2026 13:26:01,1.17.3,FR5,62,4.15,nan,5,Right,Left,0,3,0,0,nan,nan,0.06
4/27/2026 13:29:39,1.17.3,FR5,62,4.16,nan,5,Right,Left,0,4,0,0,nan,nan,0.07
4/27/2026 13:40:24,1.17.3,FR5,62,4.16,nan,5,Right,Left,0,5,0,0,nan,nan,0.82
4/27/2026 14:55:44,1.17.3,FR5,62,4.14,nan,5,Right,Left,0,6,0,0,nan,nan,0.08
4/27/2026 16:28:52,1.17.3,FR5,62,4.14,nan,5,Right,Left,0,7,0,0,nan,nan,1.07
4/27/2026 16:36:06,1.17.3,FR5,62,4.14,nan,5,Right,Left,0,8,0,0,nan,nan,0.72
4/27/2026 17:23:20,1.17.3,FR5,62,4.14,nan,5,Left,Left,1,8,0,0,nan,nan,1.37
4/27/2026 17:23:22,1.17.3,FR5,62,4.14,nan,5,Left,Left,2,8,0,0,nan,nan,1.04
4/27/2026 17:23:24,1.17.3,FR5,62,4.14,nan,5,Left,Left,3,8,0,0,nan,nan,0.46
4/27/2026 17:23:25,1.17.3,FR5,62,4.14,nan,5,Left,Left,4,8,0,0,nan,nan,0.45
4/27/2026 17:23:27,1.17.3,FR5,62,4.14,nan,5,Left,Left,5,8,0,0,nan,nan,0.67
4/27/2026 17:23:28,1.17.3,FR5,62,4.14,1,5,Pellet,Left,5,8,1,0,1.07,nan,nan
4/27/2026 17:24:24,1.17.3,FR5,62,4.14,nan,5,Left,Left,6,8,1,0,nan,nan,0.08
4/27/2026 17:24:25,1.17.3,FR5,62,4.14,nan,5,Left,Left,7,8,1,0,nan,nan,0.07
4/27/2026 17:24:28,1.17.3,FR5,62,4.14,nan,5,Left,Left,8,8,1,0,nan,nan,0.01
4/27/2026 17:24:30,1.17.3,FR5,62,4.14,nan,5,Left,Left,9,8,1,0,nan,nan,0.70
4/27/2026 17:24:33,1.17.3,FR5,62,4.14,nan,5,Left,Left,10,8,1,0,nan,nan,1.98
4/27/2026 17:24:34,1.17.3,FR5,62,4.13,1,5,Pellet,Left,10,8,2,0,0.17,66,nan
4/27/2026 17:25:24,1.17.3,FR5,62,4.14,nan,5,Left,Left,11,8,2,0,nan,nan,0.12
4/27/2026 17:25:26,1.17.3,FR5,62,4.14,nan,5,Left,Left,12,8,2,0,nan,nan,0.31
4/27/2026 17:25:26,1.17.3,FR5,62,4.14,nan,5,Left,Left,13,8,2,0,nan,nan,0.18
4/27/2026 17:25:27,1.17.3,FR5,62,4.14,nan,5,Left,Left,14,8,2,0,nan,nan,0.00
4/27/2026 17:25:28,1.17.3,FR5,62,4.14,nan,5,Left,Left,15,8,2,0,nan,nan,0.25
4/27/2026 17:25:31,1.17.3,FR5,62,4.14,2,5,Pellet,Left,15,8,3,0,0.41,57,nan
4/27/2026 17:25:52,1.17.3,FR5,62,4.14,nan,5,Left,Left,16,8,3,0,nan,nan,0.21
4/27/2026 17:25:53,1.17.3,FR5,62,4.14,nan,5,Left,Left,17,8,3,0,nan,nan,0.00
4/27/2026 17:25:55,1.17.3,FR5,62,4.14,nan,5,Left,Left,18,8,3,0,nan,nan,0.22
4/27/2026 17:25:57,1.17.3,FR5,62,4.14,nan,5,Left,Left,19,8,3,0,nan,nan,0.00
4/27/2026 17:25:58,1.17.3,FR5,62,4.14,nan,5,Left,Left,20,8,3,0,nan,nan,0.79
4/27/2026 17:25:59,1.17.3,FR5,62,4.14,nan,5,LeftDuringDispense,Left,21,8,3,0,nan,nan,0.10
4/27/2026 17:26:02,1.17.3,FR5,62,4.13,2,5,Pellet,Left,21,8,4,0,0.11,31,nan
4/27/2026 17:26:21,1.17.3,FR5,62,4.14,nan,5,Left,Left,22,8,4,0,nan,nan,0.04
4/27/2026 17:26:22,1.17.3,FR5,62,4.14,nan,5,Left,Left,23,8,4,0,nan,nan,0.00
4/27/2026 17:26:23,1.17.3,FR5,62,4.13,nan,5,Left,Left,24,8,4,0,nan,nan,0.05
4/27/2026 17:26:23,1.17.3,FR5,62,4.14,nan,5,Left,Left,25,8,4,0,nan,nan,0.01
4/27/2026 17:26:24,1.17.3,FR5,62,4.14,1,5,Pellet,Left,25,8,5,0,0.47,22,nan
4/27/2026 17:26:47,1.17.3,FR5,62,4.14,nan,5,Left,Left,26,8,5,0,nan,nan,0.04
4/27/2026 17:26:53,1.17.3,FR5,62,4.14,nan,5,Left,Left,27,8,5,0,nan,nan,0.00
4/27/2026 17:27:23,1.17.3,FR5,62,4.14,nan,5,Left,Left,28,8,5,0,nan,nan,0.15
4/27/2026 17:27:27,1.17.3,FR5,62,4.14,nan,5,Left,Left,29,8,5,0,nan,nan,0.34
4/27/2026 17:27:28,1.17.3,FR5,62,4.14,nan,5,Left,Left,30,8,5,0,nan,nan,0.03
4/27/2026 17:27:28,1.17.3,FR5,62,4.12,nan,5,LeftDuringDispense,Left,31,8,5,0,nan,nan,0.04
4/27/2026 17:27:32,1.17.3,FR5,62,4.14,2,5,Pellet,Left,31,8,6,0,0.41,68,nan
4/27/2026 17:27:52,1.17.3,FR5,62,4.14,nan,5,Left,Left,32,8,6,0,nan,nan,0.04
4/27/2026 17:27:52,1.17.3,FR5,62,4.14,nan,5,Left,Left,33,8,6,0,nan,nan,0.00
4/27/2026 17:27:53,1.17.3,FR5,62,4.14,nan,5,Left,Left,34,8,6,0,nan,nan,0.14
4/27/2026 17:27:54,1.17.3,FR5,62,4.14,nan,5,Left,Left,35,8,6,0,nan,nan,0.07
4/27/2026 17:27:55,1.17.3,FR5,62,4.14,1,5,Pellet,Left,35,8,7,0,0.17,23,nan
4/27/2026 17:28:27,1.17.3,FR5,62,4.14,nan,5,Left,Left,36,8,7,0,nan,nan,0.05
4/27/2026 17:28:30,1.17.3,FR5,62,4.14,nan,5,Left,Left,37,8,7,0,nan,nan,0.70
4/27/2026 17:28:33,1.17.3,FR5,62,4.14,nan,5,Left,Left,38,8,7,0,nan,nan,1.03
4/27/2026 17:28:35,1.17.3,FR5,62,4.14,nan,5,Left,Left,39,8,7,0,nan,nan,0.23
4/27/2026 17:28:36,1.17.3,FR5,62,4.14,nan,5,Left,Left,40,8,7,0,nan,nan,0.00
4/27/2026 17:28:37,1.17.3,FR5,62,4.14,1,5,Pellet,Left,40,8,8,0,0.23,42,nan
4/27/2026 17:28:57,1.17.3,FR5,62,4.14,nan,5,Left,Left,41,8,8,0,nan,nan,0.04
4/27/2026 17:28:59,1.17.3,FR5,62,4.14,nan,5,Left,Left,42,8,8,0,nan,nan,0.01
4/27/2026 17:29:00,1.17.3,FR5,62,4.14,nan,5,Left,Left,43,8,8,0,nan,nan,0.02
4/27/2026 17:29:01,1.17.3,FR5,62,4.14,nan,5,Left,Left,44,8,8,0,nan,nan,0.07
4/27/2026 17:29:03,1.17.3,FR5,62,4.14,nan,5,Left,Left,45,8,8,0,nan,nan,0.80
4/27/2026 17:29:03,1.17.3,FR5,62,4.14,nan,5,LeftDuringDispense,Left,46,8,8,0,nan,nan,0.06
4/27/2026 17:29:06,1.17.3,FR5,62,4.14,2,5,Pellet,Left,46,8,9,0,0.17,29,nan
4/27/2026 17:29:35,1.17.3,FR5,62,4.13,nan,5,Left,Left,47,8,9,0,nan,nan,0.22
4/27/2026 17:29:36,1.17.3,FR5,62,4.14,nan,5,Left,Left,48,8,9,0,nan,nan,0.02
4/27/2026 17:29:37,1.17.3,FR5,62,4.14,nan,5,Left,Left,49,8,9,0,nan,nan,0.72
4/27/2026 17:29:38,1.17.3,FR5,62,4.14,nan,5,Left,Left,50,8,9,0,nan,nan,0.06
4/27/2026 17:29:38,1.17.3,FR5,62,4.14,nan,5,LeftDuringDispense,Left,51,8,9,0,nan,nan,0.05
4/27/2026 17:29:43,1.17.3,FR5,62,4.14,3,5,Pellet,Left,51,8,10,0,0.35,37,nan
4/27/2026 17:29:59,1.17.3,FR5,62,4.14,nan,5,Left,Left,52,8,10,0,nan,nan,0.05
4/27/2026 17:30:01,1.17.3,FR5,62,4.13,nan,5,Left,Left,53,8,10,0,nan,nan,0.04
4/27/2026 17:30:02,1.17.3,FR5,62,4.13,nan,5,Left,Left,54,8,10,0,nan,nan,0.00
4/27/2026 17:30:02,1.17.3,FR5,62,4.14,nan,5,Left,Left,55,8,10,0,nan,nan,0.00
4/27/2026 17:30:03,1.17.3,FR5,62,4.13,2,5,Pellet,Left,55,8,11,0,0.11,20,nan
4/27/2026 17:30:22,1.17.3,FR5,62,4.14,nan,5,Left,Left,56,8,11,0,nan,nan,0.06
4/27/2026 17:30:23,1.17.3,FR5,62,4.14,nan,5,Left,Left,57,8,11,0,nan,nan,0.03
4/27/2026 17:30:24,1.17.3,FR5,62,4.13,nan,5,Left,Left,58,8,11,0,nan,nan,0.04
4/27/2026 17:30:24,1.17.3,FR5,62,4.13,nan,5,Left,Left,59,8,11,0,nan,nan,0.04
4/27/2026 17:30:25,1.17.3,FR5,62,4.14,nan,5,Left,Left,60,8,11,0,nan,nan,0.00
4/27/2026 17:30:26,1.17.3,FR5,62,4.14,nan,5,LeftDuringDispense,Left,61,8,11,0,nan,nan,0.12
4/27/2026 17:30:29,1.17.3,FR5,62,4.13,2,5,Pellet,Left,61,8,12,0,0.23,26,nan
4/27/2026 17:31:02,1.17.3,FR5,62,4.14,nan,5,Left,Left,62,8,12,0,nan,nan,0.16
4/27/2026 17:31:03,1.17.3,FR5,62,4.14,nan,5,Left,Left,63,8,12,0,nan,nan,0.00
4/27/2026 17:54:27,1.17.3,FR5,62,4.14,nan,5,Right,Left,63,9,12,0,nan,nan,1.33
4/27/2026 17:54:28,1.17.3,FR5,62,4.14,nan,5,Right,Left,63,10,12,0,nan,nan,0.00
4/27/2026 18:45:22,1.17.3,FR5,62,4.13,nan,5,Left,Left,64,10,12,0,nan,nan,0.95
4/27/2026 18:45:25,1.17.3,FR5,62,4.14,nan,5,Left,Left,65,10,12,0,nan,nan,0.40
4/27/2026 18:45:25,1.17.3,FR5,62,4.13,nan,5,LeftDuringDispense,Left,66,10,12,0,nan,nan,0.02
4/27/2026 18:45:29,1.17.3,FR5,62,4.14,2,5,Pellet,Left,66,10,13,0,0.77,4499,nan
4/27/2026 18:45:55,1.17.3,FR5,62,4.13,nan,5,Left,Left,67,10,13,0,nan,nan,0.22
4/27/2026 18:45:56,1.17.3,FR5,62,4.13,nan,5,Left,Left,68,10,13,0,nan,nan,0.33
4/27/2026 18:45:57,1.17.3,FR5,62,4.14,nan,5,Left,Left,69,10,13,0,nan,nan,0.03
4/27/2026 18:46:00,1.17.3,FR5,62,4.13,nan,5,Left,Left,70,10,13,0,nan,nan,0.44
4/27/2026 18:46:01,1.17.3,FR5,62,4.13,2,5,Pellet,Left,70,10,14,0,0.17,33,nan
4/27/2026 18:46:45,1.17.3,FR5,62,4.14,nan,5,Left,Left,71,10,14,0,nan,nan,0.29
4/27/2026 18:46:46,1.17.3,FR5,62,4.13,nan,5,Left,Left,72,10,14,0,nan,nan,0.42
4/27/2026 18:46:49,1.17.3,FR5,62,4.13,nan,5,Left,Left,73,10,14,0,nan,nan,0.74
4/27/2026 18:46:50,1.17.3,FR5,62,4.13,nan,5,Left,Left,74,10,14,0,nan,nan,0.13
4/27/2026 18:46:53,1.17.3,FR5,62,4.13,nan,5,Left,Left,75,10,14,0,nan,nan,1.11
4/27/2026 18:46:55,1.17.3,FR5,62,4.13,1,5,Pellet,Left,75,10,15,0,1.97,54,nan
4/27/2026 18:47:21,1.17.3,FR5,62,4.13,nan,5,Left,Left,76,10,15,0,nan,nan,0.17
4/27/2026 18:47:23,1.17.3,FR5,62,4.13,nan,5,Left,Left,77,10,15,0,nan,nan,0.60
4/27/2026 18:47:26,1.17.3,FR5,62,4.13,nan,5,Left,Left,78,10,15,0,nan,nan,1.10
4/27/2026 18:47:36,1.17.3,FR5,62,4.13,nan,5,Left,Left,79,10,15,0,nan,nan,0.32
4/27/2026 18:47:37,1.17.3,FR5,62,4.13,nan,5,Left,Left,80,10,15,0,nan,nan,0.23
4/27/2026 18:47:37,1.17.3,FR5,62,4.13,nan,5,LeftDuringDispense,Left,81,10,15,0,nan,nan,0.11
4/27/2026 18:47:41,1.17.3,FR5,62,4.14,2,5,Pellet,Left,81,10,16,0,0.29,46,nan
4/27/2026 18:47:56,1.17.3,FR5,62,4.13,nan,5,Left,Left,82,10,16,0,nan,nan,0.11
4/27/2026 18:47:57,1.17.3,FR5,62,4.13,nan,5,Left,Left,83,10,16,0,nan,nan,0.10
4/27/2026 18:47:57,1.17.3,FR5,62,4.13,nan,5,Left,Left,84,10,16,0,nan,nan,0.00
4/27/2026 18:47:59,1.17.3,FR5,62,4.13,nan,5,Left,Left,85,10,16,0,nan,nan,0.45
4/27/2026 18:47:59,1.17.3,FR5,62,4.12,nan,5,LeftDuringDispense,Left,86,10,16,0,nan,nan,0.02
4/27/2026 18:48:04,1.17.3,FR5,62,4.13,3,5,Pellet,Left,86,10,17,0,0.35,23,nan
4/27/2026 18:48:39,1.17.3,FR5,62,4.13,nan,5,Left,Left,87,10,17,0,nan,nan,0.08
4/27/2026 18:48:41,1.17.3,FR5,62,4.13,nan,5,Left,Left,88,10,17,0,nan,nan,0.95
4/27/2026 18:48:43,1.17.3,FR5,62,4.14,nan,5,Left,Left,89,10,17,0,nan,nan,0.71
4/27/2026 18:48:44,1.17.3,FR5,62,4.13,nan,5,Left,Left,90,10,17,0,nan,nan,0.28
4/27/2026 18:48:45,1.17.3,FR5,62,4.13,2,5,Pellet,Left,90,10,18,0,0.06,41,nan
4/27/2026 18:49:12,1.17.3,FR5,62,4.13,nan,5,Left,Left,91,10,18,0,nan,nan,0.26
4/27/2026 18:49:14,1.17.3,FR5,62,4.13,nan,5,Left,Left,92,10,18,0,nan,nan,0.94
4/27/2026 18:49:15,1.17.3,FR5,62,4.13,nan,5,Left,Left,93,10,18,0,nan,nan,0.62
4/27/2026 18:49:17,1.17.3,FR5,62,4.13,nan,5,Left,Left,94,10,18,0,nan,nan,0.52
4/27/2026 18:49:19,1.17.3,FR5,62,4.13,nan,5,Left,Left,95,10,18,0,nan,nan,1.01
4/27/2026 18:49:20,1.17.3,FR5,62,4.13,nan,5,LeftDuringDispense,Left,96,10,18,0,nan,nan,0.06
4/27/2026 18:49:23,1.17.3,FR5,62,4.13,2,5,Pellet,Left,96,10,19,0,0.11,38,nan
4/27/2026 18:49:30,1.17.3,FR5,62,4.13,nan,5,Left,Left,97,10,19,0,nan,nan,0.04
4/27/2026 18:49:31,1.17.3,FR5,62,4.13,nan,5,Left,Left,98,10,19,0,nan,nan,0.00
4/27/2026 18:49:32,1.17.3,FR5,62,4.13,nan,5,Left,Left,99,10,19,0,nan,nan,0.00
4/27/2026 18:49:33,1.17.3,FR5,62,4.13,nan,5,Left,Left,100,10,19,0,nan,nan,0.00
4/27/2026 18:49:33,1.17.3,FR5,62,4.13,nan,5,LeftDuringDispense,Left,101,10,19,0,nan,nan,0.06
4/27/2026 18:49:37,1.17.3,FR5,62,4.14,2,5,Pellet,Left,101,10,20,0,1.55,14,nan
4/27/2026 18:50:18,1.17.3,FR5,62,4.13,nan,5,Left,Left,102,10,20,0,nan,nan,0.03
4/27/2026 18:50:21,1.17.3,FR5,62,4.14,nan,5,Left,Left,103,10,20,0,nan,nan,1.48
4/27/2026 18:50:21,1.17.3,FR5,62,4.14,nan,5,Left,Left,104,10,20,0,nan,nan,0.01
4/27/2026 18:50:22,1.17.3,FR5,62,4.13,nan,5,Left,Left,105,10,20,0,nan,nan,0.00
4/27/2026 18:50:24,1.17.3,FR5,62,4.13,1,5,Pellet,Left,105,10,21,0,0.65,47,nan
4/27/2026 18:51:04,1.17.3,FR5,62,4.14,nan,5,Left,Left,106,10,21,0,nan,nan,0.13
4/27/2026 18:51:06,1.17.3,FR5,62,4.13,nan,5,Left,Left,107,10,21,0,nan,nan,0.42
4/27/2026 18:51:07,1.17.3,FR5,62,4.14,nan,5,Left,Left,108,10,21,0,nan,nan,0.00
4/27/2026 18:51:08,1.17.3,FR5,62,4.13,nan,5,Left,Left,109,10,21,0,nan,nan,0.19
4/27/2026 18:51:09,1.17.3,FR5,62,4.13,nan,5,Left,Left,110,10,21,0,nan,nan,0.05
4/27/2026 18:51:09,1.17.3,FR5,62,4.14,nan,5,LeftDuringDispense,Left,111,10,21,0,nan,nan,0.03
4/27/2026 18:51:12,1.17.3,FR5,62,4.13,2,5,Pellet,Left,111,10,22,0,0.35,48,nan
4/27/2026 18:51:36,1.17.3,FR5,62,4.14,nan,5,Left,Left,112,10,22,0,nan,nan,0.03
4/27/2026 18:51:38,1.17.3,FR5,62,4.13,nan,5,Left,Left,113,10,22,0,nan,nan,0.56
4/27/2026 18:51:39,1.17.3,FR5,62,4.13,nan,5,Left,Left,114,10,22,0,nan,nan,0.29
4/27/2026 18:51:40,1.17.3,FR5,62,4.14,nan,5,Left,Left,115,10,22,0,nan,nan,0.62
4/27/2026 18:51:41,1.17.3,FR5,62,4.13,1,5,Pellet,Left,115,10,23,0,0.23,29,nan
4/27/2026 18:52:29,1.17.3,FR5,62,4.13,nan,5,Left,Left,116,10,23,0,nan,nan,0.08
4/27/2026 18:52:30,1.17.3,FR5,62,4.13,nan,5,Left,Left,117,10,23,0,nan,nan,0.30
4/27/2026 18:52:32,1.17.3,FR5,62,4.13,nan,5,Left,Left,118,10,23,0,nan,nan,0.56
4/27/2026 18:52:34,1.17.3,FR5,62,4.13,nan,5,Left,Left,119,10,23,0,nan,nan,0.43
4/27/2026 18:52:36,1.17.3,FR5,62,4.14,nan,5,Left,Left,120,10,23,0,nan,nan,0.67
4/27/2026 18:52:39,1.17.3,FR5,62,4.13,3,5,Pellet,Left,120,10,24,0,0.12,58,nan
4/27/2026 18:53:13,1.17.3,FR5,62,4.13,nan,5,Left,Left,121,10,24,0,nan,nan,0.04
4/27/2026 18:53:16,1.17.3,FR5,62,4.14,nan,5,Left,Left,122,10,24,0,nan,nan,0.46
4/27/2026 18:53:17,1.17.3,FR5,62,4.13,nan,5,Left,Left,123,10,24,0,nan,nan,0.00
4/27/2026 18:53:18,1.17.3,FR5,62,4.13,nan,5,Left,Left,124,10,24,0,nan,nan,0.00
4/27/2026 18:53:20,1.17.3,FR5,62,4.13,nan,5,Left,Left,125,10,24,0,nan,nan,1.09
4/27/2026 18:53:20,1.17.3,FR5,62,4.12,nan,5,LeftDuringDispense,Left,126,10,24,0,nan,nan,0.02
4/27/2026 18:53:21,1.17.3,FR5,62,4.13,1,5,Pellet,Left,126,10,25,0,0.47,42,nan
4/27/2026 18:53:36,1.17.3,FR5,62,4.13,nan,5,Left,Left,127,10,25,0,nan,nan,0.04
4/27/2026 18:53:37,1.17.3,FR5,62,4.13,nan,5,Left,Left,128,10,25,0,nan,nan,0.02
4/27/2026 18:53:39,1.17.3,FR5,62,4.14,nan,5,Left,Left,129,10,25,0,nan,nan,0.70
4/27/2026 18:53:40,1.17.3,FR5,62,4.13,nan,5,Left,Left,130,10,25,0,nan,nan,0.05
4/27/2026 18:53:41,1.17.3,FR5,62,4.13,2,5,Pellet,Left,130,10,26,0,0.17,20,nan
4/27/2026 18:54:09,1.17.3,FR5,62,4.13,nan,5,Left,Left,131,10,26,0,nan,nan,0.11
4/27/2026 18:54:10,1.17.3,FR5,62,4.13,nan,5,Left,Left,132,10,26,0,nan,nan,0.19
4/27/2026 18:54:11,1.17.3,FR5,62,4.13,nan,5,Left,Left,133,10,26,0,nan,nan,0.76
4/27/2026 18:54:12,1.17.3,FR5,62,4.13,nan,5,Left,Left,134,10,26,0,nan,nan,0.12
4/27/2026 18:54:13,1.17.3,FR5,62,4.13,nan,5,Left,Left,135,10,26,0,nan,nan,0.48
4/27/2026 18:54:14,1.17.3,FR5,62,4.13,2,5,Pellet,Left,135,10,27,0,0.06,33,nan
4/27/2026 18:54:57,1.17.3,FR5,62,4.13,nan,5,Left,Left,136,10,27,0,nan,nan,0.00
4/27/2026 18:54:59,1.17.3,FR5,62,4.13,nan,5,Left,Left,137,10,27,0,nan,nan,0.74
4/27/2026 18:55:00,1.17.3,FR5,62,4.14,nan,5,Left,Left,138,10,27,0,nan,nan,0.19
4/27/2026 18:55:02,1.17.3,FR5,62,4.13,nan,5,Left,Left,139,10,27,0,nan,nan,0.89
4/27/2026 18:55:03,1.17.3,FR5,62,4.13,nan,5,Left,Left,140,10,27,0,nan,nan,1.00
4/27/2026 18:55:05,1.17.3,FR5,62,4.13,1,5,Pellet,Left,140,10,28,0,0.35,51,nan
4/27/2026 18:55:25,1.17.3,FR5,62,4.13,nan,5,Left,Left,141,10,28,0,nan,nan,0.03
4/27/2026 18:55:26,1.17.3,FR5,62,4.12,nan,5,Left,Left,142,10,28,0,nan,nan,0.23
4/27/2026 18:55:28,1.17.3,FR5,62,4.13,nan,5,Left,Left,143,10,28,0,nan,nan,0.54
4/27/2026 18:55:30,1.17.3,FR5,62,4.14,nan,5,Left,Left,144,10,28,0,nan,nan,0.41
4/27/2026 18:55:31,1.17.3,FR5,62,4.13,nan,5,Left,Left,145,10,28,0,nan,nan,0.17
4/27/2026 18:55:32,1.17.3,FR5,62,4.14,2,5,Pellet,Left,145,10,29,0,0.29,27,nan
4/27/2026 18:56:29,1.17.3,FR5,62,4.13,nan,5,Left,Left,146,10,29,0,nan,nan,0.05
4/27/2026 18:56:29,1.17.3,FR5,62,4.13,nan,5,Left,Left,147,10,29,0,nan,nan,0.03
4/27/2026 18:56:31,1.17.3,FR5,62,4.13,nan,5,Left,Left,148,10,29,0,nan,nan,0.55
4/27/2026 18:56:33,1.17.3,FR5,62,4.13,nan,5,Left,Left,149,10,29,0,nan,nan,0.02
4/27/2026 18:56:34,1.17.3,FR5,62,4.13,nan,5,Left,Left,150,10,29,0,nan,nan,0.01
4/27/2026 18:56:34,1.17.3,FR5,62,4.13,nan,5,LeftDuringDispense,Left,151,10,29,0,nan,nan,0.06
4/27/2026 18:56:37,1.17.3,FR5,62,4.14,2,5,Pellet,Left,151,10,30,0,0.06,65,nan
4/27/2026 18:56:46,1.17.3,FR5,62,4.13,nan,5,Left,Left,152,10,30,0,nan,nan,0.33
4/27/2026 18:56:47,1.17.3,FR5,62,4.13,nan,5,Left,Left,153,10,30,0,nan,nan,0.07
4/27/2026 18:56:48,1.17.3,FR5,62,4.14,nan,5,Left,Left,154,10,30,0,nan,nan,0.00
4/27/2026 18:56:50,1.17.3,FR5,62,4.13,nan,5,Left,Left,155,10,30,0,nan,nan,0.28
4/27/2026 18:56:50,1.17.3,FR5,62,4.12,nan,5,LeftDuringDispense,Left,156,10,30,0,nan,nan,0.02
4/27/2026 18:56:53,1.17.3,FR5,62,4.13,2,5,Pellet,Left,156,10,31,0,0.17,16,nan
4/27/2026 18:57:07,1.17.3,FR5,62,4.13,nan,5,Left,Left,157,10,31,0,nan,nan,0.10
4/27/2026 18:57:08,1.17.3,FR5,62,4.13,nan,5,Left,Left,158,10,31,0,nan,nan,0.00
4/27/2026 18:57:09,1.17.3,FR5,62,4.13,nan,5,Left,Left,159,10,31,0,nan,nan,0.01
4/27/2026 18:57:10,1.17.3,FR5,62,4.13,nan,5,Left,Left,160,10,31,0,nan,nan,0.41
4/27/2026 18:57:13,1.17.3,FR5,62,4.13,3,5,Pellet,Left,160,10,32,0,0.06,20,nan
4/27/2026 18:57:41,1.17.3,FR5,62,4.13,nan,5,Left,Left,161,10,32,0,nan,nan,0.12
4/27/2026 18:57:42,1.17.3,FR5,62,4.14,nan,5,Left,Left,162,10,32,0,nan,nan,0.05
4/27/2026 18:57:43,1.17.3,FR5,62,4.13,nan,5,Left,Left,163,10,32,0,nan,nan,0.52
4/27/2026 18:57:44,1.17.3,FR5,62,4.13,nan,5,Left,Left,164,10,32,0,nan,nan,0.08
4/27/2026 18:57:46,1.17.3,FR5,62,4.13,nan,5,Left,Left,165,10,32,0,nan,nan,0.42
4/27/2026 18:57:47,1.17.3,FR5,62,4.13,1,5,Pellet,Left,165,10,33,0,0.53,34,nan
4/27/2026 18:58:21,1.17.3,FR5,62,4.14,nan,5,Left,Left,166,10,33,0,nan,nan,0.13
4/27/2026 18:58:21,1.17.3,FR5,62,4.14,nan,5,Left,Left,167,10,33,0,nan,nan,0.01
4/27/2026 18:58:23,1.17.3,FR5,62,4.13,nan,5,Left,Left,168,10,33,0,nan,nan,0.02
4/27/2026 18:58:24,1.17.3,FR5,62,4.13,nan,5,Left,Left,169,10,33,0,nan,nan,0.04
4/27/2026 18:58:28,1.17.3,FR5,62,4.13,nan,5,Left,Left,170,10,33,0,nan,nan,0.08
4/27/2026 18:58:29,1.17.3,FR5,62,4.13,1,5,Pellet,Left,170,10,34,0,0.41,42,nan
4/27/2026 18:59:08,1.17.3,FR5,62,4.13,nan,5,Left,Left,171,10,34,0,nan,nan,0.08
4/27/2026 18:59:09,1.17.3,FR5,62,4.13,nan,5,Left,Left,172,10,34,0,nan,nan,0.07
4/27/2026 18:59:10,1.17.3,FR5,62,4.12,nan,5,Left,Left,173,10,34,0,nan,nan,0.02
4/27/2026 18:59:11,1.17.3,FR5,62,4.13,nan,5,Left,Left,174,10,34,0,nan,nan,0.34
4/27/2026 18:59:12,1.17.3,FR5,62,4.13,nan,5,Left,Left,175,10,34,0,nan,nan,0.04
4/27/2026 18:59:13,1.17.3,FR5,62,4.12,1,5,Pellet,Left,175,10,35,0,0.17,44,nan
4/27/2026 19:00:18,1.17.3,FR5,62,4.13,nan,5,Right,Left,175,11,35,0,nan,nan,1.40
4/27/2026 19:02:56,1.17.3,FR5,62,4.14,nan,5,Left,Left,176,11,35,0,nan,nan,0.29
4/27/2026 19:02:57,1.17.3,FR5,62,4.13,nan,5,Left,Left,177,11,35,0,nan,nan,0.40
4/27/2026 19:07:15,1.17.3,FR5,62,4.14,nan,5,Left,Left,178,11,35,0,nan,nan,0.16
4/27/2026 19:07:33,1.17.3,FR5,62,4.13,nan,5,Left,Left,179,11,35,0,nan,nan,0.21
4/27/2026 19:07:33,1.17.3,FR5,62,4.13,nan,5,Left,Left,180,11,35,0,nan,nan,0.27
4/27/2026 19:07:35,1.17.3,FR5,62,4.13,1,5,Pellet,Left,180,11,36,0,0.47,502,nan
4/27/2026 19:08:26,1.17.3,FR5,62,4.13,nan,5,Left,Left,181,11,36,0,nan,nan,0.60
4/27/2026 19:08:27,1.17.3,FR5,62,4.13,nan,5,Left,Left,182,11,36,0,nan,nan,0.01
4/27/2026 19:08:28,1.17.3,FR5,62,4.13,nan,5,Left,Left,183,11,36,0,nan,nan,0.14
4/27/2026 19:08:30,1.17.3,FR5,62,4.14,nan,5,Left,Left,184,11,36,0,nan,nan,0.70
4/27/2026 19:08:31,1.17.3,FR5,62,4.13,nan,5,Left,Left,185,11,36,0,nan,nan,0.45
4/27/2026 19:08:32,1.17.3,FR5,62,4.13,nan,5,LeftDuringDispense,Left,186,11,36,0,nan,nan,0.06
4/27/2026 19:08:34,1.17.3,FR5,62,4.13,2,5,Pellet,Left,186,11,37,0,0.06,59,nan
4/27/2026 19:08:42,1.17.3,FR5,62,4.13,nan,5,Left,Left,187,11,37,0,nan,nan,0.55
4/27/2026 19:08:43,1.17.3,FR5,62,4.14,nan,5,Left,Left,188,11,37,0,nan,nan,0.21
4/27/2026 19:08:44,1.17.3,FR5,62,4.12,nan,5,Left,Left,189,11,37,0,nan,nan,0.00
4/27/2026 19:08:44,1.17.3,FR5,62,4.13,nan,5,Left,Left,190,11,37,0,nan,nan,0.00
4/27/2026 19:08:45,1.17.3,FR5,62,4.13,1,5,Pellet,Left,190,11,38,0,0.47,11,nan
4/27/2026 19:09:28,1.17.3,FR5,62,4.14,nan,5,Left,Left,191,11,38,0,nan,nan,0.00
4/27/2026 19:09:30,1.17.3,FR5,62,4.13,nan,5,Left,Left,192,11,38,0,nan,nan,0.37
4/27/2026 19:09:32,1.17.3,FR5,62,4.13,nan,5,Left,Left,193,11,38,0,nan,nan,0.06
4/27/2026 19:09:33,1.17.3,FR5,62,4.13,nan,5,Left,Left,194,11,38,0,nan,nan,0.12
4/27/2026 19:09:36,1.17.3,FR5,62,4.13,nan,5,Left,Left,195,11,38,0,nan,nan,0.21
4/27/2026 19:09:37,1.17.3,FR5,62,4.13,1,5,Pellet,Left,195,11,39,0,0.53,52,nan
4/27/2026 19:09:45,1.17.3,FR5,62,4.13,nan,5,Left,Left,196,11,39,0,nan,nan,0.07
4/27/2026 19:09:46,1.17.3,FR5,62,4.13,nan,5,Left,Left,197,11,39,0,nan,nan,0.53
4/27/2026 19:09:48,1.17.3,FR5,62,4.13,nan,5,Left,Left,198,11,39,0,nan,nan,0.13
4/27/2026 19:09:51,1.17.3,FR5,62,4.13,nan,5,Left,Left,199,11,39,0,nan,nan,0.36
4/27/2026 19:09:52,1.17.3,FR5,62,4.13,nan,5,Left,Left,200,11,39,0,nan,nan,0.00
4/27/2026 19:09:52,1.17.3,FR5,62,4.13,nan,5,LeftDuringDispense,Left,201,11,39,0,nan,nan,0.01
4/27/2026 19:09:58,1.17.3,FR5,62,4.13,3,5,Pellet,Left,201,11,40,0,0.71,21,nan
4/27/2026 19:10:37,1.17.3,FR5,62,4.13,nan,5,Left,Left,202,11,40,0,nan,nan,0.43
4/27/2026 19:10:38,1.17.3,FR5,62,4.13,nan,5,Left,Left,203,11,40,0,nan,nan,0.15
4/27/2026 19:10:39,1.17.3,FR5,62,4.13,nan,5,Left,Left,204,11,40,0,nan,nan,0.08
4/27/2026 19:10:39,1.17.3,FR5,62,4.13,nan,5,Left,Left,205,11,40,0,nan,nan,0.17
4/27/2026 19:10:40,1.17.3,FR5,62,4.13,1,5,Pellet,Left,205,11,41,0,0.23,42,nan
4/27/2026 19:11:06,1.17.3,FR5,62,4.12,nan,5,Left,Left,206,11,41,0,nan,nan,0.09
4/27/2026 19:11:08,1.17.3,FR5,62,4.13,nan,5,Left,Left,207,11,41,0,nan,nan,0.05
4/27/2026 19:11:09,1.17.3,FR5,62,4.13,nan,5,Left,Left,208,11,41,0,nan,nan,0.38
4/27/2026 19:11:12,1.17.3,FR5,62,4.14,nan,5,Left,Left,209,11,41,0,nan,nan,0.65
4/27/2026 19:11:13,1.17.3,FR5,62,4.13,nan,5,Left,Left,210,11,41,0,nan,nan,0.38
4/27/2026 19:11:13,1.17.3,FR5,62,4.13,nan,5,LeftDuringDispense,Left,211,11,41,0,nan,nan,0.04
4/27/2026 19:11:16,1.17.3,FR5,62,4.13,3,5,Pellet,Left,211,11,42,0,0.06,36,nan
4/27/2026 19:11:47,1.17.3,FR5,62,4.13,nan,5,Left,Left,212,11,42,0,nan,nan,0.09
4/27/2026 19:11:48,1.17.3,FR5,62,4.13,nan,5,Left,Left,213,11,42,0,nan,nan,0.10
4/27/2026 19:11:55,1.17.3,FR5,62,4.13,nan,5,Left,Left,214,11,42,0,nan,nan,0.00
4/27/2026 19:12:53,1.17.3,FR5,62,4.13,nan,5,Right,Left,214,12,42,0,nan,nan,0.07
4/27/2026 19:14:10,1.17.3,FR5,62,4.13,nan,5,Left,Left,215,12,42,0,nan,nan,0.39
4/27/2026 19:14:11,1.17.3,FR5,62,4.13,1,5,Pellet,Left,215,12,43,0,0.29,175,nan
4/27/2026 19:14:59,1.17.3,FR5,62,4.14,nan,5,Left,Left,216,12,43,0,nan,nan,0.38
4/27/2026 19:15:01,1.17.3,FR5,62,4.13,nan,5,Left,Left,217,12,43,0,nan,nan,0.64
4/27/2026 19:15:02,1.17.3,FR5,62,4.12,nan,5,Left,Left,218,12,43,0,nan,nan,0.01
4/27/2026 19:15:04,1.17.3,FR5,62,4.13,nan,5,Left,Left,219,12,43,0,nan,nan,0.49
4/27/2026 19:15:06,1.17.3,FR5,62,4.13,nan,5,Left,Left,220,12,43,0,nan,nan,0.69
4/27/2026 19:15:07,1.17.3,FR5,62,4.13,1,5,Pellet,Left,220,12,44,0,0.47,56,nan
4/27/2026 19:15:20,1.17.3,FR5,62,4.13,nan,5,Left,Left,221,12,44,0,nan,nan,0.10
4/27/2026 19:15:20,1.17.3,FR5,62,4.13,nan,5,Left,Left,222,12,44,0,nan,nan,0.05
4/27/2026 19:15:22,1.17.3,FR5,62,4.13,nan,5,Left,Left,223,12,44,0,nan,nan,0.33
4/27/2026 19:15:23,1.17.3,FR5,62,4.13,nan,5,Left,Left,224,12,44,0,nan,nan,0.27
4/27/2026 19:15:24,1.17.3,FR5,62,4.13,nan,5,Left,Left,225,12,44,0,nan,nan,0.27
4/27/2026 19:15:24,1.17.3,FR5,62,4.13,nan,5,LeftDuringDispense,Left,226,12,44,0,nan,nan,0.08
4/27/2026 19:15:27,1.17.3,FR5,62,4.12,3,5,Pellet,Left,226,12,45,0,0.12,20,nan
4/27/2026 19:15:40,1.17.3,FR5,62,4.12,nan,5,Left,Left,227,12,45,0,nan,nan,0.10
4/27/2026 19:15:40,1.17.3,FR5,62,4.14,nan,5,Left,Left,228,12,45,0,nan,nan,0.00
4/27/2026 19:15:41,1.17.3,FR5,62,4.13,nan,5,Left,Left,229,12,45,0,nan,nan,0.12
4/27/2026 19:15:42,1.17.3,FR5,62,4.13,nan,5,Left,Left,230,12,45,0,nan,nan,0.00
4/27/2026 19:15:43,1.17.3,FR5,62,4.13,1,5,Pellet,Left,230,12,46,0,0.11,16,nan
4/27/2026 19:16:26,1.17.3,FR5,62,4.12,nan,5,Left,Left,231,12,46,0,nan,nan,0.05
4/27/2026 19:16:27,1.17.3,FR5,62,4.13,nan,5,Left,Left,232,12,46,0,nan,nan,0.04
4/27/2026 19:16:27,1.17.3,FR5,62,4.12,nan,5,Left,Left,233,12,46,0,nan,nan,0.02
4/27/2026 19:16:28,1.17.3,FR5,62,4.13,nan,5,Left,Left,234,12,46,0,nan,nan,0.02
4/27/2026 19:16:31,1.17.3,FR5,62,4.13,nan,5,Left,Left,235,12,46,0,nan,nan,0.42
4/27/2026 19:16:32,1.17.3,FR5,62,4.13,nan,5,LeftDuringDispense,Left,236,12,46,0,nan,nan,0.09
4/27/2026 19:16:37,1.17.3,FR5,62,4.13,3,5,Pellet,Left,236,12,47,0,0.06,54,nan
4/27/2026 19:17:06,1.17.3,FR5,62,4.13,nan,5,Left,Left,237,12,47,0,nan,nan,0.10
4/27/2026 19:17:07,1.17.3,FR5,62,4.13,nan,5,Left,Left,238,12,47,0,nan,nan,0.02
4/27/2026 19:17:09,1.17.3,FR5,62,4.13,nan,5,Left,Left,239,12,47,0,nan,nan,0.41
4/27/2026 19:17:11,1.17.3,FR5,62,4.13,nan,5,Left,Left,240,12,47,0,nan,nan,0.55
4/27/2026 19:17:12,1.17.3,FR5,62,4.12,1,5,Pellet,Left,240,12,48,0,0.12,35,nan
4/27/2026 19:17:37,1.17.3,FR5,62,4.12,nan,5,Left,Left,241,12,48,0,nan,nan,0.26
4/27/2026 19:17:46,1.17.3,FR5,62,4.14,nan,5,Left,Left,242,12,48,0,nan,nan,0.07
4/27/2026 19:17:46,1.17.3,FR5,62,4.13,nan,5,Left,Left,243,12,48,0,nan,nan,0.00
4/27/2026 19:17:48,1.17.3,FR5,62,4.12,nan,5,Left,Left,244,12,48,0,nan,nan,0.28
4/27/2026 19:17:49,1.17.3,FR5,62,4.13,nan,5,Left,Left,245,12,48,0,nan,nan,0.55
4/27/2026 19:17:50,1.17.3,FR5,62,4.12,1,5,Pellet,Left,245,12,49,0,0.23,38,nan
4/27/2026 19:21:24,1.17.3,FR5,62,4.12,nan,5,Left,Left,246,12,49,0,nan,nan,0.35
4/27/2026 19:21:26,1.17.3,FR5,62,4.14,nan,5,Left,Left,247,12,49,0,nan,nan,0.02
4/27/2026 19:21:28,1.17.3,FR5,62,4.13,nan,5,Left,Left,248,12,49,0,nan,nan,0.00
4/27/2026 19:21:30,1.17.3,FR5,62,4.14,nan,5,Left,Left,249,12,49,0,nan,nan,0.35
4/27/2026 19:21:31,1.17.3,FR5,62,4.13,nan,5,Left,Left,250,12,49,0,nan,nan,0.22
4/27/2026 19:21:32,1.17.3,FR5,62,4.13,1,5,Pellet,Left,250,12,50,0,0.41,222,nan
4/27/2026 19:22:05,1.17.3,FR5,62,4.13,nan,5,Left,Left,251,12,50,0,nan,nan,0.11
4/27/2026 19:24:20,1.17.3,FR5,62,4.13,nan,5,Left,Left,252,12,50,0,nan,nan,0.02
4/27/2026 19:24:21,1.17.3,FR5,62,4.13,nan,5,Left,Left,253,12,50,0,nan,nan,0.00
4/27/2026 19:24:23,1.17.3,FR5,62,4.13,nan,5,Left,Left,254,12,50,0,nan,nan,0.07
4/27/2026 19:24:24,1.17.3,FR5,62,4.13,nan,5,Left,Left,255,12,50,0,nan,nan,0.30
4/27/2026 19:24:25,1.17.3,FR5,62,4.13,2,5,Pellet,Left,255,12,51,0,0.06,173,nan
4/27/2026 19:25:21,1.17.3,FR5,62,4.13,nan,5,Left,Left,256,12,51,0,nan,nan,0.24
4/27/2026 19:25:39,1.17.3,FR5,62,4.13,nan,5,Left,Left,257,12,51,0,nan,nan,0.02
4/27/2026 19:25:41,1.17.3,FR5,62,4.13,nan,5,Left,Left,258,12,51,0,nan,nan,0.33
4/27/2026 19:25:43,1.17.3,FR5,62,4.13,nan,5,Left,Left,259,12,51,0,nan,nan,0.27
4/27/2026 19:25:45,1.17.3,FR5,62,4.13,nan,5,Left,Left,260,12,51,0,nan,nan,1.10
4/27/2026 19:25:46,1.17.3,FR5,62,4.12,1,5,Pellet,Left,260,12,52,0,0.29,81,nan
4/27/2026 19:26:51,1.17.3,FR5,62,4.13,nan,5,Left,Left,261,12,52,0,nan,nan,0.13
4/27/2026 19:26:54,1.17.3,FR5,62,4.13,nan,5,Left,Left,262,12,52,0,nan,nan,0.09
4/27/2026 19:28:09,1.17.3,FR5,62,4.13,nan,5,Left,Left,263,12,52,0,nan,nan,0.05
4/27/2026 19:28:10,1.17.3,FR5,62,4.13,nan,5,Left,Left,264,12,52,0,nan,nan,0.03
4/27/2026 19:28:11,1.17.3,FR5,62,4.12,nan,5,Left,Left,265,12,52,0,nan,nan,0.00
4/27/2026 19:28:12,1.17.3,FR5,62,4.13,1,5,Pellet,Left,265,12,53,0,0.29,146,nan
4/27/2026 19:29:27,1.17.3,FR5,62,4.13,nan,5,Left,Left,266,12,53,0,nan,nan,0.29
4/27/2026 19:29:35,1.17.3,FR5,62,4.13,nan,5,Right,Left,266,13,53,0,nan,nan,0.11
4/27/2026 19:31:02,1.17.3,FR5,62,4.13,nan,5,Right,Left,266,14,53,0,nan,nan,0.17
4/27/2026 19:31:05,1.17.3,FR5,62,4.13,nan,5,Left,Left,267,14,53,0,nan,nan,0.39
4/27/2026 19:31:06,1.17.3,FR5,62,4.13,nan,5,Left,Left,268,14,53,0,nan,nan,0.19
4/27/2026 19:31:08,1.17.3,FR5,62,4.13,nan,5,Left,Left,269,14,53,0,nan,nan,0.17
4/27/2026 19:31:09,1.17.3,FR5,62,4.13,nan,5,Left,Left,270,14,53,0,nan,nan,0.00
4/27/2026 19:31:12,1.17.3,FR5,62,4.12,2,5,Pellet,Left,270,14,54,0,0.06,180,nan
4/27/2026 19:31:50,1.17.3,FR5,62,4.12,nan,5,Left,Left,271,14,54,0,nan,nan,0.98
4/27/2026 19:31:52,1.17.3,FR5,62,4.13,nan,5,Left,Left,272,14,54,0,nan,nan,0.28
4/27/2026 19:32:38,1.17.3,FR5,62,4.13,nan,5,Right,Left,272,15,54,0,nan,nan,0.08
4/27/2026 19:33:02,1.17.3,FR5,62,4.13,nan,5,Left,Left,273,15,54,0,nan,nan,0.27
4/27/2026 19:33:05,1.17.3,FR5,62,4.13,nan,5,Left,Left,274,15,54,0,nan,nan,0.16
4/27/2026 19:51:09,1.17.3,FR5,62,4.13,nan,5,Left,Left,275,15,54,0,nan,nan,0.21
4/27/2026 19:51:10,1.17.3,FR5,62,4.13,1,5,Pellet,Left,275,15,55,0,0.59,1198,nan
4/27/2026 19:52:16,1.17.3,FR5,62,4.12,nan,5,Left,Left,276,15,55,0,nan,nan,0.08
4/27/2026 19:52:17,1.17.3,FR5,62,4.13,nan,5,Left,Left,277,15,55,0,nan,nan,0.03
4/27/2026 19:52:19,1.17.3,FR5,62,4.13,nan,5,Left,Left,278,15,55,0,nan,nan,0.20
4/27/2026 19:52:22,1.17.3,FR5,62,4.13,nan,5,Left,Left,279,15,55,0,nan,nan,0.17
4/27/2026 19:52:23,1.17.3,FR5,62,4.13,nan,5,Left,Left,280,15,55,0,nan,nan,0.08
4/27/2026 19:52:24,1.17.3,FR5,62,4.13,1,5,Pellet,Left,280,15,56,0,0.29,74,nan
4/27/2026 19:54:01,1.17.3,FR5,62,4.13,nan,5,Left,Left,281,15,56,0,nan,nan,0.37
4/27/2026 19:54:03,1.17.3,FR5,62,4.13,nan,5,Left,Left,282,15,56,0,nan,nan,0.34
4/27/2026 19:54:04,1.17.3,FR5,62,4.13,nan,5,Left,Left,283,15,56,0,nan,nan,0.06
4/27/2026 19:54:07,1.17.3,FR5,62,4.13,nan,5,Left,Left,284,15,56,0,nan,nan,0.35
4/27/2026 19:54:09,1.17.3,FR5,62,4.13,nan,5,Left,Left,285,15,56,0,nan,nan,0.28
4/27/2026 19:54:10,1.17.3,FR5,62,4.12,2,5,Pellet,Left,285,15,57,0,0.06,106,nan
4/27/2026 19:55:12,1.17.3,FR5,62,4.13,nan,5,Left,Left,286,15,57,0,nan,nan,0.08
4/27/2026 19:57:10,1.17.3,FR5,62,4.13,nan,5,Right,Left,286,16,57,0,nan,nan,0.33
4/27/2026 19:59:02,1.17.3,FR5,62,4.13,nan,5,Left,Left,287,16,57,0,nan,nan,0.34
4/27/2026 19:59:03,1.17.3,FR5,62,4.13,nan,5,Left,Left,288,16,57,0,nan,nan,0.06
4/27/2026 19:59:05,1.17.3,FR5,62,4.13,nan,5,Left,Left,289,16,57,0,nan,nan,0.18
4/27/2026 19:59:06,1.17.3,FR5,62,4.12,nan,5,Left,Left,290,16,57,0,nan,nan,0.23
4/27/2026 19:59:07,1.17.3,FR5,62,4.12,1,5,Pellet,Left,290,16,58,0,0.06,297,nan
4/27/2026 20:00:11,1.17.3,FR5,62,4.13,nan,5,Right,Left,290,17,58,0,nan,nan,0.30
4/27/2026 20:00:37,1.17.3,FR5,62,4.13,nan,5,Left,Left,291,17,58,0,nan,nan,0.33
4/27/2026 20:00:39,1.17.3,FR5,62,4.12,nan,5,Left,Left,292,17,58,0,nan,nan,0.34
4/27/2026 20:00:45,1.17.3,FR5,62,4.13,nan,5,Left,Left,293,17,58,0,nan,nan,0.15
4/27/2026 20:00:47,1.17.3,FR5,62,4.13,nan,5,Left,Left,294,17,58,0,nan,nan,0.32
4/27/2026 20:00:52,1.17.3,FR5,62,4.12,nan,5,Left,Left,295,17,58,0,nan,nan,0.02
4/27/2026 20:00:53,1.17.3,FR5,62,4.12,1,5,Pellet,Left,295,17,59,0,0.06,106,nan
4/27/2026 20:02:47,1.17.3,FR5,62,4.13,nan,5,Left,Left,296,17,59,0,nan,nan,0.07
4/27/2026 20:02:48,1.17.3,FR5,62,4.13,nan,5,Left,Left,297,17,59,0,nan,nan,0.02
4/27/2026 20:02:51,1.17.3,FR5,62,4.12,nan,5,Left,Left,298,17,59,0,nan,nan,0.18
4/27/2026 20:02:53,1.17.3,FR5,62,4.13,nan,5,Left,Left,299,17,59,0,nan,nan,0.32
4/27/2026 20:02:53,1.17.3,FR5,62,4.13,nan,5,Left,Left,300,17,59,0,nan,nan,0.00
4/27/2026 20:02:54,1.17.3,FR5,62,4.12,1,5,Pellet,Left,300,17,60,0,0.12,121,nan
4/27/2026 20:05:23,1.17.3,FR5,62,4.13,nan,5,Left,Left,301,17,60,0,nan,nan,0.07
4/27/2026 20:07:11,1.17.3,FR5,62,4.13,nan,5,Left,Left,302,17,60,0,nan,nan,0.08
4/27/2026 20:07:52,1.17.3,FR5,62,4.13,nan,5,Right,Left,302,18,60,0,nan,nan,0.04
4/27/2026 20:18:37,1.17.3,FR5,62,4.13,nan,5,Left,Left,303,18,60,0,nan,nan,0.09
4/27/2026 20:19:28,1.17.3,FR5,62,4.13,nan,5,Left,Left,304,18,60,0,nan,nan,0.03
4/27/2026 20:19:30,1.17.3,FR5,62,4.12,nan,5,Left,Left,305,18,60,0,nan,nan,0.26
4/27/2026 20:19:33,1.17.3,FR5,62,4.12,2,5,Pellet,Left,305,18,61,0,0.17,999,nan
4/27/2026 20:23:12,1.17.3,FR5,62,4.13,nan,5,Left,Left,306,18,61,0,nan,nan,0.15
4/27/2026 20:23:14,1.17.3,FR5,62,4.12,nan,5,Left,Left,307,18,61,0,nan,nan,0.12
4/27/2026 20:23:20,1.17.3,FR5,62,4.12,nan,5,Left,Left,308,18,61,0,nan,nan,0.11
4/27/2026 20:23:22,1.17.3,FR5,62,4.13,nan,5,Left,Left,309,18,61,0,nan,nan,0.34
4/27/2026 20:23:23,1.17.3,FR5,62,4.13,nan,5,Left,Left,310,18,61,0,nan,nan,0.21
4/27/2026 20:23:24,1.17.3,FR5,62,4.13,1,5,Pellet,Left,310,18,62,0,0.59,231,nan
4/27/2026 20:25:19,1.17.3,FR5,62,4.12,nan,5,Left,Left,311,18,62,0,nan,nan,0.57
4/27/2026 20:25:24,1.17.3,FR5,62,4.13,nan,5,Left,Left,312,18,62,0,nan,nan,0.02
4/27/2026 20:25:27,1.17.3,FR5,62,4.13,nan,5,Left,Left,313,18,62,0,nan,nan,0.43
4/27/2026 20:25:32,1.17.3,FR5,62,4.13,nan,5,Left,Left,314,18,62,0,nan,nan,0.32
4/27/2026 20:25:33,1.17.3,FR5,62,4.12,nan,5,Left,Left,315,18,62,0,nan,nan,0.35
4/27/2026 20:25:34,1.17.3,FR5,62,4.12,1,5,Pellet,Left,315,18,63,0,0.17,130,nan
4/27/2026 20:28:00,1.17.3,FR5,62,4.12,nan,5,Right,Left,315,19,63,0,nan,nan,0.33
4/27/2026 20:29:55,1.17.3,FR5,62,4.12,nan,5,Right,Left,315,20,63,0,nan,nan,0.10
4/27/2026 20:31:39,1.17.3,FR5,62,4.12,nan,5,Left,Left,316,20,63,0,nan,nan,0.06
4/27/2026 20:39:25,1.17.3,FR5,62,4.13,nan,5,Left,Left,317,20,63,0,nan,nan,0.18
4/27/2026 20:39:29,1.17.3,FR5,62,4.12,nan,5,Left,Left,318,20,63,0,nan,nan,0.12
4/27/2026 20:39:31,1.17.3,FR5,62,4.12,nan,5,Left,Left,319,20,63,0,nan,nan,0.27
4/27/2026 20:39:34,1.17.3,FR5,62,4.13,nan,5,Left,Left,320,20,63,0,nan,nan,0.24
4/27/2026 20:39:35,1.17.3,FR5,62,4.12,2,5,Pellet,Left,320,20,64,0,0.11,841,nan
4/27/2026 20:43:33,1.17.3,FR5,62,4.13,nan,5,Right,Left,320,21,64,0,nan,nan,0.35
4/27/2026 20:43:50,1.17.3,FR5,62,4.12,nan,5,Left,Left,321,21,64,0,nan,nan,0.07
4/27/2026 20:43:56,1.17.3,FR5,62,4.12,nan,5,Left,Left,322,21,64,0,nan,nan,0.24
4/27/2026 20:43:57,1.17.3,FR5,62,4.12,nan,5,Left,Left,323,21,64,0,nan,nan,0.41
4/27/2026 20:44:00,1.17.3,FR5,62,4.13,nan,5,Left,Left,324,21,64,0,nan,nan,0.17
4/27/2026 20:44:01,1.17.3,FR5,62,4.12,nan,5,Left,Left,325,21,64,0,nan,nan,0.38
4/27/2026 20:44:02,1.17.3,FR5,62,4.12,1,5,Pellet,Left,325,21,65,0,0.17,267,nan
4/27/2026 20:44:19,1.17.3,FR5,62,4.12,nan,5,Left,Left,326,21,65,0,nan,nan,0.11
4/27/2026 20:46:39,1.17.3,FR5,62,4.12,nan,5,Left,Left,327,21,65,0,nan,nan,0.26
4/27/2026 20:46:41,1.17.3,FR5,62,4.13,nan,5,Left,Left,328,21,65,0,nan,nan,0.27
4/27/2026 20:46:48,1.17.3,FR5,62,4.12,nan,5,Left,Left,329,21,65,0,nan,nan,0.04
4/27/2026 20:46:50,1.17.3,FR5,62,4.12,nan,5,Left,Left,330,21,65,0,nan,nan,0.37
4/27/2026 20:46:51,1.17.3,FR5,62,4.12,1,5,Pellet,Left,330,21,66,0,0.17,169,nan
4/27/2026 21:10:05,1.17.3,FR5,62,4.12,nan,5,Left,Left,331,21,66,0,nan,nan,0.28
4/27/2026 21:10:06,1.17.3,FR5,62,4.13,nan,5,Left,Left,332,21,66,0,nan,nan,0.06
4/27/2026 21:10:08,1.17.3,FR5,62,4.12,nan,5,Left,Left,333,21,66,0,nan,nan,0.33
4/27/2026 21:10:23,1.17.3,FR5,62,4.12,nan,5,Left,Left,334,21,66,0,nan,nan,0.07
4/27/2026 21:10:24,1.17.3,FR5,62,4.12,nan,5,Left,Left,335,21,66,0,nan,nan,0.05
4/27/2026 21:10:26,1.17.3,FR5,62,4.12,1,5,Pellet,Left,335,21,67,0,0.71,1415,nan
4/27/2026 21:10:51,1.17.3,FR5,62,4.12,nan,5,Left,Left,336,21,67,0,nan,nan,0.05
4/27/2026 21:10:52,1.17.3,FR5,62,4.12,nan,5,Left,Left,337,21,67,0,nan,nan,0.13
4/27/2026 21:10:54,1.17.3,FR5,62,4.12,nan,5,Left,Left,338,21,67,0,nan,nan,0.25
4/27/2026 21:10:56,1.17.3,FR5,62,4.12,nan,5,Left,Left,339,21,67,0,nan,nan,0.47
4/27/2026 21:10:57,1.17.3,FR5,62,4.13,nan,5,Left,Left,340,21,67,0,nan,nan,0.24
4/27/2026 21:11:00,1.17.3,FR5,62,4.12,2,5,Pellet,Left,340,21,68,0,0.29,34,nan
4/27/2026 21:11:31,1.17.3,FR5,62,4.12,nan,5,Left,Left,341,21,68,0,nan,nan,0.06
4/27/2026 21:11:31,1.17.3,FR5,62,4.12,nan,5,Left,Left,342,21,68,0,nan,nan,0.00
4/27/2026 21:11:32,1.17.3,FR5,62,4.12,nan,5,Left,Left,343,21,68,0,nan,nan,0.20
4/27/2026 21:11:35,1.17.3,FR5,62,4.12,nan,5,Left,Left,344,21,68,0,nan,nan,0.44
4/27/2026 21:11:36,1.17.3,FR5,62,4.12,nan,5,Left,Left,345,21,68,0,nan,nan,0.00
4/27/2026 21:11:37,1.17.3,FR5,62,4.12,1,5,Pellet,Left,345,21,69,0,0.12,37,nan
4/27/2026 21:12:14,1.17.3,FR5,62,4.12,nan,5,Left,Left,346,21,69,0,nan,nan,0.17
4/27/2026 21:13:56,1.17.3,FR5,62,4.13,nan,5,Left,Left,347,21,69,0,nan,nan,0.33
4/27/2026 21:13:58,1.17.3,FR5,62,4.13,nan,5,Left,Left,348,21,69,0,nan,nan,0.10
4/27/2026 21:14:00,1.17.3,FR5,62,4.12,nan,5,Left,Left,349,21,69,0,nan,nan,0.13
4/27/2026 21:14:04,1.17.3,FR5,62,4.13,nan,5,Left,Left,350,21,69,0,nan,nan,0.33
4/27/2026 21:14:05,1.17.3,FR5,62,4.12,1,5,Pellet,Left,350,21,70,0,0.35,148,nan
4/27/2026 21:14:34,1.17.3,FR5,62,4.12,nan,5,Left,Left,351,21,70,0,nan,nan,0.03
4/27/2026 21:14:35,1.17.3,FR5,62,4.12,nan,5,Left,Left,352,21,70,0,nan,nan,0.04
4/27/2026 21:14:36,1.17.3,FR5,62,4.12,nan,5,Left,Left,353,21,70,0,nan,nan,0.00
4/27/2026 21:14:37,1.17.3,FR5,62,4.12,nan,5,Left,Left,354,21,70,0,nan,nan,0.32
4/27/2026 21:14:39,1.17.3,FR5,62,4.12,nan,5,Left,Left,355,21,70,0,nan,nan,0.37
4/27/2026 21:14:40,1.17.3,FR5,62,4.12,1,5,Pellet,Left,355,21,71,0,0.23,35,nan
4/27/2026 21:14:56,1.17.3,FR5,62,4.12,nan,5,Left,Left,356,21,71,0,nan,nan,0.16
4/27/2026 21:14:59,1.17.3,FR5,62,4.12,nan,5,Left,Left,357,21,71,0,nan,nan,0.23
4/27/2026 21:15:03,1.17.3,FR5,62,4.12,nan,5,Left,Left,358,21,71,0,nan,nan,0.21
4/27/2026 21:15:04,1.17.3,FR5,62,4.12,nan,5,Left,Left,359,21,71,0,nan,nan,0.41
4/27/2026 21:15:59,1.17.3,FR5,62,4.12,nan,5,Right,Left,359,22,71,0,nan,nan,0.12
4/27/2026 21:31:09,1.17.3,FR5,62,4.12,nan,5,Right,Left,359,23,71,0,nan,nan,0.08
4/27/2026 21:31:09,1.17.3,FR5,62,4.12,nan,5,Right,Left,359,24,71,0,nan,nan,0.12
4/27/2026 21:31:11,1.17.3,FR5,62,4.12,nan,5,Right,Left,359,25,71,0,nan,nan,0.11
4/27/2026 21:40:41,1.17.3,FR5,62,4.12,nan,5,Right,Left,359,26,71,0,nan,nan,0.33
4/27/2026 21:48:12,1.17.3,FR5,62,4.12,nan,5,Left,Left,360,26,71,0,nan,nan,0.20
4/27/2026 21:48:13,1.17.3,FR5,62,4.12,1,5,Pellet,Left,360,26,72,0,0.47,2013,nan
4/27/2026 21:48:40,1.17.3,FR5,62,4.12,nan,5,Left,Left,361,26,72,0,nan,nan,0.12
4/27/2026 21:48:43,1.17.3,FR5,62,4.12,nan,5,Left,Left,362,26,72,0,nan,nan,0.43
4/27/2026 21:48:45,1.17.3,FR5,62,4.12,nan,5,Left,Left,363,26,72,0,nan,nan,0.40
4/27/2026 21:48:46,1.17.3,FR5,62,4.12,nan,5,Left,Left,364,26,72,0,nan,nan,0.03
4/27/2026 21:48:47,1.17.3,FR5,62,4.12,nan,5,Left,Left,365,26,72,0,nan,nan,0.00
4/27/2026 21:48:48,1.17.3,FR5,62,4.12,2,5,Pellet,Left,365,26,73,0,0.12,35,nan
4/27/2026 22:04:04,1.17.3,FR5,62,4.12,nan,5,Left,Left,366,26,73,0,nan,nan,0.26
4/27/2026 22:04:05,1.17.3,FR5,62,4.12,nan,5,Left,Left,367,26,73,0,nan,nan,0.01
4/27/2026 22:04:06,1.17.3,FR5,62,4.12,nan,5,Left,Left,368,26,73,0,nan,nan,0.26
4/27/2026 22:04:09,1.17.3,FR5,62,4.12,nan,5,Left,Left,369,26,73,0,nan,nan,0.02
4/27/2026 22:04:10,1.17.3,FR5,62,4.12,nan,5,Left,Left,370,26,73,0,nan,nan,0.00
4/27/2026 22:04:10,1.17.3,FR5,62,4.12,nan,5,LeftDuringDispense,Left,371,26,73,0,nan,nan,0.03
4/27/2026 22:04:15,1.17.3,FR5,62,4.12,3,5,Pellet,Left,371,26,74,0,0.06,927,nan
4/27/2026 22:04:31,1.17.3,FR5,62,4.12,nan,5,Left,Left,372,26,74,0,nan,nan,0.10
4/27/2026 22:04:32,1.17.3,FR5,62,4.12,nan,5,Left,Left,373,26,74,0,nan,nan,0.10
4/27/2026 22:04:34,1.17.3,FR5,62,4.12,nan,5,Left,Left,374,26,74,0,nan,nan,0.64
4/27/2026 22:04:36,1.17.3,FR5,62,4.12,nan,5,Left,Left,375,26,74,0,nan,nan,0.03
4/27/2026 22:04:36,1.17.3,FR5,62,4.12,nan,5,LeftDuringDispense,Left,376,26,74,0,nan,nan,0.00
4/27/2026 22:04:36,1.17.3,FR5,62,4.12,1,5,Pellet,Left,376,26,75,0,0.11,21,nan
4/27/2026 22:08:05,1.17.3,FR5,62,4.12,nan,5,Left,Left,377,26,75,0,nan,nan,0.29
4/27/2026 22:08:07,1.17.3,FR5,62,4.12,nan,5,Left,Left,378,26,75,0,nan,nan,0.34
4/27/2026 22:08:09,1.17.3,FR5,62,4.12,nan,5,Left,Left,379,26,75,0,nan,nan,0.41
4/27/2026 22:08:10,1.17.3,FR5,62,4.12,nan,5,Left,Left,380,26,75,0,nan,nan,0.00
4/27/2026 22:08:11,1.17.3,FR5,62,4.12,2,5,Pellet,Left,380,26,76,0,0.23,215,nan
4/27/2026 22:08:37,1.17.3,FR5,62,4.12,nan,5,Left,Left,381,26,76,0,nan,nan,0.73
4/27/2026 22:08:43,1.17.3,FR5,62,4.12,nan,5,Left,Left,382,26,76,0,nan,nan,0.00
4/27/2026 22:08:48,1.17.3,FR5,62,4.12,nan,5,Left,Left,383,26,76,0,nan,nan,0.40
4/27/2026 22:08:49,1.17.3,FR5,62,4.12,nan,5,Left,Left,384,26,76,0,nan,nan,0.12
4/27/2026 22:08:50,1.17.3,FR5,62,4.12,nan,5,Left,Left,385,26,76,0,nan,nan,0.24
4/27/2026 22:08:51,1.17.3,FR5,62,4.12,2,5,Pellet,Left,385,26,77,0,0.11,40,nan
4/27/2026 22:10:31,1.17.3,FR5,62,4.12,nan,5,Left,Left,386,26,77,0,nan,nan,0.10
4/27/2026 22:10:33,1.17.3,FR5,62,4.12,nan,5,Left,Left,387,26,77,0,nan,nan,0.20
4/27/2026 22:10:34,1.17.3,FR5,62,4.12,nan,5,Left,Left,388,26,77,0,nan,nan,0.00
4/27/2026 22:10:35,1.17.3,FR5,62,4.12,nan,5,Left,Left,389,26,77,0,nan,nan,0.21
4/27/2026 22:10:36,1.17.3,FR5,62,4.12,nan,5,Left,Left,390,26,77,0,nan,nan,0.17
4/27/2026 22:10:37,1.17.3,FR5,62,4.12,2,5,Pellet,Left,390,26,78,0,0.06,106,nan
4/27/2026 22:48:53,1.17.3,FR5,62,4.12,nan,5,Left,Left,391,26,78,0,nan,nan,0.24
4/27/2026 22:48:54,1.17.3,FR5,62,4.12,nan,5,Left,Left,392,26,78,0,nan,nan,0.55
4/27/2026 22:48:56,1.17.3,FR5,62,4.12,nan,5,Left,Left,393,26,78,0,nan,nan,0.27
4/27/2026 22:48:56,1.17.3,FR5,62,4.12,nan,5,Left,Left,394,26,78,0,nan,nan,0.00
4/27/2026 22:48:58,1.17.3,FR5,62,4.12,nan,5,Left,Left,395,26,78,0,nan,nan,0.13
4/27/2026 22:49:00,1.17.3,FR5,62,4.12,1,5,Pellet,Left,395,26,79,0,0.77,2303,nan
4/27/2026 22:50:54,1.17.3,FR5,62,4.12,nan,5,Left,Left,396,26,79,0,nan,nan,0.02
4/27/2026 22:50:55,1.17.3,FR5,62,4.12,nan,5,Left,Left,397,26,79,0,nan,nan,0.04
4/27/2026 22:50:58,1.17.3,FR5,62,4.12,nan,5,Left,Left,398,26,79,0,nan,nan,0.78
4/27/2026 22:51:01,1.17.3,FR5,62,4.12,nan,5,Left,Left,399,26,79,0,nan,nan,0.18
4/27/2026 22:51:02,1.17.3,FR5,62,4.12,nan,5,Left,Left,400,26,79,0,nan,nan,0.34
4/27/2026 22:51:03,1.17.3,FR5,62,4.12,2,5,Pellet,Left,400,26,80,0,0.12,123,nan
4/27/2026 22:51:53,1.17.3,FR5,62,4.12,nan,5,Left,Left,401,26,80,0,nan,nan,0.06
4/27/2026 22:51:54,1.17.3,FR5,62,4.12,nan,5,Left,Left,402,26,80,0,nan,nan,0.08
4/27/2026 22:51:56,1.17.3,FR5,62,4.12,nan,5,Left,Left,403,26,80,0,nan,nan,0.56
4/27/2026 22:51:57,1.17.3,FR5,62,4.12,nan,5,Left,Left,404,26,80,0,nan,nan,0.32
4/27/2026 22:51:58,1.17.3,FR5,62,4.12,nan,5,Left,Left,405,26,80,0,nan,nan,0.27
4/27/2026 22:52:03,1.17.3,FR5,62,4.12,3,5,Pellet,Left,405,26,81,0,0.06,60,nan
4/27/2026 22:57:43,1.17.3,FR5,62,4.12,nan,5,Left,Left,406,26,81,0,nan,nan,0.04
4/27/2026 23:00:00,1.17.3,FR5,62,4.12,nan,5,Left,Left,407,26,81,0,nan,nan,0.08
4/27/2026 23:00:02,1.17.3,FR5,62,4.12,nan,5,Left,Left,408,26,81,0,nan,nan,0.22
4/27/2026 23:00:49,1.17.3,FR5,62,4.12,nan,5,Left,Left,409,26,81,0,nan,nan,0.29
4/27/2026 23:00:53,1.17.3,FR5,62,4.12,nan,5,Left,Left,410,26,81,0,nan,nan,0.26
4/27/2026 23:00:54,1.17.3,FR5,62,4.12,1,5,Pellet,Left,410,26,82,0,0.47,531,nan
4/27/2026 23:06:07,1.17.3,FR5,62,4.12,nan,5,Left,Left,411,26,82,0,nan,nan,0.22
4/27/2026 23:11:41,1.17.3,FR5,62,4.12,nan,5,Left,Left,412,26,82,0,nan,nan,0.27
4/27/2026 23:11:43,1.17.3,FR5,62,4.12,nan,5,Left,Left,413,26,82,0,nan,nan,0.12
4/27/2026 23:11:45,1.17.3,FR5,62,4.12,nan,5,Left,Left,414,26,82,0,nan,nan,0.27
4/27/2026 23:11:47,1.17.3,FR5,62,4.12,nan,5,Left,Left,415,26,82,0,nan,nan,0.23
4/27/2026 23:11:48,1.17.3,FR5,62,4.12,nan,5,LeftDuringDispense,Left,416,26,82,0,nan,nan,0.03
4/27/2026 23:11:51,1.17.3,FR5,62,4.12,2,5,Pellet,Left,416,26,83,0,0.41,657,nan
4/28/2026 2:34:31,1.17.3,FR5,62,4.11,nan,5,Left,Left,417,26,83,0,nan,nan,0.15
4/28/2026 2:34:34,1.17.3,FR5,62,4.11,nan,5,Left,Left,418,26,83,0,nan,nan,0.08
4/28/2026 2:34:43,1.17.3,FR5,62,4.11,nan,5,Left,Left,419,26,83,0,nan,nan,0.04
4/28/2026 2:34:45,1.17.3,FR5,62,4.11,nan,5,Left,Left,420,26,83,0,nan,nan,0.12
4/28/2026 2:34:47,1.17.3,FR5,62,4.11,1,5,Pellet,Left,420,26,84,0,0.83,12176,nan
4/28/2026 2:37:09,1.17.3,FR5,62,4.11,nan,5,Left,Left,421,26,84,0,nan,nan,0.35
4/28/2026 2:37:11,1.17.3,FR5,62,4.11,nan,5,Left,Left,422,26,84,0,nan,nan,0.06
4/28/2026 2:37:14,1.17.3,FR5,62,4.11,nan,5,Left,Left,423,26,84,0,nan,nan,0.25
4/28/2026 2:37:53,1.17.3,FR5,62,4.11,nan,5,Left,Left,424,26,84,0,nan,nan,0.30
4/28/2026 2:37:54,1.17.3,FR5,62,4.11,nan,5,Left,Left,425,26,84,0,nan,nan,0.69
4/28/2026 2:37:56,1.17.3,FR5,62,4.11,1,5,Pellet,Left,425,26,85,0,0.59,189,nan
4/28/2026 2:41:09,1.17.3,FR5,62,4.11,nan,5,Left,Left,426,26,85,0,nan,nan,0.02
4/28/2026 4:01:26,1.17.3,FR5,62,4.11,nan,5,Left,Left,427,26,85,0,nan,nan,0.24
4/28/2026 4:01:28,1.17.3,FR5,62,4.11,nan,5,Left,Left,428,26,85,0,nan,nan,0.07
4/28/2026 4:01:31,1.17.3,FR5,62,4.11,nan,5,Left,Left,429,26,85,0,nan,nan,0.10
4/28/2026 4:01:34,1.17.3,FR5,62,4.11,nan,5,Left,Left,430,26,85,0,nan,nan,0.01
4/28/2026 4:01:35,1.17.3,FR5,62,4.11,1,5,Pellet,Left,430,26,86,0,0.71,5019,nan
4/28/2026 4:03:15,1.17.3,FR5,62,4.11,nan,5,Left,Left,431,26,86,0,nan,nan,0.05
4/28/2026 4:03:27,1.17.3,FR5,62,4.11,nan,5,Left,Left,432,26,86,0,nan,nan,0.03
4/28/2026 4:03:30,1.17.3,FR5,62,4.11,nan,5,Left,Left,433,26,86,0,nan,nan,0.03
4/28/2026 4:03:33,1.17.3,FR5,62,4.11,nan,5,Left,Left,434,26,86,0,nan,nan,0.08
4/28/2026 4:03:36,1.17.3,FR5,62,4.11,nan,5,Left,Left,435,26,86,0,nan,nan,0.08
4/28/2026 4:03:38,1.17.3,FR5,62,4.11,2,5,Pellet,Left,435,26,87,0,0.41,123,nan
4/28/2026 4:07:45,1.17.3,FR5,62,4.11,nan,5,Left,Left,436,26,87,0,nan,nan,0.53
4/28/2026 4:07:48,1.17.3,FR5,62,4.11,nan,5,Left,Left,437,26,87,0,nan,nan,0.49
4/28/2026 4:07:51,1.17.3,FR5,62,4.11,nan,5,Left,Left,438,26,87,0,nan,nan,0.02
4/28/2026 4:07:55,1.17.3,FR5,62,4.11,nan,5,Left,Left,439,26,87,0,nan,nan,0.16
4/28/2026 4:07:57,1.17.3,FR5,62,4.11,nan,5,Left,Left,440,26,87,0,nan,nan,0.16
4/28/2026 4:08:00,1.17.3,FR5,62,4.11,2,5,Pellet,Left,440,26,88,0,0.23,262,nan
4/28/2026 4:08:50,1.17.3,FR5,62,4.11,nan,5,Left,Left,441,26,88,0,nan,nan,0.17
4/28/2026 4:08:53,1.17.3,FR5,62,4.11,nan,5,Left,Left,442,26,88,0,nan,nan,0.23
4/28/2026 4:08:54,1.17.3,FR5,62,4.11,nan,5,Left,Left,443,26,88,0,nan,nan,0.14
4/28/2026 4:08:57,1.17.3,FR5,62,4.11,nan,5,Left,Left,444,26,88,0,nan,nan,0.04
4/28/2026 4:08:57,1.17.3,FR5,62,4.11,nan,5,Left,Left,445,26,88,0,nan,nan,0.00
4/28/2026 4:08:58,1.17.3,FR5,62,4.11,1,5,Pellet,Left,445,26,89,0,0.11,58,nan
4/28/2026 4:09:31,1.17.3,FR5,62,4.11,nan,5,Left,Left,446,26,89,0,nan,nan,0.23
4/28/2026 4:09:33,1.17.3,FR5,62,4.11,nan,5,Left,Left,447,26,89,0,nan,nan,0.05
4/28/2026 4:09:38,1.17.3,FR5,62,4.11,nan,5,Left,Left,448,26,89,0,nan,nan,0.04
4/28/2026 4:09:38,1.17.3,FR5,62,4.11,nan,5,Left,Left,449,26,89,0,nan,nan,0.05
4/28/2026 4:09:40,1.17.3,FR5,62,4.11,nan,5,Left,Left,450,26,89,0,nan,nan,0.34
4/28/2026 4:09:42,1.17.3,FR5,62,4.11,2,5,Pellet,Left,450,26,90,0,0.17,44,nan
4/28/2026 4:45:18,1.17.3,FR5,62,4.11,nan,5,Left,Left,451,26,90,0,nan,nan,0.03
4/28/2026 4:45:19,1.17.3,FR5,62,4.11,nan,5,Left,Left,452,26,90,0,nan,nan,0.05
4/28/2026 4:45:27,1.17.3,FR5,62,4.11,nan,5,Left,Left,453,26,90,0,nan,nan,0.08
4/28/2026 4:45:29,1.17.3,FR5,62,4.11,nan,5,Left,Left,454,26,90,0,nan,nan,0.03
4/28/2026 4:45:29,1.17.3,FR5,62,4.11,nan,5,Left,Left,455,26,90,0,nan,nan,0.00
4/28/2026 4:45:30,1.17.3,FR5,62,4.11,1,5,Pellet,Left,455,26,91,0,0.29,2148,nan
4/28/2026 4:47:42,1.17.3,FR5,62,4.11,nan,5,Left,Left,456,26,91,0,nan,nan,0.11
4/28/2026 4:47:44,1.17.3,FR5,62,4.11,nan,5,Left,Left,457,26,91,0,nan,nan,0.10
4/28/2026 4:47:47,1.17.3,FR5,62,4.11,nan,5,Left,Left,458,26,91,0,nan,nan,0.39
4/28/2026 4:47:50,1.17.3,FR5,62,4.11,nan,5,Left,Left,459,26,91,0,nan,nan,0.08
4/28/2026 4:47:51,1.17.3,FR5,62,4.11,nan,5,Left,Left,460,26,91,0,nan,nan,0.37
4/28/2026 4:47:52,1.17.3,FR5,62,4.11,1,5,Pellet,Left,460,26,92,0,0.29,142,nan
4/28/2026 4:48:21,1.17.3,FR5,62,4.11,nan,5,Left,Left,461,26,92,0,nan,nan,0.11
4/28/2026 4:48:22,1.17.3,FR5,62,4.11,nan,5,Left,Left,462,26,92,0,nan,nan,0.01
4/28/2026 4:48:24,1.17.3,FR5,62,4.11,nan,5,Left,Left,463,26,92,0,nan,nan,0.20
4/28/2026 4:48:24,1.17.3,FR5,62,4.11,nan,5,Left,Left,464,26,92,0,nan,nan,0.00
4/28/2026 4:48:26,1.17.3,FR5,62,4.11,nan,5,Left,Left,465,26,92,0,nan,nan,0.23
4/28/2026 4:48:27,1.17.3,FR5,62,4.11,1,5,Pellet,Left,465,26,93,0,0.47,35,nan
4/28/2026 4:49:15,1.17.3,FR5,62,4.11,nan,5,Left,Left,466,26,93,0,nan,nan,0.00
4/28/2026 4:49:47,1.17.3,FR5,62,4.11,nan,5,Left,Left,467,26,93,0,nan,nan,0.09
4/28/2026 4:49:49,1.17.3,FR5,62,4.11,nan,5,Left,Left,468,26,93,0,nan,nan,0.10
4/28/2026 4:49:50,1.17.3,FR5,62,4.11,nan,5,Left,Left,469,26,93,0,nan,nan,0.23
4/28/2026 4:49:58,1.17.3,FR5,62,4.11,nan,5,Left,Left,470,26,93,0,nan,nan,1.00
4/28/2026 4:49:59,1.17.3,FR5,62,4.10,2,5,Pellet,Left,470,26,94,0,0.06,92,nan
4/28/2026 4:50:15,1.17.3,FR5,62,4.11,nan,5,Left,Left,471,26,94,0,nan,nan,0.09
4/28/2026 4:50:17,1.17.3,FR5,62,4.11,nan,5,Left,Left,472,26,94,0,nan,nan,0.15
4/28/2026 4:50:19,1.17.3,FR5,62,4.11,nan,5,Left,Left,473,26,94,0,nan,nan,0.33
4/28/2026 4:50:20,1.17.3,FR5,62,4.11,nan,5,Left,Left,474,26,94,0,nan,nan,0.18
4/28/2026 4:50:22,1.17.3,FR5,62,4.11,nan,5,Left,Left,475,26,94,0,nan,nan,0.33
4/28/2026 4:50:25,1.17.3,FR5,62,4.11,2,5,Pellet,Left,475,26,95,0,0.06,26,nan
4/28/2026 4:52:44,1.17.3,FR5,62,4.11,nan,5,Left,Left,476,26,95,0,nan,nan,0.00
4/28/2026 4:52:46,1.17.3,FR5,62,4.11,nan,5,Left,Left,477,26,95,0,nan,nan,0.03
4/28/2026 4:52:48,1.17.3,FR5,62,4.11,nan,5,Left,Left,478,26,95,0,nan,nan,0.37
4/28/2026 4:52:50,1.17.3,FR5,62,4.11,nan,5,Left,Left,479,26,95,0,nan,nan,0.22
4/28/2026 4:52:53,1.17.3,FR5,62,4.11,nan,5,Left,Left,480,26,95,0,nan,nan,0.11
4/28/2026 4:52:54,1.17.3,FR5,62,4.11,2,5,Pellet,Left,480,26,96,0,0.06,149,nan
4/28/2026 4:53:34,1.17.3,FR5,62,4.11,nan,5,Left,Left,481,26,96,0,nan,nan,0.12
4/28/2026 4:58:32,1.17.3,FR5,62,4.11,nan,5,Right,Left,481,27,96,0,nan,nan,1.03
4/28/2026 4:58:39,1.17.3,FR5,62,4.11,nan,5,Right,Left,481,28,96,0,nan,nan,0.09
4/28/2026 4:58:40,1.17.3,FR5,62,4.11,nan,5,Right,Left,481,29,96,0,nan,nan,0.09
4/28/2026 4:58:41,1.17.3,FR5,62,4.11,nan,5,Right,Left,481,30,96,0,nan,nan,0.29
4/28/2026 4:58:46,1.17.3,FR5,62,4.11,nan,5,Right,Left,481,31,96,0,nan,nan,0.31
4/28/2026 4:58:49,1.17.3,FR5,62,4.11,nan,5,Right,Left,481,32,96,0,nan,nan,0.27
4/28/2026 4:58:55,1.17.3,FR5,62,4.11,nan,5,Right,Left,481,33,96,0,nan,nan,0.34
4/28/2026 4:58:57,1.17.3,FR5,62,4.11,nan,5,Right,Left,481,34,96,0,nan,nan,0.18
4/28/2026 4:59:04,1.17.3,FR5,62,4.11,nan,5,Right,Left,481,35,96,0,nan,nan,4.30
4/28/2026 5:00:44,1.17.3,FR5,62,4.11,nan,5,Right,Left,481,36,96,0,nan,nan,2.32
4/28/2026 5:00:50,1.17.3,FR5,62,4.11,nan,5,Right,Left,481,37,96,0,nan,nan,0.33
4/28/2026 5:00:54,1.17.3,FR5,62,4.11,nan,5,Right,Left,481,38,96,0,nan,nan,0.81
4/28/2026 5:02:32,1.17.3,FR5,62,4.10,nan,5,Right,Left,481,39,96,0,nan,nan,0.18
4/28/2026 5:29:39,1.17.3,FR5,62,4.11,nan,5,Right,Left,481,40,96,0,nan,nan,0.52
4/28/2026 5:44:09,1.17.3,FR5,62,4.10,nan,5,Left,Left,482,40,96,0,nan,nan,0.11
4/28/2026 5:45:50,1.17.3,FR5,62,4.10,nan,5,Left,Left,483,40,96,0,nan,nan,0.05
4/28/2026 5:45:52,1.17.3,FR5,62,4.11,nan,5,Left,Left,484,40,96,0,nan,nan,0.04
4/28/2026 5:45:56,1.17.3,FR5,62,4.10,nan,5,Left,Left,485,40,96,0,nan,nan,0.23
4/28/2026 5:45:57,1.17.3,FR5,62,4.10,2,5,Pellet,Left,485,40,97,0,0.29,3183,nan
4/28/2026 5:48:31,1.17.3,FR5,62,4.10,nan,5,Left,Left,486,40,97,0,nan,nan,0.04
4/28/2026 5:48:34,1.17.3,FR5,62,4.11,nan,5,Left,Left,487,40,97,0,nan,nan,0.23
4/28/2026 5:48:36,1.17.3,FR5,62,4.11,nan,5,Left,Left,488,40,97,0,nan,nan,0.04
4/28/2026 5:48:38,1.17.3,FR5,62,4.11,nan,5,Left,Left,489,40,97,0,nan,nan,0.03
4/28/2026 5:48:41,1.17.3,FR5,62,4.11,nan,5,Left,Left,490,40,97,0,nan,nan,0.02
4/28/2026 5:48:41,1.17.3,FR5,62,4.09,nan,5,LeftDuringDispense,Left,491,40,97,0,nan,nan,0.07
4/28/2026 5:48:45,1.17.3,FR5,62,4.10,2,5,Pellet,Left,491,40,98,0,0.41,168,nan
4/28/2026 5:49:40,1.17.3,FR5,62,4.11,nan,5,Left,Left,492,40,98,0,nan,nan,0.32
4/28/2026 5:49:45,1.17.3,FR5,62,4.11,nan,5,Left,Left,493,40,98,0,nan,nan,0.05
4/28/2026 5:49:47,1.17.3,FR5,62,4.11,nan,5,Left,Left,494,40,98,0,nan,nan,0.08
4/28/2026 5:49:48,1.17.3,FR5,62,4.10,nan,5,Left,Left,495,40,98,0,nan,nan,0.22
4/28/2026 5:49:49,1.17.3,FR5,62,4.11,1,5,Pellet,Left,495,40,99,0,0.23,64,nan
4/28/2026 5:51:55,1.17.3,FR5,62,4.11,nan,5,Left,Left,496,40,99,0,nan,nan,0.04
4/28/2026 5:51:56,1.17.3,FR5,62,4.11,nan,5,Left,Left,497,40,99,0,nan,nan,0.00
4/28/2026 5:51:58,1.17.3,FR5,62,4.11,nan,5,Left,Left,498,40,99,0,nan,nan,0.08
4/28/2026 5:52:00,1.17.3,FR5,62,4.11,nan,5,Left,Left,499,40,99,0,nan,nan,0.89
4/28/2026 5:52:02,1.17.3,FR5,62,4.10,nan,5,Left,Left,500,40,99,0,nan,nan,0.03
4/28/2026 5:52:02,1.17.3,FR5,62,4.11,nan,5,LeftDuringDispense,Left,501,40,99,0,nan,nan,0.01
4/28/2026 5:52:05,1.17.3,FR5,62,4.10,3,5,Pellet,Left,501,40,100,0,0.06,136,nan
4/28/2026 5:53:04,1.17.3,FR5,62,4.11,nan,5,Left,Left,502,40,100,0,nan,nan,0.13
4/28/2026 5:54:28,1.17.3,FR5,62,4.11,nan,5,Left,Left,503,40,100,0,nan,nan,0.04
4/28/2026 6:02:34,1.17.3,FR5,62,4.10,nan,5,Right,Left,503,41,100,0,nan,nan,0.06
4/28/2026 6:37:00,1.17.3,FR5,62,4.10,nan,5,Left,Left,504,41,100,0,nan,nan,0.02
4/28/2026 6:37:01,1.17.3,FR5,62,4.11,nan,5,Left,Left,505,41,100,0,nan,nan,0.06
4/28/2026 6:37:36,1.17.3,FR5,62,4.10,3,5,Pellet,Left,505,41,101,0,32.62,2731,nan
4/28/2026 6:39:16,1.17.3,FR5,62,4.10,nan,5,Left,Left,506,41,101,0,nan,nan,0.28
4/28/2026 6:39:22,1.17.3,FR5,62,4.11,nan,5,Left,Left,507,41,101,0,nan,nan,0.03
4/28/2026 6:39:24,1.17.3,FR5,62,4.11,nan,5,Left,Left,508,41,101,0,nan,nan,0.08
4/28/2026 6:39:29,1.17.3,FR5,62,4.10,nan,5,Left,Left,509,41,101,0,nan,nan,0.05
4/28/2026 6:39:32,1.17.3,FR5,62,4.10,nan,5,Left,Left,510,41,101,0,nan,nan,0.07
4/28/2026 6:39:33,1.17.3,FR5,62,4.10,2,5,Pellet,Left,510,41,102,0,0.35,117,nan
4/28/2026 6:40:22,1.17.3,FR5,62,4.10,nan,5,Right,Left,510,42,102,0,nan,nan,0.00
4/28/2026 6:40:34,1.17.3,FR5,62,4.11,nan,5,Left,Left,511,42,102,0,nan,nan,0.10
4/28/2026 6:40:36,1.17.3,FR5,62,4.10,nan,5,Left,Left,512,42,102,0,nan,nan,0.34
4/28/2026 6:40:38,1.17.3,FR5,62,4.10,nan,5,Left,Left,513,42,102,0,nan,nan,0.09
4/28/2026 6:40:39,1.17.3,FR5,62,4.11,nan,5,Left,Left,514,42,102,0,nan,nan,0.01
4/28/2026 6:40:40,1.17.3,FR5,62,4.10,nan,5,Left,Left,515,42,102,0,nan,nan,0.00
4/28/2026 6:40:41,1.17.3,FR5,62,4.11,2,5,Pellet,Left,515,42,103,0,0.29,68,nan
4/28/2026 8:17:18,1.17.3,FR5,62,4.10,nan,5,Left,Left,516,42,103,0,nan,nan,0.13
4/28/2026 10:36:18,1.17.3,FR5,62,4.09,nan,5,Right,Left,516,43,103,0,nan,nan,0.05
4/28/2026 11:04:53,1.17.3,FR5,62,4.09,nan,5,Left,Left,517,43,103,0,nan,nan,0.40
4/28/2026 11:04:55,1.17.3,FR5,62,4.09,nan,5,Left,Left,518,43,103,0,nan,nan,0.12
4/28/2026 11:04:56,1.17.3,FR5,62,4.09,nan,5,Left,Left,519,43,103,0,nan,nan,0.02
4/28/2026 11:04:57,1.17.3,FR5,62,4.09,nan,5,Left,Left,520,43,103,0,nan,nan,0.42
4/28/2026 11:04:58,1.17.3,FR5,62,4.09,1,5,Pellet,Left,520,43,104,0,0.29,15857,nan
4/28/2026 11:05:17,1.17.3,FR5,62,4.09,nan,5,Left,Left,521,43,104,0,nan,nan,0.15
4/28/2026 11:05:18,1.17.3,FR5,62,4.09,nan,5,Left,Left,522,43,104,0,nan,nan,0.12
4/28/2026 11:05:19,1.17.3,FR5,62,4.09,nan,5,Left,Left,523,43,104,0,nan,nan,0.15
4/28/2026 11:05:21,1.17.3,FR5,62,4.09,nan,5,Left,Left,524,43,104,0,nan,nan,0.50
4/28/2026 11:05:23,1.17.3,FR5,62,4.09,nan,5,Left,Left,525,43,104,0,nan,nan,0.02
4/28/2026 11:05:24,1.17.3,FR5,62,4.09,1,5,Pellet,Left,525,43,105,0,0.23,26,nan
4/28/2026 11:05:38,1.17.3,FR5,62,4.09,nan,5,Left,Left,526,43,105,0,nan,nan,0.40
4/28/2026 11:05:49,1.17.3,FR5,62,4.09,nan,5,Left,Left,527,43,105,0,nan,nan,0.02
4/28/2026 11:05:54,1.17.3,FR5,62,4.09,nan,5,Left,Left,528,43,105,0,nan,nan,0.08
4/28/2026 11:20:40,1.17.3,FR5,62,4.09,nan,5,Right,Left,528,44,105,0,nan,nan,0.64
4/28/2026 11:20:42,1.17.3,FR5,62,4.09,nan,5,Right,Left,528,45,105,0,nan,nan,0.43
4/28/2026 11:20:51,1.17.3,FR5,62,4.09,nan,5,Right,Left,528,46,105,0,nan,nan,0.12
4/28/2026 11:22:09,1.17.3,FR5,62,4.09,nan,5,Left,Left,529,46,105,0,nan,nan,0.03
4/28/2026 11:22:10,1.17.3,FR5,62,4.09,nan,5,Left,Left,530,46,105,0,nan,nan,0.21
4/28/2026 11:22:11,1.17.3,FR5,62,4.09,1,5,Pellet,Left,530,46,106,0,0.29,1007,nan
4/28/2026 11:22:44,1.17.3,FR5,62,4.09,nan,5,Left,Left,531,46,106,0,nan,nan,0.51
4/28/2026 11:22:57,1.17.3,FR5,62,4.09,nan,5,Left,Left,532,46,106,0,nan,nan,0.32
4/28/2026 11:22:59,1.17.3,FR5,62,4.09,nan,5,Left,Left,533,46,106,0,nan,nan,0.23
4/28/2026 11:23:00,1.17.3,FR5,62,4.09,nan,5,Left,Left,534,46,106,0,nan,nan,0.23
4/28/2026 11:23:02,1.17.3,FR5,62,4.09,nan,5,Left,Left,535,46,106,0,nan,nan,0.07
4/28/2026 11:23:06,1.17.3,FR5,62,4.09,2,5,Pellet,Left,535,46,107,0,0.47,55,nan
4/28/2026 11:23:27,1.17.3,FR5,62,4.09,nan,5,Left,Left,536,46,107,0,nan,nan,0.41
4/28/2026 11:23:28,1.17.3,FR5,62,4.09,nan,5,Left,Left,537,46,107,0,nan,nan,0.09
4/28/2026 11:23:30,1.17.3,FR5,62,4.09,nan,5,Left,Left,538,46,107,0,nan,nan,0.06
4/28/2026 11:23:31,1.17.3,FR5,62,4.09,nan,5,Left,Left,539,46,107,0,nan,nan,0.00
4/28/2026 11:23:33,1.17.3,FR5,62,4.09,nan,5,Left,Left,540,46,107,0,nan,nan,0.48
4/28/2026 11:23:34,1.17.3,FR5,62,4.09,2,5,Pellet,Left,540,46,108,0,0.06,27,nan
4/28/2026 11:23:46,1.17.3,FR5,62,4.09,nan,5,Left,Left,541,46,108,0,nan,nan,0.47
4/28/2026 11:23:47,1.17.3,FR5,62,4.09,nan,5,Left,Left,542,46,108,0,nan,nan,0.12
4/28/2026 11:23:52,1.17.3,FR5,62,4.09,nan,5,Left,Left,543,46,108,0,nan,nan,0.14
4/28/2026 11:23:55,1.17.3,FR5,62,4.09,nan,5,Left,Left,544,46,108,0,nan,nan,0.06
4/28/2026 11:23:55,1.17.3,FR5,62,4.09,nan,5,Left,Left,545,46,108,0,nan,nan,0.12
4/28/2026 11:23:56,1.17.3,FR5,62,4.09,2,5,Pellet,Left,545,46,109,0,0.06,23,nan
4/28/2026 11:24:20,1.17.3,FR5,62,4.09,nan,5,Left,Left,546,46,109,0,nan,nan,0.72
4/28/2026 11:24:21,1.17.3,FR5,62,4.09,nan,5,Left,Left,547,46,109,0,nan,nan,0.02
4/28/2026 11:24:23,1.17.3,FR5,62,4.09,nan,5,Left,Left,548,46,109,0,nan,nan,0.74
4/28/2026 11:24:24,1.17.3,FR5,62,4.09,nan,5,Left,Left,549,46,109,0,nan,nan,0.10
4/28/2026 11:24:25,1.17.3,FR5,62,4.09,nan,5,Left,Left,550,46,109,0,nan,nan,0.29
4/28/2026 11:24:26,1.17.3,FR5,62,4.08,1,5,Pellet,Left,550,46,110,0,0.06,30,nan
4/28/2026 11:24:37,1.17.3,FR5,62,4.09,nan,5,Left,Left,551,46,110,0,nan,nan,0.29
4/28/2026 11:24:38,1.17.3,FR5,62,4.09,nan,5,Left,Left,552,46,110,0,nan,nan,0.00
4/28/2026 11:24:40,1.17.3,FR5,62,4.09,nan,5,Left,Left,553,46,110,0,nan,nan,0.95
4/28/2026 11:24:41,1.17.3,FR5,62,4.09,nan,5,Left,Left,554,46,110,0,nan,nan,0.01
4/28/2026 11:24:42,1.17.3,FR5,62,4.09,nan,5,Left,Left,555,46,110,0,nan,nan,0.00
4/28/2026 11:24:43,1.17.3,FR5,62,4.09,1,5,Pellet,Left,555,46,111,0,0.17,17,nan
4/28/2026 11:25:20,1.17.3,FR5,62,4.09,nan,5,Right,Left,555,47,111,0,nan,nan,0.46
4/28/2026 12:19:33,1.17.3,FR5,62,4.09,nan,5,Left,Left,556,47,111,0,nan,nan,0.02
4/28/2026 12:19:34,1.17.3,FR5,62,4.09,nan,5,Left,Left,557,47,111,0,nan,nan,0.20
4/28/2026 12:19:36,1.17.3,FR5,62,4.09,nan,5,Left,Left,558,47,111,0,nan,nan,0.08
4/28/2026 12:19:38,1.17.3,FR5,62,4.09,nan,5,Left,Left,559,47,111,0,nan,nan,0.05
4/28/2026 12:19:43,1.17.3,FR5,62,4.09,nan,5,Left,Left,560,47,111,0,nan,nan,0.05
4/28/2026 12:19:43,1.17.3,FR5,62,4.09,nan,5,LeftDuringDispense,Left,561,47,111,0,nan,nan,0.02
4/28/2026 12:19:49,1.17.3,FR5,62,4.09,3,5,Pellet,Left,561,47,112,0,2.93,3306,nan
4/28/2026 12:22:40,1.17.3,FR5,62,4.09,nan,5,Left,Left,562,47,112,0,nan,nan,0.76
4/28/2026 12:22:41,1.17.3,FR5,62,4.09,nan,5,Left,Left,563,47,112,0,nan,nan,0.43
4/28/2026 12:22:43,1.17.3,FR5,62,4.08,nan,5,Left,Left,564,47,112,0,nan,nan,0.78
4/28/2026 12:22:44,1.17.3,FR5,62,4.09,nan,5,Left,Left,565,47,112,0,nan,nan,0.20
4/28/2026 12:22:45,1.17.3,FR5,62,4.09,1,5,Pellet,Left,565,47,113,0,0.29,176,nan
4/28/2026 14:02:43,1.17.3,FR5,62,4.08,nan,5,Right,Left,565,48,113,0,nan,nan,1.08
4/28/2026 14:02:44,1.17.3,FR5,62,4.09,nan,5,Right,Left,565,49,113,0,nan,nan,0.38
4/28/2026 14:38:28,1.17.3,FR5,62,4.09,nan,5,Left,Left,566,49,113,0,nan,nan,0.05
4/28/2026 14:38:30,1.17.3,FR5,62,4.09,nan,5,Left,Left,567,49,113,0,nan,nan,0.25
4/28/2026 14:38:32,1.17.3,FR5,62,4.08,nan,5,Left,Left,568,49,113,0,nan,nan,0.15
4/28/2026 14:38:35,1.17.3,FR5,62,4.08,nan,5,Left,Left,569,49,113,0,nan,nan,0.17
4/28/2026 14:38:49,1.17.3,FR5,62,4.07,nan,5,Left,Left,570,49,113,0,nan,nan,0.28
4/28/2026 14:38:52,1.17.3,FR5,62,4.08,2,5,Pellet,Left,570,49,114,0,0.71,8167,nan
4/28/2026 14:40:38,1.17.3,FR5,62,4.08,nan,5,Left,Left,571,49,114,0,nan,nan,0.23
4/28/2026 14:40:39,1.17.3,FR5,62,4.08,nan,5,Left,Left,572,49,114,0,nan,nan,0.02
4/28/2026 14:40:42,1.17.3,FR5,62,4.08,nan,5,Left,Left,573,49,114,0,nan,nan,0.11
4/28/2026 14:40:43,1.17.3,FR5,62,4.08,nan,5,Left,Left,574,49,114,0,nan,nan,0.11
4/28/2026 14:40:45,1.17.3,FR5,62,4.08,nan,5,Left,Left,575,49,114,0,nan,nan,0.09
4/28/2026 14:40:45,1.17.3,FR5,62,4.08,nan,5,LeftDuringDispense,Left,576,49,114,0,nan,nan,0.09
4/28/2026 14:40:49,1.17.3,FR5,62,4.08,2,5,Pellet,Left,576,49,115,0,0.77,117,nan
4/28/2026 14:41:51,1.17.3,FR5,62,4.09,nan,5,Left,Left,577,49,115,0,nan,nan,0.24
4/28/2026 14:41:52,1.17.3,FR5,62,4.08,nan,5,Left,Left,578,49,115,0,nan,nan,0.01
4/28/2026 14:41:54,1.17.3,FR5,62,4.08,nan,5,Left,Left,579,49,115,0,nan,nan,0.59
4/28/2026 14:41:55,1.17.3,FR5,62,4.08,nan,5,Left,Left,580,49,115,0,nan,nan,0.45
4/28/2026 14:41:56,1.17.3,FR5,62,4.08,1,5,Pellet,Left,580,49,116,0,0.41,67,nan
4/28/2026 14:42:29,1.17.3,FR5,62,4.08,nan,5,Left,Left,581,49,116,0,nan,nan,0.17
4/28/2026 14:42:30,1.17.3,FR5,62,4.08,nan,5,Left,Left,582,49,116,0,nan,nan,0.31
4/28/2026 14:42:31,1.17.3,FR5,62,4.09,nan,5,Left,Left,583,49,116,0,nan,nan,0.32
4/28/2026 14:42:34,1.17.3,FR5,62,4.08,nan,5,Left,Left,584,49,116,0,nan,nan,0.22
4/28/2026 14:42:38,1.17.3,FR5,62,4.09,nan,5,Left,Left,585,49,116,0,nan,nan,0.79
4/28/2026 14:42:39,1.17.3,FR5,62,4.08,1,5,Pellet,Left,585,49,117,0,0.53,43,nan
4/28/2026 14:43:12,1.17.3,FR5,62,4.08,nan,5,Left,Left,586,49,117,0,nan,nan,0.05
4/28/2026 14:43:14,1.17.3,FR5,62,4.08,nan,5,Left,Left,587,49,117,0,nan,nan,0.35
4/28/2026 14:43:15,1.17.3,FR5,62,4.08,nan,5,Left,Left,588,49,117,0,nan,nan,0.00
4/28/2026 14:43:16,1.17.3,FR5,62,4.09,nan,5,Left,Left,589,49,117,0,nan,nan,0.19
4/28/2026 14:43:17,1.17.3,FR5,62,4.08,nan,5,Left,Left,590,49,117,0,nan,nan,0.37
4/28/2026 14:43:18,1.17.3,FR5,62,4.08,1,5,Pellet,Left,590,49,118,0,0.47,39,nan
4/28/2026 14:44:55,1.17.3,FR5,62,4.08,nan,5,Right,Left,590,50,118,0,nan,nan,0.03
4/28/2026 15:39:45,1.17.3,FR5,62,4.08,nan,5,Left,Left,591,50,118,0,nan,nan,0.35
4/28/2026 15:39:46,1.17.3,FR5,62,4.08,nan,5,Left,Left,592,50,118,0,nan,nan,0.35
4/28/2026 15:39:47,1.17.3,FR5,62,4.08,nan,5,Left,Left,593,50,118,0,nan,nan,0.06
4/28/2026 15:39:48,1.17.3,FR5,62,4.07,nan,5,Left,Left,594,50,118,0,nan,nan,0.00
4/28/2026 15:39:51,1.17.3,FR5,62,4.08,nan,5,Left,Left,595,50,118,0,nan,nan,0.06
4/28/2026 15:39:52,1.17.3,FR5,62,4.07,nan,5,LeftDuringDispense,Left,596,50,118,0,nan,nan,0.03
4/28/2026 15:39:55,1.17.3,FR5,62,4.07,2,5,Pellet,Left,596,50,119,0,0.35,3397,nan
4/28/2026 15:40:31,1.17.3,FR5,62,4.08,nan,5,Left,Left,597,50,119,0,nan,nan,0.15
4/28/2026 15:40:32,1.17.3,FR5,62,4.08,nan,5,Left,Left,598,50,119,0,nan,nan,0.40
4/28/2026 15:40:33,1.17.3,FR5,62,4.08,nan,5,Left,Left,599,50,119,0,nan,nan,0.42
4/28/2026 15:40:34,1.17.3,FR5,62,4.08,nan,5,Left,Left,600,50,119,0,nan,nan,0.08
4/28/2026 15:40:35,1.17.3,FR5,62,4.08,nan,5,LeftDuringDispense,Left,601,50,119,0,nan,nan,0.02
4/28/2026 15:40:38,1.17.3,FR5,62,4.08,2,5,Pellet,Left,601,50,120,0,0.35,43,nan
4/28/2026 15:40:50,1.17.3,FR5,62,4.07,nan,5,Left,Left,602,50,120,0,nan,nan,0.08
4/28/2026 15:40:51,1.17.3,FR5,62,4.07,nan,5,Left,Left,603,50,120,0,nan,nan,0.18
4/28/2026 15:40:53,1.17.3,FR5,62,4.07,nan,5,Left,Left,604,50,120,0,nan,nan,0.13
4/28/2026 15:40:56,1.17.3,FR5,62,4.08,nan,5,Left,Left,605,50,120,0,nan,nan,0.44
4/28/2026 15:40:59,1.17.3,FR5,62,4.08,2,5,Pellet,Left,605,50,121,0,0.35,21,nan
4/28/2026 15:41:21,1.17.3,FR5,62,4.07,nan,5,Left,Left,606,50,121,0,nan,nan,0.05
4/28/2026 15:41:24,1.17.3,FR5,62,4.08,nan,5,Left,Left,607,50,121,0,nan,nan,0.23
4/28/2026 15:41:27,1.17.3,FR5,62,4.08,nan,5,Left,Left,608,50,121,0,nan,nan,0.48
4/28/2026 15:41:29,1.17.3,FR5,62,4.08,nan,5,Left,Left,609,50,121,0,nan,nan,0.15
4/28/2026 15:41:37,1.17.3,FR5,62,4.08,nan,5,Left,Left,610,50,121,0,nan,nan,0.05
4/28/2026 15:41:37,1.17.3,FR5,62,4.07,nan,5,LeftDuringDispense,Left,611,50,121,0,nan,nan,0.00
4/28/2026 15:41:39,1.17.3,FR5,62,4.08,1,5,Pellet,Left,611,50,122,0,0.89,39,nan
4/28/2026 15:42:06,1.17.3,FR5,62,4.07,nan,5,Right,Left,611,51,122,0,nan,nan,0.05
4/28/2026 15:42:07,1.17.3,FR5,62,4.08,nan,5,Right,Left,611,52,122,0,nan,nan,0.04
4/28/2026 15:42:25,1.17.3,FR5,62,4.08,nan,5,Left,Left,612,52,122,0,nan,nan,0.00
4/28/2026 16:51:06,1.17.3,FR5,62,4.07,nan,5,Left,Left,613,52,122,0,nan,nan,0.29
4/28/2026 16:51:08,1.17.3,FR5,62,4.07,nan,5,Left,Left,614,52,122,0,nan,nan,0.35
4/28/2026 16:51:10,1.17.3,FR5,62,4.07,nan,5,Left,Left,615,52,122,0,nan,nan,0.02
4/28/2026 16:51:11,1.17.3,FR5,62,4.07,2,5,Pellet,Left,615,52,123,0,0.17,4173,nan
4/28/2026 16:52:58,1.17.3,FR5,62,4.07,nan,5,Left,Left,616,52,123,0,nan,nan,0.08
4/28/2026 16:53:00,1.17.3,FR5,62,4.07,nan,5,Left,Left,617,52,123,0,nan,nan,0.11
4/28/2026 16:53:00,1.17.3,FR5,62,4.07,nan,5,Left,Left,618,52,123,0,nan,nan,0.00
4/28/2026 16:53:01,1.17.3,FR5,62,4.07,nan,5,Left,Left,619,52,123,0,nan,nan,0.26
4/28/2026 16:53:04,1.17.3,FR5,62,4.07,nan,5,Left,Left,620,52,123,0,nan,nan,0.24
4/28/2026 16:53:05,1.17.3,FR5,62,4.08,1,5,Pellet,Left,620,52,124,0,0.35,114,nan
4/28/2026 16:54:41,1.17.3,FR5,62,4.08,nan,5,Left,Left,621,52,124,0,nan,nan,0.02
4/28/2026 16:54:43,1.17.3,FR5,62,4.07,nan,5,Left,Left,622,52,124,0,nan,nan,0.11
4/28/2026 16:54:44,1.17.3,FR5,62,4.07,nan,5,Left,Left,623,52,124,0,nan,nan,0.82
4/28/2026 16:54:45,1.17.3,FR5,62,4.07,nan,5,Left,Left,624,52,124,0,nan,nan,0.32
4/28/2026 16:54:46,1.17.3,FR5,62,4.07,nan,5,Left,Left,625,52,124,0,nan,nan,0.11
4/28/2026 16:54:49,1.17.3,FR5,62,4.07,1,5,Pellet,Left,625,52,125,0,1.49,104,nan
4/28/2026 16:55:18,1.17.3,FR5,62,4.07,nan,5,Left,Left,626,52,125,0,nan,nan,0.52
4/28/2026 16:55:19,1.17.3,FR5,62,4.07,nan,5,Left,Left,627,52,125,0,nan,nan,0.30
4/28/2026 16:55:22,1.17.3,FR5,62,4.07,nan,5,Left,Left,628,52,125,0,nan,nan,0.14
4/28/2026 16:55:24,1.17.3,FR5,62,4.07,nan,5,Left,Left,629,52,125,0,nan,nan,0.02
4/28/2026 16:55:25,1.17.3,FR5,62,4.08,nan,5,Left,Left,630,52,125,0,nan,nan,0.27
4/28/2026 16:55:26,1.17.3,FR5,62,4.07,2,5,Pellet,Left,630,52,126,0,0.11,37,nan
4/28/2026 16:56:16,1.17.3,FR5,62,4.07,nan,5,Left,Left,631,52,126,0,nan,nan,0.23
4/28/2026 16:56:19,1.17.3,FR5,62,4.07,nan,5,Left,Left,632,52,126,0,nan,nan,0.01
4/28/2026 16:56:21,1.17.3,FR5,62,4.07,nan,5,Left,Left,633,52,126,0,nan,nan,0.10
4/28/2026 16:56:22,1.17.3,FR5,62,4.07,nan,5,Left,Left,634,52,126,0,nan,nan,0.00
4/28/2026 16:56:23,1.17.3,FR5,62,4.07,nan,5,Left,Left,635,52,126,0,nan,nan,0.32
4/28/2026 16:56:24,1.17.3,FR5,62,4.07,1,5,Pellet,Left,635,52,127,0,0.35,58,nan
4/28/2026 16:56:44,1.17.3,FR5,62,4.07,nan,5,Left,Left,636,52,127,0,nan,nan,0.02
4/28/2026 16:56:46,1.17.3,FR5,62,4.07,nan,5,Left,Left,637,52,127,0,nan,nan,0.05
4/28/2026 16:56:50,1.17.3,FR5,62,4.07,nan,5,Left,Left,638,52,127,0,nan,nan,0.12
4/28/2026 16:56:55,1.17.3,FR5,62,4.07,nan,5,Left,Left,639,52,127,0,nan,nan,0.63
4/28/2026 16:56:56,1.17.3,FR5,62,4.07,nan,5,Left,Left,640,52,127,0,nan,nan,0.90
4/28/2026 16:57:00,1.17.3,FR5,62,4.07,3,5,Pellet,Left,640,52,128,0,0.41,36,nan
4/28/2026 16:57:31,1.17.3,FR5,62,4.07,nan,5,Left,Left,641,52,128,0,nan,nan,0.40
4/28/2026 16:57:33,1.17.3,FR5,62,4.07,nan,5,Left,Left,642,52,128,0,nan,nan,0.56
4/28/2026 16:57:34,1.17.3,FR5,62,4.08,nan,5,Left,Left,643,52,128,0,nan,nan,0.02
4/28/2026 16:57:34,1.17.3,FR5,62,4.07,nan,5,Left,Left,644,52,128,0,nan,nan,0.01
4/28/2026 16:57:36,1.17.3,FR5,62,4.07,nan,5,Left,Left,645,52,128,0,nan,nan,0.01
4/28/2026 16:57:37,1.17.3,FR5,62,4.07,1,5,Pellet,Left,645,52,129,0,0.65,37,nan
4/28/2026 16:58:15,1.17.3,FR5,62,4.07,nan,5,Left,Left,646,52,129,0,nan,nan,0.05
4/28/2026 16:58:17,1.17.3,FR5,62,4.07,nan,5,Left,Left,647,52,129,0,nan,nan,0.29
4/28/2026 16:58:19,1.17.3,FR5,62,4.08,nan,5,Left,Left,648,52,129,0,nan,nan,0.62
4/28/2026 16:58:21,1.17.3,FR5,62,4.07,nan,5,Left,Left,649,52,129,0,nan,nan,0.00
4/28/2026 16:58:22,1.17.3,FR5,62,4.07,nan,5,Left,Left,650,52,129,0,nan,nan,0.02
4/28/2026 16:58:24,1.17.3,FR5,62,4.07,1,5,Pellet,Left,650,52,130,0,0.95,47,nan
4/28/2026 16:58:43,1.17.3,FR5,62,4.07,nan,5,Left,Left,651,52,130,0,nan,nan,0.04
4/28/2026 16:58:44,1.17.3,FR5,62,4.07,nan,5,Left,Left,652,52,130,0,nan,nan,0.05
4/28/2026 16:58:45,1.17.3,FR5,62,4.08,nan,5,Left,Left,653,52,130,0,nan,nan,0.05
4/28/2026 16:58:47,1.17.3,FR5,62,4.08,nan,5,Left,Left,654,52,130,0,nan,nan,0.31
4/28/2026 16:58:48,1.17.3,FR5,62,4.08,nan,5,Left,Left,655,52,130,0,nan,nan,0.04
4/28/2026 16:58:49,1.17.3,FR5,62,4.07,2,5,Pellet,Left,655,52,131,0,0.47,25,nan
4/28/2026 16:59:32,1.17.3,FR5,62,4.07,nan,5,Left,Left,656,52,131,0,nan,nan,0.04
4/28/2026 16:59:34,1.17.3,FR5,62,4.07,nan,5,Left,Left,657,52,131,0,nan,nan,0.43
4/28/2026 16:59:35,1.17.3,FR5,62,4.08,nan,5,Left,Left,658,52,131,0,nan,nan,0.20
4/28/2026 16:59:37,1.17.3,FR5,62,4.08,nan,5,Left,Left,659,52,131,0,nan,nan,0.21
4/28/2026 16:59:38,1.17.3,FR5,62,4.07,nan,5,Left,Left,660,52,131,0,nan,nan,0.03
4/28/2026 16:59:39,1.17.3,FR5,62,4.07,nan,5,LeftDuringDispense,Left,661,52,131,0,nan,nan,0.14
4/28/2026 16:59:42,1.17.3,FR5,62,4.07,2,5,Pellet,Left,661,52,132,0,0.47,53,nan
4/28/2026 17:00:12,1.17.3,FR5,62,4.07,nan,5,Left,Left,662,52,132,0,nan,nan,0.05
4/28/2026 17:00:14,1.17.3,FR5,62,4.07,nan,5,Left,Left,663,52,132,0,nan,nan,0.05
4/28/2026 17:00:19,1.17.3,FR5,62,4.07,nan,5,Left,Left,664,52,132,0,nan,nan,0.05
4/28/2026 17:00:20,1.17.3,FR5,62,4.08,nan,5,Left,Left,665,52,132,0,nan,nan,0.34
4/28/2026 17:00:21,1.17.3,FR5,62,4.08,2,5,Pellet,Left,665,52,133,0,0.23,39,nan
4/28/2026 18:14:11,1.17.3,FR5,62,4.07,nan,5,Right,Left,665,53,133,0,nan,nan,0.06
4/28/2026 18:18:12,1.17.3,FR5,62,4.07,nan,5,Left,Left,666,53,133,0,nan,nan,0.26
4/28/2026 18:18:13,1.17.3,FR5,62,4.07,nan,5,Left,Left,667,53,133,0,nan,nan,0.00
4/28/2026 18:18:15,1.17.3,FR5,62,4.07,nan,5,Left,Left,668,53,133,0,nan,nan,0.45
4/28/2026 18:18:15,1.17.3,FR5,62,4.07,nan,5,Left,Left,669,53,133,0,nan,nan,0.28
4/28/2026 18:18:26,1.17.3,FR5,62,4.07,nan,5,Left,Left,670,53,133,0,nan,nan,0.42
4/28/2026 18:18:27,1.17.3,FR5,62,4.07,1,5,Pellet,Left,670,53,134,0,0.71,4686,nan
4/28/2026 18:18:45,1.17.3,FR5,62,4.07,nan,5,Left,Left,671,53,134,0,nan,nan,0.05
4/28/2026 18:18:47,1.17.3,FR5,62,4.07,nan,5,Left,Left,672,53,134,0,nan,nan,0.05
4/28/2026 18:18:48,1.17.3,FR5,62,4.07,nan,5,Left,Left,673,53,134,0,nan,nan,0.03
4/28/2026 18:18:49,1.17.3,FR5,62,4.07,nan,5,Left,Left,674,53,134,0,nan,nan,0.09
4/28/2026 18:18:58,1.17.3,FR5,62,4.07,nan,5,Left,Left,675,53,134,0,nan,nan,0.07
4/28/2026 18:19:02,1.17.3,FR5,62,4.07,2,5,Pellet,Left,675,53,135,0,0.35,35,nan
4/28/2026 18:19:35,1.17.3,FR5,62,4.07,nan,5,Left,Left,676,53,135,0,nan,nan,0.27
4/28/2026 18:19:38,1.17.3,FR5,62,4.07,nan,5,Left,Left,677,53,135,0,nan,nan,0.19
4/28/2026 18:19:39,1.17.3,FR5,62,4.07,nan,5,Left,Left,678,53,135,0,nan,nan,0.01
4/28/2026 18:19:41,1.17.3,FR5,62,4.07,nan,5,Left,Left,679,53,135,0,nan,nan,0.39
4/28/2026 18:19:43,1.17.3,FR5,62,4.07,nan,5,Left,Left,680,53,135,0,nan,nan,0.36
4/28/2026 18:19:43,1.17.3,FR5,62,4.07,nan,5,LeftDuringDispense,Left,681,53,135,0,nan,nan,0.04
4/28/2026 18:19:47,1.17.3,FR5,62,4.07,3,5,Pellet,Left,681,53,136,0,0.11,45,nan
4/28/2026 18:20:07,1.17.3,FR5,62,4.07,nan,5,Left,Left,682,53,136,0,nan,nan,0.05
4/28/2026 18:20:08,1.17.3,FR5,62,4.07,nan,5,Left,Left,683,53,136,0,nan,nan,0.13
4/28/2026 18:20:10,1.17.3,FR5,62,4.07,nan,5,Left,Left,684,53,136,0,nan,nan,0.19
4/28/2026 18:20:12,1.17.3,FR5,62,4.07,nan,5,Left,Left,685,53,136,0,nan,nan,0.83
4/28/2026 18:20:12,1.17.3,FR5,62,4.07,nan,5,LeftDuringDispense,Left,686,53,136,0,nan,nan,0.02
4/28/2026 18:20:15,1.17.3,FR5,62,4.07,2,5,Pellet,Left,686,53,137,0,0.17,28,nan
4/28/2026 18:20:37,1.17.3,FR5,62,4.07,nan,5,Left,Left,687,53,137,0,nan,nan,0.23
4/28/2026 18:20:38,1.17.3,FR5,62,4.07,nan,5,Left,Left,688,53,137,0,nan,nan,0.43
4/28/2026 18:20:39,1.17.3,FR5,62,4.07,nan,5,Left,Left,689,53,137,0,nan,nan,0.02
4/28/2026 18:20:43,1.17.3,FR5,62,4.07,nan,5,Left,Left,690,53,137,0,nan,nan,0.99
4/28/2026 18:20:44,1.17.3,FR5,62,4.07,1,5,Pellet,Left,690,53,138,0,0.83,29,nan
4/28/2026 18:21:06,1.17.3,FR5,62,4.07,nan,5,Left,Left,691,53,138,0,nan,nan,0.04
4/28/2026 18:21:07,1.17.3,FR5,62,4.07,nan,5,Left,Left,692,53,138,0,nan,nan,0.12
4/28/2026 18:21:09,1.17.3,FR5,62,4.07,nan,5,Left,Left,693,53,138,0,nan,nan,0.20
4/28/2026 18:21:10,1.17.3,FR5,62,4.07,nan,5,Left,Left,694,53,138,0,nan,nan,0.18
4/28/2026 18:21:11,1.17.3,FR5,62,4.07,nan,5,Left,Left,695,53,138,0,nan,nan,0.31
4/28/2026 18:21:12,1.17.3,FR5,62,4.07,1,5,Pellet,Left,695,53,139,0,0.23,28,nan
4/28/2026 18:21:49,1.17.3,FR5,62,4.07,nan,5,Left,Left,696,53,139,0,nan,nan,0.69
4/28/2026 18:21:50,1.17.3,FR5,62,4.07,nan,5,Left,Left,697,53,139,0,nan,nan,0.03
4/28/2026 18:21:51,1.17.3,FR5,62,4.07,nan,5,Left,Left,698,53,139,0,nan,nan,0.34
4/28/2026 18:21:52,1.17.3,FR5,62,4.07,nan,5,Left,Left,699,53,139,0,nan,nan,0.33
4/28/2026 18:21:54,1.17.3,FR5,62,4.07,nan,5,Left,Left,700,53,139,0,nan,nan,0.33
4/28/2026 18:21:55,1.17.3,FR5,62,4.07,1,5,Pellet,Left,700,53,140,0,0.35,43,nan
4/28/2026 18:22:16,1.17.3,FR5,62,4.07,nan,5,Left,Left,701,53,140,0,nan,nan,0.03
4/28/2026 18:22:19,1.17.3,FR5,62,4.07,nan,5,Left,Left,702,53,140,0,nan,nan,0.14
4/28/2026 18:22:20,1.17.3,FR5,62,4.07,nan,5,Left,Left,703,53,140,0,nan,nan,0.10
4/28/2026 18:22:21,1.17.3,FR5,62,4.07,nan,5,Left,Left,704,53,140,0,nan,nan,0.40
4/28/2026 18:22:25,1.17.3,FR5,62,4.07,nan,5,Left,Left,705,53,140,0,nan,nan,0.62
4/28/2026 18:22:26,1.17.3,FR5,62,4.07,1,5,Pellet,Left,705,53,141,0,0.41,31,nan
4/28/2026 18:24:48,1.17.3,FR5,62,4.07,nan,5,Left,Left,706,53,141,0,nan,nan,0.20
4/28/2026 18:24:50,1.17.3,FR5,62,4.07,nan,5,Left,Left,707,53,141,0,nan,nan,0.16
4/28/2026 18:28:46,1.17.3,FR5,62,4.07,nan,5,Right,Left,707,54,141,0,nan,nan,0.01
4/28/2026 19:02:42,1.17.3,FR5,62,4.07,nan,5,Left,Left,708,54,141,0,nan,nan,0.02
4/28/2026 19:02:44,1.17.3,FR5,62,4.07,nan,5,Left,Left,709,54,141,0,nan,nan,0.01
4/28/2026 19:02:54,1.17.3,FR5,62,4.07,nan,5,Left,Left,710,54,141,0,nan,nan,0.07
4/28/2026 19:02:54,1.17.3,FR5,62,4.07,nan,5,LeftDuringDispense,Left,711,54,141,0,nan,nan,0.03
4/28/2026 19:02:59,1.17.3,FR5,62,4.07,3,5,Pellet,Left,711,54,142,0,0.06,2433,nan
4/28/2026 19:05:58,1.17.3,FR5,62,4.07,nan,5,Left,Left,712,54,142,0,nan,nan,0.16
4/28/2026 19:06:00,1.17.3,FR5,62,4.07,nan,5,Left,Left,713,54,142,0,nan,nan,0.39
4/28/2026 19:06:02,1.17.3,FR5,62,4.07,nan,5,Left,Left,714,54,142,0,nan,nan,0.12
4/28/2026 19:06:04,1.17.3,FR5,62,4.07,nan,5,Left,Left,715,54,142,0,nan,nan,0.16
4/28/2026 19:06:05,1.17.3,FR5,62,4.07,1,5,Pellet,Left,715,54,143,0,0.17,186,nan
4/28/2026 19:06:17,1.17.3,FR5,62,4.07,nan,5,Right,Left,715,55,143,0,nan,nan,0.43
4/28/2026 19:06:23,1.17.3,FR5,62,4.07,nan,5,Left,Left,716,55,143,0,nan,nan,0.70
4/28/2026 19:06:27,1.17.3,FR5,62,4.07,nan,5,Left,Left,717,55,143,0,nan,nan,0.56
4/28/2026 19:06:28,1.17.3,FR5,62,4.07,nan,5,Left,Left,718,55,143,0,nan,nan,0.37
4/28/2026 19:06:30,1.17.3,FR5,62,4.07,nan,5,Left,Left,719,55,143,0,nan,nan,0.71
4/28/2026 19:06:32,1.17.3,FR5,62,4.07,nan,5,Left,Left,720,55,143,0,nan,nan,0.19
4/28/2026 19:06:33,1.17.3,FR5,62,4.07,1,5,Pellet,Left,720,55,144,0,0.12,28,nan
4/28/2026 19:06:58,1.17.3,FR5,62,4.07,nan,5,Left,Left,721,55,144,0,nan,nan,0.05
4/28/2026 19:07:00,1.17.3,FR5,62,4.07,nan,5,Left,Left,722,55,144,0,nan,nan,0.11
4/28/2026 19:07:01,1.17.3,FR5,62,4.07,nan,5,Left,Left,723,55,144,0,nan,nan,0.06
4/28/2026 19:07:02,1.17.3,FR5,62,4.07,nan,5,Left,Left,724,55,144,0,nan,nan,0.18
4/28/2026 19:07:03,1.17.3,FR5,62,4.07,nan,5,Left,Left,725,55,144,0,nan,nan,0.37
4/28/2026 19:07:04,1.17.3,FR5,62,4.07,1,5,Pellet,Left,725,55,145,0,0.23,31,nan
4/28/2026 19:07:16,1.17.3,FR5,62,4.07,nan,5,Left,Left,726,55,145,0,nan,nan,0.71
4/28/2026 19:07:17,1.17.3,FR5,62,4.07,nan,5,Left,Left,727,55,145,0,nan,nan,0.24
4/28/2026 19:07:20,1.17.3,FR5,62,4.07,nan,5,Left,Left,728,55,145,0,nan,nan,0.47
4/28/2026 19:07:21,1.17.3,FR5,62,4.07,nan,5,Left,Left,729,55,145,0,nan,nan,0.14
4/28/2026 19:07:23,1.17.3,FR5,62,4.07,nan,5,Left,Left,730,55,145,0,nan,nan,0.38
4/28/2026 19:07:24,1.17.3,FR5,62,4.07,nan,5,LeftDuringDispense,Left,731,55,145,0,nan,nan,0.11
4/28/2026 19:07:26,1.17.3,FR5,62,4.07,nan,5,LeftDuringDispense,Left,732,55,145,0,nan,nan,0.13
4/28/2026 19:07:27,1.17.3,FR5,62,4.07,nan,5,LeftDuringDispense,Left,733,55,145,0,nan,nan,0.07
4/28/2026 19:07:30,1.17.3,FR5,62,4.07,3,5,Pellet,Left,733,55,146,0,0.41,26,nan
4/28/2026 19:08:05,1.17.3,FR5,62,4.07,nan,5,Left,Left,734,55,146,0,nan,nan,0.16
4/28/2026 19:09:23,1.17.3,FR5,62,4.07,nan,5,Left,Left,735,55,146,0,nan,nan,0.26
4/28/2026 19:09:24,1.17.3,FR5,62,4.07,1,5,Pellet,Left,735,55,147,0,0.23,114,nan
4/28/2026 19:11:24,1.17.3,FR5,62,4.06,nan,5,Left,Left,736,55,147,0,nan,nan,0.27
4/28/2026 19:11:26,1.17.3,FR5,62,4.07,nan,5,Left,Left,737,55,147,0,nan,nan,0.35
4/28/2026 19:11:27,1.17.3,FR5,62,4.07,nan,5,Left,Left,738,55,147,0,nan,nan,0.33
4/28/2026 19:11:29,1.17.3,FR5,62,4.07,nan,5,Left,Left,739,55,147,0,nan,nan,0.26
4/28/2026 19:11:30,1.17.3,FR5,62,4.07,nan,5,Left,Left,740,55,147,0,nan,nan,0.28
4/28/2026 19:11:31,1.17.3,FR5,62,4.07,nan,5,LeftDuringDispense,Left,741,55,147,0,nan,nan,0.12
4/28/2026 19:11:33,1.17.3,FR5,62,4.06,2,5,Pellet,Left,741,55,148,0,0.06,129,nan
4/28/2026 19:11:42,1.17.3,FR5,62,4.07,nan,5,Left,Left,742,55,148,0,nan,nan,0.19
4/28/2026 19:11:43,1.17.3,FR5,62,4.07,nan,5,Left,Left,743,55,148,0,nan,nan,0.15
4/28/2026 19:11:45,1.17.3,FR5,62,4.07,nan,5,Left,Left,744,55,148,0,nan,nan,0.63
4/28/2026 19:11:47,1.17.3,FR5,62,4.07,nan,5,Left,Left,745,55,148,0,nan,nan,0.58
4/28/2026 19:11:49,1.17.3,FR5,62,4.07,2,5,Pellet,Left,745,55,149,0,0.06,15,nan
4/28/2026 19:11:54,1.17.3,FR5,62,4.07,nan,5,Left,Left,746,55,149,0,nan,nan,0.02
4/28/2026 19:11:56,1.17.3,FR5,62,4.07,nan,5,Left,Left,747,55,149,0,nan,nan,0.51
4/28/2026 19:11:57,1.17.3,FR5,62,4.07,nan,5,Left,Left,748,55,149,0,nan,nan,0.10
4/28/2026 19:11:59,1.17.3,FR5,62,4.07,nan,5,Left,Left,749,55,149,0,nan,nan,0.00
4/28/2026 19:11:59,1.17.3,FR5,62,4.07,nan,5,Left,Left,750,55,149,0,nan,nan,0.16
4/28/2026 19:12:00,1.17.3,FR5,62,4.07,1,5,Pellet,Left,750,55,150,0,0.23,12,nan
4/28/2026 19:12:12,1.17.3,FR5,62,4.07,nan,5,Right,Left,750,56,150,0,nan,nan,0.00
4/28/2026 19:12:14,1.17.3,FR5,62,4.07,nan,5,Right,Left,750,57,150,0,nan,nan,0.31
4/28/2026 19:13:43,1.17.3,FR5,62,4.07,nan,5,Left,Left,751,57,150,0,nan,nan,1.48
4/28/2026 19:13:47,1.17.3,FR5,62,4.07,nan,5,Left,Left,752,57,150,0,nan,nan,0.37
4/28/2026 19:13:48,1.17.3,FR5,62,4.07,nan,5,Left,Left,753,57,150,0,nan,nan,0.00
4/28/2026 19:13:50,1.17.3,FR5,62,4.07,nan,5,Left,Left,754,57,150,0,nan,nan,0.51
4/28/2026 19:13:53,1.17.3,FR5,62,4.07,nan,5,Left,Left,755,57,150,0,nan,nan,0.36
4/28/2026 19:13:54,1.17.3,FR5,62,4.07,1,5,Pellet,Left,755,57,151,0,0.47,114,nan
4/28/2026 19:15:41,1.17.3,FR5,62,4.07,nan,5,Left,Left,756,57,151,0,nan,nan,0.62
4/28/2026 19:15:43,1.17.3,FR5,62,4.07,nan,5,Left,Left,757,57,151,0,nan,nan,0.09
4/28/2026 19:15:44,1.17.3,FR5,62,4.07,nan,5,Left,Left,758,57,151,0,nan,nan,0.24
4/28/2026 19:15:45,1.17.3,FR5,62,4.07,nan,5,Left,Left,759,57,151,0,nan,nan,0.04
4/28/2026 19:17:15,1.17.3,FR5,62,4.07,nan,5,Left,Left,760,57,151,0,nan,nan,0.30
4/28/2026 19:17:16,1.17.3,FR5,62,4.07,1,5,Pellet,Left,760,57,152,0,0.06,202,nan
4/28/2026 19:17:55,1.17.3,FR5,62,4.07,nan,5,Left,Left,761,57,152,0,nan,nan,0.61
4/28/2026 19:17:56,1.17.3,FR5,62,4.07,nan,5,Left,Left,762,57,152,0,nan,nan,0.41
4/28/2026 19:17:57,1.17.3,FR5,62,4.07,nan,5,Left,Left,763,57,152,0,nan,nan,0.00
4/28/2026 19:17:58,1.17.3,FR5,62,4.07,nan,5,Left,Left,764,57,152,0,nan,nan,0.00
4/28/2026 19:17:59,1.17.3,FR5,62,4.07,nan,5,Left,Left,765,57,152,0,nan,nan,0.00
4/28/2026 19:18:00,1.17.3,FR5,62,4.07,1,5,Pellet,Left,765,57,153,0,0.23,44,nan
4/28/2026 19:18:29,1.17.3,FR5,62,4.07,nan,5,Left,Left,766,57,153,0,nan,nan,0.15
4/28/2026 19:18:38,1.17.3,FR5,62,4.07,nan,5,Left,Left,767,57,153,0,nan,nan,0.17
4/28/2026 19:18:39,1.17.3,FR5,62,4.07,nan,5,Left,Left,768,57,153,0,nan,nan,0.36
4/28/2026 19:18:40,1.17.3,FR5,62,4.07,nan,5,Left,Left,769,57,153,0,nan,nan,0.43
4/28/2026 19:18:42,1.17.3,FR5,62,4.07,nan,5,Left,Left,770,57,153,0,nan,nan,0.49
4/28/2026 19:18:43,1.17.3,FR5,62,4.07,nan,5,LeftDuringDispense,Left,771,57,153,0,nan,nan,0.01
4/28/2026 19:18:45,1.17.3,FR5,62,4.07,2,5,Pellet,Left,771,57,154,0,0.06,45,nan
4/28/2026 19:19:06,1.17.3,FR5,62,4.07,nan,5,Left,Left,772,57,154,0,nan,nan,0.11
4/28/2026 19:19:07,1.17.3,FR5,62,4.07,nan,5,Left,Left,773,57,154,0,nan,nan,0.03
4/28/2026 19:19:12,1.17.3,FR5,62,4.07,nan,5,Left,Left,774,57,154,0,nan,nan,0.55
4/28/2026 19:19:14,1.17.3,FR5,62,4.07,nan,5,Left,Left,775,57,154,0,nan,nan,1.04
4/28/2026 19:19:15,1.17.3,FR5,62,4.07,2,5,Pellet,Left,775,57,155,0,0.11,30,nan
4/28/2026 19:19:29,1.17.3,FR5,62,4.07,nan,5,Left,Left,776,57,155,0,nan,nan,0.12
4/28/2026 19:19:34,1.17.3,FR5,62,4.07,nan,5,Left,Left,777,57,155,0,nan,nan,0.85
4/28/2026 19:19:37,1.17.3,FR5,62,4.07,nan,5,Left,Left,778,57,155,0,nan,nan,0.45
4/28/2026 19:19:38,1.17.3,FR5,62,4.07,nan,5,Left,Left,779,57,155,0,nan,nan,0.00
4/28/2026 19:19:38,1.17.3,FR5,62,4.07,nan,5,Left,Left,780,57,155,0,nan,nan,0.00
4/28/2026 19:19:39,1.17.3,FR5,62,4.07,1,5,Pellet,Left,780,57,156,0,0.17,24,nan
4/28/2026 19:23:30,1.17.3,FR5,62,4.07,nan,5,Left,Left,781,57,156,0,nan,nan,0.13
4/28/2026 19:23:31,1.17.3,FR5,62,4.07,nan,5,Left,Left,782,57,156,0,nan,nan,0.01
4/28/2026 19:23:36,1.17.3,FR5,62,4.07,nan,5,Left,Left,783,57,156,0,nan,nan,0.06
4/28/2026 19:23:39,1.17.3,FR5,62,4.07,nan,5,Left,Left,784,57,156,0,nan,nan,0.35
4/28/2026 19:23:43,1.17.3,FR5,62,4.07,nan,5,Left,Left,785,57,156,0,nan,nan,0.21
4/28/2026 19:23:45,1.17.3,FR5,62,4.07,2,5,Pellet,Left,785,57,157,0,0.06,246,nan
4/28/2026 19:24:03,1.17.3,FR5,62,4.07,nan,5,Left,Left,786,57,157,0,nan,nan,0.03
4/28/2026 19:24:05,1.17.3,FR5,62,4.07,nan,5,Left,Left,787,57,157,0,nan,nan,0.03
4/28/2026 19:24:06,1.17.3,FR5,62,4.07,nan,5,Left,Left,788,57,157,0,nan,nan,0.35
4/28/2026 19:24:12,1.17.3,FR5,62,4.06,nan,5,Left,Left,789,57,157,0,nan,nan,0.31
4/28/2026 19:24:14,1.17.3,FR5,62,4.07,nan,5,Left,Left,790,57,157,0,nan,nan,0.34
4/28/2026 19:24:15,1.17.3,FR5,62,4.06,1,5,Pellet,Left,790,57,158,0,0.06,30,nan
4/28/2026 19:24:39,1.17.3,FR5,62,4.07,nan,5,Left,Left,791,57,158,0,nan,nan,0.40
4/28/2026 19:24:40,1.17.3,FR5,62,4.07,nan,5,Left,Left,792,57,158,0,nan,nan,0.03
4/28/2026 19:24:42,1.17.3,FR5,62,4.07,nan,5,Left,Left,793,57,158,0,nan,nan,0.29
4/28/2026 19:24:43,1.17.3,FR5,62,4.07,nan,5,Left,Left,794,57,158,0,nan,nan,0.14
4/28/2026 19:24:47,1.17.3,FR5,62,4.07,nan,5,Left,Left,795,57,158,0,nan,nan,0.74
4/28/2026 19:24:48,1.17.3,FR5,62,4.07,1,5,Pellet,Left,795,57,159,0,0.12,33,nan
4/28/2026 19:25:00,1.17.3,FR5,62,4.07,nan,5,Left,Left,796,57,159,0,nan,nan,0.16
4/28/2026 19:25:02,1.17.3,FR5,62,4.07,nan,5,Left,Left,797,57,159,0,nan,nan,0.08
4/28/2026 19:25:03,1.17.3,FR5,62,4.07,nan,5,Left,Left,798,57,159,0,nan,nan,0.09
4/28/2026 19:25:03,1.17.3,FR5,62,4.07,nan,5,Left,Left,799,57,159,0,nan,nan,0.00
4/28/2026 19:25:05,1.17.3,FR5,62,4.07,nan,5,Left,Left,800,57,159,0,nan,nan,0.72
4/28/2026 19:25:06,1.17.3,FR5,62,4.07,1,5,Pellet,Left,800,57,160,0,0.06,18,nan
4/28/2026 19:25:31,1.17.3,FR5,62,4.07,nan,5,Left,Left,801,57,160,0,nan,nan,0.00
4/28/2026 19:25:33,1.17.3,FR5,62,4.07,nan,5,Left,Left,802,57,160,0,nan,nan,0.43
4/28/2026 19:25:37,1.17.3,FR5,62,4.07,nan,5,Left,Left,803,57,160,0,nan,nan,0.03
4/28/2026 19:25:42,1.17.3,FR5,62,4.07,nan,5,Left,Left,804,57,160,0,nan,nan,0.04
4/28/2026 19:30:34,1.17.3,FR5,62,4.07,nan,5,Left,Left,805,57,160,0,nan,nan,0.15
4/28/2026 19:30:36,1.17.3,FR5,62,4.07,1,5,Pellet,Left,805,57,161,0,0.71,330,nan
4/28/2026 19:31:23,1.17.3,FR5,62,4.07,nan,5,Left,Left,806,57,161,0,nan,nan,0.05
4/28/2026 19:31:25,1.17.3,FR5,62,4.07,nan,5,Left,Left,807,57,161,0,nan,nan,0.01
4/28/2026 19:31:34,1.17.3,FR5,62,4.07,nan,5,Left,Left,808,57,161,0,nan,nan,0.09
4/28/2026 19:31:35,1.17.3,FR5,62,4.07,nan,5,Left,Left,809,57,161,0,nan,nan,0.60
4/28/2026 19:31:36,1.17.3,FR5,62,4.07,nan,5,Left,Left,810,57,161,0,nan,nan,0.27
4/28/2026 19:31:37,1.17.3,FR5,62,4.07,1,5,Pellet,Left,810,57,162,0,0.23,61,nan
4/28/2026 19:32:04,1.17.3,FR5,62,4.07,nan,5,Right,Left,810,58,162,0,nan,nan,0.08
4/28/2026 19:32:30,1.17.3,FR5,62,4.07,nan,5,Left,Left,811,58,162,0,nan,nan,0.03
4/28/2026 19:32:34,1.17.3,FR5,62,4.07,nan,5,Left,Left,812,58,162,0,nan,nan,1.05
4/28/2026 19:32:35,1.17.3,FR5,62,4.07,nan,5,Left,Left,813,58,162,0,nan,nan,0.24
4/28/2026 19:32:38,1.17.3,FR5,62,4.07,nan,5,Left,Left,814,58,162,0,nan,nan,0.19
4/28/2026 19:32:40,1.17.3,FR5,62,4.07,nan,5,Left,Left,815,58,162,0,nan,nan,0.28
4/28/2026 19:32:41,1.17.3,FR5,62,4.07,1,5,Pellet,Left,815,58,163,0,0.17,64,nan
4/28/2026 19:33:02,1.17.3,FR5,62,4.07,nan,5,Left,Left,816,58,163,0,nan,nan,0.08
4/28/2026 19:33:03,1.17.3,FR5,62,4.07,nan,5,Left,Left,817,58,163,0,nan,nan,0.09
4/28/2026 19:33:04,1.17.3,FR5,62,4.07,nan,5,Left,Left,818,58,163,0,nan,nan,0.02
4/28/2026 19:33:05,1.17.3,FR5,62,4.07,nan,5,Left,Left,819,58,163,0,nan,nan,0.45
4/28/2026 19:33:08,1.17.3,FR5,62,4.07,nan,5,Left,Left,820,58,163,0,nan,nan,0.70
4/28/2026 19:33:11,1.17.3,FR5,62,4.07,2,5,Pellet,Left,820,58,164,0,0.06,30,nan
4/28/2026 19:35:27,1.17.3,FR5,62,4.07,nan,5,Left,Left,821,58,164,0,nan,nan,0.02
4/28/2026 19:35:29,1.17.3,FR5,62,4.07,nan,5,Left,Left,822,58,164,0,nan,nan,0.10
4/28/2026 19:35:31,1.17.3,FR5,62,4.07,nan,5,Left,Left,823,58,164,0,nan,nan,0.06
4/28/2026 19:35:32,1.17.3,FR5,62,4.07,nan,5,Left,Left,824,58,164,0,nan,nan,0.08
4/28/2026 19:35:35,1.17.3,FR5,62,4.06,nan,5,Left,Left,825,58,164,0,nan,nan,0.65
4/28/2026 19:35:36,1.17.3,FR5,62,4.07,nan,5,LeftDuringDispense,Left,826,58,164,0,nan,nan,0.03
4/28/2026 19:35:39,1.17.3,FR5,62,4.07,3,5,Pellet,Left,826,58,165,0,0.06,148,nan
4/28/2026 19:37:22,1.17.3,FR5,62,4.07,nan,5,Left,Left,827,58,165,0,nan,nan,0.11
4/28/2026 19:37:25,1.17.3,FR5,62,4.07,nan,5,Left,Left,828,58,165,0,nan,nan,0.59
4/28/2026 19:37:27,1.17.3,FR5,62,4.07,nan,5,Left,Left,829,58,165,0,nan,nan,0.65
4/28/2026 19:37:28,1.17.3,FR5,62,4.07,nan,5,Left,Left,830,58,165,0,nan,nan,0.02
4/28/2026 19:37:29,1.17.3,FR5,62,4.06,2,5,Pellet,Left,830,58,166,0,0.06,110,nan
4/28/2026 19:39:40,1.17.3,FR5,62,4.07,nan,5,Left,Left,831,58,166,0,nan,nan,0.09
4/28/2026 19:44:59,1.17.3,FR5,62,4.07,nan,5,Left,Left,832,58,166,0,nan,nan,0.54
4/28/2026 19:45:02,1.17.3,FR5,62,4.07,nan,5,Left,Left,833,58,166,0,nan,nan,0.54
4/28/2026 19:45:03,1.17.3,FR5,62,4.07,nan,5,Left,Left,834,58,166,0,nan,nan,0.04
4/28/2026 19:45:04,1.17.3,FR5,62,4.07,nan,5,Left,Left,835,58,166,0,nan,nan,0.26
4/28/2026 19:45:05,1.17.3,FR5,62,4.07,1,5,Pellet,Left,835,58,167,0,0.29,456,nan
4/28/2026 19:45:27,1.17.3,FR5,62,4.07,nan,5,Left,Left,836,58,167,0,nan,nan,0.05
4/28/2026 19:45:29,1.17.3,FR5,62,4.07,nan,5,Left,Left,837,58,167,0,nan,nan,0.43
4/28/2026 19:45:33,1.17.3,FR5,62,4.06,nan,5,Left,Left,838,58,167,0,nan,nan,0.03
4/28/2026 19:45:35,1.17.3,FR5,62,4.07,nan,5,Left,Left,839,58,167,0,nan,nan,0.34
4/28/2026 19:45:37,1.17.3,FR5,62,4.07,nan,5,Left,Left,840,58,167,0,nan,nan,0.50
4/28/2026 19:45:38,1.17.3,FR5,62,4.07,2,5,Pellet,Left,840,58,168,0,0.06,33,nan
4/28/2026 19:46:57,1.17.3,FR5,62,4.07,nan,5,Left,Left,841,58,168,0,nan,nan,0.37
4/28/2026 19:48:27,1.17.3,FR5,62,4.07,nan,5,Left,Left,842,58,168,0,nan,nan,0.67
4/28/2026 19:48:32,1.17.3,FR5,62,4.06,nan,5,Left,Left,843,58,168,0,nan,nan,0.79
4/28/2026 19:48:36,1.17.3,FR5,62,4.07,nan,5,Left,Left,844,58,168,0,nan,nan,0.33
4/28/2026 19:48:37,1.17.3,FR5,62,4.07,nan,5,Left,Left,845,58,168,0,nan,nan,0.00
4/28/2026 19:48:38,1.17.3,FR5,62,4.06,1,5,Pellet,Left,845,58,169,0,0.17,180,nan
4/28/2026 19:50:08,1.17.3,FR5,62,4.07,nan,5,Right,Left,845,59,169,0,nan,nan,0.29
4/28/2026 19:50:17,1.17.3,FR5,62,4.07,nan,5,Right,Left,845,60,169,0,nan,nan,0.02
4/28/2026 19:52:28,1.17.3,FR5,62,4.07,nan,5,Left,Left,846,60,169,0,nan,nan,0.20
4/28/2026 19:56:32,1.17.3,FR5,62,4.07,nan,5,Left,Left,847,60,169,0,nan,nan,0.10
4/28/2026 19:56:34,1.17.3,FR5,62,4.07,nan,5,Left,Left,848,60,169,0,nan,nan,0.17
4/28/2026 19:56:39,1.17.3,FR5,62,4.07,nan,5,Left,Left,849,60,169,0,nan,nan,0.30
4/28/2026 20:00:54,1.17.3,FR5,62,4.07,nan,5,Left,Left,850,60,169,0,nan,nan,0.41
4/28/2026 20:01:00,1.17.3,FR5,62,4.07,3,5,Pellet,Left,850,60,170,0,0.59,742,nan
4/28/2026 20:03:57,1.17.3,FR5,62,4.07,nan,5,Left,Left,851,60,170,0,nan,nan,0.29
4/28/2026 20:03:58,1.17.3,FR5,62,4.06,nan,5,Left,Left,852,60,170,0,nan,nan,0.02
4/28/2026 20:04:07,1.17.3,FR5,62,4.07,nan,5,Left,Left,853,60,170,0,nan,nan,0.52
4/28/2026 20:04:09,1.17.3,FR5,62,4.07,nan,5,Left,Left,854,60,170,0,nan,nan,0.38
4/28/2026 20:04:10,1.17.3,FR5,62,4.07,nan,5,Left,Left,855,60,170,0,nan,nan,0.00
4/28/2026 20:04:11,1.17.3,FR5,62,4.07,2,5,Pellet,Left,855,60,171,0,0.17,191,nan
4/28/2026 20:06:31,1.17.3,FR5,62,4.07,nan,5,Left,Left,856,60,171,0,nan,nan,0.03
4/28/2026 20:06:33,1.17.3,FR5,62,4.07,nan,5,Left,Left,857,60,171,0,nan,nan,0.00
4/28/2026 20:06:42,1.17.3,FR5,62,4.07,nan,5,Left,Left,858,60,171,0,nan,nan,0.04
4/28/2026 20:06:44,1.17.3,FR5,62,4.07,nan,5,Left,Left,859,60,171,0,nan,nan,0.47
4/28/2026 20:06:46,1.17.3,FR5,62,4.07,nan,5,Left,Left,860,60,171,0,nan,nan,0.28
4/28/2026 20:06:47,1.17.3,FR5,62,4.06,1,5,Pellet,Left,860,60,172,0,0.17,156,nan
4/28/2026 20:07:16,1.17.3,FR5,62,4.07,nan,5,Left,Left,861,60,172,0,nan,nan,0.14
4/28/2026 20:07:18,1.17.3,FR5,62,4.07,nan,5,Left,Left,862,60,172,0,nan,nan,0.05
4/28/2026 20:07:23,1.17.3,FR5,62,4.07,nan,5,Left,Left,863,60,172,0,nan,nan,0.28
4/28/2026 20:07:26,1.17.3,FR5,62,4.06,nan,5,Left,Left,864,60,172,0,nan,nan,0.63
4/28/2026 20:07:28,1.17.3,FR5,62,4.07,nan,5,Left,Left,865,60,172,0,nan,nan,0.46
4/28/2026 20:07:28,1.17.3,FR5,62,4.07,1,5,Pellet,Left,865,60,173,0,0.11,41,nan
4/28/2026 20:10:08,1.17.3,FR5,62,4.07,nan,5,Left,Left,866,60,173,0,nan,nan,0.02
4/28/2026 20:12:03,1.17.3,FR5,62,4.07,nan,5,Left,Left,867,60,173,0,nan,nan,0.58
4/28/2026 20:12:06,1.17.3,FR5,62,4.07,nan,5,Left,Left,868,60,173,0,nan,nan,0.55
4/28/2026 20:12:07,1.17.3,FR5,62,4.07,nan,5,Left,Left,869,60,173,0,nan,nan,0.37
4/28/2026 20:12:10,1.17.3,FR5,62,4.07,nan,5,Left,Left,870,60,173,0,nan,nan,0.02
4/28/2026 20:12:11,1.17.3,FR5,62,4.06,nan,5,LeftDuringDispense,Left,871,60,173,0,nan,nan,0.04
4/28/2026 20:12:13,1.17.3,FR5,62,4.06,2,5,Pellet,Left,871,60,174,0,0.12,285,nan
4/28/2026 20:14:01,1.17.3,FR5,62,4.07,nan,5,Left,Left,872,60,174,0,nan,nan,0.07
4/28/2026 20:25:01,1.17.3,FR5,62,4.06,nan,5,Left,Left,873,60,174,0,nan,nan,0.26
4/28/2026 20:25:03,1.17.3,FR5,62,4.06,nan,5,Left,Left,874,60,174,0,nan,nan,0.64
4/28/2026 20:25:07,1.17.3,FR5,62,4.07,nan,5,Left,Left,875,60,174,0,nan,nan,0.08
4/28/2026 20:25:08,1.17.3,FR5,62,4.06,1,5,Pellet,Left,875,60,175,0,0.17,775,nan
4/28/2026 20:25:38,1.17.3,FR5,62,4.07,nan,5,Left,Left,876,60,175,0,nan,nan,0.05
4/28/2026 20:25:48,1.17.3,FR5,62,4.07,nan,5,Left,Left,877,60,175,0,nan,nan,0.35
4/28/2026 20:25:48,1.17.3,FR5,62,4.07,nan,5,Left,Left,878,60,175,0,nan,nan,0.01
4/28/2026 20:25:56,1.17.3,FR5,62,4.07,nan,5,Left,Left,879,60,175,0,nan,nan,0.27
4/28/2026 20:25:57,1.17.3,FR5,62,4.06,nan,5,Left,Left,880,60,175,0,nan,nan,0.01
4/28/2026 20:25:58,1.17.3,FR5,62,4.07,1,5,Pellet,Left,880,60,176,0,0.47,50,nan
4/28/2026 20:26:14,1.17.3,FR5,62,4.06,nan,5,Left,Left,881,60,176,0,nan,nan,0.06
4/28/2026 20:26:17,1.17.3,FR5,62,4.06,nan,5,Left,Left,882,60,176,0,nan,nan,0.20
4/28/2026 20:26:18,1.17.3,FR5,62,4.07,nan,5,Left,Left,883,60,176,0,nan,nan,0.48
4/28/2026 20:26:19,1.17.3,FR5,62,4.07,nan,5,Left,Left,884,60,176,0,nan,nan,0.30
4/28/2026 20:26:21,1.17.3,FR5,62,4.06,nan,5,Left,Left,885,60,176,0,nan,nan,0.47
4/28/2026 20:26:24,1.17.3,FR5,62,4.06,2,5,Pellet,Left,885,60,177,0,0.12,26,nan
4/28/2026 20:29:53,1.17.3,FR5,62,4.07,nan,5,Left,Left,886,60,177,0,nan,nan,0.47
4/28/2026 20:29:55,1.17.3,FR5,62,4.07,nan,5,Left,Left,887,60,177,0,nan,nan,0.55
4/28/2026 20:30:10,1.17.3,FR5,62,4.07,nan,5,Left,Left,888,60,177,0,nan,nan,0.05
4/28/2026 20:30:14,1.17.3,FR5,62,4.07,nan,5,Left,Left,889,60,177,0,nan,nan,0.64
4/28/2026 20:30:22,1.17.3,FR5,62,4.07,nan,5,Left,Left,890,60,177,0,nan,nan,0.63
4/28/2026 20:30:22,1.17.3,FR5,62,4.07,nan,5,LeftDuringDispense,Left,891,60,177,0,nan,nan,0.11
4/28/2026 20:30:25,1.17.3,FR5,62,4.06,3,5,Pellet,Left,891,60,178,0,0.35,241,nan
4/28/2026 20:31:40,1.17.3,FR5,62,4.07,nan,5,Left,Left,892,60,178,0,nan,nan,0.02
4/28/2026 20:31:42,1.17.3,FR5,62,4.07,nan,5,Left,Left,893,60,178,0,nan,nan,0.31
4/28/2026 20:31:55,1.17.3,FR5,62,4.07,nan,5,Left,Left,894,60,178,0,nan,nan,0.04
4/28/2026 20:31:57,1.17.3,FR5,62,4.07,nan,5,Left,Left,895,60,178,0,nan,nan,0.31
4/28/2026 20:31:58,1.17.3,FR5,62,4.07,1,5,Pellet,Left,895,60,179,0,0.65,93,nan
4/28/2026 20:37:52,1.17.3,FR5,62,4.07,nan,5,Left,Left,896,60,179,0,nan,nan,0.11
4/28/2026 20:37:54,1.17.3,FR5,62,4.06,nan,5,Left,Left,897,60,179,0,nan,nan,0.07
4/28/2026 20:38:12,1.17.3,FR5,62,4.07,nan,5,Left,Left,898,60,179,0,nan,nan,0.22
4/28/2026 20:38:15,1.17.3,FR5,62,4.07,nan,5,Left,Left,899,60,179,0,nan,nan,0.14
4/28/2026 20:52:17,1.17.3,FR5,62,4.07,nan,5,Left,Left,900,60,179,0,nan,nan,0.21
4/28/2026 20:52:18,1.17.3,FR5,62,4.07,1,5,Pellet,Left,900,60,180,0,0.11,1219,nan
4/28/2026 20:52:55,1.17.3,FR5,62,4.06,nan,5,Left,Left,901,60,180,0,nan,nan,0.14
4/28/2026 20:53:05,1.17.3,FR5,62,4.06,nan,5,Left,Left,902,60,180,0,nan,nan,0.05
4/28/2026 20:53:10,1.17.3,FR5,62,4.07,nan,5,Left,Left,903,60,180,0,nan,nan,0.44
4/28/2026 20:53:12,1.17.3,FR5,62,4.06,nan,5,Left,Left,904,60,180,0,nan,nan,0.31
4/28/2026 20:53:13,1.17.3,FR5,62,4.07,nan,5,Left,Left,905,60,180,0,nan,nan,0.18
4/28/2026 20:53:14,1.17.3,FR5,62,4.07,1,5,Pellet,Left,905,60,181,0,0.12,57,nan
4/28/2026 20:57:49,1.17.3,FR5,62,4.07,nan,5,Left,Left,906,60,181,0,nan,nan,0.17
4/28/2026 20:57:52,1.17.3,FR5,62,4.06,nan,5,Left,Left,907,60,181,0,nan,nan,0.18
4/28/2026 21:10:03,1.17.3,FR5,62,4.06,nan,5,Left,Left,908,60,181,0,nan,nan,0.13
4/28/2026 21:11:32,1.17.3,FR5,62,4.06,nan,5,Left,Left,909,60,181,0,nan,nan,0.14
4/28/2026 21:13:47,1.17.3,FR5,62,4.07,nan,5,Left,Left,910,60,181,0,nan,nan,0.20
4/28/2026 21:13:48,1.17.3,FR5,62,4.06,1,5,Pellet,Left,910,60,182,0,0.11,1233,nan
4/28/2026 21:16:52,1.17.3,FR5,62,4.07,nan,5,Left,Left,911,60,182,0,nan,nan,0.06
4/28/2026 21:16:53,1.17.3,FR5,62,4.06,nan,5,Left,Left,912,60,182,0,nan,nan,0.12
4/28/2026 21:16:54,1.17.3,FR5,62,4.06,nan,5,Left,Left,913,60,182,0,nan,nan,0.20
4/28/2026 21:16:55,1.17.3,FR5,62,4.06,nan,5,Left,Left,914,60,182,0,nan,nan,0.27
4/28/2026 21:16:56,1.17.3,FR5,62,4.06,nan,5,Left,Left,915,60,182,0,nan,nan,0.00
4/28/2026 21:16:58,1.17.3,FR5,62,4.06,1,5,Pellet,Left,915,60,183,0,1.01,191,nan
4/28/2026 21:17:15,1.17.3,FR5,62,4.06,nan,5,Left,Left,916,60,183,0,nan,nan,0.03
4/28/2026 21:17:17,1.17.3,FR5,62,4.07,nan,5,Left,Left,917,60,183,0,nan,nan,0.10
4/28/2026 21:17:33,1.17.3,FR5,62,4.07,nan,5,Left,Left,918,60,183,0,nan,nan,0.12
4/28/2026 21:17:33,1.17.3,FR5,62,4.07,nan,5,Left,Left,919,60,183,0,nan,nan,0.00
4/28/2026 21:17:35,1.17.3,FR5,62,4.06,nan,5,Left,Left,920,60,183,0,nan,nan,0.32
4/28/2026 21:17:38,1.17.3,FR5,62,4.07,2,5,Pellet,Left,920,60,184,0,0.17,40,nan
4/28/2026 21:21:35,1.17.3,FR5,62,4.07,nan,5,Right,Left,920,61,184,0,nan,nan,0.57
4/28/2026 21:21:37,1.17.3,FR5,62,4.06,nan,5,Right,Left,920,62,184,0,nan,nan,0.15
4/28/2026 21:22:34,1.17.3,FR5,62,4.06,nan,5,Left,Left,921,62,184,0,nan,nan,0.21
4/28/2026 21:22:35,1.17.3,FR5,62,4.07,nan,5,Left,Left,922,62,184,0,nan,nan,0.02
4/28/2026 21:22:36,1.17.3,FR5,62,4.07,nan,5,Left,Left,923,62,184,0,nan,nan,0.01
4/28/2026 21:22:38,1.17.3,FR5,62,4.06,nan,5,Left,Left,924,62,184,0,nan,nan,0.40
4/28/2026 21:22:39,1.17.3,FR5,62,4.06,nan,5,Left,Left,925,62,184,0,nan,nan,0.02
4/28/2026 21:22:40,1.17.3,FR5,62,4.07,nan,5,LeftDuringDispense,Left,926,62,184,0,nan,nan,0.01
4/28/2026 21:22:44,1.17.3,FR5,62,4.06,3,5,Pellet,Left,926,62,185,0,1.01,306,nan
4/28/2026 21:23:03,1.17.3,FR5,62,4.06,nan,5,Left,Left,927,62,185,0,nan,nan,0.63
4/28/2026 21:23:04,1.17.3,FR5,62,4.07,nan,5,Left,Left,928,62,185,0,nan,nan,0.04
4/28/2026 21:23:07,1.17.3,FR5,62,4.07,nan,5,Left,Left,929,62,185,0,nan,nan,0.41
4/28/2026 21:23:09,1.17.3,FR5,62,4.06,nan,5,Left,Left,930,62,185,0,nan,nan,0.09
4/28/2026 21:23:10,1.17.3,FR5,62,4.06,1,5,Pellet,Left,930,62,186,0,0.23,26,nan
4/28/2026 21:23:29,1.17.3,FR5,62,4.06,nan,5,Left,Left,931,62,186,0,nan,nan,0.05
4/28/2026 21:23:32,1.17.3,FR5,62,4.06,nan,5,Left,Left,932,62,186,0,nan,nan,0.44
4/28/2026 21:23:33,1.17.3,FR5,62,4.07,nan,5,Left,Left,933,62,186,0,nan,nan,0.24
4/28/2026 21:23:40,1.17.3,FR5,62,4.06,nan,5,Left,Left,934,62,186,0,nan,nan,0.05
4/28/2026 21:23:43,1.17.3,FR5,62,4.06,nan,5,Left,Left,935,62,186,0,nan,nan,0.25
4/28/2026 21:23:44,1.17.3,FR5,62,4.06,1,5,Pellet,Left,935,62,187,0,0.23,34,nan
4/28/2026 21:31:38,1.17.3,FR5,62,4.07,nan,5,Left,Left,936,62,187,0,nan,nan,0.01
4/28/2026 21:31:42,1.17.3,FR5,62,4.06,nan,5,Left,Left,937,62,187,0,nan,nan,0.12
4/28/2026 21:32:46,1.17.3,FR5,62,4.06,nan,5,Right,Left,937,63,187,0,nan,nan,0.19
4/28/2026 21:32:49,1.17.3,FR5,62,4.06,nan,5,Right,Left,937,64,187,0,nan,nan,1.54
4/28/2026 21:32:59,1.17.3,FR5,62,4.07,nan,5,Right,Left,937,65,187,0,nan,nan,0.31
4/28/2026 21:33:25,1.17.3,FR5,62,4.06,nan,5,Right,Left,937,66,187,0,nan,nan,0.04
4/28/2026 21:34:04,1.17.3,FR5,62,4.06,nan,5,Right,Left,937,67,187,0,nan,nan,0.08
4/28/2026 21:34:16,1.17.3,FR5,62,4.06,nan,5,Right,Left,937,68,187,0,nan,nan,9.03
4/28/2026 21:34:20,1.17.3,FR5,62,4.07,nan,5,Right,Left,937,69,187,0,nan,nan,0.23
4/28/2026 21:34:24,1.17.3,FR5,62,4.06,nan,5,Right,Left,937,70,187,0,nan,nan,1.05
4/28/2026 21:34:25,1.17.3,FR5,62,4.06,nan,5,Right,Left,937,71,187,0,nan,nan,0.17
4/28/2026 21:34:28,1.17.3,FR5,62,4.06,nan,5,Right,Left,937,72,187,0,nan,nan,1.30
4/28/2026 21:34:35,1.17.3,FR5,62,4.06,nan,5,Right,Left,937,73,187,0,nan,nan,0.34
4/28/2026 21:34:37,1.17.3,FR5,62,4.06,nan,5,Right,Left,937,74,187,0,nan,nan,0.16
4/28/2026 21:34:39,1.17.3,FR5,62,4.06,nan,5,Right,Left,937,75,187,0,nan,nan,0.17
4/28/2026 21:34:48,1.17.3,FR5,62,4.06,nan,5,Right,Left,937,76,187,0,nan,nan,4.42
4/28/2026 21:38:10,1.17.3,FR5,62,4.06,nan,5,Right,Left,937,77,187,0,nan,nan,54.66
4/28/2026 21:40:51,1.17.3,FR5,62,4.06,nan,5,Right,Left,937,78,187,0,nan,nan,0.08
4/28/2026 21:40:57,1.17.3,FR5,62,4.06,nan,5,Right,Left,937,79,187,0,nan,nan,0.28
4/28/2026 21:41:00,1.17.3,FR5,62,4.06,nan,5,Right,Left,937,80,187,0,nan,nan,0.08
4/28/2026 21:41:01,1.17.3,FR5,62,4.06,nan,5,Right,Left,937,81,187,0,nan,nan,0.07
4/28/2026 21:41:14,1.17.3,FR5,62,4.06,nan,5,Right,Left,937,82,187,0,nan,nan,0.06
4/28/2026 21:41:18,1.17.3,FR5,62,4.06,nan,5,Right,Left,937,83,187,0,nan,nan,0.06
4/28/2026 21:41:21,1.17.3,FR5,62,4.07,nan,5,Right,Left,937,84,187,0,nan,nan,0.62
4/28/2026 21:41:22,1.17.3,FR5,62,4.06,nan,5,Right,Left,937,85,187,0,nan,nan,0.00
4/28/2026 21:41:49,1.17.3,FR5,62,4.06,nan,5,Right,Left,937,86,187,0,nan,nan,0.03
4/28/2026 21:59:48,1.17.3,FR5,62,4.06,nan,5,Right,Left,937,87,187,0,nan,nan,0.22
4/28/2026 22:00:03,1.17.3,FR5,62,4.07,nan,5,Left,Left,938,87,187,0,nan,nan,0.02
4/28/2026 22:00:06,1.17.3,FR5,62,4.07,nan,5,Left,Left,939,87,187,0,nan,nan,0.05
4/28/2026 22:00:07,1.17.3,FR5,62,4.06,nan,5,Left,Left,940,87,187,0,nan,nan,0.07
4/28/2026 22:00:08,1.17.3,FR5,62,4.06,2,5,Pellet,Left,940,87,188,0,0.06,2184,nan
4/28/2026 22:01:42,1.17.3,FR5,62,4.07,nan,5,Left,Left,941,87,188,0,nan,nan,0.18
4/28/2026 22:01:49,1.17.3,FR5,62,4.06,nan,5,Left,Left,942,87,188,0,nan,nan,0.15
4/28/2026 22:01:51,1.17.3,FR5,62,4.06,nan,5,Left,Left,943,87,188,0,nan,nan,0.20
4/28/2026 22:01:56,1.17.3,FR5,62,4.06,nan,5,Left,Left,944,87,188,0,nan,nan,0.13
4/28/2026 22:02:01,1.17.3,FR5,62,4.06,nan,5,Left,Left,945,87,188,0,nan,nan,0.11
4/28/2026 22:02:02,1.17.3,FR5,62,4.06,1,5,Pellet,Left,945,87,189,0,0.41,114,nan
4/28/2026 22:06:31,1.17.3,FR5,62,4.06,nan,5,Right,Left,945,88,189,0,nan,nan,0.01
4/28/2026 22:06:32,1.17.3,FR5,62,4.06,nan,5,Right,Left,945,89,189,0,nan,nan,0.13
4/28/2026 22:06:34,1.17.3,FR5,62,4.06,nan,5,Right,Left,945,90,189,0,nan,nan,0.11
4/28/2026 22:06:35,1.17.3,FR5,62,4.06,nan,5,Right,Left,945,91,189,0,nan,nan,0.09
4/28/2026 22:06:37,1.17.3,FR5,62,4.05,nan,5,Right,Left,945,92,189,0,nan,nan,0.14
4/28/2026 22:06:39,1.17.3,FR5,62,4.06,nan,5,Right,Left,945,93,189,0,nan,nan,0.32
4/28/2026 22:06:49,1.17.3,FR5,62,4.06,nan,5,Left,Left,946,93,189,0,nan,nan,0.27
4/28/2026 22:06:53,1.17.3,FR5,62,4.06,nan,5,Left,Left,947,93,189,0,nan,nan,0.05
4/28/2026 22:06:55,1.17.3,FR5,62,4.06,nan,5,Left,Left,948,93,189,0,nan,nan,0.03
4/28/2026 22:06:56,1.17.3,FR5,62,4.07,nan,5,Left,Left,949,93,189,0,nan,nan,0.11
4/28/2026 22:06:57,1.17.3,FR5,62,4.06,nan,5,Left,Left,950,93,189,0,nan,nan,0.35
4/28/2026 22:06:58,1.17.3,FR5,62,4.06,1,5,Pellet,Left,950,93,190,0,0.35,296,nan
4/28/2026 22:07:18,1.17.3,FR5,62,4.06,nan,5,Right,Left,950,94,190,0,nan,nan,0.21
4/28/2026 22:12:58,1.17.3,FR5,62,4.06,nan,5,Left,Left,951,94,190,0,nan,nan,0.19
4/28/2026 22:12:59,1.17.3,FR5,62,4.06,nan,5,Left,Left,952,94,190,0,nan,nan,0.15
4/28/2026 22:13:02,1.17.3,FR5,62,4.06,nan,5,Left,Left,953,94,190,0,nan,nan,0.06
4/28/2026 22:13:03,1.17.3,FR5,62,4.06,nan,5,Left,Left,954,94,190,0,nan,nan,0.27
4/28/2026 22:13:06,1.17.3,FR5,62,4.06,nan,5,Left,Left,955,94,190,0,nan,nan,0.01
4/28/2026 22:13:10,1.17.3,FR5,62,4.06,2,5,Pellet,Left,955,94,191,0,0.89,372,nan
4/28/2026 22:23:03,1.17.3,FR5,62,4.06,nan,5,Right,Left,955,95,191,0,nan,nan,0.28
4/28/2026 22:23:19,1.17.3,FR5,62,4.06,nan,5,Left,Left,956,95,191,0,nan,nan,0.09
4/28/2026 22:28:53,1.17.3,FR5,62,4.05,nan,5,Right,Left,956,96,191,0,nan,nan,0.35
4/28/2026 22:28:56,1.17.3,FR5,62,4.06,nan,5,Left,Left,957,96,191,0,nan,nan,0.52
4/28/2026 22:28:57,1.17.3,FR5,62,4.06,nan,5,Left,Left,958,96,191,0,nan,nan,0.05
4/28/2026 22:29:00,1.17.3,FR5,62,4.06,nan,5,Left,Left,959,96,191,0,nan,nan,0.47
4/28/2026 22:29:00,1.17.3,FR5,62,4.06,nan,5,Left,Left,960,96,191,0,nan,nan,0.22
4/28/2026 22:29:02,1.17.3,FR5,62,4.06,2,5,Pellet,Left,960,96,192,0,0.23,952,nan
4/28/2026 22:29:26,1.17.3,FR5,62,4.05,nan,5,Left,Left,961,96,192,0,nan,nan,0.04
4/28/2026 22:29:28,1.17.3,FR5,62,4.05,nan,5,Left,Left,962,96,192,0,nan,nan,0.36
4/28/2026 22:29:30,1.17.3,FR5,62,4.06,nan,5,Left,Left,963,96,192,0,nan,nan,0.07
4/28/2026 22:29:31,1.17.3,FR5,62,4.06,nan,5,Left,Left,964,96,192,0,nan,nan,0.47
4/28/2026 22:29:33,1.17.3,FR5,62,4.06,nan,5,Left,Left,965,96,192,0,nan,nan,0.14
4/28/2026 22:29:34,1.17.3,FR5,62,4.06,nan,5,LeftDuringDispense,Left,966,96,192,0,nan,nan,0.09
4/28/2026 22:29:35,1.17.3,FR5,62,4.05,2,5,Pellet,Left,966,96,193,0,0.06,33,nan
4/28/2026 22:29:49,1.17.3,FR5,62,4.06,nan,5,Left,Left,967,96,193,0,nan,nan,0.16
4/28/2026 22:29:50,1.17.3,FR5,62,4.06,nan,5,Left,Left,968,96,193,0,nan,nan,0.00
4/28/2026 22:29:52,1.17.3,FR5,62,4.07,nan,5,Left,Left,969,96,193,0,nan,nan,0.29
4/28/2026 22:29:53,1.17.3,FR5,62,4.06,nan,5,Left,Left,970,96,193,0,nan,nan,0.00
4/28/2026 22:29:54,1.17.3,FR5,62,4.06,1,5,Pellet,Left,970,96,194,0,0.12,19,nan
4/28/2026 22:31:17,1.17.3,FR5,62,4.06,nan,5,Right,Left,970,97,194,0,nan,nan,0.05
4/28/2026 22:31:29,1.17.3,FR5,62,4.05,nan,5,Right,Left,970,98,194,0,nan,nan,0.00
4/28/2026 22:31:40,1.17.3,FR5,62,4.06,nan,5,Right,Left,970,99,194,0,nan,nan,0.88
4/28/2026 22:31:47,1.17.3,FR5,62,4.06,nan,5,Left,Left,971,99,194,0,nan,nan,0.17
4/28/2026 22:31:48,1.17.3,FR5,62,4.06,nan,5,Left,Left,972,99,194,0,nan,nan,0.05
4/28/2026 22:31:55,1.17.3,FR5,62,4.06,nan,5,Left,Left,973,99,194,0,nan,nan,0.46
4/28/2026 22:31:58,1.17.3,FR5,62,4.06,nan,5,Left,Left,974,99,194,0,nan,nan,0.41
4/28/2026 22:31:59,1.17.3,FR5,62,4.06,nan,5,Left,Left,975,99,194,0,nan,nan,0.02
4/28/2026 22:32:00,1.17.3,FR5,62,4.06,2,5,Pellet,Left,975,99,195,0,0.23,126,nan
4/28/2026 22:38:07,1.17.3,FR5,62,4.06,nan,5,Right,Left,975,100,195,0,nan,nan,0.01
4/28/2026 22:39:20,1.17.3,FR5,62,4.06,nan,5,Right,Left,975,101,195,0,nan,nan,0.42
4/28/2026 22:39:52,1.17.3,FR5,62,4.06,nan,5,Left,Left,976,101,195,0,nan,nan,0.44
4/28/2026 22:39:54,1.17.3,FR5,62,4.06,nan,5,Left,Left,977,101,195,0,nan,nan,0.79
4/28/2026 22:39:56,1.17.3,FR5,62,4.05,nan,5,Left,Left,978,101,195,0,nan,nan,0.04
4/28/2026 22:39:57,1.17.3,FR5,62,4.06,nan,5,Left,Left,979,101,195,0,nan,nan,0.03
4/28/2026 22:39:58,1.17.3,FR5,62,4.06,nan,5,Left,Left,980,101,195,0,nan,nan,0.06
4/28/2026 22:39:59,1.17.3,FR5,62,4.06,1,5,Pellet,Left,980,101,196,0,0.41,479,nan
4/28/2026 22:40:16,1.17.3,FR5,62,4.05,nan,5,Left,Left,981,101,196,0,nan,nan,0.06
4/28/2026 22:40:17,1.17.3,FR5,62,4.06,nan,5,Left,Left,982,101,196,0,nan,nan,0.10
4/28/2026 22:40:33,1.17.3,FR5,62,4.06,nan,5,Left,Left,983,101,196,0,nan,nan,0.48
4/28/2026 22:40:34,1.17.3,FR5,62,4.06,nan,5,Left,Left,984,101,196,0,nan,nan,0.02
4/28/2026 22:40:35,1.17.3,FR5,62,4.06,nan,5,Left,Left,985,101,196,0,nan,nan,0.30
4/28/2026 22:40:37,1.17.3,FR5,62,4.06,2,5,Pellet,Left,985,101,197,0,1.25,38,nan
4/28/2026 22:47:57,1.17.3,FR5,62,4.06,nan,5,Left,Left,986,101,197,0,nan,nan,0.25
4/28/2026 22:48:03,1.17.3,FR5,62,4.05,nan,5,Left,Left,987,101,197,0,nan,nan,0.39
4/28/2026 22:48:04,1.17.3,FR5,62,4.06,nan,5,Left,Left,988,101,197,0,nan,nan,0.46
4/28/2026 22:48:07,1.17.3,FR5,62,4.06,nan,5,Left,Left,989,101,197,0,nan,nan,0.04
4/28/2026 22:48:07,1.17.3,FR5,62,4.06,nan,5,Left,Left,990,101,197,0,nan,nan,0.04
4/28/2026 22:48:08,1.17.3,FR5,62,4.05,1,5,Pellet,Left,990,101,198,0,0.23,451,nan
4/28/2026 22:50:42,1.17.3,FR5,62,4.06,nan,5,Left,Left,991,101,198,0,nan,nan,0.23
4/28/2026 22:50:44,1.17.3,FR5,62,4.06,nan,5,Left,Left,992,101,198,0,nan,nan,0.07
4/28/2026 22:50:47,1.17.3,FR5,62,4.06,nan,5,Left,Left,993,101,198,0,nan,nan,0.02
4/28/2026 22:50:47,1.17.3,FR5,62,4.05,nan,5,Left,Left,994,101,198,0,nan,nan,0.00
4/28/2026 22:50:49,1.17.3,FR5,62,4.06,nan,5,Left,Left,995,101,198,0,nan,nan,0.44
4/28/2026 22:50:56,1.17.3,FR5,62,4.05,3,5,Pellet,Left,995,101,199,0,2.33,168,nan
4/28/2026 22:51:35,1.17.3,FR5,62,4.06,nan,5,Left,Left,996,101,199,0,nan,nan,0.03
4/28/2026 22:51:36,1.17.3,FR5,62,4.05,nan,5,Left,Left,997,101,199,0,nan,nan,0.00
4/28/2026 22:51:38,1.17.3,FR5,62,4.06,nan,5,Left,Left,998,101,199,0,nan,nan,0.13
4/28/2026 22:51:39,1.17.3,FR5,62,4.05,nan,5,Left,Left,999,101,199,0,nan,nan,0.06
4/28/2026 22:51:40,1.17.3,FR5,62,4.06,nan,5,Left,Left,1000,101,199,0,nan,nan,0.27
4/28/2026 22:51:40,1.17.3,FR5,62,4.05,1,5,Pellet,Left,1000,101,200,0,0.17,44,nan
4/28/2026 22:52:29,1.17.3,FR5,62,4.05,nan,5,Left,Left,1001,101,200,0,nan,nan,0.01
4/28/2026 22:52:34,1.17.3,FR5,62,4.05,nan,5,Left,Left,1002,101,200,0,nan,nan,0.04
4/28/2026 22:52:35,1.17.3,FR5,62,4.05,nan,5,Left,Left,1003,101,200,0,nan,nan,0.15
4/28/2026 22:52:35,1.17.3,FR5,62,4.06,nan,5,Left,Left,1004,101,200,0,nan,nan,0.09
4/28/2026 22:52:38,1.17.3,FR5,62,4.06,nan,5,Left,Left,1005,101,200,0,nan,nan,0.27
4/28/2026 22:52:39,1.17.3,FR5,62,4.05,2,5,Pellet,Left,1005,101,201,0,0.17,59,nan
4/28/2026 22:53:06,1.17.3,FR5,62,4.06,nan,5,Left,Left,1006,101,201,0,nan,nan,0.21
4/28/2026 22:53:07,1.17.3,FR5,62,4.06,nan,5,Left,Left,1007,101,201,0,nan,nan,0.51
4/28/2026 22:53:09,1.17.3,FR5,62,4.05,nan,5,Left,Left,1008,101,201,0,nan,nan,0.80
4/28/2026 22:53:13,1.17.3,FR5,62,4.06,nan,5,Left,Left,1009,101,201,0,nan,nan,0.66
4/28/2026 22:53:14,1.17.3,FR5,62,4.06,nan,5,Left,Left,1010,101,201,0,nan,nan,0.00
4/28/2026 22:53:15,1.17.3,FR5,62,4.05,1,5,Pellet,Left,1010,101,202,0,0.12,36,nan
4/28/2026 23:06:42,1.17.3,FR5,62,4.06,nan,5,Right,Left,1010,102,202,0,nan,nan,0.42
4/28/2026 23:46:41,1.17.3,FR5,62,4.05,nan,5,Left,Left,1011,102,202,0,nan,nan,0.07
4/28/2026 23:46:42,1.17.3,FR5,62,4.05,nan,5,Left,Left,1012,102,202,0,nan,nan,0.13
4/28/2026 23:46:43,1.17.3,FR5,62,4.06,nan,5,Left,Left,1013,102,202,0,nan,nan,0.00
4/28/2026 23:46:45,1.17.3,FR5,62,4.06,nan,5,Left,Left,1014,102,202,0,nan,nan,0.23
4/28/2026 23:46:45,1.17.3,FR5,62,4.06,nan,5,Left,Left,1015,102,202,0,nan,nan,0.00
4/28/2026 23:46:46,1.17.3,FR5,62,4.05,2,5,Pellet,Left,1015,102,203,0,0.12,3211,nan
4/28/2026 23:48:50,1.17.3,FR5,62,4.06,nan,5,Left,Left,1016,102,203,0,nan,nan,0.23
4/28/2026 23:48:53,1.17.3,FR5,62,4.05,nan,5,Left,Left,1017,102,203,0,nan,nan,0.09
4/28/2026 23:48:54,1.17.3,FR5,62,4.06,nan,5,Left,Left,1018,102,203,0,nan,nan,0.04
4/28/2026 23:48:57,1.17.3,FR5,62,4.05,nan,5,Left,Left,1019,102,203,0,nan,nan,0.05
4/28/2026 23:48:58,1.17.3,FR5,62,4.06,nan,5,Left,Left,1020,102,203,0,nan,nan,0.00
4/28/2026 23:48:59,1.17.3,FR5,62,4.05,1,5,Pellet,Left,1020,102,204,0,0.17,133,nan
4/28/2026 23:49:22,1.17.3,FR5,62,4.06,nan,5,Left,Left,1021,102,204,0,nan,nan,0.06
4/28/2026 23:49:25,1.17.3,FR5,62,4.05,nan,5,Left,Left,1022,102,204,0,nan,nan,0.05
4/28/2026 23:49:28,1.17.3,FR5,62,4.05,nan,5,Left,Left,1023,102,204,0,nan,nan,0.41
4/28/2026 23:49:28,1.17.3,FR5,62,4.06,nan,5,Left,Left,1024,102,204,0,nan,nan,0.05
4/28/2026 23:49:29,1.17.3,FR5,62,4.05,nan,5,Left,Left,1025,102,204,0,nan,nan,0.01
4/28/2026 23:49:45,1.17.3,FR5,62,4.05,4,5,Pellet,Left,1025,102,205,0,10.61,46,nan
4/28/2026 23:50:50,1.17.3,FR5,62,4.05,nan,5,Left,Left,1026,102,205,0,nan,nan,0.06
4/28/2026 23:50:50,1.17.3,FR5,62,4.06,nan,5,Left,Left,1027,102,205,0,nan,nan,0.07
4/28/2026 23:50:53,1.17.3,FR5,62,4.06,nan,5,Left,Left,1028,102,205,0,nan,nan,0.48
4/28/2026 23:50:56,1.17.3,FR5,62,4.05,nan,5,Left,Left,1029,102,205,0,nan,nan,0.42
4/28/2026 23:50:57,1.17.3,FR5,62,4.06,nan,5,Left,Left,1030,102,205,0,nan,nan,0.35
4/28/2026 23:50:58,1.17.3,FR5,62,4.05,2,5,Pellet,Left,1030,102,206,0,0.23,73,nan
4/28/2026 23:52:41,1.17.3,FR5,62,4.05,nan,5,Left,Left,1031,102,206,0,nan,nan,0.06
4/28/2026 23:52:44,1.17.3,FR5,62,4.05,nan,5,Left,Left,1032,102,206,0,nan,nan,0.02
4/28/2026 23:52:46,1.17.3,FR5,62,4.05,nan,5,Left,Left,1033,102,206,0,nan,nan,0.03
4/28/2026 23:52:47,1.17.3,FR5,62,4.05,nan,5,Left,Left,1034,102,206,0,nan,nan,0.26
4/28/2026 23:53:08,1.17.3,FR5,62,4.06,nan,5,Left,Left,1035,102,206,0,nan,nan,0.54
4/28/2026 23:53:10,1.17.3,FR5,62,4.05,2,5,Pellet,Left,1035,102,207,0,0.35,132,nan
4/28/2026 23:53:37,1.17.3,FR5,62,4.05,nan,5,Left,Left,1036,102,207,0,nan,nan,0.20
4/28/2026 23:53:38,1.17.3,FR5,62,4.05,nan,5,Left,Left,1037,102,207,0,nan,nan,0.06
4/28/2026 23:53:40,1.17.3,FR5,62,4.06,nan,5,Left,Left,1038,102,207,0,nan,nan,0.35
4/28/2026 23:53:43,1.17.3,FR5,62,4.06,nan,5,Left,Left,1039,102,207,0,nan,nan,0.03
4/28/2026 23:53:43,1.17.3,FR5,62,4.05,nan,5,Left,Left,1040,102,207,0,nan,nan,0.03
4/28/2026 23:53:44,1.17.3,FR5,62,4.05,2,5,Pellet,Left,1040,102,208,0,0.06,34,nan
4/28/2026 23:54:04,1.17.3,FR5,62,4.05,nan,5,Left,Left,1041,102,208,0,nan,nan,0.03
4/28/2026 23:54:09,1.17.3,FR5,62,4.06,nan,5,Left,Left,1042,102,208,0,nan,nan,0.01
4/28/2026 23:54:13,1.17.3,FR5,62,4.06,nan,5,Left,Left,1043,102,208,0,nan,nan,0.13
4/28/2026 23:54:13,1.17.3,FR5,62,4.06,nan,5,Left,Left,1044,102,208,0,nan,nan,0.02
4/28/2026 23:54:15,1.17.3,FR5,62,4.06,nan,5,Left,Left,1045,102,208,0,nan,nan,0.00
4/28/2026 23:54:16,1.17.3,FR5,62,4.06,2,5,Pellet,Left,1045,102,209,0,0.12,32,nan
4/28/2026 23:56:57,1.17.3,FR5,62,4.05,nan,5,Left,Left,1046,102,209,0,nan,nan,0.10
4/28/2026 23:57:08,1.17.3,FR5,62,4.05,nan,5,Left,Left,1047,102,209,0,nan,nan,0.05
4/28/2026 23:57:09,1.17.3,FR5,62,4.05,nan,5,Left,Left,1048,102,209,0,nan,nan,0.01
4/28/2026 23:57:12,1.17.3,FR5,62,4.06,nan,5,Left,Left,1049,102,209,0,nan,nan,0.16
4/28/2026 23:57:12,1.17.3,FR5,62,4.05,nan,5,Left,Left,1050,102,209,0,nan,nan,0.00
4/28/2026 23:57:13,1.17.3,FR5,62,4.05,nan,5,LeftDuringDispense,Left,1051,102,209,0,nan,nan,0.02
4/28/2026 23:57:18,1.17.3,FR5,62,4.05,3,5,Pellet,Left,1051,102,210,0,0.17,182,nan
4/28/2026 23:58:55,1.17.3,FR5,62,4.05,nan,5,Left,Left,1052,102,210,0,nan,nan,0.08
4/28/2026 23:58:57,1.17.3,FR5,62,4.06,nan,5,Left,Left,1053,102,210,0,nan,nan,0.06
4/28/2026 23:58:59,1.17.3,FR5,62,4.05,nan,5,Left,Left,1054,102,210,0,nan,nan,0.51
4/28/2026 23:59:00,1.17.3,FR5,62,4.05,nan,5,Left,Left,1055,102,210,0,nan,nan,0.03
4/28/2026 23:59:00,1.17.3,FR5,62,4.05,1,5,Pellet,Left,1055,102,211,0,0.17,102,nan
4/28/2026 23:59:20,1.17.3,FR5,62,4.06,nan,5,Left,Left,1056,102,211,0,nan,nan,0.12
4/28/2026 23:59:21,1.17.3,FR5,62,4.06,nan,5,Left,Left,1057,102,211,0,nan,nan,0.06
4/28/2026 23:59:22,1.17.3,FR5,62,4.05,nan,5,Left,Left,1058,102,211,0,nan,nan,0.57
4/28/2026 23:59:23,1.17.3,FR5,62,4.05,nan,5,Left,Left,1059,102,211,0,nan,nan,0.04
4/28/2026 23:59:25,1.17.3,FR5,62,4.05,nan,5,Left,Left,1060,102,211,0,nan,nan,0.21
4/28/2026 23:59:26,1.17.3,FR5,62,4.05,2,5,Pellet,Left,1060,102,212,0,0.06,26,nan
4/29/2026 0:00:11,1.17.3,FR5,62,4.05,nan,5,Left,Left,1061,102,212,0,nan,nan,0.36
4/29/2026 0:00:13,1.17.3,FR5,62,4.05,nan,5,Left,Left,1062,102,212,0,nan,nan,0.57
4/29/2026 0:00:14,1.17.3,FR5,62,4.05,nan,5,Left,Left,1063,102,212,0,nan,nan,0.00
4/29/2026 0:00:16,1.17.3,FR5,62,4.05,nan,5,Left,Left,1064,102,212,0,nan,nan,0.41
4/29/2026 0:00:17,1.17.3,FR5,62,4.05,nan,5,Left,Left,1065,102,212,0,nan,nan,0.00
4/29/2026 0:00:18,1.17.3,FR5,62,4.05,nan,5,LeftDuringDispense,Left,1066,102,212,0,nan,nan,0.08
4/29/2026 0:00:21,1.17.3,FR5,62,4.05,2,5,Pellet,Left,1066,102,213,0,0.65,55,nan
4/29/2026 0:00:46,1.17.3,FR5,62,4.06,nan,5,Left,Left,1067,102,213,0,nan,nan,0.07
4/29/2026 0:00:47,1.17.3,FR5,62,4.05,nan,5,Left,Left,1068,102,213,0,nan,nan,0.43
4/29/2026 0:00:52,1.17.3,FR5,62,4.06,nan,5,Left,Left,1069,102,213,0,nan,nan,0.30
4/29/2026 0:00:53,1.17.3,FR5,62,4.05,nan,5,Left,Left,1070,102,213,0,nan,nan,0.00
4/29/2026 0:00:53,1.17.3,FR5,62,4.06,nan,5,LeftDuringDispense,Left,1071,102,213,0,nan,nan,0.08
4/29/2026 0:00:56,1.17.3,FR5,62,4.05,2,5,Pellet,Left,1071,102,214,0,0.47,35,nan
4/29/2026 0:18:56,1.17.3,FR5,62,4.05,nan,5,Right,Left,1071,103,214,0,nan,nan,0.29
4/29/2026 0:18:57,1.17.3,FR5,62,4.05,nan,5,Right,Left,1071,104,214,0,nan,nan,0.27
4/29/2026 0:38:26,1.17.3,FR5,62,4.05,nan,5,Right,Left,1071,105,214,0,nan,nan,0.03
4/29/2026 0:38:28,1.17.3,FR5,62,4.06,nan,5,Right,Left,1071,106,214,0,nan,nan,0.09
4/29/2026 0:38:30,1.17.3,FR5,62,4.05,nan,5,Right,Left,1071,107,214,0,nan,nan,0.05
4/29/2026 1:40:56,1.17.3,FR5,62,4.05,nan,5,Right,Left,1071,108,214,0,nan,nan,0.23
4/29/2026 1:40:58,1.17.3,FR5,62,4.05,nan,5,Right,Left,1071,109,214,0,nan,nan,0.37
4/29/2026 1:44:09,1.17.3,FR5,62,4.05,nan,5,Right,Left,1071,110,214,0,nan,nan,0.01
4/29/2026 1:44:54,1.17.3,FR5,62,4.05,nan,5,Left,Left,1072,110,214,0,nan,nan,0.02
4/29/2026 1:44:55,1.17.3,FR5,62,4.05,nan,5,Left,Left,1073,110,214,0,nan,nan,0.25
4/29/2026 1:44:56,1.17.3,FR5,62,4.06,nan,5,Left,Left,1074,110,214,0,nan,nan,0.23
4/29/2026 1:44:58,1.17.3,FR5,62,4.05,nan,5,Left,Left,1075,110,214,0,nan,nan,0.48
4/29/2026 1:44:59,1.17.3,FR5,62,4.05,1,5,Pellet,Left,1075,110,215,0,0.23,6243,nan
4/29/2026 1:45:26,1.17.3,FR5,62,4.05,nan,5,Left,Left,1076,110,215,0,nan,nan,0.33
4/29/2026 1:45:28,1.17.3,FR5,62,4.05,nan,5,Left,Left,1077,110,215,0,nan,nan,0.65
4/29/2026 1:45:29,1.17.3,FR5,62,4.05,nan,5,Left,Left,1078,110,215,0,nan,nan,0.29
4/29/2026 1:45:30,1.17.3,FR5,62,4.05,nan,5,Left,Left,1079,110,215,0,nan,nan,0.00
4/29/2026 1:45:32,1.17.3,FR5,62,4.05,nan,5,Left,Left,1080,110,215,0,nan,nan,0.49
4/29/2026 1:45:33,1.17.3,FR5,62,4.05,1,5,Pellet,Left,1080,110,216,0,0.41,34,nan
4/29/2026 1:45:50,1.17.3,FR5,62,4.05,nan,5,Left,Left,1081,110,216,0,nan,nan,0.09
4/29/2026 1:45:52,1.17.3,FR5,62,4.05,nan,5,Left,Left,1082,110,216,0,nan,nan,0.40
4/29/2026 1:45:55,1.17.3,FR5,62,4.05,nan,5,Left,Left,1083,110,216,0,nan,nan,0.84
4/29/2026 1:45:56,1.17.3,FR5,62,4.05,nan,5,Left,Left,1084,110,216,0,nan,nan,0.13
4/29/2026 1:45:59,1.17.3,FR5,62,4.05,nan,5,Left,Left,1085,110,216,0,nan,nan,0.13
4/29/2026 1:45:59,1.17.3,FR5,62,4.04,nan,5,LeftDuringDispense,Left,1086,110,216,0,nan,nan,0.00
4/29/2026 1:46:05,1.17.3,FR5,62,4.05,3,5,Pellet,Left,1086,110,217,0,0.65,32,nan
4/29/2026 1:57:24,1.17.3,FR5,62,4.05,nan,5,Left,Left,1087,110,217,0,nan,nan,0.11
4/29/2026 1:57:33,1.17.3,FR5,62,4.05,nan,5,Left,Left,1088,110,217,0,nan,nan,0.15
4/29/2026 1:57:36,1.17.3,FR5,62,4.05,nan,5,Left,Left,1089,110,217,0,nan,nan,0.26
4/29/2026 1:57:37,1.17.3,FR5,62,4.05,nan,5,Left,Left,1090,110,217,0,nan,nan,0.00
4/29/2026 1:57:39,1.17.3,FR5,62,4.05,1,5,Pellet,Left,1090,110,218,0,1.49,694,nan
4/29/2026 1:58:38,1.17.3,FR5,62,4.05,nan,5,Left,Left,1091,110,218,0,nan,nan,0.14
4/29/2026 1:58:39,1.17.3,FR5,62,4.05,nan,5,Left,Left,1092,110,218,0,nan,nan,0.04
4/29/2026 1:58:43,1.17.3,FR5,62,4.05,nan,5,Left,Left,1093,110,218,0,nan,nan,0.28
4/29/2026 3:22:39,1.17.3,FR5,62,4.05,nan,5,Left,Left,1094,110,218,0,nan,nan,0.31
4/29/2026 3:22:41,1.17.3,FR5,62,4.05,nan,5,Left,Left,1095,110,218,0,nan,nan,0.44
4/29/2026 3:22:44,1.17.3,FR5,62,4.05,2,5,Pellet,Left,1095,110,219,0,1.67,5105,nan
4/29/2026 3:24:57,1.17.3,FR5,62,4.05,nan,5,Left,Left,1096,110,219,0,nan,nan,0.05
4/29/2026 3:24:57,1.17.3,FR5,62,4.05,nan,5,Left,Left,1097,110,219,0,nan,nan,0.00
4/29/2026 3:24:59,1.17.3,FR5,62,4.05,nan,5,Left,Left,1098,110,219,0,nan,nan,0.01
4/29/2026 3:25:00,1.17.3,FR5,62,4.05,nan,5,Left,Left,1099,110,219,0,nan,nan,0.02
4/29/2026 3:25:01,1.17.3,FR5,62,4.05,nan,5,Left,Left,1100,110,219,0,nan,nan,0.00
4/29/2026 3:25:03,1.17.3,FR5,62,4.05,1,5,Pellet,Left,1100,110,220,0,0.65,139,nan
4/29/2026 3:25:23,1.17.3,FR5,62,4.05,nan,5,Left,Left,1101,110,220,0,nan,nan,0.15
4/29/2026 3:25:25,1.17.3,FR5,62,4.05,nan,5,Left,Left,1102,110,220,0,nan,nan,0.73
4/29/2026 3:25:27,1.17.3,FR5,62,4.05,nan,5,Left,Left,1103,110,220,0,nan,nan,0.03
4/29/2026 3:25:30,1.17.3,FR5,62,4.05,nan,5,Left,Left,1104,110,220,0,nan,nan,0.05
4/29/2026 3:25:33,1.17.3,FR5,62,4.05,nan,5,Left,Left,1105,110,220,0,nan,nan,0.19
4/29/2026 3:25:34,1.17.3,FR5,62,4.05,2,5,Pellet,Left,1105,110,221,0,0.17,31,nan
4/29/2026 3:25:56,1.17.3,FR5,62,4.05,nan,5,Left,Left,1106,110,221,0,nan,nan,0.06
4/29/2026 3:25:57,1.17.3,FR5,62,4.05,nan,5,Left,Left,1107,110,221,0,nan,nan,0.00
4/29/2026 3:25:58,1.17.3,FR5,62,4.05,nan,5,Left,Left,1108,110,221,0,nan,nan,0.23
4/29/2026 3:25:59,1.17.3,FR5,62,4.05,nan,5,Left,Left,1109,110,221,0,nan,nan,0.00
4/29/2026 3:25:59,1.17.3,FR5,62,4.05,nan,5,Left,Left,1110,110,221,0,nan,nan,0.00
4/29/2026 3:26:01,1.17.3,FR5,62,4.05,1,5,Pellet,Left,1110,110,222,0,0.65,27,nan
4/29/2026 3:26:15,1.17.3,FR5,62,4.05,nan,5,Left,Left,1111,110,222,0,nan,nan,0.24
4/29/2026 3:26:16,1.17.3,FR5,62,4.05,nan,5,Left,Left,1112,110,222,0,nan,nan,0.12
4/29/2026 3:26:17,1.17.3,FR5,62,4.05,nan,5,Left,Left,1113,110,222,0,nan,nan,0.10
4/29/2026 3:26:18,1.17.3,FR5,62,4.05,nan,5,Left,Left,1114,110,222,0,nan,nan,0.02
4/29/2026 3:26:19,1.17.3,FR5,62,4.05,nan,5,Left,Left,1115,110,222,0,nan,nan,0.52
4/29/2026 3:26:20,1.17.3,FR5,62,4.05,1,5,Pellet,Left,1115,110,223,0,0.53,19,nan
4/29/2026 3:29:45,1.17.3,FR5,62,4.05,nan,5,Left,Left,1116,110,223,0,nan,nan,0.06
4/29/2026 3:29:49,1.17.3,FR5,62,4.05,nan,5,Left,Left,1117,110,223,0,nan,nan,0.47
4/29/2026 3:29:50,1.17.3,FR5,62,4.05,nan,5,Left,Left,1118,110,223,0,nan,nan,0.48
4/29/2026 3:29:52,1.17.3,FR5,62,4.05,nan,5,Left,Left,1119,110,223,0,nan,nan,0.07
4/29/2026 3:29:54,1.17.3,FR5,62,4.05,nan,5,Left,Left,1120,110,223,0,nan,nan,0.58
4/29/2026 3:29:57,1.17.3,FR5,62,4.04,2,5,Pellet,Left,1120,110,224,0,0.35,217,nan
4/29/2026 3:30:26,1.17.3,FR5,62,4.05,nan,5,Left,Left,1121,110,224,0,nan,nan,0.04
4/29/2026 3:30:31,1.17.3,FR5,62,4.05,nan,5,Left,Left,1122,110,224,0,nan,nan,0.15
4/29/2026 3:30:34,1.17.3,FR5,62,4.05,nan,5,Left,Left,1123,110,224,0,nan,nan,0.50
4/29/2026 3:30:35,1.17.3,FR5,62,4.04,nan,5,Left,Left,1124,110,224,0,nan,nan,0.16
4/29/2026 3:30:36,1.17.3,FR5,62,4.05,nan,5,Left,Left,1125,110,224,0,nan,nan,0.03
4/29/2026 3:30:36,1.17.3,FR5,62,4.05,nan,5,LeftDuringDispense,Left,1126,110,224,0,nan,nan,0.03
4/29/2026 3:30:40,1.17.3,FR5,62,4.05,2,5,Pellet,Left,1126,110,225,0,0.35,43,nan
4/29/2026 3:35:13,1.17.3,FR5,62,4.05,nan,5,Right,Left,1126,111,225,0,nan,nan,0.03
4/29/2026 4:28:22,1.17.3,FR5,62,4.04,nan,5,Left,Left,1127,111,225,0,nan,nan,0.83
4/29/2026 4:28:24,1.17.3,FR5,62,4.05,nan,5,Left,Left,1128,111,225,0,nan,nan,0.49
4/29/2026 4:28:25,1.17.3,FR5,62,4.05,nan,5,Left,Left,1129,111,225,0,nan,nan,0.37
4/29/2026 4:28:27,1.17.3,FR5,62,4.05,nan,5,Left,Left,1130,111,225,0,nan,nan,0.36
4/29/2026 4:28:28,1.17.3,FR5,62,4.05,1,5,Pellet,Left,1130,111,226,0,0.53,3468,nan
4/29/2026 4:29:20,1.17.3,FR5,62,4.05,nan,5,Left,Left,1131,111,226,0,nan,nan,0.55
4/29/2026 4:29:21,1.17.3,FR5,62,4.05,nan,5,Left,Left,1132,111,226,0,nan,nan,0.59
4/29/2026 4:29:23,1.17.3,FR5,62,4.05,nan,5,Left,Left,1133,111,226,0,nan,nan,0.35
4/29/2026 4:29:25,1.17.3,FR5,62,4.05,nan,5,Left,Left,1134,111,226,0,nan,nan,0.07
4/29/2026 4:29:25,1.17.3,FR5,62,4.05,nan,5,Left,Left,1135,111,226,0,nan,nan,0.06
4/29/2026 4:29:26,1.17.3,FR5,62,4.05,1,5,Pellet,Left,1135,111,227,0,0.17,58,nan
4/29/2026 4:29:52,1.17.3,FR5,62,4.04,nan,5,Left,Left,1136,111,227,0,nan,nan,0.03
4/29/2026 4:29:54,1.17.3,FR5,62,4.05,nan,5,Left,Left,1137,111,227,0,nan,nan,0.18
4/29/2026 4:33:32,1.17.3,FR5,62,4.04,nan,5,Left,Left,1138,111,227,0,nan,nan,0.56
4/29/2026 4:33:39,1.17.3,FR5,62,4.05,nan,5,Left,Left,1139,111,227,0,nan,nan,0.33
4/29/2026 4:34:07,1.17.3,FR5,62,4.05,nan,5,Right,Left,1139,112,227,0,nan,nan,0.51
4/29/2026 4:34:09,1.17.3,FR5,62,4.05,nan,5,Right,Left,1139,113,227,0,nan,nan,0.25
4/29/2026 4:34:22,1.17.3,FR5,62,4.05,nan,5,Left,Left,1140,113,227,0,nan,nan,0.13
4/29/2026 4:34:23,1.17.3,FR5,62,4.04,1,5,Pellet,Left,1140,113,228,0,0.35,297,nan
4/29/2026 4:34:40,1.17.3,FR5,62,4.04,nan,5,Left,Left,1141,113,228,0,nan,nan,0.24
4/29/2026 4:43:04,1.17.3,FR5,62,4.05,nan,5,Left,Left,1142,113,228,0,nan,nan,0.36
4/29/2026 4:46:53,1.17.3,FR5,62,4.05,nan,5,Left,Left,1143,113,228,0,nan,nan,0.26
4/29/2026 4:46:54,1.17.3,FR5,62,4.05,nan,5,Left,Left,1144,113,228,0,nan,nan,0.00
4/29/2026 4:46:55,1.17.3,FR5,62,4.04,nan,5,Left,Left,1145,113,228,0,nan,nan,0.11
4/29/2026 4:46:56,1.17.3,FR5,62,4.04,2,5,Pellet,Left,1145,113,229,0,0.23,753,nan
4/29/2026 4:50:16,1.17.3,FR5,62,4.05,nan,5,Left,Left,1146,113,229,0,nan,nan,0.44
4/29/2026 4:50:17,1.17.3,FR5,62,4.05,nan,5,Left,Left,1147,113,229,0,nan,nan,0.00
4/29/2026 4:50:18,1.17.3,FR5,62,4.05,nan,5,Left,Left,1148,113,229,0,nan,nan,0.41
4/29/2026 4:50:19,1.17.3,FR5,62,4.05,nan,5,Left,Left,1149,113,229,0,nan,nan,0.08
4/29/2026 4:50:22,1.17.3,FR5,62,4.04,nan,5,Left,Left,1150,113,229,0,nan,nan,0.30
4/29/2026 4:50:23,1.17.3,FR5,62,4.04,1,5,Pellet,Left,1150,113,230,0,0.23,207,nan
4/29/2026 4:50:49,1.17.3,FR5,62,4.05,nan,5,Left,Left,1151,113,230,0,nan,nan,0.28
4/29/2026 4:54:46,1.17.3,FR5,62,4.05,nan,5,Left,Left,1152,113,230,0,nan,nan,0.55
4/29/2026 4:54:47,1.17.3,FR5,62,4.04,nan,5,Left,Left,1153,113,230,0,nan,nan,0.00
4/29/2026 4:54:48,1.17.3,FR5,62,4.04,nan,5,Left,Left,1154,113,230,0,nan,nan,0.42
4/29/2026 4:54:49,1.17.3,FR5,62,4.05,nan,5,Left,Left,1155,113,230,0,nan,nan,0.40
4/29/2026 4:54:52,1.17.3,FR5,62,4.04,2,5,Pellet,Left,1155,113,231,0,0.29,269,nan
4/29/2026 5:00:26,1.17.3,FR5,62,4.05,nan,5,Left,Left,1156,113,231,0,nan,nan,0.16
4/29/2026 5:00:27,1.17.3,FR5,62,4.04,nan,5,Left,Left,1157,113,231,0,nan,nan,0.02
4/29/2026 5:00:29,1.17.3,FR5,62,4.04,nan,5,Left,Left,1158,113,231,0,nan,nan,0.63
4/29/2026 5:00:32,1.17.3,FR5,62,4.04,nan,5,Left,Left,1159,113,231,0,nan,nan,0.50
4/29/2026 5:00:33,1.17.3,FR5,62,4.04,nan,5,Left,Left,1160,113,231,0,nan,nan,0.22
4/29/2026 5:00:34,1.17.3,FR5,62,4.04,nan,5,LeftDuringDispense,Left,1161,113,231,0,nan,nan,0.06
4/29/2026 5:00:37,1.17.3,FR5,62,4.04,2,5,Pellet,Left,1161,113,232,0,0.41,345,nan
4/29/2026 5:07:31,1.17.3,FR5,62,4.05,nan,5,Right,Left,1161,114,232,0,nan,nan,0.16
4/29/2026 5:11:44,1.17.3,FR5,62,4.04,nan,5,Left,Left,1162,114,232,0,nan,nan,0.10
4/29/2026 5:11:46,1.17.3,FR5,62,4.04,nan,5,Left,Left,1163,114,232,0,nan,nan,0.46
4/29/2026 5:11:48,1.17.3,FR5,62,4.04,nan,5,Left,Left,1164,114,232,0,nan,nan,0.77
4/29/2026 5:11:50,1.17.3,FR5,62,4.04,nan,5,Left,Left,1165,114,232,0,nan,nan,0.04
4/29/2026 5:11:51,1.17.3,FR5,62,4.04,nan,5,LeftDuringDispense,Left,1166,114,232,0,nan,nan,0.14
4/29/2026 5:11:55,1.17.3,FR5,62,4.05,3,5,Pellet,Left,1166,114,233,0,1.01,678,nan
4/29/2026 5:40:26,1.17.3,FR5,62,4.04,nan,5,Right,Left,1166,115,233,0,nan,nan,0.33
4/29/2026 6:09:31,1.17.3,FR5,62,4.03,nan,5,Left,Left,1167,115,233,0,nan,nan,0.29
4/29/2026 6:11:22,1.17.3,FR5,62,4.04,nan,5,Left,Left,1168,115,233,0,nan,nan,0.33
4/29/2026 6:11:28,1.17.3,FR5,62,4.04,nan,5,Left,Left,1169,115,233,0,nan,nan,0.45
4/29/2026 6:11:32,1.17.3,FR5,62,4.04,nan,5,Left,Left,1170,115,233,0,nan,nan,0.02
4/29/2026 6:11:33,1.17.3,FR5,62,4.04,1,5,Pellet,Left,1170,115,234,0,0.29,3578,nan
4/29/2026 6:12:06,1.17.3,FR5,62,4.04,nan,5,Left,Left,1171,115,234,0,nan,nan,0.01
4/29/2026 6:12:07,1.17.3,FR5,62,4.04,nan,5,Left,Left,1172,115,234,0,nan,nan,0.08
4/29/2026 6:12:13,1.17.3,FR5,62,4.04,nan,5,Left,Left,1173,115,234,0,nan,nan,0.30
4/29/2026 6:12:14,1.17.3,FR5,62,4.04,nan,5,Left,Left,1174,115,234,0,nan,nan,0.33
4/29/2026 6:12:17,1.17.3,FR5,62,4.03,nan,5,Left,Left,1175,115,234,0,nan,nan,0.08
4/29/2026 6:12:18,1.17.3,FR5,62,4.03,1,5,Pellet,Left,1175,115,235,0,0.29,45,nan
4/29/2026 6:12:42,1.17.3,FR5,62,4.04,nan,5,Left,Left,1176,115,235,0,nan,nan,0.02
4/29/2026 6:13:46,1.17.3,FR5,62,4.04,nan,5,Left,Left,1177,115,235,0,nan,nan,0.03
4/29/2026 6:13:48,1.17.3,FR5,62,4.04,nan,5,Left,Left,1178,115,235,0,nan,nan,0.14
4/29/2026 6:13:50,1.17.3,FR5,62,4.04,nan,5,Left,Left,1179,115,235,0,nan,nan,0.37
4/29/2026 6:13:52,1.17.3,FR5,62,4.04,nan,5,Left,Left,1180,115,235,0,nan,nan,0.03
4/29/2026 6:13:53,1.17.3,FR5,62,4.05,1,5,Pellet,Left,1180,115,236,0,0.23,95,nan
4/29/2026 6:14:12,1.17.3,FR5,62,4.04,nan,5,Left,Left,1181,115,236,0,nan,nan,0.07
4/29/2026 6:14:14,1.17.3,FR5,62,4.04,nan,5,Left,Left,1182,115,236,0,nan,nan,0.76
4/29/2026 6:14:15,1.17.3,FR5,62,4.04,nan,5,Left,Left,1183,115,236,0,nan,nan,0.44
4/29/2026 6:14:18,1.17.3,FR5,62,4.04,nan,5,Left,Left,1184,115,236,0,nan,nan,0.11
4/29/2026 6:14:19,1.17.3,FR5,62,4.05,nan,5,Left,Left,1185,115,236,0,nan,nan,0.15
4/29/2026 6:14:20,1.17.3,FR5,62,4.03,1,5,Pellet,Left,1185,115,237,0,0.17,27,nan
4/29/2026 6:14:46,1.17.3,FR5,62,4.04,nan,5,Left,Left,1186,115,237,0,nan,nan,0.05
4/29/2026 6:16:04,1.17.3,FR5,62,4.04,nan,5,Left,Left,1187,115,237,0,nan,nan,0.00
4/29/2026 6:16:05,1.17.3,FR5,62,4.04,nan,5,Left,Left,1188,115,237,0,nan,nan,0.03
4/29/2026 6:16:06,1.17.3,FR5,62,4.04,nan,5,Left,Left,1189,115,237,0,nan,nan,0.04
4/29/2026 6:16:07,1.17.3,FR5,62,4.04,nan,5,Left,Left,1190,115,237,0,nan,nan,0.58
4/29/2026 6:16:08,1.17.3,FR5,62,4.04,nan,5,LeftDuringDispense,Left,1191,115,237,0,nan,nan,0.08
4/29/2026 6:16:13,1.17.3,FR5,62,4.03,3,5,Pellet,Left,1191,115,238,0,0.06,113,nan
4/29/2026 6:17:15,1.17.3,FR5,62,4.04,nan,5,Left,Left,1192,115,238,0,nan,nan,1.43
4/29/2026 6:17:16,1.17.3,FR5,62,4.04,nan,5,Left,Left,1193,115,238,0,nan,nan,0.18
4/29/2026 6:17:17,1.17.3,FR5,62,4.04,nan,5,Left,Left,1194,115,238,0,nan,nan,0.00
4/29/2026 6:17:18,1.17.3,FR5,62,4.04,nan,5,Left,Left,1195,115,238,0,nan,nan,0.54
4/29/2026 6:17:19,1.17.3,FR5,62,4.03,1,5,Pellet,Left,1195,115,239,0,0.35,66,nan
4/29/2026 6:17:51,1.17.3,FR5,62,4.04,nan,5,Left,Left,1196,115,239,0,nan,nan,0.02
4/29/2026 6:17:53,1.17.3,FR5,62,4.03,nan,5,Left,Left,1197,115,239,0,nan,nan,0.07
4/29/2026 6:18:00,1.17.3,FR5,62,4.05,nan,5,Left,Left,1198,115,239,0,nan,nan,0.05
4/29/2026 6:18:01,1.17.3,FR5,62,4.03,nan,5,Left,Left,1199,115,239,0,nan,nan,0.05
4/29/2026 6:18:02,1.17.3,FR5,62,4.04,nan,5,Left,Left,1200,115,239,0,nan,nan,0.12
4/29/2026 6:18:03,1.17.3,FR5,62,4.04,2,5,Pellet,Left,1200,115,240,0,0.06,44,nan
4/29/2026 6:18:27,1.17.3,FR5,62,4.04,nan,5,Left,Left,1201,115,240,0,nan,nan,0.02
4/29/2026 6:18:33,1.17.3,FR5,62,4.04,nan,5,Left,Left,1202,115,240,0,nan,nan,0.54
4/29/2026 6:18:34,1.17.3,FR5,62,4.03,nan,5,Left,Left,1203,115,240,0,nan,nan,0.15
4/29/2026 6:18:36,1.17.3,FR5,62,4.04,nan,5,Left,Left,1204,115,240,0,nan,nan,0.63
4/29/2026 6:18:37,1.17.3,FR5,62,4.04,nan,5,Left,Left,1205,115,240,0,nan,nan,0.20
4/29/2026 6:18:38,1.17.3,FR5,62,4.03,1,5,Pellet,Left,1205,115,241,0,0.17,35,nan
4/29/2026 10:33:27,1.17.3,FR5,62,4.03,nan,5,Right,Left,1205,116,241,0,nan,nan,0.04
4/29/2026 10:33:28,1.17.3,FR5,62,4.03,nan,5,Right,Left,1205,117,241,0,nan,nan,0.12
4/29/2026 10:33:29,1.17.3,FR5,62,4.03,nan,5,Right,Left,1205,118,241,0,nan,nan,0.05
4/29/2026 10:33:49,1.17.3,FR5,62,4.03,nan,5,Left,Left,1206,118,241,0,nan,nan,0.66
4/29/2026 10:33:50,1.17.3,FR5,62,4.03,nan,5,Left,Left,1207,118,241,0,nan,nan,0.28
4/29/2026 10:33:53,1.17.3,FR5,62,4.03,nan,5,Left,Left,1208,118,241,0,nan,nan,0.34
4/29/2026 10:33:54,1.17.3,FR5,62,4.03,nan,5,Left,Left,1209,118,241,0,nan,nan,0.23
4/29/2026 10:33:55,1.17.3,FR5,62,4.03,nan,5,Left,Left,1210,118,241,0,nan,nan,0.00
4/29/2026 10:33:55,1.17.3,FR5,62,4.03,nan,5,LeftDuringDispense,Left,1211,118,241,0,nan,nan,0.08
4/29/2026 10:33:59,1.17.3,FR5,62,4.03,2,5,Pellet,Left,1211,118,242,0,0.65,15321,nan
4/29/2026 10:34:40,1.17.3,FR5,62,4.03,nan,5,Left,Left,1212,118,242,0,nan,nan,0.54
4/29/2026 10:34:43,1.17.3,FR5,62,4.03,nan,5,Left,Left,1213,118,242,0,nan,nan,0.22
4/29/2026 10:34:44,1.17.3,FR5,62,4.03,nan,5,Left,Left,1214,118,242,0,nan,nan,0.13
4/29/2026 10:34:46,1.17.3,FR5,62,4.03,nan,5,Left,Left,1215,118,242,0,nan,nan,0.29
4/29/2026 10:34:47,1.17.3,FR5,62,4.03,2,5,Pellet,Left,1215,118,243,0,0.29,48,nan
