MM:DD:YYYY hh:mm:ss,Library_Version,Session_type,Device_Number,Battery_Voltage,Motor_Turns,PelletsToSwitch,Prob_left,Prob_right,Event,High_prob_poke,Left_Poke_Count,Right_Poke_Count,Pellet_Count,Block_Pellet_Count,Retrieval_Time,InterPelletInterval,Poke_Time
11/10/2025 18:23:35,1.17.2,Bandit80,16,4.07,nan,20,20,80,Right,Right,0,1,0,0,nan,nan,0.23
11/10/2025 18:24:05,1.17.2,Bandit80,16,4.07,5,20,20,80,Pellet,Right,0,1,1,0,21.15,nan,nan
11/10/2025 18:25:16,1.17.2,Bandit80,16,4.07,nan,20,20,80,Right,Right,0,2,1,1,nan,nan,0.12
11/10/2025 18:25:17,1.17.2,Bandit80,16,4.07,1,20,20,80,Pellet,Right,0,2,2,1,0.47,72,nan
11/10/2025 18:25:26,1.17.2,Bandit80,16,4.07,nan,20,20,80,Left,Right,1,2,2,2,nan,nan,0.16
11/10/2025 18:25:57,1.17.2,Bandit80,16,4.07,nan,20,20,80,Left,Right,2,2,2,2,nan,nan,0.17
11/10/2025 18:26:01,1.17.2,Bandit80,16,4.07,nan,20,20,80,RightinTimeout,Right,2,2,2,2,nan,nan,0.00
11/10/2025 18:27:59,1.17.2,Bandit80,16,4.07,nan,20,20,80,Left,Right,3,2,2,2,nan,nan,0.17
11/10/2025 18:28:23,1.17.2,Bandit80,16,4.07,nan,20,20,80,Right,Right,3,3,2,2,nan,nan,0.43
11/10/2025 18:28:23,1.17.2,Bandit80,16,4.07,nan,20,20,80,RightDuringDispense,Right,3,3,2,2,nan,nan,0.17
11/10/2025 18:28:26,1.17.2,Bandit80,16,4.06,nan,20,20,80,RightDuringDispense,Right,3,3,2,2,nan,nan,0.15
11/10/2025 18:28:26,1.17.2,Bandit80,16,4.06,nan,20,20,80,RightDuringDispense,Right,3,3,2,2,nan,nan,0.10
11/10/2025 18:28:41,1.17.2,Bandit80,16,4.06,4,20,20,80,Pellet,Right,3,3,3,2,11.74,204,nan
11/10/2025 18:29:28,1.17.2,Bandit80,16,4.07,nan,20,20,80,Right,Right,3,4,3,3,nan,nan,0.09
11/10/2025 18:33:58,1.17.2,Bandit80,16,4.07,nan,20,20,80,Left,Right,4,4,3,3,nan,nan,0.07
11/10/2025 18:34:01,1.17.2,Bandit80,16,4.07,nan,20,20,80,RightinTimeout,Right,4,4,3,3,nan,nan,0.00
11/10/2025 18:34:01,1.17.2,Bandit80,16,4.07,nan,20,20,80,RightinTimeout,Right,4,4,3,3,nan,nan,0.00
11/10/2025 18:34:02,1.17.2,Bandit80,16,4.07,nan,20,20,80,RightinTimeout,Right,4,4,3,3,nan,nan,0.00
11/10/2025 18:34:45,1.17.2,Bandit80,16,4.06,nan,20,20,80,Right,Right,4,5,3,3,nan,nan,0.48
11/10/2025 18:34:47,1.17.2,Bandit80,16,4.06,2,20,20,80,Pellet,Right,4,5,4,3,0.53,366,nan
11/10/2025 18:35:07,1.17.2,Bandit80,16,4.07,nan,20,20,80,Right,Right,4,6,4,4,nan,nan,0.13
11/10/2025 18:35:10,1.17.2,Bandit80,16,4.07,nan,20,20,80,RightinTimeout,Right,4,6,4,4,nan,nan,0.00
11/10/2025 18:35:14,1.17.2,Bandit80,16,4.07,nan,20,20,80,RightinTimeout,Right,4,6,4,4,nan,nan,0.00
11/10/2025 18:36:10,1.17.2,Bandit80,16,4.07,nan,20,20,80,Left,Right,5,6,4,4,nan,nan,0.15
11/10/2025 18:36:13,1.17.2,Bandit80,16,4.06,nan,20,20,80,RightinTimeout,Right,5,6,4,4,nan,nan,0.00
11/10/2025 18:36:13,1.17.2,Bandit80,16,4.07,nan,20,20,80,RightinTimeout,Right,5,6,4,4,nan,nan,0.00
11/10/2025 18:36:15,1.17.2,Bandit80,16,4.06,nan,20,20,80,RightinTimeout,Right,5,6,4,4,nan,nan,0.00
11/10/2025 18:36:15,1.17.2,Bandit80,16,4.06,nan,20,20,80,RightinTimeout,Right,5,6,4,4,nan,nan,0.00
11/10/2025 18:36:31,1.17.2,Bandit80,16,4.07,nan,20,20,80,Right,Right,5,7,4,4,nan,nan,0.00
11/10/2025 18:36:39,1.17.2,Bandit80,16,4.07,2,20,20,80,Pellet,Right,5,7,5,4,7.30,112,nan
11/10/2025 18:41:47,1.17.2,Bandit80,16,4.07,nan,20,20,80,Right,Right,5,8,5,5,nan,nan,0.22
11/10/2025 18:41:48,1.17.2,Bandit80,16,4.06,1,20,20,80,Pellet,Right,5,8,6,5,0.47,309,nan
11/10/2025 18:41:59,1.17.2,Bandit80,16,4.06,nan,20,20,80,Right,Right,5,9,6,6,nan,nan,0.07
11/10/2025 18:42:00,1.17.2,Bandit80,16,4.06,1,20,20,80,Pellet,Right,5,9,7,6,0.35,12,nan
11/10/2025 18:42:16,1.17.2,Bandit80,16,4.07,nan,20,20,80,Right,Right,5,10,7,7,nan,nan,0.34
11/10/2025 18:42:18,1.17.2,Bandit80,16,4.07,2,20,20,80,Pellet,Right,5,10,8,7,0.41,18,nan
11/10/2025 18:42:25,1.17.2,Bandit80,16,4.07,nan,20,20,80,Right,Right,5,11,8,8,nan,nan,0.36
11/10/2025 18:42:31,1.17.2,Bandit80,16,4.07,nan,20,20,80,RightinTimeout,Right,5,11,8,8,nan,nan,0.00
11/10/2025 18:42:31,1.17.2,Bandit80,16,4.07,nan,20,20,80,RightinTimeout,Right,5,11,8,8,nan,nan,0.00
11/10/2025 18:42:32,1.17.2,Bandit80,16,4.06,nan,20,20,80,RightinTimeout,Right,5,11,8,8,nan,nan,0.00
11/10/2025 18:42:33,1.17.2,Bandit80,16,4.06,nan,20,20,80,RightinTimeout,Right,5,11,8,8,nan,nan,0.00
11/10/2025 18:42:35,1.17.2,Bandit80,16,4.06,nan,20,20,80,RightinTimeout,Right,5,11,8,8,nan,nan,0.00
11/10/2025 18:42:35,1.17.2,Bandit80,16,4.07,nan,20,20,80,RightinTimeout,Right,5,11,8,8,nan,nan,0.00
11/10/2025 18:42:36,1.17.2,Bandit80,16,4.07,nan,20,20,80,RightinTimeout,Right,5,11,8,8,nan,nan,0.00
11/10/2025 18:42:37,1.17.2,Bandit80,16,4.06,nan,20,20,80,RightinTimeout,Right,5,11,8,8,nan,nan,0.00
11/10/2025 18:42:43,1.17.2,Bandit80,16,4.06,nan,20,20,80,RightinTimeout,Right,5,11,8,8,nan,nan,0.00
11/10/2025 18:42:45,1.17.2,Bandit80,16,4.06,nan,20,20,80,LeftinTimeOut,Right,5,11,8,8,nan,nan,nan
11/10/2025 18:42:48,1.17.2,Bandit80,16,4.07,nan,20,20,80,LeftinTimeOut,Right,5,11,8,8,nan,nan,nan
11/10/2025 18:43:39,1.17.2,Bandit80,16,4.06,nan,20,20,80,Left,Right,6,11,8,8,nan,nan,0.17
11/10/2025 18:44:45,1.17.2,Bandit80,16,4.07,nan,20,20,80,Right,Right,6,12,8,8,nan,nan,0.18
11/10/2025 18:45:18,1.17.2,Bandit80,16,4.06,nan,20,20,80,Right,Right,6,13,8,8,nan,nan,0.06
11/10/2025 18:45:19,1.17.2,Bandit80,16,4.06,1,20,20,80,Pellet,Right,6,13,9,8,0.41,181,nan
11/10/2025 18:45:27,1.17.2,Bandit80,16,4.07,nan,20,20,80,Right,Right,6,14,9,9,nan,nan,0.06
11/10/2025 18:45:30,1.17.2,Bandit80,16,4.06,1,20,20,80,Pellet,Right,6,14,10,9,1.49,10,nan
11/10/2025 18:45:34,1.17.2,Bandit80,16,4.06,nan,20,20,80,Right,Right,6,15,10,10,nan,nan,0.04
11/10/2025 18:45:36,1.17.2,Bandit80,16,4.06,1,20,20,80,Pellet,Right,6,15,11,10,0.53,6,nan
11/10/2025 18:45:58,1.17.2,Bandit80,16,4.07,nan,20,20,80,Right,Right,6,16,11,11,nan,nan,0.33
11/10/2025 18:45:59,1.17.2,Bandit80,16,4.06,1,20,20,80,Pellet,Right,6,16,12,11,0.41,24,nan
11/10/2025 18:46:11,1.17.2,Bandit80,16,4.07,nan,20,20,80,Right,Right,6,17,12,12,nan,nan,0.07
11/10/2025 18:46:13,1.17.2,Bandit80,16,4.06,1,20,20,80,Pellet,Right,6,17,13,12,0.83,14,nan
11/10/2025 18:46:37,1.17.2,Bandit80,16,4.05,nan,20,20,80,Right,Right,6,18,13,13,nan,nan,0.08
11/10/2025 18:46:38,1.17.2,Bandit80,16,4.06,1,20,20,80,Pellet,Right,6,18,14,13,0.35,25,nan
11/10/2025 18:47:05,1.17.2,Bandit80,16,4.06,nan,20,20,80,Left,Right,7,18,14,14,nan,nan,0.09
11/10/2025 18:47:37,1.17.2,Bandit80,16,4.05,nan,20,20,80,Right,Right,7,19,14,14,nan,nan,0.18
11/10/2025 18:48:32,1.17.2,Bandit80,16,4.06,nan,20,20,80,Right,Right,7,20,14,14,nan,nan,0.14
11/10/2025 18:48:33,1.17.2,Bandit80,16,4.05,1,20,20,80,Pellet,Right,7,20,15,14,0.35,115,nan
11/10/2025 18:48:38,1.17.2,Bandit80,16,4.06,nan,20,20,80,Right,Right,7,21,15,15,nan,nan,0.05
11/10/2025 18:48:42,1.17.2,Bandit80,16,4.06,nan,20,20,80,RightinTimeout,Right,7,21,15,15,nan,nan,0.00
11/10/2025 18:49:00,1.17.2,Bandit80,16,4.07,nan,20,20,80,Left,Right,8,21,15,15,nan,nan,0.13
11/10/2025 18:49:02,1.17.2,Bandit80,16,4.06,1,20,20,80,Pellet,Right,8,21,16,15,1.07,29,nan
11/10/2025 18:49:06,1.17.2,Bandit80,16,4.05,nan,20,20,80,Left,Right,9,21,16,16,nan,nan,0.11
11/10/2025 18:49:56,1.17.2,Bandit80,16,4.07,nan,20,20,80,Right,Right,9,22,16,16,nan,nan,0.14
11/10/2025 18:49:57,1.17.2,Bandit80,16,4.06,1,20,20,80,Pellet,Right,9,22,17,16,0.41,55,nan
11/10/2025 18:50:57,1.17.2,Bandit80,16,4.07,nan,20,20,80,Right,Right,9,23,17,17,nan,nan,0.15
11/10/2025 18:50:58,1.17.2,Bandit80,16,4.06,1,20,20,80,Pellet,Right,9,23,18,17,0.29,61,nan
11/10/2025 18:51:09,1.17.2,Bandit80,16,4.06,nan,20,20,80,Right,Right,9,24,18,18,nan,nan,0.06
11/10/2025 18:51:11,1.17.2,Bandit80,16,4.06,1,20,20,80,Pellet,Right,9,24,19,18,0.35,13,nan
11/10/2025 18:51:22,1.17.2,Bandit80,16,4.07,nan,20,20,80,Right,Right,9,25,19,19,nan,nan,0.22
11/10/2025 18:51:23,1.17.2,Bandit80,16,4.06,1,20,20,80,Pellet,Right,9,25,20,19,0.23,12,nan
11/10/2025 18:51:31,1.17.2,Bandit80,16,4.06,nan,20,80,20,Right,Left,9,26,20,0,nan,nan,0.12
11/10/2025 18:51:35,1.17.2,Bandit80,16,4.06,2,20,80,20,Pellet,Left,9,26,21,0,0.83,12,nan
11/10/2025 18:53:56,1.17.2,Bandit80,16,4.06,nan,20,80,20,Right,Left,9,27,21,1,nan,nan,0.16
11/10/2025 18:56:57,1.17.2,Bandit80,16,4.06,nan,20,80,20,Left,Left,10,27,21,1,nan,nan,0.30
11/10/2025 18:56:58,1.17.2,Bandit80,16,4.06,1,20,80,20,Pellet,Left,10,27,22,1,0.53,323,nan
11/10/2025 18:57:06,1.17.2,Bandit80,16,4.06,nan,20,80,20,Left,Left,11,27,22,2,nan,nan,0.19
11/10/2025 18:57:07,1.17.2,Bandit80,16,4.05,1,20,80,20,Pellet,Left,11,27,23,2,0.59,9,nan
11/10/2025 18:57:14,1.17.2,Bandit80,16,4.06,nan,20,80,20,Left,Left,12,27,23,3,nan,nan,0.08
11/10/2025 18:57:16,1.17.2,Bandit80,16,4.06,1,20,80,20,Pellet,Left,12,27,24,3,0.77,9,nan
11/10/2025 19:08:39,1.17.2,Bandit80,16,4.07,nan,20,80,20,Left,Left,13,27,24,4,nan,nan,0.05
11/10/2025 19:08:41,1.17.2,Bandit80,16,4.05,1,20,80,20,Pellet,Left,13,27,25,4,0.83,685,nan
11/10/2025 19:09:32,1.17.2,Bandit80,16,4.05,nan,20,80,20,Left,Left,14,27,25,5,nan,nan,0.13
11/10/2025 19:20:54,1.17.2,Bandit80,16,4.06,nan,20,80,20,Left,Left,15,27,25,5,nan,nan,0.04
11/10/2025 19:20:55,1.17.2,Bandit80,16,4.06,1,20,80,20,Pellet,Left,15,27,26,5,0.95,734,nan
11/10/2025 19:21:06,1.17.2,Bandit80,16,4.06,nan,20,80,20,Left,Left,16,27,26,6,nan,nan,0.10
11/10/2025 19:21:07,1.17.2,Bandit80,16,4.06,1,20,80,20,Pellet,Left,16,27,27,6,0.53,12,nan
11/10/2025 19:21:16,1.17.2,Bandit80,16,4.06,nan,20,80,20,Left,Left,17,27,27,7,nan,nan,0.05
11/10/2025 19:21:17,1.17.2,Bandit80,16,4.06,nan,20,80,20,LeftinTimeOut,Left,17,27,27,7,nan,nan,nan
11/10/2025 19:21:19,1.17.2,Bandit80,16,4.06,nan,20,80,20,LeftinTimeOut,Left,17,27,27,7,nan,nan,nan
11/10/2025 19:21:20,1.17.2,Bandit80,16,4.06,nan,20,80,20,LeftinTimeOut,Left,17,27,27,7,nan,nan,nan
11/10/2025 19:21:24,1.17.2,Bandit80,16,4.06,nan,20,80,20,LeftinTimeOut,Left,17,27,27,7,nan,nan,nan
11/10/2025 19:21:26,1.17.2,Bandit80,16,4.06,nan,20,80,20,LeftinTimeOut,Left,17,27,27,7,nan,nan,nan
11/10/2025 19:23:37,1.17.2,Bandit80,16,4.06,nan,20,80,20,Right,Left,17,28,27,7,nan,nan,0.16
11/10/2025 19:23:59,1.17.2,Bandit80,16,4.06,nan,20,80,20,Left,Left,18,28,27,7,nan,nan,0.00
11/10/2025 19:24:00,1.17.2,Bandit80,16,4.06,1,20,80,20,Pellet,Left,18,28,28,7,0.47,173,nan
11/10/2025 19:24:08,1.17.2,Bandit80,16,4.06,nan,20,80,20,Right,Left,18,29,28,8,nan,nan,0.08
11/10/2025 19:24:09,1.17.2,Bandit80,16,4.06,nan,20,80,20,RightinTimeout,Left,18,29,28,8,nan,nan,0.00
11/10/2025 19:24:10,1.17.2,Bandit80,16,4.06,nan,20,80,20,RightinTimeout,Left,18,29,28,8,nan,nan,0.00
11/10/2025 19:24:14,1.17.2,Bandit80,16,4.06,nan,20,80,20,LeftinTimeOut,Left,18,29,28,8,nan,nan,nan
11/10/2025 19:24:17,1.17.2,Bandit80,16,4.06,nan,20,80,20,RightinTimeout,Left,18,29,28,8,nan,nan,0.00
11/10/2025 19:29:32,1.17.2,Bandit80,16,4.06,nan,20,80,20,Left,Left,19,29,28,8,nan,nan,0.05
11/10/2025 19:29:34,1.17.2,Bandit80,16,4.06,1,20,80,20,Pellet,Left,19,29,29,8,0.35,334,nan
11/10/2025 19:29:41,1.17.2,Bandit80,16,4.06,nan,20,80,20,Left,Left,20,29,29,9,nan,nan,0.09
11/10/2025 19:29:43,1.17.2,Bandit80,16,4.06,1,20,80,20,Pellet,Left,20,29,30,9,0.77,9,nan
11/10/2025 19:29:59,1.17.2,Bandit80,16,4.06,nan,20,80,20,Left,Left,21,29,30,10,nan,nan,0.07
11/10/2025 19:30:00,1.17.2,Bandit80,16,4.05,1,20,80,20,Pellet,Left,21,29,31,10,0.65,17,nan
11/10/2025 19:30:06,1.17.2,Bandit80,16,4.06,nan,20,80,20,Left,Left,22,29,31,11,nan,nan,0.02
11/10/2025 19:30:07,1.17.2,Bandit80,16,4.06,nan,20,80,20,LeftinTimeOut,Left,22,29,31,11,nan,nan,nan
11/10/2025 19:30:07,1.17.2,Bandit80,16,4.07,nan,20,80,20,LeftinTimeOut,Left,22,29,31,11,nan,nan,nan
11/10/2025 19:30:08,1.17.2,Bandit80,16,4.06,nan,20,80,20,LeftinTimeOut,Left,22,29,31,11,nan,nan,nan
11/10/2025 19:30:09,1.17.2,Bandit80,16,4.06,nan,20,80,20,LeftinTimeOut,Left,22,29,31,11,nan,nan,nan
11/10/2025 19:30:10,1.17.2,Bandit80,16,4.06,nan,20,80,20,LeftinTimeOut,Left,22,29,31,11,nan,nan,nan
11/10/2025 19:30:11,1.17.2,Bandit80,16,4.07,nan,20,80,20,LeftinTimeOut,Left,22,29,31,11,nan,nan,nan
11/10/2025 19:30:16,1.17.2,Bandit80,16,4.06,nan,20,80,20,LeftinTimeOut,Left,22,29,31,11,nan,nan,nan
11/10/2025 19:30:17,1.17.2,Bandit80,16,4.06,nan,20,80,20,LeftinTimeOut,Left,22,29,31,11,nan,nan,nan
11/10/2025 19:30:23,1.17.2,Bandit80,16,4.06,nan,20,80,20,LeftinTimeOut,Left,22,29,31,11,nan,nan,nan
11/10/2025 19:30:24,1.17.2,Bandit80,16,4.06,nan,20,80,20,LeftinTimeOut,Left,22,29,31,11,nan,nan,nan
11/10/2025 19:30:27,1.17.2,Bandit80,16,4.06,nan,20,80,20,LeftinTimeOut,Left,22,29,31,11,nan,nan,nan
11/10/2025 19:31:39,1.17.2,Bandit80,16,4.06,nan,20,80,20,Right,Left,22,30,31,11,nan,nan,0.12
11/10/2025 19:34:56,1.17.2,Bandit80,16,4.06,nan,20,80,20,Left,Left,23,30,31,11,nan,nan,0.37
11/10/2025 19:35:00,1.17.2,Bandit80,16,4.06,2,20,80,20,Pellet,Left,23,30,32,11,1.31,300,nan
11/10/2025 19:39:04,1.17.2,Bandit80,16,4.07,nan,20,80,20,Left,Left,24,30,32,12,nan,nan,0.10
11/10/2025 19:39:05,1.17.2,Bandit80,16,4.06,nan,20,80,20,LeftinTimeOut,Left,24,30,32,12,nan,nan,nan
11/10/2025 19:39:06,1.17.2,Bandit80,16,4.06,nan,20,80,20,LeftinTimeOut,Left,24,30,32,12,nan,nan,nan
11/10/2025 19:39:38,1.17.2,Bandit80,16,4.05,nan,20,80,20,Right,Left,24,31,32,12,nan,nan,0.01
11/10/2025 19:40:01,1.17.2,Bandit80,16,4.05,nan,20,80,20,Right,Left,24,32,32,12,nan,nan,0.16
11/10/2025 19:40:02,1.17.2,Bandit80,16,4.06,nan,20,80,20,RightinTimeout,Left,24,32,32,12,nan,nan,0.00
11/10/2025 19:44:08,1.17.2,Bandit80,16,4.05,nan,20,80,20,Left,Left,25,32,32,12,nan,nan,0.17
11/10/2025 19:44:09,1.17.2,Bandit80,16,4.06,1,20,80,20,Pellet,Left,25,32,33,12,0.71,549,nan
11/10/2025 19:44:16,1.17.2,Bandit80,16,4.06,nan,20,80,20,Left,Left,26,32,33,13,nan,nan,0.02
11/10/2025 19:44:18,1.17.2,Bandit80,16,4.05,1,20,80,20,Pellet,Left,26,32,34,13,0.71,9,nan
11/10/2025 19:44:40,1.17.2,Bandit80,16,4.06,nan,20,80,20,Left,Left,27,32,34,14,nan,nan,0.08
11/10/2025 19:44:41,1.17.2,Bandit80,16,4.06,nan,20,80,20,LeftinTimeOut,Left,27,32,34,14,nan,nan,nan
11/10/2025 19:44:42,1.17.2,Bandit80,16,4.06,nan,20,80,20,LeftinTimeOut,Left,27,32,34,14,nan,nan,nan
11/10/2025 19:45:23,1.17.2,Bandit80,16,4.06,nan,20,80,20,Right,Left,27,33,34,14,nan,nan,0.10
11/10/2025 19:45:28,1.17.2,Bandit80,16,4.06,nan,20,80,20,RightinTimeout,Left,27,33,34,14,nan,nan,0.00
11/10/2025 19:45:29,1.17.2,Bandit80,16,4.06,nan,20,80,20,RightinTimeout,Left,27,33,34,14,nan,nan,0.00
11/10/2025 19:45:30,1.17.2,Bandit80,16,4.06,nan,20,80,20,RightinTimeout,Left,27,33,34,14,nan,nan,0.00
11/10/2025 19:45:31,1.17.2,Bandit80,16,4.07,nan,20,80,20,RightinTimeout,Left,27,33,34,14,nan,nan,0.00
11/10/2025 19:45:31,1.17.2,Bandit80,16,4.05,nan,20,80,20,RightinTimeout,Left,27,33,34,14,nan,nan,0.00
11/10/2025 19:45:33,1.17.2,Bandit80,16,4.06,nan,20,80,20,RightinTimeout,Left,27,33,34,14,nan,nan,0.00
11/10/2025 19:45:35,1.17.2,Bandit80,16,4.06,nan,20,80,20,RightinTimeout,Left,27,33,34,14,nan,nan,0.00
11/10/2025 19:51:40,1.17.2,Bandit80,16,4.06,nan,20,80,20,Right,Left,27,34,34,14,nan,nan,0.07
11/10/2025 19:51:41,1.17.2,Bandit80,16,4.06,1,20,80,20,Pellet,Left,27,34,35,14,0.53,443,nan
11/10/2025 19:51:50,1.17.2,Bandit80,16,4.06,nan,20,80,20,Right,Left,27,35,35,15,nan,nan,0.05
11/10/2025 19:51:50,1.17.2,Bandit80,16,4.06,nan,20,80,20,RightinTimeout,Left,27,35,35,15,nan,nan,0.00
11/10/2025 19:51:51,1.17.2,Bandit80,16,4.06,nan,20,80,20,RightinTimeout,Left,27,35,35,15,nan,nan,0.00
11/10/2025 19:51:53,1.17.2,Bandit80,16,4.06,nan,20,80,20,RightinTimeout,Left,27,35,35,15,nan,nan,0.00
11/10/2025 19:51:57,1.17.2,Bandit80,16,4.06,nan,20,80,20,LeftinTimeOut,Left,27,35,35,15,nan,nan,nan
11/10/2025 19:52:01,1.17.2,Bandit80,16,4.06,nan,20,80,20,LeftinTimeOut,Left,27,35,35,15,nan,nan,nan
11/10/2025 19:52:03,1.17.2,Bandit80,16,4.06,nan,20,80,20,LeftinTimeOut,Left,27,35,35,15,nan,nan,nan
11/10/2025 19:52:13,1.17.2,Bandit80,16,4.06,nan,20,80,20,Right,Left,27,36,35,15,nan,nan,0.04
11/10/2025 19:52:14,1.17.2,Bandit80,16,4.06,nan,20,80,20,RightinTimeout,Left,27,36,35,15,nan,nan,0.00
11/10/2025 19:52:14,1.17.2,Bandit80,16,4.06,nan,20,80,20,RightinTimeout,Left,27,36,35,15,nan,nan,0.00
11/10/2025 19:52:22,1.17.2,Bandit80,16,4.05,nan,20,80,20,RightinTimeout,Left,27,36,35,15,nan,nan,0.00
11/10/2025 19:52:24,1.17.2,Bandit80,16,4.05,nan,20,80,20,RightinTimeout,Left,27,36,35,15,nan,nan,0.00
11/10/2025 19:52:34,1.17.2,Bandit80,16,4.06,nan,20,80,20,RightinTimeout,Left,27,36,35,15,nan,nan,0.00
11/10/2025 19:53:02,1.17.2,Bandit80,16,4.06,nan,20,80,20,Left,Left,28,36,35,15,nan,nan,0.08
11/10/2025 19:53:03,1.17.2,Bandit80,16,4.06,1,20,80,20,Pellet,Left,28,36,36,15,0.65,82,nan
11/10/2025 19:53:12,1.17.2,Bandit80,16,4.06,nan,20,80,20,Left,Left,29,36,36,16,nan,nan,0.02
11/10/2025 19:53:14,1.17.2,Bandit80,16,4.06,2,20,80,20,Pellet,Left,29,36,37,16,0.47,10,nan
11/10/2025 19:53:24,1.17.2,Bandit80,16,4.05,nan,20,80,20,Left,Left,30,36,37,17,nan,nan,0.11
11/10/2025 19:53:25,1.17.2,Bandit80,16,4.06,1,20,80,20,Pellet,Left,30,36,38,17,0.53,12,nan
11/10/2025 19:53:38,1.17.2,Bandit80,16,4.06,nan,20,80,20,Left,Left,31,36,38,18,nan,nan,0.08
11/10/2025 19:53:39,1.17.2,Bandit80,16,4.05,1,20,80,20,Pellet,Left,31,36,39,18,0.29,14,nan
11/10/2025 19:53:43,1.17.2,Bandit80,16,4.06,nan,20,80,20,Left,Left,32,36,39,19,nan,nan,0.03
11/10/2025 19:53:45,1.17.2,Bandit80,16,4.06,1,20,80,20,Pellet,Left,32,36,40,19,0.65,6,nan
11/10/2025 19:53:52,1.17.2,Bandit80,16,4.06,nan,20,20,80,Left,Right,33,36,40,0,nan,nan,0.07
11/10/2025 19:53:53,1.17.2,Bandit80,16,4.05,1,20,20,80,Pellet,Right,33,36,41,0,0.65,8,nan
11/10/2025 19:54:01,1.17.2,Bandit80,16,4.05,nan,20,20,80,Left,Right,34,36,41,1,nan,nan,0.11
11/10/2025 19:54:02,1.17.2,Bandit80,16,4.06,nan,20,20,80,LeftinTimeOut,Right,34,36,41,1,nan,nan,nan
11/10/2025 19:54:05,1.17.2,Bandit80,16,4.06,nan,20,20,80,LeftinTimeOut,Right,34,36,41,1,nan,nan,nan
11/10/2025 19:54:07,1.17.2,Bandit80,16,4.05,nan,20,20,80,LeftinTimeOut,Right,34,36,41,1,nan,nan,nan
11/10/2025 19:54:13,1.17.2,Bandit80,16,4.06,nan,20,20,80,LeftinTimeOut,Right,34,36,41,1,nan,nan,nan
11/10/2025 19:54:14,1.17.2,Bandit80,16,4.05,nan,20,20,80,LeftinTimeOut,Right,34,36,41,1,nan,nan,nan
11/10/2025 19:54:21,1.17.2,Bandit80,16,4.06,nan,20,20,80,RightinTimeout,Right,34,36,41,1,nan,nan,0.00
11/10/2025 19:54:24,1.17.2,Bandit80,16,4.06,nan,20,20,80,RightinTimeout,Right,34,36,41,1,nan,nan,0.00
11/10/2025 19:54:28,1.17.2,Bandit80,16,4.06,nan,20,20,80,LeftinTimeOut,Right,34,36,41,1,nan,nan,nan
11/10/2025 19:54:30,1.17.2,Bandit80,16,4.06,nan,20,20,80,LeftinTimeOut,Right,34,36,41,1,nan,nan,nan
11/10/2025 19:54:32,1.17.2,Bandit80,16,4.05,nan,20,20,80,LeftinTimeOut,Right,34,36,41,1,nan,nan,nan
11/10/2025 19:54:33,1.17.2,Bandit80,16,4.06,nan,20,20,80,LeftinTimeOut,Right,34,36,41,1,nan,nan,nan
11/10/2025 19:54:38,1.17.2,Bandit80,16,4.06,nan,20,20,80,LeftinTimeOut,Right,34,36,41,1,nan,nan,nan
11/10/2025 19:54:39,1.17.2,Bandit80,16,4.05,nan,20,20,80,LeftinTimeOut,Right,34,36,41,1,nan,nan,nan
11/10/2025 19:54:47,1.17.2,Bandit80,16,4.06,nan,20,20,80,LeftinTimeOut,Right,34,36,41,1,nan,nan,nan
11/10/2025 19:55:31,1.17.2,Bandit80,16,4.05,nan,20,20,80,Right,Right,34,37,41,1,nan,nan,0.17
11/10/2025 19:55:33,1.17.2,Bandit80,16,4.06,2,20,20,80,Pellet,Right,34,37,42,1,0.06,100,nan
11/10/2025 19:55:38,1.17.2,Bandit80,16,4.06,nan,20,20,80,Right,Right,34,38,42,2,nan,nan,0.22
11/10/2025 19:55:39,1.17.2,Bandit80,16,4.06,1,20,20,80,Pellet,Right,34,38,43,2,0.29,6,nan
11/10/2025 19:55:44,1.17.2,Bandit80,16,4.05,nan,20,20,80,Right,Right,34,39,43,3,nan,nan,0.17
11/10/2025 19:55:45,1.17.2,Bandit80,16,4.05,1,20,20,80,Pellet,Right,34,39,44,3,0.53,6,nan
11/10/2025 19:55:53,1.17.2,Bandit80,16,4.06,nan,20,20,80,Right,Right,34,40,44,4,nan,nan,0.06
11/10/2025 19:55:54,1.17.2,Bandit80,16,4.05,1,20,20,80,Pellet,Right,34,40,45,4,0.35,9,nan
11/10/2025 19:56:05,1.17.2,Bandit80,16,4.06,nan,20,20,80,Right,Right,34,41,45,5,nan,nan,0.02
11/10/2025 19:56:07,1.17.2,Bandit80,16,4.05,nan,20,20,80,RightinTimeout,Right,34,41,45,5,nan,nan,0.00
11/10/2025 19:56:08,1.17.2,Bandit80,16,4.05,nan,20,20,80,RightinTimeout,Right,34,41,45,5,nan,nan,0.00
11/10/2025 19:56:09,1.17.2,Bandit80,16,4.06,nan,20,20,80,RightinTimeout,Right,34,41,45,5,nan,nan,0.00
11/10/2025 19:56:11,1.17.2,Bandit80,16,4.06,nan,20,20,80,RightinTimeout,Right,34,41,45,5,nan,nan,0.00
11/10/2025 19:56:12,1.17.2,Bandit80,16,4.06,nan,20,20,80,RightinTimeout,Right,34,41,45,5,nan,nan,0.00
11/10/2025 19:56:12,1.17.2,Bandit80,16,4.06,nan,20,20,80,RightinTimeout,Right,34,41,45,5,nan,nan,0.00
11/10/2025 19:56:17,1.17.2,Bandit80,16,4.06,nan,20,20,80,RightinTimeout,Right,34,41,45,5,nan,nan,0.00
11/10/2025 19:56:22,1.17.2,Bandit80,16,4.06,nan,20,20,80,RightinTimeout,Right,34,41,45,5,nan,nan,0.00
11/10/2025 19:56:23,1.17.2,Bandit80,16,4.05,nan,20,20,80,RightinTimeout,Right,34,41,45,5,nan,nan,0.00
11/10/2025 19:56:25,1.17.2,Bandit80,16,4.06,nan,20,20,80,RightinTimeout,Right,34,41,45,5,nan,nan,0.00
11/10/2025 19:56:25,1.17.2,Bandit80,16,4.05,nan,20,20,80,RightinTimeout,Right,34,41,45,5,nan,nan,0.00
11/10/2025 19:56:59,1.17.2,Bandit80,16,4.05,nan,20,20,80,Left,Right,35,41,45,5,nan,nan,0.02
11/10/2025 19:57:01,1.17.2,Bandit80,16,4.05,nan,20,20,80,LeftinTimeOut,Right,35,41,45,5,nan,nan,nan
11/10/2025 19:57:02,1.17.2,Bandit80,16,4.06,nan,20,20,80,LeftinTimeOut,Right,35,41,45,5,nan,nan,nan
11/10/2025 19:57:05,1.17.2,Bandit80,16,4.06,nan,20,20,80,RightinTimeout,Right,35,41,45,5,nan,nan,0.00
11/10/2025 19:57:42,1.17.2,Bandit80,16,4.06,nan,20,20,80,Left,Right,36,41,45,5,nan,nan,0.24
11/10/2025 19:57:45,1.17.2,Bandit80,16,4.05,nan,20,20,80,LeftinTimeOut,Right,36,41,45,5,nan,nan,nan
11/10/2025 19:57:46,1.17.2,Bandit80,16,4.06,nan,20,20,80,LeftinTimeOut,Right,36,41,45,5,nan,nan,nan
11/10/2025 20:00:53,1.17.2,Bandit80,16,4.06,nan,20,20,80,Right,Right,36,42,45,5,nan,nan,0.03
11/10/2025 20:00:53,1.17.2,Bandit80,16,4.06,nan,20,20,80,RightDuringDispense,Right,36,42,45,5,nan,nan,0.05
11/10/2025 20:01:07,1.17.2,Bandit80,16,4.06,3,20,20,80,Pellet,Right,36,42,46,5,8.81,313,nan
11/10/2025 20:01:14,1.17.2,Bandit80,16,4.05,nan,20,20,80,Right,Right,36,43,46,6,nan,nan,0.04
11/10/2025 20:01:14,1.17.2,Bandit80,16,4.06,nan,20,20,80,RightDuringDispense,Right,36,43,46,6,nan,nan,0.12
11/10/2025 20:01:15,1.17.2,Bandit80,16,4.05,2,20,20,80,Pellet,Right,36,43,47,6,0.06,8,nan
11/10/2025 20:01:19,1.17.2,Bandit80,16,4.06,nan,20,20,80,Right,Right,36,44,47,7,nan,nan,0.04
11/10/2025 20:01:20,1.17.2,Bandit80,16,4.05,1,20,20,80,Pellet,Right,36,44,48,7,0.47,5,nan
11/10/2025 20:01:26,1.17.2,Bandit80,16,4.05,nan,20,20,80,Right,Right,36,45,48,8,nan,nan,0.11
11/10/2025 20:01:28,1.17.2,Bandit80,16,4.05,nan,20,20,80,RightinTimeout,Right,36,45,48,8,nan,nan,0.00
11/10/2025 20:01:28,1.17.2,Bandit80,16,4.06,nan,20,20,80,RightinTimeout,Right,36,45,48,8,nan,nan,0.00
11/10/2025 20:01:35,1.17.2,Bandit80,16,4.06,nan,20,20,80,RightinTimeout,Right,36,45,48,8,nan,nan,0.00
11/10/2025 20:01:36,1.17.2,Bandit80,16,4.05,nan,20,20,80,RightinTimeout,Right,36,45,48,8,nan,nan,0.00
11/10/2025 20:01:36,1.17.2,Bandit80,16,4.05,nan,20,20,80,RightinTimeout,Right,36,45,48,8,nan,nan,0.00
11/10/2025 20:01:38,1.17.2,Bandit80,16,4.05,nan,20,20,80,RightinTimeout,Right,36,45,48,8,nan,nan,0.00
11/10/2025 20:01:40,1.17.2,Bandit80,16,4.06,nan,20,20,80,RightinTimeout,Right,36,45,48,8,nan,nan,0.00
11/10/2025 20:04:09,1.17.2,Bandit80,16,4.05,nan,20,20,80,Left,Right,37,45,48,8,nan,nan,0.10
11/10/2025 20:05:15,1.17.2,Bandit80,16,4.06,nan,20,20,80,Left,Right,38,45,48,8,nan,nan,0.07
11/10/2025 20:09:41,1.17.2,Bandit80,16,4.06,nan,20,20,80,Right,Right,38,46,48,8,nan,nan,0.07
11/10/2025 20:09:45,1.17.2,Bandit80,16,4.06,2,20,20,80,Pellet,Right,38,46,49,8,1.31,505,nan
11/10/2025 20:09:49,1.17.2,Bandit80,16,4.06,nan,20,20,80,Right,Right,38,47,49,9,nan,nan,0.07
11/10/2025 20:09:51,1.17.2,Bandit80,16,4.06,nan,20,20,80,RightinTimeout,Right,38,47,49,9,nan,nan,0.00
11/10/2025 20:09:52,1.17.2,Bandit80,16,4.05,nan,20,20,80,RightinTimeout,Right,38,47,49,9,nan,nan,0.00
11/10/2025 20:11:47,1.17.2,Bandit80,16,4.05,nan,20,20,80,Right,Right,38,48,49,9,nan,nan,0.10
11/10/2025 20:11:48,1.17.2,Bandit80,16,4.06,1,20,20,80,Pellet,Right,38,48,50,9,0.06,123,nan
11/10/2025 20:11:54,1.17.2,Bandit80,16,4.06,nan,20,20,80,Right,Right,38,49,50,10,nan,nan,0.14
11/10/2025 20:11:55,1.17.2,Bandit80,16,4.06,1,20,20,80,Pellet,Right,38,49,51,10,0.77,7,nan
11/10/2025 20:12:03,1.17.2,Bandit80,16,4.06,nan,20,20,80,Right,Right,38,50,51,11,nan,nan,0.07
11/10/2025 20:12:08,1.17.2,Bandit80,16,4.05,1,20,20,80,Pellet,Right,38,50,52,11,3.47,13,nan
11/10/2025 20:12:17,1.17.2,Bandit80,16,4.06,nan,20,20,80,Right,Right,38,51,52,12,nan,nan,0.06
11/10/2025 20:12:19,1.17.2,Bandit80,16,4.05,1,20,20,80,Pellet,Right,38,51,53,12,1.13,11,nan
11/10/2025 20:12:31,1.17.2,Bandit80,16,4.05,nan,20,20,80,Right,Right,38,52,53,13,nan,nan,0.05
11/10/2025 20:12:32,1.17.2,Bandit80,16,4.05,1,20,20,80,Pellet,Right,38,52,54,13,0.35,13,nan
11/10/2025 20:12:40,1.17.2,Bandit80,16,4.05,nan,20,20,80,Right,Right,38,53,54,14,nan,nan,0.04
11/10/2025 20:12:41,1.17.2,Bandit80,16,4.06,1,20,20,80,Pellet,Right,38,53,55,14,0.23,9,nan
11/10/2025 20:13:01,1.17.2,Bandit80,16,4.05,nan,20,20,80,Right,Right,38,54,55,15,nan,nan,0.08
11/10/2025 20:13:02,1.17.2,Bandit80,16,4.05,1,20,20,80,Pellet,Right,38,54,56,15,0.29,21,nan
11/10/2025 20:13:07,1.17.2,Bandit80,16,4.05,nan,20,20,80,Right,Right,38,55,56,16,nan,nan,0.03
11/10/2025 20:13:08,1.17.2,Bandit80,16,4.05,1,20,20,80,Pellet,Right,38,55,57,16,0.06,6,nan
11/10/2025 20:13:17,1.17.2,Bandit80,16,4.05,nan,20,20,80,Right,Right,38,56,57,17,nan,nan,0.07
11/10/2025 20:13:18,1.17.2,Bandit80,16,4.05,1,20,20,80,Pellet,Right,38,56,58,17,0.35,10,nan
11/10/2025 20:14:10,1.17.2,Bandit80,16,4.05,nan,20,20,80,Right,Right,38,57,58,18,nan,nan,0.12
11/10/2025 20:14:11,1.17.2,Bandit80,16,4.06,1,20,20,80,Pellet,Right,38,57,59,18,0.35,53,nan
11/10/2025 20:14:30,1.17.2,Bandit80,16,4.05,nan,20,20,80,Right,Right,38,58,59,19,nan,nan,0.02
11/10/2025 20:14:31,1.17.2,Bandit80,16,4.06,1,20,20,80,Pellet,Right,38,58,60,19,0.23,20,nan
11/10/2025 20:14:36,1.17.2,Bandit80,16,4.06,nan,20,80,20,Right,Left,38,59,60,0,nan,nan,0.09
11/10/2025 20:14:37,1.17.2,Bandit80,16,4.06,1,20,80,20,Pellet,Left,38,59,61,0,0.89,6,nan
11/10/2025 20:14:45,1.17.2,Bandit80,16,4.06,nan,20,80,20,Right,Left,38,60,61,1,nan,nan,0.01
11/10/2025 20:14:46,1.17.2,Bandit80,16,4.06,nan,20,80,20,RightinTimeout,Left,38,60,61,1,nan,nan,0.00
11/10/2025 20:19:31,1.17.2,Bandit80,16,4.05,nan,20,80,20,Right,Left,38,61,61,1,nan,nan,0.13
11/10/2025 20:19:32,1.17.2,Bandit80,16,4.06,1,20,80,20,Pellet,Left,38,61,62,1,0.41,295,nan
11/10/2025 20:19:39,1.17.2,Bandit80,16,4.05,nan,20,80,20,Right,Left,38,62,62,2,nan,nan,0.19
11/10/2025 20:20:35,1.17.2,Bandit80,16,4.05,nan,20,80,20,Right,Left,38,63,62,2,nan,nan,0.09
11/10/2025 20:20:36,1.17.2,Bandit80,16,4.06,1,20,80,20,Pellet,Left,38,63,63,2,0.77,64,nan
11/10/2025 20:23:21,1.17.2,Bandit80,16,4.05,nan,20,80,20,Left,Left,39,63,63,3,nan,nan,0.16
11/10/2025 20:23:48,1.17.2,Bandit80,16,4.05,nan,20,80,20,RightWithPellet,Left,39,64,63,3,nan,nan,0.01
11/10/2025 20:26:16,1.17.2,Bandit80,16,4.05,1,20,80,20,Pellet,Left,39,64,64,3,Timed_out,340,nan
11/10/2025 20:39:07,1.17.2,Bandit80,16,4.05,nan,20,80,20,Right,Left,39,65,64,4,nan,nan,0.64
11/10/2025 20:39:13,1.17.2,Bandit80,16,4.05,nan,20,80,20,RightinTimeout,Left,39,65,64,4,nan,nan,0.00
11/10/2025 20:39:33,1.17.2,Bandit80,16,4.05,nan,20,80,20,Left,Left,40,65,64,4,nan,nan,0.05
11/10/2025 20:39:35,1.17.2,Bandit80,16,4.05,1,20,80,20,Pellet,Left,40,65,65,4,0.47,799,nan
11/10/2025 20:39:41,1.17.2,Bandit80,16,4.06,nan,20,80,20,Left,Left,41,65,65,5,nan,nan,0.12
11/10/2025 20:39:43,1.17.2,Bandit80,16,4.06,1,20,80,20,Pellet,Left,41,65,66,5,0.83,7,nan
11/10/2025 20:39:51,1.17.2,Bandit80,16,4.06,nan,20,80,20,Left,Left,42,65,66,6,nan,nan,0.04
11/10/2025 20:39:52,1.17.2,Bandit80,16,4.05,1,20,80,20,Pellet,Left,42,65,67,6,0.65,10,nan
11/10/2025 20:39:58,1.17.2,Bandit80,16,4.05,nan,20,80,20,Left,Left,43,65,67,7,nan,nan,0.07
11/10/2025 20:39:59,1.17.2,Bandit80,16,4.05,2,20,80,20,Pellet,Left,43,65,68,7,0.12,7,nan
11/10/2025 20:40:17,1.17.2,Bandit80,16,4.05,nan,20,80,20,Left,Left,44,65,68,8,nan,nan,0.08
11/10/2025 20:40:18,1.17.2,Bandit80,16,4.05,1,20,80,20,Pellet,Left,44,65,69,8,0.53,19,nan
11/10/2025 20:40:20,1.17.2,Bandit80,16,4.06,nan,20,80,20,Left,Left,45,65,69,9,nan,nan,0.04
11/10/2025 20:40:21,1.17.2,Bandit80,16,4.05,1,20,80,20,Pellet,Left,45,65,70,9,0.06,3,nan
11/10/2025 20:40:35,1.17.2,Bandit80,16,4.05,nan,20,80,20,Left,Left,46,65,70,10,nan,nan,0.04
11/10/2025 20:40:36,1.17.2,Bandit80,16,4.05,1,20,80,20,Pellet,Left,46,65,71,10,0.29,15,nan
11/10/2025 20:54:58,1.17.2,Bandit80,16,4.06,nan,20,80,20,Right,Left,46,66,71,11,nan,nan,0.45
11/10/2025 20:55:17,1.17.2,Bandit80,16,4.05,nan,20,80,20,Left,Left,47,66,71,11,nan,nan,0.28
11/10/2025 20:55:21,1.17.2,Bandit80,16,4.06,1,20,80,20,Pellet,Left,47,66,72,11,3.35,885,nan
11/10/2025 20:55:37,1.17.2,Bandit80,16,4.05,nan,20,80,20,Left,Left,48,66,72,12,nan,nan,0.10
11/10/2025 20:55:38,1.17.2,Bandit80,16,4.05,1,20,80,20,Pellet,Left,48,66,73,12,0.53,17,nan
11/10/2025 20:55:49,1.17.2,Bandit80,16,4.06,nan,20,80,20,Left,Left,49,66,73,13,nan,nan,0.05
11/10/2025 20:55:51,1.17.2,Bandit80,16,4.06,1,20,80,20,Pellet,Left,49,66,74,13,0.65,13,nan
11/10/2025 20:56:00,1.17.2,Bandit80,16,4.05,nan,20,80,20,Left,Left,50,66,74,14,nan,nan,0.05
11/10/2025 20:56:01,1.17.2,Bandit80,16,4.05,1,20,80,20,Pellet,Left,50,66,75,14,0.47,10,nan
11/10/2025 20:59:49,1.17.2,Bandit80,16,4.05,nan,20,80,20,Right,Left,50,67,75,15,nan,nan,0.18
11/10/2025 20:59:52,1.17.2,Bandit80,16,4.05,nan,20,80,20,RightinTimeout,Left,50,67,75,15,nan,nan,0.00
11/10/2025 21:02:28,1.17.2,Bandit80,16,4.05,nan,20,80,20,Right,Left,50,68,75,15,nan,nan,0.15
11/10/2025 21:16:56,1.17.2,Bandit80,16,4.05,nan,20,80,20,Left,Left,51,68,75,15,nan,nan,0.04
11/10/2025 21:16:58,1.17.2,Bandit80,16,4.05,1,20,80,20,Pellet,Left,51,68,76,15,1.43,1257,nan
11/10/2025 21:17:38,1.17.2,Bandit80,16,4.05,nan,20,80,20,Right,Left,51,69,76,16,nan,nan,0.05
11/10/2025 21:20:26,1.17.2,Bandit80,16,4.06,nan,20,80,20,Right,Left,51,70,76,16,nan,nan,0.08
11/10/2025 21:20:28,1.17.2,Bandit80,16,4.05,1,20,80,20,Pellet,Left,51,70,77,16,0.95,210,nan
11/10/2025 21:20:39,1.17.2,Bandit80,16,4.05,nan,20,80,20,Right,Left,51,71,77,17,nan,nan,0.06
11/10/2025 21:20:45,1.17.2,Bandit80,16,4.05,nan,20,80,20,LeftinTimeOut,Left,51,71,77,17,nan,nan,nan
11/10/2025 21:20:46,1.17.2,Bandit80,16,4.05,nan,20,80,20,LeftinTimeOut,Left,51,71,77,17,nan,nan,nan
11/10/2025 21:20:47,1.17.2,Bandit80,16,4.05,nan,20,80,20,LeftinTimeOut,Left,51,71,77,17,nan,nan,nan
11/10/2025 21:22:47,1.17.2,Bandit80,16,4.05,nan,20,80,20,Left,Left,52,71,77,17,nan,nan,0.05
11/10/2025 21:22:48,1.17.2,Bandit80,16,4.05,1,20,80,20,Pellet,Left,52,71,78,17,0.65,140,nan
11/10/2025 21:25:57,1.17.2,Bandit80,16,4.05,nan,20,80,20,Right,Left,52,72,78,18,nan,nan,0.09
11/10/2025 21:36:00,1.17.2,Bandit80,16,4.05,nan,20,80,20,Right,Left,52,73,78,18,nan,nan,0.05
11/10/2025 21:43:36,1.17.2,Bandit80,16,4.05,nan,20,80,20,Left,Left,53,73,78,18,nan,nan,0.17
11/10/2025 21:43:38,1.17.2,Bandit80,16,4.05,1,20,80,20,Pellet,Left,53,73,79,18,0.83,1250,nan
11/10/2025 21:43:49,1.17.2,Bandit80,16,4.05,nan,20,80,20,Left,Left,54,73,79,19,nan,nan,0.16
11/10/2025 21:43:50,1.17.2,Bandit80,16,4.05,1,20,80,20,Pellet,Left,54,73,80,19,0.47,12,nan
11/10/2025 21:44:17,1.17.2,Bandit80,16,4.05,nan,20,20,80,Left,Right,55,73,80,0,nan,nan,0.07
11/10/2025 21:44:18,1.17.2,Bandit80,16,4.05,nan,20,20,80,LeftinTimeOut,Right,55,73,80,0,nan,nan,nan
11/10/2025 21:44:20,1.17.2,Bandit80,16,4.05,nan,20,20,80,LeftinTimeOut,Right,55,73,80,0,nan,nan,nan
11/10/2025 21:44:22,1.17.2,Bandit80,16,4.05,nan,20,20,80,LeftinTimeOut,Right,55,73,80,0,nan,nan,nan
11/10/2025 21:44:24,1.17.2,Bandit80,16,4.05,nan,20,20,80,RightinTimeout,Right,55,73,80,0,nan,nan,0.00
11/10/2025 21:44:24,1.17.2,Bandit80,16,4.05,nan,20,20,80,RightinTimeout,Right,55,73,80,0,nan,nan,0.00
11/10/2025 21:44:26,1.17.2,Bandit80,16,4.05,nan,20,20,80,RightinTimeout,Right,55,73,80,0,nan,nan,0.00
11/10/2025 21:44:26,1.17.2,Bandit80,16,4.05,nan,20,20,80,RightinTimeout,Right,55,73,80,0,nan,nan,0.00
11/10/2025 21:44:30,1.17.2,Bandit80,16,4.05,nan,20,20,80,LeftinTimeOut,Right,55,73,80,0,nan,nan,nan
11/10/2025 21:44:34,1.17.2,Bandit80,16,4.05,nan,20,20,80,LeftinTimeOut,Right,55,73,80,0,nan,nan,nan
11/10/2025 21:44:46,1.17.2,Bandit80,16,4.05,nan,20,20,80,Right,Right,55,74,80,0,nan,nan,0.06
11/10/2025 21:44:47,1.17.2,Bandit80,16,4.05,1,20,20,80,Pellet,Right,55,74,81,0,0.41,57,nan
11/10/2025 21:45:00,1.17.2,Bandit80,16,4.05,nan,20,20,80,Right,Right,55,75,81,1,nan,nan,0.05
11/10/2025 21:45:01,1.17.2,Bandit80,16,4.05,nan,20,20,80,RightinTimeout,Right,55,75,81,1,nan,nan,0.00
11/10/2025 21:45:02,1.17.2,Bandit80,16,4.05,nan,20,20,80,RightinTimeout,Right,55,75,81,1,nan,nan,0.00
11/10/2025 21:45:04,1.17.2,Bandit80,16,4.05,nan,20,20,80,RightinTimeout,Right,55,75,81,1,nan,nan,0.00
11/10/2025 21:45:05,1.17.2,Bandit80,16,4.05,nan,20,20,80,RightinTimeout,Right,55,75,81,1,nan,nan,0.00
11/10/2025 21:45:06,1.17.2,Bandit80,16,4.05,nan,20,20,80,RightinTimeout,Right,55,75,81,1,nan,nan,0.00
11/10/2025 21:45:14,1.17.2,Bandit80,16,4.05,nan,20,20,80,LeftinTimeOut,Right,55,75,81,1,nan,nan,nan
11/10/2025 21:45:16,1.17.2,Bandit80,16,4.05,nan,20,20,80,LeftinTimeOut,Right,55,75,81,1,nan,nan,nan
11/10/2025 21:56:22,1.17.2,Bandit80,16,4.05,nan,20,20,80,Left,Right,56,75,81,1,nan,nan,0.01
11/10/2025 21:56:23,1.17.2,Bandit80,16,4.05,nan,20,20,80,LeftinTimeOut,Right,56,75,81,1,nan,nan,nan
11/10/2025 21:56:24,1.17.2,Bandit80,16,4.05,nan,20,20,80,LeftinTimeOut,Right,56,75,81,1,nan,nan,nan
11/10/2025 22:04:40,1.17.2,Bandit80,16,4.05,nan,20,20,80,Left,Right,57,75,81,1,nan,nan,0.00
11/10/2025 22:04:42,1.17.2,Bandit80,16,4.05,1,20,20,80,Pellet,Right,57,75,82,1,1.79,1195,nan
11/10/2025 22:04:54,1.17.2,Bandit80,16,4.05,nan,20,20,80,Left,Right,58,75,82,2,nan,nan,0.03
11/10/2025 22:04:55,1.17.2,Bandit80,16,4.05,nan,20,20,80,LeftinTimeOut,Right,58,75,82,2,nan,nan,nan
11/10/2025 22:04:56,1.17.2,Bandit80,16,4.05,nan,20,20,80,LeftinTimeOut,Right,58,75,82,2,nan,nan,nan
11/10/2025 22:05:03,1.17.2,Bandit80,16,4.05,nan,20,20,80,LeftinTimeOut,Right,58,75,82,2,nan,nan,nan
11/10/2025 22:05:08,1.17.2,Bandit80,16,4.05,nan,20,20,80,RightinTimeout,Right,58,75,82,2,nan,nan,0.00
11/10/2025 22:12:18,1.17.2,Bandit80,16,4.05,nan,20,20,80,Right,Right,58,76,82,2,nan,nan,0.03
11/10/2025 22:12:19,1.17.2,Bandit80,16,4.04,1,20,20,80,Pellet,Right,58,76,83,2,0.41,457,nan
11/10/2025 22:12:31,1.17.2,Bandit80,16,4.05,nan,20,20,80,Right,Right,58,77,83,3,nan,nan,0.06
11/10/2025 22:12:33,1.17.2,Bandit80,16,4.05,nan,20,20,80,RightinTimeout,Right,58,77,83,3,nan,nan,0.00
11/10/2025 22:12:34,1.17.2,Bandit80,16,4.05,nan,20,20,80,RightinTimeout,Right,58,77,83,3,nan,nan,0.00
11/10/2025 22:12:37,1.17.2,Bandit80,16,4.05,nan,20,20,80,RightinTimeout,Right,58,77,83,3,nan,nan,0.00
11/10/2025 22:12:43,1.17.2,Bandit80,16,4.05,nan,20,20,80,RightinTimeout,Right,58,77,83,3,nan,nan,0.00
11/10/2025 22:12:44,1.17.2,Bandit80,16,4.05,nan,20,20,80,RightinTimeout,Right,58,77,83,3,nan,nan,0.00
11/10/2025 22:12:45,1.17.2,Bandit80,16,4.05,nan,20,20,80,RightinTimeout,Right,58,77,83,3,nan,nan,0.00
11/10/2025 22:12:46,1.17.2,Bandit80,16,4.05,nan,20,20,80,RightinTimeout,Right,58,77,83,3,nan,nan,0.00
11/10/2025 22:12:50,1.17.2,Bandit80,16,4.05,nan,20,20,80,LeftinTimeOut,Right,58,77,83,3,nan,nan,nan
11/10/2025 22:14:14,1.17.2,Bandit80,16,4.05,nan,20,20,80,Left,Right,59,77,83,3,nan,nan,0.12
11/10/2025 22:14:14,1.17.2,Bandit80,16,4.05,nan,20,20,80,LeftinTimeOut,Right,59,77,83,3,nan,nan,nan
11/10/2025 22:14:18,1.17.2,Bandit80,16,4.05,nan,20,20,80,LeftinTimeOut,Right,59,77,83,3,nan,nan,nan
11/10/2025 22:14:20,1.17.2,Bandit80,16,4.05,nan,20,20,80,LeftinTimeOut,Right,59,77,83,3,nan,nan,nan
11/10/2025 22:14:21,1.17.2,Bandit80,16,4.05,nan,20,20,80,LeftinTimeOut,Right,59,77,83,3,nan,nan,nan
11/10/2025 22:14:26,1.17.2,Bandit80,16,4.05,nan,20,20,80,LeftinTimeOut,Right,59,77,83,3,nan,nan,nan
11/10/2025 22:14:28,1.17.2,Bandit80,16,4.05,nan,20,20,80,LeftinTimeOut,Right,59,77,83,3,nan,nan,nan
11/10/2025 22:14:29,1.17.2,Bandit80,16,4.05,nan,20,20,80,LeftinTimeOut,Right,59,77,83,3,nan,nan,nan
11/10/2025 22:14:32,1.17.2,Bandit80,16,4.05,nan,20,20,80,LeftinTimeOut,Right,59,77,83,3,nan,nan,nan
11/10/2025 22:14:34,1.17.2,Bandit80,16,4.05,nan,20,20,80,RightinTimeout,Right,59,77,83,3,nan,nan,0.00
11/10/2025 22:14:34,1.17.2,Bandit80,16,4.05,nan,20,20,80,RightinTimeout,Right,59,77,83,3,nan,nan,0.00
11/10/2025 22:17:58,1.17.2,Bandit80,16,4.05,nan,20,20,80,Right,Right,59,78,83,3,nan,nan,0.06
11/10/2025 22:18:00,1.17.2,Bandit80,16,4.05,2,20,20,80,Pellet,Right,59,78,84,3,1.19,341,nan
11/10/2025 22:18:17,1.17.2,Bandit80,16,4.05,nan,20,20,80,Left,Right,60,78,84,4,nan,nan,0.13
11/10/2025 22:23:05,1.17.2,Bandit80,16,4.05,nan,20,20,80,Right,Right,60,79,84,4,nan,nan,0.19
11/10/2025 22:30:03,1.17.2,Bandit80,16,4.05,nan,20,20,80,Right,Right,60,80,84,4,nan,nan,0.00
11/10/2025 22:30:05,1.17.2,Bandit80,16,4.05,1,20,20,80,Pellet,Right,60,80,85,4,0.89,724,nan
11/10/2025 22:30:27,1.17.2,Bandit80,16,4.05,nan,20,20,80,Left,Right,61,80,85,5,nan,nan,0.16
11/10/2025 22:30:34,1.17.2,Bandit80,16,4.05,nan,20,20,80,LeftinTimeOut,Right,61,80,85,5,nan,nan,nan
11/10/2025 22:30:35,1.17.2,Bandit80,16,4.05,nan,20,20,80,LeftinTimeOut,Right,61,80,85,5,nan,nan,nan
11/10/2025 22:31:35,1.17.2,Bandit80,16,4.05,nan,20,20,80,Left,Right,62,80,85,5,nan,nan,0.03
11/10/2025 22:31:37,1.17.2,Bandit80,16,4.05,nan,20,20,80,LeftinTimeOut,Right,62,80,85,5,nan,nan,nan
11/10/2025 23:04:51,1.17.2,Bandit80,16,4.05,nan,20,20,80,Left,Right,63,80,85,5,nan,nan,0.20
11/10/2025 23:04:53,1.17.2,Bandit80,16,4.05,1,20,20,80,Pellet,Right,63,80,86,5,1.31,2089,nan
11/10/2025 23:04:59,1.17.2,Bandit80,16,4.05,nan,20,20,80,Left,Right,64,80,86,6,nan,nan,0.14
11/10/2025 23:05:00,1.17.2,Bandit80,16,4.05,nan,20,20,80,LeftinTimeOut,Right,64,80,86,6,nan,nan,nan
11/10/2025 23:05:02,1.17.2,Bandit80,16,4.05,nan,20,20,80,LeftinTimeOut,Right,64,80,86,6,nan,nan,nan
11/10/2025 23:05:03,1.17.2,Bandit80,16,4.05,nan,20,20,80,LeftinTimeOut,Right,64,80,86,6,nan,nan,nan
11/10/2025 23:05:05,1.17.2,Bandit80,16,4.05,nan,20,20,80,LeftinTimeOut,Right,64,80,86,6,nan,nan,nan
11/10/2025 23:05:21,1.17.2,Bandit80,16,4.05,nan,20,20,80,Left,Right,65,80,86,6,nan,nan,0.21
11/10/2025 23:05:23,1.17.2,Bandit80,16,4.05,nan,20,20,80,LeftinTimeOut,Right,65,80,86,6,nan,nan,nan
11/10/2025 23:05:24,1.17.2,Bandit80,16,4.05,nan,20,20,80,LeftinTimeOut,Right,65,80,86,6,nan,nan,nan
11/10/2025 23:05:26,1.17.2,Bandit80,16,4.04,nan,20,20,80,LeftinTimeOut,Right,65,80,86,6,nan,nan,nan
11/10/2025 23:05:28,1.17.2,Bandit80,16,4.05,nan,20,20,80,LeftinTimeOut,Right,65,80,86,6,nan,nan,nan
11/10/2025 23:05:31,1.17.2,Bandit80,16,4.05,nan,20,20,80,RightinTimeout,Right,65,80,86,6,nan,nan,0.00
11/10/2025 23:05:31,1.17.2,Bandit80,16,4.05,nan,20,20,80,RightinTimeout,Right,65,80,86,6,nan,nan,0.00
11/10/2025 23:05:32,1.17.2,Bandit80,16,4.05,nan,20,20,80,RightinTimeout,Right,65,80,86,6,nan,nan,0.00
11/10/2025 23:05:33,1.17.2,Bandit80,16,4.05,nan,20,20,80,RightinTimeout,Right,65,80,86,6,nan,nan,0.00
11/10/2025 23:05:34,1.17.2,Bandit80,16,4.05,nan,20,20,80,RightinTimeout,Right,65,80,86,6,nan,nan,0.00
11/10/2025 23:05:34,1.17.2,Bandit80,16,4.05,nan,20,20,80,RightinTimeout,Right,65,80,86,6,nan,nan,0.00
11/10/2025 23:05:34,1.17.2,Bandit80,16,4.05,nan,20,20,80,RightinTimeout,Right,65,80,86,6,nan,nan,0.00
11/10/2025 23:05:36,1.17.2,Bandit80,16,4.05,nan,20,20,80,RightinTimeout,Right,65,80,86,6,nan,nan,0.00
11/10/2025 23:05:40,1.17.2,Bandit80,16,4.05,nan,20,20,80,LeftinTimeOut,Right,65,80,86,6,nan,nan,nan
11/10/2025 23:06:09,1.17.2,Bandit80,16,4.05,nan,20,20,80,Left,Right,66,80,86,6,nan,nan,0.47
11/10/2025 23:06:11,1.17.2,Bandit80,16,4.05,1,20,20,80,Pellet,Right,66,80,87,6,0.95,78,nan
11/10/2025 23:06:18,1.17.2,Bandit80,16,4.05,nan,20,20,80,Left,Right,67,80,87,7,nan,nan,0.09
11/10/2025 23:06:20,1.17.2,Bandit80,16,4.05,1,20,20,80,Pellet,Right,67,80,88,7,1.61,9,nan
11/10/2025 23:06:31,1.17.2,Bandit80,16,4.05,nan,20,20,80,Left,Right,68,80,88,8,nan,nan,0.12
11/10/2025 23:06:32,1.17.2,Bandit80,16,4.05,nan,20,20,80,LeftinTimeOut,Right,68,80,88,8,nan,nan,nan
11/10/2025 23:06:33,1.17.2,Bandit80,16,4.04,nan,20,20,80,LeftinTimeOut,Right,68,80,88,8,nan,nan,nan
11/10/2025 23:06:35,1.17.2,Bandit80,16,4.05,nan,20,20,80,LeftinTimeOut,Right,68,80,88,8,nan,nan,nan
11/10/2025 23:06:36,1.17.2,Bandit80,16,4.04,nan,20,20,80,LeftinTimeOut,Right,68,80,88,8,nan,nan,nan
11/10/2025 23:06:39,1.17.2,Bandit80,16,4.05,nan,20,20,80,LeftinTimeOut,Right,68,80,88,8,nan,nan,nan
11/10/2025 23:06:40,1.17.2,Bandit80,16,4.05,nan,20,20,80,LeftinTimeOut,Right,68,80,88,8,nan,nan,nan
11/10/2025 23:06:42,1.17.2,Bandit80,16,4.05,nan,20,20,80,LeftinTimeOut,Right,68,80,88,8,nan,nan,nan
11/10/2025 23:06:45,1.17.2,Bandit80,16,4.05,nan,20,20,80,RightinTimeout,Right,68,80,88,8,nan,nan,0.00
11/10/2025 23:06:46,1.17.2,Bandit80,16,4.05,nan,20,20,80,RightinTimeout,Right,68,80,88,8,nan,nan,0.00
11/10/2025 23:06:46,1.17.2,Bandit80,16,4.05,nan,20,20,80,RightinTimeout,Right,68,80,88,8,nan,nan,0.00
11/10/2025 23:06:46,1.17.2,Bandit80,16,4.05,nan,20,20,80,RightinTimeout,Right,68,80,88,8,nan,nan,0.00
11/10/2025 23:06:47,1.17.2,Bandit80,16,4.04,nan,20,20,80,RightinTimeout,Right,68,80,88,8,nan,nan,0.00
11/10/2025 23:06:47,1.17.2,Bandit80,16,4.05,nan,20,20,80,RightinTimeout,Right,68,80,88,8,nan,nan,0.00
11/10/2025 23:06:48,1.17.2,Bandit80,16,4.05,nan,20,20,80,RightinTimeout,Right,68,80,88,8,nan,nan,0.00
11/10/2025 23:06:49,1.17.2,Bandit80,16,4.05,nan,20,20,80,RightinTimeout,Right,68,80,88,8,nan,nan,0.00
11/10/2025 23:06:53,1.17.2,Bandit80,16,4.05,nan,20,20,80,RightinTimeout,Right,68,80,88,8,nan,nan,0.00
11/10/2025 23:06:57,1.17.2,Bandit80,16,4.05,nan,20,20,80,LeftinTimeOut,Right,68,80,88,8,nan,nan,nan
11/10/2025 23:06:59,1.17.2,Bandit80,16,4.05,nan,20,20,80,LeftinTimeOut,Right,68,80,88,8,nan,nan,nan
11/10/2025 23:07:01,1.17.2,Bandit80,16,4.05,nan,20,20,80,LeftinTimeOut,Right,68,80,88,8,nan,nan,nan
11/10/2025 23:07:03,1.17.2,Bandit80,16,4.05,nan,20,20,80,LeftinTimeOut,Right,68,80,88,8,nan,nan,nan
11/10/2025 23:07:04,1.17.2,Bandit80,16,4.05,nan,20,20,80,LeftinTimeOut,Right,68,80,88,8,nan,nan,nan
11/10/2025 23:07:06,1.17.2,Bandit80,16,4.05,nan,20,20,80,LeftinTimeOut,Right,68,80,88,8,nan,nan,nan
11/10/2025 23:07:09,1.17.2,Bandit80,16,4.05,nan,20,20,80,LeftinTimeOut,Right,68,80,88,8,nan,nan,nan
11/10/2025 23:07:12,1.17.2,Bandit80,16,4.05,nan,20,20,80,RightinTimeout,Right,68,80,88,8,nan,nan,0.00
11/10/2025 23:07:12,1.17.2,Bandit80,16,4.05,nan,20,20,80,RightinTimeout,Right,68,80,88,8,nan,nan,0.00
11/10/2025 23:07:13,1.17.2,Bandit80,16,4.05,nan,20,20,80,RightinTimeout,Right,68,80,88,8,nan,nan,0.00
11/10/2025 23:07:14,1.17.2,Bandit80,16,4.05,nan,20,20,80,RightinTimeout,Right,68,80,88,8,nan,nan,0.00
11/10/2025 23:07:17,1.17.2,Bandit80,16,4.05,nan,20,20,80,RightinTimeout,Right,68,80,88,8,nan,nan,0.00
11/10/2025 23:09:36,1.17.2,Bandit80,16,4.05,nan,20,20,80,Left,Right,69,80,88,8,nan,nan,0.12
11/10/2025 23:09:37,1.17.2,Bandit80,16,4.05,1,20,20,80,Pellet,Right,69,80,89,8,0.41,197,nan
11/10/2025 23:09:44,1.17.2,Bandit80,16,4.05,nan,20,20,80,Left,Right,70,80,89,9,nan,nan,0.04
11/10/2025 23:09:45,1.17.2,Bandit80,16,4.05,nan,20,20,80,LeftinTimeOut,Right,70,80,89,9,nan,nan,nan
11/10/2025 23:09:46,1.17.2,Bandit80,16,4.04,nan,20,20,80,LeftinTimeOut,Right,70,80,89,9,nan,nan,nan
11/10/2025 23:09:48,1.17.2,Bandit80,16,4.05,nan,20,20,80,LeftinTimeOut,Right,70,80,89,9,nan,nan,nan
11/10/2025 23:09:49,1.17.2,Bandit80,16,4.05,nan,20,20,80,LeftinTimeOut,Right,70,80,89,9,nan,nan,nan
11/10/2025 23:09:51,1.17.2,Bandit80,16,4.05,nan,20,20,80,LeftinTimeOut,Right,70,80,89,9,nan,nan,nan
11/10/2025 23:09:52,1.17.2,Bandit80,16,4.05,nan,20,20,80,LeftinTimeOut,Right,70,80,89,9,nan,nan,nan
11/10/2025 23:09:54,1.17.2,Bandit80,16,4.05,nan,20,20,80,LeftinTimeOut,Right,70,80,89,9,nan,nan,nan
11/10/2025 23:09:56,1.17.2,Bandit80,16,4.05,nan,20,20,80,LeftinTimeOut,Right,70,80,89,9,nan,nan,nan
11/10/2025 23:09:58,1.17.2,Bandit80,16,4.05,nan,20,20,80,LeftinTimeOut,Right,70,80,89,9,nan,nan,nan
11/10/2025 23:10:01,1.17.2,Bandit80,16,4.05,nan,20,20,80,LeftinTimeOut,Right,70,80,89,9,nan,nan,nan
11/10/2025 23:10:03,1.17.2,Bandit80,16,4.05,nan,20,20,80,LeftinTimeOut,Right,70,80,89,9,nan,nan,nan
11/10/2025 23:10:04,1.17.2,Bandit80,16,4.05,nan,20,20,80,LeftinTimeOut,Right,70,80,89,9,nan,nan,nan
11/10/2025 23:10:06,1.17.2,Bandit80,16,4.05,nan,20,20,80,LeftinTimeOut,Right,70,80,89,9,nan,nan,nan
11/10/2025 23:10:07,1.17.2,Bandit80,16,4.05,nan,20,20,80,LeftinTimeOut,Right,70,80,89,9,nan,nan,nan
11/10/2025 23:10:09,1.17.2,Bandit80,16,4.05,nan,20,20,80,RightinTimeout,Right,70,80,89,9,nan,nan,0.00
11/10/2025 23:10:10,1.17.2,Bandit80,16,4.05,nan,20,20,80,RightinTimeout,Right,70,80,89,9,nan,nan,0.00
11/10/2025 23:10:10,1.17.2,Bandit80,16,4.05,nan,20,20,80,RightinTimeout,Right,70,80,89,9,nan,nan,0.00
11/10/2025 23:10:10,1.17.2,Bandit80,16,4.05,nan,20,20,80,RightinTimeout,Right,70,80,89,9,nan,nan,0.00
11/10/2025 23:10:14,1.17.2,Bandit80,16,4.05,nan,20,20,80,LeftinTimeOut,Right,70,80,89,9,nan,nan,nan
11/10/2025 23:10:16,1.17.2,Bandit80,16,4.05,nan,20,20,80,LeftinTimeOut,Right,70,80,89,9,nan,nan,nan
11/10/2025 23:10:17,1.17.2,Bandit80,16,4.05,nan,20,20,80,LeftinTimeOut,Right,70,80,89,9,nan,nan,nan
11/10/2025 23:10:19,1.17.2,Bandit80,16,4.05,nan,20,20,80,LeftinTimeOut,Right,70,80,89,9,nan,nan,nan
11/10/2025 23:10:21,1.17.2,Bandit80,16,4.04,nan,20,20,80,RightinTimeout,Right,70,80,89,9,nan,nan,0.00
11/10/2025 23:10:22,1.17.2,Bandit80,16,4.05,nan,20,20,80,RightinTimeout,Right,70,80,89,9,nan,nan,0.00
11/10/2025 23:10:24,1.17.2,Bandit80,16,4.05,nan,20,20,80,RightinTimeout,Right,70,80,89,9,nan,nan,0.00
11/10/2025 23:10:25,1.17.2,Bandit80,16,4.05,nan,20,20,80,RightinTimeout,Right,70,80,89,9,nan,nan,0.00
11/10/2025 23:10:26,1.17.2,Bandit80,16,4.05,nan,20,20,80,RightinTimeout,Right,70,80,89,9,nan,nan,0.00
11/10/2025 23:10:28,1.17.2,Bandit80,16,4.05,nan,20,20,80,RightinTimeout,Right,70,80,89,9,nan,nan,0.00
11/10/2025 23:11:54,1.17.2,Bandit80,16,4.05,nan,20,20,80,Left,Right,71,80,89,9,nan,nan,0.03
11/10/2025 23:11:56,1.17.2,Bandit80,16,4.05,1,20,20,80,Pellet,Right,71,80,90,9,0.53,139,nan
11/10/2025 23:12:05,1.17.2,Bandit80,16,4.05,nan,20,20,80,Left,Right,72,80,90,10,nan,nan,0.37
11/10/2025 23:12:06,1.17.2,Bandit80,16,4.05,1,20,20,80,Pellet,Right,72,80,91,10,0.47,10,nan
11/10/2025 23:12:17,1.17.2,Bandit80,16,4.05,nan,20,20,80,Left,Right,73,80,91,11,nan,nan,0.06
11/10/2025 23:12:21,1.17.2,Bandit80,16,4.05,nan,20,20,80,LeftinTimeOut,Right,73,80,91,11,nan,nan,nan
11/10/2025 23:12:22,1.17.2,Bandit80,16,4.05,nan,20,20,80,LeftinTimeOut,Right,73,80,91,11,nan,nan,nan
11/10/2025 23:12:24,1.17.2,Bandit80,16,4.05,nan,20,20,80,LeftinTimeOut,Right,73,80,91,11,nan,nan,nan
11/10/2025 23:12:29,1.17.2,Bandit80,16,4.05,nan,20,20,80,RightinTimeout,Right,73,80,91,11,nan,nan,0.00
11/10/2025 23:12:30,1.17.2,Bandit80,16,4.05,nan,20,20,80,LeftinTimeOut,Right,73,80,91,11,nan,nan,nan
11/10/2025 23:12:31,1.17.2,Bandit80,16,4.05,nan,20,20,80,LeftinTimeOut,Right,73,80,91,11,nan,nan,nan
11/10/2025 23:12:34,1.17.2,Bandit80,16,4.05,nan,20,20,80,LeftinTimeOut,Right,73,80,91,11,nan,nan,nan
11/10/2025 23:12:35,1.17.2,Bandit80,16,4.05,nan,20,20,80,LeftinTimeOut,Right,73,80,91,11,nan,nan,nan
11/10/2025 23:12:37,1.17.2,Bandit80,16,4.04,nan,20,20,80,LeftinTimeOut,Right,73,80,91,11,nan,nan,nan
11/10/2025 23:12:44,1.17.2,Bandit80,16,4.05,nan,20,20,80,LeftinTimeOut,Right,73,80,91,11,nan,nan,nan
11/10/2025 23:12:46,1.17.2,Bandit80,16,4.05,nan,20,20,80,LeftinTimeOut,Right,73,80,91,11,nan,nan,nan
11/10/2025 23:12:47,1.17.2,Bandit80,16,4.05,nan,20,20,80,LeftinTimeOut,Right,73,80,91,11,nan,nan,nan
11/10/2025 23:12:47,1.17.2,Bandit80,16,4.05,nan,20,20,80,LeftinTimeOut,Right,73,80,91,11,nan,nan,nan
11/10/2025 23:12:54,1.17.2,Bandit80,16,4.05,nan,20,20,80,LeftinTimeOut,Right,73,80,91,11,nan,nan,nan
11/10/2025 23:19:58,1.17.2,Bandit80,16,4.05,nan,20,20,80,Right,Right,73,81,91,11,nan,nan,0.12
11/10/2025 23:20:00,1.17.2,Bandit80,16,4.05,1,20,20,80,Pellet,Right,73,81,92,11,1.01,474,nan
11/10/2025 23:20:11,1.17.2,Bandit80,16,4.05,nan,20,20,80,Right,Right,73,82,92,12,nan,nan,0.06
11/10/2025 23:20:12,1.17.2,Bandit80,16,4.05,1,20,20,80,Pellet,Right,73,82,93,12,0.47,12,nan
11/10/2025 23:20:26,1.17.2,Bandit80,16,4.05,nan,20,20,80,Right,Right,73,83,93,13,nan,nan,0.15
11/10/2025 23:20:27,1.17.2,Bandit80,16,4.05,1,20,20,80,Pellet,Right,73,83,94,13,0.29,15,nan
11/10/2025 23:20:33,1.17.2,Bandit80,16,4.05,nan,20,20,80,Right,Right,73,84,94,14,nan,nan,0.10
11/10/2025 23:20:34,1.17.2,Bandit80,16,4.05,1,20,20,80,Pellet,Right,73,84,95,14,0.47,7,nan
11/10/2025 23:20:51,1.17.2,Bandit80,16,4.05,nan,20,20,80,Right,Right,73,85,95,15,nan,nan,0.36
11/10/2025 23:20:53,1.17.2,Bandit80,16,4.05,nan,20,20,80,RightinTimeout,Right,73,85,95,15,nan,nan,0.00
11/10/2025 23:21:01,1.17.2,Bandit80,16,4.05,nan,20,20,80,RightinTimeout,Right,73,85,95,15,nan,nan,0.00
11/10/2025 23:21:03,1.17.2,Bandit80,16,4.05,nan,20,20,80,RightinTimeout,Right,73,85,95,15,nan,nan,0.00
11/10/2025 23:21:04,1.17.2,Bandit80,16,4.05,nan,20,20,80,RightinTimeout,Right,73,85,95,15,nan,nan,0.00
11/10/2025 23:21:42,1.17.2,Bandit80,16,4.05,nan,20,20,80,Left,Right,74,85,95,15,nan,nan,0.12
11/10/2025 23:21:43,1.17.2,Bandit80,16,4.05,1,20,20,80,Pellet,Right,74,85,96,15,0.41,69,nan
11/10/2025 23:21:53,1.17.2,Bandit80,16,4.05,nan,20,20,80,Left,Right,75,85,96,16,nan,nan,0.04
11/10/2025 23:21:54,1.17.2,Bandit80,16,4.05,nan,20,20,80,LeftinTimeOut,Right,75,85,96,16,nan,nan,nan
11/10/2025 23:21:55,1.17.2,Bandit80,16,4.04,nan,20,20,80,LeftinTimeOut,Right,75,85,96,16,nan,nan,nan
11/10/2025 23:21:57,1.17.2,Bandit80,16,4.05,nan,20,20,80,LeftinTimeOut,Right,75,85,96,16,nan,nan,nan
11/10/2025 23:21:57,1.17.2,Bandit80,16,4.05,nan,20,20,80,LeftinTimeOut,Right,75,85,96,16,nan,nan,nan
11/10/2025 23:21:58,1.17.2,Bandit80,16,4.05,nan,20,20,80,LeftinTimeOut,Right,75,85,96,16,nan,nan,nan
11/10/2025 23:22:00,1.17.2,Bandit80,16,4.05,nan,20,20,80,RightinTimeout,Right,75,85,96,16,nan,nan,0.00
11/10/2025 23:22:01,1.17.2,Bandit80,16,4.05,nan,20,20,80,RightinTimeout,Right,75,85,96,16,nan,nan,0.00
11/10/2025 23:22:02,1.17.2,Bandit80,16,4.05,nan,20,20,80,RightinTimeout,Right,75,85,96,16,nan,nan,0.00
11/10/2025 23:22:03,1.17.2,Bandit80,16,4.05,nan,20,20,80,RightinTimeout,Right,75,85,96,16,nan,nan,0.00
11/10/2025 23:22:05,1.17.2,Bandit80,16,4.05,nan,20,20,80,RightinTimeout,Right,75,85,96,16,nan,nan,0.00
11/10/2025 23:22:07,1.17.2,Bandit80,16,4.05,nan,20,20,80,RightinTimeout,Right,75,85,96,16,nan,nan,0.00
11/10/2025 23:22:09,1.17.2,Bandit80,16,4.05,nan,20,20,80,RightinTimeout,Right,75,85,96,16,nan,nan,0.00
11/10/2025 23:23:42,1.17.2,Bandit80,16,4.05,nan,20,20,80,Right,Right,75,86,96,16,nan,nan,0.04
11/10/2025 23:26:44,1.17.2,Bandit80,16,4.05,nan,20,20,80,Right,Right,75,87,96,16,nan,nan,0.12
11/10/2025 23:26:45,1.17.2,Bandit80,16,4.05,1,20,20,80,Pellet,Right,75,87,97,16,0.29,302,nan
11/10/2025 23:26:53,1.17.2,Bandit80,16,4.05,nan,20,20,80,Right,Right,75,88,97,17,nan,nan,0.07
11/10/2025 23:26:54,1.17.2,Bandit80,16,4.05,1,20,20,80,Pellet,Right,75,88,98,17,0.53,9,nan
11/10/2025 23:27:00,1.17.2,Bandit80,16,4.05,nan,20,20,80,Right,Right,75,89,98,18,nan,nan,0.00
11/10/2025 23:27:02,1.17.2,Bandit80,16,4.05,nan,20,20,80,RightinTimeout,Right,75,89,98,18,nan,nan,0.00
11/10/2025 23:27:03,1.17.2,Bandit80,16,4.05,nan,20,20,80,RightinTimeout,Right,75,89,98,18,nan,nan,0.00
11/10/2025 23:27:04,1.17.2,Bandit80,16,4.04,nan,20,20,80,RightinTimeout,Right,75,89,98,18,nan,nan,0.00
11/10/2025 23:27:06,1.17.2,Bandit80,16,4.05,nan,20,20,80,RightinTimeout,Right,75,89,98,18,nan,nan,0.00
11/10/2025 23:27:08,1.17.2,Bandit80,16,4.04,nan,20,20,80,RightinTimeout,Right,75,89,98,18,nan,nan,0.00
11/10/2025 23:27:09,1.17.2,Bandit80,16,4.04,nan,20,20,80,RightinTimeout,Right,75,89,98,18,nan,nan,0.00
11/10/2025 23:27:12,1.17.2,Bandit80,16,4.05,nan,20,20,80,LeftinTimeOut,Right,75,89,98,18,nan,nan,nan
11/10/2025 23:27:38,1.17.2,Bandit80,16,4.05,nan,20,20,80,Left,Right,76,89,98,18,nan,nan,0.08
11/10/2025 23:27:39,1.17.2,Bandit80,16,4.05,nan,20,20,80,LeftinTimeOut,Right,76,89,98,18,nan,nan,nan
11/10/2025 23:30:50,1.17.2,Bandit80,16,4.05,nan,20,20,80,Right,Right,76,90,98,18,nan,nan,0.08
11/10/2025 23:30:51,1.17.2,Bandit80,16,4.05,nan,20,20,80,RightinTimeout,Right,76,90,98,18,nan,nan,0.00
11/10/2025 23:30:52,1.17.2,Bandit80,16,4.05,nan,20,20,80,RightinTimeout,Right,76,90,98,18,nan,nan,0.00
11/10/2025 23:30:54,1.17.2,Bandit80,16,4.05,nan,20,20,80,RightinTimeout,Right,76,90,98,18,nan,nan,0.00
11/10/2025 23:31:28,1.17.2,Bandit80,16,4.05,nan,20,20,80,Left,Right,77,90,98,18,nan,nan,0.23
11/10/2025 23:31:29,1.17.2,Bandit80,16,4.05,nan,20,20,80,LeftinTimeOut,Right,77,90,98,18,nan,nan,nan
11/10/2025 23:31:31,1.17.2,Bandit80,16,4.05,nan,20,20,80,LeftinTimeOut,Right,77,90,98,18,nan,nan,nan
11/10/2025 23:31:33,1.17.2,Bandit80,16,4.05,nan,20,20,80,LeftinTimeOut,Right,77,90,98,18,nan,nan,nan
11/10/2025 23:31:35,1.17.2,Bandit80,16,4.05,nan,20,20,80,LeftinTimeOut,Right,77,90,98,18,nan,nan,nan
11/10/2025 23:31:36,1.17.2,Bandit80,16,4.05,nan,20,20,80,LeftinTimeOut,Right,77,90,98,18,nan,nan,nan
11/10/2025 23:31:38,1.17.2,Bandit80,16,4.05,nan,20,20,80,LeftinTimeOut,Right,77,90,98,18,nan,nan,nan
11/10/2025 23:31:41,1.17.2,Bandit80,16,4.05,nan,20,20,80,RightinTimeout,Right,77,90,98,18,nan,nan,0.00
11/11/2025 0:11:49,1.17.2,Bandit80,16,4.05,nan,20,20,80,Left,Right,78,90,98,18,nan,nan,0.05
11/11/2025 0:11:50,1.17.2,Bandit80,16,4.04,1,20,20,80,Pellet,Right,78,90,99,18,0.47,2696,nan
11/11/2025 0:12:00,1.17.2,Bandit80,16,4.04,nan,20,20,80,Left,Right,79,90,99,19,nan,nan,0.11
11/11/2025 0:12:02,1.17.2,Bandit80,16,4.04,nan,20,20,80,LeftinTimeOut,Right,79,90,99,19,nan,nan,nan
11/11/2025 0:12:04,1.17.2,Bandit80,16,4.04,nan,20,20,80,LeftinTimeOut,Right,79,90,99,19,nan,nan,nan
11/11/2025 0:12:06,1.17.2,Bandit80,16,4.05,nan,20,20,80,LeftinTimeOut,Right,79,90,99,19,nan,nan,nan
11/11/2025 0:12:08,1.17.2,Bandit80,16,4.04,nan,20,20,80,LeftinTimeOut,Right,79,90,99,19,nan,nan,nan
11/11/2025 0:12:10,1.17.2,Bandit80,16,4.04,nan,20,20,80,LeftinTimeOut,Right,79,90,99,19,nan,nan,nan
11/11/2025 0:12:12,1.17.2,Bandit80,16,4.05,nan,20,20,80,LeftinTimeOut,Right,79,90,99,19,nan,nan,nan
11/11/2025 0:12:15,1.17.2,Bandit80,16,4.05,nan,20,20,80,LeftinTimeOut,Right,79,90,99,19,nan,nan,nan
11/11/2025 0:12:16,1.17.2,Bandit80,16,4.05,nan,20,20,80,LeftinTimeOut,Right,79,90,99,19,nan,nan,nan
11/11/2025 0:12:17,1.17.2,Bandit80,16,4.05,nan,20,20,80,LeftinTimeOut,Right,79,90,99,19,nan,nan,nan
11/11/2025 0:12:20,1.17.2,Bandit80,16,4.05,nan,20,20,80,LeftinTimeOut,Right,79,90,99,19,nan,nan,nan
11/11/2025 0:12:22,1.17.2,Bandit80,16,4.05,nan,20,20,80,LeftinTimeOut,Right,79,90,99,19,nan,nan,nan
11/11/2025 0:12:24,1.17.2,Bandit80,16,4.05,nan,20,20,80,LeftinTimeOut,Right,79,90,99,19,nan,nan,nan
11/11/2025 0:12:26,1.17.2,Bandit80,16,4.05,nan,20,20,80,RightinTimeout,Right,79,90,99,19,nan,nan,0.00
11/11/2025 0:12:27,1.17.2,Bandit80,16,4.05,nan,20,20,80,RightinTimeout,Right,79,90,99,19,nan,nan,0.00
11/11/2025 0:12:28,1.17.2,Bandit80,16,4.05,nan,20,20,80,RightinTimeout,Right,79,90,99,19,nan,nan,0.00
11/11/2025 0:12:28,1.17.2,Bandit80,16,4.05,nan,20,20,80,RightinTimeout,Right,79,90,99,19,nan,nan,0.00
11/11/2025 0:12:35,1.17.2,Bandit80,16,4.05,nan,20,20,80,LeftinTimeOut,Right,79,90,99,19,nan,nan,nan
11/11/2025 0:12:37,1.17.2,Bandit80,16,4.05,nan,20,20,80,LeftinTimeOut,Right,79,90,99,19,nan,nan,nan
11/11/2025 0:13:20,1.17.2,Bandit80,16,4.04,nan,20,20,80,Right,Right,79,91,99,19,nan,nan,0.06
11/11/2025 0:13:21,1.17.2,Bandit80,16,4.04,1,20,20,80,Pellet,Right,79,91,100,19,0.71,91,nan
11/11/2025 0:13:27,1.17.2,Bandit80,16,4.04,nan,20,80,20,Right,Left,79,92,100,0,nan,nan,0.10
11/11/2025 0:13:27,1.17.2,Bandit80,16,4.05,nan,20,80,20,RightDuringDispense,Left,79,92,100,0,nan,nan,0.04
11/11/2025 0:13:34,1.17.2,Bandit80,16,4.05,3,20,80,20,Pellet,Left,79,92,101,0,2.03,13,nan
11/11/2025 0:13:44,1.17.2,Bandit80,16,4.05,nan,20,80,20,Right,Left,79,93,101,1,nan,nan,0.06
11/11/2025 0:13:45,1.17.2,Bandit80,16,4.05,nan,20,80,20,RightinTimeout,Left,79,93,101,1,nan,nan,0.00
11/11/2025 0:13:46,1.17.2,Bandit80,16,4.05,nan,20,80,20,RightinTimeout,Left,79,93,101,1,nan,nan,0.00
11/11/2025 0:13:48,1.17.2,Bandit80,16,4.05,nan,20,80,20,RightinTimeout,Left,79,93,101,1,nan,nan,0.00
11/11/2025 0:13:49,1.17.2,Bandit80,16,4.05,nan,20,80,20,RightinTimeout,Left,79,93,101,1,nan,nan,0.00
11/11/2025 0:13:51,1.17.2,Bandit80,16,4.05,nan,20,80,20,RightinTimeout,Left,79,93,101,1,nan,nan,0.00
11/11/2025 0:13:53,1.17.2,Bandit80,16,4.05,nan,20,80,20,RightinTimeout,Left,79,93,101,1,nan,nan,0.00
11/11/2025 0:13:55,1.17.2,Bandit80,16,4.04,nan,20,80,20,RightinTimeout,Left,79,93,101,1,nan,nan,0.00
11/11/2025 0:13:55,1.17.2,Bandit80,16,4.05,nan,20,80,20,RightinTimeout,Left,79,93,101,1,nan,nan,0.00
11/11/2025 0:13:57,1.17.2,Bandit80,16,4.05,nan,20,80,20,RightinTimeout,Left,79,93,101,1,nan,nan,0.00
11/11/2025 0:14:16,1.17.2,Bandit80,16,4.05,nan,20,80,20,Left,Left,80,93,101,1,nan,nan,0.14
11/11/2025 0:14:17,1.17.2,Bandit80,16,4.05,1,20,80,20,Pellet,Left,80,93,102,1,0.59,43,nan
11/11/2025 0:14:24,1.17.2,Bandit80,16,4.05,nan,20,80,20,Left,Left,81,93,102,2,nan,nan,0.08
11/11/2025 0:14:25,1.17.2,Bandit80,16,4.04,1,20,80,20,Pellet,Left,81,93,103,2,0.47,8,nan
11/11/2025 0:14:33,1.17.2,Bandit80,16,4.05,nan,20,80,20,Left,Left,82,93,103,3,nan,nan,0.11
11/11/2025 0:14:35,1.17.2,Bandit80,16,4.05,2,20,80,20,Pellet,Left,82,93,104,3,1.67,10,nan
11/11/2025 0:14:46,1.17.2,Bandit80,16,4.04,nan,20,80,20,Left,Left,83,93,104,4,nan,nan,0.07
11/11/2025 0:14:47,1.17.2,Bandit80,16,4.04,1,20,80,20,Pellet,Left,83,93,105,4,0.89,12,nan
11/11/2025 0:15:08,1.17.2,Bandit80,16,4.04,nan,20,80,20,Left,Left,84,93,105,5,nan,nan,0.08
11/11/2025 0:15:09,1.17.2,Bandit80,16,4.05,1,20,80,20,Pellet,Left,84,93,106,5,0.41,22,nan
11/11/2025 0:15:27,1.17.2,Bandit80,16,4.04,nan,20,80,20,Left,Left,85,93,106,6,nan,nan,0.10
11/11/2025 0:15:28,1.17.2,Bandit80,16,4.05,1,20,80,20,Pellet,Left,85,93,107,6,0.77,19,nan
11/11/2025 0:15:54,1.17.2,Bandit80,16,4.05,nan,20,80,20,Left,Left,86,93,107,7,nan,nan,0.08
11/11/2025 0:15:55,1.17.2,Bandit80,16,4.05,nan,20,80,20,LeftinTimeOut,Left,86,93,107,7,nan,nan,nan
11/11/2025 0:15:58,1.17.2,Bandit80,16,4.05,nan,20,80,20,LeftinTimeOut,Left,86,93,107,7,nan,nan,nan
11/11/2025 0:16:00,1.17.2,Bandit80,16,4.04,nan,20,80,20,RightinTimeout,Left,86,93,107,7,nan,nan,0.00
11/11/2025 0:16:02,1.17.2,Bandit80,16,4.05,nan,20,80,20,RightinTimeout,Left,86,93,107,7,nan,nan,0.00
11/11/2025 0:16:09,1.17.2,Bandit80,16,4.05,nan,20,80,20,LeftinTimeOut,Left,86,93,107,7,nan,nan,nan
11/11/2025 0:39:14,1.17.2,Bandit80,16,4.04,nan,20,80,20,Left,Left,87,93,107,7,nan,nan,0.28
11/11/2025 0:39:15,1.17.2,Bandit80,16,4.04,1,20,80,20,Pellet,Left,87,93,108,7,0.59,1427,nan
11/11/2025 0:39:28,1.17.2,Bandit80,16,4.04,nan,20,80,20,Left,Left,88,93,108,8,nan,nan,0.02
11/11/2025 0:39:29,1.17.2,Bandit80,16,4.05,1,20,80,20,Pellet,Left,88,93,109,8,0.47,14,nan
11/11/2025 0:39:34,1.17.2,Bandit80,16,4.04,nan,20,80,20,Left,Left,89,93,109,9,nan,nan,0.04
11/11/2025 0:42:53,1.17.2,Bandit80,16,4.05,nan,20,80,20,Right,Left,89,94,109,9,nan,nan,0.08
11/11/2025 0:48:06,1.17.2,Bandit80,16,4.04,nan,20,80,20,Left,Left,90,94,109,9,nan,nan,0.03
11/11/2025 0:48:08,1.17.2,Bandit80,16,4.05,nan,20,80,20,LeftinTimeOut,Left,90,94,109,9,nan,nan,nan
11/11/2025 0:48:10,1.17.2,Bandit80,16,4.05,nan,20,80,20,LeftinTimeOut,Left,90,94,109,9,nan,nan,nan
11/11/2025 1:10:45,1.17.2,Bandit80,16,4.04,nan,20,80,20,Left,Left,91,94,109,9,nan,nan,0.02
11/11/2025 1:10:46,1.17.2,Bandit80,16,4.04,1,20,80,20,Pellet,Left,91,94,110,9,0.06,1876,nan
11/11/2025 1:11:00,1.17.2,Bandit80,16,4.03,nan,20,80,20,Left,Left,92,94,110,10,nan,nan,0.08
11/11/2025 1:11:01,1.17.2,Bandit80,16,4.05,1,20,80,20,Pellet,Left,92,94,111,10,0.41,16,nan
11/11/2025 1:11:04,1.17.2,Bandit80,16,4.03,nan,20,80,20,Left,Left,93,94,111,11,nan,nan,0.02
11/11/2025 1:11:06,1.17.2,Bandit80,16,4.05,1,20,80,20,Pellet,Left,93,94,112,11,1.13,5,nan
11/11/2025 1:11:20,1.17.2,Bandit80,16,4.04,nan,20,80,20,Left,Left,94,94,112,12,nan,nan,0.05
11/11/2025 1:11:21,1.17.2,Bandit80,16,4.05,1,20,80,20,Pellet,Left,94,94,113,12,0.35,15,nan
11/11/2025 1:11:28,1.17.2,Bandit80,16,4.05,nan,20,80,20,Left,Left,95,94,113,13,nan,nan,0.03
11/11/2025 1:11:32,1.17.2,Bandit80,16,4.05,nan,20,80,20,LeftinTimeOut,Left,95,94,113,13,nan,nan,nan
11/11/2025 1:11:33,1.17.2,Bandit80,16,4.05,nan,20,80,20,LeftinTimeOut,Left,95,94,113,13,nan,nan,nan
11/11/2025 1:11:35,1.17.2,Bandit80,16,4.05,nan,20,80,20,RightinTimeout,Left,95,94,113,13,nan,nan,0.00
11/11/2025 1:24:51,1.17.2,Bandit80,16,4.04,nan,20,80,20,Right,Left,95,95,113,13,nan,nan,2.61
11/11/2025 1:25:49,1.17.2,Bandit80,16,4.04,nan,20,80,20,Right,Left,95,96,113,13,nan,nan,0.04
11/11/2025 1:29:40,1.17.2,Bandit80,16,4.04,nan,20,80,20,Left,Left,96,96,113,13,nan,nan,0.12
11/11/2025 1:29:41,1.17.2,Bandit80,16,4.05,1,20,80,20,Pellet,Left,96,96,114,13,0.53,1100,nan
11/11/2025 1:29:53,1.17.2,Bandit80,16,4.05,nan,20,80,20,Left,Left,97,96,114,14,nan,nan,0.05
11/11/2025 1:29:54,1.17.2,Bandit80,16,4.04,1,20,80,20,Pellet,Left,97,96,115,14,0.35,13,nan
11/11/2025 1:30:12,1.17.2,Bandit80,16,4.04,nan,20,80,20,Left,Left,98,96,115,15,nan,nan,0.11
11/11/2025 1:30:13,1.17.2,Bandit80,16,4.05,1,20,80,20,Pellet,Left,98,96,116,15,0.71,19,nan
11/11/2025 1:30:20,1.17.2,Bandit80,16,4.04,nan,20,80,20,Left,Left,99,96,116,16,nan,nan,0.04
11/11/2025 1:30:21,1.17.2,Bandit80,16,4.04,1,20,80,20,Pellet,Left,99,96,117,16,0.41,8,nan
11/11/2025 1:30:40,1.17.2,Bandit80,16,4.04,nan,20,80,20,Left,Left,100,96,117,17,nan,nan,0.02
11/11/2025 1:30:41,1.17.2,Bandit80,16,4.03,1,20,80,20,Pellet,Left,100,96,118,17,0.41,20,nan
11/11/2025 1:30:50,1.17.2,Bandit80,16,4.04,nan,20,80,20,Left,Left,101,96,118,18,nan,nan,0.03
11/11/2025 1:30:51,1.17.2,Bandit80,16,4.04,1,20,80,20,Pellet,Left,101,96,119,18,0.35,10,nan
11/11/2025 1:31:04,1.17.2,Bandit80,16,4.04,nan,20,80,20,Left,Left,102,96,119,19,nan,nan,0.05
11/11/2025 1:31:05,1.17.2,Bandit80,16,4.04,1,20,80,20,Pellet,Left,102,96,120,19,0.29,14,nan
11/11/2025 2:03:09,1.17.2,Bandit80,16,4.05,nan,20,20,80,Left,Right,103,96,120,0,nan,nan,0.09
11/11/2025 2:03:10,1.17.2,Bandit80,16,4.03,nan,20,20,80,LeftinTimeOut,Right,103,96,120,0,nan,nan,nan
11/11/2025 2:22:07,1.17.2,Bandit80,16,4.04,nan,20,20,80,Left,Right,104,96,120,0,nan,nan,0.15
11/11/2025 2:22:09,1.17.2,Bandit80,16,4.05,nan,20,20,80,LeftinTimeOut,Right,104,96,120,0,nan,nan,nan
11/11/2025 3:04:54,1.17.2,Bandit80,16,4.03,nan,20,20,80,Left,Right,105,96,120,0,nan,nan,0.04
11/11/2025 3:04:56,1.17.2,Bandit80,16,4.04,1,20,20,80,Pellet,Right,105,96,121,0,1.25,5631,nan
11/11/2025 3:18:04,1.17.2,Bandit80,16,4.04,nan,20,20,80,Right,Right,105,97,121,1,nan,nan,0.32
11/11/2025 3:18:06,1.17.2,Bandit80,16,4.04,1,20,20,80,Pellet,Right,105,97,122,1,0.89,790,nan
11/11/2025 3:18:20,1.17.2,Bandit80,16,4.04,nan,20,20,80,Right,Right,105,98,122,2,nan,nan,0.07
11/11/2025 3:18:21,1.17.2,Bandit80,16,4.03,1,20,20,80,Pellet,Right,105,98,123,2,0.47,15,nan
11/11/2025 3:18:33,1.17.2,Bandit80,16,4.04,nan,20,20,80,Right,Right,105,99,123,3,nan,nan,0.05
11/11/2025 3:18:34,1.17.2,Bandit80,16,4.03,nan,20,20,80,RightinTimeout,Right,105,99,123,3,nan,nan,0.00
11/11/2025 3:18:37,1.17.2,Bandit80,16,4.04,nan,20,20,80,RightinTimeout,Right,105,99,123,3,nan,nan,0.00
11/11/2025 3:28:14,1.17.2,Bandit80,16,4.03,nan,20,20,80,Left,Right,106,99,123,3,nan,nan,0.03
11/11/2025 3:28:15,1.17.2,Bandit80,16,4.04,1,20,20,80,Pellet,Right,106,99,124,3,0.47,594,nan
11/11/2025 3:28:59,1.17.2,Bandit80,16,4.04,nan,20,20,80,Left,Right,107,99,124,4,nan,nan,0.07
11/11/2025 3:31:43,1.17.2,Bandit80,16,4.03,nan,20,20,80,Right,Right,107,100,124,4,nan,nan,0.12
11/11/2025 3:31:44,1.17.2,Bandit80,16,4.03,1,20,20,80,Pellet,Right,107,100,125,4,0.41,209,nan
11/11/2025 3:32:11,1.17.2,Bandit80,16,4.03,nan,20,20,80,Right,Right,107,101,125,5,nan,nan,0.22
11/11/2025 3:32:12,1.17.2,Bandit80,16,4.03,1,20,20,80,Pellet,Right,107,101,126,5,0.23,28,nan
11/11/2025 3:32:20,1.17.2,Bandit80,16,4.04,nan,20,20,80,Right,Right,107,102,126,6,nan,nan,0.05
11/11/2025 3:32:21,1.17.2,Bandit80,16,4.03,1,20,20,80,Pellet,Right,107,102,127,6,0.35,9,nan
11/11/2025 3:32:35,1.17.2,Bandit80,16,4.04,nan,20,20,80,Right,Right,107,103,127,7,nan,nan,0.09
11/11/2025 3:32:36,1.17.2,Bandit80,16,4.03,1,20,20,80,Pellet,Right,107,103,128,7,0.29,15,nan
11/11/2025 3:32:47,1.17.2,Bandit80,16,4.03,nan,20,20,80,Right,Right,107,104,128,8,nan,nan,0.04
11/11/2025 3:32:48,1.17.2,Bandit80,16,4.04,1,20,20,80,Pellet,Right,107,104,129,8,0.29,12,nan
11/11/2025 3:32:57,1.17.2,Bandit80,16,4.04,nan,20,20,80,Right,Right,107,105,129,9,nan,nan,0.04
11/11/2025 3:32:58,1.17.2,Bandit80,16,4.03,1,20,20,80,Pellet,Right,107,105,130,9,0.23,10,nan
11/11/2025 3:33:08,1.17.2,Bandit80,16,4.04,nan,20,20,80,Right,Right,107,106,130,10,nan,nan,0.09
11/11/2025 3:33:09,1.17.2,Bandit80,16,4.03,1,20,20,80,Pellet,Right,107,106,131,10,0.23,11,nan
11/11/2025 3:33:18,1.17.2,Bandit80,16,4.04,nan,20,20,80,Right,Right,107,107,131,11,nan,nan,0.12
11/11/2025 3:33:19,1.17.2,Bandit80,16,4.04,1,20,20,80,Pellet,Right,107,107,132,11,0.29,10,nan
11/11/2025 3:33:35,1.17.2,Bandit80,16,4.04,nan,20,20,80,Right,Right,107,108,132,12,nan,nan,0.25
11/11/2025 3:33:37,1.17.2,Bandit80,16,4.04,nan,20,20,80,RightinTimeout,Right,107,108,132,12,nan,nan,0.00
11/11/2025 4:10:36,1.17.2,Bandit80,16,4.03,nan,20,20,80,Left,Right,108,108,132,12,nan,nan,0.19
11/11/2025 4:42:33,1.17.2,Bandit80,16,4.03,nan,20,20,80,Left,Right,109,108,132,12,nan,nan,0.13
11/11/2025 4:42:37,1.17.2,Bandit80,16,4.03,nan,20,20,80,RightinTimeout,Right,109,108,132,12,nan,nan,0.00
11/11/2025 4:46:14,1.17.2,Bandit80,16,4.03,nan,20,20,80,Right,Right,109,109,132,12,nan,nan,0.03
11/11/2025 4:46:15,1.17.2,Bandit80,16,4.04,1,20,20,80,Pellet,Right,109,109,133,12,0.41,4376,nan
11/11/2025 4:46:26,1.17.2,Bandit80,16,4.03,nan,20,20,80,Right,Right,109,110,133,13,nan,nan,0.12
11/11/2025 4:46:27,1.17.2,Bandit80,16,4.03,1,20,20,80,Pellet,Right,109,110,134,13,0.29,12,nan
11/11/2025 4:46:37,1.17.2,Bandit80,16,4.03,nan,20,20,80,Right,Right,109,111,134,14,nan,nan,0.04
11/11/2025 4:46:38,1.17.2,Bandit80,16,4.03,1,20,20,80,Pellet,Right,109,111,135,14,0.23,11,nan
11/11/2025 4:46:45,1.17.2,Bandit80,16,4.03,nan,20,20,80,Right,Right,109,112,135,15,nan,nan,0.05
11/11/2025 4:46:46,1.17.2,Bandit80,16,4.03,1,20,20,80,Pellet,Right,109,112,136,15,0.17,7,nan
11/11/2025 4:47:00,1.17.2,Bandit80,16,4.03,nan,20,20,80,Right,Right,109,113,136,16,nan,nan,0.05
11/11/2025 4:47:01,1.17.2,Bandit80,16,4.04,nan,20,20,80,RightinTimeout,Right,109,113,136,16,nan,nan,0.00
11/11/2025 4:47:02,1.17.2,Bandit80,16,4.03,nan,20,20,80,RightinTimeout,Right,109,113,136,16,nan,nan,0.00
11/11/2025 4:47:03,1.17.2,Bandit80,16,4.03,nan,20,20,80,RightinTimeout,Right,109,113,136,16,nan,nan,0.00
11/11/2025 4:47:05,1.17.2,Bandit80,16,4.03,nan,20,20,80,RightinTimeout,Right,109,113,136,16,nan,nan,0.00
11/11/2025 4:47:06,1.17.2,Bandit80,16,4.03,nan,20,20,80,RightinTimeout,Right,109,113,136,16,nan,nan,0.00
11/11/2025 4:47:09,1.17.2,Bandit80,16,4.03,nan,20,20,80,RightinTimeout,Right,109,113,136,16,nan,nan,0.00
11/11/2025 4:47:11,1.17.2,Bandit80,16,4.03,nan,20,20,80,RightinTimeout,Right,109,113,136,16,nan,nan,0.00
11/11/2025 4:49:52,1.17.2,Bandit80,16,4.03,nan,20,20,80,Left,Right,110,113,136,16,nan,nan,0.03
11/11/2025 4:49:53,1.17.2,Bandit80,16,4.03,nan,20,20,80,LeftinTimeOut,Right,110,113,136,16,nan,nan,nan
11/11/2025 4:56:56,1.17.2,Bandit80,16,4.03,nan,20,20,80,Left,Right,111,113,136,16,nan,nan,0.09
11/11/2025 5:11:07,1.17.2,Bandit80,16,4.03,nan,20,20,80,Left,Right,112,113,136,16,nan,nan,0.00
11/11/2025 5:11:09,1.17.2,Bandit80,16,4.03,1,20,20,80,Pellet,Right,112,113,137,16,1.55,1464,nan
11/11/2025 5:11:22,1.17.2,Bandit80,16,4.03,nan,20,20,80,Left,Right,113,113,137,17,nan,nan,0.11
11/11/2025 5:11:23,1.17.2,Bandit80,16,4.03,1,20,20,80,Pellet,Right,113,113,138,17,0.71,14,nan
11/11/2025 5:11:33,1.17.2,Bandit80,16,4.03,nan,20,20,80,Left,Right,114,113,138,18,nan,nan,0.04
11/11/2025 5:11:36,1.17.2,Bandit80,16,4.03,nan,20,20,80,LeftinTimeOut,Right,114,113,138,18,nan,nan,nan
11/11/2025 5:11:38,1.17.2,Bandit80,16,4.03,nan,20,20,80,LeftinTimeOut,Right,114,113,138,18,nan,nan,nan
11/11/2025 5:31:05,1.17.2,Bandit80,16,4.03,nan,20,20,80,Left,Right,115,113,138,18,nan,nan,0.07
11/11/2025 5:31:06,1.17.2,Bandit80,16,4.03,nan,20,20,80,LeftinTimeOut,Right,115,113,138,18,nan,nan,nan
11/11/2025 5:31:10,1.17.2,Bandit80,16,4.03,nan,20,20,80,LeftinTimeOut,Right,115,113,138,18,nan,nan,nan
11/11/2025 5:31:11,1.17.2,Bandit80,16,4.03,nan,20,20,80,LeftinTimeOut,Right,115,113,138,18,nan,nan,nan
11/11/2025 5:37:22,1.17.2,Bandit80,16,4.03,nan,20,20,80,Right,Right,115,114,138,18,nan,nan,0.42
11/11/2025 5:37:25,1.17.2,Bandit80,16,4.03,nan,20,20,80,LeftinTimeOut,Right,115,114,138,18,nan,nan,nan
11/11/2025 5:37:26,1.17.2,Bandit80,16,4.03,nan,20,20,80,LeftinTimeOut,Right,115,114,138,18,nan,nan,nan
11/11/2025 5:41:10,1.17.2,Bandit80,16,4.03,nan,20,20,80,Right,Right,115,115,138,18,nan,nan,0.06
11/11/2025 5:41:11,1.17.2,Bandit80,16,4.03,1,20,20,80,Pellet,Right,115,115,139,18,0.29,1788,nan
11/11/2025 5:41:26,1.17.2,Bandit80,16,4.03,nan,20,20,80,Right,Right,115,116,139,19,nan,nan,0.04
11/11/2025 5:41:27,1.17.2,Bandit80,16,4.03,1,20,20,80,Pellet,Right,115,116,140,19,0.41,16,nan
11/11/2025 5:41:43,1.17.2,Bandit80,16,4.03,nan,20,80,20,Right,Left,115,117,140,0,nan,nan,0.06
11/11/2025 5:41:44,1.17.2,Bandit80,16,4.03,nan,20,80,20,RightinTimeout,Left,115,117,140,0,nan,nan,0.00
11/11/2025 5:41:46,1.17.2,Bandit80,16,4.03,nan,20,80,20,RightinTimeout,Left,115,117,140,0,nan,nan,0.00
11/11/2025 5:41:47,1.17.2,Bandit80,16,4.03,nan,20,80,20,RightinTimeout,Left,115,117,140,0,nan,nan,0.00
11/11/2025 5:41:48,1.17.2,Bandit80,16,4.03,nan,20,80,20,RightinTimeout,Left,115,117,140,0,nan,nan,0.00
11/11/2025 5:41:48,1.17.2,Bandit80,16,4.03,nan,20,80,20,RightinTimeout,Left,115,117,140,0,nan,nan,0.00
11/11/2025 5:42:25,1.17.2,Bandit80,16,4.03,nan,20,80,20,Left,Left,116,117,140,0,nan,nan,0.06
11/11/2025 5:42:26,1.17.2,Bandit80,16,4.03,1,20,80,20,Pellet,Left,116,117,141,0,0.41,59,nan
11/11/2025 5:42:42,1.17.2,Bandit80,16,4.03,nan,20,80,20,Left,Left,117,117,141,1,nan,nan,0.13
11/11/2025 5:42:44,1.17.2,Bandit80,16,4.03,1,20,80,20,Pellet,Left,117,117,142,1,0.83,18,nan
11/11/2025 5:42:59,1.17.2,Bandit80,16,4.03,nan,20,80,20,Left,Left,118,117,142,2,nan,nan,0.14
11/11/2025 5:43:00,1.17.2,Bandit80,16,4.03,1,20,80,20,Pellet,Left,118,117,143,2,0.35,16,nan
11/11/2025 5:43:14,1.17.2,Bandit80,16,4.03,nan,20,80,20,Left,Left,119,117,143,3,nan,nan,0.07
11/11/2025 5:43:15,1.17.2,Bandit80,16,4.03,1,20,80,20,Pellet,Left,119,117,144,3,0.17,15,nan
11/11/2025 5:43:27,1.17.2,Bandit80,16,4.03,nan,20,80,20,Left,Left,120,117,144,4,nan,nan,0.04
11/11/2025 5:43:29,1.17.2,Bandit80,16,4.03,nan,20,80,20,LeftinTimeOut,Left,120,117,144,4,nan,nan,nan
11/11/2025 5:43:30,1.17.2,Bandit80,16,4.03,nan,20,80,20,LeftinTimeOut,Left,120,117,144,4,nan,nan,nan
11/11/2025 5:43:33,1.17.2,Bandit80,16,4.03,nan,20,80,20,RightinTimeout,Left,120,117,144,4,nan,nan,0.00
11/11/2025 8:55:49,1.17.2,Bandit80,16,4.03,nan,20,80,20,Right,Left,120,118,144,4,nan,nan,0.54
11/11/2025 8:55:53,1.17.2,Bandit80,16,4.03,nan,20,80,20,RightinTimeout,Left,120,118,144,4,nan,nan,0.00
11/11/2025 8:55:53,1.17.2,Bandit80,16,4.03,nan,20,80,20,RightinTimeout,Left,120,118,144,4,nan,nan,0.00
11/11/2025 8:56:01,1.17.2,Bandit80,16,4.03,nan,20,80,20,RightinTimeout,Left,120,118,144,4,nan,nan,0.00
11/11/2025 8:56:01,1.17.2,Bandit80,16,4.03,nan,20,80,20,RightinTimeout,Left,120,118,144,4,nan,nan,0.00
11/11/2025 8:56:01,1.17.2,Bandit80,16,4.03,nan,20,80,20,RightinTimeout,Left,120,118,144,4,nan,nan,0.00
11/11/2025 8:56:06,1.17.2,Bandit80,16,4.02,nan,20,80,20,RightinTimeout,Left,120,118,144,4,nan,nan,0.00
11/11/2025 8:56:09,1.17.2,Bandit80,16,4.03,nan,20,80,20,RightinTimeout,Left,120,118,144,4,nan,nan,0.00
11/11/2025 8:56:09,1.17.2,Bandit80,16,4.02,nan,20,80,20,RightinTimeout,Left,120,118,144,4,nan,nan,0.00
11/11/2025 8:56:10,1.17.2,Bandit80,16,4.03,nan,20,80,20,RightinTimeout,Left,120,118,144,4,nan,nan,0.00
11/11/2025 8:56:16,1.17.2,Bandit80,16,4.03,nan,20,80,20,RightinTimeout,Left,120,118,144,4,nan,nan,0.00
11/11/2025 8:56:16,1.17.2,Bandit80,16,4.03,nan,20,80,20,RightinTimeout,Left,120,118,144,4,nan,nan,0.00
11/11/2025 8:56:16,1.17.2,Bandit80,16,4.03,nan,20,80,20,RightinTimeout,Left,120,118,144,4,nan,nan,0.00
11/11/2025 8:56:20,1.17.2,Bandit80,16,4.03,nan,20,80,20,LeftinTimeOut,Left,120,118,144,4,nan,nan,nan
11/11/2025 8:56:22,1.17.2,Bandit80,16,4.03,nan,20,80,20,LeftinTimeOut,Left,120,118,144,4,nan,nan,nan
11/11/2025 9:00:37,1.17.2,Bandit80,16,4.03,nan,20,80,20,Left,Left,121,118,144,4,nan,nan,0.08
11/11/2025 9:00:38,1.17.2,Bandit80,16,4.03,1,20,80,20,Pellet,Left,121,118,145,4,0.41,11843,nan
11/11/2025 9:00:57,1.17.2,Bandit80,16,4.03,nan,20,80,20,Left,Left,122,118,145,5,nan,nan,0.23
11/11/2025 9:00:59,1.17.2,Bandit80,16,4.02,nan,20,80,20,LeftinTimeOut,Left,122,118,145,5,nan,nan,nan
11/11/2025 9:01:01,1.17.2,Bandit80,16,4.02,nan,20,80,20,LeftinTimeOut,Left,122,118,145,5,nan,nan,nan
11/11/2025 9:01:03,1.17.2,Bandit80,16,4.03,nan,20,80,20,LeftinTimeOut,Left,122,118,145,5,nan,nan,nan
11/11/2025 9:05:50,1.17.2,Bandit80,16,4.03,nan,20,80,20,Right,Left,122,119,145,5,nan,nan,0.01
11/11/2025 9:05:51,1.17.2,Bandit80,16,4.03,nan,20,80,20,RightinTimeout,Left,122,119,145,5,nan,nan,0.00
11/11/2025 9:05:51,1.17.2,Bandit80,16,4.03,nan,20,80,20,RightinTimeout,Left,122,119,145,5,nan,nan,0.00
11/11/2025 9:05:53,1.17.2,Bandit80,16,4.03,nan,20,80,20,RightinTimeout,Left,122,119,145,5,nan,nan,0.00
11/11/2025 9:06:26,1.17.2,Bandit80,16,4.03,nan,20,80,20,Left,Left,123,119,145,5,nan,nan,0.24
11/11/2025 9:06:27,1.17.2,Bandit80,16,4.02,1,20,80,20,Pellet,Left,123,119,146,5,0.47,349,nan
11/11/2025 9:11:35,1.17.2,Bandit80,16,4.02,nan,20,80,20,Right,Left,123,120,146,6,nan,nan,0.20
11/11/2025 9:15:59,1.17.2,Bandit80,16,4.03,nan,20,80,20,Left,Left,124,120,146,6,nan,nan,0.05
11/11/2025 9:16:00,1.17.2,Bandit80,16,4.02,1,20,80,20,Pellet,Left,124,120,147,6,0.53,573,nan
11/11/2025 9:16:19,1.17.2,Bandit80,16,4.03,nan,20,80,20,Left,Left,125,120,147,7,nan,nan,0.02
11/11/2025 9:16:20,1.17.2,Bandit80,16,4.02,1,20,80,20,Pellet,Left,125,120,148,7,0.29,20,nan
11/11/2025 9:16:48,1.17.2,Bandit80,16,4.03,nan,20,80,20,Left,Left,126,120,148,8,nan,nan,0.08
11/11/2025 9:16:50,1.17.2,Bandit80,16,4.03,nan,20,80,20,LeftinTimeOut,Left,126,120,148,8,nan,nan,nan
11/11/2025 9:16:52,1.17.2,Bandit80,16,4.03,nan,20,80,20,LeftinTimeOut,Left,126,120,148,8,nan,nan,nan
11/11/2025 9:17:26,1.17.2,Bandit80,16,4.03,nan,20,80,20,Left,Left,127,120,148,8,nan,nan,0.07
11/11/2025 9:17:29,1.17.2,Bandit80,16,4.03,2,20,80,20,Pellet,Left,127,120,149,8,0.71,69,nan
11/11/2025 9:17:39,1.17.2,Bandit80,16,4.02,nan,20,80,20,Left,Left,128,120,149,9,nan,nan,0.12
11/11/2025 9:17:40,1.17.2,Bandit80,16,4.02,nan,20,80,20,LeftinTimeOut,Left,128,120,149,9,nan,nan,nan
11/11/2025 9:17:41,1.17.2,Bandit80,16,4.02,nan,20,80,20,LeftinTimeOut,Left,128,120,149,9,nan,nan,nan
11/11/2025 11:03:34,1.17.2,Bandit80,16,4.02,nan,20,80,20,Right,Left,128,121,149,9,nan,nan,0.66
11/11/2025 11:03:36,1.17.2,Bandit80,16,4.02,1,20,80,20,Pellet,Left,128,121,150,9,1.31,6367,nan
11/11/2025 11:03:42,1.17.2,Bandit80,16,4.02,nan,20,80,20,Right,Left,128,122,150,10,nan,nan,0.02
11/11/2025 11:03:43,1.17.2,Bandit80,16,4.03,nan,20,80,20,RightinTimeout,Left,128,122,150,10,nan,nan,0.00
11/11/2025 11:03:45,1.17.2,Bandit80,16,4.02,nan,20,80,20,RightinTimeout,Left,128,122,150,10,nan,nan,0.00
11/11/2025 11:03:45,1.17.2,Bandit80,16,4.02,nan,20,80,20,RightinTimeout,Left,128,122,150,10,nan,nan,0.00
11/11/2025 11:03:45,1.17.2,Bandit80,16,4.03,nan,20,80,20,RightinTimeout,Left,128,122,150,10,nan,nan,0.00
11/11/2025 11:03:47,1.17.2,Bandit80,16,4.02,nan,20,80,20,RightinTimeout,Left,128,122,150,10,nan,nan,0.00
11/11/2025 13:35:45,1.17.2,Bandit80,16,4.02,nan,20,80,20,Right,Left,128,123,150,10,nan,nan,0.41
11/11/2025 15:32:25,1.17.2,Bandit80,16,4.02,nan,20,80,20,Right,Left,128,124,150,10,nan,nan,0.06
11/11/2025 15:33:39,1.17.2,Bandit80,16,4.01,nan,20,80,20,Right,Left,128,125,150,10,nan,nan,0.16
11/11/2025 15:36:54,1.17.2,Bandit80,16,4.02,nan,20,80,20,Right,Left,128,126,150,10,nan,nan,0.25
11/11/2025 15:37:08,1.17.2,Bandit80,16,4.02,nan,20,80,20,Left,Left,129,126,150,10,nan,nan,0.07
11/11/2025 15:37:09,1.17.2,Bandit80,16,4.02,1,20,80,20,Pellet,Left,129,126,151,10,0.29,16413,nan
11/11/2025 15:37:22,1.17.2,Bandit80,16,4.02,nan,20,80,20,Left,Left,130,126,151,11,nan,nan,0.10
11/11/2025 15:37:29,1.17.2,Bandit80,16,4.02,2,20,80,20,Pellet,Left,130,126,152,11,3.77,20,nan
11/11/2025 15:37:46,1.17.2,Bandit80,16,4.02,nan,20,80,20,Left,Left,131,126,152,12,nan,nan,0.15
11/11/2025 15:37:49,1.17.2,Bandit80,16,4.02,nan,20,80,20,LeftinTimeOut,Left,131,126,152,12,nan,nan,nan
11/11/2025 15:37:51,1.17.2,Bandit80,16,4.02,nan,20,80,20,LeftinTimeOut,Left,131,126,152,12,nan,nan,nan
11/11/2025 15:37:54,1.17.2,Bandit80,16,4.02,nan,20,80,20,LeftinTimeOut,Left,131,126,152,12,nan,nan,nan
11/11/2025 15:38:00,1.17.2,Bandit80,16,4.02,nan,20,80,20,RightinTimeout,Left,131,126,152,12,nan,nan,0.00
11/11/2025 15:40:22,1.17.2,Bandit80,16,4.02,nan,20,80,20,Left,Left,132,126,152,12,nan,nan,0.00
11/11/2025 15:40:24,1.17.2,Bandit80,16,4.02,2,20,80,20,Pellet,Left,132,126,153,12,0.71,175,nan
11/11/2025 15:40:32,1.17.2,Bandit80,16,4.02,nan,20,80,20,Left,Left,133,126,153,13,nan,nan,0.06
11/11/2025 15:40:36,1.17.2,Bandit80,16,4.02,2,20,80,20,Pellet,Left,133,126,154,13,0.89,12,nan
11/11/2025 15:40:46,1.17.2,Bandit80,16,4.01,nan,20,80,20,Left,Left,134,126,154,14,nan,nan,0.46
11/11/2025 15:40:47,1.17.2,Bandit80,16,4.02,1,20,80,20,Pellet,Left,134,126,155,14,0.06,11,nan
11/11/2025 15:40:55,1.17.2,Bandit80,16,4.02,nan,20,80,20,Left,Left,135,126,155,15,nan,nan,0.14
11/11/2025 15:40:57,1.17.2,Bandit80,16,4.02,1,20,80,20,Pellet,Left,135,126,156,15,0.53,10,nan
11/11/2025 15:41:06,1.17.2,Bandit80,16,4.02,nan,20,80,20,Left,Left,136,126,156,16,nan,nan,0.22
11/11/2025 15:41:07,1.17.2,Bandit80,16,4.02,1,20,80,20,Pellet,Left,136,126,157,16,0.47,10,nan
11/11/2025 15:41:18,1.17.2,Bandit80,16,4.01,nan,20,80,20,Left,Left,137,126,157,17,nan,nan,0.14
11/11/2025 15:41:19,1.17.2,Bandit80,16,4.02,1,20,80,20,Pellet,Left,137,126,158,17,0.59,12,nan
11/11/2025 17:18:35,1.17.2,Bandit80,16,4.02,nan,20,80,20,Left,Left,138,126,158,18,nan,nan,0.02
11/11/2025 17:18:36,1.17.2,Bandit80,16,4.02,1,20,80,20,Pellet,Left,138,126,159,18,0.35,5837,nan
11/11/2025 17:18:49,1.17.2,Bandit80,16,4.02,nan,20,80,20,Left,Left,139,126,159,19,nan,nan,0.00
11/11/2025 17:18:50,1.17.2,Bandit80,16,4.02,1,20,80,20,Pellet,Left,139,126,160,19,0.71,14,nan
11/11/2025 17:19:01,1.17.2,Bandit80,16,4.02,nan,20,20,80,Left,Right,140,126,160,0,nan,nan,0.02
11/11/2025 17:19:03,1.17.2,Bandit80,16,4.02,nan,20,20,80,LeftinTimeOut,Right,140,126,160,0,nan,nan,nan
11/11/2025 17:19:04,1.17.2,Bandit80,16,4.02,nan,20,20,80,LeftinTimeOut,Right,140,126,160,0,nan,nan,nan
11/11/2025 17:19:04,1.17.2,Bandit80,16,4.02,nan,20,20,80,LeftinTimeOut,Right,140,126,160,0,nan,nan,nan
11/11/2025 17:19:35,1.17.2,Bandit80,16,4.02,nan,20,20,80,Right,Right,140,127,160,0,nan,nan,0.04
11/11/2025 17:19:37,1.17.2,Bandit80,16,4.02,1,20,20,80,Pellet,Right,140,127,161,0,0.65,47,nan
11/11/2025 17:19:54,1.17.2,Bandit80,16,4.02,nan,20,20,80,Right,Right,140,128,161,1,nan,nan,0.11
11/11/2025 17:19:58,1.17.2,Bandit80,16,4.02,nan,20,20,80,LeftinTimeOut,Right,140,128,161,1,nan,nan,nan
11/11/2025 17:19:59,1.17.2,Bandit80,16,4.01,nan,20,20,80,LeftinTimeOut,Right,140,128,161,1,nan,nan,nan
11/11/2025 17:34:14,1.17.2,Bandit80,16,4.02,nan,20,20,80,Left,Right,141,128,161,1,nan,nan,0.08
11/11/2025 17:34:16,1.17.2,Bandit80,16,4.02,nan,20,20,80,LeftinTimeOut,Right,141,128,161,1,nan,nan,nan
11/11/2025 17:34:17,1.17.2,Bandit80,16,4.01,nan,20,20,80,LeftinTimeOut,Right,141,128,161,1,nan,nan,nan
11/11/2025 18:15:02,1.17.2,Bandit80,16,4.02,nan,20,20,80,Left,Right,142,128,161,1,nan,nan,0.08
11/11/2025 18:15:04,1.17.2,Bandit80,16,4.01,nan,20,20,80,LeftinTimeOut,Right,142,128,161,1,nan,nan,nan
11/11/2025 18:21:25,1.17.2,Bandit80,16,4.02,nan,20,20,80,Left,Right,143,128,161,1,nan,nan,0.12
11/11/2025 18:21:27,1.17.2,Bandit80,16,4.01,nan,20,20,80,LeftinTimeOut,Right,143,128,161,1,nan,nan,nan
11/11/2025 18:21:31,1.17.2,Bandit80,16,4.02,nan,20,20,80,LeftinTimeOut,Right,143,128,161,1,nan,nan,nan
11/11/2025 18:21:52,1.17.2,Bandit80,16,4.01,nan,20,20,80,Right,Right,143,129,161,1,nan,nan,0.54
11/11/2025 18:21:54,1.17.2,Bandit80,16,4.02,1,20,20,80,Pellet,Right,143,129,162,1,0.83,3737,nan
11/11/2025 18:22:05,1.17.2,Bandit80,16,4.02,nan,20,20,80,Right,Right,143,130,162,2,nan,nan,0.04
11/11/2025 18:22:06,1.17.2,Bandit80,16,4.01,1,20,20,80,Pellet,Right,143,130,163,2,0.29,12,nan
11/11/2025 18:22:13,1.17.2,Bandit80,16,4.01,nan,20,20,80,Right,Right,143,131,163,3,nan,nan,0.14
11/11/2025 18:22:14,1.17.2,Bandit80,16,4.02,1,20,20,80,Pellet,Right,143,131,164,3,0.23,8,nan
11/11/2025 18:22:26,1.17.2,Bandit80,16,4.01,nan,20,20,80,Right,Right,143,132,164,4,nan,nan,0.07
11/11/2025 18:22:27,1.17.2,Bandit80,16,4.01,1,20,20,80,Pellet,Right,143,132,165,4,0.53,13,nan
11/11/2025 18:22:37,1.17.2,Bandit80,16,4.02,nan,20,20,80,Right,Right,143,133,165,5,nan,nan,0.11
11/11/2025 18:22:38,1.17.2,Bandit80,16,4.02,1,20,20,80,Pellet,Right,143,133,166,5,0.23,11,nan
11/11/2025 18:23:02,1.17.2,Bandit80,16,4.01,nan,20,20,80,Right,Right,143,134,166,6,nan,nan,0.16
11/11/2025 18:23:03,1.17.2,Bandit80,16,4.01,nan,20,20,80,RightinTimeout,Right,143,134,166,6,nan,nan,0.00
11/11/2025 18:23:04,1.17.2,Bandit80,16,4.02,nan,20,20,80,RightinTimeout,Right,143,134,166,6,nan,nan,0.00
11/11/2025 18:23:05,1.17.2,Bandit80,16,4.02,nan,20,20,80,RightinTimeout,Right,143,134,166,6,nan,nan,0.00
11/11/2025 18:23:05,1.17.2,Bandit80,16,4.01,nan,20,20,80,RightinTimeout,Right,143,134,166,6,nan,nan,0.00
11/11/2025 18:23:07,1.17.2,Bandit80,16,4.01,nan,20,20,80,RightinTimeout,Right,143,134,166,6,nan,nan,0.00
11/11/2025 18:23:09,1.17.2,Bandit80,16,4.01,nan,20,20,80,RightinTimeout,Right,143,134,166,6,nan,nan,0.00
11/11/2025 18:23:09,1.17.2,Bandit80,16,4.01,nan,20,20,80,RightinTimeout,Right,143,134,166,6,nan,nan,0.00
11/11/2025 18:23:10,1.17.2,Bandit80,16,4.02,nan,20,20,80,RightinTimeout,Right,143,134,166,6,nan,nan,0.00
11/11/2025 18:23:15,1.17.2,Bandit80,16,4.00,nan,20,20,80,LeftinTimeOut,Right,143,134,166,6,nan,nan,nan
11/11/2025 18:23:16,1.17.2,Bandit80,16,4.01,nan,20,20,80,LeftinTimeOut,Right,143,134,166,6,nan,nan,nan
11/11/2025 18:23:24,1.17.2,Bandit80,16,4.02,nan,20,20,80,RightinTimeout,Right,143,134,166,6,nan,nan,0.00
11/11/2025 18:23:49,1.17.2,Bandit80,16,4.02,nan,20,20,80,Left,Right,144,134,166,6,nan,nan,0.11
11/11/2025 18:23:51,1.17.2,Bandit80,16,4.02,nan,20,20,80,LeftinTimeOut,Right,144,134,166,6,nan,nan,nan
11/11/2025 18:32:13,1.17.2,Bandit80,16,4.02,nan,20,20,80,Left,Right,145,134,166,6,nan,nan,0.53
11/11/2025 18:32:15,1.17.2,Bandit80,16,4.02,nan,20,20,80,LeftinTimeOut,Right,145,134,166,6,nan,nan,nan
11/11/2025 18:32:17,1.17.2,Bandit80,16,4.01,nan,20,20,80,LeftinTimeOut,Right,145,134,166,6,nan,nan,nan
11/11/2025 18:32:18,1.17.2,Bandit80,16,4.01,nan,20,20,80,LeftinTimeOut,Right,145,134,166,6,nan,nan,nan
11/11/2025 18:32:22,1.17.2,Bandit80,16,4.02,nan,20,20,80,LeftinTimeOut,Right,145,134,166,6,nan,nan,nan
11/11/2025 18:32:24,1.17.2,Bandit80,16,4.01,nan,20,20,80,LeftinTimeOut,Right,145,134,166,6,nan,nan,nan
11/11/2025 18:39:45,1.17.2,Bandit80,16,4.01,nan,20,20,80,Left,Right,146,134,166,6,nan,nan,0.33
11/11/2025 18:39:46,1.17.2,Bandit80,16,4.01,1,20,20,80,Pellet,Right,146,134,167,6,0.89,1028,nan
11/11/2025 18:39:51,1.17.2,Bandit80,16,4.02,nan,20,20,80,Left,Right,147,134,167,7,nan,nan,0.03
11/11/2025 18:39:52,1.17.2,Bandit80,16,4.02,nan,20,20,80,LeftinTimeOut,Right,147,134,167,7,nan,nan,nan
11/11/2025 18:39:54,1.17.2,Bandit80,16,4.01,nan,20,20,80,LeftinTimeOut,Right,147,134,167,7,nan,nan,nan
11/11/2025 18:39:55,1.17.2,Bandit80,16,4.01,nan,20,20,80,LeftinTimeOut,Right,147,134,167,7,nan,nan,nan
11/11/2025 18:39:56,1.17.2,Bandit80,16,4.00,nan,20,20,80,LeftinTimeOut,Right,147,134,167,7,nan,nan,nan
11/11/2025 18:39:57,1.17.2,Bandit80,16,4.02,nan,20,20,80,LeftinTimeOut,Right,147,134,167,7,nan,nan,nan
11/11/2025 18:39:59,1.17.2,Bandit80,16,4.01,nan,20,20,80,RightinTimeout,Right,147,134,167,7,nan,nan,0.00
11/11/2025 18:40:02,1.17.2,Bandit80,16,4.02,nan,20,20,80,RightinTimeout,Right,147,134,167,7,nan,nan,0.00
11/11/2025 18:40:16,1.17.2,Bandit80,16,4.01,nan,20,20,80,Right,Right,147,135,167,7,nan,nan,0.13
11/11/2025 18:40:17,1.17.2,Bandit80,16,4.01,1,20,20,80,Pellet,Right,147,135,168,7,0.29,31,nan
11/11/2025 18:40:26,1.17.2,Bandit80,16,4.02,nan,20,20,80,Right,Right,147,136,168,8,nan,nan,0.44
11/11/2025 18:40:29,1.17.2,Bandit80,16,4.02,1,20,20,80,Pellet,Right,147,136,169,8,2.33,12,nan
11/11/2025 18:40:41,1.17.2,Bandit80,16,4.01,nan,20,20,80,Right,Right,147,137,169,9,nan,nan,0.10
11/11/2025 18:40:42,1.17.2,Bandit80,16,4.02,1,20,20,80,Pellet,Right,147,137,170,9,0.41,13,nan
11/11/2025 18:40:57,1.17.2,Bandit80,16,4.01,nan,20,20,80,Right,Right,147,138,170,10,nan,nan,0.26
11/11/2025 18:41:00,1.17.2,Bandit80,16,4.01,3,20,20,80,Pellet,Right,147,138,171,10,0.06,18,nan
11/11/2025 18:41:06,1.17.2,Bandit80,16,4.01,nan,20,20,80,Right,Right,147,139,171,11,nan,nan,0.13
11/11/2025 18:41:07,1.17.2,Bandit80,16,4.01,nan,20,20,80,RightinTimeout,Right,147,139,171,11,nan,nan,0.00
11/11/2025 18:41:09,1.17.2,Bandit80,16,4.02,nan,20,20,80,RightinTimeout,Right,147,139,171,11,nan,nan,0.00
11/11/2025 18:41:09,1.17.2,Bandit80,16,4.02,nan,20,20,80,RightinTimeout,Right,147,139,171,11,nan,nan,0.00
11/11/2025 18:41:09,1.17.2,Bandit80,16,4.01,nan,20,20,80,RightinTimeout,Right,147,139,171,11,nan,nan,0.00
11/11/2025 18:41:10,1.17.2,Bandit80,16,4.02,nan,20,20,80,RightinTimeout,Right,147,139,171,11,nan,nan,0.00
11/11/2025 18:41:11,1.17.2,Bandit80,16,4.02,nan,20,20,80,RightinTimeout,Right,147,139,171,11,nan,nan,0.00
11/11/2025 18:41:11,1.17.2,Bandit80,16,4.01,nan,20,20,80,RightinTimeout,Right,147,139,171,11,nan,nan,0.00
11/11/2025 18:41:12,1.17.2,Bandit80,16,4.01,nan,20,20,80,RightinTimeout,Right,147,139,171,11,nan,nan,0.00
11/11/2025 18:41:12,1.17.2,Bandit80,16,4.01,nan,20,20,80,RightinTimeout,Right,147,139,171,11,nan,nan,0.00
11/11/2025 18:41:12,1.17.2,Bandit80,16,4.01,nan,20,20,80,RightinTimeout,Right,147,139,171,11,nan,nan,0.00
11/11/2025 18:41:17,1.17.2,Bandit80,16,4.01,nan,20,20,80,RightinTimeout,Right,147,139,171,11,nan,nan,0.00
11/11/2025 18:41:20,1.17.2,Bandit80,16,4.02,nan,20,20,80,RightinTimeout,Right,147,139,171,11,nan,nan,0.00
11/11/2025 18:41:21,1.17.2,Bandit80,16,4.01,nan,20,20,80,RightinTimeout,Right,147,139,171,11,nan,nan,0.00
11/11/2025 18:41:46,1.17.2,Bandit80,16,4.01,nan,20,20,80,Right,Right,147,140,171,11,nan,nan,0.12
11/11/2025 18:41:47,1.17.2,Bandit80,16,4.01,1,20,20,80,Pellet,Right,147,140,172,11,0.35,47,nan
11/11/2025 18:41:52,1.17.2,Bandit80,16,4.01,nan,20,20,80,Right,Right,147,141,172,12,nan,nan,0.10
11/11/2025 18:41:53,1.17.2,Bandit80,16,4.01,2,20,20,80,Pellet,Right,147,141,173,12,0.06,6,nan
11/11/2025 18:42:04,1.17.2,Bandit80,16,4.01,nan,20,20,80,Right,Right,147,142,173,13,nan,nan,0.10
11/11/2025 18:42:05,1.17.2,Bandit80,16,4.01,nan,20,20,80,RightinTimeout,Right,147,142,173,13,nan,nan,0.00
11/11/2025 18:42:05,1.17.2,Bandit80,16,4.02,nan,20,20,80,RightinTimeout,Right,147,142,173,13,nan,nan,0.00
11/11/2025 18:42:07,1.17.2,Bandit80,16,4.01,nan,20,20,80,RightinTimeout,Right,147,142,173,13,nan,nan,0.00
11/11/2025 18:42:08,1.17.2,Bandit80,16,4.01,nan,20,20,80,RightinTimeout,Right,147,142,173,13,nan,nan,0.00
11/11/2025 18:42:09,1.17.2,Bandit80,16,4.01,nan,20,20,80,RightinTimeout,Right,147,142,173,13,nan,nan,0.00
11/11/2025 18:42:09,1.17.2,Bandit80,16,4.01,nan,20,20,80,RightinTimeout,Right,147,142,173,13,nan,nan,0.00
11/11/2025 18:42:09,1.17.2,Bandit80,16,4.01,nan,20,20,80,RightinTimeout,Right,147,142,173,13,nan,nan,0.00
11/11/2025 18:42:11,1.17.2,Bandit80,16,4.02,nan,20,20,80,RightinTimeout,Right,147,142,173,13,nan,nan,0.00
11/11/2025 18:42:14,1.17.2,Bandit80,16,4.01,nan,20,20,80,RightinTimeout,Right,147,142,173,13,nan,nan,0.00
11/11/2025 18:42:17,1.17.2,Bandit80,16,4.00,nan,20,20,80,LeftinTimeOut,Right,147,142,173,13,nan,nan,nan
11/11/2025 18:42:18,1.17.2,Bandit80,16,4.01,nan,20,20,80,LeftinTimeOut,Right,147,142,173,13,nan,nan,nan
11/11/2025 18:42:19,1.17.2,Bandit80,16,4.01,nan,20,20,80,LeftinTimeOut,Right,147,142,173,13,nan,nan,nan
11/11/2025 18:42:21,1.17.2,Bandit80,16,4.02,nan,20,20,80,LeftinTimeOut,Right,147,142,173,13,nan,nan,nan
11/11/2025 18:42:22,1.17.2,Bandit80,16,4.02,nan,20,20,80,LeftinTimeOut,Right,147,142,173,13,nan,nan,nan
11/11/2025 18:42:22,1.17.2,Bandit80,16,4.02,nan,20,20,80,LeftinTimeOut,Right,147,142,173,13,nan,nan,nan
11/11/2025 18:42:24,1.17.2,Bandit80,16,4.01,nan,20,20,80,RightinTimeout,Right,147,142,173,13,nan,nan,0.00
11/11/2025 18:42:26,1.17.2,Bandit80,16,4.02,nan,20,20,80,RightinTimeout,Right,147,142,173,13,nan,nan,0.00
11/11/2025 18:42:28,1.17.2,Bandit80,16,4.01,nan,20,20,80,RightinTimeout,Right,147,142,173,13,nan,nan,0.00
11/11/2025 18:42:30,1.17.2,Bandit80,16,4.02,nan,20,20,80,RightinTimeout,Right,147,142,173,13,nan,nan,0.00
11/11/2025 18:42:32,1.17.2,Bandit80,16,4.01,nan,20,20,80,RightinTimeout,Right,147,142,173,13,nan,nan,0.00
11/11/2025 18:42:32,1.17.2,Bandit80,16,4.02,nan,20,20,80,RightinTimeout,Right,147,142,173,13,nan,nan,0.00
11/11/2025 18:42:34,1.17.2,Bandit80,16,4.01,nan,20,20,80,RightinTimeout,Right,147,142,173,13,nan,nan,0.00
11/11/2025 18:42:35,1.17.2,Bandit80,16,4.01,nan,20,20,80,LeftinTimeOut,Right,147,142,173,13,nan,nan,nan
11/11/2025 18:42:49,1.17.2,Bandit80,16,4.01,nan,20,20,80,Left,Right,148,142,173,13,nan,nan,0.28
11/11/2025 18:42:50,1.17.2,Bandit80,16,4.01,nan,20,20,80,LeftinTimeOut,Right,148,142,173,13,nan,nan,nan
11/11/2025 18:42:52,1.17.2,Bandit80,16,4.01,nan,20,20,80,LeftinTimeOut,Right,148,142,173,13,nan,nan,nan
11/11/2025 18:42:54,1.17.2,Bandit80,16,4.01,nan,20,20,80,LeftinTimeOut,Right,148,142,173,13,nan,nan,nan
11/11/2025 18:42:57,1.17.2,Bandit80,16,4.01,nan,20,20,80,LeftinTimeOut,Right,148,142,173,13,nan,nan,nan
11/11/2025 18:42:58,1.17.2,Bandit80,16,4.00,nan,20,20,80,LeftinTimeOut,Right,148,142,173,13,nan,nan,nan
11/11/2025 18:43:00,1.17.2,Bandit80,16,4.01,nan,20,20,80,LeftinTimeOut,Right,148,142,173,13,nan,nan,nan
11/11/2025 18:43:02,1.17.2,Bandit80,16,4.01,nan,20,20,80,RightinTimeout,Right,148,142,173,13,nan,nan,0.00
11/11/2025 18:54:27,1.17.2,Bandit80,16,4.01,nan,20,20,80,Left,Right,149,142,173,13,nan,nan,0.40
11/11/2025 18:54:29,1.17.2,Bandit80,16,4.01,nan,20,20,80,LeftinTimeOut,Right,149,142,173,13,nan,nan,nan
11/11/2025 18:54:42,1.17.2,Bandit80,16,4.01,nan,20,20,80,Left,Right,150,142,173,13,nan,nan,0.07
11/11/2025 18:54:42,1.17.2,Bandit80,16,4.01,nan,20,20,80,LeftinTimeOut,Right,150,142,173,13,nan,nan,nan
11/11/2025 18:54:57,1.17.2,Bandit80,16,4.01,nan,20,20,80,Right,Right,150,143,173,13,nan,nan,0.03
11/11/2025 18:54:58,1.17.2,Bandit80,16,4.02,1,20,20,80,Pellet,Right,150,143,174,13,0.35,785,nan
11/11/2025 18:55:08,1.17.2,Bandit80,16,4.01,nan,20,20,80,Right,Right,150,144,174,14,nan,nan,0.11
11/11/2025 18:55:09,1.17.2,Bandit80,16,4.01,1,20,20,80,Pellet,Right,150,144,175,14,0.17,11,nan
11/11/2025 18:55:31,1.17.2,Bandit80,16,4.02,nan,20,20,80,Right,Right,150,145,175,15,nan,nan,0.03
11/11/2025 18:55:32,1.17.2,Bandit80,16,4.02,1,20,20,80,Pellet,Right,150,145,176,15,0.23,23,nan
11/11/2025 18:55:40,1.17.2,Bandit80,16,4.01,nan,20,20,80,Right,Right,150,146,176,16,nan,nan,0.21
11/11/2025 18:55:41,1.17.2,Bandit80,16,4.01,1,20,20,80,Pellet,Right,150,146,177,16,0.17,9,nan
11/11/2025 18:55:49,1.17.2,Bandit80,16,4.01,nan,20,20,80,Right,Right,150,147,177,17,nan,nan,0.10
11/11/2025 18:55:50,1.17.2,Bandit80,16,4.01,1,20,20,80,Pellet,Right,150,147,178,17,0.11,9,nan
11/11/2025 18:55:58,1.17.2,Bandit80,16,4.01,nan,20,20,80,Right,Right,150,148,178,18,nan,nan,0.11
11/11/2025 18:55:59,1.17.2,Bandit80,16,4.01,1,20,20,80,Pellet,Right,150,148,179,18,0.23,9,nan
11/11/2025 18:56:08,1.17.2,Bandit80,16,4.02,nan,20,20,80,Right,Right,150,149,179,19,nan,nan,0.13
11/11/2025 18:56:09,1.17.2,Bandit80,16,4.02,nan,20,20,80,RightinTimeout,Right,150,149,179,19,nan,nan,0.00
11/11/2025 18:56:10,1.17.2,Bandit80,16,4.00,nan,20,20,80,RightinTimeout,Right,150,149,179,19,nan,nan,0.00
11/11/2025 18:56:10,1.17.2,Bandit80,16,4.01,nan,20,20,80,RightinTimeout,Right,150,149,179,19,nan,nan,0.00
11/11/2025 18:56:12,1.17.2,Bandit80,16,4.01,nan,20,20,80,RightinTimeout,Right,150,149,179,19,nan,nan,0.00
11/11/2025 18:56:12,1.17.2,Bandit80,16,4.01,nan,20,20,80,RightinTimeout,Right,150,149,179,19,nan,nan,0.00
11/11/2025 18:56:15,1.17.2,Bandit80,16,4.01,nan,20,20,80,RightinTimeout,Right,150,149,179,19,nan,nan,0.00
11/11/2025 18:56:16,1.17.2,Bandit80,16,4.01,nan,20,20,80,RightinTimeout,Right,150,149,179,19,nan,nan,0.00
11/11/2025 18:56:19,1.17.2,Bandit80,16,4.01,nan,20,20,80,RightinTimeout,Right,150,149,179,19,nan,nan,0.00
11/11/2025 18:56:20,1.17.2,Bandit80,16,4.01,nan,20,20,80,RightinTimeout,Right,150,149,179,19,nan,nan,0.00
11/11/2025 18:56:22,1.17.2,Bandit80,16,4.01,nan,20,20,80,RightinTimeout,Right,150,149,179,19,nan,nan,0.00
11/11/2025 18:56:23,1.17.2,Bandit80,16,4.01,nan,20,20,80,RightinTimeout,Right,150,149,179,19,nan,nan,0.00
11/11/2025 18:56:24,1.17.2,Bandit80,16,4.01,nan,20,20,80,RightinTimeout,Right,150,149,179,19,nan,nan,0.00
11/11/2025 18:56:26,1.17.2,Bandit80,16,4.02,nan,20,20,80,RightinTimeout,Right,150,149,179,19,nan,nan,0.00
11/11/2025 18:56:29,1.17.2,Bandit80,16,4.01,nan,20,20,80,RightinTimeout,Right,150,149,179,19,nan,nan,0.00
11/11/2025 18:56:30,1.17.2,Bandit80,16,4.01,nan,20,20,80,RightinTimeout,Right,150,149,179,19,nan,nan,0.00
11/11/2025 18:56:32,1.17.2,Bandit80,16,4.01,nan,20,20,80,RightinTimeout,Right,150,149,179,19,nan,nan,0.00
11/11/2025 18:56:34,1.17.2,Bandit80,16,4.01,nan,20,20,80,LeftinTimeOut,Right,150,149,179,19,nan,nan,nan
11/11/2025 18:56:35,1.17.2,Bandit80,16,4.02,nan,20,20,80,LeftinTimeOut,Right,150,149,179,19,nan,nan,nan
11/11/2025 18:56:37,1.17.2,Bandit80,16,4.02,nan,20,20,80,LeftinTimeOut,Right,150,149,179,19,nan,nan,nan
11/11/2025 18:56:38,1.17.2,Bandit80,16,4.01,nan,20,20,80,LeftinTimeOut,Right,150,149,179,19,nan,nan,nan
11/11/2025 19:10:10,1.17.2,Bandit80,16,4.00,nan,20,20,80,Left,Right,151,149,179,19,nan,nan,0.10
11/11/2025 19:10:11,1.17.2,Bandit80,16,4.01,nan,20,20,80,LeftinTimeOut,Right,151,149,179,19,nan,nan,nan
11/11/2025 19:10:19,1.17.2,Bandit80,16,4.00,nan,20,20,80,RightinTimeout,Right,151,149,179,19,nan,nan,0.00
11/11/2025 19:10:37,1.17.2,Bandit80,16,4.01,nan,20,20,80,Right,Right,151,150,179,19,nan,nan,0.03
11/11/2025 19:10:38,1.17.2,Bandit80,16,4.01,1,20,20,80,Pellet,Right,151,150,180,19,0.29,879,nan
11/11/2025 19:10:48,1.17.2,Bandit80,16,4.01,nan,20,80,20,Right,Left,151,151,180,0,nan,nan,0.05
11/11/2025 19:10:49,1.17.2,Bandit80,16,4.01,1,20,80,20,Pellet,Left,151,151,181,0,0.23,10,nan
11/11/2025 19:11:05,1.17.2,Bandit80,16,4.01,nan,20,80,20,Right,Left,151,152,181,1,nan,nan,0.13
11/11/2025 19:11:07,1.17.2,Bandit80,16,4.02,nan,20,80,20,RightinTimeout,Left,151,152,181,1,nan,nan,0.00
11/11/2025 19:11:09,1.17.2,Bandit80,16,4.01,nan,20,80,20,RightinTimeout,Left,151,152,181,1,nan,nan,0.00
11/11/2025 19:11:39,1.17.2,Bandit80,16,4.01,nan,20,80,20,Right,Left,151,153,181,1,nan,nan,0.06
11/11/2025 19:11:40,1.17.2,Bandit80,16,4.01,1,20,80,20,Pellet,Left,151,153,182,1,0.17,52,nan
11/11/2025 19:11:55,1.17.2,Bandit80,16,4.01,nan,20,80,20,Right,Left,151,154,182,2,nan,nan,0.08
11/11/2025 19:11:56,1.17.2,Bandit80,16,4.01,nan,20,80,20,RightinTimeout,Left,151,154,182,2,nan,nan,0.00
11/11/2025 19:11:58,1.17.2,Bandit80,16,4.02,nan,20,80,20,RightinTimeout,Left,151,154,182,2,nan,nan,0.00
11/11/2025 19:12:00,1.17.2,Bandit80,16,4.01,nan,20,80,20,RightinTimeout,Left,151,154,182,2,nan,nan,0.00
11/11/2025 19:12:16,1.17.2,Bandit80,16,4.01,nan,20,80,20,Left,Left,152,154,182,2,nan,nan,0.03
11/11/2025 19:12:18,1.17.2,Bandit80,16,4.01,1,20,80,20,Pellet,Left,152,154,183,2,0.89,38,nan
11/11/2025 19:12:30,1.17.2,Bandit80,16,4.02,nan,20,80,20,Left,Left,153,154,183,3,nan,nan,0.10
11/11/2025 19:12:32,1.17.2,Bandit80,16,4.01,1,20,80,20,Pellet,Left,153,154,184,3,0.71,14,nan
11/11/2025 19:12:40,1.17.2,Bandit80,16,4.01,nan,20,80,20,Left,Left,154,154,184,4,nan,nan,0.03
11/11/2025 19:12:41,1.17.2,Bandit80,16,4.00,1,20,80,20,Pellet,Left,154,154,185,4,0.29,9,nan
11/11/2025 19:12:46,1.17.2,Bandit80,16,4.01,nan,20,80,20,Left,Left,155,154,185,5,nan,nan,0.09
11/11/2025 19:12:48,1.17.2,Bandit80,16,4.00,1,20,80,20,Pellet,Left,155,154,186,5,0.47,7,nan
11/11/2025 19:12:58,1.17.2,Bandit80,16,4.01,nan,20,80,20,Left,Left,156,154,186,6,nan,nan,0.13
11/11/2025 19:13:00,1.17.2,Bandit80,16,4.01,1,20,80,20,Pellet,Left,156,154,187,6,0.83,12,nan
11/11/2025 19:13:12,1.17.2,Bandit80,16,4.01,nan,20,80,20,Left,Left,157,154,187,7,nan,nan,0.04
11/11/2025 19:19:38,1.17.2,Bandit80,16,4.01,nan,20,80,20,Left,Left,158,154,187,7,nan,nan,0.03
11/11/2025 19:19:39,1.17.2,Bandit80,16,4.01,1,20,80,20,Pellet,Left,158,154,188,7,0.71,399,nan
11/11/2025 19:19:53,1.17.2,Bandit80,16,4.01,nan,20,80,20,Left,Left,159,154,188,8,nan,nan,0.04
11/11/2025 19:19:54,1.17.2,Bandit80,16,4.01,1,20,80,20,Pellet,Left,159,154,189,8,0.41,15,nan
11/11/2025 19:22:46,1.17.2,Bandit80,16,4.01,nan,20,80,20,Right,Left,159,155,189,9,nan,nan,0.08
11/11/2025 19:22:49,1.17.2,Bandit80,16,4.01,1,20,80,20,Pellet,Left,159,155,190,9,1.79,175,nan
11/11/2025 19:36:21,1.17.2,Bandit80,16,4.01,nan,20,80,20,Right,Left,159,156,190,10,nan,nan,0.15
11/11/2025 19:38:36,1.17.2,Bandit80,16,4.01,nan,20,80,20,Left,Left,160,156,190,10,nan,nan,0.13
11/11/2025 19:38:38,1.17.2,Bandit80,16,4.00,1,20,80,20,Pellet,Left,160,156,191,10,1.19,949,nan
11/11/2025 19:39:22,1.17.2,Bandit80,16,4.01,nan,20,80,20,Right,Left,160,157,191,11,nan,nan,0.07
11/11/2025 19:44:57,1.17.2,Bandit80,16,4.00,nan,20,80,20,Right,Left,160,158,191,11,nan,nan,0.14
11/11/2025 19:44:59,1.17.2,Bandit80,16,4.01,1,20,80,20,Pellet,Left,160,158,192,11,1.19,381,nan
11/11/2025 19:45:11,1.17.2,Bandit80,16,4.00,nan,20,80,20,Right,Left,160,159,192,12,nan,nan,0.06
11/11/2025 19:45:15,1.17.2,Bandit80,16,4.01,nan,20,80,20,LeftinTimeOut,Left,160,159,192,12,nan,nan,nan
11/11/2025 19:45:16,1.17.2,Bandit80,16,4.01,nan,20,80,20,LeftinTimeOut,Left,160,159,192,12,nan,nan,nan
11/11/2025 19:49:15,1.17.2,Bandit80,16,4.01,nan,20,80,20,Right,Left,160,160,192,12,nan,nan,0.04
11/11/2025 19:56:00,1.17.2,Bandit80,16,4.01,nan,20,80,20,Right,Left,160,161,192,12,nan,nan,0.07
11/11/2025 19:56:01,1.17.2,Bandit80,16,4.01,nan,20,80,20,RightinTimeout,Left,160,161,192,12,nan,nan,0.00
11/11/2025 19:56:04,1.17.2,Bandit80,16,4.01,nan,20,80,20,RightinTimeout,Left,160,161,192,12,nan,nan,0.00
11/11/2025 19:56:41,1.17.2,Bandit80,16,4.00,nan,20,80,20,Right,Left,160,162,192,12,nan,nan,0.04
11/11/2025 19:56:43,1.17.2,Bandit80,16,4.01,nan,20,80,20,RightinTimeout,Left,160,162,192,12,nan,nan,0.00
11/11/2025 19:56:44,1.17.2,Bandit80,16,4.01,nan,20,80,20,RightinTimeout,Left,160,162,192,12,nan,nan,0.00
11/11/2025 19:56:46,1.17.2,Bandit80,16,4.01,nan,20,80,20,RightinTimeout,Left,160,162,192,12,nan,nan,0.00
11/11/2025 19:56:49,1.17.2,Bandit80,16,4.01,nan,20,80,20,LeftinTimeOut,Left,160,162,192,12,nan,nan,nan
11/11/2025 20:00:57,1.17.2,Bandit80,16,4.01,nan,20,80,20,Right,Left,160,163,192,12,nan,nan,0.02
11/11/2025 20:00:59,1.17.2,Bandit80,16,4.01,nan,20,80,20,RightinTimeout,Left,160,163,192,12,nan,nan,0.00
11/11/2025 20:01:00,1.17.2,Bandit80,16,4.01,nan,20,80,20,RightinTimeout,Left,160,163,192,12,nan,nan,0.00
11/11/2025 20:01:50,1.17.2,Bandit80,16,4.01,nan,20,80,20,Left,Left,161,163,192,12,nan,nan,0.04
11/11/2025 20:01:51,1.17.2,Bandit80,16,4.00,nan,20,80,20,LeftinTimeOut,Left,161,163,192,12,nan,nan,nan
11/11/2025 20:01:52,1.17.2,Bandit80,16,4.00,nan,20,80,20,LeftinTimeOut,Left,161,163,192,12,nan,nan,nan
11/11/2025 20:01:53,1.17.2,Bandit80,16,4.01,nan,20,80,20,LeftinTimeOut,Left,161,163,192,12,nan,nan,nan
11/11/2025 20:01:54,1.17.2,Bandit80,16,4.01,nan,20,80,20,LeftinTimeOut,Left,161,163,192,12,nan,nan,nan
11/11/2025 20:01:59,1.17.2,Bandit80,16,4.01,nan,20,80,20,RightinTimeout,Left,161,163,192,12,nan,nan,0.00
11/11/2025 20:08:19,1.17.2,Bandit80,16,4.01,nan,20,80,20,Left,Left,162,163,192,12,nan,nan,0.08
11/11/2025 20:08:20,1.17.2,Bandit80,16,4.01,1,20,80,20,Pellet,Left,162,163,193,12,0.47,1401,nan
11/11/2025 20:08:27,1.17.2,Bandit80,16,4.01,nan,20,80,20,Left,Left,163,163,193,13,nan,nan,0.04
11/11/2025 20:08:30,1.17.2,Bandit80,16,4.01,2,20,80,20,Pellet,Left,163,163,194,13,0.17,10,nan
11/11/2025 20:08:40,1.17.2,Bandit80,16,4.01,nan,20,80,20,Left,Left,164,163,194,14,nan,nan,0.02
11/11/2025 20:08:42,1.17.2,Bandit80,16,4.00,1,20,80,20,Pellet,Left,164,163,195,14,1.13,12,nan
11/11/2025 20:08:47,1.17.2,Bandit80,16,4.01,nan,20,80,20,Left,Left,165,163,195,15,nan,nan,0.04
11/11/2025 20:08:48,1.17.2,Bandit80,16,4.00,nan,20,80,20,LeftinTimeOut,Left,165,163,195,15,nan,nan,nan
11/11/2025 20:08:49,1.17.2,Bandit80,16,4.01,nan,20,80,20,LeftinTimeOut,Left,165,163,195,15,nan,nan,nan
11/11/2025 20:08:50,1.17.2,Bandit80,16,4.01,nan,20,80,20,LeftinTimeOut,Left,165,163,195,15,nan,nan,nan
11/11/2025 20:08:51,1.17.2,Bandit80,16,4.01,nan,20,80,20,LeftinTimeOut,Left,165,163,195,15,nan,nan,nan
11/11/2025 20:08:52,1.17.2,Bandit80,16,4.00,nan,20,80,20,LeftinTimeOut,Left,165,163,195,15,nan,nan,nan
11/11/2025 20:08:53,1.17.2,Bandit80,16,4.00,nan,20,80,20,LeftinTimeOut,Left,165,163,195,15,nan,nan,nan
11/11/2025 20:10:52,1.17.2,Bandit80,16,4.00,nan,20,80,20,Right,Left,165,164,195,15,nan,nan,0.09
11/11/2025 20:12:16,1.17.2,Bandit80,16,4.00,nan,20,80,20,Left,Left,166,164,195,15,nan,nan,0.08
11/11/2025 20:12:18,1.17.2,Bandit80,16,4.00,nan,20,80,20,LeftinTimeOut,Left,166,164,195,15,nan,nan,nan
11/11/2025 20:12:20,1.17.2,Bandit80,16,4.00,nan,20,80,20,RightinTimeout,Left,166,164,195,15,nan,nan,0.00
11/11/2025 20:12:22,1.17.2,Bandit80,16,4.01,nan,20,80,20,RightinTimeout,Left,166,164,195,15,nan,nan,0.00
11/11/2025 20:17:30,1.17.2,Bandit80,16,4.01,nan,20,80,20,Left,Left,167,164,195,15,nan,nan,0.05
11/11/2025 20:17:31,1.17.2,Bandit80,16,4.01,1,20,80,20,Pellet,Left,167,164,196,15,0.35,529,nan
11/11/2025 20:17:55,1.17.2,Bandit80,16,4.00,nan,20,80,20,Left,Left,168,164,196,16,nan,nan,0.21
11/11/2025 20:17:56,1.17.2,Bandit80,16,4.01,1,20,80,20,Pellet,Left,168,164,197,16,0.29,25,nan
11/11/2025 20:18:08,1.17.2,Bandit80,16,4.00,nan,20,80,20,Left,Left,169,164,197,17,nan,nan,0.07
11/11/2025 20:18:10,1.17.2,Bandit80,16,4.01,1,20,80,20,Pellet,Left,169,164,198,17,0.35,13,nan
11/11/2025 20:18:19,1.17.2,Bandit80,16,4.01,nan,20,80,20,Left,Left,170,164,198,18,nan,nan,0.09
11/11/2025 20:18:20,1.17.2,Bandit80,16,4.01,1,20,80,20,Pellet,Left,170,164,199,18,0.29,11,nan
11/11/2025 20:18:34,1.17.2,Bandit80,16,4.01,nan,20,80,20,Left,Left,171,164,199,19,nan,nan,0.03
11/11/2025 20:18:35,1.17.2,Bandit80,16,4.01,1,20,80,20,Pellet,Left,171,164,200,19,0.23,15,nan
11/11/2025 20:18:51,1.17.2,Bandit80,16,4.01,nan,20,20,80,Left,Right,172,164,200,0,nan,nan,0.10
11/11/2025 20:18:52,1.17.2,Bandit80,16,4.01,1,20,20,80,Pellet,Right,172,164,201,0,0.29,17,nan
11/11/2025 20:19:00,1.17.2,Bandit80,16,4.01,nan,20,20,80,Left,Right,173,164,201,1,nan,nan,0.08
11/11/2025 20:19:02,1.17.2,Bandit80,16,4.01,nan,20,20,80,LeftinTimeOut,Right,173,164,201,1,nan,nan,nan
11/11/2025 20:19:03,1.17.2,Bandit80,16,4.00,nan,20,20,80,LeftinTimeOut,Right,173,164,201,1,nan,nan,nan
11/11/2025 20:21:25,1.17.2,Bandit80,16,4.00,nan,20,20,80,Right,Right,173,165,201,1,nan,nan,0.12
11/11/2025 20:21:26,1.17.2,Bandit80,16,4.00,1,20,20,80,Pellet,Right,173,165,202,1,0.41,154,nan
11/11/2025 20:21:40,1.17.2,Bandit80,16,4.00,nan,20,20,80,Left,Right,174,165,202,2,nan,nan,0.13
11/11/2025 20:21:41,1.17.2,Bandit80,16,4.01,nan,20,20,80,LeftinTimeOut,Right,174,165,202,2,nan,nan,nan
11/11/2025 20:30:04,1.17.2,Bandit80,16,4.02,nan,20,20,80,Left,Right,175,165,202,2,nan,nan,0.05
11/11/2025 20:30:05,1.17.2,Bandit80,16,4.01,nan,20,20,80,LeftinTimeOut,Right,175,165,202,2,nan,nan,nan
11/11/2025 20:30:06,1.17.2,Bandit80,16,4.01,nan,20,20,80,LeftinTimeOut,Right,175,165,202,2,nan,nan,nan
11/11/2025 20:30:07,1.17.2,Bandit80,16,4.01,nan,20,20,80,LeftinTimeOut,Right,175,165,202,2,nan,nan,nan
11/11/2025 20:30:08,1.17.2,Bandit80,16,4.01,nan,20,20,80,LeftinTimeOut,Right,175,165,202,2,nan,nan,nan
11/11/2025 20:30:32,1.17.2,Bandit80,16,4.01,nan,20,20,80,Right,Right,175,166,202,2,nan,nan,0.11
11/11/2025 20:30:34,1.17.2,Bandit80,16,4.01,1,20,20,80,Pellet,Right,175,166,203,2,0.65,548,nan
11/11/2025 20:30:39,1.17.2,Bandit80,16,4.00,nan,20,20,80,Right,Right,175,167,203,3,nan,nan,0.04
11/11/2025 20:30:40,1.17.2,Bandit80,16,4.00,1,20,20,80,Pellet,Right,175,167,204,3,0.41,6,nan
11/11/2025 20:30:46,1.17.2,Bandit80,16,4.01,nan,20,20,80,Right,Right,175,168,204,4,nan,nan,0.10
11/11/2025 20:30:48,1.17.2,Bandit80,16,4.01,nan,20,20,80,RightinTimeout,Right,175,168,204,4,nan,nan,0.00
11/11/2025 20:30:48,1.17.2,Bandit80,16,4.01,nan,20,20,80,RightinTimeout,Right,175,168,204,4,nan,nan,0.00
11/11/2025 20:30:49,1.17.2,Bandit80,16,4.01,nan,20,20,80,RightinTimeout,Right,175,168,204,4,nan,nan,0.00
11/11/2025 20:30:51,1.17.2,Bandit80,16,4.00,nan,20,20,80,RightinTimeout,Right,175,168,204,4,nan,nan,0.00
11/11/2025 20:30:51,1.17.2,Bandit80,16,4.01,nan,20,20,80,RightinTimeout,Right,175,168,204,4,nan,nan,0.00
11/11/2025 20:30:51,1.17.2,Bandit80,16,4.01,nan,20,20,80,RightinTimeout,Right,175,168,204,4,nan,nan,0.00
11/11/2025 20:30:55,1.17.2,Bandit80,16,4.01,nan,20,20,80,RightinTimeout,Right,175,168,204,4,nan,nan,0.00
11/11/2025 20:30:56,1.17.2,Bandit80,16,4.00,nan,20,20,80,RightinTimeout,Right,175,168,204,4,nan,nan,0.00
11/11/2025 20:30:57,1.17.2,Bandit80,16,4.01,nan,20,20,80,RightinTimeout,Right,175,168,204,4,nan,nan,0.00
11/11/2025 20:32:56,1.17.2,Bandit80,16,4.00,nan,20,20,80,Left,Right,176,168,204,4,nan,nan,0.12
11/11/2025 20:32:59,1.17.2,Bandit80,16,4.01,nan,20,20,80,LeftinTimeOut,Right,176,168,204,4,nan,nan,nan
11/11/2025 20:39:39,1.17.2,Bandit80,16,4.00,nan,20,20,80,Left,Right,177,168,204,4,nan,nan,0.06
11/11/2025 20:43:39,1.17.2,Bandit80,16,4.01,nan,20,20,80,Left,Right,178,168,204,4,nan,nan,0.03
11/11/2025 20:47:09,1.17.2,Bandit80,16,4.01,nan,20,20,80,Left,Right,179,168,204,4,nan,nan,0.06
11/11/2025 20:49:03,1.17.2,Bandit80,16,4.00,nan,20,20,80,Left,Right,180,168,204,4,nan,nan,0.05
11/11/2025 20:49:05,1.17.2,Bandit80,16,4.01,nan,20,20,80,LeftinTimeOut,Right,180,168,204,4,nan,nan,nan
11/11/2025 20:49:09,1.17.2,Bandit80,16,4.02,nan,20,20,80,LeftinTimeOut,Right,180,168,204,4,nan,nan,nan
11/11/2025 20:50:23,1.17.2,Bandit80,16,4.00,nan,20,20,80,Right,Right,180,169,204,4,nan,nan,0.02
11/11/2025 20:50:25,1.17.2,Bandit80,16,4.01,nan,20,20,80,RightinTimeout,Right,180,169,204,4,nan,nan,0.00
11/11/2025 20:50:26,1.17.2,Bandit80,16,4.01,nan,20,20,80,RightinTimeout,Right,180,169,204,4,nan,nan,0.00
11/11/2025 20:50:26,1.17.2,Bandit80,16,4.01,nan,20,20,80,RightinTimeout,Right,180,169,204,4,nan,nan,0.00
11/11/2025 20:50:43,1.17.2,Bandit80,16,4.01,nan,20,20,80,Left,Right,181,169,204,4,nan,nan,0.14
11/11/2025 20:50:45,1.17.2,Bandit80,16,4.01,nan,20,20,80,LeftinTimeOut,Right,181,169,204,4,nan,nan,nan
11/11/2025 20:53:00,1.17.2,Bandit80,16,4.01,nan,20,20,80,Left,Right,182,169,204,4,nan,nan,0.02
11/11/2025 20:53:01,1.17.2,Bandit80,16,4.01,nan,20,20,80,LeftinTimeOut,Right,182,169,204,4,nan,nan,nan
11/11/2025 20:53:07,1.17.2,Bandit80,16,4.01,nan,20,20,80,RightinTimeout,Right,182,169,204,4,nan,nan,0.00
11/11/2025 20:53:07,1.17.2,Bandit80,16,4.00,nan,20,20,80,RightinTimeout,Right,182,169,204,4,nan,nan,0.00
11/11/2025 20:55:50,1.17.2,Bandit80,16,4.00,nan,20,20,80,Left,Right,183,169,204,4,nan,nan,0.06
11/11/2025 20:55:51,1.17.2,Bandit80,16,4.00,1,20,20,80,Pellet,Right,183,169,205,4,0.29,1511,nan
11/11/2025 20:55:58,1.17.2,Bandit80,16,4.01,nan,20,20,80,Left,Right,184,169,205,5,nan,nan,0.06
11/11/2025 20:55:59,1.17.2,Bandit80,16,4.00,nan,20,20,80,LeftinTimeOut,Right,184,169,205,5,nan,nan,nan
11/11/2025 20:56:01,1.17.2,Bandit80,16,4.01,nan,20,20,80,LeftinTimeOut,Right,184,169,205,5,nan,nan,nan
11/11/2025 20:56:03,1.17.2,Bandit80,16,4.00,nan,20,20,80,LeftinTimeOut,Right,184,169,205,5,nan,nan,nan
11/11/2025 20:56:05,1.17.2,Bandit80,16,4.01,nan,20,20,80,LeftinTimeOut,Right,184,169,205,5,nan,nan,nan
11/11/2025 20:56:06,1.17.2,Bandit80,16,4.01,nan,20,20,80,LeftinTimeOut,Right,184,169,205,5,nan,nan,nan
11/11/2025 20:56:08,1.17.2,Bandit80,16,4.01,nan,20,20,80,LeftinTimeOut,Right,184,169,205,5,nan,nan,nan
11/11/2025 20:56:09,1.17.2,Bandit80,16,4.01,nan,20,20,80,LeftinTimeOut,Right,184,169,205,5,nan,nan,nan
11/11/2025 20:56:11,1.17.2,Bandit80,16,4.01,nan,20,20,80,LeftinTimeOut,Right,184,169,205,5,nan,nan,nan
11/11/2025 20:57:28,1.17.2,Bandit80,16,4.01,nan,20,20,80,Right,Right,184,170,205,5,nan,nan,0.06
11/11/2025 20:57:29,1.17.2,Bandit80,16,4.01,1,20,20,80,Pellet,Right,184,170,206,5,0.23,98,nan
11/11/2025 20:57:34,1.17.2,Bandit80,16,4.01,nan,20,20,80,Right,Right,184,171,206,6,nan,nan,0.04
11/11/2025 20:57:35,1.17.2,Bandit80,16,4.01,1,20,20,80,Pellet,Right,184,171,207,6,0.47,6,nan
11/11/2025 20:57:42,1.17.2,Bandit80,16,4.00,nan,20,20,80,Right,Right,184,172,207,7,nan,nan,0.14
11/11/2025 20:57:44,1.17.2,Bandit80,16,4.01,1,20,20,80,Pellet,Right,184,172,208,7,0.59,9,nan
11/11/2025 20:57:56,1.17.2,Bandit80,16,4.01,nan,20,20,80,Right,Right,184,173,208,8,nan,nan,0.09
11/11/2025 20:57:57,1.17.2,Bandit80,16,4.01,1,20,20,80,Pellet,Right,184,173,209,8,0.23,13,nan
11/11/2025 20:58:05,1.17.2,Bandit80,16,4.00,nan,20,20,80,Right,Right,184,174,209,9,nan,nan,0.07
11/11/2025 20:58:06,1.17.2,Bandit80,16,4.00,1,20,20,80,Pellet,Right,184,174,210,9,0.29,9,nan
11/11/2025 20:58:13,1.17.2,Bandit80,16,4.00,nan,20,20,80,Right,Right,184,175,210,10,nan,nan,0.22
11/11/2025 20:58:14,1.17.2,Bandit80,16,4.00,1,20,20,80,Pellet,Right,184,175,211,10,0.35,8,nan
11/11/2025 20:58:24,1.17.2,Bandit80,16,4.01,nan,20,20,80,Right,Right,184,176,211,11,nan,nan,0.19
11/11/2025 20:58:25,1.17.2,Bandit80,16,4.00,1,20,20,80,Pellet,Right,184,176,212,11,0.41,11,nan
11/11/2025 20:58:32,1.17.2,Bandit80,16,4.01,nan,20,20,80,Right,Right,184,177,212,12,nan,nan,0.04
11/11/2025 20:58:33,1.17.2,Bandit80,16,4.00,1,20,20,80,Pellet,Right,184,177,213,12,0.29,8,nan
11/11/2025 20:58:50,1.17.2,Bandit80,16,4.00,nan,20,20,80,Right,Right,184,178,213,13,nan,nan,0.08
11/11/2025 20:58:52,1.17.2,Bandit80,16,4.00,nan,20,20,80,RightinTimeout,Right,184,178,213,13,nan,nan,0.00
11/11/2025 20:58:53,1.17.2,Bandit80,16,4.01,nan,20,20,80,RightinTimeout,Right,184,178,213,13,nan,nan,0.00
11/11/2025 20:59:00,1.17.2,Bandit80,16,4.01,nan,20,20,80,RightinTimeout,Right,184,178,213,13,nan,nan,0.00
11/11/2025 20:59:01,1.17.2,Bandit80,16,4.02,nan,20,20,80,RightinTimeout,Right,184,178,213,13,nan,nan,0.00
11/11/2025 20:59:03,1.17.2,Bandit80,16,4.01,nan,20,20,80,RightinTimeout,Right,184,178,213,13,nan,nan,0.00
11/11/2025 20:59:05,1.17.2,Bandit80,16,4.00,nan,20,20,80,RightinTimeout,Right,184,178,213,13,nan,nan,0.00
11/11/2025 20:59:07,1.17.2,Bandit80,16,4.01,nan,20,20,80,RightinTimeout,Right,184,178,213,13,nan,nan,0.00
11/11/2025 20:59:09,1.17.2,Bandit80,16,4.00,nan,20,20,80,RightinTimeout,Right,184,178,213,13,nan,nan,0.00
11/11/2025 20:59:11,1.17.2,Bandit80,16,4.01,nan,20,20,80,LeftinTimeOut,Right,184,178,213,13,nan,nan,nan
11/11/2025 20:59:12,1.17.2,Bandit80,16,4.01,nan,20,20,80,LeftinTimeOut,Right,184,178,213,13,nan,nan,nan
11/11/2025 20:59:14,1.17.2,Bandit80,16,4.00,nan,20,20,80,RightinTimeout,Right,184,178,213,13,nan,nan,0.00
11/11/2025 20:59:14,1.17.2,Bandit80,16,4.01,nan,20,20,80,RightinTimeout,Right,184,178,213,13,nan,nan,0.00
11/11/2025 20:59:21,1.17.2,Bandit80,16,4.01,nan,20,20,80,RightinTimeout,Right,184,178,213,13,nan,nan,0.00
11/11/2025 20:59:24,1.17.2,Bandit80,16,4.00,nan,20,20,80,LeftinTimeOut,Right,184,178,213,13,nan,nan,nan
11/11/2025 20:59:25,1.17.2,Bandit80,16,4.00,nan,20,20,80,LeftinTimeOut,Right,184,178,213,13,nan,nan,nan
11/11/2025 20:59:41,1.17.2,Bandit80,16,4.00,nan,20,20,80,Right,Right,184,179,213,13,nan,nan,0.08
11/11/2025 21:00:30,1.17.2,Bandit80,16,4.01,nan,20,20,80,Right,Right,184,180,213,13,nan,nan,0.09
11/11/2025 21:00:31,1.17.2,Bandit80,16,4.01,1,20,20,80,Pellet,Right,184,180,214,13,0.23,118,nan
11/11/2025 21:00:38,1.17.2,Bandit80,16,4.00,nan,20,20,80,Right,Right,184,181,214,14,nan,nan,0.11
11/11/2025 21:00:39,1.17.2,Bandit80,16,4.01,1,20,20,80,Pellet,Right,184,181,215,14,0.23,8,nan
11/11/2025 21:00:59,1.17.2,Bandit80,16,4.01,nan,20,20,80,Right,Right,184,182,215,15,nan,nan,0.23
11/11/2025 21:01:01,1.17.2,Bandit80,16,4.01,nan,20,20,80,RightinTimeout,Right,184,182,215,15,nan,nan,0.00
11/11/2025 21:01:02,1.17.2,Bandit80,16,4.00,nan,20,20,80,RightinTimeout,Right,184,182,215,15,nan,nan,0.00
11/11/2025 21:01:03,1.17.2,Bandit80,16,4.01,nan,20,20,80,RightinTimeout,Right,184,182,215,15,nan,nan,0.00
11/11/2025 21:01:05,1.17.2,Bandit80,16,4.01,nan,20,20,80,RightinTimeout,Right,184,182,215,15,nan,nan,0.00
11/11/2025 21:01:06,1.17.2,Bandit80,16,4.01,nan,20,20,80,RightinTimeout,Right,184,182,215,15,nan,nan,0.00
11/11/2025 21:01:06,1.17.2,Bandit80,16,4.00,nan,20,20,80,RightinTimeout,Right,184,182,215,15,nan,nan,0.00
11/11/2025 21:01:07,1.17.2,Bandit80,16,4.00,nan,20,20,80,RightinTimeout,Right,184,182,215,15,nan,nan,0.00
11/11/2025 21:01:10,1.17.2,Bandit80,16,4.01,nan,20,20,80,RightinTimeout,Right,184,182,215,15,nan,nan,0.00
11/11/2025 21:01:12,1.17.2,Bandit80,16,4.01,nan,20,20,80,LeftinTimeOut,Right,184,182,215,15,nan,nan,nan
11/11/2025 21:01:13,1.17.2,Bandit80,16,4.01,nan,20,20,80,LeftinTimeOut,Right,184,182,215,15,nan,nan,nan
11/11/2025 21:01:13,1.17.2,Bandit80,16,4.01,nan,20,20,80,LeftinTimeOut,Right,184,182,215,15,nan,nan,nan
11/11/2025 21:01:15,1.17.2,Bandit80,16,4.00,nan,20,20,80,LeftinTimeOut,Right,184,182,215,15,nan,nan,nan
11/11/2025 21:01:16,1.17.2,Bandit80,16,4.02,nan,20,20,80,LeftinTimeOut,Right,184,182,215,15,nan,nan,nan
11/11/2025 21:02:05,1.17.2,Bandit80,16,4.00,nan,20,20,80,Right,Right,184,183,215,15,nan,nan,0.14
11/11/2025 21:02:26,1.17.2,Bandit80,16,4.01,nan,20,20,80,Left,Right,185,183,215,15,nan,nan,0.04
11/11/2025 21:02:27,1.17.2,Bandit80,16,4.01,nan,20,20,80,LeftinTimeOut,Right,185,183,215,15,nan,nan,nan
11/11/2025 21:09:35,1.17.2,Bandit80,16,4.01,nan,20,20,80,Left,Right,186,183,215,15,nan,nan,0.21
11/11/2025 21:09:36,1.17.2,Bandit80,16,4.01,nan,20,20,80,LeftinTimeOut,Right,186,183,215,15,nan,nan,nan
11/11/2025 21:09:40,1.17.2,Bandit80,16,4.01,nan,20,20,80,LeftinTimeOut,Right,186,183,215,15,nan,nan,nan
11/11/2025 21:09:41,1.17.2,Bandit80,16,4.00,nan,20,20,80,LeftinTimeOut,Right,186,183,215,15,nan,nan,nan
11/11/2025 21:09:43,1.17.2,Bandit80,16,4.01,nan,20,20,80,LeftinTimeOut,Right,186,183,215,15,nan,nan,nan
11/11/2025 21:09:46,1.17.2,Bandit80,16,4.01,nan,20,20,80,LeftinTimeOut,Right,186,183,215,15,nan,nan,nan
11/11/2025 21:09:48,1.17.2,Bandit80,16,4.00,nan,20,20,80,RightinTimeout,Right,186,183,215,15,nan,nan,0.00
11/11/2025 21:10:57,1.17.2,Bandit80,16,4.01,nan,20,20,80,Left,Right,187,183,215,15,nan,nan,0.06
11/11/2025 21:10:59,1.17.2,Bandit80,16,4.01,nan,20,20,80,LeftinTimeOut,Right,187,183,215,15,nan,nan,nan
11/11/2025 21:11:00,1.17.2,Bandit80,16,4.01,nan,20,20,80,LeftinTimeOut,Right,187,183,215,15,nan,nan,nan
11/11/2025 21:15:36,1.17.2,Bandit80,16,4.01,nan,20,20,80,Left,Right,188,183,215,15,nan,nan,0.02
11/11/2025 21:15:37,1.17.2,Bandit80,16,4.00,1,20,20,80,Pellet,Right,188,183,216,15,0.29,898,nan
11/11/2025 21:15:44,1.17.2,Bandit80,16,4.01,nan,20,20,80,Left,Right,189,183,216,16,nan,nan,0.01
11/11/2025 21:15:45,1.17.2,Bandit80,16,4.00,nan,20,20,80,LeftinTimeOut,Right,189,183,216,16,nan,nan,nan
11/11/2025 21:15:47,1.17.2,Bandit80,16,4.00,nan,20,20,80,LeftinTimeOut,Right,189,183,216,16,nan,nan,nan
11/11/2025 21:27:03,1.17.2,Bandit80,16,4.01,nan,20,20,80,Left,Right,190,183,216,16,nan,nan,0.16
11/11/2025 21:27:05,1.17.2,Bandit80,16,4.00,1,20,20,80,Pellet,Right,190,183,217,16,1.25,688,nan
11/11/2025 21:27:13,1.17.2,Bandit80,16,4.00,nan,20,20,80,Left,Right,191,183,217,17,nan,nan,0.12
11/11/2025 21:27:36,1.17.2,Bandit80,16,4.00,nan,20,20,80,Right,Right,191,184,217,17,nan,nan,0.02
11/11/2025 21:28:32,1.17.2,Bandit80,16,4.00,nan,20,20,80,Left,Right,192,184,217,17,nan,nan,0.17
11/11/2025 21:30:56,1.17.2,Bandit80,16,4.01,nan,20,20,80,Right,Right,192,185,217,17,nan,nan,0.25
11/11/2025 21:30:57,1.17.2,Bandit80,16,4.00,1,20,20,80,Pellet,Right,192,185,218,17,0.12,232,nan
11/11/2025 21:31:08,1.17.2,Bandit80,16,4.00,nan,20,20,80,Right,Right,192,186,218,18,nan,nan,0.09
11/11/2025 21:31:09,1.17.2,Bandit80,16,4.00,1,20,20,80,Pellet,Right,192,186,219,18,0.23,12,nan
11/11/2025 21:31:27,1.17.2,Bandit80,16,4.00,nan,20,20,80,Right,Right,192,187,219,19,nan,nan,0.04
11/11/2025 21:31:28,1.17.2,Bandit80,16,4.00,nan,20,20,80,RightinTimeout,Right,192,187,219,19,nan,nan,0.00
11/11/2025 21:31:29,1.17.2,Bandit80,16,4.01,nan,20,20,80,RightinTimeout,Right,192,187,219,19,nan,nan,0.00
11/11/2025 21:31:31,1.17.2,Bandit80,16,4.01,nan,20,20,80,RightinTimeout,Right,192,187,219,19,nan,nan,0.00
11/11/2025 21:31:32,1.17.2,Bandit80,16,4.01,nan,20,20,80,RightinTimeout,Right,192,187,219,19,nan,nan,0.00
11/11/2025 21:31:39,1.17.2,Bandit80,16,4.01,nan,20,20,80,RightinTimeout,Right,192,187,219,19,nan,nan,0.00
11/11/2025 21:31:42,1.17.2,Bandit80,16,4.00,nan,20,20,80,LeftinTimeOut,Right,192,187,219,19,nan,nan,nan
11/11/2025 21:31:47,1.17.2,Bandit80,16,4.00,nan,20,20,80,LeftinTimeOut,Right,192,187,219,19,nan,nan,nan
11/11/2025 21:31:50,1.17.2,Bandit80,16,4.00,nan,20,20,80,LeftinTimeOut,Right,192,187,219,19,nan,nan,nan
11/11/2025 21:31:57,1.17.2,Bandit80,16,4.01,nan,20,20,80,RightinTimeout,Right,192,187,219,19,nan,nan,0.00
11/11/2025 21:33:12,1.17.2,Bandit80,16,4.00,nan,20,20,80,Left,Right,193,187,219,19,nan,nan,0.06
11/11/2025 21:43:24,1.17.2,Bandit80,16,4.00,nan,20,20,80,Left,Right,194,187,219,19,nan,nan,0.03
11/11/2025 21:43:27,1.17.2,Bandit80,16,4.00,nan,20,20,80,LeftinTimeOut,Right,194,187,219,19,nan,nan,nan
11/11/2025 21:43:28,1.17.2,Bandit80,16,4.00,nan,20,20,80,LeftinTimeOut,Right,194,187,219,19,nan,nan,nan
11/11/2025 21:43:29,1.17.2,Bandit80,16,4.00,nan,20,20,80,LeftinTimeOut,Right,194,187,219,19,nan,nan,nan
11/11/2025 21:43:30,1.17.2,Bandit80,16,4.01,nan,20,20,80,LeftinTimeOut,Right,194,187,219,19,nan,nan,nan
11/11/2025 21:43:31,1.17.2,Bandit80,16,4.01,nan,20,20,80,LeftinTimeOut,Right,194,187,219,19,nan,nan,nan
11/11/2025 21:43:35,1.17.2,Bandit80,16,4.00,nan,20,20,80,RightinTimeout,Right,194,187,219,19,nan,nan,0.00
11/11/2025 21:44:40,1.17.2,Bandit80,16,4.00,nan,20,20,80,Right,Right,194,188,219,19,nan,nan,0.05
11/11/2025 21:44:50,1.17.2,Bandit80,16,4.00,nan,20,20,80,LeftinTimeOut,Right,194,188,219,19,nan,nan,nan
11/11/2025 21:48:35,1.17.2,Bandit80,16,4.00,nan,20,20,80,Left,Right,195,188,219,19,nan,nan,0.03
11/11/2025 21:48:37,1.17.2,Bandit80,16,4.00,nan,20,20,80,RightinTimeout,Right,195,188,219,19,nan,nan,0.00
11/11/2025 21:52:27,1.17.2,Bandit80,16,4.00,nan,20,20,80,Left,Right,196,188,219,19,nan,nan,0.03
11/11/2025 21:52:28,1.17.2,Bandit80,16,4.01,nan,20,20,80,LeftinTimeOut,Right,196,188,219,19,nan,nan,nan
11/11/2025 21:52:34,1.17.2,Bandit80,16,4.01,nan,20,20,80,RightinTimeout,Right,196,188,219,19,nan,nan,0.00
11/11/2025 21:53:17,1.17.2,Bandit80,16,4.00,nan,20,20,80,Left,Right,197,188,219,19,nan,nan,0.05
11/11/2025 21:53:19,1.17.2,Bandit80,16,4.00,nan,20,20,80,LeftinTimeOut,Right,197,188,219,19,nan,nan,nan
11/11/2025 21:53:20,1.17.2,Bandit80,16,4.01,nan,20,20,80,LeftinTimeOut,Right,197,188,219,19,nan,nan,nan
11/11/2025 21:53:43,1.17.2,Bandit80,16,4.01,nan,20,20,80,Left,Right,198,188,219,19,nan,nan,0.10
11/11/2025 21:53:44,1.17.2,Bandit80,16,4.01,nan,20,20,80,LeftinTimeOut,Right,198,188,219,19,nan,nan,nan
11/11/2025 21:54:40,1.17.2,Bandit80,16,4.00,nan,20,20,80,Right,Right,198,189,219,19,nan,nan,0.17
11/11/2025 21:54:41,1.17.2,Bandit80,16,4.00,1,20,20,80,Pellet,Right,198,189,220,19,0.23,1412,nan
11/11/2025 21:56:38,1.17.2,Bandit80,16,4.00,nan,20,80,20,Right,Left,198,190,220,0,nan,nan,0.23
11/11/2025 21:56:40,1.17.2,Bandit80,16,4.00,nan,20,80,20,RightinTimeout,Left,198,190,220,0,nan,nan,0.00
11/11/2025 21:56:46,1.17.2,Bandit80,16,4.00,nan,20,80,20,RightinTimeout,Left,198,190,220,0,nan,nan,0.00
11/11/2025 21:59:38,1.17.2,Bandit80,16,4.00,nan,20,80,20,Left,Left,199,190,220,0,nan,nan,0.34
11/11/2025 21:59:40,1.17.2,Bandit80,16,4.01,nan,20,80,20,LeftinTimeOut,Left,199,190,220,0,nan,nan,nan
11/11/2025 21:59:41,1.17.2,Bandit80,16,4.00,nan,20,80,20,LeftinTimeOut,Left,199,190,220,0,nan,nan,nan
11/11/2025 21:59:43,1.17.2,Bandit80,16,4.01,nan,20,80,20,LeftinTimeOut,Left,199,190,220,0,nan,nan,nan
11/11/2025 21:59:45,1.17.2,Bandit80,16,4.00,nan,20,80,20,LeftinTimeOut,Left,199,190,220,0,nan,nan,nan
11/11/2025 22:05:34,1.17.2,Bandit80,16,4.00,nan,20,80,20,Left,Left,200,190,220,0,nan,nan,0.01
11/11/2025 22:05:35,1.17.2,Bandit80,16,4.00,1,20,80,20,Pellet,Left,200,190,221,0,0.47,654,nan
11/11/2025 22:05:42,1.17.2,Bandit80,16,4.00,nan,20,80,20,Left,Left,201,190,221,1,nan,nan,0.15
11/11/2025 22:05:45,1.17.2,Bandit80,16,4.01,3,20,80,20,Pellet,Left,201,190,222,1,0.06,10,nan
11/11/2025 22:06:00,1.17.2,Bandit80,16,4.01,nan,20,80,20,Left,Left,202,190,222,2,nan,nan,0.03
11/11/2025 22:06:01,1.17.2,Bandit80,16,4.00,1,20,80,20,Pellet,Left,202,190,223,2,0.35,16,nan
11/11/2025 22:06:07,1.17.2,Bandit80,16,4.01,nan,20,80,20,Left,Left,203,190,223,3,nan,nan,0.06
11/11/2025 22:06:08,1.17.2,Bandit80,16,4.01,1,20,80,20,Pellet,Left,203,190,224,3,0.23,7,nan
11/11/2025 22:06:15,1.17.2,Bandit80,16,4.00,nan,20,80,20,Left,Left,204,190,224,4,nan,nan,0.05
11/11/2025 22:06:16,1.17.2,Bandit80,16,4.00,1,20,80,20,Pellet,Left,204,190,225,4,0.35,8,nan
11/11/2025 22:06:30,1.17.2,Bandit80,16,4.00,nan,20,80,20,Left,Left,205,190,225,5,nan,nan,0.01
11/11/2025 22:06:31,1.17.2,Bandit80,16,4.00,1,20,80,20,Pellet,Left,205,190,226,5,0.35,15,nan
11/11/2025 22:06:42,1.17.2,Bandit80,16,4.00,nan,20,80,20,Left,Left,206,190,226,6,nan,nan,0.06
11/11/2025 22:06:43,1.17.2,Bandit80,16,4.00,1,20,80,20,Pellet,Left,206,190,227,6,0.17,12,nan
11/11/2025 22:06:50,1.17.2,Bandit80,16,4.01,nan,20,80,20,Left,Left,207,190,227,7,nan,nan,0.00
11/11/2025 22:06:51,1.17.2,Bandit80,16,4.00,1,20,80,20,Pellet,Left,207,190,228,7,0.47,8,nan
11/11/2025 22:07:02,1.17.2,Bandit80,16,4.00,nan,20,80,20,Left,Left,208,190,228,8,nan,nan,0.04
11/11/2025 22:07:02,1.17.2,Bandit80,16,4.00,nan,20,80,20,LeftinTimeOut,Left,208,190,228,8,nan,nan,nan
11/11/2025 22:07:06,1.17.2,Bandit80,16,4.00,nan,20,80,20,LeftinTimeOut,Left,208,190,228,8,nan,nan,nan
11/11/2025 22:07:07,1.17.2,Bandit80,16,4.01,nan,20,80,20,LeftinTimeOut,Left,208,190,228,8,nan,nan,nan
11/11/2025 22:07:09,1.17.2,Bandit80,16,4.00,nan,20,80,20,LeftinTimeOut,Left,208,190,228,8,nan,nan,nan
11/11/2025 22:07:12,1.17.2,Bandit80,16,4.00,nan,20,80,20,LeftinTimeOut,Left,208,190,228,8,nan,nan,nan
11/11/2025 22:07:14,1.17.2,Bandit80,16,4.00,nan,20,80,20,LeftinTimeOut,Left,208,190,228,8,nan,nan,nan
11/11/2025 22:07:18,1.17.2,Bandit80,16,4.00,nan,20,80,20,LeftinTimeOut,Left,208,190,228,8,nan,nan,nan
11/11/2025 22:08:29,1.17.2,Bandit80,16,4.00,nan,20,80,20,Left,Left,209,190,228,8,nan,nan,0.02
11/11/2025 22:08:30,1.17.2,Bandit80,16,4.00,1,20,80,20,Pellet,Left,209,190,229,8,0.41,99,nan
11/11/2025 22:08:40,1.17.2,Bandit80,16,4.00,nan,20,80,20,Left,Left,210,190,229,9,nan,nan,0.01
11/11/2025 22:08:41,1.17.2,Bandit80,16,4.00,1,20,80,20,Pellet,Left,210,190,230,9,0.35,11,nan
11/11/2025 22:08:52,1.17.2,Bandit80,16,4.00,nan,20,80,20,Left,Left,211,190,230,10,nan,nan,0.05
11/11/2025 22:08:53,1.17.2,Bandit80,16,4.01,1,20,80,20,Pellet,Left,211,190,231,10,0.23,12,nan
11/11/2025 22:09:04,1.17.2,Bandit80,16,4.01,nan,20,80,20,Left,Left,212,190,231,11,nan,nan,0.03
11/11/2025 22:09:05,1.17.2,Bandit80,16,4.01,1,20,80,20,Pellet,Left,212,190,232,11,0.41,12,nan
11/11/2025 22:09:23,1.17.2,Bandit80,16,4.00,nan,20,80,20,Left,Left,213,190,232,12,nan,nan,0.05
11/11/2025 22:09:25,1.17.2,Bandit80,16,4.00,1,20,80,20,Pellet,Left,213,190,233,12,1.55,20,nan
11/11/2025 22:09:36,1.17.2,Bandit80,16,4.00,nan,20,80,20,Left,Left,214,190,233,13,nan,nan,0.04
11/11/2025 22:09:40,1.17.2,Bandit80,16,4.00,nan,20,80,20,LeftinTimeOut,Left,214,190,233,13,nan,nan,nan
11/11/2025 22:09:41,1.17.2,Bandit80,16,4.00,nan,20,80,20,LeftinTimeOut,Left,214,190,233,13,nan,nan,nan
11/11/2025 22:09:43,1.17.2,Bandit80,16,4.01,nan,20,80,20,LeftinTimeOut,Left,214,190,233,13,nan,nan,nan
11/11/2025 22:09:44,1.17.2,Bandit80,16,4.00,nan,20,80,20,LeftinTimeOut,Left,214,190,233,13,nan,nan,nan
11/11/2025 22:09:47,1.17.2,Bandit80,16,4.00,nan,20,80,20,RightinTimeout,Left,214,190,233,13,nan,nan,0.00
11/11/2025 22:10:29,1.17.2,Bandit80,16,4.00,nan,20,80,20,Right,Left,214,191,233,13,nan,nan,0.10
11/11/2025 22:10:30,1.17.2,Bandit80,16,4.00,nan,20,80,20,RightinTimeout,Left,214,191,233,13,nan,nan,0.00
11/11/2025 22:10:34,1.17.2,Bandit80,16,4.00,nan,20,80,20,LeftinTimeOut,Left,214,191,233,13,nan,nan,nan
11/11/2025 22:13:54,1.17.2,Bandit80,16,4.00,nan,20,80,20,Left,Left,215,191,233,13,nan,nan,0.04
11/11/2025 22:13:56,1.17.2,Bandit80,16,4.00,1,20,80,20,Pellet,Left,215,191,234,13,1.01,271,nan
11/11/2025 22:14:07,1.17.2,Bandit80,16,4.01,nan,20,80,20,Left,Left,216,191,234,14,nan,nan,0.06
11/11/2025 22:14:08,1.17.2,Bandit80,16,4.00,nan,20,80,20,LeftinTimeOut,Left,216,191,234,14,nan,nan,nan
11/11/2025 22:14:12,1.17.2,Bandit80,16,4.00,nan,20,80,20,RightinTimeout,Left,216,191,234,14,nan,nan,0.00
11/11/2025 22:14:14,1.17.2,Bandit80,16,4.00,nan,20,80,20,RightinTimeout,Left,216,191,234,14,nan,nan,0.00
11/11/2025 22:17:09,1.17.2,Bandit80,16,4.00,nan,20,80,20,Right,Left,216,192,234,14,nan,nan,0.10
11/11/2025 22:17:10,1.17.2,Bandit80,16,4.00,1,20,80,20,Pellet,Left,216,192,235,14,0.83,194,nan
11/11/2025 22:18:10,1.17.2,Bandit80,16,4.00,nan,20,80,20,Left,Left,217,192,235,15,nan,nan,0.08
11/11/2025 22:18:12,1.17.2,Bandit80,16,4.00,nan,20,80,20,LeftinTimeOut,Left,217,192,235,15,nan,nan,nan
11/11/2025 22:18:13,1.17.2,Bandit80,16,4.00,nan,20,80,20,LeftinTimeOut,Left,217,192,235,15,nan,nan,nan
11/11/2025 22:33:52,1.17.2,Bandit80,16,4.00,nan,20,80,20,Left,Left,218,192,235,15,nan,nan,0.07
11/11/2025 22:37:50,1.17.2,Bandit80,16,4.00,nan,20,80,20,Left,Left,219,192,235,15,nan,nan,0.04
11/11/2025 22:37:51,1.17.2,Bandit80,16,4.01,2,20,80,20,Pellet,Left,219,192,236,15,0.35,1241,nan
11/11/2025 22:38:02,1.17.2,Bandit80,16,4.00,nan,20,80,20,Left,Left,220,192,236,16,nan,nan,0.05
11/11/2025 22:38:03,1.17.2,Bandit80,16,4.00,1,20,80,20,Pellet,Left,220,192,237,16,0.17,12,nan
11/11/2025 22:38:10,1.17.2,Bandit80,16,4.01,nan,20,80,20,Left,Left,221,192,237,17,nan,nan,0.02
11/11/2025 22:38:13,1.17.2,Bandit80,16,4.01,1,20,80,20,Pellet,Left,221,192,238,17,2.03,10,nan
11/11/2025 22:38:31,1.17.2,Bandit80,16,4.00,nan,20,80,20,Left,Left,222,192,238,18,nan,nan,0.07
11/11/2025 22:38:32,1.17.2,Bandit80,16,4.01,1,20,80,20,Pellet,Left,222,192,239,18,0.17,19,nan
11/11/2025 22:38:42,1.17.2,Bandit80,16,4.01,nan,20,80,20,Left,Left,223,192,239,19,nan,nan,0.08
11/11/2025 22:38:43,1.17.2,Bandit80,16,4.01,1,20,80,20,Pellet,Left,223,192,240,19,0.17,11,nan
11/11/2025 22:39:03,1.17.2,Bandit80,16,4.00,nan,20,20,80,Left,Right,224,192,240,0,nan,nan,0.03
11/11/2025 22:39:07,1.17.2,Bandit80,16,4.01,nan,20,20,80,LeftinTimeOut,Right,224,192,240,0,nan,nan,nan
11/11/2025 22:45:33,1.17.2,Bandit80,16,4.00,nan,20,20,80,Left,Right,225,192,240,0,nan,nan,0.11
11/11/2025 23:29:40,1.17.2,Bandit80,16,4.01,nan,20,20,80,Left,Right,226,192,240,0,nan,nan,0.06
11/11/2025 23:32:34,1.17.2,Bandit80,16,4.01,nan,20,20,80,Left,Right,227,192,240,0,nan,nan,0.08
11/11/2025 23:32:37,1.17.2,Bandit80,16,4.01,nan,20,20,80,LeftinTimeOut,Right,227,192,240,0,nan,nan,nan
11/11/2025 23:32:57,1.17.2,Bandit80,16,4.00,nan,20,20,80,Right,Right,227,193,240,0,nan,nan,0.06
11/11/2025 23:32:59,1.17.2,Bandit80,16,4.00,1,20,20,80,Pellet,Right,227,193,241,0,1.19,3256,nan
11/11/2025 23:33:14,1.17.2,Bandit80,16,4.00,nan,20,20,80,Right,Right,227,194,241,1,nan,nan,0.29
11/11/2025 23:33:15,1.17.2,Bandit80,16,4.00,1,20,20,80,Pellet,Right,227,194,242,1,0.23,16,nan
11/11/2025 23:33:21,1.17.2,Bandit80,16,4.00,nan,20,20,80,Right,Right,227,195,242,2,nan,nan,0.12
11/11/2025 23:33:22,1.17.2,Bandit80,16,4.00,nan,20,20,80,RightinTimeout,Right,227,195,242,2,nan,nan,0.00
11/11/2025 23:33:24,1.17.2,Bandit80,16,4.01,nan,20,20,80,RightinTimeout,Right,227,195,242,2,nan,nan,0.00
11/11/2025 23:33:25,1.17.2,Bandit80,16,4.00,nan,20,20,80,RightinTimeout,Right,227,195,242,2,nan,nan,0.00
11/11/2025 23:33:29,1.17.2,Bandit80,16,4.00,nan,20,20,80,RightinTimeout,Right,227,195,242,2,nan,nan,0.00
11/11/2025 23:36:10,1.17.2,Bandit80,16,4.00,nan,20,20,80,Right,Right,227,196,242,2,nan,nan,0.03
11/11/2025 23:36:11,1.17.2,Bandit80,16,4.00,1,20,20,80,Pellet,Right,227,196,243,2,0.65,176,nan
11/11/2025 23:36:28,1.17.2,Bandit80,16,4.00,nan,20,20,80,Right,Right,227,197,243,3,nan,nan,0.03
11/11/2025 23:36:29,1.17.2,Bandit80,16,4.00,1,20,20,80,Pellet,Right,227,197,244,3,0.35,18,nan
11/11/2025 23:36:42,1.17.2,Bandit80,16,4.00,nan,20,20,80,Right,Right,227,198,244,4,nan,nan,0.01
11/11/2025 23:36:43,1.17.2,Bandit80,16,4.00,1,20,20,80,Pellet,Right,227,198,245,4,0.29,14,nan
11/11/2025 23:36:59,1.17.2,Bandit80,16,4.00,nan,20,20,80,Right,Right,227,199,245,5,nan,nan,0.20
11/11/2025 23:37:00,1.17.2,Bandit80,16,4.00,1,20,20,80,Pellet,Right,227,199,246,5,0.29,17,nan
11/11/2025 23:37:09,1.17.2,Bandit80,16,4.00,nan,20,20,80,Right,Right,227,200,246,6,nan,nan,0.03
11/11/2025 23:37:10,1.17.2,Bandit80,16,4.00,1,20,20,80,Pellet,Right,227,200,247,6,0.35,10,nan
11/11/2025 23:37:20,1.17.2,Bandit80,16,4.00,nan,20,20,80,Right,Right,227,201,247,7,nan,nan,0.05
11/11/2025 23:37:21,1.17.2,Bandit80,16,4.01,nan,20,20,80,RightinTimeout,Right,227,201,247,7,nan,nan,0.00
11/11/2025 23:37:22,1.17.2,Bandit80,16,4.00,nan,20,20,80,RightinTimeout,Right,227,201,247,7,nan,nan,0.00
11/11/2025 23:37:24,1.17.2,Bandit80,16,4.00,nan,20,20,80,RightinTimeout,Right,227,201,247,7,nan,nan,0.00
11/11/2025 23:38:20,1.17.2,Bandit80,16,4.00,nan,20,20,80,Left,Right,228,201,247,7,nan,nan,0.04
11/11/2025 23:38:21,1.17.2,Bandit80,16,4.00,nan,20,20,80,LeftinTimeOut,Right,228,201,247,7,nan,nan,nan
11/11/2025 23:40:01,1.17.2,Bandit80,16,4.00,nan,20,20,80,Right,Right,228,202,247,7,nan,nan,0.14
11/11/2025 23:40:02,1.17.2,Bandit80,16,4.00,1,20,20,80,Pellet,Right,228,202,248,7,0.23,172,nan
11/11/2025 23:40:09,1.17.2,Bandit80,16,4.00,nan,20,20,80,Right,Right,228,203,248,8,nan,nan,0.00
11/11/2025 23:40:13,1.17.2,Bandit80,16,4.00,2,20,20,80,Pellet,Right,228,203,249,8,0.83,11,nan
11/11/2025 23:40:33,1.17.2,Bandit80,16,4.01,nan,20,20,80,Right,Right,228,204,249,9,nan,nan,0.07
11/11/2025 23:40:34,1.17.2,Bandit80,16,4.00,1,20,20,80,Pellet,Right,228,204,250,9,0.29,21,nan
11/11/2025 23:40:42,1.17.2,Bandit80,16,4.00,nan,20,20,80,Right,Right,228,205,250,10,nan,nan,0.06
11/11/2025 23:40:43,1.17.2,Bandit80,16,4.00,1,20,20,80,Pellet,Right,228,205,251,10,0.23,9,nan
11/11/2025 23:41:00,1.17.2,Bandit80,16,4.00,nan,20,20,80,Right,Right,228,206,251,11,nan,nan,0.05
11/11/2025 23:41:01,1.17.2,Bandit80,16,4.00,2,20,20,80,Pellet,Right,228,206,252,11,0.12,18,nan
11/11/2025 23:41:13,1.17.2,Bandit80,16,4.00,nan,20,20,80,Right,Right,228,207,252,12,nan,nan,0.09
11/11/2025 23:41:13,1.17.2,Bandit80,16,4.00,1,20,20,80,Pellet,Right,228,207,253,12,0.11,12,nan
11/11/2025 23:41:29,1.17.2,Bandit80,16,4.00,nan,20,20,80,Right,Right,228,208,253,13,nan,nan,0.05
11/11/2025 23:41:30,1.17.2,Bandit80,16,4.00,1,20,20,80,Pellet,Right,228,208,254,13,0.71,17,nan
11/11/2025 23:49:50,1.17.2,Bandit80,16,4.00,nan,20,20,80,Right,Right,228,209,254,14,nan,nan,0.08
11/11/2025 23:49:52,1.17.2,Bandit80,16,4.00,1,20,20,80,Pellet,Right,228,209,255,14,1.13,502,nan
11/11/2025 23:58:29,1.17.2,Bandit80,16,4.00,nan,20,20,80,Right,Right,228,210,255,15,nan,nan,0.10
11/11/2025 23:58:30,1.17.2,Bandit80,16,4.00,1,20,20,80,Pellet,Right,228,210,256,15,0.59,518,nan
11/12/2025 0:05:42,1.17.2,Bandit80,16,4.00,nan,20,20,80,Left,Right,229,210,256,16,nan,nan,0.05
11/12/2025 0:05:43,1.17.2,Bandit80,16,4.00,nan,20,20,80,LeftinTimeOut,Right,229,210,256,16,nan,nan,nan
11/12/2025 0:12:28,1.17.2,Bandit80,16,4.00,nan,20,20,80,Right,Right,229,211,256,16,nan,nan,0.11
11/12/2025 0:12:29,1.17.2,Bandit80,16,4.00,1,20,20,80,Pellet,Right,229,211,257,16,0.89,839,nan
11/12/2025 0:12:39,1.17.2,Bandit80,16,4.00,nan,20,20,80,Right,Right,229,212,257,17,nan,nan,0.08
11/12/2025 0:12:40,1.17.2,Bandit80,16,4.00,nan,20,20,80,RightinTimeout,Right,229,212,257,17,nan,nan,0.00
11/12/2025 0:17:36,1.17.2,Bandit80,16,4.00,nan,20,20,80,Left,Right,230,212,257,17,nan,nan,0.04
11/12/2025 0:17:38,1.17.2,Bandit80,16,4.00,nan,20,20,80,LeftinTimeOut,Right,230,212,257,17,nan,nan,nan
11/12/2025 0:40:26,1.17.2,Bandit80,16,4.00,nan,20,20,80,Left,Right,231,212,257,17,nan,nan,0.17
11/12/2025 0:43:34,1.17.2,Bandit80,16,4.01,nan,20,20,80,Left,Right,232,212,257,17,nan,nan,0.10
11/12/2025 0:43:35,1.17.2,Bandit80,16,4.00,1,20,20,80,Pellet,Right,232,212,258,17,0.41,1866,nan
11/12/2025 0:43:57,1.17.2,Bandit80,16,4.00,nan,20,20,80,Left,Right,233,212,258,18,nan,nan,0.08
11/12/2025 0:46:46,1.17.2,Bandit80,16,4.00,nan,20,20,80,Right,Right,233,213,258,18,nan,nan,0.14
11/12/2025 0:46:46,1.17.2,Bandit80,16,4.00,1,20,20,80,Pellet,Right,233,213,259,18,0.17,191,nan
11/12/2025 0:46:56,1.17.2,Bandit80,16,4.00,nan,20,20,80,Right,Right,233,214,259,19,nan,nan,0.04
11/12/2025 0:46:56,1.17.2,Bandit80,16,4.00,1,20,20,80,Pellet,Right,233,214,260,19,0.23,10,nan
11/12/2025 0:47:07,1.17.2,Bandit80,16,4.00,nan,20,80,20,Right,Left,233,215,260,0,nan,nan,0.06
11/12/2025 0:49:20,1.17.2,Bandit80,16,4.00,nan,20,80,20,Right,Left,233,216,260,0,nan,nan,0.02
11/12/2025 0:57:19,1.17.2,Bandit80,16,4.00,nan,20,80,20,Left,Left,234,216,260,0,nan,nan,0.17
11/12/2025 0:57:20,1.17.2,Bandit80,16,4.00,nan,20,80,20,LeftDuringDispense,Left,234,216,260,0,nan,nan,0.24
11/12/2025 0:57:23,1.17.2,Bandit80,16,4.00,2,20,80,20,Pellet,Left,234,216,261,0,0.23,626,nan
11/12/2025 0:57:43,1.17.2,Bandit80,16,4.00,nan,20,80,20,Left,Left,235,216,261,1,nan,nan,0.04
11/12/2025 0:57:45,1.17.2,Bandit80,16,4.00,2,20,80,20,Pellet,Left,235,216,262,1,0.29,23,nan
11/12/2025 0:57:54,1.17.2,Bandit80,16,4.00,nan,20,80,20,Left,Left,236,216,262,2,nan,nan,0.06
11/12/2025 0:57:55,1.17.2,Bandit80,16,4.00,2,20,80,20,Pellet,Left,236,216,263,2,0.29,10,nan
11/12/2025 0:58:01,1.17.2,Bandit80,16,4.00,nan,20,80,20,Left,Left,237,216,263,3,nan,nan,0.00
11/12/2025 0:58:03,1.17.2,Bandit80,16,4.00,2,20,80,20,Pellet,Left,237,216,264,3,0.71,8,nan
11/12/2025 0:58:09,1.17.2,Bandit80,16,4.00,nan,20,80,20,Left,Left,238,216,264,4,nan,nan,0.05
11/12/2025 0:58:11,1.17.2,Bandit80,16,4.00,2,20,80,20,Pellet,Left,238,216,265,4,0.47,8,nan
11/12/2025 0:58:29,1.17.2,Bandit80,16,4.00,nan,20,80,20,Left,Left,239,216,265,5,nan,nan,0.10
11/12/2025 0:58:30,1.17.2,Bandit80,16,4.00,nan,20,80,20,LeftinTimeOut,Left,239,216,265,5,nan,nan,nan
11/12/2025 0:58:31,1.17.2,Bandit80,16,4.00,nan,20,80,20,LeftinTimeOut,Left,239,216,265,5,nan,nan,nan
11/12/2025 0:58:35,1.17.2,Bandit80,16,4.00,nan,20,80,20,RightinTimeout,Left,239,216,265,5,nan,nan,0.00
11/12/2025 0:59:29,1.17.2,Bandit80,16,4.00,nan,20,80,20,Left,Left,240,216,265,5,nan,nan,0.08
11/12/2025 0:59:31,1.17.2,Bandit80,16,4.00,1,20,80,20,Pellet,Left,240,216,266,5,0.71,80,nan
11/12/2025 0:59:48,1.17.2,Bandit80,16,4.00,nan,20,80,20,Left,Left,241,216,266,6,nan,nan,0.02
11/12/2025 0:59:52,1.17.2,Bandit80,16,4.00,1,20,80,20,Pellet,Left,241,216,267,6,3.11,21,nan
11/12/2025 1:00:04,1.17.2,Bandit80,16,4.00,nan,20,80,20,Left,Left,242,216,267,7,nan,nan,0.01
11/12/2025 1:00:05,1.17.2,Bandit80,16,4.00,1,20,80,20,Pellet,Left,242,216,268,7,0.59,13,nan
11/12/2025 1:00:23,1.17.2,Bandit80,16,4.00,nan,20,80,20,Left,Left,243,216,268,8,nan,nan,0.09
11/12/2025 1:00:24,1.17.2,Bandit80,16,4.00,nan,20,80,20,LeftinTimeOut,Left,243,216,268,8,nan,nan,nan
11/12/2025 1:00:29,1.17.2,Bandit80,16,4.00,nan,20,80,20,LeftinTimeOut,Left,243,216,268,8,nan,nan,nan
11/12/2025 1:02:24,1.17.2,Bandit80,16,4.00,nan,20,80,20,Left,Left,244,216,268,8,nan,nan,0.04
11/12/2025 1:02:26,1.17.2,Bandit80,16,4.00,1,20,80,20,Pellet,Left,244,216,269,8,0.65,141,nan
11/12/2025 1:02:32,1.17.2,Bandit80,16,4.00,nan,20,80,20,Left,Left,245,216,269,9,nan,nan,0.05
11/12/2025 1:02:33,1.17.2,Bandit80,16,4.00,1,20,80,20,Pellet,Left,245,216,270,9,0.59,7,nan
11/12/2025 1:02:42,1.17.2,Bandit80,16,4.00,nan,20,80,20,Left,Left,246,216,270,10,nan,nan,0.07
11/12/2025 1:02:43,1.17.2,Bandit80,16,4.00,1,20,80,20,Pellet,Left,246,216,271,10,0.17,10,nan
11/12/2025 1:02:53,1.17.2,Bandit80,16,4.00,nan,20,80,20,Left,Left,247,216,271,11,nan,nan,0.22
11/12/2025 1:02:54,1.17.2,Bandit80,16,4.00,1,20,80,20,Pellet,Left,247,216,272,11,0.29,11,nan
11/12/2025 1:03:02,1.17.2,Bandit80,16,4.00,nan,20,80,20,Left,Left,248,216,272,12,nan,nan,0.01
11/12/2025 1:03:03,1.17.2,Bandit80,16,4.00,1,20,80,20,Pellet,Left,248,216,273,12,0.47,9,nan
11/12/2025 1:03:17,1.17.2,Bandit80,16,4.00,nan,20,80,20,Left,Left,249,216,273,13,nan,nan,0.03
11/12/2025 1:03:18,1.17.2,Bandit80,16,4.00,1,20,80,20,Pellet,Left,249,216,274,13,0.29,15,nan
11/12/2025 2:07:20,1.17.2,Bandit80,16,4.00,nan,20,80,20,Left,Left,250,216,274,14,nan,nan,0.08
11/12/2025 2:07:22,1.17.2,Bandit80,16,4.00,1,20,80,20,Pellet,Left,250,216,275,14,0.53,3843,nan
11/12/2025 2:48:32,1.17.2,Bandit80,16,4.00,nan,20,80,20,Left,Left,251,216,275,15,nan,nan,0.16
11/12/2025 2:48:40,1.17.2,Bandit80,16,4.00,3,20,80,20,Pellet,Left,251,216,276,15,4.07,2479,nan
11/12/2025 2:52:58,1.17.2,Bandit80,16,4.00,nan,20,80,20,Right,Left,251,217,276,16,nan,nan,0.02
11/12/2025 3:00:45,1.17.2,Bandit80,16,4.00,nan,20,80,20,Right,Left,251,218,276,16,nan,nan,0.23
11/12/2025 3:02:02,1.17.2,Bandit80,16,4.00,nan,20,80,20,Right,Left,251,219,276,16,nan,nan,0.05
11/12/2025 3:05:33,1.17.2,Bandit80,16,4.00,nan,20,80,20,Right,Left,251,220,276,16,nan,nan,0.04
11/12/2025 3:09:25,1.17.2,Bandit80,16,4.00,nan,20,80,20,Left,Left,252,220,276,16,nan,nan,0.00
11/12/2025 3:09:25,1.17.2,Bandit80,16,4.00,nan,20,80,20,LeftDuringDispense,Left,252,220,276,16,nan,nan,0.01
11/12/2025 3:09:30,1.17.2,Bandit80,16,4.00,3,20,80,20,Pellet,Left,252,220,277,16,0.06,1250,nan
11/12/2025 3:29:36,1.17.2,Bandit80,16,4.00,nan,20,80,20,Left,Left,253,220,277,17,nan,nan,0.07
11/12/2025 3:29:37,1.17.2,Bandit80,16,4.00,1,20,80,20,Pellet,Left,253,220,278,17,0.41,1207,nan
11/12/2025 3:29:48,1.17.2,Bandit80,16,3.99,nan,20,80,20,Left,Left,254,220,278,18,nan,nan,0.02
11/12/2025 3:29:49,1.17.2,Bandit80,16,4.00,1,20,80,20,Pellet,Left,254,220,279,18,0.29,12,nan
11/12/2025 3:29:58,1.17.2,Bandit80,16,3.99,nan,20,80,20,Left,Left,255,220,279,19,nan,nan,0.07
11/12/2025 3:29:59,1.17.2,Bandit80,16,4.00,nan,20,80,20,LeftinTimeOut,Left,255,220,279,19,nan,nan,nan
11/12/2025 3:30:00,1.17.2,Bandit80,16,4.00,nan,20,80,20,LeftinTimeOut,Left,255,220,279,19,nan,nan,nan
11/12/2025 3:30:06,1.17.2,Bandit80,16,4.00,nan,20,80,20,LeftinTimeOut,Left,255,220,279,19,nan,nan,nan
11/12/2025 3:30:23,1.17.2,Bandit80,16,4.00,nan,20,80,20,Left,Left,256,220,279,19,nan,nan,0.14
11/12/2025 3:30:24,1.17.2,Bandit80,16,4.00,1,20,80,20,Pellet,Left,256,220,280,19,0.17,35,nan
11/12/2025 3:30:35,1.17.2,Bandit80,16,4.00,nan,20,20,80,Left,Right,257,220,280,0,nan,nan,0.09
11/12/2025 3:30:36,1.17.2,Bandit80,16,4.00,nan,20,20,80,LeftinTimeOut,Right,257,220,280,0,nan,nan,nan
11/12/2025 3:30:37,1.17.2,Bandit80,16,4.00,nan,20,20,80,LeftinTimeOut,Right,257,220,280,0,nan,nan,nan
11/12/2025 3:30:38,1.17.2,Bandit80,16,4.00,nan,20,20,80,LeftinTimeOut,Right,257,220,280,0,nan,nan,nan
11/12/2025 3:30:39,1.17.2,Bandit80,16,4.00,nan,20,20,80,LeftinTimeOut,Right,257,220,280,0,nan,nan,nan
11/12/2025 3:30:42,1.17.2,Bandit80,16,4.00,nan,20,20,80,RightinTimeout,Right,257,220,280,0,nan,nan,0.00
11/12/2025 3:30:58,1.17.2,Bandit80,16,4.00,nan,20,20,80,Left,Right,258,220,280,0,nan,nan,0.12
11/12/2025 3:30:59,1.17.2,Bandit80,16,4.00,nan,20,20,80,LeftinTimeOut,Right,258,220,280,0,nan,nan,nan
11/12/2025 3:51:41,1.17.2,Bandit80,16,4.00,nan,20,20,80,Right,Right,258,221,280,0,nan,nan,0.11
11/12/2025 3:51:42,1.17.2,Bandit80,16,4.00,1,20,20,80,Pellet,Right,258,221,281,0,0.23,1278,nan
11/12/2025 3:51:52,1.17.2,Bandit80,16,4.00,nan,20,20,80,Right,Right,258,222,281,1,nan,nan,0.07
11/12/2025 3:51:53,1.17.2,Bandit80,16,3.99,1,20,20,80,Pellet,Right,258,222,282,1,0.41,11,nan
11/12/2025 3:52:12,1.17.2,Bandit80,16,4.00,nan,20,20,80,Left,Right,259,222,282,2,nan,nan,0.08
11/12/2025 3:52:18,1.17.2,Bandit80,16,3.99,nan,20,20,80,RightinTimeout,Right,259,222,282,2,nan,nan,0.00
11/12/2025 3:52:19,1.17.2,Bandit80,16,4.00,nan,20,20,80,RightinTimeout,Right,259,222,282,2,nan,nan,0.00
11/12/2025 3:52:58,1.17.2,Bandit80,16,3.99,nan,20,20,80,Left,Right,260,222,282,2,nan,nan,0.08
11/12/2025 3:52:59,1.17.2,Bandit80,16,4.00,nan,20,20,80,LeftinTimeOut,Right,260,222,282,2,nan,nan,nan
11/12/2025 3:53:01,1.17.2,Bandit80,16,4.00,nan,20,20,80,LeftinTimeOut,Right,260,222,282,2,nan,nan,nan
11/12/2025 3:53:50,1.17.2,Bandit80,16,4.00,nan,20,20,80,Left,Right,261,222,282,2,nan,nan,0.13
11/12/2025 4:03:17,1.17.2,Bandit80,16,4.00,nan,20,20,80,Left,Right,262,222,282,2,nan,nan,0.07
11/12/2025 4:07:02,1.17.2,Bandit80,16,4.00,nan,20,20,80,Right,Right,262,223,282,2,nan,nan,0.05
11/12/2025 4:07:02,1.17.2,Bandit80,16,4.00,1,20,20,80,Pellet,Right,262,223,283,2,0.06,909,nan
11/12/2025 4:07:12,1.17.2,Bandit80,16,4.00,nan,20,20,80,Right,Right,262,224,283,3,nan,nan,0.07
11/12/2025 4:07:13,1.17.2,Bandit80,16,4.00,1,20,20,80,Pellet,Right,262,224,284,3,0.23,11,nan
11/12/2025 4:07:21,1.17.2,Bandit80,16,4.00,nan,20,20,80,Right,Right,262,225,284,4,nan,nan,0.13
11/12/2025 4:07:22,1.17.2,Bandit80,16,4.00,1,20,20,80,Pellet,Right,262,225,285,4,0.12,8,nan
11/12/2025 4:07:32,1.17.2,Bandit80,16,4.00,nan,20,20,80,Right,Right,262,226,285,5,nan,nan,0.06
11/12/2025 4:07:32,1.17.2,Bandit80,16,4.00,1,20,20,80,Pellet,Right,262,226,286,5,0.17,11,nan
11/12/2025 4:07:38,1.17.2,Bandit80,16,4.00,nan,20,20,80,Right,Right,262,227,286,6,nan,nan,0.04
11/12/2025 4:07:39,1.17.2,Bandit80,16,4.00,1,20,20,80,Pellet,Right,262,227,287,6,0.23,7,nan
11/12/2025 4:08:05,1.17.2,Bandit80,16,4.00,nan,20,20,80,Right,Right,262,228,287,7,nan,nan,0.27
11/12/2025 4:08:06,1.17.2,Bandit80,16,4.00,nan,20,20,80,RightinTimeout,Right,262,228,287,7,nan,nan,0.00
11/12/2025 4:08:08,1.17.2,Bandit80,16,3.99,nan,20,20,80,RightinTimeout,Right,262,228,287,7,nan,nan,0.00
11/12/2025 4:08:10,1.17.2,Bandit80,16,4.00,nan,20,20,80,RightinTimeout,Right,262,228,287,7,nan,nan,0.00
11/12/2025 4:08:13,1.17.2,Bandit80,16,4.00,nan,20,20,80,RightinTimeout,Right,262,228,287,7,nan,nan,0.00
11/12/2025 4:15:04,1.17.2,Bandit80,16,4.00,nan,20,20,80,Left,Right,263,228,287,7,nan,nan,0.03
11/12/2025 4:15:05,1.17.2,Bandit80,16,4.00,nan,20,20,80,LeftinTimeOut,Right,263,228,287,7,nan,nan,nan
11/12/2025 4:31:23,1.17.2,Bandit80,16,4.00,nan,20,20,80,Right,Right,263,229,287,7,nan,nan,0.03
11/12/2025 4:31:32,1.17.2,Bandit80,16,4.00,nan,20,20,80,RightWithPellet,Right,263,230,287,7,nan,nan,0.03
11/12/2025 4:31:36,1.17.2,Bandit80,16,4.00,nan,20,20,80,RightWithPellet,Right,263,231,287,7,nan,nan,0.04
11/12/2025 4:31:37,1.17.2,Bandit80,16,4.00,nan,20,20,80,RightWithPellet,Right,263,232,287,7,nan,nan,0.26
11/12/2025 4:31:39,1.17.2,Bandit80,16,4.00,2,20,20,80,Pellet,Right,263,232,288,7,12.96,1440,nan
11/12/2025 4:31:55,1.17.2,Bandit80,16,4.00,nan,20,20,80,Right,Right,263,233,288,8,nan,nan,0.02
11/12/2025 4:31:56,1.17.2,Bandit80,16,4.00,1,20,20,80,Pellet,Right,263,233,289,8,0.23,17,nan
11/12/2025 4:32:01,1.17.2,Bandit80,16,4.00,nan,20,20,80,Right,Right,263,234,289,9,nan,nan,0.28
11/12/2025 4:32:02,1.17.2,Bandit80,16,4.00,1,20,20,80,Pellet,Right,263,234,290,9,0.35,6,nan
11/12/2025 4:32:12,1.17.2,Bandit80,16,4.00,nan,20,20,80,Right,Right,263,235,290,10,nan,nan,0.05
11/12/2025 4:32:13,1.17.2,Bandit80,16,4.00,2,20,20,80,Pellet,Right,263,235,291,10,0.12,11,nan
11/12/2025 4:32:25,1.17.2,Bandit80,16,4.00,nan,20,20,80,Right,Right,263,236,291,11,nan,nan,0.04
11/12/2025 4:32:26,1.17.2,Bandit80,16,4.00,1,20,20,80,Pellet,Right,263,236,292,11,0.41,13,nan
11/12/2025 4:32:38,1.17.2,Bandit80,16,4.00,nan,20,20,80,Right,Right,263,237,292,12,nan,nan,0.19
11/12/2025 4:32:38,1.17.2,Bandit80,16,4.00,1,20,20,80,Pellet,Right,263,237,293,12,0.23,12,nan
11/12/2025 4:32:44,1.17.2,Bandit80,16,4.00,nan,20,20,80,Right,Right,263,238,293,13,nan,nan,0.06
11/12/2025 4:32:45,1.17.2,Bandit80,16,4.00,nan,20,20,80,RightinTimeout,Right,263,238,293,13,nan,nan,0.00
11/12/2025 4:32:45,1.17.2,Bandit80,16,4.00,nan,20,20,80,RightinTimeout,Right,263,238,293,13,nan,nan,0.00
11/12/2025 4:32:46,1.17.2,Bandit80,16,4.00,nan,20,20,80,RightinTimeout,Right,263,238,293,13,nan,nan,0.00
11/12/2025 4:32:47,1.17.2,Bandit80,16,4.00,nan,20,20,80,RightinTimeout,Right,263,238,293,13,nan,nan,0.00
11/12/2025 4:32:48,1.17.2,Bandit80,16,3.99,nan,20,20,80,RightinTimeout,Right,263,238,293,13,nan,nan,0.00
11/12/2025 4:32:49,1.17.2,Bandit80,16,4.00,nan,20,20,80,RightinTimeout,Right,263,238,293,13,nan,nan,0.00
11/12/2025 4:32:50,1.17.2,Bandit80,16,4.00,nan,20,20,80,RightinTimeout,Right,263,238,293,13,nan,nan,0.00
11/12/2025 4:32:54,1.17.2,Bandit80,16,4.00,nan,20,20,80,RightinTimeout,Right,263,238,293,13,nan,nan,0.00
11/12/2025 4:32:56,1.17.2,Bandit80,16,4.00,nan,20,20,80,RightinTimeout,Right,263,238,293,13,nan,nan,0.00
11/12/2025 4:33:09,1.17.2,Bandit80,16,4.00,nan,20,20,80,Left,Right,264,238,293,13,nan,nan,0.06
11/12/2025 4:33:10,1.17.2,Bandit80,16,4.00,1,20,20,80,Pellet,Right,264,238,294,13,0.17,32,nan
11/12/2025 4:33:23,1.17.2,Bandit80,16,4.00,nan,20,20,80,Left,Right,265,238,294,14,nan,nan,0.07
11/12/2025 4:33:24,1.17.2,Bandit80,16,4.00,nan,20,20,80,LeftinTimeOut,Right,265,238,294,14,nan,nan,nan
11/12/2025 4:36:13,1.17.2,Bandit80,16,4.00,nan,20,20,80,Right,Right,265,239,294,14,nan,nan,0.02
11/12/2025 4:36:14,1.17.2,Bandit80,16,4.00,1,20,20,80,Pellet,Right,265,239,295,14,0.23,184,nan
11/12/2025 4:36:26,1.17.2,Bandit80,16,4.00,nan,20,20,80,Right,Right,265,240,295,15,nan,nan,0.03
11/12/2025 4:36:27,1.17.2,Bandit80,16,4.00,nan,20,20,80,RightinTimeout,Right,265,240,295,15,nan,nan,0.00
11/12/2025 4:36:29,1.17.2,Bandit80,16,4.00,nan,20,20,80,RightinTimeout,Right,265,240,295,15,nan,nan,0.00
11/12/2025 4:41:42,1.17.2,Bandit80,16,4.00,nan,20,20,80,Right,Right,265,241,295,15,nan,nan,0.01
11/12/2025 4:41:44,1.17.2,Bandit80,16,4.00,1,20,20,80,Pellet,Right,265,241,296,15,0.95,329,nan
11/12/2025 4:41:54,1.17.2,Bandit80,16,4.00,nan,20,20,80,Right,Right,265,242,296,16,nan,nan,0.17
11/12/2025 4:41:58,1.17.2,Bandit80,16,4.00,2,20,20,80,Pellet,Right,265,242,297,16,1.31,15,nan
11/12/2025 4:42:19,1.17.2,Bandit80,16,4.00,nan,20,20,80,Right,Right,265,243,297,17,nan,nan,0.07
11/12/2025 4:42:20,1.17.2,Bandit80,16,4.00,1,20,20,80,Pellet,Right,265,243,298,17,0.29,22,nan
11/12/2025 4:55:53,1.17.2,Bandit80,16,4.00,nan,20,20,80,Right,Right,265,244,298,18,nan,nan,0.07
11/12/2025 4:55:54,1.17.2,Bandit80,16,4.00,1,20,20,80,Pellet,Right,265,244,299,18,0.23,814,nan
11/12/2025 5:18:43,1.17.2,Bandit80,16,4.00,nan,20,20,80,Right,Right,265,245,299,19,nan,nan,0.07
11/12/2025 5:18:44,1.17.2,Bandit80,16,4.00,2,20,20,80,Pellet,Right,265,245,300,19,0.12,1370,nan
11/12/2025 5:19:01,1.17.2,Bandit80,16,4.00,nan,20,80,20,Right,Left,265,246,300,0,nan,nan,0.10
11/12/2025 5:22:04,1.17.2,Bandit80,16,4.00,nan,20,80,20,Right,Left,265,247,300,0,nan,nan,0.21
11/12/2025 5:25:56,1.17.2,Bandit80,16,4.00,nan,20,80,20,Right,Left,265,248,300,0,nan,nan,0.05
11/12/2025 5:25:57,1.17.2,Bandit80,16,4.00,1,20,80,20,Pellet,Left,265,248,301,0,0.47,433,nan
11/12/2025 5:26:09,1.17.2,Bandit80,16,4.00,nan,20,80,20,Right,Left,265,249,301,1,nan,nan,0.13
11/12/2025 5:26:10,1.17.2,Bandit80,16,4.00,nan,20,80,20,RightinTimeout,Left,265,249,301,1,nan,nan,0.00
11/12/2025 5:26:11,1.17.2,Bandit80,16,4.00,nan,20,80,20,RightinTimeout,Left,265,249,301,1,nan,nan,0.00
11/12/2025 5:26:12,1.17.2,Bandit80,16,4.00,nan,20,80,20,RightinTimeout,Left,265,249,301,1,nan,nan,0.00
11/12/2025 5:26:16,1.17.2,Bandit80,16,4.00,nan,20,80,20,RightinTimeout,Left,265,249,301,1,nan,nan,0.00
11/12/2025 5:35:13,1.17.2,Bandit80,16,4.00,nan,20,80,20,Left,Left,266,249,301,1,nan,nan,0.06
11/12/2025 5:35:14,1.17.2,Bandit80,16,4.00,1,20,80,20,Pellet,Left,266,249,302,1,0.35,557,nan
11/12/2025 5:35:40,1.17.2,Bandit80,16,4.00,nan,20,80,20,Left,Left,267,249,302,2,nan,nan,0.30
11/12/2025 5:35:41,1.17.2,Bandit80,16,4.00,nan,20,80,20,LeftinTimeOut,Left,267,249,302,2,nan,nan,nan
11/12/2025 5:35:43,1.17.2,Bandit80,16,4.00,nan,20,80,20,LeftinTimeOut,Left,267,249,302,2,nan,nan,nan
11/12/2025 6:08:23,1.17.2,Bandit80,16,3.99,nan,20,80,20,Right,Left,267,250,302,2,nan,nan,0.09
11/12/2025 6:13:34,1.17.2,Bandit80,16,4.00,nan,20,80,20,Left,Left,268,250,302,2,nan,nan,0.03
11/12/2025 6:13:35,1.17.2,Bandit80,16,4.00,1,20,80,20,Pellet,Left,268,250,303,2,0.23,2301,nan
11/12/2025 6:13:47,1.17.2,Bandit80,16,4.00,nan,20,80,20,Left,Left,269,250,303,3,nan,nan,0.12
11/12/2025 6:13:48,1.17.2,Bandit80,16,4.00,1,20,80,20,Pellet,Left,269,250,304,3,0.41,13,nan
11/12/2025 6:13:58,1.17.2,Bandit80,16,4.00,nan,20,80,20,Left,Left,270,250,304,4,nan,nan,0.26
11/12/2025 6:14:01,1.17.2,Bandit80,16,4.00,3,20,80,20,Pellet,Left,270,250,305,4,0.06,13,nan
11/12/2025 6:14:18,1.17.2,Bandit80,16,4.00,nan,20,80,20,Left,Left,271,250,305,5,nan,nan,0.35
11/12/2025 6:14:19,1.17.2,Bandit80,16,4.00,1,20,80,20,Pellet,Left,271,250,306,5,0.35,18,nan
11/12/2025 6:14:31,1.17.2,Bandit80,16,4.00,nan,20,80,20,Left,Left,272,250,306,6,nan,nan,0.13
11/12/2025 6:14:34,1.17.2,Bandit80,16,4.00,nan,20,80,20,LeftinTimeOut,Left,272,250,306,6,nan,nan,nan
11/12/2025 6:14:34,1.17.2,Bandit80,16,4.00,nan,20,80,20,LeftinTimeOut,Left,272,250,306,6,nan,nan,nan
11/12/2025 6:14:37,1.17.2,Bandit80,16,4.00,nan,20,80,20,LeftinTimeOut,Left,272,250,306,6,nan,nan,nan
11/12/2025 6:14:45,1.17.2,Bandit80,16,4.00,nan,20,80,20,RightinTimeout,Left,272,250,306,6,nan,nan,0.00
11/12/2025 7:01:48,1.17.2,Bandit80,16,4.00,nan,20,80,20,Left,Left,273,250,306,6,nan,nan,0.03
11/12/2025 7:01:50,1.17.2,Bandit80,16,4.00,1,20,80,20,Pellet,Left,273,250,307,6,0.53,2851,nan
11/12/2025 7:02:45,1.17.2,Bandit80,16,4.00,nan,20,80,20,Left,Left,274,250,307,7,nan,nan,0.06
11/12/2025 7:06:17,1.17.2,Bandit80,16,4.00,nan,20,80,20,Right,Left,274,251,307,7,nan,nan,0.10
11/12/2025 8:02:09,1.17.2,Bandit80,16,4.00,nan,20,80,20,Right,Left,274,252,307,7,nan,nan,0.04
11/12/2025 8:02:11,1.17.2,Bandit80,16,4.00,nan,20,80,20,RightinTimeout,Left,274,252,307,7,nan,nan,0.00
11/12/2025 8:08:45,1.17.2,Bandit80,16,4.00,nan,20,80,20,Left,Left,275,252,307,7,nan,nan,0.41
11/12/2025 8:08:46,1.17.2,Bandit80,16,3.99,1,20,80,20,Pellet,Left,275,252,308,7,0.29,4016,nan
11/12/2025 8:09:02,1.17.2,Bandit80,16,4.00,nan,20,80,20,Left,Left,276,252,308,8,nan,nan,0.22
11/12/2025 8:09:04,1.17.2,Bandit80,16,3.99,2,20,80,20,Pellet,Left,276,252,309,8,0.17,18,nan
11/12/2025 8:09:29,1.17.2,Bandit80,16,3.99,nan,20,80,20,Left,Left,277,252,309,9,nan,nan,0.09
11/12/2025 8:09:30,1.17.2,Bandit80,16,4.00,1,20,80,20,Pellet,Left,277,252,310,9,0.17,26,nan
11/12/2025 8:09:55,1.17.2,Bandit80,16,4.00,nan,20,80,20,Left,Left,278,252,310,10,nan,nan,0.04
11/12/2025 8:10:05,1.17.2,Bandit80,16,4.00,nan,20,80,20,LeftinTimeOut,Left,278,252,310,10,nan,nan,nan
11/12/2025 8:10:06,1.17.2,Bandit80,16,4.00,nan,20,80,20,LeftinTimeOut,Left,278,252,310,10,nan,nan,nan
11/12/2025 9:41:22,1.17.2,Bandit80,16,4.00,nan,20,80,20,Right,Left,278,253,310,10,nan,nan,0.01
11/12/2025 9:41:23,1.17.2,Bandit80,16,3.99,nan,20,80,20,RightinTimeout,Left,278,253,310,10,nan,nan,0.00
11/12/2025 9:41:25,1.17.2,Bandit80,16,4.00,nan,20,80,20,RightinTimeout,Left,278,253,310,10,nan,nan,0.00
11/12/2025 12:13:22,1.17.2,Bandit80,16,3.99,nan,20,80,20,Left,Left,279,253,310,10,nan,nan,0.17
11/12/2025 12:13:23,1.17.2,Bandit80,16,3.99,1,20,80,20,Pellet,Left,279,253,311,10,0.29,14633,nan
11/12/2025 12:13:34,1.17.2,Bandit80,16,3.99,nan,20,80,20,Left,Left,280,253,311,11,nan,nan,0.15
11/12/2025 12:13:35,1.17.2,Bandit80,16,3.99,1,20,80,20,Pellet,Left,280,253,312,11,0.35,12,nan
11/12/2025 12:13:51,1.17.2,Bandit80,16,3.99,nan,20,80,20,Left,Left,281,253,312,12,nan,nan,0.13
11/12/2025 12:13:52,1.17.2,Bandit80,16,3.98,1,20,80,20,Pellet,Left,281,253,313,12,0.11,17,nan
11/12/2025 12:14:08,1.17.2,Bandit80,16,4.00,nan,20,80,20,Left,Left,282,253,313,13,nan,nan,0.11
11/12/2025 12:14:09,1.17.2,Bandit80,16,3.99,1,20,80,20,Pellet,Left,282,253,314,13,0.29,17,nan
11/12/2025 12:14:23,1.17.2,Bandit80,16,3.99,nan,20,80,20,Left,Left,283,253,314,14,nan,nan,0.11
11/12/2025 12:14:24,1.17.2,Bandit80,16,3.98,1,20,80,20,Pellet,Left,283,253,315,14,0.17,15,nan
11/12/2025 12:14:36,1.17.2,Bandit80,16,3.98,nan,20,80,20,Left,Left,284,253,315,15,nan,nan,0.11
11/12/2025 12:14:37,1.17.2,Bandit80,16,3.99,1,20,80,20,Pellet,Left,284,253,316,15,0.23,13,nan
11/12/2025 12:14:48,1.17.2,Bandit80,16,3.98,nan,20,80,20,Left,Left,285,253,316,16,nan,nan,0.10
11/12/2025 12:14:48,1.17.2,Bandit80,16,3.99,1,20,80,20,Pellet,Left,285,253,317,16,0.23,11,nan
11/12/2025 12:23:23,1.17.2,Bandit80,16,3.98,nan,20,80,20,Left,Left,286,253,317,17,nan,nan,0.07
11/12/2025 12:23:24,1.17.2,Bandit80,16,3.99,1,20,80,20,Pellet,Left,286,253,318,17,0.35,516,nan
11/12/2025 12:37:48,1.17.2,Bandit80,16,3.99,nan,20,80,20,Right,Left,286,254,318,18,nan,nan,0.20
11/12/2025 16:26:10,1.17.2,Bandit80,16,3.99,nan,20,80,20,Left,Left,287,254,318,18,nan,nan,0.09
11/12/2025 16:26:10,1.17.2,Bandit80,16,3.98,nan,20,80,20,LeftDuringDispense,Left,287,254,318,18,nan,nan,0.08
11/12/2025 16:26:15,1.17.2,Bandit80,16,3.99,3,20,80,20,Pellet,Left,287,254,319,18,0.29,14571,nan
