MM:DD:YYYY hh:mm:ss,Library_Version,Session_type,Device_Number,Battery_Voltage,Motor_Turns,PelletsToSwitch,Prob_left,Prob_right,Event,High_prob_poke,Left_Poke_Count,Right_Poke_Count,Pellet_Count,Block_Pellet_Count,Retrieval_Time,InterPelletInterval,Poke_Time
11/10/2025 18:27:09,1.17.2,Bandit80,18,4.14,nan,20,20,80,Right,Right,0,1,0,0,nan,nan,0.30
11/10/2025 18:27:41,1.17.2,Bandit80,18,4.15,3,20,20,80,Pellet,Right,0,1,1,0,29.40,nan,nan
11/10/2025 18:28:15,1.17.2,Bandit80,18,4.16,nan,20,20,80,Right,Right,0,2,1,1,nan,nan,0.08
11/10/2025 18:28:16,1.17.2,Bandit80,18,4.15,2,20,20,80,Pellet,Right,0,2,2,1,0.29,35,nan
11/10/2025 18:28:58,1.17.2,Bandit80,18,4.16,nan,20,20,80,Left,Right,1,2,2,2,nan,nan,0.01
11/10/2025 18:29:04,1.17.2,Bandit80,18,4.16,nan,20,20,80,LeftinTimeOut,Right,1,2,2,2,nan,nan,nan
11/10/2025 18:30:03,1.17.2,Bandit80,18,4.16,nan,20,20,80,Right,Right,1,3,2,2,nan,nan,0.39
11/10/2025 18:30:11,1.17.2,Bandit80,18,4.16,nan,20,20,80,LeftinTimeOut,Right,1,3,2,2,nan,nan,nan
11/10/2025 18:30:16,1.17.2,Bandit80,18,4.16,nan,20,20,80,LeftinTimeOut,Right,1,3,2,2,nan,nan,nan
11/10/2025 18:30:16,1.17.2,Bandit80,18,4.16,nan,20,20,80,LeftinTimeOut,Right,1,3,2,2,nan,nan,nan
11/10/2025 18:30:23,1.17.2,Bandit80,18,4.16,nan,20,20,80,LeftinTimeOut,Right,1,3,2,2,nan,nan,nan
11/10/2025 18:30:34,1.17.2,Bandit80,18,4.16,nan,20,20,80,Right,Right,1,4,2,2,nan,nan,0.00
11/10/2025 18:30:35,1.17.2,Bandit80,18,4.15,2,20,20,80,Pellet,Right,1,4,3,2,0.65,139,nan
11/10/2025 18:30:57,1.17.2,Bandit80,18,4.16,nan,20,20,80,Right,Right,1,5,3,3,nan,nan,0.43
11/10/2025 18:30:58,1.17.2,Bandit80,18,4.16,1,20,20,80,Pellet,Right,1,5,4,3,0.11,23,nan
11/10/2025 18:31:16,1.17.2,Bandit80,18,4.15,nan,20,20,80,Right,Right,1,6,4,4,nan,nan,0.12
11/10/2025 18:31:17,1.17.2,Bandit80,18,4.15,1,20,20,80,Pellet,Right,1,6,5,4,0.17,19,nan
11/10/2025 18:31:33,1.17.2,Bandit80,18,4.15,nan,20,20,80,Right,Right,1,7,5,5,nan,nan,0.13
11/10/2025 18:31:37,1.17.2,Bandit80,18,4.16,nan,20,20,80,RightinTimeout,Right,1,7,5,5,nan,nan,0.00
11/10/2025 18:31:38,1.17.2,Bandit80,18,4.16,nan,20,20,80,RightinTimeout,Right,1,7,5,5,nan,nan,0.00
11/10/2025 18:31:41,1.17.2,Bandit80,18,4.15,nan,20,20,80,RightinTimeout,Right,1,7,5,5,nan,nan,0.00
11/10/2025 18:32:00,1.17.2,Bandit80,18,4.15,nan,20,20,80,Left,Right,2,7,5,5,nan,nan,0.16
11/10/2025 18:32:16,1.17.2,Bandit80,18,4.15,nan,20,20,80,Left,Right,3,7,5,5,nan,nan,0.07
11/10/2025 18:32:18,1.17.2,Bandit80,18,4.16,nan,20,20,80,LeftinTimeOut,Right,3,7,5,5,nan,nan,nan
11/10/2025 18:32:18,1.17.2,Bandit80,18,4.15,nan,20,20,80,LeftinTimeOut,Right,3,7,5,5,nan,nan,nan
11/10/2025 18:32:26,1.17.2,Bandit80,18,4.15,nan,20,20,80,RightinTimeout,Right,3,7,5,5,nan,nan,0.00
11/10/2025 18:32:27,1.17.2,Bandit80,18,4.16,nan,20,20,80,RightinTimeout,Right,3,7,5,5,nan,nan,0.00
11/10/2025 18:32:27,1.17.2,Bandit80,18,4.15,nan,20,20,80,RightinTimeout,Right,3,7,5,5,nan,nan,0.00
11/10/2025 18:33:40,1.17.2,Bandit80,18,4.16,nan,20,20,80,Right,Right,3,8,5,5,nan,nan,0.28
11/10/2025 18:33:41,1.17.2,Bandit80,18,4.16,2,20,20,80,Pellet,Right,3,8,6,5,0.06,143,nan
11/10/2025 18:34:13,1.17.2,Bandit80,18,4.15,nan,20,20,80,Left,Right,4,8,6,6,nan,nan,0.37
11/10/2025 18:34:15,1.17.2,Bandit80,18,4.15,nan,20,20,80,LeftinTimeOut,Right,4,8,6,6,nan,nan,nan
11/10/2025 18:34:17,1.17.2,Bandit80,18,4.16,nan,20,20,80,LeftinTimeOut,Right,4,8,6,6,nan,nan,nan
11/10/2025 18:34:17,1.17.2,Bandit80,18,4.15,nan,20,20,80,LeftinTimeOut,Right,4,8,6,6,nan,nan,nan
11/10/2025 18:34:45,1.17.2,Bandit80,18,4.15,nan,20,20,80,Right,Right,4,9,6,6,nan,nan,0.57
11/10/2025 18:34:46,1.17.2,Bandit80,18,4.16,1,20,20,80,Pellet,Right,4,9,7,6,0.47,66,nan
11/10/2025 18:35:05,1.17.2,Bandit80,18,4.15,nan,20,20,80,Left,Right,5,9,7,7,nan,nan,0.16
11/10/2025 18:35:05,1.17.2,Bandit80,18,4.16,nan,20,20,80,LeftinTimeOut,Right,5,9,7,7,nan,nan,nan
11/10/2025 18:37:14,1.17.2,Bandit80,18,4.14,nan,20,20,80,Right,Right,5,10,7,7,nan,nan,0.49
11/10/2025 18:37:15,1.17.2,Bandit80,18,4.15,1,20,20,80,Pellet,Right,5,10,8,7,0.23,149,nan
11/10/2025 18:37:58,1.17.2,Bandit80,18,4.15,nan,20,20,80,Right,Right,5,11,8,8,nan,nan,0.00
11/10/2025 18:37:59,1.17.2,Bandit80,18,4.15,1,20,20,80,Pellet,Right,5,11,9,8,0.17,44,nan
11/10/2025 18:38:16,1.17.2,Bandit80,18,4.16,nan,20,20,80,Right,Right,5,12,9,9,nan,nan,0.05
11/10/2025 18:38:16,1.17.2,Bandit80,18,4.16,nan,20,20,80,RightDuringDispense,Right,5,12,9,9,nan,nan,0.00
11/10/2025 18:38:20,1.17.2,Bandit80,18,4.16,2,20,20,80,Pellet,Right,5,12,10,9,0.11,21,nan
11/10/2025 18:38:28,1.17.2,Bandit80,18,4.15,nan,20,20,80,Right,Right,5,13,10,10,nan,nan,0.14
11/10/2025 18:38:29,1.17.2,Bandit80,18,4.16,1,20,20,80,Pellet,Right,5,13,11,10,0.29,9,nan
11/10/2025 18:38:44,1.17.2,Bandit80,18,4.15,nan,20,20,80,Right,Right,5,14,11,11,nan,nan,0.61
11/10/2025 18:38:47,1.17.2,Bandit80,18,4.16,nan,20,20,80,RightinTimeout,Right,5,14,11,11,nan,nan,0.00
11/10/2025 18:38:48,1.17.2,Bandit80,18,4.16,nan,20,20,80,RightinTimeout,Right,5,14,11,11,nan,nan,0.00
11/10/2025 18:38:56,1.17.2,Bandit80,18,4.16,nan,20,20,80,RightinTimeout,Right,5,14,11,11,nan,nan,0.00
11/10/2025 18:38:56,1.17.2,Bandit80,18,4.16,nan,20,20,80,RightinTimeout,Right,5,14,11,11,nan,nan,0.00
11/10/2025 18:39:45,1.17.2,Bandit80,18,4.15,nan,20,20,80,Left,Right,6,14,11,11,nan,nan,0.15
11/10/2025 18:39:48,1.17.2,Bandit80,18,4.16,nan,20,20,80,RightinTimeout,Right,6,14,11,11,nan,nan,0.00
11/10/2025 18:39:51,1.17.2,Bandit80,18,4.15,nan,20,20,80,RightinTimeout,Right,6,14,11,11,nan,nan,0.00
11/10/2025 18:40:32,1.17.2,Bandit80,18,4.15,nan,20,20,80,Right,Right,6,15,11,11,nan,nan,0.14
11/10/2025 18:40:34,1.17.2,Bandit80,18,4.16,1,20,20,80,Pellet,Right,6,15,12,11,1.01,125,nan
11/10/2025 18:40:56,1.17.2,Bandit80,18,4.16,nan,20,20,80,Right,Right,6,16,12,12,nan,nan,0.19
11/10/2025 18:40:57,1.17.2,Bandit80,18,4.16,1,20,20,80,Pellet,Right,6,16,13,12,0.29,23,nan
11/10/2025 18:41:05,1.17.2,Bandit80,18,4.16,nan,20,20,80,Right,Right,6,17,13,13,nan,nan,0.56
11/10/2025 18:41:06,1.17.2,Bandit80,18,4.15,1,20,20,80,Pellet,Right,6,17,14,13,0.23,9,nan
11/10/2025 18:41:17,1.17.2,Bandit80,18,4.15,nan,20,20,80,Right,Right,6,18,14,14,nan,nan,0.47
11/10/2025 18:41:19,1.17.2,Bandit80,18,4.15,nan,20,20,80,RightWithPellet,Right,6,19,14,14,nan,nan,0.07
11/10/2025 18:41:20,1.17.2,Bandit80,18,4.15,1,20,20,80,Pellet,Right,6,19,15,14,2.06,14,nan
11/10/2025 18:41:36,1.17.2,Bandit80,18,4.15,nan,20,20,80,Right,Right,6,20,15,15,nan,nan,0.60
11/10/2025 18:41:37,1.17.2,Bandit80,18,4.15,1,20,20,80,Pellet,Right,6,20,16,15,0.17,17,nan
11/10/2025 18:41:46,1.17.2,Bandit80,18,4.15,nan,20,20,80,Right,Right,6,21,16,16,nan,nan,0.32
11/10/2025 18:41:47,1.17.2,Bandit80,18,4.15,1,20,20,80,Pellet,Right,6,21,17,16,0.35,10,nan
11/10/2025 18:42:03,1.17.2,Bandit80,18,4.15,nan,20,20,80,Right,Right,6,22,17,17,nan,nan,0.58
11/10/2025 18:42:04,1.17.2,Bandit80,18,4.15,1,20,20,80,Pellet,Right,6,22,18,17,0.29,17,nan
11/10/2025 18:42:12,1.17.2,Bandit80,18,4.15,nan,20,20,80,Right,Right,6,23,18,18,nan,nan,0.04
11/10/2025 18:42:16,1.17.2,Bandit80,18,4.14,nan,20,20,80,RightinTimeout,Right,6,23,18,18,nan,nan,0.00
11/10/2025 18:42:16,1.17.2,Bandit80,18,4.15,nan,20,20,80,RightinTimeout,Right,6,23,18,18,nan,nan,0.00
11/10/2025 18:42:22,1.17.2,Bandit80,18,4.15,nan,20,20,80,RightinTimeout,Right,6,23,18,18,nan,nan,0.00
11/10/2025 18:42:24,1.17.2,Bandit80,18,4.15,nan,20,20,80,RightinTimeout,Right,6,23,18,18,nan,nan,0.00
11/10/2025 18:42:24,1.17.2,Bandit80,18,4.16,nan,20,20,80,RightinTimeout,Right,6,23,18,18,nan,nan,0.00
11/10/2025 18:42:29,1.17.2,Bandit80,18,4.16,nan,20,20,80,RightinTimeout,Right,6,23,18,18,nan,nan,0.00
11/10/2025 18:43:14,1.17.2,Bandit80,18,4.15,nan,20,20,80,Right,Right,6,24,18,18,nan,nan,0.23
11/10/2025 18:43:15,1.17.2,Bandit80,18,4.15,1,20,20,80,Pellet,Right,6,24,19,18,0.23,71,nan
11/10/2025 18:43:25,1.17.2,Bandit80,18,4.15,nan,20,20,80,Right,Right,6,25,19,19,nan,nan,0.19
11/10/2025 18:43:28,1.17.2,Bandit80,18,4.16,nan,20,20,80,RightinTimeout,Right,6,25,19,19,nan,nan,0.00
11/10/2025 18:43:28,1.17.2,Bandit80,18,4.15,nan,20,20,80,RightinTimeout,Right,6,25,19,19,nan,nan,0.00
11/10/2025 18:43:35,1.17.2,Bandit80,18,4.15,nan,20,20,80,RightinTimeout,Right,6,25,19,19,nan,nan,0.00
11/10/2025 18:47:38,1.17.2,Bandit80,18,4.15,nan,20,20,80,Right,Right,6,26,19,19,nan,nan,0.28
11/10/2025 18:47:39,1.17.2,Bandit80,18,4.16,1,20,20,80,Pellet,Right,6,26,20,19,0.65,264,nan
11/10/2025 18:47:52,1.17.2,Bandit80,18,4.15,nan,20,80,20,Right,Left,6,27,20,0,nan,nan,0.05
11/10/2025 18:49:45,1.17.2,Bandit80,18,4.15,nan,20,80,20,Left,Left,7,27,20,0,nan,nan,0.17
11/10/2025 18:49:46,1.17.2,Bandit80,18,4.15,1,20,80,20,Pellet,Left,7,27,21,0,0.11,127,nan
11/10/2025 18:50:56,1.17.2,Bandit80,18,4.15,nan,20,80,20,Left,Left,8,27,21,1,nan,nan,0.11
11/10/2025 18:55:13,1.17.2,Bandit80,18,4.15,nan,20,80,20,Right,Left,8,28,21,1,nan,nan,0.00
11/10/2025 18:58:21,1.17.2,Bandit80,18,4.15,nan,20,80,20,Left,Left,9,28,21,1,nan,nan,0.23
11/10/2025 18:58:22,1.17.2,Bandit80,18,4.16,1,20,80,20,Pellet,Left,9,28,22,1,0.29,516,nan
11/10/2025 18:59:14,1.17.2,Bandit80,18,4.16,nan,20,80,20,Left,Left,10,28,22,2,nan,nan,0.17
11/10/2025 18:59:15,1.17.2,Bandit80,18,4.16,1,20,80,20,Pellet,Left,10,28,23,2,0.59,53,nan
11/10/2025 19:00:15,1.17.2,Bandit80,18,4.15,nan,20,80,20,Left,Left,11,28,23,3,nan,nan,0.11
11/10/2025 19:05:44,1.17.2,Bandit80,18,4.15,nan,20,80,20,Left,Left,12,28,23,3,nan,nan,0.24
11/10/2025 19:05:47,1.17.2,Bandit80,18,4.15,1,20,80,20,Pellet,Left,12,28,24,3,2.39,392,nan
11/10/2025 19:14:48,1.17.2,Bandit80,18,4.15,nan,20,80,20,Left,Left,13,28,24,4,nan,nan,0.27
11/10/2025 19:14:50,1.17.2,Bandit80,18,4.15,1,20,80,20,Pellet,Left,13,28,25,4,1.19,543,nan
11/10/2025 19:14:59,1.17.2,Bandit80,18,4.16,nan,20,80,20,Left,Left,14,28,25,5,nan,nan,0.17
11/10/2025 19:15:01,1.17.2,Bandit80,18,4.15,1,20,80,20,Pellet,Left,14,28,26,5,1.37,11,nan
11/10/2025 19:15:11,1.17.2,Bandit80,18,4.15,nan,20,80,20,Left,Left,15,28,26,6,nan,nan,0.27
11/10/2025 19:15:12,1.17.2,Bandit80,18,4.15,1,20,80,20,Pellet,Left,15,28,27,6,0.12,11,nan
11/10/2025 19:15:20,1.17.2,Bandit80,18,4.16,nan,20,80,20,Left,Left,16,28,27,7,nan,nan,0.15
11/10/2025 19:15:39,1.17.2,Bandit80,18,4.14,nan,20,80,20,Right,Left,16,29,27,7,nan,nan,0.25
11/10/2025 19:17:28,1.17.2,Bandit80,18,4.15,nan,20,80,20,Right,Left,16,30,27,7,nan,nan,0.22
11/10/2025 19:17:29,1.17.2,Bandit80,18,4.14,1,20,80,20,Pellet,Left,16,30,28,7,0.41,137,nan
11/10/2025 19:17:37,1.17.2,Bandit80,18,4.15,nan,20,80,20,Right,Left,16,31,28,8,nan,nan,0.34
11/10/2025 19:17:39,1.17.2,Bandit80,18,4.15,1,20,80,20,Pellet,Left,16,31,29,8,0.95,10,nan
11/10/2025 19:17:47,1.17.2,Bandit80,18,4.14,nan,20,80,20,Right,Left,16,32,29,9,nan,nan,0.38
11/10/2025 19:17:49,1.17.2,Bandit80,18,4.15,nan,20,80,20,RightinTimeout,Left,16,32,29,9,nan,nan,0.00
11/10/2025 19:17:52,1.17.2,Bandit80,18,4.15,nan,20,80,20,LeftinTimeOut,Left,16,32,29,9,nan,nan,nan
11/10/2025 19:18:00,1.17.2,Bandit80,18,4.15,nan,20,80,20,RightinTimeout,Left,16,32,29,9,nan,nan,0.00
11/10/2025 19:20:09,1.17.2,Bandit80,18,4.15,nan,20,80,20,Right,Left,16,33,29,9,nan,nan,0.14
11/10/2025 19:23:20,1.17.2,Bandit80,18,4.15,nan,20,80,20,Right,Left,16,34,29,9,nan,nan,0.14
11/10/2025 19:23:21,1.17.2,Bandit80,18,4.15,1,20,80,20,Pellet,Left,16,34,30,9,0.23,342,nan
11/10/2025 19:23:35,1.17.2,Bandit80,18,4.15,nan,20,80,20,Right,Left,16,35,30,10,nan,nan,0.10
11/10/2025 19:23:39,1.17.2,Bandit80,18,4.15,nan,20,80,20,RightinTimeout,Left,16,35,30,10,nan,nan,0.00
11/10/2025 19:25:26,1.17.2,Bandit80,18,4.15,nan,20,80,20,Left,Left,17,35,30,10,nan,nan,0.16
11/10/2025 19:25:28,1.17.2,Bandit80,18,4.16,1,20,80,20,Pellet,Left,17,35,31,10,1.49,127,nan
11/10/2025 19:25:40,1.17.2,Bandit80,18,4.15,nan,20,80,20,Left,Left,18,35,31,11,nan,nan,0.28
11/10/2025 19:25:42,1.17.2,Bandit80,18,4.15,1,20,80,20,Pellet,Left,18,35,32,11,1.19,14,nan
11/10/2025 19:25:54,1.17.2,Bandit80,18,4.15,nan,20,80,20,Left,Left,19,35,32,12,nan,nan,0.00
11/10/2025 19:27:15,1.17.2,Bandit80,18,4.15,nan,20,80,20,Right,Left,19,36,32,12,nan,nan,0.24
11/10/2025 19:27:17,1.17.2,Bandit80,18,4.15,nan,20,80,20,RightinTimeout,Left,19,36,32,12,nan,nan,0.00
11/10/2025 19:27:20,1.17.2,Bandit80,18,4.15,nan,20,80,20,LeftinTimeOut,Left,19,36,32,12,nan,nan,nan
11/10/2025 19:29:37,1.17.2,Bandit80,18,4.14,nan,20,80,20,Right,Left,19,37,32,12,nan,nan,0.26
11/10/2025 19:29:39,1.17.2,Bandit80,18,4.15,1,20,80,20,Pellet,Left,19,37,33,12,1.19,237,nan
11/10/2025 19:29:47,1.17.2,Bandit80,18,4.16,nan,20,80,20,Right,Left,19,38,33,13,nan,nan,0.32
11/10/2025 19:29:50,1.17.2,Bandit80,18,4.15,nan,20,80,20,RightinTimeout,Left,19,38,33,13,nan,nan,0.00
11/10/2025 19:29:52,1.17.2,Bandit80,18,4.15,nan,20,80,20,LeftinTimeOut,Left,19,38,33,13,nan,nan,nan
11/10/2025 19:30:45,1.17.2,Bandit80,18,4.15,nan,20,80,20,Left,Left,20,38,33,13,nan,nan,0.12
11/10/2025 19:30:46,1.17.2,Bandit80,18,4.15,1,20,80,20,Pellet,Left,20,38,34,13,0.35,67,nan
11/10/2025 19:32:13,1.17.2,Bandit80,18,4.15,nan,20,80,20,Left,Left,21,38,34,14,nan,nan,0.29
11/10/2025 19:32:14,1.17.2,Bandit80,18,4.16,1,20,80,20,Pellet,Left,21,38,35,14,0.35,88,nan
11/10/2025 19:32:23,1.17.2,Bandit80,18,4.15,nan,20,80,20,Left,Left,22,38,35,15,nan,nan,0.37
11/10/2025 19:32:24,1.17.2,Bandit80,18,4.15,1,20,80,20,Pellet,Left,22,38,36,15,0.23,10,nan
11/10/2025 19:32:36,1.17.2,Bandit80,18,4.15,nan,20,80,20,Left,Left,23,38,36,16,nan,nan,0.02
11/10/2025 19:32:37,1.17.2,Bandit80,18,4.15,nan,20,80,20,LeftinTimeOut,Left,23,38,36,16,nan,nan,nan
11/10/2025 19:34:17,1.17.2,Bandit80,18,4.15,nan,20,80,20,Right,Left,23,39,36,16,nan,nan,0.20
11/10/2025 19:34:21,1.17.2,Bandit80,18,4.15,nan,20,80,20,LeftinTimeOut,Left,23,39,36,16,nan,nan,nan
11/10/2025 19:34:23,1.17.2,Bandit80,18,4.15,nan,20,80,20,LeftinTimeOut,Left,23,39,36,16,nan,nan,nan
11/10/2025 19:38:16,1.17.2,Bandit80,18,4.15,nan,20,80,20,Right,Left,23,40,36,16,nan,nan,0.04
11/10/2025 19:39:30,1.17.2,Bandit80,18,4.14,nan,20,80,20,Left,Left,24,40,36,16,nan,nan,0.37
11/10/2025 19:39:31,1.17.2,Bandit80,18,4.15,1,20,80,20,Pellet,Left,24,40,37,16,0.53,427,nan
11/10/2025 19:39:38,1.17.2,Bandit80,18,4.14,nan,20,80,20,Left,Left,25,40,37,17,nan,nan,0.17
11/10/2025 19:39:39,1.17.2,Bandit80,18,4.15,1,20,80,20,Pellet,Left,25,40,38,17,0.11,8,nan
11/10/2025 19:39:48,1.17.2,Bandit80,18,4.15,nan,20,80,20,Left,Left,26,40,38,18,nan,nan,0.37
11/10/2025 19:39:49,1.17.2,Bandit80,18,4.14,1,20,80,20,Pellet,Left,26,40,39,18,0.12,10,nan
11/10/2025 19:40:05,1.17.2,Bandit80,18,4.14,nan,20,80,20,Left,Left,27,40,39,19,nan,nan,0.42
11/10/2025 19:40:06,1.17.2,Bandit80,18,4.15,1,20,80,20,Pellet,Left,27,40,40,19,0.17,17,nan
11/10/2025 19:40:16,1.17.2,Bandit80,18,4.15,nan,20,20,80,Left,Right,28,40,40,0,nan,nan,0.12
11/10/2025 19:40:19,1.17.2,Bandit80,18,4.14,nan,20,20,80,LeftinTimeOut,Right,28,40,40,0,nan,nan,nan
11/10/2025 19:40:21,1.17.2,Bandit80,18,4.14,nan,20,20,80,LeftinTimeOut,Right,28,40,40,0,nan,nan,nan
11/10/2025 19:40:24,1.17.2,Bandit80,18,4.15,nan,20,20,80,LeftinTimeOut,Right,28,40,40,0,nan,nan,nan
11/10/2025 19:40:27,1.17.2,Bandit80,18,4.15,nan,20,20,80,LeftinTimeOut,Right,28,40,40,0,nan,nan,nan
11/10/2025 19:40:44,1.17.2,Bandit80,18,4.15,nan,20,20,80,Right,Right,28,41,40,0,nan,nan,0.40
11/10/2025 19:40:46,1.17.2,Bandit80,18,4.15,1,20,20,80,Pellet,Right,28,41,41,0,1.07,40,nan
11/10/2025 19:40:52,1.17.2,Bandit80,18,4.15,nan,20,20,80,Right,Right,28,42,41,1,nan,nan,0.02
11/10/2025 19:40:54,1.17.2,Bandit80,18,4.14,1,20,20,80,Pellet,Right,28,42,42,1,0.29,8,nan
11/10/2025 19:41:06,1.17.2,Bandit80,18,4.15,nan,20,20,80,Right,Right,28,43,42,2,nan,nan,0.31
11/10/2025 19:41:07,1.17.2,Bandit80,18,4.15,1,20,20,80,Pellet,Right,28,43,43,2,0.23,13,nan
11/10/2025 19:41:21,1.17.2,Bandit80,18,4.15,nan,20,20,80,Left,Right,29,43,43,3,nan,nan,0.03
11/10/2025 19:41:24,1.17.2,Bandit80,18,4.15,nan,20,20,80,RightinTimeout,Right,29,43,43,3,nan,nan,0.00
11/10/2025 19:41:26,1.17.2,Bandit80,18,4.14,nan,20,20,80,LeftinTimeOut,Right,29,43,43,3,nan,nan,nan
11/10/2025 19:41:50,1.17.2,Bandit80,18,4.16,nan,20,20,80,Right,Right,29,44,43,3,nan,nan,0.07
11/10/2025 19:41:56,1.17.2,Bandit80,18,4.15,nan,20,20,80,RightinTimeout,Right,29,44,43,3,nan,nan,0.00
11/10/2025 19:41:58,1.17.2,Bandit80,18,4.15,nan,20,20,80,RightinTimeout,Right,29,44,43,3,nan,nan,0.00
11/10/2025 19:46:08,1.17.2,Bandit80,18,4.15,nan,20,20,80,Right,Right,29,45,43,3,nan,nan,0.19
11/10/2025 19:46:12,1.17.2,Bandit80,18,4.15,1,20,20,80,Pellet,Right,29,45,44,3,3.47,305,nan
11/10/2025 19:48:19,1.17.2,Bandit80,18,4.15,nan,20,20,80,Left,Right,30,45,44,4,nan,nan,0.11
11/10/2025 19:50:12,1.17.2,Bandit80,18,4.15,nan,20,20,80,Right,Right,30,46,44,4,nan,nan,0.19
11/10/2025 19:50:13,1.17.2,Bandit80,18,4.15,1,20,20,80,Pellet,Right,30,46,45,4,0.71,241,nan
11/10/2025 19:50:20,1.17.2,Bandit80,18,4.15,nan,20,20,80,Right,Right,30,47,45,5,nan,nan,0.13
11/10/2025 19:50:21,1.17.2,Bandit80,18,4.14,1,20,20,80,Pellet,Right,30,47,46,5,0.23,8,nan
11/10/2025 19:50:31,1.17.2,Bandit80,18,4.14,nan,20,20,80,Right,Right,30,48,46,6,nan,nan,0.10
11/10/2025 19:52:21,1.17.2,Bandit80,18,4.15,nan,20,20,80,Right,Right,30,49,46,6,nan,nan,0.14
11/10/2025 19:52:22,1.17.2,Bandit80,18,4.14,1,20,20,80,Pellet,Right,30,49,47,6,0.35,121,nan
11/10/2025 19:52:32,1.17.2,Bandit80,18,4.15,nan,20,20,80,Right,Right,30,50,47,7,nan,nan,0.08
11/10/2025 19:52:44,1.17.2,Bandit80,18,4.14,nan,20,20,80,Right,Right,30,51,47,7,nan,nan,0.06
11/10/2025 19:52:45,1.17.2,Bandit80,18,4.14,1,20,20,80,Pellet,Right,30,51,48,7,0.41,23,nan
11/10/2025 19:57:51,1.17.2,Bandit80,18,4.14,nan,20,20,80,Left,Right,31,51,48,8,nan,nan,0.09
11/10/2025 19:57:52,1.17.2,Bandit80,18,4.14,1,20,20,80,Pellet,Right,31,51,49,8,0.23,307,nan
11/10/2025 19:58:18,1.17.2,Bandit80,18,4.14,nan,20,20,80,Right,Right,31,52,49,9,nan,nan,0.06
11/10/2025 19:58:21,1.17.2,Bandit80,18,4.14,1,20,20,80,Pellet,Right,31,52,50,9,2.15,29,nan
11/10/2025 19:58:30,1.17.2,Bandit80,18,4.14,nan,20,20,80,Right,Right,31,53,50,10,nan,nan,0.16
11/10/2025 19:58:31,1.17.2,Bandit80,18,4.14,1,20,20,80,Pellet,Right,31,53,51,10,0.41,10,nan
11/10/2025 19:58:36,1.17.2,Bandit80,18,4.15,nan,20,20,80,Right,Right,31,54,51,11,nan,nan,0.09
11/10/2025 19:58:37,1.17.2,Bandit80,18,4.15,1,20,20,80,Pellet,Right,31,54,52,11,0.47,6,nan
11/10/2025 19:58:47,1.17.2,Bandit80,18,4.15,nan,20,20,80,Left,Right,32,54,52,12,nan,nan,0.12
11/10/2025 19:59:33,1.17.2,Bandit80,18,4.15,nan,20,20,80,Right,Right,32,55,52,12,nan,nan,0.07
11/10/2025 19:59:34,1.17.2,Bandit80,18,4.15,1,20,20,80,Pellet,Right,32,55,53,12,0.41,57,nan
11/10/2025 19:59:45,1.17.2,Bandit80,18,4.15,nan,20,20,80,Right,Right,32,56,53,13,nan,nan,0.10
11/10/2025 19:59:46,1.17.2,Bandit80,18,4.14,1,20,20,80,Pellet,Right,32,56,54,13,0.35,12,nan
11/10/2025 19:59:58,1.17.2,Bandit80,18,4.14,nan,20,20,80,Right,Right,32,57,54,14,nan,nan,0.00
11/10/2025 19:59:59,1.17.2,Bandit80,18,4.14,1,20,20,80,Pellet,Right,32,57,55,14,0.29,13,nan
11/10/2025 20:00:26,1.17.2,Bandit80,18,4.14,nan,20,20,80,Right,Right,32,58,55,15,nan,nan,0.19
11/10/2025 20:00:27,1.17.2,Bandit80,18,4.14,1,20,20,80,Pellet,Right,32,58,56,15,0.29,28,nan
11/10/2025 20:00:41,1.17.2,Bandit80,18,4.15,nan,20,20,80,Right,Right,32,59,56,16,nan,nan,0.18
11/10/2025 20:00:42,1.17.2,Bandit80,18,4.15,1,20,20,80,Pellet,Right,32,59,57,16,0.23,15,nan
11/10/2025 20:00:57,1.17.2,Bandit80,18,4.14,nan,20,20,80,Right,Right,32,60,57,17,nan,nan,0.14
11/10/2025 20:00:58,1.17.2,Bandit80,18,4.14,nan,20,20,80,RightinTimeout,Right,32,60,57,17,nan,nan,0.00
11/10/2025 20:01:02,1.17.2,Bandit80,18,4.15,nan,20,20,80,LeftinTimeOut,Right,32,60,57,17,nan,nan,nan
11/10/2025 20:03:49,1.17.2,Bandit80,18,4.15,nan,20,20,80,Right,Right,32,61,57,17,nan,nan,0.17
11/10/2025 20:03:50,1.17.2,Bandit80,18,4.14,1,20,20,80,Pellet,Right,32,61,58,17,0.35,188,nan
11/10/2025 20:16:31,1.17.2,Bandit80,18,4.14,nan,20,20,80,Right,Right,32,62,58,18,nan,nan,0.28
11/10/2025 20:16:32,1.17.2,Bandit80,18,4.14,1,20,20,80,Pellet,Right,32,62,59,18,0.23,762,nan
11/10/2025 20:16:43,1.17.2,Bandit80,18,4.14,nan,20,20,80,Right,Right,32,63,59,19,nan,nan,0.13
11/10/2025 20:16:44,1.17.2,Bandit80,18,4.14,1,20,20,80,Pellet,Right,32,63,60,19,0.23,12,nan
11/10/2025 20:16:56,1.17.2,Bandit80,18,4.15,nan,20,80,20,Right,Left,32,64,60,0,nan,nan,0.10
11/10/2025 20:16:57,1.17.2,Bandit80,18,4.14,1,20,80,20,Pellet,Left,32,64,61,0,0.23,13,nan
11/10/2025 20:17:04,1.17.2,Bandit80,18,4.14,nan,20,80,20,Right,Left,32,65,61,1,nan,nan,0.06
11/10/2025 20:17:09,1.17.2,Bandit80,18,4.14,nan,20,80,20,RightinTimeout,Left,32,65,61,1,nan,nan,0.00
11/10/2025 20:22:55,1.17.2,Bandit80,18,4.14,nan,20,80,20,Right,Left,32,66,61,1,nan,nan,0.20
11/10/2025 20:27:46,1.17.2,Bandit80,18,4.14,nan,20,80,20,Right,Left,32,67,61,1,nan,nan,0.07
11/10/2025 20:27:48,1.17.2,Bandit80,18,4.14,1,20,80,20,Pellet,Left,32,67,62,1,1.91,651,nan
11/10/2025 20:41:29,1.17.2,Bandit80,18,4.14,nan,20,80,20,Left,Left,33,67,62,2,nan,nan,0.04
11/10/2025 20:41:31,1.17.2,Bandit80,18,4.14,1,20,80,20,Pellet,Left,33,67,63,2,1.43,823,nan
11/10/2025 20:41:39,1.17.2,Bandit80,18,4.14,nan,20,80,20,Left,Left,34,67,63,3,nan,nan,0.17
11/10/2025 20:59:07,1.17.2,Bandit80,18,4.14,nan,20,80,20,Right,Left,34,68,63,3,nan,nan,0.11
11/10/2025 20:59:08,1.17.2,Bandit80,18,4.14,1,20,80,20,Pellet,Left,34,68,64,3,0.17,1057,nan
11/10/2025 20:59:34,1.17.2,Bandit80,18,4.14,nan,20,80,20,Left,Left,35,68,64,4,nan,nan,0.16
11/10/2025 20:59:35,1.17.2,Bandit80,18,4.14,1,20,80,20,Pellet,Left,35,68,65,4,0.41,27,nan
11/10/2025 21:00:03,1.17.2,Bandit80,18,4.14,nan,20,80,20,Left,Left,36,68,65,5,nan,nan,0.02
11/10/2025 21:00:04,1.17.2,Bandit80,18,4.14,nan,20,80,20,LeftinTimeOut,Left,36,68,65,5,nan,nan,nan
11/10/2025 21:01:34,1.17.2,Bandit80,18,4.14,nan,20,80,20,Left,Left,37,68,65,5,nan,nan,0.06
11/10/2025 21:01:36,1.17.2,Bandit80,18,4.14,1,20,80,20,Pellet,Left,37,68,66,5,0.89,121,nan
11/10/2025 21:01:53,1.17.2,Bandit80,18,4.14,nan,20,80,20,Left,Left,38,68,66,6,nan,nan,0.32
11/10/2025 21:01:54,1.17.2,Bandit80,18,4.14,1,20,80,20,Pellet,Left,38,68,67,6,0.17,18,nan
11/10/2025 21:02:16,1.17.2,Bandit80,18,4.14,nan,20,80,20,Left,Left,39,68,67,7,nan,nan,0.07
11/10/2025 21:02:17,1.17.2,Bandit80,18,4.14,nan,20,80,20,LeftDuringDispense,Left,39,68,67,7,nan,nan,0.07
11/10/2025 21:02:20,1.17.2,Bandit80,18,4.14,2,20,80,20,Pellet,Left,39,68,68,7,0.47,26,nan
11/10/2025 21:03:39,1.17.2,Bandit80,18,4.14,nan,20,80,20,Left,Left,40,68,68,8,nan,nan,0.20
11/10/2025 21:03:40,1.17.2,Bandit80,18,4.14,1,20,80,20,Pellet,Left,40,68,69,8,0.29,80,nan
11/10/2025 21:03:54,1.17.2,Bandit80,18,4.14,nan,20,80,20,Left,Left,41,68,69,9,nan,nan,0.02
11/10/2025 21:03:56,1.17.2,Bandit80,18,4.14,1,20,80,20,Pellet,Left,41,68,70,9,0.47,15,nan
11/10/2025 21:04:15,1.17.2,Bandit80,18,4.14,nan,20,80,20,Left,Left,42,68,70,10,nan,nan,0.17
11/10/2025 21:04:16,1.17.2,Bandit80,18,4.14,1,20,80,20,Pellet,Left,42,68,71,10,0.17,21,nan
11/10/2025 21:04:39,1.17.2,Bandit80,18,4.14,nan,20,80,20,Left,Left,43,68,71,11,nan,nan,0.15
11/10/2025 21:04:40,1.17.2,Bandit80,18,4.15,1,20,80,20,Pellet,Left,43,68,72,11,0.41,24,nan
11/10/2025 21:12:33,1.17.2,Bandit80,18,4.14,nan,20,80,20,Right,Left,43,69,72,12,nan,nan,0.20
11/10/2025 21:13:19,1.17.2,Bandit80,18,4.14,nan,20,80,20,LeftWithPellet,Left,43,69,72,12,nan,nan,0.09
11/10/2025 21:15:14,1.17.2,Bandit80,18,4.14,nan,20,80,20,LeftWithPellet,Left,43,69,72,12,nan,nan,0.08
11/10/2025 21:20:08,1.17.2,Bandit80,18,4.14,nan,20,80,20,RightWithPellet,Left,43,69,72,12,nan,nan,0.19
11/10/2025 21:20:18,1.17.2,Bandit80,18,4.14,nan,20,80,20,RightWithPellet,Left,43,69,72,12,nan,nan,0.04
11/10/2025 21:29:41,1.17.2,Bandit80,18,4.14,1,20,80,20,Pellet,Left,43,69,73,12,Timed_out,1501,nan
11/10/2025 22:19:59,1.17.2,Bandit80,18,4.14,nan,20,80,20,Right,Left,43,70,73,13,nan,nan,0.20
11/10/2025 22:20:12,1.17.2,Bandit80,18,4.14,nan,20,80,20,Left,Left,44,70,73,13,nan,nan,0.02
11/10/2025 22:20:13,1.17.2,Bandit80,18,4.14,1,20,80,20,Pellet,Left,44,70,74,13,0.41,3032,nan
11/10/2025 22:20:30,1.17.2,Bandit80,18,4.13,nan,20,80,20,Left,Left,45,70,74,14,nan,nan,0.04
11/10/2025 22:20:32,1.17.2,Bandit80,18,4.14,nan,20,80,20,LeftinTimeOut,Left,45,70,74,14,nan,nan,nan
11/10/2025 22:20:34,1.17.2,Bandit80,18,4.14,nan,20,80,20,LeftinTimeOut,Left,45,70,74,14,nan,nan,nan
11/10/2025 22:20:36,1.17.2,Bandit80,18,4.14,nan,20,80,20,LeftinTimeOut,Left,45,70,74,14,nan,nan,nan
11/10/2025 22:20:38,1.17.2,Bandit80,18,4.14,nan,20,80,20,LeftinTimeOut,Left,45,70,74,14,nan,nan,nan
11/10/2025 22:20:39,1.17.2,Bandit80,18,4.14,nan,20,80,20,LeftinTimeOut,Left,45,70,74,14,nan,nan,nan
11/10/2025 22:20:41,1.17.2,Bandit80,18,4.14,nan,20,80,20,LeftinTimeOut,Left,45,70,74,14,nan,nan,nan
11/10/2025 22:20:42,1.17.2,Bandit80,18,4.14,nan,20,80,20,LeftinTimeOut,Left,45,70,74,14,nan,nan,nan
11/10/2025 22:20:44,1.17.2,Bandit80,18,4.14,nan,20,80,20,LeftinTimeOut,Left,45,70,74,14,nan,nan,nan
11/10/2025 22:20:46,1.17.2,Bandit80,18,4.14,nan,20,80,20,LeftinTimeOut,Left,45,70,74,14,nan,nan,nan
11/10/2025 22:20:51,1.17.2,Bandit80,18,4.14,nan,20,80,20,RightinTimeout,Left,45,70,74,14,nan,nan,0.00
11/10/2025 22:20:51,1.17.2,Bandit80,18,4.14,nan,20,80,20,RightinTimeout,Left,45,70,74,14,nan,nan,0.00
11/10/2025 22:20:53,1.17.2,Bandit80,18,4.14,nan,20,80,20,RightinTimeout,Left,45,70,74,14,nan,nan,0.00
11/10/2025 22:20:53,1.17.2,Bandit80,18,4.14,nan,20,80,20,RightinTimeout,Left,45,70,74,14,nan,nan,0.00
11/10/2025 22:20:53,1.17.2,Bandit80,18,4.14,nan,20,80,20,RightinTimeout,Left,45,70,74,14,nan,nan,0.00
11/10/2025 22:20:54,1.17.2,Bandit80,18,4.13,nan,20,80,20,RightinTimeout,Left,45,70,74,14,nan,nan,0.00
11/10/2025 22:20:54,1.17.2,Bandit80,18,4.14,nan,20,80,20,RightinTimeout,Left,45,70,74,14,nan,nan,0.00
11/10/2025 22:20:55,1.17.2,Bandit80,18,4.14,nan,20,80,20,RightinTimeout,Left,45,70,74,14,nan,nan,0.00
11/10/2025 22:20:55,1.17.2,Bandit80,18,4.14,nan,20,80,20,RightinTimeout,Left,45,70,74,14,nan,nan,0.00
11/10/2025 22:20:57,1.17.2,Bandit80,18,4.14,nan,20,80,20,LeftinTimeOut,Left,45,70,74,14,nan,nan,nan
11/10/2025 22:20:57,1.17.2,Bandit80,18,4.14,nan,20,80,20,LeftinTimeOut,Left,45,70,74,14,nan,nan,nan
11/10/2025 22:20:57,1.17.2,Bandit80,18,4.14,nan,20,80,20,LeftinTimeOut,Left,45,70,74,14,nan,nan,nan
11/10/2025 22:20:59,1.17.2,Bandit80,18,4.14,nan,20,80,20,LeftinTimeOut,Left,45,70,74,14,nan,nan,nan
11/10/2025 22:20:59,1.17.2,Bandit80,18,4.14,nan,20,80,20,LeftinTimeOut,Left,45,70,74,14,nan,nan,nan
11/10/2025 22:21:01,1.17.2,Bandit80,18,4.14,nan,20,80,20,LeftinTimeOut,Left,45,70,74,14,nan,nan,nan
11/10/2025 22:21:05,1.17.2,Bandit80,18,4.14,nan,20,80,20,RightinTimeout,Left,45,70,74,14,nan,nan,0.00
11/10/2025 22:21:05,1.17.2,Bandit80,18,4.14,nan,20,80,20,RightinTimeout,Left,45,70,74,14,nan,nan,0.00
11/10/2025 22:21:06,1.17.2,Bandit80,18,4.14,nan,20,80,20,RightinTimeout,Left,45,70,74,14,nan,nan,0.00
11/10/2025 22:21:09,1.17.2,Bandit80,18,4.14,nan,20,80,20,RightinTimeout,Left,45,70,74,14,nan,nan,0.00
11/10/2025 22:21:09,1.17.2,Bandit80,18,4.13,nan,20,80,20,RightinTimeout,Left,45,70,74,14,nan,nan,0.00
11/10/2025 22:21:10,1.17.2,Bandit80,18,4.14,nan,20,80,20,RightinTimeout,Left,45,70,74,14,nan,nan,0.00
11/10/2025 22:21:10,1.17.2,Bandit80,18,4.14,nan,20,80,20,RightinTimeout,Left,45,70,74,14,nan,nan,0.00
11/10/2025 22:21:11,1.17.2,Bandit80,18,4.14,nan,20,80,20,RightinTimeout,Left,45,70,74,14,nan,nan,0.00
11/10/2025 22:21:12,1.17.2,Bandit80,18,4.14,nan,20,80,20,LeftinTimeOut,Left,45,70,74,14,nan,nan,nan
11/10/2025 22:21:12,1.17.2,Bandit80,18,4.13,nan,20,80,20,LeftinTimeOut,Left,45,70,74,14,nan,nan,nan
11/10/2025 22:21:14,1.17.2,Bandit80,18,4.14,nan,20,80,20,LeftinTimeOut,Left,45,70,74,14,nan,nan,nan
11/10/2025 22:21:16,1.17.2,Bandit80,18,4.14,nan,20,80,20,LeftinTimeOut,Left,45,70,74,14,nan,nan,nan
11/10/2025 22:21:17,1.17.2,Bandit80,18,4.14,nan,20,80,20,LeftinTimeOut,Left,45,70,74,14,nan,nan,nan
11/10/2025 22:21:20,1.17.2,Bandit80,18,4.14,nan,20,80,20,LeftinTimeOut,Left,45,70,74,14,nan,nan,nan
11/10/2025 22:21:21,1.17.2,Bandit80,18,4.14,nan,20,80,20,LeftinTimeOut,Left,45,70,74,14,nan,nan,nan
11/10/2025 22:21:21,1.17.2,Bandit80,18,4.14,nan,20,80,20,LeftinTimeOut,Left,45,70,74,14,nan,nan,nan
11/10/2025 22:21:24,1.17.2,Bandit80,18,4.14,nan,20,80,20,RightinTimeout,Left,45,70,74,14,nan,nan,0.00
11/10/2025 22:21:25,1.17.2,Bandit80,18,4.14,nan,20,80,20,RightinTimeout,Left,45,70,74,14,nan,nan,0.00
11/10/2025 22:21:25,1.17.2,Bandit80,18,4.14,nan,20,80,20,RightinTimeout,Left,45,70,74,14,nan,nan,0.00
11/10/2025 22:21:26,1.17.2,Bandit80,18,4.14,nan,20,80,20,RightinTimeout,Left,45,70,74,14,nan,nan,0.00
11/10/2025 22:21:27,1.17.2,Bandit80,18,4.14,nan,20,80,20,RightinTimeout,Left,45,70,74,14,nan,nan,0.00
11/10/2025 22:21:28,1.17.2,Bandit80,18,4.14,nan,20,80,20,RightinTimeout,Left,45,70,74,14,nan,nan,0.00
11/10/2025 22:21:29,1.17.2,Bandit80,18,4.14,nan,20,80,20,RightinTimeout,Left,45,70,74,14,nan,nan,0.00
11/10/2025 22:21:29,1.17.2,Bandit80,18,4.14,nan,20,80,20,RightinTimeout,Left,45,70,74,14,nan,nan,0.00
11/10/2025 22:21:29,1.17.2,Bandit80,18,4.14,nan,20,80,20,RightinTimeout,Left,45,70,74,14,nan,nan,0.00
11/10/2025 22:21:30,1.17.2,Bandit80,18,4.14,nan,20,80,20,RightinTimeout,Left,45,70,74,14,nan,nan,0.00
11/10/2025 22:21:30,1.17.2,Bandit80,18,4.14,nan,20,80,20,RightinTimeout,Left,45,70,74,14,nan,nan,0.00
11/10/2025 22:21:30,1.17.2,Bandit80,18,4.14,nan,20,80,20,RightinTimeout,Left,45,70,74,14,nan,nan,0.00
11/10/2025 22:21:32,1.17.2,Bandit80,18,4.14,nan,20,80,20,RightinTimeout,Left,45,70,74,14,nan,nan,0.00
11/10/2025 22:21:33,1.17.2,Bandit80,18,4.14,nan,20,80,20,RightinTimeout,Left,45,70,74,14,nan,nan,0.00
11/10/2025 22:21:33,1.17.2,Bandit80,18,4.14,nan,20,80,20,RightinTimeout,Left,45,70,74,14,nan,nan,0.00
11/10/2025 22:21:33,1.17.2,Bandit80,18,4.14,nan,20,80,20,RightinTimeout,Left,45,70,74,14,nan,nan,0.00
11/10/2025 22:21:34,1.17.2,Bandit80,18,4.14,nan,20,80,20,RightinTimeout,Left,45,70,74,14,nan,nan,0.00
11/10/2025 22:21:34,1.17.2,Bandit80,18,4.14,nan,20,80,20,RightinTimeout,Left,45,70,74,14,nan,nan,0.00
11/10/2025 22:21:34,1.17.2,Bandit80,18,4.14,nan,20,80,20,RightinTimeout,Left,45,70,74,14,nan,nan,0.00
11/10/2025 22:21:35,1.17.2,Bandit80,18,4.14,nan,20,80,20,RightinTimeout,Left,45,70,74,14,nan,nan,0.00
11/10/2025 22:21:35,1.17.2,Bandit80,18,4.14,nan,20,80,20,RightinTimeout,Left,45,70,74,14,nan,nan,0.00
11/10/2025 22:21:35,1.17.2,Bandit80,18,4.14,nan,20,80,20,RightinTimeout,Left,45,70,74,14,nan,nan,0.00
11/10/2025 22:21:36,1.17.2,Bandit80,18,4.13,nan,20,80,20,RightinTimeout,Left,45,70,74,14,nan,nan,0.00
11/10/2025 22:21:36,1.17.2,Bandit80,18,4.14,nan,20,80,20,RightinTimeout,Left,45,70,74,14,nan,nan,0.00
11/10/2025 22:21:37,1.17.2,Bandit80,18,4.14,nan,20,80,20,RightinTimeout,Left,45,70,74,14,nan,nan,0.00
11/10/2025 22:21:37,1.17.2,Bandit80,18,4.14,nan,20,80,20,RightinTimeout,Left,45,70,74,14,nan,nan,0.00
11/10/2025 22:22:01,1.17.2,Bandit80,18,4.13,nan,20,80,20,Right,Left,45,71,74,14,nan,nan,0.09
11/10/2025 22:22:01,1.17.2,Bandit80,18,4.14,nan,20,80,20,RightinTimeout,Left,45,71,74,14,nan,nan,0.00
11/10/2025 22:22:02,1.17.2,Bandit80,18,4.14,nan,20,80,20,RightinTimeout,Left,45,71,74,14,nan,nan,0.00
11/10/2025 22:22:02,1.17.2,Bandit80,18,4.13,nan,20,80,20,RightinTimeout,Left,45,71,74,14,nan,nan,0.00
11/10/2025 22:22:03,1.17.2,Bandit80,18,4.13,nan,20,80,20,RightinTimeout,Left,45,71,74,14,nan,nan,0.00
11/10/2025 22:22:07,1.17.2,Bandit80,18,4.14,nan,20,80,20,LeftinTimeOut,Left,45,71,74,14,nan,nan,nan
11/10/2025 22:22:09,1.17.2,Bandit80,18,4.14,nan,20,80,20,LeftinTimeOut,Left,45,71,74,14,nan,nan,nan
11/10/2025 22:22:10,1.17.2,Bandit80,18,4.13,nan,20,80,20,LeftinTimeOut,Left,45,71,74,14,nan,nan,nan
11/10/2025 22:22:11,1.17.2,Bandit80,18,4.13,nan,20,80,20,LeftinTimeOut,Left,45,71,74,14,nan,nan,nan
11/10/2025 22:22:13,1.17.2,Bandit80,18,4.14,nan,20,80,20,LeftinTimeOut,Left,45,71,74,14,nan,nan,nan
11/10/2025 22:22:14,1.17.2,Bandit80,18,4.14,nan,20,80,20,LeftinTimeOut,Left,45,71,74,14,nan,nan,nan
11/10/2025 22:22:15,1.17.2,Bandit80,18,4.13,nan,20,80,20,LeftinTimeOut,Left,45,71,74,14,nan,nan,nan
11/10/2025 22:22:19,1.17.2,Bandit80,18,4.14,nan,20,80,20,LeftinTimeOut,Left,45,71,74,14,nan,nan,nan
11/10/2025 22:22:19,1.17.2,Bandit80,18,4.14,nan,20,80,20,LeftinTimeOut,Left,45,71,74,14,nan,nan,nan
11/10/2025 22:22:20,1.17.2,Bandit80,18,4.14,nan,20,80,20,LeftinTimeOut,Left,45,71,74,14,nan,nan,nan
11/10/2025 22:22:38,1.17.2,Bandit80,18,4.14,nan,20,80,20,Right,Left,45,72,74,14,nan,nan,0.28
11/10/2025 22:22:39,1.17.2,Bandit80,18,4.14,1,20,80,20,Pellet,Left,45,72,75,14,0.53,146,nan
11/10/2025 22:22:47,1.17.2,Bandit80,18,4.14,nan,20,80,20,Left,Left,46,72,75,15,nan,nan,0.09
11/10/2025 22:22:48,1.17.2,Bandit80,18,4.14,1,20,80,20,Pellet,Left,46,72,76,15,0.41,9,nan
11/10/2025 22:23:03,1.17.2,Bandit80,18,4.14,nan,20,80,20,Left,Left,47,72,76,16,nan,nan,0.18
11/10/2025 22:23:05,1.17.2,Bandit80,18,4.14,nan,20,80,20,LeftinTimeOut,Left,47,72,76,16,nan,nan,nan
11/10/2025 22:23:06,1.17.2,Bandit80,18,4.14,nan,20,80,20,LeftinTimeOut,Left,47,72,76,16,nan,nan,nan
11/10/2025 22:23:09,1.17.2,Bandit80,18,4.14,nan,20,80,20,LeftinTimeOut,Left,47,72,76,16,nan,nan,nan
11/10/2025 22:23:12,1.17.2,Bandit80,18,4.14,nan,20,80,20,LeftinTimeOut,Left,47,72,76,16,nan,nan,nan
11/10/2025 22:23:16,1.17.2,Bandit80,18,4.14,nan,20,80,20,LeftinTimeOut,Left,47,72,76,16,nan,nan,nan
11/10/2025 22:23:18,1.17.2,Bandit80,18,4.14,nan,20,80,20,LeftinTimeOut,Left,47,72,76,16,nan,nan,nan
11/10/2025 22:23:19,1.17.2,Bandit80,18,4.14,nan,20,80,20,LeftinTimeOut,Left,47,72,76,16,nan,nan,nan
11/10/2025 22:23:21,1.17.2,Bandit80,18,4.14,nan,20,80,20,LeftinTimeOut,Left,47,72,76,16,nan,nan,nan
11/10/2025 22:23:24,1.17.2,Bandit80,18,4.14,nan,20,80,20,LeftinTimeOut,Left,47,72,76,16,nan,nan,nan
11/10/2025 22:23:24,1.17.2,Bandit80,18,4.14,nan,20,80,20,LeftinTimeOut,Left,47,72,76,16,nan,nan,nan
11/10/2025 22:23:28,1.17.2,Bandit80,18,4.13,nan,20,80,20,RightinTimeout,Left,47,72,76,16,nan,nan,0.00
11/10/2025 22:23:28,1.17.2,Bandit80,18,4.14,nan,20,80,20,RightinTimeout,Left,47,72,76,16,nan,nan,0.00
11/10/2025 22:23:35,1.17.2,Bandit80,18,4.14,nan,20,80,20,LeftinTimeOut,Left,47,72,76,16,nan,nan,nan
11/10/2025 22:23:38,1.17.2,Bandit80,18,4.14,nan,20,80,20,LeftinTimeOut,Left,47,72,76,16,nan,nan,nan
11/10/2025 22:23:40,1.17.2,Bandit80,18,4.14,nan,20,80,20,LeftinTimeOut,Left,47,72,76,16,nan,nan,nan
11/10/2025 22:23:43,1.17.2,Bandit80,18,4.13,nan,20,80,20,LeftinTimeOut,Left,47,72,76,16,nan,nan,nan
11/10/2025 22:23:46,1.17.2,Bandit80,18,4.14,nan,20,80,20,RightinTimeout,Left,47,72,76,16,nan,nan,0.00
11/10/2025 22:23:48,1.17.2,Bandit80,18,4.14,nan,20,80,20,RightinTimeout,Left,47,72,76,16,nan,nan,0.00
11/10/2025 22:23:48,1.17.2,Bandit80,18,4.13,nan,20,80,20,RightinTimeout,Left,47,72,76,16,nan,nan,0.00
11/10/2025 22:23:52,1.17.2,Bandit80,18,4.14,nan,20,80,20,RightinTimeout,Left,47,72,76,16,nan,nan,0.00
11/10/2025 22:23:53,1.17.2,Bandit80,18,4.14,nan,20,80,20,RightinTimeout,Left,47,72,76,16,nan,nan,0.00
11/10/2025 22:23:53,1.17.2,Bandit80,18,4.14,nan,20,80,20,RightinTimeout,Left,47,72,76,16,nan,nan,0.00
11/10/2025 22:23:53,1.17.2,Bandit80,18,4.13,nan,20,80,20,RightinTimeout,Left,47,72,76,16,nan,nan,0.00
11/10/2025 22:23:59,1.17.2,Bandit80,18,4.14,nan,20,80,20,RightinTimeout,Left,47,72,76,16,nan,nan,0.00
11/10/2025 22:23:59,1.17.2,Bandit80,18,4.14,nan,20,80,20,RightinTimeout,Left,47,72,76,16,nan,nan,0.00
11/10/2025 22:23:59,1.17.2,Bandit80,18,4.14,nan,20,80,20,RightinTimeout,Left,47,72,76,16,nan,nan,0.00
11/10/2025 22:24:00,1.17.2,Bandit80,18,4.14,nan,20,80,20,RightinTimeout,Left,47,72,76,16,nan,nan,0.00
11/10/2025 22:24:01,1.17.2,Bandit80,18,4.14,nan,20,80,20,RightinTimeout,Left,47,72,76,16,nan,nan,0.00
11/10/2025 22:24:01,1.17.2,Bandit80,18,4.13,nan,20,80,20,RightinTimeout,Left,47,72,76,16,nan,nan,0.00
11/10/2025 22:24:03,1.17.2,Bandit80,18,4.14,nan,20,80,20,RightinTimeout,Left,47,72,76,16,nan,nan,0.00
11/10/2025 22:24:03,1.17.2,Bandit80,18,4.13,nan,20,80,20,RightinTimeout,Left,47,72,76,16,nan,nan,0.00
11/10/2025 22:24:03,1.17.2,Bandit80,18,4.14,nan,20,80,20,RightinTimeout,Left,47,72,76,16,nan,nan,0.00
11/10/2025 22:24:04,1.17.2,Bandit80,18,4.14,nan,20,80,20,RightinTimeout,Left,47,72,76,16,nan,nan,0.00
11/10/2025 22:24:07,1.17.2,Bandit80,18,4.13,nan,20,80,20,LeftinTimeOut,Left,47,72,76,16,nan,nan,nan
11/10/2025 22:24:09,1.17.2,Bandit80,18,4.14,nan,20,80,20,LeftinTimeOut,Left,47,72,76,16,nan,nan,nan
11/10/2025 22:24:12,1.17.2,Bandit80,18,4.14,nan,20,80,20,LeftinTimeOut,Left,47,72,76,16,nan,nan,nan
11/10/2025 22:24:18,1.17.2,Bandit80,18,4.14,nan,20,80,20,LeftinTimeOut,Left,47,72,76,16,nan,nan,nan
11/10/2025 22:24:31,1.17.2,Bandit80,18,4.14,nan,20,80,20,Right,Left,47,73,76,16,nan,nan,0.06
11/10/2025 22:24:33,1.17.2,Bandit80,18,4.14,nan,20,80,20,RightinTimeout,Left,47,73,76,16,nan,nan,0.00
11/10/2025 22:24:33,1.17.2,Bandit80,18,4.14,nan,20,80,20,RightinTimeout,Left,47,73,76,16,nan,nan,0.00
11/10/2025 22:24:33,1.17.2,Bandit80,18,4.14,nan,20,80,20,RightinTimeout,Left,47,73,76,16,nan,nan,0.00
11/10/2025 22:24:34,1.17.2,Bandit80,18,4.14,nan,20,80,20,RightinTimeout,Left,47,73,76,16,nan,nan,0.00
11/10/2025 22:24:34,1.17.2,Bandit80,18,4.14,nan,20,80,20,RightinTimeout,Left,47,73,76,16,nan,nan,0.00
11/10/2025 22:24:34,1.17.2,Bandit80,18,4.14,nan,20,80,20,RightinTimeout,Left,47,73,76,16,nan,nan,0.00
11/10/2025 22:24:35,1.17.2,Bandit80,18,4.14,nan,20,80,20,RightinTimeout,Left,47,73,76,16,nan,nan,0.00
11/10/2025 22:24:35,1.17.2,Bandit80,18,4.13,nan,20,80,20,RightinTimeout,Left,47,73,76,16,nan,nan,0.00
11/10/2025 22:24:37,1.17.2,Bandit80,18,4.14,nan,20,80,20,RightinTimeout,Left,47,73,76,16,nan,nan,0.00
11/10/2025 22:24:38,1.17.2,Bandit80,18,4.14,nan,20,80,20,RightinTimeout,Left,47,73,76,16,nan,nan,0.00
11/10/2025 22:24:39,1.17.2,Bandit80,18,4.14,nan,20,80,20,RightinTimeout,Left,47,73,76,16,nan,nan,0.00
11/10/2025 22:24:39,1.17.2,Bandit80,18,4.14,nan,20,80,20,RightinTimeout,Left,47,73,76,16,nan,nan,0.00
11/10/2025 22:24:39,1.17.2,Bandit80,18,4.14,nan,20,80,20,RightinTimeout,Left,47,73,76,16,nan,nan,0.00
11/10/2025 22:24:40,1.17.2,Bandit80,18,4.14,nan,20,80,20,RightinTimeout,Left,47,73,76,16,nan,nan,0.00
11/10/2025 22:24:44,1.17.2,Bandit80,18,4.14,nan,20,80,20,LeftinTimeOut,Left,47,73,76,16,nan,nan,nan
11/10/2025 22:24:45,1.17.2,Bandit80,18,4.14,nan,20,80,20,LeftinTimeOut,Left,47,73,76,16,nan,nan,nan
11/10/2025 22:24:47,1.17.2,Bandit80,18,4.13,nan,20,80,20,LeftinTimeOut,Left,47,73,76,16,nan,nan,nan
11/10/2025 22:24:50,1.17.2,Bandit80,18,4.14,nan,20,80,20,RightinTimeout,Left,47,73,76,16,nan,nan,0.00
11/10/2025 22:26:22,1.17.2,Bandit80,18,4.14,nan,20,80,20,Right,Left,47,74,76,16,nan,nan,0.19
11/10/2025 22:26:24,1.17.2,Bandit80,18,4.14,1,20,80,20,Pellet,Left,47,74,77,16,0.77,216,nan
11/10/2025 22:26:37,1.17.2,Bandit80,18,4.14,nan,20,80,20,Right,Left,47,75,77,17,nan,nan,0.31
11/10/2025 22:26:41,1.17.2,Bandit80,18,4.14,nan,20,80,20,RightinTimeout,Left,47,75,77,17,nan,nan,0.00
11/10/2025 22:26:41,1.17.2,Bandit80,18,4.14,nan,20,80,20,RightinTimeout,Left,47,75,77,17,nan,nan,0.00
11/10/2025 22:26:41,1.17.2,Bandit80,18,4.13,nan,20,80,20,RightinTimeout,Left,47,75,77,17,nan,nan,0.00
11/10/2025 22:26:42,1.17.2,Bandit80,18,4.13,nan,20,80,20,RightinTimeout,Left,47,75,77,17,nan,nan,0.00
11/10/2025 22:26:46,1.17.2,Bandit80,18,4.13,nan,20,80,20,RightinTimeout,Left,47,75,77,17,nan,nan,0.00
11/10/2025 22:26:46,1.17.2,Bandit80,18,4.14,nan,20,80,20,RightinTimeout,Left,47,75,77,17,nan,nan,0.00
11/10/2025 22:26:48,1.17.2,Bandit80,18,4.13,nan,20,80,20,LeftinTimeOut,Left,47,75,77,17,nan,nan,nan
11/10/2025 22:26:51,1.17.2,Bandit80,18,4.13,nan,20,80,20,LeftinTimeOut,Left,47,75,77,17,nan,nan,nan
11/10/2025 22:26:54,1.17.2,Bandit80,18,4.14,nan,20,80,20,RightinTimeout,Left,47,75,77,17,nan,nan,0.00
11/10/2025 22:26:56,1.17.2,Bandit80,18,4.13,nan,20,80,20,RightinTimeout,Left,47,75,77,17,nan,nan,0.00
11/10/2025 22:26:56,1.17.2,Bandit80,18,4.14,nan,20,80,20,RightinTimeout,Left,47,75,77,17,nan,nan,0.00
11/10/2025 22:26:56,1.17.2,Bandit80,18,4.14,nan,20,80,20,RightinTimeout,Left,47,75,77,17,nan,nan,0.00
11/10/2025 22:26:57,1.17.2,Bandit80,18,4.14,nan,20,80,20,RightinTimeout,Left,47,75,77,17,nan,nan,0.00
11/10/2025 22:27:01,1.17.2,Bandit80,18,4.14,nan,20,80,20,RightinTimeout,Left,47,75,77,17,nan,nan,0.00
11/10/2025 22:27:04,1.17.2,Bandit80,18,4.14,nan,20,80,20,RightinTimeout,Left,47,75,77,17,nan,nan,0.00
11/10/2025 22:27:06,1.17.2,Bandit80,18,4.14,nan,20,80,20,RightinTimeout,Left,47,75,77,17,nan,nan,0.00
11/10/2025 22:27:09,1.17.2,Bandit80,18,4.14,nan,20,80,20,RightinTimeout,Left,47,75,77,17,nan,nan,0.00
11/10/2025 22:27:10,1.17.2,Bandit80,18,4.14,nan,20,80,20,RightinTimeout,Left,47,75,77,17,nan,nan,0.00
11/10/2025 22:27:10,1.17.2,Bandit80,18,4.13,nan,20,80,20,RightinTimeout,Left,47,75,77,17,nan,nan,0.00
11/10/2025 22:27:13,1.17.2,Bandit80,18,4.14,nan,20,80,20,LeftinTimeOut,Left,47,75,77,17,nan,nan,nan
11/10/2025 22:27:14,1.17.2,Bandit80,18,4.14,nan,20,80,20,LeftinTimeOut,Left,47,75,77,17,nan,nan,nan
11/10/2025 22:27:16,1.17.2,Bandit80,18,4.14,nan,20,80,20,LeftinTimeOut,Left,47,75,77,17,nan,nan,nan
11/10/2025 22:27:17,1.17.2,Bandit80,18,4.14,nan,20,80,20,LeftinTimeOut,Left,47,75,77,17,nan,nan,nan
11/10/2025 22:27:18,1.17.2,Bandit80,18,4.14,nan,20,80,20,RightinTimeout,Left,47,75,77,17,nan,nan,0.00
11/10/2025 22:27:19,1.17.2,Bandit80,18,4.14,nan,20,80,20,RightinTimeout,Left,47,75,77,17,nan,nan,0.00
11/10/2025 22:27:19,1.17.2,Bandit80,18,4.13,nan,20,80,20,RightinTimeout,Left,47,75,77,17,nan,nan,0.00
11/10/2025 22:27:20,1.17.2,Bandit80,18,4.13,nan,20,80,20,RightinTimeout,Left,47,75,77,17,nan,nan,0.00
11/10/2025 22:27:20,1.17.2,Bandit80,18,4.14,nan,20,80,20,RightinTimeout,Left,47,75,77,17,nan,nan,0.00
11/10/2025 22:27:26,1.17.2,Bandit80,18,4.14,nan,20,80,20,LeftinTimeOut,Left,47,75,77,17,nan,nan,nan
11/10/2025 22:27:27,1.17.2,Bandit80,18,4.14,nan,20,80,20,LeftinTimeOut,Left,47,75,77,17,nan,nan,nan
11/10/2025 22:27:29,1.17.2,Bandit80,18,4.14,nan,20,80,20,LeftinTimeOut,Left,47,75,77,17,nan,nan,nan
11/10/2025 22:27:45,1.17.2,Bandit80,18,4.14,nan,20,80,20,Right,Left,47,76,77,17,nan,nan,0.12
11/10/2025 22:27:49,1.17.2,Bandit80,18,4.14,nan,20,80,20,LeftinTimeOut,Left,47,76,77,17,nan,nan,nan
11/10/2025 22:32:21,1.17.2,Bandit80,18,4.13,nan,20,80,20,Right,Left,47,77,77,17,nan,nan,0.32
11/10/2025 22:33:54,1.17.2,Bandit80,18,4.13,nan,20,80,20,Right,Left,47,78,77,17,nan,nan,0.06
11/10/2025 22:33:56,1.17.2,Bandit80,18,4.13,nan,20,80,20,RightinTimeout,Left,47,78,77,17,nan,nan,0.00
11/10/2025 22:33:57,1.17.2,Bandit80,18,4.14,nan,20,80,20,RightinTimeout,Left,47,78,77,17,nan,nan,0.00
11/10/2025 22:36:28,1.17.2,Bandit80,18,4.14,nan,20,80,20,Right,Left,47,79,77,17,nan,nan,0.01
11/10/2025 22:36:38,1.17.2,Bandit80,18,4.14,nan,20,80,20,RightinTimeout,Left,47,79,77,17,nan,nan,0.00
11/10/2025 22:37:38,1.17.2,Bandit80,18,4.13,nan,20,80,20,Left,Left,48,79,77,17,nan,nan,0.09
11/10/2025 22:37:39,1.17.2,Bandit80,18,4.14,1,20,80,20,Pellet,Left,48,79,78,17,0.35,675,nan
11/10/2025 22:38:11,1.17.2,Bandit80,18,4.14,nan,20,80,20,Left,Left,49,79,78,18,nan,nan,0.06
11/10/2025 22:38:12,1.17.2,Bandit80,18,4.13,1,20,80,20,Pellet,Left,49,79,79,18,0.23,33,nan
11/10/2025 22:38:25,1.17.2,Bandit80,18,4.13,nan,20,80,20,Left,Left,50,79,79,19,nan,nan,0.05
11/10/2025 22:38:26,1.17.2,Bandit80,18,4.14,nan,20,80,20,LeftDuringDispense,Left,50,79,79,19,nan,nan,0.13
11/10/2025 22:38:27,1.17.2,Bandit80,18,4.14,1,20,80,20,Pellet,Left,50,79,80,19,0.95,15,nan
11/10/2025 22:38:40,1.17.2,Bandit80,18,4.14,nan,20,20,80,Left,Right,51,79,80,0,nan,nan,0.06
11/10/2025 22:38:42,1.17.2,Bandit80,18,4.13,nan,20,20,80,LeftinTimeOut,Right,51,79,80,0,nan,nan,nan
11/10/2025 22:38:43,1.17.2,Bandit80,18,4.14,nan,20,20,80,LeftinTimeOut,Right,51,79,80,0,nan,nan,nan
11/10/2025 22:38:44,1.17.2,Bandit80,18,4.14,nan,20,20,80,LeftinTimeOut,Right,51,79,80,0,nan,nan,nan
11/10/2025 22:38:45,1.17.2,Bandit80,18,4.13,nan,20,20,80,LeftinTimeOut,Right,51,79,80,0,nan,nan,nan
11/10/2025 22:38:47,1.17.2,Bandit80,18,4.13,nan,20,20,80,LeftinTimeOut,Right,51,79,80,0,nan,nan,nan
11/10/2025 22:38:49,1.17.2,Bandit80,18,4.14,nan,20,20,80,LeftinTimeOut,Right,51,79,80,0,nan,nan,nan
11/10/2025 22:38:50,1.17.2,Bandit80,18,4.14,nan,20,20,80,LeftinTimeOut,Right,51,79,80,0,nan,nan,nan
11/10/2025 22:38:51,1.17.2,Bandit80,18,4.14,nan,20,20,80,LeftinTimeOut,Right,51,79,80,0,nan,nan,nan
11/10/2025 22:38:52,1.17.2,Bandit80,18,4.14,nan,20,20,80,LeftinTimeOut,Right,51,79,80,0,nan,nan,nan
11/10/2025 22:38:53,1.17.2,Bandit80,18,4.14,nan,20,20,80,LeftinTimeOut,Right,51,79,80,0,nan,nan,nan
11/10/2025 22:38:54,1.17.2,Bandit80,18,4.13,nan,20,20,80,LeftinTimeOut,Right,51,79,80,0,nan,nan,nan
11/10/2025 22:38:54,1.17.2,Bandit80,18,4.14,nan,20,20,80,LeftinTimeOut,Right,51,79,80,0,nan,nan,nan
11/10/2025 22:38:57,1.17.2,Bandit80,18,4.14,nan,20,20,80,LeftinTimeOut,Right,51,79,80,0,nan,nan,nan
11/10/2025 22:39:00,1.17.2,Bandit80,18,4.14,nan,20,20,80,LeftinTimeOut,Right,51,79,80,0,nan,nan,nan
11/10/2025 22:39:02,1.17.2,Bandit80,18,4.14,nan,20,20,80,LeftinTimeOut,Right,51,79,80,0,nan,nan,nan
11/10/2025 22:39:04,1.17.2,Bandit80,18,4.14,nan,20,20,80,LeftinTimeOut,Right,51,79,80,0,nan,nan,nan
11/10/2025 22:39:06,1.17.2,Bandit80,18,4.14,nan,20,20,80,LeftinTimeOut,Right,51,79,80,0,nan,nan,nan
11/10/2025 22:39:07,1.17.2,Bandit80,18,4.13,nan,20,20,80,LeftinTimeOut,Right,51,79,80,0,nan,nan,nan
11/10/2025 22:39:11,1.17.2,Bandit80,18,4.14,nan,20,20,80,LeftinTimeOut,Right,51,79,80,0,nan,nan,nan
11/10/2025 22:39:11,1.17.2,Bandit80,18,4.14,nan,20,20,80,LeftinTimeOut,Right,51,79,80,0,nan,nan,nan
11/10/2025 22:39:11,1.17.2,Bandit80,18,4.13,nan,20,20,80,LeftinTimeOut,Right,51,79,80,0,nan,nan,nan
11/10/2025 22:39:14,1.17.2,Bandit80,18,4.14,nan,20,20,80,LeftinTimeOut,Right,51,79,80,0,nan,nan,nan
11/10/2025 22:39:14,1.17.2,Bandit80,18,4.14,nan,20,20,80,LeftinTimeOut,Right,51,79,80,0,nan,nan,nan
11/10/2025 22:39:14,1.17.2,Bandit80,18,4.14,nan,20,20,80,LeftinTimeOut,Right,51,79,80,0,nan,nan,nan
11/10/2025 22:39:17,1.17.2,Bandit80,18,4.14,nan,20,20,80,LeftinTimeOut,Right,51,79,80,0,nan,nan,nan
11/10/2025 22:39:19,1.17.2,Bandit80,18,4.14,nan,20,20,80,LeftinTimeOut,Right,51,79,80,0,nan,nan,nan
11/10/2025 22:39:20,1.17.2,Bandit80,18,4.13,nan,20,20,80,LeftinTimeOut,Right,51,79,80,0,nan,nan,nan
11/10/2025 22:39:24,1.17.2,Bandit80,18,4.14,nan,20,20,80,LeftinTimeOut,Right,51,79,80,0,nan,nan,nan
11/10/2025 22:39:28,1.17.2,Bandit80,18,4.13,nan,20,20,80,RightinTimeout,Right,51,79,80,0,nan,nan,0.00
11/10/2025 22:39:29,1.17.2,Bandit80,18,4.13,nan,20,20,80,RightinTimeout,Right,51,79,80,0,nan,nan,0.00
11/10/2025 22:39:30,1.17.2,Bandit80,18,4.14,nan,20,20,80,RightinTimeout,Right,51,79,80,0,nan,nan,0.00
11/10/2025 22:39:34,1.17.2,Bandit80,18,4.14,nan,20,20,80,LeftinTimeOut,Right,51,79,80,0,nan,nan,nan
11/10/2025 22:39:35,1.17.2,Bandit80,18,4.14,nan,20,20,80,LeftinTimeOut,Right,51,79,80,0,nan,nan,nan
11/10/2025 22:39:37,1.17.2,Bandit80,18,4.14,nan,20,20,80,LeftinTimeOut,Right,51,79,80,0,nan,nan,nan
11/10/2025 22:40:23,1.17.2,Bandit80,18,4.14,nan,20,20,80,Left,Right,52,79,80,0,nan,nan,0.31
11/10/2025 22:40:24,1.17.2,Bandit80,18,4.14,nan,20,20,80,LeftinTimeOut,Right,52,79,80,0,nan,nan,nan
11/10/2025 22:40:42,1.17.2,Bandit80,18,4.13,nan,20,20,80,Left,Right,53,79,80,0,nan,nan,0.11
11/10/2025 22:48:11,1.17.2,Bandit80,18,4.14,nan,20,20,80,Right,Right,53,80,80,0,nan,nan,0.38
11/10/2025 22:52:02,1.17.2,Bandit80,18,4.14,nan,20,20,80,Left,Right,54,80,80,0,nan,nan,0.08
11/10/2025 22:52:05,1.17.2,Bandit80,18,4.13,nan,20,20,80,RightinTimeout,Right,54,80,80,0,nan,nan,0.00
11/10/2025 22:52:05,1.17.2,Bandit80,18,4.12,nan,20,20,80,RightinTimeout,Right,54,80,80,0,nan,nan,0.00
11/10/2025 22:52:08,1.17.2,Bandit80,18,4.13,nan,20,20,80,LeftinTimeOut,Right,54,80,80,0,nan,nan,nan
11/10/2025 22:52:09,1.17.2,Bandit80,18,4.13,nan,20,20,80,LeftinTimeOut,Right,54,80,80,0,nan,nan,nan
11/10/2025 22:52:10,1.17.2,Bandit80,18,4.13,nan,20,20,80,LeftinTimeOut,Right,54,80,80,0,nan,nan,nan
11/10/2025 22:52:16,1.17.2,Bandit80,18,4.13,nan,20,20,80,LeftinTimeOut,Right,54,80,80,0,nan,nan,nan
11/10/2025 22:52:18,1.17.2,Bandit80,18,4.13,nan,20,20,80,RightinTimeout,Right,54,80,80,0,nan,nan,0.00
11/10/2025 22:52:19,1.17.2,Bandit80,18,4.14,nan,20,20,80,RightinTimeout,Right,54,80,80,0,nan,nan,0.00
11/10/2025 22:54:27,1.17.2,Bandit80,18,4.14,nan,20,20,80,Left,Right,55,80,80,0,nan,nan,0.15
11/10/2025 22:54:28,1.17.2,Bandit80,18,4.13,nan,20,20,80,LeftinTimeOut,Right,55,80,80,0,nan,nan,nan
11/10/2025 22:54:31,1.17.2,Bandit80,18,4.14,nan,20,20,80,LeftinTimeOut,Right,55,80,80,0,nan,nan,nan
11/10/2025 22:54:34,1.17.2,Bandit80,18,4.14,nan,20,20,80,RightinTimeout,Right,55,80,80,0,nan,nan,0.00
11/10/2025 22:54:37,1.17.2,Bandit80,18,4.14,nan,20,20,80,LeftinTimeOut,Right,55,80,80,0,nan,nan,nan
11/10/2025 22:54:38,1.17.2,Bandit80,18,4.13,nan,20,20,80,LeftinTimeOut,Right,55,80,80,0,nan,nan,nan
11/10/2025 22:54:40,1.17.2,Bandit80,18,4.14,nan,20,20,80,RightinTimeout,Right,55,80,80,0,nan,nan,0.00
11/10/2025 22:54:40,1.17.2,Bandit80,18,4.13,nan,20,20,80,RightinTimeout,Right,55,80,80,0,nan,nan,0.00
11/10/2025 22:54:41,1.17.2,Bandit80,18,4.13,nan,20,20,80,RightinTimeout,Right,55,80,80,0,nan,nan,0.00
11/10/2025 22:54:41,1.17.2,Bandit80,18,4.14,nan,20,20,80,RightinTimeout,Right,55,80,80,0,nan,nan,0.00
11/10/2025 22:55:51,1.17.2,Bandit80,18,4.14,nan,20,20,80,Left,Right,56,80,80,0,nan,nan,0.57
11/10/2025 22:55:51,1.17.2,Bandit80,18,4.13,nan,20,20,80,LeftinTimeOut,Right,56,80,80,0,nan,nan,nan
11/10/2025 22:55:54,1.17.2,Bandit80,18,4.14,nan,20,20,80,RightinTimeout,Right,56,80,80,0,nan,nan,0.00
11/10/2025 22:58:46,1.17.2,Bandit80,18,4.14,nan,20,20,80,Right,Right,56,81,80,0,nan,nan,0.13
11/10/2025 22:58:47,1.17.2,Bandit80,18,4.14,1,20,20,80,Pellet,Right,56,81,81,0,0.29,1220,nan
11/10/2025 22:58:58,1.17.2,Bandit80,18,4.13,nan,20,20,80,Right,Right,56,82,81,1,nan,nan,0.07
11/10/2025 22:59:00,1.17.2,Bandit80,18,4.13,1,20,20,80,Pellet,Right,56,82,82,1,1.01,13,nan
11/10/2025 22:59:10,1.17.2,Bandit80,18,4.13,nan,20,20,80,Right,Right,56,83,82,2,nan,nan,0.29
11/10/2025 22:59:12,1.17.2,Bandit80,18,4.13,1,20,20,80,Pellet,Right,56,83,83,2,0.35,12,nan
11/10/2025 22:59:25,1.17.2,Bandit80,18,4.13,nan,20,20,80,Right,Right,56,84,83,3,nan,nan,0.32
11/10/2025 22:59:26,1.17.2,Bandit80,18,4.13,1,20,20,80,Pellet,Right,56,84,84,3,0.11,14,nan
11/10/2025 22:59:48,1.17.2,Bandit80,18,4.14,nan,20,20,80,Right,Right,56,85,84,4,nan,nan,0.04
11/10/2025 22:59:49,1.17.2,Bandit80,18,4.13,1,20,20,80,Pellet,Right,56,85,85,4,0.23,23,nan
11/10/2025 23:00:20,1.17.2,Bandit80,18,4.13,nan,20,20,80,Left,Right,57,85,85,5,nan,nan,0.12
11/10/2025 23:00:22,1.17.2,Bandit80,18,4.14,nan,20,20,80,LeftinTimeOut,Right,57,85,85,5,nan,nan,nan
11/10/2025 23:00:39,1.17.2,Bandit80,18,4.13,nan,20,20,80,Right,Right,57,86,85,5,nan,nan,0.38
11/10/2025 23:00:40,1.17.2,Bandit80,18,4.14,1,20,20,80,Pellet,Right,57,86,86,5,0.59,51,nan
11/10/2025 23:01:01,1.17.2,Bandit80,18,4.13,nan,20,20,80,Left,Right,58,86,86,6,nan,nan,0.04
11/10/2025 23:01:03,1.17.2,Bandit80,18,4.13,nan,20,20,80,LeftinTimeOut,Right,58,86,86,6,nan,nan,nan
11/10/2025 23:01:05,1.17.2,Bandit80,18,4.13,nan,20,20,80,LeftinTimeOut,Right,58,86,86,6,nan,nan,nan
11/10/2025 23:01:06,1.17.2,Bandit80,18,4.13,nan,20,20,80,LeftinTimeOut,Right,58,86,86,6,nan,nan,nan
11/10/2025 23:01:07,1.17.2,Bandit80,18,4.13,nan,20,20,80,RightinTimeout,Right,58,86,86,6,nan,nan,0.00
11/10/2025 23:01:09,1.17.2,Bandit80,18,4.14,nan,20,20,80,RightinTimeout,Right,58,86,86,6,nan,nan,0.00
11/10/2025 23:01:11,1.17.2,Bandit80,18,4.13,nan,20,20,80,RightinTimeout,Right,58,86,86,6,nan,nan,0.00
11/10/2025 23:01:14,1.17.2,Bandit80,18,4.13,nan,20,20,80,RightinTimeout,Right,58,86,86,6,nan,nan,0.00
11/10/2025 23:01:31,1.17.2,Bandit80,18,4.13,nan,20,20,80,Right,Right,58,87,86,6,nan,nan,0.51
11/10/2025 23:01:33,1.17.2,Bandit80,18,4.14,nan,20,20,80,RightinTimeout,Right,58,87,86,6,nan,nan,0.00
11/10/2025 23:04:08,1.17.2,Bandit80,18,4.13,nan,20,20,80,Right,Right,58,88,86,6,nan,nan,0.26
11/10/2025 23:04:09,1.17.2,Bandit80,18,4.13,1,20,20,80,Pellet,Right,58,88,87,6,0.35,209,nan
11/10/2025 23:04:31,1.17.2,Bandit80,18,4.13,nan,20,20,80,Right,Right,58,89,87,7,nan,nan,0.13
11/10/2025 23:04:32,1.17.2,Bandit80,18,4.14,1,20,20,80,Pellet,Right,58,89,88,7,0.23,23,nan
11/10/2025 23:04:47,1.17.2,Bandit80,18,4.13,nan,20,20,80,Right,Right,58,90,88,8,nan,nan,0.07
11/10/2025 23:04:48,1.17.2,Bandit80,18,4.13,1,20,20,80,Pellet,Right,58,90,89,8,0.17,16,nan
11/10/2025 23:05:00,1.17.2,Bandit80,18,4.13,nan,20,20,80,Right,Right,58,91,89,9,nan,nan,0.20
11/10/2025 23:05:01,1.17.2,Bandit80,18,4.13,1,20,20,80,Pellet,Right,58,91,90,9,0.23,13,nan
11/10/2025 23:05:23,1.17.2,Bandit80,18,4.14,nan,20,20,80,Right,Right,58,92,90,10,nan,nan,0.09
11/10/2025 23:05:24,1.17.2,Bandit80,18,4.14,1,20,20,80,Pellet,Right,58,92,91,10,0.23,23,nan
11/10/2025 23:05:48,1.17.2,Bandit80,18,4.13,nan,20,20,80,Right,Right,58,93,91,11,nan,nan,0.03
11/10/2025 23:05:49,1.17.2,Bandit80,18,4.13,1,20,20,80,Pellet,Right,58,93,92,11,0.17,25,nan
11/10/2025 23:06:01,1.17.2,Bandit80,18,4.13,nan,20,20,80,Right,Right,58,94,92,12,nan,nan,0.10
11/10/2025 23:06:04,1.17.2,Bandit80,18,4.13,nan,20,20,80,RightinTimeout,Right,58,94,92,12,nan,nan,0.00
11/10/2025 23:06:04,1.17.2,Bandit80,18,4.13,nan,20,20,80,RightinTimeout,Right,58,94,92,12,nan,nan,0.00
11/10/2025 23:06:05,1.17.2,Bandit80,18,4.14,nan,20,20,80,RightinTimeout,Right,58,94,92,12,nan,nan,0.00
11/10/2025 23:06:07,1.17.2,Bandit80,18,4.13,nan,20,20,80,RightinTimeout,Right,58,94,92,12,nan,nan,0.00
11/10/2025 23:06:07,1.17.2,Bandit80,18,4.12,nan,20,20,80,RightinTimeout,Right,58,94,92,12,nan,nan,0.00
11/10/2025 23:06:10,1.17.2,Bandit80,18,4.14,nan,20,20,80,RightinTimeout,Right,58,94,92,12,nan,nan,0.00
11/10/2025 23:06:14,1.17.2,Bandit80,18,4.13,nan,20,20,80,RightinTimeout,Right,58,94,92,12,nan,nan,0.00
11/10/2025 23:06:17,1.17.2,Bandit80,18,4.13,nan,20,20,80,RightinTimeout,Right,58,94,92,12,nan,nan,0.00
11/10/2025 23:06:17,1.17.2,Bandit80,18,4.13,nan,20,20,80,RightinTimeout,Right,58,94,92,12,nan,nan,0.00
11/10/2025 23:06:21,1.17.2,Bandit80,18,4.14,nan,20,20,80,RightinTimeout,Right,58,94,92,12,nan,nan,0.00
11/10/2025 23:06:21,1.17.2,Bandit80,18,4.13,nan,20,20,80,RightinTimeout,Right,58,94,92,12,nan,nan,0.00
11/10/2025 23:06:24,1.17.2,Bandit80,18,4.13,nan,20,20,80,LeftinTimeOut,Right,58,94,92,12,nan,nan,nan
11/10/2025 23:07:10,1.17.2,Bandit80,18,4.13,nan,20,20,80,Right,Right,58,95,92,12,nan,nan,0.11
11/10/2025 23:07:20,1.17.2,Bandit80,18,4.13,nan,20,20,80,LeftinTimeOut,Right,58,95,92,12,nan,nan,nan
11/10/2025 23:07:22,1.17.2,Bandit80,18,4.14,nan,20,20,80,RightinTimeout,Right,58,95,92,12,nan,nan,0.00
11/10/2025 23:08:47,1.17.2,Bandit80,18,4.14,nan,20,20,80,Right,Right,58,96,92,12,nan,nan,0.20
11/10/2025 23:08:49,1.17.2,Bandit80,18,4.13,1,20,20,80,Pellet,Right,58,96,93,12,0.35,180,nan
11/10/2025 23:09:08,1.17.2,Bandit80,18,4.13,nan,20,20,80,Right,Right,58,97,93,13,nan,nan,0.15
11/10/2025 23:09:09,1.17.2,Bandit80,18,4.14,1,20,20,80,Pellet,Right,58,97,94,13,0.47,20,nan
11/10/2025 23:10:07,1.17.2,Bandit80,18,4.13,nan,20,20,80,Right,Right,58,98,94,14,nan,nan,0.17
11/10/2025 23:10:09,1.17.2,Bandit80,18,4.14,1,20,20,80,Pellet,Right,58,98,95,14,0.65,60,nan
11/10/2025 23:10:16,1.17.2,Bandit80,18,4.14,nan,20,20,80,Right,Right,58,99,95,15,nan,nan,0.05
11/10/2025 23:10:17,1.17.2,Bandit80,18,4.13,1,20,20,80,Pellet,Right,58,99,96,15,0.17,7,nan
11/10/2025 23:10:36,1.17.2,Bandit80,18,4.14,nan,20,20,80,Right,Right,58,100,96,16,nan,nan,0.05
11/10/2025 23:10:38,1.17.2,Bandit80,18,4.13,nan,20,20,80,RightinTimeout,Right,58,100,96,16,nan,nan,0.00
11/10/2025 23:10:41,1.17.2,Bandit80,18,4.13,nan,20,20,80,RightinTimeout,Right,58,100,96,16,nan,nan,0.00
11/10/2025 23:36:48,1.17.2,Bandit80,18,4.13,nan,20,20,80,Left,Right,59,100,96,16,nan,nan,0.46
11/10/2025 23:36:53,1.17.2,Bandit80,18,4.14,nan,20,20,80,LeftinTimeOut,Right,59,100,96,16,nan,nan,nan
11/10/2025 23:36:55,1.17.2,Bandit80,18,4.12,nan,20,20,80,LeftinTimeOut,Right,59,100,96,16,nan,nan,nan
11/10/2025 23:36:57,1.17.2,Bandit80,18,4.13,nan,20,20,80,LeftinTimeOut,Right,59,100,96,16,nan,nan,nan
11/10/2025 23:37:03,1.17.2,Bandit80,18,4.14,nan,20,20,80,RightinTimeout,Right,59,100,96,16,nan,nan,0.00
11/10/2025 23:37:04,1.17.2,Bandit80,18,4.13,nan,20,20,80,RightinTimeout,Right,59,100,96,16,nan,nan,0.00
11/10/2025 23:37:04,1.17.2,Bandit80,18,4.13,nan,20,20,80,RightinTimeout,Right,59,100,96,16,nan,nan,0.00
11/10/2025 23:37:05,1.17.2,Bandit80,18,4.13,nan,20,20,80,RightinTimeout,Right,59,100,96,16,nan,nan,0.00
11/10/2025 23:37:06,1.17.2,Bandit80,18,4.13,nan,20,20,80,RightinTimeout,Right,59,100,96,16,nan,nan,0.00
11/10/2025 23:37:07,1.17.2,Bandit80,18,4.12,nan,20,20,80,RightinTimeout,Right,59,100,96,16,nan,nan,0.00
11/10/2025 23:37:07,1.17.2,Bandit80,18,4.13,nan,20,20,80,RightinTimeout,Right,59,100,96,16,nan,nan,0.00
11/10/2025 23:37:07,1.17.2,Bandit80,18,4.13,nan,20,20,80,RightinTimeout,Right,59,100,96,16,nan,nan,0.00
11/10/2025 23:37:11,1.17.2,Bandit80,18,4.13,nan,20,20,80,RightinTimeout,Right,59,100,96,16,nan,nan,0.00
11/10/2025 23:37:13,1.17.2,Bandit80,18,4.12,nan,20,20,80,RightinTimeout,Right,59,100,96,16,nan,nan,0.00
11/10/2025 23:37:13,1.17.2,Bandit80,18,4.13,nan,20,20,80,RightinTimeout,Right,59,100,96,16,nan,nan,0.00
11/10/2025 23:37:14,1.17.2,Bandit80,18,4.13,nan,20,20,80,RightinTimeout,Right,59,100,96,16,nan,nan,0.00
11/10/2025 23:37:14,1.17.2,Bandit80,18,4.13,nan,20,20,80,RightinTimeout,Right,59,100,96,16,nan,nan,0.00
11/10/2025 23:37:17,1.17.2,Bandit80,18,4.13,nan,20,20,80,LeftinTimeOut,Right,59,100,96,16,nan,nan,nan
11/10/2025 23:37:18,1.17.2,Bandit80,18,4.13,nan,20,20,80,LeftinTimeOut,Right,59,100,96,16,nan,nan,nan
11/10/2025 23:37:19,1.17.2,Bandit80,18,4.13,nan,20,20,80,LeftinTimeOut,Right,59,100,96,16,nan,nan,nan
11/10/2025 23:50:11,1.17.2,Bandit80,18,4.13,nan,20,20,80,Right,Right,59,101,96,16,nan,nan,0.14
11/10/2025 23:59:57,1.17.2,Bandit80,18,4.13,1,20,20,80,Pellet,Right,59,101,97,16,Timed_out,2981,nan
11/11/2025 0:02:48,1.17.2,Bandit80,18,4.13,nan,20,20,80,Right,Right,59,102,97,17,nan,nan,0.26
11/11/2025 0:02:49,1.17.2,Bandit80,18,4.13,2,20,20,80,Pellet,Right,59,102,98,17,0.06,172,nan
11/11/2025 0:03:06,1.17.2,Bandit80,18,4.13,nan,20,20,80,Right,Right,59,103,98,18,nan,nan,0.15
11/11/2025 0:03:09,1.17.2,Bandit80,18,4.12,nan,20,20,80,RightinTimeout,Right,59,103,98,18,nan,nan,0.00
11/11/2025 0:03:10,1.17.2,Bandit80,18,4.12,nan,20,20,80,RightinTimeout,Right,59,103,98,18,nan,nan,0.00
11/11/2025 0:03:11,1.17.2,Bandit80,18,4.13,nan,20,20,80,RightinTimeout,Right,59,103,98,18,nan,nan,0.00
11/11/2025 0:03:17,1.17.2,Bandit80,18,4.13,nan,20,20,80,LeftinTimeOut,Right,59,103,98,18,nan,nan,nan
11/11/2025 0:03:17,1.17.2,Bandit80,18,4.13,nan,20,20,80,LeftinTimeOut,Right,59,103,98,18,nan,nan,nan
11/11/2025 0:03:17,1.17.2,Bandit80,18,4.12,nan,20,20,80,LeftinTimeOut,Right,59,103,98,18,nan,nan,nan
11/11/2025 0:03:20,1.17.2,Bandit80,18,4.13,nan,20,20,80,LeftinTimeOut,Right,59,103,98,18,nan,nan,nan
11/11/2025 0:05:42,1.17.2,Bandit80,18,4.13,nan,20,20,80,Right,Right,59,104,98,18,nan,nan,0.10
11/11/2025 0:05:43,1.17.2,Bandit80,18,4.12,1,20,20,80,Pellet,Right,59,104,99,18,0.35,174,nan
11/11/2025 0:06:00,1.17.2,Bandit80,18,4.13,nan,20,20,80,Right,Right,59,105,99,19,nan,nan,0.29
11/11/2025 0:06:01,1.17.2,Bandit80,18,4.13,1,20,20,80,Pellet,Right,59,105,100,19,0.29,18,nan
11/11/2025 0:06:09,1.17.2,Bandit80,18,4.13,nan,20,80,20,Right,Left,59,106,100,0,nan,nan,0.08
11/11/2025 0:06:10,1.17.2,Bandit80,18,4.12,nan,20,80,20,RightinTimeout,Left,59,106,100,0,nan,nan,0.00
11/11/2025 0:06:10,1.17.2,Bandit80,18,4.13,nan,20,80,20,RightinTimeout,Left,59,106,100,0,nan,nan,0.00
11/11/2025 0:06:11,1.17.2,Bandit80,18,4.12,nan,20,80,20,RightinTimeout,Left,59,106,100,0,nan,nan,0.00
11/11/2025 0:08:40,1.17.2,Bandit80,18,4.12,nan,20,80,20,Right,Left,59,107,100,0,nan,nan,0.12
11/11/2025 0:11:10,1.17.2,Bandit80,18,4.13,nan,20,80,20,Left,Left,60,107,100,0,nan,nan,0.47
11/11/2025 0:11:11,1.17.2,Bandit80,18,4.12,1,20,80,20,Pellet,Left,60,107,101,0,0.65,310,nan
11/11/2025 0:11:28,1.17.2,Bandit80,18,4.13,nan,20,80,20,Right,Left,60,108,101,1,nan,nan,0.20
11/11/2025 0:11:30,1.17.2,Bandit80,18,4.13,nan,20,80,20,RightinTimeout,Left,60,108,101,1,nan,nan,0.00
11/11/2025 0:11:46,1.17.2,Bandit80,18,4.14,nan,20,80,20,Right,Left,60,109,101,1,nan,nan,0.24
11/11/2025 0:11:54,1.17.2,Bandit80,18,4.12,nan,20,80,20,RightinTimeout,Left,60,109,101,1,nan,nan,0.00
11/11/2025 0:13:21,1.17.2,Bandit80,18,4.13,nan,20,80,20,Right,Left,60,110,101,1,nan,nan,0.39
11/11/2025 0:18:19,1.17.2,Bandit80,18,4.13,nan,20,80,20,Right,Left,60,111,101,1,nan,nan,0.11
11/11/2025 0:19:14,1.17.2,Bandit80,18,4.12,nan,20,80,20,Left,Left,61,111,101,1,nan,nan,0.19
11/11/2025 0:29:01,1.17.2,Bandit80,18,4.12,nan,20,80,20,Left,Left,62,111,101,1,nan,nan,0.11
11/11/2025 0:29:03,1.17.2,Bandit80,18,4.13,nan,20,80,20,LeftinTimeOut,Left,62,111,101,1,nan,nan,nan
11/11/2025 0:29:56,1.17.2,Bandit80,18,4.13,nan,20,80,20,Right,Left,62,112,101,1,nan,nan,0.18
11/11/2025 1:07:38,1.17.2,Bandit80,18,4.12,nan,20,80,20,Left,Left,63,112,101,1,nan,nan,0.05
11/11/2025 1:07:39,1.17.2,Bandit80,18,4.13,1,20,80,20,Pellet,Left,63,112,102,1,0.23,3387,nan
11/11/2025 1:08:02,1.17.2,Bandit80,18,4.13,nan,20,80,20,Left,Left,64,112,102,2,nan,nan,0.02
11/11/2025 1:08:03,1.17.2,Bandit80,18,4.12,1,20,80,20,Pellet,Left,64,112,103,2,0.17,25,nan
11/11/2025 1:08:14,1.17.2,Bandit80,18,4.12,nan,20,80,20,Left,Left,65,112,103,3,nan,nan,0.05
11/11/2025 1:08:16,1.17.2,Bandit80,18,4.12,nan,20,80,20,LeftinTimeOut,Left,65,112,103,3,nan,nan,nan
11/11/2025 1:08:18,1.17.2,Bandit80,18,4.12,nan,20,80,20,LeftinTimeOut,Left,65,112,103,3,nan,nan,nan
11/11/2025 1:08:19,1.17.2,Bandit80,18,4.12,nan,20,80,20,LeftinTimeOut,Left,65,112,103,3,nan,nan,nan
11/11/2025 1:08:30,1.17.2,Bandit80,18,4.12,nan,20,80,20,Left,Left,66,112,103,3,nan,nan,0.13
11/11/2025 1:08:31,1.17.2,Bandit80,18,4.12,nan,20,80,20,LeftDuringDispense,Left,66,112,103,3,nan,nan,0.05
11/11/2025 1:08:34,1.17.2,Bandit80,18,4.12,2,20,80,20,Pellet,Left,66,112,104,3,0.35,31,nan
11/11/2025 1:08:42,1.17.2,Bandit80,18,4.12,nan,20,80,20,Left,Left,67,112,104,4,nan,nan,0.06
11/11/2025 1:08:44,1.17.2,Bandit80,18,4.12,1,20,80,20,Pellet,Left,67,112,105,4,0.83,10,nan
11/11/2025 1:09:00,1.17.2,Bandit80,18,4.12,nan,20,80,20,Left,Left,68,112,105,5,nan,nan,0.04
11/11/2025 1:09:02,1.17.2,Bandit80,18,4.12,nan,20,80,20,LeftinTimeOut,Left,68,112,105,5,nan,nan,nan
11/11/2025 1:09:04,1.17.2,Bandit80,18,4.12,nan,20,80,20,LeftinTimeOut,Left,68,112,105,5,nan,nan,nan
11/11/2025 1:09:05,1.17.2,Bandit80,18,4.12,nan,20,80,20,LeftinTimeOut,Left,68,112,105,5,nan,nan,nan
11/11/2025 1:09:06,1.17.2,Bandit80,18,4.13,nan,20,80,20,LeftinTimeOut,Left,68,112,105,5,nan,nan,nan
11/11/2025 1:09:11,1.17.2,Bandit80,18,4.12,nan,20,80,20,RightinTimeout,Left,68,112,105,5,nan,nan,0.00
11/11/2025 1:09:13,1.17.2,Bandit80,18,4.12,nan,20,80,20,RightinTimeout,Left,68,112,105,5,nan,nan,0.00
11/11/2025 1:09:14,1.17.2,Bandit80,18,4.12,nan,20,80,20,RightinTimeout,Left,68,112,105,5,nan,nan,0.00
11/11/2025 1:09:14,1.17.2,Bandit80,18,4.12,nan,20,80,20,RightinTimeout,Left,68,112,105,5,nan,nan,0.00
11/11/2025 1:09:14,1.17.2,Bandit80,18,4.13,nan,20,80,20,RightinTimeout,Left,68,112,105,5,nan,nan,0.00
11/11/2025 1:09:15,1.17.2,Bandit80,18,4.13,nan,20,80,20,RightinTimeout,Left,68,112,105,5,nan,nan,0.00
11/11/2025 1:09:16,1.17.2,Bandit80,18,4.13,nan,20,80,20,RightinTimeout,Left,68,112,105,5,nan,nan,0.00
11/11/2025 1:09:17,1.17.2,Bandit80,18,4.12,nan,20,80,20,RightinTimeout,Left,68,112,105,5,nan,nan,0.00
11/11/2025 1:10:34,1.17.2,Bandit80,18,4.12,nan,20,80,20,Left,Left,69,112,105,5,nan,nan,0.07
11/11/2025 1:10:36,1.17.2,Bandit80,18,4.12,1,20,80,20,Pellet,Left,69,112,106,5,1.67,112,nan
11/11/2025 1:10:55,1.17.2,Bandit80,18,4.12,nan,20,80,20,Left,Left,70,112,106,6,nan,nan,0.06
11/11/2025 1:10:56,1.17.2,Bandit80,18,4.12,1,20,80,20,Pellet,Left,70,112,107,6,0.35,20,nan
11/11/2025 1:11:22,1.17.2,Bandit80,18,4.12,nan,20,80,20,Left,Left,71,112,107,7,nan,nan,0.48
11/11/2025 1:11:23,1.17.2,Bandit80,18,4.12,1,20,80,20,Pellet,Left,71,112,108,7,0.59,27,nan
11/11/2025 1:11:37,1.17.2,Bandit80,18,4.12,nan,20,80,20,Left,Left,72,112,108,8,nan,nan,0.10
11/11/2025 1:11:37,1.17.2,Bandit80,18,4.12,1,20,80,20,Pellet,Left,72,112,109,8,0.17,14,nan
11/11/2025 1:11:54,1.17.2,Bandit80,18,4.12,nan,20,80,20,Left,Left,73,112,109,9,nan,nan,0.04
11/11/2025 1:11:55,1.17.2,Bandit80,18,4.12,2,20,80,20,Pellet,Left,73,112,110,9,0.06,18,nan
11/11/2025 1:12:15,1.17.2,Bandit80,18,4.12,nan,20,80,20,Left,Left,74,112,110,10,nan,nan,0.04
11/11/2025 1:12:16,1.17.2,Bandit80,18,4.12,1,20,80,20,Pellet,Left,74,112,111,10,0.17,21,nan
11/11/2025 1:12:32,1.17.2,Bandit80,18,4.12,nan,20,80,20,Left,Left,75,112,111,11,nan,nan,0.52
11/11/2025 1:12:33,1.17.2,Bandit80,18,4.13,1,20,80,20,Pellet,Left,75,112,112,11,0.17,17,nan
11/11/2025 1:12:54,1.17.2,Bandit80,18,4.12,nan,20,80,20,Left,Left,76,112,112,12,nan,nan,0.29
11/11/2025 1:12:55,1.17.2,Bandit80,18,4.12,1,20,80,20,Pellet,Left,76,112,113,12,0.41,22,nan
11/11/2025 1:13:14,1.17.2,Bandit80,18,4.12,nan,20,80,20,Left,Left,77,112,113,13,nan,nan,0.73
11/11/2025 1:13:15,1.17.2,Bandit80,18,4.12,1,20,80,20,Pellet,Left,77,112,114,13,0.11,20,nan
11/11/2025 1:13:40,1.17.2,Bandit80,18,4.12,nan,20,80,20,Left,Left,78,112,114,14,nan,nan,0.41
11/11/2025 1:13:47,1.17.2,Bandit80,18,4.12,nan,20,80,20,LeftinTimeOut,Left,78,112,114,14,nan,nan,nan
11/11/2025 1:13:51,1.17.2,Bandit80,18,4.12,nan,20,80,20,LeftinTimeOut,Left,78,112,114,14,nan,nan,nan
11/11/2025 1:13:54,1.17.2,Bandit80,18,4.12,nan,20,80,20,RightinTimeout,Left,78,112,114,14,nan,nan,0.00
11/11/2025 1:13:56,1.17.2,Bandit80,18,4.12,nan,20,80,20,RightinTimeout,Left,78,112,114,14,nan,nan,0.00
11/11/2025 1:13:57,1.17.2,Bandit80,18,4.12,nan,20,80,20,LeftinTimeOut,Left,78,112,114,14,nan,nan,nan
11/11/2025 3:35:41,1.17.2,Bandit80,18,4.12,nan,20,80,20,Left,Left,79,112,114,14,nan,nan,0.15
11/11/2025 3:35:42,1.17.2,Bandit80,18,4.12,1,20,80,20,Pellet,Left,79,112,115,14,0.35,8547,nan
11/11/2025 3:35:56,1.17.2,Bandit80,18,4.12,nan,20,80,20,Left,Left,80,112,115,15,nan,nan,0.04
11/11/2025 3:35:58,1.17.2,Bandit80,18,4.12,1,20,80,20,Pellet,Left,80,112,116,15,0.95,16,nan
11/11/2025 3:36:05,1.17.2,Bandit80,18,4.12,nan,20,80,20,Left,Left,81,112,116,16,nan,nan,0.04
11/11/2025 3:36:06,1.17.2,Bandit80,18,4.12,1,20,80,20,Pellet,Left,81,112,117,16,0.29,8,nan
11/11/2025 3:36:25,1.17.2,Bandit80,18,4.12,nan,20,80,20,Left,Left,82,112,117,17,nan,nan,0.08
11/11/2025 3:36:26,1.17.2,Bandit80,18,4.12,1,20,80,20,Pellet,Left,82,112,118,17,0.23,20,nan
11/11/2025 3:36:49,1.17.2,Bandit80,18,4.11,nan,20,80,20,Left,Left,83,112,118,18,nan,nan,0.08
11/11/2025 3:36:50,1.17.2,Bandit80,18,4.12,1,20,80,20,Pellet,Left,83,112,119,18,0.53,24,nan
11/11/2025 3:37:05,1.17.2,Bandit80,18,4.12,nan,20,80,20,Left,Left,84,112,119,19,nan,nan,0.32
11/11/2025 3:37:06,1.17.2,Bandit80,18,4.12,1,20,80,20,Pellet,Left,84,112,120,19,0.17,16,nan
11/11/2025 3:37:24,1.17.2,Bandit80,18,4.12,nan,20,20,80,Left,Right,85,112,120,0,nan,nan,0.15
11/11/2025 3:37:25,1.17.2,Bandit80,18,4.11,1,20,20,80,Pellet,Right,85,112,121,0,0.17,19,nan
11/11/2025 3:37:35,1.17.2,Bandit80,18,4.12,nan,20,20,80,Left,Right,86,112,121,1,nan,nan,0.02
11/11/2025 3:37:36,1.17.2,Bandit80,18,4.12,nan,20,20,80,LeftinTimeOut,Right,86,112,121,1,nan,nan,nan
11/11/2025 3:37:38,1.17.2,Bandit80,18,4.12,nan,20,20,80,LeftinTimeOut,Right,86,112,121,1,nan,nan,nan
11/11/2025 3:37:41,1.17.2,Bandit80,18,4.12,nan,20,20,80,LeftinTimeOut,Right,86,112,121,1,nan,nan,nan
11/11/2025 3:37:44,1.17.2,Bandit80,18,4.12,nan,20,20,80,LeftinTimeOut,Right,86,112,121,1,nan,nan,nan
11/11/2025 3:37:45,1.17.2,Bandit80,18,4.12,nan,20,20,80,LeftinTimeOut,Right,86,112,121,1,nan,nan,nan
11/11/2025 3:37:46,1.17.2,Bandit80,18,4.12,nan,20,20,80,LeftinTimeOut,Right,86,112,121,1,nan,nan,nan
11/11/2025 3:37:47,1.17.2,Bandit80,18,4.12,nan,20,20,80,LeftinTimeOut,Right,86,112,121,1,nan,nan,nan
11/11/2025 3:37:49,1.17.2,Bandit80,18,4.12,nan,20,20,80,LeftinTimeOut,Right,86,112,121,1,nan,nan,nan
11/11/2025 3:37:52,1.17.2,Bandit80,18,4.12,nan,20,20,80,RightinTimeout,Right,86,112,121,1,nan,nan,0.00
11/11/2025 3:40:17,1.17.2,Bandit80,18,4.12,nan,20,20,80,Left,Right,87,112,121,1,nan,nan,0.54
11/11/2025 3:40:19,1.17.2,Bandit80,18,4.12,nan,20,20,80,LeftinTimeOut,Right,87,112,121,1,nan,nan,nan
11/11/2025 4:35:57,1.17.2,Bandit80,18,4.12,nan,20,20,80,Right,Right,87,113,121,1,nan,nan,0.03
11/11/2025 4:37:51,1.17.2,Bandit80,18,4.12,nan,20,20,80,LeftWithPellet,Right,87,113,121,1,nan,nan,0.27
11/11/2025 4:41:35,1.17.2,Bandit80,18,4.12,nan,20,20,80,LeftWithPellet,Right,87,113,121,1,nan,nan,0.16
11/11/2025 4:58:20,1.17.2,Bandit80,18,4.11,1,20,20,80,Pellet,Right,87,113,122,1,Timed_out,4855,nan
11/11/2025 4:58:37,1.17.2,Bandit80,18,4.12,nan,20,20,80,Right,Right,87,114,122,2,nan,nan,0.13
11/11/2025 4:58:38,1.17.2,Bandit80,18,4.11,1,20,20,80,Pellet,Right,87,114,123,2,0.23,18,nan
11/11/2025 4:58:59,1.17.2,Bandit80,18,4.12,nan,20,20,80,Left,Right,88,114,123,3,nan,nan,0.19
11/11/2025 4:59:01,1.17.2,Bandit80,18,4.12,nan,20,20,80,LeftinTimeOut,Right,88,114,123,3,nan,nan,nan
11/11/2025 4:59:06,1.17.2,Bandit80,18,4.12,nan,20,20,80,LeftinTimeOut,Right,88,114,123,3,nan,nan,nan
11/11/2025 5:04:51,1.17.2,Bandit80,18,4.11,nan,20,20,80,Right,Right,88,115,123,3,nan,nan,0.12
11/11/2025 5:08:24,1.17.2,Bandit80,18,4.11,nan,20,20,80,Right,Right,88,116,123,3,nan,nan,0.20
11/11/2025 5:08:48,1.17.2,Bandit80,18,4.11,nan,20,20,80,Left,Right,89,116,123,3,nan,nan,0.18
11/11/2025 5:08:58,1.17.2,Bandit80,18,4.11,nan,20,20,80,LeftinTimeOut,Right,89,116,123,3,nan,nan,nan
11/11/2025 5:16:19,1.17.2,Bandit80,18,4.11,nan,20,20,80,Right,Right,89,117,123,3,nan,nan,0.22
11/11/2025 5:16:21,1.17.2,Bandit80,18,4.12,1,20,20,80,Pellet,Right,89,117,124,3,1.25,1063,nan
11/11/2025 5:23:03,1.17.2,Bandit80,18,4.12,nan,20,20,80,Left,Right,90,117,124,4,nan,nan,0.09
11/11/2025 5:25:30,1.17.2,Bandit80,18,4.11,nan,20,20,80,Left,Right,91,117,124,4,nan,nan,0.21
11/11/2025 5:26:03,1.17.2,Bandit80,18,4.12,nan,20,20,80,Right,Right,91,118,124,4,nan,nan,0.08
11/11/2025 5:26:04,1.17.2,Bandit80,18,4.11,1,20,20,80,Pellet,Right,91,118,125,4,0.77,583,nan
11/11/2025 5:27:58,1.17.2,Bandit80,18,4.11,nan,20,20,80,Right,Right,91,119,125,5,nan,nan,0.13
11/11/2025 5:27:59,1.17.2,Bandit80,18,4.11,1,20,20,80,Pellet,Right,91,119,126,5,0.53,115,nan
11/11/2025 5:30:54,1.17.2,Bandit80,18,4.11,nan,20,20,80,Right,Right,91,120,126,6,nan,nan,0.09
11/11/2025 5:30:55,1.17.2,Bandit80,18,4.11,1,20,20,80,Pellet,Right,91,120,127,6,0.41,176,nan
11/11/2025 5:31:14,1.17.2,Bandit80,18,4.11,nan,20,20,80,Left,Right,92,120,127,7,nan,nan,0.10
11/11/2025 5:36:39,1.17.2,Bandit80,18,4.11,nan,20,20,80,Right,Right,92,121,127,7,nan,nan,0.07
11/11/2025 5:36:41,1.17.2,Bandit80,18,4.11,1,20,20,80,Pellet,Right,92,121,128,7,1.13,346,nan
11/11/2025 5:36:59,1.17.2,Bandit80,18,4.12,nan,20,20,80,Right,Right,92,122,128,8,nan,nan,0.03
11/11/2025 5:37:00,1.17.2,Bandit80,18,4.11,1,20,20,80,Pellet,Right,92,122,129,8,0.59,19,nan
11/11/2025 5:51:44,1.17.2,Bandit80,18,4.11,nan,20,20,80,Right,Right,92,123,129,9,nan,nan,0.09
11/11/2025 5:51:46,1.17.2,Bandit80,18,4.11,1,20,20,80,Pellet,Right,92,123,130,9,0.77,886,nan
11/11/2025 5:53:08,1.17.2,Bandit80,18,4.11,nan,20,20,80,Left,Right,93,123,130,10,nan,nan,0.17
11/11/2025 6:02:27,1.17.2,Bandit80,18,4.11,nan,20,20,80,Right,Right,93,124,130,10,nan,nan,0.15
11/11/2025 6:02:28,1.17.2,Bandit80,18,4.11,1,20,20,80,Pellet,Right,93,124,131,10,0.29,642,nan
11/11/2025 6:02:36,1.17.2,Bandit80,18,4.11,nan,20,20,80,Right,Right,93,125,131,11,nan,nan,0.07
11/11/2025 6:02:40,1.17.2,Bandit80,18,4.11,nan,20,20,80,RightinTimeout,Right,93,125,131,11,nan,nan,0.00
11/11/2025 6:13:06,1.17.2,Bandit80,18,4.11,nan,20,20,80,Left,Right,94,125,131,11,nan,nan,0.18
11/11/2025 6:24:01,1.17.2,Bandit80,18,4.11,nan,20,20,80,Right,Right,94,126,131,11,nan,nan,0.04
11/11/2025 6:24:02,1.17.2,Bandit80,18,4.11,1,20,20,80,Pellet,Right,94,126,132,11,0.71,1294,nan
11/11/2025 6:24:11,1.17.2,Bandit80,18,4.11,nan,20,20,80,Right,Right,94,127,132,12,nan,nan,0.06
11/11/2025 6:24:12,1.17.2,Bandit80,18,4.11,1,20,20,80,Pellet,Right,94,127,133,12,0.17,10,nan
11/11/2025 6:24:31,1.17.2,Bandit80,18,4.11,nan,20,20,80,Right,Right,94,128,133,13,nan,nan,0.00
11/11/2025 6:24:32,1.17.2,Bandit80,18,4.11,1,20,20,80,Pellet,Right,94,128,134,13,0.23,20,nan
11/11/2025 6:24:42,1.17.2,Bandit80,18,4.11,nan,20,20,80,Right,Right,94,129,134,14,nan,nan,0.03
11/11/2025 6:24:45,1.17.2,Bandit80,18,4.11,nan,20,20,80,RightinTimeout,Right,94,129,134,14,nan,nan,0.00
11/11/2025 6:24:48,1.17.2,Bandit80,18,4.11,nan,20,20,80,RightinTimeout,Right,94,129,134,14,nan,nan,0.00
11/11/2025 6:24:50,1.17.2,Bandit80,18,4.11,nan,20,20,80,LeftinTimeOut,Right,94,129,134,14,nan,nan,nan
11/11/2025 6:24:52,1.17.2,Bandit80,18,4.11,nan,20,20,80,LeftinTimeOut,Right,94,129,134,14,nan,nan,nan
11/11/2025 6:26:35,1.17.2,Bandit80,18,4.11,nan,20,20,80,Right,Right,94,130,134,14,nan,nan,0.09
11/11/2025 6:26:38,1.17.2,Bandit80,18,4.11,2,20,20,80,Pellet,Right,94,130,135,14,0.47,126,nan
11/11/2025 6:26:48,1.17.2,Bandit80,18,4.11,nan,20,20,80,Right,Right,94,131,135,15,nan,nan,0.23
11/11/2025 6:26:49,1.17.2,Bandit80,18,4.11,1,20,20,80,Pellet,Right,94,131,136,15,0.23,11,nan
11/11/2025 6:27:02,1.17.2,Bandit80,18,4.11,nan,20,20,80,Right,Right,94,132,136,16,nan,nan,0.00
11/11/2025 6:27:03,1.17.2,Bandit80,18,4.11,1,20,20,80,Pellet,Right,94,132,137,16,0.23,14,nan
11/11/2025 6:27:19,1.17.2,Bandit80,18,4.11,nan,20,20,80,Right,Right,94,133,137,17,nan,nan,0.10
11/11/2025 6:27:21,1.17.2,Bandit80,18,4.11,nan,20,20,80,RightinTimeout,Right,94,133,137,17,nan,nan,0.00
11/11/2025 6:27:22,1.17.2,Bandit80,18,4.11,nan,20,20,80,RightinTimeout,Right,94,133,137,17,nan,nan,0.00
11/11/2025 6:27:22,1.17.2,Bandit80,18,4.11,nan,20,20,80,RightinTimeout,Right,94,133,137,17,nan,nan,0.00
11/11/2025 6:27:24,1.17.2,Bandit80,18,4.11,nan,20,20,80,RightinTimeout,Right,94,133,137,17,nan,nan,0.00
11/11/2025 6:27:24,1.17.2,Bandit80,18,4.11,nan,20,20,80,RightinTimeout,Right,94,133,137,17,nan,nan,0.00
11/11/2025 6:27:29,1.17.2,Bandit80,18,4.11,nan,20,20,80,RightinTimeout,Right,94,133,137,17,nan,nan,0.00
11/11/2025 6:27:31,1.17.2,Bandit80,18,4.11,nan,20,20,80,RightinTimeout,Right,94,133,137,17,nan,nan,0.00
11/11/2025 6:27:33,1.17.2,Bandit80,18,4.11,nan,20,20,80,LeftinTimeOut,Right,94,133,137,17,nan,nan,nan
11/11/2025 6:27:35,1.17.2,Bandit80,18,4.11,nan,20,20,80,LeftinTimeOut,Right,94,133,137,17,nan,nan,nan
11/11/2025 6:49:01,1.17.2,Bandit80,18,4.11,nan,20,20,80,Right,Right,94,134,137,17,nan,nan,0.31
11/11/2025 6:49:02,1.17.2,Bandit80,18,4.11,1,20,20,80,Pellet,Right,94,134,138,17,0.23,1319,nan
11/11/2025 6:49:11,1.17.2,Bandit80,18,4.11,nan,20,20,80,Right,Right,94,135,138,18,nan,nan,0.08
11/11/2025 6:49:12,1.17.2,Bandit80,18,4.11,nan,20,20,80,RightinTimeout,Right,94,135,138,18,nan,nan,0.00
11/11/2025 6:49:12,1.17.2,Bandit80,18,4.11,nan,20,20,80,RightinTimeout,Right,94,135,138,18,nan,nan,0.00
11/11/2025 6:49:14,1.17.2,Bandit80,18,4.11,nan,20,20,80,RightinTimeout,Right,94,135,138,18,nan,nan,0.00
11/11/2025 6:49:17,1.17.2,Bandit80,18,4.11,nan,20,20,80,RightinTimeout,Right,94,135,138,18,nan,nan,0.00
11/11/2025 6:49:18,1.17.2,Bandit80,18,4.11,nan,20,20,80,LeftinTimeOut,Right,94,135,138,18,nan,nan,nan
11/11/2025 6:49:20,1.17.2,Bandit80,18,4.11,nan,20,20,80,LeftinTimeOut,Right,94,135,138,18,nan,nan,nan
11/11/2025 6:50:10,1.17.2,Bandit80,18,4.11,nan,20,20,80,Right,Right,94,136,138,18,nan,nan,0.15
11/11/2025 6:50:11,1.17.2,Bandit80,18,4.11,1,20,20,80,Pellet,Right,94,136,139,18,0.17,69,nan
11/11/2025 6:50:31,1.17.2,Bandit80,18,4.11,nan,20,20,80,Right,Right,94,137,139,19,nan,nan,0.25
11/11/2025 6:50:32,1.17.2,Bandit80,18,4.11,1,20,20,80,Pellet,Right,94,137,140,19,0.23,21,nan
11/11/2025 6:50:41,1.17.2,Bandit80,18,4.11,nan,20,80,20,Right,Left,94,138,140,0,nan,nan,0.29
11/11/2025 6:50:42,1.17.2,Bandit80,18,4.11,nan,20,80,20,RightinTimeout,Left,94,138,140,0,nan,nan,0.00
11/11/2025 6:50:44,1.17.2,Bandit80,18,4.11,nan,20,80,20,RightinTimeout,Left,94,138,140,0,nan,nan,0.00
11/11/2025 6:50:45,1.17.2,Bandit80,18,4.11,nan,20,80,20,RightinTimeout,Left,94,138,140,0,nan,nan,0.00
11/11/2025 6:50:45,1.17.2,Bandit80,18,4.11,nan,20,80,20,RightinTimeout,Left,94,138,140,0,nan,nan,0.00
11/11/2025 6:50:47,1.17.2,Bandit80,18,4.11,nan,20,80,20,RightinTimeout,Left,94,138,140,0,nan,nan,0.00
11/11/2025 6:51:24,1.17.2,Bandit80,18,4.11,nan,20,80,20,Right,Left,94,139,140,0,nan,nan,0.16
11/11/2025 6:59:23,1.17.2,Bandit80,18,4.11,nan,20,80,20,Right,Left,94,140,140,0,nan,nan,0.30
11/11/2025 6:59:24,1.17.2,Bandit80,18,4.11,1,20,80,20,Pellet,Left,94,140,141,0,0.23,532,nan
11/11/2025 6:59:35,1.17.2,Bandit80,18,4.11,nan,20,80,20,Right,Left,94,141,141,1,nan,nan,0.30
11/11/2025 6:59:38,1.17.2,Bandit80,18,4.11,nan,20,80,20,RightinTimeout,Left,94,141,141,1,nan,nan,0.00
11/11/2025 7:02:21,1.17.2,Bandit80,18,4.11,nan,20,80,20,Right,Left,94,142,141,1,nan,nan,0.02
11/11/2025 7:02:23,1.17.2,Bandit80,18,4.11,nan,20,80,20,RightinTimeout,Left,94,142,141,1,nan,nan,0.00
11/11/2025 7:03:26,1.17.2,Bandit80,18,4.11,nan,20,80,20,Left,Left,95,142,141,1,nan,nan,0.08
11/11/2025 7:03:28,1.17.2,Bandit80,18,4.11,1,20,80,20,Pellet,Left,95,142,142,1,1.13,244,nan
11/11/2025 7:03:44,1.17.2,Bandit80,18,4.10,nan,20,80,20,Left,Left,96,142,142,2,nan,nan,0.48
11/11/2025 7:03:47,1.17.2,Bandit80,18,4.11,2,20,80,20,Pellet,Left,96,142,143,2,0.17,19,nan
11/11/2025 7:03:58,1.17.2,Bandit80,18,4.11,nan,20,80,20,Left,Left,97,142,143,3,nan,nan,0.07
11/11/2025 7:04:01,1.17.2,Bandit80,18,4.11,nan,20,80,20,RightinTimeout,Left,97,142,143,3,nan,nan,0.00
11/11/2025 7:04:04,1.17.2,Bandit80,18,4.11,nan,20,80,20,LeftinTimeOut,Left,97,142,143,3,nan,nan,nan
11/11/2025 9:17:34,1.17.2,Bandit80,18,4.10,nan,20,80,20,Right,Left,97,143,143,3,nan,nan,0.55
11/11/2025 9:17:36,1.17.2,Bandit80,18,4.11,nan,20,80,20,RightinTimeout,Left,97,143,143,3,nan,nan,0.00
11/11/2025 9:18:04,1.17.2,Bandit80,18,4.11,nan,20,80,20,Left,Left,98,143,143,3,nan,nan,0.26
11/11/2025 9:18:05,1.17.2,Bandit80,18,4.10,1,20,80,20,Pellet,Left,98,143,144,3,0.17,8058,nan
11/11/2025 9:18:24,1.17.2,Bandit80,18,4.10,nan,20,80,20,Left,Left,99,143,144,4,nan,nan,0.28
11/11/2025 9:18:25,1.17.2,Bandit80,18,4.11,1,20,80,20,Pellet,Left,99,143,145,4,0.06,20,nan
11/11/2025 9:18:52,1.17.2,Bandit80,18,4.11,nan,20,80,20,Left,Left,100,143,145,5,nan,nan,0.03
11/11/2025 9:18:53,1.17.2,Bandit80,18,4.10,nan,20,80,20,LeftinTimeOut,Left,100,143,145,5,nan,nan,nan
11/11/2025 9:18:54,1.17.2,Bandit80,18,4.10,nan,20,80,20,LeftinTimeOut,Left,100,143,145,5,nan,nan,nan
11/11/2025 9:18:55,1.17.2,Bandit80,18,4.11,nan,20,80,20,LeftinTimeOut,Left,100,143,145,5,nan,nan,nan
11/11/2025 9:18:57,1.17.2,Bandit80,18,4.10,nan,20,80,20,LeftinTimeOut,Left,100,143,145,5,nan,nan,nan
11/11/2025 9:20:04,1.17.2,Bandit80,18,4.11,nan,20,80,20,Left,Left,101,143,145,5,nan,nan,0.14
11/11/2025 9:20:05,1.17.2,Bandit80,18,4.10,1,20,80,20,Pellet,Left,101,143,146,5,0.23,100,nan
11/11/2025 9:20:18,1.17.2,Bandit80,18,4.10,nan,20,80,20,Left,Left,102,143,146,6,nan,nan,0.02
11/11/2025 9:20:19,1.17.2,Bandit80,18,4.10,1,20,80,20,Pellet,Left,102,143,147,6,0.17,14,nan
11/11/2025 9:20:30,1.17.2,Bandit80,18,4.11,nan,20,80,20,Right,Left,102,144,147,7,nan,nan,0.04
11/11/2025 9:21:16,1.17.2,Bandit80,18,4.11,nan,20,80,20,Right,Left,102,145,147,7,nan,nan,0.33
11/11/2025 9:21:18,1.17.2,Bandit80,18,4.10,1,20,80,20,Pellet,Left,102,145,148,7,1.19,59,nan
11/11/2025 9:21:34,1.17.2,Bandit80,18,4.10,nan,20,80,20,Left,Left,103,145,148,8,nan,nan,0.02
11/11/2025 9:21:35,1.17.2,Bandit80,18,4.10,1,20,80,20,Pellet,Left,103,145,149,8,0.17,17,nan
11/11/2025 9:21:46,1.17.2,Bandit80,18,4.11,nan,20,80,20,Left,Left,104,145,149,9,nan,nan,0.49
11/11/2025 9:21:47,1.17.2,Bandit80,18,4.11,1,20,80,20,Pellet,Left,104,145,150,9,0.17,12,nan
11/11/2025 9:21:58,1.17.2,Bandit80,18,4.10,nan,20,80,20,Left,Left,105,145,150,10,nan,nan,0.11
11/11/2025 9:21:59,1.17.2,Bandit80,18,4.10,nan,20,80,20,LeftinTimeOut,Left,105,145,150,10,nan,nan,nan
11/11/2025 9:22:01,1.17.2,Bandit80,18,4.10,nan,20,80,20,LeftinTimeOut,Left,105,145,150,10,nan,nan,nan
11/11/2025 9:22:02,1.17.2,Bandit80,18,4.11,nan,20,80,20,RightinTimeout,Left,105,145,150,10,nan,nan,0.00
11/11/2025 9:23:18,1.17.2,Bandit80,18,4.11,nan,20,80,20,Right,Left,105,146,150,10,nan,nan,0.13
11/11/2025 9:23:19,1.17.2,Bandit80,18,4.09,2,20,80,20,Pellet,Left,105,146,151,10,0.23,92,nan
11/11/2025 9:23:30,1.17.2,Bandit80,18,4.10,nan,20,80,20,Right,Left,105,147,151,11,nan,nan,0.17
11/11/2025 9:23:31,1.17.2,Bandit80,18,4.11,1,20,80,20,Pellet,Left,105,147,152,11,0.23,12,nan
11/11/2025 9:23:47,1.17.2,Bandit80,18,4.10,nan,20,80,20,Right,Left,105,148,152,12,nan,nan,0.22
11/11/2025 9:23:49,1.17.2,Bandit80,18,4.11,nan,20,80,20,RightinTimeout,Left,105,148,152,12,nan,nan,0.00
11/11/2025 9:23:49,1.17.2,Bandit80,18,4.10,nan,20,80,20,RightinTimeout,Left,105,148,152,12,nan,nan,0.00
11/11/2025 9:23:49,1.17.2,Bandit80,18,4.11,nan,20,80,20,RightinTimeout,Left,105,148,152,12,nan,nan,0.00
11/11/2025 9:23:51,1.17.2,Bandit80,18,4.11,nan,20,80,20,RightinTimeout,Left,105,148,152,12,nan,nan,0.00
11/11/2025 9:23:51,1.17.2,Bandit80,18,4.10,nan,20,80,20,RightinTimeout,Left,105,148,152,12,nan,nan,0.00
11/11/2025 9:23:51,1.17.2,Bandit80,18,4.10,nan,20,80,20,RightinTimeout,Left,105,148,152,12,nan,nan,0.00
11/11/2025 9:23:56,1.17.2,Bandit80,18,4.10,nan,20,80,20,LeftinTimeOut,Left,105,148,152,12,nan,nan,nan
11/11/2025 9:33:51,1.17.2,Bandit80,18,4.10,nan,20,80,20,Left,Left,106,148,152,12,nan,nan,0.09
11/11/2025 9:33:54,1.17.2,Bandit80,18,4.10,1,20,80,20,Pellet,Left,106,148,153,12,1.73,623,nan
11/11/2025 9:37:14,1.17.2,Bandit80,18,4.11,nan,20,80,20,Left,Left,107,148,153,13,nan,nan,0.22
11/11/2025 9:37:15,1.17.2,Bandit80,18,4.10,1,20,80,20,Pellet,Left,107,148,154,13,0.47,201,nan
11/11/2025 9:41:09,1.17.2,Bandit80,18,4.10,nan,20,80,20,Right,Left,107,149,154,14,nan,nan,0.05
11/11/2025 9:49:47,1.17.2,Bandit80,18,4.10,nan,20,80,20,Right,Left,107,150,154,14,nan,nan,0.16
11/11/2025 12:03:19,1.17.2,Bandit80,18,4.09,nan,20,80,20,Right,Left,107,151,154,14,nan,nan,0.25
11/11/2025 12:03:55,1.17.2,Bandit80,18,4.09,nan,20,80,20,Right,Left,107,152,154,14,nan,nan,0.09
11/11/2025 12:03:57,1.17.2,Bandit80,18,4.09,nan,20,80,20,LeftinTimeOut,Left,107,152,154,14,nan,nan,nan
11/11/2025 12:03:58,1.17.2,Bandit80,18,4.09,nan,20,80,20,LeftinTimeOut,Left,107,152,154,14,nan,nan,nan
11/11/2025 12:04:40,1.17.2,Bandit80,18,4.10,nan,20,80,20,Left,Left,108,152,154,14,nan,nan,0.01
11/11/2025 12:04:41,1.17.2,Bandit80,18,4.09,1,20,80,20,Pellet,Left,108,152,155,14,0.23,8846,nan
11/11/2025 12:04:48,1.17.2,Bandit80,18,4.09,nan,20,80,20,Left,Left,109,152,155,15,nan,nan,0.10
11/11/2025 12:04:49,1.17.2,Bandit80,18,4.09,1,20,80,20,Pellet,Left,109,152,156,15,0.17,8,nan
11/11/2025 12:05:10,1.17.2,Bandit80,18,4.09,nan,20,80,20,Right,Left,109,153,156,16,nan,nan,0.02
11/11/2025 12:05:13,1.17.2,Bandit80,18,4.09,nan,20,80,20,LeftinTimeOut,Left,109,153,156,16,nan,nan,nan
11/11/2025 14:32:55,1.17.2,Bandit80,18,4.09,nan,20,80,20,Right,Left,109,154,156,16,nan,nan,0.11
11/11/2025 14:33:19,1.17.2,Bandit80,18,4.09,nan,20,80,20,Left,Left,110,154,156,16,nan,nan,0.35
11/11/2025 14:33:20,1.17.2,Bandit80,18,4.09,1,20,80,20,Pellet,Left,110,154,157,16,0.29,8911,nan
11/11/2025 14:33:45,1.17.2,Bandit80,18,4.09,nan,20,80,20,Left,Left,111,154,157,17,nan,nan,0.43
11/11/2025 14:33:45,1.17.2,Bandit80,18,4.09,1,20,80,20,Pellet,Left,111,154,158,17,0.06,25,nan
11/11/2025 14:33:53,1.17.2,Bandit80,18,4.09,nan,20,80,20,Left,Left,112,154,158,18,nan,nan,0.06
11/11/2025 14:33:54,1.17.2,Bandit80,18,4.09,1,20,80,20,Pellet,Left,112,154,159,18,0.12,9,nan
11/11/2025 14:34:02,1.17.2,Bandit80,18,4.09,nan,20,80,20,Left,Left,113,154,159,19,nan,nan,0.06
11/11/2025 14:34:03,1.17.2,Bandit80,18,4.09,1,20,80,20,Pellet,Left,113,154,160,19,0.29,9,nan
11/11/2025 14:34:16,1.17.2,Bandit80,18,4.09,nan,20,20,80,Left,Right,114,154,160,0,nan,nan,0.11
11/11/2025 14:34:17,1.17.2,Bandit80,18,4.09,nan,20,20,80,LeftinTimeOut,Right,114,154,160,0,nan,nan,nan
11/11/2025 14:34:19,1.17.2,Bandit80,18,4.09,nan,20,20,80,LeftinTimeOut,Right,114,154,160,0,nan,nan,nan
11/11/2025 14:34:21,1.17.2,Bandit80,18,4.09,nan,20,20,80,RightinTimeout,Right,114,154,160,0,nan,nan,0.00
11/11/2025 14:35:10,1.17.2,Bandit80,18,4.09,nan,20,20,80,Right,Right,114,155,160,0,nan,nan,0.54
11/11/2025 14:35:11,1.17.2,Bandit80,18,4.09,1,20,20,80,Pellet,Right,114,155,161,0,0.35,68,nan
11/11/2025 15:32:28,1.17.2,Bandit80,18,4.09,nan,20,20,80,Left,Right,115,155,161,1,nan,nan,0.15
11/11/2025 16:59:50,1.17.2,Bandit80,18,4.08,nan,20,20,80,Left,Right,116,155,161,1,nan,nan,0.14
11/11/2025 16:59:51,1.17.2,Bandit80,18,4.08,1,20,20,80,Pellet,Right,116,155,162,1,0.17,8680,nan
11/11/2025 17:00:21,1.17.2,Bandit80,18,4.08,nan,20,20,80,Left,Right,117,155,162,2,nan,nan,0.05
11/11/2025 17:00:22,1.17.2,Bandit80,18,4.08,nan,20,20,80,LeftinTimeOut,Right,117,155,162,2,nan,nan,nan
11/11/2025 17:00:24,1.17.2,Bandit80,18,4.08,nan,20,20,80,LeftinTimeOut,Right,117,155,162,2,nan,nan,nan
11/11/2025 17:00:26,1.17.2,Bandit80,18,4.08,nan,20,20,80,LeftinTimeOut,Right,117,155,162,2,nan,nan,nan
11/11/2025 17:00:31,1.17.2,Bandit80,18,4.08,nan,20,20,80,LeftinTimeOut,Right,117,155,162,2,nan,nan,nan
11/11/2025 17:00:33,1.17.2,Bandit80,18,4.08,nan,20,20,80,RightinTimeout,Right,117,155,162,2,nan,nan,0.00
11/11/2025 17:04:19,1.17.2,Bandit80,18,4.08,nan,20,20,80,Left,Right,118,155,162,2,nan,nan,0.22
11/11/2025 18:07:36,1.17.2,Bandit80,18,4.08,nan,20,20,80,Left,Right,119,155,162,2,nan,nan,0.36
11/11/2025 18:07:37,1.17.2,Bandit80,18,4.07,nan,20,20,80,LeftinTimeOut,Right,119,155,162,2,nan,nan,nan
11/11/2025 18:07:39,1.17.2,Bandit80,18,4.08,nan,20,20,80,LeftinTimeOut,Right,119,155,162,2,nan,nan,nan
11/11/2025 18:07:40,1.17.2,Bandit80,18,4.08,nan,20,20,80,LeftinTimeOut,Right,119,155,162,2,nan,nan,nan
11/11/2025 18:07:41,1.17.2,Bandit80,18,4.08,nan,20,20,80,LeftinTimeOut,Right,119,155,162,2,nan,nan,nan
11/11/2025 18:07:44,1.17.2,Bandit80,18,4.07,nan,20,20,80,RightinTimeout,Right,119,155,162,2,nan,nan,0.00
11/11/2025 18:07:46,1.17.2,Bandit80,18,4.08,nan,20,20,80,RightinTimeout,Right,119,155,162,2,nan,nan,0.00
11/11/2025 18:07:47,1.17.2,Bandit80,18,4.09,nan,20,20,80,RightinTimeout,Right,119,155,162,2,nan,nan,0.00
11/11/2025 18:07:48,1.17.2,Bandit80,18,4.08,nan,20,20,80,RightinTimeout,Right,119,155,162,2,nan,nan,0.00
11/11/2025 18:22:13,1.17.2,Bandit80,18,4.07,nan,20,20,80,Right,Right,119,156,162,2,nan,nan,0.22
11/11/2025 18:23:11,1.17.2,Bandit80,18,4.08,nan,20,20,80,Right,Right,119,157,162,2,nan,nan,0.16
11/11/2025 18:23:12,1.17.2,Bandit80,18,4.07,1,20,20,80,Pellet,Right,119,157,163,2,0.35,5001,nan
11/11/2025 18:23:37,1.17.2,Bandit80,18,4.08,nan,20,20,80,Left,Right,120,157,163,3,nan,nan,0.19
11/11/2025 18:23:39,1.17.2,Bandit80,18,4.07,nan,20,20,80,LeftinTimeOut,Right,120,157,163,3,nan,nan,nan
11/11/2025 18:24:15,1.17.2,Bandit80,18,4.07,nan,20,20,80,Right,Right,120,158,163,3,nan,nan,0.06
11/11/2025 18:24:17,1.17.2,Bandit80,18,4.07,1,20,20,80,Pellet,Right,120,158,164,3,0.83,65,nan
11/11/2025 18:24:25,1.17.2,Bandit80,18,4.08,nan,20,20,80,Right,Right,120,159,164,4,nan,nan,0.03
11/11/2025 18:24:27,1.17.2,Bandit80,18,4.08,1,20,20,80,Pellet,Right,120,159,165,4,0.41,10,nan
11/11/2025 18:35:00,1.17.2,Bandit80,18,4.07,nan,20,20,80,Right,Right,120,160,165,5,nan,nan,0.35
11/11/2025 18:44:28,1.17.2,Bandit80,18,4.08,nan,20,20,80,Right,Right,120,161,165,5,nan,nan,0.12
11/11/2025 18:44:30,1.17.2,Bandit80,18,4.07,nan,20,20,80,RightinTimeout,Right,120,161,165,5,nan,nan,0.00
11/11/2025 18:44:38,1.17.2,Bandit80,18,4.07,nan,20,20,80,LeftinTimeOut,Right,120,161,165,5,nan,nan,nan
11/11/2025 18:44:40,1.17.2,Bandit80,18,4.08,nan,20,20,80,LeftinTimeOut,Right,120,161,165,5,nan,nan,nan
11/11/2025 18:49:01,1.17.2,Bandit80,18,4.08,nan,20,20,80,Left,Right,121,161,165,5,nan,nan,0.04
11/11/2025 18:49:03,1.17.2,Bandit80,18,4.08,nan,20,20,80,RightinTimeout,Right,121,161,165,5,nan,nan,0.00
11/11/2025 18:49:03,1.17.2,Bandit80,18,4.07,nan,20,20,80,RightinTimeout,Right,121,161,165,5,nan,nan,0.00
11/11/2025 18:49:04,1.17.2,Bandit80,18,4.08,nan,20,20,80,RightinTimeout,Right,121,161,165,5,nan,nan,0.00
11/11/2025 18:49:05,1.17.2,Bandit80,18,4.07,nan,20,20,80,RightinTimeout,Right,121,161,165,5,nan,nan,0.00
11/11/2025 18:49:07,1.17.2,Bandit80,18,4.07,nan,20,20,80,LeftinTimeOut,Right,121,161,165,5,nan,nan,nan
11/11/2025 18:49:08,1.17.2,Bandit80,18,4.07,nan,20,20,80,LeftinTimeOut,Right,121,161,165,5,nan,nan,nan
11/11/2025 18:52:16,1.17.2,Bandit80,18,4.07,nan,20,20,80,Left,Right,122,161,165,5,nan,nan,0.07
11/11/2025 18:52:18,1.17.2,Bandit80,18,4.07,nan,20,20,80,LeftinTimeOut,Right,122,161,165,5,nan,nan,nan
11/11/2025 18:55:17,1.17.2,Bandit80,18,4.07,nan,20,20,80,Left,Right,123,161,165,5,nan,nan,0.16
11/11/2025 18:55:55,1.17.2,Bandit80,18,4.07,nan,20,20,80,Left,Right,124,161,165,5,nan,nan,0.04
11/11/2025 18:55:56,1.17.2,Bandit80,18,4.08,nan,20,20,80,LeftinTimeOut,Right,124,161,165,5,nan,nan,nan
11/11/2025 18:55:59,1.17.2,Bandit80,18,4.07,nan,20,20,80,LeftinTimeOut,Right,124,161,165,5,nan,nan,nan
11/11/2025 18:56:12,1.17.2,Bandit80,18,4.07,nan,20,20,80,Right,Right,124,162,165,5,nan,nan,0.13
11/11/2025 18:56:13,1.17.2,Bandit80,18,4.07,1,20,20,80,Pellet,Right,124,162,166,5,0.29,1906,nan
11/11/2025 18:56:34,1.17.2,Bandit80,18,4.07,nan,20,20,80,Right,Right,124,163,166,6,nan,nan,0.21
11/11/2025 18:56:35,1.17.2,Bandit80,18,4.08,1,20,20,80,Pellet,Right,124,163,167,6,0.17,22,nan
11/11/2025 18:56:49,1.17.2,Bandit80,18,4.07,nan,20,20,80,Right,Right,124,164,167,7,nan,nan,0.05
11/11/2025 18:56:50,1.17.2,Bandit80,18,4.08,1,20,20,80,Pellet,Right,124,164,168,7,0.29,15,nan
11/11/2025 18:57:00,1.17.2,Bandit80,18,4.07,nan,20,20,80,Right,Right,124,165,168,8,nan,nan,0.09
11/11/2025 18:57:01,1.17.2,Bandit80,18,4.07,1,20,20,80,Pellet,Right,124,165,169,8,0.59,11,nan
11/11/2025 18:57:35,1.17.2,Bandit80,18,4.07,nan,20,20,80,Right,Right,124,166,169,9,nan,nan,0.08
11/11/2025 18:57:36,1.17.2,Bandit80,18,4.07,1,20,20,80,Pellet,Right,124,166,170,9,0.23,35,nan
11/11/2025 18:58:07,1.17.2,Bandit80,18,4.08,nan,20,20,80,Left,Right,125,166,170,10,nan,nan,0.00
11/11/2025 19:01:01,1.17.2,Bandit80,18,4.08,nan,20,20,80,Right,Right,125,167,170,10,nan,nan,0.14
11/11/2025 19:01:02,1.17.2,Bandit80,18,4.07,1,20,20,80,Pellet,Right,125,167,171,10,0.71,206,nan
11/11/2025 19:01:14,1.17.2,Bandit80,18,4.07,nan,20,20,80,Right,Right,125,168,171,11,nan,nan,0.08
11/11/2025 19:09:57,1.17.2,Bandit80,18,4.08,nan,20,20,80,Right,Right,125,169,171,11,nan,nan,0.04
11/11/2025 19:09:58,1.17.2,Bandit80,18,4.06,1,20,20,80,Pellet,Right,125,169,172,11,0.23,536,nan
11/11/2025 19:14:26,1.17.2,Bandit80,18,4.07,nan,20,20,80,Left,Right,126,169,172,12,nan,nan,0.04
11/11/2025 19:25:06,1.17.2,Bandit80,18,4.07,nan,20,20,80,Right,Right,126,170,172,12,nan,nan,0.11
11/11/2025 19:25:57,1.17.2,Bandit80,18,4.07,nan,20,20,80,Right,Right,126,171,172,12,nan,nan,0.02
11/11/2025 19:25:59,1.17.2,Bandit80,18,4.07,nan,20,20,80,RightinTimeout,Right,126,171,172,12,nan,nan,0.00
11/11/2025 19:29:01,1.17.2,Bandit80,18,4.07,nan,20,20,80,Right,Right,126,172,172,12,nan,nan,0.10
11/11/2025 19:29:06,1.17.2,Bandit80,18,4.07,1,20,20,80,Pellet,Right,126,172,173,12,3.89,1148,nan
11/11/2025 19:29:22,1.17.2,Bandit80,18,4.07,nan,20,20,80,Left,Right,127,172,173,13,nan,nan,0.27
11/11/2025 19:29:24,1.17.2,Bandit80,18,4.08,nan,20,20,80,LeftinTimeOut,Right,127,172,173,13,nan,nan,nan
11/11/2025 19:30:31,1.17.2,Bandit80,18,4.07,nan,20,20,80,Left,Right,128,172,173,13,nan,nan,0.09
11/11/2025 19:30:34,1.17.2,Bandit80,18,4.07,nan,20,20,80,LeftinTimeOut,Right,128,172,173,13,nan,nan,nan
11/11/2025 19:32:05,1.17.2,Bandit80,18,4.07,nan,20,20,80,Left,Right,129,172,173,13,nan,nan,0.13
11/11/2025 19:32:15,1.17.2,Bandit80,18,4.07,nan,20,20,80,RightinTimeout,Right,129,172,173,13,nan,nan,0.00
11/11/2025 19:33:36,1.17.2,Bandit80,18,4.08,nan,20,20,80,Right,Right,129,173,173,13,nan,nan,0.14
11/11/2025 19:33:37,1.17.2,Bandit80,18,4.07,1,20,20,80,Pellet,Right,129,173,174,13,0.59,271,nan
11/11/2025 19:33:47,1.17.2,Bandit80,18,4.07,nan,20,20,80,Left,Right,130,173,174,14,nan,nan,0.07
11/11/2025 19:33:48,1.17.2,Bandit80,18,4.07,nan,20,20,80,LeftinTimeOut,Right,130,173,174,14,nan,nan,nan
11/11/2025 19:33:52,1.17.2,Bandit80,18,4.07,nan,20,20,80,RightinTimeout,Right,130,173,174,14,nan,nan,0.00
11/11/2025 19:34:17,1.17.2,Bandit80,18,4.07,nan,20,20,80,Left,Right,131,173,174,14,nan,nan,0.18
11/11/2025 19:38:16,1.17.2,Bandit80,18,4.07,nan,20,20,80,Right,Right,131,174,174,14,nan,nan,0.20
11/11/2025 19:38:17,1.17.2,Bandit80,18,4.07,nan,20,20,80,RightinTimeout,Right,131,174,174,14,nan,nan,0.00
11/11/2025 19:38:19,1.17.2,Bandit80,18,4.07,nan,20,20,80,RightinTimeout,Right,131,174,174,14,nan,nan,0.00
11/11/2025 19:38:20,1.17.2,Bandit80,18,4.07,nan,20,20,80,RightinTimeout,Right,131,174,174,14,nan,nan,0.00
11/11/2025 19:38:22,1.17.2,Bandit80,18,4.07,nan,20,20,80,LeftinTimeOut,Right,131,174,174,14,nan,nan,nan
11/11/2025 19:38:56,1.17.2,Bandit80,18,4.07,nan,20,20,80,Left,Right,132,174,174,14,nan,nan,0.03
11/11/2025 19:39:39,1.17.2,Bandit80,18,4.07,nan,20,20,80,Right,Right,132,175,174,14,nan,nan,0.01
11/11/2025 19:39:42,1.17.2,Bandit80,18,4.07,2,20,20,80,Pellet,Right,132,175,175,14,0.23,365,nan
11/11/2025 19:39:52,1.17.2,Bandit80,18,4.07,nan,20,20,80,Right,Right,132,176,175,15,nan,nan,0.05
11/11/2025 19:39:53,1.17.2,Bandit80,18,4.07,1,20,20,80,Pellet,Right,132,176,176,15,0.23,11,nan
11/11/2025 19:40:04,1.17.2,Bandit80,18,4.08,nan,20,20,80,Right,Right,132,177,176,16,nan,nan,0.10
11/11/2025 19:40:05,1.17.2,Bandit80,18,4.07,1,20,20,80,Pellet,Right,132,177,177,16,0.23,12,nan
11/11/2025 19:40:15,1.17.2,Bandit80,18,4.07,nan,20,20,80,Right,Right,132,178,177,17,nan,nan,0.04
11/11/2025 19:40:16,1.17.2,Bandit80,18,4.07,nan,20,20,80,RightinTimeout,Right,132,178,177,17,nan,nan,0.00
11/11/2025 19:40:19,1.17.2,Bandit80,18,4.07,nan,20,20,80,RightinTimeout,Right,132,178,177,17,nan,nan,0.00
11/11/2025 19:40:22,1.17.2,Bandit80,18,4.07,nan,20,20,80,RightinTimeout,Right,132,178,177,17,nan,nan,0.00
11/11/2025 19:42:16,1.17.2,Bandit80,18,4.07,nan,20,20,80,Left,Right,133,178,177,17,nan,nan,0.16
11/11/2025 19:42:18,1.17.2,Bandit80,18,4.07,nan,20,20,80,LeftinTimeOut,Right,133,178,177,17,nan,nan,nan
11/11/2025 19:42:18,1.17.2,Bandit80,18,4.07,nan,20,20,80,LeftinTimeOut,Right,133,178,177,17,nan,nan,nan
11/11/2025 19:42:20,1.17.2,Bandit80,18,4.08,nan,20,20,80,LeftinTimeOut,Right,133,178,177,17,nan,nan,nan
11/11/2025 19:42:21,1.17.2,Bandit80,18,4.07,nan,20,20,80,LeftinTimeOut,Right,133,178,177,17,nan,nan,nan
11/11/2025 19:43:36,1.17.2,Bandit80,18,4.07,nan,20,20,80,Right,Right,133,179,177,17,nan,nan,0.14
11/11/2025 19:43:55,1.17.2,Bandit80,18,4.07,nan,20,20,80,Left,Right,134,179,177,17,nan,nan,0.10
11/11/2025 19:44:34,1.17.2,Bandit80,18,4.07,nan,20,20,80,Right,Right,134,180,177,17,nan,nan,0.04
11/11/2025 19:44:36,1.17.2,Bandit80,18,4.07,1,20,20,80,Pellet,Right,134,180,178,17,0.23,270,nan
11/11/2025 19:44:47,1.17.2,Bandit80,18,4.08,nan,20,20,80,Right,Right,134,181,178,18,nan,nan,0.09
11/11/2025 19:44:48,1.17.2,Bandit80,18,4.08,1,20,20,80,Pellet,Right,134,181,179,18,0.29,13,nan
11/11/2025 19:45:01,1.17.2,Bandit80,18,4.07,nan,20,20,80,Right,Right,134,182,179,19,nan,nan,0.22
11/11/2025 19:45:02,1.17.2,Bandit80,18,4.07,1,20,20,80,Pellet,Right,134,182,180,19,0.23,14,nan
11/11/2025 19:46:24,1.17.2,Bandit80,18,4.07,nan,20,80,20,Left,Left,135,182,180,0,nan,nan,0.09
11/11/2025 19:46:26,1.17.2,Bandit80,18,4.07,1,20,80,20,Pellet,Left,135,182,181,0,0.29,83,nan
11/11/2025 19:46:33,1.17.2,Bandit80,18,4.07,nan,20,80,20,Left,Left,136,182,181,1,nan,nan,0.01
11/11/2025 19:46:34,1.17.2,Bandit80,18,4.07,1,20,80,20,Pellet,Left,136,182,182,1,0.29,9,nan
11/11/2025 19:46:40,1.17.2,Bandit80,18,4.07,nan,20,80,20,Left,Left,137,182,182,2,nan,nan,0.10
11/11/2025 19:46:42,1.17.2,Bandit80,18,4.07,1,20,80,20,Pellet,Left,137,182,183,2,0.47,8,nan
11/11/2025 19:46:49,1.17.2,Bandit80,18,4.07,nan,20,80,20,Left,Left,138,182,183,3,nan,nan,0.04
11/11/2025 19:46:51,1.17.2,Bandit80,18,4.07,1,20,80,20,Pellet,Left,138,182,184,3,0.77,9,nan
11/11/2025 19:47:49,1.17.2,Bandit80,18,4.07,nan,20,80,20,Left,Left,139,182,184,4,nan,nan,0.15
11/11/2025 19:51:27,1.17.2,Bandit80,18,4.07,nan,20,80,20,Left,Left,140,182,184,4,nan,nan,0.20
11/11/2025 19:57:07,1.17.2,Bandit80,18,4.07,nan,20,80,20,Right,Left,140,183,184,4,nan,nan,0.20
11/11/2025 19:58:24,1.17.2,Bandit80,18,4.07,nan,20,80,20,Left,Left,141,183,184,4,nan,nan,0.20
11/11/2025 19:58:25,1.17.2,Bandit80,18,4.07,1,20,80,20,Pellet,Left,141,183,185,4,0.12,694,nan
11/11/2025 19:58:37,1.17.2,Bandit80,18,4.07,nan,20,80,20,Left,Left,142,183,185,5,nan,nan,0.26
11/11/2025 19:58:38,1.17.2,Bandit80,18,4.07,1,20,80,20,Pellet,Left,142,183,186,5,0.23,13,nan
11/11/2025 19:58:51,1.17.2,Bandit80,18,4.07,nan,20,80,20,Left,Left,143,183,186,6,nan,nan,0.15
11/11/2025 19:58:53,1.17.2,Bandit80,18,4.07,1,20,80,20,Pellet,Left,143,183,187,6,0.53,14,nan
11/11/2025 19:59:19,1.17.2,Bandit80,18,4.07,nan,20,80,20,Right,Left,143,184,187,7,nan,nan,0.05
11/11/2025 19:59:22,1.17.2,Bandit80,18,4.07,nan,20,80,20,LeftinTimeOut,Left,143,184,187,7,nan,nan,nan
11/11/2025 20:00:38,1.17.2,Bandit80,18,4.08,nan,20,80,20,Left,Left,144,184,187,7,nan,nan,0.05
11/11/2025 20:00:40,1.17.2,Bandit80,18,4.07,1,20,80,20,Pellet,Left,144,184,188,7,0.47,108,nan
11/11/2025 20:00:50,1.17.2,Bandit80,18,4.07,nan,20,80,20,Left,Left,145,184,188,8,nan,nan,0.06
11/11/2025 20:00:51,1.17.2,Bandit80,18,4.07,1,20,80,20,Pellet,Left,145,184,189,8,0.23,11,nan
11/11/2025 20:01:01,1.17.2,Bandit80,18,4.07,nan,20,80,20,Left,Left,146,184,189,9,nan,nan,0.04
11/11/2025 20:01:02,1.17.2,Bandit80,18,4.07,1,20,80,20,Pellet,Left,146,184,190,9,0.12,11,nan
11/11/2025 20:01:12,1.17.2,Bandit80,18,4.07,nan,20,80,20,Left,Left,147,184,190,10,nan,nan,0.14
11/11/2025 20:01:13,1.17.2,Bandit80,18,4.07,1,20,80,20,Pellet,Left,147,184,191,10,0.23,11,nan
11/11/2025 20:02:50,1.17.2,Bandit80,18,4.07,nan,20,80,20,Left,Left,148,184,191,11,nan,nan,0.00
11/11/2025 20:02:51,1.17.2,Bandit80,18,4.07,1,20,80,20,Pellet,Left,148,184,192,11,0.41,98,nan
11/11/2025 20:03:13,1.17.2,Bandit80,18,4.07,nan,20,80,20,Right,Left,148,185,192,12,nan,nan,0.02
11/11/2025 20:10:13,1.17.2,Bandit80,18,4.07,nan,20,80,20,Left,Left,149,185,192,12,nan,nan,0.06
11/11/2025 20:10:20,1.17.2,Bandit80,18,4.07,1,20,80,20,Pellet,Left,149,185,193,12,6.05,449,nan
11/11/2025 20:10:57,1.17.2,Bandit80,18,4.07,nan,20,80,20,Left,Left,150,185,193,13,nan,nan,0.07
11/11/2025 20:10:58,1.17.2,Bandit80,18,4.07,1,20,80,20,Pellet,Left,150,185,194,13,0.17,38,nan
11/11/2025 20:11:08,1.17.2,Bandit80,18,4.07,nan,20,80,20,Left,Left,151,185,194,14,nan,nan,0.29
11/11/2025 20:11:09,1.17.2,Bandit80,18,4.07,1,20,80,20,Pellet,Left,151,185,195,14,0.23,11,nan
11/11/2025 20:11:19,1.17.2,Bandit80,18,4.07,nan,20,80,20,Left,Left,152,185,195,15,nan,nan,0.22
11/11/2025 20:11:21,1.17.2,Bandit80,18,4.07,nan,20,80,20,LeftinTimeOut,Left,152,185,195,15,nan,nan,nan
11/11/2025 20:11:23,1.17.2,Bandit80,18,4.07,nan,20,80,20,LeftinTimeOut,Left,152,185,195,15,nan,nan,nan
11/11/2025 20:11:24,1.17.2,Bandit80,18,4.07,nan,20,80,20,LeftinTimeOut,Left,152,185,195,15,nan,nan,nan
11/11/2025 20:21:17,1.17.2,Bandit80,18,4.07,nan,20,80,20,Left,Left,153,185,195,15,nan,nan,0.10
11/11/2025 20:21:21,1.17.2,Bandit80,18,4.07,nan,20,80,20,LeftWithPellet,Left,153,185,195,15,nan,nan,0.09
11/11/2025 20:23:23,1.17.2,Bandit80,18,4.07,1,20,80,20,Pellet,Left,153,185,196,15,Timed_out,734,nan
11/11/2025 20:26:53,1.17.2,Bandit80,18,4.07,nan,20,80,20,Right,Left,153,186,196,16,nan,nan,0.03
11/11/2025 20:26:56,1.17.2,Bandit80,18,4.07,2,20,80,20,Pellet,Left,153,186,197,16,0.53,213,nan
11/11/2025 20:27:16,1.17.2,Bandit80,18,4.07,nan,20,80,20,Left,Left,154,186,197,17,nan,nan,0.18
11/11/2025 20:27:17,1.17.2,Bandit80,18,4.07,1,20,80,20,Pellet,Left,154,186,198,17,0.47,21,nan
11/11/2025 20:27:24,1.17.2,Bandit80,18,4.07,nan,20,80,20,Left,Left,155,186,198,18,nan,nan,0.11
11/11/2025 20:27:25,1.17.2,Bandit80,18,4.07,1,20,80,20,Pellet,Left,155,186,199,18,0.23,8,nan
11/11/2025 20:27:37,1.17.2,Bandit80,18,4.07,nan,20,80,20,Left,Left,156,186,199,19,nan,nan,0.13
11/11/2025 20:27:38,1.17.2,Bandit80,18,4.07,1,20,80,20,Pellet,Left,156,186,200,19,0.29,13,nan
11/11/2025 20:27:55,1.17.2,Bandit80,18,4.07,nan,20,20,80,Left,Right,157,186,200,0,nan,nan,0.15
11/11/2025 20:27:56,1.17.2,Bandit80,18,4.07,nan,20,20,80,LeftinTimeOut,Right,157,186,200,0,nan,nan,nan
11/11/2025 20:49:49,1.17.2,Bandit80,18,4.07,nan,20,20,80,Right,Right,157,187,200,0,nan,nan,0.24
11/11/2025 20:49:51,1.17.2,Bandit80,18,4.07,1,20,20,80,Pellet,Right,157,187,201,0,0.65,1332,nan
11/11/2025 20:49:59,1.17.2,Bandit80,18,4.07,nan,20,20,80,Right,Right,157,188,201,1,nan,nan,0.02
11/11/2025 20:50:00,1.17.2,Bandit80,18,4.07,1,20,20,80,Pellet,Right,157,188,202,1,0.23,10,nan
11/11/2025 20:50:16,1.17.2,Bandit80,18,4.07,nan,20,20,80,Right,Right,157,189,202,2,nan,nan,0.07
11/11/2025 20:50:17,1.17.2,Bandit80,18,4.07,1,20,20,80,Pellet,Right,157,189,203,2,0.17,16,nan
11/11/2025 20:50:35,1.17.2,Bandit80,18,4.07,nan,20,20,80,Right,Right,157,190,203,3,nan,nan,0.00
11/11/2025 20:50:36,1.17.2,Bandit80,18,4.07,nan,20,20,80,RightDuringDispense,Right,157,190,203,3,nan,nan,0.02
11/11/2025 20:50:39,1.17.2,Bandit80,18,4.07,3,20,20,80,Pellet,Right,157,190,204,3,0.06,23,nan
11/11/2025 20:50:53,1.17.2,Bandit80,18,4.07,nan,20,20,80,Right,Right,157,191,204,4,nan,nan,0.38
11/11/2025 20:50:54,1.17.2,Bandit80,18,4.07,2,20,20,80,Pellet,Right,157,191,205,4,0.23,15,nan
11/11/2025 20:51:16,1.17.2,Bandit80,18,4.07,nan,20,20,80,Right,Right,157,192,205,5,nan,nan,0.11
11/11/2025 20:53:50,1.17.2,Bandit80,18,4.07,nan,20,20,80,Right,Right,157,193,205,5,nan,nan,0.27
11/11/2025 20:53:51,1.17.2,Bandit80,18,4.07,1,20,20,80,Pellet,Right,157,193,206,5,0.23,177,nan
11/11/2025 20:54:01,1.17.2,Bandit80,18,4.07,nan,20,20,80,Right,Right,157,194,206,6,nan,nan,0.28
11/11/2025 20:54:02,1.17.2,Bandit80,18,4.07,1,20,20,80,Pellet,Right,157,194,207,6,0.41,11,nan
11/11/2025 20:54:09,1.17.2,Bandit80,18,4.07,nan,20,20,80,Right,Right,157,195,207,7,nan,nan,0.44
11/11/2025 20:54:36,1.17.2,Bandit80,18,4.07,nan,20,20,80,Left,Right,158,195,207,7,nan,nan,0.36
11/11/2025 20:54:37,1.17.2,Bandit80,18,4.07,1,20,20,80,Pellet,Right,158,195,208,7,0.47,35,nan
11/11/2025 20:54:43,1.17.2,Bandit80,18,4.07,nan,20,20,80,Left,Right,159,195,208,8,nan,nan,0.10
11/11/2025 20:54:44,1.17.2,Bandit80,18,4.07,nan,20,20,80,LeftinTimeOut,Right,159,195,208,8,nan,nan,nan
11/11/2025 21:03:48,1.17.2,Bandit80,18,4.07,nan,20,20,80,Left,Right,160,195,208,8,nan,nan,0.09
11/11/2025 21:16:38,1.17.2,Bandit80,18,4.07,nan,20,20,80,Right,Right,160,196,208,8,nan,nan,0.17
11/11/2025 21:19:48,1.17.2,Bandit80,18,4.07,nan,20,20,80,Right,Right,160,197,208,8,nan,nan,0.20
11/11/2025 21:19:49,1.17.2,Bandit80,18,4.07,1,20,20,80,Pellet,Right,160,197,209,8,0.41,1512,nan
11/11/2025 21:34:09,1.17.2,Bandit80,18,4.07,nan,20,20,80,Right,Right,160,198,209,9,nan,nan,0.23
11/11/2025 21:34:11,1.17.2,Bandit80,18,4.07,1,20,20,80,Pellet,Right,160,198,210,9,0.35,862,nan
11/11/2025 21:43:57,1.17.2,Bandit80,18,4.07,nan,20,20,80,Right,Right,160,199,210,10,nan,nan,0.27
11/11/2025 21:46:23,1.17.2,Bandit80,18,4.07,nan,20,20,80,Left,Right,161,199,210,10,nan,nan,0.11
11/11/2025 21:46:24,1.17.2,Bandit80,18,4.07,nan,20,20,80,LeftinTimeOut,Right,161,199,210,10,nan,nan,nan
11/11/2025 22:00:08,1.17.2,Bandit80,18,4.07,nan,20,20,80,Right,Right,161,200,210,10,nan,nan,0.45
11/11/2025 22:00:09,1.17.2,Bandit80,18,4.07,1,20,20,80,Pellet,Right,161,200,211,10,0.23,1558,nan
11/11/2025 22:00:21,1.17.2,Bandit80,18,4.07,nan,20,20,80,Right,Right,161,201,211,11,nan,nan,0.22
11/11/2025 22:00:22,1.17.2,Bandit80,18,4.07,nan,20,20,80,RightinTimeout,Right,161,201,211,11,nan,nan,0.00
11/11/2025 22:00:22,1.17.2,Bandit80,18,4.07,nan,20,20,80,RightinTimeout,Right,161,201,211,11,nan,nan,0.00
11/11/2025 22:00:23,1.17.2,Bandit80,18,4.07,nan,20,20,80,RightinTimeout,Right,161,201,211,11,nan,nan,0.00
11/11/2025 22:00:25,1.17.2,Bandit80,18,4.07,nan,20,20,80,RightinTimeout,Right,161,201,211,11,nan,nan,0.00
11/11/2025 22:00:26,1.17.2,Bandit80,18,4.07,nan,20,20,80,RightinTimeout,Right,161,201,211,11,nan,nan,0.00
11/11/2025 22:00:27,1.17.2,Bandit80,18,4.07,nan,20,20,80,RightinTimeout,Right,161,201,211,11,nan,nan,0.00
11/11/2025 22:00:32,1.17.2,Bandit80,18,4.07,nan,20,20,80,LeftinTimeOut,Right,161,201,211,11,nan,nan,nan
11/11/2025 22:00:34,1.17.2,Bandit80,18,4.07,nan,20,20,80,LeftinTimeOut,Right,161,201,211,11,nan,nan,nan
11/11/2025 22:02:28,1.17.2,Bandit80,18,4.07,nan,20,20,80,Right,Right,161,202,211,11,nan,nan,0.19
11/11/2025 22:02:29,1.17.2,Bandit80,18,4.07,1,20,20,80,Pellet,Right,161,202,212,11,0.17,140,nan
11/11/2025 22:02:40,1.17.2,Bandit80,18,4.07,nan,20,20,80,Right,Right,161,203,212,12,nan,nan,0.03
11/11/2025 22:02:41,1.17.2,Bandit80,18,4.07,1,20,20,80,Pellet,Right,161,203,213,12,0.23,12,nan
11/11/2025 22:03:01,1.17.2,Bandit80,18,4.07,nan,20,20,80,Right,Right,161,204,213,13,nan,nan,0.57
11/11/2025 22:03:02,1.17.2,Bandit80,18,4.07,1,20,20,80,Pellet,Right,161,204,214,13,0.17,21,nan
11/11/2025 22:03:17,1.17.2,Bandit80,18,4.07,nan,20,20,80,Right,Right,161,205,214,14,nan,nan,0.49
11/11/2025 22:03:20,1.17.2,Bandit80,18,4.07,nan,20,20,80,RightinTimeout,Right,161,205,214,14,nan,nan,0.00
11/11/2025 22:03:20,1.17.2,Bandit80,18,4.07,nan,20,20,80,RightinTimeout,Right,161,205,214,14,nan,nan,0.00
11/11/2025 22:03:22,1.17.2,Bandit80,18,4.06,nan,20,20,80,RightinTimeout,Right,161,205,214,14,nan,nan,0.00
11/11/2025 22:03:25,1.17.2,Bandit80,18,4.07,nan,20,20,80,RightinTimeout,Right,161,205,214,14,nan,nan,0.00
11/11/2025 22:03:25,1.17.2,Bandit80,18,4.06,nan,20,20,80,RightinTimeout,Right,161,205,214,14,nan,nan,0.00
11/11/2025 22:03:26,1.17.2,Bandit80,18,4.07,nan,20,20,80,RightinTimeout,Right,161,205,214,14,nan,nan,0.00
11/11/2025 22:03:27,1.17.2,Bandit80,18,4.07,nan,20,20,80,LeftinTimeOut,Right,161,205,214,14,nan,nan,nan
11/11/2025 22:08:02,1.17.2,Bandit80,18,4.07,nan,20,20,80,Right,Right,161,206,214,14,nan,nan,0.00
11/11/2025 22:08:03,1.17.2,Bandit80,18,4.07,1,20,20,80,Pellet,Right,161,206,215,14,0.23,301,nan
11/11/2025 22:08:11,1.17.2,Bandit80,18,4.07,nan,20,20,80,Right,Right,161,207,215,15,nan,nan,0.03
11/11/2025 22:08:12,1.17.2,Bandit80,18,4.07,1,20,20,80,Pellet,Right,161,207,216,15,0.17,9,nan
11/11/2025 22:08:37,1.17.2,Bandit80,18,4.07,nan,20,20,80,Right,Right,161,208,216,16,nan,nan,0.09
11/11/2025 22:08:38,1.17.2,Bandit80,18,4.07,1,20,20,80,Pellet,Right,161,208,217,16,0.29,26,nan
11/11/2025 22:08:49,1.17.2,Bandit80,18,4.06,nan,20,20,80,Left,Right,162,208,217,17,nan,nan,0.06
11/11/2025 22:08:50,1.17.2,Bandit80,18,4.07,nan,20,20,80,LeftinTimeOut,Right,162,208,217,17,nan,nan,nan
11/11/2025 22:08:51,1.17.2,Bandit80,18,4.07,nan,20,20,80,LeftinTimeOut,Right,162,208,217,17,nan,nan,nan
11/11/2025 22:13:19,1.17.2,Bandit80,18,4.07,nan,20,20,80,Right,Right,162,209,217,17,nan,nan,0.28
11/11/2025 22:13:20,1.17.2,Bandit80,18,4.07,1,20,20,80,Pellet,Right,162,209,218,17,0.29,282,nan
11/11/2025 22:13:40,1.17.2,Bandit80,18,4.07,nan,20,20,80,Right,Right,162,210,218,18,nan,nan,0.20
11/11/2025 22:13:41,1.17.2,Bandit80,18,4.07,1,20,20,80,Pellet,Right,162,210,219,18,0.29,21,nan
11/11/2025 22:13:54,1.17.2,Bandit80,18,4.07,nan,20,20,80,Right,Right,162,211,219,19,nan,nan,0.05
11/11/2025 22:13:55,1.17.2,Bandit80,18,4.07,1,20,20,80,Pellet,Right,162,211,220,19,0.29,14,nan
11/11/2025 22:14:01,1.17.2,Bandit80,18,4.07,nan,20,80,20,Right,Left,162,212,220,0,nan,nan,0.03
11/11/2025 22:14:01,1.17.2,Bandit80,18,4.07,nan,20,80,20,RightinTimeout,Left,162,212,220,0,nan,nan,0.00
11/11/2025 22:19:37,1.17.2,Bandit80,18,4.07,nan,20,80,20,Right,Left,162,213,220,0,nan,nan,0.08
11/11/2025 22:19:39,1.17.2,Bandit80,18,4.07,nan,20,80,20,RightinTimeout,Left,162,213,220,0,nan,nan,0.00
11/11/2025 22:19:42,1.17.2,Bandit80,18,4.07,nan,20,80,20,RightinTimeout,Left,162,213,220,0,nan,nan,0.00
11/11/2025 22:22:29,1.17.2,Bandit80,18,4.07,nan,20,80,20,Left,Left,163,213,220,0,nan,nan,0.10
11/11/2025 22:22:30,1.17.2,Bandit80,18,4.07,1,20,80,20,Pellet,Left,163,213,221,0,0.29,515,nan
11/11/2025 22:22:37,1.17.2,Bandit80,18,4.07,nan,20,80,20,Left,Left,164,213,221,1,nan,nan,0.11
11/11/2025 22:22:38,1.17.2,Bandit80,18,4.07,1,20,80,20,Pellet,Left,164,213,222,1,0.17,8,nan
11/11/2025 22:22:54,1.17.2,Bandit80,18,4.07,nan,20,80,20,Left,Left,165,213,222,2,nan,nan,0.09
11/11/2025 22:22:55,1.17.2,Bandit80,18,4.06,1,20,80,20,Pellet,Left,165,213,223,2,0.77,17,nan
11/11/2025 22:23:01,1.17.2,Bandit80,18,4.07,nan,20,80,20,Left,Left,166,213,223,3,nan,nan,0.10
11/11/2025 22:23:03,1.17.2,Bandit80,18,4.07,nan,20,80,20,LeftinTimeOut,Left,166,213,223,3,nan,nan,nan
11/11/2025 22:23:05,1.17.2,Bandit80,18,4.06,nan,20,80,20,LeftinTimeOut,Left,166,213,223,3,nan,nan,nan
11/11/2025 22:35:39,1.17.2,Bandit80,18,4.07,nan,20,80,20,Right,Left,166,214,223,3,nan,nan,0.02
11/11/2025 22:37:28,1.17.2,Bandit80,18,4.07,nan,20,80,20,Left,Left,167,214,223,3,nan,nan,0.16
11/11/2025 22:37:30,1.17.2,Bandit80,18,4.06,1,20,80,20,Pellet,Left,167,214,224,3,1.91,875,nan
11/11/2025 22:39:31,1.17.2,Bandit80,18,4.07,nan,20,80,20,Left,Left,168,214,224,4,nan,nan,0.21
11/11/2025 22:40:25,1.17.2,Bandit80,18,4.07,nan,20,80,20,Right,Left,168,215,224,4,nan,nan,0.03
11/11/2025 22:43:01,1.17.2,Bandit80,18,4.06,nan,20,80,20,Right,Left,168,216,224,4,nan,nan,0.04
11/11/2025 22:44:08,1.17.2,Bandit80,18,4.07,nan,20,80,20,LeftWithPellet,Left,168,216,224,4,nan,nan,0.21
11/11/2025 22:44:10,1.17.2,Bandit80,18,4.07,1,20,80,20,Pellet,Left,168,216,225,4,Timed_out,400,nan
11/11/2025 22:48:06,1.17.2,Bandit80,18,4.07,nan,20,80,20,Right,Left,168,217,225,5,nan,nan,0.15
11/11/2025 22:48:08,1.17.2,Bandit80,18,4.07,1,20,80,20,Pellet,Left,168,217,226,5,0.83,238,nan
11/11/2025 22:48:16,1.17.2,Bandit80,18,4.07,nan,20,80,20,Right,Left,168,218,226,6,nan,nan,0.05
11/11/2025 22:54:33,1.17.2,Bandit80,18,4.06,nan,20,80,20,Left,Left,169,218,226,6,nan,nan,0.02
11/11/2025 22:54:34,1.17.2,Bandit80,18,4.07,1,20,80,20,Pellet,Left,169,218,227,6,0.41,386,nan
11/11/2025 22:54:47,1.17.2,Bandit80,18,4.06,nan,20,80,20,Left,Left,170,218,227,7,nan,nan,0.21
11/11/2025 22:54:48,1.17.2,Bandit80,18,4.07,2,20,80,20,Pellet,Left,170,218,228,7,0.17,14,nan
11/11/2025 22:54:57,1.17.2,Bandit80,18,4.06,nan,20,80,20,Left,Left,171,218,228,8,nan,nan,0.06
11/11/2025 22:54:58,1.17.2,Bandit80,18,4.07,1,20,80,20,Pellet,Left,171,218,229,8,0.06,10,nan
11/11/2025 22:55:08,1.17.2,Bandit80,18,4.07,nan,20,80,20,Left,Left,172,218,229,9,nan,nan,0.09
11/11/2025 22:55:09,1.17.2,Bandit80,18,4.07,1,20,80,20,Pellet,Left,172,218,230,9,0.41,11,nan
11/11/2025 22:55:21,1.17.2,Bandit80,18,4.07,nan,20,80,20,Left,Left,173,218,230,10,nan,nan,0.06
11/11/2025 22:55:22,1.17.2,Bandit80,18,4.07,1,20,80,20,Pellet,Left,173,218,231,10,0.23,13,nan
11/11/2025 22:55:34,1.17.2,Bandit80,18,4.07,nan,20,80,20,Left,Left,174,218,231,11,nan,nan,0.12
11/11/2025 23:08:39,1.17.2,Bandit80,18,4.06,nan,20,80,20,Right,Left,174,219,231,11,nan,nan,0.13
11/11/2025 23:15:15,1.17.2,Bandit80,18,4.07,nan,20,80,20,Right,Left,174,220,231,11,nan,nan,0.04
11/11/2025 23:15:17,1.17.2,Bandit80,18,4.07,nan,20,80,20,RightinTimeout,Left,174,220,231,11,nan,nan,0.00
11/11/2025 23:25:10,1.17.2,Bandit80,18,4.06,nan,20,80,20,Right,Left,174,221,231,11,nan,nan,0.62
11/11/2025 23:25:11,1.17.2,Bandit80,18,4.07,1,20,80,20,Pellet,Left,174,221,232,11,0.41,1789,nan
11/11/2025 23:25:30,1.17.2,Bandit80,18,4.07,nan,20,80,20,Right,Left,174,222,232,12,nan,nan,0.60
11/11/2025 23:25:31,1.17.2,Bandit80,18,4.06,nan,20,80,20,RightinTimeout,Left,174,222,232,12,nan,nan,0.00
11/11/2025 23:25:31,1.17.2,Bandit80,18,4.07,nan,20,80,20,RightinTimeout,Left,174,222,232,12,nan,nan,0.00
11/11/2025 23:25:40,1.17.2,Bandit80,18,4.06,nan,20,80,20,LeftinTimeOut,Left,174,222,232,12,nan,nan,nan
11/11/2025 23:25:45,1.17.2,Bandit80,18,4.07,nan,20,80,20,LeftinTimeOut,Left,174,222,232,12,nan,nan,nan
11/11/2025 23:32:25,1.17.2,Bandit80,18,4.07,nan,20,80,20,Right,Left,174,223,232,12,nan,nan,0.10
11/11/2025 23:33:57,1.17.2,Bandit80,18,4.07,nan,20,80,20,Left,Left,175,223,232,12,nan,nan,0.13
11/11/2025 23:33:58,1.17.2,Bandit80,18,4.07,1,20,80,20,Pellet,Left,175,223,233,12,0.65,527,nan
11/11/2025 23:34:11,1.17.2,Bandit80,18,4.06,nan,20,80,20,Left,Left,176,223,233,13,nan,nan,0.20
11/11/2025 23:34:12,1.17.2,Bandit80,18,4.07,1,20,80,20,Pellet,Left,176,223,234,13,0.35,14,nan
11/11/2025 23:34:19,1.17.2,Bandit80,18,4.06,nan,20,80,20,Left,Left,177,223,234,14,nan,nan,0.10
11/11/2025 23:34:20,1.17.2,Bandit80,18,4.06,1,20,80,20,Pellet,Left,177,223,235,14,0.23,8,nan
11/11/2025 23:34:37,1.17.2,Bandit80,18,4.06,nan,20,80,20,Left,Left,178,223,235,15,nan,nan,0.22
11/11/2025 23:34:38,1.17.2,Bandit80,18,4.07,1,20,80,20,Pellet,Left,178,223,236,15,0.29,18,nan
11/11/2025 23:34:45,1.17.2,Bandit80,18,4.06,nan,20,80,20,Left,Left,179,223,236,16,nan,nan,0.13
11/11/2025 23:34:47,1.17.2,Bandit80,18,4.06,nan,20,80,20,LeftinTimeOut,Left,179,223,236,16,nan,nan,nan
11/11/2025 23:35:48,1.17.2,Bandit80,18,4.07,nan,20,80,20,Left,Left,180,223,236,16,nan,nan,0.07
11/11/2025 23:35:50,1.17.2,Bandit80,18,4.07,1,20,80,20,Pellet,Left,180,223,237,16,1.43,72,nan
11/11/2025 23:36:05,1.17.2,Bandit80,18,4.07,nan,20,80,20,Left,Left,181,223,237,17,nan,nan,0.02
11/11/2025 23:36:07,1.17.2,Bandit80,18,4.07,1,20,80,20,Pellet,Left,181,223,238,17,0.65,17,nan
11/11/2025 23:37:07,1.17.2,Bandit80,18,4.07,nan,20,80,20,Left,Left,182,223,238,18,nan,nan,0.07
11/11/2025 23:38:01,1.17.2,Bandit80,18,4.06,nan,20,80,20,Right,Left,182,224,238,18,nan,nan,0.27
11/11/2025 23:38:02,1.17.2,Bandit80,18,4.06,1,20,80,20,Pellet,Left,182,224,239,18,0.35,115,nan
11/11/2025 23:38:13,1.17.2,Bandit80,18,4.07,nan,20,80,20,Right,Left,182,225,239,19,nan,nan,0.22
11/11/2025 23:38:18,1.17.2,Bandit80,18,4.07,nan,20,80,20,LeftinTimeOut,Left,182,225,239,19,nan,nan,nan
11/11/2025 23:38:20,1.17.2,Bandit80,18,4.07,nan,20,80,20,LeftinTimeOut,Left,182,225,239,19,nan,nan,nan
11/12/2025 0:00:54,1.17.2,Bandit80,18,4.07,nan,20,80,20,Left,Left,183,225,239,19,nan,nan,0.00
11/12/2025 0:00:56,1.17.2,Bandit80,18,4.07,1,20,80,20,Pellet,Left,183,225,240,19,1.07,1374,nan
11/12/2025 0:01:08,1.17.2,Bandit80,18,4.06,nan,20,20,80,Left,Right,184,225,240,0,nan,nan,0.06
11/12/2025 0:01:09,1.17.2,Bandit80,18,4.06,1,20,20,80,Pellet,Right,184,225,241,0,0.17,13,nan
11/12/2025 0:01:39,1.17.2,Bandit80,18,4.07,nan,20,20,80,Left,Right,185,225,241,1,nan,nan,0.04
11/12/2025 0:07:29,1.17.2,Bandit80,18,4.06,nan,20,20,80,Right,Right,185,226,241,1,nan,nan,0.30
11/12/2025 0:07:31,1.17.2,Bandit80,18,4.07,nan,20,20,80,RightinTimeout,Right,185,226,241,1,nan,nan,0.00
11/12/2025 0:08:13,1.17.2,Bandit80,18,4.07,nan,20,20,80,Left,Right,186,226,241,1,nan,nan,0.08
11/12/2025 0:09:07,1.17.2,Bandit80,18,4.06,nan,20,20,80,Right,Right,186,227,241,1,nan,nan,0.32
11/12/2025 0:09:08,1.17.2,Bandit80,18,4.06,1,20,20,80,Pellet,Right,186,227,242,1,0.29,479,nan
11/12/2025 0:09:14,1.17.2,Bandit80,18,4.06,nan,20,20,80,Right,Right,186,228,242,2,nan,nan,0.05
11/12/2025 0:09:15,1.17.2,Bandit80,18,4.07,1,20,20,80,Pellet,Right,186,228,243,2,0.17,7,nan
11/12/2025 0:09:26,1.17.2,Bandit80,18,4.07,nan,20,20,80,Right,Right,186,229,243,3,nan,nan,0.19
11/12/2025 0:09:27,1.17.2,Bandit80,18,4.06,1,20,20,80,Pellet,Right,186,229,244,3,0.17,12,nan
11/12/2025 0:09:48,1.17.2,Bandit80,18,4.06,nan,20,20,80,Right,Right,186,230,244,4,nan,nan,0.11
11/12/2025 0:09:50,1.17.2,Bandit80,18,4.06,2,20,20,80,Pellet,Right,186,230,245,4,0.12,23,nan
11/12/2025 0:09:59,1.17.2,Bandit80,18,4.06,nan,20,20,80,Right,Right,186,231,245,5,nan,nan,0.20
11/12/2025 0:10:00,1.17.2,Bandit80,18,4.06,1,20,20,80,Pellet,Right,186,231,246,5,0.17,10,nan
11/12/2025 0:10:11,1.17.2,Bandit80,18,4.06,nan,20,20,80,Right,Right,186,232,246,6,nan,nan,0.01
11/12/2025 0:10:12,1.17.2,Bandit80,18,4.06,1,20,20,80,Pellet,Right,186,232,247,6,0.29,12,nan
11/12/2025 0:10:26,1.17.2,Bandit80,18,4.06,nan,20,20,80,Right,Right,186,233,247,7,nan,nan,0.14
11/12/2025 0:10:28,1.17.2,Bandit80,18,4.06,1,20,20,80,Pellet,Right,186,233,248,7,0.53,16,nan
11/12/2025 0:10:37,1.17.2,Bandit80,18,4.06,nan,20,20,80,Right,Right,186,234,248,8,nan,nan,0.07
11/12/2025 0:10:38,1.17.2,Bandit80,18,4.06,1,20,20,80,Pellet,Right,186,234,249,8,0.35,10,nan
11/12/2025 0:11:11,1.17.2,Bandit80,18,4.06,nan,20,20,80,Right,Right,186,235,249,9,nan,nan,0.21
11/12/2025 0:12:52,1.17.2,Bandit80,18,4.07,nan,20,20,80,Right,Right,186,236,249,9,nan,nan,0.09
11/12/2025 0:12:57,1.17.2,Bandit80,18,4.06,1,20,20,80,Pellet,Right,186,236,250,9,4.19,139,nan
11/12/2025 0:13:16,1.17.2,Bandit80,18,4.07,nan,20,20,80,Left,Right,187,236,250,10,nan,nan,0.15
11/12/2025 0:20:11,1.17.2,Bandit80,18,4.06,nan,20,20,80,Right,Right,187,237,250,10,nan,nan,0.12
11/12/2025 0:20:12,1.17.2,Bandit80,18,4.06,2,20,20,80,Pellet,Right,187,237,251,10,0.06,435,nan
11/12/2025 0:25:08,1.17.2,Bandit80,18,4.06,nan,20,20,80,Right,Right,187,238,251,11,nan,nan,0.04
11/12/2025 0:25:09,1.17.2,Bandit80,18,4.06,1,20,20,80,Pellet,Right,187,238,252,11,0.29,297,nan
11/12/2025 0:25:22,1.17.2,Bandit80,18,4.07,nan,20,20,80,Right,Right,187,239,252,12,nan,nan,0.06
11/12/2025 0:25:23,1.17.2,Bandit80,18,4.06,1,20,20,80,Pellet,Right,187,239,253,12,0.35,14,nan
11/12/2025 1:22:29,1.17.2,Bandit80,18,4.06,nan,20,20,80,Left,Right,188,239,253,13,nan,nan,0.06
11/12/2025 1:22:37,1.17.2,Bandit80,18,4.06,nan,20,20,80,LeftinTimeOut,Right,188,239,253,13,nan,nan,nan
11/12/2025 1:25:39,1.17.2,Bandit80,18,4.06,nan,20,20,80,Right,Right,188,240,253,13,nan,nan,0.16
11/12/2025 1:25:42,1.17.2,Bandit80,18,4.06,1,20,20,80,Pellet,Right,188,240,254,13,1.79,3619,nan
11/12/2025 1:26:22,1.17.2,Bandit80,18,4.05,nan,20,20,80,Right,Right,188,241,254,14,nan,nan,0.07
11/12/2025 1:26:24,1.17.2,Bandit80,18,4.06,1,20,20,80,Pellet,Right,188,241,255,14,0.29,41,nan
11/12/2025 1:26:28,1.17.2,Bandit80,18,4.06,nan,20,20,80,Right,Right,188,242,255,15,nan,nan,0.13
11/12/2025 1:26:29,1.17.2,Bandit80,18,4.05,1,20,20,80,Pellet,Right,188,242,256,15,0.29,6,nan
11/12/2025 1:26:40,1.17.2,Bandit80,18,4.06,nan,20,20,80,Right,Right,188,243,256,16,nan,nan,0.29
11/12/2025 1:26:42,1.17.2,Bandit80,18,4.05,1,20,20,80,Pellet,Right,188,243,257,16,0.23,12,nan
11/12/2025 1:26:50,1.17.2,Bandit80,18,4.06,nan,20,20,80,Right,Right,188,244,257,17,nan,nan,0.02
11/12/2025 1:26:51,1.17.2,Bandit80,18,4.06,1,20,20,80,Pellet,Right,188,244,258,17,0.23,10,nan
11/12/2025 1:27:02,1.17.2,Bandit80,18,4.06,nan,20,20,80,Right,Right,188,245,258,18,nan,nan,0.05
11/12/2025 1:27:03,1.17.2,Bandit80,18,4.06,1,20,20,80,Pellet,Right,188,245,259,18,0.23,12,nan
11/12/2025 1:27:20,1.17.2,Bandit80,18,4.06,nan,20,20,80,Right,Right,188,246,259,19,nan,nan,0.25
11/12/2025 1:27:21,1.17.2,Bandit80,18,4.05,1,20,20,80,Pellet,Right,188,246,260,19,0.23,18,nan
11/12/2025 1:37:28,1.17.2,Bandit80,18,4.05,nan,20,80,20,Right,Left,188,247,260,0,nan,nan,0.04
11/12/2025 1:37:30,1.17.2,Bandit80,18,4.05,nan,20,80,20,LeftinTimeOut,Left,188,247,260,0,nan,nan,nan
11/12/2025 1:37:32,1.17.2,Bandit80,18,4.06,nan,20,80,20,LeftinTimeOut,Left,188,247,260,0,nan,nan,nan
11/12/2025 1:39:06,1.17.2,Bandit80,18,4.05,nan,20,80,20,Left,Left,189,247,260,0,nan,nan,0.06
11/12/2025 1:39:08,1.17.2,Bandit80,18,4.05,1,20,80,20,Pellet,Left,189,247,261,0,1.25,707,nan
11/12/2025 1:39:52,1.17.2,Bandit80,18,4.05,nan,20,80,20,Left,Left,190,247,261,1,nan,nan,0.04
11/12/2025 1:39:53,1.17.2,Bandit80,18,4.06,1,20,80,20,Pellet,Left,190,247,262,1,0.23,45,nan
11/12/2025 1:40:01,1.17.2,Bandit80,18,4.06,nan,20,80,20,Left,Left,191,247,262,2,nan,nan,0.28
11/12/2025 1:40:02,1.17.2,Bandit80,18,4.05,nan,20,80,20,LeftinTimeOut,Left,191,247,262,2,nan,nan,nan
11/12/2025 1:40:04,1.17.2,Bandit80,18,4.05,nan,20,80,20,LeftinTimeOut,Left,191,247,262,2,nan,nan,nan
11/12/2025 1:40:05,1.17.2,Bandit80,18,4.06,nan,20,80,20,LeftinTimeOut,Left,191,247,262,2,nan,nan,nan
11/12/2025 1:51:08,1.17.2,Bandit80,18,4.05,nan,20,80,20,Right,Left,191,248,262,2,nan,nan,0.01
11/12/2025 2:05:34,1.17.2,Bandit80,18,4.06,nan,20,80,20,Right,Left,191,249,262,2,nan,nan,0.17
11/12/2025 2:25:28,1.17.2,Bandit80,18,4.05,nan,20,80,20,Left,Left,192,249,262,2,nan,nan,0.07
11/12/2025 2:25:29,1.17.2,Bandit80,18,4.05,1,20,80,20,Pellet,Left,192,249,263,2,0.71,2736,nan
11/12/2025 2:32:46,1.17.2,Bandit80,18,4.05,nan,20,80,20,Left,Left,193,249,263,3,nan,nan,0.02
11/12/2025 2:32:47,1.17.2,Bandit80,18,4.06,nan,20,80,20,LeftinTimeOut,Left,193,249,263,3,nan,nan,nan
11/12/2025 2:33:17,1.17.2,Bandit80,18,4.06,nan,20,80,20,Left,Left,194,249,263,3,nan,nan,0.06
11/12/2025 2:33:18,1.17.2,Bandit80,18,4.05,1,20,80,20,Pellet,Left,194,249,264,3,0.35,469,nan
11/12/2025 2:33:27,1.17.2,Bandit80,18,4.05,nan,20,80,20,Left,Left,195,249,264,4,nan,nan,0.42
11/12/2025 2:33:28,1.17.2,Bandit80,18,4.05,1,20,80,20,Pellet,Left,195,249,265,4,0.23,10,nan
11/12/2025 2:33:44,1.17.2,Bandit80,18,4.05,nan,20,80,20,Left,Left,196,249,265,5,nan,nan,0.10
11/12/2025 2:33:45,1.17.2,Bandit80,18,4.05,nan,20,80,20,LeftinTimeOut,Left,196,249,265,5,nan,nan,nan
11/12/2025 2:33:47,1.17.2,Bandit80,18,4.05,nan,20,80,20,LeftinTimeOut,Left,196,249,265,5,nan,nan,nan
11/12/2025 2:42:52,1.17.2,Bandit80,18,4.06,nan,20,80,20,Right,Left,196,250,265,5,nan,nan,0.24
11/12/2025 2:42:52,1.17.2,Bandit80,18,4.05,nan,20,80,20,RightDuringDispense,Left,196,250,265,5,nan,nan,0.15
11/12/2025 2:42:55,1.17.2,Bandit80,18,4.05,2,20,80,20,Pellet,Left,196,250,266,5,0.29,567,nan
11/12/2025 2:43:44,1.17.2,Bandit80,18,4.06,nan,20,80,20,Left,Left,197,250,266,6,nan,nan,0.15
11/12/2025 2:43:45,1.17.2,Bandit80,18,4.05,nan,20,80,20,LeftWithPellet,Left,197,250,266,6,nan,nan,0.01
11/12/2025 2:43:45,1.17.2,Bandit80,18,4.05,1,20,80,20,Pellet,Left,197,250,267,6,0.87,50,nan
11/12/2025 2:43:53,1.17.2,Bandit80,18,4.05,nan,20,80,20,Left,Left,198,250,267,7,nan,nan,0.12
11/12/2025 2:43:54,1.17.2,Bandit80,18,4.05,1,20,80,20,Pellet,Left,198,250,268,7,0.17,9,nan
11/12/2025 2:43:58,1.17.2,Bandit80,18,4.06,nan,20,80,20,Left,Left,199,250,268,8,nan,nan,0.04
11/12/2025 2:44:03,1.17.2,Bandit80,18,4.05,nan,20,80,20,RightinTimeout,Left,199,250,268,8,nan,nan,0.00
11/12/2025 4:03:16,1.17.2,Bandit80,18,4.05,nan,20,80,20,Right,Left,199,251,268,8,nan,nan,0.23
11/12/2025 4:03:23,1.17.2,Bandit80,18,4.05,nan,20,80,20,LeftinTimeOut,Left,199,251,268,8,nan,nan,nan
11/12/2025 4:03:25,1.17.2,Bandit80,18,4.05,nan,20,80,20,LeftinTimeOut,Left,199,251,268,8,nan,nan,nan
11/12/2025 4:03:27,1.17.2,Bandit80,18,4.05,nan,20,80,20,LeftinTimeOut,Left,199,251,268,8,nan,nan,nan
11/12/2025 4:03:28,1.17.2,Bandit80,18,4.05,nan,20,80,20,LeftinTimeOut,Left,199,251,268,8,nan,nan,nan
11/12/2025 4:07:14,1.17.2,Bandit80,18,4.05,nan,20,80,20,Left,Left,200,251,268,8,nan,nan,0.05
11/12/2025 4:07:16,1.17.2,Bandit80,18,4.05,nan,20,80,20,RightinTimeout,Left,200,251,268,8,nan,nan,0.00
11/12/2025 4:07:16,1.17.2,Bandit80,18,4.04,nan,20,80,20,RightinTimeout,Left,200,251,268,8,nan,nan,0.00
11/12/2025 4:14:51,1.17.2,Bandit80,18,4.05,nan,20,80,20,Left,Left,201,251,268,8,nan,nan,0.31
11/12/2025 4:14:52,1.17.2,Bandit80,18,4.05,1,20,80,20,Pellet,Left,201,251,269,8,0.23,5458,nan
11/12/2025 4:15:01,1.17.2,Bandit80,18,4.05,nan,20,80,20,Left,Left,202,251,269,9,nan,nan,0.10
11/12/2025 4:15:03,1.17.2,Bandit80,18,4.03,nan,20,80,20,LeftinTimeOut,Left,202,251,269,9,nan,nan,nan
11/12/2025 4:15:04,1.17.2,Bandit80,18,4.05,nan,20,80,20,LeftinTimeOut,Left,202,251,269,9,nan,nan,nan
11/12/2025 4:15:06,1.17.2,Bandit80,18,4.05,nan,20,80,20,LeftinTimeOut,Left,202,251,269,9,nan,nan,nan
11/12/2025 4:15:08,1.17.2,Bandit80,18,4.05,nan,20,80,20,LeftinTimeOut,Left,202,251,269,9,nan,nan,nan
11/12/2025 4:16:05,1.17.2,Bandit80,18,4.05,nan,20,80,20,Right,Left,202,252,269,9,nan,nan,0.00
11/12/2025 4:16:08,1.17.2,Bandit80,18,4.05,nan,20,80,20,LeftinTimeOut,Left,202,252,269,9,nan,nan,nan
11/12/2025 4:16:10,1.17.2,Bandit80,18,4.05,nan,20,80,20,RightinTimeout,Left,202,252,269,9,nan,nan,0.00
11/12/2025 4:16:11,1.17.2,Bandit80,18,4.05,nan,20,80,20,RightinTimeout,Left,202,252,269,9,nan,nan,0.00
11/12/2025 4:23:50,1.17.2,Bandit80,18,4.05,nan,20,80,20,Right,Left,202,253,269,9,nan,nan,0.04
11/12/2025 4:34:44,1.17.2,Bandit80,18,4.05,nan,20,80,20,Left,Left,203,253,269,9,nan,nan,0.22
11/12/2025 4:34:45,1.17.2,Bandit80,18,4.05,2,20,80,20,Pellet,Left,203,253,270,9,0.47,1193,nan
11/12/2025 4:38:49,1.17.2,Bandit80,18,4.05,nan,20,80,20,Left,Left,204,253,270,10,nan,nan,0.01
11/12/2025 4:38:52,1.17.2,Bandit80,18,4.05,nan,20,80,20,LeftinTimeOut,Left,204,253,270,10,nan,nan,nan
11/12/2025 4:38:55,1.17.2,Bandit80,18,4.05,nan,20,80,20,LeftinTimeOut,Left,204,253,270,10,nan,nan,nan
11/12/2025 4:38:57,1.17.2,Bandit80,18,4.05,nan,20,80,20,RightinTimeout,Left,204,253,270,10,nan,nan,0.00
11/12/2025 4:41:14,1.17.2,Bandit80,18,4.05,nan,20,80,20,Left,Left,205,253,270,10,nan,nan,0.08
11/12/2025 4:41:15,1.17.2,Bandit80,18,4.05,nan,20,80,20,LeftinTimeOut,Left,205,253,270,10,nan,nan,nan
11/12/2025 4:41:35,1.17.2,Bandit80,18,4.05,nan,20,80,20,Left,Left,206,253,270,10,nan,nan,0.04
11/12/2025 4:41:36,1.17.2,Bandit80,18,4.05,1,20,80,20,Pellet,Left,206,253,271,10,0.06,411,nan
11/12/2025 4:41:48,1.17.2,Bandit80,18,4.05,nan,20,80,20,Left,Left,207,253,271,11,nan,nan,0.47
11/12/2025 4:41:49,1.17.2,Bandit80,18,4.05,2,20,80,20,Pellet,Left,207,253,272,11,0.06,13,nan
11/12/2025 4:41:57,1.17.2,Bandit80,18,4.05,nan,20,80,20,Left,Left,208,253,272,12,nan,nan,0.09
11/12/2025 4:41:58,1.17.2,Bandit80,18,4.05,1,20,80,20,Pellet,Left,208,253,273,12,0.17,9,nan
11/12/2025 4:42:06,1.17.2,Bandit80,18,4.05,nan,20,80,20,Left,Left,209,253,273,13,nan,nan,0.08
11/12/2025 4:42:08,1.17.2,Bandit80,18,4.05,1,20,80,20,Pellet,Left,209,253,274,13,0.53,10,nan
11/12/2025 4:42:14,1.17.2,Bandit80,18,4.05,nan,20,80,20,Left,Left,210,253,274,14,nan,nan,0.10
11/12/2025 4:42:15,1.17.2,Bandit80,18,4.05,1,20,80,20,Pellet,Left,210,253,275,14,0.23,7,nan
11/12/2025 4:42:25,1.17.2,Bandit80,18,4.05,nan,20,80,20,Left,Left,211,253,275,15,nan,nan,0.04
11/12/2025 4:42:26,1.17.2,Bandit80,18,4.05,1,20,80,20,Pellet,Left,211,253,276,15,0.06,10,nan
11/12/2025 4:42:37,1.17.2,Bandit80,18,4.05,nan,20,80,20,Left,Left,212,253,276,16,nan,nan,0.05
11/12/2025 4:42:41,1.17.2,Bandit80,18,4.05,nan,20,80,20,RightinTimeout,Left,212,253,276,16,nan,nan,0.00
11/12/2025 4:42:41,1.17.2,Bandit80,18,4.05,nan,20,80,20,RightinTimeout,Left,212,253,276,16,nan,nan,0.00
11/12/2025 4:42:41,1.17.2,Bandit80,18,4.05,nan,20,80,20,RightinTimeout,Left,212,253,276,16,nan,nan,0.00
11/12/2025 4:42:43,1.17.2,Bandit80,18,4.05,nan,20,80,20,LeftinTimeOut,Left,212,253,276,16,nan,nan,nan
11/12/2025 4:42:46,1.17.2,Bandit80,18,4.05,nan,20,80,20,LeftinTimeOut,Left,212,253,276,16,nan,nan,nan
11/12/2025 4:42:49,1.17.2,Bandit80,18,4.05,nan,20,80,20,LeftinTimeOut,Left,212,253,276,16,nan,nan,nan
11/12/2025 4:42:53,1.17.2,Bandit80,18,4.05,nan,20,80,20,RightinTimeout,Left,212,253,276,16,nan,nan,0.00
11/12/2025 4:42:54,1.17.2,Bandit80,18,4.05,nan,20,80,20,RightinTimeout,Left,212,253,276,16,nan,nan,0.00
11/12/2025 4:42:56,1.17.2,Bandit80,18,4.05,nan,20,80,20,RightinTimeout,Left,212,253,276,16,nan,nan,0.00
11/12/2025 4:43:04,1.17.2,Bandit80,18,4.05,nan,20,80,20,LeftinTimeOut,Left,212,253,276,16,nan,nan,nan
11/12/2025 4:43:21,1.17.2,Bandit80,18,4.04,nan,20,80,20,Right,Left,212,254,276,16,nan,nan,0.04
11/12/2025 4:43:26,1.17.2,Bandit80,18,4.05,nan,20,80,20,LeftinTimeOut,Left,212,254,276,16,nan,nan,nan
11/12/2025 4:45:20,1.17.2,Bandit80,18,4.05,nan,20,80,20,Left,Left,213,254,276,16,nan,nan,0.09
11/12/2025 4:45:21,1.17.2,Bandit80,18,4.05,1,20,80,20,Pellet,Left,213,254,277,16,0.17,176,nan
11/12/2025 4:45:33,1.17.2,Bandit80,18,4.05,nan,20,80,20,Left,Left,214,254,277,17,nan,nan,0.61
11/12/2025 4:45:34,1.17.2,Bandit80,18,4.05,1,20,80,20,Pellet,Left,214,254,278,17,0.12,13,nan
11/12/2025 4:45:48,1.17.2,Bandit80,18,4.05,nan,20,80,20,Left,Left,215,254,278,18,nan,nan,0.06
11/12/2025 4:45:51,1.17.2,Bandit80,18,4.05,nan,20,80,20,LeftinTimeOut,Left,215,254,278,18,nan,nan,nan
11/12/2025 4:45:54,1.17.2,Bandit80,18,4.05,nan,20,80,20,RightinTimeout,Left,215,254,278,18,nan,nan,0.00
11/12/2025 4:45:55,1.17.2,Bandit80,18,4.05,nan,20,80,20,RightinTimeout,Left,215,254,278,18,nan,nan,0.00
11/12/2025 4:45:57,1.17.2,Bandit80,18,4.05,nan,20,80,20,RightinTimeout,Left,215,254,278,18,nan,nan,0.00
11/12/2025 4:46:01,1.17.2,Bandit80,18,4.05,nan,20,80,20,RightinTimeout,Left,215,254,278,18,nan,nan,0.00
11/12/2025 4:47:11,1.17.2,Bandit80,18,4.05,nan,20,80,20,Right,Left,215,255,278,18,nan,nan,0.17
11/12/2025 4:47:12,1.17.2,Bandit80,18,4.05,nan,20,80,20,RightinTimeout,Left,215,255,278,18,nan,nan,0.00
11/12/2025 4:47:12,1.17.2,Bandit80,18,4.05,nan,20,80,20,RightinTimeout,Left,215,255,278,18,nan,nan,0.00
11/12/2025 4:48:58,1.17.2,Bandit80,18,4.05,nan,20,80,20,Right,Left,215,256,278,18,nan,nan,0.23
11/12/2025 4:48:59,1.17.2,Bandit80,18,4.05,1,20,80,20,Pellet,Left,215,256,279,18,0.23,205,nan
11/12/2025 4:49:13,1.17.2,Bandit80,18,4.05,nan,20,80,20,Left,Left,216,256,279,19,nan,nan,0.03
11/12/2025 4:49:14,1.17.2,Bandit80,18,4.05,1,20,80,20,Pellet,Left,216,256,280,19,0.65,15,nan
11/12/2025 4:49:22,1.17.2,Bandit80,18,4.05,nan,20,20,80,Left,Right,217,256,280,0,nan,nan,0.20
11/12/2025 4:49:23,1.17.2,Bandit80,18,4.05,1,20,20,80,Pellet,Right,217,256,281,0,0.23,9,nan
11/12/2025 4:49:31,1.17.2,Bandit80,18,4.05,nan,20,20,80,Left,Right,218,256,281,1,nan,nan,0.24
11/12/2025 4:49:32,1.17.2,Bandit80,18,4.05,nan,20,20,80,LeftinTimeOut,Right,218,256,281,1,nan,nan,nan
11/12/2025 4:49:37,1.17.2,Bandit80,18,4.05,nan,20,20,80,LeftinTimeOut,Right,218,256,281,1,nan,nan,nan
11/12/2025 4:49:39,1.17.2,Bandit80,18,4.05,nan,20,20,80,LeftinTimeOut,Right,218,256,281,1,nan,nan,nan
11/12/2025 4:50:29,1.17.2,Bandit80,18,4.05,nan,20,20,80,Left,Right,219,256,281,1,nan,nan,0.05
11/12/2025 4:55:18,1.17.2,Bandit80,18,4.05,nan,20,20,80,Right,Right,219,257,281,1,nan,nan,0.13
11/12/2025 4:55:19,1.17.2,Bandit80,18,4.05,1,20,20,80,Pellet,Right,219,257,282,1,0.29,356,nan
11/12/2025 4:55:27,1.17.2,Bandit80,18,4.05,nan,20,20,80,Right,Right,219,258,282,2,nan,nan,0.27
11/12/2025 4:55:28,1.17.2,Bandit80,18,4.05,1,20,20,80,Pellet,Right,219,258,283,2,0.29,9,nan
11/12/2025 4:55:38,1.17.2,Bandit80,18,4.05,nan,20,20,80,Right,Right,219,259,283,3,nan,nan,0.14
11/12/2025 4:55:38,1.17.2,Bandit80,18,4.05,1,20,20,80,Pellet,Right,219,259,284,3,0.12,10,nan
11/12/2025 4:55:50,1.17.2,Bandit80,18,4.05,nan,20,20,80,Right,Right,219,260,284,4,nan,nan,0.48
11/12/2025 4:55:51,1.17.2,Bandit80,18,4.05,1,20,20,80,Pellet,Right,219,260,285,4,0.29,13,nan
11/12/2025 4:56:07,1.17.2,Bandit80,18,4.05,nan,20,20,80,Right,Right,219,261,285,5,nan,nan,0.37
11/12/2025 4:56:08,1.17.2,Bandit80,18,4.05,1,20,20,80,Pellet,Right,219,261,286,5,0.23,17,nan
11/12/2025 4:56:20,1.17.2,Bandit80,18,4.05,nan,20,20,80,Right,Right,219,262,286,6,nan,nan,0.00
11/12/2025 4:56:21,1.17.2,Bandit80,18,4.05,1,20,20,80,Pellet,Right,219,262,287,6,0.23,13,nan
11/12/2025 4:56:35,1.17.2,Bandit80,18,4.05,nan,20,20,80,Right,Right,219,263,287,7,nan,nan,0.04
11/12/2025 4:56:36,1.17.2,Bandit80,18,4.05,nan,20,20,80,RightDuringDispense,Right,219,263,287,7,nan,nan,0.04
11/12/2025 4:56:39,1.17.2,Bandit80,18,4.05,2,20,20,80,Pellet,Right,219,263,288,7,0.41,18,nan
11/12/2025 4:56:50,1.17.2,Bandit80,18,4.05,nan,20,20,80,Right,Right,219,264,288,8,nan,nan,0.41
11/12/2025 4:56:51,1.17.2,Bandit80,18,4.05,1,20,20,80,Pellet,Right,219,264,289,8,0.23,12,nan
11/12/2025 4:57:11,1.17.2,Bandit80,18,4.05,nan,20,20,80,Right,Right,219,265,289,9,nan,nan,0.34
11/12/2025 4:57:12,1.17.2,Bandit80,18,4.05,1,20,20,80,Pellet,Right,219,265,290,9,0.12,21,nan
11/12/2025 4:57:22,1.17.2,Bandit80,18,4.05,nan,20,20,80,Right,Right,219,266,290,10,nan,nan,0.03
11/12/2025 4:57:23,1.17.2,Bandit80,18,4.05,1,20,20,80,Pellet,Right,219,266,291,10,0.17,11,nan
11/12/2025 4:57:34,1.17.2,Bandit80,18,4.05,nan,20,20,80,Right,Right,219,267,291,11,nan,nan,0.26
11/12/2025 4:57:35,1.17.2,Bandit80,18,4.05,1,20,20,80,Pellet,Right,219,267,292,11,0.29,12,nan
11/12/2025 4:57:52,1.17.2,Bandit80,18,4.05,nan,20,20,80,Right,Right,219,268,292,12,nan,nan,0.39
11/12/2025 4:57:53,1.17.2,Bandit80,18,4.05,1,20,20,80,Pellet,Right,219,268,293,12,0.17,18,nan
11/12/2025 4:58:08,1.17.2,Bandit80,18,4.05,nan,20,20,80,Right,Right,219,269,293,13,nan,nan,0.36
11/12/2025 4:58:09,1.17.2,Bandit80,18,4.05,1,20,20,80,Pellet,Right,219,269,294,13,0.29,16,nan
11/12/2025 4:58:23,1.17.2,Bandit80,18,4.05,nan,20,20,80,Right,Right,219,270,294,14,nan,nan,0.00
11/12/2025 4:58:24,1.17.2,Bandit80,18,4.05,nan,20,20,80,RightinTimeout,Right,219,270,294,14,nan,nan,0.00
11/12/2025 4:58:26,1.17.2,Bandit80,18,4.05,nan,20,20,80,RightinTimeout,Right,219,270,294,14,nan,nan,0.00
11/12/2025 4:58:29,1.17.2,Bandit80,18,4.05,nan,20,20,80,RightinTimeout,Right,219,270,294,14,nan,nan,0.00
11/12/2025 5:03:12,1.17.2,Bandit80,18,4.05,nan,20,20,80,Right,Right,219,271,294,14,nan,nan,0.11
11/12/2025 5:05:48,1.17.2,Bandit80,18,4.05,nan,20,20,80,Right,Right,219,272,294,14,nan,nan,0.08
11/12/2025 5:05:50,1.17.2,Bandit80,18,4.05,1,20,20,80,Pellet,Right,219,272,295,14,0.47,461,nan
11/12/2025 5:05:57,1.17.2,Bandit80,18,4.05,nan,20,20,80,Right,Right,219,273,295,15,nan,nan,0.07
11/12/2025 5:05:58,1.17.2,Bandit80,18,4.05,1,20,20,80,Pellet,Right,219,273,296,15,1.13,8,nan
11/12/2025 5:15:45,1.17.2,Bandit80,18,4.05,nan,20,20,80,Right,Right,219,274,296,16,nan,nan,0.12
11/12/2025 5:15:47,1.17.2,Bandit80,18,4.05,1,20,20,80,Pellet,Right,219,274,297,16,1.13,589,nan
11/12/2025 5:24:26,1.17.2,Bandit80,18,4.05,nan,20,20,80,Left,Right,220,274,297,17,nan,nan,0.04
11/12/2025 5:24:28,1.17.2,Bandit80,18,4.05,nan,20,20,80,LeftinTimeOut,Right,220,274,297,17,nan,nan,nan
11/12/2025 5:24:29,1.17.2,Bandit80,18,4.05,nan,20,20,80,LeftinTimeOut,Right,220,274,297,17,nan,nan,nan
11/12/2025 5:24:31,1.17.2,Bandit80,18,4.05,nan,20,20,80,LeftinTimeOut,Right,220,274,297,17,nan,nan,nan
11/12/2025 5:24:47,1.17.2,Bandit80,18,4.05,nan,20,20,80,Right,Right,220,275,297,17,nan,nan,0.08
11/12/2025 5:24:48,1.17.2,Bandit80,18,4.05,1,20,20,80,Pellet,Right,220,275,298,17,0.29,541,nan
11/12/2025 5:24:53,1.17.2,Bandit80,18,4.05,nan,20,20,80,Right,Right,220,276,298,18,nan,nan,0.09
11/12/2025 5:24:55,1.17.2,Bandit80,18,4.05,nan,20,20,80,RightinTimeout,Right,220,276,298,18,nan,nan,0.00
11/12/2025 5:24:57,1.17.2,Bandit80,18,4.05,nan,20,20,80,RightinTimeout,Right,220,276,298,18,nan,nan,0.00
11/12/2025 5:24:58,1.17.2,Bandit80,18,4.05,nan,20,20,80,RightinTimeout,Right,220,276,298,18,nan,nan,0.00
11/12/2025 5:25:00,1.17.2,Bandit80,18,4.05,nan,20,20,80,RightinTimeout,Right,220,276,298,18,nan,nan,0.00
11/12/2025 5:27:50,1.17.2,Bandit80,18,4.05,nan,20,20,80,Left,Right,221,276,298,18,nan,nan,0.12
11/12/2025 5:27:51,1.17.2,Bandit80,18,4.05,1,20,20,80,Pellet,Right,221,276,299,18,0.12,183,nan
11/12/2025 5:28:01,1.17.2,Bandit80,18,4.05,nan,20,20,80,Left,Right,222,276,299,19,nan,nan,0.05
11/12/2025 5:28:02,1.17.2,Bandit80,18,4.05,nan,20,20,80,LeftinTimeOut,Right,222,276,299,19,nan,nan,nan
11/12/2025 5:28:06,1.17.2,Bandit80,18,4.05,nan,20,20,80,LeftinTimeOut,Right,222,276,299,19,nan,nan,nan
11/12/2025 5:28:08,1.17.2,Bandit80,18,4.05,nan,20,20,80,LeftinTimeOut,Right,222,276,299,19,nan,nan,nan
11/12/2025 5:28:09,1.17.2,Bandit80,18,4.05,nan,20,20,80,RightinTimeout,Right,222,276,299,19,nan,nan,0.00
11/12/2025 5:32:41,1.17.2,Bandit80,18,4.05,nan,20,20,80,Right,Right,222,277,299,19,nan,nan,0.18
11/12/2025 5:32:42,1.17.2,Bandit80,18,4.05,1,20,20,80,Pellet,Right,222,277,300,19,0.35,291,nan
11/12/2025 5:32:56,1.17.2,Bandit80,18,4.05,nan,20,80,20,Right,Left,222,278,300,0,nan,nan,0.30
11/12/2025 5:32:58,1.17.2,Bandit80,18,4.05,nan,20,80,20,RightinTimeout,Left,222,278,300,0,nan,nan,0.00
11/12/2025 5:32:59,1.17.2,Bandit80,18,4.05,nan,20,80,20,RightinTimeout,Left,222,278,300,0,nan,nan,0.00
11/12/2025 5:33:03,1.17.2,Bandit80,18,4.05,nan,20,80,20,RightinTimeout,Left,222,278,300,0,nan,nan,0.00
11/12/2025 5:44:09,1.17.2,Bandit80,18,4.05,nan,20,80,20,Right,Left,222,279,300,0,nan,nan,0.11
11/12/2025 5:44:10,1.17.2,Bandit80,18,4.05,nan,20,80,20,RightinTimeout,Left,222,279,300,0,nan,nan,0.00
11/12/2025 5:46:14,1.17.2,Bandit80,18,4.05,nan,20,80,20,Left,Left,223,279,300,0,nan,nan,0.04
11/12/2025 5:46:18,1.17.2,Bandit80,18,4.05,1,20,80,20,Pellet,Left,223,279,301,0,3.29,816,nan
11/12/2025 5:46:47,1.17.2,Bandit80,18,4.05,nan,20,80,20,Right,Left,223,280,301,1,nan,nan,0.04
11/12/2025 5:52:27,1.17.2,Bandit80,18,4.05,nan,20,80,20,Right,Left,223,281,301,1,nan,nan,0.04
11/12/2025 5:52:28,1.17.2,Bandit80,18,4.04,1,20,80,20,Pellet,Left,223,281,302,1,0.17,370,nan
11/12/2025 5:52:37,1.17.2,Bandit80,18,4.05,nan,20,80,20,Right,Left,223,282,302,2,nan,nan,0.49
11/12/2025 5:52:43,1.17.2,Bandit80,18,4.05,nan,20,80,20,LeftinTimeOut,Left,223,282,302,2,nan,nan,nan
11/12/2025 5:52:43,1.17.2,Bandit80,18,4.05,nan,20,80,20,LeftinTimeOut,Left,223,282,302,2,nan,nan,nan
11/12/2025 5:52:44,1.17.2,Bandit80,18,4.05,nan,20,80,20,LeftinTimeOut,Left,223,282,302,2,nan,nan,nan
11/12/2025 5:52:45,1.17.2,Bandit80,18,4.05,nan,20,80,20,LeftinTimeOut,Left,223,282,302,2,nan,nan,nan
11/12/2025 5:52:46,1.17.2,Bandit80,18,4.05,nan,20,80,20,LeftinTimeOut,Left,223,282,302,2,nan,nan,nan
11/12/2025 5:53:29,1.17.2,Bandit80,18,4.05,nan,20,80,20,Left,Left,224,282,302,2,nan,nan,0.07
11/12/2025 5:55:37,1.17.2,Bandit80,18,4.05,nan,20,80,20,Right,Left,224,283,302,2,nan,nan,0.12
11/12/2025 5:57:44,1.17.2,Bandit80,18,4.05,nan,20,80,20,Right,Left,224,284,302,2,nan,nan,0.24
11/12/2025 5:57:45,1.17.2,Bandit80,18,4.05,1,20,80,20,Pellet,Left,224,284,303,2,0.23,317,nan
11/12/2025 5:57:55,1.17.2,Bandit80,18,4.05,nan,20,80,20,Right,Left,224,285,303,3,nan,nan,0.16
11/12/2025 5:57:56,1.17.2,Bandit80,18,4.05,nan,20,80,20,RightinTimeout,Left,224,285,303,3,nan,nan,0.00
11/12/2025 5:57:57,1.17.2,Bandit80,18,4.05,nan,20,80,20,RightinTimeout,Left,224,285,303,3,nan,nan,0.00
11/12/2025 5:57:58,1.17.2,Bandit80,18,4.05,nan,20,80,20,RightinTimeout,Left,224,285,303,3,nan,nan,0.00
11/12/2025 6:15:19,1.17.2,Bandit80,18,4.05,nan,20,80,20,Left,Left,225,285,303,3,nan,nan,0.16
11/12/2025 6:15:21,1.17.2,Bandit80,18,4.05,nan,20,80,20,RightinTimeout,Left,225,285,303,3,nan,nan,0.00
11/12/2025 6:15:30,1.17.2,Bandit80,18,4.05,nan,20,80,20,LeftinTimeOut,Left,225,285,303,3,nan,nan,nan
11/12/2025 7:25:59,1.17.2,Bandit80,18,4.05,nan,20,80,20,Left,Left,226,285,303,3,nan,nan,0.02
11/12/2025 7:26:00,1.17.2,Bandit80,18,4.05,1,20,80,20,Pellet,Left,226,285,304,3,0.23,5295,nan
11/12/2025 7:26:18,1.17.2,Bandit80,18,4.05,nan,20,80,20,Left,Left,227,285,304,4,nan,nan,0.09
11/12/2025 7:26:19,1.17.2,Bandit80,18,4.04,1,20,80,20,Pellet,Left,227,285,305,4,0.17,19,nan
11/12/2025 7:26:33,1.17.2,Bandit80,18,4.05,nan,20,80,20,Left,Left,228,285,305,5,nan,nan,0.02
11/12/2025 7:26:35,1.17.2,Bandit80,18,4.05,nan,20,80,20,LeftinTimeOut,Left,228,285,305,5,nan,nan,nan
11/12/2025 7:26:38,1.17.2,Bandit80,18,4.05,nan,20,80,20,LeftinTimeOut,Left,228,285,305,5,nan,nan,nan
11/12/2025 7:26:38,1.17.2,Bandit80,18,4.04,nan,20,80,20,LeftinTimeOut,Left,228,285,305,5,nan,nan,nan
11/12/2025 7:26:41,1.17.2,Bandit80,18,4.05,nan,20,80,20,LeftinTimeOut,Left,228,285,305,5,nan,nan,nan
11/12/2025 7:26:42,1.17.2,Bandit80,18,4.05,nan,20,80,20,LeftinTimeOut,Left,228,285,305,5,nan,nan,nan
11/12/2025 7:26:44,1.17.2,Bandit80,18,4.04,nan,20,80,20,RightinTimeout,Left,228,285,305,5,nan,nan,0.00
11/12/2025 7:26:53,1.17.2,Bandit80,18,4.04,nan,20,80,20,RightinTimeout,Left,228,285,305,5,nan,nan,0.00
11/12/2025 7:26:53,1.17.2,Bandit80,18,4.05,nan,20,80,20,RightinTimeout,Left,228,285,305,5,nan,nan,0.00
11/12/2025 7:26:54,1.17.2,Bandit80,18,4.05,nan,20,80,20,RightinTimeout,Left,228,285,305,5,nan,nan,0.00
11/12/2025 7:26:54,1.17.2,Bandit80,18,4.04,nan,20,80,20,RightinTimeout,Left,228,285,305,5,nan,nan,0.00
11/12/2025 7:26:54,1.17.2,Bandit80,18,4.05,nan,20,80,20,RightinTimeout,Left,228,285,305,5,nan,nan,0.00
11/12/2025 7:26:55,1.17.2,Bandit80,18,4.05,nan,20,80,20,RightinTimeout,Left,228,285,305,5,nan,nan,0.00
11/12/2025 7:26:55,1.17.2,Bandit80,18,4.04,nan,20,80,20,RightinTimeout,Left,228,285,305,5,nan,nan,0.00
11/12/2025 7:26:56,1.17.2,Bandit80,18,4.04,nan,20,80,20,RightinTimeout,Left,228,285,305,5,nan,nan,0.00
11/12/2025 7:26:56,1.17.2,Bandit80,18,4.04,nan,20,80,20,RightinTimeout,Left,228,285,305,5,nan,nan,0.00
11/12/2025 7:26:56,1.17.2,Bandit80,18,4.04,nan,20,80,20,RightinTimeout,Left,228,285,305,5,nan,nan,0.00
11/12/2025 7:26:57,1.17.2,Bandit80,18,4.04,nan,20,80,20,RightinTimeout,Left,228,285,305,5,nan,nan,0.00
11/12/2025 7:26:57,1.17.2,Bandit80,18,4.05,nan,20,80,20,RightinTimeout,Left,228,285,305,5,nan,nan,0.00
11/12/2025 7:26:58,1.17.2,Bandit80,18,4.04,nan,20,80,20,RightinTimeout,Left,228,285,305,5,nan,nan,0.00
11/12/2025 7:26:58,1.17.2,Bandit80,18,4.04,nan,20,80,20,RightinTimeout,Left,228,285,305,5,nan,nan,0.00
11/12/2025 7:26:59,1.17.2,Bandit80,18,4.05,nan,20,80,20,RightinTimeout,Left,228,285,305,5,nan,nan,0.00
11/12/2025 7:26:59,1.17.2,Bandit80,18,4.05,nan,20,80,20,RightinTimeout,Left,228,285,305,5,nan,nan,0.00
11/12/2025 7:26:59,1.17.2,Bandit80,18,4.04,nan,20,80,20,RightinTimeout,Left,228,285,305,5,nan,nan,0.00
11/12/2025 7:27:00,1.17.2,Bandit80,18,4.05,nan,20,80,20,RightinTimeout,Left,228,285,305,5,nan,nan,0.00
11/12/2025 7:27:00,1.17.2,Bandit80,18,4.05,nan,20,80,20,RightinTimeout,Left,228,285,305,5,nan,nan,0.00
11/12/2025 7:27:01,1.17.2,Bandit80,18,4.04,nan,20,80,20,RightinTimeout,Left,228,285,305,5,nan,nan,0.00
11/12/2025 7:27:01,1.17.2,Bandit80,18,4.05,nan,20,80,20,RightinTimeout,Left,228,285,305,5,nan,nan,0.00
11/12/2025 7:27:01,1.17.2,Bandit80,18,4.05,nan,20,80,20,RightinTimeout,Left,228,285,305,5,nan,nan,0.00
11/12/2025 7:27:02,1.17.2,Bandit80,18,4.05,nan,20,80,20,RightinTimeout,Left,228,285,305,5,nan,nan,0.00
11/12/2025 7:27:02,1.17.2,Bandit80,18,4.04,nan,20,80,20,RightinTimeout,Left,228,285,305,5,nan,nan,0.00
11/12/2025 7:27:02,1.17.2,Bandit80,18,4.05,nan,20,80,20,RightinTimeout,Left,228,285,305,5,nan,nan,0.00
11/12/2025 7:27:03,1.17.2,Bandit80,18,4.04,nan,20,80,20,RightinTimeout,Left,228,285,305,5,nan,nan,0.00
11/12/2025 7:27:03,1.17.2,Bandit80,18,4.04,nan,20,80,20,RightinTimeout,Left,228,285,305,5,nan,nan,0.00
11/12/2025 7:27:07,1.17.2,Bandit80,18,4.05,nan,20,80,20,LeftinTimeOut,Left,228,285,305,5,nan,nan,nan
11/12/2025 7:27:14,1.17.2,Bandit80,18,4.05,nan,20,80,20,LeftinTimeOut,Left,228,285,305,5,nan,nan,nan
11/12/2025 7:27:16,1.17.2,Bandit80,18,4.04,nan,20,80,20,LeftinTimeOut,Left,228,285,305,5,nan,nan,nan
11/12/2025 7:27:17,1.17.2,Bandit80,18,4.05,nan,20,80,20,RightinTimeout,Left,228,285,305,5,nan,nan,0.00
11/12/2025 7:27:17,1.17.2,Bandit80,18,4.05,nan,20,80,20,RightinTimeout,Left,228,285,305,5,nan,nan,0.00
11/12/2025 7:27:18,1.17.2,Bandit80,18,4.05,nan,20,80,20,RightinTimeout,Left,228,285,305,5,nan,nan,0.00
11/12/2025 7:27:18,1.17.2,Bandit80,18,4.04,nan,20,80,20,RightinTimeout,Left,228,285,305,5,nan,nan,0.00
11/12/2025 7:27:18,1.17.2,Bandit80,18,4.05,nan,20,80,20,RightinTimeout,Left,228,285,305,5,nan,nan,0.00
11/12/2025 7:37:46,1.17.2,Bandit80,18,4.04,nan,20,80,20,Right,Left,228,286,305,5,nan,nan,0.72
11/12/2025 7:38:15,1.17.2,Bandit80,18,4.05,nan,20,80,20,Left,Left,229,286,305,5,nan,nan,0.02
11/12/2025 7:43:22,1.17.2,Bandit80,18,4.04,nan,20,80,20,Left,Left,230,286,305,5,nan,nan,0.26
11/12/2025 7:43:23,1.17.2,Bandit80,18,4.04,nan,20,80,20,LeftinTimeOut,Left,230,286,305,5,nan,nan,nan
11/12/2025 7:44:20,1.17.2,Bandit80,18,4.05,nan,20,80,20,Right,Left,230,287,305,5,nan,nan,0.12
11/12/2025 7:44:22,1.17.2,Bandit80,18,4.05,nan,20,80,20,RightinTimeout,Left,230,287,305,5,nan,nan,0.00
11/12/2025 7:44:22,1.17.2,Bandit80,18,4.04,nan,20,80,20,RightinTimeout,Left,230,287,305,5,nan,nan,0.00
11/12/2025 7:46:32,1.17.2,Bandit80,18,4.05,nan,20,80,20,Right,Left,230,288,305,5,nan,nan,0.08
11/12/2025 7:46:36,1.17.2,Bandit80,18,4.04,nan,20,80,20,RightinTimeout,Left,230,288,305,5,nan,nan,0.00
11/12/2025 7:48:47,1.17.2,Bandit80,18,4.04,nan,20,80,20,Right,Left,230,289,305,5,nan,nan,0.24
11/12/2025 7:49:08,1.17.2,Bandit80,18,4.04,nan,20,80,20,Right,Left,230,290,305,5,nan,nan,0.22
11/12/2025 7:49:09,1.17.2,Bandit80,18,4.04,1,20,80,20,Pellet,Left,230,290,306,5,0.53,1370,nan
11/12/2025 7:49:27,1.17.2,Bandit80,18,4.05,nan,20,80,20,Left,Left,231,290,306,6,nan,nan,0.67
11/12/2025 7:49:29,1.17.2,Bandit80,18,4.04,nan,20,80,20,LeftinTimeOut,Left,231,290,306,6,nan,nan,nan
11/12/2025 7:49:29,1.17.2,Bandit80,18,4.05,nan,20,80,20,LeftinTimeOut,Left,231,290,306,6,nan,nan,nan
11/12/2025 7:49:31,1.17.2,Bandit80,18,4.04,nan,20,80,20,LeftinTimeOut,Left,231,290,306,6,nan,nan,nan
11/12/2025 7:49:32,1.17.2,Bandit80,18,4.05,nan,20,80,20,LeftinTimeOut,Left,231,290,306,6,nan,nan,nan
11/12/2025 7:49:34,1.17.2,Bandit80,18,4.05,nan,20,80,20,RightinTimeout,Left,231,290,306,6,nan,nan,0.00
11/12/2025 7:49:35,1.17.2,Bandit80,18,4.04,nan,20,80,20,RightinTimeout,Left,231,290,306,6,nan,nan,0.00
11/12/2025 7:49:35,1.17.2,Bandit80,18,4.04,nan,20,80,20,RightinTimeout,Left,231,290,306,6,nan,nan,0.00
11/12/2025 11:12:20,1.17.2,Bandit80,18,4.03,nan,20,80,20,Left,Left,232,290,306,6,nan,nan,0.04
11/12/2025 11:12:20,1.17.2,Bandit80,18,4.03,nan,20,80,20,LeftDuringDispense,Left,232,290,306,6,nan,nan,0.04
11/12/2025 11:12:24,1.17.2,Bandit80,18,4.04,2,20,80,20,Pellet,Left,232,290,307,6,0.71,12194,nan
11/12/2025 11:12:31,1.17.2,Bandit80,18,4.03,nan,20,80,20,Left,Left,233,290,307,7,nan,nan,0.42
11/12/2025 11:12:32,1.17.2,Bandit80,18,4.04,1,20,80,20,Pellet,Left,233,290,308,7,0.17,9,nan
11/12/2025 11:12:45,1.17.2,Bandit80,18,4.03,nan,20,80,20,Left,Left,234,290,308,8,nan,nan,0.09
11/12/2025 11:12:48,1.17.2,Bandit80,18,4.03,3,20,80,20,Pellet,Left,234,290,309,8,0.06,16,nan
11/12/2025 11:12:58,1.17.2,Bandit80,18,4.04,nan,20,80,20,Left,Left,235,290,309,9,nan,nan,0.06
11/12/2025 11:12:58,1.17.2,Bandit80,18,4.04,1,20,80,20,Pellet,Left,235,290,310,9,0.29,10,nan
11/12/2025 11:13:19,1.17.2,Bandit80,18,4.04,nan,20,80,20,Left,Left,236,290,310,10,nan,nan,0.59
11/12/2025 11:13:20,1.17.2,Bandit80,18,4.04,1,20,80,20,Pellet,Left,236,290,311,10,0.17,21,nan
11/12/2025 11:13:29,1.17.2,Bandit80,18,4.04,nan,20,80,20,Left,Left,237,290,311,11,nan,nan,0.55
11/12/2025 11:13:30,1.17.2,Bandit80,18,4.04,nan,20,80,20,LeftinTimeOut,Left,237,290,311,11,nan,nan,nan
11/12/2025 11:13:34,1.17.2,Bandit80,18,4.03,nan,20,80,20,LeftinTimeOut,Left,237,290,311,11,nan,nan,nan
11/12/2025 11:13:35,1.17.2,Bandit80,18,4.04,nan,20,80,20,RightinTimeout,Left,237,290,311,11,nan,nan,0.00
11/12/2025 11:15:49,1.17.2,Bandit80,18,4.04,nan,20,80,20,Right,Left,237,291,311,11,nan,nan,0.05
11/12/2025 11:15:50,1.17.2,Bandit80,18,4.03,1,20,80,20,Pellet,Left,237,291,312,11,0.29,151,nan
11/12/2025 11:16:01,1.17.2,Bandit80,18,4.04,nan,20,80,20,Right,Left,237,292,312,12,nan,nan,0.40
11/12/2025 11:16:02,1.17.2,Bandit80,18,4.03,nan,20,80,20,RightinTimeout,Left,237,292,312,12,nan,nan,0.00
11/12/2025 11:16:03,1.17.2,Bandit80,18,4.04,nan,20,80,20,RightinTimeout,Left,237,292,312,12,nan,nan,0.00
11/12/2025 11:18:26,1.17.2,Bandit80,18,4.04,nan,20,80,20,Right,Left,237,293,312,12,nan,nan,0.06
11/12/2025 11:23:02,1.17.2,Bandit80,18,4.04,nan,20,80,20,Right,Left,237,294,312,12,nan,nan,0.26
11/12/2025 13:43:21,1.17.2,Bandit80,18,4.03,nan,20,80,20,Left,Left,238,294,312,12,nan,nan,0.23
11/12/2025 13:43:22,1.17.2,Bandit80,18,4.03,1,20,80,20,Pellet,Left,238,294,313,12,0.41,8852,nan
11/12/2025 13:43:36,1.17.2,Bandit80,18,4.03,nan,20,80,20,Right,Left,238,295,313,13,nan,nan,0.15
11/12/2025 13:43:38,1.17.2,Bandit80,18,4.03,nan,20,80,20,RightinTimeout,Left,238,295,313,13,nan,nan,0.00
11/12/2025 13:43:38,1.17.2,Bandit80,18,4.03,nan,20,80,20,RightinTimeout,Left,238,295,313,13,nan,nan,0.00
11/12/2025 15:16:00,1.17.2,Bandit80,18,4.03,nan,20,80,20,Left,Left,239,295,313,13,nan,nan,0.31
11/12/2025 15:16:09,1.17.2,Bandit80,18,4.03,nan,20,80,20,LeftinTimeOut,Left,239,295,313,13,nan,nan,nan
11/12/2025 15:28:44,1.17.2,Bandit80,18,4.03,nan,20,80,20,Right,Left,239,296,313,13,nan,nan,0.23
11/12/2025 15:28:46,1.17.2,Bandit80,18,4.03,nan,20,80,20,RightinTimeout,Left,239,296,313,13,nan,nan,0.00
11/12/2025 15:28:46,1.17.2,Bandit80,18,4.03,nan,20,80,20,RightinTimeout,Left,239,296,313,13,nan,nan,0.00
11/12/2025 15:29:37,1.17.2,Bandit80,18,4.03,nan,20,80,20,Left,Left,240,296,313,13,nan,nan,0.15
11/12/2025 15:29:38,1.17.2,Bandit80,18,4.03,1,20,80,20,Pellet,Left,240,296,314,13,0.23,6376,nan
11/12/2025 15:29:48,1.17.2,Bandit80,18,4.03,nan,20,80,20,Left,Left,241,296,314,14,nan,nan,0.32
11/12/2025 15:29:49,1.17.2,Bandit80,18,4.03,nan,20,80,20,LeftinTimeOut,Left,241,296,314,14,nan,nan,nan
11/12/2025 15:29:51,1.17.2,Bandit80,18,4.03,nan,20,80,20,RightinTimeout,Left,241,296,314,14,nan,nan,0.00
11/12/2025 15:30:47,1.17.2,Bandit80,18,4.03,nan,20,80,20,Right,Left,241,297,314,14,nan,nan,0.28
11/12/2025 15:30:48,1.17.2,Bandit80,18,4.03,1,20,80,20,Pellet,Left,241,297,315,14,0.23,70,nan
11/12/2025 15:30:56,1.17.2,Bandit80,18,4.03,nan,20,80,20,Right,Left,241,298,315,15,nan,nan,0.51
11/12/2025 15:30:59,1.17.2,Bandit80,18,4.03,nan,20,80,20,RightinTimeout,Left,241,298,315,15,nan,nan,0.00
