MM:DD:YYYY hh:mm:ss,Library_Version,Session_Type,Device_Number,Battery_Voltage,Motor_Turns,PelletsToSwitch,Prob_left,Prob_right,Event,High_prob_poke,Left_Poke_Count,Right_Poke_Count,Pellet_Count,Block_Pellet_Count,Retrieval_Time,InterPelletInterval,Poke_Time
2025-11-03 18:04:51,1.17.2,Bandit100,10,4.15,,20,0,100,Right,Right,0,1,0,0,,,0.33
2025-11-03 18:10:06,1.17.2,Bandit100,10,4.14,3.0,20,0,100,Pellet,Right,0,1,1,0,,,
2025-11-03 18:11:30,1.17.2,Bandit100,10,4.14,,20,0,100,Right,Right,0,2,1,1,,,0.17
2025-11-03 18:11:31,1.17.2,Bandit100,10,4.14,,20,0,100,RightWithPellet,Right,0,3,1,1,,,0.08
2025-11-03 18:11:32,1.17.2,Bandit100,10,4.15,,20,0,100,RightWithPellet,Right,0,4,1,1,,,0.11
2025-11-03 18:12:20,1.17.2,Bandit100,10,4.15,2.0,20,0,100,Pellet,Right,0,4,2,1,49.45,134.0,
2025-11-03 18:12:30,1.17.2,Bandit100,10,4.15,,20,0,100,Left,Right,1,4,2,2,,,0.0
2025-11-03 18:20:35,1.17.2,Bandit100,10,4.14,,20,0,100,Right,Right,1,5,2,2,,,0.02
2025-11-03 18:23:52,1.17.2,Bandit100,10,4.14,1.0,20,0,100,Pellet,Right,1,5,3,2,,692.0,
2025-11-03 18:25:41,1.17.2,Bandit100,10,4.15,,20,0,100,Left,Right,2,5,3,3,,,0.11
2025-11-03 18:29:50,1.17.2,Bandit100,10,4.14,,20,0,100,Right,Right,2,6,3,3,,,0.01
2025-11-03 18:30:23,1.17.2,Bandit100,10,4.14,1.0,20,0,100,Pellet,Right,2,6,4,3,32.47,391.0,
2025-11-03 18:36:00,1.17.2,Bandit100,10,4.14,,20,0,100,Right,Right,2,7,4,4,,,0.07
2025-11-03 18:36:01,1.17.2,Bandit100,10,4.14,,20,0,100,RightDuringDispense,Right,2,7,4,4,,,0.43
2025-11-03 18:36:05,1.17.2,Bandit100,10,4.14,2.0,20,0,100,Pellet,Right,2,7,5,4,1.9,342.0,
2025-11-03 18:37:26,1.17.2,Bandit100,10,4.14,,20,0,100,Left,Right,3,7,5,5,,,0.59
2025-11-03 18:37:29,1.17.2,Bandit100,10,4.14,,20,0,100,LeftinTimeOut,Right,3,7,5,5,,,
2025-11-03 18:38:27,1.17.2,Bandit100,10,4.14,,20,0,100,Right,Right,3,8,5,5,,,0.12
2025-11-03 18:38:27,1.17.2,Bandit100,10,4.14,,20,0,100,RightDuringDispense,Right,3,8,5,5,,,0.16
2025-11-03 18:38:28,1.17.2,Bandit100,10,4.14,,20,0,100,RightDuringDispense,Right,3,8,5,5,,,0.25
2025-11-03 18:38:52,1.17.2,Bandit100,10,4.14,2.0,20,0,100,Pellet,Right,3,8,6,5,21.58,167.0,
2025-11-03 18:39:05,1.17.2,Bandit100,10,4.14,,20,0,100,Left,Right,4,8,6,6,,,0.04
2025-11-03 18:40:10,1.17.2,Bandit100,10,4.14,,20,0,100,Left,Right,5,8,6,6,,,0.09
2025-11-03 18:48:24,1.17.2,Bandit100,10,4.14,,20,0,100,Right,Right,5,9,6,6,,,0.06
2025-11-03 18:48:24,1.17.2,Bandit100,10,4.14,,20,0,100,RightDuringDispense,Right,5,9,6,6,,,0.03
2025-11-03 18:48:25,1.17.2,Bandit100,10,4.15,,20,0,100,RightDuringDispense,Right,5,9,6,6,,,0.04
2025-11-03 18:48:25,1.17.2,Bandit100,10,4.14,,20,0,100,RightDuringDispense,Right,5,9,6,6,,,0.0
2025-11-03 18:48:25,1.17.2,Bandit100,10,4.14,,20,0,100,RightDuringDispense,Right,5,9,6,6,,,0.02
2025-11-03 18:48:32,1.17.2,Bandit100,10,4.14,2.0,20,0,100,Pellet,Right,5,9,7,6,3.7,580.0,
2025-11-03 18:48:43,1.17.2,Bandit100,10,4.14,,20,0,100,Right,Right,5,10,7,7,,,0.06
2025-11-03 18:48:47,1.17.2,Bandit100,10,4.14,1.0,20,0,100,Pellet,Right,5,10,8,7,2.98,15.0,
2025-11-03 18:50:59,1.17.2,Bandit100,10,4.14,,20,0,100,Right,Right,5,11,8,8,,,0.13
2025-11-03 18:51:03,1.17.2,Bandit100,10,4.14,1.0,20,0,100,Pellet,Right,5,11,9,8,2.98,136.0,
2025-11-03 18:51:39,1.17.2,Bandit100,10,4.14,,20,0,100,Left,Right,6,11,9,9,,,0.35
2025-11-03 18:51:43,1.17.2,Bandit100,10,4.14,,20,0,100,RightinTimeout,Right,6,11,9,9,,,0.0
2025-11-03 18:52:32,1.17.2,Bandit100,10,4.14,,20,0,100,Left,Right,7,11,9,9,,,0.09
2025-11-03 18:52:59,1.17.2,Bandit100,10,4.14,,20,0,100,Left,Right,8,11,9,9,,,0.13
2025-11-03 18:57:04,1.17.2,Bandit100,10,4.14,,20,0,100,Left,Right,9,11,9,9,,,0.23
2025-11-03 18:57:09,1.17.2,Bandit100,10,4.15,,20,0,100,RightinTimeout,Right,9,11,9,9,,,0.0
2025-11-03 18:57:10,1.17.2,Bandit100,10,4.14,,20,0,100,RightinTimeout,Right,9,11,9,9,,,0.0
2025-11-03 19:02:50,1.17.2,Bandit100,10,4.14,,20,0,100,Right,Right,9,12,9,9,,,0.05
2025-11-03 19:02:53,1.17.2,Bandit100,10,4.14,1.0,20,0,100,Pellet,Right,9,12,10,9,2.14,710.0,
2025-11-03 19:03:07,1.17.2,Bandit100,10,4.14,,20,0,100,Left,Right,10,12,10,10,,,0.7
2025-11-03 19:03:16,1.17.2,Bandit100,10,4.14,,20,0,100,LeftinTimeOut,Right,10,12,10,10,,,
2025-11-03 19:03:21,1.17.2,Bandit100,10,4.14,,20,0,100,RightinTimeout,Right,10,12,10,10,,,0.0
2025-11-03 19:04:09,1.17.2,Bandit100,10,4.14,,20,0,100,Right,Right,10,13,10,10,,,0.01
2025-11-03 19:04:14,1.17.2,Bandit100,10,4.14,1.0,20,0,100,Pellet,Right,10,13,11,10,4.24,81.0,
2025-11-03 19:04:45,1.17.2,Bandit100,10,4.14,,20,0,100,Left,Right,11,13,11,11,,,0.19
2025-11-03 19:04:46,1.17.2,Bandit100,10,4.14,,20,0,100,LeftinTimeOut,Right,11,13,11,11,,,
2025-11-03 19:04:51,1.17.2,Bandit100,10,4.14,,20,0,100,RightinTimeout,Right,11,13,11,11,,,0.0
2025-11-03 19:04:51,1.17.2,Bandit100,10,4.14,,20,0,100,RightinTimeout,Right,11,13,11,11,,,0.0
2025-11-03 19:07:15,1.17.2,Bandit100,10,4.14,,20,0,100,Right,Right,11,14,11,11,,,0.05
2025-11-03 19:07:19,1.17.2,Bandit100,10,4.14,,20,0,100,RightWithPellet,Right,11,15,11,11,,,0.04
2025-11-03 19:07:26,1.17.2,Bandit100,10,4.14,1.0,20,0,100,Pellet,Right,11,15,12,11,10.14,192.0,
2025-11-03 19:07:42,1.17.2,Bandit100,10,4.14,,20,0,100,Right,Right,11,16,12,12,,,0.06
2025-11-03 19:07:46,1.17.2,Bandit100,10,4.14,1.0,20,0,100,Pellet,Right,11,16,13,12,4.0,20.0,
2025-11-03 19:08:10,1.17.2,Bandit100,10,4.14,,20,0,100,Left,Right,12,16,13,13,,,0.16
2025-11-03 19:08:12,1.17.2,Bandit100,10,4.14,,20,0,100,LeftinTimeOut,Right,12,16,13,13,,,
2025-11-03 19:09:05,1.17.2,Bandit100,10,4.14,,20,0,100,Right,Right,12,17,13,13,,,0.04
2025-11-03 19:09:16,1.17.2,Bandit100,10,4.14,1.0,20,0,100,Pellet,Right,12,17,14,13,10.23,90.0,
2025-11-03 19:14:17,1.17.2,Bandit100,10,4.14,,20,0,100,Left,Right,13,17,14,14,,,0.08
2025-11-03 19:17:27,1.17.2,Bandit100,10,4.14,,20,0,100,Left,Right,14,17,14,14,,,0.27
2025-11-03 19:20:19,1.17.2,Bandit100,10,4.14,,20,0,100,Right,Right,14,18,14,14,,,0.0
2025-11-03 19:20:24,1.17.2,Bandit100,10,4.14,1.0,20,0,100,Pellet,Right,14,18,15,14,3.94,668.0,
2025-11-03 19:20:35,1.17.2,Bandit100,10,4.13,,20,0,100,Right,Right,14,19,15,15,,,0.13
2025-11-03 19:20:38,1.17.2,Bandit100,10,4.14,1.0,20,0,100,Pellet,Right,14,19,16,15,1.85,14.0,
2025-11-03 19:21:29,1.17.2,Bandit100,10,4.14,,20,0,100,Right,Right,14,20,16,16,,,0.09
2025-11-03 19:21:31,1.17.2,Bandit100,10,4.14,1.0,20,0,100,Pellet,Right,14,20,17,16,1.84,53.0,
2025-11-03 19:22:18,1.17.2,Bandit100,10,4.14,,20,0,100,Right,Right,14,21,17,17,,,0.78
2025-11-03 19:22:20,1.17.2,Bandit100,10,4.14,,20,0,100,RightWithPellet,Right,14,22,17,17,,,0.27
2025-11-03 19:22:24,1.17.2,Bandit100,10,4.14,1.0,20,0,100,Pellet,Right,14,22,18,17,5.53,53.0,
2025-11-03 19:23:35,1.17.2,Bandit100,10,4.14,,20,0,100,Left,Right,15,22,18,18,,,0.05
2025-11-03 19:29:36,1.17.2,Bandit100,10,4.14,,20,0,100,Right,Right,15,23,18,18,,,0.1
2025-11-03 19:29:40,1.17.2,Bandit100,10,4.14,2.0,20,0,100,Pellet,Right,15,23,19,18,1.61,436.0,
2025-11-03 19:29:51,1.17.2,Bandit100,10,4.14,,20,0,100,Right,Right,15,24,19,19,,,0.13
2025-11-03 19:29:52,1.17.2,Bandit100,10,4.13,1.0,20,0,100,Pellet,Right,15,24,20,19,0.65,12.0,
2025-11-03 19:30:17,1.17.2,Bandit100,10,4.14,,20,100,0,Left,Left,16,24,20,0,,,0.11
2025-11-03 19:30:25,1.17.2,Bandit100,10,4.14,1.0,20,100,0,Pellet,Left,16,24,21,0,6.88,33.0,
2025-11-03 19:30:46,1.17.2,Bandit100,10,4.14,,20,100,0,Right,Left,16,25,21,1,,,0.01
2025-11-03 19:31:38,1.17.2,Bandit100,10,4.14,,20,100,0,Left,Left,17,25,21,1,,,0.14
2025-11-03 19:31:40,1.17.2,Bandit100,10,4.14,1.0,20,100,0,Pellet,Left,17,25,22,1,1.07,75.0,
2025-11-03 19:35:32,1.17.2,Bandit100,10,4.14,,20,100,0,Left,Left,18,25,22,2,,,0.45
2025-11-03 19:35:39,1.17.2,Bandit100,10,4.14,1.0,20,100,0,Pellet,Left,18,25,23,2,5.87,239.0,
2025-11-03 19:36:03,1.17.2,Bandit100,10,4.13,,20,100,0,Left,Left,19,25,23,3,,,0.03
2025-11-03 19:36:06,1.17.2,Bandit100,10,4.13,1.0,20,100,0,Pellet,Left,19,25,24,3,1.79,27.0,
2025-11-03 19:36:44,1.17.2,Bandit100,10,4.14,,20,100,0,Right,Left,19,26,24,4,,,0.02
2025-11-03 19:37:09,1.17.2,Bandit100,10,4.14,,20,100,0,Left,Left,20,26,24,4,,,0.37
2025-11-03 19:37:15,1.17.2,Bandit100,10,4.13,1.0,20,100,0,Pellet,Left,20,26,25,4,5.14,69.0,
2025-11-03 19:37:29,1.17.2,Bandit100,10,4.14,,20,100,0,Left,Left,21,26,25,5,,,0.02
2025-11-03 19:37:31,1.17.2,Bandit100,10,4.14,,20,100,0,LeftWithPellet,Left,21,26,25,5,,,0.17
2025-11-03 19:37:34,1.17.2,Bandit100,10,4.14,1.0,20,100,0,Pellet,Left,21,26,26,5,3.69,18.0,
2025-11-03 19:40:16,1.17.2,Bandit100,10,4.14,,20,100,0,Right,Left,21,27,26,6,,,0.14
2025-11-03 19:40:18,1.17.2,Bandit100,10,4.14,,20,100,0,RightinTimeout,Left,21,27,26,6,,,0.0
2025-11-03 19:41:37,1.17.2,Bandit100,10,4.14,,20,100,0,Right,Left,21,28,26,6,,,0.12
2025-11-03 19:48:07,1.17.2,Bandit100,10,4.13,,20,100,0,Right,Left,21,29,26,6,,,0.07
2025-11-03 19:48:11,1.17.2,Bandit100,10,4.14,,20,100,0,RightinTimeout,Left,21,29,26,6,,,0.0
2025-11-03 19:48:50,1.17.2,Bandit100,10,4.14,,20,100,0,Left,Left,22,29,26,6,,,0.07
2025-11-03 19:48:54,1.17.2,Bandit100,10,4.13,,20,100,0,RightWithPellet,Left,22,30,26,6,,,0.03
2025-11-03 19:48:57,1.17.2,Bandit100,10,4.14,1.0,20,100,0,Pellet,Left,22,30,27,6,5.95,684.0,
2025-11-03 19:54:04,1.17.2,Bandit100,10,4.13,,20,100,0,Left,Left,23,30,27,7,,,0.04
2025-11-03 19:54:08,1.17.2,Bandit100,10,4.14,1.0,20,100,0,Pellet,Left,23,30,28,7,2.45,311.0,
2025-11-03 19:56:28,1.17.2,Bandit100,10,4.13,,20,100,0,Right,Left,23,31,28,8,,,0.05
2025-11-03 19:56:29,1.17.2,Bandit100,10,4.14,,20,100,0,RightinTimeout,Left,23,31,28,8,,,0.0
2025-11-03 19:56:29,1.17.2,Bandit100,10,4.13,,20,100,0,RightinTimeout,Left,23,31,28,8,,,0.0
2025-11-03 19:56:32,1.17.2,Bandit100,10,4.13,,20,100,0,LeftinTimeOut,Left,23,31,28,8,,,
2025-11-03 19:56:41,1.17.2,Bandit100,10,4.14,,20,100,0,LeftinTimeOut,Left,23,31,28,8,,,
2025-11-03 19:59:25,1.17.2,Bandit100,10,4.14,,20,100,0,Right,Left,23,32,28,8,,,0.04
2025-11-03 19:59:29,1.17.2,Bandit100,10,4.14,,20,100,0,RightinTimeout,Left,23,32,28,8,,,0.0
2025-11-03 19:59:53,1.17.2,Bandit100,10,4.14,,20,100,0,Right,Left,23,33,28,8,,,0.1
2025-11-03 20:10:10,1.17.2,Bandit100,10,4.13,,20,100,0,Right,Left,23,34,28,8,,,0.06
2025-11-03 20:10:28,1.17.2,Bandit100,10,4.13,,20,100,0,Right,Left,23,35,28,8,,,0.36
2025-11-03 20:10:28,1.17.2,Bandit100,10,4.13,,20,100,0,RightinTimeout,Left,23,35,28,8,,,0.0
2025-11-03 20:10:33,1.17.2,Bandit100,10,4.13,,20,100,0,RightinTimeout,Left,23,35,28,8,,,0.0
2025-11-03 20:12:22,1.17.2,Bandit100,10,4.13,,20,100,0,Left,Left,24,35,28,8,,,0.01
2025-11-03 20:12:25,1.17.2,Bandit100,10,4.13,1.0,20,100,0,Pellet,Left,24,35,29,8,2.57,1097.0,
2025-11-03 20:12:37,1.17.2,Bandit100,10,4.13,,20,100,0,Right,Left,24,36,29,9,,,0.05
2025-11-03 20:15:59,1.17.2,Bandit100,10,4.12,,20,100,0,Left,Left,25,36,29,9,,,0.22
2025-11-03 20:15:59,1.17.2,Bandit100,10,4.13,,20,100,0,LeftDuringDispense,Left,25,36,29,9,,,0.04
2025-11-03 20:16:05,1.17.2,Bandit100,10,4.12,2.0,20,100,0,Pellet,Left,25,36,30,9,3.23,220.0,
2025-11-03 20:16:23,1.17.2,Bandit100,10,4.13,,20,100,0,Right,Left,25,37,30,10,,,0.09
2025-11-03 20:17:15,1.17.2,Bandit100,10,4.13,,20,100,0,Right,Left,25,38,30,10,,,0.16
2025-11-03 20:24:45,1.17.2,Bandit100,10,4.13,,20,100,0,Right,Left,25,39,30,10,,,0.06
2025-11-03 20:24:45,1.17.2,Bandit100,10,4.13,,20,100,0,RightinTimeout,Left,25,39,30,10,,,0.0
2025-11-03 20:24:46,1.17.2,Bandit100,10,4.12,,20,100,0,RightinTimeout,Left,25,39,30,10,,,0.0
2025-11-03 20:24:47,1.17.2,Bandit100,10,4.13,,20,100,0,RightinTimeout,Left,25,39,30,10,,,0.0
2025-11-03 20:24:47,1.17.2,Bandit100,10,4.14,,20,100,0,RightinTimeout,Left,25,39,30,10,,,0.0
2025-11-03 20:24:53,1.17.2,Bandit100,10,4.13,,20,100,0,RightinTimeout,Left,25,39,30,10,,,0.0
2025-11-03 20:24:53,1.17.2,Bandit100,10,4.12,,20,100,0,RightinTimeout,Left,25,39,30,10,,,0.0
2025-11-03 20:25:05,1.17.2,Bandit100,10,4.13,,20,100,0,Right,Left,25,40,30,10,,,0.37
2025-11-03 20:25:22,1.17.2,Bandit100,10,4.12,,20,100,0,Right,Left,25,41,30,10,,,0.03
2025-11-03 20:27:52,1.17.2,Bandit100,10,4.13,,20,100,0,Left,Left,26,41,30,10,,,0.6
2025-11-03 20:27:54,1.17.2,Bandit100,10,4.13,1.0,20,100,0,Pellet,Left,26,41,31,10,1.13,709.0,
2025-11-03 20:30:50,1.17.2,Bandit100,10,4.12,,20,100,0,Left,Left,27,41,31,11,,,0.11
2025-11-03 20:30:52,1.17.2,Bandit100,10,4.13,1.0,20,100,0,Pellet,Left,27,41,32,11,1.01,178.0,
2025-11-03 20:31:09,1.17.2,Bandit100,10,4.12,,20,100,0,Left,Left,28,41,32,12,,,0.04
2025-11-03 20:31:14,1.17.2,Bandit100,10,4.13,2.0,20,100,0,Pellet,Left,28,41,33,12,3.59,22.0,
2025-11-03 20:33:12,1.17.2,Bandit100,10,4.13,,20,100,0,Right,Left,28,42,33,13,,,0.48
2025-11-03 20:33:13,1.17.2,Bandit100,10,4.13,,20,100,0,RightinTimeout,Left,28,42,33,13,,,0.0
2025-11-03 20:33:47,1.17.2,Bandit100,10,4.13,,20,100,0,Right,Left,28,43,33,13,,,0.41
2025-11-03 20:33:49,1.17.2,Bandit100,10,4.13,,20,100,0,LeftinTimeOut,Left,28,43,33,13,,,
2025-11-03 20:33:57,1.17.2,Bandit100,10,4.13,,20,100,0,RightinTimeout,Left,28,43,33,13,,,0.0
2025-11-03 20:39:21,1.17.2,Bandit100,10,4.13,,20,100,0,Right,Left,28,44,33,13,,,0.16
2025-11-03 20:44:18,1.17.2,Bandit100,10,4.13,,20,100,0,Left,Left,29,44,33,13,,,0.03
2025-11-03 20:44:20,1.17.2,Bandit100,10,4.13,1.0,20,100,0,Pellet,Left,29,44,34,13,1.55,786.0,
2025-11-03 20:45:10,1.17.2,Bandit100,10,4.13,,20,100,0,Right,Left,29,45,34,14,,,0.06
2025-11-03 20:45:12,1.17.2,Bandit100,10,4.13,,20,100,0,RightinTimeout,Left,29,45,34,14,,,0.0
2025-11-03 20:45:13,1.17.2,Bandit100,10,4.13,,20,100,0,RightinTimeout,Left,29,45,34,14,,,0.0
2025-11-03 20:45:13,1.17.2,Bandit100,10,4.13,,20,100,0,RightinTimeout,Left,29,45,34,14,,,0.0
2025-11-03 20:45:15,1.17.2,Bandit100,10,4.13,,20,100,0,RightinTimeout,Left,29,45,34,14,,,0.0
2025-11-03 20:45:29,1.17.2,Bandit100,10,4.12,,20,100,0,Right,Left,29,46,34,14,,,0.2
2025-11-03 20:45:31,1.17.2,Bandit100,10,4.12,,20,100,0,RightinTimeout,Left,29,46,34,14,,,0.0
2025-11-03 20:45:34,1.17.2,Bandit100,10,4.13,,20,100,0,LeftinTimeOut,Left,29,46,34,14,,,
2025-11-03 20:45:48,1.17.2,Bandit100,10,4.13,,20,100,0,Right,Left,29,47,34,14,,,0.35
2025-11-03 20:45:52,1.17.2,Bandit100,10,4.13,,20,100,0,LeftinTimeOut,Left,29,47,34,14,,,
2025-11-03 20:46:53,1.17.2,Bandit100,10,4.13,,20,100,0,Right,Left,29,48,34,14,,,0.06
2025-11-03 20:49:03,1.17.2,Bandit100,10,4.13,,20,100,0,Right,Left,29,49,34,14,,,0.0
2025-11-03 20:51:24,1.17.2,Bandit100,10,4.13,,20,100,0,Left,Left,30,49,34,14,,,0.03
2025-11-03 20:51:26,1.17.2,Bandit100,10,4.12,1.0,20,100,0,Pellet,Left,30,49,35,14,1.01,426.0,
2025-11-03 20:51:35,1.17.2,Bandit100,10,4.12,,20,100,0,Right,Left,30,50,35,15,,,0.33
2025-11-03 20:52:15,1.17.2,Bandit100,10,4.13,,20,100,0,Right,Left,30,51,35,15,,,0.05
2025-11-03 21:02:52,1.17.2,Bandit100,10,4.12,,20,100,0,Left,Left,31,51,35,15,,,0.21
2025-11-03 21:02:57,1.17.2,Bandit100,10,4.12,1.0,20,100,0,Pellet,Left,31,51,36,15,4.01,691.0,
2025-11-03 21:03:12,1.17.2,Bandit100,10,4.13,,20,100,0,Left,Left,32,51,36,16,,,0.07
2025-11-03 21:03:13,1.17.2,Bandit100,10,4.12,,20,100,0,LeftDuringDispense,Left,32,51,36,16,,,0.33
2025-11-03 21:03:20,1.17.2,Bandit100,10,4.13,2.0,20,100,0,Pellet,Left,32,51,37,16,4.19,23.0,
2025-11-03 21:03:28,1.17.2,Bandit100,10,4.12,,20,100,0,Right,Left,32,52,37,17,,,0.18
2025-11-03 21:04:32,1.17.2,Bandit100,10,4.13,,20,100,0,Right,Left,32,53,37,17,,,0.34
2025-11-03 21:04:43,1.17.2,Bandit100,10,4.12,,20,100,0,Left,Left,33,53,37,17,,,0.28
2025-11-03 21:04:45,1.17.2,Bandit100,10,4.12,1.0,20,100,0,Pellet,Left,33,53,38,17,1.19,85.0,
2025-11-03 21:06:21,1.17.2,Bandit100,10,4.13,,20,100,0,Left,Left,34,53,38,18,,,0.22
2025-11-03 21:06:23,1.17.2,Bandit100,10,4.13,1.0,20,100,0,Pellet,Left,34,53,39,18,0.65,98.0,
2025-11-03 21:08:04,1.17.2,Bandit100,10,4.13,,20,100,0,Left,Left,35,53,39,19,,,0.06
2025-11-03 21:08:06,1.17.2,Bandit100,10,4.12,1.0,20,100,0,Pellet,Left,35,53,40,19,1.19,103.0,
2025-11-03 21:08:17,1.17.2,Bandit100,10,4.12,,20,0,100,Left,Right,36,53,40,0,,,0.19
2025-11-03 21:10:17,1.17.2,Bandit100,10,4.13,,20,0,100,Left,Right,37,53,40,0,,,0.22
2025-11-03 21:11:29,1.17.2,Bandit100,10,4.13,,20,0,100,Left,Right,38,53,40,0,,,0.27
2025-11-03 21:11:31,1.17.2,Bandit100,10,4.12,,20,0,100,LeftinTimeOut,Right,38,53,40,0,,,
2025-11-03 21:11:38,1.17.2,Bandit100,10,4.13,,20,0,100,RightinTimeout,Right,38,53,40,0,,,0.0
2025-11-03 21:14:55,1.17.2,Bandit100,10,4.11,,20,0,100,Right,Right,38,54,40,0,,,0.34
2025-11-03 21:14:57,1.17.2,Bandit100,10,4.12,1.0,20,0,100,Pellet,Right,38,54,41,0,1.67,411.0,
2025-11-03 21:15:11,1.17.2,Bandit100,10,4.12,,20,0,100,Left,Right,39,54,41,1,,,0.22
2025-11-03 21:15:18,1.17.2,Bandit100,10,4.13,,20,0,100,RightinTimeout,Right,39,54,41,1,,,0.0
2025-11-03 21:16:30,1.17.2,Bandit100,10,4.12,,20,0,100,Left,Right,40,54,41,1,,,0.12
2025-11-03 21:16:32,1.17.2,Bandit100,10,4.12,,20,0,100,LeftinTimeOut,Right,40,54,41,1,,,
2025-11-03 21:16:34,1.17.2,Bandit100,10,4.13,,20,0,100,LeftinTimeOut,Right,40,54,41,1,,,
2025-11-03 21:16:35,1.17.2,Bandit100,10,4.13,,20,0,100,LeftinTimeOut,Right,40,54,41,1,,,
2025-11-03 21:16:39,1.17.2,Bandit100,10,4.12,,20,0,100,RightinTimeout,Right,40,54,41,1,,,0.0
2025-11-03 21:21:44,1.17.2,Bandit100,10,4.12,,20,0,100,Right,Right,40,55,41,1,,,0.19
2025-11-03 21:21:47,1.17.2,Bandit100,10,4.13,1.0,20,0,100,Pellet,Right,40,55,42,1,2.15,410.0,
2025-11-03 21:22:22,1.17.2,Bandit100,10,4.12,,20,0,100,Left,Right,41,55,42,2,,,0.1
2025-11-03 21:22:26,1.17.2,Bandit100,10,4.12,,20,0,100,LeftinTimeOut,Right,41,55,42,2,,,
2025-11-03 21:27:27,1.17.2,Bandit100,10,4.12,,20,0,100,Right,Right,41,56,42,2,,,0.3
2025-11-03 21:27:30,1.17.2,Bandit100,10,4.13,1.0,20,0,100,Pellet,Right,41,56,43,2,1.61,342.0,
2025-11-03 21:27:35,1.17.2,Bandit100,10,4.12,,20,0,100,Right,Right,41,57,43,3,,,0.36
2025-11-03 21:27:37,1.17.2,Bandit100,10,4.13,1.0,20,0,100,Pellet,Right,41,57,44,3,1.13,8.0,
2025-11-03 21:27:50,1.17.2,Bandit100,10,4.12,,20,0,100,Right,Right,41,58,44,4,,,0.05
2025-11-03 21:27:52,1.17.2,Bandit100,10,4.13,,20,0,100,RightWithPellet,Right,41,59,44,4,,,0.1
2025-11-03 21:27:56,1.17.2,Bandit100,10,4.12,1.0,20,0,100,Pellet,Right,41,59,45,4,5.3,19.0,
2025-11-03 21:28:14,1.17.2,Bandit100,10,4.12,,20,0,100,Left,Right,42,59,45,5,,,0.04
2025-11-03 21:28:15,1.17.2,Bandit100,10,4.12,,20,0,100,LeftinTimeOut,Right,42,59,45,5,,,
2025-11-03 21:28:16,1.17.2,Bandit100,10,4.12,,20,0,100,LeftinTimeOut,Right,42,59,45,5,,,
2025-11-03 21:28:18,1.17.2,Bandit100,10,4.12,,20,0,100,LeftinTimeOut,Right,42,59,45,5,,,
2025-11-03 21:28:26,1.17.2,Bandit100,10,4.12,,20,0,100,LeftinTimeOut,Right,42,59,45,5,,,
2025-11-03 21:28:28,1.17.2,Bandit100,10,4.12,,20,0,100,LeftinTimeOut,Right,42,59,45,5,,,
2025-11-03 21:28:30,1.17.2,Bandit100,10,4.12,,20,0,100,LeftinTimeOut,Right,42,59,45,5,,,
2025-11-03 21:29:07,1.17.2,Bandit100,10,4.12,,20,0,100,Right,Right,42,60,45,5,,,0.02
2025-11-03 21:29:10,1.17.2,Bandit100,10,4.13,1.0,20,0,100,Pellet,Right,42,60,46,5,1.85,73.0,
2025-11-03 21:29:19,1.17.2,Bandit100,10,4.12,,20,0,100,Left,Right,43,60,46,6,,,0.16
2025-11-03 21:30:22,1.17.2,Bandit100,10,4.13,,20,0,100,Right,Right,43,61,46,6,,,0.13
2025-11-03 21:30:24,1.17.2,Bandit100,10,4.12,1.0,20,0,100,Pellet,Right,43,61,47,6,1.19,75.0,
2025-11-03 21:30:33,1.17.2,Bandit100,10,4.12,,20,0,100,Right,Right,43,62,47,7,,,0.25
2025-11-03 21:30:36,1.17.2,Bandit100,10,4.12,1.0,20,0,100,Pellet,Right,43,62,48,7,1.43,12.0,
2025-11-03 21:30:55,1.17.2,Bandit100,10,4.12,,20,0,100,Right,Right,43,63,48,8,,,0.2
2025-11-03 21:30:57,1.17.2,Bandit100,10,4.12,1.0,20,0,100,Pellet,Right,43,63,49,8,0.71,21.0,
2025-11-03 21:31:11,1.17.2,Bandit100,10,4.12,,20,0,100,Right,Right,43,64,49,9,,,0.23
2025-11-03 21:31:13,1.17.2,Bandit100,10,4.12,1.0,20,0,100,Pellet,Right,43,64,50,9,0.59,16.0,
2025-11-03 21:31:22,1.17.2,Bandit100,10,4.12,,20,0,100,Left,Right,44,64,50,10,,,0.28
2025-11-03 21:32:35,1.17.2,Bandit100,10,4.12,,20,0,100,Left,Right,45,64,50,10,,,0.28
2025-11-03 21:32:37,1.17.2,Bandit100,10,4.12,,20,0,100,LeftinTimeOut,Right,45,64,50,10,,,
2025-11-03 21:32:41,1.17.2,Bandit100,10,4.12,,20,0,100,LeftinTimeOut,Right,45,64,50,10,,,
2025-11-03 21:32:45,1.17.2,Bandit100,10,4.12,,20,0,100,LeftinTimeOut,Right,45,64,50,10,,,
2025-11-03 21:33:03,1.17.2,Bandit100,10,4.12,,20,0,100,Right,Right,45,65,50,10,,,0.26
2025-11-03 21:33:06,1.17.2,Bandit100,10,4.12,1.0,20,0,100,Pellet,Right,45,65,51,10,1.85,113.0,
2025-11-03 21:33:13,1.17.2,Bandit100,10,4.12,,20,0,100,Right,Right,45,66,51,11,,,0.1
2025-11-03 21:33:15,1.17.2,Bandit100,10,4.12,1.0,20,0,100,Pellet,Right,45,66,52,11,1.43,9.0,
2025-11-03 21:33:26,1.17.2,Bandit100,10,4.12,,20,0,100,Left,Right,46,66,52,12,,,0.05
2025-11-03 21:33:30,1.17.2,Bandit100,10,4.12,,20,0,100,RightinTimeout,Right,46,66,52,12,,,0.0
2025-11-03 21:33:36,1.17.2,Bandit100,10,4.12,,20,0,100,LeftinTimeOut,Right,46,66,52,12,,,
2025-11-03 21:33:37,1.17.2,Bandit100,10,4.12,,20,0,100,LeftinTimeOut,Right,46,66,52,12,,,
2025-11-03 21:33:41,1.17.2,Bandit100,10,4.12,,20,0,100,RightinTimeout,Right,46,66,52,12,,,0.0
2025-11-03 21:33:44,1.17.2,Bandit100,10,4.12,,20,0,100,LeftinTimeOut,Right,46,66,52,12,,,
2025-11-03 21:34:03,1.17.2,Bandit100,10,4.12,,20,0,100,Right,Right,46,67,52,12,,,0.47
2025-11-03 21:34:06,1.17.2,Bandit100,10,4.12,1.0,20,0,100,Pellet,Right,46,67,53,12,1.97,51.0,
2025-11-03 21:34:20,1.17.2,Bandit100,10,4.12,,20,0,100,Right,Right,46,68,53,13,,,0.08
2025-11-03 21:34:22,1.17.2,Bandit100,10,4.12,1.0,20,0,100,Pellet,Right,46,68,54,13,1.55,16.0,
2025-11-03 21:34:36,1.17.2,Bandit100,10,4.12,,20,0,100,Left,Right,47,68,54,14,,,0.15
2025-11-03 21:34:58,1.17.2,Bandit100,10,4.12,,20,0,100,Right,Right,47,69,54,14,,,0.0
2025-11-03 21:35:00,1.17.2,Bandit100,10,4.12,1.0,20,0,100,Pellet,Right,47,69,55,14,1.49,38.0,
2025-11-03 21:35:14,1.17.2,Bandit100,10,4.12,,20,0,100,Right,Right,47,70,55,15,,,0.02
2025-11-03 21:35:16,1.17.2,Bandit100,10,4.12,1.0,20,0,100,Pellet,Right,47,70,56,15,1.31,16.0,
2025-11-03 21:37:20,1.17.2,Bandit100,10,4.13,,20,0,100,Right,Right,47,71,56,16,,,0.04
2025-11-03 21:37:22,1.17.2,Bandit100,10,4.12,1.0,20,0,100,Pellet,Right,47,71,57,16,0.95,126.0,
2025-11-03 21:37:32,1.17.2,Bandit100,10,4.12,,20,0,100,Right,Right,47,72,57,17,,,0.03
2025-11-03 21:37:32,1.17.2,Bandit100,10,4.12,,20,0,100,RightDuringDispense,Right,47,72,57,17,,,0.03
2025-11-03 21:37:36,1.17.2,Bandit100,10,4.12,3.0,20,0,100,Pellet,Right,47,72,58,17,0.89,14.0,
2025-11-03 21:37:45,1.17.2,Bandit100,10,4.12,,20,0,100,Right,Right,47,73,58,18,,,0.1
2025-11-03 21:37:47,1.17.2,Bandit100,10,4.12,1.0,20,0,100,Pellet,Right,47,73,59,18,0.53,11.0,
2025-11-03 21:37:59,1.17.2,Bandit100,10,4.12,,20,0,100,Right,Right,47,74,59,19,,,0.11
2025-11-03 21:38:00,1.17.2,Bandit100,10,4.12,1.0,20,0,100,Pellet,Right,47,74,60,19,0.53,13.0,
2025-11-03 21:38:13,1.17.2,Bandit100,10,4.12,,20,100,0,Right,Left,47,75,60,0,,,0.0
2025-11-03 21:38:14,1.17.2,Bandit100,10,4.12,,20,100,0,RightinTimeout,Left,47,75,60,0,,,0.0
2025-11-03 21:38:19,1.17.2,Bandit100,10,4.12,,20,100,0,RightinTimeout,Left,47,75,60,0,,,0.0
2025-11-03 21:38:52,1.17.2,Bandit100,10,4.13,,20,100,0,Left,Left,48,75,60,0,,,0.21
2025-11-03 21:38:56,1.17.2,Bandit100,10,4.12,,20,100,0,LeftWithPellet,Left,48,75,60,0,,,0.13
2025-11-03 21:38:57,1.17.2,Bandit100,10,4.12,1.0,20,100,0,Pellet,Left,48,75,61,0,3.77,57.0,
2025-11-03 21:39:08,1.17.2,Bandit100,10,4.12,,20,100,0,Right,Left,48,76,61,1,,,0.23
2025-11-03 21:39:10,1.17.2,Bandit100,10,4.12,,20,100,0,RightinTimeout,Left,48,76,61,1,,,0.0
2025-11-03 21:40:26,1.17.2,Bandit100,10,4.12,,20,100,0,Right,Left,48,77,61,1,,,0.17
2025-11-03 21:40:32,1.17.2,Bandit100,10,4.12,,20,100,0,RightinTimeout,Left,48,77,61,1,,,0.0
2025-11-03 21:43:39,1.17.2,Bandit100,10,4.12,,20,100,0,Left,Left,49,77,61,1,,,0.21
2025-11-03 21:43:42,1.17.2,Bandit100,10,4.13,1.0,20,100,0,Pellet,Left,49,77,62,1,1.91,285.0,
2025-11-03 21:44:03,1.17.2,Bandit100,10,4.12,,20,100,0,Left,Left,50,77,62,2,,,0.13
2025-11-03 21:44:05,1.17.2,Bandit100,10,4.12,1.0,20,100,0,Pellet,Left,50,77,63,2,1.25,23.0,
2025-11-03 21:44:23,1.17.2,Bandit100,10,4.12,,20,100,0,Right,Left,50,78,63,3,,,0.15
2025-11-03 21:44:48,1.17.2,Bandit100,10,4.12,,20,100,0,Left,Left,51,78,63,3,,,0.19
2025-11-03 21:44:51,1.17.2,Bandit100,10,4.12,1.0,20,100,0,Pellet,Left,51,78,64,3,2.03,46.0,
2025-11-03 21:47:29,1.17.2,Bandit100,10,4.12,,20,100,0,Right,Left,51,79,64,4,,,0.12
2025-11-03 21:49:59,1.17.2,Bandit100,10,4.12,,20,100,0,Left,Left,52,79,64,4,,,0.05
2025-11-03 21:50:03,1.17.2,Bandit100,10,4.12,2.0,20,100,0,Pellet,Left,52,79,65,4,2.15,312.0,
2025-11-03 21:51:57,1.17.2,Bandit100,10,4.11,,20,100,0,Left,Left,53,79,65,5,,,0.01
2025-11-03 21:51:58,1.17.2,Bandit100,10,4.12,1.0,20,100,0,Pellet,Left,53,79,66,5,0.83,115.0,
2025-11-03 21:55:54,1.17.2,Bandit100,10,4.12,,20,100,0,Left,Left,54,79,66,6,,,0.33
2025-11-03 21:55:57,1.17.2,Bandit100,10,4.12,,20,100,0,LeftWithPellet,Left,54,79,66,6,,,0.01
2025-11-03 21:56:01,1.17.2,Bandit100,10,4.12,1.0,20,100,0,Pellet,Left,54,79,67,6,6.11,243.0,
2025-11-03 21:56:16,1.17.2,Bandit100,10,4.12,,20,100,0,Right,Left,54,80,67,7,,,0.02
2025-11-03 21:56:44,1.17.2,Bandit100,10,4.12,,20,100,0,Right,Left,54,81,67,7,,,0.46
2025-11-03 21:56:45,1.17.2,Bandit100,10,4.12,,20,100,0,RightinTimeout,Left,54,81,67,7,,,0.0
2025-11-03 21:56:45,1.17.2,Bandit100,10,4.12,,20,100,0,RightinTimeout,Left,54,81,67,7,,,0.0
2025-11-03 21:56:51,1.17.2,Bandit100,10,4.12,,20,100,0,LeftinTimeOut,Left,54,81,67,7,,,
2025-11-03 22:05:48,1.17.2,Bandit100,10,4.12,,20,100,0,Right,Left,54,82,67,7,,,0.12
2025-11-03 22:10:00,1.17.2,Bandit100,10,4.12,,20,100,0,Left,Left,55,82,67,7,,,0.01
2025-11-03 22:10:02,1.17.2,Bandit100,10,4.12,1.0,20,100,0,Pellet,Left,55,82,68,7,0.77,841.0,
2025-11-03 22:10:22,1.17.2,Bandit100,10,4.11,,20,100,0,Right,Left,55,83,68,8,,,0.01
2025-11-03 22:10:28,1.17.2,Bandit100,10,4.12,,20,100,0,LeftinTimeOut,Left,55,83,68,8,,,
2025-11-03 22:13:31,1.17.2,Bandit100,10,4.12,,20,100,0,Left,Left,56,83,68,8,,,0.15
2025-11-03 22:13:33,1.17.2,Bandit100,10,4.12,1.0,20,100,0,Pellet,Left,56,83,69,8,1.13,211.0,
2025-11-03 22:13:45,1.17.2,Bandit100,10,4.12,,20,100,0,Right,Left,56,84,69,9,,,0.13
2025-11-03 22:17:10,1.17.2,Bandit100,10,4.12,,20,100,0,Left,Left,57,84,69,9,,,0.03
2025-11-03 22:17:12,1.17.2,Bandit100,10,4.12,1.0,20,100,0,Pellet,Left,57,84,70,9,0.89,219.0,
2025-11-03 22:17:37,1.17.2,Bandit100,10,4.12,,20,100,0,Left,Left,58,84,70,10,,,0.54
2025-11-03 22:17:40,1.17.2,Bandit100,10,4.11,,20,100,0,LeftWithPellet,Left,58,84,70,10,,,0.03
2025-11-03 22:17:42,1.17.2,Bandit100,10,4.12,1.0,20,100,0,Pellet,Left,58,84,71,10,4.03,30.0,
2025-11-03 22:17:48,1.17.2,Bandit100,10,4.12,,20,100,0,Right,Left,58,85,71,11,,,0.2
2025-11-03 22:17:50,1.17.2,Bandit100,10,4.12,,20,100,0,LeftinTimeOut,Left,58,85,71,11,,,
2025-11-03 22:17:53,1.17.2,Bandit100,10,4.12,,20,100,0,RightinTimeout,Left,58,85,71,11,,,0.0
2025-11-03 22:18:40,1.17.2,Bandit100,10,4.12,,20,100,0,Right,Left,58,86,71,11,,,0.03
2025-11-03 22:22:09,1.17.2,Bandit100,10,4.12,,20,100,0,Right,Left,58,87,71,11,,,0.41
2025-11-03 22:24:07,1.17.2,Bandit100,10,4.12,,20,100,0,Left,Left,59,87,71,11,,,0.22
2025-11-03 22:24:13,1.17.2,Bandit100,10,4.12,2.0,20,100,0,Pellet,Left,59,87,72,11,3.29,391.0,
2025-11-03 22:24:33,1.17.2,Bandit100,10,4.12,,20,100,0,Right,Left,59,88,72,12,,,0.23
2025-11-03 22:24:36,1.17.2,Bandit100,10,4.12,,20,100,0,RightinTimeout,Left,59,88,72,12,,,0.0
2025-11-03 22:24:38,1.17.2,Bandit100,10,4.12,,20,100,0,RightinTimeout,Left,59,88,72,12,,,0.0
2025-11-03 22:24:38,1.17.2,Bandit100,10,4.12,,20,100,0,RightinTimeout,Left,59,88,72,12,,,0.0
2025-11-03 22:31:37,1.17.2,Bandit100,10,4.12,,20,100,0,Left,Left,60,88,72,12,,,0.09
2025-11-03 22:31:39,1.17.2,Bandit100,10,4.12,1.0,20,100,0,Pellet,Left,60,88,73,12,1.13,446.0,
2025-11-03 22:31:47,1.17.2,Bandit100,10,4.12,,20,100,0,Left,Left,61,88,73,13,,,0.02
2025-11-03 22:31:49,1.17.2,Bandit100,10,4.12,1.0,20,100,0,Pellet,Left,61,88,74,13,0.95,10.0,
2025-11-03 22:31:56,1.17.2,Bandit100,10,4.12,,20,100,0,Left,Left,62,88,74,14,,,0.09
2025-11-03 22:31:58,1.17.2,Bandit100,10,4.12,1.0,20,100,0,Pellet,Left,62,88,75,14,0.83,9.0,
2025-11-03 22:32:06,1.17.2,Bandit100,10,4.12,,20,100,0,Left,Left,63,88,75,15,,,0.14
2025-11-03 22:32:10,1.17.2,Bandit100,10,4.12,1.0,20,100,0,Pellet,Left,63,88,76,15,3.29,12.0,
2025-11-03 22:32:21,1.17.2,Bandit100,10,4.12,,20,100,0,Left,Left,64,88,76,16,,,0.07
2025-11-03 22:32:23,1.17.2,Bandit100,10,4.12,1.0,20,100,0,Pellet,Left,64,88,77,16,1.79,13.0,
2025-11-03 22:32:49,1.17.2,Bandit100,10,4.12,,20,100,0,Left,Left,65,88,77,17,,,0.03
2025-11-03 22:32:49,1.17.2,Bandit100,10,4.12,,20,100,0,LeftDuringDispense,Left,65,88,77,17,,,0.1
2025-11-03 22:32:52,1.17.2,Bandit100,10,4.12,,20,100,0,LeftWithPellet,Left,65,88,77,17,,,0.11
2025-11-03 22:32:54,1.17.2,Bandit100,10,4.12,2.0,20,100,0,Pellet,Left,65,88,78,17,1.77,31.0,
2025-11-03 22:33:06,1.17.2,Bandit100,10,4.12,,20,100,0,Left,Left,66,88,78,18,,,0.0
2025-11-03 22:33:09,1.17.2,Bandit100,10,4.12,,20,100,0,LeftDuringDispense,Left,66,88,78,18,,,0.24
2025-11-03 22:33:16,1.17.2,Bandit100,10,4.12,3.0,20,100,0,Pellet,Left,66,88,79,18,4.25,22.0,
2025-11-03 22:33:24,1.17.2,Bandit100,10,4.12,,20,100,0,Right,Left,66,89,79,19,,,0.17
2025-11-03 22:33:28,1.17.2,Bandit100,10,4.12,,20,100,0,LeftinTimeOut,Left,66,89,79,19,,,
2025-11-03 22:33:30,1.17.2,Bandit100,10,4.12,,20,100,0,LeftinTimeOut,Left,66,89,79,19,,,
2025-11-03 22:33:31,1.17.2,Bandit100,10,4.12,,20,100,0,LeftinTimeOut,Left,66,89,79,19,,,
2025-11-03 22:33:33,1.17.2,Bandit100,10,4.12,,20,100,0,RightinTimeout,Left,66,89,79,19,,,0.0
2025-11-03 22:33:35,1.17.2,Bandit100,10,4.12,,20,100,0,RightinTimeout,Left,66,89,79,19,,,0.0
2025-11-03 22:34:10,1.17.2,Bandit100,10,4.12,,20,100,0,Left,Left,67,89,79,19,,,0.17
2025-11-03 22:34:12,1.17.2,Bandit100,10,4.12,1.0,20,100,0,Pellet,Left,67,89,80,19,0.83,55.0,
2025-11-03 22:35:01,1.17.2,Bandit100,10,4.12,,20,0,100,Left,Right,68,89,80,0,,,0.13
2025-11-03 22:38:08,1.17.2,Bandit100,10,4.12,,20,0,100,Left,Right,69,89,80,0,,,0.51
2025-11-03 22:38:27,1.17.2,Bandit100,10,4.12,,20,0,100,Right,Right,69,90,80,0,,,0.19
2025-11-03 22:38:31,1.17.2,Bandit100,10,4.12,1.0,20,0,100,Pellet,Right,69,90,81,0,3.17,260.0,
2025-11-03 22:38:47,1.17.2,Bandit100,10,4.12,,20,0,100,Right,Right,69,91,81,1,,,0.06
2025-11-03 22:38:51,1.17.2,Bandit100,10,4.12,1.0,20,0,100,Pellet,Right,69,91,82,1,3.29,20.0,
2025-11-03 22:39:06,1.17.2,Bandit100,10,4.12,,20,0,100,Right,Right,69,92,82,2,,,0.2
2025-11-03 22:39:06,1.17.2,Bandit100,10,4.12,,20,0,100,RightDuringDispense,Right,69,92,82,2,,,0.06
2025-11-03 22:39:10,1.17.2,Bandit100,10,4.12,,20,0,100,RightWithPellet,Right,69,93,82,2,,,0.0
2025-11-03 22:39:12,1.17.2,Bandit100,10,4.12,2.0,20,0,100,Pellet,Right,69,93,83,2,3.28,21.0,
2025-11-03 22:39:26,1.17.2,Bandit100,10,4.12,,20,0,100,Left,Right,70,93,83,3,,,0.16
2025-11-03 22:39:26,1.17.2,Bandit100,10,4.12,,20,0,100,LeftinTimeOut,Right,70,93,83,3,,,
2025-11-03 22:39:27,1.17.2,Bandit100,10,4.12,,20,0,100,LeftinTimeOut,Right,70,93,83,3,,,
2025-11-03 22:39:29,1.17.2,Bandit100,10,4.12,,20,0,100,RightinTimeout,Right,70,93,83,3,,,0.0
2025-11-03 22:45:32,1.17.2,Bandit100,10,4.12,,20,0,100,Right,Right,70,94,83,3,,,0.13
2025-11-03 22:45:34,1.17.2,Bandit100,10,4.12,1.0,20,0,100,Pellet,Right,70,94,84,3,0.89,382.0,
2025-11-03 22:54:49,1.17.2,Bandit100,10,4.12,,20,0,100,Right,Right,70,95,84,4,,,0.04
2025-11-03 22:54:52,1.17.2,Bandit100,10,4.11,1.0,20,0,100,Pellet,Right,70,95,85,4,1.61,558.0,
2025-11-03 22:55:01,1.17.2,Bandit100,10,4.12,,20,0,100,Left,Right,71,95,85,5,,,0.18
2025-11-03 22:55:09,1.17.2,Bandit100,10,4.12,,20,0,100,RightinTimeout,Right,71,95,85,5,,,0.0
2025-11-03 23:01:41,1.17.2,Bandit100,10,4.12,,20,0,100,Right,Right,71,96,85,5,,,0.25
2025-11-03 23:01:43,1.17.2,Bandit100,10,4.12,1.0,20,0,100,Pellet,Right,71,96,86,5,1.97,411.0,
2025-11-03 23:09:50,1.17.2,Bandit100,10,4.12,,20,0,100,Left,Right,72,96,86,6,,,0.03
2025-11-03 23:09:55,1.17.2,Bandit100,10,4.12,,20,0,100,RightinTimeout,Right,72,96,86,6,,,0.0
2025-11-03 23:11:40,1.17.2,Bandit100,10,4.11,,20,0,100,Right,Right,72,97,86,6,,,0.05
2025-11-03 23:11:42,1.17.2,Bandit100,10,4.12,1.0,20,0,100,Pellet,Right,72,97,87,6,1.07,599.0,
2025-11-03 23:11:51,1.17.2,Bandit100,10,4.12,,20,0,100,Right,Right,72,98,87,7,,,0.1
2025-11-03 23:11:56,1.17.2,Bandit100,10,4.12,1.0,20,0,100,Pellet,Right,72,98,88,7,4.96,14.0,
2025-11-03 23:12:04,1.17.2,Bandit100,10,4.12,,20,0,100,Right,Right,72,99,88,8,,,0.38
2025-11-03 23:12:06,1.17.2,Bandit100,10,4.11,1.0,20,0,100,Pellet,Right,72,99,89,8,1.61,10.0,
2025-11-03 23:12:31,1.17.2,Bandit100,10,4.12,,20,0,100,Left,Right,73,99,89,9,,,0.04
2025-11-03 23:12:34,1.17.2,Bandit100,10,4.12,,20,0,100,LeftinTimeOut,Right,73,99,89,9,,,
2025-11-03 23:17:45,1.17.2,Bandit100,10,4.12,,20,0,100,Right,Right,73,100,89,9,,,0.14
2025-11-03 23:17:47,1.17.2,Bandit100,10,4.12,1.0,20,0,100,Pellet,Right,73,100,90,9,1.37,341.0,
2025-11-03 23:17:54,1.17.2,Bandit100,10,4.12,,20,0,100,Right,Right,73,101,90,10,,,0.21
2025-11-03 23:17:56,1.17.2,Bandit100,10,4.12,1.0,20,0,100,Pellet,Right,73,101,91,10,1.19,9.0,
2025-11-03 23:18:02,1.17.2,Bandit100,10,4.12,,20,0,100,Right,Right,73,102,91,11,,,0.2
2025-11-03 23:18:06,1.17.2,Bandit100,10,4.11,1.0,20,0,100,Pellet,Right,73,102,92,11,3.47,10.0,
2025-11-03 23:18:55,1.17.2,Bandit100,10,4.12,,20,0,100,Right,Right,73,103,92,12,,,0.04
2025-11-03 23:20:54,1.17.2,Bandit100,10,4.11,1.0,20,0,100,Pellet,Right,73,103,93,12,,168.0,
2025-11-03 23:29:57,1.17.2,Bandit100,10,4.11,,20,0,100,Right,Right,73,104,93,13,,,0.17
2025-11-03 23:30:07,1.17.2,Bandit100,10,4.11,1.0,20,0,100,Pellet,Right,73,104,94,13,10.06,553.0,
2025-11-03 23:30:25,1.17.2,Bandit100,10,4.11,,20,0,100,Right,Right,73,105,94,14,,,0.12
2025-11-03 23:32:11,1.17.2,Bandit100,10,4.11,1.0,20,0,100,Pellet,Right,73,105,95,14,,124.0,
2025-11-03 23:32:17,1.17.2,Bandit100,10,4.12,,20,0,100,Right,Right,73,106,95,15,,,0.2
2025-11-03 23:32:21,1.17.2,Bandit100,10,4.11,1.0,20,0,100,Pellet,Right,73,106,96,15,3.53,10.0,
2025-11-03 23:32:30,1.17.2,Bandit100,10,4.12,,20,0,100,Right,Right,73,107,96,16,,,0.2
2025-11-03 23:32:32,1.17.2,Bandit100,10,4.11,1.0,20,0,100,Pellet,Right,73,107,97,16,0.89,11.0,
2025-11-03 23:32:43,1.17.2,Bandit100,10,4.11,,20,0,100,Left,Right,74,107,97,17,,,0.21
2025-11-03 23:32:52,1.17.2,Bandit100,10,4.11,,20,0,100,RightinTimeout,Right,74,107,97,17,,,0.0
2025-11-03 23:32:54,1.17.2,Bandit100,10,4.12,,20,0,100,RightinTimeout,Right,74,107,97,17,,,0.0
2025-11-03 23:32:56,1.17.2,Bandit100,10,4.12,,20,0,100,RightinTimeout,Right,74,107,97,17,,,0.0
2025-11-03 23:32:56,1.17.2,Bandit100,10,4.11,,20,0,100,RightinTimeout,Right,74,107,97,17,,,0.0
2025-11-03 23:32:56,1.17.2,Bandit100,10,4.12,,20,0,100,RightinTimeout,Right,74,107,97,17,,,0.0
2025-11-03 23:36:31,1.17.2,Bandit100,10,4.11,,20,0,100,Right,Right,74,108,97,17,,,0.19
2025-11-03 23:36:34,1.17.2,Bandit100,10,4.12,1.0,20,0,100,Pellet,Right,74,108,98,17,1.73,242.0,
2025-11-03 23:36:42,1.17.2,Bandit100,10,4.11,,20,0,100,Right,Right,74,109,98,18,,,0.16
2025-11-03 23:36:45,1.17.2,Bandit100,10,4.11,1.0,20,0,100,Pellet,Right,74,109,99,18,2.45,11.0,
2025-11-03 23:37:43,1.17.2,Bandit100,10,4.11,,20,0,100,Right,Right,74,110,99,19,,,0.21
2025-11-03 23:37:45,1.17.2,Bandit100,10,4.12,1.0,20,0,100,Pellet,Right,74,110,100,19,0.77,60.0,
2025-11-03 23:43:26,1.17.2,Bandit100,10,4.12,,20,100,0,Left,Left,75,110,100,0,,,0.16
2025-11-03 23:43:34,1.17.2,Bandit100,10,4.11,1.0,20,100,0,Pellet,Left,75,110,101,0,7.24,349.0,
2025-11-04 00:01:15,1.17.2,Bandit100,10,4.11,,20,100,0,Right,Left,75,111,101,1,,,0.21
2025-11-04 00:01:19,1.17.2,Bandit100,10,4.12,,20,100,0,RightinTimeout,Left,75,111,101,1,,,0.0
2025-11-04 00:15:43,1.17.2,Bandit100,10,4.11,,20,100,0,Left,Left,76,111,101,1,,,0.21
2025-11-04 00:15:45,1.17.2,Bandit100,10,4.11,1.0,20,100,0,Pellet,Left,76,111,102,1,1.31,1931.0,
2025-11-04 00:21:49,1.17.2,Bandit100,10,4.11,,20,100,0,Right,Left,76,112,102,2,,,0.34
2025-11-04 00:21:51,1.17.2,Bandit100,10,4.11,,20,100,0,RightinTimeout,Left,76,112,102,2,,,0.0
2025-11-04 00:21:51,1.17.2,Bandit100,10,4.11,,20,100,0,RightinTimeout,Left,76,112,102,2,,,0.0
2025-11-04 00:21:52,1.17.2,Bandit100,10,4.12,,20,100,0,RightinTimeout,Left,76,112,102,2,,,0.0
2025-11-04 00:22:12,1.17.2,Bandit100,10,4.12,,20,100,0,Left,Left,77,112,102,2,,,0.2
2025-11-04 00:22:41,1.17.2,Bandit100,10,4.11,1.0,20,100,0,Pellet,Left,77,112,103,2,28.26,416.0,
2025-11-04 00:27:35,1.17.2,Bandit100,10,4.11,,20,100,0,Left,Left,78,112,103,3,,,0.22
2025-11-04 00:27:37,1.17.2,Bandit100,10,4.11,1.0,20,100,0,Pellet,Left,78,112,104,3,1.19,296.0,
2025-11-04 00:27:45,1.17.2,Bandit100,10,4.11,,20,100,0,Right,Left,78,113,104,4,,,0.24
2025-11-04 00:27:48,1.17.2,Bandit100,10,4.11,,20,100,0,RightinTimeout,Left,78,113,104,4,,,0.0
2025-11-04 00:27:52,1.17.2,Bandit100,10,4.11,,20,100,0,LeftinTimeOut,Left,78,113,104,4,,,
2025-11-04 00:27:52,1.17.2,Bandit100,10,4.11,,20,100,0,LeftinTimeOut,Left,78,113,104,4,,,
2025-11-04 00:27:54,1.17.2,Bandit100,10,4.11,,20,100,0,LeftinTimeOut,Left,78,113,104,4,,,
2025-11-04 00:27:59,1.17.2,Bandit100,10,4.11,,20,100,0,LeftinTimeOut,Left,78,113,104,4,,,
2025-11-04 00:30:06,1.17.2,Bandit100,10,4.11,,20,100,0,Left,Left,79,113,104,4,,,0.01
2025-11-04 00:30:07,1.17.2,Bandit100,10,4.11,1.0,20,100,0,Pellet,Left,79,113,105,4,0.59,150.0,
2025-11-04 00:30:15,1.17.2,Bandit100,10,4.12,,20,100,0,Right,Left,79,114,105,5,,,0.23
2025-11-04 00:30:19,1.17.2,Bandit100,10,4.11,,20,100,0,LeftinTimeOut,Left,79,114,105,5,,,
2025-11-04 00:30:21,1.17.2,Bandit100,10,4.11,,20,100,0,LeftinTimeOut,Left,79,114,105,5,,,
2025-11-04 00:30:24,1.17.2,Bandit100,10,4.11,,20,100,0,RightinTimeout,Left,79,114,105,5,,,0.0
2025-11-04 00:30:24,1.17.2,Bandit100,10,4.11,,20,100,0,RightinTimeout,Left,79,114,105,5,,,0.0
2025-11-04 00:30:30,1.17.2,Bandit100,10,4.11,,20,100,0,RightinTimeout,Left,79,114,105,5,,,0.0
2025-11-04 00:38:57,1.17.2,Bandit100,10,4.11,,20,100,0,Left,Left,80,114,105,5,,,0.08
2025-11-04 00:38:58,1.17.2,Bandit100,10,4.11,1.0,20,100,0,Pellet,Left,80,114,106,5,0.65,531.0,
2025-11-04 00:39:11,1.17.2,Bandit100,10,4.11,,20,100,0,Left,Left,81,114,106,6,,,0.03
2025-11-04 00:39:12,1.17.2,Bandit100,10,4.11,1.0,20,100,0,Pellet,Left,81,114,107,6,0.41,14.0,
2025-11-04 00:40:01,1.17.2,Bandit100,10,4.11,,20,100,0,Left,Left,82,114,107,7,,,0.33
2025-11-04 00:40:05,1.17.2,Bandit100,10,4.11,1.0,20,100,0,Pellet,Left,82,114,108,7,2.5,53.0,
2025-11-04 00:43:53,1.17.2,Bandit100,10,4.11,,20,100,0,Right,Left,82,115,108,8,,,0.04
2025-11-04 00:51:54,1.17.2,Bandit100,10,4.11,,20,100,0,Right,Left,82,116,108,8,,,0.06
2025-11-04 00:53:56,1.17.2,Bandit100,10,4.11,,20,100,0,Left,Left,83,116,108,8,,,0.16
2025-11-04 00:54:02,1.17.2,Bandit100,10,4.11,1.0,20,100,0,Pellet,Left,83,116,109,8,4.54,837.0,
2025-11-04 00:56:37,1.17.2,Bandit100,10,4.11,,20,100,0,Right,Left,83,117,109,9,,,0.32
2025-11-04 00:56:40,1.17.2,Bandit100,10,4.11,,20,100,0,LeftinTimeOut,Left,83,117,109,9,,,
2025-11-04 00:57:31,1.17.2,Bandit100,10,4.11,,20,100,0,Left,Left,84,117,109,9,,,0.2
2025-11-04 00:57:32,1.17.2,Bandit100,10,4.11,1.0,20,100,0,Pellet,Left,84,117,110,9,0.71,210.0,
2025-11-04 01:08:46,1.17.2,Bandit100,10,4.11,,20,100,0,Left,Left,85,117,110,10,,,0.06
2025-11-04 01:08:48,1.17.2,Bandit100,10,4.11,1.0,20,100,0,Pellet,Left,85,117,111,10,0.89,676.0,
2025-11-04 01:09:02,1.17.2,Bandit100,10,4.11,,20,100,0,Right,Left,85,118,111,11,,,0.24
2025-11-04 01:09:10,1.17.2,Bandit100,10,4.11,,20,100,0,LeftinTimeOut,Left,85,118,111,11,,,
2025-11-04 01:09:43,1.17.2,Bandit100,10,4.11,,20,100,0,Right,Left,85,119,111,11,,,0.22
2025-11-04 01:10:19,1.17.2,Bandit100,10,4.11,,20,100,0,Left,Left,86,119,111,11,,,0.17
2025-11-04 01:10:21,1.17.2,Bandit100,10,4.11,1.0,20,100,0,Pellet,Left,86,119,112,11,1.19,93.0,
2025-11-04 01:10:36,1.17.2,Bandit100,10,4.11,,20,100,0,Left,Left,87,119,112,12,,,0.06
2025-11-04 01:10:40,1.17.2,Bandit100,10,4.11,1.0,20,100,0,Pellet,Left,87,119,113,12,2.8,19.0,
2025-11-04 01:10:49,1.17.2,Bandit100,10,4.11,,20,100,0,Left,Left,88,119,113,13,,,0.25
2025-11-04 01:10:53,1.17.2,Bandit100,10,4.11,2.0,20,100,0,Pellet,Left,88,119,114,13,1.43,13.0,
2025-11-04 01:11:10,1.17.2,Bandit100,10,4.11,,20,100,0,Left,Left,89,119,114,14,,,0.39
2025-11-04 01:11:11,1.17.2,Bandit100,10,4.11,1.0,20,100,0,Pellet,Left,89,119,115,14,0.59,18.0,
2025-11-04 01:11:37,1.17.2,Bandit100,10,4.11,,20,100,0,Right,Left,89,120,115,15,,,0.24
2025-11-04 01:11:41,1.17.2,Bandit100,10,4.11,,20,100,0,LeftinTimeOut,Left,89,120,115,15,,,
2025-11-04 01:11:46,1.17.2,Bandit100,10,4.11,,20,100,0,RightinTimeout,Left,89,120,115,15,,,0.0
2025-11-04 01:13:36,1.17.2,Bandit100,10,4.11,,20,100,0,Right,Left,89,121,115,15,,,0.03
2025-11-04 01:13:42,1.17.2,Bandit100,10,4.11,,20,100,0,RightinTimeout,Left,89,121,115,15,,,0.0
2025-11-04 01:14:45,1.17.2,Bandit100,10,4.11,,20,100,0,Left,Left,90,121,115,15,,,0.15
2025-11-04 01:14:48,1.17.2,Bandit100,10,4.11,1.0,20,100,0,Pellet,Left,90,121,116,15,1.78,217.0,
2025-11-04 01:14:55,1.17.2,Bandit100,10,4.11,,20,100,0,Left,Left,91,121,116,16,,,0.18
2025-11-04 01:14:56,1.17.2,Bandit100,10,4.11,,20,100,0,LeftWithPellet,Left,91,121,116,16,,,0.1
2025-11-04 01:14:57,1.17.2,Bandit100,10,4.11,1.0,20,100,0,Pellet,Left,91,121,117,16,1.64,9.0,
2025-11-04 01:15:06,1.17.2,Bandit100,10,4.11,,20,100,0,Left,Left,92,121,117,17,,,0.58
2025-11-04 01:15:08,1.17.2,Bandit100,10,4.11,1.0,20,100,0,Pellet,Left,92,121,118,17,0.95,11.0,
2025-11-04 01:15:27,1.17.2,Bandit100,10,4.11,,20,100,0,Left,Left,93,121,118,18,,,0.2
2025-11-04 01:15:28,1.17.2,Bandit100,10,4.11,1.0,20,100,0,Pellet,Left,93,121,119,18,0.65,20.0,
2025-11-04 01:15:45,1.17.2,Bandit100,10,4.11,,20,100,0,Left,Left,94,121,119,19,,,0.21
2025-11-04 01:15:47,1.17.2,Bandit100,10,4.11,1.0,20,100,0,Pellet,Left,94,121,120,19,1.37,19.0,
2025-11-04 01:23:51,1.17.2,Bandit100,10,4.11,,20,0,100,Left,Right,95,121,120,0,,,0.29
2025-11-04 01:23:52,1.17.2,Bandit100,10,4.11,,20,0,100,LeftinTimeOut,Right,95,121,120,0,,,
2025-11-04 01:23:55,1.17.2,Bandit100,10,4.11,,20,0,100,LeftinTimeOut,Right,95,121,120,0,,,
2025-11-04 01:23:55,1.17.2,Bandit100,10,4.11,,20,0,100,LeftinTimeOut,Right,95,121,120,0,,,
2025-11-04 01:24:00,1.17.2,Bandit100,10,4.11,,20,0,100,LeftinTimeOut,Right,95,121,120,0,,,
2025-11-04 01:24:04,1.17.2,Bandit100,10,4.11,,20,0,100,RightinTimeout,Right,95,121,120,0,,,0.0
2025-11-04 01:37:41,1.17.2,Bandit100,10,4.11,,20,0,100,Left,Right,96,121,120,0,,,0.07
2025-11-04 03:21:49,1.17.2,Bandit100,10,4.09,,20,0,100,Left,Right,97,121,120,0,,,0.44
2025-11-04 03:21:53,1.17.2,Bandit100,10,4.1,,20,0,100,LeftinTimeOut,Right,97,121,120,0,,,
2025-11-04 03:24:32,1.17.2,Bandit100,10,4.11,,20,0,100,Right,Right,97,122,120,0,,,0.03
2025-11-04 03:24:38,1.17.2,Bandit100,10,4.1,2.0,20,0,100,Pellet,Right,97,122,121,0,2.87,7731.0,
2025-11-04 03:24:51,1.17.2,Bandit100,10,4.1,,20,0,100,Right,Right,97,123,121,1,,,0.15
2025-11-04 03:24:53,1.17.2,Bandit100,10,4.1,1.0,20,0,100,Pellet,Right,97,123,122,1,1.31,15.0,
2025-11-04 03:25:09,1.17.2,Bandit100,10,4.1,,20,0,100,Right,Right,97,124,122,2,,,0.29
2025-11-04 03:25:11,1.17.2,Bandit100,10,4.1,1.0,20,0,100,Pellet,Right,97,124,123,2,1.49,18.0,
2025-11-04 03:25:25,1.17.2,Bandit100,10,4.11,,20,0,100,Left,Right,98,124,123,3,,,0.21
2025-11-04 03:25:26,1.17.2,Bandit100,10,4.11,,20,0,100,RightinTimeout,Right,98,124,123,3,,,0.0
2025-11-04 03:25:28,1.17.2,Bandit100,10,4.1,,20,0,100,RightinTimeout,Right,98,124,123,3,,,0.0
2025-11-04 03:25:29,1.17.2,Bandit100,10,4.11,,20,0,100,RightinTimeout,Right,98,124,123,3,,,0.0
2025-11-04 03:25:29,1.17.2,Bandit100,10,4.09,,20,0,100,RightinTimeout,Right,98,124,123,3,,,0.0
2025-11-04 03:25:32,1.17.2,Bandit100,10,4.1,,20,0,100,LeftinTimeOut,Right,98,124,123,3,,,
2025-11-04 03:25:32,1.17.2,Bandit100,10,4.11,,20,0,100,LeftinTimeOut,Right,98,124,123,3,,,
2025-11-04 03:25:34,1.17.2,Bandit100,10,4.1,,20,0,100,LeftinTimeOut,Right,98,124,123,3,,,
2025-11-04 03:25:41,1.17.2,Bandit100,10,4.1,,20,0,100,LeftinTimeOut,Right,98,124,123,3,,,
2025-11-04 03:25:45,1.17.2,Bandit100,10,4.11,,20,0,100,LeftinTimeOut,Right,98,124,123,3,,,
2025-11-04 03:25:46,1.17.2,Bandit100,10,4.1,,20,0,100,LeftinTimeOut,Right,98,124,123,3,,,
2025-11-04 03:26:19,1.17.2,Bandit100,10,4.1,,20,0,100,Right,Right,98,125,123,3,,,0.2
2025-11-04 03:26:20,1.17.2,Bandit100,10,4.1,2.0,20,0,100,Pellet,Right,98,125,124,3,0.65,69.0,
2025-11-04 03:26:43,1.17.2,Bandit100,10,4.1,,20,0,100,Right,Right,98,126,124,4,,,0.01
2025-11-04 03:26:43,1.17.2,Bandit100,10,4.09,,20,0,100,RightDuringDispense,Right,98,126,124,4,,,0.16
2025-11-04 03:26:47,1.17.2,Bandit100,10,4.1,2.0,20,0,100,Pellet,Right,98,126,125,4,1.01,27.0,
2025-11-04 03:26:56,1.17.2,Bandit100,10,4.1,,20,0,100,Right,Right,98,127,125,5,,,0.13
2025-11-04 03:26:59,1.17.2,Bandit100,10,4.1,1.0,20,0,100,Pellet,Right,98,127,126,5,2.03,12.0,
2025-11-04 03:27:10,1.17.2,Bandit100,10,4.1,,20,0,100,Right,Right,98,128,126,6,,,0.28
2025-11-04 03:27:13,1.17.2,Bandit100,10,4.11,1.0,20,0,100,Pellet,Right,98,128,127,6,2.45,14.0,
2025-11-04 03:27:26,1.17.2,Bandit100,10,4.1,,20,0,100,Left,Right,99,128,127,7,,,0.18
2025-11-04 03:27:32,1.17.2,Bandit100,10,4.1,,20,0,100,LeftinTimeOut,Right,99,128,127,7,,,
2025-11-04 03:27:35,1.17.2,Bandit100,10,4.1,,20,0,100,LeftinTimeOut,Right,99,128,127,7,,,
2025-11-04 03:27:38,1.17.2,Bandit100,10,4.11,,20,0,100,RightinTimeout,Right,99,128,127,7,,,0.0
2025-11-04 03:27:38,1.17.2,Bandit100,10,4.1,,20,0,100,RightinTimeout,Right,99,128,127,7,,,0.0
2025-11-04 03:27:39,1.17.2,Bandit100,10,4.11,,20,0,100,RightinTimeout,Right,99,128,127,7,,,0.0
2025-11-04 03:27:46,1.17.2,Bandit100,10,4.1,,20,0,100,RightinTimeout,Right,99,128,127,7,,,0.0
2025-11-04 03:27:48,1.17.2,Bandit100,10,4.1,,20,0,100,LeftinTimeOut,Right,99,128,127,7,,,
2025-11-04 03:27:49,1.17.2,Bandit100,10,4.11,,20,0,100,LeftinTimeOut,Right,99,128,127,7,,,
2025-11-04 03:27:52,1.17.2,Bandit100,10,4.11,,20,0,100,RightinTimeout,Right,99,128,127,7,,,0.0
2025-11-04 03:27:53,1.17.2,Bandit100,10,4.11,,20,0,100,RightinTimeout,Right,99,128,127,7,,,0.0
2025-11-04 03:27:57,1.17.2,Bandit100,10,4.1,,20,0,100,RightinTimeout,Right,99,128,127,7,,,0.0
2025-11-04 03:28:25,1.17.2,Bandit100,10,4.1,,20,0,100,Right,Right,99,129,127,7,,,0.06
2025-11-04 03:28:30,1.17.2,Bandit100,10,4.1,2.0,20,0,100,Pellet,Right,99,129,128,7,2.09,77.0,
2025-11-04 03:28:36,1.17.2,Bandit100,10,4.1,,20,0,100,Right,Right,99,130,128,8,,,0.22
2025-11-04 03:28:38,1.17.2,Bandit100,10,4.1,1.0,20,0,100,Pellet,Right,99,130,129,8,0.77,8.0,
2025-11-04 03:28:51,1.17.2,Bandit100,10,4.11,,20,0,100,Right,Right,99,131,129,9,,,0.09
2025-11-04 03:28:53,1.17.2,Bandit100,10,4.1,1.0,20,0,100,Pellet,Right,99,131,130,9,1.49,15.0,
2025-11-04 03:29:14,1.17.2,Bandit100,10,4.1,,20,0,100,Right,Right,99,132,130,10,,,0.14
2025-11-04 03:29:16,1.17.2,Bandit100,10,4.1,1.0,20,0,100,Pellet,Right,99,132,131,10,0.95,23.0,
2025-11-04 03:29:31,1.17.2,Bandit100,10,4.09,,20,0,100,Left,Right,100,132,131,11,,,0.42
2025-11-04 03:29:33,1.17.2,Bandit100,10,4.1,,20,0,100,LeftinTimeOut,Right,100,132,131,11,,,
2025-11-04 03:29:36,1.17.2,Bandit100,10,4.1,,20,0,100,RightinTimeout,Right,100,132,131,11,,,0.0
2025-11-04 03:29:38,1.17.2,Bandit100,10,4.11,,20,0,100,RightinTimeout,Right,100,132,131,11,,,0.0
2025-11-04 03:29:39,1.17.2,Bandit100,10,4.1,,20,0,100,RightinTimeout,Right,100,132,131,11,,,0.0
2025-11-04 03:29:41,1.17.2,Bandit100,10,4.11,,20,0,100,LeftinTimeOut,Right,100,132,131,11,,,
2025-11-04 03:29:44,1.17.2,Bandit100,10,4.1,,20,0,100,RightinTimeout,Right,100,132,131,11,,,0.0
2025-11-04 03:32:38,1.17.2,Bandit100,10,4.1,,20,0,100,Right,Right,100,133,131,11,,,0.08
2025-11-04 03:32:40,1.17.2,Bandit100,10,4.1,1.0,20,0,100,Pellet,Right,100,133,132,11,0.95,204.0,
2025-11-04 03:33:05,1.17.2,Bandit100,10,4.1,,20,0,100,Left,Right,101,133,132,12,,,0.0
2025-11-04 03:38:44,1.17.2,Bandit100,10,4.1,,20,0,100,Right,Right,101,134,132,12,,,0.03
2025-11-04 03:42:23,1.17.2,Bandit100,10,4.1,1.0,20,0,100,Pellet,Right,101,134,133,12,,583.0,
2025-11-04 03:42:43,1.17.2,Bandit100,10,4.1,,20,0,100,Left,Right,102,134,133,13,,,0.16
2025-11-04 03:42:49,1.17.2,Bandit100,10,4.11,,20,0,100,LeftinTimeOut,Right,102,134,133,13,,,
2025-11-04 03:46:59,1.17.2,Bandit100,10,4.1,,20,0,100,Right,Right,102,135,133,13,,,0.26
2025-11-04 03:47:01,1.17.2,Bandit100,10,4.1,1.0,20,0,100,Pellet,Right,102,135,134,13,1.25,278.0,
2025-11-04 03:47:11,1.17.2,Bandit100,10,4.11,,20,0,100,Right,Right,102,136,134,14,,,0.13
2025-11-04 03:47:14,1.17.2,Bandit100,10,4.1,2.0,20,0,100,Pellet,Right,102,136,135,14,0.95,13.0,
2025-11-04 03:58:00,1.17.2,Bandit100,10,4.1,,20,0,100,Right,Right,102,137,135,15,,,0.1
2025-11-04 03:58:02,1.17.2,Bandit100,10,4.1,1.0,20,0,100,Pellet,Right,102,137,136,15,1.43,648.0,
2025-11-04 04:06:26,1.17.2,Bandit100,10,4.11,,20,0,100,Left,Right,103,137,136,16,,,0.0
2025-11-04 04:06:30,1.17.2,Bandit100,10,4.09,,20,0,100,LeftinTimeOut,Right,103,137,136,16,,,
2025-11-04 04:17:33,1.17.2,Bandit100,10,4.1,,20,0,100,Right,Right,103,138,136,16,,,0.06
2025-11-04 04:17:35,1.17.2,Bandit100,10,4.1,1.0,20,0,100,Pellet,Right,103,138,137,16,2.03,1173.0,
2025-11-04 04:18:27,1.17.2,Bandit100,10,4.11,,20,0,100,Left,Right,104,138,137,17,,,0.22
2025-11-04 04:19:14,1.17.2,Bandit100,10,4.09,,20,0,100,Right,Right,104,139,137,17,,,0.12
2025-11-04 04:19:16,1.17.2,Bandit100,10,4.1,1.0,20,0,100,Pellet,Right,104,139,138,17,1.13,100.0,
2025-11-04 04:19:24,1.17.2,Bandit100,10,4.09,,20,0,100,Right,Right,104,140,138,18,,,0.07
2025-11-04 04:19:26,1.17.2,Bandit100,10,4.1,1.0,20,0,100,Pellet,Right,104,140,139,18,1.13,11.0,
2025-11-04 04:19:33,1.17.2,Bandit100,10,4.09,,20,0,100,Right,Right,104,141,139,19,,,0.08
2025-11-04 04:19:34,1.17.2,Bandit100,10,4.1,1.0,20,0,100,Pellet,Right,104,141,140,19,0.59,8.0,
2025-11-04 04:19:46,1.17.2,Bandit100,10,4.1,,20,100,0,Right,Left,104,142,140,0,,,0.26
2025-11-04 04:19:55,1.17.2,Bandit100,10,4.1,,20,100,0,RightinTimeout,Left,104,142,140,0,,,0.0
2025-11-04 04:21:28,1.17.2,Bandit100,10,4.1,,20,100,0,Right,Left,104,143,140,0,,,0.02
2025-11-04 04:31:40,1.17.2,Bandit100,10,4.1,,20,100,0,Right,Left,104,144,140,0,,,0.23
2025-11-04 04:31:48,1.17.2,Bandit100,10,4.1,,20,100,0,RightinTimeout,Left,104,144,140,0,,,0.0
2025-11-04 04:31:49,1.17.2,Bandit100,10,4.09,,20,100,0,RightinTimeout,Left,104,144,140,0,,,0.0
2025-11-04 04:33:27,1.17.2,Bandit100,10,4.1,,20,100,0,Right,Left,104,145,140,0,,,0.19
2025-11-04 04:33:30,1.17.2,Bandit100,10,4.09,,20,100,0,LeftinTimeOut,Left,104,145,140,0,,,
2025-11-04 04:33:32,1.17.2,Bandit100,10,4.1,,20,100,0,RightinTimeout,Left,104,145,140,0,,,0.0
2025-11-04 04:33:33,1.17.2,Bandit100,10,4.09,,20,100,0,RightinTimeout,Left,104,145,140,0,,,0.0
2025-11-04 04:34:20,1.17.2,Bandit100,10,4.1,,20,100,0,Right,Left,104,146,140,0,,,0.08
2025-11-04 04:36:32,1.17.2,Bandit100,10,4.1,,20,100,0,Right,Left,104,147,140,0,,,0.12
2025-11-04 04:36:32,1.17.2,Bandit100,10,4.1,,20,100,0,RightinTimeout,Left,104,147,140,0,,,0.0
2025-11-04 04:36:40,1.17.2,Bandit100,10,4.1,,20,100,0,LeftinTimeOut,Left,104,147,140,0,,,
2025-11-04 04:36:46,1.17.2,Bandit100,10,4.1,,20,100,0,RightinTimeout,Left,104,147,140,0,,,0.0
2025-11-04 04:36:47,1.17.2,Bandit100,10,4.09,,20,100,0,RightinTimeout,Left,104,147,140,0,,,0.0
2025-11-04 04:36:47,1.17.2,Bandit100,10,4.09,,20,100,0,RightinTimeout,Left,104,147,140,0,,,0.0
2025-11-04 04:40:35,1.17.2,Bandit100,10,4.1,,20,100,0,Left,Left,105,147,140,0,,,0.03
2025-11-04 04:40:40,1.17.2,Bandit100,10,4.1,3.0,20,100,0,Pellet,Left,105,147,141,0,0.83,1266.0,
2025-11-04 04:40:56,1.17.2,Bandit100,10,4.1,,20,100,0,Left,Left,106,147,141,1,,,0.14
2025-11-04 04:40:58,1.17.2,Bandit100,10,4.09,1.0,20,100,0,Pellet,Left,106,147,142,1,1.19,18.0,
2025-11-04 04:46:15,1.17.2,Bandit100,10,4.09,,20,100,0,Right,Left,106,148,142,2,,,0.07
2025-11-04 04:46:19,1.17.2,Bandit100,10,4.1,,20,100,0,RightinTimeout,Left,106,148,142,2,,,0.0
2025-11-04 04:52:47,1.17.2,Bandit100,10,4.1,,20,100,0,Right,Left,106,149,142,2,,,0.19
2025-11-04 04:53:36,1.17.2,Bandit100,10,4.1,,20,100,0,Left,Left,107,149,142,2,,,0.15
2025-11-04 04:53:38,1.17.2,Bandit100,10,4.1,1.0,20,100,0,Pellet,Left,107,149,143,2,0.89,760.0,
2025-11-04 04:53:51,1.17.2,Bandit100,10,4.09,,20,100,0,Right,Left,107,150,143,3,,,0.17
2025-11-04 04:54:18,1.17.2,Bandit100,10,4.1,,20,100,0,Left,Left,108,150,143,3,,,0.17
2025-11-04 04:54:19,1.17.2,Bandit100,10,4.1,1.0,20,100,0,Pellet,Left,108,150,144,3,0.53,41.0,
2025-11-04 04:55:15,1.17.2,Bandit100,10,4.1,,20,100,0,Right,Left,108,151,144,4,,,0.37
2025-11-04 04:55:19,1.17.2,Bandit100,10,4.09,,20,100,0,RightinTimeout,Left,108,151,144,4,,,0.0
2025-11-04 04:55:33,1.17.2,Bandit100,10,4.1,,20,100,0,Right,Left,108,152,144,4,,,0.04
2025-11-04 04:55:34,1.17.2,Bandit100,10,4.1,,20,100,0,RightinTimeout,Left,108,152,144,4,,,0.0
2025-11-04 04:55:37,1.17.2,Bandit100,10,4.1,,20,100,0,LeftinTimeOut,Left,108,152,144,4,,,
2025-11-04 04:55:38,1.17.2,Bandit100,10,4.1,,20,100,0,RightinTimeout,Left,108,152,144,4,,,0.0
2025-11-04 05:01:29,1.17.2,Bandit100,10,4.1,,20,100,0,Right,Left,108,153,144,4,,,0.07
2025-11-04 05:01:31,1.17.2,Bandit100,10,4.1,,20,100,0,LeftinTimeOut,Left,108,153,144,4,,,
2025-11-04 05:01:34,1.17.2,Bandit100,10,4.1,,20,100,0,RightinTimeout,Left,108,153,144,4,,,0.0
2025-11-04 05:01:36,1.17.2,Bandit100,10,4.1,,20,100,0,LeftinTimeOut,Left,108,153,144,4,,,
2025-11-04 05:23:25,1.17.2,Bandit100,10,4.1,,20,100,0,Left,Left,109,153,144,4,,,0.03
2025-11-04 05:23:27,1.17.2,Bandit100,10,4.1,1.0,20,100,0,Pellet,Left,109,153,145,4,1.13,1748.0,
2025-11-04 05:52:36,1.17.2,Bandit100,10,4.09,,20,100,0,Left,Left,110,153,145,5,,,0.03
2025-11-04 05:52:37,1.17.2,Bandit100,10,4.09,1.0,20,100,0,Pellet,Left,110,153,146,5,0.59,1750.0,
2025-11-04 05:52:56,1.17.2,Bandit100,10,4.1,,20,100,0,Left,Left,111,153,146,6,,,0.13
2025-11-04 05:53:03,1.17.2,Bandit100,10,4.09,3.0,20,100,0,Pellet,Left,111,153,147,6,2.39,26.0,
2025-11-04 05:53:20,1.17.2,Bandit100,10,4.1,,20,100,0,Right,Left,111,154,147,7,,,0.22
2025-11-04 05:53:23,1.17.2,Bandit100,10,4.09,,20,100,0,LeftinTimeOut,Left,111,154,147,7,,,
2025-11-04 05:53:27,1.17.2,Bandit100,10,4.09,,20,100,0,RightinTimeout,Left,111,154,147,7,,,0.0
2025-11-04 05:53:27,1.17.2,Bandit100,10,4.09,,20,100,0,RightinTimeout,Left,111,154,147,7,,,0.0
2025-11-04 05:53:28,1.17.2,Bandit100,10,4.1,,20,100,0,RightinTimeout,Left,111,154,147,7,,,0.0
2025-11-04 05:53:28,1.17.2,Bandit100,10,4.09,,20,100,0,RightinTimeout,Left,111,154,147,7,,,0.0
2025-11-04 08:17:45,1.17.2,Bandit100,10,4.09,,20,100,0,Left,Left,112,154,147,7,,,0.04
2025-11-04 08:17:48,1.17.2,Bandit100,10,4.09,1.0,20,100,0,Pellet,Left,112,154,148,7,1.73,8685.0,
2025-11-04 09:19:36,1.17.2,Bandit100,10,4.09,,20,100,0,Left,Left,113,154,148,8,,,0.21
2025-11-04 09:19:40,1.17.2,Bandit100,10,4.09,1.0,20,100,0,Pellet,Left,113,154,149,8,2.68,3712.0,
2025-11-04 09:22:56,1.17.2,Bandit100,10,4.09,,20,100,0,Right,Left,113,155,149,9,,,0.09
2025-11-04 09:23:01,1.17.2,Bandit100,10,4.08,,20,100,0,LeftinTimeOut,Left,113,155,149,9,,,
2025-11-04 09:23:05,1.17.2,Bandit100,10,4.09,,20,100,0,RightinTimeout,Left,113,155,149,9,,,0.0
2025-11-04 09:28:18,1.17.2,Bandit100,10,4.09,,20,100,0,Right,Left,113,156,149,9,,,0.02
2025-11-04 09:40:00,1.17.2,Bandit100,10,4.09,,20,100,0,Left,Left,114,156,149,9,,,0.01
2025-11-04 09:40:06,1.17.2,Bandit100,10,4.08,2.0,20,100,0,Pellet,Left,114,156,150,9,3.1,1226.0,
2025-11-04 09:40:16,1.17.2,Bandit100,10,4.09,,20,100,0,Left,Left,115,156,150,10,,,0.13
2025-11-04 09:40:17,1.17.2,Bandit100,10,4.08,1.0,20,100,0,Pellet,Left,115,156,151,10,0.65,11.0,
2025-11-04 09:40:37,1.17.2,Bandit100,10,4.09,,20,100,0,Right,Left,115,157,151,11,,,0.24
2025-11-04 09:40:45,1.17.2,Bandit100,10,4.09,,20,100,0,LeftinTimeOut,Left,115,157,151,11,,,
2025-11-04 12:00:36,1.17.2,Bandit100,10,4.08,,20,100,0,Right,Left,115,158,151,11,,,0.41
2025-11-04 12:00:40,1.17.2,Bandit100,10,4.08,,20,100,0,RightinTimeout,Left,115,158,151,11,,,0.0
2025-11-04 12:00:40,1.17.2,Bandit100,10,4.07,,20,100,0,RightinTimeout,Left,115,158,151,11,,,0.0
2025-11-04 12:00:41,1.17.2,Bandit100,10,4.09,,20,100,0,RightinTimeout,Left,115,158,151,11,,,0.0
2025-11-04 12:00:41,1.17.2,Bandit100,10,4.09,,20,100,0,RightinTimeout,Left,115,158,151,11,,,0.0
2025-11-04 12:00:41,1.17.2,Bandit100,10,4.08,,20,100,0,RightinTimeout,Left,115,158,151,11,,,0.0
2025-11-04 14:04:33,1.17.2,Bandit100,10,4.08,,20,100,0,Right,Left,115,159,151,11,,,0.09
2025-11-04 14:04:37,1.17.2,Bandit100,10,4.07,,20,100,0,RightinTimeout,Left,115,159,151,11,,,0.0
2025-11-04 15:21:17,1.17.2,Bandit100,10,4.07,,20,100,0,Right,Left,115,160,151,11,,,0.02
2025-11-04 15:21:18,1.17.2,Bandit100,10,4.07,,20,100,0,RightinTimeout,Left,115,160,151,11,,,0.0
2025-11-04 16:51:36,1.17.2,Bandit100,10,4.07,,20,100,0,Right,Left,115,161,151,11,,,0.06
2025-11-04 16:53:30,1.17.2,Bandit100,10,4.07,,20,100,0,Right,Left,115,162,151,11,,,0.05
2025-11-04 16:53:50,1.17.2,Bandit100,10,4.07,,20,100,0,Left,Left,116,162,151,11,,,0.22
2025-11-04 16:53:51,1.17.2,Bandit100,10,4.08,,20,100,0,LeftDuringDispense,Left,116,162,151,11,,,0.12
2025-11-04 16:53:54,1.17.2,Bandit100,10,4.07,2.0,20,100,0,Pellet,Left,116,162,152,11,0.71,26017.0,
2025-11-04 16:54:06,1.17.2,Bandit100,10,4.07,,20,100,0,Left,Left,117,162,152,12,,,0.11
2025-11-04 16:54:10,1.17.2,Bandit100,10,4.07,2.0,20,100,0,Pellet,Left,117,162,153,12,0.59,16.0,
2025-11-04 16:54:23,1.17.2,Bandit100,10,4.07,,20,100,0,Right,Left,117,163,153,13,,,0.31
2025-11-04 16:54:35,1.17.2,Bandit100,10,4.08,,20,100,0,Right,Left,117,164,153,13,,,0.29
2025-11-04 16:54:38,1.17.2,Bandit100,10,4.07,,20,100,0,RightinTimeout,Left,117,164,153,13,,,0.0
2025-11-04 16:54:39,1.17.2,Bandit100,10,4.07,,20,100,0,RightinTimeout,Left,117,164,153,13,,,0.0
2025-11-04 16:54:40,1.17.2,Bandit100,10,4.07,,20,100,0,RightinTimeout,Left,117,164,153,13,,,0.0
2025-11-04 16:54:40,1.17.2,Bandit100,10,4.07,,20,100,0,RightinTimeout,Left,117,164,153,13,,,0.0
2025-11-04 16:54:41,1.17.2,Bandit100,10,4.07,,20,100,0,RightinTimeout,Left,117,164,153,13,,,0.0
2025-11-04 16:54:42,1.17.2,Bandit100,10,4.07,,20,100,0,RightinTimeout,Left,117,164,153,13,,,0.0
2025-11-04 16:54:49,1.17.2,Bandit100,10,4.07,,20,100,0,LeftinTimeOut,Left,117,164,153,13,,,
2025-11-04 16:54:49,1.17.2,Bandit100,10,4.07,,20,100,0,LeftinTimeOut,Left,117,164,153,13,,,
2025-11-04 16:54:50,1.17.2,Bandit100,10,4.07,,20,100,0,LeftinTimeOut,Left,117,164,153,13,,,
2025-11-04 16:54:51,1.17.2,Bandit100,10,4.07,,20,100,0,LeftinTimeOut,Left,117,164,153,13,,,
2025-11-04 16:54:52,1.17.2,Bandit100,10,4.07,,20,100,0,LeftinTimeOut,Left,117,164,153,13,,,
2025-11-04 16:54:53,1.17.2,Bandit100,10,4.07,,20,100,0,LeftinTimeOut,Left,117,164,153,13,,,
2025-11-04 16:54:59,1.17.2,Bandit100,10,4.08,,20,100,0,LeftinTimeOut,Left,117,164,153,13,,,
2025-11-04 16:55:00,1.17.2,Bandit100,10,4.07,,20,100,0,LeftinTimeOut,Left,117,164,153,13,,,
2025-11-04 16:55:02,1.17.2,Bandit100,10,4.07,,20,100,0,LeftinTimeOut,Left,117,164,153,13,,,
2025-11-04 16:55:07,1.17.2,Bandit100,10,4.07,,20,100,0,RightinTimeout,Left,117,164,153,13,,,0.0
2025-11-04 16:55:07,1.17.2,Bandit100,10,4.07,,20,100,0,RightinTimeout,Left,117,164,153,13,,,0.0
2025-11-04 16:55:08,1.17.2,Bandit100,10,4.07,,20,100,0,RightinTimeout,Left,117,164,153,13,,,0.0
2025-11-04 16:55:08,1.17.2,Bandit100,10,4.07,,20,100,0,RightinTimeout,Left,117,164,153,13,,,0.0
2025-11-04 16:55:09,1.17.2,Bandit100,10,4.07,,20,100,0,RightinTimeout,Left,117,164,153,13,,,0.0
2025-11-04 16:55:09,1.17.2,Bandit100,10,4.08,,20,100,0,RightinTimeout,Left,117,164,153,13,,,0.0
2025-11-04 16:55:12,1.17.2,Bandit100,10,4.07,,20,100,0,RightinTimeout,Left,117,164,153,13,,,0.0
2025-11-04 16:55:12,1.17.2,Bandit100,10,4.07,,20,100,0,RightinTimeout,Left,117,164,153,13,,,0.0
2025-11-04 16:55:17,1.17.2,Bandit100,10,4.06,,20,100,0,LeftinTimeOut,Left,117,164,153,13,,,
2025-11-04 16:55:17,1.17.2,Bandit100,10,4.07,,20,100,0,LeftinTimeOut,Left,117,164,153,13,,,
2025-11-04 16:55:18,1.17.2,Bandit100,10,4.07,,20,100,0,LeftinTimeOut,Left,117,164,153,13,,,
2025-11-04 16:55:21,1.17.2,Bandit100,10,4.07,,20,100,0,LeftinTimeOut,Left,117,164,153,13,,,
2025-11-04 16:55:25,1.17.2,Bandit100,10,4.07,,20,100,0,LeftinTimeOut,Left,117,164,153,13,,,
2025-11-04 16:57:09,1.17.2,Bandit100,10,4.07,,20,100,0,Left,Left,118,164,153,13,,,0.26
2025-11-04 16:57:11,1.17.2,Bandit100,10,4.08,1.0,20,100,0,Pellet,Left,118,164,154,13,0.89,181.0,
2025-11-04 16:57:20,1.17.2,Bandit100,10,4.07,,20,100,0,Left,Left,119,164,154,14,,,0.08
2025-11-04 16:57:21,1.17.2,Bandit100,10,4.07,1.0,20,100,0,Pellet,Left,119,164,155,14,1.01,10.0,
2025-11-04 16:57:38,1.17.2,Bandit100,10,4.08,,20,100,0,Left,Left,120,164,155,15,,,0.15
2025-11-04 16:57:39,1.17.2,Bandit100,10,4.07,1.0,20,100,0,Pellet,Left,120,164,156,15,0.65,18.0,
2025-11-04 16:57:47,1.17.2,Bandit100,10,4.07,,20,100,0,Right,Left,120,165,156,16,,,0.05
2025-11-04 16:57:47,1.17.2,Bandit100,10,4.07,,20,100,0,RightinTimeout,Left,120,165,156,16,,,0.0
2025-11-04 16:57:47,1.17.2,Bandit100,10,4.07,,20,100,0,RightinTimeout,Left,120,165,156,16,,,0.0
2025-11-04 16:57:48,1.17.2,Bandit100,10,4.07,,20,100,0,RightinTimeout,Left,120,165,156,16,,,0.0
2025-11-04 16:57:54,1.17.2,Bandit100,10,4.07,,20,100,0,RightinTimeout,Left,120,165,156,16,,,0.0
2025-11-04 16:57:54,1.17.2,Bandit100,10,4.07,,20,100,0,RightinTimeout,Left,120,165,156,16,,,0.0
2025-11-04 16:57:57,1.17.2,Bandit100,10,4.08,,20,100,0,RightinTimeout,Left,120,165,156,16,,,0.0
2025-11-04 16:58:00,1.17.2,Bandit100,10,4.07,,20,100,0,LeftinTimeOut,Left,120,165,156,16,,,
2025-11-04 16:58:02,1.17.2,Bandit100,10,4.07,,20,100,0,LeftinTimeOut,Left,120,165,156,16,,,
2025-11-04 16:58:05,1.17.2,Bandit100,10,4.07,,20,100,0,LeftinTimeOut,Left,120,165,156,16,,,
2025-11-04 18:01:02,1.17.2,Bandit100,10,4.07,,20,100,0,Right,Left,120,166,156,16,,,0.02
2025-11-04 18:01:08,1.17.2,Bandit100,10,4.07,,20,100,0,RightinTimeout,Left,120,166,156,16,,,0.0
2025-11-04 18:01:08,1.17.2,Bandit100,10,4.07,,20,100,0,RightinTimeout,Left,120,166,156,16,,,0.0
2025-11-04 18:02:45,1.17.2,Bandit100,10,4.07,,20,100,0,Left,Left,121,166,156,16,,,0.11
2025-11-04 18:02:46,1.17.2,Bandit100,10,4.07,1.0,20,100,0,Pellet,Left,121,166,157,16,0.65,3907.0,
2025-11-04 18:03:43,1.17.2,Bandit100,10,4.07,,20,100,0,Left,Left,122,166,157,17,,,0.04
2025-11-04 18:03:45,1.17.2,Bandit100,10,4.07,1.0,20,100,0,Pellet,Left,122,166,158,17,0.71,59.0,
2025-11-04 18:03:58,1.17.2,Bandit100,10,4.07,,20,100,0,Left,Left,123,166,158,18,,,0.05
2025-11-04 18:03:59,1.17.2,Bandit100,10,4.07,1.0,20,100,0,Pellet,Left,123,166,159,18,0.59,14.0,
2025-11-04 18:04:13,1.17.2,Bandit100,10,4.07,,20,100,0,Left,Left,124,166,159,19,,,0.07
2025-11-04 18:04:18,1.17.2,Bandit100,10,4.07,2.0,20,100,0,Pellet,Left,124,166,160,19,2.15,19.0,
2025-11-04 18:04:43,1.17.2,Bandit100,10,4.07,,20,0,100,Right,Right,124,167,160,0,,,0.18
2025-11-04 18:04:46,1.17.2,Bandit100,10,4.07,1.0,20,0,100,Pellet,Right,124,167,161,0,2.09,28.0,
2025-11-04 18:05:08,1.17.2,Bandit100,10,4.07,,20,0,100,Left,Right,125,167,161,1,,,0.29
2025-11-04 18:05:10,1.17.2,Bandit100,10,4.07,,20,0,100,LeftinTimeOut,Right,125,167,161,1,,,
2025-11-04 18:05:14,1.17.2,Bandit100,10,4.07,,20,0,100,RightinTimeout,Right,125,167,161,1,,,0.0
2025-11-04 18:05:14,1.17.2,Bandit100,10,4.07,,20,0,100,RightinTimeout,Right,125,167,161,1,,,0.0
2025-11-04 18:05:17,1.17.2,Bandit100,10,4.07,,20,0,100,LeftinTimeOut,Right,125,167,161,1,,,
2025-11-04 18:08:01,1.17.2,Bandit100,10,4.07,,20,0,100,Left,Right,126,167,161,1,,,0.22
2025-11-04 18:08:17,1.17.2,Bandit100,10,4.07,,20,0,100,Left,Right,127,167,161,1,,,0.14
2025-11-04 18:29:48,1.17.2,Bandit100,10,4.07,,20,0,100,Left,Right,128,167,161,1,,,0.14
2025-11-04 18:29:50,1.17.2,Bandit100,10,4.07,,20,0,100,LeftinTimeOut,Right,128,167,161,1,,,
2025-11-04 18:31:39,1.17.2,Bandit100,10,4.07,,20,0,100,Right,Right,128,168,161,1,,,0.18
2025-11-04 18:31:43,1.17.2,Bandit100,10,4.07,2.0,20,0,100,Pellet,Right,128,168,162,1,1.07,1617.0,
2025-11-04 18:32:01,1.17.2,Bandit100,10,4.07,,20,0,100,Right,Right,128,169,162,2,,,0.12
2025-11-04 18:32:03,1.17.2,Bandit100,10,4.07,1.0,20,0,100,Pellet,Right,128,169,163,2,1.01,20.0,
2025-11-04 18:32:14,1.17.2,Bandit100,10,4.07,,20,0,100,Right,Right,128,170,163,3,,,0.04
2025-11-04 18:32:16,1.17.2,Bandit100,10,4.07,1.0,20,0,100,Pellet,Right,128,170,164,3,1.13,13.0,
2025-11-04 18:32:31,1.17.2,Bandit100,10,4.07,,20,0,100,Right,Right,128,171,164,4,,,0.25
2025-11-04 18:32:32,1.17.2,Bandit100,10,4.07,1.0,20,0,100,Pellet,Right,128,171,165,4,0.77,16.0,
2025-11-04 18:32:47,1.17.2,Bandit100,10,4.07,,20,0,100,Left,Right,129,171,165,5,,,0.05
2025-11-04 18:49:30,1.17.2,Bandit100,10,4.07,,20,0,100,Right,Right,129,172,165,5,,,0.12
2025-11-04 18:49:34,1.17.2,Bandit100,10,4.07,2.0,20,0,100,Pellet,Right,129,172,166,5,1.61,1022.0,
2025-11-04 18:53:13,1.17.2,Bandit100,10,4.07,,20,0,100,Right,Right,129,173,166,6,,,0.11
2025-11-04 18:53:15,1.17.2,Bandit100,10,4.07,2.0,20,0,100,Pellet,Right,129,173,167,6,1.07,221.0,
2025-11-04 18:53:32,1.17.2,Bandit100,10,4.07,,20,0,100,Left,Right,130,173,167,7,,,0.03
2025-11-04 18:56:39,1.17.2,Bandit100,10,4.07,,20,0,100,Right,Right,130,174,167,7,,,0.22
2025-11-04 18:56:43,1.17.2,Bandit100,10,4.07,2.0,20,0,100,Pellet,Right,130,174,168,7,1.79,208.0,
2025-11-04 19:15:50,1.17.2,Bandit100,10,4.07,,20,0,100,Left,Right,131,174,168,8,,,0.22
2025-11-04 19:15:50,1.17.2,Bandit100,10,4.07,,20,0,100,LeftinTimeOut,Right,131,174,168,8,,,
2025-11-04 19:15:54,1.17.2,Bandit100,10,4.07,,20,0,100,RightinTimeout,Right,131,174,168,8,,,0.0
2025-11-04 19:17:37,1.17.2,Bandit100,10,4.07,,20,0,100,Right,Right,131,175,168,8,,,0.13
2025-11-04 19:17:40,1.17.2,Bandit100,10,4.07,1.0,20,0,100,Pellet,Right,131,175,169,8,2.68,1257.0,
2025-11-04 19:17:53,1.17.2,Bandit100,10,4.06,,20,0,100,Right,Right,131,176,169,9,,,0.0
2025-11-04 19:17:55,1.17.2,Bandit100,10,4.07,1.0,20,0,100,Pellet,Right,131,176,170,9,1.25,15.0,
2025-11-04 19:18:01,1.17.2,Bandit100,10,4.07,,20,0,100,Right,Right,131,177,170,10,,,0.1
2025-11-04 19:18:04,1.17.2,Bandit100,10,4.07,1.0,20,0,100,Pellet,Right,131,177,171,10,2.8,9.0,
2025-11-04 19:18:18,1.17.2,Bandit100,10,4.07,,20,0,100,Right,Right,131,178,171,11,,,0.06
2025-11-04 19:18:26,1.17.2,Bandit100,10,4.07,2.0,20,0,100,Pellet,Right,131,178,172,11,4.66,22.0,
2025-11-04 19:23:18,1.17.2,Bandit100,10,4.07,,20,0,100,Right,Right,131,179,172,12,,,0.02
2025-11-04 19:23:19,1.17.2,Bandit100,10,4.07,1.0,20,0,100,Pellet,Right,131,179,173,12,0.95,293.0,
2025-11-04 19:23:28,1.17.2,Bandit100,10,4.07,,20,0,100,Right,Right,131,180,173,13,,,0.2
2025-11-04 19:23:30,1.17.2,Bandit100,10,4.07,1.0,20,0,100,Pellet,Right,131,180,174,13,1.49,11.0,
2025-11-04 19:23:43,1.17.2,Bandit100,10,4.07,,20,0,100,Right,Right,131,181,174,14,,,0.11
2025-11-04 19:23:45,1.17.2,Bandit100,10,4.07,1.0,20,0,100,Pellet,Right,131,181,175,14,1.07,15.0,
2025-11-04 19:23:56,1.17.2,Bandit100,10,4.07,,20,0,100,Right,Right,131,182,175,15,,,0.15
2025-11-04 19:23:58,1.17.2,Bandit100,10,4.07,1.0,20,0,100,Pellet,Right,131,182,176,15,1.73,13.0,
2025-11-04 19:24:05,1.17.2,Bandit100,10,4.07,,20,0,100,Right,Right,131,183,176,16,,,0.14
2025-11-04 19:24:07,1.17.2,Bandit100,10,4.07,2.0,20,0,100,Pellet,Right,131,183,177,16,0.53,9.0,
2025-11-04 19:24:40,1.17.2,Bandit100,10,4.07,,20,0,100,Right,Right,131,184,177,17,,,0.12
2025-11-04 19:24:42,1.17.2,Bandit100,10,4.07,1.0,20,0,100,Pellet,Right,131,184,178,17,0.71,35.0,
2025-11-04 19:24:54,1.17.2,Bandit100,10,4.07,,20,0,100,Left,Right,132,184,178,18,,,0.02
2025-11-04 19:24:56,1.17.2,Bandit100,10,4.07,,20,0,100,RightinTimeout,Right,132,184,178,18,,,0.0
2025-11-04 19:24:57,1.17.2,Bandit100,10,4.07,,20,0,100,RightinTimeout,Right,132,184,178,18,,,0.0
2025-11-04 19:28:12,1.17.2,Bandit100,10,4.07,,20,0,100,Left,Right,133,184,178,18,,,0.03
2025-11-04 19:28:13,1.17.2,Bandit100,10,4.07,,20,0,100,LeftinTimeOut,Right,133,184,178,18,,,
2025-11-04 19:28:18,1.17.2,Bandit100,10,4.07,,20,0,100,RightinTimeout,Right,133,184,178,18,,,0.0
2025-11-04 19:30:04,1.17.2,Bandit100,10,4.07,,20,0,100,Right,Right,133,185,178,18,,,0.2
2025-11-04 19:30:08,1.17.2,Bandit100,10,4.07,2.0,20,0,100,Pellet,Right,133,185,179,18,1.19,326.0,
2025-11-04 19:38:20,1.17.2,Bandit100,10,4.07,,20,0,100,Left,Right,134,185,179,19,,,0.09
2025-11-04 19:52:18,1.17.2,Bandit100,10,4.07,,20,0,100,Right,Right,134,186,179,19,,,0.1
2025-11-04 19:52:20,1.17.2,Bandit100,10,4.07,1.0,20,0,100,Pellet,Right,134,186,180,19,1.37,1332.0,
2025-11-04 19:52:30,1.17.2,Bandit100,10,4.07,,20,100,0,Right,Left,134,187,180,0,,,0.01
2025-11-04 19:52:32,1.17.2,Bandit100,10,4.07,,20,100,0,RightinTimeout,Left,134,187,180,0,,,0.0
2025-11-04 19:52:33,1.17.2,Bandit100,10,4.07,,20,100,0,RightinTimeout,Left,134,187,180,0,,,0.0
2025-11-04 19:55:25,1.17.2,Bandit100,10,4.07,,20,100,0,Right,Left,134,188,180,0,,,0.02
2025-11-04 19:55:26,1.17.2,Bandit100,10,4.07,,20,100,0,RightinTimeout,Left,134,188,180,0,,,0.0
2025-11-04 19:55:59,1.17.2,Bandit100,10,4.07,,20,100,0,Left,Left,135,188,180,0,,,0.07
2025-11-04 19:56:02,1.17.2,Bandit100,10,4.07,1.0,20,100,0,Pellet,Left,135,188,181,0,1.73,221.0,
2025-11-04 20:01:59,1.17.2,Bandit100,10,4.07,,20,100,0,Right,Left,135,189,181,1,,,0.21
2025-11-04 20:02:01,1.17.2,Bandit100,10,4.07,,20,100,0,RightinTimeout,Left,135,189,181,1,,,0.0
2025-11-04 20:12:22,1.17.2,Bandit100,10,4.07,,20,100,0,Right,Left,135,190,181,1,,,0.04
2025-11-04 20:19:01,1.17.2,Bandit100,10,4.07,,20,100,0,Right,Left,135,191,181,1,,,0.02
2025-11-04 20:25:53,1.17.2,Bandit100,10,4.07,,20,100,0,Left,Left,136,191,181,1,,,0.06
2025-11-04 20:25:54,1.17.2,Bandit100,10,4.07,1.0,20,100,0,Pellet,Left,136,191,182,1,0.83,1793.0,
2025-11-04 20:26:10,1.17.2,Bandit100,10,4.07,,20,100,0,Right,Left,136,192,182,2,,,0.16
2025-11-04 20:26:14,1.17.2,Bandit100,10,4.07,,20,100,0,LeftinTimeOut,Left,136,192,182,2,,,
2025-11-04 20:26:17,1.17.2,Bandit100,10,4.07,,20,100,0,LeftinTimeOut,Left,136,192,182,2,,,
2025-11-04 20:26:21,1.17.2,Bandit100,10,4.07,,20,100,0,RightinTimeout,Left,136,192,182,2,,,0.0
2025-11-04 20:28:10,1.17.2,Bandit100,10,4.07,,20,100,0,Right,Left,136,193,182,2,,,0.16
2025-11-04 20:28:11,1.17.2,Bandit100,10,4.07,,20,100,0,RightinTimeout,Left,136,193,182,2,,,0.0
2025-11-04 20:28:14,1.17.2,Bandit100,10,4.07,,20,100,0,RightinTimeout,Left,136,193,182,2,,,0.0
2025-11-04 20:29:21,1.17.2,Bandit100,10,4.07,,20,100,0,Right,Left,136,194,182,2,,,0.2
2025-11-04 20:29:23,1.17.2,Bandit100,10,4.07,,20,100,0,LeftinTimeOut,Left,136,194,182,2,,,
2025-11-04 20:29:24,1.17.2,Bandit100,10,4.07,,20,100,0,LeftinTimeOut,Left,136,194,182,2,,,
2025-11-04 20:34:10,1.17.2,Bandit100,10,4.07,,20,100,0,Left,Left,137,194,182,2,,,0.24
2025-11-04 20:34:12,1.17.2,Bandit100,10,4.07,1.0,20,100,0,Pellet,Left,137,194,183,2,1.19,497.0,
2025-11-04 20:34:20,1.17.2,Bandit100,10,4.07,,20,100,0,Right,Left,137,195,183,3,,,0.08
2025-11-04 20:34:23,1.17.2,Bandit100,10,4.07,,20,100,0,LeftinTimeOut,Left,137,195,183,3,,,
2025-11-04 20:34:26,1.17.2,Bandit100,10,4.07,,20,100,0,LeftinTimeOut,Left,137,195,183,3,,,
2025-11-04 20:34:27,1.17.2,Bandit100,10,4.07,,20,100,0,LeftinTimeOut,Left,137,195,183,3,,,
2025-11-04 20:34:30,1.17.2,Bandit100,10,4.07,,20,100,0,RightinTimeout,Left,137,195,183,3,,,0.0
2025-11-04 20:36:43,1.17.2,Bandit100,10,4.07,,20,100,0,Right,Left,137,196,183,3,,,0.36
2025-11-04 20:36:50,1.17.2,Bandit100,10,4.07,,20,100,0,RightinTimeout,Left,137,196,183,3,,,0.0
2025-11-04 20:38:31,1.17.2,Bandit100,10,4.07,,20,100,0,Right,Left,137,197,183,3,,,0.05
2025-11-04 20:38:34,1.17.2,Bandit100,10,4.07,,20,100,0,LeftinTimeOut,Left,137,197,183,3,,,
2025-11-04 20:38:34,1.17.2,Bandit100,10,4.07,,20,100,0,LeftinTimeOut,Left,137,197,183,3,,,
2025-11-04 20:38:47,1.17.2,Bandit100,10,4.07,,20,100,0,Right,Left,137,198,183,3,,,0.33
2025-11-04 20:38:48,1.17.2,Bandit100,10,4.07,,20,100,0,RightinTimeout,Left,137,198,183,3,,,0.0
2025-11-04 20:38:49,1.17.2,Bandit100,10,4.07,,20,100,0,RightinTimeout,Left,137,198,183,3,,,0.0
2025-11-04 20:38:49,1.17.2,Bandit100,10,4.07,,20,100,0,RightinTimeout,Left,137,198,183,3,,,0.0
2025-11-04 20:38:49,1.17.2,Bandit100,10,4.07,,20,100,0,RightinTimeout,Left,137,198,183,3,,,0.0
2025-11-04 20:38:52,1.17.2,Bandit100,10,4.07,,20,100,0,LeftinTimeOut,Left,137,198,183,3,,,
2025-11-04 20:38:53,1.17.2,Bandit100,10,4.07,,20,100,0,LeftinTimeOut,Left,137,198,183,3,,,
2025-11-04 20:38:53,1.17.2,Bandit100,10,4.07,,20,100,0,LeftinTimeOut,Left,137,198,183,3,,,
2025-11-04 20:38:55,1.17.2,Bandit100,10,4.07,,20,100,0,RightinTimeout,Left,137,198,183,3,,,0.0
2025-11-04 20:38:55,1.17.2,Bandit100,10,4.07,,20,100,0,RightinTimeout,Left,137,198,183,3,,,0.0
2025-11-04 20:38:56,1.17.2,Bandit100,10,4.07,,20,100,0,RightinTimeout,Left,137,198,183,3,,,0.0
2025-11-04 20:38:58,1.17.2,Bandit100,10,4.07,,20,100,0,RightinTimeout,Left,137,198,183,3,,,0.0
2025-11-04 20:38:58,1.17.2,Bandit100,10,4.07,,20,100,0,RightinTimeout,Left,137,198,183,3,,,0.0
2025-11-04 20:39:02,1.17.2,Bandit100,10,4.07,,20,100,0,LeftinTimeOut,Left,137,198,183,3,,,
2025-11-04 20:39:07,1.17.2,Bandit100,10,4.07,,20,100,0,RightinTimeout,Left,137,198,183,3,,,0.0
2025-11-04 20:39:07,1.17.2,Bandit100,10,4.07,,20,100,0,RightinTimeout,Left,137,198,183,3,,,0.0
2025-11-04 20:39:10,1.17.2,Bandit100,10,4.07,,20,100,0,RightinTimeout,Left,137,198,183,3,,,0.0
2025-11-04 20:39:11,1.17.2,Bandit100,10,4.07,,20,100,0,RightinTimeout,Left,137,198,183,3,,,0.0
2025-11-04 20:39:11,1.17.2,Bandit100,10,4.07,,20,100,0,RightinTimeout,Left,137,198,183,3,,,0.0
2025-11-04 20:39:11,1.17.2,Bandit100,10,4.07,,20,100,0,RightinTimeout,Left,137,198,183,3,,,0.0
2025-11-04 20:39:13,1.17.2,Bandit100,10,4.07,,20,100,0,LeftinTimeOut,Left,137,198,183,3,,,
2025-11-04 20:40:52,1.17.2,Bandit100,10,4.07,,20,100,0,Right,Left,137,199,183,3,,,0.03
2025-11-04 20:41:48,1.17.2,Bandit100,10,4.07,,20,100,0,Right,Left,137,200,183,3,,,0.02
2025-11-04 20:41:52,1.17.2,Bandit100,10,4.07,,20,100,0,LeftinTimeOut,Left,137,200,183,3,,,
2025-11-04 20:41:54,1.17.2,Bandit100,10,4.07,,20,100,0,LeftinTimeOut,Left,137,200,183,3,,,
2025-11-04 20:41:56,1.17.2,Bandit100,10,4.07,,20,100,0,LeftinTimeOut,Left,137,200,183,3,,,
2025-11-04 20:41:57,1.17.2,Bandit100,10,4.07,,20,100,0,LeftinTimeOut,Left,137,200,183,3,,,
2025-11-04 20:42:00,1.17.2,Bandit100,10,4.07,,20,100,0,RightinTimeout,Left,137,200,183,3,,,0.0
2025-11-04 20:42:00,1.17.2,Bandit100,10,4.07,,20,100,0,RightinTimeout,Left,137,200,183,3,,,0.0
2025-11-04 20:42:03,1.17.2,Bandit100,10,4.07,,20,100,0,RightinTimeout,Left,137,200,183,3,,,0.0
2025-11-04 20:50:35,1.17.2,Bandit100,10,4.07,,20,100,0,Right,Left,137,201,183,3,,,0.09
2025-11-04 20:52:20,1.17.2,Bandit100,10,4.07,,20,100,0,Left,Left,138,201,183,3,,,0.04
2025-11-04 20:52:22,1.17.2,Bandit100,10,4.07,1.0,20,100,0,Pellet,Left,138,201,184,3,0.71,1091.0,
2025-11-04 20:52:29,1.17.2,Bandit100,10,4.07,,20,100,0,Left,Left,139,201,184,4,,,0.15
2025-11-04 20:52:32,1.17.2,Bandit100,10,4.07,1.0,20,100,0,Pellet,Left,139,201,185,4,2.45,10.0,
2025-11-04 20:52:37,1.17.2,Bandit100,10,4.07,,20,100,0,Left,Left,140,201,185,5,,,0.19
2025-11-04 20:52:39,1.17.2,Bandit100,10,4.07,2.0,20,100,0,Pellet,Left,140,201,186,5,0.59,7.0,
2025-11-04 20:52:51,1.17.2,Bandit100,10,4.07,,20,100,0,Left,Left,141,201,186,6,,,0.14
2025-11-04 20:52:52,1.17.2,Bandit100,10,4.07,,20,100,0,LeftWithPellet,Left,141,201,186,6,,,0.18
2025-11-04 20:52:55,1.17.2,Bandit100,10,4.07,1.0,20,100,0,Pellet,Left,141,201,187,6,3.52,16.0,
2025-11-04 20:53:01,1.17.2,Bandit100,10,4.06,,20,100,0,Left,Left,142,201,187,7,,,0.0
2025-11-04 20:53:03,1.17.2,Bandit100,10,4.07,1.0,20,100,0,Pellet,Left,142,201,188,7,0.59,8.0,
2025-11-04 20:53:18,1.17.2,Bandit100,10,4.07,,20,100,0,Right,Left,142,202,188,8,,,0.26
2025-11-04 20:53:26,1.17.2,Bandit100,10,4.07,,20,100,0,RightinTimeout,Left,142,202,188,8,,,0.0
2025-11-04 20:53:29,1.17.2,Bandit100,10,4.07,,20,100,0,RightinTimeout,Left,142,202,188,8,,,0.0
2025-11-04 20:53:34,1.17.2,Bandit100,10,4.07,,20,100,0,LeftinTimeOut,Left,142,202,188,8,,,
2025-11-04 20:53:56,1.17.2,Bandit100,10,4.07,,20,100,0,Right,Left,142,203,188,8,,,0.07
2025-11-04 20:55:19,1.17.2,Bandit100,10,4.07,,20,100,0,Left,Left,143,203,188,8,,,0.22
2025-11-04 20:55:20,1.17.2,Bandit100,10,4.07,1.0,20,100,0,Pellet,Left,143,203,189,8,0.65,137.0,
2025-11-04 20:55:25,1.17.2,Bandit100,10,4.07,,20,100,0,Left,Left,144,203,189,9,,,0.06
2025-11-04 20:55:26,1.17.2,Bandit100,10,4.07,1.0,20,100,0,Pellet,Left,144,203,190,9,0.35,6.0,
2025-11-04 20:55:33,1.17.2,Bandit100,10,4.07,,20,100,0,Left,Left,145,203,190,10,,,0.07
2025-11-04 20:55:34,1.17.2,Bandit100,10,4.07,1.0,20,100,0,Pellet,Left,145,203,191,10,0.41,8.0,
2025-11-04 20:55:53,1.17.2,Bandit100,10,4.07,,20,100,0,Left,Left,146,203,191,11,,,0.05
2025-11-04 20:55:57,1.17.2,Bandit100,10,4.07,2.0,20,100,0,Pellet,Left,146,203,192,11,1.25,23.0,
2025-11-04 20:56:13,1.17.2,Bandit100,10,4.07,,20,100,0,Left,Left,147,203,192,12,,,0.22
2025-11-04 20:56:16,1.17.2,Bandit100,10,4.07,1.0,20,100,0,Pellet,Left,147,203,193,12,1.91,19.0,
2025-11-04 20:56:24,1.17.2,Bandit100,10,4.07,,20,100,0,Left,Left,148,203,193,13,,,0.06
2025-11-04 20:56:25,1.17.2,Bandit100,10,4.07,1.0,20,100,0,Pellet,Left,148,203,194,13,0.47,9.0,
2025-11-04 20:56:42,1.17.2,Bandit100,10,4.07,,20,100,0,Left,Left,149,203,194,14,,,0.16
2025-11-04 20:56:43,1.17.2,Bandit100,10,4.07,1.0,20,100,0,Pellet,Left,149,203,195,14,0.83,18.0,
2025-11-04 20:58:44,1.17.2,Bandit100,10,4.07,,20,100,0,Left,Left,150,203,195,15,,,0.21
2025-11-04 20:58:45,1.17.2,Bandit100,10,4.07,1.0,20,100,0,Pellet,Left,150,203,196,15,0.41,122.0,
2025-11-04 20:59:01,1.17.2,Bandit100,10,4.07,,20,100,0,Left,Left,151,203,196,16,,,0.03
2025-11-04 20:59:02,1.17.2,Bandit100,10,4.07,1.0,20,100,0,Pellet,Left,151,203,197,16,0.59,17.0,
2025-11-04 21:01:24,1.17.2,Bandit100,10,4.07,,20,100,0,Left,Left,152,203,197,17,,,0.1
2025-11-04 21:01:29,1.17.2,Bandit100,10,4.07,1.0,20,100,0,Pellet,Left,152,203,198,17,4.84,147.0,
2025-11-04 21:06:48,1.17.2,Bandit100,10,4.07,,20,100,0,Right,Left,152,204,198,18,,,0.04
2025-11-04 21:06:50,1.17.2,Bandit100,10,4.07,,20,100,0,RightinTimeout,Left,152,204,198,18,,,0.0
2025-11-04 21:06:55,1.17.2,Bandit100,10,4.06,,20,100,0,RightinTimeout,Left,152,204,198,18,,,0.0
2025-11-04 21:06:57,1.17.2,Bandit100,10,4.07,,20,100,0,RightinTimeout,Left,152,204,198,18,,,0.0
2025-11-04 21:07:00,1.17.2,Bandit100,10,4.07,,20,100,0,LeftinTimeOut,Left,152,204,198,18,,,
2025-11-04 21:07:12,1.17.2,Bandit100,10,4.07,,20,100,0,Left,Left,153,204,198,18,,,0.12
2025-11-04 21:07:28,1.17.2,Bandit100,10,4.07,2.0,20,100,0,Pellet,Left,153,204,199,18,13.07,359.0,
2025-11-04 21:11:29,1.17.2,Bandit100,10,4.07,,20,100,0,Left,Left,154,204,199,19,,,0.23
2025-11-04 21:11:30,1.17.2,Bandit100,10,4.07,2.0,20,100,0,Pellet,Left,154,204,200,19,0.59,242.0,
2025-11-04 21:12:21,1.17.2,Bandit100,10,4.07,,20,0,100,Left,Right,155,204,200,0,,,0.13
2025-11-04 21:14:15,1.17.2,Bandit100,10,4.07,,20,0,100,Right,Right,155,205,200,0,,,0.0
2025-11-04 21:14:35,1.17.2,Bandit100,10,4.07,1.0,20,0,100,Pellet,Right,155,205,201,0,19.49,185.0,
2025-11-04 21:15:44,1.17.2,Bandit100,10,4.07,,20,0,100,Left,Right,156,205,201,1,,,0.2
2025-11-04 21:15:48,1.17.2,Bandit100,10,4.06,,20,0,100,LeftinTimeOut,Right,156,205,201,1,,,
2025-11-04 21:18:15,1.17.2,Bandit100,10,4.07,,20,0,100,Left,Right,157,205,201,1,,,0.02
2025-11-04 21:23:36,1.17.2,Bandit100,10,4.06,,20,0,100,Left,Right,158,205,201,1,,,0.13
2025-11-04 21:31:12,1.17.2,Bandit100,10,4.07,,20,0,100,Right,Right,158,206,201,1,,,0.3
2025-11-04 21:31:16,1.17.2,Bandit100,10,4.07,1.0,20,0,100,Pellet,Right,158,206,202,1,2.57,1001.0,
2025-11-04 21:37:54,1.17.2,Bandit100,10,4.07,,20,0,100,Right,Right,158,207,202,2,,,0.02
2025-11-04 21:37:55,1.17.2,Bandit100,10,4.07,1.0,20,0,100,Pellet,Right,158,207,203,2,0.89,399.0,
2025-11-04 21:38:23,1.17.2,Bandit100,10,4.07,,20,0,100,Right,Right,158,208,203,3,,,0.02
2025-11-04 21:38:30,1.17.2,Bandit100,10,4.07,3.0,20,0,100,Pellet,Right,158,208,204,3,2.21,35.0,
2025-11-04 21:38:35,1.17.2,Bandit100,10,4.07,,20,0,100,Right,Right,158,209,204,4,,,0.04
2025-11-04 21:38:38,1.17.2,Bandit100,10,4.07,1.0,20,0,100,Pellet,Right,158,209,205,4,2.51,8.0,
2025-11-04 21:41:40,1.17.2,Bandit100,10,4.07,,20,0,100,Right,Right,158,210,205,5,,,0.06
2025-11-04 21:41:42,1.17.2,Bandit100,10,4.07,1.0,20,0,100,Pellet,Right,158,210,206,5,0.59,184.0,
2025-11-04 21:41:48,1.17.2,Bandit100,10,4.07,,20,0,100,Right,Right,158,211,206,6,,,0.0
2025-11-04 21:41:51,1.17.2,Bandit100,10,4.07,1.0,20,0,100,Pellet,Right,158,211,207,6,1.97,9.0,
2025-11-04 21:41:58,1.17.2,Bandit100,10,4.07,,20,0,100,Right,Right,158,212,207,7,,,0.09
2025-11-04 21:41:59,1.17.2,Bandit100,10,4.07,1.0,20,0,100,Pellet,Right,158,212,208,7,0.59,8.0,
2025-11-04 21:42:12,1.17.2,Bandit100,10,4.07,,20,0,100,Right,Right,158,213,208,8,,,0.25
2025-11-04 21:42:14,1.17.2,Bandit100,10,4.07,1.0,20,0,100,Pellet,Right,158,213,209,8,0.89,15.0,
2025-11-04 21:42:25,1.17.2,Bandit100,10,4.07,,20,0,100,Right,Right,158,214,209,9,,,0.19
2025-11-04 21:42:29,1.17.2,Bandit100,10,4.07,2.0,20,0,100,Pellet,Right,158,214,210,9,1.07,15.0,
2025-11-04 21:42:51,1.17.2,Bandit100,10,4.06,,20,0,100,Right,Right,158,215,210,10,,,0.23
2025-11-04 21:42:53,1.17.2,Bandit100,10,4.07,1.0,20,0,100,Pellet,Right,158,215,211,10,1.25,24.0,
2025-11-04 21:43:07,1.17.2,Bandit100,10,4.07,,20,0,100,Right,Right,158,216,211,11,,,0.18
2025-11-04 21:43:09,1.17.2,Bandit100,10,4.07,1.0,20,0,100,Pellet,Right,158,216,212,11,1.13,16.0,
2025-11-04 21:43:18,1.17.2,Bandit100,10,4.07,,20,0,100,Right,Right,158,217,212,12,,,0.17
2025-11-04 21:43:19,1.17.2,Bandit100,10,4.07,2.0,20,0,100,Pellet,Right,158,217,213,12,0.77,10.0,
2025-11-04 21:43:39,1.17.2,Bandit100,10,4.07,,20,0,100,Right,Right,158,218,213,13,,,0.23
2025-11-04 21:43:42,1.17.2,Bandit100,10,4.07,1.0,20,0,100,Pellet,Right,158,218,214,13,2.33,23.0,
2025-11-04 21:45:07,1.17.2,Bandit100,10,4.07,,20,0,100,Left,Right,159,218,214,14,,,0.08
2025-11-04 21:45:24,1.17.2,Bandit100,10,4.07,,20,0,100,Right,Right,159,219,214,14,,,0.02
2025-11-04 21:45:27,1.17.2,Bandit100,10,4.07,1.0,20,0,100,Pellet,Right,159,219,215,14,1.73,105.0,
2025-11-04 21:45:31,1.17.2,Bandit100,10,4.07,,20,0,100,Right,Right,159,220,215,15,,,0.07
2025-11-04 21:45:52,1.17.2,Bandit100,10,4.07,1.0,20,0,100,Pellet,Right,159,220,216,15,20.63,25.0,
2025-11-04 21:46:02,1.17.2,Bandit100,10,4.07,,20,0,100,Right,Right,159,221,216,16,,,0.07
2025-11-04 21:48:49,1.17.2,Bandit100,10,4.07,1.0,20,0,100,Pellet,Right,159,221,217,16,,177.0,
2025-11-04 21:49:08,1.17.2,Bandit100,10,4.07,,20,0,100,Right,Right,159,222,217,17,,,0.03
2025-11-04 21:49:12,1.17.2,Bandit100,10,4.07,1.0,20,0,100,Pellet,Right,159,222,218,17,3.05,23.0,
2025-11-04 22:06:59,1.17.2,Bandit100,10,4.07,,20,0,100,Left,Right,160,222,218,18,,,0.02
2025-11-04 22:07:01,1.17.2,Bandit100,10,4.07,,20,0,100,LeftinTimeOut,Right,160,222,218,18,,,
2025-11-04 22:18:54,1.17.2,Bandit100,10,4.07,,20,0,100,Right,Right,160,223,218,18,,,0.28
2025-11-04 22:18:57,1.17.2,Bandit100,10,4.07,1.0,20,0,100,Pellet,Right,160,223,219,18,2.27,1785.0,
2025-11-04 22:19:08,1.17.2,Bandit100,10,4.07,,20,0,100,Left,Right,161,223,219,19,,,0.13
2025-11-04 22:19:10,1.17.2,Bandit100,10,4.07,,20,0,100,LeftinTimeOut,Right,161,223,219,19,,,
2025-11-04 22:19:13,1.17.2,Bandit100,10,4.07,,20,0,100,LeftinTimeOut,Right,161,223,219,19,,,
2025-11-04 22:21:22,1.17.2,Bandit100,10,4.06,,20,0,100,Left,Right,162,223,219,19,,,0.07
2025-11-04 22:22:38,1.17.2,Bandit100,10,4.07,,20,0,100,Left,Right,163,223,219,19,,,0.15
2025-11-04 22:24:15,1.17.2,Bandit100,10,4.07,,20,0,100,Right,Right,163,224,219,19,,,0.28
2025-11-04 22:24:19,1.17.2,Bandit100,10,4.07,1.0,20,0,100,Pellet,Right,163,224,220,19,3.35,322.0,
2025-11-04 22:24:24,1.17.2,Bandit100,10,4.06,,20,100,0,Right,Left,163,225,220,0,,,0.16
2025-11-04 22:24:27,1.17.2,Bandit100,10,4.07,,20,100,0,RightinTimeout,Left,163,225,220,0,,,0.0
2025-11-04 22:24:27,1.17.2,Bandit100,10,4.06,,20,100,0,RightinTimeout,Left,163,225,220,0,,,0.0
2025-11-04 22:24:28,1.17.2,Bandit100,10,4.07,,20,100,0,RightinTimeout,Left,163,225,220,0,,,0.0
2025-11-04 22:25:58,1.17.2,Bandit100,10,4.06,,20,100,0,Right,Left,163,226,220,0,,,0.1
2025-11-04 22:25:59,1.17.2,Bandit100,10,4.07,,20,100,0,RightinTimeout,Left,163,226,220,0,,,0.0
2025-11-04 22:26:00,1.17.2,Bandit100,10,4.07,,20,100,0,RightinTimeout,Left,163,226,220,0,,,0.0
2025-11-04 22:26:01,1.17.2,Bandit100,10,4.07,,20,100,0,RightinTimeout,Left,163,226,220,0,,,0.0
2025-11-04 22:26:01,1.17.2,Bandit100,10,4.07,,20,100,0,RightinTimeout,Left,163,226,220,0,,,0.0
2025-11-04 22:26:17,1.17.2,Bandit100,10,4.07,,20,100,0,Right,Left,163,227,220,0,,,0.0
2025-11-04 22:26:17,1.17.2,Bandit100,10,4.07,,20,100,0,RightinTimeout,Left,163,227,220,0,,,0.0
2025-11-04 22:26:17,1.17.2,Bandit100,10,4.07,,20,100,0,RightinTimeout,Left,163,227,220,0,,,0.0
2025-11-04 22:26:21,1.17.2,Bandit100,10,4.07,,20,100,0,LeftinTimeOut,Left,163,227,220,0,,,
2025-11-04 22:26:22,1.17.2,Bandit100,10,4.06,,20,100,0,RightinTimeout,Left,163,227,220,0,,,0.0
2025-11-04 22:26:25,1.17.2,Bandit100,10,4.07,,20,100,0,RightinTimeout,Left,163,227,220,0,,,0.0
2025-11-04 22:38:47,1.17.2,Bandit100,10,4.07,,20,100,0,Right,Left,163,228,220,0,,,0.26
2025-11-04 22:42:17,1.17.2,Bandit100,10,4.07,,20,100,0,Right,Left,163,229,220,0,,,0.09
2025-11-04 22:45:32,1.17.2,Bandit100,10,4.07,,20,100,0,Right,Left,163,230,220,0,,,0.26
2025-11-04 22:45:34,1.17.2,Bandit100,10,4.07,,20,100,0,RightinTimeout,Left,163,230,220,0,,,0.0
2025-11-04 22:46:19,1.17.2,Bandit100,10,4.07,,20,100,0,Right,Left,163,231,220,0,,,0.16
2025-11-04 22:46:20,1.17.2,Bandit100,10,4.07,,20,100,0,RightinTimeout,Left,163,231,220,0,,,0.0
2025-11-04 22:46:21,1.17.2,Bandit100,10,4.07,,20,100,0,RightinTimeout,Left,163,231,220,0,,,0.0
2025-11-04 22:46:39,1.17.2,Bandit100,10,4.07,,20,100,0,Right,Left,163,232,220,0,,,0.23
2025-11-04 22:49:15,1.17.2,Bandit100,10,4.07,,20,100,0,Right,Left,163,233,220,0,,,0.1
2025-11-04 22:50:19,1.17.2,Bandit100,10,4.07,,20,100,0,Left,Left,164,233,220,0,,,0.22
2025-11-04 22:50:22,1.17.2,Bandit100,10,4.07,1.0,20,100,0,Pellet,Left,164,233,221,0,1.73,1563.0,
2025-11-04 23:02:51,1.17.2,Bandit100,10,4.07,,20,100,0,Left,Left,165,233,221,1,,,0.11
2025-11-04 23:02:53,1.17.2,Bandit100,10,4.07,2.0,20,100,0,Pellet,Left,165,233,222,1,1.19,751.0,
2025-11-04 23:03:10,1.17.2,Bandit100,10,4.07,,20,100,0,Left,Left,166,233,222,2,,,0.34
2025-11-04 23:03:11,1.17.2,Bandit100,10,4.07,1.0,20,100,0,Pellet,Left,166,233,223,2,0.89,18.0,
2025-11-04 23:03:21,1.17.2,Bandit100,10,4.06,,20,100,0,Left,Left,167,233,223,3,,,0.08
2025-11-04 23:03:23,1.17.2,Bandit100,10,4.07,1.0,20,100,0,Pellet,Left,167,233,224,3,0.65,12.0,
2025-11-04 23:03:37,1.17.2,Bandit100,10,4.07,,20,100,0,Left,Left,168,233,224,4,,,0.2
2025-11-04 23:03:38,1.17.2,Bandit100,10,4.07,1.0,20,100,0,Pellet,Left,168,233,225,4,0.77,15.0,
2025-11-04 23:03:48,1.17.2,Bandit100,10,4.06,,20,100,0,Left,Left,169,233,225,5,,,0.09
2025-11-04 23:03:48,1.17.2,Bandit100,10,4.06,,20,100,0,LeftDuringDispense,Left,169,233,225,5,,,0.09
2025-11-04 23:03:52,1.17.2,Bandit100,10,4.06,2.0,20,100,0,Pellet,Left,169,233,226,5,0.89,14.0,
2025-11-04 23:04:01,1.17.2,Bandit100,10,4.07,,20,100,0,Left,Left,170,233,226,6,,,0.09
2025-11-04 23:04:02,1.17.2,Bandit100,10,4.07,,20,100,0,LeftDuringDispense,Left,170,233,226,6,,,0.02
2025-11-04 23:04:05,1.17.2,Bandit100,10,4.07,2.0,20,100,0,Pellet,Left,170,233,227,6,0.71,13.0,
2025-11-04 23:04:14,1.17.2,Bandit100,10,4.07,,20,100,0,Left,Left,171,233,227,7,,,0.1
2025-11-04 23:04:15,1.17.2,Bandit100,10,4.07,1.0,20,100,0,Pellet,Left,171,233,228,7,0.71,10.0,
2025-11-04 23:04:23,1.17.2,Bandit100,10,4.07,,20,100,0,Left,Left,172,233,228,8,,,0.25
2025-11-04 23:04:24,1.17.2,Bandit100,10,4.07,1.0,20,100,0,Pellet,Left,172,233,229,8,0.71,9.0,
2025-11-04 23:04:30,1.17.2,Bandit100,10,4.07,,20,100,0,Left,Left,173,233,229,9,,,0.09
2025-11-04 23:04:32,1.17.2,Bandit100,10,4.06,1.0,20,100,0,Pellet,Left,173,233,230,9,0.83,8.0,
2025-11-04 23:04:42,1.17.2,Bandit100,10,4.07,,20,100,0,Left,Left,174,233,230,10,,,0.31
2025-11-04 23:04:45,1.17.2,Bandit100,10,4.07,1.0,20,100,0,Pellet,Left,174,233,231,10,1.61,13.0,
2025-11-04 23:04:56,1.17.2,Bandit100,10,4.07,,20,100,0,Left,Left,175,233,231,11,,,0.2
2025-11-04 23:04:57,1.17.2,Bandit100,10,4.07,1.0,20,100,0,Pellet,Left,175,233,232,11,0.59,12.0,
2025-11-04 23:05:07,1.17.2,Bandit100,10,4.07,,20,100,0,Left,Left,176,233,232,12,,,0.04
2025-11-04 23:05:08,1.17.2,Bandit100,10,4.07,1.0,20,100,0,Pellet,Left,176,233,233,12,0.47,11.0,
2025-11-04 23:05:21,1.17.2,Bandit100,10,4.06,,20,100,0,Left,Left,177,233,233,13,,,0.09
2025-11-04 23:05:24,1.17.2,Bandit100,10,4.06,1.0,20,100,0,Pellet,Left,177,233,234,13,2.27,16.0,
2025-11-04 23:06:54,1.17.2,Bandit100,10,4.07,,20,100,0,Left,Left,178,233,234,14,,,0.12
2025-11-04 23:07:12,1.17.2,Bandit100,10,4.07,2.0,20,100,0,Pellet,Left,178,233,235,14,14.87,108.0,
2025-11-04 23:10:52,1.17.2,Bandit100,10,4.07,,20,100,0,Right,Left,178,234,235,15,,,0.59
2025-11-04 23:10:53,1.17.2,Bandit100,10,4.07,,20,100,0,RightinTimeout,Left,178,234,235,15,,,0.0
2025-11-04 23:10:54,1.17.2,Bandit100,10,4.07,,20,100,0,RightinTimeout,Left,178,234,235,15,,,0.0
2025-11-04 23:16:01,1.17.2,Bandit100,10,4.07,,20,100,0,Right,Left,178,235,235,15,,,0.27
2025-11-04 23:17:00,1.17.2,Bandit100,10,4.06,,20,100,0,Right,Left,178,236,235,15,,,0.0
2025-11-04 23:19:40,1.17.2,Bandit100,10,4.06,,20,100,0,Right,Left,178,237,235,15,,,0.08
2025-11-04 23:21:17,1.17.2,Bandit100,10,4.07,,20,100,0,Right,Left,178,238,235,15,,,0.31
2025-11-04 23:21:17,1.17.2,Bandit100,10,4.07,,20,100,0,RightinTimeout,Left,178,238,235,15,,,0.0
2025-11-04 23:21:18,1.17.2,Bandit100,10,4.06,,20,100,0,RightinTimeout,Left,178,238,235,15,,,0.0
2025-11-04 23:23:13,1.17.2,Bandit100,10,4.07,,20,100,0,Right,Left,178,239,235,15,,,0.06
2025-11-04 23:33:29,1.17.2,Bandit100,10,4.06,,20,100,0,Left,Left,179,239,235,15,,,0.35
2025-11-04 23:34:21,1.17.2,Bandit100,10,4.07,1.0,20,100,0,Pellet,Left,179,239,236,15,51.11,1629.0,
2025-11-04 23:38:04,1.17.2,Bandit100,10,4.06,,20,100,0,Right,Left,179,240,236,16,,,0.16
2025-11-04 23:38:07,1.17.2,Bandit100,10,4.07,,20,100,0,LeftinTimeOut,Left,179,240,236,16,,,
2025-11-04 23:40:53,1.17.2,Bandit100,10,4.07,,20,100,0,Left,Left,180,240,236,16,,,0.1
2025-11-04 23:41:18,1.17.2,Bandit100,10,4.07,1.0,20,100,0,Pellet,Left,180,240,237,16,24.48,417.0,
2025-11-04 23:42:50,1.17.2,Bandit100,10,4.07,,20,100,0,Left,Left,181,240,237,17,,,0.25
2025-11-04 23:43:09,1.17.2,Bandit100,10,4.06,1.0,20,100,0,Pellet,Left,181,240,238,17,19.01,111.0,
2025-11-04 23:43:22,1.17.2,Bandit100,10,4.07,,20,100,0,Right,Left,181,241,238,18,,,0.18
2025-11-04 23:43:22,1.17.2,Bandit100,10,4.07,,20,100,0,RightinTimeout,Left,181,241,238,18,,,0.0
2025-11-04 23:44:16,1.17.2,Bandit100,10,4.07,,20,100,0,Right,Left,181,242,238,18,,,0.27
2025-11-04 23:44:17,1.17.2,Bandit100,10,4.07,,20,100,0,RightinTimeout,Left,181,242,238,18,,,0.0
2025-11-04 23:44:18,1.17.2,Bandit100,10,4.06,,20,100,0,RightinTimeout,Left,181,242,238,18,,,0.0
2025-11-04 23:45:31,1.17.2,Bandit100,10,4.07,,20,100,0,Right,Left,181,243,238,18,,,0.26
2025-11-04 23:49:10,1.17.2,Bandit100,10,4.06,,20,100,0,Right,Left,181,244,238,18,,,0.29
2025-11-04 23:49:11,1.17.2,Bandit100,10,4.06,,20,100,0,RightinTimeout,Left,181,244,238,18,,,0.0
2025-11-04 23:49:13,1.17.2,Bandit100,10,4.07,,20,100,0,RightinTimeout,Left,181,244,238,18,,,0.0
2025-11-04 23:49:16,1.17.2,Bandit100,10,4.07,,20,100,0,RightinTimeout,Left,181,244,238,18,,,0.0
2025-11-04 23:51:17,1.17.2,Bandit100,10,4.07,,20,100,0,Left,Left,182,244,238,18,,,0.14
2025-11-04 23:51:22,1.17.2,Bandit100,10,4.06,2.0,20,100,0,Pellet,Left,182,244,239,18,2.21,493.0,
2025-11-04 23:52:57,1.17.2,Bandit100,10,4.07,,20,100,0,Right,Left,182,245,239,19,,,0.19
2025-11-04 23:53:01,1.17.2,Bandit100,10,4.06,,20,100,0,LeftinTimeOut,Left,182,245,239,19,,,
2025-11-04 23:58:40,1.17.2,Bandit100,10,4.06,,20,100,0,Left,Left,183,245,239,19,,,0.29
2025-11-04 23:58:43,1.17.2,Bandit100,10,4.06,1.0,20,100,0,Pellet,Left,183,245,240,19,1.61,441.0,
2025-11-04 23:58:55,1.17.2,Bandit100,10,4.07,,20,0,100,Left,Right,184,245,240,0,,,0.12
2025-11-05 00:07:59,1.17.2,Bandit100,10,4.07,,20,0,100,Right,Right,184,246,240,0,,,0.06
2025-11-05 00:08:02,1.17.2,Bandit100,10,4.06,1.0,20,0,100,Pellet,Right,184,246,241,0,2.33,559.0,
2025-11-05 00:08:08,1.17.2,Bandit100,10,4.06,,20,0,100,Right,Right,184,247,241,1,,,0.2
2025-11-05 00:08:10,1.17.2,Bandit100,10,4.07,1.0,20,0,100,Pellet,Right,184,247,242,1,1.07,8.0,
2025-11-05 00:08:25,1.17.2,Bandit100,10,4.07,,20,0,100,Right,Right,184,248,242,2,,,0.12
2025-11-05 00:08:28,1.17.2,Bandit100,10,4.06,1.0,20,0,100,Pellet,Right,184,248,243,2,2.75,18.0,
2025-11-05 00:08:32,1.17.2,Bandit100,10,4.07,,20,0,100,Right,Right,184,249,243,3,,,0.22
2025-11-05 00:08:35,1.17.2,Bandit100,10,4.06,1.0,20,0,100,Pellet,Right,184,249,244,3,2.33,7.0,
2025-11-05 00:09:06,1.17.2,Bandit100,10,4.07,,20,0,100,Right,Right,184,250,244,4,,,0.0
2025-11-05 00:09:06,1.17.2,Bandit100,10,4.06,,20,0,100,RightDuringDispense,Right,184,250,244,4,,,0.18
2025-11-05 00:09:13,1.17.2,Bandit100,10,4.07,2.0,20,0,100,Pellet,Right,184,250,245,4,3.65,38.0,
2025-11-05 00:09:19,1.17.2,Bandit100,10,4.07,,20,0,100,Right,Right,184,251,245,5,,,0.22
2025-11-05 00:09:23,1.17.2,Bandit100,10,4.07,1.0,20,0,100,Pellet,Right,184,251,246,5,3.29,10.0,
2025-11-05 00:15:37,1.17.2,Bandit100,10,4.06,,20,0,100,Right,Right,184,252,246,6,,,0.08
2025-11-05 00:17:17,1.17.2,Bandit100,10,4.07,1.0,20,0,100,Pellet,Right,184,252,247,6,,474.0,
2025-11-05 01:51:12,1.17.2,Bandit100,10,4.07,,20,0,100,Right,Right,184,253,247,7,,,0.33
2025-11-05 01:51:15,1.17.2,Bandit100,10,4.07,1.0,20,0,100,Pellet,Right,184,253,248,7,2.69,5638.0,
2025-11-05 01:51:24,1.17.2,Bandit100,10,4.06,,20,0,100,Right,Right,184,254,248,8,,,0.2
2025-11-05 01:51:26,1.17.2,Bandit100,10,4.06,1.0,20,0,100,Pellet,Right,184,254,249,8,1.55,11.0,
2025-11-05 01:52:07,1.17.2,Bandit100,10,4.06,,20,0,100,Right,Right,184,255,249,9,,,0.25
2025-11-05 01:52:10,1.17.2,Bandit100,10,4.06,1.0,20,0,100,Pellet,Right,184,255,250,9,1.79,44.0,
2025-11-05 01:53:13,1.17.2,Bandit100,10,4.07,,20,0,100,Left,Right,185,255,250,10,,,0.62
2025-11-05 01:53:15,1.17.2,Bandit100,10,4.07,,20,0,100,LeftinTimeOut,Right,185,255,250,10,,,
2025-11-05 01:53:24,1.17.2,Bandit100,10,4.07,,20,0,100,RightinTimeout,Right,185,255,250,10,,,0.0
2025-11-05 01:59:27,1.17.2,Bandit100,10,4.07,,20,0,100,Right,Right,185,256,250,10,,,0.22
2025-11-05 01:59:30,1.17.2,Bandit100,10,4.07,2.0,20,0,100,Pellet,Right,185,256,251,10,0.47,440.0,
2025-11-05 01:59:44,1.17.2,Bandit100,10,4.06,,20,0,100,Right,Right,185,257,251,11,,,0.15
2025-11-05 01:59:46,1.17.2,Bandit100,10,4.06,,20,0,100,RightWithPellet,Right,185,258,251,11,,,0.03
2025-11-05 01:59:49,1.17.2,Bandit100,10,4.05,1.0,20,0,100,Pellet,Right,185,258,252,11,4.15,19.0,
2025-11-05 01:59:54,1.17.2,Bandit100,10,4.07,,20,0,100,Right,Right,185,259,252,12,,,0.26
2025-11-05 01:59:55,1.17.2,Bandit100,10,4.06,1.0,20,0,100,Pellet,Right,185,259,253,12,1.13,6.0,
2025-11-05 02:00:12,1.17.2,Bandit100,10,4.06,,20,0,100,Right,Right,185,260,253,13,,,0.21
2025-11-05 02:00:13,1.17.2,Bandit100,10,4.07,,20,0,100,RightWithPellet,Right,185,261,253,13,,,0.15
2025-11-05 02:00:14,1.17.2,Bandit100,10,4.07,1.0,20,0,100,Pellet,Right,185,261,254,13,1.82,19.0,
2025-11-05 02:00:23,1.17.2,Bandit100,10,4.07,,20,0,100,Right,Right,185,262,254,14,,,0.23
2025-11-05 02:00:23,1.17.2,Bandit100,10,4.07,,20,0,100,RightDuringDispense,Right,185,262,254,14,,,0.06
2025-11-05 02:00:27,1.17.2,Bandit100,10,4.06,2.0,20,0,100,Pellet,Right,185,262,255,14,1.37,13.0,
2025-11-05 02:00:44,1.17.2,Bandit100,10,4.07,,20,0,100,Right,Right,185,263,255,15,,,0.11
2025-11-05 02:00:46,1.17.2,Bandit100,10,4.06,2.0,20,0,100,Pellet,Right,185,263,256,15,1.49,19.0,
2025-11-05 02:00:56,1.17.2,Bandit100,10,4.07,,20,0,100,Right,Right,185,264,256,16,,,0.08
2025-11-05 02:01:00,1.17.2,Bandit100,10,4.06,3.0,20,0,100,Pellet,Right,185,264,257,16,0.83,14.0,
2025-11-05 02:01:11,1.17.2,Bandit100,10,4.07,,20,0,100,Right,Right,185,265,257,17,,,0.08
2025-11-05 02:02:43,1.17.2,Bandit100,10,4.06,,20,0,100,RightWithPellet,Right,185,265,257,17,,,0.1
2025-11-05 02:03:26,1.17.2,Bandit100,10,4.06,2.0,20,0,100,Pellet,Right,185,265,258,17,,146.0,
2025-11-05 02:05:05,1.17.2,Bandit100,10,4.07,,20,0,100,Right,Right,185,266,258,18,,,0.28
2025-11-05 02:08:11,1.17.2,Bandit100,10,4.07,2.0,20,0,100,Pellet,Right,185,266,259,18,,285.0,
2025-11-05 02:12:23,1.17.2,Bandit100,10,4.07,,20,0,100,Left,Right,186,266,259,19,,,0.06
2025-11-05 02:13:04,1.17.2,Bandit100,10,4.06,,20,0,100,Right,Right,186,267,259,19,,,0.33
2025-11-05 02:13:07,1.17.2,Bandit100,10,4.06,,20,0,100,RightWithPellet,Right,186,268,259,19,,,0.04
2025-11-05 02:20:45,1.17.2,Bandit100,10,4.07,2.0,20,0,100,Pellet,Right,186,268,260,19,,754.0,
2025-11-05 02:22:11,1.17.2,Bandit100,10,4.06,,20,100,0,Left,Left,187,268,260,0,,,0.06
2025-11-05 02:22:56,1.17.2,Bandit100,10,4.07,2.0,20,100,0,Pellet,Left,187,268,261,0,44.14,131.0,
2025-11-05 02:23:07,1.17.2,Bandit100,10,4.06,,20,100,0,Left,Left,188,268,261,1,,,0.15
2025-11-05 02:23:10,1.17.2,Bandit100,10,4.07,1.0,20,100,0,Pellet,Left,188,268,262,1,1.79,14.0,
2025-11-05 02:28:28,1.17.2,Bandit100,10,4.07,,20,100,0,Right,Left,188,269,262,2,,,0.25
2025-11-05 02:41:13,1.17.2,Bandit100,10,4.07,,20,100,0,Left,Left,189,269,262,2,,,0.02
2025-11-05 02:41:17,1.17.2,Bandit100,10,4.06,2.0,20,100,0,Pellet,Left,189,269,263,2,1.07,1087.0,
2025-11-05 02:41:26,1.17.2,Bandit100,10,4.06,,20,100,0,Left,Left,190,269,263,3,,,0.1
2025-11-05 02:41:28,1.17.2,Bandit100,10,4.06,1.0,20,100,0,Pellet,Left,190,269,264,3,0.95,11.0,
2025-11-05 02:41:35,1.17.2,Bandit100,10,4.06,,20,100,0,Left,Left,191,269,264,4,,,0.22
2025-11-05 02:41:36,1.17.2,Bandit100,10,4.05,1.0,20,100,0,Pellet,Left,191,269,265,4,0.71,8.0,
2025-11-05 02:41:46,1.17.2,Bandit100,10,4.06,,20,100,0,Left,Left,192,269,265,5,,,0.05
2025-11-05 02:41:48,1.17.2,Bandit100,10,4.07,1.0,20,100,0,Pellet,Left,192,269,266,5,0.77,11.0,
2025-11-05 02:42:02,1.17.2,Bandit100,10,4.06,,20,100,0,Right,Left,192,270,266,6,,,0.16
2025-11-05 02:42:50,1.17.2,Bandit100,10,4.06,,20,100,0,Left,Left,193,270,266,6,,,0.05
2025-11-05 02:42:52,1.17.2,Bandit100,10,4.06,1.0,20,100,0,Pellet,Left,193,270,267,6,1.73,65.0,
2025-11-05 02:43:11,1.17.2,Bandit100,10,4.06,,20,100,0,Right,Left,193,271,267,7,,,0.16
2025-11-05 02:48:06,1.17.2,Bandit100,10,4.07,,20,100,0,Right,Left,193,272,267,7,,,0.07
2025-11-05 02:50:10,1.17.2,Bandit100,10,4.07,,20,100,0,Left,Left,194,272,267,7,,,0.15
2025-11-05 02:50:51,1.17.2,Bandit100,10,4.05,,20,100,0,RightWithPellet,Left,194,273,267,7,,,0.01
2025-11-05 02:51:26,1.17.2,Bandit100,10,4.06,,20,100,0,RightWithPellet,Left,194,273,267,7,,,0.22
2025-11-05 02:51:39,1.17.2,Bandit100,10,4.06,,20,100,0,RightWithPellet,Left,194,273,267,7,,,0.05
2025-11-05 02:51:40,1.17.2,Bandit100,10,4.06,,20,100,0,RightWithPellet,Left,194,273,267,7,,,0.26
2025-11-05 02:51:42,1.17.2,Bandit100,10,4.07,,20,100,0,RightWithPellet,Left,194,273,267,7,,,0.25
2025-11-05 02:51:58,1.17.2,Bandit100,10,4.06,1.0,20,100,0,Pellet,Left,194,273,268,7,,546.0,
2025-11-05 02:52:07,1.17.2,Bandit100,10,4.07,,20,100,0,Left,Left,195,273,268,8,,,0.06
2025-11-05 02:52:08,1.17.2,Bandit100,10,4.06,1.0,20,100,0,Pellet,Left,195,273,269,8,0.89,10.0,
2025-11-05 03:07:38,1.17.2,Bandit100,10,4.06,,20,100,0,Right,Left,195,274,269,9,,,0.36
2025-11-05 03:35:19,1.17.2,Bandit100,10,4.07,,20,100,0,Left,Left,196,274,269,9,,,0.22
2025-11-05 03:35:25,1.17.2,Bandit100,10,4.05,2.0,20,100,0,Pellet,Left,196,274,270,9,3.05,2597.0,
2025-11-05 03:35:36,1.17.2,Bandit100,10,4.06,,20,100,0,Left,Left,197,274,270,10,,,0.02
2025-11-05 03:35:39,1.17.2,Bandit100,10,4.06,1.0,20,100,0,Pellet,Left,197,274,271,10,1.91,14.0,
2025-11-05 03:36:00,1.17.2,Bandit100,10,4.06,,20,100,0,Right,Left,197,275,271,11,,,0.1
2025-11-05 03:36:54,1.17.2,Bandit100,10,4.07,,20,100,0,Right,Left,197,276,271,11,,,0.1
2025-11-05 03:38:48,1.17.2,Bandit100,10,4.06,,20,100,0,Left,Left,198,276,271,11,,,0.01
2025-11-05 03:39:17,1.17.2,Bandit100,10,4.06,1.0,20,100,0,Pellet,Left,198,276,272,11,28.88,218.0,
2025-11-05 03:39:33,1.17.2,Bandit100,10,4.06,,20,100,0,Left,Left,199,276,272,12,,,0.15
2025-11-05 03:40:38,1.17.2,Bandit100,10,4.06,3.0,20,100,0,Pellet,Left,199,276,273,12,,81.0,
2025-11-05 03:41:36,1.17.2,Bandit100,10,4.07,,20,100,0,Right,Left,199,277,273,13,,,0.2
2025-11-05 03:41:38,1.17.2,Bandit100,10,4.07,,20,100,0,LeftinTimeOut,Left,199,277,273,13,,,
2025-11-05 03:42:49,1.17.2,Bandit100,10,4.06,,20,100,0,Right,Left,199,278,273,13,,,0.22
2025-11-05 03:42:57,1.17.2,Bandit100,10,4.06,,20,100,0,RightinTimeout,Left,199,278,273,13,,,0.0
2025-11-05 03:42:57,1.17.2,Bandit100,10,4.06,,20,100,0,RightinTimeout,Left,199,278,273,13,,,0.0
2025-11-05 03:45:13,1.17.2,Bandit100,10,4.07,,20,100,0,Right,Left,199,279,273,13,,,0.17
2025-11-05 03:46:34,1.17.2,Bandit100,10,4.07,,20,100,0,Left,Left,200,279,273,13,,,0.13
2025-11-05 03:46:36,1.17.2,Bandit100,10,4.06,1.0,20,100,0,Pellet,Left,200,279,274,13,2.09,358.0,
2025-11-05 03:50:05,1.17.2,Bandit100,10,4.06,,20,100,0,Left,Left,201,279,274,14,,,0.18
2025-11-05 03:50:07,1.17.2,Bandit100,10,4.06,1.0,20,100,0,Pellet,Left,201,279,275,14,1.25,211.0,
2025-11-05 03:50:25,1.17.2,Bandit100,10,4.06,,20,100,0,Left,Left,202,279,275,15,,,0.0
2025-11-05 03:57:53,1.17.2,Bandit100,10,4.06,2.0,20,100,0,Pellet,Left,202,279,276,15,,466.0,
2025-11-05 03:59:52,1.17.2,Bandit100,10,4.06,,20,100,0,Right,Left,202,280,276,16,,,0.28
2025-11-05 04:02:21,1.17.2,Bandit100,10,4.06,,20,100,0,Right,Left,202,281,276,16,,,0.24
2025-11-05 04:06:07,1.17.2,Bandit100,10,4.06,,20,100,0,Right,Left,202,282,276,16,,,0.12
2025-11-05 04:06:43,1.17.2,Bandit100,10,4.06,,20,100,0,Left,Left,203,282,276,16,,,0.27
2025-11-05 04:06:53,1.17.2,Bandit100,10,4.06,1.0,20,100,0,Pellet,Left,203,282,277,16,8.93,540.0,
2025-11-05 04:10:04,1.17.2,Bandit100,10,4.07,,20,100,0,Left,Left,204,282,277,17,,,0.09
2025-11-05 04:10:06,1.17.2,Bandit100,10,4.06,1.0,20,100,0,Pellet,Left,204,282,278,17,1.31,193.0,
2025-11-05 04:10:27,1.17.2,Bandit100,10,4.06,,20,100,0,Right,Left,204,283,278,18,,,0.12
2025-11-05 04:12:59,1.17.2,Bandit100,10,4.06,,20,100,0,Left,Left,205,283,278,18,,,0.0
2025-11-05 04:13:02,1.17.2,Bandit100,10,4.06,1.0,20,100,0,Pellet,Left,205,283,279,18,1.97,176.0,
2025-11-05 04:14:35,1.17.2,Bandit100,10,4.06,,20,100,0,Right,Left,205,284,279,19,,,0.29
2025-11-05 04:16:04,1.17.2,Bandit100,10,4.06,,20,100,0,Left,Left,206,284,279,19,,,0.05
2025-11-05 04:16:07,1.17.2,Bandit100,10,4.06,1.0,20,100,0,Pellet,Left,206,284,280,19,1.73,185.0,
2025-11-05 04:18:48,1.17.2,Bandit100,10,4.05,,20,0,100,Left,Right,207,284,280,0,,,0.15
2025-11-05 04:19:06,1.17.2,Bandit100,10,4.06,,20,0,100,Right,Right,207,285,280,0,,,0.04
2025-11-05 04:19:10,1.17.2,Bandit100,10,4.06,,20,0,100,RightWithPellet,Right,207,286,280,0,,,0.5
2025-11-05 04:19:18,1.17.2,Bandit100,10,4.06,1.0,20,0,100,Pellet,Right,207,286,281,0,11.04,191.0,
2025-11-05 04:19:24,1.17.2,Bandit100,10,4.07,,20,0,100,Right,Right,207,287,281,1,,,0.23
2025-11-05 04:24:23,1.17.2,Bandit100,10,4.06,1.0,20,0,100,Pellet,Right,207,287,282,1,,305.0,
2025-11-05 04:25:51,1.17.2,Bandit100,10,4.06,,20,0,100,Right,Right,207,288,282,2,,,0.21
2025-11-05 04:26:39,1.17.2,Bandit100,10,4.06,2.0,20,0,100,Pellet,Right,207,288,283,2,44.93,136.0,
2025-11-05 04:46:01,1.17.2,Bandit100,10,4.06,,20,0,100,Left,Right,208,288,283,3,,,0.05
2025-11-05 04:46:03,1.17.2,Bandit100,10,4.07,,20,0,100,LeftinTimeOut,Right,208,288,283,3,,,
2025-11-05 05:53:53,1.17.2,Bandit100,10,4.05,,20,0,100,Left,Right,209,288,283,3,,,0.09
2025-11-05 05:53:55,1.17.2,Bandit100,10,4.06,,20,0,100,LeftinTimeOut,Right,209,288,283,3,,,
2025-11-05 05:53:57,1.17.2,Bandit100,10,4.06,,20,0,100,LeftinTimeOut,Right,209,288,283,3,,,
2025-11-05 05:53:59,1.17.2,Bandit100,10,4.06,,20,0,100,LeftinTimeOut,Right,209,288,283,3,,,
2025-11-05 06:00:57,1.17.2,Bandit100,10,4.06,,20,0,100,Right,Right,209,289,283,3,,,0.19
2025-11-05 06:01:01,1.17.2,Bandit100,10,4.06,,20,0,100,RightWithPellet,Right,209,290,283,3,,,0.02
2025-11-05 06:01:35,1.17.2,Bandit100,10,4.06,1.0,20,0,100,Pellet,Right,209,290,284,3,37.29,5696.0,
2025-11-05 06:01:45,1.17.2,Bandit100,10,4.06,,20,0,100,Left,Right,210,290,284,4,,,0.03
2025-11-05 06:09:09,1.17.2,Bandit100,10,4.06,,20,0,100,Right,Right,210,291,284,4,,,0.01
2025-11-05 06:10:29,1.17.2,Bandit100,10,4.06,1.0,20,0,100,Pellet,Right,210,291,285,4,,534.0,
2025-11-05 06:10:41,1.17.2,Bandit100,10,4.07,,20,0,100,Right,Right,210,292,285,5,,,0.06
2025-11-05 06:10:44,1.17.2,Bandit100,10,4.06,1.0,20,0,100,Pellet,Right,210,292,286,5,1.85,15.0,
2025-11-05 07:27:19,1.17.2,Bandit100,10,4.05,,20,0,100,Right,Right,210,293,286,6,,,0.03
2025-11-05 07:27:22,1.17.2,Bandit100,10,4.06,2.0,20,0,100,Pellet,Right,210,293,287,6,0.71,4598.0,
2025-11-05 07:28:12,1.17.2,Bandit100,10,4.06,,20,0,100,Right,Right,210,294,287,7,,,0.12
2025-11-05 07:28:13,1.17.2,Bandit100,10,4.06,1.0,20,0,100,Pellet,Right,210,294,288,7,0.47,51.0,
2025-11-05 07:28:27,1.17.2,Bandit100,10,4.06,,20,0,100,Left,Right,211,294,288,8,,,0.11
2025-11-05 09:03:54,1.17.2,Bandit100,10,4.05,,20,0,100,Right,Right,211,295,288,8,,,0.13
2025-11-05 09:03:58,1.17.2,Bandit100,10,4.05,3.0,20,0,100,Pellet,Right,211,295,289,8,0.59,5745.0,
2025-11-05 09:04:05,1.17.2,Bandit100,10,4.06,,20,0,100,Right,Right,211,296,289,9,,,0.14
2025-11-05 09:04:08,1.17.2,Bandit100,10,4.05,2.0,20,0,100,Pellet,Right,211,296,290,9,1.85,10.0,
2025-11-05 09:07:28,1.17.2,Bandit100,10,4.05,,20,0,100,Right,Right,211,297,290,10,,,0.07
2025-11-05 09:07:28,1.17.2,Bandit100,10,4.05,,20,0,100,RightDuringDispense,Right,211,297,290,10,,,0.01
2025-11-05 09:07:32,1.17.2,Bandit100,10,4.06,3.0,20,0,100,Pellet,Right,211,297,291,10,1.25,204.0,
2025-11-05 09:07:44,1.17.2,Bandit100,10,4.05,,20,0,100,Right,Right,211,298,291,11,,,0.04
2025-11-05 09:07:46,1.17.2,Bandit100,10,4.05,2.0,20,0,100,Pellet,Right,211,298,292,11,0.89,14.0,
2025-11-05 09:08:04,1.17.2,Bandit100,10,4.06,,20,0,100,Right,Right,211,299,292,12,,,0.16
2025-11-05 09:08:07,1.17.2,Bandit100,10,4.06,1.0,20,0,100,Pellet,Right,211,299,293,12,2.03,21.0,
2025-11-05 12:04:01,1.17.2,Bandit100,10,4.05,,20,0,100,Right,Right,211,300,293,13,,,0.0
2025-11-05 12:04:10,1.17.2,Bandit100,10,4.05,1.0,20,0,100,Pellet,Right,211,300,294,13,8.03,10562.0,
2025-11-05 13:56:36,1.17.2,Bandit100,10,4.05,,20,0,100,Left,Right,212,300,294,14,,,0.35
2025-11-05 14:13:09,1.17.2,Bandit100,10,4.05,,20,0,100,Left,Right,213,300,294,14,,,0.31
2025-11-05 14:13:10,1.17.2,Bandit100,10,4.05,,20,0,100,LeftinTimeOut,Right,213,300,294,14,,,
2025-11-05 14:13:15,1.17.2,Bandit100,10,4.05,,20,0,100,RightinTimeout,Right,213,300,294,14,,,0.0
2025-11-05 14:13:15,1.17.2,Bandit100,10,4.05,,20,0,100,RightinTimeout,Right,213,300,294,14,,,0.0
2025-11-05 16:11:20,1.17.2,Bandit100,10,4.05,,20,0,100,Right,Right,213,301,294,14,,,0.0
2025-11-05 16:11:21,1.17.2,Bandit100,10,4.05,1.0,20,0,100,Pellet,Right,213,301,295,14,0.71,14832.0,
2025-11-05 16:11:29,1.17.2,Bandit100,10,4.05,,20,0,100,Right,Right,213,302,295,15,,,0.04
2025-11-05 16:11:33,1.17.2,Bandit100,10,4.05,2.0,20,0,100,Pellet,Right,213,302,296,15,0.65,12.0,
2025-11-05 16:11:50,1.17.2,Bandit100,10,4.05,,20,0,100,Left,Right,214,302,296,16,,,0.04
2025-11-05 16:11:53,1.17.2,Bandit100,10,4.05,,20,0,100,LeftinTimeOut,Right,214,302,296,16,,,
2025-11-05 16:11:55,1.17.2,Bandit100,10,4.05,,20,0,100,RightinTimeout,Right,214,302,296,16,,,0.0
2025-11-05 16:11:55,1.17.2,Bandit100,10,4.05,,20,0,100,RightinTimeout,Right,214,302,296,16,,,0.0
2025-11-05 16:12:50,1.17.2,Bandit100,10,4.05,,20,0,100,Right,Right,214,303,296,16,,,0.13
2025-11-05 16:12:52,1.17.2,Bandit100,10,4.05,1.0,20,0,100,Pellet,Right,214,303,297,16,1.25,79.0,
2025-11-05 16:17:02,1.17.2,Bandit100,10,4.05,,20,0,100,Left,Right,215,303,297,17,,,0.29
2025-11-05 16:17:03,1.17.2,Bandit100,10,4.05,,20,0,100,LeftinTimeOut,Right,215,303,297,17,,,
2025-11-05 17:27:21,1.17.2,Bandit100,10,4.05,,20,0,100,Right,Right,215,304,297,17,,,0.01
2025-11-05 17:27:23,1.17.2,Bandit100,10,4.05,1.0,20,0,100,Pellet,Right,215,304,298,17,0.65,4471.0,
2025-11-05 17:27:51,1.17.2,Bandit100,10,4.05,,20,0,100,Left,Right,216,304,298,18,,,0.1
2025-11-05 17:32:57,1.17.2,Bandit100,10,4.05,,20,0,100,Left,Right,217,304,298,18,,,0.28
2025-11-05 17:33:00,1.17.2,Bandit100,10,4.05,,20,0,100,LeftinTimeOut,Right,217,304,298,18,,,
2025-11-05 17:40:07,1.17.2,Bandit100,10,4.05,,20,0,100,Left,Right,218,304,298,18,,,0.36
2025-11-05 17:45:58,1.17.2,Bandit100,10,4.05,,20,0,100,Right,Right,218,305,298,18,,,0.0
2025-11-05 17:48:31,1.17.2,Bandit100,10,4.05,1.0,20,0,100,Pellet,Right,218,305,299,18,,1268.0,
2025-11-05 18:05:34,1.17.2,Bandit100,10,4.05,,20,0,100,Left,Right,219,305,299,19,,,0.13
2025-11-05 18:05:40,1.17.2,Bandit100,10,4.05,,20,0,100,RightinTimeout,Right,219,305,299,19,,,0.0
2025-11-05 18:14:38,1.17.2,Bandit100,10,4.05,,20,0,100,Left,Right,220,305,299,19,,,0.14
2025-11-05 18:16:24,1.17.2,Bandit100,10,4.05,,20,0,100,Right,Right,220,306,299,19,,,0.17
2025-11-05 18:16:26,1.17.2,Bandit100,10,4.05,1.0,20,0,100,Pellet,Right,220,306,300,19,0.95,1675.0,
2025-11-05 18:17:38,1.17.2,Bandit100,10,4.05,,20,100,0,Left,Left,221,306,300,0,,,0.14
2025-11-05 18:17:40,1.17.2,Bandit100,10,4.05,1.0,20,100,0,Pellet,Left,221,306,301,0,1.13,74.0,
2025-11-05 18:19:30,1.17.2,Bandit100,10,4.05,,20,100,0,Right,Left,221,307,301,1,,,0.21
2025-11-05 18:23:42,1.17.2,Bandit100,10,4.05,,20,100,0,Right,Left,221,308,301,1,,,0.19
2025-11-05 18:26:28,1.17.2,Bandit100,10,4.04,,20,100,0,Left,Left,222,308,301,1,,,0.05
2025-11-05 18:26:30,1.17.2,Bandit100,10,4.05,1.0,20,100,0,Pellet,Left,222,308,302,1,0.89,530.0,
2025-11-05 18:26:43,1.17.2,Bandit100,10,4.05,,20,100,0,Left,Left,223,308,302,2,,,0.2
2025-11-05 18:26:45,1.17.2,Bandit100,10,4.05,1.0,20,100,0,Pellet,Left,223,308,303,2,0.95,15.0,
2025-11-05 18:48:31,1.17.2,Bandit100,10,4.05,,20,100,0,Left,Left,224,308,303,3,,,0.04
2025-11-05 18:48:33,1.17.2,Bandit100,10,4.05,1.0,20,100,0,Pellet,Left,224,308,304,3,0.83,1308.0,
2025-11-05 18:48:45,1.17.2,Bandit100,10,4.05,,20,100,0,Left,Left,225,308,304,4,,,0.14
2025-11-05 18:48:47,1.17.2,Bandit100,10,4.05,1.0,20,100,0,Pellet,Left,225,308,305,4,0.71,13.0,
2025-11-05 18:48:54,1.17.2,Bandit100,10,4.05,,20,100,0,Left,Left,226,308,305,5,,,0.07
2025-11-05 18:48:55,1.17.2,Bandit100,10,4.05,1.0,20,100,0,Pellet,Left,226,308,306,5,0.47,9.0,
2025-11-05 18:49:15,1.17.2,Bandit100,10,4.05,,20,100,0,Left,Left,227,308,306,6,,,0.04
2025-11-05 18:49:18,1.17.2,Bandit100,10,4.05,1.0,20,100,0,Pellet,Left,227,308,307,6,1.85,23.0,
2025-11-05 18:51:31,1.17.2,Bandit100,10,4.05,,20,100,0,Left,Left,228,308,307,7,,,0.27
2025-11-05 18:51:35,1.17.2,Bandit100,10,4.04,2.0,20,100,0,Pellet,Left,228,308,308,7,1.49,137.0,
2025-11-05 18:52:29,1.17.2,Bandit100,10,4.05,,20,100,0,Right,Left,228,309,308,8,,,0.16
2025-11-05 19:03:30,1.17.2,Bandit100,10,4.05,,20,100,0,Left,Left,229,309,308,8,,,0.12
2025-11-05 19:04:53,1.17.2,Bandit100,10,4.05,1.0,20,100,0,Pellet,Left,229,309,309,8,,798.0,
2025-11-05 19:05:01,1.17.2,Bandit100,10,4.04,,20,100,0,Left,Left,230,309,309,9,,,0.01
2025-11-05 19:05:03,1.17.2,Bandit100,10,4.05,1.0,20,100,0,Pellet,Left,230,309,310,9,1.31,10.0,
2025-11-05 19:08:31,1.17.2,Bandit100,10,4.05,,20,100,0,Left,Left,231,309,310,10,,,0.03
2025-11-05 19:08:41,1.17.2,Bandit100,10,4.05,,20,100,0,RightWithPellet,Left,231,310,310,10,,,0.14
2025-11-05 19:09:27,1.17.2,Bandit100,10,4.05,,20,100,0,LeftWithPellet,Left,231,310,310,10,,,0.04
2025-11-05 19:11:58,1.17.2,Bandit100,10,4.05,1.0,20,100,0,Pellet,Left,231,310,311,10,,415.0,
2025-11-05 19:13:44,1.17.2,Bandit100,10,4.05,,20,100,0,Right,Left,231,311,311,11,,,0.27
2025-11-05 19:19:00,1.17.2,Bandit100,10,4.05,,20,100,0,Right,Left,231,312,311,11,,,0.17
2025-11-05 19:19:02,1.17.2,Bandit100,10,4.05,,20,100,0,RightinTimeout,Left,231,312,311,11,,,0.0
2025-11-05 19:21:32,1.17.2,Bandit100,10,4.05,,20,100,0,Right,Left,231,313,311,11,,,0.13
2025-11-05 19:21:36,1.17.2,Bandit100,10,4.05,,20,100,0,LeftinTimeOut,Left,231,313,311,11,,,
2025-11-05 19:21:37,1.17.2,Bandit100,10,4.05,,20,100,0,LeftinTimeOut,Left,231,313,311,11,,,
2025-11-05 19:21:39,1.17.2,Bandit100,10,4.05,,20,100,0,LeftinTimeOut,Left,231,313,311,11,,,
2025-11-05 19:29:51,1.17.2,Bandit100,10,4.05,,20,100,0,Left,Left,232,313,311,11,,,0.05
2025-11-05 19:29:53,1.17.2,Bandit100,10,4.05,1.0,20,100,0,Pellet,Left,232,313,312,11,1.19,1075.0,
2025-11-05 19:30:24,1.17.2,Bandit100,10,4.05,,20,100,0,Left,Left,233,313,312,12,,,0.0
2025-11-05 19:30:26,1.17.2,Bandit100,10,4.05,2.0,20,100,0,Pellet,Left,233,313,313,12,1.25,33.0,
2025-11-05 19:31:44,1.17.2,Bandit100,10,4.04,,20,100,0,Right,Left,233,314,313,13,,,0.11
2025-11-05 19:33:48,1.17.2,Bandit100,10,4.05,,20,100,0,Left,Left,234,314,313,13,,,0.05
2025-11-05 19:33:49,1.17.2,Bandit100,10,4.05,1.0,20,100,0,Pellet,Left,234,314,314,13,0.83,203.0,
2025-11-05 19:34:00,1.17.2,Bandit100,10,4.05,,20,100,0,Left,Left,235,314,314,14,,,0.18
2025-11-05 19:34:04,1.17.2,Bandit100,10,4.05,2.0,20,100,0,Pellet,Left,235,314,315,14,1.61,15.0,
2025-11-05 19:34:19,1.17.2,Bandit100,10,4.05,,20,100,0,Left,Left,236,314,315,15,,,0.06
2025-11-05 19:34:21,1.17.2,Bandit100,10,4.05,1.0,20,100,0,Pellet,Left,236,314,316,15,1.73,17.0,
2025-11-05 19:36:28,1.17.2,Bandit100,10,4.05,,20,100,0,Right,Left,236,315,316,16,,,0.21
2025-11-05 19:43:53,1.17.2,Bandit100,10,4.05,,20,100,0,Left,Left,237,315,316,16,,,0.03
2025-11-05 19:43:55,1.17.2,Bandit100,10,4.04,1.0,20,100,0,Pellet,Left,237,315,317,16,0.95,574.0,
2025-11-05 19:44:07,1.17.2,Bandit100,10,4.05,,20,100,0,Left,Left,238,315,317,17,,,0.16
2025-11-05 19:44:08,1.17.2,Bandit100,10,4.05,1.0,20,100,0,Pellet,Left,238,315,318,17,0.53,13.0,
2025-11-05 19:44:14,1.17.2,Bandit100,10,4.05,,20,100,0,Left,Left,239,315,318,18,,,0.04
2025-11-05 19:44:16,1.17.2,Bandit100,10,4.05,1.0,20,100,0,Pellet,Left,239,315,319,18,0.77,8.0,
2025-11-05 19:44:22,1.17.2,Bandit100,10,4.05,,20,100,0,Left,Left,240,315,319,19,,,0.1
2025-11-05 19:44:24,1.17.2,Bandit100,10,4.05,1.0,20,100,0,Pellet,Left,240,315,320,19,0.71,7.0,
2025-11-05 19:44:34,1.17.2,Bandit100,10,4.05,,20,0,100,Left,Right,241,315,320,0,,,0.1
2025-11-05 19:44:35,1.17.2,Bandit100,10,4.05,,20,0,100,LeftinTimeOut,Right,241,315,320,0,,,
2025-11-05 19:44:43,1.17.2,Bandit100,10,4.05,,20,0,100,LeftinTimeOut,Right,241,315,320,0,,,
2025-11-05 19:50:25,1.17.2,Bandit100,10,4.05,,20,0,100,Left,Right,242,315,320,0,,,0.06
2025-11-05 20:00:58,1.17.2,Bandit100,10,4.05,,20,0,100,Left,Right,243,315,320,0,,,0.03
2025-11-05 20:01:01,1.17.2,Bandit100,10,4.05,,20,0,100,RightinTimeout,Right,243,315,320,0,,,0.0
2025-11-05 20:01:01,1.17.2,Bandit100,10,4.05,,20,0,100,RightinTimeout,Right,243,315,320,0,,,0.0
2025-11-05 20:07:02,1.17.2,Bandit100,10,4.05,,20,0,100,Right,Right,243,316,320,0,,,0.1
2025-11-05 20:07:06,1.17.2,Bandit100,10,4.05,1.0,20,0,100,Pellet,Right,243,316,321,0,2.45,1363.0,
2025-11-05 20:15:06,1.17.2,Bandit100,10,4.05,,20,0,100,Left,Right,244,316,321,1,,,0.19
2025-11-05 20:15:29,1.17.2,Bandit100,10,4.04,,20,0,100,Left,Right,245,316,321,1,,,0.2
2025-11-05 20:15:32,1.17.2,Bandit100,10,4.05,,20,0,100,LeftinTimeOut,Right,245,316,321,1,,,
2025-11-05 20:15:33,1.17.2,Bandit100,10,4.05,,20,0,100,LeftinTimeOut,Right,245,316,321,1,,,
2025-11-05 20:15:35,1.17.2,Bandit100,10,4.05,,20,0,100,RightinTimeout,Right,245,316,321,1,,,0.0
2025-11-05 20:19:13,1.17.2,Bandit100,10,4.05,,20,0,100,Left,Right,246,316,321,1,,,0.11
2025-11-05 20:19:50,1.17.2,Bandit100,10,4.05,,20,0,100,Right,Right,246,317,321,1,,,0.09
2025-11-05 20:19:52,1.17.2,Bandit100,10,4.05,1.0,20,0,100,Pellet,Right,246,317,322,1,0.89,766.0,
2025-11-05 20:19:59,1.17.2,Bandit100,10,4.05,,20,0,100,Right,Right,246,318,322,2,,,0.06
2025-11-05 20:20:01,1.17.2,Bandit100,10,4.05,1.0,20,0,100,Pellet,Right,246,318,323,2,1.43,9.0,
2025-11-05 20:20:10,1.17.2,Bandit100,10,4.04,,20,0,100,Right,Right,246,319,323,3,,,0.07
2025-11-05 20:20:13,1.17.2,Bandit100,10,4.04,1.0,20,0,100,Pellet,Right,246,319,324,3,1.91,12.0,
2025-11-05 20:20:27,1.17.2,Bandit100,10,4.05,,20,0,100,Right,Right,246,320,324,4,,,0.1
2025-11-05 20:20:30,1.17.2,Bandit100,10,4.05,1.0,20,0,100,Pellet,Right,246,320,325,4,2.45,17.0,
2025-11-05 20:20:58,1.17.2,Bandit100,10,4.05,,20,0,100,Right,Right,246,321,325,5,,,0.07
2025-11-05 20:21:00,1.17.2,Bandit100,10,4.05,1.0,20,0,100,Pellet,Right,246,321,326,5,1.73,30.0,
2025-11-05 20:22:05,1.17.2,Bandit100,10,4.05,,20,0,100,Right,Right,246,322,326,6,,,0.09
2025-11-05 20:22:08,1.17.2,Bandit100,10,4.05,1.0,20,0,100,Pellet,Right,246,322,327,6,1.55,68.0,
2025-11-05 20:32:28,1.17.2,Bandit100,10,4.05,,20,0,100,Left,Right,247,322,327,7,,,0.11
2025-11-05 20:33:20,1.17.2,Bandit100,10,4.05,,20,0,100,Left,Right,248,322,327,7,,,0.19
2025-11-05 20:33:29,1.17.2,Bandit100,10,4.05,,20,0,100,LeftinTimeOut,Right,248,322,327,7,,,
2025-11-05 20:33:32,1.17.2,Bandit100,10,4.05,,20,0,100,LeftinTimeOut,Right,248,322,327,7,,,
2025-11-05 20:35:12,1.17.2,Bandit100,10,4.05,,20,0,100,Left,Right,249,322,327,7,,,0.24
2025-11-05 20:35:13,1.17.2,Bandit100,10,4.05,,20,0,100,LeftinTimeOut,Right,249,322,327,7,,,
2025-11-05 20:35:20,1.17.2,Bandit100,10,4.05,,20,0,100,RightinTimeout,Right,249,322,327,7,,,0.0
2025-11-05 20:35:20,1.17.2,Bandit100,10,4.05,,20,0,100,RightinTimeout,Right,249,322,327,7,,,0.0
2025-11-05 20:41:23,1.17.2,Bandit100,10,4.05,,20,0,100,Right,Right,249,323,327,7,,,0.17
2025-11-05 20:41:26,1.17.2,Bandit100,10,4.05,1.0,20,0,100,Pellet,Right,249,323,328,7,1.73,1158.0,
2025-11-05 20:48:11,1.17.2,Bandit100,10,4.05,,20,0,100,Right,Right,249,324,328,8,,,0.19
2025-11-05 20:48:14,1.17.2,Bandit100,10,4.05,2.0,20,0,100,Pellet,Right,249,324,329,8,0.59,408.0,
2025-11-05 20:48:26,1.17.2,Bandit100,10,4.05,,20,0,100,Right,Right,249,325,329,9,,,0.09
2025-11-05 20:48:28,1.17.2,Bandit100,10,4.05,1.0,20,0,100,Pellet,Right,249,325,330,9,0.77,14.0,
2025-11-05 20:48:45,1.17.2,Bandit100,10,4.05,,20,0,100,Right,Right,249,326,330,10,,,0.21
2025-11-05 20:48:46,1.17.2,Bandit100,10,4.05,1.0,20,0,100,Pellet,Right,249,326,331,10,0.47,18.0,
2025-11-05 20:49:02,1.17.2,Bandit100,10,4.05,,20,0,100,Right,Right,249,327,331,11,,,0.16
2025-11-05 20:49:03,1.17.2,Bandit100,10,4.04,1.0,20,0,100,Pellet,Right,249,327,332,11,0.47,17.0,
2025-11-05 20:49:14,1.17.2,Bandit100,10,4.05,,20,0,100,Right,Right,249,328,332,12,,,0.13
2025-11-05 20:49:15,1.17.2,Bandit100,10,4.05,1.0,20,0,100,Pellet,Right,249,328,333,12,0.77,12.0,
2025-11-05 20:49:22,1.17.2,Bandit100,10,4.05,,20,0,100,Right,Right,249,329,333,13,,,0.18
2025-11-05 20:49:24,1.17.2,Bandit100,10,4.05,1.0,20,0,100,Pellet,Right,249,329,334,13,0.65,9.0,
2025-11-05 20:49:30,1.17.2,Bandit100,10,4.05,,20,0,100,Right,Right,249,330,334,14,,,0.22
2025-11-05 20:49:31,1.17.2,Bandit100,10,4.05,1.0,20,0,100,Pellet,Right,249,330,335,14,0.83,7.0,
2025-11-05 20:49:42,1.17.2,Bandit100,10,4.05,,20,0,100,Right,Right,249,331,335,15,,,0.03
2025-11-05 20:49:45,1.17.2,Bandit100,10,4.05,2.0,20,0,100,Pellet,Right,249,331,336,15,0.53,14.0,
2025-11-05 20:49:58,1.17.2,Bandit100,10,4.05,,20,0,100,Right,Right,249,332,336,16,,,0.0
2025-11-05 20:49:59,1.17.2,Bandit100,10,4.05,1.0,20,0,100,Pellet,Right,249,332,337,16,0.65,14.0,
2025-11-05 20:50:16,1.17.2,Bandit100,10,4.05,,20,0,100,Right,Right,249,333,337,17,,,0.11
2025-11-05 20:50:17,1.17.2,Bandit100,10,4.05,1.0,20,0,100,Pellet,Right,249,333,338,17,0.77,18.0,
2025-11-05 20:56:34,1.17.2,Bandit100,10,4.05,,20,0,100,Left,Right,250,333,338,18,,,0.19
2025-11-05 21:03:58,1.17.2,Bandit100,10,4.05,,20,0,100,Left,Right,251,333,338,18,,,0.08
2025-11-05 21:04:03,1.17.2,Bandit100,10,4.05,,20,0,100,LeftinTimeOut,Right,251,333,338,18,,,
2025-11-05 21:06:44,1.17.2,Bandit100,10,4.05,,20,0,100,Right,Right,251,334,338,18,,,0.02
2025-11-05 21:06:50,1.17.2,Bandit100,10,4.05,1.0,20,0,100,Pellet,Right,251,334,339,18,5.09,992.0,
2025-11-05 21:07:27,1.17.2,Bandit100,10,4.05,,20,0,100,Right,Right,251,335,339,19,,,0.08
2025-11-05 21:08:11,1.17.2,Bandit100,10,4.05,1.0,20,0,100,Pellet,Right,251,335,340,19,44.18,82.0,
2025-11-05 21:12:05,1.17.2,Bandit100,10,4.05,,20,100,0,Left,Left,252,335,340,0,,,0.13
2025-11-05 21:12:09,1.17.2,Bandit100,10,4.05,1.0,20,100,0,Pellet,Left,252,335,341,0,3.11,238.0,
2025-11-05 21:13:57,1.17.2,Bandit100,10,4.05,,20,100,0,Left,Left,253,335,341,1,,,0.0
2025-11-05 21:14:28,1.17.2,Bandit100,10,4.05,1.0,20,100,0,Pellet,Left,253,335,342,1,30.33,139.0,
2025-11-05 21:14:35,1.17.2,Bandit100,10,4.05,,20,100,0,Left,Left,254,335,342,2,,,0.05
2025-11-05 21:14:37,1.17.2,Bandit100,10,4.05,1.0,20,100,0,Pellet,Left,254,335,343,2,0.53,9.0,
2025-11-05 21:14:50,1.17.2,Bandit100,10,4.05,,20,100,0,Left,Left,255,335,343,3,,,0.19
2025-11-05 21:14:52,1.17.2,Bandit100,10,4.03,1.0,20,100,0,Pellet,Left,255,335,344,3,1.25,15.0,
2025-11-05 21:17:00,1.17.2,Bandit100,10,4.05,,20,100,0,Left,Left,256,335,344,4,,,0.18
2025-11-05 21:17:03,1.17.2,Bandit100,10,4.05,1.0,20,100,0,Pellet,Left,256,335,345,4,2.09,131.0,
2025-11-05 21:20:29,1.17.2,Bandit100,10,4.05,,20,100,0,Right,Left,256,336,345,5,,,0.13
2025-11-05 21:40:40,1.17.2,Bandit100,10,4.05,,20,100,0,Right,Left,256,337,345,5,,,0.14
2025-11-05 21:40:41,1.17.2,Bandit100,10,4.05,,20,100,0,RightinTimeout,Left,256,337,345,5,,,0.0
2025-11-05 21:52:27,1.17.2,Bandit100,10,4.05,,20,100,0,Right,Left,256,338,345,5,,,0.08
2025-11-05 21:52:29,1.17.2,Bandit100,10,4.04,,20,100,0,RightinTimeout,Left,256,338,345,5,,,0.0
2025-11-05 21:52:32,1.17.2,Bandit100,10,4.05,,20,100,0,RightinTimeout,Left,256,338,345,5,,,0.0
2025-11-05 21:58:01,1.17.2,Bandit100,10,4.05,,20,100,0,Left,Left,257,338,345,5,,,0.1
2025-11-05 21:58:04,1.17.2,Bandit100,10,4.05,2.0,20,100,0,Pellet,Left,257,338,346,5,0.83,2461.0,
2025-11-05 21:58:20,1.17.2,Bandit100,10,4.05,,20,100,0,Left,Left,258,338,346,6,,,0.07
2025-11-05 21:58:21,1.17.2,Bandit100,10,4.05,1.0,20,100,0,Pellet,Left,258,338,347,6,0.59,17.0,
2025-11-05 21:58:34,1.17.2,Bandit100,10,4.05,,20,100,0,Left,Left,259,338,347,7,,,0.0
2025-11-05 21:58:35,1.17.2,Bandit100,10,4.05,1.0,20,100,0,Pellet,Left,259,338,348,7,0.89,14.0,
2025-11-05 21:58:42,1.17.2,Bandit100,10,4.05,,20,100,0,Right,Left,259,339,348,8,,,0.0
2025-11-05 22:00:09,1.17.2,Bandit100,10,4.05,,20,100,0,Left,Left,260,339,348,8,,,0.05
2025-11-05 22:00:12,1.17.2,Bandit100,10,4.05,1.0,20,100,0,Pellet,Left,260,339,349,8,2.15,97.0,
2025-11-05 22:00:24,1.17.2,Bandit100,10,4.05,,20,100,0,Right,Left,260,340,349,9,,,0.13
2025-11-05 22:05:08,1.17.2,Bandit100,10,4.05,,20,100,0,Right,Left,260,341,349,9,,,0.2
2025-11-05 22:06:25,1.17.2,Bandit100,10,4.05,,20,100,0,Right,Left,260,342,349,9,,,0.07
2025-11-05 22:06:28,1.17.2,Bandit100,10,4.05,,20,100,0,RightinTimeout,Left,260,342,349,9,,,0.0
2025-11-05 22:09:28,1.17.2,Bandit100,10,4.05,,20,100,0,Right,Left,260,343,349,9,,,0.04
2025-11-05 22:09:31,1.17.2,Bandit100,10,4.05,,20,100,0,RightinTimeout,Left,260,343,349,9,,,0.0
2025-11-05 22:12:35,1.17.2,Bandit100,10,4.05,,20,100,0,Left,Left,261,343,349,9,,,0.0
2025-11-05 22:12:36,1.17.2,Bandit100,10,4.05,1.0,20,100,0,Pellet,Left,261,343,350,9,0.59,744.0,
2025-11-05 22:12:54,1.17.2,Bandit100,10,4.04,,20,100,0,Left,Left,262,343,350,10,,,0.24
2025-11-05 22:12:58,1.17.2,Bandit100,10,4.04,2.0,20,100,0,Pellet,Left,262,343,351,10,1.07,22.0,
2025-11-05 22:13:04,1.17.2,Bandit100,10,4.05,,20,100,0,Left,Left,263,343,351,11,,,0.12
2025-11-05 22:13:05,1.17.2,Bandit100,10,4.05,1.0,20,100,0,Pellet,Left,263,343,352,11,0.41,7.0,
2025-11-05 22:13:22,1.17.2,Bandit100,10,4.05,,20,100,0,Left,Left,264,343,352,12,,,0.3
2025-11-05 22:13:23,1.17.2,Bandit100,10,4.05,1.0,20,100,0,Pellet,Left,264,343,353,12,0.59,18.0,
2025-11-05 22:13:32,1.17.2,Bandit100,10,4.05,,20,100,0,Left,Left,265,343,353,13,,,0.2
2025-11-05 22:13:33,1.17.2,Bandit100,10,4.05,1.0,20,100,0,Pellet,Left,265,343,354,13,0.59,10.0,
2025-11-05 22:13:47,1.17.2,Bandit100,10,4.05,,20,100,0,Left,Left,266,343,354,14,,,0.07
2025-11-05 22:13:48,1.17.2,Bandit100,10,4.05,1.0,20,100,0,Pellet,Left,266,343,355,14,0.65,15.0,
2025-11-05 22:14:03,1.17.2,Bandit100,10,4.05,,20,100,0,Left,Left,267,343,355,15,,,0.19
2025-11-05 22:14:04,1.17.2,Bandit100,10,4.04,1.0,20,100,0,Pellet,Left,267,343,356,15,0.35,16.0,
2025-11-05 22:14:22,1.17.2,Bandit100,10,4.05,,20,100,0,Left,Left,268,343,356,16,,,0.28
2025-11-05 22:14:24,1.17.2,Bandit100,10,4.05,1.0,20,100,0,Pellet,Left,268,343,357,16,1.31,20.0,
2025-11-05 22:14:36,1.17.2,Bandit100,10,4.05,,20,100,0,Left,Left,269,343,357,17,,,0.14
2025-11-05 22:14:38,1.17.2,Bandit100,10,4.05,1.0,20,100,0,Pellet,Left,269,343,358,17,0.65,14.0,
2025-11-05 22:14:53,1.17.2,Bandit100,10,4.05,,20,100,0,Left,Left,270,343,358,18,,,0.06
2025-11-05 22:14:57,1.17.2,Bandit100,10,4.05,1.0,20,100,0,Pellet,Left,270,343,359,18,2.51,19.0,
2025-11-05 22:15:07,1.17.2,Bandit100,10,4.05,,20,100,0,Left,Left,271,343,359,19,,,0.06
2025-11-05 22:15:08,1.17.2,Bandit100,10,4.05,1.0,20,100,0,Pellet,Left,271,343,360,19,0.65,11.0,
2025-11-05 22:15:23,1.17.2,Bandit100,10,4.05,,20,0,100,Left,Right,272,343,360,0,,,0.07
2025-11-05 22:18:50,1.17.2,Bandit100,10,4.05,,20,0,100,Right,Right,272,344,360,0,,,0.11
2025-11-05 22:18:51,1.17.2,Bandit100,10,4.05,,20,0,100,RightDuringDispense,Right,272,344,360,0,,,0.14
2025-11-05 22:19:00,1.17.2,Bandit100,10,4.05,2.0,20,0,100,Pellet,Right,272,344,361,0,6.41,232.0,
2025-11-05 22:21:32,1.17.2,Bandit100,10,4.05,,20,0,100,Right,Right,272,345,361,1,,,0.08
2025-11-05 22:21:34,1.17.2,Bandit100,10,4.05,,20,0,100,RightWithPellet,Right,272,346,361,1,,,0.1
2025-11-05 22:22:21,1.17.2,Bandit100,10,4.05,1.0,20,0,100,Pellet,Right,272,346,362,1,48.33,201.0,
2025-11-05 22:28:20,1.17.2,Bandit100,10,4.05,,20,0,100,Right,Right,272,347,362,2,,,0.04
2025-11-05 22:30:05,1.17.2,Bandit100,10,4.04,1.0,20,0,100,Pellet,Right,272,347,363,2,,464.0,
2025-11-05 22:33:11,1.17.2,Bandit100,10,4.05,,20,0,100,Right,Right,272,348,363,3,,,0.04
2025-11-05 22:33:11,1.17.2,Bandit100,10,4.04,,20,0,100,RightDuringDispense,Right,272,348,363,3,,,0.06
2025-11-05 22:33:16,1.17.2,Bandit100,10,4.05,2.0,20,0,100,Pellet,Right,272,348,364,3,1.97,191.0,
2025-11-05 22:33:21,1.17.2,Bandit100,10,4.04,,20,0,100,Right,Right,272,349,364,4,,,0.1
2025-11-05 22:33:24,1.17.2,Bandit100,10,4.05,1.0,20,0,100,Pellet,Right,272,349,365,4,2.27,8.0,
2025-11-05 22:43:17,1.17.2,Bandit100,10,4.05,,20,0,100,Left,Right,273,349,365,5,,,0.11
2025-11-05 22:54:51,1.17.2,Bandit100,10,4.05,,20,0,100,Right,Right,273,350,365,5,,,0.09
2025-11-05 22:55:29,1.17.2,Bandit100,10,4.05,1.0,20,0,100,Pellet,Right,273,350,366,5,37.4,1325.0,
2025-11-05 22:55:44,1.17.2,Bandit100,10,4.05,,20,0,100,Right,Right,273,351,366,6,,,0.12
2025-11-05 22:55:47,1.17.2,Bandit100,10,4.05,2.0,20,0,100,Pellet,Right,273,351,367,6,2.03,18.0,
2025-11-05 23:07:12,1.17.2,Bandit100,10,4.05,,20,0,100,Right,Right,273,352,367,7,,,0.26
2025-11-05 23:07:14,1.17.2,Bandit100,10,4.05,1.0,20,0,100,Pellet,Right,273,352,368,7,1.01,687.0,
2025-11-05 23:07:22,1.17.2,Bandit100,10,4.05,,20,0,100,Right,Right,273,353,368,8,,,0.13
2025-11-05 23:07:24,1.17.2,Bandit100,10,4.05,1.0,20,0,100,Pellet,Right,273,353,369,8,0.89,10.0,
2025-11-05 23:07:33,1.17.2,Bandit100,10,4.05,,20,0,100,Right,Right,273,354,369,9,,,0.09
2025-11-05 23:07:37,1.17.2,Bandit100,10,4.05,1.0,20,0,100,Pellet,Right,273,354,370,9,2.75,13.0,
2025-11-05 23:07:43,1.17.2,Bandit100,10,4.05,,20,0,100,Right,Right,273,355,370,10,,,0.05
2025-11-05 23:07:46,1.17.2,Bandit100,10,4.05,1.0,20,0,100,Pellet,Right,273,355,371,10,2.09,9.0,
2025-11-05 23:08:00,1.17.2,Bandit100,10,4.05,,20,0,100,Right,Right,273,356,371,11,,,0.06
2025-11-05 23:09:04,1.17.2,Bandit100,10,4.05,2.0,20,0,100,Pellet,Right,273,356,372,11,,78.0,
2025-11-05 23:09:14,1.17.2,Bandit100,10,4.05,,20,0,100,Right,Right,273,357,372,12,,,0.04
2025-11-05 23:09:36,1.17.2,Bandit100,10,4.05,1.0,20,0,100,Pellet,Right,273,357,373,12,21.37,32.0,
2025-11-05 23:29:23,1.17.2,Bandit100,10,4.05,,20,0,100,Left,Right,274,357,373,13,,,0.15
2025-11-05 23:29:24,1.17.2,Bandit100,10,4.05,,20,0,100,LeftinTimeOut,Right,274,357,373,13,,,
2025-11-06 00:16:01,1.17.2,Bandit100,10,4.05,,20,0,100,Left,Right,275,357,373,13,,,0.33
2025-11-06 00:16:04,1.17.2,Bandit100,10,4.05,,20,0,100,LeftinTimeOut,Right,275,357,373,13,,,
2025-11-06 00:49:56,1.17.2,Bandit100,10,4.05,,20,0,100,Left,Right,276,357,373,13,,,0.09
2025-11-06 00:49:58,1.17.2,Bandit100,10,4.05,,20,0,100,LeftinTimeOut,Right,276,357,373,13,,,
2025-11-06 00:51:00,1.17.2,Bandit100,10,4.05,,20,0,100,Right,Right,276,358,373,13,,,0.02
2025-11-06 00:51:02,1.17.2,Bandit100,10,4.05,1.0,20,0,100,Pellet,Right,276,358,374,13,0.71,6086.0,
2025-11-06 00:51:18,1.17.2,Bandit100,10,4.04,,20,0,100,Right,Right,276,359,374,14,,,0.06
2025-11-06 00:51:20,1.17.2,Bandit100,10,4.05,1.0,20,0,100,Pellet,Right,276,359,375,14,0.71,17.0,
2025-11-06 00:52:05,1.17.2,Bandit100,10,4.05,,20,0,100,Left,Right,277,359,375,15,,,0.12
2025-11-06 00:53:11,1.17.2,Bandit100,10,4.05,,20,0,100,Right,Right,277,360,375,15,,,0.1
2025-11-06 00:53:14,1.17.2,Bandit100,10,4.05,1.0,20,0,100,Pellet,Right,277,360,376,15,2.15,115.0,
2025-11-06 00:53:27,1.17.2,Bandit100,10,4.05,,20,0,100,Right,Right,277,361,376,16,,,0.16
2025-11-06 00:56:09,1.17.2,Bandit100,10,4.05,1.0,20,0,100,Pellet,Right,277,361,377,16,,175.0,
2025-11-06 00:56:17,1.17.2,Bandit100,10,4.05,,20,0,100,Right,Right,277,362,377,17,,,0.1
2025-11-06 00:56:19,1.17.2,Bandit100,10,4.05,1.0,20,0,100,Pellet,Right,277,362,378,17,1.13,10.0,
2025-11-06 00:56:33,1.17.2,Bandit100,10,4.05,,20,0,100,Left,Right,278,362,378,18,,,0.07
2025-11-06 00:56:34,1.17.2,Bandit100,10,4.05,,20,0,100,RightinTimeout,Right,278,362,378,18,,,0.0
2025-11-06 00:56:38,1.17.2,Bandit100,10,4.05,,20,0,100,LeftinTimeOut,Right,278,362,378,18,,,
2025-11-06 01:01:58,1.17.2,Bandit100,10,4.05,,20,0,100,Left,Right,279,362,378,18,,,0.12
2025-11-06 01:02:00,1.17.2,Bandit100,10,4.05,,20,0,100,LeftinTimeOut,Right,279,362,378,18,,,
2025-11-06 01:02:02,1.17.2,Bandit100,10,4.05,,20,0,100,LeftinTimeOut,Right,279,362,378,18,,,
2025-11-06 01:10:17,1.17.2,Bandit100,10,4.05,,20,0,100,Left,Right,280,362,378,18,,,0.04
2025-11-06 01:10:18,1.17.2,Bandit100,10,4.05,,20,0,100,LeftinTimeOut,Right,280,362,378,18,,,
2025-11-06 01:10:24,1.17.2,Bandit100,10,4.05,,20,0,100,LeftinTimeOut,Right,280,362,378,18,,,
2025-11-06 01:10:26,1.17.2,Bandit100,10,4.05,,20,0,100,LeftinTimeOut,Right,280,362,378,18,,,
2025-11-06 01:12:08,1.17.2,Bandit100,10,4.05,,20,0,100,Right,Right,280,363,378,18,,,0.15
2025-11-06 01:12:12,1.17.2,Bandit100,10,4.05,2.0,20,0,100,Pellet,Right,280,363,379,18,1.19,953.0,
2025-11-06 01:12:43,1.17.2,Bandit100,10,4.05,,20,0,100,Right,Right,280,364,379,19,,,0.13
2025-11-06 01:12:47,1.17.2,Bandit100,10,4.05,2.0,20,0,100,Pellet,Right,280,364,380,19,0.29,35.0,
2025-11-06 01:23:43,1.17.2,Bandit100,10,4.05,,20,100,0,Left,Left,281,364,380,0,,,0.17
2025-11-06 01:23:46,1.17.2,Bandit100,10,4.04,1.0,20,100,0,Pellet,Left,281,364,381,0,2.39,659.0,
2025-11-06 01:23:54,1.17.2,Bandit100,10,4.05,,20,100,0,Left,Left,282,364,381,1,,,0.03
2025-11-06 01:23:56,1.17.2,Bandit100,10,4.05,1.0,20,100,0,Pellet,Left,282,364,382,1,1.49,10.0,
2025-11-06 01:24:11,1.17.2,Bandit100,10,4.04,,20,100,0,Left,Left,283,364,382,2,,,0.09
2025-11-06 01:24:13,1.17.2,Bandit100,10,4.05,1.0,20,100,0,Pellet,Left,283,364,383,2,0.95,17.0,
2025-11-06 01:24:24,1.17.2,Bandit100,10,4.05,,20,100,0,Left,Left,284,364,383,3,,,0.09
2025-11-06 01:24:28,1.17.2,Bandit100,10,4.05,1.0,20,100,0,Pellet,Left,284,364,384,3,2.63,15.0,
2025-11-06 01:32:02,1.17.2,Bandit100,10,4.05,,20,100,0,Right,Left,284,365,384,4,,,0.14
2025-11-06 01:32:03,1.17.2,Bandit100,10,4.05,,20,100,0,RightinTimeout,Left,284,365,384,4,,,0.0
2025-11-06 01:34:17,1.17.2,Bandit100,10,4.04,,20,100,0,Right,Left,284,366,384,4,,,0.17
2025-11-06 02:19:17,1.17.2,Bandit100,10,4.05,,20,100,0,Right,Left,284,367,384,4,,,0.19
2025-11-06 02:19:21,1.17.2,Bandit100,10,4.04,,20,100,0,RightinTimeout,Left,284,367,384,4,,,0.0
2025-11-06 02:19:24,1.17.2,Bandit100,10,4.04,,20,100,0,RightinTimeout,Left,284,367,384,4,,,0.0
2025-11-06 02:20:47,1.17.2,Bandit100,10,4.05,,20,100,0,Right,Left,284,368,384,4,,,0.28
2025-11-06 02:24:42,1.17.2,Bandit100,10,4.05,,20,100,0,Right,Left,284,369,384,4,,,0.15
2025-11-06 02:24:43,1.17.2,Bandit100,10,4.05,,20,100,0,RightinTimeout,Left,284,369,384,4,,,0.0
2025-11-06 02:25:12,1.17.2,Bandit100,10,4.04,,20,100,0,Right,Left,284,370,384,4,,,0.1
2025-11-06 02:25:14,1.17.2,Bandit100,10,4.05,,20,100,0,RightinTimeout,Left,284,370,384,4,,,0.0
2025-11-06 02:26:45,1.17.2,Bandit100,10,4.05,,20,100,0,Right,Left,284,371,384,4,,,0.2
2025-11-06 02:26:46,1.17.2,Bandit100,10,4.05,,20,100,0,RightinTimeout,Left,284,371,384,4,,,0.0
2025-11-06 02:26:48,1.17.2,Bandit100,10,4.05,,20,100,0,RightinTimeout,Left,284,371,384,4,,,0.0
2025-11-06 02:28:12,1.17.2,Bandit100,10,4.05,,20,100,0,Right,Left,284,372,384,4,,,0.11
2025-11-06 02:28:12,1.17.2,Bandit100,10,4.05,,20,100,0,RightinTimeout,Left,284,372,384,4,,,0.0
2025-11-06 02:28:12,1.17.2,Bandit100,10,4.05,,20,100,0,RightinTimeout,Left,284,372,384,4,,,0.0
2025-11-06 02:28:18,1.17.2,Bandit100,10,4.05,,20,100,0,RightinTimeout,Left,284,372,384,4,,,0.0
2025-11-06 02:28:25,1.17.2,Bandit100,10,4.05,,20,100,0,RightinTimeout,Left,284,372,384,4,,,0.0
2025-11-06 02:28:26,1.17.2,Bandit100,10,4.05,,20,100,0,RightinTimeout,Left,284,372,384,4,,,0.0
2025-11-06 02:28:34,1.17.2,Bandit100,10,4.05,,20,100,0,RightinTimeout,Left,284,372,384,4,,,0.0
2025-11-06 02:30:11,1.17.2,Bandit100,10,4.04,,20,100,0,Left,Left,285,372,384,4,,,0.05
2025-11-06 02:30:14,1.17.2,Bandit100,10,4.04,2.0,20,100,0,Pellet,Left,285,372,385,4,0.77,3946.0,
2025-11-06 02:30:28,1.17.2,Bandit100,10,4.04,,20,100,0,Left,Left,286,372,385,5,,,0.03
2025-11-06 02:30:32,1.17.2,Bandit100,10,4.05,2.0,20,100,0,Pellet,Left,286,372,386,5,0.65,18.0,
2025-11-06 02:30:48,1.17.2,Bandit100,10,4.05,,20,100,0,Right,Left,286,373,386,6,,,0.14
2025-11-06 02:30:51,1.17.2,Bandit100,10,4.05,,20,100,0,RightinTimeout,Left,286,373,386,6,,,0.0
2025-11-06 02:30:57,1.17.2,Bandit100,10,4.05,,20,100,0,RightinTimeout,Left,286,373,386,6,,,0.0
2025-11-06 02:31:02,1.17.2,Bandit100,10,4.04,,20,100,0,RightinTimeout,Left,286,373,386,6,,,0.0
2025-11-06 02:31:47,1.17.2,Bandit100,10,4.04,,20,100,0,Left,Left,287,373,386,6,,,0.03
2025-11-06 02:31:48,1.17.2,Bandit100,10,4.05,1.0,20,100,0,Pellet,Left,287,373,387,6,0.77,76.0,
2025-11-06 02:32:05,1.17.2,Bandit100,10,4.05,,20,100,0,Right,Left,287,374,387,7,,,0.14
2025-11-06 02:33:01,1.17.2,Bandit100,10,4.05,,20,100,0,Right,Left,287,375,387,7,,,0.21
2025-11-06 02:33:32,1.17.2,Bandit100,10,4.05,,20,100,0,Right,Left,287,376,387,7,,,0.08
2025-11-06 02:33:34,1.17.2,Bandit100,10,4.04,,20,100,0,RightinTimeout,Left,287,376,387,7,,,0.0
2025-11-06 02:35:20,1.17.2,Bandit100,10,4.05,,20,100,0,Left,Left,288,376,387,7,,,0.17
2025-11-06 02:35:21,1.17.2,Bandit100,10,4.05,1.0,20,100,0,Pellet,Left,288,376,388,7,0.59,213.0,
2025-11-06 02:35:32,1.17.2,Bandit100,10,4.05,,20,100,0,Left,Left,289,376,388,8,,,0.18
2025-11-06 02:35:33,1.17.2,Bandit100,10,4.05,1.0,20,100,0,Pellet,Left,289,376,389,8,0.77,12.0,
2025-11-06 02:35:41,1.17.2,Bandit100,10,4.05,,20,100,0,Right,Left,289,377,389,9,,,0.2
2025-11-06 02:35:43,1.17.2,Bandit100,10,4.04,,20,100,0,RightinTimeout,Left,289,377,389,9,,,0.0
2025-11-06 02:35:43,1.17.2,Bandit100,10,4.05,,20,100,0,RightinTimeout,Left,289,377,389,9,,,0.0
2025-11-06 02:38:33,1.17.2,Bandit100,10,4.04,,20,100,0,Left,Left,290,377,389,9,,,0.11
2025-11-06 02:38:34,1.17.2,Bandit100,10,4.05,1.0,20,100,0,Pellet,Left,290,377,390,9,0.83,181.0,
2025-11-06 02:38:52,1.17.2,Bandit100,10,4.05,,20,100,0,Right,Left,290,378,390,10,,,0.06
2025-11-06 02:38:53,1.17.2,Bandit100,10,4.05,,20,100,0,RightinTimeout,Left,290,378,390,10,,,0.0
2025-11-06 02:47:37,1.17.2,Bandit100,10,4.05,,20,100,0,Left,Left,291,378,390,10,,,0.1
2025-11-06 02:47:41,1.17.2,Bandit100,10,4.05,2.0,20,100,0,Pellet,Left,291,378,391,10,1.13,547.0,
2025-11-06 02:47:48,1.17.2,Bandit100,10,4.05,,20,100,0,Left,Left,292,378,391,11,,,0.06
2025-11-06 02:47:52,1.17.2,Bandit100,10,4.04,2.0,20,100,0,Pellet,Left,292,378,392,11,0.59,11.0,
2025-11-06 02:48:16,1.17.2,Bandit100,10,4.05,,20,100,0,Left,Left,293,378,392,12,,,0.0
2025-11-06 02:49:14,1.17.2,Bandit100,10,4.05,1.0,20,100,0,Pellet,Left,293,378,393,12,57.08,82.0,
2025-11-06 02:49:24,1.17.2,Bandit100,10,4.04,,20,100,0,Left,Left,294,378,393,13,,,0.06
2025-11-06 02:49:26,1.17.2,Bandit100,10,4.04,1.0,20,100,0,Pellet,Left,294,378,394,13,1.01,12.0,
2025-11-06 02:52:57,1.17.2,Bandit100,10,4.05,,20,100,0,Right,Left,294,379,394,14,,,0.13
2025-11-06 02:55:05,1.17.2,Bandit100,10,4.04,,20,100,0,Left,Left,295,379,394,14,,,0.01
2025-11-06 02:55:10,1.17.2,Bandit100,10,4.03,2.0,20,100,0,Pellet,Left,295,379,395,14,2.57,344.0,
2025-11-06 02:56:50,1.17.2,Bandit100,10,4.04,,20,100,0,Right,Left,295,380,395,15,,,0.24
2025-11-06 02:56:51,1.17.2,Bandit100,10,4.05,,20,100,0,RightinTimeout,Left,295,380,395,15,,,0.0
2025-11-06 02:58:24,1.17.2,Bandit100,10,4.04,,20,100,0,Right,Left,295,381,395,15,,,0.24
2025-11-06 03:00:18,1.17.2,Bandit100,10,4.04,,20,100,0,Right,Left,295,382,395,15,,,0.45
2025-11-06 03:01:18,1.17.2,Bandit100,10,4.04,,20,100,0,Left,Left,296,382,395,15,,,0.15
2025-11-06 03:01:21,1.17.2,Bandit100,10,4.05,1.0,20,100,0,Pellet,Left,296,382,396,15,2.51,371.0,
2025-11-06 03:04:24,1.17.2,Bandit100,10,4.05,,20,100,0,Right,Left,296,383,396,16,,,0.12
2025-11-06 03:05:29,1.17.2,Bandit100,10,4.05,,20,100,0,Right,Left,296,384,396,16,,,0.0
2025-11-06 03:16:28,1.17.2,Bandit100,10,4.05,,20,100,0,Left,Left,297,384,396,16,,,0.03
2025-11-06 03:16:33,1.17.2,Bandit100,10,4.05,3.0,20,100,0,Pellet,Left,297,384,397,16,1.61,912.0,
2025-11-06 03:16:55,1.17.2,Bandit100,10,4.04,,20,100,0,Right,Left,297,385,397,17,,,0.27
2025-11-06 03:16:58,1.17.2,Bandit100,10,4.05,,20,100,0,LeftinTimeOut,Left,297,385,397,17,,,
2025-11-06 03:17:00,1.17.2,Bandit100,10,4.05,,20,100,0,LeftinTimeOut,Left,297,385,397,17,,,
2025-11-06 03:48:29,1.17.2,Bandit100,10,4.04,,20,100,0,Right,Left,297,386,397,17,,,0.16
2025-11-06 03:48:34,1.17.2,Bandit100,10,4.05,,20,100,0,RightinTimeout,Left,297,386,397,17,,,0.0
2025-11-06 04:00:48,1.17.2,Bandit100,10,4.05,,20,100,0,Left,Left,298,386,397,17,,,0.18
2025-11-06 04:00:53,1.17.2,Bandit100,10,4.05,2.0,20,100,0,Pellet,Left,298,386,398,17,3.53,2660.0,
2025-11-06 04:01:02,1.17.2,Bandit100,10,4.04,,20,100,0,Left,Left,299,386,398,18,,,0.46
2025-11-06 04:01:04,1.17.2,Bandit100,10,4.04,2.0,20,100,0,Pellet,Left,299,386,399,18,1.31,11.0,
2025-11-06 04:01:11,1.17.2,Bandit100,10,4.04,,20,100,0,Left,Left,300,386,399,19,,,0.0
2025-11-06 04:01:15,1.17.2,Bandit100,10,4.04,2.0,20,100,0,Pellet,Left,300,386,400,19,0.59,11.0,
2025-11-06 04:01:24,1.17.2,Bandit100,10,4.04,,20,0,100,Left,Right,301,386,400,0,,,0.06
2025-11-06 04:01:26,1.17.2,Bandit100,10,4.05,,20,0,100,LeftinTimeOut,Right,301,386,400,0,,,
2025-11-06 04:01:28,1.17.2,Bandit100,10,4.05,,20,0,100,LeftinTimeOut,Right,301,386,400,0,,,
2025-11-06 04:01:29,1.17.2,Bandit100,10,4.04,,20,0,100,LeftinTimeOut,Right,301,386,400,0,,,
2025-11-06 04:01:34,1.17.2,Bandit100,10,4.04,,20,0,100,LeftinTimeOut,Right,301,386,400,0,,,
2025-11-06 04:01:35,1.17.2,Bandit100,10,4.05,,20,0,100,LeftinTimeOut,Right,301,386,400,0,,,
2025-11-06 04:01:39,1.17.2,Bandit100,10,4.05,,20,0,100,RightinTimeout,Right,301,386,400,0,,,0.0
2025-11-06 04:01:43,1.17.2,Bandit100,10,4.04,,20,0,100,LeftinTimeOut,Right,301,386,400,0,,,
2025-11-06 04:01:44,1.17.2,Bandit100,10,4.04,,20,0,100,LeftinTimeOut,Right,301,386,400,0,,,
2025-11-06 04:02:51,1.17.2,Bandit100,10,4.04,,20,0,100,Left,Right,302,386,400,0,,,0.18
2025-11-06 04:03:15,1.17.2,Bandit100,10,4.04,,20,0,100,Left,Right,303,386,400,0,,,0.11
2025-11-06 04:03:20,1.17.2,Bandit100,10,4.05,,20,0,100,RightinTimeout,Right,303,386,400,0,,,0.0
2025-11-06 04:03:23,1.17.2,Bandit100,10,4.05,,20,0,100,RightinTimeout,Right,303,386,400,0,,,0.0
2025-11-06 04:04:02,1.17.2,Bandit100,10,4.04,,20,0,100,Left,Right,304,386,400,0,,,0.04
2025-11-06 04:06:05,1.17.2,Bandit100,10,4.05,,20,0,100,Left,Right,305,386,400,0,,,0.12
2025-11-06 04:06:08,1.17.2,Bandit100,10,4.04,,20,0,100,LeftinTimeOut,Right,305,386,400,0,,,
2025-11-06 04:08:45,1.17.2,Bandit100,10,4.04,,20,0,100,Left,Right,306,386,400,0,,,0.15
2025-11-06 04:08:48,1.17.2,Bandit100,10,4.05,,20,0,100,LeftinTimeOut,Right,306,386,400,0,,,
2025-11-06 04:13:34,1.17.2,Bandit100,10,4.04,,20,0,100,Right,Right,306,387,400,0,,,0.07
2025-11-06 04:13:35,1.17.2,Bandit100,10,4.05,,20,0,100,RightDuringDispense,Right,306,387,400,0,,,0.68
2025-11-06 04:13:36,1.17.2,Bandit100,10,4.04,,20,0,100,RightDuringDispense,Right,306,387,400,0,,,0.22
2025-11-06 04:13:36,1.17.2,Bandit100,10,4.05,,20,0,100,RightDuringDispense,Right,306,387,400,0,,,0.07
2025-11-06 04:13:39,1.17.2,Bandit100,10,4.04,3.0,20,0,100,Pellet,Right,306,387,401,0,0.06,744.0,
2025-11-06 04:14:03,1.17.2,Bandit100,10,4.04,,20,0,100,Right,Right,306,388,401,1,,,0.04
2025-11-06 04:14:04,1.17.2,Bandit100,10,4.05,,20,0,100,RightDuringDispense,Right,306,388,401,1,,,0.1
2025-11-06 04:14:10,1.17.2,Bandit100,10,4.04,4.0,20,0,100,Pellet,Right,306,388,402,1,0.77,31.0,
2025-11-06 04:14:20,1.17.2,Bandit100,10,4.05,,20,0,100,Right,Right,306,389,402,2,,,0.31
2025-11-06 04:14:24,1.17.2,Bandit100,10,4.05,2.0,20,0,100,Pellet,Right,306,389,403,2,2.57,14.0,
2025-11-06 04:14:34,1.17.2,Bandit100,10,4.05,,20,0,100,Right,Right,306,390,403,3,,,0.27
2025-11-06 04:14:36,1.17.2,Bandit100,10,4.05,2.0,20,0,100,Pellet,Right,306,390,404,3,0.89,12.0,
2025-11-06 04:14:46,1.17.2,Bandit100,10,4.05,,20,0,100,Left,Right,307,390,404,4,,,0.09
2025-11-06 04:14:47,1.17.2,Bandit100,10,4.05,,20,0,100,LeftinTimeOut,Right,307,390,404,4,,,
2025-11-06 04:14:49,1.17.2,Bandit100,10,4.04,,20,0,100,RightinTimeout,Right,307,390,404,4,,,0.0
2025-11-06 04:14:49,1.17.2,Bandit100,10,4.04,,20,0,100,RightinTimeout,Right,307,390,404,4,,,0.0
2025-11-06 04:14:50,1.17.2,Bandit100,10,4.04,,20,0,100,RightinTimeout,Right,307,390,404,4,,,0.0
2025-11-06 04:14:51,1.17.2,Bandit100,10,4.05,,20,0,100,RightinTimeout,Right,307,390,404,4,,,0.0
2025-11-06 04:14:51,1.17.2,Bandit100,10,4.04,,20,0,100,RightinTimeout,Right,307,390,404,4,,,0.0
2025-11-06 04:14:51,1.17.2,Bandit100,10,4.04,,20,0,100,RightinTimeout,Right,307,390,404,4,,,0.0
2025-11-06 04:14:55,1.17.2,Bandit100,10,4.04,,20,0,100,LeftinTimeOut,Right,307,390,404,4,,,
2025-11-06 04:14:57,1.17.2,Bandit100,10,4.04,,20,0,100,RightinTimeout,Right,307,390,404,4,,,0.0
2025-11-06 04:14:57,1.17.2,Bandit100,10,4.05,,20,0,100,RightinTimeout,Right,307,390,404,4,,,0.0
2025-11-06 04:15:31,1.17.2,Bandit100,10,4.05,,20,0,100,Right,Right,307,391,404,4,,,0.11
2025-11-06 04:15:33,1.17.2,Bandit100,10,4.05,2.0,20,0,100,Pellet,Right,307,391,405,4,0.53,57.0,
2025-11-06 04:15:44,1.17.2,Bandit100,10,4.05,,20,0,100,Right,Right,307,392,405,5,,,0.07
2025-11-06 04:15:45,1.17.2,Bandit100,10,4.03,1.0,20,0,100,Pellet,Right,307,392,406,5,0.47,12.0,
2025-11-06 04:16:04,1.17.2,Bandit100,10,4.04,,20,0,100,Right,Right,307,393,406,6,,,0.0
2025-11-06 04:16:05,1.17.2,Bandit100,10,4.05,1.0,20,0,100,Pellet,Right,307,393,407,6,0.47,20.0,
2025-11-06 04:16:16,1.17.2,Bandit100,10,4.04,,20,0,100,Right,Right,307,394,407,7,,,0.02
2025-11-06 04:16:21,1.17.2,Bandit100,10,4.04,3.0,20,0,100,Pellet,Right,307,394,408,7,0.59,16.0,
2025-11-06 04:16:37,1.17.2,Bandit100,10,4.04,,20,0,100,Right,Right,307,395,408,8,,,0.16
2025-11-06 04:16:39,1.17.2,Bandit100,10,4.05,1.0,20,0,100,Pellet,Right,307,395,409,8,1.25,18.0,
2025-11-06 04:16:49,1.17.2,Bandit100,10,4.04,,20,0,100,Right,Right,307,396,409,9,,,0.09
2025-11-06 04:16:53,1.17.2,Bandit100,10,4.04,2.0,20,0,100,Pellet,Right,307,396,410,9,0.71,14.0,
2025-11-06 04:17:00,1.17.2,Bandit100,10,4.05,,20,0,100,Right,Right,307,397,410,10,,,0.03
2025-11-06 04:17:02,1.17.2,Bandit100,10,4.04,1.0,20,0,100,Pellet,Right,307,397,411,10,0.77,9.0,
2025-11-06 04:17:14,1.17.2,Bandit100,10,4.04,,20,0,100,Right,Right,307,398,411,11,,,0.11
2025-11-06 04:17:15,1.17.2,Bandit100,10,4.04,1.0,20,0,100,Pellet,Right,307,398,412,11,0.65,13.0,
2025-11-06 04:17:31,1.17.2,Bandit100,10,4.04,,20,0,100,Right,Right,307,399,412,12,,,0.15
2025-11-06 04:17:33,1.17.2,Bandit100,10,4.04,1.0,20,0,100,Pellet,Right,307,399,413,12,1.13,18.0,
2025-11-06 04:17:52,1.17.2,Bandit100,10,4.04,,20,0,100,Right,Right,307,400,413,13,,,0.11
2025-11-06 04:17:56,1.17.2,Bandit100,10,4.04,2.0,20,0,100,Pellet,Right,307,400,414,13,0.53,23.0,
2025-11-06 04:20:04,1.17.2,Bandit100,10,4.04,,20,0,100,Left,Right,308,400,414,14,,,0.04
2025-11-06 04:32:46,1.17.2,Bandit100,10,4.05,,20,0,100,Left,Right,309,400,414,14,,,0.06
2025-11-06 04:32:50,1.17.2,Bandit100,10,4.05,,20,0,100,LeftinTimeOut,Right,309,400,414,14,,,
2025-11-06 04:33:40,1.17.2,Bandit100,10,4.05,,20,0,100,Right,Right,309,401,414,14,,,0.02
2025-11-06 04:33:41,1.17.2,Bandit100,10,4.04,1.0,20,0,100,Pellet,Right,309,401,415,14,0.59,945.0,
2025-11-06 04:33:52,1.17.2,Bandit100,10,4.04,,20,0,100,Right,Right,309,402,415,15,,,0.14
2025-11-06 04:33:54,1.17.2,Bandit100,10,4.05,1.0,20,0,100,Pellet,Right,309,402,416,15,0.89,12.0,
2025-11-06 04:39:10,1.17.2,Bandit100,10,4.05,,20,0,100,Left,Right,310,402,416,16,,,0.02
2025-11-06 04:46:00,1.17.2,Bandit100,10,4.04,,20,0,100,Right,Right,310,403,416,16,,,0.04
2025-11-06 04:46:02,1.17.2,Bandit100,10,4.05,1.0,20,0,100,Pellet,Right,310,403,417,16,1.07,729.0,
2025-11-06 04:52:07,1.17.2,Bandit100,10,4.04,,20,0,100,Left,Right,311,403,417,17,,,0.1
2025-11-06 04:53:26,1.17.2,Bandit100,10,4.04,,20,0,100,Left,Right,312,403,417,17,,,0.11
2025-11-06 04:53:35,1.17.2,Bandit100,10,4.05,,20,0,100,RightinTimeout,Right,312,403,417,17,,,0.0
2025-11-06 04:53:35,1.17.2,Bandit100,10,4.05,,20,0,100,RightinTimeout,Right,312,403,417,17,,,0.0
2025-11-06 04:53:36,1.17.2,Bandit100,10,4.04,,20,0,100,RightinTimeout,Right,312,403,417,17,,,0.0
2025-11-06 04:53:39,1.17.2,Bandit100,10,4.05,,20,0,100,RightinTimeout,Right,312,403,417,17,,,0.0
2025-11-06 04:59:53,1.17.2,Bandit100,10,4.05,,20,0,100,Left,Right,313,403,417,17,,,0.25
2025-11-06 05:01:34,1.17.2,Bandit100,10,4.04,,20,0,100,Left,Right,314,403,417,17,,,0.18
2025-11-06 05:16:15,1.17.2,Bandit100,10,4.05,,20,0,100,Left,Right,315,403,417,17,,,0.1
2025-11-06 05:16:18,1.17.2,Bandit100,10,4.04,,20,0,100,LeftinTimeOut,Right,315,403,417,17,,,
2025-11-06 05:43:13,1.17.2,Bandit100,10,4.04,,20,0,100,Left,Right,316,403,417,17,,,0.25
2025-11-06 05:43:14,1.17.2,Bandit100,10,4.04,,20,0,100,LeftinTimeOut,Right,316,403,417,17,,,
2025-11-06 05:43:17,1.17.2,Bandit100,10,4.04,,20,0,100,LeftinTimeOut,Right,316,403,417,17,,,
2025-11-06 05:43:17,1.17.2,Bandit100,10,4.04,,20,0,100,LeftinTimeOut,Right,316,403,417,17,,,
2025-11-06 05:43:20,1.17.2,Bandit100,10,4.04,,20,0,100,LeftinTimeOut,Right,316,403,417,17,,,
2025-11-06 05:44:09,1.17.2,Bandit100,10,4.05,,20,0,100,Right,Right,316,404,417,17,,,0.18
2025-11-06 05:44:10,1.17.2,Bandit100,10,4.05,1.0,20,0,100,Pellet,Right,316,404,418,17,0.47,3488.0,
2025-11-06 05:44:47,1.17.2,Bandit100,10,4.04,,20,0,100,Right,Right,316,405,418,18,,,0.22
2025-11-06 05:44:48,1.17.2,Bandit100,10,4.04,1.0,20,0,100,Pellet,Right,316,405,419,18,0.41,38.0,
2025-11-06 05:44:55,1.17.2,Bandit100,10,4.05,,20,0,100,Right,Right,316,406,419,19,,,0.07
2025-11-06 05:44:57,1.17.2,Bandit100,10,4.04,1.0,20,0,100,Pellet,Right,316,406,420,19,0.65,9.0,
2025-11-06 05:45:04,1.17.2,Bandit100,10,4.03,,20,100,0,Right,Left,316,407,420,0,,,0.18
2025-11-06 05:45:05,1.17.2,Bandit100,10,4.04,,20,100,0,RightinTimeout,Left,316,407,420,0,,,0.0
2025-11-06 05:45:09,1.17.2,Bandit100,10,4.05,,20,100,0,RightinTimeout,Left,316,407,420,0,,,0.0
2025-11-06 05:45:10,1.17.2,Bandit100,10,4.04,,20,100,0,RightinTimeout,Left,316,407,420,0,,,0.0
2025-11-06 05:45:10,1.17.2,Bandit100,10,4.05,,20,100,0,RightinTimeout,Left,316,407,420,0,,,0.0
2025-11-06 05:45:13,1.17.2,Bandit100,10,4.04,,20,100,0,RightinTimeout,Left,316,407,420,0,,,0.0
2025-11-06 05:45:57,1.17.2,Bandit100,10,4.04,,20,100,0,Right,Left,316,408,420,0,,,0.07
2025-11-06 05:45:59,1.17.2,Bandit100,10,4.04,,20,100,0,LeftinTimeOut,Left,316,408,420,0,,,
2025-11-06 05:46:00,1.17.2,Bandit100,10,4.04,,20,100,0,LeftinTimeOut,Left,316,408,420,0,,,
2025-11-06 05:46:03,1.17.2,Bandit100,10,4.04,,20,100,0,RightinTimeout,Left,316,408,420,0,,,0.0
2025-11-06 05:46:29,1.17.2,Bandit100,10,4.04,,20,100,0,Left,Left,317,408,420,0,,,0.11
2025-11-06 05:46:30,1.17.2,Bandit100,10,4.04,1.0,20,100,0,Pellet,Left,317,408,421,0,0.41,93.0,
2025-11-06 05:46:49,1.17.2,Bandit100,10,4.05,,20,100,0,Left,Left,318,408,421,1,,,0.03
2025-11-06 05:46:50,1.17.2,Bandit100,10,4.04,1.0,20,100,0,Pellet,Left,318,408,422,1,0.77,20.0,
2025-11-06 05:46:56,1.17.2,Bandit100,10,4.04,,20,100,0,Left,Left,319,408,422,2,,,0.16
2025-11-06 05:47:01,1.17.2,Bandit100,10,4.04,2.0,20,100,0,Pellet,Left,319,408,423,2,1.49,11.0,
2025-11-06 05:53:00,1.17.2,Bandit100,10,4.04,,20,100,0,Left,Left,320,408,423,3,,,0.14
2025-11-06 05:53:02,1.17.2,Bandit100,10,4.04,1.0,20,100,0,Pellet,Left,320,408,424,3,1.31,361.0,
2025-11-06 05:59:02,1.17.2,Bandit100,10,4.04,,20,100,0,Right,Left,320,409,424,4,,,0.16
2025-11-06 06:05:41,1.17.2,Bandit100,10,4.04,,20,100,0,Right,Left,320,410,424,4,,,0.02
2025-11-06 06:05:42,1.17.2,Bandit100,10,4.03,,20,100,0,RightinTimeout,Left,320,410,424,4,,,0.0
2025-11-06 06:05:42,1.17.2,Bandit100,10,4.04,,20,100,0,RightinTimeout,Left,320,410,424,4,,,0.0
2025-11-06 08:04:33,1.17.2,Bandit100,10,4.04,,20,100,0,Right,Left,320,411,424,4,,,0.44
2025-11-06 08:04:40,1.17.2,Bandit100,10,4.04,,20,100,0,RightinTimeout,Left,320,411,424,4,,,0.0
2025-11-06 08:04:41,1.17.2,Bandit100,10,4.04,,20,100,0,RightinTimeout,Left,320,411,424,4,,,0.0
2025-11-06 08:08:10,1.17.2,Bandit100,10,4.04,,20,100,0,Left,Left,321,411,424,4,,,0.08
2025-11-06 08:08:12,1.17.2,Bandit100,10,4.04,1.0,20,100,0,Pellet,Left,321,411,425,4,0.71,8109.0,
2025-11-06 08:08:18,1.17.2,Bandit100,10,4.04,,20,100,0,Left,Left,322,411,425,5,,,0.15
2025-11-06 08:08:21,1.17.2,Bandit100,10,4.04,1.0,20,100,0,Pellet,Left,322,411,426,5,1.73,10.0,
2025-11-06 08:08:31,1.17.2,Bandit100,10,4.04,,20,100,0,Left,Left,323,411,426,6,,,0.05
2025-11-06 08:08:33,1.17.2,Bandit100,10,4.03,1.0,20,100,0,Pellet,Left,323,411,427,6,0.41,12.0,
2025-11-06 08:08:48,1.17.2,Bandit100,10,4.04,,20,100,0,Left,Left,324,411,427,7,,,0.15
2025-11-06 08:08:49,1.17.2,Bandit100,10,4.04,1.0,20,100,0,Pellet,Left,324,411,428,7,0.35,16.0,
2025-11-06 08:08:59,1.17.2,Bandit100,10,4.04,,20,100,0,Left,Left,325,411,428,8,,,0.08
2025-11-06 08:09:01,1.17.2,Bandit100,10,4.04,1.0,20,100,0,Pellet,Left,325,411,429,8,0.77,12.0,
2025-11-06 08:09:21,1.17.2,Bandit100,10,4.05,,20,100,0,Left,Left,326,411,429,9,,,0.07
2025-11-06 08:09:24,1.17.2,Bandit100,10,4.04,2.0,20,100,0,Pellet,Left,326,411,430,9,0.71,23.0,
2025-11-06 08:09:32,1.17.2,Bandit100,10,4.04,,20,100,0,Left,Left,327,411,430,10,,,0.13
2025-11-06 08:09:33,1.17.2,Bandit100,10,4.04,,20,100,0,LeftDuringDispense,Left,327,411,430,10,,,0.02
2025-11-06 08:09:37,1.17.2,Bandit100,10,4.04,2.0,20,100,0,Pellet,Left,327,411,431,10,1.67,13.0,
2025-11-06 08:10:05,1.17.2,Bandit100,10,4.03,,20,100,0,Left,Left,328,411,431,11,,,0.19
2025-11-06 08:10:06,1.17.2,Bandit100,10,4.03,1.0,20,100,0,Pellet,Left,328,411,432,11,0.59,29.0,
2025-11-06 08:18:50,1.17.2,Bandit100,10,4.04,,20,100,0,Left,Left,329,411,432,12,,,0.08
2025-11-06 08:20:34,1.17.2,Bandit100,10,4.04,1.0,20,100,0,Pellet,Left,329,411,433,12,,628.0,
2025-11-06 10:28:29,1.17.2,Bandit100,10,4.03,,20,100,0,Left,Left,330,411,433,13,,,0.0
2025-11-06 10:28:32,1.17.2,Bandit100,10,4.03,1.0,20,100,0,Pellet,Left,330,411,434,13,1.73,7678.0,
2025-11-06 10:33:22,1.17.2,Bandit100,10,4.04,,20,100,0,Right,Left,330,412,434,14,,,0.36
2025-11-06 10:33:22,1.17.2,Bandit100,10,4.03,,20,100,0,RightinTimeout,Left,330,412,434,14,,,0.0
2025-11-06 10:33:22,1.17.2,Bandit100,10,4.03,,20,100,0,RightinTimeout,Left,330,412,434,14,,,0.0
2025-11-06 12:21:40,1.17.2,Bandit100,10,4.03,,20,100,0,Right,Left,330,413,434,14,,,0.16
2025-11-06 12:45:22,1.17.2,Bandit100,10,4.03,,20,100,0,Left,Left,331,413,434,14,,,0.05
2025-11-06 12:45:23,1.17.2,Bandit100,10,4.03,1.0,20,100,0,Pellet,Left,331,413,435,14,0.71,8211.0,
2025-11-06 14:42:15,1.17.2,Bandit100,10,4.03,,20,100,0,Right,Left,331,414,435,15,,,0.24
2025-11-06 14:42:37,1.17.2,Bandit100,10,4.03,,20,100,0,Right,Left,331,415,435,15,,,0.23
2025-11-06 14:42:43,1.17.2,Bandit100,10,4.03,,20,100,0,LeftinTimeOut,Left,331,415,435,15,,,
2025-11-06 14:42:45,1.17.2,Bandit100,10,4.03,,20,100,0,LeftinTimeOut,Left,331,415,435,15,,,
2025-11-06 14:42:50,1.17.2,Bandit100,10,4.03,,20,100,0,RightinTimeout,Left,331,415,435,15,,,0.0
2025-11-06 14:42:50,1.17.2,Bandit100,10,4.03,,20,100,0,RightinTimeout,Left,331,415,435,15,,,0.0
2025-11-06 14:42:50,1.17.2,Bandit100,10,4.03,,20,100,0,RightinTimeout,Left,331,415,435,15,,,0.0
2025-11-06 14:42:57,1.17.2,Bandit100,10,4.03,,20,100,0,RightinTimeout,Left,331,415,435,15,,,0.0
