MM:DD:YYYY hh:mm:ss,Library_Version,Session_Type,Device_Number,Battery_Voltage,Motor_Turns,PelletsToSwitch,Prob_left,Prob_right,Event,High_prob_poke,Left_Poke_Count,Right_Poke_Count,Pellet_Count,Block_Pellet_Count,Retrieval_Time,InterPelletInterval,Poke_Time
2025-11-03 18:47:55,1.17.2,Bandit100,17,3.85,,20,0,100,Right,Right,0,1,0,0,,,0.74
2025-11-03 18:48:00,1.17.2,Bandit100,17,3.85,2.0,20,0,100,Pellet,Right,0,1,1,0,2.68,,
2025-11-03 18:50:26,1.17.2,Bandit100,17,3.85,,20,0,100,Right,Right,0,2,1,1,,,0.24
2025-11-03 18:50:44,1.17.2,Bandit100,17,3.85,2.0,20,0,100,Pellet,Right,0,2,2,1,15.69,164.0,
2025-11-03 18:50:59,1.17.2,Bandit100,17,3.83,,20,0,100,Left,Right,1,2,2,2,,,0.04
2025-11-03 18:50:59,1.17.2,Bandit100,17,3.84,,20,0,100,LeftinTimeOut,Right,1,2,2,2,,,
2025-11-03 18:51:58,1.17.2,Bandit100,17,3.84,,20,0,100,Right,Right,1,3,2,2,,,0.35
2025-11-03 18:52:15,1.17.2,Bandit100,17,3.85,1.0,20,0,100,Pellet,Right,1,3,3,2,16.47,91.0,
2025-11-03 18:53:37,1.17.2,Bandit100,17,3.85,,20,0,100,Left,Right,2,3,3,3,,,0.2
2025-11-03 18:55:59,1.17.2,Bandit100,17,3.85,,20,0,100,Right,Right,2,4,3,3,,,0.19
2025-11-03 18:56:02,1.17.2,Bandit100,17,3.83,1.0,20,0,100,Pellet,Right,2,4,4,3,2.09,227.0,
2025-11-03 18:59:38,1.17.2,Bandit100,17,3.85,,20,0,100,Left,Right,3,4,4,4,,,0.22
2025-11-03 18:59:39,1.17.2,Bandit100,17,3.85,,20,0,100,LeftinTimeOut,Right,3,4,4,4,,,
2025-11-03 19:00:28,1.17.2,Bandit100,17,3.85,,20,0,100,Right,Right,3,5,4,4,,,0.57
2025-11-03 19:00:29,1.17.2,Bandit100,17,3.85,,20,0,100,RightDuringDispense,Right,3,5,4,4,,,0.13
2025-11-03 19:00:35,1.17.2,Bandit100,17,3.84,2.0,20,0,100,Pellet,Right,3,5,5,4,3.1,273.0,
2025-11-03 19:00:48,1.17.2,Bandit100,17,3.85,,20,0,100,Right,Right,3,6,5,5,,,0.56
2025-11-03 19:01:14,1.17.2,Bandit100,17,3.85,1.0,20,0,100,Pellet,Right,3,6,6,5,25.67,39.0,
2025-11-03 19:03:39,1.17.2,Bandit100,17,3.85,,20,0,100,Right,Right,3,7,6,6,,,0.19
2025-11-03 19:03:47,1.17.2,Bandit100,17,3.84,1.0,20,0,100,Pellet,Right,3,7,7,6,7.0,153.0,
2025-11-03 19:03:56,1.17.2,Bandit100,17,3.84,,20,0,100,Left,Right,4,7,7,7,,,0.01
2025-11-03 19:05:01,1.17.2,Bandit100,17,3.85,,20,0,100,Left,Right,5,7,7,7,,,0.16
2025-11-03 19:06:43,1.17.2,Bandit100,17,3.84,,20,0,100,Left,Right,6,7,7,7,,,0.02
2025-11-03 19:09:41,1.17.2,Bandit100,17,3.85,,20,0,100,Right,Right,6,8,7,7,,,0.2
2025-11-03 19:09:42,1.17.2,Bandit100,17,3.84,,20,0,100,RightDuringDispense,Right,6,8,7,7,,,0.04
2025-11-03 19:09:50,1.17.2,Bandit100,17,3.85,2.0,20,0,100,Pellet,Right,6,8,8,7,5.2,363.0,
2025-11-03 19:10:15,1.17.2,Bandit100,17,3.85,,20,0,100,Right,Right,6,9,8,8,,,0.24
2025-11-03 19:10:19,1.17.2,Bandit100,17,3.85,1.0,20,0,100,Pellet,Right,6,9,9,8,3.94,29.0,
2025-11-03 19:12:15,1.17.2,Bandit100,17,3.85,,20,0,100,Right,Right,6,10,9,9,,,0.02
2025-11-03 19:12:21,1.17.2,Bandit100,17,3.84,1.0,20,0,100,Pellet,Right,6,10,10,9,4.96,122.0,
2025-11-03 19:12:29,1.17.2,Bandit100,17,3.84,,20,0,100,Right,Right,6,11,10,10,,,0.2
2025-11-03 19:12:32,1.17.2,Bandit100,17,3.85,1.0,20,0,100,Pellet,Right,6,11,11,10,2.68,11.0,
2025-11-03 19:12:47,1.17.2,Bandit100,17,3.85,,20,0,100,Right,Right,6,12,11,11,,,0.02
2025-11-03 19:12:52,1.17.2,Bandit100,17,3.85,1.0,20,0,100,Pellet,Right,6,12,12,11,3.88,20.0,
2025-11-03 19:15:51,1.17.2,Bandit100,17,3.85,,20,0,100,Left,Right,7,12,12,12,,,0.0
2025-11-03 19:15:53,1.17.2,Bandit100,17,3.85,,20,0,100,RightinTimeout,Right,7,12,12,12,,,0.0
2025-11-03 19:17:10,1.17.2,Bandit100,17,3.85,,20,0,100,Left,Right,8,12,12,12,,,0.13
2025-11-03 19:18:03,1.17.2,Bandit100,17,3.85,,20,0,100,Right,Right,8,13,12,12,,,0.28
2025-11-03 19:18:10,1.17.2,Bandit100,17,3.85,1.0,20,0,100,Pellet,Right,8,13,13,12,6.76,318.0,
2025-11-03 19:18:16,1.17.2,Bandit100,17,3.84,,20,0,100,Right,Right,8,14,13,13,,,0.25
2025-11-03 19:18:18,1.17.2,Bandit100,17,3.84,2.0,20,0,100,Pellet,Right,8,14,14,13,0.06,8.0,
2025-11-03 19:18:48,1.17.2,Bandit100,17,3.85,,20,0,100,Right,Right,8,15,14,14,,,0.08
2025-11-03 19:18:51,1.17.2,Bandit100,17,3.84,2.0,20,0,100,Pellet,Right,8,15,15,14,1.85,33.0,
2025-11-03 19:19:22,1.17.2,Bandit100,17,3.85,,20,0,100,Right,Right,8,16,15,15,,,0.04
2025-11-03 19:19:26,1.17.2,Bandit100,17,3.85,1.0,20,0,100,Pellet,Right,8,16,16,15,3.41,35.0,
2025-11-03 19:20:20,1.17.2,Bandit100,17,3.85,,20,0,100,Right,Right,8,17,16,16,,,0.05
2025-11-03 19:20:27,1.17.2,Bandit100,17,3.85,1.0,20,0,100,Pellet,Right,8,17,17,16,6.1,61.0,
2025-11-03 19:20:49,1.17.2,Bandit100,17,3.85,,20,0,100,Left,Right,9,17,17,17,,,0.05
2025-11-03 19:22:36,1.17.2,Bandit100,17,3.85,,20,0,100,Right,Right,9,18,17,17,,,0.11
2025-11-03 19:22:41,1.17.2,Bandit100,17,3.84,1.0,20,0,100,Pellet,Right,9,18,18,17,4.13,134.0,
2025-11-03 19:28:34,1.17.2,Bandit100,17,3.85,,20,0,100,Right,Right,9,19,18,18,,,0.06
2025-11-03 19:28:35,1.17.2,Bandit100,17,3.85,,20,0,100,RightDuringDispense,Right,9,19,18,18,,,0.03
2025-11-03 19:28:40,1.17.2,Bandit100,17,3.85,2.0,20,0,100,Pellet,Right,9,19,19,18,2.57,359.0,
2025-11-03 19:32:10,1.17.2,Bandit100,17,3.85,,20,0,100,Right,Right,9,20,19,19,,,0.07
2025-11-03 19:32:15,1.17.2,Bandit100,17,3.85,1.0,20,0,100,Pellet,Right,9,20,20,19,4.49,215.0,
2025-11-03 19:34:39,1.17.2,Bandit100,17,3.85,,20,100,0,Right,Left,9,21,20,0,,,0.09
2025-11-03 19:36:24,1.17.2,Bandit100,17,3.84,,20,100,0,Right,Left,9,22,20,0,,,0.16
2025-11-03 19:36:24,1.17.2,Bandit100,17,3.85,,20,100,0,RightinTimeout,Left,9,22,20,0,,,0.0
2025-11-03 19:36:24,1.17.2,Bandit100,17,3.85,,20,100,0,RightinTimeout,Left,9,22,20,0,,,0.0
2025-11-03 19:36:52,1.17.2,Bandit100,17,3.83,,20,100,0,Right,Left,9,23,20,0,,,0.11
2025-11-03 19:41:45,1.17.2,Bandit100,17,3.85,,20,100,0,Right,Left,9,24,20,0,,,0.28
2025-11-03 19:42:31,1.17.2,Bandit100,17,3.85,,20,100,0,Right,Left,9,25,20,0,,,0.27
2025-11-03 19:44:56,1.17.2,Bandit100,17,3.84,,20,100,0,Right,Left,9,26,20,0,,,0.17
2025-11-03 19:45:09,1.17.2,Bandit100,17,3.85,,20,100,0,Right,Left,9,27,20,0,,,0.25
2025-11-03 19:46:44,1.17.2,Bandit100,17,3.85,,20,100,0,Right,Left,9,28,20,0,,,0.0
2025-11-03 19:48:28,1.17.2,Bandit100,17,3.85,,20,100,0,Right,Left,9,29,20,0,,,0.11
2025-11-03 19:48:33,1.17.2,Bandit100,17,3.85,,20,100,0,LeftinTimeOut,Left,9,29,20,0,,,
2025-11-03 19:49:15,1.17.2,Bandit100,17,3.84,,20,100,0,Left,Left,10,29,20,0,,,0.09
2025-11-03 19:49:21,1.17.2,Bandit100,17,3.84,1.0,20,100,0,Pellet,Left,10,29,21,0,5.15,1026.0,
2025-11-03 19:50:17,1.17.2,Bandit100,17,3.83,,20,100,0,Right,Left,10,30,21,1,,,0.02
2025-11-03 19:50:17,1.17.2,Bandit100,17,3.85,,20,100,0,RightinTimeout,Left,10,30,21,1,,,0.0
2025-11-03 19:51:03,1.17.2,Bandit100,17,3.84,,20,100,0,Right,Left,10,31,21,1,,,0.01
2025-11-03 19:55:37,1.17.2,Bandit100,17,3.85,,20,100,0,Right,Left,10,32,21,1,,,0.45
2025-11-03 19:55:51,1.17.2,Bandit100,17,3.85,,20,100,0,Right,Left,10,33,21,1,,,0.05
2025-11-03 19:55:51,1.17.2,Bandit100,17,3.84,,20,100,0,RightinTimeout,Left,10,33,21,1,,,0.0
2025-11-03 19:59:31,1.17.2,Bandit100,17,3.84,,20,100,0,Right,Left,10,34,21,1,,,0.09
2025-11-03 20:00:01,1.17.2,Bandit100,17,3.85,,20,100,0,Right,Left,10,35,21,1,,,0.07
2025-11-03 20:02:49,1.17.2,Bandit100,17,3.85,,20,100,0,Right,Left,10,36,21,1,,,0.03
2025-11-03 20:02:49,1.17.2,Bandit100,17,3.84,,20,100,0,RightinTimeout,Left,10,36,21,1,,,0.0
2025-11-03 20:02:49,1.17.2,Bandit100,17,3.84,,20,100,0,RightinTimeout,Left,10,36,21,1,,,0.0
2025-11-03 20:02:50,1.17.2,Bandit100,17,3.85,,20,100,0,RightinTimeout,Left,10,36,21,1,,,0.0
2025-11-03 20:02:50,1.17.2,Bandit100,17,3.85,,20,100,0,RightinTimeout,Left,10,36,21,1,,,0.0
2025-11-03 20:02:50,1.17.2,Bandit100,17,3.84,,20,100,0,RightinTimeout,Left,10,36,21,1,,,0.0
2025-11-03 20:02:51,1.17.2,Bandit100,17,3.85,,20,100,0,RightinTimeout,Left,10,36,21,1,,,0.0
2025-11-03 20:02:51,1.17.2,Bandit100,17,3.84,,20,100,0,RightinTimeout,Left,10,36,21,1,,,0.0
2025-11-03 20:02:52,1.17.2,Bandit100,17,3.85,,20,100,0,RightinTimeout,Left,10,36,21,1,,,0.0
2025-11-03 20:02:52,1.17.2,Bandit100,17,3.84,,20,100,0,RightinTimeout,Left,10,36,21,1,,,0.0
2025-11-03 20:03:05,1.17.2,Bandit100,17,3.85,,20,100,0,Left,Left,11,36,21,1,,,0.03
2025-11-03 20:03:07,1.17.2,Bandit100,17,3.84,1.0,20,100,0,Pellet,Left,11,36,22,1,1.91,826.0,
2025-11-03 20:03:29,1.17.2,Bandit100,17,3.84,,20,100,0,Right,Left,11,37,22,2,,,0.26
2025-11-03 20:03:31,1.17.2,Bandit100,17,3.85,,20,100,0,RightinTimeout,Left,11,37,22,2,,,0.0
2025-11-03 20:03:31,1.17.2,Bandit100,17,3.85,,20,100,0,RightinTimeout,Left,11,37,22,2,,,0.0
2025-11-03 20:03:31,1.17.2,Bandit100,17,3.85,,20,100,0,RightinTimeout,Left,11,37,22,2,,,0.0
2025-11-03 20:06:42,1.17.2,Bandit100,17,3.84,,20,100,0,Right,Left,11,38,22,2,,,0.09
2025-11-03 20:07:04,1.17.2,Bandit100,17,3.85,,20,100,0,Right,Left,11,39,22,2,,,0.12
2025-11-03 20:14:01,1.17.2,Bandit100,17,3.85,,20,100,0,Right,Left,11,40,22,2,,,0.05
2025-11-03 20:15:29,1.17.2,Bandit100,17,3.85,,20,100,0,Right,Left,11,41,22,2,,,0.11
2025-11-03 20:22:53,1.17.2,Bandit100,17,3.85,,20,100,0,Right,Left,11,42,22,2,,,0.36
2025-11-03 20:24:31,1.17.2,Bandit100,17,3.83,,20,100,0,Right,Left,11,43,22,2,,,0.06
2025-11-03 20:24:45,1.17.2,Bandit100,17,3.85,,20,100,0,Right,Left,11,44,22,2,,,0.05
2025-11-03 20:24:56,1.17.2,Bandit100,17,3.85,,20,100,0,Right,Left,11,45,22,2,,,0.05
2025-11-03 20:25:06,1.17.2,Bandit100,17,3.84,,20,100,0,RightinTimeout,Left,11,45,22,2,,,0.0
2025-11-03 20:25:07,1.17.2,Bandit100,17,3.84,,20,100,0,RightinTimeout,Left,11,45,22,2,,,0.0
2025-11-03 20:25:25,1.17.2,Bandit100,17,3.85,,20,100,0,Left,Left,12,45,22,2,,,0.47
2025-11-03 20:25:32,1.17.2,Bandit100,17,3.84,1.0,20,100,0,Pellet,Left,12,45,23,2,5.63,1345.0,
2025-11-03 20:25:41,1.17.2,Bandit100,17,3.84,,20,100,0,Right,Left,12,46,23,3,,,0.26
2025-11-03 20:25:48,1.17.2,Bandit100,17,3.85,,20,100,0,LeftinTimeOut,Left,12,46,23,3,,,
2025-11-03 20:26:11,1.17.2,Bandit100,17,3.85,,20,100,0,Left,Left,13,46,23,3,,,0.1
2025-11-03 20:26:15,1.17.2,Bandit100,17,3.83,1.0,20,100,0,Pellet,Left,13,46,24,3,2.69,43.0,
2025-11-03 20:26:22,1.17.2,Bandit100,17,3.84,,20,100,0,Right,Left,13,47,24,4,,,0.37
2025-11-03 20:30:43,1.17.2,Bandit100,17,3.84,,20,100,0,Right,Left,13,48,24,4,,,0.05
2025-11-03 20:30:45,1.17.2,Bandit100,17,3.85,,20,100,0,RightinTimeout,Left,13,48,24,4,,,0.0
2025-11-03 20:31:24,1.17.2,Bandit100,17,3.84,,20,100,0,Right,Left,13,49,24,4,,,0.03
2025-11-03 20:34:13,1.17.2,Bandit100,17,3.84,,20,100,0,Right,Left,13,50,24,4,,,0.15
2025-11-03 20:37:03,1.17.2,Bandit100,17,3.84,,20,100,0,Right,Left,13,51,24,4,,,0.18
2025-11-03 20:37:04,1.17.2,Bandit100,17,3.84,,20,100,0,RightinTimeout,Left,13,51,24,4,,,0.0
2025-11-03 20:39:03,1.17.2,Bandit100,17,3.84,,20,100,0,Right,Left,13,52,24,4,,,0.14
2025-11-03 20:39:34,1.17.2,Bandit100,17,3.85,,20,100,0,Right,Left,13,53,24,4,,,0.25
2025-11-03 20:39:56,1.17.2,Bandit100,17,3.83,,20,100,0,Right,Left,13,54,24,4,,,0.21
2025-11-03 20:45:40,1.17.2,Bandit100,17,3.84,,20,100,0,Left,Left,14,54,24,4,,,0.01
2025-11-03 20:45:44,1.17.2,Bandit100,17,3.85,1.0,20,100,0,Pellet,Left,14,54,25,4,2.87,1169.0,
2025-11-03 20:46:00,1.17.2,Bandit100,17,3.85,,20,100,0,Right,Left,14,55,25,5,,,0.38
2025-11-03 20:46:14,1.17.2,Bandit100,17,3.85,,20,100,0,Left,Left,15,55,25,5,,,0.08
2025-11-03 20:46:16,1.17.2,Bandit100,17,3.84,1.0,20,100,0,Pellet,Left,15,55,26,5,1.13,32.0,
2025-11-03 20:46:36,1.17.2,Bandit100,17,3.85,,20,100,0,Left,Left,16,55,26,6,,,0.09
2025-11-03 20:46:47,1.17.2,Bandit100,17,3.85,1.0,20,100,0,Pellet,Left,16,55,27,6,10.49,31.0,
2025-11-03 20:47:09,1.17.2,Bandit100,17,3.84,,20,100,0,Right,Left,16,56,27,7,,,0.18
2025-11-03 20:49:13,1.17.2,Bandit100,17,3.84,,20,100,0,Right,Left,16,57,27,7,,,0.15
2025-11-03 20:49:50,1.17.2,Bandit100,17,3.85,,20,100,0,Right,Left,16,58,27,7,,,0.27
2025-11-03 20:50:00,1.17.2,Bandit100,17,3.85,,20,100,0,LeftinTimeOut,Left,16,58,27,7,,,
2025-11-03 20:50:21,1.17.2,Bandit100,17,3.84,,20,100,0,Right,Left,16,59,27,7,,,0.01
2025-11-03 20:56:48,1.17.2,Bandit100,17,3.84,,20,100,0,Right,Left,16,60,27,7,,,0.3
2025-11-03 20:56:56,1.17.2,Bandit100,17,3.85,,20,100,0,RightinTimeout,Left,16,60,27,7,,,0.0
2025-11-03 20:57:22,1.17.2,Bandit100,17,3.84,,20,100,0,Right,Left,16,61,27,7,,,0.19
2025-11-03 20:59:24,1.17.2,Bandit100,17,3.84,,20,100,0,Left,Left,17,61,27,7,,,0.16
2025-11-03 20:59:26,1.17.2,Bandit100,17,3.84,1.0,20,100,0,Pellet,Left,17,61,28,7,1.13,759.0,
2025-11-03 20:59:34,1.17.2,Bandit100,17,3.85,,20,100,0,Right,Left,17,62,28,8,,,0.03
2025-11-03 20:59:42,1.17.2,Bandit100,17,3.83,,20,100,0,RightinTimeout,Left,17,62,28,8,,,0.0
2025-11-03 20:59:42,1.17.2,Bandit100,17,3.85,,20,100,0,RightinTimeout,Left,17,62,28,8,,,0.0
2025-11-03 21:00:37,1.17.2,Bandit100,17,3.84,,20,100,0,Left,Left,18,62,28,8,,,0.23
2025-11-03 21:00:37,1.17.2,Bandit100,17,3.85,,20,100,0,LeftDuringDispense,Left,18,62,28,8,,,0.07
2025-11-03 21:00:49,1.17.2,Bandit100,17,3.84,2.0,20,100,0,Pellet,Left,18,62,29,8,9.65,83.0,
2025-11-03 21:01:12,1.17.2,Bandit100,17,3.84,,20,100,0,Right,Left,18,63,29,9,,,0.25
2025-11-03 21:01:14,1.17.2,Bandit100,17,3.84,,20,100,0,RightinTimeout,Left,18,63,29,9,,,0.0
2025-11-03 21:01:21,1.17.2,Bandit100,17,3.84,,20,100,0,RightinTimeout,Left,18,63,29,9,,,0.0
2025-11-03 21:01:53,1.17.2,Bandit100,17,3.84,,20,100,0,Right,Left,18,64,29,9,,,0.06
2025-11-03 21:02:01,1.17.2,Bandit100,17,3.85,,20,100,0,RightinTimeout,Left,18,64,29,9,,,0.0
2025-11-03 21:02:01,1.17.2,Bandit100,17,3.84,,20,100,0,RightinTimeout,Left,18,64,29,9,,,0.0
2025-11-03 21:02:04,1.17.2,Bandit100,17,3.83,,20,100,0,LeftinTimeOut,Left,18,64,29,9,,,
2025-11-03 21:02:10,1.17.2,Bandit100,17,3.84,,20,100,0,LeftinTimeOut,Left,18,64,29,9,,,
2025-11-03 21:02:12,1.17.2,Bandit100,17,3.85,,20,100,0,LeftinTimeOut,Left,18,64,29,9,,,
2025-11-03 21:02:13,1.17.2,Bandit100,17,3.85,,20,100,0,LeftinTimeOut,Left,18,64,29,9,,,
2025-11-03 21:02:16,1.17.2,Bandit100,17,3.84,,20,100,0,LeftinTimeOut,Left,18,64,29,9,,,
2025-11-03 21:02:28,1.17.2,Bandit100,17,3.85,,20,100,0,Right,Left,18,65,29,9,,,0.13
2025-11-03 21:03:38,1.17.2,Bandit100,17,3.84,,20,100,0,Right,Left,18,66,29,9,,,0.13
2025-11-03 21:03:42,1.17.2,Bandit100,17,3.84,,20,100,0,RightinTimeout,Left,18,66,29,9,,,0.0
2025-11-03 21:03:47,1.17.2,Bandit100,17,3.85,,20,100,0,LeftinTimeOut,Left,18,66,29,9,,,
2025-11-03 21:05:29,1.17.2,Bandit100,17,3.84,,20,100,0,Left,Left,19,66,29,9,,,0.18
2025-11-03 21:05:32,1.17.2,Bandit100,17,3.84,1.0,20,100,0,Pellet,Left,19,66,30,9,3.17,283.0,
2025-11-03 21:05:38,1.17.2,Bandit100,17,3.85,,20,100,0,Left,Left,20,66,30,10,,,0.4
2025-11-03 21:05:40,1.17.2,Bandit100,17,3.84,1.0,20,100,0,Pellet,Left,20,66,31,10,1.25,8.0,
2025-11-03 21:06:00,1.17.2,Bandit100,17,3.85,,20,100,0,Right,Left,20,67,31,11,,,0.42
2025-11-03 21:07:52,1.17.2,Bandit100,17,3.85,,20,100,0,Left,Left,21,67,31,11,,,0.14
2025-11-03 21:07:54,1.17.2,Bandit100,17,3.84,1.0,20,100,0,Pellet,Left,21,67,32,11,0.59,134.0,
2025-11-03 21:08:05,1.17.2,Bandit100,17,3.84,,20,100,0,Left,Left,22,67,32,12,,,0.44
2025-11-03 21:08:09,1.17.2,Bandit100,17,3.85,1.0,20,100,0,Pellet,Left,22,67,33,12,3.65,15.0,
2025-11-03 21:08:15,1.17.2,Bandit100,17,3.84,,20,100,0,Left,Left,23,67,33,13,,,0.05
2025-11-03 21:08:20,1.17.2,Bandit100,17,3.83,1.0,20,100,0,Pellet,Left,23,67,34,13,3.95,11.0,
2025-11-03 21:08:34,1.17.2,Bandit100,17,3.85,,20,100,0,Left,Left,24,67,34,14,,,0.18
2025-11-03 21:08:35,1.17.2,Bandit100,17,3.85,1.0,20,100,0,Pellet,Left,24,67,35,14,0.65,15.0,
2025-11-03 21:08:42,1.17.2,Bandit100,17,3.84,,20,100,0,Left,Left,25,67,35,15,,,0.1
2025-11-03 21:08:43,1.17.2,Bandit100,17,3.84,1.0,20,100,0,Pellet,Left,25,67,36,15,1.13,8.0,
2025-11-03 21:09:04,1.17.2,Bandit100,17,3.84,,20,100,0,Left,Left,26,67,36,16,,,0.11
2025-11-03 21:09:08,1.17.2,Bandit100,17,3.85,1.0,20,100,0,Pellet,Left,26,67,37,16,3.17,25.0,
2025-11-03 21:09:16,1.17.2,Bandit100,17,3.84,,20,100,0,Left,Left,27,67,37,17,,,0.08
2025-11-03 21:09:19,1.17.2,Bandit100,17,3.84,1.0,20,100,0,Pellet,Left,27,67,38,17,1.43,11.0,
2025-11-03 21:09:31,1.17.2,Bandit100,17,3.84,,20,100,0,Left,Left,28,67,38,18,,,0.0
2025-11-03 21:09:33,1.17.2,Bandit100,17,3.83,1.0,20,100,0,Pellet,Left,28,67,39,18,1.85,14.0,
2025-11-03 21:09:52,1.17.2,Bandit100,17,3.85,,20,100,0,Left,Left,29,67,39,19,,,0.0
2025-11-03 21:09:56,1.17.2,Bandit100,17,3.84,2.0,20,100,0,Pellet,Left,29,67,40,19,1.37,23.0,
2025-11-03 21:10:16,1.17.2,Bandit100,17,3.84,,20,0,100,Left,Right,30,67,40,0,,,0.16
2025-11-03 21:10:16,1.17.2,Bandit100,17,3.84,,20,0,100,LeftinTimeOut,Right,30,67,40,0,,,
2025-11-03 21:10:22,1.17.2,Bandit100,17,3.84,,20,0,100,RightinTimeout,Right,30,67,40,0,,,0.0
2025-11-03 21:10:43,1.17.2,Bandit100,17,3.85,,20,0,100,Left,Right,31,67,40,0,,,0.15
2025-11-03 21:14:09,1.17.2,Bandit100,17,3.84,,20,0,100,Right,Right,31,68,40,0,,,0.25
2025-11-03 21:14:13,1.17.2,Bandit100,17,3.84,1.0,20,0,100,Pellet,Right,31,68,41,0,3.35,257.0,
2025-11-03 21:14:23,1.17.2,Bandit100,17,3.83,,20,0,100,Left,Right,32,68,41,1,,,0.06
2025-11-03 21:14:31,1.17.2,Bandit100,17,3.84,,20,0,100,LeftinTimeOut,Right,32,68,41,1,,,
2025-11-03 21:14:32,1.17.2,Bandit100,17,3.84,,20,0,100,LeftinTimeOut,Right,32,68,41,1,,,
2025-11-03 21:15:46,1.17.2,Bandit100,17,3.84,,20,0,100,Right,Right,32,69,41,1,,,0.03
2025-11-03 21:15:50,1.17.2,Bandit100,17,3.84,1.0,20,0,100,Pellet,Right,32,69,42,1,3.23,97.0,
2025-11-03 21:16:01,1.17.2,Bandit100,17,3.85,,20,0,100,Left,Right,33,69,42,2,,,0.14
2025-11-03 21:16:50,1.17.2,Bandit100,17,3.84,,20,0,100,Left,Right,34,69,42,2,,,0.08
2025-11-03 21:18:30,1.17.2,Bandit100,17,3.84,,20,0,100,Right,Right,34,70,42,2,,,0.16
2025-11-03 21:18:35,1.17.2,Bandit100,17,3.84,1.0,20,0,100,Pellet,Right,34,70,43,2,3.71,164.0,
2025-11-03 21:20:06,1.17.2,Bandit100,17,3.84,,20,0,100,Left,Right,35,70,43,3,,,0.21
2025-11-03 21:20:21,1.17.2,Bandit100,17,3.83,,20,0,100,Left,Right,36,70,43,3,,,0.4
2025-11-03 21:20:29,1.17.2,Bandit100,17,3.84,,20,0,100,LeftinTimeOut,Right,36,70,43,3,,,
2025-11-03 21:20:30,1.17.2,Bandit100,17,3.84,,20,0,100,LeftinTimeOut,Right,36,70,43,3,,,
2025-11-03 21:20:31,1.17.2,Bandit100,17,3.84,,20,0,100,LeftinTimeOut,Right,36,70,43,3,,,
2025-11-03 21:20:32,1.17.2,Bandit100,17,3.84,,20,0,100,LeftinTimeOut,Right,36,70,43,3,,,
2025-11-03 21:21:05,1.17.2,Bandit100,17,3.84,,20,0,100,Right,Right,36,71,43,3,,,0.22
2025-11-03 21:21:11,1.17.2,Bandit100,17,3.84,1.0,20,0,100,Pellet,Right,36,71,44,3,5.68,157.0,
2025-11-03 21:21:18,1.17.2,Bandit100,17,3.84,,20,0,100,Right,Right,36,72,44,4,,,0.18
2025-11-03 21:21:21,1.17.2,Bandit100,17,3.84,1.0,20,0,100,Pellet,Right,36,72,45,4,2.15,10.0,
2025-11-03 21:21:33,1.17.2,Bandit100,17,3.84,,20,0,100,Left,Right,37,72,45,5,,,0.13
2025-11-03 21:21:36,1.17.2,Bandit100,17,3.83,,20,0,100,RightinTimeout,Right,37,72,45,5,,,0.0
2025-11-03 21:22:03,1.17.2,Bandit100,17,3.84,,20,0,100,Right,Right,37,73,45,5,,,0.07
2025-11-03 21:22:07,1.17.2,Bandit100,17,3.84,2.0,20,0,100,Pellet,Right,37,73,46,5,1.67,46.0,
2025-11-03 21:23:37,1.17.2,Bandit100,17,3.84,,20,0,100,Right,Right,37,74,46,6,,,0.1
2025-11-03 21:23:40,1.17.2,Bandit100,17,3.84,1.0,20,0,100,Pellet,Right,37,74,47,6,2.09,93.0,
2025-11-03 21:23:55,1.17.2,Bandit100,17,3.85,,20,0,100,Left,Right,38,74,47,7,,,0.16
2025-11-03 21:23:56,1.17.2,Bandit100,17,3.84,,20,0,100,LeftinTimeOut,Right,38,74,47,7,,,
2025-11-03 21:24:00,1.17.2,Bandit100,17,3.84,,20,0,100,LeftinTimeOut,Right,38,74,47,7,,,
2025-11-03 21:25:02,1.17.2,Bandit100,17,3.83,,20,0,100,Left,Right,39,74,47,7,,,0.17
2025-11-03 21:25:07,1.17.2,Bandit100,17,3.84,,20,0,100,LeftinTimeOut,Right,39,74,47,7,,,
2025-11-03 21:27:24,1.17.2,Bandit100,17,3.83,,20,0,100,Right,Right,39,75,47,7,,,0.24
2025-11-03 21:27:27,1.17.2,Bandit100,17,3.84,1.0,20,0,100,Pellet,Right,39,75,48,7,2.27,227.0,
2025-11-03 21:27:39,1.17.2,Bandit100,17,3.84,,20,0,100,Left,Right,40,75,48,8,,,0.28
2025-11-03 21:27:42,1.17.2,Bandit100,17,3.84,,20,0,100,RightinTimeout,Right,40,75,48,8,,,0.0
2025-11-03 21:27:50,1.17.2,Bandit100,17,3.84,,20,0,100,RightinTimeout,Right,40,75,48,8,,,0.0
2025-11-03 21:29:28,1.17.2,Bandit100,17,3.85,,20,0,100,Left,Right,41,75,48,8,,,0.25
2025-11-03 21:29:30,1.17.2,Bandit100,17,3.84,,20,0,100,LeftinTimeOut,Right,41,75,48,8,,,
2025-11-03 21:29:32,1.17.2,Bandit100,17,3.84,,20,0,100,LeftinTimeOut,Right,41,75,48,8,,,
2025-11-03 21:29:34,1.17.2,Bandit100,17,3.84,,20,0,100,LeftinTimeOut,Right,41,75,48,8,,,
2025-11-03 21:29:49,1.17.2,Bandit100,17,3.84,,20,0,100,Right,Right,41,76,48,8,,,0.18
2025-11-03 21:29:52,1.17.2,Bandit100,17,3.83,1.0,20,0,100,Pellet,Right,41,76,49,8,2.33,145.0,
2025-11-03 21:30:02,1.17.2,Bandit100,17,3.84,,20,0,100,Right,Right,41,77,49,9,,,0.09
2025-11-03 21:30:09,1.17.2,Bandit100,17,3.85,1.0,20,0,100,Pellet,Right,41,77,50,9,6.34,17.0,
2025-11-03 21:30:22,1.17.2,Bandit100,17,3.84,,20,0,100,Right,Right,41,78,50,10,,,0.29
2025-11-03 21:30:24,1.17.2,Bandit100,17,3.84,1.0,20,0,100,Pellet,Right,41,78,51,10,0.83,15.0,
2025-11-03 21:30:49,1.17.2,Bandit100,17,3.84,,20,0,100,Right,Right,41,79,51,11,,,0.16
2025-11-03 21:30:52,1.17.2,Bandit100,17,3.84,1.0,20,0,100,Pellet,Right,41,79,52,11,2.69,28.0,
2025-11-03 21:31:02,1.17.2,Bandit100,17,3.84,,20,0,100,Right,Right,41,80,52,12,,,0.14
2025-11-03 21:31:04,1.17.2,Bandit100,17,3.84,1.0,20,0,100,Pellet,Right,41,80,53,12,1.43,12.0,
2025-11-03 21:31:37,1.17.2,Bandit100,17,3.84,,20,0,100,Right,Right,41,81,53,13,,,0.05
2025-11-03 21:31:40,1.17.2,Bandit100,17,3.83,1.0,20,0,100,Pellet,Right,41,81,54,13,2.57,36.0,
2025-11-03 21:31:50,1.17.2,Bandit100,17,3.84,,20,0,100,Right,Right,41,82,54,14,,,0.17
2025-11-03 21:31:52,1.17.2,Bandit100,17,3.84,1.0,20,0,100,Pellet,Right,41,82,55,14,1.97,12.0,
2025-11-03 21:32:01,1.17.2,Bandit100,17,3.84,,20,0,100,Left,Right,42,82,55,15,,,0.17
2025-11-03 21:32:55,1.17.2,Bandit100,17,3.84,,20,0,100,Left,Right,43,82,55,15,,,0.1
2025-11-03 21:37:17,1.17.2,Bandit100,17,3.84,,20,0,100,Left,Right,44,82,55,15,,,0.13
2025-11-03 21:38:43,1.17.2,Bandit100,17,3.84,,20,0,100,Right,Right,44,83,55,15,,,0.14
2025-11-03 21:38:46,1.17.2,Bandit100,17,3.84,1.0,20,0,100,Pellet,Right,44,83,56,15,1.97,414.0,
2025-11-03 21:39:00,1.17.2,Bandit100,17,3.84,,20,0,100,Right,Right,44,84,56,16,,,0.09
2025-11-03 21:39:01,1.17.2,Bandit100,17,3.83,1.0,20,0,100,Pellet,Right,44,84,57,16,1.25,15.0,
2025-11-03 21:39:18,1.17.2,Bandit100,17,3.84,,20,0,100,Right,Right,44,85,57,17,,,0.07
2025-11-03 21:39:20,1.17.2,Bandit100,17,3.83,1.0,20,0,100,Pellet,Right,44,85,58,17,1.07,19.0,
2025-11-03 21:42:04,1.17.2,Bandit100,17,3.84,,20,0,100,Right,Right,44,86,58,18,,,0.0
2025-11-03 21:42:06,1.17.2,Bandit100,17,3.84,1.0,20,0,100,Pellet,Right,44,86,59,18,2.09,166.0,
2025-11-03 21:44:27,1.17.2,Bandit100,17,3.84,,20,0,100,Right,Right,44,87,59,19,,,0.07
2025-11-03 21:44:43,1.17.2,Bandit100,17,3.84,1.0,20,0,100,Pellet,Right,44,87,60,19,15.41,157.0,
2025-11-03 21:44:47,1.17.2,Bandit100,17,3.84,,20,100,0,Right,Left,44,88,60,0,,,0.01
2025-11-03 21:45:48,1.17.2,Bandit100,17,3.84,,20,100,0,Right,Left,44,89,60,0,,,0.11
2025-11-03 21:47:09,1.17.2,Bandit100,17,3.84,,20,100,0,Right,Left,44,90,60,0,,,0.04
2025-11-03 21:51:03,1.17.2,Bandit100,17,3.83,,20,100,0,Right,Left,44,91,60,0,,,0.03
2025-11-03 21:51:20,1.17.2,Bandit100,17,3.84,,20,100,0,Left,Left,45,91,60,0,,,0.0
2025-11-03 21:51:22,1.17.2,Bandit100,17,3.84,1.0,20,100,0,Pellet,Left,45,91,61,0,1.25,399.0,
2025-11-03 21:51:35,1.17.2,Bandit100,17,3.84,,20,100,0,Right,Left,45,92,61,1,,,0.05
2025-11-03 21:53:03,1.17.2,Bandit100,17,3.84,,20,100,0,Right,Left,45,93,61,1,,,0.14
2025-11-03 21:54:51,1.17.2,Bandit100,17,3.84,,20,100,0,Left,Left,46,93,61,1,,,0.11
2025-11-03 21:54:57,1.17.2,Bandit100,17,3.84,1.0,20,100,0,Pellet,Left,46,93,62,1,5.87,215.0,
2025-11-03 22:00:56,1.17.2,Bandit100,17,3.83,,20,100,0,Right,Left,46,94,62,2,,,0.0
2025-11-03 22:06:15,1.17.2,Bandit100,17,3.84,,20,100,0,Left,Left,47,94,62,2,,,0.14
2025-11-03 22:06:17,1.17.2,Bandit100,17,3.84,1.0,20,100,0,Pellet,Left,47,94,63,2,1.37,680.0,
2025-11-03 22:06:26,1.17.2,Bandit100,17,3.83,,20,100,0,Right,Left,47,95,63,3,,,0.14
2025-11-03 22:07:54,1.17.2,Bandit100,17,3.84,,20,100,0,Left,Left,48,95,63,3,,,0.16
2025-11-03 22:08:01,1.17.2,Bandit100,17,3.84,1.0,20,100,0,Pellet,Left,48,95,64,3,6.41,104.0,
2025-11-03 22:08:08,1.17.2,Bandit100,17,3.84,,20,100,0,Left,Left,49,95,64,4,,,0.02
2025-11-03 22:08:21,1.17.2,Bandit100,17,3.84,1.0,20,100,0,Pellet,Left,49,95,65,4,12.29,20.0,
2025-11-03 22:12:42,1.17.2,Bandit100,17,3.84,,20,100,0,Right,Left,49,96,65,5,,,0.14
2025-11-03 22:12:45,1.17.2,Bandit100,17,3.85,,20,100,0,RightinTimeout,Left,49,96,65,5,,,0.0
2025-11-03 22:15:52,1.17.2,Bandit100,17,3.84,,20,100,0,Left,Left,50,96,65,5,,,0.11
2025-11-03 22:15:55,1.17.2,Bandit100,17,3.83,1.0,20,100,0,Pellet,Left,50,96,66,5,2.33,454.0,
2025-11-03 22:16:03,1.17.2,Bandit100,17,3.84,,20,100,0,Left,Left,51,96,66,6,,,0.04
2025-11-03 22:16:07,1.17.2,Bandit100,17,3.84,1.0,20,100,0,Pellet,Left,51,96,67,6,3.11,12.0,
2025-11-03 22:17:18,1.17.2,Bandit100,17,3.84,,20,100,0,Left,Left,52,96,67,7,,,0.17
2025-11-03 22:17:21,1.17.2,Bandit100,17,3.84,1.0,20,100,0,Pellet,Left,52,96,68,7,2.81,74.0,
2025-11-03 22:17:29,1.17.2,Bandit100,17,3.84,,20,100,0,Right,Left,52,97,68,8,,,0.06
2025-11-03 22:17:32,1.17.2,Bandit100,17,3.85,,20,100,0,RightinTimeout,Left,52,97,68,8,,,0.0
2025-11-03 22:17:34,1.17.2,Bandit100,17,3.84,,20,100,0,RightinTimeout,Left,52,97,68,8,,,0.0
2025-11-03 22:18:35,1.17.2,Bandit100,17,3.84,,20,100,0,Left,Left,53,97,68,8,,,0.11
2025-11-03 22:18:38,1.17.2,Bandit100,17,3.83,1.0,20,100,0,Pellet,Left,53,97,69,8,2.39,77.0,
2025-11-03 22:18:47,1.17.2,Bandit100,17,3.84,,20,100,0,Left,Left,54,97,69,9,,,0.07
2025-11-03 22:18:51,1.17.2,Bandit100,17,3.84,1.0,20,100,0,Pellet,Left,54,97,70,9,2.87,13.0,
2025-11-03 22:20:40,1.17.2,Bandit100,17,3.84,,20,100,0,Right,Left,54,98,70,10,,,0.02
2025-11-03 22:20:42,1.17.2,Bandit100,17,3.84,,20,100,0,RightinTimeout,Left,54,98,70,10,,,0.0
2025-11-03 22:20:53,1.17.2,Bandit100,17,3.84,,20,100,0,Left,Left,55,98,70,10,,,0.1
2025-11-03 22:20:57,1.17.2,Bandit100,17,3.84,1.0,20,100,0,Pellet,Left,55,98,71,10,2.69,126.0,
2025-11-03 22:21:08,1.17.2,Bandit100,17,3.83,,20,100,0,Right,Left,55,99,71,11,,,0.12
2025-11-03 22:21:10,1.17.2,Bandit100,17,3.84,,20,100,0,RightinTimeout,Left,55,99,71,11,,,0.0
2025-11-03 22:21:15,1.17.2,Bandit100,17,3.84,,20,100,0,RightinTimeout,Left,55,99,71,11,,,0.0
2025-11-03 22:22:34,1.17.2,Bandit100,17,3.83,,20,100,0,Right,Left,55,100,71,11,,,0.03
2025-11-03 22:22:35,1.17.2,Bandit100,17,3.84,,20,100,0,RightinTimeout,Left,55,100,71,11,,,0.0
2025-11-03 22:22:36,1.17.2,Bandit100,17,3.84,,20,100,0,RightinTimeout,Left,55,100,71,11,,,0.0
2025-11-03 22:25:52,1.17.2,Bandit100,17,3.84,,20,100,0,Left,Left,56,100,71,11,,,0.06
2025-11-03 22:25:54,1.17.2,Bandit100,17,3.84,1.0,20,100,0,Pellet,Left,56,100,72,11,1.19,297.0,
2025-11-03 22:26:00,1.17.2,Bandit100,17,3.84,,20,100,0,Right,Left,56,101,72,12,,,0.03
2025-11-03 22:26:10,1.17.2,Bandit100,17,3.84,,20,100,0,RightinTimeout,Left,56,101,72,12,,,0.0
2025-11-03 22:27:30,1.17.2,Bandit100,17,3.84,,20,100,0,Right,Left,56,102,72,12,,,0.01
2025-11-03 22:27:32,1.17.2,Bandit100,17,3.84,,20,100,0,RightinTimeout,Left,56,102,72,12,,,0.0
2025-11-03 22:27:34,1.17.2,Bandit100,17,3.83,,20,100,0,RightinTimeout,Left,56,102,72,12,,,0.0
2025-11-03 22:27:35,1.17.2,Bandit100,17,3.83,,20,100,0,RightinTimeout,Left,56,102,72,12,,,0.0
2025-11-03 22:33:21,1.17.2,Bandit100,17,3.84,,20,100,0,Right,Left,56,103,72,12,,,0.09
2025-11-03 22:33:23,1.17.2,Bandit100,17,3.84,,20,100,0,RightinTimeout,Left,56,103,72,12,,,0.0
2025-11-03 22:35:06,1.17.2,Bandit100,17,3.84,,20,100,0,Right,Left,56,104,72,12,,,0.04
2025-11-03 22:36:33,1.17.2,Bandit100,17,3.83,,20,100,0,Right,Left,56,105,72,12,,,0.04
2025-11-03 22:36:34,1.17.2,Bandit100,17,3.84,,20,100,0,RightinTimeout,Left,56,105,72,12,,,0.0
2025-11-03 22:36:34,1.17.2,Bandit100,17,3.84,,20,100,0,RightinTimeout,Left,56,105,72,12,,,0.0
2025-11-03 22:36:48,1.17.2,Bandit100,17,3.84,,20,100,0,Left,Left,57,105,72,12,,,0.25
2025-11-03 22:36:49,1.17.2,Bandit100,17,3.84,1.0,20,100,0,Pellet,Left,57,105,73,12,0.77,655.0,
2025-11-03 22:36:56,1.17.2,Bandit100,17,3.83,,20,100,0,Right,Left,57,106,73,13,,,0.05
2025-11-03 22:39:26,1.17.2,Bandit100,17,3.83,,20,100,0,Right,Left,57,107,73,13,,,0.11
2025-11-03 22:39:29,1.17.2,Bandit100,17,3.84,,20,100,0,LeftinTimeOut,Left,57,107,73,13,,,
2025-11-03 22:40:17,1.17.2,Bandit100,17,3.84,,20,100,0,Left,Left,58,107,73,13,,,0.13
2025-11-03 22:40:19,1.17.2,Bandit100,17,3.84,1.0,20,100,0,Pellet,Left,58,107,74,13,1.13,210.0,
2025-11-03 22:40:28,1.17.2,Bandit100,17,3.84,,20,100,0,Right,Left,58,108,74,14,,,0.12
2025-11-03 22:40:29,1.17.2,Bandit100,17,3.84,,20,100,0,RightinTimeout,Left,58,108,74,14,,,0.0
2025-11-03 22:40:29,1.17.2,Bandit100,17,3.84,,20,100,0,RightinTimeout,Left,58,108,74,14,,,0.0
2025-11-03 22:40:31,1.17.2,Bandit100,17,3.84,,20,100,0,RightinTimeout,Left,58,108,74,14,,,0.0
2025-11-03 22:40:33,1.17.2,Bandit100,17,3.84,,20,100,0,LeftinTimeOut,Left,58,108,74,14,,,
2025-11-03 22:41:17,1.17.2,Bandit100,17,3.83,,20,100,0,Left,Left,59,108,74,14,,,0.23
2025-11-03 22:41:20,1.17.2,Bandit100,17,3.83,1.0,20,100,0,Pellet,Left,59,108,75,14,2.39,61.0,
2025-11-03 22:41:27,1.17.2,Bandit100,17,3.83,,20,100,0,Left,Left,60,108,75,15,,,0.09
2025-11-03 22:41:32,1.17.2,Bandit100,17,3.84,1.0,20,100,0,Pellet,Left,60,108,76,15,4.43,12.0,
2025-11-03 22:41:40,1.17.2,Bandit100,17,3.84,,20,100,0,Left,Left,61,108,76,16,,,0.0
2025-11-03 22:41:41,1.17.2,Bandit100,17,3.83,1.0,20,100,0,Pellet,Left,61,108,77,16,0.77,9.0,
2025-11-03 22:41:50,1.17.2,Bandit100,17,3.84,,20,100,0,Left,Left,62,108,77,17,,,0.07
2025-11-03 22:41:53,1.17.2,Bandit100,17,3.84,1.0,20,100,0,Pellet,Left,62,108,78,17,2.51,12.0,
2025-11-03 22:42:03,1.17.2,Bandit100,17,3.84,,20,100,0,Left,Left,63,108,78,18,,,0.02
2025-11-03 22:42:05,1.17.2,Bandit100,17,3.84,1.0,20,100,0,Pellet,Left,63,108,79,18,1.31,12.0,
2025-11-03 22:42:10,1.17.2,Bandit100,17,3.83,,20,100,0,Right,Left,63,109,79,19,,,0.04
2025-11-03 22:42:14,1.17.2,Bandit100,17,3.83,,20,100,0,LeftinTimeOut,Left,63,109,79,19,,,
2025-11-03 22:42:16,1.17.2,Bandit100,17,3.84,,20,100,0,RightinTimeout,Left,63,109,79,19,,,0.0
2025-11-03 22:42:24,1.17.2,Bandit100,17,3.84,,20,100,0,LeftinTimeOut,Left,63,109,79,19,,,
2025-11-03 22:42:26,1.17.2,Bandit100,17,3.84,,20,100,0,LeftinTimeOut,Left,63,109,79,19,,,
2025-11-03 22:42:27,1.17.2,Bandit100,17,3.83,,20,100,0,LeftinTimeOut,Left,63,109,79,19,,,
2025-11-03 22:42:27,1.17.2,Bandit100,17,3.84,,20,100,0,LeftinTimeOut,Left,63,109,79,19,,,
2025-11-03 22:42:33,1.17.2,Bandit100,17,3.84,,20,100,0,LeftinTimeOut,Left,63,109,79,19,,,
2025-11-03 22:42:44,1.17.2,Bandit100,17,3.83,,20,100,0,Right,Left,63,110,79,19,,,0.37
2025-11-03 22:43:26,1.17.2,Bandit100,17,3.83,,20,100,0,Right,Left,63,111,79,19,,,0.3
2025-11-03 22:44:49,1.17.2,Bandit100,17,3.84,,20,100,0,Left,Left,64,111,79,19,,,0.05
2025-11-03 22:44:53,1.17.2,Bandit100,17,3.83,1.0,20,100,0,Pellet,Left,64,111,80,19,2.75,168.0,
2025-11-03 22:45:00,1.17.2,Bandit100,17,3.83,,20,0,100,Left,Right,65,111,80,0,,,0.13
2025-11-03 22:45:03,1.17.2,Bandit100,17,3.84,,20,0,100,LeftinTimeOut,Right,65,111,80,0,,,
2025-11-03 22:49:25,1.17.2,Bandit100,17,3.84,,20,0,100,Right,Right,65,112,80,0,,,0.08
2025-11-03 22:49:25,1.17.2,Bandit100,17,3.83,,20,0,100,RightDuringDispense,Right,65,112,80,0,,,0.01
2025-11-03 22:49:30,1.17.2,Bandit100,17,3.83,2.0,20,0,100,Pellet,Right,65,112,81,0,1.85,277.0,
2025-11-03 22:49:59,1.17.2,Bandit100,17,3.83,,20,0,100,Right,Right,65,113,81,1,,,0.12
2025-11-03 22:50:01,1.17.2,Bandit100,17,3.84,1.0,20,0,100,Pellet,Right,65,113,82,1,1.67,31.0,
2025-11-03 22:50:38,1.17.2,Bandit100,17,3.84,,20,0,100,Right,Right,65,114,82,2,,,0.1
2025-11-03 22:50:41,1.17.2,Bandit100,17,3.84,1.0,20,0,100,Pellet,Right,65,114,83,2,1.79,40.0,
2025-11-03 22:50:50,1.17.2,Bandit100,17,3.84,,20,0,100,Right,Right,65,115,83,3,,,0.03
2025-11-03 22:50:52,1.17.2,Bandit100,17,3.83,1.0,20,0,100,Pellet,Right,65,115,84,3,0.89,11.0,
2025-11-03 22:51:06,1.17.2,Bandit100,17,3.84,,20,0,100,Right,Right,65,116,84,4,,,0.21
2025-11-03 22:51:09,1.17.2,Bandit100,17,3.84,1.0,20,0,100,Pellet,Right,65,116,85,4,2.09,17.0,
2025-11-03 22:51:25,1.17.2,Bandit100,17,3.84,,20,0,100,Right,Right,65,117,85,5,,,0.02
2025-11-03 22:51:27,1.17.2,Bandit100,17,3.84,1.0,20,0,100,Pellet,Right,65,117,86,5,1.43,18.0,
2025-11-03 22:51:36,1.17.2,Bandit100,17,3.84,,20,0,100,Right,Right,65,118,86,6,,,0.1
2025-11-03 22:51:37,1.17.2,Bandit100,17,3.84,,20,0,100,RightWithPellet,Right,65,119,86,6,,,0.03
2025-11-03 22:51:38,1.17.2,Bandit100,17,3.84,1.0,20,0,100,Pellet,Right,65,119,87,6,1.74,11.0,
2025-11-03 22:51:55,1.17.2,Bandit100,17,3.84,,20,0,100,Right,Right,65,120,87,7,,,0.35
2025-11-03 22:52:03,1.17.2,Bandit100,17,3.84,2.0,20,0,100,Pellet,Right,65,120,88,7,5.21,25.0,
2025-11-03 22:53:07,1.17.2,Bandit100,17,3.83,,20,0,100,Right,Right,65,121,88,8,,,0.04
2025-11-03 22:53:10,1.17.2,Bandit100,17,3.83,1.0,20,0,100,Pellet,Right,65,121,89,8,2.27,67.0,
2025-11-03 22:55:42,1.17.2,Bandit100,17,3.83,,20,0,100,Right,Right,65,122,89,9,,,0.14
2025-11-03 22:55:45,1.17.2,Bandit100,17,3.83,1.0,20,0,100,Pellet,Right,65,122,90,9,2.27,155.0,
2025-11-03 22:55:55,1.17.2,Bandit100,17,3.83,,20,0,100,Right,Right,65,123,90,10,,,0.14
2025-11-03 22:55:57,1.17.2,Bandit100,17,3.83,,20,0,100,RightWithPellet,Right,65,124,90,10,,,0.02
2025-11-03 22:55:58,1.17.2,Bandit100,17,3.83,1.0,20,0,100,Pellet,Right,65,124,91,10,2.09,13.0,
2025-11-03 22:56:51,1.17.2,Bandit100,17,3.84,,20,0,100,Right,Right,65,125,91,11,,,0.09
2025-11-03 22:56:53,1.17.2,Bandit100,17,3.84,1.0,20,0,100,Pellet,Right,65,125,92,11,1.19,55.0,
2025-11-03 22:57:39,1.17.2,Bandit100,17,3.83,,20,0,100,Right,Right,65,126,92,12,,,0.01
2025-11-03 22:57:57,1.17.2,Bandit100,17,3.84,1.0,20,0,100,Pellet,Right,65,126,93,12,18.0,64.0,
2025-11-03 22:59:51,1.17.2,Bandit100,17,3.84,,20,0,100,Right,Right,65,127,93,13,,,0.11
2025-11-03 22:59:54,1.17.2,Bandit100,17,3.83,1.0,20,0,100,Pellet,Right,65,127,94,13,2.39,117.0,
2025-11-03 23:04:24,1.17.2,Bandit100,17,3.84,,20,0,100,Right,Right,65,128,94,14,,,0.28
2025-11-03 23:04:31,1.17.2,Bandit100,17,3.83,1.0,20,0,100,Pellet,Right,65,128,95,14,6.29,277.0,
2025-11-03 23:05:24,1.17.2,Bandit100,17,3.84,,20,0,100,Right,Right,65,129,95,15,,,0.08
2025-11-03 23:15:56,1.17.2,Bandit100,17,3.83,,20,0,100,LeftWithPellet,Right,65,129,95,15,,,0.24
2025-11-03 23:16:02,1.17.2,Bandit100,17,3.83,,20,0,100,RightWithPellet,Right,65,129,95,15,,,0.1
2025-11-03 23:16:04,1.17.2,Bandit100,17,3.83,,20,0,100,LeftWithPellet,Right,65,129,95,15,,,0.11
2025-11-03 23:19:05,1.17.2,Bandit100,17,3.83,,20,0,100,RightWithPellet,Right,65,129,95,15,,,0.15
2025-11-03 23:22:17,1.17.2,Bandit100,17,3.84,,20,0,100,RightWithPellet,Right,65,129,95,15,,,0.14
2025-11-03 23:25:48,1.17.2,Bandit100,17,3.83,,20,0,100,RightWithPellet,Right,65,129,95,15,,,0.1
2025-11-03 23:25:52,1.17.2,Bandit100,17,3.83,,20,0,100,RightWithPellet,Right,65,129,95,15,,,0.03
2025-11-03 23:28:41,1.17.2,Bandit100,17,3.84,,20,0,100,LeftWithPellet,Right,65,129,95,15,,,0.1
2025-11-03 23:28:53,1.17.2,Bandit100,17,3.84,,20,0,100,RightWithPellet,Right,65,129,95,15,,,0.1
2025-11-03 23:34:36,1.17.2,Bandit100,17,3.83,1.0,20,0,100,Pellet,Right,65,129,96,15,,1805.0,
2025-11-03 23:34:45,1.17.2,Bandit100,17,3.84,,20,0,100,Right,Right,65,130,96,16,,,0.01
2025-11-03 23:36:06,1.17.2,Bandit100,17,3.84,1.0,20,0,100,Pellet,Right,65,130,97,16,,90.0,
2025-11-03 23:36:17,1.17.2,Bandit100,17,3.84,,20,0,100,Left,Right,66,130,97,17,,,0.35
2025-11-03 23:36:19,1.17.2,Bandit100,17,3.84,,20,0,100,LeftinTimeOut,Right,66,130,97,17,,,
2025-11-03 23:36:32,1.17.2,Bandit100,17,3.83,,20,0,100,Right,Right,66,131,97,17,,,0.17
2025-11-03 23:36:38,1.17.2,Bandit100,17,3.83,,20,0,100,LeftWithPellet,Right,66,131,97,17,,,0.0
2025-11-03 23:36:45,1.17.2,Bandit100,17,3.84,,20,0,100,RightWithPellet,Right,66,132,97,17,,,0.1
2025-11-03 23:36:50,1.17.2,Bandit100,17,3.84,,20,0,100,RightWithPellet,Right,66,133,97,17,,,0.01
2025-11-03 23:38:43,1.17.2,Bandit100,17,3.83,1.0,20,0,100,Pellet,Right,66,133,98,17,,157.0,
2025-11-03 23:39:38,1.17.2,Bandit100,17,3.83,,20,0,100,Right,Right,66,134,98,18,,,0.09
2025-11-03 23:40:44,1.17.2,Bandit100,17,3.84,,20,0,100,LeftWithPellet,Right,66,134,98,18,,,0.18
2025-11-03 23:40:55,1.17.2,Bandit100,17,3.83,1.0,20,0,100,Pellet,Right,66,134,99,18,,132.0,
2025-11-03 23:41:02,1.17.2,Bandit100,17,3.83,,20,0,100,Right,Right,66,135,99,19,,,0.1
2025-11-03 23:41:38,1.17.2,Bandit100,17,3.83,1.0,20,0,100,Pellet,Right,66,135,100,19,35.08,43.0,
2025-11-03 23:42:03,1.17.2,Bandit100,17,3.84,,20,100,0,Left,Left,67,135,100,0,,,0.05
2025-11-03 23:43:48,1.17.2,Bandit100,17,3.83,,20,100,0,RightWithPellet,Left,67,135,100,0,,,0.1
2025-11-03 23:43:50,1.17.2,Bandit100,17,3.83,1.0,20,100,0,Pellet,Left,67,135,101,0,,132.0,
2025-11-03 23:50:19,1.17.2,Bandit100,17,3.83,,20,100,0,Right,Left,67,136,101,1,,,0.05
2025-11-03 23:50:23,1.17.2,Bandit100,17,3.83,,20,100,0,LeftinTimeOut,Left,67,136,101,1,,,
2025-11-03 23:50:32,1.17.2,Bandit100,17,3.83,,20,100,0,RightinTimeout,Left,67,136,101,1,,,0.0
2025-11-03 23:52:15,1.17.2,Bandit100,17,3.83,,20,100,0,Left,Left,68,136,101,1,,,0.11
2025-11-03 23:52:20,1.17.2,Bandit100,17,3.83,,20,100,0,LeftWithPellet,Left,68,136,101,1,,,0.42
2025-11-03 23:52:41,1.17.2,Bandit100,17,3.83,1.0,20,100,0,Pellet,Left,68,136,102,1,24.85,531.0,
2025-11-03 23:53:19,1.17.2,Bandit100,17,3.83,,20,100,0,Left,Left,69,136,102,2,,,0.18
2025-11-03 23:53:24,1.17.2,Bandit100,17,3.84,,20,100,0,LeftWithPellet,Left,69,136,102,2,,,0.33
2025-11-03 23:53:25,1.17.2,Bandit100,17,3.84,1.0,20,100,0,Pellet,Left,69,136,103,2,5.29,44.0,
2025-11-03 23:53:35,1.17.2,Bandit100,17,3.83,,20,100,0,Right,Left,69,137,103,3,,,0.14
2025-11-03 23:53:39,1.17.2,Bandit100,17,3.84,,20,100,0,LeftinTimeOut,Left,69,137,103,3,,,
2025-11-03 23:53:41,1.17.2,Bandit100,17,3.84,,20,100,0,LeftinTimeOut,Left,69,137,103,3,,,
2025-11-03 23:53:45,1.17.2,Bandit100,17,3.84,,20,100,0,RightinTimeout,Left,69,137,103,3,,,0.0
2025-11-03 23:53:46,1.17.2,Bandit100,17,3.84,,20,100,0,RightinTimeout,Left,69,137,103,3,,,0.0
2025-11-03 23:53:47,1.17.2,Bandit100,17,3.84,,20,100,0,RightinTimeout,Left,69,137,103,3,,,0.0
2025-11-03 23:55:24,1.17.2,Bandit100,17,3.83,,20,100,0,Right,Left,69,138,103,3,,,0.18
2025-11-03 23:55:25,1.17.2,Bandit100,17,3.83,,20,100,0,LeftinTimeOut,Left,69,138,103,3,,,
2025-11-04 00:01:21,1.17.2,Bandit100,17,3.83,,20,100,0,Left,Left,70,138,103,3,,,0.11
2025-11-04 00:03:04,1.17.2,Bandit100,17,3.84,1.0,20,100,0,Pellet,Left,70,138,104,3,,579.0,
2025-11-04 00:04:52,1.17.2,Bandit100,17,3.83,,20,100,0,Left,Left,71,138,104,4,,,0.04
2025-11-04 00:05:00,1.17.2,Bandit100,17,3.83,1.0,20,100,0,Pellet,Left,71,138,105,4,6.82,116.0,
2025-11-04 00:06:30,1.17.2,Bandit100,17,3.84,,20,100,0,Right,Left,71,139,105,5,,,0.1
2025-11-04 00:06:35,1.17.2,Bandit100,17,3.83,,20,100,0,LeftinTimeOut,Left,71,139,105,5,,,
2025-11-04 00:06:36,1.17.2,Bandit100,17,3.83,,20,100,0,LeftinTimeOut,Left,71,139,105,5,,,
2025-11-04 00:06:38,1.17.2,Bandit100,17,3.83,,20,100,0,LeftinTimeOut,Left,71,139,105,5,,,
2025-11-04 00:09:14,1.17.2,Bandit100,17,3.83,,20,100,0,Right,Left,71,140,105,5,,,0.09
2025-11-04 00:09:17,1.17.2,Bandit100,17,3.83,,20,100,0,RightinTimeout,Left,71,140,105,5,,,0.0
2025-11-04 00:09:18,1.17.2,Bandit100,17,3.83,,20,100,0,RightinTimeout,Left,71,140,105,5,,,0.0
2025-11-04 00:09:18,1.17.2,Bandit100,17,3.84,,20,100,0,RightinTimeout,Left,71,140,105,5,,,0.0
2025-11-04 00:09:23,1.17.2,Bandit100,17,3.83,,20,100,0,LeftinTimeOut,Left,71,140,105,5,,,
2025-11-04 00:10:37,1.17.2,Bandit100,17,3.83,,20,100,0,Left,Left,72,140,105,5,,,0.19
2025-11-04 00:10:41,1.17.2,Bandit100,17,3.83,,20,100,0,LeftWithPellet,Left,72,140,105,5,,,0.04
2025-11-04 00:10:42,1.17.2,Bandit100,17,3.83,2.0,20,100,0,Pellet,Left,72,140,106,5,2.1,342.0,
2025-11-04 00:10:50,1.17.2,Bandit100,17,3.84,,20,100,0,Left,Left,73,140,106,6,,,0.15
2025-11-04 00:10:52,1.17.2,Bandit100,17,3.84,1.0,20,100,0,Pellet,Left,73,140,107,6,1.37,10.0,
2025-11-04 00:11:03,1.17.2,Bandit100,17,3.84,,20,100,0,Left,Left,74,140,107,7,,,0.18
2025-11-04 00:11:08,1.17.2,Bandit100,17,3.83,1.0,20,100,0,Pellet,Left,74,140,108,7,4.36,16.0,
2025-11-04 00:11:20,1.17.2,Bandit100,17,3.83,,20,100,0,Left,Left,75,140,108,8,,,0.14
2025-11-04 00:11:24,1.17.2,Bandit100,17,3.83,1.0,20,100,0,Pellet,Left,75,140,109,8,2.81,16.0,
2025-11-04 00:11:36,1.17.2,Bandit100,17,3.83,,20,100,0,Left,Left,76,140,109,9,,,0.2
2025-11-04 00:11:41,1.17.2,Bandit100,17,3.84,1.0,20,100,0,Pellet,Left,76,140,110,9,4.36,17.0,
2025-11-04 00:11:49,1.17.2,Bandit100,17,3.84,,20,100,0,Left,Left,77,140,110,10,,,0.13
2025-11-04 00:11:54,1.17.2,Bandit100,17,3.83,1.0,20,100,0,Pellet,Left,77,140,111,10,4.0,13.0,
2025-11-04 00:12:01,1.17.2,Bandit100,17,3.84,,20,100,0,Left,Left,78,140,111,11,,,0.13
2025-11-04 00:12:04,1.17.2,Bandit100,17,3.83,1.0,20,100,0,Pellet,Left,78,140,112,11,1.79,10.0,
2025-11-04 00:12:18,1.17.2,Bandit100,17,3.83,,20,100,0,Right,Left,78,141,112,12,,,0.09
2025-11-04 00:12:39,1.17.2,Bandit100,17,3.83,,20,100,0,Right,Left,78,142,112,12,,,0.15
2025-11-04 00:14:02,1.17.2,Bandit100,17,3.83,,20,100,0,Left,Left,79,142,112,12,,,0.08
2025-11-04 00:14:08,1.17.2,Bandit100,17,3.83,2.0,20,100,0,Pellet,Left,79,142,113,12,3.77,124.0,
2025-11-04 00:14:24,1.17.2,Bandit100,17,3.83,,20,100,0,Right,Left,79,143,113,13,,,0.23
2025-11-04 00:14:31,1.17.2,Bandit100,17,3.83,,20,100,0,RightinTimeout,Left,79,143,113,13,,,0.0
2025-11-04 00:14:34,1.17.2,Bandit100,17,3.83,,20,100,0,RightinTimeout,Left,79,143,113,13,,,0.0
2025-11-04 00:17:04,1.17.2,Bandit100,17,3.83,,20,100,0,Left,Left,80,143,113,13,,,0.11
2025-11-04 00:17:07,1.17.2,Bandit100,17,3.83,1.0,20,100,0,Pellet,Left,80,143,114,13,1.85,179.0,
2025-11-04 00:17:31,1.17.2,Bandit100,17,3.83,,20,100,0,Right,Left,80,144,114,14,,,0.0
2025-11-04 00:19:55,1.17.2,Bandit100,17,3.83,,20,100,0,Right,Left,80,145,114,14,,,0.14
2025-11-04 00:19:59,1.17.2,Bandit100,17,3.83,,20,100,0,LeftinTimeOut,Left,80,145,114,14,,,
2025-11-04 00:24:31,1.17.2,Bandit100,17,3.83,,20,100,0,Left,Left,81,145,114,14,,,0.03
2025-11-04 00:24:34,1.17.2,Bandit100,17,3.83,1.0,20,100,0,Pellet,Left,81,145,115,14,2.87,447.0,
2025-11-04 00:26:50,1.17.2,Bandit100,17,3.83,,20,100,0,Right,Left,81,146,115,15,,,0.17
2025-11-04 00:26:53,1.17.2,Bandit100,17,3.83,,20,100,0,LeftinTimeOut,Left,81,146,115,15,,,
2025-11-04 00:30:40,1.17.2,Bandit100,17,3.84,,20,100,0,Left,Left,82,146,115,15,,,0.16
2025-11-04 00:30:55,1.17.2,Bandit100,17,3.83,1.0,20,100,0,Pellet,Left,82,146,116,15,14.87,381.0,
2025-11-04 00:31:05,1.17.2,Bandit100,17,3.84,,20,100,0,Right,Left,82,147,116,16,,,0.13
2025-11-04 00:31:06,1.17.2,Bandit100,17,3.83,,20,100,0,RightinTimeout,Left,82,147,116,16,,,0.0
2025-11-04 00:31:08,1.17.2,Bandit100,17,3.83,,20,100,0,RightinTimeout,Left,82,147,116,16,,,0.0
2025-11-04 00:35:41,1.17.2,Bandit100,17,3.83,,20,100,0,Right,Left,82,148,116,16,,,0.02
2025-11-04 00:35:42,1.17.2,Bandit100,17,3.83,,20,100,0,RightinTimeout,Left,82,148,116,16,,,0.0
2025-11-04 00:35:43,1.17.2,Bandit100,17,3.83,,20,100,0,RightinTimeout,Left,82,148,116,16,,,0.0
2025-11-04 00:35:47,1.17.2,Bandit100,17,3.83,,20,100,0,LeftinTimeOut,Left,82,148,116,16,,,
2025-11-04 00:35:51,1.17.2,Bandit100,17,3.83,,20,100,0,RightinTimeout,Left,82,148,116,16,,,0.0
2025-11-04 00:36:36,1.17.2,Bandit100,17,3.83,,20,100,0,Right,Left,82,149,116,16,,,0.02
2025-11-04 00:36:38,1.17.2,Bandit100,17,3.84,,20,100,0,LeftinTimeOut,Left,82,149,116,16,,,
2025-11-04 00:36:56,1.17.2,Bandit100,17,3.83,,20,100,0,Right,Left,82,150,116,16,,,0.06
2025-11-04 00:46:26,1.17.2,Bandit100,17,3.83,,20,100,0,Right,Left,82,151,116,16,,,0.02
2025-11-04 00:46:32,1.17.2,Bandit100,17,3.83,,20,100,0,LeftinTimeOut,Left,82,151,116,16,,,
2025-11-04 00:47:42,1.17.2,Bandit100,17,3.83,,20,100,0,Left,Left,83,151,116,16,,,0.07
2025-11-04 00:47:45,1.17.2,Bandit100,17,3.84,1.0,20,100,0,Pellet,Left,83,151,117,16,1.85,1010.0,
2025-11-04 00:47:59,1.17.2,Bandit100,17,3.84,,20,100,0,Left,Left,84,151,117,17,,,0.12
2025-11-04 00:48:03,1.17.2,Bandit100,17,3.84,,20,100,0,LeftWithPellet,Left,84,151,117,17,,,0.14
2025-11-04 00:48:23,1.17.2,Bandit100,17,3.83,1.0,20,100,0,Pellet,Left,84,151,118,17,23.34,38.0,
2025-11-04 00:50:16,1.17.2,Bandit100,17,3.83,,20,100,0,Right,Left,84,152,118,18,,,0.12
2025-11-04 00:50:20,1.17.2,Bandit100,17,3.83,,20,100,0,LeftinTimeOut,Left,84,152,118,18,,,
2025-11-04 00:50:24,1.17.2,Bandit100,17,3.83,,20,100,0,RightinTimeout,Left,84,152,118,18,,,0.0
2025-11-04 00:50:25,1.17.2,Bandit100,17,3.83,,20,100,0,RightinTimeout,Left,84,152,118,18,,,0.0
2025-11-04 00:50:26,1.17.2,Bandit100,17,3.83,,20,100,0,RightinTimeout,Left,84,152,118,18,,,0.0
2025-11-04 00:50:27,1.17.2,Bandit100,17,3.83,,20,100,0,RightinTimeout,Left,84,152,118,18,,,0.0
2025-11-04 00:50:28,1.17.2,Bandit100,17,3.83,,20,100,0,RightinTimeout,Left,84,152,118,18,,,0.0
2025-11-04 00:50:38,1.17.2,Bandit100,17,3.83,,20,100,0,LeftinTimeOut,Left,84,152,118,18,,,
2025-11-04 00:50:39,1.17.2,Bandit100,17,3.83,,20,100,0,LeftinTimeOut,Left,84,152,118,18,,,
2025-11-04 00:50:43,1.17.2,Bandit100,17,3.83,,20,100,0,LeftinTimeOut,Left,84,152,118,18,,,
2025-11-04 00:50:44,1.17.2,Bandit100,17,3.83,,20,100,0,LeftinTimeOut,Left,84,152,118,18,,,
2025-11-04 00:50:44,1.17.2,Bandit100,17,3.83,,20,100,0,LeftinTimeOut,Left,84,152,118,18,,,
2025-11-04 00:50:49,1.17.2,Bandit100,17,3.83,,20,100,0,RightinTimeout,Left,84,152,118,18,,,0.0
2025-11-04 00:50:53,1.17.2,Bandit100,17,3.83,,20,100,0,LeftinTimeOut,Left,84,152,118,18,,,
2025-11-04 00:50:55,1.17.2,Bandit100,17,3.83,,20,100,0,LeftinTimeOut,Left,84,152,118,18,,,
2025-11-04 00:50:56,1.17.2,Bandit100,17,3.83,,20,100,0,LeftinTimeOut,Left,84,152,118,18,,,
2025-11-04 00:55:13,1.17.2,Bandit100,17,3.83,,20,100,0,Left,Left,85,152,118,18,,,0.18
2025-11-04 00:55:15,1.17.2,Bandit100,17,3.83,1.0,20,100,0,Pellet,Left,85,152,119,18,1.07,412.0,
2025-11-04 00:55:26,1.17.2,Bandit100,17,3.83,,20,100,0,Right,Left,85,153,119,19,,,0.11
2025-11-04 00:55:33,1.17.2,Bandit100,17,3.83,,20,100,0,LeftinTimeOut,Left,85,153,119,19,,,
2025-11-04 00:55:36,1.17.2,Bandit100,17,3.83,,20,100,0,LeftinTimeOut,Left,85,153,119,19,,,
2025-11-04 00:55:42,1.17.2,Bandit100,17,3.84,,20,100,0,RightinTimeout,Left,85,153,119,19,,,0.0
2025-11-04 00:55:42,1.17.2,Bandit100,17,3.84,,20,100,0,RightinTimeout,Left,85,153,119,19,,,0.0
2025-11-04 00:57:51,1.17.2,Bandit100,17,3.84,,20,100,0,Left,Left,86,153,119,19,,,0.11
2025-11-04 00:58:29,1.17.2,Bandit100,17,3.83,2.0,20,100,0,Pellet,Left,86,153,120,19,35.5,194.0,
2025-11-04 01:01:37,1.17.2,Bandit100,17,3.83,,20,0,100,Left,Right,87,153,120,0,,,0.11
2025-11-04 01:01:39,1.17.2,Bandit100,17,3.84,,20,0,100,LeftinTimeOut,Right,87,153,120,0,,,
2025-11-04 01:01:41,1.17.2,Bandit100,17,3.83,,20,0,100,LeftinTimeOut,Right,87,153,120,0,,,
2025-11-04 01:02:11,1.17.2,Bandit100,17,3.84,,20,0,100,Left,Right,88,153,120,0,,,0.07
2025-11-04 01:03:30,1.17.2,Bandit100,17,3.83,,20,0,100,Right,Right,88,154,120,0,,,0.13
2025-11-04 01:03:33,1.17.2,Bandit100,17,3.83,1.0,20,0,100,Pellet,Right,88,154,121,0,2.69,304.0,
2025-11-04 01:03:48,1.17.2,Bandit100,17,3.83,,20,0,100,Right,Right,88,155,121,1,,,0.16
2025-11-04 01:03:53,1.17.2,Bandit100,17,3.83,1.0,20,0,100,Pellet,Right,88,155,122,1,4.49,20.0,
2025-11-04 01:04:19,1.17.2,Bandit100,17,3.84,,20,0,100,Right,Right,88,156,122,2,,,0.08
2025-11-04 01:04:22,1.17.2,Bandit100,17,3.83,1.0,20,0,100,Pellet,Right,88,156,123,2,1.61,29.0,
2025-11-04 01:04:40,1.17.2,Bandit100,17,3.84,,20,0,100,Right,Right,88,157,123,3,,,0.0
2025-11-04 01:04:42,1.17.2,Bandit100,17,3.83,1.0,20,0,100,Pellet,Right,88,157,124,3,1.55,20.0,
2025-11-04 01:04:52,1.17.2,Bandit100,17,3.83,,20,0,100,Right,Right,88,158,124,4,,,0.18
2025-11-04 01:04:55,1.17.2,Bandit100,17,3.83,1.0,20,0,100,Pellet,Right,88,158,125,4,1.91,13.0,
2025-11-04 01:05:04,1.17.2,Bandit100,17,3.83,,20,0,100,Right,Right,88,159,125,5,,,0.04
2025-11-04 01:05:07,1.17.2,Bandit100,17,3.83,1.0,20,0,100,Pellet,Right,88,159,126,5,1.91,12.0,
2025-11-04 01:06:24,1.17.2,Bandit100,17,3.83,,20,0,100,Right,Right,88,160,126,6,,,0.03
2025-11-04 01:06:30,1.17.2,Bandit100,17,3.83,2.0,20,0,100,Pellet,Right,88,160,127,6,2.57,83.0,
2025-11-04 01:06:39,1.17.2,Bandit100,17,3.83,,20,0,100,Left,Right,89,160,127,7,,,0.34
2025-11-04 01:06:42,1.17.2,Bandit100,17,3.83,,20,0,100,RightinTimeout,Right,89,160,127,7,,,0.0
2025-11-04 01:18:30,1.17.2,Bandit100,17,3.83,,20,0,100,Left,Right,90,160,127,7,,,0.22
2025-11-04 01:18:31,1.17.2,Bandit100,17,3.84,,20,0,100,LeftinTimeOut,Right,90,160,127,7,,,
2025-11-04 01:22:02,1.17.2,Bandit100,17,3.83,,20,0,100,Right,Right,90,161,127,7,,,0.02
2025-11-04 01:22:14,1.17.2,Bandit100,17,3.83,3.0,20,0,100,Pellet,Right,90,161,128,7,7.91,944.0,
2025-11-04 01:27:22,1.17.2,Bandit100,17,3.83,,20,0,100,Left,Right,91,161,128,8,,,0.09
2025-11-04 01:28:32,1.17.2,Bandit100,17,3.84,,20,0,100,Right,Right,91,162,128,8,,,0.01
2025-11-04 01:28:42,1.17.2,Bandit100,17,3.84,,20,0,100,LeftWithPellet,Right,91,162,128,8,,,0.13
2025-11-04 01:28:47,1.17.2,Bandit100,17,3.83,1.0,20,0,100,Pellet,Right,91,162,129,8,13.86,393.0,
2025-11-04 01:29:13,1.17.2,Bandit100,17,3.83,,20,0,100,Right,Right,91,163,129,9,,,0.25
2025-11-04 01:29:16,1.17.2,Bandit100,17,3.83,1.0,20,0,100,Pellet,Right,91,163,130,9,1.55,29.0,
2025-11-04 01:29:19,1.17.2,Bandit100,17,3.83,,20,0,100,Right,Right,91,164,130,10,,,0.08
2025-11-04 01:30:12,1.17.2,Bandit100,17,3.83,1.0,20,0,100,Pellet,Right,91,164,131,10,52.15,56.0,
2025-11-04 01:30:29,1.17.2,Bandit100,17,3.83,,20,0,100,Right,Right,91,165,131,11,,,0.03
2025-11-04 01:30:34,1.17.2,Bandit100,17,3.83,2.0,20,0,100,Pellet,Right,91,165,132,11,2.03,22.0,
2025-11-04 01:30:47,1.17.2,Bandit100,17,3.83,,20,0,100,Right,Right,91,166,132,12,,,0.15
2025-11-04 01:30:52,1.17.2,Bandit100,17,3.83,1.0,20,0,100,Pellet,Right,91,166,133,12,3.89,18.0,
2025-11-04 01:33:54,1.17.2,Bandit100,17,3.83,,20,0,100,Right,Right,91,167,133,13,,,0.16
2025-11-04 01:33:58,1.17.2,Bandit100,17,3.83,1.0,20,0,100,Pellet,Right,91,167,134,13,3.35,186.0,
2025-11-04 01:34:06,1.17.2,Bandit100,17,3.83,,20,0,100,Left,Right,92,167,134,14,,,0.2
2025-11-04 01:34:07,1.17.2,Bandit100,17,3.84,,20,0,100,LeftinTimeOut,Right,92,167,134,14,,,
2025-11-04 01:34:10,1.17.2,Bandit100,17,3.83,,20,0,100,LeftinTimeOut,Right,92,167,134,14,,,
2025-11-04 01:34:30,1.17.2,Bandit100,17,3.84,,20,0,100,Right,Right,92,168,134,14,,,0.23
2025-11-04 01:34:30,1.17.2,Bandit100,17,3.83,,20,0,100,RightDuringDispense,Right,92,168,134,14,,,0.1
2025-11-04 01:34:35,1.17.2,Bandit100,17,3.83,2.0,20,0,100,Pellet,Right,92,168,135,14,1.73,36.0,
2025-11-04 01:34:39,1.17.2,Bandit100,17,3.83,,20,0,100,Right,Right,92,169,135,15,,,0.08
2025-11-04 01:34:43,1.17.2,Bandit100,17,3.83,1.0,20,0,100,Pellet,Right,92,169,136,15,3.17,9.0,
2025-11-04 01:35:06,1.17.2,Bandit100,17,3.83,,20,0,100,Right,Right,92,170,136,16,,,0.26
2025-11-04 01:35:13,1.17.2,Bandit100,17,3.83,,20,0,100,LeftWithPellet,Right,92,170,136,16,,,0.05
2025-11-04 01:36:04,1.17.2,Bandit100,17,3.83,1.0,20,0,100,Pellet,Right,92,170,137,16,57.69,81.0,
2025-11-04 01:36:17,1.17.2,Bandit100,17,3.84,,20,0,100,Left,Right,93,170,137,17,,,0.12
2025-11-04 01:44:17,1.17.2,Bandit100,17,3.84,,20,0,100,Left,Right,94,170,137,17,,,0.18
2025-11-04 01:47:51,1.17.2,Bandit100,17,3.83,,20,0,100,Right,Right,94,171,137,17,,,0.12
2025-11-04 01:47:56,1.17.2,Bandit100,17,3.83,,20,0,100,RightWithPellet,Right,94,172,137,17,,,0.09
2025-11-04 01:47:58,1.17.2,Bandit100,17,3.83,,20,0,100,RightWithPellet,Right,94,173,137,17,,,0.24
2025-11-04 01:51:42,1.17.2,Bandit100,17,3.83,1.0,20,0,100,Pellet,Right,94,173,138,17,,938.0,
2025-11-04 02:03:58,1.17.2,Bandit100,17,3.83,,20,0,100,Left,Right,95,173,138,18,,,0.01
2025-11-04 02:04:01,1.17.2,Bandit100,17,3.84,,20,0,100,LeftinTimeOut,Right,95,173,138,18,,,
2025-11-04 02:04:03,1.17.2,Bandit100,17,3.83,,20,0,100,LeftinTimeOut,Right,95,173,138,18,,,
2025-11-04 02:04:09,1.17.2,Bandit100,17,3.83,,20,0,100,RightinTimeout,Right,95,173,138,18,,,0.0
2025-11-04 02:04:17,1.17.2,Bandit100,17,3.83,,20,0,100,RightinTimeout,Right,95,173,138,18,,,0.0
2025-11-04 02:04:22,1.17.2,Bandit100,17,3.83,,20,0,100,RightinTimeout,Right,95,173,138,18,,,0.0
2025-11-04 02:06:51,1.17.2,Bandit100,17,3.83,,20,0,100,Left,Right,96,173,138,18,,,0.08
2025-11-04 02:08:03,1.17.2,Bandit100,17,3.84,,20,0,100,Left,Right,97,173,138,18,,,0.06
2025-11-04 02:09:22,1.17.2,Bandit100,17,3.83,,20,0,100,Left,Right,98,173,138,18,,,0.1
2025-11-04 02:12:11,1.17.2,Bandit100,17,3.83,,20,0,100,Right,Right,98,174,138,18,,,0.11
2025-11-04 02:12:14,1.17.2,Bandit100,17,3.83,2.0,20,0,100,Pellet,Right,98,174,139,18,0.83,1232.0,
2025-11-04 02:12:24,1.17.2,Bandit100,17,3.83,,20,0,100,Right,Right,98,175,139,19,,,0.02
2025-11-04 02:12:26,1.17.2,Bandit100,17,3.83,1.0,20,0,100,Pellet,Right,98,175,140,19,0.77,12.0,
2025-11-04 02:12:37,1.17.2,Bandit100,17,3.83,,20,100,0,Right,Left,98,176,140,0,,,0.25
2025-11-04 02:12:43,1.17.2,Bandit100,17,3.83,,20,100,0,RightinTimeout,Left,98,176,140,0,,,0.0
2025-11-04 02:12:43,1.17.2,Bandit100,17,3.84,,20,100,0,RightinTimeout,Left,98,176,140,0,,,0.0
2025-11-04 02:12:45,1.17.2,Bandit100,17,3.83,,20,100,0,RightinTimeout,Left,98,176,140,0,,,0.0
2025-11-04 02:12:47,1.17.2,Bandit100,17,3.83,,20,100,0,RightinTimeout,Left,98,176,140,0,,,0.0
2025-11-04 02:12:48,1.17.2,Bandit100,17,3.83,,20,100,0,RightinTimeout,Left,98,176,140,0,,,0.0
2025-11-04 02:12:49,1.17.2,Bandit100,17,3.83,,20,100,0,RightinTimeout,Left,98,176,140,0,,,0.0
2025-11-04 02:12:50,1.17.2,Bandit100,17,3.83,,20,100,0,RightinTimeout,Left,98,176,140,0,,,0.0
2025-11-04 02:13:25,1.17.2,Bandit100,17,3.83,,20,100,0,Left,Left,99,176,140,0,,,0.06
2025-11-04 02:13:27,1.17.2,Bandit100,17,3.83,1.0,20,100,0,Pellet,Left,99,176,141,0,1.55,61.0,
2025-11-04 02:13:38,1.17.2,Bandit100,17,3.83,,20,100,0,Right,Left,99,177,141,1,,,0.03
2025-11-04 02:13:42,1.17.2,Bandit100,17,3.83,,20,100,0,LeftinTimeOut,Left,99,177,141,1,,,
2025-11-04 02:13:44,1.17.2,Bandit100,17,3.83,,20,100,0,LeftinTimeOut,Left,99,177,141,1,,,
2025-11-04 02:13:45,1.17.2,Bandit100,17,3.83,,20,100,0,LeftinTimeOut,Left,99,177,141,1,,,
2025-11-04 02:13:50,1.17.2,Bandit100,17,3.83,,20,100,0,RightinTimeout,Left,99,177,141,1,,,0.0
2025-11-04 02:13:54,1.17.2,Bandit100,17,3.83,,20,100,0,RightinTimeout,Left,99,177,141,1,,,0.0
2025-11-04 02:13:55,1.17.2,Bandit100,17,3.83,,20,100,0,RightinTimeout,Left,99,177,141,1,,,0.0
2025-11-04 02:13:57,1.17.2,Bandit100,17,3.83,,20,100,0,LeftinTimeOut,Left,99,177,141,1,,,
2025-11-04 02:17:39,1.17.2,Bandit100,17,3.84,,20,100,0,Right,Left,99,178,141,1,,,0.08
2025-11-04 02:17:47,1.17.2,Bandit100,17,3.83,,20,100,0,RightinTimeout,Left,99,178,141,1,,,0.0
2025-11-04 02:17:50,1.17.2,Bandit100,17,3.83,,20,100,0,RightinTimeout,Left,99,178,141,1,,,0.0
2025-11-04 02:17:57,1.17.2,Bandit100,17,3.83,,20,100,0,RightinTimeout,Left,99,178,141,1,,,0.0
2025-11-04 02:17:58,1.17.2,Bandit100,17,3.83,,20,100,0,RightinTimeout,Left,99,178,141,1,,,0.0
2025-11-04 02:17:59,1.17.2,Bandit100,17,3.83,,20,100,0,RightinTimeout,Left,99,178,141,1,,,0.0
2025-11-04 02:20:11,1.17.2,Bandit100,17,3.83,,20,100,0,Left,Left,100,178,141,1,,,0.08
2025-11-04 02:20:13,1.17.2,Bandit100,17,3.83,1.0,20,100,0,Pellet,Left,100,178,142,1,1.07,406.0,
2025-11-04 02:23:44,1.17.2,Bandit100,17,3.83,,20,100,0,Left,Left,101,178,142,2,,,0.11
2025-11-04 02:23:46,1.17.2,Bandit100,17,3.84,1.0,20,100,0,Pellet,Left,101,178,143,2,1.37,213.0,
2025-11-04 02:23:59,1.17.2,Bandit100,17,3.83,,20,100,0,Right,Left,101,179,143,3,,,0.05
2025-11-04 02:24:56,1.17.2,Bandit100,17,3.83,,20,100,0,Right,Left,101,180,143,3,,,0.12
2025-11-04 02:24:58,1.17.2,Bandit100,17,3.83,,20,100,0,RightinTimeout,Left,101,180,143,3,,,0.0
2025-11-04 02:25:02,1.17.2,Bandit100,17,3.83,,20,100,0,LeftinTimeOut,Left,101,180,143,3,,,
2025-11-04 02:25:05,1.17.2,Bandit100,17,3.83,,20,100,0,LeftinTimeOut,Left,101,180,143,3,,,
2025-11-04 02:25:07,1.17.2,Bandit100,17,3.83,,20,100,0,LeftinTimeOut,Left,101,180,143,3,,,
2025-11-04 02:26:17,1.17.2,Bandit100,17,3.83,,20,100,0,Left,Left,102,180,143,3,,,0.0
2025-11-04 02:26:21,1.17.2,Bandit100,17,3.83,1.0,20,100,0,Pellet,Left,102,180,144,3,3.11,155.0,
2025-11-04 02:26:32,1.17.2,Bandit100,17,3.83,,20,100,0,Left,Left,103,180,144,4,,,0.03
2025-11-04 02:26:34,1.17.2,Bandit100,17,3.83,1.0,20,100,0,Pellet,Left,103,180,145,4,1.31,13.0,
2025-11-04 02:26:44,1.17.2,Bandit100,17,3.83,,20,100,0,Left,Left,104,180,145,5,,,0.11
2025-11-04 02:26:51,1.17.2,Bandit100,17,3.83,2.0,20,100,0,Pellet,Left,104,180,146,5,3.83,17.0,
2025-11-04 02:27:01,1.17.2,Bandit100,17,3.83,,20,100,0,Left,Left,105,180,146,6,,,0.22
2025-11-04 02:27:03,1.17.2,Bandit100,17,3.83,1.0,20,100,0,Pellet,Left,105,180,147,6,0.53,12.0,
2025-11-04 02:27:14,1.17.2,Bandit100,17,3.83,,20,100,0,Left,Left,106,180,147,7,,,0.16
2025-11-04 02:27:16,1.17.2,Bandit100,17,3.83,1.0,20,100,0,Pellet,Left,106,180,148,7,2.15,13.0,
2025-11-04 02:27:33,1.17.2,Bandit100,17,3.83,,20,100,0,Left,Left,107,180,148,8,,,0.18
2025-11-04 02:27:36,1.17.2,Bandit100,17,3.83,1.0,20,100,0,Pellet,Left,107,180,149,8,1.67,20.0,
2025-11-04 02:27:50,1.17.2,Bandit100,17,3.83,,20,100,0,Left,Left,108,180,149,9,,,0.22
2025-11-04 02:27:53,1.17.2,Bandit100,17,3.83,1.0,20,100,0,Pellet,Left,108,180,150,9,2.39,17.0,
2025-11-04 02:28:01,1.17.2,Bandit100,17,3.83,,20,100,0,Left,Left,109,180,150,10,,,0.21
2025-11-04 02:28:04,1.17.2,Bandit100,17,3.83,1.0,20,100,0,Pellet,Left,109,180,151,10,2.87,11.0,
2025-11-04 02:28:13,1.17.2,Bandit100,17,3.83,,20,100,0,Left,Left,110,180,151,11,,,0.14
2025-11-04 02:28:15,1.17.2,Bandit100,17,3.83,1.0,20,100,0,Pellet,Left,110,180,152,11,1.85,11.0,
2025-11-04 02:28:40,1.17.2,Bandit100,17,3.84,,20,100,0,Left,Left,111,180,152,12,,,0.03
2025-11-04 02:28:44,1.17.2,Bandit100,17,3.83,,20,100,0,LeftWithPellet,Left,111,180,152,12,,,0.12
2025-11-04 02:28:47,1.17.2,Bandit100,17,3.83,2.0,20,100,0,Pellet,Left,111,180,153,12,3.99,32.0,
2025-11-04 02:28:53,1.17.2,Bandit100,17,3.83,,20,100,0,Right,Left,111,181,153,13,,,0.0
2025-11-04 02:29:09,1.17.2,Bandit100,17,3.83,,20,100,0,Left,Left,112,181,153,13,,,0.02
2025-11-04 02:29:11,1.17.2,Bandit100,17,3.84,1.0,20,100,0,Pellet,Left,112,181,154,13,1.19,24.0,
2025-11-04 02:29:17,1.17.2,Bandit100,17,3.83,,20,100,0,Left,Left,113,181,154,14,,,0.21
2025-11-04 02:29:20,1.17.2,Bandit100,17,3.83,1.0,20,100,0,Pellet,Left,113,181,155,14,1.91,9.0,
2025-11-04 02:29:25,1.17.2,Bandit100,17,3.83,,20,100,0,Left,Left,114,181,155,15,,,0.1
2025-11-04 02:29:28,1.17.2,Bandit100,17,3.83,1.0,20,100,0,Pellet,Left,114,181,156,15,2.45,8.0,
2025-11-04 02:34:56,1.17.2,Bandit100,17,3.83,,20,100,0,Right,Left,114,182,156,16,,,0.11
2025-11-04 02:46:40,1.17.2,Bandit100,17,3.83,,20,100,0,Right,Left,114,183,156,16,,,0.3
2025-11-04 02:57:57,1.17.2,Bandit100,17,3.83,,20,100,0,Right,Left,114,184,156,16,,,0.27
2025-11-04 03:00:54,1.17.2,Bandit100,17,3.83,,20,100,0,Left,Left,115,184,156,16,,,0.02
2025-11-04 03:00:57,1.17.2,Bandit100,17,3.83,1.0,20,100,0,Pellet,Left,115,184,157,16,2.57,1889.0,
2025-11-04 03:01:07,1.17.2,Bandit100,17,3.84,,20,100,0,Left,Left,116,184,157,17,,,0.01
2025-11-04 03:01:11,1.17.2,Bandit100,17,3.84,1.0,20,100,0,Pellet,Left,116,184,158,17,3.23,14.0,
2025-11-04 03:01:29,1.17.2,Bandit100,17,3.83,,20,100,0,Left,Left,117,184,158,18,,,0.0
2025-11-04 03:01:31,1.17.2,Bandit100,17,3.83,1.0,20,100,0,Pellet,Left,117,184,159,18,1.07,20.0,
2025-11-04 03:01:47,1.17.2,Bandit100,17,3.83,,20,100,0,Left,Left,118,184,159,19,,,0.22
2025-11-04 03:01:51,1.17.2,Bandit100,17,3.83,2.0,20,100,0,Pellet,Left,118,184,160,19,1.13,20.0,
2025-11-04 03:02:10,1.17.2,Bandit100,17,3.83,,20,0,100,Left,Right,119,184,160,0,,,0.0
2025-11-04 03:02:14,1.17.2,Bandit100,17,3.83,,20,0,100,RightinTimeout,Right,119,184,160,0,,,0.0
2025-11-04 03:02:14,1.17.2,Bandit100,17,3.83,,20,0,100,RightinTimeout,Right,119,184,160,0,,,0.0
2025-11-04 03:02:17,1.17.2,Bandit100,17,3.83,,20,0,100,RightinTimeout,Right,119,184,160,0,,,0.0
2025-11-04 03:02:21,1.17.2,Bandit100,17,3.83,,20,0,100,LeftinTimeOut,Right,119,184,160,0,,,
2025-11-04 03:06:51,1.17.2,Bandit100,17,3.83,,20,0,100,Left,Right,120,184,160,0,,,0.11
2025-11-04 03:13:12,1.17.2,Bandit100,17,3.84,,20,0,100,Left,Right,121,184,160,0,,,0.15
2025-11-04 03:19:21,1.17.2,Bandit100,17,3.83,,20,0,100,Left,Right,122,184,160,0,,,0.07
2025-11-04 03:19:23,1.17.2,Bandit100,17,3.83,,20,0,100,LeftinTimeOut,Right,122,184,160,0,,,
2025-11-04 03:19:26,1.17.2,Bandit100,17,3.83,,20,0,100,RightinTimeout,Right,122,184,160,0,,,0.0
2025-11-04 03:19:27,1.17.2,Bandit100,17,3.83,,20,0,100,RightinTimeout,Right,122,184,160,0,,,0.0
2025-11-04 03:19:29,1.17.2,Bandit100,17,3.83,,20,0,100,RightinTimeout,Right,122,184,160,0,,,0.0
2025-11-04 03:32:52,1.17.2,Bandit100,17,3.83,,20,0,100,Right,Right,122,185,160,0,,,0.04
2025-11-04 03:32:56,1.17.2,Bandit100,17,3.83,1.0,20,0,100,Pellet,Right,122,185,161,0,2.45,1865.0,
2025-11-04 03:34:34,1.17.2,Bandit100,17,3.83,,20,0,100,Left,Right,123,185,161,1,,,0.15
2025-11-04 03:35:54,1.17.2,Bandit100,17,3.83,,20,0,100,Right,Right,123,186,161,1,,,0.09
2025-11-04 03:35:59,1.17.2,Bandit100,17,3.82,2.0,20,0,100,Pellet,Right,123,186,162,1,2.45,183.0,
2025-11-04 03:36:10,1.17.2,Bandit100,17,3.83,,20,0,100,Right,Right,123,187,162,2,,,0.11
2025-11-04 03:36:14,1.17.2,Bandit100,17,3.83,1.0,20,0,100,Pellet,Right,123,187,163,2,3.83,15.0,
2025-11-04 03:37:28,1.17.2,Bandit100,17,3.83,,20,0,100,Right,Right,123,188,163,3,,,0.11
2025-11-04 03:37:32,1.17.2,Bandit100,17,3.83,1.0,20,0,100,Pellet,Right,123,188,164,3,2.51,78.0,
2025-11-04 03:37:42,1.17.2,Bandit100,17,3.83,,20,0,100,Right,Right,123,189,164,4,,,0.12
2025-11-04 03:37:45,1.17.2,Bandit100,17,3.83,1.0,20,0,100,Pellet,Right,123,189,165,4,1.61,13.0,
2025-11-04 03:37:52,1.17.2,Bandit100,17,3.83,,20,0,100,Right,Right,123,190,165,5,,,0.09
2025-11-04 03:37:55,1.17.2,Bandit100,17,3.83,2.0,20,0,100,Pellet,Right,123,190,166,5,0.95,10.0,
2025-11-04 03:38:10,1.17.2,Bandit100,17,3.83,,20,0,100,Left,Right,124,190,166,6,,,0.03
2025-11-04 03:38:13,1.17.2,Bandit100,17,3.83,,20,0,100,LeftinTimeOut,Right,124,190,166,6,,,
2025-11-04 03:38:59,1.17.2,Bandit100,17,3.83,,20,0,100,Left,Right,125,190,166,6,,,0.07
2025-11-04 03:40:19,1.17.2,Bandit100,17,3.83,,20,0,100,Right,Right,125,191,166,6,,,0.1
2025-11-04 03:40:21,1.17.2,Bandit100,17,3.83,1.0,20,0,100,Pellet,Right,125,191,167,6,1.79,146.0,
2025-11-04 03:40:34,1.17.2,Bandit100,17,3.83,,20,0,100,Right,Right,125,192,167,7,,,0.16
2025-11-04 03:40:37,1.17.2,Bandit100,17,3.83,1.0,20,0,100,Pellet,Right,125,192,168,7,1.61,16.0,
2025-11-04 03:40:50,1.17.2,Bandit100,17,3.83,,20,0,100,Right,Right,125,193,168,8,,,0.07
2025-11-04 03:40:52,1.17.2,Bandit100,17,3.83,1.0,20,0,100,Pellet,Right,125,193,169,8,1.43,15.0,
2025-11-04 03:42:28,1.17.2,Bandit100,17,3.83,,20,0,100,Right,Right,125,194,169,9,,,0.08
2025-11-04 03:42:30,1.17.2,Bandit100,17,3.83,1.0,20,0,100,Pellet,Right,125,194,170,9,0.83,98.0,
2025-11-04 03:42:36,1.17.2,Bandit100,17,3.83,,20,0,100,Right,Right,125,195,170,10,,,0.02
2025-11-04 03:42:39,1.17.2,Bandit100,17,3.83,1.0,20,0,100,Pellet,Right,125,195,171,10,2.09,9.0,
2025-11-04 03:42:48,1.17.2,Bandit100,17,3.83,,20,0,100,Right,Right,125,196,171,11,,,0.02
2025-11-04 03:42:50,1.17.2,Bandit100,17,3.83,1.0,20,0,100,Pellet,Right,125,196,172,11,1.25,11.0,
2025-11-04 03:43:02,1.17.2,Bandit100,17,3.83,,20,0,100,Right,Right,125,197,172,12,,,0.09
2025-11-04 03:43:06,1.17.2,Bandit100,17,3.83,2.0,20,0,100,Pellet,Right,125,197,173,12,1.43,16.0,
2025-11-04 03:43:15,1.17.2,Bandit100,17,3.83,,20,0,100,Right,Right,125,198,173,13,,,0.07
2025-11-04 03:43:17,1.17.2,Bandit100,17,3.83,1.0,20,0,100,Pellet,Right,125,198,174,13,1.55,11.0,
2025-11-04 03:43:51,1.17.2,Bandit100,17,3.83,,20,0,100,Left,Right,126,198,174,14,,,0.14
2025-11-04 03:44:50,1.17.2,Bandit100,17,3.83,,20,0,100,Right,Right,126,199,174,14,,,0.08
2025-11-04 03:44:55,1.17.2,Bandit100,17,3.83,2.0,20,0,100,Pellet,Right,126,199,175,14,1.97,98.0,
2025-11-04 03:45:10,1.17.2,Bandit100,17,3.83,,20,0,100,Left,Right,127,199,175,15,,,0.11
2025-11-04 03:45:14,1.17.2,Bandit100,17,3.83,,20,0,100,RightinTimeout,Right,127,199,175,15,,,0.0
2025-11-04 03:45:20,1.17.2,Bandit100,17,3.83,,20,0,100,RightinTimeout,Right,127,199,175,15,,,0.0
2025-11-04 03:45:25,1.17.2,Bandit100,17,3.83,,20,0,100,RightinTimeout,Right,127,199,175,15,,,0.0
2025-11-04 04:00:07,1.17.2,Bandit100,17,3.83,,20,0,100,Left,Right,128,199,175,15,,,0.07
2025-11-04 04:00:13,1.17.2,Bandit100,17,3.83,,20,0,100,RightinTimeout,Right,128,199,175,15,,,0.0
2025-11-04 04:06:35,1.17.2,Bandit100,17,3.83,,20,0,100,Right,Right,128,200,175,15,,,0.15
2025-11-04 04:06:52,1.17.2,Bandit100,17,3.83,,20,0,100,LeftWithPellet,Right,128,200,175,15,,,0.08
2025-11-04 04:07:43,1.17.2,Bandit100,17,3.83,1.0,20,0,100,Pellet,Right,128,200,176,15,,1368.0,
2025-11-04 04:07:58,1.17.2,Bandit100,17,3.83,,20,0,100,Right,Right,128,201,176,16,,,0.15
2025-11-04 04:08:00,1.17.2,Bandit100,17,3.83,1.0,20,0,100,Pellet,Right,128,201,177,16,0.95,17.0,
2025-11-04 04:08:11,1.17.2,Bandit100,17,3.83,,20,0,100,Left,Right,129,201,177,17,,,0.07
2025-11-04 04:18:19,1.17.2,Bandit100,17,3.83,,20,0,100,Left,Right,130,201,177,17,,,0.1
2025-11-04 04:21:01,1.17.2,Bandit100,17,3.83,,20,0,100,Right,Right,130,202,177,17,,,0.12
2025-11-04 04:21:04,1.17.2,Bandit100,17,3.83,1.0,20,0,100,Pellet,Right,130,202,178,17,2.21,784.0,
2025-11-04 04:21:16,1.17.2,Bandit100,17,3.83,,20,0,100,Right,Right,130,203,178,18,,,0.08
2025-11-04 04:21:20,1.17.2,Bandit100,17,3.83,2.0,20,0,100,Pellet,Right,130,203,179,18,1.67,16.0,
2025-11-04 04:21:32,1.17.2,Bandit100,17,3.83,,20,0,100,Right,Right,130,204,179,19,,,0.01
2025-11-04 04:21:35,1.17.2,Bandit100,17,3.83,1.0,20,0,100,Pellet,Right,130,204,180,19,1.97,15.0,
2025-11-04 04:21:48,1.17.2,Bandit100,17,3.83,,20,100,0,Right,Left,130,205,180,0,,,0.06
2025-11-04 04:21:54,1.17.2,Bandit100,17,3.83,,20,100,0,RightinTimeout,Left,130,205,180,0,,,0.0
2025-11-04 04:21:56,1.17.2,Bandit100,17,3.83,,20,100,0,RightinTimeout,Left,130,205,180,0,,,0.0
2025-11-04 04:26:40,1.17.2,Bandit100,17,3.83,,20,100,0,Left,Left,131,205,180,0,,,0.01
2025-11-04 04:26:42,1.17.2,Bandit100,17,3.83,1.0,20,100,0,Pellet,Left,131,205,181,0,2.09,307.0,
2025-11-04 04:26:54,1.17.2,Bandit100,17,3.83,,20,100,0,Right,Left,131,206,181,1,,,0.18
2025-11-04 04:26:57,1.17.2,Bandit100,17,3.83,,20,100,0,RightinTimeout,Left,131,206,181,1,,,0.0
2025-11-04 04:27:52,1.17.2,Bandit100,17,3.83,,20,100,0,Right,Left,131,207,181,1,,,0.03
2025-11-04 04:27:54,1.17.2,Bandit100,17,3.83,,20,100,0,RightinTimeout,Left,131,207,181,1,,,0.0
2025-11-04 04:27:55,1.17.2,Bandit100,17,3.83,,20,100,0,RightinTimeout,Left,131,207,181,1,,,0.0
2025-11-04 04:37:22,1.17.2,Bandit100,17,3.83,,20,100,0,Left,Left,132,207,181,1,,,0.09
2025-11-04 04:38:23,1.17.2,Bandit100,17,3.83,1.0,20,100,0,Pellet,Left,132,207,182,1,,701.0,
2025-11-04 04:44:08,1.17.2,Bandit100,17,3.83,,20,100,0,Right,Left,132,208,182,2,,,0.1
2025-11-04 04:44:14,1.17.2,Bandit100,17,3.83,,20,100,0,RightinTimeout,Left,132,208,182,2,,,0.0
2025-11-04 04:50:02,1.17.2,Bandit100,17,3.83,,20,100,0,Right,Left,132,209,182,2,,,0.01
2025-11-04 05:00:18,1.17.2,Bandit100,17,3.83,,20,100,0,Left,Left,133,209,182,2,,,0.03
2025-11-04 05:00:24,1.17.2,Bandit100,17,3.83,1.0,20,100,0,Pellet,Left,133,209,183,2,5.39,1321.0,
2025-11-04 05:07:19,1.17.2,Bandit100,17,3.83,,20,100,0,Left,Left,134,209,183,3,,,0.07
2025-11-04 05:07:23,1.17.2,Bandit100,17,3.83,1.0,20,100,0,Pellet,Left,134,209,184,3,3.11,419.0,
2025-11-04 05:07:29,1.17.2,Bandit100,17,3.83,,20,100,0,Left,Left,135,209,184,4,,,0.1
2025-11-04 05:07:32,1.17.2,Bandit100,17,3.83,1.0,20,100,0,Pellet,Left,135,209,185,4,2.03,9.0,
2025-11-04 05:07:49,1.17.2,Bandit100,17,3.83,,20,100,0,Left,Left,136,209,185,5,,,0.12
2025-11-04 05:07:52,1.17.2,Bandit100,17,3.83,2.0,20,100,0,Pellet,Left,136,209,186,5,1.07,20.0,
2025-11-04 05:08:13,1.17.2,Bandit100,17,3.83,,20,100,0,Right,Left,136,210,186,6,,,0.07
2025-11-04 05:09:01,1.17.2,Bandit100,17,3.83,,20,100,0,Left,Left,137,210,186,6,,,0.11
2025-11-04 05:09:04,1.17.2,Bandit100,17,3.83,2.0,20,100,0,Pellet,Left,137,210,187,6,0.89,72.0,
2025-11-04 05:09:13,1.17.2,Bandit100,17,3.82,,20,100,0,Left,Left,138,210,187,7,,,0.04
2025-11-04 05:09:16,1.17.2,Bandit100,17,3.83,1.0,20,100,0,Pellet,Left,138,210,188,7,1.37,11.0,
2025-11-04 05:09:34,1.17.2,Bandit100,17,3.83,,20,100,0,Right,Left,138,211,188,8,,,0.0
2025-11-04 05:10:42,1.17.2,Bandit100,17,3.83,,20,100,0,Right,Left,138,212,188,8,,,0.11
2025-11-04 05:10:49,1.17.2,Bandit100,17,3.83,,20,100,0,LeftinTimeOut,Left,138,212,188,8,,,
2025-11-04 05:16:05,1.17.2,Bandit100,17,3.83,,20,100,0,Right,Left,138,213,188,8,,,0.08
2025-11-04 06:26:17,1.17.2,Bandit100,17,3.83,,20,100,0,Left,Left,139,213,188,8,,,0.02
2025-11-04 06:26:23,1.17.2,Bandit100,17,3.83,1.0,20,100,0,Pellet,Left,139,213,189,8,4.61,4628.0,
2025-11-04 06:26:47,1.17.2,Bandit100,17,3.83,,20,100,0,Left,Left,140,213,189,9,,,0.0
2025-11-04 06:26:50,1.17.2,Bandit100,17,3.82,1.0,20,100,0,Pellet,Left,140,213,190,9,2.45,27.0,
2025-11-04 06:27:04,1.17.2,Bandit100,17,3.83,,20,100,0,Left,Left,141,213,190,10,,,0.15
2025-11-04 06:27:06,1.17.2,Bandit100,17,3.83,1.0,20,100,0,Pellet,Left,141,213,191,10,1.43,16.0,
2025-11-04 06:27:25,1.17.2,Bandit100,17,3.83,,20,100,0,Left,Left,142,213,191,11,,,0.1
2025-11-04 06:27:30,1.17.2,Bandit100,17,3.83,2.0,20,100,0,Pellet,Left,142,213,192,11,2.57,24.0,
2025-11-04 06:28:09,1.17.2,Bandit100,17,3.83,,20,100,0,Left,Left,143,213,192,12,,,0.19
2025-11-04 06:28:11,1.17.2,Bandit100,17,3.82,1.0,20,100,0,Pellet,Left,143,213,193,12,1.07,41.0,
2025-11-04 06:28:30,1.17.2,Bandit100,17,3.83,,20,100,0,Left,Left,144,213,193,13,,,0.24
2025-11-04 06:28:32,1.17.2,Bandit100,17,3.83,1.0,20,100,0,Pellet,Left,144,213,194,13,1.49,21.0,
2025-11-04 06:28:43,1.17.2,Bandit100,17,3.83,,20,100,0,Left,Left,145,213,194,14,,,0.2
2025-11-04 06:28:46,1.17.2,Bandit100,17,3.82,1.0,20,100,0,Pellet,Left,145,213,195,14,2.69,14.0,
2025-11-04 06:29:04,1.17.2,Bandit100,17,3.83,,20,100,0,Left,Left,146,213,195,15,,,0.01
2025-11-04 06:29:09,1.17.2,Bandit100,17,3.83,1.0,20,100,0,Pellet,Left,146,213,196,15,3.53,23.0,
2025-11-04 06:29:37,1.17.2,Bandit100,17,3.83,,20,100,0,Left,Left,147,213,196,16,,,0.2
2025-11-04 06:29:39,1.17.2,Bandit100,17,3.83,1.0,20,100,0,Pellet,Left,147,213,197,16,1.25,30.0,
2025-11-04 06:34:31,1.17.2,Bandit100,17,3.83,,20,100,0,Left,Left,148,213,197,17,,,0.22
2025-11-04 06:34:33,1.17.2,Bandit100,17,3.83,1.0,20,100,0,Pellet,Left,148,213,198,17,1.07,294.0,
2025-11-04 07:49:36,1.17.2,Bandit100,17,3.83,,20,100,0,Left,Left,149,213,198,18,,,0.11
2025-11-04 07:49:40,1.17.2,Bandit100,17,3.83,2.0,20,100,0,Pellet,Left,149,213,199,18,1.55,4507.0,
2025-11-04 07:59:09,1.17.2,Bandit100,17,3.83,,20,100,0,Left,Left,150,213,199,19,,,0.22
2025-11-04 08:03:46,1.17.2,Bandit100,17,3.83,2.0,20,100,0,Pellet,Left,150,213,200,19,,846.0,
2025-11-04 08:50:42,1.17.2,Bandit100,17,3.82,,20,0,100,Left,Right,151,213,200,0,,,0.19
2025-11-04 08:50:43,1.17.2,Bandit100,17,3.83,,20,0,100,LeftinTimeOut,Right,151,213,200,0,,,
2025-11-04 09:12:28,1.17.2,Bandit100,17,3.83,,20,0,100,Right,Right,151,214,200,0,,,0.71
2025-11-04 09:12:34,1.17.2,Bandit100,17,3.83,1.0,20,0,100,Pellet,Right,151,214,201,0,5.63,4128.0,
2025-11-04 09:13:01,1.17.2,Bandit100,17,3.83,,20,0,100,Left,Right,152,214,201,1,,,0.17
2025-11-04 09:34:22,1.17.2,Bandit100,17,3.82,,20,0,100,Left,Right,153,214,201,1,,,0.18
2025-11-04 12:59:01,1.17.2,Bandit100,17,3.82,,20,0,100,Left,Right,154,214,201,1,,,0.25
2025-11-04 12:59:03,1.17.2,Bandit100,17,3.82,,20,0,100,LeftinTimeOut,Right,154,214,201,1,,,
2025-11-04 12:59:06,1.17.2,Bandit100,17,3.82,,20,0,100,LeftinTimeOut,Right,154,214,201,1,,,
2025-11-04 13:00:28,1.17.2,Bandit100,17,3.82,,20,0,100,Left,Right,155,214,201,1,,,0.19
2025-11-04 13:03:44,1.17.2,Bandit100,17,3.82,,20,0,100,Left,Right,156,214,201,1,,,0.03
2025-11-04 14:47:40,1.17.2,Bandit100,17,3.82,,20,0,100,Right,Right,156,215,201,1,,,0.28
2025-11-04 14:47:45,1.17.2,Bandit100,17,3.82,1.0,20,0,100,Pellet,Right,156,215,202,1,4.79,20111.0,
2025-11-04 14:47:59,1.17.2,Bandit100,17,3.82,,20,0,100,Right,Right,156,216,202,2,,,0.08
2025-11-04 14:48:01,1.17.2,Bandit100,17,3.82,1.0,20,0,100,Pellet,Right,156,216,203,2,1.85,16.0,
2025-11-04 14:48:29,1.17.2,Bandit100,17,3.82,,20,0,100,Right,Right,156,217,203,3,,,0.09
2025-11-04 14:48:31,1.17.2,Bandit100,17,3.82,1.0,20,0,100,Pellet,Right,156,217,204,3,1.43,30.0,
2025-11-04 14:48:41,1.17.2,Bandit100,17,3.82,,20,0,100,Right,Right,156,218,204,4,,,0.24
2025-11-04 14:48:47,1.17.2,Bandit100,17,3.82,3.0,20,0,100,Pellet,Right,156,218,205,4,1.55,16.0,
2025-11-04 14:48:59,1.17.2,Bandit100,17,3.82,,20,0,100,Right,Right,156,219,205,5,,,0.16
2025-11-04 14:49:03,1.17.2,Bandit100,17,3.82,1.0,20,0,100,Pellet,Right,156,219,206,5,2.57,16.0,
2025-11-04 14:49:20,1.17.2,Bandit100,17,3.82,,20,0,100,Right,Right,156,220,206,6,,,0.13
2025-11-04 14:49:25,1.17.2,Bandit100,17,3.81,1.0,20,0,100,Pellet,Right,156,220,207,6,3.89,22.0,
2025-11-04 14:49:39,1.17.2,Bandit100,17,3.82,,20,0,100,Left,Right,157,220,207,7,,,0.03
2025-11-04 14:49:40,1.17.2,Bandit100,17,3.82,,20,0,100,LeftinTimeOut,Right,157,220,207,7,,,
2025-11-04 14:55:34,1.17.2,Bandit100,17,3.82,,20,0,100,Left,Right,158,220,207,7,,,0.3
2025-11-04 16:59:28,1.17.2,Bandit100,17,3.82,,20,0,100,Left,Right,159,220,207,7,,,0.23
2025-11-04 16:59:32,1.17.2,Bandit100,17,3.82,,20,0,100,LeftinTimeOut,Right,159,220,207,7,,,
2025-11-04 17:00:01,1.17.2,Bandit100,17,3.82,,20,0,100,Left,Right,160,220,207,7,,,0.34
2025-11-04 17:00:03,1.17.2,Bandit100,17,3.82,,20,0,100,LeftinTimeOut,Right,160,220,207,7,,,
2025-11-04 17:00:03,1.17.2,Bandit100,17,3.82,,20,0,100,LeftinTimeOut,Right,160,220,207,7,,,
2025-11-04 17:00:04,1.17.2,Bandit100,17,3.82,,20,0,100,LeftinTimeOut,Right,160,220,207,7,,,
2025-11-04 17:00:07,1.17.2,Bandit100,17,3.82,,20,0,100,LeftinTimeOut,Right,160,220,207,7,,,
2025-11-04 17:00:07,1.17.2,Bandit100,17,3.82,,20,0,100,LeftinTimeOut,Right,160,220,207,7,,,
2025-11-04 17:00:08,1.17.2,Bandit100,17,3.82,,20,0,100,LeftinTimeOut,Right,160,220,207,7,,,
2025-11-04 17:00:10,1.17.2,Bandit100,17,3.82,,20,0,100,LeftinTimeOut,Right,160,220,207,7,,,
2025-11-04 17:00:16,1.17.2,Bandit100,17,3.81,,20,0,100,RightinTimeout,Right,160,220,207,7,,,0.0
2025-11-04 17:00:17,1.17.2,Bandit100,17,3.82,,20,0,100,RightinTimeout,Right,160,220,207,7,,,0.0
2025-11-04 17:00:18,1.17.2,Bandit100,17,3.82,,20,0,100,RightinTimeout,Right,160,220,207,7,,,0.0
2025-11-04 17:00:18,1.17.2,Bandit100,17,3.82,,20,0,100,RightinTimeout,Right,160,220,207,7,,,0.0
2025-11-04 17:00:18,1.17.2,Bandit100,17,3.82,,20,0,100,RightinTimeout,Right,160,220,207,7,,,0.0
2025-11-04 17:00:20,1.17.2,Bandit100,17,3.82,,20,0,100,RightinTimeout,Right,160,220,207,7,,,0.0
2025-11-04 17:00:20,1.17.2,Bandit100,17,3.82,,20,0,100,RightinTimeout,Right,160,220,207,7,,,0.0
2025-11-04 17:00:22,1.17.2,Bandit100,17,3.82,,20,0,100,RightinTimeout,Right,160,220,207,7,,,0.0
2025-11-04 17:00:22,1.17.2,Bandit100,17,3.82,,20,0,100,RightinTimeout,Right,160,220,207,7,,,0.0
2025-11-04 17:00:27,1.17.2,Bandit100,17,3.82,,20,0,100,RightinTimeout,Right,160,220,207,7,,,0.0
2025-11-04 17:00:27,1.17.2,Bandit100,17,3.82,,20,0,100,RightinTimeout,Right,160,220,207,7,,,0.0
2025-11-04 17:00:31,1.17.2,Bandit100,17,3.82,,20,0,100,RightinTimeout,Right,160,220,207,7,,,0.0
2025-11-04 17:00:31,1.17.2,Bandit100,17,3.81,,20,0,100,RightinTimeout,Right,160,220,207,7,,,0.0
2025-11-04 17:00:37,1.17.2,Bandit100,17,3.82,,20,0,100,RightinTimeout,Right,160,220,207,7,,,0.0
2025-11-04 17:00:37,1.17.2,Bandit100,17,3.82,,20,0,100,RightinTimeout,Right,160,220,207,7,,,0.0
2025-11-04 17:00:39,1.17.2,Bandit100,17,3.82,,20,0,100,RightinTimeout,Right,160,220,207,7,,,0.0
2025-11-04 17:51:53,1.17.2,Bandit100,17,3.82,,20,0,100,Right,Right,160,221,207,7,,,0.21
2025-11-04 17:51:57,1.17.2,Bandit100,17,3.82,1.0,20,0,100,Pellet,Right,160,221,208,7,3.17,10951.0,
2025-11-04 17:52:11,1.17.2,Bandit100,17,3.82,,20,0,100,Right,Right,160,222,208,8,,,0.23
2025-11-04 17:52:15,1.17.2,Bandit100,17,3.81,1.0,20,0,100,Pellet,Right,160,222,209,8,2.81,19.0,
2025-11-04 17:52:28,1.17.2,Bandit100,17,3.82,,20,0,100,Right,Right,160,223,209,9,,,0.18
2025-11-04 17:52:32,1.17.2,Bandit100,17,3.82,1.0,20,0,100,Pellet,Right,160,223,210,9,3.95,17.0,
2025-11-04 17:52:53,1.17.2,Bandit100,17,3.82,,20,0,100,Right,Right,160,224,210,10,,,0.36
2025-11-04 17:53:00,1.17.2,Bandit100,17,3.81,,20,0,100,LeftWithPellet,Right,160,224,210,10,,,0.15
2025-11-04 17:53:02,1.17.2,Bandit100,17,3.81,2.0,20,0,100,Pellet,Right,160,224,211,10,6.36,30.0,
2025-11-04 17:53:10,1.17.2,Bandit100,17,3.81,,20,0,100,Right,Right,160,225,211,11,,,0.25
2025-11-04 17:53:13,1.17.2,Bandit100,17,3.81,1.0,20,0,100,Pellet,Right,160,225,212,11,1.79,11.0,
2025-11-04 17:53:29,1.17.2,Bandit100,17,3.81,,20,0,100,Right,Right,160,226,212,12,,,0.22
2025-11-04 17:53:34,1.17.2,Bandit100,17,3.82,2.0,20,0,100,Pellet,Right,160,226,213,12,2.45,21.0,
2025-11-04 17:53:39,1.17.2,Bandit100,17,3.82,,20,0,100,Right,Right,160,227,213,13,,,0.23
2025-11-04 17:53:43,1.17.2,Bandit100,17,3.82,1.0,20,0,100,Pellet,Right,160,227,214,13,3.41,9.0,
2025-11-04 17:53:59,1.17.2,Bandit100,17,3.81,,20,0,100,Right,Right,160,228,214,14,,,0.02
2025-11-04 17:54:02,1.17.2,Bandit100,17,3.82,1.0,20,0,100,Pellet,Right,160,228,215,14,2.81,19.0,
2025-11-04 17:54:25,1.17.2,Bandit100,17,3.82,,20,0,100,Right,Right,160,229,215,15,,,0.11
2025-11-04 17:54:29,1.17.2,Bandit100,17,3.82,1.0,20,0,100,Pellet,Right,160,229,216,15,3.17,27.0,
2025-11-04 17:54:48,1.17.2,Bandit100,17,3.82,,20,0,100,Right,Right,160,230,216,16,,,0.13
2025-11-04 17:54:53,1.17.2,Bandit100,17,3.82,2.0,20,0,100,Pellet,Right,160,230,217,16,1.91,24.0,
2025-11-04 18:04:24,1.17.2,Bandit100,17,3.81,,20,0,100,Right,Right,160,231,217,17,,,0.34
2025-11-04 18:04:25,1.17.2,Bandit100,17,3.81,1.0,20,0,100,Pellet,Right,160,231,218,17,1.01,572.0,
2025-11-04 18:04:44,1.17.2,Bandit100,17,3.81,,20,0,100,Right,Right,160,232,218,18,,,0.06
2025-11-04 18:04:49,1.17.2,Bandit100,17,3.81,2.0,20,0,100,Pellet,Right,160,232,219,18,2.45,24.0,
2025-11-04 18:05:07,1.17.2,Bandit100,17,3.81,,20,0,100,Right,Right,160,233,219,19,,,0.03
2025-11-04 18:05:12,1.17.2,Bandit100,17,3.82,1.0,20,0,100,Pellet,Right,160,233,220,19,4.73,23.0,
2025-11-04 18:26:54,1.17.2,Bandit100,17,3.81,,20,100,0,Left,Left,161,233,220,0,,,0.03
2025-11-04 18:26:58,1.17.2,Bandit100,17,3.81,1.0,20,100,0,Pellet,Left,161,233,221,0,3.47,1306.0,
2025-11-04 18:28:01,1.17.2,Bandit100,17,3.82,,20,100,0,Right,Left,161,234,221,1,,,0.07
2025-11-04 18:28:02,1.17.2,Bandit100,17,3.81,,20,100,0,RightinTimeout,Left,161,234,221,1,,,0.0
2025-11-04 19:06:07,1.17.2,Bandit100,17,3.81,,20,100,0,Right,Left,161,235,221,1,,,0.07
2025-11-04 19:10:04,1.17.2,Bandit100,17,3.82,,20,100,0,Left,Left,162,235,221,1,,,0.16
2025-11-04 19:10:07,1.17.2,Bandit100,17,3.82,1.0,20,100,0,Pellet,Left,162,235,222,1,1.91,2589.0,
2025-11-04 19:10:24,1.17.2,Bandit100,17,3.81,,20,100,0,Left,Left,163,235,222,2,,,0.15
2025-11-04 19:10:30,1.17.2,Bandit100,17,3.82,2.0,20,100,0,Pellet,Left,163,235,223,2,3.17,23.0,
2025-11-04 19:10:50,1.17.2,Bandit100,17,3.82,,20,100,0,Right,Left,163,236,223,3,,,0.14
2025-11-04 19:10:51,1.17.2,Bandit100,17,3.81,,20,100,0,RightinTimeout,Left,163,236,223,3,,,0.0
2025-11-04 19:10:52,1.17.2,Bandit100,17,3.82,,20,100,0,RightinTimeout,Left,163,236,223,3,,,0.0
2025-11-04 19:12:55,1.17.2,Bandit100,17,3.81,,20,100,0,Left,Left,164,236,223,3,,,0.04
2025-11-04 19:12:57,1.17.2,Bandit100,17,3.82,1.0,20,100,0,Pellet,Left,164,236,224,3,1.19,147.0,
2025-11-04 19:13:10,1.17.2,Bandit100,17,3.81,,20,100,0,Right,Left,164,237,224,4,,,0.13
2025-11-04 19:13:13,1.17.2,Bandit100,17,3.81,,20,100,0,LeftinTimeOut,Left,164,237,224,4,,,
2025-11-04 19:13:15,1.17.2,Bandit100,17,3.81,,20,100,0,LeftinTimeOut,Left,164,237,224,4,,,
2025-11-04 19:13:16,1.17.2,Bandit100,17,3.81,,20,100,0,LeftinTimeOut,Left,164,237,224,4,,,
2025-11-04 19:13:28,1.17.2,Bandit100,17,3.81,,20,100,0,Left,Left,165,237,224,4,,,0.21
2025-11-04 19:13:29,1.17.2,Bandit100,17,3.81,1.0,20,100,0,Pellet,Left,165,237,225,4,0.65,32.0,
2025-11-04 19:13:37,1.17.2,Bandit100,17,3.81,,20,100,0,Left,Left,166,237,225,5,,,0.13
2025-11-04 19:13:40,1.17.2,Bandit100,17,3.82,1.0,20,100,0,Pellet,Left,166,237,226,5,1.97,11.0,
2025-11-04 19:13:52,1.17.2,Bandit100,17,3.81,,20,100,0,Right,Left,166,238,226,6,,,0.18
2025-11-04 19:13:56,1.17.2,Bandit100,17,3.81,,20,100,0,LeftinTimeOut,Left,166,238,226,6,,,
2025-11-04 19:15:05,1.17.2,Bandit100,17,3.81,,20,100,0,Right,Left,166,239,226,6,,,0.17
2025-11-04 19:15:06,1.17.2,Bandit100,17,3.8,,20,100,0,RightinTimeout,Left,166,239,226,6,,,0.0
2025-11-04 19:15:06,1.17.2,Bandit100,17,3.81,,20,100,0,RightinTimeout,Left,166,239,226,6,,,0.0
2025-11-04 19:15:07,1.17.2,Bandit100,17,3.82,,20,100,0,RightinTimeout,Left,166,239,226,6,,,0.0
2025-11-04 19:15:08,1.17.2,Bandit100,17,3.81,,20,100,0,RightinTimeout,Left,166,239,226,6,,,0.0
2025-11-04 19:15:11,1.17.2,Bandit100,17,3.82,,20,100,0,LeftinTimeOut,Left,166,239,226,6,,,
2025-11-04 19:17:45,1.17.2,Bandit100,17,3.82,,20,100,0,Right,Left,166,240,226,6,,,0.15
2025-11-04 19:22:22,1.17.2,Bandit100,17,3.81,,20,100,0,Left,Left,167,240,226,6,,,0.27
2025-11-04 19:22:24,1.17.2,Bandit100,17,3.81,1.0,20,100,0,Pellet,Left,167,240,227,6,1.19,524.0,
2025-11-04 19:22:32,1.17.2,Bandit100,17,3.82,,20,100,0,Left,Left,168,240,227,7,,,0.03
2025-11-04 19:22:34,1.17.2,Bandit100,17,3.81,1.0,20,100,0,Pellet,Left,168,240,228,7,1.19,10.0,
2025-11-04 19:22:44,1.17.2,Bandit100,17,3.82,,20,100,0,Left,Left,169,240,228,8,,,0.18
2025-11-04 19:22:46,1.17.2,Bandit100,17,3.81,1.0,20,100,0,Pellet,Left,169,240,229,8,1.31,12.0,
2025-11-04 19:23:01,1.17.2,Bandit100,17,3.81,,20,100,0,Left,Left,170,240,229,9,,,0.15
2025-11-04 19:23:07,1.17.2,Bandit100,17,3.82,2.0,20,100,0,Pellet,Left,170,240,230,9,3.35,21.0,
2025-11-04 19:23:18,1.17.2,Bandit100,17,3.82,,20,100,0,Left,Left,171,240,230,10,,,0.07
2025-11-04 19:23:21,1.17.2,Bandit100,17,3.81,1.0,20,100,0,Pellet,Left,171,240,231,10,2.69,14.0,
2025-11-04 19:23:36,1.17.2,Bandit100,17,3.81,,20,100,0,Right,Left,171,241,231,11,,,0.09
2025-11-04 19:23:43,1.17.2,Bandit100,17,3.81,,20,100,0,RightinTimeout,Left,171,241,231,11,,,0.0
2025-11-04 19:23:44,1.17.2,Bandit100,17,3.82,,20,100,0,RightinTimeout,Left,171,241,231,11,,,0.0
2025-11-04 19:23:45,1.17.2,Bandit100,17,3.81,,20,100,0,RightinTimeout,Left,171,241,231,11,,,0.0
2025-11-04 19:25:12,1.17.2,Bandit100,17,3.81,,20,100,0,Left,Left,172,241,231,11,,,0.03
2025-11-04 19:25:14,1.17.2,Bandit100,17,3.81,1.0,20,100,0,Pellet,Left,172,241,232,11,0.83,113.0,
2025-11-04 19:26:01,1.17.2,Bandit100,17,3.81,,20,100,0,Left,Left,173,241,232,12,,,0.15
2025-11-04 19:26:02,1.17.2,Bandit100,17,3.82,1.0,20,100,0,Pellet,Left,173,241,233,12,0.71,48.0,
2025-11-04 19:28:31,1.17.2,Bandit100,17,3.81,,20,100,0,Left,Left,174,241,233,13,,,0.02
2025-11-04 19:29:13,1.17.2,Bandit100,17,3.82,1.0,20,100,0,Pellet,Left,174,241,234,13,40.87,191.0,
2025-11-04 19:33:25,1.17.2,Bandit100,17,3.81,,20,100,0,Right,Left,174,242,234,14,,,0.12
2025-11-04 19:43:12,1.17.2,Bandit100,17,3.81,,20,100,0,Right,Left,174,243,234,14,,,0.07
2025-11-04 19:43:13,1.17.2,Bandit100,17,3.81,,20,100,0,RightinTimeout,Left,174,243,234,14,,,0.0
2025-11-04 19:43:15,1.17.2,Bandit100,17,3.82,,20,100,0,RightinTimeout,Left,174,243,234,14,,,0.0
2025-11-04 19:43:15,1.17.2,Bandit100,17,3.81,,20,100,0,RightinTimeout,Left,174,243,234,14,,,0.0
2025-11-04 19:43:16,1.17.2,Bandit100,17,3.81,,20,100,0,RightinTimeout,Left,174,243,234,14,,,0.0
2025-11-04 19:43:16,1.17.2,Bandit100,17,3.81,,20,100,0,RightinTimeout,Left,174,243,234,14,,,0.0
2025-11-04 19:43:17,1.17.2,Bandit100,17,3.82,,20,100,0,RightinTimeout,Left,174,243,234,14,,,0.0
2025-11-04 19:43:17,1.17.2,Bandit100,17,3.81,,20,100,0,RightinTimeout,Left,174,243,234,14,,,0.0
2025-11-04 19:43:17,1.17.2,Bandit100,17,3.82,,20,100,0,RightinTimeout,Left,174,243,234,14,,,0.0
2025-11-04 19:43:18,1.17.2,Bandit100,17,3.81,,20,100,0,RightinTimeout,Left,174,243,234,14,,,0.0
2025-11-04 19:43:18,1.17.2,Bandit100,17,3.81,,20,100,0,RightinTimeout,Left,174,243,234,14,,,0.0
2025-11-04 19:43:19,1.17.2,Bandit100,17,3.8,,20,100,0,RightinTimeout,Left,174,243,234,14,,,0.0
2025-11-04 19:43:19,1.17.2,Bandit100,17,3.81,,20,100,0,RightinTimeout,Left,174,243,234,14,,,0.0
2025-11-04 19:43:23,1.17.2,Bandit100,17,3.81,,20,100,0,RightinTimeout,Left,174,243,234,14,,,0.0
2025-11-04 19:43:23,1.17.2,Bandit100,17,3.8,,20,100,0,RightinTimeout,Left,174,243,234,14,,,0.0
2025-11-04 19:43:24,1.17.2,Bandit100,17,3.81,,20,100,0,RightinTimeout,Left,174,243,234,14,,,0.0
2025-11-04 19:43:25,1.17.2,Bandit100,17,3.81,,20,100,0,RightinTimeout,Left,174,243,234,14,,,0.0
2025-11-04 19:43:25,1.17.2,Bandit100,17,3.81,,20,100,0,RightinTimeout,Left,174,243,234,14,,,0.0
2025-11-04 19:43:25,1.17.2,Bandit100,17,3.82,,20,100,0,RightinTimeout,Left,174,243,234,14,,,0.0
2025-11-04 19:43:26,1.17.2,Bandit100,17,3.81,,20,100,0,RightinTimeout,Left,174,243,234,14,,,0.0
2025-11-04 19:43:26,1.17.2,Bandit100,17,3.81,,20,100,0,RightinTimeout,Left,174,243,234,14,,,0.0
2025-11-04 19:43:26,1.17.2,Bandit100,17,3.8,,20,100,0,RightinTimeout,Left,174,243,234,14,,,0.0
2025-11-04 19:43:50,1.17.2,Bandit100,17,3.81,,20,100,0,Right,Left,174,244,234,14,,,0.36
2025-11-04 19:43:52,1.17.2,Bandit100,17,3.81,,20,100,0,RightinTimeout,Left,174,244,234,14,,,0.0
2025-11-04 19:43:52,1.17.2,Bandit100,17,3.81,,20,100,0,RightinTimeout,Left,174,244,234,14,,,0.0
2025-11-04 19:43:52,1.17.2,Bandit100,17,3.82,,20,100,0,RightinTimeout,Left,174,244,234,14,,,0.0
2025-11-04 19:43:52,1.17.2,Bandit100,17,3.82,,20,100,0,RightinTimeout,Left,174,244,234,14,,,0.0
2025-11-04 19:43:54,1.17.2,Bandit100,17,3.81,,20,100,0,RightinTimeout,Left,174,244,234,14,,,0.0
2025-11-04 19:43:54,1.17.2,Bandit100,17,3.82,,20,100,0,RightinTimeout,Left,174,244,234,14,,,0.0
2025-11-04 19:43:54,1.17.2,Bandit100,17,3.81,,20,100,0,RightinTimeout,Left,174,244,234,14,,,0.0
2025-11-04 19:43:56,1.17.2,Bandit100,17,3.81,,20,100,0,RightinTimeout,Left,174,244,234,14,,,0.0
2025-11-04 19:43:56,1.17.2,Bandit100,17,3.82,,20,100,0,RightinTimeout,Left,174,244,234,14,,,0.0
2025-11-04 19:43:57,1.17.2,Bandit100,17,3.82,,20,100,0,RightinTimeout,Left,174,244,234,14,,,0.0
2025-11-04 19:43:57,1.17.2,Bandit100,17,3.82,,20,100,0,RightinTimeout,Left,174,244,234,14,,,0.0
2025-11-04 19:43:57,1.17.2,Bandit100,17,3.81,,20,100,0,RightinTimeout,Left,174,244,234,14,,,0.0
2025-11-04 19:43:59,1.17.2,Bandit100,17,3.81,,20,100,0,RightinTimeout,Left,174,244,234,14,,,0.0
2025-11-04 19:44:00,1.17.2,Bandit100,17,3.81,,20,100,0,RightinTimeout,Left,174,244,234,14,,,0.0
2025-11-04 19:44:00,1.17.2,Bandit100,17,3.82,,20,100,0,RightinTimeout,Left,174,244,234,14,,,0.0
2025-11-04 19:44:00,1.17.2,Bandit100,17,3.82,,20,100,0,RightinTimeout,Left,174,244,234,14,,,0.0
2025-11-04 19:44:04,1.17.2,Bandit100,17,3.81,,20,100,0,RightinTimeout,Left,174,244,234,14,,,0.0
2025-11-04 19:44:05,1.17.2,Bandit100,17,3.8,,20,100,0,RightinTimeout,Left,174,244,234,14,,,0.0
2025-11-04 19:44:22,1.17.2,Bandit100,17,3.82,,20,100,0,Right,Left,174,245,234,14,,,0.22
2025-11-04 19:45:07,1.17.2,Bandit100,17,3.82,,20,100,0,Right,Left,174,246,234,14,,,0.11
2025-11-04 19:45:08,1.17.2,Bandit100,17,3.81,,20,100,0,RightinTimeout,Left,174,246,234,14,,,0.0
2025-11-04 19:45:12,1.17.2,Bandit100,17,3.82,,20,100,0,LeftinTimeOut,Left,174,246,234,14,,,
2025-11-04 19:45:13,1.17.2,Bandit100,17,3.81,,20,100,0,LeftinTimeOut,Left,174,246,234,14,,,
2025-11-04 19:45:14,1.17.2,Bandit100,17,3.81,,20,100,0,LeftinTimeOut,Left,174,246,234,14,,,
2025-11-04 19:45:14,1.17.2,Bandit100,17,3.81,,20,100,0,LeftinTimeOut,Left,174,246,234,14,,,
2025-11-04 19:45:14,1.17.2,Bandit100,17,3.8,,20,100,0,LeftinTimeOut,Left,174,246,234,14,,,
2025-11-04 19:45:15,1.17.2,Bandit100,17,3.81,,20,100,0,LeftinTimeOut,Left,174,246,234,14,,,
2025-11-04 19:45:15,1.17.2,Bandit100,17,3.81,,20,100,0,LeftinTimeOut,Left,174,246,234,14,,,
2025-11-04 19:45:17,1.17.2,Bandit100,17,3.8,,20,100,0,LeftinTimeOut,Left,174,246,234,14,,,
2025-11-04 19:45:19,1.17.2,Bandit100,17,3.81,,20,100,0,LeftinTimeOut,Left,174,246,234,14,,,
2025-11-04 19:45:19,1.17.2,Bandit100,17,3.8,,20,100,0,LeftinTimeOut,Left,174,246,234,14,,,
2025-11-04 19:46:52,1.17.2,Bandit100,17,3.8,,20,100,0,Left,Left,175,246,234,14,,,0.1
2025-11-04 19:46:53,1.17.2,Bandit100,17,3.81,1.0,20,100,0,Pellet,Left,175,246,235,14,0.71,1060.0,
2025-11-04 19:47:07,1.17.2,Bandit100,17,3.81,,20,100,0,Left,Left,176,246,235,15,,,0.06
2025-11-04 19:47:09,1.17.2,Bandit100,17,3.82,1.0,20,100,0,Pellet,Left,176,246,236,15,1.55,16.0,
2025-11-04 19:47:21,1.17.2,Bandit100,17,3.81,,20,100,0,Right,Left,176,247,236,16,,,0.08
2025-11-04 19:47:22,1.17.2,Bandit100,17,3.81,,20,100,0,RightinTimeout,Left,176,247,236,16,,,0.0
2025-11-04 19:47:25,1.17.2,Bandit100,17,3.81,,20,100,0,RightinTimeout,Left,176,247,236,16,,,0.0
2025-11-04 19:47:27,1.17.2,Bandit100,17,3.81,,20,100,0,RightinTimeout,Left,176,247,236,16,,,0.0
2025-11-04 19:47:30,1.17.2,Bandit100,17,3.81,,20,100,0,LeftinTimeOut,Left,176,247,236,16,,,
2025-11-04 19:47:31,1.17.2,Bandit100,17,3.81,,20,100,0,LeftinTimeOut,Left,176,247,236,16,,,
2025-11-04 19:47:34,1.17.2,Bandit100,17,3.81,,20,100,0,LeftinTimeOut,Left,176,247,236,16,,,
2025-11-04 19:47:36,1.17.2,Bandit100,17,3.82,,20,100,0,LeftinTimeOut,Left,176,247,236,16,,,
2025-11-04 19:47:36,1.17.2,Bandit100,17,3.81,,20,100,0,LeftinTimeOut,Left,176,247,236,16,,,
2025-11-04 19:47:41,1.17.2,Bandit100,17,3.81,,20,100,0,RightinTimeout,Left,176,247,236,16,,,0.0
2025-11-04 19:47:41,1.17.2,Bandit100,17,3.82,,20,100,0,RightinTimeout,Left,176,247,236,16,,,0.0
2025-11-04 19:47:42,1.17.2,Bandit100,17,3.81,,20,100,0,RightinTimeout,Left,176,247,236,16,,,0.0
2025-11-04 19:47:42,1.17.2,Bandit100,17,3.82,,20,100,0,RightinTimeout,Left,176,247,236,16,,,0.0
2025-11-04 19:47:44,1.17.2,Bandit100,17,3.82,,20,100,0,RightinTimeout,Left,176,247,236,16,,,0.0
2025-11-04 19:47:44,1.17.2,Bandit100,17,3.82,,20,100,0,RightinTimeout,Left,176,247,236,16,,,0.0
2025-11-04 19:47:49,1.17.2,Bandit100,17,3.81,,20,100,0,LeftinTimeOut,Left,176,247,236,16,,,
2025-11-04 19:47:50,1.17.2,Bandit100,17,3.82,,20,100,0,LeftinTimeOut,Left,176,247,236,16,,,
2025-11-04 19:47:52,1.17.2,Bandit100,17,3.82,,20,100,0,LeftinTimeOut,Left,176,247,236,16,,,
2025-11-04 19:47:52,1.17.2,Bandit100,17,3.82,,20,100,0,LeftinTimeOut,Left,176,247,236,16,,,
2025-11-04 19:48:37,1.17.2,Bandit100,17,3.81,,20,100,0,Right,Left,176,248,236,16,,,0.12
2025-11-04 19:48:37,1.17.2,Bandit100,17,3.82,,20,100,0,RightinTimeout,Left,176,248,236,16,,,0.0
2025-11-04 19:48:38,1.17.2,Bandit100,17,3.81,,20,100,0,RightinTimeout,Left,176,248,236,16,,,0.0
2025-11-04 19:48:40,1.17.2,Bandit100,17,3.81,,20,100,0,RightinTimeout,Left,176,248,236,16,,,0.0
2025-11-04 19:48:41,1.17.2,Bandit100,17,3.81,,20,100,0,RightinTimeout,Left,176,248,236,16,,,0.0
2025-11-04 19:48:41,1.17.2,Bandit100,17,3.82,,20,100,0,RightinTimeout,Left,176,248,236,16,,,0.0
2025-11-04 19:54:30,1.17.2,Bandit100,17,3.81,,20,100,0,Right,Left,176,249,236,16,,,0.01
2025-11-04 19:54:32,1.17.2,Bandit100,17,3.8,,20,100,0,RightinTimeout,Left,176,249,236,16,,,0.0
2025-11-04 19:54:32,1.17.2,Bandit100,17,3.81,,20,100,0,RightinTimeout,Left,176,249,236,16,,,0.0
2025-11-04 19:54:34,1.17.2,Bandit100,17,3.81,,20,100,0,RightinTimeout,Left,176,249,236,16,,,0.0
2025-11-04 19:54:36,1.17.2,Bandit100,17,3.81,,20,100,0,RightinTimeout,Left,176,249,236,16,,,0.0
2025-11-04 19:54:38,1.17.2,Bandit100,17,3.82,,20,100,0,RightinTimeout,Left,176,249,236,16,,,0.0
2025-11-04 19:54:38,1.17.2,Bandit100,17,3.81,,20,100,0,RightinTimeout,Left,176,249,236,16,,,0.0
2025-11-04 19:54:41,1.17.2,Bandit100,17,3.8,,20,100,0,RightinTimeout,Left,176,249,236,16,,,0.0
2025-11-04 19:54:43,1.17.2,Bandit100,17,3.81,,20,100,0,RightinTimeout,Left,176,249,236,16,,,0.0
2025-11-04 19:54:43,1.17.2,Bandit100,17,3.8,,20,100,0,RightinTimeout,Left,176,249,236,16,,,0.0
2025-11-04 19:54:43,1.17.2,Bandit100,17,3.8,,20,100,0,RightinTimeout,Left,176,249,236,16,,,0.0
2025-11-04 19:54:44,1.17.2,Bandit100,17,3.81,,20,100,0,RightinTimeout,Left,176,249,236,16,,,0.0
2025-11-04 19:54:46,1.17.2,Bandit100,17,3.81,,20,100,0,RightinTimeout,Left,176,249,236,16,,,0.0
2025-11-04 19:54:58,1.17.2,Bandit100,17,3.81,,20,100,0,Left,Left,177,249,236,16,,,0.12
2025-11-04 19:55:04,1.17.2,Bandit100,17,3.82,2.0,20,100,0,Pellet,Left,177,249,237,16,3.23,475.0,
2025-11-04 19:55:16,1.17.2,Bandit100,17,3.8,,20,100,0,Left,Left,178,249,237,17,,,0.11
2025-11-04 19:55:18,1.17.2,Bandit100,17,3.81,1.0,20,100,0,Pellet,Left,178,249,238,17,1.25,14.0,
2025-11-04 19:55:36,1.17.2,Bandit100,17,3.81,,20,100,0,Left,Left,179,249,238,18,,,0.18
2025-11-04 19:55:40,1.17.2,Bandit100,17,3.81,2.0,20,100,0,Pellet,Left,179,249,239,18,0.83,22.0,
2025-11-04 19:55:54,1.17.2,Bandit100,17,3.81,,20,100,0,Left,Left,180,249,239,19,,,0.07
2025-11-04 19:55:56,1.17.2,Bandit100,17,3.81,1.0,20,100,0,Pellet,Left,180,249,240,19,1.43,16.0,
2025-11-04 19:56:11,1.17.2,Bandit100,17,3.8,,20,0,100,Left,Right,181,249,240,0,,,0.07
2025-11-04 19:56:16,1.17.2,Bandit100,17,3.81,,20,0,100,LeftinTimeOut,Right,181,249,240,0,,,
2025-11-04 19:56:21,1.17.2,Bandit100,17,3.81,,20,0,100,LeftinTimeOut,Right,181,249,240,0,,,
2025-11-04 19:56:21,1.17.2,Bandit100,17,3.8,,20,0,100,LeftinTimeOut,Right,181,249,240,0,,,
2025-11-04 19:56:23,1.17.2,Bandit100,17,3.81,,20,0,100,LeftinTimeOut,Right,181,249,240,0,,,
2025-11-04 19:56:26,1.17.2,Bandit100,17,3.81,,20,0,100,LeftinTimeOut,Right,181,249,240,0,,,
2025-11-04 19:56:29,1.17.2,Bandit100,17,3.81,,20,0,100,RightinTimeout,Right,181,249,240,0,,,0.0
2025-11-04 19:56:30,1.17.2,Bandit100,17,3.82,,20,0,100,RightinTimeout,Right,181,249,240,0,,,0.0
2025-11-04 19:56:31,1.17.2,Bandit100,17,3.81,,20,0,100,RightinTimeout,Right,181,249,240,0,,,0.0
2025-11-04 19:58:39,1.17.2,Bandit100,17,3.82,,20,0,100,Left,Right,182,249,240,0,,,0.08
2025-11-04 20:00:58,1.17.2,Bandit100,17,3.82,,20,0,100,Right,Right,182,250,240,0,,,0.06
2025-11-04 20:01:00,1.17.2,Bandit100,17,3.82,1.0,20,0,100,Pellet,Right,182,250,241,0,1.97,304.0,
2025-11-04 20:01:31,1.17.2,Bandit100,17,3.81,,20,0,100,Left,Right,183,250,241,1,,,0.08
2025-11-04 20:08:28,1.17.2,Bandit100,17,3.81,,20,0,100,Right,Right,183,251,241,1,,,0.09
2025-11-04 20:08:31,1.17.2,Bandit100,17,3.82,1.0,20,0,100,Pellet,Right,183,251,242,1,1.55,451.0,
2025-11-04 20:08:42,1.17.2,Bandit100,17,3.81,,20,0,100,Right,Right,183,252,242,2,,,0.08
2025-11-04 20:08:42,1.17.2,Bandit100,17,3.81,,20,0,100,RightDuringDispense,Right,183,252,242,2,,,0.13
2025-11-04 20:08:48,1.17.2,Bandit100,17,3.81,3.0,20,0,100,Pellet,Right,183,252,243,2,0.83,17.0,
2025-11-04 20:08:57,1.17.2,Bandit100,17,3.8,,20,0,100,Right,Right,183,253,243,3,,,0.07
2025-11-04 20:09:00,1.17.2,Bandit100,17,3.81,1.0,20,0,100,Pellet,Right,183,253,244,3,1.49,11.0,
2025-11-04 20:09:11,1.17.2,Bandit100,17,3.81,,20,0,100,Right,Right,183,254,244,4,,,0.03
2025-11-04 20:09:11,1.17.2,Bandit100,17,3.81,,20,0,100,RightDuringDispense,Right,183,254,244,4,,,0.04
2025-11-04 20:09:19,1.17.2,Bandit100,17,3.81,,20,0,100,RightWithPellet,Right,183,255,244,4,,,0.18
2025-11-04 20:09:20,1.17.2,Bandit100,17,3.81,4.0,20,0,100,Pellet,Right,183,255,245,4,1.59,21.0,
2025-11-04 20:09:34,1.17.2,Bandit100,17,3.82,,20,0,100,Right,Right,183,256,245,5,,,0.11
2025-11-04 20:09:36,1.17.2,Bandit100,17,3.8,1.0,20,0,100,Pellet,Right,183,256,246,5,1.67,16.0,
2025-11-04 20:09:47,1.17.2,Bandit100,17,3.8,,20,0,100,Right,Right,183,257,246,6,,,0.1
2025-11-04 20:09:48,1.17.2,Bandit100,17,3.8,1.0,20,0,100,Pellet,Right,183,257,247,6,1.01,12.0,
2025-11-04 20:09:57,1.17.2,Bandit100,17,3.81,,20,0,100,Right,Right,183,258,247,7,,,0.16
2025-11-04 20:10:03,1.17.2,Bandit100,17,3.82,2.0,20,0,100,Pellet,Right,183,258,248,7,3.77,15.0,
2025-11-04 20:10:30,1.17.2,Bandit100,17,3.81,,20,0,100,Left,Right,184,258,248,8,,,0.17
2025-11-04 20:10:33,1.17.2,Bandit100,17,3.81,,20,0,100,RightinTimeout,Right,184,258,248,8,,,0.0
2025-11-04 20:10:34,1.17.2,Bandit100,17,3.81,,20,0,100,RightinTimeout,Right,184,258,248,8,,,0.0
2025-11-04 20:10:35,1.17.2,Bandit100,17,3.8,,20,0,100,RightinTimeout,Right,184,258,248,8,,,0.0
2025-11-04 20:12:32,1.17.2,Bandit100,17,3.81,,20,0,100,Left,Right,185,258,248,8,,,0.01
2025-11-04 20:12:36,1.17.2,Bandit100,17,3.81,,20,0,100,LeftinTimeOut,Right,185,258,248,8,,,
2025-11-04 20:15:45,1.17.2,Bandit100,17,3.82,,20,0,100,Left,Right,186,258,248,8,,,0.04
2025-11-04 20:21:10,1.17.2,Bandit100,17,3.81,,20,0,100,Right,Right,186,259,248,8,,,0.02
2025-11-04 20:21:12,1.17.2,Bandit100,17,3.8,1.0,20,0,100,Pellet,Right,186,259,249,8,2.03,669.0,
2025-11-04 20:21:27,1.17.2,Bandit100,17,3.82,,20,0,100,Right,Right,186,260,249,9,,,0.07
2025-11-04 20:21:31,1.17.2,Bandit100,17,3.81,2.0,20,0,100,Pellet,Right,186,260,250,9,1.07,19.0,
2025-11-04 20:21:39,1.17.2,Bandit100,17,3.81,,20,0,100,Right,Right,186,261,250,10,,,0.07
2025-11-04 20:21:41,1.17.2,Bandit100,17,3.81,1.0,20,0,100,Pellet,Right,186,261,251,10,1.07,10.0,
2025-11-04 20:22:40,1.17.2,Bandit100,17,3.81,,20,0,100,Right,Right,186,262,251,11,,,0.03
2025-11-04 20:22:42,1.17.2,Bandit100,17,3.8,1.0,20,0,100,Pellet,Right,186,262,252,11,1.25,61.0,
2025-11-04 20:29:02,1.17.2,Bandit100,17,3.81,,20,0,100,Right,Right,186,263,252,12,,,0.1
2025-11-04 20:29:05,1.17.2,Bandit100,17,3.81,1.0,20,0,100,Pellet,Right,186,263,253,12,2.03,383.0,
2025-11-04 20:29:59,1.17.2,Bandit100,17,3.81,,20,0,100,Right,Right,186,264,253,13,,,0.01
2025-11-04 20:30:02,1.17.2,Bandit100,17,3.81,2.0,20,0,100,Pellet,Right,186,264,254,13,1.01,57.0,
2025-11-04 20:30:15,1.17.2,Bandit100,17,3.81,,20,0,100,Right,Right,186,265,254,14,,,0.17
2025-11-04 20:30:17,1.17.2,Bandit100,17,3.81,1.0,20,0,100,Pellet,Right,186,265,255,14,0.89,15.0,
2025-11-04 20:30:44,1.17.2,Bandit100,17,3.81,,20,0,100,Right,Right,186,266,255,15,,,0.15
2025-11-04 20:30:48,1.17.2,Bandit100,17,3.81,2.0,20,0,100,Pellet,Right,186,266,256,15,1.19,31.0,
2025-11-04 20:31:04,1.17.2,Bandit100,17,3.81,,20,0,100,Right,Right,186,267,256,16,,,0.06
2025-11-04 20:31:06,1.17.2,Bandit100,17,3.81,1.0,20,0,100,Pellet,Right,186,267,257,16,1.61,18.0,
2025-11-04 20:31:13,1.17.2,Bandit100,17,3.81,,20,0,100,Right,Right,186,268,257,17,,,0.16
2025-11-04 20:31:16,1.17.2,Bandit100,17,3.81,1.0,20,0,100,Pellet,Right,186,268,258,17,1.61,10.0,
2025-11-04 20:31:32,1.17.2,Bandit100,17,3.81,,20,0,100,Right,Right,186,269,258,18,,,0.13
2025-11-04 20:31:35,1.17.2,Bandit100,17,3.81,1.0,20,0,100,Pellet,Right,186,269,259,18,1.43,18.0,
2025-11-04 20:31:42,1.17.2,Bandit100,17,3.8,,20,0,100,Right,Right,186,270,259,19,,,0.15
2025-11-04 20:31:46,1.17.2,Bandit100,17,3.8,2.0,20,0,100,Pellet,Right,186,270,260,19,1.01,12.0,
2025-11-04 20:31:56,1.17.2,Bandit100,17,3.8,,20,100,0,Right,Left,186,271,260,0,,,0.01
2025-11-04 20:31:57,1.17.2,Bandit100,17,3.81,,20,100,0,RightinTimeout,Left,186,271,260,0,,,0.0
2025-11-04 20:32:01,1.17.2,Bandit100,17,3.8,,20,100,0,RightinTimeout,Left,186,271,260,0,,,0.0
2025-11-04 20:32:06,1.17.2,Bandit100,17,3.81,,20,100,0,RightinTimeout,Left,186,271,260,0,,,0.0
2025-11-04 20:32:08,1.17.2,Bandit100,17,3.81,,20,100,0,RightinTimeout,Left,186,271,260,0,,,0.0
2025-11-04 20:39:51,1.17.2,Bandit100,17,3.81,,20,100,0,Left,Left,187,271,260,0,,,0.47
2025-11-04 20:39:52,1.17.2,Bandit100,17,3.81,1.0,20,100,0,Pellet,Left,187,271,261,0,1.01,486.0,
2025-11-04 20:41:53,1.17.2,Bandit100,17,3.81,,20,100,0,Right,Left,187,272,261,1,,,0.12
2025-11-04 20:41:54,1.17.2,Bandit100,17,3.81,,20,100,0,RightinTimeout,Left,187,272,261,1,,,0.0
2025-11-04 20:41:57,1.17.2,Bandit100,17,3.82,,20,100,0,RightinTimeout,Left,187,272,261,1,,,0.0
2025-11-04 20:54:39,1.17.2,Bandit100,17,3.81,,20,100,0,Right,Left,187,273,261,1,,,0.1
2025-11-04 20:54:42,1.17.2,Bandit100,17,3.81,,20,100,0,RightinTimeout,Left,187,273,261,1,,,0.0
2025-11-04 20:54:46,1.17.2,Bandit100,17,3.8,,20,100,0,RightinTimeout,Left,187,273,261,1,,,0.0
2025-11-04 20:54:47,1.17.2,Bandit100,17,3.81,,20,100,0,RightinTimeout,Left,187,273,261,1,,,0.0
2025-11-04 20:55:53,1.17.2,Bandit100,17,3.81,,20,100,0,Left,Left,188,273,261,1,,,0.06
2025-11-04 20:55:57,1.17.2,Bandit100,17,3.81,2.0,20,100,0,Pellet,Left,188,273,262,1,0.89,965.0,
2025-11-04 20:56:07,1.17.2,Bandit100,17,3.81,,20,100,0,Left,Left,189,273,262,2,,,0.01
2025-11-04 20:56:09,1.17.2,Bandit100,17,3.8,1.0,20,100,0,Pellet,Left,189,273,263,2,1.19,12.0,
2025-11-04 20:56:30,1.17.2,Bandit100,17,3.82,,20,100,0,Right,Left,189,274,263,3,,,0.02
2025-11-04 20:57:10,1.17.2,Bandit100,17,3.81,,20,100,0,Right,Left,189,275,263,3,,,0.1
2025-11-04 20:57:11,1.17.2,Bandit100,17,3.8,,20,100,0,RightinTimeout,Left,189,275,263,3,,,0.0
2025-11-04 20:57:11,1.17.2,Bandit100,17,3.81,,20,100,0,RightinTimeout,Left,189,275,263,3,,,0.0
2025-11-04 21:02:12,1.17.2,Bandit100,17,3.8,,20,100,0,Left,Left,190,275,263,3,,,0.02
2025-11-04 21:02:14,1.17.2,Bandit100,17,3.81,1.0,20,100,0,Pellet,Left,190,275,264,3,0.65,365.0,
2025-11-04 21:02:36,1.17.2,Bandit100,17,3.81,,20,100,0,Right,Left,190,276,264,4,,,0.13
2025-11-04 21:02:38,1.17.2,Bandit100,17,3.81,,20,100,0,RightinTimeout,Left,190,276,264,4,,,0.0
2025-11-04 21:02:41,1.17.2,Bandit100,17,3.81,,20,100,0,RightinTimeout,Left,190,276,264,4,,,0.0
2025-11-04 21:03:26,1.17.2,Bandit100,17,3.81,,20,100,0,Left,Left,191,276,264,4,,,0.03
2025-11-04 21:03:28,1.17.2,Bandit100,17,3.81,1.0,20,100,0,Pellet,Left,191,276,265,4,1.13,74.0,
2025-11-04 21:03:42,1.17.2,Bandit100,17,3.81,,20,100,0,Right,Left,191,277,265,5,,,0.05
2025-11-04 21:03:49,1.17.2,Bandit100,17,3.81,,20,100,0,RightinTimeout,Left,191,277,265,5,,,0.0
2025-11-04 21:03:49,1.17.2,Bandit100,17,3.8,,20,100,0,RightinTimeout,Left,191,277,265,5,,,0.0
2025-11-04 21:03:50,1.17.2,Bandit100,17,3.81,,20,100,0,RightinTimeout,Left,191,277,265,5,,,0.0
2025-11-04 21:03:51,1.17.2,Bandit100,17,3.8,,20,100,0,RightinTimeout,Left,191,277,265,5,,,0.0
2025-11-04 21:05:06,1.17.2,Bandit100,17,3.81,,20,100,0,Right,Left,191,278,265,5,,,0.17
2025-11-04 21:05:07,1.17.2,Bandit100,17,3.81,,20,100,0,RightinTimeout,Left,191,278,265,5,,,0.0
2025-11-04 21:05:14,1.17.2,Bandit100,17,3.81,,20,100,0,LeftinTimeOut,Left,191,278,265,5,,,
2025-11-04 21:07:01,1.17.2,Bandit100,17,3.81,,20,100,0,Left,Left,192,278,265,5,,,0.04
2025-11-04 21:07:04,1.17.2,Bandit100,17,3.81,2.0,20,100,0,Pellet,Left,192,278,266,5,0.41,216.0,
2025-11-04 21:07:16,1.17.2,Bandit100,17,3.8,,20,100,0,Right,Left,192,279,266,6,,,0.17
2025-11-04 21:07:17,1.17.2,Bandit100,17,3.8,,20,100,0,RightinTimeout,Left,192,279,266,6,,,0.0
2025-11-04 21:07:18,1.17.2,Bandit100,17,3.8,,20,100,0,RightinTimeout,Left,192,279,266,6,,,0.0
2025-11-04 21:07:18,1.17.2,Bandit100,17,3.8,,20,100,0,RightinTimeout,Left,192,279,266,6,,,0.0
2025-11-04 21:07:21,1.17.2,Bandit100,17,3.81,,20,100,0,RightinTimeout,Left,192,279,266,6,,,0.0
2025-11-04 21:07:21,1.17.2,Bandit100,17,3.82,,20,100,0,RightinTimeout,Left,192,279,266,6,,,0.0
2025-11-04 21:07:21,1.17.2,Bandit100,17,3.81,,20,100,0,RightinTimeout,Left,192,279,266,6,,,0.0
2025-11-04 21:07:24,1.17.2,Bandit100,17,3.81,,20,100,0,RightinTimeout,Left,192,279,266,6,,,0.0
2025-11-04 21:07:24,1.17.2,Bandit100,17,3.82,,20,100,0,RightinTimeout,Left,192,279,266,6,,,0.0
2025-11-04 21:08:06,1.17.2,Bandit100,17,3.81,,20,100,0,Left,Left,193,279,266,6,,,0.06
2025-11-04 21:08:07,1.17.2,Bandit100,17,3.81,1.0,20,100,0,Pellet,Left,193,279,267,6,0.95,63.0,
2025-11-04 21:08:39,1.17.2,Bandit100,17,3.81,,20,100,0,Right,Left,193,280,267,7,,,0.24
2025-11-04 21:08:40,1.17.2,Bandit100,17,3.81,,20,100,0,RightinTimeout,Left,193,280,267,7,,,0.0
2025-11-04 21:08:42,1.17.2,Bandit100,17,3.81,,20,100,0,RightinTimeout,Left,193,280,267,7,,,0.0
2025-11-04 21:11:51,1.17.2,Bandit100,17,3.81,,20,100,0,Right,Left,193,281,267,7,,,0.08
2025-11-04 21:11:53,1.17.2,Bandit100,17,3.81,,20,100,0,RightinTimeout,Left,193,281,267,7,,,0.0
2025-11-04 21:12:01,1.17.2,Bandit100,17,3.81,,20,100,0,RightinTimeout,Left,193,281,267,7,,,0.0
2025-11-04 21:12:07,1.17.2,Bandit100,17,3.81,,20,100,0,LeftinTimeOut,Left,193,281,267,7,,,
2025-11-04 21:12:09,1.17.2,Bandit100,17,3.81,,20,100,0,LeftinTimeOut,Left,193,281,267,7,,,
2025-11-04 21:12:12,1.17.2,Bandit100,17,3.81,,20,100,0,LeftinTimeOut,Left,193,281,267,7,,,
2025-11-04 21:15:49,1.17.2,Bandit100,17,3.81,,20,100,0,Left,Left,194,281,267,7,,,0.02
2025-11-04 21:15:54,1.17.2,Bandit100,17,3.81,2.0,20,100,0,Pellet,Left,194,281,268,7,2.21,467.0,
2025-11-04 21:17:44,1.17.2,Bandit100,17,3.8,,20,100,0,Left,Left,195,281,268,8,,,0.38
2025-11-04 21:17:46,1.17.2,Bandit100,17,3.8,1.0,20,100,0,Pellet,Left,195,281,269,8,0.77,112.0,
2025-11-04 21:18:01,1.17.2,Bandit100,17,3.81,,20,100,0,Left,Left,196,281,269,9,,,0.11
2025-11-04 21:18:02,1.17.2,Bandit100,17,3.81,1.0,20,100,0,Pellet,Left,196,281,270,9,0.77,16.0,
2025-11-04 21:24:48,1.17.2,Bandit100,17,3.81,,20,100,0,Left,Left,197,281,270,10,,,0.06
2025-11-04 21:24:49,1.17.2,Bandit100,17,3.81,1.0,20,100,0,Pellet,Left,197,281,271,10,0.95,407.0,
2025-11-04 21:26:09,1.17.2,Bandit100,17,3.81,,20,100,0,Left,Left,198,281,271,11,,,0.03
2025-11-04 21:26:13,1.17.2,Bandit100,17,3.81,2.0,20,100,0,Pellet,Left,198,281,272,11,1.25,84.0,
2025-11-04 21:26:21,1.17.2,Bandit100,17,3.81,,20,100,0,Left,Left,199,281,272,12,,,0.02
2025-11-04 21:26:25,1.17.2,Bandit100,17,3.8,1.0,20,100,0,Pellet,Left,199,281,273,12,3.17,12.0,
2025-11-04 21:26:34,1.17.2,Bandit100,17,3.81,,20,100,0,Right,Left,199,282,273,13,,,0.14
2025-11-04 21:27:21,1.17.2,Bandit100,17,3.81,,20,100,0,Left,Left,200,282,273,13,,,0.03
2025-11-04 21:27:23,1.17.2,Bandit100,17,3.81,1.0,20,100,0,Pellet,Left,200,282,274,13,1.31,58.0,
2025-11-04 21:27:27,1.17.2,Bandit100,17,3.8,,20,100,0,Left,Left,201,282,274,14,,,0.02
2025-11-04 21:27:30,1.17.2,Bandit100,17,3.81,1.0,20,100,0,Pellet,Left,201,282,275,14,2.15,7.0,
2025-11-04 21:27:35,1.17.2,Bandit100,17,3.82,,20,100,0,Left,Left,202,282,275,15,,,0.09
2025-11-04 21:27:37,1.17.2,Bandit100,17,3.8,1.0,20,100,0,Pellet,Left,202,282,276,15,1.25,7.0,
2025-11-04 21:27:48,1.17.2,Bandit100,17,3.81,,20,100,0,Right,Left,202,283,276,16,,,0.07
2025-11-04 21:32:50,1.17.2,Bandit100,17,3.8,,20,100,0,Right,Left,202,284,276,16,,,0.02
2025-11-04 21:32:52,1.17.2,Bandit100,17,3.81,,20,100,0,RightinTimeout,Left,202,284,276,16,,,0.0
2025-11-04 21:46:11,1.17.2,Bandit100,17,3.8,,20,100,0,Left,Left,203,284,276,16,,,0.09
2025-11-04 21:46:13,1.17.2,Bandit100,17,3.8,1.0,20,100,0,Pellet,Left,203,284,277,16,0.95,1116.0,
2025-11-04 21:47:33,1.17.2,Bandit100,17,3.8,,20,100,0,Right,Left,203,285,277,17,,,0.12
2025-11-04 21:47:34,1.17.2,Bandit100,17,3.81,,20,100,0,RightinTimeout,Left,203,285,277,17,,,0.0
2025-11-04 21:47:35,1.17.2,Bandit100,17,3.81,,20,100,0,RightinTimeout,Left,203,285,277,17,,,0.0
2025-11-04 21:47:37,1.17.2,Bandit100,17,3.81,,20,100,0,RightinTimeout,Left,203,285,277,17,,,0.0
2025-11-04 21:54:19,1.17.2,Bandit100,17,3.81,,20,100,0,Left,Left,204,285,277,17,,,0.06
2025-11-04 21:54:21,1.17.2,Bandit100,17,3.81,1.0,20,100,0,Pellet,Left,204,285,278,17,0.77,488.0,
2025-11-04 22:05:08,1.17.2,Bandit100,17,3.81,,20,100,0,Left,Left,205,285,278,18,,,0.06
2025-11-04 22:05:12,1.17.2,Bandit100,17,3.8,2.0,20,100,0,Pellet,Left,205,285,279,18,0.89,651.0,
2025-11-04 22:05:20,1.17.2,Bandit100,17,3.81,,20,100,0,Right,Left,205,286,279,19,,,0.06
2025-11-04 22:05:22,1.17.2,Bandit100,17,3.81,,20,100,0,RightinTimeout,Left,205,286,279,19,,,0.0
2025-11-04 22:24:24,1.17.2,Bandit100,17,3.81,,20,100,0,Right,Left,205,287,279,19,,,0.17
2025-11-04 22:24:28,1.17.2,Bandit100,17,3.81,,20,100,0,RightinTimeout,Left,205,287,279,19,,,0.0
2025-11-04 22:24:33,1.17.2,Bandit100,17,3.81,,20,100,0,RightinTimeout,Left,205,287,279,19,,,0.0
2025-11-04 22:24:36,1.17.2,Bandit100,17,3.8,,20,100,0,RightinTimeout,Left,205,287,279,19,,,0.0
2025-11-04 22:29:01,1.17.2,Bandit100,17,3.8,,20,100,0,Right,Left,205,288,279,19,,,0.04
2025-11-04 22:29:03,1.17.2,Bandit100,17,3.81,,20,100,0,RightinTimeout,Left,205,288,279,19,,,0.0
2025-11-04 22:29:05,1.17.2,Bandit100,17,3.81,,20,100,0,RightinTimeout,Left,205,288,279,19,,,0.0
2025-11-04 22:29:05,1.17.2,Bandit100,17,3.8,,20,100,0,RightinTimeout,Left,205,288,279,19,,,0.0
2025-11-04 22:31:30,1.17.2,Bandit100,17,3.8,,20,100,0,Right,Left,205,289,279,19,,,0.08
2025-11-04 22:31:34,1.17.2,Bandit100,17,3.82,,20,100,0,RightinTimeout,Left,205,289,279,19,,,0.0
2025-11-04 22:35:14,1.17.2,Bandit100,17,3.81,,20,100,0,Right,Left,205,290,279,19,,,0.33
2025-11-04 22:35:15,1.17.2,Bandit100,17,3.8,,20,100,0,RightinTimeout,Left,205,290,279,19,,,0.0
2025-11-04 22:35:15,1.17.2,Bandit100,17,3.81,,20,100,0,RightinTimeout,Left,205,290,279,19,,,0.0
2025-11-04 22:35:22,1.17.2,Bandit100,17,3.8,,20,100,0,RightinTimeout,Left,205,290,279,19,,,0.0
2025-11-04 22:35:23,1.17.2,Bandit100,17,3.8,,20,100,0,RightinTimeout,Left,205,290,279,19,,,0.0
2025-11-04 22:35:24,1.17.2,Bandit100,17,3.81,,20,100,0,RightinTimeout,Left,205,290,279,19,,,0.0
2025-11-04 22:35:30,1.17.2,Bandit100,17,3.81,,20,100,0,RightinTimeout,Left,205,290,279,19,,,0.0
2025-11-04 22:35:35,1.17.2,Bandit100,17,3.8,,20,100,0,RightinTimeout,Left,205,290,279,19,,,0.0
2025-11-04 22:35:35,1.17.2,Bandit100,17,3.81,,20,100,0,RightinTimeout,Left,205,290,279,19,,,0.0
2025-11-04 22:35:35,1.17.2,Bandit100,17,3.81,,20,100,0,RightinTimeout,Left,205,290,279,19,,,0.0
2025-11-04 22:35:46,1.17.2,Bandit100,17,3.8,,20,100,0,Right,Left,205,291,279,19,,,0.0
2025-11-04 22:35:47,1.17.2,Bandit100,17,3.8,,20,100,0,RightinTimeout,Left,205,291,279,19,,,0.0
2025-11-04 22:35:52,1.17.2,Bandit100,17,3.8,,20,100,0,RightinTimeout,Left,205,291,279,19,,,0.0
2025-11-04 22:35:52,1.17.2,Bandit100,17,3.8,,20,100,0,RightinTimeout,Left,205,291,279,19,,,0.0
2025-11-04 22:40:20,1.17.2,Bandit100,17,3.81,,20,100,0,Left,Left,206,291,279,19,,,0.04
2025-11-04 22:40:22,1.17.2,Bandit100,17,3.8,1.0,20,100,0,Pellet,Left,206,291,280,19,0.95,2110.0,
2025-11-04 22:40:32,1.17.2,Bandit100,17,3.8,,20,0,100,Left,Right,207,291,280,0,,,0.02
2025-11-04 22:40:35,1.17.2,Bandit100,17,3.8,,20,0,100,LeftinTimeOut,Right,207,291,280,0,,,
2025-11-04 22:40:38,1.17.2,Bandit100,17,3.8,,20,0,100,LeftinTimeOut,Right,207,291,280,0,,,
2025-11-04 22:40:41,1.17.2,Bandit100,17,3.8,,20,0,100,LeftinTimeOut,Right,207,291,280,0,,,
2025-11-04 22:42:57,1.17.2,Bandit100,17,3.8,,20,0,100,Right,Right,207,292,280,0,,,0.15
2025-11-04 22:42:59,1.17.2,Bandit100,17,3.81,1.0,20,0,100,Pellet,Right,207,292,281,0,1.19,157.0,
2025-11-04 22:43:10,1.17.2,Bandit100,17,3.81,,20,0,100,Right,Right,207,293,281,1,,,0.17
2025-11-04 22:43:11,1.17.2,Bandit100,17,3.8,1.0,20,0,100,Pellet,Right,207,293,282,1,0.77,12.0,
2025-11-04 22:43:27,1.17.2,Bandit100,17,3.81,,20,0,100,Right,Right,207,294,282,2,,,0.09
2025-11-04 22:43:29,1.17.2,Bandit100,17,3.8,1.0,20,0,100,Pellet,Right,207,294,283,2,1.19,18.0,
2025-11-04 22:43:45,1.17.2,Bandit100,17,3.81,,20,0,100,Right,Right,207,295,283,3,,,0.09
2025-11-04 22:43:47,1.17.2,Bandit100,17,3.8,1.0,20,0,100,Pellet,Right,207,295,284,3,1.31,18.0,
2025-11-04 22:44:08,1.17.2,Bandit100,17,3.81,,20,0,100,Right,Right,207,296,284,4,,,0.05
2025-11-04 22:44:25,1.17.2,Bandit100,17,3.81,3.0,20,0,100,Pellet,Right,207,296,285,4,12.35,38.0,
2025-11-04 22:45:12,1.17.2,Bandit100,17,3.8,,20,0,100,Right,Right,207,297,285,5,,,0.06
2025-11-04 22:45:14,1.17.2,Bandit100,17,3.81,1.0,20,0,100,Pellet,Right,207,297,286,5,1.37,49.0,
2025-11-04 22:45:23,1.17.2,Bandit100,17,3.8,,20,0,100,Right,Right,207,298,286,6,,,0.02
2025-11-04 22:45:27,1.17.2,Bandit100,17,3.81,2.0,20,0,100,Pellet,Right,207,298,287,6,0.71,13.0,
2025-11-04 22:45:45,1.17.2,Bandit100,17,3.8,,20,0,100,Right,Right,207,299,287,7,,,0.2
2025-11-04 22:45:46,1.17.2,Bandit100,17,3.81,1.0,20,0,100,Pellet,Right,207,299,288,7,0.59,19.0,
2025-11-04 22:46:32,1.17.2,Bandit100,17,3.8,,20,0,100,Right,Right,207,300,288,8,,,0.02
2025-11-04 22:46:34,1.17.2,Bandit100,17,3.8,1.0,20,0,100,Pellet,Right,207,300,289,8,1.07,48.0,
2025-11-04 22:58:05,1.17.2,Bandit100,17,3.8,,20,0,100,Right,Right,207,301,289,9,,,0.26
2025-11-04 22:58:07,1.17.2,Bandit100,17,3.8,1.0,20,0,100,Pellet,Right,207,301,290,9,1.61,693.0,
2025-11-04 22:58:18,1.17.2,Bandit100,17,3.8,,20,0,100,Right,Right,207,302,290,10,,,0.02
2025-11-04 22:58:22,1.17.2,Bandit100,17,3.81,2.0,20,0,100,Pellet,Right,207,302,291,10,1.01,15.0,
2025-11-04 23:00:18,1.17.2,Bandit100,17,3.8,,20,0,100,Right,Right,207,303,291,11,,,0.05
2025-11-04 23:00:21,1.17.2,Bandit100,17,3.81,2.0,20,0,100,Pellet,Right,207,303,292,11,0.47,119.0,
2025-11-04 23:00:30,1.17.2,Bandit100,17,3.81,,20,0,100,Right,Right,207,304,292,12,,,0.17
2025-11-04 23:00:32,1.17.2,Bandit100,17,3.8,1.0,20,0,100,Pellet,Right,207,304,293,12,1.67,11.0,
2025-11-04 23:05:45,1.17.2,Bandit100,17,3.81,,20,0,100,Right,Right,207,305,293,13,,,0.05
2025-11-04 23:05:48,1.17.2,Bandit100,17,3.8,1.0,20,0,100,Pellet,Right,207,305,294,13,2.09,316.0,
2025-11-05 00:48:54,1.17.2,Bandit100,17,3.8,,20,0,100,Left,Right,208,305,294,14,,,0.1
2025-11-05 00:48:59,1.17.2,Bandit100,17,3.8,,20,0,100,LeftinTimeOut,Right,208,305,294,14,,,
2025-11-05 01:02:23,1.17.2,Bandit100,17,3.8,,20,0,100,Right,Right,208,306,294,14,,,0.29
2025-11-05 01:02:25,1.17.2,Bandit100,17,3.8,1.0,20,0,100,Pellet,Right,208,306,295,14,1.37,6997.0,
2025-11-05 01:02:41,1.17.2,Bandit100,17,3.8,,20,0,100,Right,Right,208,307,295,15,,,0.06
2025-11-05 01:02:43,1.17.2,Bandit100,17,3.8,1.0,20,0,100,Pellet,Right,208,307,296,15,1.55,18.0,
2025-11-05 01:08:47,1.17.2,Bandit100,17,3.8,,20,0,100,Right,Right,208,308,296,16,,,0.21
2025-11-05 01:08:51,1.17.2,Bandit100,17,3.8,2.0,20,0,100,Pellet,Right,208,308,297,16,1.43,368.0,
2025-11-05 01:08:58,1.17.2,Bandit100,17,3.8,,20,0,100,Right,Right,208,309,297,17,,,0.04
2025-11-05 01:09:00,1.17.2,Bandit100,17,3.8,1.0,20,0,100,Pellet,Right,208,309,298,17,1.31,9.0,
2025-11-05 01:09:10,1.17.2,Bandit100,17,3.8,,20,0,100,Right,Right,208,310,298,18,,,0.12
2025-11-05 01:09:11,1.17.2,Bandit100,17,3.8,1.0,20,0,100,Pellet,Right,208,310,299,18,0.77,11.0,
2025-11-05 01:09:24,1.17.2,Bandit100,17,3.8,,20,0,100,Right,Right,208,311,299,19,,,0.14
2025-11-05 01:09:27,1.17.2,Bandit100,17,3.8,1.0,20,0,100,Pellet,Right,208,311,300,19,1.43,16.0,
2025-11-05 01:26:56,1.17.2,Bandit100,17,3.8,,20,100,0,Right,Left,208,312,300,0,,,0.17
2025-11-05 01:26:56,1.17.2,Bandit100,17,3.8,,20,100,0,RightinTimeout,Left,208,312,300,0,,,0.0
2025-11-05 01:27:10,1.17.2,Bandit100,17,3.8,,20,100,0,Left,Left,209,312,300,0,,,0.41
2025-11-05 01:27:11,1.17.2,Bandit100,17,3.81,1.0,20,100,0,Pellet,Left,209,312,301,0,0.59,1064.0,
2025-11-05 01:27:25,1.17.2,Bandit100,17,3.8,,20,100,0,Left,Left,210,312,301,1,,,0.05
2025-11-05 01:27:32,1.17.2,Bandit100,17,3.8,1.0,20,100,0,Pellet,Left,210,312,302,1,5.81,21.0,
2025-11-05 01:31:31,1.17.2,Bandit100,17,3.8,,20,100,0,Left,Left,211,312,302,2,,,0.06
2025-11-05 01:31:33,1.17.2,Bandit100,17,3.8,1.0,20,100,0,Pellet,Left,211,312,303,2,0.71,241.0,
2025-11-05 01:37:46,1.17.2,Bandit100,17,3.8,,20,100,0,Right,Left,211,313,303,3,,,0.05
2025-11-05 01:37:48,1.17.2,Bandit100,17,3.8,,20,100,0,RightinTimeout,Left,211,313,303,3,,,0.0
2025-11-05 01:47:48,1.17.2,Bandit100,17,3.8,,20,100,0,Left,Left,212,313,303,3,,,0.14
2025-11-05 01:47:52,1.17.2,Bandit100,17,3.8,2.0,20,100,0,Pellet,Left,212,313,304,3,1.73,979.0,
2025-11-05 01:47:59,1.17.2,Bandit100,17,3.8,,20,100,0,Left,Left,213,313,304,4,,,0.1
2025-11-05 01:48:00,1.17.2,Bandit100,17,3.8,1.0,20,100,0,Pellet,Left,213,313,305,4,0.83,8.0,
2025-11-05 01:48:06,1.17.2,Bandit100,17,3.8,,20,100,0,Left,Left,214,313,305,5,,,0.06
2025-11-05 01:48:11,1.17.2,Bandit100,17,3.8,2.0,20,100,0,Pellet,Left,214,313,306,5,2.03,11.0,
2025-11-05 01:48:23,1.17.2,Bandit100,17,3.8,,20,100,0,Right,Left,214,314,306,6,,,0.17
2025-11-05 01:48:24,1.17.2,Bandit100,17,3.8,,20,100,0,RightinTimeout,Left,214,314,306,6,,,0.0
2025-11-05 01:48:26,1.17.2,Bandit100,17,3.8,,20,100,0,RightinTimeout,Left,214,314,306,6,,,0.0
2025-11-05 01:48:26,1.17.2,Bandit100,17,3.8,,20,100,0,RightinTimeout,Left,214,314,306,6,,,0.0
2025-11-05 01:48:27,1.17.2,Bandit100,17,3.8,,20,100,0,RightinTimeout,Left,214,314,306,6,,,0.0
2025-11-05 01:49:44,1.17.2,Bandit100,17,3.8,,20,100,0,Left,Left,215,314,306,6,,,0.17
2025-11-05 01:49:45,1.17.2,Bandit100,17,3.8,1.0,20,100,0,Pellet,Left,215,314,307,6,0.71,94.0,
2025-11-05 03:32:54,1.17.2,Bandit100,17,3.8,,20,100,0,Left,Left,216,314,307,7,,,0.1
2025-11-05 03:32:56,1.17.2,Bandit100,17,3.8,1.0,20,100,0,Pellet,Left,216,314,308,7,1.07,6191.0,
2025-11-05 03:33:08,1.17.2,Bandit100,17,3.8,,20,100,0,Right,Left,216,315,308,8,,,0.19
2025-11-05 03:33:12,1.17.2,Bandit100,17,3.8,,20,100,0,RightinTimeout,Left,216,315,308,8,,,0.0
2025-11-05 03:33:17,1.17.2,Bandit100,17,3.8,,20,100,0,RightinTimeout,Left,216,315,308,8,,,0.0
2025-11-05 03:36:13,1.17.2,Bandit100,17,3.8,,20,100,0,Right,Left,216,316,308,8,,,0.16
2025-11-05 03:36:15,1.17.2,Bandit100,17,3.8,,20,100,0,RightinTimeout,Left,216,316,308,8,,,0.0
2025-11-05 03:36:16,1.17.2,Bandit100,17,3.8,,20,100,0,RightinTimeout,Left,216,316,308,8,,,0.0
2025-11-05 03:36:18,1.17.2,Bandit100,17,3.8,,20,100,0,RightinTimeout,Left,216,316,308,8,,,0.0
2025-11-05 03:37:51,1.17.2,Bandit100,17,3.8,,20,100,0,Right,Left,216,317,308,8,,,0.37
2025-11-05 03:37:51,1.17.2,Bandit100,17,3.8,,20,100,0,RightinTimeout,Left,216,317,308,8,,,0.0
2025-11-05 03:37:52,1.17.2,Bandit100,17,3.8,,20,100,0,RightinTimeout,Left,216,317,308,8,,,0.0
2025-11-05 03:37:52,1.17.2,Bandit100,17,3.8,,20,100,0,RightinTimeout,Left,216,317,308,8,,,0.0
2025-11-05 03:37:55,1.17.2,Bandit100,17,3.8,,20,100,0,LeftinTimeOut,Left,216,317,308,8,,,
2025-11-05 03:42:06,1.17.2,Bandit100,17,3.8,,20,100,0,Right,Left,216,318,308,8,,,0.37
2025-11-05 03:42:09,1.17.2,Bandit100,17,3.8,,20,100,0,RightinTimeout,Left,216,318,308,8,,,0.0
2025-11-05 03:42:09,1.17.2,Bandit100,17,3.8,,20,100,0,RightinTimeout,Left,216,318,308,8,,,0.0
2025-11-05 03:42:11,1.17.2,Bandit100,17,3.8,,20,100,0,RightinTimeout,Left,216,318,308,8,,,0.0
2025-11-05 03:42:12,1.17.2,Bandit100,17,3.8,,20,100,0,RightinTimeout,Left,216,318,308,8,,,0.0
2025-11-05 03:42:17,1.17.2,Bandit100,17,3.8,,20,100,0,LeftinTimeOut,Left,216,318,308,8,,,
2025-11-05 03:42:22,1.17.2,Bandit100,17,3.8,,20,100,0,RightinTimeout,Left,216,318,308,8,,,0.0
2025-11-05 03:43:45,1.17.2,Bandit100,17,3.8,,20,100,0,Left,Left,217,318,308,8,,,0.23
2025-11-05 03:43:48,1.17.2,Bandit100,17,3.8,1.0,20,100,0,Pellet,Left,217,318,309,8,1.43,652.0,
2025-11-05 03:44:00,1.17.2,Bandit100,17,3.8,,20,100,0,Left,Left,218,318,309,9,,,0.08
2025-11-05 03:44:05,1.17.2,Bandit100,17,3.8,2.0,20,100,0,Pellet,Left,218,318,310,9,1.73,17.0,
2025-11-05 03:44:22,1.17.2,Bandit100,17,3.8,,20,100,0,Left,Left,219,318,310,10,,,0.0
2025-11-05 03:44:24,1.17.2,Bandit100,17,3.79,1.0,20,100,0,Pellet,Left,219,318,311,10,1.31,19.0,
2025-11-05 03:44:34,1.17.2,Bandit100,17,3.8,,20,100,0,Right,Left,219,319,311,11,,,0.19
2025-11-05 03:44:35,1.17.2,Bandit100,17,3.8,,20,100,0,RightinTimeout,Left,219,319,311,11,,,0.0
2025-11-05 03:44:36,1.17.2,Bandit100,17,3.8,,20,100,0,RightinTimeout,Left,219,319,311,11,,,0.0
2025-11-05 03:44:39,1.17.2,Bandit100,17,3.78,,20,100,0,RightinTimeout,Left,219,319,311,11,,,0.0
2025-11-05 03:44:41,1.17.2,Bandit100,17,3.8,,20,100,0,RightinTimeout,Left,219,319,311,11,,,0.0
2025-11-05 03:44:42,1.17.2,Bandit100,17,3.8,,20,100,0,RightinTimeout,Left,219,319,311,11,,,0.0
2025-11-05 03:44:44,1.17.2,Bandit100,17,3.8,,20,100,0,RightinTimeout,Left,219,319,311,11,,,0.0
2025-11-05 03:44:45,1.17.2,Bandit100,17,3.8,,20,100,0,RightinTimeout,Left,219,319,311,11,,,0.0
2025-11-05 03:44:47,1.17.2,Bandit100,17,3.8,,20,100,0,RightinTimeout,Left,219,319,311,11,,,0.0
2025-11-05 03:47:21,1.17.2,Bandit100,17,3.8,,20,100,0,Right,Left,219,320,311,11,,,0.0
2025-11-05 03:47:22,1.17.2,Bandit100,17,3.8,,20,100,0,RightinTimeout,Left,219,320,311,11,,,0.0
2025-11-05 03:47:24,1.17.2,Bandit100,17,3.8,,20,100,0,RightinTimeout,Left,219,320,311,11,,,0.0
2025-11-05 03:47:25,1.17.2,Bandit100,17,3.8,,20,100,0,RightinTimeout,Left,219,320,311,11,,,0.0
2025-11-05 03:49:35,1.17.2,Bandit100,17,3.8,,20,100,0,Right,Left,219,321,311,11,,,0.12
2025-11-05 03:49:37,1.17.2,Bandit100,17,3.8,,20,100,0,RightinTimeout,Left,219,321,311,11,,,0.0
2025-11-05 03:49:40,1.17.2,Bandit100,17,3.8,,20,100,0,RightinTimeout,Left,219,321,311,11,,,0.0
2025-11-05 03:49:40,1.17.2,Bandit100,17,3.8,,20,100,0,RightinTimeout,Left,219,321,311,11,,,0.0
2025-11-05 03:53:48,1.17.2,Bandit100,17,3.8,,20,100,0,Right,Left,219,322,311,11,,,0.15
2025-11-05 03:54:32,1.17.2,Bandit100,17,3.8,,20,100,0,Left,Left,220,322,311,11,,,0.1
2025-11-05 03:54:44,1.17.2,Bandit100,17,3.8,6.0,20,100,0,Pellet,Left,220,322,312,11,1.01,620.0,
2025-11-05 03:55:02,1.17.2,Bandit100,17,3.8,,20,100,0,Left,Left,221,322,312,12,,,0.08
2025-11-05 03:55:04,1.17.2,Bandit100,17,3.8,2.0,20,100,0,Pellet,Left,221,322,313,12,1.01,20.0,
2025-11-05 03:55:23,1.17.2,Bandit100,17,3.8,,20,100,0,Left,Left,222,322,313,13,,,0.12
2025-11-05 03:55:25,1.17.2,Bandit100,17,3.8,1.0,20,100,0,Pellet,Left,222,322,314,13,0.83,21.0,
2025-11-05 03:55:37,1.17.2,Bandit100,17,3.8,,20,100,0,Left,Left,223,322,314,14,,,0.07
2025-11-05 03:55:42,1.17.2,Bandit100,17,3.8,1.0,20,100,0,Pellet,Left,223,322,315,14,4.49,17.0,
2025-11-05 03:55:55,1.17.2,Bandit100,17,3.8,,20,100,0,Right,Left,223,323,315,15,,,0.19
2025-11-05 03:55:59,1.17.2,Bandit100,17,3.8,,20,100,0,RightinTimeout,Left,223,323,315,15,,,0.0
2025-11-05 03:56:01,1.17.2,Bandit100,17,3.8,,20,100,0,RightinTimeout,Left,223,323,315,15,,,0.0
2025-11-05 03:56:11,1.17.2,Bandit100,17,3.8,,20,100,0,RightinTimeout,Left,223,323,315,15,,,0.0
2025-11-05 03:59:35,1.17.2,Bandit100,17,3.8,,20,100,0,Right,Left,223,324,315,15,,,0.56
2025-11-05 03:59:36,1.17.2,Bandit100,17,3.8,,20,100,0,RightinTimeout,Left,223,324,315,15,,,0.0
2025-11-05 03:59:37,1.17.2,Bandit100,17,3.8,,20,100,0,RightinTimeout,Left,223,324,315,15,,,0.0
2025-11-05 03:59:38,1.17.2,Bandit100,17,3.8,,20,100,0,RightinTimeout,Left,223,324,315,15,,,0.0
2025-11-05 03:59:40,1.17.2,Bandit100,17,3.79,,20,100,0,RightinTimeout,Left,223,324,315,15,,,0.0
2025-11-05 04:01:50,1.17.2,Bandit100,17,3.8,,20,100,0,Right,Left,223,325,315,15,,,0.19
2025-11-05 04:06:11,1.17.2,Bandit100,17,3.8,,20,100,0,Left,Left,224,325,315,15,,,0.06
2025-11-05 04:06:19,1.17.2,Bandit100,17,3.8,3.0,20,100,0,Pellet,Left,224,325,316,15,2.99,637.0,
2025-11-05 04:06:57,1.17.2,Bandit100,17,3.8,,20,100,0,Right,Left,224,326,316,16,,,0.25
2025-11-05 04:07:09,1.17.2,Bandit100,17,3.8,,20,100,0,Right,Left,224,327,316,16,,,0.14
2025-11-05 04:07:16,1.17.2,Bandit100,17,3.79,,20,100,0,LeftinTimeOut,Left,224,327,316,16,,,
2025-11-05 04:07:18,1.17.2,Bandit100,17,3.8,,20,100,0,RightinTimeout,Left,224,327,316,16,,,0.0
2025-11-05 04:07:19,1.17.2,Bandit100,17,3.8,,20,100,0,RightinTimeout,Left,224,327,316,16,,,0.0
2025-11-05 04:09:11,1.17.2,Bandit100,17,3.79,,20,100,0,Left,Left,225,327,316,16,,,0.09
2025-11-05 04:09:15,1.17.2,Bandit100,17,3.8,2.0,20,100,0,Pellet,Left,225,327,317,16,0.95,176.0,
2025-11-05 04:09:29,1.17.2,Bandit100,17,3.8,,20,100,0,Left,Left,226,327,317,17,,,0.04
2025-11-05 04:09:30,1.17.2,Bandit100,17,3.8,1.0,20,100,0,Pellet,Left,226,327,318,17,0.71,15.0,
2025-11-05 04:09:51,1.17.2,Bandit100,17,3.8,,20,100,0,Left,Left,227,327,318,18,,,0.24
2025-11-05 04:09:53,1.17.2,Bandit100,17,3.8,2.0,20,100,0,Pellet,Left,227,327,319,18,1.07,23.0,
2025-11-05 04:10:01,1.17.2,Bandit100,17,3.8,,20,100,0,Left,Left,228,327,319,19,,,0.1
2025-11-05 04:10:05,1.17.2,Bandit100,17,3.8,1.0,20,100,0,Pellet,Left,228,327,320,19,2.75,12.0,
2025-11-05 04:10:22,1.17.2,Bandit100,17,3.8,,20,0,100,Left,Right,229,327,320,0,,,0.11
2025-11-05 04:10:23,1.17.2,Bandit100,17,3.8,,20,0,100,LeftinTimeOut,Right,229,327,320,0,,,
2025-11-05 04:10:26,1.17.2,Bandit100,17,3.8,,20,0,100,LeftinTimeOut,Right,229,327,320,0,,,
2025-11-05 04:10:28,1.17.2,Bandit100,17,3.8,,20,0,100,LeftinTimeOut,Right,229,327,320,0,,,
2025-11-05 04:13:41,1.17.2,Bandit100,17,3.8,,20,0,100,Right,Right,229,328,320,0,,,0.02
2025-11-05 04:13:45,1.17.2,Bandit100,17,3.8,2.0,20,0,100,Pellet,Right,229,328,321,0,1.01,220.0,
2025-11-05 04:15:17,1.17.2,Bandit100,17,3.8,,20,0,100,Left,Right,230,328,321,1,,,0.54
2025-11-05 04:15:22,1.17.2,Bandit100,17,3.8,,20,0,100,LeftinTimeOut,Right,230,328,321,1,,,
2025-11-05 04:15:26,1.17.2,Bandit100,17,3.8,,20,0,100,RightinTimeout,Right,230,328,321,1,,,0.0
2025-11-05 04:17:52,1.17.2,Bandit100,17,3.8,,20,0,100,Right,Right,230,329,321,1,,,0.42
2025-11-05 04:17:54,1.17.2,Bandit100,17,3.8,1.0,20,0,100,Pellet,Right,230,329,322,1,0.65,249.0,
2025-11-05 04:18:06,1.17.2,Bandit100,17,3.8,,20,0,100,Right,Right,230,330,322,2,,,0.01
2025-11-05 04:18:07,1.17.2,Bandit100,17,3.8,1.0,20,0,100,Pellet,Right,230,330,323,2,0.71,13.0,
2025-11-05 04:18:24,1.17.2,Bandit100,17,3.8,,20,0,100,Right,Right,230,331,323,3,,,0.04
2025-11-05 04:18:27,1.17.2,Bandit100,17,3.8,1.0,20,0,100,Pellet,Right,230,331,324,3,2.45,20.0,
2025-11-05 04:20:11,1.17.2,Bandit100,17,3.8,,20,0,100,Right,Right,230,332,324,4,,,0.03
2025-11-05 04:20:13,1.17.2,Bandit100,17,3.8,1.0,20,0,100,Pellet,Right,230,332,325,4,1.13,106.0,
2025-11-05 04:20:18,1.17.2,Bandit100,17,3.8,,20,0,100,Right,Right,230,333,325,5,,,0.04
2025-11-05 04:20:20,1.17.2,Bandit100,17,3.8,1.0,20,0,100,Pellet,Right,230,333,326,5,0.77,7.0,
2025-11-05 04:20:29,1.17.2,Bandit100,17,3.8,,20,0,100,Right,Right,230,334,326,6,,,0.08
2025-11-05 04:20:31,1.17.2,Bandit100,17,3.8,1.0,20,0,100,Pellet,Right,230,334,327,6,0.71,11.0,
2025-11-05 04:20:51,1.17.2,Bandit100,17,3.8,,20,0,100,Right,Right,230,335,327,7,,,0.04
2025-11-05 04:20:54,1.17.2,Bandit100,17,3.8,2.0,20,0,100,Pellet,Right,230,335,328,7,0.83,23.0,
2025-11-05 04:21:19,1.17.2,Bandit100,17,3.8,,20,0,100,Right,Right,230,336,328,8,,,0.12
2025-11-05 04:21:21,1.17.2,Bandit100,17,3.79,1.0,20,0,100,Pellet,Right,230,336,329,8,2.03,27.0,
2025-11-05 04:50:54,1.17.2,Bandit100,17,3.8,,20,0,100,Right,Right,230,337,329,9,,,0.02
2025-11-05 04:50:56,1.17.2,Bandit100,17,3.8,1.0,20,0,100,Pellet,Right,230,337,330,9,0.89,1775.0,
2025-11-05 04:51:03,1.17.2,Bandit100,17,3.8,,20,0,100,Right,Right,230,338,330,10,,,0.07
2025-11-05 04:51:04,1.17.2,Bandit100,17,3.8,1.0,20,0,100,Pellet,Right,230,338,331,10,0.77,8.0,
2025-11-05 04:57:45,1.17.2,Bandit100,17,3.8,,20,0,100,Left,Right,231,338,331,11,,,0.03
2025-11-05 04:57:48,1.17.2,Bandit100,17,3.79,,20,0,100,RightinTimeout,Right,231,338,331,11,,,0.0
2025-11-05 04:58:32,1.17.2,Bandit100,17,3.79,,20,0,100,Right,Right,231,339,331,11,,,0.09
2025-11-05 04:58:33,1.17.2,Bandit100,17,3.8,1.0,20,0,100,Pellet,Right,231,339,332,11,0.59,449.0,
2025-11-05 04:58:41,1.17.2,Bandit100,17,3.8,,20,0,100,Right,Right,231,340,332,12,,,0.06
2025-11-05 04:58:42,1.17.2,Bandit100,17,3.8,1.0,20,0,100,Pellet,Right,231,340,333,12,0.89,9.0,
2025-11-05 04:58:57,1.17.2,Bandit100,17,3.8,,20,0,100,Right,Right,231,341,333,13,,,0.14
2025-11-05 04:58:58,1.17.2,Bandit100,17,3.8,1.0,20,0,100,Pellet,Right,231,341,334,13,0.95,16.0,
2025-11-05 04:59:17,1.17.2,Bandit100,17,3.8,,20,0,100,Right,Right,231,342,334,14,,,0.07
2025-11-05 04:59:20,1.17.2,Bandit100,17,3.8,2.0,20,0,100,Pellet,Right,231,342,335,14,0.53,22.0,
2025-11-05 04:59:32,1.17.2,Bandit100,17,3.8,,20,0,100,Right,Right,231,343,335,15,,,0.0
2025-11-05 04:59:34,1.17.2,Bandit100,17,3.8,1.0,20,0,100,Pellet,Right,231,343,336,15,1.19,14.0,
2025-11-05 04:59:43,1.17.2,Bandit100,17,3.8,,20,0,100,Right,Right,231,344,336,16,,,0.09
2025-11-05 04:59:45,1.17.2,Bandit100,17,3.8,1.0,20,0,100,Pellet,Right,231,344,337,16,1.19,11.0,
2025-11-05 05:00:25,1.17.2,Bandit100,17,3.8,,20,0,100,Right,Right,231,345,337,17,,,0.06
2025-11-05 05:00:27,1.17.2,Bandit100,17,3.8,1.0,20,0,100,Pellet,Right,231,345,338,17,1.31,42.0,
2025-11-05 05:00:37,1.17.2,Bandit100,17,3.8,,20,0,100,Right,Right,231,346,338,18,,,0.03
2025-11-05 05:00:39,1.17.2,Bandit100,17,3.8,1.0,20,0,100,Pellet,Right,231,346,339,18,0.95,12.0,
2025-11-05 05:00:46,1.17.2,Bandit100,17,3.8,,20,0,100,Right,Right,231,347,339,19,,,0.09
2025-11-05 05:00:49,1.17.2,Bandit100,17,3.8,1.0,20,0,100,Pellet,Right,231,347,340,19,3.05,10.0,
2025-11-05 05:01:00,1.17.2,Bandit100,17,3.8,,20,100,0,Right,Left,231,348,340,0,,,0.1
2025-11-05 05:13:59,1.17.2,Bandit100,17,3.8,,20,100,0,Left,Left,232,348,340,0,,,0.27
2025-11-05 05:14:00,1.17.2,Bandit100,17,3.8,1.0,20,100,0,Pellet,Left,232,348,341,0,0.59,791.0,
2025-11-05 05:14:10,1.17.2,Bandit100,17,3.79,,20,100,0,Left,Left,233,348,341,1,,,0.12
2025-11-05 05:14:15,1.17.2,Bandit100,17,3.8,2.0,20,100,0,Pellet,Left,233,348,342,1,1.31,14.0,
2025-11-05 05:14:30,1.17.2,Bandit100,17,3.8,,20,100,0,Left,Left,234,348,342,2,,,0.23
2025-11-05 05:14:32,1.17.2,Bandit100,17,3.79,1.0,20,100,0,Pellet,Left,234,348,343,2,0.95,18.0,
2025-11-05 05:14:40,1.17.2,Bandit100,17,3.79,,20,100,0,Left,Left,235,348,343,3,,,0.1
2025-11-05 05:14:46,1.17.2,Bandit100,17,3.8,3.0,20,100,0,Pellet,Left,235,348,344,3,1.13,14.0,
2025-11-05 05:14:54,1.17.2,Bandit100,17,3.8,,20,100,0,Left,Left,236,348,344,4,,,0.07
2025-11-05 05:14:56,1.17.2,Bandit100,17,3.8,1.0,20,100,0,Pellet,Left,236,348,345,4,1.19,10.0,
2025-11-05 05:15:04,1.17.2,Bandit100,17,3.8,,20,100,0,Left,Left,237,348,345,5,,,0.03
2025-11-05 05:15:06,1.17.2,Bandit100,17,3.8,1.0,20,100,0,Pellet,Left,237,348,346,5,1.01,10.0,
2025-11-05 05:16:05,1.17.2,Bandit100,17,3.8,,20,100,0,Left,Left,238,348,346,6,,,0.08
2025-11-05 05:16:08,1.17.2,Bandit100,17,3.79,2.0,20,100,0,Pellet,Left,238,348,347,6,0.41,62.0,
2025-11-05 05:16:24,1.17.2,Bandit100,17,3.79,,20,100,0,Right,Left,238,349,347,7,,,0.12
2025-11-05 05:16:26,1.17.2,Bandit100,17,3.79,,20,100,0,RightinTimeout,Left,238,349,347,7,,,0.0
2025-11-05 05:16:28,1.17.2,Bandit100,17,3.79,,20,100,0,RightinTimeout,Left,238,349,347,7,,,0.0
2025-11-05 05:16:29,1.17.2,Bandit100,17,3.79,,20,100,0,RightinTimeout,Left,238,349,347,7,,,0.0
2025-11-05 05:23:57,1.17.2,Bandit100,17,3.8,,20,100,0,Right,Left,238,350,347,7,,,0.16
2025-11-05 05:23:59,1.17.2,Bandit100,17,3.8,,20,100,0,RightinTimeout,Left,238,350,347,7,,,0.0
2025-11-05 05:33:57,1.17.2,Bandit100,17,3.8,,20,100,0,Left,Left,239,350,347,7,,,0.0
2025-11-05 05:34:18,1.17.2,Bandit100,17,3.8,2.0,20,100,0,Pellet,Left,239,350,348,7,18.06,1090.0,
2025-11-05 05:40:53,1.17.2,Bandit100,17,3.8,,20,100,0,Left,Left,240,350,348,8,,,0.16
2025-11-05 05:40:56,1.17.2,Bandit100,17,3.8,1.0,20,100,0,Pellet,Left,240,350,349,8,2.27,398.0,
2025-11-05 05:45:15,1.17.2,Bandit100,17,3.8,,20,100,0,Left,Left,241,350,349,9,,,0.25
2025-11-05 05:45:19,1.17.2,Bandit100,17,3.8,1.0,20,100,0,Pellet,Left,241,350,350,9,3.17,263.0,
2025-11-05 05:57:27,1.17.2,Bandit100,17,3.78,,20,100,0,Left,Left,242,350,350,10,,,0.14
2025-11-05 05:57:33,1.17.2,Bandit100,17,3.8,1.0,20,100,0,Pellet,Left,242,350,351,10,5.21,733.0,
2025-11-05 05:58:01,1.17.2,Bandit100,17,3.8,,20,100,0,Left,Left,243,350,351,11,,,0.04
2025-11-05 05:58:04,1.17.2,Bandit100,17,3.79,1.0,20,100,0,Pellet,Left,243,350,352,11,1.55,32.0,
2025-11-05 06:58:20,1.17.2,Bandit100,17,3.79,,20,100,0,Left,Left,244,350,352,12,,,0.34
2025-11-05 06:58:25,1.17.2,Bandit100,17,3.79,2.0,20,100,0,Pellet,Left,244,350,353,12,1.73,3621.0,
2025-11-05 06:59:10,1.17.2,Bandit100,17,3.79,,20,100,0,Right,Left,244,351,353,13,,,0.32
2025-11-05 07:00:38,1.17.2,Bandit100,17,3.79,,20,100,0,Left,Left,245,351,353,13,,,0.02
2025-11-05 07:00:40,1.17.2,Bandit100,17,3.8,1.0,20,100,0,Pellet,Left,245,351,354,13,1.55,135.0,
2025-11-05 07:00:50,1.17.2,Bandit100,17,3.8,,20,100,0,Left,Left,246,351,354,14,,,0.1
2025-11-05 07:00:52,1.17.2,Bandit100,17,3.8,1.0,20,100,0,Pellet,Left,246,351,355,14,0.83,12.0,
2025-11-05 07:01:11,1.17.2,Bandit100,17,3.79,,20,100,0,Left,Left,247,351,355,15,,,0.21
2025-11-05 07:01:19,1.17.2,Bandit100,17,3.79,1.0,20,100,0,Pellet,Left,247,351,356,15,7.25,27.0,
2025-11-05 07:06:04,1.17.2,Bandit100,17,3.8,,20,100,0,Left,Left,248,351,356,16,,,0.03
2025-11-05 07:06:07,1.17.2,Bandit100,17,3.79,2.0,20,100,0,Pellet,Left,248,351,357,16,0.53,288.0,
2025-11-05 07:06:15,1.17.2,Bandit100,17,3.8,,20,100,0,Left,Left,249,351,357,17,,,0.05
2025-11-05 07:06:17,1.17.2,Bandit100,17,3.79,1.0,20,100,0,Pellet,Left,249,351,358,17,1.49,10.0,
2025-11-05 07:06:32,1.17.2,Bandit100,17,3.8,,20,100,0,Left,Left,250,351,358,18,,,0.06
2025-11-05 07:06:36,1.17.2,Bandit100,17,3.79,2.0,20,100,0,Pellet,Left,250,351,359,18,1.55,19.0,
2025-11-05 08:24:22,1.17.2,Bandit100,17,3.79,,20,100,0,Left,Left,251,351,359,19,,,0.72
2025-11-05 08:24:26,1.17.2,Bandit100,17,3.79,1.0,20,100,0,Pellet,Left,251,351,360,19,2.81,4670.0,
2025-11-05 08:24:47,1.17.2,Bandit100,17,3.79,,20,0,100,Left,Right,252,351,360,0,,,0.34
2025-11-05 08:29:49,1.17.2,Bandit100,17,3.79,,20,0,100,Left,Right,253,351,360,0,,,0.04
2025-11-05 08:29:51,1.17.2,Bandit100,17,3.8,,20,0,100,LeftinTimeOut,Right,253,351,360,0,,,
2025-11-05 08:29:54,1.17.2,Bandit100,17,3.79,,20,0,100,LeftinTimeOut,Right,253,351,360,0,,,
2025-11-05 08:29:56,1.17.2,Bandit100,17,3.8,,20,0,100,LeftinTimeOut,Right,253,351,360,0,,,
2025-11-05 08:30:00,1.17.2,Bandit100,17,3.79,,20,0,100,RightinTimeout,Right,253,351,360,0,,,0.0
2025-11-05 08:30:00,1.17.2,Bandit100,17,3.79,,20,0,100,RightinTimeout,Right,253,351,360,0,,,0.0
2025-11-05 09:03:22,1.17.2,Bandit100,17,3.8,,20,0,100,Left,Right,254,351,360,0,,,0.18
2025-11-05 09:03:25,1.17.2,Bandit100,17,3.79,,20,0,100,LeftinTimeOut,Right,254,351,360,0,,,
2025-11-05 09:03:27,1.17.2,Bandit100,17,3.79,,20,0,100,LeftinTimeOut,Right,254,351,360,0,,,
2025-11-05 09:03:28,1.17.2,Bandit100,17,3.78,,20,0,100,LeftinTimeOut,Right,254,351,360,0,,,
2025-11-05 09:25:12,1.17.2,Bandit100,17,3.78,,20,0,100,Left,Right,255,351,360,0,,,0.08
2025-11-05 09:25:15,1.17.2,Bandit100,17,3.79,,20,0,100,LeftinTimeOut,Right,255,351,360,0,,,
2025-11-05 09:25:16,1.17.2,Bandit100,17,3.79,,20,0,100,LeftinTimeOut,Right,255,351,360,0,,,
2025-11-05 09:25:21,1.17.2,Bandit100,17,3.79,,20,0,100,LeftinTimeOut,Right,255,351,360,0,,,
2025-11-05 09:54:11,1.17.2,Bandit100,17,3.79,,20,0,100,Left,Right,256,351,360,0,,,0.37
2025-11-05 10:03:56,1.17.2,Bandit100,17,3.79,,20,0,100,Right,Right,256,352,360,0,,,0.75
2025-11-05 10:04:02,1.17.2,Bandit100,17,3.79,3.0,20,0,100,Pellet,Right,256,352,361,0,0.89,5976.0,
2025-11-05 10:04:38,1.17.2,Bandit100,17,3.79,,20,0,100,Left,Right,257,352,361,1,,,0.14
2025-11-05 10:04:39,1.17.2,Bandit100,17,3.79,,20,0,100,LeftinTimeOut,Right,257,352,361,1,,,
2025-11-05 10:04:39,1.17.2,Bandit100,17,3.79,,20,0,100,LeftinTimeOut,Right,257,352,361,1,,,
2025-11-05 10:04:42,1.17.2,Bandit100,17,3.79,,20,0,100,RightinTimeout,Right,257,352,361,1,,,0.0
2025-11-05 10:04:43,1.17.2,Bandit100,17,3.79,,20,0,100,RightinTimeout,Right,257,352,361,1,,,0.0
2025-11-05 10:07:47,1.17.2,Bandit100,17,3.79,,20,0,100,Left,Right,258,352,361,1,,,0.15
2025-11-05 10:07:48,1.17.2,Bandit100,17,3.79,,20,0,100,LeftinTimeOut,Right,258,352,361,1,,,
2025-11-05 11:12:36,1.17.2,Bandit100,17,3.79,,20,0,100,Left,Right,259,352,361,1,,,0.38
2025-11-05 11:12:37,1.17.2,Bandit100,17,3.78,,20,0,100,LeftinTimeOut,Right,259,352,361,1,,,
2025-11-05 11:12:38,1.17.2,Bandit100,17,3.78,,20,0,100,LeftinTimeOut,Right,259,352,361,1,,,
2025-11-05 11:12:39,1.17.2,Bandit100,17,3.79,,20,0,100,LeftinTimeOut,Right,259,352,361,1,,,
2025-11-05 11:55:53,1.17.2,Bandit100,17,3.78,,20,0,100,Left,Right,260,352,361,1,,,0.27
2025-11-05 12:13:26,1.17.2,Bandit100,17,3.78,,20,0,100,Left,Right,261,352,361,1,,,0.21
2025-11-05 12:13:29,1.17.2,Bandit100,17,3.79,,20,0,100,LeftinTimeOut,Right,261,352,361,1,,,
2025-11-05 12:13:31,1.17.2,Bandit100,17,3.78,,20,0,100,LeftinTimeOut,Right,261,352,361,1,,,
2025-11-05 12:23:03,1.17.2,Bandit100,17,3.78,,20,0,100,Left,Right,262,352,361,1,,,0.34
2025-11-05 12:23:24,1.17.2,Bandit100,17,3.78,,20,0,100,Right,Right,262,353,361,1,,,0.18
2025-11-05 12:23:27,1.17.2,Bandit100,17,3.78,1.0,20,0,100,Pellet,Right,262,353,362,1,1.37,8364.0,
2025-11-05 12:23:48,1.17.2,Bandit100,17,3.79,,20,0,100,Right,Right,262,354,362,2,,,0.22
2025-11-05 12:23:49,1.17.2,Bandit100,17,3.78,1.0,20,0,100,Pellet,Right,262,354,363,2,0.47,23.0,
2025-11-05 12:24:28,1.17.2,Bandit100,17,3.78,,20,0,100,Right,Right,262,355,363,3,,,0.42
2025-11-05 12:24:32,1.17.2,Bandit100,17,3.79,2.0,20,0,100,Pellet,Right,262,355,364,3,0.59,43.0,
2025-11-05 12:26:58,1.17.2,Bandit100,17,3.79,,20,0,100,Left,Right,263,355,364,4,,,0.18
2025-11-05 12:37:01,1.17.2,Bandit100,17,3.78,,20,0,100,Left,Right,264,355,364,4,,,0.66
2025-11-05 12:37:02,1.17.2,Bandit100,17,3.78,,20,0,100,LeftinTimeOut,Right,264,355,364,4,,,
2025-11-05 12:37:03,1.17.2,Bandit100,17,3.78,,20,0,100,LeftinTimeOut,Right,264,355,364,4,,,
2025-11-05 14:11:46,1.17.2,Bandit100,17,3.78,,20,0,100,Left,Right,265,355,364,4,,,0.3
2025-11-05 14:42:52,1.17.2,Bandit100,17,3.78,,20,0,100,Left,Right,266,355,364,4,,,0.66
2025-11-05 14:42:57,1.17.2,Bandit100,17,3.78,,20,0,100,LeftinTimeOut,Right,266,355,364,4,,,
2025-11-05 14:42:58,1.17.2,Bandit100,17,3.78,,20,0,100,LeftinTimeOut,Right,266,355,364,4,,,
2025-11-05 14:53:55,1.17.2,Bandit100,17,3.78,,20,0,100,Left,Right,267,355,364,4,,,0.33
2025-11-05 14:53:58,1.17.2,Bandit100,17,3.78,,20,0,100,LeftinTimeOut,Right,267,355,364,4,,,
2025-11-05 14:54:52,1.17.2,Bandit100,17,3.78,,20,0,100,Right,Right,267,356,364,4,,,0.21
2025-11-05 14:54:56,1.17.2,Bandit100,17,3.78,2.0,20,0,100,Pellet,Right,267,356,365,4,0.71,9024.0,
2025-11-05 14:55:15,1.17.2,Bandit100,17,3.78,,20,0,100,Right,Right,267,357,365,5,,,0.09
2025-11-05 14:55:17,1.17.2,Bandit100,17,3.78,1.0,20,0,100,Pellet,Right,267,357,366,5,0.59,21.0,
2025-11-05 14:55:39,1.17.2,Bandit100,17,3.78,,20,0,100,Right,Right,267,358,366,6,,,0.14
2025-11-05 14:55:40,1.17.2,Bandit100,17,3.78,1.0,20,0,100,Pellet,Right,267,358,367,6,0.89,23.0,
2025-11-05 14:56:03,1.17.2,Bandit100,17,3.78,,20,0,100,Right,Right,267,359,367,7,,,0.19
2025-11-05 14:56:05,1.17.2,Bandit100,17,3.78,2.0,20,0,100,Pellet,Right,267,359,368,7,0.83,25.0,
2025-11-05 15:47:30,1.17.2,Bandit100,17,3.78,,20,0,100,Left,Right,268,359,368,8,,,0.46
2025-11-05 15:47:48,1.17.2,Bandit100,17,3.78,,20,0,100,Left,Right,269,359,368,8,,,0.23
2025-11-05 16:30:57,1.17.2,Bandit100,17,3.78,,20,0,100,Left,Right,270,359,368,8,,,0.06
2025-11-05 16:31:04,1.17.2,Bandit100,17,3.78,,20,0,100,RightinTimeout,Right,270,359,368,8,,,0.0
2025-11-05 16:31:06,1.17.2,Bandit100,17,3.78,,20,0,100,RightinTimeout,Right,270,359,368,8,,,0.0
2025-11-05 16:38:46,1.17.2,Bandit100,17,3.78,,20,0,100,Left,Right,271,359,368,8,,,0.71
2025-11-05 16:38:47,1.17.2,Bandit100,17,3.77,,20,0,100,LeftinTimeOut,Right,271,359,368,8,,,
2025-11-05 16:38:51,1.17.2,Bandit100,17,3.78,,20,0,100,LeftinTimeOut,Right,271,359,368,8,,,
2025-11-05 16:38:53,1.17.2,Bandit100,17,3.78,,20,0,100,LeftinTimeOut,Right,271,359,368,8,,,
2025-11-05 16:38:54,1.17.2,Bandit100,17,3.78,,20,0,100,LeftinTimeOut,Right,271,359,368,8,,,
2025-11-05 16:38:59,1.17.2,Bandit100,17,3.78,,20,0,100,RightinTimeout,Right,271,359,368,8,,,0.0
2025-11-05 16:38:59,1.17.2,Bandit100,17,3.78,,20,0,100,RightinTimeout,Right,271,359,368,8,,,0.0
2025-11-05 16:39:00,1.17.2,Bandit100,17,3.78,,20,0,100,RightinTimeout,Right,271,359,368,8,,,0.0
2025-11-05 16:39:01,1.17.2,Bandit100,17,3.78,,20,0,100,RightinTimeout,Right,271,359,368,8,,,0.0
2025-11-05 16:39:03,1.17.2,Bandit100,17,3.78,,20,0,100,RightinTimeout,Right,271,359,368,8,,,0.0
2025-11-05 16:39:04,1.17.2,Bandit100,17,3.78,,20,0,100,RightinTimeout,Right,271,359,368,8,,,0.0
2025-11-05 16:39:08,1.17.2,Bandit100,17,3.78,,20,0,100,LeftinTimeOut,Right,271,359,368,8,,,
2025-11-05 16:39:09,1.17.2,Bandit100,17,3.78,,20,0,100,LeftinTimeOut,Right,271,359,368,8,,,
2025-11-05 16:39:10,1.17.2,Bandit100,17,3.78,,20,0,100,LeftinTimeOut,Right,271,359,368,8,,,
2025-11-05 16:39:12,1.17.2,Bandit100,17,3.78,,20,0,100,LeftinTimeOut,Right,271,359,368,8,,,
2025-11-05 16:39:15,1.17.2,Bandit100,17,3.78,,20,0,100,LeftinTimeOut,Right,271,359,368,8,,,
2025-11-05 16:39:17,1.17.2,Bandit100,17,3.78,,20,0,100,LeftinTimeOut,Right,271,359,368,8,,,
2025-11-05 16:39:18,1.17.2,Bandit100,17,3.78,,20,0,100,LeftinTimeOut,Right,271,359,368,8,,,
2025-11-05 16:39:18,1.17.2,Bandit100,17,3.78,,20,0,100,LeftinTimeOut,Right,271,359,368,8,,,
2025-11-05 16:39:20,1.17.2,Bandit100,17,3.78,,20,0,100,LeftinTimeOut,Right,271,359,368,8,,,
2025-11-05 16:39:25,1.17.2,Bandit100,17,3.78,,20,0,100,RightinTimeout,Right,271,359,368,8,,,0.0
2025-11-05 16:39:26,1.17.2,Bandit100,17,3.78,,20,0,100,RightinTimeout,Right,271,359,368,8,,,0.0
2025-11-05 16:39:26,1.17.2,Bandit100,17,3.78,,20,0,100,RightinTimeout,Right,271,359,368,8,,,0.0
2025-11-05 16:39:27,1.17.2,Bandit100,17,3.78,,20,0,100,RightinTimeout,Right,271,359,368,8,,,0.0
2025-11-05 16:39:28,1.17.2,Bandit100,17,3.78,,20,0,100,RightinTimeout,Right,271,359,368,8,,,0.0
2025-11-05 16:39:28,1.17.2,Bandit100,17,3.78,,20,0,100,RightinTimeout,Right,271,359,368,8,,,0.0
2025-11-05 16:39:32,1.17.2,Bandit100,17,3.78,,20,0,100,RightinTimeout,Right,271,359,368,8,,,0.0
2025-11-05 16:39:33,1.17.2,Bandit100,17,3.77,,20,0,100,RightinTimeout,Right,271,359,368,8,,,0.0
2025-11-05 16:39:34,1.17.2,Bandit100,17,3.77,,20,0,100,RightinTimeout,Right,271,359,368,8,,,0.0
2025-11-05 16:39:34,1.17.2,Bandit100,17,3.77,,20,0,100,RightinTimeout,Right,271,359,368,8,,,0.0
2025-11-05 16:39:35,1.17.2,Bandit100,17,3.78,,20,0,100,RightinTimeout,Right,271,359,368,8,,,0.0
2025-11-05 16:39:52,1.17.2,Bandit100,17,3.78,,20,0,100,Right,Right,271,360,368,8,,,0.38
2025-11-05 16:39:54,1.17.2,Bandit100,17,3.78,1.0,20,0,100,Pellet,Right,271,360,369,8,1.37,6229.0,
2025-11-05 16:46:24,1.17.2,Bandit100,17,3.78,,20,0,100,Left,Right,272,360,369,9,,,0.24
2025-11-05 16:46:47,1.17.2,Bandit100,17,3.78,,20,0,100,Left,Right,273,360,369,9,,,0.34
2025-11-05 16:46:49,1.17.2,Bandit100,17,3.78,,20,0,100,LeftinTimeOut,Right,273,360,369,9,,,
2025-11-05 16:46:50,1.17.2,Bandit100,17,3.78,,20,0,100,LeftinTimeOut,Right,273,360,369,9,,,
2025-11-05 16:46:58,1.17.2,Bandit100,17,3.78,,20,0,100,RightinTimeout,Right,273,360,369,9,,,0.0
2025-11-05 16:50:30,1.17.2,Bandit100,17,3.78,,20,0,100,Right,Right,273,361,369,9,,,0.24
2025-11-05 16:50:36,1.17.2,Bandit100,17,3.78,2.0,20,0,100,Pellet,Right,273,361,370,9,3.11,642.0,
2025-11-05 16:52:27,1.17.2,Bandit100,17,3.77,,20,0,100,Left,Right,274,361,370,10,,,0.64
2025-11-05 16:52:29,1.17.2,Bandit100,17,3.78,,20,0,100,LeftinTimeOut,Right,274,361,370,10,,,
2025-11-05 16:53:49,1.17.2,Bandit100,17,3.78,,20,0,100,Left,Right,275,361,370,10,,,0.06
2025-11-05 16:53:50,1.17.2,Bandit100,17,3.78,,20,0,100,LeftinTimeOut,Right,275,361,370,10,,,
2025-11-05 16:55:17,1.17.2,Bandit100,17,3.78,,20,0,100,Left,Right,276,361,370,10,,,0.07
2025-11-05 17:00:15,1.17.2,Bandit100,17,3.78,,20,0,100,Right,Right,276,362,370,10,,,0.19
2025-11-05 17:00:16,1.17.2,Bandit100,17,3.78,1.0,20,0,100,Pellet,Right,276,362,371,10,0.53,580.0,
2025-11-05 17:49:18,1.17.2,Bandit100,17,3.78,,20,0,100,Left,Right,277,362,371,11,,,0.64
2025-11-05 17:49:21,1.17.2,Bandit100,17,3.78,,20,0,100,RightinTimeout,Right,277,362,371,11,,,0.0
2025-11-05 17:49:22,1.17.2,Bandit100,17,3.78,,20,0,100,RightinTimeout,Right,277,362,371,11,,,0.0
2025-11-05 17:49:23,1.17.2,Bandit100,17,3.77,,20,0,100,RightinTimeout,Right,277,362,371,11,,,0.0
2025-11-05 17:49:23,1.17.2,Bandit100,17,3.78,,20,0,100,RightinTimeout,Right,277,362,371,11,,,0.0
2025-11-05 17:49:25,1.17.2,Bandit100,17,3.78,,20,0,100,RightinTimeout,Right,277,362,371,11,,,0.0
2025-11-05 17:49:28,1.17.2,Bandit100,17,3.78,,20,0,100,RightinTimeout,Right,277,362,371,11,,,0.0
2025-11-05 17:55:23,1.17.2,Bandit100,17,3.78,,20,0,100,Left,Right,278,362,371,11,,,0.19
2025-11-05 18:02:36,1.17.2,Bandit100,17,3.78,,20,0,100,Left,Right,279,362,371,11,,,0.08
2025-11-05 18:03:47,1.17.2,Bandit100,17,3.78,,20,0,100,Left,Right,280,362,371,11,,,0.37
2025-11-05 18:04:54,1.17.2,Bandit100,17,3.78,,20,0,100,Left,Right,281,362,371,11,,,0.19
2025-11-05 18:08:11,1.17.2,Bandit100,17,3.77,,20,0,100,Right,Right,281,363,371,11,,,0.03
2025-11-05 18:08:14,1.17.2,Bandit100,17,3.78,1.0,20,0,100,Pellet,Right,281,363,372,11,2.99,4078.0,
2025-11-05 18:18:04,1.17.2,Bandit100,17,3.78,,20,0,100,Left,Right,282,363,372,12,,,0.04
2025-11-05 18:18:07,1.17.2,Bandit100,17,3.78,,20,0,100,LeftinTimeOut,Right,282,363,372,12,,,
2025-11-05 18:18:09,1.17.2,Bandit100,17,3.77,,20,0,100,LeftinTimeOut,Right,282,363,372,12,,,
2025-11-05 18:19:21,1.17.2,Bandit100,17,3.77,,20,0,100,Right,Right,282,364,372,12,,,0.25
2025-11-05 18:19:23,1.17.2,Bandit100,17,3.78,2.0,20,0,100,Pellet,Right,282,364,373,12,0.89,669.0,
2025-11-05 18:21:10,1.17.2,Bandit100,17,3.78,,20,0,100,Right,Right,282,365,373,13,,,0.19
2025-11-05 18:21:10,1.17.2,Bandit100,17,3.77,,20,0,100,RightDuringDispense,Right,282,365,373,13,,,0.13
2025-11-05 18:21:16,1.17.2,Bandit100,17,3.78,3.0,20,0,100,Pellet,Right,282,365,374,13,1.07,113.0,
2025-11-05 18:24:38,1.17.2,Bandit100,17,3.78,,20,0,100,Right,Right,282,366,374,14,,,0.05
2025-11-05 18:24:51,1.17.2,Bandit100,17,3.77,3.0,20,0,100,Pellet,Right,282,366,375,14,8.69,215.0,
2025-11-05 18:25:06,1.17.2,Bandit100,17,3.77,,20,0,100,Right,Right,282,367,375,15,,,0.24
2025-11-05 18:25:07,1.17.2,Bandit100,17,3.77,1.0,20,0,100,Pellet,Right,282,367,376,15,0.59,16.0,
2025-11-05 18:25:25,1.17.2,Bandit100,17,3.78,,20,0,100,Right,Right,282,368,376,16,,,0.1
2025-11-05 18:25:27,1.17.2,Bandit100,17,3.78,1.0,20,0,100,Pellet,Right,282,368,377,16,0.89,20.0,
2025-11-05 18:25:38,1.17.2,Bandit100,17,3.78,,20,0,100,Right,Right,282,369,377,17,,,0.1
2025-11-05 18:25:39,1.17.2,Bandit100,17,3.77,1.0,20,0,100,Pellet,Right,282,369,378,17,0.59,12.0,
2025-11-05 18:25:59,1.17.2,Bandit100,17,3.78,,20,0,100,Right,Right,282,370,378,18,,,0.15
2025-11-05 18:26:04,1.17.2,Bandit100,17,3.77,2.0,20,0,100,Pellet,Right,282,370,379,18,1.97,25.0,
2025-11-05 18:26:16,1.17.2,Bandit100,17,3.77,,20,0,100,Right,Right,282,371,379,19,,,0.15
2025-11-05 18:26:18,1.17.2,Bandit100,17,3.77,1.0,20,0,100,Pellet,Right,282,371,380,19,0.77,14.0,
2025-11-05 18:38:14,1.17.2,Bandit100,17,3.77,,20,100,0,Right,Left,282,372,380,0,,,0.24
2025-11-05 18:38:16,1.17.2,Bandit100,17,3.77,,20,100,0,RightinTimeout,Left,282,372,380,0,,,0.0
2025-11-05 18:38:16,1.17.2,Bandit100,17,3.77,,20,100,0,RightinTimeout,Left,282,372,380,0,,,0.0
2025-11-05 18:39:17,1.17.2,Bandit100,17,3.78,,20,100,0,Right,Left,282,373,380,0,,,0.2
2025-11-05 18:48:43,1.17.2,Bandit100,17,3.77,,20,100,0,Left,Left,283,373,380,0,,,0.3
2025-11-05 18:48:47,1.17.2,Bandit100,17,3.78,2.0,20,100,0,Pellet,Left,283,373,381,0,0.83,1349.0,
2025-11-05 18:49:01,1.17.2,Bandit100,17,3.77,,20,100,0,Right,Left,283,374,381,1,,,0.14
2025-11-05 18:49:04,1.17.2,Bandit100,17,3.77,,20,100,0,RightinTimeout,Left,283,374,381,1,,,0.0
2025-11-05 18:49:17,1.17.2,Bandit100,17,3.78,,20,100,0,Right,Left,283,375,381,1,,,0.3
2025-11-05 18:49:18,1.17.2,Bandit100,17,3.78,,20,100,0,RightinTimeout,Left,283,375,381,1,,,0.0
2025-11-05 18:49:20,1.17.2,Bandit100,17,3.77,,20,100,0,RightinTimeout,Left,283,375,381,1,,,0.0
2025-11-05 18:49:20,1.17.2,Bandit100,17,3.78,,20,100,0,RightinTimeout,Left,283,375,381,1,,,0.0
2025-11-05 18:49:21,1.17.2,Bandit100,17,3.77,,20,100,0,RightinTimeout,Left,283,375,381,1,,,0.0
2025-11-05 18:49:22,1.17.2,Bandit100,17,3.78,,20,100,0,RightinTimeout,Left,283,375,381,1,,,0.0
2025-11-05 18:49:25,1.17.2,Bandit100,17,3.78,,20,100,0,RightinTimeout,Left,283,375,381,1,,,0.0
2025-11-05 18:49:26,1.17.2,Bandit100,17,3.77,,20,100,0,RightinTimeout,Left,283,375,381,1,,,0.0
2025-11-05 18:54:16,1.17.2,Bandit100,17,3.77,,20,100,0,Left,Left,284,375,381,1,,,0.42
2025-11-05 18:54:17,1.17.2,Bandit100,17,3.77,1.0,20,100,0,Pellet,Left,284,375,382,1,0.77,330.0,
2025-11-05 18:57:26,1.17.2,Bandit100,17,3.77,,20,100,0,Right,Left,284,376,382,2,,,0.04
2025-11-05 18:57:27,1.17.2,Bandit100,17,3.77,,20,100,0,RightinTimeout,Left,284,376,382,2,,,0.0
2025-11-05 18:57:29,1.17.2,Bandit100,17,3.77,,20,100,0,RightinTimeout,Left,284,376,382,2,,,0.0
2025-11-05 19:01:08,1.17.2,Bandit100,17,3.78,,20,100,0,Right,Left,284,377,382,2,,,0.08
2025-11-05 19:01:17,1.17.2,Bandit100,17,3.77,,20,100,0,LeftinTimeOut,Left,284,377,382,2,,,
2025-11-05 19:01:18,1.17.2,Bandit100,17,3.78,,20,100,0,LeftinTimeOut,Left,284,377,382,2,,,
2025-11-05 19:06:36,1.17.2,Bandit100,17,3.77,,20,100,0,Right,Left,284,378,382,2,,,0.05
2025-11-05 19:06:37,1.17.2,Bandit100,17,3.77,,20,100,0,RightinTimeout,Left,284,378,382,2,,,0.0
2025-11-05 19:09:11,1.17.2,Bandit100,17,3.77,,20,100,0,Right,Left,284,379,382,2,,,0.05
2025-11-05 19:09:11,1.17.2,Bandit100,17,3.77,,20,100,0,RightinTimeout,Left,284,379,382,2,,,0.0
2025-11-05 19:11:37,1.17.2,Bandit100,17,3.77,,20,100,0,Right,Left,284,380,382,2,,,0.11
2025-11-05 19:12:24,1.17.2,Bandit100,17,3.77,,20,100,0,Right,Left,284,381,382,2,,,0.07
2025-11-05 19:12:25,1.17.2,Bandit100,17,3.76,,20,100,0,RightinTimeout,Left,284,381,382,2,,,0.0
2025-11-05 19:12:27,1.17.2,Bandit100,17,3.76,,20,100,0,RightinTimeout,Left,284,381,382,2,,,0.0
2025-11-05 19:12:27,1.17.2,Bandit100,17,3.77,,20,100,0,RightinTimeout,Left,284,381,382,2,,,0.0
2025-11-05 19:12:28,1.17.2,Bandit100,17,3.77,,20,100,0,RightinTimeout,Left,284,381,382,2,,,0.0
2025-11-05 19:19:35,1.17.2,Bandit100,17,3.77,,20,100,0,Right,Left,284,382,382,2,,,0.02
2025-11-05 19:22:46,1.17.2,Bandit100,17,3.77,,20,100,0,Right,Left,284,383,382,2,,,0.17
2025-11-05 19:22:49,1.17.2,Bandit100,17,3.77,,20,100,0,RightinTimeout,Left,284,383,382,2,,,0.0
2025-11-05 19:22:50,1.17.2,Bandit100,17,3.77,,20,100,0,RightinTimeout,Left,284,383,382,2,,,0.0
2025-11-05 19:29:56,1.17.2,Bandit100,17,3.77,,20,100,0,Right,Left,284,384,382,2,,,0.15
2025-11-05 19:30:59,1.17.2,Bandit100,17,3.77,,20,100,0,Right,Left,284,385,382,2,,,0.14
2025-11-05 19:31:00,1.17.2,Bandit100,17,3.77,,20,100,0,RightinTimeout,Left,284,385,382,2,,,0.0
2025-11-05 19:31:00,1.17.2,Bandit100,17,3.77,,20,100,0,RightinTimeout,Left,284,385,382,2,,,0.0
2025-11-05 19:31:02,1.17.2,Bandit100,17,3.77,,20,100,0,RightinTimeout,Left,284,385,382,2,,,0.0
2025-11-05 19:31:03,1.17.2,Bandit100,17,3.77,,20,100,0,RightinTimeout,Left,284,385,382,2,,,0.0
2025-11-05 19:31:39,1.17.2,Bandit100,17,3.77,,20,100,0,Right,Left,284,386,382,2,,,0.14
2025-11-05 19:31:40,1.17.2,Bandit100,17,3.77,,20,100,0,RightinTimeout,Left,284,386,382,2,,,0.0
2025-11-05 19:31:40,1.17.2,Bandit100,17,3.77,,20,100,0,RightinTimeout,Left,284,386,382,2,,,0.0
2025-11-05 19:31:43,1.17.2,Bandit100,17,3.77,,20,100,0,RightinTimeout,Left,284,386,382,2,,,0.0
2025-11-05 19:32:07,1.17.2,Bandit100,17,3.77,,20,100,0,Right,Left,284,387,382,2,,,0.09
2025-11-05 19:32:09,1.17.2,Bandit100,17,3.77,,20,100,0,RightinTimeout,Left,284,387,382,2,,,0.0
2025-11-05 19:32:09,1.17.2,Bandit100,17,3.77,,20,100,0,RightinTimeout,Left,284,387,382,2,,,0.0
2025-11-05 19:32:10,1.17.2,Bandit100,17,3.77,,20,100,0,RightinTimeout,Left,284,387,382,2,,,0.0
2025-11-05 19:32:10,1.17.2,Bandit100,17,3.77,,20,100,0,RightinTimeout,Left,284,387,382,2,,,0.0
2025-11-05 19:32:14,1.17.2,Bandit100,17,3.77,,20,100,0,RightinTimeout,Left,284,387,382,2,,,0.0
2025-11-05 19:32:15,1.17.2,Bandit100,17,3.77,,20,100,0,RightinTimeout,Left,284,387,382,2,,,0.0
2025-11-05 19:35:48,1.17.2,Bandit100,17,3.77,,20,100,0,Right,Left,284,388,382,2,,,0.16
2025-11-05 19:36:37,1.17.2,Bandit100,17,3.78,,20,100,0,Left,Left,285,388,382,2,,,0.08
2025-11-05 19:36:38,1.17.2,Bandit100,17,3.77,,20,100,0,LeftDuringDispense,Left,285,388,382,2,,,0.03
2025-11-05 19:36:43,1.17.2,Bandit100,17,3.77,3.0,20,100,0,Pellet,Left,285,388,383,2,0.77,2546.0,
2025-11-05 19:36:56,1.17.2,Bandit100,17,3.78,,20,100,0,Left,Left,286,388,383,3,,,0.07
2025-11-05 19:36:59,1.17.2,Bandit100,17,3.78,2.0,20,100,0,Pellet,Left,286,388,384,3,0.65,16.0,
2025-11-05 19:37:14,1.17.2,Bandit100,17,3.77,,20,100,0,Left,Left,287,388,384,4,,,0.29
2025-11-05 19:37:18,1.17.2,Bandit100,17,3.77,1.0,20,100,0,Pellet,Left,287,388,385,4,3.17,19.0,
2025-11-05 19:37:25,1.17.2,Bandit100,17,3.77,,20,100,0,Left,Left,288,388,385,5,,,0.15
2025-11-05 19:37:28,1.17.2,Bandit100,17,3.77,2.0,20,100,0,Pellet,Left,288,388,386,5,0.65,10.0,
2025-11-05 19:37:39,1.17.2,Bandit100,17,3.78,,20,100,0,Left,Left,289,388,386,6,,,0.16
2025-11-05 19:37:41,1.17.2,Bandit100,17,3.77,1.0,20,100,0,Pellet,Left,289,388,387,6,0.89,13.0,
2025-11-05 19:37:50,1.17.2,Bandit100,17,3.77,,20,100,0,Right,Left,289,389,387,7,,,0.17
2025-11-05 19:37:58,1.17.2,Bandit100,17,3.77,,20,100,0,LeftinTimeOut,Left,289,389,387,7,,,
2025-11-05 19:38:01,1.17.2,Bandit100,17,3.77,,20,100,0,LeftinTimeOut,Left,289,389,387,7,,,
2025-11-05 19:38:04,1.17.2,Bandit100,17,3.76,,20,100,0,RightinTimeout,Left,289,389,387,7,,,0.0
2025-11-05 19:38:04,1.17.2,Bandit100,17,3.76,,20,100,0,RightinTimeout,Left,289,389,387,7,,,0.0
2025-11-05 19:38:05,1.17.2,Bandit100,17,3.76,,20,100,0,RightinTimeout,Left,289,389,387,7,,,0.0
2025-11-05 19:38:06,1.17.2,Bandit100,17,3.76,,20,100,0,RightinTimeout,Left,289,389,387,7,,,0.0
2025-11-05 19:38:06,1.17.2,Bandit100,17,3.78,,20,100,0,RightinTimeout,Left,289,389,387,7,,,0.0
2025-11-05 19:40:30,1.17.2,Bandit100,17,3.78,,20,100,0,Left,Left,290,389,387,7,,,0.31
2025-11-05 19:40:34,1.17.2,Bandit100,17,3.77,2.0,20,100,0,Pellet,Left,290,389,388,7,0.95,173.0,
2025-11-05 19:40:49,1.17.2,Bandit100,17,3.77,,20,100,0,Right,Left,290,390,388,8,,,0.01
2025-11-05 19:40:50,1.17.2,Bandit100,17,3.77,,20,100,0,RightinTimeout,Left,290,390,388,8,,,0.0
2025-11-05 19:43:24,1.17.2,Bandit100,17,3.78,,20,100,0,Right,Left,290,391,388,8,,,0.45
2025-11-05 19:43:31,1.17.2,Bandit100,17,3.76,,20,100,0,RightinTimeout,Left,290,391,388,8,,,0.0
2025-11-05 19:45:29,1.17.2,Bandit100,17,3.77,,20,100,0,Left,Left,291,391,388,8,,,0.09
2025-11-05 19:45:31,1.17.2,Bandit100,17,3.76,1.0,20,100,0,Pellet,Left,291,391,389,8,0.83,297.0,
2025-11-05 19:45:41,1.17.2,Bandit100,17,3.77,,20,100,0,Left,Left,292,391,389,9,,,0.03
2025-11-05 19:45:42,1.17.2,Bandit100,17,3.77,1.0,20,100,0,Pellet,Left,292,391,390,9,0.95,11.0,
2025-11-05 19:45:54,1.17.2,Bandit100,17,3.77,,20,100,0,Left,Left,293,391,390,10,,,0.08
2025-11-05 19:45:56,1.17.2,Bandit100,17,3.77,1.0,20,100,0,Pellet,Left,293,391,391,10,0.89,14.0,
2025-11-05 19:46:11,1.17.2,Bandit100,17,3.77,,20,100,0,Left,Left,294,391,391,11,,,0.07
2025-11-05 19:46:17,1.17.2,Bandit100,17,3.77,2.0,20,100,0,Pellet,Left,294,391,392,11,3.35,21.0,
2025-11-05 19:46:40,1.17.2,Bandit100,17,3.78,,20,100,0,Left,Left,295,391,392,12,,,0.01
2025-11-05 19:46:41,1.17.2,Bandit100,17,3.77,1.0,20,100,0,Pellet,Left,295,391,393,12,0.65,24.0,
2025-11-05 19:46:51,1.17.2,Bandit100,17,3.77,,20,100,0,Left,Left,296,391,393,13,,,0.06
2025-11-05 19:46:52,1.17.2,Bandit100,17,3.77,1.0,20,100,0,Pellet,Left,296,391,394,13,0.53,11.0,
2025-11-05 19:47:14,1.17.2,Bandit100,17,3.77,,20,100,0,Right,Left,296,392,394,14,,,0.43
2025-11-05 19:49:16,1.17.2,Bandit100,17,3.77,,20,100,0,Right,Left,296,393,394,14,,,0.05
2025-11-05 19:51:45,1.17.2,Bandit100,17,3.78,,20,100,0,Left,Left,297,393,394,14,,,0.14
2025-11-05 19:51:46,1.17.2,Bandit100,17,3.77,1.0,20,100,0,Pellet,Left,297,393,395,14,0.77,294.0,
2025-11-05 19:51:56,1.17.2,Bandit100,17,3.77,,20,100,0,Left,Left,298,393,395,15,,,0.03
2025-11-05 19:51:58,1.17.2,Bandit100,17,3.77,1.0,20,100,0,Pellet,Left,298,393,396,15,0.95,12.0,
2025-11-05 20:02:05,1.17.2,Bandit100,17,3.77,,20,100,0,Right,Left,298,394,396,16,,,0.19
2025-11-05 20:02:06,1.17.2,Bandit100,17,3.76,,20,100,0,RightinTimeout,Left,298,394,396,16,,,0.0
2025-11-05 20:02:07,1.17.2,Bandit100,17,3.76,,20,100,0,RightinTimeout,Left,298,394,396,16,,,0.0
2025-11-05 20:02:11,1.17.2,Bandit100,17,3.77,,20,100,0,RightinTimeout,Left,298,394,396,16,,,0.0
2025-11-05 20:02:11,1.17.2,Bandit100,17,3.76,,20,100,0,RightinTimeout,Left,298,394,396,16,,,0.0
2025-11-05 20:02:12,1.17.2,Bandit100,17,3.77,,20,100,0,RightinTimeout,Left,298,394,396,16,,,0.0
2025-11-05 20:03:24,1.17.2,Bandit100,17,3.77,,20,100,0,Right,Left,298,395,396,16,,,0.14
2025-11-05 20:04:50,1.17.2,Bandit100,17,3.77,,20,100,0,Right,Left,298,396,396,16,,,0.16
2025-11-05 20:04:53,1.17.2,Bandit100,17,3.77,,20,100,0,RightinTimeout,Left,298,396,396,16,,,0.0
2025-11-05 20:04:54,1.17.2,Bandit100,17,3.77,,20,100,0,RightinTimeout,Left,298,396,396,16,,,0.0
2025-11-05 20:04:54,1.17.2,Bandit100,17,3.78,,20,100,0,RightinTimeout,Left,298,396,396,16,,,0.0
2025-11-05 20:04:54,1.17.2,Bandit100,17,3.77,,20,100,0,RightinTimeout,Left,298,396,396,16,,,0.0
2025-11-05 20:06:02,1.17.2,Bandit100,17,3.77,,20,100,0,Right,Left,298,397,396,16,,,0.05
2025-11-05 20:14:34,1.17.2,Bandit100,17,3.76,,20,100,0,Left,Left,299,397,396,16,,,0.13
2025-11-05 20:14:38,1.17.2,Bandit100,17,3.77,1.0,20,100,0,Pellet,Left,299,397,397,16,2.87,1360.0,
2025-11-05 20:14:50,1.17.2,Bandit100,17,3.77,,20,100,0,Left,Left,300,397,397,17,,,0.06
2025-11-05 20:14:52,1.17.2,Bandit100,17,3.77,1.0,20,100,0,Pellet,Left,300,397,398,17,0.59,14.0,
2025-11-05 20:15:05,1.17.2,Bandit100,17,3.77,,20,100,0,Left,Left,301,397,398,18,,,0.11
2025-11-05 20:15:09,1.17.2,Bandit100,17,3.76,2.0,20,100,0,Pellet,Left,301,397,399,18,0.53,17.0,
2025-11-05 20:15:30,1.17.2,Bandit100,17,3.77,,20,100,0,Left,Left,302,397,399,19,,,0.04
2025-11-05 20:15:33,1.17.2,Bandit100,17,3.77,1.0,20,100,0,Pellet,Left,302,397,400,19,2.69,24.0,
2025-11-05 20:19:36,1.17.2,Bandit100,17,3.77,,20,0,100,Right,Right,302,398,400,0,,,0.18
2025-11-05 20:19:38,1.17.2,Bandit100,17,3.76,1.0,20,0,100,Pellet,Right,302,398,401,0,1.31,245.0,
2025-11-05 20:19:47,1.17.2,Bandit100,17,3.77,,20,0,100,Left,Right,303,398,401,1,,,0.08
2025-11-05 20:19:53,1.17.2,Bandit100,17,3.77,,20,0,100,RightinTimeout,Right,303,398,401,1,,,0.0
2025-11-05 20:21:10,1.17.2,Bandit100,17,3.77,,20,0,100,Left,Right,304,398,401,1,,,0.1
2025-11-05 20:21:11,1.17.2,Bandit100,17,3.77,,20,0,100,LeftinTimeOut,Right,304,398,401,1,,,
2025-11-05 20:21:17,1.17.2,Bandit100,17,3.77,,20,0,100,LeftinTimeOut,Right,304,398,401,1,,,
2025-11-05 20:25:37,1.17.2,Bandit100,17,3.77,,20,0,100,Right,Right,304,399,401,1,,,0.03
2025-11-05 20:25:38,1.17.2,Bandit100,17,3.77,1.0,20,0,100,Pellet,Right,304,399,402,1,0.71,360.0,
2025-11-05 20:25:46,1.17.2,Bandit100,17,3.77,,20,0,100,Right,Right,304,400,402,2,,,0.14
2025-11-05 20:25:48,1.17.2,Bandit100,17,3.77,1.0,20,0,100,Pellet,Right,304,400,403,2,0.59,10.0,
2025-11-05 20:25:54,1.17.2,Bandit100,17,3.77,,20,0,100,Right,Right,304,401,403,3,,,0.02
2025-11-05 20:25:56,1.17.2,Bandit100,17,3.76,1.0,20,0,100,Pellet,Right,304,401,404,3,0.47,8.0,
2025-11-05 20:26:12,1.17.2,Bandit100,17,3.77,,20,0,100,Right,Right,304,402,404,4,,,0.13
2025-11-05 20:26:14,1.17.2,Bandit100,17,3.77,1.0,20,0,100,Pellet,Right,304,402,405,4,0.77,18.0,
2025-11-05 20:26:28,1.17.2,Bandit100,17,3.77,,20,0,100,Right,Right,304,403,405,5,,,0.15
2025-11-05 20:26:32,1.17.2,Bandit100,17,3.77,2.0,20,0,100,Pellet,Right,304,403,406,5,0.83,18.0,
2025-11-05 20:26:44,1.17.2,Bandit100,17,3.77,,20,0,100,Right,Right,304,404,406,6,,,0.13
2025-11-05 20:26:45,1.17.2,Bandit100,17,3.77,1.0,20,0,100,Pellet,Right,304,404,407,6,0.59,13.0,
2025-11-05 20:26:52,1.17.2,Bandit100,17,3.77,,20,0,100,Right,Right,304,405,407,7,,,0.14
2025-11-05 20:26:54,1.17.2,Bandit100,17,3.77,1.0,20,0,100,Pellet,Right,304,405,408,7,1.85,9.0,
2025-11-05 20:27:07,1.17.2,Bandit100,17,3.77,,20,0,100,Right,Right,304,406,408,8,,,0.11
2025-11-05 20:27:07,1.17.2,Bandit100,17,3.76,,20,0,100,RightDuringDispense,Right,304,406,408,8,,,0.05
2025-11-05 20:27:10,1.17.2,Bandit100,17,3.76,3.0,20,0,100,Pellet,Right,304,406,409,8,0.59,16.0,
2025-11-05 20:27:18,1.17.2,Bandit100,17,3.76,,20,0,100,Right,Right,304,407,409,9,,,0.12
2025-11-05 20:27:20,1.17.2,Bandit100,17,3.76,1.0,20,0,100,Pellet,Right,304,407,410,9,0.95,10.0,
2025-11-05 20:27:32,1.17.2,Bandit100,17,3.77,,20,0,100,Right,Right,304,408,410,10,,,0.1
2025-11-05 20:27:33,1.17.2,Bandit100,17,3.78,1.0,20,0,100,Pellet,Right,304,408,411,10,0.71,13.0,
2025-11-05 20:27:45,1.17.2,Bandit100,17,3.77,,20,0,100,Right,Right,304,409,411,11,,,0.0
2025-11-05 20:27:46,1.17.2,Bandit100,17,3.77,1.0,20,0,100,Pellet,Right,304,409,412,11,0.59,13.0,
2025-11-05 20:28:05,1.17.2,Bandit100,17,3.76,,20,0,100,Right,Right,304,410,412,12,,,0.08
2025-11-05 20:28:08,1.17.2,Bandit100,17,3.77,2.0,20,0,100,Pellet,Right,304,410,413,12,0.59,22.0,
2025-11-05 20:28:29,1.17.2,Bandit100,17,3.76,,20,0,100,Right,Right,304,411,413,13,,,0.25
2025-11-05 20:28:31,1.17.2,Bandit100,17,3.77,1.0,20,0,100,Pellet,Right,304,411,414,13,1.19,23.0,
2025-11-05 20:28:41,1.17.2,Bandit100,17,3.77,,20,0,100,Right,Right,304,412,414,14,,,0.14
2025-11-05 20:28:42,1.17.2,Bandit100,17,3.76,1.0,20,0,100,Pellet,Right,304,412,415,14,0.65,11.0,
2025-11-05 20:28:53,1.17.2,Bandit100,17,3.77,,20,0,100,Right,Right,304,413,415,15,,,0.12
2025-11-05 20:28:54,1.17.2,Bandit100,17,3.77,1.0,20,0,100,Pellet,Right,304,413,416,15,0.89,12.0,
2025-11-05 20:29:12,1.17.2,Bandit100,17,3.77,,20,0,100,Right,Right,304,414,416,16,,,0.12
2025-11-05 20:29:13,1.17.2,Bandit100,17,3.77,1.0,20,0,100,Pellet,Right,304,414,417,16,0.65,19.0,
2025-11-05 20:29:39,1.17.2,Bandit100,17,3.76,,20,0,100,Right,Right,304,415,417,17,,,0.14
2025-11-05 20:29:40,1.17.2,Bandit100,17,3.77,1.0,20,0,100,Pellet,Right,304,415,418,17,0.77,27.0,
2025-11-05 20:36:36,1.17.2,Bandit100,17,3.77,,20,0,100,Left,Right,305,415,418,18,,,0.02
2025-11-05 20:39:08,1.17.2,Bandit100,17,3.77,,20,0,100,Left,Right,306,415,418,18,,,0.23
2025-11-05 20:39:18,1.17.2,Bandit100,17,3.77,,20,0,100,RightinTimeout,Right,306,415,418,18,,,0.0
2025-11-05 20:40:51,1.17.2,Bandit100,17,3.77,,20,0,100,Right,Right,306,416,418,18,,,0.3
2025-11-05 20:40:53,1.17.2,Bandit100,17,3.77,1.0,20,0,100,Pellet,Right,306,416,419,18,1.61,673.0,
2025-11-05 20:41:18,1.17.2,Bandit100,17,3.77,,20,0,100,Right,Right,306,417,419,19,,,0.1
2025-11-05 20:41:22,1.17.2,Bandit100,17,3.77,2.0,20,0,100,Pellet,Right,306,417,420,19,1.01,29.0,
2025-11-05 20:41:38,1.17.2,Bandit100,17,3.77,,20,100,0,Right,Left,306,418,420,0,,,0.13
2025-11-05 20:41:40,1.17.2,Bandit100,17,3.77,,20,100,0,RightinTimeout,Left,306,418,420,0,,,0.0
2025-11-05 20:41:41,1.17.2,Bandit100,17,3.77,,20,100,0,RightinTimeout,Left,306,418,420,0,,,0.0
2025-11-05 20:41:41,1.17.2,Bandit100,17,3.76,,20,100,0,RightinTimeout,Left,306,418,420,0,,,0.0
2025-11-05 20:41:45,1.17.2,Bandit100,17,3.77,,20,100,0,RightinTimeout,Left,306,418,420,0,,,0.0
2025-11-05 20:41:45,1.17.2,Bandit100,17,3.77,,20,100,0,RightinTimeout,Left,306,418,420,0,,,0.0
2025-11-05 20:41:47,1.17.2,Bandit100,17,3.76,,20,100,0,RightinTimeout,Left,306,418,420,0,,,0.0
2025-11-05 20:41:50,1.17.2,Bandit100,17,3.76,,20,100,0,RightinTimeout,Left,306,418,420,0,,,0.0
2025-11-05 20:41:51,1.17.2,Bandit100,17,3.77,,20,100,0,RightinTimeout,Left,306,418,420,0,,,0.0
2025-11-05 20:41:51,1.17.2,Bandit100,17,3.77,,20,100,0,RightinTimeout,Left,306,418,420,0,,,0.0
2025-11-05 20:41:52,1.17.2,Bandit100,17,3.77,,20,100,0,RightinTimeout,Left,306,418,420,0,,,0.0
2025-11-05 20:50:47,1.17.2,Bandit100,17,3.76,,20,100,0,Left,Left,307,418,420,0,,,0.12
2025-11-05 20:50:48,1.17.2,Bandit100,17,3.76,1.0,20,100,0,Pellet,Left,307,418,421,0,0.59,566.0,
2025-11-05 20:51:03,1.17.2,Bandit100,17,3.76,,20,100,0,Right,Left,307,419,421,1,,,0.14
2025-11-05 20:51:07,1.17.2,Bandit100,17,3.76,,20,100,0,RightinTimeout,Left,307,419,421,1,,,0.0
2025-11-05 20:51:08,1.17.2,Bandit100,17,3.76,,20,100,0,RightinTimeout,Left,307,419,421,1,,,0.0
2025-11-05 20:55:16,1.17.2,Bandit100,17,3.76,,20,100,0,Left,Left,308,419,421,1,,,0.1
2025-11-05 20:55:17,1.17.2,Bandit100,17,3.76,1.0,20,100,0,Pellet,Left,308,419,422,1,0.71,269.0,
2025-11-05 20:55:28,1.17.2,Bandit100,17,3.76,,20,100,0,Right,Left,308,420,422,2,,,0.1
2025-11-05 21:03:22,1.17.2,Bandit100,17,3.77,,20,100,0,Right,Left,308,421,422,2,,,0.11
2025-11-05 21:03:56,1.17.2,Bandit100,17,3.77,,20,100,0,Right,Left,308,422,422,2,,,0.11
2025-11-05 21:14:16,1.17.2,Bandit100,17,3.75,,20,100,0,Right,Left,308,423,422,2,,,0.17
2025-11-05 21:14:19,1.17.2,Bandit100,17,3.77,,20,100,0,RightinTimeout,Left,308,423,422,2,,,0.0
2025-11-05 21:18:00,1.17.2,Bandit100,17,3.76,,20,100,0,Left,Left,309,423,422,2,,,0.07
2025-11-05 21:18:04,1.17.2,Bandit100,17,3.77,2.0,20,100,0,Pellet,Left,309,423,423,2,0.77,1367.0,
2025-11-05 21:18:18,1.17.2,Bandit100,17,3.77,,20,100,0,Right,Left,309,424,423,3,,,0.03
2025-11-05 21:18:19,1.17.2,Bandit100,17,3.77,,20,100,0,RightinTimeout,Left,309,424,423,3,,,0.0
2025-11-05 21:18:20,1.17.2,Bandit100,17,3.76,,20,100,0,RightinTimeout,Left,309,424,423,3,,,0.0
2025-11-05 21:18:22,1.17.2,Bandit100,17,3.76,,20,100,0,RightinTimeout,Left,309,424,423,3,,,0.0
2025-11-05 21:27:45,1.17.2,Bandit100,17,3.77,,20,100,0,Right,Left,309,425,423,3,,,0.12
2025-11-05 21:28:20,1.17.2,Bandit100,17,3.76,,20,100,0,Right,Left,309,426,423,3,,,0.0
2025-11-05 21:28:30,1.17.2,Bandit100,17,3.77,,20,100,0,RightinTimeout,Left,309,426,423,3,,,0.0
2025-11-05 21:29:34,1.17.2,Bandit100,17,3.76,,20,100,0,Left,Left,310,426,423,3,,,0.1
2025-11-05 21:29:36,1.17.2,Bandit100,17,3.76,1.0,20,100,0,Pellet,Left,310,426,424,3,1.31,692.0,
2025-11-05 21:29:51,1.17.2,Bandit100,17,3.77,,20,100,0,Left,Left,311,426,424,4,,,0.08
2025-11-05 21:29:52,1.17.2,Bandit100,17,3.77,1.0,20,100,0,Pellet,Left,311,426,425,4,0.65,16.0,
2025-11-05 21:30:17,1.17.2,Bandit100,17,3.77,,20,100,0,Right,Left,311,427,425,5,,,0.13
2025-11-05 21:35:33,1.17.2,Bandit100,17,3.77,,20,100,0,Left,Left,312,427,425,5,,,0.06
2025-11-05 21:35:37,1.17.2,Bandit100,17,3.77,2.0,20,100,0,Pellet,Left,312,427,426,5,1.07,345.0,
2025-11-05 21:35:53,1.17.2,Bandit100,17,3.76,,20,100,0,Left,Left,313,427,426,6,,,0.1
2025-11-05 21:35:54,1.17.2,Bandit100,17,3.77,1.0,20,100,0,Pellet,Left,313,427,427,6,0.47,17.0,
2025-11-05 21:36:12,1.17.2,Bandit100,17,3.77,,20,100,0,Left,Left,314,427,427,7,,,0.18
2025-11-05 21:36:17,1.17.2,Bandit100,17,3.76,1.0,20,100,0,Pellet,Left,314,427,428,7,3.53,23.0,
2025-11-05 21:36:25,1.17.2,Bandit100,17,3.76,,20,100,0,Right,Left,314,428,428,8,,,0.03
2025-11-05 21:36:25,1.17.2,Bandit100,17,3.77,,20,100,0,RightinTimeout,Left,314,428,428,8,,,0.0
2025-11-05 21:36:27,1.17.2,Bandit100,17,3.77,,20,100,0,RightinTimeout,Left,314,428,428,8,,,0.0
2025-11-05 21:36:27,1.17.2,Bandit100,17,3.76,,20,100,0,RightinTimeout,Left,314,428,428,8,,,0.0
2025-11-05 21:36:28,1.17.2,Bandit100,17,3.77,,20,100,0,RightinTimeout,Left,314,428,428,8,,,0.0
2025-11-05 21:37:27,1.17.2,Bandit100,17,3.76,,20,100,0,Left,Left,315,428,428,8,,,0.13
2025-11-05 21:37:28,1.17.2,Bandit100,17,3.77,1.0,20,100,0,Pellet,Left,315,428,429,8,0.59,71.0,
2025-11-05 21:38:40,1.17.2,Bandit100,17,3.77,,20,100,0,Right,Left,315,429,429,9,,,0.12
2025-11-05 21:38:41,1.17.2,Bandit100,17,3.77,,20,100,0,RightinTimeout,Left,315,429,429,9,,,0.0
2025-11-05 21:39:25,1.17.2,Bandit100,17,3.77,,20,100,0,Left,Left,316,429,429,9,,,0.15
2025-11-05 21:39:26,1.17.2,Bandit100,17,3.76,1.0,20,100,0,Pellet,Left,316,429,430,9,0.77,118.0,
2025-11-05 21:39:33,1.17.2,Bandit100,17,3.76,,20,100,0,Left,Left,317,429,430,10,,,0.04
2025-11-05 21:39:34,1.17.2,Bandit100,17,3.76,1.0,20,100,0,Pellet,Left,317,429,431,10,0.65,8.0,
2025-11-05 21:39:49,1.17.2,Bandit100,17,3.76,,20,100,0,Right,Left,317,430,431,11,,,0.02
2025-11-05 21:39:50,1.17.2,Bandit100,17,3.76,,20,100,0,RightinTimeout,Left,317,430,431,11,,,0.0
2025-11-05 21:48:00,1.17.2,Bandit100,17,3.76,,20,100,0,Right,Left,317,431,431,11,,,0.32
2025-11-05 21:48:53,1.17.2,Bandit100,17,3.76,,20,100,0,Right,Left,317,432,431,11,,,0.3
2025-11-05 21:48:54,1.17.2,Bandit100,17,3.76,,20,100,0,RightinTimeout,Left,317,432,431,11,,,0.0
2025-11-05 21:53:03,1.17.2,Bandit100,17,3.76,,20,100,0,Left,Left,318,432,431,11,,,0.11
2025-11-05 21:53:05,1.17.2,Bandit100,17,3.76,1.0,20,100,0,Pellet,Left,318,432,432,11,1.01,811.0,
2025-11-05 21:53:21,1.17.2,Bandit100,17,3.77,,20,100,0,Left,Left,319,432,432,12,,,0.12
2025-11-05 21:53:24,1.17.2,Bandit100,17,3.77,2.0,20,100,0,Pellet,Left,319,432,433,12,0.41,19.0,
2025-11-05 22:51:17,1.17.2,Bandit100,17,3.76,,20,100,0,Left,Left,320,432,433,13,,,0.15
2025-11-05 22:51:18,1.17.2,Bandit100,17,3.76,1.0,20,100,0,Pellet,Left,320,432,434,13,0.77,3474.0,
2025-11-05 22:52:13,1.17.2,Bandit100,17,3.77,,20,100,0,Left,Left,321,432,434,14,,,0.0
2025-11-05 22:52:18,1.17.2,Bandit100,17,3.76,3.0,20,100,0,Pellet,Left,321,432,435,14,0.77,60.0,
2025-11-05 22:52:27,1.17.2,Bandit100,17,3.76,,20,100,0,Left,Left,322,432,435,15,,,0.05
2025-11-05 22:52:29,1.17.2,Bandit100,17,3.76,1.0,20,100,0,Pellet,Left,322,432,436,15,0.95,11.0,
2025-11-05 22:52:36,1.17.2,Bandit100,17,3.76,,20,100,0,Left,Left,323,432,436,16,,,0.25
2025-11-05 22:52:39,1.17.2,Bandit100,17,3.76,1.0,20,100,0,Pellet,Left,323,432,437,16,1.43,10.0,
2025-11-05 22:52:46,1.17.2,Bandit100,17,3.77,,20,100,0,Left,Left,324,432,437,17,,,0.1
2025-11-05 22:52:49,1.17.2,Bandit100,17,3.76,2.0,20,100,0,Pellet,Left,324,432,438,17,1.13,10.0,
2025-11-05 22:53:00,1.17.2,Bandit100,17,3.76,,20,100,0,Left,Left,325,432,438,18,,,0.12
2025-11-05 22:53:02,1.17.2,Bandit100,17,3.76,1.0,20,100,0,Pellet,Left,325,432,439,18,0.71,13.0,
2025-11-05 22:53:15,1.17.2,Bandit100,17,3.76,,20,100,0,Right,Left,325,433,439,19,,,0.19
2025-11-05 22:53:16,1.17.2,Bandit100,17,3.76,,20,100,0,RightinTimeout,Left,325,433,439,19,,,0.0
2025-11-05 22:53:19,1.17.2,Bandit100,17,3.77,,20,100,0,LeftinTimeOut,Left,325,433,439,19,,,
2025-11-05 22:53:23,1.17.2,Bandit100,17,3.76,,20,100,0,LeftinTimeOut,Left,325,433,439,19,,,
2025-11-05 22:53:24,1.17.2,Bandit100,17,3.76,,20,100,0,LeftinTimeOut,Left,325,433,439,19,,,
2025-11-05 22:54:00,1.17.2,Bandit100,17,3.76,,20,100,0,Left,Left,326,433,439,19,,,0.2
2025-11-05 22:54:04,1.17.2,Bandit100,17,3.77,2.0,20,100,0,Pellet,Left,326,433,440,19,0.53,62.0,
2025-11-05 22:54:18,1.17.2,Bandit100,17,3.76,,20,0,100,Left,Right,327,433,440,0,,,0.11
2025-11-05 23:04:49,1.17.2,Bandit100,17,3.76,,20,0,100,Right,Right,327,434,440,0,,,0.12
2025-11-05 23:04:50,1.17.2,Bandit100,17,3.76,1.0,20,0,100,Pellet,Right,327,434,441,0,0.53,646.0,
2025-11-05 23:05:11,1.17.2,Bandit100,17,3.76,,20,0,100,Right,Right,327,435,441,1,,,0.11
2025-11-05 23:05:12,1.17.2,Bandit100,17,3.76,1.0,20,0,100,Pellet,Right,327,435,442,1,1.13,22.0,
2025-11-05 23:12:11,1.17.2,Bandit100,17,3.76,,20,0,100,Left,Right,328,435,442,2,,,0.04
2025-11-05 23:17:37,1.17.2,Bandit100,17,3.76,,20,0,100,Right,Right,328,436,442,2,,,0.02
2025-11-05 23:17:39,1.17.2,Bandit100,17,3.77,1.0,20,0,100,Pellet,Right,328,436,443,2,0.77,747.0,
2025-11-05 23:17:49,1.17.2,Bandit100,17,3.76,,20,0,100,Right,Right,328,437,443,3,,,0.17
2025-11-05 23:17:53,1.17.2,Bandit100,17,3.76,2.0,20,0,100,Pellet,Right,328,437,444,3,1.19,14.0,
2025-11-05 23:18:01,1.17.2,Bandit100,17,3.77,,20,0,100,Right,Right,328,438,444,4,,,0.21
2025-11-05 23:18:03,1.17.2,Bandit100,17,3.76,1.0,20,0,100,Pellet,Right,328,438,445,4,1.19,10.0,
2025-11-05 23:18:10,1.17.2,Bandit100,17,3.76,,20,0,100,Right,Right,328,439,445,5,,,0.29
2025-11-05 23:18:13,1.17.2,Bandit100,17,3.76,2.0,20,0,100,Pellet,Right,328,439,446,5,0.35,10.0,
2025-11-05 23:18:30,1.17.2,Bandit100,17,3.76,,20,0,100,Right,Right,328,440,446,6,,,0.02
2025-11-05 23:18:31,1.17.2,Bandit100,17,3.76,1.0,20,0,100,Pellet,Right,328,440,447,6,0.71,18.0,
2025-11-05 23:18:42,1.17.2,Bandit100,17,3.76,,20,0,100,Right,Right,328,441,447,7,,,0.13
2025-11-05 23:18:44,1.17.2,Bandit100,17,3.76,1.0,20,0,100,Pellet,Right,328,441,448,7,1.01,13.0,
2025-11-05 23:18:54,1.17.2,Bandit100,17,3.76,,20,0,100,Right,Right,328,442,448,8,,,0.09
2025-11-05 23:18:55,1.17.2,Bandit100,17,3.76,1.0,20,0,100,Pellet,Right,328,442,449,8,0.71,11.0,
2025-11-05 23:19:13,1.17.2,Bandit100,17,3.77,,20,0,100,Right,Right,328,443,449,9,,,0.07
2025-11-05 23:19:17,1.17.2,Bandit100,17,3.77,2.0,20,0,100,Pellet,Right,328,443,450,9,0.95,22.0,
2025-11-05 23:22:14,1.17.2,Bandit100,17,3.76,,20,0,100,Right,Right,328,444,450,10,,,0.07
2025-11-05 23:22:16,1.17.2,Bandit100,17,3.76,1.0,20,0,100,Pellet,Right,328,444,451,10,1.19,179.0,
2025-11-05 23:25:10,1.17.2,Bandit100,17,3.76,,20,0,100,Left,Right,329,444,451,11,,,0.06
2025-11-05 23:25:13,1.17.2,Bandit100,17,3.76,,20,0,100,LeftinTimeOut,Right,329,444,451,11,,,
2025-11-05 23:37:46,1.17.2,Bandit100,17,3.76,,20,0,100,Right,Right,329,445,451,11,,,0.19
2025-11-05 23:37:50,1.17.2,Bandit100,17,3.76,3.0,20,0,100,Pellet,Right,329,445,452,11,0.89,934.0,
2025-11-05 23:37:58,1.17.2,Bandit100,17,3.77,,20,0,100,Right,Right,329,446,452,12,,,0.06
2025-11-05 23:38:00,1.17.2,Bandit100,17,3.76,1.0,20,0,100,Pellet,Right,329,446,453,12,1.19,10.0,
2025-11-05 23:38:09,1.17.2,Bandit100,17,3.76,,20,0,100,Right,Right,329,447,453,13,,,0.08
2025-11-05 23:38:10,1.17.2,Bandit100,17,3.76,1.0,20,0,100,Pellet,Right,329,447,454,13,1.01,10.0,
2025-11-05 23:38:18,1.17.2,Bandit100,17,3.76,,20,0,100,Right,Right,329,448,454,14,,,0.07
2025-11-05 23:38:20,1.17.2,Bandit100,17,3.76,1.0,20,0,100,Pellet,Right,329,448,455,14,1.07,10.0,
2025-11-05 23:38:29,1.17.2,Bandit100,17,3.76,,20,0,100,Right,Right,329,449,455,15,,,0.01
2025-11-05 23:38:31,1.17.2,Bandit100,17,3.76,1.0,20,0,100,Pellet,Right,329,449,456,15,0.89,11.0,
2025-11-05 23:44:45,1.17.2,Bandit100,17,3.76,,20,0,100,Left,Right,330,449,456,16,,,0.06
2025-11-05 23:48:16,1.17.2,Bandit100,17,3.76,,20,0,100,Left,Right,331,449,456,16,,,0.06
2025-11-05 23:49:08,1.17.2,Bandit100,17,3.76,,20,0,100,Left,Right,332,449,456,16,,,0.15
2025-11-05 23:51:36,1.17.2,Bandit100,17,3.76,,20,0,100,Right,Right,332,450,456,16,,,0.05
2025-11-05 23:51:39,1.17.2,Bandit100,17,3.76,2.0,20,0,100,Pellet,Right,332,450,457,16,0.53,788.0,
2025-11-05 23:51:51,1.17.2,Bandit100,17,3.76,,20,0,100,Right,Right,332,451,457,17,,,0.06
2025-11-05 23:51:53,1.17.2,Bandit100,17,3.76,1.0,20,0,100,Pellet,Right,332,451,458,17,1.01,14.0,
2025-11-05 23:52:07,1.17.2,Bandit100,17,3.76,,20,0,100,Right,Right,332,452,458,18,,,0.04
2025-11-05 23:52:10,1.17.2,Bandit100,17,3.76,2.0,20,0,100,Pellet,Right,332,452,459,18,0.83,17.0,
2025-11-05 23:58:33,1.17.2,Bandit100,17,3.76,,20,0,100,Right,Right,332,453,459,19,,,0.05
2025-11-05 23:58:34,1.17.2,Bandit100,17,3.76,1.0,20,0,100,Pellet,Right,332,453,460,19,0.95,384.0,
2025-11-05 23:58:49,1.17.2,Bandit100,17,3.76,,20,100,0,Right,Left,332,454,460,0,,,0.13
2025-11-05 23:58:52,1.17.2,Bandit100,17,3.76,,20,100,0,RightinTimeout,Left,332,454,460,0,,,0.0
2025-11-06 00:02:06,1.17.2,Bandit100,17,3.76,,20,100,0,Right,Left,332,455,460,0,,,0.07
2025-11-06 00:19:18,1.17.2,Bandit100,17,3.76,,20,100,0,Left,Left,333,455,460,0,,,0.14
2025-11-06 00:19:20,1.17.2,Bandit100,17,3.76,1.0,20,100,0,Pellet,Left,333,455,461,0,1.61,1246.0,
2025-11-06 00:24:32,1.17.2,Bandit100,17,3.76,,20,100,0,Right,Left,333,456,461,1,,,0.06
2025-11-06 00:24:33,1.17.2,Bandit100,17,3.76,,20,100,0,RightinTimeout,Left,333,456,461,1,,,0.0
2025-11-06 00:36:42,1.17.2,Bandit100,17,3.76,,20,100,0,Right,Left,333,457,461,1,,,0.04
2025-11-06 00:41:47,1.17.2,Bandit100,17,3.76,,20,100,0,Left,Left,334,457,461,1,,,0.12
2025-11-06 00:41:49,1.17.2,Bandit100,17,3.76,1.0,20,100,0,Pellet,Left,334,457,462,1,1.13,1349.0,
2025-11-06 01:52:55,1.17.2,Bandit100,17,3.76,,20,100,0,Left,Left,335,457,462,2,,,0.24
2025-11-06 01:53:00,1.17.2,Bandit100,17,3.76,2.0,20,100,0,Pellet,Left,335,457,463,2,1.25,4271.0,
2025-11-06 01:53:25,1.17.2,Bandit100,17,3.76,,20,100,0,Left,Left,336,457,463,3,,,0.24
2025-11-06 01:53:32,1.17.2,Bandit100,17,3.75,3.0,20,100,0,Pellet,Left,336,457,464,3,2.33,32.0,
2025-11-06 01:53:44,1.17.2,Bandit100,17,3.76,,20,100,0,Left,Left,337,457,464,4,,,0.13
2025-11-06 01:53:46,1.17.2,Bandit100,17,3.76,1.0,20,100,0,Pellet,Left,337,457,465,4,0.59,14.0,
2025-11-06 01:56:00,1.17.2,Bandit100,17,3.76,,20,100,0,Left,Left,338,457,465,5,,,0.2
2025-11-06 01:56:04,1.17.2,Bandit100,17,3.76,2.0,20,100,0,Pellet,Left,338,457,466,5,0.65,138.0,
2025-11-06 01:58:07,1.17.2,Bandit100,17,3.76,,20,100,0,Left,Left,339,457,466,6,,,0.15
2025-11-06 01:58:10,1.17.2,Bandit100,17,3.76,2.0,20,100,0,Pellet,Left,339,457,467,6,0.53,126.0,
2025-11-06 02:32:11,1.17.2,Bandit100,17,3.75,,20,100,0,Left,Left,340,457,467,7,,,0.09
2025-11-06 02:32:13,1.17.2,Bandit100,17,3.76,1.0,20,100,0,Pellet,Left,340,457,468,7,0.53,2043.0,
2025-11-06 02:32:43,1.17.2,Bandit100,17,3.76,,20,100,0,Left,Left,341,457,468,8,,,0.15
2025-11-06 02:32:44,1.17.2,Bandit100,17,3.76,1.0,20,100,0,Pellet,Left,341,457,469,8,0.65,31.0,
2025-11-06 02:33:17,1.17.2,Bandit100,17,3.76,,20,100,0,Left,Left,342,457,469,9,,,0.14
2025-11-06 02:33:21,1.17.2,Bandit100,17,3.76,2.0,20,100,0,Pellet,Left,342,457,470,9,0.35,37.0,
2025-11-06 02:33:27,1.17.2,Bandit100,17,3.76,,20,100,0,Left,Left,343,457,470,10,,,0.14
2025-11-06 02:33:31,1.17.2,Bandit100,17,3.76,2.0,20,100,0,Pellet,Left,343,457,471,10,1.37,10.0,
2025-11-06 02:33:39,1.17.2,Bandit100,17,3.76,,20,100,0,Left,Left,344,457,471,11,,,0.26
2025-11-06 02:33:43,1.17.2,Bandit100,17,3.76,2.0,20,100,0,Pellet,Left,344,457,472,11,0.47,12.0,
2025-11-06 02:34:07,1.17.2,Bandit100,17,3.76,,20,100,0,Left,Left,345,457,472,12,,,0.17
2025-11-06 02:34:09,1.17.2,Bandit100,17,3.76,1.0,20,100,0,Pellet,Left,345,457,473,12,1.43,26.0,
2025-11-06 02:43:14,1.17.2,Bandit100,17,3.76,,20,100,0,Left,Left,346,457,473,13,,,0.03
2025-11-06 02:43:18,1.17.2,Bandit100,17,3.76,2.0,20,100,0,Pellet,Left,346,457,474,13,1.43,549.0,
2025-11-06 02:54:15,1.17.2,Bandit100,17,3.76,,20,100,0,Left,Left,347,457,474,14,,,0.21
2025-11-06 02:54:16,1.17.2,Bandit100,17,3.76,1.0,20,100,0,Pellet,Left,347,457,475,14,1.07,658.0,
2025-11-06 02:54:33,1.17.2,Bandit100,17,3.76,,20,100,0,Left,Left,348,457,475,15,,,0.17
2025-11-06 02:54:38,1.17.2,Bandit100,17,3.76,2.0,20,100,0,Pellet,Left,348,457,476,15,1.97,22.0,
2025-11-06 02:54:49,1.17.2,Bandit100,17,3.76,,20,100,0,Left,Left,349,457,476,16,,,0.03
2025-11-06 02:54:53,1.17.2,Bandit100,17,3.76,2.0,20,100,0,Pellet,Left,349,457,477,16,0.59,15.0,
2025-11-06 02:55:04,1.17.2,Bandit100,17,3.76,,20,100,0,Left,Left,350,457,477,17,,,0.21
2025-11-06 02:55:06,1.17.2,Bandit100,17,3.76,1.0,20,100,0,Pellet,Left,350,457,478,17,0.83,13.0,
2025-11-06 02:55:21,1.17.2,Bandit100,17,3.75,,20,100,0,Left,Left,351,457,478,18,,,0.02
2025-11-06 02:55:25,1.17.2,Bandit100,17,3.76,2.0,20,100,0,Pellet,Left,351,457,479,18,1.13,19.0,
2025-11-06 02:55:36,1.17.2,Bandit100,17,3.76,,20,100,0,Left,Left,352,457,479,19,,,0.07
2025-11-06 02:55:38,1.17.2,Bandit100,17,3.75,1.0,20,100,0,Pellet,Left,352,457,480,19,1.19,13.0,
2025-11-06 03:01:15,1.17.2,Bandit100,17,3.76,,20,0,100,Left,Right,353,457,480,0,,,0.05
2025-11-06 03:16:02,1.17.2,Bandit100,17,3.76,,20,0,100,Left,Right,354,457,480,0,,,0.0
2025-11-06 03:40:39,1.17.2,Bandit100,17,3.76,,20,0,100,Left,Right,355,457,480,0,,,0.07
2025-11-06 04:00:05,1.17.2,Bandit100,17,3.76,,20,0,100,Right,Right,355,458,480,0,,,0.06
2025-11-06 04:00:08,1.17.2,Bandit100,17,3.76,2.0,20,0,100,Pellet,Right,355,458,481,0,0.77,3870.0,
2025-11-06 04:04:24,1.17.2,Bandit100,17,3.76,,20,0,100,Right,Right,355,459,481,1,,,0.15
2025-11-06 04:04:24,1.17.2,Bandit100,17,3.76,,20,0,100,RightDuringDispense,Right,355,459,481,1,,,0.12
2025-11-06 04:04:29,1.17.2,Bandit100,17,3.76,3.0,20,0,100,Pellet,Right,355,459,482,1,0.53,261.0,
2025-11-06 04:04:38,1.17.2,Bandit100,17,3.76,,20,0,100,Right,Right,355,460,482,2,,,0.33
2025-11-06 04:04:41,1.17.2,Bandit100,17,3.75,1.0,20,0,100,Pellet,Right,355,460,483,2,2.03,12.0,
2025-11-06 04:04:49,1.17.2,Bandit100,17,3.75,,20,0,100,Right,Right,355,461,483,3,,,0.21
2025-11-06 04:04:51,1.17.2,Bandit100,17,3.75,1.0,20,0,100,Pellet,Right,355,461,484,3,1.55,10.0,
2025-11-06 04:08:30,1.17.2,Bandit100,17,3.76,,20,0,100,Left,Right,356,461,484,4,,,0.05
2025-11-06 04:17:28,1.17.2,Bandit100,17,3.75,,20,0,100,Right,Right,356,462,484,4,,,0.17
2025-11-06 04:17:33,1.17.2,Bandit100,17,3.75,1.0,20,0,100,Pellet,Right,356,462,485,4,4.01,762.0,
2025-11-06 04:20:43,1.17.2,Bandit100,17,3.75,,20,0,100,Right,Right,356,463,485,5,,,0.17
2025-11-06 04:20:45,1.17.2,Bandit100,17,3.76,2.0,20,0,100,Pellet,Right,356,463,486,5,1.31,192.0,
2025-11-06 04:21:00,1.17.2,Bandit100,17,3.76,,20,0,100,Right,Right,356,464,486,6,,,0.11
2025-11-06 04:21:03,1.17.2,Bandit100,17,3.74,2.0,20,0,100,Pellet,Right,356,464,487,6,0.41,18.0,
2025-11-06 04:21:16,1.17.2,Bandit100,17,3.75,,20,0,100,Right,Right,356,465,487,7,,,0.06
2025-11-06 04:21:20,1.17.2,Bandit100,17,3.75,2.0,20,0,100,Pellet,Right,356,465,488,7,0.83,17.0,
2025-11-06 04:21:34,1.17.2,Bandit100,17,3.75,,20,0,100,Right,Right,356,466,488,8,,,0.17
2025-11-06 04:21:35,1.17.2,Bandit100,17,3.75,1.0,20,0,100,Pellet,Right,356,466,489,8,0.59,15.0,
2025-11-06 04:21:56,1.17.2,Bandit100,17,3.75,,20,0,100,Left,Right,357,466,489,9,,,0.19
2025-11-06 04:21:57,1.17.2,Bandit100,17,3.75,,20,0,100,LeftinTimeOut,Right,357,466,489,9,,,
2025-11-06 04:21:59,1.17.2,Bandit100,17,3.75,,20,0,100,LeftinTimeOut,Right,357,466,489,9,,,
2025-11-06 04:28:25,1.17.2,Bandit100,17,3.75,,20,0,100,Right,Right,357,467,489,9,,,0.45
2025-11-06 04:28:30,1.17.2,Bandit100,17,3.75,2.0,20,0,100,Pellet,Right,357,467,490,9,1.91,415.0,
2025-11-06 04:36:44,1.17.2,Bandit100,17,3.75,,20,0,100,Right,Right,357,468,490,10,,,0.06
2025-11-06 04:36:46,1.17.2,Bandit100,17,3.75,1.0,20,0,100,Pellet,Right,357,468,491,10,1.31,496.0,
2025-11-06 04:48:24,1.17.2,Bandit100,17,3.75,,20,0,100,Left,Right,358,468,491,11,,,0.12
2025-11-06 04:48:27,1.17.2,Bandit100,17,3.76,,20,0,100,LeftinTimeOut,Right,358,468,491,11,,,
2025-11-06 04:58:32,1.17.2,Bandit100,17,3.74,,20,0,100,Right,Right,358,469,491,11,,,0.1
2025-11-06 04:58:36,1.17.2,Bandit100,17,3.75,2.0,20,0,100,Pellet,Right,358,469,492,11,0.59,1310.0,
2025-11-06 04:58:48,1.17.2,Bandit100,17,3.75,,20,0,100,Right,Right,358,470,492,12,,,0.0
2025-11-06 04:58:51,1.17.2,Bandit100,17,3.75,2.0,20,0,100,Pellet,Right,358,470,493,12,0.65,15.0,
2025-11-06 04:59:03,1.17.2,Bandit100,17,3.75,,20,0,100,Right,Right,358,471,493,13,,,0.04
2025-11-06 04:59:05,1.17.2,Bandit100,17,3.75,1.0,20,0,100,Pellet,Right,358,471,494,13,1.31,14.0,
2025-11-06 04:59:13,1.17.2,Bandit100,17,3.75,,20,0,100,Right,Right,358,472,494,14,,,0.1
2025-11-06 04:59:15,1.17.2,Bandit100,17,3.75,1.0,20,0,100,Pellet,Right,358,472,495,14,0.95,10.0,
2025-11-06 04:59:20,1.17.2,Bandit100,17,3.75,,20,0,100,Right,Right,358,473,495,15,,,0.16
2025-11-06 04:59:22,1.17.2,Bandit100,17,3.76,1.0,20,0,100,Pellet,Right,358,473,496,15,0.89,7.0,
2025-11-06 04:59:37,1.17.2,Bandit100,17,3.75,,20,0,100,Right,Right,358,474,496,16,,,0.16
2025-11-06 04:59:38,1.17.2,Bandit100,17,3.75,1.0,20,0,100,Pellet,Right,358,474,497,16,0.83,16.0,
2025-11-06 04:59:54,1.17.2,Bandit100,17,3.75,,20,0,100,Right,Right,358,475,497,17,,,0.14
2025-11-06 04:59:57,1.17.2,Bandit100,17,3.76,2.0,20,0,100,Pellet,Right,358,475,498,17,0.95,19.0,
2025-11-06 05:05:20,1.17.2,Bandit100,17,3.75,,20,0,100,Right,Right,358,476,498,18,,,0.2
2025-11-06 05:05:24,1.17.2,Bandit100,17,3.76,2.0,20,0,100,Pellet,Right,358,476,499,18,0.77,327.0,
2025-11-06 05:05:31,1.17.2,Bandit100,17,3.75,,20,0,100,Right,Right,358,477,499,19,,,0.04
2025-11-06 05:05:33,1.17.2,Bandit100,17,3.76,1.0,20,0,100,Pellet,Right,358,477,500,19,0.89,9.0,
2025-11-06 05:08:36,1.17.2,Bandit100,17,3.75,,20,100,0,Left,Left,359,477,500,0,,,0.05
2025-11-06 05:08:39,1.17.2,Bandit100,17,3.76,1.0,20,100,0,Pellet,Left,359,477,501,0,1.91,186.0,
2025-11-06 05:09:11,1.17.2,Bandit100,17,3.76,,20,100,0,Right,Left,359,478,501,1,,,0.05
2025-11-06 05:09:12,1.17.2,Bandit100,17,3.75,,20,100,0,RightinTimeout,Left,359,478,501,1,,,0.0
2025-11-06 05:14:46,1.17.2,Bandit100,17,3.75,,20,100,0,Left,Left,360,478,501,1,,,0.0
2025-11-06 05:14:48,1.17.2,Bandit100,17,3.75,1.0,20,100,0,Pellet,Left,360,478,502,1,0.77,369.0,
2025-11-06 05:17:47,1.17.2,Bandit100,17,3.75,,20,100,0,Left,Left,361,478,502,2,,,0.11
2025-11-06 05:17:48,1.17.2,Bandit100,17,3.75,1.0,20,100,0,Pellet,Left,361,478,503,2,1.01,180.0,
2025-11-06 05:23:55,1.17.2,Bandit100,17,3.75,,20,100,0,Left,Left,362,478,503,3,,,0.0
2025-11-06 05:23:57,1.17.2,Bandit100,17,3.75,1.0,20,100,0,Pellet,Left,362,478,504,3,0.71,369.0,
2025-11-06 05:24:21,1.17.2,Bandit100,17,3.74,,20,100,0,Left,Left,363,478,504,4,,,0.01
2025-11-06 05:24:22,1.17.2,Bandit100,17,3.74,1.0,20,100,0,Pellet,Left,363,478,505,4,0.71,25.0,
2025-11-06 05:34:16,1.17.2,Bandit100,17,3.74,,20,100,0,Left,Left,364,478,505,5,,,0.2
2025-11-06 05:34:19,1.17.2,Bandit100,17,3.74,2.0,20,100,0,Pellet,Left,364,478,506,5,0.59,597.0,
2025-11-06 05:38:54,1.17.2,Bandit100,17,3.74,,20,100,0,Left,Left,365,478,506,6,,,0.24
2025-11-06 05:38:57,1.17.2,Bandit100,17,3.75,1.0,20,100,0,Pellet,Left,365,478,507,6,1.85,278.0,
2025-11-06 06:18:32,1.17.2,Bandit100,17,3.75,,20,100,0,Left,Left,366,478,507,7,,,0.34
2025-11-06 06:18:34,1.17.2,Bandit100,17,3.75,1.0,20,100,0,Pellet,Left,366,478,508,7,1.07,2377.0,
2025-11-06 06:18:54,1.17.2,Bandit100,17,3.74,,20,100,0,Left,Left,367,478,508,8,,,0.1
2025-11-06 06:18:58,1.17.2,Bandit100,17,3.75,2.0,20,100,0,Pellet,Left,367,478,509,8,0.89,24.0,
2025-11-06 06:19:20,1.17.2,Bandit100,17,3.75,,20,100,0,Left,Left,368,478,509,9,,,0.34
2025-11-06 06:19:21,1.17.2,Bandit100,17,3.75,1.0,20,100,0,Pellet,Left,368,478,510,9,0.59,23.0,
2025-11-06 06:19:47,1.17.2,Bandit100,17,3.74,,20,100,0,Left,Left,369,478,510,10,,,0.42
2025-11-06 06:19:48,1.17.2,Bandit100,17,3.75,1.0,20,100,0,Pellet,Left,369,478,511,10,0.47,27.0,
2025-11-06 06:20:01,1.17.2,Bandit100,17,3.75,,20,100,0,Right,Left,369,479,511,11,,,0.27
2025-11-06 06:20:04,1.17.2,Bandit100,17,3.75,,20,100,0,RightinTimeout,Left,369,479,511,11,,,0.0
2025-11-06 06:20:09,1.17.2,Bandit100,17,3.75,,20,100,0,RightinTimeout,Left,369,479,511,11,,,0.0
2025-11-06 06:30:30,1.17.2,Bandit100,17,3.76,,20,100,0,Left,Left,370,479,511,11,,,0.15
2025-11-06 06:30:33,1.17.2,Bandit100,17,3.75,2.0,20,100,0,Pellet,Left,370,479,512,11,0.35,645.0,
2025-11-06 06:41:49,1.17.2,Bandit100,17,3.75,,20,100,0,Left,Left,371,479,512,12,,,0.15
2025-11-06 06:41:54,1.17.2,Bandit100,17,3.74,3.0,20,100,0,Pellet,Left,371,479,513,12,0.53,681.0,
2025-11-06 06:42:08,1.17.2,Bandit100,17,3.74,,20,100,0,Left,Left,372,479,513,13,,,0.08
2025-11-06 06:42:10,1.17.2,Bandit100,17,3.75,1.0,20,100,0,Pellet,Left,372,479,514,13,1.01,16.0,
2025-11-06 06:42:47,1.17.2,Bandit100,17,3.75,,20,100,0,Left,Left,373,479,514,14,,,0.07
2025-11-06 06:42:49,1.17.2,Bandit100,17,3.75,1.0,20,100,0,Pellet,Left,373,479,515,14,0.59,39.0,
2025-11-06 06:44:41,1.17.2,Bandit100,17,3.74,,20,100,0,Left,Left,374,479,515,15,,,0.34
2025-11-06 06:44:42,1.17.2,Bandit100,17,3.75,1.0,20,100,0,Pellet,Left,374,479,516,15,0.83,113.0,
2025-11-06 06:45:48,1.17.2,Bandit100,17,3.75,,20,100,0,Left,Left,375,479,516,16,,,0.0
2025-11-06 06:45:54,1.17.2,Bandit100,17,3.74,2.0,20,100,0,Pellet,Left,375,479,517,16,2.21,71.0,
2025-11-06 06:52:34,1.17.2,Bandit100,17,3.74,,20,100,0,Left,Left,376,479,517,17,,,0.09
2025-11-06 06:52:37,1.17.2,Bandit100,17,3.74,1.0,20,100,0,Pellet,Left,376,479,518,17,1.43,404.0,
2025-11-06 08:01:55,1.17.2,Bandit100,17,3.75,,20,100,0,Left,Left,377,479,518,18,,,0.47
2025-11-06 08:01:59,1.17.2,Bandit100,17,3.74,2.0,20,100,0,Pellet,Left,377,479,519,18,1.49,4162.0,
2025-11-06 08:02:15,1.17.2,Bandit100,17,3.74,,20,100,0,Left,Left,378,479,519,19,,,0.12
2025-11-06 08:02:19,1.17.2,Bandit100,17,3.74,2.0,20,100,0,Pellet,Left,378,479,520,19,1.49,20.0,
2025-11-06 08:02:50,1.17.2,Bandit100,17,3.74,,20,0,100,Right,Right,378,480,520,0,,,0.26
2025-11-06 08:02:52,1.17.2,Bandit100,17,3.73,1.0,20,0,100,Pellet,Right,378,480,521,0,0.71,33.0,
2025-11-06 08:03:05,1.17.2,Bandit100,17,3.75,,20,0,100,Left,Right,379,480,521,1,,,0.18
2025-11-06 08:03:07,1.17.2,Bandit100,17,3.74,,20,0,100,LeftinTimeOut,Right,379,480,521,1,,,
2025-11-06 08:04:41,1.17.2,Bandit100,17,3.74,,20,0,100,Left,Right,380,480,521,1,,,0.37
2025-11-06 08:10:47,1.17.2,Bandit100,17,3.74,,20,0,100,Right,Right,380,481,521,1,,,0.65
2025-11-06 08:10:47,1.17.2,Bandit100,17,3.74,,20,0,100,RightDuringDispense,Right,380,481,521,1,,,0.07
2025-11-06 08:10:54,1.17.2,Bandit100,17,3.74,3.0,20,0,100,Pellet,Right,380,481,522,1,1.37,482.0,
2025-11-06 08:11:08,1.17.2,Bandit100,17,3.75,,20,0,100,Right,Right,380,482,522,2,,,0.23
2025-11-06 08:11:10,1.17.2,Bandit100,17,3.75,1.0,20,0,100,Pellet,Right,380,482,523,2,0.77,16.0,
2025-11-06 08:11:24,1.17.2,Bandit100,17,3.74,,20,0,100,Right,Right,380,483,523,3,,,0.17
2025-11-06 08:11:31,1.17.2,Bandit100,17,3.75,3.0,20,0,100,Pellet,Right,380,483,524,3,2.75,21.0,
2025-11-06 08:13:14,1.17.2,Bandit100,17,3.74,,20,0,100,Left,Right,381,483,524,4,,,0.0
2025-11-06 08:14:57,1.17.2,Bandit100,17,3.74,,20,0,100,Left,Right,382,483,524,4,,,0.24
2025-11-06 09:08:07,1.17.2,Bandit100,17,3.74,,20,0,100,Left,Right,383,483,524,4,,,0.41
2025-11-06 09:08:09,1.17.2,Bandit100,17,3.74,,20,0,100,LeftinTimeOut,Right,383,483,524,4,,,
2025-11-06 09:08:09,1.17.2,Bandit100,17,3.74,,20,0,100,LeftinTimeOut,Right,383,483,524,4,,,
2025-11-06 09:15:06,1.17.2,Bandit100,17,3.74,,20,0,100,Left,Right,384,483,524,4,,,0.55
2025-11-06 09:15:08,1.17.2,Bandit100,17,3.74,,20,0,100,LeftinTimeOut,Right,384,483,524,4,,,
2025-11-06 09:15:12,1.17.2,Bandit100,17,3.74,,20,0,100,LeftinTimeOut,Right,384,483,524,4,,,
2025-11-06 09:40:24,1.17.2,Bandit100,17,3.74,,20,0,100,Left,Right,385,483,524,4,,,0.57
2025-11-06 10:11:08,1.17.2,Bandit100,17,3.73,,20,0,100,Left,Right,386,483,524,4,,,0.3
2025-11-06 10:51:15,1.17.2,Bandit100,17,3.74,,20,0,100,Left,Right,387,483,524,4,,,0.04
2025-11-06 10:51:16,1.17.2,Bandit100,17,3.74,,20,0,100,LeftinTimeOut,Right,387,483,524,4,,,
2025-11-06 10:51:20,1.17.2,Bandit100,17,3.74,,20,0,100,LeftinTimeOut,Right,387,483,524,4,,,
2025-11-06 10:51:21,1.17.2,Bandit100,17,3.74,,20,0,100,LeftinTimeOut,Right,387,483,524,4,,,
2025-11-06 10:53:14,1.17.2,Bandit100,17,3.74,,20,0,100,Left,Right,388,483,524,4,,,0.17
2025-11-06 11:26:03,1.17.2,Bandit100,17,3.74,,20,0,100,Left,Right,389,483,524,4,,,0.08
2025-11-06 11:29:29,1.17.2,Bandit100,17,3.74,,20,0,100,Left,Right,390,483,524,4,,,0.92
2025-11-06 11:29:31,1.17.2,Bandit100,17,3.74,,20,0,100,LeftinTimeOut,Right,390,483,524,4,,,
2025-11-06 11:59:27,1.17.2,Bandit100,17,3.74,,20,0,100,Left,Right,391,483,524,4,,,1.02
2025-11-06 11:59:38,1.17.2,Bandit100,17,3.74,,20,0,100,Left,Right,392,483,524,4,,,0.0
2025-11-06 11:59:39,1.17.2,Bandit100,17,3.74,,20,0,100,LeftinTimeOut,Right,392,483,524,4,,,
2025-11-06 11:59:46,1.17.2,Bandit100,17,3.74,,20,0,100,LeftinTimeOut,Right,392,483,524,4,,,
2025-11-06 12:00:07,1.17.2,Bandit100,17,3.74,,20,0,100,Right,Right,392,484,524,4,,,0.62
2025-11-06 12:00:11,1.17.2,Bandit100,17,3.74,1.0,20,0,100,Pellet,Right,392,484,525,4,3.29,13720.0,
2025-11-06 12:00:25,1.17.2,Bandit100,17,3.74,,20,0,100,Right,Right,392,485,525,5,,,0.44
2025-11-06 12:00:27,1.17.2,Bandit100,17,3.74,1.0,20,0,100,Pellet,Right,392,485,526,5,1.19,16.0,
2025-11-06 12:00:38,1.17.2,Bandit100,17,3.74,,20,0,100,Right,Right,392,486,526,6,,,0.17
2025-11-06 12:00:41,1.17.2,Bandit100,17,3.73,2.0,20,0,100,Pellet,Right,392,486,527,6,0.77,14.0,
2025-11-06 12:00:59,1.17.2,Bandit100,17,3.74,,20,0,100,Left,Right,393,486,527,7,,,0.02
2025-11-06 12:03:02,1.17.2,Bandit100,17,3.73,,20,0,100,Right,Right,393,487,527,7,,,0.6
2025-11-06 12:03:06,1.17.2,Bandit100,17,3.73,1.0,20,0,100,Pellet,Right,393,487,528,7,2.99,145.0,
2025-11-06 12:05:36,1.17.2,Bandit100,17,3.73,,20,0,100,Left,Right,394,487,528,8,,,0.11
2025-11-06 12:49:07,1.17.2,Bandit100,17,3.74,,20,0,100,Left,Right,395,487,528,8,,,0.01
2025-11-06 12:49:07,1.17.2,Bandit100,17,3.74,,20,0,100,LeftinTimeOut,Right,395,487,528,8,,,
2025-11-06 12:54:30,1.17.2,Bandit100,17,3.74,,20,0,100,Left,Right,396,487,528,8,,,0.3
2025-11-06 12:58:29,1.17.2,Bandit100,17,3.74,,20,0,100,Left,Right,397,487,528,8,,,0.21
2025-11-06 13:06:58,1.17.2,Bandit100,17,3.74,,20,0,100,Left,Right,398,487,528,8,,,0.27
2025-11-06 13:12:11,1.17.2,Bandit100,17,3.73,,20,0,100,Left,Right,399,487,528,8,,,0.62
2025-11-06 13:12:13,1.17.2,Bandit100,17,3.74,,20,0,100,LeftinTimeOut,Right,399,487,528,8,,,
2025-11-06 13:12:14,1.17.2,Bandit100,17,3.74,,20,0,100,LeftinTimeOut,Right,399,487,528,8,,,
2025-11-06 13:12:21,1.17.2,Bandit100,17,3.74,,20,0,100,RightinTimeout,Right,399,487,528,8,,,0.0
2025-11-06 13:12:21,1.17.2,Bandit100,17,3.73,,20,0,100,RightinTimeout,Right,399,487,528,8,,,0.0
2025-11-06 13:12:24,1.17.2,Bandit100,17,3.73,,20,0,100,LeftinTimeOut,Right,399,487,528,8,,,
2025-11-06 13:12:29,1.17.2,Bandit100,17,3.73,,20,0,100,RightinTimeout,Right,399,487,528,8,,,0.0
2025-11-06 15:04:15,1.17.2,Bandit100,17,3.73,,20,0,100,Left,Right,400,487,528,8,,,0.39
2025-11-06 15:04:22,1.17.2,Bandit100,17,3.73,,20,0,100,RightinTimeout,Right,400,487,528,8,,,0.0
2025-11-06 15:04:25,1.17.2,Bandit100,17,3.73,,20,0,100,RightinTimeout,Right,400,487,528,8,,,0.0
2025-11-06 15:04:26,1.17.2,Bandit100,17,3.74,,20,0,100,RightinTimeout,Right,400,487,528,8,,,0.0
2025-11-06 15:04:29,1.17.2,Bandit100,17,3.73,,20,0,100,RightinTimeout,Right,400,487,528,8,,,0.0
2025-11-06 15:04:29,1.17.2,Bandit100,17,3.73,,20,0,100,RightinTimeout,Right,400,487,528,8,,,0.0
2025-11-06 15:04:29,1.17.2,Bandit100,17,3.73,,20,0,100,RightinTimeout,Right,400,487,528,8,,,0.0
2025-11-06 15:04:31,1.17.2,Bandit100,17,3.73,,20,0,100,RightinTimeout,Right,400,487,528,8,,,0.0
2025-11-06 15:04:31,1.17.2,Bandit100,17,3.73,,20,0,100,RightinTimeout,Right,400,487,528,8,,,0.0
2025-11-06 15:04:45,1.17.2,Bandit100,17,3.73,,20,0,100,Right,Right,400,488,528,8,,,0.05
2025-11-06 15:04:49,1.17.2,Bandit100,17,3.73,2.0,20,0,100,Pellet,Right,400,488,529,8,1.25,10903.0,
2025-11-06 15:05:03,1.17.2,Bandit100,17,3.73,,20,0,100,Right,Right,400,489,529,9,,,0.17
2025-11-06 15:05:04,1.17.2,Bandit100,17,3.73,1.0,20,0,100,Pellet,Right,400,489,530,9,0.83,15.0,
2025-11-06 15:05:23,1.17.2,Bandit100,17,3.73,,20,0,100,Right,Right,400,490,530,10,,,0.2
2025-11-06 15:05:26,1.17.2,Bandit100,17,3.73,1.0,20,0,100,Pellet,Right,400,490,531,10,1.67,22.0,
2025-11-06 15:05:39,1.17.2,Bandit100,17,3.73,,20,0,100,Right,Right,400,491,531,11,,,0.0
2025-11-06 15:05:41,1.17.2,Bandit100,17,3.73,1.0,20,0,100,Pellet,Right,400,491,532,11,2.03,15.0,
2025-11-06 15:05:49,1.17.2,Bandit100,17,3.73,,20,0,100,Right,Right,400,492,532,12,,,0.0
2025-11-06 15:05:53,1.17.2,Bandit100,17,3.73,2.0,20,0,100,Pellet,Right,400,492,533,12,0.95,12.0,
2025-11-06 15:06:05,1.17.2,Bandit100,17,3.73,,20,0,100,Right,Right,400,493,533,13,,,0.03
2025-11-06 15:06:07,1.17.2,Bandit100,17,3.73,1.0,20,0,100,Pellet,Right,400,493,534,13,1.13,14.0,
2025-11-06 15:12:40,1.17.2,Bandit100,17,3.73,,20,0,100,Left,Right,401,493,534,14,,,0.03
2025-11-06 16:19:04,1.17.2,Bandit100,17,3.73,,20,0,100,Left,Right,402,493,534,14,,,0.24
