MM:DD:YYYY hh:mm:ss,Library_Version,Session_Type,Device_Number,Battery_Voltage,Motor_Turns,PelletsToSwitch,Prob_left,Prob_right,Event,High_prob_poke,Left_Poke_Count,Right_Poke_Count,Pellet_Count,Block_Pellet_Count,Retrieval_Time,InterPelletInterval,Poke_Time
2025-11-03 17:34:23,1.17.2,Bandit100,4,3.68,,20,0,100,Right,Right,0,1,0,0,,,0.28
2025-11-03 17:39:54,1.17.2,Bandit100,4,3.67,,20,0,100,LeftWithPellet,Right,0,1,0,0,,,0.04
2025-11-03 17:39:55,1.17.2,Bandit100,4,3.66,,20,0,100,LeftWithPellet,Right,0,1,0,0,,,0.05
2025-11-03 17:40:04,1.17.2,Bandit100,4,3.67,,20,0,100,LeftWithPellet,Right,0,1,0,0,,,0.16
2025-11-03 17:40:40,1.17.2,Bandit100,4,3.67,,20,0,100,LeftWithPellet,Right,0,1,0,0,,,0.27
2025-11-03 17:41:48,1.17.2,Bandit100,4,3.67,,20,0,100,RightWithPellet,Right,0,1,0,0,,,0.34
2025-11-03 17:42:09,1.17.2,Bandit100,4,3.67,,20,0,100,RightWithPellet,Right,0,1,0,0,,,0.05
2025-11-03 17:42:44,1.17.2,Bandit100,4,3.66,,20,0,100,LeftWithPellet,Right,0,1,0,0,,,0.12
2025-11-03 17:44:03,1.17.2,Bandit100,4,3.66,3.0,20,0,100,Pellet,Right,0,1,1,0,,,
2025-11-03 17:47:12,1.17.2,Bandit100,4,3.67,,20,0,100,Right,Right,0,2,1,1,,,0.31
2025-11-03 17:47:44,1.17.2,Bandit100,4,3.67,1.0,20,0,100,Pellet,Right,0,2,2,1,31.47,221.0,
2025-11-03 17:49:05,1.17.2,Bandit100,4,3.67,,20,0,100,Right,Right,0,3,2,2,,,0.38
2025-11-03 17:49:08,1.17.2,Bandit100,4,3.68,1.0,20,0,100,Pellet,Right,0,3,3,2,2.14,84.0,
2025-11-03 17:50:06,1.17.2,Bandit100,4,3.67,,20,0,100,Left,Right,1,3,3,3,,,0.16
2025-11-03 17:52:18,1.17.2,Bandit100,4,3.67,,20,0,100,Left,Right,2,3,3,3,,,0.11
2025-11-03 17:52:18,1.17.2,Bandit100,4,3.67,,20,0,100,LeftinTimeOut,Right,2,3,3,3,,,
2025-11-03 17:52:19,1.17.2,Bandit100,4,3.67,,20,0,100,LeftinTimeOut,Right,2,3,3,3,,,
2025-11-03 17:52:19,1.17.2,Bandit100,4,3.67,,20,0,100,LeftinTimeOut,Right,2,3,3,3,,,
2025-11-03 17:52:37,1.17.2,Bandit100,4,3.67,,20,0,100,Right,Right,2,4,3,3,,,0.08
2025-11-03 17:53:13,1.17.2,Bandit100,4,3.68,1.0,20,0,100,Pellet,Right,2,4,4,3,34.61,245.0,
2025-11-03 17:53:52,1.17.2,Bandit100,4,3.67,,20,0,100,Left,Right,3,4,4,4,,,0.0
2025-11-03 17:55:40,1.17.2,Bandit100,4,3.67,,20,0,100,Right,Right,3,5,4,4,,,0.63
2025-11-03 17:55:40,1.17.2,Bandit100,4,3.68,,20,0,100,RightDuringDispense,Right,3,5,4,4,,,0.19
2025-11-03 17:55:48,1.17.2,Bandit100,4,3.67,2.0,20,0,100,Pellet,Right,3,5,5,4,5.2,155.0,
2025-11-03 17:56:30,1.17.2,Bandit100,4,3.68,,20,0,100,Right,Right,3,6,5,5,,,0.15
2025-11-03 17:56:37,1.17.2,Bandit100,4,3.67,1.0,20,0,100,Pellet,Right,3,6,6,5,5.8,49.0,
2025-11-03 17:56:55,1.17.2,Bandit100,4,3.67,,20,0,100,Right,Right,3,7,6,6,,,0.22
2025-11-03 17:57:00,1.17.2,Bandit100,4,3.67,1.0,20,0,100,Pellet,Right,3,7,7,6,3.64,23.0,
2025-11-03 18:00:41,1.17.2,Bandit100,4,3.67,,20,0,100,Right,Right,3,8,7,7,,,0.45
2025-11-03 18:03:06,1.17.2,Bandit100,4,3.67,1.0,20,0,100,Pellet,Right,3,8,8,7,,366.0,
2025-11-03 18:08:32,1.17.2,Bandit100,4,3.67,,20,0,100,Left,Right,4,8,8,8,,,0.08
2025-11-03 18:10:51,1.17.2,Bandit100,4,3.68,,20,0,100,Left,Right,5,8,8,8,,,0.74
2025-11-03 18:10:58,1.17.2,Bandit100,4,3.67,,20,0,100,LeftinTimeOut,Right,5,8,8,8,,,
2025-11-03 18:13:44,1.17.2,Bandit100,4,3.67,,20,0,100,Right,Right,5,9,8,8,,,0.0
2025-11-03 18:13:55,1.17.2,Bandit100,4,3.67,,20,0,100,RightWithPellet,Right,5,10,8,8,,,0.22
2025-11-03 18:13:59,1.17.2,Bandit100,4,3.67,1.0,20,0,100,Pellet,Right,5,10,9,8,14.81,653.0,
2025-11-03 18:14:28,1.17.2,Bandit100,4,3.66,,20,0,100,Left,Right,6,10,9,9,,,0.01
2025-11-03 18:14:39,1.17.2,Bandit100,4,3.67,,20,0,100,Left,Right,7,10,9,9,,,0.05
2025-11-03 18:14:46,1.17.2,Bandit100,4,3.67,,20,0,100,RightinTimeout,Right,7,10,9,9,,,0.0
2025-11-03 18:14:47,1.17.2,Bandit100,4,3.67,,20,0,100,RightinTimeout,Right,7,10,9,9,,,0.0
2025-11-03 18:16:05,1.17.2,Bandit100,4,3.67,,20,0,100,Left,Right,8,10,9,9,,,0.1
2025-11-03 18:18:10,1.17.2,Bandit100,4,3.67,,20,0,100,Left,Right,9,10,9,9,,,0.11
2025-11-03 18:20:43,1.17.2,Bandit100,4,3.67,,20,0,100,Right,Right,9,11,9,9,,,0.22
2025-11-03 18:20:47,1.17.2,Bandit100,4,3.67,1.0,20,0,100,Pellet,Right,9,11,10,9,3.52,408.0,
2025-11-03 18:23:40,1.17.2,Bandit100,4,3.67,,20,0,100,Right,Right,9,12,10,10,,,0.08
2025-11-03 18:23:42,1.17.2,Bandit100,4,3.67,1.0,20,0,100,Pellet,Right,9,12,11,10,1.73,175.0,
2025-11-03 18:28:44,1.17.2,Bandit100,4,3.67,,20,0,100,Left,Right,10,12,11,11,,,0.04
2025-11-03 18:32:03,1.17.2,Bandit100,4,3.67,,20,0,100,Right,Right,10,13,11,11,,,0.03
2025-11-03 18:32:10,1.17.2,Bandit100,4,3.67,1.0,20,0,100,Pellet,Right,10,13,12,11,6.64,508.0,
2025-11-03 18:32:32,1.17.2,Bandit100,4,3.67,,20,0,100,Left,Right,11,13,12,12,,,0.41
2025-11-03 18:42:01,1.17.2,Bandit100,4,3.67,,20,0,100,Right,Right,11,14,12,12,,,0.49
2025-11-03 18:42:02,1.17.2,Bandit100,4,3.67,1.0,20,0,100,Pellet,Right,11,14,13,12,0.06,591.0,
2025-11-03 18:42:04,1.17.2,Bandit100,4,3.67,,20,0,100,Right,Right,11,15,13,13,,,0.27
2025-11-03 18:42:07,1.17.2,Bandit100,4,3.67,1.0,20,0,100,Pellet,Right,11,15,14,13,2.33,6.0,
2025-11-03 18:42:52,1.17.2,Bandit100,4,3.67,,20,0,100,Right,Right,11,16,14,14,,,0.18
2025-11-03 18:42:58,1.17.2,Bandit100,4,3.67,1.0,20,0,100,Pellet,Right,11,16,15,14,5.08,51.0,
2025-11-03 18:43:21,1.17.2,Bandit100,4,3.67,,20,0,100,Right,Right,11,17,15,15,,,0.02
2025-11-03 18:43:23,1.17.2,Bandit100,4,3.67,1.0,20,0,100,Pellet,Right,11,17,16,15,1.37,25.0,
2025-11-03 18:43:53,1.17.2,Bandit100,4,3.67,,20,0,100,Right,Right,11,18,16,16,,,0.06
2025-11-03 18:43:57,1.17.2,Bandit100,4,3.67,1.0,20,0,100,Pellet,Right,11,18,17,16,2.68,34.0,
2025-11-03 18:48:39,1.17.2,Bandit100,4,3.67,,20,0,100,Right,Right,11,19,17,17,,,0.24
2025-11-03 18:48:43,1.17.2,Bandit100,4,3.67,1.0,20,0,100,Pellet,Right,11,19,18,17,3.04,286.0,
2025-11-03 18:54:11,1.17.2,Bandit100,4,3.67,,20,0,100,Right,Right,11,20,18,18,,,0.16
2025-11-03 18:54:12,1.17.2,Bandit100,4,3.67,1.0,20,0,100,Pellet,Right,11,20,19,18,0.95,329.0,
2025-11-03 19:03:38,1.17.2,Bandit100,4,3.67,,20,0,100,Right,Right,11,21,19,19,,,0.52
2025-11-03 19:03:40,1.17.2,Bandit100,4,3.67,,20,0,100,RightWithPellet,Right,11,22,19,19,,,0.19
2025-11-03 19:03:41,1.17.2,Bandit100,4,3.67,,20,0,100,RightWithPellet,Right,11,23,19,19,,,0.14
2025-11-03 19:03:46,1.17.2,Bandit100,4,3.67,1.0,20,0,100,Pellet,Right,11,23,20,19,6.94,574.0,
2025-11-03 19:05:11,1.17.2,Bandit100,4,3.67,,20,100,0,Right,Left,11,24,20,0,,,0.0
2025-11-03 19:07:13,1.17.2,Bandit100,4,3.67,,20,100,0,Left,Left,12,24,20,0,,,0.12
2025-11-03 19:07:27,1.17.2,Bandit100,4,3.67,1.0,20,100,0,Pellet,Left,12,24,21,0,13.12,221.0,
2025-11-03 19:08:25,1.17.2,Bandit100,4,3.67,,20,100,0,Left,Left,13,24,21,1,,,0.01
2025-11-03 19:08:26,1.17.2,Bandit100,4,3.67,1.0,20,100,0,Pellet,Left,13,24,22,1,0.06,59.0,
2025-11-03 19:09:00,1.17.2,Bandit100,4,3.67,,20,100,0,Left,Left,14,24,22,2,,,0.38
2025-11-03 19:09:07,1.17.2,Bandit100,4,3.67,1.0,20,100,0,Pellet,Left,14,24,23,2,6.76,41.0,
2025-11-03 19:09:29,1.17.2,Bandit100,4,3.67,,20,100,0,Left,Left,15,24,23,3,,,0.12
2025-11-03 19:09:33,1.17.2,Bandit100,4,3.66,1.0,20,100,0,Pellet,Left,15,24,24,3,3.83,26.0,
2025-11-03 19:09:44,1.17.2,Bandit100,4,3.67,,20,100,0,Right,Left,15,25,24,4,,,0.03
2025-11-03 19:09:49,1.17.2,Bandit100,4,3.67,,20,100,0,RightinTimeout,Left,15,25,24,4,,,0.0
2025-11-03 19:09:50,1.17.2,Bandit100,4,3.67,,20,100,0,RightinTimeout,Left,15,25,24,4,,,0.0
2025-11-03 19:09:52,1.17.2,Bandit100,4,3.67,,20,100,0,RightinTimeout,Left,15,25,24,4,,,0.0
2025-11-03 19:09:56,1.17.2,Bandit100,4,3.67,,20,100,0,RightinTimeout,Left,15,25,24,4,,,0.0
2025-11-03 19:10:24,1.17.2,Bandit100,4,3.67,,20,100,0,Left,Left,16,25,24,4,,,0.0
2025-11-03 19:10:25,1.17.2,Bandit100,4,3.67,,20,100,0,LeftDuringDispense,Left,16,25,24,4,,,0.2
2025-11-03 19:10:28,1.17.2,Bandit100,4,3.67,,20,100,0,LeftWithPellet,Left,16,25,24,4,,,0.2
2025-11-03 19:10:29,1.17.2,Bandit100,4,3.67,,20,100,0,LeftWithPellet,Left,16,25,24,4,,,0.11
2025-11-03 19:10:29,1.17.2,Bandit100,4,3.67,,20,100,0,LeftWithPellet,Left,16,25,24,4,,,0.1
2025-11-03 19:10:32,1.17.2,Bandit100,4,3.67,2.0,20,100,0,Pellet,Left,16,25,25,4,4.76,59.0,
2025-11-03 19:16:41,1.17.2,Bandit100,4,3.67,,20,100,0,Right,Left,16,26,25,5,,,0.09
2025-11-03 19:17:09,1.17.2,Bandit100,4,3.67,,20,100,0,Right,Left,16,27,25,5,,,0.01
2025-11-03 19:17:25,1.17.2,Bandit100,4,3.67,,20,100,0,Right,Left,16,28,25,5,,,0.02
2025-11-03 19:20:51,1.17.2,Bandit100,4,3.67,,20,100,0,Right,Left,16,29,25,5,,,0.23
2025-11-03 19:20:59,1.17.2,Bandit100,4,3.67,,20,100,0,LeftinTimeOut,Left,16,29,25,5,,,
2025-11-03 19:21:07,1.17.2,Bandit100,4,3.67,,20,100,0,LeftinTimeOut,Left,16,29,25,5,,,
2025-11-03 19:21:14,1.17.2,Bandit100,4,3.67,,20,100,0,RightinTimeout,Left,16,29,25,5,,,0.0
2025-11-03 19:21:18,1.17.2,Bandit100,4,3.67,,20,100,0,RightinTimeout,Left,16,29,25,5,,,0.0
2025-11-03 19:21:18,1.17.2,Bandit100,4,3.67,,20,100,0,RightinTimeout,Left,16,29,25,5,,,0.0
2025-11-03 19:21:19,1.17.2,Bandit100,4,3.67,,20,100,0,RightinTimeout,Left,16,29,25,5,,,0.0
2025-11-03 19:21:20,1.17.2,Bandit100,4,3.67,,20,100,0,RightinTimeout,Left,16,29,25,5,,,0.0
2025-11-03 19:21:20,1.17.2,Bandit100,4,3.67,,20,100,0,RightinTimeout,Left,16,29,25,5,,,0.0
2025-11-03 19:21:26,1.17.2,Bandit100,4,3.67,,20,100,0,RightinTimeout,Left,16,29,25,5,,,0.0
2025-11-03 19:21:38,1.17.2,Bandit100,4,3.67,,20,100,0,Left,Left,17,29,25,5,,,0.06
2025-11-03 19:21:43,1.17.2,Bandit100,4,3.67,1.0,20,100,0,Pellet,Left,17,29,26,5,4.13,671.0,
2025-11-03 19:22:06,1.17.2,Bandit100,4,3.67,,20,100,0,Left,Left,18,29,26,6,,,0.37
2025-11-03 19:22:06,1.17.2,Bandit100,4,3.67,,20,100,0,LeftDuringDispense,Left,18,29,26,6,,,0.21
2025-11-03 19:22:07,1.17.2,Bandit100,4,3.67,,20,100,0,LeftDuringDispense,Left,18,29,26,6,,,0.2
2025-11-03 19:22:07,1.17.2,Bandit100,4,3.66,,20,100,0,LeftDuringDispense,Left,18,29,26,6,,,0.05
2025-11-03 19:22:07,1.17.2,Bandit100,4,3.67,,20,100,0,LeftDuringDispense,Left,18,29,26,6,,,0.09
2025-11-03 19:22:13,1.17.2,Bandit100,4,3.67,2.0,20,100,0,Pellet,Left,18,29,27,6,2.63,30.0,
2025-11-03 19:22:35,1.17.2,Bandit100,4,3.67,,20,100,0,Right,Left,18,30,27,7,,,0.04
2025-11-03 19:22:38,1.17.2,Bandit100,4,3.66,,20,100,0,RightinTimeout,Left,18,30,27,7,,,0.0
2025-11-03 19:22:38,1.17.2,Bandit100,4,3.67,,20,100,0,RightinTimeout,Left,18,30,27,7,,,0.0
2025-11-03 19:22:50,1.17.2,Bandit100,4,3.67,,20,100,0,Left,Left,19,30,27,7,,,0.07
2025-11-03 19:22:54,1.17.2,Bandit100,4,3.66,1.0,20,100,0,Pellet,Left,19,30,28,7,3.23,41.0,
2025-11-03 19:23:36,1.17.2,Bandit100,4,3.67,,20,100,0,Right,Left,19,31,28,8,,,0.06
2025-11-03 19:23:40,1.17.2,Bandit100,4,3.67,,20,100,0,RightinTimeout,Left,19,31,28,8,,,0.0
2025-11-03 19:23:46,1.17.2,Bandit100,4,3.67,,20,100,0,LeftinTimeOut,Left,19,31,28,8,,,
2025-11-03 19:23:53,1.17.2,Bandit100,4,3.67,,20,100,0,RightinTimeout,Left,19,31,28,8,,,0.0
2025-11-03 19:27:14,1.17.2,Bandit100,4,3.67,,20,100,0,Right,Left,19,32,28,8,,,0.09
2025-11-03 19:33:22,1.17.2,Bandit100,4,3.67,,20,100,0,Right,Left,19,33,28,8,,,0.16
2025-11-03 19:33:29,1.17.2,Bandit100,4,3.67,,20,100,0,LeftinTimeOut,Left,19,33,28,8,,,
2025-11-03 19:38:01,1.17.2,Bandit100,4,3.67,,20,100,0,Right,Left,19,34,28,8,,,0.09
2025-11-03 19:40:54,1.17.2,Bandit100,4,3.67,,20,100,0,Right,Left,19,35,28,8,,,0.09
2025-11-03 19:40:55,1.17.2,Bandit100,4,3.67,,20,100,0,RightinTimeout,Left,19,35,28,8,,,0.0
2025-11-03 19:40:56,1.17.2,Bandit100,4,3.67,,20,100,0,RightinTimeout,Left,19,35,28,8,,,0.0
2025-11-03 19:40:58,1.17.2,Bandit100,4,3.67,,20,100,0,RightinTimeout,Left,19,35,28,8,,,0.0
2025-11-03 19:40:59,1.17.2,Bandit100,4,3.67,,20,100,0,RightinTimeout,Left,19,35,28,8,,,0.0
2025-11-03 19:41:04,1.17.2,Bandit100,4,3.67,,20,100,0,LeftinTimeOut,Left,19,35,28,8,,,
2025-11-03 19:44:39,1.17.2,Bandit100,4,3.67,,20,100,0,Right,Left,19,36,28,8,,,0.04
2025-11-03 19:44:41,1.17.2,Bandit100,4,3.67,,20,100,0,LeftinTimeOut,Left,19,36,28,8,,,
2025-11-03 19:44:49,1.17.2,Bandit100,4,3.67,,20,100,0,RightinTimeout,Left,19,36,28,8,,,0.0
2025-11-03 19:44:55,1.17.2,Bandit100,4,3.67,,20,100,0,LeftinTimeOut,Left,19,36,28,8,,,
2025-11-03 19:45:55,1.17.2,Bandit100,4,3.67,,20,100,0,Left,Left,20,36,28,8,,,1.62
2025-11-03 19:46:01,1.17.2,Bandit100,4,3.67,1.0,20,100,0,Pellet,Left,20,36,29,8,4.61,1387.0,
2025-11-03 19:46:34,1.17.2,Bandit100,4,3.67,,20,100,0,Right,Left,20,37,29,9,,,0.4
2025-11-03 19:46:37,1.17.2,Bandit100,4,3.67,,20,100,0,LeftinTimeOut,Left,20,37,29,9,,,
2025-11-03 19:46:39,1.17.2,Bandit100,4,3.67,,20,100,0,LeftinTimeOut,Left,20,37,29,9,,,
2025-11-03 19:46:39,1.17.2,Bandit100,4,3.67,,20,100,0,LeftinTimeOut,Left,20,37,29,9,,,
2025-11-03 19:50:59,1.17.2,Bandit100,4,3.67,,20,100,0,Right,Left,20,38,29,9,,,0.1
2025-11-03 19:51:02,1.17.2,Bandit100,4,3.67,,20,100,0,LeftinTimeOut,Left,20,38,29,9,,,
2025-11-03 19:51:04,1.17.2,Bandit100,4,3.67,,20,100,0,RightinTimeout,Left,20,38,29,9,,,0.0
2025-11-03 19:51:05,1.17.2,Bandit100,4,3.67,,20,100,0,RightinTimeout,Left,20,38,29,9,,,0.0
2025-11-03 19:51:07,1.17.2,Bandit100,4,3.67,,20,100,0,RightinTimeout,Left,20,38,29,9,,,0.0
2025-11-03 19:51:07,1.17.2,Bandit100,4,3.67,,20,100,0,RightinTimeout,Left,20,38,29,9,,,0.0
2025-11-03 19:51:14,1.17.2,Bandit100,4,3.67,,20,100,0,RightinTimeout,Left,20,38,29,9,,,0.0
2025-11-03 19:51:45,1.17.2,Bandit100,4,3.67,,20,100,0,Right,Left,20,39,29,9,,,0.2
2025-11-03 19:51:49,1.17.2,Bandit100,4,3.67,,20,100,0,LeftinTimeOut,Left,20,39,29,9,,,
2025-11-03 19:51:50,1.17.2,Bandit100,4,3.67,,20,100,0,LeftinTimeOut,Left,20,39,29,9,,,
2025-11-03 19:51:50,1.17.2,Bandit100,4,3.67,,20,100,0,LeftinTimeOut,Left,20,39,29,9,,,
2025-11-03 19:51:51,1.17.2,Bandit100,4,3.67,,20,100,0,LeftinTimeOut,Left,20,39,29,9,,,
2025-11-03 19:51:54,1.17.2,Bandit100,4,3.66,,20,100,0,RightinTimeout,Left,20,39,29,9,,,0.0
2025-11-03 19:51:54,1.17.2,Bandit100,4,3.67,,20,100,0,RightinTimeout,Left,20,39,29,9,,,0.0
2025-11-03 20:04:11,1.17.2,Bandit100,4,3.67,,20,100,0,Left,Left,21,39,29,9,,,0.04
2025-11-03 20:04:12,1.17.2,Bandit100,4,3.67,1.0,20,100,0,Pellet,Left,21,39,30,9,0.06,1091.0,
2025-11-03 20:04:26,1.17.2,Bandit100,4,3.67,,20,100,0,Left,Left,22,39,30,10,,,0.09
2025-11-03 20:04:29,1.17.2,Bandit100,4,3.67,1.0,20,100,0,Pellet,Left,22,39,31,10,1.67,17.0,
2025-11-03 20:05:56,1.17.2,Bandit100,4,3.67,,20,100,0,Left,Left,23,39,31,11,,,0.23
2025-11-03 20:05:57,1.17.2,Bandit100,4,3.66,2.0,20,100,0,Pellet,Left,23,39,32,11,0.12,88.0,
2025-11-03 20:06:29,1.17.2,Bandit100,4,3.67,,20,100,0,Left,Left,24,39,32,12,,,0.22
2025-11-03 20:06:31,1.17.2,Bandit100,4,3.67,,20,100,0,LeftWithPellet,Left,24,39,32,12,,,0.01
2025-11-03 20:06:33,1.17.2,Bandit100,4,3.67,,20,100,0,LeftWithPellet,Left,24,39,32,12,,,0.03
2025-11-03 20:06:33,1.17.2,Bandit100,4,3.67,,20,100,0,LeftWithPellet,Left,24,39,32,12,,,0.05
2025-11-03 20:06:34,1.17.2,Bandit100,4,3.67,,20,100,0,LeftWithPellet,Left,24,39,32,12,,,0.16
2025-11-03 20:06:38,1.17.2,Bandit100,4,3.67,1.0,20,100,0,Pellet,Left,24,39,33,12,7.48,41.0,
2025-11-03 20:07:01,1.17.2,Bandit100,4,3.67,,20,100,0,Right,Left,24,40,33,13,,,0.11
2025-11-03 20:07:18,1.17.2,Bandit100,4,3.67,,20,100,0,Left,Left,25,40,33,13,,,0.18
2025-11-03 20:07:19,1.17.2,Bandit100,4,3.67,1.0,20,100,0,Pellet,Left,25,40,34,13,0.89,41.0,
2025-11-03 20:07:41,1.17.2,Bandit100,4,3.67,,20,100,0,Left,Left,26,40,34,14,,,0.11
2025-11-03 20:07:43,1.17.2,Bandit100,4,3.67,1.0,20,100,0,Pellet,Left,26,40,35,14,0.77,24.0,
2025-11-03 20:08:02,1.17.2,Bandit100,4,3.67,,20,100,0,Right,Left,26,41,35,15,,,0.03
2025-11-03 20:08:02,1.17.2,Bandit100,4,3.67,,20,100,0,RightinTimeout,Left,26,41,35,15,,,0.0
2025-11-03 20:08:10,1.17.2,Bandit100,4,3.67,,20,100,0,RightinTimeout,Left,26,41,35,15,,,0.0
2025-11-03 20:12:09,1.17.2,Bandit100,4,3.67,,20,100,0,Right,Left,26,42,35,15,,,0.01
2025-11-03 20:14:07,1.17.2,Bandit100,4,3.67,,20,100,0,Left,Left,27,42,35,15,,,0.12
2025-11-03 20:14:11,1.17.2,Bandit100,4,3.66,1.0,20,100,0,Pellet,Left,27,42,36,15,3.53,388.0,
2025-11-03 20:15:45,1.17.2,Bandit100,4,3.67,,20,100,0,Left,Left,28,42,36,16,,,0.09
2025-11-03 20:15:47,1.17.2,Bandit100,4,3.67,1.0,20,100,0,Pellet,Left,28,42,37,16,0.89,96.0,
2025-11-03 20:16:17,1.17.2,Bandit100,4,3.67,,20,100,0,Right,Left,28,43,37,17,,,0.18
2025-11-03 20:16:22,1.17.2,Bandit100,4,3.67,,20,100,0,LeftinTimeOut,Left,28,43,37,17,,,
2025-11-03 20:16:23,1.17.2,Bandit100,4,3.67,,20,100,0,LeftinTimeOut,Left,28,43,37,17,,,
2025-11-03 20:16:31,1.17.2,Bandit100,4,3.67,,20,100,0,LeftinTimeOut,Left,28,43,37,17,,,
2025-11-03 20:17:14,1.17.2,Bandit100,4,3.67,,20,100,0,Left,Left,29,43,37,17,,,0.04
2025-11-03 20:17:15,1.17.2,Bandit100,4,3.67,1.0,20,100,0,Pellet,Left,29,43,38,17,0.06,88.0,
2025-11-03 20:19:27,1.17.2,Bandit100,4,3.67,,20,100,0,Left,Left,30,43,38,18,,,0.0
2025-11-03 20:19:30,1.17.2,Bandit100,4,3.67,1.0,20,100,0,Pellet,Left,30,43,39,18,1.85,135.0,
2025-11-03 20:19:55,1.17.2,Bandit100,4,3.67,,20,100,0,Left,Left,31,43,39,19,,,0.15
2025-11-03 20:19:56,1.17.2,Bandit100,4,3.67,1.0,20,100,0,Pellet,Left,31,43,40,19,0.06,26.0,
2025-11-03 20:20:08,1.17.2,Bandit100,4,3.67,,20,0,100,Left,Right,32,43,40,0,,,0.13
2025-11-03 20:20:15,1.17.2,Bandit100,4,3.67,,20,0,100,LeftinTimeOut,Right,32,43,40,0,,,
2025-11-03 20:20:39,1.17.2,Bandit100,4,3.67,,20,0,100,Right,Right,32,44,40,0,,,0.21
2025-11-03 20:20:44,1.17.2,Bandit100,4,3.67,1.0,20,0,100,Pellet,Right,32,44,41,0,3.83,48.0,
2025-11-03 20:20:57,1.17.2,Bandit100,4,3.67,,20,0,100,Left,Right,33,44,41,1,,,0.02
2025-11-03 20:21:03,1.17.2,Bandit100,4,3.67,,20,0,100,RightinTimeout,Right,33,44,41,1,,,0.0
2025-11-03 20:21:04,1.17.2,Bandit100,4,3.67,,20,0,100,LeftinTimeOut,Right,33,44,41,1,,,
2025-11-03 20:21:06,1.17.2,Bandit100,4,3.67,,20,0,100,LeftinTimeOut,Right,33,44,41,1,,,
2025-11-03 20:21:07,1.17.2,Bandit100,4,3.67,,20,0,100,LeftinTimeOut,Right,33,44,41,1,,,
2025-11-03 20:21:10,1.17.2,Bandit100,4,3.67,,20,0,100,RightinTimeout,Right,33,44,41,1,,,0.0
2025-11-03 20:21:14,1.17.2,Bandit100,4,3.67,,20,0,100,LeftinTimeOut,Right,33,44,41,1,,,
2025-11-03 20:22:30,1.17.2,Bandit100,4,3.67,,20,0,100,Right,Right,33,45,41,1,,,0.07
2025-11-03 20:22:34,1.17.2,Bandit100,4,3.67,1.0,20,0,100,Pellet,Right,33,45,42,1,3.05,110.0,
2025-11-03 20:26:48,1.17.2,Bandit100,4,3.67,,20,0,100,Right,Right,33,46,42,2,,,0.03
2025-11-03 20:26:53,1.17.2,Bandit100,4,3.67,1.0,20,0,100,Pellet,Right,33,46,43,2,4.07,259.0,
2025-11-03 20:27:00,1.17.2,Bandit100,4,3.67,,20,0,100,Right,Right,33,47,43,3,,,0.15
2025-11-03 20:27:03,1.17.2,Bandit100,4,3.67,,20,0,100,RightWithPellet,Right,33,48,43,3,,,0.1
2025-11-03 20:27:05,1.17.2,Bandit100,4,3.67,1.0,20,0,100,Pellet,Right,33,48,44,3,4.14,12.0,
2025-11-03 20:27:16,1.17.2,Bandit100,4,3.67,,20,0,100,Right,Right,33,49,44,4,,,0.22
2025-11-03 20:27:20,1.17.2,Bandit100,4,3.67,1.0,20,0,100,Pellet,Right,33,49,45,4,3.17,15.0,
2025-11-03 20:27:31,1.17.2,Bandit100,4,3.67,,20,0,100,Left,Right,34,49,45,5,,,0.05
2025-11-03 20:27:36,1.17.2,Bandit100,4,3.67,,20,0,100,LeftinTimeOut,Right,34,49,45,5,,,
2025-11-03 20:28:41,1.17.2,Bandit100,4,3.67,,20,0,100,Left,Right,35,49,45,5,,,0.19
2025-11-03 20:29:51,1.17.2,Bandit100,4,3.67,,20,0,100,Left,Right,36,49,45,5,,,0.22
2025-11-03 20:30:00,1.17.2,Bandit100,4,3.67,,20,0,100,RightinTimeout,Right,36,49,45,5,,,0.0
2025-11-03 20:32:01,1.17.2,Bandit100,4,3.67,,20,0,100,Right,Right,36,50,45,5,,,0.04
2025-11-03 20:32:04,1.17.2,Bandit100,4,3.67,1.0,20,0,100,Pellet,Right,36,50,46,5,2.75,284.0,
2025-11-03 20:32:15,1.17.2,Bandit100,4,3.66,,20,0,100,Right,Right,36,51,46,6,,,0.13
2025-11-03 20:32:17,1.17.2,Bandit100,4,3.67,1.0,20,0,100,Pellet,Right,36,51,47,6,1.13,13.0,
2025-11-03 20:32:34,1.17.2,Bandit100,4,3.67,,20,0,100,Left,Right,37,51,47,7,,,0.02
2025-11-03 20:32:37,1.17.2,Bandit100,4,3.67,,20,0,100,RightinTimeout,Right,37,51,47,7,,,0.0
2025-11-03 20:32:38,1.17.2,Bandit100,4,3.67,,20,0,100,RightinTimeout,Right,37,51,47,7,,,0.0
2025-11-03 20:32:41,1.17.2,Bandit100,4,3.67,,20,0,100,RightinTimeout,Right,37,51,47,7,,,0.0
2025-11-03 20:32:45,1.17.2,Bandit100,4,3.67,,20,0,100,LeftinTimeOut,Right,37,51,47,7,,,
2025-11-03 20:32:45,1.17.2,Bandit100,4,3.67,,20,0,100,LeftinTimeOut,Right,37,51,47,7,,,
2025-11-03 20:32:49,1.17.2,Bandit100,4,3.67,,20,0,100,RightinTimeout,Right,37,51,47,7,,,0.0
2025-11-03 20:32:52,1.17.2,Bandit100,4,3.67,,20,0,100,LeftinTimeOut,Right,37,51,47,7,,,
2025-11-03 20:32:52,1.17.2,Bandit100,4,3.67,,20,0,100,LeftinTimeOut,Right,37,51,47,7,,,
2025-11-03 20:32:55,1.17.2,Bandit100,4,3.67,,20,0,100,LeftinTimeOut,Right,37,51,47,7,,,
2025-11-03 20:32:58,1.17.2,Bandit100,4,3.67,,20,0,100,LeftinTimeOut,Right,37,51,47,7,,,
2025-11-03 20:32:58,1.17.2,Bandit100,4,3.67,,20,0,100,LeftinTimeOut,Right,37,51,47,7,,,
2025-11-03 20:32:59,1.17.2,Bandit100,4,3.67,,20,0,100,LeftinTimeOut,Right,37,51,47,7,,,
2025-11-03 20:32:59,1.17.2,Bandit100,4,3.67,,20,0,100,LeftinTimeOut,Right,37,51,47,7,,,
2025-11-03 20:32:59,1.17.2,Bandit100,4,3.67,,20,0,100,LeftinTimeOut,Right,37,51,47,7,,,
2025-11-03 20:33:00,1.17.2,Bandit100,4,3.67,,20,0,100,LeftinTimeOut,Right,37,51,47,7,,,
2025-11-03 20:33:00,1.17.2,Bandit100,4,3.67,,20,0,100,LeftinTimeOut,Right,37,51,47,7,,,
2025-11-03 20:33:05,1.17.2,Bandit100,4,3.67,,20,0,100,LeftinTimeOut,Right,37,51,47,7,,,
2025-11-03 20:34:03,1.17.2,Bandit100,4,3.67,,20,0,100,Left,Right,38,51,47,7,,,0.03
2025-11-03 20:34:03,1.17.2,Bandit100,4,3.67,,20,0,100,LeftinTimeOut,Right,38,51,47,7,,,
2025-11-03 20:34:57,1.17.2,Bandit100,4,3.67,,20,0,100,Left,Right,39,51,47,7,,,0.0
2025-11-03 20:34:59,1.17.2,Bandit100,4,3.67,,20,0,100,LeftinTimeOut,Right,39,51,47,7,,,
2025-11-03 20:35:00,1.17.2,Bandit100,4,3.67,,20,0,100,LeftinTimeOut,Right,39,51,47,7,,,
2025-11-03 20:35:02,1.17.2,Bandit100,4,3.67,,20,0,100,LeftinTimeOut,Right,39,51,47,7,,,
2025-11-03 20:38:23,1.17.2,Bandit100,4,3.67,,20,0,100,Left,Right,40,51,47,7,,,0.07
2025-11-03 20:38:23,1.17.2,Bandit100,4,3.67,,20,0,100,LeftinTimeOut,Right,40,51,47,7,,,
2025-11-03 20:38:25,1.17.2,Bandit100,4,3.67,,20,0,100,LeftinTimeOut,Right,40,51,47,7,,,
2025-11-03 20:43:39,1.17.2,Bandit100,4,3.66,,20,0,100,Left,Right,41,51,47,7,,,0.02
2025-11-03 20:47:35,1.17.2,Bandit100,4,3.67,,20,0,100,Left,Right,42,51,47,7,,,0.23
2025-11-03 20:52:03,1.17.2,Bandit100,4,3.67,,20,0,100,Left,Right,43,51,47,7,,,0.0
2025-11-03 20:52:11,1.17.2,Bandit100,4,3.67,,20,0,100,RightinTimeout,Right,43,51,47,7,,,0.0
2025-11-03 20:52:12,1.17.2,Bandit100,4,3.67,,20,0,100,RightinTimeout,Right,43,51,47,7,,,0.0
2025-11-03 20:52:18,1.17.2,Bandit100,4,3.67,,20,0,100,LeftinTimeOut,Right,43,51,47,7,,,
2025-11-03 20:52:19,1.17.2,Bandit100,4,3.67,,20,0,100,LeftinTimeOut,Right,43,51,47,7,,,
2025-11-03 20:54:04,1.17.2,Bandit100,4,3.67,,20,0,100,Left,Right,44,51,47,7,,,0.28
2025-11-03 20:54:27,1.17.2,Bandit100,4,3.67,,20,0,100,Left,Right,45,51,47,7,,,0.17
2025-11-03 20:54:28,1.17.2,Bandit100,4,3.67,,20,0,100,LeftinTimeOut,Right,45,51,47,7,,,
2025-11-03 20:54:34,1.17.2,Bandit100,4,3.67,,20,0,100,LeftinTimeOut,Right,45,51,47,7,,,
2025-11-03 20:54:42,1.17.2,Bandit100,4,3.67,,20,0,100,LeftinTimeOut,Right,45,51,47,7,,,
2025-11-03 20:56:00,1.17.2,Bandit100,4,3.67,,20,0,100,Right,Right,45,52,47,7,,,0.05
2025-11-03 20:56:01,1.17.2,Bandit100,4,3.67,1.0,20,0,100,Pellet,Right,45,52,48,7,0.06,1424.0,
2025-11-03 20:56:52,1.17.2,Bandit100,4,3.67,,20,0,100,Left,Right,46,52,48,8,,,0.1
2025-11-03 20:56:57,1.17.2,Bandit100,4,3.67,,20,0,100,RightinTimeout,Right,46,52,48,8,,,0.0
2025-11-03 20:57:45,1.17.2,Bandit100,4,3.67,,20,0,100,Left,Right,47,52,48,8,,,0.26
2025-11-03 21:10:24,1.17.2,Bandit100,4,3.67,,20,0,100,Right,Right,47,53,48,8,,,0.22
2025-11-03 21:10:26,1.17.2,Bandit100,4,3.67,1.0,20,0,100,Pellet,Right,47,53,49,8,1.31,865.0,
2025-11-03 21:10:42,1.17.2,Bandit100,4,3.67,,20,0,100,Right,Right,47,54,49,9,,,0.09
2025-11-03 21:10:47,1.17.2,Bandit100,4,3.67,1.0,20,0,100,Pellet,Right,47,54,50,9,4.3,21.0,
2025-11-03 21:11:10,1.17.2,Bandit100,4,3.67,,20,0,100,Right,Right,47,55,50,10,,,0.17
2025-11-03 21:11:13,1.17.2,Bandit100,4,3.67,1.0,20,0,100,Pellet,Right,47,55,51,10,1.96,26.0,
2025-11-03 21:11:24,1.17.2,Bandit100,4,3.67,,20,0,100,Left,Right,48,55,51,11,,,0.2
2025-11-03 21:11:29,1.17.2,Bandit100,4,3.67,,20,0,100,RightinTimeout,Right,48,55,51,11,,,0.0
2025-11-03 21:11:38,1.17.2,Bandit100,4,3.67,,20,0,100,RightinTimeout,Right,48,55,51,11,,,0.0
2025-11-03 21:11:40,1.17.2,Bandit100,4,3.67,,20,0,100,RightinTimeout,Right,48,55,51,11,,,0.0
2025-11-03 21:11:44,1.17.2,Bandit100,4,3.67,,20,0,100,LeftinTimeOut,Right,48,55,51,11,,,
2025-11-03 21:11:48,1.17.2,Bandit100,4,3.67,,20,0,100,RightinTimeout,Right,48,55,51,11,,,0.0
2025-11-03 21:11:51,1.17.2,Bandit100,4,3.67,,20,0,100,LeftinTimeOut,Right,48,55,51,11,,,
2025-11-03 21:11:52,1.17.2,Bandit100,4,3.66,,20,0,100,LeftinTimeOut,Right,48,55,51,11,,,
2025-11-03 21:11:53,1.17.2,Bandit100,4,3.67,,20,0,100,LeftinTimeOut,Right,48,55,51,11,,,
2025-11-03 21:11:53,1.17.2,Bandit100,4,3.67,,20,0,100,LeftinTimeOut,Right,48,55,51,11,,,
2025-11-03 21:11:55,1.17.2,Bandit100,4,3.67,,20,0,100,LeftinTimeOut,Right,48,55,51,11,,,
2025-11-03 21:11:55,1.17.2,Bandit100,4,3.67,,20,0,100,LeftinTimeOut,Right,48,55,51,11,,,
2025-11-03 21:11:56,1.17.2,Bandit100,4,3.67,,20,0,100,LeftinTimeOut,Right,48,55,51,11,,,
2025-11-03 21:11:56,1.17.2,Bandit100,4,3.67,,20,0,100,LeftinTimeOut,Right,48,55,51,11,,,
2025-11-03 21:11:56,1.17.2,Bandit100,4,3.67,,20,0,100,LeftinTimeOut,Right,48,55,51,11,,,
2025-11-03 21:11:57,1.17.2,Bandit100,4,3.67,,20,0,100,LeftinTimeOut,Right,48,55,51,11,,,
2025-11-03 21:11:58,1.17.2,Bandit100,4,3.67,,20,0,100,LeftinTimeOut,Right,48,55,51,11,,,
2025-11-03 21:12:17,1.17.2,Bandit100,4,3.67,,20,0,100,Right,Right,48,56,51,11,,,0.24
2025-11-03 21:12:19,1.17.2,Bandit100,4,3.67,1.0,20,0,100,Pellet,Right,48,56,52,11,1.25,66.0,
2025-11-03 21:12:48,1.17.2,Bandit100,4,3.67,,20,0,100,Left,Right,49,56,52,12,,,0.23
2025-11-03 21:12:57,1.17.2,Bandit100,4,3.67,,20,0,100,RightinTimeout,Right,49,56,52,12,,,0.0
2025-11-03 21:12:57,1.17.2,Bandit100,4,3.67,,20,0,100,RightinTimeout,Right,49,56,52,12,,,0.0
2025-11-03 21:13:00,1.17.2,Bandit100,4,3.67,,20,0,100,RightinTimeout,Right,49,56,52,12,,,0.0
2025-11-03 21:14:02,1.17.2,Bandit100,4,3.67,,20,0,100,Right,Right,49,57,52,12,,,0.12
2025-11-03 21:14:08,1.17.2,Bandit100,4,3.67,1.0,20,0,100,Pellet,Right,49,57,53,12,4.66,109.0,
2025-11-03 21:14:22,1.17.2,Bandit100,4,3.67,,20,0,100,Left,Right,50,57,53,13,,,0.06
2025-11-03 21:14:36,1.17.2,Bandit100,4,3.67,,20,0,100,Right,Right,50,58,53,13,,,0.16
2025-11-03 21:14:38,1.17.2,Bandit100,4,3.66,1.0,20,0,100,Pellet,Right,50,58,54,13,1.13,30.0,
2025-11-03 21:15:17,1.17.2,Bandit100,4,3.67,,20,0,100,Left,Right,51,58,54,14,,,0.18
2025-11-03 21:18:54,1.17.2,Bandit100,4,3.67,,20,0,100,Right,Right,51,59,54,14,,,0.15
2025-11-03 21:18:55,1.17.2,Bandit100,4,3.67,1.0,20,0,100,Pellet,Right,51,59,55,14,0.77,257.0,
2025-11-03 21:19:26,1.17.2,Bandit100,4,3.66,,20,0,100,Right,Right,51,60,55,15,,,0.12
2025-11-03 21:19:28,1.17.2,Bandit100,4,3.67,1.0,20,0,100,Pellet,Right,51,60,56,15,0.83,33.0,
2025-11-03 21:19:59,1.17.2,Bandit100,4,3.67,,20,0,100,Right,Right,51,61,56,16,,,0.24
2025-11-03 21:20:00,1.17.2,Bandit100,4,3.67,1.0,20,0,100,Pellet,Right,51,61,57,16,0.83,32.0,
2025-11-03 21:20:37,1.17.2,Bandit100,4,3.67,,20,0,100,Left,Right,52,61,57,17,,,0.26
2025-11-03 21:20:45,1.17.2,Bandit100,4,3.67,,20,0,100,LeftinTimeOut,Right,52,61,57,17,,,
2025-11-03 21:20:49,1.17.2,Bandit100,4,3.66,,20,0,100,RightinTimeout,Right,52,61,57,17,,,0.0
2025-11-03 21:20:50,1.17.2,Bandit100,4,3.67,,20,0,100,RightinTimeout,Right,52,61,57,17,,,0.0
2025-11-03 21:20:54,1.17.2,Bandit100,4,3.67,,20,0,100,RightinTimeout,Right,52,61,57,17,,,0.0
2025-11-03 21:20:58,1.17.2,Bandit100,4,3.67,,20,0,100,RightinTimeout,Right,52,61,57,17,,,0.0
2025-11-03 21:21:02,1.17.2,Bandit100,4,3.67,,20,0,100,LeftinTimeOut,Right,52,61,57,17,,,
2025-11-03 21:22:37,1.17.2,Bandit100,4,3.66,,20,0,100,Right,Right,52,62,57,17,,,0.14
2025-11-03 21:22:40,1.17.2,Bandit100,4,3.67,1.0,20,0,100,Pellet,Right,52,62,58,17,2.45,160.0,
2025-11-03 21:22:51,1.17.2,Bandit100,4,3.66,,20,0,100,Right,Right,52,63,58,18,,,0.11
2025-11-03 21:22:52,1.17.2,Bandit100,4,3.67,1.0,20,0,100,Pellet,Right,52,63,59,18,0.06,12.0,
2025-11-03 21:23:07,1.17.2,Bandit100,4,3.66,,20,0,100,Right,Right,52,64,59,19,,,0.07
2025-11-03 21:23:09,1.17.2,Bandit100,4,3.66,1.0,20,0,100,Pellet,Right,52,64,60,19,1.25,17.0,
2025-11-03 21:23:25,1.17.2,Bandit100,4,3.67,,20,100,0,Right,Left,52,65,60,0,,,0.07
2025-11-03 21:23:34,1.17.2,Bandit100,4,3.66,,20,100,0,RightinTimeout,Left,52,65,60,0,,,0.0
2025-11-03 21:23:34,1.17.2,Bandit100,4,3.67,,20,100,0,RightinTimeout,Left,52,65,60,0,,,0.0
2025-11-03 21:24:47,1.17.2,Bandit100,4,3.66,,20,100,0,Left,Left,53,65,60,0,,,0.17
2025-11-03 21:24:50,1.17.2,Bandit100,4,3.67,1.0,20,100,0,Pellet,Left,53,65,61,0,2.33,101.0,
2025-11-03 21:25:26,1.17.2,Bandit100,4,3.67,,20,100,0,Right,Left,53,66,61,1,,,0.13
2025-11-03 21:25:29,1.17.2,Bandit100,4,3.67,,20,100,0,RightinTimeout,Left,53,66,61,1,,,0.0
2025-11-03 21:26:57,1.17.2,Bandit100,4,3.67,,20,100,0,Left,Left,54,66,61,1,,,0.18
2025-11-03 21:26:59,1.17.2,Bandit100,4,3.66,1.0,20,100,0,Pellet,Left,54,66,62,1,1.43,129.0,
2025-11-03 21:27:18,1.17.2,Bandit100,4,3.67,,20,100,0,Left,Left,55,66,62,2,,,0.04
2025-11-03 21:27:20,1.17.2,Bandit100,4,3.67,1.0,20,100,0,Pellet,Left,55,66,63,2,1.67,21.0,
2025-11-03 21:28:03,1.17.2,Bandit100,4,3.67,,20,100,0,Right,Left,55,67,63,3,,,0.11
2025-11-03 21:28:52,1.17.2,Bandit100,4,3.67,,20,100,0,Left,Left,56,67,63,3,,,0.06
2025-11-03 21:28:55,1.17.2,Bandit100,4,3.67,1.0,20,100,0,Pellet,Left,56,67,64,3,2.03,95.0,
2025-11-03 21:35:53,1.17.2,Bandit100,4,3.67,,20,100,0,Right,Left,56,68,64,4,,,0.13
2025-11-03 21:36:08,1.17.2,Bandit100,4,3.67,,20,100,0,Right,Left,56,69,64,4,,,0.08
2025-11-03 21:44:17,1.17.2,Bandit100,4,3.67,,20,100,0,Right,Left,56,70,64,4,,,0.28
2025-11-03 21:44:26,1.17.2,Bandit100,4,3.67,,20,100,0,RightinTimeout,Left,56,70,64,4,,,0.0
2025-11-03 21:44:40,1.17.2,Bandit100,4,3.66,,20,100,0,Left,Left,57,70,64,4,,,0.11
2025-11-03 21:44:40,1.17.2,Bandit100,4,3.67,1.0,20,100,0,Pellet,Left,57,70,65,4,0.06,945.0,
2025-11-03 21:45:05,1.17.2,Bandit100,4,3.67,,20,100,0,Right,Left,57,71,65,5,,,0.15
2025-11-03 21:45:08,1.17.2,Bandit100,4,3.67,,20,100,0,LeftinTimeOut,Left,57,71,65,5,,,
2025-11-03 21:46:09,1.17.2,Bandit100,4,3.67,,20,100,0,Left,Left,58,71,65,5,,,0.19
2025-11-03 21:46:11,1.17.2,Bandit100,4,3.66,1.0,20,100,0,Pellet,Left,58,71,66,5,1.37,91.0,
2025-11-03 21:47:54,1.17.2,Bandit100,4,3.67,,20,100,0,Left,Left,59,71,66,6,,,0.2
2025-11-03 21:47:58,1.17.2,Bandit100,4,3.67,1.0,20,100,0,Pellet,Left,59,71,67,6,3.16,107.0,
2025-11-03 21:48:20,1.17.2,Bandit100,4,3.67,,20,100,0,Right,Left,59,72,67,7,,,0.16
2025-11-03 21:48:24,1.17.2,Bandit100,4,3.67,,20,100,0,LeftinTimeOut,Left,59,72,67,7,,,
2025-11-03 21:56:29,1.17.2,Bandit100,4,3.67,,20,100,0,Left,Left,60,72,67,7,,,0.13
2025-11-03 21:56:34,1.17.2,Bandit100,4,3.67,1.0,20,100,0,Pellet,Left,60,72,68,7,3.59,516.0,
2025-11-03 21:57:17,1.17.2,Bandit100,4,3.67,,20,100,0,Left,Left,61,72,68,8,,,0.04
2025-11-03 21:57:21,1.17.2,Bandit100,4,3.67,1.0,20,100,0,Pellet,Left,61,72,69,8,3.77,47.0,
2025-11-03 21:57:38,1.17.2,Bandit100,4,3.67,,20,100,0,Left,Left,62,72,69,9,,,0.08
2025-11-03 21:57:40,1.17.2,Bandit100,4,3.67,2.0,20,100,0,Pellet,Left,62,72,70,9,0.06,19.0,
2025-11-03 21:57:52,1.17.2,Bandit100,4,3.67,,20,100,0,Left,Left,63,72,70,10,,,0.35
2025-11-03 21:57:53,1.17.2,Bandit100,4,3.67,1.0,20,100,0,Pellet,Left,63,72,71,10,0.06,13.0,
2025-11-03 21:58:14,1.17.2,Bandit100,4,3.67,,20,100,0,Left,Left,64,72,71,11,,,0.17
2025-11-03 21:58:15,1.17.2,Bandit100,4,3.67,1.0,20,100,0,Pellet,Left,64,72,72,11,0.06,22.0,
2025-11-03 21:58:39,1.17.2,Bandit100,4,3.67,,20,100,0,Right,Left,64,73,72,12,,,0.23
2025-11-03 21:58:42,1.17.2,Bandit100,4,3.67,,20,100,0,RightinTimeout,Left,64,73,72,12,,,0.0
2025-11-03 21:58:42,1.17.2,Bandit100,4,3.67,,20,100,0,RightinTimeout,Left,64,73,72,12,,,0.0
2025-11-03 21:58:47,1.17.2,Bandit100,4,3.67,,20,100,0,LeftinTimeOut,Left,64,73,72,12,,,
2025-11-03 21:58:49,1.17.2,Bandit100,4,3.67,,20,100,0,LeftinTimeOut,Left,64,73,72,12,,,
2025-11-03 21:59:00,1.17.2,Bandit100,4,3.67,,20,100,0,Left,Left,65,73,72,12,,,0.19
2025-11-03 21:59:02,1.17.2,Bandit100,4,3.67,1.0,20,100,0,Pellet,Left,65,73,73,12,1.01,47.0,
2025-11-03 21:59:24,1.17.2,Bandit100,4,3.67,,20,100,0,Left,Left,66,73,73,13,,,0.13
2025-11-03 21:59:26,1.17.2,Bandit100,4,3.67,1.0,20,100,0,Pellet,Left,66,73,74,13,0.95,24.0,
2025-11-03 22:01:23,1.17.2,Bandit100,4,3.67,,20,100,0,Left,Left,67,73,74,14,,,0.05
2025-11-03 22:01:25,1.17.2,Bandit100,4,3.67,1.0,20,100,0,Pellet,Left,67,73,75,14,0.89,119.0,
2025-11-03 22:01:45,1.17.2,Bandit100,4,3.67,,20,100,0,Left,Left,68,73,75,15,,,0.04
2025-11-03 22:01:47,1.17.2,Bandit100,4,3.67,1.0,20,100,0,Pellet,Left,68,73,76,15,1.61,22.0,
2025-11-03 22:07:47,1.17.2,Bandit100,4,3.67,,20,100,0,Left,Left,69,73,76,16,,,0.04
2025-11-03 22:07:49,1.17.2,Bandit100,4,3.67,1.0,20,100,0,Pellet,Left,69,73,77,16,1.13,362.0,
2025-11-03 22:09:20,1.17.2,Bandit100,4,3.67,,20,100,0,Left,Left,70,73,77,17,,,0.09
2025-11-03 22:09:22,1.17.2,Bandit100,4,3.66,1.0,20,100,0,Pellet,Left,70,73,78,17,1.25,93.0,
2025-11-03 22:23:38,1.17.2,Bandit100,4,3.67,,20,100,0,Right,Left,70,74,78,18,,,0.07
2025-11-03 22:24:19,1.17.2,Bandit100,4,3.67,,20,100,0,Left,Left,71,74,78,18,,,0.18
2025-11-03 22:24:20,1.17.2,Bandit100,4,3.67,1.0,20,100,0,Pellet,Left,71,74,79,18,0.89,898.0,
2025-11-03 22:24:33,1.17.2,Bandit100,4,3.67,,20,100,0,Left,Left,72,74,79,19,,,0.35
2025-11-03 22:24:36,1.17.2,Bandit100,4,3.67,1.0,20,100,0,Pellet,Left,72,74,80,19,1.73,16.0,
2025-11-03 22:25:34,1.17.2,Bandit100,4,3.67,,20,0,100,Right,Right,72,75,80,0,,,0.2
2025-11-03 22:25:40,1.17.2,Bandit100,4,3.66,1.0,20,0,100,Pellet,Right,72,75,81,0,5.21,64.0,
2025-11-03 22:26:19,1.17.2,Bandit100,4,3.67,,20,0,100,Right,Right,72,76,81,1,,,0.08
2025-11-03 22:26:21,1.17.2,Bandit100,4,3.66,1.0,20,0,100,Pellet,Right,72,76,82,1,1.07,41.0,
2025-11-03 22:26:50,1.17.2,Bandit100,4,3.67,,20,0,100,Left,Right,73,76,82,2,,,0.07
2025-11-03 22:28:40,1.17.2,Bandit100,4,3.67,,20,0,100,Right,Right,73,77,82,2,,,0.22
2025-11-03 22:28:41,1.17.2,Bandit100,4,3.67,1.0,20,0,100,Pellet,Right,73,77,83,2,0.06,140.0,
2025-11-03 22:28:59,1.17.2,Bandit100,4,3.67,,20,0,100,Left,Right,74,77,83,3,,,0.16
2025-11-03 22:29:02,1.17.2,Bandit100,4,3.67,,20,0,100,RightinTimeout,Right,74,77,83,3,,,0.0
2025-11-03 22:39:10,1.17.2,Bandit100,4,3.67,,20,0,100,Right,Right,74,78,83,3,,,0.09
2025-11-03 22:39:11,1.17.2,Bandit100,4,3.66,1.0,20,0,100,Pellet,Right,74,78,84,3,0.95,630.0,
2025-11-03 22:44:56,1.17.2,Bandit100,4,3.67,,20,0,100,Right,Right,74,79,84,4,,,0.13
2025-11-03 22:44:59,1.17.2,Bandit100,4,3.67,1.0,20,0,100,Pellet,Right,74,79,85,4,2.63,348.0,
2025-11-03 22:45:18,1.17.2,Bandit100,4,3.66,,20,0,100,Right,Right,74,80,85,5,,,0.1
2025-11-03 22:45:21,1.17.2,Bandit100,4,3.66,2.0,20,0,100,Pellet,Right,74,80,86,5,0.06,22.0,
2025-11-03 22:45:31,1.17.2,Bandit100,4,3.65,,20,0,100,Right,Right,74,81,86,6,,,0.16
2025-11-03 22:45:32,1.17.2,Bandit100,4,3.65,1.0,20,0,100,Pellet,Right,74,81,87,6,0.06,11.0,
2025-11-03 22:45:41,1.17.2,Bandit100,4,3.65,,20,0,100,Right,Right,74,82,87,7,,,0.17
2025-11-03 22:45:42,1.17.2,Bandit100,4,3.67,1.0,20,0,100,Pellet,Right,74,82,88,7,0.65,10.0,
2025-11-03 22:45:59,1.17.2,Bandit100,4,3.67,,20,0,100,Right,Right,74,83,88,8,,,0.17
2025-11-03 22:46:00,1.17.2,Bandit100,4,3.66,1.0,20,0,100,Pellet,Right,74,83,89,8,0.41,18.0,
2025-11-03 22:46:25,1.17.2,Bandit100,4,3.65,,20,0,100,Left,Right,75,83,89,9,,,0.07
2025-11-03 22:46:32,1.17.2,Bandit100,4,3.66,,20,0,100,RightinTimeout,Right,75,83,89,9,,,0.0
2025-11-03 22:47:04,1.17.2,Bandit100,4,3.65,,20,0,100,Left,Right,76,83,89,9,,,0.09
2025-11-03 22:49:56,1.17.2,Bandit100,4,3.65,,20,0,100,Right,Right,76,84,89,9,,,0.14
2025-11-03 22:49:57,1.17.2,Bandit100,4,3.65,1.0,20,0,100,Pellet,Right,76,84,90,9,0.95,237.0,
2025-11-03 22:55:56,1.17.2,Bandit100,4,3.66,,20,0,100,Right,Right,76,85,90,10,,,0.29
2025-11-03 22:55:57,1.17.2,Bandit100,4,3.66,1.0,20,0,100,Pellet,Right,76,85,91,10,0.83,360.0,
2025-11-03 22:56:17,1.17.2,Bandit100,4,3.66,,20,0,100,Left,Right,77,85,91,11,,,0.03
2025-11-03 22:58:32,1.17.2,Bandit100,4,3.66,,20,0,100,Right,Right,77,86,91,11,,,0.23
2025-11-03 22:58:34,1.17.2,Bandit100,4,3.65,1.0,20,0,100,Pellet,Right,77,86,92,11,1.25,157.0,
2025-11-03 22:58:56,1.17.2,Bandit100,4,3.66,,20,0,100,Right,Right,77,87,92,12,,,0.2
2025-11-03 22:58:57,1.17.2,Bandit100,4,3.67,1.0,20,0,100,Pellet,Right,77,87,93,12,0.06,23.0,
2025-11-03 22:59:09,1.17.2,Bandit100,4,3.67,,20,0,100,Right,Right,77,88,93,13,,,0.16
2025-11-03 22:59:11,1.17.2,Bandit100,4,3.67,1.0,20,0,100,Pellet,Right,77,88,94,13,0.89,14.0,
2025-11-03 22:59:27,1.17.2,Bandit100,4,3.66,,20,0,100,Right,Right,77,89,94,14,,,0.11
2025-11-03 22:59:28,1.17.2,Bandit100,4,3.67,1.0,20,0,100,Pellet,Right,77,89,95,14,0.06,17.0,
2025-11-03 22:59:42,1.17.2,Bandit100,4,3.67,,20,0,100,Right,Right,77,90,95,15,,,0.08
2025-11-03 22:59:44,1.17.2,Bandit100,4,3.66,1.0,20,0,100,Pellet,Right,77,90,96,15,1.31,16.0,
2025-11-03 23:00:00,1.17.2,Bandit100,4,3.67,,20,0,100,Right,Right,77,91,96,16,,,0.1
2025-11-03 23:00:02,1.17.2,Bandit100,4,3.67,1.0,20,0,100,Pellet,Right,77,91,97,16,2.15,18.0,
2025-11-03 23:00:27,1.17.2,Bandit100,4,3.67,,20,0,100,Right,Right,77,92,97,17,,,0.06
2025-11-03 23:00:27,1.17.2,Bandit100,4,3.67,,20,0,100,RightDuringDispense,Right,77,92,97,17,,,0.09
2025-11-03 23:00:30,1.17.2,Bandit100,4,3.67,,20,0,100,RightDuringDispense,Right,77,92,97,17,,,0.18
2025-11-03 23:00:34,1.17.2,Bandit100,4,3.66,2.0,20,0,100,Pellet,Right,77,92,98,17,3.17,32.0,
2025-11-03 23:02:12,1.17.2,Bandit100,4,3.67,,20,0,100,Left,Right,78,92,98,18,,,0.03
2025-11-03 23:02:36,1.17.2,Bandit100,4,3.66,,20,0,100,Left,Right,79,92,98,18,,,0.01
2025-11-03 23:14:54,1.17.2,Bandit100,4,3.67,,20,0,100,Left,Right,80,92,98,18,,,0.07
2025-11-03 23:21:06,1.17.2,Bandit100,4,3.67,,20,0,100,Right,Right,80,93,98,18,,,0.16
2025-11-03 23:21:06,1.17.2,Bandit100,4,3.67,2.0,20,0,100,Pellet,Right,80,93,99,18,0.06,1232.0,
2025-11-03 23:21:25,1.17.2,Bandit100,4,3.67,,20,0,100,Right,Right,80,94,99,19,,,0.07
2025-11-03 23:21:27,1.17.2,Bandit100,4,3.67,1.0,20,0,100,Pellet,Right,80,94,100,19,0.95,21.0,
2025-11-03 23:21:46,1.17.2,Bandit100,4,3.67,,20,100,0,Right,Left,80,95,100,0,,,0.24
2025-11-03 23:29:36,1.17.2,Bandit100,4,3.67,,20,100,0,Left,Left,81,95,100,0,,,0.18
2025-11-03 23:29:40,1.17.2,Bandit100,4,3.66,2.0,20,100,0,Pellet,Left,81,95,101,0,1.19,493.0,
2025-11-03 23:32:00,1.17.2,Bandit100,4,3.66,,20,100,0,Right,Left,81,96,101,1,,,0.28
2025-11-03 23:34:50,1.17.2,Bandit100,4,3.66,,20,100,0,Left,Left,82,96,101,1,,,0.0
2025-11-03 23:35:17,1.17.2,Bandit100,4,3.65,1.0,20,100,0,Pellet,Left,82,96,102,1,26.29,337.0,
2025-11-03 23:36:54,1.17.2,Bandit100,4,3.66,,20,100,0,Right,Left,82,97,102,2,,,0.14
2025-11-03 23:43:53,1.17.2,Bandit100,4,3.66,,20,100,0,Left,Left,83,97,102,2,,,0.09
2025-11-03 23:43:56,1.17.2,Bandit100,4,3.65,1.0,20,100,0,Pellet,Left,83,97,103,2,2.03,519.0,
2025-11-04 00:01:18,1.17.2,Bandit100,4,3.65,,20,100,0,Left,Left,84,97,103,3,,,0.13
2025-11-04 00:01:21,1.17.2,Bandit100,4,3.63,1.0,20,100,0,Pellet,Left,84,97,104,3,2.09,1045.0,
2025-11-04 00:01:38,1.17.2,Bandit100,4,3.64,,20,100,0,Left,Left,85,97,104,4,,,0.26
2025-11-04 00:01:42,1.17.2,Bandit100,4,3.66,2.0,20,100,0,Pellet,Left,85,97,105,4,3.11,21.0,
2025-11-04 00:01:45,1.17.2,Bandit100,4,3.65,,20,100,0,Left,Left,86,97,105,5,,,0.01
2025-11-04 00:01:55,1.17.2,Bandit100,4,3.66,1.0,20,100,0,Pellet,Left,86,97,106,5,8.92,13.0,
2025-11-04 00:02:10,1.17.2,Bandit100,4,3.66,,20,100,0,Left,Left,87,97,106,6,,,0.13
2025-11-04 00:02:12,1.17.2,Bandit100,4,3.65,1.0,20,100,0,Pellet,Left,87,97,107,6,1.37,17.0,
2025-11-04 00:02:30,1.17.2,Bandit100,4,3.66,,20,100,0,Left,Left,88,97,107,7,,,0.12
2025-11-04 00:02:33,1.17.2,Bandit100,4,3.66,1.0,20,100,0,Pellet,Left,88,97,108,7,2.51,21.0,
2025-11-04 00:02:54,1.17.2,Bandit100,4,3.66,,20,100,0,Left,Left,89,97,108,8,,,0.38
2025-11-04 00:02:56,1.17.2,Bandit100,4,3.65,1.0,20,100,0,Pellet,Left,89,97,109,8,1.07,23.0,
2025-11-04 00:03:25,1.17.2,Bandit100,4,3.65,,20,100,0,Right,Left,89,98,109,9,,,0.11
2025-11-04 00:03:26,1.17.2,Bandit100,4,3.65,,20,100,0,RightinTimeout,Left,89,98,109,9,,,0.0
2025-11-04 00:03:27,1.17.2,Bandit100,4,3.66,,20,100,0,RightinTimeout,Left,89,98,109,9,,,0.0
2025-11-04 00:03:27,1.17.2,Bandit100,4,3.65,,20,100,0,RightinTimeout,Left,89,98,109,9,,,0.0
2025-11-04 00:03:28,1.17.2,Bandit100,4,3.67,,20,100,0,RightinTimeout,Left,89,98,109,9,,,0.0
2025-11-04 00:03:30,1.17.2,Bandit100,4,3.65,,20,100,0,LeftinTimeOut,Left,89,98,109,9,,,
2025-11-04 00:05:06,1.17.2,Bandit100,4,3.66,,20,100,0,Left,Left,90,98,109,9,,,0.19
2025-11-04 00:05:08,1.17.2,Bandit100,4,3.67,1.0,20,100,0,Pellet,Left,90,98,110,9,1.73,132.0,
2025-11-04 00:05:34,1.17.2,Bandit100,4,3.66,,20,100,0,Left,Left,91,98,110,10,,,0.19
2025-11-04 00:05:37,1.17.2,Bandit100,4,3.66,1.0,20,100,0,Pellet,Left,91,98,111,10,2.33,29.0,
2025-11-04 00:05:50,1.17.2,Bandit100,4,3.66,,20,100,0,Right,Left,91,99,111,11,,,0.06
2025-11-04 00:06:36,1.17.2,Bandit100,4,3.67,,20,100,0,Left,Left,92,99,111,11,,,0.03
2025-11-04 00:06:37,1.17.2,Bandit100,4,3.65,1.0,20,100,0,Pellet,Left,92,99,112,11,0.65,60.0,
2025-11-04 00:07:15,1.17.2,Bandit100,4,3.66,,20,100,0,Left,Left,93,99,112,12,,,0.18
2025-11-04 00:07:17,1.17.2,Bandit100,4,3.66,1.0,20,100,0,Pellet,Left,93,99,113,12,0.77,40.0,
2025-11-04 00:07:27,1.17.2,Bandit100,4,3.66,,20,100,0,Left,Left,94,99,113,13,,,0.16
2025-11-04 00:07:27,1.17.2,Bandit100,4,3.66,1.0,20,100,0,Pellet,Left,94,99,114,13,0.06,10.0,
2025-11-04 00:07:43,1.17.2,Bandit100,4,3.67,,20,100,0,Left,Left,95,99,114,14,,,0.19
2025-11-04 00:07:44,1.17.2,Bandit100,4,3.66,1.0,20,100,0,Pellet,Left,95,99,115,14,0.89,17.0,
2025-11-04 02:18:36,1.17.2,Bandit100,4,3.67,,20,100,0,Right,Left,95,100,115,15,,,0.07
2025-11-04 02:18:43,1.17.2,Bandit100,4,3.66,,20,100,0,RightinTimeout,Left,95,100,115,15,,,0.0
2025-11-04 02:18:48,1.17.2,Bandit100,4,3.66,,20,100,0,RightinTimeout,Left,95,100,115,15,,,0.0
2025-11-04 02:18:49,1.17.2,Bandit100,4,3.66,,20,100,0,RightinTimeout,Left,95,100,115,15,,,0.0
2025-11-04 02:18:49,1.17.2,Bandit100,4,3.66,,20,100,0,RightinTimeout,Left,95,100,115,15,,,0.0
2025-11-04 02:18:53,1.17.2,Bandit100,4,3.66,,20,100,0,LeftinTimeOut,Left,95,100,115,15,,,
2025-11-04 02:18:55,1.17.2,Bandit100,4,3.66,,20,100,0,LeftinTimeOut,Left,95,100,115,15,,,
2025-11-04 02:18:56,1.17.2,Bandit100,4,3.66,,20,100,0,LeftinTimeOut,Left,95,100,115,15,,,
2025-11-04 02:18:59,1.17.2,Bandit100,4,3.66,,20,100,0,RightinTimeout,Left,95,100,115,15,,,0.0
2025-11-04 02:19:00,1.17.2,Bandit100,4,3.67,,20,100,0,RightinTimeout,Left,95,100,115,15,,,0.0
2025-11-04 02:19:02,1.17.2,Bandit100,4,3.66,,20,100,0,RightinTimeout,Left,95,100,115,15,,,0.0
2025-11-04 02:19:02,1.17.2,Bandit100,4,3.66,,20,100,0,RightinTimeout,Left,95,100,115,15,,,0.0
2025-11-04 02:19:03,1.17.2,Bandit100,4,3.66,,20,100,0,RightinTimeout,Left,95,100,115,15,,,0.0
2025-11-04 02:19:03,1.17.2,Bandit100,4,3.66,,20,100,0,RightinTimeout,Left,95,100,115,15,,,0.0
2025-11-04 02:19:03,1.17.2,Bandit100,4,3.67,,20,100,0,RightinTimeout,Left,95,100,115,15,,,0.0
2025-11-04 02:19:04,1.17.2,Bandit100,4,3.66,,20,100,0,RightinTimeout,Left,95,100,115,15,,,0.0
2025-11-04 02:19:04,1.17.2,Bandit100,4,3.66,,20,100,0,RightinTimeout,Left,95,100,115,15,,,0.0
2025-11-04 02:19:07,1.17.2,Bandit100,4,3.66,,20,100,0,RightinTimeout,Left,95,100,115,15,,,0.0
2025-11-04 02:19:07,1.17.2,Bandit100,4,3.66,,20,100,0,RightinTimeout,Left,95,100,115,15,,,0.0
2025-11-04 02:19:11,1.17.2,Bandit100,4,3.66,,20,100,0,RightinTimeout,Left,95,100,115,15,,,0.0
2025-11-04 02:19:12,1.17.2,Bandit100,4,3.66,,20,100,0,RightinTimeout,Left,95,100,115,15,,,0.0
2025-11-04 02:19:12,1.17.2,Bandit100,4,3.66,,20,100,0,RightinTimeout,Left,95,100,115,15,,,0.0
2025-11-04 02:19:12,1.17.2,Bandit100,4,3.66,,20,100,0,RightinTimeout,Left,95,100,115,15,,,0.0
2025-11-04 02:19:14,1.17.2,Bandit100,4,3.67,,20,100,0,RightinTimeout,Left,95,100,115,15,,,0.0
2025-11-04 02:19:15,1.17.2,Bandit100,4,3.66,,20,100,0,RightinTimeout,Left,95,100,115,15,,,0.0
2025-11-04 02:20:14,1.17.2,Bandit100,4,3.66,,20,100,0,Left,Left,96,100,115,15,,,0.1
2025-11-04 02:20:17,1.17.2,Bandit100,4,3.67,1.0,20,100,0,Pellet,Left,96,100,116,15,1.55,7952.0,
2025-11-04 02:20:42,1.17.2,Bandit100,4,3.66,,20,100,0,Left,Left,97,100,116,16,,,0.2
2025-11-04 02:20:44,1.17.2,Bandit100,4,3.66,1.0,20,100,0,Pellet,Left,97,100,117,16,1.61,28.0,
2025-11-04 02:21:13,1.17.2,Bandit100,4,3.66,,20,100,0,Right,Left,97,101,117,17,,,0.04
2025-11-04 02:21:19,1.17.2,Bandit100,4,3.66,,20,100,0,RightinTimeout,Left,97,101,117,17,,,0.0
2025-11-04 02:21:19,1.17.2,Bandit100,4,3.66,,20,100,0,RightinTimeout,Left,97,101,117,17,,,0.0
2025-11-04 02:21:21,1.17.2,Bandit100,4,3.66,,20,100,0,LeftinTimeOut,Left,97,101,117,17,,,
2025-11-04 02:21:26,1.17.2,Bandit100,4,3.66,,20,100,0,RightinTimeout,Left,97,101,117,17,,,0.0
2025-11-04 02:21:28,1.17.2,Bandit100,4,3.67,,20,100,0,RightinTimeout,Left,97,101,117,17,,,0.0
2025-11-04 02:21:28,1.17.2,Bandit100,4,3.66,,20,100,0,RightinTimeout,Left,97,101,117,17,,,0.0
2025-11-04 02:21:29,1.17.2,Bandit100,4,3.67,,20,100,0,RightinTimeout,Left,97,101,117,17,,,0.0
2025-11-04 02:23:26,1.17.2,Bandit100,4,3.67,,20,100,0,Left,Left,98,101,117,17,,,0.02
2025-11-04 02:23:28,1.17.2,Bandit100,4,3.65,1.0,20,100,0,Pellet,Left,98,101,118,17,0.95,164.0,
2025-11-04 02:23:51,1.17.2,Bandit100,4,3.66,,20,100,0,Left,Left,99,101,118,18,,,0.44
2025-11-04 02:23:53,1.17.2,Bandit100,4,3.66,1.0,20,100,0,Pellet,Left,99,101,119,18,1.07,25.0,
2025-11-04 02:24:18,1.17.2,Bandit100,4,3.66,,20,100,0,Right,Left,99,102,119,19,,,0.19
2025-11-04 02:24:23,1.17.2,Bandit100,4,3.66,,20,100,0,RightinTimeout,Left,99,102,119,19,,,0.0
2025-11-04 02:24:23,1.17.2,Bandit100,4,3.66,,20,100,0,RightinTimeout,Left,99,102,119,19,,,0.0
2025-11-04 02:24:23,1.17.2,Bandit100,4,3.66,,20,100,0,RightinTimeout,Left,99,102,119,19,,,0.0
2025-11-04 02:24:24,1.17.2,Bandit100,4,3.66,,20,100,0,RightinTimeout,Left,99,102,119,19,,,0.0
2025-11-04 02:24:24,1.17.2,Bandit100,4,3.66,,20,100,0,RightinTimeout,Left,99,102,119,19,,,0.0
2025-11-04 02:24:26,1.17.2,Bandit100,4,3.66,,20,100,0,RightinTimeout,Left,99,102,119,19,,,0.0
2025-11-04 02:24:26,1.17.2,Bandit100,4,3.65,,20,100,0,RightinTimeout,Left,99,102,119,19,,,0.0
2025-11-04 02:24:27,1.17.2,Bandit100,4,3.66,,20,100,0,RightinTimeout,Left,99,102,119,19,,,0.0
2025-11-04 02:24:28,1.17.2,Bandit100,4,3.66,,20,100,0,RightinTimeout,Left,99,102,119,19,,,0.0
2025-11-04 02:24:28,1.17.2,Bandit100,4,3.66,,20,100,0,RightinTimeout,Left,99,102,119,19,,,0.0
2025-11-04 02:24:29,1.17.2,Bandit100,4,3.66,,20,100,0,RightinTimeout,Left,99,102,119,19,,,0.0
2025-11-04 02:24:33,1.17.2,Bandit100,4,3.66,,20,100,0,LeftinTimeOut,Left,99,102,119,19,,,
2025-11-04 02:24:37,1.17.2,Bandit100,4,3.67,,20,100,0,RightinTimeout,Left,99,102,119,19,,,0.0
2025-11-04 02:24:38,1.17.2,Bandit100,4,3.66,,20,100,0,RightinTimeout,Left,99,102,119,19,,,0.0
2025-11-04 02:24:38,1.17.2,Bandit100,4,3.66,,20,100,0,RightinTimeout,Left,99,102,119,19,,,0.0
2025-11-04 02:24:38,1.17.2,Bandit100,4,3.65,,20,100,0,RightinTimeout,Left,99,102,119,19,,,0.0
2025-11-04 02:24:39,1.17.2,Bandit100,4,3.66,,20,100,0,RightinTimeout,Left,99,102,119,19,,,0.0
2025-11-04 02:24:39,1.17.2,Bandit100,4,3.65,,20,100,0,RightinTimeout,Left,99,102,119,19,,,0.0
2025-11-04 02:24:40,1.17.2,Bandit100,4,3.65,,20,100,0,RightinTimeout,Left,99,102,119,19,,,0.0
2025-11-04 02:24:42,1.17.2,Bandit100,4,3.66,,20,100,0,RightinTimeout,Left,99,102,119,19,,,0.0
2025-11-04 02:24:42,1.17.2,Bandit100,4,3.65,,20,100,0,RightinTimeout,Left,99,102,119,19,,,0.0
2025-11-04 02:24:42,1.17.2,Bandit100,4,3.66,,20,100,0,RightinTimeout,Left,99,102,119,19,,,0.0
2025-11-04 02:24:42,1.17.2,Bandit100,4,3.66,,20,100,0,RightinTimeout,Left,99,102,119,19,,,0.0
2025-11-04 02:24:44,1.17.2,Bandit100,4,3.65,,20,100,0,RightinTimeout,Left,99,102,119,19,,,0.0
2025-11-04 02:24:46,1.17.2,Bandit100,4,3.66,,20,100,0,RightinTimeout,Left,99,102,119,19,,,0.0
2025-11-04 02:24:47,1.17.2,Bandit100,4,3.66,,20,100,0,RightinTimeout,Left,99,102,119,19,,,0.0
2025-11-04 02:24:50,1.17.2,Bandit100,4,3.66,,20,100,0,RightinTimeout,Left,99,102,119,19,,,0.0
2025-11-04 02:24:51,1.17.2,Bandit100,4,3.66,,20,100,0,RightinTimeout,Left,99,102,119,19,,,0.0
2025-11-04 02:24:51,1.17.2,Bandit100,4,3.66,,20,100,0,RightinTimeout,Left,99,102,119,19,,,0.0
2025-11-04 02:24:51,1.17.2,Bandit100,4,3.66,,20,100,0,RightinTimeout,Left,99,102,119,19,,,0.0
2025-11-04 02:24:56,1.17.2,Bandit100,4,3.65,,20,100,0,LeftinTimeOut,Left,99,102,119,19,,,
2025-11-04 02:24:56,1.17.2,Bandit100,4,3.66,,20,100,0,LeftinTimeOut,Left,99,102,119,19,,,
2025-11-04 02:24:59,1.17.2,Bandit100,4,3.66,,20,100,0,LeftinTimeOut,Left,99,102,119,19,,,
2025-11-04 02:25:01,1.17.2,Bandit100,4,3.66,,20,100,0,LeftinTimeOut,Left,99,102,119,19,,,
2025-11-04 02:25:12,1.17.2,Bandit100,4,3.66,,20,100,0,Left,Left,100,102,119,19,,,0.14
2025-11-04 02:25:14,1.17.2,Bandit100,4,3.65,2.0,20,100,0,Pellet,Left,100,102,120,19,0.06,81.0,
2025-11-04 02:25:22,1.17.2,Bandit100,4,3.65,,20,0,100,Left,Right,101,102,120,0,,,0.1
2025-11-04 02:25:24,1.17.2,Bandit100,4,3.65,,20,0,100,LeftinTimeOut,Right,101,102,120,0,,,
2025-11-04 02:25:32,1.17.2,Bandit100,4,3.65,,20,0,100,LeftinTimeOut,Right,101,102,120,0,,,
2025-11-04 02:25:33,1.17.2,Bandit100,4,3.65,,20,0,100,LeftinTimeOut,Right,101,102,120,0,,,
2025-11-04 02:28:15,1.17.2,Bandit100,4,3.65,,20,0,100,Right,Right,101,103,120,0,,,0.35
2025-11-04 02:28:17,1.17.2,Bandit100,4,3.66,1.0,20,0,100,Pellet,Right,101,103,121,0,1.31,183.0,
2025-11-04 02:28:38,1.17.2,Bandit100,4,3.66,,20,0,100,Right,Right,101,104,121,1,,,0.06
2025-11-04 02:28:39,1.17.2,Bandit100,4,3.66,,20,0,100,RightDuringDispense,Right,101,104,121,1,,,0.06
2025-11-04 02:28:44,1.17.2,Bandit100,4,3.66,2.0,20,0,100,Pellet,Right,101,104,122,1,2.68,27.0,
2025-11-04 02:29:04,1.17.2,Bandit100,4,3.66,,20,0,100,Right,Right,101,105,122,2,,,0.09
2025-11-04 02:29:06,1.17.2,Bandit100,4,3.65,1.0,20,0,100,Pellet,Right,101,105,123,2,1.19,22.0,
2025-11-04 02:29:34,1.17.2,Bandit100,4,3.65,,20,0,100,Right,Right,101,106,123,3,,,0.46
2025-11-04 02:29:36,1.17.2,Bandit100,4,3.66,1.0,20,0,100,Pellet,Right,101,106,124,3,1.73,30.0,
2025-11-04 02:29:55,1.17.2,Bandit100,4,3.65,,20,0,100,Right,Right,101,107,124,4,,,0.07
2025-11-04 02:29:58,1.17.2,Bandit100,4,3.67,1.0,20,0,100,Pellet,Right,101,107,125,4,2.09,22.0,
2025-11-04 02:30:17,1.17.2,Bandit100,4,3.66,,20,0,100,Right,Right,101,108,125,5,,,0.09
2025-11-04 02:30:20,1.17.2,Bandit100,4,3.66,2.0,20,0,100,Pellet,Right,101,108,126,5,1.79,22.0,
2025-11-04 02:30:51,1.17.2,Bandit100,4,3.67,,20,0,100,Right,Right,101,109,126,6,,,0.2
2025-11-04 02:30:54,1.17.2,Bandit100,4,3.66,1.0,20,0,100,Pellet,Right,101,109,127,6,2.15,34.0,
2025-11-04 02:31:10,1.17.2,Bandit100,4,3.66,,20,0,100,Right,Right,101,110,127,7,,,0.24
2025-11-04 02:31:11,1.17.2,Bandit100,4,3.66,1.0,20,0,100,Pellet,Right,101,110,128,7,0.06,17.0,
2025-11-04 02:31:27,1.17.2,Bandit100,4,3.66,,20,0,100,Left,Right,102,110,128,8,,,0.02
2025-11-04 02:31:29,1.17.2,Bandit100,4,3.66,,20,0,100,RightinTimeout,Right,102,110,128,8,,,0.0
2025-11-04 02:31:30,1.17.2,Bandit100,4,3.66,,20,0,100,RightinTimeout,Right,102,110,128,8,,,0.0
2025-11-04 02:38:00,1.17.2,Bandit100,4,3.65,,20,0,100,Right,Right,102,111,128,8,,,0.28
2025-11-04 02:38:02,1.17.2,Bandit100,4,3.65,1.0,20,0,100,Pellet,Right,102,111,129,8,1.07,411.0,
2025-11-04 02:38:18,1.17.2,Bandit100,4,3.66,,20,0,100,Right,Right,102,112,129,9,,,0.15
2025-11-04 02:38:20,1.17.2,Bandit100,4,3.66,1.0,20,0,100,Pellet,Right,102,112,130,9,0.83,18.0,
2025-11-04 02:58:43,1.17.2,Bandit100,4,3.67,,20,0,100,Left,Right,103,112,130,10,,,0.03
2025-11-04 02:58:46,1.17.2,Bandit100,4,3.66,,20,0,100,LeftinTimeOut,Right,103,112,130,10,,,
2025-11-04 03:04:18,1.17.2,Bandit100,4,3.66,,20,0,100,Right,Right,103,113,130,10,,,0.18
2025-11-04 03:04:20,1.17.2,Bandit100,4,3.66,1.0,20,0,100,Pellet,Right,103,113,131,10,1.31,1560.0,
2025-11-04 03:04:39,1.17.2,Bandit100,4,3.65,,20,0,100,Right,Right,103,114,131,11,,,0.17
2025-11-04 03:04:42,1.17.2,Bandit100,4,3.65,1.0,20,0,100,Pellet,Right,103,114,132,11,1.49,22.0,
2025-11-04 03:05:03,1.17.2,Bandit100,4,3.65,,20,0,100,Right,Right,103,115,132,12,,,0.17
2025-11-04 03:05:04,1.17.2,Bandit100,4,3.67,1.0,20,0,100,Pellet,Right,103,115,133,12,0.53,22.0,
2025-11-04 03:24:05,1.17.2,Bandit100,4,3.66,,20,0,100,Left,Right,104,115,133,13,,,0.25
2025-11-04 03:24:07,1.17.2,Bandit100,4,3.65,,20,0,100,RightinTimeout,Right,104,115,133,13,,,0.0
2025-11-04 03:24:08,1.17.2,Bandit100,4,3.66,,20,0,100,RightinTimeout,Right,104,115,133,13,,,0.0
2025-11-04 03:24:09,1.17.2,Bandit100,4,3.66,,20,0,100,RightinTimeout,Right,104,115,133,13,,,0.0
2025-11-04 03:24:09,1.17.2,Bandit100,4,3.67,,20,0,100,RightinTimeout,Right,104,115,133,13,,,0.0
2025-11-04 03:24:10,1.17.2,Bandit100,4,3.66,,20,0,100,RightinTimeout,Right,104,115,133,13,,,0.0
2025-11-04 03:24:10,1.17.2,Bandit100,4,3.67,,20,0,100,RightinTimeout,Right,104,115,133,13,,,0.0
2025-11-04 03:33:51,1.17.2,Bandit100,4,3.66,,20,0,100,Left,Right,105,115,133,13,,,0.18
2025-11-04 03:34:48,1.17.2,Bandit100,4,3.66,,20,0,100,Right,Right,105,116,133,13,,,0.11
2025-11-04 03:34:50,1.17.2,Bandit100,4,3.65,1.0,20,0,100,Pellet,Right,105,116,134,13,1.43,1786.0,
2025-11-04 03:35:11,1.17.2,Bandit100,4,3.66,,20,0,100,Right,Right,105,117,134,14,,,0.25
2025-11-04 03:35:13,1.17.2,Bandit100,4,3.66,1.0,20,0,100,Pellet,Right,105,117,135,14,1.37,23.0,
2025-11-04 03:36:56,1.17.2,Bandit100,4,3.66,,20,0,100,Right,Right,105,118,135,15,,,0.07
2025-11-04 03:36:58,1.17.2,Bandit100,4,3.66,1.0,20,0,100,Pellet,Right,105,118,136,15,1.31,105.0,
2025-11-04 03:37:29,1.17.2,Bandit100,4,3.66,,20,0,100,Right,Right,105,119,136,16,,,0.2
2025-11-04 03:37:31,1.17.2,Bandit100,4,3.65,1.0,20,0,100,Pellet,Right,105,119,137,16,0.95,33.0,
2025-11-04 03:37:58,1.17.2,Bandit100,4,3.66,,20,0,100,Right,Right,105,120,137,17,,,0.24
2025-11-04 03:38:02,1.17.2,Bandit100,4,3.66,1.0,20,0,100,Pellet,Right,105,120,138,17,2.57,31.0,
2025-11-04 03:38:17,1.17.2,Bandit100,4,3.66,,20,0,100,Right,Right,105,121,138,18,,,0.22
2025-11-04 03:38:21,1.17.2,Bandit100,4,3.66,2.0,20,0,100,Pellet,Right,105,121,139,18,2.21,19.0,
2025-11-04 03:38:38,1.17.2,Bandit100,4,3.66,,20,0,100,Right,Right,105,122,139,19,,,0.21
2025-11-04 03:38:42,1.17.2,Bandit100,4,3.65,1.0,20,0,100,Pellet,Right,105,122,140,19,3.77,21.0,
2025-11-04 03:38:59,1.17.2,Bandit100,4,3.66,,20,100,0,Right,Left,105,123,140,0,,,0.17
2025-11-04 03:39:02,1.17.2,Bandit100,4,3.66,,20,100,0,RightinTimeout,Left,105,123,140,0,,,0.0
2025-11-04 03:41:32,1.17.2,Bandit100,4,3.66,,20,100,0,Left,Left,106,123,140,0,,,0.04
2025-11-04 03:41:34,1.17.2,Bandit100,4,3.65,1.0,20,100,0,Pellet,Left,106,123,141,0,1.31,172.0,
2025-11-04 03:41:53,1.17.2,Bandit100,4,3.66,,20,100,0,Right,Left,106,124,141,1,,,0.0
2025-11-04 03:41:55,1.17.2,Bandit100,4,3.65,,20,100,0,RightinTimeout,Left,106,124,141,1,,,0.0
2025-11-04 03:41:56,1.17.2,Bandit100,4,3.65,,20,100,0,RightinTimeout,Left,106,124,141,1,,,0.0
2025-11-04 03:45:09,1.17.2,Bandit100,4,3.65,,20,100,0,Right,Left,106,125,141,1,,,0.1
2025-11-04 03:45:11,1.17.2,Bandit100,4,3.66,,20,100,0,RightinTimeout,Left,106,125,141,1,,,0.0
2025-11-04 03:45:12,1.17.2,Bandit100,4,3.66,,20,100,0,RightinTimeout,Left,106,125,141,1,,,0.0
2025-11-04 03:45:12,1.17.2,Bandit100,4,3.65,,20,100,0,RightinTimeout,Left,106,125,141,1,,,0.0
2025-11-04 03:49:56,1.17.2,Bandit100,4,3.65,,20,100,0,Right,Left,106,126,141,1,,,0.13
2025-11-04 04:01:51,1.17.2,Bandit100,4,3.65,,20,100,0,Right,Left,106,127,141,1,,,0.28
2025-11-04 04:01:55,1.17.2,Bandit100,4,3.65,,20,100,0,RightinTimeout,Left,106,127,141,1,,,0.0
2025-11-04 04:01:55,1.17.2,Bandit100,4,3.66,,20,100,0,RightinTimeout,Left,106,127,141,1,,,0.0
2025-11-04 04:01:55,1.17.2,Bandit100,4,3.65,,20,100,0,RightinTimeout,Left,106,127,141,1,,,0.0
2025-11-04 04:01:57,1.17.2,Bandit100,4,3.65,,20,100,0,RightinTimeout,Left,106,127,141,1,,,0.0
2025-11-04 04:01:58,1.17.2,Bandit100,4,3.65,,20,100,0,RightinTimeout,Left,106,127,141,1,,,0.0
2025-11-04 04:01:58,1.17.2,Bandit100,4,3.66,,20,100,0,RightinTimeout,Left,106,127,141,1,,,0.0
2025-11-04 04:02:03,1.17.2,Bandit100,4,3.66,,20,100,0,LeftinTimeOut,Left,106,127,141,1,,,
2025-11-04 04:02:24,1.17.2,Bandit100,4,3.66,,20,100,0,Right,Left,106,128,141,1,,,0.1
2025-11-04 04:02:26,1.17.2,Bandit100,4,3.66,,20,100,0,RightinTimeout,Left,106,128,141,1,,,0.0
2025-11-04 04:02:27,1.17.2,Bandit100,4,3.66,,20,100,0,RightinTimeout,Left,106,128,141,1,,,0.0
2025-11-04 04:02:33,1.17.2,Bandit100,4,3.66,,20,100,0,LeftinTimeOut,Left,106,128,141,1,,,
2025-11-04 04:05:29,1.17.2,Bandit100,4,3.66,,20,100,0,Left,Left,107,128,141,1,,,0.21
2025-11-04 04:05:31,1.17.2,Bandit100,4,3.66,2.0,20,100,0,Pellet,Left,107,128,142,1,1.07,1437.0,
2025-11-04 04:05:58,1.17.2,Bandit100,4,3.66,,20,100,0,Right,Left,107,129,142,2,,,0.49
2025-11-04 04:06:02,1.17.2,Bandit100,4,3.66,,20,100,0,RightinTimeout,Left,107,129,142,2,,,0.0
2025-11-04 04:10:10,1.17.2,Bandit100,4,3.66,,20,100,0,Right,Left,107,130,142,2,,,0.18
2025-11-04 04:10:12,1.17.2,Bandit100,4,3.66,,20,100,0,RightinTimeout,Left,107,130,142,2,,,0.0
2025-11-04 04:16:29,1.17.2,Bandit100,4,3.66,,20,100,0,Right,Left,107,131,142,2,,,0.1
2025-11-04 04:16:33,1.17.2,Bandit100,4,3.66,,20,100,0,RightinTimeout,Left,107,131,142,2,,,0.0
2025-11-04 04:23:45,1.17.2,Bandit100,4,3.66,,20,100,0,Right,Left,107,132,142,2,,,0.01
2025-11-04 04:23:47,1.17.2,Bandit100,4,3.65,,20,100,0,RightinTimeout,Left,107,132,142,2,,,0.0
2025-11-04 04:28:03,1.17.2,Bandit100,4,3.66,,20,100,0,Right,Left,107,133,142,2,,,0.0
2025-11-04 04:28:07,1.17.2,Bandit100,4,3.66,,20,100,0,LeftinTimeOut,Left,107,133,142,2,,,
2025-11-04 04:34:21,1.17.2,Bandit100,4,3.66,,20,100,0,Right,Left,107,134,142,2,,,0.19
2025-11-04 04:34:27,1.17.2,Bandit100,4,3.66,,20,100,0,RightinTimeout,Left,107,134,142,2,,,0.0
2025-11-04 04:34:27,1.17.2,Bandit100,4,3.66,,20,100,0,RightinTimeout,Left,107,134,142,2,,,0.0
2025-11-04 04:34:32,1.17.2,Bandit100,4,3.65,,20,100,0,RightinTimeout,Left,107,134,142,2,,,0.0
2025-11-04 04:34:33,1.17.2,Bandit100,4,3.66,,20,100,0,RightinTimeout,Left,107,134,142,2,,,0.0
2025-11-04 04:34:33,1.17.2,Bandit100,4,3.65,,20,100,0,RightinTimeout,Left,107,134,142,2,,,0.0
2025-11-04 04:44:57,1.17.2,Bandit100,4,3.66,,20,100,0,Left,Left,108,134,142,2,,,0.09
2025-11-04 04:44:59,1.17.2,Bandit100,4,3.66,1.0,20,100,0,Pellet,Left,108,134,143,2,1.01,2368.0,
2025-11-04 04:45:16,1.17.2,Bandit100,4,3.66,,20,100,0,Right,Left,108,135,143,3,,,0.12
2025-11-04 04:45:25,1.17.2,Bandit100,4,3.65,,20,100,0,RightinTimeout,Left,108,135,143,3,,,0.0
2025-11-04 04:45:34,1.17.2,Bandit100,4,3.65,,20,100,0,LeftinTimeOut,Left,108,135,143,3,,,
2025-11-04 04:46:37,1.17.2,Bandit100,4,3.65,,20,100,0,Right,Left,108,136,143,3,,,0.23
2025-11-04 04:46:40,1.17.2,Bandit100,4,3.65,,20,100,0,RightinTimeout,Left,108,136,143,3,,,0.0
2025-11-04 04:50:17,1.17.2,Bandit100,4,3.65,,20,100,0,Left,Left,109,136,143,3,,,0.27
2025-11-04 04:50:20,1.17.2,Bandit100,4,3.65,1.0,20,100,0,Pellet,Left,109,136,144,3,2.69,321.0,
2025-11-04 04:50:46,1.17.2,Bandit100,4,3.66,,20,100,0,Right,Left,109,137,144,4,,,0.17
2025-11-04 04:50:47,1.17.2,Bandit100,4,3.66,,20,100,0,RightinTimeout,Left,109,137,144,4,,,0.0
2025-11-04 04:50:49,1.17.2,Bandit100,4,3.66,,20,100,0,RightinTimeout,Left,109,137,144,4,,,0.0
2025-11-04 04:50:49,1.17.2,Bandit100,4,3.65,,20,100,0,RightinTimeout,Left,109,137,144,4,,,0.0
2025-11-04 04:50:52,1.17.2,Bandit100,4,3.66,,20,100,0,LeftinTimeOut,Left,109,137,144,4,,,
2025-11-04 04:50:54,1.17.2,Bandit100,4,3.66,,20,100,0,LeftinTimeOut,Left,109,137,144,4,,,
2025-11-04 04:53:18,1.17.2,Bandit100,4,3.66,,20,100,0,Left,Left,110,137,144,4,,,0.04
2025-11-04 04:53:18,1.17.2,Bandit100,4,3.65,1.0,20,100,0,Pellet,Left,110,137,145,4,0.06,178.0,
2025-11-04 04:53:50,1.17.2,Bandit100,4,3.66,,20,100,0,Right,Left,110,138,145,5,,,0.58
2025-11-04 04:56:19,1.17.2,Bandit100,4,3.66,,20,100,0,Left,Left,111,138,145,5,,,0.09
2025-11-04 04:56:25,1.17.2,Bandit100,4,3.65,2.0,20,100,0,Pellet,Left,111,138,146,5,3.59,187.0,
2025-11-04 04:56:59,1.17.2,Bandit100,4,3.66,,20,100,0,Right,Left,111,139,146,6,,,0.06
2025-11-04 04:57:00,1.17.2,Bandit100,4,3.65,,20,100,0,RightinTimeout,Left,111,139,146,6,,,0.0
2025-11-04 04:57:00,1.17.2,Bandit100,4,3.66,,20,100,0,RightinTimeout,Left,111,139,146,6,,,0.0
2025-11-04 04:57:12,1.17.2,Bandit100,4,3.66,,20,100,0,Right,Left,111,140,146,6,,,0.13
2025-11-04 04:57:12,1.17.2,Bandit100,4,3.66,,20,100,0,RightinTimeout,Left,111,140,146,6,,,0.0
2025-11-04 04:57:12,1.17.2,Bandit100,4,3.66,,20,100,0,RightinTimeout,Left,111,140,146,6,,,0.0
2025-11-04 04:57:13,1.17.2,Bandit100,4,3.65,,20,100,0,RightinTimeout,Left,111,140,146,6,,,0.0
2025-11-04 04:57:15,1.17.2,Bandit100,4,3.66,,20,100,0,RightinTimeout,Left,111,140,146,6,,,0.0
2025-11-04 04:57:15,1.17.2,Bandit100,4,3.66,,20,100,0,RightinTimeout,Left,111,140,146,6,,,0.0
2025-11-04 04:57:19,1.17.2,Bandit100,4,3.66,,20,100,0,LeftinTimeOut,Left,111,140,146,6,,,
2025-11-04 04:57:20,1.17.2,Bandit100,4,3.66,,20,100,0,LeftinTimeOut,Left,111,140,146,6,,,
2025-11-04 05:02:52,1.17.2,Bandit100,4,3.66,,20,100,0,Right,Left,111,141,146,6,,,0.05
2025-11-04 05:02:52,1.17.2,Bandit100,4,3.66,,20,100,0,RightinTimeout,Left,111,141,146,6,,,0.0
2025-11-04 05:11:18,1.17.2,Bandit100,4,3.65,,20,100,0,Left,Left,112,141,146,6,,,0.01
2025-11-04 05:11:21,1.17.2,Bandit100,4,3.65,1.0,20,100,0,Pellet,Left,112,141,147,6,2.08,896.0,
2025-11-04 05:11:38,1.17.2,Bandit100,4,3.65,,20,100,0,Right,Left,112,142,147,7,,,0.17
2025-11-04 05:11:42,1.17.2,Bandit100,4,3.65,,20,100,0,LeftinTimeOut,Left,112,142,147,7,,,
2025-11-04 05:11:44,1.17.2,Bandit100,4,3.65,,20,100,0,RightinTimeout,Left,112,142,147,7,,,0.0
2025-11-04 05:11:45,1.17.2,Bandit100,4,3.66,,20,100,0,RightinTimeout,Left,112,142,147,7,,,0.0
2025-11-04 05:11:45,1.17.2,Bandit100,4,3.65,,20,100,0,RightinTimeout,Left,112,142,147,7,,,0.0
2025-11-04 05:11:45,1.17.2,Bandit100,4,3.66,,20,100,0,RightinTimeout,Left,112,142,147,7,,,0.0
2025-11-04 05:11:50,1.17.2,Bandit100,4,3.66,,20,100,0,RightinTimeout,Left,112,142,147,7,,,0.0
2025-11-04 05:13:08,1.17.2,Bandit100,4,3.66,,20,100,0,Left,Left,113,142,147,7,,,0.16
2025-11-04 05:13:10,1.17.2,Bandit100,4,3.65,1.0,20,100,0,Pellet,Left,113,142,148,7,1.37,109.0,
2025-11-04 05:13:52,1.17.2,Bandit100,4,3.66,,20,100,0,Right,Left,113,143,148,8,,,0.5
2025-11-04 05:13:56,1.17.2,Bandit100,4,3.65,,20,100,0,RightinTimeout,Left,113,143,148,8,,,0.0
2025-11-04 05:13:58,1.17.2,Bandit100,4,3.65,,20,100,0,RightinTimeout,Left,113,143,148,8,,,0.0
2025-11-04 05:13:58,1.17.2,Bandit100,4,3.66,,20,100,0,RightinTimeout,Left,113,143,148,8,,,0.0
2025-11-04 05:22:27,1.17.2,Bandit100,4,3.66,,20,100,0,Left,Left,114,143,148,8,,,0.18
2025-11-04 05:22:29,1.17.2,Bandit100,4,3.65,1.0,20,100,0,Pellet,Left,114,143,149,8,0.89,559.0,
2025-11-04 05:22:51,1.17.2,Bandit100,4,3.65,,20,100,0,Right,Left,114,144,149,9,,,0.24
2025-11-04 05:22:53,1.17.2,Bandit100,4,3.65,,20,100,0,RightinTimeout,Left,114,144,149,9,,,0.0
2025-11-04 05:22:53,1.17.2,Bandit100,4,3.65,,20,100,0,RightinTimeout,Left,114,144,149,9,,,0.0
2025-11-04 05:23:59,1.17.2,Bandit100,4,3.66,,20,100,0,Left,Left,115,144,149,9,,,0.12
2025-11-04 05:24:01,1.17.2,Bandit100,4,3.66,1.0,20,100,0,Pellet,Left,115,144,150,9,1.73,92.0,
2025-11-04 07:10:18,1.17.2,Bandit100,4,3.66,,20,100,0,Left,Left,116,144,150,10,,,0.28
2025-11-04 07:10:20,1.17.2,Bandit100,4,3.66,1.0,20,100,0,Pellet,Left,116,144,151,10,1.91,6379.0,
2025-11-04 07:10:36,1.17.2,Bandit100,4,3.65,,20,100,0,Right,Left,116,145,151,11,,,0.55
2025-11-04 07:10:42,1.17.2,Bandit100,4,3.65,,20,100,0,LeftinTimeOut,Left,116,145,151,11,,,
2025-11-04 08:38:12,1.17.2,Bandit100,4,3.65,,20,100,0,Left,Left,117,145,151,11,,,0.24
2025-11-04 08:38:13,1.17.2,Bandit100,4,3.65,1.0,20,100,0,Pellet,Left,117,145,152,11,0.77,5273.0,
2025-11-04 08:38:34,1.17.2,Bandit100,4,3.66,,20,100,0,Left,Left,118,145,152,12,,,0.19
2025-11-04 08:38:39,1.17.2,Bandit100,4,3.65,2.0,20,100,0,Pellet,Left,118,145,153,12,2.21,26.0,
2025-11-04 08:38:58,1.17.2,Bandit100,4,3.65,,20,100,0,Right,Left,118,146,153,13,,,0.06
2025-11-04 08:39:01,1.17.2,Bandit100,4,3.65,,20,100,0,RightinTimeout,Left,118,146,153,13,,,0.0
2025-11-04 08:39:01,1.17.2,Bandit100,4,3.65,,20,100,0,RightinTimeout,Left,118,146,153,13,,,0.0
2025-11-04 08:39:01,1.17.2,Bandit100,4,3.65,,20,100,0,RightinTimeout,Left,118,146,153,13,,,0.0
2025-11-04 08:39:02,1.17.2,Bandit100,4,3.65,,20,100,0,RightinTimeout,Left,118,146,153,13,,,0.0
2025-11-04 08:39:07,1.17.2,Bandit100,4,3.65,,20,100,0,LeftinTimeOut,Left,118,146,153,13,,,
2025-11-04 08:39:45,1.17.2,Bandit100,4,3.65,,20,100,0,Right,Left,118,147,153,13,,,0.14
2025-11-04 08:39:46,1.17.2,Bandit100,4,3.65,,20,100,0,RightinTimeout,Left,118,147,153,13,,,0.0
2025-11-04 08:39:46,1.17.2,Bandit100,4,3.65,,20,100,0,RightinTimeout,Left,118,147,153,13,,,0.0
2025-11-04 08:41:26,1.17.2,Bandit100,4,3.65,,20,100,0,Left,Left,119,147,153,13,,,0.25
2025-11-04 08:41:28,1.17.2,Bandit100,4,3.65,1.0,20,100,0,Pellet,Left,119,147,154,13,0.77,169.0,
2025-11-04 08:41:43,1.17.2,Bandit100,4,3.65,,20,100,0,Left,Left,120,147,154,14,,,0.44
2025-11-04 08:41:44,1.17.2,Bandit100,4,3.65,1.0,20,100,0,Pellet,Left,120,147,155,14,0.06,15.0,
2025-11-04 08:41:56,1.17.2,Bandit100,4,3.64,,20,100,0,Left,Left,121,147,155,15,,,0.09
2025-11-04 08:41:58,1.17.2,Bandit100,4,3.65,1.0,20,100,0,Pellet,Left,121,147,156,15,0.83,15.0,
2025-11-04 08:42:28,1.17.2,Bandit100,4,3.65,,20,100,0,Left,Left,122,147,156,16,,,0.21
2025-11-04 08:42:29,1.17.2,Bandit100,4,3.65,1.0,20,100,0,Pellet,Left,122,147,157,16,0.59,31.0,
2025-11-04 08:42:52,1.17.2,Bandit100,4,3.65,,20,100,0,Left,Left,123,147,157,17,,,0.02
2025-11-04 08:42:54,1.17.2,Bandit100,4,3.65,1.0,20,100,0,Pellet,Left,123,147,158,17,0.71,25.0,
2025-11-04 08:43:11,1.17.2,Bandit100,4,3.65,,20,100,0,Left,Left,124,147,158,18,,,0.29
2025-11-04 08:43:13,1.17.2,Bandit100,4,3.65,1.0,20,100,0,Pellet,Left,124,147,159,18,1.13,19.0,
2025-11-04 08:43:28,1.17.2,Bandit100,4,3.65,,20,100,0,Left,Left,125,147,159,19,,,0.1
2025-11-04 08:43:30,1.17.2,Bandit100,4,3.65,1.0,20,100,0,Pellet,Left,125,147,160,19,0.95,17.0,
2025-11-04 08:44:03,1.17.2,Bandit100,4,3.65,,20,0,100,Left,Right,126,147,160,0,,,0.14
2025-11-04 08:45:19,1.17.2,Bandit100,4,3.65,,20,0,100,Left,Right,127,147,160,0,,,0.15
2025-11-04 08:45:52,1.17.2,Bandit100,4,3.65,,20,0,100,Right,Right,127,148,160,0,,,0.13
2025-11-04 08:45:56,1.17.2,Bandit100,4,3.65,1.0,20,0,100,Pellet,Right,127,148,161,0,3.35,146.0,
2025-11-04 08:46:11,1.17.2,Bandit100,4,3.65,,20,0,100,Right,Right,127,149,161,1,,,0.06
2025-11-04 08:46:12,1.17.2,Bandit100,4,3.65,1.0,20,0,100,Pellet,Right,127,149,162,1,0.06,15.0,
2025-11-04 09:47:42,1.17.2,Bandit100,4,3.65,,20,0,100,Right,Right,127,150,162,2,,,0.02
2025-11-04 09:47:43,1.17.2,Bandit100,4,3.65,1.0,20,0,100,Pellet,Right,127,150,163,2,0.11,3692.0,
2025-11-04 11:32:34,1.17.2,Bandit100,4,3.65,,20,0,100,Left,Right,128,150,163,3,,,0.23
2025-11-04 11:32:37,1.17.2,Bandit100,4,3.65,,20,0,100,LeftinTimeOut,Right,128,150,163,3,,,
2025-11-04 11:32:38,1.17.2,Bandit100,4,3.65,,20,0,100,LeftinTimeOut,Right,128,150,163,3,,,
2025-11-04 14:17:36,1.17.2,Bandit100,4,3.64,,20,0,100,Left,Right,129,150,163,3,,,0.04
2025-11-04 17:25:42,1.17.2,Bandit100,4,3.64,,20,0,100,Left,Right,130,150,163,3,,,0.34
2025-11-04 17:25:51,1.17.2,Bandit100,4,3.64,,20,0,100,RightinTimeout,Right,130,150,163,3,,,0.0
2025-11-04 17:25:53,1.17.2,Bandit100,4,3.64,,20,0,100,RightinTimeout,Right,130,150,163,3,,,0.0
2025-11-04 17:25:53,1.17.2,Bandit100,4,3.64,,20,0,100,RightinTimeout,Right,130,150,163,3,,,0.0
2025-11-04 17:25:58,1.17.2,Bandit100,4,3.64,,20,0,100,LeftinTimeOut,Right,130,150,163,3,,,
2025-11-04 17:26:00,1.17.2,Bandit100,4,3.64,,20,0,100,LeftinTimeOut,Right,130,150,163,3,,,
2025-11-04 18:07:11,1.17.2,Bandit100,4,3.65,,20,0,100,Left,Right,131,150,163,3,,,0.12
2025-11-04 18:07:15,1.17.2,Bandit100,4,3.64,,20,0,100,RightinTimeout,Right,131,150,163,3,,,0.0
2025-11-04 18:07:15,1.17.2,Bandit100,4,3.64,,20,0,100,RightinTimeout,Right,131,150,163,3,,,0.0
2025-11-04 18:07:18,1.17.2,Bandit100,4,3.65,,20,0,100,LeftinTimeOut,Right,131,150,163,3,,,
2025-11-04 18:07:21,1.17.2,Bandit100,4,3.64,,20,0,100,LeftinTimeOut,Right,131,150,163,3,,,
2025-11-04 18:07:22,1.17.2,Bandit100,4,3.64,,20,0,100,LeftinTimeOut,Right,131,150,163,3,,,
2025-11-04 18:07:24,1.17.2,Bandit100,4,3.64,,20,0,100,LeftinTimeOut,Right,131,150,163,3,,,
2025-11-04 18:07:27,1.17.2,Bandit100,4,3.64,,20,0,100,LeftinTimeOut,Right,131,150,163,3,,,
2025-11-04 18:07:29,1.17.2,Bandit100,4,3.64,,20,0,100,LeftinTimeOut,Right,131,150,163,3,,,
2025-11-04 18:07:30,1.17.2,Bandit100,4,3.64,,20,0,100,LeftinTimeOut,Right,131,150,163,3,,,
2025-11-04 18:07:31,1.17.2,Bandit100,4,3.64,,20,0,100,LeftinTimeOut,Right,131,150,163,3,,,
2025-11-04 18:07:33,1.17.2,Bandit100,4,3.64,,20,0,100,LeftinTimeOut,Right,131,150,163,3,,,
2025-11-04 18:07:36,1.17.2,Bandit100,4,3.64,,20,0,100,RightinTimeout,Right,131,150,163,3,,,0.0
2025-11-04 18:07:37,1.17.2,Bandit100,4,3.64,,20,0,100,RightinTimeout,Right,131,150,163,3,,,0.0
2025-11-04 18:07:37,1.17.2,Bandit100,4,3.64,,20,0,100,RightinTimeout,Right,131,150,163,3,,,0.0
2025-11-04 18:07:37,1.17.2,Bandit100,4,3.64,,20,0,100,RightinTimeout,Right,131,150,163,3,,,0.0
2025-11-04 18:07:38,1.17.2,Bandit100,4,3.64,,20,0,100,RightinTimeout,Right,131,150,163,3,,,0.0
2025-11-04 18:07:40,1.17.2,Bandit100,4,3.64,,20,0,100,RightinTimeout,Right,131,150,163,3,,,0.0
2025-11-04 18:07:41,1.17.2,Bandit100,4,3.64,,20,0,100,RightinTimeout,Right,131,150,163,3,,,0.0
2025-11-04 18:07:43,1.17.2,Bandit100,4,3.64,,20,0,100,RightinTimeout,Right,131,150,163,3,,,0.0
2025-11-04 18:08:49,1.17.2,Bandit100,4,3.64,,20,0,100,Right,Right,131,151,163,3,,,0.13
2025-11-04 18:08:50,1.17.2,Bandit100,4,3.64,1.0,20,0,100,Pellet,Right,131,151,164,3,0.71,30067.0,
2025-11-04 18:09:09,1.17.2,Bandit100,4,3.64,,20,0,100,Left,Right,132,151,164,4,,,0.16
2025-11-04 18:09:17,1.17.2,Bandit100,4,3.64,,20,0,100,RightinTimeout,Right,132,151,164,4,,,0.0
2025-11-04 18:09:17,1.17.2,Bandit100,4,3.64,,20,0,100,RightinTimeout,Right,132,151,164,4,,,0.0
2025-11-04 18:09:17,1.17.2,Bandit100,4,3.64,,20,0,100,RightinTimeout,Right,132,151,164,4,,,0.0
2025-11-04 18:09:18,1.17.2,Bandit100,4,3.64,,20,0,100,RightinTimeout,Right,132,151,164,4,,,0.0
2025-11-04 18:09:18,1.17.2,Bandit100,4,3.64,,20,0,100,RightinTimeout,Right,132,151,164,4,,,0.0
2025-11-04 18:09:19,1.17.2,Bandit100,4,3.64,,20,0,100,RightinTimeout,Right,132,151,164,4,,,0.0
2025-11-04 18:09:22,1.17.2,Bandit100,4,3.64,,20,0,100,LeftinTimeOut,Right,132,151,164,4,,,
2025-11-04 18:09:23,1.17.2,Bandit100,4,3.64,,20,0,100,LeftinTimeOut,Right,132,151,164,4,,,
2025-11-04 18:09:23,1.17.2,Bandit100,4,3.64,,20,0,100,LeftinTimeOut,Right,132,151,164,4,,,
2025-11-04 18:09:24,1.17.2,Bandit100,4,3.64,,20,0,100,LeftinTimeOut,Right,132,151,164,4,,,
2025-11-04 18:09:25,1.17.2,Bandit100,4,3.64,,20,0,100,LeftinTimeOut,Right,132,151,164,4,,,
2025-11-04 18:09:26,1.17.2,Bandit100,4,3.64,,20,0,100,LeftinTimeOut,Right,132,151,164,4,,,
2025-11-04 18:09:27,1.17.2,Bandit100,4,3.64,,20,0,100,LeftinTimeOut,Right,132,151,164,4,,,
2025-11-04 18:09:28,1.17.2,Bandit100,4,3.64,,20,0,100,LeftinTimeOut,Right,132,151,164,4,,,
2025-11-04 18:09:31,1.17.2,Bandit100,4,3.64,,20,0,100,LeftinTimeOut,Right,132,151,164,4,,,
2025-11-04 18:09:31,1.17.2,Bandit100,4,3.64,,20,0,100,LeftinTimeOut,Right,132,151,164,4,,,
2025-11-04 18:09:32,1.17.2,Bandit100,4,3.64,,20,0,100,LeftinTimeOut,Right,132,151,164,4,,,
2025-11-04 18:09:36,1.17.2,Bandit100,4,3.64,,20,0,100,LeftinTimeOut,Right,132,151,164,4,,,
2025-11-04 18:09:37,1.17.2,Bandit100,4,3.64,,20,0,100,LeftinTimeOut,Right,132,151,164,4,,,
2025-11-04 18:09:39,1.17.2,Bandit100,4,3.64,,20,0,100,LeftinTimeOut,Right,132,151,164,4,,,
2025-11-04 18:09:39,1.17.2,Bandit100,4,3.64,,20,0,100,LeftinTimeOut,Right,132,151,164,4,,,
2025-11-04 18:09:40,1.17.2,Bandit100,4,3.64,,20,0,100,LeftinTimeOut,Right,132,151,164,4,,,
2025-11-04 18:09:42,1.17.2,Bandit100,4,3.64,,20,0,100,LeftinTimeOut,Right,132,151,164,4,,,
2025-11-04 18:09:43,1.17.2,Bandit100,4,3.64,,20,0,100,LeftinTimeOut,Right,132,151,164,4,,,
2025-11-04 18:09:44,1.17.2,Bandit100,4,3.65,,20,0,100,LeftinTimeOut,Right,132,151,164,4,,,
2025-11-04 18:09:45,1.17.2,Bandit100,4,3.64,,20,0,100,LeftinTimeOut,Right,132,151,164,4,,,
2025-11-04 18:09:47,1.17.2,Bandit100,4,3.65,,20,0,100,RightinTimeout,Right,132,151,164,4,,,0.0
2025-11-04 18:09:47,1.17.2,Bandit100,4,3.64,,20,0,100,RightinTimeout,Right,132,151,164,4,,,0.0
2025-11-04 18:09:47,1.17.2,Bandit100,4,3.64,,20,0,100,RightinTimeout,Right,132,151,164,4,,,0.0
2025-11-04 18:09:48,1.17.2,Bandit100,4,3.64,,20,0,100,RightinTimeout,Right,132,151,164,4,,,0.0
2025-11-04 18:09:48,1.17.2,Bandit100,4,3.64,,20,0,100,RightinTimeout,Right,132,151,164,4,,,0.0
2025-11-04 18:09:49,1.17.2,Bandit100,4,3.64,,20,0,100,RightinTimeout,Right,132,151,164,4,,,0.0
2025-11-04 18:09:49,1.17.2,Bandit100,4,3.64,,20,0,100,RightinTimeout,Right,132,151,164,4,,,0.0
2025-11-04 18:09:49,1.17.2,Bandit100,4,3.64,,20,0,100,RightinTimeout,Right,132,151,164,4,,,0.0
2025-11-04 18:09:49,1.17.2,Bandit100,4,3.64,,20,0,100,RightinTimeout,Right,132,151,164,4,,,0.0
2025-11-04 18:09:51,1.17.2,Bandit100,4,3.64,,20,0,100,RightinTimeout,Right,132,151,164,4,,,0.0
2025-11-04 18:09:51,1.17.2,Bandit100,4,3.64,,20,0,100,RightinTimeout,Right,132,151,164,4,,,0.0
2025-11-04 18:09:51,1.17.2,Bandit100,4,3.64,,20,0,100,RightinTimeout,Right,132,151,164,4,,,0.0
2025-11-04 18:09:58,1.17.2,Bandit100,4,3.64,,20,0,100,LeftinTimeOut,Right,132,151,164,4,,,
2025-11-04 18:09:59,1.17.2,Bandit100,4,3.65,,20,0,100,LeftinTimeOut,Right,132,151,164,4,,,
2025-11-04 18:09:59,1.17.2,Bandit100,4,3.64,,20,0,100,LeftinTimeOut,Right,132,151,164,4,,,
2025-11-04 18:10:00,1.17.2,Bandit100,4,3.65,,20,0,100,LeftinTimeOut,Right,132,151,164,4,,,
2025-11-04 18:10:00,1.17.2,Bandit100,4,3.64,,20,0,100,LeftinTimeOut,Right,132,151,164,4,,,
2025-11-04 18:10:03,1.17.2,Bandit100,4,3.65,,20,0,100,LeftinTimeOut,Right,132,151,164,4,,,
2025-11-04 18:10:03,1.17.2,Bandit100,4,3.64,,20,0,100,LeftinTimeOut,Right,132,151,164,4,,,
2025-11-04 18:10:04,1.17.2,Bandit100,4,3.64,,20,0,100,LeftinTimeOut,Right,132,151,164,4,,,
2025-11-04 18:10:08,1.17.2,Bandit100,4,3.64,,20,0,100,LeftinTimeOut,Right,132,151,164,4,,,
2025-11-04 18:10:11,1.17.2,Bandit100,4,3.65,,20,0,100,LeftinTimeOut,Right,132,151,164,4,,,
2025-11-04 18:10:14,1.17.2,Bandit100,4,3.64,,20,0,100,LeftinTimeOut,Right,132,151,164,4,,,
2025-11-04 18:13:06,1.17.2,Bandit100,4,3.64,,20,0,100,Left,Right,133,151,164,4,,,0.05
2025-11-04 18:13:07,1.17.2,Bandit100,4,3.63,,20,0,100,LeftinTimeOut,Right,133,151,164,4,,,
2025-11-04 18:13:18,1.17.2,Bandit100,4,3.64,,20,0,100,Right,Right,133,152,164,4,,,0.24
2025-11-04 18:13:21,1.17.2,Bandit100,4,3.64,1.0,20,0,100,Pellet,Right,133,152,165,4,2.39,271.0,
2025-11-04 18:13:32,1.17.2,Bandit100,4,3.64,,20,0,100,Left,Right,134,152,165,5,,,0.09
2025-11-04 18:13:35,1.17.2,Bandit100,4,3.64,,20,0,100,LeftinTimeOut,Right,134,152,165,5,,,
2025-11-04 18:13:36,1.17.2,Bandit100,4,3.65,,20,0,100,LeftinTimeOut,Right,134,152,165,5,,,
2025-11-04 18:13:38,1.17.2,Bandit100,4,3.64,,20,0,100,LeftinTimeOut,Right,134,152,165,5,,,
2025-11-04 18:13:41,1.17.2,Bandit100,4,3.64,,20,0,100,RightinTimeout,Right,134,152,165,5,,,0.0
2025-11-04 18:13:42,1.17.2,Bandit100,4,3.64,,20,0,100,RightinTimeout,Right,134,152,165,5,,,0.0
2025-11-04 18:13:42,1.17.2,Bandit100,4,3.64,,20,0,100,RightinTimeout,Right,134,152,165,5,,,0.0
2025-11-04 18:16:50,1.17.2,Bandit100,4,3.64,,20,0,100,Right,Right,134,153,165,5,,,0.14
2025-11-04 18:16:52,1.17.2,Bandit100,4,3.64,1.0,20,0,100,Pellet,Right,134,153,166,5,1.43,211.0,
2025-11-04 18:17:11,1.17.2,Bandit100,4,3.64,,20,0,100,Right,Right,134,154,166,6,,,0.03
2025-11-04 18:17:14,1.17.2,Bandit100,4,3.64,2.0,20,0,100,Pellet,Right,134,154,167,6,1.67,22.0,
2025-11-04 18:17:42,1.17.2,Bandit100,4,3.64,,20,0,100,Right,Right,134,155,167,7,,,0.05
2025-11-04 18:17:43,1.17.2,Bandit100,4,3.64,1.0,20,0,100,Pellet,Right,134,155,168,7,0.71,29.0,
2025-11-04 18:18:06,1.17.2,Bandit100,4,3.64,,20,0,100,Right,Right,134,156,168,8,,,0.26
2025-11-04 18:18:08,1.17.2,Bandit100,4,3.64,1.0,20,0,100,Pellet,Right,134,156,169,8,0.77,25.0,
2025-11-04 18:18:20,1.17.2,Bandit100,4,3.64,,20,0,100,Right,Right,134,157,169,9,,,0.0
2025-11-04 18:18:23,1.17.2,Bandit100,4,3.64,2.0,20,0,100,Pellet,Right,134,157,170,9,0.47,15.0,
2025-11-04 18:19:00,1.17.2,Bandit100,4,3.64,,20,0,100,Right,Right,134,158,170,10,,,0.3
2025-11-04 18:19:02,1.17.2,Bandit100,4,3.64,1.0,20,0,100,Pellet,Right,134,158,171,10,0.95,39.0,
2025-11-04 18:19:25,1.17.2,Bandit100,4,3.64,,20,0,100,Right,Right,134,159,171,11,,,0.32
2025-11-04 18:19:26,1.17.2,Bandit100,4,3.64,1.0,20,0,100,Pellet,Right,134,159,172,11,0.65,24.0,
2025-11-04 18:21:03,1.17.2,Bandit100,4,3.64,,20,0,100,Right,Right,134,160,172,12,,,0.1
2025-11-04 18:21:07,1.17.2,Bandit100,4,3.63,2.0,20,0,100,Pellet,Right,134,160,173,12,1.19,101.0,
2025-11-04 18:21:31,1.17.2,Bandit100,4,3.64,,20,0,100,Right,Right,134,161,173,13,,,0.08
2025-11-04 18:21:33,1.17.2,Bandit100,4,3.64,1.0,20,0,100,Pellet,Right,134,161,174,13,0.47,26.0,
2025-11-04 18:21:52,1.17.2,Bandit100,4,3.64,,20,0,100,Right,Right,134,162,174,14,,,0.13
2025-11-04 18:21:54,1.17.2,Bandit100,4,3.64,1.0,20,0,100,Pellet,Right,134,162,175,14,0.71,21.0,
2025-11-04 18:23:44,1.17.2,Bandit100,4,3.64,,20,0,100,Right,Right,134,163,175,15,,,0.33
2025-11-04 18:23:45,1.17.2,Bandit100,4,3.64,1.0,20,0,100,Pellet,Right,134,163,176,15,0.89,111.0,
2025-11-04 18:25:23,1.17.2,Bandit100,4,3.64,,20,0,100,Left,Right,135,163,176,16,,,0.11
2025-11-04 18:25:24,1.17.2,Bandit100,4,3.64,,20,0,100,LeftinTimeOut,Right,135,163,176,16,,,
2025-11-04 18:26:55,1.17.2,Bandit100,4,3.64,,20,0,100,Left,Right,136,163,176,16,,,0.37
2025-11-04 18:46:00,1.17.2,Bandit100,4,3.64,,20,0,100,Left,Right,137,163,176,16,,,0.03
2025-11-04 18:47:00,1.17.2,Bandit100,4,3.63,,20,0,100,Right,Right,137,164,176,16,,,0.08
2025-11-04 18:47:01,1.17.2,Bandit100,4,3.64,1.0,20,0,100,Pellet,Right,137,164,177,16,0.47,1396.0,
2025-11-04 18:47:14,1.17.2,Bandit100,4,3.64,,20,0,100,Right,Right,137,165,177,17,,,0.19
2025-11-04 18:47:15,1.17.2,Bandit100,4,3.64,1.0,20,0,100,Pellet,Right,137,165,178,17,0.71,14.0,
2025-11-04 18:47:30,1.17.2,Bandit100,4,3.64,,20,0,100,Right,Right,137,166,178,18,,,0.17
2025-11-04 18:47:31,1.17.2,Bandit100,4,3.64,1.0,20,0,100,Pellet,Right,137,166,179,18,0.41,16.0,
2025-11-04 18:47:43,1.17.2,Bandit100,4,3.64,,20,0,100,Right,Right,137,167,179,19,,,0.17
2025-11-04 18:47:48,1.17.2,Bandit100,4,3.64,2.0,20,0,100,Pellet,Right,137,167,180,19,1.97,17.0,
2025-11-04 18:47:55,1.17.2,Bandit100,4,3.64,,20,100,0,Right,Left,137,168,180,0,,,0.15
2025-11-04 18:47:56,1.17.2,Bandit100,4,3.64,,20,100,0,RightinTimeout,Left,137,168,180,0,,,0.0
2025-11-04 18:47:59,1.17.2,Bandit100,4,3.64,,20,100,0,RightinTimeout,Left,137,168,180,0,,,0.0
2025-11-04 18:58:33,1.17.2,Bandit100,4,3.64,,20,100,0,Left,Left,138,168,180,0,,,0.0
2025-11-04 18:58:34,1.17.2,Bandit100,4,3.64,1.0,20,100,0,Pellet,Left,138,168,181,0,0.06,646.0,
2025-11-04 18:58:49,1.17.2,Bandit100,4,3.64,,20,100,0,Left,Left,139,168,181,1,,,0.21
2025-11-04 18:58:50,1.17.2,Bandit100,4,3.64,1.0,20,100,0,Pellet,Left,139,168,182,1,0.59,16.0,
2025-11-04 18:59:02,1.17.2,Bandit100,4,3.64,,20,100,0,Left,Left,140,168,182,2,,,0.35
2025-11-04 18:59:04,1.17.2,Bandit100,4,3.64,1.0,20,100,0,Pellet,Left,140,168,183,2,1.37,14.0,
2025-11-04 18:59:55,1.17.2,Bandit100,4,3.64,,20,100,0,Left,Left,141,168,183,3,,,0.22
2025-11-04 18:59:56,1.17.2,Bandit100,4,3.64,1.0,20,100,0,Pellet,Left,141,168,184,3,0.47,52.0,
2025-11-04 19:00:03,1.17.2,Bandit100,4,3.64,,20,100,0,Left,Left,142,168,184,4,,,0.0
2025-11-04 19:00:06,1.17.2,Bandit100,4,3.64,1.0,20,100,0,Pellet,Left,142,168,185,4,2.03,10.0,
2025-11-04 19:07:51,1.17.2,Bandit100,4,3.64,,20,100,0,Left,Left,143,168,185,5,,,0.06
2025-11-04 19:07:53,1.17.2,Bandit100,4,3.64,1.0,20,100,0,Pellet,Left,143,168,186,5,0.65,467.0,
2025-11-04 19:10:08,1.17.2,Bandit100,4,3.64,,20,100,0,Left,Left,144,168,186,6,,,0.23
2025-11-04 19:10:09,1.17.2,Bandit100,4,3.62,1.0,20,100,0,Pellet,Left,144,168,187,6,0.41,136.0,
2025-11-04 19:10:49,1.17.2,Bandit100,4,3.62,,20,100,0,Left,Left,145,168,187,7,,,0.2
2025-11-04 19:10:52,1.17.2,Bandit100,4,3.64,1.0,20,100,0,Pellet,Left,145,168,188,7,1.97,43.0,
2025-11-04 19:18:06,1.17.2,Bandit100,4,3.64,,20,100,0,Left,Left,146,168,188,8,,,0.16
2025-11-04 19:18:08,1.17.2,Bandit100,4,3.64,1.0,20,100,0,Pellet,Left,146,168,189,8,0.95,436.0,
2025-11-04 19:19:01,1.17.2,Bandit100,4,3.64,,20,100,0,Left,Left,147,168,189,9,,,0.14
2025-11-04 19:19:03,1.17.2,Bandit100,4,3.64,1.0,20,100,0,Pellet,Left,147,168,190,9,0.59,55.0,
2025-11-04 19:19:15,1.17.2,Bandit100,4,3.63,,20,100,0,Left,Left,148,168,190,10,,,0.07
2025-11-04 19:19:16,1.17.2,Bandit100,4,3.63,1.0,20,100,0,Pellet,Left,148,168,191,10,0.35,13.0,
2025-11-04 19:19:34,1.17.2,Bandit100,4,3.64,,20,100,0,Left,Left,149,168,191,11,,,0.11
2025-11-04 19:19:35,1.17.2,Bandit100,4,3.64,1.0,20,100,0,Pellet,Left,149,168,192,11,0.71,19.0,
2025-11-04 19:19:58,1.17.2,Bandit100,4,3.64,,20,100,0,Left,Left,150,168,192,12,,,0.15
2025-11-04 19:19:59,1.17.2,Bandit100,4,3.63,2.0,20,100,0,Pellet,Left,150,168,193,12,0.41,24.0,
2025-11-04 19:20:22,1.17.2,Bandit100,4,3.64,,20,100,0,Left,Left,151,168,193,13,,,0.11
2025-11-04 19:20:22,1.17.2,Bandit100,4,3.64,,20,100,0,LeftDuringDispense,Left,151,168,193,13,,,0.03
2025-11-04 19:20:26,1.17.2,Bandit100,4,3.64,3.0,20,100,0,Pellet,Left,151,168,194,13,0.06,27.0,
2025-11-04 19:20:39,1.17.2,Bandit100,4,3.64,,20,100,0,Left,Left,152,168,194,14,,,0.15
2025-11-04 19:20:40,1.17.2,Bandit100,4,3.64,1.0,20,100,0,Pellet,Left,152,168,195,14,0.65,14.0,
2025-11-04 19:20:57,1.17.2,Bandit100,4,3.64,,20,100,0,Left,Left,153,168,195,15,,,0.18
2025-11-04 19:21:02,1.17.2,Bandit100,4,3.64,2.0,20,100,0,Pellet,Left,153,168,196,15,2.03,22.0,
2025-11-04 19:21:33,1.17.2,Bandit100,4,3.64,,20,100,0,Left,Left,154,168,196,16,,,0.27
2025-11-04 19:21:34,1.17.2,Bandit100,4,3.64,1.0,20,100,0,Pellet,Left,154,168,197,16,0.06,32.0,
2025-11-04 19:21:39,1.17.2,Bandit100,4,3.64,,20,100,0,Left,Left,155,168,197,17,,,0.14
2025-11-04 19:21:40,1.17.2,Bandit100,4,3.64,1.0,20,100,0,Pellet,Left,155,168,198,17,0.59,6.0,
2025-11-04 19:21:46,1.17.2,Bandit100,4,3.64,,20,100,0,Left,Left,156,168,198,18,,,0.0
2025-11-04 19:21:48,1.17.2,Bandit100,4,3.64,1.0,20,100,0,Pellet,Left,156,168,199,18,0.65,8.0,
2025-11-04 19:22:09,1.17.2,Bandit100,4,3.64,,20,100,0,Left,Left,157,168,199,19,,,0.17
2025-11-04 19:22:10,1.17.2,Bandit100,4,3.64,1.0,20,100,0,Pellet,Left,157,168,200,19,0.59,22.0,
2025-11-04 19:22:23,1.17.2,Bandit100,4,3.65,,20,0,100,Left,Right,158,168,200,0,,,0.05
2025-11-04 19:22:23,1.17.2,Bandit100,4,3.64,,20,0,100,LeftinTimeOut,Right,158,168,200,0,,,
2025-11-04 19:22:28,1.17.2,Bandit100,4,3.64,,20,0,100,LeftinTimeOut,Right,158,168,200,0,,,
2025-11-04 19:24:25,1.17.2,Bandit100,4,3.65,,20,0,100,Left,Right,159,168,200,0,,,0.02
2025-11-04 19:25:22,1.17.2,Bandit100,4,3.64,,20,0,100,Left,Right,160,168,200,0,,,0.15
2025-11-04 19:25:24,1.17.2,Bandit100,4,3.65,,20,0,100,LeftinTimeOut,Right,160,168,200,0,,,
2025-11-04 19:48:36,1.17.2,Bandit100,4,3.65,,20,0,100,Left,Right,161,168,200,0,,,0.12
2025-11-04 19:48:39,1.17.2,Bandit100,4,3.64,,20,0,100,LeftinTimeOut,Right,161,168,200,0,,,
2025-11-04 19:48:40,1.17.2,Bandit100,4,3.64,,20,0,100,LeftinTimeOut,Right,161,168,200,0,,,
2025-11-04 19:48:42,1.17.2,Bandit100,4,3.65,,20,0,100,LeftinTimeOut,Right,161,168,200,0,,,
2025-11-04 19:48:44,1.17.2,Bandit100,4,3.63,,20,0,100,LeftinTimeOut,Right,161,168,200,0,,,
2025-11-04 19:48:45,1.17.2,Bandit100,4,3.64,,20,0,100,LeftinTimeOut,Right,161,168,200,0,,,
2025-11-04 19:48:47,1.17.2,Bandit100,4,3.64,,20,0,100,LeftinTimeOut,Right,161,168,200,0,,,
2025-11-04 19:48:49,1.17.2,Bandit100,4,3.64,,20,0,100,LeftinTimeOut,Right,161,168,200,0,,,
2025-11-04 19:55:53,1.17.2,Bandit100,4,3.64,,20,0,100,Left,Right,162,168,200,0,,,0.0
2025-11-04 19:56:44,1.17.2,Bandit100,4,3.65,,20,0,100,Right,Right,162,169,200,0,,,0.15
2025-11-04 19:56:46,1.17.2,Bandit100,4,3.64,1.0,20,0,100,Pellet,Right,162,169,201,0,0.65,2076.0,
2025-11-04 19:56:57,1.17.2,Bandit100,4,3.64,,20,0,100,Right,Right,162,170,201,1,,,0.1
2025-11-04 19:56:59,1.17.2,Bandit100,4,3.64,1.0,20,0,100,Pellet,Right,162,170,202,1,0.71,13.0,
2025-11-04 19:57:10,1.17.2,Bandit100,4,3.64,,20,0,100,Right,Right,162,171,202,2,,,0.06
2025-11-04 19:57:11,1.17.2,Bandit100,4,3.64,1.0,20,0,100,Pellet,Right,162,171,203,2,0.47,12.0,
2025-11-04 19:57:40,1.17.2,Bandit100,4,3.64,,20,0,100,Right,Right,162,172,203,3,,,0.11
2025-11-04 19:57:41,1.17.2,Bandit100,4,3.64,1.0,20,0,100,Pellet,Right,162,172,204,3,0.59,30.0,
2025-11-04 19:57:52,1.17.2,Bandit100,4,3.64,,20,0,100,Right,Right,162,173,204,4,,,0.25
2025-11-04 19:57:54,1.17.2,Bandit100,4,3.65,1.0,20,0,100,Pellet,Right,162,173,205,4,0.53,13.0,
2025-11-04 19:58:04,1.17.2,Bandit100,4,3.64,,20,0,100,Right,Right,162,174,205,5,,,0.01
2025-11-04 19:58:05,1.17.2,Bandit100,4,3.64,1.0,20,0,100,Pellet,Right,162,174,206,5,0.06,11.0,
2025-11-04 19:58:19,1.17.2,Bandit100,4,3.64,,20,0,100,Right,Right,162,175,206,6,,,0.14
2025-11-04 19:58:20,1.17.2,Bandit100,4,3.64,2.0,20,0,100,Pellet,Right,162,175,207,6,0.41,15.0,
2025-11-04 19:58:35,1.17.2,Bandit100,4,3.64,,20,0,100,Right,Right,162,176,207,7,,,0.23
2025-11-04 19:58:36,1.17.2,Bandit100,4,3.64,1.0,20,0,100,Pellet,Right,162,176,208,7,0.71,16.0,
2025-11-04 19:58:49,1.17.2,Bandit100,4,3.64,,20,0,100,Right,Right,162,177,208,8,,,0.02
2025-11-04 19:58:53,1.17.2,Bandit100,4,3.64,2.0,20,0,100,Pellet,Right,162,177,209,8,0.71,17.0,
2025-11-04 19:59:04,1.17.2,Bandit100,4,3.64,,20,0,100,Right,Right,162,178,209,9,,,0.2
2025-11-04 19:59:06,1.17.2,Bandit100,4,3.64,1.0,20,0,100,Pellet,Right,162,178,210,9,0.59,13.0,
2025-11-04 19:59:55,1.17.2,Bandit100,4,3.65,,20,0,100,Left,Right,163,178,210,10,,,0.17
2025-11-04 20:05:47,1.17.2,Bandit100,4,3.64,,20,0,100,Right,Right,163,179,210,10,,,0.02
2025-11-04 20:05:51,1.17.2,Bandit100,4,3.64,1.0,20,0,100,Pellet,Right,163,179,211,10,2.93,405.0,
2025-11-04 20:06:09,1.17.2,Bandit100,4,3.64,,20,0,100,Right,Right,163,180,211,11,,,0.09
2025-11-04 20:06:10,1.17.2,Bandit100,4,3.65,1.0,20,0,100,Pellet,Right,163,180,212,11,0.59,19.0,
2025-11-04 20:06:32,1.17.2,Bandit100,4,3.65,,20,0,100,Right,Right,163,181,212,12,,,0.16
2025-11-04 20:06:33,1.17.2,Bandit100,4,3.64,1.0,20,0,100,Pellet,Right,163,181,213,12,0.59,23.0,
2025-11-04 20:06:47,1.17.2,Bandit100,4,3.64,,20,0,100,Right,Right,163,182,213,13,,,0.12
2025-11-04 20:06:48,1.17.2,Bandit100,4,3.64,1.0,20,0,100,Pellet,Right,163,182,214,13,0.59,15.0,
2025-11-04 20:14:50,1.17.2,Bandit100,4,3.64,,20,0,100,Left,Right,164,182,214,14,,,0.22
2025-11-04 20:22:05,1.17.2,Bandit100,4,3.64,,20,0,100,Right,Right,164,183,214,14,,,0.2
2025-11-04 20:22:06,1.17.2,Bandit100,4,3.64,1.0,20,0,100,Pellet,Right,164,183,215,14,0.59,918.0,
2025-11-04 20:22:20,1.17.2,Bandit100,4,3.64,,20,0,100,Right,Right,164,184,215,15,,,0.1
2025-11-04 20:22:21,1.17.2,Bandit100,4,3.64,1.0,20,0,100,Pellet,Right,164,184,216,15,0.47,15.0,
2025-11-04 20:22:44,1.17.2,Bandit100,4,3.64,,20,0,100,Right,Right,164,185,216,16,,,0.17
2025-11-04 20:22:46,1.17.2,Bandit100,4,3.64,1.0,20,0,100,Pellet,Right,164,185,217,16,0.47,25.0,
2025-11-04 20:23:01,1.17.2,Bandit100,4,3.64,,20,0,100,Right,Right,164,186,217,17,,,0.17
2025-11-04 20:23:01,1.17.2,Bandit100,4,3.65,1.0,20,0,100,Pellet,Right,164,186,218,17,0.06,15.0,
2025-11-04 20:23:10,1.17.2,Bandit100,4,3.64,,20,0,100,Right,Right,164,187,218,18,,,0.09
2025-11-04 20:23:14,1.17.2,Bandit100,4,3.64,2.0,20,0,100,Pellet,Right,164,187,219,18,0.77,13.0,
2025-11-04 20:32:28,1.17.2,Bandit100,4,3.64,,20,0,100,Right,Right,164,188,219,19,,,0.21
2025-11-04 20:32:30,1.17.2,Bandit100,4,3.64,1.0,20,0,100,Pellet,Right,164,188,220,19,0.95,556.0,
2025-11-04 20:34:23,1.17.2,Bandit100,4,3.64,,20,100,0,Right,Left,164,189,220,0,,,0.01
2025-11-04 20:34:25,1.17.2,Bandit100,4,3.64,,20,100,0,RightinTimeout,Left,164,189,220,0,,,0.0
2025-11-04 20:34:26,1.17.2,Bandit100,4,3.64,,20,100,0,RightinTimeout,Left,164,189,220,0,,,0.0
2025-11-04 20:34:26,1.17.2,Bandit100,4,3.64,,20,100,0,RightinTimeout,Left,164,189,220,0,,,0.0
2025-11-04 20:35:15,1.17.2,Bandit100,4,3.64,,20,100,0,Left,Left,165,189,220,0,,,0.04
2025-11-04 20:35:17,1.17.2,Bandit100,4,3.64,1.0,20,100,0,Pellet,Left,165,189,221,0,1.19,167.0,
2025-11-04 20:51:07,1.17.2,Bandit100,4,3.64,,20,100,0,Right,Left,165,190,221,1,,,0.2
2025-11-04 21:33:12,1.17.2,Bandit100,4,3.64,,20,100,0,Left,Left,166,190,221,1,,,0.0
2025-11-04 21:33:14,1.17.2,Bandit100,4,3.64,1.0,20,100,0,Pellet,Left,166,190,222,1,0.77,3477.0,
2025-11-04 21:33:34,1.17.2,Bandit100,4,3.64,,20,100,0,Left,Left,167,190,222,2,,,0.25
2025-11-04 21:33:35,1.17.2,Bandit100,4,3.64,1.0,20,100,0,Pellet,Left,167,190,223,2,0.47,21.0,
2025-11-04 21:33:46,1.17.2,Bandit100,4,3.64,,20,100,0,Left,Left,168,190,223,3,,,0.11
2025-11-04 21:33:49,1.17.2,Bandit100,4,3.64,1.0,20,100,0,Pellet,Left,168,190,224,3,2.21,14.0,
2025-11-04 21:43:54,1.17.2,Bandit100,4,3.64,,20,100,0,Left,Left,169,190,224,4,,,0.25
2025-11-04 21:43:57,1.17.2,Bandit100,4,3.64,1.0,20,100,0,Pellet,Left,169,190,225,4,1.73,608.0,
2025-11-04 21:44:09,1.17.2,Bandit100,4,3.64,,20,100,0,Left,Left,170,190,225,5,,,0.0
2025-11-04 21:44:15,1.17.2,Bandit100,4,3.64,2.0,20,100,0,Pellet,Left,170,190,226,5,3.11,18.0,
2025-11-04 21:44:20,1.17.2,Bandit100,4,3.64,,20,100,0,Left,Left,171,190,226,6,,,0.09
2025-11-04 21:44:21,1.17.2,Bandit100,4,3.64,1.0,20,100,0,Pellet,Left,171,190,227,6,0.53,6.0,
2025-11-04 21:44:41,1.17.2,Bandit100,4,3.64,,20,100,0,Left,Left,172,190,227,7,,,0.15
2025-11-04 21:44:42,1.17.2,Bandit100,4,3.64,1.0,20,100,0,Pellet,Left,172,190,228,7,0.41,21.0,
2025-11-04 21:45:08,1.17.2,Bandit100,4,3.64,,20,100,0,Left,Left,173,190,228,8,,,0.2
2025-11-04 21:45:09,1.17.2,Bandit100,4,3.64,1.0,20,100,0,Pellet,Left,173,190,229,8,0.59,27.0,
2025-11-04 21:45:19,1.17.2,Bandit100,4,3.65,,20,100,0,Left,Left,174,190,229,9,,,0.13
2025-11-04 21:45:20,1.17.2,Bandit100,4,3.64,1.0,20,100,0,Pellet,Left,174,190,230,9,0.11,11.0,
2025-11-04 21:45:27,1.17.2,Bandit100,4,3.64,,20,100,0,Left,Left,175,190,230,10,,,0.04
2025-11-04 21:45:29,1.17.2,Bandit100,4,3.64,1.0,20,100,0,Pellet,Left,175,190,231,10,0.53,9.0,
2025-11-04 21:45:50,1.17.2,Bandit100,4,3.65,,20,100,0,Left,Left,176,190,231,11,,,0.23
2025-11-04 21:45:51,1.17.2,Bandit100,4,3.64,1.0,20,100,0,Pellet,Left,176,190,232,11,0.41,22.0,
2025-11-04 21:46:04,1.17.2,Bandit100,4,3.64,,20,100,0,Left,Left,177,190,232,12,,,0.11
2025-11-04 21:46:08,1.17.2,Bandit100,4,3.64,2.0,20,100,0,Pellet,Left,177,190,233,12,0.47,17.0,
2025-11-04 21:49:40,1.17.2,Bandit100,4,3.64,,20,100,0,Right,Left,177,191,233,13,,,0.04
2025-11-04 21:50:44,1.17.2,Bandit100,4,3.64,,20,100,0,Left,Left,178,191,233,13,,,0.14
2025-11-04 21:50:45,1.17.2,Bandit100,4,3.64,1.0,20,100,0,Pellet,Left,178,191,234,13,0.59,277.0,
2025-11-04 21:50:54,1.17.2,Bandit100,4,3.64,,20,100,0,Left,Left,179,191,234,14,,,0.09
2025-11-04 21:50:56,1.17.2,Bandit100,4,3.64,1.0,20,100,0,Pellet,Left,179,191,235,14,0.47,11.0,
2025-11-04 21:51:03,1.17.2,Bandit100,4,3.64,,20,100,0,Left,Left,180,191,235,15,,,0.05
2025-11-04 21:51:05,1.17.2,Bandit100,4,3.64,1.0,20,100,0,Pellet,Left,180,191,236,15,0.65,8.0,
2025-11-04 21:51:17,1.17.2,Bandit100,4,3.64,,20,100,0,Left,Left,181,191,236,16,,,0.0
2025-11-04 21:51:18,1.17.2,Bandit100,4,3.64,1.0,20,100,0,Pellet,Left,181,191,237,16,0.65,14.0,
2025-11-04 21:51:30,1.17.2,Bandit100,4,3.64,,20,100,0,Left,Left,182,191,237,17,,,0.08
2025-11-04 21:51:31,1.17.2,Bandit100,4,3.64,1.0,20,100,0,Pellet,Left,182,191,238,17,0.53,13.0,
2025-11-04 21:51:51,1.17.2,Bandit100,4,3.63,,20,100,0,Left,Left,183,191,238,18,,,0.0
2025-11-04 21:51:53,1.17.2,Bandit100,4,3.64,1.0,20,100,0,Pellet,Left,183,191,239,18,1.55,22.0,
2025-11-04 21:52:11,1.17.2,Bandit100,4,3.64,,20,100,0,Left,Left,184,191,239,19,,,0.22
2025-11-04 21:52:14,1.17.2,Bandit100,4,3.64,3.0,20,100,0,Pellet,Left,184,191,240,19,0.06,21.0,
2025-11-04 21:58:00,1.17.2,Bandit100,4,3.64,,20,0,100,Right,Right,184,192,240,0,,,0.14
2025-11-04 21:58:02,1.17.2,Bandit100,4,3.64,1.0,20,0,100,Pellet,Right,184,192,241,0,0.95,348.0,
2025-11-04 22:03:01,1.17.2,Bandit100,4,3.64,,20,0,100,Left,Right,185,192,241,1,,,0.06
2025-11-04 22:09:36,1.17.2,Bandit100,4,3.64,,20,0,100,Left,Right,186,192,241,1,,,0.17
2025-11-04 22:10:01,1.17.2,Bandit100,4,3.64,,20,0,100,Right,Right,186,193,241,1,,,0.16
2025-11-04 22:10:03,1.17.2,Bandit100,4,3.64,1.0,20,0,100,Pellet,Right,186,193,242,1,0.59,721.0,
2025-11-04 22:10:16,1.17.2,Bandit100,4,3.64,,20,0,100,Right,Right,186,194,242,2,,,0.18
2025-11-04 22:10:18,1.17.2,Bandit100,4,3.64,1.0,20,0,100,Pellet,Right,186,194,243,2,0.47,15.0,
2025-11-04 22:18:48,1.17.2,Bandit100,4,3.64,,20,0,100,Left,Right,187,194,243,3,,,0.15
2025-11-04 22:31:14,1.17.2,Bandit100,4,3.64,,20,0,100,Left,Right,188,194,243,3,,,0.18
2025-11-04 22:31:16,1.17.2,Bandit100,4,3.64,,20,0,100,LeftinTimeOut,Right,188,194,243,3,,,
2025-11-04 22:33:25,1.17.2,Bandit100,4,3.64,,20,0,100,Right,Right,188,195,243,3,,,0.03
2025-11-04 22:33:27,1.17.2,Bandit100,4,3.64,1.0,20,0,100,Pellet,Right,188,195,244,3,1.13,1389.0,
2025-11-04 22:58:27,1.17.2,Bandit100,4,3.64,,20,0,100,Right,Right,188,196,244,4,,,0.2
2025-11-04 22:58:28,1.17.2,Bandit100,4,3.64,1.0,20,0,100,Pellet,Right,188,196,245,4,0.89,1501.0,
2025-11-04 22:58:37,1.17.2,Bandit100,4,3.64,,20,0,100,Right,Right,188,197,245,5,,,0.25
2025-11-04 22:58:38,1.17.2,Bandit100,4,3.64,1.0,20,0,100,Pellet,Right,188,197,246,5,0.06,10.0,
2025-11-04 22:58:47,1.17.2,Bandit100,4,3.64,,20,0,100,Right,Right,188,198,246,6,,,0.09
2025-11-04 22:58:50,1.17.2,Bandit100,4,3.63,2.0,20,0,100,Pellet,Right,188,198,247,6,0.12,12.0,
2025-11-04 22:58:56,1.17.2,Bandit100,4,3.62,,20,0,100,Right,Right,188,199,247,7,,,0.21
2025-11-04 22:58:57,1.17.2,Bandit100,4,3.6,,20,0,100,RightDuringDispense,Right,188,199,247,7,,,0.06
2025-11-04 22:59:00,1.17.2,Bandit100,4,3.64,3.0,20,0,100,Pellet,Right,188,199,248,7,0.06,10.0,
2025-11-04 22:59:30,1.17.2,Bandit100,4,3.64,,20,0,100,Right,Right,188,200,248,8,,,0.06
2025-11-04 22:59:31,1.17.2,Bandit100,4,3.64,1.0,20,0,100,Pellet,Right,188,200,249,8,0.47,31.0,
2025-11-04 22:59:41,1.17.2,Bandit100,4,3.64,,20,0,100,Right,Right,188,201,249,9,,,0.19
2025-11-04 22:59:43,1.17.2,Bandit100,4,3.64,2.0,20,0,100,Pellet,Right,188,201,250,9,0.41,12.0,
2025-11-04 23:01:36,1.17.2,Bandit100,4,3.64,,20,0,100,Right,Right,188,202,250,10,,,0.3
2025-11-04 23:01:38,1.17.2,Bandit100,4,3.64,1.0,20,0,100,Pellet,Right,188,202,251,10,0.77,115.0,
2025-11-04 23:01:53,1.17.2,Bandit100,4,3.64,,20,0,100,Right,Right,188,203,251,11,,,0.05
2025-11-04 23:01:54,1.17.2,Bandit100,4,3.64,1.0,20,0,100,Pellet,Right,188,203,252,11,0.35,16.0,
2025-11-04 23:02:10,1.17.2,Bandit100,4,3.64,,20,0,100,Right,Right,188,204,252,12,,,0.25
2025-11-04 23:02:11,1.17.2,Bandit100,4,3.64,1.0,20,0,100,Pellet,Right,188,204,253,12,0.41,17.0,
2025-11-04 23:02:33,1.17.2,Bandit100,4,3.64,,20,0,100,Right,Right,188,205,253,13,,,0.17
2025-11-04 23:02:37,1.17.2,Bandit100,4,3.63,2.0,20,0,100,Pellet,Right,188,205,254,13,0.71,26.0,
2025-11-04 23:03:00,1.17.2,Bandit100,4,3.63,,20,0,100,Right,Right,188,206,254,14,,,0.12
2025-11-04 23:03:01,1.17.2,Bandit100,4,3.62,1.0,20,0,100,Pellet,Right,188,206,255,14,0.53,24.0,
2025-11-04 23:03:15,1.17.2,Bandit100,4,3.62,,20,0,100,Right,Right,188,207,255,15,,,0.15
2025-11-04 23:03:16,1.17.2,Bandit100,4,3.64,1.0,20,0,100,Pellet,Right,188,207,256,15,0.59,15.0,
2025-11-04 23:03:41,1.17.2,Bandit100,4,3.65,,20,0,100,Right,Right,188,208,256,16,,,0.06
2025-11-04 23:03:41,1.17.2,Bandit100,4,3.64,,20,0,100,RightDuringDispense,Right,188,208,256,16,,,0.06
2025-11-04 23:03:45,1.17.2,Bandit100,4,3.64,2.0,20,0,100,Pellet,Right,188,208,257,16,0.77,29.0,
2025-11-04 23:03:54,1.17.2,Bandit100,4,3.64,,20,0,100,Right,Right,188,209,257,17,,,0.13
2025-11-04 23:03:55,1.17.2,Bandit100,4,3.62,1.0,20,0,100,Pellet,Right,188,209,258,17,0.47,10.0,
2025-11-04 23:04:12,1.17.2,Bandit100,4,3.62,,20,0,100,Right,Right,188,210,258,18,,,0.19
2025-11-04 23:04:13,1.17.2,Bandit100,4,3.64,1.0,20,0,100,Pellet,Right,188,210,259,18,0.41,18.0,
2025-11-04 23:08:23,1.17.2,Bandit100,4,3.64,,20,0,100,Right,Right,188,211,259,19,,,0.16
2025-11-04 23:08:25,1.17.2,Bandit100,4,3.64,1.0,20,0,100,Pellet,Right,188,211,260,19,0.83,252.0,
2025-11-04 23:24:36,1.17.2,Bandit100,4,3.64,,20,100,0,Left,Left,189,211,260,0,,,0.07
2025-11-04 23:24:40,1.17.2,Bandit100,4,3.64,2.0,20,100,0,Pellet,Left,189,211,261,0,1.37,975.0,
2025-11-04 23:25:40,1.17.2,Bandit100,4,3.64,,20,100,0,Left,Left,190,211,261,1,,,0.07
2025-11-04 23:25:41,1.17.2,Bandit100,4,3.64,1.0,20,100,0,Pellet,Left,190,211,262,1,0.65,61.0,
2025-11-04 23:25:59,1.17.2,Bandit100,4,3.64,,20,100,0,Left,Left,191,211,262,2,,,0.05
2025-11-04 23:26:00,1.17.2,Bandit100,4,3.64,1.0,20,100,0,Pellet,Left,191,211,263,2,0.47,19.0,
2025-11-04 23:26:25,1.17.2,Bandit100,4,3.64,,20,100,0,Right,Left,191,212,263,3,,,0.19
2025-11-04 23:29:36,1.17.2,Bandit100,4,3.64,,20,100,0,Left,Left,192,212,263,3,,,0.18
2025-11-04 23:29:37,1.17.2,Bandit100,4,3.64,2.0,20,100,0,Pellet,Left,192,212,264,3,0.65,217.0,
2025-11-04 23:34:07,1.17.2,Bandit100,4,3.64,,20,100,0,Right,Left,192,213,264,4,,,0.11
2025-11-04 23:35:16,1.17.2,Bandit100,4,3.64,,20,100,0,Left,Left,193,213,264,4,,,0.08
2025-11-04 23:35:18,1.17.2,Bandit100,4,3.64,1.0,20,100,0,Pellet,Left,193,213,265,4,0.65,341.0,
2025-11-05 01:14:37,1.17.2,Bandit100,4,3.64,,20,100,0,Left,Left,194,213,265,5,,,0.37
2025-11-05 01:14:39,1.17.2,Bandit100,4,3.64,1.0,20,100,0,Pellet,Left,194,213,266,5,0.83,5961.0,
2025-11-05 01:14:50,1.17.2,Bandit100,4,3.64,,20,100,0,Left,Left,195,213,266,6,,,0.25
2025-11-05 01:14:52,1.17.2,Bandit100,4,3.64,1.0,20,100,0,Pellet,Left,195,213,267,6,0.47,13.0,
2025-11-05 01:15:10,1.17.2,Bandit100,4,3.64,,20,100,0,Left,Left,196,213,267,7,,,0.15
2025-11-05 01:15:13,1.17.2,Bandit100,4,3.64,2.0,20,100,0,Pellet,Left,196,213,268,7,0.35,21.0,
2025-11-05 01:15:26,1.17.2,Bandit100,4,3.64,,20,100,0,Left,Left,197,213,268,8,,,0.11
2025-11-05 01:15:28,1.17.2,Bandit100,4,3.64,1.0,20,100,0,Pellet,Left,197,213,269,8,0.35,15.0,
2025-11-05 01:15:45,1.17.2,Bandit100,4,3.64,,20,100,0,Left,Left,198,213,269,9,,,0.11
2025-11-05 01:15:46,1.17.2,Bandit100,4,3.64,1.0,20,100,0,Pellet,Left,198,213,270,9,0.65,18.0,
2025-11-05 01:15:54,1.17.2,Bandit100,4,3.64,,20,100,0,Left,Left,199,213,270,10,,,0.24
2025-11-05 01:15:55,1.17.2,Bandit100,4,3.64,1.0,20,100,0,Pellet,Left,199,213,271,10,0.41,9.0,
2025-11-05 01:16:14,1.17.2,Bandit100,4,3.64,,20,100,0,Left,Left,200,213,271,11,,,0.29
2025-11-05 01:16:15,1.17.2,Bandit100,4,3.64,1.0,20,100,0,Pellet,Left,200,213,272,11,0.35,20.0,
2025-11-05 01:16:25,1.17.2,Bandit100,4,3.64,,20,100,0,Left,Left,201,213,272,12,,,0.14
2025-11-05 01:16:26,1.17.2,Bandit100,4,3.64,1.0,20,100,0,Pellet,Left,201,213,273,12,0.29,11.0,
2025-11-05 01:16:44,1.17.2,Bandit100,4,3.64,,20,100,0,Left,Left,202,213,273,13,,,0.22
2025-11-05 01:16:44,1.17.2,Bandit100,4,3.64,1.0,20,100,0,Pellet,Left,202,213,274,13,0.06,18.0,
2025-11-05 02:17:58,1.17.2,Bandit100,4,3.64,,20,100,0,Left,Left,203,213,274,14,,,0.36
2025-11-05 02:18:01,1.17.2,Bandit100,4,3.64,1.0,20,100,0,Pellet,Left,203,213,275,14,1.67,3677.0,
2025-11-05 02:18:35,1.17.2,Bandit100,4,3.64,,20,100,0,Left,Left,204,213,275,15,,,0.3
2025-11-05 02:18:36,1.17.2,Bandit100,4,3.64,1.0,20,100,0,Pellet,Left,204,213,276,15,0.53,35.0,
2025-11-05 02:18:53,1.17.2,Bandit100,4,3.64,,20,100,0,Left,Left,205,213,276,16,,,0.29
2025-11-05 02:18:54,1.17.2,Bandit100,4,3.64,1.0,20,100,0,Pellet,Left,205,213,277,16,0.59,18.0,
2025-11-05 02:19:07,1.17.2,Bandit100,4,3.64,,20,100,0,Left,Left,206,213,277,17,,,0.2
2025-11-05 02:19:07,1.17.2,Bandit100,4,3.64,,20,100,0,LeftDuringDispense,Left,206,213,277,17,,,0.07
2025-11-05 02:19:10,1.17.2,Bandit100,4,3.64,3.0,20,100,0,Pellet,Left,206,213,278,17,0.06,16.0,
2025-11-05 02:19:22,1.17.2,Bandit100,4,3.64,,20,100,0,Left,Left,207,213,278,18,,,0.19
2025-11-05 02:19:23,1.17.2,Bandit100,4,3.64,1.0,20,100,0,Pellet,Left,207,213,279,18,0.83,13.0,
2025-11-05 02:20:03,1.17.2,Bandit100,4,3.64,,20,100,0,Left,Left,208,213,279,19,,,0.15
2025-11-05 02:20:16,1.17.2,Bandit100,4,3.64,1.0,20,100,0,Pellet,Left,208,213,280,19,12.59,53.0,
2025-11-05 03:27:05,1.17.2,Bandit100,4,3.64,,20,0,100,Left,Right,209,213,280,0,,,0.16
2025-11-05 03:27:06,1.17.2,Bandit100,4,3.64,,20,0,100,LeftinTimeOut,Right,209,213,280,0,,,
2025-11-05 03:27:07,1.17.2,Bandit100,4,3.64,,20,0,100,LeftinTimeOut,Right,209,213,280,0,,,
2025-11-05 03:32:56,1.17.2,Bandit100,4,3.64,,20,0,100,Left,Right,210,213,280,0,,,0.18
2025-11-05 03:32:57,1.17.2,Bandit100,4,3.64,,20,0,100,LeftinTimeOut,Right,210,213,280,0,,,
2025-11-05 03:32:57,1.17.2,Bandit100,4,3.64,,20,0,100,LeftinTimeOut,Right,210,213,280,0,,,
2025-11-05 03:35:16,1.17.2,Bandit100,4,3.64,,20,0,100,Left,Right,211,213,280,0,,,0.22
2025-11-05 03:47:43,1.17.2,Bandit100,4,3.64,,20,0,100,Left,Right,212,213,280,0,,,0.2
2025-11-05 04:03:22,1.17.2,Bandit100,4,3.64,,20,0,100,Left,Right,213,213,280,0,,,0.01
2025-11-05 04:03:24,1.17.2,Bandit100,4,3.64,,20,0,100,LeftinTimeOut,Right,213,213,280,0,,,
2025-11-05 04:24:03,1.17.2,Bandit100,4,3.63,,20,0,100,Right,Right,213,214,280,0,,,0.11
2025-11-05 04:24:05,1.17.2,Bandit100,4,3.64,1.0,20,0,100,Pellet,Right,213,214,281,0,0.89,7428.0,
2025-11-05 04:24:16,1.17.2,Bandit100,4,3.64,,20,0,100,Right,Right,213,215,281,1,,,0.13
2025-11-05 04:24:17,1.17.2,Bandit100,4,3.64,1.0,20,0,100,Pellet,Right,213,215,282,1,0.53,13.0,
2025-11-05 04:24:30,1.17.2,Bandit100,4,3.64,,20,0,100,Right,Right,213,216,282,2,,,0.11
2025-11-05 04:24:31,1.17.2,Bandit100,4,3.64,1.0,20,0,100,Pellet,Right,213,216,283,2,0.47,14.0,
2025-11-05 04:24:47,1.17.2,Bandit100,4,3.64,,20,0,100,Right,Right,213,217,283,3,,,0.05
2025-11-05 04:24:47,1.17.2,Bandit100,4,3.64,,20,0,100,RightDuringDispense,Right,213,217,283,3,,,0.07
2025-11-05 04:24:50,1.17.2,Bandit100,4,3.63,2.0,20,0,100,Pellet,Right,213,217,284,3,0.47,19.0,
2025-11-05 04:24:57,1.17.2,Bandit100,4,3.64,,20,0,100,Right,Right,213,218,284,4,,,0.0
2025-11-05 04:24:58,1.17.2,Bandit100,4,3.63,1.0,20,0,100,Pellet,Right,213,218,285,4,0.71,8.0,
2025-11-05 04:25:12,1.17.2,Bandit100,4,3.64,,20,0,100,Right,Right,213,219,285,5,,,0.19
2025-11-05 04:25:14,1.17.2,Bandit100,4,3.64,1.0,20,0,100,Pellet,Right,213,219,286,5,0.47,16.0,
2025-11-05 04:25:25,1.17.2,Bandit100,4,3.64,,20,0,100,Right,Right,213,220,286,6,,,0.23
2025-11-05 04:25:26,1.17.2,Bandit100,4,3.64,1.0,20,0,100,Pellet,Right,213,220,287,6,0.41,12.0,
2025-11-05 04:25:50,1.17.2,Bandit100,4,3.64,,20,0,100,Right,Right,213,221,287,7,,,0.05
2025-11-05 04:25:51,1.17.2,Bandit100,4,3.63,1.0,20,0,100,Pellet,Right,213,221,288,7,0.53,25.0,
2025-11-05 04:26:03,1.17.2,Bandit100,4,3.64,,20,0,100,Right,Right,213,222,288,8,,,0.03
2025-11-05 04:26:04,1.17.2,Bandit100,4,3.64,1.0,20,0,100,Pellet,Right,213,222,289,8,0.47,13.0,
2025-11-05 04:39:43,1.17.2,Bandit100,4,3.64,,20,0,100,Right,Right,213,223,289,9,,,0.14
2025-11-05 04:39:44,1.17.2,Bandit100,4,3.64,1.0,20,0,100,Pellet,Right,213,223,290,9,0.06,820.0,
2025-11-05 04:39:54,1.17.2,Bandit100,4,3.63,,20,0,100,Right,Right,213,224,290,10,,,0.05
2025-11-05 04:39:56,1.17.2,Bandit100,4,3.63,1.0,20,0,100,Pellet,Right,213,224,291,10,0.83,12.0,
2025-11-05 04:40:07,1.17.2,Bandit100,4,3.64,,20,0,100,Right,Right,213,225,291,11,,,0.14
2025-11-05 04:40:08,1.17.2,Bandit100,4,3.63,1.0,20,0,100,Pellet,Right,213,225,292,11,0.47,12.0,
2025-11-05 04:40:27,1.17.2,Bandit100,4,3.64,,20,0,100,Right,Right,213,226,292,12,,,0.22
2025-11-05 04:40:28,1.17.2,Bandit100,4,3.63,1.0,20,0,100,Pellet,Right,213,226,293,12,0.41,20.0,
2025-11-05 04:45:22,1.17.2,Bandit100,4,3.64,,20,0,100,Right,Right,213,227,293,13,,,0.18
2025-11-05 04:45:24,1.17.2,Bandit100,4,3.64,1.0,20,0,100,Pellet,Right,213,227,294,13,0.95,296.0,
2025-11-05 04:45:41,1.17.2,Bandit100,4,3.63,,20,0,100,Right,Right,213,228,294,14,,,0.19
2025-11-05 04:45:42,1.17.2,Bandit100,4,3.63,1.0,20,0,100,Pellet,Right,213,228,295,14,0.35,18.0,
2025-11-05 04:45:54,1.17.2,Bandit100,4,3.62,,20,0,100,Right,Right,213,229,295,15,,,0.16
2025-11-05 04:45:55,1.17.2,Bandit100,4,3.62,1.0,20,0,100,Pellet,Right,213,229,296,15,0.35,13.0,
2025-11-05 04:47:50,1.17.2,Bandit100,4,3.63,,20,0,100,Right,Right,213,230,296,16,,,0.0
2025-11-05 04:47:51,1.17.2,Bandit100,4,3.62,1.0,20,0,100,Pellet,Right,213,230,297,16,0.71,116.0,
2025-11-05 04:48:13,1.17.2,Bandit100,4,3.63,,20,0,100,Left,Right,214,230,297,17,,,0.27
2025-11-05 04:57:19,1.17.2,Bandit100,4,3.63,,20,0,100,Left,Right,215,230,297,17,,,0.14
2025-11-05 04:58:03,1.17.2,Bandit100,4,3.63,,20,0,100,Right,Right,215,231,297,17,,,0.01
2025-11-05 04:58:17,1.17.2,Bandit100,4,3.63,1.0,20,0,100,Pellet,Right,215,231,298,17,13.97,626.0,
2025-11-05 04:58:36,1.17.2,Bandit100,4,3.63,,20,0,100,Left,Right,216,231,298,18,,,0.17
2025-11-05 04:58:39,1.17.2,Bandit100,4,3.63,,20,0,100,LeftinTimeOut,Right,216,231,298,18,,,
2025-11-05 04:58:40,1.17.2,Bandit100,4,3.64,,20,0,100,LeftinTimeOut,Right,216,231,298,18,,,
2025-11-05 05:05:22,1.17.2,Bandit100,4,3.63,,20,0,100,Right,Right,216,232,298,18,,,0.01
2025-11-05 05:05:23,1.17.2,Bandit100,4,3.6,1.0,20,0,100,Pellet,Right,216,232,299,18,0.53,426.0,
2025-11-05 05:05:33,1.17.2,Bandit100,4,3.6,,20,0,100,Right,Right,216,233,299,19,,,0.21
2025-11-05 05:05:35,1.17.2,Bandit100,4,3.64,1.0,20,0,100,Pellet,Right,216,233,300,19,0.47,12.0,
2025-11-05 05:05:51,1.17.2,Bandit100,4,3.63,,20,100,0,Right,Left,216,234,300,0,,,0.19
2025-11-05 05:07:11,1.17.2,Bandit100,4,3.64,,20,100,0,Right,Left,216,235,300,0,,,0.38
2025-11-05 05:13:23,1.17.2,Bandit100,4,3.64,,20,100,0,Right,Left,216,236,300,0,,,0.2
2025-11-05 05:13:24,1.17.2,Bandit100,4,3.63,,20,100,0,RightinTimeout,Left,216,236,300,0,,,0.0
2025-11-05 05:15:07,1.17.2,Bandit100,4,3.63,,20,100,0,Right,Left,216,237,300,0,,,0.16
2025-11-05 05:23:38,1.17.2,Bandit100,4,3.64,,20,100,0,Right,Left,216,238,300,0,,,0.22
2025-11-05 05:23:39,1.17.2,Bandit100,4,3.63,,20,100,0,RightinTimeout,Left,216,238,300,0,,,0.0
2025-11-05 05:23:40,1.17.2,Bandit100,4,3.64,,20,100,0,RightinTimeout,Left,216,238,300,0,,,0.0
2025-11-05 08:06:49,1.17.2,Bandit100,4,3.64,,20,100,0,Left,Left,217,238,300,0,,,0.17
2025-11-05 08:06:52,1.17.2,Bandit100,4,3.62,1.0,20,100,0,Pellet,Left,217,238,301,0,2.45,10877.0,
2025-11-05 08:19:14,1.17.2,Bandit100,4,3.63,,20,100,0,Right,Left,217,239,301,1,,,0.09
2025-11-05 08:19:17,1.17.2,Bandit100,4,3.62,,20,100,0,LeftinTimeOut,Left,217,239,301,1,,,
2025-11-05 08:19:17,1.17.2,Bandit100,4,3.63,,20,100,0,LeftinTimeOut,Left,217,239,301,1,,,
2025-11-05 09:49:38,1.17.2,Bandit100,4,3.62,,20,100,0,Left,Left,218,239,301,1,,,0.09
2025-11-05 09:49:39,1.17.2,Bandit100,4,3.62,1.0,20,100,0,Pellet,Left,218,239,302,1,0.77,6167.0,
2025-11-05 09:50:12,1.17.2,Bandit100,4,3.62,,20,100,0,Left,Left,219,239,302,2,,,0.31
2025-11-05 09:50:13,1.17.2,Bandit100,4,3.63,1.0,20,100,0,Pellet,Left,219,239,303,2,0.65,34.0,
2025-11-05 09:50:28,1.17.2,Bandit100,4,3.63,,20,100,0,Left,Left,220,239,303,3,,,0.41
2025-11-05 09:50:29,1.17.2,Bandit100,4,3.64,1.0,20,100,0,Pellet,Left,220,239,304,3,0.06,16.0,
2025-11-05 09:51:48,1.17.2,Bandit100,4,3.64,,20,100,0,Left,Left,221,239,304,4,,,0.08
2025-11-05 09:51:51,1.17.2,Bandit100,4,3.62,1.0,20,100,0,Pellet,Left,221,239,305,4,1.43,82.0,
2025-11-05 13:59:38,1.17.2,Bandit100,4,3.63,,20,100,0,Right,Left,221,240,305,5,,,0.01
2025-11-05 13:59:39,1.17.2,Bandit100,4,3.62,,20,100,0,RightinTimeout,Left,221,240,305,5,,,0.0
2025-11-05 13:59:40,1.17.2,Bandit100,4,3.63,,20,100,0,RightinTimeout,Left,221,240,305,5,,,0.0
2025-11-05 13:59:40,1.17.2,Bandit100,4,3.62,,20,100,0,RightinTimeout,Left,221,240,305,5,,,0.0
2025-11-05 13:59:41,1.17.2,Bandit100,4,3.62,,20,100,0,RightinTimeout,Left,221,240,305,5,,,0.0
2025-11-05 16:21:11,1.17.2,Bandit100,4,3.63,,20,100,0,Right,Left,221,241,305,5,,,0.25
2025-11-05 16:23:33,1.17.2,Bandit100,4,3.62,,20,100,0,Right,Left,221,242,305,5,,,0.1
2025-11-05 16:23:34,1.17.2,Bandit100,4,3.62,,20,100,0,RightinTimeout,Left,221,242,305,5,,,0.0
2025-11-05 16:23:34,1.17.2,Bandit100,4,3.62,,20,100,0,RightinTimeout,Left,221,242,305,5,,,0.0
2025-11-05 16:23:34,1.17.2,Bandit100,4,3.62,,20,100,0,RightinTimeout,Left,221,242,305,5,,,0.0
2025-11-05 16:23:35,1.17.2,Bandit100,4,3.63,,20,100,0,RightinTimeout,Left,221,242,305,5,,,0.0
2025-11-05 16:23:36,1.17.2,Bandit100,4,3.62,,20,100,0,RightinTimeout,Left,221,242,305,5,,,0.0
2025-11-05 16:23:36,1.17.2,Bandit100,4,3.62,,20,100,0,RightinTimeout,Left,221,242,305,5,,,0.0
2025-11-05 16:23:36,1.17.2,Bandit100,4,3.62,,20,100,0,RightinTimeout,Left,221,242,305,5,,,0.0
2025-11-05 16:23:37,1.17.2,Bandit100,4,3.63,,20,100,0,RightinTimeout,Left,221,242,305,5,,,0.0
2025-11-05 16:23:38,1.17.2,Bandit100,4,3.63,,20,100,0,RightinTimeout,Left,221,242,305,5,,,0.0
2025-11-05 16:23:38,1.17.2,Bandit100,4,3.62,,20,100,0,RightinTimeout,Left,221,242,305,5,,,0.0
2025-11-05 16:25:12,1.17.2,Bandit100,4,3.62,,20,100,0,Right,Left,221,243,305,5,,,0.08
2025-11-05 16:30:15,1.17.2,Bandit100,4,3.62,,20,100,0,Right,Left,221,244,305,5,,,0.22
2025-11-05 16:30:17,1.17.2,Bandit100,4,3.62,,20,100,0,RightinTimeout,Left,221,244,305,5,,,0.0
2025-11-05 16:30:17,1.17.2,Bandit100,4,3.62,,20,100,0,RightinTimeout,Left,221,244,305,5,,,0.0
2025-11-05 16:30:17,1.17.2,Bandit100,4,3.62,,20,100,0,RightinTimeout,Left,221,244,305,5,,,0.0
2025-11-05 16:30:18,1.17.2,Bandit100,4,3.62,,20,100,0,RightinTimeout,Left,221,244,305,5,,,0.0
2025-11-05 16:30:19,1.17.2,Bandit100,4,3.62,,20,100,0,RightinTimeout,Left,221,244,305,5,,,0.0
2025-11-05 16:30:19,1.17.2,Bandit100,4,3.62,,20,100,0,RightinTimeout,Left,221,244,305,5,,,0.0
2025-11-05 16:30:19,1.17.2,Bandit100,4,3.62,,20,100,0,RightinTimeout,Left,221,244,305,5,,,0.0
2025-11-05 16:30:20,1.17.2,Bandit100,4,3.63,,20,100,0,RightinTimeout,Left,221,244,305,5,,,0.0
2025-11-05 16:30:20,1.17.2,Bandit100,4,3.63,,20,100,0,RightinTimeout,Left,221,244,305,5,,,0.0
2025-11-05 16:31:57,1.17.2,Bandit100,4,3.63,,20,100,0,Right,Left,221,245,305,5,,,0.1
2025-11-05 16:31:58,1.17.2,Bandit100,4,3.62,,20,100,0,RightinTimeout,Left,221,245,305,5,,,0.0
2025-11-05 17:27:21,1.17.2,Bandit100,4,3.62,,20,100,0,Left,Left,222,245,305,5,,,0.26
2025-11-05 17:27:23,1.17.2,Bandit100,4,3.62,1.0,20,100,0,Pellet,Left,222,245,306,5,1.07,27332.0,
2025-11-05 17:27:46,1.17.2,Bandit100,4,3.62,,20,100,0,Left,Left,223,245,306,6,,,0.19
2025-11-05 17:27:47,1.17.2,Bandit100,4,3.62,1.0,20,100,0,Pellet,Left,223,245,307,6,0.47,24.0,
2025-11-05 17:28:05,1.17.2,Bandit100,4,3.62,,20,100,0,Left,Left,224,245,307,7,,,0.16
2025-11-05 17:28:06,1.17.2,Bandit100,4,3.62,1.0,20,100,0,Pellet,Left,224,245,308,7,0.47,19.0,
2025-11-05 17:28:57,1.17.2,Bandit100,4,3.62,,20,100,0,Left,Left,225,245,308,8,,,0.31
2025-11-05 17:28:59,1.17.2,Bandit100,4,3.62,1.0,20,100,0,Pellet,Left,225,245,309,8,1.25,53.0,
2025-11-05 17:29:23,1.17.2,Bandit100,4,3.62,,20,100,0,Left,Left,226,245,309,9,,,0.09
2025-11-05 17:29:24,1.17.2,Bandit100,4,3.62,1.0,20,100,0,Pellet,Left,226,245,310,9,0.53,25.0,
2025-11-05 17:45:46,1.17.2,Bandit100,4,3.62,,20,100,0,Left,Left,227,245,310,10,,,0.05
2025-11-05 17:45:52,1.17.2,Bandit100,4,3.62,2.0,20,100,0,Pellet,Left,227,245,311,10,2.69,988.0,
2025-11-05 17:48:53,1.17.2,Bandit100,4,3.62,,20,100,0,Right,Left,227,246,311,11,,,0.11
2025-11-05 18:20:02,1.17.2,Bandit100,4,3.62,,20,100,0,Right,Left,227,247,311,11,,,0.33
2025-11-05 18:20:09,1.17.2,Bandit100,4,3.61,,20,100,0,RightinTimeout,Left,227,247,311,11,,,0.0
2025-11-05 18:20:10,1.17.2,Bandit100,4,3.62,,20,100,0,RightinTimeout,Left,227,247,311,11,,,0.0
2025-11-05 18:20:11,1.17.2,Bandit100,4,3.61,,20,100,0,RightinTimeout,Left,227,247,311,11,,,0.0
2025-11-05 18:20:11,1.17.2,Bandit100,4,3.62,,20,100,0,RightinTimeout,Left,227,247,311,11,,,0.0
2025-11-05 18:20:43,1.17.2,Bandit100,4,3.62,,20,100,0,Left,Left,228,247,311,11,,,0.15
2025-11-05 18:20:45,1.17.2,Bandit100,4,3.61,1.0,20,100,0,Pellet,Left,228,247,312,11,1.61,2093.0,
2025-11-05 18:20:55,1.17.2,Bandit100,4,3.62,,20,100,0,Left,Left,229,247,312,12,,,0.14
2025-11-05 18:20:57,1.17.2,Bandit100,4,3.61,1.0,20,100,0,Pellet,Left,229,247,313,12,0.53,12.0,
2025-11-05 18:21:17,1.17.2,Bandit100,4,3.62,,20,100,0,Left,Left,230,247,313,13,,,0.18
2025-11-05 18:21:19,1.17.2,Bandit100,4,3.51,1.0,20,100,0,Pellet,Left,230,247,314,13,0.71,22.0,
2025-11-05 18:21:26,1.17.2,Bandit100,4,3.51,,20,100,0,Left,Left,231,247,314,14,,,0.07
2025-11-05 18:21:27,1.17.2,Bandit100,4,3.63,1.0,20,100,0,Pellet,Left,231,247,315,14,0.53,8.0,
2025-11-05 18:21:39,1.17.2,Bandit100,4,3.63,,20,100,0,Left,Left,232,247,315,15,,,0.15
2025-11-05 18:21:41,1.17.2,Bandit100,4,3.62,1.0,20,100,0,Pellet,Left,232,247,316,15,1.49,14.0,
2025-11-05 18:21:51,1.17.2,Bandit100,4,3.62,,20,100,0,Left,Left,233,247,316,16,,,0.19
2025-11-05 18:21:52,1.17.2,Bandit100,4,3.58,1.0,20,100,0,Pellet,Left,233,247,317,16,0.65,11.0,
2025-11-05 18:21:59,1.17.2,Bandit100,4,3.58,,20,100,0,Left,Left,234,247,317,17,,,0.09
2025-11-05 18:22:00,1.17.2,Bandit100,4,3.62,1.0,20,100,0,Pellet,Left,234,247,318,17,0.53,8.0,
2025-11-05 18:22:17,1.17.2,Bandit100,4,3.62,,20,100,0,Left,Left,235,247,318,18,,,0.18
2025-11-05 18:22:18,1.17.2,Bandit100,4,3.62,1.0,20,100,0,Pellet,Left,235,247,319,18,0.53,18.0,
2025-11-05 18:24:19,1.17.2,Bandit100,4,3.62,,20,100,0,Right,Left,235,248,319,19,,,0.0
2025-11-05 18:24:20,1.17.2,Bandit100,4,3.62,,20,100,0,RightinTimeout,Left,235,248,319,19,,,0.0
2025-11-05 18:31:11,1.17.2,Bandit100,4,3.62,,20,100,0,Left,Left,236,248,319,19,,,0.14
2025-11-05 18:31:12,1.17.2,Bandit100,4,3.59,1.0,20,100,0,Pellet,Left,236,248,320,19,0.53,534.0,
2025-11-05 18:33:40,1.17.2,Bandit100,4,3.59,,20,0,100,Left,Right,237,248,320,0,,,0.36
2025-11-05 18:33:41,1.17.2,Bandit100,4,3.6,,20,0,100,LeftinTimeOut,Right,237,248,320,0,,,
2025-11-05 18:33:42,1.17.2,Bandit100,4,3.59,,20,0,100,LeftinTimeOut,Right,237,248,320,0,,,
2025-11-05 18:33:43,1.17.2,Bandit100,4,3.59,,20,0,100,LeftinTimeOut,Right,237,248,320,0,,,
2025-11-05 18:35:36,1.17.2,Bandit100,4,3.59,,20,0,100,Right,Right,237,249,320,0,,,0.04
2025-11-05 18:35:38,1.17.2,Bandit100,4,3.62,1.0,20,0,100,Pellet,Right,237,249,321,0,0.53,266.0,
2025-11-05 18:44:17,1.17.2,Bandit100,4,3.62,,20,0,100,Left,Right,238,249,321,1,,,0.02
2025-11-05 18:45:31,1.17.2,Bandit100,4,3.62,,20,0,100,Left,Right,239,249,321,1,,,0.33
2025-11-05 18:45:35,1.17.2,Bandit100,4,3.62,,20,0,100,LeftinTimeOut,Right,239,249,321,1,,,
2025-11-05 18:53:42,1.17.2,Bandit100,4,3.62,,20,0,100,Right,Right,239,250,321,1,,,0.06
2025-11-05 18:53:44,1.17.2,Bandit100,4,3.51,1.0,20,0,100,Pellet,Right,239,250,322,1,0.95,1086.0,
2025-11-05 18:53:58,1.17.2,Bandit100,4,3.51,,20,0,100,Right,Right,239,251,322,2,,,0.06
2025-11-05 18:54:00,1.17.2,Bandit100,4,3.62,1.0,20,0,100,Pellet,Right,239,251,323,2,0.53,16.0,
2025-11-05 19:08:21,1.17.2,Bandit100,4,3.62,,20,0,100,Left,Right,240,251,323,3,,,0.08
2025-11-05 19:08:22,1.17.2,Bandit100,4,3.62,,20,0,100,LeftinTimeOut,Right,240,251,323,3,,,
2025-11-05 19:08:24,1.17.2,Bandit100,4,3.62,,20,0,100,LeftinTimeOut,Right,240,251,323,3,,,
2025-11-05 19:09:06,1.17.2,Bandit100,4,3.62,,20,0,100,Right,Right,240,252,323,3,,,0.02
2025-11-05 19:09:08,1.17.2,Bandit100,4,3.62,1.0,20,0,100,Pellet,Right,240,252,324,3,0.53,908.0,
2025-11-05 19:09:21,1.17.2,Bandit100,4,3.62,,20,0,100,Right,Right,240,253,324,4,,,0.08
2025-11-05 19:09:22,1.17.2,Bandit100,4,3.62,1.0,20,0,100,Pellet,Right,240,253,325,4,0.41,14.0,
2025-11-05 19:09:40,1.17.2,Bandit100,4,3.62,,20,0,100,Right,Right,240,254,325,5,,,0.0
2025-11-05 19:09:42,1.17.2,Bandit100,4,3.62,1.0,20,0,100,Pellet,Right,240,254,326,5,1.25,20.0,
2025-11-05 19:09:50,1.17.2,Bandit100,4,3.62,,20,0,100,Right,Right,240,255,326,6,,,0.23
2025-11-05 19:09:51,1.17.2,Bandit100,4,3.62,1.0,20,0,100,Pellet,Right,240,255,327,6,0.29,9.0,
2025-11-05 19:16:49,1.17.2,Bandit100,4,3.62,,20,0,100,Right,Right,240,256,327,7,,,0.28
2025-11-05 19:16:50,1.17.2,Bandit100,4,3.62,1.0,20,0,100,Pellet,Right,240,256,328,7,0.53,419.0,
2025-11-05 19:22:44,1.17.2,Bandit100,4,3.63,,20,0,100,Right,Right,240,257,328,8,,,0.07
2025-11-05 19:22:45,1.17.2,Bandit100,4,3.62,1.0,20,0,100,Pellet,Right,240,257,329,8,0.71,355.0,
2025-11-05 19:22:58,1.17.2,Bandit100,4,3.62,,20,0,100,Right,Right,240,258,329,9,,,0.15
2025-11-05 19:22:59,1.17.2,Bandit100,4,3.58,1.0,20,0,100,Pellet,Right,240,258,330,9,0.35,14.0,
2025-11-05 19:23:14,1.17.2,Bandit100,4,3.58,,20,0,100,Right,Right,240,259,330,10,,,0.1
2025-11-05 19:23:16,1.17.2,Bandit100,4,3.62,1.0,20,0,100,Pellet,Right,240,259,331,10,0.77,17.0,
2025-11-05 19:23:27,1.17.2,Bandit100,4,3.62,,20,0,100,Right,Right,240,260,331,11,,,0.24
2025-11-05 19:23:28,1.17.2,Bandit100,4,3.6,1.0,20,0,100,Pellet,Right,240,260,332,11,0.41,12.0,
2025-11-05 19:23:39,1.17.2,Bandit100,4,3.6,,20,0,100,Right,Right,240,261,332,12,,,0.19
2025-11-05 19:23:40,1.17.2,Bandit100,4,3.62,1.0,20,0,100,Pellet,Right,240,261,333,12,0.47,12.0,
2025-11-05 19:23:50,1.17.2,Bandit100,4,3.62,,20,0,100,Right,Right,240,262,333,13,,,0.18
2025-11-05 19:23:52,1.17.2,Bandit100,4,3.62,2.0,20,0,100,Pellet,Right,240,262,334,13,0.77,11.0,
2025-11-05 19:24:04,1.17.2,Bandit100,4,3.62,,20,0,100,Right,Right,240,263,334,14,,,0.12
2025-11-05 19:24:05,1.17.2,Bandit100,4,3.62,2.0,20,0,100,Pellet,Right,240,263,335,14,0.47,14.0,
2025-11-05 19:24:18,1.17.2,Bandit100,4,3.62,,20,0,100,Right,Right,240,264,335,15,,,0.16
2025-11-05 19:24:20,1.17.2,Bandit100,4,3.62,2.0,20,0,100,Pellet,Right,240,264,336,15,0.65,15.0,
2025-11-05 19:24:31,1.17.2,Bandit100,4,3.62,,20,0,100,Right,Right,240,265,336,16,,,0.22
2025-11-05 19:24:32,1.17.2,Bandit100,4,3.62,1.0,20,0,100,Pellet,Right,240,265,337,16,0.35,12.0,
2025-11-05 19:24:50,1.17.2,Bandit100,4,3.62,,20,0,100,Right,Right,240,266,337,17,,,0.07
2025-11-05 19:24:52,1.17.2,Bandit100,4,3.61,1.0,20,0,100,Pellet,Right,240,266,338,17,0.59,20.0,
2025-11-05 19:27:46,1.17.2,Bandit100,4,3.62,,20,0,100,Left,Right,241,266,338,18,,,0.19
2025-11-05 19:29:05,1.17.2,Bandit100,4,3.62,,20,0,100,Left,Right,242,266,338,18,,,0.09
2025-11-05 19:46:31,1.17.2,Bandit100,4,3.62,,20,0,100,Right,Right,242,267,338,18,,,0.12
2025-11-05 19:46:32,1.17.2,Bandit100,4,3.62,1.0,20,0,100,Pellet,Right,242,267,339,18,0.59,1300.0,
2025-11-05 19:46:52,1.17.2,Bandit100,4,3.62,,20,0,100,Right,Right,242,268,339,19,,,0.12
2025-11-05 19:46:53,1.17.2,Bandit100,4,3.62,1.0,20,0,100,Pellet,Right,242,268,340,19,0.47,21.0,
2025-11-05 19:47:04,1.17.2,Bandit100,4,3.61,,20,100,0,Right,Left,242,269,340,0,,,0.03
2025-11-05 19:47:10,1.17.2,Bandit100,4,3.61,,20,100,0,RightinTimeout,Left,242,269,340,0,,,0.0
2025-11-05 19:47:12,1.17.2,Bandit100,4,3.61,,20,100,0,RightinTimeout,Left,242,269,340,0,,,0.0
2025-11-05 19:47:12,1.17.2,Bandit100,4,3.61,,20,100,0,RightinTimeout,Left,242,269,340,0,,,0.0
2025-11-05 19:48:58,1.17.2,Bandit100,4,3.61,,20,100,0,Left,Left,243,269,340,0,,,0.07
2025-11-05 19:49:00,1.17.2,Bandit100,4,3.62,1.0,20,100,0,Pellet,Left,243,269,341,0,1.43,127.0,
2025-11-05 19:49:13,1.17.2,Bandit100,4,3.62,,20,100,0,Left,Left,244,269,341,1,,,0.16
2025-11-05 19:49:14,1.17.2,Bandit100,4,3.62,1.0,20,100,0,Pellet,Left,244,269,342,1,0.47,14.0,
2025-11-05 19:49:31,1.17.2,Bandit100,4,3.62,,20,100,0,Left,Left,245,269,342,2,,,0.13
2025-11-05 19:49:33,1.17.2,Bandit100,4,3.62,1.0,20,100,0,Pellet,Left,245,269,343,2,1.73,19.0,
2025-11-05 19:49:46,1.17.2,Bandit100,4,3.62,,20,100,0,Left,Left,246,269,343,3,,,0.08
2025-11-05 19:49:47,1.17.2,Bandit100,4,3.62,1.0,20,100,0,Pellet,Left,246,269,344,3,0.53,14.0,
2025-11-05 19:50:07,1.17.2,Bandit100,4,3.62,,20,100,0,Left,Left,247,269,344,4,,,0.2
2025-11-05 19:50:08,1.17.2,Bandit100,4,3.62,,20,100,0,LeftDuringDispense,Left,247,269,344,4,,,0.11
2025-11-05 19:50:09,1.17.2,Bandit100,4,3.62,1.0,20,100,0,Pellet,Left,247,269,345,4,0.53,22.0,
2025-11-05 19:58:41,1.17.2,Bandit100,4,3.62,,20,100,0,Right,Left,247,270,345,5,,,0.13
2025-11-05 20:05:01,1.17.2,Bandit100,4,3.62,,20,100,0,Left,Left,248,270,345,5,,,0.24
2025-11-05 20:05:03,1.17.2,Bandit100,4,3.6,2.0,20,100,0,Pellet,Left,248,270,346,5,0.83,894.0,
2025-11-05 20:05:15,1.17.2,Bandit100,4,3.62,,20,100,0,Left,Left,249,270,346,6,,,0.0
2025-11-05 20:05:17,1.17.2,Bandit100,4,3.56,2.0,20,100,0,Pellet,Left,249,270,347,6,0.47,14.0,
2025-11-05 20:05:39,1.17.2,Bandit100,4,3.55,,20,100,0,Left,Left,250,270,347,7,,,0.11
2025-11-05 20:05:40,1.17.2,Bandit100,4,3.62,1.0,20,100,0,Pellet,Left,250,270,348,7,0.29,23.0,
2025-11-05 20:05:55,1.17.2,Bandit100,4,3.62,,20,100,0,Left,Left,251,270,348,8,,,0.16
2025-11-05 20:05:57,1.17.2,Bandit100,4,3.6,1.0,20,100,0,Pellet,Left,251,270,349,8,0.95,17.0,
2025-11-05 20:06:06,1.17.2,Bandit100,4,3.6,,20,100,0,Left,Left,252,270,349,9,,,0.06
2025-11-05 20:06:08,1.17.2,Bandit100,4,3.6,2.0,20,100,0,Pellet,Left,252,270,350,9,0.47,11.0,
2025-11-05 20:06:17,1.17.2,Bandit100,4,3.6,,20,100,0,Left,Left,253,270,350,10,,,0.12
2025-11-05 20:06:18,1.17.2,Bandit100,4,3.62,1.0,20,100,0,Pellet,Left,253,270,351,10,0.35,10.0,
2025-11-05 20:06:29,1.17.2,Bandit100,4,3.6,,20,100,0,Left,Left,254,270,351,11,,,0.03
2025-11-05 20:06:30,1.17.2,Bandit100,4,3.6,1.0,20,100,0,Pellet,Left,254,270,352,11,0.59,12.0,
2025-11-05 20:06:48,1.17.2,Bandit100,4,3.6,,20,100,0,Left,Left,255,270,352,12,,,0.15
2025-11-05 20:06:50,1.17.2,Bandit100,4,3.6,1.0,20,100,0,Pellet,Left,255,270,353,12,0.35,20.0,
2025-11-05 20:07:01,1.17.2,Bandit100,4,3.61,,20,100,0,Left,Left,256,270,353,13,,,0.16
2025-11-05 20:07:02,1.17.2,Bandit100,4,3.6,1.0,20,100,0,Pellet,Left,256,270,354,13,0.47,12.0,
2025-11-05 20:07:10,1.17.2,Bandit100,4,3.61,,20,100,0,Left,Left,257,270,354,14,,,0.07
2025-11-05 20:07:12,1.17.2,Bandit100,4,3.61,1.0,20,100,0,Pellet,Left,257,270,355,14,1.55,10.0,
2025-11-05 20:07:28,1.17.2,Bandit100,4,3.61,,20,100,0,Left,Left,258,270,355,15,,,0.04
2025-11-05 20:07:29,1.17.2,Bandit100,4,3.61,1.0,20,100,0,Pellet,Left,258,270,356,15,0.41,17.0,
2025-11-05 20:07:41,1.17.2,Bandit100,4,3.61,,20,100,0,Left,Left,259,270,356,16,,,0.17
2025-11-05 20:07:42,1.17.2,Bandit100,4,3.6,1.0,20,100,0,Pellet,Left,259,270,357,16,0.41,13.0,
2025-11-05 20:08:07,1.17.2,Bandit100,4,3.6,,20,100,0,Left,Left,260,270,357,17,,,0.02
2025-11-05 20:08:08,1.17.2,Bandit100,4,3.6,1.0,20,100,0,Pellet,Left,260,270,358,17,0.41,26.0,
2025-11-05 20:08:22,1.17.2,Bandit100,4,3.6,,20,100,0,Left,Left,261,270,358,18,,,0.2
2025-11-05 20:08:23,1.17.2,Bandit100,4,3.6,1.0,20,100,0,Pellet,Left,261,270,359,18,0.47,15.0,
2025-11-05 20:08:34,1.17.2,Bandit100,4,3.6,,20,100,0,Left,Left,262,270,359,19,,,0.1
2025-11-05 20:08:35,1.17.2,Bandit100,4,3.6,,20,100,0,LeftDuringDispense,Left,262,270,359,19,,,0.08
2025-11-05 20:08:38,1.17.2,Bandit100,4,3.61,2.0,20,100,0,Pellet,Left,262,270,360,19,0.65,15.0,
2025-11-05 20:16:42,1.17.2,Bandit100,4,3.6,,20,0,100,Right,Right,262,271,360,0,,,0.15
2025-11-05 20:16:44,1.17.2,Bandit100,4,3.61,1.0,20,0,100,Pellet,Right,262,271,361,0,0.59,486.0,
2025-11-05 20:17:39,1.17.2,Bandit100,4,3.61,,20,0,100,Right,Right,262,272,361,1,,,0.1
2025-11-05 20:17:39,1.17.2,Bandit100,4,3.62,,20,0,100,RightDuringDispense,Right,262,272,361,1,,,0.01
2025-11-05 20:17:40,1.17.2,Bandit100,4,3.61,1.0,20,0,100,Pellet,Right,262,272,362,1,0.53,56.0,
2025-11-05 20:17:49,1.17.2,Bandit100,4,3.62,,20,0,100,Right,Right,262,273,362,2,,,0.1
2025-11-05 20:17:50,1.17.2,Bandit100,4,3.6,2.0,20,0,100,Pellet,Right,262,273,363,2,0.41,10.0,
2025-11-05 20:18:01,1.17.2,Bandit100,4,3.6,,20,0,100,Right,Right,262,274,363,3,,,0.1
2025-11-05 20:18:03,1.17.2,Bandit100,4,3.59,2.0,20,0,100,Pellet,Right,262,274,364,3,0.41,13.0,
2025-11-05 20:22:43,1.17.2,Bandit100,4,3.59,,20,0,100,Right,Right,262,275,364,4,,,0.26
2025-11-05 20:22:45,1.17.2,Bandit100,4,3.59,2.0,20,0,100,Pellet,Right,262,275,365,4,0.53,282.0,
2025-11-05 20:23:25,1.17.2,Bandit100,4,3.59,,20,0,100,Right,Right,262,276,365,5,,,0.05
2025-11-05 20:23:26,1.17.2,Bandit100,4,3.58,2.0,20,0,100,Pellet,Right,262,276,366,5,0.17,41.0,
2025-11-05 20:25:30,1.17.2,Bandit100,4,3.59,,20,0,100,Left,Right,263,276,366,6,,,0.17
2025-11-05 20:36:41,1.17.2,Bandit100,4,3.59,,20,0,100,Right,Right,263,277,366,6,,,0.15
2025-11-05 20:36:43,1.17.2,Bandit100,4,3.6,1.0,20,0,100,Pellet,Right,263,277,367,6,0.95,797.0,
2025-11-05 20:36:55,1.17.2,Bandit100,4,3.6,,20,0,100,Right,Right,263,278,367,7,,,0.17
2025-11-05 20:36:56,1.17.2,Bandit100,4,3.6,1.0,20,0,100,Pellet,Right,263,278,368,7,0.41,13.0,
2025-11-05 20:48:14,1.17.2,Bandit100,4,3.59,,20,0,100,Right,Right,263,279,368,8,,,0.2
2025-11-05 20:48:16,1.17.2,Bandit100,4,3.61,1.0,20,0,100,Pellet,Right,263,279,369,8,0.83,680.0,
2025-11-05 20:48:26,1.17.2,Bandit100,4,3.6,,20,0,100,Right,Right,263,280,369,9,,,0.03
2025-11-05 20:48:28,1.17.2,Bandit100,4,3.53,1.0,20,0,100,Pellet,Right,263,280,370,9,0.47,12.0,
2025-11-05 20:50:09,1.17.2,Bandit100,4,3.52,,20,0,100,Left,Right,264,280,370,10,,,0.05
2025-11-05 21:01:40,1.17.2,Bandit100,4,3.51,,20,0,100,Right,Right,264,281,370,10,,,0.11
2025-11-05 21:01:42,1.17.2,Bandit100,4,3.61,1.0,20,0,100,Pellet,Right,264,281,371,10,0.95,794.0,
2025-11-05 21:09:28,1.17.2,Bandit100,4,3.6,,20,0,100,Left,Right,265,281,371,11,,,0.22
2025-11-05 21:09:33,1.17.2,Bandit100,4,3.61,,20,0,100,LeftinTimeOut,Right,265,281,371,11,,,
2025-11-05 21:10:37,1.17.2,Bandit100,4,3.61,,20,0,100,Right,Right,265,282,371,11,,,0.16
2025-11-05 21:10:42,1.17.2,Bandit100,4,3.6,1.0,20,0,100,Pellet,Right,265,282,372,11,4.07,540.0,
2025-11-05 21:18:42,1.17.2,Bandit100,4,3.6,,20,0,100,Left,Right,266,282,372,12,,,0.28
2025-11-05 21:21:23,1.17.2,Bandit100,4,3.6,,20,0,100,Right,Right,266,283,372,12,,,0.14
2025-11-05 21:21:26,1.17.2,Bandit100,4,3.59,1.0,20,0,100,Pellet,Right,266,283,373,12,1.37,644.0,
2025-11-05 21:21:55,1.17.2,Bandit100,4,3.59,,20,0,100,Right,Right,266,284,373,13,,,0.15
2025-11-05 21:21:56,1.17.2,Bandit100,4,3.62,1.0,20,0,100,Pellet,Right,266,284,374,13,0.06,30.0,
2025-11-05 21:22:04,1.17.2,Bandit100,4,3.62,,20,0,100,Right,Right,266,285,374,14,,,0.14
2025-11-05 21:22:05,1.17.2,Bandit100,4,3.62,1.0,20,0,100,Pellet,Right,266,285,375,14,0.77,9.0,
2025-11-05 21:22:25,1.17.2,Bandit100,4,3.62,,20,0,100,Right,Right,266,286,375,15,,,0.23
2025-11-05 21:22:26,1.17.2,Bandit100,4,3.6,1.0,20,0,100,Pellet,Right,266,286,376,15,0.71,21.0,
2025-11-05 21:22:49,1.17.2,Bandit100,4,3.6,,20,0,100,Right,Right,266,287,376,16,,,0.21
2025-11-05 21:22:51,1.17.2,Bandit100,4,3.59,1.0,20,0,100,Pellet,Right,266,287,377,16,1.19,25.0,
2025-11-05 21:23:08,1.17.2,Bandit100,4,3.6,,20,0,100,Right,Right,266,288,377,17,,,0.05
2025-11-05 21:23:09,1.17.2,Bandit100,4,3.51,1.0,20,0,100,Pellet,Right,266,288,378,17,0.06,18.0,
2025-11-05 21:23:17,1.17.2,Bandit100,4,3.51,,20,0,100,Right,Right,266,289,378,18,,,0.16
2025-11-05 21:23:18,1.17.2,Bandit100,4,3.6,1.0,20,0,100,Pellet,Right,266,289,379,18,0.47,9.0,
2025-11-05 21:23:37,1.17.2,Bandit100,4,3.6,,20,0,100,Right,Right,266,290,379,19,,,0.16
2025-11-05 21:23:38,1.17.2,Bandit100,4,3.62,1.0,20,0,100,Pellet,Right,266,290,380,19,0.41,20.0,
2025-11-05 21:23:49,1.17.2,Bandit100,4,3.62,,20,100,0,Right,Left,266,291,380,0,,,0.21
2025-11-05 21:23:51,1.17.2,Bandit100,4,3.62,,20,100,0,RightinTimeout,Left,266,291,380,0,,,0.0
2025-11-05 21:28:44,1.17.2,Bandit100,4,3.62,,20,100,0,Right,Left,266,292,380,0,,,0.08
2025-11-05 22:39:14,1.17.2,Bandit100,4,3.62,,20,100,0,Right,Left,266,293,380,0,,,0.11
2025-11-05 22:47:37,1.17.2,Bandit100,4,3.62,,20,100,0,Left,Left,267,293,380,0,,,0.15
2025-11-05 22:47:38,1.17.2,Bandit100,4,3.6,1.0,20,100,0,Pellet,Left,267,293,381,0,0.71,5040.0,
2025-11-05 22:47:49,1.17.2,Bandit100,4,3.6,,20,100,0,Left,Left,268,293,381,1,,,0.07
2025-11-05 22:47:50,1.17.2,Bandit100,4,3.51,1.0,20,100,0,Pellet,Left,268,293,382,1,0.59,12.0,
2025-11-05 22:48:08,1.17.2,Bandit100,4,3.51,,20,100,0,Left,Left,269,293,382,2,,,0.15
2025-11-05 22:48:11,1.17.2,Bandit100,4,3.51,2.0,20,100,0,Pellet,Left,269,293,383,2,0.06,21.0,
2025-11-05 22:48:19,1.17.2,Bandit100,4,3.54,,20,100,0,Left,Left,270,293,383,3,,,0.15
2025-11-05 22:48:20,1.17.2,Bandit100,4,3.61,1.0,20,100,0,Pellet,Left,270,293,384,3,0.23,9.0,
2025-11-05 22:48:28,1.17.2,Bandit100,4,3.61,,20,100,0,Left,Left,271,293,384,4,,,0.12
2025-11-05 22:48:29,1.17.2,Bandit100,4,3.6,1.0,20,100,0,Pellet,Left,271,293,385,4,0.06,9.0,
2025-11-05 22:48:43,1.17.2,Bandit100,4,3.6,,20,100,0,Left,Left,272,293,385,5,,,0.1
2025-11-05 22:48:44,1.17.2,Bandit100,4,3.61,1.0,20,100,0,Pellet,Left,272,293,386,5,0.06,15.0,
2025-11-05 22:48:50,1.17.2,Bandit100,4,3.61,,20,100,0,Left,Left,273,293,386,6,,,0.18
2025-11-05 22:48:52,1.17.2,Bandit100,4,3.61,1.0,20,100,0,Pellet,Left,273,293,387,6,0.35,8.0,
2025-11-05 22:49:02,1.17.2,Bandit100,4,3.61,,20,100,0,Left,Left,274,293,387,7,,,0.03
2025-11-05 22:49:03,1.17.2,Bandit100,4,3.62,2.0,20,100,0,Pellet,Left,274,293,388,7,0.06,11.0,
2025-11-05 22:49:24,1.17.2,Bandit100,4,3.62,,20,100,0,Left,Left,275,293,388,8,,,0.14
2025-11-05 22:49:25,1.17.2,Bandit100,4,3.59,1.0,20,100,0,Pellet,Left,275,293,389,8,0.41,22.0,
2025-11-05 22:52:06,1.17.2,Bandit100,4,3.6,,20,100,0,Right,Left,275,294,389,9,,,0.13
2025-11-05 22:52:07,1.17.2,Bandit100,4,3.6,,20,100,0,RightinTimeout,Left,275,294,389,9,,,0.0
2025-11-05 22:56:12,1.17.2,Bandit100,4,3.6,,20,100,0,Right,Left,275,295,389,9,,,0.12
2025-11-05 23:01:25,1.17.2,Bandit100,4,3.6,,20,100,0,Right,Left,275,296,389,9,,,0.17
2025-11-05 23:01:29,1.17.2,Bandit100,4,3.6,,20,100,0,RightinTimeout,Left,275,296,389,9,,,0.0
2025-11-05 23:12:49,1.17.2,Bandit100,4,3.6,,20,100,0,Right,Left,275,297,389,9,,,0.21
2025-11-05 23:19:00,1.17.2,Bandit100,4,3.6,,20,100,0,Right,Left,275,298,389,9,,,0.15
2025-11-05 23:19:28,1.17.2,Bandit100,4,3.59,,20,100,0,Left,Left,276,298,389,9,,,0.14
2025-11-05 23:19:30,1.17.2,Bandit100,4,3.57,1.0,20,100,0,Pellet,Left,276,298,390,9,0.53,1805.0,
2025-11-05 23:20:30,1.17.2,Bandit100,4,3.57,,20,100,0,Right,Left,276,299,390,10,,,0.12
2025-11-05 23:30:44,1.17.2,Bandit100,4,3.57,,20,100,0,Right,Left,276,300,390,10,,,0.31
2025-11-05 23:30:48,1.17.2,Bandit100,4,3.57,,20,100,0,RightinTimeout,Left,276,300,390,10,,,0.0
2025-11-05 23:30:50,1.17.2,Bandit100,4,3.57,,20,100,0,RightinTimeout,Left,276,300,390,10,,,0.0
2025-11-05 23:30:50,1.17.2,Bandit100,4,3.56,,20,100,0,RightinTimeout,Left,276,300,390,10,,,0.0
2025-11-05 23:31:56,1.17.2,Bandit100,4,3.57,,20,100,0,Left,Left,277,300,390,10,,,0.1
2025-11-05 23:31:59,1.17.2,Bandit100,4,3.61,3.0,20,100,0,Pellet,Left,277,300,391,10,0.12,749.0,
2025-11-05 23:32:52,1.17.2,Bandit100,4,3.61,,20,100,0,Left,Left,278,300,391,11,,,0.15
2025-11-05 23:32:54,1.17.2,Bandit100,4,3.6,2.0,20,100,0,Pellet,Left,278,300,392,11,0.35,55.0,
2025-11-05 23:33:04,1.17.2,Bandit100,4,3.6,,20,100,0,Left,Left,279,300,392,12,,,0.29
2025-11-05 23:33:06,1.17.2,Bandit100,4,3.62,2.0,20,100,0,Pellet,Left,279,300,393,12,0.06,12.0,
2025-11-05 23:33:13,1.17.2,Bandit100,4,3.62,,20,100,0,Left,Left,280,300,393,13,,,0.27
2025-11-05 23:33:15,1.17.2,Bandit100,4,3.59,2.0,20,100,0,Pellet,Left,280,300,394,13,1.13,9.0,
2025-11-05 23:33:31,1.17.2,Bandit100,4,3.6,,20,100,0,Left,Left,281,300,394,14,,,0.12
2025-11-05 23:33:33,1.17.2,Bandit100,4,3.6,1.0,20,100,0,Pellet,Left,281,300,395,14,1.01,18.0,
2025-11-05 23:33:46,1.17.2,Bandit100,4,3.6,,20,100,0,Left,Left,282,300,395,15,,,0.33
2025-11-05 23:33:47,1.17.2,Bandit100,4,3.6,1.0,20,100,0,Pellet,Left,282,300,396,15,0.06,14.0,
2025-11-05 23:33:56,1.17.2,Bandit100,4,3.6,,20,100,0,Left,Left,283,300,396,16,,,0.28
2025-11-05 23:33:59,1.17.2,Bandit100,4,3.6,2.0,20,100,0,Pellet,Left,283,300,397,16,0.29,12.0,
2025-11-05 23:34:24,1.17.2,Bandit100,4,3.6,,20,100,0,Left,Left,284,300,397,17,,,0.17
2025-11-05 23:34:25,1.17.2,Bandit100,4,3.6,1.0,20,100,0,Pellet,Left,284,300,398,17,0.47,26.0,
2025-11-05 23:35:33,1.17.2,Bandit100,4,3.61,,20,100,0,Right,Left,284,301,398,18,,,0.12
2025-11-05 23:40:19,1.17.2,Bandit100,4,3.6,,20,100,0,Left,Left,285,301,398,18,,,0.0
2025-11-05 23:40:21,1.17.2,Bandit100,4,3.59,1.0,20,100,0,Pellet,Left,285,301,399,18,0.65,356.0,
2025-11-05 23:40:45,1.17.2,Bandit100,4,3.6,,20,100,0,Left,Left,286,301,399,19,,,0.34
2025-11-05 23:40:46,1.17.2,Bandit100,4,3.6,1.0,20,100,0,Pellet,Left,286,301,400,19,0.65,25.0,
2025-11-05 23:42:26,1.17.2,Bandit100,4,3.6,,20,0,100,Left,Right,287,301,400,0,,,0.17
2025-11-05 23:45:05,1.17.2,Bandit100,4,3.6,,20,0,100,Left,Right,288,301,400,0,,,0.15
2025-11-05 23:45:06,1.17.2,Bandit100,4,3.59,,20,0,100,LeftinTimeOut,Right,288,301,400,0,,,
2025-11-05 23:46:54,1.17.2,Bandit100,4,3.6,,20,0,100,Right,Right,288,302,400,0,,,0.14
2025-11-05 23:46:56,1.17.2,Bandit100,4,3.6,1.0,20,0,100,Pellet,Right,288,302,401,0,1.25,370.0,
2025-11-05 23:47:05,1.17.2,Bandit100,4,3.6,,20,0,100,Right,Right,288,303,401,1,,,0.34
2025-11-05 23:47:07,1.17.2,Bandit100,4,3.62,1.0,20,0,100,Pellet,Right,288,303,402,1,0.47,11.0,
2025-11-05 23:48:20,1.17.2,Bandit100,4,3.62,,20,0,100,Left,Right,289,303,402,2,,,0.25
2025-11-05 23:48:21,1.17.2,Bandit100,4,3.61,,20,0,100,LeftinTimeOut,Right,289,303,402,2,,,
2025-11-05 23:48:23,1.17.2,Bandit100,4,3.62,,20,0,100,LeftinTimeOut,Right,289,303,402,2,,,
2025-11-05 23:48:24,1.17.2,Bandit100,4,3.62,,20,0,100,LeftinTimeOut,Right,289,303,402,2,,,
2025-11-05 23:48:24,1.17.2,Bandit100,4,3.61,,20,0,100,LeftinTimeOut,Right,289,303,402,2,,,
2025-11-05 23:48:26,1.17.2,Bandit100,4,3.61,,20,0,100,LeftinTimeOut,Right,289,303,402,2,,,
2025-11-05 23:48:26,1.17.2,Bandit100,4,3.62,,20,0,100,LeftinTimeOut,Right,289,303,402,2,,,
2025-11-05 23:53:00,1.17.2,Bandit100,4,3.61,,20,0,100,Right,Right,289,304,402,2,,,0.16
2025-11-05 23:53:01,1.17.2,Bandit100,4,3.6,1.0,20,0,100,Pellet,Right,289,304,403,2,0.29,354.0,
2025-11-06 00:05:24,1.17.2,Bandit100,4,3.6,,20,0,100,Right,Right,289,305,403,3,,,0.04
2025-11-06 00:05:27,1.17.2,Bandit100,4,3.6,2.0,20,0,100,Pellet,Right,289,305,404,3,0.06,746.0,
2025-11-06 01:21:45,1.17.2,Bandit100,4,3.6,,20,0,100,Right,Right,289,306,404,4,,,0.08
2025-11-06 01:21:46,1.17.2,Bandit100,4,3.61,1.0,20,0,100,Pellet,Right,289,306,405,4,0.41,4579.0,
2025-11-06 01:21:57,1.17.2,Bandit100,4,3.61,,20,0,100,Right,Right,289,307,405,5,,,0.15
2025-11-06 01:21:57,1.17.2,Bandit100,4,3.61,,20,0,100,RightDuringDispense,Right,289,307,405,5,,,0.04
2025-11-06 01:22:05,1.17.2,Bandit100,4,3.61,2.0,20,0,100,Pellet,Right,289,307,406,5,5.39,19.0,
2025-11-06 01:22:22,1.17.2,Bandit100,4,3.62,,20,0,100,Right,Right,289,308,406,6,,,0.2
2025-11-06 01:22:23,1.17.2,Bandit100,4,3.6,1.0,20,0,100,Pellet,Right,289,308,407,6,0.47,18.0,
2025-11-06 01:22:34,1.17.2,Bandit100,4,3.61,,20,0,100,Right,Right,289,309,407,7,,,0.21
2025-11-06 01:22:35,1.17.2,Bandit100,4,3.61,,20,0,100,RightDuringDispense,Right,289,309,407,7,,,0.16
2025-11-06 01:22:38,1.17.2,Bandit100,4,3.6,3.0,20,0,100,Pellet,Right,289,309,408,7,0.23,15.0,
2025-11-06 01:22:44,1.17.2,Bandit100,4,3.6,,20,0,100,Right,Right,289,310,408,8,,,0.07
2025-11-06 01:22:46,1.17.2,Bandit100,4,3.61,1.0,20,0,100,Pellet,Right,289,310,409,8,0.83,8.0,
2025-11-06 01:23:04,1.17.2,Bandit100,4,3.61,,20,0,100,Right,Right,289,311,409,9,,,0.17
2025-11-06 01:23:04,1.17.2,Bandit100,4,3.61,,20,0,100,RightDuringDispense,Right,289,311,409,9,,,0.05
2025-11-06 01:23:08,1.17.2,Bandit100,4,3.62,2.0,20,0,100,Pellet,Right,289,311,410,9,1.55,22.0,
2025-11-06 01:23:17,1.17.2,Bandit100,4,3.61,,20,0,100,Right,Right,289,312,410,10,,,0.13
2025-11-06 01:23:20,1.17.2,Bandit100,4,3.57,2.0,20,0,100,Pellet,Right,289,312,411,10,0.29,12.0,
2025-11-06 01:23:33,1.17.2,Bandit100,4,3.57,,20,0,100,Right,Right,289,313,411,11,,,0.22
2025-11-06 01:23:35,1.17.2,Bandit100,4,3.61,1.0,20,0,100,Pellet,Right,289,313,412,11,0.83,15.0,
2025-11-06 01:23:57,1.17.2,Bandit100,4,3.61,,20,0,100,Right,Right,289,314,412,12,,,0.11
2025-11-06 01:23:58,1.17.2,Bandit100,4,3.6,1.0,20,0,100,Pellet,Right,289,314,413,12,0.65,23.0,
2025-11-06 01:24:55,1.17.2,Bandit100,4,3.6,,20,0,100,Right,Right,289,315,413,13,,,0.2
2025-11-06 01:24:56,1.17.2,Bandit100,4,3.6,1.0,20,0,100,Pellet,Right,289,315,414,13,0.47,58.0,
2025-11-06 01:25:07,1.17.2,Bandit100,4,3.61,,20,0,100,Right,Right,289,316,414,14,,,0.23
2025-11-06 01:25:08,1.17.2,Bandit100,4,3.62,1.0,20,0,100,Pellet,Right,289,316,415,14,0.35,12.0,
2025-11-06 01:25:45,1.17.2,Bandit100,4,3.61,,20,0,100,Left,Right,290,316,415,15,,,0.02
2025-11-06 01:25:47,1.17.2,Bandit100,4,3.61,,20,0,100,LeftinTimeOut,Right,290,316,415,15,,,
2025-11-06 01:35:04,1.17.2,Bandit100,4,3.61,,20,0,100,Right,Right,290,317,415,15,,,0.03
2025-11-06 01:35:05,1.17.2,Bandit100,4,3.58,1.0,20,0,100,Pellet,Right,290,317,416,15,0.41,597.0,
2025-11-06 01:35:24,1.17.2,Bandit100,4,3.58,,20,0,100,Right,Right,290,318,416,16,,,0.14
2025-11-06 01:35:26,1.17.2,Bandit100,4,3.61,1.0,20,0,100,Pellet,Right,290,318,417,16,0.41,21.0,
2025-11-06 01:36:07,1.17.2,Bandit100,4,3.61,,20,0,100,Right,Right,290,319,417,17,,,0.14
2025-11-06 01:36:07,1.17.2,Bandit100,4,3.55,,20,0,100,RightDuringDispense,Right,290,319,417,17,,,0.01
2025-11-06 01:36:08,1.17.2,Bandit100,4,3.58,1.0,20,0,100,Pellet,Right,290,319,418,17,0.47,42.0,
2025-11-06 01:36:24,1.17.2,Bandit100,4,3.58,,20,0,100,Right,Right,290,320,418,18,,,0.15
2025-11-06 01:36:25,1.17.2,Bandit100,4,3.6,2.0,20,0,100,Pellet,Right,290,320,419,18,0.47,17.0,
2025-11-06 01:36:45,1.17.2,Bandit100,4,3.6,,20,0,100,Right,Right,290,321,419,19,,,0.28
2025-11-06 01:36:46,1.17.2,Bandit100,4,3.6,1.0,20,0,100,Pellet,Right,290,321,420,19,0.47,21.0,
2025-11-06 01:36:59,1.17.2,Bandit100,4,3.6,,20,100,0,Right,Left,290,322,420,0,,,0.1
2025-11-06 01:42:43,1.17.2,Bandit100,4,3.6,,20,100,0,Right,Left,290,323,420,0,,,0.07
2025-11-06 02:46:34,1.17.2,Bandit100,4,3.6,,20,100,0,Right,Left,290,324,420,0,,,0.22
2025-11-06 02:46:39,1.17.2,Bandit100,4,3.59,,20,100,0,RightinTimeout,Left,290,324,420,0,,,0.0
2025-11-06 03:17:48,1.17.2,Bandit100,4,3.6,,20,100,0,Right,Left,290,325,420,0,,,0.02
2025-11-06 03:17:49,1.17.2,Bandit100,4,3.6,,20,100,0,RightinTimeout,Left,290,325,420,0,,,0.0
2025-11-06 03:19:07,1.17.2,Bandit100,4,3.6,,20,100,0,Left,Left,291,325,420,0,,,0.24
2025-11-06 03:19:08,1.17.2,Bandit100,4,3.6,1.0,20,100,0,Pellet,Left,291,325,421,0,0.47,6142.0,
2025-11-06 03:19:40,1.17.2,Bandit100,4,3.6,,20,100,0,Right,Left,291,326,421,1,,,0.26
2025-11-06 03:19:40,1.17.2,Bandit100,4,3.6,,20,100,0,RightinTimeout,Left,291,326,421,1,,,0.0
2025-11-06 03:19:43,1.17.2,Bandit100,4,3.6,,20,100,0,LeftinTimeOut,Left,291,326,421,1,,,
2025-11-06 03:52:53,1.17.2,Bandit100,4,3.6,,20,100,0,Left,Left,292,326,421,1,,,0.0
2025-11-06 03:52:56,1.17.2,Bandit100,4,3.61,1.0,20,100,0,Pellet,Left,292,326,422,1,2.15,2028.0,
2025-11-06 03:53:09,1.17.2,Bandit100,4,3.62,,20,100,0,Left,Left,293,326,422,2,,,0.12
2025-11-06 03:53:10,1.17.2,Bandit100,4,3.6,1.0,20,100,0,Pellet,Left,293,326,423,2,1.13,14.0,
2025-11-06 03:53:21,1.17.2,Bandit100,4,3.6,,20,100,0,Left,Left,294,326,423,3,,,0.13
2025-11-06 03:53:23,1.17.2,Bandit100,4,3.6,1.0,20,100,0,Pellet,Left,294,326,424,3,0.59,13.0,
2025-11-06 03:53:47,1.17.2,Bandit100,4,3.6,,20,100,0,Left,Left,295,326,424,4,,,0.3
2025-11-06 03:53:48,1.17.2,Bandit100,4,3.6,2.0,20,100,0,Pellet,Left,295,326,425,4,0.47,25.0,
2025-11-06 03:54:03,1.17.2,Bandit100,4,3.6,,20,100,0,Left,Left,296,326,425,5,,,0.16
2025-11-06 03:54:04,1.17.2,Bandit100,4,3.61,1.0,20,100,0,Pellet,Left,296,326,426,5,0.35,16.0,
2025-11-06 03:54:48,1.17.2,Bandit100,4,3.6,,20,100,0,Right,Left,296,327,426,6,,,0.17
2025-11-06 03:55:25,1.17.2,Bandit100,4,3.6,,20,100,0,Right,Left,296,328,426,6,,,0.02
2025-11-06 03:55:47,1.17.2,Bandit100,4,3.61,,20,100,0,Right,Left,296,329,426,6,,,0.0
2025-11-06 03:55:49,1.17.2,Bandit100,4,3.61,,20,100,0,RightinTimeout,Left,296,329,426,6,,,0.0
2025-11-06 04:01:43,1.17.2,Bandit100,4,3.61,,20,100,0,Right,Left,296,330,426,6,,,0.13
2025-11-06 04:17:17,1.17.2,Bandit100,4,3.6,,20,100,0,Right,Left,296,331,426,6,,,0.38
2025-11-06 04:17:18,1.17.2,Bandit100,4,3.61,,20,100,0,RightinTimeout,Left,296,331,426,6,,,0.0
2025-11-06 04:17:18,1.17.2,Bandit100,4,3.61,,20,100,0,RightinTimeout,Left,296,331,426,6,,,0.0
2025-11-06 04:17:20,1.17.2,Bandit100,4,3.62,,20,100,0,RightinTimeout,Left,296,331,426,6,,,0.0
2025-11-06 04:18:12,1.17.2,Bandit100,4,3.6,,20,100,0,Right,Left,296,332,426,6,,,0.02
2025-11-06 04:28:34,1.17.2,Bandit100,4,3.6,,20,100,0,Right,Left,296,333,426,6,,,0.02
2025-11-06 04:28:38,1.17.2,Bandit100,4,3.59,,20,100,0,RightinTimeout,Left,296,333,426,6,,,0.0
2025-11-06 04:28:39,1.17.2,Bandit100,4,3.6,,20,100,0,RightinTimeout,Left,296,333,426,6,,,0.0
2025-11-06 04:28:39,1.17.2,Bandit100,4,3.6,,20,100,0,RightinTimeout,Left,296,333,426,6,,,0.0
2025-11-06 04:28:41,1.17.2,Bandit100,4,3.6,,20,100,0,LeftinTimeOut,Left,296,333,426,6,,,
2025-11-06 04:28:46,1.17.2,Bandit100,4,3.6,,20,100,0,RightinTimeout,Left,296,333,426,6,,,0.0
2025-11-06 04:30:57,1.17.2,Bandit100,4,3.6,,20,100,0,Right,Left,296,334,426,6,,,0.15
2025-11-06 04:31:33,1.17.2,Bandit100,4,3.61,,20,100,0,Right,Left,296,335,426,6,,,0.14
2025-11-06 04:31:34,1.17.2,Bandit100,4,3.61,,20,100,0,RightinTimeout,Left,296,335,426,6,,,0.0
2025-11-06 04:31:35,1.17.2,Bandit100,4,3.6,,20,100,0,RightinTimeout,Left,296,335,426,6,,,0.0
2025-11-06 04:31:36,1.17.2,Bandit100,4,3.61,,20,100,0,RightinTimeout,Left,296,335,426,6,,,0.0
2025-11-06 04:31:37,1.17.2,Bandit100,4,3.6,,20,100,0,RightinTimeout,Left,296,335,426,6,,,0.0
2025-11-06 04:32:02,1.17.2,Bandit100,4,3.6,,20,100,0,Right,Left,296,336,426,6,,,0.17
2025-11-06 04:32:03,1.17.2,Bandit100,4,3.61,,20,100,0,RightinTimeout,Left,296,336,426,6,,,0.0
2025-11-06 04:34:16,1.17.2,Bandit100,4,3.61,,20,100,0,Left,Left,297,336,426,6,,,0.03
2025-11-06 04:34:18,1.17.2,Bandit100,4,3.61,1.0,20,100,0,Pellet,Left,297,336,427,6,0.41,2414.0,
2025-11-06 04:34:26,1.17.2,Bandit100,4,3.61,,20,100,0,Left,Left,298,336,427,7,,,0.06
2025-11-06 04:34:28,1.17.2,Bandit100,4,3.61,1.0,20,100,0,Pellet,Left,298,336,428,7,0.59,10.0,
2025-11-06 04:34:39,1.17.2,Bandit100,4,3.61,,20,100,0,Left,Left,299,336,428,8,,,0.02
2025-11-06 04:34:40,1.17.2,Bandit100,4,3.61,1.0,20,100,0,Pellet,Left,299,336,429,8,0.47,12.0,
2025-11-06 04:35:00,1.17.2,Bandit100,4,3.6,,20,100,0,Left,Left,300,336,429,9,,,0.1
2025-11-06 04:35:01,1.17.2,Bandit100,4,3.61,1.0,20,100,0,Pellet,Left,300,336,430,9,0.53,21.0,
2025-11-06 04:35:23,1.17.2,Bandit100,4,3.62,,20,100,0,Left,Left,301,336,430,10,,,0.05
2025-11-06 04:35:24,1.17.2,Bandit100,4,3.58,2.0,20,100,0,Pellet,Left,301,336,431,10,0.17,23.0,
2025-11-06 04:35:36,1.17.2,Bandit100,4,3.59,,20,100,0,Left,Left,302,336,431,11,,,0.06
2025-11-06 04:35:37,1.17.2,Bandit100,4,3.6,1.0,20,100,0,Pellet,Left,302,336,432,11,0.47,13.0,
2025-11-06 04:35:56,1.17.2,Bandit100,4,3.6,,20,100,0,Left,Left,303,336,432,12,,,0.09
2025-11-06 04:35:58,1.17.2,Bandit100,4,3.61,1.0,20,100,0,Pellet,Left,303,336,433,12,1.61,21.0,
2025-11-06 04:36:08,1.17.2,Bandit100,4,3.61,,20,100,0,Left,Left,304,336,433,13,,,0.13
2025-11-06 04:36:09,1.17.2,Bandit100,4,3.61,1.0,20,100,0,Pellet,Left,304,336,434,13,0.59,11.0,
2025-11-06 04:36:38,1.17.2,Bandit100,4,3.62,,20,100,0,Left,Left,305,336,434,14,,,0.1
2025-11-06 04:36:39,1.17.2,Bandit100,4,3.61,1.0,20,100,0,Pellet,Left,305,336,435,14,0.59,30.0,
2025-11-06 04:37:39,1.17.2,Bandit100,4,3.61,,20,100,0,Left,Left,306,336,435,15,,,0.17
2025-11-06 04:37:40,1.17.2,Bandit100,4,3.6,1.0,20,100,0,Pellet,Left,306,336,436,15,0.35,61.0,
2025-11-06 04:37:54,1.17.2,Bandit100,4,3.61,,20,100,0,Left,Left,307,336,436,16,,,0.15
2025-11-06 04:37:56,1.17.2,Bandit100,4,3.61,1.0,20,100,0,Pellet,Left,307,336,437,16,1.25,16.0,
2025-11-06 04:38:03,1.17.2,Bandit100,4,3.62,,20,100,0,Left,Left,308,336,437,17,,,0.09
2025-11-06 04:38:04,1.17.2,Bandit100,4,3.62,1.0,20,100,0,Pellet,Left,308,336,438,17,0.47,8.0,
2025-11-06 04:38:23,1.17.2,Bandit100,4,3.6,,20,100,0,Left,Left,309,336,438,18,,,0.19
2025-11-06 04:38:24,1.17.2,Bandit100,4,3.6,1.0,20,100,0,Pellet,Left,309,336,439,18,0.47,20.0,
2025-11-06 04:38:58,1.17.2,Bandit100,4,3.6,,20,100,0,Left,Left,310,336,439,19,,,0.13
2025-11-06 04:38:59,1.17.2,Bandit100,4,3.6,2.0,20,100,0,Pellet,Left,310,336,440,19,0.23,35.0,
2025-11-06 04:39:12,1.17.2,Bandit100,4,3.59,,20,0,100,Left,Right,311,336,440,0,,,0.15
2025-11-06 04:40:19,1.17.2,Bandit100,4,3.58,,20,0,100,Right,Right,311,337,440,0,,,0.16
2025-11-06 04:40:20,1.17.2,Bandit100,4,3.6,1.0,20,0,100,Pellet,Right,311,337,441,0,0.06,81.0,
2025-11-06 04:51:07,1.17.2,Bandit100,4,3.6,,20,0,100,Left,Right,312,337,441,1,,,0.04
2025-11-06 05:06:37,1.17.2,Bandit100,4,3.6,,20,0,100,Right,Right,312,338,441,1,,,0.18
2025-11-06 05:06:38,1.17.2,Bandit100,4,3.6,1.0,20,0,100,Pellet,Right,312,338,442,1,0.47,1578.0,
2025-11-06 05:23:34,1.17.2,Bandit100,4,3.6,,20,0,100,Right,Right,312,339,442,2,,,0.19
2025-11-06 05:23:35,1.17.2,Bandit100,4,3.61,1.0,20,0,100,Pellet,Right,312,339,443,2,0.35,1017.0,
2025-11-06 05:29:29,1.17.2,Bandit100,4,3.6,,20,0,100,Right,Right,312,340,443,3,,,0.22
2025-11-06 05:29:30,1.17.2,Bandit100,4,3.6,1.0,20,0,100,Pellet,Right,312,340,444,3,0.35,355.0,
2025-11-06 05:31:03,1.17.2,Bandit100,4,3.6,,20,0,100,Right,Right,312,341,444,4,,,0.09
2025-11-06 05:31:04,1.17.2,Bandit100,4,3.6,1.0,20,0,100,Pellet,Right,312,341,445,4,0.53,94.0,
2025-11-06 05:31:24,1.17.2,Bandit100,4,3.6,,20,0,100,Right,Right,312,342,445,5,,,0.17
2025-11-06 05:31:26,1.17.2,Bandit100,4,3.6,1.0,20,0,100,Pellet,Right,312,342,446,5,1.31,22.0,
2025-11-06 05:31:48,1.17.2,Bandit100,4,3.6,,20,0,100,Right,Right,312,343,446,6,,,0.1
2025-11-06 05:31:50,1.17.2,Bandit100,4,3.6,1.0,20,0,100,Pellet,Right,312,343,447,6,0.71,24.0,
2025-11-06 05:32:05,1.17.2,Bandit100,4,3.6,,20,0,100,Right,Right,312,344,447,7,,,0.14
2025-11-06 05:32:06,1.17.2,Bandit100,4,3.6,2.0,20,0,100,Pellet,Right,312,344,448,7,0.47,16.0,
2025-11-06 05:39:11,1.17.2,Bandit100,4,3.6,,20,0,100,Right,Right,312,345,448,8,,,0.03
2025-11-06 05:39:13,1.17.2,Bandit100,4,3.6,1.0,20,0,100,Pellet,Right,312,345,449,8,0.71,427.0,
2025-11-06 05:39:31,1.17.2,Bandit100,4,3.6,,20,0,100,Right,Right,312,346,449,9,,,0.14
2025-11-06 05:39:32,1.17.2,Bandit100,4,3.6,1.0,20,0,100,Pellet,Right,312,346,450,9,0.29,19.0,
2025-11-06 05:39:41,1.17.2,Bandit100,4,3.6,,20,0,100,Right,Right,312,347,450,10,,,0.2
2025-11-06 05:39:42,1.17.2,Bandit100,4,3.6,1.0,20,0,100,Pellet,Right,312,347,451,10,0.23,10.0,
2025-11-06 05:39:48,1.17.2,Bandit100,4,3.6,,20,0,100,Right,Right,312,348,451,11,,,0.08
2025-11-06 05:39:49,1.17.2,Bandit100,4,3.51,1.0,20,0,100,Pellet,Right,312,348,452,11,0.35,7.0,
2025-11-06 05:42:17,1.17.2,Bandit100,4,3.51,,20,0,100,Right,Right,312,349,452,12,,,0.05
2025-11-06 05:42:18,1.17.2,Bandit100,4,3.6,1.0,20,0,100,Pellet,Right,312,349,453,12,0.35,149.0,
2025-11-06 05:42:28,1.17.2,Bandit100,4,3.6,,20,0,100,Right,Right,312,350,453,13,,,0.14
2025-11-06 05:42:29,1.17.2,Bandit100,4,3.59,1.0,20,0,100,Pellet,Right,312,350,454,13,0.17,11.0,
2025-11-06 05:47:29,1.17.2,Bandit100,4,3.6,,20,0,100,Left,Right,313,350,454,14,,,0.11
2025-11-06 06:09:22,1.17.2,Bandit100,4,3.6,,20,0,100,Right,Right,313,351,454,14,,,0.11
2025-11-06 06:09:24,1.17.2,Bandit100,4,3.6,1.0,20,0,100,Pellet,Right,313,351,455,14,1.25,1615.0,
2025-11-06 06:12:06,1.17.2,Bandit100,4,3.6,,20,0,100,Left,Right,314,351,455,15,,,0.18
2025-11-06 06:22:39,1.17.2,Bandit100,4,3.6,,20,0,100,Left,Right,315,351,455,15,,,0.11
2025-11-06 07:47:02,1.17.2,Bandit100,4,3.6,,20,0,100,Left,Right,316,351,455,15,,,0.14
2025-11-06 07:55:09,1.17.2,Bandit100,4,3.6,,20,0,100,Left,Right,317,351,455,15,,,0.15
2025-11-06 07:55:10,1.17.2,Bandit100,4,3.6,,20,0,100,LeftinTimeOut,Right,317,351,455,15,,,
2025-11-06 07:55:35,1.17.2,Bandit100,4,3.6,,20,0,100,Right,Right,317,352,455,15,,,0.23
2025-11-06 07:55:36,1.17.2,Bandit100,4,3.51,1.0,20,0,100,Pellet,Right,317,352,456,15,0.41,6372.0,
2025-11-06 12:44:54,1.17.2,Bandit100,4,3.55,,20,0,100,Left,Right,318,352,456,16,,,0.16
2025-11-06 12:44:55,1.17.2,Bandit100,4,3.54,,20,0,100,LeftinTimeOut,Right,318,352,456,16,,,
2025-11-06 12:52:34,1.17.2,Bandit100,4,3.56,,20,0,100,Right,Right,318,353,456,16,,,0.06
2025-11-06 12:52:35,1.17.2,Bandit100,4,3.59,1.0,20,0,100,Pellet,Right,318,353,457,16,0.47,17819.0,
2025-11-06 12:53:02,1.17.2,Bandit100,4,3.6,,20,0,100,Right,Right,318,354,457,17,,,0.1
2025-11-06 12:53:04,1.17.2,Bandit100,4,3.57,1.0,20,0,100,Pellet,Right,318,354,458,17,0.53,29.0,
2025-11-06 12:56:05,1.17.2,Bandit100,4,3.58,,20,0,100,Left,Right,319,354,458,18,,,0.01
2025-11-06 13:00:01,1.17.2,Bandit100,4,3.57,,20,0,100,Left,Right,320,354,458,18,,,0.03
2025-11-06 13:00:01,1.17.2,Bandit100,4,3.58,,20,0,100,LeftinTimeOut,Right,320,354,458,18,,,
2025-11-06 13:00:03,1.17.2,Bandit100,4,3.59,,20,0,100,LeftinTimeOut,Right,320,354,458,18,,,
2025-11-06 13:00:06,1.17.2,Bandit100,4,3.58,,20,0,100,LeftinTimeOut,Right,320,354,458,18,,,
2025-11-06 13:01:32,1.17.2,Bandit100,4,3.59,,20,0,100,Left,Right,321,354,458,18,,,0.01
