MM:DD:YYYY hh:mm:ss,Library_Version,Session_type,Device_Number,Battery_Voltage,Motor_Turns,FR,Event,Active_Poke,Left_Poke_Count,Right_Poke_Count,Pellet_Count,Block_Pellet_Count,Retrieval_Time,InterPelletInterval,Poke_Time
11/12/2025 15:55:33,1.17.2,PR1,4,3.89,nan,1,Right,Left,0,1,0,0,nan,nan,0.19
11/12/2025 16:01:27,1.17.2,PR1,4,3.89,nan,1,Left,Left,1,1,0,0,nan,nan,0.00
11/12/2025 16:01:31,1.17.2,PR1,4,3.89,2,1,Pellet,Left,1,1,1,1,0.59,nan,nan
11/12/2025 16:02:08,1.17.2,PR1,4,3.89,nan,2,Right,Left,1,2,1,1,nan,nan,0.12
11/12/2025 16:05:57,1.17.2,PR1,4,3.89,nan,2,Right,Left,1,3,1,1,nan,nan,0.11
11/12/2025 16:06:10,1.17.2,PR1,4,3.89,nan,2,Right,Left,1,4,1,1,nan,nan,0.24
11/12/2025 16:06:12,1.17.2,PR1,4,3.89,nan,2,Right,Left,1,5,1,1,nan,nan,0.09
11/12/2025 16:08:43,1.17.2,PR1,4,3.89,nan,2,Right,Left,1,6,1,1,nan,nan,0.09
11/12/2025 16:08:44,1.17.2,PR1,4,3.89,nan,2,Right,Left,1,7,1,1,nan,nan,0.29
11/12/2025 16:08:46,1.17.2,PR1,4,3.89,nan,2,Right,Left,1,8,1,1,nan,nan,0.09
11/12/2025 16:14:03,1.17.2,PR1,4,3.89,nan,2,Left,Left,2,8,1,1,nan,nan,0.14
11/12/2025 16:17:39,1.17.2,PR1,4,3.89,nan,2,Right,Left,2,9,1,1,nan,nan,0.06
11/12/2025 16:27:55,1.17.2,PR1,4,3.89,nan,2,Left,Left,3,9,1,1,nan,nan,0.02
11/12/2025 16:27:57,1.17.2,PR1,4,3.89,1,2,Pellet,Left,3,9,2,2,0.65,1586,nan
11/12/2025 16:28:14,1.17.2,PR1,4,3.89,nan,3,Left,Left,4,9,2,2,nan,nan,0.32
11/12/2025 16:28:16,1.17.2,PR1,4,3.88,nan,3,Left,Left,5,9,2,2,nan,nan,0.26
11/12/2025 16:28:18,1.17.2,PR1,4,3.89,nan,3,Left,Left,6,9,2,2,nan,nan,0.36
11/12/2025 16:28:19,1.17.2,PR1,4,3.89,1,3,Pellet,Left,6,9,3,3,0.53,22,nan
11/12/2025 16:28:37,1.17.2,PR1,4,3.89,nan,4,Left,Left,7,9,3,3,nan,nan,0.05
11/12/2025 16:28:38,1.17.2,PR1,4,3.89,nan,4,Left,Left,8,9,3,3,nan,nan,0.22
11/12/2025 16:28:40,1.17.2,PR1,4,3.89,nan,4,Left,Left,9,9,3,3,nan,nan,0.04
11/12/2025 16:28:40,1.17.2,PR1,4,3.89,nan,4,Left,Left,10,9,3,3,nan,nan,0.20
11/12/2025 16:28:42,1.17.2,PR1,4,3.88,1,4,Pellet,Left,10,9,4,4,0.35,23,nan
11/12/2025 16:29:11,1.17.2,PR1,4,3.89,nan,5,Left,Left,11,9,4,4,nan,nan,0.08
11/12/2025 16:29:13,1.17.2,PR1,4,3.89,nan,5,Left,Left,12,9,4,4,nan,nan,0.06
11/12/2025 17:20:01,1.17.2,PR1,4,3.88,nan,1,Left,Left,13,9,4,0,nan,nan,0.10
11/12/2025 17:20:03,1.17.2,PR1,4,3.89,1,1,Pellet,Left,13,9,5,1,0.71,3081,nan
11/12/2025 17:20:12,1.17.2,PR1,4,3.89,nan,2,Left,Left,14,9,5,1,nan,nan,0.19
11/12/2025 17:20:14,1.17.2,PR1,4,3.88,nan,2,Left,Left,15,9,5,1,nan,nan,0.07
11/12/2025 17:20:15,1.17.2,PR1,4,3.89,1,2,Pellet,Left,15,9,6,2,0.35,12,nan
11/12/2025 17:20:25,1.17.2,PR1,4,3.89,nan,3,Left,Left,16,9,6,2,nan,nan,0.35
11/12/2025 17:20:28,1.17.2,PR1,4,3.89,nan,3,Left,Left,17,9,6,2,nan,nan,0.33
11/12/2025 17:20:30,1.17.2,PR1,4,3.89,nan,3,Left,Left,18,9,6,2,nan,nan,0.34
11/12/2025 17:20:31,1.17.2,PR1,4,3.88,1,3,Pellet,Left,18,9,7,3,0.83,16,nan
11/12/2025 17:20:40,1.17.2,PR1,4,3.89,nan,4,Left,Left,19,9,7,3,nan,nan,0.13
11/12/2025 17:20:41,1.17.2,PR1,4,3.89,nan,4,Left,Left,20,9,7,3,nan,nan,0.51
11/12/2025 17:20:43,1.17.2,PR1,4,3.89,nan,4,Left,Left,21,9,7,3,nan,nan,0.50
11/12/2025 17:20:49,1.17.2,PR1,4,3.88,nan,4,Left,Left,22,9,7,3,nan,nan,0.39
11/12/2025 17:20:50,1.17.2,PR1,4,3.89,1,4,Pellet,Left,22,9,8,4,0.29,19,nan
11/12/2025 17:21:01,1.17.2,PR1,4,3.89,nan,5,Left,Left,23,9,8,4,nan,nan,0.11
11/12/2025 17:21:03,1.17.2,PR1,4,3.89,nan,5,Left,Left,24,9,8,4,nan,nan,0.31
11/12/2025 17:21:09,1.17.2,PR1,4,3.88,nan,5,Left,Left,25,9,8,4,nan,nan,0.19
11/12/2025 17:21:10,1.17.2,PR1,4,3.89,nan,5,Left,Left,26,9,8,4,nan,nan,0.21
11/12/2025 17:21:11,1.17.2,PR1,4,3.89,nan,5,Left,Left,27,9,8,4,nan,nan,0.24
11/12/2025 17:21:12,1.17.2,PR1,4,3.89,1,5,Pellet,Left,27,9,9,5,0.17,22,nan
11/12/2025 17:21:22,1.17.2,PR1,4,3.89,nan,6,Left,Left,28,9,9,5,nan,nan,0.13
11/12/2025 17:21:24,1.17.2,PR1,4,3.89,nan,6,Left,Left,29,9,9,5,nan,nan,0.16
11/12/2025 17:21:26,1.17.2,PR1,4,3.88,nan,6,Left,Left,30,9,9,5,nan,nan,0.20
11/12/2025 17:21:30,1.17.2,PR1,4,3.88,nan,6,Left,Left,31,9,9,5,nan,nan,0.18
11/12/2025 17:21:32,1.17.2,PR1,4,3.88,nan,6,Left,Left,32,9,9,5,nan,nan,0.12
11/12/2025 17:21:35,1.17.2,PR1,4,3.89,nan,6,Right,Left,32,10,9,5,nan,nan,0.25
11/12/2025 17:21:37,1.17.2,PR1,4,3.88,nan,6,Right,Left,32,11,9,5,nan,nan,0.18
11/12/2025 17:28:38,1.17.2,PR1,4,3.89,nan,6,Left,Left,33,11,9,5,nan,nan,0.50
11/12/2025 17:28:40,1.17.2,PR1,4,3.89,1,6,Pellet,Left,33,11,10,6,0.59,447,nan
11/12/2025 17:28:47,1.17.2,PR1,4,3.88,nan,7,Left,Left,34,11,10,6,nan,nan,0.13
11/12/2025 17:28:48,1.17.2,PR1,4,3.89,nan,7,Left,Left,35,11,10,6,nan,nan,0.16
11/12/2025 17:28:50,1.17.2,PR1,4,3.88,nan,7,Left,Left,36,11,10,6,nan,nan,0.20
11/12/2025 17:28:51,1.17.2,PR1,4,3.88,nan,7,Left,Left,37,11,10,6,nan,nan,0.57
11/12/2025 17:28:54,1.17.2,PR1,4,3.89,nan,7,Left,Left,38,11,10,6,nan,nan,0.44
11/12/2025 17:28:55,1.17.2,PR1,4,3.89,nan,7,Left,Left,39,11,10,6,nan,nan,0.16
11/12/2025 17:29:34,1.17.2,PR1,4,3.89,nan,7,Right,Left,39,12,10,6,nan,nan,0.11
11/12/2025 17:29:37,1.17.2,PR1,4,3.88,nan,7,Right,Left,39,13,10,6,nan,nan,0.59
11/12/2025 17:29:38,1.17.2,PR1,4,3.89,nan,7,Right,Left,39,14,10,6,nan,nan,0.16
11/12/2025 17:29:41,1.17.2,PR1,4,3.89,nan,7,Right,Left,39,15,10,6,nan,nan,0.32
11/12/2025 17:51:21,1.17.2,PR1,4,3.89,nan,7,Left,Left,40,15,10,6,nan,nan,0.13
11/12/2025 17:51:23,1.17.2,PR1,4,3.89,1,7,Pellet,Left,40,15,11,7,1.13,1364,nan
11/12/2025 17:51:34,1.17.2,PR1,4,3.89,nan,8,Left,Left,41,15,11,7,nan,nan,0.46
11/12/2025 17:51:36,1.17.2,PR1,4,3.88,nan,8,Left,Left,42,15,11,7,nan,nan,0.27
11/12/2025 17:51:39,1.17.2,PR1,4,3.89,nan,8,Left,Left,43,15,11,7,nan,nan,0.45
11/12/2025 17:51:42,1.17.2,PR1,4,3.89,nan,8,Left,Left,44,15,11,7,nan,nan,0.35
11/12/2025 17:51:43,1.17.2,PR1,4,3.88,nan,8,Left,Left,45,15,11,7,nan,nan,0.12
11/12/2025 17:51:49,1.17.2,PR1,4,3.89,nan,8,Left,Left,46,15,11,7,nan,nan,0.18
11/12/2025 17:51:50,1.17.2,PR1,4,3.88,nan,8,Left,Left,47,15,11,7,nan,nan,0.00
11/12/2025 17:51:51,1.17.2,PR1,4,3.88,nan,8,Left,Left,48,15,11,7,nan,nan,0.29
11/12/2025 17:51:52,1.17.2,PR1,4,3.88,2,8,Pellet,Left,48,15,12,8,0.17,29,nan
11/12/2025 17:52:03,1.17.2,PR1,4,3.88,nan,9,Left,Left,49,15,12,8,nan,nan,0.10
11/12/2025 17:52:06,1.17.2,PR1,4,3.88,nan,9,Left,Left,50,15,12,8,nan,nan,0.25
11/12/2025 17:52:08,1.17.2,PR1,4,3.89,nan,9,Left,Left,51,15,12,8,nan,nan,0.18
11/12/2025 17:52:09,1.17.2,PR1,4,3.88,nan,9,Left,Left,52,15,12,8,nan,nan,0.18
11/12/2025 17:52:11,1.17.2,PR1,4,3.88,nan,9,Left,Left,53,15,12,8,nan,nan,0.10
11/12/2025 17:52:14,1.17.2,PR1,4,3.88,nan,9,Right,Left,53,16,12,8,nan,nan,0.13
11/12/2025 18:05:30,1.17.2,PR1,4,3.88,nan,9,Left,Left,54,16,12,8,nan,nan,0.12
11/12/2025 18:05:31,1.17.2,PR1,4,3.88,nan,9,Left,Left,55,16,12,8,nan,nan,0.13
11/12/2025 18:05:33,1.17.2,PR1,4,3.89,nan,9,Left,Left,56,16,12,8,nan,nan,0.22
11/12/2025 18:05:36,1.17.2,PR1,4,3.88,nan,9,Left,Left,57,16,12,8,nan,nan,0.18
11/12/2025 18:05:37,1.17.2,PR1,4,3.88,1,9,Pellet,Left,57,16,13,9,0.77,825,nan
11/12/2025 18:05:45,1.17.2,PR1,4,3.88,nan,10,Left,Left,58,16,13,9,nan,nan,0.12
11/12/2025 18:05:47,1.17.2,PR1,4,3.89,nan,10,Left,Left,59,16,13,9,nan,nan,0.31
11/12/2025 18:05:49,1.17.2,PR1,4,3.89,nan,10,Left,Left,60,16,13,9,nan,nan,0.28
11/12/2025 18:05:51,1.17.2,PR1,4,3.88,nan,10,Left,Left,61,16,13,9,nan,nan,0.17
11/12/2025 18:05:57,1.17.2,PR1,4,3.88,nan,10,Left,Left,62,16,13,9,nan,nan,0.26
11/12/2025 18:05:58,1.17.2,PR1,4,3.89,nan,10,Left,Left,63,16,13,9,nan,nan,0.02
11/12/2025 18:06:00,1.17.2,PR1,4,3.89,nan,10,Left,Left,64,16,13,9,nan,nan,0.11
11/12/2025 18:15:30,1.17.2,PR1,4,3.88,nan,10,Left,Left,65,16,13,9,nan,nan,0.13
11/12/2025 18:15:32,1.17.2,PR1,4,3.88,nan,10,Left,Left,66,16,13,9,nan,nan,0.27
11/12/2025 18:15:33,1.17.2,PR1,4,3.89,nan,10,Left,Left,67,16,13,9,nan,nan,0.05
11/12/2025 18:15:34,1.17.2,PR1,4,3.88,1,10,Pellet,Left,67,16,14,10,0.35,597,nan
11/12/2025 18:15:45,1.17.2,PR1,4,3.88,nan,11,Left,Left,68,16,14,10,nan,nan,0.01
11/12/2025 18:15:48,1.17.2,PR1,4,3.88,nan,11,Left,Left,69,16,14,10,nan,nan,0.18
11/12/2025 18:15:49,1.17.2,PR1,4,3.88,nan,11,Left,Left,70,16,14,10,nan,nan,0.14
11/12/2025 18:15:50,1.17.2,PR1,4,3.88,nan,11,Left,Left,71,16,14,10,nan,nan,0.08
11/12/2025 18:15:56,1.17.2,PR1,4,3.88,nan,11,Right,Left,71,17,14,10,nan,nan,0.11
11/12/2025 18:15:59,1.17.2,PR1,4,3.88,nan,11,Right,Left,71,18,14,10,nan,nan,0.12
11/12/2025 18:19:37,1.17.2,PR1,4,3.88,nan,11,Right,Left,71,19,14,10,nan,nan,0.09
11/12/2025 18:19:40,1.17.2,PR1,4,3.88,nan,11,Right,Left,71,20,14,10,nan,nan,0.35
11/12/2025 18:21:27,1.17.2,PR1,4,3.88,nan,11,Left,Left,72,20,14,10,nan,nan,0.10
11/12/2025 18:21:29,1.17.2,PR1,4,3.88,nan,11,Left,Left,73,20,14,10,nan,nan,0.09
11/12/2025 18:21:30,1.17.2,PR1,4,3.88,nan,11,Left,Left,74,20,14,10,nan,nan,0.06
11/12/2025 18:24:21,1.17.2,PR1,4,3.89,nan,11,Left,Left,75,20,14,10,nan,nan,0.37
11/12/2025 18:24:23,1.17.2,PR1,4,3.88,nan,11,Left,Left,76,20,14,10,nan,nan,0.40
11/12/2025 18:24:25,1.17.2,PR1,4,3.89,nan,11,Left,Left,77,20,14,10,nan,nan,0.32
11/12/2025 18:24:27,1.17.2,PR1,4,3.88,nan,11,Left,Left,78,20,14,10,nan,nan,0.26
11/12/2025 18:24:28,1.17.2,PR1,4,3.89,1,11,Pellet,Left,78,20,15,11,0.29,534,nan
11/12/2025 18:24:41,1.17.2,PR1,4,3.88,nan,12,Right,Left,78,21,15,11,nan,nan,0.03
11/12/2025 18:34:29,1.17.2,PR1,4,3.88,nan,12,Left,Left,79,21,15,11,nan,nan,0.11
11/12/2025 18:39:39,1.17.2,PR1,4,3.89,nan,12,Right,Left,79,22,15,11,nan,nan,0.09
11/12/2025 18:39:41,1.17.2,PR1,4,3.89,nan,12,Right,Left,79,23,15,11,nan,nan,0.15
11/12/2025 18:39:42,1.17.2,PR1,4,3.88,nan,12,Right,Left,79,24,15,11,nan,nan,0.13
11/12/2025 18:39:44,1.17.2,PR1,4,3.88,nan,12,Right,Left,79,25,15,11,nan,nan,0.28
11/12/2025 18:39:46,1.17.2,PR1,4,3.88,nan,12,Right,Left,79,26,15,11,nan,nan,0.19
11/12/2025 18:39:48,1.17.2,PR1,4,3.88,nan,12,Right,Left,79,27,15,11,nan,nan,0.37
11/12/2025 18:39:49,1.17.2,PR1,4,3.88,nan,12,Right,Left,79,28,15,11,nan,nan,0.13
11/12/2025 18:41:35,1.17.2,PR1,4,3.88,nan,12,Right,Left,79,29,15,11,nan,nan,0.11
11/12/2025 18:42:02,1.17.2,PR1,4,3.89,nan,12,Right,Left,79,30,15,11,nan,nan,0.46
11/12/2025 18:42:11,1.17.2,PR1,4,3.88,nan,12,Left,Left,80,30,15,11,nan,nan,0.28
11/12/2025 18:42:16,1.17.2,PR1,4,3.88,nan,12,Left,Left,81,30,15,11,nan,nan,0.68
11/12/2025 18:42:16,1.17.2,PR1,4,3.88,nan,12,Left,Left,82,30,15,11,nan,nan,0.26
11/12/2025 18:42:18,1.17.2,PR1,4,3.87,nan,12,Left,Left,83,30,15,11,nan,nan,0.22
11/12/2025 18:42:19,1.17.2,PR1,4,3.89,nan,12,Left,Left,84,30,15,11,nan,nan,0.10
11/12/2025 18:42:22,1.17.2,PR1,4,3.88,nan,12,Left,Left,85,30,15,11,nan,nan,0.25
11/12/2025 18:56:28,1.17.2,PR1,4,3.88,nan,12,Right,Left,85,31,15,11,nan,nan,0.03
11/12/2025 18:56:30,1.17.2,PR1,4,3.88,nan,12,Right,Left,85,32,15,11,nan,nan,0.32
11/12/2025 18:56:31,1.17.2,PR1,4,3.88,nan,12,Right,Left,85,33,15,11,nan,nan,0.11
11/12/2025 18:56:35,1.17.2,PR1,4,3.88,nan,12,Left,Left,86,33,15,11,nan,nan,0.29
11/12/2025 19:03:17,1.17.2,PR1,4,3.87,nan,12,Left,Left,87,33,15,11,nan,nan,0.14
11/12/2025 19:03:19,1.17.2,PR1,4,3.89,nan,12,Left,Left,88,33,15,11,nan,nan,0.26
11/12/2025 19:03:22,1.17.2,PR1,4,3.88,nan,12,Left,Left,89,33,15,11,nan,nan,0.92
11/12/2025 19:03:28,1.17.2,PR1,4,3.88,nan,12,Right,Left,89,34,15,11,nan,nan,0.07
11/12/2025 19:03:41,1.17.2,PR1,4,3.88,nan,12,Right,Left,89,35,15,11,nan,nan,0.48
11/12/2025 19:03:44,1.17.2,PR1,4,3.89,nan,12,Left,Left,90,35,15,11,nan,nan,0.08
11/12/2025 19:03:46,1.17.2,PR1,4,3.88,1,12,Pellet,Left,90,35,16,12,1.07,2358,nan
11/12/2025 19:03:55,1.17.2,PR1,4,3.88,nan,13,Left,Left,91,35,16,12,nan,nan,0.03
11/12/2025 19:03:56,1.17.2,PR1,4,3.88,nan,13,Left,Left,92,35,16,12,nan,nan,0.11
11/12/2025 19:03:58,1.17.2,PR1,4,3.88,nan,13,Left,Left,93,35,16,12,nan,nan,0.24
11/12/2025 19:04:01,1.17.2,PR1,4,3.88,nan,13,Left,Left,94,35,16,12,nan,nan,0.03
11/12/2025 19:04:03,1.17.2,PR1,4,3.88,nan,13,Left,Left,95,35,16,12,nan,nan,0.47
11/12/2025 19:04:06,1.17.2,PR1,4,3.88,nan,13,Left,Left,96,35,16,12,nan,nan,0.10
11/12/2025 19:04:08,1.17.2,PR1,4,3.88,nan,13,Left,Left,97,35,16,12,nan,nan,0.27
11/12/2025 19:04:12,1.17.2,PR1,4,3.88,nan,13,Left,Left,98,35,16,12,nan,nan,0.12
11/12/2025 19:04:14,1.17.2,PR1,4,3.88,nan,13,Left,Left,99,35,16,12,nan,nan,0.19
11/12/2025 19:06:06,1.17.2,PR1,4,3.88,nan,13,Left,Left,100,35,16,12,nan,nan,0.11
11/12/2025 19:06:08,1.17.2,PR1,4,3.88,nan,13,Left,Left,101,35,16,12,nan,nan,0.24
11/12/2025 19:06:10,1.17.2,PR1,4,3.88,nan,13,Left,Left,102,35,16,12,nan,nan,0.06
11/12/2025 19:06:11,1.17.2,PR1,4,3.88,nan,13,Left,Left,103,35,16,12,nan,nan,0.03
11/12/2025 19:06:13,1.17.2,PR1,4,3.88,1,13,Pellet,Left,103,35,17,13,1.07,147,nan
11/12/2025 19:06:24,1.17.2,PR1,4,3.88,nan,14,Left,Left,104,35,17,13,nan,nan,0.01
11/12/2025 19:06:27,1.17.2,PR1,4,3.87,nan,14,Left,Left,105,35,17,13,nan,nan,0.14
11/12/2025 19:06:28,1.17.2,PR1,4,3.87,nan,14,Left,Left,106,35,17,13,nan,nan,0.58
11/12/2025 19:06:34,1.17.2,PR1,4,3.88,nan,14,Right,Left,106,36,17,13,nan,nan,0.13
11/12/2025 19:06:35,1.17.2,PR1,4,3.89,nan,14,Right,Left,106,37,17,13,nan,nan,0.21
11/12/2025 19:15:10,1.17.2,PR1,4,3.88,nan,14,Right,Left,106,38,17,13,nan,nan,0.22
11/12/2025 19:15:11,1.17.2,PR1,4,3.88,nan,14,Right,Left,106,39,17,13,nan,nan,0.23
11/12/2025 19:16:31,1.17.2,PR1,4,3.88,nan,14,Right,Left,106,40,17,13,nan,nan,0.14
11/12/2025 19:16:33,1.17.2,PR1,4,3.87,nan,14,Right,Left,106,41,17,13,nan,nan,0.18
11/12/2025 19:16:33,1.17.2,PR1,4,3.88,nan,14,Right,Left,106,42,17,13,nan,nan,0.00
11/12/2025 19:18:17,1.17.2,PR1,4,3.88,nan,14,Left,Left,107,42,17,13,nan,nan,0.26
11/12/2025 19:18:19,1.17.2,PR1,4,3.88,nan,14,Left,Left,108,42,17,13,nan,nan,0.20
11/12/2025 19:18:20,1.17.2,PR1,4,3.88,nan,14,Left,Left,109,42,17,13,nan,nan,0.17
11/12/2025 19:18:22,1.17.2,PR1,4,3.88,nan,14,Left,Left,110,42,17,13,nan,nan,0.15
11/12/2025 19:18:23,1.17.2,PR1,4,3.88,nan,14,Left,Left,111,42,17,13,nan,nan,0.00
11/12/2025 19:18:24,1.17.2,PR1,4,3.88,nan,14,Left,Left,112,42,17,13,nan,nan,0.19
11/12/2025 19:18:26,1.17.2,PR1,4,3.88,nan,14,Right,Left,112,43,17,13,nan,nan,0.04
11/12/2025 19:23:48,1.17.2,PR1,4,3.87,nan,14,Left,Left,113,43,17,13,nan,nan,0.04
11/12/2025 19:23:49,1.17.2,PR1,4,3.88,nan,14,Left,Left,114,43,17,13,nan,nan,0.20
11/12/2025 19:23:51,1.17.2,PR1,4,3.88,nan,14,Left,Left,115,43,17,13,nan,nan,0.18
11/12/2025 19:24:02,1.17.2,PR1,4,3.88,nan,14,Right,Left,115,44,17,13,nan,nan,0.05
11/12/2025 19:24:07,1.17.2,PR1,4,3.88,nan,14,Left,Left,116,44,17,13,nan,nan,0.48
11/12/2025 19:26:40,1.17.2,PR1,4,3.88,nan,14,Right,Left,116,45,17,13,nan,nan,0.45
11/12/2025 19:26:41,1.17.2,PR1,4,3.88,nan,14,Right,Left,116,46,17,13,nan,nan,0.47
11/12/2025 19:26:44,1.17.2,PR1,4,3.87,nan,14,Right,Left,116,47,17,13,nan,nan,0.36
11/12/2025 19:26:45,1.17.2,PR1,4,3.88,nan,14,Right,Left,116,48,17,13,nan,nan,0.25
11/12/2025 19:31:05,1.17.2,PR1,4,3.88,nan,14,Left,Left,117,48,17,13,nan,nan,0.11
11/12/2025 19:31:06,1.17.2,PR1,4,3.88,1,14,Pellet,Left,117,48,18,14,0.29,1493,nan
11/12/2025 19:31:14,1.17.2,PR1,4,3.88,nan,15,Left,Left,118,48,18,14,nan,nan,0.10
11/12/2025 19:31:16,1.17.2,PR1,4,3.88,nan,15,Left,Left,119,48,18,14,nan,nan,0.27
11/12/2025 19:31:18,1.17.2,PR1,4,3.87,nan,15,Left,Left,120,48,18,14,nan,nan,0.40
11/12/2025 19:31:19,1.17.2,PR1,4,3.88,nan,15,Left,Left,121,48,18,14,nan,nan,0.41
11/12/2025 19:31:20,1.17.2,PR1,4,3.88,nan,15,Left,Left,122,48,18,14,nan,nan,0.29
11/12/2025 19:31:22,1.17.2,PR1,4,3.88,nan,15,Left,Left,123,48,18,14,nan,nan,0.12
11/12/2025 19:31:24,1.17.2,PR1,4,3.88,nan,15,Left,Left,124,48,18,14,nan,nan,0.11
11/12/2025 19:31:31,1.17.2,PR1,4,3.88,nan,15,Left,Left,125,48,18,14,nan,nan,0.39
11/12/2025 19:31:39,1.17.2,PR1,4,3.87,nan,15,Left,Left,126,48,18,14,nan,nan,0.19
11/12/2025 19:31:39,1.17.2,PR1,4,3.88,nan,15,Left,Left,127,48,18,14,nan,nan,0.00
11/12/2025 19:31:55,1.17.2,PR1,4,3.88,nan,15,Right,Left,127,49,18,14,nan,nan,0.04
11/12/2025 19:32:27,1.17.2,PR1,4,3.87,nan,15,Left,Left,128,49,18,14,nan,nan,0.05
11/12/2025 19:32:28,1.17.2,PR1,4,3.88,nan,15,Left,Left,129,49,18,14,nan,nan,0.12
11/12/2025 19:32:29,1.17.2,PR1,4,3.88,nan,15,Left,Left,130,49,18,14,nan,nan,0.18
11/12/2025 19:32:30,1.17.2,PR1,4,3.88,nan,15,Left,Left,131,49,18,14,nan,nan,0.16
11/12/2025 19:32:31,1.17.2,PR1,4,3.88,nan,15,Left,Left,132,49,18,14,nan,nan,0.14
11/12/2025 19:32:32,1.17.2,PR1,4,3.88,1,15,Pellet,Left,132,49,19,15,0.35,86,nan
11/12/2025 19:32:43,1.17.2,PR1,4,3.88,nan,16,Left,Left,133,49,19,15,nan,nan,0.33
11/12/2025 19:32:45,1.17.2,PR1,4,3.88,nan,16,Left,Left,134,49,19,15,nan,nan,0.15
11/12/2025 19:45:58,1.17.2,PR1,4,3.88,nan,16,Left,Left,135,49,19,15,nan,nan,0.27
11/12/2025 19:45:59,1.17.2,PR1,4,3.88,nan,16,Left,Left,136,49,19,15,nan,nan,0.10
11/12/2025 19:46:01,1.17.2,PR1,4,3.88,nan,16,Left,Left,137,49,19,15,nan,nan,0.10
11/12/2025 19:46:03,1.17.2,PR1,4,3.88,nan,16,Left,Left,138,49,19,15,nan,nan,0.27
11/12/2025 19:46:06,1.17.2,PR1,4,3.87,nan,16,Right,Left,138,50,19,15,nan,nan,0.12
11/12/2025 19:46:07,1.17.2,PR1,4,3.88,nan,16,Right,Left,138,51,19,15,nan,nan,0.21
11/12/2025 19:48:47,1.17.2,PR1,4,3.89,nan,16,Left,Left,139,51,19,15,nan,nan,0.04
11/12/2025 19:48:49,1.17.2,PR1,4,3.87,nan,16,Left,Left,140,51,19,15,nan,nan,0.12
11/12/2025 19:50:41,1.17.2,PR1,4,3.88,nan,16,Right,Left,140,52,19,15,nan,nan,0.04
11/12/2025 19:53:05,1.17.2,PR1,4,3.88,nan,16,Right,Left,140,53,19,15,nan,nan,0.04
11/12/2025 19:53:07,1.17.2,PR1,4,3.87,nan,16,Right,Left,140,54,19,15,nan,nan,0.68
11/12/2025 19:53:09,1.17.2,PR1,4,3.88,nan,16,Right,Left,140,55,19,15,nan,nan,0.26
11/12/2025 19:53:10,1.17.2,PR1,4,3.88,nan,16,Right,Left,140,56,19,15,nan,nan,0.14
11/12/2025 19:53:11,1.17.2,PR1,4,3.88,nan,16,Right,Left,140,57,19,15,nan,nan,0.00
11/12/2025 19:53:14,1.17.2,PR1,4,3.88,nan,16,Right,Left,140,58,19,15,nan,nan,0.36
11/12/2025 19:53:16,1.17.2,PR1,4,3.88,nan,16,Right,Left,140,59,19,15,nan,nan,0.43
11/12/2025 19:53:21,1.17.2,PR1,4,3.87,nan,16,Left,Left,141,59,19,15,nan,nan,0.21
11/12/2025 19:53:23,1.17.2,PR1,4,3.87,nan,16,Left,Left,142,59,19,15,nan,nan,0.34
11/12/2025 19:53:24,1.17.2,PR1,4,3.88,nan,16,Left,Left,143,59,19,15,nan,nan,0.32
11/12/2025 19:53:26,1.17.2,PR1,4,3.88,nan,16,Left,Left,144,59,19,15,nan,nan,0.14
11/12/2025 19:53:28,1.17.2,PR1,4,3.87,nan,16,Left,Left,145,59,19,15,nan,nan,0.31
11/12/2025 19:53:31,1.17.2,PR1,4,3.88,nan,16,Left,Left,146,59,19,15,nan,nan,0.44
11/12/2025 19:53:33,1.17.2,PR1,4,3.88,nan,16,Left,Left,147,59,19,15,nan,nan,0.24
11/12/2025 20:01:15,1.17.2,PR1,4,3.88,nan,16,Left,Left,148,59,19,15,nan,nan,0.07
11/12/2025 20:01:17,1.17.2,PR1,4,3.88,1,16,Pellet,Left,148,59,20,16,0.89,1725,nan
11/12/2025 20:01:30,1.17.2,PR1,4,3.87,nan,17,Left,Left,149,59,20,16,nan,nan,0.04
11/12/2025 20:01:54,1.17.2,PR1,4,3.88,nan,17,Left,Left,150,59,20,16,nan,nan,0.22
11/12/2025 20:01:58,1.17.2,PR1,4,3.88,nan,17,Right,Left,150,60,20,16,nan,nan,0.08
11/12/2025 20:01:59,1.17.2,PR1,4,3.88,nan,17,Right,Left,150,61,20,16,nan,nan,0.13
11/12/2025 20:04:26,1.17.2,PR1,4,3.87,nan,17,Left,Left,151,61,20,16,nan,nan,0.06
11/12/2025 20:04:28,1.17.2,PR1,4,3.88,nan,17,Left,Left,152,61,20,16,nan,nan,0.30
11/12/2025 20:04:30,1.17.2,PR1,4,3.89,nan,17,Left,Left,153,61,20,16,nan,nan,0.08
11/12/2025 20:04:32,1.17.2,PR1,4,3.88,nan,17,Left,Left,154,61,20,16,nan,nan,0.24
11/12/2025 20:04:33,1.17.2,PR1,4,3.88,nan,17,Left,Left,155,61,20,16,nan,nan,0.07
11/12/2025 20:04:36,1.17.2,PR1,4,3.87,nan,17,Right,Left,155,62,20,16,nan,nan,0.20
11/12/2025 20:04:37,1.17.2,PR1,4,3.88,nan,17,Right,Left,155,63,20,16,nan,nan,0.04
11/12/2025 20:04:40,1.17.2,PR1,4,3.88,nan,17,Right,Left,155,64,20,16,nan,nan,0.33
11/12/2025 20:04:40,1.17.2,PR1,4,3.88,nan,17,Right,Left,155,65,20,16,nan,nan,0.00
11/12/2025 20:04:42,1.17.2,PR1,4,3.87,nan,17,Right,Left,155,66,20,16,nan,nan,0.47
11/12/2025 20:04:46,1.17.2,PR1,4,3.88,nan,17,Right,Left,155,67,20,16,nan,nan,0.24
11/12/2025 20:04:49,1.17.2,PR1,4,3.87,nan,17,Left,Left,156,67,20,16,nan,nan,0.10
11/12/2025 20:04:53,1.17.2,PR1,4,3.88,nan,17,Left,Left,157,67,20,16,nan,nan,0.12
11/12/2025 20:04:55,1.17.2,PR1,4,3.87,nan,17,Left,Left,158,67,20,16,nan,nan,0.23
11/12/2025 20:04:57,1.17.2,PR1,4,3.88,nan,17,Left,Left,159,67,20,16,nan,nan,0.14
11/12/2025 20:11:00,1.17.2,PR1,4,3.88,nan,17,Left,Left,160,67,20,16,nan,nan,0.29
11/12/2025 20:11:02,1.17.2,PR1,4,3.87,nan,17,Left,Left,161,67,20,16,nan,nan,0.30
11/12/2025 20:11:06,1.17.2,PR1,4,3.88,nan,17,Left,Left,162,67,20,16,nan,nan,0.40
11/12/2025 20:11:26,1.17.2,PR1,4,3.88,nan,17,Right,Left,162,68,20,16,nan,nan,0.02
11/12/2025 20:37:43,1.17.2,PR1,4,3.87,nan,17,Left,Left,163,68,20,16,nan,nan,0.36
11/12/2025 20:37:45,1.17.2,PR1,4,3.88,nan,17,Left,Left,164,68,20,16,nan,nan,0.28
11/12/2025 20:37:47,1.17.2,PR1,4,3.88,nan,17,Left,Left,165,68,20,16,nan,nan,0.53
11/12/2025 20:37:48,1.17.2,PR1,4,3.88,1,17,Pellet,Left,165,68,21,17,0.29,2191,nan
11/12/2025 20:38:01,1.17.2,PR1,4,3.87,nan,18,Left,Left,166,68,21,17,nan,nan,0.10
11/12/2025 20:38:17,1.17.2,PR1,4,3.87,nan,18,Left,Left,167,68,21,17,nan,nan,0.67
11/12/2025 20:38:21,1.17.2,PR1,4,3.87,nan,18,Left,Left,168,68,21,17,nan,nan,0.36
11/12/2025 20:38:26,1.17.2,PR1,4,3.88,nan,18,Right,Left,168,69,21,17,nan,nan,0.20
11/12/2025 20:38:29,1.17.2,PR1,4,3.87,nan,18,Left,Left,169,69,21,17,nan,nan,0.34
11/12/2025 20:38:29,1.17.2,PR1,4,3.88,nan,18,Left,Left,170,69,21,17,nan,nan,0.00
11/12/2025 20:38:32,1.17.2,PR1,4,3.88,nan,18,Left,Left,171,69,21,17,nan,nan,0.35
11/12/2025 20:38:34,1.17.2,PR1,4,3.88,nan,18,Left,Left,172,69,21,17,nan,nan,0.42
11/12/2025 20:38:36,1.17.2,PR1,4,3.88,nan,18,Left,Left,173,69,21,17,nan,nan,0.27
11/12/2025 20:39:31,1.17.2,PR1,4,3.88,nan,18,Right,Left,173,70,21,17,nan,nan,0.17
11/12/2025 20:39:39,1.17.2,PR1,4,3.88,nan,18,Right,Left,173,71,21,17,nan,nan,0.05
11/12/2025 20:39:40,1.17.2,PR1,4,3.87,nan,18,Right,Left,173,72,21,17,nan,nan,0.50
11/12/2025 20:39:45,1.17.2,PR1,4,3.88,nan,18,Right,Left,173,73,21,17,nan,nan,0.30
11/12/2025 20:39:49,1.17.2,PR1,4,3.88,nan,18,Right,Left,173,74,21,17,nan,nan,0.11
11/12/2025 20:39:49,1.17.2,PR1,4,3.88,nan,18,Right,Left,173,75,21,17,nan,nan,0.10
11/12/2025 20:39:52,1.17.2,PR1,4,3.88,nan,18,Right,Left,173,76,21,17,nan,nan,0.56
11/12/2025 20:39:53,1.17.2,PR1,4,3.87,nan,18,Right,Left,173,77,21,17,nan,nan,0.35
11/12/2025 20:39:57,1.17.2,PR1,4,3.88,nan,18,Right,Left,173,78,21,17,nan,nan,0.08
11/12/2025 20:39:58,1.17.2,PR1,4,3.88,nan,18,Right,Left,173,79,21,17,nan,nan,0.31
11/12/2025 20:39:59,1.17.2,PR1,4,3.87,nan,18,Right,Left,173,80,21,17,nan,nan,0.57
11/12/2025 20:40:03,1.17.2,PR1,4,3.87,nan,18,Right,Left,173,81,21,17,nan,nan,0.06
11/12/2025 20:40:05,1.17.2,PR1,4,3.88,nan,18,Right,Left,173,82,21,17,nan,nan,0.20
11/12/2025 20:40:07,1.17.2,PR1,4,3.88,nan,18,Right,Left,173,83,21,17,nan,nan,0.28
11/12/2025 20:41:35,1.17.2,PR1,4,3.88,nan,18,Left,Left,174,83,21,17,nan,nan,0.00
11/12/2025 20:41:36,1.17.2,PR1,4,3.88,nan,18,Left,Left,175,83,21,17,nan,nan,0.20
11/12/2025 20:41:38,1.17.2,PR1,4,3.88,nan,18,Left,Left,176,83,21,17,nan,nan,0.36
11/12/2025 20:41:53,1.17.2,PR1,4,3.88,nan,18,Left,Left,177,83,21,17,nan,nan,0.35
11/12/2025 20:41:55,1.17.2,PR1,4,3.88,nan,18,Left,Left,178,83,21,17,nan,nan,0.21
11/12/2025 20:41:56,1.17.2,PR1,4,3.88,nan,18,Left,Left,179,83,21,17,nan,nan,0.04
11/12/2025 20:41:58,1.17.2,PR1,4,3.88,nan,18,Left,Left,180,83,21,17,nan,nan,0.24
11/12/2025 20:42:00,1.17.2,PR1,4,3.88,nan,18,Left,Left,181,83,21,17,nan,nan,0.37
11/12/2025 20:42:02,1.17.2,PR1,4,3.88,nan,18,Left,Left,182,83,21,17,nan,nan,0.27
11/12/2025 20:43:00,1.17.2,PR1,4,3.87,nan,18,Right,Left,182,84,21,17,nan,nan,0.16
11/12/2025 20:43:01,1.17.2,PR1,4,3.87,nan,18,Right,Left,182,85,21,17,nan,nan,0.00
11/12/2025 20:43:05,1.17.2,PR1,4,3.87,nan,18,Right,Left,182,86,21,17,nan,nan,0.51
11/12/2025 20:43:07,1.17.2,PR1,4,3.88,nan,18,Right,Left,182,87,21,17,nan,nan,0.14
11/12/2025 20:43:13,1.17.2,PR1,4,3.88,nan,18,Right,Left,182,88,21,17,nan,nan,0.19
11/12/2025 20:43:14,1.17.2,PR1,4,3.88,nan,18,Right,Left,182,89,21,17,nan,nan,0.23
11/12/2025 20:43:16,1.17.2,PR1,4,3.87,nan,18,Right,Left,182,90,21,17,nan,nan,0.20
11/12/2025 20:43:24,1.17.2,PR1,4,3.88,nan,18,Left,Left,183,90,21,17,nan,nan,0.14
11/12/2025 20:43:25,1.17.2,PR1,4,3.88,1,18,Pellet,Left,183,90,22,18,0.47,337,nan
11/12/2025 20:43:39,1.17.2,PR1,4,3.88,nan,19,Left,Left,184,90,22,18,nan,nan,0.00
11/12/2025 20:43:41,1.17.2,PR1,4,3.87,nan,19,Left,Left,185,90,22,18,nan,nan,0.62
11/12/2025 20:43:42,1.17.2,PR1,4,3.88,nan,19,Left,Left,186,90,22,18,nan,nan,0.13
11/12/2025 20:43:43,1.17.2,PR1,4,3.88,nan,19,Left,Left,187,90,22,18,nan,nan,0.29
11/12/2025 20:43:52,1.17.2,PR1,4,3.87,nan,19,Left,Left,188,90,22,18,nan,nan,0.16
11/12/2025 20:43:55,1.17.2,PR1,4,3.87,nan,19,Left,Left,189,90,22,18,nan,nan,0.41
11/12/2025 20:43:59,1.17.2,PR1,4,3.88,nan,19,Left,Left,190,90,22,18,nan,nan,0.20
11/12/2025 20:43:59,1.17.2,PR1,4,3.87,nan,19,Left,Left,191,90,22,18,nan,nan,0.14
11/12/2025 20:44:01,1.17.2,PR1,4,3.87,nan,19,Left,Left,192,90,22,18,nan,nan,0.63
11/12/2025 20:44:03,1.17.2,PR1,4,3.87,nan,19,Left,Left,193,90,22,18,nan,nan,0.15
11/12/2025 20:44:07,1.17.2,PR1,4,3.87,nan,19,Left,Left,194,90,22,18,nan,nan,0.17
11/12/2025 20:44:08,1.17.2,PR1,4,3.88,nan,19,Left,Left,195,90,22,18,nan,nan,0.13
11/12/2025 20:44:11,1.17.2,PR1,4,3.87,nan,19,Left,Left,196,90,22,18,nan,nan,0.12
11/12/2025 20:44:27,1.17.2,PR1,4,3.88,nan,19,Right,Left,196,91,22,18,nan,nan,0.45
11/12/2025 20:44:28,1.17.2,PR1,4,3.87,nan,19,Right,Left,196,92,22,18,nan,nan,0.42
11/12/2025 20:44:29,1.17.2,PR1,4,3.88,nan,19,Right,Left,196,93,22,18,nan,nan,0.21
11/12/2025 20:44:30,1.17.2,PR1,4,3.88,nan,19,Right,Left,196,94,22,18,nan,nan,0.00
11/12/2025 20:44:30,1.17.2,PR1,4,3.88,nan,19,Right,Left,196,95,22,18,nan,nan,0.06
11/12/2025 20:44:31,1.17.2,PR1,4,3.88,nan,19,Right,Left,196,96,22,18,nan,nan,0.00
11/12/2025 20:44:32,1.17.2,PR1,4,3.88,nan,19,Right,Left,196,97,22,18,nan,nan,0.45
11/12/2025 20:44:36,1.17.2,PR1,4,3.87,nan,19,Left,Left,197,97,22,18,nan,nan,0.08
11/12/2025 20:44:47,1.17.2,PR1,4,3.88,nan,19,Left,Left,198,97,22,18,nan,nan,0.12
11/12/2025 20:44:51,1.17.2,PR1,4,3.88,nan,19,Right,Left,198,98,22,18,nan,nan,0.07
11/12/2025 20:44:53,1.17.2,PR1,4,3.87,nan,19,Left,Left,199,98,22,18,nan,nan,0.20
11/12/2025 20:44:57,1.17.2,PR1,4,3.88,nan,19,Left,Left,200,98,22,18,nan,nan,0.17
11/12/2025 20:44:58,1.17.2,PR1,4,3.88,nan,19,Left,Left,201,98,22,18,nan,nan,0.07
11/12/2025 20:45:00,1.17.2,PR1,4,3.87,nan,19,Left,Left,202,98,22,18,nan,nan,0.20
11/12/2025 20:45:01,1.17.2,PR1,4,3.87,nan,19,LeftDuringDispense,Left,203,98,22,19,nan,nan,0.55
11/12/2025 20:45:05,1.17.2,PR1,4,3.88,2,19,Pellet,Left,203,98,23,19,0.29,100,nan
11/12/2025 20:45:17,1.17.2,PR1,4,3.87,nan,20,Left,Left,204,98,23,19,nan,nan,0.18
11/12/2025 20:45:21,1.17.2,PR1,4,3.88,nan,20,Left,Left,205,98,23,19,nan,nan,0.80
11/12/2025 20:45:23,1.17.2,PR1,4,3.88,nan,20,Left,Left,206,98,23,19,nan,nan,0.29
11/12/2025 20:45:25,1.17.2,PR1,4,3.87,nan,20,Left,Left,207,98,23,19,nan,nan,0.48
11/12/2025 20:45:27,1.17.2,PR1,4,3.88,nan,20,Left,Left,208,98,23,19,nan,nan,0.41
11/12/2025 20:45:30,1.17.2,PR1,4,3.87,nan,20,Left,Left,209,98,23,19,nan,nan,0.19
11/12/2025 20:45:33,1.17.2,PR1,4,3.87,nan,20,Left,Left,210,98,23,19,nan,nan,0.08
11/12/2025 20:45:34,1.17.2,PR1,4,3.87,nan,20,Left,Left,211,98,23,19,nan,nan,0.00
11/12/2025 20:45:38,1.17.2,PR1,4,3.87,nan,20,Left,Left,212,98,23,19,nan,nan,0.53
11/12/2025 20:45:41,1.17.2,PR1,4,3.88,nan,20,Right,Left,212,99,23,19,nan,nan,0.21
11/12/2025 20:45:42,1.17.2,PR1,4,3.88,nan,20,Right,Left,212,100,23,19,nan,nan,0.20
11/12/2025 20:45:43,1.17.2,PR1,4,3.88,nan,20,Right,Left,212,101,23,19,nan,nan,0.23
11/12/2025 20:45:48,1.17.2,PR1,4,3.88,nan,20,Left,Left,213,101,23,19,nan,nan,0.66
11/12/2025 20:45:50,1.17.2,PR1,4,3.87,nan,20,Left,Left,214,101,23,19,nan,nan,0.85
11/12/2025 20:45:52,1.17.2,PR1,4,3.87,nan,20,Left,Left,215,101,23,19,nan,nan,0.44
11/12/2025 20:45:54,1.17.2,PR1,4,3.87,nan,20,Left,Left,216,101,23,19,nan,nan,0.00
11/12/2025 20:45:56,1.17.2,PR1,4,3.88,nan,20,Left,Left,217,101,23,19,nan,nan,0.73
11/12/2025 20:46:00,1.17.2,PR1,4,3.88,nan,20,Left,Left,218,101,23,19,nan,nan,0.17
11/12/2025 20:46:02,1.17.2,PR1,4,3.87,nan,20,Left,Left,219,101,23,19,nan,nan,0.00
11/12/2025 20:46:06,1.17.2,PR1,4,3.87,nan,20,Left,Left,220,101,23,19,nan,nan,0.91
11/12/2025 20:46:07,1.17.2,PR1,4,3.87,nan,20,Left,Left,221,101,23,19,nan,nan,0.00
11/12/2025 20:46:08,1.17.2,PR1,4,3.87,nan,20,Left,Left,222,101,23,19,nan,nan,0.00
11/12/2025 20:46:12,1.17.2,PR1,4,3.87,nan,20,Left,Left,223,101,23,19,nan,nan,0.98
11/12/2025 20:46:13,1.17.2,PR1,4,3.87,1,20,Pellet,Left,223,101,24,20,0.77,68,nan
11/12/2025 20:46:26,1.17.2,PR1,4,3.88,nan,21,Left,Left,224,101,24,20,nan,nan,0.18
11/12/2025 20:46:27,1.17.2,PR1,4,3.88,nan,21,Left,Left,225,101,24,20,nan,nan,0.06
11/12/2025 20:46:28,1.17.2,PR1,4,3.88,nan,21,Left,Left,226,101,24,20,nan,nan,0.30
11/12/2025 20:46:32,1.17.2,PR1,4,3.87,nan,21,Left,Left,227,101,24,20,nan,nan,0.11
11/12/2025 20:46:32,1.17.2,PR1,4,3.87,nan,21,Left,Left,228,101,24,20,nan,nan,0.00
11/12/2025 20:46:34,1.17.2,PR1,4,3.87,nan,21,Left,Left,229,101,24,20,nan,nan,0.32
11/12/2025 20:46:35,1.17.2,PR1,4,3.87,nan,21,Left,Left,230,101,24,20,nan,nan,0.12
11/12/2025 20:46:36,1.17.2,PR1,4,3.88,nan,21,Left,Left,231,101,24,20,nan,nan,0.00
11/12/2025 20:46:38,1.17.2,PR1,4,3.87,nan,21,Left,Left,232,101,24,20,nan,nan,0.12
11/12/2025 20:46:40,1.17.2,PR1,4,3.87,nan,21,Left,Left,233,101,24,20,nan,nan,0.21
11/12/2025 20:46:41,1.17.2,PR1,4,3.88,nan,21,Left,Left,234,101,24,20,nan,nan,0.11
11/12/2025 20:46:43,1.17.2,PR1,4,3.88,nan,21,Left,Left,235,101,24,20,nan,nan,0.15
11/12/2025 20:46:44,1.17.2,PR1,4,3.87,nan,21,Left,Left,236,101,24,20,nan,nan,0.10
11/12/2025 20:46:48,1.17.2,PR1,4,3.88,nan,21,Right,Left,236,102,24,20,nan,nan,0.02
11/12/2025 20:47:19,1.17.2,PR1,4,3.88,nan,21,Left,Left,237,102,24,20,nan,nan,0.00
11/12/2025 20:47:20,1.17.2,PR1,4,3.88,nan,21,Left,Left,238,102,24,20,nan,nan,0.46
11/12/2025 20:47:21,1.17.2,PR1,4,3.88,nan,21,Left,Left,239,102,24,20,nan,nan,0.12
11/12/2025 20:47:25,1.17.2,PR1,4,3.88,nan,21,Left,Left,240,102,24,20,nan,nan,0.11
11/12/2025 20:47:26,1.17.2,PR1,4,3.88,nan,21,Left,Left,241,102,24,20,nan,nan,0.11
11/12/2025 20:47:27,1.17.2,PR1,4,3.87,nan,21,Left,Left,242,102,24,20,nan,nan,0.01
11/12/2025 20:47:29,1.17.2,PR1,4,3.88,nan,21,Left,Left,243,102,24,20,nan,nan,0.10
11/12/2025 20:47:41,1.17.2,PR1,4,3.88,nan,21,Right,Left,243,103,24,20,nan,nan,0.08
11/12/2025 20:47:42,1.17.2,PR1,4,3.87,nan,21,Right,Left,243,104,24,20,nan,nan,0.20
11/12/2025 20:47:43,1.17.2,PR1,4,3.87,nan,21,Right,Left,243,105,24,20,nan,nan,0.16
11/12/2025 20:47:44,1.17.2,PR1,4,3.87,nan,21,Right,Left,243,106,24,20,nan,nan,0.00
11/12/2025 20:47:45,1.17.2,PR1,4,3.87,nan,21,Right,Left,243,107,24,20,nan,nan,0.00
11/12/2025 20:47:47,1.17.2,PR1,4,3.88,nan,21,Right,Left,243,108,24,20,nan,nan,0.11
11/12/2025 20:56:06,1.17.2,PR1,4,3.87,nan,21,Right,Left,243,109,24,20,nan,nan,0.30
11/12/2025 20:56:08,1.17.2,PR1,4,3.87,nan,21,Right,Left,243,110,24,20,nan,nan,0.09
11/12/2025 20:56:12,1.17.2,PR1,4,3.88,nan,21,Left,Left,244,110,24,20,nan,nan,0.27
11/12/2025 20:56:13,1.17.2,PR1,4,3.87,1,21,Pellet,Left,244,110,25,21,0.71,600,nan
11/12/2025 20:56:25,1.17.2,PR1,4,3.87,nan,22,Left,Left,245,110,25,21,nan,nan,0.05
11/12/2025 20:56:27,1.17.2,PR1,4,3.87,nan,22,Left,Left,246,110,25,21,nan,nan,0.13
11/12/2025 20:56:30,1.17.2,PR1,4,3.88,nan,22,Left,Left,247,110,25,21,nan,nan,0.02
11/12/2025 20:57:43,1.17.2,PR1,4,3.87,nan,22,Left,Left,248,110,25,21,nan,nan,0.09
11/12/2025 20:59:22,1.17.2,PR1,4,3.87,nan,22,Left,Left,249,110,25,21,nan,nan,0.21
11/12/2025 20:59:34,1.17.2,PR1,4,3.88,nan,22,Left,Left,250,110,25,21,nan,nan,0.06
11/12/2025 21:00:20,1.17.2,PR1,4,3.88,nan,22,Right,Left,250,111,25,21,nan,nan,0.08
11/12/2025 21:00:22,1.17.2,PR1,4,3.88,nan,22,Right,Left,250,112,25,21,nan,nan,0.53
11/12/2025 21:00:27,1.17.2,PR1,4,3.88,nan,22,Left,Left,251,112,25,21,nan,nan,0.01
11/12/2025 21:02:25,1.17.2,PR1,4,3.87,nan,22,Left,Left,252,112,25,21,nan,nan,0.10
11/12/2025 21:02:26,1.17.2,PR1,4,3.88,nan,22,Left,Left,253,112,25,21,nan,nan,0.32
11/12/2025 21:02:28,1.17.2,PR1,4,3.88,nan,22,Left,Left,254,112,25,21,nan,nan,0.10
11/12/2025 21:03:26,1.17.2,PR1,4,3.87,nan,22,Left,Left,255,112,25,21,nan,nan,0.05
11/12/2025 21:07:04,1.17.2,PR1,4,3.87,nan,22,Right,Left,255,113,25,21,nan,nan,0.02
11/12/2025 21:07:05,1.17.2,PR1,4,3.87,nan,22,Right,Left,255,114,25,21,nan,nan,0.20
11/12/2025 21:07:10,1.17.2,PR1,4,3.88,nan,22,Left,Left,256,114,25,21,nan,nan,0.06
11/12/2025 21:08:43,1.17.2,PR1,4,3.87,nan,22,Left,Left,257,114,25,21,nan,nan,0.32
11/12/2025 21:08:44,1.17.2,PR1,4,3.88,nan,22,Left,Left,258,114,25,21,nan,nan,0.17
11/12/2025 21:08:47,1.17.2,PR1,4,3.87,nan,22,Left,Left,259,114,25,21,nan,nan,0.39
11/12/2025 21:08:48,1.17.2,PR1,4,3.88,nan,22,Left,Left,260,114,25,21,nan,nan,0.22
11/12/2025 21:15:24,1.17.2,PR1,4,3.88,nan,22,Right,Left,260,115,25,21,nan,nan,0.05
11/12/2025 21:22:34,1.17.2,PR1,4,3.88,nan,22,Right,Left,260,116,25,21,nan,nan,0.12
11/12/2025 21:22:36,1.17.2,PR1,4,3.87,nan,22,Right,Left,260,117,25,21,nan,nan,0.08
11/12/2025 21:22:40,1.17.2,PR1,4,3.87,nan,22,Right,Left,260,118,25,21,nan,nan,0.08
11/12/2025 21:22:46,1.17.2,PR1,4,3.87,nan,22,Left,Left,261,118,25,21,nan,nan,0.30
11/12/2025 21:25:51,1.17.2,PR1,4,3.88,nan,22,Right,Left,261,119,25,21,nan,nan,0.10
11/12/2025 21:25:53,1.17.2,PR1,4,3.87,nan,22,Right,Left,261,120,25,21,nan,nan,0.54
11/12/2025 21:29:07,1.17.2,PR1,4,3.87,nan,22,Left,Left,262,120,25,21,nan,nan,0.07
11/12/2025 21:29:10,1.17.2,PR1,4,3.87,nan,22,Left,Left,263,120,25,21,nan,nan,0.06
11/12/2025 21:29:45,1.17.2,PR1,4,3.87,nan,22,Left,Left,264,120,25,21,nan,nan,0.11
11/12/2025 21:29:47,1.17.2,PR1,4,3.88,nan,22,Left,Left,265,120,25,21,nan,nan,0.09
11/12/2025 21:29:48,1.17.2,PR1,4,3.87,nan,22,Left,Left,266,120,25,21,nan,nan,0.20
11/12/2025 21:29:49,1.17.2,PR1,4,3.87,1,22,Pellet,Left,266,120,26,22,0.35,2016,nan
11/12/2025 21:30:03,1.17.2,PR1,4,3.87,nan,23,Left,Left,267,120,26,22,nan,nan,0.08
11/12/2025 21:30:04,1.17.2,PR1,4,3.87,nan,23,Left,Left,268,120,26,22,nan,nan,0.04
11/12/2025 21:30:09,1.17.2,PR1,4,3.88,nan,23,Left,Left,269,120,26,22,nan,nan,0.06
11/12/2025 21:30:11,1.17.2,PR1,4,3.87,nan,23,Left,Left,270,120,26,22,nan,nan,0.04
11/12/2025 21:30:25,1.17.2,PR1,4,3.87,nan,23,Left,Left,271,120,26,22,nan,nan,0.08
11/12/2025 21:30:28,1.17.2,PR1,4,3.87,nan,23,Left,Left,272,120,26,22,nan,nan,0.30
11/12/2025 21:30:29,1.17.2,PR1,4,3.87,nan,23,Left,Left,273,120,26,22,nan,nan,0.14
11/12/2025 21:30:30,1.17.2,PR1,4,3.87,nan,23,Left,Left,274,120,26,22,nan,nan,0.21
11/12/2025 21:30:32,1.17.2,PR1,4,3.87,nan,23,Left,Left,275,120,26,22,nan,nan,0.43
11/12/2025 21:30:33,1.17.2,PR1,4,3.88,nan,23,Left,Left,276,120,26,22,nan,nan,0.14
11/12/2025 21:38:29,1.17.2,PR1,4,3.87,nan,23,Left,Left,277,120,26,22,nan,nan,0.55
11/12/2025 21:38:31,1.17.2,PR1,4,3.87,nan,23,Left,Left,278,120,26,22,nan,nan,0.27
11/12/2025 21:38:33,1.17.2,PR1,4,3.87,nan,23,Left,Left,279,120,26,22,nan,nan,0.04
11/12/2025 21:38:35,1.17.2,PR1,4,3.87,nan,23,Left,Left,280,120,26,22,nan,nan,0.05
11/12/2025 21:38:37,1.17.2,PR1,4,3.88,nan,23,Left,Left,281,120,26,22,nan,nan,0.22
11/12/2025 21:38:39,1.17.2,PR1,4,3.87,nan,23,Left,Left,282,120,26,22,nan,nan,0.33
11/12/2025 21:38:41,1.17.2,PR1,4,3.88,nan,23,Left,Left,283,120,26,22,nan,nan,0.10
11/12/2025 21:39:34,1.17.2,PR1,4,3.87,nan,23,Left,Left,284,120,26,22,nan,nan,0.04
11/12/2025 21:39:35,1.17.2,PR1,4,3.88,nan,23,Left,Left,285,120,26,22,nan,nan,0.10
11/12/2025 21:42:28,1.17.2,PR1,4,3.87,nan,23,Left,Left,286,120,26,22,nan,nan,0.15
11/12/2025 21:42:30,1.17.2,PR1,4,3.88,nan,23,Left,Left,287,120,26,22,nan,nan,0.19
11/12/2025 21:48:48,1.17.2,PR1,4,3.88,nan,23,Left,Left,288,120,26,22,nan,nan,1.01
11/12/2025 21:48:52,1.17.2,PR1,4,3.87,nan,23,Left,Left,289,120,26,22,nan,nan,1.06
11/12/2025 21:48:54,1.17.2,PR1,4,3.87,1,23,Pellet,Left,289,120,27,23,0.53,1145,nan
11/12/2025 21:49:08,1.17.2,PR1,4,3.88,nan,24,Left,Left,290,120,27,23,nan,nan,0.03
11/12/2025 21:49:12,1.17.2,PR1,4,3.87,nan,24,Left,Left,291,120,27,23,nan,nan,0.07
11/12/2025 21:49:14,1.17.2,PR1,4,3.87,nan,24,Left,Left,292,120,27,23,nan,nan,0.42
11/12/2025 21:49:17,1.17.2,PR1,4,3.87,nan,24,Left,Left,293,120,27,23,nan,nan,1.25
11/12/2025 21:49:20,1.17.2,PR1,4,3.87,nan,24,Left,Left,294,120,27,23,nan,nan,0.16
11/12/2025 21:49:23,1.17.2,PR1,4,3.87,nan,24,Left,Left,295,120,27,23,nan,nan,0.48
11/12/2025 21:49:25,1.17.2,PR1,4,3.88,nan,24,Left,Left,296,120,27,23,nan,nan,0.67
11/12/2025 21:49:30,1.17.2,PR1,4,3.87,nan,24,Left,Left,297,120,27,23,nan,nan,0.92
11/12/2025 21:49:34,1.17.2,PR1,4,3.87,nan,24,Left,Left,298,120,27,23,nan,nan,0.33
11/12/2025 21:49:35,1.17.2,PR1,4,3.87,nan,24,Left,Left,299,120,27,23,nan,nan,0.21
11/12/2025 21:49:39,1.17.2,PR1,4,3.87,nan,24,Left,Left,300,120,27,23,nan,nan,0.69
11/12/2025 21:49:42,1.17.2,PR1,4,3.87,nan,24,Right,Left,300,121,27,23,nan,nan,0.33
11/12/2025 21:49:43,1.17.2,PR1,4,3.87,nan,24,Right,Left,300,122,27,23,nan,nan,0.00
11/12/2025 21:49:44,1.17.2,PR1,4,3.87,nan,24,Right,Left,300,123,27,23,nan,nan,0.00
11/12/2025 21:49:45,1.17.2,PR1,4,3.87,nan,24,Right,Left,300,124,27,23,nan,nan,0.22
11/12/2025 21:49:47,1.17.2,PR1,4,3.88,nan,24,Left,Left,301,124,27,23,nan,nan,0.54
11/12/2025 21:49:48,1.17.2,PR1,4,3.87,nan,24,Left,Left,302,124,27,23,nan,nan,0.32
11/12/2025 21:49:49,1.17.2,PR1,4,3.87,nan,24,Left,Left,303,124,27,23,nan,nan,0.00
11/12/2025 21:49:50,1.17.2,PR1,4,3.87,nan,24,Left,Left,304,124,27,23,nan,nan,0.23
11/12/2025 21:49:51,1.17.2,PR1,4,3.87,nan,24,Left,Left,305,124,27,23,nan,nan,0.23
11/12/2025 21:49:52,1.17.2,PR1,4,3.87,nan,24,Left,Left,306,124,27,23,nan,nan,0.00
11/12/2025 21:49:53,1.17.2,PR1,4,3.87,nan,24,Left,Left,307,124,27,23,nan,nan,0.27
11/12/2025 21:49:56,1.17.2,PR1,4,3.87,nan,24,Left,Left,308,124,27,23,nan,nan,0.79
11/12/2025 21:49:59,1.17.2,PR1,4,3.88,nan,24,Left,Left,309,124,27,23,nan,nan,0.94
11/12/2025 21:50:01,1.17.2,PR1,4,3.87,nan,24,Left,Left,310,124,27,23,nan,nan,0.08
11/12/2025 21:50:06,1.17.2,PR1,4,3.88,nan,24,Left,Left,311,124,27,23,nan,nan,0.28
11/12/2025 21:50:07,1.17.2,PR1,4,3.87,nan,24,Left,Left,312,124,27,23,nan,nan,0.27
11/12/2025 21:50:13,1.17.2,PR1,4,3.87,nan,24,Left,Left,313,124,27,23,nan,nan,0.19
11/12/2025 21:50:13,1.17.2,PR1,4,3.87,nan,24,LeftDuringDispense,Left,314,124,27,24,nan,nan,0.08
11/12/2025 21:50:17,1.17.2,PR1,4,3.88,2,24,Pellet,Left,314,124,28,24,0.65,83,nan
11/12/2025 21:50:30,1.17.2,PR1,4,3.87,nan,25,Left,Left,315,124,28,24,nan,nan,0.15
11/12/2025 21:50:31,1.17.2,PR1,4,3.87,nan,25,Left,Left,316,124,28,24,nan,nan,0.01
11/12/2025 21:50:32,1.17.2,PR1,4,3.88,nan,25,Left,Left,317,124,28,24,nan,nan,0.00
11/12/2025 21:50:34,1.17.2,PR1,4,3.87,nan,25,Left,Left,318,124,28,24,nan,nan,0.60
11/12/2025 21:50:35,1.17.2,PR1,4,3.87,nan,25,Left,Left,319,124,28,24,nan,nan,0.35
11/12/2025 21:50:37,1.17.2,PR1,4,3.87,nan,25,Left,Left,320,124,28,24,nan,nan,0.42
11/12/2025 21:50:41,1.17.2,PR1,4,3.87,nan,25,Left,Left,321,124,28,24,nan,nan,0.64
11/12/2025 21:50:44,1.17.2,PR1,4,3.87,nan,25,Left,Left,322,124,28,24,nan,nan,0.26
11/12/2025 21:50:45,1.17.2,PR1,4,3.87,nan,25,Left,Left,323,124,28,24,nan,nan,0.08
11/12/2025 21:50:46,1.17.2,PR1,4,3.88,nan,25,Left,Left,324,124,28,24,nan,nan,0.00
11/12/2025 21:50:48,1.17.2,PR1,4,3.87,nan,25,Left,Left,325,124,28,24,nan,nan,0.26
11/12/2025 21:50:53,1.17.2,PR1,4,3.87,nan,25,Right,Left,325,125,28,24,nan,nan,0.16
11/12/2025 21:50:54,1.17.2,PR1,4,3.88,nan,25,Right,Left,325,126,28,24,nan,nan,0.00
11/12/2025 21:50:58,1.17.2,PR1,4,3.87,nan,25,Left,Left,326,126,28,24,nan,nan,0.27
11/12/2025 21:50:58,1.17.2,PR1,4,3.87,nan,25,Left,Left,327,126,28,24,nan,nan,0.02
11/12/2025 21:51:01,1.17.2,PR1,4,3.87,nan,25,Left,Left,328,126,28,24,nan,nan,0.83
11/12/2025 21:51:02,1.17.2,PR1,4,3.87,nan,25,Left,Left,329,126,28,24,nan,nan,0.22
11/12/2025 21:51:03,1.17.2,PR1,4,3.88,nan,25,Left,Left,330,126,28,24,nan,nan,0.52
11/12/2025 21:51:05,1.17.2,PR1,4,3.87,nan,25,Left,Left,331,126,28,24,nan,nan,0.49
11/12/2025 21:51:06,1.17.2,PR1,4,3.88,nan,25,Left,Left,332,126,28,24,nan,nan,0.17
11/12/2025 21:51:09,1.17.2,PR1,4,3.87,nan,25,Left,Left,333,126,28,24,nan,nan,0.54
11/12/2025 21:51:10,1.17.2,PR1,4,3.87,nan,25,Left,Left,334,126,28,24,nan,nan,0.09
11/12/2025 21:51:11,1.17.2,PR1,4,3.87,nan,25,Left,Left,335,126,28,24,nan,nan,0.21
11/12/2025 21:51:14,1.17.2,PR1,4,3.87,nan,25,Left,Left,336,126,28,24,nan,nan,0.13
11/12/2025 21:51:15,1.17.2,PR1,4,3.87,nan,25,Left,Left,337,126,28,24,nan,nan,0.00
11/12/2025 21:51:18,1.17.2,PR1,4,3.87,nan,25,Left,Left,338,126,28,24,nan,nan,0.64
11/12/2025 21:51:19,1.17.2,PR1,4,3.87,nan,25,Left,Left,339,126,28,24,nan,nan,0.00
11/12/2025 21:51:21,1.17.2,PR1,4,3.88,1,25,Pellet,Left,339,126,29,25,0.47,64,nan
11/12/2025 21:51:34,1.17.2,PR1,4,3.88,nan,26,Left,Left,340,126,29,25,nan,nan,0.17
11/12/2025 21:51:36,1.17.2,PR1,4,3.87,nan,26,Left,Left,341,126,29,25,nan,nan,0.14
11/12/2025 21:51:42,1.17.2,PR1,4,3.87,nan,26,Left,Left,342,126,29,25,nan,nan,0.39
11/12/2025 21:51:43,1.17.2,PR1,4,3.88,nan,26,Left,Left,343,126,29,25,nan,nan,0.22
11/12/2025 21:51:45,1.17.2,PR1,4,3.87,nan,26,Left,Left,344,126,29,25,nan,nan,0.21
11/12/2025 21:51:50,1.17.2,PR1,4,3.86,nan,26,Right,Left,344,127,29,25,nan,nan,0.30
11/12/2025 21:52:04,1.17.2,PR1,4,3.88,nan,26,Left,Left,345,127,29,25,nan,nan,0.10
11/12/2025 21:52:05,1.17.2,PR1,4,3.87,nan,26,Left,Left,346,127,29,25,nan,nan,0.32
11/12/2025 21:52:06,1.17.2,PR1,4,3.87,nan,26,Left,Left,347,127,29,25,nan,nan,0.34
11/12/2025 21:52:09,1.17.2,PR1,4,3.87,nan,26,Left,Left,348,127,29,25,nan,nan,0.22
11/12/2025 21:52:10,1.17.2,PR1,4,3.87,nan,26,Left,Left,349,127,29,25,nan,nan,0.24
11/12/2025 21:52:12,1.17.2,PR1,4,3.87,nan,26,Left,Left,350,127,29,25,nan,nan,0.17
11/12/2025 21:52:13,1.17.2,PR1,4,3.87,nan,26,Left,Left,351,127,29,25,nan,nan,0.11
11/12/2025 21:52:16,1.17.2,PR1,4,3.87,nan,26,Left,Left,352,127,29,25,nan,nan,0.15
11/12/2025 21:52:17,1.17.2,PR1,4,3.87,nan,26,Left,Left,353,127,29,25,nan,nan,0.02
11/12/2025 21:53:28,1.17.2,PR1,4,3.88,nan,26,Left,Left,354,127,29,25,nan,nan,0.59
11/12/2025 21:53:30,1.17.2,PR1,4,3.87,nan,26,Left,Left,355,127,29,25,nan,nan,0.40
11/12/2025 21:53:31,1.17.2,PR1,4,3.87,nan,26,Left,Left,356,127,29,25,nan,nan,0.23
11/12/2025 21:53:34,1.17.2,PR1,4,3.87,nan,26,Left,Left,357,127,29,25,nan,nan,0.38
11/12/2025 21:53:35,1.17.2,PR1,4,3.87,nan,26,Left,Left,358,127,29,25,nan,nan,0.17
11/12/2025 21:53:37,1.17.2,PR1,4,3.88,nan,26,Left,Left,359,127,29,25,nan,nan,0.24
11/12/2025 21:53:39,1.17.2,PR1,4,3.87,nan,26,Left,Left,360,127,29,25,nan,nan,0.39
11/12/2025 21:53:40,1.17.2,PR1,4,3.87,nan,26,Left,Left,361,127,29,25,nan,nan,0.20
11/12/2025 21:53:41,1.17.2,PR1,4,3.88,nan,26,Left,Left,362,127,29,25,nan,nan,0.14
11/12/2025 21:53:44,1.17.2,PR1,4,3.88,nan,26,Left,Left,363,127,29,25,nan,nan,0.10
11/12/2025 22:22:12,1.17.2,PR1,4,3.87,nan,26,Left,Left,364,127,29,25,nan,nan,0.07
11/12/2025 22:22:13,1.17.2,PR1,4,3.87,nan,26,Left,Left,365,127,29,25,nan,nan,0.42
11/12/2025 22:22:14,1.17.2,PR1,4,3.87,1,26,Pellet,Left,365,127,30,26,0.35,1853,nan
11/12/2025 22:22:25,1.17.2,PR1,4,3.87,nan,27,Left,Left,366,127,30,26,nan,nan,0.54
11/12/2025 22:22:27,1.17.2,PR1,4,3.87,nan,27,Left,Left,367,127,30,26,nan,nan,0.50
11/12/2025 22:22:29,1.17.2,PR1,4,3.87,nan,27,Left,Left,368,127,30,26,nan,nan,0.74
11/12/2025 22:22:30,1.17.2,PR1,4,3.87,nan,27,Left,Left,369,127,30,26,nan,nan,0.00
11/12/2025 22:22:33,1.17.2,PR1,4,3.87,nan,27,Left,Left,370,127,30,26,nan,nan,0.18
11/12/2025 22:30:35,1.17.2,PR1,4,3.87,nan,27,Left,Left,371,127,30,26,nan,nan,0.08
11/12/2025 22:30:37,1.17.2,PR1,4,3.87,nan,27,Left,Left,372,127,30,26,nan,nan,0.37
11/12/2025 22:30:39,1.17.2,PR1,4,3.87,nan,27,Left,Left,373,127,30,26,nan,nan,0.46
11/12/2025 22:30:40,1.17.2,PR1,4,3.87,nan,27,Left,Left,374,127,30,26,nan,nan,0.46
11/12/2025 22:30:42,1.17.2,PR1,4,3.87,nan,27,Left,Left,375,127,30,26,nan,nan,0.16
11/12/2025 22:44:33,1.17.2,PR1,4,3.87,nan,27,Left,Left,376,127,30,26,nan,nan,0.25
11/12/2025 22:44:36,1.17.2,PR1,4,3.87,nan,27,Left,Left,377,127,30,26,nan,nan,0.10
11/12/2025 22:44:38,1.17.2,PR1,4,3.87,nan,27,Left,Left,378,127,30,26,nan,nan,0.29
11/12/2025 22:44:43,1.17.2,PR1,4,3.87,nan,27,Left,Left,379,127,30,26,nan,nan,0.43
11/12/2025 22:44:45,1.17.2,PR1,4,3.87,nan,27,Left,Left,380,127,30,26,nan,nan,0.58
11/12/2025 22:44:47,1.17.2,PR1,4,3.87,nan,27,Left,Left,381,127,30,26,nan,nan,0.43
11/12/2025 22:44:47,1.17.2,PR1,4,3.87,nan,27,Left,Left,382,127,30,26,nan,nan,0.13
11/12/2025 22:44:49,1.17.2,PR1,4,3.87,nan,27,Left,Left,383,127,30,26,nan,nan,0.12
11/12/2025 22:44:49,1.17.2,PR1,4,3.87,nan,27,Left,Left,384,127,30,26,nan,nan,0.00
11/12/2025 22:44:54,1.17.2,PR1,4,3.87,nan,27,Right,Left,384,128,30,26,nan,nan,0.30
11/12/2025 22:44:55,1.17.2,PR1,4,3.87,nan,27,Right,Left,384,129,30,26,nan,nan,0.05
11/12/2025 22:44:57,1.17.2,PR1,4,3.87,nan,27,Left,Left,385,129,30,26,nan,nan,0.45
11/12/2025 22:45:01,1.17.2,PR1,4,3.87,nan,27,Left,Left,386,129,30,26,nan,nan,0.39
11/12/2025 22:45:01,1.17.2,PR1,4,3.87,nan,27,Left,Left,387,129,30,26,nan,nan,0.00
11/12/2025 22:45:02,1.17.2,PR1,4,3.87,nan,27,Left,Left,388,129,30,26,nan,nan,0.00
11/12/2025 22:45:04,1.17.2,PR1,4,3.87,nan,27,Left,Left,389,129,30,26,nan,nan,0.68
11/12/2025 22:45:06,1.17.2,PR1,4,3.87,nan,27,Left,Left,390,129,30,26,nan,nan,0.19
11/12/2025 22:45:08,1.17.2,PR1,4,3.87,nan,27,Left,Left,391,129,30,26,nan,nan,0.23
11/12/2025 22:45:09,1.17.2,PR1,4,3.87,nan,27,Left,Left,392,129,30,26,nan,nan,0.15
11/12/2025 22:45:10,1.17.2,PR1,4,3.87,1,27,Pellet,Left,392,129,31,27,0.29,1376,nan
11/12/2025 22:46:29,1.17.2,PR1,4,3.87,nan,28,Left,Left,393,129,31,27,nan,nan,0.03
11/12/2025 22:46:30,1.17.2,PR1,4,3.87,nan,28,Left,Left,394,129,31,27,nan,nan,0.00
11/12/2025 22:46:39,1.17.2,PR1,4,3.88,nan,28,Left,Left,395,129,31,27,nan,nan,0.06
11/12/2025 22:46:40,1.17.2,PR1,4,3.87,nan,28,Left,Left,396,129,31,27,nan,nan,0.06
11/12/2025 22:46:58,1.17.2,PR1,4,3.87,nan,28,Right,Left,396,130,31,27,nan,nan,0.06
11/12/2025 22:46:59,1.17.2,PR1,4,3.87,nan,28,Right,Left,396,131,31,27,nan,nan,0.00
11/12/2025 22:55:12,1.17.2,PR1,4,3.87,nan,28,Left,Left,397,131,31,27,nan,nan,0.04
11/12/2025 22:55:15,1.17.2,PR1,4,3.87,nan,28,Left,Left,398,131,31,27,nan,nan,0.50
11/12/2025 22:55:16,1.17.2,PR1,4,3.87,nan,28,Left,Left,399,131,31,27,nan,nan,0.34
11/12/2025 22:55:19,1.17.2,PR1,4,3.87,nan,28,Left,Left,400,131,31,27,nan,nan,0.71
11/12/2025 22:55:20,1.17.2,PR1,4,3.87,nan,28,Left,Left,401,131,31,27,nan,nan,0.19
11/12/2025 23:19:40,1.17.2,PR1,4,3.87,nan,28,Left,Left,402,131,31,27,nan,nan,0.32
11/12/2025 23:19:43,1.17.2,PR1,4,3.87,nan,28,Left,Left,403,131,31,27,nan,nan,0.27
11/12/2025 23:19:45,1.17.2,PR1,4,3.87,nan,28,Left,Left,404,131,31,27,nan,nan,0.39
11/12/2025 23:19:47,1.17.2,PR1,4,3.87,nan,28,Left,Left,405,131,31,27,nan,nan,0.09
11/12/2025 23:19:48,1.17.2,PR1,4,3.87,nan,28,Left,Left,406,131,31,27,nan,nan,0.00
11/12/2025 23:19:49,1.17.2,PR1,4,3.87,nan,28,Left,Left,407,131,31,27,nan,nan,0.34
11/12/2025 23:19:51,1.17.2,PR1,4,3.87,nan,28,Left,Left,408,131,31,27,nan,nan,0.52
11/12/2025 23:19:52,1.17.2,PR1,4,3.87,nan,28,Left,Left,409,131,31,27,nan,nan,0.11
11/12/2025 23:19:56,1.17.2,PR1,4,3.87,nan,28,Right,Left,409,132,31,27,nan,nan,0.06
11/12/2025 23:19:59,1.17.2,PR1,4,3.87,nan,28,Left,Left,410,132,31,27,nan,nan,0.33
11/12/2025 23:20:00,1.17.2,PR1,4,3.87,nan,28,Left,Left,411,132,31,27,nan,nan,0.20
11/12/2025 23:20:01,1.17.2,PR1,4,3.87,nan,28,Left,Left,412,132,31,27,nan,nan,0.16
11/12/2025 23:20:04,1.17.2,PR1,4,3.87,nan,28,Left,Left,413,132,31,27,nan,nan,0.07
11/12/2025 23:22:54,1.17.2,PR1,4,3.87,nan,28,Right,Left,413,133,31,27,nan,nan,0.19
11/12/2025 23:22:55,1.17.2,PR1,4,3.87,nan,28,Right,Left,413,134,31,27,nan,nan,0.06
11/12/2025 23:23:07,1.17.2,PR1,4,3.87,nan,28,Right,Left,413,135,31,27,nan,nan,0.36
11/12/2025 23:29:59,1.17.2,PR1,4,3.87,nan,28,Left,Left,414,135,31,27,nan,nan,0.02
11/12/2025 23:30:00,1.17.2,PR1,4,3.87,nan,28,Left,Left,415,135,31,27,nan,nan,0.26
11/12/2025 23:30:01,1.17.2,PR1,4,3.87,nan,28,Left,Left,416,135,31,27,nan,nan,0.32
11/12/2025 23:30:02,1.17.2,PR1,4,3.87,nan,28,Left,Left,417,135,31,27,nan,nan,0.14
11/12/2025 23:30:06,1.17.2,PR1,4,3.87,nan,28,Right,Left,417,136,31,27,nan,nan,0.08
11/12/2025 23:30:07,1.17.2,PR1,4,3.87,nan,28,Right,Left,417,137,31,27,nan,nan,0.26
11/12/2025 23:35:51,1.17.2,PR1,4,3.87,nan,28,Left,Left,418,137,31,27,nan,nan,0.23
11/12/2025 23:35:52,1.17.2,PR1,4,3.87,nan,28,Left,Left,419,137,31,27,nan,nan,0.11
11/12/2025 23:35:53,1.17.2,PR1,4,3.87,nan,28,Left,Left,420,137,31,27,nan,nan,0.15
11/12/2025 23:35:55,1.17.2,PR1,4,3.87,1,28,Pellet,Left,420,137,32,28,0.71,3045,nan
11/12/2025 23:36:09,1.17.2,PR1,4,3.87,nan,29,Left,Left,421,137,32,28,nan,nan,0.05
11/12/2025 23:36:10,1.17.2,PR1,4,3.87,nan,29,Left,Left,422,137,32,28,nan,nan,0.07
11/12/2025 23:36:12,1.17.2,PR1,4,3.87,nan,29,Left,Left,423,137,32,28,nan,nan,0.37
11/12/2025 23:36:13,1.17.2,PR1,4,3.87,nan,29,Left,Left,424,137,32,28,nan,nan,0.14
11/12/2025 23:36:14,1.17.2,PR1,4,3.87,nan,29,Left,Left,425,137,32,28,nan,nan,0.34
11/12/2025 23:36:15,1.17.2,PR1,4,3.87,nan,29,Left,Left,426,137,32,28,nan,nan,0.13
11/12/2025 23:45:01,1.17.2,PR1,4,3.87,nan,29,Right,Left,426,138,32,28,nan,nan,0.09
11/12/2025 23:45:02,1.17.2,PR1,4,3.87,nan,29,Right,Left,426,139,32,28,nan,nan,0.34
11/12/2025 23:45:03,1.17.2,PR1,4,3.87,nan,29,Right,Left,426,140,32,28,nan,nan,0.09
11/12/2025 23:45:06,1.17.2,PR1,4,3.87,nan,29,Left,Left,427,140,32,28,nan,nan,0.10
11/12/2025 23:45:07,1.17.2,PR1,4,3.87,nan,29,Left,Left,428,140,32,28,nan,nan,0.30
11/12/2025 23:49:36,1.17.2,PR1,4,3.87,nan,29,Left,Left,429,140,32,28,nan,nan,0.03
11/12/2025 23:49:39,1.17.2,PR1,4,3.87,nan,29,Left,Left,430,140,32,28,nan,nan,0.02
11/12/2025 23:49:41,1.17.2,PR1,4,3.87,nan,29,Left,Left,431,140,32,28,nan,nan,0.47
11/12/2025 23:49:42,1.17.2,PR1,4,3.87,nan,29,Left,Left,432,140,32,28,nan,nan,0.08
11/12/2025 23:52:20,1.17.2,PR1,4,3.87,nan,29,Left,Left,433,140,32,28,nan,nan,0.04
11/12/2025 23:52:22,1.17.2,PR1,4,3.87,nan,29,Left,Left,434,140,32,28,nan,nan,0.26
11/12/2025 23:52:23,1.17.2,PR1,4,3.87,nan,29,Left,Left,435,140,32,28,nan,nan,0.12
11/12/2025 23:52:24,1.17.2,PR1,4,3.87,nan,29,Left,Left,436,140,32,28,nan,nan,0.25
11/12/2025 23:52:25,1.17.2,PR1,4,3.87,nan,29,Left,Left,437,140,32,28,nan,nan,0.35
11/12/2025 23:52:27,1.17.2,PR1,4,3.87,nan,29,Left,Left,438,140,32,28,nan,nan,0.28
11/12/2025 23:52:28,1.17.2,PR1,4,3.87,nan,29,Left,Left,439,140,32,28,nan,nan,0.48
11/12/2025 23:52:30,1.17.2,PR1,4,3.87,nan,29,Left,Left,440,140,32,28,nan,nan,0.46
11/12/2025 23:52:32,1.17.2,PR1,4,3.87,nan,29,Left,Left,441,140,32,28,nan,nan,0.34
11/12/2025 23:52:34,1.17.2,PR1,4,3.87,nan,29,Left,Left,442,140,32,28,nan,nan,0.10
11/12/2025 23:52:35,1.17.2,PR1,4,3.87,nan,29,Left,Left,443,140,32,28,nan,nan,0.14
11/12/2025 23:52:37,1.17.2,PR1,4,3.87,nan,29,Left,Left,444,140,32,28,nan,nan,0.37
11/13/2025 0:01:55,1.17.2,PR1,4,3.87,nan,29,Right,Left,444,141,32,28,nan,nan,0.10
11/13/2025 0:01:59,1.17.2,PR1,4,3.87,nan,29,Left,Left,445,141,32,28,nan,nan,0.05
11/13/2025 0:02:01,1.17.2,PR1,4,3.87,nan,29,Left,Left,446,141,32,28,nan,nan,0.44
11/13/2025 0:02:03,1.17.2,PR1,4,3.87,nan,29,Left,Left,447,141,32,28,nan,nan,0.30
11/13/2025 0:02:05,1.17.2,PR1,4,3.87,nan,29,Left,Left,448,141,32,28,nan,nan,0.21
11/13/2025 0:02:06,1.17.2,PR1,4,3.87,nan,29,Left,Left,449,141,32,28,nan,nan,0.60
11/13/2025 0:02:07,1.17.2,PR1,4,3.87,1,29,Pellet,Left,449,141,33,29,0.53,1572,nan
11/13/2025 0:02:28,1.17.2,PR1,4,3.86,nan,30,Left,Left,450,141,33,29,nan,nan,0.31
11/13/2025 0:02:29,1.17.2,PR1,4,3.87,nan,30,Left,Left,451,141,33,29,nan,nan,0.35
11/13/2025 0:02:32,1.17.2,PR1,4,3.87,nan,30,Left,Left,452,141,33,29,nan,nan,0.18
11/13/2025 0:02:34,1.17.2,PR1,4,3.87,nan,30,Left,Left,453,141,33,29,nan,nan,0.15
11/13/2025 0:02:35,1.17.2,PR1,4,3.87,nan,30,Left,Left,454,141,33,29,nan,nan,0.18
11/13/2025 0:02:36,1.17.2,PR1,4,3.87,nan,30,Left,Left,455,141,33,29,nan,nan,0.22
11/13/2025 0:22:41,1.17.2,PR1,4,3.87,nan,30,Right,Left,455,142,33,29,nan,nan,0.07
11/13/2025 0:22:42,1.17.2,PR1,4,3.87,nan,30,Right,Left,455,143,33,29,nan,nan,0.00
11/13/2025 0:30:19,1.17.2,PR1,4,3.87,nan,30,Left,Left,456,143,33,29,nan,nan,0.12
11/13/2025 0:30:20,1.17.2,PR1,4,3.87,nan,30,Left,Left,457,143,33,29,nan,nan,0.12
11/13/2025 0:30:23,1.17.2,PR1,4,3.87,nan,30,Left,Left,458,143,33,29,nan,nan,0.17
11/13/2025 0:36:21,1.17.2,PR1,4,3.87,nan,30,Right,Left,458,144,33,29,nan,nan,0.27
11/13/2025 0:50:05,1.17.2,PR1,4,3.87,nan,30,Left,Left,459,144,33,29,nan,nan,0.11
11/13/2025 0:50:07,1.17.2,PR1,4,3.87,nan,30,Left,Left,460,144,33,29,nan,nan,0.48
11/13/2025 0:50:09,1.17.2,PR1,4,3.87,nan,30,Left,Left,461,144,33,29,nan,nan,0.36
11/13/2025 0:50:11,1.17.2,PR1,4,3.87,nan,30,Left,Left,462,144,33,29,nan,nan,0.35
11/13/2025 0:50:12,1.17.2,PR1,4,3.87,nan,30,Left,Left,463,144,33,29,nan,nan,0.33
11/13/2025 0:50:14,1.17.2,PR1,4,3.87,nan,30,Left,Left,464,144,33,29,nan,nan,0.19
11/13/2025 0:50:23,1.17.2,PR1,4,3.87,nan,30,Left,Left,465,144,33,29,nan,nan,0.01
11/13/2025 1:29:32,1.17.2,PR1,4,3.86,nan,1,Left,Left,466,144,33,0,nan,nan,0.29
11/13/2025 1:29:32,1.17.2,PR1,4,3.87,1,1,Pellet,Left,466,144,34,1,0.06,5245,nan
11/13/2025 1:29:43,1.17.2,PR1,4,3.86,nan,2,Left,Left,467,144,34,1,nan,nan,0.30
11/13/2025 1:29:44,1.17.2,PR1,4,3.87,nan,2,Left,Left,468,144,34,1,nan,nan,0.33
11/13/2025 1:29:46,1.17.2,PR1,4,3.87,1,2,Pellet,Left,468,144,35,2,0.65,14,nan
11/13/2025 1:29:57,1.17.2,PR1,4,3.87,nan,3,Left,Left,469,144,35,2,nan,nan,0.36
11/13/2025 1:30:02,1.17.2,PR1,4,3.87,nan,3,Left,Left,470,144,35,2,nan,nan,0.35
11/13/2025 1:30:04,1.17.2,PR1,4,3.87,nan,3,Left,Left,471,144,35,2,nan,nan,0.23
11/13/2025 1:30:05,1.17.2,PR1,4,3.87,1,3,Pellet,Left,471,144,36,3,0.53,19,nan
11/13/2025 1:30:20,1.17.2,PR1,4,3.86,nan,4,Left,Left,472,144,36,3,nan,nan,0.08
11/13/2025 1:30:22,1.17.2,PR1,4,3.87,nan,4,Left,Left,473,144,36,3,nan,nan,0.67
11/13/2025 1:30:24,1.17.2,PR1,4,3.87,nan,4,Left,Left,474,144,36,3,nan,nan,0.35
11/13/2025 1:30:30,1.17.2,PR1,4,3.87,nan,4,Left,Left,475,144,36,3,nan,nan,0.50
11/13/2025 1:30:31,1.17.2,PR1,4,3.87,1,4,Pellet,Left,475,144,37,4,0.59,26,nan
11/13/2025 1:30:56,1.17.2,PR1,4,3.87,nan,5,Left,Left,476,144,37,4,nan,nan,0.37
11/13/2025 1:30:57,1.17.2,PR1,4,3.87,nan,5,Left,Left,477,144,37,4,nan,nan,0.55
11/13/2025 1:30:58,1.17.2,PR1,4,3.86,nan,5,Left,Left,478,144,37,4,nan,nan,0.35
11/13/2025 1:31:00,1.17.2,PR1,4,3.87,nan,5,Left,Left,479,144,37,4,nan,nan,0.16
11/13/2025 1:31:01,1.17.2,PR1,4,3.87,nan,5,Left,Left,480,144,37,4,nan,nan,0.41
11/13/2025 1:31:01,1.17.2,PR1,4,3.86,nan,5,LeftDuringDispense,Left,481,144,37,5,nan,nan,0.07
11/13/2025 1:31:05,1.17.2,PR1,4,3.87,2,5,Pellet,Left,481,144,38,5,0.59,34,nan
11/13/2025 1:31:17,1.17.2,PR1,4,3.87,nan,6,Left,Left,482,144,38,5,nan,nan,0.14
11/13/2025 1:31:18,1.17.2,PR1,4,3.87,nan,6,Left,Left,483,144,38,5,nan,nan,0.21
11/13/2025 1:31:19,1.17.2,PR1,4,3.87,nan,6,Left,Left,484,144,38,5,nan,nan,0.00
11/13/2025 1:31:22,1.17.2,PR1,4,3.87,nan,6,Left,Left,485,144,38,5,nan,nan,0.16
11/13/2025 1:31:24,1.17.2,PR1,4,3.87,nan,6,Left,Left,486,144,38,5,nan,nan,0.30
11/13/2025 1:31:26,1.17.2,PR1,4,3.87,nan,6,Left,Left,487,144,38,5,nan,nan,0.20
11/13/2025 1:31:27,1.17.2,PR1,4,3.87,1,6,Pellet,Left,487,144,39,6,0.47,22,nan
11/13/2025 1:31:43,1.17.2,PR1,4,3.86,nan,7,Left,Left,488,144,39,6,nan,nan,0.10
11/13/2025 1:31:43,1.17.2,PR1,4,3.87,nan,7,Left,Left,489,144,39,6,nan,nan,0.00
11/13/2025 1:31:45,1.17.2,PR1,4,3.87,nan,7,Left,Left,490,144,39,6,nan,nan,0.13
11/13/2025 1:31:46,1.17.2,PR1,4,3.87,nan,7,Left,Left,491,144,39,6,nan,nan,0.12
11/13/2025 1:31:47,1.17.2,PR1,4,3.87,nan,7,Left,Left,492,144,39,6,nan,nan,0.18
11/13/2025 1:55:29,1.17.2,PR1,4,3.87,nan,7,Left,Left,493,144,39,6,nan,nan,0.50
11/13/2025 1:55:31,1.17.2,PR1,4,3.87,nan,7,Left,Left,494,144,39,6,nan,nan,0.60
11/13/2025 1:55:32,1.17.2,PR1,4,3.87,1,7,Pellet,Left,494,144,40,7,0.53,1445,nan
11/13/2025 1:55:49,1.17.2,PR1,4,3.87,nan,8,Left,Left,495,144,40,7,nan,nan,0.37
11/13/2025 1:55:51,1.17.2,PR1,4,3.87,nan,8,Left,Left,496,144,40,7,nan,nan,0.22
11/13/2025 2:14:16,1.17.2,PR1,4,3.87,nan,8,Left,Left,497,144,40,7,nan,nan,0.04
11/13/2025 2:14:18,1.17.2,PR1,4,3.87,nan,8,Left,Left,498,144,40,7,nan,nan,0.26
11/13/2025 2:14:20,1.17.2,PR1,4,3.87,nan,8,Left,Left,499,144,40,7,nan,nan,0.39
11/13/2025 2:14:24,1.17.2,PR1,4,3.87,nan,8,Left,Left,500,144,40,7,nan,nan,0.95
11/13/2025 2:14:28,1.17.2,PR1,4,3.86,nan,8,Left,Left,501,144,40,7,nan,nan,0.52
11/13/2025 2:14:30,1.17.2,PR1,4,3.87,nan,8,Left,Left,502,144,40,7,nan,nan,0.39
11/13/2025 2:14:32,1.17.2,PR1,4,3.87,1,8,Pellet,Left,502,144,41,8,0.47,1140,nan
11/13/2025 2:14:47,1.17.2,PR1,4,3.87,nan,9,Left,Left,503,144,41,8,nan,nan,0.22
11/13/2025 2:14:51,1.17.2,PR1,4,3.87,nan,9,Left,Left,504,144,41,8,nan,nan,0.13
11/13/2025 2:14:52,1.17.2,PR1,4,3.86,nan,9,Left,Left,505,144,41,8,nan,nan,0.41
11/13/2025 2:14:55,1.17.2,PR1,4,3.87,nan,9,Left,Left,506,144,41,8,nan,nan,0.32
11/13/2025 2:14:57,1.17.2,PR1,4,3.87,nan,9,Left,Left,507,144,41,8,nan,nan,0.29
11/13/2025 2:33:03,1.17.2,PR1,4,3.87,nan,9,Left,Left,508,144,41,8,nan,nan,0.43
11/13/2025 2:33:06,1.17.2,PR1,4,3.86,nan,9,Left,Left,509,144,41,8,nan,nan,0.38
11/13/2025 2:33:08,1.17.2,PR1,4,3.87,nan,9,Left,Left,510,144,41,8,nan,nan,0.32
11/13/2025 2:33:10,1.17.2,PR1,4,3.87,nan,9,Left,Left,511,144,41,8,nan,nan,0.58
11/13/2025 2:33:11,1.17.2,PR1,4,3.87,1,9,Pellet,Left,511,144,42,9,0.35,1119,nan
11/13/2025 2:33:26,1.17.2,PR1,4,3.87,nan,10,Left,Left,512,144,42,9,nan,nan,0.22
11/13/2025 2:33:30,1.17.2,PR1,4,3.87,nan,10,Left,Left,513,144,42,9,nan,nan,0.07
11/13/2025 2:33:34,1.17.2,PR1,4,3.87,nan,10,Left,Left,514,144,42,9,nan,nan,0.14
11/13/2025 2:33:36,1.17.2,PR1,4,3.87,nan,10,Left,Left,515,144,42,9,nan,nan,0.14
11/13/2025 2:33:42,1.17.2,PR1,4,3.86,nan,10,Left,Left,516,144,42,9,nan,nan,1.34
11/13/2025 2:33:43,1.17.2,PR1,4,3.87,nan,10,Left,Left,517,144,42,9,nan,nan,0.38
11/13/2025 2:33:46,1.17.2,PR1,4,3.87,nan,10,Left,Left,518,144,42,9,nan,nan,0.02
11/13/2025 2:58:06,1.17.2,PR1,4,3.87,nan,10,Left,Left,519,144,42,9,nan,nan,0.02
11/13/2025 2:58:07,1.17.2,PR1,4,3.86,nan,10,Left,Left,520,144,42,9,nan,nan,0.00
11/13/2025 2:58:08,1.17.2,PR1,4,3.87,nan,10,Left,Left,521,144,42,9,nan,nan,0.26
11/13/2025 2:58:12,1.17.2,PR1,4,3.86,2,10,Pellet,Left,521,144,43,10,1.07,1501,nan
11/13/2025 2:58:26,1.17.2,PR1,4,3.86,nan,11,Left,Left,522,144,43,10,nan,nan,0.37
11/13/2025 2:58:37,1.17.2,PR1,4,3.87,nan,11,Left,Left,523,144,43,10,nan,nan,0.45
11/13/2025 2:58:58,1.17.2,PR1,4,3.87,nan,11,Left,Left,524,144,43,10,nan,nan,0.38
11/13/2025 2:59:00,1.17.2,PR1,4,3.86,nan,11,Left,Left,525,144,43,10,nan,nan,0.59
11/13/2025 2:59:03,1.17.2,PR1,4,3.87,nan,11,Left,Left,526,144,43,10,nan,nan,0.56
11/13/2025 2:59:06,1.17.2,PR1,4,3.86,nan,11,Right,Left,526,145,43,10,nan,nan,0.40
11/13/2025 2:59:07,1.17.2,PR1,4,3.86,nan,11,Right,Left,526,146,43,10,nan,nan,0.25
11/13/2025 2:59:11,1.17.2,PR1,4,3.86,nan,11,Left,Left,527,146,43,10,nan,nan,0.60
11/13/2025 2:59:15,1.17.2,PR1,4,3.86,nan,11,Left,Left,528,146,43,10,nan,nan,0.47
11/13/2025 2:59:18,1.17.2,PR1,4,3.87,nan,11,Left,Left,529,146,43,10,nan,nan,0.52
11/13/2025 2:59:21,1.17.2,PR1,4,3.87,nan,11,Left,Left,530,146,43,10,nan,nan,0.74
11/13/2025 2:59:24,1.17.2,PR1,4,3.87,nan,11,Left,Left,531,146,43,10,nan,nan,1.11
11/13/2025 2:59:37,1.17.2,PR1,4,3.87,nan,11,Left,Left,532,146,43,10,nan,nan,0.09
11/13/2025 2:59:38,1.17.2,PR1,4,3.87,nan,11,LeftDuringDispense,Left,533,146,43,11,nan,nan,0.11
11/13/2025 2:59:41,1.17.2,PR1,4,3.86,2,11,Pellet,Left,533,146,44,11,0.23,89,nan
11/13/2025 2:59:50,1.17.2,PR1,4,3.86,nan,12,Left,Left,534,146,44,11,nan,nan,0.24
11/13/2025 2:59:51,1.17.2,PR1,4,3.87,nan,12,Left,Left,535,146,44,11,nan,nan,0.26
11/13/2025 2:59:52,1.17.2,PR1,4,3.86,nan,12,Left,Left,536,146,44,11,nan,nan,0.25
11/13/2025 2:59:53,1.17.2,PR1,4,3.87,nan,12,Left,Left,537,146,44,11,nan,nan,0.33
11/13/2025 2:59:57,1.17.2,PR1,4,3.87,nan,12,Left,Left,538,146,44,11,nan,nan,0.15
11/13/2025 3:16:58,1.17.2,PR1,4,3.87,nan,12,Left,Left,539,146,44,11,nan,nan,0.06
11/13/2025 3:17:01,1.17.2,PR1,4,3.86,nan,12,Left,Left,540,146,44,11,nan,nan,0.52
11/13/2025 3:17:02,1.17.2,PR1,4,3.87,nan,12,Left,Left,541,146,44,11,nan,nan,0.25
11/13/2025 3:17:06,1.17.2,PR1,4,3.87,nan,12,Left,Left,542,146,44,11,nan,nan,1.09
11/13/2025 3:17:08,1.17.2,PR1,4,3.86,nan,12,Left,Left,543,146,44,11,nan,nan,0.46
11/13/2025 3:17:12,1.17.2,PR1,4,3.87,nan,12,Left,Left,544,146,44,11,nan,nan,0.31
11/13/2025 3:17:20,1.17.2,PR1,4,3.87,nan,12,Left,Left,545,146,44,11,nan,nan,0.33
11/13/2025 3:17:21,1.17.2,PR1,4,3.87,1,12,Pellet,Left,545,146,45,12,0.71,1060,nan
11/13/2025 3:17:36,1.17.2,PR1,4,3.87,nan,13,Left,Left,546,146,45,12,nan,nan,0.11
11/13/2025 3:17:38,1.17.2,PR1,4,3.86,nan,13,Left,Left,547,146,45,12,nan,nan,0.06
11/13/2025 3:26:44,1.17.2,PR1,4,3.87,nan,13,Left,Left,548,146,45,12,nan,nan,0.09
11/13/2025 3:29:39,1.17.2,PR1,4,3.87,nan,13,Left,Left,549,146,45,12,nan,nan,0.28
11/13/2025 3:29:41,1.17.2,PR1,4,3.86,nan,13,Left,Left,550,146,45,12,nan,nan,0.23
11/13/2025 3:29:43,1.17.2,PR1,4,3.87,nan,13,Left,Left,551,146,45,12,nan,nan,0.01
11/13/2025 3:32:35,1.17.2,PR1,4,3.86,nan,13,Right,Left,551,147,45,12,nan,nan,0.18
11/13/2025 3:32:37,1.17.2,PR1,4,3.86,nan,13,Right,Left,551,148,45,12,nan,nan,0.46
11/13/2025 3:32:38,1.17.2,PR1,4,3.87,nan,13,Right,Left,551,149,45,12,nan,nan,0.21
11/13/2025 3:35:53,1.17.2,PR1,4,3.86,nan,13,Left,Left,552,149,45,12,nan,nan,0.05
11/13/2025 3:35:55,1.17.2,PR1,4,3.87,nan,13,Left,Left,553,149,45,12,nan,nan,0.24
11/13/2025 3:35:56,1.17.2,PR1,4,3.86,nan,13,Left,Left,554,149,45,12,nan,nan,0.42
11/13/2025 3:35:57,1.17.2,PR1,4,3.86,nan,13,Left,Left,555,149,45,12,nan,nan,0.27
11/13/2025 3:44:29,1.17.2,PR1,4,3.87,nan,13,Left,Left,556,149,45,12,nan,nan,0.04
11/13/2025 3:44:42,1.17.2,PR1,4,3.86,nan,13,Left,Left,557,149,45,12,nan,nan,0.24
11/13/2025 3:44:43,1.17.2,PR1,4,3.87,nan,13,Left,Left,558,149,45,12,nan,nan,0.25
11/13/2025 3:44:45,1.17.2,PR1,4,3.86,1,13,Pellet,Left,558,149,46,13,0.95,1644,nan
11/13/2025 3:46:08,1.17.2,PR1,4,3.86,nan,14,Left,Left,559,149,46,13,nan,nan,0.07
11/13/2025 3:46:09,1.17.2,PR1,4,3.86,nan,14,Left,Left,560,149,46,13,nan,nan,0.17
11/13/2025 3:46:11,1.17.2,PR1,4,3.86,nan,14,Left,Left,561,149,46,13,nan,nan,0.04
11/13/2025 3:46:13,1.17.2,PR1,4,3.86,nan,14,Left,Left,562,149,46,13,nan,nan,0.25
11/13/2025 3:53:01,1.17.2,PR1,4,3.86,nan,14,Left,Left,563,149,46,13,nan,nan,0.06
11/13/2025 3:53:02,1.17.2,PR1,4,3.86,nan,14,Left,Left,564,149,46,13,nan,nan,0.20
11/13/2025 3:53:05,1.17.2,PR1,4,3.86,nan,14,Left,Left,565,149,46,13,nan,nan,0.47
11/13/2025 3:53:06,1.17.2,PR1,4,3.87,nan,14,Left,Left,566,149,46,13,nan,nan,0.37
11/13/2025 3:53:08,1.17.2,PR1,4,3.87,nan,14,Left,Left,567,149,46,13,nan,nan,0.28
11/13/2025 3:53:09,1.17.2,PR1,4,3.86,nan,14,Left,Left,568,149,46,13,nan,nan,0.00
11/13/2025 3:53:10,1.17.2,PR1,4,3.86,nan,14,Left,Left,569,149,46,13,nan,nan,0.26
11/13/2025 3:57:11,1.17.2,PR1,4,3.87,nan,14,Left,Left,570,149,46,13,nan,nan,0.07
11/13/2025 3:57:36,1.17.2,PR1,4,3.86,nan,14,Right,Left,570,150,46,13,nan,nan,0.11
11/13/2025 3:57:37,1.17.2,PR1,4,3.86,nan,14,Right,Left,570,151,46,13,nan,nan,0.11
11/13/2025 3:57:38,1.17.2,PR1,4,3.86,nan,14,Right,Left,570,152,46,13,nan,nan,0.12
11/13/2025 3:58:26,1.17.2,PR1,4,3.87,nan,14,Left,Left,571,152,46,13,nan,nan,0.24
11/13/2025 3:58:27,1.17.2,PR1,4,3.86,nan,14,Left,Left,572,152,46,13,nan,nan,0.45
11/13/2025 3:58:29,1.17.2,PR1,4,3.86,1,14,Pellet,Left,572,152,47,14,0.59,823,nan
11/13/2025 3:58:40,1.17.2,PR1,4,3.87,nan,15,Left,Left,573,152,47,14,nan,nan,0.42
11/13/2025 3:58:41,1.17.2,PR1,4,3.86,nan,15,Left,Left,574,152,47,14,nan,nan,0.19
11/13/2025 3:58:43,1.17.2,PR1,4,3.86,nan,15,Left,Left,575,152,47,14,nan,nan,0.28
11/13/2025 3:58:45,1.17.2,PR1,4,3.86,nan,15,Left,Left,576,152,47,14,nan,nan,0.03
11/13/2025 3:58:47,1.17.2,PR1,4,3.86,nan,15,Left,Left,577,152,47,14,nan,nan,0.35
11/13/2025 3:58:49,1.17.2,PR1,4,3.86,nan,15,Left,Left,578,152,47,14,nan,nan,0.18
11/13/2025 3:58:51,1.17.2,PR1,4,3.86,nan,15,Left,Left,579,152,47,14,nan,nan,0.09
11/13/2025 4:04:30,1.17.2,PR1,4,3.86,nan,15,Left,Left,580,152,47,14,nan,nan,0.04
11/13/2025 4:04:33,1.17.2,PR1,4,3.86,nan,15,Left,Left,581,152,47,14,nan,nan,0.26
11/13/2025 4:04:35,1.17.2,PR1,4,3.87,nan,15,Left,Left,582,152,47,14,nan,nan,0.16
11/13/2025 4:13:14,1.17.2,PR1,4,3.86,nan,15,Left,Left,583,152,47,14,nan,nan,0.05
11/13/2025 4:13:16,1.17.2,PR1,4,3.86,nan,15,Left,Left,584,152,47,14,nan,nan,0.59
11/13/2025 4:13:18,1.17.2,PR1,4,3.86,nan,15,Left,Left,585,152,47,14,nan,nan,0.51
11/13/2025 4:13:20,1.17.2,PR1,4,3.86,nan,15,Left,Left,586,152,47,14,nan,nan,0.30
11/13/2025 4:13:27,1.17.2,PR1,4,3.86,nan,15,Right,Left,586,153,47,14,nan,nan,0.12
11/13/2025 4:13:28,1.17.2,PR1,4,3.86,nan,15,Right,Left,586,154,47,14,nan,nan,0.15
11/13/2025 4:13:32,1.17.2,PR1,4,3.86,nan,15,Right,Left,586,155,47,14,nan,nan,0.15
11/13/2025 4:13:36,1.17.2,PR1,4,3.86,nan,15,Left,Left,587,155,47,14,nan,nan,0.17
11/13/2025 4:13:38,1.17.2,PR1,4,3.86,1,15,Pellet,Left,587,155,48,15,0.71,910,nan
11/13/2025 4:13:50,1.17.2,PR1,4,3.86,nan,16,Right,Left,587,156,48,15,nan,nan,0.02
11/13/2025 4:13:54,1.17.2,PR1,4,3.86,nan,16,Right,Left,587,157,48,15,nan,nan,0.15
11/13/2025 4:14:19,1.17.2,PR1,4,3.86,nan,16,Left,Left,588,157,48,15,nan,nan,0.03
11/13/2025 4:14:21,1.17.2,PR1,4,3.86,nan,16,Left,Left,589,157,48,15,nan,nan,0.31
11/13/2025 4:14:22,1.17.2,PR1,4,3.86,nan,16,Left,Left,590,157,48,15,nan,nan,0.19
11/13/2025 4:14:23,1.17.2,PR1,4,3.86,nan,16,Left,Left,591,157,48,15,nan,nan,0.33
11/13/2025 4:14:25,1.17.2,PR1,4,3.86,nan,16,Left,Left,592,157,48,15,nan,nan,0.11
11/13/2025 4:16:37,1.17.2,PR1,4,3.86,nan,16,Right,Left,592,158,48,15,nan,nan,0.02
11/13/2025 4:24:25,1.17.2,PR1,4,3.86,nan,16,Right,Left,592,159,48,15,nan,nan,0.53
11/13/2025 4:25:31,1.17.2,PR1,4,3.87,nan,16,Left,Left,593,159,48,15,nan,nan,0.12
11/13/2025 4:25:34,1.17.2,PR1,4,3.86,nan,16,Left,Left,594,159,48,15,nan,nan,0.27
11/13/2025 4:25:35,1.17.2,PR1,4,3.86,nan,16,Left,Left,595,159,48,15,nan,nan,0.25
11/13/2025 4:25:37,1.17.2,PR1,4,3.86,nan,16,Left,Left,596,159,48,15,nan,nan,0.26
11/13/2025 4:25:38,1.17.2,PR1,4,3.87,nan,16,Left,Left,597,159,48,15,nan,nan,0.12
11/13/2025 5:00:55,1.17.2,PR1,4,3.86,nan,1,Left,Left,598,159,48,0,nan,nan,0.12
11/13/2025 5:00:57,1.17.2,PR1,4,3.86,1,1,Pellet,Left,598,159,49,1,1.31,2839,nan
11/13/2025 5:01:12,1.17.2,PR1,4,3.85,nan,2,Left,Left,599,159,49,1,nan,nan,0.08
11/13/2025 5:01:20,1.17.2,PR1,4,3.86,nan,2,Left,Left,600,159,49,1,nan,nan,0.57
11/13/2025 5:01:21,1.17.2,PR1,4,3.86,1,2,Pellet,Left,600,159,50,2,0.59,24,nan
11/13/2025 5:01:41,1.17.2,PR1,4,3.86,nan,3,Left,Left,601,159,50,2,nan,nan,0.00
11/13/2025 5:01:47,1.17.2,PR1,4,3.86,nan,3,Left,Left,602,159,50,2,nan,nan,0.10
11/13/2025 5:01:50,1.17.2,PR1,4,3.86,nan,3,Left,Left,603,159,50,2,nan,nan,0.28
11/13/2025 5:01:51,1.17.2,PR1,4,3.86,1,3,Pellet,Left,603,159,51,3,0.53,30,nan
11/13/2025 5:03:52,1.17.2,PR1,4,3.86,nan,4,Left,Left,604,159,51,3,nan,nan,0.22
11/13/2025 5:03:56,1.17.2,PR1,4,3.86,nan,4,Left,Left,605,159,51,3,nan,nan,0.24
11/13/2025 5:03:58,1.17.2,PR1,4,3.86,nan,4,Left,Left,606,159,51,3,nan,nan,0.15
11/13/2025 5:08:45,1.17.2,PR1,4,3.86,nan,4,Left,Left,607,159,51,3,nan,nan,0.12
11/13/2025 5:08:47,1.17.2,PR1,4,3.85,1,4,Pellet,Left,607,159,52,4,0.65,416,nan
11/13/2025 5:09:07,1.17.2,PR1,4,3.86,nan,5,Left,Left,608,159,52,4,nan,nan,0.22
11/13/2025 5:09:08,1.17.2,PR1,4,3.86,nan,5,Left,Left,609,159,52,4,nan,nan,0.17
11/13/2025 5:09:12,1.17.2,PR1,4,3.86,nan,5,Left,Left,610,159,52,4,nan,nan,0.38
11/13/2025 5:09:13,1.17.2,PR1,4,3.86,nan,5,Left,Left,611,159,52,4,nan,nan,0.11
11/13/2025 5:09:14,1.17.2,PR1,4,3.86,nan,5,Left,Left,612,159,52,4,nan,nan,0.21
11/13/2025 5:09:16,1.17.2,PR1,4,3.86,1,5,Pellet,Left,612,159,53,5,0.71,29,nan
11/13/2025 5:09:37,1.17.2,PR1,4,3.86,nan,6,Left,Left,613,159,53,5,nan,nan,0.31
11/13/2025 5:09:42,1.17.2,PR1,4,3.86,nan,6,Left,Left,614,159,53,5,nan,nan,0.12
11/13/2025 5:09:45,1.17.2,PR1,4,3.86,nan,6,Left,Left,615,159,53,5,nan,nan,0.05
11/13/2025 5:09:45,1.17.2,PR1,4,3.86,nan,6,Left,Left,616,159,53,5,nan,nan,0.00
11/13/2025 5:17:19,1.17.2,PR1,4,3.87,nan,6,Left,Left,617,159,53,5,nan,nan,0.17
11/13/2025 5:17:20,1.17.2,PR1,4,3.86,nan,6,Left,Left,618,159,53,5,nan,nan,0.12
11/13/2025 5:17:21,1.17.2,PR1,4,3.86,1,6,Pellet,Left,618,159,54,6,0.71,485,nan
11/13/2025 5:17:30,1.17.2,PR1,4,3.86,nan,7,Right,Left,618,160,54,6,nan,nan,0.08
11/13/2025 5:25:00,1.17.2,PR1,4,3.85,nan,7,Left,Left,619,160,54,6,nan,nan,0.04
11/13/2025 5:26:41,1.17.2,PR1,4,3.86,nan,7,Right,Left,619,161,54,6,nan,nan,0.03
11/13/2025 5:26:43,1.17.2,PR1,4,3.86,nan,7,Right,Left,619,162,54,6,nan,nan,0.20
11/13/2025 5:26:45,1.17.2,PR1,4,3.86,nan,7,Right,Left,619,163,54,6,nan,nan,0.45
11/13/2025 5:26:46,1.17.2,PR1,4,3.86,nan,7,Right,Left,619,164,54,6,nan,nan,0.00
11/13/2025 5:30:36,1.17.2,PR1,4,3.85,nan,7,Right,Left,619,165,54,6,nan,nan,0.28
11/13/2025 5:35:59,1.17.2,PR1,4,3.86,nan,7,Left,Left,620,165,54,6,nan,nan,0.09
11/13/2025 5:39:54,1.17.2,PR1,4,3.86,nan,7,Right,Left,620,166,54,6,nan,nan,0.00
11/13/2025 5:40:20,1.17.2,PR1,4,3.86,nan,7,Right,Left,620,167,54,6,nan,nan,0.06
11/13/2025 5:40:24,1.17.2,PR1,4,3.86,nan,7,Left,Left,621,167,54,6,nan,nan,0.06
11/13/2025 5:40:26,1.17.2,PR1,4,3.86,nan,7,Left,Left,622,167,54,6,nan,nan,0.22
11/13/2025 5:40:27,1.17.2,PR1,4,3.86,nan,7,Left,Left,623,167,54,6,nan,nan,0.22
11/13/2025 5:40:30,1.17.2,PR1,4,3.86,nan,7,Left,Left,624,167,54,6,nan,nan,0.19
11/13/2025 5:52:06,1.17.2,PR1,4,3.86,nan,7,Left,Left,625,167,54,6,nan,nan,0.38
11/13/2025 5:52:08,1.17.2,PR1,4,3.86,1,7,Pellet,Left,625,167,55,7,0.71,2087,nan
11/13/2025 5:52:36,1.17.2,PR1,4,3.86,nan,8,Left,Left,626,167,55,7,nan,nan,0.15
11/13/2025 5:52:37,1.17.2,PR1,4,3.86,nan,8,Left,Left,627,167,55,7,nan,nan,0.17
11/13/2025 5:52:55,1.17.2,PR1,4,3.86,nan,8,Left,Left,628,167,55,7,nan,nan,0.08
11/13/2025 5:52:56,1.17.2,PR1,4,3.86,nan,8,Left,Left,629,167,55,7,nan,nan,0.15
11/13/2025 5:52:58,1.17.2,PR1,4,3.86,nan,8,Left,Left,630,167,55,7,nan,nan,0.20
11/13/2025 5:52:59,1.17.2,PR1,4,3.86,nan,8,Left,Left,631,167,55,7,nan,nan,0.27
11/13/2025 5:53:00,1.17.2,PR1,4,3.85,nan,8,Left,Left,632,167,55,7,nan,nan,0.11
11/13/2025 5:53:02,1.17.2,PR1,4,3.86,nan,8,Left,Left,633,167,55,7,nan,nan,0.12
11/13/2025 5:53:03,1.17.2,PR1,4,3.86,1,8,Pellet,Left,633,167,56,8,0.59,55,nan
11/13/2025 5:54:35,1.17.2,PR1,4,3.86,nan,9,Left,Left,634,167,56,8,nan,nan,0.00
11/13/2025 5:59:01,1.17.2,PR1,4,3.86,nan,9,Left,Left,635,167,56,8,nan,nan,0.12
11/13/2025 6:00:18,1.17.2,PR1,4,3.85,nan,9,Left,Left,636,167,56,8,nan,nan,0.03
11/13/2025 6:16:17,1.17.2,PR1,4,3.85,nan,9,Left,Left,637,167,56,8,nan,nan,0.24
11/13/2025 6:16:19,1.17.2,PR1,4,3.85,nan,9,Left,Left,638,167,56,8,nan,nan,0.19
11/13/2025 6:21:07,1.17.2,PR1,4,3.86,nan,9,Left,Left,639,167,56,8,nan,nan,0.23
11/13/2025 6:21:08,1.17.2,PR1,4,3.85,nan,9,Left,Left,640,167,56,8,nan,nan,0.15
11/13/2025 6:21:21,1.17.2,PR1,4,3.85,nan,9,Left,Left,641,167,56,8,nan,nan,0.11
11/13/2025 6:21:23,1.17.2,PR1,4,3.86,nan,9,Left,Left,642,167,56,8,nan,nan,0.29
11/13/2025 6:21:24,1.17.2,PR1,4,3.87,1,9,Pellet,Left,642,167,57,9,0.47,1701,nan
11/13/2025 6:21:40,1.17.2,PR1,4,3.85,nan,10,Left,Left,643,167,57,9,nan,nan,0.15
11/13/2025 6:21:44,1.17.2,PR1,4,3.86,nan,10,Left,Left,644,167,57,9,nan,nan,0.08
11/13/2025 6:21:46,1.17.2,PR1,4,3.85,nan,10,Left,Left,645,167,57,9,nan,nan,0.39
11/13/2025 6:21:48,1.17.2,PR1,4,3.86,nan,10,Left,Left,646,167,57,9,nan,nan,0.42
11/13/2025 6:21:49,1.17.2,PR1,4,3.86,nan,10,Left,Left,647,167,57,9,nan,nan,0.00
11/13/2025 6:21:50,1.17.2,PR1,4,3.85,nan,10,Left,Left,648,167,57,9,nan,nan,0.24
11/13/2025 6:21:55,1.17.2,PR1,4,3.85,nan,10,Left,Left,649,167,57,9,nan,nan,0.10
11/13/2025 6:24:27,1.17.2,PR1,4,3.86,nan,10,Left,Left,650,167,57,9,nan,nan,0.04
11/13/2025 6:24:28,1.17.2,PR1,4,3.86,nan,10,Left,Left,651,167,57,9,nan,nan,0.05
11/13/2025 6:57:56,1.17.2,PR1,4,3.85,nan,1,Left,Left,652,167,57,0,nan,nan,0.26
11/13/2025 6:57:58,1.17.2,PR1,4,3.85,1,1,Pellet,Left,652,167,58,1,0.83,2193,nan
11/13/2025 6:58:19,1.17.2,PR1,4,3.85,nan,2,Left,Left,653,167,58,1,nan,nan,0.08
11/13/2025 6:58:20,1.17.2,PR1,4,3.85,nan,2,Left,Left,654,167,58,1,nan,nan,0.11
11/13/2025 6:58:23,1.17.2,PR1,4,3.85,1,2,Pellet,Left,654,167,59,2,2.51,26,nan
11/13/2025 6:58:43,1.17.2,PR1,4,3.85,nan,3,Left,Left,655,167,59,2,nan,nan,0.19
11/13/2025 8:32:50,1.17.2,PR1,4,3.86,nan,1,Left,Left,656,167,59,0,nan,nan,0.07
11/13/2025 8:32:52,1.17.2,PR1,4,3.85,1,1,Pellet,Left,656,167,60,1,0.71,5668,nan
11/13/2025 8:33:09,1.17.2,PR1,4,3.85,nan,2,Left,Left,657,167,60,1,nan,nan,0.05
11/13/2025 8:33:10,1.17.2,PR1,4,3.85,nan,2,Left,Left,658,167,60,1,nan,nan,0.29
11/13/2025 8:33:11,1.17.2,PR1,4,3.85,1,2,Pellet,Left,658,167,61,2,0.06,20,nan
11/13/2025 8:33:25,1.17.2,PR1,4,3.85,nan,3,Left,Left,659,167,61,2,nan,nan,0.06
11/13/2025 8:33:27,1.17.2,PR1,4,3.85,nan,3,Left,Left,660,167,61,2,nan,nan,0.09
11/13/2025 8:33:28,1.17.2,PR1,4,3.85,nan,3,Left,Left,661,167,61,2,nan,nan,0.12
11/13/2025 8:33:30,1.17.2,PR1,4,3.85,1,3,Pellet,Left,661,167,62,3,0.53,19,nan
11/13/2025 8:33:42,1.17.2,PR1,4,3.85,nan,4,Left,Left,662,167,62,3,nan,nan,0.01
11/13/2025 8:33:44,1.17.2,PR1,4,3.85,nan,4,Left,Left,663,167,62,3,nan,nan,0.14
11/13/2025 8:33:47,1.17.2,PR1,4,3.86,nan,4,Left,Left,664,167,62,3,nan,nan,0.24
11/13/2025 10:58:55,1.17.2,PR1,4,3.85,nan,1,Right,Left,664,168,62,0,nan,nan,0.11
11/13/2025 10:58:58,1.17.2,PR1,4,3.85,nan,1,Left,Left,665,168,62,0,nan,nan,0.05
11/13/2025 10:58:59,1.17.2,PR1,4,3.85,1,1,Pellet,Left,665,168,63,1,0.47,8729,nan
11/13/2025 10:59:11,1.17.2,PR1,4,3.85,nan,2,Right,Left,665,169,63,1,nan,nan,0.59
11/13/2025 10:59:13,1.17.2,PR1,4,3.85,nan,2,Left,Left,666,169,63,1,nan,nan,0.25
11/13/2025 10:59:15,1.17.2,PR1,4,3.85,nan,2,Left,Left,667,169,63,1,nan,nan,0.08
11/13/2025 10:59:16,1.17.2,PR1,4,3.85,1,2,Pellet,Left,667,169,64,2,0.77,17,nan
11/13/2025 11:07:53,1.17.2,PR1,4,3.85,nan,3,Right,Left,667,170,64,2,nan,nan,0.04
11/13/2025 11:07:55,1.17.2,PR1,4,3.85,nan,3,Right,Left,667,171,64,2,nan,nan,0.15
11/13/2025 11:07:56,1.17.2,PR1,4,3.85,nan,3,Right,Left,667,172,64,2,nan,nan,0.34
11/13/2025 13:38:17,1.17.2,PR1,4,3.84,nan,1,Left,Left,668,172,64,0,nan,nan,0.06
11/13/2025 13:38:19,1.17.2,PR1,4,3.84,1,1,Pellet,Left,668,172,65,1,1.01,9543,nan
11/13/2025 15:53:01,1.17.2,PR1,4,3.84,nan,1,Left,Left,669,172,65,0,nan,nan,0.02
11/13/2025 15:53:03,1.17.2,PR1,4,3.83,1,1,Pellet,Left,669,172,66,1,0.83,8083,nan
11/13/2025 15:53:24,1.17.2,PR1,4,3.84,nan,2,Right,Left,669,173,66,1,nan,nan,0.11
11/13/2025 15:53:29,1.17.2,PR1,4,3.84,nan,2,Left,Left,670,173,66,1,nan,nan,0.20
11/13/2025 15:53:34,1.17.2,PR1,4,3.84,nan,2,Left,Left,671,173,66,1,nan,nan,0.23
11/13/2025 15:53:35,1.17.2,PR1,4,3.84,1,2,Pellet,Left,671,173,67,2,0.65,33,nan
11/13/2025 15:53:49,1.17.2,PR1,4,3.84,nan,3,Left,Left,672,173,67,2,nan,nan,0.15
11/13/2025 15:53:52,1.17.2,PR1,4,3.84,nan,3,Left,Left,673,173,67,2,nan,nan,0.12
11/13/2025 15:56:03,1.17.2,PR1,4,3.83,nan,3,Right,Left,673,174,67,2,nan,nan,0.04
11/13/2025 17:02:04,1.17.2,PR1,4,3.83,nan,1,Left,Left,674,174,67,0,nan,nan,0.15
11/13/2025 17:02:05,1.17.2,PR1,4,3.84,1,1,Pellet,Left,674,174,68,1,0.06,4110,nan
11/13/2025 17:02:17,1.17.2,PR1,4,3.84,nan,2,Left,Left,675,174,68,1,nan,nan,0.23
11/13/2025 17:02:18,1.17.2,PR1,4,3.84,nan,2,Left,Left,676,174,68,1,nan,nan,0.06
11/13/2025 17:02:19,1.17.2,PR1,4,3.84,1,2,Pellet,Left,676,174,69,2,0.59,14,nan
11/13/2025 17:02:37,1.17.2,PR1,4,3.84,nan,3,Left,Left,677,174,69,2,nan,nan,0.06
11/13/2025 17:02:38,1.17.2,PR1,4,3.83,nan,3,Left,Left,678,174,69,2,nan,nan,0.10
11/13/2025 17:12:59,1.17.2,PR1,4,3.84,nan,3,Right,Left,678,175,69,2,nan,nan,0.20
11/13/2025 17:13:00,1.17.2,PR1,4,3.83,nan,3,Right,Left,678,176,69,2,nan,nan,0.00
11/13/2025 17:13:01,1.17.2,PR1,4,3.84,nan,3,Right,Left,678,177,69,2,nan,nan,0.16
11/13/2025 17:46:46,1.17.2,PR1,4,3.83,nan,1,Left,Left,679,177,69,0,nan,nan,0.12
11/13/2025 17:46:47,1.17.2,PR1,4,3.83,1,1,Pellet,Left,679,177,70,1,0.53,2668,nan
11/13/2025 17:47:05,1.17.2,PR1,4,3.83,nan,2,Left,Left,680,177,70,1,nan,nan,0.15
11/13/2025 17:47:06,1.17.2,PR1,4,3.83,nan,2,Left,Left,681,177,70,1,nan,nan,0.25
11/13/2025 17:47:07,1.17.2,PR1,4,3.83,1,2,Pellet,Left,681,177,71,2,0.35,20,nan
11/13/2025 17:47:20,1.17.2,PR1,4,3.83,nan,3,Left,Left,682,177,71,2,nan,nan,0.22
11/13/2025 17:47:22,1.17.2,PR1,4,3.83,nan,3,Left,Left,683,177,71,2,nan,nan,0.30
11/13/2025 17:47:24,1.17.2,PR1,4,3.83,nan,3,Left,Left,684,177,71,2,nan,nan,0.19
11/13/2025 17:47:25,1.17.2,PR1,4,3.83,1,3,Pellet,Left,684,177,72,3,0.35,18,nan
11/13/2025 17:47:44,1.17.2,PR1,4,3.83,nan,4,Left,Left,685,177,72,3,nan,nan,0.05
11/13/2025 17:47:46,1.17.2,PR1,4,3.83,nan,4,Left,Left,686,177,72,3,nan,nan,0.14
11/13/2025 17:47:55,1.17.2,PR1,4,3.83,nan,4,Left,Left,687,177,72,3,nan,nan,0.08
11/13/2025 17:48:13,1.17.2,PR1,4,3.83,nan,4,Left,Left,688,177,72,3,nan,nan,0.03
11/13/2025 17:48:15,1.17.2,PR1,4,3.83,1,4,Pellet,Left,688,177,73,4,0.41,50,nan
11/13/2025 17:48:30,1.17.2,PR1,4,3.83,nan,5,Left,Left,689,177,73,4,nan,nan,0.35
11/13/2025 17:48:32,1.17.2,PR1,4,3.83,nan,5,Left,Left,690,177,73,4,nan,nan,0.04
11/13/2025 17:48:34,1.17.2,PR1,4,3.84,nan,5,Left,Left,691,177,73,4,nan,nan,0.08
11/13/2025 17:48:35,1.17.2,PR1,4,3.83,nan,5,Left,Left,692,177,73,4,nan,nan,0.27
11/13/2025 17:48:39,1.17.2,PR1,4,3.83,nan,5,Left,Left,693,177,73,4,nan,nan,0.16
11/13/2025 17:48:39,1.17.2,PR1,4,3.84,nan,5,LeftDuringDispense,Left,694,177,73,5,nan,nan,0.11
11/13/2025 17:48:43,1.17.2,PR1,4,3.83,2,5,Pellet,Left,694,177,74,5,0.89,28,nan
11/13/2025 17:48:52,1.17.2,PR1,4,3.83,nan,6,Left,Left,695,177,74,5,nan,nan,0.08
11/13/2025 17:48:54,1.17.2,PR1,4,3.83,nan,6,Left,Left,696,177,74,5,nan,nan,0.29
11/13/2025 17:48:55,1.17.2,PR1,4,3.83,nan,6,Left,Left,697,177,74,5,nan,nan,0.22
11/13/2025 17:48:57,1.17.2,PR1,4,3.83,nan,6,Left,Left,698,177,74,5,nan,nan,0.21
11/13/2025 17:48:58,1.17.2,PR1,4,3.84,nan,6,Left,Left,699,177,74,5,nan,nan,0.11
11/13/2025 17:49:07,1.17.2,PR1,4,3.83,nan,6,Left,Left,700,177,74,5,nan,nan,0.23
11/13/2025 17:49:08,1.17.2,PR1,4,3.83,1,6,Pellet,Left,700,177,75,6,0.29,25,nan
11/13/2025 17:49:23,1.17.2,PR1,4,3.83,nan,7,Left,Left,701,177,75,6,nan,nan,0.27
11/13/2025 17:49:25,1.17.2,PR1,4,3.83,nan,7,Left,Left,702,177,75,6,nan,nan,0.31
11/13/2025 17:49:32,1.17.2,PR1,4,3.83,nan,7,Left,Left,703,177,75,6,nan,nan,0.17
11/13/2025 17:49:46,1.17.2,PR1,4,3.83,nan,7,Left,Left,704,177,75,6,nan,nan,0.19
11/13/2025 17:49:47,1.17.2,PR1,4,3.83,nan,7,Left,Left,705,177,75,6,nan,nan,0.21
11/13/2025 17:49:49,1.17.2,PR1,4,3.83,nan,7,Left,Left,706,177,75,6,nan,nan,0.25
11/13/2025 17:49:50,1.17.2,PR1,4,3.83,nan,7,Left,Left,707,177,75,6,nan,nan,0.11
11/13/2025 17:49:53,1.17.2,PR1,4,3.83,2,7,Pellet,Left,707,177,76,7,0.35,45,nan
11/13/2025 17:50:06,1.17.2,PR1,4,3.83,nan,8,Left,Left,708,177,76,7,nan,nan,0.31
11/13/2025 17:50:06,1.17.2,PR1,4,3.83,nan,8,Left,Left,709,177,76,7,nan,nan,0.00
11/13/2025 17:50:08,1.17.2,PR1,4,3.83,nan,8,Left,Left,710,177,76,7,nan,nan,0.02
11/13/2025 17:50:11,1.17.2,PR1,4,3.83,nan,8,Left,Left,711,177,76,7,nan,nan,0.11
11/13/2025 17:50:13,1.17.2,PR1,4,3.83,nan,8,Left,Left,712,177,76,7,nan,nan,0.24
11/13/2025 17:50:16,1.17.2,PR1,4,3.83,nan,8,Right,Left,712,178,76,7,nan,nan,0.07
11/13/2025 18:05:51,1.17.2,PR1,4,3.83,nan,8,Left,Left,713,178,76,7,nan,nan,0.10
11/13/2025 18:05:53,1.17.2,PR1,4,3.83,nan,8,Left,Left,714,178,76,7,nan,nan,0.16
11/13/2025 18:05:55,1.17.2,PR1,4,3.83,nan,8,Left,Left,715,178,76,7,nan,nan,0.36
11/13/2025 18:05:57,1.17.2,PR1,4,3.83,2,8,Pellet,Left,715,178,77,8,0.89,964,nan
11/13/2025 18:06:12,1.17.2,PR1,4,3.83,nan,9,Left,Left,716,178,77,8,nan,nan,0.47
11/13/2025 18:06:15,1.17.2,PR1,4,3.83,nan,9,Left,Left,717,178,77,8,nan,nan,0.12
11/13/2025 18:06:18,1.17.2,PR1,4,3.83,nan,9,Left,Left,718,178,77,8,nan,nan,0.17
11/13/2025 18:06:20,1.17.2,PR1,4,3.83,nan,9,Left,Left,719,178,77,8,nan,nan,0.08
11/13/2025 18:06:25,1.17.2,PR1,4,3.83,nan,9,Left,Left,720,178,77,8,nan,nan,0.25
11/13/2025 18:06:28,1.17.2,PR1,4,3.83,nan,9,Left,Left,721,178,77,8,nan,nan,0.18
11/13/2025 18:06:34,1.17.2,PR1,4,3.83,nan,9,Left,Left,722,178,77,8,nan,nan,0.41
11/13/2025 18:13:59,1.17.2,PR1,4,3.83,nan,9,Right,Left,722,179,77,8,nan,nan,0.15
11/13/2025 18:14:01,1.17.2,PR1,4,3.83,nan,9,Right,Left,722,180,77,8,nan,nan,0.13
11/13/2025 18:14:07,1.17.2,PR1,4,3.83,nan,9,Right,Left,722,181,77,8,nan,nan,0.04
11/13/2025 18:14:10,1.17.2,PR1,4,3.83,nan,9,Right,Left,722,182,77,8,nan,nan,0.39
11/13/2025 18:14:11,1.17.2,PR1,4,3.83,nan,9,Right,Left,722,183,77,8,nan,nan,0.41
11/13/2025 18:14:13,1.17.2,PR1,4,3.83,nan,9,Right,Left,722,184,77,8,nan,nan,0.14
11/13/2025 18:14:14,1.17.2,PR1,4,3.83,nan,9,Right,Left,722,185,77,8,nan,nan,0.00
11/13/2025 18:14:17,1.17.2,PR1,4,3.83,nan,9,Right,Left,722,186,77,8,nan,nan,0.34
11/13/2025 18:14:18,1.17.2,PR1,4,3.83,nan,9,Left,Left,723,186,77,8,nan,nan,0.01
11/13/2025 18:14:20,1.17.2,PR1,4,3.83,nan,9,Left,Left,724,186,77,8,nan,nan,0.64
11/13/2025 18:14:21,1.17.2,PR1,4,3.83,nan,9,LeftDuringDispense,Left,725,186,77,9,nan,nan,0.16
11/13/2025 18:14:21,1.17.2,PR1,4,3.83,nan,9,LeftDuringDispense,Left,726,186,77,9,nan,nan,0.00
11/13/2025 18:14:24,1.17.2,PR1,4,3.83,2,9,Pellet,Left,726,186,78,9,0.23,507,nan
11/13/2025 18:14:34,1.17.2,PR1,4,3.83,nan,10,Left,Left,727,186,78,9,nan,nan,0.13
11/13/2025 18:14:36,1.17.2,PR1,4,3.83,nan,10,Left,Left,728,186,78,9,nan,nan,0.23
11/13/2025 18:14:40,1.17.2,PR1,4,3.83,nan,10,Left,Left,729,186,78,9,nan,nan,0.36
11/13/2025 18:15:51,1.17.2,PR1,4,3.83,nan,10,Left,Left,730,186,78,9,nan,nan,0.08
11/13/2025 18:15:53,1.17.2,PR1,4,3.84,nan,10,Left,Left,731,186,78,9,nan,nan,0.08
11/13/2025 18:19:16,1.17.2,PR1,4,3.83,nan,10,Left,Left,732,186,78,9,nan,nan,0.08
11/13/2025 18:19:56,1.17.2,PR1,4,3.84,nan,10,Right,Left,732,187,78,9,nan,nan,0.02
11/13/2025 18:26:48,1.17.2,PR1,4,3.83,nan,10,Left,Left,733,187,78,9,nan,nan,0.06
11/13/2025 18:26:49,1.17.2,PR1,4,3.83,nan,10,Left,Left,734,187,78,9,nan,nan,0.00
11/13/2025 18:26:50,1.17.2,PR1,4,3.83,nan,10,Left,Left,735,187,78,9,nan,nan,0.14
11/13/2025 18:32:03,1.17.2,PR1,4,3.83,nan,10,Left,Left,736,187,78,9,nan,nan,0.43
11/13/2025 18:32:04,1.17.2,PR1,4,3.83,1,10,Pellet,Left,736,187,79,10,0.47,1060,nan
11/13/2025 18:32:23,1.17.2,PR1,4,3.83,nan,11,Left,Left,737,187,79,10,nan,nan,0.16
11/13/2025 18:32:29,1.17.2,PR1,4,3.83,nan,11,Left,Left,738,187,79,10,nan,nan,0.20
11/13/2025 18:32:35,1.17.2,PR1,4,3.84,nan,11,Left,Left,739,187,79,10,nan,nan,0.01
11/13/2025 18:32:36,1.17.2,PR1,4,3.83,nan,11,Left,Left,740,187,79,10,nan,nan,0.12
11/13/2025 18:32:40,1.17.2,PR1,4,3.83,nan,11,Right,Left,740,188,79,10,nan,nan,0.14
11/13/2025 18:32:41,1.17.2,PR1,4,3.83,nan,11,Right,Left,740,189,79,10,nan,nan,0.00
11/13/2025 18:32:43,1.17.2,PR1,4,3.83,nan,11,Right,Left,740,190,79,10,nan,nan,0.10
11/13/2025 18:32:45,1.17.2,PR1,4,3.83,nan,11,Left,Left,741,190,79,10,nan,nan,0.11
11/13/2025 18:32:46,1.17.2,PR1,4,3.83,nan,11,Left,Left,742,190,79,10,nan,nan,0.00
11/13/2025 18:32:47,1.17.2,PR1,4,3.83,nan,11,Left,Left,743,190,79,10,nan,nan,0.34
11/13/2025 18:32:49,1.17.2,PR1,4,3.83,nan,11,Left,Left,744,190,79,10,nan,nan,0.42
11/13/2025 18:32:50,1.17.2,PR1,4,3.83,nan,11,Left,Left,745,190,79,10,nan,nan,0.11
11/13/2025 18:32:52,1.17.2,PR1,4,3.83,nan,11,Left,Left,746,190,79,10,nan,nan,0.21
11/13/2025 18:32:53,1.17.2,PR1,4,3.83,nan,11,Left,Left,747,190,79,10,nan,nan,0.00
11/13/2025 18:32:54,1.17.2,PR1,4,3.83,1,11,Pellet,Left,747,190,80,11,0.41,50,nan
11/13/2025 18:33:03,1.17.2,PR1,4,3.84,nan,12,Left,Left,748,190,80,11,nan,nan,0.10
11/13/2025 18:33:04,1.17.2,PR1,4,3.83,nan,12,Left,Left,749,190,80,11,nan,nan,0.11
11/13/2025 18:33:06,1.17.2,PR1,4,3.83,nan,12,Left,Left,750,190,80,11,nan,nan,0.14
11/13/2025 18:33:07,1.17.2,PR1,4,3.83,nan,12,Left,Left,751,190,80,11,nan,nan,0.22
11/13/2025 18:33:08,1.17.2,PR1,4,3.83,nan,12,Left,Left,752,190,80,11,nan,nan,0.00
11/13/2025 18:33:09,1.17.2,PR1,4,3.83,nan,12,Left,Left,753,190,80,11,nan,nan,0.32
11/13/2025 18:33:11,1.17.2,PR1,4,3.83,nan,12,Left,Left,754,190,80,11,nan,nan,0.27
11/13/2025 18:33:12,1.17.2,PR1,4,3.83,nan,12,Left,Left,755,190,80,11,nan,nan,0.30
11/13/2025 18:33:14,1.17.2,PR1,4,3.83,nan,12,Left,Left,756,190,80,11,nan,nan,0.36
11/13/2025 18:33:16,1.17.2,PR1,4,3.83,nan,12,Right,Left,756,191,80,11,nan,nan,0.45
11/13/2025 18:33:18,1.17.2,PR1,4,3.83,nan,12,Right,Left,756,192,80,11,nan,nan,0.22
11/13/2025 18:33:19,1.17.2,PR1,4,3.83,nan,12,Right,Left,756,193,80,11,nan,nan,0.21
11/13/2025 18:33:26,1.17.2,PR1,4,3.83,nan,12,Left,Left,757,193,80,11,nan,nan,0.00
11/13/2025 18:34:15,1.17.2,PR1,4,3.83,nan,12,Right,Left,757,194,80,11,nan,nan,0.46
11/13/2025 18:36:51,1.17.2,PR1,4,3.83,nan,12,Left,Left,758,194,80,11,nan,nan,0.06
11/13/2025 18:36:54,1.17.2,PR1,4,3.83,nan,12,Left,Left,759,194,80,11,nan,nan,0.15
11/13/2025 18:36:55,1.17.2,PR1,4,3.83,1,12,Pellet,Left,759,194,81,12,0.41,241,nan
11/13/2025 18:37:07,1.17.2,PR1,4,3.83,nan,13,Right,Left,759,195,81,12,nan,nan,0.14
11/13/2025 18:37:08,1.17.2,PR1,4,3.83,nan,13,Right,Left,759,196,81,12,nan,nan,0.11
11/13/2025 18:37:48,1.17.2,PR1,4,3.84,nan,13,Left,Left,760,196,81,12,nan,nan,0.11
11/13/2025 18:37:50,1.17.2,PR1,4,3.83,nan,13,Left,Left,761,196,81,12,nan,nan,0.04
11/13/2025 18:37:52,1.17.2,PR1,4,3.83,nan,13,Left,Left,762,196,81,12,nan,nan,0.27
11/13/2025 18:37:55,1.17.2,PR1,4,3.83,nan,13,Left,Left,763,196,81,12,nan,nan,0.12
11/13/2025 18:38:47,1.17.2,PR1,4,3.83,nan,13,Right,Left,763,197,81,12,nan,nan,0.10
11/13/2025 18:42:14,1.17.2,PR1,4,3.83,nan,13,Left,Left,764,197,81,12,nan,nan,0.12
11/13/2025 18:42:17,1.17.2,PR1,4,3.84,nan,13,Left,Left,765,197,81,12,nan,nan,0.18
11/13/2025 18:48:12,1.17.2,PR1,4,3.83,nan,13,Left,Left,766,197,81,12,nan,nan,0.37
11/13/2025 18:48:14,1.17.2,PR1,4,3.83,nan,13,Left,Left,767,197,81,12,nan,nan,0.41
11/13/2025 18:48:16,1.17.2,PR1,4,3.83,nan,13,Left,Left,768,197,81,12,nan,nan,0.45
11/13/2025 18:48:18,1.17.2,PR1,4,3.83,nan,13,Left,Left,769,197,81,12,nan,nan,0.19
11/13/2025 18:48:36,1.17.2,PR1,4,3.83,nan,13,Left,Left,770,197,81,12,nan,nan,0.06
11/13/2025 18:48:40,1.17.2,PR1,4,3.83,nan,13,Left,Left,771,197,81,12,nan,nan,0.16
11/13/2025 18:48:42,1.17.2,PR1,4,3.83,nan,13,Left,Left,772,197,81,12,nan,nan,0.20
11/13/2025 18:48:43,1.17.2,PR1,4,3.83,1,13,Pellet,Left,772,197,82,13,0.71,708,nan
11/13/2025 18:48:58,1.17.2,PR1,4,3.83,nan,14,Left,Left,773,197,82,13,nan,nan,0.05
11/13/2025 18:48:59,1.17.2,PR1,4,3.83,nan,14,Left,Left,774,197,82,13,nan,nan,0.07
11/13/2025 18:49:06,1.17.2,PR1,4,3.84,nan,14,Right,Left,774,198,82,13,nan,nan,0.18
11/13/2025 18:49:08,1.17.2,PR1,4,3.83,nan,14,Left,Left,775,198,82,13,nan,nan,0.06
11/13/2025 18:49:09,1.17.2,PR1,4,3.83,nan,14,Left,Left,776,198,82,13,nan,nan,0.08
11/13/2025 18:49:10,1.17.2,PR1,4,3.83,nan,14,Left,Left,777,198,82,13,nan,nan,0.34
11/13/2025 18:49:11,1.17.2,PR1,4,3.83,nan,14,Left,Left,778,198,82,13,nan,nan,0.20
11/13/2025 18:49:13,1.17.2,PR1,4,3.83,nan,14,Left,Left,779,198,82,13,nan,nan,0.17
11/13/2025 18:49:38,1.17.2,PR1,4,3.83,nan,14,Left,Left,780,198,82,13,nan,nan,0.04
11/13/2025 18:56:19,1.17.2,PR1,4,3.83,nan,14,Left,Left,781,198,82,13,nan,nan,0.05
11/13/2025 18:56:20,1.17.2,PR1,4,3.83,nan,14,Left,Left,782,198,82,13,nan,nan,0.13
11/13/2025 18:56:21,1.17.2,PR1,4,3.83,nan,14,Left,Left,783,198,82,13,nan,nan,0.05
11/13/2025 18:56:23,1.17.2,PR1,4,3.83,nan,14,Left,Left,784,198,82,13,nan,nan,0.02
11/13/2025 18:59:52,1.17.2,PR1,4,3.83,nan,14,Left,Left,785,198,82,13,nan,nan,0.16
11/13/2025 18:59:56,1.17.2,PR1,4,3.83,nan,14,Left,Left,786,198,82,13,nan,nan,0.06
11/13/2025 18:59:59,1.17.2,PR1,4,3.83,2,14,Pellet,Left,786,198,83,14,0.29,676,nan
11/13/2025 19:03:04,1.17.2,PR1,4,3.83,nan,15,Left,Left,787,198,83,14,nan,nan,0.06
11/13/2025 19:03:05,1.17.2,PR1,4,3.83,nan,15,Left,Left,788,198,83,14,nan,nan,0.23
11/13/2025 19:03:07,1.17.2,PR1,4,3.83,nan,15,Left,Left,789,198,83,14,nan,nan,0.28
11/13/2025 19:04:00,1.17.2,PR1,4,3.83,nan,15,Right,Left,789,199,83,14,nan,nan,0.08
11/13/2025 19:04:04,1.17.2,PR1,4,3.83,nan,15,Left,Left,790,199,83,14,nan,nan,0.07
11/13/2025 19:04:15,1.17.2,PR1,4,3.83,nan,15,Left,Left,791,199,83,14,nan,nan,0.19
11/13/2025 19:04:16,1.17.2,PR1,4,3.83,nan,15,Left,Left,792,199,83,14,nan,nan,0.42
11/13/2025 19:04:19,1.17.2,PR1,4,3.83,nan,15,Left,Left,793,199,83,14,nan,nan,0.01
11/13/2025 19:04:21,1.17.2,PR1,4,3.83,nan,15,Left,Left,794,199,83,14,nan,nan,0.35
11/13/2025 19:04:22,1.17.2,PR1,4,3.83,nan,15,Left,Left,795,199,83,14,nan,nan,0.16
11/13/2025 19:04:23,1.17.2,PR1,4,3.83,nan,15,Left,Left,796,199,83,14,nan,nan,0.26
11/13/2025 19:04:24,1.17.2,PR1,4,3.83,nan,15,Left,Left,797,199,83,14,nan,nan,0.17
11/13/2025 19:04:29,1.17.2,PR1,4,3.83,nan,15,Left,Left,798,199,83,14,nan,nan,0.10
11/13/2025 19:04:30,1.17.2,PR1,4,3.83,nan,15,Left,Left,799,199,83,14,nan,nan,0.00
11/13/2025 19:04:31,1.17.2,PR1,4,3.83,nan,15,Left,Left,800,199,83,14,nan,nan,0.00
11/13/2025 19:04:31,1.17.2,PR1,4,3.83,nan,15,Left,Left,801,199,83,14,nan,nan,0.14
11/13/2025 19:04:33,1.17.2,PR1,4,3.83,1,15,Pellet,Left,801,199,84,15,0.41,274,nan
11/13/2025 19:04:56,1.17.2,PR1,4,3.83,nan,16,Right,Left,801,200,84,15,nan,nan,0.04
11/13/2025 19:05:59,1.17.2,PR1,4,3.83,nan,16,Right,Left,801,201,84,15,nan,nan,0.10
11/13/2025 19:06:02,1.17.2,PR1,4,3.83,nan,16,Left,Left,802,201,84,15,nan,nan,0.03
11/13/2025 19:12:56,1.17.2,PR1,4,3.83,nan,16,Left,Left,803,201,84,15,nan,nan,0.00
11/13/2025 19:12:57,1.17.2,PR1,4,3.83,nan,16,Left,Left,804,201,84,15,nan,nan,0.11
11/13/2025 19:12:58,1.17.2,PR1,4,3.83,nan,16,Left,Left,805,201,84,15,nan,nan,0.24
11/13/2025 19:13:00,1.17.2,PR1,4,3.83,nan,16,Left,Left,806,201,84,15,nan,nan,0.08
11/13/2025 19:13:01,1.17.2,PR1,4,3.83,nan,16,Left,Left,807,201,84,15,nan,nan,0.10
11/13/2025 19:20:20,1.17.2,PR1,4,3.83,nan,16,Left,Left,808,201,84,15,nan,nan,0.20
11/13/2025 19:20:24,1.17.2,PR1,4,3.83,nan,16,Left,Left,809,201,84,15,nan,nan,0.23
11/13/2025 19:20:26,1.17.2,PR1,4,3.83,nan,16,Left,Left,810,201,84,15,nan,nan,0.13
11/13/2025 19:20:29,1.17.2,PR1,4,3.83,nan,16,Left,Left,811,201,84,15,nan,nan,0.21
11/13/2025 19:20:35,1.17.2,PR1,4,3.83,nan,16,Left,Left,812,201,84,15,nan,nan,0.36
11/13/2025 19:20:39,1.17.2,PR1,4,3.83,nan,16,Left,Left,813,201,84,15,nan,nan,0.13
11/13/2025 19:20:41,1.17.2,PR1,4,3.83,nan,16,Left,Left,814,201,84,15,nan,nan,0.19
11/13/2025 19:20:46,1.17.2,PR1,4,3.83,nan,16,Left,Left,815,201,84,15,nan,nan,0.08
11/13/2025 19:21:40,1.17.2,PR1,4,3.83,nan,16,Left,Left,816,201,84,15,nan,nan,0.05
11/13/2025 19:21:42,1.17.2,PR1,4,3.83,nan,16,Left,Left,817,201,84,15,nan,nan,0.03
11/13/2025 19:21:44,1.17.2,PR1,4,3.83,1,16,Pellet,Left,817,201,85,16,0.77,1031,nan
11/13/2025 19:22:00,1.17.2,PR1,4,3.83,nan,17,Left,Left,818,201,85,16,nan,nan,0.06
11/13/2025 19:22:03,1.17.2,PR1,4,3.83,nan,17,Left,Left,819,201,85,16,nan,nan,0.03
11/13/2025 19:22:10,1.17.2,PR1,4,3.83,nan,17,Left,Left,820,201,85,16,nan,nan,0.18
11/13/2025 19:22:11,1.17.2,PR1,4,3.83,nan,17,Left,Left,821,201,85,16,nan,nan,0.32
11/13/2025 19:22:14,1.17.2,PR1,4,3.83,nan,17,Left,Left,822,201,85,16,nan,nan,0.20
11/13/2025 19:22:16,1.17.2,PR1,4,3.83,nan,17,Left,Left,823,201,85,16,nan,nan,0.12
11/13/2025 19:22:17,1.17.2,PR1,4,3.83,nan,17,Left,Left,824,201,85,16,nan,nan,0.14
11/13/2025 19:22:19,1.17.2,PR1,4,3.83,nan,17,Left,Left,825,201,85,16,nan,nan,0.47
11/13/2025 19:22:21,1.17.2,PR1,4,3.83,nan,17,Left,Left,826,201,85,16,nan,nan,0.75
11/13/2025 19:22:24,1.17.2,PR1,4,3.83,nan,17,Left,Left,827,201,85,16,nan,nan,0.16
11/13/2025 19:22:25,1.17.2,PR1,4,3.83,nan,17,Left,Left,828,201,85,16,nan,nan,0.33
11/13/2025 19:28:13,1.17.2,PR1,4,3.83,nan,17,Left,Left,829,201,85,16,nan,nan,0.02
11/13/2025 19:28:16,1.17.2,PR1,4,3.83,nan,17,Left,Left,830,201,85,16,nan,nan,0.07
11/13/2025 19:28:18,1.17.2,PR1,4,3.83,nan,17,Left,Left,831,201,85,16,nan,nan,0.34
11/13/2025 19:29:34,1.17.2,PR1,4,3.83,nan,17,Left,Left,832,201,85,16,nan,nan,0.12
11/13/2025 19:29:40,1.17.2,PR1,4,3.83,nan,17,Left,Left,833,201,85,16,nan,nan,0.17
11/13/2025 19:29:42,1.17.2,PR1,4,3.83,nan,17,Left,Left,834,201,85,16,nan,nan,0.26
11/13/2025 19:29:43,1.17.2,PR1,4,3.83,1,17,Pellet,Left,834,201,86,17,0.41,479,nan
11/13/2025 19:30:26,1.17.2,PR1,4,3.83,nan,18,Left,Left,835,201,86,17,nan,nan,0.02
11/13/2025 19:30:28,1.17.2,PR1,4,3.83,nan,18,Left,Left,836,201,86,17,nan,nan,0.19
11/13/2025 19:30:30,1.17.2,PR1,4,3.83,nan,18,Left,Left,837,201,86,17,nan,nan,0.26
11/13/2025 19:30:36,1.17.2,PR1,4,3.83,nan,18,Left,Left,838,201,86,17,nan,nan,0.35
11/13/2025 19:30:37,1.17.2,PR1,4,3.83,nan,18,Left,Left,839,201,86,17,nan,nan,0.42
11/13/2025 19:30:39,1.17.2,PR1,4,3.83,nan,18,Left,Left,840,201,86,17,nan,nan,0.17
11/13/2025 19:30:41,1.17.2,PR1,4,3.83,nan,18,Left,Left,841,201,86,17,nan,nan,0.01
11/13/2025 19:30:42,1.17.2,PR1,4,3.83,nan,18,Left,Left,842,201,86,17,nan,nan,0.22
11/13/2025 19:30:44,1.17.2,PR1,4,3.83,nan,18,Left,Left,843,201,86,17,nan,nan,0.69
11/13/2025 19:30:45,1.17.2,PR1,4,3.83,nan,18,Left,Left,844,201,86,17,nan,nan,0.19
11/13/2025 19:30:46,1.17.2,PR1,4,3.83,nan,18,Left,Left,845,201,86,17,nan,nan,0.00
11/13/2025 19:30:47,1.17.2,PR1,4,3.83,nan,18,Left,Left,846,201,86,17,nan,nan,0.15
11/13/2025 19:30:48,1.17.2,PR1,4,3.83,nan,18,Left,Left,847,201,86,17,nan,nan,0.38
11/13/2025 19:45:18,1.17.2,PR1,4,3.83,nan,18,Left,Left,848,201,86,17,nan,nan,0.42
11/13/2025 19:45:20,1.17.2,PR1,4,3.83,nan,18,Left,Left,849,201,86,17,nan,nan,0.38
11/13/2025 19:45:22,1.17.2,PR1,4,3.83,nan,18,Left,Left,850,201,86,17,nan,nan,0.12
11/13/2025 19:45:25,1.17.2,PR1,4,3.83,nan,18,Left,Left,851,201,86,17,nan,nan,0.22
11/13/2025 19:45:29,1.17.2,PR1,4,3.83,nan,18,Left,Left,852,201,86,17,nan,nan,0.64
11/13/2025 19:45:30,1.17.2,PR1,4,3.83,nan,18,LeftDuringDispense,Left,853,201,86,18,nan,nan,0.02
11/13/2025 19:45:33,1.17.2,PR1,4,3.83,2,18,Pellet,Left,853,201,87,18,0.47,950,nan
11/13/2025 19:45:49,1.17.2,PR1,4,3.83,nan,19,Left,Left,854,201,87,18,nan,nan,0.30
11/13/2025 19:45:51,1.17.2,PR1,4,3.83,nan,19,Left,Left,855,201,87,18,nan,nan,0.50
11/13/2025 19:45:53,1.17.2,PR1,4,3.83,nan,19,Left,Left,856,201,87,18,nan,nan,0.11
11/13/2025 19:45:55,1.17.2,PR1,4,3.83,nan,19,Left,Left,857,201,87,18,nan,nan,0.13
11/13/2025 19:45:59,1.17.2,PR1,4,3.83,nan,19,Left,Left,858,201,87,18,nan,nan,0.05
11/13/2025 19:46:01,1.17.2,PR1,4,3.83,nan,19,Left,Left,859,201,87,18,nan,nan,0.45
11/13/2025 19:46:03,1.17.2,PR1,4,3.83,nan,19,Left,Left,860,201,87,18,nan,nan,0.21
11/13/2025 19:46:04,1.17.2,PR1,4,3.83,nan,19,Left,Left,861,201,87,18,nan,nan,0.14
11/13/2025 19:46:08,1.17.2,PR1,4,3.83,nan,19,Left,Left,862,201,87,18,nan,nan,0.26
11/13/2025 19:46:10,1.17.2,PR1,4,3.83,nan,19,Left,Left,863,201,87,18,nan,nan,0.25
11/13/2025 19:47:08,1.17.2,PR1,4,3.83,nan,19,Right,Left,863,202,87,18,nan,nan,0.02
11/13/2025 19:47:09,1.17.2,PR1,4,3.83,nan,19,Right,Left,863,203,87,18,nan,nan,0.36
11/13/2025 19:47:11,1.17.2,PR1,4,3.83,nan,19,Right,Left,863,204,87,18,nan,nan,0.34
11/13/2025 19:47:12,1.17.2,PR1,4,3.83,nan,19,Right,Left,863,205,87,18,nan,nan,0.12
11/13/2025 19:47:15,1.17.2,PR1,4,3.83,nan,19,Left,Left,864,205,87,18,nan,nan,0.34
11/13/2025 19:47:16,1.17.2,PR1,4,3.83,nan,19,Left,Left,865,205,87,18,nan,nan,0.31
11/13/2025 19:47:18,1.17.2,PR1,4,3.83,nan,19,Left,Left,866,205,87,18,nan,nan,0.22
11/13/2025 19:47:20,1.17.2,PR1,4,3.83,nan,19,Left,Left,867,205,87,18,nan,nan,0.30
11/13/2025 19:52:36,1.17.2,PR1,4,3.83,nan,19,Left,Left,868,205,87,18,nan,nan,0.10
11/13/2025 19:52:38,1.17.2,PR1,4,3.83,nan,19,Left,Left,869,205,87,18,nan,nan,0.32
11/13/2025 19:52:40,1.17.2,PR1,4,3.83,nan,19,Left,Left,870,205,87,18,nan,nan,0.15
11/13/2025 19:53:10,1.17.2,PR1,4,3.83,nan,19,Left,Left,871,205,87,18,nan,nan,0.06
11/13/2025 19:53:11,1.17.2,PR1,4,3.83,nan,19,Left,Left,872,205,87,18,nan,nan,0.18
11/13/2025 19:53:13,1.17.2,PR1,4,3.83,1,19,Pellet,Left,872,205,88,19,0.59,459,nan
11/13/2025 19:53:57,1.17.2,PR1,4,3.83,nan,20,Left,Left,873,205,88,19,nan,nan,0.00
11/13/2025 19:53:59,1.17.2,PR1,4,3.83,nan,20,Left,Left,874,205,88,19,nan,nan,0.09
11/13/2025 19:54:02,1.17.2,PR1,4,3.83,nan,20,Left,Left,875,205,88,19,nan,nan,0.22
11/13/2025 19:54:03,1.17.2,PR1,4,3.83,nan,20,Left,Left,876,205,88,19,nan,nan,0.26
11/13/2025 19:54:04,1.17.2,PR1,4,3.83,nan,20,Left,Left,877,205,88,19,nan,nan,0.00
11/13/2025 19:54:06,1.17.2,PR1,4,3.83,nan,20,Left,Left,878,205,88,19,nan,nan,0.30
11/13/2025 19:54:07,1.17.2,PR1,4,3.83,nan,20,Left,Left,879,205,88,19,nan,nan,0.23
11/13/2025 19:54:09,1.17.2,PR1,4,3.83,nan,20,Left,Left,880,205,88,19,nan,nan,0.11
11/13/2025 19:54:11,1.17.2,PR1,4,3.83,nan,20,Left,Left,881,205,88,19,nan,nan,0.52
11/13/2025 19:54:14,1.17.2,PR1,4,3.83,nan,20,Left,Left,882,205,88,19,nan,nan,0.31
11/13/2025 19:54:16,1.17.2,PR1,4,3.83,nan,20,Left,Left,883,205,88,19,nan,nan,0.17
11/13/2025 19:54:20,1.17.2,PR1,4,3.83,nan,20,Left,Left,884,205,88,19,nan,nan,0.24
11/13/2025 19:54:22,1.17.2,PR1,4,3.83,nan,20,Left,Left,885,205,88,19,nan,nan,0.14
11/13/2025 19:54:23,1.17.2,PR1,4,3.83,nan,20,Left,Left,886,205,88,19,nan,nan,0.10
11/13/2025 19:54:24,1.17.2,PR1,4,3.83,nan,20,Left,Left,887,205,88,19,nan,nan,0.27
11/13/2025 19:54:25,1.17.2,PR1,4,3.83,nan,20,Left,Left,888,205,88,19,nan,nan,0.27
11/13/2025 19:59:45,1.17.2,PR1,4,3.83,nan,20,Right,Left,888,206,88,19,nan,nan,0.12
11/13/2025 19:59:48,1.17.2,PR1,4,3.83,nan,20,Left,Left,889,206,88,19,nan,nan,0.01
11/13/2025 19:59:49,1.17.2,PR1,4,3.83,nan,20,Left,Left,890,206,88,19,nan,nan,0.08
11/13/2025 19:59:50,1.17.2,PR1,4,3.83,nan,20,Left,Left,891,206,88,19,nan,nan,0.09
11/13/2025 19:59:55,1.17.2,PR1,4,3.83,nan,20,Left,Left,892,206,88,19,nan,nan,0.04
11/13/2025 19:59:57,1.17.2,PR1,4,3.83,1,20,Pellet,Left,892,206,89,20,0.65,404,nan
11/13/2025 20:01:22,1.17.2,PR1,4,3.83,nan,21,Left,Left,893,206,89,20,nan,nan,0.06
11/13/2025 20:01:56,1.17.2,PR1,4,3.83,nan,21,Right,Left,893,207,89,20,nan,nan,0.32
11/13/2025 20:01:59,1.17.2,PR1,4,3.83,nan,21,Left,Left,894,207,89,20,nan,nan,0.09
11/13/2025 20:02:00,1.17.2,PR1,4,3.83,nan,21,Left,Left,895,207,89,20,nan,nan,0.06
11/13/2025 20:02:04,1.17.2,PR1,4,3.83,nan,21,Left,Left,896,207,89,20,nan,nan,0.13
11/13/2025 20:05:11,1.17.2,PR1,4,3.83,nan,21,Left,Left,897,207,89,20,nan,nan,0.09
11/13/2025 20:05:12,1.17.2,PR1,4,3.83,nan,21,Left,Left,898,207,89,20,nan,nan,0.31
11/13/2025 20:05:14,1.17.2,PR1,4,3.83,nan,21,Left,Left,899,207,89,20,nan,nan,0.30
11/13/2025 20:05:15,1.17.2,PR1,4,3.83,nan,21,Left,Left,900,207,89,20,nan,nan,0.09
11/13/2025 20:05:17,1.17.2,PR1,4,3.83,nan,21,Left,Left,901,207,89,20,nan,nan,0.06
11/13/2025 20:09:20,1.17.2,PR1,4,3.83,nan,21,Left,Left,902,207,89,20,nan,nan,0.02
11/13/2025 20:09:22,1.17.2,PR1,4,3.83,nan,21,Left,Left,903,207,89,20,nan,nan,0.28
11/13/2025 20:09:24,1.17.2,PR1,4,3.83,nan,21,Left,Left,904,207,89,20,nan,nan,0.04
11/13/2025 20:09:24,1.17.2,PR1,4,3.83,nan,21,Left,Left,905,207,89,20,nan,nan,0.05
11/13/2025 20:09:26,1.17.2,PR1,4,3.83,nan,21,Left,Left,906,207,89,20,nan,nan,0.24
11/13/2025 20:09:28,1.17.2,PR1,4,3.83,nan,21,Left,Left,907,207,89,20,nan,nan,0.45
11/13/2025 20:11:56,1.17.2,PR1,4,3.83,nan,21,Left,Left,908,207,89,20,nan,nan,0.04
11/13/2025 20:13:02,1.17.2,PR1,4,3.83,nan,21,Left,Left,909,207,89,20,nan,nan,0.20
11/13/2025 20:13:03,1.17.2,PR1,4,3.83,nan,21,Left,Left,910,207,89,20,nan,nan,0.25
11/13/2025 20:13:05,1.17.2,PR1,4,3.83,nan,21,Left,Left,911,207,89,20,nan,nan,0.40
11/13/2025 20:13:06,1.17.2,PR1,4,3.83,nan,21,Left,Left,912,207,89,20,nan,nan,0.27
11/13/2025 20:13:09,1.17.2,PR1,4,3.83,nan,21,Left,Left,913,207,89,20,nan,nan,0.17
11/13/2025 20:13:09,1.17.2,PR1,4,3.83,nan,21,LeftDuringDispense,Left,914,207,89,21,nan,nan,0.07
11/13/2025 20:13:15,1.17.2,PR1,4,3.83,4,21,Pellet,Left,914,207,90,21,0.06,799,nan
11/13/2025 20:13:29,1.17.2,PR1,4,3.83,nan,22,Left,Left,915,207,90,21,nan,nan,0.25
11/13/2025 20:13:31,1.17.2,PR1,4,3.83,nan,22,Left,Left,916,207,90,21,nan,nan,0.22
11/13/2025 20:13:35,1.17.2,PR1,4,3.83,nan,22,Left,Left,917,207,90,21,nan,nan,0.65
11/13/2025 20:13:40,1.17.2,PR1,4,3.83,nan,22,Left,Left,918,207,90,21,nan,nan,0.17
11/13/2025 20:13:43,1.17.2,PR1,4,3.83,nan,22,Left,Left,919,207,90,21,nan,nan,0.15
11/13/2025 20:13:45,1.17.2,PR1,4,3.83,nan,22,Left,Left,920,207,90,21,nan,nan,0.22
11/13/2025 20:13:47,1.17.2,PR1,4,3.83,nan,22,Left,Left,921,207,90,21,nan,nan,0.60
11/13/2025 20:13:48,1.17.2,PR1,4,3.83,nan,22,Left,Left,922,207,90,21,nan,nan,0.14
11/13/2025 20:13:50,1.17.2,PR1,4,3.83,nan,22,Left,Left,923,207,90,21,nan,nan,0.35
11/13/2025 20:13:54,1.17.2,PR1,4,3.83,nan,22,Left,Left,924,207,90,21,nan,nan,0.17
11/13/2025 20:13:55,1.17.2,PR1,4,3.83,nan,22,Left,Left,925,207,90,21,nan,nan,0.00
11/13/2025 20:13:56,1.17.2,PR1,4,3.83,nan,22,Left,Left,926,207,90,21,nan,nan,0.26
11/13/2025 20:13:58,1.17.2,PR1,4,3.83,nan,22,Left,Left,927,207,90,21,nan,nan,0.17
11/13/2025 20:13:59,1.17.2,PR1,4,3.83,nan,22,Left,Left,928,207,90,21,nan,nan,0.08
11/13/2025 20:25:24,1.17.2,PR1,4,3.83,nan,22,Left,Left,929,207,90,21,nan,nan,0.28
11/13/2025 20:25:26,1.17.2,PR1,4,3.83,nan,22,Left,Left,930,207,90,21,nan,nan,0.26
11/13/2025 20:25:28,1.17.2,PR1,4,3.83,nan,22,Left,Left,931,207,90,21,nan,nan,0.28
11/13/2025 20:25:33,1.17.2,PR1,4,3.83,nan,22,Left,Left,932,207,90,21,nan,nan,0.15
11/13/2025 20:25:35,1.17.2,PR1,4,3.83,nan,22,Left,Left,933,207,90,21,nan,nan,0.33
11/13/2025 20:27:11,1.17.2,PR1,4,3.83,nan,22,Left,Left,934,207,90,21,nan,nan,0.06
11/13/2025 20:27:13,1.17.2,PR1,4,3.83,nan,22,Left,Left,935,207,90,21,nan,nan,0.45
11/13/2025 20:27:15,1.17.2,PR1,4,3.83,nan,22,Left,Left,936,207,90,21,nan,nan,0.23
11/13/2025 20:27:16,1.17.2,PR1,4,3.83,1,22,Pellet,Left,936,207,91,22,0.95,841,nan
11/13/2025 20:29:15,1.17.2,PR1,4,3.83,nan,23,Right,Left,936,208,91,22,nan,nan,0.16
11/13/2025 20:29:17,1.17.2,PR1,4,3.83,nan,23,Right,Left,936,209,91,22,nan,nan,0.12
11/13/2025 20:29:19,1.17.2,PR1,4,3.83,nan,23,Right,Left,936,210,91,22,nan,nan,0.14
11/13/2025 20:29:20,1.17.2,PR1,4,3.83,nan,23,Right,Left,936,211,91,22,nan,nan,0.16
11/13/2025 20:29:22,1.17.2,PR1,4,3.83,nan,23,Left,Left,937,211,91,22,nan,nan,0.22
11/13/2025 20:29:23,1.17.2,PR1,4,3.83,nan,23,Left,Left,938,211,91,22,nan,nan,0.17
11/13/2025 20:29:24,1.17.2,PR1,4,3.83,nan,23,Left,Left,939,211,91,22,nan,nan,0.00
11/13/2025 20:29:25,1.17.2,PR1,4,3.83,nan,23,Left,Left,940,211,91,22,nan,nan,0.08
11/13/2025 20:29:27,1.17.2,PR1,4,3.83,nan,23,Left,Left,941,211,91,22,nan,nan,0.06
11/13/2025 20:29:28,1.17.2,PR1,4,3.83,nan,23,Left,Left,942,211,91,22,nan,nan,0.11
11/13/2025 20:32:54,1.17.2,PR1,4,3.83,nan,23,Left,Left,943,211,91,22,nan,nan,0.02
11/13/2025 20:32:55,1.17.2,PR1,4,3.83,nan,23,Left,Left,944,211,91,22,nan,nan,0.42
11/13/2025 20:32:56,1.17.2,PR1,4,3.83,nan,23,Left,Left,945,211,91,22,nan,nan,0.20
11/13/2025 20:32:58,1.17.2,PR1,4,3.83,nan,23,Left,Left,946,211,91,22,nan,nan,0.23
11/13/2025 20:33:05,1.17.2,PR1,4,3.83,nan,23,Left,Left,947,211,91,22,nan,nan,0.04
11/13/2025 20:33:06,1.17.2,PR1,4,3.83,nan,23,Left,Left,948,211,91,22,nan,nan,0.20
11/13/2025 20:33:09,1.17.2,PR1,4,3.83,nan,23,Left,Left,949,211,91,22,nan,nan,0.31
11/13/2025 20:33:11,1.17.2,PR1,4,3.83,nan,23,Left,Left,950,211,91,22,nan,nan,0.24
11/13/2025 20:33:12,1.17.2,PR1,4,3.83,nan,23,Left,Left,951,211,91,22,nan,nan,0.07
11/13/2025 20:33:13,1.17.2,PR1,4,3.83,nan,23,Left,Left,952,211,91,22,nan,nan,0.00
11/13/2025 20:52:42,1.17.2,PR1,4,3.83,nan,23,Left,Left,953,211,91,22,nan,nan,0.40
11/13/2025 20:52:44,1.17.2,PR1,4,3.83,nan,23,Left,Left,954,211,91,22,nan,nan,0.51
11/13/2025 20:52:47,1.17.2,PR1,4,3.83,nan,23,Left,Left,955,211,91,22,nan,nan,0.54
11/13/2025 20:52:49,1.17.2,PR1,4,3.83,nan,23,Left,Left,956,211,91,22,nan,nan,0.33
11/13/2025 20:52:51,1.17.2,PR1,4,3.83,nan,23,Left,Left,957,211,91,22,nan,nan,0.24
11/13/2025 20:52:52,1.17.2,PR1,4,3.83,nan,23,Left,Left,958,211,91,22,nan,nan,0.17
11/13/2025 20:52:54,1.17.2,PR1,4,3.83,nan,23,Left,Left,959,211,91,22,nan,nan,0.20
11/13/2025 20:52:56,1.17.2,PR1,4,3.83,1,23,Pellet,Left,959,211,92,23,0.65,1540,nan
11/13/2025 20:53:09,1.17.2,PR1,4,3.83,nan,24,Left,Left,960,211,92,23,nan,nan,0.14
11/13/2025 20:53:16,1.17.2,PR1,4,3.83,nan,24,Left,Left,961,211,92,23,nan,nan,0.56
11/13/2025 20:53:18,1.17.2,PR1,4,3.83,nan,24,Left,Left,962,211,92,23,nan,nan,0.16
11/13/2025 20:53:22,1.17.2,PR1,4,3.83,nan,24,Left,Left,963,211,92,23,nan,nan,0.24
11/13/2025 20:53:23,1.17.2,PR1,4,3.82,nan,24,Left,Left,964,211,92,23,nan,nan,0.25
11/13/2025 20:53:25,1.17.2,PR1,4,3.82,nan,24,Left,Left,965,211,92,23,nan,nan,0.29
11/13/2025 20:53:26,1.17.2,PR1,4,3.83,nan,24,Left,Left,966,211,92,23,nan,nan,0.65
11/13/2025 20:53:29,1.17.2,PR1,4,3.83,nan,24,Left,Left,967,211,92,23,nan,nan,0.12
11/13/2025 20:58:07,1.17.2,PR1,4,3.83,nan,24,Left,Left,968,211,92,23,nan,nan,0.03
11/13/2025 20:58:10,1.17.2,PR1,4,3.83,nan,24,Left,Left,969,211,92,23,nan,nan,0.63
11/13/2025 20:58:13,1.17.2,PR1,4,3.83,nan,24,Left,Left,970,211,92,23,nan,nan,0.61
11/13/2025 20:58:17,1.17.2,PR1,4,3.83,nan,24,Left,Left,971,211,92,23,nan,nan,0.50
11/13/2025 20:58:18,1.17.2,PR1,4,3.82,nan,24,Left,Left,972,211,92,23,nan,nan,0.28
11/13/2025 20:58:21,1.17.2,PR1,4,3.83,nan,24,Left,Left,973,211,92,23,nan,nan,0.63
11/13/2025 20:58:24,1.17.2,PR1,4,3.82,nan,24,Left,Left,974,211,92,23,nan,nan,1.18
11/13/2025 20:58:27,1.17.2,PR1,4,3.83,nan,24,Left,Left,975,211,92,23,nan,nan,0.29
11/13/2025 20:58:27,1.17.2,PR1,4,3.83,nan,24,Left,Left,976,211,92,23,nan,nan,0.13
11/13/2025 20:58:30,1.17.2,PR1,4,3.83,nan,24,Left,Left,977,211,92,23,nan,nan,0.69
11/13/2025 20:58:31,1.17.2,PR1,4,3.83,nan,24,Left,Left,978,211,92,23,nan,nan,0.49
11/13/2025 20:58:32,1.17.2,PR1,4,3.83,nan,24,Left,Left,979,211,92,23,nan,nan,0.11
11/13/2025 20:58:33,1.17.2,PR1,4,3.83,nan,24,Left,Left,980,211,92,23,nan,nan,0.50
11/13/2025 20:58:35,1.17.2,PR1,4,3.82,nan,24,Left,Left,981,211,92,23,nan,nan,0.23
11/13/2025 20:58:37,1.17.2,PR1,4,3.83,nan,24,Left,Left,982,211,92,23,nan,nan,0.17
11/13/2025 20:58:39,1.17.2,PR1,4,3.83,nan,24,Left,Left,983,211,92,23,nan,nan,0.27
11/13/2025 20:58:41,1.17.2,PR1,4,3.83,1,24,Pellet,Left,983,211,93,24,0.65,345,nan
11/13/2025 20:58:52,1.17.2,PR1,4,3.82,nan,25,Left,Left,984,211,93,24,nan,nan,0.06
11/13/2025 20:58:54,1.17.2,PR1,4,3.83,nan,25,Left,Left,985,211,93,24,nan,nan,0.12
11/13/2025 20:59:05,1.17.2,PR1,4,3.83,nan,25,Right,Left,985,212,93,24,nan,nan,0.30
11/13/2025 20:59:06,1.17.2,PR1,4,3.83,nan,25,Right,Left,985,213,93,24,nan,nan,0.00
11/13/2025 20:59:07,1.17.2,PR1,4,3.83,nan,25,Right,Left,985,214,93,24,nan,nan,0.11
11/13/2025 20:59:09,1.17.2,PR1,4,3.83,nan,25,Right,Left,985,215,93,24,nan,nan,0.33
11/13/2025 20:59:11,1.17.2,PR1,4,3.83,nan,25,Right,Left,985,216,93,24,nan,nan,0.26
11/13/2025 20:59:12,1.17.2,PR1,4,3.83,nan,25,Right,Left,985,217,93,24,nan,nan,0.15
11/13/2025 20:59:13,1.17.2,PR1,4,3.83,nan,25,Right,Left,985,218,93,24,nan,nan,0.05
11/13/2025 20:59:15,1.17.2,PR1,4,3.83,nan,25,Right,Left,985,219,93,24,nan,nan,0.10
11/13/2025 20:59:18,1.17.2,PR1,4,3.83,nan,25,Left,Left,986,219,93,24,nan,nan,0.19
11/13/2025 20:59:19,1.17.2,PR1,4,3.83,nan,25,Left,Left,987,219,93,24,nan,nan,0.00
11/13/2025 20:59:19,1.17.2,PR1,4,3.83,nan,25,Left,Left,988,219,93,24,nan,nan,0.09
11/13/2025 20:59:20,1.17.2,PR1,4,3.83,nan,25,Left,Left,989,219,93,24,nan,nan,0.08
11/13/2025 20:59:21,1.17.2,PR1,4,3.83,nan,25,Left,Left,990,219,93,24,nan,nan,0.26
11/13/2025 20:59:22,1.17.2,PR1,4,3.83,nan,25,Left,Left,991,219,93,24,nan,nan,0.21
11/13/2025 20:59:23,1.17.2,PR1,4,3.83,nan,25,Left,Left,992,219,93,24,nan,nan,0.36
11/13/2025 20:59:25,1.17.2,PR1,4,3.83,nan,25,Left,Left,993,219,93,24,nan,nan,0.62
11/13/2025 20:59:26,1.17.2,PR1,4,3.83,nan,25,Left,Left,994,219,93,24,nan,nan,0.26
11/13/2025 20:59:28,1.17.2,PR1,4,3.83,nan,25,Left,Left,995,219,93,24,nan,nan,0.00
11/13/2025 20:59:29,1.17.2,PR1,4,3.82,nan,25,Left,Left,996,219,93,24,nan,nan,0.19
11/13/2025 20:59:30,1.17.2,PR1,4,3.83,nan,25,Left,Left,997,219,93,24,nan,nan,0.24
11/13/2025 20:59:32,1.17.2,PR1,4,3.83,nan,25,Left,Left,998,219,93,24,nan,nan,0.18
11/13/2025 20:59:38,1.17.2,PR1,4,3.83,nan,25,Left,Left,999,219,93,24,nan,nan,0.23
11/13/2025 20:59:40,1.17.2,PR1,4,3.83,nan,25,Left,Left,1000,219,93,24,nan,nan,0.10
11/13/2025 21:06:20,1.17.2,PR1,4,3.83,nan,25,Left,Left,1001,219,93,24,nan,nan,0.20
11/13/2025 21:06:23,1.17.2,PR1,4,3.83,nan,25,Left,Left,1002,219,93,24,nan,nan,0.20
11/13/2025 21:06:25,1.17.2,PR1,4,3.83,nan,25,Left,Left,1003,219,93,24,nan,nan,0.06
11/13/2025 21:10:13,1.17.2,PR1,4,3.82,nan,25,Left,Left,1004,219,93,24,nan,nan,0.07
11/13/2025 21:11:41,1.17.2,PR1,4,3.83,nan,25,Left,Left,1005,219,93,24,nan,nan,0.08
11/13/2025 21:11:43,1.17.2,PR1,4,3.83,nan,25,Left,Left,1006,219,93,24,nan,nan,0.21
11/13/2025 21:11:46,1.17.2,PR1,4,3.82,nan,25,Left,Left,1007,219,93,24,nan,nan,0.12
11/13/2025 21:11:51,1.17.2,PR1,4,3.83,nan,25,Left,Left,1008,219,93,24,nan,nan,0.09
11/13/2025 21:11:52,1.17.2,PR1,4,3.83,1,25,Pellet,Left,1008,219,94,25,0.59,791,nan
11/13/2025 21:12:03,1.17.2,PR1,4,3.83,nan,26,Left,Left,1009,219,94,25,nan,nan,0.06
11/13/2025 21:12:04,1.17.2,PR1,4,3.83,nan,26,Left,Left,1010,219,94,25,nan,nan,0.07
11/13/2025 21:15:16,1.17.2,PR1,4,3.83,nan,26,Left,Left,1011,219,94,25,nan,nan,0.25
11/13/2025 21:15:17,1.17.2,PR1,4,3.83,nan,26,Left,Left,1012,219,94,25,nan,nan,0.02
11/13/2025 21:15:18,1.17.2,PR1,4,3.83,nan,26,Left,Left,1013,219,94,25,nan,nan,0.03
11/13/2025 21:17:37,1.17.2,PR1,4,3.83,nan,26,Left,Left,1014,219,94,25,nan,nan,0.17
11/13/2025 21:17:39,1.17.2,PR1,4,3.83,nan,26,Left,Left,1015,219,94,25,nan,nan,0.18
11/13/2025 21:17:40,1.17.2,PR1,4,3.83,nan,26,Left,Left,1016,219,94,25,nan,nan,0.21
11/13/2025 21:17:43,1.17.2,PR1,4,3.83,nan,26,Left,Left,1017,219,94,25,nan,nan,0.25
11/13/2025 21:17:43,1.17.2,PR1,4,3.82,nan,26,Left,Left,1018,219,94,25,nan,nan,0.00
11/13/2025 21:17:44,1.17.2,PR1,4,3.83,nan,26,Left,Left,1019,219,94,25,nan,nan,0.18
11/13/2025 21:30:37,1.17.2,PR1,4,3.82,nan,26,Right,Left,1019,220,94,25,nan,nan,0.08
11/13/2025 21:30:39,1.17.2,PR1,4,3.82,nan,26,Left,Left,1020,220,94,25,nan,nan,0.19
11/13/2025 21:30:42,1.17.2,PR1,4,3.83,nan,26,Left,Left,1021,220,94,25,nan,nan,0.08
11/13/2025 21:30:43,1.17.2,PR1,4,3.83,nan,26,Left,Left,1022,220,94,25,nan,nan,0.35
11/13/2025 21:30:45,1.17.2,PR1,4,3.83,nan,26,Left,Left,1023,220,94,25,nan,nan,0.29
11/13/2025 21:40:59,1.17.2,PR1,4,3.83,nan,26,Left,Left,1024,220,94,25,nan,nan,0.34
11/13/2025 21:41:06,1.17.2,PR1,4,3.83,nan,26,Left,Left,1025,220,94,25,nan,nan,0.16
11/13/2025 21:41:08,1.17.2,PR1,4,3.83,nan,26,Left,Left,1026,220,94,25,nan,nan,0.41
11/13/2025 21:41:10,1.17.2,PR1,4,3.83,nan,26,Left,Left,1027,220,94,25,nan,nan,0.47
11/13/2025 21:41:12,1.17.2,PR1,4,3.83,nan,26,Left,Left,1028,220,94,25,nan,nan,0.50
11/13/2025 21:41:14,1.17.2,PR1,4,3.83,nan,26,Left,Left,1029,220,94,25,nan,nan,0.33
11/13/2025 21:41:17,1.17.2,PR1,4,3.82,nan,26,Left,Left,1030,220,94,25,nan,nan,0.12
11/13/2025 21:41:19,1.17.2,PR1,4,3.83,nan,26,Left,Left,1031,220,94,25,nan,nan,0.24
11/13/2025 21:41:45,1.17.2,PR1,4,3.83,nan,26,Left,Left,1032,220,94,25,nan,nan,0.05
11/13/2025 21:42:02,1.17.2,PR1,4,3.83,nan,26,Left,Left,1033,220,94,25,nan,nan,0.37
11/13/2025 21:42:04,1.17.2,PR1,4,3.83,nan,26,Left,Left,1034,220,94,25,nan,nan,0.33
11/13/2025 21:42:04,1.17.2,PR1,4,3.82,nan,26,LeftDuringDispense,Left,1035,220,94,26,nan,nan,0.03
11/13/2025 21:42:08,1.17.2,PR1,4,3.83,2,26,Pellet,Left,1035,220,95,26,0.59,1816,nan
11/13/2025 21:42:18,1.17.2,PR1,4,3.83,nan,27,Left,Left,1036,220,95,26,nan,nan,0.14
11/13/2025 21:42:20,1.17.2,PR1,4,3.83,nan,27,Left,Left,1037,220,95,26,nan,nan,0.08
11/13/2025 21:42:23,1.17.2,PR1,4,3.82,nan,27,Left,Left,1038,220,95,26,nan,nan,0.62
11/13/2025 21:42:25,1.17.2,PR1,4,3.83,nan,27,Left,Left,1039,220,95,26,nan,nan,0.38
11/13/2025 21:42:27,1.17.2,PR1,4,3.83,nan,27,Left,Left,1040,220,95,26,nan,nan,0.04
11/13/2025 21:42:27,1.17.2,PR1,4,3.83,nan,27,Left,Left,1041,220,95,26,nan,nan,0.00
11/13/2025 21:42:30,1.17.2,PR1,4,3.83,nan,27,Left,Left,1042,220,95,26,nan,nan,0.47
11/13/2025 21:42:31,1.17.2,PR1,4,3.83,nan,27,Left,Left,1043,220,95,26,nan,nan,0.46
11/13/2025 21:42:49,1.17.2,PR1,4,3.83,nan,27,Right,Left,1043,221,95,26,nan,nan,0.18
11/13/2025 21:42:50,1.17.2,PR1,4,3.83,nan,27,Right,Left,1043,222,95,26,nan,nan,0.36
11/13/2025 21:42:52,1.17.2,PR1,4,3.83,nan,27,Left,Left,1044,222,95,26,nan,nan,0.20
11/13/2025 21:42:54,1.17.2,PR1,4,3.82,nan,27,Right,Left,1044,223,95,26,nan,nan,0.03
11/13/2025 21:42:56,1.17.2,PR1,4,3.83,nan,27,Right,Left,1044,224,95,26,nan,nan,0.54
11/13/2025 21:42:59,1.17.2,PR1,4,3.82,nan,27,Left,Left,1045,224,95,26,nan,nan,0.25
11/13/2025 21:43:00,1.17.2,PR1,4,3.83,nan,27,Left,Left,1046,224,95,26,nan,nan,0.05
11/13/2025 21:43:09,1.17.2,PR1,4,3.83,nan,27,Right,Left,1046,225,95,26,nan,nan,0.13
11/13/2025 21:43:10,1.17.2,PR1,4,3.83,nan,27,Left,Left,1047,225,95,26,nan,nan,0.19
11/13/2025 21:43:11,1.17.2,PR1,4,3.82,nan,27,Left,Left,1048,225,95,26,nan,nan,0.15
11/13/2025 21:43:13,1.17.2,PR1,4,3.83,nan,27,Left,Left,1049,225,95,26,nan,nan,0.59
11/13/2025 21:43:13,1.17.2,PR1,4,3.83,nan,27,Left,Left,1050,225,95,26,nan,nan,0.15
11/13/2025 21:43:15,1.17.2,PR1,4,3.83,nan,27,Left,Left,1051,225,95,26,nan,nan,0.18
11/13/2025 21:43:17,1.17.2,PR1,4,3.83,nan,27,Left,Left,1052,225,95,26,nan,nan,0.78
11/13/2025 21:43:24,1.17.2,PR1,4,3.83,nan,27,Left,Left,1053,225,95,26,nan,nan,0.78
11/13/2025 21:43:25,1.17.2,PR1,4,3.83,nan,27,Left,Left,1054,225,95,26,nan,nan,0.00
11/13/2025 21:43:27,1.17.2,PR1,4,3.83,nan,27,Right,Left,1054,226,95,26,nan,nan,0.17
11/13/2025 21:46:55,1.17.2,PR1,4,3.83,nan,27,Left,Left,1055,226,95,26,nan,nan,0.13
11/13/2025 21:46:57,1.17.2,PR1,4,3.82,nan,27,Left,Left,1056,226,95,26,nan,nan,0.40
11/13/2025 21:46:58,1.17.2,PR1,4,3.82,nan,27,Left,Left,1057,226,95,26,nan,nan,0.35
11/13/2025 21:46:59,1.17.2,PR1,4,3.83,nan,27,Left,Left,1058,226,95,26,nan,nan,0.13
11/13/2025 21:47:10,1.17.2,PR1,4,3.82,nan,27,Left,Left,1059,226,95,26,nan,nan,0.60
11/13/2025 22:11:28,1.17.2,PR1,4,3.83,nan,27,Left,Left,1060,226,95,26,nan,nan,0.24
11/13/2025 22:11:31,1.17.2,PR1,4,3.83,nan,27,Left,Left,1061,226,95,26,nan,nan,0.34
11/13/2025 22:11:33,1.17.2,PR1,4,3.83,nan,27,Left,Left,1062,226,95,26,nan,nan,0.06
11/13/2025 22:11:34,1.17.2,PR1,4,3.83,1,27,Pellet,Left,1062,226,96,27,0.53,1766,nan
11/13/2025 22:11:55,1.17.2,PR1,4,3.82,nan,28,Left,Left,1063,226,96,27,nan,nan,0.04
11/13/2025 22:11:57,1.17.2,PR1,4,3.82,nan,28,Left,Left,1064,226,96,27,nan,nan,0.31
11/13/2025 22:11:58,1.17.2,PR1,4,3.83,nan,28,Left,Left,1065,226,96,27,nan,nan,0.21
11/13/2025 22:12:00,1.17.2,PR1,4,3.83,nan,28,Left,Left,1066,226,96,27,nan,nan,0.16
11/13/2025 22:24:52,1.17.2,PR1,4,3.83,nan,28,Left,Left,1067,226,96,27,nan,nan,0.08
11/13/2025 22:24:56,1.17.2,PR1,4,3.82,nan,28,Left,Left,1068,226,96,27,nan,nan,0.32
11/13/2025 22:24:59,1.17.2,PR1,4,3.83,nan,28,Left,Left,1069,226,96,27,nan,nan,0.35
11/13/2025 22:25:02,1.17.2,PR1,4,3.82,nan,28,Left,Left,1070,226,96,27,nan,nan,0.12
11/13/2025 22:25:04,1.17.2,PR1,4,3.83,nan,28,Left,Left,1071,226,96,27,nan,nan,0.24
11/13/2025 22:25:08,1.17.2,PR1,4,3.83,nan,28,Left,Left,1072,226,96,27,nan,nan,0.13
11/13/2025 22:33:04,1.17.2,PR1,4,3.83,nan,28,Left,Left,1073,226,96,27,nan,nan,0.13
11/13/2025 22:33:05,1.17.2,PR1,4,3.83,nan,28,Left,Left,1074,226,96,27,nan,nan,0.16
11/13/2025 22:33:07,1.17.2,PR1,4,3.83,nan,28,Left,Left,1075,226,96,27,nan,nan,0.25
11/13/2025 22:41:31,1.17.2,PR1,4,3.83,nan,28,Left,Left,1076,226,96,27,nan,nan,0.21
11/13/2025 22:41:32,1.17.2,PR1,4,3.83,nan,28,Left,Left,1077,226,96,27,nan,nan,0.07
11/13/2025 22:41:34,1.17.2,PR1,4,3.83,nan,28,Left,Left,1078,226,96,27,nan,nan,0.02
11/13/2025 22:41:35,1.17.2,PR1,4,3.82,nan,28,Left,Left,1079,226,96,27,nan,nan,0.23
11/13/2025 22:44:56,1.17.2,PR1,4,3.82,nan,28,Right,Left,1079,227,96,27,nan,nan,0.06
11/13/2025 22:44:57,1.17.2,PR1,4,3.82,nan,28,Left,Left,1080,227,96,27,nan,nan,0.02
11/13/2025 22:44:58,1.17.2,PR1,4,3.83,nan,28,Left,Left,1081,227,96,27,nan,nan,0.10
11/13/2025 22:44:59,1.17.2,PR1,4,3.83,nan,28,Left,Left,1082,227,96,27,nan,nan,0.19
11/13/2025 22:45:00,1.17.2,PR1,4,3.83,nan,28,Left,Left,1083,227,96,27,nan,nan,0.10
11/13/2025 22:45:04,1.17.2,PR1,4,3.82,nan,28,Left,Left,1084,227,96,27,nan,nan,0.29
11/13/2025 22:45:07,1.17.2,PR1,4,3.82,nan,28,Left,Left,1085,227,96,27,nan,nan,0.27
11/13/2025 22:45:13,1.17.2,PR1,4,3.82,nan,28,Left,Left,1086,227,96,27,nan,nan,0.01
11/13/2025 22:45:14,1.17.2,PR1,4,3.82,nan,28,Left,Left,1087,227,96,27,nan,nan,0.14
11/13/2025 22:45:18,1.17.2,PR1,4,3.83,nan,28,Right,Left,1087,228,96,27,nan,nan,0.12
11/13/2025 22:48:59,1.17.2,PR1,4,3.82,nan,28,Left,Left,1088,228,96,27,nan,nan,0.50
11/13/2025 22:49:00,1.17.2,PR1,4,3.82,nan,28,Left,Left,1089,228,96,27,nan,nan,0.03
11/13/2025 22:49:47,1.17.2,PR1,4,3.83,nan,28,Left,Left,1090,228,96,27,nan,nan,0.04
11/13/2025 22:49:50,1.17.2,PR1,4,3.83,2,28,Pellet,Left,1090,228,97,28,0.47,2296,nan
11/13/2025 22:50:05,1.17.2,PR1,4,3.82,nan,29,Left,Left,1091,228,97,28,nan,nan,0.09
11/13/2025 22:50:07,1.17.2,PR1,4,3.82,nan,29,Left,Left,1092,228,97,28,nan,nan,0.46
11/13/2025 22:50:08,1.17.2,PR1,4,3.82,nan,29,Left,Left,1093,228,97,28,nan,nan,0.27
11/13/2025 22:50:09,1.17.2,PR1,4,3.83,nan,29,Left,Left,1094,228,97,28,nan,nan,0.08
11/13/2025 22:50:10,1.17.2,PR1,4,3.82,nan,29,Left,Left,1095,228,97,28,nan,nan,0.24
11/13/2025 22:50:12,1.17.2,PR1,4,3.83,nan,29,Left,Left,1096,228,97,28,nan,nan,0.22
11/13/2025 22:50:19,1.17.2,PR1,4,3.82,nan,29,Left,Left,1097,228,97,28,nan,nan,0.08
11/13/2025 22:50:21,1.17.2,PR1,4,3.83,nan,29,Left,Left,1098,228,97,28,nan,nan,0.03
11/13/2025 22:50:55,1.17.2,PR1,4,3.83,nan,29,Left,Left,1099,228,97,28,nan,nan,0.07
11/13/2025 22:50:57,1.17.2,PR1,4,3.83,nan,29,Right,Left,1099,229,97,28,nan,nan,0.04
11/13/2025 22:50:58,1.17.2,PR1,4,3.83,nan,29,Right,Left,1099,230,97,28,nan,nan,0.32
11/13/2025 22:51:00,1.17.2,PR1,4,3.82,nan,29,Left,Left,1100,230,97,28,nan,nan,0.14
11/13/2025 22:51:01,1.17.2,PR1,4,3.83,nan,29,Left,Left,1101,230,97,28,nan,nan,0.18
11/13/2025 22:51:02,1.17.2,PR1,4,3.82,nan,29,Left,Left,1102,230,97,28,nan,nan,0.18
11/13/2025 22:51:06,1.17.2,PR1,4,3.83,nan,29,Left,Left,1103,230,97,28,nan,nan,0.06
11/13/2025 22:51:07,1.17.2,PR1,4,3.83,nan,29,Left,Left,1104,230,97,28,nan,nan,0.09
11/13/2025 22:51:09,1.17.2,PR1,4,3.83,nan,29,Left,Left,1105,230,97,28,nan,nan,0.04
11/13/2025 22:56:56,1.17.2,PR1,4,3.82,nan,29,Left,Left,1106,230,97,28,nan,nan,0.10
11/13/2025 22:56:59,1.17.2,PR1,4,3.83,nan,29,Left,Left,1107,230,97,28,nan,nan,0.22
11/13/2025 22:57:00,1.17.2,PR1,4,3.82,nan,29,Left,Left,1108,230,97,28,nan,nan,0.28
11/13/2025 22:59:16,1.17.2,PR1,4,3.82,nan,29,Right,Left,1108,231,97,28,nan,nan,0.37
11/13/2025 22:59:18,1.17.2,PR1,4,3.83,nan,29,Right,Left,1108,232,97,28,nan,nan,0.41
11/13/2025 22:59:22,1.17.2,PR1,4,3.83,nan,29,Left,Left,1109,232,97,28,nan,nan,0.03
11/13/2025 22:59:23,1.17.2,PR1,4,3.83,nan,29,Left,Left,1110,232,97,28,nan,nan,0.00
11/13/2025 22:59:24,1.17.2,PR1,4,3.83,nan,29,Left,Left,1111,232,97,28,nan,nan,0.18
11/13/2025 22:59:28,1.17.2,PR1,4,3.83,nan,29,Left,Left,1112,232,97,28,nan,nan,0.22
11/13/2025 22:59:29,1.17.2,PR1,4,3.82,nan,29,Left,Left,1113,232,97,28,nan,nan,0.08
11/13/2025 23:03:35,1.17.2,PR1,4,3.82,nan,29,Left,Left,1114,232,97,28,nan,nan,0.12
11/13/2025 23:03:46,1.17.2,PR1,4,3.82,nan,29,Left,Left,1115,232,97,28,nan,nan,0.10
11/13/2025 23:03:46,1.17.2,PR1,4,3.82,nan,29,Left,Left,1116,232,97,28,nan,nan,0.00
11/13/2025 23:03:48,1.17.2,PR1,4,3.82,nan,29,Left,Left,1117,232,97,28,nan,nan,0.05
11/13/2025 23:03:49,1.17.2,PR1,4,3.83,nan,29,Left,Left,1118,232,97,28,nan,nan,0.13
11/13/2025 23:03:52,1.17.2,PR1,4,3.82,nan,29,Left,Left,1119,232,97,28,nan,nan,0.13
11/13/2025 23:03:53,1.17.2,PR1,4,3.83,1,29,Pellet,Left,1119,232,98,29,0.23,843,nan
11/13/2025 23:04:02,1.17.2,PR1,4,3.82,nan,30,Right,Left,1119,233,98,29,nan,nan,0.12
11/13/2025 23:04:03,1.17.2,PR1,4,3.83,nan,30,Right,Left,1119,234,98,29,nan,nan,0.02
11/13/2025 23:04:05,1.17.2,PR1,4,3.82,nan,30,Left,Left,1120,234,98,29,nan,nan,0.06
11/13/2025 23:04:06,1.17.2,PR1,4,3.82,nan,30,Left,Left,1121,234,98,29,nan,nan,0.10
11/13/2025 23:04:07,1.17.2,PR1,4,3.82,nan,30,Left,Left,1122,234,98,29,nan,nan,0.00
11/13/2025 23:04:10,1.17.2,PR1,4,3.82,nan,30,Right,Left,1122,235,98,29,nan,nan,0.17
11/13/2025 23:04:11,1.17.2,PR1,4,3.82,nan,30,Right,Left,1122,236,98,29,nan,nan,0.17
11/13/2025 23:04:13,1.17.2,PR1,4,3.83,nan,30,Left,Left,1123,236,98,29,nan,nan,0.15
11/13/2025 23:04:15,1.17.2,PR1,4,3.83,nan,30,Left,Left,1124,236,98,29,nan,nan,0.19
11/13/2025 23:08:21,1.17.2,PR1,4,3.83,nan,30,Left,Left,1125,236,98,29,nan,nan,0.12
11/13/2025 23:08:22,1.17.2,PR1,4,3.82,nan,30,Left,Left,1126,236,98,29,nan,nan,0.33
11/13/2025 23:08:24,1.17.2,PR1,4,3.82,nan,30,Left,Left,1127,236,98,29,nan,nan,0.26
11/13/2025 23:08:27,1.17.2,PR1,4,3.83,nan,30,Left,Left,1128,236,98,29,nan,nan,0.12
11/13/2025 23:11:54,1.17.2,PR1,4,3.83,nan,30,Left,Left,1129,236,98,29,nan,nan,0.09
11/13/2025 23:11:56,1.17.2,PR1,4,3.83,nan,30,Left,Left,1130,236,98,29,nan,nan,0.20
11/13/2025 23:11:58,1.17.2,PR1,4,3.82,nan,30,Left,Left,1131,236,98,29,nan,nan,0.05
11/13/2025 23:11:59,1.17.2,PR1,4,3.82,nan,30,Left,Left,1132,236,98,29,nan,nan,0.34
11/13/2025 23:12:01,1.17.2,PR1,4,3.82,nan,30,Left,Left,1133,236,98,29,nan,nan,0.10
11/13/2025 23:16:13,1.17.2,PR1,4,3.82,nan,30,Left,Left,1134,236,98,29,nan,nan,0.08
11/13/2025 23:23:10,1.17.2,PR1,4,3.83,nan,30,Left,Left,1135,236,98,29,nan,nan,0.07
11/13/2025 23:27:49,1.17.2,PR1,4,3.83,nan,30,Left,Left,1136,236,98,29,nan,nan,0.02
11/13/2025 23:27:50,1.17.2,PR1,4,3.82,nan,30,Left,Left,1137,236,98,29,nan,nan,0.05
11/13/2025 23:27:51,1.17.2,PR1,4,3.82,nan,30,Left,Left,1138,236,98,29,nan,nan,0.28
11/13/2025 23:27:54,1.17.2,PR1,4,3.82,nan,30,Left,Left,1139,236,98,29,nan,nan,0.03
11/13/2025 23:27:55,1.17.2,PR1,4,3.82,nan,30,Left,Left,1140,236,98,29,nan,nan,0.12
11/13/2025 23:27:56,1.17.2,PR1,4,3.82,nan,30,Left,Left,1141,236,98,29,nan,nan,0.23
11/13/2025 23:29:42,1.17.2,PR1,4,3.82,nan,30,Left,Left,1142,236,98,29,nan,nan,0.01
11/13/2025 23:29:57,1.17.2,PR1,4,3.83,nan,30,Left,Left,1143,236,98,29,nan,nan,0.03
11/13/2025 23:30:06,1.17.2,PR1,4,3.82,nan,30,Left,Left,1144,236,98,29,nan,nan,0.10
11/13/2025 23:30:07,1.17.2,PR1,4,3.82,nan,30,Left,Left,1145,236,98,29,nan,nan,0.19
11/13/2025 23:30:09,1.17.2,PR1,4,3.83,nan,30,Left,Left,1146,236,98,29,nan,nan,0.20
11/13/2025 23:30:10,1.17.2,PR1,4,3.82,nan,30,Left,Left,1147,236,98,29,nan,nan,0.18
11/13/2025 23:30:11,1.17.2,PR1,4,3.81,nan,30,Left,Left,1148,236,98,29,nan,nan,0.08
11/13/2025 23:30:12,1.17.2,PR1,4,3.82,nan,30,Left,Left,1149,236,98,29,nan,nan,0.27
11/13/2025 23:30:14,1.17.2,PR1,4,3.83,1,30,Pellet,Left,1149,236,99,30,0.71,1581,nan
11/13/2025 23:30:52,1.17.2,PR1,4,3.82,nan,31,Left,Left,1150,236,99,30,nan,nan,0.14
11/13/2025 23:31:10,1.17.2,PR1,4,3.83,nan,31,Left,Left,1151,236,99,30,nan,nan,0.18
11/13/2025 23:31:14,1.17.2,PR1,4,3.82,nan,31,Left,Left,1152,236,99,30,nan,nan,0.63
11/13/2025 23:31:19,1.17.2,PR1,4,3.83,nan,31,Left,Left,1153,236,99,30,nan,nan,0.21
11/13/2025 23:31:26,1.17.2,PR1,4,3.83,nan,31,Left,Left,1154,236,99,30,nan,nan,0.03
11/13/2025 23:31:28,1.17.2,PR1,4,3.83,nan,31,Left,Left,1155,236,99,30,nan,nan,0.15
11/13/2025 23:31:29,1.17.2,PR1,4,3.82,nan,31,Left,Left,1156,236,99,30,nan,nan,0.06
11/13/2025 23:31:30,1.17.2,PR1,4,3.82,nan,31,Left,Left,1157,236,99,30,nan,nan,0.08
11/13/2025 23:31:32,1.17.2,PR1,4,3.82,nan,31,Left,Left,1158,236,99,30,nan,nan,0.16
11/13/2025 23:31:33,1.17.2,PR1,4,3.83,nan,31,Left,Left,1159,236,99,30,nan,nan,0.00
11/13/2025 23:31:34,1.17.2,PR1,4,3.82,nan,31,Left,Left,1160,236,99,30,nan,nan,0.30
11/13/2025 23:31:35,1.17.2,PR1,4,3.82,nan,31,Left,Left,1161,236,99,30,nan,nan,0.20
11/13/2025 23:31:36,1.17.2,PR1,4,3.82,nan,31,Left,Left,1162,236,99,30,nan,nan,0.11
11/13/2025 23:36:41,1.17.2,PR1,4,3.82,nan,31,Left,Left,1163,236,99,30,nan,nan,0.30
11/13/2025 23:36:42,1.17.2,PR1,4,3.82,nan,31,Left,Left,1164,236,99,30,nan,nan,0.18
11/13/2025 23:36:44,1.17.2,PR1,4,3.83,nan,31,Left,Left,1165,236,99,30,nan,nan,0.34
11/13/2025 23:36:46,1.17.2,PR1,4,3.83,nan,31,Left,Left,1166,236,99,30,nan,nan,0.55
11/13/2025 23:36:47,1.17.2,PR1,4,3.83,nan,31,Left,Left,1167,236,99,30,nan,nan,0.35
11/13/2025 23:36:50,1.17.2,PR1,4,3.82,nan,31,Left,Left,1168,236,99,30,nan,nan,0.22
11/13/2025 23:36:51,1.17.2,PR1,4,3.82,nan,31,Left,Left,1169,236,99,30,nan,nan,0.10
11/13/2025 23:36:53,1.17.2,PR1,4,3.82,nan,31,Left,Left,1170,236,99,30,nan,nan,0.07
11/13/2025 23:39:23,1.17.2,PR1,4,3.82,nan,31,Left,Left,1171,236,99,30,nan,nan,0.00
11/13/2025 23:40:10,1.17.2,PR1,4,3.83,nan,31,Left,Left,1172,236,99,30,nan,nan,0.08
11/13/2025 23:40:14,1.17.2,PR1,4,3.82,nan,31,Left,Left,1173,236,99,30,nan,nan,0.21
11/13/2025 23:51:11,1.17.2,PR1,4,3.82,nan,31,Left,Left,1174,236,99,30,nan,nan,0.25
11/13/2025 23:54:49,1.17.2,PR1,4,3.82,nan,31,Left,Left,1175,236,99,30,nan,nan,0.05
11/13/2025 23:54:50,1.17.2,PR1,4,3.83,nan,31,Left,Left,1176,236,99,30,nan,nan,0.22
11/13/2025 23:54:53,1.17.2,PR1,4,3.81,nan,31,Left,Left,1177,236,99,30,nan,nan,0.09
11/13/2025 23:54:55,1.17.2,PR1,4,3.83,nan,31,Left,Left,1178,236,99,30,nan,nan,0.15
11/14/2025 0:01:46,1.17.2,PR1,4,3.83,nan,31,Right,Left,1178,237,99,30,nan,nan,0.20
11/14/2025 0:01:48,1.17.2,PR1,4,3.82,nan,31,Right,Left,1178,238,99,30,nan,nan,0.41
11/14/2025 0:01:50,1.17.2,PR1,4,3.82,nan,31,Right,Left,1178,239,99,30,nan,nan,0.21
11/14/2025 0:01:52,1.17.2,PR1,4,3.82,nan,31,Right,Left,1178,240,99,30,nan,nan,0.36
11/14/2025 0:01:56,1.17.2,PR1,4,3.82,nan,31,Left,Left,1179,240,99,30,nan,nan,0.18
11/14/2025 0:01:58,1.17.2,PR1,4,3.82,nan,31,Left,Left,1180,240,99,30,nan,nan,0.34
11/14/2025 0:01:59,1.17.2,PR1,4,3.82,1,31,Pellet,Left,1180,240,100,31,0.29,1905,nan
11/14/2025 0:02:10,1.17.2,PR1,4,3.82,nan,32,Right,Left,1180,241,100,31,nan,nan,0.03
11/14/2025 0:02:11,1.17.2,PR1,4,3.83,nan,32,Right,Left,1180,242,100,31,nan,nan,0.00
11/14/2025 0:02:15,1.17.2,PR1,4,3.83,nan,32,Left,Left,1181,242,100,31,nan,nan,0.22
11/14/2025 0:02:18,1.17.2,PR1,4,3.83,nan,32,Right,Left,1181,243,100,31,nan,nan,0.20
11/14/2025 0:02:18,1.17.2,PR1,4,3.82,nan,32,Right,Left,1181,244,100,31,nan,nan,0.00
11/14/2025 0:04:04,1.17.2,PR1,4,3.82,nan,32,Left,Left,1182,244,100,31,nan,nan,0.18
11/14/2025 0:04:08,1.17.2,PR1,4,3.82,nan,32,Left,Left,1183,244,100,31,nan,nan,0.02
11/14/2025 0:04:09,1.17.2,PR1,4,3.83,nan,32,Left,Left,1184,244,100,31,nan,nan,0.15
11/14/2025 0:04:12,1.17.2,PR1,4,3.82,nan,32,Left,Left,1185,244,100,31,nan,nan,0.17
11/14/2025 0:04:13,1.17.2,PR1,4,3.82,nan,32,Left,Left,1186,244,100,31,nan,nan,0.25
11/14/2025 0:04:15,1.17.2,PR1,4,3.83,nan,32,Left,Left,1187,244,100,31,nan,nan,0.25
11/14/2025 0:04:16,1.17.2,PR1,4,3.82,nan,32,Left,Left,1188,244,100,31,nan,nan,0.12
11/14/2025 0:04:18,1.17.2,PR1,4,3.82,nan,32,Left,Left,1189,244,100,31,nan,nan,0.04
11/14/2025 0:04:19,1.17.2,PR1,4,3.82,nan,32,Left,Left,1190,244,100,31,nan,nan,0.31
11/14/2025 0:16:53,1.17.2,PR1,4,3.82,nan,32,Left,Left,1191,244,100,31,nan,nan,0.31
11/14/2025 0:16:55,1.17.2,PR1,4,3.83,nan,32,Left,Left,1192,244,100,31,nan,nan,0.10
11/14/2025 0:16:57,1.17.2,PR1,4,3.83,nan,32,Left,Left,1193,244,100,31,nan,nan,0.09
11/14/2025 0:16:59,1.17.2,PR1,4,3.82,nan,32,Left,Left,1194,244,100,31,nan,nan,0.15
11/14/2025 0:27:27,1.17.2,PR1,4,3.82,nan,32,Left,Left,1195,244,100,31,nan,nan,0.16
11/14/2025 0:27:30,1.17.2,PR1,4,3.82,nan,32,Left,Left,1196,244,100,31,nan,nan,0.04
11/14/2025 0:27:32,1.17.2,PR1,4,3.83,nan,32,Left,Left,1197,244,100,31,nan,nan,0.32
11/14/2025 0:27:33,1.17.2,PR1,4,3.82,nan,32,Left,Left,1198,244,100,31,nan,nan,0.32
11/14/2025 0:27:35,1.17.2,PR1,4,3.81,nan,32,Left,Left,1199,244,100,31,nan,nan,0.28
11/14/2025 0:27:36,1.17.2,PR1,4,3.82,nan,32,Left,Left,1200,244,100,31,nan,nan,0.22
11/14/2025 0:27:38,1.17.2,PR1,4,3.82,nan,32,Left,Left,1201,244,100,31,nan,nan,0.37
11/14/2025 0:27:41,1.17.2,PR1,4,3.82,nan,32,Left,Left,1202,244,100,31,nan,nan,0.11
11/14/2025 0:29:01,1.17.2,PR1,4,3.82,nan,32,Left,Left,1203,244,100,31,nan,nan,0.05
11/14/2025 0:34:56,1.17.2,PR1,4,3.82,nan,32,Left,Left,1204,244,100,31,nan,nan,0.09
11/14/2025 0:34:59,1.17.2,PR1,4,3.82,nan,32,Left,Left,1205,244,100,31,nan,nan,0.11
11/14/2025 0:35:02,1.17.2,PR1,4,3.83,nan,32,Left,Left,1206,244,100,31,nan,nan,0.11
11/14/2025 1:35:37,1.17.2,PR1,4,3.82,nan,1,Left,Left,1207,244,100,0,nan,nan,0.28
11/14/2025 1:35:38,1.17.2,PR1,4,3.82,1,1,Pellet,Left,1207,244,101,1,0.53,5619,nan
11/14/2025 1:35:54,1.17.2,PR1,4,3.82,nan,2,Left,Left,1208,244,101,1,nan,nan,0.64
11/14/2025 1:35:55,1.17.2,PR1,4,3.82,nan,2,Left,Left,1209,244,101,1,nan,nan,0.16
11/14/2025 1:35:57,1.17.2,PR1,4,3.82,1,2,Pellet,Left,1209,244,102,2,0.65,19,nan
11/14/2025 1:36:06,1.17.2,PR1,4,3.82,nan,3,Left,Left,1210,244,102,2,nan,nan,0.11
11/14/2025 1:36:10,1.17.2,PR1,4,3.82,nan,3,Left,Left,1211,244,102,2,nan,nan,0.21
11/14/2025 2:08:40,1.17.2,PR1,4,3.82,nan,1,Left,Left,1212,244,102,0,nan,nan,0.35
11/14/2025 2:08:42,1.17.2,PR1,4,3.82,1,1,Pellet,Left,1212,244,103,1,0.71,1965,nan
11/14/2025 2:08:54,1.17.2,PR1,4,3.82,nan,2,Left,Left,1213,244,103,1,nan,nan,0.18
11/14/2025 2:08:56,1.17.2,PR1,4,3.82,nan,2,Left,Left,1214,244,103,1,nan,nan,0.28
11/14/2025 2:09:00,1.17.2,PR1,4,3.82,2,2,Pellet,Left,1214,244,104,2,0.89,18,nan
11/14/2025 2:18:42,1.17.2,PR1,4,3.82,nan,3,Left,Left,1215,244,104,2,nan,nan,0.28
11/14/2025 2:18:44,1.17.2,PR1,4,3.82,nan,3,Left,Left,1216,244,104,2,nan,nan,0.29
11/14/2025 2:18:47,1.17.2,PR1,4,3.82,nan,3,Left,Left,1217,244,104,2,nan,nan,0.42
11/14/2025 2:18:48,1.17.2,PR1,4,3.82,1,3,Pellet,Left,1217,244,105,3,0.35,588,nan
11/14/2025 2:20:07,1.17.2,PR1,4,3.82,nan,4,Left,Left,1218,244,105,3,nan,nan,0.61
11/14/2025 2:20:10,1.17.2,PR1,4,3.82,nan,4,Left,Left,1219,244,105,3,nan,nan,0.33
11/14/2025 2:20:11,1.17.2,PR1,4,3.82,nan,4,Left,Left,1220,244,105,3,nan,nan,0.20
11/14/2025 2:20:13,1.17.2,PR1,4,3.82,nan,4,Left,Left,1221,244,105,3,nan,nan,0.23
11/14/2025 2:20:14,1.17.2,PR1,4,3.82,1,4,Pellet,Left,1221,244,106,4,0.65,86,nan
11/14/2025 2:41:52,1.17.2,PR1,4,3.82,nan,5,Left,Left,1222,244,106,4,nan,nan,0.05
11/14/2025 2:41:54,1.17.2,PR1,4,3.82,nan,5,Left,Left,1223,244,106,4,nan,nan,0.22
11/14/2025 2:41:56,1.17.2,PR1,4,3.82,nan,5,Left,Left,1224,244,106,4,nan,nan,0.25
11/14/2025 2:42:00,1.17.2,PR1,4,3.82,nan,5,Left,Left,1225,244,106,4,nan,nan,0.04
11/14/2025 3:09:52,1.17.2,PR1,4,3.82,nan,5,Left,Left,1226,244,106,4,nan,nan,0.07
11/14/2025 3:09:53,1.17.2,PR1,4,3.82,2,5,Pellet,Left,1226,244,107,5,0.47,2979,nan
11/14/2025 3:25:22,1.17.2,PR1,4,3.82,nan,6,Left,Left,1227,244,107,5,nan,nan,0.02
11/14/2025 3:25:25,1.17.2,PR1,4,3.82,nan,6,Left,Left,1228,244,107,5,nan,nan,0.29
11/14/2025 3:25:26,1.17.2,PR1,4,3.82,nan,6,Left,Left,1229,244,107,5,nan,nan,0.37
11/14/2025 3:25:31,1.17.2,PR1,4,3.82,nan,6,Left,Left,1230,244,107,5,nan,nan,0.13
11/14/2025 3:25:33,1.17.2,PR1,4,3.82,nan,6,Left,Left,1231,244,107,5,nan,nan,0.34
11/14/2025 3:28:28,1.17.2,PR1,4,3.82,nan,6,Left,Left,1232,244,107,5,nan,nan,0.39
11/14/2025 3:28:29,1.17.2,PR1,4,3.82,1,6,Pellet,Left,1232,244,108,6,0.41,1116,nan
11/14/2025 3:28:37,1.17.2,PR1,4,3.82,nan,7,Right,Left,1232,245,108,6,nan,nan,0.23
11/14/2025 3:28:39,1.17.2,PR1,4,3.82,nan,7,Right,Left,1232,246,108,6,nan,nan,0.35
11/14/2025 3:28:46,1.17.2,PR1,4,3.82,nan,7,Left,Left,1233,246,108,6,nan,nan,0.30
11/14/2025 3:28:49,1.17.2,PR1,4,3.82,nan,7,Left,Left,1234,246,108,6,nan,nan,0.15
11/14/2025 3:35:19,1.17.2,PR1,4,3.82,nan,7,Left,Left,1235,246,108,6,nan,nan,0.27
11/14/2025 3:35:26,1.17.2,PR1,4,3.82,nan,7,Left,Left,1236,246,108,6,nan,nan,0.17
11/14/2025 3:35:58,1.17.2,PR1,4,3.82,nan,7,Left,Left,1237,246,108,6,nan,nan,0.26
11/14/2025 3:36:00,1.17.2,PR1,4,3.81,nan,7,Left,Left,1238,246,108,6,nan,nan,0.24
11/14/2025 3:36:01,1.17.2,PR1,4,3.82,nan,7,Left,Left,1239,246,108,6,nan,nan,0.22
11/14/2025 3:36:03,1.17.2,PR1,4,3.82,1,7,Pellet,Left,1239,246,109,7,0.77,454,nan
11/14/2025 3:36:12,1.17.2,PR1,4,3.82,nan,8,Left,Left,1240,246,109,7,nan,nan,0.14
11/14/2025 3:36:14,1.17.2,PR1,4,3.82,nan,8,Left,Left,1241,246,109,7,nan,nan,0.11
11/14/2025 3:36:15,1.17.2,PR1,4,3.82,nan,8,Left,Left,1242,246,109,7,nan,nan,0.20
11/14/2025 3:36:16,1.17.2,PR1,4,3.82,nan,8,Left,Left,1243,246,109,7,nan,nan,0.00
11/14/2025 3:36:17,1.17.2,PR1,4,3.81,nan,8,Left,Left,1244,246,109,7,nan,nan,0.20
11/14/2025 3:36:18,1.17.2,PR1,4,3.82,nan,8,Left,Left,1245,246,109,7,nan,nan,0.00
11/14/2025 3:36:19,1.17.2,PR1,4,3.82,nan,8,Left,Left,1246,246,109,7,nan,nan,0.17
11/14/2025 3:36:19,1.17.2,PR1,4,3.82,nan,8,Left,Left,1247,246,109,7,nan,nan,0.00
11/14/2025 3:36:21,1.17.2,PR1,4,3.82,1,8,Pellet,Left,1247,246,110,8,0.77,18,nan
11/14/2025 3:36:33,1.17.2,PR1,4,3.82,nan,9,Left,Left,1248,246,110,8,nan,nan,0.15
11/14/2025 3:38:09,1.17.2,PR1,4,3.82,nan,9,Left,Left,1249,246,110,8,nan,nan,0.04
11/14/2025 3:38:10,1.17.2,PR1,4,3.82,nan,9,Left,Left,1250,246,110,8,nan,nan,0.20
11/14/2025 3:38:11,1.17.2,PR1,4,3.82,nan,9,Left,Left,1251,246,110,8,nan,nan,0.08
11/14/2025 3:43:51,1.17.2,PR1,4,3.82,nan,9,Right,Left,1251,247,110,8,nan,nan,0.03
11/14/2025 3:43:53,1.17.2,PR1,4,3.81,nan,9,Left,Left,1252,247,110,8,nan,nan,0.13
11/14/2025 3:43:54,1.17.2,PR1,4,3.82,nan,9,Left,Left,1253,247,110,8,nan,nan,0.07
11/14/2025 3:43:56,1.17.2,PR1,4,3.82,nan,9,Left,Left,1254,247,110,8,nan,nan,0.14
11/14/2025 3:43:57,1.17.2,PR1,4,3.82,nan,9,Left,Left,1255,247,110,8,nan,nan,0.04
11/14/2025 3:44:00,1.17.2,PR1,4,3.82,nan,9,Left,Left,1256,247,110,8,nan,nan,0.20
11/14/2025 3:44:03,1.17.2,PR1,4,3.82,2,9,Pellet,Left,1256,247,111,9,0.53,462,nan
11/14/2025 3:44:12,1.17.2,PR1,4,3.82,nan,10,Left,Left,1257,247,111,9,nan,nan,0.13
11/14/2025 3:44:13,1.17.2,PR1,4,3.82,nan,10,Left,Left,1258,247,111,9,nan,nan,0.14
11/14/2025 3:44:18,1.17.2,PR1,4,3.82,nan,10,Left,Left,1259,247,111,9,nan,nan,0.09
11/14/2025 3:44:54,1.17.2,PR1,4,3.82,nan,10,Left,Left,1260,247,111,9,nan,nan,0.09
11/14/2025 3:44:55,1.17.2,PR1,4,3.82,nan,10,Left,Left,1261,247,111,9,nan,nan,0.18
11/14/2025 3:44:57,1.17.2,PR1,4,3.82,nan,10,Left,Left,1262,247,111,9,nan,nan,0.27
11/14/2025 3:50:07,1.17.2,PR1,4,3.82,nan,10,Left,Left,1263,247,111,9,nan,nan,0.27
11/14/2025 3:50:11,1.17.2,PR1,4,3.82,nan,10,Left,Left,1264,247,111,9,nan,nan,0.26
11/14/2025 3:50:14,1.17.2,PR1,4,3.82,nan,10,Left,Left,1265,247,111,9,nan,nan,0.21
11/14/2025 3:50:15,1.17.2,PR1,4,3.82,nan,10,Left,Left,1266,247,111,9,nan,nan,0.16
11/14/2025 3:50:16,1.17.2,PR1,4,3.82,1,10,Pellet,Left,1266,247,112,10,0.35,373,nan
11/14/2025 3:50:33,1.17.2,PR1,4,3.82,nan,11,Left,Left,1267,247,112,10,nan,nan,0.08
11/14/2025 3:50:37,1.17.2,PR1,4,3.82,nan,11,Left,Left,1268,247,112,10,nan,nan,0.12
11/14/2025 3:50:43,1.17.2,PR1,4,3.81,nan,11,Right,Left,1268,248,112,10,nan,nan,0.15
11/14/2025 3:50:44,1.17.2,PR1,4,3.82,nan,11,Right,Left,1268,249,112,10,nan,nan,0.00
11/14/2025 3:50:45,1.17.2,PR1,4,3.82,nan,11,Right,Left,1268,250,112,10,nan,nan,0.15
11/14/2025 3:59:14,1.17.2,PR1,4,3.82,nan,11,Left,Left,1269,250,112,10,nan,nan,0.28
11/14/2025 4:00:17,1.17.2,PR1,4,3.82,nan,11,Right,Left,1269,251,112,10,nan,nan,0.30
11/14/2025 4:00:18,1.17.2,PR1,4,3.82,nan,11,Right,Left,1269,252,112,10,nan,nan,0.19
11/14/2025 4:01:14,1.17.2,PR1,4,3.82,nan,11,Left,Left,1270,252,112,10,nan,nan,0.06
11/14/2025 4:01:18,1.17.2,PR1,4,3.81,nan,11,Left,Left,1271,252,112,10,nan,nan,0.20
11/14/2025 4:01:22,1.17.2,PR1,4,3.82,nan,11,Left,Left,1272,252,112,10,nan,nan,0.07
11/14/2025 4:01:57,1.17.2,PR1,4,3.82,nan,11,Right,Left,1272,253,112,10,nan,nan,0.10
11/14/2025 4:01:59,1.17.2,PR1,4,3.82,nan,11,Right,Left,1272,254,112,10,nan,nan,0.28
11/14/2025 4:21:10,1.17.2,PR1,4,3.82,nan,11,Right,Left,1272,255,112,10,nan,nan,0.07
11/14/2025 4:21:12,1.17.2,PR1,4,3.82,nan,11,Left,Left,1273,255,112,10,nan,nan,0.13
11/14/2025 4:21:14,1.17.2,PR1,4,3.82,nan,11,Left,Left,1274,255,112,10,nan,nan,0.41
11/14/2025 4:21:15,1.17.2,PR1,4,3.82,nan,11,Left,Left,1275,255,112,10,nan,nan,0.09
11/14/2025 4:21:17,1.17.2,PR1,4,3.82,nan,11,Left,Left,1276,255,112,10,nan,nan,0.14
11/14/2025 4:21:18,1.17.2,PR1,4,3.82,nan,11,Left,Left,1277,255,112,10,nan,nan,0.06
11/14/2025 4:21:20,1.17.2,PR1,4,3.82,1,11,Pellet,Left,1277,255,113,11,0.41,1864,nan
11/14/2025 4:24:12,1.17.2,PR1,4,3.82,nan,12,Left,Left,1278,255,113,11,nan,nan,0.04
11/14/2025 4:24:14,1.17.2,PR1,4,3.82,nan,12,Left,Left,1279,255,113,11,nan,nan,0.08
11/14/2025 4:48:16,1.17.2,PR1,4,3.82,nan,12,Left,Left,1280,255,113,11,nan,nan,0.08
11/14/2025 4:48:20,1.17.2,PR1,4,3.82,nan,12,Left,Left,1281,255,113,11,nan,nan,0.37
11/14/2025 4:48:26,1.17.2,PR1,4,3.82,nan,12,Left,Left,1282,255,113,11,nan,nan,0.04
11/14/2025 4:58:22,1.17.2,PR1,4,3.82,nan,12,Left,Left,1283,255,113,11,nan,nan,0.10
11/14/2025 4:58:33,1.17.2,PR1,4,3.81,nan,12,Left,Left,1284,255,113,11,nan,nan,0.25
11/14/2025 4:58:38,1.17.2,PR1,4,3.81,nan,12,Left,Left,1285,255,113,11,nan,nan,0.45
11/14/2025 4:58:40,1.17.2,PR1,4,3.82,nan,12,Left,Left,1286,255,113,11,nan,nan,0.36
11/14/2025 5:12:28,1.17.2,PR1,4,3.82,nan,12,Left,Left,1287,255,113,11,nan,nan,0.08
11/14/2025 5:12:31,1.17.2,PR1,4,3.82,nan,12,Left,Left,1288,255,113,11,nan,nan,0.41
11/14/2025 5:12:33,1.17.2,PR1,4,3.81,nan,12,Left,Left,1289,255,113,11,nan,nan,0.32
11/14/2025 5:12:33,1.17.2,PR1,4,3.82,nan,12,LeftDuringDispense,Left,1290,255,113,12,nan,nan,0.02
11/14/2025 5:12:36,1.17.2,PR1,4,3.82,2,12,Pellet,Left,1290,255,114,12,0.59,3076,nan
11/14/2025 5:13:15,1.17.2,PR1,4,3.81,nan,13,Left,Left,1291,255,114,12,nan,nan,0.13
11/14/2025 5:13:16,1.17.2,PR1,4,3.81,nan,13,Left,Left,1292,255,114,12,nan,nan,0.00
11/14/2025 5:13:26,1.17.2,PR1,4,3.82,nan,13,Left,Left,1293,255,114,12,nan,nan,0.09
11/14/2025 5:13:28,1.17.2,PR1,4,3.82,nan,13,Left,Left,1294,255,114,12,nan,nan,0.18
11/14/2025 5:13:29,1.17.2,PR1,4,3.82,nan,13,Left,Left,1295,255,114,12,nan,nan,0.21
11/14/2025 5:13:31,1.17.2,PR1,4,3.82,nan,13,Left,Left,1296,255,114,12,nan,nan,0.57
11/14/2025 5:13:33,1.17.2,PR1,4,3.82,nan,13,Left,Left,1297,255,114,12,nan,nan,0.58
11/14/2025 5:13:50,1.17.2,PR1,4,3.82,nan,13,Left,Left,1298,255,114,12,nan,nan,0.36
11/14/2025 5:13:51,1.17.2,PR1,4,3.82,nan,13,Left,Left,1299,255,114,12,nan,nan,0.28
11/14/2025 5:13:52,1.17.2,PR1,4,3.82,nan,13,Left,Left,1300,255,114,12,nan,nan,0.30
11/14/2025 5:13:54,1.17.2,PR1,4,3.82,nan,13,Left,Left,1301,255,114,12,nan,nan,0.30
11/14/2025 5:21:48,1.17.2,PR1,4,3.82,nan,13,Left,Left,1302,255,114,12,nan,nan,0.09
11/14/2025 5:26:40,1.17.2,PR1,4,3.82,nan,13,Left,Left,1303,255,114,12,nan,nan,0.05
11/14/2025 5:26:41,1.17.2,PR1,4,3.82,1,13,Pellet,Left,1303,255,115,13,0.71,845,nan
11/14/2025 5:26:54,1.17.2,PR1,4,3.82,nan,14,Left,Left,1304,255,115,13,nan,nan,0.14
11/14/2025 5:26:55,1.17.2,PR1,4,3.82,nan,14,Left,Left,1305,255,115,13,nan,nan,0.08
11/14/2025 5:26:58,1.17.2,PR1,4,3.82,nan,14,Left,Left,1306,255,115,13,nan,nan,0.03
11/14/2025 5:31:24,1.17.2,PR1,4,3.82,nan,14,Right,Left,1306,256,115,13,nan,nan,0.17
11/14/2025 5:31:25,1.17.2,PR1,4,3.82,nan,14,Right,Left,1306,257,115,13,nan,nan,0.30
11/14/2025 5:31:27,1.17.2,PR1,4,3.82,nan,14,Right,Left,1306,258,115,13,nan,nan,0.08
11/14/2025 5:31:28,1.17.2,PR1,4,3.82,nan,14,Right,Left,1306,259,115,13,nan,nan,0.34
11/14/2025 5:34:50,1.17.2,PR1,4,3.82,nan,14,Left,Left,1307,259,115,13,nan,nan,0.13
11/14/2025 5:40:52,1.17.2,PR1,4,3.81,nan,14,Left,Left,1308,259,115,13,nan,nan,0.06
11/14/2025 5:40:53,1.17.2,PR1,4,3.82,nan,14,Left,Left,1309,259,115,13,nan,nan,0.02
11/14/2025 5:49:54,1.17.2,PR1,4,3.82,nan,14,Left,Left,1310,259,115,13,nan,nan,0.09
11/14/2025 5:49:56,1.17.2,PR1,4,3.82,nan,14,Left,Left,1311,259,115,13,nan,nan,0.06
11/14/2025 5:49:57,1.17.2,PR1,4,3.81,nan,14,Left,Left,1312,259,115,13,nan,nan,0.22
11/14/2025 5:49:59,1.17.2,PR1,4,3.82,nan,14,Left,Left,1313,259,115,13,nan,nan,0.33
11/14/2025 5:50:01,1.17.2,PR1,4,3.82,nan,14,Left,Left,1314,259,115,13,nan,nan,0.33
11/14/2025 5:50:02,1.17.2,PR1,4,3.82,nan,14,Left,Left,1315,259,115,13,nan,nan,0.31
11/14/2025 5:50:06,1.17.2,PR1,4,3.82,nan,14,Left,Left,1316,259,115,13,nan,nan,0.35
11/14/2025 5:50:07,1.17.2,PR1,4,3.81,nan,14,Left,Left,1317,259,115,13,nan,nan,0.12
11/14/2025 5:50:08,1.17.2,PR1,4,3.81,1,14,Pellet,Left,1317,259,116,14,0.65,1407,nan
11/14/2025 5:53:06,1.17.2,PR1,4,3.81,nan,15,Left,Left,1318,259,116,14,nan,nan,0.05
11/14/2025 5:53:07,1.17.2,PR1,4,3.82,nan,15,Left,Left,1319,259,116,14,nan,nan,0.15
11/14/2025 5:53:10,1.17.2,PR1,4,3.81,nan,15,Left,Left,1320,259,116,14,nan,nan,0.16
11/14/2025 5:59:23,1.17.2,PR1,4,3.82,nan,15,Left,Left,1321,259,116,14,nan,nan,0.46
11/14/2025 5:59:24,1.17.2,PR1,4,3.82,nan,15,Left,Left,1322,259,116,14,nan,nan,0.00
11/14/2025 5:59:25,1.17.2,PR1,4,3.82,nan,15,Left,Left,1323,259,116,14,nan,nan,0.12
11/14/2025 5:59:26,1.17.2,PR1,4,3.81,nan,15,Left,Left,1324,259,116,14,nan,nan,0.22
11/14/2025 5:59:28,1.17.2,PR1,4,3.81,nan,15,Left,Left,1325,259,116,14,nan,nan,0.23
11/14/2025 5:59:30,1.17.2,PR1,4,3.82,nan,15,Left,Left,1326,259,116,14,nan,nan,0.26
11/14/2025 5:59:38,1.17.2,PR1,4,3.82,nan,15,Left,Left,1327,259,116,14,nan,nan,0.01
11/14/2025 6:10:15,1.17.2,PR1,4,3.82,nan,15,Right,Left,1327,260,116,14,nan,nan,0.13
11/14/2025 6:10:16,1.17.2,PR1,4,3.82,nan,15,Right,Left,1327,261,116,14,nan,nan,0.33
11/14/2025 6:10:17,1.17.2,PR1,4,3.81,nan,15,Right,Left,1327,262,116,14,nan,nan,0.00
11/14/2025 6:10:18,1.17.2,PR1,4,3.81,nan,15,Right,Left,1327,263,116,14,nan,nan,0.11
11/14/2025 6:10:19,1.17.2,PR1,4,3.82,nan,15,Right,Left,1327,264,116,14,nan,nan,0.58
11/14/2025 6:10:21,1.17.2,PR1,4,3.81,nan,15,Right,Left,1327,265,116,14,nan,nan,0.57
11/14/2025 6:18:18,1.17.2,PR1,4,3.82,nan,15,Left,Left,1328,265,116,14,nan,nan,0.18
11/14/2025 6:18:19,1.17.2,PR1,4,3.82,nan,15,Left,Left,1329,265,116,14,nan,nan,0.21
11/14/2025 6:18:20,1.17.2,PR1,4,3.81,nan,15,Left,Left,1330,265,116,14,nan,nan,0.17
11/14/2025 6:18:23,1.17.2,PR1,4,3.81,nan,15,Left,Left,1331,265,116,14,nan,nan,0.14
11/14/2025 6:18:24,1.17.2,PR1,4,3.81,nan,15,Left,Left,1332,265,116,14,nan,nan,0.23
11/14/2025 6:18:26,1.17.2,PR1,4,3.81,1,15,Pellet,Left,1332,265,117,15,0.65,1698,nan
11/14/2025 6:18:46,1.17.2,PR1,4,3.82,nan,16,Left,Left,1333,265,117,15,nan,nan,0.00
11/14/2025 6:18:47,1.17.2,PR1,4,3.81,nan,16,Left,Left,1334,265,117,15,nan,nan,0.22
11/14/2025 6:18:48,1.17.2,PR1,4,3.82,nan,16,Left,Left,1335,265,117,15,nan,nan,0.08
11/14/2025 6:20:35,1.17.2,PR1,4,3.82,nan,16,Right,Left,1335,266,117,15,nan,nan,0.14
11/14/2025 6:20:45,1.17.2,PR1,4,3.81,nan,16,Left,Left,1336,266,117,15,nan,nan,0.00
11/14/2025 6:21:35,1.17.2,PR1,4,3.81,nan,16,Left,Left,1337,266,117,15,nan,nan,0.09
11/14/2025 7:54:11,1.17.2,PR1,4,3.81,nan,1,Right,Left,1337,267,117,0,nan,nan,0.02
11/14/2025 7:54:15,1.17.2,PR1,4,3.80,nan,1,Left,Left,1338,267,117,0,nan,nan,0.20
11/14/2025 7:54:16,1.17.2,PR1,4,3.80,1,1,Pellet,Left,1338,267,118,1,0.47,5750,nan
11/14/2025 7:55:21,1.17.2,PR1,4,3.80,nan,2,Left,Left,1339,267,118,1,nan,nan,0.17
11/14/2025 7:55:23,1.17.2,PR1,4,3.81,nan,2,Left,Left,1340,267,118,1,nan,nan,0.40
11/14/2025 7:55:25,1.17.2,PR1,4,3.81,1,2,Pellet,Left,1340,267,119,2,0.65,69,nan
11/14/2025 7:56:19,1.17.2,PR1,4,3.81,nan,3,Right,Left,1340,268,119,2,nan,nan,0.23
11/14/2025 7:56:20,1.17.2,PR1,4,3.82,nan,3,Right,Left,1340,269,119,2,nan,nan,0.30
11/14/2025 7:56:21,1.17.2,PR1,4,3.81,nan,3,Right,Left,1340,270,119,2,nan,nan,0.29
11/14/2025 7:56:23,1.17.2,PR1,4,3.81,nan,3,Left,Left,1341,270,119,2,nan,nan,0.03
11/14/2025 7:56:25,1.17.2,PR1,4,3.81,nan,3,Left,Left,1342,270,119,2,nan,nan,0.25
11/14/2025 7:57:10,1.17.2,PR1,4,3.81,nan,3,Left,Left,1343,270,119,2,nan,nan,0.13
11/14/2025 7:57:12,1.17.2,PR1,4,3.80,1,3,Pellet,Left,1343,270,120,3,1.25,107,nan
11/14/2025 7:59:38,1.17.2,PR1,4,3.80,nan,4,Left,Left,1344,270,120,3,nan,nan,0.33
11/14/2025 7:59:40,1.17.2,PR1,4,3.81,nan,4,Left,Left,1345,270,120,3,nan,nan,0.61
11/14/2025 7:59:41,1.17.2,PR1,4,3.81,nan,4,Left,Left,1346,270,120,3,nan,nan,0.32
11/14/2025 7:59:43,1.17.2,PR1,4,3.80,nan,4,Left,Left,1347,270,120,3,nan,nan,0.18
11/14/2025 7:59:44,1.17.2,PR1,4,3.81,1,4,Pellet,Left,1347,270,121,4,0.35,152,nan
11/14/2025 8:20:08,1.17.2,PR1,4,3.81,nan,5,Left,Left,1348,270,121,4,nan,nan,0.08
11/14/2025 8:20:09,1.17.2,PR1,4,3.81,nan,5,Left,Left,1349,270,121,4,nan,nan,0.62
11/14/2025 8:20:12,1.17.2,PR1,4,3.81,nan,5,Left,Left,1350,270,121,4,nan,nan,1.33
11/14/2025 8:48:57,1.17.2,PR1,4,3.80,nan,5,Left,Left,1351,270,121,4,nan,nan,0.86
11/14/2025 8:49:00,1.17.2,PR1,4,3.81,nan,5,Left,Left,1352,270,121,4,nan,nan,0.68
11/14/2025 8:49:05,1.17.2,PR1,4,3.81,2,5,Pellet,Left,1352,270,122,5,1.79,2961,nan
11/14/2025 8:49:23,1.17.2,PR1,4,3.81,nan,6,Left,Left,1353,270,122,5,nan,nan,0.25
11/14/2025 9:13:47,1.17.2,PR1,4,3.80,nan,6,Left,Left,1354,270,122,5,nan,nan,0.41
11/14/2025 9:13:51,1.17.2,PR1,4,3.80,nan,6,Left,Left,1355,270,122,5,nan,nan,0.63
11/14/2025 9:13:54,1.17.2,PR1,4,3.81,nan,6,Left,Left,1356,270,122,5,nan,nan,0.04
11/14/2025 9:13:58,1.17.2,PR1,4,3.80,nan,6,Left,Left,1357,270,122,5,nan,nan,0.32
11/14/2025 9:38:26,1.17.2,PR1,4,3.80,nan,6,Left,Left,1358,270,122,5,nan,nan,0.11
11/14/2025 9:38:29,1.17.2,PR1,4,3.81,1,6,Pellet,Left,1358,270,123,6,2.27,2964,nan
11/14/2025 9:38:41,1.17.2,PR1,4,3.80,nan,7,Left,Left,1359,270,123,6,nan,nan,0.05
11/14/2025 9:38:44,1.17.2,PR1,4,3.81,nan,7,Left,Left,1360,270,123,6,nan,nan,0.18
11/14/2025 9:38:47,1.17.2,PR1,4,3.81,nan,7,Left,Left,1361,270,123,6,nan,nan,0.26
11/14/2025 9:40:52,1.17.2,PR1,4,3.80,nan,7,Left,Left,1362,270,123,6,nan,nan,0.45
11/14/2025 9:40:57,1.17.2,PR1,4,3.80,nan,7,Left,Left,1363,270,123,6,nan,nan,0.31
11/14/2025 9:40:59,1.17.2,PR1,4,3.80,nan,7,Left,Left,1364,270,123,6,nan,nan,0.32
11/14/2025 9:42:09,1.17.2,PR1,4,3.80,nan,7,Right,Left,1364,271,123,6,nan,nan,0.09
11/14/2025 9:42:11,1.17.2,PR1,4,3.81,nan,7,Right,Left,1364,272,123,6,nan,nan,0.08
11/14/2025 9:42:12,1.17.2,PR1,4,3.80,nan,7,Right,Left,1364,273,123,6,nan,nan,0.28
11/14/2025 9:42:14,1.17.2,PR1,4,3.80,nan,7,Right,Left,1364,274,123,6,nan,nan,0.36
11/14/2025 9:53:50,1.17.2,PR1,4,3.80,nan,7,Left,Left,1365,274,123,6,nan,nan,0.11
11/14/2025 9:53:50,1.17.2,PR1,4,3.80,nan,7,LeftDuringDispense,Left,1366,274,123,7,nan,nan,0.04
11/14/2025 9:53:54,1.17.2,PR1,4,3.81,2,7,Pellet,Left,1366,274,124,7,0.47,925,nan
11/14/2025 9:54:40,1.17.2,PR1,4,3.80,nan,8,Left,Left,1367,274,124,7,nan,nan,0.05
11/14/2025 9:54:42,1.17.2,PR1,4,3.80,nan,8,Left,Left,1368,274,124,7,nan,nan,0.33
11/14/2025 9:59:41,1.17.2,PR1,4,3.80,nan,8,Left,Left,1369,274,124,7,nan,nan,0.19
11/14/2025 10:07:20,1.17.2,PR1,4,3.80,nan,8,Right,Left,1369,275,124,7,nan,nan,0.19
11/14/2025 10:07:21,1.17.2,PR1,4,3.80,nan,8,Right,Left,1369,276,124,7,nan,nan,0.12
11/14/2025 10:10:23,1.17.2,PR1,4,3.80,nan,8,Left,Left,1370,276,124,7,nan,nan,0.14
11/14/2025 10:10:24,1.17.2,PR1,4,3.80,nan,8,Left,Left,1371,276,124,7,nan,nan,0.32
11/14/2025 10:13:25,1.17.2,PR1,4,3.80,nan,8,Left,Left,1372,276,124,7,nan,nan,0.16
11/14/2025 11:49:25,1.17.2,PR1,4,3.80,nan,1,Left,Left,1373,276,124,0,nan,nan,1.10
11/14/2025 11:49:28,1.17.2,PR1,4,3.80,1,1,Pellet,Left,1373,276,125,1,1.79,6934,nan
11/14/2025 11:49:52,1.17.2,PR1,4,3.80,nan,2,Left,Left,1374,276,125,1,nan,nan,0.21
11/14/2025 11:53:37,1.17.2,PR1,4,3.80,nan,2,Left,Left,1375,276,125,1,nan,nan,0.27
11/14/2025 11:53:39,1.17.2,PR1,4,3.80,1,2,Pellet,Left,1375,276,126,2,1.19,251,nan
11/14/2025 11:53:59,1.17.2,PR1,4,3.80,nan,3,Left,Left,1376,276,126,2,nan,nan,0.17
11/14/2025 11:54:00,1.17.2,PR1,4,3.80,nan,3,Left,Left,1377,276,126,2,nan,nan,0.13
11/14/2025 11:54:05,1.17.2,PR1,4,3.80,nan,3,Left,Left,1378,276,126,2,nan,nan,0.45
11/14/2025 11:54:06,1.17.2,PR1,4,3.80,1,3,Pellet,Left,1378,276,127,3,0.83,27,nan
11/14/2025 11:57:34,1.17.2,PR1,4,3.80,nan,4,Left,Left,1379,276,127,3,nan,nan,0.10
11/14/2025 11:57:36,1.17.2,PR1,4,3.80,nan,4,Left,Left,1380,276,127,3,nan,nan,0.12
11/14/2025 12:53:21,1.17.2,PR1,4,3.80,nan,1,Left,Left,1381,276,127,0,nan,nan,1.95
11/14/2025 12:53:24,1.17.2,PR1,4,3.80,1,1,Pellet,Left,1381,276,128,1,2.39,3558,nan
11/14/2025 13:10:44,1.17.2,PR1,4,3.80,nan,2,Left,Left,1382,276,128,1,nan,nan,0.27
11/14/2025 13:10:45,1.17.2,PR1,4,3.80,nan,2,Left,Left,1383,276,128,1,nan,nan,0.14
11/14/2025 13:10:47,1.17.2,PR1,4,3.80,1,2,Pellet,Left,1383,276,129,2,1.79,1043,nan
11/14/2025 13:11:05,1.17.2,PR1,4,3.80,nan,3,Left,Left,1384,276,129,2,nan,nan,0.19
11/14/2025 13:11:07,1.17.2,PR1,4,3.80,nan,3,Left,Left,1385,276,129,2,nan,nan,0.10
11/14/2025 13:11:13,1.17.2,PR1,4,3.80,nan,3,Left,Left,1386,276,129,2,nan,nan,0.27
11/14/2025 13:11:15,1.17.2,PR1,4,3.80,1,3,Pellet,Left,1386,276,130,3,1.49,28,nan
11/14/2025 13:11:33,1.17.2,PR1,4,3.80,nan,4,Left,Left,1387,276,130,3,nan,nan,0.12
11/14/2025 13:11:37,1.17.2,PR1,4,3.80,nan,4,Left,Left,1388,276,130,3,nan,nan,0.10
11/14/2025 13:21:07,1.17.2,PR1,4,3.80,nan,4,Left,Left,1389,276,130,3,nan,nan,0.10
