MM:DD:YYYY hh:mm:ss,Library_Version,Session_type,Device_Number,Battery_Voltage,Motor_Turns,PelletsToSwitch,Prob_left,Prob_right,Event,High_prob_poke,Left_Poke_Count,Right_Poke_Count,Pellet_Count,Block_Pellet_Count,Retrieval_Time,InterPelletInterval,Poke_Time
11/3/2025 18:11:30,1.17.2,Bandit100,12,4.11,nan,20,0,100,Right,Right,0,1,0,0,nan,nan,0.40
11/3/2025 18:16:41,1.17.2,Bandit100,12,4.11,nan,20,0,100,RightWithPellet,Right,0,1,0,0,nan,nan,0.14
11/3/2025 18:16:44,1.17.2,Bandit100,12,4.11,nan,20,0,100,RightWithPellet,Right,0,1,0,0,nan,nan,0.14
11/3/2025 18:20:53,1.17.2,Bandit100,12,4.11,nan,20,0,100,LeftWithPellet,Right,0,1,0,0,nan,nan,0.08
11/3/2025 18:21:49,1.17.2,Bandit100,12,4.11,nan,20,0,100,LeftWithPellet,Right,0,1,0,0,nan,nan,0.07
11/3/2025 18:22:13,1.17.2,Bandit100,12,4.11,nan,20,0,100,RightWithPellet,Right,0,1,0,0,nan,nan,0.15
11/3/2025 18:23:00,1.17.2,Bandit100,12,4.11,3,20,0,100,Pellet,Right,0,1,1,0,Timed_out,nan,nan
11/3/2025 18:24:40,1.17.2,Bandit100,12,4.11,nan,20,0,100,Right,Right,0,2,1,1,nan,nan,0.07
11/3/2025 18:25:23,1.17.2,Bandit100,12,4.11,3,20,0,100,Pellet,Right,0,2,2,1,38.87,143,nan
11/3/2025 18:26:06,1.17.2,Bandit100,12,4.11,nan,20,0,100,Right,Right,0,3,2,2,nan,nan,0.08
11/3/2025 18:26:18,1.17.2,Bandit100,12,4.11,1,20,0,100,Pellet,Right,0,3,3,2,11.07,55,nan
11/3/2025 18:26:34,1.17.2,Bandit100,12,4.11,nan,20,0,100,Left,Right,1,3,3,3,nan,nan,0.24
11/3/2025 18:27:08,1.17.2,Bandit100,12,4.11,nan,20,0,100,Left,Right,2,3,3,3,nan,nan,0.04
11/3/2025 18:27:59,1.17.2,Bandit100,12,4.11,nan,20,0,100,Right,Right,2,4,3,3,nan,nan,0.49
11/3/2025 18:28:28,1.17.2,Bandit100,12,4.11,1,20,0,100,Pellet,Right,2,4,4,3,27.46,129,nan
11/3/2025 18:32:46,1.17.2,Bandit100,12,4.11,nan,20,0,100,Left,Right,3,4,4,4,nan,nan,0.14
11/3/2025 18:35:03,1.17.2,Bandit100,12,4.11,nan,20,0,100,Left,Right,4,4,4,4,nan,nan,0.05
11/3/2025 18:35:24,1.17.2,Bandit100,12,4.11,nan,20,0,100,Right,Right,4,5,4,4,nan,nan,0.02
11/3/2025 18:36:41,1.17.2,Bandit100,12,4.11,1,20,0,100,Pellet,Right,4,5,5,4,Timed_out,494,nan
11/3/2025 18:37:32,1.17.2,Bandit100,12,4.11,nan,20,0,100,Right,Right,4,6,5,5,nan,nan,0.45
11/3/2025 18:37:35,1.17.2,Bandit100,12,4.11,1,20,0,100,Pellet,Right,4,6,6,5,2.14,54,nan
11/3/2025 18:38:37,1.17.2,Bandit100,12,4.11,nan,20,0,100,Left,Right,5,6,6,6,nan,nan,1.00
11/3/2025 18:38:40,1.17.2,Bandit100,12,4.11,nan,20,0,100,LeftinTimeOut,Right,5,6,6,6,nan,nan,nan
11/3/2025 18:39:04,1.17.2,Bandit100,12,4.11,nan,20,0,100,Left,Right,6,6,6,6,nan,nan,0.05
11/3/2025 18:39:55,1.17.2,Bandit100,12,4.11,nan,20,0,100,Right,Right,6,7,6,6,nan,nan,0.04
11/3/2025 18:40:20,1.17.2,Bandit100,12,4.10,1,20,0,100,Pellet,Right,6,7,7,6,24.81,165,nan
11/3/2025 18:42:32,1.17.2,Bandit100,12,4.11,nan,20,0,100,Left,Right,7,7,7,7,nan,nan,0.13
11/3/2025 18:43:16,1.17.2,Bandit100,12,4.11,nan,20,0,100,Left,Right,8,7,7,7,nan,nan,0.01
11/3/2025 18:47:52,1.17.2,Bandit100,12,4.11,nan,20,0,100,Left,Right,9,7,7,7,nan,nan,0.13
11/3/2025 18:47:52,1.17.2,Bandit100,12,4.11,nan,20,0,100,LeftinTimeOut,Right,9,7,7,7,nan,nan,nan
11/3/2025 18:48:21,1.17.2,Bandit100,12,4.11,nan,20,0,100,Right,Right,9,8,7,7,nan,nan,0.41
11/3/2025 18:48:49,1.17.2,Bandit100,12,4.11,1,20,0,100,Pellet,Right,9,8,8,7,26.98,509,nan
11/3/2025 18:49:27,1.17.2,Bandit100,12,4.11,nan,20,0,100,Left,Right,10,8,8,8,nan,nan,0.08
11/3/2025 18:49:47,1.17.2,Bandit100,12,4.11,nan,20,0,100,Right,Right,10,9,8,8,nan,nan,0.17
11/3/2025 18:50:22,1.17.2,Bandit100,12,4.11,1,20,0,100,Pellet,Right,10,9,9,8,34.13,93,nan
11/3/2025 18:50:50,1.17.2,Bandit100,12,4.11,nan,20,0,100,Left,Right,11,9,9,9,nan,nan,0.28
11/3/2025 18:50:52,1.17.2,Bandit100,12,4.10,nan,20,0,100,LeftinTimeOut,Right,11,9,9,9,nan,nan,nan
11/3/2025 18:58:37,1.17.2,Bandit100,12,4.11,nan,20,0,100,Right,Right,11,10,9,9,nan,nan,0.08
11/3/2025 18:59:09,1.17.2,Bandit100,12,4.11,1,20,0,100,Pellet,Right,11,10,10,9,30.77,527,nan
11/3/2025 18:59:37,1.17.2,Bandit100,12,4.11,nan,20,0,100,Left,Right,12,10,10,10,nan,nan,0.88
11/3/2025 18:59:39,1.17.2,Bandit100,12,4.11,nan,20,0,100,RightinTimeout,Right,12,10,10,10,nan,nan,0.00
11/3/2025 18:59:39,1.17.2,Bandit100,12,4.10,nan,20,0,100,RightinTimeout,Right,12,10,10,10,nan,nan,0.00
11/3/2025 18:59:42,1.17.2,Bandit100,12,4.11,nan,20,0,100,LeftinTimeOut,Right,12,10,10,10,nan,nan,nan
11/3/2025 19:01:36,1.17.2,Bandit100,12,4.10,nan,20,0,100,Left,Right,13,10,10,10,nan,nan,0.06
11/3/2025 19:01:55,1.17.2,Bandit100,12,4.11,nan,20,0,100,Right,Right,13,11,10,10,nan,nan,0.10
11/3/2025 19:02:17,1.17.2,Bandit100,12,4.11,1,20,0,100,Pellet,Right,13,11,11,10,20.79,188,nan
11/3/2025 19:03:52,1.17.2,Bandit100,12,4.11,nan,20,0,100,Right,Right,13,12,11,11,nan,nan,0.03
11/3/2025 19:03:56,1.17.2,Bandit100,12,4.11,1,20,0,100,Pellet,Right,13,12,12,11,2.74,99,nan
11/3/2025 19:06:45,1.17.2,Bandit100,12,4.11,nan,20,0,100,Right,Right,13,13,12,12,nan,nan,0.01
11/3/2025 19:06:51,1.17.2,Bandit100,12,4.11,1,20,0,100,Pellet,Right,13,13,13,12,5.20,175,nan
11/3/2025 19:10:30,1.17.2,Bandit100,12,4.11,nan,20,0,100,Right,Right,13,14,13,13,nan,nan,0.15
11/3/2025 19:10:32,1.17.2,Bandit100,12,4.11,1,20,0,100,Pellet,Right,13,14,14,13,1.55,221,nan
11/3/2025 19:11:48,1.17.2,Bandit100,12,4.11,nan,20,0,100,Left,Right,14,14,14,14,nan,nan,0.40
11/3/2025 19:32:46,1.17.2,Bandit100,12,4.11,nan,20,0,100,Left,Right,15,14,14,14,nan,nan,0.10
11/3/2025 19:33:15,1.17.2,Bandit100,12,4.10,nan,20,0,100,Right,Right,15,15,14,14,nan,nan,0.06
11/3/2025 19:33:25,1.17.2,Bandit100,12,4.11,2,20,0,100,Pellet,Right,15,15,15,14,7.54,1373,nan
11/3/2025 19:35:11,1.17.2,Bandit100,12,4.11,nan,20,0,100,Right,Right,15,16,15,15,nan,nan,0.07
11/3/2025 19:35:15,1.17.2,Bandit100,12,4.11,1,20,0,100,Pellet,Right,15,16,16,15,3.94,110,nan
11/3/2025 19:39:24,1.17.2,Bandit100,12,4.10,nan,20,0,100,Right,Right,15,17,16,16,nan,nan,0.07
11/3/2025 19:39:27,1.17.2,Bandit100,12,4.10,1,20,0,100,Pellet,Right,15,17,17,16,2.15,252,nan
11/3/2025 19:42:51,1.17.2,Bandit100,12,4.11,nan,20,0,100,Right,Right,15,18,17,17,nan,nan,0.14
11/3/2025 19:42:54,1.17.2,Bandit100,12,4.11,1,20,0,100,Pellet,Right,15,18,18,17,2.20,207,nan
11/3/2025 19:43:51,1.17.2,Bandit100,12,4.11,nan,20,0,100,Right,Right,15,19,18,18,nan,nan,0.05
11/3/2025 19:43:57,1.17.2,Bandit100,12,4.11,1,20,0,100,Pellet,Right,15,19,19,18,5.02,63,nan
11/3/2025 19:44:09,1.17.2,Bandit100,12,4.11,nan,20,0,100,Left,Right,16,19,19,19,nan,nan,0.04
11/3/2025 19:49:37,1.17.2,Bandit100,12,4.10,nan,20,0,100,Right,Right,16,20,19,19,nan,nan,0.06
11/3/2025 19:49:39,1.17.2,Bandit100,12,4.11,1,20,0,100,Pellet,Right,16,20,20,19,1.13,342,nan
11/3/2025 20:03:01,1.17.2,Bandit100,12,4.10,nan,20,100,0,Right,Left,16,21,20,0,nan,nan,0.13
11/3/2025 20:04:28,1.17.2,Bandit100,12,4.11,nan,20,100,0,Left,Left,17,21,20,0,nan,nan,0.05
11/3/2025 20:04:35,1.17.2,Bandit100,12,4.11,1,20,100,0,Pellet,Left,17,21,21,0,6.34,896,nan
11/3/2025 20:05:09,1.17.2,Bandit100,12,4.10,nan,20,100,0,Left,Left,18,21,21,1,nan,nan,0.77
11/3/2025 20:05:16,1.17.2,Bandit100,12,4.11,2,20,100,0,Pellet,Left,18,21,22,1,6.34,41,nan
11/3/2025 20:05:45,1.17.2,Bandit100,12,4.11,nan,20,100,0,Right,Left,18,22,22,2,nan,nan,0.14
11/3/2025 20:05:45,1.17.2,Bandit100,12,4.11,nan,20,100,0,RightinTimeout,Left,18,22,22,2,nan,nan,0.00
11/3/2025 20:05:45,1.17.2,Bandit100,12,4.11,nan,20,100,0,RightinTimeout,Left,18,22,22,2,nan,nan,0.00
11/3/2025 20:12:51,1.17.2,Bandit100,12,4.10,nan,20,100,0,Right,Left,18,23,22,2,nan,nan,0.18
11/3/2025 20:26:50,1.17.2,Bandit100,12,4.10,nan,20,100,0,Right,Left,18,24,22,2,nan,nan,0.00
11/3/2025 20:26:54,1.17.2,Bandit100,12,4.11,nan,20,100,0,RightinTimeout,Left,18,24,22,2,nan,nan,0.00
11/3/2025 20:31:08,1.17.2,Bandit100,12,4.10,nan,20,100,0,Right,Left,18,25,22,2,nan,nan,0.13
11/3/2025 20:55:16,1.17.2,Bandit100,12,4.10,nan,20,100,0,Right,Left,18,26,22,2,nan,nan,0.08
11/3/2025 20:55:17,1.17.2,Bandit100,12,4.10,nan,20,100,0,RightinTimeout,Left,18,26,22,2,nan,nan,0.00
11/3/2025 21:08:15,1.17.2,Bandit100,12,4.10,nan,20,100,0,Right,Left,18,27,22,2,nan,nan,0.17
11/3/2025 21:08:27,1.17.2,Bandit100,12,4.10,nan,20,100,0,Left,Left,19,27,22,2,nan,nan,0.03
11/3/2025 21:08:52,1.17.2,Bandit100,12,4.09,1,20,100,0,Pellet,Left,19,27,23,2,24.36,3816,nan
11/3/2025 21:10:08,1.17.2,Bandit100,12,4.10,nan,20,100,0,Left,Left,20,27,23,3,nan,nan,0.16
11/3/2025 21:10:11,1.17.2,Bandit100,12,4.10,1,20,100,0,Pellet,Left,20,27,24,3,2.39,79,nan
11/3/2025 21:10:43,1.17.2,Bandit100,12,4.10,nan,20,100,0,Right,Left,20,28,24,4,nan,nan,0.06
11/3/2025 21:11:10,1.17.2,Bandit100,12,4.10,nan,20,100,0,Left,Left,21,28,24,4,nan,nan,0.04
11/3/2025 21:12:19,1.17.2,Bandit100,12,4.10,1,20,100,0,Pellet,Left,21,28,25,4,Timed_out,128,nan
11/3/2025 21:18:13,1.17.2,Bandit100,12,4.10,nan,20,100,0,Right,Left,21,29,25,5,nan,nan,0.01
11/3/2025 21:25:30,1.17.2,Bandit100,12,4.10,nan,20,100,0,Left,Left,22,29,25,5,nan,nan,0.73
11/3/2025 21:25:35,1.17.2,Bandit100,12,4.10,1,20,100,0,Pellet,Left,22,29,26,5,4.31,796,nan
11/3/2025 21:42:28,1.17.2,Bandit100,12,4.10,nan,20,100,0,Right,Left,22,30,26,6,nan,nan,0.03
11/3/2025 21:42:32,1.17.2,Bandit100,12,4.09,nan,20,100,0,LeftinTimeOut,Left,22,30,26,6,nan,nan,nan
11/3/2025 21:48:50,1.17.2,Bandit100,12,4.09,nan,20,100,0,Left,Left,23,30,26,6,nan,nan,0.35
11/3/2025 21:48:57,1.17.2,Bandit100,12,4.10,1,20,100,0,Pellet,Left,23,30,27,6,6.53,1402,nan
11/3/2025 21:59:20,1.17.2,Bandit100,12,4.10,nan,20,100,0,Left,Left,24,30,27,7,nan,nan,0.50
11/3/2025 21:59:30,1.17.2,Bandit100,12,4.09,1,20,100,0,Pellet,Left,24,30,28,7,8.98,633,nan
11/3/2025 22:01:21,1.17.2,Bandit100,12,4.09,nan,20,100,0,Right,Left,24,31,28,8,nan,nan,0.48
11/3/2025 22:06:50,1.17.2,Bandit100,12,4.10,nan,20,100,0,Right,Left,24,32,28,8,nan,nan,0.80
11/3/2025 22:10:05,1.17.2,Bandit100,12,4.09,nan,20,100,0,Right,Left,24,33,28,8,nan,nan,0.39
11/3/2025 22:11:29,1.17.2,Bandit100,12,4.09,nan,20,100,0,Right,Left,24,34,28,8,nan,nan,0.15
11/3/2025 22:13:26,1.17.2,Bandit100,12,4.10,nan,20,100,0,Left,Left,25,34,28,8,nan,nan,0.06
11/3/2025 22:13:31,1.17.2,Bandit100,12,4.09,1,20,100,0,Pellet,Left,25,34,29,8,4.13,841,nan
11/3/2025 22:18:02,1.17.2,Bandit100,12,4.10,nan,20,100,0,Right,Left,25,35,29,9,nan,nan,0.02
11/3/2025 22:35:19,1.17.2,Bandit100,12,4.09,nan,20,100,0,Right,Left,25,36,29,9,nan,nan,0.07
11/3/2025 22:35:21,1.17.2,Bandit100,12,4.09,nan,20,100,0,LeftinTimeOut,Left,25,36,29,9,nan,nan,nan
11/3/2025 22:35:23,1.17.2,Bandit100,12,4.10,nan,20,100,0,LeftinTimeOut,Left,25,36,29,9,nan,nan,nan
11/3/2025 22:51:25,1.17.2,Bandit100,12,4.10,nan,20,100,0,Left,Left,26,36,29,9,nan,nan,0.17
11/3/2025 22:51:27,1.17.2,Bandit100,12,4.10,1,20,100,0,Pellet,Left,26,36,30,9,0.77,2276,nan
11/3/2025 22:52:34,1.17.2,Bandit100,12,4.09,nan,20,100,0,Left,Left,27,36,30,10,nan,nan,0.31
11/3/2025 22:52:40,1.17.2,Bandit100,12,4.10,1,20,100,0,Pellet,Left,27,36,31,10,5.09,73,nan
11/3/2025 22:52:59,1.17.2,Bandit100,12,4.10,nan,20,100,0,Left,Left,28,36,31,11,nan,nan,0.57
11/3/2025 22:53:04,1.17.2,Bandit100,12,4.09,1,20,100,0,Pellet,Left,28,36,32,11,4.43,24,nan
11/3/2025 22:53:23,1.17.2,Bandit100,12,4.09,nan,20,100,0,Left,Left,29,36,32,12,nan,nan,0.30
11/3/2025 22:53:29,1.17.2,Bandit100,12,4.10,1,20,100,0,Pellet,Left,29,36,33,12,4.97,25,nan
11/3/2025 22:54:08,1.17.2,Bandit100,12,4.09,nan,20,100,0,Left,Left,30,36,33,13,nan,nan,0.44
11/3/2025 22:54:17,1.17.2,Bandit100,12,4.09,1,20,100,0,Pellet,Left,30,36,34,13,8.27,48,nan
11/3/2025 23:12:30,1.17.2,Bandit100,12,4.09,nan,20,100,0,Left,Left,31,36,34,14,nan,nan,0.02
11/3/2025 23:12:30,1.17.2,Bandit100,12,4.09,nan,20,100,0,LeftDuringDispense,Left,31,36,34,14,nan,nan,0.09
11/3/2025 23:13:22,1.17.2,Bandit100,12,4.09,2,20,100,0,Pellet,Left,31,36,35,14,48.66,1145,nan
11/3/2025 23:23:50,1.17.2,Bandit100,12,4.09,nan,20,100,0,Left,Left,32,36,35,15,nan,nan,0.30
11/3/2025 23:23:54,1.17.2,Bandit100,12,4.09,1,20,100,0,Pellet,Left,32,36,36,15,3.35,632,nan
11/3/2025 23:24:18,1.17.2,Bandit100,12,4.09,nan,20,100,0,Right,Left,32,37,36,16,nan,nan,0.00
11/3/2025 23:24:56,1.17.2,Bandit100,12,4.09,nan,20,100,0,Left,Left,33,37,36,16,nan,nan,0.07
11/3/2025 23:25:02,1.17.2,Bandit100,12,4.10,1,20,100,0,Pellet,Left,33,37,37,16,5.87,68,nan
11/3/2025 23:26:11,1.17.2,Bandit100,12,4.10,nan,20,100,0,Left,Left,34,37,37,17,nan,nan,0.16
11/3/2025 23:26:14,1.17.2,Bandit100,12,4.09,1,20,100,0,Pellet,Left,34,37,38,17,1.43,72,nan
11/3/2025 23:26:38,1.17.2,Bandit100,12,4.10,nan,20,100,0,Right,Left,34,38,38,18,nan,nan,0.19
11/3/2025 23:29:03,1.17.2,Bandit100,12,4.09,nan,20,100,0,Left,Left,35,38,38,18,nan,nan,0.27
11/3/2025 23:29:08,1.17.2,Bandit100,12,4.09,1,20,100,0,Pellet,Left,35,38,39,18,3.47,174,nan
11/3/2025 23:29:41,1.17.2,Bandit100,12,4.09,nan,20,100,0,Left,Left,36,38,39,19,nan,nan,0.18
11/3/2025 23:29:44,1.17.2,Bandit100,12,4.09,1,20,100,0,Pellet,Left,36,38,40,19,2.87,36,nan
11/3/2025 23:34:27,1.17.2,Bandit100,12,4.09,nan,20,0,100,Left,Right,37,38,40,0,nan,nan,0.17
11/3/2025 23:34:32,1.17.2,Bandit100,12,4.09,nan,20,0,100,LeftinTimeOut,Right,37,38,40,0,nan,nan,nan
11/3/2025 23:34:38,1.17.2,Bandit100,12,4.09,nan,20,0,100,LeftinTimeOut,Right,37,38,40,0,nan,nan,nan
11/3/2025 23:34:40,1.17.2,Bandit100,12,4.09,nan,20,0,100,LeftinTimeOut,Right,37,38,40,0,nan,nan,nan
11/3/2025 23:35:05,1.17.2,Bandit100,12,4.09,nan,20,0,100,Right,Right,37,39,40,0,nan,nan,0.18
11/3/2025 23:35:12,1.17.2,Bandit100,12,4.09,nan,20,0,100,LeftWithPellet,Right,37,39,40,0,nan,nan,0.75
11/3/2025 23:35:14,1.17.2,Bandit100,12,4.09,2,20,0,100,Pellet,Right,37,39,41,0,6.38,330,nan
11/3/2025 23:36:42,1.17.2,Bandit100,12,4.09,nan,20,0,100,Left,Right,38,39,41,1,nan,nan,0.23
11/3/2025 23:36:48,1.17.2,Bandit100,12,4.09,nan,20,0,100,LeftinTimeOut,Right,38,39,41,1,nan,nan,nan
11/3/2025 23:46:15,1.17.2,Bandit100,12,4.09,nan,20,0,100,Left,Right,39,39,41,1,nan,nan,0.24
11/3/2025 23:46:16,1.17.2,Bandit100,12,4.09,nan,20,0,100,LeftinTimeOut,Right,39,39,41,1,nan,nan,nan
11/3/2025 23:46:23,1.17.2,Bandit100,12,4.09,nan,20,0,100,LeftinTimeOut,Right,39,39,41,1,nan,nan,nan
11/3/2025 23:56:07,1.17.2,Bandit100,12,4.09,nan,20,0,100,Left,Right,40,39,41,1,nan,nan,0.14
11/3/2025 23:56:30,1.17.2,Bandit100,12,4.09,nan,20,0,100,Right,Right,40,40,41,1,nan,nan,0.12
11/3/2025 23:56:38,1.17.2,Bandit100,12,4.09,1,20,0,100,Pellet,Right,40,40,42,1,7.00,1284,nan
11/3/2025 23:57:00,1.17.2,Bandit100,12,4.09,nan,20,0,100,Right,Right,40,41,42,2,nan,nan,0.17
11/3/2025 23:57:02,1.17.2,Bandit100,12,4.09,1,20,0,100,Pellet,Right,40,41,43,2,1.13,23,nan
11/3/2025 23:57:27,1.17.2,Bandit100,12,4.09,nan,20,0,100,Left,Right,41,41,43,3,nan,nan,0.14
11/3/2025 23:57:28,1.17.2,Bandit100,12,4.09,nan,20,0,100,LeftinTimeOut,Right,41,41,43,3,nan,nan,nan
11/3/2025 23:57:34,1.17.2,Bandit100,12,4.09,nan,20,0,100,LeftinTimeOut,Right,41,41,43,3,nan,nan,nan
11/3/2025 23:57:34,1.17.2,Bandit100,12,4.09,nan,20,0,100,LeftinTimeOut,Right,41,41,43,3,nan,nan,nan
11/3/2025 23:57:36,1.17.2,Bandit100,12,4.09,nan,20,0,100,LeftinTimeOut,Right,41,41,43,3,nan,nan,nan
11/3/2025 23:57:47,1.17.2,Bandit100,12,4.10,nan,20,0,100,Right,Right,41,42,43,3,nan,nan,0.20
11/3/2025 23:57:51,1.17.2,Bandit100,12,4.09,1,20,0,100,Pellet,Right,41,42,44,3,3.11,50,nan
11/3/2025 23:58:08,1.17.2,Bandit100,12,4.09,nan,20,0,100,Right,Right,41,43,44,4,nan,nan,0.14
11/3/2025 23:58:12,1.17.2,Bandit100,12,4.09,1,20,0,100,Pellet,Right,41,43,45,4,3.17,21,nan
11/3/2025 23:58:27,1.17.2,Bandit100,12,4.09,nan,20,0,100,Right,Right,41,44,45,5,nan,nan,0.09
11/3/2025 23:58:33,1.17.2,Bandit100,12,4.09,2,20,0,100,Pellet,Right,41,44,46,5,2.93,21,nan
11/3/2025 23:59:10,1.17.2,Bandit100,12,4.09,nan,20,0,100,Left,Right,42,44,46,6,nan,nan,0.03
11/3/2025 23:59:14,1.17.2,Bandit100,12,4.10,nan,20,0,100,LeftinTimeOut,Right,42,44,46,6,nan,nan,nan
11/3/2025 23:59:15,1.17.2,Bandit100,12,4.10,nan,20,0,100,LeftinTimeOut,Right,42,44,46,6,nan,nan,nan
11/3/2025 23:59:17,1.17.2,Bandit100,12,4.09,nan,20,0,100,LeftinTimeOut,Right,42,44,46,6,nan,nan,nan
11/3/2025 23:59:22,1.17.2,Bandit100,12,4.09,nan,20,0,100,RightinTimeout,Right,42,44,46,6,nan,nan,0.00
11/4/2025 0:00:00,1.17.2,Bandit100,12,4.09,nan,20,0,100,Left,Right,43,44,46,6,nan,nan,0.03
11/4/2025 0:00:03,1.17.2,Bandit100,12,4.09,nan,20,0,100,RightinTimeout,Right,43,44,46,6,nan,nan,0.00
11/4/2025 0:01:36,1.17.2,Bandit100,12,4.09,nan,20,0,100,Left,Right,44,44,46,6,nan,nan,0.18
11/4/2025 0:01:43,1.17.2,Bandit100,12,4.09,nan,20,0,100,RightinTimeout,Right,44,44,46,6,nan,nan,0.00
11/4/2025 0:01:46,1.17.2,Bandit100,12,4.10,nan,20,0,100,LeftinTimeOut,Right,44,44,46,6,nan,nan,nan
11/4/2025 0:03:33,1.17.2,Bandit100,12,4.09,nan,20,0,100,Left,Right,45,44,46,6,nan,nan,0.31
11/4/2025 0:11:39,1.17.2,Bandit100,12,4.09,nan,20,0,100,Left,Right,46,44,46,6,nan,nan,0.15
11/4/2025 0:11:42,1.17.2,Bandit100,12,4.09,nan,20,0,100,LeftinTimeOut,Right,46,44,46,6,nan,nan,nan
11/4/2025 0:11:58,1.17.2,Bandit100,12,4.09,nan,20,0,100,Left,Right,47,44,46,6,nan,nan,0.12
11/4/2025 0:12:00,1.17.2,Bandit100,12,4.09,nan,20,0,100,LeftinTimeOut,Right,47,44,46,6,nan,nan,nan
11/4/2025 0:12:09,1.17.2,Bandit100,12,4.09,nan,20,0,100,LeftinTimeOut,Right,47,44,46,6,nan,nan,nan
11/4/2025 0:22:13,1.17.2,Bandit100,12,4.09,nan,20,0,100,Left,Right,48,44,46,6,nan,nan,0.24
11/4/2025 0:22:15,1.17.2,Bandit100,12,4.09,nan,20,0,100,LeftinTimeOut,Right,48,44,46,6,nan,nan,nan
11/4/2025 2:34:31,1.17.2,Bandit100,12,4.09,nan,20,0,100,Left,Right,49,44,46,6,nan,nan,0.22
11/4/2025 2:39:39,1.17.2,Bandit100,12,4.09,nan,20,0,100,Right,Right,49,45,46,6,nan,nan,0.42
11/4/2025 2:39:46,1.17.2,Bandit100,12,4.09,2,20,0,100,Pellet,Right,49,45,47,6,4.37,9673,nan
11/4/2025 2:40:05,1.17.2,Bandit100,12,4.09,nan,20,0,100,Left,Right,50,45,47,7,nan,nan,0.17
11/4/2025 2:40:06,1.17.2,Bandit100,12,4.09,nan,20,0,100,LeftinTimeOut,Right,50,45,47,7,nan,nan,nan
11/4/2025 2:40:10,1.17.2,Bandit100,12,4.09,nan,20,0,100,LeftinTimeOut,Right,50,45,47,7,nan,nan,nan
11/4/2025 2:40:18,1.17.2,Bandit100,12,4.09,nan,20,0,100,LeftinTimeOut,Right,50,45,47,7,nan,nan,nan
11/4/2025 2:40:20,1.17.2,Bandit100,12,4.09,nan,20,0,100,LeftinTimeOut,Right,50,45,47,7,nan,nan,nan
11/4/2025 2:40:25,1.17.2,Bandit100,12,4.09,nan,20,0,100,RightinTimeout,Right,50,45,47,7,nan,nan,0.00
11/4/2025 2:40:39,1.17.2,Bandit100,12,4.09,nan,20,0,100,Left,Right,51,45,47,7,nan,nan,0.41
11/4/2025 2:42:23,1.17.2,Bandit100,12,4.08,nan,20,0,100,Left,Right,52,45,47,7,nan,nan,0.11
11/4/2025 2:42:27,1.17.2,Bandit100,12,4.09,nan,20,0,100,RightinTimeout,Right,52,45,47,7,nan,nan,0.00
11/4/2025 2:45:53,1.17.2,Bandit100,12,4.09,nan,20,0,100,Left,Right,53,45,47,7,nan,nan,0.12
11/4/2025 2:45:55,1.17.2,Bandit100,12,4.09,nan,20,0,100,LeftinTimeOut,Right,53,45,47,7,nan,nan,nan
11/4/2025 2:45:57,1.17.2,Bandit100,12,4.09,nan,20,0,100,LeftinTimeOut,Right,53,45,47,7,nan,nan,nan
11/4/2025 2:46:01,1.17.2,Bandit100,12,4.09,nan,20,0,100,RightinTimeout,Right,53,45,47,7,nan,nan,0.00
11/4/2025 2:46:01,1.17.2,Bandit100,12,4.09,nan,20,0,100,RightinTimeout,Right,53,45,47,7,nan,nan,0.00
11/4/2025 2:46:05,1.17.2,Bandit100,12,4.09,nan,20,0,100,LeftinTimeOut,Right,53,45,47,7,nan,nan,nan
11/4/2025 2:46:08,1.17.2,Bandit100,12,4.09,nan,20,0,100,LeftinTimeOut,Right,53,45,47,7,nan,nan,nan
11/4/2025 2:52:23,1.17.2,Bandit100,12,4.09,nan,20,0,100,Left,Right,54,45,47,7,nan,nan,0.24
11/4/2025 2:52:53,1.17.2,Bandit100,12,4.09,nan,20,0,100,Left,Right,55,45,47,7,nan,nan,0.07
11/4/2025 2:52:58,1.17.2,Bandit100,12,4.09,nan,20,0,100,LeftinTimeOut,Right,55,45,47,7,nan,nan,nan
11/4/2025 2:53:01,1.17.2,Bandit100,12,4.09,nan,20,0,100,RightinTimeout,Right,55,45,47,7,nan,nan,0.00
11/4/2025 2:53:06,1.17.2,Bandit100,12,4.09,nan,20,0,100,LeftinTimeOut,Right,55,45,47,7,nan,nan,nan
11/4/2025 2:53:07,1.17.2,Bandit100,12,4.09,nan,20,0,100,LeftinTimeOut,Right,55,45,47,7,nan,nan,nan
11/4/2025 2:53:09,1.17.2,Bandit100,12,4.09,nan,20,0,100,LeftinTimeOut,Right,55,45,47,7,nan,nan,nan
11/4/2025 2:53:12,1.17.2,Bandit100,12,4.09,nan,20,0,100,RightinTimeout,Right,55,45,47,7,nan,nan,0.00
11/4/2025 2:53:14,1.17.2,Bandit100,12,4.09,nan,20,0,100,RightinTimeout,Right,55,45,47,7,nan,nan,0.00
11/4/2025 2:53:16,1.17.2,Bandit100,12,4.09,nan,20,0,100,LeftinTimeOut,Right,55,45,47,7,nan,nan,nan
11/4/2025 2:53:19,1.17.2,Bandit100,12,4.09,nan,20,0,100,LeftinTimeOut,Right,55,45,47,7,nan,nan,nan
11/4/2025 2:53:19,1.17.2,Bandit100,12,4.09,nan,20,0,100,LeftinTimeOut,Right,55,45,47,7,nan,nan,nan
11/4/2025 2:53:21,1.17.2,Bandit100,12,4.09,nan,20,0,100,LeftinTimeOut,Right,55,45,47,7,nan,nan,nan
11/4/2025 2:53:21,1.17.2,Bandit100,12,4.08,nan,20,0,100,LeftinTimeOut,Right,55,45,47,7,nan,nan,nan
11/4/2025 2:53:25,1.17.2,Bandit100,12,4.09,nan,20,0,100,LeftinTimeOut,Right,55,45,47,7,nan,nan,nan
11/4/2025 2:53:29,1.17.2,Bandit100,12,4.09,nan,20,0,100,LeftinTimeOut,Right,55,45,47,7,nan,nan,nan
11/4/2025 2:53:34,1.17.2,Bandit100,12,4.09,nan,20,0,100,LeftinTimeOut,Right,55,45,47,7,nan,nan,nan
11/4/2025 2:53:43,1.17.2,Bandit100,12,4.09,nan,20,0,100,RightinTimeout,Right,55,45,47,7,nan,nan,0.00
11/4/2025 2:54:00,1.17.2,Bandit100,12,4.09,nan,20,0,100,Right,Right,55,46,47,7,nan,nan,0.18
11/4/2025 2:54:02,1.17.2,Bandit100,12,4.09,nan,20,0,100,RightWithPellet,Right,55,47,47,7,nan,nan,0.37
11/4/2025 2:54:04,1.17.2,Bandit100,12,4.09,1,20,0,100,Pellet,Right,55,47,48,7,3.91,858,nan
11/4/2025 2:54:24,1.17.2,Bandit100,12,4.09,nan,20,0,100,Left,Right,56,47,48,8,nan,nan,0.04
11/4/2025 2:54:29,1.17.2,Bandit100,12,4.09,nan,20,0,100,RightinTimeout,Right,56,47,48,8,nan,nan,0.00
11/4/2025 2:54:30,1.17.2,Bandit100,12,4.08,nan,20,0,100,RightinTimeout,Right,56,47,48,8,nan,nan,0.00
11/4/2025 2:54:30,1.17.2,Bandit100,12,4.09,nan,20,0,100,RightinTimeout,Right,56,47,48,8,nan,nan,0.00
11/4/2025 2:54:33,1.17.2,Bandit100,12,4.08,nan,20,0,100,LeftinTimeOut,Right,56,47,48,8,nan,nan,nan
11/4/2025 2:54:33,1.17.2,Bandit100,12,4.09,nan,20,0,100,LeftinTimeOut,Right,56,47,48,8,nan,nan,nan
11/4/2025 2:54:34,1.17.2,Bandit100,12,4.09,nan,20,0,100,LeftinTimeOut,Right,56,47,48,8,nan,nan,nan
11/4/2025 2:54:37,1.17.2,Bandit100,12,4.08,nan,20,0,100,LeftinTimeOut,Right,56,47,48,8,nan,nan,nan
11/4/2025 2:54:38,1.17.2,Bandit100,12,4.08,nan,20,0,100,LeftinTimeOut,Right,56,47,48,8,nan,nan,nan
11/4/2025 2:54:38,1.17.2,Bandit100,12,4.09,nan,20,0,100,LeftinTimeOut,Right,56,47,48,8,nan,nan,nan
11/4/2025 2:54:41,1.17.2,Bandit100,12,4.09,nan,20,0,100,RightinTimeout,Right,56,47,48,8,nan,nan,0.00
11/4/2025 2:54:42,1.17.2,Bandit100,12,4.09,nan,20,0,100,RightinTimeout,Right,56,47,48,8,nan,nan,0.00
11/4/2025 2:54:44,1.17.2,Bandit100,12,4.09,nan,20,0,100,RightinTimeout,Right,56,47,48,8,nan,nan,0.00
11/4/2025 2:54:47,1.17.2,Bandit100,12,4.09,nan,20,0,100,LeftinTimeOut,Right,56,47,48,8,nan,nan,nan
11/4/2025 2:54:52,1.17.2,Bandit100,12,4.09,nan,20,0,100,RightinTimeout,Right,56,47,48,8,nan,nan,0.00
11/4/2025 2:55:04,1.17.2,Bandit100,12,4.09,nan,20,0,100,Right,Right,56,48,48,8,nan,nan,0.19
11/4/2025 2:55:12,1.17.2,Bandit100,12,4.09,1,20,0,100,Pellet,Right,56,48,49,8,6.53,68,nan
11/4/2025 2:55:30,1.17.2,Bandit100,12,4.08,nan,20,0,100,Left,Right,57,48,49,9,nan,nan,0.11
11/4/2025 2:55:38,1.17.2,Bandit100,12,4.09,nan,20,0,100,LeftinTimeOut,Right,57,48,49,9,nan,nan,nan
11/4/2025 2:55:41,1.17.2,Bandit100,12,4.09,nan,20,0,100,RightinTimeout,Right,57,48,49,9,nan,nan,0.00
11/4/2025 2:55:42,1.17.2,Bandit100,12,4.09,nan,20,0,100,RightinTimeout,Right,57,48,49,9,nan,nan,0.00
11/4/2025 2:55:48,1.17.2,Bandit100,12,4.09,nan,20,0,100,RightinTimeout,Right,57,48,49,9,nan,nan,0.00
11/4/2025 2:55:49,1.17.2,Bandit100,12,4.08,nan,20,0,100,RightinTimeout,Right,57,48,49,9,nan,nan,0.00
11/4/2025 2:55:53,1.17.2,Bandit100,12,4.09,nan,20,0,100,LeftinTimeOut,Right,57,48,49,9,nan,nan,nan
11/4/2025 3:00:44,1.17.2,Bandit100,12,4.09,nan,20,0,100,Right,Right,57,49,49,9,nan,nan,0.20
11/4/2025 3:00:47,1.17.2,Bandit100,12,4.08,1,20,0,100,Pellet,Right,57,49,50,9,1.91,335,nan
11/4/2025 3:01:26,1.17.2,Bandit100,12,4.09,nan,20,0,100,Left,Right,58,49,50,10,nan,nan,0.11
11/4/2025 3:01:31,1.17.2,Bandit100,12,4.09,nan,20,0,100,LeftinTimeOut,Right,58,49,50,10,nan,nan,nan
11/4/2025 3:01:38,1.17.2,Bandit100,12,4.09,nan,20,0,100,LeftinTimeOut,Right,58,49,50,10,nan,nan,nan
11/4/2025 3:01:40,1.17.2,Bandit100,12,4.09,nan,20,0,100,LeftinTimeOut,Right,58,49,50,10,nan,nan,nan
11/4/2025 3:01:42,1.17.2,Bandit100,12,4.09,nan,20,0,100,LeftinTimeOut,Right,58,49,50,10,nan,nan,nan
11/4/2025 3:01:47,1.17.2,Bandit100,12,4.09,nan,20,0,100,LeftinTimeOut,Right,58,49,50,10,nan,nan,nan
11/4/2025 3:01:48,1.17.2,Bandit100,12,4.09,nan,20,0,100,LeftinTimeOut,Right,58,49,50,10,nan,nan,nan
11/4/2025 3:01:56,1.17.2,Bandit100,12,4.08,nan,20,0,100,LeftinTimeOut,Right,58,49,50,10,nan,nan,nan
11/4/2025 3:02:01,1.17.2,Bandit100,12,4.09,nan,20,0,100,RightinTimeout,Right,58,49,50,10,nan,nan,0.00
11/4/2025 3:02:06,1.17.2,Bandit100,12,4.09,nan,20,0,100,LeftinTimeOut,Right,58,49,50,10,nan,nan,nan
11/4/2025 3:02:16,1.17.2,Bandit100,12,4.09,nan,20,0,100,LeftinTimeOut,Right,58,49,50,10,nan,nan,nan
11/4/2025 3:03:10,1.17.2,Bandit100,12,4.08,nan,20,0,100,Right,Right,58,50,50,10,nan,nan,0.30
11/4/2025 3:03:13,1.17.2,Bandit100,12,4.09,1,20,0,100,Pellet,Right,58,50,51,10,2.27,146,nan
11/4/2025 3:04:29,1.17.2,Bandit100,12,4.09,nan,20,0,100,Right,Right,58,51,51,11,nan,nan,0.17
11/4/2025 3:04:32,1.17.2,Bandit100,12,4.09,1,20,0,100,Pellet,Right,58,51,52,11,1.61,79,nan
11/4/2025 3:05:30,1.17.2,Bandit100,12,4.09,nan,20,0,100,Left,Right,59,51,52,12,nan,nan,0.03
11/4/2025 3:05:30,1.17.2,Bandit100,12,4.08,nan,20,0,100,LeftinTimeOut,Right,59,51,52,12,nan,nan,nan
11/4/2025 3:05:31,1.17.2,Bandit100,12,4.09,nan,20,0,100,LeftinTimeOut,Right,59,51,52,12,nan,nan,nan
11/4/2025 3:05:34,1.17.2,Bandit100,12,4.09,nan,20,0,100,RightinTimeout,Right,59,51,52,12,nan,nan,0.00
11/4/2025 3:05:46,1.17.2,Bandit100,12,4.09,nan,20,0,100,Left,Right,60,51,52,12,nan,nan,0.19
11/4/2025 3:05:47,1.17.2,Bandit100,12,4.09,nan,20,0,100,LeftinTimeOut,Right,60,51,52,12,nan,nan,nan
11/4/2025 3:05:56,1.17.2,Bandit100,12,4.09,nan,20,0,100,RightinTimeout,Right,60,51,52,12,nan,nan,0.00
11/4/2025 3:06:21,1.17.2,Bandit100,12,4.09,nan,20,0,100,Left,Right,61,51,52,12,nan,nan,0.12
11/4/2025 3:19:04,1.17.2,Bandit100,12,4.09,nan,20,0,100,Left,Right,62,51,52,12,nan,nan,0.14
11/4/2025 3:41:50,1.17.2,Bandit100,12,4.09,nan,20,0,100,Left,Right,63,51,52,12,nan,nan,0.02
11/4/2025 4:00:23,1.17.2,Bandit100,12,4.08,nan,20,0,100,Left,Right,64,51,52,12,nan,nan,0.28
11/4/2025 4:00:29,1.17.2,Bandit100,12,4.08,nan,20,0,100,LeftinTimeOut,Right,64,51,52,12,nan,nan,nan
11/4/2025 4:00:36,1.17.2,Bandit100,12,4.09,nan,20,0,100,LeftinTimeOut,Right,64,51,52,12,nan,nan,nan
11/4/2025 4:00:36,1.17.2,Bandit100,12,4.09,nan,20,0,100,LeftinTimeOut,Right,64,51,52,12,nan,nan,nan
11/4/2025 4:01:25,1.17.2,Bandit100,12,4.09,nan,20,0,100,Right,Right,64,52,52,12,nan,nan,0.11
11/4/2025 4:01:27,1.17.2,Bandit100,12,4.09,1,20,0,100,Pellet,Right,64,52,53,12,1.01,3415,nan
11/4/2025 4:01:52,1.17.2,Bandit100,12,4.08,nan,20,0,100,Left,Right,65,52,53,13,nan,nan,0.19
11/4/2025 4:01:54,1.17.2,Bandit100,12,4.08,nan,20,0,100,LeftinTimeOut,Right,65,52,53,13,nan,nan,nan
11/4/2025 4:02:06,1.17.2,Bandit100,12,4.09,nan,20,0,100,Left,Right,66,52,53,13,nan,nan,0.41
11/4/2025 4:06:38,1.17.2,Bandit100,12,4.09,nan,20,0,100,Left,Right,67,52,53,13,nan,nan,0.23
11/4/2025 4:06:44,1.17.2,Bandit100,12,4.09,nan,20,0,100,LeftinTimeOut,Right,67,52,53,13,nan,nan,nan
11/4/2025 4:07:40,1.17.2,Bandit100,12,4.08,nan,20,0,100,Left,Right,68,52,53,13,nan,nan,0.24
11/4/2025 4:07:42,1.17.2,Bandit100,12,4.08,nan,20,0,100,RightinTimeout,Right,68,52,53,13,nan,nan,0.00
11/4/2025 4:07:45,1.17.2,Bandit100,12,4.08,nan,20,0,100,RightinTimeout,Right,68,52,53,13,nan,nan,0.00
11/4/2025 4:08:53,1.17.2,Bandit100,12,4.09,nan,20,0,100,Left,Right,69,52,53,13,nan,nan,0.17
11/4/2025 4:08:57,1.17.2,Bandit100,12,4.09,nan,20,0,100,RightinTimeout,Right,69,52,53,13,nan,nan,0.00
11/4/2025 4:08:57,1.17.2,Bandit100,12,4.08,nan,20,0,100,RightinTimeout,Right,69,52,53,13,nan,nan,0.00
11/4/2025 4:09:06,1.17.2,Bandit100,12,4.09,nan,20,0,100,RightinTimeout,Right,69,52,53,13,nan,nan,0.00
11/4/2025 4:09:26,1.17.2,Bandit100,12,4.09,nan,20,0,100,Right,Right,69,53,53,13,nan,nan,0.22
11/4/2025 4:09:31,1.17.2,Bandit100,12,4.09,2,20,0,100,Pellet,Right,69,53,54,13,2.93,484,nan
11/4/2025 4:10:04,1.17.2,Bandit100,12,4.09,nan,20,0,100,Left,Right,70,53,54,14,nan,nan,0.23
11/4/2025 4:10:05,1.17.2,Bandit100,12,4.08,nan,20,0,100,LeftinTimeOut,Right,70,53,54,14,nan,nan,nan
11/4/2025 4:10:11,1.17.2,Bandit100,12,4.09,nan,20,0,100,RightinTimeout,Right,70,53,54,14,nan,nan,0.00
11/4/2025 4:10:21,1.17.2,Bandit100,12,4.08,nan,20,0,100,RightinTimeout,Right,70,53,54,14,nan,nan,0.00
11/4/2025 4:10:21,1.17.2,Bandit100,12,4.08,nan,20,0,100,RightinTimeout,Right,70,53,54,14,nan,nan,0.00
11/4/2025 4:21:28,1.17.2,Bandit100,12,4.09,nan,20,0,100,Left,Right,71,53,54,14,nan,nan,0.02
11/4/2025 4:48:35,1.17.2,Bandit100,12,4.08,nan,20,0,100,Left,Right,72,53,54,14,nan,nan,0.20
11/4/2025 4:48:39,1.17.2,Bandit100,12,4.08,nan,20,0,100,RightinTimeout,Right,72,53,54,14,nan,nan,0.00
11/4/2025 4:48:45,1.17.2,Bandit100,12,4.09,nan,20,0,100,RightinTimeout,Right,72,53,54,14,nan,nan,0.00
11/4/2025 4:48:48,1.17.2,Bandit100,12,4.08,nan,20,0,100,LeftinTimeOut,Right,72,53,54,14,nan,nan,nan
11/4/2025 4:48:52,1.17.2,Bandit100,12,4.09,nan,20,0,100,RightinTimeout,Right,72,53,54,14,nan,nan,0.00
11/4/2025 4:49:00,1.17.2,Bandit100,12,4.08,nan,20,0,100,RightinTimeout,Right,72,53,54,14,nan,nan,0.00
11/4/2025 4:49:00,1.17.2,Bandit100,12,4.09,nan,20,0,100,RightinTimeout,Right,72,53,54,14,nan,nan,0.00
11/4/2025 4:49:02,1.17.2,Bandit100,12,4.08,nan,20,0,100,RightinTimeout,Right,72,53,54,14,nan,nan,0.00
11/4/2025 4:49:03,1.17.2,Bandit100,12,4.08,nan,20,0,100,RightinTimeout,Right,72,53,54,14,nan,nan,0.00
11/4/2025 5:03:28,1.17.2,Bandit100,12,4.09,nan,20,0,100,Left,Right,73,53,54,14,nan,nan,0.18
11/4/2025 5:03:30,1.17.2,Bandit100,12,4.08,nan,20,0,100,RightinTimeout,Right,73,53,54,14,nan,nan,0.00
11/4/2025 5:03:34,1.17.2,Bandit100,12,4.08,nan,20,0,100,LeftinTimeOut,Right,73,53,54,14,nan,nan,nan
11/4/2025 5:03:36,1.17.2,Bandit100,12,4.09,nan,20,0,100,LeftinTimeOut,Right,73,53,54,14,nan,nan,nan
11/4/2025 5:19:42,1.17.2,Bandit100,12,4.08,nan,20,0,100,Right,Right,73,54,54,14,nan,nan,0.45
11/4/2025 5:19:45,1.17.2,Bandit100,12,4.08,1,20,0,100,Pellet,Right,73,54,55,14,1.91,4214,nan
11/4/2025 5:20:09,1.17.2,Bandit100,12,4.09,nan,20,0,100,Right,Right,73,55,55,15,nan,nan,0.17
11/4/2025 5:20:13,1.17.2,Bandit100,12,4.08,1,20,0,100,Pellet,Right,73,55,56,15,3.59,28,nan
11/4/2025 5:20:34,1.17.2,Bandit100,12,4.08,nan,20,0,100,Left,Right,74,55,56,16,nan,nan,0.13
11/4/2025 5:20:40,1.17.2,Bandit100,12,4.08,nan,20,0,100,RightinTimeout,Right,74,55,56,16,nan,nan,0.00
11/4/2025 5:20:44,1.17.2,Bandit100,12,4.08,nan,20,0,100,RightinTimeout,Right,74,55,56,16,nan,nan,0.00
11/4/2025 5:20:44,1.17.2,Bandit100,12,4.08,nan,20,0,100,RightinTimeout,Right,74,55,56,16,nan,nan,0.00
11/4/2025 5:20:45,1.17.2,Bandit100,12,4.08,nan,20,0,100,RightinTimeout,Right,74,55,56,16,nan,nan,0.00
11/4/2025 5:20:48,1.17.2,Bandit100,12,4.08,nan,20,0,100,LeftinTimeOut,Right,74,55,56,16,nan,nan,nan
11/4/2025 5:20:50,1.17.2,Bandit100,12,4.08,nan,20,0,100,LeftinTimeOut,Right,74,55,56,16,nan,nan,nan
11/4/2025 5:20:51,1.17.2,Bandit100,12,4.09,nan,20,0,100,LeftinTimeOut,Right,74,55,56,16,nan,nan,nan
11/4/2025 5:21:17,1.17.2,Bandit100,12,4.08,nan,20,0,100,Right,Right,74,56,56,16,nan,nan,0.51
11/4/2025 5:21:19,1.17.2,Bandit100,12,4.08,1,20,0,100,Pellet,Right,74,56,57,16,1.37,66,nan
11/4/2025 5:21:41,1.17.2,Bandit100,12,4.07,nan,20,0,100,Left,Right,75,56,57,17,nan,nan,0.15
11/4/2025 5:21:51,1.17.2,Bandit100,12,4.08,nan,20,0,100,LeftinTimeOut,Right,75,56,57,17,nan,nan,nan
11/4/2025 5:21:54,1.17.2,Bandit100,12,4.08,nan,20,0,100,RightinTimeout,Right,75,56,57,17,nan,nan,0.00
11/4/2025 5:21:54,1.17.2,Bandit100,12,4.08,nan,20,0,100,RightinTimeout,Right,75,56,57,17,nan,nan,0.00
11/4/2025 5:22:01,1.17.2,Bandit100,12,4.08,nan,20,0,100,LeftinTimeOut,Right,75,56,57,17,nan,nan,nan
11/4/2025 5:22:02,1.17.2,Bandit100,12,4.08,nan,20,0,100,LeftinTimeOut,Right,75,56,57,17,nan,nan,nan
11/4/2025 5:22:04,1.17.2,Bandit100,12,4.08,nan,20,0,100,LeftinTimeOut,Right,75,56,57,17,nan,nan,nan
11/4/2025 5:22:54,1.17.2,Bandit100,12,4.08,nan,20,0,100,Left,Right,76,56,57,17,nan,nan,0.28
11/4/2025 5:26:32,1.17.2,Bandit100,12,4.08,nan,20,0,100,Left,Right,77,56,57,17,nan,nan,0.47
11/4/2025 5:26:48,1.17.2,Bandit100,12,4.08,nan,20,0,100,Left,Right,78,56,57,17,nan,nan,0.19
11/4/2025 5:26:50,1.17.2,Bandit100,12,4.08,nan,20,0,100,LeftinTimeOut,Right,78,56,57,17,nan,nan,nan
11/4/2025 5:26:53,1.17.2,Bandit100,12,4.08,nan,20,0,100,RightinTimeout,Right,78,56,57,17,nan,nan,0.00
11/4/2025 5:26:53,1.17.2,Bandit100,12,4.08,nan,20,0,100,RightinTimeout,Right,78,56,57,17,nan,nan,0.00
11/4/2025 5:26:59,1.17.2,Bandit100,12,4.08,nan,20,0,100,LeftinTimeOut,Right,78,56,57,17,nan,nan,nan
11/4/2025 5:27:00,1.17.2,Bandit100,12,4.08,nan,20,0,100,LeftinTimeOut,Right,78,56,57,17,nan,nan,nan
11/4/2025 5:27:01,1.17.2,Bandit100,12,4.07,nan,20,0,100,LeftinTimeOut,Right,78,56,57,17,nan,nan,nan
11/4/2025 5:27:07,1.17.2,Bandit100,12,4.08,nan,20,0,100,RightinTimeout,Right,78,56,57,17,nan,nan,0.00
11/4/2025 5:36:57,1.17.2,Bandit100,12,4.08,nan,20,0,100,Right,Right,78,57,57,17,nan,nan,0.39
11/4/2025 5:37:02,1.17.2,Bandit100,12,4.08,1,20,0,100,Pellet,Right,78,57,58,17,4.91,943,nan
11/4/2025 5:37:33,1.17.2,Bandit100,12,4.08,nan,20,0,100,Right,Right,78,58,58,18,nan,nan,0.31
11/4/2025 5:37:35,1.17.2,Bandit100,12,4.08,1,20,0,100,Pellet,Right,78,58,59,18,1.91,33,nan
11/4/2025 5:37:44,1.17.2,Bandit100,12,4.08,nan,20,0,100,Right,Right,78,59,59,19,nan,nan,0.01
11/4/2025 5:37:46,1.17.2,Bandit100,12,4.08,1,20,0,100,Pellet,Right,78,59,60,19,1.61,11,nan
11/4/2025 5:38:04,1.17.2,Bandit100,12,4.08,nan,20,100,0,Right,Left,78,60,60,0,nan,nan,0.22
11/4/2025 5:38:12,1.17.2,Bandit100,12,4.07,nan,20,100,0,LeftinTimeOut,Left,78,60,60,0,nan,nan,nan
11/4/2025 5:38:16,1.17.2,Bandit100,12,4.08,nan,20,100,0,RightinTimeout,Left,78,60,60,0,nan,nan,0.00
11/4/2025 5:38:17,1.17.2,Bandit100,12,4.08,nan,20,100,0,RightinTimeout,Left,78,60,60,0,nan,nan,0.00
11/4/2025 9:29:42,1.17.2,Bandit100,12,4.07,nan,20,100,0,Right,Left,78,61,60,0,nan,nan,0.08
11/4/2025 9:35:11,1.17.2,Bandit100,12,4.08,nan,20,100,0,Left,Left,79,61,60,0,nan,nan,0.37
11/4/2025 9:35:17,1.17.2,Bandit100,12,4.07,2,20,100,0,Pellet,Left,79,61,61,0,3.59,14251,nan
11/4/2025 9:35:41,1.17.2,Bandit100,12,4.07,nan,20,100,0,Left,Left,80,61,61,1,nan,nan,0.44
11/4/2025 9:35:44,1.17.2,Bandit100,12,4.07,1,20,100,0,Pellet,Left,80,61,62,1,1.91,27,nan
11/4/2025 9:36:19,1.17.2,Bandit100,12,4.07,nan,20,100,0,Right,Left,80,62,62,2,nan,nan,0.24
11/4/2025 9:36:22,1.17.2,Bandit100,12,4.07,nan,20,100,0,LeftinTimeOut,Left,80,62,62,2,nan,nan,nan
11/4/2025 13:57:48,1.17.2,Bandit100,12,4.06,nan,20,100,0,Right,Left,80,63,62,2,nan,nan,0.11
11/4/2025 13:57:54,1.17.2,Bandit100,12,4.06,nan,20,100,0,RightinTimeout,Left,80,63,62,2,nan,nan,0.00
11/4/2025 13:57:55,1.17.2,Bandit100,12,4.07,nan,20,100,0,RightinTimeout,Left,80,63,62,2,nan,nan,0.00
11/4/2025 13:57:57,1.17.2,Bandit100,12,4.07,nan,20,100,0,LeftinTimeOut,Left,80,63,62,2,nan,nan,nan
11/4/2025 13:58:00,1.17.2,Bandit100,12,4.07,nan,20,100,0,RightinTimeout,Left,80,63,62,2,nan,nan,0.00
11/4/2025 13:58:01,1.17.2,Bandit100,12,4.07,nan,20,100,0,RightinTimeout,Left,80,63,62,2,nan,nan,0.00
11/4/2025 13:58:06,1.17.2,Bandit100,12,4.07,nan,20,100,0,RightinTimeout,Left,80,63,62,2,nan,nan,0.00
11/4/2025 13:58:06,1.17.2,Bandit100,12,4.06,nan,20,100,0,RightinTimeout,Left,80,63,62,2,nan,nan,0.00
11/4/2025 13:58:07,1.17.2,Bandit100,12,4.07,nan,20,100,0,RightinTimeout,Left,80,63,62,2,nan,nan,0.00
11/4/2025 13:58:07,1.17.2,Bandit100,12,4.06,nan,20,100,0,RightinTimeout,Left,80,63,62,2,nan,nan,0.00
11/4/2025 13:58:10,1.17.2,Bandit100,12,4.07,nan,20,100,0,LeftinTimeOut,Left,80,63,62,2,nan,nan,nan
11/4/2025 13:59:03,1.17.2,Bandit100,12,4.06,nan,20,100,0,Left,Left,81,63,62,2,nan,nan,0.03
11/4/2025 13:59:07,1.17.2,Bandit100,12,4.06,1,20,100,0,Pellet,Left,81,63,63,2,3.41,15803,nan
11/4/2025 13:59:34,1.17.2,Bandit100,12,4.07,nan,20,100,0,Right,Left,81,64,63,3,nan,nan,0.20
11/4/2025 13:59:38,1.17.2,Bandit100,12,4.06,nan,20,100,0,RightinTimeout,Left,81,64,63,3,nan,nan,0.00
11/4/2025 14:02:38,1.17.2,Bandit100,12,4.07,nan,20,100,0,Right,Left,81,65,63,3,nan,nan,0.27
11/4/2025 14:02:48,1.17.2,Bandit100,12,4.07,nan,20,100,0,RightinTimeout,Left,81,65,63,3,nan,nan,0.00
11/4/2025 14:02:48,1.17.2,Bandit100,12,4.07,nan,20,100,0,RightinTimeout,Left,81,65,63,3,nan,nan,0.00
11/4/2025 14:03:00,1.17.2,Bandit100,12,4.07,nan,20,100,0,Left,Left,82,65,63,3,nan,nan,0.12
11/4/2025 14:03:03,1.17.2,Bandit100,12,4.07,1,20,100,0,Pellet,Left,82,65,64,3,2.39,236,nan
11/4/2025 14:03:30,1.17.2,Bandit100,12,4.06,nan,20,100,0,Right,Left,82,66,64,4,nan,nan,0.15
11/4/2025 14:03:35,1.17.2,Bandit100,12,4.06,nan,20,100,0,LeftinTimeOut,Left,82,66,64,4,nan,nan,nan
11/4/2025 14:09:32,1.17.2,Bandit100,12,4.07,nan,20,100,0,Left,Left,83,66,64,4,nan,nan,0.43
11/4/2025 14:09:36,1.17.2,Bandit100,12,4.07,1,20,100,0,Pellet,Left,83,66,65,4,2.45,392,nan
11/4/2025 14:09:56,1.17.2,Bandit100,12,4.07,nan,20,100,0,Left,Left,84,66,65,5,nan,nan,0.50
11/4/2025 14:09:58,1.17.2,Bandit100,12,4.07,1,20,100,0,Pellet,Left,84,66,66,5,1.79,23,nan
11/4/2025 14:10:16,1.17.2,Bandit100,12,4.06,nan,20,100,0,Right,Left,84,67,66,6,nan,nan,0.38
11/4/2025 14:10:22,1.17.2,Bandit100,12,4.07,nan,20,100,0,LeftinTimeOut,Left,84,67,66,6,nan,nan,nan
11/4/2025 14:10:25,1.17.2,Bandit100,12,4.06,nan,20,100,0,RightinTimeout,Left,84,67,66,6,nan,nan,0.00
11/4/2025 14:10:25,1.17.2,Bandit100,12,4.07,nan,20,100,0,RightinTimeout,Left,84,67,66,6,nan,nan,0.00
11/4/2025 14:10:26,1.17.2,Bandit100,12,4.06,nan,20,100,0,RightinTimeout,Left,84,67,66,6,nan,nan,0.00
11/4/2025 14:10:27,1.17.2,Bandit100,12,4.07,nan,20,100,0,RightinTimeout,Left,84,67,66,6,nan,nan,0.00
11/4/2025 14:10:27,1.17.2,Bandit100,12,4.06,nan,20,100,0,RightinTimeout,Left,84,67,66,6,nan,nan,0.00
11/4/2025 14:10:28,1.17.2,Bandit100,12,4.07,nan,20,100,0,RightinTimeout,Left,84,67,66,6,nan,nan,0.00
11/4/2025 14:10:28,1.17.2,Bandit100,12,4.06,nan,20,100,0,RightinTimeout,Left,84,67,66,6,nan,nan,0.00
11/4/2025 14:10:28,1.17.2,Bandit100,12,4.07,nan,20,100,0,RightinTimeout,Left,84,67,66,6,nan,nan,0.00
11/4/2025 14:10:30,1.17.2,Bandit100,12,4.06,nan,20,100,0,RightinTimeout,Left,84,67,66,6,nan,nan,0.00
11/4/2025 14:10:31,1.17.2,Bandit100,12,4.06,nan,20,100,0,RightinTimeout,Left,84,67,66,6,nan,nan,0.00
11/4/2025 14:10:31,1.17.2,Bandit100,12,4.07,nan,20,100,0,RightinTimeout,Left,84,67,66,6,nan,nan,0.00
11/4/2025 14:10:32,1.17.2,Bandit100,12,4.07,nan,20,100,0,RightinTimeout,Left,84,67,66,6,nan,nan,0.00
11/4/2025 14:10:33,1.17.2,Bandit100,12,4.07,nan,20,100,0,RightinTimeout,Left,84,67,66,6,nan,nan,0.00
11/4/2025 14:10:34,1.17.2,Bandit100,12,4.07,nan,20,100,0,RightinTimeout,Left,84,67,66,6,nan,nan,0.00
11/4/2025 14:10:34,1.17.2,Bandit100,12,4.07,nan,20,100,0,RightinTimeout,Left,84,67,66,6,nan,nan,0.00
11/4/2025 14:10:35,1.17.2,Bandit100,12,4.07,nan,20,100,0,RightinTimeout,Left,84,67,66,6,nan,nan,0.00
11/4/2025 14:10:35,1.17.2,Bandit100,12,4.06,nan,20,100,0,RightinTimeout,Left,84,67,66,6,nan,nan,0.00
11/4/2025 14:10:39,1.17.2,Bandit100,12,4.07,nan,20,100,0,LeftinTimeOut,Left,84,67,66,6,nan,nan,nan
11/4/2025 14:16:11,1.17.2,Bandit100,12,4.07,nan,20,100,0,Right,Left,84,68,66,6,nan,nan,0.38
11/4/2025 16:38:48,1.17.2,Bandit100,12,4.05,nan,20,100,0,Right,Left,84,69,66,6,nan,nan,0.33
11/4/2025 16:38:51,1.17.2,Bandit100,12,4.06,nan,20,100,0,RightinTimeout,Left,84,69,66,6,nan,nan,0.00
11/4/2025 16:38:52,1.17.2,Bandit100,12,4.06,nan,20,100,0,RightinTimeout,Left,84,69,66,6,nan,nan,0.00
11/4/2025 16:38:52,1.17.2,Bandit100,12,4.06,nan,20,100,0,RightinTimeout,Left,84,69,66,6,nan,nan,0.00
11/4/2025 16:38:56,1.17.2,Bandit100,12,4.06,nan,20,100,0,RightinTimeout,Left,84,69,66,6,nan,nan,0.00
11/4/2025 16:38:56,1.17.2,Bandit100,12,4.06,nan,20,100,0,RightinTimeout,Left,84,69,66,6,nan,nan,0.00
11/4/2025 17:31:43,1.17.2,Bandit100,12,4.06,nan,20,100,0,Left,Left,85,69,66,6,nan,nan,0.36
11/4/2025 17:31:51,1.17.2,Bandit100,12,4.06,1,20,100,0,Pellet,Left,85,69,67,6,6.76,12113,nan
11/4/2025 17:32:13,1.17.2,Bandit100,12,4.06,nan,20,100,0,Left,Left,86,69,67,7,nan,nan,0.04
11/4/2025 17:32:17,1.17.2,Bandit100,12,4.05,2,20,100,0,Pellet,Left,86,69,68,7,1.19,26,nan
11/4/2025 17:32:32,1.17.2,Bandit100,12,4.06,nan,20,100,0,Right,Left,86,70,68,8,nan,nan,0.28
11/4/2025 17:32:34,1.17.2,Bandit100,12,4.06,nan,20,100,0,RightinTimeout,Left,86,70,68,8,nan,nan,0.00
11/4/2025 17:32:39,1.17.2,Bandit100,12,4.05,nan,20,100,0,RightinTimeout,Left,86,70,68,8,nan,nan,0.00
11/4/2025 17:32:41,1.17.2,Bandit100,12,4.06,nan,20,100,0,RightinTimeout,Left,86,70,68,8,nan,nan,0.00
11/4/2025 17:32:44,1.17.2,Bandit100,12,4.06,nan,20,100,0,LeftinTimeOut,Left,86,70,68,8,nan,nan,nan
11/4/2025 17:32:45,1.17.2,Bandit100,12,4.05,nan,20,100,0,LeftinTimeOut,Left,86,70,68,8,nan,nan,nan
11/4/2025 17:32:47,1.17.2,Bandit100,12,4.05,nan,20,100,0,LeftinTimeOut,Left,86,70,68,8,nan,nan,nan
11/4/2025 17:32:48,1.17.2,Bandit100,12,4.05,nan,20,100,0,LeftinTimeOut,Left,86,70,68,8,nan,nan,nan
11/4/2025 17:33:38,1.17.2,Bandit100,12,4.06,nan,20,100,0,Left,Left,87,70,68,8,nan,nan,0.28
11/4/2025 17:33:42,1.17.2,Bandit100,12,4.06,1,20,100,0,Pellet,Left,87,70,69,8,3.47,85,nan
11/4/2025 17:34:00,1.17.2,Bandit100,12,4.06,nan,20,100,0,Left,Left,88,70,69,9,nan,nan,0.17
11/4/2025 17:34:02,1.17.2,Bandit100,12,4.05,1,20,100,0,Pellet,Left,88,70,70,9,0.89,20,nan
11/4/2025 17:34:15,1.17.2,Bandit100,12,4.06,nan,20,100,0,Right,Left,88,71,70,10,nan,nan,0.01
11/4/2025 17:34:17,1.17.2,Bandit100,12,4.06,nan,20,100,0,RightinTimeout,Left,88,71,70,10,nan,nan,0.00
11/4/2025 17:34:18,1.17.2,Bandit100,12,4.06,nan,20,100,0,RightinTimeout,Left,88,71,70,10,nan,nan,0.00
11/4/2025 17:34:22,1.17.2,Bandit100,12,4.06,nan,20,100,0,LeftinTimeOut,Left,88,71,70,10,nan,nan,nan
11/4/2025 17:34:25,1.17.2,Bandit100,12,4.06,nan,20,100,0,LeftinTimeOut,Left,88,71,70,10,nan,nan,nan
11/4/2025 17:34:27,1.17.2,Bandit100,12,4.05,nan,20,100,0,RightinTimeout,Left,88,71,70,10,nan,nan,0.00
11/4/2025 17:36:06,1.17.2,Bandit100,12,4.05,nan,20,100,0,Left,Left,89,71,70,10,nan,nan,0.36
11/4/2025 17:36:08,1.17.2,Bandit100,12,4.06,1,20,100,0,Pellet,Left,89,71,71,10,1.73,126,nan
11/4/2025 17:36:23,1.17.2,Bandit100,12,4.06,nan,20,100,0,Right,Left,89,72,71,11,nan,nan,0.05
11/4/2025 17:36:26,1.17.2,Bandit100,12,4.06,nan,20,100,0,RightinTimeout,Left,89,72,71,11,nan,nan,0.00
11/4/2025 17:37:15,1.17.2,Bandit100,12,4.06,nan,20,100,0,Left,Left,90,72,71,11,nan,nan,0.33
11/4/2025 17:37:19,1.17.2,Bandit100,12,4.05,1,20,100,0,Pellet,Left,90,72,72,11,3.46,71,nan
11/4/2025 17:37:30,1.17.2,Bandit100,12,4.06,nan,20,100,0,Left,Left,91,72,72,12,nan,nan,0.60
11/4/2025 17:37:34,1.17.2,Bandit100,12,4.05,1,20,100,0,Pellet,Left,91,72,73,12,3.29,15,nan
11/4/2025 17:37:58,1.17.2,Bandit100,12,4.05,nan,20,100,0,Right,Left,91,73,73,13,nan,nan,0.42
11/4/2025 17:37:59,1.17.2,Bandit100,12,4.05,nan,20,100,0,RightinTimeout,Left,91,73,73,13,nan,nan,0.00
11/4/2025 17:38:04,1.17.2,Bandit100,12,4.06,nan,20,100,0,LeftinTimeOut,Left,91,73,73,13,nan,nan,nan
11/4/2025 17:38:06,1.17.2,Bandit100,12,4.06,nan,20,100,0,LeftinTimeOut,Left,91,73,73,13,nan,nan,nan
11/4/2025 17:38:30,1.17.2,Bandit100,12,4.05,nan,20,100,0,Left,Left,92,73,73,13,nan,nan,0.19
11/4/2025 17:38:32,1.17.2,Bandit100,12,4.06,1,20,100,0,Pellet,Left,92,73,74,13,1.43,58,nan
11/4/2025 17:38:47,1.17.2,Bandit100,12,4.05,nan,20,100,0,Left,Left,93,73,74,14,nan,nan,0.10
11/4/2025 17:38:53,1.17.2,Bandit100,12,4.06,2,20,100,0,Pellet,Left,93,73,75,14,3.05,21,nan
11/4/2025 17:39:09,1.17.2,Bandit100,12,4.06,nan,20,100,0,Right,Left,93,74,75,15,nan,nan,0.13
11/4/2025 17:39:10,1.17.2,Bandit100,12,4.06,nan,20,100,0,RightinTimeout,Left,93,74,75,15,nan,nan,0.00
11/4/2025 17:39:14,1.17.2,Bandit100,12,4.07,nan,20,100,0,LeftinTimeOut,Left,93,74,75,15,nan,nan,nan
11/4/2025 17:39:15,1.17.2,Bandit100,12,4.05,nan,20,100,0,LeftinTimeOut,Left,93,74,75,15,nan,nan,nan
11/4/2025 17:42:31,1.17.2,Bandit100,12,4.06,nan,20,100,0,Left,Left,94,74,75,15,nan,nan,0.34
11/4/2025 17:42:37,1.17.2,Bandit100,12,4.07,1,20,100,0,Pellet,Left,94,74,76,15,4.84,224,nan
11/4/2025 17:42:53,1.17.2,Bandit100,12,4.06,nan,20,100,0,Left,Left,95,74,76,16,nan,nan,0.14
11/4/2025 17:42:55,1.17.2,Bandit100,12,4.06,1,20,100,0,Pellet,Left,95,74,77,16,0.89,18,nan
11/4/2025 17:43:27,1.17.2,Bandit100,12,4.05,nan,20,100,0,Left,Left,96,74,77,17,nan,nan,0.12
11/4/2025 17:43:28,1.17.2,Bandit100,12,4.05,1,20,100,0,Pellet,Left,96,74,78,17,0.53,33,nan
11/4/2025 17:43:41,1.17.2,Bandit100,12,4.05,nan,20,100,0,Right,Left,96,75,78,18,nan,nan,0.05
11/4/2025 17:43:43,1.17.2,Bandit100,12,4.06,nan,20,100,0,RightinTimeout,Left,96,75,78,18,nan,nan,0.00
11/4/2025 18:24:36,1.17.2,Bandit100,12,4.05,nan,20,100,0,Right,Left,96,76,78,18,nan,nan,0.07
11/4/2025 18:25:17,1.17.2,Bandit100,12,4.06,nan,20,100,0,Right,Left,96,77,78,18,nan,nan,0.04
11/4/2025 18:25:18,1.17.2,Bandit100,12,4.05,nan,20,100,0,RightinTimeout,Left,96,77,78,18,nan,nan,0.00
11/4/2025 18:27:03,1.17.2,Bandit100,12,4.05,nan,20,100,0,Left,Left,97,77,78,18,nan,nan,0.08
11/4/2025 18:27:08,1.17.2,Bandit100,12,4.05,1,20,100,0,Pellet,Left,97,77,79,18,4.12,2620,nan
11/4/2025 18:27:34,1.17.2,Bandit100,12,4.06,nan,20,100,0,Left,Left,98,77,79,19,nan,nan,0.32
11/4/2025 18:27:37,1.17.2,Bandit100,12,4.05,1,20,100,0,Pellet,Left,98,77,80,19,1.37,28,nan
11/4/2025 18:27:53,1.17.2,Bandit100,12,4.05,nan,20,0,100,Left,Right,99,77,80,0,nan,nan,0.21
11/4/2025 18:28:54,1.17.2,Bandit100,12,4.06,nan,20,0,100,Left,Right,100,77,80,0,nan,nan,0.07
11/4/2025 18:29:23,1.17.2,Bandit100,12,4.06,nan,20,0,100,Left,Right,101,77,80,0,nan,nan,0.02
11/4/2025 18:31:44,1.17.2,Bandit100,12,4.05,nan,20,0,100,Right,Right,101,78,80,0,nan,nan,0.22
11/4/2025 18:31:46,1.17.2,Bandit100,12,4.05,1,20,0,100,Pellet,Right,101,78,81,0,1.61,250,nan
11/4/2025 18:32:00,1.17.2,Bandit100,12,4.05,nan,20,0,100,Right,Right,101,79,81,1,nan,nan,0.30
11/4/2025 18:32:06,1.17.2,Bandit100,12,4.06,2,20,0,100,Pellet,Right,101,79,82,1,3.40,20,nan
11/4/2025 18:32:24,1.17.2,Bandit100,12,4.05,nan,20,0,100,Right,Right,101,80,82,2,nan,nan,0.47
11/4/2025 18:32:27,1.17.2,Bandit100,12,4.06,1,20,0,100,Pellet,Right,101,80,83,2,2.09,20,nan
11/4/2025 18:33:09,1.17.2,Bandit100,12,4.05,nan,20,0,100,Right,Right,101,81,83,3,nan,nan,0.02
11/4/2025 18:33:10,1.17.2,Bandit100,12,4.06,nan,20,0,100,RightDuringDispense,Right,101,81,83,3,nan,nan,0.02
11/4/2025 18:33:14,1.17.2,Bandit100,12,4.06,2,20,0,100,Pellet,Right,101,81,84,3,1.61,48,nan
11/4/2025 18:33:25,1.17.2,Bandit100,12,4.05,nan,20,0,100,Right,Right,101,82,84,4,nan,nan,0.03
11/4/2025 18:33:27,1.17.2,Bandit100,12,4.06,1,20,0,100,Pellet,Right,101,82,85,4,1.73,13,nan
11/4/2025 18:33:42,1.17.2,Bandit100,12,4.05,nan,20,0,100,Right,Right,101,83,85,5,nan,nan,0.08
11/4/2025 18:33:48,1.17.2,Bandit100,12,4.05,1,20,0,100,Pellet,Right,101,83,86,5,5.26,21,nan
11/4/2025 18:34:01,1.17.2,Bandit100,12,4.05,nan,20,0,100,Right,Right,101,84,86,6,nan,nan,0.30
11/4/2025 18:34:04,1.17.2,Bandit100,12,4.05,1,20,0,100,Pellet,Right,101,84,87,6,2.69,16,nan
11/4/2025 18:34:15,1.17.2,Bandit100,12,4.05,nan,20,0,100,Left,Right,102,84,87,7,nan,nan,0.04
11/4/2025 18:34:21,1.17.2,Bandit100,12,4.06,nan,20,0,100,LeftinTimeOut,Right,102,84,87,7,nan,nan,nan
11/4/2025 18:34:25,1.17.2,Bandit100,12,4.06,nan,20,0,100,RightinTimeout,Right,102,84,87,7,nan,nan,0.00
11/4/2025 18:34:25,1.17.2,Bandit100,12,4.05,nan,20,0,100,RightinTimeout,Right,102,84,87,7,nan,nan,0.00
11/4/2025 18:35:03,1.17.2,Bandit100,12,4.06,nan,20,0,100,Right,Right,102,85,87,7,nan,nan,0.24
11/4/2025 18:35:05,1.17.2,Bandit100,12,4.05,1,20,0,100,Pellet,Right,102,85,88,7,0.77,61,nan
11/4/2025 18:36:41,1.17.2,Bandit100,12,4.05,nan,20,0,100,Left,Right,103,85,88,8,nan,nan,0.30
11/4/2025 18:36:43,1.17.2,Bandit100,12,4.05,nan,20,0,100,LeftinTimeOut,Right,103,85,88,8,nan,nan,nan
11/4/2025 18:37:01,1.17.2,Bandit100,12,4.05,nan,20,0,100,Right,Right,103,86,88,8,nan,nan,0.19
11/4/2025 18:37:05,1.17.2,Bandit100,12,4.06,2,20,0,100,Pellet,Right,103,86,89,8,0.95,120,nan
11/4/2025 18:37:21,1.17.2,Bandit100,12,4.05,nan,20,0,100,Right,Right,103,87,89,9,nan,nan,0.02
11/4/2025 18:37:24,1.17.2,Bandit100,12,4.06,1,20,0,100,Pellet,Right,103,87,90,9,1.67,19,nan
11/4/2025 18:37:35,1.17.2,Bandit100,12,4.05,nan,20,0,100,Right,Right,103,88,90,10,nan,nan,0.31
11/4/2025 18:37:37,1.17.2,Bandit100,12,4.05,1,20,0,100,Pellet,Right,103,88,91,10,1.49,13,nan
11/4/2025 18:37:45,1.17.2,Bandit100,12,4.05,nan,20,0,100,Right,Right,103,89,91,11,nan,nan,0.16
11/4/2025 18:37:47,1.17.2,Bandit100,12,4.05,1,20,0,100,Pellet,Right,103,89,92,11,1.01,10,nan
11/4/2025 18:39:05,1.17.2,Bandit100,12,4.06,nan,20,0,100,Right,Right,103,90,92,12,nan,nan,0.09
11/4/2025 18:39:06,1.17.2,Bandit100,12,4.05,1,20,0,100,Pellet,Right,103,90,93,12,0.77,79,nan
11/4/2025 18:39:14,1.17.2,Bandit100,12,4.06,nan,20,0,100,Right,Right,103,91,93,13,nan,nan,0.27
11/4/2025 18:39:15,1.17.2,Bandit100,12,4.06,1,20,0,100,Pellet,Right,103,91,94,13,1.25,9,nan
11/4/2025 18:39:24,1.17.2,Bandit100,12,4.05,nan,20,0,100,Right,Right,103,92,94,14,nan,nan,0.01
11/4/2025 18:39:26,1.17.2,Bandit100,12,4.06,1,20,0,100,Pellet,Right,103,92,95,14,1.01,11,nan
11/4/2025 18:39:52,1.17.2,Bandit100,12,4.05,nan,20,0,100,Right,Right,103,93,95,15,nan,nan,0.04
11/4/2025 18:39:57,1.17.2,Bandit100,12,4.05,2,20,0,100,Pellet,Right,103,93,96,15,1.91,31,nan
11/4/2025 18:45:55,1.17.2,Bandit100,12,4.05,nan,20,0,100,Right,Right,103,94,96,16,nan,nan,0.12
11/4/2025 18:45:58,1.17.2,Bandit100,12,4.06,1,20,0,100,Pellet,Right,103,94,97,16,2.33,361,nan
11/4/2025 18:53:30,1.17.2,Bandit100,12,4.05,nan,20,0,100,Left,Right,104,94,97,17,nan,nan,0.35
11/4/2025 18:53:31,1.17.2,Bandit100,12,4.06,nan,20,0,100,LeftinTimeOut,Right,104,94,97,17,nan,nan,nan
11/4/2025 18:53:33,1.17.2,Bandit100,12,4.06,nan,20,0,100,LeftinTimeOut,Right,104,94,97,17,nan,nan,nan
11/4/2025 18:56:48,1.17.2,Bandit100,12,4.06,nan,20,0,100,Left,Right,105,94,97,17,nan,nan,0.11
11/4/2025 19:01:41,1.17.2,Bandit100,12,4.05,nan,20,0,100,Left,Right,106,94,97,17,nan,nan,0.28
11/4/2025 19:01:43,1.17.2,Bandit100,12,4.05,nan,20,0,100,RightinTimeout,Right,106,94,97,17,nan,nan,0.00
11/4/2025 19:01:43,1.17.2,Bandit100,12,4.05,nan,20,0,100,RightinTimeout,Right,106,94,97,17,nan,nan,0.00
11/4/2025 19:01:43,1.17.2,Bandit100,12,4.05,nan,20,0,100,RightinTimeout,Right,106,94,97,17,nan,nan,0.00
11/4/2025 19:01:44,1.17.2,Bandit100,12,4.05,nan,20,0,100,RightinTimeout,Right,106,94,97,17,nan,nan,0.00
11/4/2025 19:01:45,1.17.2,Bandit100,12,4.05,nan,20,0,100,RightinTimeout,Right,106,94,97,17,nan,nan,0.00
11/4/2025 19:01:46,1.17.2,Bandit100,12,4.05,nan,20,0,100,RightinTimeout,Right,106,94,97,17,nan,nan,0.00
11/4/2025 19:10:12,1.17.2,Bandit100,12,4.05,nan,20,0,100,Right,Right,106,95,97,17,nan,nan,0.28
11/4/2025 19:10:15,1.17.2,Bandit100,12,4.05,1,20,0,100,Pellet,Right,106,95,98,17,2.56,1457,nan
11/4/2025 19:16:20,1.17.2,Bandit100,12,4.05,nan,20,0,100,Right,Right,106,96,98,18,nan,nan,0.02
11/4/2025 19:16:31,1.17.2,Bandit100,12,4.05,1,20,0,100,Pellet,Right,106,96,99,18,9.82,376,nan
11/4/2025 19:19:58,1.17.2,Bandit100,12,4.05,nan,20,0,100,Right,Right,106,97,99,19,nan,nan,0.21
11/4/2025 19:20:01,1.17.2,Bandit100,12,4.05,2,20,0,100,Pellet,Right,106,97,100,19,0.89,210,nan
11/4/2025 19:20:14,1.17.2,Bandit100,12,4.05,nan,20,100,0,Right,Left,106,98,100,0,nan,nan,0.07
11/4/2025 19:20:20,1.17.2,Bandit100,12,4.06,nan,20,100,0,RightinTimeout,Left,106,98,100,0,nan,nan,0.00
11/4/2025 19:20:21,1.17.2,Bandit100,12,4.05,nan,20,100,0,RightinTimeout,Left,106,98,100,0,nan,nan,0.00
11/4/2025 19:20:21,1.17.2,Bandit100,12,4.05,nan,20,100,0,RightinTimeout,Left,106,98,100,0,nan,nan,0.00
11/4/2025 19:20:21,1.17.2,Bandit100,12,4.05,nan,20,100,0,RightinTimeout,Left,106,98,100,0,nan,nan,0.00
11/4/2025 19:20:25,1.17.2,Bandit100,12,4.05,nan,20,100,0,RightinTimeout,Left,106,98,100,0,nan,nan,0.00
11/4/2025 19:20:26,1.17.2,Bandit100,12,4.05,nan,20,100,0,RightinTimeout,Left,106,98,100,0,nan,nan,0.00
11/4/2025 19:20:28,1.17.2,Bandit100,12,4.05,nan,20,100,0,LeftinTimeOut,Left,106,98,100,0,nan,nan,nan
11/4/2025 19:23:40,1.17.2,Bandit100,12,4.05,nan,20,100,0,Left,Left,107,98,100,0,nan,nan,0.21
11/4/2025 19:23:44,1.17.2,Bandit100,12,4.06,1,20,100,0,Pellet,Left,107,98,101,0,2.87,222,nan
11/4/2025 19:23:56,1.17.2,Bandit100,12,4.05,nan,20,100,0,Right,Left,107,99,101,1,nan,nan,0.15
11/4/2025 19:25:46,1.17.2,Bandit100,12,4.05,nan,20,100,0,Left,Left,108,99,101,1,nan,nan,0.21
11/4/2025 19:25:51,1.17.2,Bandit100,12,4.06,2,20,100,0,Pellet,Left,108,99,102,1,2.03,128,nan
11/4/2025 19:25:59,1.17.2,Bandit100,12,4.05,nan,20,100,0,Left,Left,109,99,102,2,nan,nan,0.27
11/4/2025 19:26:02,1.17.2,Bandit100,12,4.05,1,20,100,0,Pellet,Left,109,99,103,2,2.51,11,nan
11/4/2025 19:26:43,1.17.2,Bandit100,12,4.05,nan,20,100,0,Right,Left,109,100,103,3,nan,nan,0.26
11/4/2025 19:26:43,1.17.2,Bandit100,12,4.05,nan,20,100,0,RightinTimeout,Left,109,100,103,3,nan,nan,0.00
11/4/2025 19:26:45,1.17.2,Bandit100,12,4.05,nan,20,100,0,RightinTimeout,Left,109,100,103,3,nan,nan,0.00
11/4/2025 19:26:46,1.17.2,Bandit100,12,4.05,nan,20,100,0,RightinTimeout,Left,109,100,103,3,nan,nan,0.00
11/4/2025 19:26:46,1.17.2,Bandit100,12,4.05,nan,20,100,0,RightinTimeout,Left,109,100,103,3,nan,nan,0.00
11/4/2025 19:26:49,1.17.2,Bandit100,12,4.05,nan,20,100,0,LeftinTimeOut,Left,109,100,103,3,nan,nan,nan
11/4/2025 19:26:51,1.17.2,Bandit100,12,4.06,nan,20,100,0,RightinTimeout,Left,109,100,103,3,nan,nan,0.00
11/4/2025 19:26:52,1.17.2,Bandit100,12,4.05,nan,20,100,0,RightinTimeout,Left,109,100,103,3,nan,nan,0.00
11/4/2025 19:26:53,1.17.2,Bandit100,12,4.05,nan,20,100,0,RightinTimeout,Left,109,100,103,3,nan,nan,0.00
11/4/2025 19:26:53,1.17.2,Bandit100,12,4.05,nan,20,100,0,RightinTimeout,Left,109,100,103,3,nan,nan,0.00
11/4/2025 19:26:54,1.17.2,Bandit100,12,4.05,nan,20,100,0,RightinTimeout,Left,109,100,103,3,nan,nan,0.00
11/4/2025 19:26:55,1.17.2,Bandit100,12,4.05,nan,20,100,0,RightinTimeout,Left,109,100,103,3,nan,nan,0.00
11/4/2025 19:27:31,1.17.2,Bandit100,12,4.05,nan,20,100,0,Left,Left,110,100,103,3,nan,nan,0.06
11/4/2025 19:27:34,1.17.2,Bandit100,12,4.05,1,20,100,0,Pellet,Left,110,100,104,3,1.37,91,nan
11/4/2025 19:30:33,1.17.2,Bandit100,12,4.05,nan,20,100,0,Right,Left,110,101,104,4,nan,nan,0.08
11/4/2025 19:36:32,1.17.2,Bandit100,12,4.05,nan,20,100,0,Right,Left,110,102,104,4,nan,nan,0.08
11/4/2025 19:38:13,1.17.2,Bandit100,12,4.05,nan,20,100,0,Left,Left,111,102,104,4,nan,nan,0.17
11/4/2025 19:38:15,1.17.2,Bandit100,12,4.05,1,20,100,0,Pellet,Left,111,102,105,4,1.13,642,nan
11/4/2025 19:38:41,1.17.2,Bandit100,12,4.05,nan,20,100,0,Left,Left,112,102,105,5,nan,nan,0.01
11/4/2025 19:38:43,1.17.2,Bandit100,12,4.05,1,20,100,0,Pellet,Left,112,102,106,5,0.95,28,nan
11/4/2025 19:40:09,1.17.2,Bandit100,12,4.05,nan,20,100,0,Right,Left,112,103,106,6,nan,nan,0.07
11/4/2025 19:46:31,1.17.2,Bandit100,12,4.05,nan,20,100,0,Left,Left,113,103,106,6,nan,nan,0.39
11/4/2025 19:46:33,1.17.2,Bandit100,12,4.05,1,20,100,0,Pellet,Left,113,103,107,6,1.55,470,nan
11/4/2025 19:46:45,1.17.2,Bandit100,12,4.06,nan,20,100,0,Right,Left,113,104,107,7,nan,nan,0.18
11/4/2025 19:46:46,1.17.2,Bandit100,12,4.05,nan,20,100,0,RightinTimeout,Left,113,104,107,7,nan,nan,0.00
11/4/2025 19:47:46,1.17.2,Bandit100,12,4.05,nan,20,100,0,Left,Left,114,104,107,7,nan,nan,0.28
11/4/2025 19:47:48,1.17.2,Bandit100,12,4.05,1,20,100,0,Pellet,Left,114,104,108,7,0.77,75,nan
11/4/2025 19:48:03,1.17.2,Bandit100,12,4.05,nan,20,100,0,Right,Left,114,105,108,8,nan,nan,0.13
11/4/2025 19:49:41,1.17.2,Bandit100,12,4.05,nan,20,100,0,Right,Left,114,106,108,8,nan,nan,0.21
11/4/2025 19:49:43,1.17.2,Bandit100,12,4.05,nan,20,100,0,RightinTimeout,Left,114,106,108,8,nan,nan,0.00
11/4/2025 19:50:01,1.17.2,Bandit100,12,4.05,nan,20,100,0,Left,Left,115,106,108,8,nan,nan,0.28
11/4/2025 19:50:05,1.17.2,Bandit100,12,4.05,2,20,100,0,Pellet,Left,115,106,109,8,1.79,137,nan
11/4/2025 19:52:47,1.17.2,Bandit100,12,4.06,nan,20,100,0,Right,Left,115,107,109,9,nan,nan,0.02
11/4/2025 19:54:15,1.17.2,Bandit100,12,4.05,nan,20,100,0,Left,Left,116,107,109,9,nan,nan,0.31
11/4/2025 19:54:16,1.17.2,Bandit100,12,4.05,1,20,100,0,Pellet,Left,116,107,110,9,1.01,251,nan
11/4/2025 19:54:24,1.17.2,Bandit100,12,4.05,nan,20,100,0,Left,Left,117,107,110,10,nan,nan,0.09
11/4/2025 19:54:27,1.17.2,Bandit100,12,4.05,1,20,100,0,Pellet,Left,117,107,111,10,2.68,11,nan
11/4/2025 19:54:38,1.17.2,Bandit100,12,4.05,nan,20,100,0,Right,Left,117,108,111,11,nan,nan,0.18
11/4/2025 19:58:43,1.17.2,Bandit100,12,4.05,nan,20,100,0,Left,Left,118,108,111,11,nan,nan,0.34
11/4/2025 19:58:46,1.17.2,Bandit100,12,4.05,1,20,100,0,Pellet,Left,118,108,112,11,2.92,259,nan
11/4/2025 19:58:54,1.17.2,Bandit100,12,4.05,nan,20,100,0,Left,Left,119,108,112,12,nan,nan,0.02
11/4/2025 19:58:55,1.17.2,Bandit100,12,4.05,nan,20,100,0,LeftWithPellet,Left,119,108,112,12,nan,nan,0.40
11/4/2025 19:58:57,1.17.2,Bandit100,12,4.05,1,20,100,0,Pellet,Left,119,108,113,12,2.92,11,nan
11/4/2025 19:59:10,1.17.2,Bandit100,12,4.05,nan,20,100,0,Left,Left,120,108,113,13,nan,nan,0.41
11/4/2025 19:59:11,1.17.2,Bandit100,12,4.05,nan,20,100,0,LeftDuringDispense,Left,120,108,113,13,nan,nan,0.03
11/4/2025 19:59:16,1.17.2,Bandit100,12,4.05,2,20,100,0,Pellet,Left,120,108,114,13,2.03,19,nan
11/4/2025 19:59:26,1.17.2,Bandit100,12,4.05,nan,20,100,0,Left,Left,121,108,114,14,nan,nan,0.18
11/4/2025 19:59:29,1.17.2,Bandit100,12,4.05,1,20,100,0,Pellet,Left,121,108,115,14,2.27,13,nan
11/4/2025 19:59:44,1.17.2,Bandit100,12,4.05,nan,20,100,0,Left,Left,122,108,115,15,nan,nan,0.03
11/4/2025 19:59:48,1.17.2,Bandit100,12,4.05,2,20,100,0,Pellet,Left,122,108,116,15,0.83,19,nan
11/4/2025 19:59:54,1.17.2,Bandit100,12,4.05,nan,20,100,0,Right,Left,122,109,116,16,nan,nan,0.00
11/4/2025 19:59:55,1.17.2,Bandit100,12,4.05,nan,20,100,0,RightinTimeout,Left,122,109,116,16,nan,nan,0.00
11/4/2025 19:59:56,1.17.2,Bandit100,12,4.06,nan,20,100,0,RightinTimeout,Left,122,109,116,16,nan,nan,0.00
11/4/2025 19:59:58,1.17.2,Bandit100,12,4.05,nan,20,100,0,LeftinTimeOut,Left,122,109,116,16,nan,nan,nan
11/4/2025 19:59:59,1.17.2,Bandit100,12,4.05,nan,20,100,0,LeftinTimeOut,Left,122,109,116,16,nan,nan,nan
11/4/2025 20:00:01,1.17.2,Bandit100,12,4.05,nan,20,100,0,LeftinTimeOut,Left,122,109,116,16,nan,nan,nan
11/4/2025 20:00:11,1.17.2,Bandit100,12,4.05,nan,20,100,0,Right,Left,122,110,116,16,nan,nan,0.21
11/4/2025 20:00:13,1.17.2,Bandit100,12,4.05,nan,20,100,0,RightinTimeout,Left,122,110,116,16,nan,nan,0.00
11/4/2025 20:00:13,1.17.2,Bandit100,12,4.05,nan,20,100,0,RightinTimeout,Left,122,110,116,16,nan,nan,0.00
11/4/2025 20:00:14,1.17.2,Bandit100,12,4.05,nan,20,100,0,RightinTimeout,Left,122,110,116,16,nan,nan,0.00
11/4/2025 20:00:15,1.17.2,Bandit100,12,4.05,nan,20,100,0,RightinTimeout,Left,122,110,116,16,nan,nan,0.00
11/4/2025 20:00:15,1.17.2,Bandit100,12,4.05,nan,20,100,0,RightinTimeout,Left,122,110,116,16,nan,nan,0.00
11/4/2025 20:00:16,1.17.2,Bandit100,12,4.05,nan,20,100,0,RightinTimeout,Left,122,110,116,16,nan,nan,0.00
11/4/2025 20:00:16,1.17.2,Bandit100,12,4.05,nan,20,100,0,RightinTimeout,Left,122,110,116,16,nan,nan,0.00
11/4/2025 20:00:36,1.17.2,Bandit100,12,4.05,nan,20,100,0,Left,Left,123,110,116,16,nan,nan,0.59
11/4/2025 20:00:39,1.17.2,Bandit100,12,4.05,1,20,100,0,Pellet,Left,123,110,117,16,2.03,51,nan
11/4/2025 20:00:50,1.17.2,Bandit100,12,4.05,nan,20,100,0,Left,Left,124,110,117,17,nan,nan,0.52
11/4/2025 20:00:52,1.17.2,Bandit100,12,4.05,1,20,100,0,Pellet,Left,124,110,118,17,1.31,13,nan
11/4/2025 20:00:59,1.17.2,Bandit100,12,4.06,nan,20,100,0,Left,Left,125,110,118,18,nan,nan,0.10
11/4/2025 20:01:00,1.17.2,Bandit100,12,4.06,nan,20,100,0,LeftDuringDispense,Left,125,110,118,18,nan,nan,0.02
11/4/2025 20:01:05,1.17.2,Bandit100,12,4.05,2,20,100,0,Pellet,Left,125,110,119,18,2.09,13,nan
11/4/2025 20:01:11,1.17.2,Bandit100,12,4.05,nan,20,100,0,Left,Left,126,110,119,19,nan,nan,0.07
11/4/2025 20:01:17,1.17.2,Bandit100,12,4.06,1,20,100,0,Pellet,Left,126,110,120,19,4.90,12,nan
11/4/2025 20:01:24,1.17.2,Bandit100,12,4.05,nan,20,0,100,Left,Right,127,110,120,0,nan,nan,0.15
11/4/2025 20:01:27,1.17.2,Bandit100,12,4.05,nan,20,0,100,LeftinTimeOut,Right,127,110,120,0,nan,nan,nan
11/4/2025 20:01:28,1.17.2,Bandit100,12,4.06,nan,20,0,100,LeftinTimeOut,Right,127,110,120,0,nan,nan,nan
11/4/2025 20:01:37,1.17.2,Bandit100,12,4.05,nan,20,0,100,LeftinTimeOut,Right,127,110,120,0,nan,nan,nan
11/4/2025 20:02:35,1.17.2,Bandit100,12,4.05,nan,20,0,100,Left,Right,128,110,120,0,nan,nan,0.29
11/4/2025 20:03:10,1.17.2,Bandit100,12,4.05,nan,20,0,100,Right,Right,128,111,120,0,nan,nan,0.09
11/4/2025 20:03:10,1.17.2,Bandit100,12,4.05,nan,20,0,100,RightDuringDispense,Right,128,111,120,0,nan,nan,0.09
11/4/2025 20:03:16,1.17.2,Bandit100,12,4.05,2,20,0,100,Pellet,Right,128,111,121,0,2.75,119,nan
11/4/2025 20:09:32,1.17.2,Bandit100,12,4.05,nan,20,0,100,Right,Right,128,112,121,1,nan,nan,0.05
11/4/2025 20:09:36,1.17.2,Bandit100,12,4.05,1,20,0,100,Pellet,Right,128,112,122,1,2.87,380,nan
11/4/2025 20:11:35,1.17.2,Bandit100,12,4.06,nan,20,0,100,Left,Right,129,112,122,2,nan,nan,0.10
11/4/2025 20:28:58,1.17.2,Bandit100,12,4.05,nan,20,0,100,Left,Right,130,112,122,2,nan,nan,0.04
11/4/2025 20:31:01,1.17.2,Bandit100,12,4.05,nan,20,0,100,Right,Right,130,113,122,2,nan,nan,0.17
11/4/2025 20:31:07,1.17.2,Bandit100,12,4.05,2,20,0,100,Pellet,Right,130,113,123,2,3.23,1291,nan
11/4/2025 20:31:17,1.17.2,Bandit100,12,4.05,nan,20,0,100,Right,Right,130,114,123,3,nan,nan,0.09
11/4/2025 20:31:21,1.17.2,Bandit100,12,4.05,2,20,0,100,Pellet,Right,130,114,124,3,1.37,14,nan
11/4/2025 20:31:32,1.17.2,Bandit100,12,4.06,nan,20,0,100,Right,Right,130,115,124,4,nan,nan,0.23
11/4/2025 20:31:34,1.17.2,Bandit100,12,4.05,1,20,0,100,Pellet,Right,130,115,125,4,1.31,13,nan
11/4/2025 20:31:45,1.17.2,Bandit100,12,4.05,nan,20,0,100,Right,Right,130,116,125,5,nan,nan,0.34
11/4/2025 20:31:48,1.17.2,Bandit100,12,4.05,1,20,0,100,Pellet,Right,130,116,126,5,1.61,13,nan
11/4/2025 20:31:54,1.17.2,Bandit100,12,4.05,nan,20,0,100,Left,Right,131,116,126,6,nan,nan,0.10
11/4/2025 20:31:56,1.17.2,Bandit100,12,4.05,nan,20,0,100,RightinTimeout,Right,131,116,126,6,nan,nan,0.00
11/4/2025 20:33:00,1.17.2,Bandit100,12,4.05,nan,20,0,100,Right,Right,131,117,126,6,nan,nan,0.30
11/4/2025 20:33:06,1.17.2,Bandit100,12,4.05,2,20,0,100,Pellet,Right,131,117,127,6,3.11,79,nan
11/4/2025 20:33:14,1.17.2,Bandit100,12,4.05,nan,20,0,100,Right,Right,131,118,127,7,nan,nan,0.07
11/4/2025 20:33:18,1.17.2,Bandit100,12,4.05,2,20,0,100,Pellet,Right,131,118,128,7,1.01,12,nan
11/4/2025 20:33:32,1.17.2,Bandit100,12,4.05,nan,20,0,100,Right,Right,131,119,128,8,nan,nan,0.09
11/4/2025 20:33:34,1.17.2,Bandit100,12,4.06,1,20,0,100,Pellet,Right,131,119,129,8,1.25,16,nan
11/4/2025 20:33:43,1.17.2,Bandit100,12,4.05,nan,20,0,100,Left,Right,132,119,129,9,nan,nan,0.03
11/4/2025 20:33:44,1.17.2,Bandit100,12,4.05,nan,20,0,100,LeftinTimeOut,Right,132,119,129,9,nan,nan,nan
11/4/2025 20:33:45,1.17.2,Bandit100,12,4.05,nan,20,0,100,LeftinTimeOut,Right,132,119,129,9,nan,nan,nan
11/4/2025 20:33:51,1.17.2,Bandit100,12,4.05,nan,20,0,100,RightinTimeout,Right,132,119,129,9,nan,nan,0.00
11/4/2025 20:33:53,1.17.2,Bandit100,12,4.05,nan,20,0,100,RightinTimeout,Right,132,119,129,9,nan,nan,0.00
11/4/2025 20:41:53,1.17.2,Bandit100,12,4.05,nan,20,0,100,Right,Right,132,120,129,9,nan,nan,0.01
11/4/2025 20:41:57,1.17.2,Bandit100,12,4.05,1,20,0,100,Pellet,Right,132,120,130,9,2.75,503,nan
11/4/2025 20:42:47,1.17.2,Bandit100,12,4.05,nan,20,0,100,Left,Right,133,120,130,10,nan,nan,0.01
11/4/2025 20:42:52,1.17.2,Bandit100,12,4.06,nan,20,0,100,RightinTimeout,Right,133,120,130,10,nan,nan,0.00
11/4/2025 20:47:51,1.17.2,Bandit100,12,4.05,nan,20,0,100,Left,Right,134,120,130,10,nan,nan,0.22
11/4/2025 20:54:40,1.17.2,Bandit100,12,4.05,nan,20,0,100,Right,Right,134,121,130,10,nan,nan,0.03
11/4/2025 20:54:42,1.17.2,Bandit100,12,4.05,1,20,0,100,Pellet,Right,134,121,131,10,0.89,765,nan
11/4/2025 20:54:57,1.17.2,Bandit100,12,4.05,nan,20,0,100,Right,Right,134,122,131,11,nan,nan,0.31
11/4/2025 20:54:59,1.17.2,Bandit100,12,4.05,1,20,0,100,Pellet,Right,134,122,132,11,1.61,17,nan
11/4/2025 20:55:11,1.17.2,Bandit100,12,4.05,nan,20,0,100,Right,Right,134,123,132,12,nan,nan,0.24
11/4/2025 20:55:14,1.17.2,Bandit100,12,4.05,1,20,0,100,Pellet,Right,134,123,133,12,2.15,15,nan
11/4/2025 20:57:02,1.17.2,Bandit100,12,4.05,nan,20,0,100,Left,Right,135,123,133,13,nan,nan,0.91
11/4/2025 20:57:05,1.17.2,Bandit100,12,4.05,nan,20,0,100,RightinTimeout,Right,135,123,133,13,nan,nan,0.00
11/4/2025 20:57:07,1.17.2,Bandit100,12,4.05,nan,20,0,100,RightinTimeout,Right,135,123,133,13,nan,nan,0.00
11/4/2025 20:57:07,1.17.2,Bandit100,12,4.05,nan,20,0,100,RightinTimeout,Right,135,123,133,13,nan,nan,0.00
11/4/2025 20:57:08,1.17.2,Bandit100,12,4.05,nan,20,0,100,RightinTimeout,Right,135,123,133,13,nan,nan,0.00
11/4/2025 20:57:08,1.17.2,Bandit100,12,4.05,nan,20,0,100,RightinTimeout,Right,135,123,133,13,nan,nan,0.00
11/4/2025 20:57:41,1.17.2,Bandit100,12,4.05,nan,20,0,100,Right,Right,135,124,133,13,nan,nan,0.25
11/4/2025 20:57:43,1.17.2,Bandit100,12,4.05,1,20,0,100,Pellet,Right,135,124,134,13,1.07,149,nan
11/4/2025 20:58:28,1.17.2,Bandit100,12,4.05,nan,20,0,100,Left,Right,136,124,134,14,nan,nan,0.16
11/4/2025 20:58:29,1.17.2,Bandit100,12,4.05,nan,20,0,100,LeftinTimeOut,Right,136,124,134,14,nan,nan,nan
11/4/2025 20:59:40,1.17.2,Bandit100,12,4.05,nan,20,0,100,Right,Right,136,125,134,14,nan,nan,0.01
11/4/2025 20:59:48,1.17.2,Bandit100,12,4.05,2,20,0,100,Pellet,Right,136,125,135,14,5.51,125,nan
11/4/2025 21:00:00,1.17.2,Bandit100,12,4.05,nan,20,0,100,Right,Right,136,126,135,15,nan,nan,0.52
11/4/2025 21:00:02,1.17.2,Bandit100,12,4.05,1,20,0,100,Pellet,Right,136,126,136,15,1.73,14,nan
11/4/2025 21:00:18,1.17.2,Bandit100,12,4.05,nan,20,0,100,Right,Right,136,127,136,16,nan,nan,0.12
11/4/2025 21:00:19,1.17.2,Bandit100,12,4.05,nan,20,0,100,RightDuringDispense,Right,136,127,136,16,nan,nan,0.25
11/4/2025 21:00:21,1.17.2,Bandit100,12,4.05,1,20,0,100,Pellet,Right,136,127,137,16,1.01,19,nan
11/4/2025 21:00:31,1.17.2,Bandit100,12,4.05,nan,20,0,100,Right,Right,136,128,137,17,nan,nan,0.08
11/4/2025 21:00:33,1.17.2,Bandit100,12,4.05,1,20,0,100,Pellet,Right,136,128,138,17,0.65,12,nan
11/4/2025 21:00:50,1.17.2,Bandit100,12,4.05,nan,20,0,100,Right,Right,136,129,138,18,nan,nan,0.03
11/4/2025 21:00:51,1.17.2,Bandit100,12,4.05,1,20,0,100,Pellet,Right,136,129,139,18,0.89,18,nan
11/4/2025 21:00:59,1.17.2,Bandit100,12,4.05,nan,20,0,100,Right,Right,136,130,139,19,nan,nan,0.18
11/4/2025 21:01:01,1.17.2,Bandit100,12,4.06,1,20,0,100,Pellet,Right,136,130,140,19,1.07,10,nan
11/4/2025 21:01:15,1.17.2,Bandit100,12,4.05,nan,20,100,0,Right,Left,136,131,140,0,nan,nan,0.07
11/4/2025 21:01:17,1.17.2,Bandit100,12,4.05,nan,20,100,0,RightinTimeout,Left,136,131,140,0,nan,nan,0.00
11/4/2025 21:01:18,1.17.2,Bandit100,12,4.05,nan,20,100,0,RightinTimeout,Left,136,131,140,0,nan,nan,0.00
11/4/2025 21:01:18,1.17.2,Bandit100,12,4.05,nan,20,100,0,RightinTimeout,Left,136,131,140,0,nan,nan,0.00
11/4/2025 21:01:21,1.17.2,Bandit100,12,4.05,nan,20,100,0,RightinTimeout,Left,136,131,140,0,nan,nan,0.00
11/4/2025 21:01:26,1.17.2,Bandit100,12,4.05,nan,20,100,0,RightinTimeout,Left,136,131,140,0,nan,nan,0.00
11/4/2025 21:01:27,1.17.2,Bandit100,12,4.05,nan,20,100,0,RightinTimeout,Left,136,131,140,0,nan,nan,0.00
11/4/2025 21:01:27,1.17.2,Bandit100,12,4.05,nan,20,100,0,RightinTimeout,Left,136,131,140,0,nan,nan,0.00
11/4/2025 21:01:28,1.17.2,Bandit100,12,4.05,nan,20,100,0,RightinTimeout,Left,136,131,140,0,nan,nan,0.00
11/4/2025 21:15:29,1.17.2,Bandit100,12,4.05,nan,20,100,0,Left,Left,137,131,140,0,nan,nan,0.15
11/4/2025 21:15:32,1.17.2,Bandit100,12,4.05,1,20,100,0,Pellet,Left,137,131,141,0,2.57,871,nan
11/4/2025 21:17:16,1.17.2,Bandit100,12,4.05,nan,20,100,0,Left,Left,138,131,141,1,nan,nan,0.14
11/4/2025 21:17:22,1.17.2,Bandit100,12,4.05,2,20,100,0,Pellet,Left,138,131,142,1,2.44,110,nan
11/4/2025 21:17:32,1.17.2,Bandit100,12,4.05,nan,20,100,0,Right,Left,138,132,142,2,nan,nan,0.08
11/4/2025 21:17:33,1.17.2,Bandit100,12,4.05,nan,20,100,0,RightinTimeout,Left,138,132,142,2,nan,nan,0.00
11/4/2025 21:17:36,1.17.2,Bandit100,12,4.05,nan,20,100,0,LeftinTimeOut,Left,138,132,142,2,nan,nan,nan
11/4/2025 21:17:38,1.17.2,Bandit100,12,4.05,nan,20,100,0,RightinTimeout,Left,138,132,142,2,nan,nan,0.00
11/4/2025 21:19:16,1.17.2,Bandit100,12,4.05,nan,20,100,0,Right,Left,138,133,142,2,nan,nan,0.15
11/4/2025 21:19:20,1.17.2,Bandit100,12,4.05,nan,20,100,0,RightinTimeout,Left,138,133,142,2,nan,nan,0.00
11/4/2025 21:19:21,1.17.2,Bandit100,12,4.05,nan,20,100,0,RightinTimeout,Left,138,133,142,2,nan,nan,0.00
11/4/2025 21:19:23,1.17.2,Bandit100,12,4.05,nan,20,100,0,LeftinTimeOut,Left,138,133,142,2,nan,nan,nan
11/4/2025 21:20:22,1.17.2,Bandit100,12,4.05,nan,20,100,0,Right,Left,138,134,142,2,nan,nan,0.05
11/4/2025 21:32:19,1.17.2,Bandit100,12,4.05,nan,20,100,0,Left,Left,139,134,142,2,nan,nan,0.41
11/4/2025 21:32:21,1.17.2,Bandit100,12,4.05,1,20,100,0,Pellet,Left,139,134,143,2,1.49,899,nan
11/4/2025 21:32:29,1.17.2,Bandit100,12,4.05,nan,20,100,0,Left,Left,140,134,143,3,nan,nan,0.12
11/4/2025 21:32:33,1.17.2,Bandit100,12,4.05,1,20,100,0,Pellet,Left,140,134,144,3,2.99,12,nan
11/4/2025 21:44:04,1.17.2,Bandit100,12,4.05,nan,20,100,0,Right,Left,140,135,144,4,nan,nan,0.32
11/4/2025 21:44:06,1.17.2,Bandit100,12,4.05,nan,20,100,0,RightinTimeout,Left,140,135,144,4,nan,nan,0.00
11/4/2025 21:44:06,1.17.2,Bandit100,12,4.05,nan,20,100,0,RightinTimeout,Left,140,135,144,4,nan,nan,0.00
11/4/2025 21:44:13,1.17.2,Bandit100,12,4.05,nan,20,100,0,LeftinTimeOut,Left,140,135,144,4,nan,nan,nan
11/4/2025 21:44:14,1.17.2,Bandit100,12,4.05,nan,20,100,0,LeftinTimeOut,Left,140,135,144,4,nan,nan,nan
11/4/2025 21:49:27,1.17.2,Bandit100,12,4.05,nan,20,100,0,Right,Left,140,136,144,4,nan,nan,0.17
11/4/2025 21:54:45,1.17.2,Bandit100,12,4.05,nan,20,100,0,Right,Left,140,137,144,4,nan,nan,0.23
11/4/2025 21:54:47,1.17.2,Bandit100,12,4.05,nan,20,100,0,RightinTimeout,Left,140,137,144,4,nan,nan,0.00
11/4/2025 22:05:25,1.17.2,Bandit100,12,4.05,nan,20,100,0,Right,Left,140,138,144,4,nan,nan,0.01
11/4/2025 22:05:28,1.17.2,Bandit100,12,4.05,nan,20,100,0,LeftinTimeOut,Left,140,138,144,4,nan,nan,nan
11/4/2025 22:07:05,1.17.2,Bandit100,12,4.05,nan,20,100,0,Right,Left,140,139,144,4,nan,nan,0.50
11/4/2025 22:07:19,1.17.2,Bandit100,12,4.05,nan,20,100,0,Left,Left,141,139,144,4,nan,nan,0.09
11/4/2025 22:07:23,1.17.2,Bandit100,12,4.05,1,20,100,0,Pellet,Left,141,139,145,4,2.87,2089,nan
11/4/2025 22:07:34,1.17.2,Bandit100,12,4.05,nan,20,100,0,Left,Left,142,139,145,5,nan,nan,0.33
11/4/2025 22:07:36,1.17.2,Bandit100,12,4.05,1,20,100,0,Pellet,Left,142,139,146,5,1.01,13,nan
11/4/2025 22:07:44,1.17.2,Bandit100,12,4.05,nan,20,100,0,Right,Left,142,140,146,6,nan,nan,0.10
11/4/2025 22:08:50,1.17.2,Bandit100,12,4.05,nan,20,100,0,Left,Left,143,140,146,6,nan,nan,0.38
11/4/2025 22:08:52,1.17.2,Bandit100,12,4.05,1,20,100,0,Pellet,Left,143,140,147,6,1.97,77,nan
11/4/2025 22:09:13,1.17.2,Bandit100,12,4.05,nan,20,100,0,Left,Left,144,140,147,7,nan,nan,0.04
11/4/2025 22:09:17,1.17.2,Bandit100,12,4.05,1,20,100,0,Pellet,Left,144,140,148,7,3.64,25,nan
11/4/2025 22:09:29,1.17.2,Bandit100,12,4.05,nan,20,100,0,Left,Left,145,140,148,8,nan,nan,0.19
11/4/2025 22:09:33,1.17.2,Bandit100,12,4.05,2,20,100,0,Pellet,Left,145,140,149,8,0.71,16,nan
11/4/2025 22:09:48,1.17.2,Bandit100,12,4.05,nan,20,100,0,Left,Left,146,140,149,9,nan,nan,0.04
11/4/2025 22:09:50,1.17.2,Bandit100,12,4.05,1,20,100,0,Pellet,Left,146,140,150,9,0.89,17,nan
11/4/2025 22:10:00,1.17.2,Bandit100,12,4.05,nan,20,100,0,Left,Left,147,140,150,10,nan,nan,0.09
11/4/2025 22:10:04,1.17.2,Bandit100,12,4.05,1,20,100,0,Pellet,Left,147,140,151,10,2.93,14,nan
11/4/2025 22:10:13,1.17.2,Bandit100,12,4.05,nan,20,100,0,Left,Left,148,140,151,11,nan,nan,0.31
11/4/2025 22:10:15,1.17.2,Bandit100,12,4.05,1,20,100,0,Pellet,Left,148,140,152,11,1.31,11,nan
11/4/2025 22:10:24,1.17.2,Bandit100,12,4.05,nan,20,100,0,Left,Left,149,140,152,12,nan,nan,0.16
11/4/2025 22:10:27,1.17.2,Bandit100,12,4.05,1,20,100,0,Pellet,Left,149,140,153,12,2.33,12,nan
11/4/2025 22:10:40,1.17.2,Bandit100,12,4.05,nan,20,100,0,Left,Left,150,140,153,13,nan,nan,0.00
11/4/2025 22:10:40,1.17.2,Bandit100,12,4.05,nan,20,100,0,LeftDuringDispense,Left,150,140,153,13,nan,nan,0.02
11/4/2025 22:10:45,1.17.2,Bandit100,12,4.05,2,20,100,0,Pellet,Left,150,140,154,13,2.21,18,nan
11/4/2025 22:10:59,1.17.2,Bandit100,12,4.05,nan,20,100,0,Right,Left,150,141,154,14,nan,nan,0.06
11/4/2025 22:11:05,1.17.2,Bandit100,12,4.05,nan,20,100,0,LeftinTimeOut,Left,150,141,154,14,nan,nan,nan
11/4/2025 22:11:05,1.17.2,Bandit100,12,4.05,nan,20,100,0,LeftinTimeOut,Left,150,141,154,14,nan,nan,nan
11/4/2025 22:11:07,1.17.2,Bandit100,12,4.05,nan,20,100,0,LeftinTimeOut,Left,150,141,154,14,nan,nan,nan
11/4/2025 22:11:08,1.17.2,Bandit100,12,4.05,nan,20,100,0,LeftinTimeOut,Left,150,141,154,14,nan,nan,nan
11/4/2025 22:11:10,1.17.2,Bandit100,12,4.05,nan,20,100,0,LeftinTimeOut,Left,150,141,154,14,nan,nan,nan
11/4/2025 22:12:52,1.17.2,Bandit100,12,4.05,nan,20,100,0,Left,Left,151,141,154,14,nan,nan,0.26
11/4/2025 22:12:55,1.17.2,Bandit100,12,4.05,1,20,100,0,Pellet,Left,151,141,155,14,2.99,130,nan
11/4/2025 22:13:07,1.17.2,Bandit100,12,4.05,nan,20,100,0,Left,Left,152,141,155,15,nan,nan,0.18
11/4/2025 22:13:11,1.17.2,Bandit100,12,4.05,2,20,100,0,Pellet,Left,152,141,156,15,0.95,15,nan
11/4/2025 22:13:20,1.17.2,Bandit100,12,4.05,nan,20,100,0,Left,Left,153,141,156,16,nan,nan,0.50
11/4/2025 22:13:21,1.17.2,Bandit100,12,4.05,1,20,100,0,Pellet,Left,153,141,157,16,0.65,11,nan
11/4/2025 22:13:32,1.17.2,Bandit100,12,4.05,nan,20,100,0,Left,Left,154,141,157,17,nan,nan,0.15
11/4/2025 22:13:34,1.17.2,Bandit100,12,4.05,1,20,100,0,Pellet,Left,154,141,158,17,1.01,13,nan
11/4/2025 22:13:44,1.17.2,Bandit100,12,4.05,nan,20,100,0,Left,Left,155,141,158,18,nan,nan,0.06
11/4/2025 22:13:48,1.17.2,Bandit100,12,4.05,2,20,100,0,Pellet,Left,155,141,159,18,1.31,14,nan
11/4/2025 22:13:59,1.17.2,Bandit100,12,4.05,nan,20,100,0,Left,Left,156,141,159,19,nan,nan,0.10
11/4/2025 22:14:01,1.17.2,Bandit100,12,4.05,1,20,100,0,Pellet,Left,156,141,160,19,1.55,13,nan
11/4/2025 22:14:10,1.17.2,Bandit100,12,4.05,nan,20,0,100,Left,Right,157,141,160,0,nan,nan,0.09
11/4/2025 22:14:16,1.17.2,Bandit100,12,4.05,nan,20,0,100,LeftinTimeOut,Right,157,141,160,0,nan,nan,nan
11/4/2025 22:16:50,1.17.2,Bandit100,12,4.05,nan,20,0,100,Left,Right,158,141,160,0,nan,nan,0.13
11/4/2025 22:39:40,1.17.2,Bandit100,12,4.05,nan,20,0,100,Right,Right,158,142,160,0,nan,nan,0.26
11/4/2025 22:39:43,1.17.2,Bandit100,12,4.05,1,20,0,100,Pellet,Right,158,142,161,0,1.97,1542,nan
11/4/2025 23:00:50,1.17.2,Bandit100,12,4.05,nan,20,0,100,Left,Right,159,142,161,1,nan,nan,0.00
11/4/2025 23:03:08,1.17.2,Bandit100,12,4.05,nan,20,0,100,Right,Right,159,143,161,1,nan,nan,0.34
11/4/2025 23:03:16,1.17.2,Bandit100,12,4.05,2,20,0,100,Pellet,Right,159,143,162,1,5.09,1413,nan
11/4/2025 23:06:07,1.17.2,Bandit100,12,4.05,nan,20,0,100,Right,Right,159,144,162,2,nan,nan,0.04
11/4/2025 23:06:09,1.17.2,Bandit100,12,4.05,1,20,0,100,Pellet,Right,159,144,163,2,1.31,173,nan
11/4/2025 23:06:19,1.17.2,Bandit100,12,4.05,nan,20,0,100,Right,Right,159,145,163,3,nan,nan,0.20
11/4/2025 23:06:20,1.17.2,Bandit100,12,4.05,1,20,0,100,Pellet,Right,159,145,164,3,0.53,11,nan
11/4/2025 23:06:40,1.17.2,Bandit100,12,4.05,nan,20,0,100,Left,Right,160,145,164,4,nan,nan,0.02
11/4/2025 23:08:35,1.17.2,Bandit100,12,4.05,nan,20,0,100,Right,Right,160,146,164,4,nan,nan,0.12
11/4/2025 23:08:37,1.17.2,Bandit100,12,4.05,1,20,0,100,Pellet,Right,160,146,165,4,0.95,137,nan
11/4/2025 23:09:58,1.17.2,Bandit100,12,4.05,nan,20,0,100,Left,Right,161,146,165,5,nan,nan,0.03
11/4/2025 23:09:59,1.17.2,Bandit100,12,4.05,nan,20,0,100,LeftinTimeOut,Right,161,146,165,5,nan,nan,nan
11/4/2025 23:13:50,1.17.2,Bandit100,12,4.05,nan,20,0,100,Right,Right,161,147,165,5,nan,nan,0.39
11/4/2025 23:13:52,1.17.2,Bandit100,12,4.05,1,20,0,100,Pellet,Right,161,147,166,5,1.25,315,nan
11/4/2025 23:14:06,1.17.2,Bandit100,12,4.05,nan,20,0,100,Right,Right,161,148,166,6,nan,nan,0.23
11/4/2025 23:14:08,1.17.2,Bandit100,12,4.05,1,20,0,100,Pellet,Right,161,148,167,6,0.65,16,nan
11/4/2025 23:14:17,1.17.2,Bandit100,12,4.05,nan,20,0,100,Right,Right,161,149,167,7,nan,nan,0.31
11/4/2025 23:14:18,1.17.2,Bandit100,12,4.05,1,20,0,100,Pellet,Right,161,149,168,7,0.47,10,nan
11/4/2025 23:14:37,1.17.2,Bandit100,12,4.05,nan,20,0,100,Left,Right,162,149,168,8,nan,nan,0.13
11/4/2025 23:15:17,1.17.2,Bandit100,12,4.05,nan,20,0,100,Left,Right,163,149,168,8,nan,nan,0.17
11/4/2025 23:15:20,1.17.2,Bandit100,12,4.05,nan,20,0,100,RightinTimeout,Right,163,149,168,8,nan,nan,0.00
11/4/2025 23:16:13,1.17.2,Bandit100,12,4.05,nan,20,0,100,Right,Right,163,150,168,8,nan,nan,0.01
11/4/2025 23:16:18,1.17.2,Bandit100,12,4.05,2,20,0,100,Pellet,Right,163,150,169,8,2.93,120,nan
11/4/2025 23:16:31,1.17.2,Bandit100,12,4.05,nan,20,0,100,Right,Right,163,151,169,9,nan,nan,0.49
11/4/2025 23:16:32,1.17.2,Bandit100,12,4.05,1,20,0,100,Pellet,Right,163,151,170,9,0.53,14,nan
11/4/2025 23:16:43,1.17.2,Bandit100,12,4.05,nan,20,0,100,Right,Right,163,152,170,10,nan,nan,0.17
11/4/2025 23:16:43,1.17.2,Bandit100,12,4.05,nan,20,0,100,RightDuringDispense,Right,163,152,170,10,nan,nan,0.06
11/4/2025 23:16:47,1.17.2,Bandit100,12,4.05,nan,20,0,100,RightWithPellet,Right,163,153,170,10,nan,nan,0.16
11/4/2025 23:16:48,1.17.2,Bandit100,12,4.05,2,20,0,100,Pellet,Right,163,153,171,10,2.44,16,nan
11/4/2025 23:17:01,1.17.2,Bandit100,12,4.05,nan,20,0,100,Right,Right,163,154,171,11,nan,nan,0.02
11/4/2025 23:17:01,1.17.2,Bandit100,12,4.05,nan,20,0,100,RightDuringDispense,Right,163,154,171,11,nan,nan,0.04
11/4/2025 23:17:06,1.17.2,Bandit100,12,4.05,2,20,0,100,Pellet,Right,163,154,172,11,2.45,18,nan
11/4/2025 23:17:16,1.17.2,Bandit100,12,4.05,nan,20,0,100,Right,Right,163,155,172,12,nan,nan,0.30
11/4/2025 23:17:18,1.17.2,Bandit100,12,4.05,1,20,0,100,Pellet,Right,163,155,173,12,0.77,12,nan
11/4/2025 23:17:38,1.17.2,Bandit100,12,4.05,nan,20,0,100,Right,Right,163,156,173,13,nan,nan,0.27
11/4/2025 23:17:39,1.17.2,Bandit100,12,4.05,1,20,0,100,Pellet,Right,163,156,174,13,0.53,21,nan
11/4/2025 23:17:47,1.17.2,Bandit100,12,4.05,nan,20,0,100,Right,Right,163,157,174,14,nan,nan,0.11
11/4/2025 23:17:49,1.17.2,Bandit100,12,4.05,1,20,0,100,Pellet,Right,163,157,175,14,0.47,10,nan
11/4/2025 23:18:02,1.17.2,Bandit100,12,4.05,nan,20,0,100,Right,Right,163,158,175,15,nan,nan,0.16
11/4/2025 23:18:03,1.17.2,Bandit100,12,4.05,nan,20,0,100,RightDuringDispense,Right,163,158,175,15,nan,nan,0.09
11/4/2025 23:18:08,1.17.2,Bandit100,12,4.05,3,20,0,100,Pellet,Right,163,158,176,15,0.95,19,nan
11/4/2025 23:18:27,1.17.2,Bandit100,12,4.05,nan,20,0,100,Right,Right,163,159,176,16,nan,nan,0.07
11/4/2025 23:18:29,1.17.2,Bandit100,12,4.05,1,20,0,100,Pellet,Right,163,159,177,16,0.83,21,nan
11/4/2025 23:18:52,1.17.2,Bandit100,12,4.05,nan,20,0,100,Right,Right,163,160,177,17,nan,nan,0.10
11/4/2025 23:18:54,1.17.2,Bandit100,12,4.05,1,20,0,100,Pellet,Right,163,160,178,17,0.83,25,nan
11/4/2025 23:19:12,1.17.2,Bandit100,12,4.05,nan,20,0,100,Right,Right,163,161,178,18,nan,nan,0.44
11/4/2025 23:19:14,1.17.2,Bandit100,12,4.05,1,20,0,100,Pellet,Right,163,161,179,18,0.47,20,nan
11/4/2025 23:19:26,1.17.2,Bandit100,12,4.05,nan,20,0,100,Right,Right,163,162,179,19,nan,nan,0.01
11/4/2025 23:19:27,1.17.2,Bandit100,12,4.05,1,20,0,100,Pellet,Right,163,162,180,19,0.53,13,nan
11/4/2025 23:19:44,1.17.2,Bandit100,12,4.05,nan,20,100,0,Right,Left,163,163,180,0,nan,nan,0.15
11/4/2025 23:19:49,1.17.2,Bandit100,12,4.05,nan,20,100,0,RightinTimeout,Left,163,163,180,0,nan,nan,0.00
11/4/2025 23:19:50,1.17.2,Bandit100,12,4.05,nan,20,100,0,RightinTimeout,Left,163,163,180,0,nan,nan,0.00
11/4/2025 23:19:50,1.17.2,Bandit100,12,4.05,nan,20,100,0,RightinTimeout,Left,163,163,180,0,nan,nan,0.00
11/4/2025 23:19:55,1.17.2,Bandit100,12,4.05,nan,20,100,0,RightinTimeout,Left,163,163,180,0,nan,nan,0.00
11/4/2025 23:19:55,1.17.2,Bandit100,12,4.05,nan,20,100,0,RightinTimeout,Left,163,163,180,0,nan,nan,0.00
11/4/2025 23:20:03,1.17.2,Bandit100,12,4.05,nan,20,100,0,RightinTimeout,Left,163,163,180,0,nan,nan,0.00
11/4/2025 23:20:03,1.17.2,Bandit100,12,4.05,nan,20,100,0,RightinTimeout,Left,163,163,180,0,nan,nan,0.00
11/4/2025 23:20:05,1.17.2,Bandit100,12,4.04,nan,20,100,0,RightinTimeout,Left,163,163,180,0,nan,nan,0.00
11/4/2025 23:20:06,1.17.2,Bandit100,12,4.05,nan,20,100,0,RightinTimeout,Left,163,163,180,0,nan,nan,0.00
11/4/2025 23:20:08,1.17.2,Bandit100,12,4.05,nan,20,100,0,RightinTimeout,Left,163,163,180,0,nan,nan,0.00
11/4/2025 23:20:08,1.17.2,Bandit100,12,4.05,nan,20,100,0,RightinTimeout,Left,163,163,180,0,nan,nan,0.00
11/4/2025 23:20:45,1.17.2,Bandit100,12,4.05,nan,20,100,0,Right,Left,163,164,180,0,nan,nan,0.30
11/4/2025 23:20:50,1.17.2,Bandit100,12,4.05,nan,20,100,0,RightinTimeout,Left,163,164,180,0,nan,nan,0.00
11/4/2025 23:35:40,1.17.2,Bandit100,12,4.05,nan,20,100,0,Left,Left,164,164,180,0,nan,nan,0.20
11/4/2025 23:35:43,1.17.2,Bandit100,12,4.05,1,20,100,0,Pellet,Left,164,164,181,0,2.69,976,nan
11/4/2025 23:46:35,1.17.2,Bandit100,12,4.05,nan,20,100,0,Right,Left,164,165,181,1,nan,nan,0.31
11/4/2025 23:47:55,1.17.2,Bandit100,12,4.05,nan,20,100,0,Right,Left,164,166,181,1,nan,nan,0.04
11/4/2025 23:47:58,1.17.2,Bandit100,12,4.05,nan,20,100,0,RightinTimeout,Left,164,166,181,1,nan,nan,0.00
11/5/2025 2:24:33,1.17.2,Bandit100,12,4.05,nan,20,100,0,Left,Left,165,166,181,1,nan,nan,0.14
11/5/2025 2:24:37,1.17.2,Bandit100,12,4.04,1,20,100,0,Pellet,Left,165,166,182,1,2.57,10134,nan
11/5/2025 2:24:59,1.17.2,Bandit100,12,4.05,nan,20,100,0,Left,Left,166,166,182,2,nan,nan,0.19
11/5/2025 2:25:03,1.17.2,Bandit100,12,4.04,2,20,100,0,Pellet,Left,166,166,183,2,1.67,26,nan
11/5/2025 2:25:21,1.17.2,Bandit100,12,4.04,nan,20,100,0,Left,Left,167,166,183,3,nan,nan,0.07
11/5/2025 2:25:24,1.17.2,Bandit100,12,4.05,1,20,100,0,Pellet,Left,167,166,184,3,2.81,21,nan
11/5/2025 2:31:07,1.17.2,Bandit100,12,4.05,nan,20,100,0,Right,Left,167,167,184,4,nan,nan,0.09
11/5/2025 2:38:30,1.17.2,Bandit100,12,4.04,nan,20,100,0,Left,Left,168,167,184,4,nan,nan,0.19
11/5/2025 2:38:50,1.17.2,Bandit100,12,4.04,1,20,100,0,Pellet,Left,168,167,185,4,19.08,806,nan
11/5/2025 2:42:15,1.17.2,Bandit100,12,4.05,nan,20,100,0,Left,Left,169,167,185,5,nan,nan,0.14
11/5/2025 2:42:53,1.17.2,Bandit100,12,4.04,1,20,100,0,Pellet,Left,169,167,186,5,36.78,243,nan
11/5/2025 2:43:03,1.17.2,Bandit100,12,4.04,nan,20,100,0,Left,Left,170,167,186,6,nan,nan,0.12
11/5/2025 2:43:05,1.17.2,Bandit100,12,4.04,1,20,100,0,Pellet,Left,170,167,187,6,2.03,12,nan
11/5/2025 2:43:20,1.17.2,Bandit100,12,4.05,nan,20,100,0,Left,Left,171,167,187,7,nan,nan,0.13
11/5/2025 2:43:22,1.17.2,Bandit100,12,4.05,1,20,100,0,Pellet,Left,171,167,188,7,1.91,17,nan
11/5/2025 2:43:58,1.17.2,Bandit100,12,4.05,nan,20,100,0,Right,Left,171,168,188,8,nan,nan,0.08
11/5/2025 3:21:30,1.17.2,Bandit100,12,4.05,nan,20,100,0,Left,Left,172,168,188,8,nan,nan,0.08
11/5/2025 3:21:33,1.17.2,Bandit100,12,4.04,1,20,100,0,Pellet,Left,172,168,189,8,1.97,2291,nan
11/5/2025 3:22:39,1.17.2,Bandit100,12,4.04,nan,20,100,0,Right,Left,172,169,189,9,nan,nan,0.18
11/5/2025 4:27:40,1.17.2,Bandit100,12,4.04,nan,20,100,0,Left,Left,173,169,189,9,nan,nan,0.05
11/5/2025 4:27:44,1.17.2,Bandit100,12,4.04,2,20,100,0,Pellet,Left,173,169,190,9,1.67,3971,nan
11/5/2025 4:29:14,1.17.2,Bandit100,12,4.04,nan,20,100,0,Left,Left,174,169,190,10,nan,nan,0.10
11/5/2025 4:29:19,1.17.2,Bandit100,12,4.05,1,20,100,0,Pellet,Left,174,169,191,10,3.77,95,nan
11/5/2025 4:29:31,1.17.2,Bandit100,12,4.04,nan,20,100,0,Left,Left,175,169,191,11,nan,nan,0.11
11/5/2025 4:29:33,1.17.2,Bandit100,12,4.03,1,20,100,0,Pellet,Left,175,169,192,11,1.13,13,nan
11/5/2025 4:29:57,1.17.2,Bandit100,12,4.04,nan,20,100,0,Left,Left,176,169,192,12,nan,nan,0.14
11/5/2025 4:29:59,1.17.2,Bandit100,12,4.04,1,20,100,0,Pellet,Left,176,169,193,12,1.31,27,nan
11/5/2025 4:30:12,1.17.2,Bandit100,12,4.04,nan,20,100,0,Left,Left,177,169,193,13,nan,nan,0.10
11/5/2025 4:30:15,1.17.2,Bandit100,12,4.04,1,20,100,0,Pellet,Left,177,169,194,13,1.49,15,nan
11/5/2025 4:30:29,1.17.2,Bandit100,12,4.04,nan,20,100,0,Left,Left,178,169,194,14,nan,nan,0.33
11/5/2025 4:30:30,1.17.2,Bandit100,12,4.04,1,20,100,0,Pellet,Left,178,169,195,14,0.89,16,nan
11/5/2025 4:30:40,1.17.2,Bandit100,12,4.04,nan,20,100,0,Left,Left,179,169,195,15,nan,nan,0.16
11/5/2025 4:30:42,1.17.2,Bandit100,12,4.04,1,20,100,0,Pellet,Left,179,169,196,15,1.19,12,nan
11/5/2025 4:31:00,1.17.2,Bandit100,12,4.04,nan,20,100,0,Right,Left,179,170,196,16,nan,nan,0.07
11/5/2025 4:31:06,1.17.2,Bandit100,12,4.04,nan,20,100,0,LeftinTimeOut,Left,179,170,196,16,nan,nan,nan
11/5/2025 5:09:59,1.17.2,Bandit100,12,4.04,nan,20,100,0,Left,Left,180,170,196,16,nan,nan,0.15
11/5/2025 5:10:07,1.17.2,Bandit100,12,4.05,2,20,100,0,Pellet,Left,180,170,197,16,5.09,2365,nan
11/5/2025 5:22:03,1.17.2,Bandit100,12,4.04,nan,20,100,0,Left,Left,181,170,197,17,nan,nan,0.28
11/5/2025 5:22:05,1.17.2,Bandit100,12,4.04,1,20,100,0,Pellet,Left,181,170,198,17,1.13,718,nan
11/5/2025 5:23:12,1.17.2,Bandit100,12,4.04,nan,20,100,0,Right,Left,181,171,198,18,nan,nan,0.13
11/5/2025 5:31:33,1.17.2,Bandit100,12,4.04,nan,20,100,0,Left,Left,182,171,198,18,nan,nan,0.09
11/5/2025 5:31:36,1.17.2,Bandit100,12,4.04,1,20,100,0,Pellet,Left,182,171,199,18,1.73,571,nan
11/5/2025 5:31:59,1.17.2,Bandit100,12,4.04,nan,20,100,0,Right,Left,182,172,199,19,nan,nan,0.26
11/5/2025 5:32:00,1.17.2,Bandit100,12,4.04,nan,20,100,0,RightinTimeout,Left,182,172,199,19,nan,nan,0.00
11/5/2025 5:32:18,1.17.2,Bandit100,12,4.04,nan,20,100,0,Right,Left,182,173,199,19,nan,nan,0.11
11/5/2025 5:32:21,1.17.2,Bandit100,12,4.04,nan,20,100,0,LeftinTimeOut,Left,182,173,199,19,nan,nan,nan
11/5/2025 5:32:21,1.17.2,Bandit100,12,4.05,nan,20,100,0,LeftinTimeOut,Left,182,173,199,19,nan,nan,nan
11/5/2025 5:38:48,1.17.2,Bandit100,12,4.04,nan,20,100,0,Left,Left,183,173,199,19,nan,nan,0.33
11/5/2025 5:38:50,1.17.2,Bandit100,12,4.03,1,20,100,0,Pellet,Left,183,173,200,19,0.89,434,nan
11/5/2025 5:39:09,1.17.2,Bandit100,12,4.03,nan,20,0,100,Left,Right,184,173,200,0,nan,nan,0.07
11/5/2025 5:39:12,1.17.2,Bandit100,12,4.05,nan,20,0,100,LeftinTimeOut,Right,184,173,200,0,nan,nan,nan
11/5/2025 5:39:13,1.17.2,Bandit100,12,4.05,nan,20,0,100,LeftinTimeOut,Right,184,173,200,0,nan,nan,nan
11/5/2025 5:39:15,1.17.2,Bandit100,12,4.04,nan,20,0,100,LeftinTimeOut,Right,184,173,200,0,nan,nan,nan
11/5/2025 5:39:18,1.17.2,Bandit100,12,4.04,nan,20,0,100,LeftinTimeOut,Right,184,173,200,0,nan,nan,nan
11/5/2025 5:39:19,1.17.2,Bandit100,12,4.04,nan,20,0,100,LeftinTimeOut,Right,184,173,200,0,nan,nan,nan
11/5/2025 5:39:21,1.17.2,Bandit100,12,4.04,nan,20,0,100,LeftinTimeOut,Right,184,173,200,0,nan,nan,nan
11/5/2025 5:39:22,1.17.2,Bandit100,12,4.03,nan,20,0,100,LeftinTimeOut,Right,184,173,200,0,nan,nan,nan
11/5/2025 5:39:23,1.17.2,Bandit100,12,4.04,nan,20,0,100,LeftinTimeOut,Right,184,173,200,0,nan,nan,nan
11/5/2025 5:41:37,1.17.2,Bandit100,12,4.04,nan,20,0,100,Left,Right,185,173,200,0,nan,nan,0.09
11/5/2025 5:43:37,1.17.2,Bandit100,12,4.04,nan,20,0,100,Right,Right,185,174,200,0,nan,nan,0.42
11/5/2025 5:43:37,1.17.2,Bandit100,12,4.04,nan,20,0,100,RightDuringDispense,Right,185,174,200,0,nan,nan,0.03
11/5/2025 5:43:41,1.17.2,Bandit100,12,4.04,2,20,0,100,Pellet,Right,185,174,201,0,1.61,291,nan
11/5/2025 5:43:53,1.17.2,Bandit100,12,4.04,nan,20,0,100,Right,Right,185,175,201,1,nan,nan,0.35
11/5/2025 5:43:58,1.17.2,Bandit100,12,4.03,2,20,0,100,Pellet,Right,185,175,202,1,4.37,17,nan
11/5/2025 5:44:14,1.17.2,Bandit100,12,4.04,nan,20,0,100,Right,Right,185,176,202,2,nan,nan,0.57
11/5/2025 5:44:16,1.17.2,Bandit100,12,4.03,1,20,0,100,Pellet,Right,185,176,203,2,1.07,18,nan
11/5/2025 5:44:25,1.17.2,Bandit100,12,4.04,nan,20,0,100,Right,Right,185,177,203,3,nan,nan,0.47
11/5/2025 5:44:30,1.17.2,Bandit100,12,4.04,2,20,0,100,Pellet,Right,185,177,204,3,2.03,14,nan
11/5/2025 5:44:47,1.17.2,Bandit100,12,4.04,nan,20,0,100,Right,Right,185,178,204,4,nan,nan,0.07
11/5/2025 5:44:48,1.17.2,Bandit100,12,4.03,1,20,0,100,Pellet,Right,185,178,205,4,0.47,18,nan
11/5/2025 5:45:13,1.17.2,Bandit100,12,4.04,nan,20,0,100,Right,Right,185,179,205,5,nan,nan,0.37
11/5/2025 5:45:14,1.17.2,Bandit100,12,4.03,1,20,0,100,Pellet,Right,185,179,206,5,0.59,26,nan
11/5/2025 5:45:36,1.17.2,Bandit100,12,4.04,nan,20,0,100,Right,Right,185,180,206,6,nan,nan,0.59
11/5/2025 5:45:36,1.17.2,Bandit100,12,4.04,nan,20,0,100,RightDuringDispense,Right,185,180,206,6,nan,nan,0.03
11/5/2025 5:45:40,1.17.2,Bandit100,12,4.04,2,20,0,100,Pellet,Right,185,180,207,6,0.95,26,nan
11/5/2025 5:45:47,1.17.2,Bandit100,12,4.04,nan,20,0,100,Right,Right,185,181,207,7,nan,nan,0.28
11/5/2025 5:45:48,1.17.2,Bandit100,12,4.04,nan,20,0,100,RightDuringDispense,Right,185,181,207,7,nan,nan,0.02
11/5/2025 5:45:51,1.17.2,Bandit100,12,4.03,3,20,0,100,Pellet,Right,185,181,208,7,0.41,11,nan
11/5/2025 5:46:08,1.17.2,Bandit100,12,4.05,nan,20,0,100,Right,Right,185,182,208,8,nan,nan,0.32
11/5/2025 5:46:09,1.17.2,Bandit100,12,4.04,1,20,0,100,Pellet,Right,185,182,209,8,0.59,18,nan
11/5/2025 5:46:25,1.17.2,Bandit100,12,4.05,nan,20,0,100,Right,Right,185,183,209,9,nan,nan,0.48
11/5/2025 5:46:27,1.17.2,Bandit100,12,4.04,1,20,0,100,Pellet,Right,185,183,210,9,0.53,18,nan
11/5/2025 5:46:40,1.17.2,Bandit100,12,4.04,nan,20,0,100,Right,Right,185,184,210,10,nan,nan,0.27
11/5/2025 5:46:43,1.17.2,Bandit100,12,4.04,2,20,0,100,Pellet,Right,185,184,211,10,0.59,16,nan
11/5/2025 5:47:07,1.17.2,Bandit100,12,4.04,nan,20,0,100,Right,Right,185,185,211,11,nan,nan,0.44
11/5/2025 5:47:08,1.17.2,Bandit100,12,4.04,nan,20,0,100,RightDuringDispense,Right,185,185,211,11,nan,nan,0.03
11/5/2025 5:47:11,1.17.2,Bandit100,12,4.03,2,20,0,100,Pellet,Right,185,185,212,11,0.47,28,nan
11/5/2025 5:47:26,1.17.2,Bandit100,12,4.04,nan,20,0,100,Right,Right,185,186,212,12,nan,nan,0.40
11/5/2025 5:47:29,1.17.2,Bandit100,12,4.03,1,20,0,100,Pellet,Right,185,186,213,12,2.87,18,nan
11/5/2025 5:47:58,1.17.2,Bandit100,12,4.04,nan,20,0,100,Left,Right,186,186,213,13,nan,nan,0.31
11/5/2025 5:48:02,1.17.2,Bandit100,12,4.04,nan,20,0,100,RightinTimeout,Right,186,186,213,13,nan,nan,0.00
11/5/2025 5:48:02,1.17.2,Bandit100,12,4.04,nan,20,0,100,RightinTimeout,Right,186,186,213,13,nan,nan,0.00
11/5/2025 5:48:02,1.17.2,Bandit100,12,4.05,nan,20,0,100,RightinTimeout,Right,186,186,213,13,nan,nan,0.00
11/5/2025 5:48:11,1.17.2,Bandit100,12,4.04,nan,20,0,100,RightinTimeout,Right,186,186,213,13,nan,nan,0.00
11/5/2025 5:48:12,1.17.2,Bandit100,12,4.04,nan,20,0,100,RightinTimeout,Right,186,186,213,13,nan,nan,0.00
11/5/2025 5:48:12,1.17.2,Bandit100,12,4.04,nan,20,0,100,RightinTimeout,Right,186,186,213,13,nan,nan,0.00
11/5/2025 5:48:16,1.17.2,Bandit100,12,4.04,nan,20,0,100,RightinTimeout,Right,186,186,213,13,nan,nan,0.00
11/5/2025 5:48:16,1.17.2,Bandit100,12,4.03,nan,20,0,100,RightinTimeout,Right,186,186,213,13,nan,nan,0.00
11/5/2025 5:48:16,1.17.2,Bandit100,12,4.03,nan,20,0,100,RightinTimeout,Right,186,186,213,13,nan,nan,0.00
11/5/2025 5:49:17,1.17.2,Bandit100,12,4.04,nan,20,0,100,Right,Right,186,187,213,13,nan,nan,0.03
11/5/2025 5:49:19,1.17.2,Bandit100,12,4.04,1,20,0,100,Pellet,Right,186,187,214,13,0.89,110,nan
11/5/2025 5:50:21,1.17.2,Bandit100,12,4.04,nan,20,0,100,Right,Right,186,188,214,14,nan,nan,0.12
11/5/2025 5:50:22,1.17.2,Bandit100,12,4.04,1,20,0,100,Pellet,Right,186,188,215,14,0.89,63,nan
11/5/2025 5:50:43,1.17.2,Bandit100,12,4.04,nan,20,0,100,Right,Right,186,189,215,15,nan,nan,0.47
11/5/2025 5:50:48,1.17.2,Bandit100,12,4.04,2,20,0,100,Pellet,Right,186,189,216,15,1.37,26,nan
11/5/2025 5:51:08,1.17.2,Bandit100,12,4.04,nan,20,0,100,Right,Right,186,190,216,16,nan,nan,0.08
11/5/2025 5:51:11,1.17.2,Bandit100,12,4.04,2,20,0,100,Pellet,Right,186,190,217,16,0.47,23,nan
11/5/2025 5:51:30,1.17.2,Bandit100,12,4.05,nan,20,0,100,Right,Right,186,191,217,17,nan,nan,0.28
11/5/2025 5:51:31,1.17.2,Bandit100,12,4.04,1,20,0,100,Pellet,Right,186,191,218,17,0.59,20,nan
11/5/2025 5:52:40,1.17.2,Bandit100,12,4.04,nan,20,0,100,Right,Right,186,192,218,18,nan,nan,0.07
11/5/2025 5:52:43,1.17.2,Bandit100,12,4.05,1,20,0,100,Pellet,Right,186,192,219,18,1.73,72,nan
11/5/2025 6:02:41,1.17.2,Bandit100,12,4.03,nan,20,0,100,Left,Right,187,192,219,19,nan,nan,0.16
11/5/2025 9:54:18,1.17.2,Bandit100,12,4.03,nan,20,0,100,Left,Right,188,192,219,19,nan,nan,0.02
11/5/2025 12:35:04,1.17.2,Bandit100,12,4.03,nan,20,0,100,Left,Right,189,192,219,19,nan,nan,0.01
11/5/2025 12:37:55,1.17.2,Bandit100,12,4.03,nan,20,0,100,Right,Right,189,193,219,19,nan,nan,0.07
11/5/2025 12:38:03,1.17.2,Bandit100,12,4.03,2,20,0,100,Pellet,Right,189,193,220,19,5.09,24320,nan
11/5/2025 12:38:56,1.17.2,Bandit100,12,4.03,nan,20,100,0,Right,Left,189,194,220,0,nan,nan,0.65
11/5/2025 12:38:56,1.17.2,Bandit100,12,4.03,nan,20,100,0,RightinTimeout,Left,189,194,220,0,nan,nan,0.00
11/5/2025 12:39:03,1.17.2,Bandit100,12,4.03,nan,20,100,0,RightinTimeout,Left,189,194,220,0,nan,nan,0.00
11/5/2025 12:39:03,1.17.2,Bandit100,12,4.03,nan,20,100,0,RightinTimeout,Left,189,194,220,0,nan,nan,0.00
11/5/2025 12:39:04,1.17.2,Bandit100,12,4.03,nan,20,100,0,RightinTimeout,Left,189,194,220,0,nan,nan,0.00
11/5/2025 12:39:09,1.17.2,Bandit100,12,4.03,nan,20,100,0,RightinTimeout,Left,189,194,220,0,nan,nan,0.00
11/5/2025 12:39:09,1.17.2,Bandit100,12,4.03,nan,20,100,0,RightinTimeout,Left,189,194,220,0,nan,nan,0.00
11/5/2025 12:39:10,1.17.2,Bandit100,12,4.03,nan,20,100,0,RightinTimeout,Left,189,194,220,0,nan,nan,0.00
11/5/2025 12:39:16,1.17.2,Bandit100,12,4.03,nan,20,100,0,RightinTimeout,Left,189,194,220,0,nan,nan,0.00
11/5/2025 12:39:16,1.17.2,Bandit100,12,4.03,nan,20,100,0,RightinTimeout,Left,189,194,220,0,nan,nan,0.00
11/5/2025 12:39:17,1.17.2,Bandit100,12,4.03,nan,20,100,0,RightinTimeout,Left,189,194,220,0,nan,nan,0.00
11/5/2025 12:39:18,1.17.2,Bandit100,12,4.03,nan,20,100,0,RightinTimeout,Left,189,194,220,0,nan,nan,0.00
11/5/2025 12:39:18,1.17.2,Bandit100,12,4.03,nan,20,100,0,RightinTimeout,Left,189,194,220,0,nan,nan,0.00
11/5/2025 12:39:20,1.17.2,Bandit100,12,4.03,nan,20,100,0,RightinTimeout,Left,189,194,220,0,nan,nan,0.00
11/5/2025 12:39:21,1.17.2,Bandit100,12,4.03,nan,20,100,0,RightinTimeout,Left,189,194,220,0,nan,nan,0.00
11/5/2025 12:39:21,1.17.2,Bandit100,12,4.03,nan,20,100,0,RightinTimeout,Left,189,194,220,0,nan,nan,0.00
11/5/2025 15:08:40,1.17.2,Bandit100,12,4.03,nan,20,100,0,Right,Left,189,195,220,0,nan,nan,0.90
11/5/2025 15:08:43,1.17.2,Bandit100,12,4.03,nan,20,100,0,RightinTimeout,Left,189,195,220,0,nan,nan,0.00
11/5/2025 15:08:43,1.17.2,Bandit100,12,4.03,nan,20,100,0,RightinTimeout,Left,189,195,220,0,nan,nan,0.00
11/5/2025 15:08:43,1.17.2,Bandit100,12,4.03,nan,20,100,0,RightinTimeout,Left,189,195,220,0,nan,nan,0.00
11/5/2025 15:08:45,1.17.2,Bandit100,12,4.02,nan,20,100,0,RightinTimeout,Left,189,195,220,0,nan,nan,0.00
11/5/2025 15:08:45,1.17.2,Bandit100,12,4.03,nan,20,100,0,RightinTimeout,Left,189,195,220,0,nan,nan,0.00
11/5/2025 15:08:46,1.17.2,Bandit100,12,4.03,nan,20,100,0,RightinTimeout,Left,189,195,220,0,nan,nan,0.00
11/5/2025 15:08:46,1.17.2,Bandit100,12,4.03,nan,20,100,0,RightinTimeout,Left,189,195,220,0,nan,nan,0.00
11/5/2025 15:08:46,1.17.2,Bandit100,12,4.03,nan,20,100,0,RightinTimeout,Left,189,195,220,0,nan,nan,0.00
11/5/2025 15:08:48,1.17.2,Bandit100,12,4.03,nan,20,100,0,RightinTimeout,Left,189,195,220,0,nan,nan,0.00
11/5/2025 15:08:48,1.17.2,Bandit100,12,4.03,nan,20,100,0,RightinTimeout,Left,189,195,220,0,nan,nan,0.00
11/5/2025 15:08:49,1.17.2,Bandit100,12,4.03,nan,20,100,0,RightinTimeout,Left,189,195,220,0,nan,nan,0.00
11/5/2025 15:08:49,1.17.2,Bandit100,12,4.03,nan,20,100,0,RightinTimeout,Left,189,195,220,0,nan,nan,0.00
11/5/2025 15:08:49,1.17.2,Bandit100,12,4.03,nan,20,100,0,RightinTimeout,Left,189,195,220,0,nan,nan,0.00
11/5/2025 15:08:54,1.17.2,Bandit100,12,4.03,nan,20,100,0,RightinTimeout,Left,189,195,220,0,nan,nan,0.00
11/5/2025 15:08:54,1.17.2,Bandit100,12,4.03,nan,20,100,0,RightinTimeout,Left,189,195,220,0,nan,nan,0.00
11/5/2025 15:08:55,1.17.2,Bandit100,12,4.03,nan,20,100,0,RightinTimeout,Left,189,195,220,0,nan,nan,0.00
11/5/2025 15:08:57,1.17.2,Bandit100,12,4.03,nan,20,100,0,LeftinTimeOut,Left,189,195,220,0,nan,nan,nan
11/5/2025 15:09:08,1.17.2,Bandit100,12,4.03,nan,20,100,0,Right,Left,189,196,220,0,nan,nan,0.31
11/5/2025 15:09:09,1.17.2,Bandit100,12,4.03,nan,20,100,0,RightinTimeout,Left,189,196,220,0,nan,nan,0.00
11/5/2025 15:14:37,1.17.2,Bandit100,12,4.03,nan,20,100,0,Right,Left,189,197,220,0,nan,nan,0.02
11/5/2025 15:17:57,1.17.2,Bandit100,12,4.03,nan,20,100,0,Left,Left,190,197,220,0,nan,nan,0.37
11/5/2025 15:17:58,1.17.2,Bandit100,12,4.03,1,20,100,0,Pellet,Left,190,197,221,0,1.07,9595,nan
11/5/2025 15:18:18,1.17.2,Bandit100,12,4.03,nan,20,100,0,Left,Left,191,197,221,1,nan,nan,0.49
11/5/2025 15:18:20,1.17.2,Bandit100,12,4.03,1,20,100,0,Pellet,Left,191,197,222,1,1.01,22,nan
11/5/2025 15:18:33,1.17.2,Bandit100,12,4.03,nan,20,100,0,Left,Left,192,197,222,2,nan,nan,0.04
11/5/2025 15:18:38,1.17.2,Bandit100,12,4.03,2,20,100,0,Pellet,Left,192,197,223,2,2.03,17,nan
11/5/2025 15:18:51,1.17.2,Bandit100,12,4.03,nan,20,100,0,Right,Left,192,198,223,3,nan,nan,0.20
11/5/2025 15:18:52,1.17.2,Bandit100,12,4.03,nan,20,100,0,RightinTimeout,Left,192,198,223,3,nan,nan,0.00
11/5/2025 15:18:52,1.17.2,Bandit100,12,4.03,nan,20,100,0,RightinTimeout,Left,192,198,223,3,nan,nan,0.00
11/5/2025 15:18:56,1.17.2,Bandit100,12,4.03,nan,20,100,0,RightinTimeout,Left,192,198,223,3,nan,nan,0.00
11/5/2025 15:18:57,1.17.2,Bandit100,12,4.03,nan,20,100,0,RightinTimeout,Left,192,198,223,3,nan,nan,0.00
11/5/2025 15:18:57,1.17.2,Bandit100,12,4.03,nan,20,100,0,RightinTimeout,Left,192,198,223,3,nan,nan,0.00
11/5/2025 15:18:57,1.17.2,Bandit100,12,4.03,nan,20,100,0,RightinTimeout,Left,192,198,223,3,nan,nan,0.00
11/5/2025 15:18:58,1.17.2,Bandit100,12,4.03,nan,20,100,0,RightinTimeout,Left,192,198,223,3,nan,nan,0.00
11/5/2025 15:19:02,1.17.2,Bandit100,12,4.03,nan,20,100,0,LeftinTimeOut,Left,192,198,223,3,nan,nan,nan
11/5/2025 15:19:30,1.17.2,Bandit100,12,4.03,nan,20,100,0,Left,Left,193,198,223,3,nan,nan,0.12
11/5/2025 15:19:32,1.17.2,Bandit100,12,4.03,1,20,100,0,Pellet,Left,193,198,224,3,1.25,55,nan
11/5/2025 15:19:42,1.17.2,Bandit100,12,4.03,nan,20,100,0,Left,Left,194,198,224,4,nan,nan,0.10
11/5/2025 15:19:44,1.17.2,Bandit100,12,4.03,1,20,100,0,Pellet,Left,194,198,225,4,0.59,11,nan
11/5/2025 15:20:01,1.17.2,Bandit100,12,4.03,nan,20,100,0,Left,Left,195,198,225,5,nan,nan,0.09
11/5/2025 15:20:01,1.17.2,Bandit100,12,4.03,nan,20,100,0,LeftDuringDispense,Left,195,198,225,5,nan,nan,0.09
11/5/2025 15:20:04,1.17.2,Bandit100,12,4.03,1,20,100,0,Pellet,Left,195,198,226,5,2.45,21,nan
11/5/2025 15:20:24,1.17.2,Bandit100,12,4.02,nan,20,100,0,Left,Left,196,198,226,6,nan,nan,0.16
11/5/2025 15:20:26,1.17.2,Bandit100,12,4.03,2,20,100,0,Pellet,Left,196,198,227,6,0.59,21,nan
11/5/2025 15:20:37,1.17.2,Bandit100,12,4.03,nan,20,100,0,Left,Left,197,198,227,7,nan,nan,0.05
11/5/2025 15:20:39,1.17.2,Bandit100,12,4.03,2,20,100,0,Pellet,Left,197,198,228,7,1.01,14,nan
11/5/2025 15:21:02,1.17.2,Bandit100,12,4.03,nan,20,100,0,Left,Left,198,198,228,8,nan,nan,0.12
11/5/2025 15:21:03,1.17.2,Bandit100,12,4.03,1,20,100,0,Pellet,Left,198,198,229,8,0.77,24,nan
11/5/2025 15:21:18,1.17.2,Bandit100,12,4.03,nan,20,100,0,Left,Left,199,198,229,9,nan,nan,0.04
11/5/2025 15:21:22,1.17.2,Bandit100,12,4.03,2,20,100,0,Pellet,Left,199,198,230,9,1.37,19,nan
11/5/2025 15:21:38,1.17.2,Bandit100,12,4.03,nan,20,100,0,Left,Left,200,198,230,10,nan,nan,0.10
11/5/2025 15:21:41,1.17.2,Bandit100,12,4.03,1,20,100,0,Pellet,Left,200,198,231,10,1.37,18,nan
11/5/2025 15:21:56,1.17.2,Bandit100,12,4.03,nan,20,100,0,Left,Left,201,198,231,11,nan,nan,0.06
11/5/2025 15:21:58,1.17.2,Bandit100,12,4.03,1,20,100,0,Pellet,Left,201,198,232,11,1.19,18,nan
11/5/2025 17:36:36,1.17.2,Bandit100,12,4.03,nan,20,100,0,Right,Left,201,199,232,12,nan,nan,0.15
11/5/2025 17:36:37,1.17.2,Bandit100,12,4.03,nan,20,100,0,RightinTimeout,Left,201,199,232,12,nan,nan,0.00
11/5/2025 17:36:37,1.17.2,Bandit100,12,4.02,nan,20,100,0,RightinTimeout,Left,201,199,232,12,nan,nan,0.00
11/5/2025 17:36:37,1.17.2,Bandit100,12,4.03,nan,20,100,0,RightinTimeout,Left,201,199,232,12,nan,nan,0.00
11/5/2025 17:57:20,1.17.2,Bandit100,12,4.03,nan,20,100,0,Left,Left,202,199,232,12,nan,nan,0.19
11/5/2025 17:57:22,1.17.2,Bandit100,12,4.03,1,20,100,0,Pellet,Left,202,199,233,12,1.25,9323,nan
11/5/2025 18:03:12,1.17.2,Bandit100,12,4.03,nan,20,100,0,Right,Left,202,200,233,13,nan,nan,0.15
11/5/2025 18:03:15,1.17.2,Bandit100,12,4.02,nan,20,100,0,RightinTimeout,Left,202,200,233,13,nan,nan,0.00
11/5/2025 18:12:07,1.17.2,Bandit100,12,4.03,nan,20,100,0,Right,Left,202,201,233,13,nan,nan,0.37
11/5/2025 18:12:09,1.17.2,Bandit100,12,4.03,nan,20,100,0,RightinTimeout,Left,202,201,233,13,nan,nan,0.00
11/5/2025 18:12:09,1.17.2,Bandit100,12,4.03,nan,20,100,0,RightinTimeout,Left,202,201,233,13,nan,nan,0.00
11/5/2025 18:12:14,1.17.2,Bandit100,12,4.03,nan,20,100,0,RightinTimeout,Left,202,201,233,13,nan,nan,0.00
11/5/2025 18:12:14,1.17.2,Bandit100,12,4.03,nan,20,100,0,RightinTimeout,Left,202,201,233,13,nan,nan,0.00
11/5/2025 18:12:15,1.17.2,Bandit100,12,4.02,nan,20,100,0,RightinTimeout,Left,202,201,233,13,nan,nan,0.00
11/5/2025 18:12:15,1.17.2,Bandit100,12,4.02,nan,20,100,0,RightinTimeout,Left,202,201,233,13,nan,nan,0.00
11/5/2025 18:12:16,1.17.2,Bandit100,12,4.03,nan,20,100,0,RightinTimeout,Left,202,201,233,13,nan,nan,0.00
11/5/2025 18:12:18,1.17.2,Bandit100,12,4.03,nan,20,100,0,LeftinTimeOut,Left,202,201,233,13,nan,nan,nan
11/5/2025 18:12:42,1.17.2,Bandit100,12,4.03,nan,20,100,0,Right,Left,202,202,233,13,nan,nan,0.24
11/5/2025 18:12:44,1.17.2,Bandit100,12,4.03,nan,20,100,0,RightinTimeout,Left,202,202,233,13,nan,nan,0.00
11/5/2025 18:12:44,1.17.2,Bandit100,12,4.03,nan,20,100,0,RightinTimeout,Left,202,202,233,13,nan,nan,0.00
11/5/2025 18:12:45,1.17.2,Bandit100,12,4.03,nan,20,100,0,RightinTimeout,Left,202,202,233,13,nan,nan,0.00
11/5/2025 18:12:45,1.17.2,Bandit100,12,4.02,nan,20,100,0,RightinTimeout,Left,202,202,233,13,nan,nan,0.00
11/5/2025 18:12:46,1.17.2,Bandit100,12,4.03,nan,20,100,0,RightinTimeout,Left,202,202,233,13,nan,nan,0.00
11/5/2025 18:12:47,1.17.2,Bandit100,12,4.03,nan,20,100,0,RightinTimeout,Left,202,202,233,13,nan,nan,0.00
11/5/2025 18:12:47,1.17.2,Bandit100,12,4.02,nan,20,100,0,RightinTimeout,Left,202,202,233,13,nan,nan,0.00
11/5/2025 18:12:48,1.17.2,Bandit100,12,4.03,nan,20,100,0,RightinTimeout,Left,202,202,233,13,nan,nan,0.00
11/5/2025 18:12:48,1.17.2,Bandit100,12,4.03,nan,20,100,0,RightinTimeout,Left,202,202,233,13,nan,nan,0.00
11/5/2025 18:12:51,1.17.2,Bandit100,12,4.03,nan,20,100,0,RightinTimeout,Left,202,202,233,13,nan,nan,0.00
11/5/2025 18:12:51,1.17.2,Bandit100,12,4.03,nan,20,100,0,RightinTimeout,Left,202,202,233,13,nan,nan,0.00
11/5/2025 18:12:53,1.17.2,Bandit100,12,4.03,nan,20,100,0,RightinTimeout,Left,202,202,233,13,nan,nan,0.00
11/5/2025 18:12:53,1.17.2,Bandit100,12,4.03,nan,20,100,0,RightinTimeout,Left,202,202,233,13,nan,nan,0.00
11/5/2025 18:12:54,1.17.2,Bandit100,12,4.03,nan,20,100,0,RightinTimeout,Left,202,202,233,13,nan,nan,0.00
11/5/2025 18:12:55,1.17.2,Bandit100,12,4.03,nan,20,100,0,RightinTimeout,Left,202,202,233,13,nan,nan,0.00
11/5/2025 18:12:55,1.17.2,Bandit100,12,4.03,nan,20,100,0,RightinTimeout,Left,202,202,233,13,nan,nan,0.00
11/5/2025 18:12:55,1.17.2,Bandit100,12,4.03,nan,20,100,0,RightinTimeout,Left,202,202,233,13,nan,nan,0.00
11/5/2025 18:12:58,1.17.2,Bandit100,12,4.03,nan,20,100,0,RightinTimeout,Left,202,202,233,13,nan,nan,0.00
11/5/2025 18:12:58,1.17.2,Bandit100,12,4.03,nan,20,100,0,RightinTimeout,Left,202,202,233,13,nan,nan,0.00
11/5/2025 18:12:59,1.17.2,Bandit100,12,4.03,nan,20,100,0,RightinTimeout,Left,202,202,233,13,nan,nan,0.00
11/5/2025 18:12:59,1.17.2,Bandit100,12,4.03,nan,20,100,0,RightinTimeout,Left,202,202,233,13,nan,nan,0.00
11/5/2025 18:14:37,1.17.2,Bandit100,12,4.02,nan,20,100,0,Right,Left,202,203,233,13,nan,nan,0.13
11/5/2025 18:14:38,1.17.2,Bandit100,12,4.03,nan,20,100,0,RightinTimeout,Left,202,203,233,13,nan,nan,0.00
11/5/2025 18:14:39,1.17.2,Bandit100,12,4.03,nan,20,100,0,RightinTimeout,Left,202,203,233,13,nan,nan,0.00
11/5/2025 18:14:41,1.17.2,Bandit100,12,4.03,nan,20,100,0,LeftinTimeOut,Left,202,203,233,13,nan,nan,nan
11/5/2025 18:14:43,1.17.2,Bandit100,12,4.02,nan,20,100,0,LeftinTimeOut,Left,202,203,233,13,nan,nan,nan
11/5/2025 18:14:48,1.17.2,Bandit100,12,4.03,nan,20,100,0,LeftinTimeOut,Left,202,203,233,13,nan,nan,nan
11/5/2025 18:15:15,1.17.2,Bandit100,12,4.03,nan,20,100,0,Right,Left,202,204,233,13,nan,nan,0.47
11/5/2025 18:15:16,1.17.2,Bandit100,12,4.03,nan,20,100,0,RightinTimeout,Left,202,204,233,13,nan,nan,0.00
11/5/2025 18:15:16,1.17.2,Bandit100,12,4.03,nan,20,100,0,RightinTimeout,Left,202,204,233,13,nan,nan,0.00
11/5/2025 18:15:16,1.17.2,Bandit100,12,4.03,nan,20,100,0,RightinTimeout,Left,202,204,233,13,nan,nan,0.00
11/5/2025 18:15:17,1.17.2,Bandit100,12,4.03,nan,20,100,0,RightinTimeout,Left,202,204,233,13,nan,nan,0.00
11/5/2025 18:15:17,1.17.2,Bandit100,12,4.02,nan,20,100,0,RightinTimeout,Left,202,204,233,13,nan,nan,0.00
11/5/2025 18:15:18,1.17.2,Bandit100,12,4.03,nan,20,100,0,RightinTimeout,Left,202,204,233,13,nan,nan,0.00
11/5/2025 18:15:18,1.17.2,Bandit100,12,4.02,nan,20,100,0,RightinTimeout,Left,202,204,233,13,nan,nan,0.00
11/5/2025 18:15:18,1.17.2,Bandit100,12,4.03,nan,20,100,0,RightinTimeout,Left,202,204,233,13,nan,nan,0.00
11/5/2025 18:15:19,1.17.2,Bandit100,12,4.03,nan,20,100,0,RightinTimeout,Left,202,204,233,13,nan,nan,0.00
11/5/2025 18:15:19,1.17.2,Bandit100,12,4.03,nan,20,100,0,RightinTimeout,Left,202,204,233,13,nan,nan,0.00
11/5/2025 18:15:19,1.17.2,Bandit100,12,4.02,nan,20,100,0,RightinTimeout,Left,202,204,233,13,nan,nan,0.00
11/5/2025 18:15:20,1.17.2,Bandit100,12,4.03,nan,20,100,0,RightinTimeout,Left,202,204,233,13,nan,nan,0.00
11/5/2025 18:15:20,1.17.2,Bandit100,12,4.03,nan,20,100,0,RightinTimeout,Left,202,204,233,13,nan,nan,0.00
11/5/2025 18:15:23,1.17.2,Bandit100,12,4.03,nan,20,100,0,RightinTimeout,Left,202,204,233,13,nan,nan,0.00
11/5/2025 18:15:24,1.17.2,Bandit100,12,4.03,nan,20,100,0,RightinTimeout,Left,202,204,233,13,nan,nan,0.00
11/5/2025 18:15:27,1.17.2,Bandit100,12,4.02,nan,20,100,0,RightinTimeout,Left,202,204,233,13,nan,nan,0.00
11/5/2025 18:15:27,1.17.2,Bandit100,12,4.03,nan,20,100,0,RightinTimeout,Left,202,204,233,13,nan,nan,0.00
11/5/2025 18:15:27,1.17.2,Bandit100,12,4.03,nan,20,100,0,RightinTimeout,Left,202,204,233,13,nan,nan,0.00
11/5/2025 18:15:28,1.17.2,Bandit100,12,4.03,nan,20,100,0,RightinTimeout,Left,202,204,233,13,nan,nan,0.00
11/5/2025 18:15:28,1.17.2,Bandit100,12,4.03,nan,20,100,0,RightinTimeout,Left,202,204,233,13,nan,nan,0.00
11/5/2025 18:15:30,1.17.2,Bandit100,12,4.03,nan,20,100,0,RightinTimeout,Left,202,204,233,13,nan,nan,0.00
11/5/2025 18:15:30,1.17.2,Bandit100,12,4.03,nan,20,100,0,RightinTimeout,Left,202,204,233,13,nan,nan,0.00
11/5/2025 18:15:33,1.17.2,Bandit100,12,4.03,nan,20,100,0,LeftinTimeOut,Left,202,204,233,13,nan,nan,nan
11/5/2025 18:16:39,1.17.2,Bandit100,12,4.03,nan,20,100,0,Right,Left,202,205,233,13,nan,nan,0.49
11/5/2025 18:20:40,1.17.2,Bandit100,12,4.03,nan,20,100,0,Right,Left,202,206,233,13,nan,nan,0.15
11/5/2025 18:20:43,1.17.2,Bandit100,12,4.03,nan,20,100,0,LeftinTimeOut,Left,202,206,233,13,nan,nan,nan
11/5/2025 18:20:44,1.17.2,Bandit100,12,4.03,nan,20,100,0,LeftinTimeOut,Left,202,206,233,13,nan,nan,nan
11/5/2025 18:20:45,1.17.2,Bandit100,12,4.03,nan,20,100,0,LeftinTimeOut,Left,202,206,233,13,nan,nan,nan
11/5/2025 18:20:51,1.17.2,Bandit100,12,4.03,nan,20,100,0,RightinTimeout,Left,202,206,233,13,nan,nan,0.00
11/5/2025 18:20:51,1.17.2,Bandit100,12,4.03,nan,20,100,0,RightinTimeout,Left,202,206,233,13,nan,nan,0.00
11/5/2025 18:20:51,1.17.2,Bandit100,12,4.03,nan,20,100,0,RightinTimeout,Left,202,206,233,13,nan,nan,0.00
11/5/2025 18:20:54,1.17.2,Bandit100,12,4.03,nan,20,100,0,LeftinTimeOut,Left,202,206,233,13,nan,nan,nan
11/5/2025 18:20:55,1.17.2,Bandit100,12,4.03,nan,20,100,0,LeftinTimeOut,Left,202,206,233,13,nan,nan,nan
11/5/2025 18:20:57,1.17.2,Bandit100,12,4.03,nan,20,100,0,LeftinTimeOut,Left,202,206,233,13,nan,nan,nan
11/5/2025 18:30:47,1.17.2,Bandit100,12,4.03,nan,20,100,0,Right,Left,202,207,233,13,nan,nan,0.19
11/5/2025 18:30:49,1.17.2,Bandit100,12,4.03,nan,20,100,0,RightinTimeout,Left,202,207,233,13,nan,nan,0.00
11/5/2025 18:30:50,1.17.2,Bandit100,12,4.03,nan,20,100,0,RightinTimeout,Left,202,207,233,13,nan,nan,0.00
11/5/2025 18:30:50,1.17.2,Bandit100,12,4.03,nan,20,100,0,RightinTimeout,Left,202,207,233,13,nan,nan,0.00
11/5/2025 18:30:50,1.17.2,Bandit100,12,4.03,nan,20,100,0,RightinTimeout,Left,202,207,233,13,nan,nan,0.00
11/5/2025 18:30:51,1.17.2,Bandit100,12,4.03,nan,20,100,0,RightinTimeout,Left,202,207,233,13,nan,nan,0.00
11/5/2025 18:30:51,1.17.2,Bandit100,12,4.03,nan,20,100,0,RightinTimeout,Left,202,207,233,13,nan,nan,0.00
11/5/2025 18:30:53,1.17.2,Bandit100,12,4.03,nan,20,100,0,RightinTimeout,Left,202,207,233,13,nan,nan,0.00
11/5/2025 18:30:53,1.17.2,Bandit100,12,4.02,nan,20,100,0,RightinTimeout,Left,202,207,233,13,nan,nan,0.00
11/5/2025 18:30:55,1.17.2,Bandit100,12,4.02,nan,20,100,0,RightinTimeout,Left,202,207,233,13,nan,nan,0.00
11/5/2025 18:30:55,1.17.2,Bandit100,12,4.02,nan,20,100,0,RightinTimeout,Left,202,207,233,13,nan,nan,0.00
11/5/2025 18:30:55,1.17.2,Bandit100,12,4.03,nan,20,100,0,RightinTimeout,Left,202,207,233,13,nan,nan,0.00
11/5/2025 18:30:56,1.17.2,Bandit100,12,4.03,nan,20,100,0,RightinTimeout,Left,202,207,233,13,nan,nan,0.00
11/5/2025 18:30:57,1.17.2,Bandit100,12,4.03,nan,20,100,0,RightinTimeout,Left,202,207,233,13,nan,nan,0.00
11/5/2025 18:30:57,1.17.2,Bandit100,12,4.03,nan,20,100,0,RightinTimeout,Left,202,207,233,13,nan,nan,0.00
11/5/2025 18:30:57,1.17.2,Bandit100,12,4.03,nan,20,100,0,RightinTimeout,Left,202,207,233,13,nan,nan,0.00
11/5/2025 18:30:59,1.17.2,Bandit100,12,4.03,nan,20,100,0,RightinTimeout,Left,202,207,233,13,nan,nan,0.00
11/5/2025 18:30:59,1.17.2,Bandit100,12,4.03,nan,20,100,0,RightinTimeout,Left,202,207,233,13,nan,nan,0.00
11/5/2025 18:31:00,1.17.2,Bandit100,12,4.03,nan,20,100,0,RightinTimeout,Left,202,207,233,13,nan,nan,0.00
11/5/2025 18:31:02,1.17.2,Bandit100,12,4.03,nan,20,100,0,RightinTimeout,Left,202,207,233,13,nan,nan,0.00
11/5/2025 18:31:02,1.17.2,Bandit100,12,4.03,nan,20,100,0,RightinTimeout,Left,202,207,233,13,nan,nan,0.00
11/5/2025 18:31:02,1.17.2,Bandit100,12,4.03,nan,20,100,0,RightinTimeout,Left,202,207,233,13,nan,nan,0.00
11/5/2025 18:31:03,1.17.2,Bandit100,12,4.03,nan,20,100,0,RightinTimeout,Left,202,207,233,13,nan,nan,0.00
11/5/2025 18:31:06,1.17.2,Bandit100,12,4.03,nan,20,100,0,RightinTimeout,Left,202,207,233,13,nan,nan,0.00
11/5/2025 18:31:06,1.17.2,Bandit100,12,4.02,nan,20,100,0,RightinTimeout,Left,202,207,233,13,nan,nan,0.00
11/5/2025 18:31:29,1.17.2,Bandit100,12,4.03,nan,20,100,0,Right,Left,202,208,233,13,nan,nan,0.18
11/5/2025 18:31:30,1.17.2,Bandit100,12,4.03,nan,20,100,0,RightinTimeout,Left,202,208,233,13,nan,nan,0.00
11/5/2025 18:31:31,1.17.2,Bandit100,12,4.02,nan,20,100,0,RightinTimeout,Left,202,208,233,13,nan,nan,0.00
11/5/2025 18:31:31,1.17.2,Bandit100,12,4.03,nan,20,100,0,RightinTimeout,Left,202,208,233,13,nan,nan,0.00
11/5/2025 18:31:32,1.17.2,Bandit100,12,4.03,nan,20,100,0,RightinTimeout,Left,202,208,233,13,nan,nan,0.00
11/5/2025 18:31:33,1.17.2,Bandit100,12,4.03,nan,20,100,0,RightinTimeout,Left,202,208,233,13,nan,nan,0.00
11/5/2025 18:31:42,1.17.2,Bandit100,12,4.03,nan,20,100,0,LeftinTimeOut,Left,202,208,233,13,nan,nan,nan
11/5/2025 18:31:44,1.17.2,Bandit100,12,4.03,nan,20,100,0,LeftinTimeOut,Left,202,208,233,13,nan,nan,nan
11/5/2025 18:31:45,1.17.2,Bandit100,12,4.03,nan,20,100,0,LeftinTimeOut,Left,202,208,233,13,nan,nan,nan
11/5/2025 18:31:45,1.17.2,Bandit100,12,4.03,nan,20,100,0,LeftinTimeOut,Left,202,208,233,13,nan,nan,nan
11/5/2025 18:31:50,1.17.2,Bandit100,12,4.02,nan,20,100,0,RightinTimeout,Left,202,208,233,13,nan,nan,0.00
11/5/2025 18:31:51,1.17.2,Bandit100,12,4.03,nan,20,100,0,RightinTimeout,Left,202,208,233,13,nan,nan,0.00
11/5/2025 18:31:51,1.17.2,Bandit100,12,4.02,nan,20,100,0,RightinTimeout,Left,202,208,233,13,nan,nan,0.00
11/5/2025 18:31:54,1.17.2,Bandit100,12,4.03,nan,20,100,0,LeftinTimeOut,Left,202,208,233,13,nan,nan,nan
11/5/2025 18:31:54,1.17.2,Bandit100,12,4.02,nan,20,100,0,LeftinTimeOut,Left,202,208,233,13,nan,nan,nan
11/5/2025 18:31:55,1.17.2,Bandit100,12,4.03,nan,20,100,0,LeftinTimeOut,Left,202,208,233,13,nan,nan,nan
11/5/2025 18:31:57,1.17.2,Bandit100,12,4.03,nan,20,100,0,LeftinTimeOut,Left,202,208,233,13,nan,nan,nan
11/5/2025 18:31:58,1.17.2,Bandit100,12,4.03,nan,20,100,0,LeftinTimeOut,Left,202,208,233,13,nan,nan,nan
11/5/2025 18:32:02,1.17.2,Bandit100,12,4.03,nan,20,100,0,LeftinTimeOut,Left,202,208,233,13,nan,nan,nan
11/5/2025 18:33:37,1.17.2,Bandit100,12,4.03,nan,20,100,0,Right,Left,202,209,233,13,nan,nan,0.05
11/5/2025 18:33:38,1.17.2,Bandit100,12,4.03,nan,20,100,0,RightinTimeout,Left,202,209,233,13,nan,nan,0.00
11/5/2025 18:33:38,1.17.2,Bandit100,12,4.02,nan,20,100,0,RightinTimeout,Left,202,209,233,13,nan,nan,0.00
11/5/2025 18:33:39,1.17.2,Bandit100,12,4.02,nan,20,100,0,RightinTimeout,Left,202,209,233,13,nan,nan,0.00
11/5/2025 18:33:39,1.17.2,Bandit100,12,4.02,nan,20,100,0,RightinTimeout,Left,202,209,233,13,nan,nan,0.00
11/5/2025 18:33:40,1.17.2,Bandit100,12,4.03,nan,20,100,0,RightinTimeout,Left,202,209,233,13,nan,nan,0.00
11/5/2025 18:33:40,1.17.2,Bandit100,12,4.02,nan,20,100,0,RightinTimeout,Left,202,209,233,13,nan,nan,0.00
11/5/2025 18:33:40,1.17.2,Bandit100,12,4.03,nan,20,100,0,RightinTimeout,Left,202,209,233,13,nan,nan,0.00
11/5/2025 18:33:45,1.17.2,Bandit100,12,4.03,nan,20,100,0,LeftinTimeOut,Left,202,209,233,13,nan,nan,nan
11/5/2025 18:33:47,1.17.2,Bandit100,12,4.03,nan,20,100,0,LeftinTimeOut,Left,202,209,233,13,nan,nan,nan
11/5/2025 18:54:09,1.17.2,Bandit100,12,4.03,nan,20,100,0,Left,Left,203,209,233,13,nan,nan,0.00
11/5/2025 18:54:11,1.17.2,Bandit100,12,4.03,1,20,100,0,Pellet,Left,203,209,234,13,1.01,3410,nan
11/5/2025 18:54:33,1.17.2,Bandit100,12,4.03,nan,20,100,0,Left,Left,204,209,234,14,nan,nan,0.10
11/5/2025 18:54:34,1.17.2,Bandit100,12,4.03,1,20,100,0,Pellet,Left,204,209,235,14,0.65,23,nan
11/5/2025 18:54:53,1.17.2,Bandit100,12,4.03,nan,20,100,0,Left,Left,205,209,235,15,nan,nan,0.00
11/5/2025 18:54:54,1.17.2,Bandit100,12,4.03,1,20,100,0,Pellet,Left,205,209,236,15,0.65,20,nan
11/5/2025 18:55:24,1.17.2,Bandit100,12,4.03,nan,20,100,0,Left,Left,206,209,236,16,nan,nan,0.04
11/5/2025 18:55:27,1.17.2,Bandit100,12,4.02,2,20,100,0,Pellet,Left,206,209,237,16,1.01,33,nan
11/5/2025 18:55:45,1.17.2,Bandit100,12,4.03,nan,20,100,0,Left,Left,207,209,237,17,nan,nan,0.02
11/5/2025 18:55:46,1.17.2,Bandit100,12,4.03,1,20,100,0,Pellet,Left,207,209,238,17,0.47,19,nan
11/5/2025 18:55:59,1.17.2,Bandit100,12,4.03,nan,20,100,0,Left,Left,208,209,238,18,nan,nan,0.11
11/5/2025 18:56:01,1.17.2,Bandit100,12,4.03,1,20,100,0,Pellet,Left,208,209,239,18,1.01,15,nan
11/5/2025 18:56:15,1.17.2,Bandit100,12,4.03,nan,20,100,0,Left,Left,209,209,239,19,nan,nan,0.06
11/5/2025 18:56:17,1.17.2,Bandit100,12,4.02,1,20,100,0,Pellet,Left,209,209,240,19,0.59,16,nan
11/5/2025 18:56:32,1.17.2,Bandit100,12,4.03,nan,20,0,100,Left,Right,210,209,240,0,nan,nan,0.09
11/5/2025 18:56:35,1.17.2,Bandit100,12,4.03,nan,20,0,100,LeftinTimeOut,Right,210,209,240,0,nan,nan,nan
11/5/2025 18:56:35,1.17.2,Bandit100,12,4.03,nan,20,0,100,LeftinTimeOut,Right,210,209,240,0,nan,nan,nan
11/5/2025 18:56:39,1.17.2,Bandit100,12,4.03,nan,20,0,100,LeftinTimeOut,Right,210,209,240,0,nan,nan,nan
11/5/2025 18:56:40,1.17.2,Bandit100,12,4.02,nan,20,0,100,LeftinTimeOut,Right,210,209,240,0,nan,nan,nan
11/5/2025 18:56:43,1.17.2,Bandit100,12,4.02,nan,20,0,100,LeftinTimeOut,Right,210,209,240,0,nan,nan,nan
11/5/2025 18:56:45,1.17.2,Bandit100,12,4.03,nan,20,0,100,LeftinTimeOut,Right,210,209,240,0,nan,nan,nan
11/5/2025 18:56:46,1.17.2,Bandit100,12,4.03,nan,20,0,100,LeftinTimeOut,Right,210,209,240,0,nan,nan,nan
11/5/2025 18:56:54,1.17.2,Bandit100,12,4.03,nan,20,0,100,LeftinTimeOut,Right,210,209,240,0,nan,nan,nan
11/5/2025 18:56:58,1.17.2,Bandit100,12,4.03,nan,20,0,100,RightinTimeout,Right,210,209,240,0,nan,nan,0.00
11/5/2025 18:56:58,1.17.2,Bandit100,12,4.03,nan,20,0,100,RightinTimeout,Right,210,209,240,0,nan,nan,0.00
11/5/2025 18:57:41,1.17.2,Bandit100,12,4.02,nan,20,0,100,Left,Right,211,209,240,0,nan,nan,0.12
11/5/2025 18:58:03,1.17.2,Bandit100,12,4.03,nan,20,0,100,Right,Right,211,210,240,0,nan,nan,0.00
11/5/2025 18:58:05,1.17.2,Bandit100,12,4.03,1,20,0,100,Pellet,Right,211,210,241,0,0.95,108,nan
11/5/2025 18:58:34,1.17.2,Bandit100,12,4.03,nan,20,0,100,Right,Right,211,211,241,1,nan,nan,0.55
11/5/2025 18:58:35,1.17.2,Bandit100,12,4.03,1,20,0,100,Pellet,Right,211,211,242,1,0.59,30,nan
11/5/2025 18:58:44,1.17.2,Bandit100,12,4.03,nan,20,0,100,Right,Right,211,212,242,2,nan,nan,0.09
11/5/2025 18:58:45,1.17.2,Bandit100,12,4.03,1,20,0,100,Pellet,Right,211,212,243,2,1.19,10,nan
11/5/2025 18:58:57,1.17.2,Bandit100,12,4.02,nan,20,0,100,Right,Right,211,213,243,3,nan,nan,0.21
11/5/2025 18:59:03,1.17.2,Bandit100,12,4.03,3,20,0,100,Pellet,Right,211,213,244,3,1.31,18,nan
11/5/2025 18:59:23,1.17.2,Bandit100,12,4.02,nan,20,0,100,Right,Right,211,214,244,4,nan,nan,0.13
11/5/2025 18:59:23,1.17.2,Bandit100,12,4.03,nan,20,0,100,RightDuringDispense,Right,211,214,244,4,nan,nan,0.09
11/5/2025 18:59:27,1.17.2,Bandit100,12,4.03,2,20,0,100,Pellet,Right,211,214,245,4,0.89,24,nan
11/5/2025 18:59:35,1.17.2,Bandit100,12,4.02,nan,20,0,100,Right,Right,211,215,245,5,nan,nan,0.11
11/5/2025 18:59:44,1.17.2,Bandit100,12,4.03,1,20,0,100,Pellet,Right,211,215,246,5,8.15,17,nan
11/5/2025 18:59:58,1.17.2,Bandit100,12,4.03,nan,20,0,100,Right,Right,211,216,246,6,nan,nan,0.22
11/5/2025 18:59:59,1.17.2,Bandit100,12,4.03,nan,20,0,100,RightDuringDispense,Right,211,216,246,6,nan,nan,0.06
11/5/2025 19:00:03,1.17.2,Bandit100,12,4.02,2,20,0,100,Pellet,Right,211,216,247,6,1.13,19,nan
11/5/2025 19:00:07,1.17.2,Bandit100,12,4.03,nan,20,0,100,Right,Right,211,217,247,7,nan,nan,0.04
11/5/2025 19:00:11,1.17.2,Bandit100,12,4.03,2,20,0,100,Pellet,Right,211,217,248,7,1.43,8,nan
11/5/2025 19:00:23,1.17.2,Bandit100,12,4.02,nan,20,0,100,Right,Right,211,218,248,8,nan,nan,0.29
11/5/2025 19:00:27,1.17.2,Bandit100,12,4.03,2,20,0,100,Pellet,Right,211,218,249,8,0.83,16,nan
11/5/2025 19:00:48,1.17.2,Bandit100,12,4.03,nan,20,0,100,Right,Right,211,219,249,9,nan,nan,0.32
11/5/2025 19:00:54,1.17.2,Bandit100,12,4.03,2,20,0,100,Pellet,Right,211,219,250,9,2.93,26,nan
11/5/2025 19:01:07,1.17.2,Bandit100,12,4.03,nan,20,0,100,Right,Right,211,220,250,10,nan,nan,0.02
11/5/2025 19:01:11,1.17.2,Bandit100,12,4.03,2,20,0,100,Pellet,Right,211,220,251,10,0.77,18,nan
11/5/2025 19:01:22,1.17.2,Bandit100,12,4.03,nan,20,0,100,Right,Right,211,221,251,11,nan,nan,0.32
11/5/2025 19:01:23,1.17.2,Bandit100,12,4.03,1,20,0,100,Pellet,Right,211,221,252,11,0.41,12,nan
11/5/2025 19:03:10,1.17.2,Bandit100,12,4.03,nan,20,0,100,Right,Right,211,222,252,12,nan,nan,0.01
11/5/2025 19:03:11,1.17.2,Bandit100,12,4.03,1,20,0,100,Pellet,Right,211,222,253,12,0.83,108,nan
11/5/2025 19:04:58,1.17.2,Bandit100,12,4.02,nan,20,0,100,Left,Right,212,222,253,13,nan,nan,0.17
11/5/2025 19:05:38,1.17.2,Bandit100,12,4.02,nan,20,0,100,Left,Right,213,222,253,13,nan,nan,0.00
11/5/2025 19:05:49,1.17.2,Bandit100,12,4.03,nan,20,0,100,Right,Right,213,223,253,13,nan,nan,0.08
11/5/2025 19:05:52,1.17.2,Bandit100,12,4.02,2,20,0,100,Pellet,Right,213,223,254,13,0.65,161,nan
11/5/2025 19:06:00,1.17.2,Bandit100,12,4.03,nan,20,0,100,Right,Right,213,224,254,14,nan,nan,0.04
11/5/2025 19:06:00,1.17.2,Bandit100,12,4.03,1,20,0,100,Pellet,Right,213,224,255,14,0.06,8,nan
11/5/2025 19:06:09,1.17.2,Bandit100,12,4.03,nan,20,0,100,Right,Right,213,225,255,15,nan,nan,0.05
11/5/2025 19:06:10,1.17.2,Bandit100,12,4.02,1,20,0,100,Pellet,Right,213,225,256,15,0.35,10,nan
11/5/2025 19:06:23,1.17.2,Bandit100,12,4.03,nan,20,0,100,Right,Right,213,226,256,16,nan,nan,0.12
11/5/2025 19:06:27,1.17.2,Bandit100,12,4.02,1,20,0,100,Pellet,Right,213,226,257,16,3.47,17,nan
11/5/2025 19:10:58,1.17.2,Bandit100,12,4.03,nan,20,0,100,Left,Right,214,226,257,17,nan,nan,0.00
11/5/2025 19:11:00,1.17.2,Bandit100,12,4.03,nan,20,0,100,LeftinTimeOut,Right,214,226,257,17,nan,nan,nan
11/5/2025 19:15:58,1.17.2,Bandit100,12,4.02,nan,20,0,100,Right,Right,214,227,257,17,nan,nan,0.09
11/5/2025 19:16:02,1.17.2,Bandit100,12,4.03,1,20,0,100,Pellet,Right,214,227,258,17,3.95,575,nan
11/5/2025 19:16:42,1.17.2,Bandit100,12,4.02,nan,20,0,100,Left,Right,215,227,258,18,nan,nan,0.07
11/5/2025 19:16:44,1.17.2,Bandit100,12,4.03,nan,20,0,100,LeftinTimeOut,Right,215,227,258,18,nan,nan,nan
11/5/2025 19:17:37,1.17.2,Bandit100,12,4.02,nan,20,0,100,Right,Right,215,228,258,18,nan,nan,0.10
11/5/2025 19:17:51,1.17.2,Bandit100,12,4.03,2,20,0,100,Pellet,Right,215,228,259,18,13.61,109,nan
11/5/2025 19:18:40,1.17.2,Bandit100,12,4.03,nan,20,0,100,Right,Right,215,229,259,19,nan,nan,0.00
11/5/2025 19:18:42,1.17.2,Bandit100,12,4.02,nan,20,0,100,RightWithPellet,Right,215,230,259,19,nan,nan,0.00
11/5/2025 19:18:45,1.17.2,Bandit100,12,4.02,1,20,0,100,Pellet,Right,215,230,260,19,4.15,54,nan
11/5/2025 19:19:15,1.17.2,Bandit100,12,4.03,nan,20,100,0,Left,Left,216,230,260,0,nan,nan,0.08
11/5/2025 19:19:34,1.17.2,Bandit100,12,4.03,2,20,100,0,Pellet,Left,216,230,261,0,16.13,49,nan
11/5/2025 19:32:52,1.17.2,Bandit100,12,4.03,nan,20,100,0,Left,Left,217,230,261,1,nan,nan,0.07
11/5/2025 19:32:53,1.17.2,Bandit100,12,4.02,nan,20,100,0,LeftDuringDispense,Left,217,230,261,1,nan,nan,0.28
11/5/2025 19:32:55,1.17.2,Bandit100,12,4.03,nan,20,100,0,LeftDuringDispense,Left,217,230,261,1,nan,nan,0.02
11/5/2025 19:32:56,1.17.2,Bandit100,12,4.02,nan,20,100,0,LeftDuringDispense,Left,217,230,261,1,nan,nan,0.26
11/5/2025 19:33:02,1.17.2,Bandit100,12,4.03,3,20,100,0,Pellet,Left,217,230,262,1,3.71,808,nan
11/5/2025 19:33:28,1.17.2,Bandit100,12,4.02,nan,20,100,0,Right,Left,217,231,262,2,nan,nan,0.16
11/5/2025 19:34:38,1.17.2,Bandit100,12,4.02,nan,20,100,0,Right,Left,217,232,262,2,nan,nan,0.09
11/5/2025 19:38:04,1.17.2,Bandit100,12,4.03,nan,20,100,0,Right,Left,217,233,262,2,nan,nan,0.39
11/5/2025 19:38:05,1.17.2,Bandit100,12,4.03,nan,20,100,0,RightinTimeout,Left,217,233,262,2,nan,nan,0.00
11/5/2025 19:48:23,1.17.2,Bandit100,12,4.02,nan,20,100,0,Left,Left,218,233,262,2,nan,nan,0.40
11/5/2025 19:48:25,1.17.2,Bandit100,12,4.02,1,20,100,0,Pellet,Left,218,233,263,2,0.77,923,nan
11/5/2025 19:50:17,1.17.2,Bandit100,12,4.02,nan,20,100,0,Left,Left,219,233,263,3,nan,nan,0.03
11/5/2025 19:50:18,1.17.2,Bandit100,12,4.03,1,20,100,0,Pellet,Left,219,233,264,3,0.77,113,nan
11/5/2025 19:50:55,1.17.2,Bandit100,12,4.03,nan,20,100,0,Left,Left,220,233,264,4,nan,nan,0.27
11/5/2025 19:50:56,1.17.2,Bandit100,12,4.03,1,20,100,0,Pellet,Left,220,233,265,4,0.65,38,nan
11/5/2025 19:51:08,1.17.2,Bandit100,12,4.02,nan,20,100,0,Left,Left,221,233,265,5,nan,nan,0.03
11/5/2025 19:51:10,1.17.2,Bandit100,12,4.02,1,20,100,0,Pellet,Left,221,233,266,5,1.55,14,nan
11/5/2025 19:51:24,1.17.2,Bandit100,12,4.02,nan,20,100,0,Left,Left,222,233,266,6,nan,nan,0.28
11/5/2025 19:51:25,1.17.2,Bandit100,12,4.02,1,20,100,0,Pellet,Left,222,233,267,6,0.59,15,nan
11/5/2025 19:55:59,1.17.2,Bandit100,12,4.03,nan,20,100,0,Right,Left,222,234,267,7,nan,nan,0.20
11/5/2025 19:56:05,1.17.2,Bandit100,12,4.02,nan,20,100,0,RightinTimeout,Left,222,234,267,7,nan,nan,0.00
11/5/2025 20:05:34,1.17.2,Bandit100,12,4.03,nan,20,100,0,Left,Left,223,234,267,7,nan,nan,0.19
11/5/2025 20:05:40,1.17.2,Bandit100,12,4.02,2,20,100,0,Pellet,Left,223,234,268,7,3.23,855,nan
11/5/2025 20:05:50,1.17.2,Bandit100,12,4.02,nan,20,100,0,Left,Left,224,234,268,8,nan,nan,0.09
11/5/2025 20:05:51,1.17.2,Bandit100,12,4.02,1,20,100,0,Pellet,Left,224,234,269,8,0.77,11,nan
11/5/2025 20:14:31,1.17.2,Bandit100,12,4.02,nan,20,100,0,Right,Left,224,235,269,9,nan,nan,0.27
11/5/2025 20:16:52,1.17.2,Bandit100,12,4.02,nan,20,100,0,Left,Left,225,235,269,9,nan,nan,0.28
11/5/2025 20:16:54,1.17.2,Bandit100,12,4.02,1,20,100,0,Pellet,Left,225,235,270,9,1.31,663,nan
11/5/2025 20:31:31,1.17.2,Bandit100,12,4.02,nan,20,100,0,Left,Left,226,235,270,10,nan,nan,0.10
11/5/2025 20:31:32,1.17.2,Bandit100,12,4.03,1,20,100,0,Pellet,Left,226,235,271,10,0.65,878,nan
11/5/2025 20:31:44,1.17.2,Bandit100,12,4.02,nan,20,100,0,Left,Left,227,235,271,11,nan,nan,0.56
11/5/2025 20:31:45,1.17.2,Bandit100,12,4.03,1,20,100,0,Pellet,Left,227,235,272,11,1.13,13,nan
11/5/2025 20:31:52,1.17.2,Bandit100,12,4.02,nan,20,100,0,Left,Left,228,235,272,12,nan,nan,0.12
11/5/2025 20:31:53,1.17.2,Bandit100,12,4.02,1,20,100,0,Pellet,Left,228,235,273,12,0.53,8,nan
11/5/2025 20:32:10,1.17.2,Bandit100,12,4.02,nan,20,100,0,Left,Left,229,235,273,13,nan,nan,0.09
11/5/2025 20:32:11,1.17.2,Bandit100,12,4.02,1,20,100,0,Pellet,Left,229,235,274,13,0.53,18,nan
11/5/2025 20:32:18,1.17.2,Bandit100,12,4.03,nan,20,100,0,Left,Left,230,235,274,14,nan,nan,0.07
11/5/2025 20:32:21,1.17.2,Bandit100,12,4.02,2,20,100,0,Pellet,Left,230,235,275,14,0.89,10,nan
11/5/2025 20:33:16,1.17.2,Bandit100,12,4.03,nan,20,100,0,Left,Left,231,235,275,15,nan,nan,0.03
11/5/2025 20:33:16,1.17.2,Bandit100,12,4.03,nan,20,100,0,LeftDuringDispense,Left,231,235,275,15,nan,nan,0.08
11/5/2025 20:33:20,1.17.2,Bandit100,12,4.02,2,20,100,0,Pellet,Left,231,235,276,15,0.65,59,nan
11/5/2025 20:33:25,1.17.2,Bandit100,12,4.02,nan,20,100,0,Left,Left,232,235,276,16,nan,nan,0.43
11/5/2025 20:33:27,1.17.2,Bandit100,12,4.02,1,20,100,0,Pellet,Left,232,235,277,16,0.59,7,nan
11/5/2025 20:33:34,1.17.2,Bandit100,12,4.02,nan,20,100,0,Left,Left,233,235,277,17,nan,nan,0.22
11/5/2025 20:33:35,1.17.2,Bandit100,12,4.02,1,20,100,0,Pellet,Left,233,235,278,17,0.53,8,nan
11/5/2025 20:33:46,1.17.2,Bandit100,12,4.02,nan,20,100,0,Left,Left,234,235,278,18,nan,nan,0.13
11/5/2025 20:33:48,1.17.2,Bandit100,12,4.02,1,20,100,0,Pellet,Left,234,235,279,18,0.65,13,nan
11/5/2025 20:33:57,1.17.2,Bandit100,12,4.03,nan,20,100,0,Left,Left,235,235,279,19,nan,nan,0.03
11/5/2025 20:33:58,1.17.2,Bandit100,12,4.03,1,20,100,0,Pellet,Left,235,235,280,19,0.47,10,nan
11/5/2025 20:34:15,1.17.2,Bandit100,12,4.02,nan,20,0,100,Left,Right,236,235,280,0,nan,nan,0.05
11/5/2025 20:34:20,1.17.2,Bandit100,12,4.02,nan,20,0,100,LeftinTimeOut,Right,236,235,280,0,nan,nan,nan
11/5/2025 20:43:26,1.17.2,Bandit100,12,4.03,nan,20,0,100,Right,Right,236,236,280,0,nan,nan,0.01
11/5/2025 20:43:29,1.17.2,Bandit100,12,4.03,1,20,0,100,Pellet,Right,236,236,281,0,2.39,571,nan
11/5/2025 20:47:40,1.17.2,Bandit100,12,4.02,nan,20,0,100,Right,Right,236,237,281,1,nan,nan,0.05
11/5/2025 20:47:45,1.17.2,Bandit100,12,4.02,3,20,0,100,Pellet,Right,236,237,282,1,0.65,256,nan
11/5/2025 20:59:42,1.17.2,Bandit100,12,4.02,nan,20,0,100,Left,Right,237,237,282,2,nan,nan,0.30
11/5/2025 21:00:00,1.17.2,Bandit100,12,4.02,nan,20,0,100,Left,Right,238,237,282,2,nan,nan,0.08
11/5/2025 21:13:43,1.17.2,Bandit100,12,4.02,nan,20,0,100,Left,Right,239,237,282,2,nan,nan,0.32
11/5/2025 21:14:02,1.17.2,Bandit100,12,4.03,nan,20,0,100,Right,Right,239,238,282,2,nan,nan,0.42
11/5/2025 21:14:03,1.17.2,Bandit100,12,4.02,1,20,0,100,Pellet,Right,239,238,283,2,0.77,1578,nan
11/5/2025 21:14:27,1.17.2,Bandit100,12,4.02,nan,20,0,100,Right,Right,239,239,283,3,nan,nan,0.00
11/5/2025 21:14:28,1.17.2,Bandit100,12,4.02,nan,20,0,100,RightDuringDispense,Right,239,239,283,3,nan,nan,0.02
11/5/2025 21:14:32,1.17.2,Bandit100,12,4.02,2,20,0,100,Pellet,Right,239,239,284,3,1.25,29,nan
11/5/2025 21:14:47,1.17.2,Bandit100,12,4.02,nan,20,0,100,Right,Right,239,240,284,4,nan,nan,0.26
11/5/2025 21:14:49,1.17.2,Bandit100,12,4.02,1,20,0,100,Pellet,Right,239,240,285,4,0.77,17,nan
11/5/2025 21:15:04,1.17.2,Bandit100,12,4.03,nan,20,0,100,Right,Right,239,241,285,5,nan,nan,0.29
11/5/2025 21:15:08,1.17.2,Bandit100,12,4.02,1,20,0,100,Pellet,Right,239,241,286,5,3.77,19,nan
11/5/2025 21:15:16,1.17.2,Bandit100,12,4.02,nan,20,0,100,Right,Right,239,242,286,6,nan,nan,0.09
11/5/2025 21:15:17,1.17.2,Bandit100,12,4.02,1,20,0,100,Pellet,Right,239,242,287,6,0.71,9,nan
11/5/2025 21:15:32,1.17.2,Bandit100,12,4.03,nan,20,0,100,Right,Right,239,243,287,7,nan,nan,0.08
11/5/2025 21:15:35,1.17.2,Bandit100,12,4.02,2,20,0,100,Pellet,Right,239,243,288,7,0.71,18,nan
11/5/2025 21:15:43,1.17.2,Bandit100,12,4.02,nan,20,0,100,Right,Right,239,244,288,8,nan,nan,0.08
11/5/2025 21:15:44,1.17.2,Bandit100,12,4.02,1,20,0,100,Pellet,Right,239,244,289,8,0.65,9,nan
11/5/2025 21:15:59,1.17.2,Bandit100,12,4.03,nan,20,0,100,Right,Right,239,245,289,9,nan,nan,0.15
11/5/2025 21:16:01,1.17.2,Bandit100,12,4.02,1,20,0,100,Pellet,Right,239,245,290,9,0.65,17,nan
11/5/2025 21:16:25,1.17.2,Bandit100,12,4.02,nan,20,0,100,Right,Right,239,246,290,10,nan,nan,0.42
11/5/2025 21:16:27,1.17.2,Bandit100,12,4.02,1,20,0,100,Pellet,Right,239,246,291,10,1.13,26,nan
11/5/2025 21:16:47,1.17.2,Bandit100,12,4.02,nan,20,0,100,Right,Right,239,247,291,11,nan,nan,0.40
11/5/2025 21:16:49,1.17.2,Bandit100,12,4.03,1,20,0,100,Pellet,Right,239,247,292,11,1.43,22,nan
11/5/2025 21:16:54,1.17.2,Bandit100,12,4.03,nan,20,0,100,Right,Right,239,248,292,12,nan,nan,0.21
11/5/2025 21:16:57,1.17.2,Bandit100,12,4.02,2,20,0,100,Pellet,Right,239,248,293,12,0.47,8,nan
11/5/2025 21:17:07,1.17.2,Bandit100,12,4.03,nan,20,0,100,Right,Right,239,249,293,13,nan,nan,0.13
11/5/2025 21:17:12,1.17.2,Bandit100,12,4.02,2,20,0,100,Pellet,Right,239,249,294,13,2.93,15,nan
11/5/2025 21:17:42,1.17.2,Bandit100,12,4.02,nan,20,0,100,Right,Right,239,250,294,14,nan,nan,0.48
11/5/2025 21:17:43,1.17.2,Bandit100,12,4.02,1,20,0,100,Pellet,Right,239,250,295,14,0.47,31,nan
11/5/2025 21:17:53,1.17.2,Bandit100,12,4.02,nan,20,0,100,Right,Right,239,251,295,15,nan,nan,0.41
11/5/2025 21:17:54,1.17.2,Bandit100,12,4.02,1,20,0,100,Pellet,Right,239,251,296,15,0.47,11,nan
11/5/2025 21:18:14,1.17.2,Bandit100,12,4.02,nan,20,0,100,Right,Right,239,252,296,16,nan,nan,0.30
11/5/2025 21:18:15,1.17.2,Bandit100,12,4.02,1,20,0,100,Pellet,Right,239,252,297,16,0.29,21,nan
11/5/2025 21:18:23,1.17.2,Bandit100,12,4.02,nan,20,0,100,Right,Right,239,253,297,17,nan,nan,0.02
11/5/2025 21:18:25,1.17.2,Bandit100,12,4.02,1,20,0,100,Pellet,Right,239,253,298,17,0.47,10,nan
11/5/2025 21:18:39,1.17.2,Bandit100,12,4.02,nan,20,0,100,Right,Right,239,254,298,18,nan,nan,0.07
11/5/2025 21:18:40,1.17.2,Bandit100,12,4.02,1,20,0,100,Pellet,Right,239,254,299,18,0.41,15,nan
11/5/2025 21:19:02,1.17.2,Bandit100,12,4.02,nan,20,0,100,Right,Right,239,255,299,19,nan,nan,0.08
11/5/2025 21:19:02,1.17.2,Bandit100,12,4.02,nan,20,0,100,RightDuringDispense,Right,239,255,299,19,nan,nan,0.02
11/5/2025 21:19:06,1.17.2,Bandit100,12,4.02,2,20,0,100,Pellet,Right,239,255,300,19,0.95,26,nan
11/5/2025 21:19:26,1.17.2,Bandit100,12,4.02,nan,20,100,0,Right,Left,239,256,300,0,nan,nan,0.03
11/5/2025 21:19:29,1.17.2,Bandit100,12,4.02,nan,20,100,0,RightinTimeout,Left,239,256,300,0,nan,nan,0.00
11/5/2025 21:19:30,1.17.2,Bandit100,12,4.02,nan,20,100,0,RightinTimeout,Left,239,256,300,0,nan,nan,0.00
11/5/2025 21:21:21,1.17.2,Bandit100,12,4.02,nan,20,100,0,Left,Left,240,256,300,0,nan,nan,0.04
11/5/2025 21:21:26,1.17.2,Bandit100,12,4.02,2,20,100,0,Pellet,Left,240,256,301,0,1.97,140,nan
11/5/2025 21:27:04,1.17.2,Bandit100,12,4.03,nan,20,100,0,Left,Left,241,256,301,1,nan,nan,0.09
11/5/2025 21:27:05,1.17.2,Bandit100,12,4.02,1,20,100,0,Pellet,Left,241,256,302,1,0.77,339,nan
11/5/2025 21:27:30,1.17.2,Bandit100,12,4.02,nan,20,100,0,Left,Left,242,256,302,2,nan,nan,0.10
11/5/2025 21:27:32,1.17.2,Bandit100,12,4.02,1,20,100,0,Pellet,Left,242,256,303,2,0.65,27,nan
11/5/2025 21:38:48,1.17.2,Bandit100,12,4.02,nan,20,100,0,Right,Left,242,257,303,3,nan,nan,0.12
11/5/2025 21:39:16,1.17.2,Bandit100,12,4.03,nan,20,100,0,Left,Left,243,257,303,3,nan,nan,0.08
11/5/2025 21:39:19,1.17.2,Bandit100,12,4.02,1,20,100,0,Pellet,Left,243,257,304,3,1.73,707,nan
11/5/2025 21:41:26,1.17.2,Bandit100,12,4.03,nan,20,100,0,Right,Left,243,258,304,4,nan,nan,0.01
11/5/2025 22:04:58,1.17.2,Bandit100,12,4.02,nan,20,100,0,Right,Left,243,259,304,4,nan,nan,0.19
11/5/2025 22:05:00,1.17.2,Bandit100,12,4.02,nan,20,100,0,RightinTimeout,Left,243,259,304,4,nan,nan,0.00
11/5/2025 22:11:53,1.17.2,Bandit100,12,4.02,nan,20,100,0,Right,Left,243,260,304,4,nan,nan,0.35
11/5/2025 22:12:35,1.17.2,Bandit100,12,4.02,nan,20,100,0,Left,Left,244,260,304,4,nan,nan,0.06
11/5/2025 22:12:39,1.17.2,Bandit100,12,4.02,1,20,100,0,Pellet,Left,244,260,305,4,2.51,2000,nan
11/5/2025 22:16:26,1.17.2,Bandit100,12,4.02,nan,20,100,0,Left,Left,245,260,305,5,nan,nan,0.34
11/5/2025 22:16:28,1.17.2,Bandit100,12,4.02,1,20,100,0,Pellet,Left,245,260,306,5,0.95,229,nan
11/5/2025 22:17:02,1.17.2,Bandit100,12,4.02,nan,20,100,0,Right,Left,245,261,306,6,nan,nan,0.20
11/5/2025 22:18:40,1.17.2,Bandit100,12,4.02,nan,20,100,0,Right,Left,245,262,306,6,nan,nan,0.31
11/5/2025 22:18:43,1.17.2,Bandit100,12,4.02,nan,20,100,0,RightinTimeout,Left,245,262,306,6,nan,nan,0.00
11/5/2025 22:19:26,1.17.2,Bandit100,12,4.02,nan,20,100,0,Right,Left,245,263,306,6,nan,nan,0.15
11/5/2025 22:20:00,1.17.2,Bandit100,12,4.02,nan,20,100,0,Left,Left,246,263,306,6,nan,nan,0.25
11/5/2025 22:20:02,1.17.2,Bandit100,12,4.02,1,20,100,0,Pellet,Left,246,263,307,6,1.13,214,nan
11/5/2025 22:35:13,1.17.2,Bandit100,12,4.02,nan,20,100,0,Right,Left,246,264,307,7,nan,nan,0.15
11/5/2025 22:46:31,1.17.2,Bandit100,12,4.02,nan,20,100,0,Right,Left,246,265,307,7,nan,nan,0.26
11/5/2025 23:00:15,1.17.2,Bandit100,12,4.02,nan,20,100,0,Left,Left,247,265,307,7,nan,nan,0.06
11/5/2025 23:00:19,1.17.2,Bandit100,12,4.03,2,20,100,0,Pellet,Left,247,265,308,7,1.49,2417,nan
11/5/2025 23:03:00,1.17.2,Bandit100,12,4.02,nan,20,100,0,Left,Left,248,265,308,8,nan,nan,0.06
11/5/2025 23:03:02,1.17.2,Bandit100,12,4.03,1,20,100,0,Pellet,Left,248,265,309,8,1.67,163,nan
11/5/2025 23:07:18,1.17.2,Bandit100,12,4.02,nan,20,100,0,Left,Left,249,265,309,9,nan,nan,0.21
11/5/2025 23:07:19,1.17.2,Bandit100,12,4.02,1,20,100,0,Pellet,Left,249,265,310,9,0.95,257,nan
11/5/2025 23:15:19,1.17.2,Bandit100,12,4.02,nan,20,100,0,Left,Left,250,265,310,10,nan,nan,0.06
11/5/2025 23:15:21,1.17.2,Bandit100,12,4.02,1,20,100,0,Pellet,Left,250,265,311,10,0.77,481,nan
11/6/2025 0:58:43,1.17.2,Bandit100,12,4.02,nan,20,100,0,Left,Left,251,265,311,11,nan,nan,0.15
11/6/2025 0:58:44,1.17.2,Bandit100,12,4.02,1,20,100,0,Pellet,Left,251,265,312,11,0.83,6204,nan
11/6/2025 0:58:58,1.17.2,Bandit100,12,4.01,nan,20,100,0,Left,Left,252,265,312,12,nan,nan,0.19
11/6/2025 0:59:00,1.17.2,Bandit100,12,4.02,1,20,100,0,Pellet,Left,252,265,313,12,0.77,16,nan
11/6/2025 0:59:14,1.17.2,Bandit100,12,4.02,nan,20,100,0,Left,Left,253,265,313,13,nan,nan,0.03
11/6/2025 0:59:15,1.17.2,Bandit100,12,4.02,1,20,100,0,Pellet,Left,253,265,314,13,0.59,15,nan
11/6/2025 0:59:48,1.17.2,Bandit100,12,4.02,nan,20,100,0,Left,Left,254,265,314,14,nan,nan,0.39
11/6/2025 0:59:54,1.17.2,Bandit100,12,4.02,2,20,100,0,Pellet,Left,254,265,315,14,3.11,39,nan
11/6/2025 1:00:08,1.17.2,Bandit100,12,4.02,nan,20,100,0,Left,Left,255,265,315,15,nan,nan,0.27
11/6/2025 1:00:08,1.17.2,Bandit100,12,4.02,nan,20,100,0,LeftDuringDispense,Left,255,265,315,15,nan,nan,0.04
11/6/2025 1:00:13,1.17.2,Bandit100,12,4.02,nan,20,100,0,LeftWithPellet,Left,255,265,315,15,nan,nan,0.09
11/6/2025 1:00:15,1.17.2,Bandit100,12,4.02,2,20,100,0,Pellet,Left,255,265,316,15,3.38,21,nan
11/6/2025 1:01:44,1.17.2,Bandit100,12,4.02,nan,20,100,0,Left,Left,256,265,316,16,nan,nan,0.13
11/6/2025 1:01:45,1.17.2,Bandit100,12,4.02,1,20,100,0,Pellet,Left,256,265,317,16,1.01,90,nan
11/6/2025 1:02:04,1.17.2,Bandit100,12,4.02,nan,20,100,0,Left,Left,257,265,317,17,nan,nan,0.04
11/6/2025 1:02:05,1.17.2,Bandit100,12,4.02,1,20,100,0,Pellet,Left,257,265,318,17,0.53,20,nan
11/6/2025 1:02:15,1.17.2,Bandit100,12,4.02,nan,20,100,0,Left,Left,258,265,318,18,nan,nan,0.11
11/6/2025 1:02:17,1.17.2,Bandit100,12,4.02,1,20,100,0,Pellet,Left,258,265,319,18,1.91,12,nan
11/6/2025 1:02:30,1.17.2,Bandit100,12,4.02,nan,20,100,0,Left,Left,259,265,319,19,nan,nan,0.08
11/6/2025 1:02:31,1.17.2,Bandit100,12,4.02,1,20,100,0,Pellet,Left,259,265,320,19,0.41,14,nan
11/6/2025 1:02:51,1.17.2,Bandit100,12,4.02,nan,20,0,100,Left,Right,260,265,320,0,nan,nan,0.03
11/6/2025 1:02:54,1.17.2,Bandit100,12,4.02,nan,20,0,100,LeftinTimeOut,Right,260,265,320,0,nan,nan,nan
11/6/2025 1:03:38,1.17.2,Bandit100,12,4.02,nan,20,0,100,Right,Right,260,266,320,0,nan,nan,0.09
11/6/2025 1:03:43,1.17.2,Bandit100,12,4.02,1,20,0,100,Pellet,Right,260,266,321,0,4.43,72,nan
11/6/2025 1:04:30,1.17.2,Bandit100,12,4.02,nan,20,0,100,Left,Right,261,266,321,1,nan,nan,0.06
11/6/2025 1:04:31,1.17.2,Bandit100,12,4.02,nan,20,0,100,LeftinTimeOut,Right,261,266,321,1,nan,nan,nan
11/6/2025 1:05:11,1.17.2,Bandit100,12,4.02,nan,20,0,100,Left,Right,262,266,321,1,nan,nan,0.24
11/6/2025 1:05:45,1.17.2,Bandit100,12,4.02,nan,20,0,100,Left,Right,263,266,321,1,nan,nan,0.29
11/6/2025 1:06:03,1.17.2,Bandit100,12,4.02,nan,20,0,100,Left,Right,264,266,321,1,nan,nan,0.60
11/6/2025 1:08:59,1.17.2,Bandit100,12,4.02,nan,20,0,100,Right,Right,264,267,321,1,nan,nan,0.06
11/6/2025 1:09:04,1.17.2,Bandit100,12,4.02,2,20,0,100,Pellet,Right,264,267,322,1,2.27,321,nan
11/6/2025 1:09:32,1.17.2,Bandit100,12,4.02,nan,20,0,100,Right,Right,264,268,322,2,nan,nan,0.05
11/6/2025 1:09:34,1.17.2,Bandit100,12,4.02,1,20,0,100,Pellet,Right,264,268,323,2,0.83,30,nan
11/6/2025 1:09:53,1.17.2,Bandit100,12,4.02,nan,20,0,100,Left,Right,265,268,323,3,nan,nan,0.14
11/6/2025 1:10:15,1.17.2,Bandit100,12,4.02,nan,20,0,100,Right,Right,265,269,323,3,nan,nan,0.13
11/6/2025 1:10:16,1.17.2,Bandit100,12,4.02,1,20,0,100,Pellet,Right,265,269,324,3,0.83,42,nan
11/6/2025 1:10:44,1.17.2,Bandit100,12,4.02,nan,20,0,100,Right,Right,265,270,324,4,nan,nan,0.31
11/6/2025 1:10:46,1.17.2,Bandit100,12,4.02,1,20,0,100,Pellet,Right,265,270,325,4,0.65,29,nan
11/6/2025 1:11:09,1.17.2,Bandit100,12,4.02,nan,20,0,100,Left,Right,266,270,325,5,nan,nan,0.08
11/6/2025 1:16:28,1.17.2,Bandit100,12,4.02,nan,20,0,100,Right,Right,266,271,325,5,nan,nan,0.16
11/6/2025 1:16:29,1.17.2,Bandit100,12,4.02,1,20,0,100,Pellet,Right,266,271,326,5,0.71,344,nan
11/6/2025 1:20:38,1.17.2,Bandit100,12,4.02,nan,20,0,100,Left,Right,267,271,326,6,nan,nan,0.26
11/6/2025 1:21:03,1.17.2,Bandit100,12,4.02,nan,20,0,100,Right,Right,267,272,326,6,nan,nan,0.22
11/6/2025 1:21:11,1.17.2,Bandit100,12,4.02,4,20,0,100,Pellet,Right,267,272,327,6,1.73,282,nan
11/6/2025 1:26:05,1.17.2,Bandit100,12,4.02,nan,20,0,100,Right,Right,267,273,327,7,nan,nan,0.08
11/6/2025 1:26:07,1.17.2,Bandit100,12,4.02,1,20,0,100,Pellet,Right,267,273,328,7,0.95,295,nan
11/6/2025 1:26:43,1.17.2,Bandit100,12,4.02,nan,20,0,100,Left,Right,268,273,328,8,nan,nan,0.12
11/6/2025 1:27:35,1.17.2,Bandit100,12,4.02,nan,20,0,100,Right,Right,268,274,328,8,nan,nan,0.12
11/6/2025 1:27:37,1.17.2,Bandit100,12,4.02,1,20,0,100,Pellet,Right,268,274,329,8,1.31,91,nan
11/6/2025 1:30:29,1.17.2,Bandit100,12,4.02,nan,20,0,100,Left,Right,269,274,329,9,nan,nan,0.10
11/6/2025 1:30:33,1.17.2,Bandit100,12,4.02,nan,20,0,100,RightinTimeout,Right,269,274,329,9,nan,nan,0.00
11/6/2025 1:34:10,1.17.2,Bandit100,12,4.02,nan,20,0,100,Right,Right,269,275,329,9,nan,nan,0.01
11/6/2025 1:34:14,1.17.2,Bandit100,12,4.02,1,20,0,100,Pellet,Right,269,275,330,9,3.47,397,nan
11/6/2025 1:38:28,1.17.2,Bandit100,12,4.02,nan,20,0,100,Left,Right,270,275,330,10,nan,nan,0.20
11/6/2025 1:46:00,1.17.2,Bandit100,12,4.02,nan,20,0,100,Left,Right,271,275,330,10,nan,nan,0.14
11/6/2025 1:49:40,1.17.2,Bandit100,12,4.02,nan,20,0,100,Left,Right,272,275,330,10,nan,nan,0.07
11/6/2025 2:55:52,1.17.2,Bandit100,12,4.02,nan,20,0,100,Left,Right,273,275,330,10,nan,nan,0.05
11/6/2025 2:55:55,1.17.2,Bandit100,12,4.02,nan,20,0,100,LeftinTimeOut,Right,273,275,330,10,nan,nan,nan
11/6/2025 2:55:55,1.17.2,Bandit100,12,4.02,nan,20,0,100,LeftinTimeOut,Right,273,275,330,10,nan,nan,nan
11/6/2025 2:56:00,1.17.2,Bandit100,12,4.02,nan,20,0,100,LeftinTimeOut,Right,273,275,330,10,nan,nan,nan
11/6/2025 3:18:56,1.17.2,Bandit100,12,4.01,nan,20,0,100,Left,Right,274,275,330,10,nan,nan,0.08
11/6/2025 3:20:05,1.17.2,Bandit100,12,4.02,nan,20,0,100,Left,Right,275,275,330,10,nan,nan,0.27
11/6/2025 3:20:07,1.17.2,Bandit100,12,4.02,nan,20,0,100,LeftinTimeOut,Right,275,275,330,10,nan,nan,nan
11/6/2025 3:20:08,1.17.2,Bandit100,12,4.02,nan,20,0,100,LeftinTimeOut,Right,275,275,330,10,nan,nan,nan
11/6/2025 3:20:27,1.17.2,Bandit100,12,4.02,nan,20,0,100,Left,Right,276,275,330,10,nan,nan,0.08
11/6/2025 3:20:30,1.17.2,Bandit100,12,4.02,nan,20,0,100,LeftinTimeOut,Right,276,275,330,10,nan,nan,nan
11/6/2025 3:20:32,1.17.2,Bandit100,12,4.02,nan,20,0,100,LeftinTimeOut,Right,276,275,330,10,nan,nan,nan
11/6/2025 3:21:01,1.17.2,Bandit100,12,4.02,nan,20,0,100,Left,Right,277,275,330,10,nan,nan,0.05
11/6/2025 3:21:03,1.17.2,Bandit100,12,4.02,nan,20,0,100,LeftinTimeOut,Right,277,275,330,10,nan,nan,nan
11/6/2025 3:21:05,1.17.2,Bandit100,12,4.01,nan,20,0,100,LeftinTimeOut,Right,277,275,330,10,nan,nan,nan
11/6/2025 3:21:06,1.17.2,Bandit100,12,4.02,nan,20,0,100,LeftinTimeOut,Right,277,275,330,10,nan,nan,nan
11/6/2025 3:21:51,1.17.2,Bandit100,12,4.02,nan,20,0,100,Left,Right,278,275,330,10,nan,nan,0.27
11/6/2025 3:21:52,1.17.2,Bandit100,12,4.02,nan,20,0,100,LeftinTimeOut,Right,278,275,330,10,nan,nan,nan
11/6/2025 3:22:00,1.17.2,Bandit100,12,4.02,nan,20,0,100,LeftinTimeOut,Right,278,275,330,10,nan,nan,nan
11/6/2025 3:30:24,1.17.2,Bandit100,12,4.02,nan,20,0,100,Left,Right,279,275,330,10,nan,nan,0.03
11/6/2025 3:30:56,1.17.2,Bandit100,12,4.02,nan,20,0,100,Left,Right,280,275,330,10,nan,nan,0.27
11/6/2025 3:31:25,1.17.2,Bandit100,12,4.02,nan,20,0,100,Right,Right,280,276,330,10,nan,nan,0.03
11/6/2025 3:31:27,1.17.2,Bandit100,12,4.02,1,20,0,100,Pellet,Right,280,276,331,10,1.25,7033,nan
11/6/2025 3:31:54,1.17.2,Bandit100,12,4.02,nan,20,0,100,Left,Right,281,276,331,11,nan,nan,0.44
11/6/2025 3:31:56,1.17.2,Bandit100,12,4.02,nan,20,0,100,LeftinTimeOut,Right,281,276,331,11,nan,nan,nan
11/6/2025 3:31:57,1.17.2,Bandit100,12,4.02,nan,20,0,100,LeftinTimeOut,Right,281,276,331,11,nan,nan,nan
11/6/2025 3:32:22,1.17.2,Bandit100,12,4.02,nan,20,0,100,Right,Right,281,277,331,11,nan,nan,0.04
11/6/2025 3:32:23,1.17.2,Bandit100,12,4.01,1,20,0,100,Pellet,Right,281,277,332,11,0.53,56,nan
11/6/2025 3:32:40,1.17.2,Bandit100,12,4.02,nan,20,0,100,Right,Right,281,278,332,12,nan,nan,0.05
11/6/2025 3:32:42,1.17.2,Bandit100,12,4.02,1,20,0,100,Pellet,Right,281,278,333,12,0.89,19,nan
11/6/2025 3:33:02,1.17.2,Bandit100,12,4.02,nan,20,0,100,Right,Right,281,279,333,13,nan,nan,0.09
11/6/2025 3:33:06,1.17.2,Bandit100,12,4.01,2,20,0,100,Pellet,Right,281,279,334,13,0.59,24,nan
11/6/2025 3:33:26,1.17.2,Bandit100,12,4.02,nan,20,0,100,Right,Right,281,280,334,14,nan,nan,0.16
11/6/2025 3:33:27,1.17.2,Bandit100,12,4.02,1,20,0,100,Pellet,Right,281,280,335,14,0.35,21,nan
11/6/2025 3:33:53,1.17.2,Bandit100,12,4.02,nan,20,0,100,Right,Right,281,281,335,15,nan,nan,0.27
11/6/2025 3:33:54,1.17.2,Bandit100,12,4.01,1,20,0,100,Pellet,Right,281,281,336,15,0.53,27,nan
11/6/2025 3:34:14,1.17.2,Bandit100,12,4.02,nan,20,0,100,Right,Right,281,282,336,16,nan,nan,0.10
11/6/2025 3:34:16,1.17.2,Bandit100,12,4.00,1,20,0,100,Pellet,Right,281,282,337,16,0.47,22,nan
11/6/2025 3:34:30,1.17.2,Bandit100,12,4.02,nan,20,0,100,Right,Right,281,283,337,17,nan,nan,0.04
11/6/2025 3:34:31,1.17.2,Bandit100,12,4.02,1,20,0,100,Pellet,Right,281,283,338,17,0.47,15,nan
11/6/2025 3:34:41,1.17.2,Bandit100,12,4.02,nan,20,0,100,Right,Right,281,284,338,18,nan,nan,0.02
11/6/2025 3:34:43,1.17.2,Bandit100,12,4.02,1,20,0,100,Pellet,Right,281,284,339,18,0.77,12,nan
11/6/2025 3:35:06,1.17.2,Bandit100,12,4.02,nan,20,0,100,Right,Right,281,285,339,19,nan,nan,0.17
11/6/2025 3:35:09,1.17.2,Bandit100,12,4.01,1,20,0,100,Pellet,Right,281,285,340,19,2.27,26,nan
11/6/2025 3:35:24,1.17.2,Bandit100,12,4.02,nan,20,100,0,Right,Left,281,286,340,0,nan,nan,0.03
11/6/2025 3:36:34,1.17.2,Bandit100,12,4.02,nan,20,100,0,Left,Left,282,286,340,0,nan,nan,0.06
11/6/2025 3:36:40,1.17.2,Bandit100,12,4.02,2,20,100,0,Pellet,Left,282,286,341,0,3.11,91,nan
11/6/2025 3:36:52,1.17.2,Bandit100,12,4.02,nan,20,100,0,Left,Left,283,286,341,1,nan,nan,0.08
11/6/2025 3:36:54,1.17.2,Bandit100,12,4.02,1,20,100,0,Pellet,Left,283,286,342,1,1.49,14,nan
11/6/2025 3:38:27,1.17.2,Bandit100,12,4.02,nan,20,100,0,Left,Left,284,286,342,2,nan,nan,0.09
11/6/2025 3:38:29,1.17.2,Bandit100,12,4.02,1,20,100,0,Pellet,Left,284,286,343,2,1.55,95,nan
11/6/2025 3:38:47,1.17.2,Bandit100,12,4.02,nan,20,100,0,Left,Left,285,286,343,3,nan,nan,0.08
11/6/2025 3:38:48,1.17.2,Bandit100,12,4.02,nan,20,100,0,LeftDuringDispense,Left,285,286,343,3,nan,nan,0.01
11/6/2025 3:38:56,1.17.2,Bandit100,12,4.02,1,20,100,0,Pellet,Left,285,286,344,3,7.73,27,nan
11/6/2025 3:39:16,1.17.2,Bandit100,12,4.02,nan,20,100,0,Right,Left,285,287,344,4,nan,nan,0.07
11/6/2025 3:41:25,1.17.2,Bandit100,12,4.02,nan,20,100,0,Left,Left,286,287,344,4,nan,nan,0.07
11/6/2025 3:41:29,1.17.2,Bandit100,12,4.02,1,20,100,0,Pellet,Left,286,287,345,4,3.71,153,nan
11/6/2025 3:42:14,1.17.2,Bandit100,12,4.02,nan,20,100,0,Right,Left,286,288,345,5,nan,nan,0.03
11/6/2025 3:42:28,1.17.2,Bandit100,12,4.02,nan,20,100,0,Right,Left,286,289,345,5,nan,nan,0.11
11/6/2025 3:42:38,1.17.2,Bandit100,12,4.02,nan,20,100,0,LeftinTimeOut,Left,286,289,345,5,nan,nan,nan
11/6/2025 3:42:58,1.17.2,Bandit100,12,4.02,nan,20,100,0,Right,Left,286,290,345,5,nan,nan,0.29
11/6/2025 3:42:59,1.17.2,Bandit100,12,4.02,nan,20,100,0,RightinTimeout,Left,286,290,345,5,nan,nan,0.00
11/6/2025 3:43:26,1.17.2,Bandit100,12,4.02,nan,20,100,0,Right,Left,286,291,345,5,nan,nan,0.07
11/6/2025 3:43:30,1.17.2,Bandit100,12,4.02,nan,20,100,0,RightinTimeout,Left,286,291,345,5,nan,nan,0.00
11/6/2025 3:48:42,1.17.2,Bandit100,12,4.02,nan,20,100,0,Right,Left,286,292,345,5,nan,nan,0.26
11/6/2025 3:52:34,1.17.2,Bandit100,12,4.02,nan,20,100,0,Right,Left,286,293,345,5,nan,nan,0.16
11/6/2025 4:06:33,1.17.2,Bandit100,12,4.01,nan,20,100,0,Right,Left,286,294,345,5,nan,nan,0.03
11/6/2025 4:26:03,1.17.2,Bandit100,12,4.02,nan,20,100,0,Left,Left,287,294,345,5,nan,nan,0.20
11/6/2025 4:26:05,1.17.2,Bandit100,12,4.02,1,20,100,0,Pellet,Left,287,294,346,5,1.55,2676,nan
11/6/2025 4:28:40,1.17.2,Bandit100,12,4.02,nan,20,100,0,Right,Left,287,295,346,6,nan,nan,0.02
11/6/2025 4:28:41,1.17.2,Bandit100,12,4.02,nan,20,100,0,RightinTimeout,Left,287,295,346,6,nan,nan,0.00
11/6/2025 4:30:25,1.17.2,Bandit100,12,4.02,nan,20,100,0,Right,Left,287,296,346,6,nan,nan,0.08
11/6/2025 4:34:21,1.17.2,Bandit100,12,4.01,nan,20,100,0,Right,Left,287,297,346,6,nan,nan,0.26
11/6/2025 4:34:46,1.17.2,Bandit100,12,4.02,nan,20,100,0,Left,Left,288,297,346,6,nan,nan,0.04
11/6/2025 4:34:49,1.17.2,Bandit100,12,4.01,1,20,100,0,Pellet,Left,288,297,347,6,2.21,524,nan
11/6/2025 4:35:06,1.17.2,Bandit100,12,4.02,nan,20,100,0,Left,Left,289,297,347,7,nan,nan,0.04
11/6/2025 4:35:13,1.17.2,Bandit100,12,4.01,2,20,100,0,Pellet,Left,289,297,348,7,3.47,24,nan
11/6/2025 4:37:05,1.17.2,Bandit100,12,4.01,nan,20,100,0,Left,Left,290,297,348,8,nan,nan,0.16
11/6/2025 4:37:10,1.17.2,Bandit100,12,4.01,2,20,100,0,Pellet,Left,290,297,349,8,2.45,117,nan
11/6/2025 4:37:46,1.17.2,Bandit100,12,4.02,nan,20,100,0,Right,Left,290,298,349,9,nan,nan,0.18
11/6/2025 4:38:03,1.17.2,Bandit100,12,4.02,nan,20,100,0,Right,Left,290,299,349,9,nan,nan,0.06
11/6/2025 4:38:04,1.17.2,Bandit100,12,4.02,nan,20,100,0,RightinTimeout,Left,290,299,349,9,nan,nan,0.00
11/6/2025 4:42:14,1.17.2,Bandit100,12,4.02,nan,20,100,0,Left,Left,291,299,349,9,nan,nan,0.07
11/6/2025 4:42:16,1.17.2,Bandit100,12,4.02,1,20,100,0,Pellet,Left,291,299,350,9,1.31,306,nan
11/6/2025 4:42:41,1.17.2,Bandit100,12,4.02,nan,20,100,0,Right,Left,291,300,350,10,nan,nan,0.00
11/6/2025 4:42:42,1.17.2,Bandit100,12,4.02,nan,20,100,0,RightinTimeout,Left,291,300,350,10,nan,nan,0.00
11/6/2025 4:42:49,1.17.2,Bandit100,12,4.02,nan,20,100,0,LeftinTimeOut,Left,291,300,350,10,nan,nan,nan
11/6/2025 4:42:50,1.17.2,Bandit100,12,4.01,nan,20,100,0,LeftinTimeOut,Left,291,300,350,10,nan,nan,nan
11/6/2025 4:43:12,1.17.2,Bandit100,12,4.02,nan,20,100,0,Right,Left,291,301,350,10,nan,nan,0.07
11/6/2025 4:43:14,1.17.2,Bandit100,12,4.02,nan,20,100,0,RightinTimeout,Left,291,301,350,10,nan,nan,0.00
11/6/2025 4:43:14,1.17.2,Bandit100,12,4.02,nan,20,100,0,RightinTimeout,Left,291,301,350,10,nan,nan,0.00
11/6/2025 4:43:15,1.17.2,Bandit100,12,4.01,nan,20,100,0,RightinTimeout,Left,291,301,350,10,nan,nan,0.00
11/6/2025 4:43:17,1.17.2,Bandit100,12,4.02,nan,20,100,0,RightinTimeout,Left,291,301,350,10,nan,nan,0.00
11/6/2025 4:43:18,1.17.2,Bandit100,12,4.02,nan,20,100,0,RightinTimeout,Left,291,301,350,10,nan,nan,0.00
11/6/2025 4:43:18,1.17.2,Bandit100,12,4.02,nan,20,100,0,RightinTimeout,Left,291,301,350,10,nan,nan,0.00
11/6/2025 4:43:18,1.17.2,Bandit100,12,4.01,nan,20,100,0,RightinTimeout,Left,291,301,350,10,nan,nan,0.00
11/6/2025 4:43:36,1.17.2,Bandit100,12,4.02,nan,20,100,0,Right,Left,291,302,350,10,nan,nan,0.48
11/6/2025 4:47:54,1.17.2,Bandit100,12,4.02,nan,20,100,0,Right,Left,291,303,350,10,nan,nan,0.04
11/6/2025 4:47:55,1.17.2,Bandit100,12,4.01,nan,20,100,0,RightinTimeout,Left,291,303,350,10,nan,nan,0.00
11/6/2025 4:47:56,1.17.2,Bandit100,12,4.01,nan,20,100,0,RightinTimeout,Left,291,303,350,10,nan,nan,0.00
11/6/2025 4:47:57,1.17.2,Bandit100,12,4.02,nan,20,100,0,RightinTimeout,Left,291,303,350,10,nan,nan,0.00
11/6/2025 4:47:58,1.17.2,Bandit100,12,4.02,nan,20,100,0,RightinTimeout,Left,291,303,350,10,nan,nan,0.00
11/6/2025 4:47:59,1.17.2,Bandit100,12,4.02,nan,20,100,0,RightinTimeout,Left,291,303,350,10,nan,nan,0.00
11/6/2025 4:48:00,1.17.2,Bandit100,12,4.02,nan,20,100,0,RightinTimeout,Left,291,303,350,10,nan,nan,0.00
11/6/2025 4:48:00,1.17.2,Bandit100,12,4.02,nan,20,100,0,RightinTimeout,Left,291,303,350,10,nan,nan,0.00
11/6/2025 4:48:00,1.17.2,Bandit100,12,4.01,nan,20,100,0,RightinTimeout,Left,291,303,350,10,nan,nan,0.00
11/6/2025 4:48:03,1.17.2,Bandit100,12,4.02,nan,20,100,0,RightinTimeout,Left,291,303,350,10,nan,nan,0.00
11/6/2025 4:48:03,1.17.2,Bandit100,12,4.02,nan,20,100,0,RightinTimeout,Left,291,303,350,10,nan,nan,0.00
11/6/2025 4:48:04,1.17.2,Bandit100,12,4.02,nan,20,100,0,RightinTimeout,Left,291,303,350,10,nan,nan,0.00
11/6/2025 4:48:05,1.17.2,Bandit100,12,4.01,nan,20,100,0,RightinTimeout,Left,291,303,350,10,nan,nan,0.00
11/6/2025 4:56:04,1.17.2,Bandit100,12,4.02,nan,20,100,0,Left,Left,292,303,350,10,nan,nan,0.06
11/6/2025 4:56:07,1.17.2,Bandit100,12,4.01,1,20,100,0,Pellet,Left,292,303,351,10,1.97,831,nan
11/6/2025 4:56:36,1.17.2,Bandit100,12,4.02,nan,20,100,0,Right,Left,292,304,351,11,nan,nan,0.04
11/6/2025 4:56:37,1.17.2,Bandit100,12,4.02,nan,20,100,0,RightinTimeout,Left,292,304,351,11,nan,nan,0.00
11/6/2025 5:01:39,1.17.2,Bandit100,12,4.02,nan,20,100,0,Left,Left,293,304,351,11,nan,nan,0.09
11/6/2025 5:01:41,1.17.2,Bandit100,12,4.02,1,20,100,0,Pellet,Left,293,304,352,11,1.85,334,nan
11/6/2025 5:01:54,1.17.2,Bandit100,12,4.02,nan,20,100,0,Left,Left,294,304,352,12,nan,nan,0.08
11/6/2025 5:01:57,1.17.2,Bandit100,12,4.02,1,20,100,0,Pellet,Left,294,304,353,12,2.21,16,nan
11/6/2025 5:16:17,1.17.2,Bandit100,12,4.02,nan,20,100,0,Right,Left,294,305,353,13,nan,nan,0.18
11/6/2025 5:16:31,1.17.2,Bandit100,12,4.01,nan,20,100,0,Left,Left,295,305,353,13,nan,nan,0.04
11/6/2025 5:16:35,1.17.2,Bandit100,12,4.02,2,20,100,0,Pellet,Left,295,305,354,13,1.37,878,nan
11/6/2025 5:16:46,1.17.2,Bandit100,12,4.02,nan,20,100,0,Left,Left,296,305,354,14,nan,nan,0.06
11/6/2025 5:16:48,1.17.2,Bandit100,12,4.02,1,20,100,0,Pellet,Left,296,305,355,14,1.13,13,nan
11/6/2025 5:17:17,1.17.2,Bandit100,12,4.02,nan,20,100,0,Left,Left,297,305,355,15,nan,nan,0.31
11/6/2025 5:17:19,1.17.2,Bandit100,12,4.02,1,20,100,0,Pellet,Left,297,305,356,15,1.73,31,nan
11/6/2025 5:17:33,1.17.2,Bandit100,12,4.02,nan,20,100,0,Left,Left,298,305,356,16,nan,nan,0.04
11/6/2025 5:17:34,1.17.2,Bandit100,12,4.01,1,20,100,0,Pellet,Left,298,305,357,16,1.19,15,nan
11/6/2025 5:17:49,1.17.2,Bandit100,12,4.02,nan,20,100,0,Left,Left,299,305,357,17,nan,nan,0.08
11/6/2025 5:17:51,1.17.2,Bandit100,12,4.02,nan,20,100,0,LeftWithPellet,Left,299,305,357,17,nan,nan,0.00
11/6/2025 5:17:52,1.17.2,Bandit100,12,4.02,1,20,100,0,Pellet,Left,299,305,358,17,1.99,18,nan
11/6/2025 5:18:15,1.17.2,Bandit100,12,4.02,nan,20,100,0,Left,Left,300,305,358,18,nan,nan,0.05
11/6/2025 5:18:17,1.17.2,Bandit100,12,4.02,nan,20,100,0,LeftWithPellet,Left,300,305,358,18,nan,nan,0.38
11/6/2025 5:18:18,1.17.2,Bandit100,12,4.02,1,20,100,0,Pellet,Left,300,305,359,18,2.31,26,nan
11/6/2025 5:18:34,1.17.2,Bandit100,12,4.02,nan,20,100,0,Left,Left,301,305,359,19,nan,nan,0.25
11/6/2025 5:18:35,1.17.2,Bandit100,12,4.02,1,20,100,0,Pellet,Left,301,305,360,19,0.59,17,nan
11/6/2025 5:18:51,1.17.2,Bandit100,12,4.02,nan,20,0,100,Left,Right,302,305,360,0,nan,nan,0.06
11/6/2025 5:18:56,1.17.2,Bandit100,12,4.01,nan,20,0,100,LeftinTimeOut,Right,302,305,360,0,nan,nan,nan
11/6/2025 5:18:58,1.17.2,Bandit100,12,4.02,nan,20,0,100,LeftinTimeOut,Right,302,305,360,0,nan,nan,nan
11/6/2025 5:24:50,1.17.2,Bandit100,12,4.01,nan,20,0,100,Right,Right,302,306,360,0,nan,nan,0.14
11/6/2025 5:24:56,1.17.2,Bandit100,12,4.02,3,20,0,100,Pellet,Right,302,306,361,0,2.63,381,nan
11/6/2025 5:25:37,1.17.2,Bandit100,12,4.01,nan,20,0,100,Left,Right,303,306,361,1,nan,nan,0.07
11/6/2025 7:05:56,1.17.2,Bandit100,12,4.01,nan,20,0,100,Left,Right,304,306,361,1,nan,nan,0.05
11/6/2025 7:08:52,1.17.2,Bandit100,12,4.01,nan,20,0,100,Left,Right,305,306,361,1,nan,nan,0.02
11/6/2025 7:08:57,1.17.2,Bandit100,12,4.01,nan,20,0,100,LeftinTimeOut,Right,305,306,361,1,nan,nan,nan
11/6/2025 7:09:01,1.17.2,Bandit100,12,4.01,nan,20,0,100,LeftinTimeOut,Right,305,306,361,1,nan,nan,nan
11/6/2025 7:09:04,1.17.2,Bandit100,12,4.01,nan,20,0,100,LeftinTimeOut,Right,305,306,361,1,nan,nan,nan
11/6/2025 7:09:05,1.17.2,Bandit100,12,4.01,nan,20,0,100,LeftinTimeOut,Right,305,306,361,1,nan,nan,nan
11/6/2025 7:09:06,1.17.2,Bandit100,12,4.01,nan,20,0,100,LeftinTimeOut,Right,305,306,361,1,nan,nan,nan
11/6/2025 7:09:08,1.17.2,Bandit100,12,4.01,nan,20,0,100,LeftinTimeOut,Right,305,306,361,1,nan,nan,nan
11/6/2025 7:12:47,1.17.2,Bandit100,12,4.02,nan,20,0,100,Right,Right,305,307,361,1,nan,nan,0.03
11/6/2025 7:12:53,1.17.2,Bandit100,12,4.01,2,20,0,100,Pellet,Right,305,307,362,1,4.49,6476,nan
11/6/2025 7:13:15,1.17.2,Bandit100,12,4.02,nan,20,0,100,Right,Right,305,308,362,2,nan,nan,0.02
11/6/2025 7:13:16,1.17.2,Bandit100,12,4.01,2,20,0,100,Pellet,Right,305,308,363,2,0.47,24,nan
11/6/2025 7:13:38,1.17.2,Bandit100,12,4.02,nan,20,0,100,Left,Right,306,308,363,3,nan,nan,0.07
11/6/2025 7:13:40,1.17.2,Bandit100,12,4.01,nan,20,0,100,LeftinTimeOut,Right,306,308,363,3,nan,nan,nan
11/6/2025 7:13:40,1.17.2,Bandit100,12,4.02,nan,20,0,100,LeftinTimeOut,Right,306,308,363,3,nan,nan,nan
11/6/2025 7:13:41,1.17.2,Bandit100,12,4.01,nan,20,0,100,LeftinTimeOut,Right,306,308,363,3,nan,nan,nan
11/6/2025 7:14:07,1.17.2,Bandit100,12,4.01,nan,20,0,100,Right,Right,306,309,363,3,nan,nan,0.04
11/6/2025 7:14:08,1.17.2,Bandit100,12,4.00,2,20,0,100,Pellet,Right,306,309,364,3,0.65,52,nan
11/6/2025 7:14:31,1.17.2,Bandit100,12,4.01,nan,20,0,100,Right,Right,306,310,364,4,nan,nan,0.24
11/6/2025 7:14:34,1.17.2,Bandit100,12,4.01,2,20,0,100,Pellet,Right,306,310,365,4,0.35,26,nan
11/6/2025 7:15:02,1.17.2,Bandit100,12,4.01,nan,20,0,100,Right,Right,306,311,365,5,nan,nan,0.02
11/6/2025 7:15:05,1.17.2,Bandit100,12,4.02,2,20,0,100,Pellet,Right,306,311,366,5,0.29,31,nan
11/6/2025 7:15:25,1.17.2,Bandit100,12,4.02,nan,20,0,100,Right,Right,306,312,366,6,nan,nan,0.24
11/6/2025 7:15:27,1.17.2,Bandit100,12,4.01,1,20,0,100,Pellet,Right,306,312,367,6,1.31,22,nan
11/6/2025 7:15:48,1.17.2,Bandit100,12,4.02,nan,20,0,100,Right,Right,306,313,367,7,nan,nan,0.11
11/6/2025 7:15:49,1.17.2,Bandit100,12,4.02,1,20,0,100,Pellet,Right,306,313,368,7,0.53,22,nan
11/6/2025 7:16:18,1.17.2,Bandit100,12,4.01,nan,20,0,100,Right,Right,306,314,368,8,nan,nan,0.08
11/6/2025 7:16:20,1.17.2,Bandit100,12,4.01,1,20,0,100,Pellet,Right,306,314,369,8,0.41,31,nan
11/6/2025 7:16:40,1.17.2,Bandit100,12,4.02,nan,20,0,100,Left,Right,307,314,369,9,nan,nan,0.01
11/6/2025 7:16:40,1.17.2,Bandit100,12,4.01,nan,20,0,100,LeftinTimeOut,Right,307,314,369,9,nan,nan,nan
11/6/2025 7:16:41,1.17.2,Bandit100,12,4.02,nan,20,0,100,LeftinTimeOut,Right,307,314,369,9,nan,nan,nan
11/6/2025 9:58:14,1.17.2,Bandit100,12,4.00,nan,20,0,100,Left,Right,308,314,369,9,nan,nan,0.04
11/6/2025 9:58:49,1.17.2,Bandit100,12,4.01,nan,20,0,100,Left,Right,309,314,369,9,nan,nan,0.10
11/6/2025 12:50:59,1.17.2,Bandit100,12,4.00,nan,20,0,100,Left,Right,310,314,369,9,nan,nan,0.09
11/6/2025 15:04:31,1.17.2,Bandit100,12,4.00,nan,20,0,100,Left,Right,311,314,369,9,nan,nan,0.12
11/6/2025 15:04:56,1.17.2,Bandit100,12,4.00,nan,20,0,100,Left,Right,312,314,369,9,nan,nan,0.10
11/6/2025 15:05:39,1.17.2,Bandit100,12,4.00,nan,20,0,100,Right,Right,312,315,369,9,nan,nan,0.07
11/6/2025 15:05:42,1.17.2,Bandit100,12,4.00,1,20,0,100,Pellet,Right,312,315,370,9,1.43,28162,nan
11/6/2025 15:06:09,1.17.2,Bandit100,12,4.00,nan,20,0,100,Left,Right,313,315,370,10,nan,nan,0.05
11/6/2025 15:06:09,1.17.2,Bandit100,12,4.00,nan,20,0,100,LeftinTimeOut,Right,313,315,370,10,nan,nan,nan
11/6/2025 15:06:28,1.17.2,Bandit100,12,4.00,nan,20,0,100,Right,Right,313,316,370,10,nan,nan,0.09
11/6/2025 15:06:29,1.17.2,Bandit100,12,4.00,1,20,0,100,Pellet,Right,313,316,371,10,1.01,47,nan
11/6/2025 15:06:43,1.17.2,Bandit100,12,4.00,nan,20,0,100,Left,Right,314,316,371,11,nan,nan,0.03
11/6/2025 15:06:45,1.17.2,Bandit100,12,4.00,nan,20,0,100,LeftinTimeOut,Right,314,316,371,11,nan,nan,nan
11/6/2025 15:08:23,1.17.2,Bandit100,12,4.00,nan,20,0,100,Left,Right,315,316,371,11,nan,nan,0.04
11/6/2025 15:08:25,1.17.2,Bandit100,12,4.00,nan,20,0,100,LeftinTimeOut,Right,315,316,371,11,nan,nan,nan
