MM:DD:YYYY hh:mm:ss,Library_Version,Session_type,Device_Number,Battery_Voltage,Motor_Turns,PelletsToSwitch,Prob_left,Prob_right,Event,High_prob_poke,Left_Poke_Count,Right_Poke_Count,Pellet_Count,Block_Pellet_Count,Retrieval_Time,InterPelletInterval,Poke_Time
11/3/2025 18:31:37,1.17.2,Bandit100,16,4.14,nan,20,0,100,Right,Right,0,1,0,0,nan,nan,0.25
11/3/2025 18:35:20,1.17.2,Bandit100,16,4.14,3,20,0,100,Pellet,Right,0,1,1,0,Timed_out,nan,nan
11/3/2025 18:41:02,1.17.2,Bandit100,16,4.14,nan,20,0,100,Right,Right,0,2,1,1,nan,nan,0.17
11/3/2025 18:41:03,1.17.2,Bandit100,16,4.14,nan,20,0,100,RightDuringDispense,Right,0,2,1,1,nan,nan,0.08
11/3/2025 18:41:11,1.17.2,Bandit100,16,4.14,4,20,0,100,Pellet,Right,0,2,2,1,2.26,350,nan
11/3/2025 18:42:18,1.17.2,Bandit100,16,4.14,nan,20,0,100,Right,Right,0,3,2,2,nan,nan,0.21
11/3/2025 18:42:18,1.17.2,Bandit100,16,4.14,nan,20,0,100,RightDuringDispense,Right,0,3,2,2,nan,nan,0.17
11/3/2025 18:42:36,1.17.2,Bandit100,16,4.14,3,20,0,100,Pellet,Right,0,3,3,2,15.15,86,nan
11/3/2025 18:43:01,1.17.2,Bandit100,16,4.14,nan,20,0,100,Right,Right,0,4,3,3,nan,nan,0.00
11/3/2025 18:43:03,1.17.2,Bandit100,16,4.14,2,20,0,100,Pellet,Right,0,4,4,3,1.01,27,nan
11/3/2025 18:44:43,1.17.2,Bandit100,16,4.14,nan,20,0,100,Left,Right,1,4,4,4,nan,nan,0.56
11/3/2025 18:47:47,1.17.2,Bandit100,16,4.14,nan,20,0,100,Left,Right,2,4,4,4,nan,nan,0.52
11/3/2025 18:48:28,1.17.2,Bandit100,16,4.14,nan,20,0,100,Right,Right,2,5,4,4,nan,nan,0.11
11/3/2025 18:48:34,1.17.2,Bandit100,16,4.14,2,20,0,100,Pellet,Right,2,5,5,4,5.80,331,nan
11/3/2025 18:49:35,1.17.2,Bandit100,16,4.14,nan,20,0,100,Left,Right,3,5,5,5,nan,nan,0.09
11/3/2025 18:51:54,1.17.2,Bandit100,16,4.14,nan,20,0,100,Right,Right,3,6,5,5,nan,nan,0.04
11/3/2025 18:52:02,1.17.2,Bandit100,16,4.14,1,20,0,100,Pellet,Right,3,6,6,5,7.18,208,nan
11/3/2025 18:53:05,1.17.2,Bandit100,16,4.14,nan,20,0,100,Left,Right,4,6,6,6,nan,nan,0.02
11/3/2025 18:55:34,1.17.2,Bandit100,16,4.14,nan,20,0,100,Right,Right,4,7,6,6,nan,nan,0.41
11/3/2025 18:55:57,1.17.2,Bandit100,16,4.14,1,20,0,100,Pellet,Right,4,7,7,6,22.17,235,nan
11/3/2025 18:56:12,1.17.2,Bandit100,16,4.14,nan,20,0,100,Left,Right,5,7,7,7,nan,nan,0.49
11/3/2025 18:56:34,1.17.2,Bandit100,16,4.14,nan,20,0,100,Left,Right,6,7,7,7,nan,nan,0.02
11/3/2025 18:57:38,1.17.2,Bandit100,16,4.14,nan,20,0,100,Right,Right,6,8,7,7,nan,nan,0.11
11/3/2025 18:57:48,1.17.2,Bandit100,16,4.14,1,20,0,100,Pellet,Right,6,8,8,7,9.93,111,nan
11/3/2025 19:07:56,1.17.2,Bandit100,16,4.13,nan,20,0,100,Left,Right,7,8,8,8,nan,nan,0.49
11/3/2025 19:11:29,1.17.2,Bandit100,16,4.14,nan,20,0,100,Right,Right,7,9,8,8,nan,nan,0.38
11/3/2025 19:11:45,1.17.2,Bandit100,16,4.14,1,20,0,100,Pellet,Right,7,9,9,8,15.69,837,nan
11/3/2025 19:12:16,1.17.2,Bandit100,16,4.14,nan,20,0,100,Right,Right,7,10,9,9,nan,nan,0.57
11/3/2025 19:12:21,1.17.2,Bandit100,16,4.14,1,20,0,100,Pellet,Right,7,10,10,9,4.12,36,nan
11/3/2025 19:13:32,1.17.2,Bandit100,16,4.14,nan,20,0,100,Right,Right,7,11,10,10,nan,nan,0.05
11/3/2025 19:13:38,1.17.2,Bandit100,16,4.14,1,20,0,100,Pellet,Right,7,11,11,10,5.79,77,nan
11/3/2025 19:16:49,1.17.2,Bandit100,16,4.13,nan,20,0,100,Left,Right,8,11,11,11,nan,nan,0.45
11/3/2025 19:17:41,1.17.2,Bandit100,16,4.14,nan,20,0,100,Right,Right,8,12,11,11,nan,nan,0.23
11/3/2025 19:17:46,1.17.2,Bandit100,16,4.14,1,20,0,100,Pellet,Right,8,12,12,11,4.00,248,nan
11/3/2025 19:17:57,1.17.2,Bandit100,16,4.12,nan,20,0,100,Right,Right,8,13,12,12,nan,nan,0.42
11/3/2025 19:17:59,1.17.2,Bandit100,16,4.14,nan,20,0,100,RightWithPellet,Right,8,14,12,12,nan,nan,0.14
11/3/2025 19:18:02,1.17.2,Bandit100,16,4.14,1,20,0,100,Pellet,Right,8,14,13,12,3.94,16,nan
11/3/2025 19:18:12,1.17.2,Bandit100,16,4.14,nan,20,0,100,Left,Right,9,14,13,13,nan,nan,0.29
11/3/2025 19:18:30,1.17.2,Bandit100,16,4.14,nan,20,0,100,Left,Right,10,14,13,13,nan,nan,0.46
11/3/2025 19:18:31,1.17.2,Bandit100,16,4.14,nan,20,0,100,LeftinTimeOut,Right,10,14,13,13,nan,nan,nan
11/3/2025 19:19:19,1.17.2,Bandit100,16,4.14,nan,20,0,100,Left,Right,11,14,13,13,nan,nan,0.01
11/3/2025 19:19:37,1.17.2,Bandit100,16,4.14,nan,20,0,100,Right,Right,11,15,13,13,nan,nan,0.49
11/3/2025 19:20:00,1.17.2,Bandit100,16,4.13,1,20,0,100,Pellet,Right,11,15,14,13,22.89,118,nan
11/3/2025 19:21:56,1.17.2,Bandit100,16,4.14,nan,20,0,100,Left,Right,12,15,14,14,nan,nan,0.06
11/3/2025 19:22:07,1.17.2,Bandit100,16,4.14,nan,20,0,100,Right,Right,12,16,14,14,nan,nan,0.41
11/3/2025 19:22:30,1.17.2,Bandit100,16,4.13,2,20,0,100,Pellet,Right,12,16,15,14,20.50,150,nan
11/3/2025 19:24:18,1.17.2,Bandit100,16,4.14,nan,20,0,100,Left,Right,13,16,15,15,nan,nan,0.16
11/3/2025 19:24:20,1.17.2,Bandit100,16,4.13,nan,20,0,100,RightinTimeout,Right,13,16,15,15,nan,nan,0.00
11/3/2025 19:26:56,1.17.2,Bandit100,16,4.13,nan,20,0,100,Right,Right,13,17,15,15,nan,nan,0.05
11/3/2025 19:28:37,1.17.2,Bandit100,16,4.13,1,20,0,100,Pellet,Right,13,17,16,15,Timed_out,367,nan
11/3/2025 19:31:38,1.17.2,Bandit100,16,4.13,nan,20,0,100,Left,Right,14,17,16,16,nan,nan,0.35
11/3/2025 19:34:10,1.17.2,Bandit100,16,4.14,nan,20,0,100,Left,Right,15,17,16,16,nan,nan,0.01
11/3/2025 19:34:11,1.17.2,Bandit100,16,4.13,nan,20,0,100,LeftinTimeOut,Right,15,17,16,16,nan,nan,nan
11/3/2025 19:40:28,1.17.2,Bandit100,16,4.13,nan,20,0,100,Right,Right,15,18,16,16,nan,nan,0.14
11/3/2025 19:40:33,1.17.2,Bandit100,16,4.13,3,20,0,100,Pellet,Right,15,18,17,16,0.06,716,nan
11/3/2025 19:41:01,1.17.2,Bandit100,16,4.13,nan,20,0,100,Left,Right,16,18,17,17,nan,nan,0.37
11/3/2025 19:41:29,1.17.2,Bandit100,16,4.13,nan,20,0,100,Right,Right,16,19,17,17,nan,nan,0.14
11/3/2025 19:41:30,1.17.2,Bandit100,16,4.13,1,20,0,100,Pellet,Right,16,19,18,17,0.06,57,nan
11/3/2025 19:41:44,1.17.2,Bandit100,16,4.13,nan,20,0,100,Right,Right,16,20,18,18,nan,nan,0.05
11/3/2025 19:41:46,1.17.2,Bandit100,16,4.13,1,20,0,100,Pellet,Right,16,20,19,18,1.19,16,nan
11/3/2025 19:44:40,1.17.2,Bandit100,16,4.13,nan,20,0,100,Left,Right,17,20,19,19,nan,nan,0.32
11/3/2025 19:46:00,1.17.2,Bandit100,16,4.13,nan,20,0,100,Right,Right,17,21,19,19,nan,nan,0.75
11/3/2025 19:46:03,1.17.2,Bandit100,16,4.14,2,20,0,100,Pellet,Right,17,21,20,19,0.06,257,nan
11/3/2025 19:49:21,1.17.2,Bandit100,16,4.13,nan,20,100,0,Right,Left,17,22,20,0,nan,nan,0.02
11/3/2025 19:49:35,1.17.2,Bandit100,16,4.13,nan,20,100,0,Left,Left,18,22,20,0,nan,nan,0.22
11/3/2025 19:49:40,1.17.2,Bandit100,16,4.13,1,20,100,0,Pellet,Left,18,22,21,0,4.37,217,nan
11/3/2025 19:51:36,1.17.2,Bandit100,16,4.14,nan,20,100,0,Right,Left,18,23,21,1,nan,nan,0.13
11/3/2025 19:51:55,1.17.2,Bandit100,16,4.13,nan,20,100,0,Left,Left,19,23,21,1,nan,nan,0.02
11/3/2025 19:51:56,1.17.2,Bandit100,16,4.14,1,20,100,0,Pellet,Left,19,23,22,1,1.01,136,nan
11/3/2025 19:53:08,1.17.2,Bandit100,16,4.13,nan,20,100,0,Left,Left,20,23,22,2,nan,nan,0.11
11/3/2025 19:53:10,1.17.2,Bandit100,16,4.13,1,20,100,0,Pellet,Left,20,23,23,2,1.37,74,nan
11/3/2025 19:53:24,1.17.2,Bandit100,16,4.13,nan,20,100,0,Right,Left,20,24,23,3,nan,nan,0.14
11/3/2025 19:53:56,1.17.2,Bandit100,16,4.13,nan,20,100,0,Left,Left,21,24,23,3,nan,nan,0.08
11/3/2025 19:54:25,1.17.2,Bandit100,16,4.12,2,20,100,0,Pellet,Left,21,24,24,3,26.05,75,nan
11/3/2025 19:54:38,1.17.2,Bandit100,16,4.13,nan,20,100,0,Right,Left,21,25,24,4,nan,nan,0.11
11/3/2025 19:54:59,1.17.2,Bandit100,16,4.13,nan,20,100,0,Right,Left,21,26,24,4,nan,nan,0.38
11/3/2025 19:55:02,1.17.2,Bandit100,16,4.13,nan,20,100,0,LeftinTimeOut,Left,21,26,24,4,nan,nan,nan
11/3/2025 19:56:26,1.17.2,Bandit100,16,4.13,nan,20,100,0,Right,Left,21,27,24,4,nan,nan,0.22
11/3/2025 19:56:42,1.17.2,Bandit100,16,4.13,nan,20,100,0,Left,Left,22,27,24,4,nan,nan,0.22
11/3/2025 19:56:46,1.17.2,Bandit100,16,4.13,1,20,100,0,Pellet,Left,22,27,25,4,3.95,141,nan
11/3/2025 20:03:08,1.17.2,Bandit100,16,4.13,nan,20,100,0,Left,Left,23,27,25,5,nan,nan,0.01
11/3/2025 20:03:12,1.17.2,Bandit100,16,4.13,1,20,100,0,Pellet,Left,23,27,26,5,3.23,386,nan
11/3/2025 20:03:18,1.17.2,Bandit100,16,4.14,nan,20,100,0,Left,Left,24,27,26,6,nan,nan,0.12
11/3/2025 20:03:20,1.17.2,Bandit100,16,4.13,1,20,100,0,Pellet,Left,24,27,27,6,1.01,8,nan
11/3/2025 20:06:34,1.17.2,Bandit100,16,4.13,nan,20,100,0,Right,Left,24,28,27,7,nan,nan,0.00
11/3/2025 20:11:57,1.17.2,Bandit100,16,4.13,nan,20,100,0,Right,Left,24,29,27,7,nan,nan,0.00
11/3/2025 20:12:00,1.17.2,Bandit100,16,4.13,nan,20,100,0,RightinTimeout,Left,24,29,27,7,nan,nan,0.00
11/3/2025 20:13:20,1.17.2,Bandit100,16,4.13,nan,20,100,0,Left,Left,25,29,27,7,nan,nan,0.21
11/3/2025 20:13:21,1.17.2,Bandit100,16,4.13,nan,20,100,0,LeftDuringDispense,Left,25,29,27,7,nan,nan,0.04
11/3/2025 20:13:24,1.17.2,Bandit100,16,4.13,nan,20,100,0,LeftWithPellet,Left,25,29,27,7,nan,nan,0.16
11/3/2025 20:13:25,1.17.2,Bandit100,16,4.13,2,20,100,0,Pellet,Left,25,29,28,7,1.57,605,nan
11/3/2025 20:14:47,1.17.2,Bandit100,16,4.13,nan,20,100,0,Right,Left,25,30,28,8,nan,nan,0.04
11/3/2025 20:14:55,1.17.2,Bandit100,16,4.13,nan,20,100,0,RightinTimeout,Left,25,30,28,8,nan,nan,0.00
11/3/2025 20:14:56,1.17.2,Bandit100,16,4.12,nan,20,100,0,RightinTimeout,Left,25,30,28,8,nan,nan,0.00
11/3/2025 20:16:46,1.17.2,Bandit100,16,4.13,nan,20,100,0,Left,Left,26,30,28,8,nan,nan,0.18
11/3/2025 20:16:50,1.17.2,Bandit100,16,4.13,1,20,100,0,Pellet,Left,26,30,29,8,3.11,205,nan
11/3/2025 20:22:19,1.17.2,Bandit100,16,4.13,nan,20,100,0,Right,Left,26,31,29,9,nan,nan,0.21
11/3/2025 20:23:27,1.17.2,Bandit100,16,4.13,nan,20,100,0,Left,Left,27,31,29,9,nan,nan,0.11
11/3/2025 20:23:29,1.17.2,Bandit100,16,4.13,1,20,100,0,Pellet,Left,27,31,30,9,1.79,399,nan
11/3/2025 20:25:03,1.17.2,Bandit100,16,4.13,nan,20,100,0,Left,Left,28,31,30,10,nan,nan,0.06
11/3/2025 20:25:04,1.17.2,Bandit100,16,4.13,1,20,100,0,Pellet,Left,28,31,31,10,0.06,95,nan
11/3/2025 20:26:13,1.17.2,Bandit100,16,4.13,nan,20,100,0,Right,Left,28,32,31,11,nan,nan,0.17
11/3/2025 20:28:05,1.17.2,Bandit100,16,4.13,nan,20,100,0,Right,Left,28,33,31,11,nan,nan,0.07
11/3/2025 20:28:20,1.17.2,Bandit100,16,4.12,nan,20,100,0,Right,Left,28,34,31,11,nan,nan,0.49
11/3/2025 20:28:21,1.17.2,Bandit100,16,4.12,nan,20,100,0,RightinTimeout,Left,28,34,31,11,nan,nan,0.00
11/3/2025 20:28:29,1.17.2,Bandit100,16,4.13,nan,20,100,0,LeftinTimeOut,Left,28,34,31,11,nan,nan,nan
11/3/2025 20:28:35,1.17.2,Bandit100,16,4.12,nan,20,100,0,LeftinTimeOut,Left,28,34,31,11,nan,nan,nan
11/3/2025 20:28:39,1.17.2,Bandit100,16,4.13,nan,20,100,0,RightinTimeout,Left,28,34,31,11,nan,nan,0.00
11/3/2025 20:30:01,1.17.2,Bandit100,16,4.13,nan,20,100,0,Left,Left,29,34,31,11,nan,nan,0.00
11/3/2025 20:30:05,1.17.2,Bandit100,16,4.13,2,20,100,0,Pellet,Left,29,34,32,11,0.83,301,nan
11/3/2025 20:35:25,1.17.2,Bandit100,16,4.12,nan,20,100,0,Left,Left,30,34,32,12,nan,nan,0.04
11/3/2025 20:35:28,1.17.2,Bandit100,16,4.13,1,20,100,0,Pellet,Left,30,34,33,12,2.57,323,nan
11/3/2025 20:35:58,1.17.2,Bandit100,16,4.13,nan,20,100,0,Left,Left,31,34,33,13,nan,nan,0.00
11/3/2025 20:36:03,1.17.2,Bandit100,16,4.12,2,20,100,0,Pellet,Left,31,34,34,13,1.85,35,nan
11/3/2025 20:36:21,1.17.2,Bandit100,16,4.12,nan,20,100,0,Left,Left,32,34,34,14,nan,nan,0.31
11/3/2025 20:36:22,1.17.2,Bandit100,16,4.12,1,20,100,0,Pellet,Left,32,34,35,14,0.77,19,nan
11/3/2025 20:36:47,1.17.2,Bandit100,16,4.13,nan,20,100,0,Right,Left,32,35,35,15,nan,nan,0.08
11/3/2025 20:36:59,1.17.2,Bandit100,16,4.12,nan,20,100,0,Right,Left,32,36,35,15,nan,nan,0.29
11/3/2025 20:37:22,1.17.2,Bandit100,16,4.12,nan,20,100,0,Left,Left,33,36,35,15,nan,nan,0.01
11/3/2025 20:37:24,1.17.2,Bandit100,16,4.13,1,20,100,0,Pellet,Left,33,36,36,15,1.67,62,nan
11/3/2025 20:37:40,1.17.2,Bandit100,16,4.13,nan,20,100,0,Right,Left,33,37,36,16,nan,nan,0.06
11/3/2025 20:38:11,1.17.2,Bandit100,16,4.13,nan,20,100,0,Left,Left,34,37,36,16,nan,nan,0.58
11/3/2025 20:38:15,1.17.2,Bandit100,16,4.12,1,20,100,0,Pellet,Left,34,37,37,16,3.53,51,nan
11/3/2025 20:39:21,1.17.2,Bandit100,16,4.12,nan,20,100,0,Right,Left,34,38,37,17,nan,nan,0.02
11/3/2025 20:51:24,1.17.2,Bandit100,16,4.12,nan,20,100,0,Right,Left,34,39,37,17,nan,nan,0.32
11/3/2025 20:53:42,1.17.2,Bandit100,16,4.12,nan,20,100,0,Right,Left,34,40,37,17,nan,nan,0.07
11/3/2025 20:53:44,1.17.2,Bandit100,16,4.13,nan,20,100,0,RightinTimeout,Left,34,40,37,17,nan,nan,0.00
11/3/2025 20:53:46,1.17.2,Bandit100,16,4.12,nan,20,100,0,LeftinTimeOut,Left,34,40,37,17,nan,nan,nan
11/3/2025 20:54:04,1.17.2,Bandit100,16,4.13,nan,20,100,0,Left,Left,35,40,37,17,nan,nan,0.18
11/3/2025 20:54:06,1.17.2,Bandit100,16,4.12,1,20,100,0,Pellet,Left,35,40,38,17,1.07,951,nan
11/3/2025 20:54:15,1.17.2,Bandit100,16,4.12,nan,20,100,0,Left,Left,36,40,38,18,nan,nan,0.02
11/3/2025 20:54:16,1.17.2,Bandit100,16,4.12,1,20,100,0,Pellet,Left,36,40,39,18,0.65,10,nan
11/3/2025 20:56:36,1.17.2,Bandit100,16,4.12,nan,20,100,0,Right,Left,36,41,39,19,nan,nan,0.26
11/3/2025 20:57:15,1.17.2,Bandit100,16,4.12,nan,20,100,0,Left,Left,37,41,39,19,nan,nan,0.19
11/3/2025 20:57:19,1.17.2,Bandit100,16,4.12,1,20,100,0,Pellet,Left,37,41,40,19,2.45,183,nan
11/3/2025 20:59:48,1.17.2,Bandit100,16,4.12,nan,20,0,100,Left,Right,38,41,40,0,nan,nan,0.36
11/3/2025 21:00:14,1.17.2,Bandit100,16,4.13,nan,20,0,100,Right,Right,38,42,40,0,nan,nan,0.10
11/3/2025 21:00:16,1.17.2,Bandit100,16,4.12,1,20,0,100,Pellet,Right,38,42,41,0,1.43,177,nan
11/3/2025 21:02:53,1.17.2,Bandit100,16,4.13,nan,20,0,100,Right,Right,38,43,41,1,nan,nan,0.07
11/3/2025 21:02:58,1.17.2,Bandit100,16,4.12,1,20,0,100,Pellet,Right,38,43,42,1,4.30,162,nan
11/3/2025 21:03:34,1.17.2,Bandit100,16,4.12,nan,20,0,100,Left,Right,39,43,42,2,nan,nan,0.02
11/3/2025 21:03:37,1.17.2,Bandit100,16,4.12,nan,20,0,100,LeftinTimeOut,Right,39,43,42,2,nan,nan,nan
11/3/2025 21:04:01,1.17.2,Bandit100,16,4.12,nan,20,0,100,Left,Right,40,43,42,2,nan,nan,0.30
11/3/2025 21:04:03,1.17.2,Bandit100,16,4.13,nan,20,0,100,LeftinTimeOut,Right,40,43,42,2,nan,nan,nan
11/3/2025 21:04:36,1.17.2,Bandit100,16,4.12,nan,20,0,100,Right,Right,40,44,42,2,nan,nan,0.20
11/3/2025 21:04:38,1.17.2,Bandit100,16,4.12,1,20,0,100,Pellet,Right,40,44,43,2,1.31,100,nan
11/3/2025 21:04:57,1.17.2,Bandit100,16,4.12,nan,20,0,100,Right,Right,40,45,43,3,nan,nan,0.20
11/3/2025 21:04:59,1.17.2,Bandit100,16,4.12,nan,20,0,100,RightWithPellet,Right,40,46,43,3,nan,nan,0.09
11/3/2025 21:05:03,1.17.2,Bandit100,16,4.12,1,20,0,100,Pellet,Right,40,46,44,3,4.43,25,nan
11/3/2025 21:05:17,1.17.2,Bandit100,16,4.12,nan,20,0,100,Right,Right,40,47,44,4,nan,nan,0.19
11/3/2025 21:05:19,1.17.2,Bandit100,16,4.12,1,20,0,100,Pellet,Right,40,47,45,4,1.01,16,nan
11/3/2025 21:05:29,1.17.2,Bandit100,16,4.12,nan,20,0,100,Left,Right,41,47,45,5,nan,nan,0.16
11/3/2025 21:05:38,1.17.2,Bandit100,16,4.12,nan,20,0,100,LeftinTimeOut,Right,41,47,45,5,nan,nan,nan
11/3/2025 21:07:14,1.17.2,Bandit100,16,4.13,nan,20,0,100,Right,Right,41,48,45,5,nan,nan,0.08
11/3/2025 21:07:15,1.17.2,Bandit100,16,4.12,2,20,0,100,Pellet,Right,41,48,46,5,0.65,116,nan
11/3/2025 21:07:50,1.17.2,Bandit100,16,4.12,nan,20,0,100,Left,Right,42,48,46,6,nan,nan,0.14
11/3/2025 21:07:59,1.17.2,Bandit100,16,4.12,nan,20,0,100,RightinTimeout,Right,42,48,46,6,nan,nan,0.00
11/3/2025 21:08:06,1.17.2,Bandit100,16,4.12,nan,20,0,100,LeftinTimeOut,Right,42,48,46,6,nan,nan,nan
11/3/2025 21:08:06,1.17.2,Bandit100,16,4.12,nan,20,0,100,LeftinTimeOut,Right,42,48,46,6,nan,nan,nan
11/3/2025 21:08:07,1.17.2,Bandit100,16,4.13,nan,20,0,100,LeftinTimeOut,Right,42,48,46,6,nan,nan,nan
11/3/2025 21:08:07,1.17.2,Bandit100,16,4.12,nan,20,0,100,LeftinTimeOut,Right,42,48,46,6,nan,nan,nan
11/3/2025 21:08:08,1.17.2,Bandit100,16,4.13,nan,20,0,100,LeftinTimeOut,Right,42,48,46,6,nan,nan,nan
11/3/2025 21:08:12,1.17.2,Bandit100,16,4.12,nan,20,0,100,LeftinTimeOut,Right,42,48,46,6,nan,nan,nan
11/3/2025 21:09:46,1.17.2,Bandit100,16,4.12,nan,20,0,100,Right,Right,42,49,46,6,nan,nan,0.15
11/3/2025 21:09:48,1.17.2,Bandit100,16,4.12,1,20,0,100,Pellet,Right,42,49,47,6,1.43,153,nan
11/3/2025 21:10:09,1.17.2,Bandit100,16,4.13,nan,20,0,100,Left,Right,43,49,47,7,nan,nan,0.16
11/3/2025 21:10:10,1.17.2,Bandit100,16,4.12,nan,20,0,100,LeftinTimeOut,Right,43,49,47,7,nan,nan,nan
11/3/2025 21:10:12,1.17.2,Bandit100,16,4.13,nan,20,0,100,LeftinTimeOut,Right,43,49,47,7,nan,nan,nan
11/3/2025 21:11:21,1.17.2,Bandit100,16,4.12,nan,20,0,100,Right,Right,43,50,47,7,nan,nan,0.05
11/3/2025 21:11:27,1.17.2,Bandit100,16,4.12,1,20,0,100,Pellet,Right,43,50,48,7,5.68,99,nan
11/3/2025 21:11:42,1.17.2,Bandit100,16,4.12,nan,20,0,100,Right,Right,43,51,48,8,nan,nan,0.01
11/3/2025 21:11:45,1.17.2,Bandit100,16,4.12,1,20,0,100,Pellet,Right,43,51,49,8,2.20,18,nan
11/3/2025 21:12:08,1.17.2,Bandit100,16,4.12,nan,20,0,100,Left,Right,44,51,49,9,nan,nan,0.03
11/3/2025 21:13:42,1.17.2,Bandit100,16,4.12,nan,20,0,100,Left,Right,45,51,49,9,nan,nan,0.09
11/3/2025 21:13:44,1.17.2,Bandit100,16,4.12,nan,20,0,100,LeftinTimeOut,Right,45,51,49,9,nan,nan,nan
11/3/2025 21:13:49,1.17.2,Bandit100,16,4.13,nan,20,0,100,RightinTimeout,Right,45,51,49,9,nan,nan,0.00
11/3/2025 21:13:55,1.17.2,Bandit100,16,4.12,nan,20,0,100,LeftinTimeOut,Right,45,51,49,9,nan,nan,nan
11/3/2025 21:13:57,1.17.2,Bandit100,16,4.12,nan,20,0,100,LeftinTimeOut,Right,45,51,49,9,nan,nan,nan
11/3/2025 21:13:58,1.17.2,Bandit100,16,4.12,nan,20,0,100,LeftinTimeOut,Right,45,51,49,9,nan,nan,nan
11/3/2025 21:14:00,1.17.2,Bandit100,16,4.12,nan,20,0,100,RightinTimeout,Right,45,51,49,9,nan,nan,0.00
11/3/2025 21:14:01,1.17.2,Bandit100,16,4.12,nan,20,0,100,RightinTimeout,Right,45,51,49,9,nan,nan,0.00
11/3/2025 21:14:04,1.17.2,Bandit100,16,4.13,nan,20,0,100,RightinTimeout,Right,45,51,49,9,nan,nan,0.00
11/3/2025 21:14:18,1.17.2,Bandit100,16,4.12,nan,20,0,100,Right,Right,45,52,49,9,nan,nan,0.09
11/3/2025 21:14:20,1.17.2,Bandit100,16,4.12,1,20,0,100,Pellet,Right,45,52,50,9,1.67,155,nan
11/3/2025 21:14:30,1.17.2,Bandit100,16,4.12,nan,20,0,100,Left,Right,46,52,50,10,nan,nan,0.18
11/3/2025 21:14:36,1.17.2,Bandit100,16,4.12,nan,20,0,100,RightinTimeout,Right,46,52,50,10,nan,nan,0.00
11/3/2025 21:15:14,1.17.2,Bandit100,16,4.12,nan,20,0,100,Right,Right,46,53,50,10,nan,nan,0.07
11/3/2025 21:15:15,1.17.2,Bandit100,16,4.12,1,20,0,100,Pellet,Right,46,53,51,10,0.06,54,nan
11/3/2025 21:15:28,1.17.2,Bandit100,16,4.12,nan,20,0,100,Left,Right,47,53,51,11,nan,nan,0.18
11/3/2025 21:15:29,1.17.2,Bandit100,16,4.12,nan,20,0,100,LeftinTimeOut,Right,47,53,51,11,nan,nan,nan
11/3/2025 21:15:29,1.17.2,Bandit100,16,4.12,nan,20,0,100,LeftinTimeOut,Right,47,53,51,11,nan,nan,nan
11/3/2025 21:15:31,1.17.2,Bandit100,16,4.12,nan,20,0,100,LeftinTimeOut,Right,47,53,51,11,nan,nan,nan
11/3/2025 21:15:39,1.17.2,Bandit100,16,4.12,nan,20,0,100,RightinTimeout,Right,47,53,51,11,nan,nan,0.00
11/3/2025 21:15:40,1.17.2,Bandit100,16,4.12,nan,20,0,100,RightinTimeout,Right,47,53,51,11,nan,nan,0.00
11/3/2025 21:15:40,1.17.2,Bandit100,16,4.12,nan,20,0,100,RightinTimeout,Right,47,53,51,11,nan,nan,0.00
11/3/2025 21:15:46,1.17.2,Bandit100,16,4.12,nan,20,0,100,LeftinTimeOut,Right,47,53,51,11,nan,nan,nan
11/3/2025 21:15:46,1.17.2,Bandit100,16,4.13,nan,20,0,100,LeftinTimeOut,Right,47,53,51,11,nan,nan,nan
11/3/2025 21:16:11,1.17.2,Bandit100,16,4.12,nan,20,0,100,Left,Right,48,53,51,11,nan,nan,0.07
11/3/2025 21:16:16,1.17.2,Bandit100,16,4.12,nan,20,0,100,LeftinTimeOut,Right,48,53,51,11,nan,nan,nan
11/3/2025 21:16:19,1.17.2,Bandit100,16,4.12,nan,20,0,100,RightinTimeout,Right,48,53,51,11,nan,nan,0.00
11/3/2025 21:16:27,1.17.2,Bandit100,16,4.12,nan,20,0,100,LeftinTimeOut,Right,48,53,51,11,nan,nan,nan
11/3/2025 21:16:29,1.17.2,Bandit100,16,4.12,nan,20,0,100,LeftinTimeOut,Right,48,53,51,11,nan,nan,nan
11/3/2025 21:16:30,1.17.2,Bandit100,16,4.12,nan,20,0,100,LeftinTimeOut,Right,48,53,51,11,nan,nan,nan
11/3/2025 21:18:49,1.17.2,Bandit100,16,4.13,nan,20,0,100,Right,Right,48,54,51,11,nan,nan,0.02
11/3/2025 21:18:52,1.17.2,Bandit100,16,4.13,1,20,0,100,Pellet,Right,48,54,52,11,1.97,218,nan
11/3/2025 21:19:12,1.17.2,Bandit100,16,4.12,nan,20,0,100,Left,Right,49,54,52,12,nan,nan,0.04
11/3/2025 21:19:23,1.17.2,Bandit100,16,4.12,nan,20,0,100,Left,Right,50,54,52,12,nan,nan,0.14
11/3/2025 21:19:26,1.17.2,Bandit100,16,4.12,nan,20,0,100,LeftinTimeOut,Right,50,54,52,12,nan,nan,nan
11/3/2025 21:19:31,1.17.2,Bandit100,16,4.13,nan,20,0,100,RightinTimeout,Right,50,54,52,12,nan,nan,0.00
11/3/2025 21:19:35,1.17.2,Bandit100,16,4.13,nan,20,0,100,RightinTimeout,Right,50,54,52,12,nan,nan,0.00
11/3/2025 21:23:44,1.17.2,Bandit100,16,4.12,nan,20,0,100,Right,Right,50,55,52,12,nan,nan,0.26
11/3/2025 21:23:46,1.17.2,Bandit100,16,4.12,1,20,0,100,Pellet,Right,50,55,53,12,0.77,294,nan
11/3/2025 21:24:01,1.17.2,Bandit100,16,4.12,nan,20,0,100,Left,Right,51,55,53,13,nan,nan,0.18
11/3/2025 21:24:06,1.17.2,Bandit100,16,4.12,nan,20,0,100,RightinTimeout,Right,51,55,53,13,nan,nan,0.00
11/3/2025 21:24:06,1.17.2,Bandit100,16,4.12,nan,20,0,100,RightinTimeout,Right,51,55,53,13,nan,nan,0.00
11/3/2025 21:24:18,1.17.2,Bandit100,16,4.12,nan,20,0,100,Right,Right,51,56,53,13,nan,nan,0.06
11/3/2025 21:24:21,1.17.2,Bandit100,16,4.12,1,20,0,100,Pellet,Right,51,56,54,13,2.63,35,nan
11/3/2025 21:24:29,1.17.2,Bandit100,16,4.12,nan,20,0,100,Right,Right,51,57,54,14,nan,nan,0.04
11/3/2025 21:24:31,1.17.2,Bandit100,16,4.12,1,20,0,100,Pellet,Right,51,57,55,14,1.79,10,nan
11/3/2025 21:24:44,1.17.2,Bandit100,16,4.12,nan,20,0,100,Right,Right,51,58,55,15,nan,nan,0.14
11/3/2025 21:24:45,1.17.2,Bandit100,16,4.12,1,20,0,100,Pellet,Right,51,58,56,15,0.06,14,nan
11/3/2025 21:25:26,1.17.2,Bandit100,16,4.12,nan,20,0,100,Left,Right,52,58,56,16,nan,nan,0.37
11/3/2025 21:25:29,1.17.2,Bandit100,16,4.12,nan,20,0,100,LeftinTimeOut,Right,52,58,56,16,nan,nan,nan
11/3/2025 21:28:39,1.17.2,Bandit100,16,4.12,nan,20,0,100,Right,Right,52,59,56,16,nan,nan,0.15
11/3/2025 21:28:41,1.17.2,Bandit100,16,4.12,1,20,0,100,Pellet,Right,52,59,57,16,0.89,236,nan
11/3/2025 21:29:04,1.17.2,Bandit100,16,4.12,nan,20,0,100,Left,Right,53,59,57,17,nan,nan,0.19
11/3/2025 21:29:04,1.17.2,Bandit100,16,4.12,nan,20,0,100,LeftinTimeOut,Right,53,59,57,17,nan,nan,nan
11/3/2025 21:29:05,1.17.2,Bandit100,16,4.12,nan,20,0,100,LeftinTimeOut,Right,53,59,57,17,nan,nan,nan
11/3/2025 21:29:06,1.17.2,Bandit100,16,4.12,nan,20,0,100,LeftinTimeOut,Right,53,59,57,17,nan,nan,nan
11/3/2025 21:29:09,1.17.2,Bandit100,16,4.12,nan,20,0,100,LeftinTimeOut,Right,53,59,57,17,nan,nan,nan
11/3/2025 21:29:12,1.17.2,Bandit100,16,4.12,nan,20,0,100,RightinTimeout,Right,53,59,57,17,nan,nan,0.00
11/3/2025 21:29:14,1.17.2,Bandit100,16,4.12,nan,20,0,100,RightinTimeout,Right,53,59,57,17,nan,nan,0.00
11/3/2025 21:30:03,1.17.2,Bandit100,16,4.12,nan,20,0,100,Right,Right,53,60,57,17,nan,nan,0.12
11/3/2025 21:30:06,1.17.2,Bandit100,16,4.12,1,20,0,100,Pellet,Right,53,60,58,17,1.85,85,nan
11/3/2025 21:30:14,1.17.2,Bandit100,16,4.12,nan,20,0,100,Right,Right,53,61,58,18,nan,nan,0.15
11/3/2025 21:30:18,1.17.2,Bandit100,16,4.12,1,20,0,100,Pellet,Right,53,61,59,18,3.47,12,nan
11/3/2025 21:30:24,1.17.2,Bandit100,16,4.12,nan,20,0,100,Left,Right,54,61,59,19,nan,nan,0.04
11/3/2025 21:30:33,1.17.2,Bandit100,16,4.12,nan,20,0,100,RightinTimeout,Right,54,61,59,19,nan,nan,0.00
11/3/2025 21:30:37,1.17.2,Bandit100,16,4.12,nan,20,0,100,LeftinTimeOut,Right,54,61,59,19,nan,nan,nan
11/3/2025 21:32:51,1.17.2,Bandit100,16,4.12,nan,20,0,100,Left,Right,55,61,59,19,nan,nan,0.20
11/3/2025 21:32:54,1.17.2,Bandit100,16,4.13,nan,20,0,100,LeftinTimeOut,Right,55,61,59,19,nan,nan,nan
11/3/2025 21:32:57,1.17.2,Bandit100,16,4.12,nan,20,0,100,RightinTimeout,Right,55,61,59,19,nan,nan,0.00
11/3/2025 21:33:00,1.17.2,Bandit100,16,4.12,nan,20,0,100,RightinTimeout,Right,55,61,59,19,nan,nan,0.00
11/3/2025 21:33:02,1.17.2,Bandit100,16,4.12,nan,20,0,100,RightinTimeout,Right,55,61,59,19,nan,nan,0.00
11/3/2025 21:33:03,1.17.2,Bandit100,16,4.12,nan,20,0,100,RightinTimeout,Right,55,61,59,19,nan,nan,0.00
11/3/2025 21:33:06,1.17.2,Bandit100,16,4.12,nan,20,0,100,LeftinTimeOut,Right,55,61,59,19,nan,nan,nan
11/3/2025 21:33:14,1.17.2,Bandit100,16,4.12,nan,20,0,100,RightinTimeout,Right,55,61,59,19,nan,nan,0.00
11/3/2025 21:36:16,1.17.2,Bandit100,16,4.12,nan,20,0,100,Left,Right,56,61,59,19,nan,nan,0.03
11/3/2025 21:37:29,1.17.2,Bandit100,16,4.12,nan,20,0,100,Right,Right,56,62,59,19,nan,nan,0.07
11/3/2025 21:37:31,1.17.2,Bandit100,16,4.12,1,20,0,100,Pellet,Right,56,62,60,19,0.71,433,nan
11/3/2025 21:37:43,1.17.2,Bandit100,16,4.12,nan,20,100,0,Right,Left,56,63,60,0,nan,nan,0.16
11/3/2025 21:37:52,1.17.2,Bandit100,16,4.12,nan,20,100,0,RightinTimeout,Left,56,63,60,0,nan,nan,0.00
11/3/2025 21:37:54,1.17.2,Bandit100,16,4.12,nan,20,100,0,RightinTimeout,Left,56,63,60,0,nan,nan,0.00
11/3/2025 21:38:18,1.17.2,Bandit100,16,4.12,nan,20,100,0,Left,Left,57,63,60,0,nan,nan,0.16
11/3/2025 21:38:22,1.17.2,Bandit100,16,4.12,1,20,100,0,Pellet,Left,57,63,61,0,3.77,51,nan
11/3/2025 21:38:29,1.17.2,Bandit100,16,4.12,nan,20,100,0,Left,Left,58,63,61,1,nan,nan,0.24
11/3/2025 21:38:33,1.17.2,Bandit100,16,4.12,1,20,100,0,Pellet,Left,58,63,62,1,3.17,11,nan
11/3/2025 21:38:48,1.17.2,Bandit100,16,4.12,nan,20,100,0,Right,Left,58,64,62,2,nan,nan,0.18
11/3/2025 21:39:49,1.17.2,Bandit100,16,4.12,nan,20,100,0,Right,Left,58,65,62,2,nan,nan,0.07
11/3/2025 21:40:15,1.17.2,Bandit100,16,4.12,nan,20,100,0,Right,Left,58,66,62,2,nan,nan,0.20
11/3/2025 21:40:18,1.17.2,Bandit100,16,4.12,nan,20,100,0,RightinTimeout,Left,58,66,62,2,nan,nan,0.00
11/3/2025 21:40:28,1.17.2,Bandit100,16,4.12,nan,20,100,0,LeftinTimeOut,Left,58,66,62,2,nan,nan,nan
11/3/2025 21:40:29,1.17.2,Bandit100,16,4.12,nan,20,100,0,LeftinTimeOut,Left,58,66,62,2,nan,nan,nan
11/3/2025 21:40:30,1.17.2,Bandit100,16,4.12,nan,20,100,0,RightinTimeout,Left,58,66,62,2,nan,nan,0.00
11/3/2025 21:40:32,1.17.2,Bandit100,16,4.12,nan,20,100,0,LeftinTimeOut,Left,58,66,62,2,nan,nan,nan
11/3/2025 21:40:36,1.17.2,Bandit100,16,4.12,nan,20,100,0,RightinTimeout,Left,58,66,62,2,nan,nan,0.00
11/3/2025 21:45:42,1.17.2,Bandit100,16,4.12,nan,20,100,0,Right,Left,58,67,62,2,nan,nan,0.23
11/3/2025 21:49:47,1.17.2,Bandit100,16,4.12,nan,20,100,0,Right,Left,58,68,62,2,nan,nan,0.04
11/3/2025 21:49:49,1.17.2,Bandit100,16,4.12,nan,20,100,0,RightinTimeout,Left,58,68,62,2,nan,nan,0.00
11/3/2025 21:49:49,1.17.2,Bandit100,16,4.12,nan,20,100,0,RightinTimeout,Left,58,68,62,2,nan,nan,0.00
11/3/2025 21:49:56,1.17.2,Bandit100,16,4.12,nan,20,100,0,RightinTimeout,Left,58,68,62,2,nan,nan,0.00
11/3/2025 21:50:05,1.17.2,Bandit100,16,4.12,nan,20,100,0,RightinTimeout,Left,58,68,62,2,nan,nan,0.00
11/3/2025 21:50:09,1.17.2,Bandit100,16,4.12,nan,20,100,0,RightinTimeout,Left,58,68,62,2,nan,nan,0.00
11/3/2025 21:50:11,1.17.2,Bandit100,16,4.12,nan,20,100,0,LeftinTimeOut,Left,58,68,62,2,nan,nan,nan
11/3/2025 21:50:13,1.17.2,Bandit100,16,4.12,nan,20,100,0,RightinTimeout,Left,58,68,62,2,nan,nan,0.00
11/3/2025 21:55:48,1.17.2,Bandit100,16,4.12,nan,20,100,0,Left,Left,59,68,62,2,nan,nan,0.06
11/3/2025 21:55:51,1.17.2,Bandit100,16,4.12,1,20,100,0,Pellet,Left,59,68,63,2,2.57,1038,nan
11/3/2025 21:55:56,1.17.2,Bandit100,16,4.12,nan,20,100,0,Left,Left,60,68,63,3,nan,nan,0.11
11/3/2025 21:55:58,1.17.2,Bandit100,16,4.12,1,20,100,0,Pellet,Left,60,68,64,3,0.77,7,nan
11/3/2025 21:56:18,1.17.2,Bandit100,16,4.12,nan,20,100,0,Right,Left,60,69,64,4,nan,nan,0.11
11/3/2025 21:56:18,1.17.2,Bandit100,16,4.12,nan,20,100,0,RightinTimeout,Left,60,69,64,4,nan,nan,0.00
11/3/2025 21:56:24,1.17.2,Bandit100,16,4.12,nan,20,100,0,RightinTimeout,Left,60,69,64,4,nan,nan,0.00
11/3/2025 21:56:31,1.17.2,Bandit100,16,4.12,nan,20,100,0,RightinTimeout,Left,60,69,64,4,nan,nan,0.00
11/3/2025 21:57:04,1.17.2,Bandit100,16,4.12,nan,20,100,0,Left,Left,61,69,64,4,nan,nan,0.22
11/3/2025 21:57:05,1.17.2,Bandit100,16,4.12,1,20,100,0,Pellet,Left,61,69,65,4,0.41,67,nan
11/3/2025 21:57:15,1.17.2,Bandit100,16,4.12,nan,20,100,0,Right,Left,61,70,65,5,nan,nan,0.19
11/3/2025 21:57:17,1.17.2,Bandit100,16,4.12,nan,20,100,0,RightinTimeout,Left,61,70,65,5,nan,nan,0.00
11/3/2025 21:58:58,1.17.2,Bandit100,16,4.12,nan,20,100,0,Left,Left,62,70,65,5,nan,nan,0.00
11/3/2025 21:59:03,1.17.2,Bandit100,16,4.12,1,20,100,0,Pellet,Left,62,70,66,5,5.09,118,nan
11/3/2025 21:59:53,1.17.2,Bandit100,16,4.12,nan,20,100,0,Right,Left,62,71,66,6,nan,nan,0.33
11/3/2025 22:00:48,1.17.2,Bandit100,16,4.12,nan,20,100,0,Left,Left,63,71,66,6,nan,nan,0.17
11/3/2025 22:00:49,1.17.2,Bandit100,16,4.12,1,20,100,0,Pellet,Left,63,71,67,6,1.01,106,nan
11/3/2025 22:01:38,1.17.2,Bandit100,16,4.12,nan,20,100,0,Left,Left,64,71,67,7,nan,nan,0.16
11/3/2025 22:01:42,1.17.2,Bandit100,16,4.12,2,20,100,0,Pellet,Left,64,71,68,7,0.47,53,nan
11/3/2025 22:01:52,1.17.2,Bandit100,16,4.12,nan,20,100,0,Left,Left,65,71,68,8,nan,nan,0.01
11/3/2025 22:01:54,1.17.2,Bandit100,16,4.12,1,20,100,0,Pellet,Left,65,71,69,8,1.79,12,nan
11/3/2025 22:02:08,1.17.2,Bandit100,16,4.12,nan,20,100,0,Left,Left,66,71,69,9,nan,nan,0.19
11/3/2025 22:02:11,1.17.2,Bandit100,16,4.12,2,20,100,0,Pellet,Left,66,71,70,9,0.06,17,nan
11/3/2025 22:02:25,1.17.2,Bandit100,16,4.12,nan,20,100,0,Right,Left,66,72,70,10,nan,nan,0.16
11/3/2025 22:02:53,1.17.2,Bandit100,16,4.12,nan,20,100,0,Right,Left,66,73,70,10,nan,nan,0.28
11/3/2025 22:02:55,1.17.2,Bandit100,16,4.12,nan,20,100,0,LeftinTimeOut,Left,66,73,70,10,nan,nan,nan
11/3/2025 22:02:56,1.17.2,Bandit100,16,4.12,nan,20,100,0,LeftinTimeOut,Left,66,73,70,10,nan,nan,nan
11/3/2025 22:03:57,1.17.2,Bandit100,16,4.12,nan,20,100,0,Left,Left,67,73,70,10,nan,nan,0.14
11/3/2025 22:03:59,1.17.2,Bandit100,16,4.12,1,20,100,0,Pellet,Left,67,73,71,10,1.07,108,nan
11/3/2025 22:04:10,1.17.2,Bandit100,16,4.12,nan,20,100,0,Left,Left,68,73,71,11,nan,nan,0.07
11/3/2025 22:04:11,1.17.2,Bandit100,16,4.12,1,20,100,0,Pellet,Left,68,73,72,11,0.95,12,nan
11/3/2025 22:05:56,1.17.2,Bandit100,16,4.12,nan,20,100,0,Left,Left,69,73,72,12,nan,nan,0.09
11/3/2025 22:05:58,1.17.2,Bandit100,16,4.12,1,20,100,0,Pellet,Left,69,73,73,12,0.71,107,nan
11/3/2025 22:06:16,1.17.2,Bandit100,16,4.12,nan,20,100,0,Right,Left,69,74,73,13,nan,nan,0.14
11/3/2025 22:06:21,1.17.2,Bandit100,16,4.12,nan,20,100,0,LeftinTimeOut,Left,69,74,73,13,nan,nan,nan
11/3/2025 22:06:30,1.17.2,Bandit100,16,4.12,nan,20,100,0,LeftinTimeOut,Left,69,74,73,13,nan,nan,nan
11/3/2025 22:06:32,1.17.2,Bandit100,16,4.12,nan,20,100,0,LeftinTimeOut,Left,69,74,73,13,nan,nan,nan
11/3/2025 22:06:34,1.17.2,Bandit100,16,4.12,nan,20,100,0,LeftinTimeOut,Left,69,74,73,13,nan,nan,nan
11/3/2025 22:06:48,1.17.2,Bandit100,16,4.12,nan,20,100,0,Right,Left,69,75,73,13,nan,nan,0.22
11/3/2025 22:08:56,1.17.2,Bandit100,16,4.12,nan,20,100,0,Right,Left,69,76,73,13,nan,nan,0.14
11/3/2025 22:09:01,1.17.2,Bandit100,16,4.12,nan,20,100,0,RightinTimeout,Left,69,76,73,13,nan,nan,0.00
11/3/2025 22:11:56,1.17.2,Bandit100,16,4.12,nan,20,100,0,Left,Left,70,76,73,13,nan,nan,0.10
11/3/2025 22:11:58,1.17.2,Bandit100,16,4.12,1,20,100,0,Pellet,Left,70,76,74,13,1.07,360,nan
11/3/2025 22:12:09,1.17.2,Bandit100,16,4.12,nan,20,100,0,Left,Left,71,76,74,14,nan,nan,0.04
11/3/2025 22:12:11,1.17.2,Bandit100,16,4.12,1,20,100,0,Pellet,Left,71,76,75,14,1.25,13,nan
11/3/2025 22:12:16,1.17.2,Bandit100,16,4.12,nan,20,100,0,Left,Left,72,76,75,15,nan,nan,0.09
11/3/2025 22:12:21,1.17.2,Bandit100,16,4.12,1,20,100,0,Pellet,Left,72,76,76,15,3.89,10,nan
11/3/2025 22:12:27,1.17.2,Bandit100,16,4.12,nan,20,100,0,Right,Left,72,77,76,16,nan,nan,0.12
11/3/2025 22:12:30,1.17.2,Bandit100,16,4.12,nan,20,100,0,LeftinTimeOut,Left,72,77,76,16,nan,nan,nan
11/3/2025 22:12:31,1.17.2,Bandit100,16,4.12,nan,20,100,0,LeftinTimeOut,Left,72,77,76,16,nan,nan,nan
11/3/2025 22:12:32,1.17.2,Bandit100,16,4.12,nan,20,100,0,LeftinTimeOut,Left,72,77,76,16,nan,nan,nan
11/3/2025 22:12:37,1.17.2,Bandit100,16,4.12,nan,20,100,0,LeftinTimeOut,Left,72,77,76,16,nan,nan,nan
11/3/2025 22:12:39,1.17.2,Bandit100,16,4.12,nan,20,100,0,LeftinTimeOut,Left,72,77,76,16,nan,nan,nan
11/3/2025 22:12:59,1.17.2,Bandit100,16,4.12,nan,20,100,0,Right,Left,72,78,76,16,nan,nan,0.01
11/3/2025 22:13:38,1.17.2,Bandit100,16,4.12,nan,20,100,0,Right,Left,72,79,76,16,nan,nan,0.21
11/3/2025 22:13:43,1.17.2,Bandit100,16,4.12,nan,20,100,0,RightinTimeout,Left,72,79,76,16,nan,nan,0.00
11/3/2025 22:13:44,1.17.2,Bandit100,16,4.12,nan,20,100,0,RightinTimeout,Left,72,79,76,16,nan,nan,0.00
11/3/2025 22:13:45,1.17.2,Bandit100,16,4.12,nan,20,100,0,RightinTimeout,Left,72,79,76,16,nan,nan,0.00
11/3/2025 22:13:48,1.17.2,Bandit100,16,4.12,nan,20,100,0,LeftinTimeOut,Left,72,79,76,16,nan,nan,nan
11/3/2025 22:16:32,1.17.2,Bandit100,16,4.12,nan,20,100,0,Left,Left,73,79,76,16,nan,nan,0.20
11/3/2025 22:16:35,1.17.2,Bandit100,16,4.12,1,20,100,0,Pellet,Left,73,79,77,16,2.15,254,nan
11/3/2025 22:16:46,1.17.2,Bandit100,16,4.12,nan,20,100,0,Left,Left,74,79,77,17,nan,nan,0.16
11/3/2025 22:16:47,1.17.2,Bandit100,16,4.12,1,20,100,0,Pellet,Left,74,79,78,17,0.77,12,nan
11/3/2025 22:17:15,1.17.2,Bandit100,16,4.12,nan,20,100,0,Left,Left,75,79,78,18,nan,nan,0.07
11/3/2025 22:17:16,1.17.2,Bandit100,16,4.12,2,20,100,0,Pellet,Left,75,79,79,18,0.77,29,nan
11/3/2025 22:17:23,1.17.2,Bandit100,16,4.12,nan,20,100,0,Left,Left,76,79,79,19,nan,nan,0.10
11/3/2025 22:17:31,1.17.2,Bandit100,16,4.12,2,20,100,0,Pellet,Left,76,79,80,19,4.72,15,nan
11/3/2025 22:17:47,1.17.2,Bandit100,16,4.12,nan,20,0,100,Left,Right,77,79,80,0,nan,nan,0.06
11/3/2025 22:17:58,1.17.2,Bandit100,16,4.12,nan,20,0,100,Left,Right,78,79,80,0,nan,nan,0.14
11/3/2025 22:17:59,1.17.2,Bandit100,16,4.12,nan,20,0,100,LeftinTimeOut,Right,78,79,80,0,nan,nan,nan
11/3/2025 22:18:01,1.17.2,Bandit100,16,4.12,nan,20,0,100,LeftinTimeOut,Right,78,79,80,0,nan,nan,nan
11/3/2025 22:18:02,1.17.2,Bandit100,16,4.12,nan,20,0,100,LeftinTimeOut,Right,78,79,80,0,nan,nan,nan
11/3/2025 22:18:30,1.17.2,Bandit100,16,4.12,nan,20,0,100,Right,Right,78,80,80,0,nan,nan,0.06
11/3/2025 22:18:32,1.17.2,Bandit100,16,4.12,1,20,0,100,Pellet,Right,78,80,81,0,0.53,61,nan
11/3/2025 22:18:46,1.17.2,Bandit100,16,4.12,nan,20,0,100,Left,Right,79,80,81,1,nan,nan,0.08
11/3/2025 22:18:59,1.17.2,Bandit100,16,4.12,nan,20,0,100,Right,Right,79,81,81,1,nan,nan,0.01
11/3/2025 22:18:59,1.17.2,Bandit100,16,4.12,nan,20,0,100,RightDuringDispense,Right,79,81,81,1,nan,nan,0.10
11/3/2025 22:19:02,1.17.2,Bandit100,16,4.12,2,20,0,100,Pellet,Right,79,81,82,1,0.06,30,nan
11/3/2025 22:19:04,1.17.2,Bandit100,16,4.12,nan,20,0,100,Right,Right,79,82,82,2,nan,nan,0.08
11/3/2025 22:19:06,1.17.2,Bandit100,16,4.12,1,20,0,100,Pellet,Right,79,82,83,2,1.91,4,nan
11/3/2025 22:19:39,1.17.2,Bandit100,16,4.12,nan,20,0,100,Left,Right,80,82,83,3,nan,nan,0.15
11/3/2025 22:19:52,1.17.2,Bandit100,16,4.12,nan,20,0,100,Right,Right,80,83,83,3,nan,nan,0.03
11/3/2025 22:19:52,1.17.2,Bandit100,16,4.12,nan,20,0,100,RightDuringDispense,Right,80,83,83,3,nan,nan,0.06
11/3/2025 22:19:57,1.17.2,Bandit100,16,4.12,2,20,0,100,Pellet,Right,80,83,84,3,1.73,51,nan
11/3/2025 22:20:05,1.17.2,Bandit100,16,4.12,nan,20,0,100,Right,Right,80,84,84,4,nan,nan,0.24
11/3/2025 22:20:05,1.17.2,Bandit100,16,4.12,1,20,0,100,Pellet,Right,80,84,85,4,0.06,8,nan
11/3/2025 22:20:27,1.17.2,Bandit100,16,4.12,nan,20,0,100,Right,Right,80,85,85,5,nan,nan,0.18
11/3/2025 22:20:28,1.17.2,Bandit100,16,4.12,1,20,0,100,Pellet,Right,80,85,86,5,0.06,23,nan
11/3/2025 22:20:50,1.17.2,Bandit100,16,4.12,nan,20,0,100,Right,Right,80,86,86,6,nan,nan,0.22
11/3/2025 22:20:53,1.17.2,Bandit100,16,4.12,1,20,0,100,Pellet,Right,80,86,87,6,1.55,25,nan
11/3/2025 22:21:31,1.17.2,Bandit100,16,4.12,nan,20,0,100,Right,Right,80,87,87,7,nan,nan,0.05
11/3/2025 22:21:32,1.17.2,Bandit100,16,4.12,1,20,0,100,Pellet,Right,80,87,88,7,0.11,39,nan
11/3/2025 22:21:46,1.17.2,Bandit100,16,4.12,nan,20,0,100,Left,Right,81,87,88,8,nan,nan,0.11
11/3/2025 22:21:55,1.17.2,Bandit100,16,4.12,nan,20,0,100,RightinTimeout,Right,81,87,88,8,nan,nan,0.00
11/3/2025 22:21:56,1.17.2,Bandit100,16,4.12,nan,20,0,100,RightinTimeout,Right,81,87,88,8,nan,nan,0.00
11/3/2025 22:21:59,1.17.2,Bandit100,16,4.12,nan,20,0,100,LeftinTimeOut,Right,81,87,88,8,nan,nan,nan
11/3/2025 22:22:02,1.17.2,Bandit100,16,4.12,nan,20,0,100,LeftinTimeOut,Right,81,87,88,8,nan,nan,nan
11/3/2025 22:22:03,1.17.2,Bandit100,16,4.12,nan,20,0,100,LeftinTimeOut,Right,81,87,88,8,nan,nan,nan
11/3/2025 22:22:05,1.17.2,Bandit100,16,4.12,nan,20,0,100,LeftinTimeOut,Right,81,87,88,8,nan,nan,nan
11/3/2025 22:22:24,1.17.2,Bandit100,16,4.12,nan,20,0,100,Right,Right,81,88,88,8,nan,nan,0.04
11/3/2025 22:22:28,1.17.2,Bandit100,16,4.12,1,20,0,100,Pellet,Right,81,88,89,8,2.81,56,nan
11/3/2025 22:22:35,1.17.2,Bandit100,16,4.12,nan,20,0,100,Left,Right,82,88,89,9,nan,nan,0.05
11/3/2025 22:22:39,1.17.2,Bandit100,16,4.12,nan,20,0,100,LeftinTimeOut,Right,82,88,89,9,nan,nan,nan
11/3/2025 22:22:40,1.17.2,Bandit100,16,4.12,nan,20,0,100,LeftinTimeOut,Right,82,88,89,9,nan,nan,nan
11/3/2025 22:22:42,1.17.2,Bandit100,16,4.12,nan,20,0,100,LeftinTimeOut,Right,82,88,89,9,nan,nan,nan
11/3/2025 22:22:46,1.17.2,Bandit100,16,4.12,nan,20,0,100,RightinTimeout,Right,82,88,89,9,nan,nan,0.00
11/3/2025 22:22:48,1.17.2,Bandit100,16,4.12,nan,20,0,100,LeftinTimeOut,Right,82,88,89,9,nan,nan,nan
11/3/2025 22:22:54,1.17.2,Bandit100,16,4.12,nan,20,0,100,RightinTimeout,Right,82,88,89,9,nan,nan,0.00
11/3/2025 22:22:56,1.17.2,Bandit100,16,4.12,nan,20,0,100,RightinTimeout,Right,82,88,89,9,nan,nan,0.00
11/3/2025 22:23:11,1.17.2,Bandit100,16,4.12,nan,20,0,100,Right,Right,82,89,89,9,nan,nan,0.09
11/3/2025 22:23:13,1.17.2,Bandit100,16,4.12,1,20,0,100,Pellet,Right,82,89,90,9,1.73,45,nan
11/3/2025 22:23:24,1.17.2,Bandit100,16,4.12,nan,20,0,100,Right,Right,82,90,90,10,nan,nan,0.09
11/3/2025 22:23:26,1.17.2,Bandit100,16,4.12,1,20,0,100,Pellet,Right,82,90,91,10,1.01,13,nan
11/3/2025 22:23:36,1.17.2,Bandit100,16,4.12,nan,20,0,100,Left,Right,83,90,91,11,nan,nan,0.12
11/3/2025 22:23:39,1.17.2,Bandit100,16,4.12,nan,20,0,100,RightinTimeout,Right,83,90,91,11,nan,nan,0.00
11/3/2025 22:25:46,1.17.2,Bandit100,16,4.12,nan,20,0,100,Right,Right,83,91,91,11,nan,nan,0.22
11/3/2025 22:25:48,1.17.2,Bandit100,16,4.12,1,20,0,100,Pellet,Right,83,91,92,11,2.09,142,nan
11/3/2025 22:26:00,1.17.2,Bandit100,16,4.12,nan,20,0,100,Left,Right,84,91,92,12,nan,nan,0.08
11/3/2025 22:26:02,1.17.2,Bandit100,16,4.12,nan,20,0,100,LeftinTimeOut,Right,84,91,92,12,nan,nan,nan
11/3/2025 22:26:05,1.17.2,Bandit100,16,4.12,nan,20,0,100,LeftinTimeOut,Right,84,91,92,12,nan,nan,nan
11/3/2025 22:26:07,1.17.2,Bandit100,16,4.12,nan,20,0,100,LeftinTimeOut,Right,84,91,92,12,nan,nan,nan
11/3/2025 22:26:07,1.17.2,Bandit100,16,4.12,nan,20,0,100,LeftinTimeOut,Right,84,91,92,12,nan,nan,nan
11/3/2025 22:26:12,1.17.2,Bandit100,16,4.12,nan,20,0,100,RightinTimeout,Right,84,91,92,12,nan,nan,0.00
11/3/2025 22:26:14,1.17.2,Bandit100,16,4.12,nan,20,0,100,RightinTimeout,Right,84,91,92,12,nan,nan,0.00
11/3/2025 22:27:08,1.17.2,Bandit100,16,4.12,nan,20,0,100,Left,Right,85,91,92,12,nan,nan,0.14
11/3/2025 22:30:26,1.17.2,Bandit100,16,4.12,nan,20,0,100,Left,Right,86,91,92,12,nan,nan,0.10
11/3/2025 22:30:29,1.17.2,Bandit100,16,4.12,nan,20,0,100,LeftinTimeOut,Right,86,91,92,12,nan,nan,nan
11/3/2025 22:30:31,1.17.2,Bandit100,16,4.12,nan,20,0,100,LeftinTimeOut,Right,86,91,92,12,nan,nan,nan
11/3/2025 22:30:35,1.17.2,Bandit100,16,4.12,nan,20,0,100,RightinTimeout,Right,86,91,92,12,nan,nan,0.00
11/3/2025 22:31:42,1.17.2,Bandit100,16,4.12,nan,20,0,100,Left,Right,87,91,92,12,nan,nan,0.29
11/3/2025 22:34:57,1.17.2,Bandit100,16,4.12,nan,20,0,100,Left,Right,88,91,92,12,nan,nan,0.13
11/3/2025 22:35:11,1.17.2,Bandit100,16,4.12,nan,20,0,100,Left,Right,89,91,92,12,nan,nan,0.17
11/3/2025 22:35:13,1.17.2,Bandit100,16,4.12,nan,20,0,100,RightinTimeout,Right,89,91,92,12,nan,nan,0.00
11/3/2025 22:35:14,1.17.2,Bandit100,16,4.12,nan,20,0,100,RightinTimeout,Right,89,91,92,12,nan,nan,0.00
11/3/2025 22:35:15,1.17.2,Bandit100,16,4.12,nan,20,0,100,RightinTimeout,Right,89,91,92,12,nan,nan,0.00
11/3/2025 22:35:19,1.17.2,Bandit100,16,4.12,nan,20,0,100,LeftinTimeOut,Right,89,91,92,12,nan,nan,nan
11/3/2025 22:37:28,1.17.2,Bandit100,16,4.12,nan,20,0,100,Right,Right,89,92,92,12,nan,nan,0.23
11/3/2025 22:37:31,1.17.2,Bandit100,16,4.12,1,20,0,100,Pellet,Right,89,92,93,12,2.33,703,nan
11/3/2025 22:37:44,1.17.2,Bandit100,16,4.12,nan,20,0,100,Left,Right,90,92,93,13,nan,nan,0.11
11/3/2025 22:37:47,1.17.2,Bandit100,16,4.12,nan,20,0,100,LeftinTimeOut,Right,90,92,93,13,nan,nan,nan
11/3/2025 22:37:49,1.17.2,Bandit100,16,4.12,nan,20,0,100,RightinTimeout,Right,90,92,93,13,nan,nan,0.00
11/3/2025 22:37:56,1.17.2,Bandit100,16,4.12,nan,20,0,100,RightinTimeout,Right,90,92,93,13,nan,nan,0.00
11/3/2025 22:38:21,1.17.2,Bandit100,16,4.12,nan,20,0,100,Right,Right,90,93,93,13,nan,nan,0.06
11/3/2025 22:38:23,1.17.2,Bandit100,16,4.12,1,20,0,100,Pellet,Right,90,93,94,13,1.55,52,nan
11/3/2025 22:38:31,1.17.2,Bandit100,16,4.12,nan,20,0,100,Right,Right,90,94,94,14,nan,nan,0.14
11/3/2025 22:38:32,1.17.2,Bandit100,16,4.12,1,20,0,100,Pellet,Right,90,94,95,14,0.06,9,nan
11/3/2025 22:38:46,1.17.2,Bandit100,16,4.12,nan,20,0,100,Right,Right,90,95,95,15,nan,nan,0.11
11/3/2025 22:38:48,1.17.2,Bandit100,16,4.12,1,20,0,100,Pellet,Right,90,95,96,15,0.77,16,nan
11/3/2025 22:39:02,1.17.2,Bandit100,16,4.12,nan,20,0,100,Right,Right,90,96,96,16,nan,nan,0.16
11/3/2025 22:39:04,1.17.2,Bandit100,16,4.12,1,20,0,100,Pellet,Right,90,96,97,16,0.65,16,nan
11/3/2025 22:39:12,1.17.2,Bandit100,16,4.12,nan,20,0,100,Left,Right,91,96,97,17,nan,nan,0.19
11/3/2025 22:39:16,1.17.2,Bandit100,16,4.12,nan,20,0,100,LeftinTimeOut,Right,91,96,97,17,nan,nan,nan
11/3/2025 22:39:18,1.17.2,Bandit100,16,4.12,nan,20,0,100,LeftinTimeOut,Right,91,96,97,17,nan,nan,nan
11/3/2025 22:39:22,1.17.2,Bandit100,16,4.12,nan,20,0,100,RightinTimeout,Right,91,96,97,17,nan,nan,0.00
11/3/2025 22:39:25,1.17.2,Bandit100,16,4.12,nan,20,0,100,LeftinTimeOut,Right,91,96,97,17,nan,nan,nan
11/3/2025 22:40:04,1.17.2,Bandit100,16,4.12,nan,20,0,100,Right,Right,91,97,97,17,nan,nan,0.18
11/3/2025 22:40:06,1.17.2,Bandit100,16,4.12,1,20,0,100,Pellet,Right,91,97,98,17,0.71,62,nan
11/3/2025 22:40:14,1.17.2,Bandit100,16,4.12,nan,20,0,100,Right,Right,91,98,98,18,nan,nan,0.07
11/3/2025 22:40:15,1.17.2,Bandit100,16,4.12,1,20,0,100,Pellet,Right,91,98,99,18,0.06,9,nan
11/3/2025 22:40:25,1.17.2,Bandit100,16,4.12,nan,20,0,100,Right,Right,91,99,99,19,nan,nan,0.11
11/3/2025 22:40:27,1.17.2,Bandit100,16,4.12,1,20,0,100,Pellet,Right,91,99,100,19,1.43,12,nan
11/3/2025 22:40:46,1.17.2,Bandit100,16,4.12,nan,20,100,0,Left,Left,92,99,100,0,nan,nan,0.08
11/3/2025 22:40:49,1.17.2,Bandit100,16,4.12,1,20,100,0,Pellet,Left,92,99,101,0,1.67,21,nan
11/3/2025 22:40:59,1.17.2,Bandit100,16,4.12,nan,20,100,0,Left,Left,93,99,101,1,nan,nan,0.07
11/3/2025 22:41:01,1.17.2,Bandit100,16,4.12,1,20,100,0,Pellet,Left,93,99,102,1,1.07,13,nan
11/3/2025 22:41:09,1.17.2,Bandit100,16,4.12,nan,20,100,0,Right,Left,93,100,102,2,nan,nan,0.04
11/3/2025 22:41:12,1.17.2,Bandit100,16,4.11,nan,20,100,0,LeftinTimeOut,Left,93,100,102,2,nan,nan,nan
11/3/2025 22:41:14,1.17.2,Bandit100,16,4.12,nan,20,100,0,RightinTimeout,Left,93,100,102,2,nan,nan,0.00
11/3/2025 22:41:23,1.17.2,Bandit100,16,4.12,nan,20,100,0,LeftinTimeOut,Left,93,100,102,2,nan,nan,nan
11/3/2025 22:41:26,1.17.2,Bandit100,16,4.12,nan,20,100,0,RightinTimeout,Left,93,100,102,2,nan,nan,0.00
11/3/2025 22:41:27,1.17.2,Bandit100,16,4.12,nan,20,100,0,RightinTimeout,Left,93,100,102,2,nan,nan,0.00
11/3/2025 22:41:29,1.17.2,Bandit100,16,4.11,nan,20,100,0,LeftinTimeOut,Left,93,100,102,2,nan,nan,nan
11/3/2025 22:41:31,1.17.2,Bandit100,16,4.12,nan,20,100,0,LeftinTimeOut,Left,93,100,102,2,nan,nan,nan
11/3/2025 22:42:37,1.17.2,Bandit100,16,4.11,nan,20,100,0,Right,Left,93,101,102,2,nan,nan,0.11
11/3/2025 22:42:40,1.17.2,Bandit100,16,4.12,nan,20,100,0,RightinTimeout,Left,93,101,102,2,nan,nan,0.00
11/3/2025 22:43:32,1.17.2,Bandit100,16,4.12,nan,20,100,0,Right,Left,93,102,102,2,nan,nan,0.04
11/3/2025 22:43:35,1.17.2,Bandit100,16,4.12,nan,20,100,0,RightinTimeout,Left,93,102,102,2,nan,nan,0.00
11/3/2025 22:43:40,1.17.2,Bandit100,16,4.12,nan,20,100,0,RightinTimeout,Left,93,102,102,2,nan,nan,0.00
11/3/2025 22:53:51,1.17.2,Bandit100,16,4.12,nan,20,100,0,Left,Left,94,102,102,2,nan,nan,0.65
11/3/2025 22:53:53,1.17.2,Bandit100,16,4.12,1,20,100,0,Pellet,Left,94,102,103,2,1.25,772,nan
11/3/2025 22:55:38,1.17.2,Bandit100,16,4.12,nan,20,100,0,Left,Left,95,102,103,3,nan,nan,0.14
11/3/2025 22:55:41,1.17.2,Bandit100,16,4.12,1,20,100,0,Pellet,Left,95,102,104,3,1.43,107,nan
11/3/2025 22:55:49,1.17.2,Bandit100,16,4.12,nan,20,100,0,Left,Left,96,102,104,4,nan,nan,0.18
11/3/2025 22:56:04,1.17.2,Bandit100,16,4.12,1,20,100,0,Pellet,Left,96,102,105,4,13.97,24,nan
11/3/2025 22:56:18,1.17.2,Bandit100,16,4.12,nan,20,100,0,Right,Left,96,103,105,5,nan,nan,0.01
11/3/2025 22:56:20,1.17.2,Bandit100,16,4.12,nan,20,100,0,RightinTimeout,Left,96,103,105,5,nan,nan,0.00
11/3/2025 22:56:27,1.17.2,Bandit100,16,4.12,nan,20,100,0,RightinTimeout,Left,96,103,105,5,nan,nan,0.00
11/3/2025 22:56:27,1.17.2,Bandit100,16,4.12,nan,20,100,0,RightinTimeout,Left,96,103,105,5,nan,nan,0.00
11/3/2025 22:56:34,1.17.2,Bandit100,16,4.12,nan,20,100,0,LeftinTimeOut,Left,96,103,105,5,nan,nan,nan
11/3/2025 23:02:13,1.17.2,Bandit100,16,4.12,nan,20,100,0,Right,Left,96,104,105,5,nan,nan,0.08
11/3/2025 23:02:43,1.17.2,Bandit100,16,4.11,nan,20,100,0,Left,Left,97,104,105,5,nan,nan,0.17
11/3/2025 23:02:48,1.17.2,Bandit100,16,4.12,1,20,100,0,Pellet,Left,97,104,106,5,4.55,404,nan
11/3/2025 23:03:05,1.17.2,Bandit100,16,4.12,nan,20,100,0,Right,Left,97,105,106,6,nan,nan,0.09
11/3/2025 23:03:07,1.17.2,Bandit100,16,4.12,nan,20,100,0,RightinTimeout,Left,97,105,106,6,nan,nan,0.00
11/3/2025 23:03:09,1.17.2,Bandit100,16,4.11,nan,20,100,0,LeftinTimeOut,Left,97,105,106,6,nan,nan,nan
11/3/2025 23:05:29,1.17.2,Bandit100,16,4.12,nan,20,100,0,Left,Left,98,105,106,6,nan,nan,0.20
11/3/2025 23:05:31,1.17.2,Bandit100,16,4.12,1,20,100,0,Pellet,Left,98,105,107,6,1.73,163,nan
11/3/2025 23:12:44,1.17.2,Bandit100,16,4.12,nan,20,100,0,Left,Left,99,105,107,7,nan,nan,0.36
11/3/2025 23:12:47,1.17.2,Bandit100,16,4.12,2,20,100,0,Pellet,Left,99,105,108,7,2.27,436,nan
11/3/2025 23:16:22,1.17.2,Bandit100,16,4.11,nan,20,100,0,Left,Left,100,105,108,8,nan,nan,0.20
11/3/2025 23:16:24,1.17.2,Bandit100,16,4.12,1,20,100,0,Pellet,Left,100,105,109,8,1.31,217,nan
11/3/2025 23:16:38,1.17.2,Bandit100,16,4.12,nan,20,100,0,Left,Left,101,105,109,9,nan,nan,0.16
11/3/2025 23:16:40,1.17.2,Bandit100,16,4.12,1,20,100,0,Pellet,Left,101,105,110,9,0.95,16,nan
11/3/2025 23:16:55,1.17.2,Bandit100,16,4.12,nan,20,100,0,Left,Left,102,105,110,10,nan,nan,0.11
11/3/2025 23:17:00,1.17.2,Bandit100,16,4.12,1,20,100,0,Pellet,Left,102,105,111,10,3.59,20,nan
11/3/2025 23:19:16,1.17.2,Bandit100,16,4.12,nan,20,100,0,Left,Left,103,105,111,11,nan,nan,0.03
11/3/2025 23:19:19,1.17.2,Bandit100,16,4.12,1,20,100,0,Pellet,Left,103,105,112,11,1.61,139,nan
11/3/2025 23:20:34,1.17.2,Bandit100,16,4.12,nan,20,100,0,Left,Left,104,105,112,12,nan,nan,0.21
11/3/2025 23:20:36,1.17.2,Bandit100,16,4.11,1,20,100,0,Pellet,Left,104,105,113,12,0.89,77,nan
11/3/2025 23:20:49,1.17.2,Bandit100,16,4.12,nan,20,100,0,Left,Left,105,105,113,13,nan,nan,0.23
11/3/2025 23:20:51,1.17.2,Bandit100,16,4.11,1,20,100,0,Pellet,Left,105,105,114,13,0.83,15,nan
11/3/2025 23:21:03,1.17.2,Bandit100,16,4.12,nan,20,100,0,Right,Left,105,106,114,14,nan,nan,0.09
11/3/2025 23:21:06,1.17.2,Bandit100,16,4.12,nan,20,100,0,LeftinTimeOut,Left,105,106,114,14,nan,nan,nan
11/3/2025 23:21:07,1.17.2,Bandit100,16,4.12,nan,20,100,0,LeftinTimeOut,Left,105,106,114,14,nan,nan,nan
11/3/2025 23:21:08,1.17.2,Bandit100,16,4.11,nan,20,100,0,LeftinTimeOut,Left,105,106,114,14,nan,nan,nan
11/3/2025 23:21:51,1.17.2,Bandit100,16,4.11,nan,20,100,0,Left,Left,106,106,114,14,nan,nan,0.09
11/3/2025 23:21:53,1.17.2,Bandit100,16,4.11,1,20,100,0,Pellet,Left,106,106,115,14,1.07,62,nan
11/3/2025 23:23:16,1.17.2,Bandit100,16,4.12,nan,20,100,0,Left,Left,107,106,115,15,nan,nan,0.20
11/3/2025 23:23:28,1.17.2,Bandit100,16,4.12,1,20,100,0,Pellet,Left,107,106,116,15,11.15,95,nan
11/3/2025 23:23:35,1.17.2,Bandit100,16,4.12,nan,20,100,0,Left,Left,108,106,116,16,nan,nan,0.11
11/3/2025 23:23:38,1.17.2,Bandit100,16,4.12,1,20,100,0,Pellet,Left,108,106,117,16,1.55,9,nan
11/3/2025 23:23:42,1.17.2,Bandit100,16,4.12,nan,20,100,0,Left,Left,109,106,117,17,nan,nan,0.16
11/3/2025 23:23:45,1.17.2,Bandit100,16,4.12,nan,20,100,0,LeftWithPellet,Left,109,106,117,17,nan,nan,0.08
11/3/2025 23:23:47,1.17.2,Bandit100,16,4.12,1,20,100,0,Pellet,Left,109,106,118,17,4.31,10,nan
11/3/2025 23:23:58,1.17.2,Bandit100,16,4.12,nan,20,100,0,Right,Left,109,107,118,18,nan,nan,0.12
11/3/2025 23:24:04,1.17.2,Bandit100,16,4.12,nan,20,100,0,LeftinTimeOut,Left,109,107,118,18,nan,nan,nan
11/3/2025 23:28:17,1.17.2,Bandit100,16,4.12,nan,20,100,0,Left,Left,110,107,118,18,nan,nan,0.14
11/3/2025 23:28:20,1.17.2,Bandit100,16,4.12,nan,20,100,0,LeftWithPellet,Left,110,107,118,18,nan,nan,0.06
11/3/2025 23:28:35,1.17.2,Bandit100,16,4.12,1,20,100,0,Pellet,Left,110,107,119,18,17.37,288,nan
11/3/2025 23:32:07,1.17.2,Bandit100,16,4.12,nan,20,100,0,Right,Left,110,108,119,19,nan,nan,0.05
11/3/2025 23:32:12,1.17.2,Bandit100,16,4.11,nan,20,100,0,RightinTimeout,Left,110,108,119,19,nan,nan,0.00
11/3/2025 23:35:27,1.17.2,Bandit100,16,4.12,nan,20,100,0,Left,Left,111,108,119,19,nan,nan,0.12
11/3/2025 23:35:28,1.17.2,Bandit100,16,4.11,1,20,100,0,Pellet,Left,111,108,120,19,0.06,413,nan
11/3/2025 23:35:53,1.17.2,Bandit100,16,4.11,nan,20,0,100,Right,Right,111,109,120,0,nan,nan,0.09
11/3/2025 23:35:58,1.17.2,Bandit100,16,4.11,2,20,0,100,Pellet,Right,111,109,121,0,2.27,30,nan
11/3/2025 23:36:07,1.17.2,Bandit100,16,4.12,nan,20,0,100,Left,Right,112,109,121,1,nan,nan,0.19
11/3/2025 23:37:08,1.17.2,Bandit100,16,4.11,nan,20,0,100,Left,Right,113,109,121,1,nan,nan,0.12
11/3/2025 23:37:09,1.17.2,Bandit100,16,4.11,nan,20,0,100,LeftinTimeOut,Right,113,109,121,1,nan,nan,nan
11/3/2025 23:37:11,1.17.2,Bandit100,16,4.12,nan,20,0,100,LeftinTimeOut,Right,113,109,121,1,nan,nan,nan
11/3/2025 23:37:14,1.17.2,Bandit100,16,4.12,nan,20,0,100,RightinTimeout,Right,113,109,121,1,nan,nan,0.00
11/3/2025 23:47:32,1.17.2,Bandit100,16,4.12,nan,20,0,100,Left,Right,114,109,121,1,nan,nan,0.08
11/3/2025 23:47:35,1.17.2,Bandit100,16,4.12,nan,20,0,100,LeftinTimeOut,Right,114,109,121,1,nan,nan,nan
11/3/2025 23:48:29,1.17.2,Bandit100,16,4.12,nan,20,0,100,Left,Right,115,109,121,1,nan,nan,0.15
11/3/2025 23:48:35,1.17.2,Bandit100,16,4.11,nan,20,0,100,RightinTimeout,Right,115,109,121,1,nan,nan,0.00
11/3/2025 23:48:35,1.17.2,Bandit100,16,4.11,nan,20,0,100,RightinTimeout,Right,115,109,121,1,nan,nan,0.00
11/3/2025 23:48:36,1.17.2,Bandit100,16,4.11,nan,20,0,100,RightinTimeout,Right,115,109,121,1,nan,nan,0.00
11/3/2025 23:48:41,1.17.2,Bandit100,16,4.12,nan,20,0,100,RightinTimeout,Right,115,109,121,1,nan,nan,0.00
11/3/2025 23:48:42,1.17.2,Bandit100,16,4.11,nan,20,0,100,RightinTimeout,Right,115,109,121,1,nan,nan,0.00
11/3/2025 23:49:02,1.17.2,Bandit100,16,4.12,nan,20,0,100,Left,Right,116,109,121,1,nan,nan,0.05
11/3/2025 23:49:03,1.17.2,Bandit100,16,4.11,nan,20,0,100,LeftinTimeOut,Right,116,109,121,1,nan,nan,nan
11/3/2025 23:49:57,1.17.2,Bandit100,16,4.11,nan,20,0,100,Left,Right,117,109,121,1,nan,nan,0.12
11/3/2025 23:50:00,1.17.2,Bandit100,16,4.12,nan,20,0,100,LeftinTimeOut,Right,117,109,121,1,nan,nan,nan
11/3/2025 23:50:00,1.17.2,Bandit100,16,4.12,nan,20,0,100,LeftinTimeOut,Right,117,109,121,1,nan,nan,nan
11/3/2025 23:50:06,1.17.2,Bandit100,16,4.11,nan,20,0,100,RightinTimeout,Right,117,109,121,1,nan,nan,0.00
11/3/2025 23:50:10,1.17.2,Bandit100,16,4.12,nan,20,0,100,LeftinTimeOut,Right,117,109,121,1,nan,nan,nan
11/3/2025 23:54:37,1.17.2,Bandit100,16,4.11,nan,20,0,100,Left,Right,118,109,121,1,nan,nan,0.07
11/4/2025 0:00:47,1.17.2,Bandit100,16,4.11,nan,20,0,100,Right,Right,118,110,121,1,nan,nan,0.06
11/4/2025 0:00:50,1.17.2,Bandit100,16,4.11,1,20,0,100,Pellet,Right,118,110,122,1,1.79,1492,nan
11/4/2025 0:01:03,1.17.2,Bandit100,16,4.11,nan,20,0,100,Left,Right,119,110,122,2,nan,nan,0.12
11/4/2025 0:01:06,1.17.2,Bandit100,16,4.11,nan,20,0,100,LeftinTimeOut,Right,119,110,122,2,nan,nan,nan
11/4/2025 0:01:08,1.17.2,Bandit100,16,4.11,nan,20,0,100,LeftinTimeOut,Right,119,110,122,2,nan,nan,nan
11/4/2025 0:01:10,1.17.2,Bandit100,16,4.11,nan,20,0,100,RightinTimeout,Right,119,110,122,2,nan,nan,0.00
11/4/2025 0:01:30,1.17.2,Bandit100,16,4.11,nan,20,0,100,Right,Right,119,111,122,2,nan,nan,0.07
11/4/2025 0:01:32,1.17.2,Bandit100,16,4.11,2,20,0,100,Pellet,Right,119,111,123,2,0.06,42,nan
11/4/2025 0:01:44,1.17.2,Bandit100,16,4.12,nan,20,0,100,Left,Right,120,111,123,3,nan,nan,0.10
11/4/2025 0:01:50,1.17.2,Bandit100,16,4.11,nan,20,0,100,LeftinTimeOut,Right,120,111,123,3,nan,nan,nan
11/4/2025 0:03:02,1.17.2,Bandit100,16,4.11,nan,20,0,100,Left,Right,121,111,123,3,nan,nan,0.15
11/4/2025 0:04:27,1.17.2,Bandit100,16,4.12,nan,20,0,100,Left,Right,122,111,123,3,nan,nan,0.06
11/4/2025 0:04:30,1.17.2,Bandit100,16,4.12,nan,20,0,100,RightinTimeout,Right,122,111,123,3,nan,nan,0.00
11/4/2025 0:04:33,1.17.2,Bandit100,16,4.11,nan,20,0,100,LeftinTimeOut,Right,122,111,123,3,nan,nan,nan
11/4/2025 0:11:00,1.17.2,Bandit100,16,4.11,nan,20,0,100,Left,Right,123,111,123,3,nan,nan,0.16
11/4/2025 0:11:06,1.17.2,Bandit100,16,4.11,nan,20,0,100,RightinTimeout,Right,123,111,123,3,nan,nan,0.00
11/4/2025 0:11:10,1.17.2,Bandit100,16,4.11,nan,20,0,100,RightinTimeout,Right,123,111,123,3,nan,nan,0.00
11/4/2025 0:11:10,1.17.2,Bandit100,16,4.11,nan,20,0,100,RightinTimeout,Right,123,111,123,3,nan,nan,0.00
11/4/2025 0:11:13,1.17.2,Bandit100,16,4.12,nan,20,0,100,RightinTimeout,Right,123,111,123,3,nan,nan,0.00
11/4/2025 0:11:15,1.17.2,Bandit100,16,4.11,nan,20,0,100,RightinTimeout,Right,123,111,123,3,nan,nan,0.00
11/4/2025 0:11:15,1.17.2,Bandit100,16,4.11,nan,20,0,100,RightinTimeout,Right,123,111,123,3,nan,nan,0.00
11/4/2025 0:11:16,1.17.2,Bandit100,16,4.12,nan,20,0,100,RightinTimeout,Right,123,111,123,3,nan,nan,0.00
11/4/2025 0:11:16,1.17.2,Bandit100,16,4.11,nan,20,0,100,RightinTimeout,Right,123,111,123,3,nan,nan,0.00
11/4/2025 0:11:17,1.17.2,Bandit100,16,4.11,nan,20,0,100,RightinTimeout,Right,123,111,123,3,nan,nan,0.00
11/4/2025 0:11:22,1.17.2,Bandit100,16,4.12,nan,20,0,100,LeftinTimeOut,Right,123,111,123,3,nan,nan,nan
11/4/2025 0:11:23,1.17.2,Bandit100,16,4.11,nan,20,0,100,LeftinTimeOut,Right,123,111,123,3,nan,nan,nan
11/4/2025 0:11:25,1.17.2,Bandit100,16,4.11,nan,20,0,100,LeftinTimeOut,Right,123,111,123,3,nan,nan,nan
11/4/2025 0:11:27,1.17.2,Bandit100,16,4.12,nan,20,0,100,LeftinTimeOut,Right,123,111,123,3,nan,nan,nan
11/4/2025 0:11:30,1.17.2,Bandit100,16,4.11,nan,20,0,100,LeftinTimeOut,Right,123,111,123,3,nan,nan,nan
11/4/2025 0:12:10,1.17.2,Bandit100,16,4.12,nan,20,0,100,Right,Right,123,112,123,3,nan,nan,0.00
11/4/2025 0:12:13,1.17.2,Bandit100,16,4.11,1,20,0,100,Pellet,Right,123,112,124,3,1.79,641,nan
11/4/2025 0:12:20,1.17.2,Bandit100,16,4.11,nan,20,0,100,Left,Right,124,112,124,4,nan,nan,0.05
11/4/2025 0:12:22,1.17.2,Bandit100,16,4.11,nan,20,0,100,LeftinTimeOut,Right,124,112,124,4,nan,nan,nan
11/4/2025 0:12:24,1.17.2,Bandit100,16,4.11,nan,20,0,100,RightinTimeout,Right,124,112,124,4,nan,nan,0.00
11/4/2025 0:12:27,1.17.2,Bandit100,16,4.12,nan,20,0,100,RightinTimeout,Right,124,112,124,4,nan,nan,0.00
11/4/2025 0:14:18,1.17.2,Bandit100,16,4.11,nan,20,0,100,Left,Right,125,112,124,4,nan,nan,0.10
11/4/2025 0:14:33,1.17.2,Bandit100,16,4.12,nan,20,0,100,Right,Right,125,113,124,4,nan,nan,0.07
11/4/2025 0:14:35,1.17.2,Bandit100,16,4.11,1,20,0,100,Pellet,Right,125,113,125,4,1.49,142,nan
11/4/2025 0:14:50,1.17.2,Bandit100,16,4.11,nan,20,0,100,Right,Right,125,114,125,5,nan,nan,0.10
11/4/2025 0:14:52,1.17.2,Bandit100,16,4.11,1,20,0,100,Pellet,Right,125,114,126,5,1.31,17,nan
11/4/2025 0:16:00,1.17.2,Bandit100,16,4.11,nan,20,0,100,Left,Right,126,114,126,6,nan,nan,0.11
11/4/2025 0:16:01,1.17.2,Bandit100,16,4.11,nan,20,0,100,LeftinTimeOut,Right,126,114,126,6,nan,nan,nan
11/4/2025 0:16:03,1.17.2,Bandit100,16,4.11,nan,20,0,100,LeftinTimeOut,Right,126,114,126,6,nan,nan,nan
11/4/2025 0:16:05,1.17.2,Bandit100,16,4.11,nan,20,0,100,RightinTimeout,Right,126,114,126,6,nan,nan,0.00
11/4/2025 0:16:22,1.17.2,Bandit100,16,4.11,nan,20,0,100,Right,Right,126,115,126,6,nan,nan,0.23
11/4/2025 0:16:25,1.17.2,Bandit100,16,4.11,1,20,0,100,Pellet,Right,126,115,127,6,1.43,93,nan
11/4/2025 0:18:03,1.17.2,Bandit100,16,4.11,nan,20,0,100,Left,Right,127,115,127,7,nan,nan,0.09
11/4/2025 0:18:12,1.17.2,Bandit100,16,4.11,nan,20,0,100,RightinTimeout,Right,127,115,127,7,nan,nan,0.00
11/4/2025 0:18:15,1.17.2,Bandit100,16,4.11,nan,20,0,100,RightinTimeout,Right,127,115,127,7,nan,nan,0.00
11/4/2025 0:18:18,1.17.2,Bandit100,16,4.11,nan,20,0,100,LeftinTimeOut,Right,127,115,127,7,nan,nan,nan
11/4/2025 0:18:20,1.17.2,Bandit100,16,4.11,nan,20,0,100,LeftinTimeOut,Right,127,115,127,7,nan,nan,nan
11/4/2025 0:18:23,1.17.2,Bandit100,16,4.11,nan,20,0,100,LeftinTimeOut,Right,127,115,127,7,nan,nan,nan
11/4/2025 0:22:20,1.17.2,Bandit100,16,4.11,nan,20,0,100,Left,Right,128,115,127,7,nan,nan,0.23
11/4/2025 0:23:36,1.17.2,Bandit100,16,4.11,nan,20,0,100,Left,Right,129,115,127,7,nan,nan,0.11
11/4/2025 0:23:38,1.17.2,Bandit100,16,4.11,nan,20,0,100,RightinTimeout,Right,129,115,127,7,nan,nan,0.00
11/4/2025 0:23:45,1.17.2,Bandit100,16,4.11,nan,20,0,100,RightinTimeout,Right,129,115,127,7,nan,nan,0.00
11/4/2025 0:23:46,1.17.2,Bandit100,16,4.11,nan,20,0,100,RightinTimeout,Right,129,115,127,7,nan,nan,0.00
11/4/2025 0:23:50,1.17.2,Bandit100,16,4.11,nan,20,0,100,LeftinTimeOut,Right,129,115,127,7,nan,nan,nan
11/4/2025 0:27:32,1.17.2,Bandit100,16,4.11,nan,20,0,100,Left,Right,130,115,127,7,nan,nan,0.07
11/4/2025 0:27:33,1.17.2,Bandit100,16,4.11,nan,20,0,100,LeftinTimeOut,Right,130,115,127,7,nan,nan,nan
11/4/2025 0:27:35,1.17.2,Bandit100,16,4.11,nan,20,0,100,LeftinTimeOut,Right,130,115,127,7,nan,nan,nan
11/4/2025 0:27:36,1.17.2,Bandit100,16,4.12,nan,20,0,100,LeftinTimeOut,Right,130,115,127,7,nan,nan,nan
11/4/2025 0:27:37,1.17.2,Bandit100,16,4.12,nan,20,0,100,LeftinTimeOut,Right,130,115,127,7,nan,nan,nan
11/4/2025 0:27:39,1.17.2,Bandit100,16,4.11,nan,20,0,100,RightinTimeout,Right,130,115,127,7,nan,nan,0.00
11/4/2025 0:27:40,1.17.2,Bandit100,16,4.11,nan,20,0,100,RightinTimeout,Right,130,115,127,7,nan,nan,0.00
11/4/2025 0:27:41,1.17.2,Bandit100,16,4.11,nan,20,0,100,RightinTimeout,Right,130,115,127,7,nan,nan,0.00
11/4/2025 0:27:43,1.17.2,Bandit100,16,4.11,nan,20,0,100,RightinTimeout,Right,130,115,127,7,nan,nan,0.00
11/4/2025 0:27:44,1.17.2,Bandit100,16,4.11,nan,20,0,100,RightinTimeout,Right,130,115,127,7,nan,nan,0.00
11/4/2025 0:27:44,1.17.2,Bandit100,16,4.11,nan,20,0,100,RightinTimeout,Right,130,115,127,7,nan,nan,0.00
11/4/2025 0:27:45,1.17.2,Bandit100,16,4.11,nan,20,0,100,RightinTimeout,Right,130,115,127,7,nan,nan,0.00
11/4/2025 0:27:46,1.17.2,Bandit100,16,4.11,nan,20,0,100,RightinTimeout,Right,130,115,127,7,nan,nan,0.00
11/4/2025 0:27:46,1.17.2,Bandit100,16,4.12,nan,20,0,100,RightinTimeout,Right,130,115,127,7,nan,nan,0.00
11/4/2025 0:27:47,1.17.2,Bandit100,16,4.11,nan,20,0,100,RightinTimeout,Right,130,115,127,7,nan,nan,0.00
11/4/2025 0:27:48,1.17.2,Bandit100,16,4.11,nan,20,0,100,RightinTimeout,Right,130,115,127,7,nan,nan,0.00
11/4/2025 0:27:48,1.17.2,Bandit100,16,4.11,nan,20,0,100,RightinTimeout,Right,130,115,127,7,nan,nan,0.00
11/4/2025 0:27:50,1.17.2,Bandit100,16,4.11,nan,20,0,100,LeftinTimeOut,Right,130,115,127,7,nan,nan,nan
11/4/2025 0:27:51,1.17.2,Bandit100,16,4.11,nan,20,0,100,LeftinTimeOut,Right,130,115,127,7,nan,nan,nan
11/4/2025 0:27:53,1.17.2,Bandit100,16,4.11,nan,20,0,100,LeftinTimeOut,Right,130,115,127,7,nan,nan,nan
11/4/2025 0:27:55,1.17.2,Bandit100,16,4.11,nan,20,0,100,LeftinTimeOut,Right,130,115,127,7,nan,nan,nan
11/4/2025 0:27:58,1.17.2,Bandit100,16,4.11,nan,20,0,100,RightinTimeout,Right,130,115,127,7,nan,nan,0.00
11/4/2025 0:27:58,1.17.2,Bandit100,16,4.11,nan,20,0,100,RightinTimeout,Right,130,115,127,7,nan,nan,0.00
11/4/2025 0:27:58,1.17.2,Bandit100,16,4.11,nan,20,0,100,RightinTimeout,Right,130,115,127,7,nan,nan,0.00
11/4/2025 0:28:03,1.17.2,Bandit100,16,4.12,nan,20,0,100,RightinTimeout,Right,130,115,127,7,nan,nan,0.00
11/4/2025 0:28:03,1.17.2,Bandit100,16,4.11,nan,20,0,100,RightinTimeout,Right,130,115,127,7,nan,nan,0.00
11/4/2025 0:28:05,1.17.2,Bandit100,16,4.11,nan,20,0,100,RightinTimeout,Right,130,115,127,7,nan,nan,0.00
11/4/2025 0:28:10,1.17.2,Bandit100,16,4.11,nan,20,0,100,LeftinTimeOut,Right,130,115,127,7,nan,nan,nan
11/4/2025 0:29:02,1.17.2,Bandit100,16,4.11,nan,20,0,100,Left,Right,131,115,127,7,nan,nan,0.25
11/4/2025 0:29:03,1.17.2,Bandit100,16,4.11,nan,20,0,100,LeftinTimeOut,Right,131,115,127,7,nan,nan,nan
11/4/2025 0:29:03,1.17.2,Bandit100,16,4.11,nan,20,0,100,LeftinTimeOut,Right,131,115,127,7,nan,nan,nan
11/4/2025 0:29:06,1.17.2,Bandit100,16,4.12,nan,20,0,100,RightinTimeout,Right,131,115,127,7,nan,nan,0.00
11/4/2025 0:29:06,1.17.2,Bandit100,16,4.11,nan,20,0,100,RightinTimeout,Right,131,115,127,7,nan,nan,0.00
11/4/2025 0:29:08,1.17.2,Bandit100,16,4.11,nan,20,0,100,LeftinTimeOut,Right,131,115,127,7,nan,nan,nan
11/4/2025 0:29:09,1.17.2,Bandit100,16,4.11,nan,20,0,100,LeftinTimeOut,Right,131,115,127,7,nan,nan,nan
11/4/2025 0:29:11,1.17.2,Bandit100,16,4.11,nan,20,0,100,LeftinTimeOut,Right,131,115,127,7,nan,nan,nan
11/4/2025 0:29:15,1.17.2,Bandit100,16,4.11,nan,20,0,100,RightinTimeout,Right,131,115,127,7,nan,nan,0.00
11/4/2025 0:31:34,1.17.2,Bandit100,16,4.11,nan,20,0,100,Left,Right,132,115,127,7,nan,nan,0.20
11/4/2025 0:31:39,1.17.2,Bandit100,16,4.11,nan,20,0,100,LeftinTimeOut,Right,132,115,127,7,nan,nan,nan
11/4/2025 0:32:49,1.17.2,Bandit100,16,4.11,nan,20,0,100,Right,Right,132,116,127,7,nan,nan,0.18
11/4/2025 0:32:55,1.17.2,Bandit100,16,4.11,1,20,0,100,Pellet,Right,132,116,128,7,5.87,990,nan
11/4/2025 0:33:09,1.17.2,Bandit100,16,4.11,nan,20,0,100,Left,Right,133,116,128,8,nan,nan,0.32
11/4/2025 0:33:12,1.17.2,Bandit100,16,4.11,nan,20,0,100,LeftinTimeOut,Right,133,116,128,8,nan,nan,nan
11/4/2025 0:33:17,1.17.2,Bandit100,16,4.11,nan,20,0,100,RightinTimeout,Right,133,116,128,8,nan,nan,0.00
11/4/2025 0:33:21,1.17.2,Bandit100,16,4.11,nan,20,0,100,RightinTimeout,Right,133,116,128,8,nan,nan,0.00
11/4/2025 0:33:21,1.17.2,Bandit100,16,4.11,nan,20,0,100,RightinTimeout,Right,133,116,128,8,nan,nan,0.00
11/4/2025 0:33:23,1.17.2,Bandit100,16,4.11,nan,20,0,100,RightinTimeout,Right,133,116,128,8,nan,nan,0.00
11/4/2025 0:33:25,1.17.2,Bandit100,16,4.11,nan,20,0,100,RightinTimeout,Right,133,116,128,8,nan,nan,0.00
11/4/2025 0:36:41,1.17.2,Bandit100,16,4.11,nan,20,0,100,Left,Right,134,116,128,8,nan,nan,0.11
11/4/2025 0:36:42,1.17.2,Bandit100,16,4.11,nan,20,0,100,LeftinTimeOut,Right,134,116,128,8,nan,nan,nan
11/4/2025 0:36:46,1.17.2,Bandit100,16,4.11,nan,20,0,100,LeftinTimeOut,Right,134,116,128,8,nan,nan,nan
11/4/2025 0:44:29,1.17.2,Bandit100,16,4.11,nan,20,0,100,Right,Right,134,117,128,8,nan,nan,0.17
11/4/2025 0:44:33,1.17.2,Bandit100,16,4.12,1,20,0,100,Pellet,Right,134,117,129,8,3.29,698,nan
11/4/2025 0:44:49,1.17.2,Bandit100,16,4.11,nan,20,0,100,Left,Right,135,117,129,9,nan,nan,0.35
11/4/2025 0:45:02,1.17.2,Bandit100,16,4.11,nan,20,0,100,Left,Right,136,117,129,9,nan,nan,0.05
11/4/2025 0:46:54,1.17.2,Bandit100,16,4.11,nan,20,0,100,Left,Right,137,117,129,9,nan,nan,0.02
11/4/2025 0:47:04,1.17.2,Bandit100,16,4.11,nan,20,0,100,RightinTimeout,Right,137,117,129,9,nan,nan,0.00
11/4/2025 0:48:04,1.17.2,Bandit100,16,4.11,nan,20,0,100,Right,Right,137,118,129,9,nan,nan,0.14
11/4/2025 0:48:06,1.17.2,Bandit100,16,4.11,1,20,0,100,Pellet,Right,137,118,130,9,1.07,213,nan
11/4/2025 0:48:15,1.17.2,Bandit100,16,4.11,nan,20,0,100,Right,Right,137,119,130,10,nan,nan,0.06
11/4/2025 0:48:16,1.17.2,Bandit100,16,4.11,1,20,0,100,Pellet,Right,137,119,131,10,0.06,10,nan
11/4/2025 0:48:31,1.17.2,Bandit100,16,4.11,nan,20,0,100,Right,Right,137,120,131,11,nan,nan,0.49
11/4/2025 0:48:33,1.17.2,Bandit100,16,4.11,1,20,0,100,Pellet,Right,137,120,132,11,1.13,17,nan
11/4/2025 0:48:57,1.17.2,Bandit100,16,4.11,nan,20,0,100,Left,Right,138,120,132,12,nan,nan,0.09
11/4/2025 0:48:59,1.17.2,Bandit100,16,4.11,nan,20,0,100,LeftinTimeOut,Right,138,120,132,12,nan,nan,nan
11/4/2025 0:49:02,1.17.2,Bandit100,16,4.11,nan,20,0,100,RightinTimeout,Right,138,120,132,12,nan,nan,0.00
11/4/2025 0:49:04,1.17.2,Bandit100,16,4.11,nan,20,0,100,RightinTimeout,Right,138,120,132,12,nan,nan,0.00
11/4/2025 0:49:06,1.17.2,Bandit100,16,4.11,nan,20,0,100,RightinTimeout,Right,138,120,132,12,nan,nan,0.00
11/4/2025 0:49:14,1.17.2,Bandit100,16,4.11,nan,20,0,100,RightinTimeout,Right,138,120,132,12,nan,nan,0.00
11/4/2025 0:49:15,1.17.2,Bandit100,16,4.11,nan,20,0,100,RightinTimeout,Right,138,120,132,12,nan,nan,0.00
11/4/2025 0:49:15,1.17.2,Bandit100,16,4.11,nan,20,0,100,RightinTimeout,Right,138,120,132,12,nan,nan,0.00
11/4/2025 0:49:18,1.17.2,Bandit100,16,4.11,nan,20,0,100,RightinTimeout,Right,138,120,132,12,nan,nan,0.00
11/4/2025 0:49:18,1.17.2,Bandit100,16,4.11,nan,20,0,100,RightinTimeout,Right,138,120,132,12,nan,nan,0.00
11/4/2025 0:49:18,1.17.2,Bandit100,16,4.11,nan,20,0,100,RightinTimeout,Right,138,120,132,12,nan,nan,0.00
11/4/2025 0:49:21,1.17.2,Bandit100,16,4.11,nan,20,0,100,RightinTimeout,Right,138,120,132,12,nan,nan,0.00
11/4/2025 0:49:38,1.17.2,Bandit100,16,4.11,nan,20,0,100,Left,Right,139,120,132,12,nan,nan,0.04
11/4/2025 0:49:44,1.17.2,Bandit100,16,4.11,nan,20,0,100,RightinTimeout,Right,139,120,132,12,nan,nan,0.00
11/4/2025 0:51:03,1.17.2,Bandit100,16,4.11,nan,20,0,100,Right,Right,139,121,132,12,nan,nan,0.32
11/4/2025 0:51:04,1.17.2,Bandit100,16,4.11,1,20,0,100,Pellet,Right,139,121,133,12,0.65,151,nan
11/4/2025 0:51:15,1.17.2,Bandit100,16,4.11,nan,20,0,100,Left,Right,140,121,133,13,nan,nan,0.19
11/4/2025 0:51:22,1.17.2,Bandit100,16,4.11,nan,20,0,100,RightinTimeout,Right,140,121,133,13,nan,nan,0.00
11/4/2025 0:51:29,1.17.2,Bandit100,16,4.11,nan,20,0,100,LeftinTimeOut,Right,140,121,133,13,nan,nan,nan
11/4/2025 0:51:31,1.17.2,Bandit100,16,4.11,nan,20,0,100,LeftinTimeOut,Right,140,121,133,13,nan,nan,nan
11/4/2025 0:51:33,1.17.2,Bandit100,16,4.11,nan,20,0,100,RightinTimeout,Right,140,121,133,13,nan,nan,0.00
11/4/2025 0:51:34,1.17.2,Bandit100,16,4.12,nan,20,0,100,RightinTimeout,Right,140,121,133,13,nan,nan,0.00
11/4/2025 0:52:02,1.17.2,Bandit100,16,4.11,nan,20,0,100,Left,Right,141,121,133,13,nan,nan,0.10
11/4/2025 0:52:05,1.17.2,Bandit100,16,4.11,nan,20,0,100,RightinTimeout,Right,141,121,133,13,nan,nan,0.00
11/4/2025 0:56:28,1.17.2,Bandit100,16,4.11,nan,20,0,100,Left,Right,142,121,133,13,nan,nan,0.05
11/4/2025 0:56:29,1.17.2,Bandit100,16,4.11,nan,20,0,100,LeftinTimeOut,Right,142,121,133,13,nan,nan,nan
11/4/2025 1:00:19,1.17.2,Bandit100,16,4.11,nan,20,0,100,Right,Right,142,122,133,13,nan,nan,0.09
11/4/2025 1:00:20,1.17.2,Bandit100,16,4.11,nan,20,0,100,RightWithPellet,Right,142,123,133,13,nan,nan,0.07
11/4/2025 1:00:21,1.17.2,Bandit100,16,4.11,1,20,0,100,Pellet,Right,142,123,134,13,1.25,557,nan
11/4/2025 1:00:32,1.17.2,Bandit100,16,4.11,nan,20,0,100,Right,Right,142,124,134,14,nan,nan,0.09
11/4/2025 1:00:34,1.17.2,Bandit100,16,4.11,1,20,0,100,Pellet,Right,142,124,135,14,1.61,13,nan
11/4/2025 1:00:41,1.17.2,Bandit100,16,4.10,nan,20,0,100,Right,Right,142,125,135,15,nan,nan,0.19
11/4/2025 1:00:43,1.17.2,Bandit100,16,4.11,1,20,0,100,Pellet,Right,142,125,136,15,1.07,9,nan
11/4/2025 1:00:53,1.17.2,Bandit100,16,4.11,nan,20,0,100,Right,Right,142,126,136,16,nan,nan,0.08
11/4/2025 1:00:55,1.17.2,Bandit100,16,4.11,1,20,0,100,Pellet,Right,142,126,137,16,0.89,12,nan
11/4/2025 1:01:04,1.17.2,Bandit100,16,4.11,nan,20,0,100,Right,Right,142,127,137,17,nan,nan,0.21
11/4/2025 1:01:10,1.17.2,Bandit100,16,4.11,1,20,0,100,Pellet,Right,142,127,138,17,5.86,15,nan
11/4/2025 1:01:29,1.17.2,Bandit100,16,4.11,nan,20,0,100,Right,Right,142,128,138,18,nan,nan,0.01
11/4/2025 1:01:35,1.17.2,Bandit100,16,4.11,2,20,0,100,Pellet,Right,142,128,139,18,2.99,24,nan
11/4/2025 1:01:44,1.17.2,Bandit100,16,4.11,nan,20,0,100,Left,Right,143,128,139,19,nan,nan,0.19
11/4/2025 1:01:45,1.17.2,Bandit100,16,4.11,nan,20,0,100,RightinTimeout,Right,143,128,139,19,nan,nan,0.00
11/4/2025 1:01:47,1.17.2,Bandit100,16,4.11,nan,20,0,100,RightinTimeout,Right,143,128,139,19,nan,nan,0.00
11/4/2025 1:01:48,1.17.2,Bandit100,16,4.11,nan,20,0,100,RightinTimeout,Right,143,128,139,19,nan,nan,0.00
11/4/2025 1:01:49,1.17.2,Bandit100,16,4.11,nan,20,0,100,RightinTimeout,Right,143,128,139,19,nan,nan,0.00
11/4/2025 1:01:49,1.17.2,Bandit100,16,4.11,nan,20,0,100,RightinTimeout,Right,143,128,139,19,nan,nan,0.00
11/4/2025 1:01:53,1.17.2,Bandit100,16,4.11,nan,20,0,100,RightinTimeout,Right,143,128,139,19,nan,nan,0.00
11/4/2025 1:01:54,1.17.2,Bandit100,16,4.11,nan,20,0,100,RightinTimeout,Right,143,128,139,19,nan,nan,0.00
11/4/2025 1:01:59,1.17.2,Bandit100,16,4.11,nan,20,0,100,RightinTimeout,Right,143,128,139,19,nan,nan,0.00
11/4/2025 1:01:59,1.17.2,Bandit100,16,4.11,nan,20,0,100,RightinTimeout,Right,143,128,139,19,nan,nan,0.00
11/4/2025 1:02:01,1.17.2,Bandit100,16,4.11,nan,20,0,100,RightinTimeout,Right,143,128,139,19,nan,nan,0.00
11/4/2025 1:02:04,1.17.2,Bandit100,16,4.11,nan,20,0,100,LeftinTimeOut,Right,143,128,139,19,nan,nan,nan
11/4/2025 1:02:04,1.17.2,Bandit100,16,4.11,nan,20,0,100,LeftinTimeOut,Right,143,128,139,19,nan,nan,nan
11/4/2025 1:02:07,1.17.2,Bandit100,16,4.11,nan,20,0,100,RightinTimeout,Right,143,128,139,19,nan,nan,0.00
11/4/2025 1:02:09,1.17.2,Bandit100,16,4.11,nan,20,0,100,RightinTimeout,Right,143,128,139,19,nan,nan,0.00
11/4/2025 1:03:14,1.17.2,Bandit100,16,4.11,nan,20,0,100,Right,Right,143,129,139,19,nan,nan,0.14
11/4/2025 1:03:16,1.17.2,Bandit100,16,4.11,1,20,0,100,Pellet,Right,143,129,140,19,0.83,102,nan
11/4/2025 1:03:21,1.17.2,Bandit100,16,4.11,nan,20,100,0,Right,Left,143,130,140,0,nan,nan,0.12
11/4/2025 1:03:21,1.17.2,Bandit100,16,4.11,nan,20,100,0,RightinTimeout,Left,143,130,140,0,nan,nan,0.00
11/4/2025 1:03:25,1.17.2,Bandit100,16,4.11,nan,20,100,0,RightinTimeout,Left,143,130,140,0,nan,nan,0.00
11/4/2025 1:03:26,1.17.2,Bandit100,16,4.11,nan,20,100,0,RightinTimeout,Left,143,130,140,0,nan,nan,0.00
11/4/2025 1:03:27,1.17.2,Bandit100,16,4.11,nan,20,100,0,RightinTimeout,Left,143,130,140,0,nan,nan,0.00
11/4/2025 1:03:28,1.17.2,Bandit100,16,4.11,nan,20,100,0,RightinTimeout,Left,143,130,140,0,nan,nan,0.00
11/4/2025 1:03:30,1.17.2,Bandit100,16,4.11,nan,20,100,0,RightinTimeout,Left,143,130,140,0,nan,nan,0.00
11/4/2025 1:03:30,1.17.2,Bandit100,16,4.11,nan,20,100,0,RightinTimeout,Left,143,130,140,0,nan,nan,0.00
11/4/2025 1:03:34,1.17.2,Bandit100,16,4.11,nan,20,100,0,LeftinTimeOut,Left,143,130,140,0,nan,nan,nan
11/4/2025 1:03:36,1.17.2,Bandit100,16,4.11,nan,20,100,0,RightinTimeout,Left,143,130,140,0,nan,nan,0.00
11/4/2025 1:08:11,1.17.2,Bandit100,16,4.11,nan,20,100,0,Right,Left,143,131,140,0,nan,nan,0.09
11/4/2025 1:08:52,1.17.2,Bandit100,16,4.11,nan,20,100,0,Left,Left,144,131,140,0,nan,nan,0.13
11/4/2025 1:08:54,1.17.2,Bandit100,16,4.11,1,20,100,0,Pellet,Left,144,131,141,0,1.25,338,nan
11/4/2025 1:09:03,1.17.2,Bandit100,16,4.10,nan,20,100,0,Left,Left,145,131,141,1,nan,nan,0.11
11/4/2025 1:09:04,1.17.2,Bandit100,16,4.11,1,20,100,0,Pellet,Left,145,131,142,1,1.19,10,nan
11/4/2025 1:09:14,1.17.2,Bandit100,16,4.11,nan,20,100,0,Left,Left,146,131,142,2,nan,nan,0.14
11/4/2025 1:09:16,1.17.2,Bandit100,16,4.11,1,20,100,0,Pellet,Left,146,131,143,2,0.71,12,nan
11/4/2025 1:09:31,1.17.2,Bandit100,16,4.11,nan,20,100,0,Right,Left,146,132,143,3,nan,nan,0.13
11/4/2025 1:09:32,1.17.2,Bandit100,16,4.11,nan,20,100,0,LeftinTimeOut,Left,146,132,143,3,nan,nan,nan
11/4/2025 1:09:34,1.17.2,Bandit100,16,4.11,nan,20,100,0,LeftinTimeOut,Left,146,132,143,3,nan,nan,nan
11/4/2025 1:09:36,1.17.2,Bandit100,16,4.11,nan,20,100,0,LeftinTimeOut,Left,146,132,143,3,nan,nan,nan
11/4/2025 1:09:37,1.17.2,Bandit100,16,4.11,nan,20,100,0,LeftinTimeOut,Left,146,132,143,3,nan,nan,nan
11/4/2025 1:09:38,1.17.2,Bandit100,16,4.11,nan,20,100,0,LeftinTimeOut,Left,146,132,143,3,nan,nan,nan
11/4/2025 1:09:39,1.17.2,Bandit100,16,4.11,nan,20,100,0,RightinTimeout,Left,146,132,143,3,nan,nan,0.00
11/4/2025 1:09:41,1.17.2,Bandit100,16,4.11,nan,20,100,0,RightinTimeout,Left,146,132,143,3,nan,nan,0.00
11/4/2025 1:10:36,1.17.2,Bandit100,16,4.11,nan,20,100,0,Right,Left,146,133,143,3,nan,nan,0.06
11/4/2025 1:11:36,1.17.2,Bandit100,16,4.11,nan,20,100,0,Left,Left,147,133,143,3,nan,nan,0.09
11/4/2025 1:11:38,1.17.2,Bandit100,16,4.11,1,20,100,0,Pellet,Left,147,133,144,3,0.89,142,nan
11/4/2025 1:11:44,1.17.2,Bandit100,16,4.11,nan,20,100,0,Left,Left,148,133,144,4,nan,nan,0.00
11/4/2025 1:11:46,1.17.2,Bandit100,16,4.11,1,20,100,0,Pellet,Left,148,133,145,4,1.13,8,nan
11/4/2025 1:11:56,1.17.2,Bandit100,16,4.11,nan,20,100,0,Right,Left,148,134,145,5,nan,nan,0.16
11/4/2025 1:11:58,1.17.2,Bandit100,16,4.11,nan,20,100,0,LeftinTimeOut,Left,148,134,145,5,nan,nan,nan
11/4/2025 1:12:01,1.17.2,Bandit100,16,4.11,nan,20,100,0,RightinTimeout,Left,148,134,145,5,nan,nan,0.00
11/4/2025 1:12:02,1.17.2,Bandit100,16,4.11,nan,20,100,0,RightinTimeout,Left,148,134,145,5,nan,nan,0.00
11/4/2025 1:12:18,1.17.2,Bandit100,16,4.11,nan,20,100,0,Left,Left,149,134,145,5,nan,nan,0.21
11/4/2025 1:12:20,1.17.2,Bandit100,16,4.11,1,20,100,0,Pellet,Left,149,134,146,5,0.65,34,nan
11/4/2025 1:12:25,1.17.2,Bandit100,16,4.11,nan,20,100,0,Left,Left,150,134,146,6,nan,nan,0.07
11/4/2025 1:12:31,1.17.2,Bandit100,16,4.11,3,20,100,0,Pellet,Left,150,134,147,6,1.01,11,nan
11/4/2025 1:12:36,1.17.2,Bandit100,16,4.11,nan,20,100,0,Right,Left,150,135,147,7,nan,nan,0.11
11/4/2025 1:12:38,1.17.2,Bandit100,16,4.11,nan,20,100,0,RightinTimeout,Left,150,135,147,7,nan,nan,0.00
11/4/2025 1:13:03,1.17.2,Bandit100,16,4.11,nan,20,100,0,Right,Left,150,136,147,7,nan,nan,0.20
11/4/2025 1:13:21,1.17.2,Bandit100,16,4.11,nan,20,100,0,Left,Left,151,136,147,7,nan,nan,0.20
11/4/2025 1:13:23,1.17.2,Bandit100,16,4.11,1,20,100,0,Pellet,Left,151,136,148,7,0.59,52,nan
11/4/2025 1:13:36,1.17.2,Bandit100,16,4.11,nan,20,100,0,Right,Left,151,137,148,8,nan,nan,0.12
11/4/2025 1:13:39,1.17.2,Bandit100,16,4.11,nan,20,100,0,RightinTimeout,Left,151,137,148,8,nan,nan,0.00
11/4/2025 1:13:57,1.17.2,Bandit100,16,4.11,nan,20,100,0,Left,Left,152,137,148,8,nan,nan,0.08
11/4/2025 1:13:58,1.17.2,Bandit100,16,4.11,1,20,100,0,Pellet,Left,152,137,149,8,0.59,35,nan
11/4/2025 1:14:15,1.17.2,Bandit100,16,4.11,nan,20,100,0,Left,Left,153,137,149,9,nan,nan,0.30
11/4/2025 1:14:15,1.17.2,Bandit100,16,4.11,1,20,100,0,Pellet,Left,153,137,150,9,0.06,17,nan
11/4/2025 1:14:26,1.17.2,Bandit100,16,4.11,nan,20,100,0,Left,Left,154,137,150,10,nan,nan,0.20
11/4/2025 1:14:26,1.17.2,Bandit100,16,4.11,1,20,100,0,Pellet,Left,154,137,151,10,0.06,11,nan
11/4/2025 1:14:35,1.17.2,Bandit100,16,4.11,nan,20,100,0,Left,Left,155,137,151,11,nan,nan,0.23
11/4/2025 1:14:41,1.17.2,Bandit100,16,4.11,3,20,100,0,Pellet,Left,155,137,152,11,1.19,15,nan
11/4/2025 1:14:52,1.17.2,Bandit100,16,4.11,nan,20,100,0,Left,Left,156,137,152,12,nan,nan,0.15
11/4/2025 1:14:53,1.17.2,Bandit100,16,4.11,nan,20,100,0,LeftWithPellet,Left,156,137,152,12,nan,nan,0.11
11/4/2025 1:14:54,1.17.2,Bandit100,16,4.11,1,20,100,0,Pellet,Left,156,137,153,12,2.06,13,nan
11/4/2025 1:15:02,1.17.2,Bandit100,16,4.11,nan,20,100,0,Left,Left,157,137,153,13,nan,nan,0.15
11/4/2025 1:15:04,1.17.2,Bandit100,16,4.11,1,20,100,0,Pellet,Left,157,137,154,13,0.89,10,nan
11/4/2025 1:15:12,1.17.2,Bandit100,16,4.11,nan,20,100,0,Left,Left,158,137,154,14,nan,nan,0.02
11/4/2025 1:15:14,1.17.2,Bandit100,16,4.11,1,20,100,0,Pellet,Left,158,137,155,14,0.41,10,nan
11/4/2025 1:15:30,1.17.2,Bandit100,16,4.11,nan,20,100,0,Left,Left,159,137,155,15,nan,nan,0.16
11/4/2025 1:15:32,1.17.2,Bandit100,16,4.11,1,20,100,0,Pellet,Left,159,137,156,15,0.71,18,nan
11/4/2025 1:15:42,1.17.2,Bandit100,16,4.11,nan,20,100,0,Left,Left,160,137,156,16,nan,nan,0.14
11/4/2025 1:15:43,1.17.2,Bandit100,16,4.11,1,20,100,0,Pellet,Left,160,137,157,16,0.89,11,nan
11/4/2025 1:15:53,1.17.2,Bandit100,16,4.11,nan,20,100,0,Left,Left,161,137,157,17,nan,nan,0.15
11/4/2025 1:15:55,1.17.2,Bandit100,16,4.11,1,20,100,0,Pellet,Left,161,137,158,17,0.65,12,nan
11/4/2025 1:16:05,1.17.2,Bandit100,16,4.11,nan,20,100,0,Left,Left,162,137,158,18,nan,nan,0.10
11/4/2025 1:16:06,1.17.2,Bandit100,16,4.11,1,20,100,0,Pellet,Left,162,137,159,18,0.47,11,nan
11/4/2025 1:16:10,1.17.2,Bandit100,16,4.11,nan,20,100,0,Left,Left,163,137,159,19,nan,nan,0.11
11/4/2025 1:16:12,1.17.2,Bandit100,16,4.11,1,20,100,0,Pellet,Left,163,137,160,19,0.89,6,nan
11/4/2025 1:16:25,1.17.2,Bandit100,16,4.11,nan,20,0,100,Left,Right,164,137,160,0,nan,nan,0.08
11/4/2025 1:16:28,1.17.2,Bandit100,16,4.11,nan,20,0,100,LeftinTimeOut,Right,164,137,160,0,nan,nan,nan
11/4/2025 1:16:58,1.17.2,Bandit100,16,4.11,nan,20,0,100,Left,Right,165,137,160,0,nan,nan,0.05
11/4/2025 1:24:23,1.17.2,Bandit100,16,4.11,nan,20,0,100,Left,Right,166,137,160,0,nan,nan,0.54
11/4/2025 1:25:24,1.17.2,Bandit100,16,4.11,nan,20,0,100,Right,Right,166,138,160,0,nan,nan,0.11
11/4/2025 1:32:27,1.17.2,Bandit100,16,4.11,nan,20,0,100,RightWithPellet,Right,166,138,160,0,nan,nan,0.20
11/4/2025 1:35:02,1.17.2,Bandit100,16,4.11,nan,20,0,100,RightWithPellet,Right,166,138,160,0,nan,nan,0.08
11/4/2025 2:45:19,1.17.2,Bandit100,16,4.11,2,20,0,100,Pellet,Right,166,138,161,0,Timed_out,5347,nan
11/4/2025 2:59:17,1.17.2,Bandit100,16,4.11,nan,20,0,100,Left,Right,167,138,161,1,nan,nan,0.33
11/4/2025 3:00:06,1.17.2,Bandit100,16,4.11,nan,20,0,100,Left,Right,168,138,161,1,nan,nan,0.34
11/4/2025 3:00:10,1.17.2,Bandit100,16,4.10,nan,20,0,100,LeftinTimeOut,Right,168,138,161,1,nan,nan,nan
11/4/2025 3:10:32,1.17.2,Bandit100,16,4.11,nan,20,0,100,Right,Right,168,139,161,1,nan,nan,0.29
11/4/2025 3:10:35,1.17.2,Bandit100,16,4.11,1,20,0,100,Pellet,Right,168,139,162,1,2.87,1516,nan
11/4/2025 3:10:53,1.17.2,Bandit100,16,4.11,nan,20,0,100,Right,Right,168,140,162,2,nan,nan,0.32
11/4/2025 3:10:54,1.17.2,Bandit100,16,4.11,2,20,0,100,Pellet,Right,168,140,163,2,0.71,19,nan
11/4/2025 3:11:18,1.17.2,Bandit100,16,4.10,nan,20,0,100,Right,Right,168,141,163,3,nan,nan,0.13
11/4/2025 3:11:19,1.17.2,Bandit100,16,4.10,1,20,0,100,Pellet,Right,168,141,164,3,0.95,25,nan
11/4/2025 3:11:37,1.17.2,Bandit100,16,4.11,nan,20,0,100,Right,Right,168,142,164,4,nan,nan,0.10
11/4/2025 3:11:38,1.17.2,Bandit100,16,4.11,1,20,0,100,Pellet,Right,168,142,165,4,0.83,19,nan
11/4/2025 3:11:52,1.17.2,Bandit100,16,4.10,nan,20,0,100,Right,Right,168,143,165,5,nan,nan,0.12
11/4/2025 3:11:54,1.17.2,Bandit100,16,4.11,1,20,0,100,Pellet,Right,168,143,166,5,0.89,16,nan
11/4/2025 3:12:04,1.17.2,Bandit100,16,4.10,nan,20,0,100,Right,Right,168,144,166,6,nan,nan,0.10
11/4/2025 3:12:05,1.17.2,Bandit100,16,4.10,1,20,0,100,Pellet,Right,168,144,167,6,0.53,11,nan
11/4/2025 3:12:12,1.17.2,Bandit100,16,4.11,nan,20,0,100,Right,Right,168,145,167,7,nan,nan,0.07
11/4/2025 3:12:13,1.17.2,Bandit100,16,4.11,1,20,0,100,Pellet,Right,168,145,168,7,0.06,8,nan
11/4/2025 3:12:23,1.17.2,Bandit100,16,4.11,nan,20,0,100,Right,Right,168,146,168,8,nan,nan,0.09
11/4/2025 3:12:25,1.17.2,Bandit100,16,4.11,1,20,0,100,Pellet,Right,168,146,169,8,0.77,12,nan
11/4/2025 3:12:43,1.17.2,Bandit100,16,4.10,nan,20,0,100,Right,Right,168,147,169,9,nan,nan,0.04
11/4/2025 3:12:45,1.17.2,Bandit100,16,4.09,1,20,0,100,Pellet,Right,168,147,170,9,1.49,20,nan
11/4/2025 3:13:03,1.17.2,Bandit100,16,4.09,nan,20,0,100,Right,Right,168,148,170,10,nan,nan,0.14
11/4/2025 3:13:04,1.17.2,Bandit100,16,4.10,1,20,0,100,Pellet,Right,168,148,171,10,0.59,19,nan
11/4/2025 3:13:17,1.17.2,Bandit100,16,4.09,nan,20,0,100,Right,Right,168,149,171,11,nan,nan,0.21
11/4/2025 3:13:19,1.17.2,Bandit100,16,4.11,1,20,0,100,Pellet,Right,168,149,172,11,1.01,15,nan
11/4/2025 3:13:27,1.17.2,Bandit100,16,4.10,nan,20,0,100,Right,Right,168,150,172,12,nan,nan,0.17
11/4/2025 3:13:28,1.17.2,Bandit100,16,4.11,1,20,0,100,Pellet,Right,168,150,173,12,0.06,9,nan
11/4/2025 3:13:44,1.17.2,Bandit100,16,4.11,nan,20,0,100,Right,Right,168,151,173,13,nan,nan,0.11
11/4/2025 3:13:46,1.17.2,Bandit100,16,4.11,1,20,0,100,Pellet,Right,168,151,174,13,1.25,18,nan
11/4/2025 3:22:17,1.17.2,Bandit100,16,4.10,nan,20,0,100,Right,Right,168,152,174,14,nan,nan,0.16
11/4/2025 3:25:25,1.17.2,Bandit100,16,4.11,1,20,0,100,Pellet,Right,168,152,175,14,Timed_out,698,nan
11/4/2025 3:30:26,1.17.2,Bandit100,16,4.11,nan,20,0,100,Right,Right,168,153,175,15,nan,nan,0.03
11/4/2025 3:30:29,1.17.2,Bandit100,16,4.11,1,20,0,100,Pellet,Right,168,153,176,15,1.49,305,nan
11/4/2025 3:30:47,1.17.2,Bandit100,16,4.10,nan,20,0,100,Left,Right,169,153,176,16,nan,nan,0.16
11/4/2025 3:30:54,1.17.2,Bandit100,16,4.10,nan,20,0,100,LeftinTimeOut,Right,169,153,176,16,nan,nan,nan
11/4/2025 3:32:27,1.17.2,Bandit100,16,4.11,nan,20,0,100,Right,Right,169,154,176,16,nan,nan,0.14
11/4/2025 3:32:29,1.17.2,Bandit100,16,4.10,1,20,0,100,Pellet,Right,169,154,177,16,1.61,120,nan
11/4/2025 3:32:42,1.17.2,Bandit100,16,4.11,nan,20,0,100,Right,Right,169,155,177,17,nan,nan,0.07
11/4/2025 3:32:43,1.17.2,Bandit100,16,4.10,1,20,0,100,Pellet,Right,169,155,178,17,0.83,14,nan
11/4/2025 3:32:57,1.17.2,Bandit100,16,4.10,nan,20,0,100,Right,Right,169,156,178,18,nan,nan,0.05
11/4/2025 3:32:58,1.17.2,Bandit100,16,4.10,1,20,0,100,Pellet,Right,169,156,179,18,0.59,15,nan
11/4/2025 3:33:09,1.17.2,Bandit100,16,4.10,nan,20,0,100,Right,Right,169,157,179,19,nan,nan,0.04
11/4/2025 3:33:09,1.17.2,Bandit100,16,4.11,1,20,0,100,Pellet,Right,169,157,180,19,0.06,11,nan
11/4/2025 3:33:18,1.17.2,Bandit100,16,4.11,nan,20,100,0,Right,Left,169,158,180,0,nan,nan,0.16
11/4/2025 3:33:21,1.17.2,Bandit100,16,4.11,nan,20,100,0,RightinTimeout,Left,169,158,180,0,nan,nan,0.00
11/4/2025 3:33:25,1.17.2,Bandit100,16,4.11,nan,20,100,0,RightinTimeout,Left,169,158,180,0,nan,nan,0.00
11/4/2025 3:34:41,1.17.2,Bandit100,16,4.11,nan,20,100,0,Right,Left,169,159,180,0,nan,nan,0.10
11/4/2025 3:34:54,1.17.2,Bandit100,16,4.11,nan,20,100,0,Right,Left,169,160,180,0,nan,nan,0.16
11/4/2025 3:35:37,1.17.2,Bandit100,16,4.11,nan,20,100,0,Right,Left,169,161,180,0,nan,nan,0.04
11/4/2025 3:44:34,1.17.2,Bandit100,16,4.10,nan,20,100,0,Right,Left,169,162,180,0,nan,nan,0.12
11/4/2025 3:44:38,1.17.2,Bandit100,16,4.10,nan,20,100,0,RightinTimeout,Left,169,162,180,0,nan,nan,0.00
11/4/2025 4:08:04,1.17.2,Bandit100,16,4.10,nan,20,100,0,Right,Left,169,163,180,0,nan,nan,0.23
11/4/2025 4:08:06,1.17.2,Bandit100,16,4.11,nan,20,100,0,RightinTimeout,Left,169,163,180,0,nan,nan,0.00
11/4/2025 4:20:17,1.17.2,Bandit100,16,4.10,nan,20,100,0,Right,Left,169,164,180,0,nan,nan,0.02
11/4/2025 4:31:13,1.17.2,Bandit100,16,4.10,nan,20,100,0,Left,Left,170,164,180,0,nan,nan,0.33
11/4/2025 4:31:14,1.17.2,Bandit100,16,4.09,1,20,100,0,Pellet,Left,170,164,181,0,0.06,3485,nan
11/4/2025 4:31:27,1.17.2,Bandit100,16,4.10,nan,20,100,0,Left,Left,171,164,181,1,nan,nan,0.26
11/4/2025 4:31:28,1.17.2,Bandit100,16,4.10,2,20,100,0,Pellet,Left,171,164,182,1,0.59,14,nan
11/4/2025 4:31:42,1.17.2,Bandit100,16,4.09,nan,20,100,0,Left,Left,172,164,182,2,nan,nan,0.19
11/4/2025 4:31:43,1.17.2,Bandit100,16,4.10,1,20,100,0,Pellet,Left,172,164,183,2,0.59,15,nan
11/4/2025 4:31:56,1.17.2,Bandit100,16,4.10,nan,20,100,0,Left,Left,173,164,183,3,nan,nan,0.21
11/4/2025 4:31:57,1.17.2,Bandit100,16,4.10,1,20,100,0,Pellet,Left,173,164,184,3,0.41,14,nan
11/4/2025 4:32:10,1.17.2,Bandit100,16,4.09,nan,20,100,0,Right,Left,173,165,184,4,nan,nan,0.02
11/4/2025 4:32:10,1.17.2,Bandit100,16,4.09,nan,20,100,0,RightinTimeout,Left,173,165,184,4,nan,nan,0.00
11/4/2025 4:32:13,1.17.2,Bandit100,16,4.10,nan,20,100,0,RightinTimeout,Left,173,165,184,4,nan,nan,0.00
11/4/2025 4:34:20,1.17.2,Bandit100,16,4.09,nan,20,100,0,Right,Left,173,166,184,4,nan,nan,0.19
11/4/2025 4:42:31,1.17.2,Bandit100,16,4.10,nan,20,100,0,Left,Left,174,166,184,4,nan,nan,0.00
11/4/2025 4:42:32,1.17.2,Bandit100,16,4.10,1,20,100,0,Pellet,Left,174,166,185,4,0.06,635,nan
11/4/2025 4:42:42,1.17.2,Bandit100,16,4.10,nan,20,100,0,Left,Left,175,166,185,5,nan,nan,0.13
11/4/2025 4:43:05,1.17.2,Bandit100,16,4.10,nan,20,100,0,RightWithPellet,Left,175,167,185,5,nan,nan,0.12
11/4/2025 4:43:12,1.17.2,Bandit100,16,4.10,1,20,100,0,Pellet,Left,175,167,186,5,29.52,40,nan
11/4/2025 4:48:36,1.17.2,Bandit100,16,4.10,nan,20,100,0,Right,Left,175,168,186,6,nan,nan,0.04
11/4/2025 4:57:21,1.17.2,Bandit100,16,4.10,nan,20,100,0,Left,Left,176,168,186,6,nan,nan,0.15
11/4/2025 4:57:22,1.17.2,Bandit100,16,4.09,1,20,100,0,Pellet,Left,176,168,187,6,0.06,850,nan
11/4/2025 4:57:30,1.17.2,Bandit100,16,4.10,nan,20,100,0,Left,Left,177,168,187,7,nan,nan,0.00
11/4/2025 4:57:32,1.17.2,Bandit100,16,4.09,1,20,100,0,Pellet,Left,177,168,188,7,1.25,10,nan
11/4/2025 4:57:44,1.17.2,Bandit100,16,4.10,nan,20,100,0,Left,Left,178,168,188,8,nan,nan,0.18
11/4/2025 4:57:45,1.17.2,Bandit100,16,4.09,1,20,100,0,Pellet,Left,178,168,189,8,0.06,13,nan
11/4/2025 4:57:52,1.17.2,Bandit100,16,4.10,nan,20,100,0,Left,Left,179,168,189,9,nan,nan,0.16
11/4/2025 4:57:54,1.17.2,Bandit100,16,4.09,1,20,100,0,Pellet,Left,179,168,190,9,0.59,9,nan
11/4/2025 4:57:59,1.17.2,Bandit100,16,4.10,nan,20,100,0,Left,Left,180,168,190,10,nan,nan,0.11
11/4/2025 4:58:01,1.17.2,Bandit100,16,4.10,1,20,100,0,Pellet,Left,180,168,191,10,1.01,7,nan
11/4/2025 4:58:08,1.17.2,Bandit100,16,4.10,nan,20,100,0,Left,Left,181,168,191,11,nan,nan,0.03
11/4/2025 4:58:10,1.17.2,Bandit100,16,4.10,1,20,100,0,Pellet,Left,181,168,192,11,1.07,8,nan
11/4/2025 4:58:25,1.17.2,Bandit100,16,4.09,nan,20,100,0,Left,Left,182,168,192,12,nan,nan,0.19
11/4/2025 4:58:27,1.17.2,Bandit100,16,4.10,1,20,100,0,Pellet,Left,182,168,193,12,0.95,18,nan
11/4/2025 4:58:36,1.17.2,Bandit100,16,4.10,nan,20,100,0,Left,Left,183,168,193,13,nan,nan,0.10
11/4/2025 4:58:37,1.17.2,Bandit100,16,4.10,1,20,100,0,Pellet,Left,183,168,194,13,0.89,10,nan
11/4/2025 4:58:45,1.17.2,Bandit100,16,4.10,nan,20,100,0,Left,Left,184,168,194,14,nan,nan,0.21
11/4/2025 4:58:47,1.17.2,Bandit100,16,4.09,1,20,100,0,Pellet,Left,184,168,195,14,1.31,10,nan
11/4/2025 4:58:59,1.17.2,Bandit100,16,4.10,nan,20,100,0,Left,Left,185,168,195,15,nan,nan,0.10
11/4/2025 4:59:00,1.17.2,Bandit100,16,4.09,1,20,100,0,Pellet,Left,185,168,196,15,0.77,13,nan
11/4/2025 4:59:09,1.17.2,Bandit100,16,4.10,nan,20,100,0,Left,Left,186,168,196,16,nan,nan,0.16
11/4/2025 4:59:11,1.17.2,Bandit100,16,4.10,2,20,100,0,Pellet,Left,186,168,197,16,0.06,11,nan
11/4/2025 4:59:15,1.17.2,Bandit100,16,4.10,nan,20,100,0,Left,Left,187,168,197,17,nan,nan,0.03
11/4/2025 4:59:17,1.17.2,Bandit100,16,4.09,1,20,100,0,Pellet,Left,187,168,198,17,0.95,6,nan
11/4/2025 5:20:10,1.17.2,Bandit100,16,4.09,nan,20,100,0,Left,Left,188,168,198,18,nan,nan,0.34
11/4/2025 5:20:12,1.17.2,Bandit100,16,4.09,1,20,100,0,Pellet,Left,188,168,199,18,0.89,1255,nan
11/4/2025 5:20:24,1.17.2,Bandit100,16,4.09,nan,20,100,0,Left,Left,189,168,199,19,nan,nan,0.29
11/4/2025 5:20:25,1.17.2,Bandit100,16,4.10,1,20,100,0,Pellet,Left,189,168,200,19,0.59,13,nan
11/4/2025 5:20:36,1.17.2,Bandit100,16,4.10,nan,20,0,100,Left,Right,190,168,200,0,nan,nan,0.15
11/4/2025 5:20:37,1.17.2,Bandit100,16,4.10,nan,20,0,100,LeftinTimeOut,Right,190,168,200,0,nan,nan,nan
11/4/2025 7:44:32,1.17.2,Bandit100,16,4.09,nan,20,0,100,Right,Right,190,169,200,0,nan,nan,0.16
11/4/2025 7:44:46,1.17.2,Bandit100,16,4.08,3,20,0,100,Pellet,Right,190,169,201,0,10.78,8661,nan
11/4/2025 7:45:24,1.17.2,Bandit100,16,4.08,nan,20,0,100,Left,Right,191,169,201,1,nan,nan,0.35
11/4/2025 7:45:26,1.17.2,Bandit100,16,4.08,nan,20,0,100,LeftinTimeOut,Right,191,169,201,1,nan,nan,nan
11/4/2025 7:45:30,1.17.2,Bandit100,16,4.09,nan,20,0,100,RightinTimeout,Right,191,169,201,1,nan,nan,0.00
11/4/2025 7:47:49,1.17.2,Bandit100,16,4.08,nan,20,0,100,Left,Right,192,169,201,1,nan,nan,0.37
11/4/2025 7:47:55,1.17.2,Bandit100,16,4.08,nan,20,0,100,LeftinTimeOut,Right,192,169,201,1,nan,nan,nan
11/4/2025 7:50:43,1.17.2,Bandit100,16,4.09,nan,20,0,100,Left,Right,193,169,201,1,nan,nan,0.03
11/4/2025 7:50:46,1.17.2,Bandit100,16,4.09,nan,20,0,100,LeftinTimeOut,Right,193,169,201,1,nan,nan,nan
11/4/2025 7:50:48,1.17.2,Bandit100,16,4.09,nan,20,0,100,LeftinTimeOut,Right,193,169,201,1,nan,nan,nan
11/4/2025 7:50:49,1.17.2,Bandit100,16,4.09,nan,20,0,100,LeftinTimeOut,Right,193,169,201,1,nan,nan,nan
11/4/2025 7:50:51,1.17.2,Bandit100,16,4.09,nan,20,0,100,LeftinTimeOut,Right,193,169,201,1,nan,nan,nan
11/4/2025 7:50:51,1.17.2,Bandit100,16,4.09,nan,20,0,100,LeftinTimeOut,Right,193,169,201,1,nan,nan,nan
11/4/2025 7:50:53,1.17.2,Bandit100,16,4.09,nan,20,0,100,LeftinTimeOut,Right,193,169,201,1,nan,nan,nan
11/4/2025 7:50:54,1.17.2,Bandit100,16,4.09,nan,20,0,100,LeftinTimeOut,Right,193,169,201,1,nan,nan,nan
11/4/2025 7:52:16,1.17.2,Bandit100,16,4.09,nan,20,0,100,Right,Right,193,170,201,1,nan,nan,0.00
11/4/2025 7:52:18,1.17.2,Bandit100,16,4.09,2,20,0,100,Pellet,Right,193,170,202,1,0.65,452,nan
11/4/2025 7:52:36,1.17.2,Bandit100,16,4.09,nan,20,0,100,Left,Right,194,170,202,2,nan,nan,0.39
11/4/2025 7:52:39,1.17.2,Bandit100,16,4.09,nan,20,0,100,LeftinTimeOut,Right,194,170,202,2,nan,nan,nan
11/4/2025 7:52:41,1.17.2,Bandit100,16,4.09,nan,20,0,100,RightinTimeout,Right,194,170,202,2,nan,nan,0.00
11/4/2025 7:52:44,1.17.2,Bandit100,16,4.09,nan,20,0,100,RightinTimeout,Right,194,170,202,2,nan,nan,0.00
11/4/2025 7:52:48,1.17.2,Bandit100,16,4.09,nan,20,0,100,LeftinTimeOut,Right,194,170,202,2,nan,nan,nan
11/4/2025 7:52:49,1.17.2,Bandit100,16,4.09,nan,20,0,100,LeftinTimeOut,Right,194,170,202,2,nan,nan,nan
11/4/2025 7:52:50,1.17.2,Bandit100,16,4.09,nan,20,0,100,LeftinTimeOut,Right,194,170,202,2,nan,nan,nan
11/4/2025 7:53:40,1.17.2,Bandit100,16,4.09,nan,20,0,100,Right,Right,194,171,202,2,nan,nan,0.06
11/4/2025 7:53:45,1.17.2,Bandit100,16,4.09,3,20,0,100,Pellet,Right,194,171,203,2,1.67,87,nan
11/4/2025 7:53:59,1.17.2,Bandit100,16,4.09,nan,20,0,100,Right,Right,194,172,203,3,nan,nan,0.02
11/4/2025 7:54:01,1.17.2,Bandit100,16,4.09,1,20,0,100,Pellet,Right,194,172,204,3,1.07,16,nan
11/4/2025 7:54:17,1.17.2,Bandit100,16,4.09,nan,20,0,100,Right,Right,194,173,204,4,nan,nan,0.41
11/4/2025 7:54:18,1.17.2,Bandit100,16,4.09,1,20,0,100,Pellet,Right,194,173,205,4,0.06,17,nan
11/4/2025 7:54:29,1.17.2,Bandit100,16,4.09,nan,20,0,100,Right,Right,194,174,205,5,nan,nan,0.14
11/4/2025 7:54:30,1.17.2,Bandit100,16,4.08,1,20,0,100,Pellet,Right,194,174,206,5,0.06,12,nan
11/4/2025 7:54:39,1.17.2,Bandit100,16,4.09,nan,20,0,100,Right,Right,194,175,206,6,nan,nan,0.10
11/4/2025 7:54:41,1.17.2,Bandit100,16,4.09,1,20,0,100,Pellet,Right,194,175,207,6,1.13,11,nan
11/4/2025 7:54:50,1.17.2,Bandit100,16,4.09,nan,20,0,100,Right,Right,194,176,207,7,nan,nan,0.14
11/4/2025 7:54:51,1.17.2,Bandit100,16,4.08,1,20,0,100,Pellet,Right,194,176,208,7,0.06,10,nan
11/4/2025 7:55:05,1.17.2,Bandit100,16,4.09,nan,20,0,100,Right,Right,194,177,208,8,nan,nan,0.17
11/4/2025 7:55:06,1.17.2,Bandit100,16,4.09,1,20,0,100,Pellet,Right,194,177,209,8,1.01,15,nan
11/4/2025 7:55:20,1.17.2,Bandit100,16,4.09,nan,20,0,100,Right,Right,194,178,209,9,nan,nan,0.05
11/4/2025 7:55:22,1.17.2,Bandit100,16,4.09,1,20,0,100,Pellet,Right,194,178,210,9,1.13,16,nan
11/4/2025 7:55:31,1.17.2,Bandit100,16,4.09,nan,20,0,100,Right,Right,194,179,210,10,nan,nan,0.18
11/4/2025 7:55:32,1.17.2,Bandit100,16,4.09,1,20,0,100,Pellet,Right,194,179,211,10,0.06,10,nan
11/4/2025 7:55:42,1.17.2,Bandit100,16,4.09,nan,20,0,100,Right,Right,194,180,211,11,nan,nan,0.06
11/4/2025 7:55:43,1.17.2,Bandit100,16,4.08,nan,20,0,100,RightDuringDispense,Right,194,180,211,11,nan,nan,0.09
11/4/2025 7:55:44,1.17.2,Bandit100,16,4.09,nan,20,0,100,RightDuringDispense,Right,194,180,211,11,nan,nan,0.16
11/4/2025 7:55:47,1.17.2,Bandit100,16,4.08,nan,20,0,100,RightWithPellet,Right,194,181,211,11,nan,nan,0.11
11/4/2025 7:55:48,1.17.2,Bandit100,16,4.08,nan,20,0,100,RightWithPellet,Right,194,182,211,11,nan,nan,0.03
11/4/2025 7:55:50,1.17.2,Bandit100,16,4.09,2,20,0,100,Pellet,Right,194,182,212,11,3.63,18,nan
11/4/2025 7:56:09,1.17.2,Bandit100,16,4.09,nan,20,0,100,Right,Right,194,183,212,12,nan,nan,0.21
11/4/2025 7:56:11,1.17.2,Bandit100,16,4.09,2,20,0,100,Pellet,Right,194,183,213,12,0.89,21,nan
11/4/2025 7:56:22,1.17.2,Bandit100,16,4.09,nan,20,0,100,Left,Right,195,183,213,13,nan,nan,0.25
11/4/2025 7:56:25,1.17.2,Bandit100,16,4.09,nan,20,0,100,RightinTimeout,Right,195,183,213,13,nan,nan,0.00
11/4/2025 7:56:27,1.17.2,Bandit100,16,4.08,nan,20,0,100,LeftinTimeOut,Right,195,183,213,13,nan,nan,nan
11/4/2025 7:56:28,1.17.2,Bandit100,16,4.09,nan,20,0,100,LeftinTimeOut,Right,195,183,213,13,nan,nan,nan
11/4/2025 7:56:31,1.17.2,Bandit100,16,4.08,nan,20,0,100,LeftinTimeOut,Right,195,183,213,13,nan,nan,nan
11/4/2025 8:13:21,1.17.2,Bandit100,16,4.09,nan,20,0,100,Left,Right,196,183,213,13,nan,nan,0.21
11/4/2025 9:58:22,1.17.2,Bandit100,16,4.08,nan,20,0,100,Right,Right,196,184,213,13,nan,nan,0.19
11/4/2025 9:58:23,1.17.2,Bandit100,16,4.08,1,20,0,100,Pellet,Right,196,184,214,13,0.41,7332,nan
11/4/2025 9:58:39,1.17.2,Bandit100,16,4.08,nan,20,0,100,Right,Right,196,185,214,14,nan,nan,0.04
11/4/2025 9:58:40,1.17.2,Bandit100,16,4.08,1,20,0,100,Pellet,Right,196,185,215,14,0.29,17,nan
11/4/2025 9:58:56,1.17.2,Bandit100,16,4.08,nan,20,0,100,Right,Right,196,186,215,15,nan,nan,0.05
11/4/2025 9:58:58,1.17.2,Bandit100,16,4.08,1,20,0,100,Pellet,Right,196,186,216,15,0.89,18,nan
11/4/2025 9:59:16,1.17.2,Bandit100,16,4.09,nan,20,0,100,Right,Right,196,187,216,16,nan,nan,0.10
11/4/2025 9:59:17,1.17.2,Bandit100,16,4.08,1,20,0,100,Pellet,Right,196,187,217,16,0.71,19,nan
11/4/2025 9:59:24,1.17.2,Bandit100,16,4.08,nan,20,0,100,Right,Right,196,188,217,17,nan,nan,0.16
11/4/2025 9:59:26,1.17.2,Bandit100,16,4.08,1,20,0,100,Pellet,Right,196,188,218,17,0.95,9,nan
11/4/2025 9:59:42,1.17.2,Bandit100,16,4.09,nan,20,0,100,Right,Right,196,189,218,18,nan,nan,0.04
11/4/2025 9:59:44,1.17.2,Bandit100,16,4.08,1,20,0,100,Pellet,Right,196,189,219,18,1.67,18,nan
11/4/2025 10:00:03,1.17.2,Bandit100,16,4.08,nan,20,0,100,Left,Right,197,189,219,19,nan,nan,0.03
11/4/2025 10:00:05,1.17.2,Bandit100,16,4.08,nan,20,0,100,RightinTimeout,Right,197,189,219,19,nan,nan,0.00
11/4/2025 11:28:21,1.17.2,Bandit100,16,4.08,nan,20,0,100,Left,Right,198,189,219,19,nan,nan,0.00
11/4/2025 11:28:23,1.17.2,Bandit100,16,4.08,nan,20,0,100,RightinTimeout,Right,198,189,219,19,nan,nan,0.00
11/4/2025 11:29:23,1.17.2,Bandit100,16,4.07,nan,20,0,100,Left,Right,199,189,219,19,nan,nan,0.02
11/4/2025 11:29:26,1.17.2,Bandit100,16,4.08,nan,20,0,100,LeftinTimeOut,Right,199,189,219,19,nan,nan,nan
11/4/2025 11:30:31,1.17.2,Bandit100,16,4.07,nan,20,0,100,Right,Right,199,190,219,19,nan,nan,0.27
11/4/2025 11:30:33,1.17.2,Bandit100,16,4.07,1,20,0,100,Pellet,Right,199,190,220,19,1.07,5449,nan
11/4/2025 11:37:53,1.17.2,Bandit100,16,4.08,nan,20,100,0,Left,Left,200,190,220,0,nan,nan,0.10
11/4/2025 11:37:54,1.17.2,Bandit100,16,4.07,1,20,100,0,Pellet,Left,200,190,221,0,0.06,441,nan
11/4/2025 14:56:32,1.17.2,Bandit100,16,4.07,nan,20,100,0,Left,Left,201,190,221,1,nan,nan,0.17
11/4/2025 14:56:35,1.17.2,Bandit100,16,4.07,2,20,100,0,Pellet,Left,201,190,222,1,0.59,11921,nan
11/4/2025 17:06:33,1.17.2,Bandit100,16,4.06,nan,20,100,0,Right,Left,201,191,222,2,nan,nan,0.29
11/4/2025 17:06:40,1.17.2,Bandit100,16,4.06,nan,20,100,0,LeftinTimeOut,Left,201,191,222,2,nan,nan,nan
11/4/2025 17:06:45,1.17.2,Bandit100,16,4.06,nan,20,100,0,LeftinTimeOut,Left,201,191,222,2,nan,nan,nan
11/4/2025 17:06:45,1.17.2,Bandit100,16,4.06,nan,20,100,0,LeftinTimeOut,Left,201,191,222,2,nan,nan,nan
11/4/2025 17:07:22,1.17.2,Bandit100,16,4.06,nan,20,100,0,Right,Left,201,192,222,2,nan,nan,0.04
11/4/2025 17:07:23,1.17.2,Bandit100,16,4.05,nan,20,100,0,RightinTimeout,Left,201,192,222,2,nan,nan,0.00
11/4/2025 17:07:23,1.17.2,Bandit100,16,4.06,nan,20,100,0,RightinTimeout,Left,201,192,222,2,nan,nan,0.00
11/4/2025 17:07:25,1.17.2,Bandit100,16,4.06,nan,20,100,0,RightinTimeout,Left,201,192,222,2,nan,nan,0.00
11/4/2025 17:07:26,1.17.2,Bandit100,16,4.05,nan,20,100,0,RightinTimeout,Left,201,192,222,2,nan,nan,0.00
11/4/2025 17:13:51,1.17.2,Bandit100,16,4.06,nan,20,100,0,Left,Left,202,192,222,2,nan,nan,0.10
11/4/2025 17:13:53,1.17.2,Bandit100,16,4.06,1,20,100,0,Pellet,Left,202,192,223,2,1.37,8238,nan
11/4/2025 17:14:13,1.17.2,Bandit100,16,4.06,nan,20,100,0,Right,Left,202,193,223,3,nan,nan,0.07
11/4/2025 17:14:14,1.17.2,Bandit100,16,4.06,nan,20,100,0,RightinTimeout,Left,202,193,223,3,nan,nan,0.00
11/4/2025 17:14:14,1.17.2,Bandit100,16,4.06,nan,20,100,0,RightinTimeout,Left,202,193,223,3,nan,nan,0.00
11/4/2025 17:14:16,1.17.2,Bandit100,16,4.06,nan,20,100,0,RightinTimeout,Left,202,193,223,3,nan,nan,0.00
11/4/2025 17:14:21,1.17.2,Bandit100,16,4.06,nan,20,100,0,RightinTimeout,Left,202,193,223,3,nan,nan,0.00
11/4/2025 17:17:08,1.17.2,Bandit100,16,4.05,nan,20,100,0,Left,Left,203,193,223,3,nan,nan,0.13
11/4/2025 17:17:11,1.17.2,Bandit100,16,4.07,1,20,100,0,Pellet,Left,203,193,224,3,2.33,198,nan
11/4/2025 17:17:24,1.17.2,Bandit100,16,4.06,nan,20,100,0,Right,Left,203,194,224,4,nan,nan,0.18
11/4/2025 17:17:26,1.17.2,Bandit100,16,4.06,nan,20,100,0,RightinTimeout,Left,203,194,224,4,nan,nan,0.00
11/4/2025 17:17:26,1.17.2,Bandit100,16,4.06,nan,20,100,0,RightinTimeout,Left,203,194,224,4,nan,nan,0.00
11/4/2025 17:17:27,1.17.2,Bandit100,16,4.06,nan,20,100,0,RightinTimeout,Left,203,194,224,4,nan,nan,0.00
11/4/2025 17:17:32,1.17.2,Bandit100,16,4.06,nan,20,100,0,LeftinTimeOut,Left,203,194,224,4,nan,nan,nan
11/4/2025 18:28:59,1.17.2,Bandit100,16,4.06,nan,20,100,0,Left,Left,204,194,224,4,nan,nan,0.16
11/4/2025 18:29:01,1.17.2,Bandit100,16,4.06,1,20,100,0,Pellet,Left,204,194,225,4,0.83,4310,nan
11/4/2025 18:29:17,1.17.2,Bandit100,16,4.06,nan,20,100,0,Left,Left,205,194,225,5,nan,nan,0.34
11/4/2025 18:29:18,1.17.2,Bandit100,16,4.06,1,20,100,0,Pellet,Left,205,194,226,5,0.83,17,nan
11/4/2025 18:29:30,1.17.2,Bandit100,16,4.06,nan,20,100,0,Left,Left,206,194,226,6,nan,nan,0.27
11/4/2025 18:29:32,1.17.2,Bandit100,16,4.05,1,20,100,0,Pellet,Left,206,194,227,6,1.91,14,nan
11/4/2025 18:29:41,1.17.2,Bandit100,16,4.06,nan,20,100,0,Left,Left,207,194,227,7,nan,nan,0.11
11/4/2025 18:29:44,1.17.2,Bandit100,16,4.06,1,20,100,0,Pellet,Left,207,194,228,7,2.39,12,nan
11/4/2025 18:29:53,1.17.2,Bandit100,16,4.06,nan,20,100,0,Left,Left,208,194,228,8,nan,nan,0.02
11/4/2025 18:29:54,1.17.2,Bandit100,16,4.05,nan,20,100,0,LeftWithPellet,Left,208,194,228,8,nan,nan,0.02
11/4/2025 18:29:56,1.17.2,Bandit100,16,4.06,1,20,100,0,Pellet,Left,208,194,229,8,2.87,12,nan
11/4/2025 18:30:20,1.17.2,Bandit100,16,4.06,nan,20,100,0,Left,Left,209,194,229,9,nan,nan,0.20
11/4/2025 18:30:21,1.17.2,Bandit100,16,4.05,1,20,100,0,Pellet,Left,209,194,230,9,0.47,25,nan
11/4/2025 18:30:32,1.17.2,Bandit100,16,4.05,nan,20,100,0,Left,Left,210,194,230,10,nan,nan,0.23
11/4/2025 18:30:34,1.17.2,Bandit100,16,4.05,1,20,100,0,Pellet,Left,210,194,231,10,1.91,13,nan
11/4/2025 18:30:45,1.17.2,Bandit100,16,4.05,nan,20,100,0,Left,Left,211,194,231,11,nan,nan,0.05
11/4/2025 18:30:48,1.17.2,Bandit100,16,4.05,1,20,100,0,Pellet,Left,211,194,232,11,2.33,14,nan
11/4/2025 18:31:02,1.17.2,Bandit100,16,4.05,nan,20,100,0,Left,Left,212,194,232,12,nan,nan,0.13
11/4/2025 18:31:03,1.17.2,Bandit100,16,4.06,1,20,100,0,Pellet,Left,212,194,233,12,0.53,15,nan
11/4/2025 18:31:14,1.17.2,Bandit100,16,4.06,nan,20,100,0,Left,Left,213,194,233,13,nan,nan,0.19
11/4/2025 18:31:15,1.17.2,Bandit100,16,4.06,1,20,100,0,Pellet,Left,213,194,234,13,0.71,12,nan
11/4/2025 18:31:31,1.17.2,Bandit100,16,4.07,nan,20,100,0,Right,Left,213,195,234,14,nan,nan,0.06
11/4/2025 18:31:34,1.17.2,Bandit100,16,4.05,nan,20,100,0,RightinTimeout,Left,213,195,234,14,nan,nan,0.00
11/4/2025 19:12:59,1.17.2,Bandit100,16,4.05,nan,20,100,0,Left,Left,214,195,234,14,nan,nan,0.08
11/4/2025 19:13:16,1.17.2,Bandit100,16,4.05,1,20,100,0,Pellet,Left,214,195,235,14,15.71,2521,nan
11/4/2025 19:18:42,1.17.2,Bandit100,16,4.05,nan,20,100,0,Right,Left,214,196,235,15,nan,nan,0.15
11/4/2025 19:29:41,1.17.2,Bandit100,16,4.05,nan,20,100,0,Left,Left,215,196,235,15,nan,nan,0.19
11/4/2025 19:29:43,1.17.2,Bandit100,16,4.05,1,20,100,0,Pellet,Left,215,196,236,15,0.95,987,nan
11/4/2025 19:30:00,1.17.2,Bandit100,16,4.06,nan,20,100,0,Left,Left,216,196,236,16,nan,nan,0.10
11/4/2025 19:30:02,1.17.2,Bandit100,16,4.06,1,20,100,0,Pellet,Left,216,196,237,16,0.77,19,nan
11/4/2025 19:30:13,1.17.2,Bandit100,16,4.05,nan,20,100,0,Left,Left,217,196,237,17,nan,nan,0.08
11/4/2025 19:30:14,1.17.2,Bandit100,16,4.05,1,20,100,0,Pellet,Left,217,196,238,17,0.65,12,nan
11/4/2025 19:30:32,1.17.2,Bandit100,16,4.05,nan,20,100,0,Left,Left,218,196,238,18,nan,nan,0.15
11/4/2025 19:30:33,1.17.2,Bandit100,16,4.06,1,20,100,0,Pellet,Left,218,196,239,18,0.83,19,nan
11/4/2025 19:30:47,1.17.2,Bandit100,16,4.06,nan,20,100,0,Left,Left,219,196,239,19,nan,nan,0.09
11/4/2025 19:30:49,1.17.2,Bandit100,16,4.05,1,20,100,0,Pellet,Left,219,196,240,19,0.65,16,nan
11/4/2025 19:30:58,1.17.2,Bandit100,16,4.05,nan,20,0,100,Left,Right,220,196,240,0,nan,nan,0.15
11/4/2025 19:30:59,1.17.2,Bandit100,16,4.05,nan,20,0,100,LeftinTimeOut,Right,220,196,240,0,nan,nan,nan
11/4/2025 19:31:00,1.17.2,Bandit100,16,4.06,nan,20,0,100,LeftinTimeOut,Right,220,196,240,0,nan,nan,nan
11/4/2025 19:33:10,1.17.2,Bandit100,16,4.06,nan,20,0,100,Right,Right,220,197,240,0,nan,nan,0.16
11/4/2025 19:33:11,1.17.2,Bandit100,16,4.05,1,20,0,100,Pellet,Right,220,197,241,0,0.06,142,nan
11/4/2025 19:38:19,1.17.2,Bandit100,16,4.05,nan,20,0,100,Left,Right,221,197,241,1,nan,nan,0.11
11/4/2025 19:46:22,1.17.2,Bandit100,16,4.05,nan,20,0,100,Left,Right,222,197,241,1,nan,nan,0.06
11/4/2025 19:46:23,1.17.2,Bandit100,16,4.06,nan,20,0,100,LeftinTimeOut,Right,222,197,241,1,nan,nan,nan
11/4/2025 19:46:25,1.17.2,Bandit100,16,4.05,nan,20,0,100,LeftinTimeOut,Right,222,197,241,1,nan,nan,nan
11/4/2025 19:47:15,1.17.2,Bandit100,16,4.06,nan,20,0,100,Left,Right,223,197,241,1,nan,nan,0.04
11/4/2025 19:51:36,1.17.2,Bandit100,16,4.05,nan,20,0,100,Right,Right,223,198,241,1,nan,nan,0.17
11/4/2025 19:51:37,1.17.2,Bandit100,16,4.05,1,20,0,100,Pellet,Right,223,198,242,1,0.06,1106,nan
11/4/2025 19:54:54,1.17.2,Bandit100,16,4.06,nan,20,0,100,Right,Right,223,199,242,2,nan,nan,0.04
11/4/2025 19:54:55,1.17.2,Bandit100,16,4.05,1,20,0,100,Pellet,Right,223,199,243,2,0.06,198,nan
11/4/2025 19:55:11,1.17.2,Bandit100,16,4.05,nan,20,0,100,Right,Right,223,200,243,3,nan,nan,0.12
11/4/2025 19:55:14,1.17.2,Bandit100,16,4.06,1,20,0,100,Pellet,Right,223,200,244,3,1.67,19,nan
11/4/2025 19:55:23,1.17.2,Bandit100,16,4.06,nan,20,0,100,Right,Right,223,201,244,4,nan,nan,0.03
11/4/2025 19:55:25,1.17.2,Bandit100,16,4.06,1,20,0,100,Pellet,Right,223,201,245,4,0.89,11,nan
11/4/2025 19:55:33,1.17.2,Bandit100,16,4.06,nan,20,0,100,Right,Right,223,202,245,5,nan,nan,0.10
11/4/2025 19:55:35,1.17.2,Bandit100,16,4.05,1,20,0,100,Pellet,Right,223,202,246,5,0.71,10,nan
11/4/2025 19:55:45,1.17.2,Bandit100,16,4.05,nan,20,0,100,Right,Right,223,203,246,6,nan,nan,0.10
11/4/2025 19:55:46,1.17.2,Bandit100,16,4.05,1,20,0,100,Pellet,Right,223,203,247,6,0.41,11,nan
11/4/2025 19:56:12,1.17.2,Bandit100,16,4.05,nan,20,0,100,Right,Right,223,204,247,7,nan,nan,0.09
11/4/2025 19:56:13,1.17.2,Bandit100,16,4.05,1,20,0,100,Pellet,Right,223,204,248,7,0.89,27,nan
11/4/2025 19:56:19,1.17.2,Bandit100,16,4.05,nan,20,0,100,Right,Right,223,205,248,8,nan,nan,0.04
11/4/2025 19:56:20,1.17.2,Bandit100,16,4.06,1,20,0,100,Pellet,Right,223,205,249,8,0.59,7,nan
11/4/2025 19:56:32,1.17.2,Bandit100,16,4.05,nan,20,0,100,Right,Right,223,206,249,9,nan,nan,0.03
11/4/2025 19:56:33,1.17.2,Bandit100,16,4.05,1,20,0,100,Pellet,Right,223,206,250,9,0.65,13,nan
11/4/2025 19:56:45,1.17.2,Bandit100,16,4.05,nan,20,0,100,Right,Right,223,207,250,10,nan,nan,0.09
11/4/2025 19:56:46,1.17.2,Bandit100,16,4.05,1,20,0,100,Pellet,Right,223,207,251,10,0.06,13,nan
11/4/2025 19:56:57,1.17.2,Bandit100,16,4.05,nan,20,0,100,Right,Right,223,208,251,11,nan,nan,0.07
11/4/2025 19:56:58,1.17.2,Bandit100,16,4.05,1,20,0,100,Pellet,Right,223,208,252,11,0.47,12,nan
11/4/2025 19:57:06,1.17.2,Bandit100,16,4.05,nan,20,0,100,Right,Right,223,209,252,12,nan,nan,0.08
11/4/2025 19:57:07,1.17.2,Bandit100,16,4.05,1,20,0,100,Pellet,Right,223,209,253,12,0.53,9,nan
11/4/2025 19:59:00,1.17.2,Bandit100,16,4.05,nan,20,0,100,Right,Right,223,210,253,13,nan,nan,0.33
11/4/2025 19:59:01,1.17.2,Bandit100,16,4.06,1,20,0,100,Pellet,Right,223,210,254,13,0.89,114,nan
11/4/2025 19:59:10,1.17.2,Bandit100,16,4.05,nan,20,0,100,Right,Right,223,211,254,14,nan,nan,0.06
11/4/2025 19:59:12,1.17.2,Bandit100,16,4.05,1,20,0,100,Pellet,Right,223,211,255,14,0.59,11,nan
11/4/2025 19:59:18,1.17.2,Bandit100,16,4.05,nan,20,0,100,Right,Right,223,212,255,15,nan,nan,0.20
11/4/2025 19:59:19,1.17.2,Bandit100,16,4.05,1,20,0,100,Pellet,Right,223,212,256,15,0.06,7,nan
11/4/2025 19:59:27,1.17.2,Bandit100,16,4.05,nan,20,0,100,Right,Right,223,213,256,16,nan,nan,0.11
11/4/2025 19:59:30,1.17.2,Bandit100,16,4.05,1,20,0,100,Pellet,Right,223,213,257,16,2.03,11,nan
11/4/2025 19:59:38,1.17.2,Bandit100,16,4.05,nan,20,0,100,Left,Right,224,213,257,17,nan,nan,0.16
11/4/2025 20:18:17,1.17.2,Bandit100,16,4.05,nan,20,0,100,Left,Right,225,213,257,17,nan,nan,0.39
11/4/2025 20:18:18,1.17.2,Bandit100,16,4.05,nan,20,0,100,LeftinTimeOut,Right,225,213,257,17,nan,nan,nan
11/4/2025 20:18:24,1.17.2,Bandit100,16,4.05,nan,20,0,100,LeftinTimeOut,Right,225,213,257,17,nan,nan,nan
11/4/2025 20:18:26,1.17.2,Bandit100,16,4.06,nan,20,0,100,LeftinTimeOut,Right,225,213,257,17,nan,nan,nan
11/4/2025 20:18:28,1.17.2,Bandit100,16,4.05,nan,20,0,100,LeftinTimeOut,Right,225,213,257,17,nan,nan,nan
11/4/2025 20:18:33,1.17.2,Bandit100,16,4.05,nan,20,0,100,RightinTimeout,Right,225,213,257,17,nan,nan,0.00
11/4/2025 20:18:34,1.17.2,Bandit100,16,4.05,nan,20,0,100,RightinTimeout,Right,225,213,257,17,nan,nan,0.00
11/4/2025 20:18:36,1.17.2,Bandit100,16,4.05,nan,20,0,100,RightinTimeout,Right,225,213,257,17,nan,nan,0.00
11/4/2025 20:18:37,1.17.2,Bandit100,16,4.05,nan,20,0,100,RightinTimeout,Right,225,213,257,17,nan,nan,0.00
11/4/2025 20:18:43,1.17.2,Bandit100,16,4.05,nan,20,0,100,LeftinTimeOut,Right,225,213,257,17,nan,nan,nan
11/4/2025 20:19:54,1.17.2,Bandit100,16,4.05,nan,20,0,100,Right,Right,225,214,257,17,nan,nan,0.13
11/4/2025 20:19:55,1.17.2,Bandit100,16,4.05,2,20,0,100,Pellet,Right,225,214,258,17,0.65,1225,nan
11/4/2025 20:20:16,1.17.2,Bandit100,16,4.05,nan,20,0,100,Right,Right,225,215,258,18,nan,nan,0.02
11/4/2025 20:20:17,1.17.2,Bandit100,16,4.05,1,20,0,100,Pellet,Right,225,215,259,18,0.53,22,nan
11/4/2025 20:20:40,1.17.2,Bandit100,16,4.05,nan,20,0,100,Right,Right,225,216,259,19,nan,nan,0.09
11/4/2025 20:20:41,1.17.2,Bandit100,16,4.05,1,20,0,100,Pellet,Right,225,216,260,19,0.53,24,nan
11/4/2025 20:22:49,1.17.2,Bandit100,16,4.05,nan,20,100,0,Left,Left,226,216,260,0,nan,nan,0.20
11/4/2025 20:22:51,1.17.2,Bandit100,16,4.05,1,20,100,0,Pellet,Left,226,216,261,0,1.31,130,nan
11/4/2025 20:23:07,1.17.2,Bandit100,16,4.05,nan,20,100,0,Left,Left,227,216,261,1,nan,nan,0.10
11/4/2025 20:23:08,1.17.2,Bandit100,16,4.05,1,20,100,0,Pellet,Left,227,216,262,1,0.77,17,nan
11/4/2025 20:23:57,1.17.2,Bandit100,16,4.05,nan,20,100,0,Right,Left,227,217,262,2,nan,nan,0.05
11/4/2025 20:28:22,1.17.2,Bandit100,16,4.05,nan,20,100,0,Left,Left,228,217,262,2,nan,nan,0.06
11/4/2025 20:28:24,1.17.2,Bandit100,16,4.05,1,20,100,0,Pellet,Left,228,217,263,2,0.95,316,nan
11/4/2025 20:28:45,1.17.2,Bandit100,16,4.05,nan,20,100,0,Left,Left,229,217,263,3,nan,nan,0.04
11/4/2025 20:28:46,1.17.2,Bandit100,16,4.05,1,20,100,0,Pellet,Left,229,217,264,3,0.47,22,nan
11/4/2025 20:29:03,1.17.2,Bandit100,16,4.05,nan,20,100,0,Left,Left,230,217,264,4,nan,nan,0.02
11/4/2025 20:29:04,1.17.2,Bandit100,16,4.05,1,20,100,0,Pellet,Left,230,217,265,4,0.71,18,nan
11/4/2025 20:29:13,1.17.2,Bandit100,16,4.05,nan,20,100,0,Left,Left,231,217,265,5,nan,nan,0.03
11/4/2025 20:29:14,1.17.2,Bandit100,16,4.05,1,20,100,0,Pellet,Left,231,217,266,5,1.13,10,nan
11/4/2025 20:29:27,1.17.2,Bandit100,16,4.05,nan,20,100,0,Left,Left,232,217,266,6,nan,nan,0.19
11/4/2025 20:29:27,1.17.2,Bandit100,16,4.05,1,20,100,0,Pellet,Left,232,217,267,6,0.06,13,nan
11/4/2025 20:29:41,1.17.2,Bandit100,16,4.05,nan,20,100,0,Left,Left,233,217,267,7,nan,nan,0.06
11/4/2025 20:29:43,1.17.2,Bandit100,16,4.05,1,20,100,0,Pellet,Left,233,217,268,7,0.89,16,nan
11/4/2025 20:29:56,1.17.2,Bandit100,16,4.05,nan,20,100,0,Left,Left,234,217,268,8,nan,nan,0.00
11/4/2025 20:29:57,1.17.2,Bandit100,16,4.05,1,20,100,0,Pellet,Left,234,217,269,8,0.53,14,nan
11/4/2025 20:30:06,1.17.2,Bandit100,16,4.05,nan,20,100,0,Left,Left,235,217,269,9,nan,nan,0.02
11/4/2025 20:30:07,1.17.2,Bandit100,16,4.05,1,20,100,0,Pellet,Left,235,217,270,9,0.47,10,nan
11/4/2025 20:30:19,1.17.2,Bandit100,16,4.05,nan,20,100,0,Left,Left,236,217,270,10,nan,nan,0.04
11/4/2025 20:30:20,1.17.2,Bandit100,16,4.06,1,20,100,0,Pellet,Left,236,217,271,10,0.47,13,nan
11/4/2025 20:30:30,1.17.2,Bandit100,16,4.05,nan,20,100,0,Left,Left,237,217,271,11,nan,nan,0.10
11/4/2025 20:30:31,1.17.2,Bandit100,16,4.05,1,20,100,0,Pellet,Left,237,217,272,11,0.47,11,nan
11/4/2025 20:30:36,1.17.2,Bandit100,16,4.06,nan,20,100,0,Left,Left,238,217,272,12,nan,nan,0.05
11/4/2025 20:30:37,1.17.2,Bandit100,16,4.05,1,20,100,0,Pellet,Left,238,217,273,12,0.47,6,nan
11/4/2025 20:30:49,1.17.2,Bandit100,16,4.05,nan,20,100,0,Left,Left,239,217,273,13,nan,nan,0.06
11/4/2025 20:30:50,1.17.2,Bandit100,16,4.05,1,20,100,0,Pellet,Left,239,217,274,13,0.53,13,nan
11/4/2025 20:34:47,1.17.2,Bandit100,16,4.05,nan,20,100,0,Left,Left,240,217,274,14,nan,nan,0.04
11/4/2025 20:34:48,1.17.2,Bandit100,16,4.05,1,20,100,0,Pellet,Left,240,217,275,14,0.06,238,nan
11/4/2025 20:34:59,1.17.2,Bandit100,16,4.05,nan,20,100,0,Left,Left,241,217,275,15,nan,nan,0.06
11/4/2025 20:35:05,1.17.2,Bandit100,16,4.05,1,20,100,0,Pellet,Left,241,217,276,15,5.75,17,nan
11/4/2025 20:48:52,1.17.2,Bandit100,16,4.05,nan,20,100,0,Left,Left,242,217,276,16,nan,nan,0.06
11/4/2025 20:48:54,1.17.2,Bandit100,16,4.05,1,20,100,0,Pellet,Left,242,217,277,16,0.77,829,nan
11/4/2025 20:56:38,1.17.2,Bandit100,16,4.05,nan,20,100,0,Right,Left,242,218,277,17,nan,nan,0.04
11/4/2025 20:56:39,1.17.2,Bandit100,16,4.05,nan,20,100,0,RightinTimeout,Left,242,218,277,17,nan,nan,0.00
11/4/2025 20:56:39,1.17.2,Bandit100,16,4.05,nan,20,100,0,RightinTimeout,Left,242,218,277,17,nan,nan,0.00
11/4/2025 20:56:40,1.17.2,Bandit100,16,4.05,nan,20,100,0,RightinTimeout,Left,242,218,277,17,nan,nan,0.00
11/4/2025 20:56:40,1.17.2,Bandit100,16,4.05,nan,20,100,0,RightinTimeout,Left,242,218,277,17,nan,nan,0.00
11/4/2025 20:56:41,1.17.2,Bandit100,16,4.05,nan,20,100,0,RightinTimeout,Left,242,218,277,17,nan,nan,0.00
11/4/2025 20:56:42,1.17.2,Bandit100,16,4.06,nan,20,100,0,RightinTimeout,Left,242,218,277,17,nan,nan,0.00
11/4/2025 20:56:43,1.17.2,Bandit100,16,4.05,nan,20,100,0,RightinTimeout,Left,242,218,277,17,nan,nan,0.00
11/4/2025 20:56:46,1.17.2,Bandit100,16,4.05,nan,20,100,0,RightinTimeout,Left,242,218,277,17,nan,nan,0.00
11/4/2025 21:00:30,1.17.2,Bandit100,16,4.05,nan,20,100,0,Left,Left,243,218,277,17,nan,nan,0.11
11/4/2025 21:00:32,1.17.2,Bandit100,16,4.05,1,20,100,0,Pellet,Left,243,218,278,17,0.77,698,nan
11/4/2025 21:00:47,1.17.2,Bandit100,16,4.05,nan,20,100,0,Left,Left,244,218,278,18,nan,nan,0.08
11/4/2025 21:00:49,1.17.2,Bandit100,16,4.05,1,20,100,0,Pellet,Left,244,218,279,18,1.43,17,nan
11/4/2025 21:00:58,1.17.2,Bandit100,16,4.05,nan,20,100,0,Left,Left,245,218,279,19,nan,nan,0.06
11/4/2025 21:01:00,1.17.2,Bandit100,16,4.05,1,20,100,0,Pellet,Left,245,218,280,19,0.77,11,nan
11/4/2025 21:01:11,1.17.2,Bandit100,16,4.05,nan,20,0,100,Left,Right,246,218,280,0,nan,nan,0.04
11/4/2025 21:01:13,1.17.2,Bandit100,16,4.05,nan,20,0,100,LeftinTimeOut,Right,246,218,280,0,nan,nan,nan
11/4/2025 21:01:14,1.17.2,Bandit100,16,4.05,nan,20,0,100,LeftinTimeOut,Right,246,218,280,0,nan,nan,nan
11/4/2025 21:01:16,1.17.2,Bandit100,16,4.05,nan,20,0,100,LeftinTimeOut,Right,246,218,280,0,nan,nan,nan
11/4/2025 21:01:17,1.17.2,Bandit100,16,4.05,nan,20,0,100,LeftinTimeOut,Right,246,218,280,0,nan,nan,nan
11/4/2025 21:01:26,1.17.2,Bandit100,16,4.05,nan,20,0,100,LeftinTimeOut,Right,246,218,280,0,nan,nan,nan
11/4/2025 21:01:28,1.17.2,Bandit100,16,4.05,nan,20,0,100,LeftinTimeOut,Right,246,218,280,0,nan,nan,nan
11/4/2025 21:01:29,1.17.2,Bandit100,16,4.05,nan,20,0,100,LeftinTimeOut,Right,246,218,280,0,nan,nan,nan
11/4/2025 21:01:31,1.17.2,Bandit100,16,4.05,nan,20,0,100,LeftinTimeOut,Right,246,218,280,0,nan,nan,nan
11/4/2025 21:01:41,1.17.2,Bandit100,16,4.05,nan,20,0,100,LeftinTimeOut,Right,246,218,280,0,nan,nan,nan
11/4/2025 21:09:04,1.17.2,Bandit100,16,4.05,nan,20,0,100,Right,Right,246,219,280,0,nan,nan,0.13
11/4/2025 21:09:05,1.17.2,Bandit100,16,4.05,1,20,0,100,Pellet,Right,246,219,281,0,0.59,485,nan
11/4/2025 21:09:18,1.17.2,Bandit100,16,4.05,nan,20,0,100,Right,Right,246,220,281,1,nan,nan,0.10
11/4/2025 21:09:20,1.17.2,Bandit100,16,4.05,1,20,0,100,Pellet,Right,246,220,282,1,0.53,15,nan
11/4/2025 21:09:47,1.17.2,Bandit100,16,4.05,nan,20,0,100,Right,Right,246,221,282,2,nan,nan,0.05
11/4/2025 21:09:48,1.17.2,Bandit100,16,4.05,1,20,0,100,Pellet,Right,246,221,283,2,1.07,28,nan
11/4/2025 21:10:00,1.17.2,Bandit100,16,4.05,nan,20,0,100,Right,Right,246,222,283,3,nan,nan,0.10
11/4/2025 21:10:01,1.17.2,Bandit100,16,4.06,nan,20,0,100,RightDuringDispense,Right,246,222,283,3,nan,nan,0.03
11/4/2025 21:10:05,1.17.2,Bandit100,16,4.05,2,20,0,100,Pellet,Right,246,222,284,3,1.01,17,nan
11/4/2025 21:10:15,1.17.2,Bandit100,16,4.05,nan,20,0,100,Right,Right,246,223,284,4,nan,nan,0.09
11/4/2025 21:10:16,1.17.2,Bandit100,16,4.05,2,20,0,100,Pellet,Right,246,223,285,4,0.53,11,nan
11/4/2025 21:10:31,1.17.2,Bandit100,16,4.05,nan,20,0,100,Right,Right,246,224,285,5,nan,nan,0.10
11/4/2025 21:10:32,1.17.2,Bandit100,16,4.05,1,20,0,100,Pellet,Right,246,224,286,5,0.83,16,nan
11/4/2025 21:10:46,1.17.2,Bandit100,16,4.05,nan,20,0,100,Right,Right,246,225,286,6,nan,nan,0.08
11/4/2025 21:10:47,1.17.2,Bandit100,16,4.05,1,20,0,100,Pellet,Right,246,225,287,6,0.71,15,nan
11/4/2025 21:10:58,1.17.2,Bandit100,16,4.05,nan,20,0,100,Right,Right,246,226,287,7,nan,nan,0.02
11/4/2025 21:10:59,1.17.2,Bandit100,16,4.05,1,20,0,100,Pellet,Right,246,226,288,7,0.53,12,nan
11/4/2025 21:11:13,1.17.2,Bandit100,16,4.05,nan,20,0,100,Right,Right,246,227,288,8,nan,nan,0.03
11/4/2025 21:11:14,1.17.2,Bandit100,16,4.05,1,20,0,100,Pellet,Right,246,227,289,8,0.06,15,nan
11/4/2025 21:11:32,1.17.2,Bandit100,16,4.05,nan,20,0,100,Right,Right,246,228,289,9,nan,nan,0.20
11/4/2025 21:11:33,1.17.2,Bandit100,16,4.05,1,20,0,100,Pellet,Right,246,228,290,9,0.29,19,nan
11/4/2025 21:11:39,1.17.2,Bandit100,16,4.05,nan,20,0,100,Right,Right,246,229,290,10,nan,nan,0.03
11/4/2025 21:11:39,1.17.2,Bandit100,16,4.05,1,20,0,100,Pellet,Right,246,229,291,10,0.06,6,nan
11/4/2025 21:20:28,1.17.2,Bandit100,16,4.05,nan,20,0,100,Left,Right,247,229,291,11,nan,nan,0.36
11/4/2025 21:20:35,1.17.2,Bandit100,16,4.05,nan,20,0,100,RightinTimeout,Right,247,229,291,11,nan,nan,0.00
11/4/2025 21:20:35,1.17.2,Bandit100,16,4.05,nan,20,0,100,RightinTimeout,Right,247,229,291,11,nan,nan,0.00
11/4/2025 21:20:37,1.17.2,Bandit100,16,4.05,nan,20,0,100,RightinTimeout,Right,247,229,291,11,nan,nan,0.00
11/4/2025 22:14:48,1.17.2,Bandit100,16,4.05,nan,20,0,100,Right,Right,247,230,291,11,nan,nan,0.10
11/4/2025 22:14:51,1.17.2,Bandit100,16,4.05,1,20,0,100,Pellet,Right,247,230,292,11,2.81,3792,nan
11/4/2025 22:24:57,1.17.2,Bandit100,16,4.05,nan,20,0,100,Right,Right,247,231,292,12,nan,nan,0.11
11/4/2025 22:25:01,1.17.2,Bandit100,16,4.05,nan,20,0,100,RightWithPellet,Right,247,232,292,12,nan,nan,0.06
11/4/2025 22:25:06,1.17.2,Bandit100,16,4.05,1,20,0,100,Pellet,Right,247,232,293,12,7.96,615,nan
11/4/2025 22:25:59,1.17.2,Bandit100,16,4.05,nan,20,0,100,Right,Right,247,233,293,13,nan,nan,0.08
11/4/2025 22:26:03,1.17.2,Bandit100,16,4.05,1,20,0,100,Pellet,Right,247,233,294,13,3.05,57,nan
11/4/2025 22:26:13,1.17.2,Bandit100,16,4.05,nan,20,0,100,Right,Right,247,234,294,14,nan,nan,0.08
11/4/2025 22:26:17,1.17.2,Bandit100,16,4.05,1,20,0,100,Pellet,Right,247,234,295,14,2.63,14,nan
11/4/2025 22:26:33,1.17.2,Bandit100,16,4.05,nan,20,0,100,Right,Right,247,235,295,15,nan,nan,0.05
11/4/2025 22:26:34,1.17.2,Bandit100,16,4.05,1,20,0,100,Pellet,Right,247,235,296,15,0.41,17,nan
11/4/2025 22:26:40,1.17.2,Bandit100,16,4.05,nan,20,0,100,Right,Right,247,236,296,16,nan,nan,0.06
11/4/2025 22:26:41,1.17.2,Bandit100,16,4.05,1,20,0,100,Pellet,Right,247,236,297,16,0.53,7,nan
11/4/2025 22:26:55,1.17.2,Bandit100,16,4.05,nan,20,0,100,Right,Right,247,237,297,17,nan,nan,0.16
11/4/2025 22:26:57,1.17.2,Bandit100,16,4.05,1,20,0,100,Pellet,Right,247,237,298,17,0.65,15,nan
11/4/2025 22:27:05,1.17.2,Bandit100,16,4.05,nan,20,0,100,Right,Right,247,238,298,18,nan,nan,0.14
11/4/2025 22:27:07,1.17.2,Bandit100,16,4.05,1,20,0,100,Pellet,Right,247,238,299,18,1.13,11,nan
11/4/2025 22:27:18,1.17.2,Bandit100,16,4.05,nan,20,0,100,Right,Right,247,239,299,19,nan,nan,0.07
11/4/2025 22:27:22,1.17.2,Bandit100,16,4.05,2,20,0,100,Pellet,Right,247,239,300,19,1.37,15,nan
11/4/2025 22:27:37,1.17.2,Bandit100,16,4.05,nan,20,100,0,Right,Left,247,240,300,0,nan,nan,0.08
11/4/2025 22:27:38,1.17.2,Bandit100,16,4.05,nan,20,100,0,RightinTimeout,Left,247,240,300,0,nan,nan,0.00
11/4/2025 22:33:46,1.17.2,Bandit100,16,4.05,nan,20,100,0,Left,Left,248,240,300,0,nan,nan,0.07
11/4/2025 22:33:48,1.17.2,Bandit100,16,4.05,1,20,100,0,Pellet,Left,248,240,301,0,1.13,386,nan
11/4/2025 22:34:07,1.17.2,Bandit100,16,4.05,nan,20,100,0,Left,Left,249,240,301,1,nan,nan,0.08
11/4/2025 22:34:08,1.17.2,Bandit100,16,4.05,1,20,100,0,Pellet,Left,249,240,302,1,0.47,20,nan
11/4/2025 22:34:15,1.17.2,Bandit100,16,4.05,nan,20,100,0,Left,Left,250,240,302,2,nan,nan,0.05
11/4/2025 22:34:17,1.17.2,Bandit100,16,4.05,1,20,100,0,Pellet,Left,250,240,303,2,1.01,9,nan
11/4/2025 22:34:26,1.17.2,Bandit100,16,4.05,nan,20,100,0,Left,Left,251,240,303,3,nan,nan,0.07
11/4/2025 22:34:27,1.17.2,Bandit100,16,4.05,1,20,100,0,Pellet,Left,251,240,304,3,0.71,10,nan
11/4/2025 22:34:37,1.17.2,Bandit100,16,4.05,nan,20,100,0,Left,Left,252,240,304,4,nan,nan,0.14
11/4/2025 22:34:38,1.17.2,Bandit100,16,4.05,1,20,100,0,Pellet,Left,252,240,305,4,0.59,11,nan
11/4/2025 22:34:53,1.17.2,Bandit100,16,4.05,nan,20,100,0,Left,Left,253,240,305,5,nan,nan,0.07
11/4/2025 22:34:55,1.17.2,Bandit100,16,4.05,1,20,100,0,Pellet,Left,253,240,306,5,1.31,17,nan
11/4/2025 22:35:05,1.17.2,Bandit100,16,4.05,nan,20,100,0,Left,Left,254,240,306,6,nan,nan,0.02
11/4/2025 22:35:06,1.17.2,Bandit100,16,4.05,1,20,100,0,Pellet,Left,254,240,307,6,0.53,11,nan
11/4/2025 22:35:53,1.17.2,Bandit100,16,4.05,nan,20,100,0,Right,Left,254,241,307,7,nan,nan,0.11
11/4/2025 22:41:03,1.17.2,Bandit100,16,4.05,nan,20,100,0,Left,Left,255,241,307,7,nan,nan,0.05
11/4/2025 22:41:04,1.17.2,Bandit100,16,4.05,1,20,100,0,Pellet,Left,255,241,308,7,0.77,358,nan
11/4/2025 22:41:11,1.17.2,Bandit100,16,4.05,nan,20,100,0,Left,Left,256,241,308,8,nan,nan,0.03
11/4/2025 22:41:13,1.17.2,Bandit100,16,4.05,1,20,100,0,Pellet,Left,256,241,309,8,0.89,9,nan
11/4/2025 22:41:20,1.17.2,Bandit100,16,4.05,nan,20,100,0,Left,Left,257,241,309,9,nan,nan,0.09
11/4/2025 22:41:21,1.17.2,Bandit100,16,4.04,1,20,100,0,Pellet,Left,257,241,310,9,0.83,8,nan
11/4/2025 22:41:33,1.17.2,Bandit100,16,4.05,nan,20,100,0,Left,Left,258,241,310,10,nan,nan,0.09
11/4/2025 22:41:35,1.17.2,Bandit100,16,4.05,1,20,100,0,Pellet,Left,258,241,311,10,0.77,14,nan
11/4/2025 22:41:44,1.17.2,Bandit100,16,4.05,nan,20,100,0,Left,Left,259,241,311,11,nan,nan,0.07
11/4/2025 22:41:45,1.17.2,Bandit100,16,4.04,1,20,100,0,Pellet,Left,259,241,312,11,0.89,10,nan
11/4/2025 22:41:50,1.17.2,Bandit100,16,4.05,nan,20,100,0,Left,Left,260,241,312,12,nan,nan,0.04
11/4/2025 22:41:53,1.17.2,Bandit100,16,4.05,2,20,100,0,Pellet,Left,260,241,313,12,0.47,8,nan
11/4/2025 22:42:15,1.17.2,Bandit100,16,4.05,nan,20,100,0,Left,Left,261,241,313,13,nan,nan,0.06
11/4/2025 22:42:17,1.17.2,Bandit100,16,4.05,1,20,100,0,Pellet,Left,261,241,314,13,0.77,24,nan
11/4/2025 22:42:37,1.17.2,Bandit100,16,4.05,nan,20,100,0,Left,Left,262,241,314,14,nan,nan,0.34
11/4/2025 22:42:39,1.17.2,Bandit100,16,4.05,1,20,100,0,Pellet,Left,262,241,315,14,0.89,22,nan
11/4/2025 23:00:38,1.17.2,Bandit100,16,4.05,nan,20,100,0,Left,Left,263,241,315,15,nan,nan,0.14
11/4/2025 23:00:55,1.17.2,Bandit100,16,4.05,1,20,100,0,Pellet,Left,263,241,316,15,16.01,1096,nan
11/4/2025 23:01:10,1.17.2,Bandit100,16,4.05,nan,20,100,0,Right,Left,263,242,316,16,nan,nan,0.08
11/4/2025 23:18:47,1.17.2,Bandit100,16,4.05,nan,20,100,0,Right,Left,263,243,316,16,nan,nan,0.11
11/4/2025 23:18:53,1.17.2,Bandit100,16,4.05,nan,20,100,0,LeftinTimeOut,Left,263,243,316,16,nan,nan,nan
11/4/2025 23:25:15,1.17.2,Bandit100,16,4.05,nan,20,100,0,Left,Left,264,243,316,16,nan,nan,0.09
11/4/2025 23:25:26,1.17.2,Bandit100,16,4.05,nan,20,100,0,LeftWithPellet,Left,264,243,316,16,nan,nan,0.13
11/4/2025 23:33:41,1.17.2,Bandit100,16,4.05,1,20,100,0,Pellet,Left,264,243,317,16,Timed_out,1966,nan
11/4/2025 23:43:15,1.17.2,Bandit100,16,4.05,nan,20,100,0,Left,Left,265,243,317,17,nan,nan,0.07
11/4/2025 23:43:26,1.17.2,Bandit100,16,4.05,1,20,100,0,Pellet,Left,265,243,318,17,9.53,585,nan
11/4/2025 23:43:37,1.17.2,Bandit100,16,4.05,nan,20,100,0,Right,Left,265,244,318,18,nan,nan,0.15
11/4/2025 23:43:38,1.17.2,Bandit100,16,4.04,nan,20,100,0,RightinTimeout,Left,265,244,318,18,nan,nan,0.00
11/4/2025 23:55:21,1.17.2,Bandit100,16,4.05,nan,20,100,0,Left,Left,266,244,318,18,nan,nan,0.06
11/4/2025 23:55:24,1.17.2,Bandit100,16,4.05,1,20,100,0,Pellet,Left,266,244,319,18,1.31,717,nan
11/4/2025 23:55:36,1.17.2,Bandit100,16,4.05,nan,20,100,0,Left,Left,267,244,319,19,nan,nan,0.00
11/4/2025 23:55:37,1.17.2,Bandit100,16,4.04,1,20,100,0,Pellet,Left,267,244,320,19,0.47,14,nan
11/4/2025 23:55:51,1.17.2,Bandit100,16,4.05,nan,20,0,100,Left,Right,268,244,320,0,nan,nan,0.07
11/4/2025 23:55:52,1.17.2,Bandit100,16,4.05,nan,20,0,100,LeftinTimeOut,Right,268,244,320,0,nan,nan,nan
11/4/2025 23:55:53,1.17.2,Bandit100,16,4.05,nan,20,0,100,LeftinTimeOut,Right,268,244,320,0,nan,nan,nan
11/4/2025 23:55:56,1.17.2,Bandit100,16,4.05,nan,20,0,100,LeftinTimeOut,Right,268,244,320,0,nan,nan,nan
11/4/2025 23:55:58,1.17.2,Bandit100,16,4.05,nan,20,0,100,LeftinTimeOut,Right,268,244,320,0,nan,nan,nan
11/4/2025 23:58:46,1.17.2,Bandit100,16,4.05,nan,20,0,100,Right,Right,268,245,320,0,nan,nan,0.24
11/4/2025 23:58:48,1.17.2,Bandit100,16,4.05,1,20,0,100,Pellet,Right,268,245,321,0,0.71,191,nan
11/4/2025 23:58:54,1.17.2,Bandit100,16,4.05,nan,20,0,100,Right,Right,268,246,321,1,nan,nan,0.07
11/4/2025 23:58:56,1.17.2,Bandit100,16,4.05,1,20,0,100,Pellet,Right,268,246,322,1,1.19,8,nan
11/4/2025 23:59:05,1.17.2,Bandit100,16,4.05,nan,20,0,100,Right,Right,268,247,322,2,nan,nan,0.08
11/4/2025 23:59:07,1.17.2,Bandit100,16,4.05,1,20,0,100,Pellet,Right,268,247,323,2,0.71,11,nan
11/4/2025 23:59:21,1.17.2,Bandit100,16,4.04,nan,20,0,100,Right,Right,268,248,323,3,nan,nan,0.12
11/4/2025 23:59:22,1.17.2,Bandit100,16,4.05,1,20,0,100,Pellet,Right,268,248,324,3,0.65,15,nan
11/4/2025 23:59:32,1.17.2,Bandit100,16,4.05,nan,20,0,100,Right,Right,268,249,324,4,nan,nan,0.03
11/4/2025 23:59:33,1.17.2,Bandit100,16,4.04,1,20,0,100,Pellet,Right,268,249,325,4,0.77,11,nan
11/4/2025 23:59:51,1.17.2,Bandit100,16,4.04,nan,20,0,100,Left,Right,269,249,325,5,nan,nan,0.03
11/5/2025 0:01:07,1.17.2,Bandit100,16,4.04,nan,20,0,100,Right,Right,269,250,325,5,nan,nan,0.28
11/5/2025 0:01:08,1.17.2,Bandit100,16,4.04,1,20,0,100,Pellet,Right,269,250,326,5,0.53,95,nan
11/5/2025 0:01:20,1.17.2,Bandit100,16,4.04,nan,20,0,100,Right,Right,269,251,326,6,nan,nan,0.11
11/5/2025 0:01:20,1.17.2,Bandit100,16,4.04,1,20,0,100,Pellet,Right,269,251,327,6,0.06,12,nan
11/5/2025 0:05:38,1.17.2,Bandit100,16,4.05,nan,20,0,100,Left,Right,270,251,327,7,nan,nan,0.09
11/5/2025 0:05:40,1.17.2,Bandit100,16,4.05,nan,20,0,100,LeftinTimeOut,Right,270,251,327,7,nan,nan,nan
11/5/2025 0:05:40,1.17.2,Bandit100,16,4.05,nan,20,0,100,LeftinTimeOut,Right,270,251,327,7,nan,nan,nan
11/5/2025 1:14:06,1.17.2,Bandit100,16,4.04,nan,20,0,100,Left,Right,271,251,327,7,nan,nan,0.24
11/5/2025 1:14:08,1.17.2,Bandit100,16,4.04,nan,20,0,100,LeftinTimeOut,Right,271,251,327,7,nan,nan,nan
11/5/2025 1:29:39,1.17.2,Bandit100,16,4.04,nan,20,0,100,Right,Right,271,252,327,7,nan,nan,0.11
11/5/2025 1:29:41,1.17.2,Bandit100,16,4.05,1,20,0,100,Pellet,Right,271,252,328,7,0.77,5301,nan
11/5/2025 1:30:57,1.17.2,Bandit100,16,4.04,nan,20,0,100,Right,Right,271,253,328,8,nan,nan,0.10
11/5/2025 1:30:59,1.17.2,Bandit100,16,4.05,1,20,0,100,Pellet,Right,271,253,329,8,0.89,77,nan
11/5/2025 1:31:10,1.17.2,Bandit100,16,4.05,nan,20,0,100,Right,Right,271,254,329,9,nan,nan,0.03
11/5/2025 1:31:11,1.17.2,Bandit100,16,4.04,1,20,0,100,Pellet,Right,271,254,330,9,0.77,13,nan
11/5/2025 1:36:06,1.17.2,Bandit100,16,4.04,nan,20,0,100,Left,Right,272,254,330,10,nan,nan,0.06
11/5/2025 1:36:08,1.17.2,Bandit100,16,4.05,nan,20,0,100,RightinTimeout,Right,272,254,330,10,nan,nan,0.00
11/5/2025 1:36:09,1.17.2,Bandit100,16,4.04,nan,20,0,100,RightinTimeout,Right,272,254,330,10,nan,nan,0.00
11/5/2025 1:36:16,1.17.2,Bandit100,16,4.04,nan,20,0,100,RightinTimeout,Right,272,254,330,10,nan,nan,0.00
11/5/2025 1:43:19,1.17.2,Bandit100,16,4.05,nan,20,0,100,Right,Right,272,255,330,10,nan,nan,0.16
11/5/2025 1:43:21,1.17.2,Bandit100,16,4.04,1,20,0,100,Pellet,Right,272,255,331,10,0.77,730,nan
11/5/2025 1:43:26,1.17.2,Bandit100,16,4.05,nan,20,0,100,Right,Right,272,256,331,11,nan,nan,0.10
11/5/2025 1:43:27,1.17.2,Bandit100,16,4.04,1,20,0,100,Pellet,Right,272,256,332,11,0.41,6,nan
11/5/2025 1:43:37,1.17.2,Bandit100,16,4.05,nan,20,0,100,Right,Right,272,257,332,12,nan,nan,0.03
11/5/2025 1:43:38,1.17.2,Bandit100,16,4.04,1,20,0,100,Pellet,Right,272,257,333,12,0.47,11,nan
11/5/2025 1:43:51,1.17.2,Bandit100,16,4.04,nan,20,0,100,Right,Right,272,258,333,13,nan,nan,0.04
11/5/2025 1:43:56,1.17.2,Bandit100,16,4.04,1,20,0,100,Pellet,Right,272,258,334,13,4.61,18,nan
11/5/2025 1:44:09,1.17.2,Bandit100,16,4.04,nan,20,0,100,Right,Right,272,259,334,14,nan,nan,0.00
11/5/2025 1:44:10,1.17.2,Bandit100,16,4.04,1,20,0,100,Pellet,Right,272,259,335,14,0.06,14,nan
11/5/2025 1:44:18,1.17.2,Bandit100,16,4.04,nan,20,0,100,Right,Right,272,260,335,15,nan,nan,0.10
11/5/2025 1:44:20,1.17.2,Bandit100,16,4.04,1,20,0,100,Pellet,Right,272,260,336,15,0.59,10,nan
11/5/2025 1:44:33,1.17.2,Bandit100,16,4.04,nan,20,0,100,Right,Right,272,261,336,16,nan,nan,0.20
11/5/2025 1:44:35,1.17.2,Bandit100,16,4.04,1,20,0,100,Pellet,Right,272,261,337,16,0.83,15,nan
11/5/2025 1:44:47,1.17.2,Bandit100,16,4.05,nan,20,0,100,Right,Right,272,262,337,17,nan,nan,0.07
11/5/2025 1:44:48,1.17.2,Bandit100,16,4.04,1,20,0,100,Pellet,Right,272,262,338,17,0.47,13,nan
11/5/2025 1:44:56,1.17.2,Bandit100,16,4.04,nan,20,0,100,Right,Right,272,263,338,18,nan,nan,0.08
11/5/2025 1:44:58,1.17.2,Bandit100,16,4.04,1,20,0,100,Pellet,Right,272,263,339,18,0.59,10,nan
11/5/2025 1:45:13,1.17.2,Bandit100,16,4.04,nan,20,0,100,Right,Right,272,264,339,19,nan,nan,0.11
11/5/2025 1:45:14,1.17.2,Bandit100,16,4.04,1,20,0,100,Pellet,Right,272,264,340,19,0.47,16,nan
11/5/2025 1:45:29,1.17.2,Bandit100,16,4.04,nan,20,100,0,Right,Left,272,265,340,0,nan,nan,0.10
11/5/2025 1:45:31,1.17.2,Bandit100,16,4.04,nan,20,100,0,RightinTimeout,Left,272,265,340,0,nan,nan,0.00
11/5/2025 1:45:32,1.17.2,Bandit100,16,4.04,nan,20,100,0,RightinTimeout,Left,272,265,340,0,nan,nan,0.00
11/5/2025 1:45:33,1.17.2,Bandit100,16,4.04,nan,20,100,0,RightinTimeout,Left,272,265,340,0,nan,nan,0.00
11/5/2025 1:45:35,1.17.2,Bandit100,16,4.04,nan,20,100,0,RightinTimeout,Left,272,265,340,0,nan,nan,0.00
11/5/2025 1:45:37,1.17.2,Bandit100,16,4.04,nan,20,100,0,RightinTimeout,Left,272,265,340,0,nan,nan,0.00
11/5/2025 1:45:42,1.17.2,Bandit100,16,4.04,nan,20,100,0,RightinTimeout,Left,272,265,340,0,nan,nan,0.00
11/5/2025 1:45:44,1.17.2,Bandit100,16,4.05,nan,20,100,0,RightinTimeout,Left,272,265,340,0,nan,nan,0.00
11/5/2025 1:45:45,1.17.2,Bandit100,16,4.05,nan,20,100,0,RightinTimeout,Left,272,265,340,0,nan,nan,0.00
11/5/2025 2:33:36,1.17.2,Bandit100,16,4.04,nan,20,100,0,Right,Left,272,266,340,0,nan,nan,0.30
11/5/2025 2:33:38,1.17.2,Bandit100,16,4.04,nan,20,100,0,RightinTimeout,Left,272,266,340,0,nan,nan,0.00
11/5/2025 2:36:49,1.17.2,Bandit100,16,4.04,nan,20,100,0,Left,Left,273,266,340,0,nan,nan,0.14
11/5/2025 2:36:51,1.17.2,Bandit100,16,4.05,1,20,100,0,Pellet,Left,273,266,341,0,1.55,3097,nan
11/5/2025 2:39:08,1.17.2,Bandit100,16,4.04,nan,20,100,0,Right,Left,273,267,341,1,nan,nan,0.20
11/5/2025 2:43:12,1.17.2,Bandit100,16,4.04,nan,20,100,0,Left,Left,274,267,341,1,nan,nan,0.02
11/5/2025 2:43:14,1.17.2,Bandit100,16,4.03,2,20,100,0,Pellet,Left,274,267,342,1,0.06,383,nan
11/5/2025 2:43:23,1.17.2,Bandit100,16,4.03,nan,20,100,0,Left,Left,275,267,342,2,nan,nan,0.08
11/5/2025 2:43:24,1.17.2,Bandit100,16,4.04,1,20,100,0,Pellet,Left,275,267,343,2,0.77,10,nan
11/5/2025 2:43:34,1.17.2,Bandit100,16,4.04,nan,20,100,0,Left,Left,276,267,343,3,nan,nan,0.07
11/5/2025 2:43:35,1.17.2,Bandit100,16,4.03,1,20,100,0,Pellet,Left,276,267,344,3,0.06,11,nan
11/5/2025 2:43:50,1.17.2,Bandit100,16,4.04,nan,20,100,0,Right,Left,276,268,344,4,nan,nan,0.10
11/5/2025 2:43:54,1.17.2,Bandit100,16,4.05,nan,20,100,0,LeftinTimeOut,Left,276,268,344,4,nan,nan,nan
11/5/2025 2:43:56,1.17.2,Bandit100,16,4.04,nan,20,100,0,LeftinTimeOut,Left,276,268,344,4,nan,nan,nan
11/5/2025 3:19:19,1.17.2,Bandit100,16,4.04,nan,20,100,0,Right,Left,276,269,344,4,nan,nan,0.09
11/5/2025 3:24:59,1.17.2,Bandit100,16,4.04,nan,20,100,0,Right,Left,276,270,344,4,nan,nan,0.09
11/5/2025 3:25:00,1.17.2,Bandit100,16,4.03,nan,20,100,0,RightinTimeout,Left,276,270,344,4,nan,nan,0.00
11/5/2025 3:42:33,1.17.2,Bandit100,16,4.04,nan,20,100,0,Left,Left,277,270,344,4,nan,nan,0.18
11/5/2025 3:42:35,1.17.2,Bandit100,16,4.03,1,20,100,0,Pellet,Left,277,270,345,4,1.01,3540,nan
11/5/2025 3:50:13,1.17.2,Bandit100,16,4.04,nan,20,100,0,Left,Left,278,270,345,5,nan,nan,0.20
11/5/2025 3:50:15,1.17.2,Bandit100,16,4.04,1,20,100,0,Pellet,Left,278,270,346,5,0.65,460,nan
11/5/2025 3:50:32,1.17.2,Bandit100,16,4.03,nan,20,100,0,Left,Left,279,270,346,6,nan,nan,0.08
11/5/2025 3:50:33,1.17.2,Bandit100,16,4.04,1,20,100,0,Pellet,Left,279,270,347,6,0.71,18,nan
11/5/2025 3:50:43,1.17.2,Bandit100,16,4.04,nan,20,100,0,Left,Left,280,270,347,7,nan,nan,0.23
11/5/2025 3:50:46,1.17.2,Bandit100,16,4.03,1,20,100,0,Pellet,Left,280,270,348,7,1.91,12,nan
11/5/2025 3:51:00,1.17.2,Bandit100,16,4.04,nan,20,100,0,Left,Left,281,270,348,8,nan,nan,0.06
11/5/2025 3:51:02,1.17.2,Bandit100,16,4.03,1,20,100,0,Pellet,Left,281,270,349,8,0.71,17,nan
11/5/2025 3:51:24,1.17.2,Bandit100,16,4.04,nan,20,100,0,Left,Left,282,270,349,9,nan,nan,0.15
11/5/2025 3:51:26,1.17.2,Bandit100,16,4.03,1,20,100,0,Pellet,Left,282,270,350,9,0.89,24,nan
11/5/2025 3:51:41,1.17.2,Bandit100,16,4.03,nan,20,100,0,Left,Left,283,270,350,10,nan,nan,0.09
11/5/2025 3:51:42,1.17.2,Bandit100,16,4.03,1,20,100,0,Pellet,Left,283,270,351,10,0.53,16,nan
11/5/2025 3:51:50,1.17.2,Bandit100,16,4.04,nan,20,100,0,Left,Left,284,270,351,11,nan,nan,0.02
11/5/2025 3:51:51,1.17.2,Bandit100,16,4.03,1,20,100,0,Pellet,Left,284,270,352,11,0.71,9,nan
11/5/2025 3:52:14,1.17.2,Bandit100,16,4.04,nan,20,100,0,Left,Left,285,270,352,12,nan,nan,0.06
11/5/2025 3:52:15,1.17.2,Bandit100,16,4.04,1,20,100,0,Pellet,Left,285,270,353,12,0.47,24,nan
11/5/2025 3:52:31,1.17.2,Bandit100,16,4.04,nan,20,100,0,Left,Left,286,270,353,13,nan,nan,0.06
11/5/2025 3:52:32,1.17.2,Bandit100,16,4.04,1,20,100,0,Pellet,Left,286,270,354,13,0.41,17,nan
11/5/2025 3:52:39,1.17.2,Bandit100,16,4.04,nan,20,100,0,Left,Left,287,270,354,14,nan,nan,0.04
11/5/2025 3:52:41,1.17.2,Bandit100,16,4.04,1,20,100,0,Pellet,Left,287,270,355,14,0.59,9,nan
11/5/2025 3:52:57,1.17.2,Bandit100,16,4.04,nan,20,100,0,Left,Left,288,270,355,15,nan,nan,0.27
11/5/2025 3:52:58,1.17.2,Bandit100,16,4.03,1,20,100,0,Pellet,Left,288,270,356,15,0.47,17,nan
11/5/2025 3:53:14,1.17.2,Bandit100,16,4.03,nan,20,100,0,Left,Left,289,270,356,16,nan,nan,0.07
11/5/2025 3:53:16,1.17.2,Bandit100,16,4.03,1,20,100,0,Pellet,Left,289,270,357,16,0.59,18,nan
11/5/2025 4:03:38,1.17.2,Bandit100,16,4.03,nan,20,100,0,Right,Left,289,271,357,17,nan,nan,0.04
11/5/2025 4:04:47,1.17.2,Bandit100,16,4.04,nan,20,100,0,Right,Left,289,272,357,17,nan,nan,0.13
11/5/2025 4:13:38,1.17.2,Bandit100,16,4.03,nan,20,100,0,Left,Left,290,272,357,17,nan,nan,0.14
11/5/2025 4:15:29,1.17.2,Bandit100,16,4.04,1,20,100,0,Pellet,Left,290,272,358,17,Timed_out,1333,nan
11/5/2025 4:15:40,1.17.2,Bandit100,16,4.03,nan,20,100,0,Left,Left,291,272,358,18,nan,nan,0.05
11/5/2025 4:15:42,1.17.2,Bandit100,16,4.03,1,20,100,0,Pellet,Left,291,272,359,18,0.89,13,nan
11/5/2025 4:15:52,1.17.2,Bandit100,16,4.04,nan,20,100,0,Left,Left,292,272,359,19,nan,nan,0.05
11/5/2025 4:15:53,1.17.2,Bandit100,16,4.03,1,20,100,0,Pellet,Left,292,272,360,19,0.35,11,nan
11/5/2025 4:16:06,1.17.2,Bandit100,16,4.04,nan,20,0,100,Left,Right,293,272,360,0,nan,nan,0.05
11/5/2025 4:16:09,1.17.2,Bandit100,16,4.03,nan,20,0,100,LeftinTimeOut,Right,293,272,360,0,nan,nan,nan
11/5/2025 4:16:10,1.17.2,Bandit100,16,4.03,nan,20,0,100,LeftinTimeOut,Right,293,272,360,0,nan,nan,nan
11/5/2025 4:16:11,1.17.2,Bandit100,16,4.04,nan,20,0,100,LeftinTimeOut,Right,293,272,360,0,nan,nan,nan
11/5/2025 4:16:11,1.17.2,Bandit100,16,4.03,nan,20,0,100,LeftinTimeOut,Right,293,272,360,0,nan,nan,nan
11/5/2025 4:16:14,1.17.2,Bandit100,16,4.04,nan,20,0,100,LeftinTimeOut,Right,293,272,360,0,nan,nan,nan
11/5/2025 4:17:28,1.17.2,Bandit100,16,4.04,nan,20,0,100,Right,Right,293,273,360,0,nan,nan,0.09
11/5/2025 4:17:30,1.17.2,Bandit100,16,4.03,1,20,0,100,Pellet,Right,293,273,361,0,1.01,97,nan
11/5/2025 4:17:36,1.17.2,Bandit100,16,4.04,nan,20,0,100,Right,Right,293,274,361,1,nan,nan,0.08
11/5/2025 4:17:38,1.17.2,Bandit100,16,4.04,1,20,0,100,Pellet,Right,293,274,362,1,0.77,8,nan
11/5/2025 4:17:43,1.17.2,Bandit100,16,4.04,nan,20,0,100,Right,Right,293,275,362,2,nan,nan,0.09
11/5/2025 4:17:45,1.17.2,Bandit100,16,4.04,1,20,0,100,Pellet,Right,293,275,363,2,1.67,7,nan
11/5/2025 4:18:01,1.17.2,Bandit100,16,4.04,nan,20,0,100,Right,Right,293,276,363,3,nan,nan,0.07
11/5/2025 4:18:02,1.17.2,Bandit100,16,4.03,1,20,0,100,Pellet,Right,293,276,364,3,0.47,17,nan
11/5/2025 4:18:11,1.17.2,Bandit100,16,4.04,nan,20,0,100,Right,Right,293,277,364,4,nan,nan,0.04
11/5/2025 4:18:12,1.17.2,Bandit100,16,4.03,1,20,0,100,Pellet,Right,293,277,365,4,0.77,10,nan
11/5/2025 4:18:31,1.17.2,Bandit100,16,4.03,nan,20,0,100,Right,Right,293,278,365,5,nan,nan,0.05
11/5/2025 4:18:33,1.17.2,Bandit100,16,4.03,1,20,0,100,Pellet,Right,293,278,366,5,0.59,21,nan
11/5/2025 4:18:42,1.17.2,Bandit100,16,4.03,nan,20,0,100,Right,Right,293,279,366,6,nan,nan,0.03
11/5/2025 4:18:43,1.17.2,Bandit100,16,4.03,1,20,0,100,Pellet,Right,293,279,367,6,0.65,10,nan
11/5/2025 4:18:57,1.17.2,Bandit100,16,4.03,nan,20,0,100,Right,Right,293,280,367,7,nan,nan,0.09
11/5/2025 4:18:58,1.17.2,Bandit100,16,4.03,1,20,0,100,Pellet,Right,293,280,368,7,0.35,15,nan
11/5/2025 4:19:05,1.17.2,Bandit100,16,4.04,nan,20,0,100,Right,Right,293,281,368,8,nan,nan,0.09
11/5/2025 4:19:07,1.17.2,Bandit100,16,4.03,1,20,0,100,Pellet,Right,293,281,369,8,0.59,9,nan
11/5/2025 4:19:13,1.17.2,Bandit100,16,4.03,nan,20,0,100,Right,Right,293,282,369,9,nan,nan,0.09
11/5/2025 4:19:14,1.17.2,Bandit100,16,4.04,1,20,0,100,Pellet,Right,293,282,370,9,0.53,7,nan
11/5/2025 4:23:53,1.17.2,Bandit100,16,4.03,nan,20,0,100,Right,Right,293,283,370,10,nan,nan,0.08
11/5/2025 4:23:56,1.17.2,Bandit100,16,4.03,1,20,0,100,Pellet,Right,293,283,371,10,2.57,282,nan
11/5/2025 4:24:06,1.17.2,Bandit100,16,4.04,nan,20,0,100,Right,Right,293,284,371,11,nan,nan,0.07
11/5/2025 4:24:08,1.17.2,Bandit100,16,4.03,1,20,0,100,Pellet,Right,293,284,372,11,0.77,12,nan
11/5/2025 4:24:20,1.17.2,Bandit100,16,4.03,nan,20,0,100,Right,Right,293,285,372,12,nan,nan,0.06
11/5/2025 4:24:21,1.17.2,Bandit100,16,4.03,1,20,0,100,Pellet,Right,293,285,373,12,0.06,13,nan
11/5/2025 4:39:17,1.17.2,Bandit100,16,4.03,nan,20,0,100,Left,Right,294,285,373,13,nan,nan,0.31
11/5/2025 4:39:22,1.17.2,Bandit100,16,4.03,nan,20,0,100,LeftinTimeOut,Right,294,285,373,13,nan,nan,nan
11/5/2025 4:39:24,1.17.2,Bandit100,16,4.03,nan,20,0,100,LeftinTimeOut,Right,294,285,373,13,nan,nan,nan
11/5/2025 4:39:25,1.17.2,Bandit100,16,4.03,nan,20,0,100,LeftinTimeOut,Right,294,285,373,13,nan,nan,nan
11/5/2025 4:45:56,1.17.2,Bandit100,16,4.03,nan,20,0,100,Left,Right,295,285,373,13,nan,nan,0.04
11/5/2025 4:45:57,1.17.2,Bandit100,16,4.03,nan,20,0,100,LeftinTimeOut,Right,295,285,373,13,nan,nan,nan
11/5/2025 4:45:58,1.17.2,Bandit100,16,4.04,nan,20,0,100,LeftinTimeOut,Right,295,285,373,13,nan,nan,nan
11/5/2025 4:51:31,1.17.2,Bandit100,16,4.03,nan,20,0,100,Left,Right,296,285,373,13,nan,nan,0.16
11/5/2025 4:59:42,1.17.2,Bandit100,16,4.03,nan,20,0,100,Right,Right,296,286,373,13,nan,nan,0.09
11/5/2025 4:59:44,1.17.2,Bandit100,16,4.03,1,20,0,100,Pellet,Right,296,286,374,13,1.19,2123,nan
11/5/2025 4:59:56,1.17.2,Bandit100,16,4.03,nan,20,0,100,Right,Right,296,287,374,14,nan,nan,0.07
11/5/2025 4:59:58,1.17.2,Bandit100,16,4.03,1,20,0,100,Pellet,Right,296,287,375,14,0.53,14,nan
11/5/2025 5:00:11,1.17.2,Bandit100,16,4.03,nan,20,0,100,Right,Right,296,288,375,15,nan,nan,0.06
11/5/2025 5:00:13,1.17.2,Bandit100,16,4.03,1,20,0,100,Pellet,Right,296,288,376,15,1.31,15,nan
11/5/2025 5:00:27,1.17.2,Bandit100,16,4.03,nan,20,0,100,Right,Right,296,289,376,16,nan,nan,0.04
11/5/2025 5:00:29,1.17.2,Bandit100,16,4.03,1,20,0,100,Pellet,Right,296,289,377,16,0.41,16,nan
11/5/2025 5:00:35,1.17.2,Bandit100,16,4.04,nan,20,0,100,Right,Right,296,290,377,17,nan,nan,0.05
11/5/2025 5:00:37,1.17.2,Bandit100,16,4.04,1,20,0,100,Pellet,Right,296,290,378,17,0.59,8,nan
11/5/2025 5:12:38,1.17.2,Bandit100,16,4.04,nan,20,0,100,Left,Right,297,290,378,18,nan,nan,0.06
11/5/2025 5:12:51,1.17.2,Bandit100,16,4.04,nan,20,0,100,Left,Right,298,290,378,18,nan,nan,0.37
11/5/2025 5:13:42,1.17.2,Bandit100,16,4.03,nan,20,0,100,Right,Right,298,291,378,18,nan,nan,0.07
11/5/2025 5:13:44,1.17.2,Bandit100,16,4.03,1,20,0,100,Pellet,Right,298,291,379,18,0.65,787,nan
11/5/2025 5:13:57,1.17.2,Bandit100,16,4.04,nan,20,0,100,Right,Right,298,292,379,19,nan,nan,0.11
11/5/2025 5:13:58,1.17.2,Bandit100,16,4.03,2,20,0,100,Pellet,Right,298,292,380,19,0.06,14,nan
11/5/2025 5:14:19,1.17.2,Bandit100,16,4.03,nan,20,100,0,Right,Left,298,293,380,0,nan,nan,0.04
11/5/2025 5:14:23,1.17.2,Bandit100,16,4.03,nan,20,100,0,RightinTimeout,Left,298,293,380,0,nan,nan,0.00
11/5/2025 6:05:20,1.17.2,Bandit100,16,4.03,nan,20,100,0,Right,Left,298,294,380,0,nan,nan,0.15
11/5/2025 6:05:21,1.17.2,Bandit100,16,4.03,nan,20,100,0,RightinTimeout,Left,298,294,380,0,nan,nan,0.00
11/5/2025 6:05:22,1.17.2,Bandit100,16,4.03,nan,20,100,0,RightinTimeout,Left,298,294,380,0,nan,nan,0.00
11/5/2025 6:16:23,1.17.2,Bandit100,16,4.03,nan,20,100,0,Left,Left,299,294,380,0,nan,nan,0.04
11/5/2025 6:16:23,1.17.2,Bandit100,16,4.03,1,20,100,0,Pellet,Left,299,294,381,0,0.06,3745,nan
11/5/2025 6:16:34,1.17.2,Bandit100,16,4.03,nan,20,100,0,Left,Left,300,294,381,1,nan,nan,0.09
11/5/2025 6:16:35,1.17.2,Bandit100,16,4.03,1,20,100,0,Pellet,Left,300,294,382,1,0.59,12,nan
11/5/2025 6:16:44,1.17.2,Bandit100,16,4.03,nan,20,100,0,Left,Left,301,294,382,2,nan,nan,0.07
11/5/2025 6:16:47,1.17.2,Bandit100,16,4.03,2,20,100,0,Pellet,Left,301,294,383,2,0.59,12,nan
11/5/2025 6:16:57,1.17.2,Bandit100,16,4.03,nan,20,100,0,Left,Left,302,294,383,3,nan,nan,0.12
11/5/2025 6:16:58,1.17.2,Bandit100,16,4.03,1,20,100,0,Pellet,Left,302,294,384,3,0.47,11,nan
11/5/2025 6:17:06,1.17.2,Bandit100,16,4.03,nan,20,100,0,Left,Left,303,294,384,4,nan,nan,0.05
11/5/2025 6:17:08,1.17.2,Bandit100,16,4.04,1,20,100,0,Pellet,Left,303,294,385,4,0.47,10,nan
11/5/2025 6:17:34,1.17.2,Bandit100,16,4.03,nan,20,100,0,Left,Left,304,294,385,5,nan,nan,0.20
11/5/2025 6:17:35,1.17.2,Bandit100,16,4.03,1,20,100,0,Pellet,Left,304,294,386,5,0.47,27,nan
11/5/2025 6:17:49,1.17.2,Bandit100,16,4.03,nan,20,100,0,Left,Left,305,294,386,6,nan,nan,0.11
11/5/2025 6:17:50,1.17.2,Bandit100,16,4.03,1,20,100,0,Pellet,Left,305,294,387,6,0.47,15,nan
11/5/2025 6:18:08,1.17.2,Bandit100,16,4.03,nan,20,100,0,Left,Left,306,294,387,7,nan,nan,0.05
11/5/2025 6:18:09,1.17.2,Bandit100,16,4.03,1,20,100,0,Pellet,Left,306,294,388,7,0.65,19,nan
11/5/2025 6:22:11,1.17.2,Bandit100,16,4.03,nan,20,100,0,Right,Left,306,295,388,8,nan,nan,0.05
11/5/2025 6:22:11,1.17.2,Bandit100,16,4.03,nan,20,100,0,RightinTimeout,Left,306,295,388,8,nan,nan,0.00
11/5/2025 6:22:13,1.17.2,Bandit100,16,4.03,nan,20,100,0,RightinTimeout,Left,306,295,388,8,nan,nan,0.00
11/5/2025 6:30:58,1.17.2,Bandit100,16,4.03,nan,20,100,0,Left,Left,307,295,388,8,nan,nan,0.13
11/5/2025 6:30:59,1.17.2,Bandit100,16,4.03,1,20,100,0,Pellet,Left,307,295,389,8,0.77,770,nan
11/5/2025 6:31:24,1.17.2,Bandit100,16,4.03,nan,20,100,0,Right,Left,307,296,389,9,nan,nan,0.10
11/5/2025 6:31:29,1.17.2,Bandit100,16,4.03,nan,20,100,0,RightinTimeout,Left,307,296,389,9,nan,nan,0.00
11/5/2025 6:31:30,1.17.2,Bandit100,16,4.03,nan,20,100,0,RightinTimeout,Left,307,296,389,9,nan,nan,0.00
11/5/2025 6:31:31,1.17.2,Bandit100,16,4.03,nan,20,100,0,RightinTimeout,Left,307,296,389,9,nan,nan,0.00
11/5/2025 6:31:34,1.17.2,Bandit100,16,4.03,nan,20,100,0,RightinTimeout,Left,307,296,389,9,nan,nan,0.00
11/5/2025 6:31:34,1.17.2,Bandit100,16,4.03,nan,20,100,0,RightinTimeout,Left,307,296,389,9,nan,nan,0.00
11/5/2025 6:31:35,1.17.2,Bandit100,16,4.03,nan,20,100,0,RightinTimeout,Left,307,296,389,9,nan,nan,0.00
11/5/2025 6:31:37,1.17.2,Bandit100,16,4.03,nan,20,100,0,RightinTimeout,Left,307,296,389,9,nan,nan,0.00
11/5/2025 7:31:32,1.17.2,Bandit100,16,4.03,nan,20,100,0,Right,Left,307,297,389,9,nan,nan,0.25
11/5/2025 7:31:42,1.17.2,Bandit100,16,4.03,nan,20,100,0,RightinTimeout,Left,307,297,389,9,nan,nan,0.00
11/5/2025 7:31:52,1.17.2,Bandit100,16,4.03,nan,20,100,0,LeftinTimeOut,Left,307,297,389,9,nan,nan,nan
11/5/2025 8:24:05,1.17.2,Bandit100,16,4.03,nan,20,100,0,Right,Left,307,298,389,9,nan,nan,0.21
11/5/2025 8:24:12,1.17.2,Bandit100,16,4.03,nan,20,100,0,RightinTimeout,Left,307,298,389,9,nan,nan,0.00
11/5/2025 11:16:14,1.17.2,Bandit100,16,4.03,nan,20,100,0,Right,Left,307,299,389,9,nan,nan,0.05
11/5/2025 11:16:15,1.17.2,Bandit100,16,4.03,nan,20,100,0,RightinTimeout,Left,307,299,389,9,nan,nan,0.00
11/5/2025 11:16:18,1.17.2,Bandit100,16,4.03,nan,20,100,0,RightinTimeout,Left,307,299,389,9,nan,nan,0.00
11/5/2025 11:16:27,1.17.2,Bandit100,16,4.02,nan,20,100,0,RightinTimeout,Left,307,299,389,9,nan,nan,0.00
11/5/2025 11:22:09,1.17.2,Bandit100,16,4.03,nan,20,100,0,Left,Left,308,299,389,9,nan,nan,0.64
11/5/2025 11:22:10,1.17.2,Bandit100,16,4.02,1,20,100,0,Pellet,Left,308,299,390,9,0.06,17471,nan
11/5/2025 11:22:21,1.17.2,Bandit100,16,4.02,nan,20,100,0,Left,Left,309,299,390,10,nan,nan,0.35
11/5/2025 11:22:22,1.17.2,Bandit100,16,4.02,1,20,100,0,Pellet,Left,309,299,391,10,0.53,12,nan
11/5/2025 11:22:32,1.17.2,Bandit100,16,4.02,nan,20,100,0,Left,Left,310,299,391,11,nan,nan,0.17
11/5/2025 11:22:34,1.17.2,Bandit100,16,4.02,1,20,100,0,Pellet,Left,310,299,392,11,0.59,12,nan
11/5/2025 11:22:59,1.17.2,Bandit100,16,4.02,nan,20,100,0,Left,Left,311,299,392,12,nan,nan,0.20
11/5/2025 11:23:00,1.17.2,Bandit100,16,4.02,1,20,100,0,Pellet,Left,311,299,393,12,0.83,26,nan
11/5/2025 11:23:08,1.17.2,Bandit100,16,4.03,nan,20,100,0,Left,Left,312,299,393,13,nan,nan,0.14
11/5/2025 11:23:09,1.17.2,Bandit100,16,4.02,1,20,100,0,Pellet,Left,312,299,394,13,0.06,9,nan
11/5/2025 11:23:23,1.17.2,Bandit100,16,4.03,nan,20,100,0,Left,Left,313,299,394,14,nan,nan,0.12
11/5/2025 11:23:26,1.17.2,Bandit100,16,4.02,1,20,100,0,Pellet,Left,313,299,395,14,2.03,17,nan
11/5/2025 11:23:42,1.17.2,Bandit100,16,4.03,nan,20,100,0,Left,Left,314,299,395,15,nan,nan,0.25
11/5/2025 11:23:43,1.17.2,Bandit100,16,4.03,1,20,100,0,Pellet,Left,314,299,396,15,0.35,17,nan
11/5/2025 11:23:58,1.17.2,Bandit100,16,4.02,nan,20,100,0,Left,Left,315,299,396,16,nan,nan,0.08
11/5/2025 11:23:59,1.17.2,Bandit100,16,4.02,1,20,100,0,Pellet,Left,315,299,397,16,0.41,16,nan
11/5/2025 11:27:19,1.17.2,Bandit100,16,4.02,nan,20,100,0,Left,Left,316,299,397,17,nan,nan,0.04
11/5/2025 11:27:21,1.17.2,Bandit100,16,4.02,1,20,100,0,Pellet,Left,316,299,398,17,0.83,202,nan
11/5/2025 14:46:37,1.17.2,Bandit100,16,4.02,nan,20,100,0,Right,Left,316,300,398,18,nan,nan,0.36
11/5/2025 15:02:27,1.17.2,Bandit100,16,4.02,nan,20,100,0,Left,Left,317,300,398,18,nan,nan,0.05
11/5/2025 15:02:28,1.17.2,Bandit100,16,4.02,1,20,100,0,Pellet,Left,317,300,399,18,0.89,12907,nan
11/5/2025 15:02:41,1.17.2,Bandit100,16,4.02,nan,20,100,0,Left,Left,318,300,399,19,nan,nan,0.20
11/5/2025 15:02:42,1.17.2,Bandit100,16,4.02,1,20,100,0,Pellet,Left,318,300,400,19,0.47,14,nan
11/5/2025 15:02:56,1.17.2,Bandit100,16,4.03,nan,20,0,100,Left,Right,319,300,400,0,nan,nan,0.11
11/5/2025 15:02:57,1.17.2,Bandit100,16,4.02,nan,20,0,100,LeftinTimeOut,Right,319,300,400,0,nan,nan,nan
11/5/2025 15:02:59,1.17.2,Bandit100,16,4.02,nan,20,0,100,LeftinTimeOut,Right,319,300,400,0,nan,nan,nan
11/5/2025 15:03:00,1.17.2,Bandit100,16,4.02,nan,20,0,100,LeftinTimeOut,Right,319,300,400,0,nan,nan,nan
11/5/2025 15:03:29,1.17.2,Bandit100,16,4.02,nan,20,0,100,Right,Right,319,301,400,0,nan,nan,0.20
11/5/2025 15:03:30,1.17.2,Bandit100,16,4.02,1,20,0,100,Pellet,Right,319,301,401,0,0.59,48,nan
11/5/2025 15:03:42,1.17.2,Bandit100,16,4.02,nan,20,0,100,Right,Right,319,302,401,1,nan,nan,0.19
11/5/2025 15:03:44,1.17.2,Bandit100,16,4.02,1,20,0,100,Pellet,Right,319,302,402,1,1.07,14,nan
11/5/2025 15:04:45,1.17.2,Bandit100,16,4.02,nan,20,0,100,Right,Right,319,303,402,2,nan,nan,0.25
11/5/2025 15:04:46,1.17.2,Bandit100,16,4.02,1,20,0,100,Pellet,Right,319,303,403,2,0.06,62,nan
11/5/2025 15:05:00,1.17.2,Bandit100,16,4.02,nan,20,0,100,Right,Right,319,304,403,3,nan,nan,0.09
11/5/2025 15:05:01,1.17.2,Bandit100,16,4.02,1,20,0,100,Pellet,Right,319,304,404,3,0.59,15,nan
11/5/2025 15:05:12,1.17.2,Bandit100,16,4.02,nan,20,0,100,Right,Right,319,305,404,4,nan,nan,0.25
11/5/2025 15:05:13,1.17.2,Bandit100,16,4.02,1,20,0,100,Pellet,Right,319,305,405,4,0.47,12,nan
11/5/2025 15:05:19,1.17.2,Bandit100,16,4.02,nan,20,0,100,Right,Right,319,306,405,5,nan,nan,0.20
11/5/2025 15:05:21,1.17.2,Bandit100,16,4.02,1,20,0,100,Pellet,Right,319,306,406,5,0.77,8,nan
11/5/2025 17:07:08,1.17.2,Bandit100,16,4.02,nan,20,0,100,Left,Right,320,306,406,6,nan,nan,0.09
11/5/2025 17:07:14,1.17.2,Bandit100,16,4.02,nan,20,0,100,LeftinTimeOut,Right,320,306,406,6,nan,nan,nan
11/5/2025 17:07:15,1.17.2,Bandit100,16,4.02,nan,20,0,100,LeftinTimeOut,Right,320,306,406,6,nan,nan,nan
11/5/2025 17:07:52,1.17.2,Bandit100,16,4.02,nan,20,0,100,Right,Right,320,307,406,6,nan,nan,0.30
11/5/2025 17:07:53,1.17.2,Bandit100,16,4.02,1,20,0,100,Pellet,Right,320,307,407,6,0.65,7352,nan
11/5/2025 17:08:04,1.17.2,Bandit100,16,4.01,nan,20,0,100,Right,Right,320,308,407,7,nan,nan,0.13
11/5/2025 17:08:06,1.17.2,Bandit100,16,4.02,1,20,0,100,Pellet,Right,320,308,408,7,0.83,13,nan
11/5/2025 17:08:29,1.17.2,Bandit100,16,4.01,nan,20,0,100,Right,Right,320,309,408,8,nan,nan,0.11
11/5/2025 17:08:30,1.17.2,Bandit100,16,4.02,1,20,0,100,Pellet,Right,320,309,409,8,0.35,24,nan
11/5/2025 17:08:45,1.17.2,Bandit100,16,4.02,nan,20,0,100,Right,Right,320,310,409,9,nan,nan,0.42
11/5/2025 17:08:46,1.17.2,Bandit100,16,4.02,1,20,0,100,Pellet,Right,320,310,410,9,0.35,16,nan
11/5/2025 17:09:11,1.17.2,Bandit100,16,4.02,nan,20,0,100,Right,Right,320,311,410,10,nan,nan,0.17
11/5/2025 17:09:12,1.17.2,Bandit100,16,4.02,1,20,0,100,Pellet,Right,320,311,411,10,0.77,26,nan
11/5/2025 17:09:19,1.17.2,Bandit100,16,4.02,nan,20,0,100,Right,Right,320,312,411,11,nan,nan,0.12
11/5/2025 17:09:21,1.17.2,Bandit100,16,4.02,1,20,0,100,Pellet,Right,320,312,412,11,0.65,9,nan
11/5/2025 17:09:34,1.17.2,Bandit100,16,4.02,nan,20,0,100,Right,Right,320,313,412,12,nan,nan,0.41
11/5/2025 17:09:34,1.17.2,Bandit100,16,4.02,1,20,0,100,Pellet,Right,320,313,413,12,0.06,13,nan
11/5/2025 17:09:44,1.17.2,Bandit100,16,4.02,nan,20,0,100,Right,Right,320,314,413,13,nan,nan,0.06
11/5/2025 17:09:46,1.17.2,Bandit100,16,4.02,1,20,0,100,Pellet,Right,320,314,414,13,0.47,12,nan
11/5/2025 18:03:10,1.17.2,Bandit100,16,4.02,nan,20,0,100,Left,Right,321,314,414,14,nan,nan,0.00
11/5/2025 18:04:29,1.17.2,Bandit100,16,4.02,nan,20,0,100,Left,Right,322,314,414,14,nan,nan,0.05
11/5/2025 18:07:17,1.17.2,Bandit100,16,4.02,nan,20,0,100,Right,Right,322,315,414,14,nan,nan,0.12
11/5/2025 18:07:24,1.17.2,Bandit100,16,4.02,2,20,0,100,Pellet,Right,322,315,415,14,3.41,3458,nan
11/5/2025 18:13:04,1.17.2,Bandit100,16,4.02,nan,20,0,100,Left,Right,323,315,415,15,nan,nan,0.06
11/5/2025 18:16:12,1.17.2,Bandit100,16,4.02,nan,20,0,100,Right,Right,323,316,415,15,nan,nan,0.05
11/5/2025 18:16:21,1.17.2,Bandit100,16,4.02,nan,20,0,100,LeftWithPellet,Right,323,316,415,15,nan,nan,0.01
11/5/2025 18:22:19,1.17.2,Bandit100,16,4.02,1,20,0,100,Pellet,Right,323,316,416,15,Timed_out,895,nan
11/5/2025 18:48:25,1.17.2,Bandit100,16,4.02,nan,20,0,100,Right,Right,323,317,416,16,nan,nan,0.14
11/5/2025 18:48:27,1.17.2,Bandit100,16,4.02,1,20,0,100,Pellet,Right,323,317,417,16,1.13,1568,nan
11/5/2025 18:48:34,1.17.2,Bandit100,16,4.02,nan,20,0,100,Right,Right,323,318,417,17,nan,nan,0.01
11/5/2025 18:48:36,1.17.2,Bandit100,16,4.02,1,20,0,100,Pellet,Right,323,318,418,17,0.89,9,nan
11/5/2025 18:48:50,1.17.2,Bandit100,16,4.02,nan,20,0,100,Right,Right,323,319,418,18,nan,nan,0.15
11/5/2025 18:48:52,1.17.2,Bandit100,16,4.02,1,20,0,100,Pellet,Right,323,319,419,18,0.83,16,nan
11/5/2025 19:11:19,1.17.2,Bandit100,16,4.02,nan,20,0,100,Right,Right,323,320,419,19,nan,nan,0.03
11/5/2025 19:11:21,1.17.2,Bandit100,16,4.02,1,20,0,100,Pellet,Right,323,320,420,19,1.01,1349,nan
11/5/2025 19:11:38,1.17.2,Bandit100,16,4.02,nan,20,100,0,Right,Left,323,321,420,0,nan,nan,0.05
11/5/2025 19:29:52,1.17.2,Bandit100,16,4.02,nan,20,100,0,Right,Left,323,322,420,0,nan,nan,0.06
11/5/2025 19:30:59,1.17.2,Bandit100,16,4.02,nan,20,100,0,Right,Left,323,323,420,0,nan,nan,0.15
11/5/2025 19:31:00,1.17.2,Bandit100,16,4.02,nan,20,100,0,RightinTimeout,Left,323,323,420,0,nan,nan,0.00
11/5/2025 19:31:04,1.17.2,Bandit100,16,4.02,nan,20,100,0,LeftinTimeOut,Left,323,323,420,0,nan,nan,nan
11/5/2025 19:31:06,1.17.2,Bandit100,16,4.01,nan,20,100,0,RightinTimeout,Left,323,323,420,0,nan,nan,0.00
11/5/2025 19:31:08,1.17.2,Bandit100,16,4.01,nan,20,100,0,RightinTimeout,Left,323,323,420,0,nan,nan,0.00
11/5/2025 19:31:20,1.17.2,Bandit100,16,4.01,nan,20,100,0,Right,Left,323,324,420,0,nan,nan,0.17
11/5/2025 19:31:23,1.17.2,Bandit100,16,4.02,nan,20,100,0,LeftinTimeOut,Left,323,324,420,0,nan,nan,nan
11/5/2025 19:31:24,1.17.2,Bandit100,16,4.01,nan,20,100,0,LeftinTimeOut,Left,323,324,420,0,nan,nan,nan
11/5/2025 19:31:26,1.17.2,Bandit100,16,4.02,nan,20,100,0,LeftinTimeOut,Left,323,324,420,0,nan,nan,nan
11/5/2025 19:31:27,1.17.2,Bandit100,16,4.01,nan,20,100,0,LeftinTimeOut,Left,323,324,420,0,nan,nan,nan
11/5/2025 19:31:30,1.17.2,Bandit100,16,4.01,nan,20,100,0,LeftinTimeOut,Left,323,324,420,0,nan,nan,nan
11/5/2025 19:31:34,1.17.2,Bandit100,16,4.01,nan,20,100,0,RightinTimeout,Left,323,324,420,0,nan,nan,0.00
11/5/2025 19:36:58,1.17.2,Bandit100,16,4.01,nan,20,100,0,Right,Left,323,325,420,0,nan,nan,0.16
11/5/2025 19:37:00,1.17.2,Bandit100,16,4.02,nan,20,100,0,RightinTimeout,Left,323,325,420,0,nan,nan,0.00
11/5/2025 19:37:24,1.17.2,Bandit100,16,4.02,nan,20,100,0,Right,Left,323,326,420,0,nan,nan,0.16
11/5/2025 19:37:25,1.17.2,Bandit100,16,4.02,nan,20,100,0,RightinTimeout,Left,323,326,420,0,nan,nan,0.00
11/5/2025 19:37:25,1.17.2,Bandit100,16,4.01,nan,20,100,0,RightinTimeout,Left,323,326,420,0,nan,nan,0.00
11/5/2025 19:37:25,1.17.2,Bandit100,16,4.02,nan,20,100,0,RightinTimeout,Left,323,326,420,0,nan,nan,0.00
11/5/2025 19:37:27,1.17.2,Bandit100,16,4.02,nan,20,100,0,RightinTimeout,Left,323,326,420,0,nan,nan,0.00
11/5/2025 19:41:08,1.17.2,Bandit100,16,4.02,nan,20,100,0,Left,Left,324,326,420,0,nan,nan,0.07
11/5/2025 19:41:10,1.17.2,Bandit100,16,4.02,1,20,100,0,Pellet,Left,324,326,421,0,0.65,1789,nan
11/5/2025 19:41:27,1.17.2,Bandit100,16,4.02,nan,20,100,0,Left,Left,325,326,421,1,nan,nan,0.10
11/5/2025 19:41:29,1.17.2,Bandit100,16,4.02,1,20,100,0,Pellet,Left,325,326,422,1,1.49,19,nan
11/5/2025 19:41:36,1.17.2,Bandit100,16,4.01,nan,20,100,0,Left,Left,326,326,422,2,nan,nan,0.11
11/5/2025 19:41:38,1.17.2,Bandit100,16,4.02,1,20,100,0,Pellet,Left,326,326,423,2,1.43,9,nan
11/5/2025 19:42:00,1.17.2,Bandit100,16,4.02,nan,20,100,0,Left,Left,327,326,423,3,nan,nan,0.02
11/5/2025 19:42:01,1.17.2,Bandit100,16,4.02,1,20,100,0,Pellet,Left,327,326,424,3,0.59,23,nan
11/5/2025 19:42:12,1.17.2,Bandit100,16,4.02,nan,20,100,0,Left,Left,328,326,424,4,nan,nan,0.04
11/5/2025 19:42:13,1.17.2,Bandit100,16,4.02,1,20,100,0,Pellet,Left,328,326,425,4,0.35,12,nan
11/5/2025 19:42:24,1.17.2,Bandit100,16,4.01,nan,20,100,0,Left,Left,329,326,425,5,nan,nan,0.14
11/5/2025 19:42:25,1.17.2,Bandit100,16,4.02,1,20,100,0,Pellet,Left,329,326,426,5,0.35,12,nan
11/5/2025 19:42:36,1.17.2,Bandit100,16,4.02,nan,20,100,0,Left,Left,330,326,426,6,nan,nan,0.10
11/5/2025 19:42:37,1.17.2,Bandit100,16,4.02,1,20,100,0,Pellet,Left,330,326,427,6,0.23,12,nan
11/5/2025 19:42:54,1.17.2,Bandit100,16,4.02,nan,20,100,0,Left,Left,331,326,427,7,nan,nan,0.07
11/5/2025 19:42:56,1.17.2,Bandit100,16,4.02,1,20,100,0,Pellet,Left,331,326,428,7,0.71,19,nan
11/5/2025 19:43:05,1.17.2,Bandit100,16,4.02,nan,20,100,0,Left,Left,332,326,428,8,nan,nan,0.08
11/5/2025 19:43:06,1.17.2,Bandit100,16,4.02,1,20,100,0,Pellet,Left,332,326,429,8,0.29,10,nan
11/5/2025 19:43:16,1.17.2,Bandit100,16,4.01,nan,20,100,0,Left,Left,333,326,429,9,nan,nan,0.04
11/5/2025 19:43:18,1.17.2,Bandit100,16,4.02,1,20,100,0,Pellet,Left,333,326,430,9,0.71,12,nan
11/5/2025 19:43:35,1.17.2,Bandit100,16,4.01,nan,20,100,0,Left,Left,334,326,430,10,nan,nan,0.09
11/5/2025 19:43:36,1.17.2,Bandit100,16,4.01,1,20,100,0,Pellet,Left,334,326,431,10,0.47,18,nan
11/5/2025 19:43:47,1.17.2,Bandit100,16,4.01,nan,20,100,0,Left,Left,335,326,431,11,nan,nan,0.08
11/5/2025 19:43:48,1.17.2,Bandit100,16,4.02,1,20,100,0,Pellet,Left,335,326,432,11,0.35,12,nan
11/5/2025 19:43:58,1.17.2,Bandit100,16,4.02,nan,20,100,0,Right,Left,335,327,432,12,nan,nan,0.09
11/5/2025 19:46:51,1.17.2,Bandit100,16,4.02,nan,20,100,0,Left,Left,336,327,432,12,nan,nan,0.22
11/5/2025 19:47:20,1.17.2,Bandit100,16,4.01,1,20,100,0,Pellet,Left,336,327,433,12,27.88,212,nan
11/5/2025 20:13:42,1.17.2,Bandit100,16,4.02,nan,20,100,0,Right,Left,336,328,433,13,nan,nan,0.06
11/5/2025 20:19:03,1.17.2,Bandit100,16,4.02,nan,20,100,0,Left,Left,337,328,433,13,nan,nan,0.16
11/5/2025 20:19:04,1.17.2,Bandit100,16,4.01,2,20,100,0,Pellet,Left,337,328,434,13,0.06,1904,nan
11/5/2025 20:19:15,1.17.2,Bandit100,16,4.01,nan,20,100,0,Left,Left,338,328,434,14,nan,nan,0.02
11/5/2025 20:19:16,1.17.2,Bandit100,16,4.02,1,20,100,0,Pellet,Left,338,328,435,14,0.71,12,nan
11/5/2025 20:19:23,1.17.2,Bandit100,16,4.01,nan,20,100,0,Left,Left,339,328,435,15,nan,nan,0.03
11/5/2025 20:19:24,1.17.2,Bandit100,16,4.01,1,20,100,0,Pellet,Left,339,328,436,15,0.47,8,nan
11/5/2025 20:19:37,1.17.2,Bandit100,16,4.01,nan,20,100,0,Left,Left,340,328,436,16,nan,nan,0.05
11/5/2025 20:19:38,1.17.2,Bandit100,16,4.01,1,20,100,0,Pellet,Left,340,328,437,16,0.29,14,nan
11/5/2025 20:19:49,1.17.2,Bandit100,16,4.01,nan,20,100,0,Left,Left,341,328,437,17,nan,nan,0.05
11/5/2025 20:19:50,1.17.2,Bandit100,16,4.01,1,20,100,0,Pellet,Left,341,328,438,17,0.47,12,nan
11/5/2025 20:20:01,1.17.2,Bandit100,16,4.02,nan,20,100,0,Left,Left,342,328,438,18,nan,nan,0.09
11/5/2025 20:20:01,1.17.2,Bandit100,16,4.02,1,20,100,0,Pellet,Left,342,328,439,18,0.06,11,nan
11/5/2025 20:20:15,1.17.2,Bandit100,16,4.02,nan,20,100,0,Left,Left,343,328,439,19,nan,nan,0.04
11/5/2025 20:20:22,1.17.2,Bandit100,16,4.02,1,20,100,0,Pellet,Left,343,328,440,19,5.39,21,nan
11/5/2025 20:20:39,1.17.2,Bandit100,16,4.01,nan,20,0,100,Left,Right,344,328,440,0,nan,nan,0.10
11/5/2025 20:20:40,1.17.2,Bandit100,16,4.02,nan,20,0,100,LeftinTimeOut,Right,344,328,440,0,nan,nan,nan
11/5/2025 20:20:41,1.17.2,Bandit100,16,4.02,nan,20,0,100,LeftinTimeOut,Right,344,328,440,0,nan,nan,nan
11/5/2025 20:20:43,1.17.2,Bandit100,16,4.01,nan,20,0,100,LeftinTimeOut,Right,344,328,440,0,nan,nan,nan
11/5/2025 20:20:44,1.17.2,Bandit100,16,4.02,nan,20,0,100,LeftinTimeOut,Right,344,328,440,0,nan,nan,nan
11/5/2025 20:28:55,1.17.2,Bandit100,16,4.01,nan,20,0,100,Left,Right,345,328,440,0,nan,nan,0.08
11/5/2025 20:28:56,1.17.2,Bandit100,16,4.01,nan,20,0,100,LeftinTimeOut,Right,345,328,440,0,nan,nan,nan
11/5/2025 20:31:37,1.17.2,Bandit100,16,4.02,nan,20,0,100,Left,Right,346,328,440,0,nan,nan,0.01
11/5/2025 20:31:38,1.17.2,Bandit100,16,4.02,nan,20,0,100,LeftinTimeOut,Right,346,328,440,0,nan,nan,nan
11/5/2025 20:31:39,1.17.2,Bandit100,16,4.01,nan,20,0,100,LeftinTimeOut,Right,346,328,440,0,nan,nan,nan
11/5/2025 20:33:53,1.17.2,Bandit100,16,4.02,nan,20,0,100,Right,Right,346,329,440,0,nan,nan,0.04
11/5/2025 20:33:54,1.17.2,Bandit100,16,4.02,1,20,0,100,Pellet,Right,346,329,441,0,0.06,812,nan
11/5/2025 20:38:54,1.17.2,Bandit100,16,4.01,nan,20,0,100,Right,Right,346,330,441,1,nan,nan,0.08
11/5/2025 20:38:56,1.17.2,Bandit100,16,4.01,1,20,0,100,Pellet,Right,346,330,442,1,1.31,302,nan
11/5/2025 20:39:08,1.17.2,Bandit100,16,4.02,nan,20,0,100,Right,Right,346,331,442,2,nan,nan,0.06
11/5/2025 20:39:10,1.17.2,Bandit100,16,4.01,1,20,0,100,Pellet,Right,346,331,443,2,0.41,14,nan
11/5/2025 20:39:20,1.17.2,Bandit100,16,4.01,nan,20,0,100,Right,Right,346,332,443,3,nan,nan,0.09
11/5/2025 20:39:21,1.17.2,Bandit100,16,4.02,2,20,0,100,Pellet,Right,346,332,444,3,0.35,11,nan
11/5/2025 20:39:28,1.17.2,Bandit100,16,4.01,nan,20,0,100,Right,Right,346,333,444,4,nan,nan,0.06
11/5/2025 20:39:30,1.17.2,Bandit100,16,4.01,1,20,0,100,Pellet,Right,346,333,445,4,0.41,8,nan
11/5/2025 20:39:38,1.17.2,Bandit100,16,4.02,nan,20,0,100,Right,Right,346,334,445,5,nan,nan,0.08
11/5/2025 20:39:39,1.17.2,Bandit100,16,4.02,1,20,0,100,Pellet,Right,346,334,446,5,0.47,10,nan
11/5/2025 20:39:55,1.17.2,Bandit100,16,4.02,nan,20,0,100,Right,Right,346,335,446,6,nan,nan,0.07
11/5/2025 20:39:57,1.17.2,Bandit100,16,4.01,1,20,0,100,Pellet,Right,346,335,447,6,0.71,18,nan
11/5/2025 20:40:07,1.17.2,Bandit100,16,4.02,nan,20,0,100,Right,Right,346,336,447,7,nan,nan,0.04
11/5/2025 20:40:09,1.17.2,Bandit100,16,4.01,1,20,0,100,Pellet,Right,346,336,448,7,0.65,12,nan
11/5/2025 20:40:18,1.17.2,Bandit100,16,4.01,nan,20,0,100,Right,Right,346,337,448,8,nan,nan,0.10
11/5/2025 20:40:20,1.17.2,Bandit100,16,4.01,1,20,0,100,Pellet,Right,346,337,449,8,0.47,11,nan
11/5/2025 20:40:35,1.17.2,Bandit100,16,4.01,nan,20,0,100,Right,Right,346,338,449,9,nan,nan,0.03
11/5/2025 20:40:36,1.17.2,Bandit100,16,4.01,1,20,0,100,Pellet,Right,346,338,450,9,0.47,16,nan
11/5/2025 20:40:46,1.17.2,Bandit100,16,4.02,nan,20,0,100,Right,Right,346,339,450,10,nan,nan,0.21
11/5/2025 20:40:47,1.17.2,Bandit100,16,4.01,1,20,0,100,Pellet,Right,346,339,451,10,0.53,11,nan
11/5/2025 20:41:04,1.17.2,Bandit100,16,4.02,nan,20,0,100,Right,Right,346,340,451,11,nan,nan,0.21
11/5/2025 20:41:07,1.17.2,Bandit100,16,4.01,2,20,0,100,Pellet,Right,346,340,452,11,0.06,20,nan
11/5/2025 20:41:12,1.17.2,Bandit100,16,4.02,nan,20,0,100,Right,Right,346,341,452,12,nan,nan,0.21
11/5/2025 20:41:13,1.17.2,Bandit100,16,4.01,1,20,0,100,Pellet,Right,346,341,453,12,0.47,6,nan
11/5/2025 20:41:21,1.17.2,Bandit100,16,4.02,nan,20,0,100,Right,Right,346,342,453,13,nan,nan,0.14
11/5/2025 20:41:24,1.17.2,Bandit100,16,4.02,1,20,0,100,Pellet,Right,346,342,454,13,2.39,11,nan
11/5/2025 20:41:41,1.17.2,Bandit100,16,4.02,nan,20,0,100,Right,Right,346,343,454,14,nan,nan,0.03
11/5/2025 20:41:43,1.17.2,Bandit100,16,4.01,1,20,0,100,Pellet,Right,346,343,455,14,0.71,19,nan
11/5/2025 20:41:54,1.17.2,Bandit100,16,4.02,nan,20,0,100,Right,Right,346,344,455,15,nan,nan,0.13
11/5/2025 20:41:56,1.17.2,Bandit100,16,4.02,1,20,0,100,Pellet,Right,346,344,456,15,0.59,13,nan
11/5/2025 20:42:05,1.17.2,Bandit100,16,4.02,nan,20,0,100,Right,Right,346,345,456,16,nan,nan,0.09
11/5/2025 20:42:06,1.17.2,Bandit100,16,4.01,1,20,0,100,Pellet,Right,346,345,457,16,0.35,10,nan
11/5/2025 20:42:13,1.17.2,Bandit100,16,4.01,nan,20,0,100,Right,Right,346,346,457,17,nan,nan,0.02
11/5/2025 20:42:14,1.17.2,Bandit100,16,4.01,1,20,0,100,Pellet,Right,346,346,458,17,0.35,8,nan
11/5/2025 20:44:37,1.17.2,Bandit100,16,4.01,nan,20,0,100,Right,Right,346,347,458,18,nan,nan,0.02
11/5/2025 20:44:38,1.17.2,Bandit100,16,4.01,1,20,0,100,Pellet,Right,346,347,459,18,0.35,144,nan
11/5/2025 20:56:08,1.17.2,Bandit100,16,4.01,nan,20,0,100,Left,Right,347,347,459,19,nan,nan,0.62
11/5/2025 20:56:09,1.17.2,Bandit100,16,4.02,nan,20,0,100,LeftinTimeOut,Right,347,347,459,19,nan,nan,nan
11/5/2025 20:56:10,1.17.2,Bandit100,16,4.01,nan,20,0,100,LeftinTimeOut,Right,347,347,459,19,nan,nan,nan
11/5/2025 20:56:12,1.17.2,Bandit100,16,4.01,nan,20,0,100,LeftinTimeOut,Right,347,347,459,19,nan,nan,nan
11/5/2025 20:56:14,1.17.2,Bandit100,16,4.02,nan,20,0,100,LeftinTimeOut,Right,347,347,459,19,nan,nan,nan
11/5/2025 20:56:35,1.17.2,Bandit100,16,4.01,nan,20,0,100,Right,Right,347,348,459,19,nan,nan,0.08
11/5/2025 20:56:59,1.17.2,Bandit100,16,4.02,nan,20,0,100,LeftWithPellet,Right,347,348,459,19,nan,nan,0.11
11/5/2025 20:57:01,1.17.2,Bandit100,16,4.01,nan,20,0,100,LeftWithPellet,Right,347,348,459,19,nan,nan,0.04
11/5/2025 20:57:03,1.17.2,Bandit100,16,4.01,nan,20,0,100,LeftWithPellet,Right,347,348,459,19,nan,nan,0.04
11/5/2025 20:57:17,1.17.2,Bandit100,16,4.01,2,20,0,100,Pellet,Right,347,348,460,19,41.38,759,nan
11/5/2025 20:58:16,1.17.2,Bandit100,16,4.02,nan,20,100,0,Left,Left,348,348,460,0,nan,nan,0.07
11/5/2025 20:58:17,1.17.2,Bandit100,16,4.01,1,20,100,0,Pellet,Left,348,348,461,0,0.06,60,nan
11/5/2025 21:03:50,1.17.2,Bandit100,16,4.01,nan,20,100,0,Right,Left,348,349,461,1,nan,nan,0.11
11/5/2025 21:05:28,1.17.2,Bandit100,16,4.01,nan,20,100,0,Left,Left,349,349,461,1,nan,nan,0.03
11/5/2025 21:05:32,1.17.2,Bandit100,16,4.01,nan,20,100,0,LeftWithPellet,Left,349,349,461,1,nan,nan,0.08
11/5/2025 21:05:33,1.17.2,Bandit100,16,4.01,nan,20,100,0,LeftWithPellet,Left,349,349,461,1,nan,nan,0.06
11/5/2025 21:05:34,1.17.2,Bandit100,16,4.01,nan,20,100,0,LeftWithPellet,Left,349,349,461,1,nan,nan,0.09
11/5/2025 21:08:25,1.17.2,Bandit100,16,4.02,1,20,100,0,Pellet,Left,349,349,462,1,Timed_out,608,nan
11/5/2025 21:17:35,1.17.2,Bandit100,16,4.01,nan,20,100,0,Left,Left,350,349,462,2,nan,nan,0.04
11/5/2025 21:21:08,1.17.2,Bandit100,16,4.01,1,20,100,0,Pellet,Left,350,349,463,2,Timed_out,763,nan
11/5/2025 21:21:20,1.17.2,Bandit100,16,4.01,nan,20,100,0,Right,Left,350,350,463,3,nan,nan,0.00
11/5/2025 21:21:49,1.17.2,Bandit100,16,4.01,nan,20,100,0,Right,Left,350,351,463,3,nan,nan,0.10
11/5/2025 21:29:15,1.17.2,Bandit100,16,4.01,nan,20,100,0,Left,Left,351,351,463,3,nan,nan,0.27
11/5/2025 21:29:24,1.17.2,Bandit100,16,4.01,1,20,100,0,Pellet,Left,351,351,464,3,8.99,496,nan
11/5/2025 21:33:54,1.17.2,Bandit100,16,4.02,nan,20,100,0,Right,Left,351,352,464,4,nan,nan,0.03
11/5/2025 21:37:18,1.17.2,Bandit100,16,4.01,nan,20,100,0,Right,Left,351,353,464,4,nan,nan,0.05
11/5/2025 21:39:18,1.17.2,Bandit100,16,4.01,nan,20,100,0,Right,Left,351,354,464,4,nan,nan,0.08
11/5/2025 21:41:12,1.17.2,Bandit100,16,4.02,nan,20,100,0,Right,Left,351,355,464,4,nan,nan,0.14
11/5/2025 21:43:09,1.17.2,Bandit100,16,4.02,nan,20,100,0,Right,Left,351,356,464,4,nan,nan,0.09
11/5/2025 21:43:10,1.17.2,Bandit100,16,4.01,nan,20,100,0,RightinTimeout,Left,351,356,464,4,nan,nan,0.00
11/5/2025 21:47:12,1.17.2,Bandit100,16,4.01,nan,20,100,0,Left,Left,352,356,464,4,nan,nan,0.08
11/5/2025 21:47:14,1.17.2,Bandit100,16,4.01,2,20,100,0,Pellet,Left,352,356,465,4,0.71,1070,nan
11/5/2025 21:47:21,1.17.2,Bandit100,16,4.01,nan,20,100,0,Left,Left,353,356,465,5,nan,nan,0.07
11/5/2025 21:47:22,1.17.2,Bandit100,16,4.01,1,20,100,0,Pellet,Left,353,356,466,5,0.71,8,nan
11/5/2025 21:47:33,1.17.2,Bandit100,16,4.01,nan,20,100,0,Left,Left,354,356,466,6,nan,nan,0.06
11/5/2025 21:47:34,1.17.2,Bandit100,16,4.02,1,20,100,0,Pellet,Left,354,356,467,6,0.47,12,nan
11/5/2025 21:47:47,1.17.2,Bandit100,16,4.02,nan,20,100,0,Left,Left,355,356,467,7,nan,nan,0.06
11/5/2025 21:47:49,1.17.2,Bandit100,16,4.01,2,20,100,0,Pellet,Left,355,356,468,7,0.06,15,nan
11/5/2025 21:47:54,1.17.2,Bandit100,16,4.01,nan,20,100,0,Left,Left,356,356,468,8,nan,nan,0.05
11/5/2025 21:47:56,1.17.2,Bandit100,16,4.01,1,20,100,0,Pellet,Left,356,356,469,8,1.01,7,nan
11/5/2025 21:48:05,1.17.2,Bandit100,16,4.01,nan,20,100,0,Left,Left,357,356,469,9,nan,nan,0.05
11/5/2025 21:48:07,1.17.2,Bandit100,16,4.02,1,20,100,0,Pellet,Left,357,356,470,9,0.77,11,nan
11/5/2025 21:48:20,1.17.2,Bandit100,16,4.01,nan,20,100,0,Left,Left,358,356,470,10,nan,nan,0.06
11/5/2025 21:48:21,1.17.2,Bandit100,16,4.01,1,20,100,0,Pellet,Left,358,356,471,10,0.65,14,nan
11/5/2025 21:48:38,1.17.2,Bandit100,16,4.01,nan,20,100,0,Left,Left,359,356,471,11,nan,nan,0.07
11/5/2025 21:48:39,1.17.2,Bandit100,16,4.01,1,20,100,0,Pellet,Left,359,356,472,11,0.53,18,nan
11/5/2025 21:48:52,1.17.2,Bandit100,16,4.01,nan,20,100,0,Left,Left,360,356,472,12,nan,nan,0.04
11/5/2025 21:48:53,1.17.2,Bandit100,16,4.01,1,20,100,0,Pellet,Left,360,356,473,12,0.06,14,nan
11/5/2025 21:48:59,1.17.2,Bandit100,16,4.01,nan,20,100,0,Left,Left,361,356,473,13,nan,nan,0.02
11/5/2025 21:49:01,1.17.2,Bandit100,16,4.01,1,20,100,0,Pellet,Left,361,356,474,13,0.59,8,nan
11/5/2025 21:49:20,1.17.2,Bandit100,16,4.02,nan,20,100,0,Left,Left,362,356,474,14,nan,nan,0.06
11/5/2025 21:49:21,1.17.2,Bandit100,16,4.01,1,20,100,0,Pellet,Left,362,356,475,14,0.06,20,nan
11/5/2025 22:01:29,1.17.2,Bandit100,16,4.01,nan,20,100,0,Left,Left,363,356,475,15,nan,nan,0.05
11/5/2025 22:01:31,1.17.2,Bandit100,16,4.01,1,20,100,0,Pellet,Left,363,356,476,15,1.55,730,nan
11/5/2025 22:06:21,1.17.2,Bandit100,16,4.01,nan,20,100,0,Left,Left,364,356,476,16,nan,nan,0.17
11/5/2025 22:06:25,1.17.2,Bandit100,16,4.01,nan,20,100,0,LeftWithPellet,Left,364,356,476,16,nan,nan,0.20
11/5/2025 22:06:26,1.17.2,Bandit100,16,4.01,nan,20,100,0,LeftWithPellet,Left,364,356,476,16,nan,nan,0.14
11/5/2025 22:06:28,1.17.2,Bandit100,16,4.02,nan,20,100,0,LeftWithPellet,Left,364,356,476,16,nan,nan,0.09
11/5/2025 22:07:14,1.17.2,Bandit100,16,4.01,1,20,100,0,Pellet,Left,364,356,477,16,52.27,343,nan
11/5/2025 22:07:25,1.17.2,Bandit100,16,4.01,nan,20,100,0,Left,Left,365,356,477,17,nan,nan,0.12
11/5/2025 22:07:26,1.17.2,Bandit100,16,4.02,1,20,100,0,Pellet,Left,365,356,478,17,0.06,12,nan
11/5/2025 22:08:01,1.17.2,Bandit100,16,4.01,nan,20,100,0,Left,Left,366,356,478,18,nan,nan,0.03
11/5/2025 22:08:03,1.17.2,Bandit100,16,4.01,1,20,100,0,Pellet,Left,366,356,479,18,2.15,37,nan
11/5/2025 22:08:14,1.17.2,Bandit100,16,4.01,nan,20,100,0,Left,Left,367,356,479,19,nan,nan,0.03
11/5/2025 22:08:15,1.17.2,Bandit100,16,4.01,1,20,100,0,Pellet,Left,367,356,480,19,0.83,12,nan
11/5/2025 22:08:26,1.17.2,Bandit100,16,4.01,nan,20,0,100,Left,Right,368,356,480,0,nan,nan,0.04
11/5/2025 22:19:17,1.17.2,Bandit100,16,4.02,nan,20,0,100,Left,Right,369,356,480,0,nan,nan,0.36
11/5/2025 23:16:04,1.17.2,Bandit100,16,4.01,nan,20,0,100,Left,Right,370,356,480,0,nan,nan,0.01
11/5/2025 23:16:05,1.17.2,Bandit100,16,4.01,nan,20,0,100,LeftinTimeOut,Right,370,356,480,0,nan,nan,nan
11/5/2025 23:16:12,1.17.2,Bandit100,16,4.00,nan,20,0,100,LeftinTimeOut,Right,370,356,480,0,nan,nan,nan
11/5/2025 23:16:56,1.17.2,Bandit100,16,4.00,nan,20,0,100,Left,Right,371,356,480,0,nan,nan,0.08
11/5/2025 23:17:00,1.17.2,Bandit100,16,4.00,nan,20,0,100,LeftinTimeOut,Right,371,356,480,0,nan,nan,nan
11/5/2025 23:17:01,1.17.2,Bandit100,16,4.00,nan,20,0,100,LeftinTimeOut,Right,371,356,480,0,nan,nan,nan
11/5/2025 23:17:04,1.17.2,Bandit100,16,4.01,nan,20,0,100,LeftinTimeOut,Right,371,356,480,0,nan,nan,nan
11/5/2025 23:17:05,1.17.2,Bandit100,16,4.01,nan,20,0,100,LeftinTimeOut,Right,371,356,480,0,nan,nan,nan
11/5/2025 23:17:05,1.17.2,Bandit100,16,4.01,nan,20,0,100,LeftinTimeOut,Right,371,356,480,0,nan,nan,nan
11/5/2025 23:17:07,1.17.2,Bandit100,16,4.01,nan,20,0,100,LeftinTimeOut,Right,371,356,480,0,nan,nan,nan
11/5/2025 23:17:14,1.17.2,Bandit100,16,4.01,nan,20,0,100,RightinTimeout,Right,371,356,480,0,nan,nan,0.00
11/5/2025 23:17:19,1.17.2,Bandit100,16,4.01,nan,20,0,100,LeftinTimeOut,Right,371,356,480,0,nan,nan,nan
11/5/2025 23:17:23,1.17.2,Bandit100,16,4.00,nan,20,0,100,RightinTimeout,Right,371,356,480,0,nan,nan,0.00
11/5/2025 23:18:28,1.17.2,Bandit100,16,4.01,nan,20,0,100,Right,Right,371,357,480,0,nan,nan,0.12
11/5/2025 23:18:29,1.17.2,Bandit100,16,4.01,1,20,0,100,Pellet,Right,371,357,481,0,0.65,4214,nan
11/5/2025 23:18:38,1.17.2,Bandit100,16,4.02,nan,20,0,100,Right,Right,371,358,481,1,nan,nan,0.05
11/5/2025 23:18:39,1.17.2,Bandit100,16,4.01,1,20,0,100,Pellet,Right,371,358,482,1,0.65,10,nan
11/5/2025 23:18:49,1.17.2,Bandit100,16,4.01,nan,20,0,100,Right,Right,371,359,482,2,nan,nan,0.06
11/5/2025 23:18:50,1.17.2,Bandit100,16,4.01,2,20,0,100,Pellet,Right,371,359,483,2,0.53,11,nan
11/5/2025 23:18:56,1.17.2,Bandit100,16,4.01,nan,20,0,100,Right,Right,371,360,483,3,nan,nan,0.02
11/5/2025 23:18:57,1.17.2,Bandit100,16,4.01,1,20,0,100,Pellet,Right,371,360,484,3,0.47,7,nan
11/5/2025 23:19:06,1.17.2,Bandit100,16,4.01,nan,20,0,100,Right,Right,371,361,484,4,nan,nan,0.20
11/5/2025 23:19:07,1.17.2,Bandit100,16,4.01,1,20,0,100,Pellet,Right,371,361,485,4,0.35,10,nan
11/5/2025 23:19:24,1.17.2,Bandit100,16,4.01,nan,20,0,100,Right,Right,371,362,485,5,nan,nan,0.03
11/5/2025 23:19:25,1.17.2,Bandit100,16,4.01,1,20,0,100,Pellet,Right,371,362,486,5,0.06,18,nan
11/5/2025 23:19:32,1.17.2,Bandit100,16,4.01,nan,20,0,100,Right,Right,371,363,486,6,nan,nan,0.11
11/5/2025 23:19:33,1.17.2,Bandit100,16,4.01,1,20,0,100,Pellet,Right,371,363,487,6,0.53,8,nan
11/5/2025 23:19:52,1.17.2,Bandit100,16,4.01,nan,20,0,100,Right,Right,371,364,487,7,nan,nan,0.09
11/5/2025 23:19:58,1.17.2,Bandit100,16,4.01,2,20,0,100,Pellet,Right,371,364,488,7,3.71,25,nan
11/5/2025 23:20:15,1.17.2,Bandit100,16,4.00,nan,20,0,100,Right,Right,371,365,488,8,nan,nan,0.08
11/5/2025 23:20:16,1.17.2,Bandit100,16,4.01,1,20,0,100,Pellet,Right,371,365,489,8,0.35,18,nan
11/5/2025 23:20:32,1.17.2,Bandit100,16,4.01,nan,20,0,100,Right,Right,371,366,489,9,nan,nan,0.04
11/5/2025 23:20:33,1.17.2,Bandit100,16,4.01,1,20,0,100,Pellet,Right,371,366,490,9,0.29,17,nan
11/5/2025 23:20:43,1.17.2,Bandit100,16,4.01,nan,20,0,100,Right,Right,371,367,490,10,nan,nan,0.21
11/5/2025 23:20:47,1.17.2,Bandit100,16,4.01,2,20,0,100,Pellet,Right,371,367,491,10,1.13,14,nan
11/5/2025 23:20:56,1.17.2,Bandit100,16,4.01,nan,20,0,100,Right,Right,371,368,491,11,nan,nan,0.17
11/5/2025 23:20:58,1.17.2,Bandit100,16,4.01,1,20,0,100,Pellet,Right,371,368,492,11,0.41,11,nan
11/5/2025 23:21:08,1.17.2,Bandit100,16,4.01,nan,20,0,100,Right,Right,371,369,492,12,nan,nan,0.14
11/5/2025 23:21:09,1.17.2,Bandit100,16,4.01,1,20,0,100,Pellet,Right,371,369,493,12,0.29,11,nan
11/5/2025 23:26:29,1.17.2,Bandit100,16,4.01,nan,20,0,100,Right,Right,371,370,493,13,nan,nan,0.12
11/5/2025 23:26:30,1.17.2,Bandit100,16,4.00,1,20,0,100,Pellet,Right,371,370,494,13,0.77,321,nan
11/5/2025 23:45:38,1.17.2,Bandit100,16,4.01,nan,20,0,100,Left,Right,372,370,494,14,nan,nan,0.06
11/5/2025 23:45:39,1.17.2,Bandit100,16,4.01,nan,20,0,100,LeftinTimeOut,Right,372,370,494,14,nan,nan,nan
11/5/2025 23:45:41,1.17.2,Bandit100,16,4.01,nan,20,0,100,LeftinTimeOut,Right,372,370,494,14,nan,nan,nan
11/5/2025 23:45:42,1.17.2,Bandit100,16,4.00,nan,20,0,100,LeftinTimeOut,Right,372,370,494,14,nan,nan,nan
11/5/2025 23:45:48,1.17.2,Bandit100,16,4.01,nan,20,0,100,LeftinTimeOut,Right,372,370,494,14,nan,nan,nan
11/5/2025 23:45:49,1.17.2,Bandit100,16,4.01,nan,20,0,100,LeftinTimeOut,Right,372,370,494,14,nan,nan,nan
11/5/2025 23:45:52,1.17.2,Bandit100,16,4.01,nan,20,0,100,LeftinTimeOut,Right,372,370,494,14,nan,nan,nan
11/5/2025 23:46:00,1.17.2,Bandit100,16,4.01,nan,20,0,100,RightinTimeout,Right,372,370,494,14,nan,nan,0.00
11/5/2025 23:46:01,1.17.2,Bandit100,16,4.01,nan,20,0,100,RightinTimeout,Right,372,370,494,14,nan,nan,0.00
11/5/2025 23:46:03,1.17.2,Bandit100,16,4.01,nan,20,0,100,RightinTimeout,Right,372,370,494,14,nan,nan,0.00
11/5/2025 23:54:22,1.17.2,Bandit100,16,4.00,nan,20,0,100,Right,Right,372,371,494,14,nan,nan,0.03
11/5/2025 23:54:33,1.17.2,Bandit100,16,4.01,1,20,0,100,Pellet,Right,372,371,495,14,10.67,1683,nan
11/6/2025 0:10:50,1.17.2,Bandit100,16,4.01,nan,20,0,100,Left,Right,373,371,495,15,nan,nan,0.19
11/6/2025 0:10:52,1.17.2,Bandit100,16,4.01,nan,20,0,100,RightinTimeout,Right,373,371,495,15,nan,nan,0.00
11/6/2025 0:17:24,1.17.2,Bandit100,16,4.01,nan,20,0,100,Right,Right,373,372,495,15,nan,nan,0.19
11/6/2025 0:17:25,1.17.2,Bandit100,16,4.01,1,20,0,100,Pellet,Right,373,372,496,15,0.95,1372,nan
11/6/2025 0:17:38,1.17.2,Bandit100,16,4.01,nan,20,0,100,Right,Right,373,373,496,16,nan,nan,0.11
11/6/2025 0:17:40,1.17.2,Bandit100,16,4.01,1,20,0,100,Pellet,Right,373,373,497,16,0.65,15,nan
11/6/2025 0:17:45,1.17.2,Bandit100,16,4.01,nan,20,0,100,Right,Right,373,374,497,17,nan,nan,0.05
11/6/2025 0:17:46,1.17.2,Bandit100,16,4.01,1,20,0,100,Pellet,Right,373,374,498,17,0.65,6,nan
11/6/2025 0:17:56,1.17.2,Bandit100,16,4.01,nan,20,0,100,Right,Right,373,375,498,18,nan,nan,0.10
11/6/2025 0:17:58,1.17.2,Bandit100,16,4.01,1,20,0,100,Pellet,Right,373,375,499,18,0.41,12,nan
11/6/2025 0:18:06,1.17.2,Bandit100,16,4.01,nan,20,0,100,Right,Right,373,376,499,19,nan,nan,0.04
11/6/2025 0:18:07,1.17.2,Bandit100,16,4.00,1,20,0,100,Pellet,Right,373,376,500,19,0.35,9,nan
11/6/2025 0:18:25,1.17.2,Bandit100,16,4.01,nan,20,100,0,Right,Left,373,377,500,0,nan,nan,0.01
11/6/2025 0:18:29,1.17.2,Bandit100,16,4.00,nan,20,100,0,RightinTimeout,Left,373,377,500,0,nan,nan,0.00
11/6/2025 0:18:31,1.17.2,Bandit100,16,4.01,nan,20,100,0,RightinTimeout,Left,373,377,500,0,nan,nan,0.00
11/6/2025 0:19:09,1.17.2,Bandit100,16,4.01,nan,20,100,0,Left,Left,374,377,500,0,nan,nan,0.08
11/6/2025 0:19:10,1.17.2,Bandit100,16,4.01,1,20,100,0,Pellet,Left,374,377,501,0,0.41,63,nan
11/6/2025 0:19:21,1.17.2,Bandit100,16,4.01,nan,20,100,0,Left,Left,375,377,501,1,nan,nan,0.09
11/6/2025 0:19:22,1.17.2,Bandit100,16,4.01,1,20,100,0,Pellet,Left,375,377,502,1,0.35,12,nan
11/6/2025 0:19:30,1.17.2,Bandit100,16,4.01,nan,20,100,0,Left,Left,376,377,502,2,nan,nan,0.03
11/6/2025 0:19:31,1.17.2,Bandit100,16,4.01,1,20,100,0,Pellet,Left,376,377,503,2,0.41,9,nan
11/6/2025 0:19:43,1.17.2,Bandit100,16,4.00,nan,20,100,0,Left,Left,377,377,503,3,nan,nan,0.14
11/6/2025 0:19:44,1.17.2,Bandit100,16,4.01,1,20,100,0,Pellet,Left,377,377,504,3,0.35,13,nan
11/6/2025 0:19:53,1.17.2,Bandit100,16,4.01,nan,20,100,0,Left,Left,378,377,504,4,nan,nan,0.15
11/6/2025 0:19:55,1.17.2,Bandit100,16,4.01,1,20,100,0,Pellet,Left,378,377,505,4,0.47,10,nan
11/6/2025 0:20:07,1.17.2,Bandit100,16,4.01,nan,20,100,0,Left,Left,379,377,505,5,nan,nan,0.07
11/6/2025 0:20:08,1.17.2,Bandit100,16,4.01,1,20,100,0,Pellet,Left,379,377,506,5,0.06,14,nan
11/6/2025 0:20:21,1.17.2,Bandit100,16,4.01,nan,20,100,0,Left,Left,380,377,506,6,nan,nan,0.09
11/6/2025 0:20:22,1.17.2,Bandit100,16,4.01,1,20,100,0,Pellet,Left,380,377,507,6,0.41,14,nan
11/6/2025 0:20:36,1.17.2,Bandit100,16,4.01,nan,20,100,0,Left,Left,381,377,507,7,nan,nan,0.05
11/6/2025 0:20:37,1.17.2,Bandit100,16,4.01,1,20,100,0,Pellet,Left,381,377,508,7,0.35,15,nan
11/6/2025 0:20:47,1.17.2,Bandit100,16,4.01,nan,20,100,0,Left,Left,382,377,508,8,nan,nan,0.07
11/6/2025 0:20:48,1.17.2,Bandit100,16,4.00,1,20,100,0,Pellet,Left,382,377,509,8,0.35,11,nan
11/6/2025 0:21:06,1.17.2,Bandit100,16,4.01,nan,20,100,0,Left,Left,383,377,509,9,nan,nan,0.16
11/6/2025 0:21:07,1.17.2,Bandit100,16,4.00,1,20,100,0,Pellet,Left,383,377,510,9,0.29,19,nan
11/6/2025 0:21:16,1.17.2,Bandit100,16,4.00,nan,20,100,0,Left,Left,384,377,510,10,nan,nan,0.11
11/6/2025 0:21:17,1.17.2,Bandit100,16,4.00,1,20,100,0,Pellet,Left,384,377,511,10,0.41,10,nan
11/6/2025 0:28:58,1.17.2,Bandit100,16,4.01,nan,20,100,0,Right,Left,384,378,511,11,nan,nan,0.03
11/6/2025 0:47:08,1.17.2,Bandit100,16,4.00,nan,20,100,0,Right,Left,384,379,511,11,nan,nan,0.16
11/6/2025 1:05:55,1.17.2,Bandit100,16,4.01,nan,20,100,0,Right,Left,384,380,511,11,nan,nan,0.16
11/6/2025 1:18:54,1.17.2,Bandit100,16,4.01,nan,20,100,0,Right,Left,384,381,511,11,nan,nan,0.19
11/6/2025 1:18:56,1.17.2,Bandit100,16,4.01,nan,20,100,0,RightinTimeout,Left,384,381,511,11,nan,nan,0.00
11/6/2025 1:23:00,1.17.2,Bandit100,16,4.01,nan,20,100,0,Right,Left,384,382,511,11,nan,nan,0.12
11/6/2025 1:29:05,1.17.2,Bandit100,16,4.01,nan,20,100,0,Right,Left,384,383,511,11,nan,nan,0.10
11/6/2025 1:35:43,1.17.2,Bandit100,16,4.00,nan,20,100,0,Right,Left,384,384,511,11,nan,nan,0.11
11/6/2025 2:42:12,1.17.2,Bandit100,16,4.01,nan,20,100,0,Left,Left,385,384,511,11,nan,nan,0.17
11/6/2025 2:42:13,1.17.2,Bandit100,16,4.01,1,20,100,0,Pellet,Left,385,384,512,11,0.65,8456,nan
11/6/2025 2:42:23,1.17.2,Bandit100,16,4.01,nan,20,100,0,Left,Left,386,384,512,12,nan,nan,0.10
11/6/2025 2:42:24,1.17.2,Bandit100,16,4.00,nan,20,100,0,LeftWithPellet,Left,386,384,512,12,nan,nan,0.04
11/6/2025 2:42:24,1.17.2,Bandit100,16,4.00,1,20,100,0,Pellet,Left,386,384,513,12,0.85,11,nan
11/6/2025 2:42:53,1.17.2,Bandit100,16,4.00,nan,20,100,0,Left,Left,387,384,513,13,nan,nan,0.04
11/6/2025 2:42:54,1.17.2,Bandit100,16,4.00,1,20,100,0,Pellet,Left,387,384,514,13,0.35,30,nan
11/6/2025 2:43:08,1.17.2,Bandit100,16,4.01,nan,20,100,0,Left,Left,388,384,514,14,nan,nan,0.18
11/6/2025 2:43:09,1.17.2,Bandit100,16,4.01,1,20,100,0,Pellet,Left,388,384,515,14,0.53,15,nan
11/6/2025 2:43:26,1.17.2,Bandit100,16,4.01,nan,20,100,0,Left,Left,389,384,515,15,nan,nan,0.11
11/6/2025 2:43:27,1.17.2,Bandit100,16,4.01,1,20,100,0,Pellet,Left,389,384,516,15,0.65,18,nan
11/6/2025 2:43:43,1.17.2,Bandit100,16,4.01,nan,20,100,0,Left,Left,390,384,516,16,nan,nan,0.04
11/6/2025 2:43:44,1.17.2,Bandit100,16,4.00,2,20,100,0,Pellet,Left,390,384,517,16,0.47,17,nan
11/6/2025 2:43:57,1.17.2,Bandit100,16,4.01,nan,20,100,0,Left,Left,391,384,517,17,nan,nan,0.07
11/6/2025 2:43:58,1.17.2,Bandit100,16,4.00,1,20,100,0,Pellet,Left,391,384,518,17,0.35,14,nan
11/6/2025 2:44:12,1.17.2,Bandit100,16,4.01,nan,20,100,0,Left,Left,392,384,518,18,nan,nan,0.12
11/6/2025 2:44:13,1.17.2,Bandit100,16,4.01,1,20,100,0,Pellet,Left,392,384,519,18,0.41,15,nan
11/6/2025 2:44:22,1.17.2,Bandit100,16,4.01,nan,20,100,0,Left,Left,393,384,519,19,nan,nan,0.06
11/6/2025 2:44:26,1.17.2,Bandit100,16,4.00,2,20,100,0,Pellet,Left,393,384,520,19,0.47,13,nan
11/6/2025 3:02:51,1.17.2,Bandit100,16,4.01,nan,20,0,100,Left,Right,394,384,520,0,nan,nan,0.07
11/6/2025 3:02:52,1.17.2,Bandit100,16,4.01,nan,20,0,100,LeftinTimeOut,Right,394,384,520,0,nan,nan,nan
11/6/2025 3:02:53,1.17.2,Bandit100,16,4.01,nan,20,0,100,LeftinTimeOut,Right,394,384,520,0,nan,nan,nan
11/6/2025 3:02:55,1.17.2,Bandit100,16,4.01,nan,20,0,100,LeftinTimeOut,Right,394,384,520,0,nan,nan,nan
11/6/2025 3:17:32,1.17.2,Bandit100,16,4.00,nan,20,0,100,Left,Right,395,384,520,0,nan,nan,0.01
11/6/2025 3:20:12,1.17.2,Bandit100,16,4.00,nan,20,0,100,Right,Right,395,385,520,0,nan,nan,0.20
11/6/2025 3:20:14,1.17.2,Bandit100,16,4.01,1,20,0,100,Pellet,Right,395,385,521,0,1.01,2148,nan
11/6/2025 3:20:41,1.17.2,Bandit100,16,4.01,nan,20,0,100,Right,Right,395,386,521,1,nan,nan,0.06
11/6/2025 3:20:42,1.17.2,Bandit100,16,4.01,1,20,0,100,Pellet,Right,395,386,522,1,0.83,28,nan
11/6/2025 3:20:56,1.17.2,Bandit100,16,4.01,nan,20,0,100,Left,Right,396,386,522,2,nan,nan,0.07
11/6/2025 3:28:55,1.17.2,Bandit100,16,4.00,nan,20,0,100,Right,Right,396,387,522,2,nan,nan,0.15
11/6/2025 3:28:58,1.17.2,Bandit100,16,4.00,1,20,0,100,Pellet,Right,396,387,523,2,2.15,496,nan
11/6/2025 3:36:17,1.17.2,Bandit100,16,4.00,nan,20,0,100,Right,Right,396,388,523,3,nan,nan,0.02
11/6/2025 3:36:18,1.17.2,Bandit100,16,4.00,1,20,0,100,Pellet,Right,396,388,524,3,0.35,440,nan
11/6/2025 3:36:26,1.17.2,Bandit100,16,4.00,nan,20,0,100,Right,Right,396,389,524,4,nan,nan,0.03
11/6/2025 3:36:28,1.17.2,Bandit100,16,4.00,1,20,0,100,Pellet,Right,396,389,525,4,0.53,10,nan
11/6/2025 3:57:52,1.17.2,Bandit100,16,4.01,nan,20,0,100,Left,Right,397,389,525,5,nan,nan,0.11
11/6/2025 3:58:00,1.17.2,Bandit100,16,4.00,nan,20,0,100,RightinTimeout,Right,397,389,525,5,nan,nan,0.00
11/6/2025 4:09:28,1.17.2,Bandit100,16,4.00,nan,20,0,100,Right,Right,397,390,525,5,nan,nan,0.19
11/6/2025 4:09:29,1.17.2,Bandit100,16,4.00,1,20,0,100,Pellet,Right,397,390,526,5,0.47,1981,nan
11/6/2025 4:09:40,1.17.2,Bandit100,16,4.01,nan,20,0,100,Right,Right,397,391,526,6,nan,nan,0.09
11/6/2025 4:09:41,1.17.2,Bandit100,16,4.01,1,20,0,100,Pellet,Right,397,391,527,6,0.41,12,nan
11/6/2025 4:09:52,1.17.2,Bandit100,16,4.00,nan,20,0,100,Right,Right,397,392,527,7,nan,nan,0.06
11/6/2025 4:09:54,1.17.2,Bandit100,16,4.00,1,20,0,100,Pellet,Right,397,392,528,7,0.65,13,nan
11/6/2025 4:17:53,1.17.2,Bandit100,16,4.01,nan,20,0,100,Right,Right,397,393,528,8,nan,nan,0.15
11/6/2025 4:17:54,1.17.2,Bandit100,16,4.00,1,20,0,100,Pellet,Right,397,393,529,8,0.41,480,nan
11/6/2025 4:18:02,1.17.2,Bandit100,16,4.00,nan,20,0,100,Right,Right,397,394,529,9,nan,nan,0.07
11/6/2025 4:18:03,1.17.2,Bandit100,16,4.00,1,20,0,100,Pellet,Right,397,394,530,9,0.06,9,nan
11/6/2025 4:18:10,1.17.2,Bandit100,16,4.01,nan,20,0,100,Right,Right,397,395,530,10,nan,nan,0.02
11/6/2025 4:18:11,1.17.2,Bandit100,16,4.00,1,20,0,100,Pellet,Right,397,395,531,10,0.29,8,nan
11/6/2025 4:18:23,1.17.2,Bandit100,16,4.01,nan,20,0,100,Right,Right,397,396,531,11,nan,nan,0.03
11/6/2025 4:18:25,1.17.2,Bandit100,16,4.00,1,20,0,100,Pellet,Right,397,396,532,11,0.65,14,nan
11/6/2025 4:18:34,1.17.2,Bandit100,16,4.00,nan,20,0,100,Right,Right,397,397,532,12,nan,nan,0.19
11/6/2025 4:18:35,1.17.2,Bandit100,16,4.00,1,20,0,100,Pellet,Right,397,397,533,12,0.53,10,nan
11/6/2025 4:18:43,1.17.2,Bandit100,16,4.00,nan,20,0,100,Right,Right,397,398,533,13,nan,nan,0.13
11/6/2025 4:18:44,1.17.2,Bandit100,16,4.00,1,20,0,100,Pellet,Right,397,398,534,13,0.29,9,nan
11/6/2025 4:18:57,1.17.2,Bandit100,16,4.00,nan,20,0,100,Right,Right,397,399,534,14,nan,nan,0.05
11/6/2025 4:18:58,1.17.2,Bandit100,16,4.00,1,20,0,100,Pellet,Right,397,399,535,14,0.35,14,nan
11/6/2025 4:19:05,1.17.2,Bandit100,16,4.01,nan,20,0,100,Right,Right,397,400,535,15,nan,nan,0.08
11/6/2025 4:19:07,1.17.2,Bandit100,16,4.00,1,20,0,100,Pellet,Right,397,400,536,15,0.71,9,nan
11/6/2025 4:19:13,1.17.2,Bandit100,16,4.01,nan,20,0,100,Right,Right,397,401,536,16,nan,nan,0.10
11/6/2025 4:19:14,1.17.2,Bandit100,16,4.01,nan,20,0,100,RightWithPellet,Right,397,402,536,16,nan,nan,0.11
11/6/2025 4:19:15,1.17.2,Bandit100,16,4.00,1,20,0,100,Pellet,Right,397,402,537,16,1.05,8,nan
11/6/2025 4:19:23,1.17.2,Bandit100,16,4.01,nan,20,0,100,Right,Right,397,403,537,17,nan,nan,0.04
11/6/2025 4:19:24,1.17.2,Bandit100,16,4.00,1,20,0,100,Pellet,Right,397,403,538,17,0.35,9,nan
11/6/2025 4:19:33,1.17.2,Bandit100,16,4.00,nan,20,0,100,Right,Right,397,404,538,18,nan,nan,0.18
11/6/2025 4:19:34,1.17.2,Bandit100,16,4.01,1,20,0,100,Pellet,Right,397,404,539,18,0.47,10,nan
11/6/2025 4:19:48,1.17.2,Bandit100,16,4.01,nan,20,0,100,Right,Right,397,405,539,19,nan,nan,0.05
11/6/2025 4:19:49,1.17.2,Bandit100,16,4.00,1,20,0,100,Pellet,Right,397,405,540,19,0.29,15,nan
11/6/2025 4:20:05,1.17.2,Bandit100,16,4.01,nan,20,100,0,Right,Left,397,406,540,0,nan,nan,0.10
11/6/2025 4:29:42,1.17.2,Bandit100,16,4.01,nan,20,100,0,Left,Left,398,406,540,0,nan,nan,0.11
11/6/2025 4:29:44,1.17.2,Bandit100,16,4.00,1,20,100,0,Pellet,Left,398,406,541,0,1.49,595,nan
11/6/2025 4:40:47,1.17.2,Bandit100,16,4.00,nan,20,100,0,Right,Left,398,407,541,1,nan,nan,0.14
11/6/2025 4:42:53,1.17.2,Bandit100,16,4.00,nan,20,100,0,Left,Left,399,407,541,1,nan,nan,0.19
11/6/2025 4:42:54,1.17.2,Bandit100,16,4.00,2,20,100,0,Pellet,Left,399,407,542,1,0.47,790,nan
11/6/2025 4:43:08,1.17.2,Bandit100,16,4.00,nan,20,100,0,Left,Left,400,407,542,2,nan,nan,0.06
11/6/2025 4:43:09,1.17.2,Bandit100,16,4.00,1,20,100,0,Pellet,Left,400,407,543,2,0.23,15,nan
11/6/2025 4:43:22,1.17.2,Bandit100,16,4.00,nan,20,100,0,Left,Left,401,407,543,3,nan,nan,0.03
11/6/2025 4:43:23,1.17.2,Bandit100,16,4.00,1,20,100,0,Pellet,Left,401,407,544,3,0.35,14,nan
11/6/2025 4:43:35,1.17.2,Bandit100,16,4.00,nan,20,100,0,Left,Left,402,407,544,4,nan,nan,0.03
11/6/2025 4:43:36,1.17.2,Bandit100,16,4.00,1,20,100,0,Pellet,Left,402,407,545,4,0.41,13,nan
11/6/2025 4:43:40,1.17.2,Bandit100,16,4.00,nan,20,100,0,Left,Left,403,407,545,5,nan,nan,0.04
11/6/2025 4:43:41,1.17.2,Bandit100,16,4.01,1,20,100,0,Pellet,Left,403,407,546,5,0.35,5,nan
11/6/2025 4:43:56,1.17.2,Bandit100,16,4.00,nan,20,100,0,Left,Left,404,407,546,6,nan,nan,0.07
11/6/2025 4:43:57,1.17.2,Bandit100,16,4.00,1,20,100,0,Pellet,Left,404,407,547,6,0.29,16,nan
11/6/2025 4:44:07,1.17.2,Bandit100,16,4.00,nan,20,100,0,Left,Left,405,407,547,7,nan,nan,0.07
11/6/2025 4:44:08,1.17.2,Bandit100,16,4.00,1,20,100,0,Pellet,Left,405,407,548,7,0.29,11,nan
11/6/2025 4:44:16,1.17.2,Bandit100,16,4.01,nan,20,100,0,Left,Left,406,407,548,8,nan,nan,0.07
11/6/2025 4:44:17,1.17.2,Bandit100,16,4.00,1,20,100,0,Pellet,Left,406,407,549,8,0.35,9,nan
11/6/2025 4:44:33,1.17.2,Bandit100,16,4.00,nan,20,100,0,Left,Left,407,407,549,9,nan,nan,0.04
11/6/2025 4:44:34,1.17.2,Bandit100,16,4.00,1,20,100,0,Pellet,Left,407,407,550,9,0.29,17,nan
11/6/2025 4:44:41,1.17.2,Bandit100,16,4.01,nan,20,100,0,Left,Left,408,407,550,10,nan,nan,0.07
11/6/2025 4:44:42,1.17.2,Bandit100,16,4.01,1,20,100,0,Pellet,Left,408,407,551,10,0.35,8,nan
11/6/2025 4:44:57,1.17.2,Bandit100,16,4.00,nan,20,100,0,Left,Left,409,407,551,11,nan,nan,0.03
11/6/2025 4:44:58,1.17.2,Bandit100,16,4.00,1,20,100,0,Pellet,Left,409,407,552,11,0.41,16,nan
11/6/2025 4:45:06,1.17.2,Bandit100,16,4.01,nan,20,100,0,Left,Left,410,407,552,12,nan,nan,0.04
11/6/2025 4:45:07,1.17.2,Bandit100,16,4.00,1,20,100,0,Pellet,Left,410,407,553,12,0.35,9,nan
11/6/2025 4:45:14,1.17.2,Bandit100,16,4.00,nan,20,100,0,Left,Left,411,407,553,13,nan,nan,0.02
11/6/2025 4:45:15,1.17.2,Bandit100,16,4.00,1,20,100,0,Pellet,Left,411,407,554,13,0.41,8,nan
11/6/2025 4:45:23,1.17.2,Bandit100,16,4.00,nan,20,100,0,Left,Left,412,407,554,14,nan,nan,0.03
11/6/2025 4:45:24,1.17.2,Bandit100,16,4.00,1,20,100,0,Pellet,Left,412,407,555,14,0.35,9,nan
11/6/2025 4:45:38,1.17.2,Bandit100,16,4.00,nan,20,100,0,Left,Left,413,407,555,15,nan,nan,0.11
11/6/2025 4:45:39,1.17.2,Bandit100,16,4.00,1,20,100,0,Pellet,Left,413,407,556,15,0.06,15,nan
11/6/2025 4:45:49,1.17.2,Bandit100,16,4.00,nan,20,100,0,Left,Left,414,407,556,16,nan,nan,0.06
11/6/2025 4:45:50,1.17.2,Bandit100,16,4.00,1,20,100,0,Pellet,Left,414,407,557,16,0.29,11,nan
11/6/2025 4:46:04,1.17.2,Bandit100,16,4.00,nan,20,100,0,Left,Left,415,407,557,17,nan,nan,0.07
11/6/2025 4:46:05,1.17.2,Bandit100,16,4.00,1,20,100,0,Pellet,Left,415,407,558,17,0.29,15,nan
11/6/2025 4:46:20,1.17.2,Bandit100,16,4.00,nan,20,100,0,Left,Left,416,407,558,18,nan,nan,0.05
11/6/2025 4:46:21,1.17.2,Bandit100,16,4.00,1,20,100,0,Pellet,Left,416,407,559,18,0.53,16,nan
11/6/2025 4:46:35,1.17.2,Bandit100,16,4.00,nan,20,100,0,Left,Left,417,407,559,19,nan,nan,0.06
11/6/2025 4:46:36,1.17.2,Bandit100,16,4.01,1,20,100,0,Pellet,Left,417,407,560,19,0.41,15,nan
11/6/2025 4:46:46,1.17.2,Bandit100,16,4.01,nan,20,0,100,Left,Right,418,407,560,0,nan,nan,0.05
11/6/2025 4:58:53,1.17.2,Bandit100,16,4.00,nan,20,0,100,Right,Right,418,408,560,0,nan,nan,0.43
11/6/2025 4:58:57,1.17.2,Bandit100,16,4.00,1,20,0,100,Pellet,Right,418,408,561,0,3.59,741,nan
11/6/2025 4:59:14,1.17.2,Bandit100,16,4.00,nan,20,0,100,Right,Right,418,409,561,1,nan,nan,0.18
11/6/2025 5:00:11,1.17.2,Bandit100,16,4.01,1,20,0,100,Pellet,Right,418,409,562,1,56.58,74,nan
11/6/2025 5:21:16,1.17.2,Bandit100,16,4.00,nan,20,0,100,Right,Right,418,410,562,2,nan,nan,0.20
11/6/2025 5:24:36,1.17.2,Bandit100,16,4.00,1,20,0,100,Pellet,Right,418,410,563,2,Timed_out,1465,nan
11/6/2025 5:29:01,1.17.2,Bandit100,16,4.00,nan,20,0,100,Left,Right,419,410,563,3,nan,nan,0.32
11/6/2025 5:45:14,1.17.2,Bandit100,16,4.00,nan,20,0,100,Right,Right,419,411,563,3,nan,nan,0.26
11/6/2025 5:45:14,1.17.2,Bandit100,16,4.00,1,20,0,100,Pellet,Right,419,411,564,3,0.06,1238,nan
11/6/2025 5:46:03,1.17.2,Bandit100,16,4.00,nan,20,0,100,Left,Right,420,411,564,4,nan,nan,0.18
11/6/2025 5:46:04,1.17.2,Bandit100,16,4.00,nan,20,0,100,LeftinTimeOut,Right,420,411,564,4,nan,nan,nan
11/6/2025 5:46:05,1.17.2,Bandit100,16,4.00,nan,20,0,100,LeftinTimeOut,Right,420,411,564,4,nan,nan,nan
11/6/2025 5:50:16,1.17.2,Bandit100,16,4.00,nan,20,0,100,Right,Right,420,412,564,4,nan,nan,0.08
11/6/2025 5:50:18,1.17.2,Bandit100,16,4.00,nan,20,0,100,RightWithPellet,Right,420,413,564,4,nan,nan,0.13
11/6/2025 5:51:40,1.17.2,Bandit100,16,4.00,1,20,0,100,Pellet,Right,420,413,565,4,Timed_out,386,nan
11/6/2025 8:21:30,1.17.2,Bandit100,16,4.00,nan,20,0,100,Right,Right,420,414,565,5,nan,nan,0.09
11/6/2025 8:21:32,1.17.2,Bandit100,16,4.00,1,20,0,100,Pellet,Right,420,414,566,5,1.19,8992,nan
11/6/2025 8:22:14,1.17.2,Bandit100,16,4.00,nan,20,0,100,Right,Right,420,415,566,6,nan,nan,0.16
11/6/2025 8:22:16,1.17.2,Bandit100,16,4.00,1,20,0,100,Pellet,Right,420,415,567,6,0.77,44,nan
11/6/2025 8:26:26,1.17.2,Bandit100,16,4.00,nan,20,0,100,Right,Right,420,416,567,7,nan,nan,0.23
11/6/2025 8:26:57,1.17.2,Bandit100,16,4.00,1,20,0,100,Pellet,Right,420,416,568,7,30.28,281,nan
11/6/2025 8:40:25,1.17.2,Bandit100,16,4.00,nan,20,0,100,Left,Right,421,416,568,8,nan,nan,0.33
11/6/2025 8:49:40,1.17.2,Bandit100,16,4.00,nan,20,0,100,Right,Right,421,417,568,8,nan,nan,0.09
11/6/2025 8:49:42,1.17.2,Bandit100,16,4.00,1,20,0,100,Pellet,Right,421,417,569,8,1.19,1365,nan
11/6/2025 8:59:15,1.17.2,Bandit100,16,4.00,nan,20,0,100,Right,Right,421,418,569,9,nan,nan,0.03
11/6/2025 8:59:19,1.17.2,Bandit100,16,4.00,1,20,0,100,Pellet,Right,421,418,570,9,3.11,577,nan
11/6/2025 11:20:38,1.17.2,Bandit100,16,4.00,nan,20,0,100,Left,Right,422,418,570,10,nan,nan,0.10
11/6/2025 11:20:39,1.17.2,Bandit100,16,4.00,nan,20,0,100,RightinTimeout,Right,422,418,570,10,nan,nan,0.00
11/6/2025 11:20:39,1.17.2,Bandit100,16,4.00,nan,20,0,100,RightinTimeout,Right,422,418,570,10,nan,nan,0.00
11/6/2025 11:21:06,1.17.2,Bandit100,16,4.00,nan,20,0,100,Right,Right,422,419,570,10,nan,nan,0.10
11/6/2025 11:21:08,1.17.2,Bandit100,16,4.00,1,20,0,100,Pellet,Right,422,419,571,10,0.65,8509,nan
11/6/2025 12:49:30,1.17.2,Bandit100,16,4.00,nan,20,0,100,Right,Right,422,420,571,11,nan,nan,0.08
11/6/2025 12:49:30,1.17.2,Bandit100,16,4.00,nan,20,0,100,RightDuringDispense,Right,422,420,571,11,nan,nan,0.11
11/6/2025 12:49:31,1.17.2,Bandit100,16,4.00,nan,20,0,100,RightDuringDispense,Right,422,420,571,11,nan,nan,0.11
11/6/2025 12:49:34,1.17.2,Bandit100,16,4.00,2,20,0,100,Pellet,Right,422,420,572,11,0.12,5306,nan
11/6/2025 12:49:37,1.17.2,Bandit100,16,4.00,nan,20,0,100,Right,Right,422,421,572,12,nan,nan,0.06
11/6/2025 12:49:38,1.17.2,Bandit100,16,4.00,2,20,0,100,Pellet,Right,422,421,573,12,0.06,4,nan
11/6/2025 12:51:02,1.17.2,Bandit100,16,3.99,nan,20,0,100,Left,Right,423,421,573,13,nan,nan,0.03
11/6/2025 15:00:36,1.17.2,Bandit100,16,4.00,nan,20,0,100,Right,Right,423,422,573,13,nan,nan,1.01
11/6/2025 15:00:37,1.17.2,Bandit100,16,3.99,1,20,0,100,Pellet,Right,423,422,574,13,0.41,7859,nan
11/6/2025 15:00:53,1.17.2,Bandit100,16,4.00,nan,20,0,100,Right,Right,423,423,574,14,nan,nan,0.07
11/6/2025 15:00:54,1.17.2,Bandit100,16,4.00,1,20,0,100,Pellet,Right,423,423,575,14,0.35,17,nan
11/6/2025 15:01:07,1.17.2,Bandit100,16,4.00,nan,20,0,100,Right,Right,423,424,575,15,nan,nan,0.13
11/6/2025 15:01:10,1.17.2,Bandit100,16,3.99,1,20,0,100,Pellet,Right,423,424,576,15,2.87,16,nan
11/6/2025 15:01:39,1.17.2,Bandit100,16,4.00,nan,20,0,100,Right,Right,423,425,576,16,nan,nan,0.45
11/6/2025 15:01:40,1.17.2,Bandit100,16,3.99,1,20,0,100,Pellet,Right,423,425,577,16,0.41,30,nan
11/6/2025 15:01:50,1.17.2,Bandit100,16,3.99,nan,20,0,100,Right,Right,423,426,577,17,nan,nan,0.20
11/6/2025 15:01:52,1.17.2,Bandit100,16,3.99,1,20,0,100,Pellet,Right,423,426,578,17,0.65,12,nan
11/6/2025 15:02:50,1.17.2,Bandit100,16,3.99,nan,20,0,100,Right,Right,423,427,578,18,nan,nan,0.03
11/6/2025 15:02:53,1.17.2,Bandit100,16,4.00,1,20,0,100,Pellet,Right,423,427,579,18,1.55,61,nan
11/6/2025 15:17:15,1.17.2,Bandit100,16,3.98,nan,20,0,100,Left,Right,424,427,579,19,nan,nan,0.12
